# method surf_flowmatch_magnetic_DS
# columns: time_sec px py pz qx qy qz qw real_fx real_fy real_fz desired_fx desired_fy desired_fz
1776608192.574248552 0.574755430 0.308819115 0.188392371 -0.009899142 0.998804867 0.037890926 0.029242499 1.561960936 -1.895560265 -9.528150558 0.000000000 0.000000000 0.000000000
1776608192.578353882 0.574755311 0.308819145 0.188392311 -0.009899097 0.998804867 0.037890926 0.029242394 1.561795354 -1.895223498 -9.527420998 0.000000000 0.000000000 -10.000000000
1776608192.582646370 0.574755311 0.308819145 0.188392311 -0.009899097 0.998804867 0.037890926 0.029242394 1.561624169 -1.894880295 -9.526695251 0.000000000 0.000000000 -10.000000000
1776608192.587640524 0.574755371 0.308819145 0.188392311 -0.009899067 0.998804867 0.037890941 0.029242422 1.561447263 -1.894531727 -9.525972366 0.000000000 0.000000000 -10.000000000
1776608192.592568636 0.574755371 0.308819205 0.188392431 -0.009898941 0.998804867 0.037891060 0.029242458 1.561264396 -1.894179106 -9.525253296 0.000000000 0.000000000 -10.000000000
1776608192.597403049 0.574755490 0.308819085 0.188392401 -0.009898916 0.998804867 0.037890982 0.029242503 1.561075568 -1.893823504 -9.524538040 0.000000000 0.000000000 -10.000000000
1776608192.602610826 0.574755430 0.308819145 0.188392401 -0.009898975 0.998804867 0.037890982 0.029242501 1.560880780 -1.893466592 -9.523827553 0.000000000 0.000000000 -10.000000000
1776608192.607355118 0.574728668 0.308836341 0.188387007 -0.009910547 0.998805106 0.037902951 0.029214373 1.560679317 -1.893110514 -9.523121834 0.000000000 0.000000000 -10.000000000
1776608192.612557650 0.574700654 0.308879405 0.188388556 -0.009910257 0.998804390 0.037941877 0.029188674 1.560468554 -1.892760992 -9.522426605 0.000000000 0.000000000 -10.000000000
1776608192.617395878 0.574671745 0.308929473 0.188389599 -0.009889980 0.998803318 0.038002189 0.029154144 1.560241103 -1.892431498 -9.521749496 0.000000000 0.000000000 -10.000000000
1776608192.623619080 0.574543595 0.309168518 0.188400477 -0.009761729 0.998797596 0.038309596 0.028990824 1.559981823 -1.892150164 -9.521100044 0.000000000 0.000000000 -10.000000000
1776608192.627460957 0.574445665 0.309350163 0.188409358 -0.009655450 0.998793125 0.038548943 0.028862556 1.559665084 -1.891965866 -9.520492554 0.000000000 0.000000000 -10.000000000
1776608192.632478237 0.574445665 0.309350163 0.188409358 -0.009655450 0.998793125 0.038548943 0.028862556 1.559253335 -1.891955256 -9.519944191 0.000000000 0.000000000 -10.000000000
1776608192.637792587 0.574329257 0.309567034 0.188419551 -0.009527015 0.998787642 0.038835563 0.028709643 1.558696747 -1.892227650 -9.519474030 0.000000000 0.000000000 -10.000000000
1776608192.642692327 0.574062109 0.310062766 0.188443571 -0.009223275 0.998774707 0.039498050 0.028354269 1.557931900 -1.892930865 -9.519109726 0.000000000 0.000000000 -10.000000000
1776608192.647694588 0.573915184 0.310336411 0.188457400 -0.009051162 0.998767197 0.039866928 0.028156785 1.556882739 -1.894251943 -9.518884659 0.000000000 0.000000000 -10.000000000
1776608192.652553558 0.573915184 0.310336411 0.188457400 -0.009051162 0.998767197 0.039866928 0.028156785 1.555460811 -1.896416664 -9.518838882 0.000000000 0.000000000 -10.000000000
1776608192.657667160 0.573761880 0.310627580 0.188472718 -0.008870635 0.998758912 0.040257871 0.027951172 1.553566933 -1.899685144 -9.519021034 0.000000000 0.000000000 -10.000000000
1776608192.662429094 0.573602676 0.310930312 0.188490063 -0.008686335 0.998750091 0.040661700 0.027738517 1.551092744 -1.904346466 -9.519489288 0.000000000 0.000000000 -10.000000000
1776608192.667659521 0.573451161 0.311241984 0.188512444 -0.008500163 0.998740375 0.041075952 0.027535208 1.547921538 -1.910713196 -9.520310402 0.000000000 0.000000000 -10.000000000
1776608192.672440767 0.573133826 0.311873704 0.188555479 -0.008132206 0.998720407 0.041907661 0.027113143 1.543930411 -1.919113755 -9.521560669 0.000000000 0.000000000 -10.000000000
1776608192.677655458 0.572979212 0.312189877 0.188580990 -0.007953234 0.998710036 0.042320140 0.026908150 1.538992286 -1.929885983 -9.523323059 0.000000000 0.000000000 -10.000000000
1776608192.682365417 0.572829008 0.312507629 0.188608259 -0.007777045 0.998699248 0.042732198 0.026708476 1.532979131 -1.943370223 -9.525691986 0.000000000 0.000000000 -10.000000000
1776608192.687669277 0.572688460 0.312822759 0.188639343 -0.007604131 0.998687983 0.043140449 0.026520809 1.525766015 -1.959901929 -9.528768539 0.000000000 0.000000000 -10.000000000
1776608192.692673922 0.572569191 0.313139021 0.188675851 -0.007434802 0.998675823 0.043549053 0.026358472 1.517233968 -1.979804754 -9.532663345 0.000000000 0.000000000 -10.000000000
1776608192.697621346 0.572569191 0.313139021 0.188675851 -0.007434802 0.998675823 0.043549053 0.026358472 1.507273793 -2.003381729 -9.537489891 0.000000000 0.000000000 -10.000000000
1776608192.702581167 0.572398305 0.313798666 0.188768953 -0.007101506 0.998647451 0.044394817 0.026114494 1.495789170 -2.030908585 -9.543361664 0.000000000 0.000000000 -10.000000000
1776608192.707724571 0.572398067 0.314160287 0.188851923 -0.006939082 0.998628855 0.044851284 0.026089137 1.482702255 -2.062630177 -9.550387383 0.000000000 0.000000000 -10.000000000
1776608192.712393284 0.572387397 0.314519405 0.188931763 -0.006779373 0.998610675 0.045301203 0.026050296 1.467960238 -2.098758221 -9.558663368 0.000000000 0.000000000 -10.000000000
1776608192.717814684 0.572387397 0.314519405 0.188931763 -0.006779373 0.998610675 0.045301203 0.026050296 1.451539636 -2.139471769 -9.568273544 0.000000000 0.000000000 -10.000000000
1776608192.722368240 0.572450578 0.315275639 0.189127117 -0.006460315 0.998569071 0.046243623 0.026068598 1.433447957 -2.184914827 -9.579286575 0.000000000 0.000000000 -10.000000000
1776608192.727664948 0.572450578 0.315275639 0.189127117 -0.006460315 0.998569071 0.046243623 0.026068598 1.413723350 -2.235196114 -9.591752052 0.000000000 0.000000000 -10.000000000
1776608192.732420683 0.572618544 0.316121191 0.189384997 -0.006156013 0.998519301 0.047267310 0.026212335 1.392434239 -2.290388346 -9.605698586 0.000000000 0.000000000 -10.000000000
1776608192.737642288 0.572618544 0.316121191 0.189384997 -0.006156013 0.998519301 0.047267310 0.026212335 1.369676352 -2.350526333 -9.621133804 0.000000000 0.000000000 -10.000000000
1776608192.742732048 0.572787762 0.317055285 0.189696461 -0.005850428 0.998464346 0.048373491 0.026357967 1.345569849 -2.415605783 -9.638042450 0.000000000 0.000000000 -10.000000000
1776608192.747669458 0.572787762 0.317055285 0.189696461 -0.005850428 0.998464346 0.048373491 0.026357967 1.320254922 -2.485580206 -9.656383514 0.000000000 0.000000000 -10.000000000
1776608192.752492189 0.572888196 0.317577690 0.189885139 -0.005700062 0.998433352 0.048977554 0.026449641 1.293889523 -2.560359716 -9.676088333 0.000000000 0.000000000 -10.000000000
1776608192.757705927 0.572983265 0.318147510 0.190089941 -0.005547738 0.998399913 0.049626283 0.026534773 1.266644955 -2.639812231 -9.697052956 0.000000000 0.000000000 -10.000000000
1776608192.762413263 0.573065758 0.318750918 0.190296918 -0.005405844 0.998364985 0.050299194 0.026610062 1.238701344 -2.723764658 -9.719141960 0.000000000 0.000000000 -10.000000000
1776608192.767661810 0.573132515 0.319378257 0.190509856 -0.005274240 0.998329163 0.050986581 0.026671631 1.210242629 -2.812004805 -9.742186546 0.000000000 0.000000000 -10.000000000
1776608192.772684336 0.573241889 0.320770681 0.190963149 -0.005039370 0.998250544 0.052468460 0.026785599 1.181449413 -2.904282093 -9.765986443 0.000000000 0.000000000 -10.000000000
1776608192.777770281 0.573241889 0.320770681 0.190963149 -0.005039370 0.998250544 0.052468460 0.026785599 1.152494788 -3.000310421 -9.790307999 0.000000000 0.000000000 -10.000000000
1776608192.782981634 0.573265851 0.322346330 0.191441178 -0.004868168 0.998164356 0.054069102 0.026846306 1.123539686 -3.099770308 -9.814891815 0.000000000 0.000000000 -10.000000000
1776608192.787676811 0.573250055 0.323174983 0.191684961 -0.004801102 0.998119414 0.054892763 0.026858075 1.094727993 -3.202311754 -9.839451790 0.000000000 0.000000000 -10.000000000
1776608192.792788506 0.573250055 0.323174983 0.191684961 -0.004801102 0.998119414 0.054892763 0.026858075 1.066182494 -3.307555676 -9.863683701 0.000000000 0.000000000 -10.000000000
1776608192.799049139 0.573185444 0.324953794 0.192201376 -0.004710223 0.998022735 0.056622300 0.026876787 1.038001895 -3.415096521 -9.887266159 0.000000000 0.000000000 -10.000000000
1776608192.802750826 0.573096275 0.325831026 0.192445785 -0.004694183 0.997977018 0.057445589 0.026829258 1.010259628 -3.524505615 -9.909868240 0.000000000 0.000000000 -10.000000000
1776608192.807686806 0.573096275 0.325831026 0.192445785 -0.004694183 0.997977018 0.057445589 0.026829258 0.983002543 -3.635332346 -9.931155205 0.000000000 0.000000000 -10.000000000
1776608192.812783241 0.572864592 0.327591419 0.192938566 -0.004755620 0.997888029 0.059020329 0.026710682 0.956249356 -3.747103214 -9.950795174 0.000000000 0.000000000 -10.000000000
1776608192.817727089 0.572729826 0.328484863 0.193195641 -0.004836183 0.997844100 0.059779719 0.026649112 0.929991126 -3.859322309 -9.968463898 0.000000000 0.000000000 -10.000000000
1776608192.822643280 0.572552443 0.329366773 0.193446487 -0.004941418 0.997802675 0.060504083 0.026546191 0.904192030 -3.971475124 -9.983854294 0.000000000 0.000000000 -10.000000000
1776608192.827654123 0.572319806 0.330274016 0.193688393 -0.005072298 0.997761846 0.061226979 0.026396772 0.878791749 -4.083034515 -9.996678352 0.000000000 0.000000000 -10.000000000
1776608192.832760096 0.572063565 0.331162632 0.193921238 -0.005209231 0.997722805 0.061923891 0.026219236 0.853706896 -4.193467617 -10.006678581 0.000000000 0.000000000 -10.000000000
1776608192.837722778 0.571766794 0.332055360 0.194142699 -0.005348647 0.997684598 0.062618107 0.025996966 0.828831971 -4.302246094 -10.013626099 0.000000000 0.000000000 -10.000000000
1776608192.842706442 0.571766794 0.332055360 0.194142699 -0.005348647 0.997684598 0.062618107 0.025996966 0.804039896 -4.408849716 -10.017334938 0.000000000 0.000000000 -10.000000000
1776608192.847613335 0.571113050 0.333840817 0.194561571 -0.005629101 0.997609675 0.063990809 0.025463270 0.779183090 -4.512773037 -10.017658234 0.000000000 0.000000000 -10.000000000
1776608192.853726625 0.571113050 0.333840817 0.194561571 -0.005629101 0.997609675 0.063990809 0.025463270 0.754095972 -4.613526821 -10.014496803 0.000000000 0.000000000 -10.000000000
1776608192.857399464 0.570188761 0.335546225 0.194875628 -0.005929628 0.997550726 0.065221176 0.024567356 0.728597343 -4.710638046 -10.007798195 0.000000000 0.000000000 -10.000000000
1776608192.862495422 0.570188761 0.335546225 0.194875628 -0.005929628 0.997550726 0.065221176 0.024567356 0.702492714 -4.803654671 -9.997560501 0.000000000 0.000000000 -10.000000000
1776608192.867467642 0.569706619 0.336377144 0.195046276 -0.006083268 0.997523367 0.065804087 0.024081925 0.675578952 -4.892146587 -9.983839035 0.000000000 0.000000000 -10.000000000
1776608192.872415304 0.569204092 0.337183058 0.195225596 -0.006236165 0.997498214 0.066357739 0.023559317 0.647649169 -4.975712299 -9.966740608 0.000000000 0.000000000 -10.000000000
1776608192.877473116 0.568653941 0.337935805 0.195380211 -0.006389217 0.997478306 0.066850260 0.022962423 0.618497908 -5.053981781 -9.946427345 0.000000000 0.000000000 -10.000000000
1776608192.882346153 0.567462862 0.339371264 0.195620596 -0.006696592 0.997446358 0.067737989 0.021621434 0.587926626 -5.126617908 -9.923112869 0.000000000 0.000000000 -10.000000000
1776608192.887426853 0.567462862 0.339371264 0.195620596 -0.006696592 0.997446358 0.067737989 0.021621434 0.555751145 -5.193322182 -9.897058487 0.000000000 0.000000000 -10.000000000
1776608192.892371178 0.566848934 0.340061843 0.195720613 -0.006860826 0.997433126 0.068136431 0.020915497 0.521810830 -5.253834248 -9.868574142 0.000000000 0.000000000 -10.000000000
1776608192.897427320 0.566213548 0.340712667 0.195804536 -0.007019237 0.997422695 0.068495646 0.020174030 0.485976338 -5.307935238 -9.838016510 0.000000000 0.000000000 -10.000000000
1776608192.902601719 0.565598190 0.341307104 0.195881724 -0.007154697 0.997414172 0.068818465 0.019435929 0.448155612 -5.355450630 -9.805783272 0.000000000 0.000000000 -10.000000000
1776608192.907370090 0.565027416 0.341838002 0.195966899 -0.007255398 0.997407019 0.069109924 0.018719539 0.408298552 -5.396248341 -9.772313118 0.000000000 0.000000000 -10.000000000
1776608192.912672043 0.564012825 0.342854083 0.196109533 -0.007385048 0.997389317 0.069702238 0.017368574 0.366400838 -5.430241585 -9.738072395 0.000000000 0.000000000 -10.000000000
1776608192.917495251 0.563540936 0.343293846 0.196156472 -0.007421249 0.997383177 0.069949128 0.016697999 0.322505504 -5.457386494 -9.703558922 0.000000000 0.000000000 -10.000000000
1776608192.922673464 0.563540936 0.343293846 0.196156472 -0.007421249 0.997383177 0.069949128 0.016697999 0.276702821 -5.477680683 -9.669285774 0.000000000 0.000000000 -10.000000000
1776608192.927679777 0.563135862 0.343697220 0.196209133 -0.007437702 0.997377038 0.070177786 0.016088510 0.229128808 -5.491164207 -9.635780334 0.000000000 0.000000000 -10.000000000
1776608192.932683468 0.562784791 0.344051600 0.196253538 -0.007419403 0.997371256 0.070388831 0.015520700 0.179962650 -5.497916222 -9.603574753 0.000000000 0.000000000 -10.000000000
1776608192.937608719 0.562500536 0.344357550 0.196302682 -0.007368319 0.997365713 0.070584439 0.015005368 0.129423276 -5.498052597 -9.573198318 0.000000000 0.000000000 -10.000000000
1776608192.942692757 0.562124312 0.344822586 0.196355551 -0.007159989 0.997355938 0.070929132 0.014105183 0.077764936 -5.491720200 -9.545165062 0.000000000 0.000000000 -10.000000000
1776608192.947781801 0.562026143 0.344979465 0.196370184 -0.006996242 0.997351527 0.071083002 0.013717565 0.025273159 -5.479094982 -9.519962311 0.000000000 0.000000000 -10.000000000
1776608192.952792168 0.561979353 0.345091701 0.196375936 -0.006793295 0.997347355 0.071228594 0.013364525 -0.027739156 -5.460372448 -9.498038292 0.000000000 0.000000000 -10.000000000
1776608192.957809687 0.561979353 0.345091701 0.196375936 -0.006793295 0.997347355 0.071228594 0.013364525 -0.080935828 -5.435763836 -9.479796410 0.000000000 0.000000000 -10.000000000
1776608192.962812185 0.562031806 0.345210671 0.196354419 -0.006288481 0.997338891 0.071502857 0.012762478 -0.133961737 -5.405488968 -9.465585709 0.000000000 0.000000000 -10.000000000
1776608192.967676878 0.562077582 0.345204294 0.196315527 -0.005994850 0.997337461 0.071603000 0.012450215 -0.186447024 -5.369771481 -9.455700874 0.000000000 0.000000000 -10.000000000
1776608192.972597837 0.562138021 0.345144629 0.196259350 -0.005668017 0.997338414 0.071671590 0.012132628 -0.238011137 -5.328835011 -9.450376511 0.000000000 0.000000000 -10.000000000
1776608192.977535486 0.562138021 0.345144629 0.196259350 -0.005668017 0.997338414 0.071671590 0.012132628 -0.288267553 -5.282904625 -9.449787140 0.000000000 0.000000000 -10.000000000
1776608192.982559443 0.562375247 0.344886124 0.196135849 -0.004904244 0.997343183 0.071755990 0.011561178 -0.336828619 -5.232199192 -9.454047203 0.000000000 0.000000000 -10.000000000
1776608192.987443924 0.562375247 0.344886124 0.196135849 -0.004904244 0.997343183 0.071755990 0.011561178 -0.383309603 -5.176930904 -9.463211060 0.000000000 0.000000000 -10.000000000
1776608192.993767738 0.562532067 0.344717979 0.196062028 -0.004457957 0.997344613 0.071810305 0.011277802 -0.427332193 -5.117297173 -9.477269173 0.000000000 0.000000000 -10.000000000
1776608192.997773409 0.562715948 0.344525337 0.195979297 -0.003968959 0.997345030 0.071876064 0.010996037 -0.468527585 -5.053474903 -9.496150970 0.000000000 0.000000000 -10.000000000
1776608193.002852917 0.562923074 0.344298095 0.195873052 -0.003431550 0.997344971 0.071948469 0.010709336 -0.506539583 -4.985618591 -9.519731522 0.000000000 0.000000000 -10.000000000
1776608193.007698059 0.563145220 0.344038725 0.195757061 -0.002855096 0.997344732 0.072020881 0.010406372 -0.541027188 -4.913856030 -9.547829628 0.000000000 0.000000000 -10.000000000
1776608193.012729883 0.563645124 0.343469560 0.195542991 -0.001594674 0.997339725 0.072215319 0.009794228 -0.571667433 -4.838284969 -9.580219269 0.000000000 0.000000000 -10.000000000
1776608193.017364740 0.563878894 0.343197346 0.195442915 -0.000942529 0.997334242 0.072348043 0.009451925 -0.598157704 -4.758972168 -9.616629601 0.000000000 0.000000000 -10.000000000
1776608193.022441387 0.564131379 0.342943877 0.195357978 -0.000277635 0.997325599 0.072513983 0.009125547 -0.620218575 -4.675955772 -9.656752586 0.000000000 0.000000000 -10.000000000
1776608193.027702093 0.564131379 0.342943877 0.195357978 -0.000277635 0.997325599 0.072513983 0.009125547 -0.637595773 -4.589246750 -9.700251579 0.000000000 0.000000000 -10.000000000
1776608193.032359838 0.564650416 0.342332363 0.195145607 0.001143717 0.997309089 0.072816513 0.008426797 -0.650061071 -4.498834133 -9.746763229 0.000000000 0.000000000 -10.000000000
1776608193.037357569 0.564650416 0.342332363 0.195145607 0.001143717 0.997309089 0.072816513 0.008426797 -0.657413900 -4.404691219 -9.795908928 0.000000000 0.000000000 -10.000000000
1776608193.043028355 0.564947605 0.341957659 0.195041478 0.001925411 0.997300088 0.072963305 0.008072961 -0.659482896 -4.306776047 -9.847293854 0.000000000 0.000000000 -10.000000000
1776608193.047415495 0.565586627 0.341133714 0.194823951 0.003566802 0.997278810 0.073267885 0.007351423 -0.656126857 -4.205038071 -9.900521278 0.000000000 0.000000000 -10.000000000
1776608193.052561998 0.565586627 0.341133714 0.194823951 0.003566802 0.997278810 0.073267885 0.007351423 -0.647235572 -4.099420071 -9.955191612 0.000000000 0.000000000 -10.000000000
1776608193.057670832 0.565952957 0.340707183 0.194749624 0.004374576 0.997265339 0.073438317 0.007034426 -0.632729292 -3.989864349 -10.010912895 0.000000000 0.000000000 -10.000000000
1776608193.062356710 0.566717923 0.339761108 0.194599062 0.005771517 0.997240484 0.073735714 0.006416539 -0.612558544 -3.876319885 -10.067298889 0.000000000 0.000000000 -10.000000000
1776608193.067755938 0.566717923 0.339761108 0.194599062 0.005771517 0.997240484 0.073735714 0.006416539 -0.586703956 -3.758744955 -10.123971939 0.000000000 0.000000000 -10.000000000
1776608193.072411060 0.567467868 0.338837922 0.194474429 0.006611682 0.997216165 0.074042164 0.005822869 -0.555177033 -3.637114525 -10.180562973 0.000000000 0.000000000 -10.000000000
1776608193.077630997 0.567843974 0.338370115 0.194407046 0.006865754 0.997204900 0.074193358 0.005528609 -0.518021703 -3.511424065 -10.236711502 0.000000000 0.000000000 -10.000000000
1776608193.083281755 0.567843974 0.338370115 0.194407046 0.006865754 0.997204900 0.074193358 0.005528609 -0.475317001 -3.381694555 -10.292060852 0.000000000 0.000000000 -10.000000000
1776608193.087605000 0.568639636 0.337321907 0.194280088 0.007183414 0.997187614 0.074435063 0.004972582 -0.427179486 -3.247976303 -10.346263885 0.000000000 0.000000000 -10.000000000
1776608193.092567682 0.568639636 0.337321907 0.194280088 0.007183414 0.997187614 0.074435063 0.004972582 -0.373765260 -3.110351801 -10.398975372 0.000000000 0.000000000 -10.000000000
1776608193.097656965 0.569476008 0.336144030 0.194172233 0.007446528 0.997173488 0.074634314 0.004397704 -0.315270990 -2.968936920 -10.449850082 0.000000000 0.000000000 -10.000000000
1776608193.102489710 0.569917262 0.335538864 0.194136798 0.007606816 0.997165143 0.074744813 0.004125844 -0.251933813 -2.823881626 -10.498546600 0.000000000 0.000000000 -10.000000000
1776608193.107631683 0.569917262 0.335538864 0.194136798 0.007606816 0.997165143 0.074744813 0.004125844 -0.184030145 -2.675369263 -10.544716835 0.000000000 0.000000000 -10.000000000
1776608193.112421989 0.570343196 0.334926367 0.194107682 0.007789407 0.997156978 0.074850731 0.003831144 -0.111873090 -2.523619890 -10.588014603 0.000000000 0.000000000 -10.000000000
1776608193.117660999 0.570765615 0.334321350 0.194085538 0.008000162 0.997147918 0.074963577 0.003533049 -0.035808798 -2.368888855 -10.628087044 0.000000000 0.000000000 -10.000000000
1776608193.124899149 0.571560562 0.333187431 0.194036514 0.008465207 0.997125924 0.075232215 0.002898659 0.043787494 -2.211467028 -10.664580345 0.000000000 0.000000000 -10.000000000
1776608193.127602816 0.571930349 0.332659215 0.194022596 0.008725651 0.997112811 0.075387970 0.002559279 0.126514480 -2.051676750 -10.697134018 0.000000000 0.000000000 -10.000000000
1776608193.132655859 0.572292328 0.332131803 0.193996459 0.009022389 0.997098148 0.075558342 0.002207396 0.211947113 -1.889869213 -10.725387573 0.000000000 0.000000000 -10.000000000
1776608193.137761593 0.572643280 0.331576347 0.193967074 0.009365254 0.997083843 0.075714946 0.001831673 0.299639523 -1.726421475 -10.748974800 0.000000000 0.000000000 -10.000000000
1776608193.142736197 0.572643280 0.331576347 0.193967074 0.009365254 0.997083843 0.075714946 0.001831673 0.389129043 -1.561733484 -10.767529488 0.000000000 0.000000000 -10.000000000
1776608193.147758722 0.573409081 0.330438346 0.193918347 0.010150182 0.997051895 0.076047145 0.001129737 0.479940742 -1.396225572 -10.780684471 0.000000000 0.000000000 -10.000000000
1776608193.152681828 0.573409081 0.330438346 0.193918347 0.010150182 0.997051895 0.076047145 0.001129737 0.571591973 -1.230333567 -10.788077354 0.000000000 0.000000000 -10.000000000
1776608193.157688856 0.573805451 0.329864085 0.193894088 0.010572285 0.997034967 0.076216370 0.000786520 0.663596809 -1.064504385 -10.789356232 0.000000000 0.000000000 -10.000000000
1776608193.162653208 0.574602902 0.328735083 0.193856657 0.011410862 0.997000337 0.076551087 0.000127419 0.755470276 -0.899190545 -10.784175873 0.000000000 0.000000000 -10.000000000
1776608193.167660475 0.574602902 0.328735083 0.193856657 0.011410862 0.997000337 0.076551087 0.000127419 0.846733868 -0.734845519 -10.772207260 0.000000000 0.000000000 -10.000000000
1776608193.172732592 0.575007737 0.328189731 0.193841696 0.011800417 0.996983230 0.076714911 -0.000175828 0.936922312 -0.571920931 -10.753134727 0.000000000 0.000000000 -10.000000000
1776608193.177678585 0.575434566 0.327653080 0.193835586 0.012158364 0.996966660 0.076872781 -0.000437690 1.025589347 -0.410863161 -10.726660728 0.000000000 0.000000000 -10.000000000
1776608193.182725191 0.575884581 0.327134013 0.193825036 0.012491655 0.996949673 0.077038430 -0.000665782 1.112315059 -0.252110213 -10.692513466 0.000000000 0.000000000 -10.000000000
1776608193.187548399 0.576416552 0.326637387 0.193837643 0.012802172 0.996930897 0.077228852 -0.000784594 1.196713448 -0.096090853 -10.650444031 0.000000000 0.000000000 -10.000000000
1776608193.192706108 0.577029228 0.326118499 0.193843752 0.013129209 0.996912241 0.077414110 -0.000808988 1.278442025 0.056776125 -10.600242615 0.000000000 0.000000000 -10.000000000
1776608193.197370529 0.578311086 0.325033396 0.193803459 0.013743047 0.996879637 0.077727437 -0.000780092 1.357208252 0.206086040 -10.541735649 0.000000000 0.000000000 -10.000000000
1776608193.202682018 0.579102516 0.324489474 0.193818748 0.014025802 0.996863186 0.077889092 -0.000570640 1.432773471 0.351455569 -10.474795341 0.000000000 0.000000000 -10.000000000
1776608193.207433939 0.579921603 0.323935926 0.193814188 0.014278839 0.996849358 0.078021258 -0.000311143 1.504954457 0.492528826 -10.399338722 0.000000000 0.000000000 -10.000000000
1776608193.212682247 0.579921603 0.323935926 0.193814188 0.014278839 0.996849358 0.078021258 -0.000311143 1.573624134 0.628981352 -10.315331459 0.000000000 0.000000000 -10.000000000
1776608193.217491388 0.581661761 0.322773963 0.193836033 0.014681309 0.996832252 0.078165285 0.000388930 1.638708472 0.760524094 -10.222794533 0.000000000 0.000000000 -10.000000000
1776608193.222699165 0.581661761 0.322773963 0.193836033 0.014681309 0.996832252 0.078165285 0.000388930 1.700181365 0.886906803 -10.121803284 0.000000000 0.000000000 -10.000000000
1776608193.227375746 0.582603574 0.322173893 0.193846524 0.014854414 0.996827126 0.078194506 0.000837980 1.758059978 1.007919073 -10.012492180 0.000000000 0.000000000 -10.000000000
1776608193.232381821 0.584478140 0.320959747 0.193847686 0.015184723 0.996820807 0.078195564 0.001761986 1.812399745 1.123388529 -9.895054817 0.000000000 0.000000000 -10.000000000
1776608193.237707138 0.584478140 0.320959747 0.193847686 0.015184723 0.996820807 0.078195564 0.001761986 1.863286018 1.233178735 -9.769743919 0.000000000 0.000000000 -10.000000000
1776608193.242413998 0.586233139 0.319746822 0.193767965 0.015567870 0.996814489 0.078179754 0.002541188 1.910821557 1.337187290 -9.636864662 0.000000000 0.000000000 -10.000000000
1776608193.247367382 0.586233139 0.319746822 0.193767965 0.015567870 0.996814489 0.078179754 0.002541188 1.955111980 1.435343385 -9.496771812 0.000000000 0.000000000 -10.000000000
1776608193.252678633 0.587104976 0.319103241 0.193728983 0.015830746 0.996810734 0.078161739 0.002904568 1.996251106 1.527606964 -9.349869728 0.000000000 0.000000000 -10.000000000
1776608193.257582426 0.587836206 0.318455696 0.193651408 0.016086351 0.996809483 0.078118175 0.003098174 2.034306288 1.613966465 -9.196607590 0.000000000 0.000000000 -10.000000000
1776608193.262660742 0.588495076 0.317854136 0.193588704 0.016360499 0.996804774 0.078117207 0.003201984 2.069305658 1.694437027 -9.037480354 0.000000000 0.000000000 -10.000000000
1776608193.267374992 0.589570522 0.316687077 0.193462908 0.016943643 0.996792316 0.078155562 0.003105636 2.101231098 1.769057035 -8.873023033 0.000000000 0.000000000 -10.000000000
1776608193.272656441 0.589570522 0.316687077 0.193462908 0.016943643 0.996792316 0.078155562 0.003105636 2.130014896 1.837885141 -8.703804970 0.000000000 0.000000000 -10.000000000
1776608193.277634621 0.590164900 0.315609813 0.193265855 0.017557165 0.996775687 0.078257203 0.002417381 2.155539274 1.900997281 -8.530422211 0.000000000 0.000000000 -10.000000000
1776608193.282848835 0.590164900 0.315609813 0.193265855 0.017557165 0.996775687 0.078257203 0.002417381 2.177638769 1.958486199 -8.353489876 0.000000000 0.000000000 -10.000000000
1776608193.287778616 0.590439320 0.314637899 0.192985982 0.018171901 0.996750832 0.078459106 0.001316388 2.196106434 2.010460377 -8.173642159 0.000000000 0.000000000 -10.000000000
1776608193.292840481 0.590474486 0.314184576 0.192819506 0.018488036 0.996735156 0.078592807 0.000634311 2.210702181 2.057042837 -7.991521358 0.000000000 0.000000000 -10.000000000
1776608193.297704697 0.590447605 0.313756973 0.192644298 0.018791141 0.996717930 0.078741856 -0.000118765 2.221164227 2.098370790 -7.807775021 0.000000000 0.000000000 -10.000000000
1776608193.302835703 0.590356886 0.313357562 0.192461669 0.019075345 0.996698558 0.078912780 -0.000941432 2.227224827 2.134594202 -7.623052120 0.000000000 0.000000000 -10.000000000
1776608193.307801008 0.590236902 0.313000977 0.192279696 0.019335747 0.996676087 0.079118632 -0.001790324 2.228621721 2.165874958 -7.438002586 0.000000000 0.000000000 -10.000000000
1776608193.312774897 0.590102136 0.312663704 0.192099333 0.019577177 0.996651769 0.079340711 -0.002650064 2.225112438 2.192386389 -7.253272533 0.000000000 0.000000000 -10.000000000
1776608193.317684174 0.589970589 0.312345892 0.191905379 0.019821202 0.996625125 0.079581127 -0.003508275 2.216481209 2.214312792 -7.069503307 0.000000000 0.000000000 -10.000000000
1776608193.322589397 0.589970589 0.312345892 0.191905379 0.019821202 0.996625125 0.079581127 -0.003508275 2.202548504 2.231848955 -6.887329102 0.000000000 0.000000000 -10.000000000
1776608193.327668905 0.589661121 0.311766058 0.191471994 0.020260381 0.996566951 0.080100648 -0.005266964 2.183176279 2.245200396 -6.707373142 0.000000000 0.000000000 -10.000000000
1776608193.332373857 0.589471281 0.311499298 0.191209197 0.020448426 0.996536255 0.080369465 -0.006173520 2.158273220 2.254582882 -6.530247211 0.000000000 0.000000000 -10.000000000
1776608193.337629557 0.589471281 0.311499298 0.191209197 0.020448426 0.996536255 0.080369465 -0.006173520 2.127796650 2.260221720 -6.356550217 0.000000000 0.000000000 -10.000000000
1776608193.342499018 0.589303851 0.311265886 0.190955609 0.020639371 0.996502638 0.080664933 -0.007050131 2.091754198 2.262353659 -6.186866760 0.000000000 0.000000000 -10.000000000
1776608193.347648382 0.589048147 0.310864925 0.190441251 0.020998504 0.996428013 0.081331559 -0.008684984 2.050204039 2.261223316 -6.021770954 0.000000000 0.000000000 -10.000000000
1776608193.352404594 0.588926733 0.310678929 0.190175682 0.021170394 0.996388793 0.081677303 -0.009486681 2.003256798 2.257082939 -5.861824989 0.000000000 0.000000000 -10.000000000
1776608193.357633114 0.588926733 0.310678929 0.190175682 0.021170394 0.996388793 0.081677303 -0.009486681 1.951076388 2.250191689 -5.707584381 0.000000000 0.000000000 -10.000000000
1776608193.362368584 0.588840187 0.310521752 0.189910829 0.021343928 0.996347427 0.082045265 -0.010237160 1.893878222 2.240815163 -5.559601307 0.000000000 0.000000000 -10.000000000
1776608193.367562056 0.588752449 0.310362995 0.189616650 0.021538274 0.996304333 0.082418956 -0.010993658 1.831923962 2.229228973 -5.418428898 0.000000000 0.000000000 -10.000000000
1776608193.372357845 0.588697195 0.310246140 0.189331740 0.021719612 0.996258497 0.082827486 -0.011700403 1.765516400 2.215715647 -5.284625530 0.000000000 0.000000000 -10.000000000
1776608193.377436876 0.588687718 0.310164124 0.189051241 0.021920057 0.996208668 0.083278477 -0.012350387 1.694995403 2.200564861 -5.158762455 0.000000000 0.000000000 -10.000000000
1776608193.382353783 0.588674426 0.310095400 0.188769192 0.022124154 0.996156514 0.083748400 -0.012997116 1.620735526 2.184069633 -5.041425705 0.000000000 0.000000000 -10.000000000
1776608193.387371540 0.588660479 0.310039014 0.188483179 0.022345927 0.996102214 0.084231988 -0.013637505 1.543141246 2.166524649 -4.933224678 0.000000000 0.000000000 -10.000000000
1776608193.392497540 0.588673294 0.310010225 0.188206613 0.022568308 0.996044874 0.084749542 -0.014241183 1.462638855 2.148223877 -4.834793568 0.000000000 0.000000000 -10.000000000
1776608193.397447348 0.588708699 0.310014844 0.187940001 0.022787651 0.995984972 0.085296467 -0.014804403 1.379669547 2.129457951 -4.746798515 0.000000000 0.000000000 -10.000000000
1776608193.402372837 0.588736296 0.310022652 0.187678277 0.023007957 0.995923877 0.085848369 -0.015371494 1.294681668 2.110513926 -4.669932365 0.000000000 0.000000000 -10.000000000
1776608193.407644033 0.588750482 0.310046434 0.187417299 0.023230715 0.995861232 0.086409487 -0.015941534 1.208124638 2.091671705 -4.604914188 0.000000000 0.000000000 -10.000000000
1776608193.412822485 0.588713288 0.310112953 0.186893791 0.023689726 0.995730281 0.087558225 -0.017135227 1.120443463 2.073205709 -4.552480221 0.000000000 0.000000000 -10.000000000
1776608193.417674541 0.588705361 0.310154915 0.186651051 0.023912078 0.995662987 0.088148028 -0.017700754 1.032073975 2.055382967 -4.513379097 0.000000000 0.000000000 -10.000000000
1776608193.422711372 0.588705361 0.310154915 0.186651051 0.023912078 0.995662987 0.088148028 -0.017700754 0.943438292 2.038461685 -4.488362789 0.000000000 0.000000000 -10.000000000
1776608193.428426743 0.588662446 0.310241133 0.186200440 0.024374267 0.995524824 0.089341521 -0.018824488 0.854939759 2.022691250 -4.478177547 0.000000000 0.000000000 -10.000000000
1776608193.432679415 0.588623941 0.310281396 0.185967445 0.024607396 0.995454431 0.089939058 -0.019389600 0.766955972 2.008311033 -4.483548164 0.000000000 0.000000000 -10.000000000
1776608193.437408447 0.588561714 0.310331911 0.185730845 0.024840433 0.995383024 0.090537108 -0.019964634 0.679832458 1.995553017 -4.505164146 0.000000000 0.000000000 -10.000000000
1776608193.442576170 0.588561714 0.310331911 0.185730845 0.024840433 0.995383024 0.090537108 -0.019964634 0.593877792 1.984644055 -4.543662548 0.000000000 0.000000000 -10.000000000
1776608193.447396994 0.588491738 0.310372800 0.185469449 0.025068397 0.995311141 0.091133974 -0.020541765 0.509360790 1.975807190 -4.599617481 0.000000000 0.000000000 -10.000000000
1776608193.452513218 0.588379443 0.310410738 0.185192406 0.025301376 0.995239437 0.091711372 -0.021148954 0.426508486 1.969260097 -4.673530579 0.000000000 0.000000000 -10.000000000
1776608193.457363844 0.588262498 0.310438901 0.184917390 0.025530968 0.995167494 0.092286311 -0.021749245 0.345504344 1.965212464 -4.765827179 0.000000000 0.000000000 -10.000000000
1776608193.462440252 0.588070571 0.310501128 0.184354395 0.026002923 0.995022058 0.093447119 -0.022859901 0.266486555 1.963862777 -4.876851559 0.000000000 0.000000000 -10.000000000
1776608193.467400074 0.587985098 0.310521960 0.184091210 0.026231527 0.994948804 0.094032250 -0.023381952 0.189547271 1.965393543 -5.006868839 0.000000000 0.000000000 -10.000000000
1776608193.472723246 0.587985098 0.310521960 0.184091210 0.026231527 0.994948804 0.094032250 -0.023381952 0.114732675 1.969967484 -5.156072617 0.000000000 0.000000000 -10.000000000
1776608193.477400303 0.587870479 0.310556740 0.183568388 0.026710963 0.994803011 0.095190875 -0.024335971 0.042044472 1.977722764 -5.324594021 0.000000000 0.000000000 -10.000000000
1776608193.482470274 0.587870479 0.310556740 0.183568388 0.026710963 0.994803011 0.095190875 -0.024335971 -0.028558031 1.988770008 -5.512519360 0.000000000 0.000000000 -10.000000000
1776608193.487414122 0.587846637 0.310554236 0.183335185 0.026950607 0.994730711 0.095766105 -0.024766266 -0.097154476 2.003187180 -5.719901562 0.000000000 0.000000000 -10.000000000
1776608193.492354631 0.587830603 0.310561597 0.183145404 0.027174708 0.994658232 0.096349403 -0.025167018 -0.163858593 2.021015882 -5.946773529 0.000000000 0.000000000 -10.000000000
1776608193.497581005 0.587829471 0.310540378 0.182976156 0.027396899 0.994587541 0.096913867 -0.025547968 -0.228811726 2.042258024 -6.193159580 0.000000000 0.000000000 -10.000000000
1776608193.502429962 0.587860525 0.310506105 0.182716995 0.027838657 0.994446099 0.098049112 -0.026236888 -0.292175442 2.066874504 -6.459079742 0.000000000 0.000000000 -10.000000000
1776608193.507740021 0.587860525 0.310506105 0.182716995 0.027838657 0.994446099 0.098049112 -0.026236888 -0.354124099 2.094787598 -6.744547844 0.000000000 0.000000000 -10.000000000
1776608193.512702227 0.587860525 0.310506105 0.182716995 0.027838657 0.994446099 0.098049112 -0.026236888 -0.414837629 2.125885010 -7.049561501 0.000000000 0.000000000 -10.000000000
1776608193.517499924 0.587975502 0.310471803 0.182624251 0.028466044 0.994229913 0.099816442 -0.027077423 -0.474494010 2.160023451 -7.374086380 0.000000000 0.000000000 -10.000000000
1776608193.522379398 0.587995410 0.310471684 0.182641685 0.028673889 0.994155884 0.100416385 -0.027357012 -0.533262253 2.197033167 -7.718042374 0.000000000 0.000000000 -10.000000000
1776608193.527558804 0.588007748 0.310459495 0.182670712 0.028880531 0.994082153 0.101007931 -0.027641138 -0.591297328 2.236718893 -8.081284523 0.000000000 0.000000000 -10.000000000
1776608193.532713413 0.587998867 0.310438067 0.182717562 0.029078484 0.994008660 0.101589344 -0.027943620 -0.648737550 2.278864861 -8.463582993 0.000000000 0.000000000 -10.000000000
1776608193.537546635 0.587983131 0.310418516 0.182784051 0.029270204 0.993934512 0.102173999 -0.028246939 -0.705705166 2.323236704 -8.864610672 0.000000000 0.000000000 -10.000000000
1776608193.542652845 0.587983131 0.310418516 0.182784051 0.029270204 0.993934512 0.102173999 -0.028246939 -0.762308061 2.369585752 -9.283916473 0.000000000 0.000000000 -10.000000000
1776608193.547393560 0.587988496 0.310355425 0.182967663 0.029677093 0.993787467 0.103328422 -0.028792050 -0.818640530 2.417652845 -9.720914841 0.000000000 0.000000000 -10.000000000
1776608193.552625895 0.587988496 0.310355425 0.182967663 0.029677093 0.993787467 0.103328422 -0.028792050 -0.874786377 2.467171907 -10.174867630 0.000000000 0.000000000 -10.000000000
1776608193.557423353 0.588046372 0.310257077 0.183159024 0.030124146 0.993641078 0.104465351 -0.029273890 -0.930824935 2.517872572 -10.644875526 0.000000000 0.000000000 -10.000000000
1776608193.563606262 0.588046372 0.310257077 0.183159024 0.030124146 0.993641078 0.104465351 -0.029273890 -0.986836612 2.569484234 -11.129871368 0.000000000 0.000000000 -10.000000000
1776608193.567708492 0.588088214 0.310092509 0.183337510 0.030578909 0.993499577 0.105531670 -0.029774847 -1.042904496 2.621735811 -11.628619194 0.000000000 0.000000000 -10.000000000
1776608193.572401762 0.588087618 0.309992611 0.183422744 0.030805472 0.993430555 0.106036797 -0.030049337 -1.099113941 2.674358368 -12.139713287 0.000000000 0.000000000 -10.000000000
1776608193.577613354 0.588087618 0.309992611 0.183422744 0.030805472 0.993430555 0.106036797 -0.030049337 -1.155550361 2.727084637 -12.661583900 0.000000000 0.000000000 -10.000000000
1776608193.582384586 0.588005602 0.309750974 0.183570832 0.031271163 0.993291199 0.107013375 -0.030704819 -1.212296367 2.779652357 -13.192503929 0.000000000 0.000000000 -10.000000000
1776608193.588145256 0.587922454 0.309614480 0.183631480 0.031496044 0.993221939 0.107481308 -0.031080281 -1.269427657 2.831806898 -13.730609894 0.000000000 0.000000000 -10.000000000
1776608193.592708349 0.587922454 0.309614480 0.183631480 0.031496044 0.993221939 0.107481308 -0.031080281 -1.327010989 2.883304834 -14.273915291 0.000000000 0.000000000 -10.000000000
1776608193.597738028 0.587820411 0.309482068 0.183685273 0.031724159 0.993150532 0.107957140 -0.031477347 -1.385102153 2.933919668 -14.820326805 0.000000000 0.000000000 -10.000000000
1776608193.602544546 0.587701678 0.309355140 0.183729142 0.031972889 0.993077517 0.108432978 -0.031890988 -1.443746090 2.983444929 -15.367671967 0.000000000 0.000000000 -10.000000000
1776608193.607625723 0.587472379 0.309114486 0.183799326 0.032470223 0.992925942 0.109426416 -0.032704793 -1.502975941 3.031698227 -15.913712502 0.000000000 0.000000000 -10.000000000
1776608193.612369299 0.587363064 0.308997363 0.183831483 0.032726333 0.992848814 0.109928936 -0.033103138 -1.562811494 3.078521729 -16.456165314 0.000000000 0.000000000 -10.000000000
1776608193.617634058 0.587252796 0.308893859 0.183862537 0.032966826 0.992770135 0.110446930 -0.033498280 -1.623256803 3.123781919 -16.992725372 0.000000000 0.000000000 -10.000000000
1776608193.622466803 0.587252796 0.308893859 0.183862537 0.032966826 0.992770135 0.110446930 -0.033498280 -1.684298158 3.167369127 -17.521081924 0.000000000 0.000000000 -10.000000000
1776608193.627564907 0.587009549 0.308696628 0.183904976 0.033460304 0.992608190 0.111499101 -0.034312546 -1.745901465 3.209194899 -18.038944244 0.000000000 0.000000000 -10.000000000
1776608193.632558584 0.586885393 0.308623284 0.183926016 0.033697486 0.992524087 0.112049662 -0.034717821 -1.808010101 3.249192476 -18.544050217 0.000000000 0.000000000 -10.000000000
1776608193.637345552 0.586773992 0.308546394 0.183943987 0.033937432 0.992439687 0.112601720 -0.035107769 -1.870542765 3.287312984 -19.034198761 0.000000000 0.000000000 -10.000000000
1776608193.642361403 0.586675584 0.308484852 0.183964133 0.034173205 0.992353678 0.113171034 -0.035478096 -1.933394313 3.323526144 -19.507261276 0.000000000 0.000000000 -10.000000000
1776608193.647357702 0.586584210 0.308417380 0.183982551 0.034413241 0.992267430 0.113738790 -0.035840552 -1.996435165 3.357816696 -19.961200714 0.000000000 0.000000000 -10.000000000
1776608193.652465820 0.586584210 0.308417380 0.183982551 0.034413241 0.992267430 0.113738790 -0.035840552 -2.059513330 3.390184402 -20.394092560 0.000000000 0.000000000 -10.000000000
1776608193.657370567 0.586409450 0.308284581 0.184026450 0.034906603 0.992091894 0.114885487 -0.036558211 -2.122455120 3.420639992 -20.804141998 0.000000000 0.000000000 -10.000000000
1776608193.662450552 0.586409450 0.308284581 0.184026450 0.034906603 0.992091894 0.114885487 -0.036558211 -2.185067654 3.449204445 -21.189695358 0.000000000 0.000000000 -10.000000000
1776608193.667407990 0.586345613 0.308212131 0.184066415 0.035156716 0.992003798 0.115460984 -0.036894072 -2.247140646 3.475905657 -21.549255371 0.000000000 0.000000000 -10.000000000
1776608193.672373772 0.586272538 0.308067620 0.184186995 0.035665788 0.991824865 0.116637342 -0.037512053 -2.308449268 3.500777245 -21.881492615 0.000000000 0.000000000 -10.000000000
1776608193.677366972 0.586272538 0.308067620 0.184186995 0.035665788 0.991824865 0.116637342 -0.037512053 -2.368755102 3.523855925 -22.185249329 0.000000000 0.000000000 -10.000000000
1776608193.682366610 0.586237252 0.307997853 0.184258163 0.035920478 0.991734326 0.117226787 -0.037823126 -2.427809954 3.545180559 -22.459545135 0.000000000 0.000000000 -10.000000000
1776608193.687352896 0.586192727 0.307848036 0.184413254 0.036432683 0.991552591 0.118403569 -0.038428485 -2.485356569 3.564792395 -22.703578949 0.000000000 0.000000000 -10.000000000
1776608193.692442656 0.586192727 0.307848036 0.184413254 0.036432683 0.991552591 0.118403569 -0.038428485 -2.541132927 3.582735062 -22.916732788 0.000000000 0.000000000 -10.000000000
1776608193.697457314 0.586133420 0.307692438 0.184574097 0.036940694 0.991366982 0.119586393 -0.039064411 -2.594874620 3.599055052 -23.098562241 0.000000000 0.000000000 -10.000000000
1776608193.702367067 0.586080492 0.307607710 0.184652746 0.037201066 0.991273403 0.120165922 -0.039411571 -2.646319389 3.613800526 -23.248794556 0.000000000 0.000000000 -10.000000000
1776608193.707375288 0.586011469 0.307514548 0.184733212 0.037449203 0.991178632 0.120747149 -0.039781969 -2.695210695 3.627023220 -23.367322922 0.000000000 0.000000000 -10.000000000
1776608193.712375164 0.585927010 0.307422459 0.184811592 0.037709534 0.991082847 0.121322699 -0.040170044 -2.741302729 3.638776779 -23.454196930 0.000000000 0.000000000 -10.000000000
1776608193.717600346 0.585837543 0.307316333 0.184887707 0.037973456 0.990985632 0.121899702 -0.040570054 -2.784364462 3.649118900 -23.509618759 0.000000000 0.000000000 -10.000000000
1776608193.722395420 0.585729003 0.307213366 0.184959322 0.038222663 0.990888298 0.122472182 -0.040987168 -2.824182510 3.658109426 -23.533929825 0.000000000 0.000000000 -10.000000000
1776608193.727705717 0.585729003 0.307213366 0.184959322 0.038222663 0.990888298 0.122472182 -0.040987168 -2.860564232 3.665812016 -23.527599335 0.000000000 0.000000000 -10.000000000
1776608193.732702017 0.585465610 0.306980014 0.185087383 0.038762346 0.990689993 0.123597942 -0.041884892 -2.893339634 3.672292948 -23.491224289 0.000000000 0.000000000 -10.000000000
1776608193.737671614 0.585305512 0.306856781 0.185137033 0.039030831 0.990589440 0.124154933 -0.042363584 -2.922360182 3.677620173 -23.425514221 0.000000000 0.000000000 -10.000000000
1776608193.742744446 0.585124254 0.306739450 0.185182035 0.039297514 0.990486979 0.124715149 -0.042864118 -2.947499275 3.681863308 -23.331279755 0.000000000 0.000000000 -10.000000000
1776608193.747512341 0.584935427 0.306621373 0.185217887 0.039548147 0.990385473 0.125267386 -0.043365974 -2.968650579 3.685092449 -23.209432602 0.000000000 0.000000000 -10.000000000
1776608193.752614021 0.584935427 0.306621373 0.185217887 0.039548147 0.990385473 0.125267386 -0.043365974 -2.985728264 3.687378645 -23.060972214 0.000000000 0.000000000 -10.000000000
1776608193.757624626 0.584733546 0.306504518 0.185244590 0.039814550 0.990282357 0.125817999 -0.043881018 -2.998667002 3.688793182 -22.886976242 0.000000000 0.000000000 -10.000000000
1776608193.762682438 0.584330499 0.306282669 0.185282737 0.040333625 0.990073800 0.126930863 -0.044896256 -3.007420540 3.689409018 -22.688594818 0.000000000 0.000000000 -10.000000000
1776608193.767538548 0.584119618 0.306176960 0.185290337 0.040597826 0.989967763 0.127489746 -0.045408782 -3.011959314 3.689298391 -22.467048645 0.000000000 0.000000000 -10.000000000
1776608193.772676706 0.583904088 0.306069523 0.185293406 0.040861625 0.989861190 0.128047228 -0.045925114 -3.012269020 3.688533545 -22.223613739 0.000000000 0.000000000 -10.000000000
1776608193.777387381 0.583904088 0.306069523 0.185293406 0.040861625 0.989861190 0.128047228 -0.045925114 -3.008348703 3.687185287 -21.959617615 0.000000000 0.000000000 -10.000000000
1776608193.782506466 0.583554208 0.305879265 0.185303390 0.041423637 0.989643812 0.129202679 -0.046859626 -3.000208855 3.685321331 -21.676439285 0.000000000 0.000000000 -10.000000000
1776608193.787440062 0.583554208 0.305879265 0.185303390 0.041423637 0.989643812 0.129202679 -0.046859626 -2.987870216 3.683005333 -21.375494003 0.000000000 0.000000000 -10.000000000
1776608193.792904854 0.583282769 0.305730641 0.185300410 0.042019460 0.989421606 0.130404100 -0.047687043 -2.971362114 3.680296659 -21.058229446 0.000000000 0.000000000 -10.000000000
1776608193.797695398 0.583282769 0.305730641 0.185300410 0.042019460 0.989421606 0.130404100 -0.047687043 -2.950721741 3.677247524 -20.726123810 0.000000000 0.000000000 -10.000000000
1776608193.802459240 0.583133221 0.305645764 0.185289472 0.042646665 0.989194870 0.131669715 -0.048350934 -2.925991058 3.673904419 -20.380668640 0.000000000 0.000000000 -10.000000000
1776608193.807410717 0.583133221 0.305645764 0.185289472 0.042646665 0.989194870 0.131669715 -0.048350934 -2.897218227 3.670306683 -20.023370743 0.000000000 0.000000000 -10.000000000
1776608193.812687159 0.583044112 0.305587292 0.185272723 0.043288533 0.988965392 0.132963434 -0.048931397 -2.864457846 3.666486740 -19.655738831 0.000000000 0.000000000 -10.000000000
1776608193.817403793 0.583051443 0.305560768 0.185266584 0.043636605 0.988849401 0.133625224 -0.049163237 -2.827772379 3.662470341 -19.279281616 0.000000000 0.000000000 -10.000000000
1776608193.822521448 0.583051443 0.305560768 0.185266584 0.043636605 0.988849401 0.133625224 -0.049163237 -2.787233114 3.658275604 -18.895496368 0.000000000 0.000000000 -10.000000000
1776608193.827446938 0.583067536 0.305540144 0.185256273 0.043956574 0.988735318 0.134284854 -0.049374264 -2.742920876 3.653913260 -18.505867004 0.000000000 0.000000000 -10.000000000
1776608193.832407475 0.583157837 0.305468351 0.185235620 0.044666182 0.988505304 0.135601610 -0.049743429 -2.694926977 3.649387121 -18.111862183 0.000000000 0.000000000 -10.000000000
1776608193.837385416 0.583224595 0.305431068 0.185225517 0.045007497 0.988390803 0.136264578 -0.049899522 -2.643353939 3.644695282 -17.714916229 0.000000000 0.000000000 -10.000000000
1776608193.842353582 0.583293080 0.305385083 0.185205519 0.045363683 0.988276601 0.136917397 -0.050051671 -2.588313580 3.639829874 -17.316442490 0.000000000 0.000000000 -10.000000000
1776608193.847560406 0.583293080 0.305385083 0.185205519 0.045363683 0.988276601 0.136917397 -0.050051671 -2.529927969 3.634778976 -16.917810440 0.000000000 0.000000000 -10.000000000
1776608193.852393389 0.583370328 0.305341959 0.185185790 0.045715980 0.988162100 0.137573779 -0.050191142 -2.468326807 3.629528046 -16.520359039 0.000000000 0.000000000 -10.000000000
1776608193.857695580 0.583493471 0.305249602 0.185135782 0.046394866 0.987933934 0.138867244 -0.050497353 -2.403647900 3.624061108 -16.125375748 0.000000000 0.000000000 -10.000000000
1776608193.862439871 0.583503366 0.305201411 0.185104728 0.046723962 0.987818301 0.139501110 -0.050707936 -2.336037636 3.618362665 -15.734106064 0.000000000 0.000000000 -10.000000000
1776608193.867390394 0.583507419 0.305157900 0.185078323 0.047035355 0.987702906 0.140134141 -0.050922211 -2.265653133 3.612419844 -15.347741127 0.000000000 0.000000000 -10.000000000
1776608193.872396708 0.583507776 0.305105865 0.185057878 0.047348354 0.987587273 0.140760750 -0.051145624 -2.192662239 3.606222153 -14.967421532 0.000000000 0.000000000 -10.000000000
1776608193.877341509 0.583491147 0.305052310 0.185036898 0.047636665 0.987472475 0.141380757 -0.051384825 -2.117245436 3.599764585 -14.594225883 0.000000000 0.000000000 -10.000000000
1776608193.882345915 0.583491147 0.305052310 0.185036898 0.047636665 0.987472475 0.141380757 -0.051384825 -2.039595604 3.593046188 -14.229178429 0.000000000 0.000000000 -10.000000000
1776608193.887515545 0.583435953 0.304942787 0.184997737 0.048246458 0.987237334 0.142623216 -0.051897381 -1.959916711 3.586073637 -13.873234749 0.000000000 0.000000000 -10.000000000
1776608193.892377853 0.583435953 0.304942787 0.184997737 0.048246458 0.987237334 0.142623216 -0.051897381 -1.878424525 3.578858852 -13.527290344 0.000000000 0.000000000 -10.000000000
1776608193.897379160 0.583391190 0.304840028 0.184970826 0.048860449 0.986997724 0.143882394 -0.052401923 -1.795344591 3.571420908 -13.192172050 0.000000000 0.000000000 -10.000000000
1776608193.902360678 0.583380342 0.304798514 0.184962153 0.049162216 0.986877561 0.144516870 -0.052637205 -1.710912108 3.563784838 -12.868636131 0.000000000 0.000000000 -10.000000000
1776608193.907394886 0.583381474 0.304764628 0.184961915 0.049476922 0.986755252 0.145161048 -0.052862033 -1.625371575 3.555979967 -12.557371140 0.000000000 0.000000000 -10.000000000
1776608193.912374496 0.583385527 0.304747134 0.184964389 0.049793657 0.986631572 0.145812318 -0.053079844 -1.538974762 3.548039436 -12.258989334 0.000000000 0.000000000 -10.000000000
1776608193.917384148 0.583408177 0.304718256 0.184969783 0.050117489 0.986508131 0.146462172 -0.053279985 -1.451978803 3.539999485 -11.974029541 0.000000000 0.000000000 -10.000000000
1776608193.922478199 0.583408177 0.304718256 0.184969783 0.050117489 0.986508131 0.146462172 -0.053279985 -1.364643693 3.531898737 -11.702953339 0.000000000 0.000000000 -10.000000000
1776608193.927550554 0.583486915 0.304683924 0.184996963 0.050777391 0.986258507 0.147778645 -0.053640850 -1.277229548 3.523776770 -11.446146965 0.000000000 0.000000000 -10.000000000
1776608193.932612181 0.583549678 0.304663897 0.185017109 0.051121984 0.986132801 0.148439914 -0.053797692 -1.189994574 3.515672922 -11.203915596 0.000000000 0.000000000 -10.000000000
1776608193.937380314 0.583615482 0.304635525 0.185037851 0.051473141 0.986008108 0.149089664 -0.053952042 -1.103192091 3.507625580 -10.976487160 0.000000000 0.000000000 -10.000000000
1776608193.942446947 0.583682537 0.304586917 0.185055614 0.051828202 0.985883296 0.149733275 -0.054110069 -1.017067790 3.499671459 -10.764010429 0.000000000 0.000000000 -10.000000000
1776608193.947358608 0.583750367 0.304548025 0.185078561 0.052183755 0.985758364 0.150375307 -0.054264233 -0.931856155 3.491844893 -10.566555977 0.000000000 0.000000000 -10.000000000
1776608193.952655315 0.583823502 0.304497272 0.185101479 0.052547339 0.985633314 0.151012123 -0.054415673 -0.847778201 3.484177589 -10.384115219 0.000000000 0.000000000 -10.000000000
1776608193.957472563 0.583823502 0.304497272 0.185101479 0.052547339 0.985633314 0.151012123 -0.054415673 -0.765038908 3.476696730 -10.216603279 0.000000000 0.000000000 -10.000000000
1776608193.962690353 0.583927810 0.304397285 0.185151696 0.053240821 0.985383391 0.152269915 -0.054762274 -0.683826149 3.469425201 -10.063861847 0.000000000 0.000000000 -10.000000000
1776608193.967379808 0.583971918 0.304345608 0.185179740 0.053595975 0.985257328 0.152892977 -0.054946925 -0.604309261 3.462379932 -9.925657272 0.000000000 0.000000000 -10.000000000
1776608193.972728968 0.583971918 0.304345608 0.185179740 0.053595975 0.985257328 0.152892977 -0.054946925 -0.526638448 3.455572128 -9.801683426 0.000000000 0.000000000 -10.000000000
1776608193.978019238 0.584027648 0.304236889 0.185234100 0.054245841 0.985009015 0.154116407 -0.055341724 -0.450944841 3.449007750 -9.691566467 0.000000000 0.000000000 -10.000000000
1776608193.982349157 0.584027648 0.304236889 0.185234100 0.054245841 0.985009015 0.154116407 -0.055341724 -0.377341181 3.442687511 -9.594867706 0.000000000 0.000000000 -10.000000000
1776608193.987574100 0.584049106 0.304177582 0.185259521 0.054566581 0.984885812 0.154716641 -0.055544425 -0.305922449 3.436608791 -9.511084557 0.000000000 0.000000000 -10.000000000
1776608193.992699146 0.584070742 0.304107308 0.185286343 0.054868057 0.984763861 0.155312255 -0.055747092 -0.236766204 3.430766344 -9.439657211 0.000000000 0.000000000 -10.000000000
1776608193.997395754 0.584107161 0.303956091 0.185339659 0.055495225 0.984519422 0.156484306 -0.056164756 -0.169933170 3.425152302 -9.379974365 0.000000000 0.000000000 -10.000000000
1776608194.002659798 0.584107161 0.303956091 0.185339659 0.055495225 0.984519422 0.156484306 -0.056164756 -0.105467677 3.419760227 -9.331372261 0.000000000 0.000000000 -10.000000000
1776608194.007424355 0.584128141 0.303779155 0.185386479 0.056097910 0.984277546 0.157631442 -0.056595750 -0.043398645 3.414585114 -9.293149948 0.000000000 0.000000000 -10.000000000
1776608194.012665987 0.584128141 0.303779155 0.185386479 0.056097910 0.984277546 0.157631442 -0.056595750 0.016259465 3.409626007 -9.264563560 0.000000000 0.000000000 -10.000000000
1776608194.017546892 0.584162712 0.303598702 0.185443193 0.056681287 0.984036684 0.158773646 -0.057008028 0.073505871 3.404887676 -9.244842529 0.000000000 0.000000000 -10.000000000
1776608194.022657871 0.584179699 0.303508818 0.185473293 0.056992058 0.983914614 0.159342721 -0.057217225 0.128352657 3.400381565 -9.233190536 0.000000000 0.000000000 -10.000000000
1776608194.028467417 0.584179699 0.303508818 0.185473293 0.056992058 0.983914614 0.159342721 -0.057217225 0.180823296 3.396127462 -9.228790283 0.000000000 0.000000000 -10.000000000
1776608194.032657623 0.584167480 0.303417087 0.185491323 0.057279203 0.983795464 0.159890115 -0.057451952 0.230950415 3.392157316 -9.230811119 0.000000000 0.000000000 -10.000000000
1776608194.037625074 0.584148645 0.303184390 0.185498953 0.057836618 0.983568251 0.160922959 -0.057898834 0.278772980 3.388515472 -9.238413811 0.000000000 0.000000000 -10.000000000
1776608194.042362928 0.584150493 0.303053588 0.185505211 0.058099199 0.983460367 0.161413372 -0.058102377 0.324333876 3.385262728 -9.250759125 0.000000000 0.000000000 -10.000000000
1776608194.047630787 0.584150493 0.303053588 0.185505211 0.058099199 0.983460367 0.161413372 -0.058102377 0.367679000 3.382473946 -9.267013550 0.000000000 0.000000000 -10.000000000
1776608194.052421808 0.584133744 0.302767873 0.185495675 0.058647946 0.983248889 0.162348077 -0.058525115 0.408857405 3.380239248 -9.286353111 0.000000000 0.000000000 -10.000000000
1776608194.057777643 0.584133744 0.302767873 0.185495675 0.058647946 0.983248889 0.162348077 -0.058525115 0.447921485 3.378662348 -9.307975769 0.000000000 0.000000000 -10.000000000
1776608194.062577486 0.584112942 0.302417368 0.185450345 0.059191853 0.983051300 0.163195372 -0.058938477 0.484926313 3.377863169 -9.331100464 0.000000000 0.000000000 -10.000000000
1776608194.067420244 0.584112942 0.302417368 0.185450345 0.059191853 0.983051300 0.163195372 -0.058938477 0.519929111 3.377976656 -9.354979515 0.000000000 0.000000000 -10.000000000
1776608194.072380781 0.584112942 0.302417368 0.185450345 0.059191853 0.983051300 0.163195372 -0.058938477 0.552989185 3.379154444 -9.378898621 0.000000000 0.000000000 -10.000000000
1776608194.077643156 0.584106028 0.302240193 0.185427397 0.059452776 0.982956588 0.163599744 -0.059134278 0.584168971 3.381562948 -9.402184486 0.000000000 0.000000000 -10.000000000
1776608194.082504749 0.584053218 0.301656544 0.185319752 0.060219392 0.982687652 0.164712399 -0.059736118 0.613536358 3.385382414 -9.424211502 0.000000000 0.000000000 -10.000000000
1776608194.087576151 0.584053218 0.301656544 0.185319752 0.060219392 0.982687652 0.164712399 -0.059736118 0.641166151 3.390806198 -9.444401741 0.000000000 0.000000000 -10.000000000
1776608194.092621326 0.583962262 0.301205933 0.185185820 0.060677499 0.982533991 0.165306896 -0.060156811 0.667140543 3.398038626 -9.462231636 0.000000000 0.000000000 -10.000000000
1776608194.097384930 0.583930135 0.300962418 0.185114503 0.060911898 0.982462764 0.165574089 -0.060348395 0.691549420 3.407293558 -9.477237701 0.000000000 0.000000000 -10.000000000
1776608194.102663755 0.583883226 0.300707161 0.185033023 0.061127122 0.982396245 0.165815875 -0.060549237 0.714490056 3.418792486 -9.489012718 0.000000000 0.000000000 -10.000000000
1776608194.108379126 0.583821297 0.300414085 0.184935778 0.061318234 0.982338011 0.166012973 -0.060760509 0.736067474 3.432762384 -9.497213364 0.000000000 0.000000000 -10.000000000
1776608194.112738132 0.583821297 0.300414085 0.184935778 0.061318234 0.982338011 0.166012973 -0.060760509 0.756393552 3.449433804 -9.501559258 0.000000000 0.000000000 -10.000000000
1776608194.117522478 0.583571732 0.299762249 0.184725910 0.061686352 0.982233822 0.166283712 -0.061328627 0.775583863 3.469040871 -9.501834869 0.000000000 0.000000000 -10.000000000
1776608194.122419834 0.583410084 0.299390376 0.184614897 0.061852895 0.982192099 0.166348398 -0.061653145 0.793751955 3.491819620 -9.497890472 0.000000000 0.000000000 -10.000000000
1776608194.127436638 0.583410084 0.299390376 0.184614897 0.061852895 0.982192099 0.166348398 -0.061653145 0.811005175 3.518005610 -9.489639282 0.000000000 0.000000000 -10.000000000
1776608194.132378101 0.583227694 0.299013615 0.184512615 0.061975054 0.982154846 0.166394740 -0.061997835 0.827441990 3.547829866 -9.477059364 0.000000000 0.000000000 -10.000000000
1776608194.137378931 0.582995474 0.298608601 0.184405655 0.062078990 0.982122302 0.166397721 -0.062400423 0.843150020 3.581515312 -9.460188866 0.000000000 0.000000000 -10.000000000
1776608194.142674446 0.582356274 0.297686905 0.184154749 0.062289499 0.982070744 0.166240007 -0.063413598 0.858204603 3.619271517 -9.439125061 0.000000000 0.000000000 -10.000000000
1776608194.148368597 0.582006037 0.297201246 0.184033066 0.062347028 0.982054174 0.166111439 -0.063948832 0.872667074 3.661291838 -9.414019585 0.000000000 0.000000000 -10.000000000
1776608194.152752638 0.581655920 0.296700537 0.183912218 0.062386975 0.982040882 0.165968612 -0.064482659 0.886584342 3.707748652 -9.385076523 0.000000000 0.000000000 -10.000000000
1776608194.157671452 0.581269622 0.296207070 0.183793992 0.062432129 0.982025921 0.165815011 -0.065059192 0.899990201 3.758787870 -9.352545738 0.000000000 0.000000000 -10.000000000
1776608194.162756681 0.580844462 0.295709819 0.183683723 0.062509395 0.982005417 0.165656865 -0.065694444 0.912909091 3.814522266 -9.316720009 0.000000000 0.000000000 -10.000000000
1776608194.167443275 0.580424190 0.295201361 0.183571428 0.062606893 0.981983125 0.165499136 -0.066329524 0.925358355 3.875026941 -9.277931213 0.000000000 0.000000000 -10.000000000
1776608194.172736645 0.579995632 0.294701040 0.183459669 0.062685594 0.981961608 0.165339366 -0.066968344 0.937348545 3.940332413 -9.236538887 0.000000000 0.000000000 -10.000000000
1776608194.177564859 0.579995632 0.294701040 0.183459669 0.062685594 0.981961608 0.165339366 -0.066968344 0.948884189 4.010423660 -9.192931175 0.000000000 0.000000000 -10.000000000
1776608194.182565451 0.579554081 0.294209868 0.183353603 0.062752917 0.981939256 0.165181398 -0.067620225 0.959964812 4.085237503 -9.147512436 0.000000000 0.000000000 -10.000000000
1776608194.187680244 0.578706503 0.293240190 0.183143646 0.062916689 0.981888354 0.164898545 -0.068885691 0.970587194 4.164664268 -9.100697517 0.000000000 0.000000000 -10.000000000
1776608194.192523479 0.578274667 0.292751074 0.183029741 0.063020669 0.981862903 0.164741457 -0.069526248 0.980748415 4.248545170 -9.052905083 0.000000000 0.000000000 -10.000000000
1776608194.197713852 0.578274667 0.292751074 0.183029741 0.063020669 0.981862903 0.164741457 -0.069526248 0.990446448 4.336675167 -9.004552841 0.000000000 0.000000000 -10.000000000
1776608194.202704430 0.577396870 0.291754454 0.182784081 0.063238375 0.981809556 0.164424136 -0.070820838 0.999680638 4.428806782 -8.956048965 0.000000000 0.000000000 -10.000000000
1776608194.207447290 0.577396870 0.291754454 0.182784081 0.063238375 0.981809556 0.164424136 -0.070820838 1.008453250 4.524651051 -8.907793045 0.000000000 0.000000000 -10.000000000
1776608194.212608099 0.576986194 0.291275412 0.182668537 0.063316122 0.981786311 0.164272577 -0.071422726 1.016773820 4.623882294 -8.860169411 0.000000000 0.000000000 -10.000000000
1776608194.217447996 0.576309264 0.290319145 0.182426810 0.063515805 0.981741905 0.164008170 -0.072456285 1.024664402 4.726142883 -8.813544273 0.000000000 0.000000000 -10.000000000
1776608194.222588539 0.576309264 0.290319145 0.182426810 0.063515805 0.981741905 0.164008170 -0.072456285 1.032165527 4.831043243 -8.768265724 0.000000000 0.000000000 -10.000000000
1776608194.227719784 0.575651109 0.289392620 0.182150185 0.063741110 0.981696963 0.163749769 -0.073444560 1.039339423 4.938169003 -8.724658012 0.000000000 0.000000000 -10.000000000
1776608194.232737303 0.575393796 0.288941383 0.182011753 0.063871302 0.981675506 0.163644835 -0.073851600 1.046270490 5.047084808 -8.683028221 0.000000000 0.000000000 -10.000000000
1776608194.237853527 0.575165987 0.288523018 0.181873173 0.063971698 0.981656015 0.163560614 -0.074209437 1.053064823 5.157343864 -8.643659592 0.000000000 0.000000000 -10.000000000
1776608194.242705584 0.575165987 0.288523018 0.181873173 0.063971698 0.981656015 0.163560614 -0.074209437 1.059848785 5.268491745 -8.606817245 0.000000000 0.000000000 -10.000000000
1776608194.247672558 0.574727893 0.287683964 0.181584418 0.064162672 0.981620014 0.163390309 -0.074892350 1.066768050 5.380074501 -8.572748184 0.000000000 0.000000000 -10.000000000
1776608194.252629995 0.574580550 0.287269652 0.181438237 0.064278468 0.981604815 0.163320482 -0.075144775 1.073985577 5.491643429 -8.541686058 0.000000000 0.000000000 -10.000000000
1776608194.257529020 0.574446261 0.286884844 0.181295782 0.064393014 0.981587112 0.163274154 -0.075377874 1.081681848 5.602761269 -8.513846397 0.000000000 0.000000000 -10.000000000
1776608194.262370825 0.574290752 0.286507100 0.181151539 0.064498998 0.981567800 0.163229719 -0.075634457 1.090053558 5.713005543 -8.489439011 0.000000000 0.000000000 -10.000000000
1776608194.267709255 0.574290752 0.286507100 0.181151539 0.064498998 0.981567800 0.163229719 -0.075634457 1.099311829 5.821974277 -8.468659401 0.000000000 0.000000000 -10.000000000
1776608194.272684574 0.574181616 0.285831511 0.180908233 0.064735331 0.981529891 0.163237602 -0.075907268 1.109678030 5.929292202 -8.451699257 0.000000000 0.000000000 -10.000000000
1776608194.277725220 0.574181616 0.285831511 0.180908233 0.064735331 0.981529891 0.163237602 -0.075907268 1.121379018 6.034610748 -8.438746452 0.000000000 0.000000000 -10.000000000
1776608194.282658339 0.574068189 0.285361350 0.180715710 0.065091677 0.981441319 0.163483918 -0.076216780 1.134642720 6.137606144 -8.429984093 0.000000000 0.000000000 -10.000000000
1776608194.287968159 0.574068189 0.285361350 0.180715710 0.065091677 0.981441319 0.163483918 -0.076216780 1.149692416 6.237979889 -8.425593376 0.000000000 0.000000000 -10.000000000
1776608194.292679310 0.573943496 0.285122275 0.180617601 0.065586455 0.981288135 0.164028630 -0.076594025 1.166740656 6.335459232 -8.425751686 0.000000000 0.000000000 -10.000000000
1776608194.297836781 0.573873997 0.285084605 0.180603564 0.065863371 0.981188953 0.164410681 -0.076807708 1.185981870 6.429799080 -8.430633545 0.000000000 0.000000000 -10.000000000
1776608194.302676439 0.573809266 0.285098910 0.180614203 0.066165909 0.981075704 0.164861530 -0.077027373 1.207586527 6.520779610 -8.440407753 0.000000000 0.000000000 -10.000000000
1776608194.307684183 0.573809266 0.285098910 0.180614203 0.066165909 0.981075704 0.164861530 -0.077027373 1.231695175 6.608205795 -8.455236435 0.000000000 0.000000000 -10.000000000
1776608194.312745094 0.573731780 0.285159081 0.180640250 0.066488892 0.980949938 0.165365919 -0.077269249 1.258414268 6.691905975 -8.475273132 0.000000000 0.000000000 -10.000000000
1776608194.317675829 0.573599935 0.285327017 0.180720359 0.067169294 0.980679572 0.166466534 -0.077748135 1.287810206 6.771728992 -8.500657082 0.000000000 0.000000000 -10.000000000
1776608194.322688341 0.573544741 0.285433769 0.180772573 0.067490898 0.980541348 0.167043567 -0.077975027 1.319905281 6.847539902 -8.531512260 0.000000000 0.000000000 -10.000000000
1776608194.328084230 0.573477447 0.285548627 0.180823773 0.067800865 0.980402827 0.167619243 -0.078211844 1.354674101 6.919219017 -8.567943573 0.000000000 0.000000000 -10.000000000
1776608194.332748890 0.573419213 0.285643041 0.180866838 0.068113253 0.980266869 0.168181479 -0.078437202 1.392042041 6.986656666 -8.610026360 0.000000000 0.000000000 -10.000000000
1776608194.337668419 0.573357821 0.285710096 0.180891216 0.068421736 0.980136395 0.168712154 -0.078659900 1.431885839 7.049757481 -8.657811165 0.000000000 0.000000000 -10.000000000
1776608194.342647314 0.573298872 0.285773039 0.180902869 0.068711109 0.980011940 0.169220209 -0.078866243 1.474035740 7.108435631 -8.711312294 0.000000000 0.000000000 -10.000000000
1776608194.347672224 0.573257625 0.285809278 0.180896461 0.068971664 0.979897797 0.169694304 -0.079038277 1.518279314 7.162616730 -8.770508766 0.000000000 0.000000000 -10.000000000
1776608194.352651596 0.573225737 0.285806298 0.180870682 0.069231428 0.979790509 0.170134559 -0.079194427 1.564367771 7.212236881 -8.835341454 0.000000000 0.000000000 -10.000000000
1776608194.357641220 0.573218405 0.285786837 0.180828035 0.069496430 0.979690492 0.170547083 -0.079312228 1.612021089 7.257243156 -8.905717850 0.000000000 0.000000000 -10.000000000
1776608194.362633228 0.573225319 0.285762250 0.180769086 0.069753110 0.979598105 0.170932204 -0.079399109 1.660935402 7.297594070 -8.981506348 0.000000000 0.000000000 -10.000000000
1776608194.367687941 0.573240578 0.285723656 0.180699170 0.069995724 0.979512453 0.171292573 -0.079466000 1.710788369 7.333260536 -9.062549591 0.000000000 0.000000000 -10.000000000
1776608194.372784615 0.573276520 0.285669565 0.180623472 0.070221394 0.979431927 0.171642646 -0.079503886 1.761245251 7.364227295 -9.148659706 0.000000000 0.000000000 -10.000000000
1776608194.377561569 0.573310018 0.285617501 0.180543661 0.070434406 0.979354620 0.171980858 -0.079537198 1.811965704 7.390497208 -9.239631653 0.000000000 0.000000000 -10.000000000
1776608194.382637978 0.573310018 0.285617501 0.180543661 0.070434406 0.979354620 0.171980858 -0.079537198 1.862610102 7.412091732 -9.335243225 0.000000000 0.000000000 -10.000000000
1776608194.387391806 0.573342502 0.285538197 0.180368245 0.070888102 0.979203343 0.172612429 -0.079627752 1.912845612 7.429056644 -9.435266495 0.000000000 0.000000000 -10.000000000
1776608194.392653942 0.573342502 0.285538197 0.180368245 0.070888102 0.979203343 0.172612429 -0.079627752 1.962351322 7.441460609 -9.539473534 0.000000000 0.000000000 -10.000000000
1776608194.397760868 0.573349774 0.285492986 0.180207223 0.071335688 0.979049385 0.173249155 -0.079738341 2.010821819 7.449399471 -9.647644043 0.000000000 0.000000000 -10.000000000
1776608194.402720690 0.573336124 0.285491943 0.180140555 0.071523629 0.978972673 0.173574150 -0.079805620 2.057971716 7.452995777 -9.759571075 0.000000000 0.000000000 -10.000000000
1776608194.407835960 0.573302686 0.285511464 0.180081159 0.071702540 0.978895783 0.173894659 -0.079889990 2.103537321 7.452397823 -9.875070572 0.000000000 0.000000000 -10.000000000
1776608194.412521124 0.573264241 0.285533100 0.180026114 0.071910813 0.978816986 0.174208418 -0.079984874 2.147277832 7.447780609 -9.993980408 0.000000000 0.000000000 -10.000000000
1776608194.417525291 0.573264241 0.285533100 0.180026114 0.071910813 0.978816986 0.174208418 -0.079984874 2.188975811 7.439341068 -10.116170883 0.000000000 0.000000000 -10.000000000
1776608194.422375202 0.573228419 0.285560220 0.179983616 0.072131611 0.978736341 0.174525186 -0.080082282 2.228437662 7.427298069 -10.241541862 0.000000000 0.000000000 -10.000000000
1776608194.427384853 0.573194325 0.285594761 0.179949462 0.072350636 0.978654861 0.174846232 -0.080180213 2.265493155 7.411887646 -10.370027542 0.000000000 0.000000000 -10.000000000
1776608194.432515621 0.573165953 0.285643548 0.179926008 0.072553203 0.978574753 0.175169662 -0.080268532 2.299995184 7.393359184 -10.501595497 0.000000000 0.000000000 -10.000000000
1776608194.437716961 0.573126078 0.285704911 0.179904908 0.072735645 0.978496850 0.175485224 -0.080363989 2.331818342 7.371970654 -10.636244774 0.000000000 0.000000000 -10.000000000
1776608194.442418337 0.573036790 0.285832465 0.179857701 0.073078729 0.978347063 0.176089913 -0.080553375 2.360857248 7.347982883 -10.774003983 0.000000000 0.000000000 -10.000000000
1776608194.447744131 0.573036790 0.285832465 0.179857701 0.073078729 0.978347063 0.176089913 -0.080553375 2.387025595 7.321655750 -10.914929390 0.000000000 0.000000000 -10.000000000
1776608194.452379465 0.572983027 0.285926074 0.179809391 0.073455155 0.978207290 0.176640347 -0.080702960 2.410254478 7.293246269 -11.059098244 0.000000000 0.000000000 -10.000000000
1776608194.457818508 0.572983027 0.285926074 0.179809391 0.073455155 0.978207290 0.176640347 -0.080702960 2.430490971 7.263006210 -11.206605911 0.000000000 0.000000000 -10.000000000
1776608194.462776899 0.572917819 0.285983920 0.179761887 0.073867351 0.978080273 0.177099243 -0.080860518 2.447696686 7.231179237 -11.357559204 0.000000000 0.000000000 -10.000000000
1776608194.468200207 0.572917819 0.285983920 0.179761887 0.073867351 0.978080273 0.177099243 -0.080860518 2.461846828 7.197999001 -11.512074471 0.000000000 0.000000000 -10.000000000
1776608194.472711563 0.572889566 0.286003679 0.179766089 0.074062511 0.978024781 0.177301526 -0.080910422 2.472929716 7.163690567 -11.670271873 0.000000000 0.000000000 -10.000000000
1776608194.477668047 0.572861314 0.286018372 0.179786384 0.074249186 0.977974236 0.177488402 -0.080939882 2.480943680 7.128466129 -11.832265854 0.000000000 0.000000000 -10.000000000
1776608194.482639074 0.572784007 0.286003441 0.179800540 0.074606217 0.977887690 0.177793905 -0.080986917 2.485898018 7.092529297 -11.998166084 0.000000000 0.000000000 -10.000000000
1776608194.487627268 0.572727263 0.285984576 0.179800987 0.074768655 0.977850854 0.177918732 -0.081008196 2.487808943 7.056071281 -12.168062210 0.000000000 0.000000000 -10.000000000
1776608194.492692709 0.572672188 0.285962135 0.179807574 0.074921273 0.977818489 0.178031325 -0.081010424 2.486701250 7.019273758 -12.342026711 0.000000000 0.000000000 -10.000000000
1776608194.497733116 0.572600543 0.285931557 0.179815471 0.075064160 0.977789998 0.178127021 -0.081011496 2.482605457 6.982306957 -12.520101547 0.000000000 0.000000000 -10.000000000
1776608194.502754211 0.572551012 0.285898179 0.179846436 0.075200878 0.977765381 0.178222016 -0.080972537 2.475558043 6.945332050 -12.702298164 0.000000000 0.000000000 -10.000000000
1776608194.507802010 0.572520733 0.285864741 0.179896295 0.075336032 0.977743089 0.178320661 -0.080899425 2.465599775 6.908499241 -12.888587952 0.000000000 0.000000000 -10.000000000
1776608194.512656689 0.572489917 0.285824895 0.179939657 0.075472511 0.977722883 0.178410396 -0.080818407 2.452775955 6.871952534 -13.078896523 0.000000000 0.000000000 -10.000000000
1776608194.517647266 0.572489917 0.285824895 0.179939657 0.075472511 0.977722883 0.178410396 -0.080818407 2.437134504 6.835826874 -13.273100853 0.000000000 0.000000000 -10.000000000
1776608194.522700071 0.572370529 0.285732508 0.179964364 0.075741053 0.977686644 0.178548530 -0.080700435 2.418727398 6.800249577 -13.471020699 0.000000000 0.000000000 -10.000000000
1776608194.527401686 0.572322726 0.285695046 0.179984719 0.075868160 0.977671683 0.178617701 -0.080609150 2.397609472 6.765342236 -13.672420502 0.000000000 0.000000000 -10.000000000
1776608194.532673597 0.572322726 0.285695046 0.179984719 0.075868160 0.977671683 0.178617701 -0.080609150 2.373839140 6.731219292 -13.876997948 0.000000000 0.000000000 -10.000000000
1776608194.537527800 0.572263718 0.285664201 0.180016845 0.075988092 0.977657616 0.178687558 -0.080511503 2.347479343 6.697989941 -14.084392548 0.000000000 0.000000000 -10.000000000
1776608194.542372227 0.572174549 0.285628080 0.180049390 0.076107189 0.977643430 0.178749710 -0.080433249 2.318596601 6.665759087 -14.294175148 0.000000000 0.000000000 -10.000000000
1776608194.547366858 0.572083950 0.285599232 0.180083483 0.076231524 0.977627337 0.178821295 -0.080352254 2.287264824 6.634625912 -14.505854607 0.000000000 0.000000000 -10.000000000
1776608194.552405119 0.571982384 0.285576701 0.180099845 0.076368697 0.977608144 0.178899348 -0.080281608 2.253564358 6.604683876 -14.718874931 0.000000000 0.000000000 -10.000000000
1776608194.557387352 0.571710229 0.285522342 0.180124432 0.076656841 0.977566063 0.179048955 -0.080185778 2.217584372 6.576019764 -14.932620049 0.000000000 0.000000000 -10.000000000
1776608194.562648296 0.571569562 0.285505950 0.180145919 0.076804943 0.977542698 0.179137647 -0.080131195 2.179421186 6.548714638 -15.146416664 0.000000000 0.000000000 -10.000000000
1776608194.567809820 0.571569562 0.285505950 0.180145919 0.076804943 0.977542698 0.179137647 -0.080131195 2.139180422 6.522843361 -15.359540939 0.000000000 0.000000000 -10.000000000
1776608194.572386026 0.571435928 0.285494566 0.180163205 0.076961935 0.977517903 0.179234698 -0.080066100 2.096978903 6.498474121 -15.571221352 0.000000000 0.000000000 -10.000000000
1776608194.577686071 0.571196437 0.285478145 0.180212945 0.077301301 0.977465630 0.179455578 -0.079882048 2.052946806 6.475669384 -15.780649185 0.000000000 0.000000000 -10.000000000
1776608194.582462549 0.571056902 0.285466909 0.180214465 0.077481136 0.977437496 0.179563999 -0.079808243 2.007230759 6.454483986 -15.986985207 0.000000000 0.000000000 -10.000000000
1776608194.587784052 0.570906937 0.285425276 0.180195123 0.077664182 0.977413356 0.179643169 -0.079748280 1.959992886 6.434967518 -16.189367294 0.000000000 0.000000000 -10.000000000
1776608194.592468977 0.570793629 0.285382032 0.180185854 0.077849068 0.977391779 0.179726884 -0.079643629 1.911407471 6.417166233 -16.386922836 0.000000000 0.000000000 -10.000000000
1776608194.598592281 0.570793629 0.285382032 0.180185854 0.077849068 0.977391779 0.179726884 -0.079643629 1.861658216 6.401125431 -16.578771591 0.000000000 0.000000000 -10.000000000
1776608194.602674246 0.570572257 0.285265505 0.180169702 0.078224085 0.977352440 0.179876775 -0.079420097 1.810936809 6.386890411 -16.764049530 0.000000000 0.000000000 -10.000000000
1776608194.607691288 0.570572257 0.285265505 0.180169702 0.078224085 0.977352440 0.179876775 -0.079420097 1.759443879 6.374506474 -16.941900253 0.000000000 0.000000000 -10.000000000
1776608194.613238335 0.570483923 0.285175115 0.180158734 0.078420706 0.977338195 0.179931372 -0.079277828 1.707389832 6.364022255 -17.111499786 0.000000000 0.000000000 -10.000000000
1776608194.617660284 0.570290089 0.284971654 0.180125862 0.078810900 0.977313578 0.180019543 -0.078993626 1.654994845 6.355488777 -17.272056580 0.000000000 0.000000000 -10.000000000
1776608194.622524977 0.570190787 0.284861594 0.180105656 0.079006739 0.977302969 0.180054739 -0.078849025 1.602487803 6.348961353 -17.422821045 0.000000000 0.000000000 -10.000000000
1776608194.627730846 0.570098221 0.284731835 0.180085003 0.079199545 0.977297127 0.180070668 -0.078690946 1.550103784 6.344500065 -17.563091278 0.000000000 0.000000000 -10.000000000
1776608194.632409811 0.570006192 0.284599334 0.180063754 0.079388760 0.977293253 0.180081680 -0.078523323 1.498081565 6.342172146 -17.692228317 0.000000000 0.000000000 -10.000000000
1776608194.637734175 0.570006192 0.284599334 0.180063754 0.079388760 0.977293253 0.180081680 -0.078523323 1.446663857 6.342051506 -17.809648514 0.000000000 0.000000000 -10.000000000
1776608194.642396212 0.569858968 0.284303516 0.180044711 0.079754725 0.977297544 0.180070132 -0.078124821 1.396096468 6.344219685 -17.914840698 0.000000000 0.000000000 -10.000000000
1776608194.647660255 0.569742739 0.284134090 0.180022448 0.079922475 0.977304101 0.180029139 -0.077965759 1.346628666 6.348763466 -18.007368088 0.000000000 0.000000000 -10.000000000
1776608194.652415037 0.569640756 0.283964664 0.179995716 0.080092609 0.977312148 0.179986686 -0.077788040 1.298510551 6.355778694 -18.086864471 0.000000000 0.000000000 -10.000000000
1776608194.657372475 0.569640756 0.283964664 0.179995716 0.080092609 0.977312148 0.179986686 -0.077788040 1.251993299 6.365365028 -18.153038025 0.000000000 0.000000000 -10.000000000
1776608194.662390471 0.569456637 0.283612669 0.179971963 0.080437496 0.977329493 0.179900795 -0.077411488 1.207327724 6.377627373 -18.205678940 0.000000000 0.000000000 -10.000000000
1776608194.667390108 0.569352508 0.283440441 0.179964870 0.080606021 0.977336645 0.179859608 -0.077241391 1.164763331 6.392673016 -18.244653702 0.000000000 0.000000000 -10.000000000
1776608194.672392845 0.569235563 0.283268511 0.179962575 0.080771074 0.977343380 0.179817721 -0.077081196 1.124544621 6.410609245 -18.269903183 0.000000000 0.000000000 -10.000000000
1776608194.677404881 0.569119513 0.283096552 0.179953277 0.080935657 0.977349520 0.179776162 -0.076927751 1.086907387 6.431542397 -18.281440735 0.000000000 0.000000000 -10.000000000
1776608194.682369947 0.568989515 0.282921106 0.179948539 0.081096113 0.977354586 0.179733306 -0.076794401 1.052075505 6.455573082 -18.279356003 0.000000000 0.000000000 -10.000000000
1776608194.687412977 0.568826854 0.282735914 0.179946929 0.081247188 0.977359653 0.179677263 -0.076700941 1.020254731 6.482795715 -18.263801575 0.000000000 0.000000000 -10.000000000
1776608194.692633867 0.568632185 0.282518536 0.179918319 0.081407316 0.977365613 0.179593027 -0.076652803 0.991628349 6.513294697 -18.234996796 0.000000000 0.000000000 -10.000000000
1776608194.697504759 0.568383634 0.282293946 0.179885417 0.081553422 0.977370024 0.179494619 -0.076671921 0.966350496 6.547143936 -18.193218231 0.000000000 0.000000000 -10.000000000
1776608194.702472687 0.568130553 0.282062888 0.179868281 0.081701085 0.977374256 0.179393873 -0.076696329 0.944542468 6.584399700 -18.138797760 0.000000000 0.000000000 -10.000000000
1776608194.707382441 0.567859173 0.281814277 0.179845542 0.081863061 0.977377236 0.179281294 -0.076749235 0.926290572 6.625100136 -18.072118759 0.000000000 0.000000000 -10.000000000
1776608194.712368727 0.567554116 0.281554103 0.179817200 0.082026787 0.977378845 0.179156661 -0.076844595 0.911646843 6.669259071 -17.993610382 0.000000000 0.000000000 -10.000000000
1776608194.717712879 0.567554116 0.281554103 0.179817200 0.082026787 0.977378845 0.179156661 -0.076844595 0.900630474 6.716861725 -17.903739929 0.000000000 0.000000000 -10.000000000
1776608194.722575903 0.567251563 0.281286031 0.179799885 0.082194053 0.977380633 0.179030731 -0.076936409 0.893230736 6.767860413 -17.803005219 0.000000000 0.000000000 -10.000000000
1776608194.727837324 0.566595376 0.280716717 0.179693550 0.082546607 0.977383971 0.178741410 -0.077188998 0.889410317 6.822175026 -17.691934586 0.000000000 0.000000000 -10.000000000
1776608194.732488394 0.566334367 0.280436218 0.179653347 0.082731612 0.977388918 0.178609431 -0.077233747 0.889109850 6.879688263 -17.571079254 0.000000000 0.000000000 -10.000000000
1776608194.737701893 0.566334367 0.280436218 0.179653347 0.082731612 0.977388918 0.178609431 -0.077233747 0.892252684 6.940245152 -17.441009521 0.000000000 0.000000000 -10.000000000
1776608194.742420197 0.565741658 0.279856443 0.179492265 0.083119884 0.977396488 0.178313956 -0.077403314 0.898750961 7.003654480 -17.302305222 0.000000000 0.000000000 -10.000000000
1776608194.747802258 0.565741658 0.279856443 0.179492265 0.083119884 0.977396488 0.178313956 -0.077403314 0.908511817 7.069688320 -17.155555725 0.000000000 0.000000000 -10.000000000
1776608194.752713442 0.565494299 0.279279828 0.179367274 0.083565630 0.977421701 0.178071648 -0.077162609 0.921444833 7.138086796 -17.001358032 0.000000000 0.000000000 -10.000000000
1776608194.757711887 0.565451801 0.278995574 0.179292083 0.083812296 0.977437675 0.177964151 -0.076940328 0.937470019 7.208559990 -16.840312958 0.000000000 0.000000000 -10.000000000
1776608194.762697458 0.565451801 0.278995574 0.179292083 0.083812296 0.977437675 0.177964151 -0.076940328 0.956525922 7.280790806 -16.673021317 0.000000000 0.000000000 -10.000000000
1776608194.767683268 0.565444946 0.278499901 0.179137915 0.084298834 0.977471888 0.177790657 -0.076373637 0.978572667 7.354440689 -16.500087738 0.000000000 0.000000000 -10.000000000
1776608194.772454739 0.565444946 0.278499901 0.179137915 0.084298834 0.977471888 0.177790657 -0.076373637 1.003591061 7.429156303 -16.322111130 0.000000000 0.000000000 -10.000000000
1776608194.777403116 0.565526426 0.278266132 0.179069042 0.084551178 0.977492154 0.177723974 -0.075989403 1.031579375 7.504576206 -16.139694214 0.000000000 0.000000000 -10.000000000
1776608194.782450914 0.565629721 0.278047353 0.179021448 0.084801689 0.977511525 0.177673176 -0.075578980 1.062549472 7.580333710 -15.953435898 0.000000000 0.000000000 -10.000000000
1776608194.787415743 0.565688789 0.277845740 0.178972036 0.085035808 0.977528453 0.177623391 -0.075212680 1.096523762 7.656065464 -15.763936043 0.000000000 0.000000000 -10.000000000
1776608194.792783260 0.565733492 0.277650058 0.178927481 0.085261196 0.977544367 0.177575305 -0.074863575 1.133531332 7.731413841 -15.571790695 0.000000000 0.000000000 -10.000000000
1776608194.797516584 0.565737367 0.277260870 0.178865194 0.085674793 0.977573931 0.177467614 -0.074258357 1.173602581 7.806035042 -15.377597809 0.000000000 0.000000000 -10.000000000
1776608194.802436113 0.565689981 0.277084738 0.178833723 0.085858963 0.977586329 0.177413449 -0.074011296 1.216762781 7.879601479 -15.181951523 0.000000000 0.000000000 -10.000000000
1776608194.807372808 0.565689981 0.277084738 0.178833723 0.085858963 0.977586329 0.177413449 -0.074011296 1.263026476 7.951807499 -14.985445023 0.000000000 0.000000000 -10.000000000
1776608194.812356472 0.565604806 0.276916355 0.178820223 0.086020790 0.977597475 0.177360043 -0.073803872 1.312391639 8.022369385 -14.788660049 0.000000000 0.000000000 -10.000000000
1776608194.817432642 0.565483868 0.276739776 0.178794175 0.086183593 0.977607369 0.177295491 -0.073638000 1.364834905 8.091028214 -14.592172623 0.000000000 0.000000000 -10.000000000
1776608194.822440624 0.565362513 0.276583165 0.178777426 0.086345986 0.977613986 0.177248180 -0.073473707 1.420306802 8.157547951 -14.396542549 0.000000000 0.000000000 -10.000000000
1776608194.827389956 0.565059423 0.276354313 0.178787917 0.086635008 0.977614403 0.177214742 -0.073207580 1.478728890 8.221713066 -14.202313423 0.000000000 0.000000000 -10.000000000
1776608194.832402468 0.565059423 0.276354313 0.178787917 0.086635008 0.977614403 0.177214742 -0.073207580 1.539991260 8.283328056 -14.010007858 0.000000000 0.000000000 -10.000000000
1776608194.837450027 0.564868867 0.276261121 0.178769946 0.086788706 0.977606773 0.177215517 -0.073125653 1.603950739 8.342212677 -13.820122719 0.000000000 0.000000000 -10.000000000
1776608194.842423916 0.564700007 0.276209414 0.178779632 0.086947337 0.977591991 0.177263454 -0.073018365 1.670428872 8.398202896 -13.633122444 0.000000000 0.000000000 -10.000000000
1776608194.848002195 0.564538300 0.276200682 0.178797036 0.087124303 0.977566361 0.177362382 -0.072910629 1.739211917 8.451144218 -13.449443817 0.000000000 0.000000000 -10.000000000
1776608194.852419376 0.564400494 0.276228994 0.178822607 0.087325759 0.977530599 0.177511632 -0.072785988 1.810052276 8.500885010 -13.269485474 0.000000000 0.000000000 -10.000000000
1776608194.857478142 0.564275026 0.276315778 0.178883284 0.087549157 0.977479994 0.177735105 -0.072651379 1.882670045 8.547276497 -13.093611717 0.000000000 0.000000000 -10.000000000
1776608194.862604618 0.564114511 0.276528805 0.178992689 0.088071190 0.977365494 0.178257227 -0.072280914 1.956756234 8.590165138 -12.922144890 0.000000000 0.000000000 -10.000000000
1776608194.867371321 0.564076483 0.276671886 0.179069221 0.088342436 0.977302790 0.178562492 -0.072043471 2.031975031 8.629396439 -12.755366325 0.000000000 0.000000000 -10.000000000
1776608194.872392654 0.564076483 0.276671886 0.179069221 0.088342436 0.977302790 0.178562492 -0.072043471 2.107967377 8.664807320 -12.593511581 0.000000000 0.000000000 -10.000000000
1776608194.877408028 0.564051926 0.276834100 0.179135799 0.088622138 0.977237642 0.178884432 -0.071784541 2.184354067 8.696231842 -12.436771393 0.000000000 0.000000000 -10.000000000
1776608194.882539749 0.564027905 0.276995480 0.179180920 0.088906161 0.977172971 0.179200858 -0.071524203 2.260739803 8.723495483 -12.285288811 0.000000000 0.000000000 -10.000000000
1776608194.887389660 0.564007342 0.277132094 0.179221064 0.089182653 0.977114975 0.179489419 -0.071248136 2.336718321 8.746419907 -12.139167786 0.000000000 0.000000000 -10.000000000
1776608194.892392874 0.564000607 0.277227044 0.179238617 0.089447692 0.977069020 0.179727986 -0.070944332 2.411876917 8.764823914 -11.998466492 0.000000000 0.000000000 -10.000000000
1776608194.897361994 0.563977778 0.277303219 0.179245800 0.089684546 0.977031589 0.179930776 -0.070646055 2.485801935 8.778532982 -11.863204002 0.000000000 0.000000000 -10.000000000
1776608194.902359486 0.563947380 0.277375877 0.179253340 0.089892991 0.977000773 0.180113435 -0.070341423 2.558083773 8.787377357 -11.733364105 0.000000000 0.000000000 -10.000000000
1776608194.907356024 0.563883781 0.277424008 0.179242939 0.090076633 0.976977646 0.180254951 -0.070064701 2.628319740 8.791203499 -11.608898163 0.000000000 0.000000000 -10.000000000
1776608194.912699223 0.563814461 0.277434587 0.179218143 0.090246893 0.976964414 0.180350855 -0.069782764 2.696117401 8.789872169 -11.489725113 0.000000000 0.000000000 -10.000000000
1776608194.917430401 0.563679576 0.277377427 0.179148167 0.090540506 0.976964414 0.180437014 -0.069176979 2.761096239 8.783267021 -11.375740051 0.000000000 0.000000000 -10.000000000
1776608194.922667980 0.563567698 0.277316391 0.179096073 0.090656854 0.976974130 0.180427805 -0.068910345 2.822892189 8.771295547 -11.266814232 0.000000000 0.000000000 -10.000000000
1776608194.927447557 0.563466549 0.277252823 0.179059684 0.090765499 0.976986051 0.180416197 -0.068628810 2.881160021 8.753893852 -11.162802696 0.000000000 0.000000000 -10.000000000
1776608194.932657242 0.563466549 0.277252823 0.179059684 0.090765499 0.976986051 0.180416197 -0.068628810 2.935577631 8.731034279 -11.063545227 0.000000000 0.000000000 -10.000000000
1776608194.937500477 0.563252091 0.277148664 0.179027557 0.090977363 0.977004349 0.180418447 -0.068079166 2.985847712 8.702725410 -10.968876839 0.000000000 0.000000000 -10.000000000
1776608194.942444801 0.563148141 0.277104318 0.179022312 0.091087550 0.977011621 0.180429786 -0.067797154 3.031697273 8.669013023 -10.878623009 0.000000000 0.000000000 -10.000000000
1776608194.947448969 0.563148141 0.277104318 0.179022312 0.091087550 0.977011621 0.180429786 -0.067797154 3.072876930 8.629987717 -10.792611122 0.000000000 0.000000000 -10.000000000
1776608194.952419996 0.563031197 0.277067840 0.179035693 0.091184758 0.977018654 0.180444732 -0.067525022 3.109162331 8.585777283 -10.710664749 0.000000000 0.000000000 -10.000000000
1776608194.957462549 0.562765241 0.277073175 0.179070890 0.091327950 0.977029979 0.180511072 -0.066988178 3.140355349 8.536551476 -10.632608414 0.000000000 0.000000000 -10.000000000
1776608194.962391376 0.562627196 0.277112752 0.179115474 0.091372937 0.977033913 0.180568263 -0.066714399 3.166287899 8.482517242 -10.558267593 0.000000000 0.000000000 -10.000000000
1776608194.967404604 0.562627196 0.277112752 0.179115474 0.091372937 0.977033913 0.180568263 -0.066714399 3.186822653 8.423911095 -10.487471581 0.000000000 0.000000000 -10.000000000
1776608194.972414255 0.562471271 0.277164161 0.179146528 0.091409452 0.977037430 0.180626810 -0.066454157 3.201852560 8.360995293 -10.420052528 0.000000000 0.000000000 -10.000000000
1776608194.977536440 0.562132955 0.277298331 0.179226428 0.091450416 0.977044463 0.180755764 -0.065941766 3.211300611 8.294053078 -10.355841637 0.000000000 0.000000000 -10.000000000
1776608194.982380152 0.562132955 0.277298331 0.179226428 0.091450416 0.977044463 0.180755764 -0.065941766 3.215119123 8.223379135 -10.294672966 0.000000000 0.000000000 -10.000000000
1776608194.987417459 0.561931551 0.277377307 0.179263800 0.091457255 0.977046788 0.180820614 -0.065719359 3.213288307 8.149282455 -10.236376762 0.000000000 0.000000000 -10.000000000
1776608194.992647648 0.561509550 0.277560085 0.179343462 0.091452047 0.977051020 0.180961058 -0.065275975 3.205814362 8.072075844 -10.180779457 0.000000000 0.000000000 -10.000000000
1776608194.997401237 0.561509550 0.277560085 0.179343462 0.091452047 0.977051020 0.180961058 -0.065275975 3.192728519 7.992077351 -10.127703667 0.000000000 0.000000000 -10.000000000
1776608195.002970457 0.561285138 0.277650356 0.179384649 0.091445349 0.977053642 0.181027547 -0.065061115 3.174092770 7.909602642 -10.076961517 0.000000000 0.000000000 -10.000000000
1776608195.007455349 0.561054409 0.277764261 0.179428697 0.091427326 0.977054834 0.181107327 -0.064846382 3.150001764 7.824966431 -10.028358459 0.000000000 0.000000000 -10.000000000
1776608195.012735605 0.560825467 0.277877837 0.179462612 0.091403596 0.977058232 0.181180954 -0.064622276 3.120587349 7.738478661 -9.981694221 0.000000000 0.000000000 -10.000000000
1776608195.017539263 0.560383618 0.278058887 0.179506510 0.091346912 0.977078021 0.181275487 -0.064136364 3.086020231 7.650445461 -9.936758041 0.000000000 0.000000000 -10.000000000
1776608195.022739410 0.560192168 0.278133959 0.179524779 0.091305636 0.977096379 0.181300551 -0.063844398 3.046510696 7.561169624 -9.893330574 0.000000000 0.000000000 -10.000000000
1776608195.027375937 0.559973896 0.278179646 0.179533243 0.091252975 0.977120876 0.181291193 -0.063570328 3.002306938 7.470949650 -9.851181030 0.000000000 0.000000000 -10.000000000
1776608195.032375813 0.559973896 0.278179646 0.179533243 0.091252975 0.977120876 0.181291193 -0.063570328 2.953693867 7.380083084 -9.810070038 0.000000000 0.000000000 -10.000000000
1776608195.037364483 0.559769511 0.278198838 0.179528147 0.091180906 0.977156222 0.181243792 -0.063264452 2.900991678 7.288865089 -9.769748688 0.000000000 0.000000000 -10.000000000
1776608195.042468309 0.559584022 0.278179407 0.179514140 0.091095537 0.977202892 0.181154206 -0.062922582 2.844556093 7.197591305 -9.729964256 0.000000000 0.000000000 -10.000000000
1776608195.047502518 0.559401929 0.278120041 0.179491401 0.090994693 0.977260113 0.181019470 -0.062566772 2.784773827 7.106557846 -9.690462112 0.000000000 0.000000000 -10.000000000
1776608195.052385092 0.559075594 0.277948767 0.179414064 0.090753712 0.977396667 0.180672005 -0.061783232 2.722059488 7.016061783 -9.650989532 0.000000000 0.000000000 -10.000000000
1776608195.057415485 0.559075594 0.277948767 0.179414064 0.090753712 0.977396667 0.180672005 -0.061783232 2.656848669 6.926403522 -9.611298561 0.000000000 0.000000000 -10.000000000
1776608195.062360525 0.558902323 0.277842283 0.179354340 0.090619914 0.977471471 0.180466950 -0.061393853 2.589592218 6.837884903 -9.571151733 0.000000000 0.000000000 -10.000000000
1776608195.067374468 0.558722854 0.277728826 0.179291695 0.090472162 0.977550089 0.180246338 -0.061006743 2.520750999 6.750809193 -9.530320168 0.000000000 0.000000000 -10.000000000
1776608195.072489262 0.558543503 0.277604163 0.179222167 0.090320945 0.977631450 0.180013105 -0.060615253 2.450790882 6.665481567 -9.488595963 0.000000000 0.000000000 -10.000000000
1776608195.077602625 0.558267057 0.277367711 0.179147184 0.090002723 0.977796555 0.179568708 -0.059736349 2.380177021 6.582207203 -9.445788383 0.000000000 0.000000000 -10.000000000
1776608195.082365513 0.558128715 0.277266502 0.179125637 0.089839220 0.977875948 0.179364070 -0.059296254 2.309370279 6.501289368 -9.401731491 0.000000000 0.000000000 -10.000000000
1776608195.087409496 0.558128715 0.277266502 0.179125637 0.089839220 0.977875948 0.179364070 -0.059296254 2.238821507 6.423028469 -9.356281281 0.000000000 0.000000000 -10.000000000
1776608195.092451572 0.557857156 0.277055800 0.179078996 0.089528285 0.978031099 0.178959340 -0.058424156 2.168966055 6.347719669 -9.309317589 0.000000000 0.000000000 -10.000000000
1776608195.097410440 0.557720125 0.276948512 0.179059237 0.089378856 0.978106380 0.178761035 -0.057997994 2.100218773 6.275650501 -9.260744095 0.000000000 0.000000000 -10.000000000
1776608195.103010416 0.557720125 0.276948512 0.179059237 0.089378856 0.978106380 0.178761035 -0.057997994 2.032967567 6.207099438 -9.210485458 0.000000000 0.000000000 -10.000000000
1776608195.107527018 0.557372630 0.276718140 0.179005444 0.089075103 0.978255510 0.178343713 -0.057230126 1.967569828 6.142333031 -9.158487320 0.000000000 0.000000000 -10.000000000
1776608195.112660646 0.557372630 0.276718140 0.179005444 0.089075103 0.978255510 0.178343713 -0.057230126 1.904346347 6.081606388 -9.104713440 0.000000000 0.000000000 -10.000000000
1776608195.117361307 0.556936562 0.276452124 0.178945780 0.088770241 0.978402436 0.177896231 -0.056581613 1.843579173 6.025158882 -9.049143791 0.000000000 0.000000000 -10.000000000
1776608195.122703791 0.556936562 0.276452124 0.178945780 0.088770241 0.978402436 0.177896231 -0.056581613 1.785509586 5.973212719 -8.991778374 0.000000000 0.000000000 -10.000000000
1776608195.127413511 0.556681633 0.276306748 0.178919315 0.088616736 0.978474557 0.177662343 -0.056309413 1.730335593 5.925970554 -8.932631493 0.000000000 0.000000000 -10.000000000
1776608195.132376909 0.556400478 0.276152283 0.178894132 0.088458933 0.978546500 0.177419171 -0.056073502 1.678210258 5.883613110 -8.871731758 0.000000000 0.000000000 -10.000000000
1776608195.137699604 0.556092620 0.275982141 0.178856909 0.088305958 0.978618681 0.177162260 -0.055866919 1.629243016 5.846294403 -8.809121132 0.000000000 0.000000000 -10.000000000
1776608195.142688751 0.555752873 0.275796652 0.178818792 0.088149592 0.978691459 0.176890403 -0.055699371 1.583501935 5.814138412 -8.744852066 0.000000000 0.000000000 -10.000000000
1776608195.147356272 0.555067599 0.275432259 0.178780556 0.087850392 0.978829563 0.176371858 -0.055389091 1.541015625 5.787237644 -8.678987503 0.000000000 0.000000000 -10.000000000
1776608195.152684927 0.555067599 0.275432259 0.178780556 0.087850392 0.978829563 0.176371858 -0.055389091 1.501774669 5.765649319 -8.611599922 0.000000000 0.000000000 -10.000000000
1776608195.157403469 0.554212630 0.275014699 0.178716362 0.087559178 0.978961647 0.175806016 -0.055314399 1.465731740 5.749393463 -8.542768478 0.000000000 0.000000000 -10.000000000
1776608195.162676096 0.554212630 0.275014699 0.178716362 0.087559178 0.978961647 0.175806016 -0.055314399 1.432801723 5.738454819 -8.472581863 0.000000000 0.000000000 -10.000000000
1776608195.167383909 0.553137302 0.274575412 0.178635895 0.087237395 0.979086459 0.175197065 -0.055545989 1.402859807 5.732780933 -8.401135445 0.000000000 0.000000000 -10.000000000
1776608195.172420502 0.552548230 0.274333179 0.178596139 0.087071389 0.979148686 0.174871042 -0.055736817 1.375741243 5.732284546 -8.328530312 0.000000000 0.000000000 -10.000000000
1776608195.177350998 0.551938415 0.274073213 0.178563088 0.086897515 0.979212999 0.174527064 -0.055956095 1.351243973 5.736841202 -8.254873276 0.000000000 0.000000000 -10.000000000
1776608195.182357550 0.551938415 0.274073213 0.178563088 0.086897515 0.979212999 0.174527064 -0.055956095 1.329136372 5.746292114 -8.180271149 0.000000000 0.000000000 -10.000000000
1776608195.187420130 0.551271737 0.273802727 0.178502113 0.086719595 0.979276896 0.174163550 -0.056245349 1.309163094 5.760442734 -8.104835510 0.000000000 0.000000000 -10.000000000
1776608195.192498922 0.549638689 0.273264945 0.178321779 0.086303741 0.979397178 0.173382476 -0.057195220 1.291050434 5.779066563 -8.028674126 0.000000000 0.000000000 -10.000000000
1776608195.197695017 0.548798978 0.272989631 0.178224415 0.086091600 0.979455709 0.172983184 -0.057719447 1.274510503 5.801905632 -7.951898098 0.000000000 0.000000000 -10.000000000
1776608195.202500105 0.547928631 0.272709548 0.178142011 0.085865371 0.979514062 0.172574729 -0.058286741 1.259244561 5.828673840 -7.874617100 0.000000000 0.000000000 -10.000000000
1776608195.207596540 0.547928631 0.272709548 0.178142011 0.085865371 0.979514062 0.172574729 -0.058286741 1.244949102 5.859056950 -7.796945572 0.000000000 0.000000000 -10.000000000
1776608195.212432146 0.546985030 0.272420883 0.178042382 0.085620031 0.979572594 0.172141790 -0.058939807 1.231321454 5.892714500 -7.718996525 0.000000000 0.000000000 -10.000000000
1776608195.217375040 0.545003235 0.271856070 0.177890539 0.085075140 0.979686141 0.171266064 -0.060375687 1.218065739 5.929283142 -7.640880108 0.000000000 0.000000000 -10.000000000
1776608195.222368240 0.545003235 0.271856070 0.177890539 0.085075140 0.979686141 0.171266064 -0.060375687 1.204898477 5.968381405 -7.562703609 0.000000000 0.000000000 -10.000000000
1776608195.227365255 0.544007480 0.271587431 0.177807122 0.084804408 0.979738414 0.170838639 -0.061114762 1.191554904 6.009610176 -7.484568119 0.000000000 0.000000000 -10.000000000
1776608195.232730865 0.542991221 0.271328270 0.177731276 0.084519275 0.979788959 0.170412466 -0.061884008 1.177795172 6.052556992 -7.406567097 0.000000000 0.000000000 -10.000000000
1776608195.237456799 0.540971994 0.270813584 0.177580863 0.083929382 0.979890764 0.169552565 -0.063417830 1.163411021 6.096795559 -7.328787327 0.000000000 0.000000000 -10.000000000
1776608195.242547989 0.540971994 0.270813584 0.177580863 0.083929382 0.979890764 0.169552565 -0.063417830 1.148231864 6.141889095 -7.251308441 0.000000000 0.000000000 -10.000000000
1776608195.247421265 0.539970338 0.270569652 0.177518189 0.083624557 0.979940176 0.169131026 -0.064178154 1.132128000 6.187392712 -7.174202442 0.000000000 0.000000000 -10.000000000
1776608195.252692461 0.538968682 0.270348310 0.177456290 0.083315656 0.979985893 0.168726444 -0.064942516 1.115012407 6.232856750 -7.097530842 0.000000000 0.000000000 -10.000000000
1776608195.257422924 0.536965966 0.269951016 0.177350879 0.082681447 0.980069220 0.167951763 -0.066485323 1.096840143 6.277828217 -7.021345615 0.000000000 0.000000000 -10.000000000
1776608195.262435913 0.535989821 0.269756138 0.177296668 0.082367428 0.980109990 0.167569369 -0.067234568 1.077606320 6.321856022 -6.945686340 0.000000000 0.000000000 -10.000000000
1776608195.267670870 0.535038769 0.269572943 0.177252799 0.082054071 0.980149329 0.167200431 -0.067959018 1.057345986 6.364493847 -6.870581627 0.000000000 0.000000000 -10.000000000
1776608195.272416115 0.534103155 0.269419193 0.177225113 0.081731342 0.980185807 0.166854948 -0.068667248 1.036132336 6.405302525 -6.796049118 0.000000000 0.000000000 -10.000000000
1776608195.277369976 0.534103155 0.269419193 0.177225113 0.081731342 0.980185807 0.166854948 -0.068667248 1.014076352 6.443855286 -6.722097874 0.000000000 0.000000000 -10.000000000
1776608195.282656431 0.533173919 0.269284129 0.177196026 0.081402175 0.980220556 0.166521102 -0.069368981 0.991322577 6.479740620 -6.648727417 0.000000000 0.000000000 -10.000000000
1776608195.287681103 0.532239854 0.269163549 0.177167475 0.081063583 0.980253696 0.166193753 -0.070078775 0.968044937 6.512563705 -6.575928688 0.000000000 0.000000000 -10.000000000
1776608195.292624712 0.531319082 0.269053996 0.177134007 0.080716982 0.980287254 0.165869907 -0.070773385 0.944440067 6.541951180 -6.503683567 0.000000000 0.000000000 -10.000000000
1776608195.297823429 0.530441940 0.268954694 0.177103639 0.080362551 0.980323255 0.165552080 -0.071419001 0.920722127 6.567553520 -6.431966305 0.000000000 0.000000000 -10.000000000
1776608195.302765846 0.528737545 0.268852234 0.177085578 0.079607025 0.980390668 0.164978698 -0.072655782 0.897118151 6.589048386 -6.360742569 0.000000000 0.000000000 -10.000000000
1776608195.307768583 0.527891755 0.268846154 0.177090049 0.079200901 0.980422556 0.164717153 -0.073260285 0.873864591 6.606139660 -6.289970398 0.000000000 0.000000000 -10.000000000
1776608195.312651634 0.527091980 0.268854856 0.177099526 0.078783721 0.980457306 0.164463639 -0.073812783 0.851203740 6.618562698 -6.219601631 0.000000000 0.000000000 -10.000000000
1776608195.317599535 0.527091980 0.268854856 0.177099526 0.078783721 0.980457306 0.164463639 -0.073812783 0.829381764 6.626081467 -6.149581432 0.000000000 0.000000000 -10.000000000
1776608195.322624445 0.526339173 0.268874377 0.177116483 0.078353114 0.980496168 0.164213419 -0.074310325 0.808646500 6.628492355 -6.079849720 0.000000000 0.000000000 -10.000000000
1776608195.327416182 0.525588632 0.268926173 0.177142382 0.077891380 0.980536163 0.163973317 -0.074796610 0.789243698 6.625624657 -6.010340214 0.000000000 0.000000000 -10.000000000
1776608195.332543850 0.524122775 0.269114554 0.177187264 0.076914899 0.980613947 0.163533017 -0.075745575 0.771412671 6.617340088 -5.940983772 0.000000000 0.000000000 -10.000000000
1776608195.337376356 0.524122775 0.269114554 0.177187264 0.076914899 0.980613947 0.163533017 -0.075745575 0.755381644 6.603532791 -5.871708393 0.000000000 0.000000000 -10.000000000
1776608195.342366457 0.523428380 0.269268900 0.177229077 0.076385885 0.980654955 0.163337886 -0.076169342 0.741364658 6.584127426 -5.802440643 0.000000000 0.000000000 -10.000000000
1776608195.347420454 0.522753835 0.269473702 0.177292526 0.075811774 0.980700195 0.163153797 -0.076553926 0.729559422 6.559079170 -5.733104229 0.000000000 0.000000000 -10.000000000
1776608195.352497339 0.522090614 0.269698888 0.177351534 0.075208783 0.980750203 0.162959740 -0.076920450 0.720146418 6.528368950 -5.663623810 0.000000000 0.000000000 -10.000000000
1776608195.357409477 0.521427095 0.269951552 0.177400827 0.074580953 0.980802000 0.162761718 -0.077290229 0.713287950 6.492006302 -5.593920231 0.000000000 0.000000000 -10.000000000
1776608195.362540722 0.520790935 0.270231783 0.177458316 0.073933549 0.980856121 0.162569225 -0.077629551 0.709126592 6.450027943 -5.523917198 0.000000000 0.000000000 -10.000000000
1776608195.367355585 0.520195186 0.270534158 0.177532166 0.073276147 0.980912626 0.162385821 -0.077922329 0.707785010 6.402495384 -5.453537464 0.000000000 0.000000000 -10.000000000
1776608195.372534037 0.519632757 0.270850420 0.177616507 0.072603032 0.980973125 0.162201658 -0.078174070 0.709366202 6.349494934 -5.382706642 0.000000000 0.000000000 -10.000000000
1776608195.377412796 0.519102454 0.271184981 0.177705914 0.071907617 0.981037855 0.162014604 -0.078391656 0.713954270 6.291135311 -5.311352253 0.000000000 0.000000000 -10.000000000
1776608195.382366419 0.518594980 0.271545768 0.177793980 0.071193956 0.981104732 0.161829695 -0.078588083 0.721615553 6.227547646 -5.239404678 0.000000000 0.000000000 -10.000000000
1776608195.387379885 0.517647445 0.272404075 0.178021044 0.069671720 0.981243968 0.161499396 -0.078892730 0.732399821 6.158884048 -5.166796684 0.000000000 0.000000000 -10.000000000
1776608195.392709970 0.517216086 0.272878021 0.178164274 0.068883136 0.981315196 0.161351919 -0.079001270 0.746340990 6.085317135 -5.093461514 0.000000000 0.000000000 -10.000000000
1776608195.397494316 0.516785860 0.273387790 0.178313702 0.068076387 0.981384337 0.161217317 -0.079115860 0.763457596 6.007039547 -5.019337177 0.000000000 0.000000000 -10.000000000
1776608195.402485847 0.516353011 0.273924559 0.178463817 0.067259535 0.981451273 0.161088631 -0.079246402 0.783751845 5.924263954 -4.944360733 0.000000000 0.000000000 -10.000000000
1776608195.407425880 0.516353011 0.273924559 0.178463817 0.067259535 0.981451273 0.161088631 -0.079246402 0.807208121 5.837220669 -4.868474960 0.000000000 0.000000000 -10.000000000
1776608195.412391424 0.515961587 0.274466813 0.178616613 0.066478036 0.981516659 0.160963252 -0.079350889 0.833791852 5.746158600 -4.791624546 0.000000000 0.000000000 -10.000000000
1776608195.417368174 0.515580833 0.275024951 0.178775638 0.065769471 0.981575251 0.160839036 -0.079468124 0.863448620 5.651346684 -4.713760853 0.000000000 0.000000000 -10.000000000
1776608195.422726393 0.514909625 0.276166797 0.179157466 0.064695992 0.981665850 0.160605758 -0.079702072 0.896104336 5.553073406 -4.634841919 0.000000000 0.000000000 -10.000000000
1776608195.427382708 0.514909625 0.276166797 0.179157466 0.064695992 0.981665850 0.160605758 -0.079702072 0.931666911 5.451647282 -4.554834843 0.000000000 0.000000000 -10.000000000
1776608195.432633638 0.514603734 0.276784182 0.179387361 0.064326078 0.981695175 0.160509959 -0.079832882 0.970027804 5.347397327 -4.473711491 0.000000000 0.000000000 -10.000000000
1776608195.437373400 0.514312267 0.277420223 0.179622859 0.064070769 0.981715202 0.160415456 -0.079981826 1.011064172 5.240668774 -4.391450882 0.000000000 0.000000000 -10.000000000
1776608195.443319321 0.514039099 0.278080076 0.179860264 0.063885868 0.981730163 0.160318062 -0.080141008 1.054640889 5.131823540 -4.308037281 0.000000000 0.000000000 -10.000000000
1776608195.447417974 0.513475180 0.279508114 0.180323780 0.063598201 0.981750846 0.160115495 -0.080520615 1.100610733 5.021234989 -4.223458290 0.000000000 0.000000000 -10.000000000
1776608195.452636719 0.513233006 0.280254811 0.180582047 0.063454352 0.981763184 0.160016641 -0.080679692 1.148815274 4.909286976 -4.137706280 0.000000000 0.000000000 -10.000000000
1776608195.459186792 0.513034225 0.280995071 0.180857182 0.063314505 0.981776893 0.159923509 -0.080807336 1.199084640 4.796370983 -4.050779343 0.000000000 0.000000000 -10.000000000
1776608195.462358713 0.512849689 0.281721234 0.181138963 0.063160144 0.981793821 0.159820974 -0.080925889 1.251240253 4.682884216 -3.962679625 0.000000000 0.000000000 -10.000000000
1776608195.467394590 0.512849689 0.281721234 0.181138963 0.063160144 0.981793821 0.159820974 -0.080925889 1.305097103 4.569230080 -3.873412609 0.000000000 0.000000000 -10.000000000
1776608195.472361088 0.512673855 0.282432973 0.181425154 0.062981777 0.981813490 0.159710139 -0.081044927 1.360464811 4.455816746 -3.782988310 0.000000000 0.000000000 -10.000000000
1776608195.477653503 0.512407184 0.283812761 0.181934774 0.062489744 0.981876731 0.159430146 -0.081210695 1.417150497 4.343056202 -3.691419840 0.000000000 0.000000000 -10.000000000
1776608195.482402325 0.512373626 0.284489989 0.182181746 0.062169410 0.981925488 0.159268275 -0.081184268 1.474961996 4.231363297 -3.598725080 0.000000000 0.000000000 -10.000000000
1776608195.487748861 0.512373626 0.284489989 0.182181746 0.062169410 0.981925488 0.159268275 -0.081184268 1.533715844 4.121152401 -3.504927397 0.000000000 0.000000000 -10.000000000
1776608195.492599964 0.512543201 0.285786897 0.182683289 0.061393682 0.982061148 0.158899739 -0.080855116 1.593245983 4.012836456 -3.410056353 0.000000000 0.000000000 -10.000000000
1776608195.497726679 0.512543201 0.285786897 0.182683289 0.061393682 0.982061148 0.158899739 -0.080855116 1.653408408 3.906824827 -3.314149380 0.000000000 0.000000000 -10.000000000
1776608195.502631426 0.512814283 0.287043005 0.183138907 0.060462281 0.982224941 0.158465981 -0.080417573 1.714078546 3.803522825 -3.217252016 0.000000000 0.000000000 -10.000000000
1776608195.507582426 0.513051450 0.287610620 0.183333576 0.060016636 0.982317388 0.158213958 -0.080118038 1.775146484 3.703330517 -3.119419098 0.000000000 0.000000000 -10.000000000
1776608195.512532949 0.513425887 0.288151622 0.183514744 0.059598535 0.982419789 0.157962307 -0.079669975 1.836515665 3.606638432 -3.020713806 0.000000000 0.000000000 -10.000000000
1776608195.517365694 0.513975561 0.288665771 0.183703929 0.059248656 0.982531130 0.157721192 -0.079032816 1.898110628 3.513820887 -2.921205997 0.000000000 0.000000000 -10.000000000
1776608195.522407055 0.513975561 0.288665771 0.183703929 0.059248656 0.982531130 0.157721192 -0.079032816 1.959889650 3.425230265 -2.820971966 0.000000000 0.000000000 -10.000000000
1776608195.527393103 0.514473557 0.289140224 0.183852047 0.058910049 0.982642531 0.157440335 -0.078458674 2.021849871 3.341190815 -2.720094442 0.000000000 0.000000000 -10.000000000
1776608195.532409906 0.515028417 0.289616376 0.183991522 0.058592990 0.982757151 0.157161444 -0.077817500 2.084022999 3.261997938 -2.618662357 0.000000000 0.000000000 -10.000000000
1776608195.537410259 0.515722036 0.290097207 0.184128255 0.058328796 0.982875347 0.156909242 -0.077028029 2.146468401 3.187913418 -2.516769171 0.000000000 0.000000000 -10.000000000
1776608195.542376518 0.516552508 0.290573061 0.184244692 0.058135632 0.982995391 0.156679869 -0.076103069 2.209267616 3.119161367 -2.414513826 0.000000000 0.000000000 -10.000000000
1776608195.547349215 0.517465591 0.291068226 0.184342921 0.057975844 0.983116865 0.156468168 -0.075084962 2.272520304 3.055925131 -2.312002659 0.000000000 0.000000000 -10.000000000
1776608195.552564859 0.518408537 0.291548640 0.184430391 0.057852145 0.983238578 0.156248063 -0.074037373 2.336338282 2.998342037 -2.209349155 0.000000000 0.000000000 -10.000000000
1776608195.557532310 0.519391596 0.292004049 0.184526116 0.057764966 0.983360529 0.156022042 -0.072954394 2.400835276 2.946504831 -2.106676817 0.000000000 0.000000000 -10.000000000
1776608195.562533617 0.520507872 0.292462945 0.184624970 0.057729531 0.983481407 0.155835316 -0.071742743 2.466116905 2.900462866 -2.004120350 0.000000000 0.000000000 -10.000000000
1776608195.567456007 0.521710694 0.292925805 0.184725553 0.057719126 0.983600676 0.155673966 -0.070454746 2.532269955 2.860223293 -1.901823759 0.000000000 0.000000000 -10.000000000
1776608195.572444677 0.524183214 0.293780535 0.184910983 0.057777509 0.983830512 0.155352384 -0.067859389 2.599356174 2.825752497 -1.799941540 0.000000000 0.000000000 -10.000000000
1776608195.577643871 0.524183214 0.293780535 0.184910983 0.057777509 0.983830512 0.155352384 -0.067859389 2.667407513 2.796978235 -1.698636055 0.000000000 0.000000000 -10.000000000
1776608195.582375050 0.525397062 0.294184506 0.184966296 0.057809774 0.983942032 0.155176967 -0.066604853 2.736419678 2.773791313 -1.598078132 0.000000000 0.000000000 -10.000000000
1776608195.587692976 0.526606143 0.294583738 0.185017735 0.057831168 0.984052777 0.154994011 -0.065364920 2.806346893 2.756049633 -1.498447180 0.000000000 0.000000000 -10.000000000
1776608195.592480898 0.527834952 0.295010328 0.185075194 0.057824671 0.984161854 0.154831871 -0.064100198 2.877097368 2.743581295 -1.399930477 0.000000000 0.000000000 -10.000000000
1776608195.597638607 0.529075384 0.295445949 0.185121387 0.057814684 0.984268427 0.154676661 -0.062834822 2.948531389 2.736188173 -1.302722812 0.000000000 0.000000000 -10.000000000
1776608195.603744984 0.531481743 0.296298832 0.185196042 0.057757262 0.984472394 0.154366001 -0.060410269 3.020462513 2.733649015 -1.207023144 0.000000000 0.000000000 -10.000000000
1776608195.607640743 0.532660604 0.296690911 0.185217053 0.057726756 0.984571457 0.154196098 -0.059247531 3.092659235 2.735723972 -1.113034725 0.000000000 0.000000000 -10.000000000
1776608195.612780333 0.532660604 0.296690911 0.185217053 0.057726756 0.984571457 0.154196098 -0.059247531 3.164848089 2.742158175 -1.020964026 0.000000000 0.000000000 -10.000000000
1776608195.617647409 0.535099030 0.297463357 0.185296386 0.057707008 0.984760404 0.153886855 -0.056882646 3.236717463 2.752685308 -0.931020617 0.000000000 0.000000000 -10.000000000
1776608195.622716665 0.535099030 0.297463357 0.185296386 0.057707008 0.984760404 0.153886855 -0.056882646 3.307923555 2.767031193 -0.843414664 0.000000000 0.000000000 -10.000000000
1776608195.627682686 0.536305904 0.297850579 0.185344428 0.057679296 0.984852493 0.153733000 -0.055721134 3.378101110 2.784914494 -0.758354187 0.000000000 0.000000000 -10.000000000
1776608195.632661343 0.537464321 0.298204064 0.185379326 0.057651665 0.984944999 0.153545618 -0.054620024 3.446870089 2.806048870 -0.676042616 0.000000000 0.000000000 -10.000000000
1776608195.637656689 0.538564801 0.298541158 0.185397655 0.057601649 0.985037982 0.153331161 -0.053588923 3.513843298 2.830146551 -0.596678138 0.000000000 0.000000000 -10.000000000
1776608195.642686367 0.539664388 0.298874706 0.185411125 0.057562195 0.985128224 0.153118268 -0.052571647 3.578631163 2.856920719 -0.520452380 0.000000000 0.000000000 -10.000000000
1776608195.647706509 0.541815937 0.299502909 0.185404718 0.057458073 0.985307992 0.152656063 -0.050624572 3.640846968 2.886086464 -0.447548270 0.000000000 0.000000000 -10.000000000
1776608195.652675152 0.541815937 0.299502909 0.185404718 0.057458073 0.985307992 0.152656063 -0.050624572 3.700112104 2.917363882 -0.378136784 0.000000000 0.000000000 -10.000000000
1776608195.657629967 0.542887449 0.299782127 0.185375601 0.057428438 0.985397160 0.152403489 -0.049674544 3.756062269 2.950477362 -0.312374920 0.000000000 0.000000000 -10.000000000
1776608195.662654877 0.543942392 0.300038308 0.185332358 0.057414599 0.985484540 0.152138099 -0.048762105 3.808353901 2.985157490 -0.250404686 0.000000000 0.000000000 -10.000000000
1776608195.667688131 0.545016110 0.300267577 0.185302615 0.057406083 0.985573053 0.151860237 -0.047840644 3.856669426 3.021142244 -0.192353442 0.000000000 0.000000000 -10.000000000
1776608195.672459126 0.546156168 0.300478458 0.185275018 0.057416894 0.985661447 0.151588112 -0.046859428 3.900721550 3.058178425 -0.138333917 0.000000000 0.000000000 -10.000000000
1776608195.677430868 0.547339857 0.300681055 0.185272276 0.057459660 0.985746086 0.151333123 -0.045840282 3.940257311 3.096022129 -0.088442631 0.000000000 0.000000000 -10.000000000
1776608195.682658911 0.549590826 0.301075786 0.185188919 0.057551995 0.985910416 0.150787562 -0.043948948 3.975062609 3.134436607 -0.042757232 0.000000000 0.000000000 -10.000000000
1776608195.687684059 0.550676107 0.301273584 0.185113400 0.057594754 0.985991418 0.150499195 -0.043055851 4.004965782 3.173192263 -0.001336114 0.000000000 0.000000000 -10.000000000
1776608195.692796946 0.551779568 0.301488429 0.185043693 0.057623096 0.986070871 0.150226340 -0.042140938 4.029840946 3.212065697 0.035779413 0.000000000 0.000000000 -10.000000000
1776608195.697325230 0.552909613 0.301703155 0.184971005 0.057660650 0.986149907 0.149954036 -0.041199703 4.049606800 3.250841856 0.068562314 0.000000000 0.000000000 -10.000000000
1776608195.702673197 0.554039419 0.301895291 0.184903115 0.057698369 0.986228287 0.149678156 -0.040262442 4.064230919 3.289312124 0.096997201 0.000000000 0.000000000 -10.000000000
1776608195.707406282 0.554039419 0.301895291 0.184903115 0.057698369 0.986228287 0.149678156 -0.040262442 4.073725700 3.327278376 0.121077679 0.000000000 0.000000000 -10.000000000
1776608195.712670088 0.555163264 0.302089274 0.184843719 0.057741057 0.986304522 0.149404988 -0.039338227 4.078148365 3.364552736 0.140803695 0.000000000 0.000000000 -10.000000000
1776608195.717377424 0.557521999 0.302510172 0.184794992 0.057793919 0.986450315 0.148923665 -0.037381381 4.077598572 3.400959492 0.156178951 0.000000000 0.000000000 -10.000000000
1776608195.722651482 0.557521999 0.302510172 0.184794992 0.057793919 0.986450315 0.148923665 -0.037381381 4.072219372 3.436335564 0.167208239 0.000000000 0.000000000 -10.000000000
1776608195.727686405 0.559881508 0.302962422 0.184770197 0.057815339 0.986590862 0.148463041 -0.035420239 4.062195778 3.470531464 0.173894957 0.000000000 0.000000000 -10.000000000
1776608195.732809544 0.560988009 0.303207725 0.184752822 0.057793874 0.986658812 0.148232386 -0.034516215 4.047753334 3.503411531 0.176238894 0.000000000 0.000000000 -10.000000000
1776608195.737635374 0.562092304 0.303447604 0.184738874 0.057797600 0.986724019 0.148000970 -0.033628196 4.029155731 3.534856796 0.174234629 0.000000000 0.000000000 -10.000000000
1776608195.742689133 0.563195884 0.303696394 0.184723407 0.057799097 0.986786246 0.147783667 -0.032744598 4.006700993 3.564764977 0.167870522 0.000000000 0.000000000 -10.000000000
1776608195.747669458 0.563195884 0.303696394 0.184723407 0.057799097 0.986786246 0.147783667 -0.032744598 3.980715513 3.593051195 0.157127693 0.000000000 0.000000000 -10.000000000
1776608195.752652168 0.565402091 0.304196000 0.184683919 0.057857610 0.986900270 0.147373438 -0.031006396 3.951550484 3.619645834 0.141978964 0.000000000 0.000000000 -10.000000000
1776608195.757554531 0.566512227 0.304457575 0.184698224 0.057925936 0.986948311 0.147204176 -0.030142758 3.919579268 3.644493103 0.122387350 0.000000000 0.000000000 -10.000000000
1776608195.762547731 0.566512227 0.304457575 0.184698224 0.057925936 0.986948311 0.147204176 -0.030142758 3.885193110 3.667547941 0.098304540 0.000000000 0.000000000 -10.000000000
1776608195.767575979 0.567635536 0.304734319 0.184733987 0.058015931 0.986991465 0.147055924 -0.029267184 3.848798037 3.688773870 0.069670044 0.000000000 0.000000000 -10.000000000
1776608195.772696733 0.569881618 0.305308759 0.184815526 0.058233056 0.987064600 0.146815658 -0.027524658 3.810811996 3.708142519 0.036411338 0.000000000 0.000000000 -10.000000000
1776608195.777696609 0.569881618 0.305308759 0.184815526 0.058233056 0.987064600 0.146815658 -0.027524658 3.771661997 3.725631475 -0.001554737 0.000000000 0.000000000 -10.000000000
1776608195.782789946 0.570972145 0.305623472 0.184848547 0.058378074 0.987090945 0.146733463 -0.026696645 3.731781244 3.741220951 -0.044317935 0.000000000 0.000000000 -10.000000000
1776608195.787649870 0.573027194 0.306298077 0.184898257 0.058685426 0.987130582 0.146611735 -0.025182959 3.691605330 3.754894733 -0.091967374 0.000000000 0.000000000 -10.000000000
1776608195.792753935 0.574071407 0.306656569 0.184941024 0.058830604 0.987146020 0.146582246 -0.024400437 3.651565075 3.766638994 -0.144587621 0.000000000 0.000000000 -10.000000000
1776608195.797907591 0.575098634 0.307005495 0.184979200 0.058971189 0.987161696 0.146545440 -0.023635734 3.612082481 3.776443481 -0.202262938 0.000000000 0.000000000 -10.000000000
1776608195.802786112 0.576131761 0.307351619 0.185050547 0.059099767 0.987176239 0.146517456 -0.022867417 3.573567152 3.784300566 -0.265082359 0.000000000 0.000000000 -10.000000000
1776608195.807576418 0.577142179 0.307706535 0.185141176 0.059207592 0.987190068 0.146495894 -0.022117488 3.536410570 3.790205717 -0.333140165 0.000000000 0.000000000 -10.000000000
1776608195.812522650 0.577142179 0.307706535 0.185141176 0.059207592 0.987190068 0.146495894 -0.022117488 3.500981331 3.794157743 -0.406534582 0.000000000 0.000000000 -10.000000000
1776608195.817347765 0.578070879 0.308052659 0.185227692 0.059312705 0.987202466 0.146466896 -0.021465277 3.467610836 3.796159744 -0.485366493 0.000000000 0.000000000 -10.000000000
1776608195.822397232 0.578846931 0.308395624 0.185292393 0.059380781 0.987215698 0.146418601 -0.020993015 3.436581135 3.796219826 -0.569738626 0.000000000 0.000000000 -10.000000000
1776608195.827361822 0.580213845 0.309116602 0.185425401 0.059505194 0.987233281 0.146348208 -0.020291233 3.408116341 3.794348001 -0.659754694 0.000000000 0.000000000 -10.000000000
1776608195.832442999 0.580213845 0.309116602 0.185425401 0.059505194 0.987233281 0.146348208 -0.020291233 3.382380486 3.790554285 -0.755518615 0.000000000 0.000000000 -10.000000000
1776608195.837369204 0.581202269 0.309890985 0.185549736 0.059635945 0.987231255 0.146339908 -0.020064803 3.359480143 3.784845829 -0.857132494 0.000000000 0.000000000 -10.000000000
1776608195.842497349 0.581202269 0.309890985 0.185549736 0.059635945 0.987231255 0.146339908 -0.020064803 3.339465857 3.777225971 -0.964694917 0.000000000 0.000000000 -10.000000000
1776608195.847365141 0.581911862 0.310539573 0.185631692 0.059818849 0.987224936 0.146287650 -0.020212129 3.322338820 3.767696619 -1.078298688 0.000000000 0.000000000 -10.000000000
1776608195.852360487 0.582223237 0.310834348 0.185676336 0.059899811 0.987223685 0.146243423 -0.020353645 3.308055401 3.756260872 -1.198028922 0.000000000 0.000000000 -10.000000000
1776608195.857378721 0.582223237 0.310834348 0.185676336 0.059899811 0.987223685 0.146243423 -0.020353645 3.296532631 3.742926359 -1.323961258 0.000000000 0.000000000 -10.000000000
1776608195.862398148 0.582698584 0.311279655 0.185713857 0.060062338 0.987232924 0.146046609 -0.020835230 3.287654877 3.727708817 -1.456158519 0.000000000 0.000000000 -10.000000000
1776608195.867396832 0.582793057 0.311429739 0.185689449 0.060102858 0.987247944 0.145869806 -0.021240309 3.281276941 3.710632324 -1.594668865 0.000000000 0.000000000 -10.000000000
1776608195.872526169 0.582793057 0.311429739 0.185689449 0.060102858 0.987247944 0.145869806 -0.021240309 3.277227879 3.691731691 -1.739523530 0.000000000 0.000000000 -10.000000000
1776608195.877407074 0.582696557 0.311556220 0.185575634 0.060202174 0.987290204 0.145365804 -0.022418605 3.275315762 3.671052933 -1.890735626 0.000000000 0.000000000 -10.000000000
1776608195.882359505 0.582696557 0.311556220 0.185575634 0.060202174 0.987290204 0.145365804 -0.022418605 3.275328398 3.648654461 -2.048298836 0.000000000 0.000000000 -10.000000000
1776608195.887370586 0.582619429 0.311558306 0.185527593 0.060233615 0.987313867 0.145092279 -0.023053013 3.277035713 3.624611139 -2.212185621 0.000000000 0.000000000 -10.000000000
1776608195.892425537 0.582497120 0.311502695 0.185450792 0.060267270 0.987341046 0.144781277 -0.023746945 3.280191898 3.599014759 -2.382343292 0.000000000 0.000000000 -10.000000000
1776608195.897382975 0.582353711 0.311247140 0.185286909 0.060480025 0.987388790 0.144145101 -0.025054164 3.284538984 3.571978807 -2.558691740 0.000000000 0.000000000 -10.000000000
1776608195.902679443 0.582353711 0.311247140 0.185286909 0.060480025 0.987388790 0.144145101 -0.025054164 3.289813757 3.543641567 -2.741121531 0.000000000 0.000000000 -10.000000000
1776608195.907491684 0.582357585 0.311044812 0.185226947 0.060629118 0.987410188 0.143832639 -0.025639232 3.295752287 3.514171839 -2.929494143 0.000000000 0.000000000 -10.000000000
1776608195.912653685 0.582438469 0.310818642 0.185197949 0.060786679 0.987429380 0.143543825 -0.026141739 3.302097321 3.483775139 -3.123639584 0.000000000 0.000000000 -10.000000000
1776608195.917368412 0.582569242 0.310572147 0.185171008 0.060937382 0.987448037 0.143270254 -0.026581919 3.308602095 3.452698708 -3.323355913 0.000000000 0.000000000 -10.000000000
1776608195.922668219 0.582705379 0.310303807 0.185129404 0.061082292 0.987466991 0.142997220 -0.027013263 3.315037727 3.421233177 -3.528409004 0.000000000 0.000000000 -10.000000000
1776608195.927480698 0.582978070 0.309725165 0.185004473 0.061382983 0.987501860 0.142462894 -0.027866321 3.321199894 3.389712811 -3.738533258 0.000000000 0.000000000 -10.000000000
1776608195.932366848 0.582978070 0.309725165 0.185004473 0.061382983 0.987501860 0.142462894 -0.027866321 3.326913595 3.358516216 -3.953428745 0.000000000 0.000000000 -10.000000000
1776608195.937726736 0.583100200 0.309395313 0.184919059 0.061541863 0.987518609 0.142191038 -0.028307738 3.332037687 3.328064442 -4.172763348 0.000000000 0.000000000 -10.000000000
1776608195.942677975 0.583311379 0.308718741 0.184756935 0.061870653 0.987543702 0.141688392 -0.029220432 3.336466789 3.298816204 -4.396171570 0.000000000 0.000000000 -10.000000000
1776608195.947902441 0.583311379 0.308718741 0.184756935 0.061870653 0.987543702 0.141688392 -0.029220432 3.340130329 3.271258593 -4.623255253 0.000000000 0.000000000 -10.000000000
1776608195.952403545 0.583540738 0.307954282 0.184610963 0.062383734 0.987543643 0.141269788 -0.030143503 3.342991829 3.245894670 -4.853583336 0.000000000 0.000000000 -10.000000000
1776608195.957627535 0.583540738 0.307954282 0.184610963 0.062383734 0.987543643 0.141269788 -0.030143503 3.345046759 3.223236561 -5.086698532 0.000000000 0.000000000 -10.000000000
1776608195.962393761 0.583620608 0.307521552 0.184521765 0.062734433 0.987530172 0.141094491 -0.030674020 3.346318960 3.203800678 -5.322120667 0.000000000 0.000000000 -10.000000000
1776608195.967658997 0.583638072 0.306735098 0.184335679 0.063586578 0.987458050 0.140937597 -0.031935990 3.346852779 3.188097954 -5.559350967 0.000000000 0.000000000 -10.000000000
1776608195.972861052 0.583638072 0.306735098 0.184335679 0.063586578 0.987458050 0.140937597 -0.031935990 3.346703768 3.176623344 -5.797874451 0.000000000 0.000000000 -10.000000000
1776608195.977651119 0.583650947 0.306048930 0.184225529 0.064667158 0.987322390 0.141092047 -0.033251461 3.345934868 3.169846773 -6.037163734 0.000000000 0.000000000 -10.000000000
1776608195.982355595 0.583650947 0.306048930 0.184225529 0.064667158 0.987322390 0.141092047 -0.033251461 3.344612598 3.168206453 -6.276682377 0.000000000 0.000000000 -10.000000000
1776608195.987573624 0.583609402 0.305725574 0.184186488 0.065270938 0.987234771 0.141256049 -0.033969898 3.342806101 3.172103167 -6.515887260 0.000000000 0.000000000 -10.000000000
1776608195.992403746 0.583526134 0.305434823 0.184146166 0.065907709 0.987133920 0.141478598 -0.034736197 3.340585232 3.181897879 -6.754232407 0.000000000 0.000000000 -10.000000000
1776608195.997378111 0.583435416 0.305144459 0.184107989 0.066591367 0.987021804 0.141746446 -0.035517439 3.338018417 3.197906971 -6.991170406 0.000000000 0.000000000 -10.000000000
1776608196.002505541 0.583356738 0.304824144 0.184059590 0.067329235 0.986900508 0.142044514 -0.036297571 3.335170984 3.220400572 -7.226155758 0.000000000 0.000000000 -10.000000000
1776608196.007621288 0.583261549 0.304486990 0.184005797 0.068093397 0.986772656 0.142361119 -0.037099633 3.332104206 3.249598503 -7.458647251 0.000000000 0.000000000 -10.000000000
1776608196.012443304 0.583184958 0.304111570 0.183958232 0.068883970 0.986640334 0.142692879 -0.037875343 3.328873873 3.285669804 -7.688112259 0.000000000 0.000000000 -10.000000000
1776608196.017472029 0.582969248 0.303293079 0.183863252 0.070335701 0.986374140 0.143394694 -0.039457474 3.325529337 3.328730822 -7.914026737 0.000000000 0.000000000 -10.000000000
1776608196.022718430 0.582969248 0.303293079 0.183863252 0.070335701 0.986374140 0.143394694 -0.039457474 3.322112799 3.378845453 -8.135881424 0.000000000 0.000000000 -10.000000000
1776608196.027497292 0.582703054 0.302523375 0.183817118 0.071520373 0.986109436 0.144195482 -0.040996190 3.318659544 3.436022997 -8.353180885 0.000000000 0.000000000 -10.000000000
1776608196.032644749 0.582703054 0.302523375 0.183817118 0.071520373 0.986109436 0.144195482 -0.040996190 3.315195799 3.500217915 -8.565449715 0.000000000 0.000000000 -10.000000000
1776608196.037690163 0.582228541 0.301653922 0.183665097 0.072292969 0.985876322 0.144916549 -0.042671442 3.311736822 3.571329117 -8.772231102 0.000000000 0.000000000 -10.000000000
1776608196.042669535 0.582228541 0.301653922 0.183665097 0.072292969 0.985876322 0.144916549 -0.042671442 3.308283329 3.649201155 -8.973090172 0.000000000 0.000000000 -10.000000000
1776608196.047679186 0.581976116 0.301163107 0.183584452 0.072562113 0.985773087 0.145239308 -0.043493513 3.304820061 3.733629704 -9.167617798 0.000000000 0.000000000 -10.000000000
1776608196.052671194 0.581426978 0.300084233 0.183443874 0.072921835 0.985588253 0.145820424 -0.045106966 3.301319838 3.824363947 -9.355431557 0.000000000 0.000000000 -10.000000000
1776608196.057734251 0.581111670 0.299486607 0.183363706 0.073044449 0.985507309 0.146048754 -0.045930058 3.297743082 3.921111584 -9.536179543 0.000000000 0.000000000 -10.000000000
1776608196.062560081 0.580754817 0.298830390 0.183270782 0.073144034 0.985435307 0.146212146 -0.046789311 3.294041157 4.023542881 -9.709536552 0.000000000 0.000000000 -10.000000000
1776608196.067485094 0.580392301 0.298126280 0.183159620 0.073231548 0.985372007 0.146318883 -0.047644377 3.290154696 4.131294727 -9.875210762 0.000000000 0.000000000 -10.000000000
1776608196.072707415 0.579955220 0.297388822 0.183021009 0.073302217 0.985316157 0.146357000 -0.048564788 3.286011696 4.243974209 -10.032939911 0.000000000 0.000000000 -10.000000000
1776608196.078557968 0.579455733 0.296637952 0.182874054 0.073358096 0.985265195 0.146346003 -0.049537688 3.281524181 4.361165047 -10.182493210 0.000000000 0.000000000 -10.000000000
1776608196.082617521 0.579455733 0.296637952 0.182874054 0.073358096 0.985265195 0.146346003 -0.049537688 3.276586294 4.482430935 -10.323674202 0.000000000 0.000000000 -10.000000000
1776608196.087590218 0.578400493 0.295111120 0.182625294 0.073468670 0.985172272 0.146248326 -0.051472448 3.271073818 4.607323170 -10.456316948 0.000000000 0.000000000 -10.000000000
1776608196.092389584 0.578400493 0.295111120 0.182625294 0.073468670 0.985172272 0.146248326 -0.051472448 3.264845610 4.735378265 -10.580292702 0.000000000 0.000000000 -10.000000000
1776608196.097415924 0.577854335 0.294349849 0.182520598 0.073547758 0.985123575 0.146193907 -0.052436937 3.257746935 4.866117954 -10.695497513 0.000000000 0.000000000 -10.000000000
1776608196.102374077 0.577292025 0.293515384 0.182392746 0.073676519 0.985077500 0.146081880 -0.053424060 3.249612808 4.999049664 -10.801856995 0.000000000 0.000000000 -10.000000000
1776608196.107491493 0.576724887 0.292616725 0.182246566 0.073873162 0.985031068 0.145927578 -0.054421254 3.240271091 5.133665085 -10.899320602 0.000000000 0.000000000 -10.000000000
1776608196.112362623 0.576170504 0.291713417 0.182101011 0.074089795 0.984983802 0.145770922 -0.055393662 3.229547501 5.269442081 -10.987854958 0.000000000 0.000000000 -10.000000000
1776608196.117354631 0.575658560 0.290845156 0.181962341 0.074339367 0.984931171 0.145650581 -0.056304574 3.217269897 5.405847549 -11.067440987 0.000000000 0.000000000 -10.000000000
1776608196.122420073 0.575114727 0.289985090 0.181805462 0.074579604 0.984878600 0.145518735 -0.057239350 3.203275681 5.542336464 -11.138075829 0.000000000 0.000000000 -10.000000000
1776608196.127686977 0.574588180 0.289131761 0.181635410 0.074812315 0.984828770 0.145380408 -0.058137551 3.187419653 5.678357124 -11.199765205 0.000000000 0.000000000 -10.000000000
1776608196.132528067 0.574139535 0.288291276 0.181470007 0.075064756 0.984781206 0.145252436 -0.058932457 3.169579983 5.813351154 -11.252531052 0.000000000 0.000000000 -10.000000000
1776608196.137679577 0.573745728 0.287454009 0.181289971 0.075282626 0.984741151 0.145120144 -0.059645046 3.149666309 5.946760178 -11.296403885 0.000000000 0.000000000 -10.000000000
1776608196.142560720 0.573359847 0.286625206 0.181103855 0.075471602 0.984705806 0.144977629 -0.060332533 3.127623320 6.078031540 -11.331433296 0.000000000 0.000000000 -10.000000000
1776608196.147735834 0.573039293 0.285818517 0.180919319 0.075658701 0.984672308 0.144856289 -0.060932994 3.103436947 6.206621647 -11.357686043 0.000000000 0.000000000 -10.000000000
1776608196.152384520 0.572757483 0.284997821 0.180718273 0.075828850 0.984643698 0.144731641 -0.061478309 3.077136755 6.331998348 -11.375248909 0.000000000 0.000000000 -10.000000000
1776608196.157442331 0.572544098 0.284180641 0.180518806 0.076031588 0.984613061 0.144634247 -0.061945241 3.048799276 6.453641891 -11.384234428 0.000000000 0.000000000 -10.000000000
1776608196.162743807 0.572409391 0.283395648 0.180324644 0.076252401 0.984578967 0.144590393 -0.062317699 3.018548965 6.571042061 -11.384786606 0.000000000 0.000000000 -10.000000000
1776608196.167523623 0.572259843 0.282701433 0.180146486 0.076495849 0.984525323 0.144654945 -0.062715061 2.986557007 6.683701038 -11.377080917 0.000000000 0.000000000 -10.000000000
1776608196.172541618 0.572172344 0.282075554 0.179993391 0.076789416 0.984455347 0.144828796 -0.063052990 2.953037500 6.791133404 -11.361333847 0.000000000 0.000000000 -10.000000000
1776608196.177753210 0.572123289 0.281532466 0.179855794 0.077120408 0.984368801 0.145109922 -0.063353397 2.918241739 6.892870426 -11.337804794 0.000000000 0.000000000 -10.000000000
1776608196.182370424 0.572056711 0.280678213 0.179643661 0.077876523 0.984144270 0.145965666 -0.063948110 2.882454157 6.988468170 -11.306798935 0.000000000 0.000000000 -10.000000000
1776608196.187755346 0.572056711 0.280678213 0.179643661 0.077876523 0.984144270 0.145965666 -0.063948110 2.845981598 7.077515602 -11.268668175 0.000000000 0.000000000 -10.000000000
1776608196.192748070 0.571933925 0.280093312 0.179512203 0.078692287 0.983855486 0.147162274 -0.064646840 2.809146881 7.159646988 -11.223812103 0.000000000 0.000000000 -10.000000000
1776608196.197710752 0.571847975 0.279830515 0.179462820 0.079116896 0.983698070 0.147812635 -0.065038398 2.772275925 7.234550953 -11.172677994 0.000000000 0.000000000 -10.000000000
1776608196.202399254 0.571725726 0.279570639 0.179410279 0.079525672 0.983538866 0.148460880 -0.065469801 2.735689402 7.301980495 -11.115758896 0.000000000 0.000000000 -10.000000000
1776608196.207722902 0.571725726 0.279570639 0.179410279 0.079525672 0.983538866 0.148460880 -0.065469801 2.699690104 7.361761570 -11.053590775 0.000000000 0.000000000 -10.000000000
1776608196.212481022 0.571416974 0.279025704 0.179312527 0.080265686 0.983227849 0.149707079 -0.066394687 2.664555550 7.413797379 -10.986750603 0.000000000 0.000000000 -10.000000000
1776608196.217663288 0.571416974 0.279025704 0.179312527 0.080265686 0.983227849 0.149707079 -0.066394687 2.630530596 7.458073616 -10.915848732 0.000000000 0.000000000 -10.000000000
1776608196.222697973 0.571034729 0.278470159 0.179211885 0.080921695 0.982922435 0.150910899 -0.067387648 2.597824812 7.494656086 -10.841523170 0.000000000 0.000000000 -10.000000000
1776608196.227591276 0.570807159 0.278171569 0.179154813 0.081204593 0.982776821 0.151470020 -0.067914799 2.566608667 7.523689747 -10.764433861 0.000000000 0.000000000 -10.000000000
1776608196.232450008 0.570807159 0.278171569 0.179154813 0.081204593 0.982776821 0.151470020 -0.067914799 2.537014723 7.545392513 -10.685260773 0.000000000 0.000000000 -10.000000000
1776608196.237359762 0.570593119 0.277855575 0.179088116 0.081472397 0.982638299 0.151997417 -0.068417817 2.509137869 7.560050964 -10.604689598 0.000000000 0.000000000 -10.000000000
1776608196.242379189 0.570383430 0.277528912 0.179007024 0.081717007 0.982505620 0.152504191 -0.068902493 2.483039379 7.568013668 -10.523412704 0.000000000 0.000000000 -10.000000000
1776608196.247376680 0.570193768 0.277195990 0.178923190 0.081950709 0.982379019 0.152989253 -0.069353290 2.458752394 7.569685936 -10.442117691 0.000000000 0.000000000 -10.000000000
1776608196.252367020 0.570031881 0.276847064 0.178833872 0.082177520 0.982257664 0.153458238 -0.069766276 2.436288118 7.565521717 -10.361487389 0.000000000 0.000000000 -10.000000000
1776608196.257552624 0.569867194 0.276489526 0.178730488 0.082417578 0.982138097 0.153907567 -0.070174858 2.415640354 7.556016922 -10.282185555 0.000000000 0.000000000 -10.000000000
1776608196.262712717 0.569727778 0.276120842 0.178623796 0.082650758 0.982023895 0.154341057 -0.070546329 2.396791458 7.541700840 -10.204862595 0.000000000 0.000000000 -10.000000000
1776608196.267479420 0.569649220 0.275773644 0.178532332 0.082894742 0.981910765 0.154792130 -0.070845850 2.379717112 7.523126125 -10.130142212 0.000000000 0.000000000 -10.000000000
1776608196.272659540 0.569589615 0.275462508 0.178445816 0.083155148 0.981793165 0.155271083 -0.071121961 2.364391088 7.500858307 -10.058626175 0.000000000 0.000000000 -10.000000000
1776608196.277437449 0.569543064 0.275176406 0.178365082 0.083431549 0.981672525 0.155765489 -0.071381353 2.350790739 7.475471020 -9.990882874 0.000000000 0.000000000 -10.000000000
1776608196.282670259 0.569502175 0.274937361 0.178296536 0.083713531 0.981546521 0.156290844 -0.071635291 2.338897705 7.447534084 -9.927449226 0.000000000 0.000000000 -10.000000000
1776608196.287761450 0.569515467 0.274742663 0.178255737 0.084017895 0.981413960 0.156867191 -0.071835414 2.328702927 7.417613029 -9.868825912 0.000000000 0.000000000 -10.000000000
1776608196.292746544 0.569660723 0.274507344 0.178232104 0.084736235 0.981119514 0.158184394 -0.072124533 2.320210457 7.386259079 -9.815475464 0.000000000 0.000000000 -10.000000000
1776608196.297453403 0.569660723 0.274507344 0.178232104 0.084736235 0.981119514 0.158184394 -0.072124533 2.313440084 7.354006290 -9.767814636 0.000000000 0.000000000 -10.000000000
1776608196.303003550 0.569763958 0.274426460 0.178228617 0.085139066 0.980963409 0.158880919 -0.072242245 2.308430195 7.321367741 -9.726215363 0.000000000 0.000000000 -10.000000000
1776608196.307846546 0.570182741 0.274323851 0.178250730 0.086004786 0.980651021 0.160341233 -0.072231553 2.305242062 7.288830280 -9.690999985 0.000000000 0.000000000 -10.000000000
1776608196.312770844 0.570421219 0.274294972 0.178250194 0.086465493 0.980491877 0.161081761 -0.072194770 2.303963900 7.256847858 -9.662442207 0.000000000 0.000000000 -10.000000000
1776608196.317741632 0.570657134 0.274278075 0.178222209 0.086932413 0.980331421 0.161819190 -0.072163597 2.304713249 7.225835800 -9.640759468 0.000000000 0.000000000 -10.000000000
1776608196.322753668 0.570657134 0.274278075 0.178222209 0.086932413 0.980331421 0.161819190 -0.072163597 2.307636976 7.196166992 -9.626116753 0.000000000 0.000000000 -10.000000000
1776608196.327677250 0.571165681 0.274249613 0.178160727 0.087865598 0.980016947 0.163258046 -0.072063692 2.312908649 7.168172359 -9.618628502 0.000000000 0.000000000 -10.000000000
1776608196.332748175 0.571372509 0.274214625 0.178126782 0.088281676 0.979869127 0.163921118 -0.072060160 2.320725918 7.142141342 -9.618355751 0.000000000 0.000000000 -10.000000000
1776608196.337777376 0.571563721 0.274179339 0.178092390 0.088663734 0.979728103 0.164552793 -0.072069183 2.331304550 7.118322372 -9.625311852 0.000000000 0.000000000 -10.000000000
1776608196.342931271 0.571718335 0.274122715 0.178040206 0.089056388 0.979586959 0.165153146 -0.072130337 2.344874382 7.096929073 -9.639464378 0.000000000 0.000000000 -10.000000000
1776608196.347736835 0.571718335 0.274122715 0.178040206 0.089056388 0.979586959 0.165153146 -0.072130337 2.361675501 7.078142166 -9.660741806 0.000000000 0.000000000 -10.000000000
1776608196.352385044 0.571890593 0.273940682 0.177878529 0.089726709 0.979327023 0.166211128 -0.072398759 2.381953239 7.062111855 -9.689038277 0.000000000 0.000000000 -10.000000000
1776608196.357774734 0.571890593 0.273940682 0.177878529 0.089726709 0.979327023 0.166211128 -0.072398759 2.405953646 7.048962593 -9.724217415 0.000000000 0.000000000 -10.000000000
1776608196.362523317 0.571895361 0.273812294 0.177776068 0.090038627 0.979204416 0.166664630 -0.072626457 2.433918715 7.038794518 -9.766125679 0.000000000 0.000000000 -10.000000000
1776608196.367427588 0.571884871 0.273684114 0.177678913 0.090306848 0.979089439 0.167090595 -0.072864495 2.466082573 7.031690598 -9.814589500 0.000000000 0.000000000 -10.000000000
1776608196.372409821 0.571883619 0.273541570 0.177592218 0.090557709 0.978979111 0.167501688 -0.073091976 2.502669573 7.027720451 -9.869430542 0.000000000 0.000000000 -10.000000000
1776608196.377460241 0.571865439 0.273407757 0.177505285 0.090802349 0.978871524 0.167891234 -0.073335283 2.543893337 7.026943684 -9.930464745 0.000000000 0.000000000 -10.000000000
1776608196.382698536 0.571829677 0.273262888 0.177400053 0.091032349 0.978769720 0.168246120 -0.073594399 2.589953423 7.029416084 -9.997515678 0.000000000 0.000000000 -10.000000000
1776608196.387445211 0.571799755 0.272974193 0.177178174 0.091446519 0.978579998 0.168915763 -0.074068666 2.641034842 7.035192013 -10.070414543 0.000000000 0.000000000 -10.000000000
1776608196.392739773 0.571799755 0.272974193 0.177178174 0.091446519 0.978579998 0.168915763 -0.074068666 2.697305918 7.044328213 -10.149008751 0.000000000 0.000000000 -10.000000000
1776608196.397444963 0.571881473 0.272764266 0.176999450 0.091908574 0.978380978 0.169650570 -0.074445777 2.758917093 7.056885719 -10.233170509 0.000000000 0.000000000 -10.000000000
1776608196.402361631 0.571881473 0.272764266 0.176999450 0.091908574 0.978380978 0.169650570 -0.074445777 2.826000214 7.072929382 -10.322790146 0.000000000 0.000000000 -10.000000000
1776608196.407418966 0.571937501 0.272680849 0.176932871 0.092134394 0.978281736 0.170023590 -0.074619792 2.898668289 7.092529774 -10.417787552 0.000000000 0.000000000 -10.000000000
1776608196.412397861 0.572051823 0.272606522 0.176892728 0.092385210 0.978182793 0.170407116 -0.074731231 2.977017879 7.115761757 -10.518107414 0.000000000 0.000000000 -10.000000000
1776608196.417751789 0.572174966 0.272534251 0.176867276 0.092651360 0.978082776 0.170791179 -0.074834555 3.061127901 7.142703056 -10.623717308 0.000000000 0.000000000 -10.000000000
1776608196.422615290 0.572293580 0.272469521 0.176843166 0.092904076 0.977985144 0.171169057 -0.074933767 3.151062250 7.173437595 -10.734608650 0.000000000 0.000000000 -10.000000000
1776608196.427461624 0.572410643 0.272396088 0.176818430 0.093157336 0.977890313 0.171530232 -0.075030603 3.246868372 7.208049297 -10.850788116 0.000000000 0.000000000 -10.000000000
1776608196.432381392 0.572518706 0.272323489 0.176791012 0.093416341 0.977796078 0.171880424 -0.075135745 3.348576069 7.246623993 -10.972274780 0.000000000 0.000000000 -10.000000000
1776608196.437505245 0.572615802 0.272256404 0.176761925 0.093677714 0.977702916 0.172219127 -0.075246930 3.456197500 7.289245605 -11.099094391 0.000000000 0.000000000 -10.000000000
1776608196.442772865 0.572712302 0.272190690 0.176743686 0.093941830 0.977611542 0.172548264 -0.075350240 3.569727182 7.335993767 -11.231273651 0.000000000 0.000000000 -10.000000000
1776608196.447878361 0.572875142 0.272030711 0.176730067 0.094451480 0.977436960 0.173164591 -0.075564079 3.689140081 7.386943817 -11.368833542 0.000000000 0.000000000 -10.000000000
1776608196.452705860 0.572875142 0.272030711 0.176730067 0.094451480 0.977436960 0.173164591 -0.075564079 3.814388752 7.442163944 -11.511788368 0.000000000 0.000000000 -10.000000000
1776608196.457727671 0.572988451 0.271803558 0.176713973 0.094938084 0.977279723 0.173676893 -0.075812116 3.945400953 7.501715660 -11.660133362 0.000000000 0.000000000 -10.000000000
1776608196.462709188 0.572988451 0.271803558 0.176713973 0.094938084 0.977279723 0.173676893 -0.075812116 4.082077026 7.565653801 -11.813847542 0.000000000 0.000000000 -10.000000000
1776608196.467827082 0.573002696 0.271654040 0.176688194 0.095185041 0.977205157 0.173885375 -0.075985558 4.224286079 7.634022713 -11.972881317 0.000000000 0.000000000 -10.000000000
1776608196.473252296 0.572920859 0.271338165 0.176624238 0.095632479 0.977065027 0.174225688 -0.076444514 4.371861935 7.706859589 -12.137159348 0.000000000 0.000000000 -10.000000000
1776608196.477433920 0.572871625 0.271148562 0.176595926 0.095841832 0.977002084 0.174361467 -0.076677263 4.524599075 7.784193039 -12.306571960 0.000000000 0.000000000 -10.000000000
1776608196.482516050 0.572871625 0.271148562 0.176595926 0.095841832 0.977002084 0.174361467 -0.076677263 4.682250500 7.866044044 -12.480978966 0.000000000 0.000000000 -10.000000000
1776608196.487506866 0.572806478 0.270934910 0.176559478 0.096035220 0.976945519 0.174464792 -0.076919891 4.844527245 7.952425957 -12.660202980 0.000000000 0.000000000 -10.000000000
1776608196.492393017 0.572716713 0.270719826 0.176508039 0.096197292 0.976896524 0.174539357 -0.077170618 5.011095524 8.043345451 -12.844033241 0.000000000 0.000000000 -10.000000000
1776608196.497391224 0.572634459 0.270488322 0.176449418 0.096340023 0.976856649 0.174584746 -0.077394061 5.181578159 8.138804436 -13.032221794 0.000000000 0.000000000 -10.000000000
1776608196.502403498 0.572589695 0.270229936 0.176394343 0.096468665 0.976826310 0.174611241 -0.077557169 5.355554104 8.238797188 -13.224487305 0.000000000 0.000000000 -10.000000000
1776608196.507652044 0.572542310 0.269663155 0.176270664 0.096677072 0.976791859 0.174592525 -0.077773370 5.532561302 8.343307495 -13.420515060 0.000000000 0.000000000 -10.000000000
1776608196.512763977 0.572505891 0.269380271 0.176201761 0.096774481 0.976779222 0.174563989 -0.077874422 5.712099552 8.452310562 -13.619962692 0.000000000 0.000000000 -10.000000000
1776608196.518445492 0.572505891 0.269380271 0.176201761 0.096774481 0.976779222 0.174563989 -0.077874422 5.893634796 8.565765381 -13.822458267 0.000000000 0.000000000 -10.000000000
1776608196.522937298 0.572472751 0.269087732 0.176127166 0.096892141 0.976765573 0.174532682 -0.077969871 6.076601505 8.683613777 -14.027607918 0.000000000 0.000000000 -10.000000000
1776608196.527446508 0.572383702 0.268506825 0.175966173 0.097145587 0.976732373 0.174481019 -0.078185529 6.260407448 8.805777550 -14.235000610 0.000000000 0.000000000 -10.000000000
1776608196.532374620 0.572383702 0.268506825 0.175966173 0.097145587 0.976732373 0.174481019 -0.078185529 6.444437981 8.932159424 -14.444213867 0.000000000 0.000000000 -10.000000000
1776608196.537346363 0.572321534 0.268233359 0.175881326 0.097255491 0.976716816 0.174454540 -0.078302011 6.628061295 9.062638283 -14.654817581 0.000000000 0.000000000 -10.000000000
1776608196.542753220 0.572263002 0.267967284 0.175799668 0.097373404 0.976700783 0.174428657 -0.078413025 6.810633659 9.197073936 -14.866384506 0.000000000 0.000000000 -10.000000000
1776608196.547388315 0.572165012 0.267419636 0.175637096 0.097653098 0.976664007 0.174383730 -0.078623049 6.991505623 9.335304260 -15.078493118 0.000000000 0.000000000 -10.000000000
1776608196.552705765 0.572106719 0.267149687 0.175556153 0.097798906 0.976644218 0.174360186 -0.078739993 7.170026779 9.477150917 -15.290735245 0.000000000 0.000000000 -10.000000000
1776608196.557386398 0.572044313 0.266894490 0.175477654 0.097939052 0.976625144 0.174334601 -0.078858659 7.345552921 9.622418404 -15.502720833 0.000000000 0.000000000 -10.000000000
1776608196.562840700 0.572044313 0.266894490 0.175477654 0.097939052 0.976625144 0.174334601 -0.078858659 7.517449379 9.770898819 -15.714081764 0.000000000 0.000000000 -10.000000000
1776608196.567390203 0.571862459 0.266388595 0.175304443 0.098219782 0.976585150 0.174266160 -0.079155676 7.685097218 9.922369957 -15.924479485 0.000000000 0.000000000 -10.000000000
1776608196.572387934 0.571704566 0.266127944 0.175210476 0.098355845 0.976561666 0.174218208 -0.079382062 7.847895622 10.076597214 -16.133604050 0.000000000 0.000000000 -10.000000000
1776608196.577660084 0.571704566 0.266127944 0.175210476 0.098355845 0.976561666 0.174218208 -0.079382062 8.005265236 10.233340263 -16.341178894 0.000000000 0.000000000 -10.000000000
1776608196.582829475 0.571408033 0.265637726 0.175059468 0.098597340 0.976518273 0.174131334 -0.079805218 8.156649590 10.392353058 -16.546966553 0.000000000 0.000000000 -10.000000000
1776608196.587386131 0.571242750 0.265400946 0.174986362 0.098691136 0.976499021 0.174083620 -0.080029137 8.301521301 10.553383827 -16.750766754 0.000000000 0.000000000 -10.000000000
1776608196.592475176 0.571242750 0.265400946 0.174986362 0.098691136 0.976499021 0.174083620 -0.080029137 8.439378738 10.716177940 -16.952413559 0.000000000 0.000000000 -10.000000000
1776608196.597388506 0.571059048 0.265159249 0.174917996 0.098777637 0.976479053 0.174032480 -0.080276676 8.569752693 10.880477905 -17.151786804 0.000000000 0.000000000 -10.000000000
1776608196.603129625 0.570882678 0.264912903 0.174856126 0.098856986 0.976459384 0.173985034 -0.080520749 8.692206383 11.046022415 -17.348794937 0.000000000 0.000000000 -10.000000000
1776608196.608324051 0.570570111 0.264439404 0.174741358 0.098965056 0.976426780 0.173905551 -0.080954082 8.806339264 11.212546349 -17.543390274 0.000000000 0.000000000 -10.000000000
1776608196.612699270 0.570411980 0.264220238 0.174680591 0.099018216 0.976410866 0.173864990 -0.081167474 8.911786079 11.379783630 -17.735549927 0.000000000 0.000000000 -10.000000000
1776608196.617658377 0.570263445 0.264004529 0.174620479 0.099084057 0.976394236 0.173825726 -0.081370905 9.008224487 11.547465324 -17.925283432 0.000000000 0.000000000 -10.000000000
1776608196.622556925 0.570134342 0.263787866 0.174563497 0.099154897 0.976378083 0.173790559 -0.081553280 9.095372200 11.715319633 -18.112628937 0.000000000 0.000000000 -10.000000000
1776608196.627853870 0.570013523 0.263573378 0.174510628 0.099231981 0.976361454 0.173758179 -0.081727855 9.172988892 11.883075714 -18.297641754 0.000000000 0.000000000 -10.000000000
1776608196.632756233 0.569895744 0.263366699 0.174460769 0.099312872 0.976344526 0.173726678 -0.081898235 9.240879059 12.050461769 -18.480401993 0.000000000 0.000000000 -10.000000000
1776608196.637600183 0.569783986 0.263173103 0.174416453 0.099390715 0.976328313 0.173697025 -0.082060330 9.298892975 12.217206955 -18.661001205 0.000000000 0.000000000 -10.000000000
1776608196.642485857 0.569783986 0.263173103 0.174416453 0.099390715 0.976328313 0.173697025 -0.082060330 9.346921921 12.383040428 -18.839544296 0.000000000 0.000000000 -10.000000000
1776608196.647383928 0.569669783 0.262993127 0.174376637 0.099461406 0.976312697 0.173666805 -0.082223780 9.384906769 12.547692299 -19.016147614 0.000000000 0.000000000 -10.000000000
1776608196.652417183 0.569555759 0.262818545 0.174339563 0.099533074 0.976297140 0.173636064 -0.082386889 9.412829399 12.710897446 -19.190925598 0.000000000 0.000000000 -10.000000000
1776608196.657375813 0.569441617 0.262647301 0.174309254 0.099603720 0.976281226 0.173606724 -0.082551770 9.430714607 12.872390747 -19.364000320 0.000000000 0.000000000 -10.000000000
1776608196.662400246 0.569324791 0.262479126 0.174283952 0.099672191 0.976265192 0.173576772 -0.082721286 9.438629150 13.031910896 -19.535482407 0.000000000 0.000000000 -10.000000000
1776608196.667488813 0.569206655 0.262318313 0.174260467 0.099736951 0.976249516 0.173546836 -0.082890868 9.436679840 13.189201355 -19.705484390 0.000000000 0.000000000 -10.000000000
1776608196.672750711 0.569075704 0.262173504 0.174241126 0.099781893 0.976235330 0.173515052 -0.083070651 9.425009727 13.344007492 -19.874097824 0.000000000 0.000000000 -10.000000000
1776608196.677802086 0.568941772 0.262042582 0.174225658 0.099810913 0.976222754 0.173482716 -0.083250321 9.403800011 13.496080399 -20.041408539 0.000000000 0.000000000 -10.000000000
1776608196.682834387 0.568678856 0.261811346 0.174205035 0.099849090 0.976199865 0.173420757 -0.083601445 9.373262405 13.645173073 -20.207477570 0.000000000 0.000000000 -10.000000000
1776608196.687715292 0.568678856 0.261811346 0.174205035 0.099849090 0.976199865 0.173420757 -0.083601445 9.333641052 13.791044235 -20.372350693 0.000000000 0.000000000 -10.000000000
1776608196.692718029 0.568399191 0.261611700 0.174196750 0.099865183 0.976178050 0.173353568 -0.083975270 9.285205841 13.933452606 -20.536045074 0.000000000 0.000000000 -10.000000000
1776608196.697796822 0.568270266 0.261523664 0.174195945 0.099873781 0.976167858 0.173321381 -0.084150225 9.228250504 14.072163582 -20.698556900 0.000000000 0.000000000 -10.000000000
1776608196.702698231 0.568133533 0.261446118 0.174196035 0.099883966 0.976157010 0.173286930 -0.084334329 9.163090706 14.206941605 -20.859853745 0.000000000 0.000000000 -10.000000000
1776608196.707841635 0.567993045 0.261378825 0.174193382 0.099894650 0.976146281 0.173250690 -0.084520675 9.090059280 14.337553978 -21.019880295 0.000000000 0.000000000 -10.000000000
1776608196.712707043 0.567993045 0.261378825 0.174193382 0.099894650 0.976146281 0.173250690 -0.084520675 9.009506226 14.463768959 -21.178548813 0.000000000 0.000000000 -10.000000000
1776608196.717739820 0.567844629 0.261319399 0.174191266 0.099897593 0.976135850 0.173213661 -0.084713303 8.921791077 14.585358620 -21.335750580 0.000000000 0.000000000 -10.000000000
1776608196.722797632 0.567572534 0.261225283 0.174193084 0.099889331 0.976118445 0.173145473 -0.085061982 8.827283859 14.702095032 -21.491344452 0.000000000 0.000000000 -10.000000000
1776608196.727698803 0.567572534 0.261225283 0.174193084 0.099889331 0.976118445 0.173145473 -0.085061982 8.726361275 14.813754082 -21.645172119 0.000000000 0.000000000 -10.000000000
1776608196.732506275 0.567447066 0.261192113 0.174192876 0.099876881 0.976111948 0.173112825 -0.085217200 8.619400978 14.920117378 -21.797044754 0.000000000 0.000000000 -10.000000000
1776608196.737689495 0.567319453 0.261170894 0.174191594 0.099854410 0.976107061 0.173078820 -0.085368775 8.506786346 15.020967484 -21.946760178 0.000000000 0.000000000 -10.000000000
1776608196.742661715 0.567073882 0.261144042 0.174192518 0.099797778 0.976099670 0.173012316 -0.085653663 8.388895988 15.116094589 -22.094093323 0.000000000 0.000000000 -10.000000000
1776608196.747766256 0.567073882 0.261144042 0.174192518 0.099797778 0.976099670 0.173012316 -0.085653663 8.266107559 15.205293655 -22.238807678 0.000000000 0.000000000 -10.000000000
1776608196.752796888 0.566827834 0.261119187 0.174196661 0.099741302 0.976091564 0.172948703 -0.085939646 8.138792992 15.288366318 -22.380651474 0.000000000 0.000000000 -10.000000000
1776608196.757576704 0.566704869 0.261106580 0.174199700 0.099711984 0.976087689 0.172916397 -0.086082593 8.007315636 15.365123749 -22.519369125 0.000000000 0.000000000 -10.000000000
1776608196.762569666 0.566704869 0.261106580 0.174199700 0.099711984 0.976087689 0.172916397 -0.086082593 7.872029305 15.435386658 -22.654697418 0.000000000 0.000000000 -10.000000000
1776608196.767728806 0.566586316 0.261096060 0.174204260 0.099681117 0.976084292 0.172885031 -0.086219773 7.733277798 15.498986244 -22.786376953 0.000000000 0.000000000 -10.000000000
1776608196.772831917 0.566346049 0.261086702 0.174217045 0.099611506 0.976077557 0.172826126 -0.086494356 7.591392994 15.555768013 -22.914150238 0.000000000 0.000000000 -10.000000000
1776608196.777770519 0.566228330 0.261088490 0.174226046 0.099573553 0.976074338 0.172799870 -0.086626954 7.446692467 15.605590820 -23.037767410 0.000000000 0.000000000 -10.000000000
1776608196.782717466 0.566106856 0.261093855 0.174235821 0.099532478 0.976071000 0.172774062 -0.086763233 7.299483299 15.648328781 -23.156986237 0.000000000 0.000000000 -10.000000000
1776608196.787733078 0.565982759 0.261100322 0.174244612 0.099489883 0.976067662 0.172747582 -0.086902089 7.150058746 15.683874130 -23.271579742 0.000000000 0.000000000 -10.000000000
1776608196.792849779 0.565859675 0.261107087 0.174253613 0.099447310 0.976064444 0.172721148 -0.087039180 6.998700619 15.712135315 -23.381336212 0.000000000 0.000000000 -10.000000000
1776608196.797665596 0.565743148 0.261114269 0.174261570 0.099406451 0.976061583 0.172695681 -0.087168254 6.845680714 15.733040810 -23.486059189 0.000000000 0.000000000 -10.000000000
1776608196.802836180 0.565625072 0.261122406 0.174267560 0.099365026 0.976058781 0.172669590 -0.087298557 6.691258430 15.746536255 -23.585565567 0.000000000 0.000000000 -10.000000000
1776608196.807717800 0.565501451 0.261133194 0.174272418 0.099320322 0.976055920 0.172642872 -0.087434351 6.535686493 15.752590179 -23.679697037 0.000000000 0.000000000 -10.000000000
1776608196.812803507 0.565501451 0.261133194 0.174272418 0.099320322 0.976055920 0.172642872 -0.087434351 6.379204750 15.751187325 -23.768312454 0.000000000 0.000000000 -10.000000000
1776608196.817817211 0.565376222 0.261147618 0.174276471 0.099273540 0.976053119 0.172616839 -0.087569706 6.222045422 15.742335320 -23.851289749 0.000000000 0.000000000 -10.000000000
1776608196.823424339 0.565089583 0.261238694 0.174283296 0.099126719 0.976052284 0.172560319 -0.087856308 6.064429283 15.726062775 -23.928531647 0.000000000 0.000000000 -10.000000000
1776608196.827458620 0.564927101 0.261316389 0.174281925 0.099022523 0.976056397 0.172521725 -0.088004321 5.906569004 15.702416420 -23.999961853 0.000000000 0.000000000 -10.000000000
1776608196.832787275 0.564927101 0.261316389 0.174281925 0.099022523 0.976056397 0.172521725 -0.088004321 5.748666286 15.671463013 -24.065525055 0.000000000 0.000000000 -10.000000000
1776608196.838025093 0.564761996 0.261397094 0.174276501 0.098912813 0.976062477 0.172476336 -0.088149130 5.590913296 15.633283615 -24.125196457 0.000000000 0.000000000 -10.000000000
1776608196.842749596 0.564591885 0.261479080 0.174270242 0.098801322 0.976068676 0.172429219 -0.088296972 5.433493614 15.587981224 -24.178972244 0.000000000 0.000000000 -10.000000000
1776608196.847710609 0.564256907 0.261654913 0.174252093 0.098567411 0.976084769 0.172329888 -0.088574395 5.276584625 15.535674095 -24.226884842 0.000000000 0.000000000 -10.000000000
1776608196.852704763 0.564094245 0.261751384 0.174237967 0.098441996 0.976095915 0.172274888 -0.088697724 5.120360374 15.476503372 -24.268985748 0.000000000 0.000000000 -10.000000000
1776608196.857773542 0.563936412 0.261847734 0.174217284 0.098313175 0.976109505 0.172213838 -0.088809520 4.964987278 15.410620689 -24.305366516 0.000000000 0.000000000 -10.000000000
1776608196.862531662 0.563783467 0.261928350 0.174182951 0.098161973 0.976133704 0.172116578 -0.088899687 4.810622215 15.338187218 -24.336147308 0.000000000 0.000000000 -10.000000000
1776608196.867747307 0.563783467 0.261928350 0.174182951 0.098161973 0.976133704 0.172116578 -0.088899687 4.657414436 15.259367943 -24.361480713 0.000000000 0.000000000 -10.000000000
1776608196.872413158 0.563497603 0.262025684 0.174124867 0.097778499 0.976219177 0.171803907 -0.088988371 4.505507469 15.174339294 -24.381561279 0.000000000 0.000000000 -10.000000000
1776608196.877750874 0.563497603 0.262025684 0.174124867 0.097778499 0.976219177 0.171803907 -0.088988371 4.355040550 15.083294868 -24.396612167 0.000000000 0.000000000 -10.000000000
1776608196.882400751 0.563242257 0.262009978 0.174116403 0.097287461 0.976360857 0.171318725 -0.088907547 4.206149578 14.986442566 -24.406894684 0.000000000 0.000000000 -10.000000000
1776608196.887738943 0.563242257 0.262009978 0.174116403 0.097287461 0.976360857 0.171318725 -0.088907547 4.058968067 14.884016037 -24.412694931 0.000000000 0.000000000 -10.000000000
1776608196.892826796 0.562913358 0.261902034 0.174072176 0.096722245 0.976538122 0.170676142 -0.088813253 3.913624287 14.776275635 -24.414329529 0.000000000 0.000000000 -10.000000000
1776608196.897448063 0.562731206 0.261822909 0.174056411 0.096417926 0.976636231 0.170316145 -0.088756144 3.770242691 14.663511276 -24.412137985 0.000000000 0.000000000 -10.000000000
1776608196.902781248 0.562731206 0.261822909 0.174056411 0.096417926 0.976636231 0.170316145 -0.088756144 3.628940582 14.546043396 -24.406471252 0.000000000 0.000000000 -10.000000000
1776608196.907383919 0.562552035 0.261726767 0.174061030 0.096105039 0.976739287 0.169941768 -0.088678792 3.489829302 14.424225807 -24.397686005 0.000000000 0.000000000 -10.000000000
1776608196.912500143 0.562204540 0.261518002 0.174129009 0.095461830 0.976952732 0.169183895 -0.088471286 3.353014946 14.298444748 -24.386138916 0.000000000 0.000000000 -10.000000000
1776608196.917454958 0.562037230 0.261430413 0.174210191 0.095114164 0.977064013 0.168809429 -0.088331953 3.218598843 14.169114113 -24.372171402 0.000000000 0.000000000 -10.000000000
1776608196.922459364 0.561852932 0.261362255 0.174296111 0.094743408 0.977178872 0.168426365 -0.088191167 3.086675882 14.036677361 -24.356103897 0.000000000 0.000000000 -10.000000000
1776608196.927473068 0.561640978 0.261301756 0.174361825 0.094358675 0.977295280 0.168028027 -0.088073798 2.957333803 13.901599884 -24.338220596 0.000000000 0.000000000 -10.000000000
1776608196.932411194 0.561416388 0.261233419 0.174418509 0.093971148 0.977412701 0.167618454 -0.087965421 2.830651999 13.764361382 -24.318761826 0.000000000 0.000000000 -10.000000000
1776608196.937380552 0.561416388 0.261233419 0.174418509 0.093971148 0.977412701 0.167618454 -0.087965421 2.706701994 13.625456810 -24.297912598 0.000000000 0.000000000 -10.000000000
1776608196.942391872 0.560930610 0.261079222 0.174546003 0.093176685 0.977654099 0.166767478 -0.087744892 2.585546970 13.485383987 -24.275791168 0.000000000 0.000000000 -10.000000000
1776608196.947391748 0.560650468 0.261008322 0.174599916 0.092765465 0.977776349 0.166326597 -0.087655097 2.467245340 13.344637871 -24.252454758 0.000000000 0.000000000 -10.000000000
1776608196.952656746 0.560358882 0.260922641 0.174654216 0.092352927 0.977900684 0.165870979 -0.087566949 2.351852894 13.203707695 -24.227878571 0.000000000 0.000000000 -10.000000000
1776608196.957360983 0.560057044 0.260826290 0.174708337 0.091937624 0.978027344 0.165401816 -0.087476857 2.239423037 13.063065529 -24.201963425 0.000000000 0.000000000 -10.000000000
1776608196.962708712 0.559717596 0.260734349 0.174741387 0.091511972 0.978154182 0.164918244 -0.087417871 2.130009651 12.923169136 -24.174535751 0.000000000 0.000000000 -10.000000000
1776608196.967497110 0.559361160 0.260638654 0.174765140 0.091082357 0.978282213 0.164422557 -0.087367840 2.023666143 12.784451485 -24.145343781 0.000000000 0.000000000 -10.000000000
1776608196.972441196 0.559361160 0.260638654 0.174765140 0.091082357 0.978282213 0.164422557 -0.087367840 1.920447469 12.647322655 -24.114059448 0.000000000 0.000000000 -10.000000000
1776608196.977682829 0.559002042 0.260518044 0.174786866 0.090663657 0.978410840 0.163913891 -0.087318845 1.820411801 12.512162209 -24.080289841 0.000000000 0.000000000 -10.000000000
1776608196.982433319 0.558197975 0.260244966 0.174770147 0.089841343 0.978664339 0.162862539 -0.087295420 1.723620892 12.379322052 -24.043584824 0.000000000 0.000000000 -10.000000000
1776608196.987507343 0.557770014 0.260089904 0.174756020 0.089432351 0.978791654 0.162318066 -0.087302081 1.630140543 12.249119759 -24.003437042 0.000000000 0.000000000 -10.000000000
1776608196.992492676 0.557342112 0.259903729 0.174717367 0.089051135 0.978917360 0.161761910 -0.087314121 1.540039897 12.121841431 -23.959293365 0.000000000 0.000000000 -10.000000000
1776608196.997394800 0.556909025 0.259704500 0.174680799 0.088684730 0.979039788 0.161210135 -0.087335050 1.453389049 11.997742653 -23.910575867 0.000000000 0.000000000 -10.000000000
1776608197.002451658 0.556459427 0.259490937 0.174629539 0.088326827 0.979161441 0.160647735 -0.087370202 1.370256662 11.877046585 -23.856678009 0.000000000 0.000000000 -10.000000000
1776608197.007373571 0.556459427 0.259490937 0.174629539 0.088326827 0.979161441 0.160647735 -0.087370202 1.290709138 11.759943008 -23.796987534 0.000000000 0.000000000 -10.000000000
1776608197.012437582 0.555536866 0.258978546 0.174492478 0.087771975 0.979390204 0.159488708 -0.087488480 1.214809656 11.646592140 -23.730895996 0.000000000 0.000000000 -10.000000000
1776608197.017769814 0.555054247 0.258684993 0.174398005 0.087607861 0.979493499 0.158889011 -0.087587908 1.142618656 11.537120819 -23.657804489 0.000000000 0.000000000 -10.000000000
1776608197.022444248 0.554557323 0.258399785 0.174313486 0.087517895 0.979588091 0.158287376 -0.087709449 1.074194193 11.431628227 -23.577152252 0.000000000 0.000000000 -10.000000000
1776608197.027649403 0.554557323 0.258399785 0.174313486 0.087517895 0.979588091 0.158287376 -0.087709449 1.009590864 11.330183029 -23.488409042 0.000000000 0.000000000 -10.000000000
1776608197.032710314 0.554056704 0.258129776 0.174235970 0.087491646 0.979674399 0.157695442 -0.087837435 0.948859751 11.232825279 -23.391099930 0.000000000 0.000000000 -10.000000000
1776608197.037369728 0.553025305 0.257535934 0.174084336 0.087590128 0.979834199 0.156479552 -0.088130750 0.892047644 11.139565468 -23.284807205 0.000000000 0.000000000 -10.000000000
1776608197.042670727 0.553025305 0.257535934 0.174084336 0.087590128 0.979834199 0.156479552 -0.088130750 0.839196324 11.050385475 -23.169176102 0.000000000 0.000000000 -10.000000000
1776608197.047399282 0.552006245 0.256942332 0.173965931 0.087772183 0.979983211 0.155283734 -0.088407584 0.790341675 10.965239525 -23.043920517 0.000000000 0.000000000 -10.000000000
1776608197.052385092 0.551496446 0.256664753 0.173927039 0.087841235 0.980058134 0.154698849 -0.088534020 0.745511532 10.884056091 -22.908832550 0.000000000 0.000000000 -10.000000000
1776608197.057624340 0.550975084 0.256380558 0.173881680 0.087886080 0.980134547 0.154108420 -0.088672727 0.704723299 10.806735992 -22.763771057 0.000000000 0.000000000 -10.000000000
1776608197.062362909 0.550975084 0.256380558 0.173881680 0.087886080 0.980134547 0.154108420 -0.088672727 0.667981803 10.733156204 -22.608676910 0.000000000 0.000000000 -10.000000000
1776608197.067375660 0.550465345 0.256096542 0.173850268 0.087904409 0.980214417 0.153522402 -0.088788666 0.635278761 10.663169861 -22.443557739 0.000000000 0.000000000 -10.000000000
1776608197.072458267 0.549985826 0.255818009 0.173834771 0.087884776 0.980298698 0.152950242 -0.088865116 0.606593192 10.596605301 -22.268501282 0.000000000 0.000000000 -10.000000000
1776608197.077424288 0.548994899 0.255285233 0.173828423 0.087673314 0.980481386 0.151814610 -0.089005321 0.581892550 10.533269882 -22.083656311 0.000000000 0.000000000 -10.000000000
1776608197.082370520 0.548994899 0.255285233 0.173828423 0.087673314 0.980481386 0.151814610 -0.089005321 0.561132967 10.472952843 -21.889234543 0.000000000 0.000000000 -10.000000000
1776608197.087584734 0.548489392 0.255027771 0.173821539 0.087506667 0.980578125 0.151245669 -0.089072101 0.544258535 10.415422440 -21.685508728 0.000000000 0.000000000 -10.000000000
1776608197.092418671 0.547467470 0.254529536 0.173803866 0.087065220 0.980780184 0.150108352 -0.089204252 0.531199634 10.360431671 -21.472797394 0.000000000 0.000000000 -10.000000000
1776608197.097400665 0.546932936 0.254288018 0.173786491 0.086802170 0.980883956 0.149534062 -0.089283623 0.521871984 10.307720184 -21.251464844 0.000000000 0.000000000 -10.000000000
1776608197.102367401 0.546404958 0.254046023 0.173779160 0.086530015 0.980989337 0.148960799 -0.089348406 0.516177118 10.257014275 -21.021909714 0.000000000 0.000000000 -10.000000000
1776608197.108798027 0.546404958 0.254046023 0.173779160 0.086530015 0.980989337 0.148960799 -0.089348406 0.514003575 10.208027840 -20.784568787 0.000000000 0.000000000 -10.000000000
1776608197.112542629 0.545343280 0.253535032 0.173794657 0.086031072 0.981198609 0.147795528 -0.089467436 0.515228689 10.160468102 -20.539901733 0.000000000 0.000000000 -10.000000000
1776608197.117434740 0.544797361 0.253282398 0.173813909 0.085802868 0.981301427 0.147205800 -0.089531243 0.519721508 10.114031792 -20.288381577 0.000000000 0.000000000 -10.000000000
1776608197.122726202 0.544248641 0.253032833 0.173828483 0.085563049 0.981406152 0.146608844 -0.089592226 0.527345717 10.068412781 -20.030502319 0.000000000 0.000000000 -10.000000000
1776608197.127774477 0.543696225 0.252786160 0.173841119 0.085333824 0.981510043 0.146009058 -0.089652546 0.537961602 10.023297310 -19.766757965 0.000000000 0.000000000 -10.000000000
1776608197.132669449 0.543140709 0.252544165 0.173848152 0.085119791 0.981611729 0.145408794 -0.089718275 0.551426113 9.978369713 -19.497642517 0.000000000 0.000000000 -10.000000000
1776608197.137383938 0.542589784 0.252305806 0.173869759 0.084908433 0.981716394 0.144793168 -0.089768603 0.567593157 9.933315277 -19.223651886 0.000000000 0.000000000 -10.000000000
1776608197.142669201 0.542036235 0.252093405 0.173904091 0.084709987 0.981818497 0.144183785 -0.089820310 0.586314201 9.887818336 -18.945262909 0.000000000 0.000000000 -10.000000000
1776608197.149786472 0.541495860 0.251891136 0.173952520 0.084509186 0.981921136 0.143581867 -0.089851573 0.607438087 9.841567993 -18.662950516 0.000000000 0.000000000 -10.000000000
1776608197.152695417 0.540945768 0.251684040 0.173993975 0.084303506 0.982025146 0.142964780 -0.089892380 0.630811512 9.794256210 -18.377164841 0.000000000 0.000000000 -10.000000000
1776608197.157630920 0.540390730 0.251497895 0.174038023 0.084104531 0.982128143 0.142346829 -0.089934289 0.656279325 9.745576859 -18.088342667 0.000000000 0.000000000 -10.000000000
1776608197.162695646 0.540390730 0.251497895 0.174038023 0.084104531 0.982128143 0.142346829 -0.089934289 0.683685184 9.695225716 -17.796894073 0.000000000 0.000000000 -10.000000000
1776608197.167764187 0.539307892 0.251151979 0.174115151 0.083718024 0.982335508 0.141098022 -0.089997977 0.712871015 9.642906189 -17.503206253 0.000000000 0.000000000 -10.000000000
1776608197.172770739 0.538761020 0.251010716 0.174147129 0.083494805 0.982440531 0.140475854 -0.090032071 0.743676782 9.588327408 -17.207641602 0.000000000 0.000000000 -10.000000000
1776608197.177717209 0.538210571 0.250919878 0.174208462 0.083250627 0.982546866 0.139860794 -0.090055168 0.775940299 9.531208038 -16.910530090 0.000000000 0.000000000 -10.000000000
1776608197.182776451 0.537672102 0.250833184 0.174268365 0.082996003 0.982655227 0.139241025 -0.090068467 0.809499383 9.471275330 -16.612182617 0.000000000 0.000000000 -10.000000000
1776608197.187728405 0.537122548 0.250781357 0.174337059 0.082710274 0.982765734 0.138622642 -0.090079553 0.844193459 9.408266068 -16.312879562 0.000000000 0.000000000 -10.000000000
1776608197.192702055 0.536571622 0.250768483 0.174406052 0.082426891 0.982874930 0.138005108 -0.090096213 0.879865050 9.341930389 -16.012876511 0.000000000 0.000000000 -10.000000000
1776608197.197815418 0.536017299 0.250774920 0.174478531 0.082128733 0.982985437 0.137387544 -0.090106510 0.916360795 9.272027969 -15.712407112 0.000000000 0.000000000 -10.000000000
1776608197.202658176 0.536017299 0.250774920 0.174478531 0.082128733 0.982985437 0.137387544 -0.090106510 0.953532755 9.198332787 -15.411682129 0.000000000 0.000000000 -10.000000000
1776608197.207571983 0.534973383 0.250893027 0.174680322 0.081496902 0.983212590 0.136179686 -0.090035029 0.991239846 9.120633125 -15.110888481 0.000000000 0.000000000 -10.000000000
1776608197.212418079 0.534487426 0.251004815 0.174808979 0.081179582 0.983327389 0.135594800 -0.089950904 1.029350996 9.038734436 -14.810189247 0.000000000 0.000000000 -10.000000000
1776608197.217726231 0.534487426 0.251004815 0.174808979 0.081179582 0.983327389 0.135594800 -0.089950904 1.067749023 8.952457428 -14.509727478 0.000000000 0.000000000 -10.000000000
1776608197.222392559 0.533646047 0.251317412 0.175111353 0.080574222 0.983562887 0.134467319 -0.089612685 1.106336117 8.861643791 -14.209623337 0.000000000 0.000000000 -10.000000000
1776608197.227836132 0.533646047 0.251317412 0.175111353 0.080574222 0.983562887 0.134467319 -0.089612685 1.145036221 8.766150475 -13.909976959 0.000000000 0.000000000 -10.000000000
1776608197.232437611 0.532938242 0.251762450 0.175403565 0.080012716 0.983800828 0.133387282 -0.089116327 1.183794737 8.665860176 -13.610872269 0.000000000 0.000000000 -10.000000000
1776608197.237775803 0.532938242 0.251762450 0.175403565 0.080012716 0.983800828 0.133387282 -0.089116327 1.222575903 8.560675621 -13.312374115 0.000000000 0.000000000 -10.000000000
1776608197.242382050 0.532388330 0.252332330 0.175704569 0.079494208 0.984043777 0.132353067 -0.088437609 1.261359930 8.450527191 -13.014533997 0.000000000 0.000000000 -10.000000000
1776608197.247761965 0.532214105 0.252659678 0.175881177 0.079237640 0.984171569 0.131863445 -0.087975986 1.300142288 8.335375786 -12.717389107 0.000000000 0.000000000 -10.000000000
1776608197.252701998 0.532004774 0.253007054 0.176046133 0.078980796 0.984296083 0.131365597 -0.087557934 1.338934183 8.215209961 -12.420969963 0.000000000 0.000000000 -10.000000000
1776608197.257493019 0.531793296 0.253369153 0.176214665 0.078716926 0.984420657 0.130863249 -0.087146312 1.377759457 8.090052605 -12.125297546 0.000000000 0.000000000 -10.000000000
1776608197.263013840 0.531793296 0.253369153 0.176214665 0.078716926 0.984420657 0.130863249 -0.087146312 1.416647911 7.959965706 -11.830389977 0.000000000 0.000000000 -10.000000000
1776608197.267365217 0.531632662 0.253744692 0.176377803 0.078470103 0.984546244 0.130366892 -0.086692519 1.455628872 7.825047493 -11.536268234 0.000000000 0.000000000 -10.000000000
1776608197.272400379 0.531328917 0.254548669 0.176717848 0.077958889 0.984797895 0.129370674 -0.085782863 1.494727373 7.685440540 -11.242954254 0.000000000 0.000000000 -10.000000000
1776608197.277755260 0.531183839 0.254958749 0.176896095 0.077701852 0.984925091 0.128855690 -0.085330091 1.533961415 7.541327000 -10.950480461 0.000000000 0.000000000 -10.000000000
1776608197.282844067 0.531032383 0.255387902 0.177100152 0.077436730 0.985049844 0.128348768 -0.084893472 1.573342085 7.392932892 -10.658887863 0.000000000 0.000000000 -10.000000000
1776608197.287757874 0.530883551 0.255828381 0.177309573 0.077178232 0.985172987 0.127839983 -0.084467031 1.612872362 7.240522385 -10.368227959 0.000000000 0.000000000 -10.000000000
1776608197.292627573 0.530883551 0.255828381 0.177309573 0.077178232 0.985172987 0.127839983 -0.084467031 1.652547240 7.084399700 -10.078567505 0.000000000 0.000000000 -10.000000000
1776608197.297554970 0.530741453 0.256285727 0.177523881 0.076932110 0.985293090 0.127336174 -0.084050529 1.692350984 6.924904346 -9.789982796 0.000000000 0.000000000 -10.000000000
1776608197.302680016 0.530413449 0.257233292 0.177950770 0.076464526 0.985520184 0.126332790 -0.083325446 1.732255340 6.762408733 -9.502565384 0.000000000 0.000000000 -10.000000000
1776608197.307415009 0.530413449 0.257233292 0.177950770 0.076464526 0.985520184 0.126332790 -0.083325446 1.772216678 6.597316265 -9.216417313 0.000000000 0.000000000 -10.000000000
1776608197.312918425 0.530041993 0.258256495 0.178425908 0.076019563 0.985727251 0.125374272 -0.082729258 1.812174320 6.430056572 -8.931653976 0.000000000 0.000000000 -10.000000000
1776608197.317399979 0.530041993 0.258256495 0.178425908 0.076019563 0.985727251 0.125374272 -0.082729258 1.852051973 6.261084557 -8.648402214 0.000000000 0.000000000 -10.000000000
1776608197.322710514 0.529843688 0.258801281 0.178685725 0.075800382 0.985823393 0.124918737 -0.082473010 1.891759992 6.090874195 -8.366802216 0.000000000 0.000000000 -10.000000000
1776608197.327388525 0.529428542 0.259950697 0.179232955 0.075351968 0.986004889 0.124048740 -0.082026765 1.931198835 5.919915199 -8.087007523 0.000000000 0.000000000 -10.000000000
1776608197.332417727 0.529428542 0.259950697 0.179232955 0.075351968 0.986004889 0.124048740 -0.082026765 1.970263600 5.748710155 -7.809185505 0.000000000 0.000000000 -10.000000000
1776608197.337403297 0.529249012 0.260551274 0.179521978 0.075127825 0.986092031 0.123640165 -0.081800960 2.008847475 5.577766895 -7.533513546 0.000000000 0.000000000 -10.000000000
1776608197.342700243 0.528907835 0.261743128 0.180088431 0.074717194 0.986256480 0.122842200 -0.081395939 2.046847105 5.407596588 -7.260180473 0.000000000 0.000000000 -10.000000000
1776608197.347477198 0.528784633 0.262343109 0.180385053 0.074531712 0.986335576 0.122468181 -0.081171043 2.084165812 5.238707542 -6.989382744 0.000000000 0.000000000 -10.000000000
1776608197.352767706 0.528669178 0.262940645 0.180689991 0.074350670 0.986412466 0.122099370 -0.080957845 2.120717049 5.071602821 -6.721325874 0.000000000 0.000000000 -10.000000000
1776608197.357539654 0.528573096 0.263542503 0.180997163 0.074189402 0.986485779 0.121743090 -0.080748864 2.156425476 4.906773567 -6.456219673 0.000000000 0.000000000 -10.000000000
1776608197.362722635 0.528462589 0.264137059 0.181300044 0.074038781 0.986554503 0.121387087 -0.080582812 2.191225052 4.744697571 -6.194277763 0.000000000 0.000000000 -10.000000000
1776608197.367599964 0.528462589 0.264137059 0.181300044 0.074038781 0.986554503 0.121387087 -0.080582812 2.225059509 4.585835934 -5.935718060 0.000000000 0.000000000 -10.000000000
1776608197.372786999 0.528345764 0.264727294 0.181612432 0.073888905 0.986620009 0.121033892 -0.080449708 2.257877111 4.430629253 -5.680758476 0.000000000 0.000000000 -10.000000000
1776608197.377865791 0.528182507 0.265914917 0.182283014 0.073593073 0.986746371 0.120372280 -0.080163747 2.289633036 4.279497147 -5.429616928 0.000000000 0.000000000 -10.000000000
1776608197.382673740 0.528088987 0.266509533 0.182619214 0.073436424 0.986805141 0.120051034 -0.080065601 2.320289612 4.132832527 -5.182511330 0.000000000 0.000000000 -10.000000000
1776608197.387702465 0.528006315 0.267104030 0.182954639 0.073277473 0.986862659 0.119733319 -0.079977944 2.349818945 3.991000652 -4.939655304 0.000000000 0.000000000 -10.000000000
1776608197.395038843 0.527948678 0.267686009 0.183291078 0.073123090 0.986919463 0.119420797 -0.079885602 2.378203392 3.854336977 -4.701259136 0.000000000 0.000000000 -10.000000000
1776608197.397706985 0.527925074 0.268268168 0.183640480 0.072964482 0.986975610 0.119125567 -0.079777569 2.405434132 3.723143816 -4.467528820 0.000000000 0.000000000 -10.000000000
1776608197.402866364 0.527902246 0.268864155 0.184001178 0.072800338 0.987026393 0.118862398 -0.079691365 2.431510687 3.597689390 -4.238663673 0.000000000 0.000000000 -10.000000000
1776608197.407720566 0.527902246 0.268864155 0.184001178 0.072800338 0.987026393 0.118862398 -0.079691365 2.456440449 3.478205442 -4.014857292 0.000000000 0.000000000 -10.000000000
1776608197.412747860 0.527964890 0.270042062 0.184770495 0.072526626 0.987119853 0.118410438 -0.079456031 2.480237722 3.364881992 -3.796293736 0.000000000 0.000000000 -10.000000000
1776608197.417460442 0.528014302 0.270637542 0.185165465 0.072392441 0.987162888 0.118214436 -0.079335235 2.502923012 3.257868528 -3.583147287 0.000000000 0.000000000 -10.000000000
1776608197.422766924 0.528014302 0.270637542 0.185165465 0.072392441 0.987162888 0.118214436 -0.079335235 2.524521351 3.157270670 -3.375579119 0.000000000 0.000000000 -10.000000000
1776608197.427455425 0.528075576 0.271845579 0.185893357 0.072156020 0.987233758 0.117861561 -0.079194158 2.545060158 3.063152075 -3.173734903 0.000000000 0.000000000 -10.000000000
1776608197.432765722 0.528127491 0.272467613 0.186249077 0.072045811 0.987263143 0.117722452 -0.079134405 2.564565420 2.975535154 -2.977745295 0.000000000 0.000000000 -10.000000000
1776608197.437721014 0.528127491 0.272467613 0.186249077 0.072045811 0.987263143 0.117722452 -0.079134405 2.583059788 2.894401789 -2.787725925 0.000000000 0.000000000 -10.000000000
1776608197.442705393 0.528146148 0.273737937 0.186967582 0.071842954 0.987299621 0.117505796 -0.079186291 2.600561619 2.819695473 -2.603779316 0.000000000 0.000000000 -10.000000000
1776608197.447705507 0.528146148 0.273737937 0.186967582 0.071842954 0.987299621 0.117505796 -0.079186291 2.617081642 2.751324177 -2.425995350 0.000000000 0.000000000 -10.000000000
1776608197.452497959 0.528133810 0.274392188 0.187355846 0.071735255 0.987309217 0.117432922 -0.079271771 2.632620573 2.689162970 -2.254453421 0.000000000 0.000000000 -10.000000000
1776608197.457664967 0.528118014 0.275063515 0.187759012 0.071625955 0.987313211 0.117390633 -0.079383641 2.647168636 2.633058786 -2.089219809 0.000000000 0.000000000 -10.000000000
1776608197.462380648 0.528068483 0.275736272 0.188155025 0.071517743 0.987311542 0.117354155 -0.079555966 2.660707712 2.582833290 -1.930349588 0.000000000 0.000000000 -10.000000000
1776608197.467395782 0.528013468 0.276401073 0.188534200 0.071399182 0.987308741 0.117313564 -0.079756878 2.673219442 2.538286686 -1.777883649 0.000000000 0.000000000 -10.000000000
1776608197.472540617 0.528012455 0.277068049 0.188921154 0.071278982 0.987307966 0.117287405 -0.079911940 2.684692860 2.499201059 -1.631850004 0.000000000 0.000000000 -10.000000000
1776608197.477388620 0.528035700 0.277722448 0.189304203 0.071147151 0.987308800 0.117264181 -0.080053464 2.695134163 2.465342999 -1.492262483 0.000000000 0.000000000 -10.000000000
1776608197.482357264 0.528138041 0.278392017 0.189690858 0.071020387 0.987313449 0.117269516 -0.080100931 2.704573393 2.436465025 -1.359119892 0.000000000 0.000000000 -10.000000000
1776608197.487376213 0.528282821 0.279060900 0.190077364 0.070876613 0.987321198 0.117289305 -0.080103472 2.713071585 2.412305832 -1.232403159 0.000000000 0.000000000 -10.000000000
1776608197.492445707 0.528492510 0.279733717 0.190444767 0.070758775 0.987330437 0.117327526 -0.080037951 2.720723391 2.392589569 -1.112073660 0.000000000 0.000000000 -10.000000000
1776608197.497605801 0.528744876 0.280409247 0.190778255 0.070640221 0.987341106 0.117381021 -0.079932623 2.727657795 2.377028704 -0.998071849 0.000000000 0.000000000 -10.000000000
1776608197.502386808 0.529079199 0.281092674 0.191102684 0.070560925 0.987352550 0.117461279 -0.079743117 2.734036446 2.365324259 -0.890318692 0.000000000 0.000000000 -10.000000000
1776608197.508713245 0.529530346 0.281782597 0.191426963 0.070491590 0.987369180 0.117578276 -0.079425551 2.740055084 2.357167959 -0.788715482 0.000000000 0.000000000 -10.000000000
1776608197.512519360 0.530834317 0.283189178 0.192074984 0.070477590 0.987411976 0.117950916 -0.078345791 2.745944262 2.352242708 -0.693143308 0.000000000 0.000000000 -10.000000000
1776608197.517662287 0.530834317 0.283189178 0.192074984 0.070477590 0.987411976 0.117950916 -0.078345791 2.751968861 2.350223303 -0.603462160 0.000000000 0.000000000 -10.000000000
1776608197.522471189 0.531601667 0.283894420 0.192386419 0.070521727 0.987433672 0.118182369 -0.077681288 2.758424759 2.350778580 -0.519510984 0.000000000 0.000000000 -10.000000000
1776608197.527668953 0.533531308 0.285366356 0.193004727 0.070671014 0.987487197 0.118787862 -0.075921535 2.765630484 2.353572607 -0.441109419 0.000000000 0.000000000 -10.000000000
1776608197.532440901 0.534739375 0.286130190 0.193311960 0.070791133 0.987520635 0.119173244 -0.074761614 2.773920774 2.358269930 -0.368060231 0.000000000 0.000000000 -10.000000000
1776608197.537416458 0.534739375 0.286130190 0.193311960 0.070791133 0.987520635 0.119173244 -0.074761614 2.783639431 2.364536285 -0.300150633 0.000000000 0.000000000 -10.000000000
1776608197.542377234 0.537227571 0.287645578 0.193838894 0.071060598 0.987584770 0.119964369 -0.072355099 2.795134306 2.372041702 -0.237153456 0.000000000 0.000000000 -10.000000000
1776608197.547369719 0.538584948 0.288424015 0.194100946 0.071202099 0.987617910 0.120408081 -0.071014091 2.808748007 2.380465031 -0.178829893 0.000000000 0.000000000 -10.000000000
1776608197.552650213 0.540010631 0.289198488 0.194348663 0.071362339 0.987649977 0.120871633 -0.069605544 2.824809074 2.389500141 -0.124934234 0.000000000 0.000000000 -10.000000000
1776608197.557438374 0.540010631 0.289198488 0.194348663 0.071362339 0.987649977 0.120871633 -0.069605544 2.843617916 2.398861408 -0.075217217 0.000000000 0.000000000 -10.000000000
1776608197.562974215 0.543014467 0.290723592 0.194835097 0.071726538 0.987711966 0.121824510 -0.066627033 2.865434885 2.408287764 -0.029428387 0.000000000 0.000000000 -10.000000000
1776608197.567370892 0.544510782 0.291417092 0.195039302 0.071895011 0.987746298 0.122240193 -0.065159015 2.890469790 2.417549133 0.012680772 0.000000000 0.000000000 -10.000000000
1776608197.572687149 0.544510782 0.291417092 0.195039302 0.071895011 0.987746298 0.122240193 -0.065159015 2.918870211 2.426453590 0.051352717 0.000000000 0.000000000 -10.000000000
1776608197.577687263 0.547598243 0.292732626 0.195461482 0.072161347 0.987828732 0.123002350 -0.062108837 2.950714827 2.434854031 0.086820066 0.000000000 0.000000000 -10.000000000
1776608197.582721233 0.549124956 0.293349028 0.195654243 0.072229840 0.987877727 0.123323388 -0.060594890 2.986008167 2.442652941 0.119303040 0.000000000 0.000000000 -10.000000000
1776608197.587851048 0.550625861 0.293899417 0.195816547 0.072305769 0.987929821 0.123578079 -0.059118297 3.024677515 2.449802876 0.149008587 0.000000000 0.000000000 -10.000000000
1776608197.592698812 0.550625861 0.293899417 0.195816547 0.072305769 0.987929821 0.123578079 -0.059118297 3.066572189 2.456305265 0.176130712 0.000000000 0.000000000 -10.000000000
1776608197.597449541 0.553486943 0.294847369 0.196048766 0.072352715 0.988050282 0.123891398 -0.056326710 3.111464977 2.462207556 0.200850621 0.000000000 0.000000000 -10.000000000
1776608197.602667332 0.554903984 0.295253813 0.196133822 0.072366156 0.988114417 0.123984970 -0.054961670 3.159052849 2.467601061 0.223336309 0.000000000 0.000000000 -10.000000000
1776608197.607546568 0.556293964 0.295628220 0.196194261 0.072383448 0.988179922 0.124034546 -0.053632662 3.208962917 2.472615004 0.243742302 0.000000000 0.000000000 -10.000000000
1776608197.613079548 0.557638586 0.295957625 0.196222782 0.072362237 0.988251626 0.124021403 -0.052355297 3.260761261 2.477411747 0.262209624 0.000000000 0.000000000 -10.000000000
1776608197.617426872 0.558992147 0.296237528 0.196260482 0.072356381 0.988323987 0.123978443 -0.051083717 3.313961744 2.482178926 0.278865308 0.000000000 0.000000000 -10.000000000
1776608197.622712612 0.560377061 0.296483636 0.196316004 0.072405316 0.988392472 0.123928681 -0.049793791 3.368037462 2.487122774 0.293822378 0.000000000 0.000000000 -10.000000000
1776608197.627520323 0.561751723 0.296716273 0.196369648 0.072459027 0.988460064 0.123864032 -0.048518527 3.422430754 2.492461681 0.307180911 0.000000000 0.000000000 -10.000000000
1776608197.632767439 0.563084662 0.296926439 0.196394414 0.072500050 0.988528371 0.123770401 -0.047289375 3.476566553 2.498419523 0.319030523 0.000000000 0.000000000 -10.000000000
1776608197.637450218 0.564401448 0.297100872 0.196383208 0.072591476 0.988592565 0.123652160 -0.046102084 3.529861927 2.505218744 0.329452872 0.000000000 0.000000000 -10.000000000
1776608197.642680168 0.565707922 0.297233820 0.196342438 0.072717652 0.988654792 0.123506308 -0.044944230 3.581737757 2.513072491 0.338523984 0.000000000 0.000000000 -10.000000000
1776608197.647427082 0.565707922 0.297233820 0.196342438 0.072717652 0.988654792 0.123506308 -0.044944230 3.631628036 2.522178888 0.346316010 0.000000000 0.000000000 -10.000000000
1776608197.652672052 0.568354905 0.297477692 0.196203113 0.073004298 0.988772511 0.123217471 -0.042623550 3.678990126 2.532717943 0.352898151 0.000000000 0.000000000 -10.000000000
1776608197.657667160 0.569700837 0.297603816 0.196131229 0.073165737 0.988825738 0.123095363 -0.041448649 3.723313332 2.544845581 0.358337134 0.000000000 0.000000000 -10.000000000
1776608197.662634850 0.569700837 0.297603816 0.196131229 0.073165737 0.988825738 0.123095363 -0.041448649 3.764127731 2.558691502 0.362697124 0.000000000 0.000000000 -10.000000000
1776608197.667707205 0.571079373 0.297706157 0.196081340 0.073344193 0.988875866 0.122985929 -0.040244412 3.801009178 2.574352264 0.366040319 0.000000000 0.000000000 -10.000000000
1776608197.672423601 0.573990941 0.297911495 0.196003824 0.073796891 0.988956332 0.122868113 -0.037720017 3.833583593 2.591890812 0.368428111 0.000000000 0.000000000 -10.000000000
1776608197.677943945 0.575484693 0.298037708 0.195945889 0.074048564 0.988986373 0.122862615 -0.036434676 3.861531019 2.611332417 0.369922608 0.000000000 0.000000000 -10.000000000
1776608197.682697773 0.576946437 0.298137844 0.195845038 0.074316971 0.989013016 0.122846834 -0.035198137 3.884589195 2.632665157 0.370588094 0.000000000 0.000000000 -10.000000000
1776608197.687385082 0.578402460 0.298238754 0.195729285 0.074586749 0.989034951 0.122849584 -0.033980779 3.902556896 2.655839682 0.370490909 0.000000000 0.000000000 -10.000000000
1776608197.692392111 0.579819262 0.298344851 0.195606828 0.074849904 0.989050627 0.122878037 -0.032822415 3.915291071 2.680772305 0.369698405 0.000000000 0.000000000 -10.000000000
1776608197.697379827 0.579819262 0.298344851 0.195606828 0.074849904 0.989050627 0.122878037 -0.032822415 3.922696829 2.707349062 0.368277073 0.000000000 0.000000000 -10.000000000
1776608197.702697992 0.582284570 0.298571080 0.195279032 0.075356111 0.989059925 0.122964375 -0.031010872 3.924709082 2.735433340 0.366290301 0.000000000 0.000000000 -10.000000000
1776608197.707703590 0.583357096 0.298681796 0.195130765 0.075590380 0.989054799 0.123030297 -0.030336484 3.921273470 2.764871597 0.363794506 0.000000000 0.000000000 -10.000000000
1776608197.712654114 0.584346950 0.298790574 0.195023209 0.075814068 0.989042222 0.123127013 -0.029790517 3.912327766 2.795503139 0.360834390 0.000000000 0.000000000 -10.000000000
1776608197.717398167 0.585278749 0.298901677 0.194966614 0.076019220 0.989023924 0.123256415 -0.029336305 3.897794008 2.827165127 0.357439727 0.000000000 0.000000000 -10.000000000
1776608197.722383976 0.586062074 0.298990458 0.194897950 0.076211371 0.989001751 0.123376004 -0.029080460 3.877580404 2.859697104 0.353624254 0.000000000 0.000000000 -10.000000000
1776608197.727398872 0.586693108 0.299077749 0.194778770 0.076398104 0.988973796 0.123497173 -0.029028334 3.851584673 2.892944813 0.349387884 0.000000000 0.000000000 -10.000000000
1776608197.732419491 0.587160289 0.299145430 0.194588274 0.076595731 0.988940954 0.123599939 -0.029188843 3.819702864 2.926760435 0.344720572 0.000000000 0.000000000 -10.000000000
1776608197.737450838 0.587550759 0.299187571 0.194359541 0.076827444 0.988903046 0.123692796 -0.029467778 3.781834126 2.961004019 0.339604259 0.000000000 0.000000000 -10.000000000
1776608197.742371082 0.587935984 0.299215376 0.194119006 0.077112280 0.988856018 0.123816095 -0.029783724 3.737886667 2.995542765 0.334013522 0.000000000 0.000000000 -10.000000000
1776608197.747396708 0.587935984 0.299215376 0.194119006 0.077112280 0.988856018 0.123816095 -0.029783724 3.687785149 3.030252695 0.327916801 0.000000000 0.000000000 -10.000000000
1776608197.752375364 0.588437617 0.299246043 0.193571568 0.077746704 0.988742769 0.124078214 -0.030785384 3.631479979 3.065018654 0.321278840 0.000000000 0.000000000 -10.000000000
1776608197.757626057 0.588640213 0.299260348 0.193300694 0.078094386 0.988677204 0.124237671 -0.031363934 3.568956852 3.099736214 0.314062715 0.000000000 0.000000000 -10.000000000
1776608197.762397528 0.588801563 0.299235106 0.193013966 0.078477047 0.988606632 0.124392137 -0.032013834 3.500245333 3.134313107 0.306232065 0.000000000 0.000000000 -10.000000000
1776608197.767822027 0.588937521 0.299176902 0.192710131 0.078892156 0.988531291 0.124545932 -0.032714490 3.425425768 3.168668747 0.297753930 0.000000000 0.000000000 -10.000000000
1776608197.772693634 0.588937521 0.299176902 0.192710131 0.078892156 0.988531291 0.124545932 -0.032714490 3.344633579 3.202733517 0.288602799 0.000000000 0.000000000 -10.000000000
1776608197.777450323 0.589194179 0.299015373 0.192088962 0.079795487 0.988365769 0.124893501 -0.034167774 3.258063555 3.236448050 0.278763473 0.000000000 0.000000000 -10.000000000
1776608197.782372713 0.589300275 0.298903465 0.191767931 0.080265708 0.988280118 0.125061825 -0.034919169 3.165972471 3.269762993 0.268233359 0.000000000 0.000000000 -10.000000000
1776608197.787421942 0.589380205 0.298732400 0.191426247 0.080760017 0.988194406 0.125198558 -0.035706758 3.068679571 3.302639723 0.257023752 0.000000000 0.000000000 -10.000000000
1776608197.792360544 0.589469850 0.298522383 0.191067398 0.081274979 0.988107264 0.125326425 -0.036491726 2.966562510 3.335050821 0.245160863 0.000000000 0.000000000 -10.000000000
1776608197.797496796 0.589469850 0.298522383 0.191067398 0.081274979 0.988107264 0.125326425 -0.036491726 2.860055923 3.366980076 0.232685894 0.000000000 0.000000000 -10.000000000
1776608197.802470446 0.589547336 0.298287123 0.190692455 0.081793100 0.988020182 0.125440344 -0.037292156 2.749647141 3.398424149 0.219654754 0.000000000 0.000000000 -10.000000000
1776608197.807350874 0.589658439 0.297687292 0.189859748 0.082878411 0.987845302 0.125601068 -0.038951065 2.635869503 3.429390907 0.206136569 0.000000000 0.000000000 -10.000000000
1776608197.812421322 0.589697719 0.297300607 0.189411104 0.083392262 0.987766385 0.125618786 -0.039789829 2.519294262 3.459897995 0.192212358 0.000000000 0.000000000 -10.000000000
1776608197.817375660 0.589697719 0.297300607 0.189411104 0.083392262 0.987766385 0.125618786 -0.039789829 2.400521517 3.489971161 0.177974343 0.000000000 0.000000000 -10.000000000
1776608197.822546005 0.589785159 0.296458960 0.188512594 0.084252365 0.987625241 0.125626683 -0.041422501 2.280172110 3.519642591 0.163524389 0.000000000 0.000000000 -10.000000000
1776608197.830190182 0.589785159 0.296458960 0.188512594 0.084252365 0.987625241 0.125626683 -0.041422501 2.158879042 3.548950672 0.148971289 0.000000000 0.000000000 -10.000000000
1776608197.832399368 0.589748383 0.295397848 0.187510937 0.084953077 0.987511396 0.125463590 -0.043163579 2.037277460 3.577937126 0.134426832 0.000000000 0.000000000 -10.000000000
1776608197.837371111 0.589700401 0.294805974 0.186994761 0.085203625 0.987466574 0.125337541 -0.044052858 1.915996194 3.606647491 0.120000884 0.000000000 0.000000000 -10.000000000
1776608197.842450619 0.589700401 0.294805974 0.186994761 0.085203625 0.987466574 0.125337541 -0.044052858 1.795650244 3.635132313 0.105795927 0.000000000 0.000000000 -10.000000000
1776608197.847415447 0.589572012 0.293553531 0.186015993 0.085552230 0.987390339 0.125068232 -0.045815576 1.676833749 3.663445234 0.091901325 0.000000000 0.000000000 -10.000000000
1776608197.852384567 0.589458227 0.292908132 0.185544521 0.085658073 0.987357736 0.124917753 -0.046721637 1.560114861 3.691642523 0.078387626 0.000000000 0.000000000 -10.000000000
1776608197.857426167 0.589458227 0.292908132 0.185544521 0.085658073 0.987357736 0.124917753 -0.046721637 1.446030021 3.719779253 0.065300487 0.000000000 0.000000000 -10.000000000
1776608197.862694740 0.589087844 0.291511536 0.184555650 0.085841671 0.987294257 0.124548107 -0.048673116 1.335079432 3.747910261 0.052654274 0.000000000 0.000000000 -10.000000000
1776608197.867761612 0.589087844 0.291511536 0.184555650 0.085841671 0.987294257 0.124548107 -0.048673116 1.227722526 3.776091099 0.040426001 0.000000000 0.000000000 -10.000000000
1776608197.873025417 0.588877201 0.290823847 0.184065640 0.085923754 0.987258255 0.124384351 -0.049666520 1.124374509 3.804379702 0.028549388 0.000000000 0.000000000 -10.000000000
1776608197.877784729 0.588302195 0.289438486 0.183117211 0.086121321 0.987172484 0.124064110 -0.051785614 1.025403023 3.832837343 0.016908549 0.000000000 0.000000000 -10.000000000
1776608197.882694483 0.587962091 0.288717210 0.182671279 0.086263694 0.987121642 0.123902999 -0.052890822 0.931126773 3.861526966 0.005331298 0.000000000 0.000000000 -10.000000000
1776608197.887736082 0.587962091 0.288717210 0.182671279 0.086263694 0.987121642 0.123902999 -0.052890822 0.841815174 3.890513659 -0.006417366 0.000000000 0.000000000 -10.000000000
1776608197.892417192 0.587610662 0.288002223 0.182263911 0.086427011 0.987065315 0.123757847 -0.054003533 0.757690191 3.919865131 -0.018640708 0.000000000 0.000000000 -10.000000000
1776608197.897696257 0.586912453 0.286594123 0.181533635 0.086809345 0.986937582 0.123536147 -0.056188226 0.678928137 3.949652433 -0.031713370 0.000000000 0.000000000 -10.000000000
1776608197.902366161 0.586603761 0.285904884 0.181215137 0.087025382 0.986867845 0.123471685 -0.057211678 0.605662346 3.979952812 -0.046082217 0.000000000 0.000000000 -10.000000000
1776608197.907423258 0.586323440 0.285263032 0.180932492 0.087278843 0.986788094 0.123471446 -0.058192894 0.537986696 4.010846615 -0.062265884 0.000000000 0.000000000 -10.000000000
1776608197.912381887 0.586323440 0.285263032 0.180932492 0.087278843 0.986788094 0.123471446 -0.058192894 0.475961387 4.042416096 -0.080853127 0.000000000 0.000000000 -10.000000000
1776608197.917733431 0.586072803 0.284651399 0.180668771 0.087542713 0.986703932 0.123515651 -0.059122346 0.419620067 4.074738979 -0.102499343 0.000000000 0.000000000 -10.000000000
1776608197.922427893 0.585831106 0.283588320 0.180277795 0.088155396 0.986510992 0.123885460 -0.060638819 0.368977815 4.107884407 -0.127920955 0.000000000 0.000000000 -10.000000000
1776608197.927691698 0.585806191 0.283136010 0.180139393 0.088502117 0.986401975 0.124199949 -0.061260540 0.324039847 4.141911030 -0.157887474 0.000000000 0.000000000 -10.000000000
1776608197.932392120 0.585806191 0.283136010 0.180139393 0.088502117 0.986401975 0.124199949 -0.061260540 0.284809083 4.176861286 -0.193211317 0.000000000 0.000000000 -10.000000000
1776608197.937688828 0.585932314 0.282415211 0.180005521 0.089269169 0.986157179 0.125101268 -0.062246844 0.251292437 4.212766171 -0.234735087 0.000000000 0.000000000 -10.000000000
1776608197.942444563 0.586124361 0.282136858 0.179998159 0.089676403 0.986026287 0.125684619 -0.062559165 0.223506451 4.249644756 -0.283316523 0.000000000 0.000000000 -10.000000000
1776608197.947843313 0.586412013 0.281857401 0.179996848 0.090102345 0.985899210 0.126289219 -0.062732339 0.201485604 4.287507534 -0.339810908 0.000000000 0.000000000 -10.000000000
1776608197.952715397 0.586686790 0.281616807 0.180000514 0.090512000 0.985770702 0.126922056 -0.062884793 0.185290754 4.326359272 -0.405051827 0.000000000 0.000000000 -10.000000000
1776608197.957794428 0.586977243 0.281381816 0.180014759 0.090897158 0.985647976 0.127551675 -0.062978826 0.175012112 4.366201878 -0.479832083 0.000000000 0.000000000 -10.000000000
1776608197.962722778 0.587306917 0.281110674 0.180031866 0.091286071 0.985532761 0.128152519 -0.062999919 0.170766443 4.407039642 -0.564885616 0.000000000 0.000000000 -10.000000000
1776608197.967829943 0.587306917 0.281110674 0.180031866 0.091286071 0.985532761 0.128152519 -0.062999919 0.172692209 4.448879719 -0.660869718 0.000000000 0.000000000 -10.000000000
1776608197.972753286 0.587633669 0.280826658 0.180049181 0.091650315 0.985424042 0.128730804 -0.062992357 0.180944681 4.491734028 -0.768348336 0.000000000 0.000000000 -10.000000000
1776608197.977761269 0.588284254 0.280111670 0.180055380 0.092296548 0.985244274 0.129696026 -0.062880918 0.195691213 4.535622120 -0.887778103 0.000000000 0.000000000 -10.000000000
1776608197.982756615 0.588605165 0.279692352 0.180043042 0.092586063 0.985170245 0.130096614 -0.062787376 0.217106685 4.580572128 -1.019496441 0.000000000 0.000000000 -10.000000000
1776608197.987707376 0.588605165 0.279692352 0.180043042 0.092586063 0.985170245 0.130096614 -0.062787376 0.245368317 4.626621246 -1.163713694 0.000000000 0.000000000 -10.000000000
1776608197.992476940 0.589233398 0.278661072 0.179924667 0.093124129 0.985059083 0.130674362 -0.062535584 0.280649126 4.673817635 -1.320507884 0.000000000 0.000000000 -10.000000000
1776608197.997607708 0.589503527 0.278033733 0.179801345 0.093365900 0.985023677 0.130821347 -0.062425934 0.323110014 4.722219944 -1.489823341 0.000000000 0.000000000 -10.000000000
1776608198.002439022 0.589503527 0.278033733 0.179801345 0.093365900 0.985023677 0.130821347 -0.062425934 0.372890472 4.771900177 -1.671473503 0.000000000 0.000000000 -10.000000000
1776608198.007734299 0.589755237 0.277362168 0.179652065 0.093564630 0.985001564 0.130900308 -0.062311295 0.430099696 4.822942257 -1.865145564 0.000000000 0.000000000 -10.000000000
1776608198.012579918 0.590242028 0.275933623 0.179316074 0.093936920 0.984979153 0.130925581 -0.062052101 0.494808555 4.875441551 -2.070409536 0.000000000 0.000000000 -10.000000000
1776608198.017832518 0.590242028 0.275933623 0.179316074 0.093936920 0.984979153 0.130925581 -0.062052101 0.567044079 4.929501057 -2.286727905 0.000000000 0.000000000 -10.000000000
1776608198.022871494 0.590654254 0.274379671 0.179006815 0.094261490 0.984980524 0.130797192 -0.061807591 0.646785855 4.985228539 -2.513467312 0.000000000 0.000000000 -10.000000000
1776608198.027747393 0.590817213 0.273551166 0.178852350 0.094412446 0.984987617 0.130681962 -0.061708305 0.733963966 5.042732239 -2.749909878 0.000000000 0.000000000 -10.000000000
1776608198.032709360 0.590817213 0.273551166 0.178852350 0.094412446 0.984987617 0.130681962 -0.061708305 0.828458309 5.102118492 -2.995265245 0.000000000 0.000000000 -10.000000000
1776608198.037709236 0.590970218 0.272713870 0.178693414 0.094581828 0.984994769 0.130550936 -0.061612293 0.930098593 5.163486958 -3.248680592 0.000000000 0.000000000 -10.000000000
1776608198.042894125 0.591123164 0.271859884 0.178527266 0.094759740 0.985004008 0.130403146 -0.061503742 1.038665771 5.226928711 -3.509252548 0.000000000 0.000000000 -10.000000000
1776608198.047798157 0.591367781 0.270085722 0.178191453 0.095125847 0.985029399 0.130035102 -0.061310519 1.153893471 5.292519093 -3.776036263 0.000000000 0.000000000 -10.000000000
1776608198.052801609 0.591504514 0.269194901 0.178071558 0.095300138 0.985045671 0.129850104 -0.061170515 1.275470495 5.360316753 -4.048057079 0.000000000 0.000000000 -10.000000000
1776608198.057775021 0.591504514 0.269194901 0.178071558 0.095300138 0.985045671 0.129850104 -0.061170515 1.403043389 5.430356979 -4.324317932 0.000000000 0.000000000 -10.000000000
1776608198.062757492 0.591639221 0.268310845 0.177970886 0.095481873 0.985060990 0.129672319 -0.061017558 1.536219478 5.502649307 -4.603806496 0.000000000 0.000000000 -10.000000000
1776608198.067399740 0.591785073 0.267423600 0.177884430 0.095685139 0.985074818 0.129496440 -0.060849108 1.674568415 5.577173233 -4.885502338 0.000000000 0.000000000 -10.000000000
1776608198.072828054 0.592131555 0.265662014 0.177699417 0.096108325 0.985101104 0.129173681 -0.060441855 1.817625165 5.653874874 -5.168379307 0.000000000 0.000000000 -10.000000000
1776608198.077505112 0.592131555 0.265662014 0.177699417 0.096108325 0.985101104 0.129173681 -0.060441855 1.964893341 5.732667446 -5.451412678 0.000000000 0.000000000 -10.000000000
1776608198.082807302 0.592321217 0.264777422 0.177601308 0.096337266 0.985114217 0.129011735 -0.060208403 2.115849972 5.813428402 -5.733582497 0.000000000 0.000000000 -10.000000000
1776608198.087474823 0.592534542 0.263883799 0.177521676 0.096569844 0.985128880 0.128853604 -0.059933841 2.269946814 5.895997524 -6.013877392 0.000000000 0.000000000 -10.000000000
1776608198.092748642 0.593021035 0.262121975 0.177404553 0.097051241 0.985159755 0.128558010 -0.059279826 2.426614046 5.980181217 -6.291297913 0.000000000 0.000000000 -10.000000000
1776608198.097513914 0.593262911 0.261240870 0.177350461 0.097279660 0.985177815 0.128405854 -0.058934588 2.585260868 6.065749645 -6.564861774 0.000000000 0.000000000 -10.000000000
1776608198.102394581 0.593489945 0.260361075 0.177291125 0.097500540 0.985197723 0.128243431 -0.058589555 2.745280266 6.152438641 -6.833606720 0.000000000 0.000000000 -10.000000000
1776608198.107431889 0.593715250 0.259478062 0.177228272 0.097708441 0.985220850 0.128071517 -0.058229063 2.906050205 6.239955425 -7.096593380 0.000000000 0.000000000 -10.000000000
1776608198.112481117 0.593897164 0.258582175 0.177143604 0.097891718 0.985248625 0.127866104 -0.057901543 3.066937685 6.327978611 -7.352910042 0.000000000 0.000000000 -10.000000000
1776608198.117507458 0.594045341 0.257669777 0.177058011 0.098064102 0.985280037 0.127629340 -0.057597153 3.227299690 6.416165829 -7.601675034 0.000000000 0.000000000 -10.000000000
1776608198.122459888 0.594045341 0.257669777 0.177058011 0.098064102 0.985280037 0.127629340 -0.057597153 3.386485577 6.504158497 -7.842043877 0.000000000 0.000000000 -10.000000000
1776608198.127413750 0.594168723 0.256748319 0.176961452 0.098213188 0.985316396 0.127365634 -0.057303667 3.543838739 6.591585636 -8.073214531 0.000000000 0.000000000 -10.000000000
1776608198.132399082 0.594357252 0.254860461 0.176754296 0.098463543 0.985401630 0.126763731 -0.056740630 3.698701143 6.678070068 -8.294430733 0.000000000 0.000000000 -10.000000000
1776608198.137439728 0.594423473 0.253896415 0.176642865 0.098574772 0.985448837 0.126429468 -0.056472562 3.850416183 6.763232708 -8.504990578 0.000000000 0.000000000 -10.000000000
1776608198.142784357 0.594447792 0.252919644 0.176504403 0.098676279 0.985498011 0.126067415 -0.056246128 3.998336315 6.846693993 -8.704250336 0.000000000 0.000000000 -10.000000000
1776608198.148025513 0.594458461 0.251942158 0.176357388 0.098795384 0.985546708 0.125690803 -0.056026995 4.141828060 6.928078175 -8.891628265 0.000000000 0.000000000 -10.000000000
1776608198.152750492 0.594463944 0.250961453 0.176196784 0.098913178 0.985596716 0.125303149 -0.055806667 4.280277252 7.007015228 -9.066612244 0.000000000 0.000000000 -10.000000000
1776608198.157564640 0.594429851 0.249983996 0.176007479 0.099017024 0.985647321 0.124903679 -0.055623908 4.413094521 7.083147526 -9.228764534 0.000000000 0.000000000 -10.000000000
1776608198.162394762 0.594429851 0.249983996 0.176007479 0.099017024 0.985647321 0.124903679 -0.055623908 4.539721489 7.156130791 -9.377724648 0.000000000 0.000000000 -10.000000000
1776608198.167492390 0.594381928 0.249021828 0.175825477 0.099134453 0.985696316 0.124501482 -0.055448689 4.659634590 7.225639820 -9.513218880 0.000000000 0.000000000 -10.000000000
1776608198.172433376 0.594302118 0.247143328 0.175480992 0.099372797 0.985792339 0.123725787 -0.055049766 4.772354126 7.291371822 -9.635056496 0.000000000 0.000000000 -10.000000000
1776608198.177529812 0.594249249 0.246225357 0.175313354 0.099502079 0.985836685 0.123355016 -0.054853689 4.877444267 7.353046417 -9.743138313 0.000000000 0.000000000 -10.000000000
1776608198.182519436 0.594201148 0.245343506 0.175159067 0.099653393 0.985877872 0.122999549 -0.054636270 4.974519253 7.410407543 -9.837453842 0.000000000 0.000000000 -10.000000000
1776608198.187348604 0.594126463 0.244472802 0.174998224 0.099807471 0.985916317 0.122650810 -0.054444909 5.063244343 7.463227749 -9.918082237 0.000000000 0.000000000 -10.000000000
1776608198.192466974 0.594126463 0.244472802 0.174998224 0.099807471 0.985916317 0.122650810 -0.054444909 5.143339157 7.511307716 -9.985194206 0.000000000 0.000000000 -10.000000000
1776608198.197404623 0.593938291 0.242823243 0.174725890 0.100067995 0.985990763 0.122012846 -0.054050352 5.214580536 7.554479122 -10.039048195 0.000000000 0.000000000 -10.000000000
1776608198.202409267 0.593826413 0.242044613 0.174600959 0.100235336 0.986019194 0.121730603 -0.053858142 5.276804447 7.592602253 -10.079987526 0.000000000 0.000000000 -10.000000000
1776608198.207658768 0.593719065 0.241323292 0.174493462 0.100405484 0.986042857 0.121491618 -0.053647056 5.329904556 7.625567913 -10.108437538 0.000000000 0.000000000 -10.000000000
1776608198.212486029 0.593585551 0.240636200 0.174376279 0.100574613 0.986062527 0.121278249 -0.053451639 5.373834610 7.653293610 -10.124896049 0.000000000 0.000000000 -10.000000000
1776608198.217438221 0.593445361 0.240000322 0.174269289 0.100739606 0.986078560 0.121098638 -0.053251427 5.408605099 7.675725937 -10.129931450 0.000000000 0.000000000 -10.000000000
1776608198.222431660 0.593445361 0.240000322 0.174269289 0.100739606 0.986078560 0.121098638 -0.053251427 5.434279442 7.692836761 -10.124172211 0.000000000 0.000000000 -10.000000000
1776608198.227486610 0.593294859 0.239415005 0.174171239 0.100923628 0.986087680 0.120959386 -0.053050857 5.450974464 7.704626560 -10.108299255 0.000000000 0.000000000 -10.000000000
1776608198.232504845 0.593142748 0.238868520 0.174079657 0.101142950 0.986088157 0.120860659 -0.052848238 5.458851337 7.711120129 -10.083040237 0.000000000 0.000000000 -10.000000000
1776608198.237444162 0.592868626 0.237898886 0.173965424 0.101618022 0.986076593 0.120765008 -0.052368879 5.458115578 7.712368965 -10.049158096 0.000000000 0.000000000 -10.000000000
1776608198.242853403 0.592868626 0.237898886 0.173965424 0.101618022 0.986076593 0.120765008 -0.052368879 5.449010372 7.708451271 -10.007445335 0.000000000 0.000000000 -10.000000000
1776608198.247907639 0.592653334 0.237068817 0.173916310 0.102055408 0.986059785 0.120793000 -0.051766854 5.431813717 7.699472427 -9.958714485 0.000000000 0.000000000 -10.000000000
1776608198.252414227 0.592495739 0.236700296 0.173876166 0.102260754 0.986049354 0.120819412 -0.051497888 5.406834126 7.685561657 -9.903786659 0.000000000 0.000000000 -10.000000000
1776608198.257505655 0.592308283 0.236360282 0.173830032 0.102470383 0.986035943 0.120855622 -0.051252607 5.374409199 7.666871548 -9.843490601 0.000000000 0.000000000 -10.000000000
1776608198.262891531 0.592308283 0.236360282 0.173830032 0.102470383 0.986035943 0.120855622 -0.051252607 5.334895611 7.643575191 -9.778647423 0.000000000 0.000000000 -10.000000000
1776608198.267451048 0.591831923 0.235761911 0.173721790 0.102837861 0.986011207 0.120928295 -0.050819047 5.288667679 7.615866184 -9.710072517 0.000000000 0.000000000 -10.000000000
1776608198.272701979 0.591590285 0.235524416 0.173685253 0.102987304 0.986002326 0.120979868 -0.050565325 5.236105919 7.583958149 -9.638563156 0.000000000 0.000000000 -10.000000000
1776608198.277508497 0.591263950 0.235290527 0.173622400 0.103105463 0.985996902 0.120995514 -0.050393209 5.177592278 7.548083782 -9.564895630 0.000000000 0.000000000 -10.000000000
1776608198.282463551 0.590887904 0.235055685 0.173552632 0.103192471 0.985996068 0.120984204 -0.050258081 5.113502502 7.508494377 -9.489815712 0.000000000 0.000000000 -10.000000000
1776608198.287412643 0.590528071 0.234809548 0.173493713 0.103253253 0.986002266 0.120947264 -0.050100528 5.044198990 7.465459824 -9.414038658 0.000000000 0.000000000 -10.000000000
1776608198.292426109 0.590166509 0.234586418 0.173464447 0.103255644 0.986018777 0.120885961 -0.049917918 4.970029831 7.419269562 -9.338239670 0.000000000 0.000000000 -10.000000000
1776608198.297402143 0.589808285 0.234375775 0.173436105 0.103220634 0.986044407 0.120793894 -0.049706962 4.891323090 7.370233059 -9.263059616 0.000000000 0.000000000 -10.000000000
1776608198.302850485 0.589399874 0.234153837 0.173391849 0.103151038 0.986079812 0.120638996 -0.049524944 4.808386326 7.318675995 -9.189093590 0.000000000 0.000000000 -10.000000000
1776608198.307547331 0.588923514 0.233913749 0.173335135 0.103052452 0.986123443 0.120416343 -0.049402911 4.721506119 7.264934540 -9.116896629 0.000000000 0.000000000 -10.000000000
1776608198.312428236 0.588419259 0.233664095 0.173260897 0.102939233 0.986173034 0.120149389 -0.049299493 4.630949497 7.209353924 -9.046974182 0.000000000 0.000000000 -10.000000000
1776608198.317475796 0.587916017 0.233408689 0.173188746 0.102808036 0.986229360 0.119846784 -0.049182016 4.536963940 7.152283192 -8.979785919 0.000000000 0.000000000 -10.000000000
1776608198.322408676 0.587916017 0.233408689 0.173188746 0.102808036 0.986229360 0.119846784 -0.049182016 4.439780235 7.094071388 -8.915746689 0.000000000 0.000000000 -10.000000000
1776608198.327461243 0.586810946 0.232898295 0.173052073 0.102449223 0.986361682 0.119134292 -0.049008768 4.339614391 7.035065651 -8.855222702 0.000000000 0.000000000 -10.000000000
1776608198.332407475 0.586810946 0.232898295 0.173052073 0.102449223 0.986361682 0.119134292 -0.049008768 4.236666679 6.975607395 -8.798536301 0.000000000 0.000000000 -10.000000000
1776608198.337599993 0.586245894 0.232635021 0.172988504 0.102226309 0.986436725 0.118741669 -0.048916396 4.131124020 6.916028500 -8.745964050 0.000000000 0.000000000 -10.000000000
1776608198.342514753 0.585670710 0.232379243 0.172941804 0.101965263 0.986517787 0.118328549 -0.048827622 4.023159981 6.856649399 -8.697733879 0.000000000 0.000000000 -10.000000000
1776608198.347453117 0.584522367 0.231910482 0.172855854 0.101350188 0.986696064 0.117463820 -0.048592996 3.912936687 6.797772884 -8.654033661 0.000000000 0.000000000 -10.000000000
1776608198.352386236 0.583921909 0.231680691 0.172814935 0.101011500 0.986790657 0.117007464 -0.048477612 3.800607443 6.739682198 -8.615005493 0.000000000 0.000000000 -10.000000000
1776608198.357438803 0.583268881 0.231469885 0.172760218 0.100639120 0.986888409 0.116530180 -0.048412114 3.686319590 6.682636261 -8.580748558 0.000000000 0.000000000 -10.000000000
1776608198.362407207 0.582577467 0.231274903 0.172696471 0.100236401 0.986989498 0.116036274 -0.048373807 3.570217609 6.626867771 -8.551321983 0.000000000 0.000000000 -10.000000000
1776608198.370874405 0.581909180 0.231100842 0.172639608 0.099815048 0.987093449 0.115545824 -0.048297606 3.452445507 6.572580814 -8.526738167 0.000000000 0.000000000 -10.000000000
1776608198.372821569 0.581233084 0.230925992 0.172573209 0.099381894 0.987199903 0.115039706 -0.048222736 3.333148718 6.519949436 -8.506972313 0.000000000 0.000000000 -10.000000000
1776608198.377773285 0.581233084 0.230925992 0.172573209 0.099381894 0.987199903 0.115039706 -0.048222736 3.212473869 6.469115734 -8.491960526 0.000000000 0.000000000 -10.000000000
1776608198.382878542 0.579880893 0.230549023 0.172483116 0.098502845 0.987416804 0.113991939 -0.048073791 3.090569258 6.420191765 -8.481599808 0.000000000 0.000000000 -10.000000000
1776608198.387488127 0.579196393 0.230382502 0.172467083 0.098041035 0.987526119 0.113472268 -0.048001401 2.967584133 6.373259544 -8.475756645 0.000000000 0.000000000 -10.000000000
1776608198.392420292 0.578503788 0.230248645 0.172465503 0.097551256 0.987637043 0.112958036 -0.047930092 2.843667269 6.328374863 -8.474264145 0.000000000 0.000000000 -10.000000000
1776608198.397471905 0.577789426 0.230129451 0.172483236 0.097044684 0.987749219 0.112436734 -0.047872502 2.718968630 6.285566807 -8.476928711 0.000000000 0.000000000 -10.000000000
1776608198.402412653 0.577021182 0.230012968 0.172484070 0.096523911 0.987861335 0.111895181 -0.047880359 2.593640327 6.244837761 -8.483531952 0.000000000 0.000000000 -10.000000000
1776608198.407391310 0.576197088 0.229881898 0.172467828 0.096001416 0.987973332 0.111324228 -0.047951702 2.467840910 6.206165791 -8.493831635 0.000000000 0.000000000 -10.000000000
1776608198.412421942 0.575362027 0.229766071 0.172441214 0.095525630 0.988078415 0.110756017 -0.048052102 2.341735840 6.169505119 -8.507566452 0.000000000 0.000000000 -10.000000000
1776608198.417393923 0.574479342 0.229667515 0.172399521 0.095081829 0.988177896 0.110180736 -0.048208784 2.215495110 6.134789467 -8.524455070 0.000000000 0.000000000 -10.000000000
1776608198.422386885 0.573605001 0.229568139 0.172372699 0.094672486 0.988274097 0.109601803 -0.048362080 2.089293242 6.101932049 -8.544192314 0.000000000 0.000000000 -10.000000000
1776608198.427393198 0.572748601 0.229465246 0.172367871 0.094343238 0.988362670 0.109021932 -0.048505556 1.963307500 6.070826054 -8.566455841 0.000000000 0.000000000 -10.000000000
1776608198.432523966 0.571902514 0.229363933 0.172380656 0.094098456 0.988444090 0.108431593 -0.048645593 1.837720037 6.041346073 -8.590905190 0.000000000 0.000000000 -10.000000000
1776608198.437376976 0.571060956 0.229269207 0.172396809 0.093920901 0.988518953 0.107840903 -0.048780374 1.712720990 6.013346672 -8.617180824 0.000000000 0.000000000 -10.000000000
1776608198.442382812 0.570216596 0.229176402 0.172399998 0.093807638 0.988587260 0.107245654 -0.048925191 1.588512659 5.986664295 -8.644910812 0.000000000 0.000000000 -10.000000000
1776608198.447414160 0.569364905 0.229107603 0.172388345 0.093711928 0.988654494 0.106641740 -0.049070653 1.465313911 5.961117268 -8.673707008 0.000000000 0.000000000 -10.000000000
1776608198.452406168 0.568515241 0.229080260 0.172362119 0.093617946 0.988719940 0.106052369 -0.049208511 1.343363762 5.936508656 -8.703166008 0.000000000 0.000000000 -10.000000000
1776608198.457384586 0.568515241 0.229080260 0.172362119 0.093617946 0.988719940 0.106052369 -0.049208511 1.222923756 5.912624836 -8.732869148 0.000000000 0.000000000 -10.000000000
1776608198.462499619 0.567727804 0.229065686 0.172344983 0.093538046 0.988785326 0.105483711 -0.049269073 1.104279399 5.889235020 -8.762388229 0.000000000 0.000000000 -10.000000000
1776608198.467415094 0.566272736 0.229069531 0.172320932 0.093348332 0.988925695 0.104356781 -0.049211264 0.987740457 5.866092205 -8.791283607 0.000000000 0.000000000 -10.000000000
1776608198.472378016 0.565658092 0.229096234 0.172341108 0.093235813 0.988999963 0.103831783 -0.049042523 0.873639822 5.842934608 -8.819110870 0.000000000 0.000000000 -10.000000000
1776608198.477384090 0.565658092 0.229096234 0.172341108 0.093235813 0.988999963 0.103831783 -0.049042523 0.762331307 5.819488525 -8.845425606 0.000000000 0.000000000 -10.000000000
1776608198.482496023 0.565114498 0.229155809 0.172373563 0.093082182 0.989079237 0.103336193 -0.048781261 0.654184699 5.795475006 -8.869784355 0.000000000 0.000000000 -10.000000000
1776608198.487778187 0.564616680 0.229214907 0.172400653 0.092929646 0.989159465 0.102850065 -0.048471149 0.549579620 5.770610809 -8.891752243 0.000000000 0.000000000 -10.000000000
1776608198.492564201 0.564155102 0.229295477 0.172411650 0.092736751 0.989245117 0.102372549 -0.048102453 0.448897421 5.744615555 -8.910902023 0.000000000 0.000000000 -10.000000000
1776608198.497779608 0.563732982 0.229404211 0.172425300 0.092525534 0.989332736 0.101915121 -0.047676701 0.352512926 5.717211246 -8.926818848 0.000000000 0.000000000 -10.000000000
1776608198.502817869 0.563301623 0.229512900 0.172425508 0.092295550 0.989421725 0.101452723 -0.047260582 0.260785520 5.688129425 -8.939100266 0.000000000 0.000000000 -10.000000000
1776608198.507839918 0.562894166 0.229646012 0.172421485 0.092041701 0.989513218 0.101001829 -0.046803776 0.174051151 5.657112598 -8.947359085 0.000000000 0.000000000 -10.000000000
1776608198.512541294 0.562548697 0.229804993 0.172436178 0.091793671 0.989603043 0.100587599 -0.046280127 0.092615962 5.623916149 -8.951229095 0.000000000 0.000000000 -10.000000000
1776608198.517384291 0.562248707 0.229997069 0.172449589 0.091534823 0.989693046 0.100205541 -0.045694124 0.016751058 5.588312626 -8.950364113 0.000000000 0.000000000 -10.000000000
1776608198.522454739 0.561965644 0.230195627 0.172461689 0.091298468 0.989779532 0.099838048 -0.045093343 -0.053311270 5.550092220 -8.944441795 0.000000000 0.000000000 -10.000000000
1776608198.527464867 0.561705589 0.230412871 0.172480762 0.091064282 0.989865124 0.099484630 -0.044464614 -0.117380746 5.509064198 -8.933167458 0.000000000 0.000000000 -10.000000000
1776608198.532537460 0.561504245 0.230647147 0.172514439 0.090855584 0.989947677 0.099159271 -0.043775957 -0.175311625 5.465059280 -8.916281700 0.000000000 0.000000000 -10.000000000
1776608198.537387133 0.561362982 0.230919272 0.172577351 0.090661041 0.990026534 0.098882601 -0.043015074 -0.227004215 5.417928219 -8.893559456 0.000000000 0.000000000 -10.000000000
1776608198.542453766 0.561227083 0.231212363 0.172647506 0.090491116 0.990100265 0.098630749 -0.042247161 -0.272405535 5.367544651 -8.864811897 0.000000000 0.000000000 -10.000000000
1776608198.547727346 0.561079860 0.231529325 0.172726005 0.090337023 0.990169227 0.098399758 -0.041492004 -0.311509639 5.313800812 -8.829892159 0.000000000 0.000000000 -10.000000000
1776608198.552486181 0.560910225 0.231868193 0.172794580 0.090221748 0.990230680 0.098188400 -0.040770851 -0.344357342 5.256610870 -8.788693428 0.000000000 0.000000000 -10.000000000
1776608198.557407618 0.560532987 0.232587546 0.172892183 0.090000272 0.990347564 0.097777121 -0.039386366 -0.371032685 5.195910931 -8.741148949 0.000000000 0.000000000 -10.000000000
1776608198.562792540 0.560326397 0.232979342 0.172927171 0.089897305 0.990401804 0.097588517 -0.038719404 -0.391657591 5.131660461 -8.687235832 0.000000000 0.000000000 -10.000000000
1776608198.567517519 0.560088992 0.233378768 0.172962040 0.089798197 0.990453899 0.097399861 -0.038086675 -0.406388134 5.063847065 -8.626973152 0.000000000 0.000000000 -10.000000000
1776608198.572878599 0.560088992 0.233378768 0.172962040 0.089798197 0.990453899 0.097399861 -0.038086675 -0.415412635 4.992487431 -8.560421944 0.000000000 0.000000000 -10.000000000
1776608198.577497959 0.559622467 0.234219640 0.173069209 0.089560114 0.990558207 0.097044267 -0.036821507 -0.418951690 4.917630672 -8.487686157 0.000000000 0.000000000 -10.000000000
1776608198.582770586 0.559622467 0.234219640 0.173069209 0.089560114 0.990558207 0.097044267 -0.036821507 -0.417257428 4.839361668 -8.408905029 0.000000000 0.000000000 -10.000000000
1776608198.587385893 0.559430420 0.234657481 0.173146188 0.089422934 0.990611672 0.096879490 -0.036144432 -0.410611212 4.757796764 -8.324258804 0.000000000 0.000000000 -10.000000000
1776608198.592838287 0.559224248 0.235115007 0.173215747 0.089268968 0.990665674 0.096713088 -0.035484198 -0.399319053 4.673085690 -8.233954430 0.000000000 0.000000000 -10.000000000
1776608198.597739220 0.558984756 0.235577166 0.173267871 0.089106761 0.990719378 0.096538797 -0.034861658 -0.383707255 4.585407257 -8.138229370 0.000000000 0.000000000 -10.000000000
1776608198.602385521 0.558455408 0.236518443 0.173339576 0.088747270 0.990829527 0.096156418 -0.033685829 -0.364118874 4.494968414 -8.037343025 0.000000000 0.000000000 -10.000000000
1776608198.607538462 0.558455408 0.236518443 0.173339576 0.088747270 0.990829527 0.096156418 -0.033685829 -0.340910286 4.402001381 -7.931573868 0.000000000 0.000000000 -10.000000000
1776608198.612540960 0.558183372 0.236992568 0.173373312 0.088562652 0.990884125 0.095962636 -0.033112753 -0.314447790 4.306760788 -7.821216583 0.000000000 0.000000000 -10.000000000
1776608198.617477417 0.557668746 0.237973839 0.173479378 0.088191658 0.990991652 0.095592827 -0.031933837 -0.285104454 4.209518909 -7.706580162 0.000000000 0.000000000 -10.000000000
1776608198.622744799 0.557668746 0.237973839 0.173479378 0.088191658 0.990991652 0.095592827 -0.031933837 -0.253256142 4.110562801 -7.587983131 0.000000000 0.000000000 -10.000000000
1776608198.627465010 0.557156980 0.238978311 0.173580647 0.087789528 0.991101086 0.095213406 -0.030758100 -0.219276786 4.010191441 -7.465754032 0.000000000 0.000000000 -10.000000000
1776608198.632433414 0.556924939 0.239498615 0.173633516 0.087578006 0.991156161 0.095027514 -0.030154524 -0.183532700 3.908709526 -7.340227604 0.000000000 0.000000000 -10.000000000
1776608198.637832880 0.556924939 0.239498615 0.173633516 0.087578006 0.991156161 0.095027514 -0.030154524 -0.146377325 3.806425333 -7.211745262 0.000000000 0.000000000 -10.000000000
1776608198.642759085 0.556714952 0.240024373 0.173682302 0.087372437 0.991210938 0.094842188 -0.029528264 -0.108147055 3.703649044 -7.080650806 0.000000000 0.000000000 -10.000000000
1776608198.647642612 0.556358933 0.241147310 0.173818827 0.086941548 0.991318405 0.094517946 -0.028201692 -0.069158398 3.600689173 -6.947290897 0.000000000 0.000000000 -10.000000000
1776608198.652557850 0.556190729 0.241742134 0.173898965 0.086729228 0.991369724 0.094372734 -0.027530435 -0.029706128 3.497851133 -6.812012196 0.000000000 0.000000000 -10.000000000
1776608198.657829285 0.556009650 0.242328107 0.173969090 0.086517356 0.991421342 0.094213583 -0.026876174 0.009938639 3.395433664 -6.675160408 0.000000000 0.000000000 -10.000000000
1776608198.662592888 0.555841565 0.242914677 0.174034417 0.086317986 0.991471589 0.094050586 -0.026225267 0.049530644 3.293727160 -6.537077904 0.000000000 0.000000000 -10.000000000
1776608198.667799711 0.555841565 0.242914677 0.174034417 0.086317986 0.991471589 0.094050586 -0.026225267 0.088852972 3.193011284 -6.398106098 0.000000000 0.000000000 -10.000000000
1776608198.672513008 0.555491805 0.244103596 0.174139112 0.085929714 0.991570354 0.093711086 -0.024952080 0.127718866 3.093553543 -6.258581161 0.000000000 0.000000000 -10.000000000
1776608198.677750826 0.555491805 0.244103596 0.174139112 0.085929714 0.991570354 0.093711086 -0.024952080 0.165971577 2.995609283 -6.118833542 0.000000000 0.000000000 -10.000000000
1776608198.682396412 0.555179179 0.245245576 0.174240530 0.085567318 0.991670072 0.093319431 -0.023669414 0.203481987 2.899421930 -5.979186058 0.000000000 0.000000000 -10.000000000
1776608198.687406301 0.555179179 0.245245576 0.174240530 0.085567318 0.991670072 0.093319431 -0.023669414 0.240144983 2.805223465 -5.839951515 0.000000000 0.000000000 -10.000000000
1776608198.692417145 0.554966986 0.245796800 0.174277842 0.085358351 0.991724551 0.093074463 -0.023098070 0.275875181 2.713237762 -5.701432705 0.000000000 0.000000000 -10.000000000
1776608198.697394848 0.554742455 0.246353313 0.174309075 0.085131973 0.991781056 0.092813484 -0.022549659 0.310601860 2.623682261 -5.563919067 0.000000000 0.000000000 -10.000000000
1776608198.702370405 0.554461062 0.246892199 0.174331337 0.084884979 0.991840959 0.092514262 -0.022071803 0.344263613 2.536769867 -5.427690029 0.000000000 0.000000000 -10.000000000
1776608198.707384586 0.554173648 0.247409910 0.174365610 0.084619477 0.991904378 0.092185192 -0.021612654 0.376802802 2.452709913 -5.293010235 0.000000000 0.000000000 -10.000000000
1776608198.712470293 0.553851843 0.247898161 0.174398810 0.084338844 0.991971910 0.091810934 -0.021200312 0.408160865 2.371708393 -5.160134315 0.000000000 0.000000000 -10.000000000
1776608198.717752695 0.553493977 0.248374075 0.174442738 0.084043570 0.992041409 0.091412164 -0.020839728 0.438273579 2.293967724 -5.029304028 0.000000000 0.000000000 -10.000000000
1776608198.722835541 0.552642465 0.249297738 0.174526721 0.083406053 0.992188036 0.090522565 -0.020297091 0.467067868 2.219685316 -4.900747299 0.000000000 0.000000000 -10.000000000
1776608198.727727652 0.552139163 0.249753147 0.174552500 0.083076008 0.992262840 0.090041302 -0.020134209 0.494459361 2.149049759 -4.774678230 0.000000000 0.000000000 -10.000000000
1776608198.732803583 0.551548779 0.250202119 0.174554884 0.082753278 0.992336512 0.089534149 -0.020093059 0.520351052 2.082238436 -4.651295185 0.000000000 0.000000000 -10.000000000
1776608198.737439632 0.550891042 0.250672489 0.174556255 0.082458042 0.992404699 0.089036830 -0.020149257 0.544631660 2.019412756 -4.530780315 0.000000000 0.000000000 -10.000000000
1776608198.742350578 0.550891042 0.250672489 0.174556255 0.082458042 0.992404699 0.089036830 -0.020149257 0.567173123 1.960713625 -4.413301468 0.000000000 0.000000000 -10.000000000
1776608198.747423410 0.550187409 0.251163095 0.174558431 0.082207181 0.992464840 0.088566259 -0.020287286 0.587830365 1.906257629 -4.299011230 0.000000000 0.000000000 -10.000000000
1776608198.752478838 0.549441338 0.251671940 0.174564749 0.082004860 0.992516398 0.088124648 -0.020505242 0.606441796 1.856131911 -4.188048363 0.000000000 0.000000000 -10.000000000
1776608198.757838488 0.548624754 0.252214015 0.174587607 0.081845336 0.992558479 0.087722339 -0.020828100 0.622832596 1.810389638 -4.080538273 0.000000000 0.000000000 -10.000000000
1776608198.762698650 0.547735453 0.252798051 0.174609929 0.081726611 0.992590487 0.087365717 -0.021263696 0.636818409 1.769048095 -3.976592541 0.000000000 0.000000000 -10.000000000
1776608198.767536640 0.545787752 0.254045844 0.174649179 0.081567198 0.992631912 0.086753130 -0.022418408 0.648209155 1.732086897 -3.876310349 0.000000000 0.000000000 -10.000000000
1776608198.772382498 0.544724226 0.254714876 0.174678206 0.081521384 0.992640555 0.086507924 -0.023137623 0.656812727 1.699446797 -3.779777288 0.000000000 0.000000000 -10.000000000
1776608198.777392149 0.544724226 0.254714876 0.174678206 0.081521384 0.992640555 0.086507924 -0.023137623 0.662438929 1.671030879 -3.687065125 0.000000000 0.000000000 -10.000000000
1776608198.782382250 0.543621540 0.255401015 0.174709320 0.081487454 0.992643356 0.086291626 -0.023931850 0.664905548 1.646705866 -3.598231316 0.000000000 0.000000000 -10.000000000
1776608198.787386656 0.542504847 0.256120563 0.174743980 0.081446365 0.992642343 0.086107120 -0.024763897 0.664046407 1.626305103 -3.513318777 0.000000000 0.000000000 -10.000000000
1776608198.792373180 0.541362166 0.256889641 0.174789608 0.081365258 0.992639661 0.085960127 -0.025633635 0.659721792 1.609631300 -3.432353973 0.000000000 0.000000000 -10.000000000
1776608198.797442436 0.540181458 0.257710159 0.174848199 0.081249662 0.992634177 0.085855700 -0.026546860 0.651827097 1.596458912 -3.355346680 0.000000000 0.000000000 -10.000000000
1776608198.802378654 0.538987398 0.258578479 0.174921095 0.081111126 0.992625177 0.085795790 -0.027484097 0.640299916 1.586535335 -3.282289982 0.000000000 0.000000000 -10.000000000
1776608198.807365417 0.537807047 0.259466618 0.174996465 0.080955185 0.992613912 0.085767992 -0.028420862 0.625125170 1.579582214 -3.213159800 0.000000000 0.000000000 -10.000000000
1776608198.812580585 0.536648750 0.260365218 0.175059915 0.080812290 0.992597938 0.085771888 -0.029357955 0.606339395 1.575298429 -3.147915125 0.000000000 0.000000000 -10.000000000
1776608198.817756891 0.535506964 0.261268020 0.175121069 0.080678269 0.992578089 0.085801467 -0.030296508 0.584033132 1.573363900 -3.086498976 0.000000000 0.000000000 -10.000000000
1776608198.822360992 0.534393966 0.262203187 0.175198197 0.080536239 0.992554486 0.085880071 -0.031211218 0.558352411 1.573444486 -3.028838873 0.000000000 0.000000000 -10.000000000
1776608198.827377319 0.533304513 0.263181925 0.175303131 0.080378845 0.992527604 0.086008556 -0.032104433 0.529498577 1.575196505 -2.974848747 0.000000000 0.000000000 -10.000000000
1776608198.832373142 0.532244563 0.264189422 0.175415874 0.080219828 0.992497265 0.086177766 -0.032975681 0.497725397 1.578270674 -2.924429178 0.000000000 0.000000000 -10.000000000
1776608198.837392330 0.531212866 0.265201420 0.175528318 0.080060199 0.992465198 0.086364724 -0.033827193 0.463335067 1.582316875 -2.877467632 0.000000000 0.000000000 -10.000000000
1776608198.842378139 0.530212939 0.266203731 0.175633430 0.079901285 0.992432833 0.086554945 -0.034656681 0.426672697 1.586990237 -2.833840132 0.000000000 0.000000000 -10.000000000
1776608198.847691774 0.529236674 0.267227501 0.175734222 0.079735145 0.992398620 0.086770520 -0.035469998 0.388120919 1.591957808 -2.793410063 0.000000000 0.000000000 -10.000000000
1776608198.852447033 0.528271675 0.268284410 0.175843000 0.079570413 0.992360890 0.087017715 -0.036281969 0.348095089 1.596903801 -2.756033182 0.000000000 0.000000000 -10.000000000
1776608198.857396603 0.527346849 0.269364774 0.175965220 0.079390965 0.992322147 0.087296762 -0.037056055 0.307038367 1.601534605 -2.721558571 0.000000000 0.000000000 -10.000000000
1776608198.862342834 0.526457071 0.270441979 0.176095456 0.079221033 0.992282391 0.087581962 -0.037802964 0.265416563 1.605581284 -2.689832687 0.000000000 0.000000000 -10.000000000
1776608198.867388010 0.525592506 0.271506220 0.176229179 0.079062209 0.992241085 0.087872736 -0.038537987 0.223711953 1.608801126 -2.660701036 0.000000000 0.000000000 -10.000000000
1776608198.872924328 0.524763763 0.272592217 0.176359475 0.078918204 0.992197096 0.088187039 -0.039241437 0.182416514 1.610980392 -2.634010792 0.000000000 0.000000000 -10.000000000
1776608198.877373695 0.523193240 0.274760842 0.176608473 0.078643024 0.992105424 0.088855289 -0.040581871 0.142024428 1.611935496 -2.609610558 0.000000000 0.000000000 -10.000000000
1776608198.882726192 0.523193240 0.274760842 0.176608473 0.078643024 0.992105424 0.088855289 -0.040581871 0.103024840 1.611514926 -2.587352514 0.000000000 0.000000000 -10.000000000
1776608198.887472630 0.521751344 0.276949883 0.176901370 0.078409992 0.992006898 0.089590646 -0.041805480 0.065895990 1.609599352 -2.567091227 0.000000000 0.000000000 -10.000000000
1776608198.892742634 0.521751344 0.276949883 0.176901370 0.078409992 0.992006898 0.089590646 -0.041805480 0.031100553 1.606102467 -2.548686028 0.000000000 0.000000000 -10.000000000
1776608198.897435904 0.520423353 0.279127717 0.177233100 0.078189239 0.991905630 0.090368614 -0.042931829 -0.000919147 1.600969791 -2.532000303 0.000000000 0.000000000 -10.000000000
1776608198.902824640 0.520423353 0.279127717 0.177233100 0.078189239 0.991905630 0.090368614 -0.042931829 -0.029746009 1.594177961 -2.516901731 0.000000000 0.000000000 -10.000000000
1776608198.907749653 0.519240499 0.281225950 0.177595556 0.077976346 0.991807461 0.091145352 -0.043934185 -0.054992504 1.585734487 -2.503260374 0.000000000 0.000000000 -10.000000000
1776608198.912729979 0.518704712 0.282246739 0.177789867 0.077888407 0.991757274 0.091544069 -0.044391222 -0.076304048 1.575676918 -2.490948915 0.000000000 0.000000000 -10.000000000
1776608198.917603970 0.518211484 0.283258408 0.177988589 0.077796921 0.991707385 0.091952249 -0.044820823 -0.093361355 1.564072132 -2.479840755 0.000000000 0.000000000 -10.000000000
1776608198.922666550 0.517770648 0.284262538 0.178183347 0.077718452 0.991655767 0.092379048 -0.045219678 -0.105881751 1.551012754 -2.469810247 0.000000000 0.000000000 -10.000000000
1776608198.927710056 0.517351985 0.285264522 0.178369164 0.077631168 0.991604209 0.092812471 -0.045610435 -0.113619700 1.536614418 -2.460732460 0.000000000 0.000000000 -10.000000000
1776608198.932729721 0.517351985 0.285264522 0.178369164 0.077631168 0.991604209 0.092812471 -0.045610435 -0.116366655 1.521010280 -2.452484846 0.000000000 0.000000000 -10.000000000
1776608198.937701464 0.516705573 0.287231535 0.178790987 0.077494323 0.991498351 0.093732923 -0.046258349 -0.113950759 1.504348278 -2.444947720 0.000000000 0.000000000 -10.000000000
1776608198.942717791 0.516510725 0.288212389 0.179026335 0.077433720 0.991444170 0.094243802 -0.046482597 -0.106234647 1.486787558 -2.438004494 0.000000000 0.000000000 -10.000000000
1776608198.947826147 0.516465724 0.289217442 0.179283112 0.077394284 0.991388738 0.094820186 -0.046557251 -0.093108170 1.468494415 -2.431542873 0.000000000 0.000000000 -10.000000000
1776608198.952748299 0.516519010 0.290206015 0.179535687 0.077374913 0.991334081 0.095413521 -0.046541359 -0.074478075 1.449637532 -2.425453186 0.000000000 0.000000000 -10.000000000
1776608198.957732916 0.516591251 0.291167438 0.179747343 0.077363707 0.991279483 0.095996059 -0.046525132 -0.050260432 1.430381417 -2.419627666 0.000000000 0.000000000 -10.000000000
1776608198.962728739 0.516782999 0.292125076 0.179960370 0.077362858 0.991226912 0.096604340 -0.046387572 -0.020376761 1.410883188 -2.413956642 0.000000000 0.000000000 -10.000000000
1776608198.967756748 0.517153502 0.293045580 0.180197984 0.077402562 0.991177499 0.097230531 -0.046068151 0.015249085 1.391290903 -2.408327341 0.000000000 0.000000000 -10.000000000
1776608198.974254131 0.517695963 0.293917328 0.180434316 0.077422604 0.991138399 0.097851120 -0.045558527 0.056695607 1.371744633 -2.402621746 0.000000000 0.000000000 -10.000000000
1776608198.977448940 0.518420994 0.294793606 0.180678427 0.077397279 0.991110027 0.098491997 -0.044831973 0.104051389 1.352377892 -2.396717310 0.000000000 0.000000000 -10.000000000
1776608198.982666254 0.518420994 0.294793606 0.180678427 0.077397279 0.991110027 0.098491997 -0.044831973 0.157423303 1.333317757 -2.390487194 0.000000000 0.000000000 -10.000000000
1776608198.987411499 0.520188987 0.296477705 0.181117296 0.077263482 0.991075695 0.099746108 -0.043011591 0.216939509 1.314685822 -2.383799791 0.000000000 0.000000000 -10.000000000
1776608198.992654800 0.520188987 0.296477705 0.181117296 0.077263482 0.991075695 0.099746108 -0.043011591 0.282745332 1.296599746 -2.376522541 0.000000000 0.000000000 -10.000000000
1776608198.997418880 0.521307170 0.297228992 0.181335390 0.077204175 0.991070688 0.100335792 -0.041846234 0.354993433 1.279175758 -2.368522882 0.000000000 0.000000000 -10.000000000
1776608199.002635956 0.522573531 0.297959775 0.181544185 0.077146463 0.991071165 0.100917980 -0.040521190 0.433829546 1.262533426 -2.359671593 0.000000000 0.000000000 -10.000000000
1776608199.007590055 0.525592685 0.299314499 0.181974232 0.077163272 0.991069317 0.102112472 -0.037422303 0.519376099 1.246798515 -2.349844456 0.000000000 0.000000000 -10.000000000
1776608199.012407303 0.527231455 0.299906492 0.182201087 0.077242494 0.991064906 0.102685407 -0.035771921 0.611716151 1.232106090 -2.338924170 0.000000000 0.000000000 -10.000000000
1776608199.017658949 0.527231455 0.299906492 0.182201087 0.077242494 0.991064906 0.102685407 -0.035771921 0.710880995 1.218601823 -2.326803207 0.000000000 0.000000000 -10.000000000
1776608199.022384167 0.528883159 0.300441235 0.182413250 0.077336162 0.991060734 0.103211440 -0.034134675 0.816841245 1.206443310 -2.313385248 0.000000000 0.000000000 -10.000000000
1776608199.027384758 0.530527890 0.300917208 0.182610303 0.077416219 0.991059661 0.103680998 -0.032522336 0.929496586 1.195801973 -2.298588753 0.000000000 0.000000000 -10.000000000
1776608199.032427788 0.532209277 0.301307350 0.182797879 0.077494487 0.991063535 0.104083218 -0.030892404 1.048666120 1.186865330 -2.282347918 0.000000000 0.000000000 -10.000000000
1776608199.037683725 0.533916175 0.301622331 0.182966173 0.077572465 0.991071165 0.104424372 -0.029257067 1.174081564 1.179838300 -2.264613390 0.000000000 0.000000000 -10.000000000
1776608199.042724371 0.535613179 0.301878393 0.183119863 0.077647425 0.991080582 0.104716420 -0.027652539 1.305384755 1.174942732 -2.245353222 0.000000000 0.000000000 -10.000000000
1776608199.047650099 0.538964570 0.302242786 0.183408827 0.077841371 0.991097629 0.105183303 -0.024548765 1.442126989 1.172414303 -2.224552393 0.000000000 0.000000000 -10.000000000
1776608199.052655220 0.540618539 0.302343190 0.183542073 0.077968284 0.991106212 0.105347544 -0.023051418 1.583770514 1.172496676 -2.202214956 0.000000000 0.000000000 -10.000000000
1776608199.057393312 0.542267442 0.302380294 0.183673471 0.078104846 0.991116703 0.105458736 -0.021581337 1.729691029 1.175435543 -2.178362608 0.000000000 0.000000000 -10.000000000
1776608199.062417507 0.542267442 0.302380294 0.183673471 0.078104846 0.991116703 0.105458736 -0.021581337 1.879184961 1.181473732 -2.153035164 0.000000000 0.000000000 -10.000000000
1776608199.067612648 0.543917835 0.302383423 0.183814794 0.078264423 0.991124690 0.105552204 -0.020131718 2.031476498 1.190845847 -2.126289368 0.000000000 0.000000000 -10.000000000
1776608199.072488308 0.545540631 0.302348435 0.183955848 0.078445569 0.991130650 0.105619051 -0.018732561 2.185728550 1.203773141 -2.098196507 0.000000000 0.000000000 -10.000000000
1776608199.077426434 0.547133744 0.302279472 0.184085488 0.078638680 0.991135478 0.105662040 -0.017377794 2.341052294 1.220457792 -2.068840742 0.000000000 0.000000000 -10.000000000
1776608199.082379103 0.548664153 0.302150190 0.184175909 0.078829534 0.991143405 0.105645835 -0.016111281 2.496519566 1.241076708 -2.038316250 0.000000000 0.000000000 -10.000000000
1776608199.087369442 0.551721156 0.301790595 0.184318125 0.079185247 0.991162241 0.105552368 -0.013631802 2.651174545 1.265774965 -2.006726503 0.000000000 0.000000000 -10.000000000
1776608199.092461109 0.551721156 0.301790595 0.184318125 0.079185247 0.991162241 0.105552368 -0.013631802 2.804047346 1.294660926 -1.974181294 0.000000000 0.000000000 -10.000000000
1776608199.097521544 0.553215384 0.301568657 0.184355021 0.079337791 0.991174579 0.105468385 -0.012447815 2.954166412 1.327802300 -1.940794587 0.000000000 0.000000000 -10.000000000
1776608199.102385521 0.554706097 0.301337898 0.184379548 0.079488188 0.991186559 0.105373941 -0.011277153 3.100573540 1.365222931 -1.906683445 0.000000000 0.000000000 -10.000000000
1776608199.107548475 0.557674170 0.300811857 0.184434921 0.079829015 0.991206527 0.105149001 -0.008976856 3.242336512 1.406900764 -1.871966362 0.000000000 0.000000000 -10.000000000
1776608199.112368584 0.557674170 0.300811857 0.184434921 0.079829015 0.991206527 0.105149001 -0.008976856 3.378561497 1.452764750 -1.836763382 0.000000000 0.000000000 -10.000000000
1776608199.117361307 0.559177518 0.300522625 0.184485137 0.080008917 0.991215408 0.105021559 -0.007815330 3.508404970 1.502694845 -1.801194549 0.000000000 0.000000000 -10.000000000
1776608199.123119354 0.560709476 0.300233036 0.184532464 0.080213569 0.991219580 0.104907736 -0.006629321 3.631082296 1.556521297 -1.765379071 0.000000000 0.000000000 -10.000000000
1776608199.127762079 0.563704252 0.299628764 0.184578955 0.080656737 0.991221368 0.104669601 -0.004348941 3.745875359 1.614025116 -1.729432821 0.000000000 0.000000000 -10.000000000
1776608199.132456541 0.565180719 0.299283236 0.184572279 0.080897443 0.991222084 0.104517214 -0.003240931 3.852138519 1.674938917 -1.693464756 0.000000000 0.000000000 -10.000000000
1776608199.137730360 0.565180719 0.299283236 0.184572279 0.080897443 0.991222084 0.104517214 -0.003240931 3.949303389 1.738951683 -1.657575488 0.000000000 0.000000000 -10.000000000
1776608199.142537832 0.568126678 0.298584014 0.184569687 0.081421435 0.991213620 0.104235306 -0.001041582 4.036880970 1.805714369 -1.621856451 0.000000000 0.000000000 -10.000000000
1776608199.147417545 0.569610476 0.298243046 0.184578091 0.081695631 0.991204381 0.104113825 0.000070032 4.114467621 1.874847412 -1.586389661 0.000000000 0.000000000 -10.000000000
1776608199.152650118 0.569610476 0.298243046 0.184578091 0.081695631 0.991204381 0.104113825 0.000070032 4.181746483 1.945945978 -1.551248074 0.000000000 0.000000000 -10.000000000
1776608199.157425880 0.572600245 0.297597349 0.184623659 0.082279518 0.991172493 0.103932217 0.002304234 4.238489628 2.018583775 -1.516496181 0.000000000 0.000000000 -10.000000000
1776608199.162720919 0.572600245 0.297597349 0.184623659 0.082279518 0.991172493 0.103932217 0.002304234 4.284558773 2.092316389 -1.482190609 0.000000000 0.000000000 -10.000000000
1776608199.167479515 0.574095309 0.297303677 0.184667856 0.082601257 0.991146863 0.103890583 0.003414659 4.319896221 2.166685581 -1.448380709 0.000000000 0.000000000 -10.000000000
1776608199.172634840 0.575560272 0.297050595 0.184718996 0.082946770 0.991112947 0.103898540 0.004476359 4.344514847 2.241223812 -1.415109158 0.000000000 0.000000000 -10.000000000
1776608199.177660227 0.577019632 0.296813786 0.184776098 0.083320603 0.991071880 0.103940830 0.005522790 4.358491898 2.315462351 -1.382412314 0.000000000 0.000000000 -10.000000000
1776608199.182374716 0.578461409 0.296576619 0.184817404 0.083735891 0.991024017 0.104005285 0.006528924 4.361960888 2.388934851 -1.350322008 0.000000000 0.000000000 -10.000000000
1776608199.187374830 0.579784930 0.296347529 0.184834063 0.084167250 0.990974724 0.104069419 0.007385976 4.355096817 2.461187124 -1.318866134 0.000000000 0.000000000 -10.000000000
1776608199.192401648 0.580878735 0.296133608 0.184782982 0.084606059 0.990928292 0.104113579 0.007959079 4.338100910 2.531785250 -1.288071275 0.000000000 0.000000000 -10.000000000
1776608199.197380304 0.581831515 0.295899510 0.184710801 0.085051775 0.990886092 0.104121640 0.008346452 4.311179161 2.600327253 -1.257966280 0.000000000 0.000000000 -10.000000000
1776608199.202405214 0.582696080 0.295616269 0.184637010 0.085518621 0.990847230 0.104087681 0.008607588 4.274530411 2.666452169 -1.228587389 0.000000000 0.000000000 -10.000000000
1776608199.207405806 0.583528578 0.295322478 0.184593022 0.086003847 0.990806639 0.104057446 0.008807584 4.228343487 2.729849577 -1.199981928 0.000000000 0.000000000 -10.000000000
1776608199.212453365 0.584215879 0.294988513 0.184539825 0.086504906 0.990769625 0.103993416 0.008822577 4.172802925 2.790262222 -1.172206759 0.000000000 0.000000000 -10.000000000
1776608199.217465878 0.584715962 0.294627964 0.184457809 0.087017186 0.990737259 0.103893280 0.008594460 4.108094215 2.847492218 -1.145327210 0.000000000 0.000000000 -10.000000000
1776608199.222478390 0.585082173 0.294243783 0.184355408 0.087534182 0.990708709 0.103763498 0.008193755 4.034407616 2.901403189 -1.119415641 0.000000000 0.000000000 -10.000000000
1776608199.227384090 0.585407734 0.293866932 0.184238821 0.088064149 0.990677714 0.103646643 0.007726726 3.951944351 2.951916933 -1.094550014 0.000000000 0.000000000 -10.000000000
1776608199.232746363 0.585677981 0.293503106 0.184113204 0.088595226 0.990645647 0.103539154 0.007191407 3.860926151 2.999005556 -1.070814133 0.000000000 0.000000000 -10.000000000
1776608199.237428427 0.585836589 0.293104023 0.183930308 0.089139789 0.990616977 0.103390820 0.006516188 3.761607409 3.042685032 -1.048298240 0.000000000 0.000000000 -10.000000000
1776608199.242484093 0.585956872 0.292245567 0.183519125 0.090272218 0.990556955 0.103071377 0.004912409 3.654286623 3.083010197 -1.027100086 0.000000000 0.000000000 -10.000000000
1776608199.247387171 0.585956872 0.292245567 0.183519125 0.090272218 0.990556955 0.103071377 0.004912409 3.539317131 3.120069504 -1.007327795 0.000000000 0.000000000 -10.000000000
1776608199.252418995 0.586082995 0.291404486 0.183182925 0.091487885 0.990471363 0.102886453 0.003295151 3.417116642 3.153982878 -0.989101946 0.000000000 0.000000000 -10.000000000
1776608199.257449627 0.586082995 0.291404486 0.183182925 0.091487885 0.990471363 0.102886453 0.003295151 3.288170815 3.184896946 -0.972556651 0.000000000 0.000000000 -10.000000000
1776608199.262371063 0.586171448 0.290971249 0.183033705 0.092117421 0.990422785 0.102814086 0.002513382 3.153035879 3.212981224 -0.957839906 0.000000000 0.000000000 -10.000000000
1776608199.267779350 0.586270571 0.290491700 0.182871997 0.092772759 0.990372241 0.102727816 0.001736562 3.012334108 3.238424540 -0.945113063 0.000000000 0.000000000 -10.000000000
1776608199.272450686 0.586492300 0.289478183 0.182536006 0.094105698 0.990265965 0.102554500 0.000193699 2.866750002 3.261433840 -0.934550464 0.000000000 0.000000000 -10.000000000
1776608199.277760983 0.586492300 0.289478183 0.182536006 0.094105698 0.990265965 0.102554500 0.000193699 2.717022896 3.282231808 -0.926339984 0.000000000 0.000000000 -10.000000000
1776608199.282382011 0.586749911 0.288569927 0.182278782 0.095405959 0.990146220 0.102501690 -0.001275333 2.563942194 3.301055193 -0.920682847 0.000000000 0.000000000 -10.000000000
1776608199.287764072 0.586749911 0.288569927 0.182278782 0.095405959 0.990146220 0.102501690 -0.001275333 2.408339977 3.318151474 -0.917792082 0.000000000 0.000000000 -10.000000000
1776608199.292867184 0.586931765 0.287631243 0.182024240 0.096668229 0.990029454 0.102416269 -0.002793063 2.251080036 3.333777428 -0.917890072 0.000000000 0.000000000 -10.000000000
1776608199.297758579 0.587010801 0.287106395 0.181872368 0.097325742 0.989969552 0.102348797 -0.003572439 2.093047857 3.348194122 -0.921206653 0.000000000 0.000000000 -10.000000000
1776608199.302777529 0.587105632 0.286571681 0.181726694 0.097989738 0.989906967 0.102290474 -0.004337192 1.935140252 3.361665726 -0.927977860 0.000000000 0.000000000 -10.000000000
1776608199.307760477 0.587236583 0.286027551 0.181587666 0.098680019 0.989838123 0.102259874 -0.005065316 1.778255343 3.374455690 -0.938443899 0.000000000 0.000000000 -10.000000000
1776608199.312898874 0.587339282 0.285467565 0.181433946 0.099375680 0.989768207 0.102222845 -0.005819029 1.623284817 3.386825562 -0.952846050 0.000000000 0.000000000 -10.000000000
1776608199.317850590 0.587418973 0.284894347 0.181271166 0.100086100 0.989695549 0.102186084 -0.006595155 1.471103430 3.399030685 -0.971423268 0.000000000 0.000000000 -10.000000000
1776608199.322839022 0.587509334 0.284331232 0.181118309 0.100797102 0.989619613 0.102171078 -0.007351039 1.322557807 3.411316156 -0.994408786 0.000000000 0.000000000 -10.000000000
1776608199.327701569 0.587602198 0.283768356 0.180966109 0.101508439 0.989541411 0.102167912 -0.008094677 1.178455472 3.423915386 -1.022026300 0.000000000 0.000000000 -10.000000000
1776608199.332513332 0.587678671 0.283222258 0.180811197 0.102213383 0.989460945 0.102183133 -0.008838112 1.039557695 3.437045336 -1.054486036 0.000000000 0.000000000 -10.000000000
1776608199.337608576 0.587678671 0.283222258 0.180811197 0.102213383 0.989460945 0.102183133 -0.008838112 0.906573594 3.450905085 -1.091982126 0.000000000 0.000000000 -10.000000000
1776608199.342525721 0.587766230 0.282710910 0.180686176 0.102923334 0.989373446 0.102252528 -0.009559546 0.780156434 3.465671062 -1.134691477 0.000000000 0.000000000 -10.000000000
1776608199.347405195 0.587804735 0.282202244 0.180549204 0.103633434 0.989284217 0.102324329 -0.010323649 0.660899878 3.481497049 -1.182772636 0.000000000 0.000000000 -10.000000000
1776608199.352392197 0.587835073 0.281673580 0.180409193 0.104363866 0.989190996 0.102402560 -0.011094413 0.549334109 3.498515844 -1.236366630 0.000000000 0.000000000 -10.000000000
1776608199.357719183 0.587856472 0.281147361 0.180264741 0.105071239 0.989097536 0.102495506 -0.011865490 0.445922762 3.516840935 -1.295596719 0.000000000 0.000000000 -10.000000000
1776608199.362577200 0.587962747 0.280084729 0.179996669 0.106275871 0.988925338 0.102740705 -0.013285343 0.351062357 3.536566734 -1.360567689 0.000000000 0.000000000 -10.000000000
1776608199.367635965 0.587962747 0.280084729 0.179996669 0.106275871 0.988925338 0.102740705 -0.013285343 0.265085936 3.557769060 -1.431365371 0.000000000 0.000000000 -10.000000000
1776608199.372380733 0.588109374 0.279528737 0.179877996 0.106716372 0.988855660 0.102880917 -0.013843161 0.188269317 3.580504417 -1.508056641 0.000000000 0.000000000 -10.000000000
1776608199.377516747 0.588242352 0.279000938 0.179757833 0.107036702 0.988795638 0.103050701 -0.014381723 0.120836496 3.604810715 -1.590689659 0.000000000 0.000000000 -10.000000000
1776608199.382386208 0.588342905 0.278485417 0.179595560 0.107251510 0.988746881 0.103217885 -0.014925103 0.062964112 3.630707502 -1.679295540 0.000000000 0.000000000 -10.000000000
1776608199.387411118 0.588611603 0.277933061 0.179461032 0.107408814 0.988707125 0.103388779 -0.015242297 0.014790010 3.658199549 -1.773887634 0.000000000 0.000000000 -10.000000000
1776608199.392474890 0.588977635 0.277359724 0.179321766 0.107514955 0.988676012 0.103550144 -0.015414939 -0.023575284 3.687280178 -1.874459386 0.000000000 0.000000000 -10.000000000
1776608199.397530317 0.589337468 0.276782274 0.179133654 0.107565187 0.988653958 0.103687324 -0.015556579 -0.052039202 3.717937469 -1.980984688 0.000000000 0.000000000 -10.000000000
1776608199.402395010 0.589773118 0.276166081 0.178949773 0.107592605 0.988639891 0.103790998 -0.015569981 -0.070522204 3.750157595 -2.093419313 0.000000000 0.000000000 -10.000000000
1776608199.407389641 0.590771973 0.274738252 0.178548485 0.107625075 0.988638341 0.103803508 -0.015359574 -0.078957818 3.783929586 -2.211703777 0.000000000 0.000000000 -10.000000000
1776608199.412377596 0.590771973 0.274738252 0.178548485 0.107625075 0.988638341 0.103803508 -0.015359574 -0.077296346 3.819247007 -2.335767031 0.000000000 0.000000000 -10.000000000
1776608199.417361498 0.591907322 0.273200870 0.178189695 0.107731253 0.988643765 0.103711367 -0.014880261 -0.065509707 3.856107473 -2.465528727 0.000000000 0.000000000 -10.000000000
1776608199.422464848 0.591907322 0.273200870 0.178189695 0.107731253 0.988643765 0.103711367 -0.014880261 -0.043596234 3.894508839 -2.600902796 0.000000000 0.000000000 -10.000000000
1776608199.427499533 0.592478693 0.272418618 0.178016514 0.107856676 0.988640308 0.103653006 -0.014606235 -0.011585357 3.934448004 -2.741800547 0.000000000 0.000000000 -10.000000000
1776608199.432457924 0.593021035 0.271606356 0.177819520 0.108026467 0.988635540 0.103557378 -0.014348251 0.030458178 3.975920677 -2.888132095 0.000000000 0.000000000 -10.000000000
1776608199.437612534 0.593564510 0.270787507 0.177636325 0.108241871 0.988627195 0.103450894 -0.014068652 0.082430795 4.018922329 -3.039809465 0.000000000 0.000000000 -10.000000000
1776608199.442387819 0.594598174 0.269144505 0.177295387 0.108735710 0.988606036 0.103208803 -0.013512208 0.144187167 4.063449860 -3.196747541 0.000000000 0.000000000 -10.000000000
1776608199.447417736 0.594598174 0.269144505 0.177295387 0.108735710 0.988606036 0.103208803 -0.013512208 0.215537310 4.109501839 -3.358864784 0.000000000 0.000000000 -10.000000000
1776608199.452762127 0.595095575 0.268287301 0.177130401 0.109048195 0.988590181 0.103066236 -0.013239839 0.296243995 4.157077312 -3.526082516 0.000000000 0.000000000 -10.000000000
1776608199.457542419 0.596095502 0.266544700 0.176816642 0.109722577 0.988554776 0.102763526 -0.012651136 0.386020839 4.206175804 -3.698324919 0.000000000 0.000000000 -10.000000000
1776608199.462779045 0.596095502 0.266544700 0.176816642 0.109722577 0.988554776 0.102763526 -0.012651136 0.484531552 4.256793499 -3.875517130 0.000000000 0.000000000 -10.000000000
1776608199.467753172 0.596987009 0.264815748 0.176492482 0.110476129 0.988510966 0.102437817 -0.012147633 0.591389477 4.308923721 -4.057583809 0.000000000 0.000000000 -10.000000000
1776608199.472526073 0.597395957 0.263971537 0.176336616 0.110810451 0.988492846 0.102279335 -0.011911486 0.706157506 4.362557888 -4.244447708 0.000000000 0.000000000 -10.000000000
1776608199.477629423 0.597395957 0.263971537 0.176336616 0.110810451 0.988492846 0.102279335 -0.011911486 0.828348339 4.417684078 -4.436028481 0.000000000 0.000000000 -10.000000000
1776608199.482446432 0.597776413 0.263125628 0.176183432 0.111120030 0.988477826 0.102113545 -0.011691561 0.957425296 4.474291325 -4.632238388 0.000000000 0.000000000 -10.000000000
1776608199.487776041 0.598101556 0.262270331 0.176021516 0.111433856 0.988463283 0.101931646 -0.011524004 1.092803597 4.532366276 -4.832980633 0.000000000 0.000000000 -10.000000000
1776608199.492798328 0.598649144 0.260597527 0.175724238 0.112009048 0.988436341 0.101590104 -0.011268907 1.233851910 4.591893673 -5.038148403 0.000000000 0.000000000 -10.000000000
1776608199.497760057 0.598649144 0.260597527 0.175724238 0.112009048 0.988436341 0.101590104 -0.011268907 1.379896283 4.652854919 -5.247622490 0.000000000 0.000000000 -10.000000000
1776608199.502796412 0.599112749 0.258926213 0.175417304 0.112570077 0.988407075 0.101273477 -0.011094037 1.530225158 4.715226173 -5.461267471 0.000000000 0.000000000 -10.000000000
1776608199.507852793 0.599251688 0.258054763 0.175227851 0.112853914 0.988394856 0.101074956 -0.011112262 1.684094548 4.778980255 -5.678931236 0.000000000 0.000000000 -10.000000000
1776608199.513017893 0.599297106 0.257139027 0.175007343 0.113088444 0.988394439 0.100803629 -0.011225497 1.840733647 4.844090462 -5.900444031 0.000000000 0.000000000 -10.000000000
1776608199.517554045 0.599378228 0.256233096 0.174821585 0.113300100 0.988395870 0.100543961 -0.011296617 1.999348402 4.910535812 -6.125617981 0.000000000 0.000000000 -10.000000000
1776608199.522798300 0.599431217 0.255349457 0.174641520 0.113479048 0.988400817 0.100281917 -0.011394114 2.159126282 4.978305817 -6.354252815 0.000000000 0.000000000 -10.000000000
1776608199.527890444 0.599431217 0.255349457 0.174641520 0.113479048 0.988400817 0.100281917 -0.011394114 2.319239378 5.047400475 -6.586139202 0.000000000 0.000000000 -10.000000000
1776608199.532871723 0.599332392 0.253598034 0.174244732 0.113837451 0.988410354 0.099730156 -0.011829463 2.478850126 5.117825508 -6.821059227 0.000000000 0.000000000 -10.000000000
1776608199.537901163 0.599267840 0.252705783 0.174045473 0.114047676 0.988411665 0.099446453 -0.012077287 2.637116194 5.189591885 -7.058792114 0.000000000 0.000000000 -10.000000000
1776608199.542867422 0.599210680 0.251837879 0.173853606 0.114255637 0.988410890 0.099185489 -0.012320753 2.793199778 5.262711525 -7.299116611 0.000000000 0.000000000 -10.000000000
1776608199.547903061 0.599126697 0.250987351 0.173660368 0.114477515 0.988406301 0.098939776 -0.012599656 2.946276665 5.337197304 -7.541815281 0.000000000 0.000000000 -10.000000000
1776608199.552649975 0.599011004 0.250151813 0.173464298 0.114693850 0.988401353 0.098698378 -0.012913281 3.095547199 5.413061619 -7.786677361 0.000000000 0.000000000 -10.000000000
1776608199.557445526 0.599011004 0.250151813 0.173464298 0.114693850 0.988401353 0.098698378 -0.012913281 3.240245104 5.490317822 -8.033501625 0.000000000 0.000000000 -10.000000000
1776608199.562482595 0.598880291 0.249344304 0.173274845 0.114921838 0.988391459 0.098487206 -0.013248281 3.379646778 5.568974018 -8.282100677 0.000000000 0.000000000 -10.000000000
1776608199.567410231 0.598779082 0.248576343 0.173105419 0.115174234 0.988374472 0.098321557 -0.013554404 3.513076544 5.649035454 -8.532299995 0.000000000 0.000000000 -10.000000000
1776608199.572467327 0.598585784 0.247116879 0.172802329 0.115698889 0.988330543 0.098061472 -0.014158292 3.639915705 5.730496883 -8.783943176 0.000000000 0.000000000 -10.000000000
1776608199.577423334 0.598585784 0.247116879 0.172802329 0.115698889 0.988330543 0.098061472 -0.014158292 3.759606123 5.813346386 -9.036890984 0.000000000 0.000000000 -10.000000000
1776608199.582889795 0.598385572 0.245769754 0.172542959 0.116187781 0.988284409 0.097860307 -0.014752797 3.871656179 5.897561550 -9.291019440 0.000000000 0.000000000 -10.000000000
1776608199.587679863 0.598324120 0.245137885 0.172434926 0.116427183 0.988258064 0.097803757 -0.015003564 3.975644112 5.983114719 -9.546220779 0.000000000 0.000000000 -10.000000000
1776608199.592833281 0.598324120 0.245137885 0.172434926 0.116427183 0.988258064 0.097803757 -0.015003564 4.071222305 6.069967747 -9.802395821 0.000000000 0.000000000 -10.000000000
1776608199.597839594 0.598162770 0.243967712 0.172248363 0.116918184 0.988191903 0.097798564 -0.015568202 4.158116817 6.158072472 -10.059458733 0.000000000 0.000000000 -10.000000000
1776608199.602828979 0.598066747 0.243424386 0.172165304 0.117228873 0.988144398 0.097855896 -0.015883632 4.236126900 6.247369289 -10.317327499 0.000000000 0.000000000 -10.000000000
1776608199.607768297 0.598066747 0.243424386 0.172165304 0.117228873 0.988144398 0.097855896 -0.015883632 4.305116653 6.337779999 -10.575921059 0.000000000 0.000000000 -10.000000000
1776608199.612888336 0.597949922 0.242934555 0.172094226 0.117539495 0.988091171 0.097964242 -0.016227420 4.365013123 6.429210663 -10.835159302 0.000000000 0.000000000 -10.000000000
1776608199.617873430 0.597707212 0.242092773 0.172026426 0.118181072 0.987965167 0.098344520 -0.016925449 4.415801525 6.521547318 -11.094956398 0.000000000 0.000000000 -10.000000000
1776608199.623176098 0.597707212 0.242092773 0.172026426 0.118181072 0.987965167 0.098344520 -0.016925449 4.457519531 6.614659309 -11.355215073 0.000000000 0.000000000 -10.000000000
1776608199.627415180 0.597358823 0.241421223 0.172069490 0.118894547 0.987806678 0.098937206 -0.017704854 4.490255356 6.708399296 -11.615821838 0.000000000 0.000000000 -10.000000000
1776608199.632893085 0.597358823 0.241421223 0.172069490 0.118894547 0.987806678 0.098937206 -0.017704854 4.514141083 6.802607536 -11.876641273 0.000000000 0.000000000 -10.000000000
1776608199.637407780 0.596916795 0.240843028 0.172103405 0.119631946 0.987629831 0.099654824 -0.018557629 4.529345512 6.897109032 -12.137508392 0.000000000 0.000000000 -10.000000000
1776608199.643092632 0.596916795 0.240843028 0.172103405 0.119631946 0.987629831 0.099654824 -0.018557629 4.536067963 6.991715431 -12.398226738 0.000000000 0.000000000 -10.000000000
1776608199.647531033 0.596369386 0.240354896 0.172134429 0.120389082 0.987437785 0.100465812 -0.019484878 4.534531116 7.086222649 -12.658559799 0.000000000 0.000000000 -10.000000000
1776608199.652485847 0.596369386 0.240354896 0.172134429 0.120389082 0.987437785 0.100465812 -0.019484878 4.524976730 7.180412769 -12.918231964 0.000000000 0.000000000 -10.000000000
1776608199.657407522 0.596128821 0.240121901 0.172183335 0.120751880 0.987340629 0.100906603 -0.019882685 4.507655621 7.274054527 -13.176918983 0.000000000 0.000000000 -10.000000000
1776608199.662389278 0.595897853 0.239916205 0.172253609 0.121103600 0.987242341 0.101372257 -0.020253079 4.482826710 7.366905212 -13.434249878 0.000000000 0.000000000 -10.000000000
1776608199.667434454 0.595668495 0.239726990 0.172326624 0.121429451 0.987145483 0.101854950 -0.020596879 4.450750351 7.458711624 -13.689801216 0.000000000 0.000000000 -10.000000000
1776608199.672425032 0.595449269 0.239549100 0.172393411 0.121737979 0.987050772 0.102340125 -0.020906467 4.411684513 7.549211025 -13.943098068 0.000000000 0.000000000 -10.000000000
1776608199.677805662 0.594976842 0.239228189 0.172478527 0.122282684 0.986872256 0.103284158 -0.021505466 4.365880966 7.638132095 -14.193613052 0.000000000 0.000000000 -10.000000000
1776608199.682958364 0.594710767 0.239091471 0.172518015 0.122498043 0.986791134 0.103741333 -0.021798609 4.313580990 7.725194931 -14.440768242 0.000000000 0.000000000 -10.000000000
1776608199.687870979 0.594427466 0.238939062 0.172575921 0.122695215 0.986714661 0.104175434 -0.022079622 4.255012512 7.810112000 -14.683938980 0.000000000 0.000000000 -10.000000000
1776608199.692896843 0.594427466 0.238939062 0.172575921 0.122695215 0.986714661 0.104175434 -0.022079622 4.190390110 7.892588615 -14.922453880 0.000000000 0.000000000 -10.000000000
1776608199.697906494 0.593786538 0.238634437 0.172684371 0.123062715 0.986568034 0.105001308 -0.022666711 4.119913101 7.972324371 -15.155605316 0.000000000 0.000000000 -10.000000000
1776608199.702915668 0.593419492 0.238477737 0.172731727 0.123224020 0.986500978 0.105373085 -0.022981869 4.043768406 8.049013138 -15.382653236 0.000000000 0.000000000 -10.000000000
1776608199.707834721 0.593038857 0.238310486 0.172785431 0.123380944 0.986437201 0.105719119 -0.023287227 3.962129831 8.122345924 -15.602832794 0.000000000 0.000000000 -10.000000000
1776608199.712852240 0.592610121 0.238166630 0.172814578 0.123505026 0.986379206 0.106039546 -0.023625620 3.875159502 8.192012787 -15.815357208 0.000000000 0.000000000 -10.000000000
1776608199.717848301 0.592143059 0.238024637 0.172835290 0.123603560 0.986326933 0.106331095 -0.023979029 3.783012629 8.257702827 -16.019430161 0.000000000 0.000000000 -10.000000000
1776608199.722581148 0.591665864 0.237848103 0.172849864 0.123700127 0.986280739 0.106569834 -0.024318857 3.685839891 8.319110870 -16.214248657 0.000000000 0.000000000 -10.000000000
1776608199.727422476 0.591665864 0.237848103 0.172849864 0.123700127 0.986280739 0.106569834 -0.024318857 3.583792925 8.375937462 -16.399015427 0.000000000 0.000000000 -10.000000000
1776608199.733074188 0.590668797 0.237533197 0.172875583 0.123830341 0.986204326 0.106973343 -0.024975229 3.477027655 8.427895546 -16.572946548 0.000000000 0.000000000 -10.000000000
1776608199.737462044 0.590668797 0.237533197 0.172875583 0.123830341 0.986204326 0.106973343 -0.024975229 3.365709066 8.474714279 -16.735280991 0.000000000 0.000000000 -10.000000000
1776608199.742807865 0.589726448 0.237150818 0.172878206 0.123900495 0.986154914 0.107233651 -0.025458604 3.250016689 8.516145706 -16.885290146 0.000000000 0.000000000 -10.000000000
1776608199.747457981 0.589726448 0.237150818 0.172878206 0.123900495 0.986154914 0.107233651 -0.025458604 3.130147457 8.551964760 -17.022277832 0.000000000 0.000000000 -10.000000000
1776608199.752810955 0.589235961 0.236941114 0.172867417 0.123936825 0.986136138 0.107309200 -0.025687959 3.006316900 8.581974030 -17.145597458 0.000000000 0.000000000 -10.000000000
1776608199.757415056 0.588767111 0.236705422 0.172833592 0.123990506 0.986119688 0.107354350 -0.025871078 2.878761053 8.606005669 -17.254653931 0.000000000 0.000000000 -10.000000000
1776608199.762853861 0.588332117 0.236473233 0.172800899 0.124049731 0.986105204 0.107391842 -0.025984308 2.747741222 8.623918533 -17.348911285 0.000000000 0.000000000 -10.000000000
1776608199.767503262 0.587413192 0.236022353 0.172705889 0.124168694 0.986080527 0.107431501 -0.026187971 2.613545179 8.635601044 -17.427900314 0.000000000 0.000000000 -10.000000000
1776608199.772481203 0.587413192 0.236022353 0.172705889 0.124168694 0.986080527 0.107431501 -0.026187971 2.476488590 8.640971184 -17.491226196 0.000000000 0.000000000 -10.000000000
1776608199.777583122 0.586927712 0.235814273 0.172654539 0.124188155 0.986076653 0.107424185 -0.026270416 2.336912870 8.639981270 -17.538572311 0.000000000 0.000000000 -10.000000000
1776608199.782402992 0.585997820 0.235299587 0.172556341 0.124130629 0.986103714 0.107239887 -0.026280969 2.195182562 8.632619858 -17.569704056 0.000000000 0.000000000 -10.000000000
1776608199.787508488 0.585997820 0.235299587 0.172556341 0.124130629 0.986103714 0.107239887 -0.026280969 2.051683664 8.618915558 -17.584478378 0.000000000 0.000000000 -10.000000000
1776608199.792474270 0.585504591 0.234991983 0.172485560 0.124042004 0.986136079 0.107046224 -0.026273681 1.906819105 8.598941803 -17.582841873 0.000000000 0.000000000 -10.000000000
1776608199.797944069 0.584994256 0.234683618 0.172416866 0.123907402 0.986179292 0.106807038 -0.026261261 1.761006236 8.572819710 -17.564830780 0.000000000 0.000000000 -10.000000000
1776608199.802364349 0.584484875 0.234369755 0.172357500 0.123744749 0.986230910 0.106527388 -0.026224844 1.614670038 8.540716171 -17.530570984 0.000000000 0.000000000 -10.000000000
1776608199.807708740 0.583958089 0.234027565 0.172297359 0.123559088 0.986292124 0.106185257 -0.026186367 1.468239903 8.502847672 -17.480291367 0.000000000 0.000000000 -10.000000000
1776608199.812482357 0.583387673 0.233650267 0.172228247 0.123341143 0.986363530 0.105775483 -0.026181478 1.322143316 8.459474564 -17.414312363 0.000000000 0.000000000 -10.000000000
1776608199.817485809 0.582803130 0.233269051 0.172179341 0.123085901 0.986442864 0.105333216 -0.026176346 1.176797271 8.410898209 -17.333044052 0.000000000 0.000000000 -10.000000000
1776608199.822452784 0.581470311 0.232486308 0.172039360 0.122472875 0.986623287 0.104313985 -0.026335029 1.032599568 8.357460022 -17.236980438 0.000000000 0.000000000 -10.000000000
1776608199.827427387 0.581470311 0.232486308 0.172039360 0.122472875 0.986623287 0.104313985 -0.026335029 0.889923334 8.299532890 -17.126693726 0.000000000 0.000000000 -10.000000000
1776608199.832416773 0.579943836 0.231678933 0.171853900 0.121752150 0.986825824 0.103141151 -0.026704850 0.749111116 8.237519264 -17.002822876 0.000000000 0.000000000 -10.000000000
1776608199.837723017 0.579943836 0.231678933 0.171853900 0.121752150 0.986825824 0.103141151 -0.026704850 0.610472381 8.171842575 -16.866073608 0.000000000 0.000000000 -10.000000000
1776608199.842859745 0.579094946 0.231258959 0.171744794 0.121371835 0.986931026 0.102506697 -0.026988694 0.474281579 8.102938652 -16.717208862 0.000000000 0.000000000 -10.000000000
1776608199.847918272 0.577304542 0.230431929 0.171584964 0.120590404 0.987139404 0.101229012 -0.027685009 0.340777129 8.031252861 -16.557044983 0.000000000 0.000000000 -10.000000000
1776608199.852415085 0.576378405 0.230040222 0.171533138 0.120192140 0.987240851 0.100603655 -0.028076582 0.210161567 7.957233429 -16.386444092 0.000000000 0.000000000 -10.000000000
1776608199.857864141 0.576378405 0.230040222 0.171533138 0.120192140 0.987240851 0.100603655 -0.028076582 0.082602851 7.881325722 -16.206306458 0.000000000 0.000000000 -10.000000000
1776608199.863007307 0.574355483 0.229276091 0.171451122 0.119358420 0.987444580 0.099316627 -0.029033359 -0.041763049 7.803966522 -16.017557144 0.000000000 0.000000000 -10.000000000
1776608199.867744207 0.573249936 0.228902578 0.171409100 0.118930958 0.987544894 0.098658562 -0.029614635 -0.162829459 7.725574970 -15.821145058 0.000000000 0.000000000 -10.000000000
1776608199.872713566 0.572128594 0.228530839 0.171361446 0.118516840 0.987641215 0.098006308 -0.030222051 -0.280516326 7.646551609 -15.618028641 0.000000000 0.000000000 -10.000000000
1776608199.877737522 0.572128594 0.228530839 0.171361446 0.118516840 0.987641215 0.098006308 -0.030222051 -0.394766539 7.567272663 -15.409167290 0.000000000 0.000000000 -10.000000000
1776608199.882398844 0.569773853 0.227806315 0.171229661 0.117720671 0.987821460 0.096712381 -0.031579483 -0.505540013 7.488087177 -15.195516586 0.000000000 0.000000000 -10.000000000
1776608199.887787104 0.569773853 0.227806315 0.171229661 0.117720671 0.987821460 0.096712381 -0.031579483 -0.612804174 7.409307480 -14.978018761 0.000000000 0.000000000 -10.000000000
1776608199.892507076 0.567414343 0.227102935 0.171044976 0.116982527 0.987986386 0.095468432 -0.032921448 -0.716523111 7.331208706 -14.757598877 0.000000000 0.000000000 -10.000000000
1776608199.897841930 0.567414343 0.227102935 0.171044976 0.116982527 0.987986386 0.095468432 -0.032921448 -0.816649556 7.254021168 -14.535161018 0.000000000 0.000000000 -10.000000000
1776608199.902470350 0.565269113 0.226455241 0.170879811 0.116304524 0.988138556 0.094338298 -0.033996928 -0.913120627 7.177934647 -14.311579704 0.000000000 0.000000000 -10.000000000
1776608199.907804966 0.565269113 0.226455241 0.170879811 0.116304524 0.988138556 0.094338298 -0.033996928 -1.005851030 7.103094101 -14.087697983 0.000000000 0.000000000 -10.000000000
1776608199.912720680 0.563502610 0.225958660 0.170732915 0.115669899 0.988279581 0.093418643 -0.034596287 -1.094725370 7.029600620 -13.864319801 0.000000000 0.000000000 -10.000000000
1776608199.917731762 0.562672794 0.225745529 0.170630813 0.115348965 0.988350451 0.092984848 -0.034811467 -1.179594874 6.957509518 -13.642206192 0.000000000 0.000000000 -10.000000000
1776608199.922487020 0.561933696 0.225572497 0.170526564 0.115041181 0.988418400 0.092605174 -0.034913141 -1.260277271 6.886832714 -13.422073364 0.000000000 0.000000000 -10.000000000
1776608199.927750826 0.561933696 0.225572497 0.170526564 0.115041181 0.988418400 0.092605174 -0.034913141 -1.336558938 6.817535877 -13.204586983 0.000000000 0.000000000 -10.000000000
1776608199.932413340 0.560916483 0.225422129 0.170373827 0.114538372 0.988530219 0.092158206 -0.034581054 -1.408194780 6.749537468 -12.990361214 0.000000000 0.000000000 -10.000000000
1776608199.937772274 0.560615778 0.225444153 0.170317620 0.114352450 0.988572240 0.092095666 -0.034159355 -1.474907875 6.682705402 -12.779965401 0.000000000 0.000000000 -10.000000000
1776608199.942791939 0.560615778 0.225444153 0.170317620 0.114352450 0.988572240 0.092095666 -0.034159355 -1.536390543 6.616858006 -12.573916435 0.000000000 0.000000000 -10.000000000
1776608199.947773933 0.560243309 0.225657463 0.170266569 0.114039324 0.988636851 0.092207484 -0.033014432 -1.592313290 6.551764965 -12.372684479 0.000000000 0.000000000 -10.000000000
1776608199.952491522 0.560265541 0.225870922 0.170297861 0.113906018 0.988661170 0.092404701 -0.032185711 -1.642339349 6.487154007 -12.176692963 0.000000000 0.000000000 -10.000000000
1776608199.957836151 0.560265541 0.225870922 0.170297861 0.113906018 0.988661170 0.092404701 -0.032185711 -1.686139584 6.422719002 -11.986322403 0.000000000 0.000000000 -10.000000000
1776608199.962409019 0.560462356 0.226425976 0.170399994 0.113648355 0.988699257 0.092940137 -0.030330226 -1.723405480 6.358120918 -11.801909447 0.000000000 0.000000000 -10.000000000
1776608199.967954159 0.560462356 0.226425976 0.170399994 0.113648355 0.988699257 0.092940137 -0.030330226 -1.753860116 6.292995930 -11.623747826 0.000000000 0.000000000 -10.000000000
1776608199.972547531 0.560514569 0.226717770 0.170440525 0.113523558 0.988714099 0.093217477 -0.029450191 -1.777268171 6.226959705 -11.452091217 0.000000000 0.000000000 -10.000000000
1776608199.977465391 0.560501873 0.227018982 0.170467585 0.113384061 0.988728762 0.093483157 -0.028642764 -1.793446660 6.159619331 -11.287151337 0.000000000 0.000000000 -10.000000000
1776608199.982479334 0.560463190 0.227334589 0.170507133 0.113223985 0.988744676 0.093745470 -0.027857810 -1.802276015 6.090584278 -11.129103661 0.000000000 0.000000000 -10.000000000
1776608199.987404346 0.560405970 0.227661282 0.170532018 0.113052577 0.988761187 0.094002888 -0.027090594 -1.803708434 6.019474506 -10.978083611 0.000000000 0.000000000 -10.000000000
1776608199.992642164 0.560331523 0.227974758 0.170548379 0.112883098 0.988777459 0.094246030 -0.026349187 -1.797772646 5.945927620 -10.834193230 0.000000000 0.000000000 -10.000000000
1776608199.997806072 0.560264289 0.228273258 0.170575589 0.112720102 0.988792717 0.094485268 -0.025606567 -1.784576893 5.869607449 -10.697496414 0.000000000 0.000000000 -10.000000000
1776608200.002804041 0.560205579 0.228600830 0.170613378 0.112540446 0.988807976 0.094739810 -0.024856232 -1.764307499 5.790206432 -10.568023682 0.000000000 0.000000000 -10.000000000
1776608200.007728100 0.559999526 0.229343712 0.170674056 0.112084493 0.988846838 0.095235847 -0.023432286 -1.737226367 5.707454205 -10.445770264 0.000000000 0.000000000 -10.000000000
1776608200.012719154 0.559821606 0.229744911 0.170691431 0.111811817 0.988870740 0.095463090 -0.022795087 -1.703665972 5.621115685 -10.330697060 0.000000000 0.000000000 -10.000000000
1776608200.017746449 0.559610844 0.230140775 0.170703977 0.111530848 0.988895535 0.095676512 -0.022192262 -1.664022565 5.530992985 -10.222731590 0.000000000 0.000000000 -10.000000000
1776608200.022755146 0.559391022 0.230542794 0.170720220 0.111220986 0.988924444 0.095875487 -0.021591242 -1.618747473 5.436927319 -10.121771812 0.000000000 0.000000000 -10.000000000
1776608200.027766228 0.559169352 0.230958447 0.170746446 0.110870510 0.988959312 0.096057318 -0.020981520 -1.568337917 5.338802338 -10.027685165 0.000000000 0.000000000 -10.000000000
1776608200.032793283 0.558932483 0.231387600 0.170764714 0.110486798 0.988998830 0.096221440 -0.020381121 -1.513327599 5.236548901 -9.940312386 0.000000000 0.000000000 -10.000000000
1776608200.037827492 0.558932483 0.231387600 0.170764714 0.110486798 0.988998830 0.096221440 -0.020381121 -1.454276204 5.130145073 -9.859469414 0.000000000 0.000000000 -10.000000000
1776608200.042768002 0.558474123 0.232290059 0.170823961 0.109588675 0.989096999 0.096495211 -0.019133754 -1.391760826 5.019617558 -9.784949303 0.000000000 0.000000000 -10.000000000
1776608200.047732592 0.558293402 0.232755989 0.170871854 0.109085344 0.989154637 0.096608222 -0.018448140 -1.326368093 4.905036449 -9.716526031 0.000000000 0.000000000 -10.000000000
1776608200.052508831 0.558147609 0.233218983 0.170938492 0.108559452 0.989216268 0.096706383 -0.017717503 -1.258688331 4.786511898 -9.653952599 0.000000000 0.000000000 -10.000000000
1776608200.057719231 0.558147609 0.233218983 0.170938492 0.108559452 0.989216268 0.096706383 -0.017717503 -1.189306974 4.664193630 -9.596965790 0.000000000 0.000000000 -10.000000000
1776608200.062759638 0.557776928 0.234230906 0.171048701 0.107382461 0.989355028 0.096845210 -0.016330592 -1.118794441 4.538261414 -9.545287132 0.000000000 0.000000000 -10.000000000
1776608200.067743540 0.557776928 0.234230906 0.171048701 0.107382461 0.989355028 0.096845210 -0.016330592 -1.047699094 4.408926487 -9.498620033 0.000000000 0.000000000 -10.000000000
1776608200.072404861 0.557595134 0.234763682 0.171098799 0.106794491 0.989424765 0.096896261 -0.015642334 -0.976542115 4.276424408 -9.456660271 0.000000000 0.000000000 -10.000000000
1776608200.077631712 0.557450533 0.235310450 0.171154797 0.106254123 0.989489675 0.096941270 -0.014922701 -0.905814230 4.141015530 -9.419088364 0.000000000 0.000000000 -10.000000000
1776608200.082399130 0.557334900 0.235857546 0.171213984 0.105839357 0.989541292 0.096976846 -0.014196079 -0.835971415 4.002976418 -9.385577202 0.000000000 0.000000000 -10.000000000
1776608200.087410212 0.557240725 0.236405551 0.171273232 0.105552629 0.989579976 0.096998923 -0.013467074 -0.767431319 3.862602711 -9.355792999 0.000000000 0.000000000 -10.000000000
1776608200.092787027 0.557147384 0.236958563 0.171323508 0.105358250 0.989609301 0.097007699 -0.012752078 -0.700569868 3.720204353 -9.329393387 0.000000000 0.000000000 -10.000000000
1776608200.097707748 0.556997895 0.238158569 0.171461701 0.105192453 0.989641309 0.097038150 -0.011324928 -0.635720670 3.576106071 -9.306034088 0.000000000 0.000000000 -10.000000000
1776608200.102397680 0.556952596 0.238804698 0.171565205 0.105158933 0.989651084 0.097057268 -0.010590555 -0.573175073 3.430647612 -9.285367012 0.000000000 0.000000000 -10.000000000
1776608200.107868195 0.556952596 0.238804698 0.171565205 0.105158933 0.989651084 0.097057268 -0.010590555 -0.513180375 3.284178734 -9.267046928 0.000000000 0.000000000 -10.000000000
1776608200.112532616 0.556844711 0.240126640 0.171809852 0.105085045 0.989673674 0.097054698 -0.009140677 -0.455937207 3.137056589 -9.250726700 0.000000000 0.000000000 -10.000000000
1776608200.117800951 0.556844711 0.240126640 0.171809852 0.105085045 0.989673674 0.097054698 -0.009140677 -0.401599437 2.989643335 -9.236063004 0.000000000 0.000000000 -10.000000000
1776608200.122404337 0.556707025 0.241461381 0.172037959 0.104912825 0.989711821 0.096973591 -0.007740848 -0.350276858 2.842307329 -9.222713470 0.000000000 0.000000000 -10.000000000
1776608200.127866745 0.556629539 0.242127627 0.172143102 0.104774110 0.989738405 0.096904278 -0.007062658 -0.302038729 2.695422173 -9.210337639 0.000000000 0.000000000 -10.000000000
1776608200.132900000 0.556560099 0.242779732 0.172240973 0.104592919 0.989771664 0.096806966 -0.006383853 -0.256916612 2.549365997 -9.198596001 0.000000000 0.000000000 -10.000000000
1776608200.137517452 0.556499541 0.243412748 0.172336012 0.104375720 0.989811003 0.096682087 -0.005700995 -0.214906588 2.404520512 -9.187152863 0.000000000 0.000000000 -10.000000000
1776608200.142751694 0.556403935 0.244038641 0.172425359 0.104114503 0.989857316 0.096524790 -0.005062281 -0.175971538 2.261268854 -9.175678253 0.000000000 0.000000000 -10.000000000
1776608200.147441864 0.556304753 0.244649082 0.172503114 0.103820153 0.989909649 0.096335471 -0.004442476 -0.140045077 2.119995356 -9.163852692 0.000000000 0.000000000 -10.000000000
1776608200.152804136 0.556304753 0.244649082 0.172503114 0.103820153 0.989909649 0.096335471 -0.004442476 -0.107037902 1.981084824 -9.151371002 0.000000000 0.000000000 -10.000000000
1776608200.157418966 0.555964708 0.245873004 0.172639012 0.103122883 0.990031660 0.095871322 -0.003409637 -0.076846704 1.844922423 -9.137940407 0.000000000 0.000000000 -10.000000000
1776608200.164659023 0.555723250 0.246455789 0.172669441 0.102730460 0.990103066 0.095568307 -0.003008180 -0.049364321 1.711893916 -9.123287201 0.000000000 0.000000000 -10.000000000
1776608200.167611122 0.555438638 0.246989399 0.172694683 0.102337226 0.990179181 0.095210589 -0.002679511 -0.024488797 1.582385302 -9.107151985 0.000000000 0.000000000 -10.000000000
1776608200.172840118 0.555438638 0.246989399 0.172694683 0.102337226 0.990179181 0.095210589 -0.002679511 -0.002129466 1.456782579 -9.089299202 0.000000000 0.000000000 -10.000000000
1776608200.177488804 0.554828167 0.247995704 0.172760010 0.101563916 0.990335882 0.094419852 -0.002131372 0.017791191 1.335469246 -9.069512367 0.000000000 0.000000000 -10.000000000
1776608200.182518959 0.554828167 0.247995704 0.172760010 0.101563916 0.990335882 0.094419852 -0.002131372 0.035338547 1.218823910 -9.047600746 0.000000000 0.000000000 -10.000000000
1776608200.187414169 0.554437935 0.248474181 0.172768146 0.101186968 0.990417302 0.093972579 -0.001993921 0.050566103 1.107216954 -9.023400307 0.000000000 0.000000000 -10.000000000
1776608200.192800283 0.553994179 0.248934597 0.172763556 0.100817136 0.990501046 0.093487233 -0.001930243 0.063514061 1.001005650 -8.996772766 0.000000000 0.000000000 -10.000000000
1776608200.197757006 0.553023338 0.249857500 0.172751427 0.100134946 0.990664601 0.092481144 -0.001962092 0.074207194 0.900528014 -8.967609406 0.000000000 0.000000000 -10.000000000
1776608200.202498674 0.552474976 0.250321925 0.172730774 0.099840708 0.990742028 0.091965750 -0.002091038 0.082653247 0.806096137 -8.935830116 0.000000000 0.000000000 -10.000000000
1776608200.207743406 0.552474976 0.250321925 0.172730774 0.099840708 0.990742028 0.091965750 -0.002091038 0.088843249 0.717990696 -8.901384354 0.000000000 0.000000000 -10.000000000
1776608200.212429047 0.551312625 0.251316130 0.172701746 0.099374063 0.990878105 0.090989135 -0.002511441 0.092752971 0.636456609 -8.864255905 0.000000000 0.000000000 -10.000000000
1776608200.217423201 0.551312625 0.251316130 0.172701746 0.099374063 0.990878105 0.090989135 -0.002511441 0.094343610 0.561698377 -8.824458122 0.000000000 0.000000000 -10.000000000
1776608200.222630978 0.550656378 0.251860380 0.172696114 0.099200636 0.990935445 0.090543099 -0.002852482 0.093561575 0.493874550 -8.782041550 0.000000000 0.000000000 -10.000000000
1776608200.227503300 0.549979389 0.252448559 0.172708303 0.099072948 0.990982473 0.090153433 -0.003254264 0.090339489 0.433092475 -8.737085342 0.000000000 0.000000000 -10.000000000
1776608200.232495308 0.549296498 0.253036976 0.172729790 0.099003278 0.991020620 0.089792751 -0.003705719 0.084599122 0.379403770 -8.689704895 0.000000000 0.000000000 -10.000000000
1776608200.237425804 0.547904789 0.254266411 0.172751993 0.098957270 0.991076827 0.089172199 -0.004740891 0.076256439 0.332801700 -8.640048981 0.000000000 0.000000000 -10.000000000
1776608200.242392302 0.547173977 0.254941344 0.172763646 0.098946445 0.991096735 0.088929348 -0.005333432 0.065227464 0.293220371 -8.588295937 0.000000000 0.000000000 -10.000000000
1776608200.247497082 0.547173977 0.254941344 0.172763646 0.098946445 0.991096735 0.088929348 -0.005333432 0.051432598 0.260535181 -8.534656525 0.000000000 0.000000000 -10.000000000
1776608200.252712488 0.545719266 0.256460935 0.172854275 0.098904498 0.991120458 0.088629492 -0.006553795 0.034799926 0.234564260 -8.479366302 0.000000000 0.000000000 -10.000000000
1776608200.257526159 0.545014679 0.257275343 0.172927737 0.098850399 0.991129577 0.088541850 -0.007149482 0.015270222 0.215070575 -8.422682762 0.000000000 0.000000000 -10.000000000
1776608200.262664080 0.545014679 0.257275343 0.172927737 0.098850399 0.991129577 0.088541850 -0.007149482 -0.007196176 0.201764598 -8.364886284 0.000000000 0.000000000 -10.000000000
1776608200.267394781 0.543669522 0.258942336 0.173062205 0.098661371 0.991150379 0.088419564 -0.008299416 -0.032612566 0.194308609 -8.306271553 0.000000000 0.000000000 -10.000000000
1776608200.272537231 0.543669522 0.258942336 0.173062205 0.098661371 0.991150379 0.088419564 -0.008299416 -0.060960431 0.192322463 -8.247152328 0.000000000 0.000000000 -10.000000000
1776608200.277410507 0.543009996 0.259787470 0.173119694 0.098534763 0.991161942 0.088374384 -0.008880824 -0.092186205 0.195389643 -8.187852859 0.000000000 0.000000000 -10.000000000
1776608200.282391548 0.542380154 0.260636449 0.173180282 0.098400854 0.991171956 0.088352710 -0.009445942 -0.126199931 0.203063399 -8.128705025 0.000000000 0.000000000 -10.000000000
1776608200.287782669 0.541779876 0.261493623 0.173257232 0.098262079 0.991179585 0.088361301 -0.009994521 -0.162874609 0.214872167 -8.070049286 0.000000000 0.000000000 -10.000000000
1776608200.292716742 0.541200817 0.262360573 0.173345387 0.098127976 0.991184175 0.088396505 -0.010530265 -0.202046573 0.230325267 -8.012224197 0.000000000 0.000000000 -10.000000000
1776608200.297749043 0.540104330 0.264111072 0.173530310 0.097874276 0.991185725 0.088529028 -0.011577800 -0.243517667 0.248919562 -7.955568790 0.000000000 0.000000000 -10.000000000
1776608200.302503824 0.539585769 0.265019834 0.173613429 0.097737223 0.991184115 0.088630065 -0.012089415 -0.287057579 0.270146459 -7.900414467 0.000000000 0.000000000 -10.000000000
1776608200.307709932 0.539585769 0.265019834 0.173613429 0.097737223 0.991184115 0.088630065 -0.012089415 -0.332404107 0.293496877 -7.847084522 0.000000000 0.000000000 -10.000000000
1776608200.312479019 0.538534403 0.266824752 0.173732191 0.097476453 0.991177678 0.088834122 -0.013175687 -0.379263282 0.318465322 -7.795895100 0.000000000 0.000000000 -10.000000000
1776608200.317877531 0.538534403 0.266824752 0.173732191 0.097476453 0.991177678 0.088834122 -0.013175687 -0.427311659 0.344555527 -7.747149944 0.000000000 0.000000000 -10.000000000
1776608200.322716475 0.537611723 0.268580884 0.173881888 0.097264685 0.991163790 0.089064613 -0.014194030 -0.476200551 0.371287495 -7.701145172 0.000000000 0.000000000 -10.000000000
1776608200.327409029 0.537611723 0.268580884 0.173881888 0.097264685 0.991163790 0.089064613 -0.014194030 -0.525561690 0.398203731 -7.658162594 0.000000000 0.000000000 -10.000000000
1776608200.332373619 0.537181258 0.269436002 0.173973233 0.097171172 0.991155028 0.089183442 -0.014690221 -0.575013578 0.424873799 -7.618471622 0.000000000 0.000000000 -10.000000000
1776608200.337403297 0.536792874 0.270283550 0.174065441 0.097103477 0.991143107 0.089310490 -0.015160407 -0.624165893 0.450896442 -7.582324982 0.000000000 0.000000000 -10.000000000
1776608200.342595816 0.536404669 0.271115452 0.174134761 0.097021446 0.991133451 0.089422613 -0.015651086 -0.672622681 0.475900561 -7.549960613 0.000000000 0.000000000 -10.000000000
1776608200.347378731 0.536028206 0.271905243 0.174175888 0.096966773 0.991123199 0.089505590 -0.016154893 -0.719985783 0.499546677 -7.521601200 0.000000000 0.000000000 -10.000000000
1776608200.352787971 0.535703003 0.272678733 0.174227118 0.096908666 0.991113722 0.089589246 -0.016615380 -0.765858710 0.521529317 -7.497453690 0.000000000 0.000000000 -10.000000000
1776608200.357640505 0.535419583 0.273439646 0.174297690 0.096868955 0.991102159 0.089679465 -0.017044954 -0.809851110 0.541579306 -7.477709293 0.000000000 0.000000000 -10.000000000
1776608200.362705231 0.535152912 0.274192363 0.174367696 0.096826978 0.991091013 0.089764990 -0.017475262 -0.851582885 0.559464216 -7.462543011 0.000000000 0.000000000 -10.000000000
1776608200.367427349 0.534735739 0.275610775 0.174507320 0.096777350 0.991067708 0.089916833 -0.018273290 -0.890686810 0.574987769 -7.452112675 0.000000000 0.000000000 -10.000000000
1776608200.372693300 0.534735739 0.275610775 0.174507320 0.096777350 0.991067708 0.089916833 -0.018273290 -0.926810741 0.587987602 -7.446557045 0.000000000 0.000000000 -10.000000000
1776608200.377397060 0.534500778 0.276901007 0.174670935 0.096798494 0.991040647 0.090047024 -0.018974535 -0.959619343 0.598333061 -7.445999146 0.000000000 0.000000000 -10.000000000
1776608200.382690907 0.534500778 0.276901007 0.174670935 0.096798494 0.991040647 0.090047024 -0.018974535 -0.988795638 0.605922759 -7.450544834 0.000000000 0.000000000 -10.000000000
1776608200.387749672 0.534416795 0.278089762 0.174856842 0.096831001 0.991014540 0.090164892 -0.019600531 -1.014043450 0.610682428 -7.460282803 0.000000000 0.000000000 -10.000000000
1776608200.392491341 0.534448147 0.278638095 0.174962848 0.096859314 0.991001427 0.090219900 -0.019870386 -1.035089850 0.612562895 -7.475282192 0.000000000 0.000000000 -10.000000000
1776608200.397673130 0.534448147 0.278638095 0.174962848 0.096859314 0.991001427 0.090219900 -0.019870386 -1.051686049 0.611538410 -7.495593548 0.000000000 0.000000000 -10.000000000
1776608200.402380705 0.534557104 0.279661477 0.175160706 0.096907184 0.990976930 0.090314686 -0.020418698 -1.063607812 0.607605040 -7.521244526 0.000000000 0.000000000 -10.000000000
1776608200.407747984 0.534557104 0.279661477 0.175160706 0.096907184 0.990976930 0.090314686 -0.020418698 -1.070655107 0.600778997 -7.552238464 0.000000000 0.000000000 -10.000000000
1776608200.412414551 0.534731388 0.280567139 0.175336421 0.096940063 0.990955770 0.090378359 -0.021001764 -1.072650909 0.591094911 -7.588552475 0.000000000 0.000000000 -10.000000000
1776608200.417613983 0.534731388 0.280567139 0.175336421 0.096940063 0.990955770 0.090378359 -0.021001764 -1.069440603 0.578604639 -7.630136967 0.000000000 0.000000000 -10.000000000
1776608200.422364712 0.535012066 0.281350970 0.175510556 0.097029105 0.990927875 0.090451926 -0.021581879 -1.060889959 0.563376069 -7.676911354 0.000000000 0.000000000 -10.000000000
1776608200.427473068 0.535012066 0.281350970 0.175510556 0.097029105 0.990927875 0.090451926 -0.021581879 -1.046882987 0.545491517 -7.728764534 0.000000000 0.000000000 -10.000000000
1776608200.432725430 0.535210550 0.281736583 0.175635189 0.097091325 0.990907907 0.090540014 -0.021848174 -1.027320147 0.525045156 -7.785554409 0.000000000 0.000000000 -10.000000000
1776608200.437806129 0.535659134 0.282459646 0.175895154 0.097240157 0.990860760 0.090758547 -0.022410141 -1.002119064 0.502142012 -7.847103596 0.000000000 0.000000000 -10.000000000
1776608200.442755938 0.535659134 0.282459646 0.175895154 0.097240157 0.990860760 0.090758547 -0.022410141 -0.971215963 0.476897746 -7.913200855 0.000000000 0.000000000 -10.000000000
1776608200.447788715 0.535973012 0.282817841 0.176039279 0.097344510 0.990830779 0.090916954 -0.022639234 -0.934564888 0.449438095 -7.983599663 0.000000000 0.000000000 -10.000000000
1776608200.452698469 0.536333382 0.283179641 0.176196903 0.097467273 0.990795732 0.091116279 -0.022842834 -0.892135799 0.419898361 -8.058017731 0.000000000 0.000000000 -10.000000000
1776608200.457558870 0.536980867 0.283913732 0.176450789 0.097747356 0.990713418 0.091569334 -0.023398424 -0.843911767 0.388422370 -8.136139870 0.000000000 0.000000000 -10.000000000
1776608200.462591410 0.537323713 0.284275472 0.176580101 0.097915955 0.990665138 0.091834404 -0.023696536 -0.789888024 0.355161488 -8.217616081 0.000000000 0.000000000 -10.000000000
1776608200.467439651 0.537705302 0.284617811 0.176722705 0.098112538 0.990612805 0.092117332 -0.023970395 -0.730072200 0.320273876 -8.302063942 0.000000000 0.000000000 -10.000000000
1776608200.472754002 0.537705302 0.284617811 0.176722705 0.098112538 0.990612805 0.092117332 -0.023970395 -0.664485693 0.283923715 -8.389070511 0.000000000 0.000000000 -10.000000000
1776608200.477633476 0.538531840 0.285277903 0.176976621 0.098620273 0.990490139 0.092745669 -0.024526797 -0.593165100 0.246280611 -8.478195190 0.000000000 0.000000000 -10.000000000
1776608200.482743979 0.538531840 0.285277903 0.176976621 0.098620273 0.990490139 0.092745669 -0.024526797 -0.516163647 0.207518995 -8.568965912 0.000000000 0.000000000 -10.000000000
1776608200.487391233 0.539029062 0.285623580 0.177122116 0.098922797 0.990419269 0.093122147 -0.024744239 -0.433551252 0.167818069 -8.660885811 0.000000000 0.000000000 -10.000000000
1776608200.492815256 0.539562821 0.285969704 0.177271634 0.099235952 0.990346313 0.093514971 -0.024928192 -0.345414937 0.127362207 -8.753435135 0.000000000 0.000000000 -10.000000000
1776608200.497484922 0.540744364 0.286665231 0.177588135 0.099908575 0.990192175 0.094353445 -0.025202818 -0.251858979 0.086342372 -8.846069336 0.000000000 0.000000000 -10.000000000
1776608200.502386808 0.540744364 0.286665231 0.177588135 0.099908575 0.990192175 0.094353445 -0.025202818 -0.153005242 0.044957612 -8.938228607 0.000000000 0.000000000 -10.000000000
1776608200.507462978 0.541510344 0.286967665 0.177750707 0.100295566 0.990111589 0.094800130 -0.025155159 -0.048991207 0.003414624 -9.029331207 0.000000000 0.000000000 -10.000000000
1776608200.512451172 0.542974234 0.287526071 0.178002000 0.101068653 0.989952028 0.095647916 -0.025130486 0.060032886 -0.038073841 -9.118787766 0.000000000 0.000000000 -10.000000000
1776608200.517405987 0.542974234 0.287526071 0.178002000 0.101068653 0.989952028 0.095647916 -0.025130486 0.173905820 -0.079289638 -9.205994606 0.000000000 0.000000000 -10.000000000
1776608200.522383451 0.543851495 0.287817597 0.178156167 0.101464741 0.989870250 0.096121356 -0.024949325 0.292455822 -0.120009400 -9.290349007 0.000000000 0.000000000 -10.000000000
1776608200.527382851 0.546077013 0.288316399 0.178517848 0.102315322 0.989707291 0.097126521 -0.024031231 0.415501684 -0.160007060 -9.371247292 0.000000000 0.000000000 -10.000000000
1776608200.532907963 0.547236681 0.288527101 0.178676158 0.102735773 0.989629567 0.097600907 -0.023511602 0.542854488 -0.199056953 -9.448092461 0.000000000 0.000000000 -10.000000000
1776608200.537383795 0.548521221 0.288736939 0.178845853 0.103155412 0.989552081 0.098100655 -0.022844985 0.674317420 -0.236932263 -9.520295143 0.000000000 0.000000000 -10.000000000
1776608200.542460203 0.548521221 0.288736939 0.178845853 0.103155412 0.989552081 0.098100655 -0.022844985 0.809683800 -0.273400307 -9.587277412 0.000000000 0.000000000 -10.000000000
1776608200.547362804 0.551307857 0.289108276 0.179163128 0.103988960 0.989401579 0.099097513 -0.021224832 0.948735654 -0.308221161 -9.648486137 0.000000000 0.000000000 -10.000000000
1776608200.552417278 0.552777708 0.289223015 0.179305345 0.104400881 0.989332438 0.099546596 -0.020305317 1.091241717 -0.341150373 -9.703389168 0.000000000 0.000000000 -10.000000000
1776608200.557369471 0.554236352 0.289281249 0.179422498 0.104805000 0.989268363 0.099941157 -0.019384559 1.236953855 -0.371940821 -9.751485825 0.000000000 0.000000000 -10.000000000
1776608200.562512398 0.554236352 0.289281249 0.179422498 0.104805000 0.989268363 0.099941157 -0.019384559 1.385601878 -0.400342345 -9.792304993 0.000000000 0.000000000 -10.000000000
1776608200.567378283 0.555698514 0.289304554 0.179522067 0.105198659 0.989208221 0.100298271 -0.018454866 1.536886096 -0.426100820 -9.825417519 0.000000000 0.000000000 -10.000000000
1776608200.572431564 0.558818460 0.289277852 0.179770797 0.105989158 0.989089489 0.100995794 -0.016374020 1.690470099 -0.448957384 -9.850438118 0.000000000 0.000000000 -10.000000000
1776608200.577421427 0.560358584 0.289223731 0.179900497 0.106387399 0.989030719 0.101312175 -0.015357208 1.845973730 -0.468650371 -9.867030144 0.000000000 0.000000000 -10.000000000
1776608200.582368612 0.560358584 0.289223731 0.179900497 0.106387399 0.989030719 0.101312175 -0.015357208 2.002968550 -0.484919280 -9.874910355 0.000000000 0.000000000 -10.000000000
1776608200.587385178 0.561849892 0.289169133 0.180019468 0.106774814 0.988972604 0.101612441 -0.014394524 2.160974741 -0.497509003 -9.873851776 0.000000000 0.000000000 -10.000000000
1776608200.592442751 0.564802587 0.288963407 0.180250645 0.107569687 0.988857448 0.102143712 -0.012503905 2.319462061 -0.506173730 -9.863680840 0.000000000 0.000000000 -10.000000000
1776608200.597410917 0.564802587 0.288963407 0.180250645 0.107569687 0.988857448 0.102143712 -0.012503905 2.477853775 -0.510681331 -9.844285011 0.000000000 0.000000000 -10.000000000
1776608200.602429867 0.566196561 0.288829297 0.180350304 0.107976668 0.988799095 0.102379426 -0.011654919 2.635529041 -0.510817885 -9.815608025 0.000000000 0.000000000 -10.000000000
1776608200.607821226 0.568823218 0.288527876 0.180498719 0.108769119 0.988687217 0.102781944 -0.010137207 2.791829586 -0.506390035 -9.777652740 0.000000000 0.000000000 -10.000000000
1776608200.612447977 0.570059478 0.288358629 0.180543691 0.109153919 0.988634586 0.102944247 -0.009466407 2.946063280 -0.497226268 -9.730474472 0.000000000 0.000000000 -10.000000000
1776608200.617759943 0.571280360 0.288171858 0.180594862 0.109539665 0.988582671 0.103090167 -0.008819945 3.097509384 -0.483178616 -9.674189568 0.000000000 0.000000000 -10.000000000
1776608200.622436523 0.572478592 0.287963420 0.180655569 0.109927773 0.988531291 0.103220262 -0.008205131 3.245424986 -0.464125186 -9.608966827 0.000000000 0.000000000 -10.000000000
1776608200.628200531 0.573545516 0.287761867 0.180701017 0.110297903 0.988483012 0.103324257 -0.007733473 3.389052629 -0.439972401 -9.535031319 0.000000000 0.000000000 -10.000000000
1776608200.632528067 0.574428082 0.287592262 0.180708200 0.110646971 0.988436997 0.103409939 -0.007478253 3.527625799 -0.410656035 -9.452656746 0.000000000 0.000000000 -10.000000000
1776608200.637781858 0.574428082 0.287592262 0.180708200 0.110646971 0.988436997 0.103409939 -0.007478253 3.660374641 -0.376141697 -9.362173080 0.000000000 0.000000000 -10.000000000
1776608200.642785072 0.576007485 0.287159681 0.180705905 0.111392148 0.988343775 0.103517883 -0.007237235 3.786530256 -0.336425155 -9.263953209 0.000000000 0.000000000 -10.000000000
1776608200.647722006 0.576007485 0.287159681 0.180705905 0.111392148 0.988343775 0.103517883 -0.007237235 3.905332804 -0.291533679 -9.158417702 0.000000000 0.000000000 -10.000000000
1776608200.652346849 0.577202320 0.286719680 0.180687547 0.112195008 0.988240838 0.103614606 -0.007507551 4.016042709 -0.241528094 -9.046025276 0.000000000 0.000000000 -10.000000000
1776608200.657757044 0.577642143 0.286536932 0.180670977 0.112614863 0.988182366 0.103691652 -0.007847952 4.117951393 -0.186504632 -8.927268982 0.000000000 0.000000000 -10.000000000
1776608200.662754536 0.577642143 0.286536932 0.180670977 0.112614863 0.988182366 0.103691652 -0.007847952 4.210393906 -0.126596496 -8.802666664 0.000000000 0.000000000 -10.000000000
1776608200.667709589 0.578409076 0.286195636 0.180634856 0.113555565 0.988041759 0.103933766 -0.008738333 4.292759895 -0.061974838 -8.672765732 0.000000000 0.000000000 -10.000000000
1776608200.672822952 0.578409076 0.286195636 0.180634856 0.113555565 0.988041759 0.103933766 -0.008738333 4.364507675 0.007151136 -8.538128853 0.000000000 0.000000000 -10.000000000
1776608200.677738667 0.579053402 0.285917699 0.180658370 0.114564091 0.987876952 0.104295023 -0.009835009 4.425175190 0.080535479 -8.399337769 0.000000000 0.000000000 -10.000000000
1776608200.682529688 0.579053402 0.285917699 0.180658370 0.114564091 0.987876952 0.104295023 -0.009835009 4.474391460 0.157897741 -8.256988525 0.000000000 0.000000000 -10.000000000
1776608200.687387228 0.579528570 0.285732687 0.180712312 0.115509227 0.987703323 0.104766436 -0.011126533 4.511887074 0.238925025 -8.111684799 0.000000000 0.000000000 -10.000000000
1776608200.692699671 0.579724252 0.285643458 0.180728137 0.115924962 0.987619340 0.105021961 -0.011825644 4.537502766 0.323274195 -7.964032650 0.000000000 0.000000000 -10.000000000
1776608200.697392702 0.579724252 0.285643458 0.180728137 0.115924962 0.987619340 0.105021961 -0.011825644 4.551191330 0.410575479 -7.814637661 0.000000000 0.000000000 -10.000000000
1776608200.702735186 0.580134630 0.285459697 0.180713356 0.116659380 0.987455785 0.105580352 -0.013209563 4.553018570 0.500437260 -7.664094925 0.000000000 0.000000000 -10.000000000
1776608200.707744360 0.580371141 0.285359144 0.180713415 0.116951108 0.987379491 0.105887905 -0.013855091 4.543160915 0.592450917 -7.512984753 0.000000000 0.000000000 -10.000000000
1776608200.714471579 0.580611825 0.285283238 0.180712342 0.117177390 0.987307549 0.106223091 -0.014487151 4.521905422 0.686194658 -7.361872673 0.000000000 0.000000000 -10.000000000
1776608200.717786789 0.580870450 0.285200626 0.180731297 0.117366247 0.987238586 0.106570870 -0.015092638 4.489647865 0.781237662 -7.211302280 0.000000000 0.000000000 -10.000000000
1776608200.722396135 0.580870450 0.285200626 0.180731297 0.117366247 0.987238586 0.106570870 -0.015092638 4.446889400 0.877144039 -7.061795712 0.000000000 0.000000000 -10.000000000
1776608200.727731943 0.581513882 0.285046518 0.180798113 0.117680721 0.987100303 0.107346229 -0.016155191 4.394228458 0.973477244 -6.913852215 0.000000000 0.000000000 -10.000000000
1776608200.732469797 0.581879318 0.284970522 0.180832118 0.117814176 0.987031519 0.107759185 -0.016631121 4.332355499 1.069804192 -6.767946720 0.000000000 0.000000000 -10.000000000
1776608200.737676144 0.581879318 0.284970522 0.180832118 0.117814176 0.987031519 0.107759185 -0.016631121 4.262043953 1.165699005 -6.624525070 0.000000000 0.000000000 -10.000000000
1776608200.742378712 0.582531691 0.284763813 0.180802017 0.118125446 0.986888707 0.108557008 -0.017675741 4.184138298 1.260746717 -6.484004498 0.000000000 0.000000000 -10.000000000
1776608200.747427702 0.582883298 0.284631461 0.180772662 0.118325152 0.986811519 0.108957477 -0.018177753 4.099546909 1.354548216 -6.346771240 0.000000000 0.000000000 -10.000000000
1776608200.752383232 0.582883298 0.284631461 0.180772662 0.118325152 0.986811519 0.108957477 -0.018177753 4.009222031 1.446726084 -6.213181973 0.000000000 0.000000000 -10.000000000
1776608200.758154631 0.583659768 0.284329087 0.180729955 0.118813984 0.986641526 0.109803133 -0.019105555 3.914151907 1.536929607 -6.083563328 0.000000000 0.000000000 -10.000000000
1776608200.762369871 0.584039629 0.284158885 0.180725425 0.119096734 0.986550272 0.110232778 -0.019576136 3.815343618 1.624840498 -5.958215714 0.000000000 0.000000000 -10.000000000
1776608200.767737150 0.584407508 0.283986449 0.180707604 0.119411394 0.986453891 0.110666603 -0.020062249 3.713810682 1.710175872 -5.837410927 0.000000000 0.000000000 -10.000000000
1776608200.772855282 0.584783494 0.283803403 0.180686116 0.119742617 0.986354470 0.111105964 -0.020543154 3.610557556 1.792693138 -5.721392632 0.000000000 0.000000000 -10.000000000
1776608200.777723789 0.585157156 0.283614963 0.180654138 0.120085947 0.986252546 0.111548081 -0.021029700 3.506565809 1.872191548 -5.610378742 0.000000000 0.000000000 -10.000000000
1776608200.782583952 0.585523248 0.283410788 0.180610001 0.120465890 0.986145675 0.111988239 -0.021524936 3.402781487 1.948513865 -5.504559040 0.000000000 0.000000000 -10.000000000
1776608200.787721872 0.585874915 0.283189416 0.180573612 0.120854147 0.986036241 0.112433895 -0.022032529 3.300106049 2.021546841 -5.404098034 0.000000000 0.000000000 -10.000000000
1776608200.792718649 0.586199999 0.282968700 0.180532396 0.121262267 0.985922039 0.112888567 -0.022567945 3.199392319 2.091220379 -5.309137344 0.000000000 0.000000000 -10.000000000
1776608200.798315525 0.586199999 0.282968700 0.180532396 0.121262267 0.985922039 0.112888567 -0.022567945 3.101437330 2.157506704 -5.219795227 0.000000000 0.000000000 -10.000000000
1776608200.802629709 0.586755037 0.282478571 0.180410028 0.122093208 0.985688210 0.113790467 -0.023742948 3.006977558 2.220417976 -5.136170387 0.000000000 0.000000000 -10.000000000
1776608200.807484150 0.587051749 0.282213539 0.180353642 0.122532174 0.985566497 0.114252374 -0.024309089 2.916685104 2.280004978 -5.058342934 0.000000000 0.000000000 -10.000000000
1776608200.812376022 0.587051749 0.282213539 0.180353642 0.122532174 0.985566497 0.114252374 -0.024309089 2.831165552 2.336351871 -4.986372471 0.000000000 0.000000000 -10.000000000
1776608200.817365408 0.587353051 0.281934857 0.180276901 0.122960441 0.985445976 0.114711128 -0.024866363 2.750961542 2.389572620 -4.920304298 0.000000000 0.000000000 -10.000000000
1776608200.822532415 0.587655306 0.281629771 0.180196077 0.123384878 0.985327244 0.115156040 -0.025407333 2.676557064 2.439806938 -4.860167503 0.000000000 0.000000000 -10.000000000
1776608200.827504873 0.588266492 0.280940026 0.179996163 0.124159008 0.985108018 0.115965247 -0.026434846 2.608382940 2.487218380 -4.805980206 0.000000000 0.000000000 -10.000000000
1776608200.832657337 0.588583291 0.280564785 0.179886281 0.124511845 0.985006213 0.116340868 -0.026913222 2.546823025 2.531996012 -4.757749557 0.000000000 0.000000000 -10.000000000
1776608200.837790966 0.588935733 0.280174792 0.179783493 0.124829985 0.984911561 0.116704136 -0.027328860 2.492213726 2.574352503 -4.715475559 0.000000000 0.000000000 -10.000000000
1776608200.842674255 0.588935733 0.280174792 0.179783493 0.124829985 0.984911561 0.116704136 -0.027328860 2.444846153 2.614521980 -4.679152966 0.000000000 0.000000000 -10.000000000
1776608200.847795010 0.589835167 0.279284537 0.179642290 0.125419855 0.984740555 0.117384091 -0.027872782 2.404967070 2.652756691 -4.648772240 0.000000000 0.000000000 -10.000000000
1776608200.852798223 0.590480924 0.278737336 0.179601401 0.125701129 0.984670579 0.117669821 -0.027872544 2.372785568 2.689321518 -4.624319077 0.000000000 0.000000000 -10.000000000
1776608200.857856750 0.591167033 0.278108478 0.179508865 0.125957280 0.984617651 0.117859088 -0.027786065 2.348482609 2.724493265 -4.605775356 0.000000000 0.000000000 -10.000000000
1776608200.862745762 0.591879487 0.277470231 0.179392219 0.126146391 0.984580398 0.118006341 -0.027622150 2.332220554 2.758557320 -4.593114376 0.000000000 0.000000000 -10.000000000
1776608200.867837667 0.591879487 0.277470231 0.179392219 0.126146391 0.984580398 0.118006341 -0.027622150 2.324145317 2.791806221 -4.586302280 0.000000000 0.000000000 -10.000000000
1776608200.872673988 0.593386352 0.276092768 0.179073572 0.126441568 0.984540880 0.118140586 -0.027103409 2.324381113 2.824539185 -4.585296631 0.000000000 0.000000000 -10.000000000
1776608200.877400875 0.594221115 0.275328934 0.178930789 0.126579076 0.984534681 0.118134134 -0.026712807 2.333022118 2.857056141 -4.590050697 0.000000000 0.000000000 -10.000000000
1776608200.882789135 0.594221115 0.275328934 0.178930789 0.126579076 0.984534681 0.118134134 -0.026712807 2.350123644 2.889654875 -4.600514412 0.000000000 0.000000000 -10.000000000
1776608200.887520552 0.595076382 0.274536669 0.178799331 0.126697361 0.984536350 0.118092529 -0.026270870 2.375694752 2.922627211 -4.616637230 0.000000000 0.000000000 -10.000000000
1776608200.892844200 0.596734464 0.272923708 0.178563297 0.126927033 0.984550595 0.117920958 -0.025382152 2.409695387 2.956256151 -4.638368130 0.000000000 0.000000000 -10.000000000
1776608200.897619724 0.597556949 0.272092223 0.178422153 0.127070904 0.984556854 0.117809102 -0.024934933 2.452033997 2.990815401 -4.665655136 0.000000000 0.000000000 -10.000000000
1776608200.902678967 0.597556949 0.272092223 0.178422153 0.127070904 0.984556854 0.117809102 -0.024934933 2.502566099 3.026564121 -4.698446751 0.000000000 0.000000000 -10.000000000
1776608200.907404423 0.598378360 0.271203756 0.178265303 0.127240583 0.984565377 0.117649905 -0.024482004 2.561092138 3.063745975 -4.736690044 0.000000000 0.000000000 -10.000000000
1776608200.912406445 0.599988222 0.269272685 0.177910089 0.127683088 0.984583855 0.117197327 -0.023589529 2.627357006 3.102587223 -4.780331135 0.000000000 0.000000000 -10.000000000
1776608200.917384624 0.599988222 0.269272685 0.177910089 0.127683088 0.984583855 0.117197327 -0.023589529 2.701047659 3.143294573 -4.829312801 0.000000000 0.000000000 -10.000000000
1776608200.922389269 0.601570189 0.267334402 0.177618533 0.128166303 0.984600663 0.116709165 -0.022668822 2.781794786 3.186054945 -4.883576870 0.000000000 0.000000000 -10.000000000
1776608200.927446604 0.601570189 0.267334402 0.177618533 0.128166303 0.984600663 0.116709165 -0.022668822 2.869173765 3.231031418 -4.943060875 0.000000000 0.000000000 -10.000000000
1776608200.932486773 0.602309346 0.266365170 0.177472562 0.128419712 0.984608591 0.116444193 -0.022249399 2.962705135 3.278364182 -5.007697105 0.000000000 0.000000000 -10.000000000
1776608200.937421322 0.602950990 0.265386879 0.177292466 0.128658399 0.984621108 0.116135389 -0.021928981 3.061852217 3.328169584 -5.077414989 0.000000000 0.000000000 -10.000000000
1776608200.942387104 0.604001939 0.263436079 0.176915824 0.129183143 0.984637022 0.115484849 -0.021561565 3.166017771 3.380541801 -5.152140141 0.000000000 0.000000000 -10.000000000
1776608200.948067427 0.604001939 0.263436079 0.176915824 0.129183143 0.984637022 0.115484849 -0.021561565 3.274542570 3.435553551 -5.231796741 0.000000000 0.000000000 -10.000000000
1776608200.952448606 0.604822397 0.261486351 0.176583678 0.129755959 0.984638333 0.114847682 -0.021465627 3.386706829 3.493255854 -5.316306591 0.000000000 0.000000000 -10.000000000
1776608200.957431555 0.605119646 0.260466158 0.176430911 0.130061865 0.984637797 0.114490263 -0.021548145 3.501737595 3.553678036 -5.405587196 0.000000000 0.000000000 -10.000000000
1776608200.962720156 0.605119646 0.260466158 0.176430911 0.130061865 0.984637797 0.114490263 -0.021548145 3.618815660 3.616831779 -5.499549389 0.000000000 0.000000000 -10.000000000
1776608200.967774391 0.605277359 0.259417593 0.176245362 0.130344033 0.984643340 0.114075661 -0.021787006 3.737084627 3.682716370 -5.598096848 0.000000000 0.000000000 -10.000000000
1776608200.972419500 0.605507374 0.257337481 0.175905675 0.130826727 0.984665334 0.113219678 -0.022357007 3.855662107 3.751322985 -5.701123714 0.000000000 0.000000000 -10.000000000
1776608200.977784634 0.605573714 0.256289840 0.175744236 0.131034195 0.984682858 0.112761527 -0.022682609 3.973652124 3.822635412 -5.808512688 0.000000000 0.000000000 -10.000000000
1776608200.982403040 0.605544269 0.255231678 0.175561130 0.131200358 0.984707952 0.112263128 -0.023102213 4.090158939 3.896627903 -5.920132160 0.000000000 0.000000000 -10.000000000
1776608200.987406254 0.605544269 0.255231678 0.175561130 0.131200358 0.984707952 0.112263128 -0.023102213 4.204296589 3.973266602 -6.035837650 0.000000000 0.000000000 -10.000000000
1776608200.992477179 0.605494261 0.254180551 0.175374210 0.131327137 0.984739661 0.111746944 -0.023529636 4.315198421 4.052510738 -6.155479431 0.000000000 0.000000000 -10.000000000
1776608200.997441530 0.605482996 0.253117234 0.175202072 0.131448403 0.984773576 0.111224331 -0.023905648 4.422029018 4.134314060 -6.278900623 0.000000000 0.000000000 -10.000000000
1776608201.002409935 0.605484664 0.252032101 0.175031006 0.131557733 0.984810770 0.110688098 -0.024257589 4.523998260 4.218619823 -6.405933857 0.000000000 0.000000000 -10.000000000
1776608201.007412195 0.605487525 0.250942975 0.174860775 0.131658748 0.984849095 0.110151306 -0.024594767 4.620376110 4.305362225 -6.536400318 0.000000000 0.000000000 -10.000000000
1776608201.012476683 0.605485380 0.249842182 0.174696118 0.131780371 0.984885097 0.109606773 -0.024932235 4.710500717 4.394463062 -6.670110703 0.000000000 0.000000000 -10.000000000
1776608201.017884493 0.605501354 0.248725563 0.174530923 0.131902993 0.984921694 0.109058402 -0.025240170 4.793791771 4.485829353 -6.806863785 0.000000000 0.000000000 -10.000000000
1776608201.022402048 0.605533063 0.247601241 0.174360365 0.132033005 0.984957874 0.108507603 -0.025522847 4.869756222 4.579347610 -6.946448803 0.000000000 0.000000000 -10.000000000
1776608201.027870417 0.605592966 0.246524036 0.174217016 0.132179797 0.984988093 0.107996754 -0.025761632 4.937994480 4.674880505 -7.088646889 0.000000000 0.000000000 -10.000000000
1776608201.032852173 0.605833888 0.244462714 0.173990071 0.132490858 0.985036552 0.107100226 -0.026052719 4.998207569 4.772264004 -7.233231068 0.000000000 0.000000000 -10.000000000
1776608201.037699699 0.605927944 0.243509114 0.173883736 0.132686913 0.985046566 0.106724173 -0.026218478 5.050197601 4.871304035 -7.379963875 0.000000000 0.000000000 -10.000000000
1776608201.042830706 0.606032610 0.242607921 0.173780560 0.132924840 0.985043466 0.106417432 -0.026376106 5.093862534 4.971777916 -7.528598785 0.000000000 0.000000000 -10.000000000
1776608201.047487736 0.606032610 0.242607921 0.173780560 0.132924840 0.985043466 0.106417432 -0.026376106 5.129191875 5.073428631 -7.678881168 0.000000000 0.000000000 -10.000000000
1776608201.052788019 0.606294930 0.241015077 0.173632443 0.133519873 0.984988511 0.106109358 -0.026662188 5.156252861 5.175964355 -7.830546379 0.000000000 0.000000000 -10.000000000
1776608201.057509899 0.606442630 0.240282997 0.173591018 0.133911401 0.984935820 0.106070869 -0.026798101 5.175184727 5.279057503 -7.983322144 0.000000000 0.000000000 -10.000000000
1776608201.062787294 0.606442630 0.240282997 0.173591018 0.133911401 0.984935820 0.106070869 -0.026798101 5.186191082 5.382348537 -8.136921883 0.000000000 0.000000000 -10.000000000
1776608201.067414045 0.606666446 0.238857359 0.173494697 0.134735391 0.984813154 0.106078655 -0.027142756 5.189531326 5.485450745 -8.291048050 0.000000000 0.000000000 -10.000000000
1776608201.072858095 0.606784344 0.238220662 0.173460603 0.135130420 0.984745622 0.106163390 -0.027298456 5.185516834 5.587963104 -8.445386887 0.000000000 0.000000000 -10.000000000
1776608201.077452660 0.606904149 0.237588763 0.173421085 0.135538593 0.984675467 0.106256016 -0.027443368 5.174501419 5.689476490 -8.599611282 0.000000000 0.000000000 -10.000000000
1776608201.082877398 0.607013702 0.236986727 0.173389554 0.135920182 0.984606206 0.106373124 -0.027588530 5.156876564 5.789583206 -8.753378868 0.000000000 0.000000000 -10.000000000
1776608201.087706804 0.607098460 0.236398190 0.173354179 0.136259973 0.984541357 0.106497347 -0.027747050 5.133062363 5.887880802 -8.906331062 0.000000000 0.000000000 -10.000000000
1776608201.092811823 0.607174218 0.235836565 0.173318416 0.136590272 0.984474719 0.106649213 -0.027903087 5.103501797 5.983973980 -9.058097839 0.000000000 0.000000000 -10.000000000
1776608201.097409725 0.607174218 0.235836565 0.173318416 0.136590272 0.984474719 0.106649213 -0.027903087 5.068653584 6.077479362 -9.208295822 0.000000000 0.000000000 -10.000000000
1776608201.102679014 0.607264757 0.235276818 0.173277348 0.136929452 0.984405160 0.106821954 -0.028033614 5.028988838 6.168026924 -9.356531143 0.000000000 0.000000000 -10.000000000
1776608201.107435226 0.607402384 0.234170541 0.173123807 0.137614027 0.984259486 0.107207179 -0.028323222 4.984988689 6.255267620 -9.502406120 0.000000000 0.000000000 -10.000000000
1776608201.112461090 0.607444942 0.233589590 0.173016250 0.137946561 0.984190345 0.107373796 -0.028477399 4.937138081 6.338879108 -9.645519257 0.000000000 0.000000000 -10.000000000
1776608201.117434502 0.607444942 0.233589590 0.173016250 0.137946561 0.984190345 0.107373796 -0.028477399 4.885921001 6.418573380 -9.785473824 0.000000000 0.000000000 -10.000000000
1776608201.122851372 0.607494473 0.232479960 0.172804236 0.138525590 0.984061241 0.107727982 -0.028789882 4.831816673 6.494097233 -9.921883583 0.000000000 0.000000000 -10.000000000
1776608201.127630472 0.607505202 0.231954023 0.172704756 0.138783619 0.983999610 0.107916273 -0.028947910 4.775291920 6.565239429 -10.054382324 0.000000000 0.000000000 -10.000000000
1776608201.133197784 0.607513368 0.231406897 0.172624707 0.139043763 0.983940303 0.108084142 -0.029088080 4.716796398 6.631825924 -10.182627678 0.000000000 0.000000000 -10.000000000
1776608201.137439251 0.607484043 0.230891973 0.172553450 0.139269099 0.983884215 0.108262025 -0.029244881 4.656758785 6.693724155 -10.306313515 0.000000000 0.000000000 -10.000000000
1776608201.142807245 0.607421517 0.230397761 0.172474146 0.139477298 0.983829796 0.108441390 -0.029418666 4.595583439 6.750846386 -10.425167084 0.000000000 0.000000000 -10.000000000
1776608201.147560596 0.607332706 0.229886919 0.172377497 0.139676660 0.983779907 0.108586565 -0.029604638 4.533649921 6.803153038 -10.538958549 0.000000000 0.000000000 -10.000000000
1776608201.152576923 0.607332706 0.229886919 0.172377497 0.139676660 0.983779907 0.108586565 -0.029604638 4.471308231 6.850656033 -10.647501945 0.000000000 0.000000000 -10.000000000
1776608201.157404184 0.607058942 0.228804260 0.172143966 0.140041694 0.983694494 0.108776249 -0.030019073 4.408883095 6.893419743 -10.750656128 0.000000000 0.000000000 -10.000000000
1776608201.162426472 0.606890500 0.228231519 0.172039688 0.140195772 0.983662426 0.108813353 -0.030216655 4.346670151 6.931564808 -10.848333359 0.000000000 0.000000000 -10.000000000
1776608201.167422771 0.606890500 0.228231519 0.172039688 0.140195772 0.983662426 0.108813353 -0.030216655 4.284939289 6.965262890 -10.940496445 0.000000000 0.000000000 -10.000000000
1776608201.173509359 0.606712341 0.227657795 0.171949059 0.140322194 0.983638048 0.108821556 -0.030392691 4.223933220 6.994738579 -11.027166367 0.000000000 0.000000000 -10.000000000
1776608201.177424431 0.606334627 0.226497263 0.171818435 0.140512377 0.983609021 0.108756304 -0.030685809 4.163868427 7.020263195 -11.108415604 0.000000000 0.000000000 -10.000000000
1776608201.182412148 0.606334627 0.226497263 0.171818435 0.140512377 0.983609021 0.108756304 -0.030685809 4.104931831 7.042150497 -11.184369087 0.000000000 0.000000000 -10.000000000
1776608201.187888145 0.606098950 0.225909472 0.171750426 0.140592486 0.983601332 0.108677670 -0.030843496 4.047280312 7.060753345 -11.255197525 0.000000000 0.000000000 -10.000000000
1776608201.192880869 0.605833709 0.225325242 0.171666414 0.140682206 0.983594239 0.108577065 -0.031014990 3.991041660 7.076452255 -11.321117401 0.000000000 0.000000000 -10.000000000
1776608201.197893381 0.605525792 0.224755093 0.171582222 0.140758067 0.983588934 0.108469926 -0.031213185 3.936309338 7.089650154 -11.382382393 0.000000000 0.000000000 -10.000000000
1776608201.202435255 0.604755402 0.223559499 0.171418458 0.140917003 0.983587742 0.108128302 -0.031715546 3.883144140 7.100764275 -11.439281464 0.000000000 0.000000000 -10.000000000
1776608201.207672834 0.604755402 0.223559499 0.171418458 0.140917003 0.983587742 0.108128302 -0.031715546 3.831570625 7.110223293 -11.492129326 0.000000000 0.000000000 -10.000000000
1776608201.214005709 0.604320168 0.222936243 0.171354681 0.140973970 0.983596325 0.107895717 -0.031987101 3.781576633 7.118458748 -11.541264534 0.000000000 0.000000000 -10.000000000
1776608201.217432737 0.603264749 0.221629530 0.171260655 0.141006961 0.983639240 0.107258528 -0.032656271 3.733113289 7.125903130 -11.587040901 0.000000000 0.000000000 -10.000000000
1776608201.222395182 0.603264749 0.221629530 0.171260655 0.141006961 0.983639240 0.107258528 -0.032656271 3.686097145 7.132982731 -11.629819870 0.000000000 0.000000000 -10.000000000
1776608201.227542400 0.601910412 0.220276713 0.171144128 0.141004413 0.983701289 0.106399603 -0.033595104 3.640411139 7.140111446 -11.669964790 0.000000000 0.000000000 -10.000000000
1776608201.232449770 0.601910412 0.220276713 0.171144128 0.141004413 0.983701289 0.106399603 -0.033595104 3.595907450 7.147682667 -11.707832336 0.000000000 0.000000000 -10.000000000
1776608201.237422943 0.601130903 0.219601199 0.171060264 0.140937656 0.983747005 0.105889961 -0.034143489 3.552409649 7.156062126 -11.743769646 0.000000000 0.000000000 -10.000000000
1776608201.242405891 0.600324094 0.218927413 0.170988768 0.140829012 0.983802199 0.105339982 -0.034697793 3.509714127 7.165581703 -11.778107643 0.000000000 0.000000000 -10.000000000
1776608201.247872114 0.599527478 0.218249530 0.170922637 0.140718520 0.983860850 0.104764499 -0.035221860 3.467593908 7.176533222 -11.811153412 0.000000000 0.000000000 -10.000000000
1776608201.252470016 0.598741829 0.217559338 0.170863599 0.140619561 0.983920395 0.104167789 -0.035718977 3.425802946 7.189162254 -11.843190193 0.000000000 0.000000000 -10.000000000
1776608201.257431507 0.597966433 0.216875777 0.170822114 0.140518636 0.983981848 0.103560671 -0.036186587 3.384081841 7.203661919 -11.874471664 0.000000000 0.000000000 -10.000000000
1776608201.262422562 0.596362054 0.215523511 0.170709133 0.140304938 0.984113038 0.102263726 -0.037123282 3.342164755 7.220167637 -11.905216217 0.000000000 0.000000000 -10.000000000
1776608201.267424345 0.596362054 0.215523511 0.170709133 0.140304938 0.984113038 0.102263726 -0.037123282 3.299784422 7.238755226 -11.935604095 0.000000000 0.000000000 -10.000000000
1776608201.272462130 0.595548749 0.214858681 0.170617968 0.140197709 0.984181941 0.101580933 -0.037573777 3.256678343 7.259439945 -11.965778351 0.000000000 0.000000000 -10.000000000
1776608201.278224468 0.593933582 0.213580459 0.170421958 0.139945254 0.984327078 0.100202426 -0.038406510 3.212594748 7.282172203 -11.995841980 0.000000000 0.000000000 -10.000000000
1776608201.282661676 0.593129814 0.212975055 0.170323133 0.139786363 0.984404922 0.099513642 -0.038778879 3.167295933 7.306843758 -12.025856972 0.000000000 0.000000000 -10.000000000
1776608201.287852526 0.592335165 0.212395102 0.170229167 0.139603391 0.984486878 0.098826185 -0.039113406 3.120565176 7.333286762 -12.055846214 0.000000000 0.000000000 -10.000000000
1776608201.292444229 0.591523588 0.211837068 0.170122981 0.139403790 0.984570920 0.098138310 -0.039440401 3.072211504 7.361278057 -12.085793495 0.000000000 0.000000000 -10.000000000
1776608201.297399759 0.591523588 0.211837068 0.170122981 0.139403790 0.984570920 0.098138310 -0.039440401 3.022071838 7.390542030 -12.115645409 0.000000000 0.000000000 -10.000000000
1776608201.302539825 0.590746820 0.211303011 0.170009255 0.139197156 0.984655976 0.097467400 -0.039709762 2.970016003 7.420758724 -12.145315170 0.000000000 0.000000000 -10.000000000
1776608201.307462931 0.590041876 0.210788190 0.169920057 0.138988003 0.984742105 0.096824363 -0.039879575 2.915946245 7.451566696 -12.174687386 0.000000000 0.000000000 -10.000000000
1776608201.312790155 0.589342535 0.210318565 0.169835657 0.138763458 0.984828234 0.096207507 -0.040027238 2.859800100 7.482573986 -12.203619957 0.000000000 0.000000000 -10.000000000
1776608201.317716837 0.588663220 0.209887668 0.169775665 0.138516814 0.984917045 0.095609464 -0.040129699 2.801548958 7.513364315 -12.231948853 0.000000000 0.000000000 -10.000000000
1776608201.322423935 0.588012815 0.209486455 0.169734031 0.138258651 0.985007167 0.095031738 -0.040179264 2.741195917 7.543505669 -12.259493828 0.000000000 0.000000000 -10.000000000
1776608201.327643394 0.587370396 0.209110260 0.169700772 0.137994662 0.985097051 0.094471119 -0.040205840 2.678775311 7.572558403 -12.286059380 0.000000000 0.000000000 -10.000000000
1776608201.332476377 0.586041927 0.208408982 0.169609070 0.137432680 0.985279143 0.093350582 -0.040285025 2.614348412 7.600081444 -12.311439514 0.000000000 0.000000000 -10.000000000
1776608201.337458372 0.585361421 0.208102301 0.169549912 0.137129799 0.985371113 0.092801467 -0.040337078 2.547997713 7.625639915 -12.335422516 0.000000000 0.000000000 -10.000000000
1776608201.342512608 0.585361421 0.208102301 0.169549912 0.137129799 0.985371113 0.092801467 -0.040337078 2.479822397 7.648815155 -12.357794762 0.000000000 0.000000000 -10.000000000
1776608201.347442627 0.584653378 0.207815826 0.169489443 0.136812270 0.985464096 0.092249602 -0.040409889 2.409929991 7.669206142 -12.378342628 0.000000000 0.000000000 -10.000000000
1776608201.352458477 0.583205342 0.207276061 0.169390649 0.136135831 0.985654652 0.091134392 -0.040576976 2.338435650 7.686437130 -12.396857262 0.000000000 0.000000000 -10.000000000
1776608201.357493639 0.583205342 0.207276061 0.169390649 0.136135831 0.985654652 0.091134392 -0.040576976 2.265456438 7.700159550 -12.413136482 0.000000000 0.000000000 -10.000000000
1776608201.362551451 0.582498252 0.207020760 0.169364750 0.135783270 0.985751569 0.090584703 -0.040634532 2.191112041 7.710056305 -12.426992416 0.000000000 0.000000000 -10.000000000
1776608201.367452383 0.581805646 0.206787765 0.169347197 0.135409996 0.985851824 0.090036780 -0.040665746 2.115520954 7.715842724 -12.438244820 0.000000000 0.000000000 -10.000000000
1776608201.372451067 0.581096828 0.206594899 0.169325888 0.135017067 0.985953152 0.089499116 -0.040701743 2.038800716 7.717267036 -12.446728706 0.000000000 0.000000000 -10.000000000
1776608201.377745390 0.579586506 0.206219658 0.169225037 0.134188220 0.986162305 0.088369608 -0.040844359 1.961066365 7.714112759 -12.452290535 0.000000000 0.000000000 -10.000000000
1776608201.382728815 0.579586506 0.206219658 0.169225037 0.134188220 0.986162305 0.088369608 -0.040844359 1.882431984 7.706197739 -12.454791069 0.000000000 0.000000000 -10.000000000
1776608201.387412548 0.578818262 0.206055433 0.169170260 0.133752942 0.986269236 0.087801121 -0.040915601 1.803012133 7.693376541 -12.454107285 0.000000000 0.000000000 -10.000000000
1776608201.392485142 0.578059077 0.205910981 0.169117421 0.133304864 0.986377597 0.087239817 -0.040966999 1.722922802 7.675536633 -12.450135231 0.000000000 0.000000000 -10.000000000
1776608201.397435188 0.576585770 0.205653995 0.169033825 0.132388100 0.986598432 0.086127177 -0.040975936 1.642283082 7.652599812 -12.442789078 0.000000000 0.000000000 -10.000000000
1776608201.402433395 0.576585770 0.205653995 0.169033825 0.132388100 0.986598432 0.086127177 -0.040975936 1.561217308 7.624517918 -12.432002068 0.000000000 0.000000000 -10.000000000
1776608201.407698154 0.575909078 0.205562755 0.169014394 0.131958693 0.986705601 0.085592687 -0.040900670 1.479856968 7.591273308 -12.417730331 0.000000000 0.000000000 -10.000000000
1776608201.412896156 0.575292051 0.205487505 0.168991566 0.131573990 0.986807764 0.085072868 -0.040758789 1.398341775 7.552875042 -12.399949074 0.000000000 0.000000000 -10.000000000
1776608201.417425871 0.574221492 0.205415577 0.168964118 0.130967885 0.986992300 0.084087119 -0.040285815 1.316822052 7.509358406 -12.378657341 0.000000000 0.000000000 -10.000000000
1776608201.422876358 0.574221492 0.205415577 0.168964118 0.130967885 0.986992300 0.084087119 -0.040285815 1.235461116 7.460782528 -12.353872299 0.000000000 0.000000000 -10.000000000
1776608201.427485228 0.573252916 0.205436885 0.168908983 0.130676270 0.987135291 0.083143085 -0.039684631 1.154436231 7.407226562 -12.325632095 0.000000000 0.000000000 -10.000000000
1776608201.432834625 0.573252916 0.205436885 0.168908983 0.130676270 0.987135291 0.083143085 -0.039684631 1.073938370 7.348789215 -12.293993950 0.000000000 0.000000000 -10.000000000
1776608201.437475204 0.572862148 0.205497026 0.168889105 0.130611464 0.987196505 0.082709841 -0.039277740 0.994170725 7.285583019 -12.259035110 0.000000000 0.000000000 -10.000000000
1776608201.442863226 0.572293818 0.205736488 0.168864548 0.130586103 0.987305224 0.081951469 -0.038205002 0.915346920 7.217734337 -12.220848083 0.000000000 0.000000000 -10.000000000
1776608201.447857380 0.572293818 0.205736488 0.168864548 0.130586103 0.987305224 0.081951469 -0.038205002 0.837687135 7.145379543 -12.179542542 0.000000000 0.000000000 -10.000000000
1776608201.452473640 0.571870744 0.206101939 0.168826014 0.130586550 0.987409234 0.081274204 -0.036941633 0.761413217 7.068661213 -12.135236740 0.000000000 0.000000000 -10.000000000
1776608201.458241463 0.571870744 0.206101939 0.168826014 0.130586550 0.987409234 0.081274204 -0.036941633 0.686743379 6.987726688 -12.088059425 0.000000000 0.000000000 -10.000000000
1776608201.462474585 0.571665823 0.206580222 0.168846220 0.130529985 0.987520576 0.080690280 -0.035412893 0.613888860 6.902724743 -12.038151741 0.000000000 0.000000000 -10.000000000
1776608201.467530251 0.571618855 0.206846952 0.168884814 0.130457908 0.987582505 0.080413558 -0.034572009 0.543053508 6.813801289 -11.985664368 0.000000000 0.000000000 -10.000000000
1776608201.472924232 0.571618855 0.206846952 0.168884814 0.130457908 0.987582505 0.080413558 -0.034572009 0.474433929 6.721098423 -11.930753708 0.000000000 0.000000000 -10.000000000
1776608201.477847815 0.571548820 0.207121730 0.168917805 0.130362704 0.987646759 0.080128804 -0.033747222 0.408217937 6.624752998 -11.873588562 0.000000000 0.000000000 -10.000000000
1776608201.482797623 0.571378589 0.207666904 0.168980330 0.130067348 0.987790585 0.079501472 -0.032121956 0.344580233 6.524897575 -11.814338684 0.000000000 0.000000000 -10.000000000
1776608201.487535715 0.571378589 0.207666904 0.168980330 0.130067348 0.987790585 0.079501472 -0.032121956 0.283677846 6.421659946 -11.753184319 0.000000000 0.000000000 -10.000000000
1776608201.492890835 0.571279585 0.207945973 0.168995798 0.129867688 0.987869382 0.079165563 -0.031326063 0.225645974 6.315165043 -11.690305710 0.000000000 0.000000000 -10.000000000
1776608201.497926712 0.571030259 0.208508104 0.168986022 0.129388601 0.988037586 0.078437001 -0.029797642 0.170595556 6.205532551 -11.625887871 0.000000000 0.000000000 -10.000000000
1776608201.502573252 0.570865154 0.208793521 0.168969065 0.129120529 0.988124847 0.078046694 -0.029084414 0.118611693 6.092879772 -11.560118675 0.000000000 0.000000000 -10.000000000
1776608201.507508755 0.570865154 0.208793521 0.168969065 0.129120529 0.988124847 0.078046694 -0.029084414 0.069753684 5.977324963 -11.493184090 0.000000000 0.000000000 -10.000000000
1776608201.512447834 0.570706069 0.209076375 0.168976218 0.128828481 0.988216102 0.077639654 -0.028359501 0.024055978 5.858986855 -11.425271988 0.000000000 0.000000000 -10.000000000
1776608201.517404318 0.570543647 0.209377408 0.168977797 0.128537104 0.988306046 0.077232093 -0.027649941 -0.018469824 5.737986565 -11.356572151 0.000000000 0.000000000 -10.000000000
1776608201.522514105 0.570393980 0.209692895 0.168987870 0.128236100 0.988396764 0.076825708 -0.026927879 -0.057832237 5.614447594 -11.287271500 0.000000000 0.000000000 -10.000000000
1776608201.527452946 0.570246398 0.210009128 0.168994457 0.127934217 0.988487959 0.076403059 -0.026209272 -0.094056442 5.488495350 -11.217559814 0.000000000 0.000000000 -10.000000000
1776608201.532457113 0.570093989 0.210338920 0.168987215 0.127637312 0.988577783 0.075977057 -0.025498427 -0.127181113 5.360256195 -11.147621155 0.000000000 0.000000000 -10.000000000
1776608201.537764072 0.569745064 0.211008161 0.168958157 0.127076522 0.988752186 0.075084232 -0.024145395 -0.157257274 5.229861736 -11.077640533 0.000000000 0.000000000 -10.000000000
1776608201.542704821 0.569597602 0.211360961 0.168946862 0.126817361 0.988835573 0.074643828 -0.023450240 -0.184348822 5.097446918 -11.007795334 0.000000000 0.000000000 -10.000000000
1776608201.547821522 0.569597602 0.211360961 0.168946862 0.126817361 0.988835573 0.074643828 -0.023450240 -0.208533183 4.963152885 -10.938255310 0.000000000 0.000000000 -10.000000000
1776608201.552539110 0.569454253 0.211713180 0.168933451 0.126580432 0.988915801 0.074194483 -0.022761839 -0.229901105 4.827126503 -10.869184494 0.000000000 0.000000000 -10.000000000
1776608201.557853937 0.569322348 0.212066591 0.168928862 0.126355857 0.988994181 0.073741972 -0.022063365 -0.248554915 4.689517498 -10.800735474 0.000000000 0.000000000 -10.000000000
1776608201.562492371 0.569098771 0.212793097 0.168952495 0.125944823 0.989144385 0.072836772 -0.020642102 -0.264605492 4.550477982 -10.733050346 0.000000000 0.000000000 -10.000000000
1776608201.568006516 0.569098771 0.212793097 0.168952495 0.125944823 0.989144385 0.072836772 -0.020642102 -0.278168648 4.410161495 -10.666264534 0.000000000 0.000000000 -10.000000000
1776608201.573013544 0.569012284 0.213168025 0.168977588 0.125745207 0.989217877 0.072384670 -0.019914323 -0.289361238 4.268721581 -10.600504875 0.000000000 0.000000000 -10.000000000
1776608201.577826500 0.568883538 0.213931903 0.169030309 0.125355452 0.989361763 0.071478844 -0.018443098 -0.298297912 4.126314163 -10.535888672 0.000000000 0.000000000 -10.000000000
1776608201.582676172 0.568883538 0.213931903 0.169030309 0.125355452 0.989361763 0.071478844 -0.018443098 -0.305088371 3.983098030 -10.472525597 0.000000000 0.000000000 -10.000000000
1776608201.587535858 0.568828404 0.214323550 0.169051856 0.125151664 0.989433646 0.071024150 -0.017711043 -0.309835225 3.839233875 -10.410518646 0.000000000 0.000000000 -10.000000000
1776608201.592797518 0.568816006 0.214729890 0.169082612 0.124938719 0.989505649 0.070582576 -0.016939133 -0.312632322 3.694885731 -10.349960327 0.000000000 0.000000000 -10.000000000
1776608201.597918510 0.568803549 0.215591386 0.169177711 0.124483854 0.989649832 0.069711879 -0.015401991 -0.313564420 3.550222397 -10.290939331 0.000000000 0.000000000 -10.000000000
1776608201.602818727 0.568801582 0.216028720 0.169219792 0.124237828 0.989723444 0.069268741 -0.014637956 -0.312707692 3.405416489 -10.233531952 0.000000000 0.000000000 -10.000000000
1776608201.607456207 0.568806291 0.216472313 0.169262230 0.123994000 0.989795506 0.068830468 -0.013881331 -0.310130715 3.260645151 -10.177805901 0.000000000 0.000000000 -10.000000000
1776608201.612860441 0.568806291 0.216472313 0.169262230 0.123994000 0.989795506 0.068830468 -0.013881331 -0.305895239 3.116089582 -10.123819351 0.000000000 0.000000000 -10.000000000
1776608201.617472887 0.568885446 0.217366725 0.169355184 0.123543352 0.989931285 0.067979626 -0.012324424 -0.300056875 2.971933365 -10.071621895 0.000000000 0.000000000 -10.000000000
1776608201.622858286 0.568885446 0.217366725 0.169355184 0.123543352 0.989931285 0.067979626 -0.012324424 -0.292665333 2.828363419 -10.021246910 0.000000000 0.000000000 -10.000000000
1776608201.627560616 0.568961084 0.218268812 0.169422746 0.123113327 0.990060687 0.067127094 -0.010812781 -0.283765227 2.685566902 -9.972719193 0.000000000 0.000000000 -10.000000000
1776608201.632662296 0.569009244 0.218725711 0.169456482 0.122903422 0.990123272 0.066704527 -0.010058113 -0.273397386 2.543730021 -9.926052094 0.000000000 0.000000000 -10.000000000
1776608201.638081551 0.569009244 0.218725711 0.169456482 0.122903422 0.990123272 0.066704527 -0.010058113 -0.261599302 2.403035402 -9.881244659 0.000000000 0.000000000 -10.000000000
1776608201.642387152 0.569238782 0.219734073 0.169590503 0.122538052 0.990231216 0.065995179 -0.008436470 -0.248404920 2.263658047 -9.838286400 0.000000000 0.000000000 -10.000000000
1776608201.647415161 0.569238782 0.219734073 0.169590503 0.122538052 0.990231216 0.065995179 -0.008436470 -0.233844832 2.125761032 -9.797154427 0.000000000 0.000000000 -10.000000000
1776608201.654573202 0.569367349 0.220842242 0.169674903 0.122275099 0.990314722 0.065396436 -0.006986313 -0.217946917 1.989493489 -9.757812500 0.000000000 0.000000000 -10.000000000
1776608201.657507181 0.569455266 0.221452177 0.169719905 0.122172602 0.990347624 0.065162495 -0.006264055 -0.200737983 1.854989052 -9.720212936 0.000000000 0.000000000 -10.000000000
1776608201.662419796 0.569536150 0.222103566 0.169782311 0.122078985 0.990375757 0.064974122 -0.005563134 -0.182246417 1.722368836 -9.684298515 0.000000000 0.000000000 -10.000000000
1776608201.668313503 0.569536150 0.222103566 0.169782311 0.122078985 0.990375757 0.064974122 -0.005563134 -0.162505642 1.591742516 -9.650006294 0.000000000 0.000000000 -10.000000000
1776608201.672499180 0.569599509 0.222782999 0.169848949 0.121996976 0.990399897 0.064813450 -0.004899407 -0.141558439 1.463209629 -9.617268562 0.000000000 0.000000000 -10.000000000
1776608201.677725554 0.569641769 0.224190384 0.169973999 0.121910587 0.990431368 0.064572342 -0.003737205 -0.119461916 1.336859941 -9.586012840 0.000000000 0.000000000 -10.000000000
1776608201.682576656 0.569556832 0.224929601 0.170021772 0.121905953 0.990438282 0.064497277 -0.003316087 -0.096292526 1.212775230 -9.556162834 0.000000000 0.000000000 -10.000000000
1776608201.687448263 0.569556832 0.224929601 0.170021772 0.121905953 0.990438282 0.064497277 -0.003316087 -0.072149821 1.091030717 -9.527640343 0.000000000 0.000000000 -10.000000000
1776608201.692846060 0.569506705 0.225695431 0.170096368 0.121917702 0.990440011 0.064469583 -0.002884096 -0.047159299 0.971696436 -9.500364304 0.000000000 0.000000000 -10.000000000
1776608201.697581768 0.569241762 0.227293968 0.170230478 0.121955387 0.990436614 0.064474806 -0.002277043 -0.021475824 0.854838669 -9.474260330 0.000000000 0.000000000 -10.000000000
1776608201.702768326 0.568993390 0.228108227 0.170272708 0.121961147 0.990435839 0.064480603 -0.002134574 0.004712733 0.740522027 -9.449253082 0.000000000 0.000000000 -10.000000000
1776608201.707416058 0.568734229 0.228958607 0.170337468 0.121960796 0.990432858 0.064530283 -0.002031083 0.031183377 0.628811598 -9.425272942 0.000000000 0.000000000 -10.000000000
1776608201.712774754 0.568734229 0.228958607 0.170337468 0.121960796 0.990432858 0.064530283 -0.002031083 0.057677798 0.519776285 -9.402253151 0.000000000 0.000000000 -10.000000000
1776608201.717395544 0.568440437 0.229810715 0.170405686 0.121946789 0.990431368 0.064581551 -0.001986478 0.083903536 0.413492739 -9.380134583 0.000000000 0.000000000 -10.000000000
1776608201.722841740 0.568053544 0.230641246 0.170450002 0.121910058 0.990435481 0.064585328 -0.002060769 0.109536797 0.310047865 -9.358864784 0.000000000 0.000000000 -10.000000000
1776608201.727542639 0.567237258 0.232315972 0.170544744 0.121739842 0.990456700 0.064573377 -0.002284157 0.134227872 0.209540188 -9.338401794 0.000000000 0.000000000 -10.000000000
1776608201.732356310 0.566809297 0.233138949 0.170584768 0.121627912 0.990472019 0.064544059 -0.002431917 0.157609001 0.112078823 -9.318712234 0.000000000 0.000000000 -10.000000000
1776608201.737412453 0.566809297 0.233138949 0.170584768 0.121627912 0.990472019 0.064544059 -0.002431917 0.179303452 0.017780626 -9.299772263 0.000000000 0.000000000 -10.000000000
1776608201.742362022 0.566360295 0.233948275 0.170613408 0.121507674 0.990489185 0.064500093 -0.002615714 0.198934838 -0.073233642 -9.281574249 0.000000000 0.000000000 -10.000000000
1776608201.747436762 0.565925658 0.234753937 0.170643896 0.121391267 0.990505457 0.064461209 -0.002796401 0.216135994 -0.160843506 -9.264121056 0.000000000 0.000000000 -10.000000000
1776608201.752396822 0.565511167 0.235550269 0.170674086 0.121281281 0.990520954 0.064422846 -0.002965303 0.230557010 -0.244932622 -9.247432709 0.000000000 0.000000000 -10.000000000
1776608201.757555246 0.565087676 0.236331850 0.170692533 0.121172421 0.990537107 0.064369977 -0.003151808 0.241871625 -0.325392157 -9.231545448 0.000000000 0.000000000 -10.000000000
1776608201.762523651 0.564672410 0.237109646 0.170705408 0.121066339 0.990553260 0.064312674 -0.003332814 0.249782488 -0.402123481 -9.216511726 0.000000000 0.000000000 -10.000000000
1776608201.767440796 0.564278901 0.237883031 0.170717657 0.120967232 0.990568399 0.064257279 -0.003491856 0.254025757 -0.475040227 -9.202407837 0.000000000 0.000000000 -10.000000000
1776608201.772442102 0.563922286 0.238643661 0.170733780 0.120870307 0.990583479 0.064200915 -0.003606825 0.254375726 -0.544070482 -9.189329147 0.000000000 0.000000000 -10.000000000
1776608201.777446270 0.563610435 0.239395902 0.170762897 0.120767377 0.990599513 0.064143337 -0.003670631 0.250649780 -0.609158576 -9.177396774 0.000000000 0.000000000 -10.000000000
1776608201.782652617 0.563310921 0.240119189 0.170787275 0.120661825 0.990617931 0.064055160 -0.003715807 0.242713302 -0.670267344 -9.166752815 0.000000000 0.000000000 -10.000000000
1776608201.787560940 0.563034892 0.240824312 0.170817822 0.120535217 0.990640342 0.063946120 -0.003726978 0.230484009 -0.727379680 -9.157557487 0.000000000 0.000000000 -10.000000000
1776608201.792776585 0.562825203 0.241517380 0.170865029 0.120392412 0.990665674 0.063826069 -0.003660755 0.213934630 -0.780500412 -9.149991989 0.000000000 0.000000000 -10.000000000
1776608201.797780514 0.562491596 0.242852390 0.170980126 0.120065987 0.990725696 0.063522607 -0.003413311 0.193093494 -0.829658806 -9.144253731 0.000000000 0.000000000 -10.000000000
1776608201.802449226 0.562491596 0.242852390 0.170980126 0.120065987 0.990725696 0.063522607 -0.003413311 0.168043137 -0.874910533 -9.140549660 0.000000000 0.000000000 -10.000000000
1776608201.807478905 0.562354505 0.243468374 0.171037376 0.119888924 0.990760684 0.063319810 -0.003249330 0.138918146 -0.916339099 -9.139098167 0.000000000 0.000000000 -10.000000000
1776608201.812401295 0.562191069 0.244601682 0.171168178 0.119512677 0.990839183 0.062823087 -0.002781330 0.105902404 -0.954055250 -9.140120506 0.000000000 0.000000000 -10.000000000
1776608201.817388058 0.562191069 0.244601682 0.171168178 0.119512677 0.990839183 0.062823087 -0.002781330 0.069225468 -0.988194227 -9.143843651 0.000000000 0.000000000 -10.000000000
1776608201.822844505 0.562130213 0.245111585 0.171232969 0.119302504 0.990885198 0.062506780 -0.002510505 0.029158048 -1.018912673 -9.150486946 0.000000000 0.000000000 -10.000000000
1776608201.827983379 0.562070906 0.246035457 0.171368480 0.118823826 0.990991712 0.061747685 -0.001872251 -0.013993156 -1.046385407 -9.160266876 0.000000000 0.000000000 -10.000000000
1776608201.832744837 0.562050223 0.246451214 0.171434343 0.118562616 0.991051137 0.061304402 -0.001530609 -0.059891105 -1.070802689 -9.173389435 0.000000000 0.000000000 -10.000000000
1776608201.837757111 0.562038243 0.246827826 0.171499938 0.118288875 0.991114616 0.060812261 -0.001173047 -0.108174138 -1.092367649 -9.190044403 0.000000000 0.000000000 -10.000000000
1776608201.842406273 0.562011421 0.247180223 0.171559304 0.118005417 0.991181076 0.060283322 -0.000825753 -0.158461809 -1.111293912 -9.210401535 0.000000000 0.000000000 -10.000000000
1776608201.847831249 0.562011421 0.247180223 0.171559304 0.118005417 0.991181076 0.060283322 -0.000825753 -0.210360885 -1.127802134 -9.234612465 0.000000000 0.000000000 -10.000000000
1776608201.852714777 0.561930835 0.247829691 0.171657294 0.117402233 0.991322458 0.059131283 -0.000133179 -0.263471395 -1.142118335 -9.262799263 0.000000000 0.000000000 -10.000000000
1776608201.857857943 0.561930835 0.247829691 0.171657294 0.117402233 0.991322458 0.059131283 -0.000133179 -0.317392230 -1.154471874 -9.295058250 0.000000000 0.000000000 -10.000000000
1776608201.862791300 0.561882019 0.248140976 0.171695381 0.117095575 0.991394699 0.058524892 0.000216399 -0.371726334 -1.165093780 -9.331455231 0.000000000 0.000000000 -10.000000000
1776608201.867785931 0.561822832 0.248448640 0.171726465 0.116802089 0.991465211 0.057911348 0.000559423 -0.426085591 -1.174216747 -9.372024536 0.000000000 0.000000000 -10.000000000
1776608201.872409582 0.561762214 0.248746276 0.171753377 0.116512991 0.991535306 0.057285171 0.000907162 -0.480095357 -1.182074904 -9.416768074 0.000000000 0.000000000 -10.000000000
1776608201.877657413 0.561667562 0.249312744 0.171816975 0.116024308 0.991663039 0.056037255 0.001614754 -0.533398747 -1.188904524 -9.465652466 0.000000000 0.000000000 -10.000000000
1776608201.882464409 0.561623514 0.249599963 0.171852767 0.115819372 0.991720498 0.055430129 0.001963642 -0.585660279 -1.194943547 -9.518615723 0.000000000 0.000000000 -10.000000000
1776608201.887823582 0.561623514 0.249599963 0.171852767 0.115819372 0.991720498 0.055430129 0.001963642 -0.636568725 -1.200432301 -9.575559616 0.000000000 0.000000000 -10.000000000
1776608201.893018723 0.561553299 0.250198543 0.171937495 0.115484737 0.991822064 0.054269984 0.002661583 -0.685839295 -1.205612540 -9.636357307 0.000000000 0.000000000 -10.000000000
1776608201.897913933 0.561526239 0.250512987 0.171989530 0.115340397 0.991867900 0.053717665 0.003009715 -0.733215570 -1.210728168 -9.700849533 0.000000000 0.000000000 -10.000000000
1776608201.902431011 0.561503649 0.250837952 0.172048390 0.115212679 0.991910100 0.053189494 0.003353781 -0.778471291 -1.216023922 -9.768849373 0.000000000 0.000000000 -10.000000000
1776608201.907541752 0.561490178 0.251165390 0.172114581 0.115095012 0.991949737 0.052679721 0.003699651 -0.821410298 -1.221744537 -9.840140343 0.000000000 0.000000000 -10.000000000
1776608201.912529707 0.561476111 0.251507372 0.172186732 0.114988871 0.991986275 0.052196790 0.004035006 -0.861865282 -1.228133321 -9.914479256 0.000000000 0.000000000 -10.000000000
1776608201.917409420 0.561476111 0.251507372 0.172186732 0.114988871 0.991986275 0.052196790 0.004035006 -0.899696112 -1.235430598 -9.991596222 0.000000000 0.000000000 -10.000000000
1776608201.922542810 0.561471164 0.251869708 0.172268301 0.114884108 0.992020547 0.051746886 0.004372972 -0.934787393 -1.243871331 -10.071197510 0.000000000 0.000000000 -10.000000000
1776608201.927774191 0.561463952 0.252679646 0.172461480 0.114695057 0.992079258 0.050976541 0.005021942 -0.967047036 -1.253684759 -10.152963638 0.000000000 0.000000000 -10.000000000
1776608201.932395220 0.561469495 0.253136814 0.172579736 0.114617713 0.992102087 0.050673064 0.005335168 -0.996404767 -1.265092850 -10.236556053 0.000000000 0.000000000 -10.000000000
1776608201.937840700 0.561478853 0.253605425 0.172704905 0.114572220 0.992119074 0.050410718 0.005632692 -1.022810698 -1.278308511 -10.321607590 0.000000000 0.000000000 -10.000000000
1776608201.942384243 0.561478853 0.253605425 0.172704905 0.114572220 0.992119074 0.050410718 0.005632692 -1.046233654 -1.293532610 -10.407732010 0.000000000 0.000000000 -10.000000000
1776608201.947515965 0.561502457 0.254097193 0.172844142 0.114533231 0.992132902 0.050192166 0.005930843 -1.066659331 -1.310950160 -10.494516373 0.000000000 0.000000000 -10.000000000
1776608201.952622652 0.561540663 0.254604369 0.172998071 0.114518359 0.992141485 0.050020166 0.006224511 -1.084086895 -1.330725551 -10.581523895 0.000000000 0.000000000 -10.000000000
1776608201.957413435 0.561601222 0.255692154 0.173322767 0.114540137 0.992145419 0.049825639 0.006742734 -1.098527551 -1.352999330 -10.668293953 0.000000000 0.000000000 -10.000000000
1776608201.962455988 0.561644852 0.256262988 0.173497558 0.114586264 0.992139518 0.049803387 0.006984466 -1.110003471 -1.377884388 -10.754342079 0.000000000 0.000000000 -10.000000000
1776608201.967491150 0.561691940 0.256846577 0.173647106 0.114647239 0.992130578 0.049811658 0.007195017 -1.118546367 -1.405462980 -10.839159012 0.000000000 0.000000000 -10.000000000
1776608201.972432137 0.561744094 0.257460952 0.173777938 0.114717714 0.992118180 0.049870580 0.007371855 -1.124196529 -1.435784340 -10.922219276 0.000000000 0.000000000 -10.000000000
1776608201.977471352 0.561744094 0.257460952 0.173777938 0.114717714 0.992118180 0.049870580 0.007371855 -1.127000570 -1.468861818 -11.002976418 0.000000000 0.000000000 -10.000000000
1776608201.982395411 0.561815083 0.258114219 0.173912734 0.114795677 0.992101908 0.049990103 0.007534647 -1.127008677 -1.504670978 -11.080872536 0.000000000 0.000000000 -10.000000000
1776608201.987817764 0.561902463 0.258762896 0.174052805 0.114887357 0.992082834 0.050134979 0.007683565 -1.124271750 -1.543148279 -11.155343056 0.000000000 0.000000000 -10.000000000
1776608201.992773533 0.562152147 0.260109246 0.174344242 0.115077764 0.992037177 0.050554726 0.007970861 -1.118839383 -1.584189057 -11.225821495 0.000000000 0.000000000 -10.000000000
1776608201.997615576 0.562316597 0.260816693 0.174492359 0.115182482 0.992009461 0.050838597 0.008102299 -1.110759735 -1.627647281 -11.291744232 0.000000000 0.000000000 -10.000000000
1776608202.002749681 0.562316597 0.260816693 0.174492359 0.115182482 0.992009461 0.050838597 0.008102299 -1.100080490 -1.673336387 -11.352560997 0.000000000 0.000000000 -10.000000000
1776608202.007815361 0.562666595 0.262251109 0.174735516 0.115403563 0.991948783 0.051487144 0.008286830 -1.086849093 -1.721031666 -11.407733917 0.000000000 0.000000000 -10.000000000
1776608202.012468338 0.562666595 0.262251109 0.174735516 0.115403563 0.991948783 0.051487144 0.008286830 -1.071112037 -1.770474315 -11.456749916 0.000000000 0.000000000 -10.000000000
1776608202.017781734 0.562856495 0.262956023 0.174830765 0.115510352 0.991918206 0.051825047 0.008352183 -1.052913547 -1.821376204 -11.499124527 0.000000000 0.000000000 -10.000000000
1776608202.022484541 0.563321114 0.264384329 0.175054729 0.115749456 0.991847217 0.052621737 0.008490726 -1.032294035 -1.873425007 -11.534412384 0.000000000 0.000000000 -10.000000000
1776608202.027665138 0.563579619 0.265107781 0.175166905 0.115865506 0.991809785 0.053061470 0.008545628 -1.009289026 -1.926288247 -11.562215805 0.000000000 0.000000000 -10.000000000
1776608202.032392740 0.563844860 0.265803665 0.175256073 0.116009608 0.991769373 0.053494889 0.008575444 -0.983928502 -1.979617953 -11.582188606 0.000000000 0.000000000 -10.000000000
1776608202.037383080 0.564140201 0.266464949 0.175333530 0.116161771 0.991728187 0.053922020 0.008606915 -0.956236422 -2.033054829 -11.594048500 0.000000000 0.000000000 -10.000000000
1776608202.042371511 0.564140201 0.266464949 0.175333530 0.116161771 0.991728187 0.053922020 0.008606915 -0.926232040 -2.086232662 -11.597579002 0.000000000 0.000000000 -10.000000000
1776608202.047490120 0.564419806 0.267083555 0.175391167 0.116297513 0.991690576 0.054322150 0.008589586 -0.893931925 -2.138782263 -11.592639923 0.000000000 0.000000000 -10.000000000
1776608202.052428007 0.564994097 0.268240690 0.175499082 0.116510630 0.991624594 0.055083685 0.008472526 -0.859352171 -2.190334558 -11.579171181 0.000000000 0.000000000 -10.000000000
1776608202.057383537 0.564994097 0.268240690 0.175499082 0.116510630 0.991624594 0.055083685 0.008472526 -0.822509885 -2.240525484 -11.557196617 0.000000000 0.000000000 -10.000000000
1776608202.062392950 0.565282166 0.268747687 0.175538749 0.116633765 0.991592109 0.055422883 0.008363736 -0.783425033 -2.289000034 -11.526828766 0.000000000 0.000000000 -10.000000000
1776608202.067400932 0.565798283 0.269577235 0.175605714 0.116917178 0.991531789 0.055959668 0.007974732 -0.742121339 -2.335415840 -11.488267899 0.000000000 0.000000000 -10.000000000
1776608202.072391748 0.566031337 0.269933552 0.175630063 0.117058665 0.991504729 0.056181263 0.007702379 -0.698628783 -2.379447937 -11.441801071 0.000000000 0.000000000 -10.000000000
1776608202.077399969 0.566279471 0.270268172 0.175661057 0.117197990 0.991478503 0.056391213 0.007415839 -0.652984440 -2.420792341 -11.387803078 0.000000000 0.000000000 -10.000000000
1776608202.082427979 0.566279471 0.270268172 0.175661057 0.117197990 0.991478503 0.056391213 0.007415839 -0.605232716 -2.459172010 -11.326727867 0.000000000 0.000000000 -10.000000000
1776608202.087366104 0.566822171 0.270865083 0.175768912 0.117491066 0.991426349 0.056770764 0.006838007 -0.555423677 -2.494342327 -11.259107590 0.000000000 0.000000000 -10.000000000
1776608202.092406273 0.567110777 0.271155298 0.175854176 0.117658146 0.991397262 0.056967173 0.006544480 -0.503609836 -2.526096344 -11.185544014 0.000000000 0.000000000 -10.000000000
1776608202.097432137 0.567423344 0.271436661 0.175939232 0.117850691 0.991364241 0.057175256 0.006258601 -0.449842215 -2.554269552 -11.106696129 0.000000000 0.000000000 -10.000000000
1776608202.102382898 0.567423344 0.271436661 0.175939232 0.117850691 0.991364241 0.057175256 0.006258601 -0.394166589 -2.578743696 -11.023277283 0.000000000 0.000000000 -10.000000000
1776608202.107386351 0.568053842 0.271880090 0.176035672 0.118342593 0.991287470 0.057555318 0.005616266 -0.336620599 -2.599451780 -10.936036110 0.000000000 0.000000000 -10.000000000
1776608202.112446785 0.568053842 0.271880090 0.176035672 0.118342593 0.991287470 0.057555318 0.005616266 -0.277231932 -2.616377592 -10.845754623 0.000000000 0.000000000 -10.000000000
1776608202.118200541 0.568812907 0.272327662 0.176145703 0.118923768 0.991193056 0.058034398 0.005045090 -0.216017291 -2.629557133 -10.753232002 0.000000000 0.000000000 -10.000000000
1776608202.122385025 0.569239259 0.272563338 0.176212430 0.119244158 0.991138935 0.058322199 0.004790958 -0.152981550 -2.639074087 -10.659276962 0.000000000 0.000000000 -10.000000000
1776608202.127441645 0.569239259 0.272563338 0.176212430 0.119244158 0.991138935 0.058322199 0.004790958 -0.088117324 -2.645056486 -10.564699173 0.000000000 0.000000000 -10.000000000
1776608202.132424355 0.569692016 0.272803485 0.176296055 0.119592577 0.991079152 0.058643658 0.004548218 -0.021405298 -2.647670507 -10.470298767 0.000000000 0.000000000 -10.000000000
1776608202.137436152 0.570209563 0.273067474 0.176399469 0.119963773 0.991012990 0.059017118 0.004355860 0.047184587 -2.647113800 -10.376858711 0.000000000 0.000000000 -10.000000000
1776608202.143137932 0.570765197 0.273346305 0.176499933 0.120345823 0.990943193 0.059421577 0.004193936 0.117690645 -2.643610477 -10.285131454 0.000000000 0.000000000 -10.000000000
1776608202.147859812 0.571869493 0.273908496 0.176666617 0.121159121 0.990794063 0.060273934 0.003826913 0.190155953 -2.637403488 -10.195833206 0.000000000 0.000000000 -10.000000000
1776608202.152709961 0.572413445 0.274149269 0.176729321 0.121595077 0.990715861 0.060692471 0.003617724 0.264624178 -2.628751755 -10.109636307 0.000000000 0.000000000 -10.000000000
1776608202.157403469 0.572971880 0.274376869 0.176791370 0.122053333 0.990633845 0.061122105 0.003410531 0.341135740 -2.617922068 -10.027163506 0.000000000 0.000000000 -10.000000000
1776608202.162539005 0.572971880 0.274376869 0.176791370 0.122053333 0.990633845 0.061122105 0.003410531 0.419724107 -2.605185270 -9.948983192 0.000000000 0.000000000 -10.000000000
1776608202.167402983 0.573539555 0.274605155 0.176853925 0.122526206 0.990548611 0.061567314 0.003202648 0.500411391 -2.590806723 -9.875608444 0.000000000 0.000000000 -10.000000000
1776608202.172427177 0.574641466 0.274968207 0.176948607 0.123522140 0.990373433 0.062413268 0.002717663 0.583203435 -2.575042248 -9.807488441 0.000000000 0.000000000 -10.000000000
1776608202.177781820 0.575188637 0.275140077 0.177013785 0.124028705 0.990283608 0.062842958 0.002457301 0.668084025 -2.558130264 -9.745009422 0.000000000 0.000000000 -10.000000000
1776608202.182837725 0.575742424 0.275318414 0.177088618 0.124520794 0.990195036 0.063273549 0.002202868 0.755010307 -2.540287495 -9.688495636 0.000000000 0.000000000 -10.000000000
1776608202.187773705 0.576277435 0.275488138 0.177163869 0.125008896 0.990107000 0.063696250 0.001923408 0.843910456 -2.521706343 -9.638207436 0.000000000 0.000000000 -10.000000000
1776608202.192791224 0.576752961 0.275641650 0.177221239 0.125494033 0.990020752 0.064091422 0.001573410 0.934683561 -2.502552271 -9.594340324 0.000000000 0.000000000 -10.000000000
1776608202.197965145 0.576752961 0.275641650 0.177221239 0.125494033 0.990020752 0.064091422 0.001573410 1.027200818 -2.482962370 -9.557033539 0.000000000 0.000000000 -10.000000000
1776608202.202735186 0.577158630 0.275749564 0.177257210 0.125975907 0.989937901 0.064433418 0.001146518 1.121307135 -2.463042974 -9.526368141 0.000000000 0.000000000 -10.000000000
1776608202.207715511 0.577930808 0.275853246 0.177318901 0.126971141 0.989770591 0.065057144 0.000202251 1.216823339 -2.442869663 -9.502372742 0.000000000 0.000000000 -10.000000000
1776608202.212644100 0.578295171 0.275861233 0.177344531 0.127423629 0.989693999 0.065337352 -0.000307433 1.313548446 -2.422488689 -9.485028267 0.000000000 0.000000000 -10.000000000
1776608202.217783451 0.578629136 0.275840044 0.177344203 0.127824068 0.989624918 0.065595470 -0.000853320 1.411264658 -2.401918173 -9.474270821 0.000000000 0.000000000 -10.000000000
1776608202.222386360 0.578629136 0.275840044 0.177344203 0.127824068 0.989624918 0.065595470 -0.000853320 1.509740949 -2.381151676 -9.469994545 0.000000000 0.000000000 -10.000000000
1776608202.227916002 0.578938127 0.275815994 0.177348465 0.128148630 0.989566207 0.065837659 -0.001425529 1.608738065 -2.360159397 -9.472055435 0.000000000 0.000000000 -10.000000000
1776608202.232871294 0.579533339 0.275737375 0.177386999 0.128671214 0.989464521 0.066309333 -0.002592725 1.708012104 -2.338890553 -9.480272293 0.000000000 0.000000000 -10.000000000
1776608202.237710953 0.579798520 0.275696337 0.177406102 0.128836229 0.989425123 0.066549875 -0.003208813 1.807318807 -2.317274332 -9.494430542 0.000000000 0.000000000 -10.000000000
1776608202.242823839 0.579798520 0.275696337 0.177406102 0.128836229 0.989425123 0.066549875 -0.003208813 1.906418085 -2.295223713 -9.514282227 0.000000000 0.000000000 -10.000000000
1776608202.247542143 0.580031931 0.275626093 0.177405477 0.128972307 0.989389420 0.066781655 -0.003868149 2.005077839 -2.272636175 -9.539546967 0.000000000 0.000000000 -10.000000000
1776608202.252786875 0.580464959 0.275459021 0.177385092 0.129205436 0.989320457 0.067257807 -0.005229515 2.103077650 -2.249398708 -9.569915771 0.000000000 0.000000000 -10.000000000
1776608202.257474899 0.580464959 0.275459021 0.177385092 0.129205436 0.989320457 0.067257807 -0.005229515 2.200210810 -2.225388288 -9.605052948 0.000000000 0.000000000 -10.000000000
1776608202.262864590 0.580948532 0.275269628 0.177381039 0.129503608 0.989236236 0.067804255 -0.006558478 2.296288252 -2.200476885 -9.644596100 0.000000000 0.000000000 -10.000000000
1776608202.267456532 0.581198573 0.275159836 0.177387208 0.129697978 0.989185810 0.068099931 -0.007227502 2.391141176 -2.174532175 -9.688160896 0.000000000 0.000000000 -10.000000000
1776608202.272958040 0.581198573 0.275159836 0.177387208 0.129697978 0.989185810 0.068099931 -0.007227502 2.484623671 -2.147421122 -9.735343933 0.000000000 0.000000000 -10.000000000
1776608202.277806520 0.581501901 0.275075674 0.177438974 0.129918307 0.989127398 0.068460390 -0.007837790 2.576614380 -2.119011641 -9.785719872 0.000000000 0.000000000 -10.000000000
1776608202.282801867 0.582210898 0.274952531 0.177602559 0.130481064 0.988984823 0.069307528 -0.008955481 2.667016983 -2.089178324 -9.838847160 0.000000000 0.000000000 -10.000000000
1776608202.287386179 0.582573056 0.274907947 0.177668810 0.130809799 0.988903463 0.069773667 -0.009506105 2.755760670 -2.057805777 -9.894263268 0.000000000 0.000000000 -10.000000000
1776608202.292426109 0.582922041 0.274854809 0.177695781 0.131171897 0.988816798 0.070240736 -0.010074572 2.842800617 -2.024793148 -9.951486588 0.000000000 0.000000000 -10.000000000
1776608202.297491312 0.582922041 0.274854809 0.177695781 0.131171897 0.988816798 0.070240736 -0.010074572 2.928116798 -1.990057468 -10.010025024 0.000000000 0.000000000 -10.000000000
1776608202.302542686 0.583750486 0.274748653 0.177753568 0.131995514 0.988623381 0.071263038 -0.011073498 3.011710167 -1.953534722 -10.069370270 0.000000000 0.000000000 -10.000000000
1776608202.307412863 0.583750486 0.274748653 0.177753568 0.131995514 0.988623381 0.071263038 -0.011073498 3.093604088 -1.915182948 -10.129010201 0.000000000 0.000000000 -10.000000000
1776608202.312430620 0.584952176 0.274649620 0.177890658 0.132941023 0.988402307 0.072473519 -0.011625708 3.173847914 -1.874986410 -10.188424110 0.000000000 0.000000000 -10.000000000
1776608202.317412615 0.585616887 0.274567217 0.177940190 0.133441135 0.988287568 0.073085129 -0.011818091 3.252518415 -1.832956672 -10.247090340 0.000000000 0.000000000 -10.000000000
1776608202.322451353 0.586386561 0.274501115 0.178010553 0.133921146 0.988173187 0.073741183 -0.011878621 3.329717875 -1.789132476 -10.304487228 0.000000000 0.000000000 -10.000000000
1776608202.327455521 0.586386561 0.274501115 0.178010553 0.133921146 0.988173187 0.073741183 -0.011878621 3.405571938 -1.743577242 -10.360095024 0.000000000 0.000000000 -10.000000000
1776608202.332542658 0.587303638 0.274424016 0.178089231 0.134387121 0.988060951 0.074414097 -0.011755323 3.480227470 -1.696377039 -10.413400650 0.000000000 0.000000000 -10.000000000
1776608202.337448597 0.589300394 0.274221927 0.178233266 0.135246098 0.987849355 0.075734511 -0.011244430 3.553851604 -1.647638083 -10.463900566 0.000000000 0.000000000 -10.000000000
1776608202.342424631 0.590339601 0.274059683 0.178269744 0.135632753 0.987754405 0.076329552 -0.010897741 3.626629353 -1.597481608 -10.511101723 0.000000000 0.000000000 -10.000000000
1776608202.347447395 0.591460347 0.273868829 0.178303361 0.135975257 0.987668216 0.076898500 -0.010433476 3.698759317 -1.546038508 -10.554527283 0.000000000 0.000000000 -10.000000000
1776608202.352438927 0.591460347 0.273868829 0.178303361 0.135975257 0.987668216 0.076898500 -0.010433476 3.770447016 -1.493441820 -10.593725204 0.000000000 0.000000000 -10.000000000
1776608202.357404709 0.592660129 0.273658305 0.178342402 0.136275157 0.987589002 0.077458702 -0.009855838 3.841897011 -1.439819932 -10.628268242 0.000000000 0.000000000 -10.000000000
1776608202.362414837 0.593931258 0.273398399 0.178382725 0.136558309 0.987515867 0.077975459 -0.009169251 3.913304806 -1.385290980 -10.657766342 0.000000000 0.000000000 -10.000000000
1776608202.367498159 0.595233440 0.273049921 0.178413242 0.136786312 0.987457752 0.078396179 -0.008413798 3.984850168 -1.329957128 -10.681864738 0.000000000 0.000000000 -10.000000000
1776608202.372565985 0.597858727 0.272228181 0.178450584 0.137142867 0.987367451 0.079064451 -0.006794124 4.056688309 -1.273899436 -10.700247765 0.000000000 0.000000000 -10.000000000
1776608202.377827883 0.599212885 0.271782458 0.178472579 0.137289733 0.987329125 0.079358585 -0.005910433 4.128944397 -1.217175007 -10.712648392 0.000000000 0.000000000 -10.000000000
1776608202.382415771 0.599212885 0.271782458 0.178472579 0.137289733 0.987329125 0.079358585 -0.005910433 4.201705456 -1.159816265 -10.718843460 0.000000000 0.000000000 -10.000000000
1776608202.387802124 0.600580394 0.271288544 0.178486645 0.137462467 0.987289727 0.079610854 -0.005013123 4.275014400 -1.101831317 -10.718661308 0.000000000 0.000000000 -10.000000000
1776608202.392412901 0.603229880 0.270199478 0.178475320 0.137837842 0.987213850 0.079992771 -0.003272158 4.348861694 -1.043206096 -10.711979866 0.000000000 0.000000000 -10.000000000
1776608202.397841215 0.604365766 0.269622713 0.178427935 0.138033241 0.987179458 0.080104582 -0.002604394 4.423181057 -0.983905494 -10.698726654 0.000000000 0.000000000 -10.000000000
1776608202.403970957 0.605402946 0.269041508 0.178364486 0.138249516 0.987143457 0.080191441 -0.002063410 4.497839451 -0.923874617 -10.678875923 0.000000000 0.000000000 -10.000000000
1776608202.407788277 0.606386900 0.268426925 0.178297848 0.138517082 0.987101555 0.080255732 -0.001597393 4.572629452 -0.863039315 -10.652455330 0.000000000 0.000000000 -10.000000000
1776608202.412401676 0.606386900 0.268426925 0.178297848 0.138517082 0.987101555 0.080255732 -0.001597393 4.647262573 -0.801306307 -10.619542122 0.000000000 0.000000000 -10.000000000
1776608202.417766571 0.607195020 0.267799109 0.178199053 0.138803422 0.987059653 0.080280632 -0.001354009 4.721366882 -0.738564909 -10.580267906 0.000000000 0.000000000 -10.000000000
1776608202.422404528 0.608455241 0.266522139 0.178008437 0.139470026 0.986964703 0.080293655 -0.001323631 4.794486523 -0.674690008 -10.534816742 0.000000000 0.000000000 -10.000000000
1776608202.427767515 0.608455241 0.266522139 0.178008437 0.139470026 0.986964703 0.080293655 -0.001323631 4.866088867 -0.609546602 -10.483420372 0.000000000 0.000000000 -10.000000000
1776608202.432682753 0.609288871 0.265194684 0.177829176 0.140193790 0.986867309 0.080220520 -0.001816248 4.935578823 -0.542994916 -10.426362038 0.000000000 0.000000000 -10.000000000
1776608202.437836409 0.609288871 0.265194684 0.177829176 0.140193790 0.986867309 0.080220520 -0.001816248 5.002314091 -0.474894911 -10.363964081 0.000000000 0.000000000 -10.000000000
1776608202.442461967 0.609536886 0.264576554 0.177723557 0.140553951 0.986817360 0.080193229 -0.002262385 5.065620899 -0.405110300 -10.296587944 0.000000000 0.000000000 -10.000000000
1776608202.447874546 0.609796703 0.263994515 0.177627832 0.140918091 0.986762583 0.080214582 -0.002706758 5.124813080 -0.333514810 -10.224627495 0.000000000 0.000000000 -10.000000000
1776608202.452521801 0.610372305 0.262871593 0.177454084 0.141631067 0.986648738 0.080327466 -0.003525858 5.179219723 -0.260000050 -10.148506165 0.000000000 0.000000000 -10.000000000
1776608202.457759857 0.610672534 0.262347698 0.177364379 0.141951218 0.986594617 0.080410004 -0.003895769 5.228207111 -0.184481129 -10.068665504 0.000000000 0.000000000 -10.000000000
1776608202.462832212 0.611000478 0.261850297 0.177302390 0.142234892 0.986542881 0.080527052 -0.004220549 5.271202087 -0.106899403 -9.985570908 0.000000000 0.000000000 -10.000000000
1776608202.467549086 0.611434102 0.261371881 0.177276999 0.142508790 0.986488998 0.080692180 -0.004412542 5.307709694 -0.027223131 -9.899696350 0.000000000 0.000000000 -10.000000000
1776608202.472783327 0.611933470 0.260891616 0.177261293 0.142769560 0.986435950 0.080874018 -0.004514377 5.337328911 0.054552246 -9.811530113 0.000000000 0.000000000 -10.000000000
1776608202.477423429 0.612477481 0.260391325 0.177239418 0.143015772 0.986385822 0.081048429 -0.004549117 5.359760284 0.138403043 -9.721555710 0.000000000 0.000000000 -10.000000000
1776608202.482446194 0.613063753 0.259865642 0.177194148 0.143270642 0.986335576 0.081211217 -0.004522226 5.374816895 0.224275738 -9.630257607 0.000000000 0.000000000 -10.000000000
1776608202.487489223 0.613063753 0.259865642 0.177194148 0.143270642 0.986335576 0.081211217 -0.004522226 5.382422447 0.312086105 -9.538103104 0.000000000 0.000000000 -10.000000000
1776608202.492434502 0.613680840 0.259336203 0.177146375 0.143497258 0.986289799 0.081371151 -0.004441210 5.382612228 0.401719809 -9.445547104 0.000000000 0.000000000 -10.000000000
1776608202.497793436 0.615038455 0.258246422 0.177049220 0.143965364 0.986197233 0.081684478 -0.004084470 5.375523090 0.493034989 -9.353021622 0.000000000 0.000000000 -10.000000000
1776608202.502555370 0.615765810 0.257675171 0.177029461 0.144179463 0.986155033 0.081828348 -0.003824386 5.361389637 0.585865259 -9.260934830 0.000000000 0.000000000 -10.000000000
1776608202.507562876 0.615765810 0.257675171 0.177029461 0.144179463 0.986155033 0.081828348 -0.003824386 5.340527534 0.680022776 -9.169672012 0.000000000 0.000000000 -10.000000000
1776608202.512442112 0.617206514 0.256434172 0.176967025 0.144659221 0.986069024 0.082040854 -0.003302548 5.313324928 0.775301933 -9.079588890 0.000000000 0.000000000 -10.000000000
1776608202.517467976 0.617909789 0.255770236 0.176934928 0.144914180 0.986025989 0.082117632 -0.003053152 5.280224323 0.871485472 -8.991015434 0.000000000 0.000000000 -10.000000000
1776608202.522465944 0.618529618 0.255108565 0.176859647 0.145200104 0.985979378 0.082177766 -0.002901566 5.241708755 0.968351185 -8.904247284 0.000000000 0.000000000 -10.000000000
1776608202.527743578 0.619131982 0.254417509 0.176761866 0.145498648 0.985932469 0.082216576 -0.002772458 5.198282719 1.065675735 -8.819548607 0.000000000 0.000000000 -10.000000000
1776608202.532565355 0.619728982 0.253720284 0.176683635 0.145816654 0.985881388 0.082270063 -0.002646620 5.150457382 1.163238764 -8.737151146 0.000000000 0.000000000 -10.000000000
1776608202.537458658 0.619728982 0.253720284 0.176683635 0.145816654 0.985881388 0.082270063 -0.002646620 5.098736763 1.260825753 -8.657257080 0.000000000 0.000000000 -10.000000000
1776608202.542457104 0.620545566 0.252402544 0.176476091 0.146480665 0.985772312 0.082391553 -0.002832772 5.043600082 1.358231902 -8.580042839 0.000000000 0.000000000 -10.000000000
1776608202.547416925 0.620545566 0.252402544 0.176476091 0.146480665 0.985772312 0.082391553 -0.002832772 4.985489368 1.455266714 -8.505659103 0.000000000 0.000000000 -10.000000000
1776608202.552452326 0.620939374 0.251083583 0.176263660 0.147189572 0.985656142 0.082490206 -0.003539529 4.924790382 1.551759243 -8.434236526 0.000000000 0.000000000 -10.000000000
1776608202.557840586 0.620989084 0.250412583 0.176141173 0.147546336 0.985598266 0.082519591 -0.004075907 4.861823559 1.647562504 -8.365885735 0.000000000 0.000000000 -10.000000000
1776608202.562477827 0.620917916 0.249757931 0.176019311 0.147893667 0.985540628 0.082550086 -0.004752408 4.796840191 1.742555380 -8.300702095 0.000000000 0.000000000 -10.000000000
1776608202.568618536 0.620917916 0.249757931 0.176019311 0.147893667 0.985540628 0.082550086 -0.004752408 4.730022430 1.836643934 -8.238769531 0.000000000 0.000000000 -10.000000000
1776608202.572424412 0.620436728 0.248484790 0.175737768 0.148566023 0.985424459 0.082610741 -0.006500662 4.661485672 1.929761171 -8.180161476 0.000000000 0.000000000 -10.000000000
1776608202.577408552 0.620115876 0.247826844 0.175597221 0.148916394 0.985362411 0.082637191 -0.007474569 4.591283798 2.021864653 -8.124942780 0.000000000 0.000000000 -10.000000000
1776608202.582501411 0.619763315 0.247193813 0.175474524 0.149249166 0.985299647 0.082689263 -0.008475447 4.519415855 2.112933159 -8.073176384 0.000000000 0.000000000 -10.000000000
1776608202.587455511 0.619353294 0.246562004 0.175337821 0.149571210 0.985236943 0.082738705 -0.009538232 4.445835590 2.202961683 -8.024920464 0.000000000 0.000000000 -10.000000000
1776608202.592759609 0.618902922 0.245923936 0.175191402 0.149872288 0.985176027 0.082785070 -0.010638294 4.370461464 2.291959763 -7.980229855 0.000000000 0.000000000 -10.000000000
1776608202.597894430 0.618448973 0.245302260 0.175053328 0.150165707 0.985113323 0.082851455 -0.011733679 4.293186665 2.379946947 -7.939156055 0.000000000 0.000000000 -10.000000000
1776608202.602834463 0.618060172 0.244724393 0.174957931 0.150447190 0.985045850 0.082993761 -0.012742576 4.213886738 2.466949701 -7.901748180 0.000000000 0.000000000 -10.000000000
1776608202.607572317 0.617712319 0.244171143 0.174882919 0.150739506 0.984971762 0.083190903 -0.013695221 4.132434368 2.552994251 -7.868053436 0.000000000 0.000000000 -10.000000000
1776608202.612480879 0.617356658 0.243634760 0.174802512 0.151017666 0.984896362 0.083416864 -0.014645677 4.048712254 2.638101339 -7.838115692 0.000000000 0.000000000 -10.000000000
1776608202.617474318 0.617014587 0.243113846 0.174720079 0.151318476 0.984813809 0.083677031 -0.015576504 3.962623835 2.722280264 -7.811970711 0.000000000 0.000000000 -10.000000000
1776608202.622929811 0.616711557 0.242604077 0.174642771 0.151614934 0.984728754 0.083974518 -0.016447749 3.874099016 2.805526495 -7.789645672 0.000000000 0.000000000 -10.000000000
1776608202.628134966 0.616451800 0.242128134 0.174591452 0.151932165 0.984634995 0.084335938 -0.017261304 3.783097744 2.887821674 -7.771157265 0.000000000 0.000000000 -10.000000000
1776608202.632868052 0.616238177 0.241673231 0.174558967 0.152248263 0.984537542 0.084746264 -0.018008642 3.689614534 2.969131708 -7.756507874 0.000000000 0.000000000 -10.000000000
1776608202.637615919 0.616024137 0.241231009 0.174531192 0.152590737 0.984432817 0.085186377 -0.018745000 3.593682528 3.049407244 -7.745687485 0.000000000 0.000000000 -10.000000000
1776608202.642747164 0.615839124 0.240804836 0.174519062 0.152937874 0.984324217 0.085663207 -0.019432303 3.495376110 3.128584862 -7.738668442 0.000000000 0.000000000 -10.000000000
1776608202.648198605 0.615680993 0.240392238 0.174511194 0.153288320 0.984213173 0.086163133 -0.020075012 3.394814014 3.206587791 -7.735405445 0.000000000 0.000000000 -10.000000000
1776608202.652922630 0.615528643 0.240000814 0.174518287 0.153638408 0.984099686 0.086686693 -0.020699849 3.292157888 3.283328533 -7.735834122 0.000000000 0.000000000 -10.000000000
1776608202.657521009 0.615381181 0.239612713 0.174519211 0.153990358 0.983984649 0.087219134 -0.021306014 3.187610388 3.358711958 -7.739866257 0.000000000 0.000000000 -10.000000000
1776608202.662937403 0.615224600 0.239218667 0.174505234 0.154347122 0.983868659 0.087747380 -0.021904891 3.081409454 3.432636976 -7.747390270 0.000000000 0.000000000 -10.000000000
1776608202.667456865 0.615046680 0.238809735 0.174475461 0.154698387 0.983754516 0.088255294 -0.022505816 2.973823071 3.505002260 -7.758265972 0.000000000 0.000000000 -10.000000000
1776608202.672878504 0.615046680 0.238809735 0.174475461 0.154698387 0.983754516 0.088255294 -0.022505816 2.865144730 3.575709581 -7.772329330 0.000000000 0.000000000 -10.000000000
1776608202.677962065 0.614783525 0.237978980 0.174409807 0.155397400 0.983529270 0.089259319 -0.023549415 2.755689859 3.644669056 -7.789389133 0.000000000 0.000000000 -10.000000000
1776608202.682953358 0.614626646 0.237532735 0.174334973 0.155713826 0.983426630 0.089699708 -0.024067167 2.645795107 3.711802006 -7.809228897 0.000000000 0.000000000 -10.000000000
1776608202.687505722 0.614626646 0.237532735 0.174334973 0.155713826 0.983426630 0.089699708 -0.024067167 2.535815716 3.777043581 -7.831611633 0.000000000 0.000000000 -10.000000000
1776608202.692888498 0.614463329 0.237044454 0.174234986 0.156007677 0.983334661 0.090063356 -0.024559038 2.426124573 3.840348005 -7.856281757 0.000000000 0.000000000 -10.000000000
1776608202.697905064 0.614321351 0.236547232 0.174126238 0.156274289 0.983249903 0.090403415 -0.025005056 2.317107916 3.901690245 -7.882970810 0.000000000 0.000000000 -10.000000000
1776608202.702826262 0.614186525 0.236028761 0.173996806 0.156519189 0.983172834 0.090701297 -0.025421236 2.209161758 3.961067438 -7.911405087 0.000000000 0.000000000 -10.000000000
1776608202.707482100 0.613987207 0.234932661 0.173756182 0.156983182 0.983033001 0.091221981 -0.026096066 2.102689505 4.018497944 -7.941309452 0.000000000 0.000000000 -10.000000000
1776608202.712827682 0.613987207 0.234932661 0.173756182 0.156983182 0.983033001 0.091221981 -0.026096066 1.998097301 4.074020863 -7.972413063 0.000000000 0.000000000 -10.000000000
1776608202.717502117 0.613744378 0.233759314 0.173485190 0.157410875 0.982911706 0.091616258 -0.026698446 1.895792127 4.127694607 -8.004456520 0.000000000 0.000000000 -10.000000000
1776608202.722565651 0.613632321 0.233166456 0.173345000 0.157614008 0.982856095 0.091789313 -0.026953664 1.796176553 4.179592133 -8.037196159 0.000000000 0.000000000 -10.000000000
1776608202.727634430 0.613511145 0.232566297 0.173205912 0.157840639 0.982797921 0.091950320 -0.027198689 1.699646354 4.229801655 -8.070410728 0.000000000 0.000000000 -10.000000000
1776608202.732437849 0.613511145 0.232566297 0.173205912 0.157840639 0.982797921 0.091950320 -0.027198689 1.606587052 4.278422832 -8.103901863 0.000000000 0.000000000 -10.000000000
1776608202.737524271 0.613390386 0.231949866 0.173073262 0.158067271 0.982741773 0.092095040 -0.027420215 1.517371774 4.325568676 -8.137504578 0.000000000 0.000000000 -10.000000000
1776608202.742401123 0.613230765 0.230683684 0.172877669 0.158532649 0.982635319 0.092348270 -0.027695861 1.432359576 4.371363640 -8.171086311 0.000000000 0.000000000 -10.000000000
1776608202.747451782 0.613203943 0.230063409 0.172821134 0.158761680 0.982585073 0.092477694 -0.027734747 1.351893783 4.415943146 -8.204551697 0.000000000 0.000000000 -10.000000000
1776608202.752886295 0.613183439 0.229443505 0.172757179 0.158991814 0.982536435 0.092595235 -0.027747035 1.276300192 4.459451199 -8.237838745 0.000000000 0.000000000 -10.000000000
1776608202.757446527 0.613166988 0.228817031 0.172671258 0.159215495 0.982491791 0.092688844 -0.027733285 1.205885410 4.502035618 -8.270920753 0.000000000 0.000000000 -10.000000000
1776608202.762861252 0.613166988 0.228817031 0.172671258 0.159215495 0.982491791 0.092688844 -0.027733285 1.140935183 4.543848038 -8.303804398 0.000000000 0.000000000 -10.000000000
1776608202.768613815 0.613278568 0.227506101 0.172514170 0.159637123 0.982420385 0.092803910 -0.027451908 1.081714869 4.585042000 -8.336526871 0.000000000 0.000000000 -10.000000000
1776608202.772929907 0.613362134 0.226847798 0.172446072 0.159847751 0.982388198 0.092846088 -0.027233891 1.028470397 4.625769138 -8.369150162 0.000000000 0.000000000 -10.000000000
1776608202.778019905 0.613453865 0.226195604 0.172368377 0.160066009 0.982355893 0.092884280 -0.026986059 0.981426418 4.666179657 -8.401761055 0.000000000 0.000000000 -10.000000000
1776608202.782617092 0.613544703 0.225555003 0.172301769 0.160281956 0.982323766 0.092929579 -0.026716428 0.940781534 4.706417084 -8.434465408 0.000000000 0.000000000 -10.000000000
1776608202.787417650 0.613544703 0.225555003 0.172301769 0.160281956 0.982323766 0.092929579 -0.026716428 0.906703472 4.746614933 -8.467386246 0.000000000 0.000000000 -10.000000000
1776608202.792447090 0.613619208 0.224922612 0.172227383 0.160503209 0.982290983 0.092970490 -0.026449842 0.879323840 4.786893845 -8.500657082 0.000000000 0.000000000 -10.000000000
1776608202.797428846 0.613703370 0.223652989 0.172038555 0.160926625 0.982233763 0.092993319 -0.025916263 0.858735859 4.827358723 -8.534421921 0.000000000 0.000000000 -10.000000000
1776608202.802426815 0.613666594 0.223014086 0.171930730 0.161134914 0.982207060 0.092972361 -0.025709311 0.844993651 4.868100643 -8.568827629 0.000000000 0.000000000 -10.000000000
1776608202.807425022 0.613666594 0.223014086 0.171930730 0.161134914 0.982207060 0.092972361 -0.025709311 0.838109612 4.909199715 -8.604024887 0.000000000 0.000000000 -10.000000000
1776608202.812553883 0.613592029 0.222377986 0.171810418 0.161335289 0.982183099 0.092927866 -0.025527813 0.838051260 4.950728416 -8.640167236 0.000000000 0.000000000 -10.000000000
1776608202.817926645 0.613535821 0.221727893 0.171716481 0.161508903 0.982165754 0.092871241 -0.025303645 0.844738305 4.992756367 -8.677411079 0.000000000 0.000000000 -10.000000000
1776608202.822436810 0.613288164 0.220356867 0.171502620 0.161775380 0.982157350 0.092586495 -0.024967873 0.858041108 5.035353184 -8.715910912 0.000000000 0.000000000 -10.000000000
1776608202.827902555 0.613172114 0.219645023 0.171397626 0.161885396 0.982162297 0.092394553 -0.024771543 0.877780914 5.078590870 -8.755823135 0.000000000 0.000000000 -10.000000000
1776608202.832444906 0.612977028 0.218920350 0.171262056 0.161928654 0.982182086 0.092139535 -0.024652196 0.903729320 5.122544765 -8.797302246 0.000000000 0.000000000 -10.000000000
1776608202.837774277 0.612977028 0.218920350 0.171262056 0.161928654 0.982182086 0.092139535 -0.024652196 0.935607433 5.167299271 -8.840503693 0.000000000 0.000000000 -10.000000000
1776608202.842419863 0.612432241 0.217374355 0.170950323 0.162009403 0.982233822 0.091458783 -0.024595793 0.973084569 5.212944508 -8.885581970 0.000000000 0.000000000 -10.000000000
1776608202.847500324 0.612432241 0.217374355 0.170950323 0.162009403 0.982233822 0.091458783 -0.024595793 1.015778661 5.259583473 -8.932692528 0.000000000 0.000000000 -10.000000000
1776608202.852464199 0.611716449 0.215760216 0.170626312 0.162019163 0.982308567 0.090597332 -0.024734078 1.063258529 5.307327747 -8.981995583 0.000000000 0.000000000 -10.000000000
1776608202.857413054 0.611293316 0.214926690 0.170464993 0.162012413 0.982350886 0.090109438 -0.024878861 1.115047336 5.356297493 -9.033653259 0.000000000 0.000000000 -10.000000000
1776608202.862448454 0.611293316 0.214926690 0.170464993 0.162012413 0.982350886 0.090109438 -0.024878861 1.170627356 5.406617641 -9.087835312 0.000000000 0.000000000 -10.000000000
1776608202.867427588 0.610833466 0.214094430 0.170307338 0.162014559 0.982393801 0.089587048 -0.025058212 1.229445696 5.458411217 -9.144714355 0.000000000 0.000000000 -10.000000000
1776608202.872992039 0.610351861 0.213241547 0.170145631 0.162027031 0.982436717 0.089035414 -0.025259621 1.290921450 5.511796474 -9.204466820 0.000000000 0.000000000 -10.000000000
1776608202.877433777 0.609330058 0.211553410 0.169821084 0.162009731 0.982530355 0.087898254 -0.025706949 1.354453921 5.566880703 -9.267268181 0.000000000 0.000000000 -10.000000000
1776608202.882921696 0.608823955 0.210727334 0.169679523 0.161998451 0.982577503 0.087330170 -0.025911903 1.419430614 5.623758793 -9.333296776 0.000000000 0.000000000 -10.000000000
1776608202.887434483 0.608342767 0.209915102 0.169559300 0.162021279 0.982618153 0.086777136 -0.026084565 1.485235691 5.682506561 -9.402727127 0.000000000 0.000000000 -10.000000000
1776608202.892863750 0.607864380 0.209136873 0.169452965 0.162059829 0.982655287 0.086235456 -0.026241880 1.551258802 5.743177414 -9.475734711 0.000000000 0.000000000 -10.000000000
1776608202.897431135 0.607342303 0.208379492 0.169336021 0.162102982 0.982691228 0.085681945 -0.026440995 1.616902232 5.805799007 -9.552491188 0.000000000 0.000000000 -10.000000000
1776608202.902887344 0.606820047 0.207638890 0.169231743 0.162153780 0.982724667 0.085139088 -0.026641397 1.681586146 5.870372772 -9.633164406 0.000000000 0.000000000 -10.000000000
1776608202.907444954 0.606325746 0.206917986 0.169140488 0.162210360 0.982755840 0.084615134 -0.026815455 1.744753122 5.936873913 -9.717914581 0.000000000 0.000000000 -10.000000000
1776608202.912952185 0.605826437 0.206218898 0.169046849 0.162265256 0.982786119 0.084098473 -0.026998077 1.805871964 6.005250931 -9.806896210 0.000000000 0.000000000 -10.000000000
1776608202.917952538 0.605288625 0.205547631 0.168936938 0.162315771 0.982815623 0.083580233 -0.027228819 1.864440203 6.075426579 -9.900249481 0.000000000 0.000000000 -10.000000000
1776608202.922456741 0.604715109 0.204904631 0.168832153 0.162361220 0.982843935 0.083065979 -0.027506962 1.919985533 6.147298813 -9.998104095 0.000000000 0.000000000 -10.000000000
1776608202.928246260 0.604121447 0.204285890 0.168736994 0.162395731 0.982872546 0.082556345 -0.027814785 1.972064972 6.220740795 -10.100570679 0.000000000 0.000000000 -10.000000000
1776608202.932488680 0.603513777 0.203691974 0.168646097 0.162422478 0.982900500 0.082057580 -0.028144766 2.020262718 6.295600891 -10.207740784 0.000000000 0.000000000 -10.000000000
1776608202.937920809 0.602897525 0.203143999 0.168588609 0.162439704 0.982926607 0.081591934 -0.028485771 2.064190388 6.371703625 -10.319680214 0.000000000 0.000000000 -10.000000000
1776608202.943078756 0.602263331 0.202641711 0.168534696 0.162454858 0.982949495 0.081155315 -0.028852627 2.103488207 6.448846817 -10.436429024 0.000000000 0.000000000 -10.000000000
1776608202.947683811 0.601626456 0.202194735 0.168489426 0.162469834 0.982968390 0.080764152 -0.029220281 2.137827158 6.526800632 -10.557994843 0.000000000 0.000000000 -10.000000000
1776608202.952914953 0.601011634 0.201813206 0.168475896 0.162489608 0.982981622 0.080438524 -0.029561460 2.166909456 6.605304718 -10.684352875 0.000000000 0.000000000 -10.000000000
1776608202.957434654 0.600353062 0.201463059 0.168446481 0.162508175 0.982992232 0.080124296 -0.029957781 2.190467358 6.684067726 -10.815443039 0.000000000 0.000000000 -10.000000000
1776608202.962909222 0.599670053 0.201158360 0.168422759 0.162529528 0.982998252 0.079846248 -0.030383961 2.208261490 6.762767792 -10.951164246 0.000000000 0.000000000 -10.000000000
1776608202.967600107 0.598974645 0.200896904 0.168407172 0.162552714 0.983000338 0.079603486 -0.030826803 2.220078707 6.841053009 -11.091373444 0.000000000 0.000000000 -10.000000000
1776608202.972910881 0.598246992 0.200680688 0.168401212 0.162575588 0.982998192 0.079391792 -0.031316258 2.225733995 6.918545723 -11.235881805 0.000000000 0.000000000 -10.000000000
1776608202.977993727 0.597473681 0.200499922 0.168407381 0.162590459 0.982994080 0.079195015 -0.031861097 2.225065708 6.994844437 -11.384450912 0.000000000 0.000000000 -10.000000000
1776608202.982932806 0.596662998 0.200340778 0.168404430 0.162592202 0.982990563 0.078994155 -0.032453462 2.217934608 7.069530010 -11.536796570 0.000000000 0.000000000 -10.000000000
1776608202.987460136 0.595819056 0.200193033 0.168405205 0.162575051 0.982989669 0.078778736 -0.033084441 2.204219818 7.142169476 -11.692582130 0.000000000 0.000000000 -10.000000000
1776608202.992986202 0.595819056 0.200193033 0.168405205 0.162575051 0.982989669 0.078778736 -0.033084441 2.183820486 7.212325096 -11.851420403 0.000000000 0.000000000 -10.000000000
1776608202.997459412 0.594116688 0.199915856 0.168398350 0.162507236 0.982993007 0.078328207 -0.034363464 2.156658649 7.279554844 -12.012879372 0.000000000 0.000000000 -10.000000000
1776608203.002687931 0.593251526 0.199785769 0.168380290 0.162462384 0.982995987 0.078099452 -0.035005141 2.122689247 7.343415737 -12.176476479 0.000000000 0.000000000 -10.000000000
1776608203.007495403 0.592419088 0.199674562 0.168347538 0.162417218 0.982998788 0.077891938 -0.035593878 2.081906557 7.403468132 -12.341686249 0.000000000 0.000000000 -10.000000000
1776608203.012502193 0.591589391 0.199606836 0.168310761 0.162341818 0.983006120 0.077697456 -0.036155675 2.034352779 7.459276676 -12.507939339 0.000000000 0.000000000 -10.000000000
1776608203.018019915 0.590791583 0.199617013 0.168274879 0.162220389 0.983020127 0.077541612 -0.036649980 1.980121970 7.510411739 -12.674633980 0.000000000 0.000000000 -10.000000000
1776608203.022446394 0.590064347 0.199681252 0.168244720 0.162075266 0.983038425 0.077431239 -0.037032835 1.919358492 7.556453228 -12.841136932 0.000000000 0.000000000 -10.000000000
1776608203.027940035 0.589373350 0.199768543 0.168228894 0.161924317 0.983057678 0.077348031 -0.037355788 1.852255583 7.596990585 -13.006794930 0.000000000 0.000000000 -10.000000000
1776608203.032546520 0.588692665 0.199879289 0.168211132 0.161763966 0.983077884 0.077283576 -0.037650034 1.779048920 7.631623268 -13.170942307 0.000000000 0.000000000 -10.000000000
1776608203.037957907 0.587998271 0.200037852 0.168185920 0.161572561 0.983101785 0.077238612 -0.037939321 1.700011134 7.659966469 -13.332907677 0.000000000 0.000000000 -10.000000000
1776608203.042975903 0.587317109 0.200235128 0.168165803 0.161355197 0.983129501 0.077212088 -0.038199563 1.615445614 7.681650639 -13.492028236 0.000000000 0.000000000 -10.000000000
1776608203.047621012 0.586655557 0.200457513 0.168161482 0.161122322 0.983159661 0.077201091 -0.038426742 1.525680542 7.696328163 -13.647653580 0.000000000 0.000000000 -10.000000000
1776608203.052622557 0.585983872 0.200708449 0.168150127 0.160869166 0.983192563 0.077197663 -0.038652714 1.431062937 7.703673363 -13.799154282 0.000000000 0.000000000 -10.000000000
1776608203.057554722 0.585983872 0.200708449 0.168150127 0.160869166 0.983192563 0.077197663 -0.038652714 1.331954837 7.703384399 -13.945932388 0.000000000 0.000000000 -10.000000000
1776608203.062419176 0.584638298 0.201309904 0.168148488 0.160299361 0.983266354 0.077236794 -0.039062332 1.228731632 7.695185184 -14.087423325 0.000000000 0.000000000 -10.000000000
1776608203.067535639 0.583948255 0.201668978 0.168153256 0.159971476 0.983308733 0.077275112 -0.039263111 1.121779799 7.678827286 -14.223104477 0.000000000 0.000000000 -10.000000000
1776608203.072688341 0.583289683 0.202089503 0.168168426 0.159605294 0.983356595 0.077345140 -0.039416965 1.011495590 7.654094219 -14.352499008 0.000000000 0.000000000 -10.000000000
1776608203.077455282 0.582646728 0.202554062 0.168198317 0.159207910 0.983409286 0.077432267 -0.039537348 0.898282766 7.620801926 -14.475180626 0.000000000 0.000000000 -10.000000000
1776608203.082440853 0.582021177 0.203046292 0.168231040 0.158788040 0.983465970 0.077526048 -0.039632548 0.782551527 7.578800678 -14.590775490 0.000000000 0.000000000 -10.000000000
1776608203.087417603 0.581423581 0.203535691 0.168286383 0.158360764 0.983525276 0.077621721 -0.039683279 0.664717793 7.527977943 -14.698962212 0.000000000 0.000000000 -10.000000000
1776608203.092453480 0.580847025 0.204026297 0.168344587 0.157939732 0.983583510 0.077727243 -0.039711643 0.545203805 7.468258381 -14.799470901 0.000000000 0.000000000 -10.000000000
1776608203.097424746 0.580259800 0.204512879 0.168399811 0.157516927 0.983642578 0.077823706 -0.039738495 0.424438477 7.399610043 -14.892086029 0.000000000 0.000000000 -10.000000000
1776608203.102717400 0.579683721 0.204994380 0.168450058 0.157068327 0.983708739 0.077891111 -0.039744556 0.302857935 7.322045803 -14.976636887 0.000000000 0.000000000 -10.000000000
1776608203.107591867 0.579102039 0.205448270 0.168498993 0.156592861 0.983783245 0.077911407 -0.039737035 0.180905163 7.235628605 -15.052998543 0.000000000 0.000000000 -10.000000000
1776608203.112437010 0.578489304 0.205905855 0.168528885 0.156079620 0.983865499 0.077893957 -0.039754469 0.059028827 7.140473843 -15.121084213 0.000000000 0.000000000 -10.000000000
1776608203.117427111 0.578489304 0.205905855 0.168528885 0.156079620 0.983865499 0.077893957 -0.039754469 -0.062318165 7.036753178 -15.180843353 0.000000000 0.000000000 -10.000000000
1776608203.122415066 0.577897429 0.206361160 0.168575436 0.155534998 0.983957767 0.077836059 -0.039718583 -0.182679579 6.924699783 -15.232254982 0.000000000 0.000000000 -10.000000000
1776608203.127451420 0.577348650 0.206807882 0.168632805 0.155029118 0.984048605 0.077745184 -0.039622948 -0.301595300 6.804606915 -15.275323868 0.000000000 0.000000000 -10.000000000
1776608203.132964134 0.576804638 0.207188144 0.168692499 0.154548913 0.984142482 0.077574857 -0.039500780 -0.418599844 6.676827908 -15.310077667 0.000000000 0.000000000 -10.000000000
1776608203.137549162 0.575757682 0.207958817 0.168784201 0.153555691 0.984347761 0.077113219 -0.039161716 -0.533222198 6.541774273 -15.336559296 0.000000000 0.000000000 -10.000000000
1776608203.142419338 0.575757682 0.207958817 0.168784201 0.153555691 0.984347761 0.077113219 -0.039161716 -0.644987822 6.399912357 -15.354826927 0.000000000 0.000000000 -10.000000000
1776608203.147517204 0.575285733 0.208324298 0.168815732 0.153172180 0.984438598 0.076831393 -0.038934737 -0.753422856 6.251757145 -15.364953041 0.000000000 0.000000000 -10.000000000
1776608203.152534008 0.574898779 0.208668277 0.168843508 0.152845949 0.984527171 0.076513715 -0.038600933 -0.858059883 6.097865105 -15.367020607 0.000000000 0.000000000 -10.000000000
1776608203.157414675 0.574559987 0.208985180 0.168873817 0.152577862 0.984611392 0.076159902 -0.038210910 -0.958443582 5.938825607 -15.361126900 0.000000000 0.000000000 -10.000000000
1776608203.162419081 0.574258506 0.209321141 0.168909013 0.152336910 0.984693289 0.075802118 -0.037770323 -1.054136395 5.775253773 -15.347374916 0.000000000 0.000000000 -10.000000000
1776608203.167641878 0.573988616 0.209663779 0.168948889 0.152109370 0.984775662 0.075428881 -0.037284482 -1.144723296 5.607780457 -15.325878143 0.000000000 0.000000000 -10.000000000
1776608203.172751665 0.573738456 0.210019708 0.168981701 0.151896730 0.984856248 0.075051695 -0.036780190 -1.229815841 5.437046528 -15.296754837 0.000000000 0.000000000 -10.000000000
1776608203.177665949 0.573516786 0.210397869 0.169005722 0.151669636 0.984940410 0.074670471 -0.036236398 -1.309055209 5.263691425 -15.260133743 0.000000000 0.000000000 -10.000000000
1776608203.182420254 0.573167801 0.211158723 0.169025809 0.151200995 0.985114992 0.073880889 -0.035046849 -1.382115126 5.088346958 -15.216149330 0.000000000 0.000000000 -10.000000000
1776608203.187660217 0.573167801 0.211158723 0.169025809 0.151200995 0.985114992 0.073880889 -0.035046849 -1.448703647 4.911627769 -15.164948463 0.000000000 0.000000000 -10.000000000
1776608203.192451477 0.573039591 0.211525917 0.169038117 0.150945678 0.985207856 0.073469065 -0.034397501 -1.508565664 4.734127045 -15.106689453 0.000000000 0.000000000 -10.000000000
1776608203.197482586 0.572905064 0.211897001 0.169053376 0.150666356 0.985303998 0.073050447 -0.033753306 -1.561484218 4.556410789 -15.041543007 0.000000000 0.000000000 -10.000000000
1776608203.202514887 0.572789073 0.212281480 0.169075876 0.150367156 0.985402524 0.072639272 -0.033091780 -1.607281923 4.379013538 -14.969689369 0.000000000 0.000000000 -10.000000000
1776608203.207460165 0.572602332 0.213033944 0.169122934 0.149725005 0.985606372 0.071801521 -0.031734124 -1.645821691 4.202435970 -14.891324997 0.000000000 0.000000000 -10.000000000
1776608203.212508678 0.572602332 0.213033944 0.169122934 0.149725005 0.985606372 0.071801521 -0.031734124 -1.677008510 4.027143478 -14.806659698 0.000000000 0.000000000 -10.000000000
1776608203.217444897 0.572524369 0.213443607 0.169149011 0.149376526 0.985710919 0.071393095 -0.031042406 -1.700791478 3.853564739 -14.715915680 0.000000000 0.000000000 -10.000000000
1776608203.222429514 0.572429836 0.213874444 0.169177413 0.149005011 0.985817254 0.070988305 -0.030373644 -1.717164755 3.682091475 -14.619328499 0.000000000 0.000000000 -10.000000000
1776608203.227478504 0.572351635 0.214318603 0.169220179 0.148622856 0.985924244 0.070590675 -0.029690845 -1.726168513 3.513077259 -14.517148972 0.000000000 0.000000000 -10.000000000
1776608203.232433796 0.572293401 0.215234637 0.169350415 0.147893608 0.986129642 0.069841847 -0.028247653 -1.727886796 3.346837521 -14.409637451 0.000000000 0.000000000 -10.000000000
1776608203.237455368 0.572293401 0.215234637 0.169350415 0.147893608 0.986129642 0.069841847 -0.028247653 -1.722444177 3.183651209 -14.297069550 0.000000000 0.000000000 -10.000000000
1776608203.242460251 0.572282076 0.215678304 0.169414490 0.147558048 0.986226857 0.069464535 -0.027528750 -1.710002780 3.023762226 -14.179730415 0.000000000 0.000000000 -10.000000000
1776608203.247453690 0.572276890 0.216131419 0.169473559 0.147251949 0.986317575 0.069102615 -0.026820121 -1.690757990 2.867381334 -14.057916641 0.000000000 0.000000000 -10.000000000
1776608203.252406120 0.572276354 0.216562435 0.169514924 0.146969408 0.986404836 0.068723723 -0.026125781 -1.664934993 2.714686155 -13.931933403 0.000000000 0.000000000 -10.000000000
1776608203.257478952 0.572292626 0.217004254 0.169551015 0.146709859 0.986487210 0.068355434 -0.025430193 -1.632785082 2.565822363 -13.802098274 0.000000000 0.000000000 -10.000000000
1776608203.262500286 0.572348535 0.217454433 0.169600189 0.146458030 0.986568093 0.067997091 -0.024695233 -1.594581008 2.420903444 -13.668732643 0.000000000 0.000000000 -10.000000000
1776608203.267914772 0.572392106 0.217917353 0.169649333 0.146217212 0.986645460 0.067644872 -0.023987781 -1.550613523 2.280009985 -13.532170296 0.000000000 0.000000000 -10.000000000
1776608203.272594929 0.572505355 0.218881235 0.169736117 0.145744011 0.986795306 0.066963077 -0.022574572 -1.501187444 2.143193007 -13.392749786 0.000000000 0.000000000 -10.000000000
1776608203.277558565 0.572598934 0.219386727 0.169796884 0.145508632 0.986868024 0.066645898 -0.021840539 -1.446620345 2.010474443 -13.250815392 0.000000000 0.000000000 -10.000000000
1776608203.282472849 0.572598934 0.219386727 0.169796884 0.145508632 0.986868024 0.066645898 -0.021840539 -1.387241244 1.881851792 -13.106717110 0.000000000 0.000000000 -10.000000000
1776608203.287566662 0.572733045 0.219911039 0.169852823 0.145280689 0.986938417 0.066346683 -0.021076372 -1.323388696 1.757297158 -12.960802078 0.000000000 0.000000000 -10.000000000
1776608203.292469263 0.573006094 0.221031398 0.169957429 0.144815609 0.987074673 0.065793730 -0.019575924 -1.255405664 1.636760116 -12.813419342 0.000000000 0.000000000 -10.000000000
1776608203.297579288 0.573164821 0.221596241 0.170017421 0.144589186 0.987140834 0.065521672 -0.018811511 -1.183636904 1.520168900 -12.664914131 0.000000000 0.000000000 -10.000000000
1776608203.302457333 0.573164821 0.221596241 0.170017421 0.144589186 0.987140834 0.065521672 -0.018811511 -1.108425856 1.407435060 -12.515627861 0.000000000 0.000000000 -10.000000000
1776608203.307447195 0.573353887 0.222175837 0.170085460 0.144364163 0.987205207 0.065267436 -0.018027997 -1.030112863 1.298457384 -12.365900040 0.000000000 0.000000000 -10.000000000
1776608203.312743664 0.573567748 0.222770900 0.170146525 0.144144595 0.987267375 0.065026291 -0.017236408 -0.949034154 1.193125248 -12.216066360 0.000000000 0.000000000 -10.000000000
1776608203.317436457 0.573838711 0.224019736 0.170230687 0.143724605 0.987382293 0.064548396 -0.015902564 -0.865526080 1.091323614 -12.066454887 0.000000000 0.000000000 -10.000000000
1776608203.322396755 0.573838711 0.224019736 0.170230687 0.143724605 0.987382293 0.064548396 -0.015902564 -0.779932201 0.992936552 -11.917392731 0.000000000 0.000000000 -10.000000000
1776608203.327859402 0.573947370 0.224641979 0.170287132 0.143530667 0.987436116 0.064302549 -0.015299868 -0.692607224 0.897850633 -11.769194603 0.000000000 0.000000000 -10.000000000
1776608203.332476616 0.574078977 0.225907326 0.170440257 0.143181354 0.987532794 0.063831605 -0.014269510 -0.603918612 0.805957019 -11.622171402 0.000000000 0.000000000 -10.000000000
1776608203.337594032 0.574078977 0.225907326 0.170440257 0.143181354 0.987532794 0.063831605 -0.014269510 -0.514246762 0.717152536 -11.476622581 0.000000000 0.000000000 -10.000000000
1776608203.342458963 0.573939383 0.227169752 0.170533448 0.142921865 0.987610221 0.063344993 -0.013665675 -0.423985988 0.631342113 -11.332838058 0.000000000 0.000000000 -10.000000000
1776608203.347440243 0.573939383 0.227169752 0.170533448 0.142921865 0.987610221 0.063344993 -0.013665675 -0.333546460 0.548439920 -11.191097260 0.000000000 0.000000000 -10.000000000
1776608203.352468014 0.573801398 0.227797776 0.170573473 0.142823935 0.987642467 0.063101850 -0.013485990 -0.243356213 0.468369633 -11.051671982 0.000000000 0.000000000 -10.000000000
1776608203.357772350 0.573598742 0.228438735 0.170610815 0.142727837 0.987672985 0.062857911 -0.013405585 -0.153861508 0.391064465 -10.914820671 0.000000000 0.000000000 -10.000000000
1776608203.362863541 0.573138773 0.229779616 0.170732856 0.142558888 0.987725198 0.062428005 -0.013364702 -0.065524958 0.316466540 -10.780791283 0.000000000 0.000000000 -10.000000000
1776608203.367846489 0.572889507 0.230479538 0.170813233 0.142479017 0.987747490 0.062252115 -0.013389982 0.021179210 0.244525522 -10.649818420 0.000000000 0.000000000 -10.000000000
1776608203.372530222 0.572643161 0.231195122 0.170902848 0.142417505 0.987764776 0.062110234 -0.013429171 0.105771773 0.175196409 -10.522122383 0.000000000 0.000000000 -10.000000000
1776608203.377516508 0.572643161 0.231195122 0.170902848 0.142417505 0.987764776 0.062110234 -0.013429171 0.187775165 0.108436123 -10.397907257 0.000000000 0.000000000 -10.000000000
1776608203.382646561 0.572142541 0.232686833 0.171079189 0.142349064 0.987782538 0.061949328 -0.013589833 0.266719788 0.044199336 -10.277359009 0.000000000 0.000000000 -10.000000000
1776608203.387790203 0.571912408 0.233454064 0.171150684 0.142333329 0.987785757 0.061912760 -0.013688193 0.342150450 -0.017565420 -10.160639763 0.000000000 0.000000000 -10.000000000
1776608203.392565012 0.571716726 0.234242082 0.171226084 0.142321706 0.987786233 0.061913624 -0.013769067 0.413633466 -0.076918639 -10.047895432 0.000000000 0.000000000 -10.000000000
1776608203.397788286 0.571557999 0.235048413 0.171314955 0.142291173 0.987788200 0.061941046 -0.013820118 0.480765104 -0.133931026 -9.939247131 0.000000000 0.000000000 -10.000000000
1776608203.402408123 0.571427763 0.235855341 0.171412915 0.142240599 0.987792969 0.061974328 -0.013851792 0.543180466 -0.188682437 -9.834798813 0.000000000 0.000000000 -10.000000000
1776608203.407672882 0.571427763 0.235855341 0.171412915 0.142240599 0.987792969 0.061974328 -0.013851792 0.600561440 -0.241258189 -9.734628677 0.000000000 0.000000000 -10.000000000
1776608203.412421703 0.571242034 0.237461999 0.171614766 0.142072514 0.987812698 0.062041245 -0.013868378 0.652642131 -0.291744232 -9.638798714 0.000000000 0.000000000 -10.000000000
1776608203.417860746 0.571242034 0.237461999 0.171614766 0.142072514 0.987812698 0.062041245 -0.013868378 0.699212909 -0.340224206 -9.547345161 0.000000000 0.000000000 -10.000000000
1776608203.422863483 0.571151912 0.239098877 0.171816170 0.141819522 0.987844646 0.062124517 -0.013810743 0.740121722 -0.386778951 -9.460285187 0.000000000 0.000000000 -10.000000000
1776608203.427802086 0.571122527 0.239925891 0.171897948 0.141663656 0.987864971 0.062164232 -0.013775758 0.775274515 -0.431487203 -9.377611160 0.000000000 0.000000000 -10.000000000
1776608203.432431936 0.571089566 0.240749970 0.171962619 0.141511172 0.987885296 0.062193017 -0.013756177 0.804633915 -0.474426150 -9.299298286 0.000000000 0.000000000 -10.000000000
1776608203.437395334 0.571089566 0.240749970 0.171962619 0.141511172 0.987885296 0.062193017 -0.013756177 0.828217804 -0.515670896 -9.225301743 0.000000000 0.000000000 -10.000000000
1776608203.442390203 0.571049869 0.241556704 0.172019988 0.141355127 0.987906635 0.062209148 -0.013756267 0.846097231 -0.555292964 -9.155559540 0.000000000 0.000000000 -10.000000000
1776608203.447428465 0.571041882 0.243164256 0.172198355 0.141091362 0.987941206 0.062268861 -0.013710577 0.858393610 -0.593357503 -9.089996338 0.000000000 0.000000000 -10.000000000
1776608203.452415705 0.571041882 0.243164256 0.172198355 0.141091362 0.987941206 0.062268861 -0.013710577 0.865274727 -0.629920304 -9.028526306 0.000000000 0.000000000 -10.000000000
1776608203.457450867 0.571026862 0.243928388 0.172282368 0.140982956 0.987956524 0.062267955 -0.013726609 0.866948962 -0.665025115 -8.971054077 0.000000000 0.000000000 -10.000000000
1776608203.462385654 0.570990324 0.244650483 0.172342658 0.140865982 0.987976372 0.062205464 -0.013781166 0.863658845 -0.698701024 -8.917481422 0.000000000 0.000000000 -10.000000000
1776608203.467620611 0.570930719 0.245943829 0.172455788 0.140605092 0.988031268 0.061898530 -0.013892796 0.855675280 -0.730960786 -8.867707253 0.000000000 0.000000000 -10.000000000
1776608203.472626686 0.570894539 0.246533588 0.172506481 0.140459254 0.988065064 0.061672471 -0.013967647 0.843293130 -0.761800170 -8.821636200 0.000000000 0.000000000 -10.000000000
1776608203.477449894 0.570894539 0.246533588 0.172506481 0.140459254 0.988065064 0.061672471 -0.013967647 0.826829016 -0.791198492 -8.779172897 0.000000000 0.000000000 -10.000000000
1776608203.482364416 0.570871890 0.247078419 0.172554076 0.140314862 0.988101423 0.061402429 -0.014037766 0.806619585 -0.819121301 -8.740231514 0.000000000 0.000000000 -10.000000000
1776608203.487566948 0.570847392 0.247571036 0.172592193 0.140164718 0.988141596 0.061080068 -0.014116661 0.783020794 -0.845524251 -8.704734802 0.000000000 0.000000000 -10.000000000
1776608203.492770672 0.570882976 0.248433769 0.172644675 0.139819980 0.988236547 0.060311660 -0.014190376 0.756406426 -0.870358646 -8.672615051 0.000000000 0.000000000 -10.000000000
1776608203.497487545 0.570882976 0.248433769 0.172644675 0.139819980 0.988236547 0.060311660 -0.014190376 0.727165639 -0.893576622 -8.643815041 0.000000000 0.000000000 -10.000000000
1776608203.502845764 0.570921421 0.248808607 0.172648698 0.139628887 0.988290966 0.059857186 -0.014207836 0.695699632 -0.915136755 -8.618287086 0.000000000 0.000000000 -10.000000000
1776608203.507468939 0.571056485 0.249473631 0.172644019 0.139235646 0.988405526 0.058875788 -0.014199119 0.662418604 -0.935008585 -8.595997810 0.000000000 0.000000000 -10.000000000
1776608203.512789726 0.571056485 0.249473631 0.172644019 0.139235646 0.988405526 0.058875788 -0.014199119 0.627739012 -0.953177154 -8.576926231 0.000000000 0.000000000 -10.000000000
1776608203.517527103 0.571290910 0.250039458 0.172685951 0.138852194 0.988522112 0.057835542 -0.014110781 0.592080951 -0.969646513 -8.561063766 0.000000000 0.000000000 -10.000000000
1776608203.522519350 0.571440935 0.250303417 0.172727108 0.138680771 0.988577247 0.057318825 -0.014044799 0.555865705 -0.984442532 -8.548414230 0.000000000 0.000000000 -10.000000000
1776608203.527439117 0.571440935 0.250303417 0.172727108 0.138680771 0.988577247 0.057318825 -0.014044799 0.519514501 -0.997615576 -8.538989067 0.000000000 0.000000000 -10.000000000
1776608203.532395601 0.571596920 0.250560701 0.172772467 0.138495639 0.988634765 0.056787387 -0.013981086 0.483447880 -1.009242415 -8.532811165 0.000000000 0.000000000 -10.000000000
1776608203.537410736 0.571773410 0.250813216 0.172835588 0.138339251 0.988687456 0.056264777 -0.013914473 0.448085070 -1.019426227 -8.529911041 0.000000000 0.000000000 -10.000000000
1776608203.542397738 0.571979523 0.251068711 0.172893226 0.138176680 0.988740265 0.055754911 -0.013829228 0.413842082 -1.028294444 -8.530323029 0.000000000 0.000000000 -10.000000000
1776608203.547394991 0.572179854 0.251294464 0.172949791 0.138031185 0.988790989 0.055228855 -0.013767757 0.381128609 -1.035995603 -8.534085274 0.000000000 0.000000000 -10.000000000
1776608203.552572250 0.572363496 0.251501590 0.172998399 0.137897879 0.988839507 0.054696351 -0.013745967 0.350343853 -1.042695284 -8.541232109 0.000000000 0.000000000 -10.000000000
1776608203.557400703 0.572729528 0.251854151 0.173085362 0.137662873 0.988931358 0.053613205 -0.013760841 0.321873814 -1.048570991 -8.551790237 0.000000000 0.000000000 -10.000000000
1776608203.562399387 0.572729528 0.251854151 0.173085362 0.137662873 0.988931358 0.053613205 -0.013760841 0.296089321 -1.053808331 -8.565777779 0.000000000 0.000000000 -10.000000000
1776608203.567439795 0.572921574 0.252015412 0.173128814 0.137556314 0.988974750 0.053076912 -0.013785425 0.273344427 -1.058596849 -8.583201408 0.000000000 0.000000000 -10.000000000
1776608203.572438478 0.573105097 0.252156198 0.173166752 0.137454569 0.989017367 0.052530874 -0.013835783 0.253974438 -1.063127398 -8.604050636 0.000000000 0.000000000 -10.000000000
1776608203.577416420 0.573289633 0.252297521 0.173188686 0.137356937 0.989058256 0.051995210 -0.013906448 0.238294467 -1.067590117 -8.628303528 0.000000000 0.000000000 -10.000000000
1776608203.582849741 0.573488355 0.252425015 0.173209339 0.137278736 0.989094794 0.051481985 -0.013988718 0.226598114 -1.072173238 -8.655920982 0.000000000 0.000000000 -10.000000000
1776608203.587859154 0.573683262 0.252553046 0.173225343 0.137218803 0.989126444 0.050998159 -0.014108326 0.219157174 -1.077061534 -8.686848640 0.000000000 0.000000000 -10.000000000
1776608203.592473984 0.574188411 0.252801508 0.173329502 0.137180939 0.989172459 0.050149258 -0.014293955 0.216222510 -1.082433462 -8.721017838 0.000000000 0.000000000 -10.000000000
1776608203.597747087 0.574188411 0.252801508 0.173329502 0.137180939 0.989172459 0.050149258 -0.014293955 0.218026251 -1.088459134 -8.758343697 0.000000000 0.000000000 -10.000000000
1776608203.602398634 0.574533939 0.252880603 0.173408061 0.137207448 0.989187539 0.049769990 -0.014319060 0.224785000 -1.095299721 -8.798718452 0.000000000 0.000000000 -10.000000000
1776608203.607521057 0.574853361 0.252955496 0.173458934 0.137262046 0.989197075 0.049407832 -0.014390472 0.236702427 -1.103105187 -8.842015266 0.000000000 0.000000000 -10.000000000
1776608203.612614155 0.575448334 0.253119290 0.173511535 0.137378886 0.989209652 0.048751228 -0.014650182 0.253970474 -1.112011790 -8.888080597 0.000000000 0.000000000 -10.000000000
1776608203.617843866 0.575448334 0.253119290 0.173511535 0.137378886 0.989209652 0.048751228 -0.014650182 0.276769072 -1.122140169 -8.936741829 0.000000000 0.000000000 -10.000000000
1776608203.622479439 0.576233149 0.253199339 0.173569828 0.137600929 0.989203632 0.048201177 -0.014792763 0.305265307 -1.133592963 -8.987799644 0.000000000 0.000000000 -10.000000000
1776608203.627783298 0.576233149 0.253199339 0.173569828 0.137600929 0.989203632 0.048201177 -0.014792763 0.339613765 -1.146453619 -9.041037560 0.000000000 0.000000000 -10.000000000
1776608203.632393360 0.577142298 0.253301054 0.173693031 0.137788564 0.989195824 0.047804065 -0.014855040 0.379957318 -1.160782814 -9.096221924 0.000000000 0.000000000 -10.000000000
1776608203.637690306 0.577673972 0.253362000 0.173777312 0.137873471 0.989190698 0.047672246 -0.014832418 0.426425785 -1.176616788 -9.153104782 0.000000000 0.000000000 -10.000000000
1776608203.642490149 0.578253984 0.253405839 0.173847169 0.137977421 0.989182115 0.047565218 -0.014782864 0.479132146 -1.193964958 -9.211423874 0.000000000 0.000000000 -10.000000000
1776608203.647468328 0.578860343 0.253409356 0.173896074 0.138111293 0.989169240 0.047462992 -0.014723476 0.538169384 -1.212807536 -9.270905495 0.000000000 0.000000000 -10.000000000
1776608203.652574778 0.578860343 0.253409356 0.173896074 0.138111293 0.989169240 0.047462992 -0.014723476 0.603608549 -1.233095646 -9.331265450 0.000000000 0.000000000 -10.000000000
1776608203.657379866 0.579477489 0.253376544 0.173924565 0.138255373 0.989155233 0.047353778 -0.014664673 0.675497949 -1.254749537 -9.392210007 0.000000000 0.000000000 -10.000000000
1776608203.662423849 0.580131173 0.253336191 0.173952579 0.138394207 0.989141762 0.047256991 -0.014572620 0.753862679 -1.277658582 -9.453439713 0.000000000 0.000000000 -10.000000000
1776608203.667648315 0.580816627 0.253303438 0.173988342 0.138537601 0.989127100 0.047182437 -0.014445818 0.838704169 -1.301683307 -9.514651299 0.000000000 0.000000000 -10.000000000
1776608203.672495127 0.581573248 0.253290951 0.174030125 0.138685197 0.989111006 0.047148257 -0.014241992 0.929999411 -1.326658130 -9.575538635 0.000000000 0.000000000 -10.000000000
1776608203.677474260 0.582373083 0.253265291 0.174060285 0.138855457 0.989091456 0.047132671 -0.013991481 1.027697921 -1.352396727 -9.635799408 0.000000000 0.000000000 -10.000000000
1776608203.682565689 0.583228886 0.253223509 0.174092084 0.139049634 0.989068329 0.047133710 -0.013689170 1.131719589 -1.378694892 -9.695132256 0.000000000 0.000000000 -10.000000000
1776608203.687397957 0.585258007 0.253222734 0.174241602 0.139466763 0.989013791 0.047316249 -0.012722691 1.241954446 -1.405337095 -9.753242493 0.000000000 0.000000000 -10.000000000
1776608203.692449570 0.585258007 0.253222734 0.174241602 0.139466763 0.989013791 0.047316249 -0.012722691 1.358265281 -1.432101488 -9.809838295 0.000000000 0.000000000 -10.000000000
1776608203.697426319 0.586321652 0.253208965 0.174294442 0.139694735 0.988983393 0.047423955 -0.012171600 1.480486274 -1.458765626 -9.864638329 0.000000000 0.000000000 -10.000000000
1776608203.702413321 0.587379932 0.253174335 0.174330056 0.139935076 0.988951445 0.047519468 -0.011626189 1.608420849 -1.485110521 -9.917370796 0.000000000 0.000000000 -10.000000000
1776608203.707483292 0.589819551 0.253131419 0.174487114 0.140476346 0.988874376 0.047860190 -0.010162405 1.741838098 -1.510925174 -9.967773438 0.000000000 0.000000000 -10.000000000
1776608203.713059664 0.591129124 0.253108442 0.174570471 0.140770540 0.988830745 0.048068035 -0.009323179 1.880472183 -1.536011934 -10.015600204 0.000000000 0.000000000 -10.000000000
1776608203.717854261 0.591129124 0.253108442 0.174570471 0.140770540 0.988830745 0.048068035 -0.009323179 2.024020195 -1.560188532 -10.060616493 0.000000000 0.000000000 -10.000000000
1776608203.722809315 0.592454195 0.253084838 0.174637944 0.141068891 0.988785625 0.048279323 -0.008464116 2.172139883 -1.583288074 -10.102604866 0.000000000 0.000000000 -10.000000000
1776608203.727492332 0.593860090 0.253083259 0.174725771 0.141371518 0.988737583 0.048536073 -0.007506729 2.324448824 -1.605159283 -10.141365051 0.000000000 0.000000000 -10.000000000
1776608203.732897282 0.595342636 0.253104240 0.174823940 0.141680107 0.988686025 0.048836380 -0.006461113 2.480524540 -1.625666738 -10.176719666 0.000000000 0.000000000 -10.000000000
1776608203.737535954 0.598280430 0.253135383 0.175000399 0.142292812 0.988579750 0.049434200 -0.004365957 2.639904737 -1.644691706 -10.208514214 0.000000000 0.000000000 -10.000000000
1776608203.742727041 0.599737942 0.253130227 0.175064087 0.142608732 0.988523901 0.049721066 -0.003326276 2.802086353 -1.662129998 -10.236618996 0.000000000 0.000000000 -10.000000000
1776608203.747637510 0.599737942 0.253130227 0.175064087 0.142608732 0.988523901 0.049721066 -0.003326276 2.966521025 -1.677889228 -10.260935783 0.000000000 0.000000000 -10.000000000
1776608203.752448559 0.601207316 0.253116459 0.175123066 0.142930835 0.988465905 0.050007224 -0.002273896 3.132611275 -1.691884995 -10.281389236 0.000000000 0.000000000 -10.000000000
1776608203.757422924 0.602637529 0.253086746 0.175160915 0.143253148 0.988407791 0.050269570 -0.001265266 3.299708128 -1.704035640 -10.297930717 0.000000000 0.000000000 -10.000000000
1776608203.762416840 0.605127513 0.252940118 0.175163090 0.143876612 0.988300622 0.050609265 0.000319557 3.467108965 -1.714257956 -10.310542107 0.000000000 0.000000000 -10.000000000
1776608203.767472029 0.606306672 0.252828360 0.175195098 0.144180059 0.988250136 0.050722215 0.001028208 3.634055614 -1.722459793 -10.319234848 0.000000000 0.000000000 -10.000000000
1776608203.772711039 0.607420981 0.252698153 0.175250292 0.144478232 0.988201678 0.050800350 0.001659716 3.799736977 -1.728535771 -10.324056625 0.000000000 0.000000000 -10.000000000
1776608203.777745962 0.608357847 0.252528101 0.175286144 0.144762129 0.988159776 0.050791118 0.002096383 3.963294744 -1.732364297 -10.325091362 0.000000000 0.000000000 -10.000000000
1776608203.782427073 0.609134614 0.252337933 0.175287038 0.145027459 0.988124430 0.050710730 0.002350275 4.123836994 -1.733809114 -10.322463036 0.000000000 0.000000000 -10.000000000
1776608203.787420988 0.609827459 0.252145171 0.175284207 0.145281404 0.988092363 0.050601389 0.002507777 4.280451775 -1.732721329 -10.316336632 0.000000000 0.000000000 -10.000000000
1776608203.792405367 0.610436022 0.251950443 0.175256610 0.145543769 0.988060176 0.050472863 0.002555940 4.432221889 -1.728943110 -10.306915283 0.000000000 0.000000000 -10.000000000
1776608203.797444582 0.610436022 0.251950443 0.175256610 0.145543769 0.988060176 0.050472863 0.002555940 4.578238487 -1.722313285 -10.294439316 0.000000000 0.000000000 -10.000000000
1776608203.802406788 0.611423969 0.251560986 0.175148100 0.146084309 0.987996459 0.050167002 0.002367483 4.717615128 -1.712674022 -10.279185295 0.000000000 0.000000000 -10.000000000
1776608203.807827950 0.611423969 0.251560986 0.175148100 0.146084309 0.987996459 0.050167002 0.002367483 4.849505424 -1.699878693 -10.261464119 0.000000000 0.000000000 -10.000000000
1776608203.812481880 0.612312615 0.251304150 0.175090969 0.146672353 0.987918377 0.050003864 0.002037109 4.973123550 -1.683799982 -10.241617203 0.000000000 0.000000000 -10.000000000
1776608203.817799330 0.612758577 0.251217455 0.175082743 0.146988392 0.987872839 0.049981665 0.001863997 5.087759972 -1.664336324 -10.220009804 0.000000000 0.000000000 -10.000000000
1776608203.822526217 0.613217294 0.251144648 0.175078601 0.147322834 0.987823069 0.049987346 0.001695354 5.192797184 -1.641417980 -10.197037697 0.000000000 0.000000000 -10.000000000
1776608203.827468395 0.613649964 0.251096815 0.175064117 0.147668406 0.987770081 0.050021168 0.001495790 5.287720680 -1.615011811 -10.173114777 0.000000000 0.000000000 -10.000000000
1776608203.832463264 0.614040792 0.251054853 0.175019830 0.148034453 0.987713397 0.050064623 0.001241422 5.372129440 -1.585125208 -10.148672104 0.000000000 0.000000000 -10.000000000
1776608203.837931871 0.614393532 0.251016319 0.174979419 0.148417324 0.987653553 0.050118685 0.000940149 5.445738792 -1.551807523 -10.124152184 0.000000000 0.000000000 -10.000000000
1776608203.843029261 0.614779234 0.250979096 0.174957395 0.148833707 0.987586200 0.050215889 0.000657838 5.508382797 -1.515150905 -10.100003242 0.000000000 0.000000000 -10.000000000
1776608203.847649097 0.615170419 0.250947803 0.174951941 0.149299771 0.987507999 0.050372805 0.000361201 5.560011864 -1.475288868 -10.076678276 0.000000000 0.000000000 -10.000000000
1776608203.852508545 0.615564108 0.250910908 0.174959153 0.149800494 0.987422526 0.050562926 0.000048757 5.600688934 -1.432395339 -10.054630280 0.000000000 0.000000000 -10.000000000
1776608203.857397556 0.615932882 0.250860244 0.174985886 0.150328949 0.987331331 0.050774094 -0.000298798 5.630585670 -1.386682391 -10.034303665 0.000000000 0.000000000 -10.000000000
1776608203.862436771 0.616308928 0.250811130 0.175033242 0.150874376 0.987235665 0.051012378 -0.000652138 5.649977207 -1.338395715 -10.016134262 0.000000000 0.000000000 -10.000000000
1776608203.867442131 0.616308928 0.250811130 0.175033242 0.150874376 0.987235665 0.051012378 -0.000652138 5.659233570 -1.287807584 -10.000535965 0.000000000 0.000000000 -10.000000000
1776608203.872494936 0.617022872 0.250742853 0.175141662 0.151990488 0.987034857 0.051565461 -0.001423700 5.658810616 -1.235208511 -9.987900734 0.000000000 0.000000000 -10.000000000
1776608203.877470493 0.617324352 0.250699162 0.175156116 0.152571425 0.986929476 0.051851984 -0.001882899 5.649242401 -1.180901647 -9.978588104 0.000000000 0.000000000 -10.000000000
1776608203.882388115 0.617324352 0.250699162 0.175156116 0.152571425 0.986929476 0.051851984 -0.001882899 5.631130695 -1.125197649 -9.972917557 0.000000000 0.000000000 -10.000000000
1776608203.887411594 0.617574215 0.250598609 0.175140351 0.153179914 0.986820757 0.052104101 -0.002411660 5.605136871 -1.068410158 -9.971168518 0.000000000 0.000000000 -10.000000000
1776608203.892393351 0.617807686 0.250469565 0.175117910 0.153805897 0.986708641 0.052354023 -0.002969753 5.571969032 -1.010847211 -9.973577499 0.000000000 0.000000000 -10.000000000
1776608203.897429705 0.618057132 0.250330657 0.175107330 0.154437020 0.986594260 0.052618347 -0.003506854 5.532369137 -0.952805579 -9.980337143 0.000000000 0.000000000 -10.000000000
1776608203.902482033 0.618516564 0.250011772 0.175062537 0.155745760 0.986354411 0.053165756 -0.004646138 5.487102509 -0.894564092 -9.991592407 0.000000000 0.000000000 -10.000000000
1776608203.907409430 0.618717015 0.249798432 0.175016642 0.156415612 0.986231863 0.053415753 -0.005257627 5.436946869 -0.836378574 -10.007442474 0.000000000 0.000000000 -10.000000000
1776608203.912959576 0.618901491 0.249564126 0.174972624 0.157092839 0.986106992 0.053667448 -0.005888664 5.382681847 -0.778476119 -10.027935982 0.000000000 0.000000000 -10.000000000
1776608203.917418242 0.619101882 0.249338686 0.174935609 0.157738432 0.985985100 0.053941719 -0.006501187 5.325075150 -0.721049726 -10.053073883 0.000000000 0.000000000 -10.000000000
1776608203.922811747 0.619292796 0.249162316 0.174906582 0.158287913 0.985875428 0.054258551 -0.007108569 5.264874935 -0.664253652 -10.082811356 0.000000000 0.000000000 -10.000000000
1776608203.927456617 0.619461894 0.248978004 0.174875289 0.158770710 0.985775590 0.054575704 -0.007732600 5.202798843 -0.608201981 -10.117057800 0.000000000 0.000000000 -10.000000000
1776608203.932905436 0.619461894 0.248978004 0.174875289 0.158770710 0.985775590 0.054575704 -0.007732600 5.139529228 -0.552968800 -10.155683517 0.000000000 0.000000000 -10.000000000
1776608203.938040018 0.619669676 0.248575687 0.174740344 0.159664661 0.985585451 0.055186845 -0.009109276 5.075706482 -0.498589396 -10.198520660 0.000000000 0.000000000 -10.000000000
1776608203.942832470 0.619761527 0.248353839 0.174676001 0.160036147 0.985500336 0.055508859 -0.009813587 5.011927128 -0.445059270 -10.245369911 0.000000000 0.000000000 -10.000000000
1776608203.947875738 0.619853020 0.248119533 0.174631685 0.160357237 0.985421300 0.055855673 -0.010515028 4.948737144 -0.392334044 -10.296008110 0.000000000 0.000000000 -10.000000000
1776608203.952440023 0.619941950 0.247861594 0.174586773 0.160652682 0.985345602 0.056204915 -0.011215518 4.886633396 -0.340329349 -10.350192070 0.000000000 0.000000000 -10.000000000
1776608203.957852125 0.620012105 0.247585461 0.174553156 0.160924554 0.985272288 0.056563742 -0.011930465 4.826058865 -0.288922161 -10.407660484 0.000000000 0.000000000 -10.000000000
1776608203.962465525 0.620012105 0.247585461 0.174553156 0.160924554 0.985272288 0.056563742 -0.011930465 4.767402649 -0.237953022 -10.468142509 0.000000000 0.000000000 -10.000000000
1776608203.967917442 0.620124876 0.247044459 0.174480170 0.161431909 0.985126615 0.057326160 -0.013378396 4.711000443 -0.187229678 -10.531358719 0.000000000 0.000000000 -10.000000000
1776608203.972497225 0.620175421 0.246784642 0.174439281 0.161674619 0.985052705 0.057737906 -0.014102072 4.657134056 -0.136531621 -10.597024918 0.000000000 0.000000000 -10.000000000
1776608203.977774620 0.620204031 0.246509954 0.174395710 0.161938906 0.984973729 0.058156352 -0.014844630 4.606034756 -0.085615508 -10.664856911 0.000000000 0.000000000 -10.000000000
1776608203.982461214 0.620239913 0.246234804 0.174372762 0.162219718 0.984890223 0.058596339 -0.015573171 4.557887077 -0.034220748 -10.734572411 0.000000000 0.000000000 -10.000000000
1776608203.987869978 0.620283186 0.245961845 0.174357295 0.162523657 0.984800398 0.059067458 -0.016288139 4.512830257 0.017925046 -10.805893898 0.000000000 0.000000000 -10.000000000
1776608203.992623806 0.620334148 0.245676517 0.174364150 0.162851989 0.984704733 0.059557937 -0.016991558 4.470963001 0.071100906 -10.878551483 0.000000000 0.000000000 -10.000000000
1776608203.997801781 0.620397985 0.245377541 0.174378723 0.163230285 0.984598994 0.060069710 -0.017673712 4.432345390 0.125586867 -10.952280998 0.000000000 0.000000000 -10.000000000
1776608204.002801180 0.620398581 0.245034605 0.174348533 0.163633719 0.984489024 0.060544733 -0.018432355 4.397003651 0.181658298 -11.026821136 0.000000000 0.000000000 -10.000000000
1776608204.007594347 0.620398581 0.245034605 0.174348533 0.163633719 0.984489024 0.060544733 -0.018432355 4.364925385 0.239581734 -11.101918221 0.000000000 0.000000000 -10.000000000
1776608204.012410641 0.620402515 0.244318053 0.174288124 0.164504036 0.984253764 0.061529271 -0.019926438 4.336061478 0.299611837 -11.177320480 0.000000000 0.000000000 -10.000000000
1776608204.017436743 0.620402515 0.244318053 0.174288124 0.164504036 0.984253764 0.061529271 -0.019926438 4.310324192 0.361988604 -11.252781868 0.000000000 0.000000000 -10.000000000
1776608204.022498608 0.620387137 0.243602306 0.174241245 0.165406212 0.984007239 0.062551022 -0.021398079 4.287584782 0.426933885 -11.328056335 0.000000000 0.000000000 -10.000000000
1776608204.027641773 0.620387137 0.243602306 0.174241245 0.165406212 0.984007239 0.062551022 -0.021398079 4.267677307 0.494647622 -11.402900696 0.000000000 0.000000000 -10.000000000
1776608204.032957077 0.620354950 0.242900342 0.174219519 0.166285977 0.983758450 0.063618921 -0.022824522 4.250401974 0.565304041 -11.477070808 0.000000000 0.000000000 -10.000000000
1776608204.037869930 0.620346606 0.242555216 0.174201787 0.166697755 0.983636916 0.064167000 -0.023512082 4.235527992 0.639047682 -11.550318718 0.000000000 0.000000000 -10.000000000
1776608204.042886496 0.620319188 0.242199212 0.174173862 0.167111173 0.983514428 0.064709038 -0.024206141 4.222798824 0.715990543 -11.622395515 0.000000000 0.000000000 -10.000000000
1776608204.047632933 0.620295465 0.241847366 0.174142182 0.167509750 0.983392775 0.065268561 -0.024882676 4.211935520 0.796210170 -11.693047523 0.000000000 0.000000000 -10.000000000
1776608204.052876949 0.620270371 0.241500646 0.174116820 0.167890668 0.983273089 0.065836400 -0.025540406 4.202642441 0.879749000 -11.762022972 0.000000000 0.000000000 -10.000000000
1776608204.057463884 0.620270371 0.241500646 0.174116820 0.167890668 0.983273089 0.065836400 -0.025540406 4.194608212 0.966614068 -11.829064369 0.000000000 0.000000000 -10.000000000
1776608204.062877893 0.620239913 0.240830153 0.174082994 0.168620259 0.983035445 0.067012861 -0.026791999 4.187513828 1.056776404 -11.893918037 0.000000000 0.000000000 -10.000000000
1776608204.067823172 0.620239913 0.240830153 0.174082994 0.168620259 0.983035445 0.067012861 -0.026791999 4.181032181 1.150171638 -11.956325531 0.000000000 0.000000000 -10.000000000
1776608204.072857618 0.620175242 0.240161031 0.174054831 0.169328004 0.982797265 0.068209901 -0.028016703 4.174836159 1.246700048 -12.016032219 0.000000000 0.000000000 -10.000000000
1776608204.077902079 0.620184183 0.239818007 0.174044520 0.169696271 0.982675254 0.068824723 -0.028559983 4.168601513 1.346229076 -12.072780609 0.000000000 0.000000000 -10.000000000
1776608204.082899570 0.620184183 0.239818007 0.174044520 0.169696271 0.982675254 0.068824723 -0.028559983 4.162013054 1.448595405 -12.126315117 0.000000000 0.000000000 -10.000000000
1776608204.087908745 0.620171666 0.239083543 0.173995078 0.170446336 0.982428789 0.070023723 -0.029638698 4.154772758 1.553606987 -12.176381111 0.000000000 0.000000000 -10.000000000
1776608204.092931032 0.620171666 0.239083543 0.173995078 0.170446336 0.982428789 0.070023723 -0.029638698 4.146602154 1.661046624 -12.222728729 0.000000000 0.000000000 -10.000000000
1776608204.097910404 0.620204091 0.238245547 0.173951954 0.171215340 0.982184291 0.071156800 -0.030594904 4.137246609 1.770674229 -12.265113831 0.000000000 0.000000000 -10.000000000
1776608204.102897644 0.620249093 0.237768009 0.173934728 0.171609506 0.982064009 0.071682312 -0.031017514 4.126480103 1.882231116 -12.303298950 0.000000000 0.000000000 -10.000000000
1776608204.107901096 0.620249093 0.237768009 0.173934728 0.171609506 0.982064009 0.071682312 -0.031017514 4.114109993 1.995443940 -12.337057114 0.000000000 0.000000000 -10.000000000
1776608204.112843513 0.620300949 0.237239257 0.173905909 0.171980172 0.981952429 0.072151564 -0.031407069 4.099981308 2.110029459 -12.366173744 0.000000000 0.000000000 -10.000000000
1776608204.117862940 0.620439768 0.236105055 0.173836350 0.172680154 0.981747150 0.072978362 -0.032065995 4.083977699 2.225698233 -12.390447617 0.000000000 0.000000000 -10.000000000
1776608204.122847080 0.620476365 0.235485494 0.173772067 0.172999337 0.981656313 0.073301636 -0.032388452 4.066025257 2.342156410 -12.409695625 0.000000000 0.000000000 -10.000000000
1776608204.127845287 0.620497167 0.234829560 0.173696041 0.173282504 0.981576443 0.073562928 -0.032700628 4.046089172 2.459110737 -12.423748970 0.000000000 0.000000000 -10.000000000
1776608204.132529974 0.620535731 0.234137252 0.173602819 0.173555106 0.981503427 0.073773906 -0.032970980 4.024173260 2.576271534 -12.432461739 0.000000000 0.000000000 -10.000000000
1776608204.137412548 0.620611846 0.233380899 0.173495740 0.173800021 0.981442988 0.073911704 -0.033171125 4.000320435 2.693356752 -12.435710907 0.000000000 0.000000000 -10.000000000
1776608204.142484426 0.620611846 0.233380899 0.173495740 0.173800021 0.981442988 0.073911704 -0.033171125 3.974610329 2.810096025 -12.433401108 0.000000000 0.000000000 -10.000000000
1776608204.148077488 0.620872676 0.231690526 0.173251033 0.174222693 0.981357336 0.073965266 -0.033366356 3.947164774 2.926230669 -12.425465584 0.000000000 0.000000000 -10.000000000
1776608204.153269529 0.620872676 0.231690526 0.173251033 0.174222693 0.981357336 0.073965266 -0.033366356 3.918146610 3.041515589 -12.411871910 0.000000000 0.000000000 -10.000000000
1776608204.157477617 0.621235371 0.229867294 0.172977149 0.174571633 0.981306911 0.073810935 -0.033367552 3.887759686 3.155716658 -12.392619133 0.000000000 0.000000000 -10.000000000
1776608204.163005352 0.621495068 0.228920132 0.172831148 0.174731359 0.981291950 0.073683456 -0.033253171 3.856245518 3.268609524 -12.367748260 0.000000000 0.000000000 -10.000000000
1776608204.167911530 0.621772647 0.227954149 0.172670305 0.174871489 0.981285095 0.073513046 -0.033096224 3.823879957 3.379976511 -12.337341309 0.000000000 0.000000000 -10.000000000
1776608204.172956467 0.622087777 0.226981655 0.172505438 0.175022796 0.981279075 0.073328279 -0.032883700 3.790969849 3.489605904 -12.301524162 0.000000000 0.000000000 -10.000000000
1776608204.178037167 0.622434795 0.226023853 0.172336131 0.175169945 0.981275499 0.073143072 -0.032617975 3.757850647 3.597289801 -12.260473251 0.000000000 0.000000000 -10.000000000
1776608204.182736635 0.622819901 0.225076929 0.172170788 0.175326094 0.981271386 0.072965153 -0.032299481 3.724883556 3.702825069 -12.214412689 0.000000000 0.000000000 -10.000000000
1776608204.187655926 0.623226345 0.224134132 0.172008812 0.175488234 0.981267154 0.072786748 -0.031949010 3.692453146 3.806013107 -12.163619995 0.000000000 0.000000000 -10.000000000
1776608204.192490816 0.623226345 0.224134132 0.172008812 0.175488234 0.981267154 0.072786748 -0.031949010 3.660962343 3.906658649 -12.108426094 0.000000000 0.000000000 -10.000000000
1776608204.197515965 0.624089479 0.222263262 0.171697468 0.175856173 0.981253505 0.072419569 -0.031170720 3.630826473 4.004572392 -12.049212456 0.000000000 0.000000000 -10.000000000
1776608204.202474356 0.624089479 0.222263262 0.171697468 0.175856173 0.981253505 0.072419569 -0.031170720 3.602467299 4.099572182 -11.986418724 0.000000000 0.000000000 -10.000000000
1776608204.207407236 0.625035405 0.220397010 0.171411783 0.176269293 0.981232822 0.072065689 -0.030296413 3.576303482 4.191483974 -11.920529366 0.000000000 0.000000000 -10.000000000
1776608204.212424517 0.625035405 0.220397010 0.171411783 0.176269293 0.981232822 0.072065689 -0.030296413 3.552745104 4.280147552 -11.852081299 0.000000000 0.000000000 -10.000000000
1776608204.217459917 0.625490069 0.219467014 0.171272039 0.176505446 0.981215835 0.071889073 -0.029887922 3.532184362 4.365416050 -11.781651497 0.000000000 0.000000000 -10.000000000
1776608204.222504616 0.626361728 0.217593431 0.171002507 0.176954344 0.981185615 0.071512461 -0.029119527 3.514987946 4.447160244 -11.709860802 0.000000000 0.000000000 -10.000000000
1776608204.227950335 0.626761496 0.216648743 0.170869946 0.177179471 0.981171012 0.071294911 -0.028773909 3.501490593 4.525273323 -11.637360573 0.000000000 0.000000000 -10.000000000
1776608204.232985497 0.627114713 0.215700462 0.170731485 0.177398294 0.981157303 0.071056850 -0.028479982 3.491989851 4.599672318 -11.564837456 0.000000000 0.000000000 -10.000000000
1776608204.237863302 0.627436757 0.214749724 0.170599669 0.177585334 0.981148601 0.070812397 -0.028222984 3.486740351 4.670303822 -11.493001938 0.000000000 0.000000000 -10.000000000
1776608204.242406130 0.627436757 0.214749724 0.170599669 0.177585334 0.981148601 0.070812397 -0.028222984 3.485950470 4.737144470 -11.422583580 0.000000000 0.000000000 -10.000000000
1776608204.247483015 0.628035009 0.212825462 0.170355439 0.177959248 0.981130719 0.070297122 -0.027771909 3.489778280 4.800203323 -11.354327202 0.000000000 0.000000000 -10.000000000
1776608204.252527952 0.628035009 0.212825462 0.170355439 0.177959248 0.981130719 0.070297122 -0.027771909 3.498330355 4.859519958 -11.288984299 0.000000000 0.000000000 -10.000000000
1776608204.258083344 0.628485978 0.210870296 0.170102537 0.178261772 0.981126666 0.069699027 -0.027482646 3.511660576 4.915166855 -11.227306366 0.000000000 0.000000000 -10.000000000
1776608204.262749672 0.628671229 0.209908098 0.169982195 0.178400338 0.981126606 0.069384530 -0.027380895 3.529767990 4.967247009 -11.170036316 0.000000000 0.000000000 -10.000000000
1776608204.267605543 0.628671229 0.209908098 0.169982195 0.178400338 0.981126606 0.069384530 -0.027380895 3.552598000 5.015893936 -11.117901802 0.000000000 0.000000000 -10.000000000
1776608204.272540569 0.629005492 0.208026826 0.169754863 0.178609252 0.981137097 0.068762705 -0.027211320 3.580044746 5.061271191 -11.071611404 0.000000000 0.000000000 -10.000000000
1776608204.277498722 0.629156649 0.207102895 0.169636548 0.178705648 0.981143594 0.068448372 -0.027136391 3.611955643 5.103568554 -11.031847000 0.000000000 0.000000000 -10.000000000
1776608204.282429934 0.629156649 0.207102895 0.169636548 0.178705648 0.981143594 0.068448372 -0.027136391 3.648137331 5.143000603 -10.999257088 0.000000000 0.000000000 -10.000000000
1776608204.287503481 0.629439116 0.205324441 0.169401199 0.178861469 0.981160522 0.067851640 -0.026995122 3.688361168 5.179801464 -10.974456787 0.000000000 0.000000000 -10.000000000
1776608204.292460918 0.629572630 0.204461142 0.169288516 0.178949043 0.981166363 0.067561366 -0.026931290 3.732368469 5.214221954 -10.958017349 0.000000000 0.000000000 -10.000000000
1776608204.297443390 0.629703701 0.203613162 0.169175476 0.179030165 0.981173038 0.067274481 -0.026865747 3.779875278 5.246526718 -10.950469971 0.000000000 0.000000000 -10.000000000
1776608204.302709103 0.629828334 0.202783555 0.169066519 0.179112986 0.981178522 0.066997536 -0.026805799 3.830577135 5.276990414 -10.952300072 0.000000000 0.000000000 -10.000000000
1776608204.307545424 0.629944503 0.201972276 0.168959141 0.179206803 0.981181204 0.066728093 -0.026753949 3.884154081 5.305896759 -10.963941574 0.000000000 0.000000000 -10.000000000
1776608204.312474489 0.630053341 0.201172501 0.168851018 0.179314733 0.981180370 0.066466793 -0.026709938 3.940274000 5.333534718 -10.985780716 0.000000000 0.000000000 -10.000000000
1776608204.317490578 0.630053341 0.201172501 0.168851018 0.179314733 0.981180370 0.066466793 -0.026709938 3.998596668 5.360195160 -11.018152237 0.000000000 0.000000000 -10.000000000
1776608204.322964668 0.630258203 0.199626073 0.168648392 0.179565221 0.981170356 0.065969475 -0.026627865 4.058777809 5.386168480 -11.061335564 0.000000000 0.000000000 -10.000000000
1776608204.327442408 0.630347073 0.198882043 0.168551326 0.179708198 0.981161058 0.065730922 -0.026597155 4.120471478 5.411744118 -11.115556717 0.000000000 0.000000000 -10.000000000
1776608204.332454205 0.630428314 0.198165476 0.168457657 0.179858357 0.981149137 0.065508381 -0.026571343 4.183335781 5.437203884 -11.180988312 0.000000000 0.000000000 -10.000000000
1776608204.337522984 0.630508840 0.197466135 0.168378592 0.180018127 0.981133997 0.065305546 -0.026546523 4.247033119 5.462822914 -11.257747650 0.000000000 0.000000000 -10.000000000
1776608204.342571497 0.630606532 0.196815848 0.168349326 0.180177897 0.981117010 0.065145649 -0.026483905 4.311231613 5.488862991 -11.345898628 0.000000000 0.000000000 -10.000000000
1776608204.347544670 0.630707204 0.196197927 0.168366969 0.180373654 0.981090546 0.065034129 -0.026406428 4.375609398 5.515571594 -11.445446968 0.000000000 0.000000000 -10.000000000
1776608204.352933884 0.630707204 0.196197927 0.168366969 0.180373654 0.981090546 0.065034129 -0.026406428 4.439852715 5.543173790 -11.556341171 0.000000000 0.000000000 -10.000000000
1776608204.357613325 0.630842805 0.195130154 0.168433189 0.180822536 0.981014788 0.064971000 -0.026305862 4.503658772 5.571867943 -11.678462982 0.000000000 0.000000000 -10.000000000
1776608204.362951994 0.630911469 0.194649458 0.168469638 0.181095257 0.980963111 0.065015294 -0.026247017 4.566733360 5.601817608 -11.811626434 0.000000000 0.000000000 -10.000000000
1776608204.367501259 0.630967498 0.194225401 0.168505698 0.181380481 0.980906487 0.065099895 -0.026184259 4.628795147 5.633147717 -11.955573082 0.000000000 0.000000000 -10.000000000
1776608204.372431993 0.631010175 0.193820834 0.168554485 0.181673497 0.980847418 0.065200232 -0.026115017 4.689574718 5.665940285 -12.109959602 0.000000000 0.000000000 -10.000000000
1776608204.377422810 0.631061792 0.193464369 0.168638855 0.181973428 0.980784416 0.065351613 -0.026014527 4.748816967 5.700233936 -12.274363518 0.000000000 0.000000000 -10.000000000
1776608204.382572412 0.631119192 0.193188503 0.168764532 0.182276323 0.980716467 0.065576762 -0.025888082 4.806278229 5.736022472 -12.448270798 0.000000000 0.000000000 -10.000000000
1776608204.387953520 0.631119192 0.193188503 0.168764532 0.182276323 0.980716467 0.065576762 -0.025888082 4.861723423 5.773251057 -12.631075859 0.000000000 0.000000000 -10.000000000
1776608204.392478466 0.631142676 0.192807719 0.168991536 0.182916015 0.980562329 0.066170126 -0.025705215 4.914921761 5.811815739 -12.822078705 0.000000000 0.000000000 -10.000000000
1776608204.397911072 0.631142676 0.192807719 0.168991536 0.182916015 0.980562329 0.066170126 -0.025705215 4.965641022 5.851560116 -13.020479202 0.000000000 0.000000000 -10.000000000
1776608204.402441740 0.631027997 0.192671433 0.169183701 0.183493748 0.980407596 0.066899754 -0.025602149 5.013640881 5.892275810 -13.225378990 0.000000000 0.000000000 -10.000000000
1776608204.407806873 0.630908370 0.192688793 0.169266760 0.183755010 0.980330586 0.067313842 -0.025589984 5.058671951 5.933705807 -13.435783386 0.000000000 0.000000000 -10.000000000
1776608204.412510157 0.630752444 0.192761928 0.169354469 0.183988944 0.980255842 0.067760482 -0.025593488 5.100471497 5.975545883 -13.650604248 0.000000000 0.000000000 -10.000000000
1776608204.417962074 0.630752444 0.192761928 0.169354469 0.183988944 0.980255842 0.067760482 -0.025593488 5.138762951 6.017450333 -13.868669510 0.000000000 0.000000000 -10.000000000
1776608204.422524452 0.630391061 0.192984819 0.169528663 0.184385017 0.980117679 0.068686031 -0.025567055 5.173254013 6.059036255 -14.088727951 0.000000000 0.000000000 -10.000000000
1776608204.427542210 0.630391061 0.192984819 0.169528663 0.184385017 0.980117679 0.068686031 -0.025567055 5.203637600 6.099891186 -14.309459686 0.000000000 0.000000000 -10.000000000
1776608204.432579994 0.630198359 0.193115786 0.169619530 0.184545651 0.980056405 0.069144674 -0.025522295 5.229589462 6.139575958 -14.529489517 0.000000000 0.000000000 -10.000000000
1776608204.437610626 0.629755020 0.193467140 0.169744521 0.184739098 0.979959548 0.070041358 -0.025395833 5.250771999 6.177632809 -14.747400284 0.000000000 0.000000000 -10.000000000
1776608204.442545176 0.629492879 0.193660289 0.169782728 0.184775934 0.979925215 0.070448272 -0.025328100 5.266836643 6.213584900 -14.961747169 0.000000000 0.000000000 -10.000000000
1776608204.447646618 0.629230440 0.193853527 0.169829845 0.184800953 0.979895175 0.070835218 -0.025228599 5.277429104 6.246946812 -15.171076775 0.000000000 0.000000000 -10.000000000
1776608204.452937841 0.629230440 0.193853527 0.169829845 0.184800953 0.979895175 0.070835218 -0.025228599 5.282192230 6.277225971 -15.373936653 0.000000000 0.000000000 -10.000000000
1776608204.458010435 0.628986895 0.194057077 0.169885635 0.184820876 0.979867876 0.071211599 -0.025081709 5.280770779 6.303929806 -15.568899155 0.000000000 0.000000000 -10.000000000
1776608204.463650227 0.628518343 0.194459170 0.170025319 0.184830502 0.979826450 0.071894377 -0.024677740 5.272820473 6.326572418 -15.754569054 0.000000000 0.000000000 -10.000000000
1776608204.467948675 0.628272772 0.194648430 0.170084566 0.184796348 0.979817271 0.072186969 -0.024443747 5.258015633 6.344680309 -15.929597855 0.000000000 0.000000000 -10.000000000
1776608204.473474979 0.628011107 0.194829822 0.170127660 0.184741527 0.979814112 0.072448790 -0.024208901 5.236056328 6.357796192 -16.092700958 0.000000000 0.000000000 -10.000000000
1776608204.477949381 0.627748907 0.194999352 0.170180917 0.184675872 0.979814649 0.072693728 -0.023950947 5.206678867 6.365487099 -16.242664337 0.000000000 0.000000000 -10.000000000
1776608204.483121395 0.627494752 0.195170119 0.170239002 0.184609070 0.979815781 0.072939433 -0.023671061 5.169657707 6.367346764 -16.378355026 0.000000000 0.000000000 -10.000000000
1776608204.487979412 0.627243817 0.195357561 0.170309722 0.184535950 0.979817748 0.073196284 -0.023366606 5.124808311 6.363001823 -16.498731613 0.000000000 0.000000000 -10.000000000
1776608204.492478371 0.626964748 0.195604950 0.170383453 0.184425130 0.979825258 0.073467255 -0.023072893 5.071990490 6.352112770 -16.602853775 0.000000000 0.000000000 -10.000000000
1776608204.497467756 0.626964748 0.195604950 0.170383453 0.184425130 0.979825258 0.073467255 -0.023072893 5.011111736 6.334379196 -16.689878464 0.000000000 0.000000000 -10.000000000
1776608204.502492189 0.626647472 0.195871115 0.170444399 0.184296548 0.979836106 0.073728740 -0.022804452 4.942125797 6.309538841 -16.759073257 0.000000000 0.000000000 -10.000000000
1776608204.507461548 0.626340091 0.196143359 0.170516759 0.184160516 0.979848444 0.073993511 -0.022515483 4.865038395 6.277372360 -16.809814453 0.000000000 0.000000000 -10.000000000
1776608204.512895346 0.626052320 0.196431831 0.170610815 0.184020042 0.979860604 0.074278772 -0.022193218 4.779908657 6.237706661 -16.841588974 0.000000000 0.000000000 -10.000000000
1776608204.517527580 0.625446796 0.197060481 0.170811325 0.183697760 0.979890943 0.074865714 -0.021541940 4.686851978 6.190418720 -16.853998184 0.000000000 0.000000000 -10.000000000
1776608204.523027420 0.625446796 0.197060481 0.170811325 0.183697760 0.979890943 0.074865714 -0.021541940 4.586042881 6.135436535 -16.846755981 0.000000000 0.000000000 -10.000000000
1776608204.527436972 0.624718666 0.197767451 0.171003670 0.183297008 0.979935586 0.075424798 -0.020964928 4.477717876 6.072741508 -16.819684982 0.000000000 0.000000000 -10.000000000
1776608204.532926083 0.624718666 0.197767451 0.171003670 0.183297008 0.979935586 0.075424798 -0.020964928 4.362171650 6.002369404 -16.772722244 0.000000000 0.000000000 -10.000000000
1776608204.537606716 0.623981476 0.198530227 0.171177626 0.182857677 0.979986846 0.075988367 -0.020362295 4.239757538 5.924408913 -16.705907822 0.000000000 0.000000000 -10.000000000
1776608204.542977810 0.623586953 0.198923200 0.171237618 0.182630390 0.980013967 0.076259799 -0.020081133 4.110888481 5.839003086 -16.619388580 0.000000000 0.000000000 -10.000000000
1776608204.547950506 0.623191893 0.199342161 0.171308696 0.182379916 0.980045080 0.076535657 -0.019786442 3.976031303 5.746350288 -16.513414383 0.000000000 0.000000000 -10.000000000
1776608204.552964449 0.622838795 0.199790910 0.171410561 0.182113424 0.980078220 0.076834545 -0.019436788 3.835704803 5.646703243 -16.388328552 0.000000000 0.000000000 -10.000000000
1776608204.557943583 0.622838795 0.199790910 0.171410561 0.182113424 0.980078220 0.076834545 -0.019436788 3.690471411 5.540369511 -16.244564056 0.000000000 0.000000000 -10.000000000
1776608204.562955618 0.622203827 0.200682133 0.171657085 0.181579843 0.980145454 0.077439263 -0.018622452 3.540931702 5.427709103 -16.082647324 0.000000000 0.000000000 -10.000000000
1776608204.568148851 0.621834338 0.201109320 0.171749085 0.181315660 0.980179727 0.077709712 -0.018263571 3.387718916 5.309126854 -15.903176308 0.000000000 0.000000000 -10.000000000
1776608204.572972775 0.621421576 0.201521769 0.171810001 0.181053981 0.980214417 0.077951849 -0.017961796 3.231496096 5.185073376 -15.706831932 0.000000000 0.000000000 -10.000000000
1776608204.577966213 0.620999157 0.201939821 0.171854943 0.180788770 0.980250001 0.078188948 -0.017660309 3.072953224 5.056036949 -15.494359970 0.000000000 0.000000000 -10.000000000
1776608204.582515717 0.620539844 0.202366650 0.171879530 0.180509180 0.980288684 0.078409173 -0.017393233 2.912801981 4.922543526 -15.266571045 0.000000000 0.000000000 -10.000000000
1776608204.587557077 0.620539844 0.202366650 0.171879530 0.180509180 0.980288684 0.078409173 -0.017393233 2.751770020 4.785151958 -15.024334908 0.000000000 0.000000000 -10.000000000
1776608204.592536449 0.620070398 0.202791333 0.171897322 0.180218413 0.980330527 0.078612819 -0.017127570 2.590593100 4.644451618 -14.768569946 0.000000000 0.000000000 -10.000000000
1776608204.597546339 0.619614482 0.203210533 0.171940565 0.179930940 0.980371952 0.078816846 -0.016840732 2.430004835 4.501056194 -14.500242233 0.000000000 0.000000000 -10.000000000
1776608204.602771044 0.619202673 0.203611225 0.172005832 0.179659277 0.980410457 0.079028182 -0.016504984 2.270729303 4.355600834 -14.220355034 0.000000000 0.000000000 -10.000000000
1776608204.607573032 0.618325174 0.204393804 0.172110796 0.179123878 0.980487108 0.079419315 -0.015882878 2.113471985 4.208734512 -13.929943085 0.000000000 0.000000000 -10.000000000
1776608204.613183022 0.618325174 0.204393804 0.172110796 0.179123878 0.980487108 0.079419315 -0.015882878 1.958915234 4.061115265 -13.630063057 0.000000000 0.000000000 -10.000000000
1776608204.617757082 0.617356002 0.205112889 0.172139645 0.178608939 0.980564177 0.079729289 -0.015360717 1.807711363 3.913400888 -13.321786880 0.000000000 0.000000000 -10.000000000
1776608204.622432232 0.616852343 0.205433607 0.172138542 0.178366736 0.980601788 0.079854853 -0.015119923 1.660478830 3.766243458 -13.006196976 0.000000000 0.000000000 -10.000000000
1776608204.627521992 0.616852343 0.205433607 0.172138542 0.178366736 0.980601788 0.079854853 -0.015119923 1.517797589 3.620282412 -12.684381485 0.000000000 0.000000000 -10.000000000
1776608204.632465601 0.616340339 0.205758274 0.172142327 0.178118780 0.980640590 0.079976045 -0.014886033 1.380207419 3.476140261 -12.357428551 0.000000000 0.000000000 -10.000000000
1776608204.637475014 0.615386844 0.206399322 0.172205061 0.177628577 0.980717123 0.080227554 -0.014337960 1.248204231 3.334418774 -12.026422501 0.000000000 0.000000000 -10.000000000
1776608204.642774105 0.615386844 0.206399322 0.172205061 0.177628577 0.980717123 0.080227554 -0.014337960 1.122237802 3.195696592 -11.692440033 0.000000000 0.000000000 -10.000000000
1776608204.647602558 0.614449382 0.207007408 0.172243625 0.177153960 0.980792522 0.080454618 -0.013767920 1.002710462 3.060523748 -11.356545448 0.000000000 0.000000000 -10.000000000
1776608204.652429104 0.614449382 0.207007408 0.172243625 0.177153960 0.980792522 0.080454618 -0.013767920 0.889975071 2.929418087 -11.019785881 0.000000000 0.000000000 -10.000000000
1776608204.657543421 0.613943279 0.207288295 0.172241062 0.176923096 0.980830789 0.080537595 -0.013522179 0.784331560 2.802861929 -10.683183670 0.000000000 0.000000000 -10.000000000
1776608204.662445068 0.612870693 0.207745299 0.172154784 0.176501796 0.980905771 0.080616653 -0.013110620 0.686022162 2.681300402 -10.347736359 0.000000000 0.000000000 -10.000000000
1776608204.667633533 0.612870693 0.207745299 0.172154784 0.176501796 0.980905771 0.080616653 -0.013110620 0.595227778 2.565142393 -10.014405251 0.000000000 0.000000000 -10.000000000
1776608204.672588825 0.611779392 0.208134502 0.172074884 0.176026657 0.980999529 0.080581538 -0.012694893 0.512066722 2.454764128 -9.684117317 0.000000000 0.000000000 -10.000000000
1776608204.678222179 0.611779392 0.208134502 0.172074884 0.176026657 0.980999529 0.080581538 -0.012694893 0.436593413 2.350511074 -9.357751846 0.000000000 0.000000000 -10.000000000
1776608204.682956457 0.610745072 0.208313584 0.172020435 0.175475284 0.981126606 0.080317564 -0.012168736 0.368797868 2.252699852 -9.036142349 0.000000000 0.000000000 -10.000000000
1776608204.688396215 0.610153019 0.208341062 0.171973199 0.175139427 0.981209755 0.080065496 -0.011961745 0.308607101 2.161621094 -8.720067978 0.000000000 0.000000000 -10.000000000
1776608204.692854881 0.609517872 0.208305001 0.171916187 0.174782470 0.981302381 0.079735138 -0.011791342 0.255888194 2.077539921 -8.410250664 0.000000000 0.000000000 -10.000000000
1776608204.697449207 0.608783722 0.208190888 0.171819657 0.174395517 0.981408119 0.079288863 -0.011730168 0.210449293 2.000697136 -8.107356071 0.000000000 0.000000000 -10.000000000
1776608204.702434540 0.608783722 0.208190888 0.171819657 0.174395517 0.981408119 0.079288863 -0.011730168 0.172038570 1.931311011 -7.811991692 0.000000000 0.000000000 -10.000000000
1776608204.707713127 0.608021438 0.208043396 0.171714157 0.173977405 0.981523573 0.078782298 -0.011691831 0.140343890 1.869576335 -7.524710655 0.000000000 0.000000000 -10.000000000
1776608204.712963104 0.607183158 0.207850903 0.171580017 0.173550189 0.981644332 0.078209631 -0.011746597 0.114994064 1.815663695 -7.246011734 0.000000000 0.000000000 -10.000000000
1776608204.717504501 0.605416596 0.207348853 0.171344608 0.172676593 0.981896222 0.076935567 -0.011982057 0.095561668 1.769717455 -6.976342678 0.000000000 0.000000000 -10.000000000
1776608204.722948551 0.605416596 0.207348853 0.171344608 0.172676593 0.981896222 0.076935567 -0.011982057 0.081567682 1.731853604 -6.716105938 0.000000000 0.000000000 -10.000000000
1776608204.727495432 0.603402913 0.206730172 0.171107113 0.171797574 0.982154369 0.075508066 -0.012526850 0.072488278 1.702156067 -6.465659618 0.000000000 0.000000000 -10.000000000
1776608204.732447386 0.603402913 0.206730172 0.171107113 0.171797574 0.982154369 0.075508066 -0.012526850 0.067762710 1.680672050 -6.225322723 0.000000000 0.000000000 -10.000000000
1776608204.737471342 0.602279961 0.206377745 0.170961916 0.171367019 0.982282937 0.074738726 -0.012948661 0.066800259 1.667409420 -5.995377064 0.000000000 0.000000000 -10.000000000
1776608204.742444992 0.599759758 0.205670312 0.170628667 0.170549765 0.982527494 0.073155947 -0.014168612 0.068985969 1.662334085 -5.776067257 0.000000000 0.000000000 -10.000000000
1776608204.747465611 0.599759758 0.205670312 0.170628667 0.170549765 0.982527494 0.073155947 -0.014168612 0.073686913 1.665367842 -5.567602158 0.000000000 0.000000000 -10.000000000
1776608204.752466202 0.598406613 0.205306679 0.170447320 0.170186102 0.982638180 0.072363272 -0.014916600 0.080259480 1.676385522 -5.370157242 0.000000000 0.000000000 -10.000000000
1776608204.757490158 0.596998394 0.204966784 0.170292675 0.169896692 0.982730508 0.071606934 -0.015758248 0.088057324 1.695212960 -5.183878899 0.000000000 0.000000000 -10.000000000
1776608204.762953520 0.595592618 0.204645544 0.170174599 0.169695109 0.982803047 0.070890717 -0.016622238 0.096440271 1.721625090 -5.008883476 0.000000000 0.000000000 -10.000000000
1776608204.768028259 0.592706978 0.204063222 0.170006424 0.169660583 0.982867420 0.069599710 -0.018514140 0.104784846 1.755345345 -4.845260143 0.000000000 0.000000000 -10.000000000
1776608204.772932529 0.591223538 0.203788131 0.169933468 0.169793621 0.982866228 0.069008410 -0.019542824 0.112496719 1.796043396 -4.693072796 0.000000000 0.000000000 -10.000000000
1776608204.777974844 0.589781404 0.203517869 0.169860214 0.170010835 0.982846797 0.068457976 -0.020541733 0.119024664 1.843336463 -4.552356720 0.000000000 0.000000000 -10.000000000
1776608204.782927275 0.588416159 0.203269690 0.169791013 0.170276985 0.982815385 0.067963108 -0.021464402 0.123875618 1.896790147 -4.423120022 0.000000000 0.000000000 -10.000000000
1776608204.787508249 0.588416159 0.203269690 0.169791013 0.170276985 0.982815385 0.067963108 -0.021464402 0.126629546 1.955921292 -4.305339813 0.000000000 0.000000000 -10.000000000
1776608204.793449879 0.587075531 0.203019828 0.169700712 0.170553431 0.982780576 0.067484282 -0.022354309 0.126951396 2.020200491 -4.198958397 0.000000000 0.000000000 -10.000000000
1776608204.797557831 0.584531248 0.202478260 0.169475198 0.171038345 0.982723355 0.066533148 -0.023960054 0.124595523 2.089061260 -4.103884220 0.000000000 0.000000000 -10.000000000
1776608204.802990675 0.583394647 0.202199966 0.169392705 0.171213269 0.982706368 0.066095911 -0.024608772 0.119403392 2.161911726 -4.019989967 0.000000000 0.000000000 -10.000000000
1776608204.807887793 0.582353592 0.201910213 0.169335246 0.171333686 0.982699394 0.065684378 -0.025143456 0.111299112 2.238146067 -3.947113991 0.000000000 0.000000000 -10.000000000
1776608204.812873840 0.581341863 0.201603264 0.169283539 0.171393707 0.982703388 0.065275468 -0.025638208 0.100284748 2.317153215 -3.885060549 0.000000000 0.000000000 -10.000000000
1776608204.817883492 0.580343127 0.201297686 0.169234574 0.171420872 0.982711732 0.064888470 -0.026116505 0.086435325 2.398319483 -3.833599091 0.000000000 0.000000000 -10.000000000
1776608204.822926044 0.580343127 0.201297686 0.169234574 0.171420872 0.982711732 0.064888470 -0.026116505 0.069893517 2.481032372 -3.792464972 0.000000000 0.000000000 -10.000000000
1776608204.827856779 0.579402864 0.201010093 0.169178963 0.171442673 0.982718587 0.064555444 -0.026535915 0.050864235 2.564680576 -3.761357784 0.000000000 0.000000000 -10.000000000
1776608204.832877636 0.577594280 0.200469643 0.169022530 0.171456978 0.982730746 0.064008370 -0.027307726 0.029608052 2.648656845 -3.739943266 0.000000000 0.000000000 -10.000000000
1776608204.837891340 0.577594280 0.200469643 0.169022530 0.171456978 0.982730746 0.064008370 -0.027307726 0.006431557 2.732359886 -3.727854729 0.000000000 0.000000000 -10.000000000
1776608204.843151331 0.576013684 0.200062573 0.168934703 0.171520442 0.982721984 0.063731357 -0.027866630 -0.018324733 2.815201521 -3.724696398 0.000000000 0.000000000 -10.000000000
1776608204.848086834 0.575354695 0.199915513 0.168950826 0.171573922 0.982711494 0.063690826 -0.027999988 -0.044297788 2.896609545 -3.730046511 0.000000000 0.000000000 -10.000000000
1776608204.852856636 0.574765265 0.199804366 0.168980211 0.171637684 0.982697845 0.063705347 -0.028055644 -0.071111038 2.976032019 -3.743460655 0.000000000 0.000000000 -10.000000000
1776608204.857932329 0.574203491 0.199728787 0.169005781 0.171720535 0.982678294 0.063771263 -0.028083276 -0.098379917 3.052938223 -3.764472485 0.000000000 0.000000000 -10.000000000
1776608204.862926960 0.574203491 0.199728787 0.169005781 0.171720535 0.982678294 0.063771263 -0.028083276 -0.125714645 3.126816273 -3.792595387 0.000000000 0.000000000 -10.000000000
1776608204.867679358 0.573267639 0.199702621 0.169013530 0.171957493 0.982619703 0.064097449 -0.027941119 -0.152721792 3.197171926 -3.827323437 0.000000000 0.000000000 -10.000000000
1776608204.873057365 0.572944701 0.199768350 0.169020087 0.172109708 0.982580781 0.064386010 -0.027706975 -0.179006785 3.263525248 -3.868133068 0.000000000 0.000000000 -10.000000000
1776608204.877420425 0.572676778 0.199888974 0.169008374 0.172280744 0.982535481 0.064744458 -0.027414519 -0.204179019 3.325409174 -3.914484501 0.000000000 0.000000000 -10.000000000
1776608204.882586241 0.572494090 0.200066656 0.169009089 0.172468498 0.982484043 0.065186508 -0.027027305 -0.227858901 3.382369995 -3.965823412 0.000000000 0.000000000 -10.000000000
1776608204.887450695 0.572392106 0.200290307 0.169027418 0.172668308 0.982427955 0.065694384 -0.026556304 -0.249684229 3.433967590 -4.021583557 0.000000000 0.000000000 -10.000000000
1776608204.892637014 0.572379768 0.200547963 0.169071585 0.172859207 0.982372582 0.066246875 -0.025983833 -0.269315213 3.479777813 -4.081192970 0.000000000 0.000000000 -10.000000000
1776608204.897627831 0.572415411 0.200855479 0.169132859 0.173032761 0.982318044 0.066843279 -0.025355393 -0.286438972 3.519397497 -4.144079208 0.000000000 0.000000000 -10.000000000
1776608204.902934313 0.572478473 0.201198563 0.169189245 0.173184976 0.982265830 0.067461871 -0.024692778 -0.300773561 3.552448750 -4.209668636 0.000000000 0.000000000 -10.000000000
1776608204.907577038 0.572535396 0.201546878 0.169233799 0.173304245 0.982219994 0.068060502 -0.024028121 -0.312070996 3.578584671 -4.277392387 0.000000000 0.000000000 -10.000000000
1776608204.912439108 0.572588801 0.201911896 0.169268996 0.173382431 0.982181609 0.068643898 -0.023362542 -0.320118278 3.597491741 -4.346686840 0.000000000 0.000000000 -10.000000000
1776608204.917454958 0.572690368 0.202296481 0.169315517 0.173417330 0.982151628 0.069226116 -0.022635188 -0.324737489 3.608894348 -4.417000771 0.000000000 0.000000000 -10.000000000
1776608204.922458410 0.572830021 0.202697188 0.169382244 0.173396453 0.982133090 0.069790788 -0.021850968 -0.325784981 3.612560272 -4.487796307 0.000000000 0.000000000 -10.000000000
1776608204.927913904 0.572965026 0.203137085 0.169451386 0.173312426 0.982125938 0.070340827 -0.021062786 -0.323150873 3.608302116 -4.558554649 0.000000000 0.000000000 -10.000000000
1776608204.932890415 0.573073208 0.203586563 0.169507563 0.173174173 0.982129931 0.070848718 -0.020297987 -0.316759109 3.595979214 -4.628774166 0.000000000 0.000000000 -10.000000000
1776608204.937704086 0.573197305 0.204039395 0.169569343 0.172983497 0.982145429 0.071318433 -0.019511936 -0.306568354 3.575498343 -4.697973251 0.000000000 0.000000000 -10.000000000
1776608204.942431211 0.573367655 0.204513133 0.169630855 0.172745273 0.982170522 0.071773767 -0.018673435 -0.292573571 3.546813488 -4.765693665 0.000000000 0.000000000 -10.000000000
1776608204.947489262 0.573572040 0.205022320 0.169703901 0.172454163 0.982204974 0.072223760 -0.017795131 -0.274807692 3.509927988 -4.831498623 0.000000000 0.000000000 -10.000000000
1776608204.952838182 0.573763371 0.205569282 0.169768691 0.172107756 0.982249379 0.072652668 -0.016932834 -0.253342569 3.464895010 -4.894979954 0.000000000 0.000000000 -10.000000000
1776608204.957484007 0.573947847 0.206149772 0.169835150 0.171707377 0.982303619 0.073060185 -0.016074665 -0.228287950 3.411817074 -4.955758095 0.000000000 0.000000000 -10.000000000
1776608204.962942600 0.574134767 0.206736609 0.169903308 0.171258450 0.982368350 0.073425591 -0.015218713 -0.199789003 3.350849390 -5.013484001 0.000000000 0.000000000 -10.000000000
1776608204.967879772 0.574307740 0.207338184 0.169971704 0.170755550 0.982444584 0.073744930 -0.014384626 -0.168023601 3.282198429 -5.067840099 0.000000000 0.000000000 -10.000000000
1776608204.972771168 0.574464917 0.207964018 0.170042157 0.170196608 0.982532263 0.074021749 -0.013572465 -0.133199409 3.206122875 -5.118543148 0.000000000 0.000000000 -10.000000000
1776608204.977764845 0.574567378 0.208571866 0.170082033 0.169635385 0.982623756 0.074227251 -0.012833140 -0.095549673 3.122933388 -5.165342808 0.000000000 0.000000000 -10.000000000
1776608204.982869864 0.574636221 0.209171206 0.170115650 0.169083297 0.982716858 0.074370287 -0.012144829 -0.055328336 3.032990932 -5.208022594 0.000000000 0.000000000 -10.000000000
1776608204.988061666 0.574725509 0.209788129 0.170172900 0.168540955 0.982810140 0.074479356 -0.011443921 -0.012805994 2.936709404 -5.246402740 0.000000000 0.000000000 -10.000000000
1776608204.993023157 0.574800491 0.210395634 0.170222253 0.168038502 0.982899249 0.074537434 -0.010782005 0.031732749 2.834554911 -5.280337811 0.000000000 0.000000000 -10.000000000
1776608204.997457743 0.574882329 0.211001649 0.170279354 0.167598411 0.982979655 0.074558370 -0.010138599 0.077991694 2.727042913 -5.309720516 0.000000000 0.000000000 -10.000000000
1776608205.002485752 0.574930727 0.211615086 0.170341223 0.167187631 0.983057201 0.074535877 -0.009550415 0.125665799 2.614731073 -5.334476948 0.000000000 0.000000000 -10.000000000
1776608205.007491350 0.574979186 0.212219283 0.170388252 0.166838452 0.983125985 0.074481212 -0.008989397 0.174444675 2.498212099 -5.354566574 0.000000000 0.000000000 -10.000000000
1776608205.012451649 0.575034678 0.212806895 0.170431972 0.166527450 0.983190358 0.074390285 -0.008450666 0.224016756 2.378105879 -5.369979858 0.000000000 0.000000000 -10.000000000
1776608205.017459631 0.575034678 0.212806895 0.170431972 0.166527450 0.983190358 0.074390285 -0.008450666 0.274073482 2.255054474 -5.380733013 0.000000000 0.000000000 -10.000000000
1776608205.022937536 0.575195849 0.213991731 0.170527607 0.165995345 0.983306944 0.074149884 -0.007403526 0.324313700 2.129717827 -5.386868477 0.000000000 0.000000000 -10.000000000
1776608205.027687073 0.575195849 0.213991731 0.170527607 0.165995345 0.983306944 0.074149884 -0.007403526 0.374449044 2.002767324 -5.388453007 0.000000000 0.000000000 -10.000000000
1776608205.032604218 0.575402558 0.215146691 0.170654774 0.165557593 0.983411789 0.073830418 -0.006407949 0.424210131 1.874878883 -5.385574818 0.000000000 0.000000000 -10.000000000
1776608205.037456751 0.575557888 0.215692520 0.170714915 0.165360123 0.983462870 0.073635608 -0.005886971 0.473352790 1.746726990 -5.378345013 0.000000000 0.000000000 -10.000000000
1776608205.042465925 0.575709999 0.216227561 0.170768797 0.165167749 0.983513892 0.073422283 -0.005400724 0.521663427 1.618978143 -5.366897106 0.000000000 0.000000000 -10.000000000
1776608205.047618628 0.575878918 0.216743723 0.170822442 0.164967373 0.983567774 0.073184982 -0.004917217 0.568961859 1.492285728 -5.351384640 0.000000000 0.000000000 -10.000000000
1776608205.052497864 0.576084375 0.217256829 0.170894951 0.164758235 0.983623207 0.072942935 -0.004412083 0.615102232 1.367286444 -5.331980228 0.000000000 0.000000000 -10.000000000
1776608205.057914257 0.576084375 0.217256829 0.170894951 0.164758235 0.983623207 0.072942935 -0.004412083 0.659972072 1.244595528 -5.308871746 0.000000000 0.000000000 -10.000000000
1776608205.062911272 0.576567888 0.218240798 0.171072155 0.164301947 0.983741939 0.072423942 -0.003379195 0.703491092 1.124803066 -5.282259941 0.000000000 0.000000000 -10.000000000
1776608205.067901373 0.576839507 0.218699932 0.171154201 0.164055541 0.983806252 0.072130941 -0.002865728 0.745610058 1.008469224 -5.252355576 0.000000000 0.000000000 -10.000000000
1776608205.072488308 0.577079058 0.219135642 0.171198070 0.163797647 0.983874857 0.071796395 -0.002416778 0.786309183 0.896120131 -5.219377518 0.000000000 0.000000000 -10.000000000
1776608205.077531576 0.577303171 0.219563961 0.171228737 0.163526192 0.983946919 0.071439877 -0.002006797 0.825595200 0.788245380 -5.183551311 0.000000000 0.000000000 -10.000000000
1776608205.082489491 0.577303171 0.219563961 0.171228737 0.163526192 0.983946919 0.071439877 -0.002006797 0.863496840 0.685297966 -5.145109653 0.000000000 0.000000000 -10.000000000
1776608205.087476730 0.577761710 0.220384687 0.171324670 0.162985906 0.984091878 0.070690818 -0.001254664 0.900058627 0.587693572 -5.104292393 0.000000000 0.000000000 -10.000000000
1776608205.092575550 0.577987552 0.220782116 0.171372235 0.162719637 0.984164536 0.070297018 -0.000923690 0.935334802 0.495809346 -5.061348915 0.000000000 0.000000000 -10.000000000
1776608205.097986698 0.577987552 0.220782116 0.171372235 0.162719637 0.984164536 0.070297018 -0.000923690 0.969385982 0.409982383 -5.016534805 0.000000000 0.000000000 -10.000000000
1776608205.103054047 0.578410327 0.221546590 0.171425611 0.162243307 0.984302282 0.069469079 -0.000372429 1.002277136 0.330506742 -4.970112801 0.000000000 0.000000000 -10.000000000
1776608205.108011723 0.578576088 0.221901983 0.171430409 0.162039340 0.984367192 0.069024786 -0.000179467 1.034076095 0.257630914 -4.922349930 0.000000000 0.000000000 -10.000000000
1776608205.112905979 0.578703463 0.222247824 0.171412259 0.161857873 0.984429419 0.068562113 -0.000053577 1.064850926 0.191555589 -4.873516560 0.000000000 0.000000000 -10.000000000
1776608205.117495060 0.578830421 0.222577080 0.171388268 0.161700368 0.984487891 0.068092525 0.000037000 1.094666719 0.132432342 -4.823886395 0.000000000 0.000000000 -10.000000000
1776608205.122616053 0.578951359 0.222901613 0.171371967 0.161553189 0.984544992 0.067614406 0.000101843 1.123581648 0.080363117 -4.773735523 0.000000000 0.000000000 -10.000000000
1776608205.127409697 0.578951359 0.222901613 0.171371967 0.161553189 0.984544992 0.067614406 0.000101843 1.151644111 0.035399105 -4.723344326 0.000000000 0.000000000 -10.000000000
1776608205.133030415 0.579048693 0.223191559 0.171342880 0.161435202 0.984598637 0.067113012 0.000113884 1.178890705 -0.002460476 -4.672995567 0.000000000 0.000000000 -10.000000000
1776608205.137812853 0.579173446 0.223704770 0.171284169 0.161229908 0.984704316 0.066047624 -0.000014629 1.205345631 -0.033268280 -4.622973442 0.000000000 0.000000000 -10.000000000
1776608205.142636299 0.579219341 0.223957360 0.171244711 0.161139607 0.984755039 0.065509357 -0.000130700 1.231021285 -0.057127614 -4.573566437 0.000000000 0.000000000 -10.000000000
1776608205.147440910 0.579219341 0.223957360 0.171244711 0.161139607 0.984755039 0.065509357 -0.000130700 1.255918980 -0.074191853 -4.525063515 0.000000000 0.000000000 -10.000000000
1776608205.152470827 0.579323947 0.224407390 0.171169698 0.160983831 0.984853029 0.064409025 -0.000421736 1.280030131 -0.084664568 -4.477761269 0.000000000 0.000000000 -10.000000000
1776608205.157699108 0.579351902 0.224610105 0.171120495 0.160919204 0.984900534 0.063840307 -0.000623319 1.303338647 -0.088799357 -4.431959629 0.000000000 0.000000000 -10.000000000
1776608205.162534714 0.579331398 0.224812493 0.171061695 0.160853758 0.984948099 0.063265510 -0.000895327 1.325820327 -0.086898983 -4.387965679 0.000000000 0.000000000 -10.000000000
1776608205.167904377 0.579331398 0.224812493 0.171061695 0.160853758 0.984948099 0.063265510 -0.000895327 1.347445130 -0.079313792 -4.346093655 0.000000000 0.000000000 -10.000000000
1776608205.172557592 0.579377532 0.225210816 0.170979023 0.160720497 0.985040784 0.062142111 -0.001398308 1.368176937 -0.066439413 -4.306666851 0.000000000 0.000000000 -10.000000000
1776608205.177460432 0.579409957 0.225399241 0.170928150 0.160654962 0.985086739 0.061573926 -0.001661221 1.387975216 -0.048713222 -4.270015717 0.000000000 0.000000000 -10.000000000
1776608205.182708740 0.579434931 0.225576133 0.170863509 0.160583854 0.985133588 0.060998399 -0.001946111 1.406796694 -0.026609853 -4.236480236 0.000000000 0.000000000 -10.000000000
1776608205.187624454 0.579465687 0.225763232 0.170807898 0.160500124 0.985181808 0.060427833 -0.002236658 1.424597144 -0.000636066 -4.206403255 0.000000000 0.000000000 -10.000000000
1776608205.192445517 0.579511702 0.225933895 0.170750707 0.160419971 0.985229135 0.059855003 -0.002524172 1.441333413 0.028675441 -4.180129528 0.000000000 0.000000000 -10.000000000
1776608205.198255301 0.579577804 0.226123556 0.170719922 0.160335615 0.985275447 0.059304141 -0.002795910 1.456964612 0.060773373 -4.157999039 0.000000000 0.000000000 -10.000000000
1776608205.202445745 0.579700887 0.226324439 0.170734644 0.160258323 0.985318124 0.058790773 -0.003025445 1.471452475 0.095093161 -4.140342712 0.000000000 0.000000000 -10.000000000
1776608205.207433224 0.579834878 0.226529643 0.170761764 0.160172775 0.985361278 0.058286428 -0.003250277 1.484760761 0.131058857 -4.127486229 0.000000000 0.000000000 -10.000000000
1776608205.212530613 0.579961896 0.226741001 0.170771599 0.160103887 0.985400319 0.057799041 -0.003498873 1.496855259 0.168085128 -4.119754314 0.000000000 0.000000000 -10.000000000
1776608205.217482567 0.580045223 0.226996288 0.170759737 0.160037428 0.985436559 0.057343908 -0.003811063 1.507705212 0.205580741 -4.117465019 0.000000000 0.000000000 -10.000000000
1776608205.222398996 0.580108523 0.227252349 0.170733243 0.159995541 0.985467553 0.056901909 -0.004163590 1.517284274 0.242951944 -4.120927811 0.000000000 0.000000000 -10.000000000
1776608205.227437496 0.580108523 0.227252349 0.170733243 0.159995541 0.985467553 0.056901909 -0.004163590 1.525571227 0.279606432 -4.130436420 0.000000000 0.000000000 -10.000000000
1776608205.232451200 0.580311596 0.227749690 0.170684397 0.159977019 0.985513806 0.056093320 -0.004839293 1.532549858 0.314958572 -4.146268845 0.000000000 0.000000000 -10.000000000
1776608205.237568617 0.580311596 0.227749690 0.170684397 0.159977019 0.985513806 0.056093320 -0.004839293 1.538210869 0.348434985 -4.168684006 0.000000000 0.000000000 -10.000000000
1776608205.242454767 0.580433011 0.228021771 0.170673102 0.159983397 0.985531151 0.055738911 -0.005176286 1.542554021 0.379480600 -4.197918892 0.000000000 0.000000000 -10.000000000
1776608205.247753382 0.580558479 0.228314340 0.170670003 0.160002515 0.985544443 0.055415373 -0.005519212 1.545590997 0.407564372 -4.234188080 0.000000000 0.000000000 -10.000000000
1776608205.252640486 0.580874741 0.228896618 0.170690447 0.160077497 0.985560715 0.054836139 -0.006184362 1.547347069 0.432184786 -4.277679443 0.000000000 0.000000000 -10.000000000
1776608205.257407665 0.581077754 0.229192525 0.170717061 0.160132349 0.985563755 0.054585893 -0.006489529 1.547860980 0.452875286 -4.328553200 0.000000000 0.000000000 -10.000000000
1776608205.262429953 0.581077754 0.229192525 0.170717061 0.160132349 0.985563755 0.054585893 -0.006489529 1.547184587 0.469208568 -4.386937618 0.000000000 0.000000000 -10.000000000
1776608205.267421007 0.581382394 0.229746774 0.170703053 0.160231769 0.985571265 0.054062631 -0.007227480 1.545381665 0.480799615 -4.452926159 0.000000000 0.000000000 -10.000000000
1776608205.272425890 0.581513405 0.230014309 0.170692712 0.160284549 0.985573947 0.053801160 -0.007632725 1.542528272 0.487307638 -4.526577473 0.000000000 0.000000000 -10.000000000
1776608205.277389765 0.581655383 0.230279595 0.170692444 0.160337478 0.985575974 0.053548675 -0.008028105 1.538712382 0.488438368 -4.607912064 0.000000000 0.000000000 -10.000000000
1776608205.282814026 0.581818461 0.230536446 0.170708060 0.160352588 0.985583544 0.053305537 -0.008403271 1.534034133 0.483945847 -4.696912766 0.000000000 0.000000000 -10.000000000
1776608205.287888765 0.582003176 0.230786085 0.170733720 0.160356238 0.985592365 0.053074270 -0.008757483 1.528606534 0.473633558 -4.793526649 0.000000000 0.000000000 -10.000000000
1776608205.292893171 0.582189858 0.231031373 0.170757085 0.160365909 0.985600114 0.052840769 -0.009115170 1.522554874 0.457353801 -4.897665024 0.000000000 0.000000000 -10.000000000
1776608205.297878027 0.582410038 0.231275409 0.170789123 0.160392031 0.985604525 0.052619409 -0.009448604 1.516016603 0.435007364 -5.009204388 0.000000000 0.000000000 -10.000000000
1776608205.303079367 0.582654774 0.231508449 0.170825154 0.160409495 0.985610008 0.052406061 -0.009764552 1.509142160 0.406543285 -5.127991676 0.000000000 0.000000000 -10.000000000
1776608205.307893753 0.582850158 0.231735855 0.170839459 0.160386071 0.985622287 0.052176654 -0.010129660 1.502094150 0.371958256 -5.253843784 0.000000000 0.000000000 -10.000000000
1776608205.312880278 0.583021581 0.231964201 0.170832098 0.160350889 0.985636711 0.051933717 -0.010523662 1.495048285 0.331295133 -5.386549473 0.000000000 0.000000000 -10.000000000
1776608205.317864418 0.583232224 0.232183844 0.170850188 0.160342574 0.985646188 0.051706605 -0.010876409 1.488192558 0.284640014 -5.525868893 0.000000000 0.000000000 -10.000000000
1776608205.322866440 0.583450496 0.232391059 0.170853555 0.160361141 0.985650897 0.051482100 -0.011233382 1.481727719 0.232118085 -5.671537876 0.000000000 0.000000000 -10.000000000
1776608205.327471018 0.583671451 0.232592151 0.170854658 0.160383105 0.985654712 0.051260624 -0.011590753 1.475867033 0.173888698 -5.823266029 0.000000000 0.000000000 -10.000000000
1776608205.332801342 0.583671451 0.232592151 0.170854658 0.160383105 0.985654712 0.051260624 -0.011590753 1.470835209 0.110140644 -5.980740547 0.000000000 0.000000000 -10.000000000
1776608205.337527275 0.584221959 0.233032703 0.170880198 0.160357326 0.985671461 0.050877884 -0.012194259 1.466867566 0.041087948 -6.143631458 0.000000000 0.000000000 -10.000000000
1776608205.342825651 0.584561706 0.233258098 0.170912147 0.160340995 0.985679269 0.050720498 -0.012433002 1.464209795 -0.033033308 -6.311592579 0.000000000 0.000000000 -10.000000000
1776608205.347640514 0.584944844 0.233493865 0.170958310 0.160346314 0.985682487 0.050593719 -0.012625357 1.463116050 -0.111966938 -6.484264851 0.000000000 0.000000000 -10.000000000
1776608205.352863789 0.584944844 0.233493865 0.170958310 0.160346314 0.985682487 0.050593719 -0.012625357 1.463848233 -0.195438191 -6.661277294 0.000000000 0.000000000 -10.000000000
1776608205.357563257 0.585650682 0.233961731 0.171042860 0.160371006 0.985686123 0.050331026 -0.013066893 1.466674328 -0.283156306 -6.842250347 0.000000000 0.000000000 -10.000000000
1776608205.362406254 0.585650682 0.233961731 0.171042860 0.160371006 0.985686123 0.050331026 -0.013066893 1.471866131 -0.374817997 -7.026794434 0.000000000 0.000000000 -10.000000000
1776608205.368442774 0.586030006 0.234206647 0.171092093 0.160370141 0.985689700 0.050215874 -0.013253336 1.479697227 -0.470110923 -7.214513779 0.000000000 0.000000000 -10.000000000
1776608205.372424603 0.586852849 0.234678343 0.171165586 0.160379931 0.985693693 0.050021451 -0.013568058 1.490440488 -0.568716228 -7.405005932 0.000000000 0.000000000 -10.000000000
1776608205.377495289 0.586852849 0.234678343 0.171165586 0.160379931 0.985693693 0.050021451 -0.013568058 1.504365683 -0.670309603 -7.597860336 0.000000000 0.000000000 -10.000000000
1776608205.382403851 0.587309718 0.234913841 0.171204507 0.160381675 0.985695302 0.049952548 -0.013684424 1.521736026 -0.774561167 -7.792662621 0.000000000 0.000000000 -10.000000000
1776608205.387520552 0.587820351 0.235159636 0.171275914 0.160391808 0.985694647 0.049917888 -0.013736394 1.542805672 -0.881135643 -7.988993645 0.000000000 0.000000000 -10.000000000
1776608205.392410994 0.588879824 0.235696048 0.171411008 0.160425439 0.985689461 0.049900409 -0.013782015 1.567816734 -0.989692748 -8.186432838 0.000000000 0.000000000 -10.000000000
1776608205.397427320 0.588879824 0.235696048 0.171411008 0.160425439 0.985689461 0.049900409 -0.013782015 1.596996903 -1.099888682 -8.384556770 0.000000000 0.000000000 -10.000000000
1776608205.402413845 0.589445651 0.235962510 0.171476245 0.160442710 0.985686243 0.049912285 -0.013765324 1.630556226 -1.211378694 -8.582938194 0.000000000 0.000000000 -10.000000000
1776608205.407486916 0.590625823 0.236457229 0.171555072 0.160488784 0.985677600 0.049956832 -0.013684975 1.668683648 -1.323817730 -8.781150818 0.000000000 0.000000000 -10.000000000
1776608205.412625313 0.590625823 0.236457229 0.171555072 0.160488784 0.985677600 0.049956832 -0.013684975 1.711542368 -1.436861634 -8.978762627 0.000000000 0.000000000 -10.000000000
1776608205.417494774 0.591986001 0.237000287 0.171649277 0.160522848 0.985667050 0.050129615 -0.013414908 1.759266853 -1.550167203 -9.175341606 0.000000000 0.000000000 -10.000000000
1776608205.422409773 0.591986001 0.237000287 0.171649277 0.160522848 0.985667050 0.050129615 -0.013414908 1.811960340 -1.663394094 -9.370454788 0.000000000 0.000000000 -10.000000000
1776608205.427442789 0.593613148 0.237614602 0.171870649 0.160544932 0.985653281 0.050480273 -0.012833528 1.869692683 -1.776207089 -9.563672066 0.000000000 0.000000000 -10.000000000
1776608205.432758331 0.593613148 0.237614602 0.171870649 0.160544932 0.985653281 0.050480273 -0.012833528 1.932498336 -1.888278842 -9.754570961 0.000000000 0.000000000 -10.000000000
1776608205.437440872 0.594445288 0.237927258 0.171979576 0.160548329 0.985646188 0.050688364 -0.012509412 2.000374794 -1.999291301 -9.942732811 0.000000000 0.000000000 -10.000000000
1776608205.442420006 0.595258713 0.238234788 0.172059000 0.160561234 0.985636950 0.050898638 -0.012215921 2.073279142 -2.108937263 -10.127753258 0.000000000 0.000000000 -10.000000000
1776608205.447467327 0.596080363 0.238566115 0.172123224 0.160585091 0.985623896 0.051145550 -0.011922537 2.151124477 -2.216920376 -10.309238434 0.000000000 0.000000000 -10.000000000
1776608205.452443123 0.596910357 0.238935679 0.172173470 0.160625800 0.985605121 0.051444970 -0.011633026 2.233773947 -2.322954178 -10.486815453 0.000000000 0.000000000 -10.000000000
1776608205.457503796 0.597723663 0.239346161 0.172236413 0.160689160 0.985579312 0.051800035 -0.011367768 2.321035862 -2.426764250 -10.660129547 0.000000000 0.000000000 -10.000000000
1776608205.462496758 0.598513484 0.239787608 0.172311842 0.160770178 0.985547841 0.052194212 -0.011144787 2.412660360 -2.528087378 -10.828852654 0.000000000 0.000000000 -10.000000000
1776608205.467492819 0.599290311 0.240277961 0.172422171 0.160864428 0.985510290 0.052652158 -0.010945767 2.508338451 -2.626674175 -10.992684364 0.000000000 0.000000000 -10.000000000
1776608205.472682953 0.600844324 0.241361871 0.172688365 0.161119074 0.985414982 0.053721093 -0.010583607 2.607702732 -2.722289562 -11.151353836 0.000000000 0.000000000 -10.000000000
1776608205.477636576 0.600844324 0.241361871 0.172688365 0.161119074 0.985414982 0.053721093 -0.010583607 2.710330248 -2.814717770 -11.304625511 0.000000000 0.000000000 -10.000000000
1776608205.482473135 0.601489186 0.241908729 0.172771275 0.161273733 0.985361099 0.054245226 -0.010570511 2.815747499 -2.903762341 -11.452300072 0.000000000 0.000000000 -10.000000000
1776608205.487424374 0.602701128 0.243008062 0.172870994 0.161626056 0.985243440 0.055305228 -0.010663518 2.923433781 -2.989249945 -11.594215393 0.000000000 0.000000000 -10.000000000
1776608205.492534161 0.602701128 0.243008062 0.172870994 0.161626056 0.985243440 0.055305228 -0.010663518 3.032827139 -3.071027994 -11.730249405 0.000000000 0.000000000 -10.000000000
1776608205.497667551 0.603278279 0.243554041 0.172912210 0.161817998 0.985181093 0.055834036 -0.010755601 3.143330812 -3.148965120 -11.860326767 0.000000000 0.000000000 -10.000000000
1776608205.502414227 0.603828609 0.244078204 0.172980815 0.162023574 0.985116601 0.056348071 -0.010885258 3.254318714 -3.222948790 -11.984413147 0.000000000 0.000000000 -10.000000000
1776608205.507878542 0.604407310 0.244585618 0.173092306 0.162244469 0.985049307 0.056867246 -0.010986911 3.365145206 -3.292884588 -12.102525711 0.000000000 0.000000000 -10.000000000
1776608205.512916327 0.605494320 0.245563388 0.173321128 0.162715062 0.984909832 0.057872035 -0.011282537 3.475154877 -3.358696461 -12.214727402 0.000000000 0.000000000 -10.000000000
1776608205.517949343 0.605922997 0.245986581 0.173369288 0.162948236 0.984844148 0.058277369 -0.011561087 3.583693027 -3.420327187 -12.321125031 0.000000000 0.000000000 -10.000000000
1776608205.522429705 0.606310785 0.246374652 0.173392862 0.163189456 0.984778583 0.058642987 -0.011891211 3.690116167 -3.477740526 -12.421873093 0.000000000 0.000000000 -10.000000000
1776608205.527919531 0.606310785 0.246374652 0.173392862 0.163189456 0.984778583 0.058642987 -0.011891211 3.793800354 -3.530919552 -12.517162323 0.000000000 0.000000000 -10.000000000
1776608205.532493114 0.607106984 0.247059211 0.173447251 0.163696095 0.984646618 0.059311576 -0.012522250 3.894150496 -3.579869509 -12.607224464 0.000000000 0.000000000 -10.000000000
1776608205.537893057 0.607106984 0.247059211 0.173447251 0.163696095 0.984646618 0.059311576 -0.012522250 3.990611553 -3.624619484 -12.692319870 0.000000000 0.000000000 -10.000000000
1776608205.542636395 0.607541502 0.247376904 0.173505634 0.163962305 0.984578490 0.059648406 -0.012790688 4.082681656 -3.665225267 -12.772740364 0.000000000 0.000000000 -10.000000000
1776608205.547430038 0.607972145 0.247669697 0.173581064 0.164233759 0.984510303 0.059967790 -0.013060539 4.169921398 -3.701770306 -12.848804474 0.000000000 0.000000000 -10.000000000
1776608205.552423000 0.608946800 0.248190671 0.173747957 0.164799884 0.984372139 0.060589802 -0.013468008 4.251960754 -3.734363794 -12.920851707 0.000000000 0.000000000 -10.000000000
1776608205.557453871 0.608946800 0.248190671 0.173747957 0.164799884 0.984372139 0.060589802 -0.013468008 4.328502178 -3.763140202 -12.989245415 0.000000000 0.000000000 -10.000000000
1776608205.562429905 0.609455705 0.248429954 0.173802763 0.165096626 0.984301150 0.060894392 -0.013645092 4.399326801 -3.788259029 -13.054359436 0.000000000 0.000000000 -10.000000000
1776608205.567418814 0.609952867 0.248636976 0.173831433 0.165400267 0.984230638 0.061166421 -0.013835910 4.464294910 -3.809903383 -13.116577148 0.000000000 0.000000000 -10.000000000
1776608205.572753429 0.610480905 0.248839840 0.173873723 0.165708661 0.984159052 0.061448459 -0.013987461 4.523348331 -3.828275681 -13.176286697 0.000000000 0.000000000 -10.000000000
1776608205.577437639 0.611067176 0.249041066 0.173929244 0.166024223 0.984085917 0.061749302 -0.014067447 4.576508522 -3.843592644 -13.233871460 0.000000000 0.000000000 -10.000000000
1776608205.582412004 0.612388849 0.249412209 0.174096018 0.166651428 0.983941674 0.062363990 -0.014029874 4.623879910 -3.856080532 -13.289712906 0.000000000 0.000000000 -10.000000000
1776608205.587469339 0.612388849 0.249412209 0.174096018 0.166651428 0.983941674 0.062363990 -0.014029874 4.665644169 -3.865969658 -13.344179153 0.000000000 0.000000000 -10.000000000
1776608205.592430592 0.613127589 0.249599382 0.174196452 0.166962191 0.983869851 0.062689632 -0.013918375 4.702056885 -3.873488665 -13.397625923 0.000000000 0.000000000 -10.000000000
1776608205.597918510 0.613893449 0.249779865 0.174276710 0.167277575 0.983797371 0.063017949 -0.013770520 4.733438492 -3.878861189 -13.450387001 0.000000000 0.000000000 -10.000000000
1776608205.602584124 0.615370035 0.250071943 0.174356103 0.167912379 0.983655334 0.063600153 -0.013512981 4.760170460 -3.882300377 -13.502773285 0.000000000 0.000000000 -10.000000000
1776608205.607422590 0.616052806 0.250169694 0.174361557 0.168234393 0.983586013 0.063836977 -0.013439339 4.782683372 -3.884003401 -13.555068970 0.000000000 0.000000000 -10.000000000
1776608205.612422228 0.616052806 0.250169694 0.174361557 0.168234393 0.983586013 0.063836977 -0.013439339 4.801447392 -3.884144545 -13.607532501 0.000000000 0.000000000 -10.000000000
1776608205.617470264 0.616760612 0.250262499 0.174380511 0.168558121 0.983516335 0.064078391 -0.013333876 4.816959858 -3.882868767 -13.660391808 0.000000000 0.000000000 -10.000000000
1776608205.622492313 0.617438614 0.250345469 0.174400747 0.168881997 0.983446836 0.064307623 -0.013256602 4.829731941 -3.880286455 -13.713847160 0.000000000 0.000000000 -10.000000000
1776608205.627583265 0.618594170 0.250376970 0.174424589 0.169548333 0.983311296 0.064610831 -0.013330350 4.840276718 -3.876466990 -13.768064499 0.000000000 0.000000000 -10.000000000
1776608205.632849693 0.619152546 0.250363171 0.174452692 0.169891432 0.983242691 0.064740084 -0.013393736 4.849093437 -3.871433735 -13.823184013 0.000000000 0.000000000 -10.000000000
1776608205.637645245 0.619655371 0.250316441 0.174477011 0.170246407 0.983173311 0.064834312 -0.013526388 4.856657982 -3.865162611 -13.879314423 0.000000000 0.000000000 -10.000000000
1776608205.642619610 0.619655371 0.250316441 0.174477011 0.170246407 0.983173311 0.064834312 -0.013526388 4.863418579 -3.857583046 -13.936534882 0.000000000 0.000000000 -10.000000000
1776608205.647420168 0.620049953 0.250232249 0.174481481 0.170621425 0.983101130 0.064886212 -0.013793685 4.869792461 -3.848581553 -13.994899750 0.000000000 0.000000000 -10.000000000
1776608205.652687550 0.620355129 0.250091493 0.174464881 0.171037823 0.983021736 0.064909734 -0.014180921 4.876162052 -3.838005304 -14.054439545 0.000000000 0.000000000 -10.000000000
1776608205.657552242 0.620618403 0.249904022 0.174457163 0.171500579 0.982932866 0.064932235 -0.014642144 4.882870674 -3.825665236 -14.115160942 0.000000000 0.000000000 -10.000000000
1776608205.663107395 0.620840430 0.249693245 0.174446434 0.171986639 0.982838511 0.064953141 -0.015169409 4.890223026 -3.811338663 -14.177048683 0.000000000 0.000000000 -10.000000000
1776608205.667476892 0.621123672 0.249323115 0.174400449 0.172976002 0.982638001 0.065049484 -0.016444262 4.898478985 -3.794771671 -14.240063667 0.000000000 0.000000000 -10.000000000
1776608205.672401905 0.621123672 0.249323115 0.174400449 0.172976002 0.982638001 0.065049484 -0.016444262 4.907855511 -3.775681734 -14.304144859 0.000000000 0.000000000 -10.000000000
1776608205.677451372 0.621224344 0.249161109 0.174371928 0.173483729 0.982530951 0.065134592 -0.017141936 4.918522835 -3.753763199 -14.369205475 0.000000000 0.000000000 -10.000000000
1776608205.682438135 0.621378481 0.248804301 0.174369305 0.174558818 0.982299030 0.065352581 -0.018625492 4.930609703 -3.728690863 -14.435136795 0.000000000 0.000000000 -10.000000000
1776608205.687524080 0.621378481 0.248804301 0.174369305 0.174558818 0.982299030 0.065352581 -0.018625492 4.944204330 -3.700124502 -14.501804352 0.000000000 0.000000000 -10.000000000
1776608205.692559958 0.621448696 0.248600572 0.174385816 0.175129250 0.982173800 0.065485798 -0.019389130 4.959360600 -3.667711258 -14.569053650 0.000000000 0.000000000 -10.000000000
1776608205.697519302 0.621544540 0.248229265 0.174402714 0.176283270 0.981912494 0.065819159 -0.020974699 4.976100445 -3.631092072 -14.636709213 0.000000000 0.000000000 -10.000000000
1776608205.702953339 0.621586442 0.247990459 0.174391627 0.176903114 0.981772244 0.065982580 -0.021790778 4.994421005 -3.589908361 -14.704573631 0.000000000 0.000000000 -10.000000000
1776608205.707853556 0.621644616 0.247735366 0.174383491 0.177531868 0.981628954 0.066156067 -0.022591908 5.014296055 -3.543807745 -14.772433281 0.000000000 0.000000000 -10.000000000
1776608205.712534904 0.621644616 0.247735366 0.174383491 0.177531868 0.981628954 0.066156067 -0.022591908 5.035676003 -3.492448568 -14.840053558 0.000000000 0.000000000 -10.000000000
1776608205.717464924 0.621820986 0.247301146 0.174376875 0.178786010 0.981333315 0.066621199 -0.024127757 5.058492184 -3.435503960 -14.907179832 0.000000000 0.000000000 -10.000000000
1776608205.722399950 0.621820986 0.247301146 0.174376875 0.178786010 0.981333315 0.066621199 -0.024127757 5.082656384 -3.372668266 -14.973539352 0.000000000 0.000000000 -10.000000000
1776608205.727493525 0.621948481 0.247135282 0.174395412 0.179402813 0.981182456 0.066920042 -0.024845250 5.108064651 -3.303666115 -15.038837433 0.000000000 0.000000000 -10.000000000
1776608205.732515097 0.622102976 0.246968687 0.174428195 0.180023342 0.981029332 0.067239851 -0.025530452 5.134600639 -3.228257418 -15.102762222 0.000000000 0.000000000 -10.000000000
1776608205.737409592 0.622471690 0.246633470 0.174524248 0.181249186 0.980721533 0.067928940 -0.026825575 5.162138462 -3.146244287 -15.164984703 0.000000000 0.000000000 -10.000000000
1776608205.742512703 0.622471690 0.246633470 0.174524248 0.181249186 0.980721533 0.067928940 -0.026825575 5.190546036 -3.057471275 -15.225160599 0.000000000 0.000000000 -10.000000000
1776608205.747413158 0.622863352 0.246222273 0.174579203 0.182513788 0.980399370 0.068667017 -0.028118690 5.219686031 -2.961828470 -15.282931328 0.000000000 0.000000000 -10.000000000
1776608205.752416611 0.622863352 0.246222273 0.174579203 0.182513788 0.980399370 0.068667017 -0.028118690 5.249414921 -2.859251976 -15.337924004 0.000000000 0.000000000 -10.000000000
1776608205.757528305 0.623023748 0.245947257 0.174556971 0.183091179 0.980247796 0.069006585 -0.028809177 5.279585838 -2.749726295 -15.389758110 0.000000000 0.000000000 -10.000000000
1776608205.762631178 0.623168528 0.245650321 0.174540728 0.183616742 0.980105281 0.069339260 -0.029505083 5.310044289 -2.633283854 -15.438046455 0.000000000 0.000000000 -10.000000000
1776608205.767423391 0.623446882 0.245046049 0.174520314 0.184481889 0.979852259 0.070021749 -0.030869836 5.340627193 -2.510004282 -15.482402802 0.000000000 0.000000000 -10.000000000
1776608205.772567987 0.623561203 0.244742811 0.174511909 0.184787318 0.979747295 0.070375368 -0.031562880 5.371165276 -2.380016088 -15.522443771 0.000000000 0.000000000 -10.000000000
1776608205.777438402 0.623662591 0.244412303 0.174502194 0.185025185 0.979654551 0.070725568 -0.032256607 5.401479721 -2.243495464 -15.557796478 0.000000000 0.000000000 -10.000000000
1776608205.782477856 0.623662591 0.244412303 0.174502194 0.185025185 0.979654551 0.070725568 -0.032256607 5.431387424 -2.100666046 -15.588101387 0.000000000 0.000000000 -10.000000000
1776608205.787407637 0.623754680 0.244061515 0.174479455 0.185216278 0.979569614 0.071074300 -0.032965604 5.460700512 -1.951798320 -15.613018036 0.000000000 0.000000000 -10.000000000
1776608205.792656660 0.623834550 0.243683264 0.174457043 0.185387090 0.979487896 0.071419135 -0.033680286 5.489228249 -1.797206163 -15.632227898 0.000000000 0.000000000 -10.000000000
1776608205.797592402 0.623900235 0.243272409 0.174432278 0.185556084 0.979406238 0.071749069 -0.034415331 5.516777515 -1.637242556 -15.645442009 0.000000000 0.000000000 -10.000000000
1776608205.802470922 0.624018967 0.242377698 0.174405038 0.185908481 0.979239643 0.072389841 -0.035882149 5.543151855 -1.472294927 -15.652400017 0.000000000 0.000000000 -10.000000000
1776608205.807397604 0.624018967 0.242377698 0.174405038 0.185908481 0.979239643 0.072389841 -0.035882149 5.568151474 -1.302780986 -15.652872086 0.000000000 0.000000000 -10.000000000
1776608205.812410355 0.624075592 0.241425097 0.174383640 0.186328709 0.979056954 0.073003180 -0.037411507 5.591573715 -1.129144073 -15.646662712 0.000000000 0.000000000 -10.000000000
1776608205.817447901 0.624038875 0.240938768 0.174338400 0.186565906 0.978958845 0.073281422 -0.038243059 5.613214016 -0.951850355 -15.633606911 0.000000000 0.000000000 -10.000000000
1776608205.822601318 0.624038875 0.240938768 0.174338400 0.186565906 0.978958845 0.073281422 -0.038243059 5.632868290 -0.771383882 -15.613574982 0.000000000 0.000000000 -10.000000000
1776608205.827464104 0.623980939 0.240461856 0.174289107 0.186812371 0.978857756 0.073554993 -0.039092783 5.650333881 -0.588242173 -15.586465836 0.000000000 0.000000000 -10.000000000
1776608205.832450390 0.623930514 0.239984646 0.174248397 0.187078848 0.978753209 0.073822670 -0.039923787 5.665413857 -0.402931660 -15.552215576 0.000000000 0.000000000 -10.000000000
1776608205.837413549 0.623887360 0.239502788 0.174219340 0.187346891 0.978648901 0.074083626 -0.040731922 5.677919865 -0.215961322 -15.510796547 0.000000000 0.000000000 -10.000000000
1776608205.842453003 0.623853505 0.238990605 0.174194157 0.187638357 0.978541970 0.074321695 -0.041518096 5.687679291 -0.027836297 -15.462218285 0.000000000 0.000000000 -10.000000000
1776608205.847418785 0.623887897 0.237837523 0.174146354 0.188260913 0.978333473 0.074693687 -0.042922352 5.694539547 0.160947308 -15.406525612 0.000000000 0.000000000 -10.000000000
1776608205.852468252 0.623887897 0.237837523 0.174146354 0.188260913 0.978333473 0.074693687 -0.042922352 5.698375225 0.349905252 -15.343795776 0.000000000 0.000000000 -10.000000000
1776608205.857614517 0.624135375 0.236551479 0.174061567 0.188871622 0.978148639 0.074952185 -0.043988273 5.699094296 0.538565814 -15.274136543 0.000000000 0.000000000 -10.000000000
1776608205.862440586 0.624135375 0.236551479 0.174061567 0.188871622 0.978148639 0.074952185 -0.043988273 5.696645737 0.726468623 -15.197681427 0.000000000 0.000000000 -10.000000000
1776608205.867455721 0.624329388 0.235848218 0.173997760 0.189151093 0.978071451 0.075014994 -0.044393919 5.691024303 0.913163960 -15.114589691 0.000000000 0.000000000 -10.000000000
1776608205.872427702 0.624566197 0.235116690 0.173921585 0.189408302 0.978005171 0.075036988 -0.044719733 5.682276249 1.098212838 -15.025040627 0.000000000 0.000000000 -10.000000000
1776608205.877520084 0.624911726 0.234359965 0.173874170 0.189651683 0.977949381 0.075049184 -0.044886798 5.670504093 1.281188011 -14.929239273 0.000000000 0.000000000 -10.000000000
1776608205.882429838 0.625726223 0.232744396 0.173730522 0.190055639 0.977873921 0.074951321 -0.044986501 5.655867100 1.461676121 -14.827404022 0.000000000 0.000000000 -10.000000000
1776608205.887693644 0.625726223 0.232744396 0.173730522 0.190055639 0.977873921 0.074951321 -0.044986501 5.638577461 1.639278650 -14.719777107 0.000000000 0.000000000 -10.000000000
1776608205.892429590 0.626198590 0.231895223 0.173655897 0.190219268 0.977851748 0.074862190 -0.044924296 5.618895531 1.813613415 -14.606612206 0.000000000 0.000000000 -10.000000000
1776608205.897459030 0.627264023 0.229985178 0.173433095 0.190508723 0.977842689 0.074452959 -0.044573735 5.597121716 1.984316468 -14.488183975 0.000000000 0.000000000 -10.000000000
1776608205.902435064 0.627803266 0.228944361 0.173301101 0.190615550 0.977854848 0.074149087 -0.044356745 5.573589802 2.151046515 -14.364780426 0.000000000 0.000000000 -10.000000000
1776608205.907452583 0.627803266 0.228944361 0.173301101 0.190615550 0.977854848 0.074149087 -0.044356745 5.548658371 2.313487291 -14.236706734 0.000000000 0.000000000 -10.000000000
1776608205.913277864 0.628420949 0.227875844 0.173192471 0.190730616 0.977871358 0.073832303 -0.044025384 5.522704124 2.471348524 -14.104286194 0.000000000 0.000000000 -10.000000000
1776608205.917489767 0.629585683 0.225553781 0.172903985 0.190935612 0.977923334 0.072987601 -0.043386042 5.496112823 2.624368668 -13.967861176 0.000000000 0.000000000 -10.000000000
1776608205.922775745 0.629585683 0.225553781 0.172903985 0.190935612 0.977923334 0.072987601 -0.043386042 5.469269276 2.772314787 -13.827795982 0.000000000 0.000000000 -10.000000000
1776608205.927576303 0.630197406 0.224351346 0.172772616 0.191046238 0.977953851 0.072513498 -0.043004762 5.442549706 2.914982080 -13.684475899 0.000000000 0.000000000 -10.000000000
1776608205.932424068 0.630775928 0.223136857 0.172623128 0.191122875 0.977993369 0.071994185 -0.042636193 5.416312695 3.052195072 -13.538309097 0.000000000 0.000000000 -10.000000000
1776608205.937669992 0.631348610 0.221923649 0.172471941 0.191202581 0.978032827 0.071460165 -0.042269934 5.390895367 3.183804750 -13.389726639 0.000000000 0.000000000 -10.000000000
1776608205.942432642 0.632476449 0.219447196 0.172170430 0.191355169 0.978117287 0.070329405 -0.041515570 5.366605282 3.309688091 -13.239181519 0.000000000 0.000000000 -10.000000000
1776608205.947474957 0.632476449 0.219447196 0.172170430 0.191355169 0.978117287 0.070329405 -0.041515570 5.343720436 3.429747105 -13.087148666 0.000000000 0.000000000 -10.000000000
1776608205.952566147 0.633033872 0.218198210 0.172038049 0.191458195 0.978154480 0.069752954 -0.041134644 5.322483063 3.543906927 -12.934124947 0.000000000 0.000000000 -10.000000000
1776608205.957474947 0.634120822 0.215733647 0.171761245 0.191647246 0.978229344 0.068608977 -0.040392321 5.303099632 3.652113914 -12.780624390 0.000000000 0.000000000 -10.000000000
1776608205.962428093 0.634647191 0.214534193 0.171629041 0.191734239 0.978266776 0.068042904 -0.040028017 5.285737038 3.754333019 -12.627180099 0.000000000 0.000000000 -10.000000000
1776608205.967471123 0.635184288 0.213351414 0.171497703 0.191821814 0.978303552 0.067487106 -0.039648373 5.270524025 3.850545645 -12.474330902 0.000000000 0.000000000 -10.000000000
1776608205.972441435 0.635695815 0.212190092 0.171358109 0.191918895 0.978336632 0.066936299 -0.039295424 5.257548809 3.940747738 -12.322624207 0.000000000 0.000000000 -10.000000000
1776608205.977550745 0.635695815 0.212190092 0.171358109 0.191918895 0.978336632 0.066936299 -0.039295424 5.246860504 4.024950981 -12.172605515 0.000000000 0.000000000 -10.000000000
1776608205.982594013 0.636180639 0.211050108 0.171218574 0.192016020 0.978367805 0.066388786 -0.038972549 5.238469601 4.103185654 -12.024820328 0.000000000 0.000000000 -10.000000000
1776608205.987950087 0.637097299 0.208847702 0.170975298 0.192204669 0.978424668 0.065339468 -0.038382806 5.232350349 4.175500870 -11.879803658 0.000000000 0.000000000 -10.000000000
1776608205.992957592 0.637505710 0.207753390 0.170853257 0.192314059 0.978448272 0.064800501 -0.038146932 5.228437901 4.241965771 -11.738080978 0.000000000 0.000000000 -10.000000000
1776608205.997920752 0.637867808 0.206666619 0.170725793 0.192425594 0.978469133 0.064255200 -0.037971038 5.226633072 4.302672863 -11.600165367 0.000000000 0.000000000 -10.000000000
1776608206.002884388 0.638228238 0.205586791 0.170611918 0.192551225 0.978486180 0.063717715 -0.037799813 5.226798534 4.357738018 -11.466551781 0.000000000 0.000000000 -10.000000000
1776608206.007907629 0.638228238 0.205586791 0.170611918 0.192551225 0.978486180 0.063717715 -0.037799813 5.228764057 4.407302856 -11.337719917 0.000000000 0.000000000 -10.000000000
1776608206.012985229 0.638819993 0.203422651 0.170405328 0.192887351 0.978496492 0.062638059 -0.037623677 5.232329369 4.451535702 -11.214125633 0.000000000 0.000000000 -10.000000000
1776608206.017934799 0.639032304 0.202360526 0.170298576 0.193058655 0.978496313 0.062098168 -0.037644368 5.237269878 4.490632057 -11.096201897 0.000000000 0.000000000 -10.000000000
1776608206.022438288 0.639032304 0.202360526 0.170298576 0.193058655 0.978496313 0.062098168 -0.037644368 5.243338585 4.524812698 -10.984359741 0.000000000 0.000000000 -10.000000000
1776608206.027479649 0.639360130 0.200280681 0.170095742 0.193451703 0.978479326 0.061028622 -0.037817214 5.250268936 4.554323673 -10.878981590 0.000000000 0.000000000 -10.000000000
1776608206.032993078 0.639360130 0.200280681 0.170095742 0.193451703 0.978479326 0.061028622 -0.037817214 5.257776260 4.579435349 -10.780420303 0.000000000 0.000000000 -10.000000000
1776608206.037439346 0.639532924 0.198261380 0.169900328 0.193897575 0.978440881 0.059985206 -0.038196038 5.265561104 4.600441456 -10.689000130 0.000000000 0.000000000 -10.000000000
1776608206.042429924 0.639532924 0.198261380 0.169900328 0.193897575 0.978440881 0.059985206 -0.038196038 5.273313522 4.617654800 -10.605010986 0.000000000 0.000000000 -10.000000000
1776608206.047532082 0.639574051 0.197271630 0.169790924 0.194117740 0.978417575 0.059484452 -0.038457673 5.280714035 4.631406307 -10.528709412 0.000000000 0.000000000 -10.000000000
1776608206.052420855 0.639551640 0.195366099 0.169615716 0.194608763 0.978348911 0.058559988 -0.039135233 5.287440777 4.642040253 -10.460318565 0.000000000 0.000000000 -10.000000000
1776608206.057461977 0.639551640 0.195366099 0.169615716 0.194608763 0.978348911 0.058559988 -0.039135233 5.293169022 4.649908543 -10.400028229 0.000000000 0.000000000 -10.000000000
1776608206.062457800 0.639495373 0.194447249 0.169536769 0.194902837 0.978299499 0.058131859 -0.039543360 5.297576427 4.655366898 -10.347993851 0.000000000 0.000000000 -10.000000000
1776608206.067470312 0.639376760 0.193579152 0.169441670 0.195200473 0.978242695 0.057744436 -0.040044267 5.300345421 4.658770561 -10.304338455 0.000000000 0.000000000 -10.000000000
1776608206.072501183 0.639232159 0.192753911 0.169357300 0.195475131 0.978186548 0.057390347 -0.040582631 5.301168442 4.660470009 -10.269153595 0.000000000 0.000000000 -10.000000000
1776608206.077487707 0.639068544 0.191969991 0.169296324 0.195733204 0.978128731 0.057088327 -0.041152973 5.299749851 4.660805225 -10.242502213 0.000000000 0.000000000 -10.000000000
1776608206.082829952 0.638853788 0.191229194 0.169235200 0.195973933 0.978069782 0.056813832 -0.041783907 5.295810223 4.660105705 -10.224415779 0.000000000 0.000000000 -10.000000000
1776608206.087483883 0.638376117 0.189877018 0.169132859 0.196441978 0.977943897 0.056365333 -0.043118946 5.289086342 4.658686638 -10.214895248 0.000000000 0.000000000 -10.000000000
1776608206.092537642 0.638376117 0.189877018 0.169132859 0.196441978 0.977943897 0.056365333 -0.043118946 5.279333115 4.656847477 -10.213909149 0.000000000 0.000000000 -10.000000000
1776608206.097447634 0.638131380 0.189308316 0.169111013 0.196629226 0.977882624 0.056249257 -0.043801602 5.266324043 4.654863834 -10.221392632 0.000000000 0.000000000 -10.000000000
1776608206.102470875 0.637874126 0.188792855 0.169102877 0.196786866 0.977822483 0.056196608 -0.044497341 5.249847889 4.652985096 -10.237243652 0.000000000 0.000000000 -10.000000000
1776608206.107559204 0.637610137 0.188318953 0.169097990 0.196968764 0.977752686 0.056201678 -0.045214567 5.229715824 4.651422977 -10.261324883 0.000000000 0.000000000 -10.000000000
1776608206.112697840 0.637223244 0.187582538 0.169130057 0.197417945 0.977580428 0.056545500 -0.046532013 5.205757618 4.650346756 -10.293459892 0.000000000 0.000000000 -10.000000000
1776608206.117999077 0.637050986 0.187312946 0.169162124 0.197653890 0.977483511 0.056863900 -0.047174785 5.177830219 4.649878502 -10.333430290 0.000000000 0.000000000 -10.000000000
1776608206.122520447 0.636987448 0.187132061 0.169235349 0.197932631 0.977374792 0.057326593 -0.047695268 5.145821095 4.650085926 -10.380970955 0.000000000 0.000000000 -10.000000000
1776608206.127562761 0.637016177 0.187034190 0.169320852 0.198225662 0.977260828 0.057911128 -0.048106264 5.109655380 4.650982857 -10.435768127 0.000000000 0.000000000 -10.000000000
1776608206.132521391 0.637044907 0.187003195 0.169374675 0.198517263 0.977141917 0.058573574 -0.048514970 5.069303989 4.652524471 -10.497453690 0.000000000 0.000000000 -10.000000000
1776608206.137913704 0.637044907 0.187003195 0.169374675 0.198517263 0.977141917 0.058573574 -0.048514970 5.024786472 4.654610634 -10.565604210 0.000000000 0.000000000 -10.000000000
1776608206.142450333 0.637294829 0.187087968 0.169495761 0.199187890 0.976882696 0.060123887 -0.049086515 4.976171970 4.657084465 -10.639737129 0.000000000 0.000000000 -10.000000000
1776608206.148047924 0.637294829 0.187087968 0.169495761 0.199187890 0.976882696 0.060123887 -0.049086515 4.923576832 4.659742355 -10.719315529 0.000000000 0.000000000 -10.000000000
1776608206.152517557 0.637543559 0.187297672 0.169647485 0.199858010 0.976613641 0.061829928 -0.049594607 4.867158890 4.662337303 -10.803746223 0.000000000 0.000000000 -10.000000000
1776608206.158230543 0.637621641 0.187410086 0.169733554 0.200188309 0.976477802 0.062678382 -0.049871508 4.807112217 4.664586067 -10.892385483 0.000000000 0.000000000 -10.000000000
1776608206.162451744 0.637651503 0.187529653 0.169814914 0.200510025 0.976341903 0.063514173 -0.050180867 4.743659496 4.666178703 -10.984539032 0.000000000 0.000000000 -10.000000000
1776608206.167863369 0.637636185 0.187650904 0.169882119 0.200804859 0.976210952 0.064324923 -0.050516039 4.677045345 4.666781425 -11.079470634 0.000000000 0.000000000 -10.000000000
1776608206.172747135 0.637558877 0.187770993 0.169926286 0.201084360 0.976081550 0.065106399 -0.050902396 4.607525826 4.666044235 -11.176405907 0.000000000 0.000000000 -10.000000000
1776608206.177828550 0.637558877 0.187770993 0.169926286 0.201084360 0.976081550 0.065106399 -0.050902396 4.535356998 4.663608551 -11.274542809 0.000000000 0.000000000 -10.000000000
1776608206.182436228 0.637391269 0.187897906 0.169945955 0.201342180 0.975954235 0.065846175 -0.051371034 4.460784912 4.659111500 -11.373055458 0.000000000 0.000000000 -10.000000000
1776608206.187578917 0.637139618 0.188032046 0.169945419 0.201566651 0.975831747 0.066545926 -0.051913109 4.384030342 4.652197361 -11.471111298 0.000000000 0.000000000 -10.000000000
1776608206.192541122 0.636464179 0.188346937 0.170018315 0.201888144 0.975609004 0.067883410 -0.053104457 4.305279255 4.642524242 -11.567879677 0.000000000 0.000000000 -10.000000000
1776608206.197529316 0.636105537 0.188547313 0.170084506 0.202004224 0.975506902 0.068552427 -0.053676642 4.224676609 4.629770279 -11.662542343 0.000000000 0.000000000 -10.000000000
1776608206.202436447 0.635683954 0.188754082 0.170139819 0.202086061 0.975410998 0.069189444 -0.054290514 4.142328739 4.613638401 -11.754307747 0.000000000 0.000000000 -10.000000000
1776608206.207961082 0.635683954 0.188754082 0.170139819 0.202086061 0.975410998 0.069189444 -0.054290514 4.058302402 4.593858719 -11.842416763 0.000000000 0.000000000 -10.000000000
1776608206.212726116 0.634740651 0.189188942 0.170239180 0.202213079 0.975226879 0.070414282 -0.055535607 3.972633839 4.570192814 -11.926150322 0.000000000 0.000000000 -10.000000000
1776608206.217979670 0.634230375 0.189426273 0.170265287 0.202283397 0.975133598 0.071007878 -0.056158151 3.885330439 4.542433262 -12.004833221 0.000000000 0.000000000 -10.000000000
1776608206.223257065 0.633769870 0.189707458 0.170314878 0.202343464 0.975045741 0.071620196 -0.056687422 3.796380520 4.510406971 -12.077840805 0.000000000 0.000000000 -10.000000000
1776608206.228013992 0.633300006 0.190004110 0.170380235 0.202392131 0.974961877 0.072223634 -0.057188485 3.705761194 4.473970890 -12.144600868 0.000000000 0.000000000 -10.000000000
1776608206.232994556 0.632820606 0.190323487 0.170465499 0.202403769 0.974888444 0.072809935 -0.057653256 3.613446951 4.433015823 -12.204595566 0.000000000 0.000000000 -10.000000000
1776608206.237677336 0.632367611 0.190658927 0.170558602 0.202411339 0.974820614 0.073380060 -0.058049716 3.519418716 4.387463570 -12.257357597 0.000000000 0.000000000 -10.000000000
1776608206.243000031 0.631939828 0.191001341 0.170643687 0.202441901 0.974751890 0.073936343 -0.058390889 3.423671007 4.337272167 -12.302473068 0.000000000 0.000000000 -10.000000000
1776608206.247820139 0.631507874 0.191360682 0.170718431 0.202465802 0.974688053 0.074467115 -0.058697935 3.326221466 4.282432556 -12.339576721 0.000000000 0.000000000 -10.000000000
1776608206.252912998 0.631088734 0.191741213 0.170784742 0.202466577 0.974633455 0.074976504 -0.058952842 3.227114916 4.222973347 -12.368350029 0.000000000 0.000000000 -10.000000000
1776608206.257441282 0.630702555 0.192107186 0.170860887 0.202445075 0.974589765 0.075459488 -0.059131984 3.126430273 4.158957958 -12.388512611 0.000000000 0.000000000 -10.000000000
1776608206.262949228 0.630702555 0.192107186 0.170860887 0.202445075 0.974589765 0.075459488 -0.059131984 3.024281025 4.090482235 -12.399826050 0.000000000 0.000000000 -10.000000000
1776608206.267592669 0.630037546 0.192816466 0.171052754 0.202343956 0.974531889 0.076378681 -0.059252009 2.920818806 4.017673969 -12.402088165 0.000000000 0.000000000 -10.000000000
1776608206.273001194 0.629766345 0.193177447 0.171172798 0.202250853 0.974521101 0.076814450 -0.059183761 2.816232920 3.940691233 -12.395132065 0.000000000 0.000000000 -10.000000000
1776608206.277835846 0.629486144 0.193535715 0.171277374 0.202131107 0.974520147 0.077213123 -0.059089627 2.710750341 3.859719992 -12.378822327 0.000000000 0.000000000 -10.000000000
1776608206.282868862 0.629203618 0.193866894 0.171358287 0.201996163 0.974527895 0.077560946 -0.058968276 2.604633808 3.774974108 -12.353055954 0.000000000 0.000000000 -10.000000000
1776608206.287566662 0.628916621 0.194209054 0.171432137 0.201844767 0.974540949 0.077899657 -0.058823697 2.498180389 3.686692238 -12.317758560 0.000000000 0.000000000 -10.000000000
1776608206.292515039 0.628639340 0.194566488 0.171514779 0.201680765 0.974558234 0.078239053 -0.058649454 2.391716719 3.595137596 -12.272889137 0.000000000 0.000000000 -10.000000000
1776608206.297492981 0.628361285 0.194942757 0.171610802 0.201504245 0.974579215 0.078581430 -0.058449890 2.285594702 3.500595331 -12.218436241 0.000000000 0.000000000 -10.000000000
1776608206.302697659 0.628074348 0.195339218 0.171709239 0.201315537 0.974603355 0.078920983 -0.058239572 2.180183411 3.403370380 -12.154421806 0.000000000 0.000000000 -10.000000000
1776608206.307444334 0.627760291 0.195741460 0.171788007 0.201124087 0.974628091 0.079247743 -0.058043405 2.075863838 3.303783894 -12.080896378 0.000000000 0.000000000 -10.000000000
1776608206.312689543 0.627443373 0.196148545 0.171862364 0.200929806 0.974654078 0.079568744 -0.057839714 1.973020673 3.202170372 -11.997943878 0.000000000 0.000000000 -10.000000000
1776608206.317431688 0.627152264 0.196559489 0.171930999 0.200740531 0.974680007 0.079901002 -0.057601340 1.872038722 3.098876476 -11.905677795 0.000000000 0.000000000 -10.000000000
1776608206.322452068 0.627152264 0.196559489 0.171930999 0.200740531 0.974680007 0.079901002 -0.057601340 1.773296475 2.994262695 -11.804242134 0.000000000 0.000000000 -10.000000000
1776608206.327672005 0.626586795 0.197371572 0.172062606 0.200359851 0.974736154 0.080550544 -0.057070345 1.677163363 2.888701200 -11.693814278 0.000000000 0.000000000 -10.000000000
1776608206.333170891 0.626269937 0.197776452 0.172121137 0.200164691 0.974764884 0.080859832 -0.056826364 1.583995819 2.782575607 -11.574599266 0.000000000 0.000000000 -10.000000000
1776608206.338202953 0.625902772 0.198196530 0.172171116 0.199952155 0.974796057 0.081152841 -0.056621794 1.494133711 2.676277161 -11.446834564 0.000000000 0.000000000 -10.000000000
1776608206.342863560 0.625530541 0.198634744 0.172212958 0.199726075 0.974830568 0.081438772 -0.056414083 1.407897830 2.570202589 -11.310788155 0.000000000 0.000000000 -10.000000000
1776608206.347714663 0.625148296 0.199074373 0.172244132 0.199496835 0.974866748 0.081712157 -0.056204721 1.325585723 2.464751959 -11.166759491 0.000000000 0.000000000 -10.000000000
1776608206.352710009 0.624746978 0.199499115 0.172241390 0.199275449 0.974902391 0.081962183 -0.056007218 1.247470379 2.360325575 -11.015075684 0.000000000 0.000000000 -10.000000000
1776608206.357477665 0.624321401 0.199912041 0.172221839 0.199057981 0.974937558 0.082191601 -0.055832237 1.173797607 2.257322311 -10.856089592 0.000000000 0.000000000 -10.000000000
1776608206.362554073 0.624321401 0.199912041 0.172221839 0.199057981 0.974937558 0.082191601 -0.055832237 1.104784846 2.156138420 -10.690183640 0.000000000 0.000000000 -10.000000000
1776608206.367563486 0.623518348 0.200692698 0.172212750 0.198638976 0.975010812 0.082626365 -0.055401400 1.040617824 2.057165623 -10.517762184 0.000000000 0.000000000 -10.000000000
1776608206.372883558 0.623518348 0.200692698 0.172212750 0.198638976 0.975010812 0.082626365 -0.055401400 0.981447101 1.960787892 -10.339255333 0.000000000 0.000000000 -10.000000000
1776608206.377667665 0.622806787 0.201357186 0.172255546 0.198277518 0.975083888 0.083014011 -0.054827996 0.927387416 1.867379546 -10.155117989 0.000000000 0.000000000 -10.000000000
1776608206.382427931 0.622405052 0.201656908 0.172264338 0.198114261 0.975116968 0.083175801 -0.054584071 0.878518343 1.777300239 -9.965827942 0.000000000 0.000000000 -10.000000000
1776608206.387463331 0.622405052 0.201656908 0.172264338 0.198114261 0.975116968 0.083175801 -0.054584071 0.834887087 1.690893292 -9.771880150 0.000000000 0.000000000 -10.000000000
1776608206.392445087 0.621529400 0.202208668 0.172216356 0.197808579 0.975180030 0.083431751 -0.054174136 0.796510398 1.608483911 -9.573793411 0.000000000 0.000000000 -10.000000000
1776608206.397452354 0.621058583 0.202447936 0.172148466 0.197671220 0.975210190 0.083516523 -0.054001931 0.763376594 1.530377626 -9.372100830 0.000000000 0.000000000 -10.000000000
1776608206.402620316 0.620608509 0.202657804 0.172086149 0.197555467 0.975237906 0.083594702 -0.053803246 0.735447168 1.456859469 -9.167356491 0.000000000 0.000000000 -10.000000000
1776608206.407620907 0.620201945 0.202836007 0.172041178 0.197464854 0.975262821 0.083674811 -0.053559676 0.712657809 1.388192654 -8.960127831 0.000000000 0.000000000 -10.000000000
1776608206.412440062 0.619841099 0.202973485 0.172010362 0.197407261 0.975283802 0.083757468 -0.053259499 0.694920003 1.324619055 -8.750998497 0.000000000 0.000000000 -10.000000000
1776608206.417570353 0.619494319 0.203060478 0.171967924 0.197382435 0.975300491 0.083818778 -0.052948821 0.682123601 1.266358495 -8.540568352 0.000000000 0.000000000 -10.000000000
1776608206.425249338 0.619140506 0.203100264 0.171908855 0.197388470 0.975312173 0.083857268 -0.052649405 0.674139202 1.213606954 -8.329442978 0.000000000 0.000000000 -10.000000000
1776608206.427461147 0.618799448 0.203103766 0.171827883 0.197421342 0.975319982 0.083882004 -0.052340206 0.670819581 1.166535735 -8.118241310 0.000000000 0.000000000 -10.000000000
1776608206.432694435 0.618471861 0.203084007 0.171729922 0.197472528 0.975325286 0.083900534 -0.052018479 0.672000647 1.125290036 -7.907583714 0.000000000 0.000000000 -10.000000000
1776608206.437470198 0.618164659 0.203015760 0.171605021 0.197559014 0.975325644 0.083901942 -0.051679134 0.677503228 1.089987636 -7.698095322 0.000000000 0.000000000 -10.000000000
1776608206.442424536 0.617900908 0.202937379 0.171517342 0.197657630 0.975324929 0.083917275 -0.051289339 0.687136412 1.060717225 -7.490402699 0.000000000 0.000000000 -10.000000000
1776608206.447495461 0.617688298 0.202869907 0.171467423 0.197756797 0.975324869 0.083958648 -0.050839249 0.700700402 1.037539840 -7.285133362 0.000000000 0.000000000 -10.000000000
1776608206.452441931 0.617539704 0.202741757 0.171438217 0.197904482 0.975317657 0.084005684 -0.050322030 0.717989326 1.020491242 -7.082912922 0.000000000 0.000000000 -10.000000000
1776608206.457515478 0.617403865 0.202558786 0.171393543 0.198093027 0.975303590 0.084036238 -0.049799830 0.738794267 1.009584427 -6.884360313 0.000000000 0.000000000 -10.000000000
1776608206.462785721 0.617267370 0.202327043 0.171332717 0.198314995 0.975283504 0.084046856 -0.049288314 0.762906611 1.004811764 -6.690085411 0.000000000 0.000000000 -10.000000000
1776608206.467935085 0.617159665 0.202053785 0.171245843 0.198572129 0.975257576 0.084049612 -0.048759229 0.790121973 1.006147385 -6.500683784 0.000000000 0.000000000 -10.000000000
1776608206.472465992 0.617061615 0.201741397 0.171133786 0.198856607 0.975227058 0.084037028 -0.048228562 0.820244014 1.013551474 -6.316731930 0.000000000 0.000000000 -10.000000000
1776608206.477538824 0.616987407 0.201401204 0.171013415 0.199164718 0.975192666 0.084020682 -0.047678310 0.853087425 1.026973963 -6.138788223 0.000000000 0.000000000 -10.000000000
1776608206.482687712 0.616946161 0.201039702 0.170911700 0.199489281 0.975155473 0.084009402 -0.047098562 0.888479948 1.046358585 -5.967386723 0.000000000 0.000000000 -10.000000000
1776608206.487626076 0.616958022 0.200653076 0.170833081 0.199835032 0.975114822 0.084008165 -0.046472345 0.926265299 1.071645617 -5.803037643 0.000000000 0.000000000 -10.000000000
1776608206.492918968 0.617000103 0.200238958 0.170771420 0.200199887 0.975071132 0.084007613 -0.045814920 0.966305137 1.102774739 -5.646224499 0.000000000 0.000000000 -10.000000000
1776608206.498015642 0.617034853 0.199796453 0.170699716 0.200578853 0.975024939 0.083985969 -0.045176104 1.008481622 1.139685035 -5.497403145 0.000000000 0.000000000 -10.000000000
1776608206.502480030 0.617034853 0.199796453 0.170699716 0.200578853 0.975024939 0.083985969 -0.045176104 1.052698612 1.182314873 -5.356997490 0.000000000 0.000000000 -10.000000000
1776608206.507922411 0.617061853 0.198773950 0.170491368 0.201420158 0.974917591 0.083852842 -0.043980528 1.098882794 1.230599284 -5.225396156 0.000000000 0.000000000 -10.000000000
1776608206.512531996 0.617106199 0.198176160 0.170361698 0.201899201 0.974854767 0.083750673 -0.043367837 1.146984458 1.284466863 -5.102955818 0.000000000 0.000000000 -10.000000000
1776608206.517549992 0.617172837 0.197497725 0.170224249 0.202433869 0.974781930 0.083626568 -0.042746805 1.196977615 1.343837380 -4.989997864 0.000000000 0.000000000 -10.000000000
1776608206.522492170 0.617172837 0.197497725 0.170224249 0.202433869 0.974781930 0.083626568 -0.042746805 1.248860359 1.408620477 -4.886809826 0.000000000 0.000000000 -10.000000000
1776608206.527974606 0.617416859 0.196002752 0.170013636 0.203606173 0.974615514 0.083386302 -0.041422263 1.302653790 1.478714347 -4.793645859 0.000000000 0.000000000 -10.000000000
1776608206.532981157 0.617633700 0.195232004 0.169946283 0.204215556 0.974527717 0.083293177 -0.040668968 1.358398795 1.554005265 -4.710727692 0.000000000 0.000000000 -10.000000000
1776608206.537950516 0.617874920 0.194434166 0.169879735 0.204841942 0.974436283 0.083198838 -0.039895359 1.416154742 1.634364963 -4.638243675 0.000000000 0.000000000 -10.000000000
1776608206.542996883 0.618115842 0.193598866 0.169796616 0.205490127 0.974339604 0.083091445 -0.039140373 1.475995898 1.719647169 -4.576347351 0.000000000 0.000000000 -10.000000000
1776608206.547498703 0.618336618 0.192731112 0.169701755 0.206160411 0.974236608 0.082974389 -0.038421508 1.538010240 1.809684515 -4.525159359 0.000000000 0.000000000 -10.000000000
1776608206.553066492 0.618554235 0.191832542 0.169590861 0.206855953 0.974126458 0.082854368 -0.037728164 1.602297425 1.904287696 -4.484762192 0.000000000 0.000000000 -10.000000000
1776608206.558017969 0.618806541 0.190924942 0.169505000 0.207563058 0.974011958 0.082758464 -0.037004050 1.668967724 2.003244877 -4.455205917 0.000000000 0.000000000 -10.000000000
1776608206.562536716 0.619091988 0.190012604 0.169418037 0.208270460 0.973895967 0.082677655 -0.036255725 1.738138795 2.106322050 -4.436505795 0.000000000 0.000000000 -10.000000000
1776608206.567983150 0.619091988 0.190012604 0.169418037 0.208270460 0.973895967 0.082677655 -0.036255725 1.809931517 2.213262081 -4.428642273 0.000000000 0.000000000 -10.000000000
1776608206.572449923 0.619674027 0.188125014 0.169246465 0.209610477 0.973677695 0.082502007 -0.034765560 1.884464741 2.323781252 -4.431560516 0.000000000 0.000000000 -10.000000000
1776608206.577538967 0.620035052 0.187133417 0.169180304 0.210257426 0.973572373 0.082434289 -0.033959862 1.961848378 2.437568665 -4.445170403 0.000000000 0.000000000 -10.000000000
1776608206.582427025 0.620443940 0.186144710 0.169122666 0.210868329 0.973472238 0.082400367 -0.033114497 2.042176962 2.554286480 -4.469346523 0.000000000 0.000000000 -10.000000000
1776608206.587562323 0.620844662 0.185202584 0.169083565 0.211390376 0.973387539 0.082395039 -0.032278042 2.125522375 2.673571825 -4.503928661 0.000000000 0.000000000 -10.000000000
1776608206.593069792 0.620844662 0.185202584 0.169083565 0.211390376 0.973387539 0.082395039 -0.032278042 2.211928129 2.795037270 -4.548718452 0.000000000 0.000000000 -10.000000000
1776608206.597982407 0.621571183 0.183379114 0.168983519 0.212306738 0.973237395 0.082412221 -0.030709142 2.301404715 2.918272257 -4.603479385 0.000000000 0.000000000 -10.000000000
1776608206.603085995 0.621892273 0.182533070 0.168934256 0.212724075 0.973164439 0.082462884 -0.029988255 2.393924713 3.042841196 -4.667939663 0.000000000 0.000000000 -10.000000000
1776608206.608032703 0.622217953 0.181721538 0.168899238 0.213124111 0.973090053 0.082564302 -0.029274955 2.489420652 3.168284416 -4.741792202 0.000000000 0.000000000 -10.000000000
1776608206.613116264 0.622570157 0.180901513 0.168871492 0.213571161 0.973001838 0.082701020 -0.028554127 2.587778330 3.294122219 -4.824697018 0.000000000 0.000000000 -10.000000000
1776608206.618077040 0.622895539 0.180119097 0.168853223 0.214009896 0.972910464 0.082874067 -0.027873628 2.688834429 3.419860125 -4.916282654 0.000000000 0.000000000 -10.000000000
1776608206.623042583 0.623177469 0.179396749 0.168823361 0.214461952 0.972808897 0.083100818 -0.027260542 2.792374134 3.544994354 -5.016142845 0.000000000 0.000000000 -10.000000000
1776608206.628067732 0.623436213 0.178719893 0.168793678 0.214943618 0.972695827 0.083365135 -0.026689371 2.898130417 3.669018745 -5.123839855 0.000000000 0.000000000 -10.000000000
1776608206.633023024 0.623712957 0.178093091 0.168776065 0.215404168 0.972584426 0.083661385 -0.026102221 3.005784988 3.791429281 -5.238906384 0.000000000 0.000000000 -10.000000000
1776608206.638007402 0.623978019 0.177513510 0.168760270 0.215861127 0.972469807 0.083990678 -0.025533793 3.114969254 3.911729336 -5.360845566 0.000000000 0.000000000 -10.000000000
1776608206.642933130 0.623978019 0.177513510 0.168760270 0.215861127 0.972469807 0.083990678 -0.025533793 3.225266457 4.029437065 -5.489134789 0.000000000 0.000000000 -10.000000000
1776608206.647999287 0.624417007 0.176488817 0.168725878 0.216745183 0.972238004 0.084703296 -0.024496563 3.336216688 4.144089699 -5.623224735 0.000000000 0.000000000 -10.000000000
1776608206.653080940 0.624591589 0.176019862 0.168707341 0.217169002 0.972122788 0.085074179 -0.024025807 3.447320700 4.255251408 -5.762545109 0.000000000 0.000000000 -10.000000000
1776608206.657939196 0.624591589 0.176019862 0.168707341 0.217169002 0.972122788 0.085074179 -0.024025807 3.558046818 4.362517834 -5.906509399 0.000000000 0.000000000 -10.000000000
1776608206.663286209 0.624856293 0.175159693 0.168651670 0.217982724 0.971898079 0.085796610 -0.023163708 3.667835951 4.465518951 -6.054521561 0.000000000 0.000000000 -10.000000000
1776608206.668429375 0.624856293 0.175159693 0.168651670 0.217982724 0.971898079 0.085796610 -0.023163708 3.776108980 4.563922882 -6.205983639 0.000000000 0.000000000 -10.000000000
1776608206.673025131 0.625016868 0.174396917 0.168549299 0.218627617 0.971714139 0.086447433 -0.022369375 3.882276535 4.657438278 -6.360305309 0.000000000 0.000000000 -10.000000000
1776608206.678073883 0.625047863 0.174060255 0.168490976 0.218890607 0.971636653 0.086745627 -0.022007633 3.985746384 4.745815754 -6.516910553 0.000000000 0.000000000 -10.000000000
1776608206.682995081 0.625025630 0.173774272 0.168427259 0.219084546 0.971575439 0.087022938 -0.021683915 4.085933685 4.828847885 -6.675243855 0.000000000 0.000000000 -10.000000000
1776608206.688173056 0.624966621 0.173516393 0.168368936 0.219229952 0.971527338 0.087267809 -0.021382960 4.182268143 4.906372547 -6.834779739 0.000000000 0.000000000 -10.000000000
1776608206.692921877 0.624892950 0.173296988 0.168321878 0.219330579 0.971490681 0.087495551 -0.021081451 4.274202347 4.978270531 -6.995026112 0.000000000 0.000000000 -10.000000000
1776608206.697884083 0.624792993 0.173164323 0.168287218 0.219346598 0.971473694 0.087714657 -0.020786088 4.361215591 5.044466972 -7.155530453 0.000000000 0.000000000 -10.000000000
1776608206.702499628 0.624662399 0.173120797 0.168262601 0.219288319 0.971472800 0.087936983 -0.020501869 4.442821026 5.104931355 -7.315882683 0.000000000 0.000000000 -10.000000000
1776608206.707470894 0.624538124 0.173096269 0.168248385 0.219204858 0.971479177 0.088144965 -0.020195773 4.518569469 5.159674168 -7.475718498 0.000000000 0.000000000 -10.000000000
1776608206.712495804 0.624381065 0.173062563 0.168231249 0.219143659 0.971482277 0.088326417 -0.019915991 4.588048935 5.208745956 -7.634718895 0.000000000 0.000000000 -10.000000000
1776608206.718642235 0.624200642 0.173126310 0.168228924 0.219055399 0.971488595 0.088535205 -0.019651746 4.650888443 5.252228260 -7.792611122 0.000000000 0.000000000 -10.000000000
1776608206.723038435 0.623984039 0.173317239 0.168254107 0.218909428 0.971503913 0.088781103 -0.019408349 4.706752777 5.290232658 -7.949166298 0.000000000 0.000000000 -10.000000000
1776608206.727709532 0.623984039 0.173317239 0.168254107 0.218909428 0.971503913 0.088781103 -0.019408349 4.755342484 5.322892189 -8.104196548 0.000000000 0.000000000 -10.000000000
1776608206.732945204 0.623597443 0.173805177 0.168338269 0.218576893 0.971546829 0.089258067 -0.018810697 4.796387196 5.350353718 -8.257551193 0.000000000 0.000000000 -10.000000000
1776608206.737555504 0.623382628 0.174102098 0.168380946 0.218362749 0.971581519 0.089468561 -0.018505936 4.829638958 5.372770309 -8.409113884 0.000000000 0.000000000 -10.000000000
1776608206.742993116 0.623382628 0.174102098 0.168380946 0.218362749 0.971581519 0.089468561 -0.018505936 4.854869843 5.390295982 -8.558789253 0.000000000 0.000000000 -10.000000000
1776608206.747484684 0.623142064 0.174431264 0.168399185 0.218083262 0.971633554 0.089647472 -0.018201463 4.871867657 5.403078079 -8.706501961 0.000000000 0.000000000 -10.000000000
1776608206.752505302 0.622655571 0.175099611 0.168455780 0.217364207 0.971784294 0.089893453 -0.017527282 4.880438328 5.411249638 -8.852187157 0.000000000 0.000000000 -10.000000000
1776608206.757455349 0.622444689 0.175427288 0.168499351 0.216947526 0.971876979 0.089976676 -0.017120123 4.880404472 5.414923191 -8.995789528 0.000000000 0.000000000 -10.000000000
1776608206.762465239 0.622444689 0.175427288 0.168499351 0.216947526 0.971876979 0.089976676 -0.017120123 4.871612072 5.414183617 -9.137255669 0.000000000 0.000000000 -10.000000000
1776608206.767445326 0.621982574 0.176178277 0.168607414 0.215969875 0.972097874 0.090097263 -0.016284904 4.853932858 5.409084797 -9.276531219 0.000000000 0.000000000 -10.000000000
1776608206.773627043 0.621710479 0.176590681 0.168647975 0.215430766 0.972221375 0.090126827 -0.015885575 4.827269554 5.399653912 -9.413555145 0.000000000 0.000000000 -10.000000000
1776608206.777444601 0.621433079 0.177013874 0.168680936 0.214883983 0.972348452 0.090130612 -0.015485678 4.791560173 5.385889530 -9.548254967 0.000000000 0.000000000 -10.000000000
1776608206.783084154 0.621433079 0.177013874 0.168680936 0.214883983 0.972348452 0.090130612 -0.015485678 4.746779919 5.367767811 -9.680541992 0.000000000 0.000000000 -10.000000000
1776608206.788186073 0.620875776 0.177972943 0.168749005 0.213832036 0.972592831 0.090134986 -0.014654069 4.692945480 5.345242977 -9.810310364 0.000000000 0.000000000 -10.000000000
1776608206.792979717 0.620652318 0.178513616 0.168815404 0.213375568 0.972696424 0.090176761 -0.014167766 4.630119801 5.318252087 -9.937432289 0.000000000 0.000000000 -10.000000000
1776608206.797521353 0.620424569 0.179045573 0.168859601 0.213011682 0.972780108 0.090206422 -0.013697918 4.558413506 5.286715508 -10.061758041 0.000000000 0.000000000 -10.000000000
1776608206.802966356 0.620171070 0.179583609 0.168894231 0.212754115 0.972838998 0.090244137 -0.013265770 4.477985859 5.250538826 -10.183111191 0.000000000 0.000000000 -10.000000000
1776608206.807565212 0.620171070 0.179583609 0.168894231 0.212754115 0.972838998 0.090244137 -0.013265770 4.389049053 5.209615707 -10.301286697 0.000000000 0.000000000 -10.000000000
1776608206.813119650 0.619944453 0.180174112 0.168945551 0.212577760 0.972875297 0.090331793 -0.012825957 4.291864395 5.163836956 -10.416049957 0.000000000 0.000000000 -10.000000000
1776608206.817890644 0.619486928 0.181602597 0.169133037 0.212341473 0.972903132 0.090701826 -0.011990931 4.186741352 5.113093853 -10.527142525 0.000000000 0.000000000 -10.000000000
1776608206.822631598 0.619282722 0.182350457 0.169271231 0.212288648 0.972898841 0.090927906 -0.011555462 4.074033737 5.057285309 -10.634276390 0.000000000 0.000000000 -10.000000000
1776608206.827614307 0.619057536 0.183143720 0.169418961 0.212231055 0.972893238 0.091172867 -0.011148416 3.954138279 4.996323586 -10.737144470 0.000000000 0.000000000 -10.000000000
1776608206.832468510 0.619057536 0.183143720 0.169418961 0.212231055 0.972893238 0.091172867 -0.011148416 3.827495098 4.930140972 -10.835412979 0.000000000 0.000000000 -10.000000000
1776608206.837445974 0.618444443 0.184852153 0.169669211 0.212118626 0.972873211 0.091717571 -0.010550787 3.694583893 4.858698368 -10.928730965 0.000000000 0.000000000 -10.000000000
1776608206.842444420 0.618066251 0.185799241 0.169787079 0.212046862 0.972858191 0.092063263 -0.010362576 3.555922031 4.781991005 -11.016723633 0.000000000 0.000000000 -10.000000000
1776608206.848060131 0.618066251 0.185799241 0.169787079 0.212046862 0.972858191 0.092063263 -0.010362576 3.412059546 4.700049877 -11.099004745 0.000000000 0.000000000 -10.000000000
1776608206.852468014 0.617498934 0.187640995 0.170060635 0.211990342 0.972801983 0.092844814 -0.009808217 3.263581038 4.612941742 -11.175171852 0.000000000 0.000000000 -10.000000000
1776608206.857783556 0.617211759 0.188554987 0.170186728 0.211968243 0.972771466 0.093242228 -0.009543048 3.111102343 4.520770550 -11.244815826 0.000000000 0.000000000 -10.000000000
1776608206.862498283 0.616931975 0.189513415 0.170311123 0.211902499 0.972746909 0.093674541 -0.009263644 2.955271006 4.423677921 -11.307523727 0.000000000 0.000000000 -10.000000000
1776608206.867552996 0.616685152 0.190513089 0.170429021 0.211806029 0.972726524 0.094134018 -0.008951806 2.796762943 4.321848392 -11.362875938 0.000000000 0.000000000 -10.000000000
1776608206.872510433 0.616685152 0.190513089 0.170429021 0.211806029 0.972726524 0.094134018 -0.008951806 2.636279583 4.215507984 -11.410451889 0.000000000 0.000000000 -10.000000000
1776608206.877474785 0.616298974 0.192656323 0.170674145 0.211525589 0.972692370 0.095179893 -0.008200325 2.474540710 4.104925156 -11.449832916 0.000000000 0.000000000 -10.000000000
1776608206.882745266 0.616171539 0.193722144 0.170793086 0.211365953 0.972678363 0.095714480 -0.007741284 2.312277317 3.990404129 -11.480609894 0.000000000 0.000000000 -10.000000000
1776608206.887563944 0.616096914 0.194752410 0.170917183 0.211210728 0.972665012 0.096232206 -0.007220338 2.150226116 3.872285843 -11.502387047 0.000000000 0.000000000 -10.000000000
1776608206.892494678 0.616032243 0.195776254 0.171035230 0.211042702 0.972654700 0.096742876 -0.006679760 1.989126682 3.750946283 -11.514789581 0.000000000 0.000000000 -10.000000000
1776608206.897590637 0.615940392 0.196784168 0.171135724 0.210859373 0.972650170 0.097220920 -0.006168273 1.829717755 3.626799107 -11.517469406 0.000000000 0.000000000 -10.000000000
1776608206.902923584 0.615848720 0.197744131 0.171219856 0.210669026 0.972651064 0.097655691 -0.005647582 1.672730565 3.500299215 -11.510113716 0.000000000 0.000000000 -10.000000000
1776608206.907465458 0.615848720 0.197744131 0.171219856 0.210669026 0.972651064 0.097655691 -0.005647582 1.518880725 3.371939182 -11.492445946 0.000000000 0.000000000 -10.000000000
1776608206.912913561 0.615731597 0.199525431 0.171373367 0.210282683 0.972665012 0.098405503 -0.004508225 1.368860126 3.242246866 -11.464237213 0.000000000 0.000000000 -10.000000000
1776608206.917721033 0.615682006 0.200376019 0.171454340 0.210085422 0.972676575 0.098737530 -0.003918139 1.223327279 3.111777306 -11.425312042 0.000000000 0.000000000 -10.000000000
1776608206.922504663 0.615622997 0.201230526 0.171527863 0.209894419 0.972687602 0.099055760 -0.003338441 1.082899570 2.981106281 -11.375552177 0.000000000 0.000000000 -10.000000000
1776608206.927452564 0.615532398 0.202071786 0.171576440 0.209687114 0.972705483 0.099335678 -0.002786122 0.948146820 2.850824833 -11.314902306 0.000000000 0.000000000 -10.000000000
1776608206.932444572 0.615405202 0.202884465 0.171583503 0.209476978 0.972728610 0.099565208 -0.002276113 0.819587588 2.721532583 -11.243371964 0.000000000 0.000000000 -10.000000000
1776608206.937448502 0.615250647 0.203635335 0.171577603 0.209245235 0.972764552 0.099711590 -0.001788853 0.697685063 2.593836546 -11.161045074 0.000000000 0.000000000 -10.000000000
1776608206.942651272 0.615113318 0.204347312 0.171566218 0.209005475 0.972805619 0.099821396 -0.001280333 0.582843661 2.468346596 -11.068077087 0.000000000 0.000000000 -10.000000000
1776608206.947584152 0.614945889 0.204987660 0.171542823 0.208767369 0.972854257 0.099850528 -0.000798408 0.475404739 2.345673084 -10.964704514 0.000000000 0.000000000 -10.000000000
1776608206.952471733 0.614775240 0.205547005 0.171518326 0.208506957 0.972914815 0.099807411 -0.000307930 0.375642747 2.226422071 -10.851242065 0.000000000 0.000000000 -10.000000000
1776608206.957489967 0.614775240 0.205547005 0.171518326 0.208506957 0.972914815 0.099807411 -0.000307930 0.283761531 2.111188889 -10.728088379 0.000000000 0.000000000 -10.000000000
1776608206.962452888 0.614359558 0.206486985 0.171412557 0.207973167 0.973060429 0.099499710 0.000607110 0.199891359 2.000552177 -10.595725060 0.000000000 0.000000000 -10.000000000
1776608206.967562675 0.614359558 0.206486985 0.171412557 0.207973167 0.973060429 0.099499710 0.000607110 0.124086365 1.895067096 -10.454711914 0.000000000 0.000000000 -10.000000000
1776608206.972453833 0.614101589 0.206880242 0.171327233 0.207671613 0.973151743 0.099232487 0.001021973 0.056324054 1.795260668 -10.305691719 0.000000000 0.000000000 -10.000000000
1776608206.977447748 0.613555193 0.207517028 0.171090275 0.207065240 0.973351836 0.098523259 0.001826424 -0.003493017 1.701625705 -10.149380684 0.000000000 0.000000000 -10.000000000
1776608206.982427359 0.613241255 0.207756341 0.170945823 0.206771180 0.973458469 0.098078720 0.002191809 -0.055533502 1.614616871 -9.986573219 0.000000000 0.000000000 -10.000000000
1776608206.987422705 0.612900257 0.207939416 0.170788646 0.206479222 0.973570466 0.097573049 0.002526599 -0.100033380 1.534647465 -9.818137169 0.000000000 0.000000000 -10.000000000
1776608206.992434978 0.612900257 0.207939416 0.170788646 0.206479222 0.973570466 0.097573049 0.002526599 -0.137291849 1.462088346 -9.645011902 0.000000000 0.000000000 -10.000000000
1776608206.997572422 0.612270355 0.208168089 0.170501739 0.205980808 0.973782480 0.096483544 0.003249314 -0.167665556 1.397267342 -9.468201637 0.000000000 0.000000000 -10.000000000
1776608207.002473593 0.611839652 0.208197743 0.170301497 0.205764666 0.973891139 0.095837720 0.003469165 -0.191561922 1.340469003 -9.288772583 0.000000000 0.000000000 -10.000000000
1776608207.007673502 0.611447155 0.208186939 0.170126110 0.205574408 0.973994851 0.095180713 0.003720693 -0.209433466 1.291937709 -9.107850075 0.000000000 0.000000000 -10.000000000
1776608207.012506723 0.611053467 0.208134770 0.169948965 0.205421448 0.974091709 0.094507888 0.003951678 -0.221773475 1.251881480 -8.926610947 0.000000000 0.000000000 -10.000000000
1776608207.017445564 0.610667348 0.208031312 0.169779092 0.205304220 0.974182248 0.093817085 0.004178253 -0.229110569 1.220476151 -8.746278763 0.000000000 0.000000000 -10.000000000
1776608207.022549391 0.610247552 0.207911819 0.169619024 0.205201060 0.974270582 0.093114510 0.004361278 -0.232002959 1.197869062 -8.568118095 0.000000000 0.000000000 -10.000000000
1776608207.027498484 0.609785020 0.207782611 0.169456452 0.205122560 0.974354088 0.092405692 0.004477832 -0.231034085 1.184183359 -8.393424988 0.000000000 0.000000000 -10.000000000
1776608207.032492399 0.609329402 0.207646310 0.169312537 0.205043435 0.974436462 0.091704354 0.004586276 -0.226809710 1.179522276 -8.223521233 0.000000000 0.000000000 -10.000000000
1776608207.037472486 0.608889878 0.207499087 0.169184864 0.204995498 0.974510014 0.091022588 0.004688178 -0.219954133 1.183973074 -8.059742928 0.000000000 0.000000000 -10.000000000
1776608207.042997837 0.608427346 0.207334176 0.169058472 0.204965144 0.974580228 0.090333961 0.004738901 -0.211105049 1.197608471 -7.903429508 0.000000000 0.000000000 -10.000000000
1776608207.047484159 0.607944012 0.207137838 0.168939292 0.204957068 0.974646270 0.089636974 0.004740122 -0.200907588 1.220487475 -7.755916595 0.000000000 0.000000000 -10.000000000
1776608207.052687645 0.607449770 0.206916362 0.168819398 0.204965383 0.974708557 0.088939361 0.004708968 -0.190007821 1.252653599 -7.618516922 0.000000000 0.000000000 -10.000000000
1776608207.057869673 0.606961966 0.206678733 0.168705523 0.204998985 0.974764109 0.088253647 0.004657947 -0.179045558 1.294133186 -7.492513657 0.000000000 0.000000000 -10.000000000
1776608207.062851667 0.606451094 0.206441507 0.168599993 0.205033362 0.974818349 0.087576881 0.004562723 -0.168646887 1.344931722 -7.379145145 0.000000000 0.000000000 -10.000000000
1776608207.067955017 0.605914235 0.206227645 0.168502897 0.205076516 0.974868536 0.086921871 0.004415216 -0.159417853 1.405031443 -7.279592514 0.000000000 0.000000000 -10.000000000
1776608207.072988272 0.605360746 0.206016943 0.168408155 0.205111548 0.974918842 0.086282089 0.004229433 -0.151939407 1.474389315 -7.194970131 0.000000000 0.000000000 -10.000000000
1776608207.077946424 0.604796290 0.205811694 0.168331414 0.205168307 0.974962473 0.085662976 0.004004985 -0.146763235 1.552934170 -7.126311302 0.000000000 0.000000000 -10.000000000
1776608207.082814217 0.604186177 0.205593273 0.168261886 0.205226943 0.975005507 0.085043222 0.003710158 -0.144408330 1.640564203 -7.074557304 0.000000000 0.000000000 -10.000000000
1776608207.087687492 0.603496432 0.205413401 0.168183595 0.205278516 0.975049019 0.084434971 0.003303039 -0.145358086 1.737144351 -7.040546894 0.000000000 0.000000000 -10.000000000
1776608207.092758417 0.602797270 0.205239862 0.168120772 0.205336943 0.975088656 0.083849072 0.002856618 -0.150057942 1.842503190 -7.025003910 0.000000000 0.000000000 -10.000000000
1776608207.097996473 0.602797270 0.205239862 0.168120772 0.205336943 0.975088656 0.083849072 0.002856618 -0.158914015 1.956429720 -7.028532028 0.000000000 0.000000000 -10.000000000
1776608207.103049994 0.601393521 0.204855710 0.168038189 0.205475509 0.975158393 0.082718365 0.001893872 -0.172292456 2.078668833 -7.051602364 0.000000000 0.000000000 -10.000000000
1776608207.108005762 0.600640595 0.204673260 0.167992651 0.205560640 0.975187421 0.082174152 0.001318336 -0.190519035 2.208919287 -7.094549656 0.000000000 0.000000000 -10.000000000
1776608207.112936020 0.600640595 0.204673260 0.167992651 0.205560640 0.975187421 0.082174152 0.001318336 -0.213878661 2.346831083 -7.157565117 0.000000000 0.000000000 -10.000000000
1776608207.117950201 0.599109709 0.204355717 0.167906195 0.205724895 0.975239456 0.081149392 0.000086329 -0.242614284 2.492003918 -7.240691185 0.000000000 0.000000000 -10.000000000
1776608207.123000860 0.598370552 0.204200163 0.167880565 0.205825016 0.975257337 0.080677994 -0.000522350 -0.276925534 2.643985748 -7.343823910 0.000000000 0.000000000 -10.000000000
1776608207.127931595 0.597613573 0.204085886 0.167851239 0.205898926 0.975277603 0.080236495 -0.001160905 -0.316966832 2.802271605 -7.466711998 0.000000000 0.000000000 -10.000000000
1776608207.133048773 0.597613573 0.204085886 0.167851239 0.205898926 0.975277603 0.080236495 -0.001160905 -0.362845987 2.966303349 -7.608959675 0.000000000 0.000000000 -10.000000000
1776608207.137644291 0.596080720 0.203906432 0.167726308 0.206010357 0.975320518 0.079393953 -0.002491824 -0.414623678 3.135469437 -7.770030499 0.000000000 0.000000000 -10.000000000
1776608207.142546654 0.595348179 0.203838125 0.167670578 0.206048846 0.975342155 0.079005040 -0.003125467 -0.472313911 3.309107780 -7.949255466 0.000000000 0.000000000 -10.000000000
1776608207.147419214 0.594615102 0.203804374 0.167621225 0.206052870 0.975368917 0.078635834 -0.003748461 -0.535883486 3.486507654 -8.145837784 0.000000000 0.000000000 -10.000000000
1776608207.152481318 0.593896985 0.203783512 0.167561561 0.206037387 0.975398302 0.078280814 -0.004348862 -0.605251312 3.666913509 -8.358869553 0.000000000 0.000000000 -10.000000000
1776608207.157547235 0.593207896 0.203752592 0.167492390 0.206019878 0.975426793 0.077937208 -0.004920384 -0.680287182 3.849529505 -8.587337494 0.000000000 0.000000000 -10.000000000
1776608207.162508249 0.592554748 0.203771308 0.167412430 0.205973864 0.975458145 0.077630155 -0.005448050 -0.760812044 4.033523083 -8.830141068 0.000000000 0.000000000 -10.000000000
1776608207.170104265 0.591950476 0.203839168 0.167320728 0.205909014 0.975490332 0.077364355 -0.005906801 -0.846597791 4.218027115 -9.086106300 0.000000000 0.000000000 -10.000000000
1776608207.173238993 0.591420829 0.203939423 0.167241991 0.205847114 0.975518584 0.077144101 -0.006264722 -0.937367558 4.402146816 -9.354002953 0.000000000 0.000000000 -10.000000000
1776608207.177894354 0.590977371 0.204067066 0.167173922 0.205781832 0.975544333 0.076972216 -0.006509297 -1.032796860 4.584961891 -9.632562637 0.000000000 0.000000000 -10.000000000
1776608207.182533264 0.590568483 0.204232529 0.167098820 0.205681160 0.975575507 0.076829940 -0.006699569 -1.132515907 4.765532970 -9.920494080 0.000000000 0.000000000 -10.000000000
1776608207.187960863 0.590568483 0.204232529 0.167098820 0.205681160 0.975575507 0.076829940 -0.006699569 -1.236114860 4.942908764 -10.216498375 0.000000000 0.000000000 -10.000000000
1776608207.192556620 0.589973032 0.204577431 0.166929394 0.205433160 0.975646794 0.076578192 -0.006810728 -1.343150258 5.116136074 -10.519289017 0.000000000 0.000000000 -10.000000000
1776608207.198170900 0.589755952 0.204755425 0.166839123 0.205272883 0.975691497 0.076442003 -0.006768557 -1.453153133 5.284267426 -10.827606201 0.000000000 0.000000000 -10.000000000
1776608207.205673218 0.589571595 0.204943061 0.166755587 0.205085516 0.975743949 0.076282963 -0.006679825 -1.565637946 5.446375370 -11.140227318 0.000000000 0.000000000 -10.000000000
1776608207.207612514 0.589571595 0.204943061 0.166755587 0.205085516 0.975743949 0.076282963 -0.006679825 -1.680112243 5.601555347 -11.455985069 0.000000000 0.000000000 -10.000000000
1776608207.212874174 0.589441299 0.205113545 0.166703939 0.204904765 0.975796700 0.076106578 -0.006529462 -1.796085358 5.748937130 -11.773774147 0.000000000 0.000000000 -10.000000000
1776608207.217549801 0.589359105 0.205430374 0.166666955 0.204522148 0.975910366 0.075718381 -0.006031937 -1.913074017 5.887690067 -12.092564583 0.000000000 0.000000000 -10.000000000
1776608207.222461224 0.589359105 0.205430374 0.166666955 0.204522148 0.975910366 0.075718381 -0.006031937 -2.030605316 6.017026901 -12.411403656 0.000000000 0.000000000 -10.000000000
1776608207.227554321 0.589330554 0.205701157 0.166631222 0.204123080 0.976036549 0.075208560 -0.005484202 -2.148220539 6.136212349 -12.729424477 0.000000000 0.000000000 -10.000000000
1776608207.232556343 0.589330554 0.205701157 0.166631222 0.204123080 0.976036549 0.075208560 -0.005484202 -2.265477896 6.244567394 -13.045843124 0.000000000 0.000000000 -10.000000000
1776608207.237424612 0.589383960 0.205878496 0.166664958 0.203928530 0.976097941 0.074963160 -0.005146805 -2.381957054 6.341471195 -13.359962463 0.000000000 0.000000000 -10.000000000
1776608207.242834330 0.589429438 0.206044599 0.166706622 0.203723893 0.976163208 0.074690491 -0.004827362 -2.497260809 6.426361561 -13.671164513 0.000000000 0.000000000 -10.000000000
1776608207.247483969 0.589510262 0.206363648 0.166834056 0.203362599 0.976288676 0.074068099 -0.004235580 -2.611016273 6.498736382 -13.978903770 0.000000000 0.000000000 -10.000000000
1776608207.252479315 0.589554250 0.206529319 0.166917086 0.203192309 0.976350069 0.073741116 -0.003960137 -2.722875834 6.558153152 -14.282700539 0.000000000 0.000000000 -10.000000000
1776608207.257505178 0.589554250 0.206529319 0.166917086 0.203192309 0.976350069 0.073741116 -0.003960137 -2.832516193 6.604232788 -14.582125664 0.000000000 0.000000000 -10.000000000
1776608207.262542009 0.589612424 0.206701219 0.167019188 0.203042760 0.976407945 0.073400542 -0.003685154 -2.939636230 6.636656761 -14.876795769 0.000000000 0.000000000 -10.000000000
1776608207.267697096 0.589801788 0.207056955 0.167271763 0.202755168 0.976521671 0.072705984 -0.003100729 -3.043953896 6.655168533 -15.166359901 0.000000000 0.000000000 -10.000000000
1776608207.273718119 0.589878678 0.207243353 0.167396426 0.202611566 0.976580083 0.072331212 -0.002840684 -3.145202637 6.659568787 -15.450481415 0.000000000 0.000000000 -10.000000000
1776608207.277924776 0.589981019 0.207408577 0.167542666 0.202494591 0.976633668 0.071944900 -0.002567439 -3.243127108 6.649715424 -15.728827477 0.000000000 0.000000000 -10.000000000
1776608207.282930851 0.589981019 0.207408577 0.167542666 0.202494591 0.976633668 0.071944900 -0.002567439 -3.337482214 6.625527859 -16.001062393 0.000000000 0.000000000 -10.000000000
1776608207.288044214 0.590222478 0.207742348 0.167883962 0.202255070 0.976741731 0.071164750 -0.002010287 -3.428030968 6.586995602 -16.266836166 0.000000000 0.000000000 -10.000000000
1776608207.292979479 0.590303659 0.207900435 0.168048471 0.202133268 0.976797700 0.070747457 -0.001785487 -3.514545441 6.534182072 -16.525779724 0.000000000 0.000000000 -10.000000000
1776608207.297968388 0.590354443 0.208074346 0.168191552 0.202000499 0.976856530 0.070317529 -0.001605962 -3.596801996 6.467223644 -16.777486801 0.000000000 0.000000000 -10.000000000
1776608207.302838087 0.590434730 0.208221257 0.168334752 0.201876685 0.976914048 0.069876812 -0.001421366 -3.674576998 6.386326790 -17.021501541 0.000000000 0.000000000 -10.000000000
1776608207.307650566 0.590491295 0.208369493 0.168464422 0.201743513 0.976974189 0.069421314 -0.001275370 -3.747647047 6.291767120 -17.257308960 0.000000000 0.000000000 -10.000000000
1776608207.312547922 0.590554714 0.208523899 0.168601692 0.201625139 0.977030098 0.068979643 -0.001140365 -3.815786123 6.183890343 -17.484331131 0.000000000 0.000000000 -10.000000000
1776608207.317654133 0.590554714 0.208523899 0.168601692 0.201625139 0.977030098 0.068979643 -0.001140365 -3.878765583 6.063114166 -17.701940536 0.000000000 0.000000000 -10.000000000
1776608207.322832346 0.590802968 0.208873764 0.168896854 0.201393321 0.977134764 0.068174705 -0.000801482 -3.936352491 5.929926872 -17.909444809 0.000000000 0.000000000 -10.000000000
1776608207.328053474 0.590945482 0.209058523 0.169021696 0.201293916 0.977181852 0.067793213 -0.000651549 -3.988309860 5.784883499 -18.106103897 0.000000000 0.000000000 -10.000000000
1776608207.338725567 0.591085672 0.209246904 0.169118762 0.201213539 0.977224827 0.067412771 -0.000529579 -4.034399986 5.628605843 -18.291128159 0.000000000 0.000000000 -10.000000000
1776608207.338961363 0.591394365 0.209654346 0.169303328 0.201056778 0.977306068 0.066700004 -0.000318874 -4.074385643 5.461777687 -18.463691711 0.000000000 0.000000000 -10.000000000
1776608207.342478514 0.591394365 0.209654346 0.169303328 0.201056778 0.977306068 0.066700004 -0.000318874 -4.108025551 5.285138130 -18.622924805 0.000000000 0.000000000 -10.000000000
1776608207.347863913 0.591394365 0.209654346 0.169303328 0.201056778 0.977306068 0.066700004 -0.000318874 -4.135076046 5.099478245 -18.767927170 0.000000000 0.000000000 -10.000000000
1776608207.352630377 0.591757059 0.210126966 0.169483691 0.200931415 0.977374256 0.066076592 -0.000120610 -4.155296803 4.905634880 -18.897792816 0.000000000 0.000000000 -10.000000000
1776608207.357524872 0.591757059 0.210126966 0.169483691 0.200931415 0.977374256 0.066076592 -0.000120610 -4.168460369 4.704488277 -19.011634827 0.000000000 0.000000000 -10.000000000
1776608207.363123655 0.592142642 0.210662216 0.169639260 0.200831443 0.977431595 0.065530330 0.000007942 -4.174356937 4.496953487 -19.108608246 0.000000000 0.000000000 -10.000000000
1776608207.367445946 0.592414916 0.210928410 0.169725955 0.200805560 0.977452457 0.065297797 0.000127657 -4.172794819 4.283975124 -19.187915802 0.000000000 0.000000000 -10.000000000
1776608207.372707367 0.592414916 0.210928410 0.169725955 0.200805560 0.977452457 0.065297797 0.000127657 -4.163600445 4.066515446 -19.248823166 0.000000000 0.000000000 -10.000000000
1776608207.377490520 0.592941761 0.211481273 0.169815689 0.200779244 0.977487206 0.064856626 0.000276570 -4.146620274 3.845547199 -19.290676117 0.000000000 0.000000000 -10.000000000
1776608207.382561445 0.593252242 0.211777031 0.169848979 0.200768426 0.977501452 0.064674877 0.000366434 -4.121721268 3.622045994 -19.312898636 0.000000000 0.000000000 -10.000000000
1776608207.387491465 0.593617499 0.212076277 0.169866920 0.200780600 0.977508783 0.064524867 0.000486187 -4.088790417 3.396979094 -19.315019608 0.000000000 0.000000000 -10.000000000
1776608207.393020868 0.593617499 0.212076277 0.169866920 0.200780600 0.977508783 0.064524867 0.000486187 -4.047736645 3.171298027 -19.296670914 0.000000000 0.000000000 -10.000000000
1776608207.397923470 0.594414473 0.212677330 0.169869095 0.200841367 0.977512181 0.064281739 0.000730821 -3.998492956 2.945930481 -19.257602692 0.000000000 0.000000000 -10.000000000
1776608207.402529716 0.594821751 0.212975383 0.169864923 0.200872630 0.977513254 0.064166345 0.000836413 -3.941015959 2.721773624 -19.197690964 0.000000000 0.000000000 -10.000000000
1776608207.407977819 0.594821751 0.212975383 0.169864923 0.200872630 0.977513254 0.064166345 0.000836413 -3.875292063 2.499691963 -19.116945267 0.000000000 0.000000000 -10.000000000
1776608207.412549973 0.595678151 0.213470370 0.169844121 0.200913027 0.977524042 0.063872166 0.001035092 -3.801340103 2.280516386 -19.015510559 0.000000000 0.000000000 -10.000000000
1776608207.418137074 0.596122921 0.213718563 0.169854939 0.200899988 0.977536678 0.063717611 0.001132686 -3.719216108 2.065042973 -18.893674850 0.000000000 0.000000000 -10.000000000
1776608207.422501326 0.596515238 0.213901699 0.169841677 0.200882465 0.977554560 0.063497923 0.001158431 -3.629014015 1.854032636 -18.751861572 0.000000000 0.000000000 -10.000000000
1776608207.427988052 0.596515238 0.213901699 0.169841677 0.200882465 0.977554560 0.063497923 0.001158431 -3.530870199 1.648209214 -18.590637207 0.000000000 0.000000000 -10.000000000
1776608207.433033943 0.597229302 0.214189440 0.169821560 0.200823963 0.977602243 0.062947728 0.001101976 -3.424962997 1.448257208 -18.410705566 0.000000000 0.000000000 -10.000000000
1776608207.437433004 0.597229302 0.214189440 0.169821560 0.200823963 0.977602243 0.062947728 0.001101976 -3.311514139 1.254819751 -18.212898254 0.000000000 0.000000000 -10.000000000
1776608207.442449808 0.597510159 0.214252964 0.169792384 0.200755328 0.977641046 0.062564731 0.000987444 -3.190785885 1.068495154 -17.998182297 0.000000000 0.000000000 -10.000000000
1776608207.447472095 0.597753108 0.214292824 0.169771820 0.200663880 0.977687120 0.062139247 0.000818175 -3.063079119 0.889835715 -17.767644882 0.000000000 0.000000000 -10.000000000
1776608207.452477455 0.597956002 0.214332938 0.169749081 0.200563625 0.977736533 0.061685961 0.000600307 -2.928729534 0.719345391 -17.522485733 0.000000000 0.000000000 -10.000000000
1776608207.457722187 0.598129094 0.214356273 0.169708908 0.200461343 0.977788448 0.061195042 0.000338513 -2.788105011 0.557476699 -17.264017105 0.000000000 0.000000000 -10.000000000
1776608207.462677002 0.598411739 0.214275450 0.169586718 0.200276807 0.977894425 0.060097031 -0.000302042 -2.641599417 0.404626489 -16.993640900 0.000000000 0.000000000 -10.000000000
1776608207.467457056 0.598411739 0.214275450 0.169586718 0.200276807 0.977894425 0.060097031 -0.000302042 -2.489630222 0.261134833 -16.712841034 0.000000000 0.000000000 -10.000000000
1776608207.472520590 0.598545313 0.214239374 0.169533849 0.200203747 0.977943182 0.059540953 -0.000650983 -2.332634211 0.127286196 -16.423177719 0.000000000 0.000000000 -10.000000000
1776608207.477475643 0.598885000 0.214202166 0.169485658 0.200093463 0.978029132 0.058480475 -0.001291758 -2.171063900 0.003309847 -16.126262665 0.000000000 0.000000000 -10.000000000
1776608207.482449293 0.599014103 0.214188695 0.169446707 0.200035721 0.978072047 0.057948541 -0.001671103 -2.005384684 -0.110621698 -15.823747635 0.000000000 0.000000000 -10.000000000
1776608207.487978697 0.599098563 0.214196369 0.169393182 0.200008839 0.978107631 0.057423390 -0.002111776 -1.836069822 -0.214394271 -15.517313957 0.000000000 0.000000000 -10.000000000
1776608207.492473125 0.599177182 0.214224696 0.169345856 0.200004414 0.978137195 0.056914922 -0.002569202 -1.663595438 -0.307953328 -15.208653450 0.000000000 0.000000000 -10.000000000
1776608207.497992516 0.599177182 0.214224696 0.169345856 0.200004414 0.978137195 0.056914922 -0.002569202 -1.488437414 -0.391304195 -14.899458885 0.000000000 0.000000000 -10.000000000
1776608207.502450705 0.599323094 0.214303240 0.169257134 0.199975505 0.978197455 0.055921596 -0.003516116 -1.311068773 -0.464511871 -14.591407776 0.000000000 0.000000000 -10.000000000
1776608207.507480145 0.599385977 0.214354128 0.169230103 0.199985325 0.978220940 0.055439610 -0.004010542 -1.131956935 -0.527701020 -14.286149979 0.000000000 0.000000000 -10.000000000
1776608207.513033390 0.599474609 0.214416400 0.169233590 0.199983090 0.978245378 0.054978602 -0.004482396 -0.951559961 -0.581055939 -13.985294342 0.000000000 0.000000000 -10.000000000
1776608207.517970085 0.599592209 0.214487940 0.169269562 0.199945271 0.978275836 0.054535042 -0.004920073 -0.770325243 -0.624818742 -13.690398216 0.000000000 0.000000000 -10.000000000
1776608207.523001909 0.599744558 0.214562774 0.169319183 0.199924260 0.978301466 0.054112896 -0.005322773 -0.588689387 -0.659286439 -13.402952194 0.000000000 0.000000000 -10.000000000
1776608207.527949333 0.599837005 0.214619458 0.169329256 0.199908182 0.978327096 0.053658787 -0.005791660 -0.407076776 -0.684808969 -13.124368668 0.000000000 0.000000000 -10.000000000
1776608207.532936573 0.599837005 0.214619458 0.169329256 0.199908182 0.978327096 0.053658787 -0.005791660 -0.225897580 -0.701786399 -12.855972290 0.000000000 0.000000000 -10.000000000
1776608207.537823915 0.599974453 0.214704782 0.169281363 0.199821740 0.978390753 0.052693028 -0.006797977 -0.045546044 -0.710665762 -12.598985672 0.000000000 0.000000000 -10.000000000
1776608207.542558670 0.600041449 0.214734018 0.169244021 0.199772537 0.978423834 0.052194666 -0.007308350 0.133600354 -0.711935222 -12.354522705 0.000000000 0.000000000 -10.000000000
1776608207.547523022 0.600041449 0.214734018 0.169244021 0.199772537 0.978423834 0.052194666 -0.007308350 0.311182648 -0.706119061 -12.123583794 0.000000000 0.000000000 -10.000000000
1776608207.552767992 0.600110233 0.214755654 0.169210166 0.199730679 0.978454769 0.051698752 -0.007818711 0.486862838 -0.693772554 -11.907054901 0.000000000 0.000000000 -10.000000000
1776608207.557414293 0.600320756 0.214789003 0.169201791 0.199624583 0.978518426 0.050741993 -0.008774122 0.660325170 -0.675475836 -11.705698967 0.000000000 0.000000000 -10.000000000
1776608207.562458038 0.600465477 0.214812174 0.169214100 0.199557155 0.978551984 0.050280321 -0.009210491 0.831276417 -0.651827157 -11.520160675 0.000000000 0.000000000 -10.000000000
1776608207.567567110 0.600465477 0.214812174 0.169214100 0.199557155 0.978551984 0.050280321 -0.009210491 0.999448240 -0.623436451 -11.350958824 0.000000000 0.000000000 -10.000000000
1776608207.573264837 0.600602686 0.214831293 0.169208199 0.199505016 0.978582203 0.049813848 -0.009651993 1.164600611 -0.590920568 -11.198492050 0.000000000 0.000000000 -10.000000000
1776608207.577963352 0.600807488 0.214828089 0.169127733 0.199405715 0.978641808 0.048832469 -0.010628887 1.326524496 -0.554897904 -11.063037872 0.000000000 0.000000000 -10.000000000
1776608207.582660675 0.600910783 0.214822739 0.169081867 0.199357778 0.978670180 0.048346277 -0.011125992 1.485042572 -0.515983641 -10.944761276 0.000000000 0.000000000 -10.000000000
1776608207.587557316 0.600910783 0.214822739 0.169081867 0.199357778 0.978670180 0.048346277 -0.011125992 1.640009403 -0.474784225 -10.843714714 0.000000000 0.000000000 -10.000000000
1776608207.592997789 0.601021528 0.214822948 0.169062138 0.199312881 0.978697062 0.047871158 -0.011609367 1.791309953 -0.431892663 -10.759844780 0.000000000 0.000000000 -10.000000000
1776608207.598238230 0.601163447 0.214836612 0.169082403 0.199268207 0.978722811 0.047417693 -0.012058890 1.938860059 -0.387884438 -10.692997932 0.000000000 0.000000000 -10.000000000
1776608207.602934599 0.601333201 0.214873582 0.169130206 0.199210972 0.978749990 0.046987638 -0.012473365 2.082604885 -0.343314141 -10.642927170 0.000000000 0.000000000 -10.000000000
1776608207.607971907 0.601636112 0.214939311 0.169179559 0.199053466 0.978812337 0.046107348 -0.013349033 2.222517490 -0.298711389 -10.609297752 0.000000000 0.000000000 -10.000000000
1776608207.612464666 0.601758957 0.214957595 0.169163376 0.198990092 0.978839815 0.045654573 -0.013827433 2.358594418 -0.254576355 -10.591688156 0.000000000 0.000000000 -10.000000000
1776608207.617941856 0.601758957 0.214957595 0.169163376 0.198990092 0.978839815 0.045654573 -0.013827433 2.490851641 -0.211376220 -10.589598656 0.000000000 0.000000000 -10.000000000
1776608207.622536421 0.601968169 0.214996547 0.169114023 0.198882550 0.978888094 0.044759288 -0.014845962 2.619321346 -0.169543162 -10.602457047 0.000000000 0.000000000 -10.000000000
1776608207.627964735 0.601968169 0.214996547 0.169114023 0.198882550 0.978888094 0.044759288 -0.014845962 2.744050264 -0.129473820 -10.629624367 0.000000000 0.000000000 -10.000000000
1776608207.632606506 0.602070868 0.215026587 0.169097990 0.198826984 0.978911281 0.044323951 -0.015359323 2.865098715 -0.091529295 -10.670408249 0.000000000 0.000000000 -10.000000000
1776608207.637528658 0.602179289 0.215059757 0.169107318 0.198769450 0.978933990 0.043897267 -0.015874436 2.982538223 -0.056033839 -10.724067688 0.000000000 0.000000000 -10.000000000
1776608207.642433882 0.602330744 0.215104058 0.169148594 0.198717579 0.978954494 0.043499231 -0.016348086 3.096447706 -0.023273153 -10.789817810 0.000000000 0.000000000 -10.000000000
1776608207.647460699 0.602482855 0.215152577 0.169179380 0.198679045 0.978971541 0.043107979 -0.016825823 3.206911325 0.006505438 -10.866835594 0.000000000 0.000000000 -10.000000000
1776608207.652984858 0.602588236 0.215191290 0.169186592 0.198660418 0.978984058 0.042698134 -0.017353790 3.314017773 0.033091035 -10.954270363 0.000000000 0.000000000 -10.000000000
1776608207.657693863 0.602796674 0.215246767 0.169191122 0.198591948 0.979014158 0.041869480 -0.018424381 3.417859077 0.056308001 -11.051244736 0.000000000 0.000000000 -10.000000000
1776608207.662797928 0.602933168 0.215274215 0.169208169 0.198546037 0.979030848 0.041471161 -0.018925413 3.518527746 0.076015875 -11.156862259 0.000000000 0.000000000 -10.000000000
1776608207.667528868 0.602933168 0.215274215 0.169208169 0.198546037 0.979030848 0.041471161 -0.018925413 3.616115332 0.092108786 -11.270216942 0.000000000 0.000000000 -10.000000000
1776608207.673299313 0.603059947 0.215285808 0.169220418 0.198498502 0.979047775 0.041062091 -0.019435005 3.710710764 0.104514234 -11.390390396 0.000000000 0.000000000 -10.000000000
1776608207.677955866 0.603380501 0.215306446 0.169295967 0.198427543 0.979075253 0.040275093 -0.020397238 3.802401066 0.113191977 -11.516464233 0.000000000 0.000000000 -10.000000000
1776608207.682596684 0.603380501 0.215306446 0.169295967 0.198427543 0.979075253 0.040275093 -0.020397238 3.891271353 0.118133068 -11.647521019 0.000000000 0.000000000 -10.000000000
1776608207.687610388 0.603543997 0.215314522 0.169330627 0.198398128 0.979087234 0.039883934 -0.020872524 3.977405071 0.119358510 -11.782654762 0.000000000 0.000000000 -10.000000000
1776608207.692406416 0.603746772 0.215300694 0.169330716 0.198263958 0.979125261 0.039032031 -0.021944975 4.060884953 0.116917461 -11.920971870 0.000000000 0.000000000 -10.000000000
1776608207.697441339 0.603886068 0.215303734 0.169335008 0.198176339 0.979147971 0.038624834 -0.022438409 4.141795635 0.110885322 -12.061596870 0.000000000 0.000000000 -10.000000000
1776608207.702502251 0.604042470 0.215313211 0.169338971 0.198084548 0.979171097 0.038228989 -0.022914166 4.220221043 0.101362012 -12.203678131 0.000000000 0.000000000 -10.000000000
1776608207.707952023 0.604042470 0.215313211 0.169338971 0.198084548 0.979171097 0.038228989 -0.022914166 4.296248436 0.088470384 -12.346394539 0.000000000 0.000000000 -10.000000000
1776608207.713055372 0.604389429 0.215311348 0.169366062 0.197934970 0.979209304 0.037448451 -0.023843858 4.369966030 0.072354659 -12.488958359 0.000000000 0.000000000 -10.000000000
1776608207.717952728 0.604389429 0.215311348 0.169366062 0.197934970 0.979209304 0.037448451 -0.023843858 4.441460609 0.053178735 -12.630615234 0.000000000 0.000000000 -10.000000000
1776608207.722918034 0.604829133 0.215315685 0.169459760 0.197817892 0.979239702 0.036725011 -0.024677999 4.510818005 0.031123811 -12.770646095 0.000000000 0.000000000 -10.000000000
1776608207.727930307 0.605005085 0.215319276 0.169494420 0.197779655 0.979249418 0.036355760 -0.025140757 4.578120232 0.006384742 -12.908365250 0.000000000 0.000000000 -10.000000000
1776608207.732467413 0.605171144 0.215328842 0.169517487 0.197750926 0.979256511 0.035988811 -0.025613464 4.643447399 -0.020833954 -13.043125153 0.000000000 0.000000000 -10.000000000
1776608207.737942934 0.605362296 0.215346754 0.169527024 0.197714701 0.979264915 0.035631616 -0.026066696 4.706874371 -0.050320022 -13.174313545 0.000000000 0.000000000 -10.000000000
1776608207.742956400 0.605590343 0.215378746 0.169531107 0.197660521 0.979276836 0.035301525 -0.026475416 4.768467426 -0.081854314 -13.301357269 0.000000000 0.000000000 -10.000000000
1776608207.747968435 0.605869412 0.215431109 0.169564188 0.197590038 0.979291856 0.035011303 -0.026830632 4.828280449 -0.115213819 -13.423718452 0.000000000 0.000000000 -10.000000000
1776608207.753627300 0.606148541 0.215491354 0.169610143 0.197515845 0.979306936 0.034736883 -0.027180620 4.886359692 -0.150176838 -13.540903091 0.000000000 0.000000000 -10.000000000
1776608207.757880926 0.606412232 0.215548769 0.169647932 0.197434872 0.979322910 0.034457821 -0.027545113 4.942745209 -0.186527237 -13.652458191 0.000000000 0.000000000 -10.000000000
1776608207.762770653 0.606639802 0.215586171 0.169668615 0.197355911 0.979338169 0.034157366 -0.027941214 4.997470856 -0.224057689 -13.757976532 0.000000000 0.000000000 -10.000000000
1776608207.767508268 0.606639802 0.215586171 0.169668615 0.197355911 0.979338169 0.034157366 -0.027941214 5.050569057 -0.262573570 -13.857096672 0.000000000 0.000000000 -10.000000000
1776608207.772917986 0.606928170 0.215630695 0.169700474 0.197281390 0.979353070 0.033886280 -0.028271863 5.102075577 -0.301897645 -13.949507713 0.000000000 0.000000000 -10.000000000
1776608207.777495623 0.607276022 0.215675503 0.169734627 0.197218850 0.979366541 0.033642571 -0.028532198 5.152036190 -0.341874212 -14.034948349 0.000000000 0.000000000 -10.000000000
1776608207.782628059 0.607995868 0.215728536 0.169722527 0.197117001 0.979390442 0.033129174 -0.029012427 5.200505257 -0.382371217 -14.113208771 0.000000000 0.000000000 -10.000000000
1776608207.787440538 0.608484387 0.215775371 0.169772923 0.197069556 0.979404032 0.032930166 -0.029101716 5.247544289 -0.423279256 -14.184131622 0.000000000 0.000000000 -10.000000000
1776608207.792423248 0.609043896 0.215838328 0.169851542 0.197021067 0.979419231 0.032767233 -0.029102681 5.293219566 -0.464508563 -14.247612000 0.000000000 0.000000000 -10.000000000
1776608207.797520399 0.609589994 0.215897366 0.169914842 0.196980789 0.979432702 0.032598399 -0.029111180 5.337601662 -0.505987346 -14.303595543 0.000000000 0.000000000 -10.000000000
1776608207.802477837 0.609589994 0.215897366 0.169914842 0.196980789 0.979432702 0.032598399 -0.029111180 5.380764484 -0.547661245 -14.352072716 0.000000000 0.000000000 -10.000000000
1776608207.807449102 0.610661685 0.215975896 0.169983327 0.196919620 0.979456484 0.032221973 -0.029144442 5.422788143 -0.589491844 -14.393078804 0.000000000 0.000000000 -10.000000000
1776608207.812551737 0.611240089 0.216013089 0.169995159 0.196892068 0.979468763 0.032049760 -0.029108390 5.463757038 -0.631454825 -14.426692963 0.000000000 0.000000000 -10.000000000
1776608207.817419767 0.611240089 0.216013089 0.169995159 0.196892068 0.979468763 0.032049760 -0.029108390 5.503761768 -0.673538268 -14.453030586 0.000000000 0.000000000 -10.000000000
1776608207.822460890 0.612600923 0.216081768 0.170027733 0.196814790 0.979503334 0.031760167 -0.028781842 5.542895794 -0.715741694 -14.472245216 0.000000000 0.000000000 -10.000000000
1776608207.827543020 0.613365591 0.216124594 0.170079231 0.196752295 0.979527652 0.031646468 -0.028506886 5.581258297 -0.758074522 -14.484528542 0.000000000 0.000000000 -10.000000000
1776608207.832505703 0.614157379 0.216161013 0.170129746 0.196666509 0.979557812 0.031533621 -0.028185762 5.618951797 -0.800553560 -14.490107536 0.000000000 0.000000000 -10.000000000
1776608207.837432861 0.614948928 0.216192275 0.170160532 0.196565703 0.979591310 0.031414792 -0.027854135 5.656080723 -0.843201041 -14.489242554 0.000000000 0.000000000 -10.000000000
1776608207.842678308 0.614948928 0.216192275 0.170160532 0.196565703 0.979591310 0.031414792 -0.027854135 5.692754745 -0.886042178 -14.482226372 0.000000000 0.000000000 -10.000000000
1776608207.847960949 0.616569817 0.216219783 0.170170367 0.196339875 0.979665458 0.031146202 -0.027132640 5.729082108 -0.929102659 -14.469376564 0.000000000 0.000000000 -10.000000000
1776608207.852491856 0.617477298 0.216225088 0.170187593 0.196214929 0.979707778 0.031025277 -0.026642788 5.765171528 -0.972405910 -14.451038361 0.000000000 0.000000000 -10.000000000
1776608207.857972383 0.618433416 0.216223851 0.170223325 0.196076289 0.979754567 0.030901268 -0.026081420 5.801128387 -1.015971184 -14.427575111 0.000000000 0.000000000 -10.000000000
1776608207.862477303 0.619500160 0.216267720 0.170318067 0.195934474 0.979802787 0.030854005 -0.025380695 5.837056637 -1.059813023 -14.399371147 0.000000000 0.000000000 -10.000000000
1776608207.867478848 0.620609283 0.216327161 0.170418173 0.195795938 0.979850292 0.030836888 -0.024626039 5.873056412 -1.103941321 -14.366820335 0.000000000 0.000000000 -10.000000000
1776608207.872981787 0.621733010 0.216404065 0.170488387 0.195669770 0.979894280 0.030848935 -0.023852145 5.909222126 -1.148362279 -14.330327988 0.000000000 0.000000000 -10.000000000
1776608207.877550602 0.622830808 0.216463864 0.170522660 0.195545778 0.979937255 0.030836314 -0.023108250 5.945635319 -1.193078279 -14.290300369 0.000000000 0.000000000 -10.000000000
1776608207.882878065 0.622830808 0.216463864 0.170522660 0.195545778 0.979937255 0.030836314 -0.023108250 5.982364655 -1.238088608 -14.247140884 0.000000000 0.000000000 -10.000000000
1776608207.887412786 0.625102043 0.216633320 0.170568109 0.195315316 0.980017364 0.030889055 -0.021534000 6.019457340 -1.283389807 -14.201244354 0.000000000 0.000000000 -10.000000000
1776608207.892961740 0.625102043 0.216633320 0.170568109 0.195315316 0.980017364 0.030889055 -0.021534000 6.056935787 -1.328976035 -14.153000832 0.000000000 0.000000000 -10.000000000
1776608207.897518635 0.627500534 0.216890827 0.170666665 0.195123076 0.980085313 0.031101486 -0.019809877 6.094793797 -1.374839187 -14.102787018 0.000000000 0.000000000 -10.000000000
1776608207.902738571 0.628757894 0.217040166 0.170770973 0.195036083 0.980115831 0.031264123 -0.018878939 6.132998943 -1.420968294 -14.050971031 0.000000000 0.000000000 -10.000000000
1776608207.907532215 0.628757894 0.217040166 0.170770973 0.195036083 0.980115831 0.031264123 -0.018878939 6.171487331 -1.467347383 -13.997905731 0.000000000 0.000000000 -10.000000000
1776608207.912539721 0.630033731 0.217198253 0.170873374 0.194946453 0.980145931 0.031442776 -0.017922100 6.210167885 -1.513953209 -13.943929672 0.000000000 0.000000000 -10.000000000
1776608207.917490482 0.631255209 0.217347041 0.170926332 0.194851816 0.980176032 0.031592928 -0.017018482 6.248917580 -1.560751438 -13.889362335 0.000000000 0.000000000 -10.000000000
1776608207.922467232 0.633516908 0.217569515 0.170957655 0.194647998 0.980237961 0.031749815 -0.015417317 6.287584305 -1.607693672 -13.834504128 0.000000000 0.000000000 -10.000000000
1776608207.927475452 0.634655416 0.217661500 0.170987993 0.194532737 0.980271637 0.031802788 -0.014596746 6.325987339 -1.654713154 -13.779639244 0.000000000 0.000000000 -10.000000000
1776608207.932493448 0.635736048 0.217723295 0.171022147 0.194403976 0.980308414 0.031801954 -0.013826998 6.363918781 -1.701720357 -13.725035667 0.000000000 0.000000000 -10.000000000
1776608207.937958717 0.636725128 0.217742339 0.171064883 0.194261461 0.980348527 0.031721074 -0.013155447 6.401140690 -1.748597383 -13.670948982 0.000000000 0.000000000 -10.000000000
1776608207.942781448 0.637639701 0.217720285 0.171116948 0.194101959 0.980392933 0.031566020 -0.012557042 6.437387466 -1.795192599 -13.617626190 0.000000000 0.000000000 -10.000000000
1776608207.947924137 0.638494492 0.217675462 0.171159536 0.193925157 0.980441451 0.031354778 -0.012017643 6.472361565 -1.841316342 -13.565304756 0.000000000 0.000000000 -10.000000000
1776608207.953345537 0.639178872 0.217588812 0.171160817 0.193738982 0.980492413 0.031044774 -0.011665986 6.505734444 -1.886738658 -13.514216423 0.000000000 0.000000000 -10.000000000
1776608207.957985878 0.639625371 0.217459753 0.171131998 0.193548769 0.980544209 0.030621279 -0.011587293 6.537145615 -1.931188583 -13.464583397 0.000000000 0.000000000 -10.000000000
1776608207.962441683 0.639927924 0.217308909 0.171087861 0.193361521 0.980595052 0.030139586 -0.011674031 6.566198349 -1.974355340 -13.416622162 0.000000000 0.000000000 -10.000000000
1776608207.967778921 0.640133798 0.217160568 0.171049327 0.193178251 0.980644047 0.029634491 -0.011883104 6.592461586 -2.015890598 -13.370535851 0.000000000 0.000000000 -10.000000000
1776608207.972587347 0.640290082 0.217039123 0.171036214 0.193006903 0.980688989 0.029149534 -0.012156281 6.615472317 -2.055413246 -13.326517105 0.000000000 0.000000000 -10.000000000
1776608207.977452278 0.640335798 0.216942087 0.171020091 0.192846492 0.980729640 0.028662037 -0.012572332 6.634741306 -2.092516422 -13.284747124 0.000000000 0.000000000 -10.000000000
1776608207.982465029 0.640335798 0.216942087 0.171020091 0.192846492 0.980729640 0.028662037 -0.012572332 6.649769306 -2.126778364 -13.245397568 0.000000000 0.000000000 -10.000000000
1776608207.987421036 0.640320897 0.216898456 0.171013951 0.192702800 0.980764151 0.028220903 -0.013073686 6.660056591 -2.157771587 -13.208624840 0.000000000 0.000000000 -10.000000000
1776608207.992470741 0.640298128 0.216950595 0.171024352 0.192468002 0.980815828 0.027514594 -0.014116838 6.665119648 -2.185073376 -13.174575806 0.000000000 0.000000000 -10.000000000
1776608207.997440338 0.640298128 0.216950595 0.171024352 0.192468002 0.980815828 0.027514594 -0.014116838 6.664499283 -2.208275318 -13.143386841 0.000000000 0.000000000 -10.000000000
1776608208.002821922 0.640264630 0.217146009 0.171005070 0.192279756 0.980851591 0.026970614 -0.015205074 6.657774448 -2.226997137 -13.115182877 0.000000000 0.000000000 -10.000000000
1776608208.007743597 0.640302420 0.217265159 0.171016484 0.192188442 0.980868220 0.026740167 -0.015687123 6.644570827 -2.240897655 -13.090076447 0.000000000 0.000000000 -10.000000000
1776608208.012734175 0.640369296 0.217384592 0.171036750 0.192099392 0.980884373 0.026521081 -0.016133919 6.624567986 -2.249683857 -13.068166733 0.000000000 0.000000000 -10.000000000
1776608208.017441034 0.640459418 0.217499599 0.171060115 0.192015409 0.980899513 0.026310185 -0.016552947 6.597507954 -2.253118515 -13.049537659 0.000000000 0.000000000 -10.000000000
1776608208.022435427 0.640576661 0.217611119 0.171083391 0.191933200 0.980914354 0.026106099 -0.016944608 6.563195705 -2.251027346 -13.034258842 0.000000000 0.000000000 -10.000000000
1776608208.027441502 0.640741765 0.217728838 0.171133578 0.191855639 0.980928361 0.025929164 -0.017281154 6.521505833 -2.243304014 -13.022379875 0.000000000 0.000000000 -10.000000000
1776608208.032449245 0.640926301 0.217835203 0.171200186 0.191784620 0.980941236 0.025757330 -0.017591247 6.472382545 -2.229912281 -13.013938904 0.000000000 0.000000000 -10.000000000
1776608208.037416220 0.640926301 0.217835203 0.171200186 0.191784620 0.980941236 0.025757330 -0.017591247 6.415844917 -2.210890293 -13.008953094 0.000000000 0.000000000 -10.000000000
1776608208.042482376 0.641163826 0.217946500 0.171259254 0.191676393 0.980959773 0.025315667 -0.018361451 6.351985931 -2.186352015 -13.007419586 0.000000000 0.000000000 -10.000000000
1776608208.047433853 0.641240716 0.217948779 0.171273351 0.191647470 0.980963826 0.025055351 -0.018800724 6.280974388 -2.156484365 -13.009309769 0.000000000 0.000000000 -10.000000000
1776608208.052401543 0.641309440 0.217918783 0.171269685 0.191634074 0.980964720 0.024776366 -0.019255282 6.203049660 -2.121544838 -13.014573097 0.000000000 0.000000000 -10.000000000
1776608208.057923794 0.641384482 0.217864886 0.171262771 0.191639498 0.980961800 0.024493445 -0.019705322 6.118522167 -2.081854343 -13.023129463 0.000000000 0.000000000 -10.000000000
1776608208.062938929 0.641384482 0.217864886 0.171262771 0.191639498 0.980961800 0.024493445 -0.019705322 6.027770042 -2.037789106 -13.034880638 0.000000000 0.000000000 -10.000000000
1776608208.067895412 0.641511142 0.217676699 0.171226799 0.191701502 0.980945170 0.023888299 -0.020650512 5.931236267 -1.989772081 -13.049702644 0.000000000 0.000000000 -10.000000000
1776608208.072973013 0.641602516 0.217582300 0.171228290 0.191739082 0.980935395 0.023600403 -0.021093596 5.829421520 -1.938259840 -13.067454338 0.000000000 0.000000000 -10.000000000
1776608208.077954531 0.641726613 0.217485368 0.171237856 0.191782504 0.980924666 0.023325352 -0.021497538 5.722878933 -1.883731723 -13.087973595 0.000000000 0.000000000 -10.000000000
1776608208.082961082 0.641813278 0.217362344 0.171231061 0.191834182 0.980911970 0.023021346 -0.021940660 5.612207413 -1.826679587 -13.111084938 0.000000000 0.000000000 -10.000000000
1776608208.087557793 0.641893446 0.217217773 0.171212196 0.191894472 0.980897486 0.022700431 -0.022391262 5.498047352 -1.767596602 -13.136599541 0.000000000 0.000000000 -10.000000000
1776608208.092448950 0.641893446 0.217217773 0.171212196 0.191894472 0.980897486 0.022700431 -0.022391262 5.381076813 -1.706966162 -13.164319038 0.000000000 0.000000000 -10.000000000
1776608208.097721577 0.642079413 0.216852516 0.171149462 0.192067847 0.980858326 0.022028120 -0.023273472 5.262003422 -1.645251155 -13.194033623 0.000000000 0.000000000 -10.000000000
1776608208.102917910 0.642186880 0.216661200 0.171110034 0.192159981 0.980837762 0.021690324 -0.023692269 5.141560078 -1.582883716 -13.225530624 0.000000000 0.000000000 -10.000000000
1776608208.107430458 0.642318487 0.216463968 0.171074510 0.192261517 0.980815589 0.021359971 -0.024083912 5.020498753 -1.520256996 -13.258592606 0.000000000 0.000000000 -10.000000000
1776608208.112478495 0.642473578 0.216268346 0.171067744 0.192364573 0.980793417 0.021042706 -0.024441240 4.899586678 -1.457720637 -13.293001175 0.000000000 0.000000000 -10.000000000
1776608208.117478371 0.642643332 0.216065854 0.171072483 0.192474380 0.980770051 0.020727621 -0.024781484 4.779599667 -1.395576119 -13.328544617 0.000000000 0.000000000 -10.000000000
1776608208.122420788 0.642824709 0.215853810 0.171084464 0.192591980 0.980745256 0.020412542 -0.025107961 4.661313057 -1.334074259 -13.365011215 0.000000000 0.000000000 -10.000000000
1776608208.127549648 0.642991364 0.215617821 0.171084523 0.192717865 0.980718732 0.020074923 -0.025448948 4.545492172 -1.273411393 -13.402197838 0.000000000 0.000000000 -10.000000000
1776608208.132445812 0.642991364 0.215617821 0.171084523 0.192717865 0.980718732 0.020074923 -0.025448948 4.432885170 -1.213727236 -13.439903259 0.000000000 0.000000000 -10.000000000
1776608208.137416363 0.643295705 0.215062961 0.171025604 0.193012387 0.980656505 0.019337540 -0.026174687 4.324212074 -1.155104160 -13.477931976 0.000000000 0.000000000 -10.000000000
1776608208.142428160 0.643471420 0.214752242 0.170989573 0.193187207 0.980620146 0.018964000 -0.026517980 4.220161438 -1.097567201 -13.516098022 0.000000000 0.000000000 -10.000000000
1776608208.147449970 0.643471420 0.214752242 0.170989573 0.193187207 0.980620146 0.018964000 -0.026517980 4.121382236 -1.041087866 -13.554222107 0.000000000 0.000000000 -10.000000000
1776608208.152410507 0.643913090 0.213963881 0.170902163 0.193650901 0.980526865 0.018177511 -0.027128363 4.028476715 -0.985587597 -13.592131615 0.000000000 0.000000000 -10.000000000
1776608208.157964468 0.644178510 0.213470325 0.170880556 0.193952560 0.980467141 0.017771201 -0.027400268 3.941997766 -0.930942655 -13.629662514 0.000000000 0.000000000 -10.000000000
1776608208.162502050 0.644459009 0.212953165 0.170887291 0.194274932 0.980403125 0.017370138 -0.027662743 3.862440825 -0.876988828 -13.666655540 0.000000000 0.000000000 -10.000000000
1776608208.167891026 0.644459009 0.212953165 0.170887291 0.194274932 0.980403125 0.017370138 -0.027662743 3.790241003 -0.823525846 -13.702960968 0.000000000 0.000000000 -10.000000000
1776608208.172514439 0.645016253 0.211887419 0.170913845 0.194942296 0.980269253 0.016574271 -0.028194943 3.725770235 -0.770322382 -13.738437653 0.000000000 0.000000000 -10.000000000
1776608208.178149700 0.645218730 0.211292729 0.170865953 0.195297107 0.980195761 0.016117843 -0.028557470 3.669333696 -0.717121840 -13.772952080 0.000000000 0.000000000 -10.000000000
1776608208.182501554 0.645400107 0.210677415 0.170816481 0.195664600 0.980118632 0.015653525 -0.028945394 3.621169090 -0.663648546 -13.806383133 0.000000000 0.000000000 -10.000000000
1776608208.187910318 0.645587504 0.210047543 0.170765698 0.196041197 0.980039179 0.015191300 -0.029329842 3.581443071 -0.609613836 -13.838610649 0.000000000 0.000000000 -10.000000000
1776608208.192594767 0.645587504 0.210047543 0.170765698 0.196041197 0.980039179 0.015191300 -0.029329842 3.550247908 -0.554722309 -13.869520187 0.000000000 0.000000000 -10.000000000
1776608208.198172569 0.646029234 0.208736554 0.170706630 0.196847856 0.979869723 0.014312805 -0.030022981 3.527601719 -0.498681009 -13.898996353 0.000000000 0.000000000 -10.000000000
1776608208.204352140 0.646226645 0.208043441 0.170674622 0.197279558 0.979777336 0.013872977 -0.030407909 3.513450146 -0.441210210 -13.926922798 0.000000000 0.000000000 -10.000000000
1776608208.207906008 0.646437287 0.207346186 0.170658618 0.197720945 0.979682565 0.013453322 -0.030782107 3.507666588 -0.382051736 -13.953179359 0.000000000 0.000000000 -10.000000000
1776608208.212943792 0.646702647 0.206656188 0.170655549 0.198170453 0.979586840 0.013073791 -0.031100098 3.510051012 -0.320973873 -13.977640152 0.000000000 0.000000000 -10.000000000
1776608208.217459202 0.646956027 0.205915317 0.170636028 0.198645040 0.979485214 0.012667506 -0.031438723 3.520329714 -0.257775009 -14.000173569 0.000000000 0.000000000 -10.000000000
1776608208.222817659 0.647141635 0.205130234 0.170568496 0.199131653 0.979378641 0.012214131 -0.031857412 3.538157463 -0.192286149 -14.020638466 0.000000000 0.000000000 -10.000000000
1776608208.227907896 0.647291899 0.204381257 0.170484513 0.199593231 0.979274988 0.011772692 -0.032316964 3.563122272 -0.124372572 -14.038884163 0.000000000 0.000000000 -10.000000000
1776608208.232981443 0.647445738 0.203650355 0.170419335 0.200035736 0.979174852 0.011340041 -0.032768238 3.594753027 -0.053934757 -14.054748535 0.000000000 0.000000000 -10.000000000
1776608208.237515688 0.647639692 0.202906817 0.170359522 0.200496420 0.979071558 0.010926818 -0.033175673 3.632524490 0.019089442 -14.068070412 0.000000000 0.000000000 -10.000000000
1776608208.242910147 0.647827625 0.202172950 0.170314759 0.200953722 0.978968203 0.010526790 -0.033586297 3.675864935 0.094721802 -14.078682899 0.000000000 0.000000000 -10.000000000
1776608208.247978210 0.648011684 0.201425329 0.170280486 0.201420054 0.978862286 0.010127239 -0.034000624 3.724164009 0.172941372 -14.086423874 0.000000000 0.000000000 -10.000000000
1776608208.252472878 0.648188233 0.200651720 0.170237094 0.201910600 0.978750050 0.009729173 -0.034435820 3.776781321 0.253683537 -14.091134071 0.000000000 0.000000000 -10.000000000
1776608208.257600546 0.648378670 0.199896201 0.170200318 0.202392712 0.978639245 0.009356756 -0.034854751 3.833055019 0.336840898 -14.092662811 0.000000000 0.000000000 -10.000000000
1776608208.262416124 0.648563981 0.199160859 0.170156360 0.202863321 0.978529751 0.009004339 -0.035283130 3.892312050 0.422264993 -14.090868950 0.000000000 0.000000000 -10.000000000
1776608208.267489195 0.648744881 0.198433891 0.170115590 0.203330815 0.978420079 0.008669222 -0.035714559 3.953875542 0.509768009 -14.085626602 0.000000000 0.000000000 -10.000000000
1776608208.272449970 0.648886025 0.197717831 0.170066714 0.203787223 0.978311002 0.008334718 -0.036178567 4.017070293 0.599123240 -14.076818466 0.000000000 0.000000000 -10.000000000
1776608208.277450323 0.649022698 0.197012663 0.170020223 0.204244852 0.978200495 0.008023694 -0.036652669 4.081228256 0.690064669 -14.064339638 0.000000000 0.000000000 -10.000000000
1776608208.282438278 0.649197221 0.196359828 0.170000136 0.204678968 0.978095412 0.007789350 -0.037083894 4.145690918 0.782285750 -14.048092842 0.000000000 0.000000000 -10.000000000
1776608208.287994385 0.649376869 0.195764631 0.169962943 0.205063239 0.977999091 0.007637704 -0.037529409 4.209813595 0.875439227 -14.027990341 0.000000000 0.000000000 -10.000000000
1776608208.292442799 0.649552226 0.195216045 0.169910222 0.205417529 0.977907538 0.007556634 -0.037992593 4.272968769 0.969137847 -14.003952026 0.000000000 0.000000000 -10.000000000
1776608208.298026085 0.649704337 0.194698736 0.169845372 0.205772683 0.977813244 0.007520437 -0.038501021 4.334551334 1.062957287 -13.975906372 0.000000000 0.000000000 -10.000000000
1776608208.302459717 0.649859011 0.194216043 0.169791579 0.206099600 0.977723718 0.007542473 -0.039017975 4.393982887 1.156440258 -13.943796158 0.000000000 0.000000000 -10.000000000
1776608208.307955503 0.650045991 0.193780944 0.169755608 0.206358060 0.977648377 0.007647757 -0.039515670 4.450717926 1.249102712 -13.907579422 0.000000000 0.000000000 -10.000000000
1776608208.312582493 0.650246799 0.193398207 0.169735163 0.206544369 0.977587640 0.007829260 -0.040006291 4.504247665 1.340441346 -13.867235184 0.000000000 0.000000000 -10.000000000
1776608208.317973375 0.650442839 0.193056792 0.169722825 0.206721634 0.977527142 0.008069089 -0.040517773 4.554106712 1.429940581 -13.822763443 0.000000000 0.000000000 -10.000000000
1776608208.322841644 0.650621772 0.192757100 0.169704974 0.206866607 0.977471709 0.008352743 -0.041055284 4.599874496 1.517079711 -13.774184227 0.000000000 0.000000000 -10.000000000
1776608208.327432156 0.650763333 0.192472592 0.169674039 0.206992015 0.977417767 0.008652502 -0.041640963 4.641183376 1.601339817 -13.721540451 0.000000000 0.000000000 -10.000000000
1776608208.332948685 0.650763333 0.192472592 0.169674039 0.206992015 0.977417767 0.008652502 -0.041640963 4.677719593 1.682211518 -13.664893150 0.000000000 0.000000000 -10.000000000
1776608208.337478161 0.651003301 0.191987127 0.169593424 0.207224652 0.977308929 0.009316514 -0.042876918 4.709229469 1.759202600 -13.604331970 0.000000000 0.000000000 -10.000000000
1776608208.342941046 0.651112139 0.191774085 0.169539571 0.207354248 0.977250040 0.009671189 -0.043509226 4.735515594 1.831848979 -13.539968491 0.000000000 0.000000000 -10.000000000
1776608208.347566128 0.651184201 0.191552356 0.169473857 0.207508892 0.977183044 0.010022124 -0.044191264 4.756440639 1.899724245 -13.471940994 0.000000000 0.000000000 -10.000000000
1776608208.352911234 0.651258767 0.191342026 0.169420153 0.207679003 0.977112651 0.010379936 -0.044861622 4.771923065 1.962448716 -13.400404930 0.000000000 0.000000000 -10.000000000
1776608208.357627869 0.651325822 0.191113338 0.169363558 0.207875147 0.977035999 0.010718096 -0.045537770 4.781935692 2.019697189 -13.325536728 0.000000000 0.000000000 -10.000000000
1776608208.362985373 0.651389599 0.190891728 0.169326395 0.208093911 0.976954103 0.011059647 -0.046209004 4.786502361 2.071202755 -13.247529030 0.000000000 0.000000000 -10.000000000
1776608208.367492914 0.651449800 0.190667555 0.169284701 0.208354741 0.976862311 0.011396913 -0.046887055 4.785693645 2.116761684 -13.166589737 0.000000000 0.000000000 -10.000000000
1776608208.372976065 0.651499510 0.190449715 0.169238865 0.208628401 0.976767123 0.011725984 -0.047567077 4.779623508 2.156235456 -13.082941055 0.000000000 0.000000000 -10.000000000
1776608208.377498627 0.651553392 0.190234274 0.169178843 0.208917156 0.976668000 0.012063778 -0.048245937 4.768447399 2.189550877 -12.996816635 0.000000000 0.000000000 -10.000000000
1776608208.383186102 0.651567638 0.189993009 0.169107556 0.209225386 0.976562560 0.012368869 -0.048962686 4.752356529 2.216698885 -12.908463478 0.000000000 0.000000000 -10.000000000
1776608208.388003111 0.651556790 0.189724505 0.169010133 0.209560901 0.976449370 0.012644431 -0.049709450 4.731578350 2.237731934 -12.818140984 0.000000000 0.000000000 -10.000000000
1776608208.392896175 0.651528060 0.189436391 0.168925256 0.209896252 0.976334929 0.012901242 -0.050470121 4.706370831 2.252760172 -12.726119995 0.000000000 0.000000000 -10.000000000
1776608208.397619724 0.651508093 0.189130113 0.168836176 0.210236356 0.976219475 0.013148163 -0.051218487 4.677019119 2.261949062 -12.632688522 0.000000000 0.000000000 -10.000000000
1776608208.402676105 0.651466370 0.188799292 0.168737352 0.210587263 0.976099968 0.013378162 -0.051989011 4.643832684 2.265516758 -12.538150787 0.000000000 0.000000000 -10.000000000
1776608208.408904791 0.651414037 0.188455015 0.168644398 0.210950628 0.975976467 0.013603100 -0.052770380 4.607137680 2.263732195 -12.442822456 0.000000000 0.000000000 -10.000000000
1776608208.413046122 0.651396990 0.188096568 0.168560117 0.211316541 0.975854099 0.013836846 -0.053503148 4.567270756 2.256914139 -12.347024918 0.000000000 0.000000000 -10.000000000
1776608208.417773724 0.651379526 0.187716588 0.168493718 0.211653024 0.975738466 0.014052345 -0.054221313 4.524573803 2.245427132 -12.251081467 0.000000000 0.000000000 -10.000000000
1776608208.422992229 0.651379585 0.187359601 0.168453634 0.211973384 0.975625932 0.014319079 -0.054920919 4.479388714 2.229675531 -12.155318260 0.000000000 0.000000000 -10.000000000
1776608208.427580833 0.651373446 0.187032610 0.168430477 0.212287262 0.975513279 0.014624628 -0.055624176 4.432055473 2.210093260 -12.060061455 0.000000000 0.000000000 -10.000000000
1776608208.432514668 0.651368976 0.186709449 0.168396294 0.212600678 0.975399733 0.014952376 -0.056326777 4.382906914 2.187132835 -11.965638161 0.000000000 0.000000000 -10.000000000
1776608208.437460184 0.651368976 0.186709449 0.168396294 0.212600678 0.975399733 0.014952376 -0.056326777 4.332265377 2.161257744 -11.872376442 0.000000000 0.000000000 -10.000000000
1776608208.442558050 0.651374876 0.186426401 0.168374777 0.212889791 0.975290835 0.015341378 -0.057012103 4.280440807 2.132931948 -11.780602455 0.000000000 0.000000000 -10.000000000
1776608208.447540045 0.651447654 0.185900435 0.168350339 0.213443622 0.975079298 0.016239498 -0.058296718 4.227729797 2.102614403 -11.690638542 0.000000000 0.000000000 -10.000000000
1776608208.452463865 0.651447654 0.185900435 0.168350339 0.213443622 0.975079298 0.016239498 -0.058296718 4.174418926 2.070753336 -11.602803230 0.000000000 0.000000000 -10.000000000
1776608208.457811356 0.651460767 0.185668230 0.168342143 0.213719696 0.974971175 0.016727043 -0.058952186 4.120780468 2.037781715 -11.517405510 0.000000000 0.000000000 -10.000000000
1776608208.462451220 0.651454210 0.185260996 0.168377519 0.214234442 0.974759281 0.017778808 -0.060265072 4.067070961 2.004117966 -11.434745789 0.000000000 0.000000000 -10.000000000
1776608208.467459917 0.651454210 0.185260996 0.168377519 0.214234442 0.974759281 0.017778808 -0.060265072 4.013531685 1.970162034 -11.355104446 0.000000000 0.000000000 -10.000000000
1776608208.472442627 0.651486933 0.184945419 0.168426126 0.214743316 0.974548578 0.018967085 -0.061487071 3.960386992 1.936293483 -11.278747559 0.000000000 0.000000000 -10.000000000
1776608208.477485418 0.651486933 0.184945419 0.168426126 0.214743316 0.974548578 0.018967085 -0.061487071 3.907846928 1.902869463 -11.205911636 0.000000000 0.000000000 -10.000000000
1776608208.483045816 0.651447117 0.184784859 0.168439448 0.215023369 0.974434376 0.019540310 -0.062135208 3.856104612 1.870223403 -11.136808395 0.000000000 0.000000000 -10.000000000
1776608208.489396811 0.651375949 0.184447542 0.168468386 0.215571418 0.974211097 0.020665726 -0.063361265 3.805337667 1.838666558 -11.071619034 0.000000000 0.000000000 -10.000000000
1776608208.492982864 0.651375949 0.184447542 0.168468386 0.215571418 0.974211097 0.020665726 -0.063361265 3.755705595 1.808490872 -11.010485649 0.000000000 0.000000000 -10.000000000
1776608208.497673035 0.651332080 0.184051052 0.168528378 0.216149613 0.973988712 0.021730572 -0.064444646 3.707351208 1.779970646 -10.953512192 0.000000000 0.000000000 -10.000000000
1776608208.503004074 0.651332080 0.184051052 0.168528378 0.216149613 0.973988712 0.021730572 -0.064444646 3.660397768 1.753363490 -10.900757790 0.000000000 0.000000000 -10.000000000
1776608208.507498264 0.651198745 0.183533683 0.168560386 0.216732487 0.973766446 0.022641486 -0.065523304 3.614947557 1.728910089 -10.852236748 0.000000000 0.000000000 -10.000000000
1776608208.512620926 0.651123464 0.183225393 0.168565869 0.217040613 0.973654807 0.023026826 -0.066026300 3.571080685 1.706833124 -10.807912827 0.000000000 0.000000000 -10.000000000
1776608208.518037319 0.651048839 0.182907060 0.168572038 0.217323527 0.973552227 0.023377515 -0.066483319 3.528856754 1.687336445 -10.767699242 0.000000000 0.000000000 -10.000000000
1776608208.522572041 0.650930583 0.182563454 0.168582141 0.217587769 0.973453283 0.023686426 -0.066956773 3.488317490 1.670605898 -10.731461525 0.000000000 0.000000000 -10.000000000
1776608208.528139353 0.650782704 0.182191402 0.168592781 0.217840463 0.973358274 0.023938565 -0.067424826 3.449486971 1.656808376 -10.699015617 0.000000000 0.000000000 -10.000000000
1776608208.532620430 0.650635123 0.181802079 0.168605477 0.218102753 0.973263144 0.024172824 -0.067865372 3.412372589 1.646091104 -10.670131683 0.000000000 0.000000000 -10.000000000
1776608208.538074255 0.650471270 0.181409478 0.168603718 0.218348935 0.973172784 0.024376811 -0.068295203 3.376963139 1.638579011 -10.644539833 0.000000000 0.000000000 -10.000000000
1776608208.542796373 0.650285006 0.180987880 0.168598592 0.218577832 0.973087311 0.024531329 -0.068724148 3.343229055 1.634372354 -10.621930122 0.000000000 0.000000000 -10.000000000
1776608208.547640324 0.650086522 0.180526182 0.168576121 0.218796417 0.973007679 0.024608089 -0.069127522 3.311122894 1.633544922 -10.601958275 0.000000000 0.000000000 -10.000000000
1776608208.552461863 0.649868429 0.180021718 0.168545663 0.219008103 0.972932160 0.024618242 -0.069515318 3.280584097 1.636144161 -10.584247589 0.000000000 0.000000000 -10.000000000
1776608208.557513714 0.649868429 0.180021718 0.168545663 0.219008103 0.972932160 0.024618242 -0.069515318 3.251540899 1.642190576 -10.568391800 0.000000000 0.000000000 -10.000000000
1776608208.562819004 0.649639547 0.179501325 0.168530494 0.219193414 0.972865403 0.024586316 -0.069876485 3.223911762 1.651675582 -10.553959846 0.000000000 0.000000000 -10.000000000
1776608208.567469597 0.649200141 0.178443506 0.168517709 0.219488427 0.972760677 0.024430644 -0.070459977 3.197604895 1.664559722 -10.540502548 0.000000000 0.000000000 -10.000000000
1776608208.572468758 0.649200141 0.178443506 0.168517709 0.219488427 0.972760677 0.024430644 -0.070459977 3.172519207 1.680769205 -10.527552605 0.000000000 0.000000000 -10.000000000
1776608208.577619076 0.648982465 0.177937582 0.168512672 0.219610840 0.972718060 0.024342865 -0.070696950 3.148544312 1.700191975 -10.514636993 0.000000000 0.000000000 -10.000000000
1776608208.582426548 0.648498058 0.176988080 0.168470442 0.219840005 0.972636998 0.024167720 -0.071158469 3.125560284 1.722673655 -10.501272202 0.000000000 0.000000000 -10.000000000
1776608208.587447882 0.648248136 0.176566318 0.168449551 0.219938681 0.972600698 0.024112318 -0.071368493 3.103441000 1.748016715 -10.486976624 0.000000000 0.000000000 -10.000000000
1776608208.592477083 0.648013592 0.176158130 0.168454260 0.220044628 0.972565591 0.024069332 -0.071534961 3.082053185 1.775981188 -10.471271515 0.000000000 0.000000000 -10.000000000
1776608208.597510576 0.648013592 0.176158130 0.168454260 0.220044628 0.972565591 0.024069332 -0.071534961 3.061257601 1.806288481 -10.453683853 0.000000000 0.000000000 -10.000000000
1776608208.602430820 0.647761524 0.175759554 0.168474853 0.220166683 0.972526908 0.024027484 -0.071698926 3.040910006 1.838624716 -10.433752060 0.000000000 0.000000000 -10.000000000
1776608208.608021975 0.647518992 0.175397903 0.168499917 0.220293581 0.972488761 0.024006490 -0.071833141 3.020860910 1.872644424 -10.411027908 0.000000000 0.000000000 -10.000000000
1776608208.612765312 0.647067070 0.174768031 0.168568939 0.220564842 0.972414196 0.024019724 -0.072005518 3.000959873 1.907973647 -10.385074615 0.000000000 0.000000000 -10.000000000
1776608208.617518187 0.646852732 0.174486041 0.168581128 0.220707223 0.972377956 0.024045534 -0.072050706 2.981057405 1.944214344 -10.355474472 0.000000000 0.000000000 -10.000000000
1776608208.622441292 0.646628737 0.174237177 0.168583423 0.220833808 0.972345829 0.024079099 -0.072084695 2.961009264 1.980947375 -10.321828842 0.000000000 0.000000000 -10.000000000
1776608208.627527237 0.646628737 0.174237177 0.168583423 0.220833808 0.972345829 0.024079099 -0.072084695 2.940679073 2.017737865 -10.283758163 0.000000000 0.000000000 -10.000000000
1776608208.632511377 0.646168232 0.173929781 0.168613821 0.221030578 0.972295463 0.024247207 -0.072104715 2.919939518 2.054140568 -10.240904808 0.000000000 0.000000000 -10.000000000
1776608208.637631416 0.646168232 0.173929781 0.168613821 0.221030578 0.972295463 0.024247207 -0.072104715 2.898670912 2.089703798 -10.192937851 0.000000000 0.000000000 -10.000000000
1776608208.642772436 0.645977080 0.173864007 0.168657690 0.221123740 0.972274840 0.024408443 -0.072043017 2.876758814 2.123974562 -10.139554024 0.000000000 0.000000000 -10.000000000
1776608208.647498131 0.645810604 0.173821896 0.168706566 0.221235946 0.972252071 0.024600664 -0.071939901 2.854092836 2.156500578 -10.080483437 0.000000000 0.000000000 -10.000000000
1776608208.652456045 0.645633340 0.173806429 0.168762624 0.221343800 0.972229540 0.024816873 -0.071838841 2.830567360 2.186836958 -10.015490532 0.000000000 0.000000000 -10.000000000
1776608208.657480478 0.645439923 0.173830673 0.168813586 0.221439660 0.972207963 0.025063844 -0.071749344 2.806080818 2.214549303 -9.944378853 0.000000000 0.000000000 -10.000000000
1776608208.662443638 0.645020425 0.173993364 0.168888479 0.221586302 0.972172797 0.025630472 -0.071572870 2.780538797 2.239219189 -9.866992950 0.000000000 0.000000000 -10.000000000
1776608208.667528391 0.645020425 0.173993364 0.168888479 0.221586302 0.972172797 0.025630472 -0.071572870 2.753851414 2.260448933 -9.783219337 0.000000000 0.000000000 -10.000000000
1776608208.673231602 0.644543469 0.174254179 0.168978572 0.221674562 0.972149372 0.026230155 -0.071400449 2.725935459 2.277865648 -9.692993164 0.000000000 0.000000000 -10.000000000
1776608208.678410769 0.644285500 0.174427778 0.169044465 0.221695423 0.972142518 0.026550431 -0.071310177 2.696714163 2.291125536 -9.596288681 0.000000000 0.000000000 -10.000000000
1776608208.682506084 0.644285500 0.174427778 0.169044465 0.221695423 0.972142518 0.026550431 -0.071310177 2.666117907 2.299920321 -9.493128777 0.000000000 0.000000000 -10.000000000
1776608208.687892199 0.643643856 0.174914673 0.169144899 0.221655592 0.972138107 0.027220685 -0.071241222 2.634086609 2.303980589 -9.383578300 0.000000000 0.000000000 -10.000000000
1776608208.692794800 0.643315971 0.175184324 0.169189781 0.221618935 0.972139776 0.027562387 -0.071201093 2.600567579 2.303078890 -9.267745972 0.000000000 0.000000000 -10.000000000
1776608208.697732687 0.643315971 0.175184324 0.169189781 0.221618935 0.972139776 0.027562387 -0.071201093 2.565515518 2.297034979 -9.145785332 0.000000000 0.000000000 -10.000000000
1776608208.702466249 0.642660737 0.175761417 0.169280261 0.221529588 0.972147882 0.028270328 -0.071091279 2.528892279 2.285716772 -9.017889977 0.000000000 0.000000000 -10.000000000
1776608208.710293531 0.642660737 0.175761417 0.169280261 0.221529588 0.972147882 0.028270328 -0.071091279 2.490668535 2.269042253 -8.884288788 0.000000000 0.000000000 -10.000000000
1776608208.712978601 0.642300904 0.176077843 0.169335246 0.221475795 0.972151577 0.028641628 -0.071059749 2.450827599 2.246978521 -8.745248795 0.000000000 0.000000000 -10.000000000
1776608208.717751503 0.641904116 0.176408231 0.169380933 0.221413434 0.972154260 0.029012680 -0.071066745 2.409367800 2.219542027 -8.601070404 0.000000000 0.000000000 -10.000000000
1776608208.722954988 0.641071796 0.177100495 0.169461608 0.221266583 0.972162306 0.029762190 -0.071103811 2.366302967 2.186796904 -8.452082634 0.000000000 0.000000000 -10.000000000
1776608208.727457285 0.640642285 0.177462831 0.169475675 0.221185684 0.972167134 0.030143697 -0.071128637 2.321664333 2.148852825 -8.298645020 0.000000000 0.000000000 -10.000000000
1776608208.732551336 0.640186310 0.177857548 0.169481993 0.221084639 0.972174227 0.030535987 -0.071178734 2.275502682 2.105861187 -8.141129494 0.000000000 0.000000000 -10.000000000
1776608208.737592697 0.640186310 0.177857548 0.169481993 0.221084639 0.972174227 0.030535987 -0.071178734 2.227891207 2.058011532 -7.979928493 0.000000000 0.000000000 -10.000000000
1776608208.742444754 0.639743865 0.178290293 0.169509411 0.220968902 0.972184837 0.030965379 -0.071207672 2.178926468 2.005528927 -7.815448761 0.000000000 0.000000000 -10.000000000
1776608208.747492552 0.639301598 0.178793624 0.169568062 0.220832378 0.972197592 0.031458195 -0.071240664 2.128722429 1.948668838 -7.648112297 0.000000000 0.000000000 -10.000000000
1776608208.752485275 0.638844013 0.179332331 0.169642240 0.220697954 0.972206891 0.031994864 -0.071291648 2.077405691 1.887709856 -7.478353977 0.000000000 0.000000000 -10.000000000
1776608208.757771254 0.638407409 0.179880798 0.169732988 0.220570922 0.972215295 0.032556564 -0.071315691 2.025110722 1.822950006 -7.306617260 0.000000000 0.000000000 -10.000000000
1776608208.762502909 0.637467384 0.181050569 0.169931144 0.220318452 0.972222209 0.033746656 -0.071448982 1.971979856 1.754702330 -7.133351803 0.000000000 0.000000000 -10.000000000
1776608208.768063068 0.637467384 0.181050569 0.169931144 0.220318452 0.972222209 0.033746656 -0.071448982 1.918168068 1.683292389 -6.959006310 0.000000000 0.000000000 -10.000000000
1776608208.773116827 0.636410117 0.182377160 0.170067042 0.220043644 0.972216606 0.035050523 -0.071743645 1.863844872 1.609055281 -6.784028530 0.000000000 0.000000000 -10.000000000
1776608208.777470589 0.636410117 0.182377160 0.170067042 0.220043644 0.972216606 0.035050523 -0.071743645 1.809194922 1.532332063 -6.608859539 0.000000000 0.000000000 -10.000000000
1776608208.782944918 0.635383010 0.183770329 0.170213640 0.219769195 0.972208261 0.036430757 -0.072010040 1.754414797 1.453466296 -6.433933258 0.000000000 0.000000000 -10.000000000
1776608208.787580013 0.634860098 0.184534162 0.170312434 0.219619572 0.972202659 0.037183776 -0.072156444 1.699706316 1.372802258 -6.259674072 0.000000000 0.000000000 -10.000000000
1776608208.793007612 0.634338856 0.185322851 0.170427054 0.219464257 0.972196996 0.037960943 -0.072300702 1.645270467 1.290683985 -6.086491585 0.000000000 0.000000000 -10.000000000
1776608208.797552109 0.633808732 0.186155587 0.170547783 0.219302848 0.972189426 0.038778171 -0.072458468 1.591303945 1.207454205 -5.914775372 0.000000000 0.000000000 -10.000000000
1776608208.802536964 0.633808732 0.186155587 0.170547783 0.219302848 0.972189426 0.038778171 -0.072458468 1.538000584 1.123452187 -5.744892597 0.000000000 0.000000000 -10.000000000
1776608208.807523012 0.633233845 0.187011421 0.170653701 0.219132960 0.972178638 0.039599016 -0.072672687 1.485551596 1.039011836 -5.577185154 0.000000000 0.000000000 -10.000000000
1776608208.812472105 0.632042766 0.188775420 0.170794427 0.218794480 0.972148418 0.041276928 -0.073162042 1.434146047 0.954460502 -5.411966801 0.000000000 0.000000000 -10.000000000
1776608208.817568779 0.632042766 0.188775420 0.170794427 0.218794480 0.972148418 0.041276928 -0.073162042 1.383970022 0.870118260 -5.249525070 0.000000000 0.000000000 -10.000000000
1776608208.822854280 0.630949616 0.190569013 0.170990080 0.218465641 0.972119272 0.043019492 -0.073526829 1.335206389 0.786299109 -5.090120316 0.000000000 0.000000000 -10.000000000
1776608208.827483416 0.630475938 0.191453442 0.171135902 0.218310133 0.972108305 0.043910809 -0.073606953 1.288036585 0.703310966 -4.933990002 0.000000000 0.000000000 -10.000000000
1776608208.833015203 0.630475938 0.191453442 0.171135902 0.218310133 0.972108305 0.043910809 -0.073606953 1.242642403 0.621455967 -4.781347275 0.000000000 0.000000000 -10.000000000
1776608208.837540865 0.629551828 0.193193763 0.171421587 0.218008101 0.972086608 0.045668084 -0.073719546 1.199210525 0.541029930 -4.632380962 0.000000000 0.000000000 -10.000000000
1776608208.842943907 0.629551828 0.193193763 0.171421587 0.218008101 0.972086608 0.045668084 -0.073719546 1.157934666 0.462322205 -4.487252235 0.000000000 0.000000000 -10.000000000
1776608208.847543478 0.628624439 0.194817990 0.171584606 0.217704564 0.972070932 0.047278784 -0.073807716 1.119017005 0.385615408 -4.346094608 0.000000000 0.000000000 -10.000000000
1776608208.852721691 0.628624439 0.194817990 0.171584606 0.217704564 0.972070932 0.047278784 -0.073807716 1.082666636 0.311186433 -4.209010601 0.000000000 0.000000000 -10.000000000
1776608208.857670546 0.628161669 0.195590675 0.171628326 0.217546195 0.972067595 0.048031725 -0.073832087 1.049095392 0.239306763 -4.076075554 0.000000000 0.000000000 -10.000000000
1776608208.862448692 0.627373576 0.197050199 0.171748817 0.217203245 0.972084403 0.049461864 -0.073676161 1.018514276 0.170242846 -3.947338581 0.000000000 0.000000000 -10.000000000
1776608208.867935181 0.627068639 0.197743058 0.171844631 0.217028439 0.972103000 0.050163805 -0.073470838 0.991127193 0.104255557 -3.822826624 0.000000000 0.000000000 -10.000000000
1776608208.872683764 0.626762629 0.198400989 0.171926320 0.216848701 0.972125292 0.050822791 -0.073253423 0.967127025 0.041599300 -3.702544212 0.000000000 0.000000000 -10.000000000
1776608208.877551079 0.626446903 0.199011669 0.171992183 0.216666624 0.972150683 0.051426630 -0.073034048 0.946691215 -0.017479714 -3.586475849 0.000000000 0.000000000 -10.000000000
1776608208.882478952 0.626446903 0.199011669 0.171992183 0.216666624 0.972150683 0.051426630 -0.073034048 0.929979444 -0.072745278 -3.474587917 0.000000000 0.000000000 -10.000000000
1776608208.888142347 0.625836849 0.200049207 0.172038317 0.216307402 0.972213745 0.052440699 -0.072536230 0.917130828 -0.123972423 -3.366831303 0.000000000 0.000000000 -10.000000000
1776608208.892997980 0.625836849 0.200049207 0.172038317 0.216307402 0.972213745 0.052440699 -0.072536230 0.908261657 -0.170948133 -3.263143301 0.000000000 0.000000000 -10.000000000
1776608208.897835732 0.625216424 0.200930268 0.172076732 0.215919435 0.972295582 0.053268246 -0.071990497 0.903464973 -0.213472500 -3.163452387 0.000000000 0.000000000 -10.000000000
1776608208.902976990 0.624918580 0.201318040 0.172131062 0.215720803 0.972342074 0.053629763 -0.071688823 0.902810395 -0.251360565 -3.067683458 0.000000000 0.000000000 -10.000000000
1776608208.907506704 0.624637902 0.201681778 0.172196776 0.215524882 0.972390771 0.053977143 -0.071355902 0.906343162 -0.284444720 -2.975761175 0.000000000 0.000000000 -10.000000000
1776608208.912879229 0.624637902 0.201681778 0.172196776 0.215524882 0.972390771 0.053977143 -0.071355902 0.914080203 -0.312577367 -2.887609482 0.000000000 0.000000000 -10.000000000
1776608208.917476892 0.624004841 0.202306911 0.172268927 0.215144366 0.972487330 0.054543816 -0.070755124 0.926007330 -0.335632712 -2.803151846 0.000000000 0.000000000 -10.000000000
1776608208.922456980 0.624004841 0.202306911 0.172268927 0.215144366 0.972487330 0.054543816 -0.070755124 0.942076445 -0.353508294 -2.722311258 0.000000000 0.000000000 -10.000000000
1776608208.927856684 0.623234510 0.202821001 0.172267765 0.214755595 0.972583890 0.054948375 -0.070294037 0.962205291 -0.366126716 -2.645010948 0.000000000 0.000000000 -10.000000000
1776608208.932659864 0.623234510 0.202821001 0.172267765 0.214755595 0.972583890 0.054948375 -0.070294037 0.986277521 -0.373437852 -2.571173668 0.000000000 0.000000000 -10.000000000
1776608208.937449217 0.622821808 0.203032017 0.172239810 0.214560494 0.972633660 0.055094190 -0.070087060 1.014144897 -0.375421643 -2.500722408 0.000000000 0.000000000 -10.000000000
1776608208.942493439 0.622071624 0.203416526 0.172265381 0.214152515 0.972745359 0.055366129 -0.069568574 1.045629382 -0.372089893 -2.433582544 0.000000000 0.000000000 -10.000000000
1776608208.947553396 0.621726394 0.203563243 0.172291189 0.213955298 0.972804427 0.055472735 -0.069263905 1.080526590 -0.363486320 -2.369680882 0.000000000 0.000000000 -10.000000000
1776608208.952925682 0.621726394 0.203563243 0.172291189 0.213955298 0.972804427 0.055472735 -0.069263905 1.118607759 -0.349686921 -2.308945894 0.000000000 0.000000000 -10.000000000
1776608208.957477093 0.620959520 0.203812286 0.172321200 0.213541210 0.972926319 0.055603702 -0.068722650 1.159622788 -0.330800533 -2.251303673 0.000000000 0.000000000 -10.000000000
1776608208.962953568 0.620559156 0.203935683 0.172336727 0.213329032 0.972987235 0.055660624 -0.068471998 1.203302383 -0.306969732 -2.196676970 0.000000000 0.000000000 -10.000000000
1776608208.967481852 0.620158136 0.204064414 0.172345072 0.213115618 0.973048329 0.055721138 -0.068219028 1.249360919 -0.278371602 -2.144982100 0.000000000 0.000000000 -10.000000000
1776608208.972960472 0.619766533 0.204201594 0.172336638 0.212900788 0.973109782 0.055787671 -0.067958325 1.297498465 -0.245218709 -2.096130371 0.000000000 0.000000000 -10.000000000
1776608208.977555990 0.619403899 0.204338580 0.172344178 0.212683097 0.973173738 0.055860959 -0.067663364 1.347402692 -0.207759112 -2.050026655 0.000000000 0.000000000 -10.000000000
1776608208.982468605 0.619099677 0.204498664 0.172376394 0.212460726 0.973240852 0.055968277 -0.067306876 1.398751378 -0.166276172 -2.006572485 0.000000000 0.000000000 -10.000000000
1776608208.987490177 0.619099677 0.204498664 0.172376394 0.212460726 0.973240852 0.055968277 -0.067306876 1.451216221 -0.121088423 -1.965666413 0.000000000 0.000000000 -10.000000000
1776608208.992952824 0.618817151 0.204687864 0.172416717 0.212232128 0.973309338 0.056108426 -0.066919699 1.504465699 -0.072549514 -1.927203417 0.000000000 0.000000000 -10.000000000
1776608208.997513294 0.618284106 0.205130130 0.172478706 0.211770132 0.973444104 0.056453060 -0.066129372 1.558170557 -0.021047920 -1.891075969 0.000000000 0.000000000 -10.000000000
1776608209.002944231 0.618284106 0.205130130 0.172478706 0.211770132 0.973444104 0.056453060 -0.066129372 1.612007618 0.032994140 -1.857172847 0.000000000 0.000000000 -10.000000000
1776608209.007509708 0.617808223 0.205675974 0.172519773 0.211299792 0.973575771 0.056899153 -0.065308169 1.665663242 0.089123122 -1.825378537 0.000000000 0.000000000 -10.000000000
1776608209.012947083 0.617808223 0.205675974 0.172519773 0.211299792 0.973575771 0.056899153 -0.065308169 1.718835235 0.146857619 -1.795572519 0.000000000 0.000000000 -10.000000000
1776608209.018166780 0.617576599 0.205999464 0.172524095 0.211050540 0.973641694 0.057156913 -0.064904720 1.771237016 0.205692187 -1.767629743 0.000000000 0.000000000 -10.000000000
1776608209.022964001 0.617213130 0.206869528 0.172585100 0.210443571 0.973797321 0.057795007 -0.063969150 1.822601438 0.265101701 -1.741422653 0.000000000 0.000000000 -10.000000000
1776608209.027828455 0.617136955 0.207366496 0.172656655 0.210114673 0.973885179 0.058164824 -0.063374765 1.872683406 0.324547201 -1.716822147 0.000000000 0.000000000 -10.000000000
1776608209.032857180 0.617136955 0.207366496 0.172656655 0.210114673 0.973885179 0.058164824 -0.063374765 1.921261191 0.383482784 -1.693696976 0.000000000 0.000000000 -10.000000000
1776608209.037978411 0.617092967 0.207886994 0.172736317 0.209774166 0.973977089 0.058542948 -0.062738992 1.968136787 0.441363543 -1.671914577 0.000000000 0.000000000 -10.000000000
1776608209.042540073 0.617062211 0.208999515 0.172868878 0.209057644 0.974168599 0.059311815 -0.061421093 2.013137341 0.497652948 -1.651341677 0.000000000 0.000000000 -10.000000000
1776608209.048010588 0.617062211 0.208999515 0.172868878 0.209057644 0.974168599 0.059311815 -0.061421093 2.056114912 0.551830173 -1.631845355 0.000000000 0.000000000 -10.000000000
1776608209.052525997 0.617194593 0.210159093 0.172924340 0.208324432 0.974369824 0.060081512 -0.059955385 2.096947670 0.603395998 -1.613294005 0.000000000 0.000000000 -10.000000000
1776608209.057928801 0.617194593 0.210159093 0.172924340 0.208324432 0.974369824 0.060081512 -0.059955385 2.135540009 0.651878595 -1.595558763 0.000000000 0.000000000 -10.000000000
1776608209.062458992 0.617401123 0.211378485 0.172951013 0.207536459 0.974584699 0.060822308 -0.058428820 2.171822548 0.696838617 -1.578514934 0.000000000 0.000000000 -10.000000000
1776608209.067432404 0.617401123 0.211378485 0.172951013 0.207536459 0.974584699 0.060822308 -0.058428820 2.205754042 0.737874568 -1.562044740 0.000000000 0.000000000 -10.000000000
1776608209.072450399 0.617556870 0.212037027 0.172981858 0.207108125 0.974700570 0.061205126 -0.057610232 2.237318754 0.774628401 -1.546039224 0.000000000 0.000000000 -10.000000000
1776608209.077482939 0.617770195 0.212715089 0.173021823 0.206666633 0.974820912 0.061599188 -0.056733198 2.266525984 0.806790352 -1.530400634 0.000000000 0.000000000 -10.000000000
1776608209.082866907 0.618380249 0.214118481 0.173116565 0.205752492 0.975073755 0.062400255 -0.054802086 2.293410063 0.834102392 -1.515042424 0.000000000 0.000000000 -10.000000000
1776608209.087962389 0.618380249 0.214118481 0.173116565 0.205752492 0.975073755 0.062400255 -0.054802086 2.318030596 0.856359184 -1.499891043 0.000000000 0.000000000 -10.000000000
1776608209.092565060 0.619156957 0.215474233 0.173161775 0.204877391 0.975322723 0.063157909 -0.052743345 2.340473652 0.873408079 -1.484886885 0.000000000 0.000000000 -10.000000000
1776608209.097905874 0.619156957 0.215474233 0.173161775 0.204877391 0.975322723 0.063157909 -0.052743345 2.360849857 0.885148942 -1.469985962 0.000000000 0.000000000 -10.000000000
1776608209.102499723 0.620051682 0.216677666 0.173200339 0.204107076 0.975553513 0.063803509 -0.050643314 2.379294634 0.891534388 -1.455161929 0.000000000 0.000000000 -10.000000000
1776608209.107771158 0.620051682 0.216677666 0.173200339 0.204107076 0.975553513 0.063803509 -0.050643314 2.395966053 0.892569721 -1.440407157 0.000000000 0.000000000 -10.000000000
1776608209.112503290 0.620582402 0.217296913 0.173220217 0.203784123 0.975655675 0.064144097 -0.049532987 2.411044836 0.888312936 -1.425736189 0.000000000 0.000000000 -10.000000000
1776608209.117484331 0.621159256 0.217905447 0.173249990 0.203532353 0.975743651 0.064474449 -0.048393901 2.424731255 0.878874481 -1.411185622 0.000000000 0.000000000 -10.000000000
1776608209.122937679 0.622442186 0.219148889 0.173297375 0.203252286 0.975874960 0.065101989 -0.046025369 2.437242508 0.864416242 -1.396815658 0.000000000 0.000000000 -10.000000000
1776608209.127449274 0.622442186 0.219148889 0.173297375 0.203252286 0.975874960 0.065101989 -0.046025369 2.448810101 0.845149815 -1.382709742 0.000000000 0.000000000 -10.000000000
1776608209.132415295 0.623939395 0.220435396 0.173357219 0.203244880 0.975946605 0.065762281 -0.043531969 2.459680557 0.821333408 -1.368974566 0.000000000 0.000000000 -10.000000000
1776608209.137459993 0.623939395 0.220435396 0.173357219 0.203244880 0.975946605 0.065762281 -0.043531969 2.470115662 0.793266296 -1.355740905 0.000000000 0.000000000 -10.000000000
1776608209.142437696 0.624723971 0.221043736 0.173389941 0.203353107 0.975957513 0.066073984 -0.042292710 2.480392694 0.761282325 -1.343163490 0.000000000 0.000000000 -10.000000000
1776608209.147427559 0.625557184 0.221633673 0.173430562 0.203507185 0.975958824 0.066378511 -0.041025613 2.490801811 0.725743771 -1.331420779 0.000000000 0.000000000 -10.000000000
1776608209.152941227 0.626435757 0.222174793 0.173471153 0.203687012 0.975955188 0.066662602 -0.039738059 2.501642942 0.687036157 -1.320713401 0.000000000 0.000000000 -10.000000000
1776608209.157915115 0.627351940 0.222699121 0.173503339 0.203861073 0.975952387 0.066937149 -0.038431615 2.513220787 0.645563364 -1.311262727 0.000000000 0.000000000 -10.000000000
1776608209.162901640 0.629323125 0.223623365 0.173576117 0.204185531 0.975953937 0.067419916 -0.035732076 2.525837421 0.601743817 -1.303309798 0.000000000 0.000000000 -10.000000000
1776608209.167951107 0.630331397 0.224037930 0.173637807 0.204291552 0.975967050 0.067611530 -0.034380332 2.539788008 0.556006968 -1.297111392 0.000000000 0.000000000 -10.000000000
1776608209.172894239 0.631279647 0.224377394 0.173698455 0.204351991 0.975991070 0.067714475 -0.033112668 2.555353642 0.508791864 -1.292936683 0.000000000 0.000000000 -10.000000000
1776608209.178145170 0.632198393 0.224665567 0.173746735 0.204353094 0.976029217 0.067748331 -0.031888943 2.572797060 0.460547119 -1.291063666 0.000000000 0.000000000 -10.000000000
1776608209.183392763 0.633090794 0.224884436 0.173779935 0.204328671 0.976074815 0.067706272 -0.030719088 2.592357397 0.411732674 -1.291777253 0.000000000 0.000000000 -10.000000000
1776608209.188022614 0.633952558 0.225034773 0.173794508 0.204250604 0.976134121 0.067581214 -0.029608803 2.614243746 0.362821788 -1.295365930 0.000000000 0.000000000 -10.000000000
1776608209.192919970 0.634743392 0.225077614 0.173791051 0.204130441 0.976205647 0.067346185 -0.028597582 2.638632298 0.314302623 -1.302118421 0.000000000 0.000000000 -10.000000000
1776608209.197875738 0.635510683 0.225014120 0.173793614 0.204011038 0.976280391 0.067023531 -0.027639231 2.665660143 0.266678602 -1.312319756 0.000000000 0.000000000 -10.000000000
1776608209.202541590 0.636250734 0.224876434 0.173815280 0.203909874 0.976352811 0.066641472 -0.026737358 2.695423126 0.220466554 -1.326247215 0.000000000 0.000000000 -10.000000000
1776608209.207977772 0.636250734 0.224876434 0.173815280 0.203909874 0.976352811 0.066641472 -0.026737358 2.727973938 0.176193357 -1.344164729 0.000000000 0.000000000 -10.000000000
1776608209.212515831 0.637592852 0.224420279 0.173835188 0.203753278 0.976491868 0.065686561 -0.025170399 2.763320684 0.134390697 -1.366317868 0.000000000 0.000000000 -10.000000000
1776608209.217527151 0.638184309 0.224105701 0.173805743 0.203694716 0.976558864 0.065113761 -0.024524588 2.801427603 0.095588505 -1.392927885 0.000000000 0.000000000 -10.000000000
1776608209.222421885 0.638753653 0.223735869 0.173768431 0.203634724 0.976627648 0.064490922 -0.023921585 2.842213392 0.060307022 -1.424187064 0.000000000 0.000000000 -10.000000000
1776608209.227437019 0.639323652 0.223326981 0.173720330 0.203585953 0.976694643 0.063840620 -0.023339152 2.885555506 0.029048104 -1.460255027 0.000000000 0.000000000 -10.000000000
1776608209.232409477 0.639323652 0.223326981 0.173720330 0.203585953 0.976694643 0.063840620 -0.023339152 2.931294918 0.002286371 -1.501254559 0.000000000 0.000000000 -10.000000000
1776608209.237703800 0.639894247 0.222887158 0.173667669 0.203576684 0.976752579 0.063180804 -0.022785466 2.979244232 -0.019538641 -1.547269702 0.000000000 0.000000000 -10.000000000
1776608209.242402315 0.640491247 0.222432882 0.173631072 0.203598410 0.976803482 0.062520325 -0.022223230 3.029193640 -0.036029655 -1.598344326 0.000000000 0.000000000 -10.000000000
1776608209.248084784 0.641101182 0.221967459 0.173589200 0.203658625 0.976845264 0.061863407 -0.021665672 3.080917358 -0.046839505 -1.654482484 0.000000000 0.000000000 -10.000000000
1776608209.252929449 0.642422557 0.220901653 0.173497021 0.203881413 0.976907969 0.060518946 -0.020510565 3.134179354 -0.051678989 -1.715649605 0.000000000 0.000000000 -10.000000000
1776608209.257806778 0.643096328 0.220322937 0.173429132 0.203997776 0.976938426 0.059820522 -0.019942006 3.188739061 -0.050322469 -1.781773329 0.000000000 0.000000000 -10.000000000
1776608209.262548447 0.643759668 0.219716653 0.173342049 0.204105675 0.976969779 0.059112702 -0.019407986 3.244354010 -0.042610399 -1.852744222 0.000000000 0.000000000 -10.000000000
1776608209.267703533 0.643759668 0.219716653 0.173342049 0.204105675 0.976969779 0.059112702 -0.019407986 3.300783157 -0.028449127 -1.928417921 0.000000000 0.000000000 -10.000000000
1776608209.272981405 0.645173550 0.218461037 0.173165858 0.204337865 0.977026761 0.057707537 -0.018293234 3.357788801 -0.007809432 -2.008616924 0.000000000 0.000000000 -10.000000000
1776608209.277952909 0.645917833 0.217845365 0.173086911 0.204462990 0.977050841 0.057033543 -0.017712761 3.415137291 0.019273857 -2.093132734 0.000000000 0.000000000 -10.000000000
1776608209.282847881 0.645917833 0.217845365 0.173086911 0.204462990 0.977050841 0.057033543 -0.017712761 3.472603798 0.052701164 -2.181728363 0.000000000 0.000000000 -10.000000000
1776608209.287801504 0.647431493 0.216585651 0.172923654 0.204801008 0.977073491 0.055754643 -0.016594652 3.529972315 0.092308253 -2.274140596 0.000000000 0.000000000 -10.000000000
1776608209.292441130 0.648268521 0.215980485 0.172862321 0.205008045 0.977070451 0.055221274 -0.015987860 3.587036610 0.137866929 -2.370084524 0.000000000 0.000000000 -10.000000000
1776608209.298152208 0.648268521 0.215980485 0.172862321 0.205008045 0.977070451 0.055221274 -0.015987860 3.643600464 0.189084634 -2.469255924 0.000000000 0.000000000 -10.000000000
1776608209.302622080 0.650171876 0.214873672 0.172819465 0.205518633 0.977028668 0.054442406 -0.014598707 3.699481726 0.245604008 -2.571333885 0.000000000 0.000000000 -10.000000000
1776608209.307448864 0.651138723 0.214315280 0.172765762 0.205815256 0.976994812 0.054105211 -0.013920853 3.754513025 0.307005405 -2.675983191 0.000000000 0.000000000 -10.000000000
1776608209.312963486 0.651138723 0.214315280 0.172765762 0.205815256 0.976994812 0.054105211 -0.013920853 3.808542728 0.372812569 -2.782859325 0.000000000 0.000000000 -10.000000000
1776608209.317605019 0.652165592 0.213799208 0.172739446 0.206135452 0.976950109 0.053874064 -0.013201524 3.861434221 0.442498595 -2.891608953 0.000000000 0.000000000 -10.000000000
1776608209.322723866 0.654231727 0.212852746 0.172673583 0.206898779 0.976819217 0.053638346 -0.011832898 3.913064480 0.515492857 -3.001873970 0.000000000 0.000000000 -10.000000000
1776608209.327452898 0.654231727 0.212852746 0.172673583 0.206898779 0.976819217 0.053638346 -0.011832898 3.963321447 0.591190338 -3.113292933 0.000000000 0.000000000 -10.000000000
1776608209.332947493 0.656292260 0.211970747 0.172613621 0.207754970 0.976655781 0.053575527 -0.010536090 4.012095928 0.668963313 -3.225503206 0.000000000 0.000000000 -10.000000000
1776608209.337435961 0.657316327 0.211540192 0.172580183 0.208205581 0.976566076 0.053580832 -0.009909204 4.059279442 0.748174131 -3.338145733 0.000000000 0.000000000 -10.000000000
1776608209.342978477 0.658218145 0.211058021 0.172500253 0.208688036 0.976470232 0.053535797 -0.009442403 4.104759216 0.828188896 -3.450868130 0.000000000 0.000000000 -10.000000000
1776608209.347550392 0.659059286 0.210546583 0.172426760 0.209206223 0.976365209 0.053492758 -0.009068655 4.148411751 0.908392549 -3.563332796 0.000000000 0.000000000 -10.000000000
1776608209.352765083 0.659937024 0.210017219 0.172396600 0.209762529 0.976249456 0.053491525 -0.008676896 4.190095425 0.988204062 -3.675222158 0.000000000 0.000000000 -10.000000000
1776608209.357408524 0.659937024 0.210017219 0.172396600 0.209762529 0.976249456 0.053491525 -0.008676896 4.229649067 1.067087173 -3.786245823 0.000000000 0.000000000 -10.000000000
1776608209.362856388 0.660802484 0.209435031 0.172385901 0.210345954 0.976128221 0.053473607 -0.008298695 4.266900063 1.144557357 -3.896139383 0.000000000 0.000000000 -10.000000000
1776608209.368029356 0.662260473 0.208242938 0.172272563 0.211480081 0.975895107 0.053324070 -0.007838807 4.301670551 1.220184445 -4.004668236 0.000000000 0.000000000 -10.000000000
1776608209.373001337 0.662960708 0.207648799 0.172175050 0.212033406 0.975781322 0.053238463 -0.007638815 4.333789349 1.293595314 -4.111629009 0.000000000 0.000000000 -10.000000000
1776608209.377796412 0.663626492 0.207024291 0.172029316 0.212597206 0.975665689 0.053130459 -0.007482596 4.363095760 1.364472866 -4.216849804 0.000000000 0.000000000 -10.000000000
1776608209.383014441 0.663626492 0.207024291 0.172029316 0.212597206 0.975665689 0.053130459 -0.007482596 4.389449120 1.432555795 -4.320192337 0.000000000 0.000000000 -10.000000000
1776608209.387458086 0.664974034 0.205706775 0.171697229 0.213737696 0.975432038 0.052890554 -0.007147251 4.412728310 1.497635126 -4.421546936 0.000000000 0.000000000 -10.000000000
1776608209.392693520 0.664974034 0.205706775 0.171697229 0.213737696 0.975432038 0.052890554 -0.007147251 4.432836533 1.559551835 -4.520834923 0.000000000 0.000000000 -10.000000000
1776608209.397759914 0.666122913 0.204451233 0.171358764 0.214828759 0.975206852 0.052639488 -0.007016429 4.449697495 1.618195891 -4.618013859 0.000000000 0.000000000 -10.000000000
1776608209.402834654 0.666122913 0.204451233 0.171358764 0.214828759 0.975206852 0.052639488 -0.007016429 4.463252068 1.673503637 -4.713084221 0.000000000 0.000000000 -10.000000000
1776608209.408065319 0.667265892 0.203149185 0.171136260 0.216002882 0.974956512 0.052482691 -0.006933895 4.473457813 1.725454092 -4.806095600 0.000000000 0.000000000 -10.000000000
1776608209.412614107 0.667769909 0.202525109 0.171036839 0.216616780 0.974821448 0.052454781 -0.006987994 4.480287552 1.774064302 -4.897143841 0.000000000 0.000000000 -10.000000000
1776608209.417900801 0.668220043 0.201933011 0.170944482 0.217238858 0.974681675 0.052463464 -0.007108096 4.483731747 1.819384098 -4.986372948 0.000000000 0.000000000 -10.000000000
1776608209.422442198 0.668635845 0.201400593 0.170844853 0.217858061 0.974538743 0.052527331 -0.007275277 4.483799934 1.861490011 -5.073971272 0.000000000 0.000000000 -10.000000000
1776608209.427771091 0.668635845 0.201400593 0.170844853 0.217858061 0.974538743 0.052527331 -0.007275277 4.480525494 1.900479198 -5.160172939 0.000000000 0.000000000 -10.000000000
1776608209.432452917 0.668999314 0.200929612 0.170729309 0.218467027 0.974395096 0.052631382 -0.007500433 4.473966122 1.936462641 -5.245252132 0.000000000 0.000000000 -10.000000000
1776608209.437962055 0.669421196 0.200497359 0.170626581 0.219092861 0.974243581 0.052810740 -0.007667955 4.464212418 1.969558835 -5.329523087 0.000000000 0.000000000 -10.000000000
1776608209.442605019 0.670303702 0.199670494 0.170418471 0.220367044 0.973928452 0.053278726 -0.007943617 4.451395512 1.999890208 -5.413333416 0.000000000 0.000000000 -10.000000000
1776608209.447938681 0.670303702 0.199670494 0.170418471 0.220367044 0.973928452 0.053278726 -0.007943617 4.435692310 2.027579784 -5.497059822 0.000000000 0.000000000 -10.000000000
1776608209.452490330 0.671206653 0.198825821 0.170209914 0.221655473 0.973604858 0.053811159 -0.008171495 4.417330265 2.052750826 -5.581107140 0.000000000 0.000000000 -10.000000000
1776608209.457943201 0.671758890 0.198351160 0.170112342 0.222296312 0.973444700 0.054068651 -0.008142290 4.396585464 2.075525999 -5.665900707 0.000000000 0.000000000 -10.000000000
1776608209.462499619 0.672349453 0.197840393 0.170006126 0.222930923 0.973287344 0.054303139 -0.008047541 4.373787403 2.096026659 -5.751885414 0.000000000 0.000000000 -10.000000000
1776608209.467968464 0.672903299 0.197304428 0.169872701 0.223553389 0.973134041 0.054501429 -0.007973317 4.349313259 2.114373922 -5.839519978 0.000000000 0.000000000 -10.000000000
1776608209.472979784 0.673459589 0.196755737 0.169744492 0.224146694 0.972988784 0.054673422 -0.007869533 4.323586941 2.130691290 -5.929270744 0.000000000 0.000000000 -10.000000000
1776608209.477987289 0.674005389 0.196153954 0.169612110 0.224714532 0.972852886 0.054778401 -0.007745777 4.297070980 2.145107746 -6.021608829 0.000000000 0.000000000 -10.000000000
1776608209.482966900 0.674524844 0.195528969 0.169476390 0.225228861 0.972731829 0.054833006 -0.007622452 4.270254612 2.157764912 -6.117004395 0.000000000 0.000000000 -10.000000000
1776608209.487748146 0.675006449 0.194882721 0.169346601 0.225669041 0.972630322 0.054839253 -0.007506882 4.243644238 2.168820381 -6.215923309 0.000000000 0.000000000 -10.000000000
1776608209.492923975 0.675006449 0.194882721 0.169346601 0.225669041 0.972630322 0.054839253 -0.007506882 4.217749119 2.178451538 -6.318824291 0.000000000 0.000000000 -10.000000000
1776608209.497959614 0.675730646 0.193542123 0.169033021 0.226279080 0.972496927 0.054696694 -0.007466276 4.193068504 2.186857224 -6.426157475 0.000000000 0.000000000 -10.000000000
1776608209.502520561 0.675730646 0.193542123 0.169033021 0.226279080 0.972496927 0.054696694 -0.007466276 4.170073986 2.194260836 -6.538360596 0.000000000 0.000000000 -10.000000000
1776608209.507995367 0.675960600 0.192842796 0.168874592 0.226437852 0.972466588 0.054564718 -0.007570350 4.149196625 2.200912714 -6.655858040 0.000000000 0.000000000 -10.000000000
1776608209.512510777 0.676072240 0.191422090 0.168536812 0.226615459 0.972441077 0.054197237 -0.008152916 4.130810261 2.207091093 -6.779060841 0.000000000 0.000000000 -10.000000000
1776608209.517978907 0.676072240 0.191422090 0.168536812 0.226615459 0.972441077 0.054197237 -0.008152916 4.115219593 2.213104725 -6.908362865 0.000000000 0.000000000 -10.000000000
1776608209.522547722 0.675894439 0.190091357 0.168245763 0.226626143 0.972450972 0.053834241 -0.009032833 4.102652073 2.219292164 -7.044140816 0.000000000 0.000000000 -10.000000000
1776608209.527980804 0.675684214 0.189507633 0.168103129 0.226605535 0.972458243 0.053690258 -0.009606504 4.093251228 2.226019621 -7.186749458 0.000000000 0.000000000 -10.000000000
1776608209.532535315 0.675382614 0.188968778 0.167956859 0.226615474 0.972455800 0.053566411 -0.010282856 4.087069035 2.233677149 -7.336514950 0.000000000 0.000000000 -10.000000000
1776608209.537942648 0.675046742 0.188449264 0.167820573 0.226652384 0.972444594 0.053471372 -0.011000789 4.084060192 2.242674351 -7.493730068 0.000000000 0.000000000 -10.000000000
1776608209.542530060 0.674683690 0.187962711 0.167684525 0.226735756 0.972420037 0.053405434 -0.011749865 4.084078312 2.253437996 -7.658653259 0.000000000 0.000000000 -10.000000000
1776608209.547988176 0.674683690 0.187962711 0.167684525 0.226735756 0.972420037 0.053405434 -0.011749865 4.086875439 2.266406059 -7.831504345 0.000000000 0.000000000 -10.000000000
1776608209.552506685 0.673828721 0.187069997 0.167427570 0.226996467 0.972342372 0.053327959 -0.013382746 4.092105389 2.282025099 -8.012466431 0.000000000 0.000000000 -10.000000000
1776608209.557847738 0.673391938 0.186643526 0.167346537 0.227190435 0.972286165 0.053318191 -0.014189543 4.099331856 2.300743341 -8.201683044 0.000000000 0.000000000 -10.000000000
1776608209.562520981 0.672930121 0.186205089 0.167274117 0.227413610 0.972223163 0.053291913 -0.015004612 4.108038425 2.323006392 -8.399252892 0.000000000 0.000000000 -10.000000000
1776608209.568026543 0.672930121 0.186205089 0.167274117 0.227413610 0.972223163 0.053291913 -0.015004612 4.117641926 2.349249840 -8.605229378 0.000000000 0.000000000 -10.000000000
1776608209.572861433 0.672007203 0.185291380 0.167167783 0.227893621 0.972089529 0.053211741 -0.016581057 4.127502441 2.379892826 -8.819613457 0.000000000 0.000000000 -10.000000000
1776608209.577972651 0.671655715 0.184832886 0.167153984 0.228164464 0.972015023 0.053211980 -0.017211551 4.136941910 2.415327787 -9.042353630 0.000000000 0.000000000 -10.000000000
1776608209.582444191 0.671286821 0.184396788 0.167135209 0.228436142 0.971939385 0.053220209 -0.017843854 4.145261288 2.455910444 -9.273336411 0.000000000 0.000000000 -10.000000000
1776608209.587614775 0.670910776 0.183971539 0.167102665 0.228713676 0.971862018 0.053228822 -0.018466510 4.151758671 2.501949072 -9.512385368 0.000000000 0.000000000 -10.000000000
1776608209.592469454 0.670612216 0.183537558 0.167076081 0.228990018 0.971785486 0.053256337 -0.018980507 4.155743599 2.553697586 -9.759253502 0.000000000 0.000000000 -10.000000000
1776608209.597539425 0.670439780 0.183122903 0.167079240 0.229253292 0.971711695 0.053343855 -0.019331798 4.156551361 2.611346722 -10.013623238 0.000000000 0.000000000 -10.000000000
1776608209.602594376 0.670439780 0.183122903 0.167079240 0.229253292 0.971711695 0.053343855 -0.019331798 4.153563976 2.675019264 -10.275095940 0.000000000 0.000000000 -10.000000000
1776608209.607499838 0.670266926 0.182717457 0.167088330 0.229503974 0.971640468 0.053444449 -0.019658877 4.146220684 2.744764805 -10.543196678 0.000000000 0.000000000 -10.000000000
1776608209.612452745 0.670024514 0.181996644 0.167125642 0.229971796 0.971504629 0.053732753 -0.020112157 4.134028435 2.820558310 -10.817369461 0.000000000 0.000000000 -10.000000000
1776608209.617455959 0.670024514 0.181996644 0.167125642 0.229971796 0.971504629 0.053732753 -0.020112157 4.116566658 2.902298689 -11.096979141 0.000000000 0.000000000 -10.000000000
1776608209.622440338 0.669880211 0.181290224 0.167158782 0.230376735 0.971386194 0.054049220 -0.020349903 4.093491554 2.989809513 -11.381309509 0.000000000 0.000000000 -10.000000000
1776608209.627441645 0.669788122 0.180964500 0.167177051 0.230541259 0.971335649 0.054216560 -0.020452380 4.064538002 3.082843304 -11.669570923 0.000000000 0.000000000 -10.000000000
1776608209.632720232 0.669669390 0.180683181 0.167193204 0.230661824 0.971294820 0.054395106 -0.020560119 4.029520988 3.181085587 -11.960899353 0.000000000 0.000000000 -10.000000000
1776608209.637583971 0.669499397 0.180399284 0.167186618 0.230768189 0.971257806 0.054549571 -0.020703543 3.988331795 3.284160852 -12.254360199 0.000000000 0.000000000 -10.000000000
1776608209.642472744 0.669499397 0.180399284 0.167186618 0.230768189 0.971257806 0.054549571 -0.020703543 3.940932989 3.391639709 -12.548951149 0.000000000 0.000000000 -10.000000000
1776608209.647480249 0.669327617 0.180124283 0.167192191 0.230869710 0.971222460 0.054703113 -0.020826219 3.887351036 3.503042936 -12.843606949 0.000000000 0.000000000 -10.000000000
1776608209.652510166 0.668914616 0.179660738 0.167251289 0.231020316 0.971161306 0.055050693 -0.021090386 3.827670574 3.617848158 -13.137209892 0.000000000 0.000000000 -10.000000000
1776608209.657438755 0.668914616 0.179660738 0.167251289 0.231020316 0.971161306 0.055050693 -0.021090386 3.762028933 3.735496521 -13.428596497 0.000000000 0.000000000 -10.000000000
1776608209.662987232 0.668409348 0.179219723 0.167304158 0.231165096 0.971103191 0.055356048 -0.021377530 3.690609217 3.855400801 -13.716567993 0.000000000 0.000000000 -10.000000000
1776608209.667613506 0.668409348 0.179219723 0.167304158 0.231165096 0.971103191 0.055356048 -0.021377530 3.613633394 3.976953030 -13.999900818 0.000000000 0.000000000 -10.000000000
1776608209.672806501 0.668142676 0.179021463 0.167340547 0.231247619 0.971071601 0.055512741 -0.021512605 3.531354427 4.099531651 -14.277358055 0.000000000 0.000000000 -10.000000000
1776608209.677510977 0.667569339 0.178658113 0.167407811 0.231435716 0.971002400 0.055832181 -0.021784987 3.444049120 4.222509384 -14.547699928 0.000000000 0.000000000 -10.000000000
1776608209.682543278 0.667255044 0.178443834 0.167429775 0.231539458 0.970967352 0.055955835 -0.021927223 3.352012396 4.345255852 -14.809691429 0.000000000 0.000000000 -10.000000000
1776608209.687509775 0.666923285 0.178227037 0.167456120 0.231635571 0.970935106 0.056061260 -0.022070263 3.255553722 4.467147350 -15.062121391 0.000000000 0.000000000 -10.000000000
1776608209.693034649 0.666923285 0.178227037 0.167456120 0.231635571 0.970935106 0.056061260 -0.022070263 3.154994011 4.587568760 -15.303805351 0.000000000 0.000000000 -10.000000000
1776608209.697633982 0.666185498 0.177851066 0.167507321 0.231829733 0.970870554 0.056251194 -0.022385392 3.050662994 4.705921173 -15.533603668 0.000000000 0.000000000 -10.000000000
1776608209.702977896 0.665788889 0.177626371 0.167522073 0.231944352 0.970836818 0.056297537 -0.022546012 2.942897081 4.821629047 -15.750425339 0.000000000 0.000000000 -10.000000000
1776608209.707513571 0.665366411 0.177391097 0.167521238 0.232059672 0.970804036 0.056316685 -0.022721469 2.832035780 4.934141636 -15.953238487 0.000000000 0.000000000 -10.000000000
1776608209.712927818 0.664929092 0.177164391 0.167538166 0.232169956 0.970772624 0.056332454 -0.022896480 2.718419313 5.042938232 -16.141082764 0.000000000 0.000000000 -10.000000000
1776608209.717555046 0.664929092 0.177164391 0.167538166 0.232169956 0.970772624 0.056332454 -0.022896480 2.602385998 5.147530079 -16.313076019 0.000000000 0.000000000 -10.000000000
1776608209.723061800 0.664453745 0.176930428 0.167525589 0.232291594 0.970738947 0.056326263 -0.023106415 2.484271288 5.247461319 -16.468416214 0.000000000 0.000000000 -10.000000000
1776608209.727583170 0.663429558 0.176484302 0.167511523 0.232530266 0.970672548 0.056289803 -0.023577394 2.364404202 5.342312813 -16.606393814 0.000000000 0.000000000 -10.000000000
1776608209.733117580 0.663429558 0.176484302 0.167511523 0.232530266 0.970672548 0.056289803 -0.023577394 2.243104935 5.431703568 -16.726392746 0.000000000 0.000000000 -10.000000000
1776608209.738029718 0.662383378 0.176084802 0.167543173 0.232727468 0.970616937 0.056245707 -0.024023222 2.120682716 5.515292168 -16.827892303 0.000000000 0.000000000 -10.000000000
1776608209.743023634 0.661828935 0.175874770 0.167568684 0.232820496 0.970591247 0.056202337 -0.024260918 1.997434497 5.592777252 -16.910474777 0.000000000 0.000000000 -10.000000000
1776608209.748050690 0.661216378 0.175661474 0.167573303 0.232912228 0.970565557 0.056132831 -0.024566498 1.873642325 5.663899899 -16.973817825 0.000000000 0.000000000 -10.000000000
1776608209.753136396 0.660554528 0.175448313 0.167568594 0.232991636 0.970542908 0.056039490 -0.024918644 1.749571085 5.728443146 -17.017704010 0.000000000 0.000000000 -10.000000000
1776608209.758197308 0.659861624 0.175244659 0.167554080 0.233057246 0.970523477 0.055930100 -0.025305333 1.625466228 5.786234856 -17.042016983 0.000000000 0.000000000 -10.000000000
1776608209.763028383 0.659104764 0.175046995 0.167539299 0.233108133 0.970507503 0.055789135 -0.025756063 1.501553655 5.837146282 -17.046735764 0.000000000 0.000000000 -10.000000000
1776608209.767456293 0.658304453 0.174840614 0.167516887 0.233159393 0.970491648 0.055619869 -0.026250200 1.378041029 5.881090164 -17.031940460 0.000000000 0.000000000 -10.000000000
1776608209.773029327 0.658304453 0.174840614 0.167516887 0.233159393 0.970491648 0.055619869 -0.026250200 1.255121231 5.918020248 -16.997802734 0.000000000 0.000000000 -10.000000000
1776608209.777635574 0.656568348 0.174392030 0.167486846 0.233268246 0.970458448 0.055201486 -0.027370278 1.132975698 5.947926521 -16.944595337 0.000000000 0.000000000 -10.000000000
1776608209.783057690 0.656568348 0.174392030 0.167486846 0.233268246 0.970458448 0.055201486 -0.027370278 1.011777878 5.970837116 -16.872674942 0.000000000 0.000000000 -10.000000000
1776608209.787515640 0.654818237 0.173954204 0.167478710 0.233373567 0.970425785 0.054767355 -0.028481016 0.891695738 5.986813545 -16.782491684 0.000000000 0.000000000 -10.000000000
1776608209.793077469 0.654818237 0.173954204 0.167478710 0.233373567 0.970425785 0.054767355 -0.028481016 0.772896051 5.995947361 -16.674573898 0.000000000 0.000000000 -10.000000000
1776608209.797677517 0.652984977 0.173533171 0.167423934 0.233463868 0.970395863 0.054297451 -0.029636512 0.655547023 5.998357296 -16.549533844 0.000000000 0.000000000 -10.000000000
1776608209.802468061 0.652984977 0.173533171 0.167423934 0.233463868 0.970395863 0.054297451 -0.029636512 0.539821267 5.994184017 -16.408050537 0.000000000 0.000000000 -10.000000000
1776608209.807465076 0.652092397 0.173327059 0.167407393 0.233511940 0.970380366 0.054074530 -0.030166680 0.425898999 5.983587265 -16.250873566 0.000000000 0.000000000 -10.000000000
1776608209.812621832 0.650352180 0.172918946 0.167320549 0.233617529 0.970347583 0.053644869 -0.031156112 0.313971490 5.966742992 -16.078813553 0.000000000 0.000000000 -10.000000000
1776608209.817476034 0.650352180 0.172918946 0.167320549 0.233617529 0.970347583 0.053644869 -0.031156112 0.204242662 5.943840027 -15.892739296 0.000000000 0.000000000 -10.000000000
1776608209.823158979 0.648605525 0.172557697 0.167163342 0.233701766 0.970318973 0.053221855 -0.032124277 0.096928194 5.915081501 -15.693563461 0.000000000 0.000000000 -10.000000000
1776608209.827861071 0.647805631 0.172406584 0.167117566 0.233733371 0.970307767 0.053047463 -0.032518685 -0.007748223 5.880682468 -15.482246399 0.000000000 0.000000000 -10.000000000
1776608209.832513332 0.647805631 0.172406584 0.167117566 0.233733371 0.970307767 0.053047463 -0.032518685 -0.109560765 5.840868950 -15.259790421 0.000000000 0.000000000 -10.000000000
1776608209.837981701 0.646223068 0.172106192 0.167050272 0.233787984 0.970288277 0.052697308 -0.033269770 -0.208287582 5.795880795 -15.027232170 0.000000000 0.000000000 -10.000000000
1776608209.842498779 0.645404696 0.171952963 0.167024434 0.233815521 0.970277786 0.052514184 -0.033669382 -0.303715646 5.745971203 -14.785638809 0.000000000 0.000000000 -10.000000000
1776608209.847551107 0.645404696 0.171952963 0.167024434 0.233815521 0.970277786 0.052514184 -0.033669382 -0.395642996 5.691405296 -14.536099434 0.000000000 0.000000000 -10.000000000
1776608209.852574825 0.644607246 0.171796143 0.167012602 0.233841240 0.970268369 0.052332968 -0.034041796 -0.483878732 5.632460594 -14.279723167 0.000000000 0.000000000 -10.000000000
1776608209.857451677 0.643827975 0.171645045 0.167007267 0.233865961 0.970259547 0.052163348 -0.034382477 -0.568243027 5.569423676 -14.017621994 0.000000000 0.000000000 -10.000000000
1776608209.862689257 0.643007517 0.171498746 0.166980237 0.233887911 0.970250130 0.051983781 -0.034768764 -0.648567855 5.502587318 -13.750911713 0.000000000 0.000000000 -10.000000000
1776608209.867508888 0.642146707 0.171357363 0.166920006 0.233908638 0.970239639 0.051795173 -0.035199996 -0.724699736 5.432248592 -13.480703354 0.000000000 0.000000000 -10.000000000
1776608209.872526884 0.641314805 0.171222374 0.166866243 0.233927280 0.970229924 0.051619574 -0.035599105 -0.796503007 5.358712673 -13.208095551 0.000000000 0.000000000 -10.000000000
1776608209.877452612 0.640564620 0.171105936 0.166843981 0.233946711 0.970220923 0.051488057 -0.035905678 -0.863860369 5.282291412 -12.934172630 0.000000000 0.000000000 -10.000000000
1776608209.882460594 0.639856696 0.171003789 0.166840047 0.233962730 0.970213354 0.051382978 -0.036156394 -0.926671088 5.203299999 -12.659997940 0.000000000 0.000000000 -10.000000000
1776608209.888173342 0.639130056 0.170913622 0.166837692 0.233970597 0.970206976 0.051283397 -0.036417387 -0.984848320 5.122051239 -12.386603355 0.000000000 0.000000000 -10.000000000
1776608209.892892122 0.638401210 0.170838982 0.166829079 0.233973473 0.970201075 0.051196441 -0.036676981 -1.038316965 5.038852692 -12.114985466 0.000000000 0.000000000 -10.000000000
1776608209.897770643 0.637114406 0.170735374 0.166795701 0.233982861 0.970191181 0.051120572 -0.036983859 -1.087010264 4.953999519 -11.846097946 0.000000000 0.000000000 -10.000000000
1776608209.902456045 0.636552453 0.170710891 0.166745812 0.233990729 0.970186591 0.051132686 -0.037037700 -1.130867124 4.867765903 -11.580844879 0.000000000 0.000000000 -10.000000000
1776608209.907519817 0.636071980 0.170704454 0.166697592 0.234002113 0.970182598 0.051189024 -0.036992498 -1.169828415 4.780403137 -11.320077896 0.000000000 0.000000000 -10.000000000
1776608209.912505627 0.636071980 0.170704454 0.166697592 0.234002113 0.970182598 0.051189024 -0.036992498 -1.203834534 4.692135811 -11.064590454 0.000000000 0.000000000 -10.000000000
1776608209.917457342 0.635462582 0.170759827 0.166672587 0.234032273 0.970179558 0.051482152 -0.036471281 -1.232823730 4.603162289 -10.815114975 0.000000000 0.000000000 -10.000000000
1776608209.922540188 0.635462582 0.170759827 0.166672587 0.234032273 0.970179558 0.051482152 -0.036471281 -1.256734252 4.513651848 -10.572323799 0.000000000 0.000000000 -10.000000000
1776608209.927574635 0.635287821 0.170803741 0.166682571 0.234054700 0.970179021 0.051692512 -0.036041539 -1.275508046 4.423750401 -10.336822510 0.000000000 0.000000000 -10.000000000
1776608209.932506561 0.635164201 0.170861542 0.166694522 0.234080225 0.970178187 0.051934011 -0.035546862 -1.289096713 4.333580971 -10.109149933 0.000000000 0.000000000 -10.000000000
1776608209.937723398 0.635013998 0.171032071 0.166719913 0.234112069 0.970180988 0.052487101 -0.034430597 -1.297468066 4.243246555 -9.889777184 0.000000000 0.000000000 -10.000000000
1776608209.942465544 0.634926200 0.171136752 0.166707277 0.234117210 0.970183730 0.052771404 -0.033879016 -1.300612330 4.152832508 -9.679107666 0.000000000 0.000000000 -10.000000000
1776608209.947479486 0.634810686 0.171246886 0.166694552 0.234114528 0.970187247 0.053047832 -0.033361226 -1.298547983 4.062410355 -9.477475166 0.000000000 0.000000000 -10.000000000
1776608209.952661991 0.634699166 0.171366602 0.166692555 0.234106496 0.970191538 0.053333502 -0.032834649 -1.291328311 3.972039461 -9.285143852 0.000000000 0.000000000 -10.000000000
1776608209.957462549 0.634699166 0.171366602 0.166692555 0.234106496 0.970191538 0.053333502 -0.032834649 -1.279046774 3.881771088 -9.102314949 0.000000000 0.000000000 -10.000000000
1776608209.962499619 0.634543061 0.171643332 0.166772783 0.234074071 0.970202625 0.053961106 -0.031691294 -1.261839628 3.791647434 -8.929121971 0.000000000 0.000000000 -10.000000000
1776608209.967527628 0.634425521 0.171787664 0.166804612 0.234048128 0.970209301 0.054263458 -0.031159474 -1.239888787 3.701703310 -8.765640259 0.000000000 0.000000000 -10.000000000
1776608209.972542524 0.634425521 0.171787664 0.166804612 0.234048128 0.970209301 0.054263458 -0.031159474 -1.213421822 3.611965418 -8.611885071 0.000000000 0.000000000 -10.000000000
1776608209.977694273 0.634277701 0.171928942 0.166829556 0.234021485 0.970215261 0.054553725 -0.030661667 -1.182710767 3.522454500 -8.467815399 0.000000000 0.000000000 -10.000000000
1776608209.983037710 0.633863807 0.172262877 0.166809350 0.233924329 0.970234096 0.055110741 -0.029800374 -1.148070693 3.433187008 -8.333334923 0.000000000 0.000000000 -10.000000000
1776608209.987784863 0.633614123 0.172467574 0.166787118 0.233846754 0.970248461 0.055391341 -0.029418588 -1.109855413 3.344175339 -8.208297729 0.000000000 0.000000000 -10.000000000
1776608209.993113041 0.633357644 0.172701433 0.166795284 0.233746350 0.970267236 0.055684809 -0.029039688 -1.068453670 3.255428791 -8.092509270 0.000000000 0.000000000 -10.000000000
1776608209.997530222 0.633143127 0.172978759 0.166845739 0.233625993 0.970289648 0.056020785 -0.028611349 -1.024284244 3.166952372 -7.985730171 0.000000000 0.000000000 -10.000000000
1776608210.002978563 0.632947505 0.173293561 0.166929454 0.233482406 0.970316470 0.056385942 -0.028152369 -0.977791429 3.078746319 -7.887682438 0.000000000 0.000000000 -10.000000000
1776608210.007479429 0.632718205 0.173650414 0.167001933 0.233312458 0.970347583 0.056760740 -0.027732532 -0.929438055 2.990803957 -7.798051834 0.000000000 0.000000000 -10.000000000
1776608210.012968540 0.632462978 0.174049646 0.167069018 0.233112082 0.970384419 0.057143055 -0.027339576 -0.879698753 2.903112650 -7.716487885 0.000000000 0.000000000 -10.000000000
1776608210.017977238 0.632194698 0.174501449 0.167111337 0.232873112 0.970429718 0.057527684 -0.026959041 -0.829052687 2.815652847 -7.642609596 0.000000000 0.000000000 -10.000000000
1776608210.022995234 0.631906331 0.175001308 0.167135835 0.232598454 0.970482767 0.057913579 -0.026593672 -0.777977169 2.728399277 -7.576005936 0.000000000 0.000000000 -10.000000000
1776608210.027661324 0.631906331 0.175001308 0.167135835 0.232598454 0.970482767 0.057913579 -0.026593672 -0.726941526 2.641320229 -7.516238689 0.000000000 0.000000000 -10.000000000
1776608210.032616615 0.631619334 0.175542861 0.167167813 0.232301012 0.970540047 0.058314294 -0.026224678 -0.676401615 2.554380417 -7.462847710 0.000000000 0.000000000 -10.000000000
1776608210.037459135 0.631348610 0.176121891 0.167225957 0.231987551 0.970599890 0.058738340 -0.025833763 -0.626794875 2.467539310 -7.415353775 0.000000000 0.000000000 -10.000000000
1776608210.042975664 0.630899727 0.177376151 0.167430162 0.231302723 0.970731318 0.059643600 -0.024946984 -0.578536093 2.380753279 -7.373260498 0.000000000 0.000000000 -10.000000000
1776608210.047952414 0.630701303 0.178058654 0.167544156 0.230938658 0.970800161 0.060127657 -0.024476096 -0.532012999 2.293972492 -7.336060524 0.000000000 0.000000000 -10.000000000
1776608210.053099632 0.630483329 0.178787038 0.167641222 0.230563164 0.970869243 0.060629666 -0.024033392 -0.487581462 2.207140684 -7.303236008 0.000000000 0.000000000 -10.000000000
1776608210.057686329 0.630483329 0.178787038 0.167641222 0.230563164 0.970869243 0.060629666 -0.024033392 -0.445562929 2.120194674 -7.274260998 0.000000000 0.000000000 -10.000000000
1776608210.062996864 0.630251706 0.179580763 0.167735368 0.230173081 0.970938206 0.061166637 -0.023621313 -0.406243652 2.033066034 -7.248601913 0.000000000 0.000000000 -10.000000000
1776608210.067473412 0.629789650 0.181417957 0.167936802 0.229350641 0.971072197 0.062418055 -0.022826927 -0.369874388 1.945683599 -7.225722790 0.000000000 0.000000000 -10.000000000
1776608210.073024750 0.629789650 0.181417957 0.167936802 0.229350641 0.971072197 0.062418055 -0.022826927 -0.336669862 1.857973933 -7.205086231 0.000000000 0.000000000 -10.000000000
1776608210.077473879 0.629367292 0.183543995 0.168234438 0.228504807 0.971192479 0.063914686 -0.022035904 -0.306808859 1.769863605 -7.186156750 0.000000000 0.000000000 -10.000000000
1776608210.083296776 0.629367292 0.183543995 0.168234438 0.228504807 0.971192479 0.063914686 -0.022035904 -0.280434370 1.681280494 -7.168403625 0.000000000 0.000000000 -10.000000000
1776608210.087950230 0.628936350 0.185862020 0.168567836 0.227704331 0.971284807 0.065585822 -0.021332562 -0.257652819 1.592157006 -7.151303768 0.000000000 0.000000000 -10.000000000
1776608210.093004465 0.628742278 0.187105656 0.168757945 0.227315411 0.971320987 0.066504769 -0.020984508 -0.238533229 1.502432585 -7.134346008 0.000000000 0.000000000 -10.000000000
1776608210.097990036 0.628527164 0.188368171 0.168923765 0.227002934 0.971335471 0.067446925 -0.020689148 -0.223107383 1.412058115 -7.117037296 0.000000000 0.000000000 -10.000000000
1776608210.103026152 0.628284812 0.189684555 0.169107586 0.226776540 0.971324623 0.068431638 -0.020444183 -0.211370721 1.321002007 -7.098901272 0.000000000 0.000000000 -10.000000000
1776608210.108047485 0.628063321 0.191018403 0.169293135 0.226623878 0.971294105 0.069435567 -0.020200750 -0.203283057 1.229255319 -7.079486370 0.000000000 0.000000000 -10.000000000
1776608210.113020897 0.627878308 0.192404479 0.169496894 0.226524696 0.971247017 0.070488490 -0.019929089 -0.198768333 1.136835814 -7.058363438 0.000000000 0.000000000 -10.000000000
1776608210.117993116 0.627719641 0.193857223 0.169702947 0.226495102 0.971180201 0.071576372 -0.019642318 -0.197712794 1.043791533 -7.035131931 0.000000000 0.000000000 -10.000000000
1776608210.122730017 0.627566516 0.195353031 0.169902623 0.226521417 0.971098304 0.072674178 -0.019354716 -0.199961886 0.950203896 -7.009418488 0.000000000 0.000000000 -10.000000000
1776608210.127980471 0.627421200 0.196860254 0.170080364 0.226593792 0.971004725 0.073766254 -0.019067904 -0.205316812 0.856187522 -6.980879784 0.000000000 0.000000000 -10.000000000
1776608210.132649899 0.627323747 0.198338613 0.170258731 0.226695552 0.970906734 0.074823745 -0.018726662 -0.213531762 0.761890769 -6.949205875 0.000000000 0.000000000 -10.000000000
1776608210.138031006 0.627278507 0.199782461 0.170430988 0.226818547 0.970806062 0.075848036 -0.018330134 -0.224312931 0.667496681 -6.914121151 0.000000000 0.000000000 -10.000000000
1776608210.143039465 0.627299011 0.201200664 0.170604825 0.226938665 0.970707536 0.076856323 -0.017856877 -0.237319440 0.573225379 -6.875386715 0.000000000 0.000000000 -10.000000000
1776608210.148436785 0.627373040 0.202584833 0.170781791 0.227016479 0.970622957 0.077814400 -0.017306291 -0.252165318 0.479335427 -6.832801819 0.000000000 0.000000000 -10.000000000
1776608210.152932405 0.627488554 0.203908831 0.170964628 0.227043003 0.970556140 0.078699797 -0.016690027 -0.268422216 0.386124432 -6.786205769 0.000000000 0.000000000 -10.000000000
1776608210.157441616 0.627615273 0.205185890 0.171129286 0.226987079 0.970515251 0.079497866 -0.016034989 -0.285623580 0.293928623 -6.735482693 0.000000000 0.000000000 -10.000000000
1776608210.162552357 0.627615273 0.205185890 0.171129286 0.226987079 0.970515251 0.079497866 -0.016034989 -0.303271294 0.203122899 -6.680560589 0.000000000 0.000000000 -10.000000000
1776608210.167440176 0.627817988 0.207464263 0.171397358 0.226564303 0.970537722 0.080678239 -0.014704417 -0.320846766 0.114122219 -6.621412754 0.000000000 0.000000000 -10.000000000
1776608210.172556400 0.627817988 0.207464263 0.171397358 0.226564303 0.970537722 0.080678239 -0.014704417 -0.337825298 0.027381927 -6.558057785 0.000000000 0.000000000 -10.000000000
1776608210.177967072 0.627902389 0.208521724 0.171519101 0.226223186 0.970589638 0.081128225 -0.014035732 -0.353690982 -0.056607544 -6.490560532 0.000000000 0.000000000 -10.000000000
1776608210.182752609 0.627903402 0.210340068 0.171678156 0.225347027 0.970770001 0.081604019 -0.012849670 -0.367950171 -0.137330398 -6.419033527 0.000000000 0.000000000 -10.000000000
1776608210.187462568 0.627903402 0.210340068 0.171678156 0.225347027 0.970770001 0.081604019 -0.012849670 -0.380142450 -0.214254022 -6.343637466 0.000000000 0.000000000 -10.000000000
1776608210.192511320 0.627887964 0.211106569 0.171744108 0.224849567 0.970887005 0.081675053 -0.012260112 -0.389848471 -0.286835581 -6.264577866 0.000000000 0.000000000 -10.000000000
1776608210.197605133 0.627808034 0.212427258 0.171828628 0.223854780 0.971141160 0.081545524 -0.011146742 -0.396693885 -0.354529828 -6.182107925 0.000000000 0.000000000 -10.000000000
1776608210.202459097 0.627751231 0.212993518 0.171848834 0.223357722 0.971276939 0.081361286 -0.010618025 -0.400350153 -0.416799635 -6.096523285 0.000000000 0.000000000 -10.000000000
1776608210.207944393 0.627751231 0.212993518 0.171848834 0.223357722 0.971276939 0.081361286 -0.010618025 -0.400535464 -0.473127961 -6.008162022 0.000000000 0.000000000 -10.000000000
1776608210.213043690 0.627653837 0.213949814 0.171854049 0.222470120 0.971539199 0.080789804 -0.009572605 -0.397015661 -0.523031771 -5.917401791 0.000000000 0.000000000 -10.000000000
1776608210.217919350 0.627619267 0.214352459 0.171839535 0.222068876 0.971666992 0.080415547 -0.009053501 -0.389604628 -0.566075385 -5.824658871 0.000000000 0.000000000 -10.000000000
1776608210.222908735 0.627612650 0.214717060 0.171832383 0.221722528 0.971784472 0.080008939 -0.008523327 -0.378163934 -0.601883233 -5.730383873 0.000000000 0.000000000 -10.000000000
1776608210.227939844 0.627640903 0.215047613 0.171839178 0.221414253 0.971894801 0.079578556 -0.007967194 -0.362601787 -0.630149782 -5.635059357 0.000000000 0.000000000 -10.000000000
1776608210.232636452 0.627712131 0.215352029 0.171852887 0.221149415 0.971995711 0.079137839 -0.007379055 -0.342871577 -0.650646925 -5.539196968 0.000000000 0.000000000 -10.000000000
1776608210.237922907 0.627792180 0.215612888 0.171861857 0.220928863 0.972088397 0.078665450 -0.006806856 -0.318968683 -0.663230121 -5.443330288 0.000000000 0.000000000 -10.000000000
1776608210.242450953 0.627900958 0.215842366 0.171867609 0.220742285 0.972174823 0.078167655 -0.006227580 -0.290925801 -0.667843103 -5.348010540 0.000000000 0.000000000 -10.000000000
1776608210.247684240 0.627900958 0.215842366 0.171867609 0.220742285 0.972174823 0.078167655 -0.006227580 -0.258808315 -0.664520442 -5.253801346 0.000000000 0.000000000 -10.000000000
1776608210.252471447 0.628230751 0.216251642 0.171881855 0.220426530 0.972334385 0.077155128 -0.005013173 -0.222708970 -0.653387308 -5.161275387 0.000000000 0.000000000 -10.000000000
1776608210.257461309 0.628436327 0.216416642 0.171904653 0.220285386 0.972411036 0.076628245 -0.004387405 -0.182741866 -0.634658456 -5.071006298 0.000000000 0.000000000 -10.000000000
1776608210.262949467 0.628436327 0.216416642 0.171904653 0.220285386 0.972411036 0.076628245 -0.004387405 -0.139035612 -0.608634412 -4.983566284 0.000000000 0.000000000 -10.000000000
1776608210.267466545 0.628917873 0.216686308 0.171958536 0.220049530 0.972552538 0.075564072 -0.003126940 -0.091726817 -0.575694501 -4.899519920 0.000000000 0.000000000 -10.000000000
1776608210.272719145 0.629250109 0.216816470 0.172016680 0.219940603 0.972617328 0.075071819 -0.002434814 -0.040954225 -0.536287129 -4.819417000 0.000000000 0.000000000 -10.000000000
1776608210.277656078 0.629250109 0.216816470 0.172016680 0.219940603 0.972617328 0.075071819 -0.002434814 0.013146061 -0.490920007 -4.743788242 0.000000000 0.000000000 -10.000000000
1776608210.282656193 0.630020261 0.217007548 0.172170639 0.219754830 0.972736359 0.074099764 -0.000999319 0.070444353 -0.440151066 -4.673136234 0.000000000 0.000000000 -10.000000000
1776608210.287780046 0.630020261 0.217007548 0.172170639 0.219754830 0.972736359 0.074099764 -0.000999319 0.130819887 -0.384578228 -4.607928276 0.000000000 0.000000000 -10.000000000
1776608210.292443037 0.630841792 0.217043445 0.172278881 0.219635472 0.972841799 0.073067680 0.000387954 0.194161981 -0.324827850 -4.548589230 0.000000000 0.000000000 -10.000000000
1776608210.297496796 0.630841792 0.217043445 0.172278881 0.219635472 0.972841799 0.073067680 0.000387954 0.260369450 -0.261541545 -4.495495796 0.000000000 0.000000000 -10.000000000
1776608210.302909136 0.631316006 0.217052534 0.172333062 0.219587877 0.972888768 0.072576419 0.001105442 0.329348743 -0.195362821 -4.448970795 0.000000000 0.000000000 -10.000000000
1776608210.307584763 0.632309675 0.216982722 0.172412574 0.219505072 0.972979248 0.071572512 0.002512622 0.401011854 -0.126924843 -4.409277916 0.000000000 0.000000000 -10.000000000
1776608210.312573671 0.632833958 0.216888651 0.172447830 0.219485000 0.973020077 0.071049429 0.003196151 0.475273877 -0.056839284 -4.376619816 0.000000000 0.000000000 -10.000000000
1776608210.317462444 0.633347213 0.216763765 0.172466308 0.219475895 0.973059654 0.070501901 0.003838515 0.552049458 0.014314707 -4.351134777 0.000000000 0.000000000 -10.000000000
1776608210.322448015 0.633347213 0.216763765 0.172466308 0.219475895 0.973059654 0.070501901 0.003838515 0.631248832 0.086000994 -4.332896233 0.000000000 0.000000000 -10.000000000
1776608210.327941895 0.634427905 0.216402739 0.172532260 0.219505757 0.973126531 0.069397539 0.005089713 0.712773263 0.157734692 -4.321910858 0.000000000 0.000000000 -10.000000000
1776608210.332603931 0.634427905 0.216402739 0.172532260 0.219505757 0.973126531 0.069397539 0.005089713 0.796512127 0.229087561 -4.318120480 0.000000000 0.000000000 -10.000000000
1776608210.338211060 0.635507107 0.215800226 0.172514707 0.219665915 0.973170400 0.068173409 0.006219168 0.882341504 0.299691111 -4.321401119 0.000000000 0.000000000 -10.000000000
1776608210.342848778 0.636059403 0.215429455 0.172485888 0.219794929 0.973181725 0.067542389 0.006751046 0.970124960 0.369237810 -4.331566811 0.000000000 0.000000000 -10.000000000
1776608210.347918510 0.636610091 0.215026408 0.172454953 0.219931275 0.973191738 0.066897899 0.007264089 1.059713960 0.437481046 -4.348371506 0.000000000 0.000000000 -10.000000000
1776608210.352453709 0.637162805 0.214587986 0.172407925 0.220085293 0.973197877 0.066244081 0.007749392 1.150948048 0.504233897 -4.371515274 0.000000000 0.000000000 -10.000000000
1776608210.357472420 0.637162805 0.214587986 0.172407925 0.220085293 0.973197877 0.066244081 0.007749392 1.243654728 0.569366574 -4.400648117 0.000000000 0.000000000 -10.000000000
1776608210.362464190 0.637722373 0.214090273 0.172357172 0.220267504 0.973198712 0.065566875 0.008214887 1.337647915 0.632803857 -4.435379028 0.000000000 0.000000000 -10.000000000
1776608210.367931366 0.638259411 0.213572294 0.172308356 0.220454797 0.973199189 0.064873643 0.008628499 1.432725549 0.694522262 -4.475280285 0.000000000 0.000000000 -10.000000000
1776608210.372914314 0.638828635 0.213028237 0.172263235 0.220661640 0.973193645 0.064194426 0.009038001 1.528667331 0.754546463 -4.519894600 0.000000000 0.000000000 -10.000000000
1776608210.377599001 0.639915228 0.211888522 0.172134340 0.221140638 0.973168015 0.062823094 0.009700543 1.625232577 0.812942624 -4.568743229 0.000000000 0.000000000 -10.000000000
1776608210.382788897 0.639915228 0.211888522 0.172134340 0.221140638 0.973168015 0.062823094 0.009700543 1.722159743 0.869810641 -4.621330261 0.000000000 0.000000000 -10.000000000
1776608210.387451887 0.640867949 0.210574210 0.171960235 0.221693248 0.973131180 0.061368551 0.010086334 1.819163442 0.925278664 -4.677150249 0.000000000 0.000000000 -10.000000000
1776608210.393046856 0.640867949 0.210574210 0.171960235 0.221693248 0.973131180 0.061368551 0.010086334 1.915933371 0.979498863 -4.735695839 0.000000000 0.000000000 -10.000000000
1776608210.397989035 0.641755521 0.209217280 0.171798825 0.222287536 0.973083198 0.059928283 0.010293664 2.012136221 1.032642126 -4.796463013 0.000000000 0.000000000 -10.000000000
1776608210.402936935 0.642136931 0.208561420 0.171703279 0.222606033 0.973053217 0.059229225 0.010287778 2.107419968 1.084892631 -4.858956814 0.000000000 0.000000000 -10.000000000
1776608210.407863855 0.642492473 0.207902968 0.171601236 0.222910970 0.973025799 0.058538586 0.010231294 2.201418400 1.136440992 -4.922696114 0.000000000 0.000000000 -10.000000000
1776608210.412927628 0.642845094 0.207227096 0.171493679 0.223217934 0.972997129 0.057857014 0.010143557 2.293754578 1.187477469 -4.987219810 0.000000000 0.000000000 -10.000000000
1776608210.417485237 0.643177092 0.206537127 0.171381325 0.223533452 0.972966135 0.057179134 0.010013619 2.384044409 1.238184929 -5.052091599 0.000000000 0.000000000 -10.000000000
1776608210.422828913 0.643512964 0.205864921 0.171285152 0.223853722 0.972931623 0.056534983 0.009865785 2.471900463 1.288734794 -5.116902351 0.000000000 0.000000000 -10.000000000
1776608210.427479982 0.643866420 0.205215409 0.171231359 0.224176779 0.972893238 0.055937584 0.009720578 2.556936502 1.339282870 -5.181273937 0.000000000 0.000000000 -10.000000000
1776608210.432923794 0.644201994 0.204579964 0.171168149 0.224510893 0.972850561 0.055369806 0.009531815 2.638771772 1.389966249 -5.244862080 0.000000000 0.000000000 -10.000000000
1776608210.437682152 0.644506514 0.203946799 0.171096057 0.224854931 0.972804666 0.054817952 0.009290840 2.717038631 1.440900803 -5.307358742 0.000000000 0.000000000 -10.000000000
1776608210.442697525 0.644776225 0.203314751 0.171002895 0.225207746 0.972756326 0.054274470 0.008991114 2.791387558 1.492176414 -5.368493080 0.000000000 0.000000000 -10.000000000
1776608210.447434902 0.645046353 0.202689141 0.170902461 0.225562885 0.972706258 0.053746149 0.008678772 2.861496210 1.543856144 -5.428031445 0.000000000 0.000000000 -10.000000000
1776608210.452702522 0.645313144 0.202087462 0.170805246 0.225909352 0.972656786 0.053234883 0.008355448 2.927072763 1.595976353 -5.485778809 0.000000000 0.000000000 -10.000000000
1776608210.458498955 0.645575702 0.201482132 0.170705378 0.226249352 0.972608864 0.052715115 0.008023785 2.987860441 1.648548007 -5.541576862 0.000000000 0.000000000 -10.000000000
1776608210.462446690 0.645835042 0.200889915 0.170603424 0.226583689 0.972561300 0.052203745 0.007687174 3.043639183 1.701558709 -5.595300674 0.000000000 0.000000000 -10.000000000
1776608210.467634916 0.646092832 0.200283185 0.170502394 0.226927459 0.972511411 0.051688407 0.007338001 3.094223738 1.754974127 -5.646855831 0.000000000 0.000000000 -10.000000000
1776608210.472667694 0.646403909 0.199667230 0.170438439 0.227285489 0.972455800 0.051200829 0.007038407 3.139464378 1.808739305 -5.696175575 0.000000000 0.000000000 -10.000000000
1776608210.477701187 0.646773934 0.199058235 0.170402646 0.227652013 0.972395301 0.050751857 0.006795553 3.179244280 1.862780690 -5.743219376 0.000000000 0.000000000 -10.000000000
1776608210.482661963 0.647134244 0.198461816 0.170367867 0.228012800 0.972335279 0.050313901 0.006540650 3.213481665 1.917006612 -5.787972927 0.000000000 0.000000000 -10.000000000
1776608210.487981796 0.647441089 0.197872475 0.170298070 0.228365272 0.972277820 0.049863353 0.006223589 3.242130995 1.971309066 -5.830446720 0.000000000 0.000000000 -10.000000000
1776608210.493163586 0.647712171 0.197302908 0.170199603 0.228705660 0.972223103 0.049412511 0.005859434 3.265185118 2.025564194 -5.870674610 0.000000000 0.000000000 -10.000000000
1776608210.505086660 0.647976220 0.196760491 0.170096278 0.229029149 0.972171187 0.048976555 0.005488726 3.282674551 2.079632521 -5.908711910 0.000000000 0.000000000 -10.000000000
1776608210.505677700 0.648517489 0.195747942 0.169903517 0.229640514 0.972071588 0.048160821 0.004757593 3.294666767 2.133361816 -5.944637775 0.000000000 0.000000000 -10.000000000
1776608210.507759809 0.648517489 0.195747942 0.169903517 0.229640514 0.972071588 0.048160821 0.004757593 3.301266670 2.186586142 -5.978552818 0.000000000 0.000000000 -10.000000000
1776608210.512614250 0.648755431 0.195275798 0.169807315 0.229921490 0.972026706 0.047761556 0.004359525 3.302615404 2.239126682 -6.010578156 0.000000000 0.000000000 -10.000000000
1776608210.517458200 0.648755431 0.195275798 0.169807315 0.229921490 0.972026706 0.047761556 0.004359525 3.298891068 2.290793896 -6.040857792 0.000000000 0.000000000 -10.000000000
1776608210.522810459 0.649017274 0.194821849 0.169731945 0.230195239 0.971981883 0.047386572 0.003981820 3.290305138 2.341390133 -6.069557190 0.000000000 0.000000000 -10.000000000
1776608210.527827501 0.649634063 0.193962514 0.169621825 0.230742216 0.971886694 0.046726394 0.003310453 3.277100086 2.390715122 -6.096859455 0.000000000 0.000000000 -10.000000000
1776608210.532495260 0.649893045 0.193587735 0.169515610 0.230984464 0.971845508 0.046411570 0.002917057 3.259543180 2.438569069 -6.122962952 0.000000000 0.000000000 -10.000000000
1776608210.537469149 0.649893045 0.193587735 0.169515610 0.230984464 0.971845508 0.046411570 0.002917057 3.237921476 2.484752893 -6.148077965 0.000000000 0.000000000 -10.000000000
1776608210.542495489 0.650112212 0.193234280 0.169389874 0.231206760 0.971809208 0.046088088 0.002476243 3.212537766 2.529070139 -6.172426701 0.000000000 0.000000000 -10.000000000
1776608210.547467709 0.650545180 0.192628592 0.169159740 0.231582284 0.971750081 0.045484729 0.001596729 3.183705568 2.571326256 -6.196245193 0.000000000 0.000000000 -10.000000000
1776608210.552512169 0.650791407 0.192392543 0.169086546 0.231742710 0.971723795 0.045241565 0.001193221 3.151745081 2.611331463 -6.219785690 0.000000000 0.000000000 -10.000000000
1776608210.557490826 0.650791407 0.192392543 0.169086546 0.231742710 0.971723795 0.045241565 0.001193221 3.116980791 2.648903608 -6.243319035 0.000000000 0.000000000 -10.000000000
1776608210.562785387 0.651179433 0.192113757 0.168951422 0.231928319 0.971700370 0.044805571 0.000282697 3.079739332 2.683868885 -6.267132282 0.000000000 0.000000000 -10.000000000
1776608210.567474127 0.651366889 0.192022264 0.168891221 0.231989190 0.971694887 0.044609331 -0.000176885 3.040345192 2.716063738 -6.291534424 0.000000000 0.000000000 -10.000000000
1776608210.572510481 0.651366889 0.192022264 0.168891221 0.231989190 0.971694887 0.044609331 -0.000176885 2.999119997 2.745332718 -6.316854000 0.000000000 0.000000000 -10.000000000
1776608210.577638865 0.651513696 0.191952601 0.168808997 0.232035264 0.971692920 0.044407655 -0.000683718 2.956381559 2.771529913 -6.343443394 0.000000000 0.000000000 -10.000000000
1776608210.582560539 0.651651621 0.191904634 0.168595046 0.232058957 0.971704781 0.043989088 -0.001845958 2.912443638 2.794518709 -6.371677399 0.000000000 0.000000000 -10.000000000
1776608210.588014841 0.651660442 0.191967860 0.168490976 0.232004836 0.971725225 0.043791674 -0.002477086 2.867613316 2.814175367 -6.401951790 0.000000000 0.000000000 -10.000000000
1776608210.592991352 0.651654780 0.192103982 0.168401837 0.231902197 0.971755683 0.043617859 -0.003113083 2.822185516 2.830387592 -6.434681892 0.000000000 0.000000000 -10.000000000
1776608210.597729206 0.651657522 0.192267030 0.168333858 0.231786370 0.971788108 0.043463610 -0.003730933 2.776435137 2.843055725 -6.470296860 0.000000000 0.000000000 -10.000000000
1776608210.602908134 0.651649833 0.192480907 0.168261200 0.231640458 0.971826375 0.043327507 -0.004354591 2.730611324 2.852088451 -6.509241581 0.000000000 0.000000000 -10.000000000
1776608210.607409716 0.651633143 0.192745194 0.168208897 0.231465504 0.971870244 0.043211408 -0.004977506 2.684930801 2.857399940 -6.551972866 0.000000000 0.000000000 -10.000000000
1776608210.612920046 0.651615620 0.193054140 0.168171287 0.231263801 0.971919298 0.043111801 -0.005596881 2.639573812 2.858905554 -6.598957062 0.000000000 0.000000000 -10.000000000
1776608210.617467403 0.651573777 0.193379804 0.168135375 0.231048584 0.971971273 0.043007717 -0.006226271 2.594680071 2.856517315 -6.650671005 0.000000000 0.000000000 -10.000000000
1776608210.622556925 0.651573777 0.193379804 0.168135375 0.231048584 0.971971273 0.043007717 -0.006226271 2.550344706 2.850135803 -6.707596302 0.000000000 0.000000000 -10.000000000
1776608210.627994061 0.651486814 0.193715811 0.168088794 0.230822876 0.972025931 0.042882320 -0.006895253 2.506611586 2.839645863 -6.770217419 0.000000000 0.000000000 -10.000000000
1776608210.632491350 0.651278079 0.194400817 0.167993009 0.230412811 0.972124994 0.042601716 -0.008249028 2.463466167 2.824911594 -6.839015007 0.000000000 0.000000000 -10.000000000
1776608210.638088703 0.651278079 0.194400817 0.167993009 0.230412811 0.972124994 0.042601716 -0.008249028 2.420829058 2.805775166 -6.914462566 0.000000000 0.000000000 -10.000000000
1776608210.642443419 0.651046216 0.195113942 0.167895913 0.230092764 0.972202003 0.042291306 -0.009591520 2.378555775 2.782054424 -6.997021198 0.000000000 0.000000000 -10.000000000
1776608210.647467852 0.651046216 0.195113942 0.167895913 0.230092764 0.972202003 0.042291306 -0.009591520 2.336438179 2.753544807 -7.087137222 0.000000000 0.000000000 -10.000000000
1776608210.652456522 0.650794327 0.195990831 0.167871594 0.229732484 0.972284734 0.042033706 -0.010888115 2.294207335 2.720022917 -7.185240269 0.000000000 0.000000000 -10.000000000
1776608210.657760382 0.650794327 0.195990831 0.167871594 0.229732484 0.972284734 0.042033706 -0.010888115 2.251538515 2.681249142 -7.291737556 0.000000000 0.000000000 -10.000000000
1776608210.662805319 0.650449336 0.197023481 0.167901903 0.229309604 0.972378969 0.041796800 -0.012218311 2.208057404 2.636974096 -7.407009602 0.000000000 0.000000000 -10.000000000
1776608210.667488098 0.650210559 0.197543561 0.167892903 0.229129359 0.972418725 0.041643526 -0.012937782 2.163344145 2.586943388 -7.531407356 0.000000000 0.000000000 -10.000000000
1776608210.672467947 0.650210559 0.197543561 0.167892903 0.229129359 0.972418725 0.041643526 -0.012937782 2.116939306 2.530903816 -7.665242195 0.000000000 0.000000000 -10.000000000
1776608210.677446842 0.649695218 0.198660791 0.167893916 0.228709653 0.972509384 0.041360781 -0.014377104 2.068350792 2.468608856 -7.808787346 0.000000000 0.000000000 -10.000000000
1776608210.682498455 0.649695218 0.198660791 0.167893916 0.228709653 0.972509384 0.041360781 -0.014377104 2.017062187 2.399823904 -7.962271690 0.000000000 0.000000000 -10.000000000
1776608210.688392639 0.649418414 0.199266970 0.167900383 0.228504866 0.972551703 0.041238744 -0.015100840 1.962542057 2.324331045 -8.125878334 0.000000000 0.000000000 -10.000000000
1776608210.692690849 0.648859143 0.200577214 0.167983353 0.228050947 0.972641647 0.041084267 -0.016526429 1.904253006 2.241933584 -8.299742699 0.000000000 0.000000000 -10.000000000
1776608210.697472334 0.648859143 0.200577214 0.167983353 0.228050947 0.972641647 0.041084267 -0.016526429 1.841661215 2.152461767 -8.483942986 0.000000000 0.000000000 -10.000000000
1776608210.702493429 0.648263395 0.202060953 0.168198794 0.227546602 0.972735941 0.041052394 -0.017943617 1.774244785 2.055777311 -8.678503036 0.000000000 0.000000000 -10.000000000
1776608210.707657814 0.648263395 0.202060953 0.168198794 0.227546602 0.972735941 0.041052394 -0.017943617 1.701503158 1.951777935 -8.883387566 0.000000000 0.000000000 -10.000000000
1776608210.712440729 0.647930622 0.202877253 0.168320298 0.227255329 0.972789466 0.041073237 -0.018671965 1.622967720 1.840403557 -9.098498344 0.000000000 0.000000000 -10.000000000
1776608210.717498302 0.647522211 0.203697950 0.168407857 0.226954266 0.972844958 0.041055147 -0.019465026 1.538209796 1.721644163 -9.323676109 0.000000000 0.000000000 -10.000000000
1776608210.722571373 0.646614671 0.205232665 0.168536574 0.226330146 0.972963512 0.040881142 -0.021105379 1.446849346 1.595550060 -9.558696747 0.000000000 0.000000000 -10.000000000
1776608210.727426291 0.646160483 0.205972686 0.168626398 0.226015016 0.973024726 0.040753677 -0.021891303 1.348563552 1.462240696 -9.803275108 0.000000000 0.000000000 -10.000000000
1776608210.732442617 0.645694792 0.206702083 0.168720841 0.225697204 0.973087311 0.040599804 -0.022661578 1.243095875 1.321911097 -10.057056427 0.000000000 0.000000000 -10.000000000
1776608210.737469912 0.645236015 0.207385108 0.168842077 0.225387052 0.973150492 0.040393647 -0.023392342 1.130263090 1.174833179 -10.319622993 0.000000000 0.000000000 -10.000000000
1776608210.742442369 0.644773245 0.208021179 0.168958634 0.225076035 0.973216116 0.040129650 -0.024099123 1.009962678 1.021353722 -10.590488434 0.000000000 0.000000000 -10.000000000
1776608210.747422218 0.644295931 0.208626404 0.169050902 0.224745661 0.973288178 0.039806008 -0.024798730 0.882177472 0.861890912 -10.869101524 0.000000000 0.000000000 -10.000000000
1776608210.752436876 0.643841445 0.209244087 0.169158638 0.224391431 0.973366976 0.039469600 -0.025442313 0.746979475 0.696931243 -11.154846191 0.000000000 0.000000000 -10.000000000
1776608210.757456303 0.643841445 0.209244087 0.169158638 0.224391431 0.973366976 0.039469600 -0.025442313 0.604529023 0.527025163 -11.447043419 0.000000000 0.000000000 -10.000000000
1776608210.762418509 0.643391132 0.209865957 0.169255674 0.224021137 0.973450184 0.039114423 -0.026063610 0.455071807 0.352781773 -11.744956970 0.000000000 0.000000000 -10.000000000
1776608210.767432451 0.642540038 0.211045817 0.169473290 0.223351449 0.973603129 0.038358580 -0.027197402 0.298934489 0.174861103 -12.047792435 0.000000000 0.000000000 -10.000000000
1776608210.772455692 0.642540038 0.211045817 0.169473290 0.223351449 0.973603129 0.038358580 -0.027197402 0.136521339 -0.006034975 -12.354703903 0.000000000 0.000000000 -10.000000000
1776608210.777428150 0.641736567 0.212117180 0.169680804 0.222775042 0.973738194 0.037524793 -0.028232291 -0.031690150 -0.189172193 -12.664801598 0.000000000 0.000000000 -10.000000000
1776608210.783032656 0.641736567 0.212117180 0.169680804 0.222775042 0.973738194 0.037524793 -0.028232291 -0.205153912 -0.373792768 -12.977153778 0.000000000 0.000000000 -10.000000000
1776608210.787670851 0.640962660 0.213205159 0.169864774 0.222265676 0.973857820 0.036689606 -0.029201722 -0.383259863 -0.559125483 -13.290799141 0.000000000 0.000000000 -10.000000000
1776608210.792934656 0.640559912 0.213767409 0.169939786 0.222002417 0.973919332 0.036262158 -0.029684359 -0.565338373 -0.744395733 -13.604751587 0.000000000 0.000000000 -10.000000000
1776608210.797445774 0.640181839 0.214286044 0.170008600 0.221766591 0.973976314 0.035803869 -0.030128941 -0.750665784 -0.928834736 -13.918009758 0.000000000 0.000000000 -10.000000000
1776608210.802853107 0.639853537 0.214758456 0.170076936 0.221541718 0.974033356 0.035322018 -0.030506365 -0.938470066 -1.111685991 -14.229566574 0.000000000 0.000000000 -10.000000000
1776608210.808404207 0.639549375 0.215232059 0.170158893 0.221325323 0.974088907 0.034846045 -0.030848090 -1.127936363 -1.292210340 -14.538415909 0.000000000 0.000000000 -10.000000000
1776608210.812961578 0.639271140 0.215680912 0.170240134 0.221104100 0.974146485 0.034365460 -0.031153871 -1.318210959 -1.469690323 -14.843560219 0.000000000 0.000000000 -10.000000000
1776608210.817957878 0.639044523 0.216076121 0.170319140 0.220895708 0.974204004 0.033853300 -0.031393342 -1.508405805 -1.643433809 -15.144013405 0.000000000 0.000000000 -10.000000000
1776608210.822731018 0.638898730 0.216384590 0.170413733 0.220710069 0.974260032 0.033311158 -0.031539988 -1.697602868 -1.812777400 -15.438813210 0.000000000 0.000000000 -10.000000000
1776608210.827559710 0.638811231 0.216642305 0.170511186 0.220537752 0.974316001 0.032744449 -0.031610936 -1.884859324 -1.977090001 -15.727022171 0.000000000 0.000000000 -10.000000000
1776608210.832516432 0.638762832 0.216837913 0.170591801 0.220366821 0.974373698 0.032148376 -0.031636905 -2.069214344 -2.135775805 -16.007738113 0.000000000 0.000000000 -10.000000000
1776608210.837438822 0.638743103 0.217000365 0.170679331 0.220204145 0.974430740 0.031537656 -0.031626634 -2.249696732 -2.288275719 -16.280094147 0.000000000 0.000000000 -10.000000000
1776608210.842461586 0.638743103 0.217000365 0.170679331 0.220204145 0.974430740 0.031537656 -0.031626634 -2.425333261 -2.434070826 -16.543270111 0.000000000 0.000000000 -10.000000000
1776608210.848008394 0.638848066 0.217131406 0.170825392 0.219919965 0.974542260 0.030235240 -0.031438809 -2.595155478 -2.572684050 -16.796493530 0.000000000 0.000000000 -10.000000000
1776608210.852988720 0.638949275 0.217070878 0.170868844 0.219802335 0.974595726 0.029510720 -0.031291991 -2.758206129 -2.703683853 -17.039041519 0.000000000 0.000000000 -10.000000000
1776608210.857944489 0.639136910 0.216921851 0.170928299 0.219718069 0.974644244 0.028775090 -0.031056557 -2.913543940 -2.826685667 -17.270248413 0.000000000 0.000000000 -10.000000000
1776608210.862642765 0.639332175 0.216712832 0.170973390 0.219658375 0.974687219 0.028018929 -0.030821994 -3.060248375 -2.941350222 -17.489496231 0.000000000 0.000000000 -10.000000000
1776608210.867910147 0.639537513 0.216456026 0.170999050 0.219626561 0.974722683 0.027265372 -0.030600877 -3.197423697 -3.047380447 -17.696224213 0.000000000 0.000000000 -10.000000000
1776608210.872491598 0.639773965 0.216159165 0.171038717 0.219608754 0.974755108 0.026515409 -0.030354021 -3.324204922 -3.144518137 -17.889921188 0.000000000 0.000000000 -10.000000000
1776608210.878148794 0.639773965 0.216159165 0.171038717 0.219608754 0.974755108 0.026515409 -0.030354021 -3.439762831 -3.232539654 -18.070127487 0.000000000 0.000000000 -10.000000000
1776608210.882604122 0.640193880 0.215510070 0.171098292 0.219652325 0.974795878 0.025035065 -0.029984342 -3.543308496 -3.311254501 -18.236425400 0.000000000 0.000000000 -10.000000000
1776608210.887475729 0.640421569 0.215146452 0.171124756 0.219694957 0.974809468 0.024325302 -0.029814038 -3.634100437 -3.380503178 -18.388444901 0.000000000 0.000000000 -10.000000000
1776608210.892499685 0.640637875 0.214776054 0.171154737 0.219744921 0.974819124 0.023642486 -0.029678937 -3.711451530 -3.440155268 -18.525863647 0.000000000 0.000000000 -10.000000000
1776608210.897481680 0.640876234 0.214395747 0.171173722 0.219827473 0.974819958 0.022993168 -0.029550204 -3.774739027 -3.490107298 -18.648395538 0.000000000 0.000000000 -10.000000000
1776608210.902720451 0.640876234 0.214395747 0.171173722 0.219827473 0.974819958 0.022993168 -0.029550204 -3.823413372 -3.530282497 -18.755798340 0.000000000 0.000000000 -10.000000000
1776608210.909230709 0.641426146 0.213592067 0.171220511 0.220078737 0.974799216 0.021788958 -0.029276939 -3.857005358 -3.560630083 -18.847873688 0.000000000 0.000000000 -10.000000000
1776608210.912428141 0.641716301 0.213140801 0.171227396 0.220241547 0.974778712 0.021205980 -0.029161802 -3.875133514 -3.581126213 -18.924459457 0.000000000 0.000000000 -10.000000000
1776608210.917670012 0.641716301 0.213140801 0.171227396 0.220241547 0.974778712 0.021205980 -0.029161802 -3.877506733 -3.591774940 -18.985433578 0.000000000 0.000000000 -10.000000000
1776608210.922417879 0.642318964 0.212138966 0.171202660 0.220599979 0.974726915 0.020080624 -0.028980330 -3.863928080 -3.592610121 -19.030710220 0.000000000 0.000000000 -10.000000000
1776608210.927442789 0.642318964 0.212138966 0.171202660 0.220599979 0.974726915 0.020080624 -0.028980330 -3.834296227 -3.583696842 -19.060243607 0.000000000 0.000000000 -10.000000000
1776608210.932474136 0.642640769 0.211608171 0.171174854 0.220805809 0.974693596 0.019542558 -0.028901011 -3.788609266 -3.565133095 -19.074024200 0.000000000 0.000000000 -10.000000000
1776608210.937496901 0.642964721 0.211063996 0.171138614 0.221040547 0.974652648 0.019017328 -0.028837131 -3.726967335 -3.537050962 -19.072084427 0.000000000 0.000000000 -10.000000000
1776608210.942956448 0.643606186 0.209892794 0.171028018 0.221628398 0.974539995 0.017992301 -0.028791698 -3.649574995 -3.499618053 -19.054496765 0.000000000 0.000000000 -10.000000000
1776608210.947839260 0.643606186 0.209892794 0.171028018 0.221628398 0.974539995 0.017992301 -0.028791698 -3.556741714 -3.453037739 -19.021377563 0.000000000 0.000000000 -10.000000000
1776608210.952525377 0.644246042 0.208636776 0.170907468 0.222359210 0.974388897 0.017031034 -0.028854841 -3.448879957 -3.397547245 -18.972881317 0.000000000 0.000000000 -10.000000000
1776608210.957478285 0.644246042 0.208636776 0.170907468 0.222359210 0.974388897 0.017031034 -0.028854841 -3.326503754 -3.333416939 -18.909210205 0.000000000 0.000000000 -10.000000000
1776608210.962496758 0.644876599 0.207316324 0.170804799 0.223170981 0.974214971 0.016092036 -0.028999176 -3.190222979 -3.260950089 -18.830610275 0.000000000 0.000000000 -10.000000000
1776608210.967480421 0.645209372 0.206636637 0.170772016 0.223590672 0.974124193 0.015627688 -0.029070312 -3.040738821 -3.180482864 -18.737367630 0.000000000 0.000000000 -10.000000000
1776608210.972438574 0.645554423 0.205917314 0.170744032 0.224033073 0.974027812 0.015156757 -0.029142182 -2.878835440 -3.092381716 -18.629819870 0.000000000 0.000000000 -10.000000000
1776608210.977981329 0.645885825 0.205174267 0.170697778 0.224496171 0.973925292 0.014682068 -0.029248441 -2.705370665 -2.997042656 -18.508346558 0.000000000 0.000000000 -10.000000000
1776608210.982949972 0.646171629 0.204415545 0.170627475 0.224963397 0.973819733 0.014186407 -0.029417573 -2.521265745 -2.894890785 -18.373373032 0.000000000 0.000000000 -10.000000000
1776608210.987498283 0.646452427 0.203656062 0.170535386 0.225424737 0.973714590 0.013687605 -0.029601613 -2.327496767 -2.786378622 -18.225372314 0.000000000 0.000000000 -10.000000000
1776608210.993096828 0.646725893 0.202906087 0.170453489 0.225882694 0.973609030 0.013200071 -0.029802527 -2.125085115 -2.671983719 -18.064863205 0.000000000 0.000000000 -10.000000000
1776608210.997544527 0.646988928 0.202164918 0.170365006 0.226335168 0.973503709 0.012718009 -0.030019676 -1.915090919 -2.552206993 -17.892406464 0.000000000 0.000000000 -10.000000000
1776608211.002940655 0.647256553 0.201413244 0.170284212 0.226798162 0.973395169 0.012244375 -0.030240417 -1.698604226 -2.427571058 -17.708608627 0.000000000 0.000000000 -10.000000000
1776608211.007801294 0.647518873 0.200656503 0.170205355 0.227265775 0.973284483 0.011777455 -0.030477131 -1.476735950 -2.298617363 -17.514108658 0.000000000 0.000000000 -10.000000000
1776608211.012981415 0.647775054 0.199924514 0.170123279 0.227722347 0.973175168 0.011329715 -0.030728176 -1.250610590 -2.165903807 -17.309585571 0.000000000 0.000000000 -10.000000000
1776608211.017458200 0.648021817 0.199217543 0.170042574 0.228165403 0.973067880 0.010897511 -0.030995134 -1.021358013 -2.030001640 -17.095746994 0.000000000 0.000000000 -10.000000000
1776608211.023008347 0.648292065 0.198527858 0.169975221 0.228602991 0.972961783 0.010488133 -0.031241115 -0.790107131 -1.891493201 -16.873325348 0.000000000 0.000000000 -10.000000000
1776608211.027971745 0.648564994 0.197850734 0.169917852 0.229041159 0.972854793 0.010099712 -0.031490296 -0.557979643 -1.750970244 -16.643074036 0.000000000 0.000000000 -10.000000000
1776608211.033071280 0.648846626 0.197200656 0.169863254 0.229479417 0.972746968 0.009753859 -0.031739637 -0.326083124 -1.609031677 -16.405765533 0.000000000 0.000000000 -10.000000000
1776608211.037947655 0.648846626 0.197200656 0.169863254 0.229479417 0.972746968 0.009753859 -0.031739637 -0.095501728 -1.466282964 -16.162181854 0.000000000 0.000000000 -10.000000000
1776608211.042944193 0.649350584 0.196020842 0.169728786 0.230343521 0.972528577 0.009182370 -0.032337692 0.132713720 -1.323334694 -15.913105011 0.000000000 0.000000000 -10.000000000
1776608211.048021793 0.649350584 0.196020842 0.169728786 0.230343521 0.972528577 0.009182370 -0.032337692 0.357552737 -1.180802584 -15.659326553 0.000000000 0.000000000 -10.000000000
1776608211.053108692 0.649869561 0.195033908 0.169607967 0.231215432 0.972303212 0.008844201 -0.032979246 0.578049660 -1.039306045 -15.401630402 0.000000000 0.000000000 -10.000000000
1776608211.057971716 0.650122225 0.194616929 0.169553369 0.231646463 0.972189724 0.008752699 -0.033322729 0.793289304 -0.899463952 -15.140799522 0.000000000 0.000000000 -10.000000000
1776608211.063068867 0.650376260 0.194265515 0.169520527 0.232072502 0.972075999 0.008734351 -0.033679932 1.002413511 -0.761889935 -14.877610207 0.000000000 0.000000000 -10.000000000
1776608211.068138599 0.650622904 0.193963066 0.169486254 0.232500628 0.971960008 0.008773748 -0.034061793 1.204628229 -0.627186000 -14.612832069 0.000000000 0.000000000 -10.000000000
1776608211.072971106 0.650868654 0.193733290 0.169454187 0.232922375 0.971843958 0.008880863 -0.034461886 1.399208665 -0.495937526 -14.347226143 0.000000000 0.000000000 -10.000000000
1776608211.077997923 0.651129305 0.193540230 0.169437081 0.233346790 0.971726656 0.009039105 -0.034854542 1.585503697 -0.368709087 -14.081543922 0.000000000 0.000000000 -10.000000000
1776608211.082941055 0.651383162 0.193362743 0.169411749 0.233781025 0.971605480 0.009226063 -0.035272159 1.762939334 -0.246040568 -13.816525459 0.000000000 0.000000000 -10.000000000
1776608211.088068724 0.651593924 0.193228677 0.169386417 0.234195694 0.971486688 0.009432723 -0.035736032 1.931022763 -0.128443018 -13.552897453 0.000000000 0.000000000 -10.000000000
1776608211.092634916 0.651755512 0.193149120 0.169333696 0.234591931 0.971369028 0.009664354 -0.036268368 2.089345455 -0.016394749 -13.291371346 0.000000000 0.000000000 -10.000000000
1776608211.098086357 0.651755512 0.193149120 0.169333696 0.234591931 0.971369028 0.009664354 -0.036268368 2.237584829 0.089662410 -13.032640457 0.000000000 0.000000000 -10.000000000
1776608211.102529526 0.652030826 0.193061978 0.169240624 0.235369056 0.971132040 0.010194793 -0.037416842 2.375501633 0.189325824 -12.777380943 0.000000000 0.000000000 -10.000000000
1776608211.107944012 0.652030826 0.193061978 0.169240624 0.235369056 0.971132040 0.010194793 -0.037416842 2.502940178 0.282233447 -12.526247025 0.000000000 0.000000000 -10.000000000
1776608211.112434626 0.652244449 0.193035513 0.169128746 0.236106634 0.970898926 0.010743419 -0.038645539 2.619824886 0.368064344 -12.279872894 0.000000000 0.000000000 -10.000000000
1776608211.117530107 0.652244449 0.193035513 0.169128746 0.236106634 0.970898926 0.010743419 -0.038645539 2.726158381 0.446539938 -12.038872719 0.000000000 0.000000000 -10.000000000
1776608211.122724533 0.652386785 0.193098769 0.169025898 0.236758336 0.970681787 0.011278295 -0.039938834 2.822017908 0.517425120 -11.803840637 0.000000000 0.000000000 -10.000000000
1776608211.127441168 0.652455509 0.193160698 0.169000685 0.237046957 0.970581532 0.011546631 -0.040582731 2.907549858 0.580528200 -11.575349808 0.000000000 0.000000000 -10.000000000
1776608211.132506371 0.652455509 0.193160698 0.169000685 0.237046957 0.970581532 0.011546631 -0.040582731 2.982965469 0.635698855 -11.353952408 0.000000000 0.000000000 -10.000000000
1776608211.137611389 0.652510226 0.193238124 0.168985099 0.237307653 0.970487535 0.011799693 -0.041227974 3.048534393 0.682825267 -11.140181541 0.000000000 0.000000000 -10.000000000
1776608211.142434120 0.652524948 0.193327621 0.168963999 0.237532720 0.970400870 0.012022224 -0.041902795 3.104578495 0.721830845 -10.934545517 0.000000000 0.000000000 -10.000000000
1776608211.147436142 0.652518511 0.193427041 0.168936551 0.237737939 0.970317900 0.012231039 -0.042594004 3.151463270 0.752671540 -10.737532616 0.000000000 0.000000000 -10.000000000
1776608211.152478933 0.652495027 0.193556234 0.168912321 0.237903446 0.970243752 0.012430101 -0.043295547 3.189588547 0.775332630 -10.549609184 0.000000000 0.000000000 -10.000000000
1776608211.157464504 0.652464986 0.193724647 0.168867588 0.238021374 0.970181167 0.012615479 -0.043990754 3.219379663 0.789824784 -10.371221542 0.000000000 0.000000000 -10.000000000
1776608211.162501335 0.652422965 0.193913609 0.168816477 0.238105953 0.970126569 0.012785747 -0.044682652 3.241280317 0.796179295 -10.202794075 0.000000000 0.000000000 -10.000000000
1776608211.167571306 0.652381659 0.194116533 0.168770969 0.238161713 0.970079184 0.012944669 -0.045363266 3.255743504 0.794443607 -10.044734955 0.000000000 0.000000000 -10.000000000
1776608211.173144817 0.652348697 0.194333285 0.168740451 0.238191634 0.970038891 0.013098054 -0.046019182 3.263227463 0.784677505 -9.897430420 0.000000000 0.000000000 -10.000000000
1776608211.177812815 0.652375519 0.194866657 0.168746114 0.238143310 0.969990551 0.013430950 -0.047177281 3.264186859 0.766949892 -9.761248589 0.000000000 0.000000000 -10.000000000
1776608211.182387114 0.652381063 0.195181891 0.168748021 0.238065124 0.969980061 0.013587533 -0.047739502 3.259068489 0.741335690 -9.636536598 0.000000000 0.000000000 -10.000000000
1776608211.187802315 0.652381063 0.195181891 0.168748021 0.238065124 0.969980061 0.013587533 -0.047739502 3.248304129 0.707913101 -9.523618698 0.000000000 0.000000000 -10.000000000
1776608211.192587376 0.652269900 0.195875853 0.168685704 0.237825498 0.969973445 0.013846491 -0.048977830 3.232305765 0.666762233 -9.422791481 0.000000000 0.000000000 -10.000000000
1776608211.199630260 0.652269900 0.195875853 0.168685704 0.237825498 0.969973445 0.013846491 -0.048977830 3.211461306 0.617963850 -9.334326744 0.000000000 0.000000000 -10.000000000
1776608211.203002214 0.652110636 0.196721792 0.168635488 0.237485006 0.969987512 0.014157452 -0.050246298 3.186132669 0.561598659 -9.258467674 0.000000000 0.000000000 -10.000000000
1776608211.207907677 0.652014256 0.197219014 0.168632209 0.237268493 0.970004439 0.014343554 -0.050885629 3.156654358 0.497746676 -9.195426941 0.000000000 0.000000000 -10.000000000
1776608211.212590933 0.651898444 0.197750360 0.168658316 0.237029463 0.970025599 0.014544221 -0.051534966 3.123334408 0.426486939 -9.145391464 0.000000000 0.000000000 -10.000000000
1776608211.217501640 0.651898444 0.197750360 0.168658316 0.237029463 0.970025599 0.014544221 -0.051534966 3.086453438 0.347897798 -9.108517647 0.000000000 0.000000000 -10.000000000
1776608211.222968102 0.651806712 0.198332474 0.168720901 0.236765832 0.970053375 0.014787384 -0.052151229 3.046266317 0.262058616 -9.084928513 0.000000000 0.000000000 -10.000000000
1776608211.228104115 0.651655018 0.199726149 0.168900460 0.236150250 0.970129013 0.015449754 -0.053329356 3.002998829 0.169050768 -9.074716568 0.000000000 0.000000000 -10.000000000
1776608211.232718229 0.651655018 0.199726149 0.168900460 0.236150250 0.970129013 0.015449754 -0.053329356 2.956850290 0.068957262 -9.077936172 0.000000000 0.000000000 -10.000000000
1776608211.237943411 0.651395857 0.201340795 0.168991923 0.235460535 0.970211923 0.016234569 -0.054622263 2.907994509 -0.038139448 -9.094607353 0.000000000 0.000000000 -10.000000000
1776608211.242517233 0.651244938 0.202208251 0.169048011 0.235102907 0.970253289 0.016675526 -0.055291217 2.856584311 -0.152160257 -9.124709129 0.000000000 0.000000000 -10.000000000
1776608211.247529745 0.651244938 0.202208251 0.169048011 0.235102907 0.970253289 0.016675526 -0.055291217 2.802756548 -0.273029745 -9.168188095 0.000000000 0.000000000 -10.000000000
1776608211.252552986 0.651120603 0.203118950 0.169124186 0.234743387 0.970295131 0.017174674 -0.055928152 2.746637583 -0.400674194 -9.224954605 0.000000000 0.000000000 -10.000000000
1776608211.257559061 0.651024818 0.204122201 0.169220209 0.234364018 0.970340908 0.017775407 -0.056534126 2.688349009 -0.535019398 -9.294886589 0.000000000 0.000000000 -10.000000000
1776608211.263089418 0.650945604 0.206077769 0.169457495 0.233673885 0.970424116 0.018952843 -0.057570685 2.628015041 -0.675987422 -9.377826691 0.000000000 0.000000000 -10.000000000
1776608211.267590046 0.650945604 0.206077769 0.169457495 0.233673885 0.970424116 0.018952843 -0.057570685 2.565773010 -0.823489249 -9.473586082 0.000000000 0.000000000 -10.000000000
1776608211.272439480 0.650995135 0.207983330 0.169697464 0.233102471 0.970492661 0.020023856 -0.058363765 2.501784086 -0.977413893 -9.581938744 0.000000000 0.000000000 -10.000000000
1776608211.277528286 0.650995135 0.207983330 0.169697464 0.233102471 0.970492661 0.020023856 -0.058363765 2.436239719 -1.137621880 -9.702629089 0.000000000 0.000000000 -10.000000000
1776608211.282935858 0.651066422 0.208916977 0.169807523 0.232843965 0.970528305 0.020475389 -0.058644805 2.369364977 -1.303943038 -9.835365295 0.000000000 0.000000000 -10.000000000
1776608211.287482023 0.651331544 0.210592076 0.169961065 0.232415721 0.970601499 0.021075254 -0.058919761 2.301418304 -1.476177692 -9.979829788 0.000000000 0.000000000 -10.000000000
1776608211.292422771 0.651331544 0.210592076 0.169961065 0.232415721 0.970601499 0.021075254 -0.058919761 2.232694149 -1.654099941 -10.135677338 0.000000000 0.000000000 -10.000000000
1776608211.297594070 0.651620865 0.211380184 0.170076132 0.232225925 0.970646977 0.021341162 -0.058822718 2.163526297 -1.837462306 -10.302537918 0.000000000 0.000000000 -10.000000000
1776608211.302434206 0.652346194 0.212948561 0.170299977 0.231934577 0.970730603 0.021881273 -0.058392167 2.094290972 -2.026002169 -10.480017662 0.000000000 0.000000000 -10.000000000
1776608211.307389975 0.652346194 0.212948561 0.170299977 0.231934577 0.970730603 0.021881273 -0.058392167 2.025407791 -2.219447374 -10.667693138 0.000000000 0.000000000 -10.000000000
1776608211.312467098 0.653341889 0.214390635 0.170553833 0.231769994 0.970805407 0.022410158 -0.057595752 1.957334280 -2.417520285 -10.865118980 0.000000000 0.000000000 -10.000000000
1776608211.317528009 0.653341889 0.214390635 0.170553833 0.231769994 0.970805407 0.022410158 -0.057595752 1.890559912 -2.619940519 -11.071823120 0.000000000 0.000000000 -10.000000000
1776608211.322434187 0.654414415 0.215899780 0.170815527 0.231600150 0.970884860 0.023023721 -0.056690909 1.825597763 -2.826422930 -11.287310600 0.000000000 0.000000000 -10.000000000
1776608211.327924967 0.654951930 0.216698349 0.170954704 0.231497973 0.970927179 0.023382405 -0.056234393 1.762974381 -3.036676645 -11.511062622 0.000000000 0.000000000 -10.000000000
1776608211.332983255 0.655455172 0.217487767 0.171083331 0.231397763 0.970966995 0.023729229 -0.055813104 1.703219652 -3.250404596 -11.742539406 0.000000000 0.000000000 -10.000000000
1776608211.337975979 0.655953467 0.218289852 0.171244502 0.231274515 0.971011698 0.024091655 -0.055388939 1.646857262 -3.467300177 -11.981181145 0.000000000 0.000000000 -10.000000000
1776608211.343016624 0.656422317 0.219120026 0.171414763 0.231120512 0.971061170 0.024476938 -0.054994851 1.594394326 -3.687042475 -12.226407051 0.000000000 0.000000000 -10.000000000
1776608211.347856045 0.656832337 0.219945356 0.171566516 0.230966419 0.971105695 0.024866646 -0.054680020 1.546311140 -3.909291267 -12.477621078 0.000000000 0.000000000 -10.000000000
1776608211.352744818 0.657262444 0.220709607 0.171736419 0.230834603 0.971145451 0.025256215 -0.054350510 1.503049970 -4.133683205 -12.734211922 0.000000000 0.000000000 -10.000000000
1776608211.357938290 0.657701969 0.221426383 0.171904355 0.230736822 0.971176624 0.025650542 -0.054023255 1.465007663 -4.359826565 -12.995554924 0.000000000 0.000000000 -10.000000000
1776608211.362976313 0.658132255 0.222071946 0.172051042 0.230671629 0.971199512 0.026014458 -0.053716019 1.432531834 -4.587301731 -13.261008263 0.000000000 0.000000000 -10.000000000
1776608211.367872477 0.658585846 0.222675353 0.172224134 0.230644599 0.971213162 0.026404232 -0.053393759 1.405919194 -4.815656662 -13.529915810 0.000000000 0.000000000 -10.000000000
1776608211.372896433 0.659058750 0.223245740 0.172403663 0.230629981 0.971223950 0.026807750 -0.053058736 1.385416031 -5.044409275 -13.801599503 0.000000000 0.000000000 -10.000000000
1776608211.377899647 0.659058750 0.223245740 0.172403663 0.230629981 0.971223950 0.026807750 -0.053058736 1.371220469 -5.273045540 -14.075366020 0.000000000 0.000000000 -10.000000000
1776608211.383078575 0.660025895 0.224311337 0.172779560 0.230625331 0.971240461 0.027601274 -0.052365322 1.363484979 -5.501023293 -14.350500107 0.000000000 0.000000000 -10.000000000
1776608211.387917757 0.660025895 0.224311337 0.172779560 0.230625331 0.971240461 0.027601274 -0.052365322 1.362321138 -5.727769852 -14.626267433 0.000000000 0.000000000 -10.000000000
1776608211.392715693 0.660956383 0.225244686 0.173082083 0.230673268 0.971242070 0.028329451 -0.051731132 1.367805362 -5.952688694 -14.901910782 0.000000000 0.000000000 -10.000000000
1776608211.397637129 0.660956383 0.225244686 0.173082083 0.230673268 0.971242070 0.028329451 -0.051731132 1.379985690 -6.175155163 -15.176652908 0.000000000 0.000000000 -10.000000000
1776608211.402507067 0.661994338 0.225863695 0.173348248 0.230840743 0.971222222 0.028950816 -0.051007546 1.398888826 -6.394517422 -15.449692726 0.000000000 0.000000000 -10.000000000
1776608211.407888651 0.662536979 0.226033390 0.173459768 0.230949596 0.971209645 0.029186117 -0.050619163 1.424526930 -6.610094070 -15.720208168 0.000000000 0.000000000 -10.000000000
1776608211.412522316 0.663123548 0.226131693 0.173571140 0.231080860 0.971194685 0.029397290 -0.050182436 1.456902862 -6.821176052 -15.987357140 0.000000000 0.000000000 -10.000000000
1776608211.417468786 0.663123548 0.226131693 0.173571140 0.231080860 0.971194685 0.029397290 -0.050182436 1.496014833 -7.027025700 -16.250274658 0.000000000 0.000000000 -10.000000000
1776608211.422930479 0.663763702 0.226150319 0.173672944 0.231232941 0.971179187 0.029568110 -0.049679026 1.541860580 -7.226883411 -16.508075714 0.000000000 0.000000000 -10.000000000
1776608211.427955866 0.664405286 0.226090834 0.173747391 0.231385693 0.971165419 0.029677643 -0.049168997 1.594441891 -7.419966698 -16.759855270 0.000000000 0.000000000 -10.000000000
1776608211.432900190 0.664405286 0.226090834 0.173747391 0.231385693 0.971165419 0.029677643 -0.049168997 1.653766036 -7.605475426 -17.004697800 0.000000000 0.000000000 -10.000000000
1776608211.437644482 0.666736841 0.225605607 0.173947692 0.231914267 0.971132636 0.029908273 -0.047145784 1.719840407 -7.782606125 -17.241682053 0.000000000 0.000000000 -10.000000000
1776608211.442892313 0.666736841 0.225605607 0.173947692 0.231914267 0.971132636 0.029908273 -0.047145784 1.792669892 -7.950560093 -17.469896317 0.000000000 0.000000000 -10.000000000
1776608211.448245287 0.668546498 0.225016534 0.174022168 0.232383385 0.971099138 0.029929830 -0.045482665 1.872258306 -8.108547211 -17.688428879 0.000000000 0.000000000 -10.000000000
1776608211.452607155 0.669574201 0.224636897 0.174040377 0.232664213 0.971077383 0.029917235 -0.044508535 1.958610415 -8.255786896 -17.896373749 0.000000000 0.000000000 -10.000000000
1776608211.457555294 0.670624197 0.224187478 0.174023002 0.232979491 0.971048832 0.029858228 -0.043511342 2.051726580 -8.391511917 -18.092826843 0.000000000 0.000000000 -10.000000000
1776608211.462491989 0.671717823 0.223693475 0.174000949 0.233330503 0.971012652 0.029795075 -0.042468935 2.151596308 -8.514982224 -18.276901245 0.000000000 0.000000000 -10.000000000
1776608211.467466116 0.672846437 0.223123536 0.173955292 0.233722210 0.970968306 0.029688369 -0.041389380 2.258189917 -8.625493050 -18.447738647 0.000000000 0.000000000 -10.000000000
1776608211.472556114 0.672846437 0.223123536 0.173955292 0.233722210 0.970968306 0.029688369 -0.041389380 2.371447325 -8.722385406 -18.604505539 0.000000000 0.000000000 -10.000000000
1776608211.477525949 0.674029529 0.222508118 0.173912704 0.234144986 0.970918059 0.029572252 -0.040245242 2.491270065 -8.805055618 -18.746416092 0.000000000 0.000000000 -10.000000000
1776608211.482503891 0.676471770 0.221083865 0.173813999 0.235119298 0.970785797 0.029288985 -0.037894461 2.617511272 -8.872967720 -18.872734070 0.000000000 0.000000000 -10.000000000
1776608211.487494707 0.676471770 0.221083865 0.173813999 0.235119298 0.970785797 0.029288985 -0.037894461 2.749969482 -8.925660133 -18.982782364 0.000000000 0.000000000 -10.000000000
1776608211.492503405 0.678935587 0.219519839 0.173742294 0.236245722 0.970605850 0.029073453 -0.035594430 2.888380289 -8.962754250 -19.075954437 0.000000000 0.000000000 -10.000000000
1776608211.497557163 0.680150688 0.218735263 0.173695415 0.236837313 0.970503449 0.029007645 -0.034491837 3.032413006 -8.983958244 -19.151716232 0.000000000 0.000000000 -10.000000000
1776608211.502479553 0.680150688 0.218735263 0.173695415 0.236837313 0.970503449 0.029007645 -0.034491837 3.181665182 -8.989077568 -19.209621429 0.000000000 0.000000000 -10.000000000
1776608211.507444620 0.681342900 0.217947125 0.173678488 0.237455040 0.970390081 0.028983301 -0.033438206 3.335662603 -8.978012085 -19.249301910 0.000000000 0.000000000 -10.000000000
1776608211.512489557 0.683550894 0.216412783 0.173627377 0.238716573 0.970140159 0.029040715 -0.031608552 3.493855000 -8.950757980 -19.270486832 0.000000000 0.000000000 -10.000000000
1776608211.517498732 0.684390545 0.215748712 0.173565418 0.239318460 0.970007956 0.029110383 -0.031045701 3.655607939 -8.907405853 -19.272996902 0.000000000 0.000000000 -10.000000000
1776608211.522999525 0.685175955 0.215120971 0.173545659 0.239911273 0.969873011 0.029231038 -0.030568352 3.820193768 -8.848131180 -19.256746292 0.000000000 0.000000000 -10.000000000
1776608211.527931213 0.685175955 0.215120971 0.173545659 0.239911273 0.969873011 0.029231038 -0.030568352 3.986787796 -8.773191452 -19.221752167 0.000000000 0.000000000 -10.000000000
1776608211.532936335 0.686438739 0.213768139 0.173503727 0.241011605 0.969609320 0.029461708 -0.030052479 4.154474258 -8.682921410 -19.168123245 0.000000000 0.000000000 -10.000000000
1776608211.538005829 0.686713696 0.213085994 0.173440278 0.241509140 0.969477832 0.029514315 -0.030248092 4.322253704 -8.577720642 -19.096063614 0.000000000 0.000000000 -10.000000000
1776608211.542970657 0.686889350 0.212408528 0.173383296 0.241965920 0.969351590 0.029570116 -0.030586898 4.489053249 -8.458039284 -19.005874634 0.000000000 0.000000000 -10.000000000
1776608211.547960997 0.686995089 0.211765349 0.173345804 0.242341802 0.969241977 0.029645424 -0.031008940 4.653737545 -8.324368477 -18.897941589 0.000000000 0.000000000 -10.000000000
1776608211.552810431 0.686993301 0.211159423 0.173304230 0.242624253 0.969151616 0.029714955 -0.031554509 4.815121651 -8.177231789 -18.772737503 0.000000000 0.000000000 -10.000000000
1776608211.557959795 0.686993301 0.211159423 0.173304230 0.242624253 0.969151616 0.029714955 -0.031554509 4.971991539 -8.017183304 -18.630813599 0.000000000 0.000000000 -10.000000000
1776608211.562448502 0.686658978 0.210050315 0.173217088 0.243035004 0.968995452 0.029837219 -0.033039231 5.123120308 -7.844810486 -18.472789764 0.000000000 0.000000000 -10.000000000
1776608211.567949533 0.686658978 0.210050315 0.173217088 0.243035004 0.968995452 0.029837219 -0.033039231 5.267293453 -7.660727501 -18.299354553 0.000000000 0.000000000 -10.000000000
1776608211.572438955 0.686113119 0.209083110 0.173067868 0.243275523 0.968867898 0.030019006 -0.034797013 5.403324604 -7.465573788 -18.111248016 0.000000000 0.000000000 -10.000000000
1776608211.577838898 0.685820520 0.208635807 0.172998011 0.243366644 0.968807936 0.030149963 -0.035705637 5.530076504 -7.260011673 -17.909259796 0.000000000 0.000000000 -10.000000000
1776608211.582962990 0.685820520 0.208635807 0.172998011 0.243366644 0.968807936 0.030149963 -0.035705637 5.646477699 -7.044724941 -17.694219589 0.000000000 0.000000000 -10.000000000
1776608211.588082790 0.685308516 0.207670674 0.172889560 0.243666559 0.968656838 0.030464074 -0.037449297 5.751540184 -6.820421696 -17.466985703 0.000000000 0.000000000 -10.000000000
1776608211.592919350 0.685308516 0.207670674 0.172889560 0.243666559 0.968656838 0.030464074 -0.037449297 5.844376564 -6.587831974 -17.228443146 0.000000000 0.000000000 -10.000000000
1776608211.597453833 0.685096860 0.207159683 0.172864854 0.243870392 0.968567014 0.030659800 -0.038277432 5.924213886 -6.347708702 -16.979496002 0.000000000 0.000000000 -10.000000000
1776608211.602946520 0.684929729 0.206646830 0.172847807 0.244137958 0.968460679 0.030898996 -0.039061978 5.990404129 -6.100825310 -16.721052170 0.000000000 0.000000000 -10.000000000
1776608211.607973814 0.684720635 0.205632091 0.172797978 0.244742498 0.968231022 0.031467836 -0.040491246 6.042432785 -5.847973824 -16.454029083 0.000000000 0.000000000 -10.000000000
1776608211.613077164 0.684661984 0.205140293 0.172779977 0.245089322 0.968105137 0.031793058 -0.041144617 6.079926014 -5.589963436 -16.179336548 0.000000000 0.000000000 -10.000000000
1776608211.618404150 0.684618592 0.204649687 0.172762156 0.245421261 0.967983544 0.032123480 -0.041765869 6.102654457 -5.327619553 -15.897876740 0.000000000 0.000000000 -10.000000000
1776608211.623030424 0.684621572 0.204128265 0.172735602 0.245780975 0.967856646 0.032455076 -0.042330634 6.110537529 -5.061777115 -15.610541344 0.000000000 0.000000000 -10.000000000
1776608211.627554178 0.684624970 0.203578725 0.172715992 0.246163011 0.967724800 0.032768179 -0.042880025 6.103643417 -4.793275833 -15.318204880 0.000000000 0.000000000 -10.000000000
1776608211.632715702 0.684624970 0.203578725 0.172715992 0.246163011 0.967724800 0.032768179 -0.042880025 6.082183838 -4.522948742 -15.021721840 0.000000000 0.000000000 -10.000000000
1776608211.637554169 0.684736013 0.202324316 0.172682643 0.246924505 0.967469573 0.033329822 -0.043817647 6.046508312 -4.251618385 -14.721921921 0.000000000 0.000000000 -10.000000000
1776608211.643095255 0.684798241 0.201619908 0.172637761 0.247317061 0.967341661 0.033547446 -0.044259746 5.997097492 -3.980090141 -14.419608116 0.000000000 0.000000000 -10.000000000
1776608211.647874355 0.684839189 0.200863421 0.172574937 0.247682333 0.967222571 0.033698916 -0.044702914 5.934548378 -3.709148407 -14.115557671 0.000000000 0.000000000 -10.000000000
1776608211.652979136 0.684839189 0.200863421 0.172574937 0.247682333 0.967222571 0.033698916 -0.044702914 5.859563828 -3.439548731 -13.810513496 0.000000000 0.000000000 -10.000000000
1776608211.657442808 0.684861660 0.199288815 0.172468483 0.248283014 0.967022300 0.033862721 -0.045570791 5.772934437 -3.172013521 -13.505190849 0.000000000 0.000000000 -10.000000000
1776608211.662888765 0.684861660 0.199288815 0.172468483 0.248283014 0.967022300 0.033862721 -0.045570791 5.675525188 -2.907227039 -13.200267792 0.000000000 0.000000000 -10.000000000
1776608211.667441607 0.684710264 0.197702229 0.172324628 0.248696402 0.966869235 0.033867672 -0.046550978 5.568254948 -2.645833015 -12.896389008 0.000000000 0.000000000 -10.000000000
1776608211.672436237 0.684710264 0.197702229 0.172324628 0.248696402 0.966869235 0.033867672 -0.046550978 5.452083111 -2.388432264 -12.594163895 0.000000000 0.000000000 -10.000000000
1776608211.677557468 0.684549034 0.196878448 0.172231108 0.248853415 0.966804564 0.033786047 -0.047110967 5.327990055 -2.135582447 -12.294165611 0.000000000 0.000000000 -10.000000000
1776608211.682543039 0.684134662 0.195232734 0.172053099 0.249104366 0.966689646 0.033567134 -0.048284218 5.196964264 -1.887795091 -11.996933937 0.000000000 0.000000000 -10.000000000
1776608211.687449455 0.684134662 0.195232734 0.172053099 0.249104366 0.966689646 0.033567134 -0.048284218 5.059988499 -1.645535350 -11.702969551 0.000000000 0.000000000 -10.000000000
1776608211.692433119 0.683570087 0.193531394 0.171907246 0.249336407 0.966574788 0.033263024 -0.049579356 4.918027401 -1.409222484 -11.412740707 0.000000000 0.000000000 -10.000000000
1776608211.697522402 0.683570087 0.193531394 0.171907246 0.249336407 0.966574788 0.033263024 -0.049579356 4.772018909 -1.179232240 -11.126675606 0.000000000 0.000000000 -10.000000000
1776608211.702561617 0.683249533 0.192663893 0.171823084 0.249462992 0.966512799 0.033093613 -0.050260298 4.622869492 -0.955900669 -10.845167160 0.000000000 0.000000000 -10.000000000
1776608211.708006620 0.682931483 0.191833109 0.171740949 0.249588162 0.966450274 0.032948840 -0.050930794 4.471450329 -0.739529252 -10.568569183 0.000000000 0.000000000 -10.000000000
1776608211.713073015 0.682349622 0.190316156 0.171597838 0.249844044 0.966322184 0.032801259 -0.052187223 4.318598270 -0.530391216 -10.297198296 0.000000000 0.000000000 -10.000000000
1776608211.718040705 0.682089031 0.189613476 0.171543211 0.249966800 0.966259599 0.032786004 -0.052764058 4.165117264 -0.328736275 -10.031332016 0.000000000 0.000000000 -10.000000000
1776608211.722979546 0.681836724 0.188948497 0.171488881 0.250118613 0.966188312 0.032814637 -0.053329054 4.011780262 -0.134794474 -9.771210670 0.000000000 0.000000000 -10.000000000
1776608211.728019476 0.681656003 0.188310370 0.171433032 0.250291765 0.966113687 0.032907125 -0.053809773 3.859328747 0.051222403 -9.517040253 0.000000000 0.000000000 -10.000000000
1776608211.733656168 0.681656003 0.188310370 0.171433032 0.250291765 0.966113687 0.032907125 -0.053809773 3.708474398 0.229120240 -9.268987656 0.000000000 0.000000000 -10.000000000
1776608211.738023520 0.681506515 0.187007904 0.171291769 0.250745535 0.965946198 0.033191040 -0.054524913 3.559899569 0.398721695 -9.027189255 0.000000000 0.000000000 -10.000000000
1776608211.746359348 0.681503356 0.186334848 0.171201646 0.251009732 0.965857089 0.033348925 -0.054790687 3.414259434 0.559865534 -8.791747093 0.000000000 0.000000000 -10.000000000
1776608211.748038054 0.681542218 0.185652539 0.171108365 0.251298040 0.965763927 0.033524379 -0.055004504 3.272182226 0.712408006 -8.562726974 0.000000000 0.000000000 -10.000000000
1776608211.753006220 0.681633413 0.184955448 0.171020418 0.251620054 0.965665877 0.033698387 -0.055147067 3.134269714 0.856226444 -8.340167999 0.000000000 0.000000000 -10.000000000
1776608211.757916689 0.681633413 0.184955448 0.171020418 0.251620054 0.965665877 0.033698387 -0.055147067 3.001092911 0.991223633 -8.124076843 0.000000000 0.000000000 -10.000000000
1776608211.762459993 0.681766868 0.184267491 0.170955092 0.251924276 0.965575099 0.033890639 -0.055229474 2.873187065 1.117331982 -7.914435387 0.000000000 0.000000000 -10.000000000
1776608211.767464638 0.681935310 0.183577329 0.170922816 0.252204001 0.965494454 0.034082346 -0.055244785 2.751045942 1.234515905 -7.711205959 0.000000000 0.000000000 -10.000000000
1776608211.773114681 0.682222605 0.182194084 0.170838833 0.252736509 0.965341866 0.034402795 -0.055279013 2.635118484 1.342774272 -7.514331341 0.000000000 0.000000000 -10.000000000
1776608211.777512312 0.682222605 0.182194084 0.170838833 0.252736509 0.965341866 0.034402795 -0.055279013 2.525804520 1.442140579 -7.323737621 0.000000000 0.000000000 -10.000000000
1776608211.783006907 0.682508707 0.180756986 0.170651704 0.253214121 0.965210378 0.034623168 -0.055251632 2.423456192 1.532684565 -7.139334202 0.000000000 0.000000000 -10.000000000
1776608211.787476778 0.682653666 0.180033267 0.170559108 0.253427625 0.965153575 0.034716085 -0.055206917 2.328374386 1.614511251 -6.961017609 0.000000000 0.000000000 -10.000000000
1776608211.792478561 0.682653666 0.180033267 0.170559108 0.253427625 0.965153575 0.034716085 -0.055206917 2.240808725 1.687761664 -6.788675308 0.000000000 0.000000000 -10.000000000
1776608211.797503948 0.682839930 0.179320455 0.170496166 0.253625780 0.965103447 0.034836575 -0.055097651 2.160957098 1.752610326 -6.622186661 0.000000000 0.000000000 -10.000000000
1776608211.802446365 0.683044910 0.178605750 0.170447648 0.253820151 0.965056777 0.034953568 -0.054944854 2.088964224 1.809262037 -6.461427212 0.000000000 0.000000000 -10.000000000
1776608211.808108091 0.683231056 0.177888349 0.170397490 0.254004747 0.965012729 0.035056025 -0.054800879 2.024919987 1.857951522 -6.306268215 0.000000000 0.000000000 -10.000000000
1776608211.812755346 0.683575213 0.176523894 0.170249015 0.254357159 0.964928508 0.035263054 -0.054515243 1.968857765 1.898943186 -6.156577587 0.000000000 0.000000000 -10.000000000
1776608211.818072557 0.683722496 0.175863951 0.170144707 0.254511625 0.964891672 0.035355732 -0.054385725 1.920752645 1.932531834 -6.012223244 0.000000000 0.000000000 -10.000000000
1776608211.822981596 0.683828294 0.175208300 0.170033872 0.254658937 0.964855790 0.035420936 -0.054290377 1.880522132 1.959042549 -5.873071671 0.000000000 0.000000000 -10.000000000
1776608211.827494144 0.683902681 0.174567372 0.169935703 0.254790187 0.964822948 0.035482381 -0.054218039 1.848026276 1.978829265 -5.738990784 0.000000000 0.000000000 -10.000000000
1776608211.832980156 0.683968902 0.173925847 0.169881344 0.254921973 0.964790642 0.035540678 -0.054135866 1.823068380 1.992273450 -5.609852791 0.000000000 0.000000000 -10.000000000
1776608211.838094473 0.683981240 0.173255384 0.169839084 0.255074769 0.964751363 0.035561882 -0.054102480 1.805394888 1.999783754 -5.485533714 0.000000000 0.000000000 -10.000000000
1776608211.843150616 0.683948398 0.172562480 0.169782043 0.255228281 0.964710474 0.035550985 -0.054114401 1.794697881 2.001794100 -5.365916252 0.000000000 0.000000000 -10.000000000
1776608211.848039150 0.683875084 0.171877727 0.169710696 0.255388826 0.964665473 0.035531193 -0.054172371 1.790617704 1.998761058 -5.250888824 0.000000000 0.000000000 -10.000000000
1776608211.853059292 0.683779716 0.171185195 0.169631779 0.255572438 0.964613497 0.035500854 -0.054251462 1.792748332 1.991159081 -5.140344143 0.000000000 0.000000000 -10.000000000
1776608211.858864546 0.683649242 0.170481697 0.169559270 0.255747527 0.964563549 0.035445042 -0.054350939 1.800644159 1.979475021 -5.034181595 0.000000000 0.000000000 -10.000000000
1776608211.862614393 0.683479965 0.169742212 0.169484556 0.255930275 0.964511216 0.035348918 -0.054481905 1.813828230 1.964203715 -4.932302475 0.000000000 0.000000000 -10.000000000
1776608211.868035316 0.683297634 0.169017643 0.169418514 0.256124407 0.964456260 0.035241917 -0.054611985 1.831800818 1.945843935 -4.834612846 0.000000000 0.000000000 -10.000000000
1776608211.872719288 0.683297634 0.169017643 0.169418514 0.256124407 0.964456260 0.035241917 -0.054611985 1.854047179 1.924895406 -4.741020679 0.000000000 0.000000000 -10.000000000
1776608211.878904581 0.682930052 0.167486936 0.169278443 0.256482005 0.964361548 0.034913551 -0.054816380 1.880045414 1.901856065 -4.651436329 0.000000000 0.000000000 -10.000000000
1776608211.883182526 0.682930052 0.167486936 0.169278443 0.256482005 0.964361548 0.034913551 -0.054816380 1.909273744 1.877217889 -4.565771580 0.000000000 0.000000000 -10.000000000
1776608211.887486458 0.682574391 0.165829316 0.169096977 0.256841660 0.964277208 0.034419823 -0.054928292 1.941218853 1.851459861 -4.483937263 0.000000000 0.000000000 -10.000000000
1776608211.892508030 0.682574391 0.165829316 0.169096977 0.256841660 0.964277208 0.034419823 -0.054928292 1.975384235 1.825040817 -4.405842781 0.000000000 0.000000000 -10.000000000
1776608211.897506714 0.682279110 0.164137423 0.168908358 0.257142127 0.964220941 0.033831831 -0.054875221 2.011295319 1.798392653 -4.331397057 0.000000000 0.000000000 -10.000000000
1776608211.903160810 0.682201862 0.163277328 0.168815881 0.257310659 0.964194059 0.033534013 -0.054740205 2.048501968 1.771916032 -4.260505199 0.000000000 0.000000000 -10.000000000
1776608211.908232689 0.682187438 0.162501976 0.168750226 0.257463336 0.964173257 0.033315036 -0.054522566 2.086578846 1.745973468 -4.193070889 0.000000000 0.000000000 -10.000000000
1776608211.913039684 0.682187438 0.162501976 0.168750226 0.257463336 0.964173257 0.033315036 -0.054522566 2.125127077 1.720883250 -4.128993988 0.000000000 0.000000000 -10.000000000
1776608211.917766094 0.682184041 0.161048323 0.168616652 0.257745296 0.964138508 0.032947898 -0.054025624 2.163774967 1.696915627 -4.068172455 0.000000000 0.000000000 -10.000000000
1776608211.923049688 0.682173789 0.160372108 0.168543249 0.257875949 0.964124024 0.032773688 -0.053765871 2.202175617 1.674290776 -4.010501862 0.000000000 0.000000000 -10.000000000
1776608211.927546978 0.682182014 0.159736544 0.168485850 0.258014143 0.964107871 0.032633178 -0.053476557 2.240004539 1.653176427 -3.955874443 0.000000000 0.000000000 -10.000000000
1776608211.933266640 0.682182014 0.159736544 0.168485850 0.258014143 0.964107871 0.032633178 -0.053476557 2.276956320 1.633687615 -3.904178619 0.000000000 0.000000000 -10.000000000
1776608211.938162327 0.682179987 0.158643737 0.168374270 0.258209795 0.964093506 0.032459959 -0.052893627 2.312744617 1.615890384 -3.855299711 0.000000000 0.000000000 -10.000000000
1776608211.943118095 0.682138622 0.158116013 0.168335110 0.258306921 0.964084804 0.032370389 -0.052632410 2.347102404 1.599805236 -3.809123039 0.000000000 0.000000000 -10.000000000
1776608211.948006868 0.682092905 0.157622427 0.168289006 0.258408725 0.964074790 0.032290600 -0.052364163 2.379783392 1.585412741 -3.765535355 0.000000000 0.000000000 -10.000000000
1776608211.953091621 0.682007551 0.157173082 0.168251157 0.258507907 0.964063585 0.032211300 -0.052129030 2.410562277 1.572658658 -3.724426270 0.000000000 0.000000000 -10.000000000
1776608211.958078146 0.681893528 0.156765431 0.168209463 0.258610487 0.964049637 0.032141183 -0.051921640 2.439233541 1.561458468 -3.685692310 0.000000000 0.000000000 -10.000000000
1776608211.963070631 0.681790113 0.156388536 0.168179870 0.258706540 0.964037716 0.032092337 -0.051693708 2.465608120 1.551702023 -3.649236202 0.000000000 0.000000000 -10.000000000
1776608211.969339132 0.681688428 0.156053916 0.168148100 0.258791357 0.964028239 0.032071460 -0.051458452 2.489513874 1.543259382 -3.614967585 0.000000000 0.000000000 -10.000000000
1776608211.973678589 0.681573868 0.155755788 0.168139547 0.258869112 0.964019954 0.032066744 -0.051225748 2.510793209 1.535985112 -3.582801580 0.000000000 0.000000000 -10.000000000
1776608211.978214502 0.681450069 0.155506402 0.168135554 0.258958369 0.964007199 0.032091636 -0.050998535 2.529301882 1.529720902 -3.552657127 0.000000000 0.000000000 -10.000000000
1776608211.982524395 0.681298196 0.155277029 0.168130815 0.259063721 0.963988721 0.032116119 -0.050796293 2.544908047 1.524298072 -3.524455547 0.000000000 0.000000000 -10.000000000
1776608211.987497568 0.681298196 0.155277029 0.168130815 0.259063721 0.963988721 0.032116119 -0.050796293 2.557489395 1.519540906 -3.498117924 0.000000000 0.000000000 -10.000000000
1776608211.993159533 0.681115746 0.155065387 0.168117374 0.259186953 0.963963687 0.032141574 -0.050626148 2.566933155 1.515270710 -3.473562717 0.000000000 0.000000000 -10.000000000
1776608211.997662067 0.680943966 0.154870674 0.168095618 0.259329110 0.963933527 0.032187510 -0.050443079 2.573137045 1.511309981 -3.450705051 0.000000000 0.000000000 -10.000000000
1776608212.003552437 0.680517018 0.154597074 0.168051541 0.259576261 0.963878334 0.032316767 -0.050143227 2.576011181 1.507484674 -3.429453850 0.000000000 0.000000000 -10.000000000
1776608212.008486271 0.680269063 0.154493198 0.168051869 0.259673655 0.963857234 0.032376159 -0.050006472 2.575479984 1.503625154 -3.409713507 0.000000000 0.000000000 -10.000000000
1776608212.012973785 0.680037081 0.154432535 0.168081284 0.259746641 0.963843584 0.032457631 -0.049836870 2.571484089 1.499567509 -3.391384840 0.000000000 0.000000000 -10.000000000
1776608212.017642975 0.679837823 0.154412866 0.168125123 0.259793729 0.963839054 0.032561000 -0.049611602 2.563981533 1.495153666 -3.374366045 0.000000000 0.000000000 -10.000000000
1776608212.022483587 0.679632246 0.154387712 0.168166518 0.259845912 0.963833213 0.032661833 -0.049384747 2.552950859 1.490233421 -3.358553886 0.000000000 0.000000000 -10.000000000
1776608212.027474642 0.679418504 0.154372573 0.168196321 0.259892881 0.963828564 0.032763228 -0.049160499 2.538391352 1.484665513 -3.343843222 0.000000000 0.000000000 -10.000000000
1776608212.032509565 0.679167092 0.154382423 0.168218762 0.259921998 0.963827014 0.032859568 -0.048972324 2.520323753 1.478317976 -3.330126286 0.000000000 0.000000000 -10.000000000
1776608212.037507296 0.679167092 0.154382423 0.168218762 0.259921998 0.963827014 0.032859568 -0.048972324 2.498790026 1.471069813 -3.317293406 0.000000000 0.000000000 -10.000000000
1776608212.042471886 0.678702831 0.154511943 0.168277264 0.259913534 0.963844001 0.033104613 -0.048515726 2.473848343 1.462812781 -3.305232763 0.000000000 0.000000000 -10.000000000
1776608212.047497988 0.678440511 0.154675037 0.168285877 0.259847432 0.963867545 0.033248331 -0.048303239 2.445572853 1.453451872 -3.293832064 0.000000000 0.000000000 -10.000000000
1776608212.052516699 0.678192198 0.154880717 0.168303728 0.259757757 0.963897884 0.033412009 -0.048067272 2.414049149 1.442903996 -3.282979250 0.000000000 0.000000000 -10.000000000
1776608212.057718039 0.678192198 0.154880717 0.168303728 0.259757757 0.963897884 0.033412009 -0.048067272 2.379373074 1.431098342 -3.272563696 0.000000000 0.000000000 -10.000000000
1776608212.062719345 0.677956879 0.155109748 0.168339878 0.259653866 0.963932455 0.033590700 -0.047809973 2.341646433 1.417976737 -3.262475491 0.000000000 0.000000000 -10.000000000
1776608212.068060160 0.677540064 0.155691996 0.168434352 0.259381443 0.964020193 0.034027327 -0.047206737 2.300976276 1.403492689 -3.252604246 0.000000000 0.000000000 -10.000000000
1776608212.073114872 0.677293122 0.156021953 0.168481320 0.259217054 0.964069784 0.034247220 -0.046937082 2.257474184 1.387608528 -3.242839575 0.000000000 0.000000000 -10.000000000
1776608212.078072548 0.677035511 0.156358868 0.168532073 0.259051174 0.964119256 0.034467630 -0.046674613 2.211256981 1.370293856 -3.233068705 0.000000000 0.000000000 -10.000000000
1776608212.083159924 0.676771879 0.156698376 0.168590844 0.258881927 0.964169443 0.034690160 -0.046411749 2.162446499 1.351524591 -3.223176956 0.000000000 0.000000000 -10.000000000
1776608212.088039160 0.676493049 0.157049596 0.168632537 0.258703798 0.964221239 0.034912538 -0.046161052 2.111170769 1.331283450 -3.213047266 0.000000000 0.000000000 -10.000000000
1776608212.093059540 0.676191866 0.157426462 0.168668985 0.258507878 0.964276552 0.035136577 -0.045932386 2.057566404 1.309561372 -3.202560902 0.000000000 0.000000000 -10.000000000
1776608212.097843647 0.675907016 0.157836810 0.168716967 0.258295625 0.964336514 0.035380717 -0.045679577 2.001778841 1.286359668 -3.191597462 0.000000000 0.000000000 -10.000000000
1776608212.103029728 0.675907016 0.157836810 0.168716967 0.258295625 0.964336514 0.035380717 -0.045679577 1.943963528 1.261691451 -3.180036545 0.000000000 0.000000000 -10.000000000
1776608212.107495308 0.675369501 0.158796430 0.168857694 0.257785767 0.964479685 0.035935685 -0.045100678 1.884282708 1.235582590 -3.167757273 0.000000000 0.000000000 -10.000000000
1776608212.113038301 0.675369501 0.158796430 0.168857694 0.257785767 0.964479685 0.035935685 -0.045100678 1.822906613 1.208071947 -3.154640436 0.000000000 0.000000000 -10.000000000
1776608212.117524624 0.674742579 0.159800217 0.168990821 0.257241130 0.964628339 0.036471970 -0.044597361 1.760014176 1.179210901 -3.140569448 0.000000000 0.000000000 -10.000000000
1776608212.122982264 0.674742579 0.159800217 0.168990821 0.257241130 0.964628339 0.036471970 -0.044597361 1.695795059 1.149064183 -3.125431538 0.000000000 0.000000000 -10.000000000
1776608212.127555370 0.674413264 0.160262406 0.169042736 0.256992370 0.964695573 0.036725309 -0.044369176 1.630453348 1.117708683 -3.109119177 0.000000000 0.000000000 -10.000000000
1776608212.132623911 0.674068987 0.160709336 0.169069290 0.256751925 0.964759946 0.036967508 -0.044160441 1.564208508 1.085232377 -3.091531038 0.000000000 0.000000000 -10.000000000
1776608212.137465239 0.673413336 0.161642462 0.169128746 0.256248295 0.964895725 0.037467919 -0.043695133 1.497296214 1.051733971 -3.072573185 0.000000000 0.000000000 -10.000000000
1776608212.142442226 0.673146725 0.162121117 0.169187963 0.255989105 0.964968026 0.037741669 -0.043380164 1.429965615 1.017322540 -3.052161217 0.000000000 0.000000000 -10.000000000
1776608212.147499800 0.672874272 0.162610084 0.169257581 0.255722851 0.965041876 0.038017996 -0.043065462 1.362477779 0.982116997 -3.030221939 0.000000000 0.000000000 -10.000000000
1776608212.152491808 0.672601640 0.163113058 0.169343144 0.255449802 0.965117574 0.038298525 -0.042739943 1.295102119 0.946246386 -3.006691217 0.000000000 0.000000000 -10.000000000
1776608212.158058405 0.672316313 0.163642436 0.169411033 0.255156875 0.965197802 0.038575280 -0.042427748 1.228114128 0.909850001 -2.981514692 0.000000000 0.000000000 -10.000000000
1776608212.163019896 0.672025025 0.164171994 0.169461727 0.254856050 0.965280354 0.038839918 -0.042115606 1.161791325 0.873078227 -2.954646587 0.000000000 0.000000000 -10.000000000
1776608212.167912483 0.671716630 0.164694279 0.169475853 0.254558712 0.965361416 0.039087106 -0.041826319 1.096410871 0.836090565 -2.926049709 0.000000000 0.000000000 -10.000000000
1776608212.172969341 0.671716630 0.164694279 0.169475853 0.254558712 0.965361416 0.039087106 -0.041826319 1.032246590 0.799051821 -2.895696402 0.000000000 0.000000000 -10.000000000
1776608212.178118944 0.671105206 0.165753275 0.169521809 0.253950983 0.965527594 0.039568748 -0.041227203 0.969566286 0.762130260 -2.863569498 0.000000000 0.000000000 -10.000000000
1776608212.183024883 0.670853555 0.166251227 0.169579685 0.253673196 0.965605974 0.039819237 -0.040858284 0.908626258 0.725496829 -2.829663038 0.000000000 0.000000000 -10.000000000
1776608212.187530041 0.670589447 0.166737929 0.169633597 0.253395319 0.965684235 0.040056687 -0.040499642 0.849668086 0.689325333 -2.793984652 0.000000000 0.000000000 -10.000000000
1776608212.193076372 0.670589447 0.166737929 0.169633597 0.253395319 0.965684235 0.040056687 -0.040499642 0.792915583 0.653790772 -2.756553888 0.000000000 0.000000000 -10.000000000
1776608212.197661400 0.669992745 0.167803735 0.169743687 0.252784789 0.965852022 0.040527519 -0.039839882 0.738572717 0.619067729 -2.717402220 0.000000000 0.000000000 -10.000000000
1776608212.203164101 0.669679642 0.168343306 0.169763088 0.252471805 0.965937376 0.040750097 -0.039526824 0.686821520 0.585327148 -2.676572800 0.000000000 0.000000000 -10.000000000
1776608212.207464218 0.669326961 0.168890521 0.169742852 0.252149314 0.966024160 0.040950302 -0.039256826 0.637820542 0.552734911 -2.634120226 0.000000000 0.000000000 -10.000000000
1776608212.212460041 0.669326961 0.168890521 0.169742852 0.252149314 0.966024160 0.040950302 -0.039256826 0.591702163 0.521451235 -2.590110540 0.000000000 0.000000000 -10.000000000
1776608212.217492104 0.668639302 0.169999689 0.169786364 0.251495838 0.966199160 0.041374106 -0.038693465 0.548569918 0.491632551 -2.544621944 0.000000000 0.000000000 -10.000000000
1776608212.223021269 0.668284416 0.170521155 0.169848830 0.251181155 0.966283202 0.041573644 -0.038423784 0.508494973 0.463432550 -2.497746229 0.000000000 0.000000000 -10.000000000
1776608212.227799654 0.667906463 0.171035141 0.169908285 0.250871688 0.966365099 0.041763216 -0.038180098 0.471514642 0.437002271 -2.449589252 0.000000000 0.000000000 -10.000000000
1776608212.232471466 0.667491913 0.171507508 0.169968188 0.250583231 0.966440737 0.041921470 -0.037985999 0.437631816 0.412487477 -2.400272369 0.000000000 0.000000000 -10.000000000
1776608212.237482309 0.667491913 0.171507508 0.169968188 0.250583231 0.966440737 0.041921470 -0.037985999 0.406816661 0.390025765 -2.349930048 0.000000000 0.000000000 -10.000000000
1776608212.242455244 0.667015612 0.171951547 0.169999123 0.250307351 0.966511667 0.042039763 -0.037869532 0.379009008 0.369744003 -2.298708200 0.000000000 0.000000000 -10.000000000
1776608212.247568130 0.665853798 0.172870874 0.169952899 0.249786094 0.966638327 0.042205997 -0.037893776 0.354119688 0.351758122 -2.246761322 0.000000000 0.000000000 -10.000000000
1776608212.252519369 0.665251315 0.173335984 0.169930995 0.249580473 0.966686189 0.042289451 -0.037934307 0.332032084 0.336173981 -2.194251776 0.000000000 0.000000000 -10.000000000
