# method surf_flowmatch_magnetic_DS
# columns: time_sec px py pz qx qy qz qw real_fx real_fy real_fz desired_fx desired_fy desired_fz e_f e_v u_nx u_e1 adapter_nx adapter_e1
# adapt_gain_nx: 0.500000000000
# adapt_gain_e1: 0.000000000000
# adapt_kp_nx: 1.000000000000
# adapt_kp_e1: 0.000000000000
# adapt_integral_nx_max: 1.500000000000
# adapt_integral_e1_max: 1.500000000000
# eigen_lambda_0: 300.000000000000
# eigen_lambda_1: 300.000000000000
1776617452.979460001 0.563691258 -0.024755497 0.201568216 0.022155000 0.995502710 -0.002476481 -0.092072599 6.629033566 -0.663496256 -10.702834129 0.000000000 0.000000000 0.000000000 0.000000000 0.000000000 0.000000000 0.000000000 0.000000000 0.000000000
1776617452.984163284 0.563696325 -0.024755348 0.201569289 0.022154281 0.995498717 -0.002476858 -0.092116281 6.631813049 -0.664807916 -10.699941635 0.000000000 0.000000000 -12.000000000 1.669844627 0.364844561 0.005580064 0.000000000 0.000013915 0.000000000
1776617452.988462925 0.563695371 -0.024754720 0.201570928 0.022153363 0.995494068 -0.002476974 -0.092166491 6.634625912 -0.666105807 -10.697038651 0.000000000 0.000000000 -12.000000000 1.672798157 0.364353031 0.005603849 0.000000000 0.000027855 0.000000000
1776617452.993676424 0.563695073 -0.024754152 0.201572299 0.022152564 0.995489657 -0.002477089 -0.092214584 6.637480736 -0.667390943 -10.694135666 0.000000000 0.000000000 -12.000000000 1.675754547 0.363727123 0.005627668 0.000000000 0.000041820 0.000000000
1776617452.998400211 0.563695669 -0.024753509 0.201576710 0.022151876 0.995485544 -0.002477125 -0.092258707 6.640383244 -0.668664455 -10.691239357 0.000000000 0.000000000 -12.000000000 1.678707123 0.363046885 0.005651500 0.000000000 0.000055809 0.000000000
1776617453.003991604 0.563705623 -0.024755413 0.201581478 0.022151789 0.995482624 -0.002479721 -0.092290156 6.643339157 -0.669927001 -10.688360214 0.000000000 0.000000000 -12.000000000 1.681648254 0.362609625 0.005675317 0.000000000 0.000069823 0.000000000
1776617453.008804083 0.563865721 -0.024805097 0.201603323 0.022170154 0.995497525 -0.002529189 -0.092123382 6.646352291 -0.671178341 -10.685503960 0.000000000 0.000000000 -12.000000000 1.725399017 0.354769677 0.005835531 0.000000000 0.000084201 0.000000000
1776617453.013480902 0.563998759 -0.024831364 0.201603711 0.022183897 0.995510101 -0.002551272 -0.091983750 6.649431229 -0.672416925 -10.682678223 0.000000000 0.000000000 -12.000000000 1.728322029 0.349803507 0.005859677 0.000000000 0.000098604 0.000000000
1776617453.018374920 0.564144075 -0.024864674 0.201593637 0.022203008 0.995524049 -0.002578320 -0.091827512 6.652593613 -0.673639357 -10.679887772 0.000000000 0.000000000 -12.000000000 1.731216431 0.346609205 0.005883752 0.000000000 0.000113031 0.000000000
1776617453.023328066 0.564321995 -0.024902139 0.201574951 0.022230351 0.995541334 -0.002602789 -0.091632091 6.655875206 -0.674839437 -10.677132607 0.000000000 0.000000000 -12.000000000 1.734086990 0.342507482 0.005907771 0.000000000 0.000127481 0.000000000
1776617453.028382540 0.564529419 -0.024950776 0.201551288 0.022263145 0.995561957 -0.002633361 -0.091399372 6.659330368 -0.676006973 -10.674412727 0.000000000 0.000000000 -12.000000000 1.744801521 0.337635040 0.005958027 0.000000000 0.000142021 0.000000000
1776617453.033425331 0.564770281 -0.025005076 0.201531529 0.022300839 0.995586514 -0.002667346 -0.091121010 6.663035870 -0.677126706 -10.671721458 0.000000000 0.000000000 -12.000000000 1.742360115 0.332023799 0.005964409 0.000000000 0.000156541 0.000000000
1776617453.038355827 0.565038741 -0.025057970 0.201514989 0.022338323 0.995614469 -0.002699137 -0.090804935 6.667089462 -0.678177595 -10.669052124 0.000000000 0.000000000 -12.000000000 1.745223045 0.325957507 0.005988495 0.000000000 0.000171085 0.000000000
1776617453.043572664 0.565326869 -0.025113724 0.201504230 0.022377621 0.995644927 -0.002731748 -0.090459771 6.671611309 -0.679132283 -10.666397095 0.000000000 0.000000000 -12.000000000 1.808643341 0.319827467 0.006214968 0.000000000 0.000186157 0.000000000
1776617453.048553944 0.565624595 -0.025173668 0.201494634 0.022419766 0.995676517 -0.002766998 -0.090099491 6.676737785 -0.679956496 -10.663752556 0.000000000 0.000000000 -12.000000000 1.804986954 0.313527912 0.006217822 0.000000000 0.000201198 0.000000000
1776617453.053347588 0.565943241 -0.025234943 0.201485366 0.022462014 0.995710552 -0.002802667 -0.089710936 6.682620049 -0.680609524 -10.661112785 0.000000000 0.000000000 -12.000000000 1.799930573 0.306895345 0.006215966 0.000000000 0.000216198 0.000000000
1776617453.058531046 0.566288173 -0.025298551 0.201471269 0.022506479 0.995747447 -0.002839591 -0.089288116 6.689417839 -0.681045711 -10.658480644 0.000000000 0.000000000 -12.000000000 1.819180489 0.299799442 0.006295293 0.000000000 0.000231358 0.000000000
1776617453.063318968 0.566640437 -0.025361832 0.201454252 0.022550583 0.995785236 -0.002876360 -0.088853806 6.697295189 -0.681215823 -10.655860901 0.000000000 0.000000000 -12.000000000 1.844349861 0.292860568 0.006394560 0.000000000 0.000246727 0.000000000
1776617453.068469286 0.566973329 -0.025425456 0.201438963 0.022598367 0.995820761 -0.002913047 -0.088441096 6.706413746 -0.681068897 -10.653266907 0.000000000 0.000000000 -12.000000000 1.847679138 0.286664963 0.006421055 0.000000000 0.000262124 0.000000000
1776617453.073314190 0.567310989 -0.025487220 0.201426983 0.022645641 0.995857000 -0.002948289 -0.088018857 6.716929913 -0.680553794 -10.650715828 0.000000000 0.000000000 -12.000000000 1.822391510 0.280460387 0.006351950 0.000000000 0.000277311 0.000000000
1776617453.078377485 0.567670047 -0.025544785 0.201415837 0.022689976 0.995895505 -0.002980416 -0.087569229 6.728989124 -0.679620564 -10.648234367 0.000000000 0.000000000 -12.000000000 1.842395782 0.274139434 0.006433984 0.000000000 0.000292664 0.000000000
1776617453.083351135 0.568022907 -0.025604606 0.201407880 0.022734711 0.995933115 -0.003015354 -0.087127797 6.742720604 -0.678221345 -10.645853043 0.000000000 0.000000000 -12.000000000 1.845965385 0.268110931 0.006461265 0.000000000 0.000308047 0.000000000
1776617453.088348627 0.568368435 -0.025660209 0.201399863 0.022777582 0.995969772 -0.003048588 -0.086695649 6.758236408 -0.676311731 -10.643609047 0.000000000 0.000000000 -12.000000000 1.861160278 0.262586087 0.006527424 0.000000000 0.000323557 0.000000000
1776617453.093468428 0.568702936 -0.025712229 0.201391369 0.022818571 0.996005118 -0.003080546 -0.086276531 6.775626659 -0.673851252 -10.641544342 0.000000000 0.000000000 -12.000000000 1.860445976 0.257402301 0.006540547 0.000000000 0.000339061 0.000000000
1776617453.098347902 0.569029391 -0.025764143 0.201381564 0.022858176 0.996039391 -0.003113699 -0.085868329 6.794955730 -0.670804381 -10.639705658 0.000000000 0.000000000 -12.000000000 1.886531830 0.252708346 0.006643221 0.000000000 0.000354782 0.000000000
1776617453.103421450 0.569352627 -0.025813730 0.201373696 0.022898125 0.996073067 -0.003144528 -0.085464545 6.816262245 -0.667141259 -10.638140678 0.000000000 0.000000000 -12.000000000 1.906441689 0.248331353 0.006725474 0.000000000 0.000370669 0.000000000
1776617453.108331919 0.569662452 -0.025861442 0.201368928 0.022938186 0.996105134 -0.003174183 -0.085078530 6.839554310 -0.662837803 -10.636901855 0.000000000 0.000000000 -12.000000000 1.951837540 0.244516775 0.006893059 0.000000000 0.000386934 0.000000000
1776617453.113352776 0.569957912 -0.025907964 0.201365680 0.022977751 0.996135473 -0.003202521 -0.084710665 6.864809513 -0.657876134 -10.636040688 0.000000000 0.000000000 -12.000000000 1.924303055 0.240716457 0.006817314 0.000000000 0.000402970 0.000000000
1776617453.118357420 0.570244014 -0.025951609 0.201364040 0.023015806 0.996164680 -0.003229425 -0.084355213 6.891975880 -0.652243912 -10.635609627 0.000000000 0.000000000 -12.000000000 1.949057579 0.237640470 0.006916071 0.000000000 0.000419212 0.000000000
1776617453.123467445 0.570498466 -0.025995374 0.201368213 0.023055639 0.996190250 -0.003257190 -0.084040776 6.920970917 -0.645934343 -10.635657310 0.000000000 0.000000000 -12.000000000 1.974227905 0.235251352 0.007016424 0.000000000 0.000435664 0.000000000
1776617453.128400564 0.570747852 -0.026035914 0.201375842 0.023097934 0.996214986 -0.003282083 -0.083733968 6.951682091 -0.638946414 -10.636230469 0.000000000 0.000000000 -12.000000000 2.023840904 0.232994288 0.007198666 0.000000000 0.000452529 0.000000000
1776617453.133551121 0.570995688 -0.026078150 0.201383978 0.023145609 0.996239364 -0.003307773 -0.083429068 6.983969688 -0.631284535 -10.637368202 0.000000000 0.000000000 -12.000000000 2.026387215 0.230574727 0.007224040 0.000000000 0.000469416 0.000000000
1776617453.138436794 0.571233690 -0.026121393 0.201391071 0.023196511 0.996262610 -0.003334300 -0.083135918 7.017669678 -0.622959137 -10.639100075 0.000000000 0.000000000 -12.000000000 2.071173668 0.228711665 0.007390588 0.000000000 0.000486676 0.000000000
1776617453.143530369 0.571471095 -0.026161833 0.201397479 0.023251679 0.996285617 -0.003359378 -0.082843319 7.052594662 -0.613986433 -10.641447067 0.000000000 0.000000000 -12.000000000 1.998073578 0.225994498 0.007163572 0.000000000 0.000503326 0.000000000
1776617453.148534060 0.571710110 -0.026201751 0.201400727 0.023315182 0.996308625 -0.003385273 -0.082547590 7.088539124 -0.604388893 -10.644417763 0.000000000 0.000000000 -12.000000000 1.999034882 0.223921657 0.007183434 0.000000000 0.000519985 0.000000000
1776617453.153535604 0.571929693 -0.026241371 0.201401114 0.023380253 0.996329546 -0.003412313 -0.082274958 7.125282288 -0.594194591 -10.648007393 0.000000000 0.000000000 -12.000000000 2.031106949 0.222404227 0.007307268 0.000000000 0.000536911 0.000000000
1776617453.158546686 0.572149158 -0.026277354 0.201403797 0.023446208 0.996350288 -0.003436968 -0.082003340 7.162589073 -0.583437383 -10.652198792 0.000000000 0.000000000 -12.000000000 2.015948296 0.220978916 0.007273538 0.000000000 0.000553711 0.000000000
1776617453.163584471 0.572344065 -0.026308153 0.201404005 0.023511589 0.996368527 -0.003458873 -0.081761494 7.200213432 -0.572156608 -10.656958580 0.000000000 0.000000000 -12.000000000 2.015381813 0.219936937 0.007288445 0.000000000 0.000570505 0.000000000
1776617453.168343306 0.572560489 -0.026336528 0.201401472 0.023573216 0.996389210 -0.003479810 -0.081490993 7.237898827 -0.560397148 -10.662240982 0.000000000 0.000000000 -12.000000000 1.957676888 0.218362361 0.007112409 0.000000000 0.000586819 0.000000000
1776617453.173407555 0.572767496 -0.026363228 0.201388597 0.023627982 0.996409237 -0.003499520 -0.081228986 7.275382519 -0.548209727 -10.667988777 0.000000000 0.000000000 -12.000000000 1.955814362 0.217519835 0.007122499 0.000000000 0.000603118 0.000000000
1776617453.178598642 0.572957516 -0.026386814 0.201366335 0.023674304 0.996427953 -0.003517203 -0.080984838 7.312397003 -0.535650373 -10.674129486 0.000000000 0.000000000 -12.000000000 1.963087082 0.216731161 0.007163100 0.000000000 0.000619477 0.000000000
1776617453.183354855 0.573152840 -0.026403362 0.201342493 0.023706121 0.996447861 -0.003529241 -0.080729008 7.348677635 -0.522780359 -10.680587769 0.000000000 0.000000000 -12.000000000 1.960570335 0.216164082 0.007171049 0.000000000 0.000635815 0.000000000
1776617453.188545227 0.573346853 -0.026418328 0.201319218 0.023727959 0.996468127 -0.003540749 -0.080471992 7.383964539 -0.509665251 -10.687279701 0.000000000 0.000000000 -12.000000000 1.916785240 0.215360701 0.007041072 0.000000000 0.000651788 0.000000000
1776617453.193375587 0.573557138 -0.026431393 0.201302588 0.023742631 0.996490479 -0.003550780 -0.080189586 7.418005943 -0.496374279 -10.694124222 0.000000000 0.000000000 -12.000000000 1.913539886 0.214757621 0.007046200 0.000000000 0.000667734 0.000000000
1776617453.198379517 0.573756576 -0.026442030 0.201278239 0.023750827 0.996512175 -0.003559257 -0.079916924 7.450563908 -0.482979476 -10.701041222 0.000000000 0.000000000 -12.000000000 1.904096603 0.214193434 0.007030590 0.000000000 0.000683602 0.000000000
1776617453.203418255 0.573934019 -0.026452316 0.201250255 0.023756593 0.996531785 -0.003568337 -0.079669893 7.481416702 -0.469556034 -10.707956314 0.000000000 0.000000000 -12.000000000 1.919800758 0.213798508 0.007098936 0.000000000 0.000699600 0.000000000
1776617453.208412409 0.574113548 -0.026460472 0.201222211 0.023760404 0.996551633 -0.003575620 -0.079420038 7.510362625 -0.456182182 -10.714808464 0.000000000 0.000000000 -12.000000000 1.909840584 0.213381618 0.007081650 0.000000000 0.000715515 0.000000000
1776617453.214816332 0.574305415 -0.026469201 0.201199025 0.023764037 0.996572793 -0.003583333 -0.079152592 7.537224770 -0.442938745 -10.721552849 0.000000000 0.000000000 -12.000000000 1.906179428 0.212931082 0.007085332 0.000000000 0.000731400 0.000000000
1776617453.218378544 0.574622214 -0.026483845 0.201160103 0.023770107 0.996609330 -0.003597425 -0.078688644 7.561854362 -0.429908305 -10.728163719 0.000000000 0.000000000 -12.000000000 1.839048386 0.212149903 0.006876887 0.000000000 0.000746726 0.000000000
1776617453.224827290 0.574622214 -0.026483845 0.201160103 0.023770107 0.996609330 -0.003597425 -0.078688644 7.584134579 -0.417174131 -10.734635353 0.000000000 0.000000000 -12.000000000 1.834967613 0.212300241 0.006878576 0.000000000 0.000762017 0.000000000
1776617453.228952885 0.574925065 -0.026499527 0.201141268 0.023778837 0.996645212 -0.003611745 -0.078229375 7.603979111 -0.404819548 -10.740985870 0.000000000 0.000000000 -12.000000000 1.831823349 0.212322995 0.006883360 0.000000000 0.000777282 0.000000000
1776617453.234840155 0.574925065 -0.026499527 0.201141268 0.023778837 0.996645212 -0.003611745 -0.078229375 7.621334553 -0.392926812 -10.747253418 0.000000000 0.000000000 -12.000000000 1.827509880 0.212451100 0.006884211 0.000000000 0.000792511 0.000000000
1776617453.238823414 0.575077653 -0.026507625 0.201135784 0.023784010 0.996663213 -0.003618551 -0.077997521 7.636178017 -0.381575853 -10.753500938 0.000000000 0.000000000 -12.000000000 1.807813644 0.212005898 0.006833622 0.000000000 0.000807577 0.000000000
1776617453.244268894 0.575226843 -0.026513517 0.201134115 0.023789527 0.996680975 -0.003623186 -0.077768520 7.648517132 -0.370843351 -10.759806633 0.000000000 0.000000000 -12.000000000 1.803057671 0.212001026 0.006832794 0.000000000 0.000822602 0.000000000
1776617453.248278379 0.575364172 -0.026520748 0.201129258 0.023796359 0.996697545 -0.003628722 -0.077553719 7.658389091 -0.360801607 -10.766265869 0.000000000 0.000000000 -12.000000000 1.743124008 0.211537927 0.006647542 0.000000000 0.000837128 0.000000000
1776617453.254611254 0.575509906 -0.026529266 0.201122731 0.023804488 0.996714830 -0.003635052 -0.077328026 7.665860176 -0.351517588 -10.772987366 0.000000000 0.000000000 -12.000000000 1.737475395 0.211448759 0.006643191 0.000000000 0.000851607 0.000000000
1776617453.258479595 0.575668216 -0.026538460 0.201117754 0.023814134 0.996733189 -0.003641930 -0.077087820 7.671023369 -0.343052387 -10.780090332 0.000000000 0.000000000 -12.000000000 1.645915985 0.210926339 0.006351710 0.000000000 0.000865323 0.000000000
1776617453.263520479 0.575827897 -0.026549615 0.201110333 0.023823773 0.996751606 -0.003650284 -0.076846078 7.673994541 -0.335460454 -10.787696838 0.000000000 0.000000000 -12.000000000 1.557526588 0.210006595 0.006070058 0.000000000 0.000878302 0.000000000
1776617453.268384933 0.575994194 -0.026560750 0.201099932 0.023832083 0.996770620 -0.003657808 -0.076596543 7.674911499 -0.328789413 -10.795936584 0.000000000 0.000000000 -12.000000000 1.549553871 0.209815294 0.006056395 0.000000000 0.000891215 0.000000000
1776617453.273329973 0.576162815 -0.026572157 0.201090485 0.023839300 0.996789873 -0.003665432 -0.076342501 7.673929214 -0.323079854 -10.804935455 0.000000000 0.000000000 -12.000000000 1.617028236 0.210797280 0.006294785 0.000000000 0.000904691 0.000000000
1776617453.279809952 0.576321959 -0.026583916 0.201077670 0.023846079 0.996808290 -0.003672937 -0.076099113 7.671218872 -0.318365335 -10.814820290 0.000000000 0.000000000 -12.000000000 1.492218971 0.210753262 0.005891189 0.000000000 0.000917126 0.000000000
1776617453.285053253 0.576486826 -0.026592983 0.201062530 0.023850201 0.996827364 -0.003678557 -0.075847775 7.666965008 -0.314672381 -10.825712204 0.000000000 0.000000000 -12.000000000 1.481317520 0.210840955 0.005867195 0.000000000 0.000929470 0.000000000
1776617453.289504051 0.576656938 -0.026602026 0.201045632 0.023852376 0.996846855 -0.003684892 -0.075590022 7.661363602 -0.312020868 -10.837730408 0.000000000 0.000000000 -12.000000000 1.463579178 0.210928902 0.005820264 0.000000000 0.000941667 0.000000000
1776617453.293499947 0.576837718 -0.026611229 0.201026529 0.023853699 0.996867239 -0.003691531 -0.075319611 7.654617786 -0.310423970 -10.850985527 0.000000000 0.000000000 -12.000000000 1.343374252 0.210599303 0.005430775 0.000000000 0.000952861 0.000000000
1776617453.298339844 0.577026248 -0.026620176 0.201010674 0.023856085 0.996888280 -0.003697801 -0.075039491 7.646935940 -0.309888810 -10.865586281 0.000000000 0.000000000 -12.000000000 1.346944809 0.211249113 0.005453902 0.000000000 0.000964086 0.000000000
1776617453.303789854 0.577217758 -0.026624655 0.200997353 0.023859184 0.996909499 -0.003698349 -0.074756205 7.638531685 -0.310416698 -10.881634712 0.000000000 0.000000000 -12.000000000 1.310567856 0.211337700 0.005343567 0.000000000 0.000975007 0.000000000
1776617453.308545113 0.577402413 -0.026634121 0.200983584 0.023861637 0.996929944 -0.003705092 -0.074481919 7.629620075 -0.312003583 -10.899226189 0.000000000 0.000000000 -12.000000000 1.292696953 0.211723700 0.005294770 0.000000000 0.000985780 0.000000000
1776617453.313452482 0.577593267 -0.026642855 0.200968653 0.023862686 0.996950865 -0.003711572 -0.074200660 7.620418549 -0.314640254 -10.918451309 0.000000000 0.000000000 -12.000000000 1.256457329 0.212634966 0.005184441 0.000000000 0.000996250 0.000000000
1776617453.319364548 0.577787936 -0.026650595 0.200952828 0.023863880 0.996971965 -0.003717097 -0.073916532 7.611143589 -0.318312794 -10.939396858 0.000000000 0.000000000 -12.000000000 1.244650841 0.213290274 0.005155459 0.000000000 0.001006622 0.000000000
1776617453.323317766 0.577985525 -0.026658336 0.200941712 0.023866080 0.996993065 -0.003722224 -0.073629871 7.602009296 -0.323002517 -10.962141037 0.000000000 0.000000000 -12.000000000 1.121192932 0.213721380 0.004753275 0.000000000 0.001015966 0.000000000
1776617453.329894304 0.578181624 -0.026666967 0.200931072 0.023866937 0.997013927 -0.003728941 -0.073346235 7.593224049 -0.328686088 -10.986758232 0.000000000 0.000000000 -12.000000000 1.099443436 0.214704067 0.004689939 0.000000000 0.001025128 0.000000000
1776617453.334027290 0.578376353 -0.026675316 0.200921506 0.023868190 0.997034669 -0.003735424 -0.073062971 7.584990025 -0.335335940 -11.013316154 0.000000000 0.000000000 -12.000000000 1.072627068 0.216205567 0.004609490 0.000000000 0.001034066 0.000000000
1776617453.339808226 0.578574777 -0.026681321 0.200915128 0.023870287 0.997055709 -0.003739220 -0.072774403 7.577500343 -0.342920244 -11.041875839 0.000000000 0.000000000 -12.000000000 1.043794632 0.217215717 0.004522080 0.000000000 0.001042765 0.000000000
1776617453.345047951 0.578981400 -0.026695032 0.200910211 0.023873901 0.997098565 -0.003747866 -0.072183773 7.570938110 -0.351403236 -11.072493553 0.000000000 0.000000000 -12.000000000 0.958168983 0.221202284 0.004244646 0.000000000 0.001050749 0.000000000
1776617453.349349022 0.579183459 -0.026702352 0.200912684 0.023876199 0.997119725 -0.003752555 -0.071889654 7.565473080 -0.360745102 -11.105213165 0.000000000 0.000000000 -12.000000000 0.910427094 0.222403929 0.004093093 0.000000000 0.001058336 0.000000000
1776617453.354454994 0.579183459 -0.026702352 0.200912684 0.023876199 0.997119725 -0.003752555 -0.071889654 7.561261654 -0.370901942 -11.140069962 0.000000000 0.000000000 -12.000000000 0.875465393 0.222110122 0.003983850 0.000000000 0.001065632 0.000000000
1776617453.359179497 0.579384804 -0.026710037 0.200915754 0.023878237 0.997140765 -0.003757757 -0.071596228 7.558444500 -0.381826282 -11.177088737 0.000000000 0.000000000 -12.000000000 0.838336945 0.223490357 0.003867074 0.000000000 0.001072618 0.000000000
1776617453.364625931 0.579603314 -0.026718983 0.200917363 0.023879634 0.997163296 -0.003763362 -0.071280569 7.557145119 -0.393467128 -11.216278076 0.000000000 0.000000000 -12.000000000 0.798635483 0.225084752 0.003741391 0.000000000 0.001079273 0.000000000
1776617453.368362904 0.580054998 -0.026722340 0.200920671 0.023891158 0.997209072 -0.003755390 -0.070633955 7.557468414 -0.405770779 -11.257635117 0.000000000 0.000000000 -12.000000000 0.769174576 0.230127305 0.003649598 0.000000000 0.001085683 0.000000000
1776617453.374740362 0.580054998 -0.026722340 0.200920671 0.023891158 0.997209072 -0.003755390 -0.070633955 7.559500694 -0.418681055 -11.301135063 0.000000000 0.000000000 -12.000000000 0.725719452 0.229773745 0.003510795 0.000000000 0.001091731 0.000000000
1776617453.378426313 0.580511987 -0.026728246 0.200910568 0.023903551 0.997254908 -0.003749309 -0.069980197 7.563308239 -0.432139874 -11.346737862 0.000000000 0.000000000 -12.000000000 0.606169701 0.234227687 0.003117348 0.000000000 0.001096782 0.000000000
1776617453.384928465 0.580511987 -0.026728246 0.200910568 0.023903551 0.997254908 -0.003749309 -0.069980197 7.568935871 -0.446087569 -11.394378662 0.000000000 0.000000000 -12.000000000 0.558600426 0.233833507 0.002963438 0.000000000 0.001101437 0.000000000
1776617453.388432026 0.581006765 -0.026736090 0.200900048 0.023917297 0.997303367 -0.003745016 -0.069281191 7.576406002 -0.460463196 -11.443974495 0.000000000 0.000000000 -12.000000000 0.648373604 0.239320874 0.003268085 0.000000000 0.001106840 0.000000000
1776617453.394558430 0.581006765 -0.026736090 0.200900048 0.023917297 0.997303367 -0.003745016 -0.069281191 7.585718155 -0.475205302 -11.495416641 0.000000000 0.000000000 -12.000000000 0.597149849 0.238900170 0.003102316 0.000000000 0.001111816 0.000000000
1776617453.398966551 0.581248224 -0.026740948 0.200893462 0.023925658 0.997326851 -0.003743709 -0.068940088 7.596850395 -0.490252346 -11.548576355 0.000000000 0.000000000 -12.000000000 0.544230461 0.241419464 0.002930453 0.000000000 0.001116352 0.000000000
1776617453.404834032 0.581483066 -0.026741758 0.200885147 0.023936408 0.997349501 -0.003737924 -0.068607934 7.609757900 -0.505543828 -11.603305817 0.000000000 0.000000000 -12.000000000 0.433133125 0.244388267 0.002563738 0.000000000 0.001119961 0.000000000
1776617453.408769369 0.581973553 -0.026742447 0.200862914 0.023959709 0.997396231 -0.003724213 -0.067917936 7.624376774 -0.521020949 -11.659437180 0.000000000 0.000000000 -12.000000000 0.468430519 0.250543952 0.002685300 0.000000000 0.001123865 0.000000000
1776617453.414827585 0.581973553 -0.026742447 0.200862914 0.023959709 0.997396231 -0.003724213 -0.067917936 7.640623093 -0.536627352 -11.716793060 0.000000000 0.000000000 -12.000000000 0.411516190 0.250067085 0.002499015 0.000000000 0.001127294 0.000000000
1776617453.418405056 0.582433462 -0.026744215 0.200849414 0.023978919 0.997439682 -0.003712777 -0.067270152 7.658397198 -0.552309334 -11.775179863 0.000000000 0.000000000 -12.000000000 0.343685150 0.256415635 0.002275775 0.000000000 0.001130158 0.000000000
1776617453.423323631 0.582433462 -0.026744215 0.200849414 0.023978919 0.997439682 -0.003712777 -0.067270152 7.677583694 -0.568016291 -11.834403038 0.000000000 0.000000000 -12.000000000 0.284961700 0.255915314 0.002082405 0.000000000 0.001132533 0.000000000
1776617453.428571701 0.582648814 -0.026742684 0.200843662 0.023989219 0.997460127 -0.003704487 -0.066963285 7.698055744 -0.583700895 -11.894261360 0.000000000 0.000000000 -12.000000000 0.284434319 0.258825898 0.002083017 0.000000000 0.001134903 0.000000000
1776617453.433561563 0.582875013 -0.026741587 0.200839967 0.023999060 0.997481346 -0.003696295 -0.066643044 7.719676018 -0.599319518 -11.954555511 0.000000000 0.000000000 -12.000000000 0.222328186 0.261438966 0.001877850 0.000000000 0.001136756 0.000000000
1776617453.438959837 0.583095193 -0.026740154 0.200839758 0.024009028 0.997502029 -0.003687892 -0.066329673 7.742297649 -0.614832342 -12.015087128 0.000000000 0.000000000 -12.000000000 0.088878632 0.264586896 0.001433758 0.000000000 0.001137496 0.000000000
1776617453.443833590 0.583316922 -0.026737543 0.200839520 0.024018738 0.997522712 -0.003678003 -0.066015005 7.765766621 -0.630203605 -12.075665474 0.000000000 0.000000000 -12.000000000 0.081419945 0.267982692 0.001409575 0.000000000 0.001138175 0.000000000
1776617453.448607445 0.583520412 -0.026733443 0.200840145 0.024029475 0.997541845 -0.003666919 -0.065722421 7.789925575 -0.645401895 -12.136103630 0.000000000 0.000000000 -12.000000000 0.036889076 0.270276189 0.001261446 0.000000000 0.001138482 0.000000000
1776617453.453531027 0.583717704 -0.026726142 0.200836390 0.024040667 0.997560322 -0.003652086 -0.065437689 7.814613819 -0.660399616 -12.196221352 0.000000000 0.000000000 -12.000000000 -0.018588066 0.272948742 0.001076367 0.000000000 0.001138327 0.000000000
1776617453.458346605 0.583925366 -0.026722664 0.200833499 0.024052124 0.997579575 -0.003641347 -0.065139681 7.839669704 -0.675173461 -12.255846024 0.000000000 0.000000000 -12.000000000 -0.089538574 0.274998605 0.000839119 0.000000000 0.001137581 0.000000000
1776617453.463532925 0.584143281 -0.026719004 0.200833797 0.024064055 0.997599542 -0.003630285 -0.064829543 7.864928722 -0.689703822 -12.314813614 0.000000000 0.000000000 -12.000000000 -0.263506889 0.277696222 0.000257029 0.000000000 0.001135385 0.000000000
1776617453.468504667 0.584352493 -0.026710840 0.200834334 0.024077887 0.997618675 -0.003614276 -0.064530544 7.890228748 -0.703975022 -12.372966766 0.000000000 0.000000000 -12.000000000 -0.366484642 0.280858785 -0.000089284 0.000000000 0.001132331 0.000000000
1776617453.473340750 0.584563315 -0.026708778 0.200837046 0.024089660 0.997637868 -0.003605323 -0.064228676 7.915408611 -0.717974544 -12.430155754 0.000000000 0.000000000 -12.000000000 -0.454302788 0.283884317 -0.000385797 0.000000000 0.001128545 0.000000000
1776617453.478562593 0.584777176 -0.026705332 0.200839281 0.024100106 0.997657418 -0.003594874 -0.063921176 7.940311432 -0.731692553 -12.486236572 0.000000000 0.000000000 -12.000000000 -0.525382042 0.288603187 -0.000627106 0.000000000 0.001124167 0.000000000
1776617453.484053135 0.584990799 -0.026710087 0.200843960 0.024109615 0.997676849 -0.003595052 -0.063613333 7.964785576 -0.745121062 -12.541074753 0.000000000 0.000000000 -12.000000000 -0.655112267 0.290903240 -0.001065000 0.000000000 0.001118708 0.000000000
1776617453.488853693 0.585212886 -0.026717072 0.200849533 0.024116434 0.997696936 -0.003598634 -0.063294820 7.988684177 -0.758253276 -12.594539642 0.000000000 0.000000000 -12.000000000 -0.708907127 0.294323117 -0.001250223 0.000000000 0.001112800 0.000000000
1776617453.493829727 0.585441530 -0.026723230 0.200851887 0.024124755 0.997717321 -0.003600649 -0.062970057 8.011866570 -0.771083117 -12.646509171 0.000000000 0.000000000 -12.000000000 -0.747947693 0.299311191 -0.001386591 0.000000000 0.001106567 0.000000000
1776617453.498879433 0.585671663 -0.026730044 0.200854450 0.024136722 0.997737646 -0.003603729 -0.062642254 8.034202576 -0.783604860 -12.696867943 0.000000000 0.000000000 -12.000000000 -0.858692169 0.302634001 -0.001762896 0.000000000 0.001099412 0.000000000
1776617453.504296780 0.585899591 -0.026726417 0.200853556 0.024153756 0.997757554 -0.003594018 -0.062317822 8.055566788 -0.795813024 -12.745508194 0.000000000 0.000000000 -12.000000000 -0.881699562 0.306879491 -0.001846935 0.000000000 0.001092064 0.000000000
1776617453.508785486 0.586140871 -0.026732180 0.200855017 0.024172746 0.997778356 -0.003594772 -0.061976280 8.075848579 -0.807702482 -12.792330742 0.000000000 0.000000000 -12.000000000 -0.847010612 0.310794681 -0.001738363 0.000000000 0.001085006 0.000000000
1776617453.513323307 0.586391211 -0.026735384 0.200856090 0.024191527 0.997799754 -0.003592937 -0.061624389 8.094945908 -0.819268525 -12.837243080 0.000000000 0.000000000 -12.000000000 -0.997145653 0.314919442 -0.002247123 0.000000000 0.001076696 0.000000000
1776617453.518546581 0.586633563 -0.026729731 0.200857937 0.024216089 0.997820079 -0.003580805 -0.061285023 8.112766266 -0.830506623 -12.880159378 0.000000000 0.000000000 -12.000000000 -1.083834648 0.319264084 -0.002545118 0.000000000 0.001067664 0.000000000
1776617453.523553610 0.586891055 -0.026727611 0.200858861 0.024244279 0.997841418 -0.003572001 -0.060926296 8.129230499 -0.841412246 -12.921003342 0.000000000 0.000000000 -12.000000000 -1.124965668 0.323738545 -0.002691596 0.000000000 0.001058290 0.000000000
1776617453.528406620 0.587157369 -0.026720705 0.200857788 0.024281699 0.997862935 -0.003557080 -0.060558435 8.144268036 -0.851980209 -12.959705353 0.000000000 0.000000000 -12.000000000 -1.111160278 0.327819288 -0.002654838 0.000000000 0.001049030 0.000000000
1776617453.533574104 0.587421775 -0.026713537 0.200857073 0.024340464 0.997883618 -0.003543015 -0.060193565 8.157817841 -0.862205207 -12.996206284 0.000000000 0.000000000 -12.000000000 -1.126277924 0.333127111 -0.002714616 0.000000000 0.001039644 0.000000000
1776617453.539003134 0.587688744 -0.026708178 0.200854301 0.024429068 0.997903585 -0.003533071 -0.059826575 8.169831276 -0.872082114 -13.030454636 0.000000000 0.000000000 -12.000000000 -1.106126785 0.338801503 -0.002656663 0.000000000 0.001030426 0.000000000
1776617453.544871092 0.587951720 -0.026700756 0.200851947 0.024545016 0.997922480 -0.003522060 -0.059463065 8.180268288 -0.881606817 -13.062407494 0.000000000 0.000000000 -12.000000000 -1.207591057 0.342927873 -0.003004940 0.000000000 0.001020363 0.000000000
1776617453.548554182 0.588223934 -0.026691200 0.200849175 0.024685206 0.997941315 -0.003509757 -0.059088979 8.189096451 -0.890775621 -13.092031479 0.000000000 0.000000000 -12.000000000 -1.085612297 0.348443329 -0.002607391 0.000000000 0.001011316 0.000000000
1776617453.554807425 0.588496447 -0.026685566 0.200851917 0.024835594 0.997959733 -0.003503174 -0.058713619 8.196289062 -0.899585545 -13.119300842 0.000000000 0.000000000 -12.000000000 -1.049373627 0.352687001 -0.002495341 0.000000000 0.001002572 0.000000000
1776617453.558389902 0.588759840 -0.026674366 0.200855196 0.024977736 0.997977555 -0.003489648 -0.058349792 8.201828003 -0.908033967 -13.144195557 0.000000000 0.000000000 -12.000000000 -1.053617477 0.357309729 -0.002518267 0.000000000 0.000993792 0.000000000
1776617453.563875914 0.589009166 -0.026651861 0.200858027 0.025107373 0.997994721 -0.003461658 -0.058001868 8.205700874 -0.916118860 -13.166702271 0.000000000 0.000000000 -12.000000000 -1.072593689 0.362318188 -0.002590459 0.000000000 0.000984853 0.000000000
1776617453.568439007 0.589276016 -0.026636023 0.200858921 0.025229100 0.998013139 -0.003440303 -0.057631463 8.207895279 -0.923839748 -13.186816216 0.000000000 0.000000000 -12.000000000 -1.039282799 0.366789758 -0.002488083 0.000000000 0.000976193 0.000000000
1776617453.574206114 0.589533329 -0.026605267 0.200863302 0.025359081 0.998030663 -0.003401113 -0.057272729 8.208404541 -0.931199133 -13.204532623 0.000000000 0.000000000 -12.000000000 -0.977460861 0.371472389 -0.002290156 0.000000000 0.000968047 0.000000000
1776617453.578353405 0.589781165 -0.026574418 0.200869173 0.025499461 0.998047054 -0.003361800 -0.056925744 8.207222939 -0.938203394 -13.219855309 0.000000000 0.000000000 -12.000000000 -1.046752930 0.376678556 -0.002529853 0.000000000 0.000959324 0.000000000
1776617453.583426237 0.590021372 -0.026544068 0.200875372 0.025644694 0.998062730 -0.003323282 -0.056587383 8.204346657 -0.944863737 -13.232789993 0.000000000 0.000000000 -12.000000000 -1.009178162 0.380720019 -0.002413013 0.000000000 0.000950914 0.000000000
1776617453.588561535 0.590263069 -0.026507391 0.200879425 0.025785018 0.998078525 -0.003275702 -0.056246702 8.199777603 -0.951195657 -13.243344307 0.000000000 0.000000000 -12.000000000 -1.020902634 0.385639459 -0.002460602 0.000000000 0.000942407 0.000000000
1776617453.593328714 0.590519726 -0.026475333 0.200883895 0.025912149 0.998095453 -0.003232897 -0.055888794 8.193517685 -0.957218885 -13.251533508 0.000000000 0.000000000 -12.000000000 -1.077078819 0.390586942 -0.002656832 0.000000000 0.000933431 0.000000000
1776617453.599804163 0.590776026 -0.026440922 0.200889617 0.026020957 0.998112679 -0.003185967 -0.055532608 8.185576439 -0.962957501 -13.257373810 0.000000000 0.000000000 -12.000000000 -1.032506943 0.395067692 -0.002516863 0.000000000 0.000924827 0.000000000
1776617453.604678869 0.591024578 -0.026409565 0.200893968 0.026100263 0.998129904 -0.003141636 -0.055186741 8.175967216 -0.968439937 -13.260888100 0.000000000 0.000000000 -12.000000000 -1.118535042 0.399623156 -0.002812944 0.000000000 0.000915506 0.000000000
1776617453.609469891 0.591273546 -0.026380481 0.200898319 0.026154693 0.998147786 -0.003098600 -0.054839104 8.164709091 -0.973698854 -13.262104988 0.000000000 0.000000000 -12.000000000 -0.994935036 0.403699577 -0.002409236 0.000000000 0.000907215 0.000000000
1776617453.613971710 0.591539800 -0.026349491 0.200901300 0.026191559 0.998167157 -0.003051743 -0.054470018 8.151826859 -0.978770256 -13.261055946 0.000000000 0.000000000 -12.000000000 -0.994250298 0.408997864 -0.002415238 0.000000000 0.000898929 0.000000000
1776617453.619170189 0.591818631 -0.026322203 0.200906783 0.026225407 0.998187304 -0.003008786 -0.054085474 8.137350082 -0.983692944 -13.257775307 0.000000000 0.000000000 -12.000000000 -1.064585686 0.415852726 -0.002658561 0.000000000 0.000890058 0.000000000
1776617453.624013901 0.592088878 -0.026300153 0.200909942 0.026253704 0.998206854 -0.002972733 -0.053711660 8.121311188 -0.988506675 -13.252305031 0.000000000 0.000000000 -12.000000000 -1.082737923 0.420639545 -0.002728092 0.000000000 0.000881035 0.000000000
1776617453.628540754 0.592348754 -0.026278699 0.200910509 0.026284037 0.998225570 -0.002937875 -0.053350102 8.103749275 -0.993251145 -13.244684219 0.000000000 0.000000000 -12.000000000 -1.095670700 0.426045686 -0.002780332 0.000000000 0.000871904 0.000000000
1776617453.633551359 0.592582047 -0.026260259 0.200907379 0.026321923 0.998242140 -0.002908034 -0.053021435 8.084705353 -0.997964084 -13.234955788 0.000000000 0.000000000 -12.000000000 -1.213457108 0.432116419 -0.003183065 0.000000000 0.000861792 0.000000000
1776617453.638322115 0.592831194 -0.026244570 0.200907558 0.026371567 0.998259366 -0.002881714 -0.052673765 8.064220428 -1.002680063 -13.223164558 0.000000000 0.000000000 -12.000000000 -1.286956787 0.436979324 -0.003438789 0.000000000 0.000851067 0.000000000
1776617453.643588305 0.593109787 -0.026221097 0.200918436 0.026440011 0.998277843 -0.002845968 -0.052289516 8.042338371 -1.007430315 -13.209357262 0.000000000 0.000000000 -12.000000000 -1.272882462 0.442806482 -0.003402482 0.000000000 0.000840460 0.000000000
1776617453.648375273 0.593371212 -0.026206002 0.200927436 0.026526147 0.998294532 -0.002821194 -0.051927686 8.019102097 -1.012242436 -13.193582535 0.000000000 0.000000000 -12.000000000 -1.278452873 0.447595417 -0.003431703 0.000000000 0.000829806 0.000000000
1776617453.653627634 0.593632162 -0.026189111 0.200931162 0.026639013 0.998310268 -0.002796344 -0.051566951 7.994561195 -1.017140508 -13.175891876 0.000000000 0.000000000 -12.000000000 -1.287210464 0.454076469 -0.003471622 0.000000000 0.000819080 0.000000000
1776617453.659891367 0.594166934 -0.026147824 0.200932354 0.026926046 0.998340368 -0.002739173 -0.050833374 7.968766212 -1.022144437 -13.156339645 0.000000000 0.000000000 -12.000000000 -1.332753181 0.466523856 -0.003634537 0.000000000 0.000807973 0.000000000
1776617453.663787365 0.594451010 -0.026130473 0.200933725 0.027078453 0.998355865 -0.002714687 -0.050447859 7.941772938 -1.027269125 -13.134982109 0.000000000 0.000000000 -12.000000000 -1.407805443 0.474810600 -0.003896443 0.000000000 0.000796242 0.000000000
1776617453.668375731 0.594451010 -0.026130473 0.200933725 0.027078453 0.998355865 -0.002714687 -0.050447859 7.913638592 -1.032523990 -13.111877441 0.000000000 0.000000000 -12.000000000 -1.383478165 0.474063963 -0.003826881 0.000000000 0.000784713 0.000000000
1776617453.673343182 0.594755769 -0.026120488 0.200934857 0.027225418 0.998372555 -0.002699161 -0.050037052 7.884424686 -1.037912965 -13.087088585 0.000000000 0.000000000 -12.000000000 -1.522089005 0.483220965 -0.004301601 0.000000000 0.000772029 0.000000000
1776617453.678554058 0.595051467 -0.026100775 0.200935930 0.027361866 0.998388827 -0.002671840 -0.049637508 7.854195595 -1.043434143 -13.060678482 0.000000000 0.000000000 -12.000000000 -1.434636116 0.488664955 -0.004022047 0.000000000 0.000760073 0.000000000
1776617453.683338165 0.595347106 -0.026080670 0.200934976 0.027484821 0.998405337 -0.002642027 -0.049238119 7.823019981 -1.049080372 -13.032713890 0.000000000 0.000000000 -12.000000000 -1.401909828 0.495166600 -0.003924642 0.000000000 0.000748391 0.000000000
1776617453.688567877 0.595634282 -0.026047852 0.200935185 0.027615283 0.998421073 -0.002596917 -0.048846494 7.790968895 -1.054840684 -13.003265381 0.000000000 0.000000000 -12.000000000 -1.341526985 0.501028955 -0.003734545 0.000000000 0.000737211 0.000000000
1776617453.693331242 0.595937788 -0.026009394 0.200938344 0.027756758 0.998437345 -0.002543523 -0.048435286 7.758118153 -1.060700536 -12.972405434 0.000000000 0.000000000 -12.000000000 -1.308843613 0.507566035 -0.003636508 0.000000000 0.000726304 0.000000000
1776617453.698744774 0.596235275 -0.025959777 0.200949669 0.027907016 0.998452842 -0.002476500 -0.048031546 7.724545002 -1.066643953 -12.940211296 0.000000000 0.000000000 -12.000000000 -1.224627495 0.515136182 -0.003365993 0.000000000 0.000716099 0.000000000
1776617453.703341722 0.596524060 -0.025902996 0.200959474 0.028047802 0.998467863 -0.002399757 -0.047638543 7.690329075 -1.072655678 -12.906766891 0.000000000 0.000000000 -12.000000000 -1.115828514 0.520097435 -0.003012628 0.000000000 0.000706801 0.000000000
1776617453.708558559 0.596800447 -0.025832841 0.200966269 0.028184980 0.998482347 -0.002306113 -0.047258075 7.655550003 -1.078723073 -12.872156143 0.000000000 0.000000000 -12.000000000 -1.079814911 0.526251554 -0.002901581 0.000000000 0.000697802 0.000000000
1776617453.713355064 0.597081363 -0.025755756 0.200975388 0.028310392 0.998497248 -0.002202177 -0.046871778 7.620285034 -1.084838390 -12.836463928 0.000000000 0.000000000 -12.000000000 -1.044029236 0.532661736 -0.002790996 0.000000000 0.000689102 0.000000000
1776617453.718391418 0.597359776 -0.025673570 0.200990051 0.028426910 0.998512030 -0.002091531 -0.046489261 7.584606647 -1.090999603 -12.799776077 0.000000000 0.000000000 -12.000000000 -0.952417374 0.538432598 -0.002493559 0.000000000 0.000681165 0.000000000
1776617453.723348618 0.597622633 -0.025577705 0.201001108 0.028543789 0.998525739 -0.001963926 -0.046126928 7.548584461 -1.097212315 -12.762175560 0.000000000 0.000000000 -12.000000000 -0.913613319 0.544380546 -0.002371826 0.000000000 0.000673552 0.000000000
1776617453.728369713 0.597886443 -0.025481313 0.201010197 0.028653866 0.998539627 -0.001834606 -0.045762155 7.512278080 -1.103489399 -12.723742485 0.000000000 0.000000000 -12.000000000 -0.814064026 0.548058271 -0.002046779 0.000000000 0.000666768 0.000000000
1776617453.733371019 0.598157525 -0.025381349 0.201020718 0.028754683 0.998554051 -0.001700364 -0.045387793 7.475742340 -1.109852672 -12.684553146 0.000000000 0.000000000 -12.000000000 -0.686889648 0.553817391 -0.001628588 0.000000000 0.000661044 0.000000000
1776617453.739990711 0.598432481 -0.025281362 0.201030016 0.028857280 0.998568475 -0.001566056 -0.045009393 7.439023018 -1.116330385 -12.644677162 0.000000000 0.000000000 -12.000000000 -0.637088776 0.560023129 -0.001467895 0.000000000 0.000655735 0.000000000
1776617453.743331671 0.598700762 -0.025181929 0.201035291 0.028972955 0.998581886 -0.001433466 -0.044640299 7.402157784 -1.122957468 -12.604180336 0.000000000 0.000000000 -12.000000000 -0.598006248 0.565420389 -0.001342603 0.000000000 0.000650751 0.000000000
1776617453.749974012 0.598968029 -0.025081258 0.201037943 0.029100018 0.998594761 -0.001299234 -0.044271778 7.365177631 -1.129773378 -12.563122749 0.000000000 0.000000000 -12.000000000 -0.550094604 0.571408093 -0.001187481 0.000000000 0.000646167 0.000000000
1776617453.755076408 0.599252999 -0.024987660 0.201039523 0.029231733 0.998608291 -0.001173032 -0.043881912 7.328105927 -1.136820674 -12.521558762 0.000000000 0.000000000 -12.000000000 -0.508164406 0.577758908 -0.001051949 0.000000000 0.000641932 0.000000000
1776617453.759974718 0.599536955 -0.024889052 0.201039374 0.029362636 0.998621583 -0.001041858 -0.043493208 7.290958405 -1.144143939 -12.479537010 0.000000000 0.000000000 -12.000000000 -0.262972832 0.584368765 -0.000236835 0.000000000 0.000639741 0.000000000
1776617453.765457153 0.600100160 -0.024687240 0.201038599 0.029613167 0.998647809 -0.000771378 -0.042720549 7.253745556 -1.151787758 -12.437100410 0.000000000 0.000000000 -12.000000000 -0.257074356 0.598111808 -0.000219316 0.000000000 0.000637599 0.000000000
1776617453.768716097 0.600375235 -0.024586473 0.201036096 0.029731549 0.998660505 -0.000636145 -0.042341460 7.216472626 -1.159796596 -12.394289017 0.000000000 0.000000000 -12.000000000 -0.191462517 0.604005933 -0.000002205 0.000000000 0.000636003 0.000000000
1776617453.773375034 0.600375235 -0.024586473 0.201036096 0.029731549 0.998660505 -0.000636145 -0.042341460 7.179141998 -1.168213606 -12.351138115 0.000000000 0.000000000 -12.000000000 -0.148667336 0.603161335 0.000139206 0.000000000 0.000634764 0.000000000
1776617453.778526068 0.600659013 -0.024484603 0.201036453 0.029848311 0.998673558 -0.000499216 -0.041951608 7.141751766 -1.177080393 -12.307682037 0.000000000 0.000000000 -12.000000000 -0.084981918 0.607859135 0.000350783 0.000000000 0.000634056 0.000000000
1776617453.783406496 0.600876987 -0.024352338 0.201025456 0.029979061 0.998682439 -0.000328134 -0.041647561 7.104293346 -1.186437011 -12.263954163 0.000000000 0.000000000 -12.000000000 -0.003065109 0.612654150 0.000623814 0.000000000 0.000634031 0.000000000
1776617453.788466692 0.601118505 -0.024215879 0.201027989 0.030123517 0.998691976 -0.000147466 -0.041314878 7.066749573 -1.196324348 -12.219990730 0.000000000 0.000000000 -12.000000000 0.058657646 0.617165446 0.000830045 0.000000000 0.000634519 0.000000000
1776617453.794930458 0.601340711 -0.024068521 0.201030642 0.030271526 0.998700142 0.000046258 -0.041008692 7.029093742 -1.206785083 -12.175827980 0.000000000 0.000000000 -12.000000000 0.101999283 0.622299433 0.000975367 0.000000000 0.000635369 0.000000000
1776617453.800152540 0.601700366 -0.023768665 0.201042742 0.030570855 0.998711228 0.000437312 -0.040510245 6.991286755 -1.217864037 -12.131506920 0.000000000 0.000000000 -12.000000000 0.170351982 0.626895070 0.001204629 0.000000000 0.000636789 0.000000000
1776617453.804100513 0.601833284 -0.023608407 0.201047748 0.030713076 0.998714268 0.000640329 -0.040324580 6.953279972 -1.229608178 -12.087069511 0.000000000 0.000000000 -12.000000000 0.198242188 0.628009558 0.001299248 0.000000000 0.000638441 0.000000000
1776617453.808733463 0.601833284 -0.023608407 0.201047748 0.030713076 0.998714268 0.000640329 -0.040324580 6.915013313 -1.242065191 -12.042562485 0.000000000 0.000000000 -12.000000000 0.241316795 0.627159595 0.001444841 0.000000000 0.000640452 0.000000000
1776617453.814275503 0.601945162 -0.023461936 0.201058209 0.030846708 0.998716414 0.000828253 -0.040166631 6.876415253 -1.255282760 -11.998037338 0.000000000 0.000000000 -12.000000000 0.284402847 0.629321814 0.001590831 0.000000000 0.000642822 0.000000000
1776617453.819176197 0.602039874 -0.023322634 0.201073498 0.030966923 0.998717904 0.001005355 -0.040032912 6.837403297 -1.269306660 -11.953548431 0.000000000 0.000000000 -12.000000000 0.327443123 0.631671131 0.001737028 0.000000000 0.000645551 0.000000000
1776617453.823343277 0.602096558 -0.023231536 0.201086551 0.031065321 0.998718202 0.001124608 -0.039945107 6.797883511 -1.284178972 -11.909157753 0.000000000 0.000000000 -12.000000000 0.363622665 0.632481456 0.001860657 0.000000000 0.000648581 0.000000000
1776617453.828395367 0.602143168 -0.023176616 0.201101512 0.031134941 0.998718917 0.001193897 -0.039870519 6.757752895 -1.299933553 -11.864926338 0.000000000 0.000000000 -12.000000000 0.406497002 0.632170200 0.002006958 0.000000000 0.000651968 0.000000000
1776617453.833614111 0.602173746 -0.023153216 0.201117694 0.031180343 0.998719692 0.001220996 -0.039815065 6.716897964 -1.316592932 -11.820920944 0.000000000 0.000000000 -12.000000000 0.449129105 0.630746543 0.002152808 0.000000000 0.000655711 0.000000000
1776617453.838652134 0.602186978 -0.023155671 0.201132983 0.031212071 0.998720050 0.001213921 -0.039781541 6.675202370 -1.334164977 -11.777205467 0.000000000 0.000000000 -12.000000000 0.491451263 0.628348649 0.002297977 0.000000000 0.000659807 0.000000000
1776617453.843401909 0.602191389 -0.023162026 0.201146543 0.031245954 0.998719931 0.001204165 -0.039758831 6.632544518 -1.352642417 -11.733840942 0.000000000 0.000000000 -12.000000000 0.533397675 0.626713395 0.002442244 0.000000000 0.000664252 0.000000000
1776617453.848420382 0.602198899 -0.023162900 0.201161891 0.031282779 0.998719811 0.001202454 -0.039733015 6.588806629 -1.372002840 -11.690882683 0.000000000 0.000000000 -12.000000000 0.574908257 0.625383258 0.002585403 0.000000000 0.000669042 0.000000000
1776617453.853392124 0.602203846 -0.023162797 0.201177061 0.031330772 0.998719215 0.001201314 -0.039709080 6.543874264 -1.392209291 -11.648377419 0.000000000 0.000000000 -12.000000000 0.615931511 0.623695970 0.002727280 0.000000000 0.000674175 0.000000000
1776617453.858404875 0.602212489 -0.023161910 0.201190948 0.031390458 0.998718500 0.001200533 -0.039680384 6.497642040 -1.413211465 -11.606356621 0.000000000 0.000000000 -12.000000000 0.656431198 0.622655869 0.002867749 0.000000000 0.000679645 0.000000000
1776617453.863457918 0.602222621 -0.023161167 0.201203525 0.031461686 0.998717487 0.001199032 -0.039650425 6.450014114 -1.434945226 -11.564842224 0.000000000 0.000000000 -12.000000000 0.696380615 0.621750057 0.003006717 0.000000000 0.000685449 0.000000000
1776617453.868372440 0.602235615 -0.023161085 0.201213866 0.031547107 0.998716056 0.001196802 -0.039617907 6.400908470 -1.457333565 -11.523836136 0.000000000 0.000000000 -12.000000000 0.735774040 0.619863868 0.003144160 0.000000000 0.000691580 0.000000000
1776617453.873358488 0.602250040 -0.023162805 0.201224029 0.031635795 0.998714626 0.001192864 -0.039583102 6.350258350 -1.480286837 -11.483326912 0.000000000 0.000000000 -12.000000000 0.774621010 0.619138539 0.003280105 0.000000000 0.000698035 0.000000000
1776617453.880108833 0.602266014 -0.023166247 0.201232672 0.031730451 0.998713136 0.001187660 -0.039546173 6.298014641 -1.503704786 -11.443285942 0.000000000 0.000000000 -12.000000000 0.812944412 0.618458152 0.003414625 0.000000000 0.000704810 0.000000000
1776617453.883441210 0.602300048 -0.023169002 0.201244771 0.031932224 0.998709619 0.001179051 -0.039471705 6.244146824 -1.527478456 -11.403667450 0.000000000 0.000000000 -12.000000000 0.876098633 0.616110444 0.003632440 0.000000000 0.000712111 0.000000000
1776617453.888935328 0.602300048 -0.023169002 0.201244771 0.031932224 0.998709619 0.001179051 -0.039471705 6.188644409 -1.551492810 -11.364411354 0.000000000 0.000000000 -12.000000000 0.912999153 0.615716398 0.003763049 0.000000000 0.000719719 0.000000000
1776617453.893518209 0.602320492 -0.023168938 0.201249242 0.032032363 0.998708010 0.001175340 -0.039432105 6.131516933 -1.575628519 -11.325442314 0.000000000 0.000000000 -12.000000000 0.949542999 0.615381420 0.003892775 0.000000000 0.000727632 0.000000000
1776617453.898331642 0.602340460 -0.023167692 0.201252192 0.032123994 0.998706520 0.001172625 -0.039394744 6.072793007 -1.599763632 -11.286671638 0.000000000 0.000000000 -12.000000000 0.985817909 0.615083754 0.004021907 0.000000000 0.000735847 0.000000000
1776617453.903511763 0.602358818 -0.023165720 0.201253623 0.032207370 0.998705208 0.001169885 -0.039360672 6.012522221 -1.623775244 -11.248001099 0.000000000 0.000000000 -12.000000000 1.021925926 0.614781857 0.004150783 0.000000000 0.000744363 0.000000000
1776617453.908352375 0.602363169 -0.023165017 0.201249003 0.032287095 0.998703241 0.001165099 -0.039345477 5.950774670 -1.647539854 -11.209327698 0.000000000 0.000000000 -12.000000000 1.057971001 0.614646018 0.004279749 0.000000000 0.000753179 0.000000000
1776617453.913358688 0.602373481 -0.023162661 0.201245278 0.032368261 0.998701453 0.001161825 -0.039324269 5.887639046 -1.670935035 -11.170540810 0.000000000 0.000000000 -12.000000000 1.094065666 0.614160419 0.004409182 0.000000000 0.000762297 0.000000000
1776617453.918368340 0.602385938 -0.023161223 0.201240987 0.032451179 0.998699665 0.001158375 -0.039300866 5.823221207 -1.693840265 -11.131529808 0.000000000 0.000000000 -12.000000000 1.130326271 0.613692701 0.004539470 0.000000000 0.000771716 0.000000000
1776617453.923346281 0.602399290 -0.023160979 0.201234847 0.032546245 0.998697519 0.001154279 -0.039276551 5.757644176 -1.716137886 -11.092185020 0.000000000 0.000000000 -12.000000000 1.166867256 0.613202214 0.004670997 0.000000000 0.000781440 0.000000000
1776617453.928948641 0.602412045 -0.023161435 0.201227546 0.032644708 0.998695254 0.001150156 -0.039253492 5.691045284 -1.737714052 -11.052402496 0.000000000 0.000000000 -12.000000000 1.203796387 0.612669170 0.004804126 0.000000000 0.000791472 0.000000000
1776617453.934145212 0.602423966 -0.023162352 0.201219022 0.032731920 0.998693228 0.001146341 -0.039232668 5.623574734 -1.758459449 -11.012086868 0.000000000 0.000000000 -12.000000000 1.241217613 0.612113833 0.004939207 0.000000000 0.000801815 0.000000000
1776617453.939955235 0.602435827 -0.023163361 0.201209903 0.032802310 0.998691678 0.001143231 -0.039212927 5.555395603 -1.778269887 -10.971153259 0.000000000 0.000000000 -12.000000000 1.279220581 0.611566365 0.005076544 0.000000000 0.000812475 0.000000000
1776617453.943589211 0.602444410 -0.023164170 0.201200157 0.032864917 0.998690188 0.001140399 -0.039197732 5.486680984 -1.797046542 -10.929533005 0.000000000 0.000000000 -12.000000000 1.317880630 0.610942960 0.005216393 0.000000000 0.000823458 0.000000000
1776617453.948688984 0.602451324 -0.023164878 0.201190710 0.032922633 0.998688817 0.001137805 -0.039184984 5.417611599 -1.814697027 -10.887172699 0.000000000 0.000000000 -12.000000000 1.357259750 0.610280931 0.005358967 0.000000000 0.000834768 0.000000000
1776617453.953394890 0.602456152 -0.023165207 0.201181829 0.032974709 0.998687506 0.001135632 -0.039175220 5.348376751 -1.831136107 -10.844040871 0.000000000 0.000000000 -12.000000000 1.397396088 0.609574139 0.005504400 0.000000000 0.000846413 0.000000000
1776617453.958344460 0.602458656 -0.023165520 0.201173484 0.033024482 0.998686135 0.001133526 -0.039168213 5.279170513 -1.846285462 -10.800125122 0.000000000 0.000000000 -12.000000000 1.438310623 0.608803332 0.005652768 0.000000000 0.000858399 0.000000000
1776617453.963348627 0.602460146 -0.023165671 0.201166719 0.033072654 0.998684764 0.001131610 -0.039162695 5.210190296 -1.860075474 -10.755434036 0.000000000 0.000000000 -12.000000000 1.480004311 0.608010471 0.005804081 0.000000000 0.000870732 0.000000000
1776617453.968342543 0.602461278 -0.023165405 0.201161802 0.033122562 0.998683274 0.001129660 -0.039157901 5.141636372 -1.872444630 -10.710001945 0.000000000 0.000000000 -12.000000000 1.522450447 0.607227862 0.005958254 0.000000000 0.000883419 0.000000000
1776617453.973498821 0.602462590 -0.023164403 0.201157808 0.033171851 0.998681843 0.001127853 -0.039153110 5.073708057 -1.883340359 -10.663884163 0.000000000 0.000000000 -12.000000000 1.565601349 0.605533361 0.006115137 0.000000000 0.000896466 0.000000000
1776617453.978374004 0.602464974 -0.023162743 0.201155037 0.033224065 0.998680294 0.001125822 -0.039147425 5.006604671 -1.892719150 -10.617159843 0.000000000 0.000000000 -12.000000000 1.609387398 0.604838729 0.006274502 0.000000000 0.000909878 0.000000000
1776617453.983340979 0.602469146 -0.023161225 0.201153368 0.033283155 0.998678684 0.001123344 -0.039139658 4.940522194 -1.900547266 -10.569930077 0.000000000 0.000000000 -12.000000000 1.653716087 0.604184747 0.006436046 0.000000000 0.000923659 0.000000000
1776617453.990373135 0.602475047 -0.023160337 0.201152235 0.033355571 0.998676598 0.001120293 -0.039130256 4.875650883 -1.906800508 -10.522315979 0.000000000 0.000000000 -12.000000000 1.698473930 0.603548944 0.006599392 0.000000000 0.000937813 0.000000000
1776617453.994918585 0.602490783 -0.023160169 0.201151490 0.033533327 0.998671532 0.001112823 -0.039108183 4.812175274 -1.911465168 -10.474456787 0.000000000 0.000000000 -12.000000000 1.743531227 0.603137732 0.006764113 0.000000000 0.000952342 0.000000000
1776617453.999948025 0.602490783 -0.023160169 0.201151490 0.033533327 0.998671532 0.001112823 -0.039108183 4.750272751 -1.914537907 -10.426507950 0.000000000 0.000000000 -12.000000000 1.788738251 0.602321386 0.006929709 0.000000000 0.000967248 0.000000000
1776617454.004957676 0.602498829 -0.023160573 0.201151282 0.033639144 0.998668373 0.001108430 -0.039097410 4.690107822 -1.916025877 -10.378638268 0.000000000 0.000000000 -12.000000000 1.833936691 0.601695120 0.007095653 0.000000000 0.000982531 0.000000000
1776617454.009869099 0.602506399 -0.023160918 0.201150656 0.033745144 0.998665214 0.001104182 -0.039087407 4.631836891 -1.915946841 -10.331029892 0.000000000 0.000000000 -12.000000000 1.878948212 0.601058006 0.007261349 0.000000000 0.000998189 0.000000000
1776617454.014873743 0.602513969 -0.023161408 0.201149911 0.033831675 0.998662710 0.001100473 -0.039077386 4.575601578 -1.914328456 -10.283868790 0.000000000 0.000000000 -12.000000000 1.923595428 0.600421309 0.007426203 0.000000000 0.001014219 0.000000000
1776617454.019486189 0.602521062 -0.023161843 0.201148689 0.033904750 0.998660564 0.001097441 -0.039068036 4.521530628 -1.911208510 -10.237349510 0.000000000 0.000000000 -12.000000000 1.967689514 0.599773109 0.007589581 0.000000000 0.001030616 0.000000000
1776617454.024837494 0.602526367 -0.023161979 0.201147348 0.033970837 0.998658597 0.001094732 -0.039060865 4.469738007 -1.906633854 -10.191665649 0.000000000 0.000000000 -12.000000000 2.011040688 0.592273116 0.007750844 0.000000000 0.001047375 0.000000000
1776617454.028512001 0.602530122 -0.023162009 0.201145649 0.034032144 0.998656750 0.001092243 -0.039055575 4.420322418 -1.900660396 -10.147010803 0.000000000 0.000000000 -12.000000000 2.053462029 0.591538310 0.007909360 0.000000000 0.001064487 0.000000000
1776617454.035104752 0.602532506 -0.023161547 0.201143324 0.034088433 0.998654962 0.001090182 -0.039052013 4.373367310 -1.893351674 -10.103576660 0.000000000 0.000000000 -12.000000000 2.094765663 0.590688527 0.008064495 0.000000000 0.001081944 0.000000000
1776617454.038423538 0.602533221 -0.023160424 0.201136768 0.034203369 0.998651147 0.001085654 -0.039049234 4.328938961 -1.884777784 -10.061545372 0.000000000 0.000000000 -12.000000000 2.134772301 0.591018081 0.008215641 0.000000000 0.001099733 0.000000000
1776617454.043887854 0.602533221 -0.023160424 0.201136768 0.034203369 0.998651147 0.001085654 -0.039049234 4.287088394 -1.875014663 -10.021096230 0.000000000 0.000000000 -12.000000000 2.173305511 0.590199292 0.008362196 0.000000000 0.001117844 0.000000000
1776617454.048355341 0.602532506 -0.023159890 0.201132596 0.034267083 0.998649001 0.001083122 -0.039048798 4.247850418 -1.864141941 -9.982395172 0.000000000 0.000000000 -12.000000000 2.210201263 0.589365482 0.008503600 0.000000000 0.001136262 0.000000000
1776617454.053338051 0.602531612 -0.023159385 0.201128155 0.034335300 0.998646677 0.001080481 -0.039048567 4.211244583 -1.852243185 -9.945599556 0.000000000 0.000000000 -12.000000000 2.245304108 0.588526547 0.008639321 0.000000000 0.001154973 0.000000000
1776617454.058421135 0.602530539 -0.023158770 0.201123506 0.034410160 0.998644054 0.001077661 -0.039048467 4.177274704 -1.839403272 -9.910853386 0.000000000 0.000000000 -12.000000000 2.278470993 0.587724447 0.008768864 0.000000000 0.001173961 0.000000000
1776617454.063324213 0.602529764 -0.023158610 0.201118708 0.034498382 0.998641074 0.001074152 -0.039047994 4.145929337 -1.825708508 -9.878291130 0.000000000 0.000000000 -12.000000000 2.309565544 0.586885333 0.008891759 0.000000000 0.001193207 0.000000000
1776617454.068421841 0.602529585 -0.023158474 0.201114058 0.034594495 0.998637795 0.001070421 -0.039046716 4.117182732 -1.811244607 -9.848030090 0.000000000 0.000000000 -12.000000000 2.338472366 0.586064517 0.009007602 0.000000000 0.001212694 0.000000000
1776617454.073417902 0.602530241 -0.023158714 0.201108932 0.034696713 0.998634338 0.001066312 -0.039044462 4.090996742 -1.796096444 -9.820176125 0.000000000 0.000000000 -12.000000000 2.365082741 0.585259080 0.009116013 0.000000000 0.001232403 0.000000000
1776617454.078364372 0.602532804 -0.023158904 0.201104045 0.034793280 0.998631179 0.001062409 -0.039039861 4.067319870 -1.780347109 -9.794822693 0.000000000 0.000000000 -12.000000000 2.389303207 0.584515691 0.009216658 0.000000000 0.001252314 0.000000000
1776617454.083357096 0.602537334 -0.023159198 0.201099128 0.034872375 0.998628676 0.001059142 -0.039032731 4.046088219 -1.764077902 -9.772046089 0.000000000 0.000000000 -12.000000000 2.411053658 0.583826840 0.009309252 0.000000000 0.001272406 0.000000000
1776617454.088859081 0.602543175 -0.023159571 0.201094002 0.034931172 0.998626947 0.001056673 -0.039023876 4.027227879 -1.747367859 -9.751913071 0.000000000 0.000000000 -12.000000000 2.430262566 0.583171606 0.009393534 0.000000000 0.001292658 0.000000000
1776617454.093574524 0.602550209 -0.023159994 0.201089263 0.034977991 0.998625755 0.001054517 -0.039013509 4.010655403 -1.730293393 -9.734476089 0.000000000 0.000000000 -12.000000000 2.446878433 0.582551003 0.009469310 0.000000000 0.001313049 0.000000000
1776617454.098396778 0.602557480 -0.023160283 0.201084584 0.035014205 0.998624861 0.001052977 -0.039002918 3.996278048 -1.712928891 -9.719772339 0.000000000 0.000000000 -12.000000000 2.460858345 0.581937969 0.009536417 0.000000000 0.001333556 0.000000000
1776617454.103386402 0.602564454 -0.023160296 0.201080263 0.035048004 0.998624086 0.001051450 -0.038992658 3.983996391 -1.695345521 -9.707829475 0.000000000 0.000000000 -12.000000000 2.472170830 0.581327498 0.009594727 0.000000000 0.001354157 0.000000000
1776617454.108364344 0.602570117 -0.023160230 0.201076210 0.035082787 0.998623192 0.001049843 -0.038984135 3.973705292 -1.677611947 -9.698661804 0.000000000 0.000000000 -12.000000000 2.480795860 0.580682576 0.009644150 0.000000000 0.001374831 0.000000000
1776617454.113343716 0.602574408 -0.023159984 0.201072276 0.035120286 0.998622179 0.001048234 -0.038977437 3.965293884 -1.659794331 -9.692271233 0.000000000 0.000000000 -12.000000000 2.486729622 0.576709628 0.009684652 0.000000000 0.001395553 0.000000000
1776617454.118415356 0.602578163 -0.023159774 0.201068819 0.035164464 0.998620868 0.001046348 -0.038971409 3.958649158 -1.641955972 -9.688650131 0.000000000 0.000000000 -12.000000000 2.489973068 0.576008856 0.009716214 0.000000000 0.001416303 0.000000000
1776617454.123489857 0.602581143 -0.023159768 0.201065451 0.035218414 0.998619139 0.001044099 -0.038966436 3.953654289 -1.624157906 -9.687777519 0.000000000 0.000000000 -12.000000000 2.490544319 0.575277150 0.009738872 0.000000000 0.001437058 0.000000000
1776617454.128603458 0.602584004 -0.023159795 0.201062232 0.035287872 0.998616874 0.001041272 -0.038961571 3.950191975 -1.606458306 -9.689622879 0.000000000 0.000000000 -12.000000000 2.488466263 0.572400093 0.009752682 0.000000000 0.001457795 0.000000000
1776617454.134232998 0.602586031 -0.023159774 0.201058954 0.035365917 0.998614252 0.001038030 -0.038957939 3.948144197 -1.588912964 -9.694146156 0.000000000 0.000000000 -12.000000000 2.483777046 0.571650028 0.009757750 0.000000000 0.001478493 0.000000000
1776617454.139933586 0.602587640 -0.023159770 0.201055616 0.035457633 0.998611152 0.001034512 -0.038954768 3.947393417 -1.571574807 -9.701297760 0.000000000 0.000000000 -12.000000000 2.476518631 0.570884526 0.009754192 0.000000000 0.001499131 0.000000000
1776617454.143760204 0.602589011 -0.023159860 0.201052397 0.035564620 0.998607457 0.001030214 -0.038951978 3.947823524 -1.554493666 -9.711017609 0.000000000 0.000000000 -12.000000000 2.466747284 0.570116282 0.009742178 0.000000000 0.001519687 0.000000000
1776617454.148577929 0.602590263 -0.023159945 0.201049089 0.035679910 0.998603463 0.001025545 -0.038949434 3.949320555 -1.537716627 -9.723238945 0.000000000 0.000000000 -12.000000000 2.454524994 0.571489275 0.009721891 0.000000000 0.001540141 0.000000000
1776617454.153338194 0.602591634 -0.023159962 0.201045752 0.035793312 0.998599470 0.001021172 -0.038946610 3.951772213 -1.521287441 -9.737887383 0.000000000 0.000000000 -12.000000000 2.439922333 0.570728719 0.009693548 0.000000000 0.001560474 0.000000000
1776617454.158567905 0.602593184 -0.023159783 0.201042175 0.035898883 0.998595834 0.001016975 -0.038943697 3.955070257 -1.505246162 -9.754878998 0.000000000 0.000000000 -12.000000000 2.423017502 0.569989443 0.009657390 0.000000000 0.001580666 0.000000000
1776617454.163362503 0.602594078 -0.023159564 0.201038569 0.035979670 0.998593032 0.001013837 -0.038941503 3.959108829 -1.489629388 -9.774127960 0.000000000 0.000000000 -12.000000000 2.403890610 0.569230080 0.009613668 0.000000000 0.001600698 0.000000000
1776617454.168355227 0.602594852 -0.023158886 0.201034874 0.036036093 0.998591065 0.001011530 -0.038939379 3.963786364 -1.474469662 -9.795537949 0.000000000 0.000000000 -12.000000000 2.382636070 0.568492115 0.009562674 0.000000000 0.001620554 0.000000000
1776617454.173589230 0.602595687 -0.023158094 0.201031148 0.036080282 0.998589575 0.001009854 -0.038937211 3.969005108 -1.459795356 -9.819010735 0.000000000 0.000000000 -12.000000000 2.359345436 0.567754149 0.009504699 0.000000000 0.001640215 0.000000000
1776617454.178553581 0.602596164 -0.023157390 0.201027304 0.036118422 0.998588264 0.001008410 -0.038935512 3.974671125 -1.445630312 -9.844444275 0.000000000 0.000000000 -12.000000000 2.334117889 0.567000210 0.009440059 0.000000000 0.001659666 0.000000000
1776617454.184372187 0.602596581 -0.023156794 0.201023608 0.036155555 0.998586953 0.001006915 -0.038933843 3.980695963 -1.431993127 -9.871730804 0.000000000 0.000000000 -12.000000000 2.307059288 0.565639496 0.009369089 0.000000000 0.001678891 0.000000000
1776617454.189273834 0.602596819 -0.023156501 0.201020062 0.036195237 0.998585582 0.001005295 -0.038932566 3.986994982 -1.418897390 -9.900763512 0.000000000 0.000000000 -12.000000000 2.278269768 0.564860582 0.009292109 0.000000000 0.001697877 0.000000000
1776617454.193677902 0.602597058 -0.023156205 0.201016873 0.036243085 0.998583913 0.001003513 -0.038931236 3.993488550 -1.406351328 -9.931432724 0.000000000 0.000000000 -12.000000000 2.247856140 0.564080894 0.009209463 0.000000000 0.001716609 0.000000000
1776617454.198559523 0.602597952 -0.023156229 0.201013654 0.036299028 0.998581946 0.001001247 -0.038929198 4.000102520 -1.394358397 -9.963625908 0.000000000 0.000000000 -12.000000000 2.215927124 0.563312054 0.009121499 0.000000000 0.001735075 0.000000000
1776617454.203342676 0.602599323 -0.023156349 0.201010466 0.036369666 0.998579502 0.000998436 -0.038926482 4.006766319 -1.382916570 -9.997232437 0.000000000 0.000000000 -12.000000000 2.182592392 0.562555432 0.009028572 0.000000000 0.001753263 0.000000000
1776617454.208409309 0.602600932 -0.023156451 0.201007426 0.036455002 0.998576462 0.000995038 -0.038923424 4.013415813 -1.372019291 -10.032140732 0.000000000 0.000000000 -12.000000000 2.147957802 0.561809301 0.008931022 0.000000000 0.001771163 0.000000000
1776617454.213354349 0.602602839 -0.023156527 0.201004207 0.036550362 0.998573124 0.000991285 -0.038920105 4.019990921 -1.361655474 -10.068241119 0.000000000 0.000000000 -12.000000000 2.112132072 0.561075211 0.008829204 0.000000000 0.001788764 0.000000000
1776617454.218470573 0.602604747 -0.023156634 0.201001227 0.036655258 0.998569429 0.000987147 -0.038916796 4.026436806 -1.351810217 -10.105422020 0.000000000 0.000000000 -12.000000000 2.075223923 0.560341835 0.008723470 0.000000000 0.001806058 0.000000000
1776617454.223332405 0.602606416 -0.023156805 0.200998336 0.036756799 0.998565793 0.000983020 -0.038913753 4.032702923 -1.342465639 -10.143575668 0.000000000 0.000000000 -12.000000000 2.037337303 0.559604347 0.008614159 0.000000000 0.001823035 0.000000000
1776617454.228510380 0.602608085 -0.023156893 0.200995773 0.036851812 0.998562455 0.000979267 -0.038910765 4.038744450 -1.333600879 -10.182594299 0.000000000 0.000000000 -12.000000000 1.998579025 0.558868527 0.008501620 0.000000000 0.001839690 0.000000000
1776617454.234492779 0.602609992 -0.023156768 0.200993240 0.036935735 0.998559475 0.000976009 -0.038907703 4.044519901 -1.325194001 -10.222374916 0.000000000 0.000000000 -12.000000000 1.959050179 0.558149457 0.008386183 0.000000000 0.001856016 0.000000000
1776617454.239337444 0.602611899 -0.023156686 0.200990707 0.036998399 0.998557270 0.000973485 -0.038904563 4.049993992 -1.317221522 -10.262814522 0.000000000 0.000000000 -12.000000000 1.918852806 0.560459852 0.008268182 0.000000000 0.001872006 0.000000000
1776617454.243738174 0.602613807 -0.023156382 0.200988293 0.037041981 0.998555779 0.000971737 -0.038901430 4.055133820 -1.309659243 -10.303812981 0.000000000 0.000000000 -12.000000000 1.878084183 0.559756815 0.008147937 0.000000000 0.001887657 0.000000000
1776617454.248667955 0.602615654 -0.023156069 0.200985909 0.037071850 0.998554766 0.000970513 -0.038898557 4.059913158 -1.302482843 -10.345276833 0.000000000 0.000000000 -12.000000000 1.836836815 0.559051752 0.008025753 0.000000000 0.001902964 0.000000000
1776617454.253478765 0.602617562 -0.023155941 0.200983584 0.037096929 0.998553932 0.000969348 -0.038895618 4.064309597 -1.295668125 -10.387111664 0.000000000 0.000000000 -12.000000000 1.795203209 0.558342934 0.007901935 0.000000000 0.001917924 0.000000000
1776617454.258401871 0.602618933 -0.023155501 0.200981081 0.037120603 0.998553157 0.000968464 -0.038893275 4.068304062 -1.289191723 -10.429229736 0.000000000 0.000000000 -12.000000000 1.753270149 0.557627678 0.007776768 0.000000000 0.001932534 0.000000000
1776617454.263335228 0.602620780 -0.023155510 0.200978518 0.037148505 0.998552263 0.000967243 -0.038890429 4.071883202 -1.283030272 -10.471547127 0.000000000 0.000000000 -12.000000000 1.711121559 0.556909204 0.007650532 0.000000000 0.001946794 0.000000000
1776617454.268343449 0.602622271 -0.023155300 0.200975806 0.037185900 0.998550951 0.000965752 -0.038887922 4.075037479 -1.277161717 -10.513983727 0.000000000 0.000000000 -12.000000000 1.668837547 0.556190491 0.007523492 0.000000000 0.001960701 0.000000000
1776617454.273611307 0.602623582 -0.023155291 0.200973183 0.037239350 0.998549044 0.000963635 -0.038885519 4.077761650 -1.271564126 -10.556466103 0.000000000 0.000000000 -12.000000000 1.626489639 0.555768728 0.007395887 0.000000000 0.001974255 0.000000000
1776617454.278412819 0.602624953 -0.023155291 0.200970501 0.037305322 0.998546720 0.000960930 -0.038882885 4.080054283 -1.266216278 -10.598921776 0.000000000 0.000000000 -12.000000000 1.584150314 0.555716157 0.007267958 0.000000000 0.001987456 0.000000000
1776617454.283736706 0.602626264 -0.023155184 0.200967759 0.037389193 0.998543680 0.000957676 -0.038880363 4.081917763 -1.261097789 -10.641285896 0.000000000 0.000000000 -12.000000000 1.541884422 0.554996371 0.007139920 0.000000000 0.002000305 0.000000000
1776617454.288443804 0.602628291 -0.023155253 0.200965047 0.037494201 0.998539865 0.000953422 -0.038876962 4.083358288 -1.256188393 -10.683497429 0.000000000 0.000000000 -12.000000000 1.499754906 0.554289162 0.007011986 0.000000000 0.002012803 0.000000000
1776617454.293812037 0.602630317 -0.023155047 0.200962126 0.037609279 0.998535693 0.000948928 -0.038873509 4.084385872 -1.251469016 -10.725501060 0.000000000 0.000000000 -12.000000000 1.457814217 0.553596258 0.006884332 0.000000000 0.002024951 0.000000000
1776617454.298404932 0.602633417 -0.023154996 0.200959235 0.037727538 0.998531401 0.000944213 -0.038868740 4.085013866 -1.246920466 -10.767245293 0.000000000 0.000000000 -12.000000000 1.416117668 0.553397954 0.006757145 0.000000000 0.002036752 0.000000000
1776617454.305057049 0.602637053 -0.023154693 0.200956345 0.037844919 0.998527169 0.000939575 -0.038863227 4.085258007 -1.242524505 -10.808681488 0.000000000 0.000000000 -12.000000000 1.374711037 0.552754402 0.006630579 0.000000000 0.002048208 0.000000000
1776617454.308375120 0.602644086 -0.023154141 0.200950623 0.038057581 0.998519540 0.000931118 -0.038852502 4.085137367 -1.238263249 -10.849768639 0.000000000 0.000000000 -12.000000000 1.333639145 0.552203417 0.006504786 0.000000000 0.002059322 0.000000000
1776617454.314981461 0.602644086 -0.023154141 0.200950623 0.038057581 0.998519540 0.000931118 -0.038852502 4.084672451 -1.234119654 -10.890468597 0.000000000 0.000000000 -12.000000000 1.292938232 0.551456213 0.006379890 0.000000000 0.002070097 0.000000000
1776617454.318420410 0.602647543 -0.023153666 0.200948119 0.038135506 0.998516738 0.000928117 -0.038847513 4.083886147 -1.230077386 -10.930747986 0.000000000 0.000000000 -12.000000000 1.252645493 0.552533984 0.006256021 0.000000000 0.002080535 0.000000000
1776617454.323349714 0.602651060 -0.023153441 0.200946122 0.038198344 0.998514533 0.000925590 -0.038842365 4.082802773 -1.226120949 -10.970579147 0.000000000 0.000000000 -12.000000000 1.212785721 0.551882684 0.006133261 0.000000000 0.002090642 0.000000000
1776617454.328940392 0.602654576 -0.023153348 0.200944275 0.038251527 0.998512685 0.000923395 -0.038837295 4.081448078 -1.222235918 -11.009934425 0.000000000 0.000000000 -12.000000000 1.173391342 0.551227033 0.006011724 0.000000000 0.002100420 0.000000000
1776617454.333383322 0.602658689 -0.023153389 0.200942874 0.038304742 0.998510897 0.000921254 -0.038831569 4.079848289 -1.218408942 -11.048795700 0.000000000 0.000000000 -12.000000000 1.133112907 0.550327361 0.005886906 0.000000000 0.002109863 0.000000000
1776617454.338409424 0.602661908 -0.023153340 0.200941414 0.038359679 0.998508990 0.000919025 -0.038827129 4.078030109 -1.214627624 -11.087142944 0.000000000 0.000000000 -12.000000000 1.094710350 0.549664378 0.005768020 0.000000000 0.002118985 0.000000000
1776617454.343467951 0.602665305 -0.023153404 0.200940460 0.038420476 0.998506784 0.000916594 -0.038822547 4.076021194 -1.210880280 -11.124964714 0.000000000 0.000000000 -12.000000000 1.056823730 0.549002171 0.005650538 0.000000000 0.002127792 0.000000000
1776617454.348409653 0.602668762 -0.023153525 0.200939745 0.038484417 0.998504519 0.000914112 -0.038817961 4.073848724 -1.207156777 -11.162247658 0.000000000 0.000000000 -12.000000000 1.019468307 0.549912155 0.005534515 0.000000000 0.002136288 0.000000000
1776617454.353393793 0.602672458 -0.023153771 0.200939238 0.038552139 0.998502076 0.000911310 -0.038813114 4.071540833 -1.203447580 -11.198983192 0.000000000 0.000000000 -12.000000000 0.982653618 0.549259841 0.005419988 0.000000000 0.002144476 0.000000000
1776617454.358606100 0.602676213 -0.023153868 0.200938880 0.038615752 0.998499811 0.000908756 -0.038808353 4.069123745 -1.199744344 -11.235166550 0.000000000 0.000000000 -12.000000000 0.946386337 0.548666239 0.005306984 0.000000000 0.002152363 0.000000000
1776617454.363391399 0.602679729 -0.023154022 0.200938523 0.038673788 0.998497784 0.000906392 -0.038803827 4.066625118 -1.196039677 -11.270792007 0.000000000 0.000000000 -12.000000000 0.910672188 0.548017502 0.005195525 0.000000000 0.002159952 0.000000000
1776617454.369924784 0.602683008 -0.023154015 0.200938404 0.038729023 0.998495758 0.000904192 -0.038799718 4.064070702 -1.192327261 -11.305856705 0.000000000 0.000000000 -12.000000000 0.875516891 0.549004734 0.005085637 0.000000000 0.002167248 0.000000000
1776617454.374199152 0.602686048 -0.023154033 0.200938404 0.038780663 0.998493910 0.000902121 -0.038795751 4.061485767 -1.188601494 -11.340358734 0.000000000 0.000000000 -12.000000000 0.840921402 0.548352838 0.004977327 0.000000000 0.002174255 0.000000000
1776617454.378794909 0.602688611 -0.023154022 0.200938284 0.038830962 0.998492122 0.000900129 -0.038792565 4.058895111 -1.184857845 -11.374294281 0.000000000 0.000000000 -12.000000000 0.806892395 0.547690153 0.004870621 0.000000000 0.002180980 0.000000000
1776617454.383363247 0.602691293 -0.023153985 0.200938314 0.038880795 0.998490274 0.000898232 -0.038789075 4.056323051 -1.181092381 -11.407662392 0.000000000 0.000000000 -12.000000000 0.773429871 0.547031462 0.004765525 0.000000000 0.002187425 0.000000000
1776617454.388339043 0.602693856 -0.023154082 0.200938284 0.038926456 0.998488665 0.000896296 -0.038785767 4.053792477 -1.177302003 -11.440460205 0.000000000 0.000000000 -12.000000000 0.740539551 0.546369135 0.004662061 0.000000000 0.002193596 0.000000000
1776617454.393342495 0.602696002 -0.023154121 0.200938344 0.038972761 0.998486936 0.000894438 -0.038783025 4.051324368 -1.173484206 -11.472683907 0.000000000 0.000000000 -12.000000000 0.708226204 0.545697987 0.004560252 0.000000000 0.002199498 0.000000000
1776617454.398334503 0.602698565 -0.023154041 0.200938672 0.039021898 0.998485148 0.000892513 -0.038779568 4.048940659 -1.169637084 -11.504329681 0.000000000 0.000000000 -12.000000000 0.676492691 0.545043409 0.004460111 0.000000000 0.002205135 0.000000000
1776617454.403492928 0.602700949 -0.023154020 0.200938791 0.039078481 0.998483062 0.000890318 -0.038776442 4.046659946 -1.165759206 -11.535391808 0.000000000 0.000000000 -12.000000000 0.645346642 0.544382215 0.004361669 0.000000000 0.002210513 0.000000000
1776617454.408382177 0.602703810 -0.023153840 0.200939238 0.039135143 0.998481035 0.000888060 -0.038772754 4.044500828 -1.161849380 -11.565860748 0.000000000 0.000000000 -12.000000000 0.614798546 0.543743253 0.004264965 0.000000000 0.002215636 0.000000000
1776617454.413355350 0.602706134 -0.023153597 0.200939536 0.039191976 0.998478889 0.000885895 -0.038769662 4.042480469 -1.157907128 -11.595729828 0.000000000 0.000000000 -12.000000000 0.584856033 0.543090105 0.004170030 0.000000000 0.002220510 0.000000000
1776617454.418488264 0.602708638 -0.023153465 0.200940073 0.039245941 0.998476923 0.000883751 -0.038766418 4.040613174 -1.153932095 -11.624987602 0.000000000 0.000000000 -12.000000000 0.555531502 0.544362783 0.004076911 0.000000000 0.002225140 0.000000000
1776617454.424870253 0.602710962 -0.023153363 0.200940579 0.039303951 0.998474717 0.000881354 -0.038763445 4.038912773 -1.149924397 -11.653622627 0.000000000 0.000000000 -12.000000000 0.526835442 0.543719053 0.003985648 0.000000000 0.002229530 0.000000000
1776617454.428924561 0.602713525 -0.023153123 0.200941324 0.039371692 0.998472214 0.000878770 -0.038760033 4.037392139 -1.145884752 -11.681619644 0.000000000 0.000000000 -12.000000000 0.498784065 0.543083370 0.003896300 0.000000000 0.002233686 0.000000000
1776617454.433776140 0.602716208 -0.023152998 0.200942069 0.039451621 0.998469174 0.000875635 -0.038756661 4.036060333 -1.141813874 -11.708964348 0.000000000 0.000000000 -12.000000000 0.471393585 0.542448342 0.003808927 0.000000000 0.002237615 0.000000000
1776617454.438415051 0.602719009 -0.023152841 0.200942904 0.039541416 0.998465776 0.000872098 -0.038753059 4.034926891 -1.137713194 -11.735640526 0.000000000 0.000000000 -12.000000000 0.444679260 0.542550206 0.003723585 0.000000000 0.002241320 0.000000000
1776617454.443380117 0.602722347 -0.023152823 0.200943947 0.039635628 0.998462200 0.000868330 -0.038748652 4.033998013 -1.133584261 -11.761630058 0.000000000 0.000000000 -12.000000000 0.418658257 0.541933119 0.003640337 0.000000000 0.002244809 0.000000000
1776617454.448344469 0.602725983 -0.023152599 0.200945199 0.039724857 0.998458862 0.000864938 -0.038743790 4.033278942 -1.129428983 -11.786913872 0.000000000 0.000000000 -12.000000000 0.393353462 0.541330040 0.003559265 0.000000000 0.002248087 0.000000000
1776617454.453372717 0.602730393 -0.023152372 0.200946689 0.039805710 0.998455882 0.000861764 -0.038738023 4.032772541 -1.125249624 -11.811471939 0.000000000 0.000000000 -12.000000000 0.368781090 0.540749609 0.003480431 0.000000000 0.002251160 0.000000000
1776617454.458524704 0.602735162 -0.023152275 0.200948060 0.039878394 0.998453200 0.000858988 -0.038731623 4.032480717 -1.121048808 -11.835282326 0.000000000 0.000000000 -12.000000000 0.344966888 0.540170431 0.003403925 0.000000000 0.002254035 0.000000000
1776617454.463377237 0.602740049 -0.023152256 0.200949758 0.039942291 0.998450935 0.000856483 -0.038724944 4.032402515 -1.116829395 -11.858325005 0.000000000 0.000000000 -12.000000000 0.321928024 0.539592385 0.003329811 0.000000000 0.002256718 0.000000000
1776617454.468361139 0.602745235 -0.023152215 0.200951874 0.039998263 0.998448968 0.000854285 -0.038717717 4.032535553 -1.112594604 -11.880577087 0.000000000 0.000000000 -12.000000000 0.299687386 0.539023995 0.003258173 0.000000000 0.002259215 0.000000000
1776617454.474850655 0.602749944 -0.023152223 0.200953960 0.040050257 0.998447180 0.000852261 -0.038710937 4.032875061 -1.108347297 -11.902014732 0.000000000 0.000000000 -12.000000000 0.278269768 0.538440764 0.003189100 0.000000000 0.002261534 0.000000000
1776617454.478638649 0.602754533 -0.023152327 0.200956315 0.040103801 0.998445272 0.000850154 -0.038704161 4.033415318 -1.104090333 -11.922614098 0.000000000 0.000000000 -12.000000000 0.257699966 0.537851870 0.003122681 0.000000000 0.002263681 0.000000000
1776617454.484550953 0.602758646 -0.023152404 0.200958818 0.040161084 0.998443186 0.000847916 -0.038697951 4.034148216 -1.099825859 -11.942350388 0.000000000 0.000000000 -12.000000000 0.237999916 0.538324416 0.003058998 0.000000000 0.002265665 0.000000000
1776617454.489975214 0.602762640 -0.023152366 0.200961739 0.040215995 0.998441219 0.000845873 -0.038691562 4.035065651 -1.095555902 -11.961199760 0.000000000 0.000000000 -12.000000000 0.219193459 0.537729561 0.002998136 0.000000000 0.002267491 0.000000000
1776617454.495384693 0.602766216 -0.023152383 0.200964868 0.040267583 0.998439431 0.000843918 -0.038685411 4.036157608 -1.091281414 -11.979133606 0.000000000 0.000000000 -12.000000000 0.201309204 0.536653340 0.002940200 0.000000000 0.002269169 0.000000000
1776617454.498599529 0.602773488 -0.023152381 0.200971782 0.040366065 0.998435915 0.000840214 -0.038672592 4.037412643 -1.087002873 -11.996127129 0.000000000 0.000000000 -12.000000000 0.184371948 0.536128223 0.002885279 0.000000000 0.002270705 0.000000000
1776617454.504927635 0.602773488 -0.023152381 0.200971782 0.040366065 0.998435915 0.000840214 -0.038672592 4.038819790 -1.082719922 -12.012150764 0.000000000 0.000000000 -12.000000000 0.168409348 0.535454512 0.002833473 0.000000000 0.002272109 0.000000000
1776617454.509975910 0.602776349 -0.023152364 0.200975180 0.040415250 0.998434126 0.000838469 -0.038667068 4.040366173 -1.078431487 -12.027174950 0.000000000 0.000000000 -12.000000000 0.153451920 0.533753335 0.002784894 0.000000000 0.002273388 0.000000000
1776617454.514842033 0.602783024 -0.023152236 0.200980753 0.040527269 0.998430073 0.000834286 -0.038655635 4.042039394 -1.074135661 -12.041170120 0.000000000 0.000000000 -12.000000000 0.139529228 0.533222258 0.002739648 0.000000000 0.002274550 0.000000000
1776617454.519891262 0.602783024 -0.023152236 0.200980753 0.040527269 0.998430073 0.000834286 -0.038655635 4.043826580 -1.069830060 -12.054105759 0.000000000 0.000000000 -12.000000000 0.126668930 0.532543540 0.002697836 0.000000000 0.002275606 0.000000000
1776617454.524735451 0.602786243 -0.023152318 0.200983286 0.040583894 0.998427987 0.000832039 -0.038650058 4.045714378 -1.065511227 -12.065948486 0.000000000 0.000000000 -12.000000000 0.114905357 0.534502864 0.002659581 0.000000000 0.002276564 0.000000000
1776617454.528956413 0.602790236 -0.023152182 0.200985998 0.040641159 0.998425901 0.000829939 -0.038643550 4.047690392 -1.061176062 -12.076666832 0.000000000 0.000000000 -12.000000000 0.104334831 0.533937275 0.002625216 0.000000000 0.002277433 0.000000000
1776617454.534610748 0.602793992 -0.023152145 0.200988352 0.040698756 0.998423815 0.000827831 -0.038637463 4.049740791 -1.056820869 -12.086227417 0.000000000 0.000000000 -12.000000000 0.094857216 0.533351421 0.002594414 0.000000000 0.002278223 0.000000000
1776617454.538666487 0.602798283 -0.023152174 0.200990379 0.040753853 0.998421788 0.000825609 -0.038630866 4.051854134 -1.052442312 -12.094597816 0.000000000 0.000000000 -12.000000000 0.086571693 0.532783449 0.002567517 0.000000000 0.002278945 0.000000000
1776617454.544944286 0.602802277 -0.023152016 0.200991869 0.040805105 0.998419940 0.000823697 -0.038624741 4.054016590 -1.048037291 -12.101746559 0.000000000 0.000000000 -12.000000000 0.079507828 0.532214284 0.002544634 0.000000000 0.002279608 0.000000000
1776617454.548569441 0.602806807 -0.023151925 0.200993270 0.040854305 0.998418212 0.000821777 -0.038617987 4.056217194 -1.043603182 -12.107641220 0.000000000 0.000000000 -12.000000000 0.073698997 0.530477643 0.002525885 0.000000000 0.002280222 0.000000000
1776617454.554343224 0.602811456 -0.023151627 0.200994313 0.040900409 0.998416543 0.000820124 -0.038611412 4.058443546 -1.039137721 -12.112253189 0.000000000 0.000000000 -12.000000000 0.069174767 0.529925227 0.002511381 0.000000000 0.002280798 0.000000000
1776617454.558506250 0.602816463 -0.023151672 0.200995237 0.040945996 0.998414993 0.000818234 -0.038604327 4.060685158 -1.034639716 -12.115554810 0.000000000 0.000000000 -12.000000000 0.065957069 0.532221258 0.002501205 0.000000000 0.002281348 0.000000000
1776617454.563442469 0.602821887 -0.023151556 0.200996250 0.040991176 0.998413444 0.000816523 -0.038596671 4.062932014 -1.030108452 -12.117522240 0.000000000 0.000000000 -12.000000000 0.064074516 0.531689703 0.002495463 0.000000000 0.002281882 0.000000000
1776617454.568472147 0.602827787 -0.023151467 0.200997502 0.041038718 0.998411775 0.000814693 -0.038588390 4.065175056 -1.025544047 -12.118135452 0.000000000 0.000000000 -12.000000000 0.063544273 0.531169355 0.002494226 0.000000000 0.002282411 0.000000000
1776617454.574908495 0.602833271 -0.023151290 0.200998545 0.041088000 0.998410046 0.000812815 -0.038580559 4.067406654 -1.020947337 -12.117376328 0.000000000 0.000000000 -12.000000000 0.064382553 0.531112969 0.002497556 0.000000000 0.002282948 0.000000000
1776617454.578593969 0.602838159 -0.023151288 0.200999677 0.041146722 0.998407900 0.000810555 -0.038573481 4.069620132 -1.016319752 -12.115232468 0.000000000 0.000000000 -12.000000000 0.066605568 0.530565441 0.002505521 0.000000000 0.002283503 0.000000000
1776617454.584951401 0.602842689 -0.023151230 0.201000780 0.041211754 0.998405516 0.000808073 -0.038567010 4.071811199 -1.011663318 -12.111695290 0.000000000 0.000000000 -12.000000000 0.070217133 0.530013084 0.002518145 0.000000000 0.002284088 0.000000000
1776617454.589839935 0.602851033 -0.023150973 0.201003462 0.041360363 0.998399854 0.000802511 -0.038554680 4.073975563 -1.006980181 -12.106761932 0.000000000 0.000000000 -12.000000000 0.075224876 0.529549360 0.002535464 0.000000000 0.002284715 0.000000000
1776617454.594855070 0.602855325 -0.023150871 0.201004893 0.041430719 0.998397171 0.000799821 -0.038548332 4.076110840 -1.002273321 -12.100434303 0.000000000 0.000000000 -12.000000000 0.081623077 0.528995931 0.002557472 0.000000000 0.002285395 0.000000000
1776617454.598713160 0.602855325 -0.023150871 0.201004893 0.041430719 0.998397171 0.000799821 -0.038548332 4.078215599 -0.997545719 -12.092720985 0.000000000 0.000000000 -12.000000000 0.089403152 0.528315485 0.002584150 0.000000000 0.002286140 0.000000000
1776617454.604802132 0.602860451 -0.023150735 0.201006204 0.041496500 0.998394728 0.000797290 -0.038541052 4.080290794 -0.992800653 -12.083633423 0.000000000 0.000000000 -12.000000000 0.098555565 0.527787149 0.002615480 0.000000000 0.002286961 0.000000000
1776617454.609424591 0.602865458 -0.023150742 0.201007605 0.041560628 0.998392344 0.000794798 -0.038533680 4.082336903 -0.988041580 -12.073190689 0.000000000 0.000000000 -12.000000000 0.109061241 0.527250171 0.002651407 0.000000000 0.002287870 0.000000000
1776617454.613492966 0.602871180 -0.023150820 0.201008976 0.041623220 0.998390019 0.000792456 -0.038525529 4.084356785 -0.983271778 -12.061416626 0.000000000 0.000000000 -12.000000000 0.120895386 0.526727676 0.002691862 0.000000000 0.002288877 0.000000000
1776617454.618458271 0.602876723 -0.023150645 0.201010257 0.041683499 0.998387814 0.000790234 -0.038517497 4.086353302 -0.978494287 -12.048339844 0.000000000 0.000000000 -12.000000000 0.134029388 0.526884496 0.002736759 0.000000000 0.002289994 0.000000000
1776617454.623516083 0.602882564 -0.023150584 0.201011658 0.041740961 0.998385727 0.000788139 -0.038509160 4.088330269 -0.973711967 -12.033995628 0.000000000 0.000000000 -12.000000000 0.148428917 0.526436508 0.002785994 0.000000000 0.002291231 0.000000000
1776617454.629699945 0.602888465 -0.023150668 0.201013029 0.041794993 0.998383820 0.000786112 -0.038500734 4.090292454 -0.968927383 -12.018422127 0.000000000 0.000000000 -12.000000000 0.164055824 0.525986314 0.002839451 0.000000000 0.002292598 0.000000000
1776617454.633343697 0.602893710 -0.023150794 0.201014310 0.041842636 0.998382151 0.000784229 -0.038493015 4.092245102 -0.964142799 -12.001663208 0.000000000 0.000000000 -12.000000000 0.180867195 0.525522053 0.002896996 0.000000000 0.002294105 0.000000000
1776617454.638425350 0.602899075 -0.023150753 0.201015621 0.041882623 0.998380780 0.000782781 -0.038485087 4.094193935 -0.959360242 -11.983766556 0.000000000 0.000000000 -12.000000000 0.198814392 0.525068104 0.002958477 0.000000000 0.002295762 0.000000000
1776617454.643352270 0.602903903 -0.023150753 0.201016784 0.041920599 0.998379409 0.000781373 -0.038477991 4.096145630 -0.954581320 -11.964784622 0.000000000 0.000000000 -12.000000000 0.217846870 0.524600744 0.003023734 0.000000000 0.002297577 0.000000000
1776617454.648394585 0.602908373 -0.023150809 0.201017976 0.041959032 0.998378098 0.000779873 -0.038471136 4.098106384 -0.949807346 -11.944771767 0.000000000 0.000000000 -12.000000000 0.237909317 0.524054050 0.003092591 0.000000000 0.002299560 0.000000000
1776617454.653358936 0.602912545 -0.023150878 0.201019347 0.042000666 0.998376608 0.000778261 -0.038464736 4.100083351 -0.945039392 -11.923786163 0.000000000 0.000000000 -12.000000000 0.258942604 0.523569167 0.003164860 0.000000000 0.002301718 0.000000000
1776617454.658570051 0.602916241 -0.023150858 0.201020569 0.042047147 0.998374879 0.000776580 -0.038458932 4.102083206 -0.940278172 -11.901889801 0.000000000 0.000000000 -12.000000000 0.280888557 0.523076653 0.003240354 0.000000000 0.002304059 0.000000000
1776617454.663321257 0.602919698 -0.023150966 0.201021969 0.042102922 0.998372734 0.000774420 -0.038453318 4.104113579 -0.935524523 -11.879145622 0.000000000 0.000000000 -12.000000000 0.303682327 0.522577286 0.003318863 0.000000000 0.002306589 0.000000000
1776617454.669862986 0.602922976 -0.023150919 0.201023251 0.042165786 0.998370290 0.000772097 -0.038448010 4.106181145 -0.930778980 -11.855618477 0.000000000 0.000000000 -12.000000000 0.327261925 0.522080541 0.003400189 0.000000000 0.002309316 0.000000000
1776617454.673600674 0.602926016 -0.023150865 0.201024413 0.042239934 0.998367310 0.000769243 -0.038443066 4.108293056 -0.926042199 -11.831373215 0.000000000 0.000000000 -12.000000000 0.351558685 0.521582842 0.003484108 0.000000000 0.002312246 0.000000000
1776617454.678572178 0.602928698 -0.023150619 0.201025486 0.042331010 0.998363674 0.000765819 -0.038438592 4.110455513 -0.921314836 -11.806477547 0.000000000 0.000000000 -12.000000000 0.376507759 0.520866096 0.003570409 0.000000000 0.002315384 0.000000000
1776617454.683445454 0.602931499 -0.023150442 0.201026797 0.042426638 0.998359740 0.000762171 -0.038434025 4.112675667 -0.916597664 -11.780999184 0.000000000 0.000000000 -12.000000000 0.402041435 0.520367622 0.003658872 0.000000000 0.002318734 0.000000000
1776617454.688332081 0.602934062 -0.023149967 0.201027840 0.042511284 0.998356342 0.000759001 -0.038429905 4.114958763 -0.911891639 -11.755003929 0.000000000 0.000000000 -12.000000000 0.428094864 0.519877255 0.003749284 0.000000000 0.002322302 0.000000000
1776617454.693336487 0.602936864 -0.023149438 0.201028973 0.042579472 0.998353601 0.000756457 -0.038425349 4.117310047 -0.907198012 -11.728558540 0.000000000 0.000000000 -12.000000000 0.454601288 0.519395053 0.003841428 0.000000000 0.002326090 0.000000000
1776617454.698390007 0.602939785 -0.023148986 0.201029867 0.042638600 0.998351276 0.000754260 -0.038420878 4.119734287 -0.902518570 -11.701729774 0.000000000 0.000000000 -12.000000000 0.481492996 0.520757794 0.003935079 0.000000000 0.002330102 0.000000000
1776617454.703427315 0.602942586 -0.023148486 0.201030612 0.042689648 0.998349249 0.000752354 -0.038416639 4.122234344 -0.897855341 -11.674581528 0.000000000 0.000000000 -12.000000000 0.508708000 0.521372855 0.004030035 0.000000000 0.002334341 0.000000000
1776617454.708611012 0.602945864 -0.023147838 0.201031536 0.042733852 0.998347521 0.000750864 -0.038411736 4.124812603 -0.893210709 -11.647178650 0.000000000 0.000000000 -12.000000000 0.536180496 0.520908773 0.004126078 0.000000000 0.002338810 0.000000000
1776617454.713460207 0.602948904 -0.023147397 0.201032192 0.042773575 0.998346031 0.000749426 -0.038407102 4.127469540 -0.888587356 -11.619581223 0.000000000 0.000000000 -12.000000000 0.563851357 0.520431340 0.004223013 0.000000000 0.002343508 0.000000000
1776617454.718484402 0.602951348 -0.023147073 0.201032579 0.042810481 0.998344600 0.000748091 -0.038403269 4.130205631 -0.883988261 -11.591849327 0.000000000 0.000000000 -12.000000000 0.591659546 0.517413318 0.004320637 0.000000000 0.002348439 0.000000000
1776617454.723389864 0.602953732 -0.023146801 0.201033205 0.042843990 0.998343289 0.000746985 -0.038399611 4.133018494 -0.879416406 -11.564041138 0.000000000 0.000000000 -12.000000000 0.619547844 0.516904235 0.004418761 0.000000000 0.002353602 0.000000000
1776617454.728478670 0.602955580 -0.023146616 0.201033831 0.042878956 0.998341918 0.000745675 -0.038396496 4.135904312 -0.874874830 -11.536212921 0.000000000 0.000000000 -12.000000000 0.647459030 0.516384184 0.004517194 0.000000000 0.002358997 0.000000000
1776617454.733387470 0.602957428 -0.023146404 0.201034307 0.042915680 0.998340428 0.000744347 -0.038393445 4.138858795 -0.870366514 -11.508418083 0.000000000 0.000000000 -12.000000000 0.675339699 0.515867472 0.004615757 0.000000000 0.002364625 0.000000000
1776617454.738498449 0.602959037 -0.023146382 0.201034814 0.042952120 0.998338997 0.000742905 -0.038390625 4.141875267 -0.865894377 -11.480706215 0.000000000 0.000000000 -12.000000000 0.703140259 0.516049206 0.004714285 0.000000000 0.002370484 0.000000000
1776617454.743402243 0.602961063 -0.023146138 0.201035440 0.042993758 0.998337328 0.000741438 -0.038387306 4.144945145 -0.861460805 -11.453126907 0.000000000 0.000000000 -12.000000000 0.730813026 0.515543401 0.004812618 0.000000000 0.002376574 0.000000000
1776617454.748364449 0.602963030 -0.023145961 0.201036036 0.043042466 0.998335361 0.000739779 -0.038383931 4.148058891 -0.857067883 -11.425724030 0.000000000 0.000000000 -12.000000000 0.758309364 0.515033543 0.004910592 0.000000000 0.002382894 0.000000000
1776617454.753396749 0.602965117 -0.023145936 0.201036453 0.043103397 0.998332858 0.000737459 -0.038380533 4.151205063 -0.852716863 -11.398540497 0.000000000 0.000000000 -12.000000000 0.785588264 0.514526665 0.005008068 0.000000000 0.002389440 0.000000000
1776617454.758384943 0.602967381 -0.023146028 0.201036870 0.043173023 0.998329997 0.000734772 -0.038376931 4.154371262 -0.848408461 -11.371615410 0.000000000 0.000000000 -12.000000000 0.812609673 0.514022291 0.005104911 0.000000000 0.002396212 0.000000000
1776617454.763416767 0.602969646 -0.023145938 0.201037288 0.043253653 0.998326659 0.000731769 -0.038373280 4.157543659 -0.844142616 -11.344985962 0.000000000 0.000000000 -12.000000000 0.839337349 0.513717949 0.005200997 0.000000000 0.002403206 0.000000000
1776617454.768552065 0.602971911 -0.023145815 0.201037526 0.043345325 0.998322785 0.000728354 -0.038369723 4.160707474 -0.839918554 -11.318684578 0.000000000 0.000000000 -12.000000000 0.865736961 0.513226151 0.005296211 0.000000000 0.002410421 0.000000000
1776617454.773695469 0.602974474 -0.023145819 0.201037854 0.043446600 0.998318553 0.000724475 -0.038365789 4.163846970 -0.835735023 -11.292741776 0.000000000 0.000000000 -12.000000000 0.891777039 0.512740314 0.005390442 0.000000000 0.002417852 0.000000000
1776617454.778452396 0.602977157 -0.023145467 0.201037973 0.043537185 0.998314738 0.000721149 -0.038361933 4.166946411 -0.831590235 -11.267186165 0.000000000 0.000000000 -12.000000000 0.917428970 0.512272954 0.005483594 0.000000000 0.002425497 0.000000000
1776617454.783359289 0.602979958 -0.023145413 0.201038063 0.043606505 0.998311877 0.000718423 -0.038357854 4.169988155 -0.827481985 -11.242040634 0.000000000 0.000000000 -12.000000000 0.942668915 0.511799276 0.005575582 0.000000000 0.002433353 0.000000000
1776617454.788628340 0.602982640 -0.023145061 0.201038182 0.043660488 0.998309672 0.000716453 -0.038354125 4.172954559 -0.823408008 -11.217329025 0.000000000 0.000000000 -12.000000000 0.967471123 0.511334598 0.005666319 0.000000000 0.002441415 0.000000000
1776617454.793367386 0.602985859 -0.023144843 0.201038182 0.043703467 0.998307943 0.000714781 -0.038349636 4.175828457 -0.819366038 -11.193070412 0.000000000 0.000000000 -12.000000000 0.991818428 0.511189103 0.005755742 0.000000000 0.002449680 0.000000000
1776617454.798674107 0.602989197 -0.023144491 0.201038003 0.043741379 0.998306453 0.000713363 -0.038345147 4.178591728 -0.815353870 -11.169281960 0.000000000 0.000000000 -12.000000000 1.015690804 0.510742366 0.005843780 0.000000000 0.002458144 0.000000000
1776617454.804950237 0.602991819 -0.023144109 0.201037407 0.043775313 0.998305142 0.000712200 -0.038341552 4.181227207 -0.811369658 -11.145979881 0.000000000 0.000000000 -12.000000000 1.039071083 0.511070609 0.005930373 0.000000000 0.002466803 0.000000000
1776617454.808405876 0.602994740 -0.023143921 0.201037049 0.043805324 0.998303950 0.000711062 -0.038337532 4.183717251 -0.807411551 -11.123177528 0.000000000 0.000000000 -12.000000000 1.061945915 0.510607660 0.006015473 0.000000000 0.002475653 0.000000000
1776617454.814753771 0.602997243 -0.023143860 0.201036274 0.043836825 0.998302698 0.000709839 -0.038334083 4.186045647 -0.803478062 -11.100886345 0.000000000 0.000000000 -12.000000000 1.084302902 0.512548864 0.006099032 0.000000000 0.002484689 0.000000000
1776617454.818624973 0.602999508 -0.023143861 0.201035470 0.043873653 0.998301208 0.000708419 -0.038330846 4.188196182 -0.799567997 -11.079117775 0.000000000 0.000000000 -12.000000000 1.106129646 0.512072027 0.006181005 0.000000000 0.002493907 0.000000000
1776617454.823894501 0.603001714 -0.023143718 0.201034397 0.043916345 0.998299479 0.000706881 -0.038327705 4.190154076 -0.795680463 -11.057880402 0.000000000 0.000000000 -12.000000000 1.127419472 0.511601150 0.006261367 0.000000000 0.002503302 0.000000000
1776617454.828352690 0.603003561 -0.023143556 0.201033324 0.043967362 0.998297334 0.000704927 -0.038325049 4.191905975 -0.791815102 -11.037183762 0.000000000 0.000000000 -12.000000000 1.148159027 0.511127114 0.006340067 0.000000000 0.002512870 0.000000000
1776617454.833722591 0.603004754 -0.023143405 0.201032221 0.044025831 0.998294830 0.000702717 -0.038323086 4.193439960 -0.787971973 -11.017034531 0.000000000 0.000000000 -12.000000000 1.168342590 0.510637641 0.006417082 0.000000000 0.002522606 0.000000000
1776617454.838429213 0.603006363 -0.023143161 0.201031089 0.044090930 0.998292029 0.000700320 -0.038320675 4.194745541 -0.784151375 -10.997441292 0.000000000 0.000000000 -12.000000000 1.187959671 0.510163486 0.006492372 0.000000000 0.002532506 0.000000000
1776617454.843337059 0.603007555 -0.023142977 0.201029897 0.044162594 0.998288989 0.000697483 -0.038318694 4.195814610 -0.780354202 -10.978411674 0.000000000 0.000000000 -12.000000000 1.207004547 0.509682477 0.006565913 0.000000000 0.002542564 0.000000000
1776617454.848355532 0.603009403 -0.023142746 0.201028705 0.044245813 0.998285413 0.000694370 -0.038315967 4.196639538 -0.776581407 -10.959951401 0.000000000 0.000000000 -12.000000000 1.225469589 0.509216726 0.006637675 0.000000000 0.002552776 0.000000000
1776617454.853425264 0.603011072 -0.023142586 0.201027423 0.044339355 0.998281360 0.000690736 -0.038313400 4.197214603 -0.772834241 -10.942070961 0.000000000 0.000000000 -12.000000000 1.243344307 0.508747697 0.006707618 0.000000000 0.002563138 0.000000000
1776617454.858359575 0.603013217 -0.023142261 0.201026380 0.044437591 0.998277068 0.000687046 -0.038310356 4.197537422 -0.769114256 -10.924777985 0.000000000 0.000000000 -12.000000000 1.260621071 0.507606089 0.006775713 0.000000000 0.002573643 0.000000000
1776617454.863337040 0.603015482 -0.023141950 0.201025307 0.044530608 0.998273075 0.000683503 -0.038307101 4.197604656 -0.765423238 -10.908082008 0.000000000 0.000000000 -12.000000000 1.277290344 0.507158756 0.006841921 0.000000000 0.002584287 0.000000000
1776617454.868740797 0.603018165 -0.023141649 0.201024324 0.044605613 0.998269856 0.000680648 -0.038303532 4.197415829 -0.761763215 -10.891992569 0.000000000 0.000000000 -12.000000000 1.293342590 0.506721258 0.006906207 0.000000000 0.002595065 0.000000000
1776617454.874056339 0.603020549 -0.023141267 0.201023310 0.044657893 0.998267651 0.000678681 -0.038300186 4.196971893 -0.758136749 -10.876520157 0.000000000 0.000000000 -12.000000000 1.308768272 0.506281435 0.006968532 0.000000000 0.002605971 0.000000000
1776617454.878449917 0.603022993 -0.023141026 0.201022387 0.044692628 0.998266220 0.000677324 -0.038296800 4.196274281 -0.754546762 -10.861675262 0.000000000 0.000000000 -12.000000000 1.323555946 0.505837798 0.007028854 0.000000000 0.002617001 0.000000000
1776617454.884085178 0.603024781 -0.023140751 0.201021373 0.044717800 0.998265207 0.000676376 -0.038294304 4.195326328 -0.750996590 -10.847471237 0.000000000 0.000000000 -12.000000000 1.337692261 0.505380511 0.007087123 0.000000000 0.002628148 0.000000000
1776617454.888399363 0.603026688 -0.023140591 0.201020449 0.044734828 0.998264551 0.000675712 -0.038291592 4.194132805 -0.747489870 -10.833917618 0.000000000 0.000000000 -12.000000000 1.351166725 0.504923165 0.007143297 0.000000000 0.002639408 0.000000000
1776617454.893511057 0.603028119 -0.023140436 0.201019406 0.044749327 0.998263955 0.000675217 -0.038289655 4.192698002 -0.744030476 -10.821027756 0.000000000 0.000000000 -12.000000000 1.363968849 0.504454494 0.007197337 0.000000000 0.002650774 0.000000000
1776617454.898749113 0.603028893 -0.023140363 0.201018393 0.044764727 0.998263299 0.000674717 -0.038288258 4.191029072 -0.740621924 -10.808813095 0.000000000 0.000000000 -12.000000000 1.376087189 0.503027201 0.007249199 0.000000000 0.002662242 0.000000000
1776617454.905001402 0.603029549 -0.023140250 0.201017231 0.044781514 0.998262644 0.000674177 -0.038287103 4.189132690 -0.737267852 -10.797285080 0.000000000 0.000000000 -12.000000000 1.387509346 0.502545118 0.007298836 0.000000000 0.002673804 0.000000000
1776617454.908802986 0.603029728 -0.023140289 0.201016098 0.044800151 0.998261809 0.000673450 -0.038286515 4.187017441 -0.733971238 -10.786454201 0.000000000 0.000000000 -12.000000000 1.398224831 0.502049983 0.007346205 0.000000000 0.002685456 0.000000000
1776617454.915206909 0.603029609 -0.023140246 0.201014727 0.044821512 0.998260856 0.000672613 -0.038286321 4.184691906 -0.730734766 -10.776330948 0.000000000 0.000000000 -12.000000000 1.408225060 0.504490972 0.007391275 0.000000000 0.002697191 0.000000000
1776617454.918529510 0.603029788 -0.023140175 0.201013535 0.044845216 0.998259842 0.000671735 -0.038285766 4.182165623 -0.727560580 -10.766925812 0.000000000 0.000000000 -12.000000000 1.417499542 0.504012704 0.007434002 0.000000000 0.002709004 0.000000000
1776617454.924735546 0.603029668 -0.023140175 0.201012194 0.044870805 0.998258650 0.000670786 -0.038285423 4.179449081 -0.724449933 -10.758246422 0.000000000 0.000000000 -12.000000000 1.426040649 0.502709210 0.007474356 0.000000000 0.002720887 0.000000000
1776617454.928390026 0.603029609 -0.023140132 0.201010823 0.044904124 0.998257220 0.000669591 -0.038285088 4.176551819 -0.721403301 -10.750300407 0.000000000 0.000000000 -12.000000000 1.433841705 0.502221704 0.007512309 0.000000000 0.002732836 0.000000000
1776617454.933622599 0.603029549 -0.023140173 0.201009214 0.044948630 0.998255193 0.000667805 -0.038284849 4.173485279 -0.718420506 -10.743096352 0.000000000 0.000000000 -12.000000000 1.440894127 0.501736760 0.007547824 0.000000000 0.002744843 0.000000000
1776617454.938406944 0.603029668 -0.023140108 0.201007783 0.045007091 0.998252571 0.000665602 -0.038284287 4.170260429 -0.715500593 -10.736637115 0.000000000 0.000000000 -12.000000000 1.447195053 0.501260817 0.007580887 0.000000000 0.002756903 0.000000000
1776617454.943408012 0.603029966 -0.023140058 0.201006144 0.045082789 0.998249233 0.000662729 -0.038283531 4.166887760 -0.712641895 -10.730930328 0.000000000 0.000000000 -12.000000000 1.452737808 0.500790060 0.007611469 0.000000000 0.002769010 0.000000000
1776617454.949908972 0.603030562 -0.023140095 0.201004595 0.045169052 0.998245358 0.000659377 -0.038282387 4.163379192 -0.709842563 -10.725976944 0.000000000 0.000000000 -12.000000000 1.457523346 0.498001277 0.007639567 0.000000000 0.002781156 0.000000000
1776617454.953876257 0.603031456 -0.023140077 0.201003045 0.045271330 0.998240769 0.000655458 -0.038280871 4.159745216 -0.707099974 -10.721779823 0.000000000 0.000000000 -12.000000000 1.461546898 0.494749725 0.007665158 0.000000000 0.002793335 0.000000000
1776617454.958660603 0.603032410 -0.023139808 0.201001555 0.045386981 0.998235583 0.000651030 -0.038279358 4.155997276 -0.704411507 -10.718339920 0.000000000 0.000000000 -12.000000000 1.464810371 0.494310945 0.007688243 0.000000000 0.002805542 0.000000000
1776617454.963819265 0.603033721 -0.023139447 0.201000154 0.045507543 0.998230159 0.000646442 -0.038277436 4.152145863 -0.701774359 -10.715656281 0.000000000 0.000000000 -12.000000000 1.467313766 0.493884116 0.007708816 0.000000000 0.002817770 0.000000000
1776617454.968457222 0.603034616 -0.023138709 0.200998753 0.045623336 0.998224974 0.000642070 -0.038276017 4.148201466 -0.699185967 -10.713729858 0.000000000 0.000000000 -12.000000000 1.469056129 0.493465006 0.007726866 0.000000000 0.002830012 0.000000000
1776617454.973361731 0.603035390 -0.023137888 0.200997502 0.045716517 0.998220742 0.000638583 -0.038274825 4.144174099 -0.696644485 -10.712555885 0.000000000 0.000000000 -12.000000000 1.470044136 0.493043870 0.007742410 0.000000000 0.002842262 0.000000000
1776617454.978351355 0.603036165 -0.023137106 0.200996339 0.045778655 0.998217940 0.000636306 -0.038273614 4.140073776 -0.694148660 -10.712133408 0.000000000 0.000000000 -12.000000000 1.470276833 0.492618144 0.007755438 0.000000000 0.002854515 0.000000000
1776617454.983362436 0.603037119 -0.023136389 0.200995356 0.045820367 0.998216093 0.000634727 -0.038272265 4.135908127 -0.691698134 -10.712456703 0.000000000 0.000000000 -12.000000000 1.469763756 0.492194116 0.007765975 0.000000000 0.002866763 0.000000000
1776617454.988377571 0.603037775 -0.023135837 0.200994194 0.045847856 0.998214841 0.000633768 -0.038271263 4.131686687 -0.689293146 -10.713520050 0.000000000 0.000000000 -12.000000000 1.468507767 0.491752416 0.007774026 0.000000000 0.002879000 0.000000000
1776617454.995398045 0.603038490 -0.023135649 0.200993270 0.045868929 0.998213947 0.000632885 -0.038270142 4.127416134 -0.686934710 -10.715318680 0.000000000 0.000000000 -12.000000000 1.466515541 0.491299808 0.007779607 0.000000000 0.002891221 0.000000000
1776617454.998329639 0.603039384 -0.023135323 0.200990945 0.045908246 0.998212159 0.000631388 -0.038268555 4.123103619 -0.684624434 -10.717843056 0.000000000 0.000000000 -12.000000000 1.463796616 0.490843266 0.007782741 0.000000000 0.002903420 0.000000000
1776617455.004307270 0.603039384 -0.023135323 0.200990945 0.045908246 0.998212159 0.000631388 -0.038268555 4.118754864 -0.682364225 -10.721082687 0.000000000 0.000000000 -12.000000000 1.460361481 0.490228176 0.007783461 0.000000000 0.002915589 0.000000000
1776617455.008407831 0.603039920 -0.023135304 0.200989842 0.045932475 0.998211086 0.000630467 -0.038267668 4.114376068 -0.680156350 -10.725028038 0.000000000 0.000000000 -12.000000000 1.456220627 0.489773214 0.007781793 0.000000000 0.002927724 0.000000000
1776617455.013447046 0.603040397 -0.023135073 0.200988531 0.045961250 0.998209834 0.000629462 -0.038266819 4.109971046 -0.678003252 -10.729663849 0.000000000 0.000000000 -12.000000000 1.451388359 0.489329875 0.007777780 0.000000000 0.002939819 0.000000000
1776617455.018420935 0.603040695 -0.023135196 0.200987250 0.045997690 0.998208165 0.000627954 -0.038266152 4.105544567 -0.675907135 -10.734976768 0.000000000 0.000000000 -12.000000000 1.445878983 0.488586068 0.007771465 0.000000000 0.002951868 0.000000000
1776617455.023560762 0.603041351 -0.023135114 0.200986117 0.046044245 0.998206079 0.000626241 -0.038265076 4.101099491 -0.673870206 -10.740949631 0.000000000 0.000000000 -12.000000000 1.439709663 0.488145709 0.007762898 0.000000000 0.002963866 0.000000000
1776617455.028393507 0.603041947 -0.023135072 0.200984865 0.046104312 0.998203337 0.000623948 -0.038264066 4.096639633 -0.671894193 -10.747566223 0.000000000 0.000000000 -12.000000000 1.432897568 0.487706572 0.007752132 0.000000000 0.002975806 0.000000000
1776617455.034915209 0.603042185 -0.023134934 0.200983673 0.046179146 0.998199880 0.000621188 -0.038263544 4.092167377 -0.669980526 -10.754805565 0.000000000 0.000000000 -12.000000000 1.425461769 0.487264305 0.007739224 0.000000000 0.002987685 0.000000000
1776617455.039482355 0.603042483 -0.023134911 0.200982183 0.046269137 0.998195767 0.000617715 -0.038262941 4.087685108 -0.668130100 -10.762645721 0.000000000 0.000000000 -12.000000000 1.417426109 0.486823350 0.007724251 0.000000000 0.002999497 0.000000000
1776617455.044842005 0.603042841 -0.023134824 0.200980961 0.046368740 0.998191178 0.000613909 -0.038262133 4.083195210 -0.666342974 -10.771064758 0.000000000 0.000000000 -12.000000000 1.408813477 0.486388981 0.007707282 0.000000000 0.003011237 0.000000000
1776617455.049397707 0.603043556 -0.023134783 0.200979739 0.046471238 0.998186409 0.000609971 -0.038261060 4.078699112 -0.664618611 -10.780040741 0.000000000 0.000000000 -12.000000000 1.399642944 0.483498603 0.007688377 0.000000000 0.003022901 0.000000000
1776617455.053339958 0.603044212 -0.023134638 0.200978369 0.046567295 0.998181999 0.000606210 -0.038260043 4.074198246 -0.662955701 -10.789547920 0.000000000 0.000000000 -12.000000000 1.389942169 0.483070582 0.007667624 0.000000000 0.003034484 0.000000000
1776617455.058362484 0.603044868 -0.023134416 0.200977296 0.046655793 0.998177886 0.000602936 -0.038258929 4.069692612 -0.661352694 -10.799563408 0.000000000 0.000000000 -12.000000000 1.379734039 0.482642412 0.007645095 0.000000000 0.003045982 0.000000000
1776617455.063375950 0.603045702 -0.023134166 0.200975955 0.046729051 0.998174548 0.000600141 -0.038257778 4.065183163 -0.659807742 -10.810064316 0.000000000 0.000000000 -12.000000000 1.369039536 0.482223690 0.007620855 0.000000000 0.003057390 0.000000000
1776617455.068389893 0.603046477 -0.023133846 0.200974911 0.046780251 0.998172164 0.000598127 -0.038256492 4.060670853 -0.658318996 -10.821024895 0.000000000 0.000000000 -12.000000000 1.357886314 0.481809467 0.007594994 0.000000000 0.003068706 0.000000000
1776617455.073649168 0.603047669 -0.023133541 0.200973749 0.046812925 0.998170733 0.000596883 -0.038254838 4.056155682 -0.656884491 -10.832422256 0.000000000 0.000000000 -12.000000000 1.346298218 0.481402487 0.007567586 0.000000000 0.003079925 0.000000000
1776617455.078559875 0.603048742 -0.023133231 0.200972617 0.046833657 0.998169780 0.000596194 -0.038253207 4.051637650 -0.655502141 -10.844231606 0.000000000 0.000000000 -12.000000000 1.334297180 0.480679780 0.007538701 0.000000000 0.003091044 0.000000000
1776617455.083722115 0.603050411 -0.023133157 0.200971603 0.046850365 0.998169124 0.000595499 -0.038250998 4.047117233 -0.654169977 -10.856430054 0.000000000 0.000000000 -12.000000000 1.321908951 0.480275184 0.007508423 0.000000000 0.003102060 0.000000000
1776617455.089861870 0.603051662 -0.023132965 0.200970560 0.046865769 0.998168468 0.000595005 -0.038249064 4.042595387 -0.652885973 -10.868991852 0.000000000 0.000000000 -12.000000000 1.309155464 0.479866356 0.007476822 0.000000000 0.003112970 0.000000000
1776617455.093347311 0.603052676 -0.023132898 0.200969607 0.046881795 0.998167753 0.000594364 -0.038247515 4.038072109 -0.651648343 -10.881895065 0.000000000 0.000000000 -12.000000000 1.296062469 0.479450762 0.007443979 0.000000000 0.003123770 0.000000000
1776617455.098566294 0.603053570 -0.023132825 0.200968444 0.046899773 0.998166978 0.000593681 -0.038246300 4.033548832 -0.650455296 -10.895114899 0.000000000 0.000000000 -12.000000000 1.282653809 0.479034513 0.007409972 0.000000000 0.003134459 0.000000000
1776617455.103411913 0.603054643 -0.023132907 0.200967550 0.046922475 0.998165965 0.000592696 -0.038244668 4.029026985 -0.649305105 -10.908627510 0.000000000 0.000000000 -12.000000000 1.268952370 0.478620142 0.007374875 0.000000000 0.003145034 0.000000000
1776617455.108473539 0.603055835 -0.023132958 0.200966507 0.046950568 0.998164713 0.000591659 -0.038242944 4.024507999 -0.648195982 -10.922410011 0.000000000 0.000000000 -12.000000000 1.254981041 0.478209317 0.007338762 0.000000000 0.003155492 0.000000000
1776617455.113328934 0.603056729 -0.023132853 0.200965434 0.046988349 0.998162985 0.000590219 -0.038241472 4.019993305 -0.647126138 -10.936439514 0.000000000 0.000000000 -12.000000000 1.240762711 0.476262659 0.007301708 0.000000000 0.003165832 0.000000000
1776617455.118389606 0.603058398 -0.023132965 0.200964540 0.047038492 0.998160720 0.000588258 -0.038239136 4.015485287 -0.646093726 -10.950693130 0.000000000 0.000000000 -12.000000000 1.226323128 0.475864947 0.007263795 0.000000000 0.003176051 0.000000000
1776617455.123400927 0.603060007 -0.023133000 0.200963676 0.047101628 0.998157799 0.000585850 -0.038236897 4.010986328 -0.645096838 -10.965147018 0.000000000 0.000000000 -12.000000000 1.211682320 0.475471407 0.007225090 0.000000000 0.003186149 0.000000000
1776617455.128605366 0.603061676 -0.023133043 0.200962633 0.047184136 0.998154044 0.000582661 -0.038234551 4.006499290 -0.644133568 -10.979780197 0.000000000 0.000000000 -12.000000000 1.196863174 0.475082219 0.007185666 0.000000000 0.003196123 0.000000000
1776617455.133366108 0.603063464 -0.023132980 0.200961620 0.047285616 0.998149335 0.000578807 -0.038232096 4.002027512 -0.643201828 -10.994570732 0.000000000 0.000000000 -12.000000000 1.181888580 0.476094842 0.007145600 0.000000000 0.003205972 0.000000000
1776617455.138549328 0.603065670 -0.023132976 0.200960755 0.047396395 0.998144150 0.000574567 -0.038229138 3.997574329 -0.642299294 -11.009496689 0.000000000 0.000000000 -12.000000000 1.166778564 0.475723088 0.007104957 0.000000000 0.003215695 0.000000000
1776617455.144950390 0.603068054 -0.023132877 0.200959712 0.047507379 0.998139024 0.000570310 -0.038225848 3.993144512 -0.641423762 -11.024538994 0.000000000 0.000000000 -12.000000000 1.151554108 0.475362152 0.007063805 0.000000000 0.003225291 0.000000000
1776617455.148585796 0.603070796 -0.023132756 0.200958759 0.047615554 0.998134017 0.000566158 -0.038222197 3.988743067 -0.640572786 -11.039677620 0.000000000 0.000000000 -12.000000000 1.136235237 0.475011170 0.007022210 0.000000000 0.003234760 0.000000000
1776617455.153443575 0.603073955 -0.023132307 0.200957775 0.047714755 0.998129427 0.000562413 -0.038217947 3.984375477 -0.639744043 -11.054894447 0.000000000 0.000000000 -12.000000000 1.120838165 0.474685311 0.006980227 0.000000000 0.003244100 0.000000000
1776617455.158473253 0.603077650 -0.023131771 0.200956643 0.047803834 0.998125374 0.000559110 -0.038213059 3.980047703 -0.638935447 -11.070170403 0.000000000 0.000000000 -12.000000000 1.105383873 0.474372894 0.006937924 0.000000000 0.003253311 0.000000000
1776617455.163403988 0.603081167 -0.023131305 0.200955778 0.047871381 0.998122334 0.000556513 -0.038208373 3.975766659 -0.638145208 -11.085489273 0.000000000 0.000000000 -12.000000000 1.089889526 0.473848939 0.006895359 0.000000000 0.003262394 0.000000000
1776617455.169892073 0.603084505 -0.023130927 0.200954914 0.047919609 0.998120189 0.000554693 -0.038203944 3.971539259 -0.637371778 -11.100834846 0.000000000 0.000000000 -12.000000000 1.074372292 0.473520130 0.006852588 0.000000000 0.003271347 0.000000000
1776617455.173386574 0.603087485 -0.023130637 0.200954109 0.047958959 0.998118401 0.000553246 -0.038199924 3.967373133 -0.636613905 -11.116190910 0.000000000 0.000000000 -12.000000000 1.058845520 0.473178744 0.006809656 0.000000000 0.003280171 0.000000000
1776617455.179902792 0.603090882 -0.023130687 0.200953424 0.047989883 0.998117089 0.000551945 -0.038195509 3.963275909 -0.635870814 -11.131541252 0.000000000 0.000000000 -12.000000000 1.043328285 0.472835004 0.006766626 0.000000000 0.003288865 0.000000000
1776617455.183383226 0.603093743 -0.023130540 0.200952411 0.048019882 0.998115838 0.000550901 -0.038191605 3.959255695 -0.635141551 -11.146870613 0.000000000 0.000000000 -12.000000000 1.027833939 0.472488195 0.006723544 0.000000000 0.003297430 0.000000000
1776617455.189854860 0.603096485 -0.023130523 0.200951576 0.048053823 0.998114347 0.000549584 -0.038187943 3.955320835 -0.634425223 -11.162163734 0.000000000 0.000000000 -12.000000000 1.012381554 0.472137779 0.006680472 0.000000000 0.003305867 0.000000000
1776617455.193382263 0.603098869 -0.023130596 0.200950831 0.048094608 0.998112500 0.000547999 -0.038184643 3.951480150 -0.633720875 -11.177407265 0.000000000 0.000000000 -12.000000000 0.996981621 0.471778512 0.006637448 0.000000000 0.003314175 0.000000000
1776617455.198669434 0.603101730 -0.023130516 0.200950146 0.048145268 0.998110175 0.000546174 -0.038180809 3.947741747 -0.633027196 -11.192588806 0.000000000 0.000000000 -12.000000000 0.981648445 0.471437544 0.006594517 0.000000000 0.003322356 0.000000000
1776617455.203383684 0.603104293 -0.023130599 0.200949192 0.048205521 0.998107433 0.000543839 -0.038177397 3.944114923 -0.632342696 -11.207695007 0.000000000 0.000000000 -12.000000000 0.966397285 0.469992936 0.006551733 0.000000000 0.003330409 0.000000000
1776617455.208341360 0.603107095 -0.023130663 0.200948358 0.048274569 0.998104215 0.000541168 -0.038173456 3.940607786 -0.631665826 -11.222716331 0.000000000 0.000000000 -12.000000000 0.951233864 0.469647795 0.006509115 0.000000000 0.003338336 0.000000000
1776617455.213343382 0.603110254 -0.023130702 0.200947493 0.048350543 0.998100698 0.000538326 -0.038169272 3.937229395 -0.630994439 -11.237640381 0.000000000 0.000000000 -12.000000000 0.936174393 0.468001574 0.006466719 0.000000000 0.003346137 0.000000000
1776617455.219098330 0.603113413 -0.023130784 0.200946748 0.048422799 0.998097360 0.000535452 -0.038165003 3.933988333 -0.630326390 -11.252458572 0.000000000 0.000000000 -12.000000000 0.921225548 0.467667490 0.006424566 0.000000000 0.003353814 0.000000000
1776617455.224888086 0.603116632 -0.023130821 0.200946122 0.048492886 0.998094141 0.000532740 -0.038160760 3.930893183 -0.629659235 -11.267160416 0.000000000 0.000000000 -12.000000000 0.906400681 0.467336625 0.006382703 0.000000000 0.003361368 0.000000000
1776617455.228823900 0.603120029 -0.023130802 0.200945377 0.048558529 0.998091102 0.000530227 -0.038156275 3.927952290 -0.628990412 -11.281738281 0.000000000 0.000000000 -12.000000000 0.891705513 0.467013657 0.006341150 0.000000000 0.003368798 0.000000000
1776617455.234585047 0.603124142 -0.023130745 0.200944841 0.048619188 0.998088360 0.000527961 -0.038150858 3.925173998 -0.628317535 -11.296183586 0.000000000 0.000000000 -12.000000000 0.911405563 0.468830287 0.006414412 0.000000000 0.003376393 0.000000000
1776617455.238461256 0.603128195 -0.023130795 0.200944126 0.048672032 0.998086035 0.000525940 -0.038145468 3.922565937 -0.627638400 -11.310488701 0.000000000 0.000000000 -12.000000000 0.896978378 0.468527079 0.006373796 0.000000000 0.003383868 0.000000000
1776617455.243428230 0.603132248 -0.023130808 0.200943559 0.048717890 0.998083949 0.000524115 -0.038140163 3.920135975 -0.626950979 -11.324646950 0.000000000 0.000000000 -12.000000000 0.882707596 0.468229353 0.006333583 0.000000000 0.003391224 0.000000000
1776617455.248397350 0.603136539 -0.023130909 0.200942844 0.048761174 0.998082101 0.000522374 -0.038134437 3.917891026 -0.626253724 -11.338651657 0.000000000 0.000000000 -12.000000000 0.868599892 0.468236417 0.006293795 0.000000000 0.003398462 0.000000000
1776617455.253604174 0.603139818 -0.023130525 0.200941920 0.048805736 0.998080075 0.000521026 -0.038130119 3.915838480 -0.625545442 -11.352495193 0.000000000 0.000000000 -12.000000000 0.854661942 0.467935860 0.006254458 0.000000000 0.003405584 0.000000000
1776617455.259862661 0.603130937 -0.023125049 0.200935245 0.048854288 0.998077273 0.000524381 -0.038140416 3.913985014 -0.624825358 -11.366173744 0.000000000 0.000000000 -12.000000000 0.840899467 0.467524737 0.006215590 0.000000000 0.003412592 0.000000000
1776617455.263425112 0.603126884 -0.023124132 0.200932473 0.048900761 0.998074889 0.000523305 -0.038144123 3.912336826 -0.624093294 -11.379679680 0.000000000 0.000000000 -12.000000000 0.793157578 0.463183045 0.006063060 0.000000000 0.003419202 0.000000000
1776617455.268990993 0.603120148 -0.023122815 0.200927258 0.048945431 0.998072445 0.000522385 -0.038151219 3.910898685 -0.623349369 -11.393012047 0.000000000 0.000000000 -12.000000000 0.779771805 0.462700635 0.006024939 0.000000000 0.003425700 0.000000000
1776617455.274963379 0.603112757 -0.023121983 0.200922281 0.048986278 0.998070180 0.000521083 -0.038158190 3.909672737 -0.622593999 -11.406166077 0.000000000 0.000000000 -12.000000000 0.766573906 0.462195992 0.005987334 0.000000000 0.003432088 0.000000000
1776617455.278803110 0.603098571 -0.023120455 0.200911790 0.049071711 0.998065412 0.000518363 -0.038171921 3.908659220 -0.621828258 -11.419143677 0.000000000 0.000000000 -12.000000000 0.753561974 0.461565048 0.005950240 0.000000000 0.003438368 0.000000000
1776617455.284827948 0.603098571 -0.023120455 0.200911790 0.049071711 0.998065412 0.000518363 -0.038171921 3.907855988 -0.621053576 -11.431949615 0.000000000 0.000000000 -12.000000000 0.740730286 0.461195499 0.005913641 0.000000000 0.003444540 0.000000000
1776617455.288396358 0.603112698 -0.023122095 0.200912893 0.049125932 0.998063505 0.000515304 -0.038152758 3.907257080 -0.620271742 -11.444588661 0.000000000 0.000000000 -12.000000000 0.728074074 0.463167489 0.005877521 0.000000000 0.003450608 0.000000000
1776617455.294826031 0.603120685 -0.023122462 0.200911015 0.049191192 0.998060703 0.000512521 -0.038142167 3.906853437 -0.619484782 -11.457075119 0.000000000 0.000000000 -12.000000000 0.715579987 0.460404664 0.005841837 0.000000000 0.003456571 0.000000000
1776617455.298469305 0.603132248 -0.023122849 0.200911015 0.049268160 0.998057485 0.000509712 -0.038127296 3.906634331 -0.618694484 -11.469424248 0.000000000 0.000000000 -12.000000000 0.737349510 0.462450057 0.005920547 0.000000000 0.003462716 0.000000000
1776617455.303545237 0.603142917 -0.023123305 0.200910687 0.049351942 0.998053849 0.000506469 -0.038113747 3.906586647 -0.617902339 -11.481655121 0.000000000 0.000000000 -12.000000000 0.687742233 0.461318016 0.005760921 0.000000000 0.003468447 0.000000000
1776617455.308361053 0.603152990 -0.023123588 0.200911522 0.049436472 0.998050153 0.000503222 -0.038101185 3.906697273 -0.617109716 -11.493793488 0.000000000 0.000000000 -12.000000000 0.675614357 0.461148590 0.005726125 0.000000000 0.003474077 0.000000000
1776617455.313742161 0.603161097 -0.023123972 0.200911999 0.049517445 0.998046517 0.000500071 -0.038090751 3.906953096 -0.616317928 -11.505864143 0.000000000 0.000000000 -12.000000000 0.663561821 0.460937560 0.005691479 0.000000000 0.003479606 0.000000000
1776617455.319918633 0.603166342 -0.023123540 0.200913101 0.049589071 0.998043239 0.000497718 -0.038083814 3.907341719 -0.615528345 -11.517894745 0.000000000 0.000000000 -12.000000000 0.651553154 0.460702568 0.005656880 0.000000000 0.003485036 0.000000000
1776617455.323580503 0.603162467 -0.023119951 0.200910538 0.049654428 0.998039842 0.000498452 -0.038088135 3.907852173 -0.614742339 -11.529914856 0.000000000 0.000000000 -12.000000000 0.639560699 0.458818763 0.005622235 0.000000000 0.003490366 0.000000000
1776617455.329885483 0.603182793 -0.023121158 0.200917870 0.049712356 0.998037934 0.000495964 -0.038061671 3.908475876 -0.613961756 -11.541952133 0.000000000 0.000000000 -12.000000000 0.627556801 0.458813041 0.005587451 0.000000000 0.003495595 0.000000000
1776617455.333385468 0.603188157 -0.023121264 0.200918436 0.049763363 0.998035729 0.000493850 -0.038053200 3.909206390 -0.613188326 -11.554037094 0.000000000 0.000000000 -12.000000000 0.615508080 0.458568335 0.005552419 0.000000000 0.003500725 0.000000000
1776617455.338535786 0.603198886 -0.023121482 0.200922161 0.049812384 0.998033822 0.000492121 -0.038038526 3.910039902 -0.612424433 -11.566197395 0.000000000 0.000000000 -12.000000000 0.603388786 0.458417833 0.005517049 0.000000000 0.003505753 0.000000000
1776617455.343364477 0.603205979 -0.023121726 0.200924009 0.049863070 0.998031676 0.000490307 -0.038028553 3.910974979 -0.611672521 -11.578457832 0.000000000 0.000000000 -12.000000000 0.591175079 0.458086163 0.005481263 0.000000000 0.003510679 0.000000000
1776617455.348388433 0.603211284 -0.023121854 0.200925201 0.049919441 0.998029172 0.000488108 -0.038020976 3.912013531 -0.610935450 -11.590841293 0.000000000 0.000000000 -12.000000000 0.578842163 0.457843602 0.005444977 0.000000000 0.003515503 0.000000000
1776617455.353366852 0.603215754 -0.023121949 0.200925678 0.049976807 0.998026550 0.000485919 -0.038014658 3.913158655 -0.610216200 -11.603363991 0.000000000 0.000000000 -12.000000000 0.566374779 0.457586139 0.005408139 0.000000000 0.003520223 0.000000000
1776617455.358452797 0.603218555 -0.023121925 0.200926095 0.050032299 0.998023927 0.000483928 -0.038010255 3.914417028 -0.609518468 -11.616039276 0.000000000 0.000000000 -12.000000000 0.553759575 0.458494455 0.005370703 0.000000000 0.003524838 0.000000000
1776617455.363440275 0.603221536 -0.023121964 0.200927347 0.050083078 0.998021543 0.000481998 -0.038005698 3.915796280 -0.608846247 -11.628870964 0.000000000 0.000000000 -12.000000000 0.540993690 0.458214045 0.005332658 0.000000000 0.003529346 0.000000000
1776617455.369929552 0.603224695 -0.023121905 0.200928807 0.050136175 0.998019099 0.000480021 -0.038000606 3.917306185 -0.608204126 -11.641857147 0.000000000 0.000000000 -12.000000000 0.528079987 0.457944483 0.005294013 0.000000000 0.003533747 0.000000000
1776617455.374696732 0.603226960 -0.023121862 0.200931013 0.050187744 0.998016655 0.000478170 -0.037996624 3.918958187 -0.607597113 -11.654989243 0.000000000 0.000000000 -12.000000000 0.515026093 0.457654804 0.005254792 0.000000000 0.003538039 0.000000000
1776617455.379488707 0.603229463 -0.023121867 0.200933009 0.050243996 0.998013973 0.000476074 -0.037992340 3.920765400 -0.607030511 -11.668251991 0.000000000 0.000000000 -12.000000000 0.501848221 0.457370996 0.005215048 0.000000000 0.003542221 0.000000000
1776617455.384251118 0.603233099 -0.023121905 0.200934201 0.050302893 0.998011231 0.000473880 -0.037986919 3.922741413 -0.606509686 -11.681622505 0.000000000 0.000000000 -12.000000000 0.488571167 0.456447661 0.005174863 0.000000000 0.003546292 0.000000000
1776617455.389973402 0.603235424 -0.023121925 0.200934857 0.050358266 0.998008549 0.000471809 -0.037983082 3.924900532 -0.606039941 -11.695071220 0.000000000 0.000000000 -12.000000000 0.475223541 0.456164092 0.005134331 0.000000000 0.003550252 0.000000000
1776617455.393456697 0.603237689 -0.023121873 0.200935215 0.050411794 0.998005986 0.000469829 -0.037979428 3.927257538 -0.605626643 -11.708562851 0.000000000 0.000000000 -12.000000000 0.461841583 0.454879045 0.005093573 0.000000000 0.003554101 0.000000000
1776617455.398506403 0.603240252 -0.023121897 0.200936079 0.050463814 0.998003542 0.000467902 -0.037975531 3.929827213 -0.605274677 -11.722056389 0.000000000 0.000000000 -12.000000000 0.448467255 0.454601377 0.005052729 0.000000000 0.003557838 0.000000000
1776617455.403490782 0.603242874 -0.023121888 0.200936735 0.050512820 0.998001218 0.000466008 -0.037971601 3.932624102 -0.604988635 -11.735503197 0.000000000 0.000000000 -12.000000000 0.435149193 0.454330415 0.005011962 0.000000000 0.003561465 0.000000000
1776617455.408397913 0.603245735 -0.023121748 0.200937569 0.050557997 0.997999072 0.000464461 -0.037967402 3.935662031 -0.604772151 -11.748852730 0.000000000 0.000000000 -12.000000000 0.421939850 0.455850989 0.004971447 0.000000000 0.003564981 0.000000000
1776617455.413404226 0.603248060 -0.023121620 0.200938076 0.050601255 0.997996986 0.000462834 -0.037963893 3.938954353 -0.604627848 -11.762048721 0.000000000 0.000000000 -12.000000000 0.408894539 0.455676794 0.004931370 0.000000000 0.003568388 0.000000000
1776617455.418507099 0.603250325 -0.023121567 0.200938314 0.050641052 0.997995138 0.000461361 -0.037960380 3.942512512 -0.604557276 -11.775032043 0.000000000 0.000000000 -12.000000000 0.396074295 0.455498695 0.004891937 0.000000000 0.003571689 0.000000000
1776617455.423782349 0.603252888 -0.023121418 0.200938821 0.050679922 0.997993290 0.000459931 -0.037956566 3.946346283 -0.604560554 -11.787742615 0.000000000 0.000000000 -12.000000000 0.383538246 0.455332160 0.004853346 0.000000000 0.003574885 0.000000000
1776617455.428412676 0.603255689 -0.023121417 0.200939298 0.050719425 0.997991443 0.000458412 -0.037952632 3.950463295 -0.604636431 -11.800116539 0.000000000 0.000000000 -12.000000000 0.371351242 0.458758265 0.004815817 0.000000000 0.003577980 0.000000000
1776617455.434911251 0.603258491 -0.023121281 0.200939626 0.050761815 0.997989416 0.000456825 -0.037948702 3.954869270 -0.604782343 -11.812091827 0.000000000 0.000000000 -12.000000000 0.359575272 0.458609343 0.004779560 0.000000000 0.003580976 0.000000000
1776617455.438383579 0.603260875 -0.023121156 0.200940073 0.050807472 0.997987270 0.000455142 -0.037945163 3.959567308 -0.604994416 -11.823606491 0.000000000 0.000000000 -12.000000000 0.348271370 0.458453000 0.004744783 0.000000000 0.003583878 0.000000000
1776617455.443483591 0.603263259 -0.023121176 0.200940460 0.050853983 0.997985005 0.000453396 -0.037941683 3.964558125 -0.605267346 -11.834599495 0.000000000 0.000000000 -12.000000000 0.337501526 0.458291233 0.004711696 0.000000000 0.003586691 0.000000000
1776617455.449863911 0.603266358 -0.023121158 0.200941026 0.050909679 0.997982323 0.000451316 -0.037937336 3.969840050 -0.605594516 -11.845012665 0.000000000 0.000000000 -12.000000000 0.353037834 0.457753748 0.004766426 0.000000000 0.003589633 0.000000000
1776617455.453444719 0.603269637 -0.023121363 0.200941622 0.050972026 0.997979343 0.000448946 -0.037932634 3.975409031 -0.605968118 -11.854788780 0.000000000 0.000000000 -12.000000000 0.343548775 0.457606435 0.004737658 0.000000000 0.003592496 0.000000000
1776617455.459730625 0.603273332 -0.023121379 0.200942218 0.051043481 0.997975886 0.000446252 -0.037927341 3.981258154 -0.606379449 -11.863876343 0.000000000 0.000000000 -12.000000000 0.334760666 0.457480550 0.004711154 0.000000000 0.003595286 0.000000000
1776617455.463406563 0.603277326 -0.023121439 0.200942785 0.051119927 0.997972190 0.000443400 -0.037921865 3.987378120 -0.606819093 -11.872225761 0.000000000 0.000000000 -12.000000000 0.326724052 0.455716133 0.004687089 0.000000000 0.003598008 0.000000000
1776617455.468479395 0.603280842 -0.023121295 0.200943381 0.051190268 0.997968793 0.000440872 -0.037917018 3.993757725 -0.607277036 -11.879792213 0.000000000 0.000000000 -12.000000000 0.319480896 0.455598980 0.004665607 0.000000000 0.003600671 0.000000000
1776617455.473837137 0.603275359 -0.023120934 0.200939387 0.051256139 0.997965157 0.000438301 -0.037923004 4.000382900 -0.607743084 -11.886536598 0.000000000 0.000000000 -12.000000000 0.313072205 0.454420120 0.004646854 0.000000000 0.003603280 0.000000000
1776617455.478366137 0.603273511 -0.023120556 0.200938433 0.051320020 0.997961819 0.000435984 -0.037924562 4.007238388 -0.608206928 -11.892424583 0.000000000 0.000000000 -12.000000000 0.307529449 0.454218984 0.004630941 0.000000000 0.003605842 0.000000000
1776617455.483568907 0.603269517 -0.023120211 0.200935423 0.051381938 0.997958481 0.000433621 -0.037928808 4.014306545 -0.608658314 -11.897430420 0.000000000 0.000000000 -12.000000000 0.302878380 0.453980088 0.004617961 0.000000000 0.003608366 0.000000000
1776617455.488339186 0.603265882 -0.023119748 0.200933248 0.051441092 0.997955322 0.000431403 -0.037931893 4.021565914 -0.609087050 -11.901535034 0.000000000 0.000000000 -12.000000000 0.299136162 0.451707214 0.004607980 0.000000000 0.003610859 0.000000000
1776617455.493457317 0.603262067 -0.023119265 0.200930953 0.051496305 0.997952342 0.000429377 -0.037935358 4.028994083 -0.609483302 -11.904727936 0.000000000 0.000000000 -12.000000000 0.270200729 0.447513223 0.004513780 0.000000000 0.003613111 0.000000000
1776617455.498551607 0.603259087 -0.023118917 0.200929463 0.051547263 0.997949600 0.000427440 -0.037937835 4.036564827 -0.609837234 -11.907005310 0.000000000 0.000000000 -12.000000000 0.268250465 0.444970071 0.004509515 0.000000000 0.003615346 0.000000000
1776617455.503539085 0.603256822 -0.023118524 0.200928241 0.051593408 0.997947156 0.000425748 -0.037939802 4.044248581 -0.610139489 -11.908371925 0.000000000 0.000000000 -12.000000000 0.267212868 0.448132098 0.004508283 0.000000000 0.003617573 0.000000000
1776617455.508445263 0.603255153 -0.023118082 0.200927168 0.051630657 0.997945189 0.000424482 -0.037941229 4.052012920 -0.610380888 -11.908840179 0.000000000 0.000000000 -12.000000000 0.267075539 0.447943985 0.004510051 0.000000000 0.003619799 0.000000000
1776617455.513871908 0.603254676 -0.023117654 0.200926423 0.051664498 0.997943401 0.000423245 -0.037941303 4.059822559 -0.610552728 -11.908432007 0.000000000 0.000000000 -12.000000000 0.267816544 0.447780848 0.004514752 0.000000000 0.003622031 0.000000000
1776617455.519961357 0.603268147 -0.023118095 0.200929672 0.051698640 0.997942328 0.000422022 -0.037923299 4.067637920 -0.610646546 -11.907174110 0.000000000 0.000000000 -12.000000000 0.295764923 0.448377818 0.004610378 0.000000000 0.003624495 0.000000000
1776617455.523496389 0.603283584 -0.023118475 0.200933516 0.051770356 0.997939408 0.000419436 -0.037901688 4.075418949 -0.610654235 -11.905100822 0.000000000 0.000000000 -12.000000000 0.298216820 0.446153760 0.004621037 0.000000000 0.003626981 0.000000000
1776617455.529634953 0.603283584 -0.023118475 0.200933516 0.051770356 0.997939408 0.000419436 -0.037901688 4.083123207 -0.610567927 -11.902254105 0.000000000 0.000000000 -12.000000000 0.301434517 0.446008503 0.004634274 0.000000000 0.003629493 0.000000000
1776617455.533327103 0.603291094 -0.023118511 0.200936288 0.051812500 0.997937620 0.000417947 -0.037891202 4.090708256 -0.610380054 -11.898678780 0.000000000 0.000000000 -12.000000000 0.305375099 0.442655772 0.004649954 0.000000000 0.003632037 0.000000000
1776617455.538576126 0.603297234 -0.023118546 0.200939268 0.051863778 0.997935295 0.000416088 -0.037882276 4.098132610 -0.610083640 -11.894424438 0.000000000 0.000000000 -12.000000000 0.309985161 0.442616165 0.004667905 0.000000000 0.003634621 0.000000000
1776617455.543646097 0.603294134 -0.023117973 0.200937808 0.051921323 0.997932196 0.000414071 -0.037885234 4.105356216 -0.609672010 -11.889545441 0.000000000 0.000000000 -12.000000000 0.315208435 0.442445934 0.004687942 0.000000000 0.003637247 0.000000000
1776617455.548355103 0.603295088 -0.023117814 0.200939834 0.051987275 0.997928858 0.000411640 -0.037883468 4.112341404 -0.609139323 -11.884096146 0.000000000 0.000000000 -12.000000000 0.320988655 0.442321628 0.004709885 0.000000000 0.003639922 0.000000000
1776617455.553375006 0.603294194 -0.023117386 0.200940549 0.052066214 0.997924745 0.000408816 -0.037883472 4.119053364 -0.608480453 -11.878133774 0.000000000 0.000000000 -12.000000000 0.327266693 0.440836519 0.004733539 0.000000000 0.003642650 0.000000000
1776617455.558362246 0.603294611 -0.023117110 0.200942367 0.052155402 0.997920156 0.000405542 -0.037881713 4.125459194 -0.607691228 -11.871716499 0.000000000 0.000000000 -12.000000000 0.333983421 0.440725476 0.004758711 0.000000000 0.003645433 0.000000000
1776617455.563433886 0.603294432 -0.023116603 0.200943530 0.052238297 0.997915864 0.000402403 -0.037881035 4.131529331 -0.606768310 -11.864899635 0.000000000 0.000000000 -12.000000000 0.341081619 0.441219181 0.004785214 0.000000000 0.003648275 0.000000000
1776617455.568372250 0.603294134 -0.023115989 0.200943917 0.052305765 0.997912347 0.000399938 -0.037880767 4.137236118 -0.605709493 -11.857741356 0.000000000 0.000000000 -12.000000000 0.348502159 0.441113979 0.004812853 0.000000000 0.003651179 0.000000000
1776617455.573340178 0.603293717 -0.023115514 0.200943410 0.052360050 0.997909486 0.000397982 -0.037881091 4.142554283 -0.604513824 -11.850293159 0.000000000 0.000000000 -12.000000000 0.356192589 0.440997005 0.004841456 0.000000000 0.003654148 0.000000000
1776617455.578411579 0.603292644 -0.023115093 0.200942427 0.052406289 0.997906983 0.000396252 -0.037882067 4.147460938 -0.603181660 -11.842606544 0.000000000 0.000000000 -12.000000000 0.364099503 0.440871567 0.004870847 0.000000000 0.003657182 0.000000000
1776617455.583530188 0.603291333 -0.023114804 0.200941265 0.052447498 0.997904778 0.000394685 -0.037883371 4.151934624 -0.601714790 -11.834730148 0.000000000 0.000000000 -12.000000000 0.372175217 0.440738171 0.004900868 0.000000000 0.003660284 0.000000000
1776617455.588425875 0.603289783 -0.023114540 0.200940192 0.052483536 0.997902811 0.000393320 -0.037884854 4.155954838 -0.600116313 -11.826707840 0.000000000 0.000000000 -12.000000000 0.380371094 0.440603137 0.004931357 0.000000000 0.003663453 0.000000000
1776617455.593363762 0.603288651 -0.023114294 0.200939476 0.052516427 0.997901082 0.000392080 -0.037885707 4.159503937 -0.598390639 -11.818581581 0.000000000 0.000000000 -12.000000000 0.388648987 0.440476745 0.004962189 0.000000000 0.003666692 0.000000000
1776617455.599133968 0.603288293 -0.023114068 0.200939596 0.052547455 0.997899413 0.000390939 -0.037885748 4.162564754 -0.596543133 -11.810388565 0.000000000 0.000000000 -12.000000000 0.396968842 0.440363556 0.004993230 0.000000000 0.003670000 0.000000000
1776617455.605107307 0.603288114 -0.023113851 0.200939596 0.052576385 0.997897923 0.000389855 -0.037885644 4.165123940 -0.594580054 -11.802165985 0.000000000 0.000000000 -12.000000000 0.405291557 0.440256298 0.005024349 0.000000000 0.003673377 0.000000000
1776617455.609329700 0.603288531 -0.023113584 0.200939834 0.052640416 0.997894585 0.000387468 -0.037884828 4.167169094 -0.592508197 -11.793945312 0.000000000 0.000000000 -12.000000000 0.413588524 0.440151453 0.005055453 0.000000000 0.003676824 0.000000000
1776617455.614887714 0.603288531 -0.023113584 0.200939834 0.052640416 0.997894585 0.000387468 -0.037884828 4.168691158 -0.590334892 -11.785755157 0.000000000 0.000000000 -12.000000000 0.421827316 0.438165665 0.005086430 0.000000000 0.003680339 0.000000000
1776617455.619033813 0.603288949 -0.023113390 0.200939894 0.052677322 0.997892618 0.000386121 -0.037884306 4.169682026 -0.588067770 -11.777622223 0.000000000 0.000000000 -12.000000000 0.429983139 0.438086122 0.005117200 0.000000000 0.003683923 0.000000000
1776617455.624861956 0.603289425 -0.023113202 0.200939804 0.052716918 0.997890592 0.000384627 -0.037883755 4.170137882 -0.585714459 -11.769570351 0.000000000 0.000000000 -12.000000000 0.438029289 0.438011944 0.005147670 0.000000000 0.003687573 0.000000000
1776617455.628484488 0.603290319 -0.023112668 0.200939953 0.052809808 0.997885704 0.000381317 -0.037882656 4.170054913 -0.583282232 -11.761621475 0.000000000 0.000000000 -12.000000000 0.445947647 0.437952042 0.005177781 0.000000000 0.003691289 0.000000000
1776617455.634419441 0.603290319 -0.023112668 0.200939953 0.052809808 0.997885704 0.000381317 -0.037882656 4.169433594 -0.580778122 -11.753794670 0.000000000 0.000000000 -12.000000000 0.453716278 0.433289945 0.005207458 0.000000000 0.003695070 0.000000000
1776617455.638458490 0.603290856 -0.023112511 0.200940251 0.052870646 0.997882485 0.000379000 -0.037881989 4.168275356 -0.578208268 -11.746107101 0.000000000 0.000000000 -12.000000000 0.461318970 0.433237523 0.005236644 0.000000000 0.003698914 0.000000000
1776617455.643745422 0.603291750 -0.023112267 0.200940520 0.052938640 0.997878969 0.000376443 -0.037880849 4.166584492 -0.575578272 -11.738573074 0.000000000 0.000000000 -12.000000000 0.468743324 0.433198214 0.005265298 0.000000000 0.003702821 0.000000000
1776617455.649862528 0.603292882 -0.023112062 0.200941145 0.053015120 0.997874975 0.000373574 -0.037879381 4.164366722 -0.572892904 -11.731204987 0.000000000 0.000000000 -12.000000000 0.475974083 0.433162332 0.005293367 0.000000000 0.003706787 0.000000000
1776617455.653372526 0.603294790 -0.023111291 0.200942189 0.053191684 0.997865677 0.000367067 -0.037876699 4.161629677 -0.570156336 -11.724011421 0.000000000 0.000000000 -12.000000000 0.483005524 0.433151960 0.005320830 0.000000000 0.003710812 0.000000000
1776617455.659672976 0.603294790 -0.023111291 0.200942189 0.053191684 0.997865677 0.000367067 -0.037876699 4.158383846 -0.567372501 -11.717001915 0.000000000 0.000000000 -12.000000000 0.489828110 0.433040559 0.005347654 0.000000000 0.003714894 0.000000000
1776617455.663428068 0.603295505 -0.023110785 0.200942665 0.053277127 0.997861147 0.000363911 -0.037875686 4.154639721 -0.564544857 -11.710179329 0.000000000 0.000000000 -12.000000000 0.496438980 0.433018625 0.005373828 0.000000000 0.003719031 0.000000000
1776617455.668381453 0.603296101 -0.023110097 0.200943172 0.053340670 0.997857749 0.000361615 -0.037874728 4.150410652 -0.561676919 -11.703548431 0.000000000 0.000000000 -12.000000000 0.502835274 0.433005154 0.005399339 0.000000000 0.003723221 0.000000000
1776617455.673380613 0.603297114 -0.023109673 0.200944006 0.053386267 0.997855425 0.000359914 -0.037873160 4.145710468 -0.558772266 -11.697107315 0.000000000 0.000000000 -12.000000000 0.509018898 0.432985663 0.005424193 0.000000000 0.003727463 0.000000000
1776617455.678495407 0.603298306 -0.023109186 0.200944781 0.053419795 0.997853696 0.000358682 -0.037871439 4.140553951 -0.555834889 -11.690856934 0.000000000 0.000000000 -12.000000000 0.514987946 0.432973385 0.005448381 0.000000000 0.003731754 0.000000000
1776617455.683369160 0.603299618 -0.023108738 0.200945526 0.053446710 0.997852325 0.000357684 -0.037869621 4.134957314 -0.552869081 -11.684790611 0.000000000 0.000000000 -12.000000000 0.520751953 0.432962507 0.005471934 0.000000000 0.003736094 0.000000000
1776617455.688373327 0.603300750 -0.023108393 0.200946242 0.053471111 0.997851074 0.000356786 -0.037867986 4.128937721 -0.549879789 -11.678904533 0.000000000 0.000000000 -12.000000000 0.526315689 0.433207363 0.005494866 0.000000000 0.003740480 0.000000000
1776617455.693358421 0.603301764 -0.023108222 0.200946718 0.053496882 0.997849703 0.000355822 -0.037866648 4.122512817 -0.546872318 -11.673191071 0.000000000 0.000000000 -12.000000000 0.531686783 0.433180332 0.005517200 0.000000000 0.003744911 0.000000000
1776617455.698406458 0.603302538 -0.023107899 0.200946957 0.053522103 0.997848392 0.000354935 -0.037865583 4.115701199 -0.543852508 -11.667639732 0.000000000 0.000000000 -12.000000000 0.536876678 0.433161944 0.005538974 0.000000000 0.003749385 0.000000000
1776617455.703331470 0.603303313 -0.023107721 0.200947016 0.053546894 0.997847140 0.000354000 -0.037864633 4.108522415 -0.540826499 -11.662241936 0.000000000 0.000000000 -12.000000000 0.541895866 0.433165759 0.005560220 0.000000000 0.003753901 0.000000000
1776617455.708351135 0.603304267 -0.023107657 0.200947165 0.053573132 0.997845769 0.000352964 -0.037863474 4.100997448 -0.537800610 -11.656984329 0.000000000 0.000000000 -12.000000000 0.546757698 0.433145046 0.005580982 0.000000000 0.003758457 0.000000000
1776617455.713355064 0.603304863 -0.023107508 0.200947076 0.053604167 0.997844100 0.000351791 -0.037862737 4.093146801 -0.534781277 -11.651855469 0.000000000 0.000000000 -12.000000000 0.551475525 0.433124959 0.005601304 0.000000000 0.003763052 0.000000000
1776617455.718374252 0.603305697 -0.023107264 0.200946987 0.053642165 0.997842133 0.000350448 -0.037861705 4.084993362 -0.531774998 -11.646842957 0.000000000 0.000000000 -12.000000000 0.556061745 0.433116734 0.005621226 0.000000000 0.003767686 0.000000000
1776617455.723344564 0.603306472 -0.023107128 0.200946867 0.053687681 0.997839689 0.000348743 -0.037860792 4.076559067 -0.528788030 -11.641931534 0.000000000 0.000000000 -12.000000000 0.560533524 0.438619316 0.005640802 0.000000000 0.003772357 0.000000000
1776617455.728330135 0.603307068 -0.023106940 0.200946748 0.053741727 0.997836828 0.000346777 -0.037860096 4.067867756 -0.525826156 -11.637108803 0.000000000 0.000000000 -12.000000000 0.564905167 0.438596368 0.005660082 0.000000000 0.003777065 0.000000000
1776617455.733366728 0.603307843 -0.023106769 0.200946599 0.053802811 0.997833550 0.000344462 -0.037859127 4.058943272 -0.522894561 -11.632360458 0.000000000 0.000000000 -12.000000000 0.569190979 0.438578546 0.005679111 0.000000000 0.003781808 0.000000000
1776617455.738713741 0.603308678 -0.023106562 0.200946569 0.053869613 0.997829974 0.000341948 -0.037858132 4.049810886 -0.519997776 -11.627674103 0.000000000 0.000000000 -12.000000000 0.573404312 0.438566983 0.005697934 0.000000000 0.003786586 0.000000000
1776617455.743393898 0.603309393 -0.023106279 0.200946510 0.053941466 0.997826159 0.000339240 -0.037857201 4.040495872 -0.517139554 -11.623036385 0.000000000 0.000000000 -12.000000000 0.577561378 0.438559383 0.005716604 0.000000000 0.003791400 0.000000000
1776617455.748478651 0.603310466 -0.023105942 0.200946391 0.054023482 0.997821748 0.000336138 -0.037855882 4.031023979 -0.514322817 -11.618435860 0.000000000 0.000000000 -12.000000000 0.581673622 0.438562095 0.005735159 0.000000000 0.003796247 0.000000000
1776617455.753376245 0.603311598 -0.023105573 0.200946301 0.054111566 0.997817039 0.000332940 -0.037854478 4.021420956 -0.511549592 -11.613862038 0.000000000 0.000000000 -12.000000000 0.585752487 0.438565075 0.005753636 0.000000000 0.003801128 0.000000000
1776617455.758568048 0.603312910 -0.023104999 0.200946331 0.054201286 0.997812271 0.000329608 -0.037852805 4.011713028 -0.508821130 -11.609302521 0.000000000 0.000000000 -12.000000000 0.589812279 0.438586771 0.005772084 0.000000000 0.003806043 0.000000000
1776617455.763355017 0.603314459 -0.023104325 0.200946331 0.054285053 0.997807741 0.000326476 -0.037850920 4.001926422 -0.506137908 -11.604749680 0.000000000 0.000000000 -12.000000000 0.593863487 0.438617200 0.005790537 0.000000000 0.003810992 0.000000000
1776617455.768508673 0.603315949 -0.023103690 0.200946122 0.054353137 0.997804105 0.000323858 -0.037849091 3.992085934 -0.503499627 -11.600193977 0.000000000 0.000000000 -12.000000000 0.597913742 0.438818216 0.005809020 0.000000000 0.003815975 0.000000000
1776617455.773550749 0.603317857 -0.023103137 0.200946063 0.054396998 0.997801840 0.000322306 -0.037846833 3.982216835 -0.500905812 -11.595626831 0.000000000 0.000000000 -12.000000000 0.601974487 0.438846558 0.005827573 0.000000000 0.003820991 0.000000000
1776617455.780545950 0.603319943 -0.023102671 0.200946003 0.054422393 0.997800529 0.000321347 -0.037844148 3.972342491 -0.498355865 -11.591042519 0.000000000 0.000000000 -12.000000000 0.606053352 0.443788290 0.005846219 0.000000000 0.003826041 0.000000000
1776617455.783347607 0.603323460 -0.023101926 0.200945735 0.054445203 0.997799456 0.000320496 -0.037839759 3.962486267 -0.495849311 -11.586435318 0.000000000 0.000000000 -12.000000000 0.610155106 0.443836242 0.005864976 0.000000000 0.003831126 0.000000000
1776617455.788604736 0.603323460 -0.023101926 0.200945735 0.054445203 0.997799456 0.000320496 -0.037839759 3.952669382 -0.493385851 -11.581801414 0.000000000 0.000000000 -12.000000000 0.614285469 0.443707615 0.005883863 0.000000000 0.003836245 0.000000000
1776617455.793349504 0.603324771 -0.023101708 0.200945526 0.054454688 0.997798979 0.000320134 -0.037838176 3.942912340 -0.490965486 -11.577137947 0.000000000 0.000000000 -12.000000000 0.618449211 0.443713427 0.005902896 0.000000000 0.003841399 0.000000000
1776617455.798389912 0.603326023 -0.023101564 0.200945109 0.054465558 0.997798502 0.000319754 -0.037836563 3.933234453 -0.488588274 -11.572444916 0.000000000 0.000000000 -12.000000000 0.622647285 0.443718463 0.005922078 0.000000000 0.003846587 0.000000000
1776617455.803346395 0.603327572 -0.023101466 0.200945020 0.054476406 0.997797966 0.000319283 -0.037834618 3.923653841 -0.486254632 -11.567721367 0.000000000 0.000000000 -12.000000000 0.626880646 0.443730891 0.005941413 0.000000000 0.003851811 0.000000000
1776617455.808406353 0.603328943 -0.023101473 0.200944602 0.054486796 0.997797430 0.000318929 -0.037832886 3.914187431 -0.483965158 -11.562970161 0.000000000 0.000000000 -12.000000000 0.631147385 0.443736792 0.005960896 0.000000000 0.003857071 0.000000000
1776617455.813406229 0.603330195 -0.023101395 0.200944394 0.054496311 0.997797012 0.000318558 -0.037831333 3.904851675 -0.481720865 -11.558196068 0.000000000 0.000000000 -12.000000000 0.635443687 0.443750471 0.005980512 0.000000000 0.003862366 0.000000000
1776617455.818403244 0.603331268 -0.023101348 0.200944036 0.054505557 0.997796535 0.000318198 -0.037829988 3.895661354 -0.479522943 -11.553403854 0.000000000 0.000000000 -12.000000000 0.639764786 0.443764120 0.006000247 0.000000000 0.003867698 0.000000000
1776617455.823286295 0.603332281 -0.023101300 0.200943828 0.054514736 0.997796118 0.000317826 -0.037828583 3.886631250 -0.477372855 -11.548600197 0.000000000 0.000000000 -12.000000000 0.644106865 0.443779767 0.006020088 0.000000000 0.003873065 0.000000000
1776617455.828407526 0.603333294 -0.023101393 0.200943470 0.054524001 0.997795641 0.000317439 -0.037827238 3.877774477 -0.475272089 -11.543793678 0.000000000 0.000000000 -12.000000000 0.648459435 0.443791628 0.006040000 0.000000000 0.003878469 0.000000000
1776617455.833366871 0.603334367 -0.023101129 0.200943291 0.054533757 0.997795165 0.000317201 -0.037825953 3.869104147 -0.473222196 -11.538991928 0.000000000 0.000000000 -12.000000000 0.652817726 0.443822503 0.006059968 0.000000000 0.003883909 0.000000000
1776617455.838373661 0.603335559 -0.023101127 0.200943053 0.054543518 0.997794688 0.000316845 -0.037824374 3.860632658 -0.471224517 -11.534204483 0.000000000 0.000000000 -12.000000000 0.657170296 0.448851168 0.006079953 0.000000000 0.003889385 0.000000000
1776617455.843371630 0.603336394 -0.023101071 0.200942695 0.054554224 0.997794151 0.000316412 -0.037823178 3.852371216 -0.469280422 -11.529441833 0.000000000 0.000000000 -12.000000000 0.661509514 0.448872268 0.006099930 0.000000000 0.003894898 0.000000000
1776617455.848352194 0.603337646 -0.023101065 0.200942487 0.054566339 0.997793555 0.000315949 -0.037821624 3.844331026 -0.467390984 -11.524712563 0.000000000 0.000000000 -12.000000000 0.665826797 0.448900074 0.006119869 0.000000000 0.003900446 0.000000000
1776617455.853357315 0.603338242 -0.023101073 0.200942039 0.054578308 0.997792900 0.000315490 -0.037820730 3.836522102 -0.465557158 -11.520028114 0.000000000 0.000000000 -12.000000000 0.670110703 0.448919088 0.006139733 0.000000000 0.003906031 0.000000000
1776617455.858372688 0.603339016 -0.023100903 0.200941563 0.054590300 0.997792304 0.000315115 -0.037819777 3.828953981 -0.463779718 -11.515398026 0.000000000 0.000000000 -12.000000000 0.674353600 0.450754344 0.006159496 0.000000000 0.003911650 0.000000000
1776617455.863978148 0.603339791 -0.023100955 0.200941175 0.054602958 0.997791648 0.000314634 -0.037818640 3.821635485 -0.462059081 -11.510833740 0.000000000 0.000000000 -12.000000000 0.678543091 0.450773686 0.006179115 0.000000000 0.003917305 0.000000000
1776617455.868372917 0.603340328 -0.023100853 0.200940669 0.054617118 0.997790873 0.000314104 -0.037817840 3.814575195 -0.460395515 -11.506346703 0.000000000 0.000000000 -12.000000000 0.682667732 0.450801373 0.006198553 0.000000000 0.003922994 0.000000000
1776617455.874452591 0.603341043 -0.023100827 0.200940281 0.054630816 0.997790217 0.000313577 -0.037816886 3.807780743 -0.458789080 -11.501948357 0.000000000 0.000000000 -12.000000000 0.686717033 0.450827956 0.006217773 0.000000000 0.003928716 0.000000000
1776617455.879925728 0.603341341 -0.023100782 0.200939745 0.054642938 0.997789562 0.000313108 -0.037816439 3.801259041 -0.457239717 -11.497650146 0.000000000 0.000000000 -12.000000000 0.690680504 0.451317310 0.006236740 0.000000000 0.003934472 0.000000000
1776617455.883779764 0.603341639 -0.023100626 0.200939327 0.054654725 0.997788906 0.000312645 -0.037816022 3.795017242 -0.455747306 -11.493465424 0.000000000 0.000000000 -12.000000000 0.694544792 0.451346427 0.006255409 0.000000000 0.003940260 0.000000000
1776617455.888521671 0.603341877 -0.023100616 0.200938612 0.054665804 0.997788310 0.000312214 -0.037815668 3.789060593 -0.454311788 -11.489405632 0.000000000 0.000000000 -12.000000000 0.698297501 0.451369435 0.006273737 0.000000000 0.003946079 0.000000000
1776617455.893492222 0.603342116 -0.023100533 0.200938076 0.054677404 0.997787714 0.000311846 -0.037815191 3.783394337 -0.452933162 -11.485482216 0.000000000 0.000000000 -12.000000000 0.701930046 0.451396853 0.006291695 0.000000000 0.003951929 0.000000000
1776617455.898428202 0.603342235 -0.023100488 0.200937361 0.054690156 0.997786999 0.000311350 -0.037814837 3.778022766 -0.451611578 -11.481707573 0.000000000 0.000000000 -12.000000000 0.705428123 0.451424807 0.006309234 0.000000000 0.003957807 0.000000000
1776617455.903610706 0.603342235 -0.023100471 0.200936705 0.054704838 0.997786224 0.000310707 -0.037814662 3.772949219 -0.450347215 -11.478094101 0.000000000 0.000000000 -12.000000000 0.708780289 0.451453626 0.006326315 0.000000000 0.003963714 0.000000000
1776617455.908421040 0.603342295 -0.023100384 0.200935990 0.054721016 0.997785330 0.000310162 -0.037814368 3.768175840 -0.449140429 -11.474654198 0.000000000 0.000000000 -12.000000000 0.711974144 0.454853594 0.006342893 0.000000000 0.003969647 0.000000000
1776617455.913443089 0.603342712 -0.023100384 0.200935334 0.054739188 0.997784376 0.000309369 -0.037813742 3.763704062 -0.447991461 -11.471398354 0.000000000 0.000000000 -12.000000000 0.715000153 0.454892009 0.006358938 0.000000000 0.003975605 0.000000000
1776617455.918455124 0.603342950 -0.023100160 0.200934768 0.054761514 0.997783184 0.000308657 -0.037813243 3.759533405 -0.446900576 -11.468338013 0.000000000 0.000000000 -12.000000000 0.717844009 0.452804416 0.006374400 0.000000000 0.003981587 0.000000000
1776617455.923600674 0.603343308 -0.023100227 0.200934201 0.054786518 0.997781813 0.000307704 -0.037812591 3.755662680 -0.445867926 -11.465484619 0.000000000 0.000000000 -12.000000000 0.720499039 0.454438627 0.006389254 0.000000000 0.003987591 0.000000000
1776617455.928472996 0.603343785 -0.023100084 0.200933814 0.054814398 0.997780323 0.000306653 -0.037811849 3.752089500 -0.444893569 -11.462849617 0.000000000 0.000000000 -12.000000000 0.722948074 0.454484373 0.006403442 0.000000000 0.003993616 0.000000000
1776617455.933650255 0.603344202 -0.023099940 0.200933307 0.054847028 0.997778535 0.000305403 -0.037811141 3.748809814 -0.443977535 -11.460441589 0.000000000 0.000000000 -12.000000000 0.725186348 0.454529971 0.006416947 0.000000000 0.003999659 0.000000000
1776617455.938427925 0.603344560 -0.023099862 0.200932801 0.054888770 0.997776270 0.000303796 -0.037810493 3.745818377 -0.443119526 -11.458269119 0.000000000 0.000000000 -12.000000000 0.727204323 0.458607435 0.006429734 0.000000000 0.004005719 0.000000000
1776617455.943473577 0.603345096 -0.023099683 0.200932413 0.054941155 0.997773409 0.000301796 -0.037809763 3.743108749 -0.442319006 -11.456341743 0.000000000 0.000000000 -12.000000000 0.728991508 0.458660513 0.006441765 0.000000000 0.004011794 0.000000000
1776617455.948354006 0.603345335 -0.023099352 0.200931907 0.055011019 0.997769594 0.000299178 -0.037809305 3.740672827 -0.441575050 -11.454664230 0.000000000 0.000000000 -12.000000000 0.730542183 0.458718985 0.006453022 0.000000000 0.004017882 0.000000000
1776617455.953418255 0.603345573 -0.023099121 0.200931460 0.055091895 0.997765124 0.000296096 -0.037808910 3.738501787 -0.440886229 -11.453244209 0.000000000 0.000000000 -12.000000000 0.731849670 0.455345631 0.006463480 0.000000000 0.004023981 0.000000000
1776617455.958384752 0.603345692 -0.023098674 0.200930834 0.055180233 0.997760296 0.000292768 -0.037808701 3.736585379 -0.440250725 -11.452083588 0.000000000 0.000000000 -12.000000000 0.732910156 0.455405295 0.006473122 0.000000000 0.004030088 0.000000000
1776617455.963402510 0.603346348 -0.023098031 0.200930476 0.055268843 0.997755408 0.000289483 -0.037807800 3.734911919 -0.439666301 -11.451187134 0.000000000 0.000000000 -12.000000000 0.733719826 0.455480546 0.006481935 0.000000000 0.004036203 0.000000000
1776617455.969307899 0.603346705 -0.023097448 0.200930119 0.055355586 0.997750640 0.000286209 -0.037807316 3.733469009 -0.439130634 -11.450555801 0.000000000 0.000000000 -12.000000000 0.734276772 0.456578583 0.006489911 0.000000000 0.004042321 0.000000000
1776617455.973599195 0.603347421 -0.023096846 0.200929821 0.055427935 0.997746646 0.000283401 -0.037806381 3.732242823 -0.438641280 -11.450190544 0.000000000 0.000000000 -12.000000000 0.734577179 0.456655562 0.006497034 0.000000000 0.004048443 0.000000000
1776617455.978410959 0.603348374 -0.023096109 0.200929552 0.055479649 0.997743785 0.000281475 -0.037805200 3.731218338 -0.438196003 -11.450092316 0.000000000 0.000000000 -12.000000000 0.734622955 0.456741393 0.006503308 0.000000000 0.004054565 0.000000000
1776617455.983587265 0.603349507 -0.023095518 0.200929374 0.055509664 0.997742176 0.000280284 -0.037803862 3.730380058 -0.437792867 -11.450258255 0.000000000 0.000000000 -12.000000000 0.734413147 0.456823707 0.006508729 0.000000000 0.004060685 0.000000000
1776617455.988407850 0.603350461 -0.023095105 0.200929254 0.055526558 0.997741282 0.000279615 -0.037802640 3.729710579 -0.437430084 -11.450687408 0.000000000 0.000000000 -12.000000000 0.733949661 0.456894100 0.006513300 0.000000000 0.004066802 0.000000000
1776617455.993423700 0.603351474 -0.023094542 0.200929165 0.055536132 0.997740805 0.000279369 -0.037801448 3.729192734 -0.437106073 -11.451377869 0.000000000 0.000000000 -12.000000000 0.733232498 0.456974149 0.006517020 0.000000000 0.004072912 0.000000000
1776617455.998680353 0.603352189 -0.023094261 0.200928986 0.055544902 0.997740328 0.000279032 -0.037800524 3.728807449 -0.436819434 -11.452324867 0.000000000 0.000000000 -12.000000000 0.732265472 0.457038313 0.006519899 0.000000000 0.004079014 0.000000000
1776617456.003419638 0.603353083 -0.023093982 0.200928956 0.055555005 0.997739851 0.000278633 -0.037799388 3.728535891 -0.436568767 -11.453524590 0.000000000 0.000000000 -12.000000000 0.731051445 0.457152158 0.006521944 0.000000000 0.004085106 0.000000000
1776617456.008490801 0.603353977 -0.023093808 0.200928837 0.055566601 0.997739196 0.000278160 -0.037798375 3.728358269 -0.436352730 -11.454972267 0.000000000 0.000000000 -12.000000000 0.729595184 0.457263231 0.006523171 0.000000000 0.004091186 0.000000000
1776617456.016441822 0.603354931 -0.023093646 0.200928688 0.055579752 0.997738540 0.000277750 -0.037797090 3.728255033 -0.436169773 -11.456661224 0.000000000 0.000000000 -12.000000000 0.727902412 0.459522635 0.006523593 0.000000000 0.004097252 0.000000000
1776617456.020034313 0.603355825 -0.023093587 0.200928569 0.055595867 0.997737706 0.000277134 -0.037795927 3.728205681 -0.436018348 -11.458584785 0.000000000 0.000000000 -12.000000000 0.725978851 0.459634274 0.006523232 0.000000000 0.004103302 0.000000000
1776617456.024908543 0.603356719 -0.023093380 0.200928390 0.055614315 0.997736692 0.000276420 -0.037794884 3.728190899 -0.435896605 -11.460734367 0.000000000 0.000000000 -12.000000000 0.723830223 0.459757596 0.006522101 0.000000000 0.004109334 0.000000000
1776617456.029451132 0.603357553 -0.023093283 0.200928241 0.055635005 0.997735560 0.000275628 -0.037793752 3.728191376 -0.435802519 -11.463100433 0.000000000 0.000000000 -12.000000000 0.721466064 0.461196125 0.006520233 0.000000000 0.004115346 0.000000000
1776617456.033726215 0.603358388 -0.023093151 0.200928122 0.055656295 0.997734427 0.000274813 -0.037792649 3.728188276 -0.435733885 -11.465672493 0.000000000 0.000000000 -12.000000000 0.718895912 0.461317867 0.006517656 0.000000000 0.004121337 0.000000000
1776617456.038628340 0.603359044 -0.023093045 0.200927794 0.055679169 0.997733176 0.000273935 -0.037791848 3.728163481 -0.435688287 -11.468439102 0.000000000 0.000000000 -12.000000000 0.716130257 0.461237550 0.006514405 0.000000000 0.004127305 0.000000000
1776617456.043731928 0.603359699 -0.023093013 0.200927645 0.055703536 0.997731864 0.000272991 -0.037790928 3.728100061 -0.435663223 -11.471387863 0.000000000 0.000000000 -12.000000000 0.713182449 0.461353302 0.006510523 0.000000000 0.004133248 0.000000000
1776617456.049444437 0.603360176 -0.023092937 0.200927347 0.055730212 0.997730434 0.000271991 -0.037790246 3.727981567 -0.435655981 -11.474505424 0.000000000 0.000000000 -12.000000000 0.710062981 0.461471140 0.006506042 0.000000000 0.004139165 0.000000000
1776617456.053962231 0.603360653 -0.023092823 0.200926960 0.055765733 0.997728467 0.000270634 -0.037789658 3.727793694 -0.435663730 -11.477778435 0.000000000 0.000000000 -12.000000000 0.706784248 0.463689804 0.006501002 0.000000000 0.004145055 0.000000000
1776617456.058575153 0.603361130 -0.023092641 0.200926512 0.055810791 0.997725964 0.000269028 -0.037789010 3.727523088 -0.435683429 -11.481192589 0.000000000 0.000000000 -12.000000000 0.703362465 0.463142395 0.006495457 0.000000000 0.004150916 0.000000000
1776617456.064516068 0.603361547 -0.023092492 0.200926155 0.055869628 0.997722685 0.000266786 -0.037788428 3.727158308 -0.435711831 -11.484733582 0.000000000 0.000000000 -12.000000000 0.699807167 0.463268220 0.006489438 0.000000000 0.004156748 0.000000000
1776617456.069895267 0.603361964 -0.023092236 0.200925678 0.055942312 0.997718632 0.000264030 -0.037787817 3.726689100 -0.435745448 -11.488386154 0.000000000 0.000000000 -12.000000000 0.696137428 0.463401318 0.006483007 0.000000000 0.004162549 0.000000000
1776617456.075345278 0.603362560 -0.023091875 0.200925350 0.056027632 0.997713864 0.000260771 -0.037787125 3.726106882 -0.435780764 -11.492137909 0.000000000 0.000000000 -12.000000000 0.692361832 0.463543862 0.006476191 0.000000000 0.004168319 0.000000000
1776617456.079967737 0.603363991 -0.023090815 0.200924575 0.056218531 0.997703195 0.000253536 -0.037785288 3.725405216 -0.435814112 -11.495973587 0.000000000 0.000000000 -12.000000000 0.688496590 0.463726282 0.006469045 0.000000000 0.004174056 0.000000000
1776617456.084943533 0.603363991 -0.023090815 0.200924575 0.056218531 0.997703195 0.000253536 -0.037785288 3.724578381 -0.435841948 -11.499878883 0.000000000 0.000000000 -12.000000000 0.684556007 0.463850498 0.006461614 0.000000000 0.004179761 0.000000000
1776617456.089067936 0.603365123 -0.023089945 0.200924277 0.056307733 0.997698247 0.000250207 -0.037783939 3.723622561 -0.435860902 -11.503841400 0.000000000 0.000000000 -12.000000000 0.680551529 0.464026213 0.006453937 0.000000000 0.004185432 0.000000000
1776617456.093394518 0.603366613 -0.023089193 0.200924069 0.056386873 0.997693837 0.000247197 -0.037782192 3.722535372 -0.435867876 -11.507847786 0.000000000 0.000000000 -12.000000000 0.676496506 0.466047376 0.006446058 0.000000000 0.004191069 0.000000000
1776617456.098582029 0.603368104 -0.023088373 0.200923860 0.056452893 0.997690141 0.000244697 -0.037780385 3.721315384 -0.435860246 -11.511886597 0.000000000 0.000000000 -12.000000000 0.672403336 0.466225266 0.006438017 0.000000000 0.004196673 0.000000000
1776617456.103394032 0.603369713 -0.023087738 0.200923681 0.056498732 0.997687638 0.000242957 -0.037778363 3.719962597 -0.435835958 -11.515944481 0.000000000 0.000000000 -12.000000000 0.668283463 0.466784954 0.006429853 0.000000000 0.004202242 0.000000000
1776617456.108397722 0.603371620 -0.023086909 0.200923532 0.056525253 0.997686207 0.000242010 -0.037775919 3.718477488 -0.435793549 -11.520009995 0.000000000 0.000000000 -12.000000000 0.664150238 0.466971278 0.006421610 0.000000000 0.004207776 0.000000000
1776617456.113404512 0.603373349 -0.023086458 0.200923443 0.056537271 0.997685611 0.000241509 -0.037773706 3.716861725 -0.435732156 -11.524073601 0.000000000 0.000000000 -12.000000000 0.660013199 0.467138231 0.006413320 0.000000000 0.004213276 0.000000000
1776617456.118491888 0.603375256 -0.023086088 0.200923234 0.056542806 0.997685432 0.000241277 -0.037771340 3.715116978 -0.435651392 -11.528124809 0.000000000 0.000000000 -12.000000000 0.655880928 0.464814693 0.006405011 0.000000000 0.004218741 0.000000000
1776617456.124893427 0.603376746 -0.023085773 0.200923055 0.056547683 0.997685194 0.000241070 -0.037769455 3.713246346 -0.435551256 -11.532152176 0.000000000 0.000000000 -12.000000000 0.651765823 0.464973330 0.006396726 0.000000000 0.004224173 0.000000000
1776617456.130092144 0.603378236 -0.023085494 0.200922906 0.056554090 0.997684896 0.000240829 -0.037767544 3.711252928 -0.435431987 -11.536148071 0.000000000 0.000000000 -12.000000000 0.647676468 0.465133727 0.006388492 0.000000000 0.004229570 0.000000000
1776617456.133396626 0.603379488 -0.023085382 0.200922698 0.056562975 0.997684479 0.000240486 -0.037765898 3.709141016 -0.435293972 -11.540102005 0.000000000 0.000000000 -12.000000000 0.643623352 0.465285897 0.006380345 0.000000000 0.004234934 0.000000000
1776617456.138382435 0.603380561 -0.023085151 0.200922519 0.056572970 0.997683942 0.000240122 -0.037764553 3.706915140 -0.435137689 -11.544008255 0.000000000 0.000000000 -12.000000000 0.639612198 0.465445727 0.006372305 0.000000000 0.004240264 0.000000000
1776617456.143335104 0.603381276 -0.023084870 0.200922161 0.056582157 0.997683465 0.000239753 -0.037763629 3.704581261 -0.434963703 -11.547857285 0.000000000 0.000000000 -12.000000000 0.635653496 0.467334330 0.006364406 0.000000000 0.004245561 0.000000000
1776617456.148354769 0.603381753 -0.023084544 0.200921714 0.056591555 0.997682989 0.000239390 -0.037762973 3.702146053 -0.434772491 -11.551644325 0.000000000 0.000000000 -12.000000000 0.631750107 0.467497140 0.006356659 0.000000000 0.004250825 0.000000000
1776617456.153355122 0.603382468 -0.023084408 0.200921357 0.056601573 0.997682452 0.000238981 -0.037762016 3.699616432 -0.434564590 -11.555363655 0.000000000 0.000000000 -12.000000000 0.627910614 0.465428025 0.006349093 0.000000000 0.004256058 0.000000000
1776617456.158404589 0.603382707 -0.023084249 0.200920761 0.056610286 0.997681975 0.000238635 -0.037761658 3.697000265 -0.434340596 -11.559010506 0.000000000 0.000000000 -12.000000000 0.624137878 0.467322856 0.006341719 0.000000000 0.004261259 0.000000000
1776617456.163541317 0.603383243 -0.023084214 0.200920433 0.056618564 0.997681499 0.000238280 -0.037760850 3.694306850 -0.434101135 -11.562581062 0.000000000 0.000000000 -12.000000000 0.620438576 0.467478395 0.006334558 0.000000000 0.004266429 0.000000000
1776617456.168673754 0.603383601 -0.023083916 0.200920135 0.056626115 0.997681081 0.000238124 -0.037760437 3.691545010 -0.433847040 -11.566072464 0.000000000 0.000000000 -12.000000000 0.616814613 0.467645824 0.006327618 0.000000000 0.004271569 0.000000000
1776617456.173353434 0.603383899 -0.023083905 0.200919747 0.056634046 0.997680664 0.000237702 -0.037759956 3.688725471 -0.433579206 -11.569483757 0.000000000 0.000000000 -12.000000000 0.613268852 0.471148908 0.006320910 0.000000000 0.004276680 0.000000000
1776617456.178883791 0.603384197 -0.023083672 0.200919420 0.056642745 0.997680187 0.000237455 -0.037759539 3.685858250 -0.433298677 -11.572813034 0.000000000 0.000000000 -12.000000000 0.609801292 0.471319377 0.006314432 0.000000000 0.004281762 0.000000000
1776617456.183693409 0.603384614 -0.023083596 0.200919092 0.056652445 0.997679651 0.000236980 -0.037758943 3.682954550 -0.433006525 -11.576061249 0.000000000 0.000000000 -12.000000000 0.606412888 0.471488982 0.006308191 0.000000000 0.004286815 0.000000000
1776617456.188346148 0.603384912 -0.023083577 0.200918853 0.056664221 0.997678995 0.000236496 -0.037758525 3.680025578 -0.432703942 -11.579229355 0.000000000 0.000000000 -12.000000000 0.603103638 0.471655458 0.006302186 0.000000000 0.004291841 0.000000000
1776617456.193637371 0.603385270 -0.023083385 0.200918585 0.056677323 0.997678280 0.000235987 -0.037757989 3.677082539 -0.432392120 -11.582318306 0.000000000 0.000000000 -12.000000000 0.599871635 0.471834242 0.006296412 0.000000000 0.004296840 0.000000000
1776617456.198354721 0.603385687 -0.023083016 0.200918436 0.056691796 0.997677505 0.000235550 -0.037757397 3.674137115 -0.432072341 -11.585331917 0.000000000 0.000000000 -12.000000000 0.596715927 0.472022116 0.006290866 0.000000000 0.004301812 0.000000000
1776617456.203589201 0.603385925 -0.023082780 0.200918227 0.056710307 0.997676432 0.000234834 -0.037757043 3.671200752 -0.431745946 -11.588272095 0.000000000 0.000000000 -12.000000000 0.593634605 0.472204506 0.006285542 0.000000000 0.004306760 0.000000000
1776617456.208398581 0.603386581 -0.023082528 0.200918138 0.056733776 0.997675121 0.000233932 -0.037756149 3.668284416 -0.431414336 -11.591142654 0.000000000 0.000000000 -12.000000000 0.590621948 0.472825021 0.006280421 0.000000000 0.004311682 0.000000000
1776617456.213615656 0.603386998 -0.023082158 0.200917840 0.056758650 0.997673750 0.000232965 -0.037755616 3.665399075 -0.431078970 -11.593947411 0.000000000 0.000000000 -12.000000000 0.587677002 0.473018944 0.006275502 0.000000000 0.004316579 0.000000000
1776617456.218419075 0.603387713 -0.023081906 0.200917780 0.056785136 0.997672260 0.000231947 -0.037754726 3.662555218 -0.430741370 -11.596691132 0.000000000 0.000000000 -12.000000000 0.584794998 0.473211408 0.006270769 0.000000000 0.004321452 0.000000000
1776617456.223327637 0.603387952 -0.023081595 0.200917751 0.056819964 0.997670293 0.000230611 -0.037754342 3.659762383 -0.430403054 -11.599378586 0.000000000 0.000000000 -12.000000000 0.581972122 0.473404050 0.006266209 0.000000000 0.004326302 0.000000000
1776617456.228373528 0.603388727 -0.023081092 0.200917661 0.056867670 0.997667611 0.000228891 -0.037753455 3.657029867 -0.430065572 -11.602013588 0.000000000 0.000000000 -12.000000000 0.579204559 0.473612249 0.006261811 0.000000000 0.004331129 0.000000000
1776617456.233330965 0.603389323 -0.023080803 0.200917482 0.056934271 0.997663856 0.000226351 -0.037752632 3.654366255 -0.429730296 -11.604602814 0.000000000 0.000000000 -12.000000000 0.576485634 0.473808825 0.006257552 0.000000000 0.004335933 0.000000000
1776617456.238357306 0.603390157 -0.023080414 0.200917482 0.057017367 0.997659147 0.000223185 -0.037751574 3.651778936 -0.429398328 -11.607149124 0.000000000 0.000000000 -12.000000000 0.573814392 0.472895384 0.006253430 0.000000000 0.004340715 0.000000000
1776617456.243345022 0.603390872 -0.023079984 0.200917274 0.057110734 0.997653842 0.000219543 -0.037750758 3.649274826 -0.429070532 -11.609659195 0.000000000 0.000000000 -12.000000000 0.571182251 0.471841753 0.006249416 0.000000000 0.004345475 0.000000000
1776617456.248350143 0.603391707 -0.023079343 0.200917214 0.057206992 0.997648358 0.000215897 -0.037749734 3.646859884 -0.428747624 -11.612135887 0.000000000 0.000000000 -12.000000000 0.568588257 0.472065419 0.006245507 0.000000000 0.004350213 0.000000000
1776617456.253658772 0.603392839 -0.023078648 0.200917065 0.057303283 0.997642875 0.000212245 -0.037748378 3.644538641 -0.428430229 -11.614583969 0.000000000 0.000000000 -12.000000000 0.566027641 0.471846879 0.006241689 0.000000000 0.004354930 0.000000000
1776617456.259918690 0.603394091 -0.023077739 0.200917035 0.057393741 0.997637749 0.000208806 -0.037746813 3.642315388 -0.428118974 -11.617008209 0.000000000 0.000000000 -12.000000000 0.563495636 0.469451010 0.006237944 0.000000000 0.004359625 0.000000000
1776617456.263594866 0.603394091 -0.023077739 0.200917035 0.057393741 0.997637749 0.000208806 -0.037746813 3.640193224 -0.427814573 -11.619410515 0.000000000 0.000000000 -12.000000000 0.560990334 0.469652176 0.006234268 0.000000000 0.004364300 0.000000000
1776617456.269949913 0.603397012 -0.023075581 0.200916857 0.057551321 0.997628808 0.000202919 -0.037743285 3.638174295 -0.427517712 -11.621795654 0.000000000 0.000000000 -12.000000000 0.558508873 0.469964087 0.006230650 0.000000000 0.004368954 0.000000000
1776617456.273435831 0.603400230 -0.023073262 0.200916797 0.057639565 0.997623861 0.000199436 -0.037739266 3.636259556 -0.427229255 -11.624164581 0.000000000 0.000000000 -12.000000000 0.556047440 0.470285416 0.006227080 0.000000000 0.004373588 0.000000000
1776617456.278589725 0.603400230 -0.023073262 0.200916797 0.057639565 0.997623861 0.000199436 -0.037739266 3.634449005 -0.426950336 -11.626520157 0.000000000 0.000000000 -12.000000000 0.553603172 0.470492780 0.006223545 0.000000000 0.004378201 0.000000000
1776617456.283379078 0.603402078 -0.023071906 0.200916797 0.057661746 0.997622669 0.000198651 -0.037737057 3.632741451 -0.426682353 -11.628863335 0.000000000 0.000000000 -12.000000000 0.551177025 0.468934834 0.006220052 0.000000000 0.004382795 0.000000000
1776617456.288463116 0.603403866 -0.023071058 0.200916708 0.057678610 0.997621775 0.000197847 -0.037734844 3.631134510 -0.426426917 -11.631195068 0.000000000 0.000000000 -12.000000000 0.548768997 0.469187587 0.006216598 0.000000000 0.004387368 0.000000000
1776617456.293511629 0.603405476 -0.023070056 0.200916708 0.057694949 0.997620940 0.000197252 -0.037732784 3.629625082 -0.426185817 -11.633516312 0.000000000 0.000000000 -12.000000000 0.546375275 0.469445407 0.006213172 0.000000000 0.004391921 0.000000000
1776617456.300091982 0.603407025 -0.023069303 0.200916588 0.057712946 0.997619927 0.000196525 -0.037730932 3.628208399 -0.425960988 -11.635824203 0.000000000 0.000000000 -12.000000000 0.543998718 0.469691515 0.006209783 0.000000000 0.004396454 0.000000000
1776617456.303422689 0.603409827 -0.023067864 0.200916350 0.057754159 0.997617722 0.000194801 -0.037727378 3.626878977 -0.425754368 -11.638119698 0.000000000 0.000000000 -12.000000000 0.541640282 0.469967276 0.006206436 0.000000000 0.004400968 0.000000000
1776617456.310070276 0.603409827 -0.023067864 0.200916350 0.057754159 0.997617722 0.000194801 -0.037727378 3.625631094 -0.425568044 -11.640400887 0.000000000 0.000000000 -12.000000000 0.539299011 0.470158607 0.006203126 0.000000000 0.004405462 0.000000000
1776617456.314797878 0.603411317 -0.023067074 0.200916260 0.057783209 0.997616112 0.000193757 -0.037725467 3.624458075 -0.425404251 -11.642663956 0.000000000 0.000000000 -12.000000000 0.536979675 0.470417202 0.006199869 0.000000000 0.004409937 0.000000000
1776617456.318563223 0.603412747 -0.023066495 0.200916171 0.057820279 0.997614026 0.000192207 -0.037723705 3.623352766 -0.425265372 -11.644906044 0.000000000 0.000000000 -12.000000000 0.534686089 0.468762755 0.006196680 0.000000000 0.004414393 0.000000000
1776617456.324907064 0.603414297 -0.023065822 0.200915992 0.057868101 0.997611284 0.000190338 -0.037721708 3.622308254 -0.425153822 -11.647124290 0.000000000 0.000000000 -12.000000000 0.532418251 0.468761772 0.006193557 0.000000000 0.004418830 0.000000000
1776617456.328370810 0.603417516 -0.023064360 0.200915933 0.058004219 0.997603536 0.000185227 -0.037717726 3.621317625 -0.425072104 -11.649314880 0.000000000 0.000000000 -12.000000000 0.530180931 0.469063401 0.006190518 0.000000000 0.004423248 0.000000000
1776617456.333638191 0.603417516 -0.023064360 0.200915933 0.058004219 0.997603536 0.000185227 -0.037717726 3.620373487 -0.425022900 -11.651472092 0.000000000 0.000000000 -12.000000000 0.527980804 0.469300151 0.006187584 0.000000000 0.004427648 0.000000000
1776617456.338834524 0.603419065 -0.023063574 0.200915754 0.058083668 0.997599006 0.000182177 -0.037715822 3.619468927 -0.425008953 -11.653592110 0.000000000 0.000000000 -12.000000000 0.525818825 0.468304247 0.006184760 0.000000000 0.004432030 0.000000000
1776617456.343500137 0.603420734 -0.023062719 0.200915784 0.058159590 0.997594655 0.000179261 -0.037713684 3.618597507 -0.425033242 -11.655672073 0.000000000 0.000000000 -12.000000000 0.523698807 0.468591303 0.006182057 0.000000000 0.004436394 0.000000000
1776617456.348734140 0.603422105 -0.023061743 0.200915635 0.058229532 0.997590661 0.000176560 -0.037711959 3.617752552 -0.425098956 -11.657705307 0.000000000 0.000000000 -12.000000000 0.521628380 0.468882143 0.006179502 0.000000000 0.004440741 0.000000000
1776617456.353666782 0.603423595 -0.023060739 0.200915545 0.058293086 0.997587025 0.000174116 -0.037710115 3.616927862 -0.425209582 -11.659689903 0.000000000 0.000000000 -12.000000000 0.519604683 0.469176114 0.006177087 0.000000000 0.004445071 0.000000000
1776617456.358367205 0.603425384 -0.023059709 0.200915486 0.058349792 0.997583747 0.000171932 -0.037707940 3.616117954 -0.425368696 -11.661620140 0.000000000 0.000000000 -12.000000000 0.517640114 0.469475210 0.006174852 0.000000000 0.004449385 0.000000000
1776617456.363388777 0.603426695 -0.023058480 0.200915337 0.058397062 0.997581065 0.000170108 -0.037706304 3.615317345 -0.425579935 -11.663494110 0.000000000 0.000000000 -12.000000000 0.515729904 0.469780803 0.006172783 0.000000000 0.004453683 0.000000000
1776617456.368346214 0.603428006 -0.023057420 0.200915396 0.058433458 0.997578979 0.000168636 -0.037704691 3.614521027 -0.425846934 -11.665307045 0.000000000 0.000000000 -12.000000000 0.513881683 0.467905700 0.006170904 0.000000000 0.004457965 0.000000000
1776617456.373474598 0.603429258 -0.023056328 0.200915366 0.058464333 0.997577250 0.000167405 -0.037703142 3.613723993 -0.426173240 -11.667056084 0.000000000 0.000000000 -12.000000000 0.512099266 0.468041539 0.006169230 0.000000000 0.004462232 0.000000000
1776617456.378413677 0.603430450 -0.023055125 0.200915307 0.058492612 0.997575641 0.000166265 -0.037701648 3.612922192 -0.426562190 -11.668738365 0.000000000 0.000000000 -12.000000000 0.510382652 0.468354434 0.006167761 0.000000000 0.004466486 0.000000000
1776617456.383464575 0.603431582 -0.023054026 0.200915366 0.058520887 0.997574031 0.000165135 -0.037700187 3.612111807 -0.427016795 -11.670350075 0.000000000 0.000000000 -12.000000000 0.508736610 0.468662739 0.006166514 0.000000000 0.004470725 0.000000000
1776617456.388356447 0.603432834 -0.023053108 0.200915277 0.058552749 0.997572243 0.000163876 -0.037698787 3.611289263 -0.427539825 -11.671890259 0.000000000 0.000000000 -12.000000000 0.507162094 0.465531319 0.006165492 0.000000000 0.004474951 0.000000000
1776617456.393849611 0.603434026 -0.023051942 0.200915217 0.058586296 0.997570336 0.000162575 -0.037697326 3.610451460 -0.428133667 -11.673354149 0.000000000 0.000000000 -12.000000000 0.505662918 0.465853035 0.006164708 0.000000000 0.004479165 0.000000000
1776617456.398499727 0.603435099 -0.023050876 0.200915247 0.058616813 0.997568548 0.000161359 -0.037695985 3.609595776 -0.428800344 -11.674741745 0.000000000 0.000000000 -12.000000000 0.504239082 0.466169745 0.006164164 0.000000000 0.004483367 0.000000000
1776617456.404080868 0.603436112 -0.023049915 0.200915277 0.058648814 0.997566760 0.000160060 -0.037694670 3.608720064 -0.429541379 -11.676051140 0.000000000 0.000000000 -12.000000000 0.502894402 0.466483772 0.006163873 0.000000000 0.004487558 0.000000000
1776617456.408731699 0.603437364 -0.023048965 0.200915158 0.058682233 0.997564852 0.000158741 -0.037693180 3.607822180 -0.430357873 -11.677281380 0.000000000 0.000000000 -12.000000000 0.501627922 0.466800541 0.006163832 0.000000000 0.004491739 0.000000000
1776617456.413665056 0.603438854 -0.023047958 0.200915188 0.058714125 0.997563004 0.000157479 -0.037691299 3.606901169 -0.431250364 -11.678430557 0.000000000 0.000000000 -12.000000000 0.500441551 0.467125416 0.006164047 0.000000000 0.004495909 0.000000000
1776617456.418378592 0.603440344 -0.023046946 0.200915039 0.058749117 0.997561038 0.000156063 -0.037689507 3.605955839 -0.432218939 -11.679498672 0.000000000 0.000000000 -12.000000000 0.499336243 0.467453897 0.006164524 0.000000000 0.004500070 0.000000000
1776617456.423573732 0.603441894 -0.023045909 0.200915009 0.058788672 0.997558773 0.000154545 -0.037687566 3.604985714 -0.433263302 -11.680484772 0.000000000 0.000000000 -12.000000000 0.498311043 0.467784554 0.006165260 0.000000000 0.004504223 0.000000000
1776617456.428388357 0.603443444 -0.023044975 0.200914830 0.058836732 0.997556031 0.000152658 -0.037685629 3.603990316 -0.434382737 -11.681387901 0.000000000 0.000000000 -12.000000000 0.497367859 0.468113065 0.006166261 0.000000000 0.004508368 0.000000000
1776617456.433532953 0.603445113 -0.023043940 0.200914860 0.058898248 0.997552454 0.000150296 -0.037683543 3.602970600 -0.435576111 -11.682208061 0.000000000 0.000000000 -12.000000000 0.496507645 0.463793695 0.006167531 0.000000000 0.004512505 0.000000000
1776617456.439324379 0.603446960 -0.023042878 0.200914651 0.058971174 0.997548223 0.000147578 -0.037681282 3.601927042 -0.436841786 -11.682944298 0.000000000 0.000000000 -12.000000000 0.495730400 0.461161017 0.006169070 0.000000000 0.004516636 0.000000000
1776617456.444554806 0.603448689 -0.023041740 0.200914621 0.059052546 0.997543514 0.000144244 -0.037679136 3.600860834 -0.438177556 -11.683597565 0.000000000 0.000000000 -12.000000000 0.495036125 0.461545140 0.006170882 0.000000000 0.004520761 0.000000000
1776617456.448967218 0.603450596 -0.023040246 0.200914443 0.059133593 0.997538805 0.000141175 -0.037676811 3.599774122 -0.439580947 -11.684167862 0.000000000 0.000000000 -12.000000000 0.494421959 0.461943537 0.006172955 0.000000000 0.004524881 0.000000000
1776617456.454296112 0.603452563 -0.023038866 0.200914443 0.059209611 0.997534394 0.000138150 -0.037674308 3.598669052 -0.441049308 -11.684656143 0.000000000 0.000000000 -12.000000000 0.493890762 0.462340564 0.006175300 0.000000000 0.004528997 0.000000000
1776617456.458556175 0.603454351 -0.023037083 0.200914353 0.059276097 0.997530520 0.000135571 -0.037672073 3.597548246 -0.442580044 -11.685063362 0.000000000 0.000000000 -12.000000000 0.493441582 0.462754726 0.006177914 0.000000000 0.004533109 0.000000000
1776617456.463340521 0.603456616 -0.023035320 0.200914174 0.059333272 0.997527242 0.000133428 -0.037669268 3.596414566 -0.444170713 -11.685391426 0.000000000 0.000000000 -12.000000000 0.493069649 0.463168383 0.006180784 0.000000000 0.004537218 0.000000000
1776617456.468338728 0.603458166 -0.023033481 0.200914204 0.059381835 0.997524440 0.000131471 -0.037667330 3.595271111 -0.445819020 -11.685642242 0.000000000 0.000000000 -12.000000000 0.492774010 0.466385812 0.006183905 0.000000000 0.004541325 0.000000000
1776617456.473438978 0.603459835 -0.023031868 0.200914085 0.059422463 0.997522056 0.000129742 -0.037665360 3.594121933 -0.447522908 -11.685817719 0.000000000 0.000000000 -12.000000000 0.492555618 0.466702491 0.006187282 0.000000000 0.004545430 0.000000000
1776617456.478372574 0.603461623 -0.023030149 0.200914055 0.059456747 0.997520089 0.000128467 -0.037663151 3.592970610 -0.449280500 -11.685922623 0.000000000 0.000000000 -12.000000000 0.492406845 0.467023432 0.006190890 0.000000000 0.004549533 0.000000000
1776617456.483421803 0.603463233 -0.023028530 0.200913846 0.059486903 0.997518361 0.000127213 -0.037661206 3.591820717 -0.451090306 -11.685958862 0.000000000 0.000000000 -12.000000000 0.492328644 0.467340112 0.006194732 0.000000000 0.004553636 0.000000000
1776617456.489786863 0.603464782 -0.023026949 0.200913757 0.059518546 0.997516572 0.000125890 -0.037659235 3.590676308 -0.452951282 -11.685931206 0.000000000 0.000000000 -12.000000000 0.492313385 0.468633145 0.006198783 0.000000000 0.004557739 0.000000000
1776617456.494924307 0.603466630 -0.023025271 0.200913638 0.059550956 0.997514725 0.000124606 -0.037657022 3.589540720 -0.454862744 -11.685843468 0.000000000 0.000000000 -12.000000000 0.492359161 0.468945861 0.006203039 0.000000000 0.004561841 0.000000000
1776617456.500368834 0.603468478 -0.023023667 0.200913578 0.059587125 0.997512639 0.000123151 -0.037654724 3.588417530 -0.456824332 -11.685699463 0.000000000 0.000000000 -12.000000000 0.492461205 0.469257295 0.006207483 0.000000000 0.004565945 0.000000000
1776617456.503858805 0.603470206 -0.023022054 0.200913459 0.059630875 0.997510135 0.000121373 -0.037652541 3.587310553 -0.458836049 -11.685505867 0.000000000 0.000000000 -12.000000000 0.492615700 0.469570935 0.006212103 0.000000000 0.004570051 0.000000000
1776617456.510640383 0.603472233 -0.023020495 0.200913310 0.059675407 0.997507572 0.000119584 -0.037650034 3.586222887 -0.460898072 -11.685264587 0.000000000 0.000000000 -12.000000000 0.492817879 0.467569381 0.006216884 0.000000000 0.004574157 0.000000000
1776617456.513361692 0.603476346 -0.023017058 0.200913042 0.059759371 0.997502744 0.000116106 -0.037644863 3.585158110 -0.463011026 -11.684983253 0.000000000 0.000000000 -12.000000000 0.493062019 0.467961729 0.006221807 0.000000000 0.004578266 0.000000000
1776617456.518388271 0.603476346 -0.023017058 0.200913042 0.059759371 0.997502744 0.000116106 -0.037644863 3.584120035 -0.465175718 -11.684663773 0.000000000 0.000000000 -12.000000000 0.493346214 0.468227983 0.006226865 0.000000000 0.004582378 0.000000000
1776617456.523332357 0.603478611 -0.023015115 0.200912803 0.059800901 0.997500360 0.000114462 -0.037642084 3.583112001 -0.467393339 -11.684312820 0.000000000 0.000000000 -12.000000000 0.493661880 0.468570918 0.006232031 0.000000000 0.004586491 0.000000000
1776617456.528345585 0.603480816 -0.023013167 0.200912714 0.059845764 0.997497737 0.000112658 -0.037639394 3.582137823 -0.469665408 -11.683934212 0.000000000 0.000000000 -12.000000000 0.494009018 0.468914628 0.006237305 0.000000000 0.004590608 0.000000000
1776617456.533372879 0.603483438 -0.023011500 0.200912505 0.059891596 0.997495115 0.000110738 -0.037636109 3.581201315 -0.471993566 -11.683532715 0.000000000 0.000000000 -12.000000000 0.494381905 0.469249755 0.006242667 0.000000000 0.004594728 0.000000000
1776617456.538614035 0.603485644 -0.023009624 0.200912148 0.059942335 0.997492194 0.000108780 -0.037633330 3.580306530 -0.474379778 -11.683112144 0.000000000 0.000000000 -12.000000000 0.494775772 0.469591856 0.006248103 0.000000000 0.004598851 0.000000000
1776617456.553773403 0.603488028 -0.023007581 0.200912029 0.059995010 0.997489095 0.000106713 -0.037630372 3.579457760 -0.476826251 -11.682677269 0.000000000 0.000000000 -12.000000000 0.495184898 0.469946176 0.006253594 0.000000000 0.004602978 0.000000000
1776617456.558179617 0.603495479 -0.023001026 0.200911462 0.060143374 0.997480512 0.000100563 -0.037621073 3.578658819 -0.479335517 -11.682233810 0.000000000 0.000000000 -12.000000000 0.495607376 0.470481038 0.006259132 0.000000000 0.004607107 0.000000000
1776617456.559702158 0.603497982 -0.022998476 0.200911164 0.060187835 0.997477949 0.000098788 -0.037618026 3.577914715 -0.481910706 -11.681784630 0.000000000 0.000000000 -12.000000000 0.496037483 0.470859796 0.006264700 0.000000000 0.004611241 0.000000000
1776617456.564606190 0.603497982 -0.022998476 0.200911164 0.060187835 0.997477949 0.000098788 -0.037618026 3.577229977 -0.484555602 -11.681337357 0.000000000 0.000000000 -12.000000000 0.496470451 0.471142232 0.006270280 0.000000000 0.004615379 0.000000000
1776617456.569598198 0.603500307 -0.022995962 0.200911045 0.060227074 0.997475684 0.000097116 -0.037615068 3.576609850 -0.487274736 -11.680895805 0.000000000 0.000000000 -12.000000000 0.496901512 0.471519977 0.006275858 0.000000000 0.004619519 0.000000000
1776617456.574558258 0.603502274 -0.022993278 0.200910747 0.060262404 0.997473657 0.000095624 -0.037612706 3.576059341 -0.490072995 -11.680467606 0.000000000 0.000000000 -12.000000000 0.497321129 0.471901953 0.006281401 0.000000000 0.004623664 0.000000000
1776617456.579486847 0.603504181 -0.022990448 0.200910568 0.060293313 0.997471869 0.000094294 -0.037610315 3.575583935 -0.492955506 -11.680057526 0.000000000 0.000000000 -12.000000000 0.497728348 0.471250415 0.006286906 0.000000000 0.004627811 0.000000000
1776617456.584625244 0.603506088 -0.022987723 0.200910300 0.060321536 0.997470260 0.000093068 -0.037608072 3.575188637 -0.495927721 -11.679672241 0.000000000 0.000000000 -12.000000000 0.498115540 0.469293714 0.006292347 0.000000000 0.004631962 0.000000000
1776617456.589418411 0.603508055 -0.022984898 0.200910091 0.060349487 0.997468650 0.000091849 -0.037605587 3.574878931 -0.498995125 -11.679320335 0.000000000 0.000000000 -12.000000000 0.498474121 0.469683170 0.006297697 0.000000000 0.004636116 0.000000000
1776617456.594653368 0.603509903 -0.022982098 0.200909883 0.060379315 0.997466922 0.000090541 -0.037603375 3.574659824 -0.502163291 -11.679006577 0.000000000 0.000000000 -12.000000000 0.498799324 0.470071018 0.006302937 0.000000000 0.004640273 0.000000000
1776617456.599493027 0.603511691 -0.022979334 0.200909644 0.060410883 0.997465134 0.000089187 -0.037601195 3.574536800 -0.505437851 -11.678737640 0.000000000 0.000000000 -12.000000000 0.499084473 0.470455706 0.006308047 0.000000000 0.004644432 0.000000000
1776617456.604476690 0.603513360 -0.022976384 0.200909466 0.060446925 0.997462988 0.000087635 -0.037599131 3.574514627 -0.508824587 -11.678521156 0.000000000 0.000000000 -12.000000000 0.499323845 0.470850646 0.006313005 0.000000000 0.004648593 0.000000000
1776617456.609658241 0.603515208 -0.022973474 0.200909287 0.060486235 0.997460723 0.000085868 -0.037596889 3.574598074 -0.512329400 -11.678363800 0.000000000 0.000000000 -12.000000000 0.499510765 0.467930198 0.006317791 0.000000000 0.004652755 0.000000000
1776617456.614507198 0.603516698 -0.022970224 0.200908929 0.060530134 0.997458100 0.000083979 -0.037595063 3.574792624 -0.515958130 -11.678271294 0.000000000 0.000000000 -12.000000000 0.499638557 0.468333781 0.006322381 0.000000000 0.004656919 0.000000000
1776617456.619493723 0.603518069 -0.022966862 0.200908720 0.060583107 0.997455001 0.000081684 -0.037593361 3.575102329 -0.519716740 -11.678248405 0.000000000 0.000000000 -12.000000000 0.499703407 0.468742609 0.006326761 0.000000000 0.004661083 0.000000000
1776617456.624442339 0.603519320 -0.022963202 0.200908452 0.060642328 0.997451425 0.000079265 -0.037591901 3.575531721 -0.523611426 -11.678302765 0.000000000 0.000000000 -12.000000000 0.499697685 0.468839169 0.006330906 0.000000000 0.004665247 0.000000000
1776617456.629495859 0.603520513 -0.022959391 0.200908184 0.060709395 0.997447371 0.000076503 -0.037590619 3.576085091 -0.527648270 -11.678439140 0.000000000 0.000000000 -12.000000000 0.499618530 0.469259650 0.006334806 0.000000000 0.004669411 0.000000000
1776617456.634516716 0.603521645 -0.022955436 0.200907856 0.060778726 0.997443199 0.000073613 -0.037589218 3.576766014 -0.531833649 -11.678660393 0.000000000 0.000000000 -12.000000000 0.499459267 0.469686121 0.006338437 0.000000000 0.004673573 0.000000000
1776617456.639494896 0.603522778 -0.022951301 0.200907528 0.060842033 0.997439444 0.000070860 -0.037587844 3.577577591 -0.536173940 -11.678971291 0.000000000 0.000000000 -12.000000000 0.499220848 0.470121682 0.006341802 0.000000000 0.004677733 0.000000000
1776617456.646121979 0.603524208 -0.022946855 0.200907290 0.060900640 0.997435927 0.000068351 -0.037586141 3.578522205 -0.540675640 -11.679375648 0.000000000 0.000000000 -12.000000000 0.498894691 0.470569819 0.006344873 0.000000000 0.004681890 0.000000000
1776617456.651040554 0.603526413 -0.022937596 0.200906873 0.061003610 0.997429729 0.000063790 -0.037583664 3.579602242 -0.545345366 -11.679875374 0.000000000 0.000000000 -12.000000000 0.498482704 0.471158564 0.006347653 0.000000000 0.004686045 0.000000000
1776617456.655906916 0.603527784 -0.022932669 0.200906783 0.061050523 0.997426927 0.000061825 -0.037582051 3.580818176 -0.550189614 -11.680472374 0.000000000 0.000000000 -12.000000000 0.497979164 0.472787261 0.006350125 0.000000000 0.004690195 0.000000000
1776617456.661137819 0.603528917 -0.022927845 0.200906575 0.061092649 0.997424364 0.000059727 -0.037580766 3.582170963 -0.555215120 -11.681169510 0.000000000 0.000000000 -12.000000000 0.497385025 0.474210799 0.006352290 0.000000000 0.004694339 0.000000000
1776617456.666020870 0.603530169 -0.022922801 0.200906545 0.061130960 0.997422099 0.000057962 -0.037579298 3.583659410 -0.560428441 -11.681966782 0.000000000 0.000000000 -12.000000000 0.496698380 0.474680454 0.006354140 0.000000000 0.004698479 0.000000000
1776617456.670404196 0.603531361 -0.022917971 0.200906247 0.061166372 0.997419953 0.000056312 -0.037578102 3.585282087 -0.565836370 -11.682866096 0.000000000 0.000000000 -12.000000000 0.495920181 0.475135088 0.006355679 0.000000000 0.004702611 0.000000000
1776617456.675961256 0.603532612 -0.022913437 0.200906217 0.061198935 0.997417986 0.000054759 -0.037576575 3.587036371 -0.571445644 -11.683866501 0.000000000 0.000000000 -12.000000000 0.495045662 0.475574970 0.006356889 0.000000000 0.004706737 0.000000000
1776617456.681014538 0.603533924 -0.022908978 0.200906008 0.061226159 0.997416377 0.000053312 -0.037575018 3.588918209 -0.577262819 -11.684967041 0.000000000 0.000000000 -12.000000000 0.494079590 0.476016164 0.006357786 0.000000000 0.004710854 0.000000000
1776617456.684847116 0.603535354 -0.022904346 0.200905651 0.061250463 0.997414947 0.000052111 -0.037573494 3.590923309 -0.583294630 -11.686165810 0.000000000 0.000000000 -12.000000000 0.493024826 0.476465225 0.006358379 0.000000000 0.004714963 0.000000000
1776617456.691020012 0.603536546 -0.022899561 0.200905502 0.061275080 0.997413516 0.000050828 -0.037572056 3.593045473 -0.589547515 -11.687460899 0.000000000 0.000000000 -12.000000000 0.491878510 0.476925701 0.006358657 0.000000000 0.004719062 0.000000000
1776617456.696058989 0.603537440 -0.022894684 0.200905174 0.061304364 0.997411728 0.000049388 -0.037571069 3.595278740 -0.596027911 -11.688850403 0.000000000 0.000000000 -12.000000000 0.490646362 0.477388978 0.006358638 0.000000000 0.004723150 0.000000000
1776617456.700407028 0.603538632 -0.022890180 0.200904906 0.061337028 0.997409761 0.000047731 -0.037569750 3.597615242 -0.602742136 -11.690331459 0.000000000 0.000000000 -12.000000000 0.489329338 0.477835923 0.006358326 0.000000000 0.004727228 0.000000000
1776617456.705676556 0.603539646 -0.022885712 0.200904578 0.061374716 0.997407496 0.000046020 -0.037568584 3.600047350 -0.609696329 -11.691901207 0.000000000 0.000000000 -12.000000000 0.487930298 0.477267861 0.006357729 0.000000000 0.004731294 0.000000000
1776617456.711147547 0.603539646 -0.022885712 0.200904578 0.061374716 0.997407496 0.000046020 -0.037568584 3.602566242 -0.616896212 -11.693555832 0.000000000 0.000000000 -12.000000000 0.486452103 0.477614760 0.006356855 0.000000000 0.004735348 0.000000000
1776617456.716193914 0.603542030 -0.022877729 0.200904012 0.061475303 0.997401416 0.000041559 -0.037565771 3.605162621 -0.624347329 -11.695293427 0.000000000 0.000000000 -12.000000000 0.491175652 0.477575660 0.006376693 0.000000000 0.004739441 0.000000000
1776617456.721135855 0.603543222 -0.022873741 0.200903684 0.061537229 0.997397661 0.000039104 -0.037564307 3.607826948 -0.632054746 -11.697110176 0.000000000 0.000000000 -12.000000000 0.489520073 0.474847853 0.006375254 0.000000000 0.004743520 0.000000000
1776617456.726166248 0.603544533 -0.022869760 0.200903326 0.061611444 0.997393131 0.000035952 -0.037562691 3.610549450 -0.640023112 -11.699003220 0.000000000 0.000000000 -12.000000000 0.487792015 0.477351755 0.006373558 0.000000000 0.004747585 0.000000000
1776617456.729725599 0.603545427 -0.022865690 0.200902969 0.061700150 0.997387707 0.000032115 -0.037561584 3.613319635 -0.648256600 -11.700968742 0.000000000 0.000000000 -12.000000000 0.485995293 0.477787316 0.006371619 0.000000000 0.004751635 0.000000000
1776617456.736127138 0.603545427 -0.022865690 0.200902969 0.061700150 0.997387707 0.000032115 -0.037561584 3.616127253 -0.656758606 -11.703003883 0.000000000 0.000000000 -12.000000000 0.484131813 0.478925824 0.006369442 0.000000000 0.004755669 0.000000000
1776617456.739745140 0.603543043 -0.022857498 0.200900614 0.061856672 0.997377872 0.000023913 -0.037564315 3.618961573 -0.665531814 -11.705103874 0.000000000 0.000000000 -12.000000000 0.482206345 0.479455948 0.006367042 0.000000000 0.004759687 0.000000000
1776617456.745992661 0.603543043 -0.022857498 0.200900614 0.061856672 0.997377872 0.000023913 -0.037564315 3.621811628 -0.674578249 -11.707263947 0.000000000 0.000000000 -12.000000000 0.480220795 0.478413761 0.006364425 0.000000000 0.004763689 0.000000000
1776617456.749450445 0.603540361 -0.022846919 0.200898200 0.061951723 0.997371912 0.000019468 -0.037567277 3.624665976 -0.683899105 -11.709483147 0.000000000 0.000000000 -12.000000000 0.478178024 0.479027927 0.006361601 0.000000000 0.004767674 0.000000000
1776617456.754484892 0.603540361 -0.022846919 0.200898200 0.061951723 0.997371912 0.000019468 -0.037567277 3.627513170 -0.693495333 -11.711755753 0.000000000 0.000000000 -12.000000000 0.476081848 0.479373693 0.006358581 0.000000000 0.004771641 0.000000000
1776617456.759531260 0.603539348 -0.022841532 0.200896978 0.061982412 0.997369945 0.000017941 -0.037568502 3.630340815 -0.703366995 -11.714080811 0.000000000 0.000000000 -12.000000000 0.473933220 0.476416111 0.006355368 0.000000000 0.004775591 0.000000000
1776617456.764482021 0.603538573 -0.022835761 0.200896025 0.062007539 0.997368336 0.000016741 -0.037569314 3.633136272 -0.713513732 -11.716456413 0.000000000 0.000000000 -12.000000000 0.471734047 0.476910740 0.006351969 0.000000000 0.004779522 0.000000000
1776617456.769551516 0.603538036 -0.022830173 0.200895041 0.062028136 0.997367024 0.000015551 -0.037570000 3.635885954 -0.723934054 -11.718880653 0.000000000 0.000000000 -12.000000000 0.469484329 0.477394789 0.006348382 0.000000000 0.004783434 0.000000000
1776617456.774544001 0.603537679 -0.022824628 0.200894415 0.062048081 0.997365773 0.000014177 -0.037570443 3.638576508 -0.734625518 -11.721354485 0.000000000 0.000000000 -12.000000000 0.467182159 0.477879763 0.006344602 0.000000000 0.004787328 0.000000000
1776617456.779703617 0.603537381 -0.022819078 0.200893611 0.062067326 0.997364581 0.000013036 -0.037570797 3.641193867 -0.745584488 -11.723879814 0.000000000 0.000000000 -12.000000000 0.464826584 0.481943607 0.006340623 0.000000000 0.004791201 0.000000000
1776617456.784613132 0.603537142 -0.022813713 0.200892925 0.062087491 0.997363329 0.000011726 -0.037571151 3.643723249 -0.756806791 -11.726457596 0.000000000 0.000000000 -12.000000000 0.462414742 0.482409656 0.006336437 0.000000000 0.004795054 0.000000000
1776617456.789504766 0.603537261 -0.022808217 0.200892538 0.062109552 0.997361898 0.000010429 -0.037571117 3.646150351 -0.768287182 -11.729092598 0.000000000 0.000000000 -12.000000000 0.459940910 0.482884407 0.006332024 0.000000000 0.004798887 0.000000000
1776617456.794507742 0.603537261 -0.022802215 0.200892121 0.062134437 0.997360349 0.000009164 -0.037571236 3.648460388 -0.780019820 -11.731787682 0.000000000 0.000000000 -12.000000000 0.457402229 0.483384371 0.006327373 0.000000000 0.004802699 0.000000000
1776617456.799512863 0.603537738 -0.022796186 0.200892031 0.062163405 0.997358561 0.000007629 -0.037570875 3.650639057 -0.791998267 -11.734548569 0.000000000 0.000000000 -12.000000000 0.454791069 0.483889461 0.006322459 0.000000000 0.004806489 0.000000000
1776617456.804527998 0.603538156 -0.022790475 0.200891912 0.062195074 0.997356594 0.000005806 -0.037570629 3.652672291 -0.804215252 -11.737380028 0.000000000 0.000000000 -12.000000000 0.452102661 0.484378427 0.006317266 0.000000000 0.004810257 0.000000000
1776617456.811318874 0.603538871 -0.022784919 0.200892001 0.062228933 0.997354507 0.000003993 -0.037569903 3.654546738 -0.816663265 -11.740287781 0.000000000 0.000000000 -12.000000000 0.449330330 0.484861791 0.006311769 0.000000000 0.004814001 0.000000000
1776617456.814737320 0.603540242 -0.022774024 0.200891852 0.062311601 0.997349441 -0.000000196 -0.037568722 3.656249762 -0.829334140 -11.743279457 0.000000000 0.000000000 -12.000000000 0.446467400 0.484459937 0.006305947 0.000000000 0.004817722 0.000000000
1776617456.820528507 0.603540242 -0.022774024 0.200891852 0.062311601 0.997349441 -0.000000196 -0.037568722 3.657769203 -0.842219651 -11.746359825 0.000000000 0.000000000 -12.000000000 0.443507195 0.489206135 0.006299775 0.000000000 0.004821418 0.000000000
1776617456.825042963 0.603541613 -0.022763213 0.200891763 0.062429074 0.997342110 -0.000005468 -0.037567485 3.659095049 -0.855311453 -11.749534607 0.000000000 0.000000000 -12.000000000 0.440443039 0.489801109 0.006293232 0.000000000 0.004825088 0.000000000
1776617456.830483675 0.603542089 -0.022757661 0.200891614 0.062499024 0.997337759 -0.000008583 -0.037567124 3.660217762 -0.868601024 -11.752810478 0.000000000 0.000000000 -12.000000000 0.437267303 0.489531666 0.006286290 0.000000000 0.004828732 0.000000000
1776617456.835992098 0.603542864 -0.022751972 0.200891525 0.062577181 0.997332871 -0.000011926 -0.037566490 3.661128759 -0.882079959 -11.756191254 0.000000000 0.000000000 -12.000000000 0.433976173 0.490027189 0.006278936 0.000000000 0.004832348 0.000000000
1776617456.839512587 0.603543401 -0.022746205 0.200891465 0.062661618 0.997327566 -0.000015616 -0.037565980 3.661821127 -0.895739853 -11.759680748 0.000000000 0.000000000 -12.000000000 0.430565834 0.491214871 0.006271156 0.000000000 0.004835936 0.000000000
1776617456.844609976 0.603543401 -0.022746205 0.200891465 0.062661618 0.997327566 -0.000015616 -0.037565980 3.662288904 -0.909572721 -11.763281822 0.000000000 0.000000000 -12.000000000 0.427033424 0.491575480 0.006262939 0.000000000 0.004839495 0.000000000
1776617456.849494457 0.603544235 -0.022740195 0.200891465 0.062741555 0.997322619 -0.000019228 -0.037565224 3.662527323 -0.923570752 -11.766996384 0.000000000 0.000000000 -12.000000000 0.423376083 0.492091924 0.006254277 0.000000000 0.004843023 0.000000000
1776617456.854491472 0.603544950 -0.022733783 0.200891376 0.062801056 0.997318864 -0.000021968 -0.037564561 3.662533283 -0.937726736 -11.770822525 0.000000000 0.000000000 -12.000000000 0.403140068 0.490406752 0.006190183 0.000000000 0.004846382 0.000000000
1776617456.859879017 0.603545666 -0.022727111 0.200891346 0.062842213 0.997316301 -0.000023983 -0.037563991 3.662303925 -0.952034235 -11.774761200 0.000000000 0.000000000 -12.000000000 0.399156570 0.490951121 0.006180231 0.000000000 0.004849709 0.000000000
1776617456.865004539 0.603546441 -0.022720370 0.200891286 0.062870637 0.997314513 -0.000025561 -0.037563358 3.661838770 -0.966487646 -11.778808594 0.000000000 0.000000000 -12.000000000 0.395051956 0.491497010 0.006169841 0.000000000 0.004853001 0.000000000
1776617456.870223999 0.603547096 -0.022713516 0.200891167 0.062888615 0.997313440 -0.000026832 -0.037562843 3.661138058 -0.981082082 -11.782962799 0.000000000 0.000000000 -12.000000000 0.390830040 0.492048383 0.006159024 0.000000000 0.004856258 0.000000000
1776617456.875628233 0.603548408 -0.022706943 0.200891227 0.062901117 0.997312665 -0.000028126 -0.037561454 3.660203695 -0.995813727 -11.787218094 0.000000000 0.000000000 -12.000000000 0.386494637 0.491611063 0.006147794 0.000000000 0.004859479 0.000000000
1776617456.880975246 0.603555858 -0.022704123 0.200892001 0.062912628 0.997312307 -0.000032871 -0.037552070 3.659038544 -1.010679245 -11.791570663 0.000000000 0.000000000 -12.000000000 0.382050514 0.490459919 0.006136164 0.000000000 0.004862662 0.000000000
1776617456.886214256 0.603565872 -0.022691647 0.200891495 0.062941685 0.997310936 -0.000035796 -0.037539929 3.657647133 -1.025676131 -11.796011925 0.000000000 0.000000000 -12.000000000 0.377505302 0.491796732 0.006124159 0.000000000 0.004865808 0.000000000
1776617456.889489174 0.603570998 -0.022685977 0.200891197 0.062959738 0.997310042 -0.000037346 -0.037533589 3.656035423 -1.040802479 -11.800537109 0.000000000 0.000000000 -12.000000000 0.372867584 0.492967308 0.006111808 0.000000000 0.004868916 0.000000000
1776617456.894620419 0.603570998 -0.022685977 0.200891197 0.062959738 0.997310042 -0.000037346 -0.037533589 3.654211521 -1.056057334 -11.805135727 0.000000000 0.000000000 -12.000000000 0.368144035 0.493469507 0.006099130 0.000000000 0.004871984 0.000000000
1776617456.899527788 0.603575826 -0.022679886 0.200891286 0.062976070 0.997309208 -0.000038819 -0.037527699 3.652184725 -1.071439981 -11.809799194 0.000000000 0.000000000 -12.000000000 0.363346100 0.492337227 0.006086165 0.000000000 0.004875011 0.000000000
1776617456.904473305 0.603580475 -0.022673555 0.200890988 0.062990516 0.997308552 -0.000040044 -0.037522029 3.649967432 -1.086950779 -11.814517975 0.000000000 0.000000000 -12.000000000 0.358483315 0.492695093 0.006072943 0.000000000 0.004877998 0.000000000
1776617456.910338640 0.603584528 -0.022667265 0.200891018 0.063006125 0.997307718 -0.000041326 -0.037516985 3.647574186 -1.102590203 -11.819281578 0.000000000 0.000000000 -12.000000000 0.353567123 0.493048668 0.006059502 0.000000000 0.004880945 0.000000000
1776617456.914502144 0.603587568 -0.022661252 0.200890839 0.063024774 0.997306705 -0.000042601 -0.037513323 3.645021915 -1.118359447 -11.824077606 0.000000000 0.000000000 -12.000000000 0.348610878 0.493377626 0.006045886 0.000000000 0.004883850 0.000000000
1776617456.919507027 0.603590369 -0.022655979 0.200890779 0.063046642 0.997305453 -0.000044254 -0.037509896 3.642330170 -1.134260535 -11.828895569 0.000000000 0.000000000 -12.000000000 0.343626022 0.493674397 0.006032133 0.000000000 0.004886713 0.000000000
1776617456.924691677 0.603592932 -0.022650799 0.200890839 0.063071467 0.997303963 -0.000045837 -0.037506767 3.639520407 -1.150295496 -11.833723068 0.000000000 0.000000000 -12.000000000 0.338624954 0.493965685 0.006018285 0.000000000 0.004889535 0.000000000
1776617456.929485083 0.603597522 -0.022640789 0.200890452 0.063148767 0.997299314 -0.000050322 -0.037501223 3.636616945 -1.166467190 -11.838546753 0.000000000 0.000000000 -12.000000000 0.333622932 0.494373262 0.006004392 0.000000000 0.004892315 0.000000000
1776617456.934503078 0.603597522 -0.022640789 0.200890452 0.063148767 0.997299314 -0.000050322 -0.037501223 3.633646250 -1.182778835 -11.843356133 0.000000000 0.000000000 -12.000000000 0.328629494 0.497446597 0.005990486 0.000000000 0.004895054 0.000000000
1776617456.939562321 0.603599668 -0.022635890 0.200890452 0.063201174 0.997296095 -0.000052951 -0.037498634 3.630635977 -1.199234009 -11.848138809 0.000000000 0.000000000 -12.000000000 0.323662758 0.497737825 0.005976627 0.000000000 0.004897751 0.000000000
1776617456.944484949 0.603601575 -0.022631049 0.200890392 0.063259944 0.997292459 -0.000055583 -0.037496381 3.627615929 -1.215836406 -11.852882385 0.000000000 0.000000000 -12.000000000 0.318734169 0.498026133 0.005962854 0.000000000 0.004900407 0.000000000
1776617456.949502230 0.603603005 -0.022626450 0.200890273 0.063327536 0.997288227 -0.000058783 -0.037494659 3.624616623 -1.232589722 -11.857575417 0.000000000 0.000000000 -12.000000000 0.313856125 0.498307526 0.005949210 0.000000000 0.004903023 0.000000000
1776617456.954682350 0.603604913 -0.022621652 0.200890332 0.063407749 0.997283220 -0.000062245 -0.037492406 3.621669292 -1.249498010 -11.862207413 0.000000000 0.000000000 -12.000000000 0.309041977 0.498646855 0.005935738 0.000000000 0.004905598 0.000000000
1776617456.959505796 0.603606582 -0.022616483 0.200890183 0.063494056 0.997277796 -0.000065879 -0.037490483 3.618805408 -1.266564608 -11.866766930 0.000000000 0.000000000 -12.000000000 0.304302216 0.498966753 0.005922475 0.000000000 0.004908134 0.000000000
1776617456.964508772 0.603608549 -0.022611151 0.200890154 0.063583702 0.997272134 -0.000069810 -0.037488166 3.616056442 -1.283792615 -11.871241570 0.000000000 0.000000000 -12.000000000 0.299654007 0.499301851 0.005909478 0.000000000 0.004910632 0.000000000
1776617456.969648123 0.603610456 -0.022605525 0.200890094 0.063664980 0.997267067 -0.000073310 -0.037485912 3.613452911 -1.301184654 -11.875622749 0.000000000 0.000000000 -12.000000000 0.295104027 0.499650538 0.005896771 0.000000000 0.004913091 0.000000000
1776617456.976157904 0.603612125 -0.022599665 0.200890034 0.063725166 0.997263253 -0.000076024 -0.037484046 3.611023903 -1.318742752 -11.879898071 0.000000000 0.000000000 -12.000000000 0.290668488 0.500008821 0.005884408 0.000000000 0.004915513 0.000000000
1776617456.981487751 0.603615940 -0.022587866 0.200889885 0.063780390 0.997259915 -0.000079178 -0.037479695 3.608797550 -1.336467981 -11.884057999 0.000000000 0.000000000 -12.000000000 0.286357880 0.500534713 0.005872426 0.000000000 0.004917900 0.000000000
1776617456.986200094 0.603617668 -0.022581784 0.200889915 0.063788839 0.997259438 -0.000079979 -0.037477739 3.606799603 -1.354360819 -11.888092995 0.000000000 0.000000000 -12.000000000 0.282182693 0.500839412 0.005860860 0.000000000 0.004920251 0.000000000
1776617456.989896059 0.603619337 -0.022575991 0.200889885 0.063793667 0.997259200 -0.000080928 -0.037475843 3.605054140 -1.372420669 -11.891994476 0.000000000 0.000000000 -12.000000000 0.278152466 0.502466321 0.005849744 0.000000000 0.004922569 0.000000000
1776617456.995297909 0.603619337 -0.022575991 0.200889885 0.063793667 0.997259200 -0.000080928 -0.037475843 3.603582621 -1.390645504 -11.895753860 0.000000000 0.000000000 -12.000000000 0.274276733 0.502658546 0.005839110 0.000000000 0.004924855 0.000000000
1776617456.999500751 0.603620887 -0.022570120 0.200889796 0.063797548 0.997259021 -0.000081565 -0.037474040 3.602403879 -1.409032226 -11.899363518 0.000000000 0.000000000 -12.000000000 0.270564079 0.505284488 0.005828990 0.000000000 0.004927109 0.000000000
1776617457.005309105 0.603622377 -0.022564454 0.200889796 0.063803293 0.997258723 -0.000082450 -0.037472378 3.601533890 -1.427576423 -11.902817726 0.000000000 0.000000000 -12.000000000 0.267021179 0.504640818 0.005819405 0.000000000 0.004929335 0.000000000
1776617457.009496450 0.603623629 -0.022559021 0.200889826 0.063808948 0.997258425 -0.000083288 -0.037470985 3.600985765 -1.446272254 -11.906110764 0.000000000 0.000000000 -12.000000000 0.263654709 0.507747829 0.005810381 0.000000000 0.004931532 0.000000000
1776617457.014514685 0.603625000 -0.022553673 0.200889826 0.063814417 0.997258127 -0.000084147 -0.037469383 3.600770235 -1.465112567 -11.909237862 0.000000000 0.000000000 -12.000000000 0.260469437 0.508072853 0.005801934 0.000000000 0.004933702 0.000000000
1776617457.019477367 0.603626251 -0.022548428 0.200889826 0.063820742 0.997257769 -0.000085182 -0.037468020 3.600893974 -1.484089255 -11.912197113 0.000000000 0.000000000 -12.000000000 0.257469177 0.508398414 0.005794079 0.000000000 0.004935848 0.000000000
1776617457.024574757 0.603627443 -0.022543320 0.200889915 0.063827284 0.997257411 -0.000086070 -0.037466567 3.601361275 -1.503192902 -11.914984703 0.000000000 0.000000000 -12.000000000 0.254653931 0.508717179 0.005786817 0.000000000 0.004937970 0.000000000
1776617457.030888319 0.603628635 -0.022538505 0.200889856 0.063832626 0.997257113 -0.000087060 -0.037465230 3.602173567 -1.522413254 -11.917599678 0.000000000 0.000000000 -12.000000000 0.252028465 0.509026885 0.005780165 0.000000000 0.004940070 0.000000000
1776617457.034520388 0.603630602 -0.022529678 0.200889885 0.063846208 0.997256339 -0.000088927 -0.037463039 3.603328705 -1.541739225 -11.920041084 0.000000000 0.000000000 -12.000000000 0.249593735 0.509402573 0.005774129 0.000000000 0.004942150 0.000000000
1776617457.039466619 0.603630602 -0.022529678 0.200889885 0.063846208 0.997256339 -0.000088927 -0.037463039 3.604822159 -1.561158657 -11.922309875 0.000000000 0.000000000 -12.000000000 0.247345924 0.509614587 0.005768698 0.000000000 0.004944211 0.000000000
1776617457.048682928 0.603631854 -0.022526128 0.200889945 0.063853957 0.997255862 -0.000089962 -0.037461612 3.606646538 -1.580659151 -11.924405098 0.000000000 0.000000000 -12.000000000 0.245289803 0.509877205 0.005763888 0.000000000 0.004946256 0.000000000
1776617457.049484015 0.603633642 -0.022519870 0.200889975 0.063872769 0.997254729 -0.000091847 -0.037459422 3.608792067 -1.600227356 -11.926329613 0.000000000 0.000000000 -12.000000000 0.243416786 0.510160863 0.005759673 0.000000000 0.004948284 0.000000000
1776617457.054493427 0.603633642 -0.022519870 0.200889975 0.063872769 0.997254729 -0.000091847 -0.037459422 3.611246586 -1.619849801 -11.928083420 0.000000000 0.000000000 -12.000000000 0.241730690 0.518052459 0.005756068 0.000000000 0.004950298 0.000000000
1776617457.060678959 0.603634536 -0.022516670 0.200889945 0.063883543 0.997254133 -0.000092711 -0.037458450 3.613996267 -1.639512300 -11.929670334 0.000000000 0.000000000 -12.000000000 0.240224838 0.518322110 0.005753050 0.000000000 0.004952300 0.000000000
1776617457.064725399 0.603635192 -0.022513464 0.200890005 0.063892394 0.997253537 -0.000093549 -0.037457719 3.617025375 -1.659200668 -11.931093216 0.000000000 0.000000000 -12.000000000 0.238895416 0.518601120 0.005750609 0.000000000 0.004954291 0.000000000
1776617457.069509983 0.603636086 -0.022510488 0.200890124 0.063901648 0.997253001 -0.000094462 -0.037456628 3.620316029 -1.678900361 -11.932354927 0.000000000 0.000000000 -12.000000000 0.237741470 0.518877387 0.005748744 0.000000000 0.004956272 0.000000000
1776617457.074590445 0.603636682 -0.022507245 0.200890034 0.063912056 0.997252345 -0.000095229 -0.037455991 3.623849154 -1.698596716 -11.933459282 0.000000000 0.000000000 -12.000000000 0.236755371 0.519168615 0.005747430 0.000000000 0.004958245 0.000000000
1776617457.081116676 0.603637397 -0.022504050 0.200889975 0.063923165 0.997251689 -0.000095962 -0.037455145 3.627604961 -1.718274832 -11.934410095 0.000000000 0.000000000 -12.000000000 0.235933304 0.519462347 0.005746656 0.000000000 0.004960211 0.000000000
1776617457.086131573 0.603638172 -0.022501213 0.200889975 0.063933551 0.997251034 -0.000096800 -0.037454326 3.631561995 -1.737919569 -11.935210228 0.000000000 0.000000000 -12.000000000 0.235270500 0.522751391 0.005746407 0.000000000 0.004962172 0.000000000
1776617457.091039181 0.603639603 -0.022495503 0.200890005 0.063954853 0.997249722 -0.000098291 -0.037452690 3.635698080 -1.757515669 -11.935864449 0.000000000 0.000000000 -12.000000000 0.234763145 0.523092508 0.005746672 0.000000000 0.004964128 0.000000000
1776617457.094551563 0.603640199 -0.022492446 0.200890034 0.063966423 0.997249007 -0.000098997 -0.037452027 3.639991045 -1.777047038 -11.936375618 0.000000000 0.000000000 -12.000000000 0.234407425 0.523868084 0.005747440 0.000000000 0.004966082 0.000000000
1776617457.101081371 0.603640199 -0.022492446 0.200890034 0.063966423 0.997249007 -0.000098997 -0.037452027 3.644417763 -1.796497345 -11.936750412 0.000000000 0.000000000 -12.000000000 0.234193802 0.525912046 0.005748679 0.000000000 0.004968033 0.000000000
1776617457.104732990 0.603641689 -0.022486743 0.200890124 0.063992240 0.997247458 -0.000100766 -0.037450273 3.648955107 -1.815849662 -11.936990738 0.000000000 0.000000000 -12.000000000 0.234119415 0.526276827 0.005750382 0.000000000 0.004969984 0.000000000
1776617457.111287594 0.603641689 -0.022486743 0.200890124 0.063992240 0.997247458 -0.000100766 -0.037450273 3.653580189 -1.835087538 -11.937102318 0.000000000 0.000000000 -12.000000000 0.234178543 0.525834441 0.005752531 0.000000000 0.004971936 0.000000000
1776617457.114621162 0.603643358 -0.022480939 0.200890511 0.064030051 0.997245073 -0.000102694 -0.037448224 3.658270359 -1.854194522 -11.937089920 0.000000000 0.000000000 -12.000000000 0.234365463 0.531172037 0.005755107 0.000000000 0.004973889 0.000000000
1776617457.120997429 0.603643358 -0.022480939 0.200890511 0.064030051 0.997245073 -0.000102694 -0.037448224 3.663003206 -1.873154521 -11.936955452 0.000000000 0.000000000 -12.000000000 0.234676361 0.531425834 0.005758099 0.000000000 0.004975845 0.000000000
1776617457.124535799 0.603645027 -0.022475213 0.200890720 0.064076722 0.997242153 -0.000105000 -0.037446294 3.667757273 -1.891952038 -11.936703682 0.000000000 0.000000000 -12.000000000 0.235106468 0.531814039 0.005761492 0.000000000 0.004977804 0.000000000
1776617457.129683018 0.603645027 -0.022475213 0.200890720 0.064076722 0.997242153 -0.000105000 -0.037446294 3.672511101 -1.910571694 -11.936337471 0.000000000 0.000000000 -12.000000000 0.235650063 0.532071829 0.005765268 0.000000000 0.004979767 0.000000000
1776617457.134554625 0.603645682 -0.022472631 0.200890750 0.064103819 0.997240424 -0.000106277 -0.037445508 3.677244663 -1.928998709 -11.935862541 0.000000000 0.000000000 -12.000000000 0.236304283 0.532383382 0.005769418 0.000000000 0.004981737 0.000000000
1776617457.139512777 0.603646278 -0.022470087 0.200890809 0.064137481 0.997238338 -0.000107742 -0.037444722 3.681938171 -1.947218418 -11.935279846 0.000000000 0.000000000 -12.000000000 0.237062454 0.532695889 0.005773920 0.000000000 0.004983712 0.000000000
1776617457.144493580 0.603646874 -0.022467615 0.200890779 0.064182371 0.997235477 -0.000109659 -0.037444055 3.686572552 -1.965216756 -11.934594154 0.000000000 0.000000000 -12.000000000 0.237921715 0.533008993 0.005778767 0.000000000 0.004985695 0.000000000
1776617457.149647236 0.603647590 -0.022465255 0.200891048 0.064244479 0.997231483 -0.000112257 -0.037443150 3.691129446 -1.982980132 -11.933809280 0.000000000 0.000000000 -12.000000000 0.238877296 0.533191562 0.005783943 0.000000000 0.004987685 0.000000000
1776617457.156164646 0.603648365 -0.022462865 0.200891048 0.064319022 0.997226715 -0.000115095 -0.037442274 3.695591927 -2.000495195 -11.932929039 0.000000000 0.000000000 -12.000000000 0.239924431 0.536684334 0.005789433 0.000000000 0.004989685 0.000000000
1776617457.159450531 0.603650272 -0.022458285 0.200891256 0.064493515 0.997215509 -0.000122117 -0.037439972 3.699943781 -2.017748833 -11.931955338 0.000000000 0.000000000 -12.000000000 0.241060257 0.536758661 0.005795228 0.000000000 0.004991694 0.000000000
1776617457.164517164 0.603650272 -0.022458285 0.200891256 0.064493515 0.997215509 -0.000122117 -0.037439972 3.704169512 -2.034729242 -11.930892944 0.000000000 0.000000000 -12.000000000 0.242280006 0.537028849 0.005801313 0.000000000 0.004993713 0.000000000
1776617457.170325756 0.603651345 -0.022455985 0.200891405 0.064580321 0.997209966 -0.000125599 -0.037438642 3.708254814 -2.051424265 -11.929745674 0.000000000 0.000000000 -12.000000000 0.243577003 0.537354648 0.005807666 0.000000000 0.004995743 0.000000000
1776617457.175323725 0.603653610 -0.022451384 0.200891733 0.064713039 0.997201443 -0.000130811 -0.037435871 3.712186337 -2.067822695 -11.928517342 0.000000000 0.000000000 -12.000000000 0.244949341 0.535817444 0.005814282 0.000000000 0.004997784 0.000000000
1776617457.186530352 0.603654802 -0.022449203 0.200891823 0.064746134 0.997199357 -0.000132233 -0.037434373 3.715951681 -2.083914757 -11.927210808 0.000000000 0.000000000 -12.000000000 0.246391296 0.536145449 0.005821142 0.000000000 0.004999837 0.000000000
1776617457.188205957 0.603654802 -0.022449203 0.200891823 0.064746134 0.997199357 -0.000132233 -0.037434373 3.719538927 -2.099690437 -11.925829887 0.000000000 0.000000000 -12.000000000 0.247901917 0.536424637 0.005828243 0.000000000 0.005001903 0.000000000
1776617457.190418959 0.603657246 -0.022445260 0.200892240 0.064780645 0.997197270 -0.000133714 -0.037431281 3.722937584 -2.115141153 -11.924376488 0.000000000 0.000000000 -12.000000000 0.249475479 0.536791086 0.005835567 0.000000000 0.005003982 0.000000000
1776617457.195273161 0.603658497 -0.022443367 0.200892627 0.064790562 0.997196674 -0.000134192 -0.037429664 3.726136923 -2.130259275 -11.922854424 0.000000000 0.000000000 -12.000000000 0.251109123 0.537116885 0.005843105 0.000000000 0.005006075 0.000000000
1776617457.199691772 0.603659689 -0.022441609 0.200892687 0.064799160 0.997196138 -0.000134643 -0.037428256 3.729127407 -2.145037889 -11.921264648 0.000000000 0.000000000 -12.000000000 0.252799988 0.538818538 0.005850848 0.000000000 0.005008182 0.000000000
1776617457.204707623 0.603659689 -0.022441609 0.200892687 0.064799160 0.997196138 -0.000134643 -0.037428256 3.731900692 -2.159470081 -11.919610977 0.000000000 0.000000000 -12.000000000 0.254546165 0.537997186 0.005858790 0.000000000 0.005010303 0.000000000
1776617457.209520817 0.603660583 -0.022440027 0.200892746 0.064811707 0.997195363 -0.000135213 -0.037427176 3.734448910 -2.173549652 -11.917893410 0.000000000 0.000000000 -12.000000000 0.256346703 0.538317621 0.005866928 0.000000000 0.005012439 0.000000000
1776617457.214693069 0.603661776 -0.022438632 0.200892895 0.064825706 0.997194529 -0.000135839 -0.037425645 3.736765385 -2.187270641 -11.916114807 0.000000000 0.000000000 -12.000000000 0.258198738 0.538636446 0.005875253 0.000000000 0.005014591 0.000000000
1776617457.219615936 0.603662610 -0.022437301 0.200892985 0.064841352 0.997193575 -0.000136530 -0.037424505 3.738845110 -2.200627327 -11.914275169 0.000000000 0.000000000 -12.000000000 0.260099411 0.538954794 0.005883757 0.000000000 0.005016759 0.000000000
1776617457.224506617 0.603663623 -0.022435829 0.200893044 0.064861581 0.997192264 -0.000137366 -0.037423242 3.740683317 -2.213613987 -11.912377357 0.000000000 0.000000000 -12.000000000 0.262047768 0.539285183 0.005892435 0.000000000 0.005018943 0.000000000
1776617457.229797840 0.603664756 -0.022434393 0.200893223 0.064884678 0.997190833 -0.000138288 -0.037421864 3.742276907 -2.226226330 -11.910421371 0.000000000 0.000000000 -12.000000000 0.264044762 0.539618671 0.005901292 0.000000000 0.005021143 0.000000000
1776617457.235631466 0.603665590 -0.022432987 0.200893164 0.064910091 0.997189224 -0.000139283 -0.037420902 3.743623972 -2.238459110 -11.908409119 0.000000000 0.000000000 -12.000000000 0.266086578 0.539951444 0.005910316 0.000000000 0.005023360 0.000000000
1776617457.240003586 0.603666484 -0.022431694 0.200893283 0.064937405 0.997187495 -0.000140355 -0.037419762 3.744723558 -2.250308752 -11.906342506 0.000000000 0.000000000 -12.000000000 0.268171310 0.538210511 0.005919499 0.000000000 0.005025595 0.000000000
1776617457.244651079 0.603667140 -0.022430636 0.200893313 0.064972103 0.997185230 -0.000141767 -0.037418947 3.745575190 -2.261771202 -11.904223442 0.000000000 0.000000000 -12.000000000 0.270298004 0.538535237 0.005928840 0.000000000 0.005027847 0.000000000
1776617457.249663591 0.603668034 -0.022429593 0.200893402 0.065016858 0.997182369 -0.000143497 -0.037417829 3.746180534 -2.272843361 -11.902053833 0.000000000 0.000000000 -12.000000000 0.272462845 0.538862824 0.005938327 0.000000000 0.005030118 0.000000000
1776617457.254571199 0.603668869 -0.022428405 0.200893402 0.065073207 0.997178733 -0.000145686 -0.037416805 3.746541500 -2.283521891 -11.899833679 0.000000000 0.000000000 -12.000000000 0.274669647 0.541175067 0.005947972 0.000000000 0.005032407 0.000000000
1776617457.259610653 0.603669703 -0.022427287 0.200893402 0.065143391 0.997174203 -0.000148362 -0.037415717 3.746661425 -2.293804884 -11.897565842 0.000000000 0.000000000 -12.000000000 0.276912689 0.543679357 0.005957757 0.000000000 0.005034714 0.000000000
1776617457.264760256 0.603670418 -0.022426087 0.200893551 0.065227099 0.997168779 -0.000151564 -0.037414804 3.746544838 -2.303689957 -11.895252228 0.000000000 0.000000000 -12.000000000 0.279191017 0.543702662 0.005967678 0.000000000 0.005037041 0.000000000
1776617457.269475937 0.603671432 -0.022424875 0.200893551 0.065317206 0.997162879 -0.000155020 -0.037413564 3.746196747 -2.313175678 -11.892892838 0.000000000 0.000000000 -12.000000000 0.281504631 0.543728411 0.005977736 0.000000000 0.005039387 0.000000000
1776617457.274523020 0.603672266 -0.022423506 0.200893641 0.065409593 0.997156918 -0.000158509 -0.037412502 3.745623112 -2.322260380 -11.890488625 0.000000000 0.000000000 -12.000000000 0.283853531 0.543763280 0.005987931 0.000000000 0.005041752 0.000000000
1776617457.280128956 0.603673458 -0.022422042 0.200893700 0.065494768 0.997151375 -0.000161791 -0.037411112 3.744830370 -2.330943584 -11.888042450 0.000000000 0.000000000 -12.000000000 0.286235809 0.543807864 0.005998257 0.000000000 0.005044138 0.000000000
1776617457.286290646 0.603674471 -0.022420678 0.200893909 0.065571189 0.997146368 -0.000164726 -0.037409872 3.743825674 -2.339224815 -11.885553360 0.000000000 0.000000000 -12.000000000 0.288650513 0.543846846 0.006008712 0.000000000 0.005046543 0.000000000
1776617457.289912462 0.603676677 -0.022417923 0.200894266 0.065686338 0.997138917 -0.000169111 -0.037407223 3.742616892 -2.347104073 -11.883024216 0.000000000 0.000000000 -12.000000000 0.291096687 0.543926835 0.006019291 0.000000000 0.005048969 0.000000000
1776617457.296070576 0.603677690 -0.022416806 0.200894356 0.065715931 0.997137010 -0.000170313 -0.037406106 3.741211176 -2.354581594 -11.880455017 0.000000000 0.000000000 -12.000000000 0.293575287 0.543956697 0.006030000 0.000000000 0.005051415 0.000000000
1776617457.299712420 0.603678524 -0.022415867 0.200894445 0.065730840 0.997136056 -0.000170919 -0.037405148 3.739617109 -2.361658096 -11.877848625 0.000000000 0.000000000 -12.000000000 0.296082497 0.547762036 0.006040825 0.000000000 0.005053883 0.000000000
1776617457.305388689 0.603679597 -0.022415008 0.200894892 0.065739416 0.997135520 -0.000171226 -0.037403859 3.737842321 -2.368333817 -11.875206947 0.000000000 0.000000000 -12.000000000 0.298616409 0.547346056 0.006051759 0.000000000 0.005056371 0.000000000
1776617457.309485674 0.603679597 -0.022415008 0.200894892 0.065739416 0.997135520 -0.000171226 -0.037403859 3.735895157 -2.374609947 -11.872529030 0.000000000 0.000000000 -12.000000000 0.301180840 0.547359824 0.006062818 0.000000000 0.005058881 0.000000000
1776617457.314697504 0.603680432 -0.022414288 0.200894952 0.065746292 0.997135103 -0.000171481 -0.037402902 3.733783722 -2.380486488 -11.869818687 0.000000000 0.000000000 -12.000000000 0.303770065 0.547385395 0.006073980 0.000000000 0.005061413 0.000000000
1776617457.319564342 0.603681207 -0.022413850 0.200894952 0.065752558 0.997134745 -0.000171771 -0.037402030 3.731516123 -2.385964155 -11.867075920 0.000000000 0.000000000 -12.000000000 0.306385040 0.547401190 0.006085250 0.000000000 0.005063966 0.000000000
1776617457.324599266 0.603682160 -0.022413423 0.200895101 0.065758593 0.997134387 -0.000172010 -0.037400920 3.729100704 -2.391043186 -11.864302635 0.000000000 0.000000000 -12.000000000 0.309024811 0.547422111 0.006096624 0.000000000 0.005066541 0.000000000
1776617457.329502583 0.603682756 -0.022412982 0.200895041 0.065763660 0.997134089 -0.000172258 -0.037400201 3.726545334 -2.395723820 -11.861498833 0.000000000 0.000000000 -12.000000000 0.311689377 0.547448158 0.006108103 0.000000000 0.005069138 0.000000000
1776617457.334914923 0.603683412 -0.022412611 0.200895250 0.065769419 0.997133732 -0.000172485 -0.037399389 3.723858118 -2.400007010 -11.858666420 0.000000000 0.000000000 -12.000000000 0.314375877 0.547475278 0.006119678 0.000000000 0.005071758 0.000000000
1776617457.341032743 0.603684008 -0.022412239 0.200895250 0.065775268 0.997133374 -0.000172758 -0.037398729 3.721046686 -2.403893232 -11.855807304 0.000000000 0.000000000 -12.000000000 0.317086220 0.547505736 0.006131355 0.000000000 0.005074400 0.000000000
1776617457.344573021 0.603685141 -0.022411503 0.200895399 0.065788232 0.997132540 -0.000173136 -0.037397262 3.718119144 -2.407383680 -11.852921486 0.000000000 0.000000000 -12.000000000 0.319817543 0.547545910 0.006143124 0.000000000 0.005077065 0.000000000
1776617457.351158619 0.603685141 -0.022411503 0.200895399 0.065788232 0.997132540 -0.000173136 -0.037397262 3.715082645 -2.410479784 -11.850008965 0.000000000 0.000000000 -12.000000000 0.322571754 0.547575474 0.006154993 0.000000000 0.005079754 0.000000000
1776617457.354549408 0.603686273 -0.022411048 0.200895309 0.065803647 0.997131586 -0.000173864 -0.037395939 3.711944580 -2.413184166 -11.847072601 0.000000000 0.000000000 -12.000000000 0.325345993 0.551955700 0.006166951 0.000000000 0.005082465 0.000000000
1776617457.360960484 0.603686273 -0.022411048 0.200895309 0.065803647 0.997131586 -0.000173864 -0.037395939 3.708712578 -2.415499210 -11.844111443 0.000000000 0.000000000 -12.000000000 0.328141212 0.551988244 0.006179003 0.000000000 0.005085199 0.000000000
1776617457.364532709 0.603686988 -0.022410400 0.200895190 0.065820530 0.997130513 -0.000174394 -0.037395041 3.705394268 -2.417428970 -11.841126442 0.000000000 0.000000000 -12.000000000 0.330958366 0.552037477 0.006191152 0.000000000 0.005087957 0.000000000
1776617457.370022774 0.603686988 -0.022410400 0.200895190 0.065820530 0.997130513 -0.000174394 -0.037395041 3.701996803 -2.418977737 -11.838119507 0.000000000 0.000000000 -12.000000000 0.333792686 0.555779696 0.006203381 0.000000000 0.005090739 0.000000000
1776617457.374581337 0.603687465 -0.022410056 0.200895250 0.065826058 0.997130156 -0.000174634 -0.037394531 3.698528051 -2.420150518 -11.835090637 0.000000000 0.000000000 -12.000000000 0.336647034 0.555833459 0.006215701 0.000000000 0.005093544 0.000000000
1776617457.379486322 0.603687942 -0.022409828 0.200895220 0.065831818 0.997129798 -0.000174876 -0.037393901 3.694996119 -2.420953751 -11.832041740 0.000000000 0.000000000 -12.000000000 0.339519501 0.555880785 0.006228105 0.000000000 0.005096374 0.000000000
1776617457.385097742 0.603688240 -0.022409517 0.200895160 0.065838180 0.997129381 -0.000175132 -0.037393570 3.691409111 -2.421394110 -11.828972816 0.000000000 0.000000000 -12.000000000 0.342411041 0.555934906 0.006240597 0.000000000 0.005099227 0.000000000
1776617457.391105652 0.603688478 -0.022409240 0.200895190 0.065845564 0.997128904 -0.000175421 -0.037393268 3.687775850 -2.421479464 -11.825886726 0.000000000 0.000000000 -12.000000000 0.345317841 0.560202479 0.006253164 0.000000000 0.005102105 0.000000000
1776617457.394876242 0.603689134 -0.022408661 0.200895041 0.065861791 0.997127891 -0.000176041 -0.037392456 3.684105158 -2.421218157 -11.822785378 0.000000000 0.000000000 -12.000000000 0.348238945 0.560269833 0.006265803 0.000000000 0.005105007 0.000000000
1776617457.401038647 0.603689134 -0.022408661 0.200895041 0.065861791 0.997127891 -0.000176041 -0.037392456 3.680406094 -2.420619726 -11.819669724 0.000000000 0.000000000 -12.000000000 0.351173401 0.560324311 0.006278511 0.000000000 0.005107933 0.000000000
1776617457.404586792 0.603689671 -0.022408221 0.200894862 0.065882131 0.997126579 -0.000176844 -0.037391763 3.676687956 -2.419693947 -11.816542625 0.000000000 0.000000000 -12.000000000 0.354121208 0.560622990 0.006291288 0.000000000 0.005110884 0.000000000
1776617457.410484552 0.603689671 -0.022408221 0.200894862 0.065882131 0.997126579 -0.000176844 -0.037391763 3.672960281 -2.418451548 -11.813405991 0.000000000 0.000000000 -12.000000000 0.357077599 0.560683966 0.006304118 0.000000000 0.005113860 0.000000000
1776617457.414479733 0.603690267 -0.022407854 0.200894743 0.065908156 0.997124851 -0.000177839 -0.037391070 3.669232368 -2.416903496 -11.810262680 0.000000000 0.000000000 -12.000000000 0.360040665 0.560752988 0.006316995 0.000000000 0.005116860 0.000000000
1776617457.419477463 0.603690267 -0.022407854 0.200894743 0.065908156 0.997124851 -0.000177839 -0.037391070 3.665513277 -2.415061712 -11.807115555 0.000000000 0.000000000 -12.000000000 0.363009453 0.559720218 0.006329916 0.000000000 0.005119885 0.000000000
1776617457.424828291 0.603690624 -0.022407690 0.200894773 0.065923542 0.997123837 -0.000178418 -0.037390590 3.661811829 -2.412937880 -11.803966522 0.000000000 0.000000000 -12.000000000 0.365982056 0.559792638 0.006342875 0.000000000 0.005122935 0.000000000
1776617457.429502249 0.603690863 -0.022407487 0.200894624 0.065940872 0.997122705 -0.000179080 -0.037390318 3.658136368 -2.410544634 -11.800819397 0.000000000 0.000000000 -12.000000000 0.368954659 0.559867322 0.006355858 0.000000000 0.005126010 0.000000000
1776617457.434914827 0.603691161 -0.022407396 0.200894505 0.065961279 0.997121394 -0.000179850 -0.037389982 3.654495239 -2.407894373 -11.797675133 0.000000000 0.000000000 -12.000000000 0.371927261 0.559938490 0.006368867 0.000000000 0.005129109 0.000000000
1776617457.439777851 0.603691518 -0.022407161 0.200894535 0.065982111 0.997120023 -0.000180605 -0.037389562 3.650895596 -2.404999971 -11.794537544 0.000000000 0.000000000 -12.000000000 0.374895096 0.560418248 0.006381884 0.000000000 0.005132233 0.000000000
1776617457.444911003 0.603691876 -0.022406999 0.200894505 0.066003524 0.997118652 -0.000181428 -0.037389018 3.647344828 -2.401874781 -11.791409492 0.000000000 0.000000000 -12.000000000 0.377857208 0.560498536 0.006394906 0.000000000 0.005135382 0.000000000
1776617457.449643373 0.603692055 -0.022406828 0.200894505 0.066026799 0.997117102 -0.000182309 -0.037388805 3.643849373 -2.398531675 -11.788293839 0.000000000 0.000000000 -12.000000000 0.380809784 0.562306702 0.006407921 0.000000000 0.005138556 0.000000000
1776617457.454768658 0.603692591 -0.022406567 0.200894356 0.066052079 0.997115433 -0.000183251 -0.037388172 3.640414715 -2.394984007 -11.785193443 0.000000000 0.000000000 -12.000000000 0.383749962 0.562395453 0.006420920 0.000000000 0.005141753 0.000000000
1776617457.459658384 0.603692830 -0.022406215 0.200894356 0.066081703 0.997113466 -0.000184299 -0.037387867 3.637046337 -2.391245365 -11.782111168 0.000000000 0.000000000 -12.000000000 0.386674881 0.562134981 0.006433892 0.000000000 0.005144976 0.000000000
1776617457.464697599 0.603693485 -0.022406036 0.200894237 0.066121601 0.997110903 -0.000185879 -0.037387051 3.633749008 -2.387329578 -11.779050827 0.000000000 0.000000000 -12.000000000 0.389585495 0.562230051 0.006446840 0.000000000 0.005148222 0.000000000
1776617457.469518900 0.603693664 -0.022405611 0.200894237 0.066175885 0.997107267 -0.000187936 -0.037386741 3.630526304 -2.383249998 -11.776017189 0.000000000 0.000000000 -12.000000000 0.392469406 0.562339246 0.006459724 0.000000000 0.005151493 0.000000000
1776617457.474728823 0.603694081 -0.022405311 0.200894088 0.066241369 0.997102976 -0.000190409 -0.037386250 3.627381563 -2.379020452 -11.773013115 0.000000000 0.000000000 -12.000000000 0.395329475 0.562440872 0.006472552 0.000000000 0.005154788 0.000000000
1776617457.479737520 0.603694439 -0.022404855 0.200894147 0.066314861 0.997098088 -0.000193185 -0.037385818 3.624316931 -2.374655008 -11.770043373 0.000000000 0.000000000 -12.000000000 0.398160934 0.562555134 0.006485309 0.000000000 0.005158105 0.000000000
1776617457.484613180 0.603694797 -0.022404261 0.200894028 0.066391677 0.997093022 -0.000196061 -0.037385356 3.621334553 -2.370167017 -11.767111778 0.000000000 0.000000000 -12.000000000 0.400957108 0.562674999 0.006497970 0.000000000 0.005161447 0.000000000
1776617457.489514351 0.603695393 -0.022403527 0.200894028 0.066467516 0.997087955 -0.000198847 -0.037384741 3.618435144 -2.365571022 -11.764223099 0.000000000 0.000000000 -12.000000000 0.403714180 0.562801123 0.006510525 0.000000000 0.005164811 0.000000000
1776617457.494481564 0.603695810 -0.022402974 0.200893879 0.066542238 0.997083008 -0.000201777 -0.037384186 3.615618706 -2.360880852 -11.761382103 0.000000000 0.000000000 -12.000000000 0.406429291 0.566039205 0.006522962 0.000000000 0.005168198 0.000000000
1776617457.499759197 0.603696585 -0.022402145 0.200893909 0.066608392 0.997078598 -0.000204260 -0.037383217 3.612884760 -2.356110334 -11.758592606 0.000000000 0.000000000 -12.000000000 0.409097672 0.566174448 0.006535266 0.000000000 0.005171607 0.000000000
1776617457.504473209 0.603697300 -0.022401389 0.200893819 0.066669047 0.997074604 -0.000206536 -0.037382338 3.610231400 -2.351273298 -11.755857468 0.000000000 0.000000000 -12.000000000 0.411712646 0.566303313 0.006547413 0.000000000 0.005175038 0.000000000
1776617457.509828568 0.603697896 -0.022400625 0.200893760 0.066722073 0.997071087 -0.000208565 -0.037381608 3.607656002 -2.346383095 -11.753181458 0.000000000 0.000000000 -12.000000000 0.414275169 0.567011952 0.006559407 0.000000000 0.005178490 0.000000000
1776617457.514576435 0.603698552 -0.022399932 0.200893670 0.066763029 0.997068346 -0.000210021 -0.037380882 3.605155468 -2.341452599 -11.750566483 0.000000000 0.000000000 -12.000000000 0.416779518 0.567140520 0.006571229 0.000000000 0.005181964 0.000000000
1776617457.519507170 0.603699207 -0.022399206 0.200893641 0.066791199 0.997066498 -0.000211112 -0.037380069 3.602725506 -2.336494684 -11.748016357 0.000000000 0.000000000 -12.000000000 0.419223785 0.565745592 0.006582870 0.000000000 0.005185457 0.000000000
1776617457.524692297 0.603699803 -0.022398619 0.200893611 0.066810437 0.997065246 -0.000211863 -0.037379406 3.600361109 -2.331520319 -11.745533943 0.000000000 0.000000000 -12.000000000 0.421602249 0.565876603 0.006594311 0.000000000 0.005188970 0.000000000
1776617457.529640436 0.603700519 -0.022398038 0.200893432 0.066822417 0.997064471 -0.000212358 -0.037378564 3.598056316 -2.326540947 -11.743120193 0.000000000 0.000000000 -12.000000000 0.423915863 0.566009283 0.006605556 0.000000000 0.005192503 0.000000000
1776617457.534525156 0.603701293 -0.022397570 0.200893521 0.066832460 0.997063816 -0.000212702 -0.037377603 3.595804691 -2.321566343 -11.740777016 0.000000000 0.000000000 -12.000000000 0.426160812 0.566138327 0.006616590 0.000000000 0.005196054 0.000000000
1776617457.539502621 0.603702009 -0.022397101 0.200893521 0.066842310 0.997063220 -0.000213120 -0.037376702 3.593598843 -2.316605091 -11.738505363 0.000000000 0.000000000 -12.000000000 0.428336143 0.566271603 0.006627411 0.000000000 0.005199623 0.000000000
1776617457.544482470 0.603702724 -0.022396773 0.200893551 0.066852801 0.997062564 -0.000213523 -0.037375834 3.591431379 -2.311665297 -11.736305237 0.000000000 0.000000000 -12.000000000 0.430443764 0.566400290 0.006638023 0.000000000 0.005203210 0.000000000
1776617457.549552441 0.603703380 -0.022396445 0.200893432 0.066864461 0.997061789 -0.000213942 -0.037375022 3.589293957 -2.306753159 -11.734176636 0.000000000 0.000000000 -12.000000000 0.432479858 0.566530108 0.006648414 0.000000000 0.005206815 0.000000000
1776617457.554505587 0.603704095 -0.022396117 0.200893462 0.066879436 0.997060835 -0.000214463 -0.037374150 3.587178469 -2.301873446 -11.732119560 0.000000000 0.000000000 -12.000000000 0.434445381 0.566664279 0.006658586 0.000000000 0.005210435 0.000000000
1776617457.559558868 0.603704870 -0.022395831 0.200893372 0.066896319 0.997059703 -0.000215104 -0.037373219 3.585076094 -2.297030687 -11.730134010 0.000000000 0.000000000 -12.000000000 0.436340332 0.567655444 0.006668539 0.000000000 0.005214071 0.000000000
1776617457.564718008 0.603706360 -0.022395579 0.200893283 0.066935740 0.997057140 -0.000216628 -0.037371442 3.582978249 -2.292226791 -11.728217125 0.000000000 0.000000000 -12.000000000 0.438166618 0.567785740 0.006678278 0.000000000 0.005217723 0.000000000
1776617457.569693804 0.603706360 -0.022395579 0.200893283 0.066935740 0.997057140 -0.000216628 -0.037371442 3.580877066 -2.287463188 -11.726369858 0.000000000 0.000000000 -12.000000000 0.439923286 0.567920029 0.006687799 0.000000000 0.005221389 0.000000000
1776617457.574535608 0.603707016 -0.022395400 0.200893223 0.066957116 0.997055709 -0.000217479 -0.037370540 3.578763723 -2.282739878 -11.724590302 0.000000000 0.000000000 -12.000000000 0.441612244 0.570884049 0.006697110 0.000000000 0.005225069 0.000000000
1776617457.579478979 0.603707731 -0.022395181 0.200893044 0.066982493 0.997054040 -0.000218375 -0.037369695 3.576630831 -2.278055668 -11.722874641 0.000000000 0.000000000 -12.000000000 0.443236351 0.571025550 0.006706217 0.000000000 0.005228763 0.000000000
1776617457.584467411 0.603708446 -0.022394927 0.200892925 0.067011826 0.997052133 -0.000219383 -0.037368853 3.574470758 -2.273408413 -11.721223831 0.000000000 0.000000000 -12.000000000 0.444792747 0.571171403 0.006715111 0.000000000 0.005232469 0.000000000
1776617457.589490652 0.603708744 -0.022394761 0.200892895 0.067048661 0.997049689 -0.000220869 -0.037368484 3.572276831 -2.268795013 -11.719633102 0.000000000 0.000000000 -12.000000000 0.446288109 0.571319699 0.006723816 0.000000000 0.005236188 0.000000000
1776617457.594613791 0.603709221 -0.022394247 0.200892776 0.067097448 0.997046411 -0.000222591 -0.037367906 3.570043087 -2.264211893 -11.718101501 0.000000000 0.000000000 -12.000000000 0.447722435 0.571481168 0.006732327 0.000000000 0.005239919 0.000000000
1776617457.599514961 0.603709817 -0.022393987 0.200892687 0.067156680 0.997042418 -0.000224854 -0.037367173 3.567764044 -2.259654284 -11.716626167 0.000000000 0.000000000 -12.000000000 0.449098587 0.571635365 0.006740657 0.000000000 0.005243662 0.000000000
1776617457.606143951 0.603710532 -0.022393517 0.200892717 0.067225218 0.997037828 -0.000227405 -0.037366290 3.565435171 -2.255116940 -11.715203285 0.000000000 0.000000000 -12.000000000 0.450419426 0.571800232 0.006748814 0.000000000 0.005247416 0.000000000
1776617457.609603167 0.603712022 -0.022392439 0.200892359 0.067369983 0.997028172 -0.000232879 -0.037364431 3.563053131 -2.250594378 -11.713830948 0.000000000 0.000000000 -12.000000000 0.451687813 0.571988225 0.006756805 0.000000000 0.005251179 0.000000000
1776617457.616049290 0.603712022 -0.022392439 0.200892359 0.067369983 0.997028172 -0.000232879 -0.037364431 3.560614824 -2.246080637 -11.712505341 0.000000000 0.000000000 -12.000000000 0.452906609 0.572465241 0.006764642 0.000000000 0.005254954 0.000000000
1776617457.619519711 0.603712916 -0.022391696 0.200892210 0.067434318 0.997023821 -0.000235369 -0.037363309 3.558118105 -2.241569757 -11.711224556 0.000000000 0.000000000 -12.000000000 0.454077721 0.572646558 0.006772330 0.000000000 0.005258738 0.000000000
1776617457.625933647 0.603712916 -0.022391696 0.200892210 0.067434318 0.997023821 -0.000235369 -0.037363309 3.555561304 -2.237056255 -11.709984779 0.000000000 0.000000000 -12.000000000 0.455204964 0.572427154 0.006779881 0.000000000 0.005262531 0.000000000
1776617457.629544973 0.603715479 -0.022389583 0.200891852 0.067581087 0.997014046 -0.000240832 -0.037360221 3.552943468 -2.232534647 -11.708785057 0.000000000 0.000000000 -12.000000000 0.456289291 0.572278380 0.006787298 0.000000000 0.005266333 0.000000000
1776617457.634804249 0.603715479 -0.022389583 0.200891852 0.067581087 0.997014046 -0.000240832 -0.037360221 3.550264120 -2.227999926 -11.707622528 0.000000000 0.000000000 -12.000000000 0.457333565 0.572502732 0.006794590 0.000000000 0.005270144 0.000000000
1776617457.639504433 0.603716135 -0.022388862 0.200891733 0.067612633 0.997011900 -0.000242051 -0.037359376 3.547523260 -2.223447323 -11.706494331 0.000000000 0.000000000 -12.000000000 0.458340645 0.572313666 0.006801766 0.000000000 0.005273964 0.000000000
1776617457.644591093 0.603716969 -0.022388468 0.200891793 0.067634210 0.997010469 -0.000242986 -0.037358351 3.544721842 -2.218872309 -11.705400467 0.000000000 0.000000000 -12.000000000 0.459310532 0.572112918 0.006808827 0.000000000 0.005277792 0.000000000
1776617457.649488211 0.603718698 -0.022387471 0.200891584 0.067669615 0.997008145 -0.000244184 -0.037356220 3.541860819 -2.214271069 -11.704339981 0.000000000 0.000000000 -12.000000000 0.460244179 0.571926177 0.006815774 0.000000000 0.005281627 0.000000000
1776617457.654542923 0.603718698 -0.022387471 0.200891584 0.067669615 0.997008145 -0.000244184 -0.037356220 3.538941622 -2.209639549 -11.703310013 0.000000000 0.000000000 -12.000000000 0.461144447 0.571719646 0.006822618 0.000000000 0.005285470 0.000000000
1776617457.659885645 0.603719473 -0.022387039 0.200891376 0.067688808 0.997006893 -0.000244874 -0.037355378 3.535966396 -2.204974890 -11.702312469 0.000000000 0.000000000 -12.000000000 0.462008476 0.572795093 0.006829348 0.000000000 0.005289320 0.000000000
1776617457.664688587 0.603720367 -0.022386687 0.200891316 0.067709617 0.997005522 -0.000245711 -0.037354264 3.532937288 -2.200273991 -11.701346397 0.000000000 0.000000000 -12.000000000 0.462841034 0.572600245 0.006835980 0.000000000 0.005293177 0.000000000
1776617457.669487476 0.603720963 -0.022386359 0.200891256 0.067733191 0.997003973 -0.000246604 -0.037353449 3.529856682 -2.195534706 -11.700411797 0.000000000 0.000000000 -12.000000000 0.463638306 0.572406769 0.006842501 0.000000000 0.005297041 0.000000000
1776617457.674625158 0.603721917 -0.022386005 0.200891107 0.067758903 0.997002244 -0.000247614 -0.037352361 3.526727676 -2.190754890 -11.699508667 0.000000000 0.000000000 -12.000000000 0.464403152 0.572650135 0.006848921 0.000000000 0.005300911 0.000000000
1776617457.679549932 0.603722453 -0.022385675 0.200890988 0.067786448 0.997000396 -0.000248659 -0.037351608 3.523553371 -2.185933352 -11.698638916 0.000000000 0.000000000 -12.000000000 0.465131760 0.572460473 0.006855226 0.000000000 0.005304787 0.000000000
1776617457.684778452 0.603723288 -0.022385215 0.200890750 0.067812718 0.996998668 -0.000249629 -0.037350673 3.520336866 -2.181068659 -11.697802544 0.000000000 0.000000000 -12.000000000 0.465825081 0.572277367 0.006861419 0.000000000 0.005308669 0.000000000
1776617457.689510345 0.603724182 -0.022384824 0.200890630 0.067840785 0.996996760 -0.000250730 -0.037349585 3.517081738 -2.176160812 -11.697000504 0.000000000 0.000000000 -12.000000000 0.466483116 0.572095454 0.006867500 0.000000000 0.005312556 0.000000000
1776617457.696242332 0.603725135 -0.022384547 0.200890541 0.067870386 0.996994793 -0.000251741 -0.037348382 3.513792038 -2.171209097 -11.696233749 0.000000000 0.000000000 -12.000000000 0.467103004 0.570835888 0.006873459 0.000000000 0.005316448 0.000000000
1776617457.701157093 0.603726983 -0.022384100 0.200890332 0.067930236 0.996990800 -0.000254034 -0.037346091 3.510471344 -2.166214228 -11.695502281 0.000000000 0.000000000 -12.000000000 0.467686653 0.568663359 0.006879302 0.000000000 0.005320346 0.000000000
1776617457.706144571 0.603727996 -0.022383723 0.200890154 0.067961782 0.996988714 -0.000255122 -0.037344828 3.507124186 -2.161175966 -11.694808960 0.000000000 0.000000000 -12.000000000 0.468231201 0.569329858 0.006885018 0.000000000 0.005324248 0.000000000
1776617457.711175919 0.603729069 -0.022383565 0.200889945 0.067997038 0.996986389 -0.000256554 -0.037343472 3.503754377 -2.156095505 -11.694153786 0.000000000 0.000000000 -12.000000000 0.468736649 0.569144666 0.006890609 0.000000000 0.005328154 0.000000000
1776617457.714709282 0.603730023 -0.022383217 0.200889796 0.068037987 0.996983588 -0.000257998 -0.037342295 3.500366926 -2.150973082 -11.693538666 0.000000000 0.000000000 -12.000000000 0.469202995 0.568969548 0.006896074 0.000000000 0.005332064 0.000000000
1776617457.719494581 0.603730023 -0.022383217 0.200889796 0.068037987 0.996983588 -0.000257998 -0.037342295 3.496966600 -2.145809412 -11.692966461 0.000000000 0.000000000 -12.000000000 0.469623566 0.568785608 0.006901389 0.000000000 0.005335977 0.000000000
1776617457.724501848 0.603731155 -0.022382986 0.200889587 0.068091899 0.996979952 -0.000260053 -0.037340902 3.493558168 -2.140605211 -11.692436218 0.000000000 0.000000000 -12.000000000 0.470002174 0.568609238 0.006906568 0.000000000 0.005339894 0.000000000
1776617457.729534388 0.603732467 -0.022382587 0.200889379 0.068153352 0.996975839 -0.000262325 -0.037339270 3.490146875 -2.135361195 -11.691949844 0.000000000 0.000000000 -12.000000000 0.470337868 0.568442345 0.006911607 0.000000000 0.005343813 0.000000000
1776617457.734567642 0.603733718 -0.022382073 0.200889111 0.068222947 0.996971130 -0.000264849 -0.037337728 3.486737967 -2.130078316 -11.691508293 0.000000000 0.000000000 -12.000000000 0.470628738 0.568280935 0.006916498 0.000000000 0.005347735 0.000000000
1776617457.739520073 0.603735209 -0.022381578 0.200888962 0.068294868 0.996966302 -0.000267610 -0.037335791 3.483336926 -2.124757051 -11.691111565 0.000000000 0.000000000 -12.000000000 0.470875740 0.568123639 0.006921245 0.000000000 0.005351659 0.000000000
1776617457.745622396 0.603736997 -0.022381023 0.200888783 0.068363994 0.996961653 -0.000270205 -0.037333496 3.479949474 -2.119398594 -11.690759659 0.000000000 0.000000000 -12.000000000 0.471077919 0.567638755 0.006925845 0.000000000 0.005355585 0.000000000
1776617457.749698162 0.603740573 -0.022379654 0.200888425 0.068476304 0.996954083 -0.000274367 -0.037329070 3.476580381 -2.114004374 -11.690451622 0.000000000 0.000000000 -12.000000000 0.471238136 0.567514956 0.006930306 0.000000000 0.005359512 0.000000000
1776617457.754632235 0.603740573 -0.022379654 0.200888425 0.068476304 0.996954083 -0.000274367 -0.037329070 3.473235130 -2.108575344 -11.690188408 0.000000000 0.000000000 -12.000000000 0.471354485 0.567344427 0.006934621 0.000000000 0.005363440 0.000000000
1776617457.759496450 0.603742301 -0.022379167 0.200888246 0.068517298 0.996951342 -0.000275901 -0.037326843 3.469918728 -2.103113890 -11.689968109 0.000000000 0.000000000 -12.000000000 0.471427917 0.567191064 0.006938795 0.000000000 0.005367368 0.000000000
1776617457.764516830 0.603744149 -0.022378644 0.200888038 0.068551004 0.996949136 -0.000277104 -0.037324555 3.466635942 -2.097622156 -11.689790726 0.000000000 0.000000000 -12.000000000 0.471462250 0.567375124 0.006942838 0.000000000 0.005371297 0.000000000
1776617457.769551277 0.603745818 -0.022378193 0.200887799 0.068577349 0.996947408 -0.000278153 -0.037322424 3.463391781 -2.092102528 -11.689654350 0.000000000 0.000000000 -12.000000000 0.471457481 0.567223549 0.006946751 0.000000000 0.005375226 0.000000000
1776617457.776007414 0.603747189 -0.022377796 0.200887501 0.068596557 0.996946156 -0.000278880 -0.037320770 3.460190296 -2.086557865 -11.689559937 0.000000000 0.000000000 -12.000000000 0.471412659 0.567359149 0.006950530 0.000000000 0.005379154 0.000000000
1776617457.779512644 0.603749573 -0.022376876 0.200887024 0.068632081 0.996943831 -0.000280132 -0.037317738 3.457036257 -2.080991745 -11.689506531 0.000000000 0.000000000 -12.000000000 0.471327782 0.567746043 0.006954175 0.000000000 0.005383082 0.000000000
1776617457.786334515 0.603749573 -0.022376876 0.200887024 0.068632081 0.996943831 -0.000280132 -0.037317738 3.453933716 -2.075407505 -11.689493179 0.000000000 0.000000000 -12.000000000 0.471206665 0.567637086 0.006957698 0.000000000 0.005387009 0.000000000
1776617457.791238546 0.603752017 -0.022376280 0.200886607 0.068667427 0.996941507 -0.000281458 -0.037314765 3.450886726 -2.069808722 -11.689519882 0.000000000 0.000000000 -12.000000000 0.471048355 0.567496002 0.006961096 0.000000000 0.005390935 0.000000000
1776617457.796203375 0.603752017 -0.022376280 0.200886607 0.068667427 0.996941507 -0.000281458 -0.037314765 3.447900057 -2.064199448 -11.689586639 0.000000000 0.000000000 -12.000000000 0.470852852 0.564171493 0.006964368 0.000000000 0.005394858 0.000000000
1776617457.800076962 0.603754520 -0.022375692 0.200886279 0.068709493 0.996938705 -0.000283027 -0.037311550 3.444977522 -2.058583975 -11.689693451 0.000000000 0.000000000 -12.000000000 0.470620155 0.564033926 0.006967514 0.000000000 0.005398780 0.000000000
1776617457.804487705 0.603754520 -0.022375692 0.200886279 0.068709493 0.996938705 -0.000283027 -0.037311550 3.442123890 -2.052966118 -11.689841270 0.000000000 0.000000000 -12.000000000 0.470350266 0.563881397 0.006970534 0.000000000 0.005402700 0.000000000
1776617457.809567213 0.603755832 -0.022375364 0.200886041 0.068732947 0.996937156 -0.000283905 -0.037309896 3.439343452 -2.047350645 -11.690030098 0.000000000 0.000000000 -12.000000000 0.470043182 0.563740253 0.006973427 0.000000000 0.005406617 0.000000000
1776617457.814543486 0.603757024 -0.022375096 0.200886011 0.068759158 0.996935427 -0.000284815 -0.037308302 3.436640978 -2.041741610 -11.690260887 0.000000000 0.000000000 -12.000000000 0.469697952 0.563599586 0.006976191 0.000000000 0.005410531 0.000000000
1776617457.819645166 0.603758276 -0.022374947 0.200885743 0.068788491 0.996933460 -0.000285905 -0.037306767 3.434020758 -2.036143303 -11.690533638 0.000000000 0.000000000 -12.000000000 0.469314575 0.563454032 0.006978824 0.000000000 0.005414442 0.000000000
1776617457.824751616 0.603759348 -0.022374678 0.200885653 0.068824351 0.996931016 -0.000287208 -0.037305381 3.431487560 -2.030560255 -11.690850258 0.000000000 0.000000000 -12.000000000 0.468890190 0.563318014 0.006981317 0.000000000 0.005418350 0.000000000
1776617457.829513550 0.603760064 -0.022374468 0.200885445 0.068870500 0.996927857 -0.000288938 -0.037304409 3.429045439 -2.024996281 -11.691210747 0.000000000 0.000000000 -12.000000000 0.468427658 0.561641634 0.006983679 0.000000000 0.005422253 0.000000000
1776617457.836151361 0.603761196 -0.022374310 0.200885236 0.068917729 0.996924639 -0.000290833 -0.037303016 3.426699162 -2.019455194 -11.691617012 0.000000000 0.000000000 -12.000000000 0.467923164 0.561504424 0.006985896 0.000000000 0.005426153 0.000000000
1776617457.839947224 0.603762746 -0.022373602 0.200884938 0.069011845 0.996918201 -0.000294289 -0.037301045 3.424452543 -2.013940573 -11.692069054 0.000000000 0.000000000 -12.000000000 0.467378616 0.561389685 0.006987976 0.000000000 0.005430047 0.000000000
1776617457.846024275 0.603762746 -0.022373602 0.200884938 0.069011845 0.996918201 -0.000294289 -0.037301045 3.422309875 -2.008456230 -11.692568779 0.000000000 0.000000000 -12.000000000 0.466792107 0.557425618 0.006989911 0.000000000 0.005433938 0.000000000
1776617457.849471331 0.603764355 -0.022372672 0.200884610 0.069106512 0.996911705 -0.000297818 -0.037299071 3.420274734 -2.003004789 -11.693117142 0.000000000 0.000000000 -12.000000000 0.466159821 0.557320178 0.006991688 0.000000000 0.005437822 0.000000000
1776617457.854510784 0.603764355 -0.022372672 0.200884610 0.069106512 0.996911705 -0.000297818 -0.037299071 3.418350220 -1.997589350 -11.693715096 0.000000000 0.000000000 -12.000000000 0.465484619 0.557184458 0.006993317 0.000000000 0.005441701 0.000000000
1776617457.859515905 0.603765190 -0.022372175 0.200884491 0.069155626 0.996908367 -0.000299653 -0.037298009 3.416539192 -1.992212772 -11.694363594 0.000000000 0.000000000 -12.000000000 0.464764595 0.557068467 0.006994789 0.000000000 0.005445574 0.000000000
1776617457.864538670 0.603765965 -0.022371672 0.200884402 0.069208346 0.996904731 -0.000301643 -0.037297033 3.414844036 -1.986876965 -11.695063591 0.000000000 0.000000000 -12.000000000 0.463997841 0.556954324 0.006996100 0.000000000 0.005449441 0.000000000
1776617457.869457722 0.603766859 -0.022371070 0.200884223 0.069259137 0.996901274 -0.000303534 -0.037295971 3.413265705 -1.981583953 -11.695815086 0.000000000 0.000000000 -12.000000000 0.463185310 0.555609584 0.006997252 0.000000000 0.005453301 0.000000000
1776617457.874570608 0.603767753 -0.022370571 0.200884193 0.069303915 0.996898174 -0.000305193 -0.037294850 3.411804914 -1.976335168 -11.696616173 0.000000000 0.000000000 -12.000000000 0.462328911 0.555498958 0.006998250 0.000000000 0.005457154 0.000000000
1776617457.879536629 0.603768647 -0.022370037 0.200884074 0.069347039 0.996895194 -0.000306843 -0.037293728 3.410461664 -1.971131921 -11.697467804 0.000000000 0.000000000 -12.000000000 0.461427689 0.555390716 0.006999091 0.000000000 0.005460999 0.000000000
1776617457.886014700 0.603769720 -0.022369444 0.200883955 0.069385372 0.996892571 -0.000308277 -0.037292369 3.409235001 -1.965975285 -11.698369026 0.000000000 0.000000000 -12.000000000 0.460482597 0.555286109 0.006999779 0.000000000 0.005464836 0.000000000
1776617457.889515877 0.603771448 -0.022368450 0.200883806 0.069449358 0.996888220 -0.000310668 -0.037290256 3.408122778 -1.960865855 -11.699316025 0.000000000 0.000000000 -12.000000000 0.459497452 0.555193186 0.007000324 0.000000000 0.005468666 0.000000000
1776617457.895823956 0.603771448 -0.022368450 0.200883806 0.069449358 0.996888220 -0.000310668 -0.037290256 3.407122135 -1.955804229 -11.700307846 0.000000000 0.000000000 -12.000000000 0.458471298 0.555074811 0.007000724 0.000000000 0.005472486 0.000000000
1776617457.899483442 0.603772938 -0.022367591 0.200883508 0.069501065 0.996884704 -0.000312663 -0.037288383 3.406229734 -1.950790524 -11.701341629 0.000000000 0.000000000 -12.000000000 0.457408905 0.552644193 0.007000995 0.000000000 0.005476298 0.000000000
1776617457.905753851 0.603772938 -0.022367591 0.200883508 0.069501065 0.996884704 -0.000312663 -0.037288383 3.405440569 -1.945824623 -11.702415466 0.000000000 0.000000000 -12.000000000 0.456313133 0.552531362 0.007001145 0.000000000 0.005480101 0.000000000
1776617457.909507513 0.603774428 -0.022366755 0.200883359 0.069548227 0.996881485 -0.000314441 -0.037286602 3.404749393 -1.940906048 -11.703525543 0.000000000 0.000000000 -12.000000000 0.455183983 0.552265763 0.007001174 0.000000000 0.005483894 0.000000000
1776617457.914525032 0.603774428 -0.022366755 0.200883359 0.069548227 0.996881485 -0.000314441 -0.037286602 3.404149771 -1.936033964 -11.704669952 0.000000000 0.000000000 -12.000000000 0.454025269 0.552156866 0.007001095 0.000000000 0.005487678 0.000000000
1776617457.919536591 0.603775144 -0.022366287 0.200883180 0.069568560 0.996880054 -0.000315124 -0.037285756 3.403634787 -1.931207299 -11.705845833 0.000000000 0.000000000 -12.000000000 0.452839851 0.552059948 0.007000918 0.000000000 0.005491451 0.000000000
1776617457.926082373 0.603775799 -0.022365959 0.200883150 0.069588006 0.996878743 -0.000315860 -0.037284911 3.403196573 -1.926424742 -11.707049370 0.000000000 0.000000000 -12.000000000 0.451627731 0.551962614 0.007000641 0.000000000 0.005495215 0.000000000
1776617457.931197405 0.603776991 -0.022365263 0.200883061 0.069625303 0.996876180 -0.000317338 -0.037283432 3.402827024 -1.921684742 -11.708278656 0.000000000 0.000000000 -12.000000000 0.450396538 0.551878214 0.007000290 0.000000000 0.005498968 0.000000000
1776617457.935445309 0.603777409 -0.022364743 0.200882941 0.069644116 0.996874928 -0.000317969 -0.037282921 3.402517796 -1.916985154 -11.709531784 0.000000000 0.000000000 -12.000000000 0.449141502 0.545130610 0.006999849 0.000000000 0.005502711 0.000000000
1776617457.941055775 0.603778005 -0.022364479 0.200882941 0.069664411 0.996873498 -0.000318773 -0.037282255 3.402260303 -1.912324309 -11.710803986 0.000000000 0.000000000 -12.000000000 0.447871208 0.545036852 0.006999347 0.000000000 0.005506443 0.000000000
1776617457.944833279 0.603778362 -0.022363957 0.200882912 0.069684409 0.996872127 -0.000319509 -0.037281740 3.402046204 -1.907699704 -11.712093353 0.000000000 0.000000000 -12.000000000 0.446585655 0.544958353 0.006998784 0.000000000 0.005510165 0.000000000
1776617457.950341225 0.603778958 -0.022363661 0.200882822 0.069705673 0.996870697 -0.000320313 -0.037281044 3.401866913 -1.903109312 -11.713398933 0.000000000 0.000000000 -12.000000000 0.445285797 0.544870973 0.006998162 0.000000000 0.005513876 0.000000000
1776617457.954866409 0.603778958 -0.022363661 0.200882822 0.069705673 0.996870697 -0.000320313 -0.037281044 3.401714563 -1.898550630 -11.714716911 0.000000000 0.000000000 -12.000000000 0.443974495 0.544779122 0.006997490 0.000000000 0.005517575 0.000000000
1776617457.959770203 0.603779554 -0.022363435 0.200882763 0.069725797 0.996869266 -0.000321107 -0.037280347 3.401581049 -1.894021392 -11.716044426 0.000000000 0.000000000 -12.000000000 0.442654610 0.538085878 0.006996780 0.000000000 0.005521264 0.000000000
1776617457.964852333 0.603779972 -0.022363096 0.200882554 0.069745593 0.996867955 -0.000321767 -0.037279863 3.401458979 -1.889519334 -11.717379570 0.000000000 0.000000000 -12.000000000 0.441328049 0.538010418 0.006996036 0.000000000 0.005524942 0.000000000
1776617457.969709873 0.603780329 -0.022362791 0.200882524 0.069764711 0.996866584 -0.000322594 -0.037279405 3.401341200 -1.885042071 -11.718719482 0.000000000 0.000000000 -12.000000000 0.439995766 0.535995603 0.006995261 0.000000000 0.005528609 0.000000000
1776617457.976240873 0.603780806 -0.022362560 0.200882405 0.069786042 0.996865153 -0.000323400 -0.037278891 3.401221037 -1.880587578 -11.720061302 0.000000000 0.000000000 -12.000000000 0.438660622 0.535922706 0.006994466 0.000000000 0.005532264 0.000000000
1776617457.979513645 0.603781700 -0.022361739 0.200882256 0.069837257 0.996861577 -0.000325255 -0.037277795 3.401092291 -1.876153588 -11.721403122 0.000000000 0.000000000 -12.000000000 0.437327385 0.535071850 0.006993666 0.000000000 0.005535909 0.000000000
1776617457.985027313 0.603781700 -0.022361739 0.200882256 0.069837257 0.996861577 -0.000325255 -0.037277795 3.400948524 -1.871738553 -11.722740173 0.000000000 0.000000000 -12.000000000 0.435997009 0.534999311 0.006992865 0.000000000 0.005539542 0.000000000
1776617457.989545107 0.603782654 -0.022360990 0.200882256 0.069900848 0.996857166 -0.000327661 -0.037276607 3.400784731 -1.867340565 -11.724070549 0.000000000 0.000000000 -12.000000000 0.434671402 0.534596860 0.006992069 0.000000000 0.005543164 0.000000000
1776617457.994512558 0.603782654 -0.022360990 0.200882256 0.069900848 0.996857166 -0.000327661 -0.037276607 3.400595427 -1.862957954 -11.725390434 0.000000000 0.000000000 -12.000000000 0.433356285 0.534174919 0.006991296 0.000000000 0.005546775 0.000000000
1776617457.999487638 0.603783131 -0.022360655 0.200882167 0.069944002 0.996854186 -0.000329287 -0.037275966 3.400375843 -1.858589053 -11.726697922 0.000000000 0.000000000 -12.000000000 0.432051659 0.533763230 0.006990548 0.000000000 0.005550376 0.000000000
1776617458.004562855 0.603783727 -0.022360103 0.200882196 0.069993474 0.996850729 -0.000331124 -0.037275292 3.400121689 -1.854232430 -11.727988243 0.000000000 0.000000000 -12.000000000 0.430762291 0.533361673 0.006989839 0.000000000 0.005553965 0.000000000
1776617458.011690140 0.603784263 -0.022359554 0.200882107 0.070046544 0.996847034 -0.000333135 -0.037274644 3.399828911 -1.849886537 -11.729259491 0.000000000 0.000000000 -12.000000000 0.429491043 0.532961249 0.006989182 0.000000000 0.005557545 0.000000000
1776617458.014507294 0.603785276 -0.022358736 0.200881988 0.070146173 0.996840060 -0.000336927 -0.037273291 3.399493456 -1.845550299 -11.730506897 0.000000000 0.000000000 -12.000000000 0.428239822 0.532567203 0.006988579 0.000000000 0.005561113 0.000000000
1776617458.019668341 0.603785276 -0.022358736 0.200881988 0.070146173 0.996840060 -0.000336927 -0.037273291 3.399111509 -1.841222763 -11.731727600 0.000000000 0.000000000 -12.000000000 0.427015305 0.532154262 0.006988056 0.000000000 0.005564672 0.000000000
1776617458.024596691 0.603785813 -0.022358041 0.200881958 0.070192777 0.996836782 -0.000338651 -0.037272710 3.398680210 -1.836903095 -11.732917786 0.000000000 0.000000000 -12.000000000 0.425816536 0.531764388 0.006987609 0.000000000 0.005568220 0.000000000
1776617458.029543877 0.603786469 -0.022357529 0.200881928 0.070239015 0.996833563 -0.000340516 -0.037271913 3.398196220 -1.832590699 -11.734076500 0.000000000 0.000000000 -12.000000000 0.424646378 0.531369686 0.006987247 0.000000000 0.005571759 0.000000000
1776617458.034590244 0.603787184 -0.022356808 0.200881988 0.070285074 0.996830344 -0.000342131 -0.037270941 3.397656918 -1.828285456 -11.735199928 0.000000000 0.000000000 -12.000000000 0.423510551 0.530982673 0.006986990 0.000000000 0.005575288 0.000000000
1776617458.039508820 0.603787780 -0.022356294 0.200881958 0.070331395 0.996827126 -0.000343885 -0.037270237 3.397059202 -1.823987246 -11.736285210 0.000000000 0.000000000 -12.000000000 0.422410011 0.530588865 0.006986842 0.000000000 0.005578808 0.000000000
1776617458.044545650 0.603788435 -0.022355568 0.200881988 0.070374742 0.996824086 -0.000345502 -0.037269477 3.396400928 -1.819696546 -11.737331390 0.000000000 0.000000000 -12.000000000 0.421344757 0.530206382 0.006986802 0.000000000 0.005582319 0.000000000
1776617458.049482822 0.603789091 -0.022354910 0.200881898 0.070415385 0.996821225 -0.000347053 -0.037268713 3.395679712 -1.815413594 -11.738335609 0.000000000 0.000000000 -12.000000000 0.420318604 0.530219674 0.006986884 0.000000000 0.005585822 0.000000000
1776617458.054548264 0.603789806 -0.022354439 0.200881928 0.070454560 0.996818483 -0.000348567 -0.037267767 3.394892931 -1.811139345 -11.739296913 0.000000000 0.000000000 -12.000000000 0.419331551 0.529569566 0.006987088 0.000000000 0.005589316 0.000000000
1776617458.059662580 0.603790641 -0.022353793 0.200881779 0.070491984 0.996815920 -0.000349994 -0.037266828 3.394039154 -1.806874514 -11.740213394 0.000000000 0.000000000 -12.000000000 0.418387413 0.529187322 0.006987427 0.000000000 0.005592803 0.000000000
1776617458.066113234 0.603791296 -0.022353103 0.200881749 0.070521981 0.996813834 -0.000351109 -0.037266009 3.393116236 -1.802620173 -11.741084099 0.000000000 0.000000000 -12.000000000 0.417484283 0.528899550 0.006987896 0.000000000 0.005596281 0.000000000
1776617458.070719242 0.603792906 -0.022351734 0.200881749 0.070572361 0.996810317 -0.000352950 -0.037264075 3.392122507 -1.798377514 -11.741908073 0.000000000 0.000000000 -12.000000000 0.416625023 0.528539956 0.006988504 0.000000000 0.005599753 0.000000000
1776617458.075449467 0.603792906 -0.022351734 0.200881749 0.070572361 0.996810317 -0.000352950 -0.037264075 3.391057014 -1.794147730 -11.742683411 0.000000000 0.000000000 -12.000000000 0.415810585 0.528350890 0.006989254 0.000000000 0.005603218 0.000000000
1776617458.080433607 0.603794575 -0.022350805 0.200881660 0.070625529 0.996806622 -0.000355062 -0.037262049 3.389918089 -1.789932132 -11.743410110 0.000000000 0.000000000 -12.000000000 0.415040970 0.522813261 0.006990147 0.000000000 0.005606677 0.000000000
1776617458.084861040 0.603795409 -0.022350302 0.200881749 0.070654377 0.996804595 -0.000356154 -0.037260991 3.388705254 -1.785732269 -11.744088173 0.000000000 0.000000000 -12.000000000 0.414317131 0.522439837 0.006991186 0.000000000 0.005610129 0.000000000
1776617458.089698553 0.603795409 -0.022350302 0.200881749 0.070654377 0.996804595 -0.000356154 -0.037260991 3.387418032 -1.781549692 -11.744716644 0.000000000 0.000000000 -12.000000000 0.413638115 0.521498084 0.006992370 0.000000000 0.005613576 0.000000000
1776617458.094542027 0.603796184 -0.022349872 0.200881660 0.070687264 0.996802330 -0.000357394 -0.037259992 3.386056662 -1.777385712 -11.745295525 0.000000000 0.000000000 -12.000000000 0.413005829 0.521128893 0.006993704 0.000000000 0.005617018 0.000000000
1776617458.099472284 0.603796840 -0.022349436 0.200881690 0.070723906 0.996799767 -0.000358777 -0.037259139 3.384621382 -1.773241878 -11.745824814 0.000000000 0.000000000 -12.000000000 0.412419319 0.521174073 0.006995186 0.000000000 0.005620455 0.000000000
1776617458.104488850 0.603797793 -0.022348899 0.200881660 0.070769444 0.996796548 -0.000360398 -0.037258048 3.383113146 -1.769119501 -11.746306419 0.000000000 0.000000000 -12.000000000 0.411875725 0.520809054 0.006996806 0.000000000 0.005623887 0.000000000
1776617458.109558821 0.603798747 -0.022348443 0.200881660 0.070821442 0.996792912 -0.000362349 -0.037256800 3.381533384 -1.765019655 -11.746740341 0.000000000 0.000000000 -12.000000000 0.411377907 0.520444691 0.006998575 0.000000000 0.005627315 0.000000000
1776617458.116139412 0.603799522 -0.022347864 0.200881600 0.070876837 0.996789038 -0.000364441 -0.037255883 3.379884005 -1.760943413 -11.747128487 0.000000000 0.000000000 -12.000000000 0.410921097 0.519063532 0.007000477 0.000000000 0.005630740 0.000000000
1776617458.121093273 0.603801310 -0.022346361 0.200881630 0.071016669 0.996779144 -0.000369691 -0.037253737 3.378167391 -1.756891608 -11.747473717 0.000000000 0.000000000 -12.000000000 0.410505295 0.518475890 0.007002512 0.000000000 0.005634161 0.000000000
1776617458.126457691 0.603802204 -0.022345681 0.200881571 0.071091481 0.996773839 -0.000372514 -0.037252661 3.376385689 -1.752864957 -11.747776985 0.000000000 0.000000000 -12.000000000 0.410126686 0.518125534 0.007004668 0.000000000 0.005637579 0.000000000
1776617458.131524563 0.603803158 -0.022344677 0.200881660 0.071154229 0.996769428 -0.000374767 -0.037251532 3.374542475 -1.748864055 -11.748041153 0.000000000 0.000000000 -12.000000000 0.409785271 0.517789841 0.007006944 0.000000000 0.005640993 0.000000000
1776617458.136092186 0.603803992 -0.022343956 0.200881660 0.071201451 0.996766090 -0.000376659 -0.037250556 3.372640610 -1.744889379 -11.748269081 0.000000000 0.000000000 -12.000000000 0.409477234 0.517445564 0.007009330 0.000000000 0.005644406 0.000000000
1776617458.139713049 0.603804886 -0.022343133 0.200881541 0.071235798 0.996763647 -0.000377977 -0.037249435 3.370683432 -1.740941286 -11.748461723 0.000000000 0.000000000 -12.000000000 0.409200668 0.514709353 0.007011818 0.000000000 0.005647816 0.000000000
1776617458.146052837 0.603804886 -0.022343133 0.200881541 0.071235798 0.996763647 -0.000377977 -0.037249435 3.368674994 -1.737020016 -11.748622894 0.000000000 0.000000000 -12.000000000 0.408952713 0.514353633 0.007014399 0.000000000 0.005651223 0.000000000
1776617458.149759293 0.603806734 -0.022341495 0.200881571 0.071281180 0.996760488 -0.000379664 -0.037247144 3.366618633 -1.733126044 -11.748755455 0.000000000 0.000000000 -12.000000000 0.408731461 0.514039516 0.007017068 0.000000000 0.005654630 0.000000000
1776617458.154564619 0.603806734 -0.022341495 0.200881571 0.071281180 0.996760488 -0.000379664 -0.037247144 3.364518166 -1.729259610 -11.748860359 0.000000000 0.000000000 -12.000000000 0.408536911 0.512621343 0.007019824 0.000000000 0.005658034 0.000000000
1776617458.159528255 0.603808224 -0.022340231 0.200881451 0.071314506 0.996758163 -0.000380861 -0.037245337 3.362377644 -1.725420833 -11.748940468 0.000000000 0.000000000 -12.000000000 0.408363342 0.512300134 0.007022649 0.000000000 0.005661437 0.000000000
1776617458.164925098 0.603808224 -0.022340231 0.200881451 0.071314506 0.996758163 -0.000380861 -0.037245337 3.360200882 -1.721609950 -11.748996735 0.000000000 0.000000000 -12.000000000 0.408212662 0.511952043 0.007025548 0.000000000 0.005664839 0.000000000
1776617458.169534922 0.603809118 -0.022339696 0.200881451 0.071331918 0.996756971 -0.000381524 -0.037244193 3.357991695 -1.717826724 -11.749032974 0.000000000 0.000000000 -12.000000000 0.428980827 0.513154268 0.007098350 0.000000000 0.005668414 0.000000000
1776617458.174657583 0.603809893 -0.022339189 0.200881332 0.071350023 0.996755719 -0.000382220 -0.037243348 3.355753660 -1.714071393 -11.749049187 0.000000000 0.000000000 -12.000000000 0.428853989 0.512821376 0.007101501 0.000000000 0.005671988 0.000000000
1776617458.180405855 0.603810668 -0.022338869 0.200881273 0.071369581 0.996754348 -0.000382953 -0.037242319 3.353490353 -1.710343719 -11.749048233 0.000000000 0.000000000 -12.000000000 0.428741455 0.512482822 0.007104699 0.000000000 0.005675561 0.000000000
1776617458.184481621 0.603811383 -0.022337968 0.200880945 0.071407773 0.996751666 -0.000384464 -0.037241466 3.351205349 -1.706643462 -11.749031067 0.000000000 0.000000000 -12.000000000 0.428645134 0.512900114 0.007107950 0.000000000 0.005679133 0.000000000
1776617458.189707279 0.603811383 -0.022337968 0.200880945 0.071407773 0.996751666 -0.000384464 -0.037241466 3.348901749 -1.702970624 -11.748998642 0.000000000 0.000000000 -12.000000000 0.428562164 0.512563467 0.007111245 0.000000000 0.005682704 0.000000000
1776617458.194941282 0.603807509 -0.022337468 0.200877577 0.071426965 0.996750057 -0.000385469 -0.037246723 3.346583128 -1.699324846 -11.748952866 0.000000000 0.000000000 -12.000000000 0.407660484 0.510729015 0.007044969 0.000000000 0.005686101 0.000000000
1776617458.199669361 0.603807867 -0.022336895 0.200877696 0.071444646 0.996748805 -0.000386092 -0.037246656 3.344253540 -1.695706248 -11.748896599 0.000000000 0.000000000 -12.000000000 0.407613754 0.512943029 0.007048211 0.000000000 0.005689498 0.000000000
1776617458.205885172 0.603805959 -0.022336412 0.200875610 0.071460716 0.996747553 -0.000386812 -0.037248984 3.341916800 -1.692114949 -11.748831749 0.000000000 0.000000000 -12.000000000 0.407575607 0.512638748 0.007051480 0.000000000 0.005692895 0.000000000
1776617458.209520578 0.603805006 -0.022335712 0.200873375 0.071492545 0.996745229 -0.000388113 -0.037250314 3.339576960 -1.688550949 -11.748763084 0.000000000 0.000000000 -12.000000000 0.407540321 0.512323081 0.007054758 0.000000000 0.005696291 0.000000000
1776617458.216164589 0.603805006 -0.022335712 0.200873375 0.071492545 0.996745229 -0.000388113 -0.037250314 3.337237597 -1.685014963 -11.748695374 0.000000000 0.000000000 -12.000000000 0.407505035 0.511831403 0.007058037 0.000000000 0.005699687 0.000000000
1776617458.220667124 0.603812635 -0.022335287 0.200873941 0.071523868 0.996743381 -0.000389064 -0.037240725 3.334901810 -1.681507349 -11.748634338 0.000000000 0.000000000 -12.000000000 0.428224564 0.512949824 0.007130670 0.000000000 0.005703255 0.000000000
1776617458.226117134 0.603815198 -0.022335142 0.200874686 0.071538672 0.996742427 -0.000389634 -0.037237663 3.332572222 -1.678029060 -11.748587608 0.000000000 0.000000000 -12.000000000 0.428153992 0.512117326 0.007134003 0.000000000 0.005706823 0.000000000
1776617458.229828596 0.603815556 -0.022334617 0.200874567 0.071554109 0.996741295 -0.000390126 -0.037237361 3.330250740 -1.674581170 -11.748562813 0.000000000 0.000000000 -12.000000000 0.428062439 0.511820316 0.007137265 0.000000000 0.005710390 0.000000000
1776617458.236236095 0.603815556 -0.022334617 0.200874567 0.071554109 0.996741295 -0.000390126 -0.037237361 3.327939510 -1.671164989 -11.748570442 0.000000000 0.000000000 -12.000000000 0.427938461 0.511503935 0.007140418 0.000000000 0.005713956 0.000000000
1776617458.240545034 0.603811264 -0.022333739 0.200871378 0.071583278 0.996739030 -0.000391536 -0.037242793 3.325638771 -1.667781949 -11.748619080 0.000000000 0.000000000 -12.000000000 0.427773476 0.514747620 0.007143432 0.000000000 0.005717521 0.000000000
1776617458.244919300 0.603811324 -0.022333305 0.200871676 0.071597107 0.996738017 -0.000392053 -0.037242666 3.323350191 -1.664433837 -11.748719215 0.000000000 0.000000000 -12.000000000 0.427558899 0.514452636 0.007146280 0.000000000 0.005721083 0.000000000
1776617458.249863148 0.603811324 -0.022333305 0.200871676 0.071597107 0.996738017 -0.000392053 -0.037242666 3.321074724 -1.661122322 -11.748884201 0.000000000 0.000000000 -12.000000000 0.427279472 0.514146686 0.007148908 0.000000000 0.005724644 0.000000000
1776617458.254677057 0.603809834 -0.022332866 0.200870186 0.071611352 0.996736944 -0.000392662 -0.037244335 3.318814039 -1.657849789 -11.749123573 0.000000000 0.000000000 -12.000000000 0.426926613 0.513728797 0.007151290 0.000000000 0.005728201 0.000000000
1776617458.261122227 0.603808403 -0.022332106 0.200868875 0.071634054 0.996735275 -0.000393592 -0.037245732 3.316569805 -1.654618025 -11.749450684 0.000000000 0.000000000 -12.000000000 0.426486969 0.513455093 0.007153379 0.000000000 0.005731755 0.000000000
1776617458.264685631 0.603807449 -0.022331713 0.200868130 0.071644314 0.996734500 -0.000394041 -0.037246715 3.314343691 -1.651429415 -11.749877930 0.000000000 0.000000000 -12.000000000 0.425947189 0.513171792 0.007155129 0.000000000 0.005735305 0.000000000
1776617458.269729376 0.603807449 -0.022331713 0.200868130 0.071644314 0.996734500 -0.000394041 -0.037246715 3.312136650 -1.648285985 -11.750418663 0.000000000 0.000000000 -12.000000000 0.425296783 0.512873888 0.007156505 0.000000000 0.005738849 0.000000000
1776617458.274732590 0.603804052 -0.022331070 0.200864851 0.071668319 0.996732593 -0.000395096 -0.037250746 3.309949875 -1.645190001 -11.751083374 0.000000000 0.000000000 -12.000000000 0.403910637 0.511186600 0.007088584 0.000000000 0.005742215 0.000000000
1776617458.279705524 0.603804052 -0.022331070 0.200864851 0.071668319 0.996732593 -0.000395096 -0.037250746 3.307783365 -1.642143726 -11.751883507 0.000000000 0.000000000 -12.000000000 0.403015137 0.510568023 0.007088957 0.000000000 0.005745573 0.000000000
1776617458.284698725 0.603801668 -0.022330746 0.200862974 0.071682945 0.996731460 -0.000395723 -0.037253223 3.305636644 -1.639149547 -11.752829552 0.000000000 0.000000000 -12.000000000 0.401975632 0.510302067 0.007088842 0.000000000 0.005748923 0.000000000
1776617458.289457083 0.603799343 -0.022330387 0.200861335 0.071699269 0.996730208 -0.000396386 -0.037255522 3.303508282 -1.636209249 -11.753932953 0.000000000 0.000000000 -12.000000000 0.400778770 0.510040462 0.007088192 0.000000000 0.005752263 0.000000000
1776617458.294544220 0.603797972 -0.022330102 0.200860023 0.071717434 0.996728837 -0.000397111 -0.037256740 3.301396132 -1.633324862 -11.755201340 0.000000000 0.000000000 -12.000000000 0.399416924 0.509763479 0.007086982 0.000000000 0.005755592 0.000000000
1776617458.299533367 0.603806555 -0.022330137 0.200861782 0.071738735 0.996727705 -0.000397600 -0.037245806 3.299297571 -1.630497575 -11.756645203 0.000000000 0.000000000 -12.000000000 0.397881508 0.509383023 0.007085179 0.000000000 0.005758907 0.000000000
1776617458.304645061 0.603810966 -0.022329787 0.200863212 0.071785025 0.996724606 -0.000399267 -0.037240371 3.297209501 -1.627728581 -11.758273125 0.000000000 0.000000000 -12.000000000 0.416698456 0.510217071 0.007151375 0.000000000 0.005762380 0.000000000
1776617458.311334372 0.603810966 -0.022329787 0.200863212 0.071785025 0.996724606 -0.000399267 -0.037240371 3.295128345 -1.625018477 -11.760093689 0.000000000 0.000000000 -12.000000000 0.414774895 0.509905517 0.007148419 0.000000000 0.005765836 0.000000000
1776617458.314612389 0.603815675 -0.022329409 0.200865924 0.071840011 0.996720791 -0.000401179 -0.037235174 3.293050289 -1.622367501 -11.762114525 0.000000000 0.000000000 -12.000000000 0.412651062 0.509595513 0.007144779 0.000000000 0.005769275 0.000000000
1776617458.321152449 0.603815675 -0.022329409 0.200865924 0.071840011 0.996720791 -0.000401179 -0.037235174 3.290971756 -1.619775534 -11.764343262 0.000000000 0.000000000 -12.000000000 0.410319328 0.509317160 0.007140425 0.000000000 0.005772694 0.000000000
1776617458.325170517 0.603812397 -0.022328699 0.200864196 0.071908101 0.996715724 -0.000403921 -0.037239335 3.288888931 -1.617242455 -11.766785622 0.000000000 0.000000000 -12.000000000 0.407774925 0.509181619 0.007135342 0.000000000 0.005776092 0.000000000
1776617458.330016851 0.603812397 -0.022328699 0.200864196 0.071908101 0.996715724 -0.000403921 -0.037239335 3.286798954 -1.614767313 -11.769444466 0.000000000 0.000000000 -12.000000000 0.405012131 0.508907795 0.007129508 0.000000000 0.005779468 0.000000000
1776617458.334541798 0.603811443 -0.022327909 0.200863332 0.072009906 0.996708333 -0.000407753 -0.037240401 3.284699440 -1.612349272 -11.772321701 0.000000000 0.000000000 -12.000000000 0.402032852 0.508674622 0.007122927 0.000000000 0.005782818 0.000000000
1776617458.339606047 0.603811443 -0.022327909 0.200863332 0.072009906 0.996708333 -0.000407753 -0.037240401 3.282588482 -1.609987378 -11.775416374 0.000000000 0.000000000 -12.000000000 0.398834229 0.508386374 0.007115589 0.000000000 0.005786141 0.000000000
1776617458.344589233 0.603811502 -0.022327518 0.200863272 0.072072238 0.996703863 -0.000410199 -0.037240192 3.280464411 -1.607680202 -11.778727531 0.000000000 0.000000000 -12.000000000 0.395418167 0.508053601 0.007107497 0.000000000 0.005789436 0.000000000
1776617458.349546194 0.603810847 -0.022327179 0.200862527 0.072133787 0.996699393 -0.000412593 -0.037241004 3.278326750 -1.605426431 -11.782251358 0.000000000 0.000000000 -12.000000000 0.391790390 0.507737219 0.007098669 0.000000000 0.005792701 0.000000000
1776617458.356191158 0.603810310 -0.022326762 0.200862020 0.072184578 0.996695697 -0.000414584 -0.037241548 3.276175022 -1.603224874 -11.785982132 0.000000000 0.000000000 -12.000000000 0.387952805 0.507491529 0.007089110 0.000000000 0.005795934 0.000000000
1776617458.360553265 0.603808761 -0.022325594 0.200860620 0.072246380 0.996691108 -0.000416818 -0.037243385 3.274009466 -1.601074100 -11.789913177 0.000000000 0.000000000 -12.000000000 0.383915901 0.507270217 0.007078853 0.000000000 0.005799133 0.000000000
1776617458.366941214 0.603807807 -0.022324989 0.200859517 0.072265431 0.996689737 -0.000417554 -0.037244514 3.271830559 -1.598973513 -11.794038773 0.000000000 0.000000000 -12.000000000 0.379684448 0.507031202 0.007067912 0.000000000 0.005802297 0.000000000
1776617458.369858503 0.603806853 -0.022324564 0.200858861 0.072280996 0.996688545 -0.000418233 -0.037245464 3.269638538 -1.596922278 -11.798349380 0.000000000 0.000000000 -12.000000000 0.375266075 0.506791651 0.007056312 0.000000000 0.005805425 0.000000000
1776617458.374832869 0.603806853 -0.022324564 0.200858861 0.072280996 0.996688545 -0.000418233 -0.037245464 3.267434120 -1.594919562 -11.802835464 0.000000000 0.000000000 -12.000000000 0.370672226 0.506251931 0.007044088 0.000000000 0.005808514 0.000000000
1776617458.379467249 0.603806019 -0.022324143 0.200858325 0.072294191 0.996687531 -0.000418735 -0.037246268 3.265217304 -1.592964888 -11.807487488 0.000000000 0.000000000 -12.000000000 0.345556259 0.504429460 0.006963247 0.000000000 0.005811393 0.000000000
1776617458.384767056 0.603805304 -0.022323832 0.200857818 0.072307125 0.996686578 -0.000419300 -0.037246950 3.262988806 -1.591056943 -11.812294960 0.000000000 0.000000000 -12.000000000 0.340651512 0.503902674 0.006949737 0.000000000 0.005814232 0.000000000
1776617458.390375614 0.603804886 -0.022323564 0.200857490 0.072320953 0.996685565 -0.000419879 -0.037247360 3.260748148 -1.589194536 -11.817246437 0.000000000 0.000000000 -12.000000000 0.335602760 0.503371894 0.006935704 0.000000000 0.005817029 0.000000000
1776617458.394590139 0.603804588 -0.022323370 0.200857252 0.072335832 0.996684492 -0.000420427 -0.037247743 3.258495092 -1.587375879 -11.822328568 0.000000000 0.000000000 -12.000000000 0.330424309 0.502831221 0.006921196 0.000000000 0.005819782 0.000000000
1776617458.399499655 0.603805006 -0.022323174 0.200857133 0.072352819 0.996683300 -0.000421096 -0.037247103 3.256228924 -1.585599065 -11.827528954 0.000000000 0.000000000 -12.000000000 0.325124741 0.502376378 0.006906240 0.000000000 0.005822491 0.000000000
1776617458.405623913 0.603814185 -0.022323117 0.200859398 0.072373584 0.996682167 -0.000421485 -0.037235815 3.253948689 -1.583861947 -11.832834244 0.000000000 0.000000000 -12.000000000 0.340014458 0.503192782 0.006958706 0.000000000 0.005825325 0.000000000
1776617458.410257816 0.603814662 -0.022323009 0.200858921 0.072395213 0.996680617 -0.000422294 -0.037235118 3.251653194 -1.582161784 -11.838231087 0.000000000 0.000000000 -12.000000000 0.334504128 0.502671123 0.006943126 0.000000000 0.005828112 0.000000000
1776617458.415136099 0.603818238 -0.022322761 0.200860411 0.072416812 0.996679246 -0.000422985 -0.037230831 3.249341488 -1.580495715 -11.843701363 0.000000000 0.000000000 -12.000000000 0.328921318 0.502073884 0.006927257 0.000000000 0.005830853 0.000000000
1776617458.420161486 0.603821456 -0.022322442 0.200862080 0.072457835 0.996676385 -0.000424456 -0.037227254 3.247012854 -1.578860402 -11.849229813 0.000000000 0.000000000 -12.000000000 0.323278427 0.501546025 0.006911142 0.000000000 0.005833547 0.000000000
1776617458.424474239 0.603821456 -0.022322442 0.200862080 0.072457835 0.996676385 -0.000424456 -0.037227254 3.244667292 -1.577252030 -11.854795456 0.000000000 0.000000000 -12.000000000 0.317597389 0.501024306 0.006894852 0.000000000 0.005836194 0.000000000
1776617458.429516554 0.603817463 -0.022322036 0.200859606 0.072475195 0.996674955 -0.000425364 -0.037232332 3.242305040 -1.575666785 -11.860379219 0.000000000 0.000000000 -12.000000000 0.311898232 0.500510812 0.006878454 0.000000000 0.005838793 0.000000000
1776617458.434512138 0.603818178 -0.022321943 0.200860560 0.072492257 0.996673703 -0.000426004 -0.037231304 3.239926815 -1.574100614 -11.865957260 0.000000000 0.000000000 -12.000000000 0.306203842 0.499999106 0.006862025 0.000000000 0.005841345 0.000000000
1776617458.439555645 0.603816926 -0.022321694 0.200859249 0.072510324 0.996672332 -0.000426693 -0.037232764 3.237534285 -1.572549224 -11.871508598 0.000000000 0.000000000 -12.000000000 0.300534248 0.499626458 0.006845630 0.000000000 0.005843849 0.000000000
1776617458.444473982 0.603817105 -0.022321410 0.200859517 0.072529830 0.996670961 -0.000427401 -0.037232336 3.235129118 -1.571008086 -11.877007484 0.000000000 0.000000000 -12.000000000 0.294916153 0.499127865 0.006829361 0.000000000 0.005846307 0.000000000
1776617458.449483156 0.603816450 -0.022321356 0.200858772 0.072550848 0.996669412 -0.000428287 -0.037233192 3.232713699 -1.569472432 -11.882431030 0.000000000 0.000000000 -12.000000000 0.289374352 0.498655289 0.006813300 0.000000000 0.005848719 0.000000000
1776617458.454468489 0.603816271 -0.022321062 0.200858682 0.072574183 0.996667683 -0.000429127 -0.037233274 3.230291128 -1.567937493 -11.887757301 0.000000000 0.000000000 -12.000000000 0.283927917 0.498157352 0.006797511 0.000000000 0.005851085 0.000000000
1776617458.461222410 0.603815854 -0.022320727 0.200857997 0.072599888 0.996665776 -0.000430099 -0.037233923 3.227864742 -1.566398263 -11.892965317 0.000000000 0.000000000 -12.000000000 0.278598785 0.497684896 0.006782069 0.000000000 0.005853407 0.000000000
1776617458.466179132 0.603814363 -0.022320284 0.200856686 0.072653376 0.996661842 -0.000432255 -0.037235539 3.225437164 -1.564850211 -11.898035049 0.000000000 0.000000000 -12.000000000 0.273408890 0.497204572 0.006767048 0.000000000 0.005855685 0.000000000
1776617458.470209122 0.603813589 -0.022319827 0.200856179 0.072681673 0.996659756 -0.000433323 -0.037236340 3.223011494 -1.563288808 -11.902950287 0.000000000 0.000000000 -12.000000000 0.268373489 0.496721148 0.006752500 0.000000000 0.005857922 0.000000000
1776617458.476030827 0.603813589 -0.022319827 0.200856179 0.072681673 0.996659756 -0.000433323 -0.037236340 3.220590830 -1.561709881 -11.907695770 0.000000000 0.000000000 -12.000000000 0.263506889 0.496218741 0.006738474 0.000000000 0.005860118 0.000000000
1776617458.480112791 0.603812575 -0.022319360 0.200855464 0.072750069 0.996654689 -0.000435966 -0.037237294 3.218177795 -1.560109615 -11.912260056 0.000000000 0.000000000 -12.000000000 0.258822441 0.495733768 0.006725016 0.000000000 0.005862275 0.000000000
1776617458.485860586 0.603812575 -0.022319360 0.200855464 0.072750069 0.996654689 -0.000435966 -0.037237294 3.215774298 -1.558484435 -11.916633606 0.000000000 0.000000000 -12.000000000 0.254327774 0.495235026 0.006712153 0.000000000 0.005864394 0.000000000
1776617458.489473343 0.603812218 -0.022318663 0.200855047 0.072838731 0.996648252 -0.000439199 -0.037237708 3.213382721 -1.556831241 -11.920807838 0.000000000 0.000000000 -12.000000000 0.250035286 0.494750619 0.006699929 0.000000000 0.005866478 0.000000000
1776617458.494533300 0.603812218 -0.022318663 0.200855047 0.072838731 0.996648252 -0.000439199 -0.037237708 3.211004734 -1.555147171 -11.924779892 0.000000000 0.000000000 -12.000000000 0.245944023 0.494230926 0.006688341 0.000000000 0.005868527 0.000000000
1776617458.499512196 0.603812099 -0.022318263 0.200855047 0.072893031 0.996644258 -0.000441216 -0.037237745 3.208641291 -1.553429842 -11.928544998 0.000000000 0.000000000 -12.000000000 0.242060661 0.493746638 0.006677413 0.000000000 0.005870544 0.000000000
1776617458.504604340 0.603811800 -0.022317605 0.200854719 0.073024586 0.996634603 -0.000446264 -0.037238102 3.206293106 -1.551677227 -11.932105064 0.000000000 0.000000000 -12.000000000 0.238383293 0.493269622 0.006667142 0.000000000 0.005872531 0.000000000
1776617458.509510279 0.603811800 -0.022317605 0.200854719 0.073024586 0.996634603 -0.000446264 -0.037238102 3.203960896 -1.549887300 -11.935461998 0.000000000 0.000000000 -12.000000000 0.234909058 0.492861658 0.006657518 0.000000000 0.005874489 0.000000000
1776617458.514733076 0.603811443 -0.022316987 0.200854361 0.073092878 0.996629596 -0.000448761 -0.037238374 3.201644659 -1.548058391 -11.938618660 0.000000000 0.000000000 -12.000000000 0.231635094 0.492391646 0.006648536 0.000000000 0.005876419 0.000000000
1776617458.519492865 0.603811383 -0.022316476 0.200854272 0.073157482 0.996624827 -0.000451143 -0.037238527 3.199343920 -1.546188831 -11.941580772 0.000000000 0.000000000 -12.000000000 0.228558540 0.491918385 0.006640185 0.000000000 0.005878323 0.000000000
1776617458.524497032 0.603811145 -0.022315925 0.200854182 0.073210686 0.996620953 -0.000453216 -0.037238684 3.197057962 -1.544277191 -11.944357872 0.000000000 0.000000000 -12.000000000 0.225666046 0.491450965 0.006632424 0.000000000 0.005880204 0.000000000
1776617458.529498339 0.603810966 -0.022315271 0.200854033 0.073248424 0.996618152 -0.000454586 -0.037238847 3.194785833 -1.542322516 -11.946956635 0.000000000 0.000000000 -12.000000000 0.222952843 0.491014749 0.006625238 0.000000000 0.005882062 0.000000000
1776617458.534601927 0.603810966 -0.022314727 0.200853974 0.073270433 0.996616542 -0.000455446 -0.037238926 3.192525387 -1.540323615 -11.949386597 0.000000000 0.000000000 -12.000000000 0.220408440 0.490544885 0.006618593 0.000000000 0.005883898 0.000000000
1776617458.539659977 0.603811026 -0.022314331 0.200854033 0.073278479 0.996615946 -0.000455815 -0.037238833 3.190274239 -1.538279653 -11.951659203 0.000000000 0.000000000 -12.000000000 0.218021393 0.490074247 0.006612453 0.000000000 0.005885715 0.000000000
1776617458.544656754 0.603811145 -0.022314083 0.200854093 0.073282495 0.996615648 -0.000456029 -0.037238739 3.188029528 -1.536189914 -11.953784943 0.000000000 0.000000000 -12.000000000 0.215784073 0.489597440 0.006606794 0.000000000 0.005887514 0.000000000
1776617458.549470663 0.603811264 -0.022313684 0.200854182 0.073286191 0.996615350 -0.000456090 -0.037238650 3.185787201 -1.534053445 -11.955775261 0.000000000 0.000000000 -12.000000000 0.213679314 0.489111662 0.006601559 0.000000000 0.005889294 0.000000000
1776617458.554522753 0.603811443 -0.022313513 0.200854242 0.073291115 0.996614993 -0.000456281 -0.037238438 3.183542967 -1.531869531 -11.957641602 0.000000000 0.000000000 -12.000000000 0.211700439 0.488637596 0.006596727 0.000000000 0.005891059 0.000000000
1776617458.559698820 0.603811622 -0.022313371 0.200854301 0.073296845 0.996614635 -0.000456500 -0.037238255 3.181291819 -1.529637337 -11.959396362 0.000000000 0.000000000 -12.000000000 0.209832191 0.488164991 0.006592248 0.000000000 0.005892807 0.000000000
1776617458.564953327 0.603811562 -0.022313295 0.200854331 0.073303230 0.996614158 -0.000456763 -0.037238341 3.179028749 -1.527356267 -11.961051941 0.000000000 0.000000000 -12.000000000 0.208061218 0.487696499 0.006588078 0.000000000 0.005894541 0.000000000
1776617458.569597244 0.603811622 -0.022313010 0.200854361 0.073318124 0.996613026 -0.000457221 -0.037238307 3.176748037 -1.525025845 -11.962620735 0.000000000 0.000000000 -12.000000000 0.206377983 0.487231404 0.006584187 0.000000000 0.005896260 0.000000000
1776617458.575937033 0.603811622 -0.022313010 0.200854361 0.073318124 0.996613026 -0.000457221 -0.037238307 3.174444199 -1.522645712 -11.964112282 0.000000000 0.000000000 -12.000000000 0.204769135 0.486766845 0.006580531 0.000000000 0.005897967 0.000000000
1776617458.580157042 0.603811741 -0.022312978 0.200854301 0.073336408 0.996611714 -0.000458136 -0.037238114 3.172111034 -1.520215869 -11.965539932 0.000000000 0.000000000 -12.000000000 0.203222275 0.486301005 0.006577068 0.000000000 0.005899660 0.000000000
1776617458.584750175 0.603811741 -0.022312978 0.200854301 0.073336408 0.996611714 -0.000458136 -0.037238114 3.169743299 -1.517736316 -11.966913223 0.000000000 0.000000000 -12.000000000 0.201728821 0.485930622 0.006573771 0.000000000 0.005901341 0.000000000
1776617458.589572668 0.603811741 -0.022312833 0.200854391 0.073346697 0.996610940 -0.000458431 -0.037238140 3.167334795 -1.515207648 -11.968242645 0.000000000 0.000000000 -12.000000000 0.200277328 0.485474676 0.006570601 0.000000000 0.005903010 0.000000000
1776617458.594519854 0.603811860 -0.022312656 0.200854361 0.073355123 0.996610343 -0.000458621 -0.037238050 3.164880991 -1.512630582 -11.969536781 0.000000000 0.000000000 -12.000000000 0.198859215 0.485020459 0.006567532 0.000000000 0.005904668 0.000000000
1776617458.599446058 0.603811800 -0.022312509 0.200854480 0.073361687 0.996609867 -0.000458875 -0.037238076 3.162377119 -1.510006070 -11.970806122 0.000000000 0.000000000 -12.000000000 0.197463036 0.484539479 0.006564523 0.000000000 0.005906313 0.000000000
1776617458.604493380 0.603811920 -0.022312477 0.200854480 0.073367372 0.996609449 -0.000459186 -0.037237983 3.159818888 -1.507335305 -11.972056389 0.000000000 0.000000000 -12.000000000 0.196082115 0.484058052 0.006561554 0.000000000 0.005907947 0.000000000
1776617458.609563351 0.603811979 -0.022312369 0.200854570 0.073371574 0.996609092 -0.000459365 -0.037237890 3.157203197 -1.504620075 -11.973295212 0.000000000 0.000000000 -12.000000000 0.194709778 0.483608544 0.006558602 0.000000000 0.005909570 0.000000000
1776617458.614478827 0.603812337 -0.022312311 0.200854599 0.073375143 0.996608853 -0.000459413 -0.037237469 3.154527426 -1.501861811 -11.974527359 0.000000000 0.000000000 -12.000000000 0.193341255 0.483155668 0.006555652 0.000000000 0.005911181 0.000000000
1776617458.619752169 0.603812277 -0.022312162 0.200854599 0.073377766 0.996608675 -0.000459522 -0.037237559 3.151789904 -1.499062538 -11.975758553 0.000000000 0.000000000 -12.000000000 0.191970825 0.482714295 0.006552683 0.000000000 0.005912780 0.000000000
1776617458.624494553 0.603812337 -0.022312054 0.200854719 0.073379949 0.996608496 -0.000459609 -0.037237499 3.148989201 -1.496224403 -11.976992607 0.000000000 0.000000000 -12.000000000 0.190594673 0.482271045 0.006549684 0.000000000 0.005914369 0.000000000
1776617458.629882097 0.603812337 -0.022311948 0.200854719 0.073381975 0.996608377 -0.000459691 -0.037237495 3.146125793 -1.493349433 -11.978231430 0.000000000 0.000000000 -12.000000000 0.189208984 0.481830925 0.006546642 0.000000000 0.005915945 0.000000000
1776617458.634514332 0.603812397 -0.022311803 0.200854778 0.073384069 0.996608198 -0.000459775 -0.037237436 3.143200159 -1.490440011 -11.979475975 0.000000000 0.000000000 -12.000000000 0.187814713 0.481394589 0.006543559 0.000000000 0.005917510 0.000000000
1776617458.639494181 0.603812456 -0.022311701 0.200854778 0.073386043 0.996608078 -0.000459955 -0.037237372 3.140213966 -1.487498522 -11.980727196 0.000000000 0.000000000 -12.000000000 0.186410904 0.480956197 0.006540434 0.000000000 0.005919064 0.000000000
1776617458.644518375 0.603812456 -0.022311553 0.200854778 0.073387995 0.996607900 -0.000460001 -0.037237432 3.137169123 -1.484527349 -11.981984138 0.000000000 0.000000000 -12.000000000 0.184998512 0.480523109 0.006537267 0.000000000 0.005920606 0.000000000
1776617458.649468899 0.603812635 -0.022311447 0.200854897 0.073389918 0.996607780 -0.000460010 -0.037237193 3.134069204 -1.481529117 -11.983244896 0.000000000 0.000000000 -12.000000000 0.183579445 0.480172008 0.006534067 0.000000000 0.005922135 0.000000000
1776617458.654511452 0.603812575 -0.022311233 0.200854808 0.073391892 0.996607661 -0.000460065 -0.037237283 3.130917549 -1.478506684 -11.984506607 0.000000000 0.000000000 -12.000000000 0.182156563 0.479743987 0.006530842 0.000000000 0.005923653 0.000000000
1776617458.659567833 0.603812754 -0.022311274 0.200854957 0.073393941 0.996607482 -0.000460170 -0.037237071 3.127718687 -1.475462914 -11.985767365 0.000000000 0.000000000 -12.000000000 0.180731773 0.479287893 0.006527598 0.000000000 0.005925159 0.000000000
1776617458.664470434 0.603812993 -0.022311211 0.200855017 0.073396079 0.996607363 -0.000460312 -0.037236862 3.124477148 -1.472401023 -11.987022400 0.000000000 0.000000000 -12.000000000 0.179309845 0.478857696 0.006524353 0.000000000 0.005926654 0.000000000
1776617458.669478416 0.603812873 -0.022311090 0.200855047 0.073398255 0.996607184 -0.000460260 -0.037237011 3.121198654 -1.469324470 -11.988266945 0.000000000 0.000000000 -12.000000000 0.177897453 0.478434801 0.006521128 0.000000000 0.005928136 0.000000000
1776617458.674592733 0.603812993 -0.022311097 0.200855106 0.073400594 0.996607006 -0.000460425 -0.037236888 3.117889166 -1.466237187 -11.989496231 0.000000000 0.000000000 -12.000000000 0.176498413 0.477989018 0.006517936 0.000000000 0.005929607 0.000000000
1776617458.681186676 0.603813052 -0.022311062 0.200855136 0.073402651 0.996606886 -0.000460521 -0.037236828 3.114555359 -1.463142872 -11.990704536 0.000000000 0.000000000 -12.000000000 0.175119400 0.477565676 0.006514798 0.000000000 0.005931067 0.000000000
1776617458.686349154 0.603813171 -0.022310883 0.200855196 0.073404267 0.996606767 -0.000460572 -0.037236765 3.111203671 -1.460045934 -11.991886139 0.000000000 0.000000000 -12.000000000 0.173765182 0.477148682 0.006511732 0.000000000 0.005932515 0.000000000
1776617458.691152096 0.603813171 -0.022310778 0.200855225 0.073407255 0.996606529 -0.000460689 -0.037236705 3.107841730 -1.456950784 -11.993035316 0.000000000 0.000000000 -12.000000000 0.172442436 0.476731956 0.006508760 0.000000000 0.005933952 0.000000000
1776617458.696151495 0.603813410 -0.022310711 0.200855315 0.073408827 0.996606410 -0.000460764 -0.037236433 3.104476690 -1.453861833 -11.994146347 0.000000000 0.000000000 -12.000000000 0.171158791 0.476312399 0.006505908 0.000000000 0.005935378 0.000000000
1776617458.700928926 0.603813469 -0.022310605 0.200855345 0.073410355 0.996606290 -0.000460812 -0.037236433 3.101115942 -1.450784206 -11.995212555 0.000000000 0.000000000 -12.000000000 0.169919968 0.475898385 0.006503195 0.000000000 0.005936794 0.000000000
1776617458.705514669 0.603813410 -0.022310458 0.200855434 0.073412202 0.996606171 -0.000460885 -0.037236404 3.097766638 -1.447722793 -11.996230125 0.000000000 0.000000000 -12.000000000 0.168728828 0.475492299 0.006500630 0.000000000 0.005938201 0.000000000
1776617458.710803270 0.603813410 -0.022310348 0.200855494 0.073414207 0.996606052 -0.000460967 -0.037236433 3.094436407 -1.444682360 -11.997191429 0.000000000 0.000000000 -12.000000000 0.167596817 0.475058198 0.006498253 0.000000000 0.005939597 0.000000000
1776617458.716141939 0.603813648 -0.022310322 0.200855553 0.073416322 0.996605873 -0.000461027 -0.037236225 3.091132641 -1.441668153 -11.998091698 0.000000000 0.000000000 -12.000000000 0.166525841 0.474643648 0.006496071 0.000000000 0.005940985 0.000000000
1776617458.720162868 0.603813827 -0.022310255 0.200855672 0.073418826 0.996605694 -0.000461136 -0.037236013 3.087862492 -1.438684940 -11.998926163 0.000000000 0.000000000 -12.000000000 0.165523529 0.474237114 0.006494110 0.000000000 0.005942364 0.000000000
1776617458.724495173 0.603813827 -0.022310255 0.200855672 0.073418826 0.996605694 -0.000461136 -0.037236013 3.084633112 -1.435737610 -11.999690056 0.000000000 0.000000000 -12.000000000 0.164592743 0.473920882 0.006492379 0.000000000 0.005943736 0.000000000
1776617458.729480267 0.603813887 -0.022310110 0.200855643 0.073421657 0.996605515 -0.000461153 -0.037235983 3.081451178 -1.432830811 -12.000377655 0.000000000 0.000000000 -12.000000000 0.163740158 0.473518878 0.006490901 0.000000000 0.005945100 0.000000000
1776617458.735623360 0.603813887 -0.022310037 0.200855732 0.073424459 0.996605277 -0.000461263 -0.037236013 3.078323603 -1.429969192 -12.000985146 0.000000000 0.000000000 -12.000000000 0.162971497 0.473156154 0.006489696 0.000000000 0.005946458 0.000000000
1776617458.742545366 0.603813946 -0.022309866 0.200855732 0.073428631 0.996604979 -0.000461489 -0.037235890 3.075256824 -1.427156925 -12.001507759 0.000000000 0.000000000 -12.000000000 0.162290573 0.472761452 0.006488779 0.000000000 0.005947811 0.000000000
1776617458.744475603 0.603814065 -0.022309829 0.200855762 0.073430732 0.996604860 -0.000461604 -0.037235796 3.072256565 -1.424397945 -12.001939774 0.000000000 0.000000000 -12.000000000 0.161703110 0.472363234 0.006488169 0.000000000 0.005949158 0.000000000
1776617458.749476194 0.603814065 -0.022309829 0.200855762 0.073430732 0.996604860 -0.000461604 -0.037235796 3.069328785 -1.421696186 -12.002279282 0.000000000 0.000000000 -12.000000000 0.161211967 0.471967578 0.006487875 0.000000000 0.005950502 0.000000000
1776617458.754533529 0.603814006 -0.022309680 0.200855702 0.073432319 0.996604741 -0.000461678 -0.037235945 3.066479206 -1.419054866 -12.002520561 0.000000000 0.000000000 -12.000000000 0.160823822 0.471578240 0.006487921 0.000000000 0.005951842 0.000000000
1776617458.759547234 0.603814006 -0.022309642 0.200855732 0.073433712 0.996604621 -0.000461749 -0.037235912 3.063713074 -1.416477203 -12.002661705 0.000000000 0.000000000 -12.000000000 0.160537720 0.471187294 0.006488306 0.000000000 0.005953180 0.000000000
1776617458.764447451 0.603814125 -0.022309432 0.200855821 0.073435396 0.996604502 -0.000461802 -0.037235763 3.061034918 -1.413966060 -12.002698898 0.000000000 0.000000000 -12.000000000 0.160362244 0.470789969 0.006489057 0.000000000 0.005954516 0.000000000
1776617458.769495249 0.603814125 -0.022309432 0.200855821 0.073435396 0.996604502 -0.000461802 -0.037235763 3.058449507 -1.411524415 -12.002631187 0.000000000 0.000000000 -12.000000000 0.160296440 0.470402181 0.006490174 0.000000000 0.005955852 0.000000000
1776617458.776179075 0.603814065 -0.022309316 0.200855702 0.073436357 0.996604443 -0.000461789 -0.037235912 3.055960894 -1.409154654 -12.002455711 0.000000000 0.000000000 -12.000000000 0.160342216 0.470018089 0.006491662 0.000000000 0.005957188 0.000000000
1776617458.781061411 0.603814065 -0.022309247 0.200855762 0.073437035 0.996604383 -0.000461879 -0.037235882 3.053572178 -1.406859636 -12.002172470 0.000000000 0.000000000 -12.000000000 0.160502434 0.469637096 0.006493533 0.000000000 0.005958525 0.000000000
1776617458.786122799 0.603814125 -0.022308923 0.200855821 0.073438562 0.996604264 -0.000461817 -0.037235796 3.051286936 -1.404641390 -12.001778603 0.000000000 0.000000000 -12.000000000 0.160777092 0.469056010 0.006495789 0.000000000 0.005959865 0.000000000
1776617458.790270805 0.603814185 -0.022308886 0.200855911 0.073439263 0.996604204 -0.000461880 -0.037235733 3.049107552 -1.402502418 -12.001276970 0.000000000 0.000000000 -12.000000000 0.161164284 0.468467772 0.006498422 0.000000000 0.005961208 0.000000000
1776617458.795999289 0.603814185 -0.022308886 0.200855911 0.073439263 0.996604204 -0.000461880 -0.037235733 3.047035694 -1.400444627 -12.000666618 0.000000000 0.000000000 -12.000000000 0.161665916 0.467881799 0.006501442 0.000000000 0.005962555 0.000000000
1776617458.799533606 0.603814304 -0.022308892 0.200855941 0.073441066 0.996604085 -0.000462010 -0.037235580 3.045073271 -1.398469806 -11.999949455 0.000000000 0.000000000 -12.000000000 0.162281036 0.467296511 0.006504844 0.000000000 0.005963908 0.000000000
1776617458.804828405 0.603814304 -0.022308892 0.200855941 0.073441066 0.996604085 -0.000462010 -0.037235580 3.043220997 -1.396579742 -11.999127388 0.000000000 0.000000000 -12.000000000 0.163006783 0.466737479 0.006508622 0.000000000 0.005965266 0.000000000
1776617458.809694767 0.603814363 -0.022308821 0.200856060 0.073442094 0.996604025 -0.000462000 -0.037235491 3.041479349 -1.394775629 -11.998202324 0.000000000 0.000000000 -12.000000000 0.163840294 0.466158092 0.006512766 0.000000000 0.005966631 0.000000000
1776617458.814617157 0.603814483 -0.022308571 0.200856179 0.073443748 0.996603906 -0.000462153 -0.037235372 3.039848328 -1.393058658 -11.997178078 0.000000000 0.000000000 -12.000000000 0.164779663 0.465586007 0.006517270 0.000000000 0.005968004 0.000000000
1776617458.819597483 0.603814483 -0.022308571 0.200856179 0.073443748 0.996603906 -0.000462153 -0.037235372 3.038327694 -1.391429186 -11.996057510 0.000000000 0.000000000 -12.000000000 0.165819168 0.465009332 0.006522117 0.000000000 0.005969386 0.000000000
1776617458.827026844 0.603814423 -0.022308499 0.200856030 0.073444635 0.996603847 -0.000462096 -0.037235431 3.036916018 -1.389887571 -11.994844437 0.000000000 0.000000000 -12.000000000 0.166958809 0.464434028 0.006527307 0.000000000 0.005970777 0.000000000
1776617458.833038330 0.603814363 -0.022308460 0.200856179 0.073446557 0.996603668 -0.000462266 -0.037235457 3.035612583 -1.388433218 -11.993542671 0.000000000 0.000000000 -12.000000000 0.168190956 0.463842273 0.006532816 0.000000000 0.005972179 0.000000000
1776617458.834984303 0.603814423 -0.022308353 0.200856090 0.073447779 0.996603608 -0.000462320 -0.037235398 3.034415245 -1.387065649 -11.992155075 0.000000000 0.000000000 -12.000000000 0.169514656 0.463271320 0.006538641 0.000000000 0.005973592 0.000000000
1776617458.839855433 0.603814423 -0.022308353 0.200856090 0.073447779 0.996603608 -0.000462320 -0.037235398 3.033322334 -1.385783434 -11.990687370 0.000000000 0.000000000 -12.000000000 0.170925140 0.462702185 0.006544767 0.000000000 0.005975016 0.000000000
1776617458.846074104 0.603814363 -0.022308135 0.200856090 0.073450267 0.996603429 -0.000462392 -0.037235517 3.032331228 -1.384585142 -11.989145279 0.000000000 0.000000000 -12.000000000 0.172413826 0.462088287 0.006551166 0.000000000 0.005976453 0.000000000
1776617458.849495411 0.603814483 -0.022308135 0.200856179 0.073451504 0.996603310 -0.000462487 -0.037235335 3.031439781 -1.383468986 -11.987533569 0.000000000 0.000000000 -12.000000000 0.173977852 0.461522013 0.006557829 0.000000000 0.005977903 0.000000000
1776617458.854605198 0.603814483 -0.022308135 0.200856179 0.073451504 0.996603310 -0.000462487 -0.037235335 3.030645132 -1.382432818 -11.985857010 0.000000000 0.000000000 -12.000000000 0.175611496 0.460958391 0.006564738 0.000000000 0.005979366 0.000000000
1776617458.859594584 0.603814423 -0.022308061 0.200856090 0.073452815 0.996603251 -0.000462444 -0.037235398 3.029944420 -1.381474376 -11.984122276 0.000000000 0.000000000 -12.000000000 0.177307129 0.460398346 0.006571868 0.000000000 0.005980844 0.000000000
1776617458.865084887 0.603814483 -0.022308098 0.200856060 0.073453978 0.996603131 -0.000462605 -0.037235424 3.029334307 -1.380591273 -11.982336044 0.000000000 0.000000000 -12.000000000 0.179060936 0.459836006 0.006579205 0.000000000 0.005982336 0.000000000
1776617458.871128798 0.603814483 -0.022307992 0.200856239 0.073455423 0.996603012 -0.000462622 -0.037235305 3.028811932 -1.379780889 -11.980504036 0.000000000 0.000000000 -12.000000000 0.180865288 0.459283173 0.006586727 0.000000000 0.005983843 0.000000000
1776617458.874688148 0.603814423 -0.022307772 0.200856149 0.073458552 0.996602833 -0.000462656 -0.037235394 3.028373003 -1.379040360 -11.978632927 0.000000000 0.000000000 -12.000000000 0.182710648 0.458610207 0.006594401 0.000000000 0.005985366 0.000000000
1776617458.879642487 0.603814423 -0.022307772 0.200856149 0.073458552 0.996602833 -0.000462656 -0.037235394 3.028014421 -1.378367186 -11.976727486 0.000000000 0.000000000 -12.000000000 0.184596062 0.458056241 0.006602224 0.000000000 0.005986904 0.000000000
1776617458.884503841 0.603814483 -0.022307701 0.200856179 0.073460281 0.996602654 -0.000462724 -0.037235335 3.027731657 -1.377758622 -11.974794388 0.000000000 0.000000000 -12.000000000 0.186512947 0.457504869 0.006610168 0.000000000 0.005988458 0.000000000
1776617458.889495850 0.603814423 -0.022307664 0.200856119 0.073461816 0.996602535 -0.000462886 -0.037235450 3.027520418 -1.377211809 -11.972839355 0.000000000 0.000000000 -12.000000000 0.188454628 0.456955999 0.006618211 0.000000000 0.005990029 0.000000000
1776617458.894639492 0.603814363 -0.022307698 0.200856119 0.073463842 0.996602416 -0.000462977 -0.037235450 3.027376652 -1.376724124 -11.970868111 0.000000000 0.000000000 -12.000000000 0.190416336 0.456407398 0.006626337 0.000000000 0.005991616 0.000000000
1776617458.899486065 0.603814423 -0.022307701 0.200856179 0.073466145 0.996602237 -0.000463160 -0.037235387 3.027295113 -1.376292706 -11.968883514 0.000000000 0.000000000 -12.000000000 0.192394257 0.455859780 0.006634533 0.000000000 0.005993219 0.000000000
1776617458.904523611 0.603814483 -0.022307554 0.200856179 0.073468730 0.996602058 -0.000463183 -0.037235357 3.027271748 -1.375915170 -11.966893196 0.000000000 0.000000000 -12.000000000 0.194380760 0.455294788 0.006642775 0.000000000 0.005994839 0.000000000
1776617458.909600019 0.603814542 -0.022307487 0.200856090 0.073472090 0.996601820 -0.000463276 -0.037235267 3.027301550 -1.375588894 -11.964900970 0.000000000 0.000000000 -12.000000000 0.196372986 0.454752058 0.006651052 0.000000000 0.005996475 0.000000000
1776617458.914533615 0.603814423 -0.022307372 0.200856149 0.073476203 0.996601522 -0.000463456 -0.037235383 3.027379513 -1.375311494 -11.962912560 0.000000000 0.000000000 -12.000000000 0.198364258 0.454216599 0.006659343 0.000000000 0.005998129 0.000000000
1776617458.919484854 0.603814483 -0.022307342 0.200856149 0.073481068 0.996601164 -0.000463638 -0.037235290 3.027501345 -1.375080824 -11.960932732 0.000000000 0.000000000 -12.000000000 0.200347900 0.453677267 0.006667624 0.000000000 0.005999798 0.000000000
1776617458.926078796 0.603814483 -0.022307232 0.200856149 0.073485076 0.996600866 -0.000463777 -0.037235320 3.027661800 -1.374894261 -11.958966255 0.000000000 0.000000000 -12.000000000 0.202321053 0.453143299 0.006675888 0.000000000 0.006001484 0.000000000
1776617458.930494785 0.603814542 -0.022307234 0.200856149 0.073488317 0.996600628 -0.000463933 -0.037235226 3.027856350 -1.374749780 -11.957017899 0.000000000 0.000000000 -12.000000000 0.204277992 0.452607304 0.006684113 0.000000000 0.006003187 0.000000000
1776617458.935986519 0.603814483 -0.022307124 0.200856119 0.073490508 0.996600449 -0.000464006 -0.037235316 3.028080225 -1.374645233 -11.955093384 0.000000000 0.000000000 -12.000000000 0.206212044 0.452077448 0.006692278 0.000000000 0.006004905 0.000000000
1776617458.941022158 0.603814363 -0.022306902 0.200856090 0.073494092 0.996600211 -0.000464139 -0.037235465 3.028328896 -1.374578118 -11.953196526 0.000000000 0.000000000 -12.000000000 0.208119392 0.451432616 0.006700370 0.000000000 0.006006639 0.000000000
1776617458.945198298 0.603814363 -0.022306832 0.200856000 0.073495828 0.996600032 -0.000464211 -0.037235465 3.028598070 -1.374546528 -11.951331139 0.000000000 0.000000000 -12.000000000 0.209997177 0.450903058 0.006708379 0.000000000 0.006008389 0.000000000
1776617458.949762344 0.603814363 -0.022306832 0.200856000 0.073495828 0.996600032 -0.000464211 -0.037235465 3.028883219 -1.374548197 -11.949501991 0.000000000 0.000000000 -12.000000000 0.211839676 0.450376213 0.006716287 0.000000000 0.006010154 0.000000000
1776617458.954689503 0.603814363 -0.022306794 0.200856000 0.073497199 0.996599972 -0.000464265 -0.037235525 3.029180288 -1.374580860 -11.947711945 0.000000000 0.000000000 -12.000000000 0.213642120 0.449853212 0.006724075 0.000000000 0.006011934 0.000000000
1776617458.959624052 0.603814363 -0.022306683 0.200856060 0.073498324 0.996599853 -0.000464213 -0.037235495 3.029485703 -1.374642253 -11.945962906 0.000000000 0.000000000 -12.000000000 0.215404510 0.449333042 0.006731745 0.000000000 0.006013730 0.000000000
1776617458.964651108 0.603814304 -0.022306647 0.200856060 0.073499441 0.996599793 -0.000464356 -0.037235521 3.029795885 -1.374729991 -11.944259644 0.000000000 0.000000000 -12.000000000 0.217123032 0.448814601 0.006739283 0.000000000 0.006015539 0.000000000
1776617458.969672203 0.603814363 -0.022306649 0.200856030 0.073500544 0.996599734 -0.000464396 -0.037235461 3.030107975 -1.374841928 -11.942602158 0.000000000 0.000000000 -12.000000000 0.218794823 0.448294044 0.006746678 0.000000000 0.006017362 0.000000000
1776617458.974573374 0.603814244 -0.022306498 0.200856000 0.073501408 0.996599615 -0.000464457 -0.037235551 3.030418634 -1.374975562 -11.940992355 0.000000000 0.000000000 -12.000000000 0.220418930 0.447782010 0.006753929 0.000000000 0.006019199 0.000000000
1776617458.980877399 0.603814423 -0.022306401 0.200856060 0.073502526 0.996599555 -0.000464447 -0.037235402 3.030726194 -1.375128746 -11.939432144 0.000000000 0.000000000 -12.000000000 0.221992493 0.447267056 0.006761024 0.000000000 0.006021049 0.000000000
1776617458.984760523 0.603814304 -0.022306392 0.200855941 0.073503502 0.996599495 -0.000464527 -0.037235610 3.031027794 -1.375299335 -11.937921524 0.000000000 0.000000000 -12.000000000 0.223516464 0.446735352 0.006767967 0.000000000 0.006022912 0.000000000
1776617458.990206718 0.603814363 -0.022306319 0.200856000 0.073504835 0.996599376 -0.000464496 -0.037235491 3.031321764 -1.375485301 -11.936461449 0.000000000 0.000000000 -12.000000000 0.224990845 0.446225703 0.006774756 0.000000000 0.006024787 0.000000000
1776617458.994466543 0.603814363 -0.022306250 0.200855941 0.073505968 0.996599317 -0.000464544 -0.037235461 3.031606674 -1.375684619 -11.935050964 0.000000000 0.000000000 -12.000000000 0.226413727 0.445717186 0.006781386 0.000000000 0.006026674 0.000000000
1776617458.999504805 0.603814244 -0.022306282 0.200856000 0.073507056 0.996599197 -0.000464664 -0.037235580 3.031880617 -1.375895739 -11.933691025 0.000000000 0.000000000 -12.000000000 0.227785110 0.445211589 0.006787855 0.000000000 0.006028572 0.000000000
1776617459.004492521 0.603814363 -0.022306141 0.200856000 0.073508389 0.996599138 -0.000464623 -0.037235521 3.032142162 -1.376116872 -11.932379723 0.000000000 0.000000000 -12.000000000 0.229108810 0.444708079 0.006794177 0.000000000 0.006030481 0.000000000
1776617459.009620667 0.603814185 -0.022306170 0.200855881 0.073509589 0.996599019 -0.000464789 -0.037235726 3.032390118 -1.376346469 -11.931117058 0.000000000 0.000000000 -12.000000000 0.230381966 0.444205850 0.006800340 0.000000000 0.006032401 0.000000000
1776617459.014569283 0.603814304 -0.022306029 0.200855911 0.073511042 0.996598959 -0.000464765 -0.037235517 3.032623291 -1.376582980 -11.929902077 0.000000000 0.000000000 -12.000000000 0.231607437 0.443706810 0.006806356 0.000000000 0.006034331 0.000000000
1776617459.020267963 0.603814185 -0.022305883 0.200855821 0.073512331 0.996598840 -0.000464794 -0.037235726 3.032840729 -1.376825094 -11.928731918 0.000000000 0.000000000 -12.000000000 0.232787132 0.443210959 0.006812228 0.000000000 0.006036271 0.000000000
1776617459.024535656 0.603814125 -0.022305882 0.200855762 0.073513739 0.996598721 -0.000464848 -0.037235755 3.033041239 -1.377071738 -11.927606583 0.000000000 0.000000000 -12.000000000 0.233922005 0.436148971 0.006817960 0.000000000 0.006038220 0.000000000
1776617459.029595137 0.603814125 -0.022305882 0.200855762 0.073513739 0.996598721 -0.000464848 -0.037235755 3.033224821 -1.377321720 -11.926525116 0.000000000 0.000000000 -12.000000000 0.235010147 0.435643107 0.006823546 0.000000000 0.006040179 0.000000000
1776617459.034626961 0.603814006 -0.022305844 0.200855523 0.073518619 0.996598363 -0.000465255 -0.037235927 3.033390999 -1.377574205 -11.925484657 0.000000000 0.000000000 -12.000000000 0.236057281 0.430468202 0.006829003 0.000000000 0.006042146 0.000000000
1776617459.040973425 0.603814006 -0.022305844 0.200855523 0.073518619 0.996598363 -0.000465255 -0.037235927 3.033539772 -1.377828479 -11.924486160 0.000000000 0.000000000 -12.000000000 0.237061501 0.429956526 0.006834326 0.000000000 0.006044121 0.000000000
1776617459.044527054 0.603813887 -0.022305692 0.200855523 0.073521897 0.996598125 -0.000465291 -0.037236080 3.033670902 -1.378083706 -11.923529625 0.000000000 0.000000000 -12.000000000 0.238023758 0.429451346 0.006839517 0.000000000 0.006046105 0.000000000
1776617459.051015139 0.603813887 -0.022305692 0.200855523 0.073521897 0.996598125 -0.000465291 -0.037236080 3.033785105 -1.378339410 -11.922612190 0.000000000 0.000000000 -12.000000000 0.238945007 0.423219621 0.006844579 0.000000000 0.006048096 0.000000000
1776617459.056090355 0.603813827 -0.022305511 0.200855434 0.073524825 0.996597886 -0.000465398 -0.037236169 3.033883095 -1.378594995 -11.921735764 0.000000000 0.000000000 -12.000000000 0.239824295 0.422708064 0.006849509 0.000000000 0.006050094 0.000000000
1776617459.061811209 0.603813827 -0.022305544 0.200855434 0.073526129 0.996597767 -0.000465481 -0.037236165 3.033965588 -1.378850102 -11.920898438 0.000000000 0.000000000 -12.000000000 0.240664482 0.422193408 0.006854315 0.000000000 0.006052100 0.000000000
1776617459.066096544 0.603813946 -0.022305407 0.200855404 0.073527664 0.996597707 -0.000465509 -0.037236076 3.034033775 -1.379104495 -11.920099258 0.000000000 0.000000000 -12.000000000 0.241466522 0.421683520 0.006859001 0.000000000 0.006054112 0.000000000
1776617459.071218967 0.603813827 -0.022305293 0.200855285 0.073529236 0.996597588 -0.000465498 -0.037236195 3.034088612 -1.379357934 -11.919338226 0.000000000 0.000000000 -12.000000000 0.242228508 0.421222419 0.006863559 0.000000000 0.006056131 0.000000000
1776617459.074693680 0.603813708 -0.022305179 0.200855315 0.073530793 0.996597469 -0.000465548 -0.037236348 3.034131289 -1.379610300 -11.918612480 0.000000000 0.000000000 -12.000000000 0.242954254 0.420720518 0.006868003 0.000000000 0.006058156 0.000000000
1776617459.079568386 0.603813708 -0.022305179 0.200855315 0.073530793 0.996597469 -0.000465548 -0.037236348 3.034162998 -1.379861712 -11.917921066 0.000000000 0.000000000 -12.000000000 0.243644714 0.420216531 0.006872335 0.000000000 0.006060186 0.000000000
1776617459.085102320 0.603813648 -0.022305181 0.200855255 0.073532514 0.996597290 -0.000465693 -0.037236374 3.034184694 -1.380112410 -11.917261124 0.000000000 0.000000000 -12.000000000 0.244304657 0.417288929 0.006876571 0.000000000 0.006062222 0.000000000
1776617459.090035439 0.603813529 -0.022305213 0.200855136 0.073534451 0.996597171 -0.000465786 -0.037236493 3.034197569 -1.380362511 -11.916631699 0.000000000 0.000000000 -12.000000000 0.244933128 0.416782916 0.006880707 0.000000000 0.006064263 0.000000000
1776617459.094475985 0.603813589 -0.022305179 0.200855017 0.073536351 0.996597052 -0.000465880 -0.037236489 3.034202576 -1.380612612 -11.916028976 0.000000000 0.000000000 -12.000000000 0.245533943 0.416278362 0.006884755 0.000000000 0.006066309 0.000000000
1776617459.099478245 0.603813529 -0.022305068 0.200855106 0.073538803 0.996596813 -0.000465863 -0.037236582 3.034200430 -1.380863309 -11.915451050 0.000000000 0.000000000 -12.000000000 0.246110916 0.415781140 0.006888730 0.000000000 0.006068360 0.000000000
1776617459.104653120 0.603813529 -0.022305068 0.200855076 0.073541164 0.996596694 -0.000466049 -0.037236579 3.034192324 -1.381115198 -11.914895058 0.000000000 0.000000000 -12.000000000 0.246665001 0.415281713 0.006892632 0.000000000 0.006070415 0.000000000
1776617459.109571218 0.603813529 -0.022305030 0.200855017 0.073543496 0.996596515 -0.000466155 -0.037236545 3.034178972 -1.381368876 -11.914358139 0.000000000 0.000000000 -12.000000000 0.247200012 0.414786160 0.006896475 0.000000000 0.006072475 0.000000000
1776617459.116119146 0.603813529 -0.022304993 0.200854897 0.073545873 0.996596336 -0.000466150 -0.037236579 3.034161091 -1.381624937 -11.913836479 0.000000000 0.000000000 -12.000000000 0.247718811 0.414291501 0.006900269 0.000000000 0.006074539 0.000000000
1776617459.121092558 0.603813350 -0.022304883 0.200854838 0.073549829 0.996596038 -0.000466390 -0.037236724 3.034139872 -1.381883621 -11.913328171 0.000000000 0.000000000 -12.000000000 0.248224258 0.413802296 0.006904022 0.000000000 0.006076608 0.000000000
1776617459.126005650 0.603813350 -0.022304811 0.200854868 0.073551893 0.996595860 -0.000466470 -0.037236724 3.034116030 -1.382145405 -11.912830353 0.000000000 0.000000000 -12.000000000 0.248718262 0.407684505 0.006907742 0.000000000 0.006078681 0.000000000
1776617459.129753351 0.603813291 -0.022304734 0.200854719 0.073553972 0.996595740 -0.000466477 -0.037236843 3.034091234 -1.382410526 -11.912341118 0.000000000 0.000000000 -12.000000000 0.249205589 0.407195836 0.006911443 0.000000000 0.006080757 0.000000000
1776617459.134732962 0.603813291 -0.022304734 0.200854719 0.073553972 0.996595740 -0.000466477 -0.037236843 3.034066439 -1.382678866 -11.911857605 0.000000000 0.000000000 -12.000000000 0.249686241 0.406707764 0.006915126 0.000000000 0.006082838 0.000000000
1776617459.139613867 0.603813231 -0.022304839 0.200854838 0.073555768 0.996595562 -0.000466654 -0.037236899 3.034042835 -1.382950544 -11.911378860 0.000000000 0.000000000 -12.000000000 0.250162125 0.405113131 0.006918796 0.000000000 0.006084923 0.000000000
1776617459.146036863 0.603813112 -0.022304762 0.200854629 0.073557794 0.996595442 -0.000466640 -0.037237018 3.034021616 -1.383225322 -11.910904884 0.000000000 0.000000000 -12.000000000 0.250633240 0.404631823 0.006922456 0.000000000 0.006087011 0.000000000
1776617459.149518490 0.603812754 -0.022304611 0.200854391 0.073562235 0.996595085 -0.000466886 -0.037237376 3.034003973 -1.383503437 -11.910433769 0.000000000 0.000000000 -12.000000000 0.251102448 0.403498262 0.006926112 0.000000000 0.006089104 0.000000000
1776617459.156172991 0.603812754 -0.022304611 0.200854391 0.073562235 0.996595085 -0.000466886 -0.037237376 3.033990860 -1.383784533 -11.909966469 0.000000000 0.000000000 -12.000000000 0.251566887 0.403014362 0.006929757 0.000000000 0.006091200 0.000000000
1776617459.159558773 0.603812695 -0.022304464 0.200854361 0.073567003 0.996594727 -0.000466977 -0.037237436 3.033983231 -1.384068847 -11.909502029 0.000000000 0.000000000 -12.000000000 0.252029419 0.402535081 0.006933399 0.000000000 0.006093300 0.000000000
1776617459.166016102 0.603812695 -0.022304464 0.200854361 0.073567003 0.996594727 -0.000466977 -0.037237436 3.033981323 -1.384356618 -11.909040451 0.000000000 0.000000000 -12.000000000 0.252490044 0.402055413 0.006937038 0.000000000 0.006095404 0.000000000
1776617459.169608831 0.603812575 -0.022304425 0.200854242 0.073571526 0.996594369 -0.000467250 -0.037237551 3.033986092 -1.384647965 -11.908583641 0.000000000 0.000000000 -12.000000000 0.252945900 0.401579171 0.006940665 0.000000000 0.006097512 0.000000000
1776617459.174526215 0.603812575 -0.022304425 0.200854242 0.073571526 0.996594369 -0.000467250 -0.037237551 3.033997536 -1.384943485 -11.908130646 0.000000000 0.000000000 -12.000000000 0.253397942 0.401103765 0.006944284 0.000000000 0.006099624 0.000000000
1776617459.179450989 0.603812516 -0.022304386 0.200854242 0.073573612 0.996594250 -0.000467349 -0.037237581 3.034015894 -1.385243535 -11.907684326 0.000000000 0.000000000 -12.000000000 0.253843307 0.398842782 0.006947884 0.000000000 0.006101740 0.000000000
1776617459.184746504 0.603812516 -0.022304315 0.200854242 0.073576055 0.996594071 -0.000467445 -0.037237607 3.034041166 -1.385548949 -11.907243729 0.000000000 0.000000000 -12.000000000 0.254283905 0.396539718 0.006951472 0.000000000 0.006103859 0.000000000
1776617459.189495564 0.603812397 -0.022304203 0.200854063 0.073578477 0.996593893 -0.000467431 -0.037237730 3.034072876 -1.385860324 -11.906811714 0.000000000 0.000000000 -12.000000000 0.254715919 0.395517558 0.006955035 0.000000000 0.006105981 0.000000000
1776617459.194549561 0.603812337 -0.022304198 0.200854033 0.073581010 0.996593654 -0.000467547 -0.037237845 3.034111023 -1.386178255 -11.906386375 0.000000000 0.000000000 -12.000000000 0.255141258 0.395049095 0.006958578 0.000000000 0.006108108 0.000000000
1776617459.200074911 0.603812277 -0.022304090 0.200853884 0.073583618 0.996593475 -0.000467635 -0.037237905 3.034154177 -1.386503577 -11.905971527 0.000000000 0.000000000 -12.000000000 0.255557060 0.394969970 0.006962094 0.000000000 0.006110237 0.000000000
1776617459.204718590 0.603812099 -0.022304084 0.200853795 0.073585950 0.996593297 -0.000467729 -0.037238114 3.034201860 -1.386836886 -11.905565262 0.000000000 0.000000000 -12.000000000 0.255964279 0.394506574 0.006965585 0.000000000 0.006112370 0.000000000
1776617459.210365295 0.603812099 -0.022303944 0.200853765 0.073588587 0.996593118 -0.000467797 -0.037238054 3.034252405 -1.387179017 -11.905169487 0.000000000 0.000000000 -12.000000000 0.256361008 0.394907594 0.006969044 0.000000000 0.006114507 0.000000000
1776617459.216186047 0.603811741 -0.022304039 0.200853437 0.073594019 0.996592700 -0.000468144 -0.037238497 3.034304857 -1.387530804 -11.904783249 0.000000000 0.000000000 -12.000000000 0.256749153 0.394286871 0.006972477 0.000000000 0.006116646 0.000000000
1776617459.223721743 0.603811741 -0.022304039 0.200853437 0.073594019 0.996592700 -0.000468144 -0.037238497 3.034357548 -1.387892842 -11.904409409 0.000000000 0.000000000 -12.000000000 0.257123947 0.389313757 0.006975869 0.000000000 0.006118789 0.000000000
1776617459.226117611 0.603811681 -0.022304000 0.200853348 0.073596708 0.996592462 -0.000468270 -0.037238616 3.034409046 -1.388265848 -11.904046059 0.000000000 0.000000000 -12.000000000 0.257489204 0.388700753 0.006979232 0.000000000 0.006120935 0.000000000
1776617459.231467009 0.603811622 -0.022303928 0.200853169 0.073599488 0.996592283 -0.000468385 -0.037238732 3.034458160 -1.388650298 -11.903696060 0.000000000 0.000000000 -12.000000000 0.257839203 0.388089776 0.006982547 0.000000000 0.006123083 0.000000000
1776617459.235702515 0.603811443 -0.022303849 0.200852752 0.073605962 0.996591806 -0.000468649 -0.037239090 3.034503222 -1.389046550 -11.903357506 0.000000000 0.000000000 -12.000000000 0.258178711 0.387481838 0.006985830 0.000000000 0.006125235 0.000000000
1776617459.240703583 0.603811145 -0.022303734 0.200852484 0.073609971 0.996591449 -0.000468704 -0.037239511 3.034543276 -1.389454484 -11.903032303 0.000000000 0.000000000 -12.000000000 0.258504868 0.386880755 0.006989072 0.000000000 0.006127389 0.000000000
1776617459.244758129 0.603810966 -0.022303691 0.200852275 0.073614679 0.996591091 -0.000468910 -0.037239745 3.034577370 -1.389874101 -11.902721405 0.000000000 0.000000000 -12.000000000 0.258816719 0.381077260 0.006992268 0.000000000 0.006129546 0.000000000
1776617459.249555349 0.603810966 -0.022303691 0.200852275 0.073614679 0.996591091 -0.000468910 -0.037239745 3.034604311 -1.390304923 -11.902425766 0.000000000 0.000000000 -12.000000000 0.259110451 0.384474277 0.006995406 0.000000000 0.006131705 0.000000000
1776617459.255908728 0.603810966 -0.022303727 0.200852066 0.073620752 0.996590674 -0.000469241 -0.037239891 3.034623861 -1.390746593 -11.902146339 0.000000000 0.000000000 -12.000000000 0.259389877 0.383869141 0.006998499 0.000000000 0.006133866 0.000000000
1776617459.259618044 0.603810608 -0.022303684 0.200851679 0.073637597 0.996589422 -0.000469873 -0.037240300 3.034634829 -1.391198277 -11.901885033 0.000000000 0.000000000 -12.000000000 0.259650230 0.380119234 0.007001531 0.000000000 0.006136030 0.000000000
1776617459.265320778 0.603810608 -0.022303684 0.200851679 0.073637597 0.996589422 -0.000469873 -0.037240300 3.034636736 -1.391658664 -11.901644707 0.000000000 0.000000000 -12.000000000 0.259888649 0.377871156 0.007004492 0.000000000 0.006138196 0.000000000
1776617459.271157265 0.603810430 -0.022303464 0.200851291 0.073659100 0.996587813 -0.000470703 -0.037240591 3.034628630 -1.392126560 -11.901428223 0.000000000 0.000000000 -12.000000000 0.260104179 0.377276540 0.007007378 0.000000000 0.006140364 0.000000000
1776617459.276065826 0.603810370 -0.022303533 0.200851291 0.073670365 0.996586978 -0.000471222 -0.037240703 3.034610510 -1.392600536 -11.901239395 0.000000000 0.000000000 -12.000000000 0.260289192 0.376677066 0.007010164 0.000000000 0.006142533 0.000000000
1776617459.281014681 0.603810310 -0.022303458 0.200851053 0.073682480 0.996586084 -0.000471605 -0.037240818 3.034581184 -1.393078804 -11.901081085 0.000000000 0.000000000 -12.000000000 0.260444641 0.376082659 0.007012852 0.000000000 0.006144703 0.000000000
1776617459.286123991 0.603810310 -0.022303427 0.200850934 0.073695779 0.996585071 -0.000472189 -0.037240840 3.034540653 -1.393560052 -11.900957108 0.000000000 0.000000000 -12.000000000 0.260564804 0.375487268 0.007015424 0.000000000 0.006146875 0.000000000
1776617459.289486647 0.603810132 -0.022303309 0.200850844 0.073709205 0.996584058 -0.000472624 -0.037241042 3.034488440 -1.394042492 -11.900872231 0.000000000 0.000000000 -12.000000000 0.260645866 0.374900043 0.007017866 0.000000000 0.006149047 0.000000000
1776617459.294515133 0.603810132 -0.022303309 0.200850844 0.073709205 0.996584058 -0.000472624 -0.037241042 3.034424782 -1.394524574 -11.900828362 0.000000000 0.000000000 -12.000000000 0.260684013 0.374309748 0.007020166 0.000000000 0.006151219 0.000000000
1776617459.299512625 0.603810132 -0.022303239 0.200850636 0.073721096 0.996583223 -0.000473062 -0.037241157 3.034349203 -1.395004749 -11.900831223 0.000000000 0.000000000 -12.000000000 0.260676384 0.373722315 0.007022312 0.000000000 0.006153391 0.000000000
1776617459.304534674 0.603809953 -0.022303162 0.200850576 0.073734082 0.996582210 -0.000473557 -0.037241332 3.034261942 -1.395481348 -11.900883675 0.000000000 0.000000000 -12.000000000 0.260618210 0.373140842 0.007024291 0.000000000 0.006155563 0.000000000
1776617459.309798002 0.603810012 -0.022303089 0.200850517 0.073747069 0.996581256 -0.000474050 -0.037241384 3.034163475 -1.395952821 -11.900988579 0.000000000 0.000000000 -12.000000000 0.260505676 0.372557372 0.007026086 0.000000000 0.006157734 0.000000000
1776617459.314773560 0.603809893 -0.022302978 0.200850368 0.073757850 0.996580482 -0.000474466 -0.037241530 3.034054041 -1.396417856 -11.901150703 0.000000000 0.000000000 -12.000000000 0.260336876 0.371978670 0.007027693 0.000000000 0.006159903 0.000000000
1776617459.319488525 0.603809953 -0.022302983 0.200850219 0.073768668 0.996579647 -0.000474973 -0.037241522 3.033933640 -1.396875262 -11.901372910 0.000000000 0.000000000 -12.000000000 0.260106087 0.371436298 0.007029091 0.000000000 0.006162071 0.000000000
1776617459.324466944 0.603809953 -0.022302836 0.200850189 0.073780365 0.996578813 -0.000475321 -0.037241548 3.033802509 -1.397324085 -11.901658058 0.000000000 0.000000000 -12.000000000 0.259813309 0.370863050 0.007030281 0.000000000 0.006164236 0.000000000
1776617459.329580784 0.603809834 -0.022302762 0.200850070 0.073793352 0.996577859 -0.000475816 -0.037241660 3.033661366 -1.397763491 -11.902008057 0.000000000 0.000000000 -12.000000000 0.259454727 0.369210899 0.007031247 0.000000000 0.006166399 0.000000000
1776617459.334500551 0.603809834 -0.022302758 0.200849950 0.073807649 0.996576786 -0.000476372 -0.037241712 3.033510208 -1.398193002 -11.902422905 0.000000000 0.000000000 -12.000000000 0.259031296 0.368636847 0.007031995 0.000000000 0.006168557 0.000000000
1776617459.339480639 0.603809774 -0.022302724 0.200849980 0.073825724 0.996575415 -0.000477133 -0.037241794 3.033348799 -1.398612380 -11.902905464 0.000000000 0.000000000 -12.000000000 0.258539200 0.368066609 0.007032509 0.000000000 0.006170712 0.000000000
1776617459.346217871 0.603809834 -0.022302579 0.200850010 0.073848799 0.996573746 -0.000477901 -0.037241664 3.033177614 -1.399021387 -11.903453827 0.000000000 0.000000000 -12.000000000 0.257982254 0.367500246 0.007032803 0.000000000 0.006172862 0.000000000
1776617459.349512815 0.603809714 -0.022302320 0.200849921 0.073908031 0.996569335 -0.000480039 -0.037241846 3.032996416 -1.399419785 -11.904067993 0.000000000 0.000000000 -12.000000000 0.257357597 0.366940379 0.007032866 0.000000000 0.006175007 0.000000000
1776617459.354842663 0.603809714 -0.022302320 0.200849921 0.073908031 0.996569335 -0.000480039 -0.037241846 3.032804966 -1.399807692 -11.904747009 0.000000000 0.000000000 -12.000000000 0.256667137 0.366375268 0.007032703 0.000000000 0.006177146 0.000000000
1776617459.360909939 0.603809774 -0.022302361 0.200849861 0.073942348 0.996566772 -0.000481419 -0.037241798 3.032603264 -1.400184989 -11.905488968 0.000000000 0.000000000 -12.000000000 0.255914688 0.364834756 0.007032327 0.000000000 0.006179278 0.000000000
1776617459.364881754 0.603809774 -0.022302004 0.200849742 0.074031569 0.996560156 -0.000484743 -0.037241787 3.032390594 -1.400551438 -11.906290054 0.000000000 0.000000000 -12.000000000 0.255101204 0.364329636 0.007031742 0.000000000 0.006181404 0.000000000
1776617459.369842052 0.603809774 -0.022302004 0.200849742 0.074031569 0.996560156 -0.000484743 -0.037241787 3.032166481 -1.400907159 -11.907148361 0.000000000 0.000000000 -12.000000000 0.254232407 0.364896625 0.007030964 0.000000000 0.006183523 0.000000000
1776617459.374546051 0.603809714 -0.022301929 0.200849682 0.074078515 0.996556640 -0.000486488 -0.037241884 3.031930447 -1.401251793 -11.908060074 0.000000000 0.000000000 -12.000000000 0.253307343 0.364347458 0.007029992 0.000000000 0.006185634 0.000000000
1776617459.380576611 0.603809714 -0.022301603 0.200849622 0.074125595 0.996553183 -0.000488154 -0.037241925 3.031681776 -1.401585102 -11.909019470 0.000000000 0.000000000 -12.000000000 0.252334595 0.363804221 0.007028852 0.000000000 0.006187737 0.000000000
1776617459.384496212 0.603809714 -0.022301679 0.200849563 0.074173428 0.996549606 -0.000490055 -0.037241869 3.031419516 -1.401906848 -11.910021782 0.000000000 0.000000000 -12.000000000 0.251318932 0.363256723 0.007027561 0.000000000 0.006189831 0.000000000
1776617459.389416456 0.603809774 -0.022301463 0.200849384 0.074220031 0.996546149 -0.000491815 -0.037241876 3.031142950 -1.402216554 -11.911062241 0.000000000 0.000000000 -12.000000000 0.250264168 0.363240629 0.007026131 0.000000000 0.006191917 0.000000000
1776617459.394702673 0.603809774 -0.022301214 0.200849295 0.074260980 0.996543050 -0.000493329 -0.037241947 3.030850887 -1.402513862 -11.912136078 0.000000000 0.000000000 -12.000000000 0.249174118 0.362698942 0.007024574 0.000000000 0.006193993 0.000000000
1776617459.399614811 0.603809714 -0.022300994 0.200849146 0.074292690 0.996540725 -0.000494536 -0.037242081 3.030542374 -1.402798176 -11.913236618 0.000000000 0.000000000 -12.000000000 0.248058319 0.363244414 0.007022921 0.000000000 0.006196060 0.000000000
1776617459.404520512 0.603809774 -0.022300741 0.200849146 0.074315041 0.996539056 -0.000495287 -0.037242010 3.030216217 -1.403068423 -11.914358139 0.000000000 0.000000000 -12.000000000 0.246919632 0.362704992 0.007021184 0.000000000 0.006198118 0.000000000
1776617459.418645382 0.603809714 -0.022300525 0.200848997 0.074330494 0.996537864 -0.000495966 -0.037242152 3.029870749 -1.403323412 -11.915493965 0.000000000 0.000000000 -12.000000000 0.245766640 0.362167656 0.007019388 0.000000000 0.006200166 0.000000000
1776617459.419308186 0.603809834 -0.022299986 0.200848877 0.074355327 0.996536016 -0.000496819 -0.037242200 3.029504299 -1.403561354 -11.916638374 0.000000000 0.000000000 -12.000000000 0.244602203 0.361637175 0.007017545 0.000000000 0.006202204 0.000000000
1776617459.419925213 0.603809834 -0.022299986 0.200848877 0.074355327 0.996536016 -0.000496819 -0.037242200 3.029115200 -1.403779984 -11.917786598 0.000000000 0.000000000 -12.000000000 0.243433952 0.361099929 0.007015679 0.000000000 0.006204233 0.000000000
1776617459.425973892 0.603809834 -0.022299986 0.200848877 0.074355327 0.996536016 -0.000496819 -0.037242200 3.028701544 -1.403976679 -11.918931007 0.000000000 0.000000000 -12.000000000 0.242268562 0.360564828 0.007013814 0.000000000 0.006206252 0.000000000
1776617459.429698467 0.603809953 -0.022299850 0.200848699 0.074364938 0.996535301 -0.000497191 -0.037242137 3.028260708 -1.404147983 -11.920065880 0.000000000 0.000000000 -12.000000000 0.241110802 0.360033691 0.007011964 0.000000000 0.006208261 0.000000000
1776617459.434716225 0.603809953 -0.022299850 0.200848699 0.074364938 0.996535301 -0.000497191 -0.037242137 3.027791023 -1.404290318 -11.921187401 0.000000000 0.000000000 -12.000000000 0.239965439 0.358688742 0.007010145 0.000000000 0.006210261 0.000000000
1776617459.439477921 0.603809834 -0.022299845 0.200848699 0.074368767 0.996535003 -0.000497437 -0.037242312 3.027289629 -1.404399395 -11.922288895 0.000000000 0.000000000 -12.000000000 0.238836288 0.357943237 0.007008372 0.000000000 0.006212251 0.000000000
1776617459.444686174 0.603809834 -0.022299629 0.200848699 0.074372895 0.996534705 -0.000497452 -0.037242316 3.026754379 -1.404471159 -11.923366547 0.000000000 0.000000000 -12.000000000 0.237731934 0.357436836 0.007006671 0.000000000 0.006214232 0.000000000
1776617459.449473381 0.603810012 -0.022299632 0.200848728 0.074382134 0.996534050 -0.000497848 -0.037242129 3.026182652 -1.404500723 -11.924414635 0.000000000 0.000000000 -12.000000000 0.236654282 0.356925696 0.007005051 0.000000000 0.006216204 0.000000000
1776617459.454661608 0.603810072 -0.022299673 0.200848788 0.074386954 0.996533692 -0.000498105 -0.037242066 3.025571585 -1.404483318 -11.925430298 0.000000000 0.000000000 -12.000000000 0.235606194 0.355226517 0.007003521 0.000000000 0.006218167 0.000000000
1776617459.459600210 0.603810072 -0.022299673 0.200848788 0.074386954 0.996533692 -0.000498105 -0.037242066 3.024918556 -1.404413939 -11.926407814 0.000000000 0.000000000 -12.000000000 0.234595299 0.354716927 0.007002106 0.000000000 0.006220122 0.000000000
1776617459.464530706 0.603810072 -0.022299636 0.200848728 0.074391365 0.996533334 -0.000498293 -0.037242092 3.024220467 -1.404287577 -11.927346230 0.000000000 0.000000000 -12.000000000 0.233620644 0.354210645 0.007000804 0.000000000 0.006222069 0.000000000
1776617459.470505238 0.603810132 -0.022299567 0.200848609 0.074395545 0.996533036 -0.000498456 -0.037242088 3.023473978 -1.404099107 -11.928239822 0.000000000 0.000000000 -12.000000000 0.232687950 0.353706419 0.006999634 0.000000000 0.006224008 0.000000000
1776617459.474801540 0.603810132 -0.022299567 0.200848609 0.074399337 0.996532738 -0.000498598 -0.037242088 3.022675991 -1.403843284 -11.929087639 0.000000000 0.000000000 -12.000000000 0.231798172 0.353205353 0.006998600 0.000000000 0.006225939 0.000000000
1776617459.480494976 0.603810132 -0.022299530 0.200848550 0.074403830 0.996532440 -0.000498689 -0.037242055 3.021823168 -1.403515220 -11.929886818 0.000000000 0.000000000 -12.000000000 0.230954170 0.352707207 0.006997711 0.000000000 0.006227864 0.000000000
1776617459.484477997 0.603810132 -0.022299530 0.200848550 0.074403830 0.996532440 -0.000498689 -0.037242055 3.020912647 -1.403110027 -11.930635452 0.000000000 0.000000000 -12.000000000 0.230157852 0.353794783 0.006996975 0.000000000 0.006229782 0.000000000
1776617459.489488840 0.603810191 -0.022299390 0.200848490 0.074405834 0.996532261 -0.000498758 -0.037242085 3.019941330 -1.402622938 -11.931330681 0.000000000 0.000000000 -12.000000000 0.229413033 0.353300422 0.006996404 0.000000000 0.006231694 0.000000000
1776617459.494486332 0.603810191 -0.022299316 0.200848490 0.074407727 0.996532142 -0.000498816 -0.037242115 3.018906593 -1.402049541 -11.931973457 0.000000000 0.000000000 -12.000000000 0.228714943 0.352811456 0.006995983 0.000000000 0.006233600 0.000000000
1776617459.499519348 0.603810072 -0.022299383 0.200848401 0.074409626 0.996531963 -0.000498925 -0.037242293 3.017806530 -1.401385665 -11.932561874 0.000000000 0.000000000 -12.000000000 0.228069305 0.355167538 0.006995731 0.000000000 0.006235500 0.000000000
1776617459.504885435 0.603810132 -0.022299314 0.200848311 0.074411444 0.996531844 -0.000498999 -0.037242230 3.016638756 -1.400627375 -11.933095932 0.000000000 0.000000000 -12.000000000 0.227475166 0.354675978 0.006995647 0.000000000 0.006237396 0.000000000
1776617459.509826899 0.603810132 -0.022299241 0.200848281 0.074413367 0.996531665 -0.000499029 -0.037242290 3.015402555 -1.399771333 -11.933574677 0.000000000 0.000000000 -12.000000000 0.226932526 0.354053676 0.006995729 0.000000000 0.006239287 0.000000000
1776617459.514774561 0.603810132 -0.022299206 0.200848281 0.074415103 0.996531546 -0.000499077 -0.037242260 3.014096737 -1.398814559 -11.933999062 0.000000000 0.000000000 -12.000000000 0.226440430 0.353572011 0.006995976 0.000000000 0.006241174 0.000000000
1776617459.519527912 0.603810191 -0.022299141 0.200848192 0.074418798 0.996531308 -0.000499284 -0.037242260 3.012720823 -1.397755027 -11.934370041 0.000000000 0.000000000 -12.000000000 0.225997925 0.353091568 0.006996383 0.000000000 0.006243057 0.000000000
1776617459.524538279 0.603810191 -0.022299141 0.200848192 0.074418798 0.996531308 -0.000499284 -0.037242260 3.011275053 -1.396591067 -11.934687614 0.000000000 0.000000000 -12.000000000 0.225605011 0.352613181 0.006996954 0.000000000 0.006244937 0.000000000
1776617459.529525995 0.603810191 -0.022299208 0.200848222 0.074420668 0.996531129 -0.000499354 -0.037242226 3.009760141 -1.395321965 -11.934953690 0.000000000 0.000000000 -12.000000000 0.225259781 0.352137059 0.006997680 0.000000000 0.006246814 0.000000000
1776617459.534475803 0.603810191 -0.022299170 0.200848192 0.074422710 0.996531010 -0.000499385 -0.037242286 3.008177042 -1.393947601 -11.935168266 0.000000000 0.000000000 -12.000000000 0.224964142 0.351664424 0.006998569 0.000000000 0.006248689 0.000000000
1776617459.539852381 0.603810132 -0.022299064 0.200848103 0.074424684 0.996530831 -0.000499451 -0.037242316 3.006527185 -1.392468691 -11.935334206 0.000000000 0.000000000 -12.000000000 0.224712372 0.351195097 0.006999603 0.000000000 0.006250561 0.000000000
1776617459.544487476 0.603810251 -0.022299068 0.200848073 0.074428402 0.996530592 -0.000499656 -0.037242223 3.004812717 -1.390886664 -11.935452461 0.000000000 0.000000000 -12.000000000 0.224505424 0.348419189 0.007000783 0.000000000 0.006252432 0.000000000
1776617459.549510479 0.603810251 -0.022299068 0.200848073 0.074428402 0.996530592 -0.000499656 -0.037242223 3.003036499 -1.389203310 -11.935526848 0.000000000 0.000000000 -12.000000000 0.224338531 0.344034880 0.007002097 0.000000000 0.006254302 0.000000000
1776617459.554499388 0.603810251 -0.022298995 0.200848013 0.074430823 0.996530414 -0.000499752 -0.037242249 3.001201630 -1.387421131 -11.935558319 0.000000000 0.000000000 -12.000000000 0.224211693 0.343562752 0.007003543 0.000000000 0.006256170 0.000000000
1776617459.559634686 0.603810251 -0.022298994 0.200848013 0.074433185 0.996530235 -0.000499827 -0.037242342 2.999311209 -1.385543466 -11.935550690 0.000000000 0.000000000 -12.000000000 0.224122047 0.343034804 0.007005111 0.000000000 0.006258038 0.000000000
1776617459.564725876 0.603810191 -0.022298887 0.200847924 0.074435443 0.996530056 -0.000499856 -0.037242431 2.997369766 -1.383573890 -11.935506821 0.000000000 0.000000000 -12.000000000 0.224065781 0.340705097 0.007006791 0.000000000 0.006259905 0.000000000
1776617459.569482327 0.603810370 -0.022298817 0.200847983 0.074439719 0.996529698 -0.000500102 -0.037242275 2.995381832 -1.381516695 -11.935430527 0.000000000 0.000000000 -12.000000000 0.224039078 0.340236962 0.007008569 0.000000000 0.006261772 0.000000000
1776617459.574504137 0.603810370 -0.022298817 0.200847983 0.074439719 0.996529698 -0.000500102 -0.037242275 2.993351936 -1.379376769 -11.935323715 0.000000000 0.000000000 -12.000000000 0.224041939 0.339770615 0.007010445 0.000000000 0.006263639 0.000000000
1776617459.579724789 0.603810310 -0.022298746 0.200847924 0.074442118 0.996529520 -0.000500132 -0.037242334 2.991286039 -1.377159476 -11.935190201 0.000000000 0.000000000 -12.000000000 0.224069595 0.339309663 0.007012405 0.000000000 0.006265506 0.000000000
1776617459.584539413 0.603810310 -0.022298673 0.200847775 0.074447483 0.996529162 -0.000500392 -0.037242424 2.989189148 -1.374870896 -11.935031891 0.000000000 0.000000000 -12.000000000 0.224118233 0.338850707 0.007014435 0.000000000 0.006267374 0.000000000
1776617459.589561462 0.603810310 -0.022298673 0.200847775 0.074447483 0.996529162 -0.000500392 -0.037242424 2.987067699 -1.372517347 -11.934852600 0.000000000 0.000000000 -12.000000000 0.224188805 0.338392615 0.007016538 0.000000000 0.006269242 0.000000000
1776617459.595445633 0.603810370 -0.022298643 0.200847715 0.074450687 0.996528924 -0.000500463 -0.037242301 2.984927654 -1.370105624 -11.934654236 0.000000000 0.000000000 -12.000000000 0.224276543 0.337936580 0.007018700 0.000000000 0.006271111 0.000000000
1776617459.599508286 0.603810310 -0.022298528 0.200847745 0.074455641 0.996528506 -0.000500675 -0.037242416 2.982775450 -1.367642999 -11.934439659 0.000000000 0.000000000 -12.000000000 0.224380493 0.337487817 0.007020916 0.000000000 0.006272981 0.000000000
1776617459.606055498 0.603810310 -0.022298528 0.200847745 0.074455641 0.996528506 -0.000500675 -0.037242416 2.980617762 -1.365136743 -11.934210777 0.000000000 0.000000000 -12.000000000 0.224498749 0.337037027 0.007023181 0.000000000 0.006274852 0.000000000
1776617459.609939814 0.603810310 -0.022298420 0.200847626 0.074459344 0.996528268 -0.000500827 -0.037242536 2.978460789 -1.362594485 -11.933969498 0.000000000 0.000000000 -12.000000000 0.224629402 0.336590350 0.007025489 0.000000000 0.006276724 0.000000000
1776617459.615663528 0.603810310 -0.022298420 0.200847626 0.074459344 0.996528268 -0.000500827 -0.037242536 2.976310968 -1.360024095 -11.933717728 0.000000000 0.000000000 -12.000000000 0.224770546 0.336144567 0.007027832 0.000000000 0.006278597 0.000000000
1776617459.619588852 0.603810251 -0.022298347 0.200847566 0.074462146 0.996528029 -0.000500970 -0.037242595 2.974174738 -1.357433677 -11.933458328 0.000000000 0.000000000 -12.000000000 0.224921227 0.335703969 0.007030209 0.000000000 0.006280471 0.000000000
1776617459.624458551 0.603810251 -0.022298347 0.200847566 0.074462146 0.996528029 -0.000500970 -0.037242595 2.972058296 -1.354831457 -11.933192253 0.000000000 0.000000000 -12.000000000 0.225077629 0.339953244 0.007032605 0.000000000 0.006282347 0.000000000
1776617459.629440784 0.603810370 -0.022298278 0.200847685 0.074463435 0.996527970 -0.000500986 -0.037242413 2.969967604 -1.352225304 -11.932921410 0.000000000 0.000000000 -12.000000000 0.225242615 0.339507550 0.007035033 0.000000000 0.006284224 0.000000000
1776617459.634507179 0.603810430 -0.022298066 0.200847626 0.074464381 0.996527851 -0.000500964 -0.037242446 2.967907906 -1.349623561 -11.932647705 0.000000000 0.000000000 -12.000000000 0.225411415 0.338923961 0.007037474 0.000000000 0.006286102 0.000000000
1776617459.639458895 0.603810370 -0.022298243 0.200847626 0.074465454 0.996527791 -0.000501096 -0.037242442 2.965884686 -1.347034097 -11.932373047 0.000000000 0.000000000 -12.000000000 0.225582123 0.339293927 0.007039923 0.000000000 0.006287982 0.000000000
1776617459.645100832 0.603810310 -0.022298168 0.200847656 0.074466683 0.996527672 -0.000501117 -0.037242472 2.963902712 -1.344464660 -11.932099342 0.000000000 0.000000000 -12.000000000 0.225753784 0.338712364 0.007042376 0.000000000 0.006289863 0.000000000
1776617459.651132584 0.603810430 -0.022298101 0.200847536 0.074467510 0.996527672 -0.000501085 -0.037242413 2.961966515 -1.341922641 -11.931827545 0.000000000 0.000000000 -12.000000000 0.225926399 0.338130325 0.007044834 0.000000000 0.006291746 0.000000000
1776617459.654471874 0.603810430 -0.022298029 0.200847566 0.074469216 0.996527493 -0.000501252 -0.037242409 2.960080624 -1.339415312 -11.931559563 0.000000000 0.000000000 -12.000000000 0.226099014 0.335103631 0.007047294 0.000000000 0.006293630 0.000000000
1776617459.661086082 0.603810430 -0.022298029 0.200847566 0.074469216 0.996527493 -0.000501252 -0.037242409 2.958248854 -1.336949587 -11.931296349 0.000000000 0.000000000 -12.000000000 0.226268768 0.335377872 0.007049745 0.000000000 0.006295516 0.000000000
1776617459.664477587 0.603810370 -0.022297952 0.200847536 0.074470654 0.996527374 -0.000501285 -0.037242558 2.956475019 -1.334531665 -11.931037903 0.000000000 0.000000000 -12.000000000 0.226437569 0.335009933 0.007052194 0.000000000 0.006297403 0.000000000
1776617459.670402288 0.603810370 -0.022297952 0.200847536 0.074470654 0.996527374 -0.000501285 -0.037242558 2.954762220 -1.332167745 -11.930785179 0.000000000 0.000000000 -12.000000000 0.226603508 0.334423929 0.007054636 0.000000000 0.006299291 0.000000000
1776617459.674469709 0.603810370 -0.022297844 0.200847507 0.074471913 0.996527314 -0.000501321 -0.037242558 2.953113794 -1.329863310 -11.930538177 0.000000000 0.000000000 -12.000000000 0.226765633 0.335350662 0.007057066 0.000000000 0.006301180 0.000000000
1776617459.680614948 0.603810370 -0.022297844 0.200847507 0.074471913 0.996527314 -0.000501321 -0.037242558 2.951532364 -1.327623487 -11.930295944 0.000000000 0.000000000 -12.000000000 0.226928711 0.334771693 0.007059501 0.000000000 0.006303072 0.000000000
1776617459.684508562 0.603810430 -0.022297811 0.200847387 0.074473180 0.996527195 -0.000501439 -0.037242528 2.950020075 -1.325452685 -11.930057526 0.000000000 0.000000000 -12.000000000 0.227089882 0.335459471 0.007061930 0.000000000 0.006304964 0.000000000
1776617459.689494371 0.603810430 -0.022297811 0.200847387 0.074473180 0.996527195 -0.000501439 -0.037242528 2.948578596 -1.323355079 -11.929821968 0.000000000 0.000000000 -12.000000000 0.227252960 0.334875494 0.007064368 0.000000000 0.006306858 0.000000000
1776617459.694498062 0.603810430 -0.022297775 0.200847447 0.074474059 0.996527135 -0.000501424 -0.037242498 2.947209597 -1.321333885 -11.929588318 0.000000000 0.000000000 -12.000000000 0.227416992 0.334294736 0.007066810 0.000000000 0.006308753 0.000000000
1776617459.700993061 0.603810430 -0.022297632 0.200847387 0.074475028 0.996527076 -0.000501434 -0.037242528 2.945914030 -1.319392204 -11.929355621 0.000000000 0.000000000 -12.000000000 0.227583885 0.331939012 0.007069263 0.000000000 0.006310650 0.000000000
1776617459.705236435 0.603810370 -0.022297630 0.200847328 0.074476890 0.996526957 -0.000501574 -0.037242584 2.944692612 -1.317532301 -11.929121017 0.000000000 0.000000000 -12.000000000 0.227757454 0.327594936 0.007071739 0.000000000 0.006312548 0.000000000
1776617459.711046696 0.603810370 -0.022297630 0.200847328 0.074476890 0.996526957 -0.000501574 -0.037242584 2.943545580 -1.315756321 -11.928884506 0.000000000 0.000000000 -12.000000000 0.227936745 0.327018768 0.007074236 0.000000000 0.006314447 0.000000000
1776617459.716110945 0.603810370 -0.022297559 0.200847328 0.074479103 0.996526778 -0.000501661 -0.037242584 2.942473412 -1.314065456 -11.928644180 0.000000000 0.000000000 -12.000000000 0.228121758 0.326447070 0.007076754 0.000000000 0.006316348 0.000000000
1776617459.721340895 0.603810430 -0.022297522 0.200847298 0.074480176 0.996526659 -0.000501705 -0.037242614 2.941475630 -1.312460780 -11.928399086 0.000000000 0.000000000 -12.000000000 0.228317261 0.328598440 0.007079308 0.000000000 0.006318251 0.000000000
1776617459.725965977 0.603810430 -0.022297524 0.200847208 0.074481547 0.996526599 -0.000501759 -0.037242614 2.940551519 -1.310942769 -11.928149223 0.000000000 0.000000000 -12.000000000 0.228520393 0.330929011 0.007081890 0.000000000 0.006320155 0.000000000
1776617459.731103182 0.603810310 -0.022297446 0.200847149 0.074483164 0.996526480 -0.000501830 -0.037242822 2.939700365 -1.309511304 -11.927892685 0.000000000 0.000000000 -12.000000000 0.228734016 0.330359936 0.007084508 0.000000000 0.006322061 0.000000000
1776617459.736036301 0.603810251 -0.022297269 0.200847089 0.074484639 0.996526361 -0.000501845 -0.037242882 2.938920736 -1.308165908 -11.927629471 0.000000000 0.000000000 -12.000000000 0.228959084 0.329793453 0.007087166 0.000000000 0.006323969 0.000000000
1776617459.741074562 0.603810370 -0.022297304 0.200847089 0.074486442 0.996526241 -0.000501962 -0.037242759 2.938210964 -1.306905508 -11.927358627 0.000000000 0.000000000 -12.000000000 0.229193687 0.329224348 0.007089858 0.000000000 0.006325879 0.000000000
1776617459.745834589 0.603810310 -0.022297304 0.200847000 0.074488118 0.996526062 -0.000502027 -0.037242819 2.937569141 -1.305728912 -11.927080154 0.000000000 0.000000000 -12.000000000 0.229440689 0.328661561 0.007092593 0.000000000 0.006327791 0.000000000
1776617459.750141382 0.603810310 -0.022297231 0.200847030 0.074489623 0.996525943 -0.000502041 -0.037242848 2.936993122 -1.304634333 -11.926791191 0.000000000 0.000000000 -12.000000000 0.229700089 0.328098804 0.007095372 0.000000000 0.006329705 0.000000000
1776617459.754573345 0.603810310 -0.022297231 0.200847030 0.074489623 0.996525943 -0.000502041 -0.037242848 2.936480761 -1.303619623 -11.926492691 0.000000000 0.000000000 -12.000000000 0.229973793 0.327538848 0.007098202 0.000000000 0.006331622 0.000000000
1776617459.759632349 0.603810310 -0.022297086 0.200846970 0.074491277 0.996525824 -0.000502064 -0.037242878 2.936029196 -1.302682757 -11.926182747 0.000000000 0.000000000 -12.000000000 0.230260849 0.326984167 0.007101077 0.000000000 0.006333541 0.000000000
1776617459.766077757 0.603810370 -0.022297088 0.200846970 0.074492969 0.996525705 -0.000502174 -0.037242819 2.935635805 -1.301820993 -11.925862312 0.000000000 0.000000000 -12.000000000 0.230563164 0.326427937 0.007104006 0.000000000 0.006335462 0.000000000
1776617459.769532442 0.603810251 -0.022297047 0.200846910 0.074496984 0.996525407 -0.000502381 -0.037242964 2.935297966 -1.301031470 -11.925529480 0.000000000 0.000000000 -12.000000000 0.230877876 0.325878859 0.007106979 0.000000000 0.006337387 0.000000000
1776617459.774511337 0.603810251 -0.022297047 0.200846910 0.074496984 0.996525407 -0.000502381 -0.037242964 2.935012341 -1.300311565 -11.925185204 0.000000000 0.000000000 -12.000000000 0.231208801 0.327994496 0.007110009 0.000000000 0.006339313 0.000000000
1776617459.779702187 0.603810251 -0.022296976 0.200846851 0.074498810 0.996525288 -0.000502455 -0.037242994 2.934775591 -1.299657941 -11.924827576 0.000000000 0.000000000 -12.000000000 0.231554031 0.327443779 0.007113090 0.000000000 0.006341243 0.000000000
1776617459.784575224 0.603810251 -0.022296865 0.200846851 0.074501269 0.996525109 -0.000502504 -0.037242994 2.934584618 -1.299067616 -11.924458504 0.000000000 0.000000000 -12.000000000 0.231914520 0.330793440 0.007116224 0.000000000 0.006343176 0.000000000
1776617459.789555311 0.603810251 -0.022296904 0.200846761 0.074504070 0.996524870 -0.000502610 -0.037243020 2.934435606 -1.298537254 -11.924077034 0.000000000 0.000000000 -12.000000000 0.232289314 0.330249488 0.007119409 0.000000000 0.006345111 0.000000000
1776617459.794580221 0.603810191 -0.022296829 0.200846761 0.074506506 0.996524692 -0.000502659 -0.037243109 2.934324980 -1.298063636 -11.923684120 0.000000000 0.000000000 -12.000000000 0.232675552 0.329709947 0.007122636 0.000000000 0.006347050 0.000000000
1776617459.799672604 0.603810132 -0.022296827 0.200846612 0.074509360 0.996524513 -0.000502819 -0.037243199 2.934249163 -1.297643304 -11.923280716 0.000000000 0.000000000 -12.000000000 0.233077049 0.329171598 0.007125916 0.000000000 0.006348993 0.000000000
1776617459.804674625 0.603810191 -0.022296684 0.200846553 0.074515618 0.996524036 -0.000502983 -0.037243165 2.934203863 -1.297272801 -11.922865868 0.000000000 0.000000000 -12.000000000 0.233489990 0.328635663 0.007129238 0.000000000 0.006350938 0.000000000
1776617459.811146975 0.603810132 -0.022296648 0.200846553 0.074518889 0.996523798 -0.000503172 -0.037243254 2.934185982 -1.296948314 -11.922441483 0.000000000 0.000000000 -12.000000000 0.233914375 0.328103304 0.007132602 0.000000000 0.006352887 0.000000000
1776617459.814580441 0.603810132 -0.022296684 0.200846434 0.074522078 0.996523559 -0.000503309 -0.037243251 2.934191465 -1.296666384 -11.922008514 0.000000000 0.000000000 -12.000000000 0.234347343 0.327570647 0.007135998 0.000000000 0.006354840 0.000000000
1776617459.820872307 0.603810132 -0.022296684 0.200846434 0.074522078 0.996523559 -0.000503309 -0.037243251 2.934216976 -1.296423078 -11.921566963 0.000000000 0.000000000 -12.000000000 0.234788895 0.327040851 0.007139427 0.000000000 0.006356797 0.000000000
1776617459.824506760 0.603810132 -0.022296615 0.200846314 0.074528351 0.996523082 -0.000503551 -0.037243277 2.934258699 -1.296214342 -11.921117783 0.000000000 0.000000000 -12.000000000 0.235240936 0.328609437 0.007142894 0.000000000 0.006358758 0.000000000
1776617459.830444813 0.603810132 -0.022296615 0.200846314 0.074528351 0.996523082 -0.000503551 -0.037243277 2.934313297 -1.296036363 -11.920661926 0.000000000 0.000000000 -12.000000000 0.235699654 0.328081757 0.007146387 0.000000000 0.006360722 0.000000000
1776617459.834470987 0.603810132 -0.022296576 0.200846285 0.074531242 0.996522844 -0.000503683 -0.037243333 2.934377670 -1.295885086 -11.920201302 0.000000000 0.000000000 -12.000000000 0.236163139 0.327556372 0.007149900 0.000000000 0.006362690 0.000000000
1776617459.840065956 0.603810132 -0.022296431 0.200846285 0.074533746 0.996522665 -0.000503671 -0.037243366 2.934448957 -1.295756459 -11.919734955 0.000000000 0.000000000 -12.000000000 0.236633301 0.328827977 0.007153439 0.000000000 0.006364662 0.000000000
1776617459.844973087 0.603809953 -0.022296460 0.200846106 0.074536197 0.996522486 -0.000503886 -0.037243601 2.934524059 -1.295646906 -11.919265747 0.000000000 0.000000000 -12.000000000 0.237107277 0.328303397 0.007156995 0.000000000 0.006366638 0.000000000
1776617459.849926949 0.603810012 -0.022296356 0.200846136 0.074539058 0.996522248 -0.000504012 -0.037243571 2.934600830 -1.295552731 -11.918792725 0.000000000 0.000000000 -12.000000000 0.237583160 0.327778876 0.007160561 0.000000000 0.006368618 0.000000000
1776617459.855188131 0.603810012 -0.022296358 0.200846106 0.074542530 0.996522009 -0.000504110 -0.037243508 2.934676647 -1.295470476 -11.918318748 0.000000000 0.000000000 -12.000000000 0.238060951 0.327257097 0.007164138 0.000000000 0.006370601 0.000000000
1776617459.860024214 0.603810072 -0.022296181 0.200846016 0.074545979 0.996521711 -0.000504199 -0.037243571 2.934749603 -1.295397162 -11.917843819 0.000000000 0.000000000 -12.000000000 0.234742165 0.326409608 0.007155031 0.000000000 0.006372557 0.000000000
1776617459.864512920 0.603809953 -0.022296067 0.200845957 0.074554645 0.996521056 -0.000504504 -0.037243687 2.934818029 -1.295329928 -11.917370796 0.000000000 0.000000000 -12.000000000 0.235218048 0.326647371 0.007158577 0.000000000 0.006374517 0.000000000
1776617459.869476318 0.603809953 -0.022296067 0.200845957 0.074554645 0.996521056 -0.000504504 -0.037243687 2.934880018 -1.295266271 -11.916899681 0.000000000 0.000000000 -12.000000000 0.235692978 0.326120228 0.007162125 0.000000000 0.006376482 0.000000000
1776617459.874526501 0.603810072 -0.022296177 0.200845897 0.074559815 0.996520698 -0.000504777 -0.037243649 2.934934616 -1.295204282 -11.916432381 0.000000000 0.000000000 -12.000000000 0.236163139 0.322651029 0.007165660 0.000000000 0.006378449 0.000000000
1776617459.880050898 0.603810072 -0.022296142 0.200845897 0.074564978 0.996520281 -0.000504990 -0.037243616 2.934980869 -1.295142293 -11.915970802 0.000000000 0.000000000 -12.000000000 0.236625671 0.322123051 0.007169174 0.000000000 0.006380422 0.000000000
1776617459.884488583 0.603810787 -0.022296103 0.200846106 0.074569479 0.996519983 -0.000505171 -0.037242744 2.935017824 -1.295079112 -11.915516853 0.000000000 0.000000000 -12.000000000 0.240878105 0.321919203 0.007185356 0.000000000 0.006382429 0.000000000
1776617459.891163349 0.603810906 -0.022296106 0.200846195 0.074574165 0.996519685 -0.000505339 -0.037242565 2.935045004 -1.295013666 -11.915071487 0.000000000 0.000000000 -12.000000000 0.241325378 0.321394801 0.007188858 0.000000000 0.006384440 0.000000000
1776617459.896033287 0.603811145 -0.022295794 0.200846434 0.074583620 0.996518970 -0.000505600 -0.037242234 2.935062170 -1.294945598 -11.914635658 0.000000000 0.000000000 -12.000000000 0.241761208 0.320871472 0.007192325 0.000000000 0.006386455 0.000000000
1776617459.899876595 0.603811204 -0.022295754 0.200846493 0.074588686 0.996518552 -0.000505811 -0.037242290 2.935069084 -1.294874549 -11.914210320 0.000000000 0.000000000 -12.000000000 0.242186546 0.320351601 0.007195761 0.000000000 0.006388473 0.000000000
1776617459.904783726 0.603811204 -0.022295754 0.200846493 0.074588686 0.996518552 -0.000505811 -0.037242290 2.935065746 -1.294800520 -11.913796425 0.000000000 0.000000000 -12.000000000 0.242599487 0.319833428 0.007199159 0.000000000 0.006390494 0.000000000
1776617459.910075188 0.603811026 -0.022295786 0.200846255 0.074593835 0.996518195 -0.000506093 -0.037242435 2.935052156 -1.294723749 -11.913393974 0.000000000 0.000000000 -12.000000000 0.243000031 0.319322228 0.007202520 0.000000000 0.006392519 0.000000000
1776617459.914490223 0.603811026 -0.022295676 0.200846165 0.074598223 0.996517837 -0.000506152 -0.037242524 2.935029030 -1.294644952 -11.913002968 0.000000000 0.000000000 -12.000000000 0.243391037 0.318811476 0.007205851 0.000000000 0.006394548 0.000000000
1776617459.920517206 0.603810966 -0.022295672 0.200846255 0.074602567 0.996517539 -0.000506379 -0.037242521 2.934996843 -1.294564843 -11.912623405 0.000000000 0.000000000 -12.000000000 0.239971161 0.317972481 0.007196452 0.000000000 0.006396547 0.000000000
1776617459.925751925 0.603810847 -0.022295598 0.200845957 0.074611612 0.996516824 -0.000506732 -0.037242725 2.934956551 -1.294484258 -11.912256241 0.000000000 0.000000000 -12.000000000 0.240336418 0.317468494 0.007199672 0.000000000 0.006398550 0.000000000
1776617459.935491562 0.603810728 -0.022295561 0.200845778 0.074617550 0.996516407 -0.000506996 -0.037242901 2.934908390 -1.294404149 -11.911899567 0.000000000 0.000000000 -12.000000000 0.240689278 0.321605802 0.007202853 0.000000000 0.006400556 0.000000000
1776617459.936432838 0.603811264 -0.022295371 0.200845897 0.074633271 0.996515214 -0.000507498 -0.037242297 2.934853554 -1.294325829 -11.911554337 0.000000000 0.000000000 -12.000000000 0.241032600 0.321093559 0.007206006 0.000000000 0.006402564 0.000000000
1776617459.941055059 0.603811264 -0.022295371 0.200845897 0.074633271 0.996515214 -0.000507498 -0.037242297 2.934792280 -1.294250369 -11.911221504 0.000000000 0.000000000 -12.000000000 0.241361618 0.320591986 0.007209114 0.000000000 0.006404575 0.000000000
1776617459.944646835 0.603811443 -0.022295408 0.200845927 0.074644163 0.996514440 -0.000507918 -0.037242170 2.934725285 -1.294178724 -11.910899162 0.000000000 0.000000000 -12.000000000 0.245474815 0.319755614 0.007224870 0.000000000 0.006406621 0.000000000
1776617459.949703932 0.603811443 -0.022295408 0.200845927 0.074644163 0.996514440 -0.000507918 -0.037242170 2.934653044 -1.294112206 -11.910589218 0.000000000 0.000000000 -12.000000000 0.245780945 0.319260478 0.007227939 0.000000000 0.006408669 0.000000000
1776617459.954528570 0.603811443 -0.022295410 0.200845987 0.074655369 0.996513605 -0.000508402 -0.037242103 2.934576035 -1.294051528 -11.910290718 0.000000000 0.000000000 -12.000000000 0.246075630 0.318768263 0.007230972 0.000000000 0.006410720 0.000000000
1776617459.959542274 0.603811681 -0.022295276 0.200846106 0.074665442 0.996512830 -0.000508744 -0.037241861 2.934494495 -1.293997526 -11.910003662 0.000000000 0.000000000 -12.000000000 0.246357918 0.319126308 0.007233966 0.000000000 0.006412773 0.000000000
1776617459.964456797 0.603811622 -0.022295268 0.200846106 0.074675441 0.996512115 -0.000509124 -0.037241913 2.934408903 -1.293951035 -11.909728050 0.000000000 0.000000000 -12.000000000 0.246628761 0.322402775 0.007236924 0.000000000 0.006414828 0.000000000
1776617459.969518900 0.603811502 -0.022295231 0.200845927 0.074686430 0.996511281 -0.000509526 -0.037242059 2.934319973 -1.293912530 -11.909462929 0.000000000 0.000000000 -12.000000000 0.243092537 0.321618468 0.007227162 0.000000000 0.006416854 0.000000000
1776617459.974602461 0.603811324 -0.022295186 0.200845838 0.074698851 0.996510327 -0.000510019 -0.037242319 2.934227943 -1.293882489 -11.909207344 0.000000000 0.000000000 -12.000000000 0.243343353 0.321147531 0.007230027 0.000000000 0.006418882 0.000000000
1776617459.981067419 0.603811264 -0.022295110 0.200845778 0.074714467 0.996509135 -0.000510609 -0.037242372 2.934134007 -1.293861032 -11.908960342 0.000000000 0.000000000 -12.000000000 0.243585587 0.320677072 0.007232863 0.000000000 0.006420912 0.000000000
1776617459.985189676 0.603811324 -0.022294940 0.200845480 0.074754179 0.996506155 -0.000512107 -0.037242383 2.934038639 -1.293848395 -11.908720970 0.000000000 0.000000000 -12.000000000 0.243819237 0.320204973 0.007235674 0.000000000 0.006422943 0.000000000
1776617459.989918709 0.603811800 -0.022294961 0.200845569 0.074776918 0.996504486 -0.000512979 -0.037241802 2.933942795 -1.293844461 -11.908487320 0.000000000 0.000000000 -12.000000000 0.244047165 0.319727510 0.007238468 0.000000000 0.006424977 0.000000000
1776617459.994468212 0.603811979 -0.022294858 0.200845629 0.074801750 0.996502638 -0.000513927 -0.037241578 2.933846951 -1.293849349 -11.908258438 0.000000000 0.000000000 -12.000000000 0.244271278 0.319259703 0.007241250 0.000000000 0.006427012 0.000000000
1776617459.999487877 0.603811979 -0.022294858 0.200845629 0.074801750 0.996502638 -0.000513927 -0.037241578 2.933752060 -1.293862700 -11.908032417 0.000000000 0.000000000 -12.000000000 0.244490623 0.318795919 0.007244018 0.000000000 0.006429050 0.000000000
1776617460.004476309 0.603811979 -0.022294573 0.200845629 0.074830174 0.996500492 -0.000514902 -0.037241507 2.933658600 -1.293884397 -11.907809258 0.000000000 0.000000000 -12.000000000 0.244709015 0.318337560 0.007246785 0.000000000 0.006431089 0.000000000
1776617460.009484529 0.603812099 -0.022294570 0.200845748 0.074862480 0.996498048 -0.000516063 -0.037241429 2.933567047 -1.293914199 -11.907586098 0.000000000 0.000000000 -12.000000000 0.244927406 0.320625484 0.007249555 0.000000000 0.006433130 0.000000000
1776617460.014531612 0.603812158 -0.022294436 0.200845748 0.074897483 0.996495426 -0.000517473 -0.037241351 2.933477640 -1.293951869 -11.907361984 0.000000000 0.000000000 -12.000000000 0.245145798 0.321238160 0.007252325 0.000000000 0.006435173 0.000000000
1776617460.019670725 0.603812277 -0.022294257 0.200845867 0.074936658 0.996492505 -0.000518892 -0.037241153 2.933390617 -1.293997288 -11.907134056 0.000000000 0.000000000 -12.000000000 0.245368958 0.320628256 0.007255114 0.000000000 0.006437217 0.000000000
1776617460.024608374 0.603812456 -0.022294190 0.200845927 0.074981906 0.996489108 -0.000520635 -0.037241008 2.933306456 -1.294050097 -11.906902313 0.000000000 0.000000000 -12.000000000 0.245595932 0.319700718 0.007257917 0.000000000 0.006439264 0.000000000
1776617460.029737234 0.603812575 -0.022293976 0.200846016 0.075029813 0.996485531 -0.000522368 -0.037240863 2.933224916 -1.294110060 -11.906664848 0.000000000 0.000000000 -12.000000000 0.245827675 0.319100648 0.007260738 0.000000000 0.006441312 0.000000000
1776617460.035794973 0.603812873 -0.022293881 0.200846076 0.075077802 0.996481895 -0.000524210 -0.037240539 2.933146000 -1.294176936 -11.906419754 0.000000000 0.000000000 -12.000000000 0.246068001 0.322910756 0.007263590 0.000000000 0.006443363 0.000000000
1776617460.039791584 0.603813171 -0.022293417 0.200846285 0.075163059 0.996475518 -0.000527319 -0.037240226 2.933069706 -1.294250250 -11.906165123 0.000000000 0.000000000 -12.000000000 0.246317863 0.322305411 0.007266475 0.000000000 0.006445416 0.000000000
1776617460.044590950 0.603813350 -0.022293173 0.200846344 0.075197674 0.996472895 -0.000528686 -0.037240028 2.932995558 -1.294329762 -11.905900955 0.000000000 0.000000000 -12.000000000 0.246578217 0.321700096 0.007269398 0.000000000 0.006447471 0.000000000
1776617460.049527884 0.603813350 -0.022293173 0.200846344 0.075197674 0.996472895 -0.000528686 -0.037240028 2.932923317 -1.294414997 -11.905625343 0.000000000 0.000000000 -12.000000000 0.246849060 0.321097612 0.007272358 0.000000000 0.006449528 0.000000000
1776617460.054498196 0.603813529 -0.022293000 0.200846463 0.075228631 0.996470571 -0.000529850 -0.037239831 2.932851791 -1.294505119 -11.905336380 0.000000000 0.000000000 -12.000000000 0.247133255 0.319386542 0.007275365 0.000000000 0.006451588 0.000000000
1776617460.059617519 0.603813767 -0.022292653 0.200846493 0.075256437 0.996468484 -0.000530866 -0.037239458 2.932780266 -1.294599771 -11.905032158 0.000000000 0.000000000 -12.000000000 0.247433662 0.318775892 0.007278428 0.000000000 0.006453650 0.000000000
1776617460.064482450 0.603813887 -0.022292543 0.200846612 0.075285032 0.996466339 -0.000531928 -0.037239384 2.932707071 -1.294697642 -11.904711723 0.000000000 0.000000000 -12.000000000 0.247748375 0.317359328 0.007281542 0.000000000 0.006455714 0.000000000
1776617460.069653749 0.603813946 -0.022292364 0.200846583 0.075309336 0.996464491 -0.000532847 -0.037239339 2.932630777 -1.294797540 -11.904371262 0.000000000 0.000000000 -12.000000000 0.248085022 0.316750973 0.007284732 0.000000000 0.006457782 0.000000000
1776617460.074889421 0.603814304 -0.022292195 0.200846821 0.075329378 0.996463001 -0.000533645 -0.037238941 2.932549715 -1.294897676 -11.904009819 0.000000000 0.000000000 -12.000000000 0.248440742 0.316138208 0.007287988 0.000000000 0.006459852 0.000000000
1776617460.081014395 0.603814483 -0.022291915 0.200846881 0.075344391 0.996461868 -0.000534117 -0.037238788 2.932461739 -1.294995904 -11.903623581 0.000000000 0.000000000 -12.000000000 0.248821259 0.315533787 0.007291330 0.000000000 0.006461926 0.000000000
1776617460.086115360 0.603814900 -0.022291819 0.200847089 0.075363353 0.996460438 -0.000534890 -0.037238386 2.932364702 -1.295089722 -11.903209686 0.000000000 0.000000000 -12.000000000 0.249229431 0.314929008 0.007294768 0.000000000 0.006464003 0.000000000
1776617460.089596748 0.603815198 -0.022291724 0.200847268 0.075371534 0.996459842 -0.000535176 -0.037238050 2.932255745 -1.295176029 -11.902765274 0.000000000 0.000000000 -12.000000000 0.249667168 0.314323574 0.007298307 0.000000000 0.006466083 0.000000000
1776617460.094517231 0.603815198 -0.022291724 0.200847268 0.075371534 0.996459842 -0.000535176 -0.037238050 2.932132244 -1.295251846 -11.902288437 0.000000000 0.000000000 -12.000000000 0.250136375 0.315380692 0.007301955 0.000000000 0.006468168 0.000000000
1776617460.099529982 0.603815377 -0.022291584 0.200847328 0.075378351 0.996459305 -0.000535386 -0.037237871 2.931991100 -1.295313120 -11.901775360 0.000000000 0.000000000 -12.000000000 0.250640869 0.314784795 0.007305725 0.000000000 0.006470256 0.000000000
1776617460.104487419 0.603815556 -0.022291519 0.200847447 0.075382955 0.996458948 -0.000535539 -0.037237659 2.931829214 -1.295356035 -11.901224136 0.000000000 0.000000000 -12.000000000 0.251182556 0.314190388 0.007309624 0.000000000 0.006472349 0.000000000
1776617460.109658241 0.603815675 -0.022291411 0.200847387 0.075386606 0.996458709 -0.000535620 -0.037237596 2.931643009 -1.295375943 -11.900633812 0.000000000 0.000000000 -12.000000000 0.251761436 0.313599288 0.007313652 0.000000000 0.006474447 0.000000000
1776617460.114502430 0.603815734 -0.022291420 0.200847268 0.075389549 0.996458471 -0.000535796 -0.037237566 2.931428909 -1.295368314 -11.900000572 0.000000000 0.000000000 -12.000000000 0.252382278 0.313008338 0.007317825 0.000000000 0.006476550 0.000000000
1776617460.119497538 0.603815973 -0.022291355 0.200847358 0.075392202 0.996458292 -0.000535893 -0.037237324 2.931183100 -1.295328498 -11.899323463 0.000000000 0.000000000 -12.000000000 0.253045082 0.311991036 0.007322142 0.000000000 0.006478659 0.000000000
1776617460.126090765 0.603816092 -0.022291360 0.200847328 0.075394832 0.996458113 -0.000535959 -0.037237205 2.930902004 -1.295251608 -11.898601532 0.000000000 0.000000000 -12.000000000 0.253751755 0.311405361 0.007326613 0.000000000 0.006480773 0.000000000
