# method surf_flowmatch_magnetic_DS
# columns: time_sec px py pz qx qy qz qw real_fx real_fy real_fz desired_fx desired_fy desired_fz adapter_nx adapter_e1
# adapt_gain_nx: 0.000000000000
# adapt_gain_e1: 0.000000000000
# adapt_kp_nx: 1.000000000000
# adapt_kp_e1: 0.000000000000
# adapt_integral_nx_max: 1.500000000000
# adapt_integral_e1_max: 1.500000000000
# eigen_lambda_0: 300.000000000000
# eigen_lambda_1: 300.000000000000
1776613952.559149742 0.550891340 -0.024318159 0.201616824 0.009874390 0.999155223 0.013271592 -0.037619807 2.536276579 1.778812408 -7.069928169 0.000000000 0.000000000 0.000000000 0.000000000 0.000000000
1776613952.566471577 0.550891638 -0.024320189 0.201616883 0.009876215 0.999155223 0.013271618 -0.037619393 2.535762548 1.778634071 -7.068591118 0.000000000 0.000000000 -12.000000000 0.000000000 0.000000000
1776613952.569494486 0.550891936 -0.024324071 0.201616824 0.009879645 0.999155164 0.013271772 -0.037618656 2.535233021 1.778493166 -7.067252159 0.000000000 0.000000000 -12.000000000 0.000000000 0.000000000
1776613952.574517488 0.550891936 -0.024324071 0.201616824 0.009879645 0.999155164 0.013271772 -0.037618656 2.534688473 1.778392792 -7.065913677 0.000000000 0.000000000 -12.000000000 0.000000000 0.000000000
1776613952.579642773 0.550892413 -0.024328191 0.201616704 0.009883284 0.999155164 0.013271914 -0.037617736 2.534128428 1.778336167 -7.064576626 0.000000000 0.000000000 -12.000000000 0.000000000 0.000000000
1776613952.584635973 0.550892413 -0.024328191 0.201616704 0.009883284 0.999155164 0.013271914 -0.037617736 2.533553362 1.778326392 -7.063242912 0.000000000 0.000000000 -12.000000000 0.000000000 0.000000000
1776613952.588480949 0.550892711 -0.024330221 0.201616734 0.009885205 0.999155164 0.013271965 -0.037617322 2.532963037 1.778366327 -7.061914444 0.000000000 0.000000000 -12.000000000 0.000000000 0.000000000
1776613952.593548298 0.551126361 -0.024345301 0.201653183 0.009893754 0.999166191 0.013261324 -0.037325405 2.532360554 1.778458834 -7.060591221 0.000000000 0.000000000 -12.000000000 0.000000000 0.000000000
1776613952.598604918 0.551352978 -0.024358641 0.201639473 0.009899985 0.999177158 0.013251249 -0.037032988 2.531761169 1.778606534 -7.059271812 0.000000000 0.000000000 -12.000000000 0.000000000 0.000000000
1776613952.604012012 0.551609576 -0.024371196 0.201619267 0.009905647 0.999189377 0.013240865 -0.036702767 2.531208754 1.778811336 -7.057950497 0.000000000 0.000000000 -12.000000000 0.000000000 0.000000000
1776613952.608835697 0.551974475 -0.024390409 0.201593459 0.009913286 0.999206662 0.013223480 -0.036234818 2.530788422 1.779073954 -7.056616783 0.000000000 0.000000000 -12.000000000 0.000000000 0.000000000
1776613952.614520550 0.552412450 -0.024414547 0.201564133 0.009922387 0.999227047 0.013201674 -0.035673738 2.530633926 1.779391646 -7.055261135 0.000000000 0.000000000 -12.000000000 0.000000000 0.000000000
1776613952.618675947 0.552938819 -0.024443008 0.201527685 0.009934788 0.999251127 0.013177069 -0.034998607 2.530927420 1.779755831 -7.053875923 0.000000000 0.000000000 -12.000000000 0.000000000 0.000000000
1776613952.624641418 0.553532243 -0.024477139 0.201488972 0.009949905 0.999277771 0.013148502 -0.034236111 2.531894684 1.780148983 -7.052459240 0.000000000 0.000000000 -12.000000000 0.000000000 0.000000000
1776613952.630007505 0.554167390 -0.024513993 0.201450408 0.009965465 0.999305725 0.013117122 -0.033417840 2.533795834 1.780542612 -7.051016331 0.000000000 0.000000000 -12.000000000 0.000000000 0.000000000
1776613952.633675575 0.555481136 -0.024586003 0.201377898 0.009995713 0.999361455 0.013054740 -0.031723782 2.536914825 1.780896425 -7.049562931 0.000000000 0.000000000 -12.000000000 0.000000000 0.000000000
1776613952.639964819 0.555481136 -0.024586003 0.201377898 0.009995713 0.999361455 0.013054740 -0.031723782 2.541548491 1.781158686 -7.048128128 0.000000000 0.000000000 -12.000000000 0.000000000 0.000000000
1776613952.644597054 0.556127667 -0.024627984 0.201344043 0.010010771 0.999387860 0.013018120 -0.030890759 2.547997475 1.781267643 -7.046758652 0.000000000 0.000000000 -12.000000000 0.000000000 0.000000000
1776613952.648459196 0.556775212 -0.024672039 0.201312363 0.010024197 0.999413669 0.012978368 -0.030056328 2.556552172 1.781153560 -7.045521736 0.000000000 0.000000000 -12.000000000 0.000000000 0.000000000
1776613952.654191971 0.557407439 -0.024731938 0.201279759 0.010030255 0.999438524 0.012917978 -0.029242782 2.567482233 1.780739188 -7.044508934 0.000000000 0.000000000 -12.000000000 0.000000000 0.000000000
1776613952.658177614 0.557970941 -0.024827193 0.201242149 0.010019434 0.999461055 0.012811338 -0.028515596 2.581022263 1.779943347 -7.043838978 0.000000000 0.000000000 -12.000000000 0.000000000 0.000000000
1776613952.663138866 0.558484912 -0.024933349 0.201211512 0.009991914 0.999481559 0.012682088 -0.027855134 2.597361088 1.778683782 -7.043658733 0.000000000 0.000000000 -12.000000000 0.000000000 0.000000000
1776613952.668129921 0.558968127 -0.025067057 0.201183975 0.009950226 0.999501228 0.012515864 -0.027233358 2.616631031 1.776882648 -7.044144630 0.000000000 0.000000000 -12.000000000 0.000000000 0.000000000
1776613952.674680948 0.559354365 -0.025231022 0.201155245 0.009893785 0.999517798 0.012310891 -0.026733831 2.638906002 1.774470448 -7.045502663 0.000000000 0.000000000 -12.000000000 0.000000000 0.000000000
1776613952.678384066 0.559918463 -0.025629019 0.201102227 0.009739516 0.999544799 0.011806027 -0.025999539 2.664196730 1.771390796 -7.047966480 0.000000000 0.000000000 -12.000000000 0.000000000 0.000000000
1776613952.683528185 0.559918463 -0.025629019 0.201102227 0.009739516 0.999544799 0.011806027 -0.025999539 2.692448378 1.767603874 -7.051797867 0.000000000 0.000000000 -12.000000000 0.000000000 0.000000000
1776613952.688327312 0.560091197 -0.025853230 0.201083571 0.009643950 0.999554932 0.011517462 -0.025772881 2.723542690 1.763089895 -7.057282925 0.000000000 0.000000000 -12.000000000 0.000000000 0.000000000
1776613952.693273306 0.560217798 -0.026088065 0.201070547 0.009539089 0.999563694 0.011212894 -0.025606001 2.757298708 1.757851839 -7.064725876 0.000000000 0.000000000 -12.000000000 0.000000000 0.000000000
1776613952.698169947 0.560291350 -0.026328763 0.201056272 0.009429015 0.999570787 0.010899237 -0.025505675 2.793478251 1.751916766 -7.074444771 0.000000000 0.000000000 -12.000000000 0.000000000 0.000000000
1776613952.703331709 0.560335636 -0.026570972 0.201045513 0.009316759 0.999576807 0.010583164 -0.025443038 2.831793070 1.745337129 -7.086764336 0.000000000 0.000000000 -12.000000000 0.000000000 0.000000000
1776613952.708312511 0.560358703 -0.026806843 0.201037109 0.009205733 0.999581933 0.010274446 -0.025408730 2.871911764 1.738191247 -7.102006435 0.000000000 0.000000000 -12.000000000 0.000000000 0.000000000
1776613952.714932442 0.560370743 -0.027037034 0.201032519 0.009099204 0.999586463 0.009974474 -0.025388967 2.913468122 1.730582237 -7.120484829 0.000000000 0.000000000 -12.000000000 0.000000000 0.000000000
1776613952.720344305 0.560366452 -0.027252167 0.201029241 0.008997801 0.999590099 0.009692952 -0.025390377 2.956068993 1.722635031 -7.142495632 0.000000000 0.000000000 -12.000000000 0.000000000 0.000000000
1776613952.724570990 0.560397863 -0.027458644 0.201034665 0.008902856 0.999594629 0.009424544 -0.025346866 2.999300957 1.714492321 -7.168312073 0.000000000 0.000000000 -12.000000000 0.000000000 0.000000000
1776613952.729571104 0.560440898 -0.027658116 0.201035768 0.008814018 0.999599397 0.009166673 -0.025285739 3.042738914 1.706309915 -7.198177814 0.000000000 0.000000000 -12.000000000 0.000000000 0.000000000
1776613952.734316826 0.560600340 -0.027986901 0.201037765 0.008664322 0.999609947 0.008738607 -0.025070421 3.085956573 1.698252439 -7.232300758 0.000000000 0.000000000 -12.000000000 0.000000000 0.000000000
1776613952.738654613 0.560600340 -0.027986901 0.201037765 0.008664322 0.999609947 0.008738607 -0.025070421 3.128537416 1.690487862 -7.270851135 0.000000000 0.000000000 -12.000000000 0.000000000 0.000000000
1776613952.743178129 0.560755193 -0.028109588 0.201041400 0.008609976 0.999616861 0.008579019 -0.024866736 3.170084476 1.683183312 -7.313956261 0.000000000 0.000000000 -12.000000000 0.000000000 0.000000000
1776613952.748222113 0.560926795 -0.028207887 0.201039374 0.008571768 0.999623895 0.008454350 -0.024640916 3.210232019 1.676499248 -7.361698627 0.000000000 0.000000000 -12.000000000 0.000000000 0.000000000
1776613952.753173113 0.561121285 -0.028289916 0.201033145 0.008544319 0.999631166 0.008353158 -0.024387956 3.248653173 1.670585632 -7.414115906 0.000000000 0.000000000 -12.000000000 0.000000000 0.000000000
1776613952.758387804 0.561121285 -0.028289916 0.201033145 0.008544319 0.999631166 0.008353158 -0.024387956 3.285067081 1.665577412 -7.471201420 0.000000000 0.000000000 -12.000000000 0.000000000 0.000000000
1776613952.763161898 0.561570168 -0.028426589 0.201012820 0.008506377 0.999646723 0.008189841 -0.023811137 3.319241524 1.661591291 -7.532902241 0.000000000 0.000000000 -12.000000000 0.000000000 0.000000000
1776613952.768139839 0.561809838 -0.028487246 0.201000750 0.008493216 0.999654710 0.008119778 -0.023503546 3.350994587 1.658722639 -7.599126339 0.000000000 0.000000000 -12.000000000 0.000000000 0.000000000
1776613952.773367643 0.562039673 -0.028541915 0.200989127 0.008478011 0.999662280 0.008053713 -0.023208661 3.380195856 1.657043338 -7.669743061 0.000000000 0.000000000 -12.000000000 0.000000000 0.000000000
1776613952.778372049 0.562270939 -0.028616032 0.200978458 0.008472811 0.999669731 0.007978758 -0.022911629 3.406765461 1.656600475 -7.744586945 0.000000000 0.000000000 -12.000000000 0.000000000 0.000000000
1776613952.783220768 0.562499106 -0.028695740 0.200967193 0.008466474 0.999677122 0.007897741 -0.022618106 3.430670500 1.657416224 -7.823462486 0.000000000 0.000000000 -12.000000000 0.000000000 0.000000000
1776613952.789566278 0.562693954 -0.028789744 0.200953931 0.008457817 0.999683619 0.007802247 -0.022366673 3.451921940 1.659489632 -7.906147480 0.000000000 0.000000000 -12.000000000 0.000000000 0.000000000
1776613952.793165684 0.563014388 -0.029025061 0.200937778 0.008437670 0.999694765 0.007567585 -0.021952817 3.470566034 1.662799239 -7.992397308 0.000000000 0.000000000 -12.000000000 0.000000000 0.000000000
1776613952.798266411 0.563014388 -0.029025061 0.200937778 0.008437670 0.999694765 0.007567585 -0.021952817 3.486678123 1.667306423 -8.081946373 0.000000000 0.000000000 -12.000000000 0.000000000 0.000000000
1776613952.804628134 0.563140512 -0.029168164 0.200936466 0.008427433 0.999699414 0.007427968 -0.021790840 3.500354052 1.672957897 -8.174513817 0.000000000 0.000000000 -12.000000000 0.000000000 0.000000000
1776613952.809622526 0.563231409 -0.029321993 0.200934261 0.008421313 0.999703109 0.007282717 -0.021672338 3.511703253 1.679689288 -8.269804955 0.000000000 0.000000000 -12.000000000 0.000000000 0.000000000
1776613952.814453363 0.563302457 -0.029476527 0.200933725 0.008422516 0.999706149 0.007144447 -0.021578906 3.520843744 1.687429070 -8.367512703 0.000000000 0.000000000 -12.000000000 0.000000000 0.000000000
1776613952.818555832 0.563337266 -0.029641222 0.200932235 0.008438431 0.999707997 0.007012096 -0.021530390 3.527896166 1.696101904 -8.467321396 0.000000000 0.000000000 -12.000000000 0.000000000 0.000000000
1776613952.824631929 0.563363254 -0.029837206 0.200934857 0.008487483 0.999709308 0.006879748 -0.021492554 3.532979965 1.705632091 -8.568907738 0.000000000 0.000000000 -12.000000000 0.000000000 0.000000000
1776613952.828162432 0.563347995 -0.030344965 0.200933605 0.008712864 0.999709129 0.006602130 -0.021497222 3.536207676 1.715949178 -8.671938896 0.000000000 0.000000000 -12.000000000 0.000000000 0.000000000
1776613952.833739042 0.563347995 -0.030344965 0.200933605 0.008712864 0.999709129 0.006602130 -0.021497222 3.537681580 1.726994038 -8.776082993 0.000000000 0.000000000 -12.000000000 0.000000000 0.000000000
1776613952.838192225 0.563343704 -0.030616611 0.200935364 0.008870916 0.999708652 0.006477214 -0.021494126 3.537491798 1.738725305 -8.880999565 0.000000000 0.000000000 -12.000000000 0.000000000 0.000000000
1776613952.843189716 0.563335299 -0.030898286 0.200934827 0.009056821 0.999707699 0.006360549 -0.021494308 3.535714149 1.751124263 -8.986350060 0.000000000 0.000000000 -12.000000000 0.000000000 0.000000000
1776613952.848210812 0.563325763 -0.031208737 0.200932980 0.009276802 0.999706447 0.006239764 -0.021493979 3.532410622 1.764197707 -9.091797829 0.000000000 0.000000000 -12.000000000 0.000000000 0.000000000
1776613952.853177309 0.563324749 -0.031538278 0.200933605 0.009536395 0.999704957 0.006129185 -0.021482185 3.527627707 1.777977347 -9.197008133 0.000000000 0.000000000 -12.000000000 0.000000000 0.000000000
1776613952.858205318 0.563321233 -0.031895094 0.200934410 0.009820841 0.999703109 0.006011095 -0.021472596 3.521397829 1.792519331 -9.301650047 0.000000000 0.000000000 -12.000000000 0.000000000 0.000000000
1776613952.864654779 0.563319921 -0.032286689 0.200936109 0.010128747 0.999701142 0.005878050 -0.021459050 3.513739109 1.807903051 -9.405400276 0.000000000 0.000000000 -12.000000000 0.000000000 0.000000000
1776613952.869683266 0.563330233 -0.032707054 0.200939506 0.010457457 0.999699235 0.005735232 -0.021429939 3.504657269 1.824229956 -9.507944107 0.000000000 0.000000000 -12.000000000 0.000000000 0.000000000
1776613952.874255896 0.563337743 -0.033161744 0.200940877 0.010803461 0.999697030 0.005574734 -0.021401888 3.494148016 1.841621280 -9.608977318 0.000000000 0.000000000 -12.000000000 0.000000000 0.000000000
1776613952.878599167 0.563343704 -0.033648614 0.200939298 0.011171175 0.999694586 0.005403146 -0.021372961 3.482197046 1.860214114 -9.708203316 0.000000000 0.000000000 -12.000000000 0.000000000 0.000000000
1776613952.883138180 0.563380718 -0.034189671 0.200939387 0.011571269 0.999692559 0.005211712 -0.021301826 3.468785048 1.880156636 -9.805342674 0.000000000 0.000000000 -12.000000000 0.000000000 0.000000000
1776613952.888232946 0.563464820 -0.034784663 0.200939685 0.012000344 0.999691427 0.005000438 -0.021167155 3.453890324 1.901602626 -9.900127411 0.000000000 0.000000000 -12.000000000 0.000000000 0.000000000
1776613952.893233538 0.563515723 -0.035368256 0.200924814 0.012407723 0.999689460 0.004809473 -0.021069217 3.437497616 1.924705505 -9.992308617 0.000000000 0.000000000 -12.000000000 0.000000000 0.000000000
1776613952.898175001 0.563550711 -0.035944797 0.200911671 0.012759038 0.999687552 0.004627929 -0.020990290 3.419597864 1.949612617 -10.081652641 0.000000000 0.000000000 -12.000000000 0.000000000 0.000000000
1776613952.903703690 0.563589513 -0.036516998 0.200900853 0.013061333 0.999686182 0.004466035 -0.020905783 3.400186062 1.976457357 -10.167945862 0.000000000 0.000000000 -12.000000000 0.000000000 0.000000000
1776613952.909631252 0.563602090 -0.037006192 0.200891912 0.013339411 0.999683738 0.004416944 -0.020855278 3.379256725 2.005348921 -10.250994682 0.000000000 0.000000000 -12.000000000 0.000000000 0.000000000
1776613952.913537741 0.563577116 -0.037856508 0.200883687 0.013990355 0.999674857 0.004602687 -0.020814182 3.356800795 2.036360502 -10.330627441 0.000000000 0.000000000 -12.000000000 0.000000000 0.000000000
1776613952.918344021 0.563577116 -0.037856508 0.200883687 0.013990355 0.999674857 0.004602687 -0.020814182 3.332803011 2.069520712 -10.406692505 0.000000000 0.000000000 -12.000000000 0.000000000 0.000000000
1776613952.923287153 0.563533366 -0.038264964 0.200877488 0.014373277 0.999668241 0.004809397 -0.020826317 3.307241440 2.104810715 -10.479065895 0.000000000 0.000000000 -12.000000000 0.000000000 0.000000000
1776613952.928212166 0.563491344 -0.038632073 0.200869948 0.014785991 0.999660552 0.005112406 -0.020833444 3.280090332 2.142163515 -10.547646523 0.000000000 0.000000000 -12.000000000 0.000000000 0.000000000
1776613952.933255434 0.563448966 -0.038952891 0.200861335 0.015227721 0.999651730 0.005500924 -0.020838879 3.251322031 2.181464434 -10.612360001 0.000000000 0.000000000 -12.000000000 0.000000000 0.000000000
1776613952.938172102 0.563406825 -0.039250027 0.200852960 0.015703399 0.999641716 0.005960781 -0.020841507 3.220910549 2.222553968 -10.673158646 0.000000000 0.000000000 -12.000000000 0.000000000 0.000000000
1776613952.943402290 0.563369513 -0.039537374 0.200845629 0.016228171 0.999630153 0.006485104 -0.020835051 3.188833714 2.265235424 -10.730026245 0.000000000 0.000000000 -12.000000000 0.000000000 0.000000000
1776613952.948157072 0.563337743 -0.039789837 0.200839132 0.016754197 0.999617875 0.007065105 -0.020820696 3.155074835 2.309278488 -10.782972336 0.000000000 0.000000000 -12.000000000 0.000000000 0.000000000
1776613952.953193188 0.563301742 -0.039997160 0.200830996 0.017270058 0.999604583 0.007700425 -0.020810263 3.119623423 2.354424953 -10.832036018 0.000000000 0.000000000 -12.000000000 0.000000000 0.000000000
1776613952.958173513 0.563262939 -0.040171392 0.200822502 0.017779715 0.999590278 0.008392728 -0.020801809 3.082475662 2.400395393 -10.877284050 0.000000000 0.000000000 -12.000000000 0.000000000 0.000000000
1776613952.963309288 0.563217998 -0.040331125 0.200815022 0.018286087 0.999574840 0.009121859 -0.020798920 3.043634892 2.446896791 -10.918810844 0.000000000 0.000000000 -12.000000000 0.000000000 0.000000000
1776613952.968185425 0.563170910 -0.040481243 0.200809568 0.018787969 0.999558330 0.009880062 -0.020796781 3.003112316 2.493628740 -10.956737518 0.000000000 0.000000000 -12.000000000 0.000000000 0.000000000
1776613952.973197222 0.563096702 -0.040649332 0.200805396 0.019291958 0.999540210 0.010653200 -0.020825287 2.960926294 2.540291071 -10.991208076 0.000000000 0.000000000 -12.000000000 0.000000000 0.000000000
1776613952.978930473 0.562994301 -0.040838502 0.200805277 0.019810773 0.999520123 0.011440735 -0.020885834 2.917099714 2.586586952 -11.022390366 0.000000000 0.000000000 -12.000000000 0.000000000 0.000000000
1776613952.983374596 0.562876880 -0.041010089 0.200810313 0.020309802 0.999498785 0.012252272 -0.020965649 2.871656656 2.632228851 -11.050471306 0.000000000 0.000000000 -12.000000000 0.000000000 0.000000000
1776613952.988447428 0.562718213 -0.041184891 0.200818747 0.020799316 0.999475539 0.013073975 -0.021096338 2.824617863 2.676942348 -11.075655937 0.000000000 0.000000000 -12.000000000 0.000000000 0.000000000
1776613952.993376255 0.562511981 -0.041348629 0.200828016 0.021258350 0.999450684 0.013902909 -0.021286944 2.775995731 2.720468760 -11.098162651 0.000000000 0.000000000 -12.000000000 0.000000000 0.000000000
1776613952.998164892 0.562278509 -0.041490316 0.200842470 0.021682739 0.999424756 0.014739021 -0.021512015 2.725790501 2.762567043 -11.118223190 0.000000000 0.000000000 -12.000000000 0.000000000 0.000000000
1776613953.003299952 0.562019825 -0.041644223 0.200859785 0.022099523 0.999397516 0.015572048 -0.021766504 2.673987389 2.803014040 -11.136075974 0.000000000 0.000000000 -12.000000000 0.000000000 0.000000000
1776613953.008301973 0.561732113 -0.041786551 0.200877488 0.022482252 0.999369383 0.016395712 -0.022057170 2.620553732 2.841607332 -11.151966095 0.000000000 0.000000000 -12.000000000 0.000000000 0.000000000
1776613953.013413668 0.561402619 -0.041912928 0.200896055 0.022832440 0.999339998 0.017218305 -0.022400461 2.565438032 2.878163099 -11.166138649 0.000000000 0.000000000 -12.000000000 0.000000000 0.000000000
1776613953.018458605 0.561069250 -0.042040415 0.200923771 0.023162065 0.999310255 0.018029096 -0.022748206 2.508571386 2.912517309 -11.178840637 0.000000000 0.000000000 -12.000000000 0.000000000 0.000000000
1776613953.023427248 0.560686588 -0.042186636 0.200945884 0.023500027 0.999278426 0.018821791 -0.023153219 2.449872017 2.944523096 -11.190310478 0.000000000 0.000000000 -12.000000000 0.000000000 0.000000000
1776613953.028136492 0.560278237 -0.042369839 0.200956374 0.023863118 0.999244988 0.019593639 -0.023580426 2.389249802 2.974049568 -11.200781822 0.000000000 0.000000000 -12.000000000 0.000000000 0.000000000
1776613953.033175468 0.559833527 -0.042550255 0.200957507 0.024218505 0.999210179 0.020353680 -0.024045864 2.326609850 3.000978708 -11.210474968 0.000000000 0.000000000 -12.000000000 0.000000000 0.000000000
1776613953.038196802 0.559353113 -0.042724453 0.200951368 0.024578096 0.999173343 0.021115089 -0.024549242 2.261855125 3.025204897 -11.219599724 0.000000000 0.000000000 -12.000000000 0.000000000 0.000000000
1776613953.043191433 0.558870554 -0.042888314 0.200936466 0.024927905 0.999136090 0.021870753 -0.025047794 2.194888592 3.046636105 -11.228349686 0.000000000 0.000000000 -12.000000000 0.000000000 0.000000000
1776613953.048488617 0.558410287 -0.043042794 0.200927258 0.025271222 0.999098837 0.022627367 -0.025511345 2.125618696 3.065192223 -11.236906052 0.000000000 0.000000000 -12.000000000 0.000000000 0.000000000
1776613953.053384781 0.557904124 -0.043196898 0.200914919 0.025617227 0.999059618 0.023377998 -0.026020898 2.053965330 3.080805302 -11.245439529 0.000000000 0.000000000 -12.000000000 0.000000000 0.000000000
1776613953.058163166 0.557292938 -0.043371744 0.200877011 0.025947819 0.999017775 0.024089320 -0.026644975 1.979859829 3.093420267 -11.254111290 0.000000000 0.000000000 -12.000000000 0.000000000 0.000000000
1776613953.063273668 0.556683421 -0.043549448 0.200852334 0.026259076 0.998976111 0.024787264 -0.027253766 1.903241754 3.102996826 -11.263075829 0.000000000 0.000000000 -12.000000000 0.000000000 0.000000000
1776613953.068325043 0.555989861 -0.043775029 0.200819105 0.026564578 0.998932719 0.025422996 -0.027954131 1.824050546 3.109513044 -11.272482872 0.000000000 0.000000000 -12.000000000 0.000000000 0.000000000
1776613953.073218584 0.555328429 -0.044048749 0.200806886 0.026856266 0.998891771 0.025996836 -0.028603867 1.742220283 3.112968922 -11.282482147 0.000000000 0.000000000 -12.000000000 0.000000000 0.000000000
1776613953.078238726 0.554545641 -0.044330169 0.200782359 0.027122036 0.998847425 0.026539609 -0.029390721 1.657676339 3.113389254 -11.293226242 0.000000000 0.000000000 -12.000000000 0.000000000 0.000000000
1776613953.083448648 0.553687871 -0.044667363 0.200760782 0.027370444 0.998802483 0.027003165 -0.030253479 1.570338845 3.110824823 -11.304872513 0.000000000 0.000000000 -12.000000000 0.000000000 0.000000000
1776613953.088195562 0.552815259 -0.045069672 0.200743109 0.027589669 0.998759866 0.027371593 -0.031117983 1.480128407 3.105354071 -11.317586899 0.000000000 0.000000000 -12.000000000 0.000000000 0.000000000
1776613953.093384266 0.551900983 -0.045555700 0.200728953 0.027781857 0.998719037 0.027628278 -0.032017685 1.386975288 3.097086430 -11.331544876 0.000000000 0.000000000 -12.000000000 0.000000000 0.000000000
1776613953.098180294 0.551000714 -0.046072565 0.200718164 0.027903074 0.998683035 0.027783077 -0.032890093 1.290828586 3.086165428 -11.346937180 0.000000000 0.000000000 -12.000000000 0.000000000 0.000000000
1776613953.103240252 0.550141752 -0.046617635 0.200717509 0.027974516 0.998652160 0.027855612 -0.033695154 1.191666842 3.072772980 -11.363964081 0.000000000 0.000000000 -12.000000000 0.000000000 0.000000000
1776613953.108185768 0.549324930 -0.047200751 0.200730473 0.028000940 0.998627067 0.027838575 -0.034422174 1.089508653 3.057129860 -11.382833481 0.000000000 0.000000000 -12.000000000 0.000000000 0.000000000
1776613953.113189220 0.548587143 -0.047808714 0.200745761 0.028011473 0.998607695 0.027769051 -0.035027359 0.984426439 3.039492130 -11.403759003 0.000000000 0.000000000 -12.000000000 0.000000000 0.000000000
1776613953.119783163 0.547992468 -0.048444204 0.200770348 0.028045496 0.998595357 0.027662691 -0.035433330 0.876562178 3.020144939 -11.426948547 0.000000000 0.000000000 -12.000000000 0.000000000 0.000000000
1776613953.123174906 0.547472835 -0.049085587 0.200777024 0.028069863 0.998588324 0.027518559 -0.035722859 0.766143262 2.999391556 -11.452600479 0.000000000 0.000000000 -12.000000000 0.000000000 0.000000000
1776613953.128178358 0.547081769 -0.049674936 0.200779319 0.028129034 0.998585761 0.027411148 -0.035831410 0.653492749 2.977544546 -11.480893135 0.000000000 0.000000000 -12.000000000 0.000000000 0.000000000
1776613953.133266211 0.546768367 -0.050160915 0.200788379 0.028204015 0.998584807 0.027387774 -0.035817172 0.539030969 2.954912901 -11.511977196 0.000000000 0.000000000 -12.000000000 0.000000000 0.000000000
1776613953.138237476 0.546531379 -0.050598059 0.200802833 0.028333288 0.998585343 0.027398545 -0.035690777 0.423269302 2.931794167 -11.545968056 0.000000000 0.000000000 -12.000000000 0.000000000 0.000000000
1776613953.143223286 0.546385229 -0.051019132 0.200836629 0.028539749 0.998587906 0.027429776 -0.035429511 0.306797504 2.908465624 -11.582938194 0.000000000 0.000000000 -12.000000000 0.000000000 0.000000000
1776613953.149711132 0.546291113 -0.051364440 0.200892001 0.028756903 0.998591304 0.027524468 -0.035082992 0.190268517 2.885178566 -11.622911453 0.000000000 0.000000000 -12.000000000 0.000000000 0.000000000
1776613953.153259277 0.546218932 -0.051604170 0.200947046 0.028971091 0.998594344 0.027690683 -0.034687903 0.074382901 2.862155676 -11.665860176 0.000000000 0.000000000 -12.000000000 0.000000000 0.000000000
1776613953.159855366 0.546126723 -0.051765703 0.201000541 0.029234719 0.998593807 0.027920181 -0.034296278 -0.040126983 2.839587927 -11.711698532 0.000000000 0.000000000 -12.000000000 0.000000000 0.000000000
1776613953.164691210 0.546025991 -0.051856209 0.201063216 0.029539581 0.998590052 0.028218137 -0.033896971 -0.152513027 2.817630291 -11.760284424 0.000000000 0.000000000 -12.000000000 0.000000000 0.000000000
1776613953.169816256 0.545901239 -0.051883891 0.201114148 0.029851342 0.998583794 0.028573852 -0.033508465 -0.262029111 2.796397209 -11.811416626 0.000000000 0.000000000 -12.000000000 0.000000000 0.000000000
1776613953.173946619 0.545610189 -0.051780075 0.201189697 0.030487465 0.998564720 0.029442305 -0.032743748 -0.367949992 2.775959015 -11.864837646 0.000000000 0.000000000 -12.000000000 0.000000000 0.000000000
1776613953.178599834 0.545610189 -0.051780075 0.201189697 0.030487465 0.998564720 0.029442305 -0.032743748 -0.469589144 2.756340742 -11.920229912 0.000000000 0.000000000 -12.000000000 0.000000000 0.000000000
1776613953.183180332 0.545426369 -0.051619366 0.201207638 0.030793624 0.998551190 0.029964644 -0.032393750 -0.566314399 2.737521887 -11.977222443 0.000000000 0.000000000 -12.000000000 0.000000000 0.000000000
1776613953.188188076 0.545228183 -0.051427066 0.201226473 0.031121733 0.998535633 0.030512299 -0.032046836 -0.657561481 2.719437361 -12.035396576 0.000000000 0.000000000 -12.000000000 0.000000000 0.000000000
1776613953.193230391 0.545002759 -0.051230084 0.201236546 0.031459969 0.998518288 0.031064197 -0.031725269 -0.742843688 2.701976538 -12.094285965 0.000000000 0.000000000 -12.000000000 0.000000000 0.000000000
1776613953.198565722 0.544755936 -0.051003367 0.201254338 0.031780753 0.998499930 0.031634420 -0.031418845 -0.821758628 2.684984684 -12.153391838 0.000000000 0.000000000 -12.000000000 0.000000000 0.000000000
1776613953.204703331 0.544495881 -0.050761137 0.201269478 0.032064363 0.998481631 0.032209840 -0.031126861 -0.893990815 2.668265104 -12.212185860 0.000000000 0.000000000 -12.000000000 0.000000000 0.000000000
1776613953.209646940 0.543928921 -0.050240129 0.201295614 0.032555021 0.998445094 0.033372287 -0.030558400 -0.959312141 2.651582718 -12.270119667 0.000000000 0.000000000 -12.000000000 0.000000000 0.000000000
1776613953.214925766 0.543571532 -0.049939919 0.201313376 0.032778513 0.998423934 0.033973046 -0.030348025 -1.017580390 2.634671926 -12.326633453 0.000000000 0.000000000 -12.000000000 0.000000000 0.000000000
1776613953.218342543 0.543571532 -0.049939919 0.201313376 0.032778513 0.998423934 0.033973046 -0.030348025 -1.068737745 2.617242813 -12.381167412 0.000000000 0.000000000 -12.000000000 0.000000000 0.000000000
1776613953.223335505 0.543190300 -0.049626827 0.201317817 0.032990616 0.998402059 0.034573920 -0.030159976 -1.112807870 2.598988533 -12.433163643 0.000000000 0.000000000 -12.000000000 0.000000000 0.000000000
1776613953.228214502 0.542807043 -0.049331300 0.201319903 0.033166993 0.998382628 0.035140917 -0.029952835 -1.149888992 2.579592466 -12.482077599 0.000000000 0.000000000 -12.000000000 0.000000000 0.000000000
1776613953.233617783 0.542376757 -0.049017806 0.201314300 0.033324488 0.998361886 0.035709765 -0.029796558 -1.180145144 2.558736801 -12.527387619 0.000000000 0.000000000 -12.000000000 0.000000000 0.000000000
1776613953.238419294 0.541911542 -0.048675440 0.201301336 0.033463895 0.998340547 0.036275756 -0.029671971 -1.203797221 2.536108017 -12.568599701 0.000000000 0.000000000 -12.000000000 0.000000000 0.000000000
1776613953.244905949 0.541446328 -0.048310220 0.201286733 0.033593848 0.998319924 0.036828142 -0.029538510 -1.221116424 2.511402607 -12.605255127 0.000000000 0.000000000 -12.000000000 0.000000000 0.000000000
1776613953.248393774 0.540944457 -0.047921434 0.201270610 0.033695735 0.998299181 0.037371524 -0.029440511 -1.232418180 2.484330416 -12.636934280 0.000000000 0.000000000 -12.000000000 0.000000000 0.000000000
1776613953.254201651 0.540561974 -0.047599323 0.201300830 0.033753742 0.998288155 0.037811738 -0.029184019 -1.238053322 2.454621553 -12.663264275 0.000000000 0.000000000 -12.000000000 0.000000000 0.000000000
1776613953.258228540 0.540241539 -0.047314435 0.201346725 0.033774033 0.998283744 0.038170353 -0.028842034 -1.238396287 2.422032833 -12.683916092 0.000000000 0.000000000 -12.000000000 0.000000000 0.000000000
1776613953.263297319 0.539886475 -0.047023311 0.201374799 0.033753738 0.998281360 0.038481999 -0.028533878 -1.233831406 2.386358500 -12.698611259 0.000000000 0.000000000 -12.000000000 0.000000000 0.000000000
1776613953.268411875 0.539553404 -0.046751983 0.201390594 0.033690915 0.998283923 0.038719442 -0.028195554 -1.224742174 2.347437382 -12.707120895 0.000000000 0.000000000 -12.000000000 0.000000000 0.000000000
1776613953.273578882 0.539256632 -0.046516135 0.201398939 0.033569030 0.998293698 0.038854800 -0.027804883 -1.211506009 2.305156708 -12.709265709 0.000000000 0.000000000 -12.000000000 0.000000000 0.000000000
1776613953.278797865 0.538980782 -0.046321057 0.201397479 0.033421367 0.998308361 0.038906563 -0.027380766 -1.194491744 2.259453297 -12.704919815 0.000000000 0.000000000 -12.000000000 0.000000000 0.000000000
1776613953.285173416 0.538720191 -0.046136502 0.201391697 0.033248939 0.998326659 0.038895544 -0.026934696 -1.174057722 2.210311174 -12.694010735 0.000000000 0.000000000 -12.000000000 0.000000000 0.000000000
1776613953.288861513 0.538453460 -0.045933984 0.201392263 0.033055764 0.998346984 0.038842302 -0.026493138 -1.150551558 2.157760143 -12.676511765 0.000000000 0.000000000 -12.000000000 0.000000000 0.000000000
1776613953.294131517 0.538215637 -0.045692086 0.201399297 0.032853186 0.998368800 0.038774241 -0.026019115 -1.124309897 2.101870060 -12.652447701 0.000000000 0.000000000 -12.000000000 0.000000000 0.000000000
1776613953.298217058 0.537972033 -0.045444764 0.201395214 0.032628495 0.998391926 0.038681347 -0.025546886 -1.095658302 2.042746544 -12.621889114 0.000000000 0.000000000 -12.000000000 0.000000000 0.000000000
1776613953.303206921 0.537748396 -0.045212366 0.201395154 0.032377675 0.998417556 0.038551390 -0.025056085 -1.064910293 1.980523825 -12.584947586 0.000000000 0.000000000 -12.000000000 0.000000000 0.000000000
1776613953.308323622 0.537550449 -0.044978641 0.201402605 0.032087445 0.998445868 0.038396157 -0.024535552 -1.032366872 1.915359735 -12.541776657 0.000000000 0.000000000 -12.000000000 0.000000000 0.000000000
1776613953.313208580 0.537361205 -0.044735406 0.201420009 0.031758200 0.998476028 0.038219400 -0.024007177 -0.998315692 1.847430944 -12.492567062 0.000000000 0.000000000 -12.000000000 0.000000000 0.000000000
1776613953.318337202 0.537158191 -0.044473547 0.201441646 0.031374265 0.998508394 0.038012352 -0.023489263 -0.963031173 1.776930451 -12.437541962 0.000000000 0.000000000 -12.000000000 0.000000000 0.000000000
1776613953.323559046 0.536919057 -0.044202190 0.201464862 0.030945862 0.998541892 0.037775606 -0.023009218 -0.926775038 1.704064846 -12.376955032 0.000000000 0.000000000 -12.000000000 0.000000000 0.000000000
1776613953.329754591 0.536636293 -0.043935530 0.201479107 0.030489307 0.998575628 0.037510578 -0.022584172 -0.889796972 1.629051566 -12.311078072 0.000000000 0.000000000 -12.000000000 0.000000000 0.000000000
1776613953.333285332 0.536041737 -0.043390080 0.201472759 0.029493339 0.998645425 0.036918156 -0.021783577 -0.852335334 1.552117109 -12.240201950 0.000000000 0.000000000 -12.000000000 0.000000000 0.000000000
1776613953.338280916 0.536041737 -0.043390080 0.201472759 0.029493339 0.998645425 0.036918156 -0.021783577 -0.814617276 1.473495841 -12.164626122 0.000000000 0.000000000 -12.000000000 0.000000000 0.000000000
1776613953.343174934 0.535736501 -0.043073956 0.201444864 0.028944591 0.998680949 0.036613461 -0.021402495 -0.776858866 1.393429160 -12.084657669 0.000000000 0.000000000 -12.000000000 0.000000000 0.000000000
1776613953.348229170 0.535433292 -0.042738706 0.201419115 0.028371159 0.998716772 0.036300860 -0.021027029 -0.739265442 1.312163353 -12.000606537 0.000000000 0.000000000 -12.000000000 0.000000000 0.000000000
1776613953.353181839 0.535155237 -0.042418506 0.201407969 0.027793370 0.998753667 0.035963736 -0.020620396 -0.702031553 1.229946375 -11.912781715 0.000000000 0.000000000 -12.000000000 0.000000000 0.000000000
1776613953.358271837 0.534917593 -0.042103853 0.201411784 0.027224362 0.998791277 0.035608131 -0.020172315 -0.665340304 1.147025347 -11.821491241 0.000000000 0.000000000 -12.000000000 0.000000000 0.000000000
1776613953.363211155 0.534686983 -0.041780792 0.201420337 0.026696350 0.998827279 0.035249613 -0.019719902 -0.629361749 1.063644528 -11.727045059 0.000000000 0.000000000 -12.000000000 0.000000000 0.000000000
1776613953.369417906 0.534433961 -0.041455686 0.201410681 0.026223527 0.998860538 0.034893069 -0.019297579 -0.594250023 0.980045080 -11.629751205 0.000000000 0.000000000 -12.000000000 0.000000000 0.000000000
1776613953.374240637 0.534143388 -0.041107688 0.201377779 0.025832368 0.998890042 0.034538139 -0.018932760 -0.560140669 0.896464169 -11.529917717 0.000000000 0.000000000 -12.000000000 0.000000000 0.000000000
1776613953.379086733 0.533846259 -0.040732920 0.201336205 0.025518842 0.998916864 0.034181911 -0.018585902 -0.527148604 0.813134491 -11.427855492 0.000000000 0.000000000 -12.000000000 0.000000000 0.000000000
1776613953.383730650 0.533556461 -0.040342540 0.201302648 0.025272172 0.998941779 0.033822272 -0.018241003 -0.495366424 0.730284035 -11.323874474 0.000000000 0.000000000 -12.000000000 0.000000000 0.000000000
1776613953.388312101 0.533279240 -0.039937101 0.201286435 0.025090447 0.998965263 0.033453293 -0.017882733 -0.464862764 0.648134232 -11.218287468 0.000000000 0.000000000 -12.000000000 0.000000000 0.000000000
1776613953.393217087 0.532967210 -0.039526720 0.201269120 0.024940494 0.998987257 0.033067886 -0.017575411 -0.435681373 0.566897571 -11.111411095 0.000000000 0.000000000 -12.000000000 0.000000000 0.000000000
1776613953.398216486 0.532666445 -0.039110638 0.201259911 0.024816075 0.999008954 0.032669388 -0.017260747 -0.407843202 0.486777216 -11.003561020 0.000000000 0.000000000 -12.000000000 0.000000000 0.000000000
1776613953.403198242 0.532382905 -0.038676120 0.201257169 0.024692621 0.999030590 0.032265238 -0.016943568 -0.381352097 0.407967836 -10.895052910 0.000000000 0.000000000 -12.000000000 0.000000000 0.000000000
1776613953.409180880 0.532103837 -0.038253576 0.201258302 0.024564305 0.999052763 0.031837411 -0.016629584 -0.356201261 0.330656707 -10.786202431 0.000000000 0.000000000 -12.000000000 0.000000000 0.000000000
1776613953.414003611 0.531804383 -0.037815474 0.201248974 0.024436889 0.999073863 0.031412337 -0.016354477 -0.332380205 0.255022883 -10.677319527 0.000000000 0.000000000 -12.000000000 0.000000000 0.000000000
1776613953.418852568 0.531396329 -0.037336323 0.201219916 0.024323400 0.999090791 0.031032573 -0.016214691 -0.309881628 0.181233630 -10.568709373 0.000000000 0.000000000 -12.000000000 0.000000000 0.000000000
1776613953.423169613 0.530896008 -0.036743872 0.201170385 0.024211079 0.999101996 0.030761659 -0.016208047 -0.288708806 0.109437250 -10.460668564 0.000000000 0.000000000 -12.000000000 0.000000000 0.000000000
1776613953.428163767 0.530348003 -0.036083296 0.201134324 0.024137110 0.999108136 0.030583635 -0.016278259 -0.268883944 0.039753590 -10.353483200 0.000000000 0.000000000 -12.000000000 0.000000000 0.000000000
1776613953.433161497 0.529664576 -0.035326667 0.201098800 0.024096379 0.999106526 0.030526156 -0.016544007 -0.250456691 -0.027735362 -10.247432709 0.000000000 0.000000000 -12.000000000 0.000000000 0.000000000
1776613953.438350439 0.528887272 -0.034514032 0.201062679 0.024090171 0.999098599 0.030569248 -0.016945621 -0.233511314 -0.092991412 -10.142790794 0.000000000 0.000000000 -12.000000000 0.000000000 0.000000000
1776613953.443403006 0.528026760 -0.033643954 0.201027960 0.024073036 0.999086559 0.030680338 -0.017472144 -0.218169942 -0.156020507 -10.039821625 0.000000000 0.000000000 -12.000000000 0.000000000 0.000000000
1776613953.449749231 0.527107716 -0.032706477 0.201010078 0.024038738 0.999070525 0.030869646 -0.018092429 -0.204591766 -0.216866896 -9.938787460 0.000000000 0.000000000 -12.000000000 0.000000000 0.000000000
1776613953.454703569 0.526090026 -0.031725775 0.200981945 0.023952750 0.999051392 0.031101072 -0.018850623 -0.192966789 -0.275603950 -9.839937210 0.000000000 0.000000000 -12.000000000 0.000000000 0.000000000
1776613953.459909916 0.525086761 -0.030678149 0.200979441 0.023845330 0.999029517 0.031418175 -0.019604608 -0.183505580 -0.332327634 -9.743515015 0.000000000 0.000000000 -12.000000000 0.000000000 0.000000000
1776613953.464678288 0.522944629 -0.028530272 0.200958163 0.023631439 0.998975635 0.032169130 -0.021316273 -0.176425666 -0.387153655 -9.649754524 0.000000000 0.000000000 -12.000000000 0.000000000 0.000000000
1776613953.469580889 0.522944629 -0.028530272 0.200958163 0.023631439 0.998975635 0.032169130 -0.021316273 -0.171936780 -0.440215588 -9.558878899 0.000000000 0.000000000 -12.000000000 0.000000000 0.000000000
1776613953.474279404 0.521906674 -0.027393669 0.200957090 0.023524975 0.998944879 0.032632768 -0.022155322 -0.170227185 -0.491661936 -9.471105576 0.000000000 0.000000000 -12.000000000 0.000000000 0.000000000
1776613953.478662729 0.520801842 -0.026288241 0.200928301 0.023387764 0.998912752 0.033067655 -0.023082860 -0.171453461 -0.541649222 -9.386641502 0.000000000 0.000000000 -12.000000000 0.000000000 0.000000000
1776613953.484132767 0.519783795 -0.025227116 0.200896829 0.023220144 0.998884678 0.033438392 -0.023919281 -0.175731897 -0.590330601 -9.305680275 0.000000000 0.000000000 -12.000000000 0.000000000 0.000000000
1776613953.489627838 0.518906057 -0.024224881 0.200887948 0.023004618 0.998863697 0.033729848 -0.024583753 -0.183125123 -0.637841284 -9.228400230 0.000000000 0.000000000 -12.000000000 0.000000000 0.000000000
1776613953.494395733 0.518084288 -0.023247940 0.200857848 0.022715976 0.998847663 0.033961259 -0.025178835 -0.193625286 -0.684283435 -9.154964447 0.000000000 0.000000000 -12.000000000 0.000000000 0.000000000
1776613953.499664068 0.517336190 -0.022255214 0.200824827 0.022412013 0.998834074 0.034186009 -0.025679914 -0.207140043 -0.729719222 -9.085518837 0.000000000 0.000000000 -12.000000000 0.000000000 0.000000000
1776613953.503373861 0.516623259 -0.021273043 0.200770199 0.022107964 0.998821199 0.034407884 -0.026144868 -0.223485813 -0.774173200 -9.020193100 0.000000000 0.000000000 -12.000000000 0.000000000 0.000000000
1776613953.508758068 0.516039729 -0.020270543 0.200732589 0.021880541 0.998808444 0.034677532 -0.026466079 -0.242391720 -0.817644894 -8.959097862 0.000000000 0.000000000 -12.000000000 0.000000000 0.000000000
1776613953.513215780 0.515611291 -0.019325435 0.200730830 0.021722728 0.998799622 0.034918785 -0.026610790 -0.263510883 -0.860122979 -8.902331352 0.000000000 0.000000000 -12.000000000 0.000000000 0.000000000
1776613953.518589735 0.515257597 -0.018464589 0.200734675 0.021569654 0.998796284 0.035062697 -0.026670119 -0.286431640 -0.901587963 -8.849975586 0.000000000 0.000000000 -12.000000000 0.000000000 0.000000000
1776613953.523144960 0.514980018 -0.017561108 0.200755060 0.021424219 0.998794436 0.035224985 -0.026644573 -0.310684621 -0.942004263 -8.802099228 0.000000000 0.000000000 -12.000000000 0.000000000 0.000000000
1776613953.528147221 0.514860630 -0.016566768 0.200794429 0.021256678 0.998795807 0.035445377 -0.026432483 -0.335744828 -0.981316864 -8.758754730 0.000000000 0.000000000 -12.000000000 0.000000000 0.000000000
1776613953.533197880 0.514874458 -0.015575886 0.200832725 0.021119699 0.998800516 0.035668951 -0.026061680 -0.361031443 -1.019456029 -8.719976425 0.000000000 0.000000000 -12.000000000 0.000000000 0.000000000
1776613953.538131237 0.514936984 -0.014599381 0.200845957 0.021080531 0.998803556 0.035918813 -0.025629878 -0.385910749 -1.056347489 -8.685778618 0.000000000 0.000000000 -12.000000000 0.000000000 0.000000000
1776613953.543195009 0.514930844 -0.013604984 0.200794399 0.021138532 0.998799443 0.036232367 -0.025298351 -0.409705311 -1.091924787 -8.656147003 0.000000000 0.000000000 -12.000000000 0.000000000 0.000000000
1776613953.548146248 0.515095532 -0.012587508 0.200772673 0.021215152 0.998798847 0.036565568 -0.024774961 -0.431711286 -1.126136303 -8.631039619 0.000000000 0.000000000 -12.000000000 0.000000000 0.000000000
1776613953.553179264 0.515385747 -0.011489298 0.200776339 0.021309042 0.998797953 0.036976259 -0.024111284 -0.451219946 -1.158948541 -8.610387802 0.000000000 0.000000000 -12.000000000 0.000000000 0.000000000
1776613953.558668137 0.515731752 -0.010306936 0.200789630 0.021392711 0.998795331 0.037460260 -0.023386318 -0.467537165 -1.190345764 -8.594096184 0.000000000 0.000000000 -12.000000000 0.000000000 0.000000000
1776613953.563269138 0.516081393 -0.009083627 0.200807661 0.021468401 0.998790503 0.037988726 -0.022659261 -0.479997784 -1.220326781 -8.582039833 0.000000000 0.000000000 -12.000000000 0.000000000 0.000000000
1776613953.569848776 0.516507685 -0.007907249 0.200824410 0.021563433 0.998787165 0.038499948 -0.021838875 -0.487976313 -1.248900414 -8.574065208 0.000000000 0.000000000 -12.000000000 0.000000000 0.000000000
1776613953.574395418 0.517000675 -0.006775334 0.200829625 0.021658076 0.998785198 0.038990371 -0.020947197 -0.490895212 -1.276077509 -8.569990158 0.000000000 0.000000000 -12.000000000 0.000000000 0.000000000
1776613953.578980684 0.517479956 -0.005686944 0.200797826 0.021711161 0.998784721 0.039427906 -0.020077702 -0.488233507 -1.301864386 -8.569604874 0.000000000 0.000000000 -12.000000000 0.000000000 0.000000000
1776613953.583708286 0.517921627 -0.004611693 0.200752169 0.021649487 0.998787045 0.039809782 -0.019260027 -0.479537070 -1.326256394 -8.572673798 0.000000000 0.000000000 -12.000000000 0.000000000 0.000000000
1776613953.588109016 0.518336177 -0.003553947 0.200705618 0.021511810 0.998791695 0.040132135 -0.018487867 -0.464431316 -1.349234343 -8.578934669 0.000000000 0.000000000 -12.000000000 0.000000000 0.000000000
1776613953.593127489 0.518773556 -0.002569851 0.200660944 0.021295682 0.998801649 0.040358271 -0.017691243 -0.442633510 -1.370761156 -8.588103294 0.000000000 0.000000000 -12.000000000 0.000000000 0.000000000
1776613953.598119497 0.519235790 -0.001670500 0.200633794 0.021028951 0.998816609 0.040478520 -0.016870461 -0.413959563 -1.390779972 -8.599881172 0.000000000 0.000000000 -12.000000000 0.000000000 0.000000000
1776613953.603146553 0.519711137 -0.000860717 0.200618774 0.020710345 0.998835921 0.040502951 -0.016042231 -0.378324121 -1.409212470 -8.613957405 0.000000000 0.000000000 -12.000000000 0.000000000 0.000000000
1776613953.608494043 0.520165503 -0.000076162 0.200594664 0.020360064 0.998856187 0.040483326 -0.015258789 -0.335736573 -1.425957799 -8.630019188 0.000000000 0.000000000 -12.000000000 0.000000000 0.000000000
1776613953.613192081 0.520530105 0.000663050 0.200530052 0.020007608 0.998876095 0.040408887 -0.014605610 -0.286296755 -1.440894485 -8.647753716 0.000000000 0.000000000 -12.000000000 0.000000000 0.000000000
1776613953.618391514 0.520804346 0.001330890 0.200443089 0.019652581 0.998896837 0.040255561 -0.014085438 -0.230194181 -1.453883886 -8.666862488 0.000000000 0.000000000 -12.000000000 0.000000000 0.000000000
1776613953.623361588 0.521066487 0.001906490 0.200365096 0.019317137 0.998920262 0.040000398 -0.013604660 -0.167710394 -1.464775920 -8.687064171 0.000000000 0.000000000 -12.000000000 0.000000000 0.000000000
1776613953.628154516 0.521256268 0.002421433 0.200293124 0.018987423 0.998944640 0.039670903 -0.013242392 -0.099219024 -1.473414898 -8.708106995 0.000000000 0.000000000 -12.000000000 0.000000000 0.000000000
1776613953.633135319 0.521404028 0.002892001 0.200235546 0.018658554 0.998970211 0.039274614 -0.012957638 -0.025181411 -1.479645014 -8.729778290 0.000000000 0.000000000 -12.000000000 0.000000000 0.000000000
1776613953.638541698 0.521520376 0.003315438 0.200195879 0.018342949 0.998996794 0.038817074 -0.012736587 0.053863857 -1.483313918 -8.751909256 0.000000000 0.000000000 -12.000000000 0.000000000 0.000000000
1776613953.643264055 0.521529198 0.003702238 0.200147510 0.018042726 0.999022484 0.038313143 -0.012674737 0.137314945 -1.484276175 -8.774383545 0.000000000 0.000000000 -12.000000000 0.000000000 0.000000000
1776613953.648344517 0.521489203 0.004029991 0.200094044 0.017759547 0.999048769 0.037746634 -0.012700965 0.224519476 -1.482398391 -8.797142982 0.000000000 0.000000000 -12.000000000 0.000000000 0.000000000
1776613953.654551744 0.521450579 0.004311893 0.200053513 0.017502217 0.999075949 0.037123799 -0.012758844 0.314785540 -1.477566004 -8.820189476 0.000000000 0.000000000 -12.000000000 0.000000000 0.000000000
1776613953.659030199 0.521425605 0.004572922 0.200028598 0.017243085 0.999104142 0.036455795 -0.012827466 0.407393903 -1.469689965 -8.843582153 0.000000000 0.000000000 -12.000000000 0.000000000 0.000000000
1776613953.664660931 0.521425962 0.004809083 0.200015128 0.016979048 0.999133825 0.035742220 -0.012877332 0.501612663 -1.458712697 -8.867434502 0.000000000 0.000000000 -12.000000000 0.000000000 0.000000000
1776613953.668621540 0.521455586 0.005024409 0.200015604 0.016707836 0.999164581 0.034995712 -0.012896782 0.596713603 -1.444612622 -8.891909599 0.000000000 0.000000000 -12.000000000 0.000000000 0.000000000
1776613953.673228741 0.521529078 0.005220173 0.200037330 0.016446808 0.999195874 0.034225397 -0.012875431 0.691988826 -1.427405715 -8.917206764 0.000000000 0.000000000 -12.000000000 0.000000000 0.000000000
1776613953.678313017 0.521647573 0.005391249 0.200080574 0.016200356 0.999227405 0.033436168 -0.012813825 0.786765039 -1.407145739 -8.943555832 0.000000000 0.000000000 -12.000000000 0.000000000 0.000000000
1776613953.683322668 0.521776915 0.005543876 0.200126499 0.015975296 0.999258161 0.032638475 -0.012751910 0.880415618 -1.383923173 -8.971200943 0.000000000 0.000000000 -12.000000000 0.000000000 0.000000000
1776613953.688937902 0.521924376 0.005687893 0.200159848 0.015769584 0.999288261 0.031830814 -0.012691162 0.972371042 -1.357862830 -9.000393867 0.000000000 0.000000000 -12.000000000 0.000000000 0.000000000
1776613953.693148136 0.522101581 0.005828876 0.200191796 0.015572181 0.999317765 0.031017911 -0.012624605 1.062127471 -1.329122305 -9.031374931 0.000000000 0.000000000 -12.000000000 0.000000000 0.000000000
1776613953.699562311 0.522298276 0.005967984 0.200213134 0.015388429 0.999346316 0.030205628 -0.012558846 1.149253130 -1.297888517 -9.064361572 0.000000000 0.000000000 -12.000000000 0.000000000 0.000000000
1776613953.703454494 0.522813916 0.006235600 0.200285226 0.015029187 0.999401748 0.028599212 -0.012342764 1.233392358 -1.264373064 -9.099540710 0.000000000 0.000000000 -12.000000000 0.000000000 0.000000000
1776613953.708914042 0.522813916 0.006235600 0.200285226 0.015029187 0.999401748 0.028599212 -0.012342764 1.314266205 -1.228805304 -9.137054443 0.000000000 0.000000000 -12.000000000 0.000000000 0.000000000
1776613953.714465380 0.523130178 0.006364261 0.200323492 0.014869068 0.999427795 0.027821738 -0.012202981 1.391670942 -1.191425681 -9.176998138 0.000000000 0.000000000 -12.000000000 0.000000000 0.000000000
1776613953.718282223 0.523464262 0.006473200 0.200349241 0.014725572 0.999452710 0.027050959 -0.012071621 1.465474129 -1.152477980 -9.219406128 0.000000000 0.000000000 -12.000000000 0.000000000 0.000000000
1776613953.723110914 0.523819506 0.006577740 0.200366616 0.014589951 0.999476492 0.026293196 -0.011939205 1.535608530 -1.112205505 -9.264255524 0.000000000 0.000000000 -12.000000000 0.000000000 0.000000000
1776613953.728222370 0.524180233 0.006674781 0.200367093 0.014443764 0.999499619 0.025535978 -0.011821941 1.602067232 -1.070846796 -9.311460495 0.000000000 0.000000000 -12.000000000 0.000000000 0.000000000
1776613953.733387232 0.524563193 0.006771741 0.200362206 0.014290643 0.999522209 0.024784479 -0.011696236 1.664898396 -1.028634548 -9.360875130 0.000000000 0.000000000 -12.000000000 0.000000000 0.000000000
1776613953.738189220 0.524944186 0.006860548 0.200344056 0.014129221 0.999544203 0.024033224 -0.011582782 1.724201441 -0.985793233 -9.412294388 0.000000000 0.000000000 -12.000000000 0.000000000 0.000000000
1776613953.743618250 0.525322437 0.006956062 0.200327307 0.013962632 0.999565184 0.023293326 -0.011482996 1.780122519 -0.942537367 -9.465462685 0.000000000 0.000000000 -12.000000000 0.000000000 0.000000000
1776613953.748308897 0.525751173 0.007044401 0.200319469 0.013801720 0.999585867 0.022562526 -0.011339673 1.832850814 -0.899068832 -9.520080566 0.000000000 0.000000000 -12.000000000 0.000000000 0.000000000
1776613953.753373861 0.526189268 0.007123240 0.200311542 0.013646552 0.999605417 0.021845950 -0.011203586 1.882612348 -0.855574071 -9.575810432 0.000000000 0.000000000 -12.000000000 0.000000000 0.000000000
1776613953.758227348 0.526615560 0.007201743 0.200296611 0.013492099 0.999623895 0.021140957 -0.011095195 1.929663897 -0.812222898 -9.632292747 0.000000000 0.000000000 -12.000000000 0.000000000 0.000000000
1776613953.763154507 0.527058244 0.007265557 0.200271279 0.013339435 0.999641716 0.020437442 -0.010989470 1.974283695 -0.769168615 -9.689146996 0.000000000 0.000000000 -12.000000000 0.000000000 0.000000000
1776613953.768185616 0.527474523 0.007332278 0.200243920 0.013179275 0.999658346 0.019745303 -0.010934963 2.016762733 -0.726548374 -9.745986938 0.000000000 0.000000000 -12.000000000 0.000000000 0.000000000
1776613953.773141861 0.527869403 0.007403046 0.200201094 0.013018072 0.999673784 0.019063020 -0.010931423 2.057396412 -0.684484422 -9.802427292 0.000000000 0.000000000 -12.000000000 0.000000000 0.000000000
1776613953.778240442 0.528247237 0.007471133 0.200166404 0.012849145 0.999688208 0.018385615 -0.010971221 2.096475124 -0.643084168 -9.858092308 0.000000000 0.000000000 -12.000000000 0.000000000 0.000000000
1776613953.783336639 0.528614461 0.007544757 0.200139314 0.012682202 0.999701381 0.017724426 -0.011051384 2.134277582 -0.602439761 -9.912626266 0.000000000 0.000000000 -12.000000000 0.000000000 0.000000000
1776613953.788145781 0.528912783 0.007616919 0.200105697 0.012522331 0.999712586 0.017075974 -0.011239414 2.171065807 -0.562627852 -9.965703011 0.000000000 0.000000000 -12.000000000 0.000000000 0.000000000
1776613953.794592857 0.529202640 0.007691953 0.200090915 0.012353622 0.999722779 0.016442284 -0.011464317 2.207079887 -0.523710370 -10.017029762 0.000000000 0.000000000 -12.000000000 0.000000000 0.000000000
1776613953.801939726 0.529507697 0.007755403 0.200089723 0.012198243 0.999732256 0.015809119 -0.011691349 2.242537498 -0.485734552 -10.066355705 0.000000000 0.000000000 -12.000000000 0.000000000 0.000000000
1776613953.803274393 0.529985964 0.007896168 0.200096101 0.011892065 0.999746442 0.014584794 -0.012366528 2.277631044 -0.448733330 -10.113476753 0.000000000 0.000000000 -12.000000000 0.000000000 0.000000000
1776613953.808296204 0.529985964 0.007896168 0.200096101 0.011892065 0.999746442 0.014584794 -0.012366528 2.312528133 -0.412726521 -10.158237457 0.000000000 0.000000000 -12.000000000 0.000000000 0.000000000
1776613953.813127518 0.530186892 0.007969636 0.200100243 0.011754537 0.999751389 0.013987930 -0.012777755 2.347369194 -0.377722561 -10.200531006 0.000000000 0.000000000 -12.000000000 0.000000000 0.000000000
1776613953.818211079 0.530365467 0.008033688 0.200099021 0.011645080 0.999754846 0.013406293 -0.013223907 2.382268190 -0.343719989 -10.240295410 0.000000000 0.000000000 -12.000000000 0.000000000 0.000000000
1776613953.823113918 0.530536830 0.008075835 0.200105190 0.011560896 0.999757111 0.012826400 -0.013693959 2.417316437 -0.310707867 -10.277512550 0.000000000 0.000000000 -12.000000000 0.000000000 0.000000000
1776613953.828170300 0.530697644 0.008096449 0.200120211 0.011488852 0.999758422 0.012242633 -0.014184567 2.452584743 -0.278665304 -10.312204361 0.000000000 0.000000000 -12.000000000 0.000000000 0.000000000
1776613953.833297491 0.530845642 0.008103460 0.200121641 0.011432345 0.999758482 0.011667874 -0.014700235 2.488128901 -0.247560397 -10.344424248 0.000000000 0.000000000 -12.000000000 0.000000000 0.000000000
1776613953.838201761 0.530982256 0.008102963 0.200110435 0.011377839 0.999757588 0.011097656 -0.015237276 2.523993015 -0.217349678 -10.374258995 0.000000000 0.000000000 -12.000000000 0.000000000 0.000000000
1776613953.844578028 0.531151116 0.008080661 0.200110555 0.011326670 0.999756396 0.010528663 -0.015749672 2.560215473 -0.187978327 -10.401819229 0.000000000 0.000000000 -12.000000000 0.000000000 0.000000000
1776613953.848640680 0.531352997 0.008047155 0.200111210 0.011265539 0.999755263 0.009960078 -0.016228102 2.596832991 -0.159380406 -10.427236557 0.000000000 0.000000000 -12.000000000 0.000000000 0.000000000
1776613953.854499578 0.531584859 0.007980447 0.200131148 0.011222648 0.999753833 0.009386354 -0.016680824 2.633882284 -0.131478935 -10.450660706 0.000000000 0.000000000 -12.000000000 0.000000000 0.000000000
1776613953.858270645 0.531878769 0.007912989 0.200171798 0.011171753 0.999752998 0.008823819 -0.017065629 2.671403170 -0.104186274 -10.472254753 0.000000000 0.000000000 -12.000000000 0.000000000 0.000000000
1776613953.863924980 0.532191157 0.007826783 0.200214297 0.011124780 0.999751806 0.008269405 -0.017440153 2.709439039 -0.077404864 -10.492190361 0.000000000 0.000000000 -12.000000000 0.000000000 0.000000000
1776613953.868135929 0.532513499 0.007725084 0.200231224 0.011089531 0.999750078 0.007717489 -0.017810732 2.748036861 -0.051029336 -10.510643005 0.000000000 0.000000000 -12.000000000 0.000000000 0.000000000
1776613953.873238087 0.532800853 0.007601467 0.200215906 0.011052265 0.999746978 0.007165022 -0.018233888 2.787247419 -0.024949266 -10.527795792 0.000000000 0.000000000 -12.000000000 0.000000000 0.000000000
1776613953.878501654 0.533143938 0.007477535 0.200201929 0.011014980 0.999744534 0.006611694 -0.018597361 2.827124119 0.000948348 -10.543830872 0.000000000 0.000000000 -12.000000000 0.000000000 0.000000000
1776613953.883128643 0.533556163 0.007339287 0.200189114 0.010951914 0.999743402 0.006053555 -0.018883204 2.867720127 0.026777161 -10.558929443 0.000000000 0.000000000 -12.000000000 0.000000000 0.000000000
1776613953.888391495 0.533932745 0.007207847 0.200159281 0.010854334 0.999741495 0.005495123 -0.019206053 2.909087658 0.052649293 -10.573272705 0.000000000 0.000000000 -12.000000000 0.000000000 0.000000000
1776613953.895013571 0.534364581 0.007062973 0.200136781 0.010766101 0.999740362 0.004924834 -0.019469332 2.951275349 0.078672804 -10.587031364 0.000000000 0.000000000 -12.000000000 0.000000000 0.000000000
1776613953.898480654 0.535404205 0.006739461 0.200141728 0.010528192 0.999741614 0.003764747 -0.019792136 2.994327307 0.104949221 -10.600366592 0.000000000 0.000000000 -12.000000000 0.000000000 0.000000000
1776613953.903344631 0.535404205 0.006739461 0.200141728 0.010528192 0.999741614 0.003764747 -0.019792136 3.038284063 0.131571382 -10.613429070 0.000000000 0.000000000 -12.000000000 0.000000000 0.000000000
1776613953.908257008 0.535992086 0.006570023 0.200151682 0.010402355 0.999743342 0.003168922 -0.019873967 3.083182573 0.158621654 -10.626358032 0.000000000 0.000000000 -12.000000000 0.000000000 0.000000000
1776613953.913152218 0.536628127 0.006414976 0.200162530 0.010258649 0.999746084 0.002573828 -0.019897697 3.129057884 0.186170146 -10.639286041 0.000000000 0.000000000 -12.000000000 0.000000000 0.000000000
1776613953.918169022 0.537271023 0.006256836 0.200156003 0.010076098 0.999749124 0.001971811 -0.019906381 3.175945520 0.214272320 -10.652335167 0.000000000 0.000000000 -12.000000000 0.000000000 0.000000000
1776613953.923313618 0.537942827 0.006074707 0.200156718 0.009895269 0.999752641 0.001347638 -0.019871311 3.223883390 0.242966354 -10.665623665 0.000000000 0.000000000 -12.000000000 0.000000000 0.000000000
1776613953.928134680 0.538634777 0.005884819 0.200161994 0.009734447 0.999756217 0.000714927 -0.019804336 3.272912979 0.272271693 -10.679260254 0.000000000 0.000000000 -12.000000000 0.000000000 0.000000000
1776613953.933204651 0.539373457 0.005715166 0.200164020 0.009563501 0.999760568 0.000092741 -0.019680157 3.323078156 0.302188993 -10.693346024 0.000000000 0.000000000 -12.000000000 0.000000000 0.000000000
1776613953.938306808 0.540157557 0.005547037 0.200163394 0.009374750 0.999765694 -0.000529729 -0.019502779 3.374422073 0.332700640 -10.707977295 0.000000000 0.000000000 -12.000000000 0.000000000 0.000000000
1776613953.943154573 0.540982306 0.005388007 0.200157493 0.009198858 0.999771178 -0.001151337 -0.019279538 3.426986933 0.363771290 -10.723241806 0.000000000 0.000000000 -12.000000000 0.000000000 0.000000000
1776613953.948319912 0.541844785 0.005215182 0.200160474 0.009041367 0.999776900 -0.001779346 -0.019006509 3.480811119 0.395347923 -10.739224434 0.000000000 0.000000000 -12.000000000 0.000000000 0.000000000
1776613953.953696489 0.542749047 0.005053199 0.200166702 0.008865784 0.999783158 -0.002410788 -0.018686336 3.535926580 0.427359730 -10.756003380 0.000000000 0.000000000 -12.000000000 0.000000000 0.000000000
1776613953.958530426 0.543669641 0.004888584 0.200183928 0.008703891 0.999789357 -0.003032935 -0.018339293 3.592356682 0.459718794 -10.773653984 0.000000000 0.000000000 -12.000000000 0.000000000 0.000000000
1776613953.963944197 0.544595718 0.004720469 0.200191796 0.008563928 0.999794960 -0.003656899 -0.017980846 3.650112391 0.492321640 -10.792250633 0.000000000 0.000000000 -12.000000000 0.000000000 0.000000000
1776613953.968471766 0.545546591 0.004555194 0.200199306 0.008436215 0.999800682 -0.004269680 -0.017585607 3.709193945 0.525050819 -10.811861992 0.000000000 0.000000000 -12.000000000 0.000000000 0.000000000
1776613953.973305702 0.546471119 0.004408879 0.200191349 0.008347517 0.999805093 -0.004839637 -0.017222943 3.769590855 0.557775855 -10.832558632 0.000000000 0.000000000 -12.000000000 0.000000000 0.000000000
1776613953.978129387 0.547392905 0.004316728 0.200163037 0.008288404 0.999809146 -0.005347888 -0.016863452 3.831282616 0.590350986 -10.854409218 0.000000000 0.000000000 -12.000000000 0.000000000 0.000000000
1776613953.983148813 0.548341990 0.004253244 0.200145960 0.008277822 0.999813259 -0.005791128 -0.016475396 3.894234896 0.622611821 -10.877481461 0.000000000 0.000000000 -12.000000000 0.000000000 0.000000000
1776613953.988251209 0.549260199 0.004231493 0.200129896 0.008309491 0.999816418 -0.006167511 -0.016124308 3.958395720 0.654371679 -10.901846886 0.000000000 0.000000000 -12.000000000 0.000000000 0.000000000
1776613953.993149281 0.550267756 0.004287031 0.200164318 0.008385967 0.999821424 -0.006437824 -0.015664138 4.023690224 0.685418785 -10.927575111 0.000000000 0.000000000 -12.000000000 0.000000000 0.000000000
1776613953.999557018 0.551253021 0.004440101 0.200220555 0.008506519 0.999826252 -0.006579223 -0.015227430 4.090020657 0.715513170 -10.954738617 0.000000000 0.000000000 -12.000000000 0.000000000 0.000000000
1776613954.003312588 0.552163422 0.004655948 0.200244397 0.008676392 0.999829650 -0.006623122 -0.014883271 4.157264233 0.744384348 -10.983407974 0.000000000 0.000000000 -12.000000000 0.000000000 0.000000000
1776613954.009451628 0.553020179 0.004867889 0.200236589 0.008895115 0.999831855 -0.006622983 -0.014602917 4.225272655 0.771731436 -11.013652802 0.000000000 0.000000000 -12.000000000 0.000000000 0.000000000
1776613954.013235331 0.553805292 0.005097812 0.200204074 0.009111235 0.999832869 -0.006575815 -0.014420067 4.293873787 0.797227800 -11.045543671 0.000000000 0.000000000 -12.000000000 0.000000000 0.000000000
1776613954.018557072 0.554608941 0.005367166 0.200186878 0.009313137 0.999834657 -0.006480693 -0.014208270 4.362871170 0.820528030 -11.079150200 0.000000000 0.000000000 -12.000000000 0.000000000 0.000000000
1776613954.023279428 0.555489779 0.005658947 0.200192958 0.009493789 0.999838114 -0.006360140 -0.013898366 4.432046413 0.841276467 -11.114548683 0.000000000 0.000000000 -12.000000000 0.000000000 0.000000000
1776613954.028618574 0.556380272 0.005967967 0.200205296 0.009622903 0.999842346 -0.006218612 -0.013565654 4.501169205 0.859113634 -11.151812553 0.000000000 0.000000000 -12.000000000 0.000000000 0.000000000
1776613954.033161640 0.557238877 0.006277833 0.200199425 0.009720040 0.999846339 -0.006062485 -0.013269096 4.570012569 0.873681068 -11.191020012 0.000000000 0.000000000 -12.000000000 0.000000000 0.000000000
1776613954.039168835 0.558167458 0.006598445 0.200199485 0.009806491 0.999851644 -0.005875368 -0.012885383 4.638361454 0.884626389 -11.232249260 0.000000000 0.000000000 -12.000000000 0.000000000 0.000000000
1776613954.043148994 0.559133768 0.006939179 0.200196177 0.009888033 0.999857426 -0.005653052 -0.012464954 4.706017494 0.891608953 -11.275577545 0.000000000 0.000000000 -12.000000000 0.000000000 0.000000000
1776613954.048146725 0.560073733 0.007286777 0.200179607 0.009936997 0.999862969 -0.005425900 -0.012078955 4.772798061 0.894306958 -11.321083069 0.000000000 0.000000000 -12.000000000 0.000000000 0.000000000
1776613954.053165913 0.561005771 0.007625587 0.200153559 0.009969515 0.999868274 -0.005200564 -0.011704140 4.838531017 0.892425120 -11.368844032 0.000000000 0.000000000 -12.000000000 0.000000000 0.000000000
1776613954.058211803 0.561934233 0.007952560 0.200151324 0.009988291 0.999873638 -0.004979881 -0.011321611 4.903054714 0.885702431 -11.418935776 0.000000000 0.000000000 -12.000000000 0.000000000 0.000000000
1776613954.063138723 0.562788785 0.008246476 0.200146377 0.009989393 0.999877810 -0.004796298 -0.011026059 4.966218472 0.873918712 -11.471431732 0.000000000 0.000000000 -12.000000000 0.000000000 0.000000000
1776613954.068146467 0.563639700 0.008472787 0.200147569 0.009981223 0.999881685 -0.004676931 -0.010727285 5.027880669 0.856903315 -11.526405334 0.000000000 0.000000000 -12.000000000 0.000000000 0.000000000
1776613954.073332071 0.564509094 0.008640964 0.200157017 0.009972459 0.999885440 -0.004607514 -0.010410953 5.087906361 0.834542751 -11.583926201 0.000000000 0.000000000 -12.000000000 0.000000000 0.000000000
1776613954.078189135 0.565322340 0.008802405 0.200147450 0.009950574 0.999888480 -0.004556381 -0.010164043 5.146168232 0.806786478 -11.644064903 0.000000000 0.000000000 -12.000000000 0.000000000 0.000000000
1776613954.083429575 0.566105783 0.008958700 0.200135171 0.009895560 0.999891102 -0.004539709 -0.009960177 5.202540874 0.773649335 -11.706893921 0.000000000 0.000000000 -12.000000000 0.000000000 0.000000000
1776613954.088361740 0.566844583 0.009079552 0.200122327 0.009838578 0.999893069 -0.004561510 -0.009810421 5.256900787 0.735210836 -11.772480011 0.000000000 0.000000000 -12.000000000 0.000000000 0.000000000
1776613954.093135834 0.567556858 0.009148734 0.200120658 0.009794686 0.999894321 -0.004621746 -0.009695414 5.309123993 0.691613436 -11.840892792 0.000000000 0.000000000 -12.000000000 0.000000000 0.000000000
1776613954.098172903 0.568147838 0.009202461 0.200101525 0.009763741 0.999894023 -0.004689563 -0.009725309 5.359081268 0.643059731 -11.912196159 0.000000000 0.000000000 -12.000000000 0.000000000 0.000000000
1776613954.103310823 0.568730652 0.009279011 0.200088620 0.009736536 0.999893665 -0.004731279 -0.009768866 5.406641006 0.589809418 -11.986454010 0.000000000 0.000000000 -12.000000000 0.000000000 0.000000000
1776613954.108112574 0.569324911 0.009352131 0.200090438 0.009714176 0.999893427 -0.004773497 -0.009800053 5.451673508 0.532173872 -12.063725471 0.000000000 0.000000000 -12.000000000 0.000000000 0.000000000
1776613954.113206387 0.569858789 0.009407407 0.200069159 0.009720292 0.999892056 -0.004819211 -0.009910420 5.494060993 0.470509052 -12.144063950 0.000000000 0.000000000 -12.000000000 0.000000000 0.000000000
1776613954.118207455 0.570373893 0.009445202 0.200035334 0.009764493 0.999890089 -0.004859349 -0.010043936 5.533706665 0.405206859 -12.227520943 0.000000000 0.000000000 -12.000000000 0.000000000 0.000000000
1776613954.123678923 0.570867896 0.009486728 0.199987382 0.009833895 0.999887645 -0.004877117 -0.010209556 5.570542336 0.336686224 -12.314144135 0.000000000 0.000000000 -12.000000000 0.000000000 0.000000000
1776613954.129611969 0.571410000 0.009562971 0.199969947 0.009931593 0.999885738 -0.004834729 -0.010318900 5.604531288 0.265383691 -12.403979301 0.000000000 0.000000000 -12.000000000 0.000000000 0.000000000
1776613954.133666754 0.572011054 0.009678391 0.199999690 0.010054153 0.999884605 -0.004726160 -0.010358671 5.635668278 0.191743955 -12.497075081 0.000000000 0.000000000 -12.000000000 0.000000000 0.000000000
1776613954.139631033 0.572663426 0.009839044 0.200050682 0.010200154 0.999884248 -0.004545541 -0.010331109 5.663983822 0.116209820 -12.593477249 0.000000000 0.000000000 -12.000000000 0.000000000 0.000000000
1776613954.143156528 0.573227942 0.010027135 0.200069636 0.010367071 0.999882877 -0.004306846 -0.010404242 5.689544201 0.039212272 -12.693228722 0.000000000 0.000000000 -12.000000000 0.000000000 0.000000000
1776613954.149358273 0.573720872 0.010238282 0.200052738 0.010557379 0.999880373 -0.004013866 -0.010566335 5.712450981 -0.038838807 -12.796368599 0.000000000 0.000000000 -12.000000000 0.000000000 0.000000000
1776613954.153587103 0.574181974 0.010476151 0.200029939 0.010773820 0.999877274 -0.003664279 -0.010766924 5.732836246 -0.117562190 -12.902922630 0.000000000 0.000000000 -12.000000000 0.000000000 0.000000000
1776613954.159468412 0.574657798 0.010731484 0.200005412 0.011035104 0.999873817 -0.003255808 -0.010952272 5.750851631 -0.196610719 -13.012905121 0.000000000 0.000000000 -12.000000000 0.000000000 0.000000000
1776613954.163723707 0.575166285 0.010987652 0.200001538 0.011337304 0.999870241 -0.002807889 -0.011092915 5.766661644 -0.275674462 -13.126308441 0.000000000 0.000000000 -12.000000000 0.000000000 0.000000000
1776613954.169518471 0.575646043 0.011245443 0.199996382 0.011666701 0.999865711 -0.002330884 -0.011267639 5.780437469 -0.354481608 -13.243103027 0.000000000 0.000000000 -12.000000000 0.000000000 0.000000000
1776613954.173488379 0.576122284 0.011509367 0.200002462 0.012022565 0.999860585 -0.001826503 -0.011441955 5.792349815 -0.432797760 -13.363229752 0.000000000 0.000000000 -12.000000000 0.000000000 0.000000000
1776613954.178153992 0.576645434 0.011773767 0.200029999 0.012393168 0.999855518 -0.001309744 -0.011560985 5.802568436 -0.510423899 -13.486596107 0.000000000 0.000000000 -12.000000000 0.000000000 0.000000000
1776613954.183330536 0.577225327 0.012023865 0.200064927 0.012781812 0.999850571 -0.000790175 -0.011614393 5.811257839 -0.587193847 -13.613079071 0.000000000 0.000000000 -12.000000000 0.000000000 0.000000000
1776613954.188260078 0.577766240 0.012266269 0.200066239 0.013186849 0.999844372 -0.000265032 -0.011715596 5.818578720 -0.662971258 -13.742522240 0.000000000 0.000000000 -12.000000000 0.000000000 0.000000000
1776613954.194229603 0.578314245 0.012489748 0.200041711 0.013609099 0.999837577 0.000254950 -0.011811581 5.824688435 -0.737646580 -13.874735832 0.000000000 0.000000000 -12.000000000 0.000000000 0.000000000
1776613954.198220491 0.578845501 0.012702214 0.200014949 0.014042375 0.999830067 0.000777145 -0.011917902 5.829743862 -0.811132431 -14.009501457 0.000000000 0.000000000 -12.000000000 0.000000000 0.000000000
1776613954.203387737 0.579396427 0.012886256 0.199996293 0.014508142 0.999821901 0.001302693 -0.011997890 5.833899975 -0.883358479 -14.146574974 0.000000000 0.000000000 -12.000000000 0.000000000 0.000000000
1776613954.209884167 0.579948962 0.013034624 0.199989855 0.014997724 0.999813020 0.001820810 -0.012071931 5.837306023 -0.954266489 -14.285685539 0.000000000 0.000000000 -12.000000000 0.000000000 0.000000000
1776613954.213160276 0.581007123 0.013277091 0.199971855 0.016017914 0.999792218 0.002856390 -0.012278365 5.840102673 -1.023805737 -14.426546097 0.000000000 0.000000000 -12.000000000 0.000000000 0.000000000
1776613954.219551563 0.581007123 0.013277091 0.199971855 0.016017914 0.999792218 0.002856390 -0.012278365 5.842420578 -1.091928124 -14.568854332 0.000000000 0.000000000 -12.000000000 0.000000000 0.000000000
1776613954.223126173 0.581511796 0.013380075 0.199973673 0.016545156 0.999780357 0.003378393 -0.012413787 5.844373226 -1.158584356 -14.712302208 0.000000000 0.000000000 -12.000000000 0.000000000 0.000000000
1776613954.229443550 0.581992745 0.013461785 0.199987352 0.017082879 0.999767482 0.003894039 -0.012570472 5.846059799 -1.223719835 -14.856579781 0.000000000 0.000000000 -12.000000000 0.000000000 0.000000000
1776613954.233251333 0.582447529 0.013530082 0.200000882 0.017629717 0.999753535 0.004407318 -0.012752646 5.847558498 -1.287272453 -15.001380920 0.000000000 0.000000000 -12.000000000 0.000000000 0.000000000
1776613954.238235712 0.582816601 0.013578285 0.199994922 0.018184267 0.999737620 0.004909336 -0.013033723 5.848929405 -1.349171758 -15.146401405 0.000000000 0.000000000 -12.000000000 0.000000000 0.000000000
1776613954.243157387 0.583152354 0.013608512 0.199987382 0.018748961 0.999720454 0.005408106 -0.013351096 5.850214958 -1.409338593 -15.291347504 0.000000000 0.000000000 -12.000000000 0.000000000 0.000000000
1776613954.248390436 0.583485007 0.013612476 0.199985176 0.019335255 0.999702096 0.005906973 -0.013672755 5.851442814 -1.467684627 -15.435931206 0.000000000 0.000000000 -12.000000000 0.000000000 0.000000000
1776613954.253130198 0.583829463 0.013579078 0.199982762 0.019951828 0.999682665 0.006403507 -0.013983178 5.852628708 -1.524112821 -15.579874039 0.000000000 0.000000000 -12.000000000 0.000000000 0.000000000
1776613954.258399725 0.584128320 0.013528108 0.199960679 0.020586420 0.999661267 0.006903604 -0.014349350 5.853783131 -1.578517079 -15.722908020 0.000000000 0.000000000 -12.000000000 0.000000000 0.000000000
1776613954.263117552 0.584128320 0.013528108 0.199960679 0.020586420 0.999661267 0.006903604 -0.014349350 5.854912281 -1.630782723 -15.864778519 0.000000000 0.000000000 -12.000000000 0.000000000 0.000000000
1776613954.268113613 0.584391892 0.013468116 0.199932039 0.021224942 0.999638319 0.007403241 -0.014760655 5.856019020 -1.680787325 -16.005243301 0.000000000 0.000000000 -12.000000000 0.000000000 0.000000000
1776613954.273339748 0.584966242 0.013346079 0.199954212 0.022523833 0.999590218 0.008428217 -0.015524882 5.857102394 -1.728401184 -16.144077301 0.000000000 0.000000000 -12.000000000 0.000000000 0.000000000
1776613954.278247356 0.585231006 0.013243681 0.199990690 0.023205120 0.999563873 0.008935006 -0.015928684 5.858154774 -1.773488164 -16.281074524 0.000000000 0.000000000 -12.000000000 0.000000000 0.000000000
1776613954.283615828 0.585384965 0.013155265 0.200005382 0.023876105 0.999534667 0.009451686 -0.016462177 5.859164715 -1.815905094 -16.416042328 0.000000000 0.000000000 -12.000000000 0.000000000 0.000000000
1776613954.289486170 0.585504413 0.013109508 0.200002223 0.024510903 0.999504447 0.009985803 -0.017039798 5.860116005 -1.855502129 -16.548810959 0.000000000 0.000000000 -12.000000000 0.000000000 0.000000000
1776613954.293151855 0.585581839 0.013051102 0.200000316 0.025154158 0.999472082 0.010521490 -0.017665751 5.860991001 -1.892122626 -16.679225922 0.000000000 0.000000000 -12.000000000 0.000000000 0.000000000
1776613954.299412727 0.585691631 0.012947114 0.199995011 0.025832973 0.999438524 0.011047052 -0.018254219 5.861771584 -1.925605416 -16.807153702 0.000000000 0.000000000 -12.000000000 0.000000000 0.000000000
1776613954.303172588 0.585776329 0.012831720 0.199989647 0.026527241 0.999403000 0.011578010 -0.018865099 5.862442017 -1.955786586 -16.932472229 0.000000000 0.000000000 -12.000000000 0.000000000 0.000000000
1776613954.309572935 0.585850775 0.012730457 0.199978799 0.027225463 0.999365807 0.012130945 -0.019483099 5.862993717 -1.982500553 -17.055086136 0.000000000 0.000000000 -12.000000000 0.000000000 0.000000000
1776613954.313231468 0.585905313 0.012624980 0.199980229 0.027924148 0.999326944 0.012685533 -0.020125479 5.863425732 -2.005580187 -17.174907684 0.000000000 0.000000000 -12.000000000 0.000000000 0.000000000
1776613954.318188906 0.586000502 0.012513136 0.200008303 0.028626021 0.999287784 0.013241925 -0.020716136 5.863744259 -2.024856091 -17.291864395 0.000000000 0.000000000 -12.000000000 0.000000000 0.000000000
1776613954.324789047 0.586178184 0.012379057 0.200063974 0.029329121 0.999249756 0.013783718 -0.021205779 5.863960266 -2.040157795 -17.405895233 0.000000000 0.000000000 -12.000000000 0.000000000 0.000000000
1776613954.328184366 0.586362839 0.012239734 0.200117648 0.030032611 0.999211013 0.014327593 -0.021680979 5.864088058 -2.051313162 -17.516933441 0.000000000 0.000000000 -12.000000000 0.000000000 0.000000000
1776613954.334251881 0.586492062 0.012121717 0.200131148 0.030722003 0.999170125 0.014881913 -0.022220146 5.864149570 -2.058149338 -17.624921799 0.000000000 0.000000000 -12.000000000 0.000000000 0.000000000
1776613954.338153839 0.586611986 0.012015447 0.200124860 0.031404544 0.999128044 0.015444057 -0.022767629 5.864178658 -2.060491800 -17.729793549 0.000000000 0.000000000 -12.000000000 0.000000000 0.000000000
1776613954.343233109 0.586776733 0.011888388 0.200123280 0.032091927 0.999086022 0.016000114 -0.023264032 5.864220142 -2.058164597 -17.831480026 0.000000000 0.000000000 -12.000000000 0.000000000 0.000000000
1776613954.348162889 0.586972117 0.011728201 0.200136065 0.032793142 0.999043941 0.016537771 -0.023712486 5.864332199 -2.050992250 -17.929903030 0.000000000 0.000000000 -12.000000000 0.000000000 0.000000000
1776613954.353157759 0.587176383 0.011528561 0.200153589 0.033510827 0.999001086 0.017056802 -0.024142561 5.864581585 -2.038802147 -18.024976730 0.000000000 0.000000000 -12.000000000 0.000000000 0.000000000
1776613954.358213663 0.587379694 0.011322370 0.200174928 0.034227479 0.998957574 0.017573031 -0.024564497 5.865041256 -2.021426916 -18.116605759 0.000000000 0.000000000 -12.000000000 0.000000000 0.000000000
1776613954.363364458 0.587600708 0.011128509 0.200206131 0.034935948 0.998913765 0.018099088 -0.024962705 5.865785599 -1.998707056 -18.204677582 0.000000000 0.000000000 -12.000000000 0.000000000 0.000000000
1776613954.369471073 0.587857604 0.010932265 0.200245649 0.035640672 0.998870194 0.018626342 -0.025321469 5.866886139 -1.970494032 -18.289066315 0.000000000 0.000000000 -12.000000000 0.000000000 0.000000000
1776613954.373231411 0.588099837 0.010722893 0.200276047 0.036339972 0.998825848 0.019139726 -0.025689762 5.868404865 -1.936655164 -18.369632721 0.000000000 0.000000000 -12.000000000 0.000000000 0.000000000
1776613954.379446983 0.588305950 0.010492939 0.200298220 0.037045341 0.998779535 0.019646019 -0.026098076 5.870391846 -1.897075534 -18.446224213 0.000000000 0.000000000 -12.000000000 0.000000000 0.000000000
1776613954.383718729 0.588521063 0.010271380 0.200319737 0.037728179 0.998733878 0.020146620 -0.026483133 5.872878551 -1.851661563 -18.518672943 0.000000000 0.000000000 -12.000000000 0.000000000 0.000000000
1776613954.389671326 0.588687003 0.010066625 0.200330555 0.038400762 0.998686075 0.020657960 -0.026920969 5.875877857 -1.800341487 -18.586801529 0.000000000 0.000000000 -12.000000000 0.000000000 0.000000000
1776613954.393176317 0.588927448 0.009857105 0.200368404 0.039082933 0.998639405 0.021177115 -0.027265791 5.879382133 -1.743067741 -18.650428772 0.000000000 0.000000000 -12.000000000 0.000000000 0.000000000
1776613954.399122238 0.589172125 0.009666653 0.200402737 0.039772656 0.998591304 0.021722037 -0.027597856 5.883369446 -1.679821253 -18.709365845 0.000000000 0.000000000 -12.000000000 0.000000000 0.000000000
1776613954.404524803 0.589484453 0.009468778 0.200424671 0.040487975 0.998543322 0.022287063 -0.027842248 5.887806416 -1.610615373 -18.763416290 0.000000000 0.000000000 -12.000000000 0.000000000 0.000000000
1776613954.408512115 0.589840591 0.009239240 0.200445443 0.041209094 0.998496652 0.022828365 -0.028019730 5.892658234 -1.535498023 -18.812383652 0.000000000 0.000000000 -12.000000000 0.000000000 0.000000000
1776613954.414469481 0.590202272 0.009022158 0.200446934 0.041943457 0.998448133 0.023399461 -0.028188339 5.897899628 -1.454553366 -18.856069565 0.000000000 0.000000000 -12.000000000 0.000000000 0.000000000
1776613954.418174505 0.590648234 0.008850188 0.200459540 0.042668004 0.998401165 0.024009125 -0.028250674 5.903521538 -1.367903590 -18.894281387 0.000000000 0.000000000 -12.000000000 0.000000000 0.000000000
1776613954.423369408 0.591205001 0.008669812 0.200493336 0.043406747 0.998356521 0.024628496 -0.028170271 5.909536839 -1.275713205 -18.926834106 0.000000000 0.000000000 -12.000000000 0.000000000 0.000000000
1776613954.428173065 0.591869354 0.008452291 0.200541288 0.044155534 0.998315096 0.025226951 -0.027942915 5.915983200 -1.178192496 -18.953556061 0.000000000 0.000000000 -12.000000000 0.000000000 0.000000000
1776613954.433208942 0.592574358 0.008204563 0.200600624 0.044900969 0.998275578 0.025799163 -0.027642792 5.922932625 -1.075596333 -18.974294662 0.000000000 0.000000000 -12.000000000 0.000000000 0.000000000
1776613954.438598871 0.593316853 0.007936970 0.200639844 0.045627248 0.998238623 0.026337825 -0.027278388 5.930491924 -0.968221068 -18.988910675 0.000000000 0.000000000 -12.000000000 0.000000000 0.000000000
1776613954.444606543 0.594098210 0.007638943 0.200672895 0.046329778 0.998204648 0.026833562 -0.026852351 5.938802242 -0.856398106 -18.997282028 0.000000000 0.000000000 -12.000000000 0.000000000 0.000000000
1776613954.448349714 0.594928622 0.007307904 0.200691462 0.047017947 0.998173177 0.027290130 -0.026361397 5.948031902 -0.740487516 -18.999307632 0.000000000 0.000000000 -12.000000000 0.000000000 0.000000000
1776613954.453785896 0.595809042 0.006901475 0.200702846 0.047707509 0.998144507 0.027676752 -0.025799086 5.958366871 -0.620872378 -18.994903564 0.000000000 0.000000000 -12.000000000 0.000000000 0.000000000
1776613954.458150387 0.596715152 0.006419351 0.200700611 0.048399605 0.998117983 0.027989481 -0.025190001 5.969998360 -0.497952878 -18.984004974 0.000000000 0.000000000 -12.000000000 0.000000000 0.000000000
1776613954.463206768 0.597635806 0.005880421 0.200709492 0.049077328 0.998093903 0.028240342 -0.024545247 5.983118534 -0.372140765 -18.966567993 0.000000000 0.000000000 -12.000000000 0.000000000 0.000000000
1776613954.468196392 0.598569572 0.005328355 0.200718999 0.049729701 0.998071849 0.028457835 -0.023868257 5.997910500 -0.243853837 -18.942567825 0.000000000 0.000000000 -12.000000000 0.000000000 0.000000000
1776613954.473263502 0.599548519 0.004738720 0.200747907 0.050360013 0.998053014 0.028624162 -0.023122706 6.014540672 -0.113511048 -18.912004471 0.000000000 0.000000000 -12.000000000 0.000000000 0.000000000
1776613954.479608774 0.600564480 0.004107499 0.200770885 0.050975721 0.998036683 0.028736988 -0.022325179 6.033153057 0.018471407 -18.874902725 0.000000000 0.000000000 -12.000000000 0.000000000 0.000000000
1776613954.483145714 0.602586389 0.002762051 0.200794011 0.052194364 0.998004198 0.028876495 -0.020725656 6.053858280 0.151682958 -18.831310272 0.000000000 0.000000000 -12.000000000 0.000000000 0.000000000
1776613954.488431692 0.602586389 0.002762051 0.200794011 0.052194364 0.998004198 0.028876495 -0.020725656 6.076727867 0.285719782 -18.781303406 0.000000000 0.000000000 -12.000000000 0.000000000 0.000000000
1776613954.493113279 0.603571951 0.002131088 0.200793713 0.052798420 0.997985065 0.028982759 -0.019954145 6.101788044 0.420184016 -18.724987030 0.000000000 0.000000000 -12.000000000 0.000000000 0.000000000
1776613954.498203993 0.604514539 0.001507385 0.200781703 0.053415570 0.997962892 0.029103875 -0.019228999 6.129013062 0.554680943 -18.662496567 0.000000000 0.000000000 -12.000000000 0.000000000 0.000000000
1776613954.503299236 0.605311930 0.000933371 0.200751126 0.054061595 0.997932732 0.029297762 -0.018687101 6.158320904 0.688814938 -18.593997955 0.000000000 0.000000000 -12.000000000 0.000000000 0.000000000
1776613954.508553028 0.605884731 0.000426505 0.200692236 0.054712459 0.997894287 0.029561063 -0.018429868 6.189555168 0.822184682 -18.519691467 0.000000000 0.000000000 -12.000000000 0.000000000 0.000000000
1776613954.513326645 0.606398225 -0.000025166 0.200652808 0.055376850 0.997850835 0.029896986 -0.018255187 6.222468853 0.954380274 -18.439802170 0.000000000 0.000000000 -12.000000000 0.000000000 0.000000000
1776613954.519642115 0.606899083 -0.000437679 0.200653553 0.056063004 0.997803092 0.030300640 -0.018104060 6.256713867 1.084982753 -18.354595184 0.000000000 0.000000000 -12.000000000 0.000000000 0.000000000
1776613954.523172379 0.607283711 -0.000785699 0.200673342 0.056759384 0.997748911 0.030788735 -0.018096460 6.291844845 1.213566899 -18.264360428 0.000000000 0.000000000 -12.000000000 0.000000000 0.000000000
1776613954.529016256 0.607568562 -0.001049260 0.200703174 0.057394058 0.997692525 0.031371411 -0.018205471 6.327339172 1.339705467 -18.169427872 0.000000000 0.000000000 -12.000000000 0.000000000 0.000000000
1776613954.533258915 0.607825756 -0.001261637 0.200735271 0.057949893 0.997637272 0.032021511 -0.018339066 6.362616062 1.462975025 -18.070156097 0.000000000 0.000000000 -12.000000000 0.000000000 0.000000000
1776613954.539156914 0.608089209 -0.001447536 0.200773805 0.058434222 0.997584343 0.032711927 -0.018461805 6.397063732 1.582961917 -17.966930389 0.000000000 0.000000000 -12.000000000 0.000000000 0.000000000
1776613954.543291092 0.608384609 -0.001641721 0.200799972 0.058861949 0.997534633 0.033406682 -0.018543765 6.430062771 1.699268818 -17.860166550 0.000000000 0.000000000 -12.000000000 0.000000000 0.000000000
1776613954.548174381 0.608726561 -0.001838600 0.200826973 0.059179112 0.997492135 0.034098908 -0.018563317 6.461009502 1.811521888 -17.750295639 0.000000000 0.000000000 -12.000000000 0.000000000 0.000000000
1776613954.553361177 0.609133840 -0.002030855 0.200853497 0.059416730 0.997455060 0.034799863 -0.018494392 6.489336967 1.919375300 -17.637767792 0.000000000 0.000000000 -12.000000000 0.000000000 0.000000000
1776613954.558560133 0.609564185 -0.002259178 0.200882703 0.059596118 0.997422814 0.035471868 -0.018378263 6.514535904 2.022517443 -17.523038864 0.000000000 0.000000000 -12.000000000 0.000000000 0.000000000
1776613954.563152552 0.610031247 -0.002518622 0.200912178 0.059749134 0.997393310 0.036127687 -0.018203875 6.536170483 2.120673895 -17.406576157 0.000000000 0.000000000 -12.000000000 0.000000000 0.000000000
1776613954.568208218 0.610558271 -0.002833478 0.200940460 0.059883863 0.997367918 0.036733989 -0.017939182 6.553892136 2.213611841 -17.288848877 0.000000000 0.000000000 -12.000000000 0.000000000 0.000000000
1776613954.573465824 0.611160338 -0.003187271 0.200985372 0.060014922 0.997345626 0.037297823 -0.017571624 6.567446232 2.301144361 -17.170322418 0.000000000 0.000000000 -12.000000000 0.000000000 0.000000000
1776613954.578250170 0.611761928 -0.003602775 0.201009184 0.060152639 0.997325063 0.037798692 -0.017192552 6.576672554 2.383134842 -17.051460266 0.000000000 0.000000000 -12.000000000 0.000000000 0.000000000
1776613954.583294630 0.612316251 -0.004086107 0.201005280 0.060274605 0.997307837 0.038204860 -0.016866144 6.581502914 2.459501982 -16.932704926 0.000000000 0.000000000 -12.000000000 0.000000000 0.000000000
1776613954.588142395 0.612885475 -0.004598150 0.201006234 0.060411759 0.997291267 0.038573407 -0.016512092 6.581950188 2.530223370 -16.814491272 0.000000000 0.000000000 -12.000000000 0.000000000 0.000000000
1776613954.593770504 0.613439023 -0.005146848 0.200998276 0.060579166 0.997273803 0.038903054 -0.016177895 6.578091145 2.595336199 -16.697223663 0.000000000 0.000000000 -12.000000000 0.000000000 0.000000000
1776613954.598509073 0.613964558 -0.005744381 0.201009244 0.060762238 0.997256815 0.039178625 -0.015868124 6.570050240 2.654938221 -16.581285477 0.000000000 0.000000000 -12.000000000 0.000000000 0.000000000
1776613954.604102135 0.614442348 -0.006393652 0.201016665 0.060983125 0.997238994 0.039393310 -0.015608486 6.557985306 2.709185600 -16.467025757 0.000000000 0.000000000 -12.000000000 0.000000000 0.000000000
1776613954.608350992 0.614899099 -0.007076513 0.201018661 0.061201274 0.997222960 0.039555132 -0.015366836 6.542076588 2.758291960 -16.354761124 0.000000000 0.000000000 -12.000000000 0.000000000 0.000000000
1776613954.613190413 0.615354002 -0.007774228 0.201021969 0.061443161 0.997206569 0.039687332 -0.015122127 6.522516251 2.802526474 -16.244777679 0.000000000 0.000000000 -12.000000000 0.000000000 0.000000000
1776613954.618167639 0.615746260 -0.008488156 0.200998157 0.061667498 0.997191846 0.039775360 -0.014950396 6.499503136 2.842212439 -16.137323380 0.000000000 0.000000000 -12.000000000 0.000000000 0.000000000
1776613954.623172283 0.616111696 -0.009233493 0.200964838 0.061903682 0.997177422 0.039822984 -0.014808796 6.473230839 2.877722740 -16.032617569 0.000000000 0.000000000 -12.000000000 0.000000000 0.000000000
1776613954.628156900 0.616446197 -0.010011682 0.200935334 0.062164597 0.997162342 0.039833754 -0.014698595 6.443881989 2.909474850 -15.930846214 0.000000000 0.000000000 -12.000000000 0.000000000 0.000000000
1776613954.633383751 0.616663277 -0.010757193 0.200888157 0.062419526 0.997144520 0.039868385 -0.014735420 6.411617279 2.937922001 -15.832169533 0.000000000 0.000000000 -12.000000000 0.000000000 0.000000000
1776613954.638402939 0.616863847 -0.011514599 0.200869024 0.062691599 0.997125864 0.039887626 -0.014788766 6.376570225 2.963544607 -15.736727715 0.000000000 0.000000000 -12.000000000 0.000000000 0.000000000
1776613954.643202066 0.616989434 -0.012281554 0.200847894 0.062965192 0.997106314 0.039891824 -0.014934937 6.338842392 2.986842632 -15.644642830 0.000000000 0.000000000 -12.000000000 0.000000000 0.000000000
1776613954.648160458 0.617047012 -0.013056567 0.200827420 0.063230738 0.997086227 0.039887805 -0.015160705 6.298498154 3.008329153 -15.556027412 0.000000000 0.000000000 -12.000000000 0.000000000 0.000000000
1776613954.653253078 0.617073596 -0.013840215 0.200807512 0.063499644 0.997066200 0.039864704 -0.015414326 6.255564213 3.028526068 -15.470986366 0.000000000 0.000000000 -12.000000000 0.000000000 0.000000000
1776613954.658230305 0.617089808 -0.014631573 0.200796694 0.063752353 0.997047365 0.039831832 -0.015673880 6.210033894 3.047959805 -15.389617920 0.000000000 0.000000000 -12.000000000 0.000000000 0.000000000
1776613954.663210392 0.617070258 -0.015436385 0.200791776 0.063993536 0.997028589 0.039796039 -0.015970554 6.161877155 3.067156315 -15.312022209 0.000000000 0.000000000 -12.000000000 0.000000000 0.000000000
1776613954.668378592 0.617047071 -0.016228300 0.200797051 0.064235397 0.997009039 0.039778493 -0.016263455 6.111046791 3.086635351 -15.238295555 0.000000000 0.000000000 -12.000000000 0.000000000 0.000000000
1776613954.673452616 0.617036223 -0.016999584 0.200801492 0.064468883 0.996989131 0.039786004 -0.016537605 6.057485580 3.106899261 -15.168533325 0.000000000 0.000000000 -12.000000000 0.000000000 0.000000000
1776613954.678883791 0.617049038 -0.017757222 0.200821519 0.064708240 0.996968627 0.039811604 -0.016776532 6.001131535 3.128423214 -15.102824211 0.000000000 0.000000000 -12.000000000 0.000000000 0.000000000
1776613954.684736252 0.617128551 -0.018498609 0.200858474 0.064972959 0.996945977 0.039886218 -0.016921796 5.941924572 3.151646614 -15.041248322 0.000000000 0.000000000 -12.000000000 0.000000000 0.000000000
1776613954.688505888 0.617208719 -0.019251488 0.200880826 0.065239936 0.996923268 0.039960973 -0.017055685 5.879817009 3.176964998 -14.983869553 0.000000000 0.000000000 -12.000000000 0.000000000 0.000000000
1776613954.694700241 0.617323637 -0.020008996 0.200897932 0.065517597 0.996900201 0.040046729 -0.017138360 5.814783573 3.204726458 -14.930727005 0.000000000 0.000000000 -12.000000000 0.000000000 0.000000000
1776613954.698218822 0.617857218 -0.021672187 0.200964987 0.066035114 0.996869028 0.040087804 -0.016864622 5.746833324 3.235231638 -14.881835938 0.000000000 0.000000000 -12.000000000 0.000000000 0.000000000
1776613954.703837156 0.617857218 -0.021672187 0.200964987 0.066035114 0.996869028 0.040087804 -0.016864622 5.676023006 3.268737316 -14.837174416 0.000000000 0.000000000 -12.000000000 0.000000000 0.000000000
1776613954.708316326 0.618185699 -0.022549359 0.200968444 0.066246539 0.996860802 0.040042602 -0.016628565 5.602459431 3.305457115 -14.796685219 0.000000000 0.000000000 -12.000000000 0.000000000 0.000000000
1776613954.713153362 0.618544161 -0.023444949 0.200965941 0.066442072 0.996855676 0.039964180 -0.016342213 5.526307106 3.345560551 -14.760270119 0.000000000 0.000000000 -12.000000000 0.000000000 0.000000000
1776613954.718187571 0.618988276 -0.024349248 0.200980574 0.066625632 0.996853352 0.039882574 -0.015932251 5.447784901 3.389169931 -14.727785110 0.000000000 0.000000000 -12.000000000 0.000000000 0.000000000
1776613954.724621534 0.619484246 -0.025261633 0.201006293 0.066829495 0.996850908 0.039795417 -0.015439651 5.367159843 3.436354876 -14.699042320 0.000000000 0.000000000 -12.000000000 0.000000000 0.000000000
1776613954.728398085 0.619989693 -0.026189329 0.201019853 0.067044511 0.996848166 0.039698739 -0.014926827 5.284744263 3.487128735 -14.673810959 0.000000000 0.000000000 -12.000000000 0.000000000 0.000000000
1776613954.734842777 0.620502472 -0.027119381 0.201025963 0.067273550 0.996844232 0.039607432 -0.014391078 5.200884342 3.541447163 -14.651818275 0.000000000 0.000000000 -12.000000000 0.000000000 0.000000000
1776613954.738427162 0.621029079 -0.028044872 0.201031774 0.067511901 0.996839702 0.039516900 -0.013825580 5.115956783 3.599208593 -14.632754326 0.000000000 0.000000000 -12.000000000 0.000000000 0.000000000
1776613954.744661331 0.621436059 -0.028951554 0.201014787 0.067752115 0.996832311 0.039442234 -0.013390338 5.030356884 3.660259485 -14.616273880 0.000000000 0.000000000 -12.000000000 0.000000000 0.000000000
1776613954.748475075 0.621751189 -0.029830555 0.200983703 0.068015672 0.996820688 0.039391235 -0.013064138 4.944480896 3.724395037 -14.602004051 0.000000000 0.000000000 -12.000000000 0.000000000 0.000000000
1776613954.754778147 0.622121692 -0.030724205 0.200982094 0.068312012 0.996807039 0.039356120 -0.012661021 4.858705521 3.791363716 -14.589552879 0.000000000 0.000000000 -12.000000000 0.000000000 0.000000000
1776613954.759209156 0.622508109 -0.031616997 0.201006442 0.068649217 0.996790051 0.039334528 -0.012231802 4.773376465 3.860867739 -14.578514099 0.000000000 0.000000000 -12.000000000 0.000000000 0.000000000
1776613954.764674187 0.622844875 -0.032520868 0.201030850 0.069000222 0.996771455 0.039311267 -0.011843738 4.688803196 3.932569027 -14.568477631 0.000000000 0.000000000 -12.000000000 0.000000000 0.000000000
1776613954.768613815 0.623129904 -0.033387449 0.201041073 0.069353461 0.996750593 0.039318971 -0.011502759 4.605266571 4.006094456 -14.559033394 0.000000000 0.000000000 -12.000000000 0.000000000 0.000000000
1776613954.774725914 0.623371840 -0.034225006 0.201026261 0.069685444 0.996730626 0.039325055 -0.011203909 4.523019791 4.081046581 -14.549779892 0.000000000 0.000000000 -12.000000000 0.000000000 0.000000000
1776613954.778209448 0.623617887 -0.035063270 0.200997978 0.069979809 0.996713817 0.039315939 -0.010890698 4.442292690 4.157014370 -14.540328979 0.000000000 0.000000000 -12.000000000 0.000000000 0.000000000
1776613954.783386469 0.623879611 -0.035919420 0.200973988 0.070249937 0.996700108 0.039277062 -0.010544198 4.363289356 4.233584881 -14.530313492 0.000000000 0.000000000 -12.000000000 0.000000000 0.000000000
1776613954.788227797 0.624117911 -0.036836956 0.200941533 0.070508055 0.996689200 0.039180327 -0.010208013 4.286183357 4.310350895 -14.519392967 0.000000000 0.000000000 -12.000000000 0.000000000 0.000000000
1776613954.793232203 0.624309480 -0.037758194 0.200904369 0.070748501 0.996679723 0.039062820 -0.009911534 4.211118221 4.386917591 -14.507257462 0.000000000 0.000000000 -12.000000000 0.000000000 0.000000000
1776613954.798199892 0.624457181 -0.038684554 0.200875372 0.070974328 0.996671140 0.038937178 -0.009651916 4.138203144 4.462909222 -14.493632317 0.000000000 0.000000000 -12.000000000 0.000000000 0.000000000
1776613954.803214073 0.624606729 -0.039624184 0.200865924 0.071200900 0.996662617 0.038809117 -0.009374141 4.067511082 4.537971497 -14.478284836 0.000000000 0.000000000 -12.000000000 0.000000000 0.000000000
1776613954.808214426 0.624736071 -0.040596709 0.200864822 0.071418121 0.996656001 0.038644861 -0.009104738 3.999078274 4.611776352 -14.461023331 0.000000000 0.000000000 -12.000000000 0.000000000 0.000000000
1776613954.813220024 0.624834061 -0.041586787 0.200859785 0.071634158 0.996649921 0.038458388 -0.008859320 3.932904959 4.684028149 -14.441701889 0.000000000 0.000000000 -12.000000000 0.000000000 0.000000000
1776613954.818252802 0.624875128 -0.042587709 0.200842321 0.071842231 0.996644497 0.038252614 -0.008672981 3.868954182 4.754462242 -14.420218468 0.000000000 0.000000000 -12.000000000 0.000000000 0.000000000
1776613954.823240995 0.624863505 -0.043620609 0.200810522 0.072044373 0.996640623 0.038000930 -0.008545524 3.807152987 4.822849751 -14.396514893 0.000000000 0.000000000 -12.000000000 0.000000000 0.000000000
1776613954.828461409 0.624835134 -0.044668630 0.200786173 0.072216727 0.996640146 0.037709236 -0.008436416 3.747394562 4.888998032 -14.370575905 0.000000000 0.000000000 -12.000000000 0.000000000 0.000000000
1776613954.833243608 0.624747515 -0.045738243 0.200758368 0.072375990 0.996641278 0.037380811 -0.008399229 3.689539194 4.952752590 -14.342426300 0.000000000 0.000000000 -12.000000000 0.000000000 0.000000000
1776613954.838823318 0.624625802 -0.046833642 0.200731933 0.072538622 0.996643186 0.037011728 -0.008401863 3.633418322 5.013998032 -14.312133789 0.000000000 0.000000000 -12.000000000 0.000000000 0.000000000
1776613954.843251228 0.624535501 -0.047946148 0.200720638 0.072682500 0.996647716 0.036614418 -0.008361973 3.578836918 5.072655678 -14.279803276 0.000000000 0.000000000 -12.000000000 0.000000000 0.000000000
1776613954.848237514 0.624439955 -0.049068511 0.200708121 0.072843246 0.996651292 0.036204271 -0.008326684 3.525580645 5.128677845 -14.245577812 0.000000000 0.000000000 -12.000000000 0.000000000 0.000000000
1776613954.853266001 0.624360740 -0.050169595 0.200695127 0.072989851 0.996655405 0.035805944 -0.008271910 3.473424435 5.182044506 -14.209631920 0.000000000 0.000000000 -12.000000000 0.000000000 0.000000000
1776613954.858254910 0.624280751 -0.051246274 0.200673282 0.073170140 0.996655941 0.035432573 -0.008221125 3.422142267 5.232754230 -14.172168732 0.000000000 0.000000000 -12.000000000 0.000000000 0.000000000
1776613954.863280058 0.624270737 -0.052301355 0.200660020 0.073372722 0.996654332 0.035088483 -0.008083573 3.371514797 5.280817032 -14.133418083 0.000000000 0.000000000 -12.000000000 0.000000000 0.000000000
1776613954.869799376 0.624307394 -0.053293284 0.200647444 0.073607825 0.996648073 0.034817062 -0.007890176 3.321338654 5.326245785 -14.093623161 0.000000000 0.000000000 -12.000000000 0.000000000 0.000000000
1776613954.873220921 0.624370754 -0.054239161 0.200633377 0.073880993 0.996637344 0.034595378 -0.007665918 3.271437407 5.369048595 -14.053044319 0.000000000 0.000000000 -12.000000000 0.000000000 0.000000000
1776613954.878233194 0.624473572 -0.055135243 0.200625628 0.074185014 0.996622086 0.034443289 -0.007393808 3.221668959 5.409223080 -14.011948586 0.000000000 0.000000000 -12.000000000 0.000000000 0.000000000
1776613954.883242130 0.624601781 -0.055992730 0.200621754 0.074513942 0.996603549 0.034333289 -0.007092432 3.171927929 5.446757793 -13.970605850 0.000000000 0.000000000 -12.000000000 0.000000000 0.000000000
1776613954.888881922 0.624715447 -0.056847122 0.200617462 0.074856520 0.996583581 0.034224104 -0.006807955 3.122146606 5.481630802 -13.929284096 0.000000000 0.000000000 -12.000000000 0.000000000 0.000000000
1776613954.893574953 0.624835968 -0.057689704 0.200615734 0.075171597 0.996565461 0.034119166 -0.006514598 3.072292805 5.513818264 -13.888245583 0.000000000 0.000000000 -12.000000000 0.000000000 0.000000000
1776613954.898249865 0.624965191 -0.058518529 0.200618565 0.075462736 0.996548891 0.034016278 -0.006210999 3.022366047 5.543296337 -13.847740173 0.000000000 0.000000000 -12.000000000 0.000000000 0.000000000
1776613954.906155825 0.625096440 -0.059329160 0.200621158 0.075737879 0.996533215 0.033918947 -0.005906553 2.972394705 5.570046425 -13.808009148 0.000000000 0.000000000 -12.000000000 0.000000000 0.000000000
1776613954.909843683 0.625341058 -0.060954951 0.200615317 0.076272309 0.996502578 0.033717215 -0.005316086 2.922430277 5.594054222 -13.769274712 0.000000000 0.000000000 -12.000000000 0.000000000 0.000000000
1776613954.913497686 0.625341058 -0.060954951 0.200615317 0.076272309 0.996502578 0.033717215 -0.005316086 2.872542381 5.615311146 -13.731744766 0.000000000 0.000000000 -12.000000000 0.000000000 0.000000000
1776613954.918511391 0.625437140 -0.061763484 0.200611621 0.076549821 0.996485889 0.033622615 -0.005053146 2.822814941 5.633817673 -13.695608139 0.000000000 0.000000000 -12.000000000 0.000000000 0.000000000
1776613954.923260927 0.625521839 -0.062534332 0.200608432 0.076800629 0.996470332 0.033547394 -0.004808150 2.773341894 5.649580956 -13.661034584 0.000000000 0.000000000 -12.000000000 0.000000000 0.000000000
1776613954.928255796 0.625602424 -0.063305646 0.200604320 0.077052332 0.996454537 0.033473749 -0.004566944 2.724223375 5.662621021 -13.628176689 0.000000000 0.000000000 -12.000000000 0.000000000 0.000000000
1776613954.933537722 0.625673413 -0.064071029 0.200598747 0.077303208 0.996438384 0.033405378 -0.004337014 2.675562620 5.672967434 -13.597165108 0.000000000 0.000000000 -12.000000000 0.000000000 0.000000000
1776613954.938292265 0.625715554 -0.064848647 0.200582713 0.077573650 0.996420562 0.033336353 -0.004136280 2.627461672 5.680662155 -13.568113327 0.000000000 0.000000000 -12.000000000 0.000000000 0.000000000
1776613954.943322659 0.625731349 -0.065583274 0.200558662 0.077852823 0.996400654 0.033301033 -0.003967951 2.580018282 5.685758591 -13.541118622 0.000000000 0.000000000 -12.000000000 0.000000000 0.000000000
1776613954.948292255 0.625730991 -0.066322751 0.200533569 0.078133710 0.996380389 0.033268057 -0.003812298 2.533322334 5.688319206 -13.516259193 0.000000000 0.000000000 -12.000000000 0.000000000 0.000000000
1776613954.953285933 0.625723660 -0.067023687 0.200505912 0.078419268 0.996358514 0.033268169 -0.003663083 2.487450600 5.688415051 -13.493602753 0.000000000 0.000000000 -12.000000000 0.000000000 0.000000000
1776613954.958245277 0.625686109 -0.067657873 0.200506002 0.078738190 0.996331036 0.033350226 -0.003535545 2.442463636 5.686121464 -13.473202705 0.000000000 0.000000000 -12.000000000 0.000000000 0.000000000
1776613954.963227272 0.625632942 -0.068221085 0.200547695 0.079066530 0.996300340 0.033504590 -0.003407671 2.398402452 5.681513786 -13.455101013 0.000000000 0.000000000 -12.000000000 0.000000000 0.000000000
1776613954.968571424 0.625558019 -0.068738624 0.200603545 0.079408810 0.996265888 0.033729620 -0.003290629 2.355286121 5.674661636 -13.439328194 0.000000000 0.000000000 -12.000000000 0.000000000 0.000000000
1776613954.973293543 0.625446081 -0.069177739 0.200650960 0.079792008 0.996224701 0.034046791 -0.003216293 2.313108444 5.665627003 -13.425900459 0.000000000 0.000000000 -12.000000000 0.000000000 0.000000000
1776613954.979911804 0.625296593 -0.069533110 0.200688303 0.080209538 0.996177077 0.034460478 -0.003183464 2.271837711 5.654461384 -13.414820671 0.000000000 0.000000000 -12.000000000 0.000000000 0.000000000
1776613954.983239174 0.624947071 -0.070047624 0.200789988 0.081027687 0.996074200 0.035509102 -0.003140477 2.231412888 5.641201973 -13.406072617 0.000000000 0.000000000 -12.000000000 0.000000000 0.000000000
1776613954.988383293 0.624947071 -0.070047624 0.200789988 0.081027687 0.996074200 0.035509102 -0.003140477 2.191746473 5.625874519 -13.399618149 0.000000000 0.000000000 -12.000000000 0.000000000 0.000000000
1776613954.993380547 0.624759674 -0.070248120 0.200872689 0.081458054 0.996017754 0.036106020 -0.003102491 2.152724266 5.608491421 -13.395391464 0.000000000 0.000000000 -12.000000000 0.000000000 0.000000000
1776613954.998385906 0.624542654 -0.070391141 0.200954020 0.081872717 0.995959818 0.036761317 -0.003092286 2.114208698 5.589056015 -13.393298149 0.000000000 0.000000000 -12.000000000 0.000000000 0.000000000
1776613955.003397465 0.624358296 -0.070542686 0.201041728 0.082248472 0.995904803 0.037411679 -0.003030535 2.076038361 5.567564964 -13.393205643 0.000000000 0.000000000 -12.000000000 0.000000000 0.000000000
1776613955.008268118 0.624169528 -0.070689276 0.201131433 0.082609266 0.995850801 0.038054805 -0.002958350 2.038033247 5.544012547 -13.394944191 0.000000000 0.000000000 -12.000000000 0.000000000 0.000000000
1776613955.015046120 0.623979390 -0.070844583 0.201219589 0.082940966 0.995799541 0.038676649 -0.002867077 1.999996305 5.518397808 -13.398298264 0.000000000 0.000000000 -12.000000000 0.000000000 0.000000000
1776613955.018284559 0.623409867 -0.071213685 0.201309264 0.083459973 0.995712698 0.039779902 -0.002869881 1.961717844 5.490733624 -13.403004646 0.000000000 0.000000000 -12.000000000 0.000000000 0.000000000
1776613955.024826050 0.623409867 -0.071213685 0.201309264 0.083459973 0.995712698 0.039779902 -0.002869881 1.922975302 5.461047173 -13.408754349 0.000000000 0.000000000 -12.000000000 0.000000000 0.000000000
1776613955.028243303 0.623111367 -0.071454108 0.201362044 0.083659083 0.995677471 0.040240735 -0.002858190 1.883535743 5.429387569 -13.415186882 0.000000000 0.000000000 -12.000000000 0.000000000 0.000000000
1776613955.033290625 0.622792959 -0.071759239 0.201431155 0.083837152 0.995647192 0.040619444 -0.002839678 1.843159318 5.395828724 -13.421901703 0.000000000 0.000000000 -12.000000000 0.000000000 0.000000000
1776613955.038311958 0.622437656 -0.072120011 0.201495558 0.083979964 0.995623231 0.040910758 -0.002840436 1.801604986 5.360469341 -13.428454399 0.000000000 0.000000000 -12.000000000 0.000000000 0.000000000
1776613955.043236732 0.621913373 -0.072535165 0.201508760 0.084096700 0.995604575 0.041111376 -0.003029693 1.758637786 5.323436260 -13.434367180 0.000000000 0.000000000 -12.000000000 0.000000000 0.000000000
1776613955.048238516 0.621375084 -0.073009938 0.201522112 0.084191255 0.995591402 0.041222073 -0.003216253 1.714031100 5.284884930 -13.439135551 0.000000000 0.000000000 -12.000000000 0.000000000 0.000000000
1776613955.054919958 0.620805800 -0.073541179 0.201534271 0.084279500 0.995581865 0.041255739 -0.003424995 1.667567968 5.244997501 -13.442232132 0.000000000 0.000000000 -12.000000000 0.000000000 0.000000000
1776613955.060071707 0.619456649 -0.074782409 0.201514632 0.084426656 0.995576322 0.041031886 -0.004040897 1.619038701 5.203983307 -13.443119049 0.000000000 0.000000000 -12.000000000 0.000000000 0.000000000
1776613955.064914227 0.618705928 -0.075459965 0.201501101 0.084472187 0.995580316 0.040801618 -0.004415371 1.568241239 5.162074089 -13.441256523 0.000000000 0.000000000 -12.000000000 0.000000000 0.000000000
1776613955.069816351 0.617900670 -0.076172456 0.201479554 0.084501609 0.995587885 0.040507033 -0.004842655 1.514985442 5.119522572 -13.436106682 0.000000000 0.000000000 -12.000000000 0.000000000 0.000000000
1776613955.074124336 0.617900670 -0.076172456 0.201479554 0.084501609 0.995587885 0.040507033 -0.004842655 1.459097862 5.076594830 -13.427145004 0.000000000 0.000000000 -12.000000000 0.000000000 0.000000000
1776613955.080063105 0.617053747 -0.076867104 0.201450706 0.084531456 0.995595634 0.040192239 -0.005319946 1.400427461 5.033567429 -13.413871765 0.000000000 0.000000000 -12.000000000 0.000000000 0.000000000
1776613955.084946156 0.615034401 -0.078167230 0.201338142 0.084624127 0.995603979 0.039581936 -0.006690345 1.338845611 4.990715027 -13.395819664 0.000000000 0.000000000 -12.000000000 0.000000000 0.000000000
1776613955.089064837 0.614002347 -0.078814343 0.201314986 0.084697664 0.995605111 0.039267339 -0.007402275 1.274243355 4.948303699 -13.372570038 0.000000000 0.000000000 -12.000000000 0.000000000 0.000000000
1776613955.093762875 0.614002347 -0.078814343 0.201314986 0.084697664 0.995605111 0.039267339 -0.007402275 1.206528068 4.906580448 -13.343755722 0.000000000 0.000000000 -12.000000000 0.000000000 0.000000000
1776613955.099792719 0.612932980 -0.079439372 0.201312274 0.084795132 0.995602846 0.038963612 -0.008159074 1.135623097 4.865765572 -13.309075356 0.000000000 0.000000000 -12.000000000 0.000000000 0.000000000
1776613955.105048418 0.611779690 -0.080015250 0.201316535 0.084903993 0.995596766 0.038691774 -0.009017667 1.061470985 4.826049805 -13.268296242 0.000000000 0.000000000 -12.000000000 0.000000000 0.000000000
1776613955.109228849 0.609346867 -0.081128702 0.201371431 0.085116364 0.995580673 0.038158827 -0.010873560 0.984037817 4.787590027 -13.221255302 0.000000000 0.000000000 -12.000000000 0.000000000 0.000000000
1776613955.115011454 0.609346867 -0.081128702 0.201371431 0.085116364 0.995580673 0.038158827 -0.010873560 0.903316557 4.750505447 -13.167862892 0.000000000 0.000000000 -12.000000000 0.000000000 0.000000000
1776613955.120219469 0.608121037 -0.081667334 0.201416463 0.085212030 0.995571792 0.037899420 -0.011807135 0.819331527 4.714881420 -13.108103752 0.000000000 0.000000000 -12.000000000 0.000000000 0.000000000
1776613955.123603821 0.605554283 -0.082737371 0.201495826 0.085446388 0.995548368 0.037308261 -0.013800981 0.732143044 4.680765629 -13.042034149 0.000000000 0.000000000 -12.000000000 0.000000000 0.000000000
1776613955.128511190 0.605554283 -0.082737371 0.201495826 0.085446388 0.995548368 0.037308261 -0.013800981 0.641851902 4.648172855 -12.969774246 0.000000000 0.000000000 -12.000000000 0.000000000 0.000000000
1776613955.133781672 0.604318857 -0.083291911 0.201560616 0.085561857 0.995538116 0.036963556 -0.014723342 0.548604250 4.617088795 -12.891510963 0.000000000 0.000000000 -12.000000000 0.000000000 0.000000000
1776613955.138619900 0.603136182 -0.083853990 0.201625735 0.085650958 0.995531559 0.036581993 -0.015575828 0.452597857 4.587475300 -12.807484627 0.000000000 0.000000000 -12.000000000 0.000000000 0.000000000
1776613955.143615484 0.602017939 -0.084436484 0.201704741 0.085701279 0.995530665 0.036157865 -0.016325923 0.354092568 4.559272766 -12.717979431 0.000000000 0.000000000 -12.000000000 0.000000000 0.000000000
1776613955.149927855 0.601084709 -0.085052967 0.201804012 0.085724622 0.995536387 0.035711065 -0.016832002 0.253423661 4.532403469 -12.623318672 0.000000000 0.000000000 -12.000000000 0.000000000 0.000000000
1776613955.153684855 0.600249946 -0.085684657 0.201877326 0.085712567 0.995547831 0.035244606 -0.017194569 0.151014864 4.506769657 -12.523843765 0.000000000 0.000000000 -12.000000000 0.000000000 0.000000000
1776613955.159970045 0.599520266 -0.086303189 0.201927215 0.085685872 0.995562375 0.034784328 -0.017424004 0.047384594 4.482250690 -12.419906616 0.000000000 0.000000000 -12.000000000 0.000000000 0.000000000
1776613955.163257122 0.598942399 -0.086907342 0.201984972 0.085707277 0.995574534 0.034362569 -0.017457778 -0.056856662 4.458702564 -12.311858177 0.000000000 0.000000000 -12.000000000 0.000000000 0.000000000
1776613955.169891119 0.598524272 -0.087486379 0.202054620 0.085787378 0.995583117 0.033999234 -0.017287703 -0.161015287 4.435953617 -12.200037003 0.000000000 0.000000000 -12.000000000 0.000000000 0.000000000
1776613955.173275709 0.598235488 -0.087995023 0.202149451 0.085904114 0.995588124 0.033725422 -0.016951315 -0.264327914 4.413801670 -12.084762573 0.000000000 0.000000000 -12.000000000 0.000000000 0.000000000
1776613955.178696156 0.598047018 -0.088484496 0.202266574 0.086052448 0.995591164 0.033495177 -0.016470371 -0.365977645 4.392015457 -11.966329575 0.000000000 0.000000000 -12.000000000 0.000000000 0.000000000
1776613955.184317589 0.597781062 -0.088957444 0.202343494 0.086229302 0.995588839 0.033304542 -0.016069513 -0.465111971 4.370333195 -11.845004082 0.000000000 0.000000000 -12.000000000 0.000000000 0.000000000
1776613955.188543320 0.597666740 -0.089367986 0.202451110 0.086433321 0.995584130 0.033194441 -0.015478843 -0.560862303 4.348469257 -11.721017838 0.000000000 0.000000000 -12.000000000 0.000000000 0.000000000
1776613955.196361542 0.597612977 -0.089728184 0.202563494 0.086652875 0.995577335 0.033129323 -0.014813887 -0.652364731 4.326117039 -11.594573021 0.000000000 0.000000000 -12.000000000 0.000000000 0.000000000
1776613955.198276043 0.597372591 -0.090467677 0.202671528 0.087189548 0.995552480 0.032985359 -0.013611064 -0.738783002 4.302958488 -11.465836525 0.000000000 0.000000000 -12.000000000 0.000000000 0.000000000
1776613955.203253269 0.597372591 -0.090467677 0.202671528 0.087189548 0.995552480 0.032985359 -0.013611064 -0.819333494 4.278670788 -11.334935188 0.000000000 0.000000000 -12.000000000 0.000000000 0.000000000
1776613955.208306789 0.597149074 -0.090802275 0.202680618 0.087429546 0.995540142 0.032917816 -0.013125408 -0.893306553 4.252937794 -11.201955795 0.000000000 0.000000000 -12.000000000 0.000000000 0.000000000
1776613955.213257313 0.596940994 -0.091110036 0.202695906 0.087617025 0.995532393 0.032851242 -0.012622873 -0.960081398 4.225459576 -11.066951752 0.000000000 0.000000000 -12.000000000 0.000000000 0.000000000
1776613955.218395710 0.596739531 -0.091428414 0.202727079 0.087766804 0.995528281 0.032771483 -0.012103411 -1.019137263 4.195959568 -10.929959297 0.000000000 0.000000000 -12.000000000 0.000000000 0.000000000
1776613955.223286867 0.596537054 -0.091751076 0.202767551 0.087878719 0.995527625 0.032681145 -0.011577032 -1.070063114 4.164190769 -10.790999413 0.000000000 0.000000000 -12.000000000 0.000000000 0.000000000
1776613955.229993820 0.596287370 -0.092055872 0.202799618 0.087944880 0.995530307 0.032585479 -0.011101726 -1.112562299 4.129936695 -10.650084496 0.000000000 0.000000000 -12.000000000 0.000000000 0.000000000
1776613955.234981537 0.595591664 -0.092712857 0.202770501 0.088037707 0.995539308 0.032298610 -0.010377315 -1.146452308 4.093015671 -10.507221222 0.000000000 0.000000000 -12.000000000 0.000000000 0.000000000
1776613955.238266230 0.595189989 -0.093057647 0.202741832 0.088050991 0.995547175 0.032114618 -0.010074729 -1.171662569 4.053285122 -10.362416267 0.000000000 0.000000000 -12.000000000 0.000000000 0.000000000
1776613955.243274212 0.595189989 -0.093057647 0.202741832 0.088050991 0.995547175 0.032114618 -0.010074729 -1.188230395 4.010645866 -10.215683937 0.000000000 0.000000000 -12.000000000 0.000000000 0.000000000
1776613955.248350143 0.594767928 -0.093412206 0.202720463 0.088028029 0.995558977 0.031898431 -0.009789854 -1.196297169 3.965044022 -10.067041397 0.000000000 0.000000000 -12.000000000 0.000000000 0.000000000
1776613955.253270149 0.594274282 -0.093781754 0.202689290 0.087998435 0.995571792 0.031644467 -0.009578628 -1.196100831 3.916476250 -9.916522980 0.000000000 0.000000000 -12.000000000 0.000000000 0.000000000
1776613955.258757353 0.593739271 -0.094183609 0.202654719 0.087984271 0.995584130 0.031343438 -0.009409673 -1.187968373 3.864986658 -9.764176369 0.000000000 0.000000000 -12.000000000 0.000000000 0.000000000
1776613955.263284206 0.593204677 -0.094607025 0.202640504 0.087977186 0.995597064 0.031004166 -0.009234370 -1.172305226 3.810664415 -9.610068321 0.000000000 0.000000000 -12.000000000 0.000000000 0.000000000
1776613955.270138741 0.592687488 -0.095027924 0.202639699 0.087944478 0.995612919 0.030641977 -0.009042324 -1.149585009 3.753640652 -9.454290390 0.000000000 0.000000000 -12.000000000 0.000000000 0.000000000
1776613955.273895025 0.592143893 -0.095453218 0.202644914 0.087900430 0.995630264 0.030250991 -0.008876410 -1.120337486 3.694084167 -9.296959877 0.000000000 0.000000000 -12.000000000 0.000000000 0.000000000
1776613955.278678894 0.591572046 -0.095882669 0.202635616 0.087862879 0.995647430 0.029832995 -0.008735447 -1.085136414 3.632197142 -9.138220787 0.000000000 0.000000000 -12.000000000 0.000000000 0.000000000
1776613955.283429146 0.590945601 -0.096315518 0.202614456 0.087845534 0.995662570 0.029399266 -0.008654622 -1.044587612 3.568210602 -8.978243828 0.000000000 0.000000000 -12.000000000 0.000000000 0.000000000
1776613955.288346767 0.590315342 -0.096751362 0.202597558 0.087848514 0.995675862 0.028958522 -0.008576868 -0.999319851 3.502377748 -8.817224503 0.000000000 0.000000000 -12.000000000 0.000000000 0.000000000
1776613955.293531656 0.589704096 -0.097189799 0.202585548 0.087870501 0.995687902 0.028506441 -0.008471909 -0.949978054 3.434968948 -8.655381203 0.000000000 0.000000000 -12.000000000 0.000000000 0.000000000
1776613955.298352718 0.589072168 -0.097624578 0.202560127 0.087906696 0.995698571 0.028041596 -0.008393581 -0.897216380 3.366264343 -8.492949486 0.000000000 0.000000000 -12.000000000 0.000000000 0.000000000
1776613955.303320408 0.588438392 -0.098055422 0.202543706 0.087945230 0.995709300 0.027558848 -0.008317862 -0.841690660 3.296550035 -8.330182076 0.000000000 0.000000000 -12.000000000 0.000000000 0.000000000
1776613955.308521748 0.587838829 -0.098482184 0.202539891 0.087976001 0.995721161 0.027060695 -0.008203993 -0.784051955 3.226111889 -8.167343140 0.000000000 0.000000000 -12.000000000 0.000000000 0.000000000
1776613955.314106941 0.587278962 -0.098914474 0.202571869 0.087989204 0.995735407 0.026539542 -0.008033188 -0.724940598 3.155230522 -8.004712105 0.000000000 0.000000000 -12.000000000 0.000000000 0.000000000
1776613955.318899393 0.586714983 -0.099336870 0.202623099 0.087985523 0.995751083 0.026010580 -0.007862151 -0.664980590 3.084177017 -7.842575550 0.000000000 0.000000000 -12.000000000 0.000000000 0.000000000
1776613955.323494911 0.586118102 -0.099738099 0.202666372 0.087962627 0.995767832 0.025480898 -0.007726287 -0.604773700 3.013208866 -7.681224346 0.000000000 0.000000000 -12.000000000 0.000000000 0.000000000
1776613955.328441381 0.585476875 -0.100117467 0.202686608 0.087916076 0.995786130 0.024945047 -0.007648563 -0.544894040 2.942568779 -7.520952702 0.000000000 0.000000000 -12.000000000 0.000000000 0.000000000
1776613955.333527803 0.584808469 -0.100484952 0.202694267 0.087843686 0.995806456 0.024394406 -0.007609332 -0.485884160 2.872481585 -7.362051010 0.000000000 0.000000000 -12.000000000 0.000000000 0.000000000
1776613955.338377237 0.584111989 -0.100842811 0.202675223 0.087750629 0.995828331 0.023830906 -0.007606864 -0.428252041 2.803152800 -7.204806805 0.000000000 0.000000000 -12.000000000 0.000000000 0.000000000
1776613955.343502283 0.583401799 -0.101208188 0.202667832 0.087648258 0.995850921 0.023253629 -0.007618534 -0.372469544 2.734766483 -7.049498081 0.000000000 0.000000000 -12.000000000 0.000000000 0.000000000
1776613955.348757982 0.582696855 -0.101580255 0.202678293 0.087540552 0.995873868 0.022667404 -0.007618838 -0.318971336 2.667485476 -6.896394730 0.000000000 0.000000000 -12.000000000 0.000000000 0.000000000
1776613955.354338169 0.582002461 -0.101950832 0.202703476 0.087425537 0.995897353 0.022078129 -0.007603496 -0.268153429 2.601451397 -6.745752811 0.000000000 0.000000000 -12.000000000 0.000000000 0.000000000
1776613955.358529806 0.581282854 -0.102322206 0.202737391 0.087302133 0.995921195 0.021481005 -0.007609508 -0.220369712 2.536784649 -6.597815037 0.000000000 0.000000000 -12.000000000 0.000000000 0.000000000
1776613955.363241196 0.580509961 -0.102669939 0.202747583 0.087165385 0.995945036 0.020894878 -0.007684517 -0.175927833 2.473586321 -6.452805042 0.000000000 0.000000000 -12.000000000 0.000000000 0.000000000
1776613955.368418217 0.579697073 -0.103001930 0.202731758 0.087011822 0.995969653 0.020308780 -0.007809125 -0.135087103 2.411937714 -6.310928345 0.000000000 0.000000000 -12.000000000 0.000000000 0.000000000
1776613955.375073671 0.578807294 -0.103312165 0.202685952 0.086846948 0.995993793 0.019732762 -0.008035783 -0.098060168 2.351902485 -6.172368526 0.000000000 0.000000000 -12.000000000 0.000000000 0.000000000
1776613955.378276825 0.577857614 -0.103612162 0.202631295 0.086673677 0.996017635 0.019160120 -0.008335558 -0.065018296 2.293528318 -6.037289143 0.000000000 0.000000000 -12.000000000 0.000000000 0.000000000
1776613955.385065794 0.576905251 -0.103913836 0.202613652 0.086495079 0.996041417 0.018584514 -0.008641877 -0.036099337 2.236849308 -5.905833721 0.000000000 0.000000000 -12.000000000 0.000000000 0.000000000
1776613955.390043497 0.575916946 -0.104205959 0.202623576 0.086316913 0.996064126 0.018019224 -0.008997587 -0.011415662 2.181887865 -5.778123856 0.000000000 0.000000000 -12.000000000 0.000000000 0.000000000
1776613955.394970894 0.574851692 -0.104485534 0.202634662 0.086134814 0.996085525 0.017463915 -0.009455584 0.008939667 2.128656387 -5.654263973 0.000000000 0.000000000 -12.000000000 0.000000000 0.000000000
1776613955.398644447 0.573753059 -0.104729041 0.202649027 0.085960083 0.996104598 0.016949458 -0.009961060 0.024890391 2.077154160 -5.534337997 0.000000000 0.000000000 -12.000000000 0.000000000 0.000000000
1776613955.404915571 0.572613657 -0.104938574 0.202651709 0.085799791 0.996120512 0.016478257 -0.010524091 0.036378082 2.027364492 -5.418412685 0.000000000 0.000000000 -12.000000000 0.000000000 0.000000000
1776613955.408299685 0.570126951 -0.105251364 0.202582031 0.085504122 0.996143579 0.015649982 -0.011921811 0.043365411 1.979250908 -5.306534767 0.000000000 0.000000000 -12.000000000 0.000000000 0.000000000
1776613955.415061474 0.570126951 -0.105251364 0.202582031 0.085504122 0.996143579 0.015649982 -0.011921811 0.045840222 1.932756186 -5.198733330 0.000000000 0.000000000 -12.000000000 0.000000000 0.000000000
1776613955.418287277 0.568822563 -0.105337843 0.202523202 0.085367531 0.996150911 0.015309752 -0.012704090 0.043818947 1.887802362 -5.095015526 0.000000000 0.000000000 -12.000000000 0.000000000 0.000000000
1776613955.424937963 0.567526639 -0.105388865 0.202474803 0.085237660 0.996156335 0.015009983 -0.013482992 0.037348725 1.844294071 -4.995370865 0.000000000 0.000000000 -12.000000000 0.000000000 0.000000000
1776613955.429964781 0.566253960 -0.105407722 0.202458411 0.085121766 0.996159494 0.014754990 -0.014242604 0.026508119 1.802120805 -4.899770737 0.000000000 0.000000000 -12.000000000 0.000000000 0.000000000
1776613955.434967518 0.563820124 -0.105420664 0.202494621 0.084925652 0.996162117 0.014302210 -0.015622973 0.011407715 1.761158705 -4.808171749 0.000000000 0.000000000 -12.000000000 0.000000000 0.000000000
1776613955.440068960 0.563820124 -0.105420664 0.202494621 0.084925652 0.996162117 0.014302210 -0.015622973 -0.007807107 1.721273541 -4.720514774 0.000000000 0.000000000 -12.000000000 0.000000000 0.000000000
1776613955.444698334 0.562577903 -0.105403662 0.202514380 0.084835134 0.996161282 0.014102347 -0.016335962 -0.030951738 1.682323098 -4.636726379 0.000000000 0.000000000 -12.000000000 0.000000000 0.000000000
1776613955.449851751 0.561346889 -0.105370045 0.202537775 0.084745832 0.996159732 0.013919787 -0.017035661 -0.057798866 1.644160986 -4.556718826 0.000000000 0.000000000 -12.000000000 0.000000000 0.000000000
1776613955.453377962 0.560144007 -0.105317213 0.202555448 0.084660016 0.996157527 0.013759544 -0.017706275 -0.088073753 1.606640577 -4.480390072 0.000000000 0.000000000 -12.000000000 0.000000000 0.000000000
1776613955.458282471 0.559230506 -0.105284475 0.202635139 0.084583715 0.996160626 0.013599683 -0.018017016 -0.121442251 1.569618583 -4.407625675 0.000000000 0.000000000 -12.000000000 0.000000000 0.000000000
1776613955.463310957 0.558396399 -0.105240688 0.202700913 0.084523894 0.996163845 0.013462858 -0.018221200 -0.157495633 1.532957196 -4.338296890 0.000000000 0.000000000 -12.000000000 0.000000000 0.000000000
1776613955.468279839 0.557552218 -0.105181746 0.202727735 0.084472306 0.996166050 0.013343887 -0.018426068 -0.195744053 1.496526003 -4.272259235 0.000000000 0.000000000 -12.000000000 0.000000000 0.000000000
1776613955.475024223 0.556859732 -0.105150491 0.202740848 0.084425591 0.996171534 0.013206799 -0.018444350 -0.235621199 1.460202456 -4.209348202 0.000000000 0.000000000 -12.000000000 0.000000000 0.000000000
1776613955.479943037 0.555961907 -0.105174407 0.202819824 0.084342346 0.996193469 0.012875460 -0.017864071 -0.276495248 1.423873901 -4.149379253 0.000000000 0.000000000 -12.000000000 0.000000000 0.000000000
1776613955.485059500 0.555622995 -0.105188385 0.202858508 0.084301427 0.996206939 0.012709657 -0.017421907 -0.317682803 1.387440562 -4.092153072 0.000000000 0.000000000 -12.000000000 0.000000000 0.000000000
1776613955.488771439 0.555309713 -0.105185159 0.202894300 0.084254943 0.996221066 0.012556746 -0.016942242 -0.358463377 1.350817323 -4.037459373 0.000000000 0.000000000 -12.000000000 0.000000000 0.000000000
1776613955.493593216 0.555309713 -0.105185159 0.202894300 0.084254943 0.996221066 0.012556746 -0.016942242 -0.398094445 1.313934326 -3.985074282 0.000000000 0.000000000 -12.000000000 0.000000000 0.000000000
1776613955.500040531 0.555022359 -0.105163962 0.202923596 0.084192283 0.996236801 0.012410341 -0.016426982 -0.435829401 1.276736736 -3.934762239 0.000000000 0.000000000 -12.000000000 0.000000000 0.000000000
1776613955.503338099 0.554601371 -0.105168618 0.202899992 0.084104046 0.996252418 0.012214608 -0.016074754 -0.470939994 1.239184260 -3.886277199 0.000000000 0.000000000 -12.000000000 0.000000000 0.000000000
1776613955.509957552 0.554147124 -0.105203763 0.202899903 0.083977759 0.996271074 0.011961930 -0.015768388 -0.502745867 1.201251984 -3.839369297 0.000000000 0.000000000 -12.000000000 0.000000000 0.000000000
1776613955.513515949 0.553783059 -0.105238535 0.202957749 0.083801076 0.996295512 0.011679130 -0.015370742 -0.530645311 1.162934542 -3.793791056 0.000000000 0.000000000 -12.000000000 0.000000000 0.000000000
1776613955.519964218 0.553375721 -0.105261534 0.203039408 0.083577573 0.996323049 0.011373597 -0.015025487 -0.554137170 1.124247193 -3.749304533 0.000000000 0.000000000 -12.000000000 0.000000000 0.000000000
1776613955.523271084 0.551982462 -0.105273239 0.203087091 0.083040670 0.996375144 0.010707949 -0.015040350 -0.572831213 1.085226178 -3.705682278 0.000000000 0.000000000 -12.000000000 0.000000000 0.000000000
1776613955.529965639 0.551982462 -0.105273239 0.203087091 0.083040670 0.996375144 0.010707949 -0.015040350 -0.586453795 1.045924187 -3.662711143 0.000000000 0.000000000 -12.000000000 0.000000000 0.000000000
1776613955.533387184 0.550056458 -0.105253644 0.203028560 0.082390107 0.996425450 0.009976831 -0.015769780 -0.594851017 1.006405592 -3.620193243 0.000000000 0.000000000 -12.000000000 0.000000000 0.000000000
1776613955.540027618 0.550056458 -0.105253644 0.203028560 0.082390107 0.996425450 0.009976831 -0.015769780 -0.597991288 0.966742992 -3.577948570 0.000000000 0.000000000 -12.000000000 0.000000000 0.000000000
1776613955.545027018 0.547638714 -0.104962438 0.202899188 0.081636555 0.996469021 0.009423079 -0.017207904 -0.595965743 0.927013636 -3.535814762 0.000000000 0.000000000 -12.000000000 0.000000000 0.000000000
1776613955.550007820 0.546260595 -0.104698166 0.202857047 0.081246592 0.996485353 0.009250058 -0.018176343 -0.588986099 0.887294829 -3.493649483 0.000000000 0.000000000 -12.000000000 0.000000000 0.000000000
1776613955.555010080 0.546260595 -0.104698166 0.202857047 0.081246592 0.996485353 0.009250058 -0.018176343 -0.577378333 0.847655714 -3.451331615 0.000000000 0.000000000 -12.000000000 0.000000000 0.000000000
1776613955.559382200 0.544812202 -0.104413405 0.202841759 0.080870524 0.996497393 0.009108512 -0.019232765 -0.561573327 0.808150887 -3.408762455 0.000000000 0.000000000 -12.000000000 0.000000000 0.000000000
1776613955.564353228 0.541856647 -0.103720836 0.202882200 0.080144241 0.996512413 0.008964097 -0.021438571 -0.542091727 0.768816054 -3.365867376 0.000000000 0.000000000 -12.000000000 0.000000000 0.000000000
1776613955.568375349 0.541856647 -0.103720836 0.202882200 0.080144241 0.996512413 0.008964097 -0.021438571 -0.519517899 0.729667246 -3.322593212 0.000000000 0.000000000 -12.000000000 0.000000000 0.000000000
1776613955.574447632 0.540390611 -0.103275925 0.202911854 0.079785600 0.996516645 0.008993235 -0.022537952 -0.494464636 0.690701962 -3.278907299 0.000000000 0.000000000 -12.000000000 0.000000000 0.000000000
1776613955.580406189 0.538854659 -0.102770574 0.202886850 0.079440519 0.996515810 0.009085644 -0.023724884 -0.467540085 0.651901126 -3.234792233 0.000000000 0.000000000 -12.000000000 0.000000000 0.000000000
1776613955.584371805 0.536015093 -0.101727821 0.202795178 0.078783356 0.996513307 0.009335707 -0.025831267 -0.439320713 0.613230467 -3.190240622 0.000000000 0.000000000 -12.000000000 0.000000000 0.000000000
1776613955.588355064 0.536015093 -0.101727821 0.202795178 0.078783356 0.996513307 0.009335707 -0.025831267 -0.410330683 0.574642658 -3.145252705 0.000000000 0.000000000 -12.000000000 0.000000000 0.000000000
1776613955.595046043 0.534797072 -0.101195894 0.202790290 0.078468353 0.996515334 0.009489854 -0.026644040 -0.381027251 0.536079466 -3.099836588 0.000000000 0.000000000 -12.000000000 0.000000000 0.000000000
1776613955.599212408 0.533720493 -0.100655392 0.202819020 0.078158714 0.996520817 0.009662094 -0.027278572 -0.351789653 0.497475296 -3.054008245 0.000000000 0.000000000 -12.000000000 0.000000000 0.000000000
1776613955.604917288 0.532763064 -0.100124344 0.202871472 0.077848606 0.996530414 0.009827511 -0.027752470 -0.322909266 0.458761543 -3.007788897 0.000000000 0.000000000 -12.000000000 0.000000000 0.000000000
1776613955.608903646 0.531991065 -0.099635504 0.202946484 0.077522323 0.996548057 0.009947037 -0.027987821 -0.294578433 0.419873953 -2.961201906 0.000000000 0.000000000 -12.000000000 0.000000000 0.000000000
1776613955.614459038 0.531294823 -0.099145822 0.202991873 0.077181086 0.996569514 0.010056774 -0.028127257 -0.266880572 0.380760670 -2.914271116 0.000000000 0.000000000 -12.000000000 0.000000000 0.000000000
1776613955.618560076 0.530688584 -0.098664820 0.202999979 0.076824732 0.996595263 0.010149839 -0.028156223 -0.239788860 0.341387749 -2.867016315 0.000000000 0.000000000 -12.000000000 0.000000000 0.000000000
1776613955.625060797 0.530241370 -0.098207086 0.202999324 0.076456994 0.996627390 0.010218491 -0.027995974 -0.213173792 0.301741540 -2.819452524 0.000000000 0.000000000 -12.000000000 0.000000000 0.000000000
1776613955.628275633 0.529660702 -0.097391337 0.203019559 0.075695477 0.996705532 0.010249579 -0.027262574 -0.186815828 0.261829257 -2.771588564 0.000000000 0.000000000 -12.000000000 0.000000000 0.000000000
1776613955.633370399 0.529660702 -0.097391337 0.203019559 0.075695477 0.996705532 0.010249579 -0.027262574 -0.160421133 0.221678913 -2.723429441 0.000000000 0.000000000 -12.000000000 0.000000000 0.000000000
1776613955.638286829 0.529520869 -0.097020455 0.203085303 0.075295933 0.996751547 0.010218813 -0.026691098 -0.133640051 0.181338638 -2.674978256 0.000000000 0.000000000 -12.000000000 0.000000000 0.000000000
1776613955.645169973 0.529456139 -0.096654862 0.203163862 0.074877247 0.996801078 0.010170802 -0.026030360 -0.106087707 0.140875742 -2.626237869 0.000000000 0.000000000 -12.000000000 0.000000000 0.000000000
1776613955.648349524 0.529423833 -0.096273124 0.203247517 0.074447557 0.996851742 0.010130220 -0.025327656 -0.077365205 0.100374907 -2.577212811 0.000000000 0.000000000 -12.000000000 0.000000000 0.000000000
1776613955.653229237 0.529394388 -0.095895886 0.203309178 0.074001007 0.996903002 0.010075232 -0.024632348 -0.047080953 0.059935898 -2.527910233 0.000000000 0.000000000 -12.000000000 0.000000000 0.000000000
1776613955.658764601 0.529304743 -0.095535792 0.203338653 0.073555805 0.996951997 0.010001124 -0.024005260 -0.014871175 0.019671327 -2.478340864 0.000000000 0.000000000 -12.000000000 0.000000000 0.000000000
1776613955.663266659 0.529169798 -0.095170267 0.203352928 0.073085420 0.997000873 0.009913480 -0.023441611 0.019581327 -0.020294717 -2.428520203 0.000000000 0.000000000 -12.000000000 0.000000000 0.000000000
1776613955.668299913 0.528986275 -0.094786815 0.203363329 0.072587401 0.997049987 0.009819416 -0.022932777 0.056531616 -0.059827019 -2.378468752 0.000000000 0.000000000 -12.000000000 0.000000000 0.000000000
1776613955.673293114 0.528778136 -0.094382107 0.203367472 0.072066687 0.997099400 0.009728993 -0.022462422 0.096160688 -0.098779507 -2.328213453 0.000000000 0.000000000 -12.000000000 0.000000000 0.000000000
1776613955.678303242 0.528507829 -0.093975119 0.203375220 0.071529798 0.997147858 0.009627548 -0.022065796 0.138566643 -0.136997506 -2.277788639 0.000000000 0.000000000 -12.000000000 0.000000000 0.000000000
1776613955.683237076 0.528216779 -0.093577608 0.203384727 0.070983171 0.997195959 0.009509310 -0.021706933 0.183759600 -0.174321830 -2.227235556 0.000000000 0.000000000 -12.000000000 0.000000000 0.000000000
1776613955.690110207 0.527900398 -0.093179673 0.203394532 0.070419095 0.997244239 0.009377337 -0.021382220 0.231661871 -0.210592687 -2.176603556 0.000000000 0.000000000 -12.000000000 0.000000000 0.000000000
1776613955.696296930 0.527180493 -0.092392959 0.203410774 0.069253981 0.997339666 0.009082020 -0.020856369 0.282113045 -0.245652720 -2.125950575 0.000000000 0.000000000 -12.000000000 0.000000000 0.000000000
1776613955.699341774 0.527180493 -0.092392959 0.203410774 0.069253981 0.997339666 0.009082020 -0.020856369 0.334879011 -0.279349267 -2.075343847 0.000000000 0.000000000 -12.000000000 0.000000000 0.000000000
1776613955.704903364 0.526712239 -0.091972336 0.203407675 0.068654321 0.997385085 0.008944063 -0.020726463 0.389662623 -0.311536252 -2.024857283 0.000000000 0.000000000 -12.000000000 0.000000000 0.000000000
1776613955.710030794 0.525666356 -0.091114856 0.203380853 0.067455992 0.997471571 0.008680143 -0.020610699 0.446114033 -0.342076421 -1.974570632 0.000000000 0.000000000 -12.000000000 0.000000000 0.000000000
1776613955.713893175 0.525666356 -0.091114856 0.203380853 0.067455992 0.997471571 0.008680143 -0.020610699 0.503838956 -0.370844185 -1.924565911 0.000000000 0.000000000 -12.000000000 0.000000000 0.000000000
1776613955.718593121 0.525025606 -0.090664282 0.203336716 0.066860117 0.997510493 0.008568540 -0.020714344 0.562405288 -0.397729039 -1.874924660 0.000000000 0.000000000 -12.000000000 0.000000000 0.000000000
1776613955.723304987 0.524363279 -0.090180039 0.203287631 0.066260815 0.997548163 0.008484880 -0.020861015 0.621347606 -0.422639728 -1.825724602 0.000000000 0.000000000 -12.000000000 0.000000000 0.000000000
1776613955.728321552 0.523679137 -0.089608558 0.203253537 0.065682396 0.997582376 0.008498225 -0.021048384 0.680174112 -0.445509762 -1.777038932 0.000000000 0.000000000 -12.000000000 0.000000000 0.000000000
1776613955.733257532 0.522936344 -0.088924572 0.203219086 0.065126851 0.997611523 0.008638390 -0.021333396 0.738373816 -0.466303915 -1.728936076 0.000000000 0.000000000 -12.000000000 0.000000000 0.000000000
1776613955.739039421 0.522180021 -0.088196307 0.203218162 0.064615354 0.997636259 0.008850861 -0.021642329 0.795425057 -0.485025018 -1.681481719 0.000000000 0.000000000 -12.000000000 0.000000000 0.000000000
1776613955.743490458 0.521424413 -0.087442592 0.203232527 0.064145908 0.997657180 0.009118183 -0.021961665 0.850804210 -0.501718998 -1.634739518 0.000000000 0.000000000 -12.000000000 0.000000000 0.000000000
1776613955.748291731 0.520573735 -0.086621784 0.203215510 0.063716680 0.997671545 0.009461137 -0.022407692 0.903994799 -0.516474903 -1.588770866 0.000000000 0.000000000 -12.000000000 0.000000000 0.000000000
1776613955.753362894 0.519618154 -0.085728019 0.203170866 0.063349277 0.997677445 0.009875334 -0.023000693 0.954495788 -0.529420733 -1.543632746 0.000000000 0.000000000 -12.000000000 0.000000000 0.000000000
1776613955.758491993 0.518607140 -0.084730811 0.203114063 0.063040696 0.997675598 0.010396207 -0.023690626 1.001825809 -0.540716946 -1.499377966 0.000000000 0.000000000 -12.000000000 0.000000000 0.000000000
1776613955.763278723 0.517597318 -0.083674565 0.203067988 0.062803708 0.997667074 0.010982780 -0.024403578 1.045526028 -0.550549865 -1.456056118 0.000000000 0.000000000 -12.000000000 0.000000000 0.000000000
1776613955.768537283 0.516567409 -0.082622610 0.203050107 0.062658228 0.997651041 0.011570981 -0.025149053 1.085165381 -0.559125721 -1.413715363 0.000000000 0.000000000 -12.000000000 0.000000000 0.000000000
1776613955.773279905 0.515547574 -0.081581868 0.203058392 0.062609218 0.997628272 0.012151952 -0.025888424 1.120351672 -0.566663265 -1.372402549 0.000000000 0.000000000 -12.000000000 0.000000000 0.000000000
1776613955.779829502 0.514622867 -0.080551147 0.203105778 0.062565506 0.997607708 0.012705171 -0.026514256 1.150748372 -0.573385775 -1.332163572 0.000000000 0.000000000 -12.000000000 0.000000000 0.000000000
1776613955.783466101 0.512898445 -0.078396723 0.203160107 0.062458295 0.997568548 0.013842816 -0.027646778 1.176093698 -0.579511285 -1.293042302 0.000000000 0.000000000 -12.000000000 0.000000000 0.000000000
1776613955.789550066 0.512898445 -0.078396723 0.203160107 0.062458295 0.997568548 0.013842816 -0.027646778 1.196218014 -0.585244775 -1.255079985 0.000000000 0.000000000 -12.000000000 0.000000000 0.000000000
1776613955.793272257 0.512150228 -0.077323340 0.203162611 0.062375400 0.997553587 0.014400009 -0.028085938 1.211054325 -0.590773702 -1.218313336 0.000000000 0.000000000 -12.000000000 0.000000000 0.000000000
1776613955.798914909 0.511426926 -0.076229237 0.203137010 0.062310256 0.997537374 0.014990524 -0.028493943 1.220640182 -0.596268594 -1.182772875 0.000000000 0.000000000 -12.000000000 0.000000000 0.000000000
1776613955.803342581 0.510849118 -0.075285994 0.203134388 0.062181331 0.997532547 0.015430633 -0.028709298 1.225110888 -0.601883292 -1.148481011 0.000000000 0.000000000 -12.000000000 0.000000000 0.000000000
1776613955.809729576 0.510213554 -0.074404389 0.203128427 0.062009480 0.997529626 0.015783850 -0.028987618 1.224687338 -0.607747376 -1.115451694 0.000000000 0.000000000 -12.000000000 0.000000000 0.000000000
1776613955.813269615 0.509649158 -0.073527731 0.203138053 0.061758876 0.997534215 0.016098578 -0.029191535 1.219660401 -0.613951504 -1.083690882 0.000000000 0.000000000 -12.000000000 0.000000000 0.000000000
1776613955.820308924 0.509063542 -0.072651103 0.203150868 0.061399348 0.997544885 0.016377052 -0.029429004 1.210374951 -0.620538235 -1.053197503 0.000000000 0.000000000 -12.000000000 0.000000000 0.000000000
1776613955.824738503 0.507832348 -0.070841976 0.203139484 0.060568053 0.997569263 0.016896019 -0.030027203 1.197213173 -0.627502739 -1.023965240 0.000000000 0.000000000 -12.000000000 0.000000000 0.000000000
1776613955.829720497 0.507832348 -0.070841976 0.203139484 0.060568053 0.997569263 0.016896019 -0.030027203 1.180578232 -0.634803951 -0.995983660 0.000000000 0.000000000 -12.000000000 0.000000000 0.000000000
1776613955.834650755 0.507173836 -0.069897674 0.203133285 0.060125858 0.997579396 0.017199019 -0.030404899 1.160880923 -0.642382085 -0.969240785 0.000000000 0.000000000 -12.000000000 0.000000000 0.000000000
1776613955.838507652 0.506651819 -0.068939701 0.203182101 0.059710089 0.997591913 0.017532002 -0.030621886 1.138534188 -0.650174797 -0.943725407 0.000000000 0.000000000 -12.000000000 0.000000000 0.000000000
1776613955.844702721 0.506121635 -0.067882791 0.203226209 0.059357077 0.997597694 0.017966298 -0.030866373 1.113954782 -0.658128619 -0.919429243 0.000000000 0.000000000 -12.000000000 0.000000000 0.000000000
1776613955.848255396 0.505503595 -0.066708617 0.203243971 0.059041429 0.997594953 0.018525356 -0.031228783 1.087559104 -0.666204691 -0.896346271 0.000000000 0.000000000 -12.000000000 0.000000000 0.000000000
1776613955.853314400 0.504908800 -0.065453365 0.203250468 0.058766440 0.997587383 0.019195508 -0.031583320 1.059757352 -0.674381614 -0.874470413 0.000000000 0.000000000 -12.000000000 0.000000000 0.000000000
1776613955.858265400 0.504366636 -0.064156018 0.203269988 0.058590092 0.997573316 0.019949498 -0.031885955 1.030945659 -0.682658434 -0.853794813 0.000000000 0.000000000 -12.000000000 0.000000000 0.000000000
1776613955.863327742 0.503927886 -0.062841430 0.203308135 0.058521893 0.997554660 0.020765880 -0.032072235 1.001505017 -0.691057026 -0.834313512 0.000000000 0.000000000 -12.000000000 0.000000000 0.000000000
1776613955.868207932 0.503564596 -0.061508823 0.203361541 0.058497339 0.997535229 0.021616399 -0.032159280 0.971806824 -0.699621439 -0.816020846 0.000000000 0.000000000 -12.000000000 0.000000000 0.000000000
1776613955.874704123 0.503289580 -0.060123935 0.203424782 0.058495320 0.997516096 0.022513807 -0.032142051 0.942223847 -0.708412230 -0.798908532 0.000000000 0.000000000 -12.000000000 0.000000000 0.000000000
1776613955.878201485 0.502985001 -0.057342395 0.203468770 0.058398526 0.997492611 0.024238590 -0.031789668 0.913143218 -0.717495799 -0.782962084 0.000000000 0.000000000 -12.000000000 0.000000000 0.000000000
1776613955.884659767 0.502985001 -0.057342395 0.203468770 0.058398526 0.997492611 0.024238590 -0.031789668 0.884975851 -0.726931751 -0.768157363 0.000000000 0.000000000 -12.000000000 0.000000000 0.000000000
1776613955.888194084 0.503012538 -0.055953864 0.203463852 0.058270060 0.997492492 0.025053645 -0.031394523 0.858159781 -0.736761749 -0.754458368 0.000000000 0.000000000 -12.000000000 0.000000000 0.000000000
1776613955.893173456 0.503162324 -0.054598555 0.203453481 0.058096226 0.997500062 0.025827290 -0.030845478 0.833156586 -0.747001588 -0.741816819 0.000000000 0.000000000 -12.000000000 0.000000000 0.000000000
1776613955.898215532 0.503364921 -0.053306676 0.203442007 0.057916414 0.997510850 0.026546543 -0.030216645 0.810440719 -0.757638633 -0.730172634 0.000000000 0.000000000 -12.000000000 0.000000000 0.000000000
1776613955.904644012 0.503594398 -0.052189849 0.203432351 0.057706814 0.997528672 0.027094614 -0.029536583 0.790485144 -0.768630683 -0.719455421 0.000000000 0.000000000 -12.000000000 0.000000000 0.000000000
1776613955.909810543 0.503891826 -0.051171102 0.203447938 0.057427224 0.997555852 0.027513428 -0.028764375 0.773744524 -0.779901624 -0.709588170 0.000000000 0.000000000 -12.000000000 0.000000000 0.000000000
1776613955.913373709 0.504217923 -0.050183397 0.203464955 0.057067987 0.997589827 0.027852289 -0.027965911 0.760639727 -0.791334569 -0.700491071 0.000000000 0.000000000 -12.000000000 0.000000000 0.000000000
1776613955.918498039 0.504522562 -0.049238443 0.203480244 0.056643505 0.997628212 0.028099041 -0.027200336 0.751544237 -0.802768528 -0.692085207 0.000000000 0.000000000 -12.000000000 0.000000000 0.000000000
1776613955.923251629 0.504765213 -0.048354518 0.203476578 0.056149013 0.997670531 0.028239070 -0.026521172 0.746772051 -0.814000130 -0.684295177 0.000000000 0.000000000 -12.000000000 0.000000000 0.000000000
1776613955.928201914 0.504949331 -0.047547102 0.203446567 0.055623658 0.997714818 0.028278558 -0.025912287 0.746566951 -0.824790001 -0.677051961 0.000000000 0.000000000 -12.000000000 0.000000000 0.000000000
1776613955.933411360 0.505108416 -0.046782471 0.203420579 0.055095460 0.997759521 0.028250072 -0.025345342 0.751092076 -0.834871292 -0.670296550 0.000000000 0.000000000 -12.000000000 0.000000000 0.000000000
1776613955.938795805 0.505250037 -0.046011165 0.203396887 0.054566327 0.997803867 0.028182598 -0.024814490 0.760423899 -0.843958497 -0.663982511 0.000000000 0.000000000 -12.000000000 0.000000000 0.000000000
1776613955.944718361 0.505365312 -0.045260876 0.203379452 0.054031137 0.997848153 0.028069725 -0.024325779 0.774550796 -0.851755798 -0.658077180 0.000000000 0.000000000 -12.000000000 0.000000000 0.000000000
1776613955.948965549 0.505420506 -0.044535883 0.203345567 0.053533923 0.997889161 0.027915308 -0.023918176 0.793374062 -0.857965469 -0.652560472 0.000000000 0.000000000 -12.000000000 0.000000000 0.000000000
1776613955.954642057 0.505420506 -0.044535883 0.203345567 0.053533923 0.997889161 0.027915308 -0.023918176 0.816711307 -0.862295806 -0.647422075 0.000000000 0.000000000 -12.000000000 0.000000000 0.000000000
1776613955.959271669 0.505329251 -0.042588443 0.203142107 0.052269854 0.997997224 0.027162032 -0.023056479 0.844303071 -0.864467323 -0.642659545 0.000000000 0.000000000 -12.000000000 0.000000000 0.000000000
1776613955.964590073 0.505329251 -0.042588443 0.203142107 0.052269854 0.997997224 0.027162032 -0.023056479 0.875820875 -0.864217043 -0.638276398 0.000000000 0.000000000 -12.000000000 0.000000000 0.000000000
1776613955.969663620 0.505053341 -0.041353673 0.202991039 0.051527470 0.998060226 0.026481235 -0.022790724 0.910875142 -0.861302614 -0.634282351 0.000000000 0.000000000 -12.000000000 0.000000000 0.000000000
1776613955.974645615 0.504866779 -0.040736459 0.202934682 0.051178899 0.998089671 0.026095578 -0.022732580 0.949022412 -0.855506957 -0.630693018 0.000000000 0.000000000 -12.000000000 0.000000000 0.000000000
1776613955.979843378 0.504866779 -0.040736459 0.202934682 0.051178899 0.998089671 0.026095578 -0.022732580 0.989773452 -0.846643209 -0.627530158 0.000000000 0.000000000 -12.000000000 0.000000000 0.000000000
1776613955.984507084 0.504558384 -0.040074900 0.202868700 0.050857440 0.998113036 0.025738159 -0.022836048 1.032600999 -0.834561408 -0.624821305 0.000000000 0.000000000 -12.000000000 0.000000000 0.000000000
1776613955.989688396 0.504204750 -0.039401539 0.202814519 0.050575040 0.998131931 0.025396876 -0.023017067 1.076945901 -0.819154739 -0.622600257 0.000000000 0.000000000 -12.000000000 0.000000000 0.000000000
1776613955.993650436 0.503822088 -0.038699392 0.202768058 0.050349716 0.998145103 0.025104921 -0.023259446 1.122221589 -0.800367355 -0.620907784 0.000000000 0.000000000 -12.000000000 0.000000000 0.000000000
1776613955.998496294 0.503400326 -0.037928987 0.202727050 0.050183628 0.998150945 0.024912409 -0.023572134 1.167821765 -0.778201878 -0.619792104 0.000000000 0.000000000 -12.000000000 0.000000000 0.000000000
1776613956.003186226 0.502961218 -0.037128106 0.202694893 0.050068077 0.998151362 0.024790321 -0.023927202 1.213131428 -0.752726257 -0.619307935 0.000000000 0.000000000 -12.000000000 0.000000000 0.000000000
1776613956.008280754 0.502476215 -0.036229633 0.202658892 0.050003607 0.998144031 0.024792712 -0.024362028 1.257539392 -0.724078178 -0.619516015 0.000000000 0.000000000 -12.000000000 0.000000000 0.000000000
1776613956.013190269 0.501981974 -0.035245240 0.202621251 0.049965538 0.998131335 0.024905227 -0.024838597 1.300450206 -0.692465007 -0.620481551 0.000000000 0.000000000 -12.000000000 0.000000000 0.000000000
1776613956.019617796 0.501406372 -0.034254454 0.202568382 0.049919892 0.998115540 0.025030525 -0.025433468 1.341291428 -0.658158362 -0.622273445 0.000000000 0.000000000 -12.000000000 0.000000000 0.000000000
1776613956.024544239 0.500785708 -0.033289764 0.202514321 0.049851339 0.998099029 0.025134461 -0.026104644 1.379517078 -0.621483207 -0.624964058 0.000000000 0.000000000 -12.000000000 0.000000000 0.000000000
1776613956.029136419 0.500191808 -0.032305188 0.202478319 0.049728014 0.998084843 0.025238777 -0.026772365 1.414612770 -0.582802951 -0.628629446 0.000000000 0.000000000 -12.000000000 0.000000000 0.000000000
1776613956.033620596 0.499577343 -0.031271666 0.202440560 0.049543269 0.998071015 0.025370335 -0.027497167 1.446101785 -0.542503238 -0.633349538 0.000000000 0.000000000 -12.000000000 0.000000000 0.000000000
1776613956.038170576 0.498926938 -0.030237621 0.202402502 0.049312487 0.998057127 0.025501883 -0.028282473 1.473554134 -0.500980139 -0.639207661 0.000000000 0.000000000 -12.000000000 0.000000000 0.000000000
1776613956.043239355 0.498370171 -0.029272841 0.202387750 0.049081761 0.998046935 0.025581500 -0.028963108 1.496596813 -0.458632559 -0.646288276 0.000000000 0.000000000 -12.000000000 0.000000000 0.000000000
1776613956.048322439 0.497888058 -0.028387416 0.202375561 0.048856419 0.998040080 0.025603388 -0.029556291 1.514929891 -0.415856361 -0.654673159 0.000000000 0.000000000 -12.000000000 0.000000000 0.000000000
1776613956.053196669 0.497464806 -0.027507581 0.202346861 0.048597489 0.998036623 0.025612997 -0.030085385 1.528344154 -0.373037994 -0.664437294 0.000000000 0.000000000 -12.000000000 0.000000000 0.000000000
1776613956.058344603 0.497160435 -0.026641972 0.202314019 0.048290189 0.998040438 0.025586024 -0.030475402 1.536738753 -0.330547124 -0.675645590 0.000000000 0.000000000 -12.000000000 0.000000000 0.000000000
1776613956.063342810 0.496992320 -0.025803506 0.202275485 0.047952868 0.998051345 0.025524456 -0.030700741 1.540131569 -0.288729727 -0.688350677 0.000000000 0.000000000 -12.000000000 0.000000000 0.000000000
1776613956.068356752 0.496912241 -0.024978725 0.202222705 0.047595650 0.998066604 0.025448674 -0.030822745 1.538662076 -0.247904569 -0.702590168 0.000000000 0.000000000 -12.000000000 0.000000000 0.000000000
1776613956.073256493 0.496915460 -0.024208492 0.202169925 0.047226965 0.998086631 0.025316678 -0.030849798 1.532585025 -0.208362475 -0.718385398 0.000000000 0.000000000 -12.000000000 0.000000000 0.000000000
1776613956.078310251 0.496998221 -0.023484383 0.202126503 0.046860769 0.998110414 0.025132630 -0.030789394 1.522258162 -0.170363352 -0.735741377 0.000000000 0.000000000 -12.000000000 0.000000000 0.000000000
1776613956.083182096 0.497144938 -0.022777490 0.202095270 0.046476189 0.998137951 0.024905838 -0.030664435 1.508124948 -0.134131268 -0.754649103 0.000000000 0.000000000 -12.000000000 0.000000000 0.000000000
1776613956.088636398 0.497335732 -0.022087313 0.202083200 0.046062786 0.998169184 0.024629565 -0.030494593 1.490695953 -0.099850334 -0.775088012 0.000000000 0.000000000 -12.000000000 0.000000000 0.000000000
1776613956.093119860 0.497503698 -0.021375475 0.202070773 0.045642581 0.998199463 0.024350822 -0.030358722 1.470528245 -0.067663364 -0.797028303 0.000000000 0.000000000 -12.000000000 0.000000000 0.000000000
1776613956.098342419 0.497686356 -0.020680558 0.202071339 0.045249391 0.998229146 0.024050292 -0.030209633 1.448204517 -0.037674285 -0.820433378 0.000000000 0.000000000 -12.000000000 0.000000000 0.000000000
1776613956.104480505 0.497862279 -0.020071531 0.202067405 0.044902399 0.998257995 0.023681251 -0.030066581 1.424313188 -0.009952302 -0.845262587 0.000000000 0.000000000 -12.000000000 0.000000000 0.000000000
1776613956.108185530 0.498029351 -0.019517630 0.202066541 0.044607989 0.998284638 0.023272824 -0.029937275 1.399430275 0.015465955 -0.871472716 0.000000000 0.000000000 -12.000000000 0.000000000 0.000000000
1776613956.114263058 0.498138577 -0.018940710 0.202057958 0.044324797 0.998308301 0.022863898 -0.029884232 1.374103546 0.038576473 -0.899018109 0.000000000 0.000000000 -12.000000000 0.000000000 0.000000000
1776613956.118136168 0.498191118 -0.018314989 0.202049017 0.044037491 0.998329341 0.022471247 -0.029905112 1.348838091 0.059407014 -0.927850783 0.000000000 0.000000000 -12.000000000 0.000000000 0.000000000
1776613956.123104572 0.498247415 -0.017690782 0.202040404 0.043774564 0.998348892 0.022066521 -0.029939163 1.324084044 0.078013822 -0.957920551 0.000000000 0.000000000 -12.000000000 0.000000000 0.000000000
1776613956.128564835 0.498288512 -0.017107151 0.202013612 0.043549456 0.998365939 0.021635376 -0.030013345 1.300230145 0.094475418 -0.989175081 0.000000000 0.000000000 -12.000000000 0.000000000 0.000000000
1776613956.133278608 0.498320907 -0.016575105 0.201975971 0.043353979 0.998381615 0.021164777 -0.030111000 1.277602196 0.108885646 -1.021560311 0.000000000 0.000000000 -12.000000000 0.000000000 0.000000000
1776613956.138136148 0.498324513 -0.016051445 0.201935619 0.043169890 0.998395205 0.020689959 -0.030253194 1.256465554 0.121350043 -1.055020928 0.000000000 0.000000000 -12.000000000 0.000000000 0.000000000
1776613956.143119335 0.498307526 -0.015499726 0.201894522 0.042980060 0.998406947 0.020244267 -0.030437514 1.237027407 0.131984815 -1.089501262 0.000000000 0.000000000 -12.000000000 0.000000000 0.000000000
1776613956.148327112 0.498309135 -0.014907543 0.201857418 0.042796325 0.998417318 0.019847948 -0.030617516 1.219441414 0.140913934 -1.124945760 0.000000000 0.000000000 -12.000000000 0.000000000 0.000000000
1776613956.153348923 0.498364151 -0.014323582 0.201828927 0.042634785 0.998427749 0.019468980 -0.030745972 1.203812003 0.148262993 -1.161299706 0.000000000 0.000000000 -12.000000000 0.000000000 0.000000000
1776613956.158299208 0.498419553 -0.013762067 0.201792717 0.042507157 0.998436272 0.019096384 -0.030877642 1.190202594 0.154151842 -1.198508620 0.000000000 0.000000000 -12.000000000 0.000000000 0.000000000
1776613956.164652586 0.498520792 -0.013184399 0.201751173 0.042405572 0.998444259 0.018772304 -0.030958958 1.178646803 0.158687040 -1.236516356 0.000000000 0.000000000 -12.000000000 0.000000000 0.000000000
1776613956.169478178 0.498939544 -0.011866909 0.201669902 0.042278692 0.998459697 0.018375237 -0.030873192 1.169163942 0.161955416 -1.275264740 0.000000000 0.000000000 -12.000000000 0.000000000 0.000000000
1776613956.174549103 0.498939544 -0.011866909 0.201669902 0.042278692 0.998459697 0.018375237 -0.030873192 1.161773443 0.164019376 -1.314693332 0.000000000 0.000000000 -12.000000000 0.000000000 0.000000000
1776613956.178427458 0.499297321 -0.011164404 0.201654285 0.042259831 0.998469174 0.018272145 -0.030651689 1.156509042 0.164914429 -1.354738951 0.000000000 0.000000000 -12.000000000 0.000000000 0.000000000
1776613956.184385538 0.499742091 -0.010436642 0.201638490 0.042269114 0.998479486 0.018229363 -0.030327568 1.153428912 0.164648503 -1.395336390 0.000000000 0.000000000 -12.000000000 0.000000000 0.000000000
1776613956.188158989 0.500354588 -0.009667335 0.201633006 0.042282335 0.998494089 0.018254342 -0.029807774 1.152624607 0.163202569 -1.436417460 0.000000000 0.000000000 -12.000000000 0.000000000 0.000000000
1776613956.194587469 0.501096129 -0.008890529 0.201618195 0.042298365 0.998512268 0.018309392 -0.029136237 1.154226422 0.160532385 -1.477911592 0.000000000 0.000000000 -12.000000000 0.000000000 0.000000000
1776613956.198152542 0.502826810 -0.007250765 0.201540619 0.042287204 0.998554289 0.018542252 -0.027518496 1.158403397 0.156572431 -1.519745469 0.000000000 0.000000000 -12.000000000 0.000000000 0.000000000
1776613956.203189135 0.502826810 -0.007250765 0.201540619 0.042287204 0.998554289 0.018542252 -0.027518496 1.165359259 0.151241705 -1.561842084 0.000000000 0.000000000 -12.000000000 0.000000000 0.000000000
1776613956.208527803 0.503879845 -0.006396272 0.201512128 0.042243835 0.998580873 0.018705677 -0.026491383 1.175321937 0.144450560 -1.604120851 0.000000000 0.000000000 -12.000000000 0.000000000 0.000000000
1776613956.214510441 0.505027592 -0.005495466 0.201491386 0.042189173 0.998608470 0.018924939 -0.025358042 1.188531518 0.136107624 -1.646499157 0.000000000 0.000000000 -12.000000000 0.000000000 0.000000000
1776613956.218428135 0.507319570 -0.003675388 0.201434404 0.041994758 0.998661995 0.019386103 -0.023127394 1.205228567 0.126125425 -1.688891888 0.000000000 0.000000000 -12.000000000 0.000000000 0.000000000
1776613956.224428415 0.507319570 -0.003675388 0.201434404 0.041994758 0.998661995 0.019386103 -0.023127394 1.225640297 0.114425637 -1.731213570 0.000000000 0.000000000 -12.000000000 0.000000000 0.000000000
1776613956.228138447 0.508475184 -0.002778218 0.201421559 0.041850761 0.998689055 0.019594977 -0.022015825 1.249964595 0.100946099 -1.773381352 0.000000000 0.000000000 -12.000000000 0.000000000 0.000000000
1776613956.233227015 0.509665012 -0.001889709 0.201419562 0.041659929 0.998717785 0.019792618 -0.020868871 1.278351665 0.085649364 -1.815319657 0.000000000 0.000000000 -12.000000000 0.000000000 0.000000000
1776613956.238175392 0.510821104 -0.001059610 0.201421022 0.041428655 0.998747349 0.019918863 -0.019765779 1.310889840 0.068530820 -1.856964111 0.000000000 0.000000000 -12.000000000 0.000000000 0.000000000
1776613956.243371248 0.511954904 -0.000280460 0.201437861 0.041171283 0.998777509 0.019983005 -0.018684031 1.347600102 0.049624696 -1.898263812 0.000000000 0.000000000 -12.000000000 0.000000000 0.000000000
1776613956.248275280 0.513036668 0.000464410 0.201443374 0.040882673 0.998807549 0.020004174 -0.017662274 1.388432384 0.029007219 -1.939181685 0.000000000 0.000000000 -12.000000000 0.000000000 0.000000000
1776613956.253304958 0.514088154 0.001181383 0.201436102 0.040594965 0.998836339 0.019991776 -0.016682515 1.433265924 0.006796333 -1.979695559 0.000000000 0.000000000 -12.000000000 0.000000000 0.000000000
1776613956.258184433 0.515137315 0.001879886 0.201429933 0.040306304 0.998864353 0.019964257 -0.015711743 1.481912494 -0.016852137 -2.019799232 0.000000000 0.000000000 -12.000000000 0.000000000 0.000000000
1776613956.263276100 0.516117632 0.002542340 0.201409131 0.040047098 0.998889685 0.019897178 -0.014823601 1.534121871 -0.041750208 -2.059503794 0.000000000 0.000000000 -12.000000000 0.000000000 0.000000000
1776613956.268135786 0.517074168 0.003160860 0.201383650 0.039787423 0.998914659 0.019777512 -0.013975415 1.589588284 -0.067682162 -2.098839283 0.000000000 0.000000000 -12.000000000 0.000000000 0.000000000
1776613956.273178577 0.517989218 0.003756100 0.201357603 0.039540138 0.998938262 0.019623483 -0.013186513 1.647956014 -0.094407350 -2.137855291 0.000000000 0.000000000 -12.000000000 0.000000000 0.000000000
1776613956.278145313 0.518897533 0.004335183 0.201339215 0.039289370 0.998961508 0.019445816 -0.012414356 1.708827138 -0.121663347 -2.176622152 0.000000000 0.000000000 -12.000000000 0.000000000 0.000000000
1776613956.283931017 0.519751847 0.004877712 0.201311380 0.039055277 0.998983324 0.019228077 -0.011715800 1.771768689 -0.149169773 -2.215230942 0.000000000 0.000000000 -12.000000000 0.000000000 0.000000000
1776613956.288411379 0.520540357 0.005370759 0.201256424 0.038828518 0.999004304 0.018956253 -0.011111003 1.836318374 -0.176632002 -2.253793240 0.000000000 0.000000000 -12.000000000 0.000000000 0.000000000
1776613956.293595314 0.521324337 0.005802643 0.201217562 0.038601249 0.999025702 0.018624010 -0.010520350 1.901988626 -0.203745067 -2.292440414 0.000000000 0.000000000 -12.000000000 0.000000000 0.000000000
1776613956.298246145 0.522020817 0.006184707 0.201156020 0.038373690 0.999046445 0.018237118 -0.010051095 1.968270063 -0.230198428 -2.331321001 0.000000000 0.000000000 -12.000000000 0.000000000 0.000000000
1776613956.303118229 0.522605836 0.006530880 0.201078653 0.038145427 0.999066293 0.017798234 -0.009731662 2.034633875 -0.255681664 -2.370598316 0.000000000 0.000000000 -12.000000000 0.000000000 0.000000000
1776613956.308245420 0.523099780 0.006841009 0.201006025 0.037925605 0.999085009 0.017314196 -0.009537149 2.100532293 -0.279889494 -2.410450459 0.000000000 0.000000000 -12.000000000 0.000000000 0.000000000
1776613956.313183546 0.523540080 0.007109804 0.200940847 0.037710443 0.999103308 0.016782453 -0.009428654 2.165399075 -0.302526295 -2.451070547 0.000000000 0.000000000 -12.000000000 0.000000000 0.000000000
1776613956.318165541 0.523947537 0.007355214 0.200898945 0.037487864 0.999121606 0.016215952 -0.009368480 2.228655815 -0.323311716 -2.492666483 0.000000000 0.000000000 -12.000000000 0.000000000 0.000000000
1776613956.323745012 0.524266481 0.007568360 0.200856477 0.037259810 0.999139249 0.015609936 -0.009423838 2.289725542 -0.341987401 -2.535460234 0.000000000 0.000000000 -12.000000000 0.000000000 0.000000000
1776613956.328364849 0.524515450 0.007766965 0.200818151 0.037042499 0.999155402 0.014990822 -0.009571466 2.348044872 -0.358323634 -2.579686403 0.000000000 0.000000000 -12.000000000 0.000000000 0.000000000
1776613956.333542347 0.524515450 0.007766965 0.200818151 0.037042499 0.999155402 0.014990822 -0.009571466 2.403075933 -0.372125357 -2.625589371 0.000000000 0.000000000 -12.000000000 0.000000000 0.000000000
1776613956.339565516 0.524908006 0.008137068 0.200732559 0.036618162 0.999184668 0.013729745 -0.010032145 2.454317570 -0.383237153 -2.673420906 0.000000000 0.000000000 -12.000000000 0.000000000 0.000000000
1776613956.343145847 0.525054932 0.008310018 0.200701028 0.036420647 0.999197245 0.013088604 -0.010346798 2.501314640 -0.391546845 -2.723438501 0.000000000 0.000000000 -12.000000000 0.000000000 0.000000000
1776613956.348493576 0.525222063 0.008490002 0.200678527 0.036224589 0.999209285 0.012456357 -0.010651557 2.543664694 -0.396988451 -2.775900364 0.000000000 0.000000000 -12.000000000 0.000000000 0.000000000
1776613956.353283882 0.525375962 0.008687716 0.200659633 0.036032900 0.999220073 0.011844157 -0.010983922 2.581025362 -0.399544209 -2.831063747 0.000000000 0.000000000 -12.000000000 0.000000000 0.000000000
1776613956.358517408 0.525508285 0.008882532 0.200640976 0.035846721 0.999229550 0.011238299 -0.011357759 2.613119125 -0.399246633 -2.889178038 0.000000000 0.000000000 -12.000000000 0.000000000 0.000000000
1776613956.363121986 0.525627196 0.009108484 0.200616181 0.035672221 0.999237359 0.010671302 -0.011759600 2.639739990 -0.396179944 -2.950481176 0.000000000 0.000000000 -12.000000000 0.000000000 0.000000000
1776613956.368229628 0.525785506 0.009347889 0.200605273 0.035506707 0.999244392 0.010141479 -0.012129245 2.660758734 -0.390481144 -3.015194416 0.000000000 0.000000000 -12.000000000 0.000000000 0.000000000
1776613956.373994350 0.525962710 0.009595450 0.200612336 0.035355188 0.999250233 0.009642348 -0.012488326 2.676126003 -0.382339329 -3.083519697 0.000000000 0.000000000 -12.000000000 0.000000000 0.000000000
1776613956.378909349 0.526158631 0.009862153 0.200613767 0.035216920 0.999255121 0.009176465 -0.012833800 2.685873270 -0.371992916 -3.155638456 0.000000000 0.000000000 -12.000000000 0.000000000 0.000000000
1776613956.383375645 0.526362121 0.010139560 0.200611532 0.035079028 0.999259353 0.008740076 -0.013183808 2.690109491 -0.359724730 -3.231708288 0.000000000 0.000000000 -12.000000000 0.000000000 0.000000000
1776613956.388210773 0.526576698 0.010435214 0.200604200 0.034951843 0.999262571 0.008341421 -0.013531694 2.689017057 -0.345856130 -3.311860561 0.000000000 0.000000000 -12.000000000 0.000000000 0.000000000
1776613956.393329620 0.526811481 0.010741677 0.200585276 0.034832925 0.999265015 0.007976093 -0.013871595 2.682842255 -0.330740839 -3.396194935 0.000000000 0.000000000 -12.000000000 0.000000000 0.000000000
1776613956.398597717 0.527091026 0.011057971 0.200590730 0.034713097 0.999267638 0.007645507 -0.014166269 2.671888351 -0.314758450 -3.484776974 0.000000000 0.000000000 -12.000000000 0.000000000 0.000000000
1776613956.403325081 0.527426362 0.011383696 0.200604677 0.034606211 0.999270201 0.007346580 -0.014404468 2.656507254 -0.298307955 -3.577631950 0.000000000 0.000000000 -12.000000000 0.000000000 0.000000000
1776613956.408343315 0.527780235 0.011719962 0.200628340 0.034492005 0.999272943 0.007079132 -0.014620875 2.637093306 -0.281800687 -3.674743891 0.000000000 0.000000000 -12.000000000 0.000000000 0.000000000
1776613956.414598465 0.528144419 0.012057617 0.200645566 0.034385413 0.999275208 0.006825225 -0.014835348 2.614076376 -0.265652120 -3.776052713 0.000000000 0.000000000 -12.000000000 0.000000000 0.000000000
1776613956.420671940 0.528453231 0.012385978 0.200638324 0.034258913 0.999276936 0.006568097 -0.015124310 2.587913275 -0.250272810 -3.881455660 0.000000000 0.000000000 -12.000000000 0.000000000 0.000000000
1776613956.423585892 0.529097617 0.013034426 0.200594842 0.034001384 0.999279857 0.006074585 -0.015710587 2.559077978 -0.236058757 -3.990806580 0.000000000 0.000000000 -12.000000000 0.000000000 0.000000000
1776613956.428144455 0.529097617 0.013034426 0.200594842 0.034001384 0.999279857 0.006074585 -0.015710587 2.528050661 -0.223382801 -4.103920937 0.000000000 0.000000000 -12.000000000 0.000000000 0.000000000
1776613956.433190107 0.529438794 0.013325421 0.200575590 0.033861872 0.999281645 0.005806972 -0.015995324 2.495312691 -0.212587819 -4.220580578 0.000000000 0.000000000 -12.000000000 0.000000000 0.000000000
1776613956.438142300 0.529785335 0.013571322 0.200547040 0.033714976 0.999283791 0.005501297 -0.016278602 2.461341381 -0.203980610 -4.340539455 0.000000000 0.000000000 -12.000000000 0.000000000 0.000000000
1776613956.444645405 0.530099452 0.013800418 0.200509340 0.033535816 0.999286175 0.005174721 -0.016606087 2.426606894 -0.197826982 -4.463531017 0.000000000 0.000000000 -12.000000000 0.000000000 0.000000000
1776613956.448140144 0.530379236 0.014001148 0.200455785 0.033361387 0.999287248 0.004830341 -0.016990315 2.391568422 -0.194349155 -4.589273453 0.000000000 0.000000000 -12.000000000 0.000000000 0.000000000
1776613956.454606056 0.530686378 0.014182915 0.200420558 0.033165503 0.999289334 0.004461105 -0.017347831 2.356668472 -0.193724617 -4.717475414 0.000000000 0.000000000 -12.000000000 0.000000000 0.000000000
1776613956.458222151 0.531044364 0.014323322 0.200413197 0.032975189 0.999291897 0.004067277 -0.017657815 2.322326899 -0.196085259 -4.847840309 0.000000000 0.000000000 -12.000000000 0.000000000 0.000000000
1776613956.464532614 0.531411767 0.014444334 0.200408101 0.032764837 0.999295115 0.003649462 -0.017955793 2.288938284 -0.201516211 -4.980071545 0.000000000 0.000000000 -12.000000000 0.000000000 0.000000000
1776613956.468107939 0.531741798 0.014544981 0.200398088 0.032539032 0.999297559 0.003218108 -0.018309262 2.256870031 -0.210055977 -5.113875866 0.000000000 0.000000000 -12.000000000 0.000000000 0.000000000
1776613956.474298477 0.532054961 0.014642389 0.200369358 0.032315243 0.999299228 0.002785420 -0.018681444 2.226464510 -0.221697703 -5.248965740 0.000000000 0.000000000 -12.000000000 0.000000000 0.000000000
1776613956.478243828 0.532345831 0.014716638 0.200321764 0.032093126 0.999299765 0.002335928 -0.019091900 2.198039532 -0.236391604 -5.385065079 0.000000000 0.000000000 -12.000000000 0.000000000 0.000000000
1776613956.483355999 0.532644749 0.014785291 0.200280011 0.031886943 0.999299526 0.001901204 -0.019494524 2.171893120 -0.254048020 -5.521912098 0.000000000 0.000000000 -12.000000000 0.000000000 0.000000000
1776613956.489569902 0.532939911 0.014861103 0.200233877 0.031701032 0.999297976 0.001474951 -0.019908976 2.148304224 -0.274541259 -5.659264565 0.000000000 0.000000000 -12.000000000 0.000000000 0.000000000
1776613956.493596315 0.533231676 0.014934034 0.200195074 0.031526092 0.999295592 0.001064540 -0.020330388 2.127533436 -0.297713965 -5.796904087 0.000000000 0.000000000 -12.000000000 0.000000000 0.000000000
1776613956.499552965 0.533493698 0.015018069 0.200157195 0.031346917 0.999292076 0.000670657 -0.020792155 2.109822989 -0.323382050 -5.934636593 0.000000000 0.000000000 -12.000000000 0.000000000 0.000000000
1776613956.503283501 0.533771634 0.015117535 0.200142056 0.031197241 0.999287426 0.000303806 -0.021244446 2.095394135 -0.351339847 -6.072296143 0.000000000 0.000000000 -12.000000000 0.000000000 0.000000000
1776613956.509521246 0.534057081 0.015214267 0.200136930 0.031062856 0.999281764 -0.000043205 -0.021702871 2.084443331 -0.381364435 -6.209742546 0.000000000 0.000000000 -12.000000000 0.000000000 0.000000000
1776613956.513128281 0.534351170 0.015311526 0.200133383 0.030930977 0.999275804 -0.000375766 -0.022159392 2.077137947 -0.413219899 -6.346862316 0.000000000 0.000000000 -12.000000000 0.000000000 0.000000000
1776613956.519626856 0.534648418 0.015407558 0.200134873 0.030824877 0.999268591 -0.000692968 -0.022620514 2.073613644 -0.446661651 -6.483566284 0.000000000 0.000000000 -12.000000000 0.000000000 0.000000000
1776613956.523366690 0.534937799 0.015494247 0.200144559 0.030731518 0.999260545 -0.001008030 -0.023085682 2.073979855 -0.481441706 -6.619788647 0.000000000 0.000000000 -12.000000000 0.000000000 0.000000000
1776613956.528337955 0.535229981 0.015589830 0.200156093 0.030602871 0.999253392 -0.001307109 -0.023545668 2.078325272 -0.517313361 -6.755484104 0.000000000 0.000000000 -12.000000000 0.000000000 0.000000000
1776613956.533181667 0.535553634 0.015691938 0.200161964 0.030473072 0.999246955 -0.001581209 -0.023966148 2.086724520 -0.554035723 -6.890627861 0.000000000 0.000000000 -12.000000000 0.000000000 0.000000000
1776613956.538265228 0.535920143 0.015790684 0.200154245 0.030369412 0.999240577 -0.001838639 -0.024342492 2.099243164 -0.591376722 -7.025209904 0.000000000 0.000000000 -12.000000000 0.000000000 0.000000000
1776613956.543319702 0.536364198 0.015892616 0.200136393 0.030271009 0.999236226 -0.002077887 -0.024624316 2.115942955 -0.629116178 -7.159233570 0.000000000 0.000000000 -12.000000000 0.000000000 0.000000000
1776613956.548342705 0.536932290 0.015993034 0.200142980 0.030145647 0.999236286 -0.002294926 -0.024754353 2.136884928 -0.667047620 -7.292710781 0.000000000 0.000000000 -12.000000000 0.000000000 0.000000000
1776613956.553185225 0.537590027 0.016092202 0.200157344 0.030004453 0.999239743 -0.002489003 -0.024768870 2.162137747 -0.704980731 -7.425659657 0.000000000 0.000000000 -12.000000000 0.000000000 0.000000000
1776613956.558195353 0.538332522 0.016230972 0.200180799 0.029871572 0.999245763 -0.002626396 -0.024672419 2.191782713 -0.742743373 -7.558101654 0.000000000 0.000000000 -12.000000000 0.000000000 0.000000000
1776613956.563193560 0.539131880 0.016399685 0.200196058 0.029762350 0.999253213 -0.002716684 -0.024492012 2.225917101 -0.780184090 -7.690059662 0.000000000 0.000000000 -12.000000000 0.000000000 0.000000000
1776613956.569546461 0.540014386 0.016574493 0.200207382 0.029676965 0.999262571 -0.002772932 -0.024204370 2.264656067 -0.817173600 -7.821553230 0.000000000 0.000000000 -12.000000000 0.000000000 0.000000000
1776613956.573463440 0.541056752 0.016778296 0.200232446 0.029609201 0.999276400 -0.002764519 -0.023713401 2.308130741 -0.853606939 -7.952598095 0.000000000 0.000000000 -12.000000000 0.000000000 0.000000000
1776613956.578767776 0.542149305 0.017016944 0.200235039 0.029559501 0.999291122 -0.002692757 -0.023156125 2.356486082 -0.889405131 -8.083201408 0.000000000 0.000000000 -12.000000000 0.000000000 0.000000000
1776613956.583114862 0.543295145 0.017279766 0.200221032 0.029506978 0.999307334 -0.002583766 -0.022529094 2.409875870 -0.924516499 -8.213358879 0.000000000 0.000000000 -12.000000000 0.000000000 0.000000000
1776613956.588260174 0.544518232 0.017547730 0.200218230 0.029438503 0.999325812 -0.002454840 -0.021801274 2.468452215 -0.958914280 -8.343053818 0.000000000 0.000000000 -12.000000000 0.000000000 0.000000000
1776613956.593364000 0.545869291 0.017811975 0.200253844 0.029354384 0.999347568 -0.002311042 -0.020915193 2.532354355 -0.992591500 -8.472254753 0.000000000 0.000000000 -12.000000000 0.000000000 0.000000000
1776613956.598143101 0.547318757 0.018075256 0.200314999 0.029271591 0.999370992 -0.002147573 -0.019904898 2.601694584 -1.025555015 -8.600914001 0.000000000 0.000000000 -12.000000000 0.000000000 0.000000000
1776613956.603133678 0.548796296 0.018343523 0.200369686 0.029184714 0.999394238 -0.001969701 -0.018854680 2.676548958 -1.057819605 -8.728968620 0.000000000 0.000000000 -12.000000000 0.000000000 0.000000000
1776613956.608687878 0.550223112 0.018628271 0.200392097 0.029104693 0.999415278 -0.001766640 -0.017857907 2.756947756 -1.089403749 -8.856342316 0.000000000 0.000000000 -12.000000000 0.000000000 0.000000000
1776613956.613318682 0.551654994 0.018927366 0.200390458 0.029033396 0.999435186 -0.001543146 -0.016852122 2.842866421 -1.120325446 -8.982940674 0.000000000 0.000000000 -12.000000000 0.000000000 0.000000000
1776613956.618734598 0.553101718 0.019230831 0.200376987 0.028965916 0.999454200 -0.001313315 -0.015827576 2.934218407 -1.150600791 -9.108658791 0.000000000 0.000000000 -12.000000000 0.000000000 0.000000000
1776613956.623131037 0.554516435 0.019530427 0.200360566 0.028905645 0.999471366 -0.001081149 -0.014840478 3.030846119 -1.180240870 -9.233379364 0.000000000 0.000000000 -12.000000000 0.000000000 0.000000000
1776613956.628148556 0.555747688 0.019815201 0.200306237 0.028852848 0.999484122 -0.000862498 -0.014078600 3.132508993 -1.209250331 -9.356979370 0.000000000 0.000000000 -12.000000000 0.000000000 0.000000000
1776613956.633355856 0.556819737 0.020102132 0.200244486 0.028818661 0.999493062 -0.000632755 -0.013517016 3.238867521 -1.237623692 -9.479329109 0.000000000 0.000000000 -12.000000000 0.000000000 0.000000000
1776613956.638424158 0.557888746 0.020392431 0.200247824 0.028804773 0.999500811 -0.000383779 -0.012971711 3.349470139 -1.265342712 -9.600304604 0.000000000 0.000000000 -12.000000000 0.000000000 0.000000000
1776613956.643285036 0.558919311 0.020694993 0.200285554 0.028812636 0.999506831 -0.000108618 -0.012487092 3.463747263 -1.292374492 -9.719788551 0.000000000 0.000000000 -12.000000000 0.000000000 0.000000000
1776613956.649674654 0.559827507 0.021000709 0.200320691 0.028836120 0.999510229 0.000176042 -0.012155811 3.581018925 -1.318675518 -9.837682724 0.000000000 0.000000000 -12.000000000 0.000000000 0.000000000
1776613956.654435635 0.560615718 0.021298978 0.200327635 0.028874513 0.999511302 0.000460740 -0.011968019 3.700516939 -1.344197750 -9.953907013 0.000000000 0.000000000 -12.000000000 0.000000000 0.000000000
1776613956.658859015 0.561324298 0.021597430 0.200319320 0.028927049 0.999510765 0.000756123 -0.011869227 3.821410894 -1.368895292 -10.068401337 0.000000000 0.000000000 -12.000000000 0.000000000 0.000000000
1776613956.663169146 0.561996579 0.021906922 0.200289071 0.028990462 0.999509275 0.001072404 -0.011814063 3.942837000 -1.392730474 -10.181129456 0.000000000 0.000000000 -12.000000000 0.000000000 0.000000000
1776613956.668567181 0.562721074 0.022233130 0.200270951 0.029075045 0.999507725 0.001426060 -0.011699221 4.063923836 -1.415678620 -10.292086601 0.000000000 0.000000000 -12.000000000 0.000000000 0.000000000
1776613956.673110485 0.563515425 0.022563707 0.200260401 0.029182998 0.999506235 0.001809061 -0.011503657 4.183819771 -1.437731624 -10.401294708 0.000000000 0.000000000 -12.000000000 0.000000000 0.000000000
1776613956.678181410 0.564353466 0.022828234 0.200253785 0.029285906 0.999505520 0.002134836 -0.011247018 4.301714897 -1.458897352 -10.508812904 0.000000000 0.000000000 -12.000000000 0.000000000 0.000000000
1776613956.683194637 0.565239429 0.023076270 0.200262249 0.029384753 0.999505520 0.002447360 -0.010921270 4.416865349 -1.479196787 -10.614725113 0.000000000 0.000000000 -12.000000000 0.000000000 0.000000000
1776613956.689542055 0.566169262 0.023309186 0.200272411 0.029480027 0.999506056 0.002748703 -0.010536683 4.528606415 -1.498659849 -10.719149590 0.000000000 0.000000000 -12.000000000 0.000000000 0.000000000
1776613956.694482803 0.567146957 0.023509651 0.200303137 0.029572016 0.999507189 0.003022199 -0.010086753 4.636364460 -1.517322540 -10.822224617 0.000000000 0.000000000 -12.000000000 0.000000000 0.000000000
1776613956.699479103 0.568147361 0.023684876 0.200340003 0.029663973 0.999508440 0.003275512 -0.009603559 4.739661217 -1.535222054 -10.924106598 0.000000000 0.000000000 -12.000000000 0.000000000 0.000000000
1776613956.704462290 0.570232570 0.023948308 0.200417757 0.029807815 0.999512672 0.003676737 -0.008511861 4.838112831 -1.552392006 -11.024962425 0.000000000 0.000000000 -12.000000000 0.000000000 0.000000000
1776613956.709525347 0.570232570 0.023948308 0.200417757 0.029807815 0.999512672 0.003676737 -0.008511861 4.931429386 -1.568857789 -11.124957085 0.000000000 0.000000000 -12.000000000 0.000000000 0.000000000
1776613956.714545727 0.571317792 0.024043201 0.200453162 0.029857790 0.999515533 0.003828430 -0.007905445 5.019406319 -1.584632039 -11.224249840 0.000000000 0.000000000 -12.000000000 0.000000000 0.000000000
1776613956.719604969 0.572434366 0.024105795 0.200492710 0.029895177 0.999518931 0.003942084 -0.007255089 5.101923466 -1.599711180 -11.322978020 0.000000000 0.000000000 -12.000000000 0.000000000 0.000000000
1776613956.724664927 0.573600709 0.024149306 0.200529307 0.029925698 0.999522567 0.004035652 -0.006546076 5.178933620 -1.614073277 -11.421256065 0.000000000 0.000000000 -12.000000000 0.000000000 0.000000000
1776613956.729493618 0.574854374 0.024197856 0.200601697 0.029961877 0.999526083 0.004142683 -0.005722686 5.250455379 -1.627677560 -11.519166946 0.000000000 0.000000000 -12.000000000 0.000000000 0.000000000
1776613956.734597683 0.576169610 0.024242867 0.200686008 0.030004563 0.999529064 0.004255219 -0.004822670 5.316565514 -1.640467405 -11.616756439 0.000000000 0.000000000 -12.000000000 0.000000000 0.000000000
1776613956.739448071 0.577479720 0.024287624 0.200754941 0.030050993 0.999531090 0.004370850 -0.003923536 5.377386093 -1.652372837 -11.714033127 0.000000000 0.000000000 -12.000000000 0.000000000 0.000000000
1776613956.744481802 0.578766227 0.024327982 0.200792730 0.030098246 0.999532223 0.004481636 -0.003054259 5.433081150 -1.663314462 -11.810967445 0.000000000 0.000000000 -12.000000000 0.000000000 0.000000000
1776613956.748839855 0.580050230 0.024370728 0.200800151 0.030144619 0.999532580 0.004594551 -0.002187462 5.483844757 -1.673206925 -11.907492638 0.000000000 0.000000000 -12.000000000 0.000000000 0.000000000
1776613956.754276276 0.581331789 0.024413671 0.200784773 0.030189909 0.999532223 0.004707258 -0.001325405 5.529891491 -1.681961656 -12.003505707 0.000000000 0.000000000 -12.000000000 0.000000000 0.000000000
1776613956.758183479 0.582468510 0.024444936 0.200729400 0.030234303 0.999531090 0.004801614 -0.000636769 5.571438313 -1.689487338 -12.098874092 0.000000000 0.000000000 -12.000000000 0.000000000 0.000000000
1776613956.763420820 0.583494067 0.024464935 0.200668752 0.030280991 0.999529481 0.004881181 -0.000084823 5.608688354 -1.695689201 -12.193436623 0.000000000 0.000000000 -12.000000000 0.000000000 0.000000000
1776613956.768380642 0.584412575 0.024477413 0.200621694 0.030332508 0.999527514 0.004951657 0.000333948 5.641806602 -1.700467944 -12.287010193 0.000000000 0.000000000 -12.000000000 0.000000000 0.000000000
1776613956.774512768 0.585210800 0.024474069 0.200601876 0.030387301 0.999525487 0.005002923 0.000603040 5.670898438 -1.703717709 -12.379397392 0.000000000 0.000000000 -12.000000000 0.000000000 0.000000000
1776613956.778507948 0.585872531 0.024443606 0.200607181 0.030451821 0.999523342 0.005028122 0.000697976 5.695994377 -1.705325484 -12.470397949 0.000000000 0.000000000 -12.000000000 0.000000000 0.000000000
1776613956.783513546 0.586314619 0.024355970 0.200596929 0.030552592 0.999520481 0.005013220 0.000519639 5.717043877 -1.705171347 -12.559815407 0.000000000 0.000000000 -12.000000000 0.000000000 0.000000000
1776613956.788146734 0.586496711 0.024225397 0.200547159 0.030679621 0.999516964 0.004962236 0.000018821 5.733912468 -1.703127027 -12.647469521 0.000000000 0.000000000 -12.000000000 0.000000000 0.000000000
1776613956.793200016 0.586520195 0.024055209 0.200489789 0.030823046 0.999512732 0.004876335 -0.000685898 5.746387482 -1.699053407 -12.733203888 0.000000000 0.000000000 -12.000000000 0.000000000 0.000000000
1776613956.798254967 0.586430371 0.023853851 0.200444728 0.030988663 0.999507189 0.004770545 -0.001537757 5.754188061 -1.692797303 -12.816892624 0.000000000 0.000000000 -12.000000000 0.000000000 0.000000000
1776613956.803271055 0.586249590 0.023641324 0.200400263 0.031172041 0.999500036 0.004661573 -0.002508999 5.756981373 -1.684187651 -12.898450851 0.000000000 0.000000000 -12.000000000 0.000000000 0.000000000
1776613956.808193684 0.586072922 0.023405027 0.200368285 0.031377509 0.999491215 0.004545479 -0.003479153 5.754401684 -1.673031688 -12.977837563 0.000000000 0.000000000 -12.000000000 0.000000000 0.000000000
1776613956.813168049 0.585962415 0.023194550 0.200340927 0.031603623 0.999480903 0.004472731 -0.004376465 5.746067524 -1.659113407 -13.055056572 0.000000000 0.000000000 -12.000000000 0.000000000 0.000000000
1776613956.818158388 0.585905671 0.023024593 0.200306147 0.031859994 0.999468744 0.004464652 -0.005219179 5.731601715 -1.642195225 -13.130161285 0.000000000 0.000000000 -12.000000000 0.000000000 0.000000000
1776613956.823303699 0.585968256 0.022886515 0.200304776 0.032158010 0.999454975 0.004522665 -0.005929491 5.710645199 -1.622023225 -13.203249931 0.000000000 0.000000000 -12.000000000 0.000000000 0.000000000
1776613956.828357458 0.586113870 0.022761317 0.200328469 0.032500286 0.999439597 0.004629764 -0.006540525 5.682875156 -1.598333955 -13.274462700 0.000000000 0.000000000 -12.000000000 0.000000000 0.000000000
1776613956.834536552 0.586292446 0.022688424 0.200345486 0.032887612 0.999422073 0.004822626 -0.007116333 5.648022652 -1.570861697 -13.343973160 0.000000000 0.000000000 -12.000000000 0.000000000 0.000000000
1776613956.838491440 0.586468399 0.022653995 0.200358450 0.033313829 0.999402463 0.005081240 -0.007688454 5.605885029 -1.539345980 -13.411981583 0.000000000 0.000000000 -12.000000000 0.000000000 0.000000000
1776613956.843337774 0.586645603 0.022622447 0.200375527 0.033788759 0.999380410 0.005379692 -0.008260134 5.556339264 -1.503540277 -13.478702545 0.000000000 0.000000000 -12.000000000 0.000000000 0.000000000
1776613956.848139763 0.586811066 0.022593398 0.200392455 0.034305628 0.999355972 0.005712805 -0.008841903 5.499345779 -1.463220000 -13.544349670 0.000000000 0.000000000 -12.000000000 0.000000000 0.000000000
1776613956.853253365 0.586993039 0.022571158 0.200415790 0.034846906 0.999329984 0.006072341 -0.009403022 5.434952736 -1.418189168 -13.609132767 0.000000000 0.000000000 -12.000000000 0.000000000 0.000000000
1776613956.858222246 0.587141573 0.022545228 0.200429231 0.035406325 0.999302208 0.006441691 -0.009998939 5.363294601 -1.368286610 -13.673238754 0.000000000 0.000000000 -12.000000000 0.000000000 0.000000000
1776613956.863379717 0.587275684 0.022521848 0.200428933 0.035974961 0.999273062 0.006822245 -0.010614068 5.284588814 -1.313389778 -13.736828804 0.000000000 0.000000000 -12.000000000 0.000000000 0.000000000
1776613956.869494200 0.587457776 0.022484159 0.200450838 0.036550954 0.999243438 0.007197794 -0.011171662 5.199133873 -1.253417969 -13.800034523 0.000000000 0.000000000 -12.000000000 0.000000000 0.000000000
1776613956.873624563 0.587655008 0.022427766 0.200491875 0.037136376 0.999212980 0.007564937 -0.011710254 5.107306957 -1.188334584 -13.862954140 0.000000000 0.000000000 -12.000000000 0.000000000 0.000000000
1776613956.878433228 0.587835908 0.022349488 0.200521171 0.037725091 0.999181509 0.007914254 -0.012265212 5.009562016 -1.118147016 -13.925659180 0.000000000 0.000000000 -12.000000000 0.000000000 0.000000000
1776613956.883162975 0.587975502 0.022265274 0.200513572 0.038315900 0.999148667 0.008259420 -0.012869504 4.906428337 -1.042905092 -13.988191605 0.000000000 0.000000000 -12.000000000 0.000000000 0.000000000
1776613956.888167858 0.588104546 0.022162374 0.200479209 0.038926151 0.999113977 0.008602230 -0.013492288 4.798501968 -0.962698817 -14.050567627 0.000000000 0.000000000 -12.000000000 0.000000000 0.000000000
1776613956.893154144 0.588223159 0.022041557 0.200428635 0.039557550 0.999077320 0.008944194 -0.014132600 4.686438560 -0.877656698 -14.112782478 0.000000000 0.000000000 -12.000000000 0.000000000 0.000000000
1776613956.898186922 0.588412344 0.021888213 0.200379819 0.040210843 0.999040186 0.009273089 -0.014692267 4.570947170 -0.787942290 -14.174815178 0.000000000 0.000000000 -12.000000000 0.000000000 0.000000000
1776613956.903433084 0.588611841 0.021710418 0.200330138 0.040878911 0.999001980 0.009590041 -0.015233073 4.452784061 -0.693750143 -14.236633301 0.000000000 0.000000000 -12.000000000 0.000000000 0.000000000
1776613956.909407616 0.588788211 0.021493640 0.200267106 0.041552298 0.998962820 0.009871233 -0.015789490 4.332746983 -0.595300376 -14.298201561 0.000000000 0.000000000 -12.000000000 0.000000000 0.000000000
1776613956.914518833 0.588980615 0.021282338 0.200224251 0.042228568 0.998923004 0.010160608 -0.016321035 4.211668968 -0.492833316 -14.359486580 0.000000000 0.000000000 -12.000000000 0.000000000 0.000000000
1776613956.918549776 0.589277387 0.021068264 0.200225204 0.042907238 0.998884439 0.010455132 -0.016718583 4.090407848 -0.386605650 -14.420459747 0.000000000 0.000000000 -12.000000000 0.000000000 0.000000000
1776613956.924024105 0.589628577 0.020853795 0.200252086 0.043599598 0.998845756 0.010761838 -0.017040016 3.969840765 -0.276889652 -14.481106758 0.000000000 0.000000000 -12.000000000 0.000000000 0.000000000
1776613956.928159952 0.589953661 0.020642638 0.200256348 0.044303350 0.998805523 0.011079377 -0.017379414 3.850852251 -0.163972959 -14.541419983 0.000000000 0.000000000 -12.000000000 0.000000000 0.000000000
1776613956.933271408 0.590215325 0.020444509 0.200233459 0.045005009 0.998763323 0.011403724 -0.017785514 3.734327793 -0.048159104 -14.601406097 0.000000000 0.000000000 -12.000000000 0.000000000 0.000000000
1776613956.938160896 0.590456843 0.020255284 0.200209051 0.045712885 0.998719573 0.011741369 -0.018210959 3.621140957 0.070231549 -14.661075592 0.000000000 0.000000000 -12.000000000 0.000000000 0.000000000
1776613956.943176031 0.590756297 0.020070925 0.200216860 0.046428386 0.998676062 0.012093058 -0.018554967 3.512138367 0.190860450 -14.720443726 0.000000000 0.000000000 -12.000000000 0.000000000 0.000000000
1776613956.948334217 0.591136813 0.019871986 0.200264871 0.047166046 0.998632669 0.012451068 -0.018791065 3.408133745 0.313370019 -14.779528618 0.000000000 0.000000000 -12.000000000 0.000000000 0.000000000
1776613956.953792334 0.591515362 0.019649487 0.200318426 0.047917895 0.998588264 0.012799740 -0.019012151 3.309900522 0.437384069 -14.838345528 0.000000000 0.000000000 -12.000000000 0.000000000 0.000000000
1776613956.958431721 0.591882646 0.019422967 0.200351179 0.048672363 0.998542905 0.013146183 -0.019242689 3.218168736 0.562509835 -14.896909714 0.000000000 0.000000000 -12.000000000 0.000000000 0.000000000
1776613956.963767529 0.592274725 0.019218672 0.200380564 0.049427405 0.998496890 0.013515780 -0.019446302 3.133617163 0.688339829 -14.955227852 0.000000000 0.000000000 -12.000000000 0.000000000 0.000000000
1776613956.968183041 0.592706978 0.019049175 0.200408280 0.050184757 0.998450458 0.013923867 -0.019602107 3.056866646 0.814453185 -15.013299942 0.000000000 0.000000000 -12.000000000 0.000000000 0.000000000
1776613956.973447084 0.593219817 0.018869076 0.200436026 0.050964393 0.998403966 0.014342915 -0.019658515 2.988469362 0.940415204 -15.071117401 0.000000000 0.000000000 -12.000000000 0.000000000 0.000000000
1776613956.978206158 0.593654394 0.018669570 0.200439602 0.051753443 0.998354852 0.014747141 -0.019791486 2.928904057 1.065778136 -15.128656387 0.000000000 0.000000000 -12.000000000 0.000000000 0.000000000
1776613956.983170748 0.594072402 0.018481255 0.200427175 0.052541137 0.998304546 0.015159409 -0.019940946 2.878571272 1.190083385 -15.185879707 0.000000000 0.000000000 -12.000000000 0.000000000 0.000000000
1776613956.989741802 0.594541311 0.018303141 0.200436056 0.053324595 0.998255014 0.015582183 -0.020015193 2.837793112 1.312866092 -15.242729187 0.000000000 0.000000000 -12.000000000 0.000000000 0.000000000
1776613956.993394852 0.595032275 0.018140711 0.200441271 0.054111689 0.998204768 0.016026501 -0.020057343 2.806813240 1.433661103 -15.299134254 0.000000000 0.000000000 -12.000000000 0.000000000 0.000000000
1776613956.998149633 0.595524192 0.017956454 0.200448066 0.054900862 0.998154163 0.016452277 -0.020086864 2.785799265 1.552008152 -15.355005264 0.000000000 0.000000000 -12.000000000 0.000000000 0.000000000
1776613957.003350019 0.596027374 0.017749902 0.200441986 0.055697422 0.998103142 0.016864007 -0.020087687 2.774844885 1.667457104 -15.410239220 0.000000000 0.000000000 -12.000000000 0.000000000 0.000000000
1776613957.008173943 0.596542299 0.017528391 0.200424463 0.056492928 0.998052180 0.017261194 -0.020061202 2.773972511 1.779571652 -15.464720726 0.000000000 0.000000000 -12.000000000 0.000000000 0.000000000
1776613957.013348103 0.597034514 0.017297214 0.200410753 0.057279099 0.998000860 0.017641820 -0.020053290 2.783136606 1.887936234 -15.518315315 0.000000000 0.000000000 -12.000000000 0.000000000 0.000000000
1776613957.018530846 0.597597420 0.017026762 0.200427800 0.058059528 0.997951686 0.017984264 -0.019952413 2.802223921 1.992161870 -15.570882797 0.000000000 0.000000000 -12.000000000 0.000000000 0.000000000
1776613957.023457766 0.598185897 0.016666681 0.200453132 0.058822043 0.997905672 0.018227495 -0.019800140 2.831056833 2.091893911 -15.622272491 0.000000000 0.000000000 -12.000000000 0.000000000 0.000000000
1776613957.029589415 0.598722577 0.016272493 0.200470895 0.059557755 0.997860670 0.018413624 -0.019694254 2.869394541 2.186820745 -15.672333717 0.000000000 0.000000000 -12.000000000 0.000000000 0.000000000
1776613957.033434153 0.599251390 0.015850175 0.200489670 0.060260557 0.997818232 0.018545600 -0.019582545 2.916936398 2.276682138 -15.720911980 0.000000000 0.000000000 -12.000000000 0.000000000 0.000000000
1776613957.038761377 0.599789619 0.015390599 0.200506359 0.060937505 0.997778356 0.018621558 -0.019448897 2.973324299 2.361277103 -15.767856598 0.000000000 0.000000000 -12.000000000 0.000000000 0.000000000
1776613957.044587135 0.600329936 0.014876080 0.200506389 0.061590798 0.997740865 0.018624919 -0.019310940 3.038146019 2.440468311 -15.813020706 0.000000000 0.000000000 -12.000000000 0.000000000 0.000000000
1776613957.051060438 0.600842118 0.014299185 0.200484723 0.062224265 0.997705042 0.018549608 -0.019200085 3.110935688 2.514185190 -15.856270790 0.000000000 0.000000000 -12.000000000 0.000000000 0.000000000
1776613957.054580450 0.601912498 0.013067313 0.200437635 0.063442126 0.997638822 0.018289268 -0.018903501 3.191175461 2.582423210 -15.897482872 0.000000000 0.000000000 -12.000000000 0.000000000 0.000000000
1776613957.058265209 0.601912498 0.013067313 0.200437635 0.063442126 0.997638822 0.018289268 -0.018903501 3.278299332 2.645243883 -15.936548233 0.000000000 0.000000000 -12.000000000 0.000000000 0.000000000
1776613957.063532829 0.602424562 0.012402648 0.200421959 0.064034089 0.997606993 0.018098770 -0.018769765 3.371699095 2.702769518 -15.973378181 0.000000000 0.000000000 -12.000000000 0.000000000 0.000000000
1776613957.068176746 0.602976441 0.011702599 0.200428724 0.064615719 0.997577310 0.017869376 -0.018573059 3.470732927 2.755182028 -16.007904053 0.000000000 0.000000000 -12.000000000 0.000000000 0.000000000
1776613957.073357582 0.603566468 0.010983322 0.200450450 0.065178446 0.997549951 0.017609250 -0.018325703 3.574734449 2.802715063 -16.040086746 0.000000000 0.000000000 -12.000000000 0.000000000 0.000000000
1776613957.080232382 0.604169726 0.010230288 0.200465679 0.065732069 0.997523904 0.017306075 -0.018052805 3.683020830 2.845650911 -16.069910049 0.000000000 0.000000000 -12.000000000 0.000000000 0.000000000
1776613957.084287167 0.605382204 0.008710921 0.200467587 0.066786095 0.997475326 0.016647885 -0.017475381 3.794901371 2.884313345 -16.097387314 0.000000000 0.000000000 -12.000000000 0.000000000 0.000000000
1776613957.089242935 0.605382204 0.008710921 0.200467587 0.066786095 0.997475326 0.016647885 -0.017475381 3.909684658 2.919059753 -16.122562408 0.000000000 0.000000000 -12.000000000 0.000000000 0.000000000
1776613957.093200684 0.605967760 0.007959419 0.200464189 0.067304343 0.997450829 0.016318996 -0.017196463 4.026682377 2.950270176 -16.145492554 0.000000000 0.000000000 -12.000000000 0.000000000 0.000000000
1776613957.098191977 0.606534481 0.007208914 0.200458884 0.067828126 0.997425139 0.015993612 -0.016931994 4.145212173 2.978338480 -16.166257858 0.000000000 0.000000000 -12.000000000 0.000000000 0.000000000
1776613957.104680777 0.607071638 0.006459218 0.200465709 0.068355277 0.997398198 0.015670944 -0.016698198 4.264598370 3.003660679 -16.184957504 0.000000000 0.000000000 -12.000000000 0.000000000 0.000000000
1776613957.108211994 0.607516170 0.005740018 0.200455219 0.068878293 0.997368932 0.015368529 -0.016577138 4.384165287 3.026627541 -16.201694489 0.000000000 0.000000000 -12.000000000 0.000000000 0.000000000
1776613957.113570690 0.607914627 0.005033111 0.200446248 0.069385208 0.997339427 0.015066231 -0.016515488 4.503233910 3.047618866 -16.216581345 0.000000000 0.000000000 -12.000000000 0.000000000 0.000000000
1776613957.118522644 0.608261228 0.004352514 0.200434804 0.069891624 0.997308195 0.014786269 -0.016520802 4.621116161 3.066999674 -16.229736328 0.000000000 0.000000000 -12.000000000 0.000000000 0.000000000
1776613957.124622583 0.608565509 0.003718579 0.200432181 0.070403762 0.997274518 0.014556708 -0.016582798 4.737113953 3.085117579 -16.241273880 0.000000000 0.000000000 -12.000000000 0.000000000 0.000000000
1776613957.129656553 0.608783901 0.003174704 0.200425833 0.070941530 0.997235298 0.014433726 -0.016756229 4.850521088 3.102293491 -16.251304626 0.000000000 0.000000000 -12.000000000 0.000000000 0.000000000
1776613957.133752584 0.608966768 0.002680580 0.200431645 0.071520105 0.997190773 0.014392401 -0.016980004 4.960625172 3.118813276 -16.259933472 0.000000000 0.000000000 -12.000000000 0.000000000 0.000000000
1776613957.138432980 0.609164178 0.002183600 0.200459093 0.072168969 0.997139990 0.014422295 -0.017189631 5.066715240 3.134917736 -16.267253876 0.000000000 0.000000000 -12.000000000 0.000000000 0.000000000
1776613957.143201828 0.609355271 0.001723886 0.200487435 0.072879940 0.997082353 0.014554651 -0.017420286 5.168090343 3.150801182 -16.273353577 0.000000000 0.000000000 -12.000000000 0.000000000 0.000000000
1776613957.148199797 0.609510839 0.001357032 0.200513244 0.073609643 0.997020125 0.014802213 -0.017701933 5.264069557 3.166614056 -16.278314590 0.000000000 0.000000000 -12.000000000 0.000000000 0.000000000
1776613957.153538704 0.609621942 0.001098548 0.200509965 0.074337117 0.996954560 0.015158075 -0.018050270 5.354001045 3.182466030 -16.282205582 0.000000000 0.000000000 -12.000000000 0.000000000 0.000000000
1776613957.158225060 0.609757841 0.000901054 0.200521469 0.075082712 0.996886015 0.015600979 -0.018371547 5.437276363 3.198431015 -16.285083771 0.000000000 0.000000000 -12.000000000 0.000000000 0.000000000
1776613957.163099051 0.609837532 0.000671326 0.200505286 0.075859420 0.996812880 0.016046468 -0.018760107 5.513339996 3.214549541 -16.287006378 0.000000000 0.000000000 -12.000000000 0.000000000 0.000000000
1776613957.169736385 0.609981835 0.000427574 0.200516671 0.076662242 0.996738017 0.016519342 -0.019061135 5.581701756 3.230835199 -16.288022995 0.000000000 0.000000000 -12.000000000 0.000000000 0.000000000
1776613957.174998522 0.610210598 0.000207070 0.200560480 0.077460967 0.996663988 0.017032418 -0.019252181 5.641950607 3.247282267 -16.288179398 0.000000000 0.000000000 -12.000000000 0.000000000 0.000000000
1776613957.179663658 0.610626519 -0.000180136 0.200599104 0.079027325 0.996514261 0.018100612 -0.019656837 5.693763256 3.263875961 -16.287523270 0.000000000 0.000000000 -12.000000000 0.000000000 0.000000000
1776613957.184630632 0.610626519 -0.000180136 0.200599104 0.079027325 0.996514261 0.018100612 -0.019656837 5.736914158 3.280597687 -16.286100388 0.000000000 0.000000000 -12.000000000 0.000000000 0.000000000
1776613957.189724445 0.610876918 -0.000456410 0.200594395 0.079825833 0.996438980 0.018583370 -0.019796276 5.771278858 3.297430992 -16.283950806 0.000000000 0.000000000 -12.000000000 0.000000000 0.000000000
1776613957.194709539 0.611153245 -0.000808978 0.200596035 0.080641150 0.996363044 0.019019566 -0.019897347 5.796835899 3.314362049 -16.281112671 0.000000000 0.000000000 -12.000000000 0.000000000 0.000000000
1776613957.199590445 0.611440837 -0.001194452 0.200596422 0.081448823 0.996288061 0.019425431 -0.019972418 5.813666821 3.331384182 -16.277618408 0.000000000 0.000000000 -12.000000000 0.000000000 0.000000000
1776613957.203624010 0.611692667 -0.001640137 0.200579643 0.082246058 0.996213734 0.019766511 -0.020076925 5.821949959 3.348499298 -16.273485184 0.000000000 0.000000000 -12.000000000 0.000000000 0.000000000
1776613957.209014177 0.611958385 -0.002129515 0.200585127 0.083012722 0.996143043 0.020050706 -0.020147692 5.821954250 3.365722418 -16.268724442 0.000000000 0.000000000 -12.000000000 0.000000000 0.000000000
1776613957.213289499 0.612265348 -0.002631776 0.200609386 0.083734982 0.996077478 0.020287918 -0.020162841 5.814031124 3.383084774 -16.263339996 0.000000000 0.000000000 -12.000000000 0.000000000 0.000000000
1776613957.218415260 0.612611413 -0.003167911 0.200645387 0.084430262 0.996015906 0.020473950 -0.020117292 5.798603058 3.400634289 -16.257326126 0.000000000 0.000000000 -12.000000000 0.000000000 0.000000000
1776613957.223176241 0.612940013 -0.003739622 0.200663000 0.085108250 0.995956004 0.020613756 -0.020083344 5.776154518 3.418434143 -16.250669479 0.000000000 0.000000000 -12.000000000 0.000000000 0.000000000
1776613957.229696751 0.613270164 -0.004332004 0.200663954 0.085767806 0.995898008 0.020721249 -0.020041177 5.747220993 3.436562061 -16.243354797 0.000000000 0.000000000 -12.000000000 0.000000000 0.000000000
1776613957.234733582 0.613572538 -0.004946421 0.200647652 0.086430542 0.995839000 0.020815082 -0.020028988 5.712378502 3.455105782 -16.235355377 0.000000000 0.000000000 -12.000000000 0.000000000 0.000000000
1776613957.238825798 0.614152193 -0.006264526 0.200594962 0.087750375 0.995721757 0.020921929 -0.020006673 5.672231197 3.474161148 -16.226644516 0.000000000 0.000000000 -12.000000000 0.000000000 0.000000000
1776613957.244589806 0.614152193 -0.006264526 0.200594962 0.087750375 0.995721757 0.020921929 -0.020006673 5.627401829 3.493827343 -16.217197418 0.000000000 0.000000000 -12.000000000 0.000000000 0.000000000
1776613957.248187304 0.614458501 -0.006968142 0.200593591 0.088412158 0.995663822 0.020942856 -0.019955598 5.578520298 3.514203072 -16.206983566 0.000000000 0.000000000 -12.000000000 0.000000000 0.000000000
1776613957.253338575 0.614771783 -0.007675193 0.200600743 0.089067899 0.995606363 0.020961113 -0.019887079 5.526213169 3.535384893 -16.195981979 0.000000000 0.000000000 -12.000000000 0.000000000 0.000000000
1776613957.258215427 0.615049779 -0.008402327 0.200605333 0.089725427 0.995548069 0.020965219 -0.019844146 5.471096039 3.557465315 -16.184175491 0.000000000 0.000000000 -12.000000000 0.000000000 0.000000000
1776613957.263198137 0.615310252 -0.009117660 0.200607121 0.090378836 0.995489180 0.020979472 -0.019818323 5.413765907 3.580531120 -16.171548843 0.000000000 0.000000000 -12.000000000 0.000000000 0.000000000
1776613957.268402576 0.615550697 -0.009835189 0.200596958 0.091033243 0.995429277 0.020998985 -0.019811735 5.354794502 3.604660988 -16.158094406 0.000000000 0.000000000 -12.000000000 0.000000000 0.000000000
1776613957.274631500 0.615726233 -0.010508605 0.200575590 0.091684110 0.995366931 0.021054175 -0.019885238 5.294718742 3.629920006 -16.143812180 0.000000000 0.000000000 -12.000000000 0.000000000 0.000000000
1776613957.279773474 0.615870595 -0.011165542 0.200556427 0.092350893 0.995301247 0.021145096 -0.019990304 5.234033585 3.656356096 -16.128702164 0.000000000 0.000000000 -12.000000000 0.000000000 0.000000000
1776613957.284740448 0.616019845 -0.011859725 0.200549424 0.093042694 0.995233238 0.021226995 -0.020082686 5.173180580 3.683995247 -16.112775803 0.000000000 0.000000000 -12.000000000 0.000000000 0.000000000
1776613957.290062189 0.616153836 -0.012556022 0.200568318 0.093748711 0.995162845 0.021325309 -0.020181641 5.112545013 3.712841034 -16.096048355 0.000000000 0.000000000 -12.000000000 0.000000000 0.000000000
1776613957.294658422 0.616258860 -0.013250190 0.200589001 0.094456084 0.995091081 0.021433171 -0.020306906 5.052454472 3.742879152 -16.078542709 0.000000000 0.000000000 -12.000000000 0.000000000 0.000000000
1776613957.298525572 0.616334081 -0.013969203 0.200598896 0.095170826 0.995017827 0.021524725 -0.020462317 4.993180752 3.774080753 -16.060281754 0.000000000 0.000000000 -12.000000000 0.000000000 0.000000000
1776613957.303591967 0.616397142 -0.014710849 0.200589567 0.095886901 0.994944036 0.021598551 -0.020630050 4.934943676 3.806406021 -16.041294098 0.000000000 0.000000000 -12.000000000 0.000000000 0.000000000
1776613957.308228254 0.616523921 -0.015456754 0.200604498 0.096594185 0.994872391 0.021670511 -0.020708565 4.877916813 3.839805365 -16.021612167 0.000000000 0.000000000 -12.000000000 0.000000000 0.000000000
1776613957.313159466 0.616645336 -0.016162103 0.200616896 0.097293958 0.994800329 0.021774009 -0.020787248 4.822230339 3.874217987 -16.001264572 0.000000000 0.000000000 -12.000000000 0.000000000 0.000000000
1776613957.318414450 0.616752028 -0.016819334 0.200614423 0.097984500 0.994727314 0.021919416 -0.020883963 4.767975807 3.909568071 -15.980284691 0.000000000 0.000000000 -12.000000000 0.000000000 0.000000000
1776613957.323902369 0.616893589 -0.017402394 0.200625688 0.098679230 0.994652450 0.022147927 -0.020937324 4.715213299 3.945760012 -15.958705902 0.000000000 0.000000000 -12.000000000 0.000000000 0.000000000
1776613957.328524590 0.617058575 -0.017972175 0.200653374 0.099396393 0.994574726 0.022417037 -0.020949939 4.663972378 3.982674599 -15.936562538 0.000000000 0.000000000 -12.000000000 0.000000000 0.000000000
1776613957.333417654 0.617259622 -0.018564094 0.200689554 0.100135595 0.994495451 0.022690253 -0.020899760 4.614261150 4.020167828 -15.913887024 0.000000000 0.000000000 -12.000000000 0.000000000 0.000000000
1776613957.338219643 0.617497385 -0.019140447 0.200719088 0.100885965 0.994414568 0.023000212 -0.020800345 4.566071987 4.058073521 -15.890705109 0.000000000 0.000000000 -12.000000000 0.000000000 0.000000000
1776613957.343133926 0.617745697 -0.019728107 0.200724781 0.101625606 0.994335055 0.023293216 -0.020674452 4.519391537 4.096209049 -15.867038727 0.000000000 0.000000000 -12.000000000 0.000000000 0.000000000
1776613957.348345518 0.618019521 -0.020370247 0.200724870 0.102353998 0.994258642 0.023524428 -0.020495296 4.474209309 4.134387493 -15.842895508 0.000000000 0.000000000 -12.000000000 0.000000000 0.000000000
1776613957.353209019 0.618338704 -0.021086292 0.200747490 0.103059709 0.994187534 0.023674015 -0.020233000 4.430521965 4.172423363 -15.818275452 0.000000000 0.000000000 -12.000000000 0.000000000 0.000000000
1776613957.358227730 0.618695855 -0.021826092 0.200775921 0.103723936 0.994122982 0.023766465 -0.019900855 4.388340950 4.210140705 -15.793164253 0.000000000 0.000000000 -12.000000000 0.000000000 0.000000000
1776613957.364709139 0.619060755 -0.022579063 0.200792700 0.104355261 0.994062841 0.023814648 -0.019541305 4.347693920 4.247376442 -15.767532349 0.000000000 0.000000000 -12.000000000 0.000000000 0.000000000
1776613957.369644642 0.619860232 -0.024142621 0.200804859 0.105567478 0.993951261 0.023806289 -0.018700756 4.308626175 4.283979416 -15.741333961 0.000000000 0.000000000 -12.000000000 0.000000000 0.000000000
1776613957.374645948 0.619860232 -0.024142621 0.200804859 0.105567478 0.993951261 0.023806289 -0.018700756 4.271199703 4.319810867 -15.714510918 0.000000000 0.000000000 -12.000000000 0.000000000 0.000000000
1776613957.378656626 0.620800018 -0.025779484 0.200829208 0.106785834 0.993842542 0.023734303 -0.017620115 4.235487938 4.354741096 -15.686982155 0.000000000 0.000000000 -12.000000000 0.000000000 0.000000000
1776613957.383904696 0.620800018 -0.025779484 0.200829208 0.106785834 0.993842542 0.023734303 -0.017620115 4.201574326 4.388648510 -15.658656120 0.000000000 0.000000000 -12.000000000 0.000000000 0.000000000
1776613957.388160467 0.621282160 -0.026620986 0.200845540 0.107422762 0.993784726 0.023704357 -0.017039172 4.169548035 4.421417236 -15.629421234 0.000000000 0.000000000 -12.000000000 0.000000000 0.000000000
1776613957.394690514 0.621560276 -0.027401695 0.200801700 0.108073130 0.993719101 0.023731275 -0.016714206 4.139496326 4.452934265 -15.599156380 0.000000000 0.000000000 -12.000000000 0.000000000 0.000000000
1776613957.398910046 0.621795297 -0.028170262 0.200757146 0.108740099 0.993649483 0.023788894 -0.016444698 4.111487389 4.483085632 -15.567730904 0.000000000 0.000000000 -12.000000000 0.000000000 0.000000000
1776613957.404721498 0.622168839 -0.028993316 0.200781316 0.109444648 0.993578255 0.023841765 -0.015990596 4.085553169 4.511754036 -15.535016060 0.000000000 0.000000000 -12.000000000 0.000000000 0.000000000
1776613957.408283710 0.622725666 -0.030513808 0.200832725 0.110880814 0.993423998 0.024092562 -0.015288323 4.061676979 4.538817883 -15.500885963 0.000000000 0.000000000 -12.000000000 0.000000000 0.000000000
1776613957.414819241 0.622725666 -0.030513808 0.200832725 0.110880814 0.993423998 0.024092562 -0.015288323 4.039800644 4.564150810 -15.465216637 0.000000000 0.000000000 -12.000000000 0.000000000 0.000000000
1776613957.418245316 0.622928679 -0.031140568 0.200839013 0.111582100 0.993343771 0.024328053 -0.015024671 4.019830704 4.587624073 -15.427891731 0.000000000 0.000000000 -12.000000000 0.000000000 0.000000000
1776613957.423174858 0.623177290 -0.031775750 0.200844139 0.112294629 0.993262351 0.024573728 -0.014696240 4.001644611 4.609110832 -15.388801575 0.000000000 0.000000000 -12.000000000 0.000000000 0.000000000
1776613957.428208113 0.623453081 -0.032473486 0.200842917 0.113025419 0.993179917 0.024776265 -0.014317415 3.985101461 4.628487587 -15.347847939 0.000000000 0.000000000 -12.000000000 0.000000000 0.000000000
1776613957.433369875 0.623722672 -0.033211187 0.200826526 0.113762550 0.993097067 0.024945380 -0.013928117 3.970044374 4.645641804 -15.304942131 0.000000000 0.000000000 -12.000000000 0.000000000 0.000000000
1776613957.439779997 0.623984933 -0.033951722 0.200810790 0.114488550 0.993015051 0.025106750 -0.013533610 3.956310749 4.660477161 -15.260010719 0.000000000 0.000000000 -12.000000000 0.000000000 0.000000000
1776613957.444378138 0.624248326 -0.034689017 0.200797528 0.115199380 0.992934346 0.025259774 -0.013130983 3.943736792 4.672917366 -15.212991714 0.000000000 0.000000000 -12.000000000 0.000000000 0.000000000
1776613957.448205948 0.624521971 -0.035473824 0.200781018 0.115905732 0.992854953 0.025365567 -0.012707706 3.932163477 4.682914257 -15.163839340 0.000000000 0.000000000 -12.000000000 0.000000000 0.000000000
1776613957.453485727 0.624783933 -0.036319822 0.200764656 0.116606705 0.992777109 0.025406014 -0.012288598 3.921437740 4.690443993 -15.112525940 0.000000000 0.000000000 -12.000000000 0.000000000 0.000000000
1776613957.458348989 0.625010908 -0.037215099 0.200741738 0.117284484 0.992702782 0.025373263 -0.011902954 3.911412954 4.695514202 -15.059041977 0.000000000 0.000000000 -12.000000000 0.000000000 0.000000000
1776613957.464769602 0.625245214 -0.038118031 0.200723708 0.117936701 0.992631793 0.025310991 -0.011504913 3.901945591 4.698162556 -15.003399849 0.000000000 0.000000000 -12.000000000 0.000000000 0.000000000
1776613957.468436241 0.625476718 -0.039002564 0.200706065 0.118562914 0.992563605 0.025237288 -0.011109781 3.892894506 4.698459148 -14.945632935 0.000000000 0.000000000 -12.000000000 0.000000000 0.000000000
1776613957.474913836 0.625677049 -0.039901469 0.200681329 0.119183302 0.992495775 0.025138315 -0.010748182 3.884120703 4.696504116 -14.885801315 0.000000000 0.000000000 -12.000000000 0.000000000 0.000000000
1776613957.478206396 0.625853240 -0.040829591 0.200653195 0.119799331 0.992428780 0.024997940 -0.010409504 3.875485182 4.692421913 -14.823991776 0.000000000 0.000000000 -12.000000000 0.000000000 0.000000000
1776613957.483196020 0.626025200 -0.041783392 0.200624824 0.120411828 0.992362499 0.024824258 -0.010071276 3.866845608 4.686362743 -14.760321617 0.000000000 0.000000000 -12.000000000 0.000000000 0.000000000
1776613957.488187313 0.626127660 -0.042776395 0.200580359 0.121007793 0.992298484 0.024587490 -0.009811393 3.858054399 4.678501129 -14.694937706 0.000000000 0.000000000 -12.000000000 0.000000000 0.000000000
1776613957.493229151 0.626087248 -0.043756761 0.200513721 0.121572517 0.992236972 0.024317080 -0.009727312 3.848955154 4.669035912 -14.628021240 0.000000000 0.000000000 -12.000000000 0.000000000 0.000000000
1776613957.498320580 0.625987947 -0.044756107 0.200458527 0.122111134 0.992178738 0.023998585 -0.009713045 3.839375973 4.658193111 -14.559787750 0.000000000 0.000000000 -12.000000000 0.000000000 0.000000000
1776613957.503235340 0.625860453 -0.045799125 0.200414211 0.122634053 0.992123187 0.023616422 -0.009730248 3.829123259 4.646224022 -14.490491867 0.000000000 0.000000000 -12.000000000 0.000000000 0.000000000
1776613957.508447170 0.625703335 -0.046861656 0.200376242 0.123139367 0.992070138 0.023193188 -0.009780281 3.817978144 4.633404732 -14.420426369 0.000000000 0.000000000 -12.000000000 0.000000000 0.000000000
1776613957.513338566 0.625513196 -0.047919404 0.200336397 0.123615772 0.992020488 0.022740798 -0.009866673 3.805702209 4.620031357 -14.349925041 0.000000000 0.000000000 -12.000000000 0.000000000 0.000000000
1776613957.518212557 0.625315785 -0.048961852 0.200297505 0.124062151 0.991974473 0.022270255 -0.009961292 3.792045116 4.606415749 -14.279362679 0.000000000 0.000000000 -12.000000000 0.000000000 0.000000000
1776613957.523219347 0.625124633 -0.049947858 0.200258523 0.124505900 0.991927266 0.021851931 -0.010055879 3.776756287 4.592878819 -14.209152222 0.000000000 0.000000000 -12.000000000 0.000000000 0.000000000
1776613957.528196096 0.625019312 -0.050893765 0.200244218 0.124963507 0.991877556 0.021494705 -0.010050651 3.759596348 4.579738617 -14.139741898 0.000000000 0.000000000 -12.000000000 0.000000000 0.000000000
1776613957.533216953 0.624973238 -0.051823631 0.200242996 0.125460669 0.991822004 0.021195633 -0.009975067 3.740347385 4.567293644 -14.071611404 0.000000000 0.000000000 -12.000000000 0.000000000 0.000000000
1776613957.538570166 0.624956369 -0.052710462 0.200240254 0.125988573 0.991760850 0.020973193 -0.009869790 3.718822956 4.555814743 -14.005264282 0.000000000 0.000000000 -12.000000000 0.000000000 0.000000000
1776613957.543536186 0.624968767 -0.053560078 0.200238734 0.126548365 0.991694093 0.020822467 -0.009732987 3.694877148 4.545533657 -13.941215515 0.000000000 0.000000000 -12.000000000 0.000000000 0.000000000
1776613957.548293352 0.625027835 -0.054332428 0.200244367 0.127123997 0.991623461 0.020765731 -0.009548957 3.668411016 4.536639214 -13.879984856 0.000000000 0.000000000 -12.000000000 0.000000000 0.000000000
1776613957.553850651 0.625134230 -0.055100385 0.200256109 0.127717689 0.991550088 0.020739034 -0.009302738 3.639374018 4.529275417 -13.822083473 0.000000000 0.000000000 -12.000000000 0.000000000 0.000000000
1776613957.558724165 0.625269890 -0.055861905 0.200269878 0.128318593 0.991475403 0.020726265 -0.009016422 3.607768297 4.523542881 -13.768003464 0.000000000 0.000000000 -12.000000000 0.000000000 0.000000000
1776613957.564460993 0.625400662 -0.056633756 0.200284630 0.128918499 0.991400540 0.020706343 -0.008728760 3.573646784 4.519502163 -13.718205452 0.000000000 0.000000000 -12.000000000 0.000000000 0.000000000
1776613957.568447113 0.625540733 -0.057381600 0.200334340 0.129499003 0.991327941 0.020690538 -0.008413509 3.537112236 4.517178059 -13.673108101 0.000000000 0.000000000 -12.000000000 0.000000000 0.000000000
1776613957.573260069 0.625688553 -0.058124755 0.200419009 0.130066782 0.991256952 0.020671556 -0.008063807 3.498311520 4.516563416 -13.633074760 0.000000000 0.000000000 -12.000000000 0.000000000 0.000000000
1776613957.578402758 0.625821948 -0.058868341 0.200502932 0.130625486 0.991186917 0.020638634 -0.007716007 3.457430124 4.517621994 -13.598410606 0.000000000 0.000000000 -12.000000000 0.000000000 0.000000000
1776613957.583779812 0.625936747 -0.059604947 0.200558364 0.131190211 0.991115332 0.020614868 -0.007385430 3.414683819 4.520292759 -13.569343567 0.000000000 0.000000000 -12.000000000 0.000000000 0.000000000
1776613957.589874983 0.626040936 -0.060333956 0.200592428 0.131747007 0.991044462 0.020587144 -0.007057595 3.370309114 4.524489880 -13.546027184 0.000000000 0.000000000 -12.000000000 0.000000000 0.000000000
1776613957.595635176 0.626130581 -0.061056234 0.200615227 0.132311821 0.990971804 0.020571532 -0.006732618 3.324554443 4.530105114 -13.528527260 0.000000000 0.000000000 -12.000000000 0.000000000 0.000000000
1776613957.599799871 0.626186728 -0.061790541 0.200644106 0.132880524 0.990898252 0.020545654 -0.006428602 3.277671814 4.537008762 -13.516823769 0.000000000 0.000000000 -12.000000000 0.000000000 0.000000000
1776613957.603240013 0.626276910 -0.063203290 0.200739205 0.133996636 0.990752220 0.020527342 -0.005793804 3.229911804 4.545052528 -13.510808945 0.000000000 0.000000000 -12.000000000 0.000000000 0.000000000
1776613957.609838247 0.626276910 -0.063203290 0.200739205 0.133996636 0.990752220 0.020527342 -0.005793804 3.181515932 4.554070473 -13.510287285 0.000000000 0.000000000 -12.000000000 0.000000000 0.000000000
1776613957.613455772 0.626322567 -0.064512327 0.200808078 0.135095730 0.990605116 0.020588243 -0.005176837 3.132711649 4.563880444 -13.514980316 0.000000000 0.000000000 -12.000000000 0.000000000 0.000000000
1776613957.618813038 0.626322567 -0.064512327 0.200808078 0.135095730 0.990605116 0.020588243 -0.005176837 3.083707809 4.574282646 -13.524529457 0.000000000 0.000000000 -12.000000000 0.000000000 0.000000000
1776613957.623610258 0.626286805 -0.065100864 0.200804651 0.135643929 0.990529597 0.020674426 -0.004938687 3.034687519 4.585062981 -13.538498878 0.000000000 0.000000000 -12.000000000 0.000000000 0.000000000
1776613957.628361940 0.626189411 -0.065633468 0.200788409 0.136212677 0.990449190 0.020826744 -0.004768688 2.985803127 4.595989704 -13.556386948 0.000000000 0.000000000 -12.000000000 0.000000000 0.000000000
1776613957.633435726 0.626083970 -0.066116974 0.200801373 0.136795491 0.990365207 0.021039231 -0.004594343 2.937170267 4.606813908 -13.577628136 0.000000000 0.000000000 -12.000000000 0.000000000 0.000000000
1776613957.638221979 0.625982404 -0.066555530 0.200850993 0.137416199 0.990273893 0.021330453 -0.004400997 2.888864279 4.617271423 -13.601606369 0.000000000 0.000000000 -12.000000000 0.000000000 0.000000000
1776613957.643262863 0.625815749 -0.066933110 0.200881690 0.138050348 0.990178406 0.021688914 -0.004285141 2.840922832 4.627083302 -13.627662659 0.000000000 0.000000000 -12.000000000 0.000000000 0.000000000
1776613957.648225307 0.625588715 -0.067275360 0.200891823 0.138714820 0.990076661 0.022100698 -0.004235698 2.793346405 4.635962009 -13.655104637 0.000000000 0.000000000 -12.000000000 0.000000000 0.000000000
1776613957.653216124 0.625350177 -0.067571104 0.200911850 0.139392942 0.989971042 0.022569550 -0.004189997 2.746103287 4.643613338 -13.683212280 0.000000000 0.000000000 -12.000000000 0.000000000 0.000000000
1776613957.658328295 0.625111878 -0.067838728 0.200941771 0.140098765 0.989859581 0.023091629 -0.004130995 2.699130774 4.649741650 -13.711253166 0.000000000 0.000000000 -12.000000000 0.000000000 0.000000000
1776613957.663672686 0.624846697 -0.068061896 0.200966746 0.140809208 0.989745557 0.023656776 -0.004104649 2.652338982 4.654054642 -13.738484383 0.000000000 0.000000000 -12.000000000 0.000000000 0.000000000
1776613957.668545246 0.624585211 -0.068256885 0.201014131 0.141532302 0.989628017 0.024259346 -0.004061080 2.605613470 4.656266689 -13.764166832 0.000000000 0.000000000 -12.000000000 0.000000000 0.000000000
1776613957.673738241 0.624353111 -0.068432815 0.201082468 0.142263219 0.989507854 0.024890868 -0.003973173 2.558821201 4.656104565 -13.787570000 0.000000000 0.000000000 -12.000000000 0.000000000 0.000000000
1776613957.678303480 0.624127150 -0.068597764 0.201148123 0.142995253 0.989386439 0.025532097 -0.003870816 2.511814594 4.653310299 -13.807979584 0.000000000 0.000000000 -12.000000000 0.000000000 0.000000000
1776613957.683299780 0.623914361 -0.068749428 0.201218158 0.143730432 0.989263177 0.026189726 -0.003745137 2.464437485 4.647648335 -13.824707985 0.000000000 0.000000000 -12.000000000 0.000000000 0.000000000
1776613957.688221216 0.623713434 -0.068906292 0.201271415 0.144470111 0.989138424 0.026843611 -0.003596735 2.416531801 4.638909340 -13.837093353 0.000000000 0.000000000 -12.000000000 0.000000000 0.000000000
1776613957.693214417 0.623529494 -0.069073871 0.201314181 0.145214185 0.989012301 0.027492771 -0.003418643 2.367941380 4.626912117 -13.844510078 0.000000000 0.000000000 -12.000000000 0.000000000 0.000000000
1776613957.698241711 0.623362839 -0.069242053 0.201359332 0.145955831 0.988885641 0.028138001 -0.003209948 2.318515301 4.611508369 -13.846370697 0.000000000 0.000000000 -12.000000000 0.000000000 0.000000000
1776613957.703261852 0.623222828 -0.069439404 0.201404721 0.146686852 0.988760829 0.028745824 -0.002950910 2.268113852 4.592583656 -13.842127800 0.000000000 0.000000000 -12.000000000 0.000000000 0.000000000
1776613957.708235979 0.623101175 -0.069648556 0.201454222 0.147411495 0.988636553 0.029335521 -0.002652076 2.216610193 4.570060253 -13.831280708 0.000000000 0.000000000 -12.000000000 0.000000000 0.000000000
1776613957.713787317 0.622973204 -0.069885552 0.201501280 0.148120970 0.988514960 0.029881408 -0.002339034 2.163895607 4.543895721 -13.813374519 0.000000000 0.000000000 -12.000000000 0.000000000 0.000000000
1776613957.718861103 0.622749746 -0.070114024 0.201523036 0.148812026 0.988395691 0.030403960 -0.002131101 2.109877586 4.514086723 -13.788001060 0.000000000 0.000000000 -12.000000000 0.000000000 0.000000000
1776613957.723868370 0.622463346 -0.070372805 0.201533586 0.149474680 0.988281906 0.030859649 -0.001983264 2.054476500 4.480671406 -13.754804611 0.000000000 0.000000000 -12.000000000 0.000000000 0.000000000
1776613957.728254080 0.622150838 -0.070678905 0.201553196 0.150112897 0.988173366 0.031242484 -0.001847057 1.997620821 4.443730831 -13.713479042 0.000000000 0.000000000 -12.000000000 0.000000000 0.000000000
1776613957.733227015 0.621769965 -0.071002632 0.201570868 0.150708035 0.988072932 0.031556923 -0.001781759 1.939244509 4.403395176 -13.663776398 0.000000000 0.000000000 -12.000000000 0.000000000 0.000000000
1776613957.738494396 0.621307909 -0.071341805 0.201594681 0.151275650 0.987977743 0.031818207 -0.001797434 1.879283428 4.359839916 -13.605508804 0.000000000 0.000000000 -12.000000000 0.000000000 0.000000000
1776613957.743264914 0.620774031 -0.071712933 0.201615989 0.151813045 0.987889111 0.032005161 -0.001886381 1.817673445 4.313286304 -13.538548470 0.000000000 0.000000000 -12.000000000 0.000000000 0.000000000
1776613957.748229742 0.620142281 -0.072132990 0.201638103 0.152320996 0.987807274 0.032105166 -0.002075972 1.754347563 4.263994694 -13.462831497 0.000000000 0.000000000 -12.000000000 0.000000000 0.000000000
1776613957.753466129 0.619449735 -0.072581939 0.201657593 0.152792320 0.987732947 0.032134905 -0.002336611 1.689233184 4.212262630 -13.378356934 0.000000000 0.000000000 -12.000000000 0.000000000 0.000000000
1776613957.760079622 0.618609428 -0.073042929 0.201645017 0.153221592 0.987666786 0.032089751 -0.002767497 1.622249007 4.158422470 -13.285187721 0.000000000 0.000000000 -12.000000000 0.000000000 0.000000000
1776613957.763513327 0.617705882 -0.073515013 0.201616049 0.153621465 0.987606108 0.031997472 -0.003280524 1.553303361 4.102835655 -13.183451653 0.000000000 0.000000000 -12.000000000 0.000000000 0.000000000
1776613957.769865036 0.616742969 -0.074001960 0.201598644 0.153982028 0.987552881 0.031842399 -0.003853397 1.482295990 4.045889854 -13.073341370 0.000000000 0.000000000 -12.000000000 0.000000000 0.000000000
1776613957.773411274 0.614533305 -0.074983984 0.201516449 0.154645711 0.987455368 0.031433053 -0.005347586 1.409123778 3.987988949 -12.955119133 0.000000000 0.000000000 -12.000000000 0.000000000 0.000000000
1776613957.778366566 0.614533305 -0.074983984 0.201516449 0.154645711 0.987455368 0.031433053 -0.005347586 1.333686709 3.929547071 -12.829110146 0.000000000 0.000000000 -12.000000000 0.000000000 0.000000000
1776613957.783265352 0.613417864 -0.075519361 0.201494187 0.154949173 0.987412333 0.031152342 -0.006098030 1.255893946 3.870976686 -12.695708275 0.000000000 0.000000000 -12.000000000 0.000000000 0.000000000
1776613957.788388491 0.612299919 -0.076063454 0.201478660 0.155229196 0.987373292 0.030841043 -0.006837584 1.175676703 3.812681198 -12.555367470 0.000000000 0.000000000 -12.000000000 0.000000000 0.000000000
1776613957.794501066 0.611168206 -0.076619342 0.201440781 0.155478925 0.987339556 0.030483589 -0.007593315 1.093000054 3.755050659 -12.408598900 0.000000000 0.000000000 -12.000000000 0.000000000 0.000000000
1776613957.798816204 0.609867930 -0.077127703 0.201355815 0.155718043 0.987304747 0.030134285 -0.008554942 1.007869124 3.698456287 -12.255963326 0.000000000 0.000000000 -12.000000000 0.000000000 0.000000000
1776613957.804075241 0.608577430 -0.077636287 0.201287270 0.155953169 0.987269461 0.029784059 -0.009512162 0.920327187 3.643246889 -12.098064423 0.000000000 0.000000000 -12.000000000 0.000000000 0.000000000
1776613957.809250355 0.607409894 -0.078154869 0.201306999 0.156190827 0.987234235 0.029441532 -0.010305391 0.830451846 3.589743853 -11.935544014 0.000000000 0.000000000 -12.000000000 0.000000000 0.000000000
1776613957.813264847 0.606252968 -0.078683108 0.201366067 0.156434223 0.987197638 0.029096732 -0.011071696 0.738354802 3.538235903 -11.769082069 0.000000000 0.000000000 -12.000000000 0.000000000 0.000000000
1776613957.818384171 0.605006158 -0.079219930 0.201433271 0.156667054 0.987161875 0.028718004 -0.011923631 0.644184172 3.488976240 -11.599385262 0.000000000 0.000000000 -12.000000000 0.000000000 0.000000000
1776613957.823274374 0.603715122 -0.079780474 0.201503217 0.156881347 0.987128913 0.028291311 -0.012819457 0.548128784 3.442179203 -11.427184105 0.000000000 0.000000000 -12.000000000 0.000000000 0.000000000
1776613957.828249216 0.602455318 -0.080354556 0.201570988 0.157080740 0.987098396 0.027846662 -0.013673221 0.450421929 3.398022652 -11.253217697 0.000000000 0.000000000 -12.000000000 0.000000000 0.000000000
1776613957.833544970 0.601288974 -0.080948949 0.201633245 0.157260627 0.987072587 0.027369937 -0.014412005 0.351345539 3.356651306 -11.078227997 0.000000000 0.000000000 -12.000000000 0.000000000 0.000000000
1776613957.838251352 0.600222468 -0.081584089 0.201699764 0.157411873 0.987054169 0.026837228 -0.015009278 0.251238227 3.318177938 -10.902944565 0.000000000 0.000000000 -12.000000000 0.000000000 0.000000000
1776613957.843501806 0.599192023 -0.082251772 0.201743424 0.157558113 0.987037897 0.026266659 -0.015547727 0.150504947 3.282682896 -10.728079796 0.000000000 0.000000000 -12.000000000 0.000000000 0.000000000
1776613957.848240376 0.598185420 -0.082912564 0.201763332 0.157689273 0.987024367 0.025684049 -0.016039943 0.049619984 3.250211239 -10.554307938 0.000000000 0.000000000 -12.000000000 0.000000000 0.000000000
1776613957.853330135 0.597278953 -0.083535552 0.201777041 0.157808989 0.987013280 0.025129968 -0.016419197 -0.050880950 3.220768690 -10.382262230 0.000000000 0.000000000 -12.000000000 0.000000000 0.000000000
1776613957.858356476 0.596365571 -0.084105119 0.201785415 0.157943770 0.986997426 0.024637753 -0.016817966 -0.150419801 3.194316626 -10.212523460 0.000000000 0.000000000 -12.000000000 0.000000000 0.000000000
1776613957.863295555 0.595577717 -0.084645227 0.201830834 0.158105358 0.986977577 0.024215290 -0.017076127 -0.248401254 3.170767784 -10.045619965 0.000000000 0.000000000 -12.000000000 0.000000000 0.000000000
1776613957.868892670 0.594870567 -0.085115880 0.201914161 0.158295527 0.986952066 0.023894444 -0.017240835 -0.344233096 3.149981260 -9.882017136 0.000000000 0.000000000 -12.000000000 0.000000000 0.000000000
1776613957.873375177 0.594140470 -0.085470431 0.201989561 0.158521265 0.986916661 0.023711579 -0.017443135 -0.437339604 3.131758690 -9.722116470 0.000000000 0.000000000 -12.000000000 0.000000000 0.000000000
1776613957.878765821 0.593329370 -0.085744150 0.202034622 0.158797964 0.986868382 0.023640875 -0.017752526 -0.527171850 3.115841627 -9.566254616 0.000000000 0.000000000 -12.000000000 0.000000000 0.000000000
1776613957.883624792 0.592483759 -0.085929975 0.202054709 0.159122482 0.986808062 0.023696600 -0.018122086 -0.613216996 3.101910830 -9.414694786 0.000000000 0.000000000 -12.000000000 0.000000000 0.000000000
1776613957.889220953 0.591669917 -0.086040780 0.202075750 0.159469903 0.986741900 0.023851225 -0.018464554 -0.695008636 3.089591265 -9.267634392 0.000000000 0.000000000 -12.000000000 0.000000000 0.000000000
1776613957.893230200 0.590869904 -0.086081401 0.202109665 0.159837455 0.986670136 0.024093047 -0.018801838 -0.772135377 3.078459263 -9.125205040 0.000000000 0.000000000 -12.000000000 0.000000000 0.000000000
1776613957.898424387 0.590033412 -0.086042836 0.202147186 0.160242006 0.986588657 0.024440987 -0.019181933 -0.844246387 3.068051815 -8.987476349 0.000000000 0.000000000 -12.000000000 0.000000000 0.000000000
1776613957.903282166 0.589199305 -0.085942745 0.202196449 0.160670117 0.986500800 0.024868308 -0.019565528 -0.911052287 3.057877302 -8.854461670 0.000000000 0.000000000 -12.000000000 0.000000000 0.000000000
1776613957.908415079 0.588376105 -0.085777648 0.202254742 0.161111742 0.986408591 0.025367180 -0.019940734 -0.972322941 3.047425270 -8.726120949 0.000000000 0.000000000 -12.000000000 0.000000000 0.000000000
1776613957.913320303 0.587606013 -0.085568190 0.202319562 0.161582127 0.986310184 0.025938902 -0.020264676 -1.027884960 3.036177158 -8.602367401 0.000000000 0.000000000 -12.000000000 0.000000000 0.000000000
1776613957.919958591 0.586835146 -0.085331574 0.202368289 0.162075400 0.986206055 0.026556725 -0.020588119 -1.077618122 3.023615599 -8.483070374 0.000000000 0.000000000 -12.000000000 0.000000000 0.000000000
1776613957.923287392 0.585229456 -0.084733762 0.202399045 0.163099214 0.985983491 0.027929300 -0.021334777 -1.121452689 3.009233236 -8.368058205 0.000000000 0.000000000 -12.000000000 0.000000000 0.000000000
1776613957.929342508 0.585229456 -0.084733762 0.202399045 0.163099214 0.985983491 0.027929300 -0.021334777 -1.159367800 2.992543459 -8.257125854 0.000000000 0.000000000 -12.000000000 0.000000000 0.000000000
1776613957.933299065 0.584461987 -0.084417149 0.202420145 0.163645118 0.985864580 0.028667610 -0.021668663 -1.191389084 2.973089457 -8.150037766 0.000000000 0.000000000 -12.000000000 0.000000000 0.000000000
1776613957.938244343 0.583715975 -0.084080331 0.202448100 0.164199829 0.985742807 0.029435825 -0.021979177 -1.217584968 2.950453281 -8.046532631 0.000000000 0.000000000 -12.000000000 0.000000000 0.000000000
1776613957.943284750 0.582961559 -0.083731435 0.202462792 0.164753675 0.985619783 0.030211125 -0.022296254 -1.238059282 2.924262047 -7.946326733 0.000000000 0.000000000 -12.000000000 0.000000000 0.000000000
1776613957.948257923 0.582282305 -0.083414279 0.202486366 0.165322140 0.985495985 0.030974319 -0.022512447 -1.252943039 2.894194603 -7.849120140 0.000000000 0.000000000 -12.000000000 0.000000000 0.000000000
1776613957.953299284 0.581660986 -0.083106354 0.202511579 0.165875927 0.985375881 0.031725384 -0.022650987 -1.262382507 2.859985113 -7.754601479 0.000000000 0.000000000 -12.000000000 0.000000000 0.000000000
1776613957.958290100 0.581098318 -0.082806155 0.202540249 0.166421950 0.985258460 0.032460861 -0.022710249 -1.266530871 2.821427345 -7.662451267 0.000000000 0.000000000 -12.000000000 0.000000000 0.000000000
1776613957.963214874 0.580643117 -0.082550138 0.202584147 0.166963324 0.985145688 0.033160873 -0.022619022 -1.265541553 2.778377771 -7.572347164 0.000000000 0.000000000 -12.000000000 0.000000000 0.000000000
1776613957.968239069 0.580232799 -0.082312696 0.202623904 0.167492598 0.985036790 0.033832729 -0.022452282 -1.259563565 2.730757475 -7.483965874 0.000000000 0.000000000 -12.000000000 0.000000000 0.000000000
1776613957.975184202 0.579855919 -0.082096532 0.202670425 0.168007463 0.984932244 0.034469057 -0.022222234 -1.248737931 2.678553581 -7.396988392 0.000000000 0.000000000 -12.000000000 0.000000000 0.000000000
1776613957.978441954 0.579209685 -0.081744656 0.202761859 0.168997452 0.984735727 0.035631556 -0.021581734 -1.233197212 2.621818066 -7.311102390 0.000000000 0.000000000 -12.000000000 0.000000000 0.000000000
1776613957.985044003 0.579209685 -0.081744656 0.202761859 0.168997452 0.984735727 0.035631556 -0.021581734 -1.213068724 2.560664892 -7.226004124 0.000000000 0.000000000 -12.000000000 0.000000000 0.000000000
1776613957.988478184 0.578647792 -0.081429683 0.202806115 0.169931084 0.984552503 0.036696177 -0.020812722 -1.188480735 2.495266438 -7.141401291 0.000000000 0.000000000 -12.000000000 0.000000000 0.000000000
1776613957.994926453 0.578647792 -0.081429683 0.202806115 0.169931084 0.984552503 0.036696177 -0.020812722 -1.159571409 2.425847769 -7.057018757 0.000000000 0.000000000 -12.000000000 0.000000000 0.000000000
1776613957.998248816 0.578149676 -0.081199221 0.202874541 0.170797706 0.984386265 0.037614394 -0.019923232 -1.126493454 2.352680445 -6.972597599 0.000000000 0.000000000 -12.000000000 0.000000000 0.000000000
1776613958.004225492 0.578149676 -0.081199221 0.202874541 0.170797706 0.984386265 0.037614394 -0.019923232 -1.089416265 2.276079655 -6.887905598 0.000000000 0.000000000 -12.000000000 0.000000000 0.000000000
1776613958.008912086 0.577882171 -0.081065848 0.202918768 0.171181813 0.984311998 0.038036801 -0.019492030 -1.048529267 2.196398258 -6.802736759 0.000000000 0.000000000 -12.000000000 0.000000000 0.000000000
1776613958.013252020 0.577588379 -0.080996349 0.202956825 0.171537250 0.984245539 0.038363598 -0.019076630 -1.004046321 2.114024639 -6.716915607 0.000000000 0.000000000 -12.000000000 0.000000000 0.000000000
1776613958.018318415 0.577252448 -0.080959931 0.202979684 0.171852767 0.984187901 0.038615603 -0.018697729 -0.956208289 2.029378414 -6.630298615 0.000000000 0.000000000 -12.000000000 0.000000000 0.000000000
1776613958.023926973 0.576778710 -0.080907121 0.202956438 0.172129229 0.984135211 0.038824841 -0.018494319 -0.905284345 1.942910194 -6.542774200 0.000000000 0.000000000 -12.000000000 0.000000000 0.000000000
1776613958.029989719 0.576240361 -0.080845356 0.202913582 0.172361791 0.984090269 0.038990594 -0.018369364 -0.851576269 1.855098009 -6.454263687 0.000000000 0.000000000 -12.000000000 0.000000000 0.000000000
1776613958.035041571 0.575085938 -0.080809630 0.202859879 0.172720686 0.984025598 0.039119456 -0.018188881 -0.795424581 1.766442657 -6.364720821 0.000000000 0.000000000 -12.000000000 0.000000000 0.000000000
1776613958.038560390 0.574266791 -0.080783620 0.202826351 0.172836304 0.984002113 0.039102141 -0.018396461 -0.737213552 1.677462339 -6.274131298 0.000000000 0.000000000 -12.000000000 0.000000000 0.000000000
1776613958.044837236 0.574266791 -0.080783620 0.202826351 0.172836304 0.984002113 0.039102141 -0.018396461 -0.677373946 1.588685393 -6.182513237 0.000000000 0.000000000 -12.000000000 0.000000000 0.000000000
1776613958.048218250 0.572260916 -0.080667116 0.202814966 0.172976896 0.983963370 0.039006919 -0.019328443 -0.616390049 1.500645041 -6.089914799 0.000000000 0.000000000 -12.000000000 0.000000000 0.000000000
1776613958.053200722 0.572260916 -0.080667116 0.202814966 0.172976896 0.983963370 0.039006919 -0.019328443 -0.554807186 1.413873434 -5.996417046 0.000000000 0.000000000 -12.000000000 0.000000000 0.000000000
1776613958.058294773 0.571100771 -0.080598623 0.202823728 0.173024178 0.983944714 0.038921431 -0.020012824 -0.493232071 1.328893661 -5.902132511 0.000000000 0.000000000 -12.000000000 0.000000000 0.000000000
1776613958.063261747 0.569756031 -0.080494992 0.202821076 0.173045382 0.983925879 0.038817160 -0.020937230 -0.432324320 1.246211052 -5.807205200 0.000000000 0.000000000 -12.000000000 0.000000000 0.000000000
1776613958.068322897 0.568225741 -0.080359802 0.202804893 0.173036426 0.983907104 0.038690224 -0.022096789 -0.372781008 1.166304111 -5.711804867 0.000000000 0.000000000 -12.000000000 0.000000000 0.000000000
1776613958.073259830 0.566557646 -0.080183819 0.202776015 0.172993377 0.983888686 0.038563829 -0.023435241 -0.315318406 1.089616895 -5.616126537 0.000000000 0.000000000 -12.000000000 0.000000000 0.000000000
1776613958.078395844 0.564838648 -0.079993002 0.202735364 0.172922909 0.983871460 0.038433932 -0.024848239 -0.260654271 1.016553521 -5.520388603 0.000000000 0.000000000 -12.000000000 0.000000000 0.000000000
1776613958.083189964 0.563093424 -0.079792120 0.202719629 0.172846496 0.983852088 0.038308986 -0.026298041 -0.209490418 0.947473407 -5.424829483 0.000000000 0.000000000 -12.000000000 0.000000000 0.000000000
1776613958.088350296 0.561393142 -0.079597540 0.202741385 0.172765881 0.983832717 0.038183320 -0.027698813 -0.162492290 0.882687330 -5.329704762 0.000000000 0.000000000 -12.000000000 0.000000000 0.000000000
1776613958.093223572 0.559767067 -0.079417259 0.202784389 0.172685653 0.983814478 0.038051866 -0.028996989 -0.120264143 0.822453380 -5.235284805 0.000000000 0.000000000 -12.000000000 0.000000000 0.000000000
1776613958.098265409 0.558160961 -0.079228684 0.202796161 0.172602728 0.983795762 0.037925076 -0.030262778 -0.083321087 0.766973555 -5.141843796 0.000000000 0.000000000 -12.000000000 0.000000000 0.000000000
1776613958.104871511 0.556587338 -0.079011209 0.202791333 0.172522977 0.983775258 0.037829492 -0.031480365 -0.052062087 0.716389835 -5.049654961 0.000000000 0.000000000 -12.000000000 0.000000000 0.000000000
1776613958.108318329 0.554050982 -0.078513756 0.202822268 0.172432512 0.983735561 0.037823718 -0.033177845 -0.026750622 0.670781076 -4.958981991 0.000000000 0.000000000 -12.000000000 0.000000000 0.000000000
1776613958.114840746 0.554050982 -0.078513756 0.202822268 0.172432512 0.983735561 0.037823718 -0.033177845 -0.007502293 0.630160093 -4.870072365 0.000000000 0.000000000 -12.000000000 0.000000000 0.000000000
1776613958.118465185 0.553191602 -0.078267775 0.202854127 0.172417954 0.983724415 0.037885219 -0.033512115 0.005727006 0.594471097 -4.783153534 0.000000000 0.000000000 -12.000000000 0.000000000 0.000000000
1776613958.124779463 0.552405119 -0.078029081 0.202852339 0.172403604 0.983716965 0.037945062 -0.033735447 0.013149637 0.563589990 -4.698420525 0.000000000 0.000000000 -12.000000000 0.000000000 0.000000000
1776613958.128240108 0.551109552 -0.077539414 0.202783346 0.172303960 0.983726561 0.038063023 -0.033831619 0.015141498 0.537329435 -4.616036892 0.000000000 0.000000000 -12.000000000 0.000000000 0.000000000
1776613958.133871078 0.551109552 -0.077539414 0.202783346 0.172303960 0.983726561 0.038063023 -0.033831619 0.012221646 0.515448749 -4.536131382 0.000000000 0.000000000 -12.000000000 0.000000000 0.000000000
1776613958.138323545 0.550608754 -0.077301860 0.202771157 0.172229186 0.983741939 0.038118523 -0.033702765 0.005019777 0.497665405 -4.458802700 0.000000000 0.000000000 -12.000000000 0.000000000 0.000000000
1776613958.144200563 0.550241053 -0.077098288 0.202818543 0.172159031 0.983763039 0.038162638 -0.033393171 -0.005761354 0.483666331 -4.384124756 0.000000000 0.000000000 -12.000000000 0.000000000 0.000000000
1776613958.148431540 0.549832046 -0.076886237 0.202878177 0.172085285 0.983783424 0.038205311 -0.033123158 -0.019378923 0.473115772 -4.312148094 0.000000000 0.000000000 -12.000000000 0.000000000 0.000000000
1776613958.155185699 0.549305975 -0.076650605 0.202919126 0.172000319 0.983801365 0.038246103 -0.032985248 -0.035076305 0.465661436 -4.242898464 0.000000000 0.000000000 -12.000000000 0.000000000 0.000000000
1776613958.159802437 0.548133194 -0.076128155 0.202918440 0.171757892 0.983845055 0.038301978 -0.032880414 -0.052106358 0.460941732 -4.176381111 0.000000000 0.000000000 -12.000000000 0.000000000 0.000000000
1776613958.164118290 0.548133194 -0.076128155 0.202918440 0.171757892 0.983845055 0.038301978 -0.032880414 -0.069752723 0.458594263 -4.112580776 0.000000000 0.000000000 -12.000000000 0.000000000 0.000000000
1776613958.169137239 0.547545910 -0.075836763 0.202898175 0.171586335 0.983875036 0.038324233 -0.032852735 -0.087347925 0.458263993 -4.051465034 0.000000000 0.000000000 -12.000000000 0.000000000 0.000000000
1776613958.173977137 0.546945453 -0.075539917 0.202892095 0.171392679 0.983908653 0.038336094 -0.032843418 -0.104287177 0.459610343 -3.992987156 0.000000000 0.000000000 -12.000000000 0.000000000 0.000000000
1776613958.179011106 0.546350420 -0.075255752 0.202907681 0.171186835 0.983945608 0.038329326 -0.032816485 -0.120036766 0.462312788 -3.937091589 0.000000000 0.000000000 -12.000000000 0.000000000 0.000000000
1776613958.183223724 0.545746267 -0.074980721 0.202925086 0.170969382 0.983985245 0.038304873 -0.032791004 -0.134137526 0.466074646 -3.883714437 0.000000000 0.000000000 -12.000000000 0.000000000 0.000000000
1776613958.188289881 0.545074344 -0.074701309 0.202923745 0.170742095 0.984024286 0.038267002 -0.032847125 -0.146204889 0.470625073 -3.832784891 0.000000000 0.000000000 -12.000000000 0.000000000 0.000000000
1776613958.194250345 0.544361055 -0.074478261 0.202879876 0.170498058 0.984067619 0.038155012 -0.032947477 -0.155927002 0.475720614 -3.784226894 0.000000000 0.000000000 -12.000000000 0.000000000 0.000000000
1776613958.198245049 0.543614507 -0.074318469 0.202787101 0.170240700 0.984114945 0.037965380 -0.033082787 -0.163062811 0.481149852 -3.737958908 0.000000000 0.000000000 -12.000000000 0.000000000 0.000000000
1776613958.203822374 0.542822301 -0.074171342 0.202678233 0.169955432 0.984166861 0.037736271 -0.033268001 -0.167440757 0.486739516 -3.693899155 0.000000000 0.000000000 -12.000000000 0.000000000 0.000000000
1776613958.208346367 0.541963816 -0.074029818 0.202554256 0.169637576 0.984222889 0.037467469 -0.033535376 -0.168958858 0.492358804 -3.651968956 0.000000000 0.000000000 -12.000000000 0.000000000 0.000000000
1776613958.213212729 0.541109025 -0.073925950 0.202468663 0.169296876 0.984285176 0.037147131 -0.033784665 -0.167585060 0.497919619 -3.612097025 0.000000000 0.000000000 -12.000000000 0.000000000 0.000000000
1776613958.218218327 0.540266812 -0.073876530 0.202432573 0.168944046 0.984352171 0.036771268 -0.034008361 -0.163355932 0.503373206 -3.574222326 0.000000000 0.000000000 -12.000000000 0.000000000 0.000000000
1776613958.223509789 0.539371550 -0.073832095 0.202399909 0.168561786 0.984423280 0.036361784 -0.034287121 -0.156373024 0.508705139 -3.538297653 0.000000000 0.000000000 -12.000000000 0.000000000 0.000000000
1776613958.228250027 0.538401186 -0.073772617 0.202349931 0.168145329 0.984497070 0.035930969 -0.034664314 -0.146796510 0.513929844 -3.504292011 0.000000000 0.000000000 -12.000000000 0.000000000 0.000000000
1776613958.233251333 0.537400007 -0.073689021 0.202294648 0.167704806 0.984572768 0.035503238 -0.035087369 -0.134836018 0.519085944 -3.472190619 0.000000000 0.000000000 -12.000000000 0.000000000 0.000000000
1776613958.238350868 0.536445856 -0.073617995 0.202249736 0.167246297 0.984653354 0.035061117 -0.035455815 -0.120738231 0.524230540 -3.441996098 0.000000000 0.000000000 -12.000000000 0.000000000 0.000000000
1776613958.243526459 0.535576046 -0.073556669 0.202230543 0.166776195 0.984739602 0.034613736 -0.035714664 -0.104771070 0.529431760 -3.413729191 0.000000000 0.000000000 -12.000000000 0.000000000 0.000000000
1776613958.248227358 0.534754992 -0.073485613 0.202219725 0.166306660 0.984826863 0.034181342 -0.035912909 -0.087205254 0.534760237 -3.387426853 0.000000000 0.000000000 -12.000000000 0.000000000 0.000000000
1776613958.253334999 0.533996820 -0.073406130 0.202205211 0.165834188 0.984916687 0.033760644 -0.036033284 -0.068296172 0.540279746 -3.363138676 0.000000000 0.000000000 -12.000000000 0.000000000 0.000000000
1776613958.258605242 0.533357680 -0.073304892 0.202189982 0.165349707 0.985012054 0.033364560 -0.036021154 -0.048271067 0.546039641 -3.340925217 0.000000000 0.000000000 -12.000000000 0.000000000 0.000000000
1776613958.263298035 0.532857537 -0.073178679 0.202181309 0.164851859 0.985114217 0.032994028 -0.035850234 -0.027322536 0.552069724 -3.320855379 0.000000000 0.000000000 -12.000000000 0.000000000 0.000000000
1776613958.268254280 0.532460749 -0.073008671 0.202166468 0.164324865 0.985224366 0.032643240 -0.035563458 -0.005605825 0.558375835 -3.303004265 0.000000000 0.000000000 -12.000000000 0.000000000 0.000000000
1776613958.273244858 0.532097697 -0.072806902 0.202140808 0.163777933 0.985338330 0.032300316 -0.035239875 0.016760886 0.564937770 -3.287450552 0.000000000 0.000000000 -12.000000000 0.000000000 0.000000000
1776613958.278522015 0.531773925 -0.072585478 0.202120930 0.163226560 0.985454023 0.031967837 -0.034864452 0.039693147 0.571708441 -3.274272680 0.000000000 0.000000000 -12.000000000 0.000000000 0.000000000
1776613958.283216953 0.531477630 -0.072359413 0.202097654 0.162716106 0.985563517 0.031634353 -0.034457680 0.063133955 0.578615606 -3.263546228 0.000000000 0.000000000 -12.000000000 0.000000000 0.000000000
1776613958.288218021 0.531191945 -0.072119720 0.202085406 0.162277669 0.985660672 0.031307749 -0.034041226 0.087044790 0.585565507 -3.255341530 0.000000000 0.000000000 -12.000000000 0.000000000 0.000000000
1776613958.293256998 0.530896187 -0.071842328 0.202061981 0.161920324 0.985742569 0.030997237 -0.033653174 0.111395307 0.592446506 -3.249718428 0.000000000 0.000000000 -12.000000000 0.000000000 0.000000000
1776613958.298238993 0.530589581 -0.071532883 0.202045143 0.161631212 0.985811830 0.030698029 -0.033287507 0.136153415 0.599131942 -3.246725798 0.000000000 0.000000000 -12.000000000 0.000000000 0.000000000
1776613958.303487062 0.530273557 -0.071168348 0.202034652 0.161393866 0.985870063 0.030437093 -0.032951679 0.161276877 0.605480731 -3.246399879 0.000000000 0.000000000 -12.000000000 0.000000000 0.000000000
1776613958.308523893 0.529967308 -0.070765167 0.202054024 0.161213607 0.985917807 0.030209530 -0.032614101 0.186706424 0.611337483 -3.248764277 0.000000000 0.000000000 -12.000000000 0.000000000 0.000000000
1776613958.313233376 0.529590368 -0.070285767 0.202079058 0.161102399 0.985948205 0.030062236 -0.032379057 0.212360173 0.616532564 -3.253829718 0.000000000 0.000000000 -12.000000000 0.000000000 0.000000000
1776613958.318876028 0.529158831 -0.069726214 0.202101767 0.161028087 0.985967219 0.029990328 -0.032236930 0.238128394 0.620882273 -3.261594057 0.000000000 0.000000000 -12.000000000 0.000000000 0.000000000
1776613958.323555946 0.528686881 -0.069091931 0.202122182 0.160969391 0.985979319 0.029980432 -0.032169092 0.263871074 0.624190629 -3.272040844 0.000000000 0.000000000 -12.000000000 0.000000000 0.000000000
1776613958.329884291 0.528263509 -0.068463892 0.202138215 0.160927340 0.985989988 0.029974258 -0.032056697 0.289422572 0.626252651 -3.285138369 0.000000000 0.000000000 -12.000000000 0.000000000 0.000000000
1776613958.334033966 0.527443886 -0.067282021 0.202133149 0.160723194 0.986035407 0.029856194 -0.031793568 0.314603269 0.626860023 -3.300839186 0.000000000 0.000000000 -12.000000000 0.000000000 0.000000000
1776613958.339309931 0.527443886 -0.067282021 0.202133149 0.160723194 0.986035407 0.029856194 -0.031793568 0.339233816 0.625809014 -3.319077969 0.000000000 0.000000000 -12.000000000 0.000000000 0.000000000
1776613958.343206644 0.526988268 -0.066652171 0.202067673 0.160533205 0.986070335 0.029793268 -0.031728685 0.363147974 0.622908711 -3.339768648 0.000000000 0.000000000 -12.000000000 0.000000000 0.000000000
1776613958.348472357 0.526607513 -0.066057935 0.202009112 0.160311833 0.986114442 0.029694781 -0.031570196 0.386199981 0.617988110 -3.362806082 0.000000000 0.000000000 -12.000000000 0.000000000 0.000000000
1776613958.353443146 0.526348650 -0.065522023 0.201974362 0.160044089 0.986171901 0.029551854 -0.031265717 0.408266306 0.610898972 -3.388068199 0.000000000 0.000000000 -12.000000000 0.000000000 0.000000000
1776613958.358728886 0.526092708 -0.064973235 0.201945603 0.159746811 0.986233950 0.029409049 -0.030961405 0.429245025 0.601515770 -3.415419817 0.000000000 0.000000000 -12.000000000 0.000000000 0.000000000
1776613958.363595963 0.525818706 -0.064385921 0.201912910 0.159400254 0.986302912 0.029267769 -0.030684097 0.449051887 0.589732409 -3.444711447 0.000000000 0.000000000 -12.000000000 0.000000000 0.000000000
1776613958.368238449 0.525351703 -0.063646592 0.201839209 0.159020945 0.986365676 0.029227728 -0.030672362 0.467609227 0.575458467 -3.475781679 0.000000000 0.000000000 -12.000000000 0.000000000 0.000000000
1776613958.373202085 0.524790227 -0.062805876 0.201768696 0.158657178 0.986418605 0.029271819 -0.030811656 0.484830797 0.558616698 -3.508458138 0.000000000 0.000000000 -12.000000000 0.000000000 0.000000000
1776613958.378206968 0.524263740 -0.061971452 0.201753706 0.158333540 0.986464798 0.029347487 -0.030926531 0.500609040 0.539141774 -3.542564392 0.000000000 0.000000000 -12.000000000 0.000000000 0.000000000
1776613958.383299112 0.523693562 -0.061111648 0.201786280 0.158040166 0.986502409 0.029466301 -0.031113392 0.514809370 0.516981304 -3.577926636 0.000000000 0.000000000 -12.000000000 0.000000000 0.000000000
1776613958.388251543 0.523019791 -0.060199328 0.201830685 0.157781348 0.986528933 0.029618293 -0.031439897 0.527271926 0.492100000 -3.614377260 0.000000000 0.000000000 -12.000000000 0.000000000 0.000000000
1776613958.393233061 0.522225380 -0.059240550 0.201850086 0.157499224 0.986553550 0.029776895 -0.031927582 0.537819386 0.464485109 -3.651753187 0.000000000 0.000000000 -12.000000000 0.000000000 0.000000000
1776613958.398231983 0.521381736 -0.058217738 0.201863557 0.157193124 0.986578286 0.029954588 -0.032501828 0.546267152 0.434152842 -3.689897060 0.000000000 0.000000000 -12.000000000 0.000000000 0.000000000
1776613958.403457165 0.520553172 -0.057196349 0.201873988 0.156893641 0.986601770 0.030112972 -0.033083670 0.552434802 0.401152313 -3.728656530 0.000000000 0.000000000 -12.000000000 0.000000000 0.000000000
1776613958.408441782 0.519791186 -0.056186028 0.201895297 0.156573653 0.986631155 0.030249303 -0.033595927 0.556157291 0.365566671 -3.767887354 0.000000000 0.000000000 -12.000000000 0.000000000 0.000000000
1776613958.414704084 0.519058049 -0.055169322 0.201911092 0.156274706 0.986657798 0.030376555 -0.034087017 0.557298064 0.327510715 -3.807452917 0.000000000 0.000000000 -12.000000000 0.000000000 0.000000000
1776613958.418335199 0.518334687 -0.054146007 0.201923341 0.155983329 0.986683369 0.030504443 -0.034563042 0.555761755 0.287128955 -3.847222567 0.000000000 0.000000000 -12.000000000 0.000000000 0.000000000
1776613958.424851418 0.517636418 -0.053109247 0.201923430 0.155696377 0.986708522 0.030631544 -0.035022713 0.551507175 0.244594380 -3.887071133 0.000000000 0.000000000 -12.000000000 0.000000000 0.000000000
1776613958.428421259 0.516537428 -0.051209241 0.201929092 0.155159011 0.986769617 0.030758940 -0.035571679 0.544559240 0.200108677 -3.926875591 0.000000000 0.000000000 -12.000000000 0.000000000 0.000000000
1776613958.433713913 0.516537428 -0.051209241 0.201929092 0.155159011 0.986769617 0.030758940 -0.035571679 0.535017550 0.153902248 -3.966514349 0.000000000 0.000000000 -12.000000000 0.000000000 0.000000000
1776613958.438523054 0.516077936 -0.050308593 0.201915801 0.154929861 0.986798406 0.030801261 -0.035734098 0.523059607 0.106231824 -4.005866528 0.000000000 0.000000000 -12.000000000 0.000000000 0.000000000
1776613958.443331242 0.515705884 -0.049476832 0.201894343 0.154692620 0.986834466 0.030779006 -0.035785757 0.508937836 0.057375774 -4.044806004 0.000000000 0.000000000 -12.000000000 0.000000000 0.000000000
1776613958.448352814 0.515400827 -0.048692781 0.201877207 0.154449999 0.986876130 0.030716194 -0.035738178 0.492974818 0.007630183 -4.083203793 0.000000000 0.000000000 -12.000000000 0.000000000 0.000000000
1776613958.453166962 0.515176475 -0.047946498 0.201860636 0.154178172 0.986927211 0.030608336 -0.035593204 0.475557446 -0.042694073 -4.120921612 0.000000000 0.000000000 -12.000000000 0.000000000 0.000000000
1776613958.458259106 0.515015960 -0.047252353 0.201864183 0.153877705 0.986988008 0.030434096 -0.035356693 0.457129776 -0.093274154 -4.157817841 0.000000000 0.000000000 -12.000000000 0.000000000 0.000000000
1776613958.463256836 0.514902234 -0.046598919 0.201866597 0.153551266 0.987056255 0.030208696 -0.035062592 0.438184172 -0.143778354 -4.193747997 0.000000000 0.000000000 -12.000000000 0.000000000 0.000000000
1776613958.468629360 0.514829576 -0.045986012 0.201867521 0.153194308 0.987132907 0.029931253 -0.034702104 0.419249177 -0.193869293 -4.228564739 0.000000000 0.000000000 -12.000000000 0.000000000 0.000000000
1776613958.474719763 0.514809191 -0.045427851 0.201874077 0.152827710 0.987214565 0.029597279 -0.034279421 0.400874048 -0.243207335 -4.262122631 0.000000000 0.000000000 -12.000000000 0.000000000 0.000000000
1776613958.478443146 0.514811635 -0.044911005 0.201892376 0.152449951 0.987300038 0.029217154 -0.033822402 0.383612841 -0.291455179 -4.294277191 0.000000000 0.000000000 -12.000000000 0.000000000 0.000000000
1776613958.484194756 0.514817536 -0.044436671 0.201897025 0.152076215 0.987385809 0.028787252 -0.033367265 0.368008375 -0.338283151 -4.324886799 0.000000000 0.000000000 -12.000000000 0.000000000 0.000000000
1776613958.488512039 0.514816284 -0.043989699 0.201891005 0.151686803 0.987474382 0.028311372 -0.032922301 0.354576737 -0.383373737 -4.353816032 0.000000000 0.000000000 -12.000000000 0.000000000 0.000000000
1776613958.493212938 0.514826000 -0.043565173 0.201874524 0.151311293 0.987560987 0.027804198 -0.032481674 0.343793243 -0.426425427 -4.380936623 0.000000000 0.000000000 -12.000000000 0.000000000 0.000000000
1776613958.498414040 0.514826894 -0.043145560 0.201846123 0.150919214 0.987649798 0.027269386 -0.032057628 0.336080611 -0.467156976 -4.406131268 0.000000000 0.000000000 -12.000000000 0.000000000 0.000000000
1776613958.503204346 0.514820397 -0.042704526 0.201811522 0.150513157 0.987739623 0.026719050 -0.031658649 0.331800282 -0.505312085 -4.429294109 0.000000000 0.000000000 -12.000000000 0.000000000 0.000000000
1776613958.508431196 0.514776707 -0.042249702 0.201767623 0.150108352 0.987827301 0.026160793 -0.031309765 0.331246883 -0.540663123 -4.450334549 0.000000000 0.000000000 -12.000000000 0.000000000 0.000000000
1776613958.514705896 0.514776707 -0.042249702 0.201767623 0.150108352 0.987827301 0.026160793 -0.031309765 0.334644884 -0.573013961 -4.469179153 0.000000000 0.000000000 -12.000000000 0.000000000 0.000000000
1776613958.518354893 0.514595926 -0.040912285 0.201654464 0.148915261 0.988082409 0.024381302 -0.030379226 0.342147559 -0.602202713 -4.485774040 0.000000000 0.000000000 -12.000000000 0.000000000 0.000000000
1776613958.523991823 0.514595926 -0.040912285 0.201654464 0.148915261 0.988082409 0.024381302 -0.030379226 0.353836924 -0.628104270 -4.500085354 0.000000000 0.000000000 -12.000000000 0.000000000 0.000000000
1776613958.528427124 0.514482856 -0.040450599 0.201614410 0.148519918 0.988163948 0.023773067 -0.030143768 0.369724840 -0.650630593 -4.512102127 0.000000000 0.000000000 -12.000000000 0.000000000 0.000000000
1776613958.534193039 0.514366806 -0.039987132 0.201562911 0.148134515 0.988242924 0.023162222 -0.029926503 0.389755219 -0.669729769 -4.521831036 0.000000000 0.000000000 -12.000000000 0.000000000 0.000000000
1776613958.538399696 0.514226496 -0.039541386 0.201516300 0.147774324 0.988316894 0.022535514 -0.029743226 0.413808525 -0.685385883 -4.529298782 0.000000000 0.000000000 -12.000000000 0.000000000 0.000000000
1776613958.543336868 0.514226496 -0.039541386 0.201516300 0.147774324 0.988316894 0.022535514 -0.029743226 0.441708207 -0.697618961 -4.534550667 0.000000000 0.000000000 -12.000000000 0.000000000 0.000000000
1776613958.548393965 0.513974667 -0.038637333 0.201450258 0.147069097 0.988461196 0.021276779 -0.029366883 0.473228157 -0.706483722 -4.537649632 0.000000000 0.000000000 -12.000000000 0.000000000 0.000000000
1776613958.553208828 0.513864756 -0.038161848 0.201423138 0.146720201 0.988531590 0.020660928 -0.029182218 0.508100390 -0.712067544 -4.538675785 0.000000000 0.000000000 -12.000000000 0.000000000 0.000000000
1776613958.558421135 0.513757944 -0.037682042 0.201409906 0.146369502 0.988601804 0.020037286 -0.028999100 0.546022117 -0.714488745 -4.537728786 0.000000000 0.000000000 -12.000000000 0.000000000 0.000000000
1776613958.563154459 0.513665080 -0.037203033 0.201390386 0.146021500 0.988671243 0.019407719 -0.028813027 0.586662829 -0.713894844 -4.534922123 0.000000000 0.000000000 -12.000000000 0.000000000 0.000000000
1776613958.568190575 0.513598919 -0.036713917 0.201365918 0.145685241 0.988738656 0.018786563 -0.028614093 0.629671454 -0.710460901 -4.530384064 0.000000000 0.000000000 -12.000000000 0.000000000 0.000000000
1776613958.573427439 0.513505161 -0.036138751 0.201336920 0.145381182 0.988797128 0.018256376 -0.028481526 0.674683452 -0.704387844 -4.524255753 0.000000000 0.000000000 -12.000000000 0.000000000 0.000000000
1776613958.578429699 0.513471425 -0.035521563 0.201326102 0.145137087 0.988846421 0.017812291 -0.028297666 0.721325934 -0.695905566 -4.516692162 0.000000000 0.000000000 -12.000000000 0.000000000 0.000000000
1776613958.583227634 0.513386607 -0.034864638 0.201300472 0.144974083 0.988879263 0.017453676 -0.028208341 0.769220352 -0.685278356 -4.507860661 0.000000000 0.000000000 -12.000000000 0.000000000 0.000000000
1776613958.588184595 0.513311386 -0.034153655 0.201283067 0.144885659 0.988898516 0.017201016 -0.028141426 0.817983091 -0.672809303 -4.497941494 0.000000000 0.000000000 -12.000000000 0.000000000 0.000000000
1776613958.593250036 0.513353407 -0.033337764 0.201300800 0.144863576 0.988908172 0.017112618 -0.027970135 0.867226422 -0.658841968 -4.487124443 0.000000000 0.000000000 -12.000000000 0.000000000 0.000000000
1776613958.598164558 0.513363183 -0.032380767 0.201320678 0.144874930 0.988908172 0.017185908 -0.027866263 0.916560769 -0.643760562 -4.475602150 0.000000000 0.000000000 -12.000000000 0.000000000 0.000000000
1776613958.603164434 0.513357103 -0.031347372 0.201326460 0.144918412 0.988900363 0.017361216 -0.027809350 0.965600073 -0.627988338 -4.463564873 0.000000000 0.000000000 -12.000000000 0.000000000 0.000000000
1776613958.608179808 0.513378084 -0.030254275 0.201328933 0.144992068 0.988886416 0.017639857 -0.027745625 1.013968349 -0.611982405 -4.451196671 0.000000000 0.000000000 -12.000000000 0.000000000 0.000000000
1776613958.613168716 0.513517022 -0.029087717 0.201350152 0.145089537 0.988869786 0.018043546 -0.027567998 1.061308861 -0.596224785 -4.438671589 0.000000000 0.000000000 -12.000000000 0.000000000 0.000000000
1776613958.618327856 0.513789296 -0.027871400 0.201396525 0.145192474 0.988854527 0.018536750 -0.027243484 1.107297778 -0.581212401 -4.426150799 0.000000000 0.000000000 -12.000000000 0.000000000 0.000000000
1776613958.623398304 0.514134705 -0.026641693 0.201442748 0.145289168 0.988841474 0.019071857 -0.026830969 1.151660442 -0.567445338 -4.413778782 0.000000000 0.000000000 -12.000000000 0.000000000 0.000000000
1776613958.628349304 0.514472663 -0.025415950 0.201458991 0.145334810 0.988835514 0.019596882 -0.026421404 1.194183588 -0.555413067 -4.401678562 0.000000000 0.000000000 -12.000000000 0.000000000 0.000000000
1776613958.633188009 0.514871418 -0.024169913 0.201458663 0.145313367 0.988840282 0.020138539 -0.025948577 1.234721303 -0.545579672 -4.389946461 0.000000000 0.000000000 -12.000000000 0.000000000 0.000000000
1776613958.638142824 0.515359759 -0.022901529 0.201454133 0.145226821 0.988856018 0.020701759 -0.025384486 1.273191452 -0.538370848 -4.378653526 0.000000000 0.000000000 -12.000000000 0.000000000 0.000000000
1776613958.644100428 0.515812337 -0.021611065 0.201432616 0.145091414 0.988876343 0.021275979 -0.024887700 1.309565663 -0.534164667 -4.367844105 0.000000000 0.000000000 -12.000000000 0.000000000 0.000000000
1776613958.648144484 0.516257107 -0.020319749 0.201414675 0.144943282 0.988896847 0.021868940 -0.024417983 1.343852282 -0.533284068 -4.357541561 0.000000000 0.000000000 -12.000000000 0.000000000 0.000000000
1776613958.653187037 0.516674638 -0.018982494 0.201414317 0.144784972 0.988915265 0.022526989 -0.024008695 1.376077652 -0.535991549 -4.347749710 0.000000000 0.000000000 -12.000000000 0.000000000 0.000000000
1776613958.658149242 0.517108202 -0.017702311 0.201444387 0.144606277 0.988937557 0.023133632 -0.023587480 1.406272292 -0.542482615 -4.338458061 0.000000000 0.000000000 -12.000000000 0.000000000 0.000000000
1776613958.663208246 0.517499864 -0.016517686 0.201464206 0.144397169 0.988965213 0.023629658 -0.023214627 1.434464693 -0.552879274 -4.329646587 0.000000000 0.000000000 -12.000000000 0.000000000 0.000000000
1776613958.669582129 0.517904222 -0.015281282 0.201486528 0.144165546 0.988994896 0.024155071 -0.022846557 1.460683703 -0.567225933 -4.321284294 0.000000000 0.000000000 -12.000000000 0.000000000 0.000000000
1776613958.673227310 0.518383622 -0.013967425 0.201513529 0.143896684 0.989029527 0.024748916 -0.022401100 1.484963298 -0.585490525 -4.313334465 0.000000000 0.000000000 -12.000000000 0.000000000 0.000000000
1776613958.678598166 0.518808782 -0.012649067 0.201508492 0.143695369 0.989051580 0.025369851 -0.022021668 1.507348895 -0.607574821 -4.305750847 0.000000000 0.000000000 -12.000000000 0.000000000 0.000000000
1776613958.683201551 0.519170523 -0.011378970 0.201491892 0.143596679 0.989056587 0.025989294 -0.021717966 1.527897835 -0.633330643 -4.298477173 0.000000000 0.000000000 -12.000000000 0.000000000 0.000000000
1776613958.688378811 0.519611299 -0.010147432 0.201493382 0.143581912 0.989050508 0.026622757 -0.021319622 1.546678662 -0.662571609 -4.291450500 0.000000000 0.000000000 -12.000000000 0.000000000 0.000000000
1776613958.693176270 0.520078123 -0.008859146 0.201478601 0.143576190 0.989041388 0.027314352 -0.020904288 1.563766837 -0.695077002 -4.284602642 0.000000000 0.000000000 -12.000000000 0.000000000 0.000000000
1776613958.698506117 0.520476460 -0.007528311 0.201441318 0.143537804 0.989034235 0.028006041 -0.020588271 1.579239368 -0.730589807 -4.277862072 0.000000000 0.000000000 -12.000000000 0.000000000 0.000000000
1776613958.703695059 0.520838499 -0.006193675 0.201409101 0.143486246 0.989027679 0.028686387 -0.020323545 1.593169212 -0.768812716 -4.271159172 0.000000000 0.000000000 -12.000000000 0.000000000 0.000000000
1776613958.709639072 0.521169782 -0.004912721 0.201382577 0.143445686 0.989019573 0.029325146 -0.020090953 1.605619550 -0.809406519 -4.264427662 0.000000000 0.000000000 -12.000000000 0.000000000 0.000000000
1776613958.713462114 0.521469295 -0.003735339 0.201361537 0.143379986 0.989017189 0.029860070 -0.019887630 1.616639018 -0.851992130 -4.257613182 0.000000000 0.000000000 -12.000000000 0.000000000 0.000000000
1776613958.718563795 0.521810710 -0.002625540 0.201358140 0.143302798 0.989019036 0.030331319 -0.019637326 1.626261950 -0.896152198 -4.250676155 0.000000000 0.000000000 -12.000000000 0.000000000 0.000000000
1776613958.723305941 0.522079647 -0.001532836 0.201340169 0.143184721 0.989026070 0.030753233 -0.019489272 1.634509206 -0.941432893 -4.243594170 0.000000000 0.000000000 -12.000000000 0.000000000 0.000000000
1776613958.728282452 0.522242785 -0.000491144 0.201290697 0.143012479 0.989041030 0.031078357 -0.019477783 1.641389608 -0.987348318 -4.236364365 0.000000000 0.000000000 -12.000000000 0.000000000 0.000000000
1776613958.733212233 0.522267759 0.000443205 0.201196730 0.142799839 0.989062965 0.031257849 -0.019635793 1.646898031 -1.033386946 -4.229005337 0.000000000 0.000000000 -12.000000000 0.000000000 0.000000000
1776613958.738323927 0.522322059 0.001291059 0.201118410 0.142542854 0.989095449 0.031324945 -0.019761583 1.651015997 -1.079016566 -4.221560478 0.000000000 0.000000000 -12.000000000 0.000000000 0.000000000
1776613958.743215561 0.522377014 0.002075281 0.201066911 0.142242387 0.989136696 0.031308047 -0.019887447 1.653713942 -1.123688221 -4.214101315 0.000000000 0.000000000 -12.000000000 0.000000000 0.000000000
1776613958.749722242 0.522399902 0.002811473 0.201029271 0.141907707 0.989184380 0.031218739 -0.020047020 1.654957652 -1.166843772 -4.206731796 0.000000000 0.000000000 -12.000000000 0.000000000 0.000000000
1776613958.753155470 0.522414565 0.003479920 0.200992256 0.141557500 0.989236534 0.031048592 -0.020211525 1.654716611 -1.207925677 -4.199585438 0.000000000 0.000000000 -12.000000000 0.000000000 0.000000000
1776613958.758392811 0.522454083 0.004043324 0.200944632 0.141213492 0.989291549 0.030776413 -0.020341113 1.652972937 -1.246389151 -4.192825794 0.000000000 0.000000000 -12.000000000 0.000000000 0.000000000
1776613958.763119459 0.522526562 0.004507421 0.200883329 0.140877753 0.989348829 0.030407866 -0.020437732 1.649730325 -1.281715512 -4.186643600 0.000000000 0.000000000 -12.000000000 0.000000000 0.000000000
1776613958.768104076 0.522604764 0.004920203 0.200813651 0.140540406 0.989408255 0.029967945 -0.020532073 1.645020604 -1.313422680 -4.181255817 0.000000000 0.000000000 -12.000000000 0.000000000 0.000000000
1776613958.773089170 0.522708058 0.005309305 0.200752288 0.140181467 0.989472628 0.029474109 -0.020599419 1.638906360 -1.341074467 -4.176903725 0.000000000 0.000000000 -12.000000000 0.000000000 0.000000000
1776613958.778237343 0.522889376 0.005658041 0.200712860 0.139817744 0.989540398 0.028936479 -0.020579882 1.631484032 -1.364286661 -4.173851967 0.000000000 0.000000000 -12.000000000 0.000000000 0.000000000
1776613958.783186674 0.523120403 0.005955176 0.200679690 0.139472380 0.989607692 0.028347125 -0.020505220 1.622885704 -1.382733226 -4.172385693 0.000000000 0.000000000 -12.000000000 0.000000000 0.000000000
1776613958.788334370 0.523351312 0.006210413 0.200640559 0.139131650 0.989675105 0.027712051 -0.020436618 1.613280654 -1.396151543 -4.172806740 0.000000000 0.000000000 -12.000000000 0.000000000 0.000000000
1776613958.793317318 0.523611426 0.006428241 0.200622201 0.138810828 0.989740849 0.027036628 -0.020337135 1.602875471 -1.404348612 -4.175431252 0.000000000 0.000000000 -12.000000000 0.000000000 0.000000000
1776613958.799656153 0.523910761 0.006627833 0.200610071 0.138512030 0.989804268 0.026341936 -0.020200845 1.591912150 -1.407202363 -4.180583000 0.000000000 0.000000000 -12.000000000 0.000000000 0.000000000
1776613958.804628611 0.524230063 0.006815932 0.200584590 0.138228565 0.989865363 0.025636200 -0.020055031 1.580664158 -1.404661655 -4.188588142 0.000000000 0.000000000 -12.000000000 0.000000000 0.000000000
1776613958.809543610 0.524577141 0.006981278 0.200564504 0.137965903 0.989924014 0.024907826 -0.019885832 1.569432616 -1.396743536 -4.199769497 0.000000000 0.000000000 -12.000000000 0.000000000 0.000000000
1776613958.814647198 0.524905860 0.007127255 0.200551987 0.137732849 0.989977658 0.024168199 -0.019744650 1.558541894 -1.383531094 -4.214439869 0.000000000 0.000000000 -12.000000000 0.000000000 0.000000000
1776613958.818367004 0.525252342 0.007259565 0.200540990 0.137517437 0.990028381 0.023426475 -0.019595398 1.548332810 -1.365168452 -4.232896805 0.000000000 0.000000000 -12.000000000 0.000000000 0.000000000
1776613958.824563265 0.525665104 0.007385303 0.200547278 0.137322068 0.990076602 0.022699874 -0.019383514 1.539153576 -1.341854692 -4.255419731 0.000000000 0.000000000 -12.000000000 0.000000000 0.000000000
1776613958.829620838 0.526072741 0.007504070 0.200561315 0.137126714 0.990124047 0.021971013 -0.019182021 1.531352043 -1.313838243 -4.282260895 0.000000000 0.000000000 -12.000000000 0.000000000 0.000000000
1776613958.834292412 0.526445985 0.007624325 0.200561523 0.136930123 0.990170062 0.021239426 -0.019034818 1.525268674 -1.281410813 -4.313642025 0.000000000 0.000000000 -12.000000000 0.000000000 0.000000000
1776613958.839639425 0.526802003 0.007746099 0.200546652 0.136731118 0.990215063 0.020505935 -0.018927107 1.521228313 -1.244902372 -4.349750519 0.000000000 0.000000000 -12.000000000 0.000000000 0.000000000
1776613958.844606638 0.527160406 0.007878849 0.200538695 0.136525169 0.990259945 0.019784685 -0.018833207 1.519531846 -1.204674840 -4.390736580 0.000000000 0.000000000 -12.000000000 0.000000000 0.000000000
1776613958.849458694 0.527498662 0.008005138 0.200515658 0.136312619 0.990304649 0.019057244 -0.018772813 1.520449638 -1.161115766 -4.436713219 0.000000000 0.000000000 -12.000000000 0.000000000 0.000000000
1776613958.854723930 0.527815104 0.008128850 0.200494677 0.136094853 0.990348518 0.018335136 -0.018756224 1.524215817 -1.114633560 -4.487756252 0.000000000 0.000000000 -12.000000000 0.000000000 0.000000000
1776613958.859678030 0.528403580 0.008380865 0.200463593 0.135671243 0.990430534 0.016920647 -0.018823005 1.531026125 -1.065650702 -4.543903351 0.000000000 0.000000000 -12.000000000 0.000000000 0.000000000
1776613958.864639044 0.528643310 0.008503873 0.200427324 0.135466710 0.990467966 0.016218744 -0.018944591 1.541034579 -1.014599204 -4.605159283 0.000000000 0.000000000 -12.000000000 0.000000000 0.000000000
1776613958.869750738 0.528863430 0.008639595 0.200385213 0.135270432 0.990502656 0.015529351 -0.019112343 1.554351091 -0.961915135 -4.671491623 0.000000000 0.000000000 -12.000000000 0.000000000 0.000000000
1776613958.874723196 0.529009163 0.008780465 0.200328350 0.135087103 0.990532756 0.014842938 -0.019390406 1.571038961 -0.908034623 -4.742835045 0.000000000 0.000000000 -12.000000000 0.000000000 0.000000000
1776613958.878493309 0.529009163 0.008780465 0.200328350 0.135087103 0.990532756 0.014842938 -0.019390406 1.591113210 -0.853391051 -4.819091797 0.000000000 0.000000000 -12.000000000 0.000000000 0.000000000
1776613958.883703232 0.529140711 0.008919931 0.200271010 0.134904921 0.990561306 0.014161747 -0.019706620 1.614539862 -0.798412383 -4.900134087 0.000000000 0.000000000 -12.000000000 0.000000000 0.000000000
1776613958.888277292 0.529248416 0.009073913 0.200223029 0.134736881 0.990586042 0.013509323 -0.020069426 1.641238451 -0.743519366 -4.985807419 0.000000000 0.000000000 -12.000000000 0.000000000 0.000000000
1776613958.893123150 0.529327810 0.009237815 0.200185299 0.134582862 0.990606844 0.012880553 -0.020485627 1.671086311 -0.689124107 -5.075937271 0.000000000 0.000000000 -12.000000000 0.000000000 0.000000000
1776613958.898200989 0.529422581 0.009385609 0.200172335 0.134433642 0.990626395 0.012260039 -0.020895893 1.703925252 -0.635628402 -5.170333385 0.000000000 0.000000000 -12.000000000 0.000000000 0.000000000
1776613958.903181791 0.529517770 0.009528503 0.200168669 0.134289071 0.990644217 0.011652146 -0.021324430 1.739567876 -0.583422959 -5.268795967 0.000000000 0.000000000 -12.000000000 0.000000000 0.000000000
1776613958.908396482 0.529647529 0.009676451 0.200170308 0.134155467 0.990660191 0.011067807 -0.021730628 1.777804017 -0.532887578 -5.371121407 0.000000000 0.000000000 -12.000000000 0.000000000 0.000000000
1776613958.914560080 0.529802382 0.009811210 0.200166553 0.134017125 0.990676522 0.010489271 -0.022123592 1.818406582 -0.484392971 -5.477102280 0.000000000 0.000000000 -12.000000000 0.000000000 0.000000000
1776613958.918415070 0.529919744 0.009942655 0.200134426 0.133889914 0.990689337 0.009921016 -0.022576055 1.861136317 -0.438301146 -5.586533546 0.000000000 0.000000000 -12.000000000 0.000000000 0.000000000
1776613958.923985004 0.530057669 0.010063955 0.200102568 0.133759767 0.990702212 0.009364668 -0.023016769 1.905746579 -0.394964844 -5.699212551 0.000000000 0.000000000 -12.000000000 0.000000000 0.000000000
1776613958.929707050 0.530236006 0.010178894 0.200091362 0.133633003 0.990714788 0.008818761 -0.023422334 1.951990366 -0.354725063 -5.814939976 0.000000000 0.000000000 -12.000000000 0.000000000 0.000000000
1776613958.933371305 0.530407786 0.010302387 0.200082451 0.133495077 0.990727782 0.008298442 -0.023846364 1.999626160 -0.317907572 -5.933524132 0.000000000 0.000000000 -12.000000000 0.000000000 0.000000000
1776613958.938277721 0.530618072 0.010442346 0.200075895 0.133368954 0.990739286 0.007815049 -0.024234962 2.048424721 -0.284820348 -6.054778576 0.000000000 0.000000000 -12.000000000 0.000000000 0.000000000
1776613958.943151712 0.530829310 0.010579514 0.200066298 0.133241907 0.990749896 0.007355791 -0.024640428 2.098175526 -0.255751699 -6.178524971 0.000000000 0.000000000 -12.000000000 0.000000000 0.000000000
1776613958.948331118 0.531055391 0.010726914 0.200056404 0.133133218 0.990757644 0.006919388 -0.025039963 2.148689747 -0.230968431 -6.304592133 0.000000000 0.000000000 -12.000000000 0.000000000 0.000000000
1776613958.954561949 0.531301916 0.010876447 0.200044215 0.133017555 0.990765929 0.006513236 -0.025431331 2.199802876 -0.210713476 -6.432814121 0.000000000 0.000000000 -12.000000000 0.000000000 0.000000000
1776613958.959614992 0.531610310 0.011022070 0.200054467 0.132919505 0.990773022 0.006132992 -0.025760178 2.251376867 -0.195202708 -6.563031197 0.000000000 0.000000000 -12.000000000 0.000000000 0.000000000
1776613958.964545965 0.531905353 0.011169561 0.200059474 0.132826820 0.990778267 0.005768613 -0.026117980 2.303297758 -0.184621438 -6.695087433 0.000000000 0.000000000 -12.000000000 0.000000000 0.000000000
1776613958.969018936 0.532211781 0.011315843 0.200065255 0.132739708 0.990782440 0.005434968 -0.026472175 2.355474949 -0.179120481 -6.828829765 0.000000000 0.000000000 -12.000000000 0.000000000 0.000000000
1776613958.974260569 0.532523572 0.011478512 0.200071961 0.132658109 0.990785480 0.005127735 -0.026826724 2.407836199 -0.178812861 -6.964107037 0.000000000 0.000000000 -12.000000000 0.000000000 0.000000000
1776613958.978156328 0.532841325 0.011643377 0.200091362 0.132568762 0.990789235 0.004838738 -0.027181195 2.460323811 -0.183772117 -7.100765705 0.000000000 0.000000000 -12.000000000 0.000000000 0.000000000
1776613958.983281612 0.533133030 0.011797489 0.200108230 0.132480100 0.990791559 0.004560271 -0.027573839 2.512892485 -0.194032058 -7.238650322 0.000000000 0.000000000 -12.000000000 0.000000000 0.000000000
1776613958.988376379 0.533415437 0.011961088 0.200104028 0.132396147 0.990792394 0.004298466 -0.027986212 2.565505981 -0.209586874 -7.377601147 0.000000000 0.000000000 -12.000000000 0.000000000 0.000000000
1776613958.994548559 0.533710897 0.012122745 0.200094968 0.132299125 0.990794718 0.004046861 -0.028397689 2.618134022 -0.230390936 -7.517454147 0.000000000 0.000000000 -12.000000000 0.000000000 0.000000000
1776613958.998358011 0.533991337 0.012260674 0.200078130 0.132210031 0.990795016 0.003794436 -0.028833009 2.670750618 -0.256358624 -7.658039093 0.000000000 0.000000000 -12.000000000 0.000000000 0.000000000
1776613959.004620552 0.534262657 0.012383632 0.200062096 0.132120460 0.990794659 0.003536986 -0.029285582 2.723329782 -0.287365258 -7.799178123 0.000000000 0.000000000 -12.000000000 0.000000000 0.000000000
1776613959.009718180 0.534563363 0.012515556 0.200063795 0.132022291 0.990795851 0.003298524 -0.029712074 2.775845766 -0.323249012 -7.940689087 0.000000000 0.000000000 -12.000000000 0.000000000 0.000000000
1776613959.014632702 0.534870803 0.012638750 0.200075865 0.131908506 0.990798891 0.003062400 -0.030138716 2.828270912 -0.363813490 -8.082386971 0.000000000 0.000000000 -12.000000000 0.000000000 0.000000000
1776613959.019715548 0.535188496 0.012754638 0.200090557 0.131788194 0.990802824 0.002838997 -0.030553561 2.880577564 -0.408831716 -8.224090576 0.000000000 0.000000000 -12.000000000 0.000000000 0.000000000
1776613959.027300835 0.535479486 0.012871331 0.200090438 0.131672606 0.990804791 0.002623848 -0.031005463 2.932740688 -0.458051533 -8.365618706 0.000000000 0.000000000 -12.000000000 0.000000000 0.000000000
1776613959.029505968 0.536110640 0.013157325 0.200068325 0.131440535 0.990809143 0.002269560 -0.031866409 2.984742403 -0.511201739 -8.506793022 0.000000000 0.000000000 -12.000000000 0.000000000 0.000000000
1776613959.034471035 0.536110640 0.013157325 0.200068325 0.131440535 0.990809143 0.002269560 -0.031866409 3.036578655 -0.568000019 -8.647440910 0.000000000 0.000000000 -12.000000000 0.000000000 0.000000000
1776613959.038339138 0.536525071 0.013303877 0.200056404 0.131338149 0.990812778 0.002140625 -0.032182980 3.088264227 -0.628159583 -8.787394524 0.000000000 0.000000000 -12.000000000 0.000000000 0.000000000
1776613959.044510841 0.537036300 0.013469169 0.200055838 0.131254598 0.990817606 0.002065354 -0.032378908 3.139833927 -0.691392720 -8.926485062 0.000000000 0.000000000 -12.000000000 0.000000000 0.000000000
1776613959.048139334 0.537602961 0.013663825 0.200069368 0.131180748 0.990823209 0.002044492 -0.032508235 3.191340923 -0.757413149 -9.064548492 0.000000000 0.000000000 -12.000000000 0.000000000 0.000000000
1776613959.054271936 0.538358629 0.013867467 0.200122625 0.131110013 0.990835786 0.002073142 -0.032408170 3.242860794 -0.825940013 -9.201420784 0.000000000 0.000000000 -12.000000000 0.000000000 0.000000000
1776613959.058153391 0.539208591 0.014072714 0.200169802 0.131047323 0.990851164 0.002128395 -0.032187793 3.294496536 -0.896701634 -9.336941719 0.000000000 0.000000000 -12.000000000 0.000000000 0.000000000
1776613959.066398144 0.540140033 0.014273913 0.200189859 0.130990744 0.990869224 0.002199352 -0.031855393 3.346382380 -0.969437122 -9.470952988 0.000000000 0.000000000 -12.000000000 0.000000000 0.000000000
1776613959.068238735 0.542190075 0.014658740 0.200181037 0.130906627 0.990909219 0.002372333 -0.030931890 3.398689985 -1.043896079 -9.603294373 0.000000000 0.000000000 -12.000000000 0.000000000 0.000000000
1776613959.073166847 0.542190075 0.014658740 0.200181037 0.130906627 0.990909219 0.002372333 -0.030931890 3.451631308 -1.119836450 -9.733810425 0.000000000 0.000000000 -12.000000000 0.000000000 0.000000000
1776613959.078198910 0.543339372 0.014853459 0.200170428 0.130855083 0.990935087 0.002485657 -0.030305153 3.505457163 -1.197021723 -9.862350464 0.000000000 0.000000000 -12.000000000 0.000000000 0.000000000
1776613959.083181858 0.544591129 0.015056044 0.200177103 0.130785048 0.990966797 0.002623001 -0.029549686 3.560443401 -1.275217772 -9.988766670 0.000000000 0.000000000 -12.000000000 0.000000000 0.000000000
1776613959.089534760 0.545917809 0.015251700 0.200197846 0.130709648 0.991001487 0.002770850 -0.028694423 3.616877556 -1.354191184 -10.112914085 0.000000000 0.000000000 -12.000000000 0.000000000 0.000000000
1776613959.093292713 0.547323823 0.015443778 0.200234890 0.130638719 0.991037548 0.002938080 -0.027740311 3.675045967 -1.433707476 -10.234650612 0.000000000 0.000000000 -12.000000000 0.000000000 0.000000000
1776613959.099436045 0.548790812 0.015637157 0.200271368 0.130565315 0.991075039 0.003117320 -0.026705954 3.735224247 -1.513529539 -10.353837013 0.000000000 0.000000000 -12.000000000 0.000000000 0.000000000
1776613959.104681730 0.550285280 0.015830604 0.200297356 0.130493283 0.991112173 0.003307399 -0.025635501 3.797663450 -1.593414664 -10.470336914 0.000000000 0.000000000 -12.000000000 0.000000000 0.000000000
1776613959.108161449 0.551772654 0.016018100 0.200303167 0.130424872 0.991147697 0.003493756 -0.024565009 3.862580776 -1.673112035 -10.584015846 0.000000000 0.000000000 -12.000000000 0.000000000 0.000000000
1776613959.113757610 0.553264558 0.016201137 0.200313687 0.130361542 0.991181493 0.003681839 -0.023484543 3.930146933 -1.752362251 -10.694741249 0.000000000 0.000000000 -12.000000000 0.000000000 0.000000000
1776613959.118135691 0.554748297 0.016375724 0.200320601 0.130298987 0.991214037 0.003866176 -0.022404632 4.000479698 -1.830896616 -10.802385330 0.000000000 0.000000000 -12.000000000 0.000000000 0.000000000
1776613959.123210669 0.556099951 0.016537715 0.200294077 0.130224869 0.991243482 0.004019342 -0.021485580 4.073631287 -1.908437014 -10.906827927 0.000000000 0.000000000 -12.000000000 0.000000000 0.000000000
1776613959.128209591 0.557272196 0.016690107 0.200233400 0.130143315 0.991268575 0.004136757 -0.020790733 4.149574280 -1.984694839 -11.007961273 0.000000000 0.000000000 -12.000000000 0.000000000 0.000000000
1776613959.133190393 0.558362663 0.016828045 0.200190634 0.130050331 0.991292477 0.004227367 -0.020205630 4.228182793 -2.059367657 -11.105694771 0.000000000 0.000000000 -12.000000000 0.000000000 0.000000000
1776613959.138465405 0.559441805 0.016971026 0.200200111 0.129947588 0.991316974 0.004317821 -0.019637680 4.309218884 -2.132137537 -11.199966431 0.000000000 0.000000000 -12.000000000 0.000000000 0.000000000
1776613959.143313408 0.560412407 0.017105788 0.200224280 0.129841402 0.991339028 0.004379358 -0.019208811 4.392333031 -2.202672482 -11.290740013 0.000000000 0.000000000 -12.000000000 0.000000000 0.000000000
1776613959.148150921 0.561242223 0.017235100 0.200243175 0.129732534 0.991358221 0.004410204 -0.018944001 4.477071285 -2.270630121 -11.378019333 0.000000000 0.000000000 -12.000000000 0.000000000 0.000000000
1776613959.153104544 0.561937809 0.017389748 0.200229883 0.129632950 0.991373003 0.004450667 -0.018842572 4.562901497 -2.335668087 -11.461842537 0.000000000 0.000000000 -12.000000000 0.000000000 0.000000000
1776613959.159192324 0.562579632 0.017538534 0.200204343 0.129548848 0.991384506 0.004489370 -0.018806357 4.649232864 -2.397453547 -11.542289734 0.000000000 0.000000000 -12.000000000 0.000000000 0.000000000
1776613959.163341284 0.563246906 0.017684523 0.200180799 0.129485473 0.991393685 0.004541825 -0.018745461 4.735444546 -2.455676794 -11.619482040 0.000000000 0.000000000 -12.000000000 0.000000000 0.000000000
1776613959.170060396 0.563940525 0.017840309 0.200148225 0.129441634 0.991400778 0.004619404 -0.018654320 4.820909023 -2.510062218 -11.693580627 0.000000000 0.000000000 -12.000000000 0.000000000 0.000000000
1776613959.173119068 0.565368593 0.018210500 0.200094879 0.129452109 0.991402268 0.004890597 -0.018433649 4.905016422 -2.560379982 -11.764790535 0.000000000 0.000000000 -12.000000000 0.000000000 0.000000000
1776613959.178493738 0.565368593 0.018210500 0.200094879 0.129452109 0.991402268 0.004890597 -0.018433649 4.987195969 -2.606452942 -11.833355904 0.000000000 0.000000000 -12.000000000 0.000000000 0.000000000
1776613959.183169603 0.566203892 0.018414572 0.200119942 0.129519880 0.991397142 0.005095441 -0.018175585 5.066931725 -2.648162365 -11.899561882 0.000000000 0.000000000 -12.000000000 0.000000000 0.000000000
1776613959.189460278 0.567124963 0.018648434 0.200177044 0.129627645 0.991388202 0.005362830 -0.017813612 5.143776417 -2.685451269 -11.963726997 0.000000000 0.000000000 -12.000000000 0.000000000 0.000000000
1776613959.193189621 0.568078935 0.018901683 0.200244188 0.129765689 0.991375625 0.005670781 -0.017408710 5.217357159 -2.718325615 -12.026199341 0.000000000 0.000000000 -12.000000000 0.000000000 0.000000000
1776613959.199578762 0.569035232 0.019175474 0.200280547 0.129918054 0.991360724 0.006013590 -0.017002441 5.287383556 -2.746853352 -12.087346077 0.000000000 0.000000000 -12.000000000 0.000000000 0.000000000
1776613959.203177452 0.569995522 0.019460484 0.200309157 0.130061567 0.991346538 0.006385466 -0.016590571 5.353642464 -2.771159649 -12.147537231 0.000000000 0.000000000 -12.000000000 0.000000000 0.000000000
1776613959.209489107 0.571011901 0.019760083 0.200344652 0.130193651 0.991334379 0.006797578 -0.016111365 5.415997505 -2.791420698 -12.207139015 0.000000000 0.000000000 -12.000000000 0.000000000 0.000000000
1776613959.214509249 0.572067976 0.020070352 0.200380594 0.130319253 0.991323054 0.007246483 -0.015586472 5.474378109 -2.807857752 -12.266494751 0.000000000 0.000000000 -12.000000000 0.000000000 0.000000000
1776613959.218144655 0.573147476 0.020385584 0.200430721 0.130450532 0.991310775 0.007726951 -0.015028787 5.528770924 -2.820727110 -12.325918198 0.000000000 0.000000000 -12.000000000 0.000000000 0.000000000
1776613959.223109007 0.574297130 0.020692104 0.200488925 0.130597934 0.991296947 0.008220636 -0.014387621 5.579211235 -2.830312252 -12.385680199 0.000000000 0.000000000 -12.000000000 0.000000000 0.000000000
1776613959.228118896 0.575528979 0.021007966 0.200558603 0.130746305 0.991283476 0.008737185 -0.013643859 5.625773907 -2.836913586 -12.446000099 0.000000000 0.000000000 -12.000000000 0.000000000 0.000000000
1776613959.233288765 0.576815307 0.021322243 0.200627834 0.130898044 0.991269469 0.009263711 -0.012836207 5.668565750 -2.840839386 -12.507038116 0.000000000 0.000000000 -12.000000000 0.000000000 0.000000000
1776613959.238147020 0.578093171 0.021626366 0.200672418 0.131048694 0.991254628 0.009778502 -0.012034523 5.707718849 -2.842397928 -12.568889618 0.000000000 0.000000000 -12.000000000 0.000000000 0.000000000
1776613959.243416309 0.579343736 0.021924241 0.200662255 0.131197512 0.991238952 0.010281762 -0.011264115 5.743383884 -2.841889858 -12.631586075 0.000000000 0.000000000 -12.000000000 0.000000000 0.000000000
1776613959.248179197 0.580619872 0.022214863 0.200641602 0.131347463 0.991222560 0.010782943 -0.010462669 5.775722027 -2.839601755 -12.695090294 0.000000000 0.000000000 -12.000000000 0.000000000 0.000000000
1776613959.253565073 0.581899941 0.022518020 0.200628370 0.131500378 0.991204679 0.011301082 -0.009655521 5.804895401 -2.835801840 -12.759309769 0.000000000 0.000000000 -12.000000000 0.000000000 0.000000000
1776613959.259497643 0.583099484 0.022840496 0.200601429 0.131663844 0.991183400 0.011832884 -0.008948832 5.831056118 -2.830735683 -12.824094772 0.000000000 0.000000000 -12.000000000 0.000000000 0.000000000
1776613959.264236450 0.584186792 0.023143882 0.200565636 0.131835833 0.991159379 0.012337861 -0.008375325 5.854330063 -2.824625492 -12.889253616 0.000000000 0.000000000 -12.000000000 0.000000000 0.000000000
1776613959.268177509 0.585132062 0.023428623 0.200525224 0.132009432 0.991133630 0.012805857 -0.007976798 5.874798775 -2.817663908 -12.954559326 0.000000000 0.000000000 -12.000000000 0.000000000 0.000000000
1776613959.273353338 0.585965931 0.023693360 0.200499922 0.132177725 0.991107643 0.013233040 -0.007718497 5.892482281 -2.810007572 -13.019760132 0.000000000 0.000000000 -12.000000000 0.000000000 0.000000000
1776613959.278127909 0.586682141 0.023917392 0.200483888 0.132347316 0.991080880 0.013603721 -0.007604688 5.907327175 -2.801771641 -13.084599495 0.000000000 0.000000000 -12.000000000 0.000000000 0.000000000
1776613959.284614325 0.587213516 0.024060003 0.200471491 0.132533133 0.991051435 0.013879248 -0.007707271 5.919202805 -2.793024540 -13.148824692 0.000000000 0.000000000 -12.000000000 0.000000000 0.000000000
1776613959.288158894 0.587511897 0.024103109 0.200428396 0.132723868 0.991020918 0.014025110 -0.008076811 5.927908897 -2.783786058 -13.212203979 0.000000000 0.000000000 -12.000000000 0.000000000 0.000000000
1776613959.294647455 0.587618351 0.024072923 0.200368047 0.132915661 0.990989506 0.014068942 -0.008674958 5.933184147 -2.774023533 -13.274538040 0.000000000 0.000000000 -12.000000000 0.000000000 0.000000000
1776613959.298172474 0.587641060 0.023966383 0.200323075 0.133102760 0.990958750 0.014020489 -0.009370984 5.934723377 -2.763653994 -13.335670471 0.000000000 0.000000000 -12.000000000 0.000000000 0.000000000
1776613959.304473162 0.587580621 0.023777312 0.200282693 0.133292064 0.990927398 0.013879693 -0.010171420 5.932194233 -2.752545595 -13.395496368 0.000000000 0.000000000 -12.000000000 0.000000000 0.000000000
1776613959.308180571 0.587474704 0.023539230 0.200234026 0.133488685 0.990894377 0.013688603 -0.011032660 5.925252914 -2.740521908 -13.453968048 0.000000000 0.000000000 -12.000000000 0.000000000 0.000000000
1776613959.313521385 0.587418139 0.023279894 0.200176358 0.133689031 0.990860879 0.013486978 -0.011836501 5.913560390 -2.727361441 -13.511091232 0.000000000 0.000000000 -12.000000000 0.000000000 0.000000000
1776613959.318187237 0.587483585 0.023019392 0.200140446 0.133893147 0.990827560 0.013304914 -0.012501934 5.896800995 -2.712800741 -13.566927910 0.000000000 0.000000000 -12.000000000 0.000000000 0.000000000
1776613959.323313713 0.587651968 0.022755507 0.200137883 0.134109557 0.990793467 0.013145202 -0.013045659 5.874701500 -2.696536779 -13.621593475 0.000000000 0.000000000 -12.000000000 0.000000000 0.000000000
1776613959.328124762 0.587904572 0.022499625 0.200161070 0.134348005 0.990756750 0.013022946 -0.013491688 5.847052097 -2.678231001 -13.675249100 0.000000000 0.000000000 -12.000000000 0.000000000 0.000000000
1776613959.333462000 0.588138700 0.022271842 0.200188398 0.134614557 0.990715086 0.012946482 -0.013961175 5.813718319 -2.657512665 -13.728095055 0.000000000 0.000000000 -12.000000000 0.000000000 0.000000000
1776613959.338341713 0.588356674 0.022070492 0.200200021 0.134904027 0.990669072 0.012910688 -0.014458651 5.774645329 -2.633985281 -13.780358315 0.000000000 0.000000000 -12.000000000 0.000000000 0.000000000
1776613959.343264580 0.588598728 0.021863187 0.200213015 0.135227710 0.990618110 0.012899094 -0.014929015 5.729860783 -2.607237101 -13.832281113 0.000000000 0.000000000 -12.000000000 0.000000000 0.000000000
1776613959.349422693 0.588902295 0.021634832 0.200237989 0.135582790 0.990563512 0.012901533 -0.015323811 5.679475784 -2.576852083 -13.884110451 0.000000000 0.000000000 -12.000000000 0.000000000 0.000000000
1776613959.353188515 0.589186788 0.021406364 0.200256854 0.135956049 0.990505815 0.012915107 -0.015729800 5.623686790 -2.542423487 -13.936085701 0.000000000 0.000000000 -12.000000000 0.000000000 0.000000000
1776613959.359481096 0.589422166 0.021211311 0.200255960 0.136340991 0.990444779 0.012962665 -0.016192695 5.562777042 -2.503565788 -13.988428116 0.000000000 0.000000000 -12.000000000 0.000000000 0.000000000
1776613959.363209009 0.589695513 0.021060506 0.200270206 0.136736244 0.990382016 0.013068326 -0.016608203 5.497110367 -2.459927797 -14.041334152 0.000000000 0.000000000 -12.000000000 0.000000000 0.000000000
1776613959.368122101 0.590087473 0.020933546 0.200318128 0.137148872 0.990318120 0.013230490 -0.016885228 5.427126884 -2.411202669 -14.094968796 0.000000000 0.000000000 -12.000000000 0.000000000 0.000000000
1776613959.373132706 0.590512395 0.020812564 0.200367808 0.137586489 0.990250647 0.013423565 -0.017128680 5.353339195 -2.357137918 -14.149465561 0.000000000 0.000000000 -12.000000000 0.000000000 0.000000000
1776613959.379435539 0.590947449 0.020704053 0.200399220 0.138049901 0.990179002 0.013652249 -0.017361555 5.276322842 -2.297545671 -14.204918861 0.000000000 0.000000000 -12.000000000 0.000000000 0.000000000
1776613959.383170366 0.591343701 0.020614155 0.200374931 0.138535097 0.990102589 0.013910957 -0.017646475 5.196711540 -2.232306719 -14.261390686 0.000000000 0.000000000 -12.000000000 0.000000000 0.000000000
1776613959.389349461 0.591772854 0.020513594 0.200341582 0.139050156 0.990021944 0.014188698 -0.017896283 5.115183830 -2.161374331 -14.318905830 0.000000000 0.000000000 -12.000000000 0.000000000 0.000000000
1776613959.393321991 0.592242539 0.020373557 0.200304925 0.139607102 0.989935756 0.014470134 -0.018103218 5.032455921 -2.084773779 -14.377456665 0.000000000 0.000000000 -12.000000000 0.000000000 0.000000000
1776613959.398160458 0.592723131 0.020162432 0.200272650 0.140215620 0.989842474 0.014735451 -0.018285679 4.949272156 -2.002601147 -14.437008858 0.000000000 0.000000000 -12.000000000 0.000000000 0.000000000
1776613959.403603792 0.593232393 0.019919720 0.200249195 0.140861869 0.989743769 0.015017202 -0.018430365 4.866392612 -1.915019751 -14.497504234 0.000000000 0.000000000 -12.000000000 0.000000000 0.000000000
1776613959.409491777 0.593765318 0.019685756 0.200236708 0.141518503 0.989643276 0.015331311 -0.018538963 4.784586430 -1.822255135 -14.558866501 0.000000000 0.000000000 -12.000000000 0.000000000 0.000000000
1776613959.413406610 0.594325423 0.019474935 0.200237721 0.142183289 0.989540935 0.015685497 -0.018617066 4.704622269 -1.724591255 -14.621006012 0.000000000 0.000000000 -12.000000000 0.000000000 0.000000000
1776613959.419566631 0.594897687 0.019262284 0.200240284 0.142865956 0.989435554 0.016062783 -0.018671848 4.627260208 -1.622366667 -14.683827400 0.000000000 0.000000000 -12.000000000 0.000000000 0.000000000
1776613959.423280239 0.595448852 0.019073289 0.200234503 0.143559292 0.989326775 0.016478898 -0.018754866 4.553242207 -1.515971899 -14.747237206 0.000000000 0.000000000 -12.000000000 0.000000000 0.000000000
1776613959.429582596 0.595934212 0.018895779 0.200219870 0.144272134 0.989212632 0.016929403 -0.018904317 4.483281136 -1.405846715 -14.811146736 0.000000000 0.000000000 -12.000000000 0.000000000 0.000000000
1776613959.433343887 0.596407950 0.018712286 0.200209290 0.145014584 0.989092708 0.017408499 -0.019061280 4.418052673 -1.292472839 -14.875472069 0.000000000 0.000000000 -12.000000000 0.000000000 0.000000000
1776613959.439723492 0.596850216 0.018494371 0.200213313 0.145772457 0.988969505 0.017872987 -0.019241337 4.358183384 -1.176366448 -14.940135956 0.000000000 0.000000000 -12.000000000 0.000000000 0.000000000
1776613959.443761349 0.597257912 0.018258408 0.200226009 0.146526828 0.988845646 0.018321682 -0.019454315 4.304243565 -1.058068275 -15.005066872 0.000000000 0.000000000 -12.000000000 0.000000000 0.000000000
1776613959.449542761 0.597647905 0.018025620 0.200245947 0.147274688 0.988721490 0.018775236 -0.019684473 4.256736279 -0.938134670 -15.070198059 0.000000000 0.000000000 -12.000000000 0.000000000 0.000000000
1776613959.453737736 0.598038733 0.017741572 0.200262755 0.148006395 0.988599777 0.019196544 -0.019902740 4.216091633 -0.817128658 -15.135465622 0.000000000 0.000000000 -12.000000000 0.000000000 0.000000000
1776613959.459987402 0.598447800 0.017411727 0.200283200 0.148672298 0.988488376 0.019589016 -0.020089868 4.182664871 -0.695611477 -15.200806618 0.000000000 0.000000000 -12.000000000 0.000000000 0.000000000
1776613959.463203430 0.599249482 0.016654875 0.200316191 0.149623811 0.988324583 0.020223470 -0.020451507 4.156735897 -0.574133635 -15.266157150 0.000000000 0.000000000 -12.000000000 0.000000000 0.000000000
1776613959.468651533 0.599249482 0.016654875 0.200316191 0.149623811 0.988324583 0.020223470 -0.020451507 4.138514042 -0.453224182 -15.331455231 0.000000000 0.000000000 -12.000000000 0.000000000 0.000000000
1776613959.473205805 0.599683523 0.016249387 0.200341761 0.149865896 0.988280237 0.020476401 -0.020568116 4.128138542 -0.333379835 -15.396636963 0.000000000 0.000000000 -12.000000000 0.000000000 0.000000000
1776613959.479538441 0.600129426 0.015812987 0.200360954 0.149986997 0.988256156 0.020674339 -0.020646742 4.125682354 -0.215054542 -15.461634636 0.000000000 0.000000000 -12.000000000 0.000000000 0.000000000
1776613959.483148575 0.600944400 0.014808628 0.200352699 0.149978116 0.988248587 0.020900121 -0.020845033 4.131154537 -0.098651446 -15.526379585 0.000000000 0.000000000 -12.000000000 0.000000000 0.000000000
1776613959.489532232 0.600944400 0.014808628 0.200352699 0.149978116 0.988248587 0.020900121 -0.020845033 4.144502163 0.015482997 -15.590798378 0.000000000 0.000000000 -12.000000000 0.000000000 0.000000000
1776613959.500053167 0.601372659 0.014266090 0.200350165 0.149929926 0.988253057 0.020971162 -0.020906426 4.165609360 0.127062514 -15.654814720 0.000000000 0.000000000 -12.000000000 0.000000000 0.000000000
1776613959.502061605 0.602275491 0.013032538 0.200323313 0.149902329 0.988255978 0.021012260 -0.020926079 4.194301128 0.235863790 -15.718344688 0.000000000 0.000000000 -12.000000000 0.000000000 0.000000000
1776613959.503436089 0.602786899 0.012385048 0.200338423 0.149923727 0.988254845 0.021006471 -0.020830736 4.230350494 0.341729134 -15.781303406 0.000000000 0.000000000 -12.000000000 0.000000000 0.000000000
1776613959.509528399 0.602786899 0.012385048 0.200338423 0.149923727 0.988254845 0.021006471 -0.020830736 4.273491859 0.444565654 -15.843595505 0.000000000 0.000000000 -12.000000000 0.000000000 0.000000000
1776613959.513213634 0.603323936 0.011740461 0.200366944 0.149968892 0.988251388 0.020993290 -0.020684855 4.323423862 0.544337749 -15.905123711 0.000000000 0.000000000 -12.000000000 0.000000000 0.000000000
1776613959.518422127 0.603892624 0.011062919 0.200388312 0.150076568 0.988239706 0.020964513 -0.020489650 4.379817009 0.641056895 -15.965785027 0.000000000 0.000000000 -12.000000000 0.000000000 0.000000000
1776613959.523133278 0.604523838 0.010356938 0.200415403 0.150225326 0.988223851 0.020919282 -0.020207815 4.442311764 0.734773695 -16.025474548 0.000000000 0.000000000 -12.000000000 0.000000000 0.000000000
1776613959.528181791 0.605149269 0.009623779 0.200422496 0.150430217 0.988200128 0.020839384 -0.019923845 4.510524750 0.825572252 -16.084085464 0.000000000 0.000000000 -12.000000000 0.000000000 0.000000000
1776613959.533180714 0.605768144 0.008848002 0.200426698 0.150674745 0.988170803 0.020737033 -0.019635782 4.584045887 0.913565993 -16.141504288 0.000000000 0.000000000 -12.000000000 0.000000000 0.000000000
1776613959.538205862 0.606368780 0.008061850 0.200419992 0.150954783 0.988135874 0.020621236 -0.019361636 4.662438393 0.998892963 -16.197614670 0.000000000 0.000000000 -12.000000000 0.000000000 0.000000000
1776613959.543547630 0.606969595 0.007275547 0.200422049 0.151282400 0.988093555 0.020509860 -0.019082880 4.745236397 1.081709743 -16.252300262 0.000000000 0.000000000 -12.000000000 0.000000000 0.000000000
1776613959.549599648 0.607536077 0.006467481 0.200420707 0.151640728 0.988045394 0.020400969 -0.018845577 4.831939220 1.162184834 -16.305431366 0.000000000 0.000000000 -12.000000000 0.000000000 0.000000000
1776613959.553231001 0.608034849 0.005661150 0.200395584 0.151993379 0.987996519 0.020284852 -0.018693855 4.922008991 1.240492463 -16.356884003 0.000000000 0.000000000 -12.000000000 0.000000000 0.000000000
1776613959.558495283 0.608460903 0.004850711 0.200352818 0.152372524 0.987941861 0.020155430 -0.018634094 5.014865398 1.316808105 -16.406528473 0.000000000 0.000000000 -12.000000000 0.000000000 0.000000000
1776613959.563481569 0.608839571 0.004078306 0.200318128 0.152760744 0.987883806 0.020056397 -0.018640492 5.109880924 1.391306281 -16.454244614 0.000000000 0.000000000 -12.000000000 0.000000000 0.000000000
1776613959.568228722 0.609166384 0.003356748 0.200299889 0.153095320 0.987832189 0.019982856 -0.018709153 5.206383705 1.464157939 -16.499908447 0.000000000 0.000000000 -12.000000000 0.000000000 0.000000000
1776613959.573167801 0.609405398 0.002770653 0.200304091 0.153401151 0.987779677 0.020049337 -0.018904438 5.303657532 1.535526037 -16.543413162 0.000000000 0.000000000 -12.000000000 0.000000000 0.000000000
1776613959.579651117 0.609614491 0.002284779 0.200333744 0.153710380 0.987723053 0.020236384 -0.019150499 5.400948524 1.605557799 -16.584663391 0.000000000 0.000000000 -12.000000000 0.000000000 0.000000000
1776613959.583136082 0.609997571 0.001451479 0.200413793 0.154415295 0.987588346 0.020885363 -0.019723583 5.497470379 1.674373627 -16.623582840 0.000000000 0.000000000 -12.000000000 0.000000000 0.000000000
1776613959.588140965 0.609997571 0.001451479 0.200413793 0.154415295 0.987588346 0.020885363 -0.019723583 5.592412472 1.742059350 -16.660112381 0.000000000 0.000000000 -12.000000000 0.000000000 0.000000000
1776613959.593193054 0.610099256 0.001165276 0.200433910 0.154774025 0.987513423 0.021364929 -0.020144710 5.684956551 1.808663964 -16.694215775 0.000000000 0.000000000 -12.000000000 0.000000000 0.000000000
1776613959.598263264 0.610195518 0.000970215 0.200442374 0.155125946 0.987436235 0.021954253 -0.020582037 5.774293900 1.874200225 -16.725870132 0.000000000 0.000000000 -12.000000000 0.000000000 0.000000000
1776613959.603184938 0.610309660 0.000796232 0.200472862 0.155460849 0.987360716 0.022582669 -0.020993561 5.859643936 1.938647985 -16.755069733 0.000000000 0.000000000 -12.000000000 0.000000000 0.000000000
1776613959.608250618 0.610423207 0.000594974 0.200495034 0.155802250 0.987283945 0.023203151 -0.021394668 5.940273762 2.001961470 -16.781824112 0.000000000 0.000000000 -12.000000000 0.000000000 0.000000000
1776613959.613201857 0.610539913 0.000387440 0.200532019 0.156122178 0.987210274 0.023818506 -0.021780815 6.015511990 2.064077377 -16.806152344 0.000000000 0.000000000 -12.000000000 0.000000000 0.000000000
1776613959.619638443 0.610671043 0.000205725 0.200552583 0.156411842 0.987141013 0.024441574 -0.022148134 6.084761143 2.124924660 -16.828083038 0.000000000 0.000000000 -12.000000000 0.000000000 0.000000000
1776613959.623903275 0.610793889 0.000022661 0.200555563 0.156664655 0.987077475 0.025038695 -0.022523331 6.147505283 2.184432745 -16.847652435 0.000000000 0.000000000 -12.000000000 0.000000000 0.000000000
1776613959.628730536 0.610927463 -0.000217589 0.200557709 0.156915426 0.987015486 0.025587151 -0.022874508 6.203313828 2.242537975 -16.864898682 0.000000000 0.000000000 -12.000000000 0.000000000 0.000000000
1776613959.634622574 0.611088336 -0.000516616 0.200552732 0.157155067 0.986957371 0.026081638 -0.023176938 6.251843929 2.299188137 -16.879850388 0.000000000 0.000000000 -12.000000000 0.000000000 0.000000000
1776613959.638445377 0.611264765 -0.000866299 0.200552344 0.157413200 0.986897469 0.026547393 -0.023445079 6.292843342 2.354347706 -16.892538071 0.000000000 0.000000000 -12.000000000 0.000000000 0.000000000
1776613959.643178701 0.611465216 -0.001237039 0.200555474 0.157663941 0.986839890 0.026993094 -0.023673663 6.326152325 2.408001900 -16.902980804 0.000000000 0.000000000 -12.000000000 0.000000000 0.000000000
1776613959.648186207 0.611696124 -0.001681108 0.200573087 0.157930955 0.986782134 0.027386190 -0.023849383 6.351702213 2.460159302 -16.911190033 0.000000000 0.000000000 -12.000000000 0.000000000 0.000000000
1776613959.653147221 0.611969292 -0.002196766 0.200588167 0.158190057 0.986728966 0.027714571 -0.023953319 6.369516850 2.510854959 -16.917171478 0.000000000 0.000000000 -12.000000000 0.000000000 0.000000000
1776613959.658237219 0.612239242 -0.002771577 0.200585634 0.158465132 0.986675084 0.027980799 -0.024044612 6.379705906 2.560151577 -16.920923233 0.000000000 0.000000000 -12.000000000 0.000000000 0.000000000
1776613959.663195133 0.612545311 -0.003364075 0.200583190 0.158697963 0.986630261 0.028210554 -0.024079790 6.382459641 2.608138323 -16.922443390 0.000000000 0.000000000 -12.000000000 0.000000000 0.000000000
1776613959.668691874 0.612867355 -0.003990168 0.200578809 0.158939466 0.986585915 0.028402604 -0.024078881 6.378045082 2.654930353 -16.921722412 0.000000000 0.000000000 -12.000000000 0.000000000 0.000000000
1776613959.674607277 0.613179982 -0.004638303 0.200566739 0.159159690 0.986546040 0.028561782 -0.024069814 6.366801262 2.700661898 -16.918754578 0.000000000 0.000000000 -12.000000000 0.000000000 0.000000000
1776613959.678197145 0.613461614 -0.005291559 0.200550348 0.159387678 0.986504555 0.028709607 -0.024085978 6.349126816 2.745482445 -16.913534164 0.000000000 0.000000000 -12.000000000 0.000000000 0.000000000
1776613959.683444262 0.613795280 -0.005963704 0.200565845 0.159623310 0.986463785 0.028849000 -0.024027240 6.325475216 2.789548635 -16.906061172 0.000000000 0.000000000 -12.000000000 0.000000000 0.000000000
1776613959.688217163 0.614172578 -0.006659251 0.200590491 0.159861431 0.986424506 0.028977951 -0.023900807 6.296340942 2.833019972 -16.896345139 0.000000000 0.000000000 -12.000000000 0.000000000 0.000000000
1776613959.693141222 0.614495456 -0.007379796 0.200591475 0.160114452 0.986382186 0.029078808 -0.023832358 6.262254238 2.876052856 -16.884399414 0.000000000 0.000000000 -12.000000000 0.000000000 0.000000000
1776613959.698938370 0.614793599 -0.008103803 0.200588375 0.160356462 0.986341357 0.029170236 -0.023782486 6.223767757 2.918798208 -16.870254517 0.000000000 0.000000000 -12.000000000 0.000000000 0.000000000
1776613959.704601049 0.615121186 -0.008841274 0.200585157 0.160605684 0.986300707 0.029249227 -0.023690242 6.181450844 2.961398125 -16.853950500 0.000000000 0.000000000 -12.000000000 0.000000000 0.000000000
1776613959.708929300 0.615443230 -0.009576831 0.200580031 0.160857424 0.986259401 0.029335560 -0.023595111 6.135877609 3.003982306 -16.835538864 0.000000000 0.000000000 -12.000000000 0.000000000 0.000000000
1776613959.713191748 0.615712464 -0.010330161 0.200566083 0.161116689 0.986215949 0.029405573 -0.023553912 6.087618351 3.046666622 -16.815088272 0.000000000 0.000000000 -12.000000000 0.000000000 0.000000000
1776613959.718151808 0.615904391 -0.011051109 0.200529456 0.161368817 0.986170888 0.029490268 -0.023608636 6.037226200 3.089548826 -16.792673111 0.000000000 0.000000000 -12.000000000 0.000000000 0.000000000
1776613959.723179102 0.616127253 -0.011741025 0.200518757 0.161605805 0.986128271 0.029602360 -0.023627639 5.985222340 3.132709742 -16.768381119 0.000000000 0.000000000 -12.000000000 0.000000000 0.000000000
1776613959.728163242 0.616370142 -0.012439903 0.200541735 0.161858797 0.986083686 0.029719574 -0.023609785 5.932086468 3.176212311 -16.742307663 0.000000000 0.000000000 -12.000000000 0.000000000 0.000000000
1776613959.733172655 0.616544664 -0.013134398 0.200549453 0.162103161 0.986038804 0.029828712 -0.023670161 5.878252506 3.220103979 -16.714557648 0.000000000 0.000000000 -12.000000000 0.000000000 0.000000000
1776613959.738247871 0.616666257 -0.013842713 0.200549722 0.162354305 0.985991597 0.029928613 -0.023788238 5.824106216 3.264418602 -16.685239792 0.000000000 0.000000000 -12.000000000 0.000000000 0.000000000
1776613959.743244410 0.616789877 -0.014566682 0.200562060 0.162590399 0.985947609 0.030016024 -0.023888847 5.769987583 3.309180260 -16.654474258 0.000000000 0.000000000 -12.000000000 0.000000000 0.000000000
1776613959.748233795 0.616922796 -0.015312210 0.200568765 0.162836790 0.985902548 0.030096821 -0.023968551 5.716189861 3.354407310 -16.622392654 0.000000000 0.000000000 -12.000000000 0.000000000 0.000000000
1776613959.753239155 0.617042363 -0.016025225 0.200560361 0.163075700 0.985857248 0.030207459 -0.024068296 5.662963390 3.400113821 -16.589126587 0.000000000 0.000000000 -12.000000000 0.000000000 0.000000000
1776613959.758246899 0.617172837 -0.016727606 0.200560957 0.163329020 0.985809207 0.030343261 -0.024147617 5.610517979 3.446307182 -16.554826736 0.000000000 0.000000000 -12.000000000 0.000000000 0.000000000
1776613959.763180017 0.617271602 -0.017396783 0.200554818 0.163594887 0.985756874 0.030523200 -0.024256999 5.559025288 3.492982388 -16.519643784 0.000000000 0.000000000 -12.000000000 0.000000000 0.000000000
1776613959.768166542 0.617374480 -0.018037904 0.200555682 0.163864747 0.985702574 0.030746391 -0.024360251 5.508621693 3.540117502 -16.483734131 0.000000000 0.000000000 -12.000000000 0.000000000 0.000000000
1776613959.773192406 0.617525220 -0.018685224 0.200566292 0.164164767 0.985644162 0.030988939 -0.024396732 5.459409237 3.587671518 -16.447257996 0.000000000 0.000000000 -12.000000000 0.000000000 0.000000000
1776613959.778692245 0.617711067 -0.019323636 0.200589001 0.164446354 0.985589325 0.031252619 -0.024378384 5.411463261 3.635586500 -16.410377502 0.000000000 0.000000000 -12.000000000 0.000000000 0.000000000
1776613959.783195496 0.617963672 -0.019999120 0.200629950 0.164734453 0.985536575 0.031495418 -0.024255015 5.364841938 3.683791399 -16.373245239 0.000000000 0.000000000 -12.000000000 0.000000000 0.000000000
1776613959.788143873 0.618281960 -0.020726802 0.200664610 0.164995283 0.985492110 0.031696036 -0.024025463 5.319595337 3.732206821 -16.336011887 0.000000000 0.000000000 -12.000000000 0.000000000 0.000000000
1776613959.793206692 0.618561208 -0.021502404 0.200654954 0.165244773 0.985450864 0.031829968 -0.023823438 5.275780201 3.780750275 -16.298807144 0.000000000 0.000000000 -12.000000000 0.000000000 0.000000000
1776613959.798187733 0.618874013 -0.022313496 0.200644970 0.165464550 0.985417426 0.031918149 -0.023562685 5.233463287 3.829339504 -16.261753082 0.000000000 0.000000000 -12.000000000 0.000000000 0.000000000
1776613959.803186417 0.619248331 -0.023160394 0.200641811 0.165666893 0.985390425 0.031964365 -0.023203727 5.192724705 3.877891779 -16.224946976 0.000000000 0.000000000 -12.000000000 0.000000000 0.000000000
1776613959.808197021 0.619664192 -0.024051461 0.200645000 0.165862471 0.985367477 0.031967755 -0.022772616 5.153653622 3.926322937 -16.188467026 0.000000000 0.000000000 -12.000000000 0.000000000 0.000000000
1776613959.813358068 0.620093763 -0.024971174 0.200657189 0.166068152 0.985344291 0.031946003 -0.022304209 5.116348743 3.974545717 -16.152370453 0.000000000 0.000000000 -12.000000000 0.000000000 0.000000000
1776613959.818403721 0.620536983 -0.025867356 0.200659782 0.166264862 0.985322654 0.031932324 -0.021807861 5.080915451 4.022466660 -16.116689682 0.000000000 0.000000000 -12.000000000 0.000000000 0.000000000
1776613959.823172331 0.620996356 -0.026755333 0.200658530 0.166466773 0.985300243 0.031928483 -0.021280682 5.047466755 4.069984436 -16.081432343 0.000000000 0.000000000 -12.000000000 0.000000000 0.000000000
1776613959.828143835 0.621465147 -0.027638493 0.200657845 0.166680157 0.985275626 0.031936117 -0.020729557 5.016113281 4.116986752 -16.046585083 0.000000000 0.000000000 -12.000000000 0.000000000 0.000000000
1776613959.833203316 0.621879816 -0.028512191 0.200640082 0.166926175 0.985243559 0.031957593 -0.020236954 4.986958504 4.163350105 -16.012113571 0.000000000 0.000000000 -12.000000000 0.000000000 0.000000000
1776613959.838218212 0.622196257 -0.029371422 0.200606853 0.167196974 0.985204279 0.031987265 -0.019862486 4.960080624 4.208939075 -15.977954865 0.000000000 0.000000000 -12.000000000 0.000000000 0.000000000
1776613959.843217134 0.622534752 -0.030217996 0.200596511 0.167490199 0.985160649 0.032046087 -0.019457871 4.935519695 4.253604412 -15.944033623 0.000000000 0.000000000 -12.000000000 0.000000000 0.000000000
1776613959.848401070 0.622935474 -0.031025102 0.200626731 0.167806014 0.985112250 0.032171946 -0.018971492 4.913272381 4.297184467 -15.910251617 0.000000000 0.000000000 -12.000000000 0.000000000 0.000000000
1776613959.853413582 0.623302102 -0.031795174 0.200658619 0.168128446 0.985060692 0.032331996 -0.018516038 4.893297672 4.339505196 -15.876500130 0.000000000 0.000000000 -12.000000000 0.000000000 0.000000000
1776613959.858192444 0.623615205 -0.032557990 0.200670809 0.168480217 0.985002577 0.032500144 -0.018112035 4.875521183 4.380382061 -15.842656136 0.000000000 0.000000000 -12.000000000 0.000000000 0.000000000
1776613959.863225222 0.623908877 -0.033309616 0.200664669 0.168825030 0.984944820 0.032675792 -0.017723221 4.859844685 4.419625282 -15.808590889 0.000000000 0.000000000 -12.000000000 0.000000000 0.000000000
1776613959.868186235 0.624205232 -0.034060989 0.200649440 0.169160023 0.984889030 0.032839052 -0.017323673 4.846148968 4.457049370 -15.774167061 0.000000000 0.000000000 -12.000000000 0.000000000 0.000000000
1776613959.873185873 0.624504983 -0.034831315 0.200626373 0.169469610 0.984838486 0.032976810 -0.016905410 4.834296703 4.492478371 -15.739245415 0.000000000 0.000000000 -12.000000000 0.000000000 0.000000000
1776613959.878435612 0.624791503 -0.035644412 0.200604647 0.169747338 0.984794676 0.033071600 -0.016480207 4.824136257 4.525753021 -15.703688622 0.000000000 0.000000000 -12.000000000 0.000000000 0.000000000
1776613959.883280277 0.625035048 -0.036492333 0.200583965 0.170020610 0.984752536 0.033117481 -0.016084427 4.815502167 4.556736946 -15.667361259 0.000000000 0.000000000 -12.000000000 0.000000000 0.000000000
1776613959.888229609 0.625234544 -0.037388302 0.200561821 0.170254424 0.984718382 0.033106688 -0.015718661 4.808218479 4.585321426 -15.630139351 0.000000000 0.000000000 -12.000000000 0.000000000 0.000000000
1776613959.893307447 0.625428498 -0.038309462 0.200544596 0.170473725 0.984687805 0.033061821 -0.015347593 4.802098274 4.611431122 -15.591909409 0.000000000 0.000000000 -12.000000000 0.000000000 0.000000000
1776613959.899636030 0.625615001 -0.039247155 0.200523257 0.170661286 0.984663129 0.032996349 -0.014981672 4.796943665 4.635027409 -15.552577972 0.000000000 0.000000000 -12.000000000 0.000000000 0.000000000
1776613959.903526068 0.625786364 -0.040186509 0.200504631 0.170847774 0.984638453 0.032925762 -0.014632295 4.792546272 4.656105995 -15.512068748 0.000000000 0.000000000 -12.000000000 0.000000000 0.000000000
1776613959.908702612 0.625930429 -0.041150846 0.200486332 0.171030313 0.984614789 0.032827277 -0.014309203 4.788688660 4.674695969 -15.470331192 0.000000000 0.000000000 -12.000000000 0.000000000 0.000000000
1776613959.913187027 0.626015007 -0.042159788 0.200458825 0.171218693 0.984590828 0.032675400 -0.014050823 4.785146236 4.690855503 -15.427336693 0.000000000 0.000000000 -12.000000000 0.000000000 0.000000000
1776613959.919783831 0.626073360 -0.043164186 0.200438678 0.171366751 0.984574258 0.032494787 -0.013823816 4.781688690 4.704673290 -15.383087158 0.000000000 0.000000000 -12.000000000 0.000000000 0.000000000
1776613959.923495054 0.625966311 -0.045164272 0.200392753 0.171609581 0.984549463 0.032036602 -0.013645771 4.778078079 4.716269016 -15.337609291 0.000000000 0.000000000 -12.000000000 0.000000000 0.000000000
1776613959.929377794 0.625966311 -0.045164272 0.200392753 0.171609581 0.984549463 0.032036602 -0.013645771 4.774066925 4.725795746 -15.290961266 0.000000000 0.000000000 -12.000000000 0.000000000 0.000000000
1776613959.933217764 0.625839412 -0.046218202 0.200370848 0.171724334 0.984539628 0.031726111 -0.013635851 4.769391537 4.733438492 -15.243228912 0.000000000 0.000000000 -12.000000000 0.000000000 0.000000000
1776613959.938373327 0.625702918 -0.047300573 0.200356036 0.171828717 0.984533012 0.031367514 -0.013629795 4.763775349 4.739411354 -15.194527626 0.000000000 0.000000000 -12.000000000 0.000000000 0.000000000
1776613959.943474293 0.625552773 -0.048388064 0.200344086 0.171930805 0.984527469 0.030976441 -0.013635464 4.756931782 4.743954182 -15.145001411 0.000000000 0.000000000 -12.000000000 0.000000000 0.000000000
1776613959.948302269 0.625431061 -0.049430698 0.200338066 0.172033325 0.984520972 0.030622076 -0.013611534 4.748574734 4.747322083 -15.094818115 0.000000000 0.000000000 -12.000000000 0.000000000 0.000000000
1776613959.953231335 0.625317931 -0.050438751 0.200322628 0.172142118 0.984512746 0.030286705 -0.013581080 4.738430977 4.749773502 -15.044169426 0.000000000 0.000000000 -12.000000000 0.000000000 0.000000000
1776613959.959798098 0.625256419 -0.051442880 0.200316370 0.172283635 0.984498799 0.029975798 -0.013488536 4.726249218 4.751562595 -14.993268013 0.000000000 0.000000000 -12.000000000 0.000000000 0.000000000
1776613959.963221550 0.625263870 -0.053329211 0.200312436 0.172693655 0.984444618 0.029534064 -0.013168583 4.711809158 4.752927303 -14.942339897 0.000000000 0.000000000 -12.000000000 0.000000000 0.000000000
1776613959.968342066 0.625263870 -0.053329211 0.200312436 0.172693655 0.984444618 0.029534064 -0.013168583 4.694928169 4.754080772 -14.891627312 0.000000000 0.000000000 -12.000000000 0.000000000 0.000000000
1776613959.973270178 0.625321925 -0.054209642 0.200307518 0.172952175 0.984406233 0.029395882 -0.012952865 4.675463676 4.755208969 -14.841375351 0.000000000 0.000000000 -12.000000000 0.000000000 0.000000000
1776613959.978297234 0.625394642 -0.055052493 0.200304329 0.173240513 0.984361231 0.029304210 -0.012725933 4.653316975 4.756463528 -14.791832924 0.000000000 0.000000000 -12.000000000 0.000000000 0.000000000
1776613959.983239651 0.625494003 -0.055873580 0.200305015 0.173528641 0.984315455 0.029248983 -0.012467485 4.628431797 4.757962704 -14.743246078 0.000000000 0.000000000 -12.000000000 0.000000000 0.000000000
1776613959.988225698 0.625608206 -0.056704350 0.200308055 0.173844382 0.984264791 0.029196089 -0.012186621 4.600793839 4.759794712 -14.695847511 0.000000000 0.000000000 -12.000000000 0.000000000 0.000000000
1776613959.993343115 0.625730813 -0.057539795 0.200309187 0.174183130 0.984210074 0.029142933 -0.011891996 4.570431709 4.762015343 -14.649854660 0.000000000 0.000000000 -12.000000000 0.000000000 0.000000000
1776613959.998466492 0.625850081 -0.058369778 0.200307667 0.174488127 0.984161258 0.029085366 -0.011598552 4.537414074 4.764653206 -14.605464935 0.000000000 0.000000000 -12.000000000 0.000000000 0.000000000
1776613960.003621340 0.625969827 -0.059190378 0.200307518 0.174764708 0.984117210 0.029032422 -0.011303663 4.501845360 4.767714500 -14.562851906 0.000000000 0.000000000 -12.000000000 0.000000000 0.000000000
1776613960.008310318 0.626100063 -0.059993241 0.200307697 0.175040036 0.984073162 0.028983751 -0.010997737 4.463862419 4.771184921 -14.522160530 0.000000000 0.000000000 -12.000000000 0.000000000 0.000000000
1776613960.013409615 0.626227021 -0.060788173 0.200306445 0.175289661 0.984033346 0.028940529 -0.010694849 4.423629761 4.775032043 -14.483511925 0.000000000 0.000000000 -12.000000000 0.000000000 0.000000000
1776613960.018276930 0.626348853 -0.061589867 0.200303435 0.175528258 0.983995438 0.028891999 -0.010395062 4.381335735 4.779208660 -14.446998596 0.000000000 0.000000000 -12.000000000 0.000000000 0.000000000
1776613960.025020361 0.626457572 -0.062392071 0.200300038 0.175782412 0.983954430 0.028844889 -0.010110693 4.337186337 4.783654213 -14.412689209 0.000000000 0.000000000 -12.000000000 0.000000000 0.000000000
1776613960.028222084 0.626642644 -0.063924037 0.200285167 0.176240072 0.983879030 0.028802637 -0.009589104 4.291399956 4.788295746 -14.380627632 0.000000000 0.000000000 -12.000000000 0.000000000 0.000000000
1776613960.034929991 0.626642644 -0.063924037 0.200285167 0.176240072 0.983879030 0.028802637 -0.009589104 4.244205475 4.793053627 -14.350835800 0.000000000 0.000000000 -12.000000000 0.000000000 0.000000000
1776613960.039853096 0.626708508 -0.065390170 0.200234860 0.176708639 0.983798146 0.028818337 -0.009209374 4.195835114 4.797839642 -14.323314667 0.000000000 0.000000000 -12.000000000 0.000000000 0.000000000
1776613960.043673515 0.626696527 -0.066048130 0.200204372 0.176953435 0.983752906 0.028899072 -0.009083989 4.146517277 4.802562237 -14.298051834 0.000000000 0.000000000 -12.000000000 0.000000000 0.000000000
1776613960.048294306 0.626696527 -0.066048130 0.200204372 0.176953435 0.983752906 0.028899072 -0.009083989 4.096469402 4.807123661 -14.275018692 0.000000000 0.000000000 -12.000000000 0.000000000 0.000000000
1776613960.053511381 0.626638889 -0.066631459 0.200181127 0.177219614 0.983700931 0.029056566 -0.009022116 4.045889378 4.811420441 -14.254179955 0.000000000 0.000000000 -12.000000000 0.000000000 0.000000000
1776613960.058336496 0.626563370 -0.067151859 0.200208813 0.177493930 0.983645022 0.029289538 -0.008969776 3.994946241 4.815342903 -14.235491753 0.000000000 0.000000000 -12.000000000 0.000000000 0.000000000
1776613960.063295126 0.626474977 -0.067610949 0.200270683 0.177790180 0.983582675 0.029599123 -0.008923137 3.943773985 4.818774700 -14.218910217 0.000000000 0.000000000 -12.000000000 0.000000000 0.000000000
1776613960.068237305 0.626353920 -0.067988962 0.200336874 0.178102866 0.983514071 0.029999211 -0.008916246 3.892468452 4.821591854 -14.204383850 0.000000000 0.000000000 -12.000000000 0.000000000 0.000000000
1776613960.073266745 0.626212239 -0.068285048 0.200395763 0.178433076 0.983438909 0.030489659 -0.008938384 3.841086626 4.823663712 -14.191861153 0.000000000 0.000000000 -12.000000000 0.000000000 0.000000000
1776613960.078393936 0.626033306 -0.068520740 0.200433046 0.178808123 0.983352244 0.031063886 -0.009005005 3.789646149 4.824853897 -14.181281090 0.000000000 0.000000000 -12.000000000 0.000000000 0.000000000
1776613960.083253384 0.625834107 -0.068698473 0.200459301 0.179191396 0.983261228 0.031702626 -0.009094056 3.738127947 4.825021744 -14.172573090 0.000000000 0.000000000 -12.000000000 0.000000000 0.000000000
1776613960.088227272 0.625639260 -0.068832688 0.200512201 0.179586962 0.983165443 0.032406285 -0.009165871 3.686477900 4.824024677 -14.165653229 0.000000000 0.000000000 -12.000000000 0.000000000 0.000000000
1776613960.093219042 0.625465631 -0.068928555 0.200611025 0.179981843 0.983067930 0.033157013 -0.009195755 3.634608030 4.821719646 -14.160420418 0.000000000 0.000000000 -12.000000000 0.000000000 0.000000000
1776613960.098379374 0.625283122 -0.068996318 0.200726330 0.180367976 0.982969999 0.033945806 -0.009222622 3.582400799 4.817969322 -14.156750679 0.000000000 0.000000000 -12.000000000 0.000000000 0.000000000
1776613960.103297710 0.625083506 -0.069028772 0.200832516 0.180745557 0.982871711 0.034761988 -0.009264889 3.529713154 4.812644005 -14.154496193 0.000000000 0.000000000 -12.000000000 0.000000000 0.000000000
1776613960.108280182 0.624884725 -0.069046564 0.200930983 0.181110740 0.982774317 0.035595153 -0.009301298 3.476378918 4.805625439 -14.153476715 0.000000000 0.000000000 -12.000000000 0.000000000 0.000000000
1776613960.113215923 0.624711692 -0.069072716 0.201034904 0.181463778 0.982678950 0.036424104 -0.009288725 3.422214508 4.796810627 -14.153476715 0.000000000 0.000000000 -12.000000000 0.000000000 0.000000000
1776613960.118504524 0.624542475 -0.069111496 0.201125413 0.181807175 0.982585490 0.037234392 -0.009247350 3.367024422 4.786111355 -14.154242516 0.000000000 0.000000000 -12.000000000 0.000000000 0.000000000
1776613960.125047207 0.624368131 -0.069166392 0.201211810 0.182112440 0.982499242 0.038024195 -0.009188778 3.310611248 4.773458958 -14.155476570 0.000000000 0.000000000 -12.000000000 0.000000000 0.000000000
1776613960.129850149 0.624010682 -0.069335714 0.201384962 0.182712227 0.982329726 0.039541673 -0.009003413 3.252783775 4.758803368 -14.156843185 0.000000000 0.000000000 -12.000000000 0.000000000 0.000000000
1776613960.133600235 0.623829186 -0.069473870 0.201464772 0.183003724 0.982248008 0.040245507 -0.008872977 3.193363905 4.742114067 -14.157958031 0.000000000 0.000000000 -12.000000000 0.000000000 0.000000000
1776613960.138356447 0.623829186 -0.069473870 0.201464772 0.183003724 0.982248008 0.040245507 -0.008872977 3.132192135 4.723380566 -14.158399582 0.000000000 0.000000000 -12.000000000 0.000000000 0.000000000
1776613960.143413305 0.623641849 -0.069646344 0.201535702 0.183272079 0.982172012 0.040907267 -0.008725237 3.069130898 4.702612400 -14.157701492 0.000000000 0.000000000 -12.000000000 0.000000000 0.000000000
1776613960.148250103 0.623467863 -0.069843404 0.201610327 0.183543697 0.982096255 0.041542698 -0.008533948 3.004067659 4.679841518 -14.155363083 0.000000000 0.000000000 -12.000000000 0.000000000 0.000000000
1776613960.155071259 0.623230278 -0.070072062 0.201637536 0.183802247 0.982024610 0.042117242 -0.008401528 2.936917067 4.655118942 -14.150852203 0.000000000 0.000000000 -12.000000000 0.000000000 0.000000000
1776613960.158295870 0.622990489 -0.070365526 0.201679111 0.184032649 0.981961846 0.042602804 -0.008239309 2.867624521 4.628517628 -14.143610001 0.000000000 0.000000000 -12.000000000 0.000000000 0.000000000
1776613960.165148973 0.622763097 -0.070685260 0.201723307 0.184225947 0.981908739 0.043028321 -0.008040203 2.796169043 4.600136280 -14.133062363 0.000000000 0.000000000 -12.000000000 0.000000000 0.000000000
1776613960.168512583 0.622065842 -0.071452335 0.201724708 0.184512645 0.981830418 0.043614756 -0.007865090 2.722561359 4.570099354 -14.118626595 0.000000000 0.000000000 -12.000000000 0.000000000 0.000000000
1776613960.173578739 0.622065842 -0.071452335 0.201724708 0.184512645 0.981830418 0.043614756 -0.007865090 2.646841049 4.538562298 -14.099721909 0.000000000 0.000000000 -12.000000000 0.000000000 0.000000000
1776613960.178248167 0.621658862 -0.071900092 0.201728135 0.184607103 0.981805325 0.043787580 -0.007820296 2.569069862 4.505707264 -14.075780869 0.000000000 0.000000000 -12.000000000 0.000000000 0.000000000
1776613960.183237314 0.621221542 -0.072370715 0.201736987 0.184665903 0.981789768 0.043892238 -0.007798247 2.489321947 4.471742630 -14.046256065 0.000000000 0.000000000 -12.000000000 0.000000000 0.000000000
1776613960.188299894 0.620627105 -0.072877981 0.201707840 0.184711695 0.981779158 0.043909658 -0.007951853 2.407675505 4.436899662 -14.010636330 0.000000000 0.000000000 -12.000000000 0.000000000 0.000000000
1776613960.194119215 0.619867504 -0.073412277 0.201643318 0.184729308 0.981777072 0.043817844 -0.008295833 2.324203014 4.401425838 -13.968448639 0.000000000 0.000000000 -12.000000000 0.000000000 0.000000000
1776613960.198476076 0.619072318 -0.073964439 0.201589316 0.184729502 0.981780350 0.043670584 -0.008675535 2.238963842 4.365585804 -13.919273376 0.000000000 0.000000000 -12.000000000 0.000000000 0.000000000
1776613960.203751564 0.618276715 -0.074562371 0.201573014 0.184694096 0.981794298 0.043434225 -0.009031370 2.152001381 4.329655647 -13.862751961 0.000000000 0.000000000 -12.000000000 0.000000000 0.000000000
1776613960.208710432 0.617315590 -0.075147152 0.201539069 0.184648260 0.981809974 0.043155719 -0.009580681 2.063341379 4.293920994 -13.798593521 0.000000000 0.000000000 -12.000000000 0.000000000 0.000000000
1776613960.213487148 0.616216958 -0.075702667 0.201494604 0.184630573 0.981818795 0.042864833 -0.010293767 1.972993851 4.258668423 -13.726578712 0.000000000 0.000000000 -12.000000000 0.000000000 0.000000000
1776613960.218251944 0.615063488 -0.076250643 0.201456100 0.184613571 0.981827140 0.042551551 -0.011073324 1.880955338 4.224179745 -13.646568298 0.000000000 0.000000000 -12.000000000 0.000000000 0.000000000
1776613960.224918365 0.613878429 -0.076815426 0.201433688 0.184616312 0.981832147 0.042204473 -0.011886597 1.787214041 4.190725327 -13.558503151 0.000000000 0.000000000 -12.000000000 0.000000000 0.000000000
1776613960.228282452 0.611428857 -0.077881560 0.201419353 0.184657916 0.981831908 0.041497815 -0.013619202 1.691757917 4.158558369 -13.462410927 0.000000000 0.000000000 -12.000000000 0.000000000 0.000000000
1776613960.233273983 0.611428857 -0.077881560 0.201419353 0.184657916 0.981831908 0.041497815 -0.013619202 1.594582915 4.127908230 -13.358407974 0.000000000 0.000000000 -12.000000000 0.000000000 0.000000000
1776613960.239416599 0.610132575 -0.078378558 0.201433063 0.184676677 0.981828988 0.041159019 -0.014569969 1.495700479 4.098976612 -13.246697426 0.000000000 0.000000000 -12.000000000 0.000000000 0.000000000
1776613960.245008469 0.608841002 -0.078876853 0.201460570 0.184725314 0.981819808 0.040816482 -0.015506594 1.395142317 4.071936131 -13.127565384 0.000000000 0.000000000 -12.000000000 0.000000000 0.000000000
1776613960.249181509 0.606239021 -0.079919584 0.201546788 0.184904739 0.981785417 0.040067390 -0.017385419 1.292967319 4.046928883 -13.001378059 0.000000000 0.000000000 -12.000000000 0.000000000 0.000000000
1776613960.255109310 0.606239021 -0.079919584 0.201546788 0.184904739 0.981785417 0.040067390 -0.017385419 1.189268708 4.024061680 -12.868575096 0.000000000 0.000000000 -12.000000000 0.000000000 0.000000000
1776613960.258275509 0.603678584 -0.081018068 0.201621532 0.185036376 0.981762230 0.039194264 -0.019190706 1.084180951 4.003408909 -12.729663849 0.000000000 0.000000000 -12.000000000 0.000000000 0.000000000
1776613960.263254404 0.603678584 -0.081018068 0.201621532 0.185036376 0.981762230 0.039194264 -0.019190706 0.977885306 3.985013008 -12.585212708 0.000000000 0.000000000 -12.000000000 0.000000000 0.000000000
1776613960.268229008 0.602515280 -0.081603900 0.201678365 0.185044810 0.981765270 0.038708203 -0.019926235 0.870614827 3.968886137 -12.435836792 0.000000000 0.000000000 -12.000000000 0.000000000 0.000000000
1776613960.273285627 0.601528287 -0.082226105 0.201756269 0.185039788 0.981775820 0.038200475 -0.020426899 0.762662411 3.955011368 -12.282191277 0.000000000 0.000000000 -12.000000000 0.000000000 0.000000000
1776613960.278393745 0.600587547 -0.082885504 0.201820552 0.185044482 0.981787384 0.037650697 -0.020843849 0.654389322 3.943340063 -12.124949455 0.000000000 0.000000000 -12.000000000 0.000000000 0.000000000
1776613960.283485413 0.599714100 -0.083545588 0.201859206 0.185033321 0.981803834 0.037087619 -0.021175006 0.546232283 3.933789730 -11.964795113 0.000000000 0.000000000 -12.000000000 0.000000000 0.000000000
1776613960.289955378 0.598954678 -0.084224947 0.201888353 0.184999958 0.981827915 0.036511555 -0.021350874 0.438702255 3.926242590 -11.802402496 0.000000000 0.000000000 -12.000000000 0.000000000 0.000000000
1776613960.295028448 0.597827792 -0.085618936 0.202012807 0.184892178 0.981892407 0.035402499 -0.021186801 0.332374781 3.920547009 -11.638427734 0.000000000 0.000000000 -12.000000000 0.000000000 0.000000000
1776613960.299961567 0.597281396 -0.086213090 0.202081561 0.184867427 0.981915355 0.034952909 -0.021083621 0.227878019 3.916515827 -11.473496437 0.000000000 0.000000000 -12.000000000 0.000000000 0.000000000
1776613960.305013180 0.597281396 -0.086213090 0.202081561 0.184867427 0.981915355 0.034952909 -0.021083621 0.125878140 3.913922548 -11.308196068 0.000000000 0.000000000 -12.000000000 0.000000000 0.000000000
1776613960.308671474 0.596264243 -0.087137438 0.202223152 0.185074493 0.981899440 0.034455933 -0.020825414 0.027058618 3.912496567 -11.143067360 0.000000000 0.000000000 -12.000000000 0.000000000 0.000000000
1776613960.313254118 0.596264243 -0.087137438 0.202223152 0.185074493 0.981899440 0.034455933 -0.020825414 -0.067903422 3.911918163 -10.978599548 0.000000000 0.000000000 -12.000000000 0.000000000 0.000000000
1776613960.318368673 0.595935166 -0.087527014 0.202334434 0.185280398 0.981870413 0.034376733 -0.020490857 -0.158354267 3.911817074 -10.815227509 0.000000000 0.000000000 -12.000000000 0.000000000 0.000000000
1776613960.323330879 0.595601559 -0.087820612 0.202427089 0.185521185 0.981830716 0.034402743 -0.020170342 -0.243673459 3.911774874 -10.653328896 0.000000000 0.000000000 -12.000000000 0.000000000 0.000000000
1776613960.328704119 0.595210433 -0.088029288 0.202457815 0.185783446 0.981781900 0.034517754 -0.019932041 -0.323282927 3.911331892 -10.493219376 0.000000000 0.000000000 -12.000000000 0.000000000 0.000000000
1776613960.333678246 0.594785750 -0.088178530 0.202464044 0.186066523 0.981725514 0.034707114 -0.019739397 -0.396658361 3.909999609 -10.335151672 0.000000000 0.000000000 -12.000000000 0.000000000 0.000000000
1776613960.339458704 0.594422698 -0.088257872 0.202483803 0.186361551 0.981664479 0.034989588 -0.019493831 -0.463343114 3.907274485 -10.179316521 0.000000000 0.000000000 -12.000000000 0.000000000 0.000000000
1776613960.345030308 0.594179988 -0.088309750 0.202534229 0.186669990 0.981601238 0.035330322 -0.019106772 -0.522961080 3.902650833 -10.025850296 0.000000000 0.000000000 -12.000000000 0.000000000 0.000000000
1776613960.349240303 0.593585193 -0.088350117 0.202630609 0.187323526 0.981461465 0.036093611 -0.018455071 -0.575223505 3.895633459 -9.874834061 0.000000000 0.000000000 -12.000000000 0.000000000 0.000000000
1776613960.354171991 0.593585193 -0.088350117 0.202630609 0.187323526 0.981461465 0.036093611 -0.018455071 -0.619929433 3.885746717 -9.726303101 0.000000000 0.000000000 -12.000000000 0.000000000 0.000000000
1776613960.358541012 0.593169510 -0.088274963 0.202631563 0.187608212 0.981393754 0.036539666 -0.018284475 -0.656966925 3.872542143 -9.580250740 0.000000000 0.000000000 -12.000000000 0.000000000 0.000000000
1776613960.363356590 0.592621326 -0.088197596 0.202599734 0.187850192 0.981331408 0.036970127 -0.018279277 -0.686316490 3.855608702 -9.436637878 0.000000000 0.000000000 -12.000000000 0.000000000 0.000000000
1776613960.368353605 0.592036664 -0.088148743 0.202569216 0.188048825 0.981277764 0.037364040 -0.018316871 -0.708056509 3.834583998 -9.295397758 0.000000000 0.000000000 -12.000000000 0.000000000 0.000000000
1776613960.373842001 0.591466188 -0.088071980 0.202565998 0.188217506 0.981229067 0.037779812 -0.018339565 -0.722367287 3.809168100 -9.156444550 0.000000000 0.000000000 -12.000000000 0.000000000 0.000000000
1776613960.378251076 0.590784550 -0.087979712 0.202571988 0.188371956 0.981180608 0.038195271 -0.018486759 -0.729528427 3.779130220 -9.019682884 0.000000000 0.000000000 -12.000000000 0.000000000 0.000000000
1776613960.383815050 0.589965582 -0.087801270 0.202574849 0.188508585 0.981128871 0.038685240 -0.018816307 -0.729909718 3.744310379 -8.885008812 0.000000000 0.000000000 -12.000000000 0.000000000 0.000000000
1776613960.389938831 0.589078903 -0.087584734 0.202575922 0.188655689 0.981071174 0.039222274 -0.019236496 -0.723963737 3.704613209 -8.752320290 0.000000000 0.000000000 -12.000000000 0.000000000 0.000000000
1776613960.393601179 0.587355793 -0.087114699 0.202640682 0.188974798 0.980947018 0.040369328 -0.020044522 -0.712218523 3.660000086 -8.621520996 0.000000000 0.000000000 -12.000000000 0.000000000 0.000000000
1776613960.399677277 0.587355793 -0.087114699 0.202640682 0.188974798 0.980947018 0.040369328 -0.020044522 -0.695268035 3.610482454 -8.492527008 0.000000000 0.000000000 -12.000000000 0.000000000 0.000000000
1776613960.403285742 0.585310161 -0.086440317 0.202626884 0.189306319 0.980802536 0.041675251 -0.021276375 -0.673758209 3.556118250 -8.365264893 0.000000000 0.000000000 -12.000000000 0.000000000 0.000000000
1776613960.409910917 0.585310161 -0.086440317 0.202626884 0.189306319 0.980802536 0.041675251 -0.021276375 -0.648371279 3.497009277 -8.239672661 0.000000000 0.000000000 -12.000000000 0.000000000 0.000000000
1776613960.413476706 0.583244383 -0.085668497 0.202655971 0.189678639 0.980640173 0.043108910 -0.022550356 -0.619809330 3.433300495 -8.115702629 0.000000000 0.000000000 -12.000000000 0.000000000 0.000000000
1776613960.418627739 0.583244383 -0.085668497 0.202655971 0.189678639 0.980640173 0.043108910 -0.022550356 -0.588778198 3.365178585 -7.993321896 0.000000000 0.000000000 -12.000000000 0.000000000 0.000000000
1776613960.423665047 0.582176149 -0.085270517 0.202659070 0.189852178 0.980559289 0.043816905 -0.023232451 -0.555971265 3.292866945 -7.872514248 0.000000000 0.000000000 -12.000000000 0.000000000 0.000000000
1776613960.429912567 0.581278563 -0.084915929 0.202717811 0.190026745 0.980483532 0.044502437 -0.023693973 -0.522049785 3.216621637 -7.753273487 0.000000000 0.000000000 -12.000000000 0.000000000 0.000000000
1776613960.434473753 0.579725087 -0.084236801 0.202829421 0.190387636 0.980338037 0.045820374 -0.024298007 -0.487621188 3.136726856 -7.635607719 0.000000000 0.000000000 -12.000000000 0.000000000 0.000000000
1776613960.439978838 0.579725087 -0.084236801 0.202829421 0.190387636 0.980338037 0.045820374 -0.024298007 -0.453219354 3.053491831 -7.519534588 0.000000000 0.000000000 -12.000000000 0.000000000 0.000000000
1776613960.443939924 0.579048455 -0.083907753 0.202882379 0.190562785 0.980270147 0.046455320 -0.024458548 -0.419289559 2.967248201 -7.405073166 0.000000000 0.000000000 -12.000000000 0.000000000 0.000000000
1776613960.449700117 0.578444302 -0.083623931 0.202926010 0.190762877 0.980201542 0.047050864 -0.024507934 -0.386179984 2.878345728 -7.292242527 0.000000000 0.000000000 -12.000000000 0.000000000 0.000000000
1776613960.453417540 0.577945948 -0.083377510 0.202980250 0.190987170 0.980133116 0.047614064 -0.024410836 -0.354140580 2.787151337 -7.181054592 0.000000000 0.000000000 -12.000000000 0.000000000 0.000000000
1776613960.458619356 0.577475011 -0.083131745 0.203018457 0.191188574 0.980071425 0.048143979 -0.024271043 -0.323329210 2.694043875 -7.071515560 0.000000000 0.000000000 -12.000000000 0.000000000 0.000000000
1776613960.463245630 0.577032924 -0.082903422 0.203050375 0.191345736 0.980021238 0.048634045 -0.024080567 -0.293823630 2.599413633 -6.963620663 0.000000000 0.000000000 -12.000000000 0.000000000 0.000000000
1776613960.468366623 0.576563478 -0.082721710 0.203077585 0.191476241 0.979979098 0.049052730 -0.023908410 -0.265638024 2.503659248 -6.857355118 0.000000000 0.000000000 -12.000000000 0.000000000 0.000000000
1776613960.474908352 0.576080441 -0.082577720 0.203110486 0.191599831 0.979941368 0.049403798 -0.023741100 -0.238742113 2.407189608 -6.752695560 0.000000000 0.000000000 -12.000000000 0.000000000 0.000000000
1776613960.478698254 0.575549781 -0.082480446 0.203145683 0.191687092 0.979914069 0.049665056 -0.023618575 -0.213082403 2.310426474 -6.649611473 0.000000000 0.000000000 -12.000000000 0.000000000 0.000000000
1776613960.484652996 0.574838877 -0.082390107 0.203165650 0.191698015 0.979900777 0.049838491 -0.023716681 -0.188604161 2.213808060 -6.548068523 0.000000000 0.000000000 -12.000000000 0.000000000 0.000000000
1776613960.488274097 0.574045181 -0.082338743 0.203198016 0.191633895 0.979905009 0.049907774 -0.023914138 -0.165271536 2.117792368 -6.448029995 0.000000000 0.000000000 -12.000000000 0.000000000 0.000000000
1776613960.494393826 0.573142469 -0.082297727 0.203230232 0.191545427 0.979914129 0.049903739 -0.024253892 -0.143084094 2.022855520 -6.349463463 0.000000000 0.000000000 -12.000000000 0.000000000 0.000000000
1776613960.499068975 0.572055042 -0.082228906 0.203240216 0.191455096 0.979919314 0.049861688 -0.024838263 -0.122087218 1.929484367 -6.252337933 0.000000000 0.000000000 -12.000000000 0.000000000 0.000000000
1776613960.505061388 0.570809901 -0.082134850 0.203223169 0.191360533 0.979920805 0.049790274 -0.025636852 -0.102376200 1.838167548 -6.156624317 0.000000000 0.000000000 -12.000000000 0.000000000 0.000000000
1776613960.508265734 0.567938805 -0.081903353 0.203150481 0.191172153 0.979912281 0.049550716 -0.027745713 -0.084095165 1.749384284 -6.062298775 0.000000000 0.000000000 -12.000000000 0.000000000 0.000000000
1776613960.514938593 0.567938805 -0.081903353 0.203150481 0.191172153 0.979912281 0.049550716 -0.027745713 -0.067432299 1.663596034 -5.969343185 0.000000000 0.000000000 -12.000000000 0.000000000 0.000000000
1776613960.519911766 0.564856887 -0.081562854 0.203158021 0.191033900 0.979880095 0.049309094 -0.030159820 -0.052612666 1.581238747 -5.877750397 0.000000000 0.000000000 -12.000000000 0.000000000 0.000000000
1776613960.524822712 0.563200951 -0.081358440 0.203168899 0.190967515 0.979856908 0.049181592 -0.031511888 -0.039888691 1.502713680 -5.787525654 0.000000000 0.000000000 -12.000000000 0.000000000 0.000000000
1776613960.528980732 0.561647713 -0.081188157 0.203203410 0.190896854 0.979838312 0.049031243 -0.032729931 -0.029527517 1.428381443 -5.698688507 0.000000000 0.000000000 -12.000000000 0.000000000 0.000000000
1776613960.534808874 0.561647713 -0.081188157 0.203203410 0.190896854 0.979838312 0.049031243 -0.032729931 -0.021793291 1.358554959 -5.611268997 0.000000000 0.000000000 -12.000000000 0.000000000 0.000000000
1776613960.538270950 0.560083747 -0.081018552 0.203208774 0.190821260 0.979819715 0.048871197 -0.033943448 -0.016921945 1.293494105 -5.525306702 0.000000000 0.000000000 -12.000000000 0.000000000 0.000000000
1776613960.544909239 0.558552444 -0.080838785 0.203190684 0.190749824 0.979799628 0.048725832 -0.035113879 -0.015091957 1.233399510 -5.440843105 0.000000000 0.000000000 -12.000000000 0.000000000 0.000000000
1776613960.548351049 0.555899858 -0.080402091 0.203135699 0.190681949 0.979751468 0.048613913 -0.036934171 -0.016399119 1.178407192 -5.357918262 0.000000000 0.000000000 -12.000000000 0.000000000 0.000000000
1776613960.553572178 0.555899858 -0.080402091 0.203135699 0.190681949 0.979751468 0.048613913 -0.036934171 -0.020838752 1.128583550 -5.276567936 0.000000000 0.000000000 -12.000000000 0.000000000 0.000000000
1776613960.559858799 0.554889917 -0.080166072 0.203133076 0.190703601 0.979725301 0.048660334 -0.037452195 -0.028295105 1.083921552 -5.196816444 0.000000000 0.000000000 -12.000000000 0.000000000 0.000000000
1776613960.563389540 0.553487897 -0.079811268 0.203182489 0.190803677 0.979692340 0.048759781 -0.037674759 -0.038536843 1.044339061 -5.118678093 0.000000000 0.000000000 -12.000000000 0.000000000 0.000000000
1776613960.569338799 0.553487897 -0.079811268 0.203182489 0.190803677 0.979692340 0.048759781 -0.037674759 -0.051216964 1.009683132 -5.042152882 0.000000000 0.000000000 -12.000000000 0.000000000 0.000000000
1776613960.573588371 0.552914321 -0.079678878 0.203170776 0.190842450 0.979686975 0.048770431 -0.037603218 -0.065878078 0.979739606 -4.967225075 0.000000000 0.000000000 -12.000000000 0.000000000 0.000000000
1776613960.578738689 0.552470624 -0.079569310 0.203157574 0.190883145 0.979688108 0.048772268 -0.037364811 -0.081965990 0.954246938 -4.893867493 0.000000000 0.000000000 -12.000000000 0.000000000 0.000000000
1776613960.583459377 0.551999092 -0.079470761 0.203124017 0.190912604 0.979691386 0.048749652 -0.037156526 -0.098852493 0.932911336 -4.822039127 0.000000000 0.000000000 -12.000000000 0.000000000 0.000000000
1776613960.588490963 0.551553786 -0.079381198 0.203115076 0.190926969 0.979699850 0.048711494 -0.036909919 -0.115866475 0.915420055 -4.751694202 0.000000000 0.000000000 -12.000000000 0.000000000 0.000000000
1776613960.593380928 0.551179886 -0.079283163 0.203135163 0.190917492 0.979716063 0.048675820 -0.036573630 -0.132328197 0.901451528 -4.682782173 0.000000000 0.000000000 -12.000000000 0.000000000 0.000000000
1776613960.598408461 0.550802410 -0.079199255 0.203169674 0.190885335 0.979738057 0.048611704 -0.036235791 -0.147577971 0.890680909 -4.615252972 0.000000000 0.000000000 -12.000000000 0.000000000 0.000000000
1776613960.603342056 0.550366640 -0.079128981 0.203205049 0.190821797 0.979765654 0.048504177 -0.035967052 -0.160997435 0.882783592 -4.549060345 0.000000000 0.000000000 -12.000000000 0.000000000 0.000000000
1776613960.608210802 0.549887300 -0.079041481 0.203224123 0.190714970 0.979800522 0.048374776 -0.035758033 -0.172027007 0.877439737 -4.484163284 0.000000000 0.000000000 -12.000000000 0.000000000 0.000000000
1776613960.613301754 0.549340248 -0.078916445 0.203231364 0.190563172 0.979841113 0.048239637 -0.035637591 -0.180180833 0.874341369 -4.420527935 0.000000000 0.000000000 -12.000000000 0.000000000 0.000000000
1776613960.618251801 0.548742592 -0.078778297 0.203210056 0.190384790 0.979884982 0.048090737 -0.035585616 -0.185059354 0.873197496 -4.358126163 0.000000000 0.000000000 -12.000000000 0.000000000 0.000000000
1776613960.623370409 0.548075616 -0.078644007 0.203174412 0.190186307 0.979931355 0.047913291 -0.035609487 -0.186358199 0.873737872 -4.296936035 0.000000000 0.000000000 -12.000000000 0.000000000 0.000000000
1776613960.629908085 0.547339439 -0.078503110 0.203134179 0.189959943 0.979981005 0.047713112 -0.035719715 -0.183872238 0.875713706 -4.236939430 0.000000000 0.000000000 -12.000000000 0.000000000 0.000000000
1776613960.633503675 0.545705199 -0.078202330 0.203024447 0.189449549 0.980086386 0.047265802 -0.036131155 -0.177494556 0.878896177 -4.178123951 0.000000000 0.000000000 -12.000000000 0.000000000 0.000000000
1776613960.639883518 0.545705199 -0.078202330 0.203024447 0.189449549 0.980086386 0.047265802 -0.036131155 -0.167211980 0.883075535 -4.120482922 0.000000000 0.000000000 -12.000000000 0.000000000 0.000000000
1776613960.644852877 0.544073999 -0.077869922 0.202934504 0.188872233 0.980204344 0.046805356 -0.036551591 -0.153097376 0.888059795 -4.064017296 0.000000000 0.000000000 -12.000000000 0.000000000 0.000000000
1776613960.649835587 0.544073999 -0.077869922 0.202934504 0.188872233 0.980204344 0.046805356 -0.036551591 -0.135298297 0.893674016 -4.008734226 0.000000000 0.000000000 -12.000000000 0.000000000 0.000000000
1776613960.654373407 0.542395651 -0.077481106 0.202858448 0.188232541 0.980331600 0.046348311 -0.037018284 -0.114023939 0.899759352 -3.954650402 0.000000000 0.000000000 -12.000000000 0.000000000 0.000000000
1776613960.658545732 0.542395651 -0.077481106 0.202858448 0.188232541 0.980331600 0.046348311 -0.037018284 -0.089534938 0.906171858 -3.901791573 0.000000000 0.000000000 -12.000000000 0.000000000 0.000000000
1776613960.665808201 0.541492462 -0.077289313 0.202805012 0.187898681 0.980395854 0.046096664 -0.037324656 -0.062136482 0.912781417 -3.850191116 0.000000000 0.000000000 -12.000000000 0.000000000 0.000000000
1776613960.668346167 0.539675713 -0.076872364 0.202687800 0.187185705 0.980530500 0.045595538 -0.037980855 -0.032173041 0.919471025 -3.799891472 0.000000000 0.000000000 -12.000000000 0.000000000 0.000000000
1776613960.674364328 0.539675713 -0.076872364 0.202687800 0.187185705 0.980530500 0.045595538 -0.037980855 -0.000023019 0.926135957 -3.750945091 0.000000000 0.000000000 -12.000000000 0.000000000 0.000000000
1776613960.678355932 0.538713336 -0.076642707 0.202626973 0.186814383 0.980596840 0.045349281 -0.038387667 0.033907849 0.932682872 -3.703417063 0.000000000 0.000000000 -12.000000000 0.000000000 0.000000000
1776613960.683299303 0.537743807 -0.076430112 0.202583224 0.186440632 0.980663717 0.045084983 -0.038805895 0.069196157 0.939027846 -3.657385349 0.000000000 0.000000000 -12.000000000 0.000000000 0.000000000
1776613960.688351393 0.536961555 -0.076237835 0.202591866 0.186066389 0.980738819 0.044832356 -0.038995985 0.105415724 0.945093572 -3.612943649 0.000000000 0.000000000 -12.000000000 0.000000000 0.000000000
1776613960.693282843 0.536271214 -0.076066911 0.202614605 0.185682043 0.980821073 0.044565126 -0.039066687 0.142156079 0.950805187 -3.570201635 0.000000000 0.000000000 -12.000000000 0.000000000 0.000000000
1776613960.698315144 0.535542130 -0.075877950 0.202601254 0.185281679 0.980904341 0.044291921 -0.039186090 0.179040104 0.956087947 -3.529279947 0.000000000 0.000000000 -12.000000000 0.000000000 0.000000000
1776613960.705161810 0.534795403 -0.075664505 0.202552080 0.184854940 0.980991423 0.044017833 -0.039330259 0.215737075 0.960866570 -3.490305185 0.000000000 0.000000000 -12.000000000 0.000000000 0.000000000
1776613960.708273649 0.533635974 -0.075249352 0.202449381 0.183952361 0.981190145 0.043464258 -0.039220888 0.251968175 0.965064943 -3.453405619 0.000000000 0.000000000 -12.000000000 0.000000000 0.000000000
1776613960.714857817 0.533635974 -0.075249352 0.202449381 0.183952361 0.981190145 0.043464258 -0.039220888 0.287506640 0.968606889 -3.418710232 0.000000000 0.000000000 -12.000000000 0.000000000 0.000000000
1776613960.718236923 0.533176899 -0.075051174 0.202417284 0.183488578 0.981297612 0.043184917 -0.039012823 0.322178185 0.971416235 -3.386347294 0.000000000 0.000000000 -12.000000000 0.000000000 0.000000000
1776613960.724956989 0.532716811 -0.074832052 0.202408016 0.183000281 0.981409431 0.042907894 -0.038798127 0.355861068 0.973416865 -3.356440783 0.000000000 0.000000000 -12.000000000 0.000000000 0.000000000
1776613960.728489637 0.532027781 -0.074298114 0.202422917 0.181922704 0.981659472 0.042385601 -0.038108740 0.388481379 0.974533379 -3.329109430 0.000000000 0.000000000 -12.000000000 0.000000000 0.000000000
1776613960.735158920 0.532027781 -0.074298114 0.202422917 0.181922704 0.981659472 0.042385601 -0.038108740 0.420003295 0.974692822 -3.304462433 0.000000000 0.000000000 -12.000000000 0.000000000 0.000000000
1776613960.738455772 0.531776726 -0.074006528 0.202436835 0.181346267 0.981795013 0.042113852 -0.037662443 0.450420141 0.973823726 -3.282597303 0.000000000 0.000000000 -12.000000000 0.000000000 0.000000000
1776613960.743267536 0.531499147 -0.073725797 0.202430248 0.180767447 0.981930435 0.041816179 -0.037244365 0.479747415 0.971854329 -3.263595104 0.000000000 0.000000000 -12.000000000 0.000000000 0.000000000
1776613960.748249292 0.531214118 -0.073442519 0.202413619 0.180190176 0.982064903 0.041513029 -0.036833912 0.508016348 0.968711853 -3.247518778 0.000000000 0.000000000 -12.000000000 0.000000000 0.000000000
1776613960.753239155 0.530930340 -0.073146380 0.202391893 0.179602727 0.982200801 0.041207425 -0.036420040 0.535267949 0.964324057 -3.234412193 0.000000000 0.000000000 -12.000000000 0.000000000 0.000000000
1776613960.758215189 0.530662119 -0.072826363 0.202372253 0.179003730 0.982338190 0.040906634 -0.036000270 0.561548054 0.958621979 -3.224301100 0.000000000 0.000000000 -12.000000000 0.000000000 0.000000000
1776613960.763272285 0.530400693 -0.072470747 0.202364832 0.178396434 0.982476175 0.040612485 -0.035580155 0.586903334 0.951542258 -3.217193604 0.000000000 0.000000000 -12.000000000 0.000000000 0.000000000
1776613960.768260479 0.530105948 -0.072109669 0.202338040 0.177816987 0.982607365 0.040299043 -0.035212103 0.611377776 0.943028748 -3.213080168 0.000000000 0.000000000 -12.000000000 0.000000000 0.000000000
1776613960.773245335 0.529812038 -0.071741179 0.202302605 0.177283823 0.982729852 0.039972618 -0.034852348 0.635009170 0.933032274 -3.211933851 0.000000000 0.000000000 -12.000000000 0.000000000 0.000000000
1776613960.778357267 0.529521167 -0.071353272 0.202259779 0.176847115 0.982833445 0.039655395 -0.034510680 0.657824934 0.921511948 -3.213712215 0.000000000 0.000000000 -12.000000000 0.000000000 0.000000000
1776613960.784918070 0.529223442 -0.070920721 0.202235579 0.176499143 0.982918322 0.039372899 -0.034195997 0.679838121 0.908436060 -3.218357563 0.000000000 0.000000000 -12.000000000 0.000000000 0.000000000
1776613960.788232803 0.528462470 -0.069803454 0.202209592 0.176038921 0.983027518 0.039004251 -0.033851009 0.701039970 0.893781483 -3.225800991 0.000000000 0.000000000 -12.000000000 0.000000000 0.000000000
1776613960.794934511 0.528462470 -0.069803454 0.202209592 0.176038921 0.983027518 0.039004251 -0.033851009 0.721394300 0.877531230 -3.235962391 0.000000000 0.000000000 -12.000000000 0.000000000 0.000000000
1776613960.798255444 0.527864039 -0.068830095 0.202246517 0.175925732 0.983082592 0.038585622 -0.033314366 0.740837395 0.859671950 -3.248753786 0.000000000 0.000000000 -12.000000000 0.000000000 0.000000000
1776613960.804948568 0.527864039 -0.068830095 0.202246517 0.175925732 0.983082592 0.038585622 -0.033314366 0.759286225 0.840194464 -3.264078617 0.000000000 0.000000000 -12.000000000 0.000000000 0.000000000
1776613960.808302164 0.527094483 -0.067734823 0.202176452 0.175818712 0.983127177 0.038186934 -0.033022825 0.776650131 0.819096386 -3.281830311 0.000000000 0.000000000 -12.000000000 0.000000000 0.000000000
1776613960.814875364 0.527094483 -0.067734823 0.202176452 0.175818712 0.983127177 0.038186934 -0.033022825 0.792842150 0.796386600 -3.301886797 0.000000000 0.000000000 -12.000000000 0.000000000 0.000000000
1776613960.818212032 0.526732922 -0.067179322 0.202120394 0.175725013 0.983157694 0.037977803 -0.032853894 0.807786703 0.772087395 -3.324112177 0.000000000 0.000000000 -12.000000000 0.000000000 0.000000000
1776613960.825118303 0.526463509 -0.066660941 0.202080697 0.175606132 0.983197510 0.037737839 -0.032573510 0.821421683 0.746233702 -3.348358631 0.000000000 0.000000000 -12.000000000 0.000000000 0.000000000
1776613960.828275681 0.526032031 -0.065694287 0.202061534 0.175206274 0.983314037 0.037157979 -0.031868279 0.833700538 0.718871355 -3.374471426 0.000000000 0.000000000 -12.000000000 0.000000000 0.000000000
1776613960.834465027 0.526032031 -0.065694287 0.202061534 0.175206274 0.983314037 0.037157979 -0.031868279 0.844592392 0.690055311 -3.402291298 0.000000000 0.000000000 -12.000000000 0.000000000 0.000000000
1776613960.838633060 0.525806665 -0.065178990 0.202064365 0.174887225 0.983393312 0.036845878 -0.031534161 0.854081869 0.659849524 -3.431655169 0.000000000 0.000000000 -12.000000000 0.000000000 0.000000000
1776613960.843386412 0.525429070 -0.064550206 0.202025980 0.174534082 0.983469069 0.036599249 -0.031416215 0.862163365 0.628326476 -3.462398529 0.000000000 0.000000000 -12.000000000 0.000000000 0.000000000
1776613960.848232269 0.524923503 -0.063815288 0.201972276 0.174166754 0.983537197 0.036450114 -0.031494420 0.868827343 0.595563173 -3.494357824 0.000000000 0.000000000 -12.000000000 0.000000000 0.000000000
1776613960.853583097 0.524414361 -0.063076191 0.201953232 0.173840538 0.983595431 0.036338802 -0.031607345 0.874042213 0.561634243 -3.527374268 0.000000000 0.000000000 -12.000000000 0.000000000 0.000000000
1776613960.859936714 0.523891926 -0.062311556 0.201979369 0.173535407 0.983646989 0.036266901 -0.031760491 0.877741635 0.526608407 -3.561295986 0.000000000 0.000000000 -12.000000000 0.000000000 0.000000000
1776613960.863706589 0.523281991 -0.061465479 0.202021301 0.173254222 0.983687401 0.036265880 -0.032043964 0.879822135 0.490549028 -3.595979452 0.000000000 0.000000000 -12.000000000 0.000000000 0.000000000
1776613960.869269848 0.522565007 -0.060498040 0.202056140 0.172939852 0.983725905 0.036333524 -0.032481562 0.880150080 0.453516364 -3.631287575 0.000000000 0.000000000 -12.000000000 0.000000000 0.000000000
1776613960.873229980 0.521770954 -0.059459463 0.202081949 0.172608957 0.983761370 0.036441658 -0.033041421 0.878573537 0.415570557 -3.667088747 0.000000000 0.000000000 -12.000000000 0.000000000 0.000000000
1776613960.878384352 0.520975173 -0.058395512 0.202102959 0.172285885 0.983793795 0.036555681 -0.033630166 0.874933362 0.376775891 -3.703255415 0.000000000 0.000000000 -12.000000000 0.000000000 0.000000000
1776613960.883249760 0.520194888 -0.057367019 0.202113956 0.171979785 0.983823836 0.036648735 -0.034212869 0.869073153 0.337205499 -3.739662886 0.000000000 0.000000000 -12.000000000 0.000000000 0.000000000
1776613960.888252735 0.519445181 -0.056348093 0.202125102 0.171688199 0.983852267 0.036730599 -0.034766216 0.860850573 0.296945512 -3.776185989 0.000000000 0.000000000 -12.000000000 0.000000000 0.000000000
1776613960.893223286 0.518744946 -0.055329978 0.202151328 0.171396241 0.983882368 0.036815248 -0.035262026 0.850152016 0.256097525 -3.812699318 0.000000000 0.000000000 -12.000000000 0.000000000 0.000000000
1776613960.898909330 0.518040001 -0.054308541 0.202159941 0.171125576 0.983908653 0.036891934 -0.035760749 0.836908162 0.214778647 -3.849074364 0.000000000 0.000000000 -12.000000000 0.000000000 0.000000000
1776613960.905623913 0.517370820 -0.053309649 0.202173382 0.170871884 0.983933747 0.036955569 -0.036213774 0.821107507 0.173120141 -3.885177851 0.000000000 0.000000000 -12.000000000 0.000000000 0.000000000
1776613960.909781694 0.516316533 -0.051493499 0.202174604 0.170408830 0.983994007 0.036947388 -0.036762390 0.802806556 0.131266266 -3.920872211 0.000000000 0.000000000 -12.000000000 0.000000000 0.000000000
1776613960.915585756 0.516316533 -0.051493499 0.202174604 0.170408830 0.983994007 0.036947388 -0.036762390 0.782135785 0.089373842 -3.956014395 0.000000000 0.000000000 -12.000000000 0.000000000 0.000000000
1776613960.919744730 0.515920281 -0.050683104 0.202163935 0.170188054 0.984031200 0.036871523 -0.036866054 0.759302616 0.047612648 -3.990457535 0.000000000 0.000000000 -12.000000000 0.000000000 0.000000000
1776613960.927924395 0.515328348 -0.049154114 0.202139735 0.169661611 0.984133959 0.036611702 -0.036807895 0.734591126 0.006165664 -4.024048328 0.000000000 0.000000000 -12.000000000 0.000000000 0.000000000
1776613960.930227757 0.515125573 -0.048462376 0.202121288 0.169357374 0.984199882 0.036403615 -0.036652684 0.708359003 -0.034771807 -4.056626320 0.000000000 0.000000000 -12.000000000 0.000000000 0.000000000
1776613960.934913158 0.515125573 -0.048462376 0.202121288 0.169357374 0.984199882 0.036403615 -0.036652684 0.681032002 -0.074994683 -4.088022232 0.000000000 0.000000000 -12.000000000 0.000000000 0.000000000
1776613960.939801216 0.515029192 -0.047842979 0.202105701 0.169051632 0.984273136 0.036134180 -0.036362324 0.653092563 -0.114292286 -4.118059158 0.000000000 0.000000000 -12.000000000 0.000000000 0.000000000
1776613960.944786072 0.515002489 -0.047271978 0.202095866 0.168709680 0.984357715 0.035807449 -0.035982978 0.625063479 -0.152453139 -4.146554470 0.000000000 0.000000000 -12.000000000 0.000000000 0.000000000
1776613960.949896097 0.514988363 -0.046732523 0.202082217 0.168350413 0.984447181 0.035433717 -0.035586093 0.597489655 -0.189268723 -4.173325539 0.000000000 0.000000000 -12.000000000 0.000000000 0.000000000
1776613960.954572678 0.514997661 -0.046217442 0.202060640 0.167972252 0.984541833 0.035025392 -0.035156168 0.570923030 -0.224535972 -4.198190212 0.000000000 0.000000000 -12.000000000 0.000000000 0.000000000
1776613960.959527016 0.515049160 -0.045730069 0.202049553 0.167584136 0.984640419 0.034586295 -0.034678377 0.545907915 -0.258059800 -4.220971107 0.000000000 0.000000000 -12.000000000 0.000000000 0.000000000
1776613960.963995934 0.515124559 -0.045282461 0.202047914 0.167202055 0.984739780 0.034108393 -0.034171529 0.522967756 -0.289656162 -4.241500378 0.000000000 0.000000000 -12.000000000 0.000000000 0.000000000
1776613960.968907118 0.515189290 -0.044833370 0.202037185 0.166800886 0.984842002 0.033601973 -0.033683017 0.502591372 -0.319154888 -4.259622097 0.000000000 0.000000000 -12.000000000 0.000000000 0.000000000
1776613960.973602533 0.515229642 -0.044380900 0.202020824 0.166404337 0.984942257 0.033075415 -0.033232722 0.485220969 -0.346402705 -4.275198936 0.000000000 0.000000000 -12.000000000 0.000000000 0.000000000
1776613960.978283167 0.515250087 -0.043933831 0.202001095 0.166004255 0.985042155 0.032524902 -0.032813042 0.471240759 -0.371265858 -4.288111210 0.000000000 0.000000000 -12.000000000 0.000000000 0.000000000
1776613960.983381987 0.515255153 -0.043481871 0.201967329 0.165611088 0.985139966 0.031952616 -0.032422002 0.460968643 -0.393632472 -4.298262596 0.000000000 0.000000000 -12.000000000 0.000000000 0.000000000
1776613960.990659952 0.515233040 -0.043033265 0.201923847 0.165231586 0.985234141 0.031364795 -0.032070227 0.454650551 -0.413413763 -4.305581570 0.000000000 0.000000000 -12.000000000 0.000000000 0.000000000
1776613960.993943930 0.515123129 -0.042118646 0.201854676 0.164510757 0.985411108 0.030179858 -0.031469334 0.452458233 -0.430544525 -4.310020924 0.000000000 0.000000000 -12.000000000 0.000000000 0.000000000
1776613960.998295546 0.515123129 -0.042118646 0.201854676 0.164510757 0.985411108 0.030179858 -0.031469334 0.454489321 -0.444983006 -4.311561584 0.000000000 0.000000000 -12.000000000 0.000000000 0.000000000
1776613961.007903576 0.515054047 -0.041672856 0.201822370 0.164174199 0.985494375 0.029572876 -0.031194860 0.460769057 -0.456711203 -4.310213089 0.000000000 0.000000000 -12.000000000 0.000000000 0.000000000
1776613961.010247469 0.514945865 -0.041215077 0.201788425 0.163836271 0.985575795 0.028961154 -0.030972963 0.471253663 -0.465735376 -4.306013107 0.000000000 0.000000000 -12.000000000 0.000000000 0.000000000
1776613961.013203144 0.514945865 -0.041215077 0.201788425 0.163836271 0.985575795 0.028961154 -0.030972963 0.485834479 -0.472086757 -4.299027920 0.000000000 0.000000000 -12.000000000 0.000000000 0.000000000
1776613961.019104004 0.514689207 -0.040276803 0.201705724 0.163162708 0.985734284 0.027718358 -0.030620337 0.504343629 -0.475821465 -4.289350033 0.000000000 0.000000000 -12.000000000 0.000000000 0.000000000
1776613961.023181677 0.514572501 -0.039796490 0.201670051 0.162818626 0.985813975 0.027094726 -0.030443911 0.526561260 -0.477018982 -4.277096272 0.000000000 0.000000000 -12.000000000 0.000000000 0.000000000
1776613961.028227806 0.514426172 -0.039308019 0.201621592 0.162478715 0.985890746 0.026471822 -0.030320367 0.552223623 -0.475780487 -4.262408733 0.000000000 0.000000000 -12.000000000 0.000000000 0.000000000
1776613961.033196926 0.514295518 -0.038825147 0.201580018 0.162149236 0.985965550 0.025848564 -0.030189751 0.581030548 -0.472227395 -4.245447636 0.000000000 0.000000000 -12.000000000 0.000000000 0.000000000
1776613961.038200617 0.514203489 -0.038351908 0.201556027 0.161836907 0.986038208 0.025226554 -0.030018717 0.612652957 -0.466500133 -4.226393700 0.000000000 0.000000000 -12.000000000 0.000000000 0.000000000
1776613961.043236494 0.514113307 -0.037893951 0.201526821 0.161544219 0.986106873 0.024602104 -0.029856941 0.646740913 -0.458756566 -4.205445290 0.000000000 0.000000000 -12.000000000 0.000000000 0.000000000
1776613961.048192263 0.514033735 -0.037459012 0.201492608 0.161267549 0.986172736 0.023962483 -0.029696973 0.682931840 -0.449170709 -4.182815552 0.000000000 0.000000000 -12.000000000 0.000000000 0.000000000
1776613961.053388596 0.513969839 -0.037016328 0.201466203 0.160988152 0.986238599 0.023330191 -0.029529370 0.720857918 -0.437931746 -4.158732414 0.000000000 0.000000000 -12.000000000 0.000000000 0.000000000
1776613961.058191061 0.513862729 -0.036501862 0.201430261 0.160716310 0.986298800 0.022765130 -0.029439023 0.760149598 -0.425244868 -4.133434296 0.000000000 0.000000000 -12.000000000 0.000000000 0.000000000
1776613961.063209772 0.513805687 -0.035939783 0.201408207 0.160467625 0.986354291 0.022270780 -0.029314669 0.800435007 -0.411334127 -4.107167721 0.000000000 0.000000000 -12.000000000 0.000000000 0.000000000
1776613961.068228245 0.513810039 -0.035344400 0.201399684 0.160268918 0.986400843 0.021858102 -0.029146215 0.841341794 -0.396446824 -4.080185413 0.000000000 0.000000000 -12.000000000 0.000000000 0.000000000
1776613961.073215008 0.513779819 -0.034676712 0.201390445 0.160130635 0.986432970 0.021548199 -0.029049523 0.882500589 -0.380857974 -4.052742958 0.000000000 0.000000000 -12.000000000 0.000000000 0.000000000
1776613961.078401804 0.513733089 -0.033907454 0.201391429 0.160022885 0.986455977 0.021363903 -0.028998476 0.923548818 -0.364873379 -4.025095463 0.000000000 0.000000000 -12.000000000 0.000000000 0.000000000
1776613961.083325863 0.513771057 -0.033007924 0.201422960 0.159968793 0.986468196 0.021360192 -0.028883537 0.964133203 -0.348830342 -3.997498751 0.000000000 0.000000000 -12.000000000 0.000000000 0.000000000
1776613961.089624643 0.513831794 -0.032005951 0.201454461 0.159938589 0.986473441 0.021486558 -0.028776200 1.003914118 -0.333097130 -3.970200300 0.000000000 0.000000000 -12.000000000 0.000000000 0.000000000
1776613961.093193293 0.513893425 -0.030931963 0.201472074 0.159944609 0.986469746 0.021716304 -0.028697899 1.042570829 -0.318070352 -3.943436146 0.000000000 0.000000000 -12.000000000 0.000000000 0.000000000
1776613961.099644661 0.513989270 -0.029769795 0.201484114 0.159998640 0.986455321 0.022081604 -0.028614290 1.079807758 -0.304170161 -3.917425871 0.000000000 0.000000000 -12.000000000 0.000000000 0.000000000
1776613961.103194237 0.514211655 -0.028533028 0.201517254 0.160071775 0.986438513 0.022567078 -0.028404411 1.115362883 -0.291832417 -3.892369032 0.000000000 0.000000000 -12.000000000 0.000000000 0.000000000
1776613961.109733582 0.514608860 -0.027292743 0.201579392 0.160156116 0.986424387 0.023100713 -0.027988115 1.149021387 -0.281497627 -3.868442774 0.000000000 0.000000000 -12.000000000 0.000000000 0.000000000
1776613961.113307238 0.515414417 -0.024837695 0.201627344 0.160198510 0.986416876 0.024129802 -0.027128521 1.180632830 -0.273597270 -3.845798492 0.000000000 0.000000000 -12.000000000 0.000000000 0.000000000
1776613961.119646549 0.515414417 -0.024837695 0.201627344 0.160198510 0.986416876 0.024129802 -0.027128521 1.210119247 -0.268538266 -3.824559450 0.000000000 0.000000000 -12.000000000 0.000000000 0.000000000
1776613961.123223066 0.516325593 -0.022350870 0.201586246 0.159928888 0.986461580 0.025111126 -0.026187237 1.237473369 -0.266687453 -3.804817915 0.000000000 0.000000000 -12.000000000 0.000000000 0.000000000
1776613961.128180742 0.516325593 -0.022350870 0.201586246 0.159928888 0.986461580 0.025111126 -0.026187237 1.262748241 -0.268357992 -3.786635637 0.000000000 0.000000000 -12.000000000 0.000000000 0.000000000
1776613961.133219719 0.516842484 -0.021102794 0.201572418 0.159739420 0.986492932 0.025617979 -0.025665851 1.286039233 -0.273800224 -3.770045996 0.000000000 0.000000000 -12.000000000 0.000000000 0.000000000
1776613961.138321400 0.517273903 -0.019832311 0.201560915 0.159547672 0.986519992 0.026160227 -0.025268264 1.307462573 -0.283198595 -3.755056858 0.000000000 0.000000000 -12.000000000 0.000000000 0.000000000
1776613961.143180370 0.517675161 -0.018568091 0.201570421 0.159378007 0.986541450 0.026711412 -0.024922978 1.327136636 -0.296671927 -3.741652250 0.000000000 0.000000000 -12.000000000 0.000000000 0.000000000
1776613961.148172379 0.518117130 -0.017410925 0.201600879 0.159197524 0.986567974 0.027177235 -0.024519168 1.345170856 -0.314269096 -3.729797363 0.000000000 0.000000000 -12.000000000 0.000000000 0.000000000
1776613961.153141975 0.518498659 -0.016290449 0.201619565 0.159017235 0.986593604 0.027598856 -0.024184829 1.361665249 -0.335961998 -3.719441175 0.000000000 0.000000000 -12.000000000 0.000000000 0.000000000
1776613961.158220053 0.518897772 -0.015077677 0.201649219 0.158787608 0.986625135 0.028086022 -0.023842838 1.376713157 -0.361643761 -3.710517645 0.000000000 0.000000000 -12.000000000 0.000000000 0.000000000
1776613961.163668156 0.519384623 -0.013784301 0.201685071 0.158569634 0.986654341 0.028653793 -0.023406306 1.390405893 -0.391135722 -3.702945948 0.000000000 0.000000000 -12.000000000 0.000000000 0.000000000
1776613961.168162107 0.519774020 -0.012487022 0.201686412 0.158421591 0.986668110 0.029249150 -0.023089895 1.402836323 -0.424199820 -3.696629047 0.000000000 0.000000000 -12.000000000 0.000000000 0.000000000
1776613961.173380136 0.520152092 -0.011248523 0.201682627 0.158385545 0.986663103 0.029848199 -0.022782609 1.414103627 -0.460553825 -3.691454411 0.000000000 0.000000000 -12.000000000 0.000000000 0.000000000
1776613961.178262234 0.520624161 -0.010048606 0.201691508 0.158404335 0.986651063 0.030459045 -0.022361482 1.424312234 -0.499883354 -3.687296867 0.000000000 0.000000000 -12.000000000 0.000000000 0.000000000
1776613961.183157444 0.521066666 -0.008827951 0.201679647 0.158447802 0.986632586 0.031088822 -0.021997813 1.433568954 -0.541847765 -3.684021711 0.000000000 0.000000000 -12.000000000 0.000000000 0.000000000
1776613961.188229084 0.521430910 -0.007564807 0.201656699 0.158453003 0.986617148 0.031721294 -0.021749068 1.441975236 -0.586078763 -3.681486130 0.000000000 0.000000000 -12.000000000 0.000000000 0.000000000
1776613961.194116831 0.521754503 -0.006277585 0.201636016 0.158425376 0.986605167 0.032350197 -0.021565998 1.449618816 -0.632175386 -3.679541349 0.000000000 0.000000000 -12.000000000 0.000000000 0.000000000
1776613961.198443174 0.522090793 -0.005033348 0.201638222 0.158375815 0.986597538 0.032947689 -0.021375202 1.456566572 -0.679702461 -3.678036690 0.000000000 0.000000000 -12.000000000 0.000000000 0.000000000
1776613961.203700066 0.522442281 -0.003903782 0.201661557 0.158325389 0.986593246 0.033448849 -0.021164872 1.462860823 -0.728194714 -3.676826954 0.000000000 0.000000000 -12.000000000 0.000000000 0.000000000
1776613961.208215714 0.522734165 -0.002873410 0.201672912 0.158249050 0.986595154 0.033841252 -0.021022761 1.468519688 -0.777162254 -3.675774097 0.000000000 0.000000000 -12.000000000 0.000000000 0.000000000
1776613961.213371277 0.522881508 -0.001860276 0.201644748 0.158113196 0.986605287 0.034155846 -0.021062950 1.473542094 -0.826095462 -3.674750566 0.000000000 0.000000000 -12.000000000 0.000000000 0.000000000
1776613961.218147993 0.522998989 -0.000867322 0.201598436 0.157891110 0.986630797 0.034395043 -0.021142814 1.477909923 -0.874468625 -3.673639774 0.000000000 0.000000000 -12.000000000 0.000000000 0.000000000
1776613961.223175526 0.523078144 0.000068694 0.201536834 0.157591224 0.986671448 0.034528174 -0.021266885 1.481591105 -0.921742558 -3.672341108 0.000000000 0.000000000 -12.000000000 0.000000000 0.000000000
1776613961.228223801 0.523108780 0.000925094 0.201463014 0.157235235 0.986723781 0.034547456 -0.021441845 1.484540701 -0.967369616 -3.670773506 0.000000000 0.000000000 -12.000000000 0.000000000 0.000000000
1776613961.233347416 0.523139000 0.001709841 0.201404810 0.156857118 0.986782491 0.034483667 -0.021610605 1.486705422 -1.010800481 -3.668878078 0.000000000 0.000000000 -12.000000000 0.000000000 0.000000000
1776613961.239592552 0.523178697 0.002426198 0.201358616 0.156479821 0.986843526 0.034354869 -0.021764616 1.488029957 -1.051493526 -3.666620255 0.000000000 0.000000000 -12.000000000 0.000000000 0.000000000
1776613961.243812084 0.523208857 0.003059277 0.201311260 0.156120151 0.986904562 0.034138124 -0.021919809 1.488466740 -1.088925123 -3.663993120 0.000000000 0.000000000 -12.000000000 0.000000000 0.000000000
1776613961.248848677 0.523273230 0.003629062 0.201265633 0.155750468 0.986970603 0.033844721 -0.022030858 1.487984180 -1.122600079 -3.661018372 0.000000000 0.000000000 -12.000000000 0.000000000 0.000000000
1776613961.253234863 0.523338020 0.004143193 0.201195329 0.155390695 0.987037063 0.033481061 -0.022149714 1.486574411 -1.152059674 -3.657748461 0.000000000 0.000000000 -12.000000000 0.000000000 0.000000000
1776613961.258279085 0.523437619 0.004598456 0.201103508 0.155037835 0.987105191 0.033043776 -0.022242440 1.484257102 -1.176891327 -3.654268026 0.000000000 0.000000000 -12.000000000 0.000000000 0.000000000
1776613961.263217688 0.523603380 0.005003201 0.201013923 0.154688343 0.987175941 0.032549407 -0.022265900 1.481079698 -1.196734667 -3.650694609 0.000000000 0.000000000 -12.000000000 0.000000000 0.000000000
1776613961.268224001 0.523802221 0.005353542 0.200940192 0.154361874 0.987245142 0.032005735 -0.022249784 1.477119327 -1.211288929 -3.647180080 0.000000000 0.000000000 -12.000000000 0.000000000 0.000000000
1776613961.273414373 0.524021804 0.005649330 0.200881600 0.154050723 0.987313867 0.031412140 -0.022204060 1.472482800 -1.220317841 -3.643909693 0.000000000 0.000000000 -12.000000000 0.000000000 0.000000000
1776613961.278768778 0.524288833 0.005908530 0.200836360 0.153766617 0.987379909 0.030784760 -0.022114452 1.467307806 -1.223652482 -3.641100407 0.000000000 0.000000000 -12.000000000 0.000000000 0.000000000
1776613961.283390760 0.524604023 0.006132772 0.200801462 0.153506413 0.987443626 0.030128749 -0.021979464 1.461762786 -1.221193552 -3.639001369 0.000000000 0.000000000 -12.000000000 0.000000000 0.000000000
1776613961.289284229 0.524953127 0.006324137 0.200774103 0.153270051 0.987504721 0.029447762 -0.021806179 1.456046820 -1.212913156 -3.637889385 0.000000000 0.000000000 -12.000000000 0.000000000 0.000000000
1776613961.293187141 0.525306940 0.006487745 0.200736076 0.153044447 0.987564504 0.028737364 -0.021632129 1.450388193 -1.198854685 -3.638066530 0.000000000 0.000000000 -12.000000000 0.000000000 0.000000000
1776613961.299678564 0.525669634 0.006633333 0.200690657 0.152837515 0.987621009 0.028014464 -0.021461304 1.445041895 -1.179131985 -3.639854431 0.000000000 0.000000000 -12.000000000 0.000000000 0.000000000
1776613961.303177595 0.526039243 0.006763760 0.200654417 0.152635515 0.987676561 0.027283194 -0.021285163 1.440285683 -1.153925419 -3.643591642 0.000000000 0.000000000 -12.000000000 0.000000000 0.000000000
1776613961.308499098 0.526455581 0.006897184 0.200644523 0.152427077 0.987733185 0.026565066 -0.021058772 1.436415911 -1.123476028 -3.649627209 0.000000000 0.000000000 -12.000000000 0.000000000 0.000000000
1776613961.313373566 0.526849866 0.007030698 0.200629383 0.152213112 0.987789452 0.025843706 -0.020864081 1.433740735 -1.088079810 -3.658316612 0.000000000 0.000000000 -12.000000000 0.000000000 0.000000000
1776613961.319442034 0.527243853 0.007171066 0.200621277 0.151993766 0.987845480 0.025130708 -0.020680560 1.432573676 -1.048081875 -3.670016050 0.000000000 0.000000000 -12.000000000 0.000000000 0.000000000
1776613961.323440552 0.527599931 0.007310384 0.200606465 0.151760310 0.987902224 0.024405597 -0.020550920 1.433224440 -1.003870606 -3.685075283 0.000000000 0.000000000 -12.000000000 0.000000000 0.000000000
1776613961.328263283 0.527984142 0.007453056 0.200594038 0.151523739 0.987958908 0.023687828 -0.020411449 1.435990930 -0.955872715 -3.703834057 0.000000000 0.000000000 -12.000000000 0.000000000 0.000000000
1776613961.333168268 0.528369606 0.007581184 0.200587898 0.151279449 0.988016129 0.022966765 -0.020278707 1.441150308 -0.904546082 -3.726616383 0.000000000 0.000000000 -12.000000000 0.000000000 0.000000000
1776613961.338102818 0.528731823 0.007703749 0.200572401 0.151035920 0.988071680 0.022242114 -0.020192619 1.448952436 -0.850373626 -3.753727198 0.000000000 0.000000000 -12.000000000 0.000000000 0.000000000
1776613961.343652010 0.529042244 0.007823363 0.200541884 0.150804445 0.988123357 0.021517297 -0.020181170 1.459614158 -0.793856144 -3.785445690 0.000000000 0.000000000 -12.000000000 0.000000000 0.000000000
1776613961.348461866 0.529338360 0.007938050 0.200502813 0.150578946 0.988172591 0.020798219 -0.020207720 1.473314762 -0.735505402 -3.822022438 0.000000000 0.000000000 -12.000000000 0.000000000 0.000000000
1776613961.353324175 0.529621840 0.008053680 0.200463951 0.150365531 0.988218606 0.020084191 -0.020267475 1.490192056 -0.675837219 -3.863676548 0.000000000 0.000000000 -12.000000000 0.000000000 0.000000000
1776613961.359673738 0.529895723 0.008167120 0.200424850 0.150159493 0.988262415 0.019369258 -0.020356458 1.510339975 -0.615365267 -3.910594225 0.000000000 0.000000000 -12.000000000 0.000000000 0.000000000
1776613961.363203049 0.530151248 0.008285360 0.200390518 0.149952039 0.988304913 0.018660435 -0.020482060 1.533806324 -0.554595768 -3.962926865 0.000000000 0.000000000 -12.000000000 0.000000000 0.000000000
1776613961.369314432 0.530394316 0.008410083 0.200375110 0.149743900 0.988346219 0.017958382 -0.020641325 1.560593367 -0.494021982 -4.020791531 0.000000000 0.000000000 -12.000000000 0.000000000 0.000000000
1776613961.374014854 0.530631959 0.008533448 0.200361580 0.149540588 0.988385677 0.017261503 -0.020818060 1.590659022 -0.434119463 -4.084269047 0.000000000 0.000000000 -12.000000000 0.000000000 0.000000000
1776613961.378300905 0.530870616 0.008646167 0.200345099 0.149334684 0.988424599 0.016567953 -0.021010118 1.623921752 -0.375341505 -4.153405666 0.000000000 0.000000000 -12.000000000 0.000000000 0.000000000
1776613961.383190870 0.531082749 0.008758113 0.200325668 0.149127245 0.988462210 0.015875146 -0.021248013 1.660265565 -0.318115473 -4.228212357 0.000000000 0.000000000 -12.000000000 0.000000000 0.000000000
1776613961.388475657 0.531271875 0.008859614 0.200291514 0.148927465 0.988497138 0.015180310 -0.021530069 1.699544430 -0.262839526 -4.308665752 0.000000000 0.000000000 -12.000000000 0.000000000 0.000000000
1776613961.393370867 0.531485975 0.008946168 0.200253069 0.148726791 0.988532126 0.014490133 -0.021784976 1.741587400 -0.209880903 -4.394711494 0.000000000 0.000000000 -12.000000000 0.000000000 0.000000000
1776613961.398253202 0.531687915 0.009021417 0.200217247 0.148513034 0.988567948 0.013794041 -0.022067768 1.786204219 -0.159574360 -4.486263275 0.000000000 0.000000000 -12.000000000 0.000000000 0.000000000
1776613961.403117180 0.531879306 0.009087631 0.200191528 0.148313612 0.988600612 0.013101474 -0.022366973 1.833193421 -0.112221733 -4.583207607 0.000000000 0.000000000 -12.000000000 0.000000000 0.000000000
1776613961.408951998 0.532098711 0.009156242 0.200165421 0.148099810 0.988634825 0.012425818 -0.022655183 1.882348895 -0.068091519 -4.685407162 0.000000000 0.000000000 -12.000000000 0.000000000 0.000000000
1776613961.413116455 0.532330871 0.009221384 0.200145304 0.147909418 0.988664865 0.011772805 -0.022935722 1.933464050 -0.027419010 -4.792700768 0.000000000 0.000000000 -12.000000000 0.000000000 0.000000000
1776613961.418214321 0.532539070 0.009303453 0.200113118 0.147719711 0.988692641 0.011144653 -0.023271039 1.986336231 0.009592804 -4.904908657 0.000000000 0.000000000 -12.000000000 0.000000000 0.000000000
1776613961.423348188 0.532725334 0.009378675 0.200077593 0.147560611 0.988714278 0.010530218 -0.023643618 2.040767908 0.042771719 -5.021832943 0.000000000 0.000000000 -12.000000000 0.000000000 0.000000000
1776613961.428172588 0.532956719 0.009463892 0.200055420 0.147404417 0.988735437 0.009948153 -0.023984183 2.096569538 0.071975164 -5.143262863 0.000000000 0.000000000 -12.000000000 0.000000000 0.000000000
1776613961.433215141 0.533268571 0.009520323 0.200064123 0.147264227 0.988755822 0.009368246 -0.024236841 2.153559685 0.097089484 -5.268978119 0.000000000 0.000000000 -12.000000000 0.000000000 0.000000000
1776613961.438193321 0.533573985 0.009580074 0.200068027 0.147115216 0.988776505 0.008797153 -0.024509577 2.211567640 0.118029214 -5.398750782 0.000000000 0.000000000 -12.000000000 0.000000000 0.000000000
1776613961.443360329 0.533855438 0.009646722 0.200071186 0.146980435 0.988793492 0.008246564 -0.024822338 2.270438194 0.134736404 -5.532347202 0.000000000 0.000000000 -12.000000000 0.000000000 0.000000000
1776613961.448162317 0.534137785 0.009701443 0.200062245 0.146844745 0.988809943 0.007702834 -0.025142765 2.330034256 0.147180542 -5.669529915 0.000000000 0.000000000 -12.000000000 0.000000000 0.000000000
1776613961.453151941 0.534431398 0.009741286 0.200063467 0.146718234 0.988824844 0.007168294 -0.025452297 2.390236855 0.155358985 -5.810060024 0.000000000 0.000000000 -12.000000000 0.000000000 0.000000000
1776613961.458155632 0.534754634 0.009758059 0.200073868 0.146578908 0.988842070 0.006624579 -0.025732139 2.450947762 0.159297124 -5.953696728 0.000000000 0.000000000 -12.000000000 0.000000000 0.000000000
1776613961.463144779 0.535062790 0.009787036 0.200079292 0.146424383 0.988860428 0.006090474 -0.026034847 2.512088060 0.159048080 -6.100200176 0.000000000 0.000000000 -12.000000000 0.000000000 0.000000000
1776613961.468158960 0.535376489 0.009813322 0.200068593 0.146247610 0.988881588 0.005565546 -0.026341226 2.573596716 0.154692203 -6.249329567 0.000000000 0.000000000 -12.000000000 0.000000000 0.000000000
1776613961.473365068 0.535733402 0.009848840 0.200062960 0.146064714 0.988904417 0.005068549 -0.026598230 2.635429382 0.146336123 -6.400839806 0.000000000 0.000000000 -12.000000000 0.000000000 0.000000000
1776613961.478170633 0.536165595 0.009860866 0.200072348 0.145882517 0.988928974 0.004583078 -0.026771823 2.697557926 0.134110883 -6.554483891 0.000000000 0.000000000 -12.000000000 0.000000000 0.000000000
1776613961.483186483 0.536654294 0.009850785 0.200091064 0.145689860 0.988956690 0.004098463 -0.026875302 2.759973288 0.118169300 -6.710008621 0.000000000 0.000000000 -12.000000000 0.000000000 0.000000000
1776613961.489908218 0.537158728 0.009850431 0.200106800 0.145492375 0.988985300 0.003626710 -0.026960997 2.822688341 0.098683514 -6.867158413 0.000000000 0.000000000 -12.000000000 0.000000000 0.000000000
1776613961.494246721 0.537797570 0.009848583 0.200140119 0.145294413 0.989017904 0.003193995 -0.026887311 2.885738850 0.075842001 -7.025671482 0.000000000 0.000000000 -12.000000000 0.000000000 0.000000000
1776613961.498440027 0.538495064 0.009845927 0.200154096 0.145079106 0.989054799 0.002785693 -0.026736837 2.949186563 0.049845226 -7.185281277 0.000000000 0.000000000 -12.000000000 0.000000000 0.000000000
1776613961.503428698 0.539217830 0.009866216 0.200146645 0.144860357 0.989092708 0.002409110 -0.026557099 3.013125181 0.020899747 -7.345713615 0.000000000 0.000000000 -12.000000000 0.000000000 0.000000000
1776613961.508133888 0.540046692 0.009889208 0.200142413 0.144672334 0.989129186 0.002073123 -0.026250711 3.077680826 -0.010787771 -7.506688118 0.000000000 0.000000000 -12.000000000 0.000000000 0.000000000
1776613961.513339281 0.541010499 0.009907258 0.200135112 0.144498721 0.989167571 0.001773898 -0.025778634 3.143010378 -0.045015547 -7.667920589 0.000000000 0.000000000 -12.000000000 0.000000000 0.000000000
1776613961.518227816 0.542020738 0.009932087 0.200118899 0.144301087 0.989210606 0.001491759 -0.025246540 3.209297657 -0.081589408 -7.829120159 0.000000000 0.000000000 -12.000000000 0.000000000 0.000000000
1776613961.523252010 0.543085694 0.009964590 0.200113982 0.144104600 0.989254773 0.001233997 -0.024644591 3.276746273 -0.120323762 -7.989994049 0.000000000 0.000000000 -12.000000000 0.000000000 0.000000000
1776613961.528127193 0.544310749 0.010012365 0.200157255 0.143951967 0.989296556 0.001047764 -0.023853803 3.345570803 -0.161042839 -8.150245667 0.000000000 0.000000000 -12.000000000 0.000000000 0.000000000
1776613961.533485889 0.545630276 0.010072739 0.200213879 0.143846303 0.989333451 0.000910794 -0.022951063 3.415987015 -0.203582183 -8.309579849 0.000000000 0.000000000 -12.000000000 0.000000000 0.000000000
1776613961.538128138 0.546959519 0.010150286 0.200258583 0.143743098 0.989369392 0.000798084 -0.022033582 3.488201857 -0.247788936 -8.467702866 0.000000000 0.000000000 -12.000000000 0.000000000 0.000000000
1776613961.543178797 0.548278511 0.010239786 0.200270593 0.143624023 0.989406586 0.000711817 -0.021123301 3.562405825 -0.293521106 -8.624321938 0.000000000 0.000000000 -12.000000000 0.000000000 0.000000000
1776613961.548198938 0.549600482 0.010333450 0.200263470 0.143516779 0.989441335 0.000650981 -0.020208158 3.638763189 -0.340647012 -8.779149055 0.000000000 0.000000000 -12.000000000 0.000000000 0.000000000
1776613961.553387165 0.550957501 0.010439768 0.200263113 0.143435135 0.989472330 0.000621350 -0.019248147 3.717402935 -0.389045060 -8.931898117 0.000000000 0.000000000 -12.000000000 0.000000000 0.000000000
1776613961.558159590 0.552353024 0.010598853 0.200269699 0.143385515 0.989498496 0.000661527 -0.018244263 3.798412323 -0.438603044 -9.082291603 0.000000000 0.000000000 -12.000000000 0.000000000 0.000000000
1776613961.563134432 0.553751349 0.010802126 0.200279742 0.143361479 0.989519894 0.000763304 -0.017242450 3.881830454 -0.489217281 -9.230063438 0.000000000 0.000000000 -12.000000000 0.000000000 0.000000000
1776613961.568281651 0.555149555 0.011027049 0.200286388 0.143346399 0.989538789 0.000916226 -0.016245037 3.967643976 -0.540792704 -9.374962807 0.000000000 0.000000000 -12.000000000 0.000000000 0.000000000
1776613961.573335648 0.556505859 0.011263561 0.200291753 0.143334523 0.989555240 0.001101444 -0.015310244 4.055778027 -0.593242705 -9.516755104 0.000000000 0.000000000 -12.000000000 0.000000000 0.000000000
1776613961.578160524 0.557825506 0.011513211 0.200292677 0.143333554 0.989568353 0.001306408 -0.014433044 4.146088123 -0.646486044 -9.655229568 0.000000000 0.000000000 -12.000000000 0.000000000 0.000000000
1776613961.583163977 0.559077263 0.011776730 0.200283855 0.143335104 0.989578903 0.001513818 -0.013649177 4.238351345 -0.700441182 -9.790199280 0.000000000 0.000000000 -12.000000000 0.000000000 0.000000000
1776613961.593205452 0.560215294 0.012037645 0.200259119 0.143328041 0.989588320 0.001704021 -0.013006563 4.332261086 -0.755019367 -9.921505928 0.000000000 0.000000000 -12.000000000 0.000000000 0.000000000
1776613961.594166040 0.562017739 0.012442319 0.200210333 0.143230304 0.989611328 0.001902263 -0.012282752 4.427425861 -0.810118735 -10.049024582 0.000000000 0.000000000 -12.000000000 0.000000000 0.000000000
1776613961.598456383 0.562017739 0.012442319 0.200210333 0.143230304 0.989611328 0.001902263 -0.012282752 4.523367882 -0.865617037 -10.172666550 0.000000000 0.000000000 -12.000000000 0.000000000 0.000000000
1776613961.603499174 0.562770307 0.012596192 0.200201631 0.143128335 0.989628315 0.001929807 -0.012096918 4.619530201 -0.921367288 -10.292380333 0.000000000 0.000000000 -12.000000000 0.000000000 0.000000000
1776613961.608350992 0.563466728 0.012738258 0.200199097 0.142993316 0.989649177 0.001927667 -0.011988357 4.715285778 -0.977196574 -10.408162117 0.000000000 0.000000000 -12.000000000 0.000000000 0.000000000
1776613961.613176584 0.564014256 0.012872662 0.200163990 0.142834842 0.989671230 0.001878078 -0.012062543 4.809957981 -1.032910824 -10.520050049 0.000000000 0.000000000 -12.000000000 0.000000000 0.000000000
1776613961.618252993 0.564585567 0.013006426 0.200150192 0.142678186 0.989693344 0.001829993 -0.012112516 4.902843475 -1.088302851 -10.628129005 0.000000000 0.000000000 -12.000000000 0.000000000 0.000000000
1776613961.623107195 0.565149069 0.013128867 0.200151056 0.142533422 0.989713669 0.001782520 -0.012163145 4.993236065 -1.143162966 -10.732534409 0.000000000 0.000000000 -12.000000000 0.000000000 0.000000000
1776613961.628112078 0.565754175 0.013255530 0.200164288 0.142403960 0.989732265 0.001758985 -0.012167417 5.080455780 -1.197289467 -10.833453178 0.000000000 0.000000000 -12.000000000 0.000000000 0.000000000
1776613961.633385658 0.566444278 0.013393006 0.200199366 0.142309293 0.989747107 0.001791347 -0.012063533 5.163872242 -1.250499010 -10.931119919 0.000000000 0.000000000 -12.000000000 0.000000000 0.000000000
1776613961.638316870 0.567135215 0.013542471 0.200199842 0.142242774 0.989757836 0.001858355 -0.011956605 5.242931366 -1.302637100 -11.025812149 0.000000000 0.000000000 -12.000000000 0.000000000 0.000000000
1776613961.643330574 0.567835331 0.013684470 0.200184017 0.142193660 0.989766240 0.001933862 -0.011834012 5.317170620 -1.353585720 -11.117843628 0.000000000 0.000000000 -12.000000000 0.000000000 0.000000000
1776613961.648136377 0.568642974 0.013832410 0.200177401 0.142157018 0.989774227 0.002047215 -0.011585100 5.386229515 -1.403267264 -11.207556725 0.000000000 0.000000000 -12.000000000 0.000000000 0.000000000
1776613961.653328180 0.569567561 0.014005354 0.200183868 0.142131463 0.989781976 0.002218591 -0.011195428 5.449849129 -1.451644182 -11.295307159 0.000000000 0.000000000 -12.000000000 0.000000000 0.000000000
1776613961.658211231 0.570503891 0.014217392 0.200200677 0.142121434 0.989787340 0.002443238 -0.010794385 5.507869244 -1.498716354 -11.381457329 0.000000000 0.000000000 -12.000000000 0.000000000 0.000000000
1776613961.663348436 0.571484685 0.014470238 0.200241238 0.142144412 0.989788055 0.002745597 -0.010346607 5.560221195 -1.544518232 -11.466362000 0.000000000 0.000000000 -12.000000000 0.000000000 0.000000000
1776613961.668161392 0.572506011 0.014771489 0.200314522 0.142209321 0.989782512 0.003137870 -0.009859944 5.606912136 -1.589114666 -11.550356865 0.000000000 0.000000000 -12.000000000 0.000000000 0.000000000
1776613961.673354626 0.573563099 0.015115255 0.200402617 0.142314017 0.989770889 0.003609636 -0.009344515 5.648009300 -1.632596850 -11.633742332 0.000000000 0.000000000 -12.000000000 0.000000000 0.000000000
1776613961.678224325 0.574625552 0.015487956 0.200489670 0.142452538 0.989753604 0.004139724 -0.008831235 5.683626175 -1.675077677 -11.716780663 0.000000000 0.000000000 -12.000000000 0.000000000 0.000000000
1776613961.683321953 0.575672030 0.015893295 0.200541437 0.142626062 0.989730120 0.004727569 -0.008351735 5.713906765 -1.716686130 -11.799687386 0.000000000 0.000000000 -12.000000000 0.000000000 0.000000000
1776613961.688146591 0.576692760 0.016317567 0.200567633 0.142826438 0.989701688 0.005354022 -0.007904766 5.739023685 -1.757562876 -11.882621765 0.000000000 0.000000000 -12.000000000 0.000000000 0.000000000
1776613961.693162918 0.577692091 0.016769446 0.200569481 0.143043846 0.989669681 0.006016627 -0.007493453 5.759165287 -1.797853589 -11.965689659 0.000000000 0.000000000 -12.000000000 0.000000000 0.000000000
1776613961.698496580 0.578697920 0.017248098 0.200563729 0.143275619 0.989634752 0.006716509 -0.007077236 5.774532795 -1.837703109 -12.048940659 0.000000000 0.000000000 -12.000000000 0.000000000 0.000000000
1776613961.703121424 0.579667389 0.017748892 0.200548589 0.143517748 0.989597023 0.007440959 -0.006707530 5.785330296 -1.877249479 -12.132369995 0.000000000 0.000000000 -12.000000000 0.000000000 0.000000000
1776613961.709855318 0.580617130 0.018258171 0.200533897 0.143770337 0.989556789 0.008175923 -0.006372210 5.791755199 -1.916619182 -12.215924263 0.000000000 0.000000000 -12.000000000 0.000000000 0.000000000
1776613961.714584827 0.582296968 0.019281812 0.200500607 0.144277662 0.989472389 0.009620689 -0.005978261 5.793989658 -1.955922723 -12.299505234 0.000000000 0.000000000 -12.000000000 0.000000000 0.000000000
1776613961.719538212 0.582296968 0.019281812 0.200500607 0.144277662 0.989472389 0.009620689 -0.005978261 5.792190075 -1.995251179 -12.382987022 0.000000000 0.000000000 -12.000000000 0.000000000 0.000000000
1776613961.724361897 0.583060086 0.019789517 0.200482696 0.144538507 0.989427805 0.010329806 -0.005879111 5.786479473 -2.034672260 -12.466218948 0.000000000 0.000000000 -12.000000000 0.000000000 0.000000000
1776613961.728850126 0.583684146 0.020275675 0.200431198 0.144796520 0.989382505 0.010993804 -0.005947138 5.776945591 -2.074229956 -12.549040794 0.000000000 0.000000000 -12.000000000 0.000000000 0.000000000
1776613961.733134747 0.584192634 0.020735322 0.200367868 0.145056501 0.989336073 0.011616323 -0.006150266 5.763643742 -2.113945007 -12.631290436 0.000000000 0.000000000 -12.000000000 0.000000000 0.000000000
1776613961.738412380 0.584625661 0.021157753 0.200313807 0.145316496 0.989289165 0.012193354 -0.006436570 5.746598244 -2.153816462 -12.712814331 0.000000000 0.000000000 -12.000000000 0.000000000 0.000000000
1776613961.743111134 0.585043252 0.021507379 0.200285196 0.145609513 0.989237309 0.012727831 -0.006741432 5.725803852 -2.193821669 -12.793476105 0.000000000 0.000000000 -12.000000000 0.000000000 0.000000000
1776613961.748232365 0.585369587 0.021753266 0.200258017 0.145947501 0.989178538 0.013189349 -0.007155261 5.701229095 -2.233916521 -12.873165131 0.000000000 0.000000000 -12.000000000 0.000000000 0.000000000
1776613961.753130913 0.585609555 0.021953939 0.200215220 0.146285251 0.989119232 0.013595643 -0.007678395 5.672818661 -2.274033070 -12.951805115 0.000000000 0.000000000 -12.000000000 0.000000000 0.000000000
1776613961.758126259 0.585791588 0.022116959 0.200186402 0.146624655 0.989059091 0.013960365 -0.008275532 5.640499592 -2.314079046 -13.029353142 0.000000000 0.000000000 -12.000000000 0.000000000 0.000000000
1776613961.763116837 0.585952580 0.022212429 0.200179338 0.146967560 0.988998413 0.014262450 -0.008899621 5.604187965 -2.353934526 -13.105811119 0.000000000 0.000000000 -12.000000000 0.000000000 0.000000000
1776613961.768107653 0.586086035 0.022238865 0.200183570 0.147309035 0.988938212 0.014494812 -0.009548174 5.563795567 -2.393453598 -13.181227684 0.000000000 0.000000000 -12.000000000 0.000000000 0.000000000
1776613961.773140907 0.586133718 0.022193763 0.200182080 0.147660866 0.988875926 0.014659050 -0.010287223 5.519241810 -2.432466269 -13.255691528 0.000000000 0.000000000 -12.000000000 0.000000000 0.000000000
1776613961.778275490 0.586129487 0.022074640 0.200176239 0.148028821 0.988810718 0.014761390 -0.011085618 5.470460415 -2.470782518 -13.329333305 0.000000000 0.000000000 -12.000000000 0.000000000 0.000000000
1776613961.783154964 0.586125016 0.021885812 0.200172961 0.148408726 0.988743901 0.014809499 -0.011874097 5.417406559 -2.508191586 -13.402320862 0.000000000 0.000000000 -12.000000000 0.000000000 0.000000000
1776613961.788563013 0.586139262 0.021654096 0.200170964 0.148796469 0.988675833 0.014828553 -0.012640228 5.360064030 -2.544462919 -13.474845886 0.000000000 0.000000000 -12.000000000 0.000000000 0.000000000
1776613961.793257952 0.586182594 0.021403724 0.200169742 0.149194837 0.988605917 0.014845768 -0.013373172 5.298452854 -2.579344749 -13.547124863 0.000000000 0.000000000 -12.000000000 0.000000000 0.000000000
1776613961.798374653 0.586254895 0.021153569 0.200157583 0.149603739 0.988533914 0.014878877 -0.014073961 5.232632160 -2.612561941 -13.619379997 0.000000000 0.000000000 -12.000000000 0.000000000 0.000000000
1776613961.803241491 0.586376548 0.020897662 0.200160384 0.150037035 0.988457918 0.014937346 -0.014721694 5.162705898 -2.643815994 -13.691833496 0.000000000 0.000000000 -12.000000000 0.000000000 0.000000000
1776613961.808323622 0.586541891 0.020643219 0.200199842 0.150493339 0.988378108 0.015029850 -0.015316145 5.088825226 -2.672784328 -13.764697075 0.000000000 0.000000000 -12.000000000 0.000000000 0.000000000
1776613961.814644098 0.586768568 0.020429052 0.200256735 0.150955886 0.988296986 0.015181391 -0.015840627 5.011191845 -2.699122429 -13.838160515 0.000000000 0.000000000 -12.000000000 0.000000000 0.000000000
1776613961.818469524 0.587172389 0.020221677 0.200325131 0.151857689 0.988132715 0.015670588 -0.016954405 4.930061817 -2.722468138 -13.912384033 0.000000000 0.000000000 -12.000000000 0.000000000 0.000000000
1776613961.823159456 0.587172389 0.020221677 0.200325131 0.151857689 0.988132715 0.015670588 -0.016954405 4.845746517 -2.742447615 -13.987493515 0.000000000 0.000000000 -12.000000000 0.000000000 0.000000000
1776613961.828090668 0.587356985 0.020169996 0.200329423 0.152324021 0.988045871 0.015973147 -0.017539633 4.758615494 -2.758684158 -14.063573837 0.000000000 0.000000000 -12.000000000 0.000000000 0.000000000
1776613961.833189726 0.587541461 0.020128358 0.200314194 0.152807683 0.987955034 0.016305726 -0.018131642 4.669088840 -2.770805836 -14.140666962 0.000000000 0.000000000 -12.000000000 0.000000000 0.000000000
1776613961.838281631 0.587708354 0.020097412 0.200298727 0.153308317 0.987860143 0.016665909 -0.018740287 4.577634811 -2.778454304 -14.218769073 0.000000000 0.000000000 -12.000000000 0.000000000 0.000000000
1776613961.843128443 0.587868750 0.020076426 0.200278759 0.153836265 0.987759233 0.017063653 -0.019363433 4.484762669 -2.781288862 -14.297832489 0.000000000 0.000000000 -12.000000000 0.000000000 0.000000000
1776613961.848131180 0.588049650 0.020040236 0.200268984 0.154393360 0.987653136 0.017480101 -0.019959688 4.391016483 -2.778992653 -14.377771378 0.000000000 0.000000000 -12.000000000 0.000000000 0.000000000
1776613961.853136539 0.588300526 0.019997247 0.200286657 0.154981151 0.987542450 0.017930381 -0.020476898 4.296969414 -2.771279812 -14.458461761 0.000000000 0.000000000 -12.000000000 0.000000000 0.000000000
1776613961.858193398 0.588560045 0.019956296 0.200306982 0.155595377 0.987426281 0.018413452 -0.020985277 4.203220367 -2.757901907 -14.539752007 0.000000000 0.000000000 -12.000000000 0.000000000 0.000000000
1776613961.863173485 0.588782966 0.019918434 0.200308859 0.156229883 0.987304509 0.018918276 -0.021544293 4.110388279 -2.738657236 -14.621466637 0.000000000 0.000000000 -12.000000000 0.000000000 0.000000000
1776613961.868374348 0.588958263 0.019882657 0.200277895 0.156876013 0.987178266 0.019438164 -0.022162218 4.019106865 -2.713394880 -14.703410149 0.000000000 0.000000000 -12.000000000 0.000000000 0.000000000
1776613961.873364210 0.589141607 0.019875277 0.200240403 0.157482430 0.987056553 0.019994467 -0.022778301 3.930015564 -2.682018042 -14.785374641 0.000000000 0.000000000 -12.000000000 0.000000000 0.000000000
1776613961.878433466 0.589357734 0.019874185 0.200223476 0.158037484 0.986942470 0.020578330 -0.023351388 3.843754768 -2.644486666 -14.867144585 0.000000000 0.000000000 -12.000000000 0.000000000 0.000000000
1776613961.883166790 0.589658499 0.019837458 0.200240910 0.158541650 0.986837566 0.021190917 -0.023814443 3.760959387 -2.600820541 -14.948501587 0.000000000 0.000000000 -12.000000000 0.000000000 0.000000000
1776613961.888142824 0.589935660 0.019765133 0.200258851 0.158949435 0.986747026 0.021807624 -0.024286199 3.682258606 -2.551103354 -15.029225349 0.000000000 0.000000000 -12.000000000 0.000000000 0.000000000
1776613961.893168926 0.590182304 0.019664457 0.200253725 0.159285262 0.986666918 0.022411149 -0.024786998 3.608271837 -2.495482683 -15.109105110 0.000000000 0.000000000 -12.000000000 0.000000000 0.000000000
1776613961.898206234 0.590453565 0.019544447 0.200252026 0.159548625 0.986598194 0.023028094 -0.025258495 3.539603472 -2.434168339 -15.187932968 0.000000000 0.000000000 -12.000000000 0.000000000 0.000000000
1776613961.904476881 0.590791702 0.019420248 0.200271934 0.159759432 0.986538768 0.023671258 -0.025649348 3.476831675 -2.367427588 -15.265517235 0.000000000 0.000000000 -12.000000000 0.000000000 0.000000000
1776613961.908153534 0.591222167 0.019276099 0.200319260 0.159922034 0.986489952 0.024313597 -0.025910724 3.420504570 -2.295582056 -15.341677666 0.000000000 0.000000000 -12.000000000 0.000000000 0.000000000
1776613961.913992405 0.591618717 0.019131498 0.200354040 0.160078153 0.986440539 0.024972960 -0.026199548 3.371138096 -2.219001770 -15.416253090 0.000000000 0.000000000 -12.000000000 0.000000000 0.000000000
1776613961.919001579 0.591930509 0.018998414 0.200364262 0.160217926 0.986391068 0.025624512 -0.026574822 3.329215050 -2.138102293 -15.489101410 0.000000000 0.000000000 -12.000000000 0.000000000 0.000000000
1776613961.924056292 0.592248440 0.018893452 0.200378358 0.160351142 0.986341715 0.026297996 -0.026942769 3.295177221 -2.053339958 -15.560099602 0.000000000 0.000000000 -12.000000000 0.000000000 0.000000000
1776613961.928245544 0.592671156 0.018778846 0.200415015 0.160510629 0.986290276 0.026999561 -0.027181605 3.269420385 -1.965205789 -15.629141808 0.000000000 0.000000000 -12.000000000 0.000000000 0.000000000
1776613961.933187008 0.593140483 0.018668428 0.200457424 0.160697386 0.986235142 0.027712436 -0.027359819 3.252285719 -1.874219894 -15.696134567 0.000000000 0.000000000 -12.000000000 0.000000000 0.000000000
1776613961.938165426 0.593564212 0.018559329 0.200476557 0.160927862 0.986171067 0.028424287 -0.027585456 3.244055033 -1.780924439 -15.760992050 0.000000000 0.000000000 -12.000000000 0.000000000 0.000000000
1776613961.943199635 0.594033599 0.018409308 0.200490743 0.161202267 0.986101568 0.029118616 -0.027743235 3.244947433 -1.685876489 -15.823631287 0.000000000 0.000000000 -12.000000000 0.000000000 0.000000000
1776613961.948188305 0.594583035 0.018236682 0.200521380 0.161520049 0.986027360 0.029810457 -0.027795646 3.255116940 -1.589639187 -15.883972168 0.000000000 0.000000000 -12.000000000 0.000000000 0.000000000
1776613961.953155518 0.595189095 0.018056411 0.200560838 0.161868230 0.985949576 0.030506449 -0.027775198 3.274653435 -1.492771745 -15.941927910 0.000000000 0.000000000 -12.000000000 0.000000000 0.000000000
1776613961.958410740 0.595843315 0.017864369 0.200615495 0.162230834 0.985871375 0.031187830 -0.027677694 3.303583145 -1.395818591 -15.997410774 0.000000000 0.000000000 -12.000000000 0.000000000 0.000000000
1776613961.963259697 0.596504807 0.017645206 0.200655758 0.162609562 0.985791624 0.031840235 -0.027554402 3.341871977 -1.299301028 -16.050325394 0.000000000 0.000000000 -12.000000000 0.000000000 0.000000000
1776613961.968134165 0.597156942 0.017406128 0.200673372 0.162985370 0.985712767 0.032464407 -0.027425682 3.389425993 -1.203709364 -16.100568771 0.000000000 0.000000000 -12.000000000 0.000000000 0.000000000
1776613961.973226547 0.597773194 0.017149016 0.200668335 0.163369194 0.985632300 0.033051986 -0.027332095 3.446091890 -1.109497070 -16.148038864 0.000000000 0.000000000 -12.000000000 0.000000000 0.000000000
1776613961.978138924 0.598456323 0.016855033 0.200664997 0.163725421 0.985559642 0.033604290 -0.027145905 3.511657000 -1.017073870 -16.192625046 0.000000000 0.000000000 -12.000000000 0.000000000 0.000000000
1776613961.983188391 0.599145055 0.016459066 0.200657457 0.164076388 0.985491812 0.034057695 -0.026923088 3.585849524 -0.926797450 -16.234220505 0.000000000 0.000000000 -12.000000000 0.000000000 0.000000000
1776613961.988202572 0.599840581 0.015976764 0.200646996 0.164402202 0.985432088 0.034415659 -0.026666526 3.668340445 -0.838966131 -16.272720337 0.000000000 0.000000000 -12.000000000 0.000000000 0.000000000
1776613961.993501663 0.600490332 0.015429240 0.200635552 0.164680719 0.985382199 0.034692395 -0.026430551 3.758749008 -0.753810823 -16.308031082 0.000000000 0.000000000 -12.000000000 0.000000000 0.000000000
1776613961.998220444 0.601140082 0.014827415 0.200614542 0.164935753 0.985339046 0.034895159 -0.026182596 3.856644392 -0.671489835 -16.340061188 0.000000000 0.000000000 -12.000000000 0.000000000 0.000000000
1776613962.003188133 0.601819873 0.014172081 0.200621039 0.165138945 0.985308290 0.035028644 -0.025878090 3.961547375 -0.592086673 -16.368741989 0.000000000 0.000000000 -12.000000000 0.000000000 0.000000000
1776613962.008182764 0.602497756 0.013467979 0.200615197 0.165322274 0.985282898 0.035104129 -0.025569797 4.072929859 -0.515611529 -16.394014359 0.000000000 0.000000000 -12.000000000 0.000000000 0.000000000
1776613962.013159275 0.603168249 0.012731413 0.200610429 0.165462285 0.985267162 0.035118703 -0.025249425 4.190215588 -0.442005396 -16.415842056 0.000000000 0.000000000 -12.000000000 0.000000000 0.000000000
1776613962.018132925 0.603851676 0.011949142 0.200612277 0.165592760 0.985255420 0.035081856 -0.024900327 4.312785149 -0.371145129 -16.434211731 0.000000000 0.000000000 -12.000000000 0.000000000 0.000000000
1776613962.023204565 0.604507208 0.011174121 0.200609744 0.165687934 0.985249996 0.035018116 -0.024570199 4.439984798 -0.302849829 -16.449132919 0.000000000 0.000000000 -12.000000000 0.000000000 0.000000000
1776613962.028171062 0.605155170 0.010421479 0.200601131 0.165762559 0.985247612 0.034957711 -0.024247123 4.571138382 -0.236888692 -16.460643768 0.000000000 0.000000000 -12.000000000 0.000000000 0.000000000
1776613962.033345222 0.605805874 0.009646612 0.200578094 0.165835559 0.985246658 0.034867417 -0.023913046 4.705550671 -0.172990307 -16.468811035 0.000000000 0.000000000 -12.000000000 0.000000000 0.000000000
1776613962.039707422 0.606392562 0.008831712 0.200526685 0.165927798 0.985242307 0.034729097 -0.023651775 4.842513561 -0.110851385 -16.473724365 0.000000000 0.000000000 -12.000000000 0.000000000 0.000000000
1776613962.044686556 0.606984198 0.007976172 0.200489938 0.166048899 0.985234559 0.034556687 -0.023377599 4.981304169 -0.050144240 -16.475507736 0.000000000 0.000000000 -12.000000000 0.000000000 0.000000000
1776613962.049783468 0.607571721 0.007130658 0.200480610 0.166156277 0.985229731 0.034366827 -0.023095615 5.121189117 0.009476480 -16.474302292 0.000000000 0.000000000 -12.000000000 0.000000000 0.000000000
1776613962.054343224 0.608069062 0.006330132 0.200473458 0.166254610 0.985223651 0.034181688 -0.022921760 5.261422634 0.068367511 -16.470273972 0.000000000 0.000000000 -12.000000000 0.000000000 0.000000000
1776613962.058427811 0.608494580 0.005590318 0.200488925 0.166335568 0.985217571 0.034019634 -0.022836212 5.401250362 0.126890361 -16.463609695 0.000000000 0.000000000 -12.000000000 0.000000000 0.000000000
1776613962.063308239 0.608920991 0.004853902 0.200522333 0.166449100 0.985205591 0.033863518 -0.022757152 5.539906979 0.185404375 -16.454515457 0.000000000 0.000000000 -12.000000000 0.000000000 0.000000000
1776613962.068249941 0.609293878 0.004122902 0.200552255 0.166591331 0.985186994 0.033712093 -0.022745701 5.676614285 0.244260028 -16.443210602 0.000000000 0.000000000 -12.000000000 0.000000000 0.000000000
1776613962.074759007 0.609563053 0.003452687 0.200566590 0.166745052 0.985161781 0.033601757 -0.022876382 5.810588360 0.303791881 -16.429933548 0.000000000 0.000000000 -12.000000000 0.000000000 0.000000000
1776613962.079035997 0.609750211 0.002910215 0.200581163 0.166925430 0.985125184 0.033607230 -0.023125162 5.941040516 0.364310622 -16.414926529 0.000000000 0.000000000 -12.000000000 0.000000000 0.000000000
1776613962.084689140 0.609897017 0.002463445 0.200604409 0.167117640 0.985081553 0.033711486 -0.023441738 6.067180157 0.426093638 -16.398441315 0.000000000 0.000000000 -12.000000000 0.000000000 0.000000000
1776613962.089418173 0.610034227 0.002064606 0.200644583 0.167355731 0.985025823 0.033919603 -0.023783728 6.188222885 0.489375174 -16.380727768 0.000000000 0.000000000 -12.000000000 0.000000000 0.000000000
1776613962.093148708 0.610155582 0.001719993 0.200688183 0.167666987 0.984952629 0.034234703 -0.024167875 6.303400040 0.554338336 -16.362031937 0.000000000 0.000000000 -12.000000000 0.000000000 0.000000000
1776613962.098294973 0.610236347 0.001401035 0.200699985 0.168023452 0.984868348 0.034592200 -0.024613731 6.411971092 0.621113002 -16.342597961 0.000000000 0.000000000 -12.000000000 0.000000000 0.000000000
1776613962.103226662 0.610335886 0.001109743 0.200713456 0.168382242 0.984781563 0.035002477 -0.025050027 6.513238430 0.689779639 -16.322654724 0.000000000 0.000000000 -12.000000000 0.000000000 0.000000000
1776613962.108339310 0.610492826 0.000887079 0.200731277 0.168704659 0.984699368 0.035489585 -0.025424736 6.606560230 0.760374129 -16.302421570 0.000000000 0.000000000 -12.000000000 0.000000000 0.000000000
1776613962.113224030 0.610643983 0.000651477 0.200735033 0.169040576 0.984614372 0.035973784 -0.025801135 6.691369057 0.832893014 -16.282093048 0.000000000 0.000000000 -12.000000000 0.000000000 0.000000000
1776613962.118190050 0.610837162 0.000394257 0.200737149 0.169360131 0.984533787 0.036446344 -0.026115917 6.767185211 0.907298923 -16.261840820 0.000000000 0.000000000 -12.000000000 0.000000000 0.000000000
1776613962.124140739 0.611075640 0.000111971 0.200750917 0.169641346 0.984461308 0.036912486 -0.026367262 6.833629608 0.983527303 -16.241811752 0.000000000 0.000000000 -12.000000000 0.000000000 0.000000000
1776613962.128627062 0.611335397 -0.000226455 0.200756699 0.169926986 0.984390616 0.037330348 -0.026578661 6.890430927 1.061492324 -16.222131729 0.000000000 0.000000000 -12.000000000 0.000000000 0.000000000
1776613962.133281231 0.611587942 -0.000615224 0.200750113 0.170184001 0.984326899 0.037691422 -0.026783071 6.937430382 1.141092896 -16.202892303 0.000000000 0.000000000 -12.000000000 0.000000000 0.000000000
1776613962.138180733 0.611864448 -0.001048140 0.200742483 0.170412958 0.984270215 0.038020629 -0.026943473 6.974580288 1.222218752 -16.184169769 0.000000000 0.000000000 -12.000000000 0.000000000 0.000000000
1776613962.143341303 0.612145603 -0.001516391 0.200738907 0.170621350 0.984219193 0.038309686 -0.027080525 7.001944542 1.304756045 -16.166007996 0.000000000 0.000000000 -12.000000000 0.000000000 0.000000000
1776613962.148202419 0.612416327 -0.002056571 0.200731307 0.170828745 0.984170735 0.038539805 -0.027206635 7.019693851 1.388590336 -16.148441315 0.000000000 0.000000000 -12.000000000 0.000000000 0.000000000
1776613962.153185368 0.612717211 -0.002689915 0.200737983 0.171039447 0.984127104 0.038677763 -0.027265372 7.028101921 1.473609924 -16.131477356 0.000000000 0.000000000 -12.000000000 0.000000000 0.000000000
1776613962.158481121 0.613026559 -0.003381502 0.200738609 0.171222121 0.984091520 0.038753763 -0.027295506 7.027537823 1.559709311 -16.115110397 0.000000000 0.000000000 -12.000000000 0.000000000 0.000000000
1776613962.163353682 0.613359630 -0.004078368 0.200740010 0.171369255 0.984064460 0.038796537 -0.027285349 7.018455982 1.646793485 -16.099323273 0.000000000 0.000000000 -12.000000000 0.000000000 0.000000000
1776613962.168539047 0.613690615 -0.004794734 0.200723648 0.171490565 0.984043717 0.038798165 -0.027269879 7.001386166 1.734779596 -16.084087372 0.000000000 0.000000000 -12.000000000 0.000000000 0.000000000
1776613962.173348427 0.614003241 -0.005522506 0.200697333 0.171611056 0.984023869 0.038770787 -0.027266864 6.976922035 1.823595762 -16.069360733 0.000000000 0.000000000 -12.000000000 0.000000000 0.000000000
1776613962.178400517 0.614328444 -0.006302319 0.200666517 0.171751916 0.984002829 0.038702093 -0.027237602 6.945705891 1.913177490 -16.055107117 0.000000000 0.000000000 -12.000000000 0.000000000 0.000000000
1776613962.183271170 0.614680231 -0.007104041 0.200647265 0.171909273 0.983980715 0.038617183 -0.027163528 6.908414841 2.003463745 -16.041278839 0.000000000 0.000000000 -12.000000000 0.000000000 0.000000000
1776613962.188184977 0.615070879 -0.007893970 0.200656176 0.172067344 0.983959198 0.038550481 -0.027036963 6.865747452 2.094393730 -16.027841568 0.000000000 0.000000000 -12.000000000 0.000000000 0.000000000
1776613962.194111586 0.615463376 -0.008683056 0.200670272 0.172239125 0.983935356 0.038485460 -0.026902206 6.818416595 2.185904503 -16.014757156 0.000000000 0.000000000 -12.000000000 0.000000000 0.000000000
1776613962.198496342 0.615854144 -0.009485899 0.200690478 0.172440186 0.983906686 0.038418602 -0.026759544 6.767138004 2.277929306 -16.002002716 0.000000000 0.000000000 -12.000000000 0.000000000 0.000000000
1776613962.204626799 0.616201997 -0.010296255 0.200679779 0.172650799 0.983875334 0.038341653 -0.026664440 6.712620258 2.370396376 -15.989551544 0.000000000 0.000000000 -12.000000000 0.000000000 0.000000000
1776613962.209616899 0.616811454 -0.011893069 0.200639337 0.173120260 0.983800471 0.038207479 -0.026574003 6.655550003 2.463227272 -15.977389336 0.000000000 0.000000000 -12.000000000 0.000000000 0.000000000
1776613962.214622498 0.616811454 -0.011893069 0.200639337 0.173120260 0.983800471 0.038207479 -0.026574003 6.596579552 2.556337833 -15.965503693 0.000000000 0.000000000 -12.000000000 0.000000000 0.000000000
1776613962.218321800 0.617071509 -0.012699936 0.200620711 0.173347518 0.983763933 0.038122859 -0.026566748 6.536316395 2.649637222 -15.953885078 0.000000000 0.000000000 -12.000000000 0.000000000 0.000000000
1776613962.224153996 0.617294014 -0.013513058 0.200620681 0.173593014 0.983723581 0.038030818 -0.026590960 6.475313663 2.743031740 -15.942526817 0.000000000 0.000000000 -12.000000000 0.000000000 0.000000000
1776613962.228147030 0.617493987 -0.014313256 0.200630963 0.173808619 0.983687997 0.037938245 -0.026631417 6.414069653 2.836426020 -15.931423187 0.000000000 0.000000000 -12.000000000 0.000000000 0.000000000
1776613962.233783245 0.617666364 -0.015120644 0.200632364 0.174028903 0.983650684 0.037849125 -0.026697211 6.353027344 2.929725647 -15.920569420 0.000000000 0.000000000 -12.000000000 0.000000000 0.000000000
1776613962.239053965 0.617819726 -0.015947971 0.200627953 0.174268365 0.983609915 0.037748951 -0.026778201 6.292572975 3.022836924 -15.909964561 0.000000000 0.000000000 -12.000000000 0.000000000 0.000000000
1776613962.244815350 0.617956936 -0.016789621 0.200608462 0.174514681 0.983566940 0.037665319 -0.026871566 6.233038902 3.115667105 -15.899605751 0.000000000 0.000000000 -12.000000000 0.000000000 0.000000000
1776613962.248787642 0.618121445 -0.017633824 0.200590283 0.174774006 0.983522236 0.037590463 -0.026927089 6.174705029 3.208120108 -15.889491081 0.000000000 0.000000000 -12.000000000 0.000000000 0.000000000
1776613962.253972292 0.618314743 -0.018502222 0.200577974 0.175053254 0.983475149 0.037518132 -0.026931986 6.117801189 3.300094128 -15.879617691 0.000000000 0.000000000 -12.000000000 0.000000000 0.000000000
1776613962.258207083 0.618551493 -0.019343592 0.200572491 0.175312132 0.983431995 0.037481081 -0.026876928 6.062516689 3.391478777 -15.869986534 0.000000000 0.000000000 -12.000000000 0.000000000 0.000000000
1776613962.263181686 0.618812084 -0.020195071 0.200569987 0.175577387 0.983388484 0.037450317 -0.026778582 6.009010315 3.482153654 -15.860596657 0.000000000 0.000000000 -12.000000000 0.000000000 0.000000000
1776613962.268201113 0.619166553 -0.021100292 0.200586945 0.175821498 0.983353913 0.037383322 -0.026539965 5.957419872 3.571989775 -15.851449013 0.000000000 0.000000000 -12.000000000 0.000000000 0.000000000
1776613962.273216486 0.619537473 -0.022025181 0.200584143 0.176061988 0.983321369 0.037299860 -0.026268609 5.907874107 3.660853148 -15.842544556 0.000000000 0.000000000 -12.000000000 0.000000000 0.000000000
1776613962.278443813 0.619915068 -0.022945946 0.200570643 0.176278457 0.983293593 0.037211470 -0.025979878 5.860497475 3.748605728 -15.833883286 0.000000000 0.000000000 -12.000000000 0.000000000 0.000000000
1776613962.284768581 0.620357871 -0.023852086 0.200577050 0.176480412 0.983269811 0.037146170 -0.025599180 5.815407753 3.835106373 -15.825463295 0.000000000 0.000000000 -12.000000000 0.000000000 0.000000000
1776613962.288459063 0.621308744 -0.025718853 0.200588346 0.176913738 0.983220160 0.036999404 -0.024711676 5.772714615 3.920208454 -15.817277908 0.000000000 0.000000000 -12.000000000 0.000000000 0.000000000
1776613962.293157101 0.621308744 -0.025718853 0.200588346 0.176913738 0.983220160 0.036999404 -0.024711676 5.732520103 4.003756523 -15.809313774 0.000000000 0.000000000 -12.000000000 0.000000000 0.000000000
1776613962.298239946 0.621792853 -0.026667712 0.200602502 0.177157775 0.983190954 0.036924157 -0.024233826 5.694914818 4.085584641 -15.801548004 0.000000000 0.000000000 -12.000000000 0.000000000 0.000000000
1776613962.303254843 0.622239888 -0.027590867 0.200610608 0.177400425 0.983160138 0.036867481 -0.023790458 5.659973145 4.165518761 -15.793949127 0.000000000 0.000000000 -12.000000000 0.000000000 0.000000000
1776613962.308235407 0.622547388 -0.028414659 0.200580299 0.177623034 0.983126163 0.036868118 -0.023531064 5.627745152 4.243376255 -15.786471367 0.000000000 0.000000000 -12.000000000 0.000000000 0.000000000
1776613962.313423872 0.622964621 -0.029258095 0.200584143 0.177858874 0.983092666 0.036881577 -0.023124555 5.598240852 4.318967819 -15.779059410 0.000000000 0.000000000 -12.000000000 0.000000000 0.000000000
1776613962.318214178 0.623422563 -0.030130386 0.200619161 0.178142205 0.983051717 0.036899634 -0.022650834 5.571429253 4.392098904 -15.771643639 0.000000000 0.000000000 -12.000000000 0.000000000 0.000000000
1776613962.324688196 0.623823822 -0.030972540 0.200657964 0.178444266 0.983004570 0.036952622 -0.022229955 5.547241211 4.462568283 -15.764138222 0.000000000 0.000000000 -12.000000000 0.000000000 0.000000000
1776613962.328552723 0.624190211 -0.031781346 0.200679272 0.178758025 0.982953548 0.037025638 -0.021840097 5.525579929 4.530172348 -15.756445885 0.000000000 0.000000000 -12.000000000 0.000000000 0.000000000
1776613962.333542585 0.624553859 -0.032574981 0.200678259 0.179055840 0.982904911 0.037104689 -0.021450870 5.506327152 4.594707012 -15.748460770 0.000000000 0.000000000 -12.000000000 0.000000000 0.000000000
1776613962.338353634 0.624949455 -0.033360943 0.200663388 0.179347306 0.982857823 0.037190229 -0.021023264 5.489350796 4.655978680 -15.740069389 0.000000000 0.000000000 -12.000000000 0.000000000 0.000000000
1776613962.343331337 0.625312865 -0.034177452 0.200623542 0.179653361 0.982808352 0.037245806 -0.020619122 5.474507809 4.713805199 -15.731153488 0.000000000 0.000000000 -12.000000000 0.000000000 0.000000000
1776613962.348299980 0.625666797 -0.035025783 0.200581759 0.179943010 0.982762992 0.037271388 -0.020205436 5.461645603 4.768023968 -15.721593857 0.000000000 0.000000000 -12.000000000 0.000000000 0.000000000
1776613962.353430033 0.626016796 -0.035891779 0.200567186 0.180234075 0.982718408 0.037273161 -0.019770542 5.450602531 4.818493366 -15.711277962 0.000000000 0.000000000 -12.000000000 0.000000000 0.000000000
1776613962.358220100 0.626380622 -0.036762018 0.200574398 0.180499271 0.982679248 0.037269589 -0.019298824 5.441212654 4.865100384 -15.700098038 0.000000000 0.000000000 -12.000000000 0.000000000 0.000000000
1776613962.363344908 0.626704276 -0.037637368 0.200578988 0.180737987 0.982645154 0.037235472 -0.018861884 5.433303833 4.907762051 -15.687959671 0.000000000 0.000000000 -12.000000000 0.000000000 0.000000000
1776613962.368252277 0.626980126 -0.038529206 0.200558424 0.180967808 0.982612848 0.037167579 -0.018471817 5.426699162 4.946429253 -15.674780846 0.000000000 0.000000000 -12.000000000 0.000000000 0.000000000
1776613962.373190641 0.627221048 -0.039448239 0.200520724 0.181183606 0.982583225 0.037077352 -0.018110681 5.421214581 4.981091022 -15.660495758 0.000000000 0.000000000 -12.000000000 0.000000000 0.000000000
1776613962.378233433 0.627441525 -0.040387049 0.200479686 0.181415156 0.982550502 0.036981288 -0.017760018 5.416657448 5.011775970 -15.645055771 0.000000000 0.000000000 -12.000000000 0.000000000 0.000000000
1776613962.384346008 0.627666950 -0.041322064 0.200460881 0.181634173 0.982520044 0.036893640 -0.017385336 5.412822247 5.038550377 -15.628430367 0.000000000 0.000000000 -12.000000000 0.000000000 0.000000000
1776613962.388210058 0.627764761 -0.042252917 0.200439125 0.181869850 0.982484162 0.036795631 -0.017154986 5.409487247 5.061516762 -15.610605240 0.000000000 0.000000000 -12.000000000 0.000000000 0.000000000
1776613962.393180609 0.627768517 -0.043199401 0.200417429 0.182090014 0.982450545 0.036664195 -0.017027166 5.406407833 5.080816746 -15.591583252 0.000000000 0.000000000 -12.000000000 0.000000000 0.000000000
1776613962.398267269 0.627743602 -0.044152934 0.200409263 0.182307646 0.982417166 0.036522828 -0.016926549 5.403312206 5.096625328 -15.571384430 0.000000000 0.000000000 -12.000000000 0.000000000 0.000000000
1776613962.404725790 0.627613783 -0.045089517 0.200388968 0.182512343 0.982384384 0.036371354 -0.016951390 5.399899006 5.109155178 -15.550048828 0.000000000 0.000000000 -12.000000000 0.000000000 0.000000000
1776613962.409726858 0.627204418 -0.047024250 0.200358748 0.182921886 0.982319951 0.035953917 -0.017158464 5.395835400 5.118654251 -15.527634621 0.000000000 0.000000000 -12.000000000 0.000000000 0.000000000
1776613962.413853407 0.626951158 -0.048005812 0.200340807 0.183099836 0.982293546 0.035694160 -0.017313249 5.390760422 5.125404358 -15.504226685 0.000000000 0.000000000 -12.000000000 0.000000000 0.000000000
1776613962.418554544 0.626951158 -0.048005812 0.200340807 0.183099836 0.982293546 0.035694160 -0.017313249 5.384293556 5.129720211 -15.479928970 0.000000000 0.000000000 -12.000000000 0.000000000 0.000000000
1776613962.424844503 0.626664817 -0.049002118 0.200321019 0.183249444 0.982273340 0.035389327 -0.017502613 5.376042366 5.131943703 -15.454868317 0.000000000 0.000000000 -12.000000000 0.000000000 0.000000000
1776613962.428217411 0.626251042 -0.051029578 0.200325370 0.183527827 0.982241631 0.034736052 -0.017674217 5.365613937 5.132435799 -15.429195404 0.000000000 0.000000000 -12.000000000 0.000000000 0.000000000
1776613962.433673859 0.626251042 -0.051029578 0.200325370 0.183527827 0.982241631 0.034736052 -0.017674217 5.352624416 5.131569386 -15.403077126 0.000000000 0.000000000 -12.000000000 0.000000000 0.000000000
1776613962.438317060 0.626167774 -0.052017074 0.200314820 0.183690608 0.982222140 0.034457996 -0.017608561 5.336717606 5.129717350 -15.376694679 0.000000000 0.000000000 -12.000000000 0.000000000 0.000000000
1776613962.443325281 0.626090765 -0.052985735 0.200290084 0.183853254 0.982202291 0.034194224 -0.017533613 5.317582130 5.127235889 -15.350237846 0.000000000 0.000000000 -12.000000000 0.000000000 0.000000000
1776613962.448188305 0.626087129 -0.053940922 0.200271010 0.184053764 0.982175410 0.033969700 -0.017370695 5.294969082 5.124454498 -15.323902130 0.000000000 0.000000000 -12.000000000 0.000000000 0.000000000
1776613962.453191280 0.626138687 -0.054868586 0.200259715 0.184271187 0.982145190 0.033779968 -0.017144179 5.268696785 5.121667862 -15.297880173 0.000000000 0.000000000 -12.000000000 0.000000000 0.000000000
1776613962.458260775 0.626221716 -0.055766895 0.200254232 0.184485346 0.982114911 0.033622570 -0.016882718 5.238654137 5.119132042 -15.272362709 0.000000000 0.000000000 -12.000000000 0.000000000 0.000000000
1776613962.463268280 0.626334906 -0.056638591 0.200248688 0.184720442 0.982080400 0.033486288 -0.016586576 5.204799175 5.117063999 -15.247528076 0.000000000 0.000000000 -12.000000000 0.000000000 0.000000000
1776613962.468229294 0.626445591 -0.057519656 0.200245410 0.184951186 0.982046723 0.033346854 -0.016288193 5.167154789 5.115638733 -15.223544121 0.000000000 0.000000000 -12.000000000 0.000000000 0.000000000
1776613962.473500252 0.626554310 -0.058387175 0.200244844 0.185180008 0.982012808 0.033217546 -0.015993131 5.125806808 5.114991665 -15.200558662 0.000000000 0.000000000 -12.000000000 0.000000000 0.000000000
1776613962.479676485 0.626669407 -0.059246019 0.200246692 0.185433090 0.981973946 0.033099517 -0.015691096 5.080898762 5.115221024 -15.178700447 0.000000000 0.000000000 -12.000000000 0.000000000 0.000000000
1776613962.484288216 0.626794696 -0.060091015 0.200246751 0.185673803 0.981936991 0.032991614 -0.015378689 5.032625198 5.116388321 -15.158078194 0.000000000 0.000000000 -12.000000000 0.000000000 0.000000000
1776613962.488475561 0.626930237 -0.060920596 0.200247437 0.185928971 0.981896520 0.032906368 -0.015058383 4.981224537 5.118519306 -15.138775826 0.000000000 0.000000000 -12.000000000 0.000000000 0.000000000
1776613962.494854450 0.627070308 -0.061749548 0.200241655 0.186199367 0.981852889 0.032826323 -0.014733817 4.926972389 5.121606827 -15.120860100 0.000000000 0.000000000 -12.000000000 0.000000000 0.000000000
1776613962.498398542 0.627202511 -0.062579289 0.200231582 0.186474010 0.981807888 0.032753527 -0.014419004 4.870171547 5.125615597 -15.104376793 0.000000000 0.000000000 -12.000000000 0.000000000 0.000000000
1776613962.503234625 0.627324343 -0.063381858 0.200217277 0.186746970 0.981762409 0.032692216 -0.014121471 4.811145306 5.130483150 -15.089355469 0.000000000 0.000000000 -12.000000000 0.000000000 0.000000000
1776613962.509817600 0.627322614 -0.064138710 0.200182825 0.187009335 0.981715918 0.032646105 -0.013984724 4.750226021 5.136130333 -15.075808525 0.000000000 0.000000000 -12.000000000 0.000000000 0.000000000
1776613962.513226748 0.627262175 -0.064864822 0.200160772 0.187242582 0.981673598 0.032607026 -0.013925968 4.687736988 5.142462730 -15.063736916 0.000000000 0.000000000 -12.000000000 0.000000000 0.000000000
1776613962.519960403 0.627112687 -0.065580897 0.200126350 0.187472105 0.981630266 0.032570846 -0.013977849 4.623977184 5.149379730 -15.053130150 0.000000000 0.000000000 -12.000000000 0.000000000 0.000000000
1776613962.523780107 0.626713693 -0.066976190 0.200083315 0.187897488 0.981547654 0.032510903 -0.014202866 4.559206963 5.156774521 -15.043972015 0.000000000 0.000000000 -12.000000000 0.000000000 0.000000000
1776613962.528399467 0.626713693 -0.066976190 0.200083315 0.187897488 0.981547654 0.032510903 -0.014202866 4.493642807 5.164541721 -15.036245346 0.000000000 0.000000000 -12.000000000 0.000000000 0.000000000
1776613962.533366680 0.626443982 -0.067618772 0.200052708 0.188088626 0.981508374 0.032504044 -0.014403002 4.427457809 5.172579288 -15.029937744 0.000000000 0.000000000 -12.000000000 0.000000000 0.000000000
1776613962.538271427 0.626145601 -0.068229482 0.200024635 0.188270047 0.981469393 0.032526929 -0.014636638 4.360785007 5.180791378 -15.025043488 0.000000000 0.000000000 -12.000000000 0.000000000 0.000000000
1776613962.543279409 0.625837505 -0.068754494 0.200007707 0.188449085 0.981427431 0.032636341 -0.014899204 4.293723106 5.189085960 -15.021572113 0.000000000 0.000000000 -12.000000000 0.000000000 0.000000000
1776613962.548280001 0.625612915 -0.069216788 0.200053364 0.188667968 0.981375754 0.032854144 -0.015055357 4.226339340 5.197371960 -15.019542694 0.000000000 0.000000000 -12.000000000 0.000000000 0.000000000
1776613962.553270578 0.625423253 -0.069627486 0.200142771 0.188923553 0.981314957 0.033154394 -0.015153292 4.158675671 5.205550671 -15.018988609 0.000000000 0.000000000 -12.000000000 0.000000000 0.000000000
1776613962.558515310 0.625208378 -0.069967166 0.200223535 0.189236686 0.981239140 0.033553038 -0.015277729 4.090752602 5.213507652 -15.019950867 0.000000000 0.000000000 -12.000000000 0.000000000 0.000000000
1776613962.563713074 0.625012875 -0.070219681 0.200274229 0.189568013 0.981156468 0.034046534 -0.015389220 4.022572517 5.221114159 -15.022472382 0.000000000 0.000000000 -12.000000000 0.000000000 0.000000000
1776613962.568179607 0.624853790 -0.070413359 0.200314164 0.189916447 0.981067777 0.034624714 -0.015457664 3.954126596 5.228226662 -15.026592255 0.000000000 0.000000000 -12.000000000 0.000000000 0.000000000
1776613962.573243618 0.624700367 -0.070551157 0.200363487 0.190293238 0.980970562 0.035279103 -0.015513785 3.885397911 5.234692097 -15.032336235 0.000000000 0.000000000 -12.000000000 0.000000000 0.000000000
1776613962.578320503 0.624609828 -0.070694789 0.200473309 0.190683618 0.980870903 0.035958007 -0.015460472 3.816370010 5.240354061 -15.039703369 0.000000000 0.000000000 -12.000000000 0.000000000 0.000000000
1776613962.583229303 0.624550641 -0.070845634 0.200625211 0.191045761 0.980777144 0.036640823 -0.015336759 3.747032166 5.245057583 -15.048665047 0.000000000 0.000000000 -12.000000000 0.000000000 0.000000000
1776613962.588320971 0.624467313 -0.071006745 0.200757980 0.191391885 0.980686784 0.037296228 -0.015218868 3.677383184 5.248652458 -15.059146881 0.000000000 0.000000000 -12.000000000 0.000000000 0.000000000
1776613962.593255758 0.624344528 -0.071186721 0.200850725 0.191715032 0.980601430 0.037907541 -0.015139481 3.607431889 5.251001835 -15.071028709 0.000000000 0.000000000 -12.000000000 0.000000000 0.000000000
1776613962.598297834 0.624230683 -0.071372509 0.200915486 0.191972315 0.980529904 0.038489074 -0.015044217 3.537194490 5.251983166 -15.084129333 0.000000000 0.000000000 -12.000000000 0.000000000 0.000000000
1776613962.603250504 0.624180734 -0.071624137 0.200991780 0.192212269 0.980465710 0.039005645 -0.014833751 3.466690302 5.251495361 -15.098206520 0.000000000 0.000000000 -12.000000000 0.000000000 0.000000000
1776613962.610544205 0.624091566 -0.071917377 0.201058358 0.192400604 0.980414152 0.039446738 -0.014631356 3.395942688 5.249464989 -15.112953186 0.000000000 0.000000000 -12.000000000 0.000000000 0.000000000
1776613962.613222599 0.623778760 -0.072660565 0.201148331 0.192679316 0.980338812 0.040082928 -0.014278324 3.324984550 5.245846748 -15.127995491 0.000000000 0.000000000 -12.000000000 0.000000000 0.000000000
1776613962.618264914 0.623778760 -0.072660565 0.201148331 0.192679316 0.980338812 0.040082928 -0.014278324 3.253860950 5.240628242 -15.142893791 0.000000000 0.000000000 -12.000000000 0.000000000 0.000000000
1776613962.623243332 0.623586476 -0.073122457 0.201170325 0.192780852 0.980313659 0.040275514 -0.014093000 3.182628870 5.233828068 -15.157150269 0.000000000 0.000000000 -12.000000000 0.000000000 0.000000000
1776613962.628314018 0.623329878 -0.073633917 0.201159775 0.192859694 0.980295956 0.040373124 -0.013962557 3.111351490 5.225496769 -15.170208931 0.000000000 0.000000000 -12.000000000 0.000000000 0.000000000
1776613962.633343220 0.623005629 -0.074237809 0.201129287 0.192909598 0.980288446 0.040346351 -0.013876898 3.040090561 5.215715885 -15.181471825 0.000000000 0.000000000 -12.000000000 0.000000000 0.000000000
1776613962.640230656 0.622603297 -0.074876018 0.201098323 0.192949638 0.980285227 0.040241860 -0.013854980 2.968899727 5.204596996 -15.190303802 0.000000000 0.000000000 -12.000000000 0.000000000 0.000000000
1776613962.644965887 0.622147799 -0.075531714 0.201087862 0.192957401 0.980290055 0.040079620 -0.013871796 2.897818089 5.192281723 -15.196046829 0.000000000 0.000000000 -12.000000000 0.000000000 0.000000000
1776613962.649754047 0.621650457 -0.076243825 0.201105773 0.192954540 0.980300486 0.039825913 -0.013904991 2.826868773 5.178937912 -15.198034286 0.000000000 0.000000000 -12.000000000 0.000000000 0.000000000
1776613962.653959274 0.620603263 -0.077774018 0.201169908 0.192944646 0.980329216 0.039139103 -0.013967494 2.756058216 5.164751530 -15.195606232 0.000000000 0.000000000 -12.000000000 0.000000000 0.000000000
1776613962.660073042 0.620603263 -0.077774018 0.201169908 0.192944646 0.980329216 0.039139103 -0.013967494 2.685378313 5.149922848 -15.188119888 0.000000000 0.000000000 -12.000000000 0.000000000 0.000000000
1776613962.663343430 0.619474232 -0.079311572 0.201152891 0.192943290 0.980360150 0.038316529 -0.014096097 2.614812136 5.134656429 -15.174964905 0.000000000 0.000000000 -12.000000000 0.000000000 0.000000000
1776613962.669968843 0.619474232 -0.079311572 0.201152891 0.192943290 0.980360150 0.038316529 -0.014096097 2.544341803 5.119152069 -15.155569077 0.000000000 0.000000000 -12.000000000 0.000000000 0.000000000
1776613962.673362732 0.618275166 -0.080877177 0.201078713 0.192977577 0.980386794 0.037386488 -0.014270731 2.473955631 5.103599072 -15.129413605 0.000000000 0.000000000 -12.000000000 0.000000000 0.000000000
1776613962.679076672 0.618275166 -0.080877177 0.201078713 0.192977577 0.980386794 0.037386488 -0.014270731 2.403654099 5.088171482 -15.096042633 0.000000000 0.000000000 -12.000000000 0.000000000 0.000000000
1776613962.683717489 0.617710948 -0.081662036 0.201066077 0.193002388 0.980399787 0.036904160 -0.014297709 2.333453417 5.073023796 -15.055069923 0.000000000 0.000000000 -12.000000000 0.000000000 0.000000000
1776613962.688510656 0.617215037 -0.082423568 0.201080948 0.193040103 0.980410695 0.036438435 -0.014233063 2.263386726 5.058288097 -15.006188393 0.000000000 0.000000000 -12.000000000 0.000000000 0.000000000
1776613962.693355799 0.616725087 -0.083169192 0.201104999 0.193097323 0.980417490 0.035981569 -0.014150940 2.193507671 5.044070721 -14.949172020 0.000000000 0.000000000 -12.000000000 0.000000000 0.000000000
1776613962.698261499 0.616159678 -0.083907746 0.201094478 0.193138435 0.980426908 0.035501704 -0.014151346 2.123890638 5.030449390 -14.883875847 0.000000000 0.000000000 -12.000000000 0.000000000 0.000000000
1776613962.703318357 0.615609646 -0.084643923 0.201093733 0.193180874 0.980436504 0.035011716 -0.014127943 2.054625988 5.017473698 -14.810237885 0.000000000 0.000000000 -12.000000000 0.000000000 0.000000000
1776613962.708336830 0.615105271 -0.085342586 0.201107025 0.193237886 0.980442286 0.034563761 -0.014048319 1.985817194 5.005165100 -14.728271484 0.000000000 0.000000000 -12.000000000 0.000000000 0.000000000
1776613962.714197159 0.614524782 -0.085975848 0.201122135 0.193293393 0.980445564 0.034151487 -0.014066739 1.917574644 4.993514061 -14.638065338 0.000000000 0.000000000 -12.000000000 0.000000000 0.000000000
1776613962.718506575 0.613880694 -0.086569026 0.201151937 0.193350300 0.980446517 0.033762164 -0.014156980 1.850004196 4.982482433 -14.539780617 0.000000000 0.000000000 -12.000000000 0.000000000 0.000000000
1776613962.723356247 0.613077581 -0.087200955 0.201176792 0.193419382 0.980443895 0.033323810 -0.014431696 1.783194423 4.972002029 -14.433640480 0.000000000 0.000000000 -12.000000000 0.000000000 0.000000000
1776613962.728281498 0.612191916 -0.087829925 0.201214045 0.193496898 0.980438232 0.032871485 -0.014808672 1.717201948 4.961979389 -14.319931984 0.000000000 0.000000000 -12.000000000 0.000000000 0.000000000
1776613962.733261585 0.611260176 -0.088402383 0.201263696 0.193588600 0.980427742 0.032434616 -0.015260723 1.652041316 4.952303410 -14.198998451 0.000000000 0.000000000 -12.000000000 0.000000000 0.000000000
1776613962.738306761 0.610211909 -0.088934734 0.201314539 0.193700477 0.980410218 0.032005921 -0.015861535 1.587680101 4.942852497 -14.071228027 0.000000000 0.000000000 -12.000000000 0.000000000 0.000000000
1776613962.743361235 0.609038770 -0.089448236 0.201351345 0.193838671 0.980384290 0.031574115 -0.016620601 1.524041176 4.933495998 -13.937052727 0.000000000 0.000000000 -12.000000000 0.000000000 0.000000000
1776613962.748265982 0.607776046 -0.089961454 0.201381385 0.193978727 0.980356395 0.031110516 -0.017485982 1.461007714 4.924099445 -13.796935081 0.000000000 0.000000000 -12.000000000 0.000000000 0.000000000
1776613962.754634142 0.606455982 -0.090471998 0.201389939 0.194095924 0.980331540 0.030616879 -0.018422948 1.398430109 4.914524555 -13.651367188 0.000000000 0.000000000 -12.000000000 0.000000000 0.000000000
1776613962.758568525 0.605150700 -0.090992823 0.201400697 0.194182798 0.980312586 0.030103950 -0.019339532 1.336137176 4.904629230 -13.500862122 0.000000000 0.000000000 -12.000000000 0.000000000 0.000000000
1776613962.763603926 0.603875101 -0.091485471 0.201425046 0.194236845 0.980298936 0.029613229 -0.020226875 1.273949385 4.894267559 -13.345951080 0.000000000 0.000000000 -12.000000000 0.000000000 0.000000000
1776613962.768483639 0.602603436 -0.091945894 0.201450139 0.194243580 0.980293334 0.029138152 -0.021105401 1.211692929 4.883291721 -13.187178612 0.000000000 0.000000000 -12.000000000 0.000000000 0.000000000
1776613962.773406982 0.601364136 -0.092412390 0.201467067 0.194216147 0.980294704 0.028656540 -0.021934630 1.149214625 4.871548176 -13.025097847 0.000000000 0.000000000 -12.000000000 0.000000000 0.000000000
1776613962.778285742 0.600134134 -0.092902526 0.201482922 0.194190726 0.980295897 0.028164312 -0.022731831 1.086396337 4.858879566 -12.860262871 0.000000000 0.000000000 -12.000000000 0.000000000 0.000000000
1776613962.783487558 0.598936558 -0.093430124 0.201493770 0.194201007 0.980290711 0.027653707 -0.023480410 1.023168325 4.845122814 -12.693232536 0.000000000 0.000000000 -12.000000000 0.000000000 0.000000000
1776613962.788302898 0.597998619 -0.094018750 0.201564789 0.194219962 0.980291903 0.027133422 -0.023878792 0.959527910 4.830111980 -12.524559021 0.000000000 0.000000000 -12.000000000 0.000000000 0.000000000
1776613962.793492317 0.597162306 -0.094569124 0.201612204 0.194218546 0.980298579 0.026657593 -0.024150727 0.895555735 4.813679695 -12.354796410 0.000000000 0.000000000 -12.000000000 0.000000000 0.000000000
1776613962.798529387 0.596332610 -0.095072955 0.201624006 0.194189489 0.980310202 0.026207965 -0.024403866 0.831424475 4.795660973 -12.184480667 0.000000000 0.000000000 -12.000000000 0.000000000 0.000000000
1776613962.803516150 0.595595956 -0.095591173 0.201617867 0.194149867 0.980327249 0.025740303 -0.024530960 0.767396033 4.775887966 -12.014127731 0.000000000 0.000000000 -12.000000000 0.000000000 0.000000000
1776613962.808509827 0.595007539 -0.096147023 0.201628655 0.194148391 0.980341434 0.025270814 -0.024462497 0.703812540 4.754192829 -11.844219208 0.000000000 0.000000000 -12.000000000 0.000000000 0.000000000
1776613962.813263416 0.594565928 -0.096721500 0.201671511 0.194192752 0.980350673 0.024816887 -0.024205135 0.641083002 4.730409145 -11.675202370 0.000000000 0.000000000 -12.000000000 0.000000000 0.000000000
1776613962.818513393 0.594213724 -0.097269513 0.201738387 0.194246843 0.980359852 0.024393553 -0.023825875 0.579669952 4.704378128 -11.507481575 0.000000000 0.000000000 -12.000000000 0.000000000 0.000000000
1776613962.823263168 0.593921542 -0.097803928 0.201817542 0.194307029 0.980369151 0.023984326 -0.023363451 0.520075560 4.675947666 -11.341418266 0.000000000 0.000000000 -12.000000000 0.000000000 0.000000000
1776613962.828308105 0.593645155 -0.098349154 0.201903522 0.194376081 0.980377376 0.023572069 -0.022859203 0.462825537 4.644974709 -11.177324295 0.000000000 0.000000000 -12.000000000 0.000000000 0.000000000
1776613962.833883762 0.593413472 -0.098905616 0.201974958 0.194464758 0.980382442 0.023160763 -0.022300009 0.408451140 4.611331463 -11.015460014 0.000000000 0.000000000 -12.000000000 0.000000000 0.000000000
1776613962.838714600 0.593196809 -0.099454597 0.202035725 0.194560379 0.980386198 0.022747615 -0.021717748 0.357472926 4.574903488 -10.856037140 0.000000000 0.000000000 -12.000000000 0.000000000 0.000000000
1776613962.843546867 0.592983007 -0.099980623 0.202064276 0.194663033 0.980387509 0.022350360 -0.021144938 0.310386449 4.535594463 -10.699216843 0.000000000 0.000000000 -12.000000000 0.000000000 0.000000000
1776613962.848354340 0.592765927 -0.100483507 0.202070624 0.194772154 0.980386734 0.021968290 -0.020569071 0.267649740 4.493328094 -10.545112610 0.000000000 0.000000000 -12.000000000 0.000000000 0.000000000
1776613962.853590965 0.592542708 -0.100950845 0.202068180 0.194888607 0.980383158 0.021614935 -0.020002095 0.229671031 4.448050022 -10.393792152 0.000000000 0.000000000 -12.000000000 0.000000000 0.000000000
1776613962.858460188 0.592277229 -0.101392239 0.202066153 0.194999292 0.980379224 0.021264197 -0.019484906 0.196796641 4.399729729 -10.245280266 0.000000000 0.000000000 -12.000000000 0.000000000 0.000000000
1776613962.863394976 0.592014253 -0.101812445 0.202074260 0.195104867 0.980375886 0.020919237 -0.018962873 0.169299081 4.348358154 -10.099560738 0.000000000 0.000000000 -12.000000000 0.000000000 0.000000000
1776613962.868364096 0.591713548 -0.102242291 0.202090740 0.195207596 0.980372369 0.020553883 -0.018479919 0.147367045 4.293952465 -9.956581116 0.000000000 0.000000000 -12.000000000 0.000000000 0.000000000
1776613962.873289347 0.591366291 -0.102683060 0.202098131 0.195302665 0.980369627 0.020164523 -0.018045293 0.131098062 4.236555576 -9.816255569 0.000000000 0.000000000 -12.000000000 0.000000000 0.000000000
1776613962.879580975 0.590942681 -0.103103153 0.202077657 0.195385292 0.980367541 0.019766433 -0.017700637 0.120494545 4.176239014 -9.678470612 0.000000000 0.000000000 -12.000000000 0.000000000 0.000000000
1776613962.883281946 0.590458810 -0.103506938 0.202048600 0.195449010 0.980367959 0.019357856 -0.017424766 0.115463361 4.113105297 -9.543089867 0.000000000 0.000000000 -12.000000000 0.000000000 0.000000000
1776613962.888254881 0.589909792 -0.103909358 0.202020735 0.195495427 0.980370760 0.018924205 -0.017222913 0.115818329 4.047286987 -9.409959793 0.000000000 0.000000000 -12.000000000 0.000000000 0.000000000
1776613962.893298864 0.589326441 -0.104322091 0.201995730 0.195525929 0.980376542 0.018457729 -0.017050801 0.121285945 3.978945732 -9.278915405 0.000000000 0.000000000 -12.000000000 0.000000000 0.000000000
1776613962.898264408 0.588695765 -0.104727700 0.201978534 0.195536658 0.980385661 0.017967181 -0.016926449 0.131515101 3.908267736 -9.149782181 0.000000000 0.000000000 -12.000000000 0.000000000 0.000000000
1776613962.903264523 0.588024318 -0.105120495 0.201961845 0.195519984 0.980399549 0.017455170 -0.016852556 0.146089315 3.835460663 -9.022391319 0.000000000 0.000000000 -12.000000000 0.000000000 0.000000000
1776613962.908394337 0.587352335 -0.105507888 0.201959372 0.195475414 0.980418921 0.016927224 -0.016779995 0.164538071 3.760752201 -8.896577835 0.000000000 0.000000000 -12.000000000 0.000000000 0.000000000
1776613962.915058613 0.586724937 -0.105904832 0.201981455 0.195421338 0.980440855 0.016395973 -0.016655110 0.186347276 3.684387207 -8.772192955 0.000000000 0.000000000 -12.000000000 0.000000000 0.000000000
1776613962.918478727 0.586083591 -0.106296949 0.201991946 0.195360914 0.980463624 0.015859170 -0.016544214 0.210971892 3.606624603 -8.649104118 0.000000000 0.000000000 -12.000000000 0.000000000 0.000000000
1776613962.924606085 0.585429549 -0.106671110 0.201997995 0.195303291 0.980485141 0.015331112 -0.016445087 0.237850845 3.527731657 -8.527199745 0.000000000 0.000000000 -12.000000000 0.000000000 0.000000000
1776613962.928355217 0.584756374 -0.107017189 0.201994091 0.195251718 0.980504513 0.014821950 -0.016370308 0.266422272 3.447977066 -8.406388283 0.000000000 0.000000000 -12.000000000 0.000000000 0.000000000
1776613962.934333324 0.584113479 -0.107332677 0.201989114 0.195197240 0.980524182 0.014344685 -0.016264763 0.296137869 3.367622852 -8.286597252 0.000000000 0.000000000 -12.000000000 0.000000000 0.000000000
1776613962.938454628 0.583518803 -0.107628241 0.201976985 0.195134178 0.980545998 0.013888914 -0.016101101 0.326474965 3.286918402 -8.167775154 0.000000000 0.000000000 -12.000000000 0.000000000 0.000000000
1776613962.943501234 0.582965434 -0.107883282 0.201974422 0.195064217 0.980569065 0.013475982 -0.015896615 0.356945813 3.206096888 -8.049891472 0.000000000 0.000000000 -12.000000000 0.000000000 0.000000000
1776613962.948278427 0.582458258 -0.108101726 0.201982141 0.194990203 0.980592906 0.013104760 -0.015640957 0.387102246 3.125372171 -7.932929993 0.000000000 0.000000000 -12.000000000 0.000000000 0.000000000
1776613962.955204010 0.581983387 -0.108321115 0.202008039 0.194912419 0.980618000 0.012736987 -0.015336852 0.416536450 3.044937611 -7.816890240 0.000000000 0.000000000 -12.000000000 0.000000000 0.000000000
1776613962.959866524 0.581459463 -0.108525261 0.202037305 0.194833145 0.980642319 0.012374904 -0.015084827 0.444876909 2.964966536 -7.701780796 0.000000000 0.000000000 -12.000000000 0.000000000 0.000000000
1776613962.965062380 0.580760896 -0.108685672 0.202032745 0.194749400 0.980663896 0.012020671 -0.015050803 0.471780986 2.885616064 -7.587618351 0.000000000 0.000000000 -12.000000000 0.000000000 0.000000000
1776613962.969161034 0.580028415 -0.108828649 0.202051997 0.194662988 0.980684936 0.011676526 -0.015069559 0.496922702 2.807030916 -7.474427223 0.000000000 0.000000000 -12.000000000 0.000000000 0.000000000
1776613962.975056410 0.579308689 -0.108968012 0.202106267 0.194577262 0.980705738 0.011339867 -0.015078670 0.519981205 2.729347467 -7.362240314 0.000000000 0.000000000 -12.000000000 0.000000000 0.000000000
1776613962.978302717 0.578480959 -0.109083280 0.202147663 0.194486469 0.980725348 0.011003601 -0.015222806 0.540636420 2.652695656 -7.251096725 0.000000000 0.000000000 -12.000000000 0.000000000 0.000000000
1776613962.983698845 0.577553213 -0.109164357 0.202175319 0.194391295 0.980743587 0.010678732 -0.015493065 0.558572292 2.577196121 -7.141039848 0.000000000 0.000000000 -12.000000000 0.000000000 0.000000000
1776613962.988595963 0.576560020 -0.109200954 0.202197105 0.194299608 0.980758965 0.010388281 -0.015860064 0.573482454 2.502959490 -7.032112598 0.000000000 0.000000000 -12.000000000 0.000000000 0.000000000
1776613962.993801355 0.575560272 -0.109210975 0.202225059 0.194215074 0.980772138 0.010128174 -0.016246958 0.585075200 2.430082798 -6.924357414 0.000000000 0.000000000 -12.000000000 0.000000000 0.000000000
1776613962.998869419 0.574560940 -0.109194249 0.202247977 0.194138035 0.980783105 0.009899968 -0.016642289 0.593079925 2.358649731 -6.817817211 0.000000000 0.000000000 -12.000000000 0.000000000 0.000000000
1776613963.004989147 0.573550522 -0.109120466 0.202267379 0.194074392 0.980790019 0.009735550 -0.017066849 0.597254097 2.288726568 -6.712532520 0.000000000 0.000000000 -12.000000000 0.000000000 0.000000000
1776613963.008979559 0.572535932 -0.108980857 0.202283382 0.194030121 0.980791748 0.009649619 -0.017512424 0.597393036 2.220359087 -6.608540535 0.000000000 0.000000000 -12.000000000 0.000000000 0.000000000
1776613963.014037609 0.571517885 -0.108738855 0.202270955 0.193998441 0.980789244 0.009672307 -0.017987467 0.593338549 2.153565645 -6.505873680 0.000000000 0.000000000 -12.000000000 0.000000000 0.000000000
1776613963.018326521 0.570481777 -0.108429946 0.202234000 0.193982378 0.980781972 0.009769158 -0.018496418 0.584985733 2.088332176 -6.404556751 0.000000000 0.000000000 -12.000000000 0.000000000 0.000000000
1776613963.024875641 0.569441617 -0.108046725 0.202197850 0.193980902 0.980770230 0.009948577 -0.019030418 0.572283626 2.024607182 -6.304610252 0.000000000 0.000000000 -12.000000000 0.000000000 0.000000000
1776613963.028360128 0.567383230 -0.107169464 0.202174306 0.193995520 0.980740726 0.010432981 -0.020113772 0.555229843 1.962301493 -6.206048489 0.000000000 0.000000000 -12.000000000 0.000000000 0.000000000
1776613963.033757210 0.567383230 -0.107169464 0.202174306 0.193995520 0.980740726 0.010432981 -0.020113772 0.533860147 1.901292682 -6.108884335 0.000000000 0.000000000 -12.000000000 0.000000000 0.000000000
1776613963.038387537 0.566291392 -0.106644034 0.202181131 0.194004998 0.980722129 0.010749157 -0.020751705 0.508237839 1.841431379 -6.013129711 0.000000000 0.000000000 -12.000000000 0.000000000 0.000000000
1776613963.043277740 0.565162539 -0.106110267 0.202204615 0.194015399 0.980701864 0.011067477 -0.021432493 0.478447855 1.782550097 -5.918797970 0.000000000 0.000000000 -12.000000000 0.000000000 0.000000000
1776613963.048284054 0.563986480 -0.105575986 0.202246130 0.194018677 0.980681360 0.011372685 -0.022169625 0.444596589 1.724471688 -5.825901508 0.000000000 0.000000000 -12.000000000 0.000000000 0.000000000
1776613963.053280830 0.562821209 -0.105084628 0.202281088 0.193997577 0.980666280 0.011619711 -0.022880530 0.406818599 1.667019367 -5.734451294 0.000000000 0.000000000 -12.000000000 0.000000000 0.000000000
1776613963.058413506 0.561606467 -0.104597844 0.202273607 0.193938926 0.980657220 0.011823711 -0.023650145 0.365285546 1.610025048 -5.644452095 0.000000000 0.000000000 -12.000000000 0.000000000 0.000000000
1776613963.063383579 0.560411155 -0.104121953 0.202254683 0.193839252 0.980656624 0.011989077 -0.024396373 0.320214838 1.553339124 -5.555902481 0.000000000 0.000000000 -12.000000000 0.000000000 0.000000000
1776613963.068316698 0.559319258 -0.103683591 0.202253908 0.193702802 0.980666459 0.012109379 -0.025017571 0.271874934 1.496836543 -5.468795776 0.000000000 0.000000000 -12.000000000 0.000000000 0.000000000
1776613963.073451281 0.558616638 -0.103314251 0.202359289 0.193551913 0.980691552 0.012222973 -0.025145706 0.220589712 1.440419555 -5.383116722 0.000000000 0.000000000 -12.000000000 0.000000000 0.000000000
1776613963.080025196 0.557915330 -0.102949440 0.202423275 0.193392068 0.980719149 0.012324730 -0.025250921 0.166746646 1.384014249 -5.298843384 0.000000000 0.000000000 -12.000000000 0.000000000 0.000000000
1776613963.083288431 0.557205498 -0.102591425 0.202445626 0.193236932 0.980745852 0.012420633 -0.025354177 0.110806994 1.327563286 -5.215939522 0.000000000 0.000000000 -12.000000000 0.000000000 0.000000000
1776613963.088599443 0.556643069 -0.102266081 0.202468783 0.193088666 0.980776012 0.012515625 -0.025269115 0.053308565 1.271022081 -5.134352684 0.000000000 0.000000000 -12.000000000 0.000000000 0.000000000
1776613963.093284369 0.556236386 -0.101976067 0.202481836 0.192947790 0.980809569 0.012608028 -0.024995765 -0.005140741 1.214357257 -5.054019451 0.000000000 0.000000000 -12.000000000 0.000000000 0.000000000
1776613963.098352194 0.555938423 -0.101709314 0.202493727 0.192811579 0.980845749 0.012698961 -0.024578059 -0.063875422 1.157547712 -4.974863529 0.000000000 0.000000000 -12.000000000 0.000000000 0.000000000
1776613963.103889227 0.555722296 -0.101450466 0.202512830 0.192676067 0.980884075 0.012796188 -0.024053503 -0.122188076 1.100583792 -4.896796703 0.000000000 0.000000000 -12.000000000 0.000000000 0.000000000
1776613963.108996630 0.555559635 -0.101207256 0.202546477 0.192541793 0.980923951 0.012888617 -0.023446266 -0.179345936 1.043466806 -4.819722176 0.000000000 0.000000000 -12.000000000 0.000000000 0.000000000
1776613963.113995314 0.555451930 -0.100986391 0.202595741 0.192414328 0.980963886 0.012973645 -0.022764420 -0.234607652 0.986209631 -4.743536472 0.000000000 0.000000000 -12.000000000 0.000000000 0.000000000
1776613963.118801832 0.555377960 -0.100753151 0.202657253 0.192273885 0.981006920 0.013065290 -0.022032140 -0.287241042 0.928835809 -4.668132782 0.000000000 0.000000000 -12.000000000 0.000000000 0.000000000
1776613963.123265743 0.555155337 -0.100497462 0.202673048 0.192106918 0.981050849 0.013130774 -0.021487152 -0.336544216 0.871381521 -4.593403816 0.000000000 0.000000000 -12.000000000 0.000000000 0.000000000
1776613963.128257275 0.554775357 -0.100199893 0.202665061 0.191920817 0.981093943 0.013194421 -0.021142222 -0.381873220 0.813899755 -4.519241333 0.000000000 0.000000000 -12.000000000 0.000000000 0.000000000
1776613963.133311272 0.554341197 -0.099910930 0.202654898 0.191705361 0.981141508 0.013219190 -0.020872163 -0.422671556 0.756467342 -4.445542336 0.000000000 0.000000000 -12.000000000 0.000000000 0.000000000
1776613963.138237715 0.553844213 -0.099646710 0.202661246 0.191466644 0.981192648 0.013195062 -0.020673042 -0.458490282 0.699190378 -4.372212410 0.000000000 0.000000000 -12.000000000 0.000000000 0.000000000
1776613963.143295527 0.553214133 -0.099370331 0.202676922 0.191192448 0.981247544 0.013134939 -0.020643162 -0.488997430 0.642207563 -4.299167633 0.000000000 0.000000000 -12.000000000 0.000000000 0.000000000
1776613963.148250580 0.552411318 -0.099082388 0.202701420 0.190886557 0.981304467 0.013034027 -0.020833233 -0.513984382 0.585690856 -4.226339340 0.000000000 0.000000000 -12.000000000 0.000000000 0.000000000
1776613963.154471159 0.551432669 -0.098761685 0.202716202 0.190554544 0.981361091 0.012917333 -0.021272140 -0.533369839 0.529843152 -4.153671265 0.000000000 0.000000000 -12.000000000 0.000000000 0.000000000
1776613963.159014463 0.550382853 -0.098454334 0.202730000 0.190205798 0.981418908 0.012766410 -0.021811804 -0.547201335 0.474893749 -4.081126213 0.000000000 0.000000000 -12.000000000 0.000000000 0.000000000
1776613963.163983107 0.549235404 -0.098141290 0.202721953 0.189841986 0.981476188 0.012592440 -0.022492193 -0.555651248 0.421091467 -4.008683681 0.000000000 0.000000000 -12.000000000 0.000000000 0.000000000
1776613963.168639421 0.547925115 -0.097792119 0.202694356 0.189464420 0.981530547 0.012415154 -0.023385100 -0.559008181 0.368697077 -3.936342001 0.000000000 0.000000000 -12.000000000 0.000000000 0.000000000
1776613963.174306631 0.546490312 -0.097422265 0.202653527 0.189074621 0.981582344 0.012230550 -0.024439713 -0.557663143 0.317975521 -3.864117622 0.000000000 0.000000000 -12.000000000 0.000000000 0.000000000
1776613963.178299189 0.544936001 -0.097035430 0.202586353 0.188672572 0.981631398 0.012035386 -0.025643621 -0.552093804 0.269190729 -3.792042494 0.000000000 0.000000000 -12.000000000 0.000000000 0.000000000
1776613963.183610439 0.543357372 -0.096621543 0.202522993 0.188253596 0.981680691 0.011851140 -0.026892122 -0.542844594 0.222600535 -3.720164776 0.000000000 0.000000000 -12.000000000 0.000000000 0.000000000
1776613963.188318014 0.541859567 -0.096217662 0.202503473 0.187824577 0.981732786 0.011666962 -0.028045341 -0.530501544 0.178449914 -3.648549795 0.000000000 0.000000000 -12.000000000 0.000000000 0.000000000
1776613963.193440199 0.540430784 -0.095814228 0.202514082 0.187406689 0.981783330 0.011502999 -0.029119087 -0.515662193 0.136960953 -3.577276707 0.000000000 0.000000000 -12.000000000 0.000000000 0.000000000
1776613963.198402643 0.539002180 -0.095395081 0.202514440 0.186997399 0.981830716 0.011360725 -0.030189326 -0.498907179 0.098321654 -3.506434441 0.000000000 0.000000000 -12.000000000 0.000000000 0.000000000
1776613963.205047607 0.537583888 -0.094966665 0.202479243 0.186596185 0.981875539 0.011234579 -0.031241866 -0.480775148 0.062675595 -3.436115742 0.000000000 0.000000000 -12.000000000 0.000000000 0.000000000
1776613963.208326340 0.536270857 -0.094526239 0.202448308 0.186208367 0.981920362 0.011147403 -0.032164473 -0.461742848 0.030115355 -3.366412163 0.000000000 0.000000000 -12.000000000 0.000000000 0.000000000
1776613963.214083433 0.535302997 -0.094156511 0.202494055 0.185827479 0.981977522 0.011056018 -0.032650128 -0.442207783 0.000679870 -3.297413826 0.000000000 0.000000000 -12.000000000 0.000000000 0.000000000
1776613963.218407154 0.534480691 -0.093801707 0.202541888 0.185447142 0.982040763 0.010973502 -0.032936800 -0.422469825 -0.025646072 -3.229204655 0.000000000 0.000000000 -12.000000000 0.000000000 0.000000000
1776613963.224312067 0.533681870 -0.093424618 0.202546030 0.185059920 0.982106030 0.010909529 -0.033189971 -0.402715445 -0.048930418 -3.161858559 0.000000000 0.000000000 -12.000000000 0.000000000 0.000000000
1776613963.228317261 0.533002794 -0.093056619 0.202534616 0.184658483 0.982178807 0.010844802 -0.033292908 -0.383014381 -0.069289610 -3.095435143 0.000000000 0.000000000 -12.000000000 0.000000000 0.000000000
1776613963.235010386 0.532537878 -0.092721708 0.202533841 0.184244826 0.982262433 0.010773945 -0.033140965 -0.363328606 -0.086882330 -3.029983282 0.000000000 0.000000000 -12.000000000 0.000000000 0.000000000
1776613963.239116192 0.532249629 -0.092417046 0.202558875 0.183816910 0.982355773 0.010692427 -0.032773677 -0.343526691 -0.101903319 -2.965542316 0.000000000 0.000000000 -12.000000000 0.000000000 0.000000000
1776613963.245090008 0.532099724 -0.092121452 0.202617913 0.183371946 0.982457817 0.010611095 -0.032230265 -0.323399365 -0.114577696 -2.902141809 0.000000000 0.000000000 -12.000000000 0.000000000 0.000000000
1776613963.248441935 0.531735241 -0.091496497 0.202690303 0.182429761 0.982668519 0.010431978 -0.031194957 -0.302674890 -0.125154749 -2.839804173 0.000000000 0.000000000 -12.000000000 0.000000000 0.000000000
1776613963.253483295 0.531735241 -0.091496497 0.202690303 0.182429761 0.982668519 0.010431978 -0.031194957 -0.281035453 -0.133900523 -2.778544426 0.000000000 0.000000000 -12.000000000 0.000000000 0.000000000
1776613963.259367466 0.531545520 -0.091188759 0.202706456 0.181931928 0.982777953 0.010316892 -0.030688463 -0.258139580 -0.141089171 -2.718372822 0.000000000 0.000000000 -12.000000000 0.000000000 0.000000000
1776613963.264032841 0.531410396 -0.090887904 0.202728540 0.181415096 0.982892275 0.010190230 -0.030124094 -0.233647823 -0.146994159 -2.659296036 0.000000000 0.000000000 -12.000000000 0.000000000 0.000000000
1776613963.268271685 0.531313658 -0.090583682 0.202753007 0.180882707 0.983009994 0.010061094 -0.029522968 -0.207244128 -0.151881427 -2.601318598 0.000000000 0.000000000 -12.000000000 0.000000000 0.000000000
1776613963.273269176 0.531207144 -0.090205625 0.202765465 0.180335194 0.983128607 0.009984327 -0.028943354 -0.178651333 -0.156006128 -2.544441223 0.000000000 0.000000000 -12.000000000 0.000000000 0.000000000
1776613963.278309584 0.531048656 -0.089767933 0.202765167 0.179778188 0.983246028 0.009936438 -0.028431233 -0.147642091 -0.159613356 -2.488660097 0.000000000 0.000000000 -12.000000000 0.000000000 0.000000000
1776613963.285221577 0.530881345 -0.089280792 0.202772945 0.179231912 0.983360112 0.009929707 -0.027933044 -0.114046820 -0.162941515 -2.433967590 0.000000000 0.000000000 -12.000000000 0.000000000 0.000000000
1776613963.288452625 0.530564904 -0.088049680 0.202810645 0.178201154 0.983571053 0.010189534 -0.026990866 -0.077759169 -0.166225225 -2.380351543 0.000000000 0.000000000 -12.000000000 0.000000000 0.000000000
1776613963.295109510 0.530564904 -0.088049680 0.202810645 0.178201154 0.983571053 0.010189534 -0.026990866 -0.038741197 -0.169697270 -2.327798605 0.000000000 0.000000000 -12.000000000 0.000000000 0.000000000
1776613963.298246622 0.530281186 -0.087260455 0.202791333 0.177755520 0.983655691 0.010505885 -0.026722556 0.002967882 -0.173591450 -2.276295900 0.000000000 0.000000000 -12.000000000 0.000000000 0.000000000
1776613963.303548098 0.529997051 -0.086435601 0.202787697 0.177374050 0.983727276 0.010897275 -0.026464188 0.047242127 -0.178145990 -2.225831747 0.000000000 0.000000000 -12.000000000 0.000000000 0.000000000
1776613963.309930563 0.529625714 -0.085499920 0.202781290 0.177062169 0.983780801 0.011424565 -0.026339840 0.093865894 -0.183605120 -2.176395893 0.000000000 0.000000000 -12.000000000 0.000000000 0.000000000
1776613963.313334942 0.529211402 -0.084457137 0.202781439 0.176820040 0.983817995 0.012062095 -0.026294058 0.142539665 -0.190217793 -2.127979040 0.000000000 0.000000000 -12.000000000 0.000000000 0.000000000
1776613963.320061445 0.528730929 -0.083312333 0.202778041 0.176657841 0.983836293 0.012795053 -0.026352713 0.192892790 -0.198233500 -2.080571175 0.000000000 0.000000000 -12.000000000 0.000000000 0.000000000
1776613963.325034618 0.527675509 -0.080744490 0.202724308 0.176534951 0.983824968 0.014571555 -0.026674220 0.244499415 -0.207896158 -2.034163237 0.000000000 0.000000000 -12.000000000 0.000000000 0.000000000
1776613963.329151154 0.527223825 -0.079389110 0.202721149 0.176598489 0.983795702 0.015556656 -0.026777266 0.296892911 -0.219438896 -1.988746881 0.000000000 0.000000000 -12.000000000 0.000000000 0.000000000
1776613963.334659815 0.527223825 -0.079389110 0.202721149 0.176598489 0.983795702 0.015556656 -0.026777266 0.349578232 -0.233079553 -1.944316149 0.000000000 0.000000000 -12.000000000 0.000000000 0.000000000
1776613963.338338852 0.526302099 -0.076543838 0.202730447 0.176949009 0.983688831 0.017692985 -0.027061027 0.402044833 -0.249015629 -1.900866032 0.000000000 0.000000000 -12.000000000 0.000000000 0.000000000
1776613963.343402624 0.526302099 -0.076543838 0.202730447 0.176949009 0.983688831 0.017692985 -0.027061027 0.453782082 -0.267418504 -1.858392477 0.000000000 0.000000000 -12.000000000 0.000000000 0.000000000
1776613963.348360538 0.525918722 -0.075085007 0.202748954 0.177135557 0.983632922 0.018816140 -0.027114145 0.504298151 -0.288428396 -1.816891789 0.000000000 0.000000000 -12.000000000 0.000000000 0.000000000
1776613963.353441000 0.525595069 -0.073672049 0.202776492 0.177324444 0.983578444 0.019900251 -0.027083475 0.553140521 -0.312149853 -1.776360631 0.000000000 0.000000000 -12.000000000 0.000000000 0.000000000
1776613963.358325720 0.525291681 -0.072285652 0.202790767 0.177464858 0.983532906 0.020952072 -0.027023464 0.599913657 -0.338646799 -1.736795783 0.000000000 0.000000000 -12.000000000 0.000000000 0.000000000
1776613963.364834070 0.524984598 -0.070938282 0.202777296 0.177510962 0.983504891 0.021931777 -0.026963107 0.644291043 -0.367936969 -1.698192835 0.000000000 0.000000000 -12.000000000 0.000000000 0.000000000
1776613963.368440866 0.524678230 -0.068415061 0.202760726 0.177389428 0.983500957 0.023665980 -0.026434902 0.686020553 -0.399985820 -1.660546303 0.000000000 0.000000000 -12.000000000 0.000000000 0.000000000
1776613963.374454498 0.524678230 -0.068415061 0.202760726 0.177389428 0.983500957 0.023665980 -0.026434902 0.724924803 -0.434701860 -1.623851299 0.000000000 0.000000000 -12.000000000 0.000000000 0.000000000
1776613963.378266335 0.524685860 -0.067238308 0.202787519 0.177213207 0.983526826 0.024437914 -0.025946243 0.760903955 -0.471936733 -1.588103533 0.000000000 0.000000000 -12.000000000 0.000000000 0.000000000
1776613963.383406162 0.524704099 -0.066084638 0.202809513 0.176926374 0.983574271 0.025141772 -0.025428634 0.793939054 -0.511489153 -1.553297043 0.000000000 0.000000000 -12.000000000 0.000000000 0.000000000
1776613963.388701439 0.524809301 -0.064973734 0.202836096 0.176561549 0.983639896 0.025768466 -0.024791388 0.824090958 -0.553109288 -1.519424796 0.000000000 0.000000000 -12.000000000 0.000000000 0.000000000
1776613963.393467188 0.524664760 -0.063792631 0.202786714 0.176174760 0.983700216 0.026406443 -0.024474973 0.851488471 -0.596503019 -1.486481428 0.000000000 0.000000000 -12.000000000 0.000000000 0.000000000
1776613963.398248434 0.524486721 -0.062630638 0.202743560 0.175788805 0.983758807 0.027020689 -0.024223054 0.876299918 -0.641337812 -1.454466701 0.000000000 0.000000000 -12.000000000 0.000000000 0.000000000
1776613963.403168678 0.524320662 -0.061474949 0.202752739 0.175440758 0.983809888 0.027636431 -0.023977185 0.898695290 -0.687249720 -1.423389673 0.000000000 0.000000000 -12.000000000 0.000000000 0.000000000
1776613963.408478498 0.524029315 -0.060270451 0.202787459 0.175120607 0.983850479 0.028271988 -0.023910619 0.918814659 -0.733849764 -1.393270493 0.000000000 0.000000000 -12.000000000 0.000000000 0.000000000
1776613963.413357496 0.523583412 -0.059052486 0.202824235 0.174814850 0.983883679 0.028886344 -0.024046360 0.936750233 -0.780728757 -1.364141703 0.000000000 0.000000000 -12.000000000 0.000000000 0.000000000
1776613963.418224573 0.522961020 -0.057820447 0.202848077 0.174515083 0.983910739 0.029467195 -0.024410564 0.952539444 -0.827461123 -1.336048484 0.000000000 0.000000000 -12.000000000 0.000000000 0.000000000
1776613963.423204184 0.522221982 -0.056553230 0.202843457 0.174187750 0.983938873 0.030014874 -0.024940997 0.966167986 -0.873607039 -1.309047818 0.000000000 0.000000000 -12.000000000 0.000000000 0.000000000
1776613963.428196430 0.521421492 -0.055295717 0.202833533 0.173859045 0.983965814 0.030511400 -0.025560733 0.977576077 -0.918715298 -1.283207655 0.000000000 0.000000000 -12.000000000 0.000000000 0.000000000
1776613963.433766365 0.520593762 -0.054083921 0.202827126 0.173554733 0.983988583 0.030944368 -0.026223633 0.986668229 -0.962327361 -1.258604527 0.000000000 0.000000000 -12.000000000 0.000000000 0.000000000
1776613963.438603640 0.519752204 -0.052899715 0.202828377 0.173246846 0.984012306 0.031327650 -0.026904644 0.993325949 -1.003982544 -1.235322118 0.000000000 0.000000000 -12.000000000 0.000000000 0.000000000
1776613963.443498611 0.518875182 -0.051807187 0.202824950 0.172940299 0.984037817 0.031600047 -0.027616991 0.997423351 -1.043222547 -1.213448167 0.000000000 0.000000000 -12.000000000 0.000000000 0.000000000
1776613963.449708939 0.517969608 -0.050810806 0.202801257 0.172635868 0.984065652 0.031748723 -0.028349085 0.998844385 -1.079595089 -1.193071008 0.000000000 0.000000000 -12.000000000 0.000000000 0.000000000
1776613963.453208208 0.516350091 -0.048996881 0.202740818 0.171977192 0.984143138 0.031818587 -0.029557854 0.997500658 -1.112654448 -1.174274921 0.000000000 0.000000000 -12.000000000 0.000000000 0.000000000
1776613963.458536386 0.516350091 -0.048996881 0.202740818 0.171977192 0.984143138 0.031818587 -0.029557854 0.993348539 -1.141968250 -1.157135606 0.000000000 0.000000000 -12.000000000 0.000000000 0.000000000
1776613963.463254929 0.515613616 -0.048174471 0.202687025 0.171636984 0.984189451 0.031754911 -0.030057658 0.986404300 -1.167127609 -1.141716480 0.000000000 0.000000000 -12.000000000 0.000000000 0.000000000
1776613963.468192339 0.514923930 -0.047448091 0.202616334 0.171301931 0.984240055 0.031596795 -0.030475760 0.976753950 -1.187757015 -1.128066659 0.000000000 0.000000000 -12.000000000 0.000000000 0.000000000
1776613963.473530054 0.514326572 -0.046797946 0.202551335 0.170969501 0.984295964 0.031370979 -0.030769471 0.964557052 -1.203524113 -1.116219997 0.000000000 0.000000000 -12.000000000 0.000000000 0.000000000
1776613963.479670048 0.513850212 -0.046189107 0.202523202 0.170627609 0.984359264 0.031106509 -0.030911032 0.950046122 -1.214145541 -1.106194735 0.000000000 0.000000000 -12.000000000 0.000000000 0.000000000
1776613963.484704494 0.513454020 -0.045591176 0.202485055 0.170237809 0.984434843 0.030804599 -0.030955177 0.933521807 -1.219392896 -1.097992897 0.000000000 0.000000000 -12.000000000 0.000000000 0.000000000
1776613963.488660812 0.512851775 -0.044508640 0.202411354 0.169431552 0.984601378 0.030066267 -0.030808099 0.915345490 -1.219096303 -1.091600776 0.000000000 0.000000000 -12.000000000 0.000000000 0.000000000
1776613963.494484186 0.512851775 -0.044508640 0.202411354 0.169431552 0.984601378 0.030066267 -0.030808099 0.895929456 -1.213148832 -1.086989880 0.000000000 0.000000000 -12.000000000 0.000000000 0.000000000
1776613963.498289347 0.512667716 -0.044042267 0.202380359 0.169038653 0.984688699 0.029632885 -0.030593468 0.875726461 -1.201509476 -1.084119558 0.000000000 0.000000000 -12.000000000 0.000000000 0.000000000
1776613963.503175259 0.512563646 -0.043589931 0.202360362 0.168626904 0.984782517 0.029172039 -0.030287491 0.855217516 -1.184205532 -1.082940102 0.000000000 0.000000000 -12.000000000 0.000000000 0.000000000
1776613963.509394169 0.512525201 -0.043155059 0.202344209 0.168215618 0.984878659 0.028690843 -0.029906729 0.834899664 -1.161332250 -1.083395600 0.000000000 0.000000000 -12.000000000 0.000000000 0.000000000
1776613963.513200521 0.512536287 -0.042723194 0.202338040 0.167804316 0.984976172 0.028197067 -0.029472161 0.815273285 -1.133049846 -1.085425258 0.000000000 0.000000000 -12.000000000 0.000000000 0.000000000
1776613963.518647671 0.512549043 -0.042281684 0.202314764 0.167383119 0.985074878 0.027693084 -0.029043164 0.796829104 -1.099580050 -1.088964939 0.000000000 0.000000000 -12.000000000 0.000000000 0.000000000
1776613963.523597479 0.512590110 -0.041828983 0.202281862 0.166962862 0.985173881 0.027174354 -0.028590573 0.780036092 -1.061203241 -1.093947887 0.000000000 0.000000000 -12.000000000 0.000000000 0.000000000
1776613963.528836250 0.512649477 -0.041375097 0.202246845 0.166560188 0.985269547 0.026656179 -0.028127076 0.765329421 -1.018253565 -1.100306034 0.000000000 0.000000000 -12.000000000 0.000000000 0.000000000
1776613963.533372641 0.512708247 -0.040916219 0.202210128 0.166161031 0.985363781 0.026127990 -0.027676905 0.753100395 -0.971113980 -1.107972026 0.000000000 0.000000000 -12.000000000 0.000000000 0.000000000
1776613963.538273573 0.512763202 -0.040429607 0.202169478 0.165758833 0.985457659 0.025603049 -0.027234981 0.743688703 -0.920208573 -1.116882920 0.000000000 0.000000000 -12.000000000 0.000000000 0.000000000
1776613963.543226957 0.512810647 -0.039923877 0.202137947 0.165363550 0.985548854 0.025085526 -0.026814483 0.737376630 -0.865994275 -1.126981974 0.000000000 0.000000000 -12.000000000 0.000000000 0.000000000
1776613963.548339605 0.512822628 -0.039426155 0.202107966 0.164980471 0.985636592 0.024554733 -0.026438590 0.734384418 -0.808952153 -1.138221025 0.000000000 0.000000000 -12.000000000 0.000000000 0.000000000
1776613963.553303719 0.512799740 -0.038916018 0.202075154 0.164612100 0.985719800 0.024026370 -0.026116945 0.734866083 -0.749580503 -1.150560260 0.000000000 0.000000000 -12.000000000 0.000000000 0.000000000
1776613963.558768511 0.512745023 -0.038405292 0.202032924 0.164256275 0.985799253 0.023488408 -0.025845101 0.738906622 -0.688387334 -1.163969278 0.000000000 0.000000000 -12.000000000 0.000000000 0.000000000
1776613963.564710855 0.512546837 -0.037377164 0.201942414 0.163581401 0.985947073 0.022398813 -0.025450751 0.746521056 -0.625883162 -1.178427458 0.000000000 0.000000000 -12.000000000 0.000000000 0.000000000
1776613963.569704056 0.512430310 -0.036853798 0.201888770 0.163238958 0.986020148 0.021848071 -0.025296535 0.757655740 -0.562574863 -1.193923712 0.000000000 0.000000000 -12.000000000 0.000000000 0.000000000
1776613963.574317694 0.512430310 -0.036853798 0.201888770 0.163238958 0.986020148 0.021848071 -0.025296535 0.772192299 -0.498959839 -1.210456491 0.000000000 0.000000000 -12.000000000 0.000000000 0.000000000
1776613963.579564571 0.512298107 -0.036303867 0.201841474 0.162894115 0.986091912 0.021314992 -0.025178067 0.789954185 -0.435522318 -1.228032351 0.000000000 0.000000000 -12.000000000 0.000000000 0.000000000
1776613963.583261967 0.512100697 -0.035683326 0.201784015 0.162576810 0.986154437 0.020850975 -0.025167178 0.810714006 -0.372731626 -1.246665478 0.000000000 0.000000000 -12.000000000 0.000000000 0.000000000
1776613963.588205576 0.511930704 -0.034989014 0.201728910 0.162315294 0.986205101 0.020495042 -0.025163107 0.834199309 -0.311045438 -1.266377449 0.000000000 0.000000000 -12.000000000 0.000000000 0.000000000
1776613963.593177795 0.511810839 -0.034231722 0.201688766 0.162140816 0.986239254 0.020259595 -0.025141479 0.860097051 -0.250916630 -1.287197828 0.000000000 0.000000000 -12.000000000 0.000000000 0.000000000
1776613963.598157167 0.511682630 -0.033441715 0.201650679 0.162064508 0.986254156 0.020117436 -0.025160994 0.888058245 -0.192798600 -1.309163809 0.000000000 0.000000000 -12.000000000 0.000000000 0.000000000
1776613963.603195906 0.511509240 -0.032535069 0.201610029 0.162061006 0.986251652 0.020128869 -0.025274452 0.917704940 -0.137147591 -1.332317948 0.000000000 0.000000000 -12.000000000 0.000000000 0.000000000
1776613963.608139515 0.511346936 -0.031526946 0.201575130 0.162072673 0.986243367 0.020263579 -0.025413971 0.948637009 -0.084422015 -1.356708407 0.000000000 0.000000000 -12.000000000 0.000000000 0.000000000
1776613963.613218784 0.511298597 -0.030481609 0.201567233 0.162106827 0.986232221 0.020486243 -0.025451005 0.980440080 -0.035079192 -1.382388473 0.000000000 0.000000000 -12.000000000 0.000000000 0.000000000
1776613963.618262768 0.511296332 -0.029365186 0.201557040 0.162169293 0.986214638 0.020818945 -0.025462884 1.012698412 0.010429385 -1.409415245 0.000000000 0.000000000 -12.000000000 0.000000000 0.000000000
1776613963.623243570 0.511315465 -0.028208308 0.201546580 0.162214160 0.986198902 0.021209130 -0.025465656 1.045010567 0.051664971 -1.437845826 0.000000000 0.000000000 -12.000000000 0.000000000 0.000000000
1776613963.628124237 0.511337578 -0.027084691 0.201523215 0.162215129 0.986191034 0.021565787 -0.025463814 1.077003837 0.088213056 -1.467734337 0.000000000 0.000000000 -12.000000000 0.000000000 0.000000000
1776613963.633448839 0.511428177 -0.025984755 0.201501548 0.162161320 0.986194432 0.021903928 -0.025385326 1.108346820 0.119697183 -1.499130130 0.000000000 0.000000000 -12.000000000 0.000000000 0.000000000
1776613963.639613390 0.511642754 -0.024833746 0.201501966 0.162020475 0.986214578 0.022281202 -0.025173679 1.138758540 0.145789251 -1.532077312 0.000000000 0.000000000 -12.000000000 0.000000000 0.000000000
1776613963.643383741 0.512151480 -0.022413218 0.201498777 0.161583990 0.986278653 0.023129750 -0.024699591 1.168015003 0.166214317 -1.566612959 0.000000000 0.000000000 -12.000000000 0.000000000 0.000000000
1776613963.649068594 0.512151480 -0.022413218 0.201498777 0.161583990 0.986278653 0.023129750 -0.024699591 1.195949674 0.180750534 -1.602765322 0.000000000 0.000000000 -12.000000000 0.000000000 0.000000000
1776613963.653203011 0.512416124 -0.021211907 0.201482028 0.161391988 0.986304760 0.023595773 -0.024469977 1.222449899 0.189226598 -1.640553474 0.000000000 0.000000000 -12.000000000 0.000000000 0.000000000
1776613963.658274651 0.512664378 -0.019972533 0.201464891 0.161229476 0.986323059 0.024123626 -0.024289446 1.247446179 0.191520721 -1.679985642 0.000000000 0.000000000 -12.000000000 0.000000000 0.000000000
1776613963.664570570 0.513015926 -0.018763546 0.201479495 0.161076277 0.986342132 0.024652144 -0.023998372 1.270900846 0.187563702 -1.721059442 0.000000000 0.000000000 -12.000000000 0.000000000 0.000000000
1776613963.668241501 0.513399065 -0.017626308 0.201502174 0.160919636 0.986364067 0.025115419 -0.023665687 1.292803168 0.177348524 -1.763760924 0.000000000 0.000000000 -12.000000000 0.000000000 0.000000000
1776613963.674560547 0.513760746 -0.016481737 0.201521546 0.160705566 0.986395061 0.025551276 -0.023357641 1.313169718 0.160942435 -1.808063865 0.000000000 0.000000000 -12.000000000 0.000000000 0.000000000
1776613963.678197622 0.514151275 -0.015317071 0.201540202 0.160438716 0.986435413 0.025978200 -0.023014668 1.332044840 0.138493329 -1.853928566 0.000000000 0.000000000 -12.000000000 0.000000000 0.000000000
1776613963.684707403 0.514560461 -0.014157578 0.201561779 0.160178423 0.986474812 0.026403356 -0.022653598 1.349499583 0.110227108 -1.901301980 0.000000000 0.000000000 -12.000000000 0.000000000 0.000000000
1776613963.688266277 0.515016079 -0.013022544 0.201586872 0.159981728 0.986504257 0.026843878 -0.022239754 1.365626931 0.076436825 -1.950116158 0.000000000 0.000000000 -12.000000000 0.000000000 0.000000000
1776613963.694844246 0.515481770 -0.011867886 0.201606542 0.159846008 0.986522079 0.027335608 -0.021823427 1.380536556 0.037467513 -2.000286579 0.000000000 0.000000000 -12.000000000 0.000000000 0.000000000
1776613963.698493958 0.516557634 -0.009504223 0.201631188 0.159744233 0.986527085 0.028463978 -0.020879386 1.394350052 -0.006297482 -2.051711321 0.000000000 0.000000000 -12.000000000 0.000000000 0.000000000
1776613963.704577923 0.516557634 -0.009504223 0.201631188 0.159744233 0.986527085 0.028463978 -0.020879386 1.407197356 -0.054446086 -2.104269505 0.000000000 0.000000000 -12.000000000 0.000000000 0.000000000
1776613963.709872246 0.517906904 -0.007016340 0.201680452 0.159778237 0.986507237 0.029798785 -0.019658364 1.419219375 -0.106543668 -2.157822609 0.000000000 0.000000000 -12.000000000 0.000000000 0.000000000
1776613963.713233471 0.517906904 -0.007016340 0.201680452 0.159778237 0.986507237 0.029798785 -0.019658364 1.430572510 -0.162136018 -2.212212801 0.000000000 0.000000000 -12.000000000 0.000000000 0.000000000
1776613963.719233513 0.518626571 -0.005844364 0.201695979 0.159820378 0.986494303 0.030427245 -0.018991301 1.441429853 -0.220749065 -2.267265081 0.000000000 0.000000000 -12.000000000 0.000000000 0.000000000
1776613963.723135948 0.519323349 -0.004736148 0.201684713 0.159852326 0.986483514 0.030995972 -0.018352127 1.451977491 -0.281886727 -2.322787523 0.000000000 0.000000000 -12.000000000 0.000000000 0.000000000
1776613963.729600191 0.520091891 -0.003677242 0.201678485 0.159842119 0.986481667 0.031519938 -0.017634002 1.462406158 -0.345029324 -2.378575087 0.000000000 0.000000000 -12.000000000 0.000000000 0.000000000
1776613963.733205318 0.520862341 -0.002645113 0.201680869 0.159753948 0.986493468 0.031988762 -0.016913269 1.472902775 -0.409634024 -2.434414387 0.000000000 0.000000000 -12.000000000 0.000000000 0.000000000
1776613963.738306284 0.521593928 -0.001646673 0.201682448 0.159616292 0.986513972 0.032392234 -0.016233055 1.483642459 -0.475138217 -2.490086555 0.000000000 0.000000000 -12.000000000 0.000000000 0.000000000
1776613963.743280888 0.522271514 -0.000717606 0.201676995 0.159416169 0.986546397 0.032699693 -0.015603496 1.494781494 -0.540964544 -2.545371532 0.000000000 0.000000000 -12.000000000 0.000000000 0.000000000
1776613963.748926163 0.522862971 0.000143951 0.201644272 0.159171909 0.986587226 0.032905053 -0.015072608 1.506453156 -0.606524050 -2.600050926 0.000000000 0.000000000 -12.000000000 0.000000000 0.000000000
1776613963.754654884 0.523305118 0.000950243 0.201578021 0.158860415 0.986639082 0.033011932 -0.014725697 1.518759131 -0.671218097 -2.653913736 0.000000000 0.000000000 -12.000000000 0.000000000 0.000000000
1776613963.758382320 0.523682237 0.001680959 0.201514900 0.158533454 0.986695230 0.033019144 -0.014469566 1.531759501 -0.734438479 -2.706761360 0.000000000 0.000000000 -12.000000000 0.000000000 0.000000000
1776613963.763227940 0.524048984 0.002358699 0.201476157 0.158201456 0.986753702 0.032965951 -0.014237166 1.545460343 -0.795569777 -2.758414745 0.000000000 0.000000000 -12.000000000 0.000000000 0.000000000
1776613963.768242121 0.524363160 0.002983356 0.201449364 0.157871753 0.986812890 0.032841310 -0.014080568 1.559808135 -0.853996456 -2.808718443 0.000000000 0.000000000 -12.000000000 0.000000000 0.000000000
1776613963.773201466 0.524584949 0.003536206 0.201407969 0.157534257 0.986875057 0.032610215 -0.014039899 1.574692488 -0.909114182 -2.857545614 0.000000000 0.000000000 -12.000000000 0.000000000 0.000000000
1776613963.778189898 0.524735689 0.004039571 0.201331824 0.157197043 0.986938357 0.032296017 -0.014095877 1.589954734 -0.960341930 -2.904799938 0.000000000 0.000000000 -12.000000000 0.000000000 0.000000000
1776613963.783323765 0.524854124 0.004516030 0.201242298 0.156850457 0.987004280 0.031917874 -0.014201730 1.605398417 -1.007132769 -2.950420618 0.000000000 0.000000000 -12.000000000 0.000000000 0.000000000
1776613963.788244963 0.524977803 0.004960129 0.201152682 0.156502813 0.987071753 0.031486209 -0.014312035 1.620802164 -1.048982859 -2.994385242 0.000000000 0.000000000 -12.000000000 0.000000000 0.000000000
1776613963.793498993 0.525136530 0.005361160 0.201068103 0.156157911 0.987140417 0.031008361 -0.014386605 1.635930061 -1.085438848 -3.036712170 0.000000000 0.000000000 -12.000000000 0.000000000 0.000000000
1776613963.798211813 0.525294304 0.005716273 0.200982034 0.155819878 0.987209260 0.030475255 -0.014468138 1.650543690 -1.116105080 -3.077462196 0.000000000 0.000000000 -12.000000000 0.000000000 0.000000000
1776613963.803215265 0.525466204 0.006019841 0.200906307 0.155509874 0.987274826 0.029895339 -0.014536592 1.664415598 -1.140650392 -3.116739511 0.000000000 0.000000000 -12.000000000 0.000000000 0.000000000
1776613963.808321953 0.525649488 0.006275811 0.200827211 0.155220851 0.987338126 0.029274233 -0.014594086 1.677339792 -1.158815145 -3.154691935 0.000000000 0.000000000 -12.000000000 0.000000000 0.000000000
1776613963.813421488 0.525816619 0.006486188 0.200745314 0.154951006 0.987399042 0.028600745 -0.014674562 1.689142227 -1.170417309 -3.191511154 0.000000000 0.000000000 -12.000000000 0.000000000 0.000000000
1776613963.818202257 0.526021779 0.006663784 0.200693846 0.154708371 0.987456381 0.027904280 -0.014714935 1.699686766 -1.175357699 -3.227430344 0.000000000 0.000000000 -12.000000000 0.000000000 0.000000000
1776613963.823147774 0.526213169 0.006822310 0.200647056 0.154465735 0.987513602 0.027182110 -0.014778288 1.708880544 -1.173620701 -3.262722492 0.000000000 0.000000000 -12.000000000 0.000000000 0.000000000
1776613963.828500748 0.526414931 0.006978344 0.200627863 0.154238090 0.987567902 0.026458753 -0.014837318 1.716675401 -1.165274501 -3.297696352 0.000000000 0.000000000 -12.000000000 0.000000000 0.000000000
1776613963.834693432 0.526619852 0.007117101 0.200618804 0.154027551 0.987619281 0.025725430 -0.014896726 1.723069787 -1.150467515 -3.332691908 0.000000000 0.000000000 -12.000000000 0.000000000 0.000000000
1776613963.842345238 0.526810050 0.007250476 0.200611532 0.153826445 0.987668157 0.024988689 -0.014988558 1.728106856 -1.129424930 -3.368074417 0.000000000 0.000000000 -12.000000000 0.000000000 0.000000000
1776613963.844374657 0.527251422 0.007506745 0.200624585 0.153432682 0.987763226 0.023515606 -0.015141853 1.731871247 -1.102442741 -3.404226303 0.000000000 0.000000000 -12.000000000 0.000000000 0.000000000
1776613963.848226070 0.527251422 0.007506745 0.200624585 0.153432682 0.987763226 0.023515606 -0.015141853 1.734485745 -1.069881916 -3.441540480 0.000000000 0.000000000 -12.000000000 0.000000000 0.000000000
1776613963.853284121 0.527481377 0.007633993 0.200628012 0.153232187 0.987810194 0.022779394 -0.015233897 1.736108065 -1.032162070 -3.480409622 0.000000000 0.000000000 -12.000000000 0.000000000 0.000000000
1776613963.858524323 0.527723670 0.007758060 0.200623900 0.153024167 0.987857699 0.022043180 -0.015325763 1.736926198 -0.989752889 -3.521220446 0.000000000 0.000000000 -12.000000000 0.000000000 0.000000000
1776613963.863186121 0.527973413 0.007891327 0.200603187 0.152804360 0.987906039 0.021320250 -0.015424558 1.737152696 -0.943166256 -3.564343452 0.000000000 0.000000000 -12.000000000 0.000000000 0.000000000
1776613963.868117094 0.528243065 0.008006386 0.200599760 0.152590886 0.987952828 0.020602122 -0.015517082 1.737017632 -0.892947018 -3.610129356 0.000000000 0.000000000 -12.000000000 0.000000000 0.000000000
1776613963.874717474 0.528547704 0.008116013 0.200603992 0.152381152 0.987998605 0.019893564 -0.015588693 1.736762524 -0.839664400 -3.658901691 0.000000000 0.000000000 -12.000000000 0.000000000 0.000000000
1776613963.878169060 0.528870463 0.008231726 0.200611472 0.152161360 0.988045216 0.019199124 -0.015650876 1.736633062 -0.783902466 -3.710952282 0.000000000 0.000000000 -12.000000000 0.000000000 0.000000000
1776613963.884598494 0.529194593 0.008348755 0.200607896 0.151937023 0.988091588 0.018515412 -0.015727138 1.736872435 -0.726251483 -3.766537666 0.000000000 0.000000000 -12.000000000 0.000000000 0.000000000
1776613963.888253212 0.529469728 0.008485394 0.200593561 0.151713014 0.988135934 0.017842993 -0.015878472 1.737714887 -0.667299986 -3.825872660 0.000000000 0.000000000 -12.000000000 0.000000000 0.000000000
1776613963.893692970 0.529706895 0.008626230 0.200559765 0.151492059 0.988178194 0.017178318 -0.016089262 1.739380121 -0.607628763 -3.889128685 0.000000000 0.000000000 -12.000000000 0.000000000 0.000000000
1776613963.898206472 0.529940486 0.008762096 0.200524300 0.151273817 0.988219142 0.016523156 -0.016315296 1.742069602 -0.547804356 -3.956433296 0.000000000 0.000000000 -12.000000000 0.000000000 0.000000000
1776613963.903566837 0.530160904 0.008899131 0.200500220 0.151082978 0.988254488 0.015884746 -0.016574992 1.745964170 -0.488373697 -4.027871609 0.000000000 0.000000000 -12.000000000 0.000000000 0.000000000
1776613963.908167124 0.530355632 0.009022845 0.200474381 0.150898367 0.988287687 0.015245870 -0.016871607 1.751222849 -0.429859102 -4.103488922 0.000000000 0.000000000 -12.000000000 0.000000000 0.000000000
1776613963.913187981 0.530501962 0.009150865 0.200435847 0.150737554 0.988315344 0.014620307 -0.017239057 1.757981539 -0.372755498 -4.183294773 0.000000000 0.000000000 -12.000000000 0.000000000 0.000000000
1776613963.918331623 0.530649066 0.009273247 0.200400740 0.150589809 0.988340080 0.014003692 -0.017619489 1.766353130 -0.317527860 -4.267263889 0.000000000 0.000000000 -12.000000000 0.000000000 0.000000000
1776613963.924536943 0.530800223 0.009383619 0.200368732 0.150459558 0.988361180 0.013399758 -0.018015100 1.776428699 -0.264609694 -4.355342388 0.000000000 0.000000000 -12.000000000 0.000000000 0.000000000
1776613963.929466486 0.530960798 0.009501687 0.200332820 0.150338948 0.988379896 0.012817117 -0.018415550 1.788279414 -0.214402035 -4.447448730 0.000000000 0.000000000 -12.000000000 0.000000000 0.000000000
1776613963.934664249 0.531106472 0.009607209 0.200304657 0.150222793 0.988396823 0.012233884 -0.018846517 1.801959515 -0.167273000 -4.543478966 0.000000000 0.000000000 -12.000000000 0.000000000 0.000000000
1776613963.938476086 0.531307101 0.009722137 0.200303644 0.150109246 0.988413334 0.011684212 -0.019230835 1.817508936 -0.123556726 -4.643308163 0.000000000 0.000000000 -12.000000000 0.000000000 0.000000000
1776613963.943785906 0.531526804 0.009831605 0.200307071 0.150005773 0.988427639 0.011159600 -0.019609826 1.834955573 -0.083552040 -4.746796608 0.000000000 0.000000000 -12.000000000 0.000000000 0.000000000
1776613963.948127031 0.531767726 0.009931102 0.200306416 0.149908975 0.988440573 0.010650418 -0.019976096 1.854318976 -0.047520924 -4.853792667 0.000000000 0.000000000 -12.000000000 0.000000000 0.000000000
1776613963.953179836 0.531999409 0.010014916 0.200284988 0.149825960 0.988450468 0.010145711 -0.020369094 1.875613570 -0.015687369 -4.964135170 0.000000000 0.000000000 -12.000000000 0.000000000 0.000000000
1776613963.958854198 0.532200038 0.010102444 0.200246125 0.149739608 0.988459289 0.009652183 -0.020812815 1.898848534 0.011763393 -5.077656269 0.000000000 0.000000000 -12.000000000 0.000000000 0.000000000
1776613963.964100361 0.532426655 0.010179646 0.200212002 0.149651155 0.988468289 0.009173293 -0.021233544 1.924026012 0.034685455 -5.194182873 0.000000000 0.000000000 -12.000000000 0.000000000 0.000000000
1776613963.968279839 0.532654285 0.010245606 0.200176805 0.149580151 0.988473892 0.008704167 -0.021666126 1.951139808 0.052973002 -5.313534737 0.000000000 0.000000000 -12.000000000 0.000000000 0.000000000
1776613963.973138571 0.532901883 0.010290719 0.200159490 0.149495721 0.988481522 0.008234677 -0.022078829 1.980175853 0.066560999 -5.435530186 0.000000000 0.000000000 -12.000000000 0.000000000 0.000000000
1776613963.978157043 0.533127844 0.010319683 0.200142294 0.149421975 0.988486528 0.007761620 -0.022521339 2.011115074 0.075425006 -5.559983253 0.000000000 0.000000000 -12.000000000 0.000000000 0.000000000
1776613963.984158993 0.533330679 0.010328637 0.200121015 0.149373516 0.988486409 0.007288044 -0.023000609 2.043935776 0.079580374 -5.686708450 0.000000000 0.000000000 -12.000000000 0.000000000 0.000000000
1776613963.988193274 0.533600032 0.010338733 0.200127602 0.149290100 0.988492668 0.006836518 -0.023409132 2.078617573 0.079081498 -5.815519810 0.000000000 0.000000000 -12.000000000 0.000000000 0.000000000
1776613963.993123531 0.533897579 0.010345738 0.200139970 0.149212435 0.988498092 0.006401991 -0.023793815 2.115142822 0.074021131 -5.946237087 0.000000000 0.000000000 -12.000000000 0.000000000 0.000000000
1776613963.998520374 0.534165859 0.010347152 0.200140536 0.149140626 0.988501489 0.005954910 -0.024216145 2.153498173 0.064528540 -6.078681946 0.000000000 0.000000000 -12.000000000 0.000000000 0.000000000
1776613964.004603863 0.534405947 0.010336026 0.200133264 0.149066538 0.988503993 0.005500124 -0.024672352 2.193673372 0.050766934 -6.212677479 0.000000000 0.000000000 -12.000000000 0.000000000 0.000000000
1776613964.009497404 0.534629762 0.010314561 0.200131565 0.148959309 0.988510609 0.005037535 -0.025150603 2.235660553 0.032931659 -6.348046780 0.000000000 0.000000000 -12.000000000 0.000000000 0.000000000
1776613964.014359713 0.534877777 0.010298934 0.200138152 0.148855656 0.988516748 0.004592022 -0.025603423 2.279448986 0.011249213 -6.484611034 0.000000000 0.000000000 -12.000000000 0.000000000 0.000000000
1776613964.018472433 0.535142362 0.010283696 0.200148255 0.148764282 0.988520920 0.004148736 -0.026045652 2.325022221 -0.014024358 -6.622189999 0.000000000 0.000000000 -12.000000000 0.000000000 0.000000000
1776613964.023294210 0.535485089 0.010267477 0.200159937 0.148681164 0.988525629 0.003727719 -0.026401846 2.372358799 -0.042606771 -6.760600090 0.000000000 0.000000000 -12.000000000 0.000000000 0.000000000
1776613964.028178453 0.535860479 0.010246832 0.200164616 0.148583442 0.988533139 0.003319619 -0.026723182 2.421433449 -0.074195839 -6.899653912 0.000000000 0.000000000 -12.000000000 0.000000000 0.000000000
1776613964.033421755 0.536341727 0.010208554 0.200181991 0.148475081 0.988545537 0.002928350 -0.026912792 2.472222805 -0.108477697 -7.039158821 0.000000000 0.000000000 -12.000000000 0.000000000 0.000000000
1776613964.040201426 0.536862552 0.010180146 0.200194895 0.148366079 0.988559067 0.002547009 -0.027055638 2.524710417 -0.145133913 -7.178915501 0.000000000 0.000000000 -12.000000000 0.000000000 0.000000000
1776613964.043403625 0.538093030 0.010195426 0.200203270 0.148165286 0.988589346 0.001879960 -0.027104426 2.578892946 -0.183847144 -7.318720818 0.000000000 0.000000000 -12.000000000 0.000000000 0.000000000
1776613964.048229694 0.538093030 0.010195426 0.200203270 0.148165286 0.988589346 0.001879960 -0.027104426 2.634784222 -0.224306852 -7.458366394 0.000000000 0.000000000 -12.000000000 0.000000000 0.000000000
1776613964.053333044 0.538848341 0.010199911 0.200210035 0.148060203 0.988609910 0.001572743 -0.026947092 2.692420483 -0.266215354 -7.597645283 0.000000000 0.000000000 -12.000000000 0.000000000 0.000000000
1776613964.058118105 0.539676249 0.010199662 0.200208455 0.147962257 0.988631845 0.001291564 -0.026694003 2.751862526 -0.309293896 -7.736347675 0.000000000 0.000000000 -12.000000000 0.000000000 0.000000000
1776613964.063314199 0.540598154 0.010222821 0.200204194 0.147842869 0.988660038 0.001046457 -0.026319455 2.813197613 -0.353288144 -7.874267101 0.000000000 0.000000000 -12.000000000 0.000000000 0.000000000
1776613964.068132401 0.541649103 0.010263202 0.200212657 0.147737265 0.988690138 0.000846325 -0.025784761 2.876539707 -0.397973061 -8.011195183 0.000000000 0.000000000 -12.000000000 0.000000000 0.000000000
1776613964.073314667 0.542766333 0.010296416 0.200225115 0.147673100 0.988715947 0.000670037 -0.025158567 2.942027092 -0.443155795 -8.146924973 0.000000000 0.000000000 -12.000000000 0.000000000 0.000000000
1776613964.078365564 0.543997526 0.010341784 0.200260609 0.147619709 0.988743246 0.000525738 -0.024392296 3.009815693 -0.488675743 -8.281251907 0.000000000 0.000000000 -12.000000000 0.000000000 0.000000000
1776613964.086532831 0.545337796 0.010394545 0.200314134 0.147585735 0.988770127 0.000429311 -0.023492379 3.080068588 -0.534402013 -8.413974762 0.000000000 0.000000000 -12.000000000 0.000000000 0.000000000
1776613964.088122129 0.548104286 0.010550516 0.200381309 0.147495076 0.988827288 0.000300948 -0.021580014 3.152945518 -0.580230415 -8.544899940 0.000000000 0.000000000 -12.000000000 0.000000000 0.000000000
1776613964.094176769 0.548104286 0.010550516 0.200381309 0.147495076 0.988827288 0.000300948 -0.021580014 3.228591681 -0.626080394 -8.673836708 0.000000000 0.000000000 -12.000000000 0.000000000 0.000000000
1776613964.098258018 0.549485624 0.010640902 0.200389594 0.147445872 0.988855183 0.000256701 -0.020618048 3.307126760 -0.671890914 -8.800603867 0.000000000 0.000000000 -12.000000000 0.000000000 0.000000000
1776613964.104242802 0.550900280 0.010754963 0.200387836 0.147403836 0.988881886 0.000240832 -0.019612562 3.388634205 -0.717616141 -8.925023079 0.000000000 0.000000000 -12.000000000 0.000000000 0.000000000
1776613964.108280659 0.552351773 0.010907143 0.200399220 0.147385001 0.988904953 0.000278630 -0.018564023 3.473152161 -0.763222694 -9.046922684 0.000000000 0.000000000 -12.000000000 0.000000000 0.000000000
1776613964.113392591 0.553820074 0.011064677 0.200413257 0.147387803 0.988923907 0.000348877 -0.017497914 3.560665369 -0.808688998 -9.166133881 0.000000000 0.000000000 -12.000000000 0.000000000 0.000000000
1776613964.118305922 0.555284739 0.011233036 0.200424641 0.147397712 0.988940597 0.000443035 -0.016437588 3.651096344 -0.854002595 -9.282496452 0.000000000 0.000000000 -12.000000000 0.000000000 0.000000000
1776613964.123350143 0.556719184 0.011433501 0.200429559 0.147420451 0.988953471 0.000574209 -0.015423070 3.744297981 -0.899155498 -9.395854950 0.000000000 0.000000000 -12.000000000 0.000000000 0.000000000
1776613964.128105402 0.558110237 0.011632030 0.200429529 0.147446021 0.988964021 0.000704384 -0.014468855 3.840046406 -0.944138050 -9.506063461 0.000000000 0.000000000 -12.000000000 0.000000000 0.000000000
1776613964.133257866 0.559400856 0.011841220 0.200409949 0.147465706 0.988972783 0.000832215 -0.013639251 3.938035011 -0.988932550 -9.612990379 0.000000000 0.000000000 -12.000000000 0.000000000 0.000000000
1776613964.138246775 0.560548961 0.012020717 0.200374752 0.147478938 0.988979518 0.000913814 -0.012985531 4.037868500 -1.033507109 -9.716523170 0.000000000 0.000000000 -12.000000000 0.000000000 0.000000000
1776613964.143314838 0.561549246 0.012153845 0.200348705 0.147467911 0.988987386 0.000923816 -0.012500210 4.139062405 -1.077809215 -9.816571236 0.000000000 0.000000000 -12.000000000 0.000000000 0.000000000
1776613964.149579287 0.562432587 0.012291206 0.200328737 0.147417486 0.988999188 0.000905797 -0.012158683 4.241044998 -1.121761918 -9.913072586 0.000000000 0.000000000 -12.000000000 0.000000000 0.000000000
1776613964.154639959 0.563233793 0.012430202 0.200320572 0.147320509 0.989016593 0.000857110 -0.011919347 4.343164921 -1.165261030 -10.006000519 0.000000000 0.000000000 -12.000000000 0.000000000 0.000000000
1776613964.159483910 0.563932598 0.012533667 0.200308174 0.147216469 0.989033520 0.000763820 -0.011807485 4.444706917 -1.208176255 -10.095367432 0.000000000 0.000000000 -12.000000000 0.000000000 0.000000000
1776613964.164568424 0.564550579 0.012608802 0.200293005 0.147105575 0.989050269 0.000634841 -0.011795364 4.544909477 -1.250356197 -10.181226730 0.000000000 0.000000000 -12.000000000 0.000000000 0.000000000
1776613964.169544458 0.565203130 0.012673942 0.200306296 0.146991447 0.989067972 0.000505921 -0.011738273 4.642995834 -1.291635633 -10.263679504 0.000000000 0.000000000 -12.000000000 0.000000000 0.000000000
1776613964.174233437 0.566549540 0.012810847 0.200334311 0.146800667 0.989098430 0.000291924 -0.011565933 4.738198757 -1.331844330 -10.342875481 0.000000000 0.000000000 -12.000000000 0.000000000 0.000000000
1776613964.178139210 0.566549540 0.012810847 0.200334311 0.146800667 0.989098430 0.000291924 -0.011565933 4.829794884 -1.370818257 -10.419011116 0.000000000 0.000000000 -12.000000000 0.000000000 0.000000000
1776613964.183212042 0.567221284 0.012945968 0.200324416 0.146727830 0.989110231 0.000257099 -0.011482822 4.917133331 -1.408412099 -10.492334366 0.000000000 0.000000000 -12.000000000 0.000000000 0.000000000
1776613964.188199043 0.567935228 0.013080113 0.200310707 0.146691412 0.989117205 0.000246441 -0.011346994 4.999657154 -1.444509625 -10.563138008 0.000000000 0.000000000 -12.000000000 0.000000000 0.000000000
1776613964.193130732 0.568731964 0.013178591 0.200300276 0.146724895 0.989114881 0.000255423 -0.011111696 5.076914787 -1.479030967 -10.631754875 0.000000000 0.000000000 -12.000000000 0.000000000 0.000000000
1776613964.198190451 0.569561422 0.013320413 0.200279474 0.146796912 0.989107192 0.000332362 -0.010842600 5.148564816 -1.511938334 -10.698548317 0.000000000 0.000000000 -12.000000000 0.000000000 0.000000000
1776613964.203099251 0.570457757 0.013536512 0.200282484 0.146892488 0.989096582 0.000499801 -0.010500824 5.214369774 -1.543237686 -10.763901711 0.000000000 0.000000000 -12.000000000 0.000000000 0.000000000
1776613964.208111525 0.571399510 0.013804399 0.200308561 0.147015244 0.989082217 0.000745340 -0.010114126 5.274190426 -1.572978497 -10.828207016 0.000000000 0.000000000 -12.000000000 0.000000000 0.000000000
1776613964.213138580 0.572386444 0.014090163 0.200376123 0.147176519 0.989062369 0.001053731 -0.009676409 5.327969551 -1.601252198 -10.891848564 0.000000000 0.000000000 -12.000000000 0.000000000 0.000000000
1776613964.218269825 0.573407471 0.014389977 0.200474352 0.147376001 0.989036679 0.001422858 -0.009205582 5.375721455 -1.628187895 -10.955194473 0.000000000 0.000000000 -12.000000000 0.000000000 0.000000000
1776613964.223257542 0.574417233 0.014741567 0.200563729 0.147586599 0.989008605 0.001864827 -0.008757573 5.417516708 -1.653947234 -11.018585205 0.000000000 0.000000000 -12.000000000 0.000000000 0.000000000
1776613964.228120089 0.575380623 0.015135556 0.200618595 0.147793740 0.988979876 0.002361601 -0.008378413 5.453471184 -1.678717852 -11.082323074 0.000000000 0.000000000 -12.000000000 0.000000000 0.000000000
1776613964.236365795 0.576330960 0.015539411 0.200657755 0.148002237 0.988950253 0.002892833 -0.008022033 5.483736038 -1.702706456 -11.146664619 0.000000000 0.000000000 -12.000000000 0.000000000 0.000000000
1776613964.239636898 0.578218818 0.016388329 0.200674385 0.148437947 0.988886118 0.004058645 -0.007346379 5.508483887 -1.726131082 -11.211808205 0.000000000 0.000000000 -12.000000000 0.000000000 0.000000000
1776613964.244522095 0.578218818 0.016388329 0.200674385 0.148437947 0.988886118 0.004058645 -0.007346379 5.527901173 -1.749213099 -11.277892113 0.000000000 0.000000000 -12.000000000 0.000000000 0.000000000
1776613964.249505520 0.579140961 0.016832408 0.200671345 0.148694351 0.988846958 0.004694032 -0.007042530 5.542176723 -1.772168279 -11.344992638 0.000000000 0.000000000 -12.000000000 0.000000000 0.000000000
1776613964.253345490 0.580043316 0.017285535 0.200665116 0.148977190 0.988802910 0.005361255 -0.006773629 5.551497459 -1.795200109 -11.413120270 0.000000000 0.000000000 -12.000000000 0.000000000 0.000000000
1776613964.259575367 0.580906928 0.017727893 0.200664759 0.149279028 0.988754928 0.006034244 -0.006557086 5.556044102 -1.818492770 -11.482233047 0.000000000 0.000000000 -12.000000000 0.000000000 0.000000000
1776613964.263190031 0.581769645 0.018168703 0.200670868 0.149607569 0.988702178 0.006729320 -0.006350788 5.555979729 -1.842204452 -11.552241325 0.000000000 0.000000000 -12.000000000 0.000000000 0.000000000
1776613964.269570827 0.582562029 0.018597875 0.200655460 0.149948120 0.988646388 0.007416713 -0.006232227 5.551447868 -1.866463542 -11.623011589 0.000000000 0.000000000 -12.000000000 0.000000000 0.000000000
1776613964.273440361 0.583233356 0.019013830 0.200596154 0.150298148 0.988587856 0.008082045 -0.006261340 5.542569637 -1.891367078 -11.694376945 0.000000000 0.000000000 -12.000000000 0.000000000 0.000000000
1776613964.278259516 0.583821595 0.019408695 0.200524122 0.150652260 0.988527715 0.008717570 -0.006391238 5.529446125 -1.916980147 -11.766151428 0.000000000 0.000000000 -12.000000000 0.000000000 0.000000000
1776613964.283178806 0.584335506 0.019779084 0.200459749 0.151012123 0.988465905 0.009322915 -0.006605576 5.512158871 -1.943334699 -11.838134766 0.000000000 0.000000000 -12.000000000 0.000000000 0.000000000
1776613964.288168907 0.584806621 0.020116545 0.200414091 0.151383549 0.988401651 0.009897622 -0.006874554 5.490771770 -1.970430970 -11.910131454 0.000000000 0.000000000 -12.000000000 0.000000000 0.000000000
1776613964.293228626 0.585238099 0.020411374 0.200383753 0.151757807 0.988336563 0.010427730 -0.007188296 5.465331554 -1.998239279 -11.981959343 0.000000000 0.000000000 -12.000000000 0.000000000 0.000000000
1776613964.298123121 0.585618913 0.020664103 0.200350642 0.152140900 0.988269508 0.010914400 -0.007572993 5.435875893 -2.026703835 -12.053461075 0.000000000 0.000000000 -12.000000000 0.000000000 0.000000000
1776613964.303131580 0.585939229 0.020867346 0.200323403 0.152526483 0.988201678 0.011343572 -0.008025098 5.402435303 -2.055747986 -12.124511719 0.000000000 0.000000000 -12.000000000 0.000000000 0.000000000
1776613964.308172226 0.586244702 0.021037091 0.200310260 0.152913079 0.988133311 0.011739423 -0.008502314 5.365043163 -2.085278511 -12.195022583 0.000000000 0.000000000 -12.000000000 0.000000000 0.000000000
1776613964.313728094 0.586482227 0.021141559 0.200293601 0.153308645 0.988063216 0.012069436 -0.009048007 5.323739052 -2.115189075 -12.264951706 0.000000000 0.000000000 -12.000000000 0.000000000 0.000000000
1776613964.318442822 0.586725235 0.021176411 0.200247437 0.154087007 0.987923324 0.012509983 -0.010400155 5.278571606 -2.145363092 -12.334300041 0.000000000 0.000000000 -12.000000000 0.000000000 0.000000000
1776613964.324474096 0.586725235 0.021176411 0.200247437 0.154087007 0.987923324 0.012509983 -0.010400155 5.229605675 -2.175675154 -12.403116226 0.000000000 0.000000000 -12.000000000 0.000000000 0.000000000
1776613964.328096390 0.586791396 0.021143287 0.200233370 0.154467449 0.987853885 0.012664909 -0.011141322 5.176921844 -2.205992699 -12.471495628 0.000000000 0.000000000 -12.000000000 0.000000000 0.000000000
1776613964.334232092 0.586830914 0.021070261 0.200220585 0.154843867 0.987784624 0.012773891 -0.011907356 5.120623589 -2.236175537 -12.539571762 0.000000000 0.000000000 -12.000000000 0.000000000 0.000000000
1776613964.338480473 0.586838424 0.020963486 0.200203359 0.155222967 0.987714171 0.012845568 -0.012712127 5.060839176 -2.266077042 -12.607516289 0.000000000 0.000000000 -12.000000000 0.000000000 0.000000000
1776613964.343168974 0.586883664 0.020823948 0.200191915 0.155606627 0.987643063 0.012896504 -0.013468463 4.997722149 -2.295541525 -12.675530434 0.000000000 0.000000000 -12.000000000 0.000000000 0.000000000
1776613964.349694014 0.586985588 0.020672873 0.200205237 0.155992627 0.987571776 0.012949299 -0.014162160 4.931453705 -2.324403048 -12.743831635 0.000000000 0.000000000 -12.000000000 0.000000000 0.000000000
1776613964.353602648 0.587127328 0.020513687 0.200251400 0.156389251 0.987498820 0.013011736 -0.014804522 4.862247467 -2.352481365 -12.812651634 0.000000000 0.000000000 -12.000000000 0.000000000 0.000000000
1776613964.362526178 0.587278664 0.020353280 0.200295717 0.156801790 0.987422764 0.013087503 -0.015434112 4.790351391 -2.379581213 -12.882224083 0.000000000 0.000000000 -12.000000000 0.000000000 0.000000000
1776613964.363678694 0.587527215 0.020064345 0.200316101 0.157667622 0.987260520 0.013291445 -0.016760858 4.716047287 -2.405490160 -12.952772141 0.000000000 0.000000000 -12.000000000 0.000000000 0.000000000
1776613964.368552208 0.587527215 0.020064345 0.200316101 0.157667622 0.987260520 0.013291445 -0.016760858 4.639650345 -2.429977655 -13.024501801 0.000000000 0.000000000 -12.000000000 0.000000000 0.000000000
1776613964.373117685 0.587648630 0.019903857 0.200310469 0.158140361 0.987171650 0.013414166 -0.017431581 4.561511517 -2.452796936 -13.097593307 0.000000000 0.000000000 -12.000000000 0.000000000 0.000000000
1776613964.378164768 0.587814748 0.019751661 0.200302869 0.158626661 0.987080276 0.013571893 -0.018052999 4.482015133 -2.473685980 -13.172197342 0.000000000 0.000000000 -12.000000000 0.000000000 0.000000000
1776613964.383125544 0.587990522 0.019638095 0.200291157 0.159115225 0.986987352 0.013780462 -0.018664474 4.401580811 -2.492371559 -13.248427391 0.000000000 0.000000000 -12.000000000 0.000000000 0.000000000
1776613964.388150454 0.588188648 0.019576889 0.200288326 0.159621641 0.986890256 0.014066393 -0.019254399 4.320657730 -2.508574247 -13.326354027 0.000000000 0.000000000 -12.000000000 0.000000000 0.000000000
1776613964.393182993 0.588448703 0.019540701 0.200307399 0.160141766 0.986790776 0.014411427 -0.019770702 4.239721298 -2.522013664 -13.406001091 0.000000000 0.000000000 -12.000000000 0.000000000 0.000000000
1776613964.398161888 0.588757873 0.019496812 0.200349063 0.160690099 0.986686707 0.014791809 -0.020229921 4.159269810 -2.532417536 -13.487349510 0.000000000 0.000000000 -12.000000000 0.000000000 0.000000000
1776613964.403095007 0.589073181 0.019442679 0.200381249 0.161266044 0.986577272 0.015196189 -0.020680526 4.079820156 -2.539529324 -13.570334435 0.000000000 0.000000000 -12.000000000 0.000000000 0.000000000
1776613964.408389330 0.589317739 0.019416071 0.200364441 0.161848217 0.986463726 0.015624450 -0.021220377 4.001906872 -2.543112516 -13.654847145 0.000000000 0.000000000 -12.000000000 0.000000000 0.000000000
1776613964.413141489 0.589565814 0.019402919 0.200337499 0.162441030 0.986347258 0.016081091 -0.021758309 3.926074266 -2.542957306 -13.740743637 0.000000000 0.000000000 -12.000000000 0.000000000 0.000000000
1776613964.418226242 0.589874327 0.019369286 0.200324893 0.163065225 0.986225843 0.016565371 -0.022223623 3.852875948 -2.538885832 -13.827841759 0.000000000 0.000000000 -12.000000000 0.000000000 0.000000000
1776613964.423145294 0.590219259 0.019299265 0.200329095 0.163721710 0.986099303 0.017059755 -0.022634516 3.782867193 -2.530756950 -13.915930748 0.000000000 0.000000000 -12.000000000 0.000000000 0.000000000
1776613964.428153753 0.590570211 0.019211857 0.200347900 0.164397210 0.985968888 0.017566239 -0.023029311 3.716601849 -2.518471956 -14.004773140 0.000000000 0.000000000 -12.000000000 0.000000000 0.000000000
1776613964.434616804 0.590936184 0.019134071 0.200367302 0.165049836 0.985841453 0.018096631 -0.023402609 3.654627562 -2.501976967 -14.094108582 0.000000000 0.000000000 -12.000000000 0.000000000 0.000000000
1776613964.438265562 0.591376066 0.019057363 0.200393021 0.165635675 0.985726118 0.018649589 -0.023687134 3.597481012 -2.481264591 -14.183664322 0.000000000 0.000000000 -12.000000000 0.000000000 0.000000000
1776613964.443899870 0.591845274 0.018976709 0.200426072 0.166168422 0.985619485 0.019223562 -0.023932962 3.545680523 -2.456372738 -14.273154259 0.000000000 0.000000000 -12.000000000 0.000000000 0.000000000
1776613964.448131323 0.592310607 0.018889194 0.200447470 0.166638389 0.985522747 0.019804537 -0.024173990 3.499720097 -2.427383900 -14.362290382 0.000000000 0.000000000 -12.000000000 0.000000000 0.000000000
1776613964.453118801 0.592762887 0.018823113 0.200452268 0.167005882 0.985442102 0.020406924 -0.024421731 3.460062981 -2.394421816 -14.450781822 0.000000000 0.000000000 -12.000000000 0.000000000 0.000000000
1776613964.458161116 0.593237221 0.018736001 0.200463831 0.167308763 0.985373020 0.021008555 -0.024624845 3.427136183 -2.357647896 -14.538344383 0.000000000 0.000000000 -12.000000000 0.000000000 0.000000000
1776613964.463179111 0.593742669 0.018639727 0.200481415 0.167559057 0.985313177 0.021626372 -0.024783118 3.401325941 -2.317256689 -14.624695778 0.000000000 0.000000000 -12.000000000 0.000000000 0.000000000
1776613964.468148708 0.594277263 0.018520053 0.200505376 0.167773277 0.985260069 0.022247609 -0.024893986 3.382974386 -2.273472309 -14.709562302 0.000000000 0.000000000 -12.000000000 0.000000000 0.000000000
1776613964.473652840 0.594845951 0.018362671 0.200536549 0.167976722 0.985209763 0.022868792 -0.024951866 3.372376680 -2.226544142 -14.792674065 0.000000000 0.000000000 -12.000000000 0.000000000 0.000000000
1776613964.478664160 0.595468462 0.018170664 0.200562298 0.168194383 0.985158503 0.023488764 -0.024932964 3.369777918 -2.176740408 -14.873764038 0.000000000 0.000000000 -12.000000000 0.000000000 0.000000000
1776613964.483612537 0.596129954 0.017968688 0.200584561 0.168409094 0.985108793 0.024109049 -0.024855794 3.375371695 -2.124343157 -14.952569962 0.000000000 0.000000000 -12.000000000 0.000000000 0.000000000
1776613964.488548756 0.596817076 0.017737661 0.200612903 0.168632075 0.985058665 0.024710983 -0.024738397 3.389296770 -2.069639683 -15.028830528 0.000000000 0.000000000 -12.000000000 0.000000000 0.000000000
1776613964.493308306 0.597520590 0.017493885 0.200645387 0.168862268 0.985008001 0.025299255 -0.024590816 3.411632776 -2.012915611 -15.102289200 0.000000000 0.000000000 -12.000000000 0.000000000 0.000000000
1776613964.498523235 0.598274112 0.017213793 0.200688332 0.169100448 0.984958172 0.025864072 -0.024361622 3.442397594 -1.954448938 -15.172687531 0.000000000 0.000000000 -12.000000000 0.000000000 0.000000000
1776613964.503162622 0.599013805 0.016893130 0.200718313 0.169364929 0.984904587 0.026387420 -0.024129409 3.481545210 -1.894503593 -15.239774704 0.000000000 0.000000000 -12.000000000 0.000000000 0.000000000
1776613964.508192301 0.599710643 0.016495815 0.200735658 0.169619024 0.984854221 0.026813639 -0.023929013 3.528964520 -1.833321452 -15.303305626 0.000000000 0.000000000 -12.000000000 0.000000000 0.000000000
1776613964.513284922 0.600408077 0.016023891 0.200740874 0.169884980 0.984804153 0.027160298 -0.023709619 3.584478617 -1.771114349 -15.363044739 0.000000000 0.000000000 -12.000000000 0.000000000 0.000000000
1776613964.518846989 0.601106822 0.015510391 0.200723380 0.170139551 0.984758079 0.027440172 -0.023475496 3.647843599 -1.708056808 -15.418769836 0.000000000 0.000000000 -12.000000000 0.000000000 0.000000000
1776613964.523293495 0.601783276 0.014909886 0.200701773 0.170388937 0.984715164 0.027627224 -0.023245558 3.718751669 -1.644281983 -15.470272064 0.000000000 0.000000000 -12.000000000 0.000000000 0.000000000
1776613964.528173208 0.602415085 0.014255863 0.200672507 0.170624226 0.984676361 0.027726404 -0.023046486 3.796830654 -1.579877734 -15.517363548 0.000000000 0.000000000 -12.000000000 0.000000000 0.000000000
1776613964.533153296 0.603036404 0.013575755 0.200657398 0.170828313 0.984644234 0.027775060 -0.022845477 3.881647348 -1.514885545 -15.559881210 0.000000000 0.000000000 -12.000000000 0.000000000 0.000000000
1776613964.538187504 0.603712857 0.012842259 0.200677454 0.171027184 0.984616876 0.027757034 -0.022557566 3.972710609 -1.449301362 -15.597687721 0.000000000 0.000000000 -12.000000000 0.000000000 0.000000000
1776613964.543153048 0.604402304 0.012072652 0.200703681 0.171204284 0.984595299 0.027686700 -0.022241123 4.069478989 -1.383079410 -15.630683899 0.000000000 0.000000000 -12.000000000 0.000000000 0.000000000
1776613964.548752785 0.605083287 0.011297747 0.200726420 0.171369001 0.984576166 0.027601024 -0.021921858 4.171369553 -1.316138744 -15.658805847 0.000000000 0.000000000 -12.000000000 0.000000000 0.000000000
1776613964.553154230 0.605727732 0.010545079 0.200718820 0.171519533 0.984558940 0.027504640 -0.021638889 4.277766705 -1.248371482 -15.682025909 0.000000000 0.000000000 -12.000000000 0.000000000 0.000000000
1776613964.558350086 0.606329262 0.009809780 0.200693339 0.171666726 0.984540999 0.027411250 -0.021404359 4.388030052 -1.179651737 -15.700355530 0.000000000 0.000000000 -12.000000000 0.000000000 0.000000000
1776613964.563451290 0.606939077 0.009056649 0.200671822 0.171828508 0.984521329 0.027295709 -0.021158440 4.501500607 -1.109844208 -15.713843346 0.000000000 0.000000000 -12.000000000 0.000000000 0.000000000
1776613964.568310976 0.607536435 0.008253720 0.200642407 0.172006533 0.984499991 0.027132306 -0.020914150 4.617499828 -1.038811207 -15.722572327 0.000000000 0.000000000 -12.000000000 0.000000000 0.000000000
1776613964.573153973 0.608089507 0.007443359 0.200608820 0.172181293 0.984478593 0.026948119 -0.020718912 4.735332012 -0.966416180 -15.726656914 0.000000000 0.000000000 -12.000000000 0.000000000 0.000000000
1776613964.578164577 0.608556449 0.006710206 0.200586766 0.172340870 0.984456480 0.026799668 -0.020635435 4.854284763 -0.892527103 -15.726238251 0.000000000 0.000000000 -12.000000000 0.000000000 0.000000000
1776613964.583183527 0.608968675 0.006008212 0.200586617 0.172494113 0.984433591 0.026669001 -0.020617204 4.973627090 -0.817020535 -15.721485138 0.000000000 0.000000000 -12.000000000 0.000000000 0.000000000
1776613964.588148117 0.609372199 0.005309916 0.200612247 0.172658518 0.984408200 0.026545323 -0.020611690 5.092608452 -0.739784956 -15.712584496 0.000000000 0.000000000 -12.000000000 0.000000000 0.000000000
1776613964.593276978 0.609776556 0.004650144 0.200667828 0.172848746 0.984376848 0.026470605 -0.020610590 5.210464001 -0.660723925 -15.699746132 0.000000000 0.000000000 -12.000000000 0.000000000 0.000000000
1776613964.598121881 0.610080421 0.004006458 0.200703263 0.173048094 0.984341085 0.026396666 -0.020742178 5.326413155 -0.579758644 -15.683191299 0.000000000 0.000000000 -12.000000000 0.000000000 0.000000000
1776613964.603220940 0.610288918 0.003439314 0.200720549 0.173238993 0.984302402 0.026379161 -0.021003144 5.439669132 -0.496830851 -15.663155556 0.000000000 0.000000000 -12.000000000 0.000000000 0.000000000
1776613964.609256983 0.610467672 0.002947753 0.200720072 0.173435390 0.984259427 0.026438242 -0.021321578 5.549446583 -0.411906898 -15.639881134 0.000000000 0.000000000 -12.000000000 0.000000000 0.000000000
1776613964.613843679 0.610645413 0.002523253 0.200742871 0.173674092 0.984205544 0.026606275 -0.021653604 5.654965878 -0.324983627 -15.613615036 0.000000000 0.000000000 -12.000000000 0.000000000 0.000000000
1776613964.619274378 0.610812068 0.002129154 0.200767457 0.173954979 0.984140933 0.026863324 -0.022015609 5.755467892 -0.236094534 -15.584607124 0.000000000 0.000000000 -12.000000000 0.000000000 0.000000000
1776613964.623929977 0.610912323 0.001768863 0.200788409 0.174266338 0.984067261 0.027176047 -0.022458063 5.850220203 -0.145314306 -15.553106308 0.000000000 0.000000000 -12.000000000 0.000000000 0.000000000
1776613964.628952265 0.611016095 0.001481097 0.200794876 0.174616277 0.983983099 0.027586114 -0.022921640 5.938530922 -0.052758668 -15.519353867 0.000000000 0.000000000 -12.000000000 0.000000000 0.000000000
1776613964.634435177 0.611166716 0.001216341 0.200815618 0.174965888 0.983898461 0.028043116 -0.023330966 6.019755363 0.041419849 -15.483583450 0.000000000 0.000000000 -12.000000000 0.000000000 0.000000000
1776613964.638154745 0.611326575 0.000977227 0.200829089 0.175292701 0.983816147 0.028542280 -0.023740629 6.093307972 0.137037277 -15.446016312 0.000000000 0.000000000 -12.000000000 0.000000000 0.000000000
1776613964.643455744 0.611483514 0.000733774 0.200831264 0.175626785 0.983732164 0.029040938 -0.024143849 6.158675671 0.233883798 -15.406859398 0.000000000 0.000000000 -12.000000000 0.000000000 0.000000000
1776613964.648548365 0.611685932 0.000467308 0.200837940 0.175946653 0.983651817 0.029534560 -0.024485437 6.215430737 0.331730455 -15.366300583 0.000000000 0.000000000 -12.000000000 0.000000000 0.000000000
1776613964.653161287 0.611916244 0.000173073 0.200862527 0.176227942 0.983579934 0.030006524 -0.024776200 6.263242722 0.430336773 -15.324509621 0.000000000 0.000000000 -12.000000000 0.000000000 0.000000000
1776613964.658158541 0.612172365 -0.000156274 0.200884372 0.176510334 0.983509302 0.030451883 -0.025025748 6.301884174 0.529457569 -15.281639099 0.000000000 0.000000000 -12.000000000 0.000000000 0.000000000
1776613964.664637327 0.612455368 -0.000531152 0.200903058 0.176761016 0.983446658 0.030852897 -0.025224164 6.331233978 0.628849149 -15.237823486 0.000000000 0.000000000 -12.000000000 0.000000000 0.000000000
1776613964.668177128 0.613008142 -0.001391230 0.200890303 0.177195758 0.983337462 0.031526595 -0.025597349 6.351280212 0.728273988 -15.193178177 0.000000000 0.000000000 -12.000000000 0.000000000 0.000000000
1776613964.674146175 0.613008142 -0.001391230 0.200890303 0.177195758 0.983337462 0.031526595 -0.025597349 6.362119675 0.827505529 -15.147805214 0.000000000 0.000000000 -12.000000000 0.000000000 0.000000000
1776613964.678183794 0.613257885 -0.001902016 0.200859189 0.177388489 0.983289719 0.031774998 -0.025787223 6.363954544 0.926332235 -15.101793289 0.000000000 0.000000000 -12.000000000 0.000000000 0.000000000
1776613964.683816671 0.613561630 -0.002489615 0.200860798 0.177578002 0.983247280 0.031948786 -0.025887243 6.357086658 1.024562478 -15.055225372 0.000000000 0.000000000 -12.000000000 0.000000000 0.000000000
1776613964.688125610 0.613904059 -0.003130594 0.200874031 0.177730426 0.983215392 0.032058839 -0.025916286 6.341909409 1.122028828 -15.008179665 0.000000000 0.000000000 -12.000000000 0.000000000 0.000000000
1776613964.694244862 0.614226639 -0.003777497 0.200877190 0.177859634 0.983188450 0.032136355 -0.025954772 6.318901539 1.218591452 -14.960736275 0.000000000 0.000000000 -12.000000000 0.000000000 0.000000000
1776613964.699810266 0.614544868 -0.004445842 0.200857252 0.177973792 0.983165622 0.032175589 -0.025989426 6.288616180 1.314139009 -14.912975311 0.000000000 0.000000000 -12.000000000 0.000000000 0.000000000
1776613964.703167439 0.614857137 -0.005151195 0.200831562 0.178095266 0.983143091 0.032166377 -0.026020713 6.251670361 1.408585310 -14.864982605 0.000000000 0.000000000 -12.000000000 0.000000000 0.000000000
1776613964.709779501 0.615182996 -0.005900707 0.200794637 0.178235665 0.983118951 0.032121066 -0.026028054 6.208727360 1.501866341 -14.816854477 0.000000000 0.000000000 -12.000000000 0.000000000 0.000000000
1776613964.715420961 0.615861833 -0.007468119 0.200769007 0.178586379 0.983060479 0.032004189 -0.025975650 6.160486221 1.593937159 -14.768693924 0.000000000 0.000000000 -12.000000000 0.000000000 0.000000000
1776613964.719601393 0.615861833 -0.007468119 0.200769007 0.178586379 0.983060479 0.032004189 -0.025975650 6.107664585 1.684769988 -14.720617294 0.000000000 0.000000000 -12.000000000 0.000000000 0.000000000
1776613964.724398375 0.616187334 -0.008241327 0.200783759 0.178785026 0.983026266 0.031962622 -0.025953989 6.050987244 1.774351954 -14.672749519 0.000000000 0.000000000 -12.000000000 0.000000000 0.000000000
1776613964.729533672 0.616537333 -0.009043409 0.200814307 0.179016158 0.982987523 0.031910572 -0.025892612 5.991174698 1.862682581 -14.625229836 0.000000000 0.000000000 -12.000000000 0.000000000 0.000000000
1776613964.733395100 0.616871655 -0.009838492 0.200828880 0.179239661 0.982949734 0.031857580 -0.025846139 5.928934097 1.949770093 -14.578205109 0.000000000 0.000000000 -12.000000000 0.000000000 0.000000000
1776613964.739714146 0.617123663 -0.010616867 0.200807482 0.179485142 0.982904911 0.031816315 -0.025898904 5.864946842 2.035629034 -14.531829834 0.000000000 0.000000000 -12.000000000 0.000000000 0.000000000
1776613964.743392706 0.617343724 -0.011391632 0.200764269 0.179731444 0.982859254 0.031765714 -0.025986349 5.799855232 2.120277405 -14.486258507 0.000000000 0.000000000 -12.000000000 0.000000000 0.000000000
1776613964.748230219 0.617564321 -0.012182694 0.200741380 0.179962710 0.982816458 0.031713683 -0.026066301 5.734251976 2.203736782 -14.441645622 0.000000000 0.000000000 -12.000000000 0.000000000 0.000000000
1776613964.753424406 0.617781341 -0.012984356 0.200737178 0.180205628 0.982772052 0.031652369 -0.026136270 5.668673992 2.286031246 -14.398137093 0.000000000 0.000000000 -12.000000000 0.000000000 0.000000000
1776613964.759519815 0.617991090 -0.013816923 0.200744063 0.180464417 0.982725143 0.031582270 -0.026199615 5.603600502 2.367187738 -14.355873108 0.000000000 0.000000000 -12.000000000 0.000000000 0.000000000
1776613964.763280153 0.618164659 -0.014647566 0.200744212 0.180696368 0.982682407 0.031509429 -0.026291324 5.539455414 2.447234392 -14.314986229 0.000000000 0.000000000 -12.000000000 0.000000000 0.000000000
1776613964.768101931 0.618310273 -0.015495323 0.200731933 0.180944368 0.982636273 0.031425413 -0.026411073 5.476609230 2.526201248 -14.275596619 0.000000000 0.000000000 -12.000000000 0.000000000 0.000000000
1776613964.773174286 0.618484378 -0.016327685 0.200720280 0.181179523 0.982592523 0.031369533 -0.026492933 5.415380955 2.604117870 -14.237815857 0.000000000 0.000000000 -12.000000000 0.000000000 0.000000000
1776613964.778172970 0.618682146 -0.017160153 0.200694263 0.181407511 0.982550502 0.031327482 -0.026541311 5.356040478 2.681010008 -14.201745033 0.000000000 0.000000000 -12.000000000 0.000000000 0.000000000
1776613964.783217192 0.618877769 -0.018002797 0.200669944 0.181650534 0.982506096 0.031278308 -0.026581287 5.298812866 2.756894112 -14.167471886 0.000000000 0.000000000 -12.000000000 0.000000000 0.000000000
1776613964.788206816 0.619087934 -0.018829994 0.200660050 0.181871623 0.982465744 0.031251371 -0.026591247 5.243880272 2.831773043 -14.135071754 0.000000000 0.000000000 -12.000000000 0.000000000 0.000000000
1776613964.794875622 0.619401813 -0.019663014 0.200682402 0.182094172 0.982428312 0.031245938 -0.026458202 5.191390514 2.905635357 -14.104607582 0.000000000 0.000000000 -12.000000000 0.000000000 0.000000000
1776613964.798296452 0.620229065 -0.021451611 0.200761229 0.182508886 0.982369840 0.031155400 -0.025872350 5.141466141 2.978457928 -14.076126099 0.000000000 0.000000000 -12.000000000 0.000000000 0.000000000
1776613964.803249359 0.620229065 -0.021451611 0.200761229 0.182508886 0.982369840 0.031155400 -0.025872350 5.094221115 3.050206661 -14.049663544 0.000000000 0.000000000 -12.000000000 0.000000000 0.000000000
1776613964.808302879 0.620626092 -0.022339558 0.200756937 0.182707235 0.982342005 0.031107001 -0.025585927 5.049765587 3.120838404 -14.025238037 0.000000000 0.000000000 -12.000000000 0.000000000 0.000000000
1776613964.813224792 0.621064067 -0.023246488 0.200741440 0.182900339 0.982316673 0.031053012 -0.025240377 5.008206844 3.190299273 -14.002852440 0.000000000 0.000000000 -12.000000000 0.000000000 0.000000000
1776613964.818388700 0.621566713 -0.024174545 0.200742930 0.183118567 0.982288718 0.031007469 -0.024799390 4.969645023 3.258523464 -13.982493401 0.000000000 0.000000000 -12.000000000 0.000000000 0.000000000
1776613964.823188305 0.622061729 -0.025098167 0.200739741 0.183352530 0.982257307 0.030971063 -0.024355138 4.934174538 3.325429916 -13.964132309 0.000000000 0.000000000 -12.000000000 0.000000000 0.000000000
1776613964.828191757 0.622533202 -0.026021464 0.200733244 0.183598235 0.982223332 0.030927587 -0.023927383 4.901877403 3.390921593 -13.947724342 0.000000000 0.000000000 -12.000000000 0.000000000 0.000000000
1776613964.833853006 0.622999787 -0.026901159 0.200729609 0.183830857 0.982190669 0.030911827 -0.023498788 4.872820854 3.454887867 -13.933206558 0.000000000 0.000000000 -12.000000000 0.000000000 0.000000000
1776613964.838426113 0.622999787 -0.026901159 0.200729609 0.183830857 0.982190669 0.030911827 -0.023498788 4.847049236 3.517205715 -13.920503616 0.000000000 0.000000000 -12.000000000 0.000000000 0.000000000
1776613964.843535900 0.623796284 -0.028577818 0.200722754 0.184288502 0.982120991 0.030931728 -0.022787856 4.824577808 3.577743292 -13.909520149 0.000000000 0.000000000 -12.000000000 0.000000000 0.000000000
1776613964.848182917 0.624199033 -0.029438060 0.200721622 0.184560046 0.982077777 0.030957282 -0.022414835 4.805383205 3.636361361 -13.900148392 0.000000000 0.000000000 -12.000000000 0.000000000 0.000000000
1776613964.853231668 0.624584496 -0.030290943 0.200725198 0.184846565 0.982030809 0.030996973 -0.022055913 4.789404869 3.692914009 -13.892266273 0.000000000 0.000000000 -12.000000000 0.000000000 0.000000000
1776613964.858280182 0.625010610 -0.031129660 0.200753361 0.185164079 0.981978118 0.031071385 -0.021629557 4.776549816 3.747250319 -13.885741234 0.000000000 0.000000000 -12.000000000 0.000000000 0.000000000
1776613964.863219023 0.625412464 -0.031934366 0.200771034 0.185482338 0.981923759 0.031171439 -0.021221606 4.766702652 3.799217224 -13.880436897 0.000000000 0.000000000 -12.000000000 0.000000000 0.000000000
1776613964.868361235 0.625786602 -0.032744773 0.200758010 0.185787275 0.981871426 0.031261560 -0.020841073 4.759730339 3.848664045 -13.876209259 0.000000000 0.000000000 -12.000000000 0.000000000 0.000000000
1776613964.874593973 0.626166403 -0.033559449 0.200724065 0.186117232 0.981814384 0.031349167 -0.020449242 4.755487442 3.895446539 -13.872912407 0.000000000 0.000000000 -12.000000000 0.000000000 0.000000000
1776613964.879885912 0.626581490 -0.034374855 0.200690925 0.186438054 0.981759727 0.031441208 -0.020003680 4.753816128 3.939431906 -13.870396614 0.000000000 0.000000000 -12.000000000 0.000000000 0.000000000
1776613964.883205414 0.627375543 -0.036059514 0.200666070 0.187051222 0.981657445 0.031562954 -0.019087540 4.754549980 3.980500460 -13.868513107 0.000000000 0.000000000 -12.000000000 0.000000000 0.000000000
1776613964.888875246 0.627375543 -0.036059514 0.200666070 0.187051222 0.981657445 0.031562954 -0.019087540 4.757511616 4.018551350 -13.867111206 0.000000000 0.000000000 -12.000000000 0.000000000 0.000000000
1776613964.893314838 0.627758920 -0.036911156 0.200672120 0.187322721 0.981613338 0.031606562 -0.018613933 4.762515545 4.053506374 -13.866046906 0.000000000 0.000000000 -12.000000000 0.000000000 0.000000000
1776613964.898951530 0.628131151 -0.037785120 0.200665414 0.187599629 0.981568575 0.031629242 -0.018140048 4.769368172 4.085314274 -13.865180016 0.000000000 0.000000000 -12.000000000 0.000000000 0.000000000
1776613964.903177500 0.628473759 -0.038694702 0.200642437 0.187869430 0.981525719 0.031614520 -0.017686622 4.777867794 4.113952160 -13.864377975 0.000000000 0.000000000 -12.000000000 0.000000000 0.000000000
1776613964.908739328 0.628783941 -0.039650925 0.200607896 0.188131690 0.981484830 0.031562507 -0.017255893 4.787801743 4.139427185 -13.863516808 0.000000000 0.000000000 -12.000000000 0.000000000 0.000000000
1776613964.914366007 0.629078269 -0.040621478 0.200578213 0.188385844 0.981445670 0.031495992 -0.016826743 4.798946857 4.161777496 -13.862483978 0.000000000 0.000000000 -12.000000000 0.000000000 0.000000000
1776613964.918996811 0.629230738 -0.041527219 0.200528085 0.188615263 0.981407046 0.031462416 -0.016571350 4.811058998 4.181070805 -13.861176491 0.000000000 0.000000000 -12.000000000 0.000000000 0.000000000
1776613964.923651934 0.629212976 -0.042406667 0.200464427 0.188831061 0.981368244 0.031405181 -0.016521489 4.823865891 4.197402000 -13.859502792 0.000000000 0.000000000 -12.000000000 0.000000000 0.000000000
1776613964.928661823 0.629180431 -0.043310165 0.200443894 0.189037099 0.981331706 0.031327710 -0.016480366 4.837054729 4.210894585 -13.857390404 0.000000000 0.000000000 -12.000000000 0.000000000 0.000000000
1776613964.933239222 0.629121840 -0.044253327 0.200454354 0.189245984 0.981295466 0.031216148 -0.016453825 4.850267887 4.221699715 -13.854784966 0.000000000 0.000000000 -12.000000000 0.000000000 0.000000000
1776613964.939029932 0.628901303 -0.045148037 0.200439721 0.189428672 0.981261015 0.031100446 -0.016622875 4.863099098 4.230001450 -13.851659775 0.000000000 0.000000000 -12.000000000 0.000000000 0.000000000
1776613964.944108009 0.628574967 -0.046010792 0.200412661 0.189597115 0.981227577 0.030971108 -0.016916344 4.875101089 4.236017704 -13.848011971 0.000000000 0.000000000 -12.000000000 0.000000000 0.000000000
1776613964.949273586 0.628255188 -0.046890095 0.200402558 0.189749569 0.981198311 0.030812057 -0.017191593 4.885792732 4.240003109 -13.843867302 0.000000000 0.000000000 -12.000000000 0.000000000 0.000000000
1776613964.953524113 0.627897799 -0.047812056 0.200390577 0.189908057 0.981168747 0.030604571 -0.017498933 4.894672871 4.242248058 -13.839281082 0.000000000 0.000000000 -12.000000000 0.000000000 0.000000000
1776613964.958307743 0.627501070 -0.048769038 0.200372458 0.190049112 0.981143773 0.030329978 -0.017842004 4.901231766 4.243073940 -13.834334373 0.000000000 0.000000000 -12.000000000 0.000000000 0.000000000
1776613964.963213682 0.627090931 -0.049747970 0.200355470 0.190179825 0.981122077 0.030002870 -0.018192243 4.904964924 4.242825508 -13.829135895 0.000000000 0.000000000 -12.000000000 0.000000000 0.000000000
1776613964.968195915 0.626704097 -0.050734736 0.200343907 0.190279722 0.981107533 0.029648777 -0.018508693 4.905385017 4.241867542 -13.823817253 0.000000000 0.000000000 -12.000000000 0.000000000 0.000000000
1776613964.973190784 0.626435280 -0.051703114 0.200351804 0.190365627 0.981097877 0.029308535 -0.018679015 4.902040482 4.240577698 -13.818528175 0.000000000 0.000000000 -12.000000000 0.000000000 0.000000000
1776613964.978241205 0.626258969 -0.052635934 0.200356066 0.190426618 0.981093943 0.029004995 -0.018736975 4.894535065 4.239332199 -13.813433647 0.000000000 0.000000000 -12.000000000 0.000000000 0.000000000
1776613964.983445644 0.626136661 -0.053565964 0.200350910 0.190540254 0.981080234 0.028729461 -0.018725267 4.882551670 4.238490582 -13.808701515 0.000000000 0.000000000 -12.000000000 0.000000000 0.000000000
1776613964.988239765 0.626063347 -0.054550365 0.200335622 0.190717086 0.981055737 0.028444648 -0.018641116 4.865866661 4.238380909 -13.804503441 0.000000000 0.000000000 -12.000000000 0.000000000 0.000000000
1776613964.993221283 0.626064479 -0.055546578 0.200326920 0.190917373 0.981027901 0.028176079 -0.018463595 4.844355583 4.239288807 -13.801003456 0.000000000 0.000000000 -12.000000000 0.000000000 0.000000000
1776613964.998243570 0.626141191 -0.056514103 0.200321317 0.191155553 0.980992854 0.027954441 -0.018198457 4.817993641 4.241456509 -13.798357964 0.000000000 0.000000000 -12.000000000 0.000000000 0.000000000
1776613965.003445864 0.626254559 -0.057446197 0.200315297 0.191384822 0.980959058 0.027766785 -0.017893797 4.786851406 4.245075226 -13.796703339 0.000000000 0.000000000 -12.000000000 0.000000000 0.000000000
1776613965.008515835 0.626395226 -0.058378905 0.200307697 0.191644222 0.980919182 0.027603542 -0.017553318 4.751089573 4.250289917 -13.796158791 0.000000000 0.000000000 -12.000000000 0.000000000 0.000000000
1776613965.013273001 0.626577318 -0.059317838 0.200299501 0.191942662 0.980872095 0.027450256 -0.017158499 4.710947037 4.257196903 -13.796821594 0.000000000 0.000000000 -12.000000000 0.000000000 0.000000000
1776613965.018286228 0.626758337 -0.060257122 0.200290740 0.192245752 0.980823576 0.027306581 -0.016762441 4.666730881 4.265841484 -13.798764229 0.000000000 0.000000000 -12.000000000 0.000000000 0.000000000
1776613965.023397446 0.626940966 -0.061159853 0.200284004 0.192537382 0.980776250 0.027189793 -0.016371604 4.618805408 4.276223183 -13.802032471 0.000000000 0.000000000 -12.000000000 0.000000000 0.000000000
1776613965.028265238 0.627133012 -0.062030755 0.200276732 0.192845643 0.980724394 0.027109331 -0.015977167 4.567580700 4.288292885 -13.806650162 0.000000000 0.000000000 -12.000000000 0.000000000 0.000000000
1776613965.034368277 0.627344966 -0.062847793 0.200267583 0.193130359 0.980675936 0.027072160 -0.015570452 4.513501167 4.301956177 -13.812616348 0.000000000 0.000000000 -12.000000000 0.000000000 0.000000000
1776613965.038249254 0.627557278 -0.063655399 0.200255811 0.193419233 0.980625749 0.027057374 -0.015166233 4.457033157 4.317080498 -13.819911957 0.000000000 0.000000000 -12.000000000 0.000000000 0.000000000
1776613965.043207407 0.627652109 -0.064428985 0.200225711 0.193714142 0.980571508 0.027054811 -0.014913342 4.398652554 4.333495617 -13.828503609 0.000000000 0.000000000 -12.000000000 0.000000000 0.000000000
1776613965.048228979 0.627661467 -0.065155841 0.200205028 0.193998978 0.980516076 0.027095944 -0.014777433 4.338828564 4.351002216 -13.838349342 0.000000000 0.000000000 -12.000000000 0.000000000 0.000000000
1776613965.053232431 0.627586305 -0.065804407 0.200180948 0.194262102 0.980461359 0.027200250 -0.014762374 4.278000832 4.369377613 -13.849398613 0.000000000 0.000000000 -12.000000000 0.000000000 0.000000000
1776613965.058226347 0.627470493 -0.066405430 0.200163603 0.194525361 0.980404198 0.027354170 -0.014807240 4.216562271 4.388380051 -13.861603737 0.000000000 0.000000000 -12.000000000 0.000000000 0.000000000
1776613965.063519239 0.627326131 -0.066939004 0.200149894 0.194782823 0.980345428 0.027577579 -0.014900599 4.154851437 4.407758236 -13.874917030 0.000000000 0.000000000 -12.000000000 0.000000000 0.000000000
1776613965.069644451 0.627079129 -0.067377552 0.200110644 0.195038557 0.980282605 0.027873423 -0.015135836 4.093142986 4.427251816 -13.889301300 0.000000000 0.000000000 -12.000000000 0.000000000 0.000000000
1776613965.074757338 0.626798153 -0.067742348 0.200079978 0.195291489 0.980217338 0.028238595 -0.015421752 4.031647205 4.446599960 -13.904728889 0.000000000 0.000000000 -12.000000000 0.000000000 0.000000000
1776613965.078422785 0.626570761 -0.068047523 0.200074345 0.195548341 0.980149329 0.028689034 -0.015654046 3.970511913 4.465540886 -13.921184540 0.000000000 0.000000000 -12.000000000 0.000000000 0.000000000
1776613965.083629847 0.626341879 -0.068291076 0.200072259 0.195827946 0.980073452 0.029231548 -0.015903672 3.909827471 4.483816624 -13.938671112 0.000000000 0.000000000 -12.000000000 0.000000000 0.000000000
1776613965.088570595 0.626123309 -0.068484865 0.200076729 0.196132600 0.979990005 0.029848419 -0.016146850 3.849634409 4.501174450 -13.957207680 0.000000000 0.000000000 -12.000000000 0.000000000 0.000000000
1776613965.093452454 0.625948608 -0.068653300 0.200127810 0.196481466 0.979896367 0.030524833 -0.016320007 3.789929867 4.517368317 -13.976832390 0.000000000 0.000000000 -12.000000000 0.000000000 0.000000000
1776613965.098289490 0.625813782 -0.068782046 0.200213313 0.196844906 0.979798198 0.031268269 -0.016428277 3.730674982 4.532163143 -13.997597694 0.000000000 0.000000000 -12.000000000 0.000000000 0.000000000
1776613965.103614092 0.625698090 -0.068878569 0.200301588 0.197226509 0.979694664 0.032058701 -0.016500922 3.671802998 4.545340061 -14.019570351 0.000000000 0.000000000 -12.000000000 0.000000000 0.000000000
1776613965.108834982 0.625606060 -0.068953529 0.200380087 0.197634190 0.979584575 0.032884978 -0.016532507 3.613226652 4.556697845 -14.042818069 0.000000000 0.000000000 -12.000000000 0.000000000 0.000000000
1776613965.113645792 0.625501513 -0.069013536 0.200447053 0.198025838 0.979476273 0.033729795 -0.016563132 3.554845333 4.566060543 -14.067406654 0.000000000 0.000000000 -12.000000000 0.000000000 0.000000000
1776613965.118531227 0.625404656 -0.069077432 0.200520426 0.198437795 0.979362845 0.034588497 -0.016566308 3.496548176 4.573278427 -14.093386650 0.000000000 0.000000000 -12.000000000 0.000000000 0.000000000
1776613965.123669624 0.625326931 -0.069137223 0.200608730 0.198844150 0.979250491 0.035444044 -0.016529435 3.438215971 4.578229904 -14.120782852 0.000000000 0.000000000 -12.000000000 0.000000000 0.000000000
1776613965.128566027 0.625265777 -0.069201946 0.200725287 0.199221149 0.979144037 0.036293674 -0.016450075 3.379724264 4.580824375 -14.149588585 0.000000000 0.000000000 -12.000000000 0.000000000 0.000000000
1776613965.133290529 0.625223398 -0.069273636 0.200868934 0.199597895 0.979038000 0.037131380 -0.016324779 3.320946693 4.581000805 -14.179749489 0.000000000 0.000000000 -12.000000000 0.000000000 0.000000000
1776613965.138263464 0.625203848 -0.069364846 0.201010019 0.199942440 0.978939533 0.037943341 -0.016147081 3.261759520 4.578729153 -14.211165428 0.000000000 0.000000000 -12.000000000 0.000000000 0.000000000
1776613965.143328190 0.625194132 -0.069474176 0.201118916 0.200274423 0.978844166 0.038730394 -0.015943166 3.202045441 4.574009418 -14.243671417 0.000000000 0.000000000 -12.000000000 0.000000000 0.000000000
1776613965.148607492 0.625174820 -0.069610476 0.201181233 0.200605139 0.978749752 0.039481517 -0.015739374 3.141698122 4.566871643 -14.277044296 0.000000000 0.000000000 -12.000000000 0.000000000 0.000000000
1776613965.155031681 0.625127792 -0.069760710 0.201225519 0.200919434 0.978658736 0.040210426 -0.015543894 3.080624580 4.557374477 -14.310991287 0.000000000 0.000000000 -12.000000000 0.000000000 0.000000000
1776613965.158301353 0.624966860 -0.070086800 0.201319605 0.201513752 0.978485048 0.041587736 -0.015154142 3.018745661 4.545601845 -14.345152855 0.000000000 0.000000000 -12.000000000 0.000000000 0.000000000
1776613965.164864779 0.624966860 -0.070086800 0.201319605 0.201513752 0.978485048 0.041587736 -0.015154142 2.955994606 4.531664371 -14.379103661 0.000000000 0.000000000 -12.000000000 0.000000000 0.000000000
1776613965.168307781 0.624838471 -0.070261315 0.201354325 0.201794833 0.978401959 0.042236000 -0.014986671 2.892317057 4.515692234 -14.412357330 0.000000000 0.000000000 -12.000000000 0.000000000 0.000000000
1776613965.173903704 0.624758840 -0.070490599 0.201423705 0.202060953 0.978325546 0.042824220 -0.014716685 2.827668428 4.497836590 -14.444372177 0.000000000 0.000000000 -12.000000000 0.000000000 0.000000000
1776613965.178346634 0.624636889 -0.070751727 0.201467454 0.202313676 0.978253543 0.043357324 -0.014469781 2.762019157 4.478265285 -14.474559784 0.000000000 0.000000000 -12.000000000 0.000000000 0.000000000
1776613965.183505535 0.624433756 -0.071022987 0.201471537 0.202540323 0.978187680 0.043839231 -0.014295161 2.695358038 4.457162857 -14.502288818 0.000000000 0.000000000 -12.000000000 0.000000000 0.000000000
1776613965.188844919 0.624208093 -0.071333125 0.201458842 0.202765197 0.978124261 0.044269077 -0.014121023 2.627698898 4.434727192 -14.526899338 0.000000000 0.000000000 -12.000000000 0.000000000 0.000000000
1776613965.193665743 0.623935521 -0.071668126 0.201437712 0.202972665 0.978066564 0.044636339 -0.013980997 2.559079647 4.411167145 -14.547712326 0.000000000 0.000000000 -12.000000000 0.000000000 0.000000000
1776613965.198787928 0.623649776 -0.072051361 0.201431513 0.203159273 0.978016317 0.044934437 -0.013829581 2.489559650 4.386701584 -14.564039230 0.000000000 0.000000000 -12.000000000 0.000000000 0.000000000
1776613965.203210354 0.623400271 -0.072487369 0.201450497 0.203307182 0.977979124 0.045145862 -0.013597459 2.419214725 4.361556053 -14.575200081 0.000000000 0.000000000 -12.000000000 0.000000000 0.000000000
1776613965.208285809 0.623173892 -0.072994180 0.201493740 0.203426093 0.977952838 0.045266636 -0.013303045 2.348135948 4.335961819 -14.580531120 0.000000000 0.000000000 -12.000000000 0.000000000 0.000000000
1776613965.214953423 0.622861266 -0.073524833 0.201519549 0.203506678 0.977937460 0.045297954 -0.013092363 2.276434422 4.310157776 -14.579400063 0.000000000 0.000000000 -12.000000000 0.000000000 0.000000000
1776613965.218925238 0.622485042 -0.074070476 0.201504886 0.203554586 0.977930665 0.045271579 -0.012948514 2.204239130 4.284389019 -14.571220398 0.000000000 0.000000000 -12.000000000 0.000000000 0.000000000
1776613965.224966288 0.621995389 -0.074635044 0.201440483 0.203592777 0.977927685 0.045166284 -0.012940669 2.131689072 4.258906364 -14.555456161 0.000000000 0.000000000 -12.000000000 0.000000000 0.000000000
1776613965.228250504 0.620967984 -0.075885110 0.201349646 0.203592718 0.977947652 0.044729736 -0.012946921 2.058921576 4.233966351 -14.531641960 0.000000000 0.000000000 -12.000000000 0.000000000 0.000000000
1776613965.235018253 0.620967984 -0.075885110 0.201349646 0.203592718 0.977947652 0.044729736 -0.012946921 1.986059546 4.209829807 -14.499384880 0.000000000 0.000000000 -12.000000000 0.000000000 0.000000000
1776613965.238265514 0.620386064 -0.076546758 0.201328397 0.203576237 0.977965117 0.044406567 -0.013002179 1.913208246 4.186759472 -14.458379745 0.000000000 0.000000000 -12.000000000 0.000000000 0.000000000
1776613965.243955374 0.619773746 -0.077221185 0.201333523 0.203536570 0.977988899 0.044042408 -0.013070548 1.840457082 4.165016174 -14.408411980 0.000000000 0.000000000 -12.000000000 0.000000000 0.000000000
1776613965.248262405 0.619133055 -0.077905118 0.201335847 0.203511000 0.978011131 0.043638792 -0.013159181 1.767887354 4.144853115 -14.349357605 0.000000000 0.000000000 -12.000000000 0.000000000 0.000000000
1776613965.254396677 0.618488848 -0.078590244 0.201320171 0.203504905 0.978029609 0.043223727 -0.013247428 1.695580840 4.126511574 -14.281189919 0.000000000 0.000000000 -12.000000000 0.000000000 0.000000000
1776613965.258299589 0.617849529 -0.079283744 0.201295733 0.203493208 0.978050172 0.042790256 -0.013319950 1.623625755 4.110212326 -14.203970909 0.000000000 0.000000000 -12.000000000 0.000000000 0.000000000
1776613965.263513803 0.617179573 -0.079986960 0.201252699 0.203488007 0.978070378 0.042317517 -0.013423406 1.552122831 4.096152782 -14.117856979 0.000000000 0.000000000 -12.000000000 0.000000000 0.000000000
1776613965.268251896 0.616567671 -0.080694035 0.201254815 0.203523442 0.978083313 0.041841347 -0.013435685 1.481187344 4.084498405 -14.023089409 0.000000000 0.000000000 -12.000000000 0.000000000 0.000000000
1776613965.273276091 0.615955234 -0.081375420 0.201281667 0.203565776 0.978093982 0.041381020 -0.013443511 1.410949230 4.075383186 -13.919995308 0.000000000 0.000000000 -12.000000000 0.000000000 0.000000000
1776613965.278302908 0.615228891 -0.082060367 0.201298416 0.203594819 0.978107274 0.040880278 -0.013570138 1.341548204 4.068906307 -13.808980942 0.000000000 0.000000000 -12.000000000 0.000000000 0.000000000
1776613965.283417225 0.614461124 -0.082727551 0.201317430 0.203626245 0.978118837 0.040382605 -0.013754789 1.273122430 4.065132618 -13.690521240 0.000000000 0.000000000 -12.000000000 0.000000000 0.000000000
1776613965.288367271 0.613603830 -0.083343238 0.201328903 0.203662708 0.978126228 0.039909992 -0.014064636 1.205794811 4.064094067 -13.565153122 0.000000000 0.000000000 -12.000000000 0.000000000 0.000000000
1776613965.293349743 0.612704873 -0.083938845 0.201339155 0.203716934 0.978128850 0.039431982 -0.014438598 1.139657974 4.065788269 -13.433463097 0.000000000 0.000000000 -12.000000000 0.000000000 0.000000000
1776613965.299379826 0.611773431 -0.084525190 0.201365560 0.203792259 0.978126168 0.038953371 -0.014851357 1.074767947 4.070177078 -13.296079636 0.000000000 0.000000000 -12.000000000 0.000000000 0.000000000
1776613965.303237915 0.610708117 -0.085085720 0.201385289 0.203863695 0.978121579 0.038466223 -0.015429831 1.011143208 4.077186108 -13.153666496 0.000000000 0.000000000 -12.000000000 0.000000000 0.000000000
1776613965.308663845 0.609551907 -0.085613251 0.201393604 0.203926355 0.978116632 0.037970793 -0.016127830 0.948766708 4.086705208 -13.006911278 0.000000000 0.000000000 -12.000000000 0.000000000 0.000000000
1776613965.315031528 0.608357966 -0.086124405 0.201408148 0.203998178 0.978108048 0.037475124 -0.016882429 0.887589037 4.098592281 -12.856523514 0.000000000 0.000000000 -12.000000000 0.000000000 0.000000000
1776613965.318690300 0.605932713 -0.087139577 0.201434880 0.204173267 0.978080690 0.036478981 -0.018457314 0.827530742 4.112678528 -12.703224182 0.000000000 0.000000000 -12.000000000 0.000000000 0.000000000
1776613965.323324203 0.605932713 -0.087139577 0.201434880 0.204173267 0.978080690 0.036478981 -0.018457314 0.768486023 4.128772736 -12.547739029 0.000000000 0.000000000 -12.000000000 0.000000000 0.000000000
1776613965.328275442 0.604669511 -0.087626152 0.201445431 0.204245433 0.978068471 0.035961319 -0.019304609 0.710329771 4.146663666 -12.390791893 0.000000000 0.000000000 -12.000000000 0.000000000 0.000000000
1776613965.333271980 0.603431642 -0.088110253 0.201471865 0.204296514 0.978060484 0.035443239 -0.020110970 0.652927577 4.166123867 -12.233097076 0.000000000 0.000000000 -12.000000000 0.000000000 0.000000000
1776613965.338330746 0.602184534 -0.088608027 0.201489389 0.204335958 0.978054225 0.034918282 -0.020915346 0.596149206 4.186910152 -12.075352669 0.000000000 0.000000000 -12.000000000 0.000000000 0.000000000
1776613965.343306541 0.601075470 -0.089127332 0.201527447 0.204368457 0.978052318 0.034403477 -0.021531308 0.539882779 4.208761692 -11.918231010 0.000000000 0.000000000 -12.000000000 0.000000000 0.000000000
1776613965.350239515 0.600053251 -0.089652136 0.201549590 0.204394490 0.978053272 0.033896890 -0.022038432 0.484050989 4.231400013 -11.762370110 0.000000000 0.000000000 -12.000000000 0.000000000 0.000000000
1776613965.353684664 0.599209070 -0.090173930 0.201591253 0.204449639 0.978051066 0.033445634 -0.022311196 0.428627521 4.254527569 -11.608365059 0.000000000 0.000000000 -12.000000000 0.000000000 0.000000000
1776613965.360065937 0.598458588 -0.090694949 0.201600373 0.204559565 0.978038371 0.033041772 -0.022462046 0.373651087 4.277823448 -11.456754684 0.000000000 0.000000000 -12.000000000 0.000000000 0.000000000
1776613965.363501787 0.597268462 -0.091776326 0.201591432 0.204858944 0.978003085 0.032296505 -0.022353856 0.319234967 4.300945759 -11.308019638 0.000000000 0.000000000 -12.000000000 0.000000000 0.000000000
1776613965.369592905 0.597268462 -0.091776326 0.201591432 0.204858944 0.978003085 0.032296505 -0.022353856 0.265568405 4.323533058 -11.162576675 0.000000000 0.000000000 -12.000000000 0.000000000 0.000000000
1776613965.373293400 0.596623600 -0.092887476 0.201682746 0.205056384 0.978002846 0.031596672 -0.021539394 0.212910950 4.345212936 -11.020778656 0.000000000 0.000000000 -12.000000000 0.000000000 0.000000000
1776613965.378295660 0.596623600 -0.092887476 0.201682746 0.205056384 0.978002846 0.031596672 -0.021539394 0.161584079 4.365611553 -10.882915497 0.000000000 0.000000000 -12.000000000 0.000000000 0.000000000
1776613965.383284807 0.596386433 -0.093442626 0.201759487 0.205139339 0.978007793 0.031265814 -0.021000383 0.111961178 4.384356976 -10.749212265 0.000000000 0.000000000 -12.000000000 0.000000000 0.000000000
1776613965.388459444 0.596162260 -0.093998700 0.201826602 0.205225572 0.978012085 0.030937957 -0.020436076 0.064454019 4.401085854 -10.619832039 0.000000000 0.000000000 -12.000000000 0.000000000 0.000000000
1776613965.395015478 0.595952749 -0.094553337 0.201869726 0.205307171 0.978017509 0.030605396 -0.019850215 0.019496065 4.415449619 -10.494875908 0.000000000 0.000000000 -12.000000000 0.000000000 0.000000000
1776613965.400026083 0.595546305 -0.095665604 0.201895297 0.205455691 0.978031158 0.029907813 -0.018670563 -0.022476191 4.427120209 -10.374382973 0.000000000 0.000000000 -12.000000000 0.000000000 0.000000000
1776613965.404901743 0.595281661 -0.096197158 0.201864153 0.205511093 0.978039861 0.029557087 -0.018153863 -0.061041780 4.435795307 -10.258333206 0.000000000 0.000000000 -12.000000000 0.000000000 0.000000000
1776613965.409851551 0.594978631 -0.096713498 0.201845676 0.205555022 0.978049815 0.029209966 -0.017676014 -0.095811263 4.441203594 -10.146653175 0.000000000 0.000000000 -12.000000000 0.000000000 0.000000000
1776613965.414162159 0.594978631 -0.096713498 0.201845676 0.205555022 0.978049815 0.029209966 -0.017676014 -0.126439869 4.443110943 -10.039219856 0.000000000 0.000000000 -12.000000000 0.000000000 0.000000000
1776613965.419987679 0.594665110 -0.097226039 0.201843947 0.205604300 0.978058398 0.028855747 -0.017204635 -0.152639389 4.441322803 -9.935869217 0.000000000 0.000000000 -12.000000000 0.000000000 0.000000000
1776613965.423328400 0.594068587 -0.098224729 0.201873571 0.205710560 0.978074372 0.028119138 -0.016218081 -0.174188226 4.435687542 -9.836401939 0.000000000 0.000000000 -12.000000000 0.000000000 0.000000000
1776613965.428661346 0.594068587 -0.098224729 0.201873571 0.205710560 0.978074372 0.028119138 -0.016218081 -0.190937400 4.426093102 -9.740593910 0.000000000 0.000000000 -12.000000000 0.000000000 0.000000000
1776613965.433357716 0.593703449 -0.098687932 0.201861978 0.205766484 0.978079796 0.027754596 -0.015803978 -0.202812105 4.412467957 -9.648199081 0.000000000 0.000000000 -12.000000000 0.000000000 0.000000000
1776613965.438323259 0.593271852 -0.099132165 0.201819181 0.205830693 0.978081942 0.027388800 -0.015470011 -0.209810421 4.394778252 -9.558956146 0.000000000 0.000000000 -12.000000000 0.000000000 0.000000000
1776613965.443264008 0.592817068 -0.099565364 0.201765358 0.205908954 0.978080332 0.027026484 -0.015163664 -0.211999282 4.373028278 -9.472597122 0.000000000 0.000000000 -12.000000000 0.000000000 0.000000000
1776613965.448284149 0.592391253 -0.099975511 0.201735795 0.205994740 0.978076816 0.026687758 -0.014819721 -0.209508300 4.347258091 -9.388849258 0.000000000 0.000000000 -12.000000000 0.000000000 0.000000000
1776613965.453273058 0.591949999 -0.100354791 0.201709121 0.206084669 0.978071392 0.026372820 -0.014490215 -0.202522218 4.317541599 -9.307446480 0.000000000 0.000000000 -12.000000000 0.000000000 0.000000000
1776613965.458394766 0.591506898 -0.100717284 0.201705962 0.206187949 0.978062451 0.026074708 -0.014158565 -0.191273808 4.283982277 -9.228129387 0.000000000 0.000000000 -12.000000000 0.000000000 0.000000000
1776613965.463259935 0.591067135 -0.101080991 0.201710731 0.206295982 0.978052735 0.025766285 -0.013818286 -0.176038161 4.246709824 -9.150655746 0.000000000 0.000000000 -12.000000000 0.000000000 0.000000000
1776613965.468291044 0.590631545 -0.101439193 0.201719999 0.206382513 0.978047788 0.025440333 -0.013476953 -0.157128677 4.205877781 -9.074797630 0.000000000 0.000000000 -12.000000000 0.000000000 0.000000000
1776613965.473886490 0.590185225 -0.101767495 0.201726466 0.206442297 0.978047967 0.025115507 -0.013150344 -0.134893775 4.161664486 -9.000350952 0.000000000 0.000000000 -12.000000000 0.000000000 0.000000000
1776613965.478454590 0.589695632 -0.102077030 0.201717645 0.206480905 0.978051960 0.024781808 -0.012877871 -0.109713145 4.114270687 -8.927134514 0.000000000 0.000000000 -12.000000000 0.000000000 0.000000000
1776613965.483904600 0.589169800 -0.102383107 0.201704472 0.206507936 0.978058100 0.024432966 -0.012643885 -0.081992112 4.063920021 -8.854993820 0.000000000 0.000000000 -12.000000000 0.000000000 0.000000000
1776613965.488291025 0.588637531 -0.102698177 0.201693863 0.206523016 0.978067040 0.024062013 -0.012412588 -0.052154534 4.010853291 -8.783803940 0.000000000 0.000000000 -12.000000000 0.000000000 0.000000000
1776613965.493273497 0.588061154 -0.103011809 0.201681048 0.206518546 0.978080034 0.023664299 -0.012229130 -0.020635635 3.955327511 -8.713467598 0.000000000 0.000000000 -12.000000000 0.000000000 0.000000000
1776613965.499687195 0.587456286 -0.103322275 0.201656461 0.206490308 0.978098035 0.023236526 -0.012086309 0.012121845 3.897612810 -8.643917084 0.000000000 0.000000000 -12.000000000 0.000000000 0.000000000
1776613965.503445864 0.586816967 -0.103627786 0.201637805 0.206439719 0.978120685 0.022779780 -0.011984437 0.045668799 3.837989807 -8.575115204 0.000000000 0.000000000 -12.000000000 0.000000000 0.000000000
1776613965.508251667 0.586235702 -0.103949353 0.201650202 0.206379175 0.978146493 0.022305278 -0.011812564 0.079551540 3.776747227 -8.507048607 0.000000000 0.000000000 -12.000000000 0.000000000 0.000000000
1776613965.514366865 0.585662663 -0.104286611 0.201684088 0.206312805 0.978174031 0.021810450 -0.011612275 0.113316156 3.714178801 -8.439729691 0.000000000 0.000000000 -12.000000000 0.000000000 0.000000000
1776613965.520079136 0.585057855 -0.104602933 0.201718539 0.206232399 0.978203833 0.021317407 -0.011449023 0.146515965 3.650578260 -8.373187065 0.000000000 0.000000000 -12.000000000 0.000000000 0.000000000
1776613965.525065184 0.584396601 -0.104897775 0.201753199 0.206134170 0.978236437 0.020821270 -0.011344912 0.178720325 3.586233854 -8.307466507 0.000000000 0.000000000 -12.000000000 0.000000000 0.000000000
1776613965.529914379 0.583068907 -0.105460003 0.201759636 0.205893472 0.978310168 0.019819811 -0.011149272 0.209520951 3.521424294 -8.242620468 0.000000000 0.000000000 -12.000000000 0.000000000 0.000000000
1776613965.534394264 0.582386851 -0.105725311 0.201739460 0.205760926 0.978348792 0.019322136 -0.011081291 0.238535151 3.456415653 -8.178708076 0.000000000 0.000000000 -12.000000000 0.000000000 0.000000000
1776613965.538319349 0.582386851 -0.105725311 0.201739460 0.205760926 0.978348792 0.019322136 -0.011081291 0.265408397 3.391459465 -8.115788460 0.000000000 0.000000000 -12.000000000 0.000000000 0.000000000
1776613965.543273926 0.581717908 -0.105993003 0.201734334 0.205625430 0.978388011 0.018823305 -0.010989784 0.289816737 3.326792955 -8.053916931 0.000000000 0.000000000 -12.000000000 0.000000000 0.000000000
1776613965.548311949 0.581088483 -0.106265768 0.201745242 0.205491886 0.978426933 0.018329617 -0.010853900 0.311469197 3.262638569 -7.993143082 0.000000000 0.000000000 -12.000000000 0.000000000 0.000000000
1776613965.554065704 0.580269754 -0.106489010 0.201736718 0.205355227 0.978463411 0.017847227 -0.010958355 0.330107450 3.199205875 -7.933512688 0.000000000 0.000000000 -12.000000000 0.000000000 0.000000000
1776613965.560049295 0.579387307 -0.106688209 0.201728642 0.205214456 0.978499174 0.017373584 -0.011158057 0.345498979 3.136690855 -7.875064373 0.000000000 0.000000000 -12.000000000 0.000000000 0.000000000
1776613965.564824104 0.577556074 -0.107041605 0.201771557 0.204932496 0.978568017 0.016460737 -0.011675647 0.357426167 3.075275660 -7.817831993 0.000000000 0.000000000 -12.000000000 0.000000000 0.000000000
1776613965.569748640 0.576500177 -0.107149720 0.201763183 0.204792708 0.978598714 0.016045155 -0.012126758 0.365679145 3.015126705 -7.761840820 0.000000000 0.000000000 -12.000000000 0.000000000 0.000000000
1776613965.573288441 0.575365782 -0.107205987 0.201730996 0.204661429 0.978625059 0.015671719 -0.012690888 0.370055020 2.956393719 -7.707106113 0.000000000 0.000000000 -12.000000000 0.000000000 0.000000000
1776613965.579380512 0.575365782 -0.107205987 0.201730996 0.204661429 0.978625059 0.015671719 -0.012690888 0.370362490 2.899206161 -7.653631210 0.000000000 0.000000000 -12.000000000 0.000000000 0.000000000
1776613965.583390236 0.574216902 -0.107231878 0.201724350 0.204542279 0.978647530 0.015335802 -0.013276724 0.366428971 2.843669891 -7.601408482 0.000000000 0.000000000 -12.000000000 0.000000000 0.000000000
1776613965.588248730 0.573138952 -0.107198492 0.201750308 0.204431817 0.978667438 0.015078144 -0.013797709 0.358105749 2.789863586 -7.550422668 0.000000000 0.000000000 -12.000000000 0.000000000 0.000000000
1776613965.593250036 0.572099686 -0.107114092 0.201786369 0.204322472 0.978686392 0.014878972 -0.014278406 0.345271617 2.737832308 -7.500648499 0.000000000 0.000000000 -12.000000000 0.000000000 0.000000000
1776613965.599483490 0.571017146 -0.106976129 0.201799273 0.204227477 0.978700280 0.014735695 -0.014824637 0.327838004 2.687583208 -7.452051163 0.000000000 0.000000000 -12.000000000 0.000000000 0.000000000
1776613965.603816986 0.569890320 -0.106789857 0.201787293 0.204146490 0.978709161 0.014641741 -0.015434451 0.305755198 2.639079809 -7.404584408 0.000000000 0.000000000 -12.000000000 0.000000000 0.000000000
1776613965.609045267 0.568753421 -0.106528684 0.201758116 0.204072624 0.978714526 0.014623029 -0.016075699 0.279015720 2.592239618 -7.358191967 0.000000000 0.000000000 -12.000000000 0.000000000 0.000000000
1776613965.614951134 0.567611814 -0.106191702 0.201714307 0.204009309 0.978715539 0.014684182 -0.016747767 0.247653946 2.546937943 -7.312808990 0.000000000 0.000000000 -12.000000000 0.000000000 0.000000000
1776613965.618756771 0.565226138 -0.105467469 0.201635867 0.203891918 0.978710890 0.014844853 -0.018241225 0.211742297 2.503011703 -7.268366337 0.000000000 0.000000000 -12.000000000 0.000000000 0.000000000
1776613965.624214888 0.565226138 -0.105467469 0.201635867 0.203891918 0.978710890 0.014844853 -0.018241225 0.171387136 2.460267544 -7.224793911 0.000000000 0.000000000 -12.000000000 0.000000000 0.000000000
1776613965.628322363 0.564137101 -0.105144545 0.201670378 0.203831121 0.978711009 0.014905684 -0.018854273 0.126729563 2.418490648 -7.182021618 0.000000000 0.000000000 -12.000000000 0.000000000 0.000000000
1776613965.633240461 0.563072383 -0.104815185 0.201716542 0.203755468 0.978714406 0.014965435 -0.019437812 0.077951424 2.377452374 -7.139983177 0.000000000 0.000000000 -12.000000000 0.000000000 0.000000000
1776613965.638329983 0.561978102 -0.104464166 0.201739907 0.203660056 0.978720963 0.015025228 -0.020052705 0.025283560 2.336918831 -7.098616600 0.000000000 0.000000000 -12.000000000 0.000000000 0.000000000
1776613965.644482613 0.560881019 -0.104118779 0.201748013 0.203546047 0.978731215 0.015065132 -0.020669408 -0.030987227 2.296656132 -7.057862759 0.000000000 0.000000000 -12.000000000 0.000000000 0.000000000
1776613965.649331808 0.559827566 -0.103809848 0.201752037 0.203414842 0.978746712 0.015065152 -0.021221166 -0.090515897 2.256435394 -7.017662525 0.000000000 0.000000000 -12.000000000 0.000000000 0.000000000
1776613965.655001879 0.559060395 -0.103576213 0.201821744 0.203264073 0.978774428 0.015031406 -0.021408904 -0.152898863 2.216038942 -6.977958679 0.000000000 0.000000000 -12.000000000 0.000000000 0.000000000
1776613965.660524130 0.558383524 -0.103342891 0.201879650 0.203097731 0.978808105 0.015000719 -0.021469316 -0.217668101 2.175261021 -6.938689709 0.000000000 0.000000000 -12.000000000 0.000000000 0.000000000
1776613965.664959669 0.557710230 -0.103091694 0.201886564 0.202912092 0.978845775 0.014972616 -0.021527018 -0.284282833 2.133908510 -6.899785042 0.000000000 0.000000000 -12.000000000 0.000000000 0.000000000
1776613965.669355392 0.556743503 -0.102744170 0.201899946 0.202531561 0.978935182 0.014830285 -0.021140296 -0.352130294 2.091803074 -6.861164570 0.000000000 0.000000000 -12.000000000 0.000000000 0.000000000
1776613965.674838543 0.556743503 -0.102744170 0.201899946 0.202531561 0.978935182 0.014830285 -0.021140296 -0.420536280 2.048782587 -6.822736740 0.000000000 0.000000000 -12.000000000 0.000000000 0.000000000
1776613965.678252459 0.556483090 -0.102648824 0.201923370 0.202339351 0.978986979 0.014722499 -0.020651234 -0.488779128 2.004704714 -6.784403801 0.000000000 0.000000000 -12.000000000 0.000000000 0.000000000
1776613965.683310270 0.556259811 -0.102577351 0.201948315 0.202142268 0.979041040 0.014594977 -0.020102859 -0.556103408 1.959446311 -6.746058941 0.000000000 0.000000000 -12.000000000 0.000000000 0.000000000
1776613965.690063477 0.556055784 -0.102492802 0.201974392 0.201929927 0.979098618 0.014470894 -0.019513911 -0.621733665 1.912905931 -6.707586765 0.000000000 0.000000000 -12.000000000 0.000000000 0.000000000
1776613965.693259716 0.555744886 -0.102305494 0.202002883 0.201475814 0.979220748 0.014233458 -0.018209320 -0.684889197 1.865004897 -6.668867111 0.000000000 0.000000000 -12.000000000 0.000000000 0.000000000
1776613965.698410034 0.555744886 -0.102305494 0.202002883 0.201475814 0.979220748 0.014233458 -0.018209320 -0.744802296 1.815686822 -6.629770279 0.000000000 0.000000000 -12.000000000 0.000000000 0.000000000
1776613965.705079317 0.555581331 -0.102208950 0.201986015 0.201221272 0.979286849 0.014093339 -0.017567573 -0.800738990 1.764917254 -6.590159416 0.000000000 0.000000000 -12.000000000 0.000000000 0.000000000
1776613965.709960699 0.555214942 -0.101985306 0.201982796 0.200639471 0.979432106 0.013781759 -0.016327070 -0.852017701 1.712683558 -6.549894333 0.000000000 0.000000000 -12.000000000 0.000000000 0.000000000
1776613965.714533806 0.554857194 -0.101887420 0.201981813 0.200307354 0.979510069 0.013552395 -0.015916737 -0.898027658 1.658997059 -6.508831501 0.000000000 0.000000000 -12.000000000 0.000000000 0.000000000
1776613965.719677687 0.554857194 -0.101887420 0.201981813 0.200307354 0.979510069 0.013552395 -0.015916737 -0.938250005 1.603898764 -6.466830254 0.000000000 0.000000000 -12.000000000 0.000000000 0.000000000
1776613965.724930286 0.553994238 -0.101704381 0.202041596 0.199558854 0.979680359 0.012998451 -0.015288970 -0.972279608 1.547465086 -6.423754692 0.000000000 0.000000000 -12.000000000 0.000000000 0.000000000
1776613965.729920626 0.553335011 -0.101573862 0.202036321 0.199153677 0.979766905 0.012696953 -0.015277285 -0.999838650 1.489812255 -6.379473686 0.000000000 0.000000000 -12.000000000 0.000000000 0.000000000
1776613965.733933687 0.552434444 -0.101398036 0.201984257 0.198745593 0.979848683 0.012391313 -0.015594887 -1.020782948 1.431096077 -6.333865643 0.000000000 0.000000000 -12.000000000 0.000000000 0.000000000
1776613965.739934206 0.552434444 -0.101398036 0.201984257 0.198745593 0.979848683 0.012391313 -0.015594887 -1.035107851 1.371509075 -6.286818027 0.000000000 0.000000000 -12.000000000 0.000000000 0.000000000
1776613965.743584633 0.551388919 -0.101190962 0.201913476 0.198315829 0.979931235 0.012077898 -0.016114812 -1.042953134 1.311274529 -6.238229275 0.000000000 0.000000000 -12.000000000 0.000000000 0.000000000
1776613965.749441385 0.550284982 -0.100937307 0.201857358 0.197884321 0.980011225 0.011796978 -0.016750395 -1.044602752 1.250640392 -6.188010693 0.000000000 0.000000000 -12.000000000 0.000000000 0.000000000
1776613965.753279448 0.549107015 -0.100637302 0.201834023 0.197449520 0.980088830 0.011547809 -0.017498663 -1.040476203 1.189872384 -6.136092186 0.000000000 0.000000000 -12.000000000 0.000000000 0.000000000
1776613965.758493900 0.547820210 -0.100299880 0.201822579 0.197012544 0.980163038 0.011314571 -0.018396923 -1.031112552 1.129247904 -6.082425594 0.000000000 0.000000000 -12.000000000 0.000000000 0.000000000
1776613965.763647795 0.546409428 -0.099922135 0.201804429 0.196583644 0.980231225 0.011104554 -0.019449992 -1.017150283 1.069049239 -6.026986122 0.000000000 0.000000000 -12.000000000 0.000000000 0.000000000
1776613965.770012379 0.544928610 -0.099523820 0.201778591 0.196166694 0.980293393 0.010914792 -0.020600898 -0.999305069 1.009557605 -5.969775200 0.000000000 0.000000000 -12.000000000 0.000000000 0.000000000
1776613965.773318052 0.541996419 -0.098674454 0.201751679 0.195342749 0.980410695 0.010602035 -0.022883888 -0.978345394 0.951045930 -5.910820484 0.000000000 0.000000000 -12.000000000 0.000000000 0.000000000
1776613965.779050112 0.541996419 -0.098674454 0.201751679 0.195342749 0.980410695 0.010602035 -0.022883888 -0.955061316 0.893770635 -5.850176334 0.000000000 0.000000000 -12.000000000 0.000000000 0.000000000
1776613965.785001993 0.540575743 -0.098214656 0.201756328 0.194946289 0.980464697 0.010499272 -0.023973001 -0.930228710 0.837963879 -5.787927151 0.000000000 0.000000000 -12.000000000 0.000000000 0.000000000
1776613965.789002657 0.539130270 -0.097731248 0.201718241 0.194561213 0.980513990 0.010422117 -0.025092861 -0.904578149 0.783825040 -5.724181652 0.000000000 0.000000000 -12.000000000 0.000000000 0.000000000
1776613965.795118332 0.536584854 -0.096715063 0.201674223 0.193809882 0.980614185 0.010387992 -0.026936846 -0.878771842 0.731512904 -5.659071445 0.000000000 0.000000000 -12.000000000 0.000000000 0.000000000
1776613965.799943686 0.535555065 -0.096191660 0.201676995 0.193440959 0.980668783 0.010432706 -0.027577585 -0.853389084 0.681141913 -5.592746735 0.000000000 0.000000000 -12.000000000 0.000000000 0.000000000
1776613965.803208351 0.535555065 -0.096191660 0.201676995 0.193440959 0.980668783 0.010432706 -0.027577585 -0.828916967 0.632780552 -5.525376797 0.000000000 0.000000000 -12.000000000 0.000000000 0.000000000
1776613965.808455229 0.534620523 -0.095666856 0.201702982 0.193085939 0.980723262 0.010506560 -0.028094659 -0.805743039 0.586451769 -5.457147121 0.000000000 0.000000000 -12.000000000 0.000000000 0.000000000
1776613965.813386679 0.533889830 -0.095211677 0.201763332 0.192720011 0.980787694 0.010541608 -0.028342813 -0.784148514 0.542134583 -5.388256550 0.000000000 0.000000000 -12.000000000 0.000000000 0.000000000
1776613965.818336964 0.533170938 -0.094776258 0.201787531 0.192343652 0.980855227 0.010550748 -0.028559009 -0.764303088 0.499769777 -5.318909168 0.000000000 0.000000000 -12.000000000 0.000000000 0.000000000
1776613965.823262691 0.532497466 -0.094328418 0.201782435 0.191937789 0.980929911 0.010555352 -0.028723011 -0.746263146 0.459268838 -5.249310017 0.000000000 0.000000000 -12.000000000 0.000000000 0.000000000
1776613965.829928160 0.531984091 -0.093899660 0.201784343 0.191497192 0.981016994 0.010543033 -0.028694494 -0.729975104 0.420521706 -5.179660797 0.000000000 0.000000000 -12.000000000 0.000000000 0.000000000
1776613965.833365679 0.531291366 -0.093137279 0.201783091 0.190567136 0.981212974 0.010451537 -0.028213117 -0.715284765 0.383402675 -5.110157967 0.000000000 0.000000000 -12.000000000 0.000000000 0.000000000
1776613965.838521719 0.531291366 -0.093137279 0.201783091 0.190567136 0.981212974 0.010451537 -0.028213117 -0.701950252 0.347774118 -5.040991783 0.000000000 0.000000000 -12.000000000 0.000000000 0.000000000
1776613965.844525576 0.530982256 -0.092790239 0.201788455 0.190067753 0.981319666 0.010354967 -0.027905149 -0.689658642 0.313490003 -4.972340107 0.000000000 0.000000000 -12.000000000 0.000000000 0.000000000
1776613965.848436356 0.530727684 -0.092449434 0.201815754 0.189538792 0.981433928 0.010239474 -0.027524851 -0.678046167 0.280401349 -4.904367447 0.000000000 0.000000000 -12.000000000 0.000000000 0.000000000
1776613965.855038404 0.530560672 -0.092085034 0.201881170 0.188955247 0.981561244 0.010112681 -0.027039444 -0.666720152 0.248362705 -4.837224483 0.000000000 0.000000000 -12.000000000 0.000000000 0.000000000
1776613965.858317852 0.530399859 -0.091707654 0.201937050 0.188336715 0.981694937 0.009964143 -0.026553361 -0.655280352 0.217237130 -4.771046638 0.000000000 0.000000000 -12.000000000 0.000000000 0.000000000
1776613965.863656759 0.530199349 -0.091348678 0.201964110 0.187705517 0.981829703 0.009775470 -0.026106149 -0.643338561 0.186898664 -4.705948830 0.000000000 0.000000000 -12.000000000 0.000000000 0.000000000
1776613965.868807793 0.529915452 -0.091017067 0.201953381 0.187075824 0.981961250 0.009543048 -0.025760856 -0.630534589 0.157233894 -4.642025948 0.000000000 0.000000000 -12.000000000 0.000000000 0.000000000
1776613965.873662710 0.529613495 -0.090685137 0.201926470 0.186434686 0.982094049 0.009292782 -0.025437091 -0.616550207 0.128143340 -4.579351425 0.000000000 0.000000000 -12.000000000 0.000000000 0.000000000
1776613965.878887415 0.529295325 -0.090331569 0.201903403 0.185773075 0.982229412 0.009037693 -0.025141148 -0.601118147 0.099542968 -4.517978191 0.000000000 0.000000000 -12.000000000 0.000000000 0.000000000
1776613965.884025574 0.528947413 -0.089930631 0.201864362 0.185097679 0.982365489 0.008802771 -0.024887592 -0.584028423 0.071365081 -4.457940102 0.000000000 0.000000000 -12.000000000 0.000000000 0.000000000
1776613965.888647318 0.528529406 -0.089496478 0.201816857 0.184420884 0.982498705 0.008579324 -0.024731550 -0.565133631 0.043556102 -4.399255753 0.000000000 0.000000000 -12.000000000 0.000000000 0.000000000
1776613965.893273830 0.528024971 -0.088977158 0.201768726 0.183777899 0.982621014 0.008440897 -0.024706611 -0.544354141 0.016071213 -4.341930866 0.000000000 0.000000000 -12.000000000 0.000000000 0.000000000
1776613965.899878979 0.527530253 -0.088382088 0.201737434 0.183151841 0.982738435 0.008381534 -0.024705099 -0.521684885 -0.011132693 -4.285966873 0.000000000 0.000000000 -12.000000000 0.000000000 0.000000000
1776613965.903568506 0.526517749 -0.087015152 0.201728225 0.182000086 0.982949197 0.008485104 -0.024794932 -0.497198820 -0.038104132 -4.231363297 0.000000000 0.000000000 -12.000000000 0.000000000 0.000000000
1776613965.908814907 0.526517749 -0.087015152 0.201728225 0.182000086 0.982949197 0.008485104 -0.024794932 -0.471043110 -0.064902380 -4.178122520 0.000000000 0.000000000 -12.000000000 0.000000000 0.000000000
1776613965.913990498 0.525867641 -0.086199269 0.201696306 0.181473285 0.983038604 0.008673727 -0.025045419 -0.443427652 -0.091600150 -4.126248837 0.000000000 0.000000000 -12.000000000 0.000000000 0.000000000
1776613965.922785759 0.525147140 -0.085302927 0.201655149 0.180968240 0.983120143 0.008941913 -0.025402492 -0.414613396 -0.118283451 -4.075750351 0.000000000 0.000000000 -12.000000000 0.000000000 0.000000000
1776613965.924235582 0.523859680 -0.083278529 0.201644450 0.180118144 0.983251691 0.009839992 -0.026013521 -0.384902000 -0.145050868 -4.026638985 0.000000000 0.000000000 -12.000000000 0.000000000 0.000000000
1776613965.928566933 0.523859680 -0.083278529 0.201644450 0.180118144 0.983251691 0.009839992 -0.026013521 -0.354624242 -0.172016695 -3.978934526 0.000000000 0.000000000 -12.000000000 0.000000000 0.000000000
1776613965.933362961 0.523229539 -0.082210347 0.201639026 0.179799572 0.983295739 0.010421425 -0.026324846 -0.324126303 -0.199315980 -3.932661772 0.000000000 0.000000000 -12.000000000 0.000000000 0.000000000
1776613965.938338518 0.522618234 -0.081089161 0.201631486 0.179531395 0.983329296 0.011089554 -0.026626823 -0.293753743 -0.227105871 -3.887850523 0.000000000 0.000000000 -12.000000000 0.000000000 0.000000000
1776613965.943400621 0.522065222 -0.079873249 0.201630086 0.179268986 0.983361125 0.011860367 -0.026886448 -0.263834625 -0.255561799 -3.844536304 0.000000000 0.000000000 -12.000000000 0.000000000 0.000000000
1776613965.948672056 0.521622896 -0.078567885 0.201647162 0.178994298 0.983396351 0.012722157 -0.027033035 -0.234664828 -0.284871757 -3.802758694 0.000000000 0.000000000 -12.000000000 0.000000000 0.000000000
1776613965.953281164 0.521264613 -0.077212937 0.201676518 0.178732261 0.983429849 0.013652115 -0.027093932 -0.206496492 -0.315230370 -3.762561083 0.000000000 0.000000000 -12.000000000 0.000000000 0.000000000
1776613965.959887981 0.521000743 -0.075863585 0.201724440 0.178501084 0.983459711 0.014616496 -0.027032735 -0.179528013 -0.346833289 -3.723987818 0.000000000 0.000000000 -12.000000000 0.000000000 0.000000000
1776613965.964852333 0.520741880 -0.073200323 0.201800466 0.178044334 0.983524680 0.016549092 -0.026562041 -0.153894976 -0.379871041 -3.687081099 0.000000000 0.000000000 -12.000000000 0.000000000 0.000000000
1776613965.969814301 0.520741880 -0.073200323 0.201800466 0.178044334 0.983524680 0.016549092 -0.026562041 -0.129660398 -0.414520234 -3.651878119 0.000000000 0.000000000 -12.000000000 0.000000000 0.000000000
1776613965.973365307 0.520787656 -0.070754886 0.201836586 0.177499443 0.983617067 0.018250925 -0.025658635 -0.106806546 -0.450932056 -3.618408442 0.000000000 0.000000000 -12.000000000 0.000000000 0.000000000
1776613965.978629112 0.520787656 -0.070754886 0.201836586 0.177499443 0.983617067 0.018250925 -0.025658635 -0.085233048 -0.489220500 -3.586692095 0.000000000 0.000000000 -12.000000000 0.000000000 0.000000000
1776613965.983537912 0.520944834 -0.069550678 0.201849073 0.177145675 0.983681977 0.019035939 -0.025035812 -0.064762011 -0.529453397 -3.556738377 0.000000000 0.000000000 -12.000000000 0.000000000 0.000000000
1776613965.988325119 0.521150470 -0.068312369 0.201847017 0.176770896 0.983750582 0.019838225 -0.024357498 -0.045148022 -0.571650565 -3.528543949 0.000000000 0.000000000 -12.000000000 0.000000000 0.000000000
1776613965.994220257 0.521374345 -0.067115858 0.201852739 0.176399499 0.983818769 0.020607300 -0.023647610 -0.026092896 -0.615787506 -3.502091885 0.000000000 0.000000000 -12.000000000 0.000000000 0.000000000
1776613966.003065109 0.521581948 -0.065894529 0.201873720 0.176025510 0.983885169 0.021392697 -0.022964697 -0.007266880 -0.661800385 -3.477350950 0.000000000 0.000000000 -12.000000000 0.000000000 0.000000000
1776613966.004046202 0.522062719 -0.063376270 0.201961339 0.175288945 0.984011412 0.023043083 -0.021547813 0.011665799 -0.709589243 -3.454275846 0.000000000 0.000000000 -12.000000000 0.000000000 0.000000000
1776613966.008201599 0.522062719 -0.063376270 0.201961339 0.175288945 0.984011412 0.023043083 -0.021547813 0.031022171 -0.759019434 -3.432808399 0.000000000 0.000000000 -12.000000000 0.000000000 0.000000000
1776613966.013228655 0.522212386 -0.062014922 0.202011615 0.174917012 0.984068215 0.023944622 -0.020987818 0.051078584 -0.809922218 -3.412880421 0.000000000 0.000000000 -12.000000000 0.000000000 0.000000000
1776613966.018241644 0.522251248 -0.060611274 0.202041388 0.174563915 0.984116137 0.024882017 -0.020585790 0.072051369 -0.862095237 -3.394417048 0.000000000 0.000000000 -12.000000000 0.000000000 0.000000000
1776613966.023444653 0.522199512 -0.059211582 0.202072114 0.174252450 0.984152436 0.025837168 -0.020311350 0.094081052 -0.915302992 -3.377338171 0.000000000 0.000000000 -12.000000000 0.000000000 0.000000000
1776613966.028231144 0.521997631 -0.057872601 0.202082813 0.173937559 0.984186590 0.026713511 -0.020219835 0.117222100 -0.969274938 -3.361562252 0.000000000 0.000000000 -12.000000000 0.000000000 0.000000000
1776613966.033705950 0.521692991 -0.056546099 0.202089965 0.173601449 0.984222114 0.027546415 -0.020263566 0.141439155 -1.023702621 -3.347007036 0.000000000 0.000000000 -12.000000000 0.000000000 0.000000000
1776613966.038279057 0.521277606 -0.055189442 0.202088863 0.173205897 0.984265089 0.028344961 -0.020457884 0.166609943 -1.078237653 -3.333592653 0.000000000 0.000000000 -12.000000000 0.000000000 0.000000000
1776613966.043231487 0.520761788 -0.053820960 0.202088922 0.172742635 0.984318018 0.029087137 -0.020784888 0.192534253 -1.132492304 -3.321243286 0.000000000 0.000000000 -12.000000000 0.000000000 0.000000000
1776613966.048180580 0.520155907 -0.052490711 0.202060997 0.172244981 0.984375894 0.029754953 -0.021222696 0.218947217 -1.186044931 -3.309888840 0.000000000 0.000000000 -12.000000000 0.000000000 0.000000000
1776613966.054158688 0.519465983 -0.051250227 0.202016056 0.171720877 0.984438896 0.030310269 -0.021755068 0.245535433 -1.238446116 -3.299464941 0.000000000 0.000000000 -12.000000000 0.000000000 0.000000000
1776613966.058352470 0.518736422 -0.050158009 0.201960742 0.171149209 0.984514117 0.030688751 -0.022318283 0.271954179 -1.289222240 -3.289914370 0.000000000 0.000000000 -12.000000000 0.000000000 0.000000000
1776613966.063581467 0.518064260 -0.049156904 0.201919734 0.170526952 0.984602690 0.030956190 -0.022798445 0.297845900 -1.337875962 -3.281187534 0.000000000 0.000000000 -12.000000000 0.000000000 0.000000000
1776613966.068232775 0.517410696 -0.048195403 0.201874703 0.169830590 0.984707057 0.031131741 -0.023247430 0.322860688 -1.383890033 -3.273241282 0.000000000 0.000000000 -12.000000000 0.000000000 0.000000000
1776613966.074666262 0.516767025 -0.047307722 0.201823235 0.169084966 0.984822989 0.031203089 -0.023670398 0.346677214 -1.426737547 -3.266039133 0.000000000 0.000000000 -12.000000000 0.000000000 0.000000000
1776613966.078190327 0.516157568 -0.046522133 0.201762587 0.168332726 0.984943867 0.031176807 -0.024035912 0.369018495 -1.465896249 -3.259548903 0.000000000 0.000000000 -12.000000000 0.000000000 0.000000000
1776613966.083942175 0.515601695 -0.045823492 0.201693773 0.167577222 0.985068917 0.031070575 -0.024325956 0.389661342 -1.500865340 -3.253744841 0.000000000 0.000000000 -12.000000000 0.000000000 0.000000000
1776613966.088202953 0.515101254 -0.045197725 0.201631933 0.166795701 0.985202134 0.030878529 -0.024544017 0.408441573 -1.531179070 -3.248606443 0.000000000 0.000000000 -12.000000000 0.000000000 0.000000000
1776613966.093218327 0.514657676 -0.044563834 0.201576948 0.165955782 0.985347271 0.030650077 -0.024699328 0.425255805 -1.556415200 -3.244120121 0.000000000 0.000000000 -12.000000000 0.000000000 0.000000000
1776613966.098183155 0.514285266 -0.043935575 0.201548725 0.165094018 0.985497773 0.030402718 -0.024775775 0.440061480 -1.576203346 -3.240278006 0.000000000 0.000000000 -12.000000000 0.000000000 0.000000000
1776613966.104200602 0.513943255 -0.043335956 0.201530010 0.164282069 0.985641718 0.030101750 -0.024812726 0.452875376 -1.590231776 -3.237079144 0.000000000 0.000000000 -12.000000000 0.000000000 0.000000000
1776613966.109663486 0.513675988 -0.042795755 0.201524556 0.163574934 0.985771418 0.029746505 -0.024759738 0.463771462 -1.598252535 -3.234529495 0.000000000 0.000000000 -12.000000000 0.000000000 0.000000000
1776613966.113445044 0.513312042 -0.041805848 0.201533437 0.162545159 0.985972822 0.028946731 -0.024469342 0.472877532 -1.600086689 -3.232644320 0.000000000 0.000000000 -12.000000000 0.000000000 0.000000000
1776613966.119647026 0.513312042 -0.041805848 0.201533437 0.162545159 0.985972822 0.028946731 -0.024469342 0.480369955 -1.595627069 -3.231444836 0.000000000 0.000000000 -12.000000000 0.000000000 0.000000000
1776613966.123226166 0.513189912 -0.041320711 0.201524645 0.162200749 0.986047387 0.028508626 -0.024264505 0.486466050 -1.584839344 -3.230958223 0.000000000 0.000000000 -12.000000000 0.000000000 0.000000000
1776613966.128747463 0.513092995 -0.040817164 0.201506764 0.161945060 0.986107469 0.028064664 -0.024047660 0.491414815 -1.567763329 -3.231214046 0.000000000 0.000000000 -12.000000000 0.000000000 0.000000000
1776613966.133215189 0.513042390 -0.040317029 0.201496631 0.161747515 0.986159384 0.027597876 -0.023786115 0.495486856 -1.544510961 -3.232242346 0.000000000 0.000000000 -12.000000000 0.000000000 0.000000000
1776613966.139868736 0.513045490 -0.039840240 0.201502234 0.161596313 0.986205578 0.027105371 -0.023463003 0.498964995 -1.515264511 -3.234071732 0.000000000 0.000000000 -12.000000000 0.000000000 0.000000000
1776613966.144218683 0.513063788 -0.039352134 0.201500356 0.161463767 0.986248732 0.026609309 -0.023126394 0.502135813 -1.480272889 -3.236728430 0.000000000 0.000000000 -12.000000000 0.000000000 0.000000000
1776613966.149363756 0.513064027 -0.038848050 0.201489598 0.161320761 0.986292601 0.026104616 -0.022826836 0.505282223 -1.439845800 -3.240234613 0.000000000 0.000000000 -12.000000000 0.000000000 0.000000000
1776613966.153487921 0.513057470 -0.038341463 0.201483607 0.161172271 0.986336887 0.025592275 -0.022541966 0.508675456 -1.394345760 -3.244607449 0.000000000 0.000000000 -12.000000000 0.000000000 0.000000000
1776613966.158185244 0.513020515 -0.037840918 0.201457590 0.161011457 0.986381948 0.025068088 -0.022306591 0.512565434 -1.344181061 -3.249857903 0.000000000 0.000000000 -12.000000000 0.000000000 0.000000000
1776613966.163705826 0.512970388 -0.037347063 0.201420367 0.160817817 0.986431956 0.024518128 -0.022101322 0.517171621 -1.289799690 -3.255991936 0.000000000 0.000000000 -12.000000000 0.000000000 0.000000000
1776613966.168302059 0.512978792 -0.036861006 0.201409906 0.160593554 0.986487806 0.023968289 -0.021840014 0.522678435 -1.231682897 -3.263010263 0.000000000 0.000000000 -12.000000000 0.000000000 0.000000000
1776613966.174617529 0.512970209 -0.036380917 0.201403826 0.160338119 0.986548007 0.023415213 -0.021596404 0.529234111 -1.170339346 -3.270910263 0.000000000 0.000000000 -12.000000000 0.000000000 0.000000000
1776613966.178468704 0.512853146 -0.035833679 0.201361895 0.160056591 0.986607492 0.022914086 -0.021506894 0.536948860 -1.106302142 -3.279685259 0.000000000 0.000000000 -12.000000000 0.000000000 0.000000000
1776613966.183782578 0.512712717 -0.035187453 0.201306641 0.159774378 0.986662745 0.022517897 -0.021487877 0.545891345 -1.040127277 -3.289325476 0.000000000 0.000000000 -12.000000000 0.000000000 0.000000000
1776613966.188378572 0.512639165 -0.034522850 0.201272130 0.159522057 0.986712635 0.022186434 -0.021416256 0.556086361 -0.972393334 -3.299818754 0.000000000 0.000000000 -12.000000000 0.000000000 0.000000000
1776613966.193172932 0.512607634 -0.033816479 0.201259524 0.159318939 0.986752987 0.021947253 -0.021316383 0.567514360 -0.903700948 -3.311154127 0.000000000 0.000000000 -12.000000000 0.000000000 0.000000000
1776613966.198317528 0.512493491 -0.032954630 0.201233804 0.159159735 0.986779094 0.021885337 -0.021360073 0.580112100 -0.834674478 -3.323322773 0.000000000 0.000000000 -12.000000000 0.000000000 0.000000000
1776613966.203132391 0.512345850 -0.031976338 0.201204419 0.159024864 0.986796379 0.021962050 -0.021485120 0.593774199 -0.765962958 -3.336317062 0.000000000 0.000000000 -12.000000000 0.000000000 0.000000000
1776613966.208374500 0.512218177 -0.030952925 0.201170266 0.158943012 0.986802816 0.022132620 -0.021621434 0.608356535 -0.698234499 -3.350131750 0.000000000 0.000000000 -12.000000000 0.000000000 0.000000000
1776613966.213176489 0.512178004 -0.029889068 0.201159477 0.158931985 0.986796737 0.022415377 -0.021687897 0.623684168 -0.632165670 -3.364765406 0.000000000 0.000000000 -12.000000000 0.000000000 0.000000000
1776613966.219723940 0.512234092 -0.028799007 0.201172382 0.158943653 0.986787438 0.022766426 -0.021659454 0.639565468 -0.568430364 -3.380221605 0.000000000 0.000000000 -12.000000000 0.000000000 0.000000000
1776613966.223741293 0.512299955 -0.027664788 0.201180190 0.158941746 0.986779273 0.023158032 -0.021629820 0.655811489 -0.507688880 -3.396508694 0.000000000 0.000000000 -12.000000000 0.000000000 0.000000000
1776613966.228491783 0.512384415 -0.026529869 0.201171309 0.158905223 0.986777127 0.023544045 -0.021581100 0.672251940 -0.450574309 -3.413637877 0.000000000 0.000000000 -12.000000000 0.000000000 0.000000000
1776613966.233383417 0.512545288 -0.025383659 0.201156795 0.158808485 0.986786127 0.023931889 -0.021452703 0.688747466 -0.397677213 -3.431621313 0.000000000 0.000000000 -12.000000000 0.000000000 0.000000000
1776613966.238179684 0.512825727 -0.024194261 0.201150030 0.158652350 0.986806393 0.024354203 -0.021199452 0.705197453 -0.349536687 -3.450469732 0.000000000 0.000000000 -12.000000000 0.000000000 0.000000000
1776613966.243186474 0.513081551 -0.022978334 0.201121479 0.158465907 0.986829937 0.024790276 -0.020991437 0.721543372 -0.306636453 -3.470191956 0.000000000 0.000000000 -12.000000000 0.000000000 0.000000000
1776613966.248333216 0.513321877 -0.021749539 0.201085716 0.158276767 0.986852348 0.025252016 -0.020815210 0.737763643 -0.269401580 -3.490794420 0.000000000 0.000000000 -12.000000000 0.000000000 0.000000000
1776613966.253178835 0.513607323 -0.020522811 0.201073438 0.158094436 0.986873388 0.025744071 -0.020598764 0.753861129 -0.238193408 -3.512282133 0.000000000 0.000000000 -12.000000000 0.000000000 0.000000000
1776613966.258776188 0.513897181 -0.019249111 0.201085925 0.157937750 0.986887753 0.026306557 -0.020399963 0.769849181 -0.213305146 -3.534657478 0.000000000 0.000000000 -12.000000000 0.000000000 0.000000000
1776613966.263712406 0.514257371 -0.018013122 0.201131433 0.157775879 0.986904740 0.026851976 -0.020118417 0.785740077 -0.194955885 -3.557920456 0.000000000 0.000000000 -12.000000000 0.000000000 0.000000000
1776613966.268630743 0.514567375 -0.016891792 0.201164186 0.157608956 0.986924529 0.027278524 -0.019881923 0.801542103 -0.183279723 -3.582065582 0.000000000 0.000000000 -12.000000000 0.000000000 0.000000000
1776613966.274181128 0.514794767 -0.015773922 0.201175004 0.157398537 0.986950040 0.027666921 -0.019744685 0.817262530 -0.178313345 -3.607081175 0.000000000 0.000000000 -12.000000000 0.000000000 0.000000000
1776613966.278862953 0.515080094 -0.014616352 0.201195329 0.157138005 0.986984313 0.028066266 -0.019541543 0.832909763 -0.179991692 -3.632947206 0.000000000 0.000000000 -12.000000000 0.000000000 0.000000000
1776613966.284717083 0.515495002 -0.013435503 0.201249301 0.156884938 0.987018645 0.028513247 -0.019191658 0.848492503 -0.188155368 -3.659636259 0.000000000 0.000000000 -12.000000000 0.000000000 0.000000000
1776613966.288214207 0.516215503 -0.011072602 0.201270491 0.156621546 0.987040937 0.029510783 -0.018679885 0.864018738 -0.202568397 -3.687107801 0.000000000 0.000000000 -12.000000000 0.000000000 0.000000000
1776613966.294585943 0.516215503 -0.011072602 0.201270491 0.156621546 0.987040937 0.029510783 -0.018679885 0.879496157 -0.222939104 -3.715306044 0.000000000 0.000000000 -12.000000000 0.000000000 0.000000000
1776613966.298389435 0.516651452 -0.009895202 0.201273054 0.156581968 0.987036705 0.030059513 -0.018358428 0.894934118 -0.248933017 -3.744155884 0.000000000 0.000000000 -12.000000000 0.000000000 0.000000000
1776613966.304525375 0.517197490 -0.008650003 0.201297522 0.156583041 0.987024486 0.030706719 -0.017929502 0.910346866 -0.280176342 -3.773566484 0.000000000 0.000000000 -12.000000000 0.000000000 0.000000000
1776613966.308813334 0.518359065 -0.006180478 0.201352686 0.156611592 0.986994922 0.032003377 -0.017016547 0.925755084 -0.316257417 -3.803432703 0.000000000 0.000000000 -12.000000000 0.000000000 0.000000000
1776613966.314588547 0.518359065 -0.006180478 0.201352686 0.156611592 0.986994922 0.032003377 -0.017016547 0.941187620 -0.356728286 -3.833633184 0.000000000 0.000000000 -12.000000000 0.000000000 0.000000000
1776613966.318204880 0.518359065 -0.006180478 0.201352686 0.156611592 0.986994922 0.032003377 -0.017016547 0.956683874 -0.401104867 -3.864033699 0.000000000 0.000000000 -12.000000000 0.000000000 0.000000000
1776613966.324692726 0.519026875 -0.005086381 0.201379031 0.156658992 0.986978829 0.032563064 -0.016444810 0.972296596 -0.448866278 -3.894487381 0.000000000 0.000000000 -12.000000000 0.000000000 0.000000000
1776613966.328261614 0.520211220 -0.003023412 0.201332718 0.156603456 0.986972034 0.033494141 -0.015481674 0.988089800 -0.499455720 -3.924837828 0.000000000 0.000000000 -12.000000000 0.000000000 0.000000000
1776613966.334382057 0.520822525 -0.002080996 0.201301962 0.156497374 0.986985028 0.033836756 -0.014973524 1.004132032 -0.552284241 -3.954923391 0.000000000 0.000000000 -12.000000000 0.000000000 0.000000000
1776613966.338177443 0.521405458 -0.001203885 0.201273203 0.156334177 0.987009227 0.034093723 -0.014492352 1.020489812 -0.606736362 -3.984579563 0.000000000 0.000000000 -12.000000000 0.000000000 0.000000000
1776613966.343330145 0.521954298 -0.000361612 0.201253027 0.156075865 0.987050593 0.034267411 -0.014040760 1.037224293 -0.662177861 -4.013644218 0.000000000 0.000000000 -12.000000000 0.000000000 0.000000000
1776613966.348182917 0.522512972 0.000428271 0.201248735 0.155764386 0.987102926 0.034368970 -0.013568367 1.054389715 -0.717962921 -4.041963577 0.000000000 0.000000000 -12.000000000 0.000000000 0.000000000
1776613966.353353739 0.522908390 0.001128659 0.201209903 0.155429706 0.987159789 0.034358457 -0.013289288 1.072031379 -0.773440242 -4.069397926 0.000000000 0.000000000 -12.000000000 0.000000000 0.000000000
1776613966.359686852 0.523231328 0.001759760 0.201151431 0.155108064 0.987215698 0.034272823 -0.013117548 1.090178609 -0.827958226 -4.095828533 0.000000000 0.000000000 -12.000000000 0.000000000 0.000000000
1776613966.363884926 0.523520172 0.002336066 0.201079696 0.154764742 0.987276495 0.034113664 -0.013010620 1.108832240 -0.880870104 -4.121161938 0.000000000 0.000000000 -12.000000000 0.000000000 0.000000000
1776613966.369567871 0.523781002 0.002852637 0.201015562 0.154425487 0.987338543 0.033876173 -0.012954894 1.127958298 -0.931540787 -4.145335674 0.000000000 0.000000000 -12.000000000 0.000000000 0.000000000
1776613966.373172283 0.524015188 0.003317622 0.200967401 0.154076263 0.987404108 0.033563353 -0.012929797 1.147488475 -0.979356289 -4.168320656 0.000000000 0.000000000 -12.000000000 0.000000000 0.000000000
1776613966.378609180 0.524185896 0.003739692 0.200911939 0.153724700 0.987471521 0.033170070 -0.012979078 1.167325497 -1.023735046 -4.190126419 0.000000000 0.000000000 -12.000000000 0.000000000 0.000000000
1776613966.383339882 0.524318337 0.004131986 0.200835884 0.153360516 0.987541974 0.032713220 -0.013087360 1.187351704 -1.064138889 -4.210802078 0.000000000 0.000000000 -12.000000000 0.000000000 0.000000000
1776613966.388146877 0.524488211 0.004509341 0.200764030 0.152998567 0.987613201 0.032220718 -0.013170058 1.207436681 -1.100081325 -4.230435371 0.000000000 0.000000000 -12.000000000 0.000000000 0.000000000
1776613966.393156767 0.524488211 0.004509341 0.200764030 0.152998567 0.987613201 0.032220718 -0.013170058 1.227444768 -1.131133080 -4.249157429 0.000000000 0.000000000 -12.000000000 0.000000000 0.000000000
1776613966.398317814 0.524849117 0.005178103 0.200609654 0.152306691 0.987753093 0.031121416 -0.013339922 1.247241139 -1.156927466 -4.267140388 0.000000000 0.000000000 -12.000000000 0.000000000 0.000000000
1776613966.403215647 0.525007129 0.005456149 0.200543016 0.151993051 0.987819135 0.030500108 -0.013460930 1.266698480 -1.177166820 -4.284597397 0.000000000 0.000000000 -12.000000000 0.000000000 0.000000000
1776613966.409637690 0.525197029 0.005670771 0.200500160 0.151721075 0.987880230 0.029832337 -0.013543598 1.285702825 -1.191626430 -4.301778793 0.000000000 0.000000000 -12.000000000 0.000000000 0.000000000
1776613966.413574219 0.525386035 0.005859026 0.200468123 0.151482552 0.987936139 0.029144526 -0.013629464 1.304158568 -1.200157285 -4.318970680 0.000000000 0.000000000 -12.000000000 0.000000000 0.000000000
1776613966.419747114 0.525576591 0.006020427 0.200455278 0.151269212 0.987988412 0.028429920 -0.013721261 1.321993351 -1.202686906 -4.336491108 0.000000000 0.000000000 -12.000000000 0.000000000 0.000000000
1776613966.423311710 0.525811970 0.006158227 0.200457811 0.151080310 0.988037169 0.027707929 -0.013769435 1.339161754 -1.199219704 -4.354683399 0.000000000 0.000000000 -12.000000000 0.000000000 0.000000000
1776613966.428187132 0.526052177 0.006283368 0.200457871 0.150887191 0.988086224 0.026975783 -0.013818809 1.355649114 -1.189835072 -4.373910427 0.000000000 0.000000000 -12.000000000 0.000000000 0.000000000
1776613966.433189154 0.526258290 0.006413288 0.200448960 0.150688946 0.988134921 0.026241587 -0.013913821 1.371474862 -1.174685121 -4.394545078 0.000000000 0.000000000 -12.000000000 0.000000000 0.000000000
1776613966.438301325 0.526450455 0.006537043 0.200442731 0.150489703 0.988183081 0.025496904 -0.014035739 1.386691570 -1.153990388 -4.416964531 0.000000000 0.000000000 -12.000000000 0.000000000 0.000000000
1776613966.445884943 0.526694298 0.006657497 0.200459480 0.150286958 0.988231540 0.024761610 -0.014111290 1.401382565 -1.128034472 -4.441539764 0.000000000 0.000000000 -12.000000000 0.000000000 0.000000000
1776613966.449534178 0.527295411 0.006892938 0.200523973 0.149854124 0.988331735 0.023311911 -0.014165357 1.415658355 -1.097158194 -4.468631744 0.000000000 0.000000000 -12.000000000 0.000000000 0.000000000
1776613966.453320742 0.527295411 0.006892938 0.200523973 0.149854124 0.988331735 0.023311911 -0.014165357 1.429654598 -1.061752439 -4.498579979 0.000000000 0.000000000 -12.000000000 0.000000000 0.000000000
1776613966.458531618 0.527567804 0.007002294 0.200534642 0.149641067 0.988379657 0.022587983 -0.014247927 1.443527222 -1.022250891 -4.531698704 0.000000000 0.000000000 -12.000000000 0.000000000 0.000000000
1776613966.463230133 0.527860343 0.007103490 0.200523973 0.149429083 0.988426685 0.021871958 -0.014325910 1.457447052 -0.979120493 -4.568266392 0.000000000 0.000000000 -12.000000000 0.000000000 0.000000000
1776613966.468380928 0.528180599 0.007202618 0.200511575 0.149217859 0.988472998 0.021168526 -0.014388892 1.471592546 -0.932853401 -4.608522892 0.000000000 0.000000000 -12.000000000 0.000000000 0.000000000
1776613966.473174095 0.528476775 0.007299847 0.200484931 0.149015278 0.988516688 0.020468853 -0.014499111 1.486144423 -0.883959770 -4.652662277 0.000000000 0.000000000 -12.000000000 0.000000000 0.000000000
1776613966.478193998 0.528779685 0.007403956 0.200470626 0.148805067 0.988560796 0.019775115 -0.014611396 1.501279593 -0.832959771 -4.700832367 0.000000000 0.000000000 -12.000000000 0.000000000 0.000000000
1776613966.483709097 0.529146314 0.007510685 0.200471997 0.148584828 0.988606572 0.019096898 -0.014659208 1.517165422 -0.780375779 -4.753134727 0.000000000 0.000000000 -12.000000000 0.000000000 0.000000000
1776613966.488926888 0.529503763 0.007619720 0.200482547 0.148358241 0.988652408 0.018425142 -0.014721682 1.533957243 -0.726725340 -4.809625626 0.000000000 0.000000000 -12.000000000 0.000000000 0.000000000
1776613966.493458033 0.529811978 0.007748582 0.200473368 0.148132086 0.988696277 0.017764617 -0.014863833 1.551796794 -0.672515392 -4.870315552 0.000000000 0.000000000 -12.000000000 0.000000000 0.000000000
1776613966.498406649 0.530105889 0.007868447 0.200464129 0.147909120 0.988738716 0.017109940 -0.015031637 1.570809841 -0.618236065 -4.935172081 0.000000000 0.000000000 -12.000000000 0.000000000 0.000000000
1776613966.503225803 0.530416667 0.007982234 0.200437307 0.147699073 0.988778472 0.016469905 -0.015194410 1.591102004 -0.564354599 -5.004119873 0.000000000 0.000000000 -12.000000000 0.000000000 0.000000000
1776613966.508228302 0.530700982 0.008084906 0.200413346 0.147500798 0.988815427 0.015828583 -0.015393880 1.612758279 -0.511312068 -5.077045918 0.000000000 0.000000000 -12.000000000 0.000000000 0.000000000
1776613966.513156652 0.530983031 0.008171914 0.200393796 0.147302836 0.988851726 0.015180029 -0.015609320 1.635845780 -0.459520698 -5.153803349 0.000000000 0.000000000 -12.000000000 0.000000000 0.000000000
1776613966.518376112 0.531256616 0.008239318 0.200373977 0.147123083 0.988884628 0.014529641 -0.015837669 1.660416245 -0.409362674 -5.234214306 0.000000000 0.000000000 -12.000000000 0.000000000 0.000000000
1776613966.523210049 0.531533778 0.008293448 0.200348645 0.146946713 0.988916337 0.013879550 -0.016076414 1.686508656 -0.361187875 -5.318078518 0.000000000 0.000000000 -12.000000000 0.000000000 0.000000000
1776613966.528206110 0.531783938 0.008358872 0.200312614 0.146777809 0.988945484 0.013240485 -0.016362645 1.714151263 -0.315311253 -5.405175209 0.000000000 0.000000000 -12.000000000 0.000000000 0.000000000
1776613966.533191442 0.532057285 0.008420916 0.200278699 0.146594569 0.988976300 0.012608303 -0.016639937 1.743362904 -0.272010088 -5.495269299 0.000000000 0.000000000 -12.000000000 0.000000000 0.000000000
1776613966.539721727 0.532371759 0.008461684 0.200255483 0.146425366 0.989005268 0.011976847 -0.016875695 1.774156094 -0.231521681 -5.588117123 0.000000000 0.000000000 -12.000000000 0.000000000 0.000000000
1776613966.544563770 0.532720506 0.008495940 0.200257242 0.146253124 0.989034474 0.011356002 -0.017085973 1.806539774 -0.194042251 -5.683472633 0.000000000 0.000000000 -12.000000000 0.000000000 0.000000000
1776613966.549552202 0.533116281 0.008504453 0.200280637 0.146099627 0.989061356 0.010733852 -0.017243175 1.840522885 -0.159725964 -5.781090260 0.000000000 0.000000000 -12.000000000 0.000000000 0.000000000
1776613966.554356575 0.533523083 0.008505983 0.200298071 0.145929039 0.989090443 0.010112299 -0.017395640 1.876116514 -0.128684670 -5.880727768 0.000000000 0.000000000 -12.000000000 0.000000000 0.000000000
1776613966.559477806 0.533869207 0.008505663 0.200286001 0.145782664 0.989113986 0.009494184 -0.017631140 1.913333893 -0.100988634 -5.982148170 0.000000000 0.000000000 -12.000000000 0.000000000 0.000000000
1776613966.563191891 0.534214616 0.008482367 0.200258344 0.145636812 0.989136875 0.008866395 -0.017875534 1.952188611 -0.076668024 -6.085117340 0.000000000 0.000000000 -12.000000000 0.000000000 0.000000000
1776613966.568253994 0.534597516 0.008419395 0.200241804 0.145528451 0.989154577 0.008235323 -0.018081002 1.992693067 -0.055714853 -6.189408779 0.000000000 0.000000000 -12.000000000 0.000000000 0.000000000
1776613966.575321913 0.534974813 0.008352271 0.200217128 0.145418897 0.989171624 0.007611861 -0.018299410 2.034858227 -0.038084835 -6.294802189 0.000000000 0.000000000 -12.000000000 0.000000000 0.000000000
1776613966.578206778 0.535328269 0.008280985 0.200195134 0.145312011 0.989187360 0.006989183 -0.018544009 2.078694582 -0.023699412 -6.401087284 0.000000000 0.000000000 -12.000000000 0.000000000 0.000000000
1776613966.583705425 0.535675466 0.008204864 0.200180680 0.145205528 0.989202321 0.006367168 -0.018802319 2.124212980 -0.012448312 -6.508067131 0.000000000 0.000000000 -12.000000000 0.000000000 0.000000000
1776613966.588118076 0.536146820 0.008104563 0.200195640 0.145095706 0.989220142 0.005753577 -0.018912364 2.171428442 -0.004193338 -6.615558147 0.000000000 0.000000000 -12.000000000 0.000000000 0.000000000
1776613966.593171597 0.536676764 0.007976759 0.200231493 0.144984528 0.989238977 0.005136995 -0.018955149 2.220363379 0.001226802 -6.723393440 0.000000000 0.000000000 -12.000000000 0.000000000 0.000000000
1776613966.598667145 0.537250638 0.007846602 0.200263411 0.144848928 0.989261985 0.004529299 -0.018946076 2.271049976 0.003991686 -6.831418991 0.000000000 0.000000000 -12.000000000 0.000000000 0.000000000
1776613966.603127718 0.537867188 0.007714998 0.200281054 0.144694552 0.989288330 0.003926508 -0.018886579 2.323533058 0.004294696 -6.939491749 0.000000000 0.000000000 -12.000000000 0.000000000 0.000000000
1776613966.608179808 0.538529754 0.007575181 0.200279593 0.144526809 0.989317298 0.003328704 -0.018768108 2.377870798 0.002338643 -7.047476768 0.000000000 0.000000000 -12.000000000 0.000000000 0.000000000
1776613966.613146782 0.539233744 0.007423497 0.200278342 0.144345954 0.989348769 0.002736053 -0.018596180 2.434134483 -0.001668646 -7.155241489 0.000000000 0.000000000 -12.000000000 0.000000000 0.000000000
1776613966.618605614 0.540016711 0.007248726 0.200297534 0.144167334 0.989381313 0.002145295 -0.018323267 2.492405653 -0.007518830 -7.262657166 0.000000000 0.000000000 -12.000000000 0.000000000 0.000000000
1776613966.623348475 0.540906906 0.007071346 0.200325102 0.143996745 0.989414692 0.001575678 -0.017917514 2.552771807 -0.015007538 -7.369594574 0.000000000 0.000000000 -12.000000000 0.000000000 0.000000000
1776613966.629906416 0.541837275 0.006903676 0.200340629 0.143802628 0.989451826 0.001021736 -0.017460477 2.615322113 -0.023938620 -7.475926399 0.000000000 0.000000000 -12.000000000 0.000000000 0.000000000
1776613966.633337736 0.543804884 0.006579637 0.200354457 0.143388286 0.989530206 -0.000052834 -0.016425338 2.680145264 -0.034127783 -7.581521511 0.000000000 0.000000000 -12.000000000 0.000000000 0.000000000
1776613966.639263868 0.543804884 0.006579637 0.200354457 0.143388286 0.989530206 -0.000052834 -0.016425338 2.747322559 -0.045405168 -7.686248779 0.000000000 0.000000000 -12.000000000 0.000000000 0.000000000
1776613966.643315792 0.544898808 0.006431085 0.200384140 0.143205106 0.989567101 -0.000554068 -0.015779361 2.816919565 -0.057616808 -7.789975166 0.000000000 0.000000000 -12.000000000 0.000000000 0.000000000
1776613966.648694038 0.546037853 0.006289285 0.200427145 0.143023267 0.989603937 -0.001039854 -0.015075003 2.888979912 -0.070625290 -7.892567158 0.000000000 0.000000000 -12.000000000 0.000000000 0.000000000
1776613966.653097630 0.547179878 0.006168989 0.200465441 0.142837748 0.989640772 -0.001493504 -0.014362725 2.963520050 -0.084310584 -7.993892193 0.000000000 0.000000000 -12.000000000 0.000000000 0.000000000
1776613966.658623457 0.548271239 0.006103170 0.200472146 0.142682120 0.989671767 -0.001890465 -0.013713776 3.040523052 -0.098572575 -8.093813896 0.000000000 0.000000000 -12.000000000 0.000000000 0.000000000
1776613966.664706945 0.549359500 0.006059804 0.200477064 0.142581508 0.989694178 -0.002250907 -0.013072443 3.119934082 -0.113334902 -8.192196846 0.000000000 0.000000000 -12.000000000 0.000000000 0.000000000
1776613966.668401003 0.550512731 0.006037815 0.200491965 0.142552629 0.989706695 -0.002544794 -0.012366933 3.201653957 -0.128548220 -8.288904190 0.000000000 0.000000000 -12.000000000 0.000000000 0.000000000
1776613966.673604012 0.551665902 0.006061756 0.200497687 0.142527312 0.989718199 -0.002774669 -0.011667337 3.285536289 -0.144191816 -8.383800507 0.000000000 0.000000000 -12.000000000 0.000000000 0.000000000
1776613966.678345919 0.552762747 0.006133551 0.200485557 0.142538354 0.989723206 -0.002940872 -0.011049813 3.371382236 -0.160273239 -8.476753235 0.000000000 0.000000000 -12.000000000 0.000000000 0.000000000
1776613966.683274508 0.553838432 0.006282528 0.200490505 0.142592937 0.989721417 -0.003025618 -0.010467952 3.458936930 -0.176826656 -8.567631721 0.000000000 0.000000000 -12.000000000 0.000000000 0.000000000
1776613966.688262701 0.554953396 0.006490092 0.200524896 0.142691404 0.989713550 -0.003013951 -0.009859177 3.547887325 -0.193911195 -8.656311989 0.000000000 0.000000000 -12.000000000 0.000000000 0.000000000
1776613966.693188906 0.556006372 0.006736201 0.200562358 0.142795593 0.989703774 -0.002942997 -0.009338480 3.637859821 -0.211609930 -8.742679596 0.000000000 0.000000000 -12.000000000 0.000000000 0.000000000
1776613966.699164391 0.557117224 0.007006208 0.200617105 0.142916471 0.989691973 -0.002820444 -0.008756165 3.728431940 -0.230028644 -8.826633453 0.000000000 0.000000000 -12.000000000 0.000000000 0.000000000
1776613966.703199148 0.558165610 0.007314409 0.200643003 0.143081263 0.989673018 -0.002642887 -0.008250408 3.819147110 -0.249294221 -8.908089638 0.000000000 0.000000000 -12.000000000 0.000000000 0.000000000
1776613966.708439350 0.559138238 0.007665191 0.200622022 0.143235207 0.989654601 -0.002428804 -0.007842301 3.909530401 -0.269552261 -8.986988068 0.000000000 0.000000000 -12.000000000 0.000000000 0.000000000
1776613966.713201761 0.560007393 0.008015580 0.200555146 0.143344387 0.989641488 -0.002222613 -0.007559499 3.999098539 -0.290962994 -9.063285828 0.000000000 0.000000000 -12.000000000 0.000000000 0.000000000
1776613966.718149662 0.560913980 0.008350920 0.200497270 0.143423110 0.989632964 -0.002005252 -0.007239094 4.087365150 -0.313694090 -9.136969566 0.000000000 0.000000000 -12.000000000 0.000000000 0.000000000
1776613966.724659443 0.561836839 0.008663262 0.200469255 0.143476680 0.989628017 -0.001801811 -0.006900714 4.173840523 -0.337910831 -9.208049774 0.000000000 0.000000000 -12.000000000 0.000000000 0.000000000
1776613966.728160381 0.562679410 0.008951322 0.200454086 0.143502951 0.989626169 -0.001640432 -0.006656382 4.258032322 -0.363765597 -9.276569366 0.000000000 0.000000000 -12.000000000 0.000000000 0.000000000
1776613966.734649658 0.563544750 0.009210736 0.200470597 0.143492639 0.989629686 -0.001506571 -0.006375680 4.339450359 -0.391388625 -9.342600822 0.000000000 0.000000000 -12.000000000 0.000000000 0.000000000
1776613966.738471270 0.564398766 0.009437853 0.200500578 0.143440932 0.989639044 -0.001413216 -0.006102466 4.417609692 -0.420882344 -9.406247139 0.000000000 0.000000000 -12.000000000 0.000000000 0.000000000
1776613966.744488001 0.565180779 0.009622648 0.200505614 0.143360913 0.989651918 -0.001378151 -0.005905038 4.492044926 -0.452318728 -9.467638016 0.000000000 0.000000000 -12.000000000 0.000000000 0.000000000
1776613966.748366833 0.565869033 0.009762909 0.200472981 0.143266171 0.989666104 -0.001408118 -0.005820320 4.562316895 -0.485736609 -9.526931763 0.000000000 0.000000000 -12.000000000 0.000000000 0.000000000
1776613966.754627705 0.566546917 0.009892513 0.200448692 0.143152833 0.989682853 -0.001463942 -0.005743330 4.628020763 -0.521139145 -9.584310532 0.000000000 0.000000000 -12.000000000 0.000000000 0.000000000
1776613966.758284569 0.567206502 0.009996799 0.200430453 0.143038645 0.989699543 -0.001547294 -0.005692971 4.688788891 -0.558492780 -9.639980316 0.000000000 0.000000000 -12.000000000 0.000000000 0.000000000
1776613966.764637470 0.567890108 0.010093518 0.200437129 0.142946437 0.989713192 -0.001613905 -0.005611700 4.744294643 -0.597728372 -9.694170952 0.000000000 0.000000000 -12.000000000 0.000000000 0.000000000
1776613966.768290520 0.568548322 0.010202438 0.200442106 0.142864197 0.989725232 -0.001668122 -0.005568649 4.794260025 -0.638746202 -9.747130394 0.000000000 0.000000000 -12.000000000 0.000000000 0.000000000
1776613966.774408340 0.569236338 0.010308542 0.200469255 0.142793566 0.989735782 -0.001712951 -0.005488696 4.838459492 -0.681422472 -9.799119949 0.000000000 0.000000000 -12.000000000 0.000000000 0.000000000
1776613966.778889656 0.569937587 0.010409963 0.200500935 0.142738149 0.989744246 -0.001743328 -0.005398925 4.876725674 -0.725616455 -9.850414276 0.000000000 0.000000000 -12.000000000 0.000000000 0.000000000
1776613966.784546375 0.570661426 0.010524394 0.200522035 0.142687455 0.989752114 -0.001749505 -0.005284997 4.908953190 -0.771176815 -9.901288986 0.000000000 0.000000000 -12.000000000 0.000000000 0.000000000
1776613966.789549589 0.571368933 0.010683677 0.200531483 0.142636478 0.989760041 -0.001713808 -0.005191901 4.935100079 -0.817947149 -9.952024460 0.000000000 0.000000000 -12.000000000 0.000000000 0.000000000
1776613966.794566870 0.572753012 0.011133988 0.200522661 0.142625809 0.989762664 -0.001447118 -0.005067892 4.955188274 -0.865771413 -10.002897263 0.000000000 0.000000000 -12.000000000 0.000000000 0.000000000
1776613966.799140930 0.573483944 0.011396321 0.200523198 0.142696068 0.989753366 -0.001204041 -0.004970932 4.969304085 -0.914500058 -10.054174423 0.000000000 0.000000000 -12.000000000 0.000000000 0.000000000
1776613966.803990841 0.573483944 0.011396321 0.200523198 0.142696068 0.989753366 -0.001204041 -0.004970932 4.977590084 -0.963996947 -10.106113434 0.000000000 0.000000000 -12.000000000 0.000000000 0.000000000
1776613966.809355021 0.574258864 0.011702776 0.200531721 0.142804250 0.989738762 -0.000876175 -0.004830016 4.980242729 -1.014145255 -10.158951759 0.000000000 0.000000000 -12.000000000 0.000000000 0.000000000
1776613966.813686132 0.575035095 0.012061920 0.200536966 0.142939642 0.989720166 -0.000474740 -0.004698329 4.977505684 -1.064850688 -10.212906837 0.000000000 0.000000000 -12.000000000 0.000000000 0.000000000
1776613966.818726301 0.575758696 0.012453912 0.200529724 0.143102810 0.989696920 -0.000026481 -0.004643564 4.969659805 -1.116041660 -10.268169403 0.000000000 0.000000000 -12.000000000 0.000000000 0.000000000
1776613966.824595213 0.576498926 0.012863797 0.200539500 0.143301070 0.989668429 0.000471395 -0.004579557 4.957009315 -1.167666554 -10.324902534 0.000000000 0.000000000 -12.000000000 0.000000000 0.000000000
1776613966.828526020 0.577304363 0.013293646 0.200582653 0.143533647 0.989634931 0.001032089 -0.004447415 4.939870834 -1.219689608 -10.383239746 0.000000000 0.000000000 -12.000000000 0.000000000 0.000000000
1776613966.834197521 0.578050196 0.013722218 0.200611860 0.143800199 0.989595711 0.001614753 -0.004390254 4.918563366 -1.272085905 -10.443284988 0.000000000 0.000000000 -12.000000000 0.000000000 0.000000000
1776613966.838958025 0.578750014 0.014153049 0.200621426 0.144095883 0.989551485 0.002218952 -0.004396211 4.893407822 -1.324838281 -10.505114555 0.000000000 0.000000000 -12.000000000 0.000000000 0.000000000
1776613966.843143940 0.579406500 0.014581797 0.200606287 0.144412562 0.989503443 0.002837370 -0.004457892 4.864723682 -1.377933264 -10.568778992 0.000000000 0.000000000 -12.000000000 0.000000000 0.000000000
1776613966.848365545 0.580021322 0.015000645 0.200569510 0.144744366 0.989452481 0.003455872 -0.004576069 4.832828045 -1.431358695 -10.634306908 0.000000000 0.000000000 -12.000000000 0.000000000 0.000000000
1776613966.853171110 0.580610156 0.015407206 0.200517833 0.145092458 0.989398360 0.004077564 -0.004733363 4.798032761 -1.485101104 -10.701704979 0.000000000 0.000000000 -12.000000000 0.000000000 0.000000000
1776613966.858212233 0.581187487 0.015789550 0.200466990 0.145457312 0.989341199 0.004693260 -0.004908207 4.760641098 -1.539141417 -10.770965576 0.000000000 0.000000000 -12.000000000 0.000000000 0.000000000
1776613966.863196135 0.581766546 0.016165068 0.200446248 0.145825371 0.989283025 0.005306277 -0.005085545 4.720944405 -1.593451262 -10.842069626 0.000000000 0.000000000 -12.000000000 0.000000000 0.000000000
1776613966.869476795 0.582352817 0.016540121 0.200449169 0.146189243 0.989224970 0.005918376 -0.005256080 4.679218292 -1.647990108 -10.914988518 0.000000000 0.000000000 -12.000000000 0.000000000 0.000000000
1776613966.873229027 0.582912207 0.016886376 0.200450420 0.146567807 0.989164114 0.006510938 -0.005457673 4.635725975 -1.702704787 -10.989692688 0.000000000 0.000000000 -12.000000000 0.000000000 0.000000000
1776613966.878488064 0.583384156 0.017181011 0.200421363 0.146957815 0.989100873 0.007048124 -0.005758342 4.590716839 -1.757531524 -11.066154480 0.000000000 0.000000000 -12.000000000 0.000000000 0.000000000
1776613966.883172750 0.583794773 0.017439716 0.200374573 0.147355616 0.989035726 0.007545719 -0.006137121 4.544433117 -1.812398434 -11.144348145 0.000000000 0.000000000 -12.000000000 0.000000000 0.000000000
1776613966.889608622 0.584205210 0.017662778 0.200333923 0.147754416 0.988970220 0.008011346 -0.006511026 4.497108936 -1.867225885 -11.224260330 0.000000000 0.000000000 -12.000000000 0.000000000 0.000000000
1776613966.893303633 0.584612608 0.017857794 0.200309902 0.148162976 0.988902807 0.008457296 -0.006888030 4.448972225 -1.921926856 -11.305886269 0.000000000 0.000000000 -12.000000000 0.000000000 0.000000000
1776613966.899595976 0.584986627 0.018024502 0.200295925 0.148572952 0.988834739 0.008871843 -0.007298305 4.400243282 -1.976407170 -11.389236450 0.000000000 0.000000000 -12.000000000 0.000000000 0.000000000
1776613966.903174639 0.585330486 0.018144257 0.200283200 0.148984849 0.988766015 0.009236817 -0.007745072 4.351135254 -2.030566692 -11.474333763 0.000000000 0.000000000 -12.000000000 0.000000000 0.000000000
1776613966.909440279 0.585685730 0.018246291 0.200296849 0.149395913 0.988697171 0.009587626 -0.008174831 4.301858902 -2.084300518 -11.561218262 0.000000000 0.000000000 -12.000000000 0.000000000 0.000000000
1776613966.913156509 0.586360514 0.018395294 0.200325727 0.150202557 0.988560796 0.010214593 -0.009075288 4.252620697 -2.137500763 -11.649946213 0.000000000 0.000000000 -12.000000000 0.000000000 0.000000000
1776613966.918449640 0.586360514 0.018395294 0.200325727 0.150202557 0.988560796 0.010214593 -0.009075288 4.203628540 -2.190055847 -11.740584373 0.000000000 0.000000000 -12.000000000 0.000000000 0.000000000
1776613966.923122406 0.586637020 0.018457396 0.200318038 0.150604770 0.988491654 0.010507255 -0.009593192 4.155092239 -2.241852045 -11.833210945 0.000000000 0.000000000 -12.000000000 0.000000000 0.000000000
1776613966.928140640 0.586882114 0.018491551 0.200299919 0.151015505 0.988420606 0.010775062 -0.010144553 4.107227802 -2.292775393 -11.927906990 0.000000000 0.000000000 -12.000000000 0.000000000 0.000000000
1776613966.933275461 0.587117076 0.018487317 0.200276166 0.151442185 0.988346756 0.011018943 -0.010703301 4.060256481 -2.342711210 -12.024749756 0.000000000 0.000000000 -12.000000000 0.000000000 0.000000000
1776613966.939520836 0.587384284 0.018474102 0.200264782 0.151883706 0.988270342 0.011272091 -0.011225558 4.014406204 -2.391545534 -12.123808861 0.000000000 0.000000000 -12.000000000 0.000000000 0.000000000
1776613966.944453239 0.587668359 0.018457644 0.200249553 0.152337894 0.988191605 0.011535454 -0.011725889 3.969908237 -2.439164639 -12.225134850 0.000000000 0.000000000 -12.000000000 0.000000000 0.000000000
1776613966.948128700 0.587973654 0.018421810 0.200242698 0.152808368 0.988110065 0.011797236 -0.012203571 3.926995039 -2.485453129 -12.328758240 0.000000000 0.000000000 -12.000000000 0.000000000 0.000000000
1776613966.953120232 0.588337958 0.018378543 0.200259268 0.153291255 0.988026857 0.012073344 -0.012606659 3.885897636 -2.530294895 -12.434682846 0.000000000 0.000000000 -12.000000000 0.000000000 0.000000000
