ply
format ascii 1.0
element vertex 6623
property float x
property float y
property float z
property uchar red
property uchar green
property uchar blue
end_header
0.672966 -0.091118 0.229794 255 0 0
0.673995 -0.091566 0.229732 255 0 0
0.676356 -0.091868 0.228927 255 0 0
0.677388 -0.092320 0.228865 255 0 0
0.667899 -0.092451 0.231042 0 0 0
0.669966 -0.092630 0.230257 0 0 0
0.671241 -0.093184 0.230179 0 0 0
0.672754 -0.093855 0.230099 255 0 0
0.674027 -0.094422 0.230022 255 0 0
0.676354 -0.094703 0.229220 0 0 0
0.677376 -0.095149 0.229158 255 0 0
0.665169 -0.094072 0.231500 255 0 0
0.666402 -0.094621 0.231436 255 0 0
0.667694 -0.095195 0.231357 255 0 0
0.669980 -0.095460 0.230556 255 0 0
0.671264 -0.096020 0.230479 255 0 0
0.672555 -0.096591 0.230400 255 0 0
0.674872 -0.096866 0.229599 255 0 0
0.675899 -0.097329 0.229532 255 0 0
0.660358 -0.095514 0.232768 255 0 0
0.661579 -0.096056 0.232704 255 0 0
0.662864 -0.096625 0.232624 255 0 0
0.665167 -0.096898 0.231821 255 0 0
0.666215 -0.097351 0.231745 255 0 0
0.668518 -0.097620 0.230943 255 0 0
0.669802 -0.098188 0.230864 255 0 0
0.671084 -0.098756 0.230784 255 0 0
0.673394 -0.099028 0.229982 255 0 0
0.674459 -0.099496 0.229903 255 0 0
0.676595 -0.099681 0.229099 255 0 0
0.678499 -0.099792 0.228307 255 0 0
0.657425 -0.097101 0.233223 255 0 0
0.658675 -0.097587 0.233170 255 0 0
0.660141 -0.098317 0.233077 255 0 0
0.661379 -0.098866 0.233001 255 0 0
0.663723 -0.099072 0.232212 0 0 0
0.664728 -0.099586 0.232123 0 0 0
0.667065 -0.099784 0.231335 255 0 0
0.668341 -0.100348 0.231255 0 0 0
0.669616 -0.100913 0.231176 0 0 0
0.671926 -0.101187 0.230372 0 0 0
0.672977 -0.101651 0.230295 255 0 0
0.675325 -0.101941 0.229488 255 0 0
0.676326 -0.102388 0.229426 255 0 0
0.653612 -0.097363 0.233053 255 0 0
0.654812 -0.097893 0.232994 255 0 0
0.656227 -0.098510 0.232994 255 0 0
0.657172 -0.099703 0.233479 255 0 0
0.659400 -0.099834 0.232786 255 0 0
0.660665 -0.100409 0.232703 255 0 0
0.661854 -0.101089 0.232599 0 0 0
0.664203 -0.101237 0.231820 0 0 0
0.665370 -0.101915 0.231717 0 0 0
0.666864 -0.102599 0.231633 255 0 0
0.668107 -0.103145 0.231558 255 0 0
0.670461 -0.103340 0.230770 255 0 0
0.671502 -0.103799 0.230693 255 0 0
0.673817 -0.104076 0.229887 255 0 0
0.675094 -0.104642 0.229808 255 0 0
0.676362 -0.105197 0.229730 255 0 0
0.678448 -0.105392 0.228937 255 0 0
0.650706 -0.098978 0.233513 255 0 0
0.651899 -0.099498 0.233452 255 0 0
0.653372 -0.100152 0.233375 255 0 0
0.654820 -0.100790 0.233301 255 0 0
0.656300 -0.101371 0.233239 255 0 0
0.657720 -0.102070 0.233152 255 0 0
0.658971 -0.102622 0.233068 255 0 0
0.661291 -0.102832 0.232281 255 0 0
0.662282 -0.103333 0.232195 255 0 0
0.664674 -0.103462 0.231419 255 0 0
0.665916 -0.104007 0.231344 255 0 0
0.667382 -0.104662 0.231267 255 0 0
0.668811 -0.105385 0.231174 255 0 0
0.670052 -0.105938 0.231097 255 0 0
0.672348 -0.106214 0.230289 255 0 0
0.673593 -0.106766 0.230212 255 0 0
0.675097 -0.107435 0.230134 0 0 0
0.676285 -0.107968 0.230072 0 0 0
0.645916 -0.098022 0.232698 255 0 0
0.646975 -0.098542 0.232695 255 0 0
0.648238 -0.099734 0.233233 255 0 0
0.649610 -0.100309 0.233233 255 0 0
0.651053 -0.100930 0.233165 255 0 0
0.652496 -0.101573 0.233089 255 0 0
0.653937 -0.102215 0.233015 255 0 0
0.655374 -0.102860 0.232939 255 0 0
0.656846 -0.103525 0.232859 255 0 0
0.658038 -0.104128 0.232771 255 0 0
0.660335 -0.104327 0.231987 255 0 0
0.661571 -0.104865 0.231905 255 0 0
0.663000 -0.105604 0.231809 255 0 0
0.664406 -0.106334 0.231716 255 0 0
0.665841 -0.106977 0.231640 255 0 0
0.667285 -0.107619 0.231565 255 0 0
0.668729 -0.108261 0.231490 255 0 0
0.670170 -0.108905 0.231416 255 0 0
0.671613 -0.109549 0.231341 255 0 0
0.673081 -0.110200 0.231265 0 0 0
0.674311 -0.110742 0.231191 0 0 0
0.676699 -0.110957 0.230396 0 0 0
0.677659 -0.111376 0.230337 255 0 0
0.642081 -0.098347 0.232524 255 0 0
0.643137 -0.098865 0.232520 255 0 0
0.644371 -0.100132 0.233051 255 0 0
0.645603 -0.100710 0.233105 255 0 0
0.646806 -0.101976 0.233633 255 0 0
0.648116 -0.102618 0.233616 255 0 0
0.649559 -0.103270 0.233542 255 0 0
0.650995 -0.103909 0.233468 255 0 0
0.652431 -0.104547 0.233393 255 0 0
0.653892 -0.105194 0.233317 255 0 0
0.655116 -0.105732 0.233242 255 0 0
0.657466 -0.105853 0.232465 255 0 0
0.658614 -0.106524 0.232363 0 0 0
0.660096 -0.107203 0.232280 0 0 0
0.661322 -0.107740 0.232205 0 0 0
0.663692 -0.107837 0.231434 0 0 0
0.664922 -0.108377 0.231359 255 0 0
0.666387 -0.109027 0.231282 255 0 0
0.667828 -0.109668 0.231208 255 0 0
0.669270 -0.110308 0.231133 255 0 0
0.670711 -0.110949 0.231059 255 0 0
0.672153 -0.111590 0.230984 255 0 0
0.673587 -0.112230 0.230908 255 0 0
0.674986 -0.112941 0.230818 255 0 0
0.676463 -0.113617 0.230739 0 0 0
0.677633 -0.114140 0.230678 0 0 0
0.639564 -0.099322 0.232354 255 0 0
0.640529 -0.100460 0.232866 255 0 0
0.641858 -0.101093 0.232864 255 0 0
0.643266 -0.101612 0.232874 255 0 0
0.644424 -0.102930 0.233393 0 0 0
0.645774 -0.103506 0.233388 0 0 0
0.647211 -0.104105 0.233326 0 0 0
0.648689 -0.104680 0.233265 0 0 0
0.650127 -0.105314 0.233191 0 0 0
0.651561 -0.105951 0.233117 255 0 0
0.652994 -0.106588 0.233043 255 0 0
0.654448 -0.107258 0.232961 255 0 0
0.655585 -0.107934 0.232858 255 0 0
0.657940 -0.108050 0.232081 255 0 0
0.659163 -0.108587 0.232006 0 0 0
0.660621 -0.109254 0.231925 0 0 0
0.661970 -0.110042 0.231820 0 0 0
0.663403 -0.110700 0.231741 0 0 0
0.664839 -0.111338 0.231666 255 0 0
0.666277 -0.111977 0.231592 255 0 0
0.667708 -0.112590 0.231524 255 0 0
0.669192 -0.113163 0.231462 255 0 0
0.670642 -0.113805 0.231391 255 0 0
0.671977 -0.114479 0.231394 255 0 0
0.672893 -0.115571 0.231877 255 0 0
0.675169 -0.115828 0.231164 255 0 0
0.676119 -0.116249 0.231103 255 0 0
0.635738 -0.099650 0.232185 255 0 0
0.636711 -0.100766 0.232705 255 0 0
0.638078 -0.101345 0.232709 255 0 0
0.639585 -0.101923 0.232653 0 0 0
0.640883 -0.102539 0.232639 0 0 0
0.642044 -0.103891 0.233154 0 0 0
0.643387 -0.104463 0.233149 255 0 0
0.644832 -0.105095 0.233083 0 0 0
0.646142 -0.105750 0.233063 0 0 0
0.647243 -0.107085 0.233448 0 0 0
0.648599 -0.107635 0.233564 0 0 0
0.650063 -0.108272 0.233508 0 0 0
0.651516 -0.108916 0.233432 255 0 0
0.652728 -0.109449 0.233358 255 0 0
0.655077 -0.109569 0.232579 255 0 0
0.656210 -0.110245 0.232475 255 0 0
0.657686 -0.110923 0.232392 255 0 0
0.658900 -0.111457 0.232318 255 0 0
0.661272 -0.111550 0.231544 0 0 0
0.662491 -0.112084 0.231470 0 0 0
0.663949 -0.112730 0.231393 0 0 0
0.665392 -0.113375 0.231321 0 0 0
0.666709 -0.114032 0.231310 255 0 0
0.667794 -0.115342 0.231810 255 0 0
0.669100 -0.115970 0.231804 255 0 0
0.670595 -0.116544 0.231746 0 0 0
0.672072 -0.117114 0.231685 0 0 0
0.673476 -0.117809 0.231599 0 0 0
0.674690 -0.118352 0.231523 0 0 0
0.677036 -0.118664 0.230706 255 0 0
0.677973 -0.119084 0.230646 255 0 0
0.633373 -0.100611 0.231946 255 0 0
0.634365 -0.101723 0.232471 255 0 0
0.635627 -0.102244 0.232541 255 0 0
0.636806 -0.103586 0.233066 255 0 0
0.638100 -0.104220 0.233047 255 0 0
0.639545 -0.104858 0.232976 255 0 0
0.641020 -0.105425 0.232916 255 0 0
0.642442 -0.106042 0.232846 255 0 0
0.643871 -0.106678 0.232772 255 0 0
0.645336 -0.107313 0.232716 255 0 0
0.646700 -0.107841 0.232835 255 0 0
0.647817 -0.109100 0.233228 255 0 0
0.649141 -0.109753 0.233219 0 0 0
0.650577 -0.110393 0.233147 0 0 0
0.652020 -0.111042 0.233070 0 0 0
0.653185 -0.111643 0.232981 0 0 0
0.655547 -0.111758 0.232202 255 0 0
0.656761 -0.112291 0.232128 255 0 0
0.658205 -0.112937 0.232051 255 0 0
0.659596 -0.113668 0.231957 255 0 0
0.660979 -0.114373 0.231870 255 0 0
0.662448 -0.114943 0.231809 255 0 0
0.663882 -0.115574 0.231735 0 0 0
0.665315 -0.116205 0.231662 0 0 0
0.666802 -0.116781 0.231604 0 0 0
0.668108 -0.117411 0.231599 255 0 0
0.669183 -0.118717 0.232098 0 0 0
0.670491 -0.119371 0.232088 0 0 0
0.671926 -0.120013 0.232017 0 0 0
0.673379 -0.120657 0.231941 0 0 0
0.674583 -0.121193 0.231867 0 0 0
0.676711 -0.121307 0.231081 0 0 0
0.628623 -0.099800 0.231014 255 0 0
0.629723 -0.100249 0.231034 255 0 0
0.630901 -0.101449 0.231643 255 0 0
0.632019 -0.102723 0.232239 255 0 0
0.633219 -0.103275 0.232292 255 0 0
0.634423 -0.104545 0.232822 255 0 0
0.635781 -0.105112 0.232828 0 0 0
0.637213 -0.105729 0.232761 255 0 0
0.638641 -0.106364 0.232687 255 0 0
0.640065 -0.107004 0.232613 255 0 0
0.641491 -0.107639 0.232538 255 0 0
0.642918 -0.108274 0.232464 255 0 0
0.644353 -0.108915 0.232393 255 0 0
0.645678 -0.109568 0.232385 255 0 0
0.646794 -0.110824 0.232777 255 0 0
0.648151 -0.111349 0.232898 255 0 0
0.649613 -0.111981 0.232842 0 0 0
0.651037 -0.112613 0.232769 0 0 0
0.652457 -0.113246 0.232694 0 0 0
0.653833 -0.113961 0.232604 255 0 0
0.655255 -0.114586 0.232533 255 0 0
0.656761 -0.115180 0.232467 255 0 0
0.657924 -0.115780 0.232378 255 0 0
0.660171 -0.115910 0.231686 255 0 0
0.661104 -0.117010 0.232174 255 0 0
0.662423 -0.117670 0.232176 0 0 0
0.663857 -0.118311 0.232105 0 0 0
0.665281 -0.118944 0.232031 0 0 0
0.666710 -0.119573 0.231958 0 0 0
0.668184 -0.120140 0.231897 255 0 0
0.669603 -0.120745 0.231830 255 0 0
0.671029 -0.121379 0.231756 0 0 0
0.672455 -0.122012 0.231682 0 0 0
0.673898 -0.122660 0.231605 0 0 0
0.675044 -0.123250 0.231519 0 0 0
0.677401 -0.123590 0.230693 0 0 0
0.678321 -0.124005 0.230634 255 0 0
0.626552 -0.100224 0.230117 255 0 0
0.627495 -0.101199 0.230718 255 0 0
0.628486 -0.102482 0.231380 0 0 0
0.629630 -0.103676 0.231992 0 0 0
0.630999 -0.104246 0.232003 0 0 0
0.632313 -0.104856 0.232004 0 0 0
0.633531 -0.106033 0.232540 0 0 0
0.634881 -0.106586 0.232548 255 0 0
0.636322 -0.107223 0.232478 255 0 0
0.637747 -0.107856 0.232404 255 0 0
0.639171 -0.108489 0.232330 255 0 0
0.640596 -0.109122 0.232257 255 0 0
0.642020 -0.109756 0.232183 255 0 0
0.643443 -0.110388 0.232109 255 0 0
0.644903 -0.111023 0.232054 255 0 0
0.646255 -0.111572 0.232174 255 0 0
0.647346 -0.112899 0.232558 255 0 0
0.648642 -0.113551 0.232540 255 0 0
0.650072 -0.114196 0.232467 255 0 0
0.651490 -0.114802 0.232400 255 0 0
0.652974 -0.115365 0.232343 0 0 0
0.654285 -0.116019 0.232339 0 0 0
0.655186 -0.117223 0.232818 255 0 0
0.657430 -0.117357 0.232126 255 0 0
0.658469 -0.117965 0.232102 255 0 0
0.659629 -0.119227 0.232615 255 0 0
0.660925 -0.119871 0.232605 255 0 0
0.662354 -0.120509 0.232534 255 0 0
0.663776 -0.121141 0.232461 255 0 0
0.665189 -0.121742 0.232394 255 0 0
0.666661 -0.122304 0.232333 255 0 0
0.668085 -0.122931 0.232261 255 0 0
0.669503 -0.123562 0.232187 255 0 0
0.670931 -0.124214 0.232109 255 0 0
0.672299 -0.124925 0.232020 255 0 0
0.673738 -0.125569 0.231944 255 0 0
0.674931 -0.126097 0.231870 0 0 0
0.677056 -0.126196 0.231085 0 0 0
0.623282 -0.099973 0.229128 255 0 0
0.624407 -0.100420 0.229155 255 0 0
0.625602 -0.101608 0.229777 255 0 0
0.626603 -0.102805 0.230433 255 0 0
0.627632 -0.104017 0.231100 255 0 0
0.628682 -0.105293 0.231570 255 0 0
0.630034 -0.105802 0.231695 0 0 0
0.631428 -0.106370 0.231722 0 0 0
0.632495 -0.107637 0.232308 255 0 0
0.633554 -0.108906 0.232889 255 0 0
0.634860 -0.109536 0.232886 255 0 0
0.636290 -0.110174 0.232815 255 0 0
0.637710 -0.110805 0.232741 255 0 0
0.639129 -0.111436 0.232668 255 0 0
0.640549 -0.112067 0.232594 255 0 0
0.641969 -0.112698 0.232521 255 0 0
0.643388 -0.113329 0.232447 255 0 0
0.644813 -0.113958 0.232374 255 0 0
0.646275 -0.114529 0.232313 255 0 0
0.647686 -0.115110 0.232250 0 0 0
0.649167 -0.115677 0.232193 255 0 0
0.650466 -0.116313 0.232184 255 0 0
0.651617 -0.117542 0.232706 255 0 0
0.652916 -0.118174 0.232700 255 0 0
0.654387 -0.118744 0.232642 255 0 0
0.655748 -0.119426 0.232559 255 0 0
0.657180 -0.120071 0.232483 255 0 0
0.658646 -0.120631 0.232422 255 0 0
0.660058 -0.121233 0.232355 255 0 0
0.661477 -0.121863 0.232282 255 0 0
0.662903 -0.122501 0.232211 255 0 0
0.664198 -0.123152 0.232204 255 0 0
0.665265 -0.124460 0.232703 255 0 0
0.666556 -0.125109 0.232695 255 0 0
0.668007 -0.125755 0.232623 255 0 0
0.669191 -0.126277 0.232551 255 0 0
0.671601 -0.126371 0.231769 255 0 0
0.672791 -0.126894 0.231697 255 0 0
0.674227 -0.127536 0.231620 255 0 0
0.675621 -0.128258 0.231529 255 0 0
0.676810 -0.128796 0.231453 255 0 0
0.678891 -0.129009 0.230644 255 0 0
0.619893 -0.099742 0.228220 0 0 0
0.621019 -0.100187 0.228247 0 0 0
0.622199 -0.101378 0.228854 255 0 0
0.623304 -0.102669 0.229445 255 0 0
0.624542 -0.103215 0.229518 255 0 0
0.625681 -0.104401 0.230131 255 0 0
0.626835 -0.105575 0.230758 255 0 0
0.628110 -0.106040 0.230955 255 0 0
0.629133 -0.107381 0.231413 255 0 0
0.630219 -0.108682 0.231998 255 0 0
0.631450 -0.109230 0.232075 255 0 0
0.632672 -0.110402 0.232614 255 0 0
0.633975 -0.111012 0.232612 255 0 0
0.635404 -0.111649 0.232542 255 0 0
0.636821 -0.112279 0.232468 255 0 0
0.638238 -0.112909 0.232395 255 0 0
0.639656 -0.113539 0.232321 255 0 0
0.641073 -0.114169 0.232248 255 0 0
0.642492 -0.114800 0.232174 255 0 0
0.643904 -0.115406 0.232106 255 0 0
0.645375 -0.115981 0.232047 0 0 0
0.646667 -0.116618 0.232037 0 0 0
0.647790 -0.117930 0.232556 0 0 0
0.648996 -0.118503 0.232623 255 0 0
0.650162 -0.119737 0.233150 255 0 0
0.651445 -0.120372 0.233141 255 0 0
0.652868 -0.121008 0.233070 255 0 0
0.654281 -0.121636 0.232997 255 0 0
0.655694 -0.122264 0.232924 255 0 0
0.657106 -0.122892 0.232851 255 0 0
0.658519 -0.123520 0.232777 255 0 0
0.659931 -0.124150 0.232704 255 0 0
0.661341 -0.124785 0.232630 255 0 0
0.662751 -0.125377 0.232564 255 0 0
0.664271 -0.125864 0.232518 255 0 0
0.665682 -0.126457 0.232452 255 0 0
0.667097 -0.127084 0.232379 255 0 0
0.668499 -0.127714 0.232305 255 0 0
0.669869 -0.128446 0.232212 255 0 0
0.671237 -0.129179 0.232118 255 0 0
0.672639 -0.129809 0.232044 255 0 0
0.674053 -0.130436 0.231971 255 0 0
0.675467 -0.131065 0.231898 255 0 0
0.676907 -0.131677 0.231831 255 0 0
0.678083 -0.132112 0.231785 255 0 0
0.617893 -0.100079 0.227352 0 0 0
0.618807 -0.101130 0.227939 255 0 0
0.619930 -0.102440 0.228542 255 0 0
0.621166 -0.102979 0.228611 255 0 0
0.622432 -0.104188 0.229164 255 0 0
0.623618 -0.104789 0.229221 255 0 0
0.624760 -0.105996 0.229834 255 0 0
0.625756 -0.107179 0.230492 255 0 0
0.626867 -0.108455 0.231100 255 0 0
0.628096 -0.108999 0.231177 255 0 0
0.629333 -0.110156 0.231727 255 0 0
0.630563 -0.110699 0.231804 255 0 0
0.631764 -0.111980 0.232334 255 0 0
0.633036 -0.112594 0.232321 255 0 0
0.634464 -0.113231 0.232250 255 0 0
0.635880 -0.113860 0.232176 255 0 0
0.637295 -0.114489 0.232103 255 0 0
0.638709 -0.115120 0.232029 255 0 0
0.640121 -0.115755 0.231955 255 0 0
0.641547 -0.116392 0.231884 255 0 0
0.642827 -0.117012 0.231875 255 0 0
0.643980 -0.118260 0.232394 255 0 0
0.645296 -0.118865 0.232403 255 0 0
0.646685 -0.119372 0.232422 255 0 0
0.647796 -0.120672 0.232939 255 0 0
0.649123 -0.121235 0.232942 255 0 0
0.650540 -0.121841 0.232877 0 0 0
0.651952 -0.122469 0.232804 255 0 0
0.653362 -0.123096 0.232731 255 0 0
0.654772 -0.123723 0.232658 0 0 0
0.656183 -0.124349 0.232585 255 0 0
0.657594 -0.124977 0.232512 255 0 0
0.659000 -0.125574 0.232445 255 0 0
0.660472 -0.126135 0.232389 255 0 0
0.661763 -0.126778 0.232384 255 0 0
0.662822 -0.128053 0.232889 0 0 0
0.664155 -0.128627 0.232898 0 0 0
0.665576 -0.129256 0.232829 0 0 0
0.667020 -0.129917 0.232749 255 0 0
0.668140 -0.130513 0.232662 255 0 0
0.670546 -0.130608 0.231876 255 0 0
0.671723 -0.131127 0.231805 255 0 0
0.673160 -0.131764 0.231730 255 0 0
0.674579 -0.132399 0.231659 255 0 0
0.675891 -0.133075 0.231671 255 0 0
0.676703 -0.134096 0.232151 255 0 0
0.614462 -0.099848 0.226420 255 0 0
0.615379 -0.100991 0.227022 255 0 0
0.616555 -0.102212 0.227639 255 0 0
0.617789 -0.102746 0.227707 255 0 0
0.619065 -0.103958 0.228262 255 0 0
0.620247 -0.104554 0.228316 255 0 0
0.621513 -0.105759 0.228869 255 0 0
0.622746 -0.106295 0.228942 255 0 0
0.623867 -0.107575 0.229554 255 0 0
0.624859 -0.108762 0.230213 255 0 0
0.625988 -0.109926 0.230829 255 0 0
0.627215 -0.110470 0.230910 255 0 0
0.628294 -0.111745 0.231503 255 0 0
0.629356 -0.113006 0.232089 255 0 0
0.630699 -0.113563 0.232101 255 0 0
0.632117 -0.114173 0.232036 255 0 0
0.633531 -0.114802 0.231962 255 0 0
0.634944 -0.115430 0.231889 255 0 0
0.636358 -0.116060 0.231816 255 0 0
0.637762 -0.116666 0.231747 255 0 0
0.639226 -0.117219 0.231689 255 0 0
0.640653 -0.117848 0.231619 255 0 0
0.641960 -0.118479 0.231620 255 0 0
0.643118 -0.119744 0.232143 255 0 0
0.644256 -0.120351 0.232196 255 0 0
0.645402 -0.121580 0.232721 255 0 0
0.646810 -0.122064 0.232752 0 0 0
0.648223 -0.122666 0.232688 0 0 0
0.649631 -0.123294 0.232615 0 0 0
0.651039 -0.123921 0.232542 0 0 0
0.652447 -0.124547 0.232469 0 0 0
0.653855 -0.125173 0.232396 0 0 0
0.655263 -0.125799 0.232323 0 0 0
0.656681 -0.126433 0.232253 0 0 0
0.657965 -0.127074 0.232249 0 0 0
0.659082 -0.128277 0.232765 0 0 0
0.660380 -0.128917 0.232769 255 0 0
0.661721 -0.129500 0.232782 255 0 0
0.662774 -0.130774 0.233286 255 0 0
0.664078 -0.131429 0.233280 255 0 0
0.665253 -0.131951 0.233211 255 0 0
0.667657 -0.132041 0.232425 255 0 0
0.668774 -0.132635 0.232338 255 0 0
0.670216 -0.133296 0.232259 255 0 0
0.671620 -0.133921 0.232186 255 0 0
0.673034 -0.134553 0.232116 255 0 0
0.674329 -0.135204 0.232123 0 0 0
0.675421 -0.136394 0.232627 0 0 0
0.676467 -0.136935 0.232625 0 0 0
0.678604 -0.137050 0.231840 0 0 0
0.611191 -0.099686 0.225424 0 0 0
0.612183 -0.100032 0.225411 0 0 0
0.613216 -0.102151 0.226632 255 0 0
0.614380 -0.102509 0.226787 255 0 0
0.615697 -0.103729 0.227361 255 0 0
0.616876 -0.104322 0.227413 255 0 0
0.618151 -0.105530 0.227970 255 0 0
0.619381 -0.106063 0.228041 255 0 0
0.620486 -0.107347 0.228638 255 0 0
0.621584 -0.108631 0.229232 255 0 0
0.622807 -0.109169 0.229309 255 0 0
0.623988 -0.110255 0.229944 255 0 0
0.624953 -0.111514 0.230605 255 0 0
0.626033 -0.112786 0.231201 255 0 0
0.627257 -0.113321 0.231282 255 0 0
0.628482 -0.114490 0.231824 255 0 0
0.629768 -0.115107 0.231822 255 0 0
0.631185 -0.115750 0.231750 255 0 0
0.632595 -0.116378 0.231677 255 0 0
0.634007 -0.117005 0.231604 255 0 0
0.635424 -0.117611 0.231540 255 0 0
0.636747 -0.118165 0.231541 255 0 0
0.637886 -0.119513 0.232060 255 0 0
0.639146 -0.120110 0.232053 0 0 0
0.640626 -0.120663 0.231997 0 0 0
0.642099 -0.121221 0.231941 0 0 0
0.643396 -0.121824 0.231954 255 0 0
0.644456 -0.122984 0.232548 255 0 0
0.645443 -0.124314 0.233130 0 0 0
0.646704 -0.124954 0.233122 0 0 0
0.648119 -0.125587 0.233052 0 0 0
0.649516 -0.126179 0.232987 255 0 0
0.650975 -0.126726 0.232928 255 0 0
0.652384 -0.127345 0.232856 255 0 0
0.653786 -0.127969 0.232783 255 0 0
0.655200 -0.128600 0.232714 255 0 0
0.656482 -0.129239 0.232716 255 0 0
0.657588 -0.130415 0.233236 255 0 0
0.658913 -0.130980 0.233247 0 0 0
0.660336 -0.131600 0.233179 0 0 0
0.661793 -0.132149 0.233120 255 0 0
0.663188 -0.132738 0.233054 255 0 0
0.664581 -0.133363 0.232981 255 0 0
0.665927 -0.134072 0.232892 255 0 0
0.667337 -0.134719 0.232815 255 0 0
0.668736 -0.135341 0.232743 255 0 0
0.670137 -0.135964 0.232670 255 0 0
0.671537 -0.136586 0.232597 255 0 0
0.672943 -0.137204 0.232526 255 0 0
0.674401 -0.137754 0.232466 255 0 0
0.675785 -0.138344 0.232400 0 0 0
0.677175 -0.139096 0.232305 0 0 0
0.678241 -0.139710 0.232226 0 0 0
0.608007 -0.098905 0.223829 0 0 0
0.608992 -0.099978 0.224457 0 0 0
0.610089 -0.101086 0.225144 0 0 0
0.611260 -0.102379 0.225774 0 0 0
0.612539 -0.102824 0.225967 0 0 0
0.613626 -0.104083 0.226454 0 0 0
0.614790 -0.105297 0.227068 255 0 0
0.616016 -0.105829 0.227139 255 0 0
0.617129 -0.107115 0.227739 255 0 0
0.618237 -0.108395 0.228335 255 0 0
0.619456 -0.108934 0.228409 255 0 0
0.620734 -0.110106 0.228966 255 0 0
0.621831 -0.110530 0.229001 255 0 0
0.622806 -0.112666 0.230351 255 0 0
0.623900 -0.113085 0.230390 0 0 0
0.625160 -0.114276 0.230937 0 0 0
0.626334 -0.114899 0.230996 255 0 0
0.627487 -0.116173 0.231400 255 0 0
0.628811 -0.116658 0.231530 255 0 0
0.630308 -0.117210 0.231490 255 0 0
0.631721 -0.117830 0.231419 255 0 0
0.633139 -0.118464 0.231348 255 0 0
0.634408 -0.119092 0.231336 255 0 0
0.635544 -0.120409 0.231861 255 0 0
0.636925 -0.120894 0.231879 255 0 0
0.638204 -0.121494 0.231877 255 0 0
0.639328 -0.122846 0.232393 0 0 0
0.640591 -0.123456 0.232390 0 0 0
0.641929 -0.124016 0.232403 255 0 0
0.643096 -0.125240 0.232932 255 0 0
0.644404 -0.125767 0.232943 255 0 0
0.645867 -0.126288 0.232894 255 0 0
0.647285 -0.126914 0.232825 255 0 0
0.648551 -0.127549 0.232817 255 0 0
0.649636 -0.128885 0.233325 255 0 0
0.650891 -0.129484 0.233325 255 0 0
0.652357 -0.130037 0.233269 255 0 0
0.653761 -0.130653 0.233197 255 0 0
0.655176 -0.131277 0.233129 255 0 0
0.656501 -0.131842 0.233141 255 0 0
0.657602 -0.133012 0.233660 255 0 0
0.658874 -0.133647 0.233664 255 0 0
0.660281 -0.134276 0.233595 0 0 0
0.661677 -0.134897 0.233523 255 0 0
0.663073 -0.135518 0.233451 255 0 0
0.664469 -0.136138 0.233378 255 0 0
0.665865 -0.136758 0.233306 255 0 0
0.667261 -0.137379 0.233233 255 0 0
0.668657 -0.137999 0.233161 255 0 0
0.670053 -0.138620 0.233089 255 0 0
0.671449 -0.139241 0.233017 255 0 0
0.672845 -0.139862 0.232944 255 0 0
0.674268 -0.140495 0.232869 255 0 0
0.675423 -0.141013 0.232796 255 0 0
0.677828 -0.141233 0.231983 255 0 0
0.678643 -0.141706 0.231913 255 0 0
0.606074 -0.099313 0.222859 0 0 0
0.607091 -0.100284 0.223493 0 0 0
0.608160 -0.101489 0.224181 0 0 0
0.609216 -0.102709 0.224856 0 0 0
0.610326 -0.103986 0.225354 0 0 0
0.611542 -0.104497 0.225520 0 0 0
0.612732 -0.105705 0.226158 0 0 0
0.613755 -0.106907 0.226818 0 0 0
0.614823 -0.108252 0.227300 0 0 0
0.616091 -0.108732 0.227488 0 0 0
0.617297 -0.109969 0.227930 255 0 0
0.618568 -0.110408 0.228130 255 0 0
0.619686 -0.111689 0.228749 255 0 0
0.620653 -0.112944 0.229412 255 0 0
0.621833 -0.114049 0.230044 255 0 0
0.622996 -0.114638 0.230112 255 0 0
0.624226 -0.115815 0.230658 255 0 0
0.625598 -0.116349 0.230691 255 0 0
0.626942 -0.116890 0.230822 255 0 0
0.627922 -0.118222 0.231273 255 0 0
0.628973 -0.119507 0.231856 255 0 0
0.630261 -0.120127 0.231858 255 0 0
0.631675 -0.120760 0.231788 255 0 0
0.633085 -0.121361 0.231725 255 0 0
0.634454 -0.121836 0.231742 255 0 0
0.635584 -0.123151 0.232266 255 0 0
0.636850 -0.123773 0.232256 255 0 0
0.638319 -0.124309 0.232208 255 0 0
0.639629 -0.124830 0.232218 255 0 0
0.640750 -0.126172 0.232735 255 0 0
0.642067 -0.126698 0.232748 255 0 0
0.643385 -0.127235 0.232762 255 0 0
0.644487 -0.128532 0.233280 255 0 0
0.645797 -0.129083 0.233287 255 0 0
0.647218 -0.129701 0.233220 255 0 0
0.648682 -0.130252 0.233164 255 0 0
0.649939 -0.130852 0.233167 255 0 0
0.651061 -0.132070 0.233686 255 0 0
0.652325 -0.132698 0.233688 255 0 0
0.653741 -0.133334 0.233622 255 0 0
0.655009 -0.133968 0.233626 255 0 0
0.656117 -0.135167 0.234142 255 0 0
0.657377 -0.135803 0.234140 255 0 0
0.658774 -0.136437 0.234070 255 0 0
0.660164 -0.137056 0.233998 0 0 0
0.661556 -0.137671 0.233926 0 0 0
0.662952 -0.138283 0.233855 0 0 0
0.664344 -0.138904 0.233783 0 0 0
0.665730 -0.139529 0.233709 0 0 0
0.667123 -0.140148 0.233638 255 0 0
0.668507 -0.140730 0.233573 255 0 0
0.669956 -0.141271 0.233514 255 0 0
0.671363 -0.141911 0.233438 255 0 0
0.672724 -0.142627 0.233348 255 0 0
0.673861 -0.143127 0.233278 255 0 0
0.676272 -0.143343 0.232463 255 0 0
0.677183 -0.143756 0.232389 255 0 0
0.679278 -0.143984 0.231573 255 0 0
0.602810 -0.099065 0.221875 255 0 0
0.603933 -0.099499 0.221899 255 0 0
0.605214 -0.100614 0.222549 0 0 0
0.606228 -0.101896 0.223215 0 0 0
0.607265 -0.103088 0.223883 0 0 0
0.608463 -0.104301 0.224523 0 0 0
0.609683 -0.104804 0.224689 0 0 0
0.610787 -0.106080 0.225189 0 0 0
0.611839 -0.107309 0.225860 0 0 0
0.612952 -0.108571 0.226374 0 0 0
0.614216 -0.108984 0.226664 0 0 0
0.615472 -0.110253 0.227126 0 0 0
0.616624 -0.110626 0.227282 0 0 0
0.617552 -0.112831 0.228492 255 0 0
0.618641 -0.113254 0.228533 255 0 0
0.619790 -0.114430 0.229152 255 0 0
0.620914 -0.115594 0.229769 255 0 0
0.622130 -0.116122 0.229855 255 0 0
0.623202 -0.117399 0.230452 255 0 0
0.624259 -0.118661 0.231042 255 0 0
0.625550 -0.119256 0.231053 255 0 0
0.626953 -0.119733 0.231084 0 0 0
0.628133 -0.120963 0.231619 0 0 0
0.629389 -0.121568 0.231609 255 0 0
0.630810 -0.122179 0.231547 255 0 0
0.632117 -0.122730 0.231549 255 0 0
0.633260 -0.124078 0.232071 255 0 0
0.634564 -0.124629 0.232072 255 0 0
0.635975 -0.125206 0.232017 255 0 0
0.637288 -0.125758 0.232023 255 0 0
0.638462 -0.126982 0.232555 255 0 0
0.639789 -0.127535 0.232568 255 0 0
0.641050 -0.128142 0.232570 255 0 0
0.642217 -0.129375 0.233103 0 0 0
0.643392 -0.129930 0.233179 0 0 0
0.644492 -0.131237 0.233699 0 0 0
0.645746 -0.131867 0.233693 255 0 0
0.647147 -0.132474 0.233634 255 0 0
0.648466 -0.133025 0.233649 255 0 0
0.649595 -0.134229 0.234171 255 0 0
0.650849 -0.134855 0.234168 255 0 0
0.652249 -0.135482 0.234099 255 0 0
0.653643 -0.136096 0.234028 255 0 0
0.655087 -0.136642 0.233969 255 0 0
0.656464 -0.137191 0.233911 255 0 0
0.657913 -0.137728 0.233853 255 0 0
0.659306 -0.138340 0.233782 0 0 0
0.660702 -0.138983 0.233705 0 0 0
0.662035 -0.139693 0.233617 0 0 0
0.663409 -0.140278 0.233551 0 0 0
0.664858 -0.140816 0.233493 0 0 0
0.666261 -0.141436 0.233426 0 0 0
0.667523 -0.142081 0.233427 0 0 0
0.668569 -0.143383 0.233922 0 0 0
0.669577 -0.143908 0.233922 0 0 0
0.672031 -0.144030 0.233129 255 0 0
0.673110 -0.144618 0.233043 255 0 0
0.674491 -0.145347 0.232949 255 0 0
0.675652 -0.145867 0.232865 0 0 0
0.677754 -0.146091 0.232039 0 0 0
0.679658 -0.146112 0.231242 255 0 0
0.599691 -0.098194 0.220299 255 0 0
0.600645 -0.099364 0.220916 255 0 0
0.601743 -0.100472 0.221598 255 0 0
0.602763 -0.101753 0.222265 255 0 0
0.603972 -0.102970 0.222901 255 0 0
0.605197 -0.103491 0.222968 0 0 0
0.606376 -0.104685 0.223594 0 0 0
0.607552 -0.105899 0.224215 0 0 0
0.608725 -0.106483 0.224273 0 0 0
0.609897 -0.107688 0.224895 255 0 0
0.611081 -0.108890 0.225532 255 0 0
0.612289 -0.109395 0.225701 255 0 0
0.613381 -0.110664 0.226203 255 0 0
0.614393 -0.111861 0.226868 255 0 0
0.615401 -0.113146 0.227548 255 0 0
0.616524 -0.114313 0.228058 255 0 0
0.617720 -0.114814 0.228237 0 0 0
0.618930 -0.115911 0.228894 0 0 0
0.619889 -0.117163 0.229562 255 0 0
0.620960 -0.118402 0.230167 255 0 0
0.622225 -0.118872 0.230265 255 0 0
0.623437 -0.120096 0.230815 255 0 0
0.624590 -0.120620 0.230875 255 0 0
0.625760 -0.121999 0.231405 255 0 0
0.627060 -0.122543 0.231405 0 0 0
0.628479 -0.123154 0.231343 0 0 0
0.629733 -0.123758 0.231335 0 0 0
0.630906 -0.125013 0.231863 0 0 0
0.632231 -0.125525 0.231885 255 0 0
0.633696 -0.126054 0.231838 255 0 0
0.634960 -0.126676 0.231834 255 0 0
0.636000 -0.127920 0.232436 255 0 0
0.637036 -0.129166 0.233035 255 0 0
0.638285 -0.129768 0.233039 255 0 0
0.639611 -0.130320 0.233055 255 0 0
0.640763 -0.131544 0.233583 255 0 0
0.642014 -0.132167 0.233578 255 0 0
0.643473 -0.132712 0.233523 255 0 0
0.644862 -0.133271 0.233467 255 0 0
0.646171 -0.133820 0.233477 255 0 0
0.647256 -0.135143 0.233987 255 0 0
0.648559 -0.135691 0.233996 0 0 0
0.649952 -0.136281 0.233934 0 0 0
0.651342 -0.136898 0.233863 0 0 0
0.652722 -0.137480 0.233798 0 0 0
0.654174 -0.138030 0.233742 255 0 0
0.655431 -0.138662 0.233742 255 0 0
0.656483 -0.139965 0.234246 255 0 0
0.657764 -0.140602 0.234243 0 0 0
0.658910 -0.141111 0.234176 0 0 0
0.661330 -0.141215 0.233386 0 0 0
0.662342 -0.141735 0.233388 0 0 0
0.663451 -0.142921 0.233898 0 0 0
0.664711 -0.143555 0.233907 255 0 0
0.666111 -0.144173 0.233840 0 0 0
0.667556 -0.144710 0.233781 0 0 0
0.668957 -0.145333 0.233708 0 0 0
0.669985 -0.146005 0.233609 0 0 0
0.672418 -0.146165 0.232800 255 0 0
0.673531 -0.146760 0.232713 255 0 0
0.674700 -0.147261 0.232634 255 0 0
0.677029 -0.147628 0.231804 255 0 0
0.677895 -0.148068 0.231710 255 0 0
0.679994 -0.148333 0.230877 255 0 0
0.597316 -0.099243 0.220044 255 0 0
0.598443 -0.100319 0.220623 255 0 0
0.599731 -0.100785 0.220705 255 0 0
0.600901 -0.102071 0.221334 255 0 0
0.601949 -0.103253 0.222003 255 0 0
0.603136 -0.104477 0.222629 255 0 0
0.604305 -0.105064 0.222682 0 0 0
0.605488 -0.106275 0.223306 0 0 0
0.606664 -0.107485 0.223929 0 0 0
0.607836 -0.108063 0.223987 0 0 0
0.609006 -0.109272 0.224611 0 0 0
0.610163 -0.110451 0.225235 255 0 0
0.611377 -0.110975 0.225311 255 0 0
0.612515 -0.112254 0.225934 255 0 0
0.613519 -0.113422 0.226603 255 0 0
0.614690 -0.114614 0.227244 255 0 0
0.615897 -0.115127 0.227427 255 0 0
0.616908 -0.116156 0.227877 255 0 0
0.617761 -0.118319 0.229319 255 0 0
0.618838 -0.118730 0.229364 255 0 0
0.619957 -0.119885 0.229969 255 0 0
0.621053 -0.121157 0.230583 255 0 0
0.622225 -0.121684 0.230658 255 0 0
0.623419 -0.122895 0.231204 255 0 0
0.624804 -0.123355 0.231233 255 0 0
0.626207 -0.123951 0.231171 255 0 0
0.627614 -0.124581 0.231102 0 0 0
0.628897 -0.125200 0.231105 0 0 0
0.630065 -0.126441 0.231640 0 0 0
0.631213 -0.126969 0.231706 0 0 0
0.632375 -0.128336 0.232237 0 0 0
0.633476 -0.128939 0.232296 0 0 0
0.634685 -0.130087 0.232837 0 0 0
0.636023 -0.130602 0.232867 0 0 0
0.637331 -0.131117 0.232883 255 0 0
0.638443 -0.132459 0.233401 255 0 0
0.639735 -0.132966 0.233414 255 0 0
0.641186 -0.133473 0.233367 255 0 0
0.642588 -0.134101 0.233298 255 0 0
0.643837 -0.134728 0.233295 255 0 0
0.644973 -0.135934 0.233820 0 0 0
0.646282 -0.136476 0.233836 255 0 0
0.647665 -0.137071 0.233774 255 0 0
0.649051 -0.137690 0.233702 255 0 0
0.650446 -0.138314 0.233633 0 0 0
0.651693 -0.138946 0.233632 0 0 0
0.652752 -0.140259 0.234138 0 0 0
0.653989 -0.140845 0.234145 0 0 0
0.655516 -0.141333 0.234098 0 0 0
0.656837 -0.141999 0.234019 0 0 0
0.658203 -0.142621 0.233946 255 0 0
0.659530 -0.143297 0.233869 255 0 0
0.660858 -0.143878 0.233888 255 0 0
0.661938 -0.145046 0.234400 255 0 0
0.663188 -0.145679 0.234404 255 0 0
0.664578 -0.146301 0.234336 255 0 0
0.665988 -0.146925 0.234262 0 0 0
0.667112 -0.147425 0.234192 0 0 0
0.669567 -0.147569 0.233384 0 0 0
0.670344 -0.148105 0.233292 0 0 0
0.672833 -0.148266 0.232479 255 0 0
0.673720 -0.148662 0.232411 255 0 0
0.676099 -0.149046 0.231568 255 0 0
0.676957 -0.149484 0.231475 255 0 0
0.679077 -0.149747 0.230645 255 0 0
0.680911 -0.149843 0.229837 255 0 0
0.594267 -0.098455 0.218374 255 0 0
0.595277 -0.099543 0.219012 255 0 0
0.596425 -0.100641 0.219725 255 0 0
0.597480 -0.101836 0.220396 0 0 0
0.598656 -0.103144 0.221021 255 0 0
0.599875 -0.103661 0.221086 255 0 0
0.601065 -0.104857 0.221717 255 0 0
0.602249 -0.106047 0.222345 255 0 0
0.603467 -0.106564 0.222414 0 0 0
0.604625 -0.107856 0.223036 0 0 0
0.605778 -0.109069 0.223646 0 0 0
0.606942 -0.109651 0.223705 0 0 0
0.608114 -0.110855 0.224333 0 0 0
0.609127 -0.112028 0.225003 255 0 0
0.610263 -0.113312 0.225625 255 0 0
0.611469 -0.113834 0.225703 255 0 0
0.612614 -0.115007 0.226329 255 0 0
0.613773 -0.116178 0.226952 255 0 0
0.614859 -0.116582 0.226995 255 0 0
0.615718 -0.118704 0.228451 255 0 0
0.616785 -0.119637 0.229024 255 0 0
0.617997 -0.120165 0.229119 255 0 0
0.619101 -0.121436 0.229737 255 0 0
0.620190 -0.122581 0.230342 255 0 0
0.621390 -0.123105 0.230434 255 0 0
0.622453 -0.124366 0.231035 255 0 0
0.623487 -0.125629 0.231626 255 0 0
0.624759 -0.126245 0.231631 255 0 0
0.626153 -0.126840 0.231569 255 0 0
0.627618 -0.127384 0.231514 0 0 0
0.628920 -0.127924 0.231520 0 0 0
0.630054 -0.129240 0.232048 0 0 0
0.631351 -0.129756 0.232062 0 0 0
0.632693 -0.130266 0.232093 0 0 0
0.633845 -0.131499 0.232624 0 0 0
0.634989 -0.132029 0.232696 0 0 0
0.636115 -0.133337 0.233226 255 0 0
0.637482 -0.133805 0.233250 255 0 0
0.638730 -0.134402 0.233256 255 0 0
0.639819 -0.135705 0.233775 255 0 0
0.641123 -0.136255 0.233788 255 0 0
0.642390 -0.136878 0.233796 255 0 0
0.643517 -0.138091 0.234320 0 0 0
0.644758 -0.138712 0.234319 0 0 0
0.646140 -0.139300 0.234257 255 0 0
0.647577 -0.139838 0.234198 255 0 0
0.648963 -0.140445 0.234128 255 0 0
0.650348 -0.141051 0.234057 255 0 0
0.651800 -0.141592 0.234003 255 0 0
0.653044 -0.142204 0.234018 255 0 0
0.653873 -0.143369 0.234490 255 0 0
0.656134 -0.143501 0.233794 255 0 0
0.657277 -0.144007 0.233726 255 0 0
0.658556 -0.144646 0.233726 0 0 0
0.659595 -0.145930 0.234229 0 0 0
0.660895 -0.146485 0.234245 0 0 0
0.662277 -0.147067 0.234184 0 0 0
0.663656 -0.147680 0.234113 255 0 0
0.665034 -0.148292 0.234042 255 0 0
0.666431 -0.148921 0.233966 255 0 0
0.667496 -0.149504 0.233882 255 0 0
0.669930 -0.149663 0.233070 255 0 0
0.670976 -0.150343 0.232969 0 0 0
0.672133 -0.150883 0.232890 0 0 0
0.674298 -0.150995 0.232068 0 0 0
0.676236 -0.151013 0.231248 0 0 0
0.678332 -0.151278 0.230409 0 0 0
0.679406 -0.151950 0.230299 255 0 0
0.680516 -0.152499 0.230231 255 0 0
0.591171 -0.097719 0.216526 0 0 0
0.592256 -0.098742 0.217344 255 0 0
0.593389 -0.099847 0.218054 255 0 0
0.594519 -0.100954 0.218760 255 0 0
0.595570 -0.102241 0.219447 255 0 0
0.596625 -0.103432 0.220121 0 0 0
0.597827 -0.104651 0.220752 0 0 0
0.598991 -0.105234 0.220803 0 0 0
0.600187 -0.106450 0.221435 0 0 0
0.601223 -0.107630 0.222106 255 0 0
0.602386 -0.108920 0.222731 255 0 0
0.603591 -0.109441 0.222800 255 0 0
0.604890 -0.110625 0.223374 255 0 0
0.606102 -0.111137 0.223445 255 0 0
0.607244 -0.112430 0.224071 255 0 0
0.608260 -0.113596 0.224743 255 0 0
0.609412 -0.114768 0.225373 255 0 0
0.610623 -0.115279 0.225454 255 0 0
0.611799 -0.116471 0.226093 255 0 0
0.612789 -0.117636 0.226765 255 0 0
0.613733 -0.118982 0.227449 255 0 0
0.614772 -0.120047 0.228143 255 0 0
0.615748 -0.121211 0.228815 255 0 0
0.616848 -0.122483 0.229438 255 0 0
0.618045 -0.122998 0.229529 255 0 0
0.619132 -0.124150 0.230136 255 0 0
0.620222 -0.125408 0.230754 255 0 0
0.621419 -0.125920 0.230846 255 0 0
0.622634 -0.127072 0.231392 255 0 0
0.623913 -0.127673 0.231400 255 0 0
0.625163 -0.128280 0.231396 255 0 0
0.626321 -0.129557 0.231923 255 0 0
0.627591 -0.130171 0.231927 0 0 0
0.629052 -0.130684 0.231883 0 0 0
0.630342 -0.131190 0.231895 0 0 0
0.631535 -0.132427 0.232438 0 0 0
0.632683 -0.132969 0.232513 255 0 0
0.633812 -0.134257 0.233052 255 0 0
0.635014 -0.134722 0.233138 255 0 0
0.636129 -0.136032 0.233666 0 0 0
0.637372 -0.136617 0.233672 255 0 0
0.638734 -0.137092 0.233699 255 0 0
0.639820 -0.138383 0.234219 255 0 0
0.641058 -0.138997 0.234217 0 0 0
0.642507 -0.139534 0.234163 0 0 0
0.643891 -0.140122 0.234101 0 0 0
0.645121 -0.140733 0.234103 0 0 0
0.646213 -0.141957 0.234614 0 0 0
0.647481 -0.142576 0.234628 255 0 0
0.648865 -0.143194 0.234561 255 0 0
0.650239 -0.143805 0.234490 255 0 0
0.651621 -0.144410 0.234420 255 0 0
0.653047 -0.144942 0.234361 255 0 0
0.654355 -0.145610 0.234281 255 0 0
0.655740 -0.146250 0.234205 0 0 0
0.657118 -0.146855 0.234135 0 0 0
0.658553 -0.147387 0.234077 0 0 0
0.659912 -0.147973 0.234011 0 0 0
0.661289 -0.148585 0.233940 255 0 0
0.662668 -0.149190 0.233870 255 0 0
0.664043 -0.149800 0.233799 255 0 0
0.665420 -0.150411 0.233727 255 0 0
0.666819 -0.151033 0.233653 255 0 0
0.667880 -0.151612 0.233570 255 0 0
0.670332 -0.151764 0.232758 255 0 0
0.671416 -0.152362 0.232671 0 0 0
0.672505 -0.152955 0.232583 0 0 0
0.674679 -0.153096 0.231752 0 0 0
0.676545 -0.153196 0.230920 0 0 0
0.678736 -0.153322 0.230089 0 0 0
0.679896 -0.153844 0.230016 255 0 0
0.680939 -0.154422 0.229944 255 0 0
0.588506 -0.096293 0.214259 0 0 0
0.589518 -0.097396 0.214903 0 0 0
0.590686 -0.098265 0.215752 0 0 0
0.591526 -0.100351 0.217125 255 0 0
0.592424 -0.101356 0.217706 255 0 0
0.593386 -0.103469 0.219034 255 0 0
0.594515 -0.103831 0.219186 255 0 0
0.595753 -0.105030 0.219838 0 0 0
0.596949 -0.106220 0.220472 0 0 0
0.598162 -0.106731 0.220538 0 0 0
0.599332 -0.108028 0.221168 0 0 0
0.600375 -0.109238 0.221837 0 0 0
0.601475 -0.110479 0.222335 255 0 0
0.602734 -0.110907 0.222531 255 0 0
0.603884 -0.112198 0.223160 255 0 0
0.605001 -0.113454 0.223772 255 0 0
0.606260 -0.113910 0.223861 255 0 0
0.607389 -0.115172 0.224492 255 0 0
0.608424 -0.116244 0.225169 255 0 0
0.609378 -0.117595 0.225853 255 0 0
0.610368 -0.118759 0.226526 255 0 0
0.611536 -0.119943 0.227165 255 0 0
0.612739 -0.120444 0.227252 255 0 0
0.613874 -0.121646 0.227877 255 0 0
0.614802 -0.122854 0.228408 255 0 0
0.616017 -0.123933 0.229197 255 0 0
0.617135 -0.124510 0.229276 255 0 0
0.618255 -0.125689 0.229898 255 0 0
0.619367 -0.126856 0.230517 255 0 0
0.620503 -0.127429 0.230596 0 0 0
0.621720 -0.128623 0.231138 0 0 0
0.622988 -0.129228 0.231146 255 0 0
0.624267 -0.129828 0.231157 255 0 0
0.625461 -0.130954 0.231697 255 0 0
0.626788 -0.131474 0.231722 255 0 0
0.628038 -0.132100 0.231721 255 0 0
0.629024 -0.133448 0.232317 255 0 0
0.630081 -0.134592 0.232918 255 0 0
0.631358 -0.135170 0.232942 255 0 0
0.632715 -0.135637 0.232968 255 0 0
0.633824 -0.136934 0.233494 255 0 0
0.635126 -0.137475 0.233507 0 0 0
0.636359 -0.138048 0.233515 255 0 0
0.637482 -0.139288 0.234034 255 0 0
0.638802 -0.139818 0.234060 255 0 0
0.640180 -0.140401 0.233999 255 0 0
0.641554 -0.141023 0.233927 0 0 0
0.642927 -0.141613 0.233866 0 0 0
0.644257 -0.142149 0.233894 0 0 0
0.645355 -0.143366 0.234408 0 0 0
0.646580 -0.143966 0.234410 255 0 0
0.647966 -0.144585 0.234343 255 0 0
0.649338 -0.145195 0.234271 255 0 0
0.650710 -0.145805 0.234200 255 0 0
0.652078 -0.146422 0.234128 255 0 0
0.653454 -0.147028 0.234058 255 0 0
0.654827 -0.147636 0.233987 255 0 0
0.656201 -0.148246 0.233916 0 0 0
0.657562 -0.148823 0.233852 0 0 0
0.658995 -0.149351 0.233794 0 0 0
0.660383 -0.149985 0.233719 0 0 0
0.661692 -0.150693 0.233631 0 0 0
0.663053 -0.151306 0.233559 0 0 0
0.664427 -0.151916 0.233488 0 0 0
0.665802 -0.152526 0.233417 0 0 0
0.667198 -0.153145 0.233343 0 0 0
0.668255 -0.153723 0.233260 0 0 0
0.670713 -0.153875 0.232446 0 0 0
0.671794 -0.154470 0.232359 255 0 0
0.672873 -0.155063 0.232273 255 0 0
0.675271 -0.155291 0.231447 0 0 0
0.676404 -0.155834 0.231370 0 0 0
0.677774 -0.156573 0.231277 255 0 0
0.678885 -0.157072 0.231206 0 0 0
0.681028 -0.157170 0.230402 255 0 0
0.586754 -0.096123 0.212306 0 0 0
0.587695 -0.097882 0.213861 0 0 0
0.588601 -0.098894 0.214434 255 0 0
0.589495 -0.100941 0.215968 255 0 0
0.590520 -0.101924 0.216633 255 0 0
0.591654 -0.103049 0.217474 0 0 0
0.592800 -0.104154 0.218322 0 0 0
0.593809 -0.105399 0.218867 0 0 0
0.594885 -0.106618 0.219557 0 0 0
0.595938 -0.107821 0.220230 255 0 0
0.597043 -0.109171 0.220727 255 0 0
0.598288 -0.109609 0.220914 0 0 0
0.599656 -0.110795 0.221527 0 0 0
0.600791 -0.111138 0.221684 0 0 0
0.601777 -0.113346 0.222914 0 0 0
0.602859 -0.113758 0.222952 0 0 0
0.604018 -0.114945 0.223568 0 0 0
0.605170 -0.116199 0.224195 255 0 0
0.606301 -0.116546 0.224245 255 0 0
0.607317 -0.118655 0.225627 255 0 0
0.608396 -0.119048 0.225671 0 0 0
0.609557 -0.120213 0.226299 0 0 0
0.610695 -0.121404 0.226923 0 0 0
0.611832 -0.121978 0.226992 0 0 0
0.613138 -0.123157 0.227575 255 0 0
0.614225 -0.123488 0.227750 255 0 0
0.615205 -0.125595 0.228987 255 0 0
0.616213 -0.126051 0.229023 255 0 0
0.617349 -0.127231 0.229644 255 0 0
0.618462 -0.128398 0.230264 255 0 0
0.619595 -0.128968 0.230347 0 0 0
0.620809 -0.130122 0.230894 0 0 0
0.622128 -0.130642 0.230918 0 0 0
0.623413 -0.131257 0.230931 255 0 0
0.624434 -0.132508 0.231527 255 0 0
0.625451 -0.133755 0.232121 255 0 0
0.626719 -0.134332 0.232142 255 0 0
0.628112 -0.134789 0.232183 255 0 0
0.629267 -0.136012 0.232719 255 0 0
0.630339 -0.136587 0.232781 255 0 0
0.631490 -0.137848 0.233310 255 0 0
0.632806 -0.138374 0.233333 255 0 0
0.634192 -0.138973 0.233275 0 0 0
0.635449 -0.139573 0.233289 0 0 0
0.636601 -0.140710 0.233813 255 0 0
0.637847 -0.141312 0.233825 255 0 0
0.639233 -0.141933 0.233758 255 0 0
0.640611 -0.142514 0.233698 255 0 0
0.641901 -0.143050 0.233712 255 0 0
0.642980 -0.144314 0.234232 255 0 0
0.644319 -0.144782 0.234258 255 0 0
0.645699 -0.145355 0.234199 255 0 0
0.647071 -0.145965 0.234128 255 0 0
0.648441 -0.146574 0.234057 255 0 0
0.649811 -0.147183 0.233986 0 0 0
0.651181 -0.147792 0.233915 0 0 0
0.652551 -0.148401 0.233844 0 0 0
0.653921 -0.149010 0.233773 0 0 0
0.655301 -0.149628 0.233706 0 0 0
0.656533 -0.150259 0.233711 0 0 0
0.657594 -0.151558 0.234213 0 0 0
0.658561 -0.152064 0.234216 0 0 0
0.660999 -0.152162 0.233419 0 0 0
0.662109 -0.152653 0.233350 0 0 0
0.663510 -0.153273 0.233276 0 0 0
0.664880 -0.153882 0.233205 0 0 0
0.666250 -0.154490 0.233134 0 0 0
0.667651 -0.155143 0.233055 0 0 0
0.668645 -0.155815 0.232957 0 0 0
0.671088 -0.155936 0.232146 255 0 0
0.672206 -0.156457 0.232072 255 0 0
0.673507 -0.157238 0.231973 255 0 0
0.674673 -0.157672 0.231911 255 0 0
0.677098 -0.157873 0.231085 255 0 0
0.678202 -0.158374 0.231016 255 0 0
0.679577 -0.159118 0.230925 0 0 0
0.680642 -0.159621 0.230866 0 0 0
0.585315 -0.095929 0.210783 255 0 0
0.586240 -0.096930 0.211362 0 0 0
0.587181 -0.098845 0.212930 0 0 0
0.588141 -0.099769 0.213651 255 0 0
0.589094 -0.101707 0.215242 255 0 0
0.589987 -0.102714 0.215819 255 0 0
0.590837 -0.104826 0.217090 255 0 0
0.591834 -0.105925 0.217738 255 0 0
0.592915 -0.107076 0.218447 255 0 0
0.594042 -0.108213 0.219275 255 0 0
0.595172 -0.109482 0.219803 255 0 0
0.596424 -0.109894 0.220087 255 0 0
0.597557 -0.111167 0.220607 0 0 0
0.598602 -0.112392 0.221277 0 0 0
0.599574 -0.113729 0.221815 0 0 0
0.600805 -0.114819 0.222491 0 0 0
0.601963 -0.115316 0.222665 0 0 0
0.603212 -0.116412 0.223337 0 0 0
0.604196 -0.117664 0.224016 0 0 0
0.605169 -0.118926 0.224694 0 0 0
0.606377 -0.120021 0.225342 0 0 0
0.607511 -0.120592 0.225411 0 0 0
0.608656 -0.121788 0.226038 0 0 0
0.609790 -0.122939 0.226667 0 0 0
0.610988 -0.123437 0.226757 0 0 0
0.612073 -0.124710 0.227369 0 0 0
0.613021 -0.125951 0.228046 255 0 0
0.614199 -0.127029 0.228689 255 0 0
0.615330 -0.127592 0.228770 255 0 0
0.616457 -0.128800 0.229389 255 0 0
0.617487 -0.130035 0.229873 255 0 0
0.618658 -0.130514 0.230079 255 0 0
0.619768 -0.131712 0.230702 255 0 0
0.620753 -0.133010 0.231170 255 0 0
0.622061 -0.133536 0.231315 255 0 0
0.623414 -0.134050 0.231362 255 0 0
0.624611 -0.135187 0.231906 0 0 0
0.625706 -0.135760 0.231979 0 0 0
0.626869 -0.137020 0.232512 0 0 0
0.628193 -0.137556 0.232539 255 0 0
0.629448 -0.138125 0.232560 255 0 0
0.630619 -0.139270 0.233089 255 0 0
0.631864 -0.139870 0.233100 255 0 0
0.633251 -0.140460 0.233044 255 0 0
0.634573 -0.140988 0.233071 255 0 0
0.635689 -0.142186 0.233596 255 0 0
0.636965 -0.142695 0.233612 255 0 0
0.638369 -0.143316 0.233549 255 0 0
0.639592 -0.143933 0.233549 255 0 0
0.640688 -0.145258 0.234071 255 0 0
0.641815 -0.145782 0.234156 255 0 0
0.642911 -0.146979 0.234678 255 0 0
0.644166 -0.147596 0.234695 255 0 0
0.645541 -0.148210 0.234629 255 0 0
0.646906 -0.148817 0.234558 0 0 0
0.648271 -0.149424 0.234487 0 0 0
0.649637 -0.150031 0.234417 0 0 0
0.651002 -0.150638 0.234346 0 0 0
0.652367 -0.151249 0.234275 0 0 0
0.653725 -0.151864 0.234203 0 0 0
0.655096 -0.152465 0.234133 0 0 0
0.656528 -0.152983 0.234076 0 0 0
0.657877 -0.153549 0.234012 0 0 0
0.659185 -0.154248 0.233927 0 0 0
0.660561 -0.154885 0.233851 0 0 0
0.661923 -0.155493 0.233780 0 0 0
0.663288 -0.156104 0.233709 0 0 0
0.664678 -0.156730 0.233634 0 0 0
0.665779 -0.157220 0.233566 0 0 0
0.668224 -0.157294 0.232762 255 0 0
0.669300 -0.157887 0.232676 255 0 0
0.670440 -0.158408 0.232600 255 0 0
0.672719 -0.158686 0.231886 0 0 0
0.673511 -0.159682 0.232351 0 0 0
0.674797 -0.160359 0.232381 255 0 0
0.675899 -0.160848 0.232319 255 0 0
0.678270 -0.161196 0.231464 255 0 0
0.679407 -0.161696 0.231395 0 0 0
0.680478 -0.162183 0.231341 0 0 0
0.585872 -0.097877 0.210519 255 0 0
0.586618 -0.099737 0.211959 255 0 0
0.587333 -0.101568 0.213276 255 0 0
0.588134 -0.103464 0.214648 255 0 0
0.589176 -0.104496 0.215438 255 0 0
0.590309 -0.105610 0.216282 0 0 0
0.591396 -0.106805 0.216980 0 0 0
0.592325 -0.107967 0.217481 0 0 0
0.593360 -0.109967 0.218873 0 0 0
0.594464 -0.110329 0.219094 0 0 0
0.595561 -0.111662 0.219480 0 0 0
0.596714 -0.112785 0.220325 0 0 0
0.597832 -0.114043 0.220850 0 0 0
0.599053 -0.114455 0.221145 255 0 0
0.600258 -0.115647 0.221810 255 0 0
0.601191 -0.116664 0.222318 0 0 0
0.602092 -0.118827 0.223780 0 0 0
0.603166 -0.119221 0.223822 0 0 0
0.604342 -0.120384 0.224456 0 0 0
0.605485 -0.121549 0.225087 0 0 0
0.606679 -0.122049 0.225173 255 0 0
0.607852 -0.123229 0.225819 255 0 0
0.608832 -0.124380 0.226494 0 0 0
0.609895 -0.125747 0.227108 0 0 0
0.611053 -0.126249 0.227185 0 0 0
0.612189 -0.127426 0.227811 0 0 0
0.613226 -0.128669 0.228295 0 0 0
0.614413 -0.129178 0.228491 255 0 0
0.615612 -0.130390 0.228949 255 0 0
0.616896 -0.130722 0.229301 255 0 0
0.617930 -0.132020 0.229804 255 0 0
0.619040 -0.133210 0.230427 255 0 0
0.620209 -0.133680 0.230636 255 0 0
0.621351 -0.134929 0.231046 255 0 0
0.622481 -0.135538 0.231123 0 0 0
0.623686 -0.136678 0.231672 0 0 0
0.624873 -0.137180 0.231774 0 0 0
0.626038 -0.138441 0.232309 0 0 0
0.627252 -0.139006 0.232316 0 0 0
0.628585 -0.139540 0.232344 255 0 0
0.629717 -0.140749 0.232874 255 0 0
0.631002 -0.141264 0.232891 255 0 0
0.632246 -0.141880 0.232894 255 0 0
0.633353 -0.143179 0.233426 255 0 0
0.634530 -0.143645 0.233517 255 0 0
0.635630 -0.144940 0.234046 255 0 0
0.636844 -0.145552 0.234045 255 0 0
0.638229 -0.146162 0.233979 255 0 0
0.639669 -0.146688 0.233927 255 0 0
0.640910 -0.147247 0.233953 255 0 0
0.642035 -0.148369 0.234471 255 0 0
0.643282 -0.148957 0.234491 255 0 0
0.644657 -0.149570 0.234425 255 0 0
0.646020 -0.150176 0.234354 255 0 0
0.647382 -0.150785 0.234283 0 0 0
0.648740 -0.151399 0.234211 0 0 0
0.650104 -0.152006 0.234141 0 0 0
0.651460 -0.152569 0.234078 0 0 0
0.652890 -0.153085 0.234021 0 0 0
0.654259 -0.153684 0.233952 0 0 0
0.655612 -0.154298 0.233880 0 0 0
0.656985 -0.154939 0.233804 0 0 0
0.658287 -0.155641 0.233717 0 0 0
0.659639 -0.156247 0.233646 0 0 0
0.661006 -0.156852 0.233576 0 0 0
0.662362 -0.157414 0.233514 0 0 0
0.663795 -0.157931 0.233457 0 0 0
0.665152 -0.158532 0.233386 0 0 0
0.666446 -0.159240 0.233299 255 0 0
0.667822 -0.159878 0.233223 255 0 0
0.669182 -0.160484 0.233152 255 0 0
0.670540 -0.161094 0.233083 0 0 0
0.671907 -0.161701 0.233012 0 0 0
0.673270 -0.162302 0.232940 0 0 0
0.674633 -0.162908 0.232870 0 0 0
0.676026 -0.163532 0.232798 0 0 0
0.677109 -0.164008 0.232732 255 0 0
0.679526 -0.164384 0.231872 255 0 0
0.680280 -0.164720 0.231826 0 0 0
0.585673 -0.101526 0.211370 255 0 0
0.586580 -0.103255 0.213056 255 0 0
0.587523 -0.104191 0.213778 255 0 0
0.588432 -0.106194 0.215209 255 0 0
0.589354 -0.107366 0.215710 255 0 0
0.590604 -0.108549 0.216380 255 0 0
0.591733 -0.108831 0.216635 0 0 0
0.592777 -0.110811 0.218154 0 0 0
0.593854 -0.111966 0.218619 0 0 0
0.594981 -0.112347 0.218776 0 0 0
0.596073 -0.114447 0.220054 0 0 0
0.597143 -0.114847 0.220183 0 0 0
0.598283 -0.116123 0.220705 255 0 0
0.599281 -0.117100 0.221350 255 0 0
0.600044 -0.119202 0.222905 255 0 0
0.601158 -0.120175 0.223493 0 0 0
0.602299 -0.120750 0.223567 0 0 0
0.603453 -0.121957 0.224201 0 0 0
0.604449 -0.123108 0.224884 0 0 0
0.605416 -0.124357 0.225573 255 0 0
0.606424 -0.125506 0.226271 255 0 0
0.607578 -0.126667 0.226910 255 0 0
0.608908 -0.127193 0.226933 0 0 0
0.610169 -0.127764 0.226944 0 0 0
0.611435 -0.128926 0.227523 255 0 0
0.612656 -0.129346 0.227738 255 0 0
0.613849 -0.130654 0.228173 255 0 0
0.614921 -0.131004 0.228332 255 0 0
0.615821 -0.133199 0.229561 255 0 0
0.616859 -0.133585 0.229613 255 0 0
0.618104 -0.134748 0.230167 255 0 0
0.619226 -0.135312 0.230252 0 0 0
0.620443 -0.136457 0.230805 0 0 0
0.621624 -0.136960 0.230907 0 0 0
0.622651 -0.138214 0.231514 0 0 0
0.623660 -0.139403 0.232116 0 0 0
0.625040 -0.139860 0.232160 0 0 0
0.626267 -0.140434 0.232168 0 0 0
0.627386 -0.141754 0.232704 0 0 0
0.628562 -0.142203 0.232793 0 0 0
0.629678 -0.143509 0.233326 0 0 0
0.630913 -0.144120 0.233329 255 0 0
0.632195 -0.144635 0.233349 255 0 0
0.633309 -0.145831 0.233875 255 0 0
0.634619 -0.146352 0.233904 255 0 0
0.635986 -0.146925 0.233845 255 0 0
0.637350 -0.147532 0.233775 255 0 0
0.638719 -0.148156 0.233707 255 0 0
0.639961 -0.148755 0.233726 255 0 0
0.641084 -0.149872 0.234244 255 0 0
0.642330 -0.150460 0.234265 255 0 0
0.643702 -0.151076 0.234199 255 0 0
0.645060 -0.151689 0.234127 255 0 0
0.646412 -0.152252 0.234065 255 0 0
0.647839 -0.152766 0.234008 255 0 0
0.649218 -0.153374 0.233942 0 0 0
0.650434 -0.153997 0.233948 0 0 0
0.651460 -0.155305 0.234454 0 0 0
0.652672 -0.155928 0.234459 0 0 0
0.654072 -0.156553 0.234390 0 0 0
0.655166 -0.157038 0.234321 0 0 0
0.657601 -0.157102 0.233517 0 0 0
0.658697 -0.157586 0.233448 0 0 0
0.660099 -0.158212 0.233379 0 0 0
0.661323 -0.158845 0.233389 0 0 0
0.662318 -0.160127 0.233887 0 0 0
0.663537 -0.160758 0.233896 0 0 0
0.664905 -0.161371 0.233829 0 0 0
0.666264 -0.161974 0.233759 0 0 0
0.667624 -0.162578 0.233689 0 0 0
0.668972 -0.163134 0.233628 0 0 0
0.670402 -0.163651 0.233570 0 0 0
0.671766 -0.164248 0.233501 0 0 0
0.673124 -0.164851 0.233431 0 0 0
0.674479 -0.165455 0.233360 0 0 0
0.675883 -0.166110 0.233280 0 0 0
0.676898 -0.166695 0.233199 0 0 0
0.679357 -0.166934 0.232362 0 0 0
0.680121 -0.167290 0.232311 0 0 0
0.585286 -0.102278 0.210644 255 0 0
0.585685 -0.104938 0.212621 255 0 0
0.586624 -0.105848 0.213349 255 0 0
0.587669 -0.107855 0.214748 255 0 0
0.588775 -0.108210 0.214985 255 0 0
0.589989 -0.109218 0.215646 255 0 0
0.590693 -0.111493 0.216859 255 0 0
0.591743 -0.112472 0.217547 0 0 0
0.592791 -0.113668 0.218228 0 0 0
0.593826 -0.114920 0.218914 255 0 0
0.595054 -0.116001 0.219606 255 0 0
0.596217 -0.116512 0.219778 0 0 0
0.597319 -0.117601 0.220375 0 0 0
0.598102 -0.119691 0.221775 0 0 0
0.599091 -0.120644 0.222450 255 0 0
0.600247 -0.121833 0.223106 255 0 0
0.601389 -0.122323 0.223289 255 0 0
0.602631 -0.123398 0.223967 255 0 0
0.603623 -0.124643 0.224669 255 0 0
0.604616 -0.125787 0.225357 255 0 0
0.605632 -0.126969 0.226053 255 0 0
0.606682 -0.128199 0.226549 255 0 0
0.607983 -0.128718 0.226675 255 0 0
0.609276 -0.129318 0.226700 255 0 0
0.610363 -0.130478 0.227310 255 0 0
0.611462 -0.131735 0.227937 0 0 0
0.612607 -0.132235 0.228020 0 0 0
0.613703 -0.133501 0.228646 0 0 0
0.614793 -0.134609 0.229158 255 0 0
0.615949 -0.135082 0.229358 255 0 0
0.617208 -0.136267 0.229931 255 0 0
0.618324 -0.136828 0.230020 255 0 0
0.619388 -0.137989 0.230629 0 0 0
0.620440 -0.139190 0.231257 0 0 0
0.621682 -0.139635 0.231380 0 0 0
0.622700 -0.140834 0.231990 0 0 0
0.623697 -0.142081 0.232587 0 0 0
0.624951 -0.142651 0.232613 0 0 0
0.626296 -0.143099 0.232642 0 0 0
0.627402 -0.144400 0.233173 0 0 0
0.628673 -0.144916 0.233185 0 0 0
0.630054 -0.145500 0.233129 255 0 0
0.631295 -0.146093 0.233146 0 0 0
0.632442 -0.147228 0.233671 0 0 0
0.633676 -0.147816 0.233688 255 0 0
0.635048 -0.148432 0.233621 255 0 0
0.636411 -0.149042 0.233551 255 0 0
0.637769 -0.149619 0.233491 255 0 0
0.639082 -0.150142 0.233523 255 0 0
0.640179 -0.151355 0.234040 255 0 0
0.641385 -0.151949 0.234045 255 0 0
0.642745 -0.152529 0.233986 255 0 0
0.644181 -0.153051 0.233933 255 0 0
0.645400 -0.153663 0.233939 255 0 0
0.646442 -0.154973 0.234449 255 0 0
0.647644 -0.155599 0.234453 255 0 0
0.649006 -0.156159 0.234396 255 0 0
0.650506 -0.156582 0.234352 255 0 0
0.651859 -0.157131 0.234291 0 0 0
0.653219 -0.157734 0.234222 0 0 0
0.654561 -0.158339 0.234150 0 0 0
0.655847 -0.159048 0.234063 0 0 0
0.657217 -0.159684 0.233988 0 0 0
0.658568 -0.160286 0.233917 0 0 0
0.659931 -0.160883 0.233848 0 0 0
0.661357 -0.161397 0.233790 0 0 0
0.662703 -0.161953 0.233729 0 0 0
0.664062 -0.162555 0.233660 0 0 0
0.665417 -0.163158 0.233589 0 0 0
0.666783 -0.163770 0.233523 0 0 0
0.668010 -0.164405 0.233538 0 0 0
0.669026 -0.165546 0.234040 0 0 0
0.670254 -0.166176 0.234064 0 0 0
0.671619 -0.166787 0.233998 0 0 0
0.673007 -0.167403 0.233925 0 0 0
0.674074 -0.167868 0.233860 0 0 0
0.676494 -0.168089 0.233024 0 0 0
0.677535 -0.168687 0.232940 0 0 0
0.678676 -0.169234 0.232857 0 0 0
0.680736 -0.169467 0.232028 0 0 0
0.585219 -0.105624 0.211859 255 0 0
0.585956 -0.107616 0.213192 255 0 0
0.587009 -0.108640 0.213974 255 0 0
0.587943 -0.109777 0.214492 255 0 0
0.588930 -0.111880 0.215850 0 0 0
0.590084 -0.112176 0.216121 0 0 0
0.591236 -0.113400 0.216655 0 0 0
0.592373 -0.114485 0.217508 0 0 0
0.593424 -0.115676 0.218209 0 0 0
0.594445 -0.116928 0.218763 0 0 0
0.595454 -0.118142 0.219323 0 0 0
0.596542 -0.119255 0.220170 255 0 0
0.597623 -0.120339 0.221039 255 0 0
0.598642 -0.121470 0.221734 255 0 0
0.599711 -0.122637 0.222445 255 0 0
0.600625 -0.123639 0.222953 255 0 0
0.601518 -0.125799 0.224427 255 0 0
0.602567 -0.126184 0.224474 255 0 0
0.603728 -0.127338 0.225110 255 0 0
0.604892 -0.128512 0.225763 255 0 0
0.606051 -0.128990 0.225951 255 0 0
0.607241 -0.130217 0.226390 255 0 0
0.608432 -0.130737 0.226476 255 0 0
0.609531 -0.131995 0.227107 255 0 0
0.610625 -0.133157 0.227719 255 0 0
0.611742 -0.133714 0.227801 255 0 0
0.613017 -0.134894 0.228380 0 0 0
0.614165 -0.135375 0.228578 255 0 0
0.615205 -0.136631 0.229070 255 0 0
0.616239 -0.137879 0.229559 255 0 0
0.617391 -0.138352 0.229766 255 0 0
0.618512 -0.139500 0.230422 255 0 0
0.619444 -0.140616 0.231104 0 0 0
0.620498 -0.141858 0.231731 0 0 0
0.621667 -0.142356 0.231842 0 0 0
0.622866 -0.143485 0.232392 0 0 0
0.623943 -0.144042 0.232472 0 0 0
0.625092 -0.145302 0.233006 0 0 0
0.626393 -0.145813 0.233033 0 0 0
0.627753 -0.146393 0.232973 0 0 0
0.629128 -0.147010 0.232907 0 0 0
0.630366 -0.147594 0.232925 0 0 0
0.631512 -0.148730 0.233450 0 0 0
0.632746 -0.149312 0.233468 0 0 0
0.634119 -0.149925 0.233402 0 0 0
0.635482 -0.150499 0.233342 255 0 0
0.636749 -0.151028 0.233357 255 0 0
0.637829 -0.152337 0.233877 255 0 0
0.639094 -0.152865 0.233892 255 0 0
0.640459 -0.153409 0.233844 255 0 0
0.641729 -0.153943 0.233861 255 0 0
0.642784 -0.155252 0.234375 255 0 0
0.643990 -0.155868 0.234380 255 0 0
0.645416 -0.156342 0.234335 0 0 0
0.646843 -0.156815 0.234290 255 0 0
0.648064 -0.157428 0.234300 255 0 0
0.649134 -0.158612 0.234817 255 0 0
0.650347 -0.159226 0.234833 0 0 0
0.651706 -0.159837 0.234768 0 0 0
0.653071 -0.160472 0.234692 0 0 0
0.654354 -0.161183 0.234606 0 0 0
0.655680 -0.161736 0.234544 0 0 0
0.657107 -0.162245 0.234487 0 0 0
0.658466 -0.162839 0.234418 0 0 0
0.659815 -0.163439 0.234348 0 0 0
0.661166 -0.164040 0.234278 0 0 0
0.662517 -0.164641 0.234208 0 0 0
0.663868 -0.165241 0.234138 0 0 0
0.665230 -0.165851 0.234073 0 0 0
0.666462 -0.166477 0.234100 0 0 0
0.667528 -0.167484 0.234611 0 0 0
0.668756 -0.168107 0.234638 0 0 0
0.670116 -0.168717 0.234573 0 0 0
0.671465 -0.169316 0.234503 0 0 0
0.672849 -0.169931 0.234430 0 0 0
0.673903 -0.170396 0.234366 255 0 0
0.676313 -0.170780 0.233501 255 0 0
0.677107 -0.171140 0.233436 255 0 0
0.679256 -0.171386 0.232578 255 0 0
0.681074 -0.171520 0.231749 255 0 0
0.585076 -0.109324 0.212761 255 0 0
0.586046 -0.110369 0.213400 255 0 0
0.587182 -0.111468 0.214267 255 0 0
0.588325 -0.112582 0.215118 0 0 0
0.589442 -0.113898 0.215520 0 0 0
0.590538 -0.114284 0.215736 0 0 0
0.591516 -0.116350 0.216984 0 0 0
0.592625 -0.117427 0.217612 0 0 0
0.593816 -0.117875 0.217897 0 0 0
0.594925 -0.118931 0.218533 0 0 0
0.595719 -0.120977 0.219816 0 0 0
0.596721 -0.121960 0.220618 0 0 0
0.597749 -0.123147 0.221335 255 0 0
0.598675 -0.124182 0.221975 255 0 0
0.599448 -0.126268 0.223387 255 0 0
0.600537 -0.127211 0.224017 255 0 0
0.601678 -0.127701 0.224212 255 0 0
0.602850 -0.128881 0.224869 0 0 0
0.603983 -0.130022 0.225506 0 0 0
0.605155 -0.130516 0.225600 0 0 0
0.606239 -0.131778 0.226215 255 0 0
0.607317 -0.133034 0.226827 255 0 0
0.608486 -0.133527 0.226922 255 0 0
0.609733 -0.134688 0.227485 255 0 0
0.610856 -0.135275 0.227559 0 0 0
0.612025 -0.136528 0.227986 0 0 0
0.613173 -0.136998 0.228184 0 0 0
0.614467 -0.138166 0.228784 0 0 0
0.615616 -0.138637 0.228989 255 0 0
0.616638 -0.139847 0.229490 255 0 0
0.617608 -0.141004 0.230191 255 0 0
0.618578 -0.142158 0.230892 255 0 0
0.619584 -0.143354 0.231391 255 0 0
0.620723 -0.143829 0.231601 255 0 0
0.621954 -0.144990 0.232170 255 0 0
0.623060 -0.145542 0.232268 255 0 0
0.624244 -0.146689 0.232806 255 0 0
0.625466 -0.147276 0.232821 255 0 0
0.626836 -0.147892 0.232755 0 0 0
0.628206 -0.148507 0.232689 0 0 0
0.629437 -0.149095 0.232706 255 0 0
0.630584 -0.150222 0.233233 255 0 0
0.631818 -0.150802 0.233252 0 0 0
0.633201 -0.151425 0.233190 0 0 0
0.634396 -0.152018 0.233195 0 0 0
0.635501 -0.153232 0.233715 0 0 0
0.636801 -0.153753 0.233747 0 0 0
0.638166 -0.154337 0.233692 0 0 0
0.639368 -0.154927 0.233701 0 0 0
0.640459 -0.156130 0.234217 0 0 0
0.641754 -0.156609 0.234259 0 0 0
0.643189 -0.157087 0.234219 0 0 0
0.644397 -0.157708 0.234227 0 0 0
0.645430 -0.158987 0.234749 0 0 0
0.646557 -0.159528 0.234852 0 0 0
0.647654 -0.160710 0.235379 255 0 0
0.648838 -0.161281 0.235396 255 0 0
0.650300 -0.161811 0.235340 0 0 0
0.651388 -0.162292 0.235269 0 0 0
0.653765 -0.162478 0.234451 0 0 0
0.654702 -0.162978 0.234457 0 0 0
0.655723 -0.164299 0.234958 0 0 0
0.656922 -0.164921 0.234968 0 0 0
0.658281 -0.165526 0.234903 0 0 0
0.659633 -0.166120 0.234834 0 0 0
0.660973 -0.166727 0.234763 0 0 0
0.662321 -0.167326 0.234694 0 0 0
0.663668 -0.167880 0.234639 0 0 0
0.664961 -0.168419 0.234676 0 0 0
0.665989 -0.169546 0.235181 0 0 0
0.667181 -0.170128 0.235207 0 0 0
0.668611 -0.170646 0.235154 0 0 0
0.669962 -0.171236 0.235085 0 0 0
0.671302 -0.171833 0.235015 0 0 0
0.672694 -0.172485 0.234936 0 0 0
0.673687 -0.173064 0.234855 0 0 0
0.675869 -0.173200 0.234008 255 0 0
0.677719 -0.173293 0.233162 255 0 0
0.679584 -0.173391 0.232311 255 0 0
0.681421 -0.173565 0.231467 255 0 0
0.584696 -0.110076 0.212065 0 0 0
0.585586 -0.111040 0.212654 255 0 0
0.586353 -0.113233 0.213893 255 0 0
0.587522 -0.114336 0.214508 255 0 0
0.588682 -0.114819 0.214673 255 0 0
0.589884 -0.115999 0.215351 255 0 0
0.590992 -0.117114 0.216198 0 0 0
0.592061 -0.118246 0.216906 0 0 0
0.593060 -0.119495 0.217473 0 0 0
0.594103 -0.120697 0.218179 0 0 0
0.595113 -0.121672 0.218981 0 0 0
0.595893 -0.123687 0.220274 255 0 0
0.596893 -0.124658 0.221079 255 0 0
0.597884 -0.125831 0.221787 255 0 0
0.598972 -0.126898 0.222669 255 0 0
0.599996 -0.128008 0.223366 255 0 0
0.600955 -0.129238 0.223926 0 0 0
0.601972 -0.130415 0.224632 0 0 0
0.602950 -0.131555 0.225320 0 0 0
0.604059 -0.132814 0.225955 0 0 0
0.605238 -0.133333 0.226043 0 0 0
0.606420 -0.134552 0.226480 0 0 0
0.607578 -0.135056 0.226666 255 0 0
0.608768 -0.136296 0.227112 0 0 0
0.610089 -0.136789 0.227259 0 0 0
0.611410 -0.137292 0.227413 0 0 0
0.612442 -0.138530 0.227901 0 0 0
0.613478 -0.139778 0.228395 0 0 0
0.614620 -0.140254 0.228602 255 0 0
0.615744 -0.141394 0.229258 255 0 0
0.616717 -0.142543 0.229958 255 0 0
0.617751 -0.143737 0.230482 255 0 0
0.618935 -0.144125 0.230811 255 0 0
0.619971 -0.145355 0.231324 255 0 0
0.620974 -0.146585 0.231809 255 0 0
0.622126 -0.147089 0.232018 255 0 0
0.623258 -0.148296 0.232447 255 0 0
0.624518 -0.148781 0.232585 255 0 0
0.625923 -0.149386 0.232540 255 0 0
0.627281 -0.149955 0.232481 255 0 0
0.628578 -0.150474 0.232511 255 0 0
0.629699 -0.151701 0.233036 0 0 0
0.630892 -0.152289 0.233040 0 0 0
0.632258 -0.152872 0.232985 0 0 0
0.633568 -0.153386 0.233020 0 0 0
0.634669 -0.154552 0.233546 0 0 0
0.635915 -0.155057 0.233566 0 0 0
0.637300 -0.155670 0.233506 0 0 0
0.638542 -0.156280 0.233530 0 0 0
0.639630 -0.157452 0.234055 0 0 0
0.640725 -0.157973 0.234149 0 0 0
0.641791 -0.159292 0.234672 0 0 0
0.642992 -0.159859 0.234691 0 0 0
0.644338 -0.160314 0.234729 0 0 0
0.645370 -0.161566 0.235247 255 0 0
0.646631 -0.162058 0.235280 255 0 0
0.647900 -0.162545 0.235314 255 0 0
0.648952 -0.163860 0.235823 255 0 0
0.649869 -0.164345 0.235829 255 0 0
0.652243 -0.164544 0.235007 255 0 0
0.653327 -0.165023 0.234936 0 0 0
0.654776 -0.165542 0.234876 0 0 0
0.656106 -0.166089 0.234816 0 0 0
0.657466 -0.166724 0.234741 0 0 0
0.658729 -0.167382 0.234664 0 0 0
0.660135 -0.167889 0.234606 0 0 0
0.661498 -0.168489 0.234542 0 0 0
0.662701 -0.169118 0.234556 0 0 0
0.663677 -0.170388 0.235055 0 0 0
0.664944 -0.170892 0.235094 0 0 0
0.666221 -0.171394 0.235136 0 0 0
0.667185 -0.172654 0.235630 0 0 0
0.668377 -0.173293 0.235646 0 0 0
0.669758 -0.173909 0.235579 0 0 0
0.670816 -0.174381 0.235513 0 0 0
0.673329 -0.174505 0.234685 0 0 0
0.674001 -0.175039 0.234597 0 0 0
0.676195 -0.175200 0.233748 0 0 0
0.678340 -0.175498 0.232881 0 0 0
0.679035 -0.175928 0.232807 255 0 0
0.681791 -0.175578 0.231180 255 0 0
0.584695 -0.113572 0.213039 255 0 0
0.585709 -0.113975 0.213148 255 0 0
0.587083 -0.115198 0.213756 255 0 0
0.588098 -0.115692 0.213768 255 0 0
0.589086 -0.117772 0.214983 255 0 0
0.590059 -0.118845 0.215640 255 0 0
0.591113 -0.119987 0.216354 255 0 0
0.592228 -0.121066 0.217216 255 0 0
0.593253 -0.122232 0.217923 255 0 0
0.594281 -0.123406 0.218638 255 0 0
0.595284 -0.124376 0.219442 0 0 0
0.596072 -0.126425 0.220736 0 0 0
0.596988 -0.127430 0.221388 0 0 0
0.598078 -0.128511 0.222263 0 0 0
0.599073 -0.129663 0.222971 0 0 0
0.600087 -0.130806 0.223684 0 0 0
0.601095 -0.131941 0.224395 0 0 0
0.602111 -0.133107 0.225100 0 0 0
0.603162 -0.134315 0.225605 0 0 0
0.604478 -0.134819 0.225749 0 0 0
0.605798 -0.135323 0.225897 0 0 0
0.606992 -0.136560 0.226344 0 0 0
0.608156 -0.137090 0.226525 0 0 0
0.609258 -0.138402 0.226828 0 0 0
0.610423 -0.138929 0.227010 255 0 0
0.611638 -0.140158 0.227485 0 0 0
0.612828 -0.140547 0.227803 0 0 0
0.613875 -0.141741 0.228328 0 0 0
0.614860 -0.142930 0.229026 0 0 0
0.615896 -0.144122 0.229550 0 0 0
0.617077 -0.144514 0.229877 0 0 0
0.618107 -0.145703 0.230400 255 0 0
0.619224 -0.146869 0.231048 255 0 0
0.620361 -0.147328 0.231263 255 0 0
0.621510 -0.148542 0.231703 255 0 0
0.622661 -0.149041 0.231910 255 0 0
0.623758 -0.150245 0.232314 255 0 0
0.625006 -0.150873 0.232328 255 0 0
0.626222 -0.151507 0.232328 255 0 0
0.627265 -0.152791 0.232697 255 0 0
0.628591 -0.153217 0.232872 0 0 0
0.629989 -0.153747 0.232846 0 0 0
0.631246 -0.154266 0.232862 0 0 0
0.632347 -0.155592 0.233393 0 0 0
0.633438 -0.156099 0.233484 0 0 0
0.634535 -0.157288 0.234012 0 0 0
0.635765 -0.157891 0.234034 0 0 0
0.637146 -0.158500 0.233975 0 0 0
0.638394 -0.159002 0.234001 0 0 0
0.639470 -0.160158 0.234520 0 0 0
0.640787 -0.160683 0.234563 255 0 0
0.641976 -0.161231 0.234586 255 0 0
0.643043 -0.162437 0.235099 255 0 0
0.644345 -0.162919 0.235149 255 0 0
0.645597 -0.163415 0.235183 255 0 0
0.646634 -0.164703 0.235696 0 0 0
0.647892 -0.165225 0.235718 0 0 0
0.649218 -0.165790 0.235659 255 0 0
0.650494 -0.166490 0.235575 255 0 0
0.651844 -0.167125 0.235499 255 0 0
0.653173 -0.167729 0.235429 255 0 0
0.654544 -0.168332 0.235357 255 0 0
0.655614 -0.168794 0.235290 255 0 0
0.657914 -0.168925 0.234594 0 0 0
0.658659 -0.170043 0.235054 0 0 0
0.659856 -0.170696 0.235077 0 0 0
0.661214 -0.171295 0.235014 0 0 0
0.662631 -0.171754 0.234972 0 0 0
0.663887 -0.172248 0.235008 0 0 0
0.664863 -0.173504 0.235507 0 0 0
0.666121 -0.173988 0.235544 0 0 0
0.667538 -0.174444 0.235501 0 0 0
0.668884 -0.175030 0.235434 0 0 0
0.670246 -0.175686 0.235353 0 0 0
0.671168 -0.176361 0.235259 0 0 0
0.673668 -0.176493 0.234427 0 0 0
0.674393 -0.176943 0.234349 255 0 0
0.676536 -0.177235 0.233480 255 0 0
0.678476 -0.177229 0.232643 255 0 0
0.680537 -0.177683 0.231762 255 0 0
0.681243 -0.178109 0.231676 255 0 0
0.585008 -0.115812 0.212600 255 0 0
0.586181 -0.116848 0.213338 255 0 0
0.587293 -0.117420 0.213398 255 0 0
0.588557 -0.118548 0.214196 255 0 0
0.589615 -0.119688 0.214910 255 0 0
0.590583 -0.120749 0.215568 255 0 0
0.591394 -0.122786 0.216866 255 0 0
0.592407 -0.123764 0.217672 255 0 0
0.593435 -0.124931 0.218387 255 0 0
0.594447 -0.126098 0.219098 255 0 0
0.595548 -0.127176 0.219973 0 0 0
0.596466 -0.128177 0.220627 255 0 0
0.597255 -0.130264 0.221921 255 0 0
0.598152 -0.131262 0.222561 255 0 0
0.599240 -0.132320 0.223453 255 0 0
0.600231 -0.133496 0.224155 255 0 0
0.601317 -0.134709 0.224690 255 0 0
0.602517 -0.135126 0.224988 255 0 0
0.603659 -0.136442 0.225319 255 0 0
0.604819 -0.136972 0.225498 255 0 0
0.606014 -0.138204 0.225946 255 0 0
0.607327 -0.138699 0.226094 0 0 0
0.608654 -0.139228 0.226235 0 0 0
0.609757 -0.140526 0.226545 0 0 0
0.610958 -0.140938 0.226863 0 0 0
0.612009 -0.142134 0.227393 0 0 0
0.613000 -0.143317 0.228092 0 0 0
0.614041 -0.144507 0.228619 0 0 0
0.615221 -0.144899 0.228944 0 0 0
0.616256 -0.146089 0.229474 0 0 0
0.617221 -0.147230 0.230176 255 0 0
0.618291 -0.148371 0.230810 0 0 0
0.619384 -0.148920 0.230911 0 0 0
0.620583 -0.150077 0.231458 255 0 0
0.621689 -0.150673 0.231552 255 0 0
0.622782 -0.151882 0.231946 255 0 0
0.624041 -0.152358 0.232096 255 0 0
0.625485 -0.152916 0.232085 255 0 0
0.626809 -0.153340 0.232261 255 0 0
0.627859 -0.154630 0.232635 255 0 0
0.628914 -0.155277 0.232697 255 0 0
0.629961 -0.156558 0.233078 255 0 0
0.631295 -0.156989 0.233252 255 0 0
0.632557 -0.157529 0.233308 255 0 0
0.633682 -0.158641 0.233832 255 0 0
0.634903 -0.159213 0.233856 255 0 0
0.636272 -0.159827 0.233797 255 0 0
0.637494 -0.160412 0.233823 255 0 0
0.638600 -0.161518 0.234340 255 0 0
0.639828 -0.162111 0.234371 255 0 0
0.641063 -0.162705 0.234405 255 0 0
0.642172 -0.163802 0.234926 255 0 0
0.643237 -0.164371 0.235033 255 0 0
0.644306 -0.165571 0.235551 255 0 0
0.645605 -0.166085 0.235592 255 0 0
0.646925 -0.166602 0.235543 255 0 0
0.648344 -0.167147 0.235481 255 0 0
0.649624 -0.167842 0.235398 255 0 0
0.650940 -0.168384 0.235337 0 0 0
0.652351 -0.168877 0.235281 0 0 0
0.653709 -0.169503 0.235206 255 0 0
0.654957 -0.170216 0.235119 255 0 0
0.656216 -0.170920 0.235035 255 0 0
0.657633 -0.171403 0.234981 255 0 0
0.659035 -0.171849 0.234933 0 0 0
0.660391 -0.172447 0.234871 0 0 0
0.661580 -0.173085 0.234888 0 0 0
0.662538 -0.174293 0.235390 0 0 0
0.663890 -0.174751 0.235439 0 0 0
0.665083 -0.175335 0.235472 0 0 0
0.666033 -0.176605 0.235966 0 0 0
0.667254 -0.177243 0.235981 0 0 0
0.668311 -0.177716 0.235921 0 0 0
0.670793 -0.177776 0.235101 0 0 0
0.671820 -0.178404 0.235010 255 0 0
0.672854 -0.179010 0.234909 255 0 0
0.674928 -0.179271 0.234059 255 0 0
0.676867 -0.179262 0.233218 255 0 0
0.678729 -0.179406 0.232356 255 0 0
0.680687 -0.179400 0.231511 255 0 0
0.682407 -0.179704 0.230669 255 0 0
0.584565 -0.116503 0.211865 0 0 0
0.585387 -0.118578 0.213000 0 0 0
0.586420 -0.118970 0.213123 0 0 0
0.587665 -0.120179 0.213795 0 0 0
0.588724 -0.121341 0.214506 255 0 0
0.589767 -0.122511 0.215221 255 0 0
0.590785 -0.123488 0.216028 255 0 0
0.591594 -0.125530 0.217329 255 0 0
0.592521 -0.126548 0.217974 255 0 0
0.593628 -0.127622 0.218863 255 0 0
0.594633 -0.128780 0.219574 255 0 0
0.595638 -0.129930 0.220286 255 0 0
0.596733 -0.130999 0.221167 255 0 0
0.597685 -0.131888 0.221853 255 0 0
0.598388 -0.134072 0.223115 255 0 0
0.599456 -0.135088 0.223738 255 0 0
0.600634 -0.135521 0.224043 255 0 0
0.601808 -0.136829 0.224400 255 0 0
0.603007 -0.137236 0.224700 255 0 0
0.604242 -0.138468 0.225180 255 0 0
0.605401 -0.138997 0.225361 255 0 0
0.606489 -0.140307 0.225651 255 0 0
0.607804 -0.140794 0.225808 255 0 0
0.609182 -0.141229 0.225986 0 0 0
0.610177 -0.142513 0.226477 0 0 0
0.611139 -0.143706 0.227159 255 0 0
0.612184 -0.144895 0.227685 255 0 0
0.613365 -0.145284 0.228012 255 0 0
0.614402 -0.146473 0.228542 0 0 0
0.615378 -0.147670 0.229246 0 0 0
0.616243 -0.148815 0.229789 0 0 0
0.617412 -0.149858 0.230599 0 0 0
0.618486 -0.150456 0.230693 0 0 0
0.619591 -0.151662 0.231092 0 0 0
0.620888 -0.152101 0.231273 0 0 0
0.622261 -0.152528 0.231465 0 0 0
0.623327 -0.153821 0.231854 0 0 0
0.624377 -0.154457 0.231913 0 0 0
0.625438 -0.155744 0.232298 255 0 0
0.626749 -0.156171 0.232465 255 0 0
0.628188 -0.156729 0.232455 255 0 0
0.629446 -0.157204 0.232610 255 0 0
0.630505 -0.158396 0.232998 255 0 0
0.631618 -0.158994 0.233103 255 0 0
0.632752 -0.160114 0.233631 255 0 0
0.633966 -0.160691 0.233657 255 0 0
0.635333 -0.161306 0.233598 255 0 0
0.636554 -0.161883 0.233625 255 0 0
0.637661 -0.162989 0.234143 255 0 0
0.638880 -0.163528 0.234183 255 0 0
0.640187 -0.164055 0.234228 255 0 0
0.641264 -0.165257 0.234750 255 0 0
0.642329 -0.165819 0.234859 255 0 0
0.643427 -0.166915 0.235377 255 0 0
0.644654 -0.167507 0.235412 255 0 0
0.645857 -0.168122 0.235445 255 0 0
0.646644 -0.169159 0.235904 255 0 0
0.648977 -0.169271 0.235236 255 0 0
0.649886 -0.169757 0.235245 255 0 0
0.650948 -0.171072 0.235751 255 0 0
0.651847 -0.171555 0.235762 255 0 0
0.654309 -0.171630 0.234952 255 0 0
0.655379 -0.172100 0.234890 255 0 0
0.656594 -0.172737 0.234903 255 0 0
0.657574 -0.174019 0.235405 0 0 0
0.658737 -0.174591 0.235429 0 0 0
0.660180 -0.175101 0.235382 0 0 0
0.661447 -0.175631 0.235417 0 0 0
0.662389 -0.176854 0.235918 0 0 0
0.663567 -0.177416 0.235948 0 0 0
0.665072 -0.177829 0.235906 0 0 0
0.666396 -0.178355 0.235849 0 0 0
0.667724 -0.178988 0.235773 0 0 0
0.668939 -0.179820 0.235670 0 0 0
0.669986 -0.180321 0.235597 0 0 0
0.672242 -0.180276 0.234774 0 0 0
0.674337 -0.180604 0.233911 0 0 0
0.675013 -0.181083 0.233807 0 0 0
0.677117 -0.181428 0.232938 0 0 0
0.679062 -0.181429 0.232094 0 0 0
0.680932 -0.181569 0.231229 0 0 0
0.682740 -0.181674 0.230396 0 0 0
0.584840 -0.119457 0.212322 0 0 0
0.585671 -0.120646 0.212665 0 0 0
0.586776 -0.121802 0.213391 0 0 0
0.587895 -0.122879 0.214260 255 0 0
0.588929 -0.124039 0.214971 0 0 0
0.589954 -0.125208 0.215684 255 0 0
0.591063 -0.126296 0.216558 255 0 0
0.592048 -0.127193 0.217250 255 0 0
0.592842 -0.129268 0.218683 255 0 0
0.593769 -0.130295 0.219332 255 0 0
0.594811 -0.131459 0.220062 255 0 0
0.595718 -0.132487 0.220709 255 0 0
0.596638 -0.134541 0.222097 255 0 0
0.597714 -0.134785 0.222394 255 0 0
0.598900 -0.135875 0.223080 255 0 0
0.600005 -0.137124 0.223594 255 0 0
0.601154 -0.137620 0.223783 255 0 0
0.602222 -0.138867 0.224289 255 0 0
0.603272 -0.140101 0.224785 255 0 0
0.604571 -0.140570 0.224943 255 0 0
0.605947 -0.141003 0.225120 255 0 0
0.606931 -0.142331 0.225585 255 0 0
0.607922 -0.143660 0.226052 255 0 0
0.609113 -0.144066 0.226283 255 0 0
0.610399 -0.145195 0.226896 255 0 0
0.611533 -0.145659 0.227104 255 0 0
0.612551 -0.146856 0.227613 0 0 0
0.613522 -0.148001 0.228321 0 0 0
0.614651 -0.149094 0.228987 0 0 0
0.615676 -0.149390 0.229190 0 0 0
0.616598 -0.151410 0.230451 0 0 0
0.617778 -0.151779 0.230460 0 0 0
0.619075 -0.152301 0.230617 0 0 0
0.619985 -0.153576 0.231072 0 0 0
0.620979 -0.154840 0.231673 0 0 0
0.622258 -0.155345 0.231706 0 0 0
0.623661 -0.155910 0.231675 0 0 0
0.624919 -0.156386 0.231827 0 0 0
0.625979 -0.157577 0.232212 255 0 0
0.627220 -0.158208 0.232231 255 0 0
0.628442 -0.158798 0.232259 255 0 0
0.629587 -0.159915 0.232791 255 0 0
0.630700 -0.160510 0.232897 255 0 0
0.631749 -0.161694 0.233283 255 0 0
0.632997 -0.162167 0.233439 255 0 0
0.634403 -0.162770 0.233403 255 0 0
0.635620 -0.163343 0.233432 255 0 0
0.636738 -0.164458 0.233957 255 0 0
0.637795 -0.165016 0.234062 255 0 0
0.638875 -0.166220 0.234586 255 0 0
0.640175 -0.166743 0.234631 255 0 0
0.641393 -0.167282 0.234676 255 0 0
0.642477 -0.168375 0.235187 255 0 0
0.643702 -0.168960 0.235225 255 0 0
0.644936 -0.169547 0.235268 255 0 0
0.645991 -0.170622 0.235770 255 0 0
0.647134 -0.171303 0.235791 255 0 0
0.648496 -0.171934 0.235723 255 0 0
0.649900 -0.172426 0.235667 255 0 0
0.651208 -0.172969 0.235606 255 0 0
0.652466 -0.173676 0.235521 255 0 0
0.653806 -0.174308 0.235446 0 0 0
0.655142 -0.174895 0.235379 0 0 0
0.656546 -0.175353 0.235335 0 0 0
0.657794 -0.175826 0.235373 0 0 0
0.658766 -0.177102 0.235875 0 0 0
0.659931 -0.177665 0.235903 0 0 0
0.661446 -0.178086 0.235867 0 0 0
0.662621 -0.178647 0.235897 0 0 0
0.663568 -0.179914 0.236393 0 0 0
0.664780 -0.180549 0.236411 0 0 0
0.665824 -0.181026 0.236350 0 0 0
0.668326 -0.181127 0.235521 0 0 0
0.669321 -0.181701 0.235437 0 0 0
0.670322 -0.182268 0.235341 0 0 0
0.672425 -0.182544 0.234468 0 0 0
0.674331 -0.182575 0.233641 0 0 0
0.676528 -0.182763 0.232791 0 0 0
0.677188 -0.183270 0.232697 0 0 0
0.679390 -0.183448 0.231836 0 0 0
0.681542 -0.183755 0.230964 0 0 0
0.682215 -0.184212 0.230897 0 0 0
0.584176 -0.120973 0.211898 255 0 0
0.585175 -0.121385 0.212022 255 0 0
0.586271 -0.122564 0.212628 255 0 0
0.587078 -0.124630 0.213910 0 0 0
0.588030 -0.125649 0.214573 0 0 0
0.589155 -0.126742 0.215456 255 0 0
0.590122 -0.127677 0.216119 255 0 0
0.590901 -0.129811 0.217706 255 0 0
0.591825 -0.130796 0.218229 255 0 0
0.592891 -0.131951 0.218951 255 0 0
0.593896 -0.133058 0.219657 255 0 0
0.594954 -0.134116 0.220544 255 0 0
0.596035 -0.135164 0.221428 255 0 0
0.596975 -0.136377 0.221982 0 0 0
0.597931 -0.137629 0.222541 0 0 0
0.599079 -0.138755 0.223203 0 0 0
0.600198 -0.139252 0.223394 255 0 0
0.601444 -0.140488 0.223881 255 0 0
0.602623 -0.140874 0.224193 255 0 0
0.603677 -0.142110 0.224701 255 0 0
0.604689 -0.143429 0.225185 255 0 0
0.606061 -0.143860 0.225364 255 0 0
0.607365 -0.144317 0.225537 255 0 0
0.608377 -0.145511 0.226027 255 0 0
0.609488 -0.146698 0.226658 255 0 0
0.610576 -0.147245 0.226757 255 0 0
0.611671 -0.148386 0.227399 255 0 0
0.612625 -0.149493 0.228116 255 0 0
0.613542 -0.150604 0.228817 0 0 0
0.614457 -0.151815 0.229546 0 0 0
0.615429 -0.152810 0.230258 0 0 0
0.616449 -0.154030 0.230887 0 0 0
0.617687 -0.154625 0.230916 0 0 0
0.618978 -0.155116 0.230956 0 0 0
0.620140 -0.156197 0.231494 0 0 0
0.621346 -0.156776 0.231515 0 0 0
0.622714 -0.157400 0.231455 0 0 0
0.623923 -0.157981 0.231478 0 0 0
0.625075 -0.159097 0.232008 0 0 0
0.626293 -0.159629 0.232043 0 0 0
0.627595 -0.160144 0.232083 0 0 0
0.628698 -0.161365 0.232610 0 0 0
0.629906 -0.161901 0.232651 255 0 0
0.631241 -0.162330 0.232829 255 0 0
0.632258 -0.163587 0.233202 255 0 0
0.633459 -0.164216 0.233209 255 0 0
0.634687 -0.164799 0.233242 255 0 0
0.635802 -0.165910 0.233769 255 0 0
0.636899 -0.166461 0.233893 255 0 0
0.638008 -0.167559 0.234417 255 0 0
0.639226 -0.168144 0.234453 255 0 0
0.640453 -0.168730 0.234491 255 0 0
0.641537 -0.169821 0.235003 255 0 0
0.642747 -0.170354 0.235048 255 0 0
0.644050 -0.170879 0.235099 255 0 0
0.645093 -0.172057 0.235608 255 0 0
0.646265 -0.172627 0.235626 255 0 0
0.647607 -0.173224 0.235563 255 0 0
0.648928 -0.173822 0.235493 255 0 0
0.650256 -0.174416 0.235424 0 0 0
0.651589 -0.174999 0.235356 0 0 0
0.652920 -0.175589 0.235288 0 0 0
0.654243 -0.176142 0.235232 0 0 0
0.655490 -0.176673 0.235261 0 0 0
0.656478 -0.177937 0.235766 0 0 0
0.657725 -0.178420 0.235809 0 0 0
0.658981 -0.178900 0.235853 0 0 0
0.659941 -0.180166 0.236353 0 0 0
0.661122 -0.180776 0.236374 0 0 0
0.662534 -0.181277 0.236323 0 0 0
0.663851 -0.181809 0.236264 0 0 0
0.665194 -0.182419 0.236190 0 0 0
0.666162 -0.182963 0.236101 0 0 0
0.668603 -0.183265 0.235252 0 0 0
0.669387 -0.183566 0.235185 0 0 0
0.671477 -0.183880 0.234339 0 0 0
0.673668 -0.184054 0.233477 0 0 0
0.674321 -0.184553 0.233383 0 0 0
0.676866 -0.184761 0.232527 0 0 0
0.677510 -0.185292 0.232442 255 0 0
0.679714 -0.185458 0.231584 255 0 0
0.681927 -0.185587 0.230735 255 0 0
0.682571 -0.186001 0.230676 255 0 0
0.585541 -0.124432 0.212337 255 0 0
0.586538 -0.125391 0.213123 0 0 0
0.587502 -0.126420 0.213799 255 0 0
0.588226 -0.128367 0.215032 255 0 0
0.588987 -0.130257 0.216594 0 0 0
0.590108 -0.131181 0.217250 0 0 0
0.591257 -0.131604 0.217553 0 0 0
0.592438 -0.132772 0.218251 0 0 0
0.593417 -0.133680 0.218941 255 0 0
0.594197 -0.135784 0.220375 255 0 0
0.595043 -0.136870 0.220875 255 0 0
0.596234 -0.138009 0.221570 255 0 0
0.597361 -0.138405 0.221882 255 0 0
0.598545 -0.139552 0.222564 0 0 0
0.599571 -0.140842 0.222950 0 0 0
0.600757 -0.141263 0.223255 0 0 0
0.601841 -0.142495 0.223785 0 0 0
0.602922 -0.143718 0.224313 255 0 0
0.604111 -0.144127 0.224630 255 0 0
0.605229 -0.145425 0.224950 255 0 0
0.606366 -0.145918 0.225148 255 0 0
0.607511 -0.147091 0.225805 0 0 0
0.608536 -0.148280 0.226312 0 0 0
0.609661 -0.148743 0.226525 0 0 0
0.610780 -0.149878 0.227193 0 0 0
0.611728 -0.150989 0.227912 0 0 0
0.612682 -0.152081 0.228637 255 0 0
0.613630 -0.153170 0.229361 255 0 0
0.614578 -0.154322 0.230077 255 0 0
0.615557 -0.155483 0.230570 255 0 0
0.616811 -0.155968 0.230720 255 0 0
0.618082 -0.156590 0.230757 255 0 0
0.619163 -0.157781 0.231157 255 0 0
0.620407 -0.158262 0.231300 0 0 0
0.621800 -0.158825 0.231268 0 0 0
0.623083 -0.159326 0.231303 0 0 0
0.624214 -0.160564 0.231840 0 0 0
0.625221 -0.161111 0.231919 0 0 0
0.626346 -0.162344 0.232455 0 0 0
0.627632 -0.162813 0.232501 0 0 0
0.628875 -0.163289 0.232531 0 0 0
0.629954 -0.164598 0.233057 0 0 0
0.631192 -0.165107 0.233076 255 0 0
0.632542 -0.165678 0.233026 255 0 0
0.633757 -0.166251 0.233056 255 0 0
0.634874 -0.167357 0.233582 255 0 0
0.635964 -0.167908 0.233708 255 0 0
0.637072 -0.169011 0.234231 255 0 0
0.638288 -0.169592 0.234269 255 0 0
0.639513 -0.170173 0.234309 255 0 0
0.640610 -0.171269 0.234827 255 0 0
0.641658 -0.171828 0.234942 255 0 0
0.642718 -0.173016 0.235460 255 0 0
0.643995 -0.173532 0.235506 255 0 0
0.645320 -0.174083 0.235451 255 0 0
0.646647 -0.174673 0.235383 255 0 0
0.647972 -0.175262 0.235314 255 0 0
0.649297 -0.175851 0.235245 255 0 0
0.650625 -0.176441 0.235177 255 0 0
0.651952 -0.176990 0.235122 255 0 0
0.653197 -0.177517 0.235151 255 0 0
0.654180 -0.178788 0.235659 255 0 0
0.655429 -0.179259 0.235701 255 0 0
0.656677 -0.179741 0.235745 255 0 0
0.657655 -0.181002 0.236249 255 0 0
0.658894 -0.181530 0.236279 255 0 0
0.660216 -0.182069 0.236225 255 0 0
0.661534 -0.182660 0.236157 255 0 0
0.662860 -0.183242 0.236089 255 0 0
0.664214 -0.183845 0.236016 255 0 0
0.665268 -0.184270 0.235943 255 0 0
0.667595 -0.184712 0.235088 255 0 0
0.668368 -0.185015 0.235022 255 0 0
0.670834 -0.185335 0.234164 0 0 0
0.671472 -0.185831 0.234074 0 0 0
0.674013 -0.186035 0.233216 255 0 0
0.674643 -0.186561 0.233134 255 0 0
0.677189 -0.186714 0.232287 255 0 0
0.677886 -0.187161 0.232212 255 0 0
0.680285 -0.187561 0.231337 255 0 0
0.681375 -0.188066 0.231265 255 0 0
0.682403 -0.188559 0.231206 255 0 0
0.584798 -0.125872 0.212114 0 0 0
0.585624 -0.127080 0.212585 0 0 0
0.586717 -0.128168 0.213468 0 0 0
0.587742 -0.129029 0.214297 0 0 0
0.588578 -0.130973 0.215923 0 0 0
0.589525 -0.131988 0.216563 0 0 0
0.590522 -0.133225 0.217152 0 0 0
0.591508 -0.134163 0.217815 0 0 0
0.592203 -0.136344 0.219237 0 0 0
0.593344 -0.137259 0.219904 0 0 0
0.594480 -0.137663 0.220218 0 0 0
0.595664 -0.138789 0.220910 0 0 0
0.596618 -0.140026 0.221470 255 0 0
0.597712 -0.141265 0.222005 255 0 0
0.598886 -0.141653 0.222315 255 0 0
0.599976 -0.142887 0.222850 255 0 0
0.601060 -0.144109 0.223378 255 0 0
0.602233 -0.144491 0.223693 0 0 0
0.603464 -0.145716 0.224179 0 0 0
0.604604 -0.146205 0.224377 255 0 0
0.605648 -0.147437 0.224882 255 0 0
0.606710 -0.148657 0.225407 255 0 0
0.607881 -0.149039 0.225736 255 0 0
0.608926 -0.150219 0.226271 0 0 0
0.609893 -0.151359 0.226988 255 0 0
0.610909 -0.152347 0.227729 255 0 0
0.611823 -0.153557 0.228461 255 0 0
0.612732 -0.154655 0.229161 255 0 0
0.613834 -0.155778 0.229828 255 0 0
0.614947 -0.156228 0.230050 255 0 0
0.616049 -0.157425 0.230463 255 0 0
0.617321 -0.158035 0.230501 255 0 0
0.618575 -0.158521 0.230649 255 0 0
0.619668 -0.159717 0.231055 255 0 0
0.620725 -0.160299 0.231141 255 0 0
0.621857 -0.161531 0.231678 0 0 0
0.623146 -0.162042 0.231719 255 0 0
0.624359 -0.162574 0.231756 0 0 0
0.625509 -0.163697 0.232292 0 0 0
0.626563 -0.164292 0.232382 0 0 0
0.627621 -0.165571 0.232731 0 0 0
0.628883 -0.166085 0.232753 0 0 0
0.630189 -0.166645 0.232724 0 0 0
0.631573 -0.167143 0.232818 0 0 0
0.632841 -0.167752 0.232862 0 0 0
0.633872 -0.168909 0.233256 0 0 0
0.635006 -0.169415 0.233489 255 0 0
0.636069 -0.170565 0.233906 255 0 0
0.637309 -0.171045 0.234065 255 0 0
0.638587 -0.171668 0.234119 255 0 0
0.639594 -0.172812 0.234506 255 0 0
0.640732 -0.173319 0.234746 255 0 0
0.641778 -0.174447 0.235160 0 0 0
0.643002 -0.174921 0.235313 0 0 0
0.644377 -0.175516 0.235275 0 0 0
0.645696 -0.176105 0.235208 255 0 0
0.647019 -0.176694 0.235139 255 0 0
0.648340 -0.177287 0.235070 255 0 0
0.649671 -0.177895 0.235006 255 0 0
0.650839 -0.178474 0.235031 255 0 0
0.651835 -0.179575 0.235537 255 0 0
0.653229 -0.179999 0.235607 255 0 0
0.654396 -0.180563 0.235642 255 0 0
0.655371 -0.181837 0.236149 255 0 0
0.656596 -0.182304 0.236187 255 0 0
0.657991 -0.182750 0.236144 255 0 0
0.659316 -0.183332 0.236078 255 0 0
0.660646 -0.183963 0.236002 255 0 0
0.661885 -0.184664 0.235919 255 0 0
0.663228 -0.185258 0.235848 255 0 0
0.664263 -0.185706 0.235784 255 0 0
0.666669 -0.185945 0.234947 255 0 0
0.667733 -0.186449 0.234859 255 0 0
0.668660 -0.187128 0.234764 255 0 0
0.671173 -0.187307 0.233913 255 0 0
0.671793 -0.187832 0.233831 0 0 0
0.674307 -0.187961 0.232987 0 0 0
0.675316 -0.188593 0.232898 0 0 0
0.676320 -0.189225 0.232809 0 0 0
0.678743 -0.189421 0.231962 0 0 0
0.679840 -0.189960 0.231882 0 0 0
0.680831 -0.190547 0.231799 255 0 0
0.682968 -0.190661 0.230968 255 0 0
0.585264 -0.127804 0.211934 255 0 0
0.585893 -0.129675 0.213240 0 0 0
0.586559 -0.131618 0.214610 0 0 0
0.587612 -0.132486 0.215464 0 0 0
0.588640 -0.133653 0.216197 0 0 0
0.589568 -0.134664 0.216850 0 0 0
0.590510 -0.136713 0.218253 0 0 0
0.591586 -0.136950 0.218558 0 0 0
0.592775 -0.138050 0.219245 0 0 0
0.593741 -0.139290 0.219810 0 0 0
0.594700 -0.140527 0.220375 0 0 0
0.595875 -0.141643 0.221065 255 0 0
0.597021 -0.142037 0.221378 255 0 0
0.598106 -0.143233 0.221920 255 0 0
0.599274 -0.144409 0.222583 255 0 0
0.600396 -0.144870 0.222786 0 0 0
0.601454 -0.146111 0.223296 0 0 0
0.602506 -0.147340 0.223799 0 0 0
0.603627 -0.147797 0.224006 0 0 0
0.604929 -0.148964 0.224621 0 0 0
0.606047 -0.149425 0.224827 0 0 0
0.607074 -0.150607 0.225344 0 0 0
0.608055 -0.151772 0.226071 0 0 0
0.608877 -0.152730 0.226704 255 0 0
0.609778 -0.154706 0.228265 255 0 0
0.610738 -0.155053 0.228329 0 0 0
0.611835 -0.156137 0.228970 0 0 0
0.612908 -0.157263 0.229610 0 0 0
0.613980 -0.157797 0.229719 0 0 0
0.615165 -0.158940 0.230265 0 0 0
0.616383 -0.159512 0.230290 255 0 0
0.617602 -0.160088 0.230319 255 0 0
0.618771 -0.161222 0.230860 255 0 0
0.619866 -0.161799 0.230964 255 0 0
0.620949 -0.162977 0.231369 255 0 0
0.622191 -0.163465 0.231519 255 0 0
0.623447 -0.164036 0.231572 255 0 0
0.624578 -0.165149 0.232103 0 0 0
0.625823 -0.165704 0.232153 0 0 0
0.627202 -0.166162 0.232256 0 0 0
0.628577 -0.166678 0.232239 0 0 0
0.629792 -0.167271 0.232241 0 0 0
0.630815 -0.168534 0.232582 0 0 0
0.632047 -0.169157 0.232613 0 0 0
0.633289 -0.169645 0.232768 0 0 0
0.634359 -0.170794 0.233190 255 0 0
0.635489 -0.171300 0.233424 255 0 0
0.636508 -0.172440 0.233816 255 0 0
0.637784 -0.173057 0.233870 255 0 0
0.639025 -0.173537 0.234032 255 0 0
0.640069 -0.174674 0.234446 255 0 0
0.641213 -0.175227 0.234675 0 0 0
0.642139 -0.176430 0.234929 0 0 0
0.643375 -0.176950 0.235074 0 0 0
0.644749 -0.177536 0.235035 0 0 0
0.646070 -0.178121 0.234968 0 0 0
0.647379 -0.178657 0.234908 255 0 0
0.648783 -0.179158 0.234858 255 0 0
0.650010 -0.179752 0.234904 255 0 0
0.650934 -0.180809 0.235504 255 0 0
0.651766 -0.182099 0.236111 255 0 0
0.652925 -0.182711 0.236135 255 0 0
0.654336 -0.183155 0.236099 255 0 0
0.655563 -0.183622 0.236140 255 0 0
0.656527 -0.184891 0.236643 255 0 0
0.657714 -0.185520 0.236661 255 0 0
0.658748 -0.185981 0.236602 255 0 0
0.661239 -0.186087 0.235765 0 0 0
0.662189 -0.186649 0.235688 0 0 0
0.663512 -0.187254 0.235614 0 0 0
0.664798 -0.187947 0.235530 0 0 0
0.665830 -0.188447 0.235459 0 0 0
0.668346 -0.188579 0.234615 0 0 0
0.668957 -0.189095 0.234534 0 0 0
0.671467 -0.189224 0.233689 0 0 0
0.672469 -0.189857 0.233600 0 0 0
0.673465 -0.190489 0.233512 0 0 0
0.675955 -0.190541 0.232679 0 0 0
0.676958 -0.191174 0.232590 0 0 0
0.677958 -0.191814 0.232501 0 0 0
0.680488 -0.191942 0.231655 0 0 0
0.681112 -0.192473 0.231572 0 0 0
0.683280 -0.192656 0.230726 0 0 0
0.585064 -0.131429 0.212902 255 0 0
0.586018 -0.132190 0.213826 0 0 0
0.586803 -0.134182 0.215143 0 0 0
0.587800 -0.135147 0.215966 0 0 0
0.588783 -0.136299 0.216686 0 0 0
0.589902 -0.137345 0.217585 0 0 0
0.590842 -0.138512 0.218149 0 0 0
0.591879 -0.139713 0.218862 0 0 0
0.592983 -0.140911 0.219408 0 0 0
0.594130 -0.141307 0.219719 0 0 0
0.595305 -0.142426 0.220414 0 0 0
0.596247 -0.143614 0.220984 0 0 0
0.597262 -0.144804 0.221697 0 0 0
0.598313 -0.146000 0.222215 255 0 0
0.599433 -0.146460 0.222417 255 0 0
0.600751 -0.147628 0.223036 255 0 0
0.601872 -0.148083 0.223242 0 0 0
0.602911 -0.149274 0.223755 0 0 0
0.604020 -0.150416 0.224398 0 0 0
0.605164 -0.150885 0.224512 0 0 0
0.606230 -0.152129 0.225160 0 0 0
0.607249 -0.153118 0.225894 0 0 0
0.608077 -0.154073 0.226542 0 0 0
0.608934 -0.156013 0.228099 0 0 0
0.609915 -0.156357 0.228163 0 0 0
0.610984 -0.157602 0.228806 0 0 0
0.612019 -0.158727 0.229422 0 0 0
0.613090 -0.159258 0.229531 0 0 0
0.614275 -0.160400 0.230078 0 0 0
0.615487 -0.160971 0.230105 0 0 0
0.616706 -0.161544 0.230133 255 0 0
0.617863 -0.162667 0.230669 255 0 0
0.619112 -0.163234 0.230721 255 0 0
0.620360 -0.163719 0.230872 255 0 0
0.621436 -0.164901 0.231277 255 0 0
0.622525 -0.165481 0.231385 255 0 0
0.623668 -0.166605 0.231922 255 0 0
0.624882 -0.167184 0.231953 255 0 0
0.626048 -0.167771 0.231971 255 0 0
0.627137 -0.168978 0.232495 255 0 0
0.628354 -0.169561 0.232523 255 0 0
0.629764 -0.170069 0.232472 0 0 0
0.631077 -0.170579 0.232425 0 0 0
0.632365 -0.171080 0.232470 0 0 0
0.633443 -0.172231 0.233002 0 0 0
0.634552 -0.172723 0.233127 0 0 0
0.635633 -0.173923 0.233652 0 0 0
0.636801 -0.174505 0.233674 0 0 0
0.638010 -0.175092 0.233714 0 0 0
0.639089 -0.176161 0.234228 0 0 0
0.640346 -0.176729 0.234296 0 0 0
0.641587 -0.177208 0.234458 0 0 0
0.642574 -0.178333 0.234834 0 0 0
0.643789 -0.178953 0.234862 0 0 0
0.645131 -0.179561 0.234805 0 0 0
0.646281 -0.180142 0.234827 0 0 0
0.647307 -0.181324 0.235341 255 0 0
0.648363 -0.181914 0.235475 255 0 0
0.649443 -0.182937 0.235998 255 0 0
0.650723 -0.183383 0.236060 255 0 0
0.652132 -0.183821 0.236024 255 0 0
0.653295 -0.184434 0.236047 255 0 0
0.654261 -0.185702 0.236552 255 0 0
0.655482 -0.186159 0.236593 255 0 0
0.656889 -0.186639 0.236545 255 0 0
0.658152 -0.187344 0.236461 0 0 0
0.659078 -0.187910 0.236382 0 0 0
0.661570 -0.188018 0.235543 0 0 0
0.662603 -0.188520 0.235471 0 0 0
0.663876 -0.189232 0.235386 0 0 0
0.665194 -0.189832 0.235313 0 0 0
0.666141 -0.190393 0.235236 0 0 0
0.668647 -0.190544 0.234388 0 0 0
0.669557 -0.191233 0.234294 0 0 0
0.670603 -0.191752 0.234219 0 0 0
0.673111 -0.191796 0.233386 0 0 0
0.674106 -0.192428 0.233298 0 0 0
0.675099 -0.193057 0.233210 0 0 0
0.677624 -0.193136 0.232370 0 0 0
0.678296 -0.193580 0.232297 0 0 0
0.680797 -0.193876 0.231427 0 0 0
0.681481 -0.194321 0.231351 0 0 0
0.683575 -0.194591 0.230498 0 0 0
0.584633 -0.132048 0.212200 255 0 0
0.585308 -0.134030 0.213577 255 0 0
0.586169 -0.134867 0.214303 255 0 0
0.587053 -0.136775 0.215816 255 0 0
0.587950 -0.137796 0.216465 255 0 0
0.588982 -0.138940 0.217201 0 0 0
0.590011 -0.140095 0.217920 0 0 0
0.591115 -0.141294 0.218469 0 0 0
0.592289 -0.141687 0.218776 0 0 0
0.593381 -0.142890 0.219324 0 0 0
0.594402 -0.144078 0.220039 0 0 0
0.595344 -0.145262 0.220609 0 0 0
0.596510 -0.146372 0.221304 0 0 0
0.597646 -0.146758 0.221624 0 0 0
0.598734 -0.147982 0.222159 255 0 0
0.599789 -0.149213 0.222670 255 0 0
0.600902 -0.149673 0.222879 255 0 0
0.602043 -0.150810 0.223555 0 0 0
0.602982 -0.151912 0.224256 0 0 0
0.604066 -0.153109 0.224910 0 0 0
0.605134 -0.153389 0.224982 0 0 0
0.605901 -0.155463 0.226519 0 0 0
0.606755 -0.156407 0.227177 0 0 0
0.607750 -0.157398 0.227909 0 0 0
0.608800 -0.158620 0.228556 0 0 0
0.609932 -0.159084 0.228679 0 0 0
0.611126 -0.160196 0.229241 255 0 0
0.612209 -0.160767 0.229340 0 0 0
0.613313 -0.161961 0.229752 0 0 0
0.614553 -0.162442 0.229900 0 0 0
0.615820 -0.163057 0.229942 0 0 0
0.616887 -0.164236 0.230333 0 0 0
0.618133 -0.164712 0.230494 0 0 0
0.619386 -0.165278 0.230550 0 0 0
0.620542 -0.166401 0.231091 0 0 0
0.621612 -0.166931 0.231207 255 0 0
0.622762 -0.168054 0.231747 255 0 0
0.623958 -0.168575 0.231786 255 0 0
0.625253 -0.169079 0.231833 255 0 0
0.626348 -0.170281 0.232361 255 0 0
0.627504 -0.170845 0.232373 255 0 0
0.628843 -0.171416 0.232321 255 0 0
0.630074 -0.171922 0.232342 255 0 0
0.631141 -0.173250 0.232879 255 0 0
0.632194 -0.173740 0.232981 0 0 0
0.633269 -0.174887 0.233513 0 0 0
0.634550 -0.175392 0.233558 0 0 0
0.635866 -0.175898 0.233517 0 0 0
0.637154 -0.176395 0.233564 0 0 0
0.638201 -0.177586 0.234079 0 0 0
0.639357 -0.178173 0.234103 0 0 0
0.640569 -0.178750 0.234148 0 0 0
0.641638 -0.179812 0.234657 255 0 0
0.642841 -0.180379 0.234697 255 0 0
0.644164 -0.180930 0.234650 0 0 0
0.645458 -0.181431 0.234703 0 0 0
0.646482 -0.182536 0.235223 255 0 0
0.647605 -0.183032 0.235366 255 0 0
0.648627 -0.184163 0.235889 255 0 0
0.649683 -0.184676 0.236010 255 0 0
0.650668 -0.185963 0.236528 255 0 0
0.651826 -0.186560 0.236550 255 0 0
0.653241 -0.187060 0.236505 255 0 0
0.654407 -0.187667 0.236540 255 0 0
0.655099 -0.188720 0.236800 255 0 0
0.657383 -0.188871 0.236305 255 0 0
0.658413 -0.189313 0.236240 0 0 0
0.659704 -0.190037 0.236151 0 0 0
0.660727 -0.190532 0.236081 0 0 0
0.663221 -0.190589 0.235247 0 0 0
0.664233 -0.191040 0.235183 0 0 0
0.665612 -0.191696 0.235101 0 0 0
0.666482 -0.192365 0.235012 0 0 0
0.668987 -0.192459 0.234170 0 0 0
0.670002 -0.192964 0.234098 0 0 0
0.671218 -0.193820 0.233994 0 0 0
0.672231 -0.194324 0.233922 0 0 0
0.674752 -0.194422 0.233079 0 0 0
0.675657 -0.195114 0.232985 0 0 0
0.676702 -0.195641 0.232910 0 0 0
0.679188 -0.195844 0.232054 0 0 0
0.679930 -0.196204 0.231988 0 0 0
0.682368 -0.196586 0.231110 0 0 0
0.683064 -0.196946 0.231057 0 0 0
0.584576 -0.135423 0.213390 255 0 0
0.585304 -0.136438 0.213945 255 0 0
0.586151 -0.138400 0.215429 255 0 0
0.587078 -0.139417 0.216096 255 0 0
0.588110 -0.140548 0.216829 255 0 0
0.589281 -0.141664 0.217534 255 0 0
0.590427 -0.142105 0.217827 0 0 0
0.591459 -0.143352 0.218232 0 0 0
0.592571 -0.144452 0.219105 0 0 0
0.593634 -0.145646 0.219646 0 0 0
0.594773 -0.146038 0.219964 0 0 0
0.595940 -0.147144 0.220661 0 0 0
0.596882 -0.148368 0.221227 0 0 0
0.597964 -0.149586 0.221766 0 0 0
0.599125 -0.149969 0.222089 255 0 0
0.600189 -0.151148 0.222632 255 0 0
0.601172 -0.152289 0.223357 255 0 0
0.602139 -0.153390 0.224088 255 0 0
0.603065 -0.154495 0.224797 255 0 0
0.603988 -0.155704 0.225536 255 0 0
0.605020 -0.156667 0.226289 255 0 0
0.605963 -0.157755 0.227018 255 0 0
0.606914 -0.158903 0.227743 255 0 0
0.607913 -0.160060 0.228252 0 0 0
0.609008 -0.160508 0.228475 0 0 0
0.610232 -0.161647 0.229053 0 0 0
0.611475 -0.162208 0.229103 0 0 0
0.612720 -0.162692 0.229252 0 0 0
0.613806 -0.163872 0.229659 0 0 0
0.615057 -0.164433 0.229707 0 0 0
0.616370 -0.164854 0.229885 0 0 0
0.617429 -0.166134 0.230278 0 0 0
0.618472 -0.166711 0.230368 0 0 0
0.619639 -0.167849 0.230917 0 0 0
0.620705 -0.168376 0.231034 0 0 0
0.621866 -0.169511 0.231581 0 0 0
0.622890 -0.170043 0.231684 255 0 0
0.623997 -0.171266 0.232222 255 0 0
0.625266 -0.171760 0.232261 255 0 0
0.626606 -0.172323 0.232211 255 0 0
0.627757 -0.172896 0.232225 255 0 0
0.628839 -0.174098 0.232751 255 0 0
0.630114 -0.174544 0.232806 255 0 0
0.631395 -0.174993 0.232864 255 0 0
0.632459 -0.176203 0.233387 0 0 0
0.633605 -0.176729 0.233414 0 0 0
0.634856 -0.177237 0.233445 0 0 0
0.635888 -0.178542 0.233971 0 0 0
0.637094 -0.178996 0.234003 0 0 0
0.638505 -0.179441 0.233966 0 0 0
0.639721 -0.180033 0.234004 255 0 0
0.640748 -0.181225 0.234517 255 0 0
0.641890 -0.181755 0.234550 255 0 0
0.643140 -0.182266 0.234585 255 0 0
0.644155 -0.183559 0.235112 255 0 0
0.645206 -0.184063 0.235229 255 0 0
0.646242 -0.185179 0.235756 255 0 0
0.647357 -0.185680 0.235902 255 0 0
0.648363 -0.186784 0.236418 255 0 0
0.649645 -0.187284 0.236473 255 0 0
0.650950 -0.187811 0.236422 255 0 0
0.652250 -0.188399 0.236355 255 0 0
0.653619 -0.188971 0.236317 255 0 0
0.654888 -0.189435 0.236383 255 0 0
0.656158 -0.190159 0.236171 255 0 0
0.657477 -0.190725 0.236084 255 0 0
0.658791 -0.191300 0.236016 0 0 0
0.660084 -0.191879 0.235948 0 0 0
0.661306 -0.192583 0.235865 0 0 0
0.662661 -0.193224 0.235788 0 0 0
0.663660 -0.193678 0.235723 0 0 0
0.666162 -0.193785 0.234879 0 0 0
0.667040 -0.194404 0.234799 0 0 0
0.668171 -0.194848 0.234727 0 0 0
0.670620 -0.195023 0.233876 0 0 0
0.671661 -0.195543 0.233801 0 0 0
0.672556 -0.196234 0.233709 0 0 0
0.675084 -0.196330 0.232863 0 0 0
0.676084 -0.196786 0.232799 255 0 0
0.677373 -0.197521 0.232710 0 0 0
0.678415 -0.198043 0.232633 0 0 0
0.680819 -0.198463 0.231748 0 0 0
0.681483 -0.198906 0.231675 0 0 0
0.683638 -0.198984 0.230842 0 0 0
0.584650 -0.138207 0.213869 0 0 0
0.585600 -0.139127 0.214659 0 0 0
0.586631 -0.140223 0.215404 0 0 0
0.587662 -0.141381 0.216128 0 0 0
0.588650 -0.142571 0.216706 255 0 0
0.589801 -0.143780 0.217260 255 0 0
0.590799 -0.144110 0.217515 255 0 0
0.591909 -0.146116 0.218757 0 0 0
0.592918 -0.146411 0.219022 0 0 0
0.594036 -0.147648 0.219570 0 0 0
0.594979 -0.148867 0.220136 0 0 0
0.596141 -0.149966 0.220833 0 0 0
0.597269 -0.150355 0.221156 0 0 0
0.598340 -0.151536 0.221706 255 0 0
0.599327 -0.152673 0.222431 255 0 0
0.600298 -0.153771 0.223163 255 0 0
0.601264 -0.154864 0.223897 255 0 0
0.602296 -0.155839 0.224649 255 0 0
0.603220 -0.157038 0.225390 255 0 0
0.604132 -0.158145 0.226101 255 0 0
0.605079 -0.159232 0.226831 255 0 0
0.606191 -0.160345 0.227507 0 0 0
0.607286 -0.160789 0.227735 0 0 0
0.608295 -0.161997 0.228237 0 0 0
0.609285 -0.163197 0.228731 0 0 0
0.610520 -0.163679 0.228880 0 0 0
0.611762 -0.164246 0.228932 0 0 0
0.612945 -0.165381 0.229479 0 0 0
0.613962 -0.165910 0.229575 255 0 0
0.615102 -0.167153 0.230122 0 0 0
0.616381 -0.167653 0.230163 0 0 0
0.617573 -0.168179 0.230200 0 0 0
0.618733 -0.169302 0.230745 0 0 0
0.619792 -0.169830 0.230863 0 0 0
0.620954 -0.170951 0.231413 0 0 0
0.622022 -0.171474 0.231535 0 0 0
0.623162 -0.172582 0.232074 0 0 0
0.624347 -0.173149 0.232103 0 0 0
0.625676 -0.173711 0.232054 0 0 0
0.626960 -0.174198 0.232099 0 0 0
0.628040 -0.175357 0.232636 255 0 0
0.629093 -0.175833 0.232740 255 0 0
0.630144 -0.177100 0.233282 255 0 0
0.631457 -0.177520 0.233324 255 0 0
0.632617 -0.178062 0.233352 255 0 0
0.633646 -0.179382 0.233879 255 0 0
0.634868 -0.179834 0.233916 255 0 0
0.636095 -0.180289 0.233956 255 0 0
0.637107 -0.181601 0.234478 255 0 0
0.638265 -0.182193 0.234495 255 0 0
0.639661 -0.182649 0.234458 255 0 0
0.640880 -0.183093 0.234494 255 0 0
0.641889 -0.184381 0.235016 255 0 0
0.643108 -0.184833 0.235059 255 0 0
0.644391 -0.185285 0.235125 255 0 0
0.645418 -0.186461 0.235644 255 0 0
0.646438 -0.187017 0.235774 255 0 0
0.647486 -0.188071 0.236284 255 0 0
0.648670 -0.188635 0.236330 255 0 0
0.649987 -0.189229 0.236269 255 0 0
0.651289 -0.189816 0.236201 0 0 0
0.652584 -0.190408 0.236133 0 0 0
0.653884 -0.190991 0.236066 0 0 0
0.655192 -0.191568 0.235998 0 0 0
0.656494 -0.192143 0.235930 0 0 0
0.657799 -0.192719 0.235863 0 0 0
0.659110 -0.193293 0.235796 0 0 0
0.660414 -0.193872 0.235728 0 0 0
0.661721 -0.194447 0.235661 0 0 0
0.663040 -0.195042 0.235590 0 0 0
0.663972 -0.195600 0.235513 0 0 0
0.666347 -0.195790 0.234822 0 0 0
0.666739 -0.196698 0.235217 0 0 0
0.669052 -0.197074 0.234504 255 0 0
0.669702 -0.197510 0.234432 255 0 0
0.672222 -0.197582 0.233585 255 0 0
0.673168 -0.198194 0.233502 255 0 0
0.674438 -0.198971 0.233409 255 0 0
0.675763 -0.199562 0.233335 255 0 0
0.676790 -0.199972 0.233260 255 0 0
0.678873 -0.200261 0.232399 255 0 0
0.681149 -0.200201 0.231557 255 0 0
0.682142 -0.200848 0.231468 0 0 0
0.683076 -0.201479 0.231393 0 0 0
0.583921 -0.139608 0.213677 0 0 0
0.584716 -0.140826 0.214144 0 0 0
0.585733 -0.141944 0.214870 0 0 0
0.586909 -0.143070 0.215581 0 0 0
0.588014 -0.143476 0.215880 0 0 0
0.589218 -0.144590 0.216596 0 0 0
0.590141 -0.145771 0.217165 0 0 0
0.591252 -0.146879 0.218051 0 0 0
0.592124 -0.148101 0.218480 0 0 0
0.593308 -0.149245 0.219174 0 0 0
0.594405 -0.149635 0.219494 0 0 0
0.595570 -0.150740 0.220198 255 0 0
0.596495 -0.151916 0.220776 255 0 0
0.597485 -0.153055 0.221505 255 0 0
0.598458 -0.154151 0.222239 255 0 0
0.599439 -0.155262 0.222984 0 0 0
0.600280 -0.156219 0.223631 0 0 0
0.601123 -0.158257 0.225033 0 0 0
0.602116 -0.158535 0.225237 255 0 0
0.603253 -0.159614 0.225922 255 0 0
0.604213 -0.160742 0.226645 255 0 0
0.605213 -0.161904 0.227160 255 0 0
0.606318 -0.162389 0.227376 255 0 0
0.607506 -0.163574 0.227858 255 0 0
0.608653 -0.163976 0.228187 255 0 0
0.609722 -0.165218 0.228506 0 0 0
0.610843 -0.165742 0.228716 0 0 0
0.611982 -0.166924 0.229164 0 0 0
0.613076 -0.167358 0.229394 0 0 0
0.614287 -0.168472 0.229970 0 0 0
0.615468 -0.168994 0.230008 0 0 0
0.616753 -0.169496 0.230053 0 0 0
0.617870 -0.170679 0.230602 0 0 0
0.618960 -0.171141 0.230716 0 0 0
0.620092 -0.172387 0.231267 0 0 0
0.621102 -0.172919 0.231370 0 0 0
0.622246 -0.174036 0.231909 0 0 0
0.623432 -0.174552 0.231952 0 0 0
0.624678 -0.175047 0.231982 0 0 0
0.625731 -0.176326 0.232529 0 0 0
0.626863 -0.176734 0.232641 0 0 0
0.627923 -0.178027 0.233193 255 0 0
0.628975 -0.178493 0.233299 255 0 0
0.630022 -0.179671 0.233830 255 0 0
0.631230 -0.180251 0.233868 255 0 0
0.632640 -0.180680 0.233833 255 0 0
0.633851 -0.181120 0.233867 255 0 0
0.634876 -0.182432 0.234393 255 0 0
0.636095 -0.182929 0.234420 255 0 0
0.637410 -0.183412 0.234380 255 0 0
0.638634 -0.183913 0.234409 255 0 0
0.639642 -0.185213 0.234931 255 0 0
0.640861 -0.185663 0.234973 255 0 0
0.642084 -0.186116 0.235017 0 0 0
0.643082 -0.187407 0.235537 255 0 0
0.644291 -0.187864 0.235582 255 0 0
0.645572 -0.188314 0.235649 255 0 0
0.646578 -0.189471 0.236156 255 0 0
0.647712 -0.190038 0.236182 255 0 0
0.649032 -0.190634 0.236122 255 0 0
0.650315 -0.191158 0.236063 255 0 0
0.651703 -0.191628 0.236007 255 0 0
0.653013 -0.192197 0.235940 0 0 0
0.654313 -0.192774 0.235873 0 0 0
0.655610 -0.193353 0.235806 0 0 0
0.656929 -0.193982 0.235732 255 0 0
0.658132 -0.194622 0.235661 255 0 0
0.659507 -0.195098 0.235602 255 0 0
0.660819 -0.195667 0.235536 255 0 0
0.662120 -0.196244 0.235469 255 0 0
0.663424 -0.196865 0.235394 255 0 0
0.664568 -0.197693 0.235298 255 0 0
0.665971 -0.198231 0.235229 255 0 0
0.666881 -0.198726 0.235164 255 0 0
0.669407 -0.198868 0.234308 255 0 0
0.670290 -0.199566 0.234216 255 0 0
0.671316 -0.200084 0.234142 255 0 0
0.673860 -0.200111 0.233302 255 0 0
0.674910 -0.200629 0.233229 255 0 0
0.675876 -0.201196 0.233151 255 0 0
0.678296 -0.201524 0.232287 255 0 0
0.679189 -0.202187 0.232185 255 0 0
0.680220 -0.202720 0.232108 255 0 0
0.682798 -0.202842 0.231254 255 0 0
0.683337 -0.203365 0.231187 255 0 0
0.584442 -0.141594 0.213579 255 0 0
0.585302 -0.142731 0.214195 255 0 0
0.586335 -0.143894 0.214905 255 0 0
0.587226 -0.145123 0.215334 255 0 0
0.588352 -0.146225 0.216233 255 0 0
0.589273 -0.147406 0.216802 0 0 0
0.590456 -0.148524 0.217509 0 0 0
0.591555 -0.148914 0.217824 0 0 0
0.592732 -0.150019 0.218533 0 0 0
0.593664 -0.151191 0.219110 0 0 0
0.594661 -0.152341 0.219845 255 0 0
0.595644 -0.153431 0.220576 255 0 0
0.596621 -0.154534 0.221316 255 0 0
0.597591 -0.155629 0.222052 0 0 0
0.598562 -0.156723 0.222792 0 0 0
0.599491 -0.157822 0.223523 0 0 0
0.600555 -0.158820 0.224448 0 0 0
0.601423 -0.159929 0.225007 0 0 0
0.602398 -0.161120 0.225733 0 0 0
0.603425 -0.162268 0.226276 255 0 0
0.604572 -0.162668 0.226605 255 0 0
0.605689 -0.163909 0.226961 255 0 0
0.606831 -0.164308 0.227286 255 0 0
0.608013 -0.165495 0.227769 255 0 0
0.609117 -0.165969 0.227987 255 0 0
0.610267 -0.167149 0.228438 0 0 0
0.611369 -0.167632 0.228664 0 0 0
0.612354 -0.168828 0.229164 0 0 0
0.613335 -0.170027 0.229665 0 0 0
0.614375 -0.170471 0.229880 0 0 0
0.615554 -0.171711 0.230465 0 0 0
0.616637 -0.172166 0.230579 0 0 0
0.617752 -0.173346 0.231128 0 0 0
0.619017 -0.173789 0.231181 255 0 0
0.620287 -0.174236 0.231236 255 0 0
0.621391 -0.175409 0.231781 0 0 0
0.622433 -0.175875 0.231882 0 0 0
0.623515 -0.177161 0.232439 0 0 0
0.624644 -0.177564 0.232553 0 0 0
0.625674 -0.178791 0.233103 0 0 0
0.626997 -0.179181 0.233147 0 0 0
0.628202 -0.179713 0.233199 0 0 0
0.629322 -0.180763 0.233731 0 0 0
0.630476 -0.181323 0.233764 0 0 0
0.631627 -0.181937 0.233784 0 0 0
0.632636 -0.183277 0.234311 255 0 0
0.633844 -0.183701 0.234345 255 0 0
0.635246 -0.184140 0.234308 255 0 0
0.636401 -0.184732 0.234327 255 0 0
0.637402 -0.186042 0.234850 255 0 0
0.638616 -0.186488 0.234892 255 0 0
0.639837 -0.186937 0.234935 255 0 0
0.640838 -0.188233 0.235458 255 0 0
0.642053 -0.188680 0.235501 255 0 0
0.643272 -0.189131 0.235547 255 0 0
0.644248 -0.190430 0.236065 255 0 0
0.645460 -0.190931 0.236095 255 0 0
0.646764 -0.191462 0.236043 255 0 0
0.648070 -0.191985 0.235992 255 0 0
0.649294 -0.192483 0.236027 255 0 0
0.650249 -0.193750 0.236537 255 0 0
0.651384 -0.194352 0.236561 255 0 0
0.652693 -0.194941 0.236500 255 0 0
0.654025 -0.195529 0.236430 255 0 0
0.655019 -0.195975 0.236365 255 0 0
0.657349 -0.196092 0.235664 255 0 0
0.658002 -0.197196 0.236119 255 0 0
0.659151 -0.197832 0.236156 255 0 0
0.660495 -0.198432 0.236092 255 0 0
0.661485 -0.198877 0.236029 0 0 0
0.664015 -0.198888 0.235191 0 0 0
0.665003 -0.199339 0.235127 0 0 0
0.666370 -0.200000 0.235045 255 0 0
0.667211 -0.200678 0.234957 255 0 0
0.669734 -0.200760 0.234107 255 0 0
0.670730 -0.201262 0.234036 0 0 0
0.671926 -0.202125 0.233933 0 0 0
0.672920 -0.202626 0.233863 0 0 0
0.675477 -0.202764 0.233003 0 0 0
0.676050 -0.203270 0.232928 0 0 0
0.678620 -0.203382 0.232071 0 0 0
0.679635 -0.203854 0.232004 0 0 0
0.680597 -0.204446 0.231922 255 0 0
0.683088 -0.204737 0.231048 255 0 0
0.683685 -0.205171 0.230989 255 0 0
0.584634 -0.144366 0.213926 255 0 0
0.585584 -0.145535 0.214381 255 0 0
0.586622 -0.145776 0.214667 0 0 0
0.587677 -0.147887 0.215888 0 0 0
0.588682 -0.148186 0.216154 0 0 0
0.589880 -0.149300 0.216864 0 0 0
0.590819 -0.150473 0.217443 0 0 0
0.591838 -0.151662 0.218172 0 0 0
0.592754 -0.152784 0.218751 0 0 0
0.593844 -0.153861 0.219652 0 0 0
0.594709 -0.154990 0.220213 0 0 0
0.595786 -0.156004 0.221136 0 0 0
0.596723 -0.157104 0.221867 0 0 0
0.597692 -0.158195 0.222609 0 0 0
0.598651 -0.159280 0.223346 0 0 0
0.599618 -0.160417 0.224082 0 0 0
0.600513 -0.161572 0.224658 0 0 0
0.601639 -0.162643 0.225360 0 0 0
0.602748 -0.163047 0.225687 255 0 0
0.603871 -0.164291 0.226049 255 0 0
0.605024 -0.164730 0.226365 255 0 0
0.605989 -0.165969 0.226755 255 0 0
0.607076 -0.167075 0.227411 255 0 0
0.608140 -0.167560 0.227635 255 0 0
0.609290 -0.168745 0.228091 255 0 0
0.610388 -0.169229 0.228314 255 0 0
0.611556 -0.170393 0.228791 0 0 0
0.612686 -0.170749 0.229145 0 0 0
0.613681 -0.171876 0.229681 0 0 0
0.614733 -0.173016 0.230321 0 0 0
0.615776 -0.173534 0.230444 0 0 0
0.616944 -0.174663 0.230997 0 0 0
0.617944 -0.175189 0.231100 255 0 0
0.619070 -0.176432 0.231652 255 0 0
0.620149 -0.176890 0.231773 255 0 0
0.621259 -0.178072 0.232325 255 0 0
0.622343 -0.178534 0.232450 255 0 0
0.623426 -0.179639 0.233004 255 0 0
0.624603 -0.180037 0.233142 0 0 0
0.625637 -0.181352 0.233697 0 0 0
0.626611 -0.181904 0.233800 0 0 0
0.627739 -0.182968 0.234338 0 0 0
0.628924 -0.183557 0.234377 0 0 0
0.630232 -0.184071 0.234327 0 0 0
0.631735 -0.184439 0.234286 0 0 0
0.632856 -0.184970 0.234313 0 0 0
0.633854 -0.186299 0.234837 0 0 0
0.634998 -0.186887 0.234856 255 0 0
0.636393 -0.187322 0.234819 255 0 0
0.637595 -0.187757 0.234857 255 0 0
0.638600 -0.189058 0.235382 255 0 0
0.639811 -0.189501 0.235425 255 0 0
0.641030 -0.189950 0.235473 255 0 0
0.642000 -0.191174 0.235997 255 0 0
0.643309 -0.191564 0.236041 0 0 0
0.644606 -0.192082 0.235991 0 0 0
0.645916 -0.192676 0.235931 0 0 0
0.647051 -0.193281 0.235955 255 0 0
0.647997 -0.194574 0.236467 255 0 0
0.649214 -0.195066 0.236500 255 0 0
0.650512 -0.195585 0.236448 255 0 0
0.651809 -0.196160 0.236382 255 0 0
0.653106 -0.196735 0.236315 255 0 0
0.654387 -0.197313 0.236248 255 0 0
0.655584 -0.197940 0.236180 255 0 0
0.657088 -0.198350 0.236123 0 0 0
0.658370 -0.198844 0.236069 0 0 0
0.659670 -0.199417 0.236003 0 0 0
0.660940 -0.199993 0.235935 0 0 0
0.662163 -0.200760 0.235846 0 0 0
0.663418 -0.201538 0.235754 0 0 0
0.664381 -0.201985 0.235691 0 0 0
0.666900 -0.202003 0.234848 0 0 0
0.667862 -0.202633 0.234761 255 0 0
0.668818 -0.203271 0.234675 255 0 0
0.671342 -0.203295 0.233831 0 0 0
0.672363 -0.203813 0.233756 0 0 0
0.673233 -0.204507 0.233666 0 0 0
0.675753 -0.204606 0.232811 0 0 0
0.676655 -0.205170 0.232736 0 0 0
0.678072 -0.205895 0.232645 0 0 0
0.678972 -0.206461 0.232570 0 0 0
0.681456 -0.206670 0.231703 255 0 0
0.682174 -0.207028 0.231635 255 0 0
0.684270 -0.207310 0.230771 255 0 0
0.585021 -0.146349 0.213749 255 0 0
0.585779 -0.148373 0.214908 255 0 0
0.586854 -0.148606 0.215214 0 0 0
0.587965 -0.149749 0.215776 0 0 0
0.588979 -0.150900 0.216509 0 0 0
0.589988 -0.152032 0.217236 0 0 0
0.591097 -0.153211 0.217795 0 0 0
0.592086 -0.153504 0.218066 255 0 0
0.593189 -0.155455 0.219310 0 0 0
0.594085 -0.155582 0.219580 0 0 0
0.595006 -0.157599 0.221024 0 0 0
0.595857 -0.158556 0.221679 0 0 0
0.596831 -0.159657 0.222428 0 0 0
0.597802 -0.160789 0.223161 0 0 0
0.598847 -0.161944 0.223712 0 0 0
0.599945 -0.162317 0.224052 255 0 0
0.601083 -0.163427 0.224744 255 0 0
0.602058 -0.164664 0.225135 255 0 0
0.603211 -0.165102 0.225451 255 0 0
0.604329 -0.166340 0.225813 255 0 0
0.605435 -0.166741 0.226146 255 0 0
0.606556 -0.167834 0.226838 255 0 0
0.607511 -0.169062 0.227223 255 0 0
0.608648 -0.169462 0.227561 255 0 0
0.609818 -0.170628 0.228040 255 0 0
0.610913 -0.171114 0.228269 0 0 0
0.611876 -0.172254 0.228784 0 0 0
0.612798 -0.173367 0.229513 0 0 0
0.613832 -0.174459 0.230161 0 0 0
0.614875 -0.174972 0.230287 0 0 0
0.616038 -0.176106 0.230841 0 0 0
0.617080 -0.176624 0.230965 255 0 0
0.618238 -0.177734 0.231517 255 0 0
0.619281 -0.178257 0.231646 255 0 0
0.620421 -0.179304 0.232198 255 0 0
0.621545 -0.179760 0.232347 255 0 0
0.622482 -0.180957 0.232974 255 0 0
0.623378 -0.182087 0.233589 255 0 0
0.624735 -0.182476 0.233660 255 0 0
0.625930 -0.182994 0.233715 255 0 0
0.626970 -0.184150 0.234242 255 0 0
0.628179 -0.184611 0.234281 0 0 0
0.629338 -0.185202 0.234304 0 0 0
0.630329 -0.186548 0.234830 0 0 0
0.631466 -0.187126 0.234848 0 0 0
0.632870 -0.187603 0.234798 0 0 0
0.634159 -0.188072 0.234754 0 0 0
0.635364 -0.188575 0.234784 0 0 0
0.636369 -0.189882 0.235309 255 0 0
0.637576 -0.190320 0.235353 255 0 0
0.638791 -0.190764 0.235400 255 0 0
0.639778 -0.192004 0.235935 255 0 0
0.640911 -0.192419 0.236067 255 0 0
0.641878 -0.193657 0.236597 255 0 0
0.643009 -0.194255 0.236623 255 0 0
0.644294 -0.194777 0.236572 0 0 0
0.645684 -0.195242 0.236515 255 0 0
0.647080 -0.195697 0.236458 255 0 0
0.648345 -0.196210 0.236401 255 0 0
0.649640 -0.196791 0.236335 255 0 0
0.650932 -0.197367 0.236268 255 0 0
0.652224 -0.197942 0.236201 255 0 0
0.653529 -0.198527 0.236141 255 0 0
0.654667 -0.199126 0.236170 255 0 0
0.655578 -0.200398 0.236672 0 0 0
0.656708 -0.200998 0.236698 0 0 0
0.658013 -0.201584 0.236639 0 0 0
0.659336 -0.202174 0.236572 0 0 0
0.660311 -0.202615 0.236510 0 0 0
0.662845 -0.202633 0.235666 0 0 0
0.663808 -0.203077 0.235603 0 0 0
0.665071 -0.203815 0.235515 0 0 0
0.666085 -0.204330 0.235440 0 0 0
0.668509 -0.204513 0.234579 0 0 0
0.669437 -0.205094 0.234500 0 0 0
0.670489 -0.205630 0.234421 255 0 0
0.672921 -0.205825 0.233558 255 0 0
0.673821 -0.206382 0.233484 255 0 0
0.675208 -0.207047 0.233401 255 0 0
0.676198 -0.207511 0.233333 255 0 0
0.678649 -0.207700 0.232470 255 0 0
0.679581 -0.208283 0.232392 255 0 0
0.680644 -0.208826 0.232310 255 0 0
0.682757 -0.209079 0.231425 0 0 0
0.684533 -0.209183 0.230579 255 0 0
0.584284 -0.147953 0.213468 0 0 0
0.585197 -0.148982 0.214276 0 0 0
0.586111 -0.150183 0.214832 255 0 0
0.587056 -0.151357 0.215400 255 0 0
0.588170 -0.152408 0.216314 255 0 0
0.589227 -0.153588 0.216863 0 0 0
0.590380 -0.153977 0.217185 0 0 0
0.591438 -0.155161 0.217744 255 0 0
0.592481 -0.155984 0.218607 0 0 0
0.593111 -0.158168 0.220077 0 0 0
0.593970 -0.159057 0.220595 0 0 0
0.594984 -0.160150 0.221345 0 0 0
0.595949 -0.161234 0.222084 0 0 0
0.597055 -0.162317 0.222792 0 0 0
0.598149 -0.162692 0.223130 0 0 0
0.599204 -0.163893 0.223675 0 0 0
0.600250 -0.165085 0.224211 255 0 0
0.601390 -0.165485 0.224538 255 0 0
0.602513 -0.166718 0.224899 0 0 0
0.603651 -0.167115 0.225230 0 0 0
0.604682 -0.168303 0.225771 0 0 0
0.605711 -0.169488 0.226305 0 0 0
0.606831 -0.169846 0.226651 255 0 0
0.607855 -0.171039 0.227192 255 0 0
0.608835 -0.172226 0.227684 255 0 0
0.609915 -0.172654 0.227935 0 0 0
0.610998 -0.173741 0.228620 0 0 0
0.611907 -0.174795 0.229356 0 0 0
0.612940 -0.175894 0.230007 0 0 0
0.613976 -0.176413 0.230135 0 0 0
0.615133 -0.177473 0.230693 0 0 0
0.616258 -0.177919 0.230834 0 0 0
0.617373 -0.179095 0.231392 255 0 0
0.618446 -0.179551 0.231519 255 0 0
0.619388 -0.180754 0.232146 255 0 0
0.620322 -0.181950 0.232771 255 0 0
0.621439 -0.182401 0.232926 255 0 0
0.622404 -0.183481 0.233541 255 0 0
0.623263 -0.184703 0.234018 255 0 0
0.624479 -0.185204 0.234204 255 0 0
0.625733 -0.185663 0.234275 255 0 0
0.626769 -0.186800 0.234798 255 0 0
0.627954 -0.187378 0.234841 0 0 0
0.629347 -0.187856 0.234792 0 0 0
0.630623 -0.188381 0.234734 0 0 0
0.631930 -0.188982 0.234673 0 0 0
0.633053 -0.189536 0.234697 0 0 0
0.634089 -0.190705 0.235215 0 0 0
0.635358 -0.191130 0.235282 255 0 0
0.636560 -0.191576 0.235330 255 0 0
0.637560 -0.192809 0.235867 0 0 0
0.638679 -0.193228 0.235999 255 0 0
0.639659 -0.194457 0.236532 255 0 0
0.640868 -0.194945 0.236568 255 0 0
0.642177 -0.195478 0.236523 255 0 0
0.643291 -0.196043 0.236553 255 0 0
0.644264 -0.197215 0.237056 255 0 0
0.645443 -0.197806 0.237106 255 0 0
0.646740 -0.198387 0.237047 255 0 0
0.648026 -0.198965 0.236978 255 0 0
0.649324 -0.199508 0.236887 255 0 0
0.650629 -0.200211 0.236617 255 0 0
0.651795 -0.200775 0.236558 255 0 0
0.653123 -0.201257 0.236678 255 0 0
0.654576 -0.201679 0.236632 255 0 0
0.655842 -0.202329 0.236402 255 0 0
0.657027 -0.202905 0.236340 0 0 0
0.658362 -0.203368 0.236438 0 0 0
0.659682 -0.203940 0.236398 0 0 0
0.660873 -0.204647 0.236319 0 0 0
0.662174 -0.205272 0.236245 0 0 0
0.663495 -0.205848 0.236176 0 0 0
0.664476 -0.206279 0.236114 0 0 0
0.666929 -0.206534 0.235241 0 0 0
0.667866 -0.207123 0.235160 255 0 0
0.668853 -0.207580 0.235093 255 0 0
0.671318 -0.207759 0.234231 255 0 0
0.672302 -0.208220 0.234163 0 0 0
0.673685 -0.208887 0.234080 0 0 0
0.674575 -0.209443 0.234007 255 0 0
0.677019 -0.209638 0.233141 255 0 0
0.678072 -0.210177 0.233062 255 0 0
0.678996 -0.210766 0.232983 0 0 0
0.681184 -0.210855 0.232115 0 0 0
0.683336 -0.211127 0.231229 0 0 0
0.683964 -0.211434 0.231183 0 0 0
0.584489 -0.150539 0.214018 0 0 0
0.585493 -0.151645 0.214607 0 0 0
0.586472 -0.151954 0.214785 0 0 0
0.587495 -0.154064 0.215985 0 0 0
0.588511 -0.154356 0.216254 255 0 0
0.589627 -0.155545 0.216825 255 0 0
0.590508 -0.156543 0.217475 255 0 0
0.591237 -0.158526 0.218970 0 0 0
0.592408 -0.159340 0.219792 0 0 0
0.593433 -0.159804 0.220013 0 0 0
0.594532 -0.160910 0.220699 0 0 0
0.595496 -0.161992 0.221441 0 0 0
0.596485 -0.163069 0.222184 255 0 0
0.597379 -0.164219 0.222765 255 0 0
0.598514 -0.165376 0.223446 255 0 0
0.599593 -0.165809 0.223666 0 0 0
0.600770 -0.167004 0.224134 0 0 0
0.601868 -0.167482 0.224350 0 0 0
0.602865 -0.168626 0.224869 0 0 0
0.603983 -0.169773 0.225545 0 0 0
0.605059 -0.170208 0.225777 0 0 0
0.606045 -0.171349 0.226296 0 0 0
0.607144 -0.172440 0.226974 0 0 0
0.608293 -0.172812 0.227242 0 0 0
0.609225 -0.174058 0.227748 255 0 0
0.610105 -0.175181 0.228461 255 0 0
0.611015 -0.176227 0.229204 0 0 0
0.612043 -0.177260 0.229861 0 0 0
0.613158 -0.177704 0.230007 0 0 0
0.614114 -0.178913 0.230639 0 0 0
0.615067 -0.180119 0.231267 0 0 0
0.616133 -0.180569 0.231393 0 0 0
0.617243 -0.181743 0.231951 0 0 0
0.618363 -0.182187 0.232098 0 0 0
0.619495 -0.183232 0.232650 255 0 0
0.620527 -0.183745 0.232786 255 0 0
0.621699 -0.184846 0.233367 255 0 0
0.622773 -0.185264 0.233630 255 0 0
0.623800 -0.186393 0.234022 255 0 0
0.624871 -0.187034 0.234147 255 0 0
0.625882 -0.188164 0.234539 255 0 0
0.627070 -0.188620 0.234700 0 0 0
0.628398 -0.189152 0.234674 0 0 0
0.629777 -0.189613 0.234619 0 0 0
0.631094 -0.190189 0.234560 255 0 0
0.632273 -0.190772 0.234603 255 0 0
0.633308 -0.191966 0.235130 255 0 0
0.634245 -0.192499 0.235239 255 0 0
0.635291 -0.193703 0.235773 255 0 0
0.636393 -0.194233 0.235910 255 0 0
0.637315 -0.195380 0.236271 255 0 0
0.638589 -0.195781 0.236474 255 0 0
0.639918 -0.196303 0.236452 255 0 0
0.641204 -0.196817 0.236404 255 0 0
0.642476 -0.197296 0.236465 255 0 0
0.643467 -0.198447 0.236971 255 0 0
0.644571 -0.199003 0.237000 255 0 0
0.645873 -0.199580 0.236941 255 0 0
0.647196 -0.200153 0.236873 255 0 0
0.648200 -0.200582 0.236810 0 0 0
0.650600 -0.200707 0.236219 255 0 0
0.651502 -0.201189 0.236218 255 0 0
0.652464 -0.202372 0.236515 255 0 0
0.653314 -0.202865 0.236534 255 0 0
0.655748 -0.203004 0.235934 255 0 0
0.656647 -0.203493 0.235938 0 0 0
0.657549 -0.204594 0.236249 0 0 0
0.658780 -0.205120 0.236288 0 0 0
0.660097 -0.205678 0.236230 0 0 0
0.661378 -0.206242 0.236164 0 0 0
0.662682 -0.206869 0.236090 255 0 0
0.663885 -0.207600 0.236006 255 0 0
0.664759 -0.208162 0.235932 255 0 0
0.667319 -0.208217 0.235075 255 0 0
0.668290 -0.208721 0.235004 255 0 0
0.669431 -0.209584 0.234907 0 0 0
0.670750 -0.210226 0.234828 0 0 0
0.671721 -0.210672 0.234766 0 0 0
0.674271 -0.210747 0.233907 0 0 0
0.675122 -0.211444 0.233818 0 0 0
0.676123 -0.211963 0.233745 255 0 0
0.678705 -0.212003 0.232887 0 0 0
0.679312 -0.212437 0.232819 0 0 0
0.681734 -0.212873 0.231922 0 0 0
0.682765 -0.213363 0.231851 0 0 0
0.683733 -0.213842 0.231795 0 0 0
0.584545 -0.153333 0.214521 0 0 0
0.585453 -0.154453 0.214961 0 0 0
0.586693 -0.154783 0.215326 0 0 0
0.587764 -0.155922 0.215889 255 0 0
0.588776 -0.157045 0.216627 255 0 0
0.589740 -0.158151 0.217374 255 0 0
0.590680 -0.159050 0.218229 255 0 0
0.591572 -0.161013 0.219496 255 0 0
0.592491 -0.161358 0.219668 255 0 0
0.593652 -0.162488 0.220362 255 0 0
0.594613 -0.163566 0.221104 255 0 0
0.595572 -0.164647 0.221851 255 0 0
0.596526 -0.165719 0.222591 255 0 0
0.597618 -0.166836 0.223253 255 0 0
0.598657 -0.167345 0.223362 255 0 0
0.599887 -0.168502 0.223936 255 0 0
0.600928 -0.169010 0.224048 0 0 0
0.602005 -0.170117 0.224702 0 0 0
0.603075 -0.171229 0.225356 0 0 0
0.604107 -0.171745 0.225478 0 0 0
0.605174 -0.172840 0.226136 0 0 0
0.606060 -0.173905 0.226852 0 0 0
0.607067 -0.175056 0.227519 0 0 0
0.608269 -0.175429 0.227674 0 0 0
0.609338 -0.176459 0.228352 255 0 0
0.610161 -0.177653 0.229088 255 0 0
0.610974 -0.178722 0.229778 255 0 0
0.611974 -0.179919 0.230441 0 0 0
0.613087 -0.180358 0.230587 0 0 0
0.614243 -0.181403 0.231146 0 0 0
0.615277 -0.181911 0.231277 0 0 0
0.616427 -0.183025 0.231830 0 0 0
0.617453 -0.183535 0.231961 0 0 0
0.618590 -0.184654 0.232512 0 0 0
0.619620 -0.185160 0.232647 0 0 0
0.620744 -0.186268 0.233194 0 0 0
0.621794 -0.186837 0.233326 0 0 0
0.622815 -0.187966 0.233719 0 0 0
0.624061 -0.188425 0.233915 255 0 0
0.625306 -0.188885 0.234112 255 0 0
0.626307 -0.189937 0.234507 255 0 0
0.627394 -0.190449 0.234635 255 0 0
0.628410 -0.191775 0.235175 255 0 0
0.629522 -0.192358 0.235194 255 0 0
0.630836 -0.192936 0.235134 255 0 0
0.632221 -0.193416 0.235086 255 0 0
0.633370 -0.193905 0.235140 255 0 0
0.634427 -0.194952 0.235655 255 0 0
0.635632 -0.195437 0.235745 255 0 0
0.636924 -0.195842 0.235958 255 0 0
0.637832 -0.196976 0.236310 255 0 0
0.639058 -0.197501 0.236348 255 0 0
0.640200 -0.198094 0.236381 255 0 0
0.641151 -0.199402 0.236902 255 0 0
0.642332 -0.199819 0.236944 255 0 0
0.643706 -0.200219 0.236902 255 0 0
0.645020 -0.200837 0.236831 255 0 0
0.646211 -0.201548 0.236750 255 0 0
0.647457 -0.202129 0.236682 255 0 0
0.648659 -0.202820 0.236603 255 0 0
0.649965 -0.203431 0.236531 255 0 0
0.651329 -0.203897 0.236474 255 0 0
0.652590 -0.204408 0.236416 255 0 0
0.653773 -0.205018 0.236351 255 0 0
0.655197 -0.205528 0.236294 255 0 0
0.656402 -0.206037 0.236343 255 0 0
0.657283 -0.207235 0.236848 255 0 0
0.658402 -0.207845 0.236881 255 0 0
0.659729 -0.208435 0.236819 0 0 0
0.660695 -0.208864 0.236758 0 0 0
0.663243 -0.208879 0.235907 0 0 0
0.664197 -0.209306 0.235845 0 0 0
0.665448 -0.210037 0.235759 0 0 0
0.666447 -0.210546 0.235684 0 0 0
0.668901 -0.210728 0.234818 0 0 0
0.669877 -0.211160 0.234756 0 0 0
0.671206 -0.211762 0.234682 0 0 0
0.672099 -0.212342 0.234605 0 0 0
0.674581 -0.212593 0.233728 0 0 0
0.675532 -0.213032 0.233665 0 0 0
0.676813 -0.213829 0.233570 0 0 0
0.677717 -0.214450 0.233489 0 0 0
0.680182 -0.214711 0.232608 255 0 0
0.681116 -0.215295 0.232529 0 0 0
0.682110 -0.215752 0.232461 0 0 0
0.684275 -0.215860 0.231610 0 0 0
0.584008 -0.154648 0.214316 255 0 0
0.584856 -0.155086 0.214440 255 0 0
0.585916 -0.156301 0.214960 255 0 0
0.587005 -0.157296 0.215718 255 0 0
0.587958 -0.158506 0.216471 255 0 0
0.588912 -0.159599 0.217198 255 0 0
0.589855 -0.160699 0.217939 255 0 0
0.590929 -0.161705 0.218859 0 0 0
0.591822 -0.162807 0.219445 0 0 0
0.592801 -0.163940 0.220190 0 0 0
0.593760 -0.165017 0.220937 0 0 0
0.594715 -0.166094 0.221686 0 0 0
0.595667 -0.167167 0.222429 0 0 0
0.596756 -0.168283 0.223093 255 0 0
0.597795 -0.168786 0.223201 255 0 0
0.599022 -0.169949 0.223777 255 0 0
0.600054 -0.170460 0.223888 255 0 0
0.601127 -0.171572 0.224546 255 0 0
0.602193 -0.172609 0.225205 255 0 0
0.603311 -0.173042 0.225341 255 0 0
0.604333 -0.174272 0.226010 255 0 0
0.605210 -0.175339 0.226730 255 0 0
0.606092 -0.176383 0.227454 255 0 0
0.606925 -0.177572 0.228193 255 0 0
0.607988 -0.178597 0.228870 255 0 0
0.609194 -0.178958 0.229032 255 0 0
0.610259 -0.179980 0.229707 0 0 0
0.611209 -0.181123 0.230344 0 0 0
0.612264 -0.181571 0.230469 0 0 0
0.613393 -0.182820 0.231028 0 0 0
0.614375 -0.183325 0.231139 0 0 0
0.615525 -0.184445 0.231692 0 0 0
0.616552 -0.184948 0.231825 0 0 0
0.617690 -0.186058 0.232377 0 0 0
0.618720 -0.186560 0.232513 0 0 0
0.619834 -0.187652 0.233050 0 0 0
0.621050 -0.188195 0.233124 0 0 0
0.622252 -0.188662 0.233295 255 0 0
0.623259 -0.189727 0.233694 255 0 0
0.624385 -0.190235 0.233848 255 0 0
0.625300 -0.191484 0.234469 255 0 0
0.626108 -0.192671 0.234921 255 0 0
0.627373 -0.193060 0.235116 255 0 0
0.628709 -0.193564 0.235093 255 0 0
0.629999 -0.194137 0.235029 255 0 0
0.631277 -0.194667 0.234978 255 0 0
0.632531 -0.195155 0.235035 0 0 0
0.633554 -0.196274 0.235564 0 0 0
0.634569 -0.196743 0.235690 0 0 0
0.635574 -0.197978 0.236239 0 0 0
0.636674 -0.198398 0.236375 0 0 0
0.637648 -0.199630 0.236911 0 0 0
0.638747 -0.200140 0.236948 0 0 0
0.640249 -0.200517 0.236912 0 0 0
0.641340 -0.201037 0.236949 0 0 0
0.642305 -0.202374 0.237468 255 0 0
0.643104 -0.202822 0.237490 255 0 0
0.645615 -0.202837 0.236652 255 0 0
0.646584 -0.203270 0.236589 255 0 0
0.647909 -0.203837 0.236520 255 0 0
0.649189 -0.204400 0.236454 255 0 0
0.650458 -0.204979 0.236388 255 0 0
0.651751 -0.205568 0.236328 255 0 0
0.652876 -0.206162 0.236359 255 0 0
0.653775 -0.207447 0.236868 255 0 0
0.654867 -0.207970 0.236911 255 0 0
0.656366 -0.208327 0.236866 255 0 0
0.657635 -0.208804 0.236813 255 0 0
0.658914 -0.209370 0.236749 0 0 0
0.660185 -0.210000 0.236674 0 0 0
0.661277 -0.210857 0.236582 0 0 0
0.662548 -0.211484 0.236507 0 0 0
0.663863 -0.212059 0.236435 0 0 0
0.664840 -0.212444 0.236361 0 0 0
0.667170 -0.212871 0.235486 0 0 0
0.668158 -0.213310 0.235421 0 0 0
0.669516 -0.213897 0.235348 0 0 0
0.670477 -0.214329 0.235287 0 0 0
0.672934 -0.214525 0.234417 0 0 0
0.673970 -0.215059 0.234338 0 0 0
0.674870 -0.215637 0.234262 0 0 0
0.677437 -0.215754 0.233389 0 0 0
0.677958 -0.216270 0.233318 0 0 0
0.680556 -0.216451 0.232437 255 0 0
0.681461 -0.217030 0.232359 255 0 0
0.682383 -0.217556 0.232271 255 0 0
0.684440 -0.217954 0.231402 255 0 0
0.584242 -0.156825 0.214143 255 0 0
0.585037 -0.157544 0.214704 255 0 0
0.585853 -0.159716 0.216126 255 0 0
0.586889 -0.159985 0.216327 0 0 0
0.588060 -0.161072 0.217029 0 0 0
0.589036 -0.162152 0.217774 0 0 0
0.590008 -0.163241 0.218526 0 0 0
0.590978 -0.164318 0.219274 0 0 0
0.591943 -0.165394 0.220024 0 0 0
0.592902 -0.166470 0.220775 0 0 0
0.593857 -0.167544 0.221526 0 0 0
0.594806 -0.168614 0.222271 0 0 0
0.595894 -0.169734 0.222935 0 0 0
0.596925 -0.170243 0.223046 0 0 0
0.598149 -0.171335 0.223626 255 0 0
0.599265 -0.171757 0.223754 255 0 0
0.600375 -0.172859 0.224436 255 0 0
0.601187 -0.174063 0.225143 255 0 0
0.602169 -0.175218 0.225789 255 0 0
0.603373 -0.175581 0.225941 0 0 0
0.604453 -0.176614 0.226625 0 0 0
0.605287 -0.177805 0.227365 255 0 0
0.606155 -0.178859 0.228091 0 0 0
0.607008 -0.179923 0.228814 0 0 0
0.607829 -0.181094 0.229552 0 0 0
0.608903 -0.182181 0.230229 0 0 0
0.609956 -0.182616 0.230356 0 0 0
0.611067 -0.183777 0.230910 0 0 0
0.612333 -0.184251 0.230963 0 0 0
0.613494 -0.184743 0.231012 0 0 0
0.614632 -0.185849 0.231559 255 0 0
0.615657 -0.186348 0.231692 255 0 0
0.616793 -0.187455 0.232241 255 0 0
0.617835 -0.188017 0.232373 255 0 0
0.618865 -0.189153 0.232772 255 0 0
0.620057 -0.189614 0.232941 255 0 0
0.621271 -0.190157 0.233021 255 0 0
0.622215 -0.191278 0.233623 255 0 0
0.623070 -0.192461 0.234108 0 0 0
0.624393 -0.192854 0.234341 0 0 0
0.625623 -0.193240 0.234557 0 0 0
0.626601 -0.194345 0.234926 0 0 0
0.627775 -0.194950 0.234962 0 0 0
0.629085 -0.195548 0.234910 0 0 0
0.630188 -0.196096 0.234938 255 0 0
0.631226 -0.197283 0.235468 255 0 0
0.632288 -0.197740 0.235615 255 0 0
0.633320 -0.198861 0.236156 255 0 0
0.634392 -0.199315 0.236308 255 0 0
0.635391 -0.200429 0.236835 0 0 0
0.636663 -0.200915 0.236903 0 0 0
0.637753 -0.201406 0.236949 0 0 0
0.638732 -0.202584 0.237460 0 0 0
0.639886 -0.203086 0.237523 255 0 0
0.641372 -0.203440 0.237480 255 0 0
0.642628 -0.203973 0.237419 255 0 0
0.643735 -0.204813 0.237329 255 0 0
0.645005 -0.205443 0.237255 255 0 0
0.646279 -0.206012 0.237188 255 0 0
0.647553 -0.206587 0.237122 255 0 0
0.648818 -0.207167 0.237055 255 0 0
0.650090 -0.207735 0.236989 255 0 0
0.651378 -0.208289 0.236926 255 0 0
0.652754 -0.208670 0.236886 255 0 0
0.653948 -0.209084 0.236936 255 0 0
0.654847 -0.210353 0.237446 255 0 0
0.655955 -0.210953 0.237480 255 0 0
0.657277 -0.211545 0.237418 0 0 0
0.658227 -0.211973 0.237357 0 0 0
0.660771 -0.211983 0.236502 0 0 0
0.661725 -0.212410 0.236441 0 0 0
0.663085 -0.213067 0.236360 0 0 0
0.663964 -0.213616 0.236289 0 0 0
0.666384 -0.213867 0.235426 0 0 0
0.667371 -0.214318 0.235344 0 0 0
0.668587 -0.215046 0.235259 0 0 0
0.669834 -0.215620 0.235191 0 0 0
0.671051 -0.216337 0.235109 0 0 0
0.672028 -0.216830 0.235040 0 0 0
0.674606 -0.216931 0.234167 0 0 0
0.675120 -0.217449 0.234097 0 0 0
0.677711 -0.217669 0.233206 0 0 0
0.678228 -0.218183 0.233136 0 0 0
0.680846 -0.218404 0.232245 0 0 0
0.681444 -0.218798 0.232185 255 0 0
0.683948 -0.219177 0.231295 255 0 0
0.684472 -0.219664 0.231215 255 0 0
0.686654 -0.219872 0.230342 255 0 0
0.583398 -0.158030 0.213905 255 0 0
0.584263 -0.159909 0.215433 255 0 0
0.585171 -0.160257 0.215592 255 0 0
0.586212 -0.161396 0.216111 0 0 0
0.587214 -0.162534 0.216858 0 0 0
0.588188 -0.163614 0.217608 0 0 0
0.589160 -0.164694 0.218360 0 0 0
0.590127 -0.165771 0.219112 0 0 0
0.591089 -0.166846 0.219864 0 0 0
0.592047 -0.167919 0.220616 0 0 0
0.592999 -0.168990 0.221369 0 0 0
0.593950 -0.170059 0.222118 0 0 0
0.595029 -0.171118 0.222787 0 0 0
0.596137 -0.171548 0.222916 0 0 0
0.597140 -0.172794 0.223565 0 0 0
0.597969 -0.173976 0.224273 0 0 0
0.599063 -0.175015 0.224957 255 0 0
0.600265 -0.175372 0.225108 255 0 0
0.601238 -0.176542 0.225758 255 0 0
0.602043 -0.177731 0.226468 255 0 0
0.603120 -0.178759 0.227150 0 0 0
0.604321 -0.179111 0.227308 255 0 0
0.605396 -0.180128 0.227993 255 0 0
0.606299 -0.181178 0.228746 255 0 0
0.607119 -0.182353 0.229487 0 0 0
0.608095 -0.183376 0.230119 0 0 0
0.609196 -0.183807 0.230266 0 0 0
0.610314 -0.185037 0.230819 0 0 0
0.611431 -0.185591 0.230840 0 0 0
0.612607 -0.186144 0.230882 0 0 0
0.613739 -0.187247 0.231424 0 0 0
0.614777 -0.187803 0.231554 255 0 0
0.615818 -0.188937 0.231959 255 0 0
0.617056 -0.189387 0.232150 255 0 0
0.618297 -0.189843 0.232348 255 0 0
0.619316 -0.190967 0.232744 255 0 0
0.620382 -0.191583 0.232872 255 0 0
0.621448 -0.192698 0.233320 255 0 0
0.622541 -0.193031 0.233699 0 0 0
0.623580 -0.194155 0.234125 0 0 0
0.624639 -0.194787 0.234260 0 0 0
0.625659 -0.195906 0.234613 0 0 0
0.626776 -0.196441 0.234668 0 0 0
0.628120 -0.196931 0.234762 0 0 0
0.629325 -0.197460 0.234840 0 0 0
0.630392 -0.198515 0.235366 0 0 0
0.631412 -0.199025 0.235524 255 0 0
0.632481 -0.200096 0.236060 255 0 0
0.633505 -0.200606 0.236220 255 0 0
0.634555 -0.201662 0.236742 255 0 0
0.635694 -0.202146 0.236808 255 0 0
0.636960 -0.202635 0.236879 255 0 0
0.637966 -0.203796 0.237401 255 0 0
0.638887 -0.204313 0.237523 255 0 0
0.639896 -0.205523 0.238034 255 0 0
0.640746 -0.205937 0.238067 255 0 0
0.643148 -0.206166 0.237231 255 0 0
0.644119 -0.206584 0.237169 255 0 0
0.645429 -0.207161 0.237101 255 0 0
0.646690 -0.207657 0.237044 255 0 0
0.648052 -0.208113 0.236987 255 0 0
0.649335 -0.208667 0.236922 255 0 0
0.650616 -0.209247 0.236863 255 0 0
0.651714 -0.209858 0.236895 255 0 0
0.652623 -0.211128 0.237405 255 0 0
0.653819 -0.211620 0.237447 255 0 0
0.655083 -0.212129 0.237398 255 0 0
0.656358 -0.212694 0.237333 0 0 0
0.657611 -0.213260 0.237267 0 0 0
0.658784 -0.213961 0.237189 0 0 0
0.660118 -0.214586 0.237113 0 0 0
0.661061 -0.215013 0.237052 0 0 0
0.663579 -0.215053 0.236191 0 0 0
0.664504 -0.215667 0.236109 0 0 0
0.665426 -0.216281 0.236027 0 0 0
0.667954 -0.216326 0.235166 0 0 0
0.668907 -0.216755 0.235105 0 0 0
0.670229 -0.217323 0.235036 0 0 0
0.671532 -0.217972 0.234958 0 0 0
0.672317 -0.218661 0.234876 0 0 0
0.674882 -0.218845 0.233989 0 0 0
0.675389 -0.219368 0.233919 0 0 0
0.677984 -0.219578 0.233026 0 0 0
0.678494 -0.220100 0.232956 255 0 0
0.681092 -0.220330 0.232062 255 0 0
0.681608 -0.220833 0.231993 255 0 0
0.684187 -0.220950 0.231115 255 0 0
0.685126 -0.221601 0.231031 255 0 0
0.686007 -0.222247 0.230960 0 0 0
0.584536 -0.161925 0.215297 0 0 0
0.585366 -0.162896 0.215923 0 0 0
0.586371 -0.163988 0.216690 255 0 0
0.587346 -0.165067 0.217444 255 0 0
0.588316 -0.166143 0.218197 0 0 0
0.589282 -0.167218 0.218951 0 0 0
0.590241 -0.168292 0.219705 0 0 0
0.591194 -0.169367 0.220461 0 0 0
0.592143 -0.170434 0.221215 0 0 0
0.593082 -0.171517 0.221969 0 0 0
0.593986 -0.172588 0.222695 0 0 0
0.595027 -0.173741 0.223372 0 0 0
0.596229 -0.174094 0.223521 255 0 0
0.597255 -0.175261 0.224199 255 0 0
0.598102 -0.176337 0.224893 255 0 0
0.599116 -0.177494 0.225568 255 0 0
0.600318 -0.177848 0.225724 255 0 0
0.601326 -0.179004 0.226400 255 0 0
0.602159 -0.180061 0.227098 255 0 0
0.602980 -0.181254 0.227845 255 0 0
0.603879 -0.182304 0.228598 255 0 0
0.604942 -0.183312 0.229280 255 0 0
0.606134 -0.183670 0.229444 0 0 0
0.607076 -0.184812 0.230085 0 0 0
0.608014 -0.186008 0.230710 0 0 0
0.609248 -0.186472 0.230762 0 0 0
0.610554 -0.187008 0.230716 0 0 0
0.611733 -0.187604 0.230745 0 0 0
0.612769 -0.188729 0.231143 0 0 0
0.614002 -0.189177 0.231332 255 0 0
0.615254 -0.189686 0.231516 255 0 0
0.616210 -0.190863 0.231789 0 0 0
0.617293 -0.191390 0.232022 255 0 0
0.618380 -0.192515 0.232421 255 0 0
0.619542 -0.193045 0.232506 255 0 0
0.620791 -0.193476 0.232808 255 0 0
0.621656 -0.194643 0.233182 255 0 0
0.622648 -0.195682 0.233825 255 0 0
0.623821 -0.196120 0.234028 0 0 0
0.625215 -0.196604 0.234157 0 0 0
0.626341 -0.197200 0.234197 0 0 0
0.627277 -0.198362 0.234425 0 0 0
0.628365 -0.198898 0.234668 0 0 0
0.629394 -0.200000 0.235104 0 0 0
0.630438 -0.200419 0.235375 255 0 0
0.631548 -0.201481 0.235946 255 0 0
0.632570 -0.201981 0.236108 255 0 0
0.633631 -0.203049 0.236640 255 0 0
0.634600 -0.203558 0.236782 255 0 0
0.635605 -0.204724 0.237302 255 0 0
0.636857 -0.205205 0.237373 255 0 0
0.638029 -0.205755 0.237438 255 0 0
0.639012 -0.206824 0.237771 255 0 0
0.639867 -0.207234 0.237787 255 0 0
0.642167 -0.207555 0.237138 255 0 0
0.643164 -0.207953 0.237062 255 0 0
0.644482 -0.208548 0.236999 255 0 0
0.645576 -0.209096 0.237037 255 0 0
0.646521 -0.210243 0.237537 255 0 0
0.647679 -0.210832 0.237595 255 0 0
0.648955 -0.211404 0.237538 255 0 0
0.650234 -0.211960 0.237473 255 0 0
0.651602 -0.212412 0.237416 255 0 0
0.652829 -0.212838 0.237370 255 0 0
0.654198 -0.213290 0.237314 255 0 0
0.655477 -0.213845 0.237249 0 0 0
0.656741 -0.214407 0.237183 0 0 0
0.658036 -0.215023 0.237110 0 0 0
0.659207 -0.215723 0.237033 0 0 0
0.660441 -0.216284 0.236966 0 0 0
0.661656 -0.216997 0.236883 0 0 0
0.662630 -0.217445 0.236800 0 0 0
0.665040 -0.217713 0.235934 0 0 0
0.665911 -0.218250 0.235864 0 0 0
0.667243 -0.218887 0.235787 0 0 0
0.668547 -0.219462 0.235718 0 0 0
0.669490 -0.219889 0.235658 0 0 0
0.672064 -0.219941 0.234788 0 0 0
0.672634 -0.220362 0.234724 0 0 0
0.675152 -0.220664 0.233825 0 0 0
0.675726 -0.221091 0.233760 0 0 0
0.678251 -0.221397 0.232861 255 0 0
0.678828 -0.221825 0.232796 255 0 0
0.681332 -0.222110 0.231901 255 0 0
0.682258 -0.222755 0.231818 0 0 0
0.683177 -0.223398 0.231735 0 0 0
0.685765 -0.223445 0.230866 0 0 0
0.686303 -0.223876 0.230812 0 0 0
0.583813 -0.163311 0.215143 255 0 0
0.584536 -0.164477 0.215605 0 0 0
0.585504 -0.165553 0.216355 0 0 0
0.586482 -0.166628 0.217117 255 0 0
0.587452 -0.167702 0.217872 255 0 0
0.588418 -0.168782 0.218628 255 0 0
0.589358 -0.169796 0.219382 0 0 0
0.590376 -0.170802 0.220318 0 0 0
0.591286 -0.171868 0.221062 0 0 0
0.592319 -0.172792 0.221840 0 0 0
0.593291 -0.173858 0.222617 0 0 0
0.594121 -0.175042 0.223333 0 0 0
0.595105 -0.176225 0.223986 255 0 0
0.596297 -0.176574 0.224135 255 0 0
0.597394 -0.177610 0.224825 255 0 0
0.598208 -0.178789 0.225539 255 0 0
0.599170 -0.179961 0.226189 255 0 0
0.600359 -0.180319 0.226344 255 0 0
0.601358 -0.181479 0.227024 255 0 0
0.602236 -0.182506 0.227752 255 0 0
0.603136 -0.183551 0.228510 255 0 0
0.603986 -0.184598 0.229235 255 0 0
0.604971 -0.185810 0.229901 255 0 0
0.606085 -0.186287 0.230046 255 0 0
0.607144 -0.187364 0.230461 255 0 0
0.608313 -0.187821 0.230619 255 0 0
0.609660 -0.188400 0.230586 255 0 0
0.611006 -0.188973 0.230552 255 0 0
0.612199 -0.189476 0.230699 255 0 0
0.613156 -0.190646 0.230966 0 0 0
0.614400 -0.191151 0.231145 0 0 0
0.615647 -0.191654 0.231328 0 0 0
0.616624 -0.192807 0.231623 0 0 0
0.617876 -0.193231 0.231920 0 0 0
0.619040 -0.193762 0.232006 0 0 0
0.620126 -0.194886 0.232410 0 0 0
0.621150 -0.195361 0.232673 0 0 0
0.622153 -0.196417 0.233329 255 0 0
0.622996 -0.197594 0.233632 255 0 0
0.624112 -0.198186 0.233677 255 0 0
0.625496 -0.198669 0.233803 255 0 0
0.626730 -0.199159 0.233983 255 0 0
0.627676 -0.200294 0.234280 255 0 0
0.628775 -0.200682 0.234659 255 0 0
0.629673 -0.201738 0.235193 255 0 0
0.630631 -0.202845 0.235834 255 0 0
0.631645 -0.203341 0.236000 255 0 0
0.632700 -0.204403 0.236529 255 0 0
0.633747 -0.204973 0.236689 255 0 0
0.634725 -0.206055 0.237033 255 0 0
0.635814 -0.206596 0.237094 255 0 0
0.637178 -0.207064 0.237216 255 0 0
0.638542 -0.207514 0.237335 255 0 0
0.639702 -0.208077 0.237273 255 0 0
0.640974 -0.208777 0.237043 255 0 0
0.642250 -0.209317 0.236955 255 0 0
0.643531 -0.209902 0.236897 255 0 0
0.644678 -0.210441 0.236957 255 0 0
0.645669 -0.211440 0.237452 255 0 0
0.646821 -0.211967 0.237513 255 0 0
0.648101 -0.212539 0.237457 255 0 0
0.649368 -0.213110 0.237393 255 0 0
0.650618 -0.213626 0.237343 255 0 0
0.651809 -0.214116 0.237387 255 0 0
0.652708 -0.215381 0.237898 255 0 0
0.653793 -0.215980 0.237933 255 0 0
0.655114 -0.216555 0.237872 255 0 0
0.656052 -0.216978 0.237812 255 0 0
0.658587 -0.216995 0.236949 255 0 0
0.659549 -0.217479 0.236881 255 0 0
0.660793 -0.218194 0.236798 255 0 0
0.661739 -0.218594 0.236739 255 0 0
0.664168 -0.218867 0.235871 255 0 0
0.665148 -0.219305 0.235789 0 0 0
0.666353 -0.220017 0.235706 0 0 0
0.667615 -0.220570 0.235641 255 0 0
0.668873 -0.221136 0.235574 0 0 0
0.670076 -0.221856 0.235493 0 0 0
0.671035 -0.222352 0.235425 0 0 0
0.673541 -0.222636 0.234530 0 0 0
0.674105 -0.223062 0.234466 0 0 0
0.676629 -0.223365 0.233565 0 0 0
0.677196 -0.223792 0.233500 0 0 0
0.679727 -0.224102 0.232598 0 0 0
0.680296 -0.224534 0.232534 0 0 0
0.682875 -0.224569 0.231661 0 0 0
0.683794 -0.225215 0.231578 0 0 0
0.684715 -0.225861 0.231494 0 0 0
0.686852 -0.225893 0.230643 0 0 0
0.584282 -0.165203 0.215109 255 0 0
0.585080 -0.166293 0.215733 255 0 0
0.586019 -0.167390 0.216470 255 0 0
0.586994 -0.168462 0.217232 255 0 0
0.587970 -0.169545 0.217998 255 0 0
0.588811 -0.170480 0.218674 255 0 0
0.589647 -0.172379 0.220267 255 0 0
0.590300 -0.173163 0.220815 255 0 0
0.591049 -0.175114 0.222557 255 0 0
0.592000 -0.176062 0.223136 255 0 0
0.593116 -0.176490 0.223286 255 0 0
0.594152 -0.177536 0.223934 255 0 0
0.594994 -0.178731 0.224672 0 0 0
0.596097 -0.179829 0.225359 0 0 0
0.597189 -0.180245 0.225499 0 0 0
0.598211 -0.181266 0.226140 0 0 0
0.599211 -0.182425 0.226814 0 0 0
0.600397 -0.182776 0.226972 255 0 0
0.601393 -0.183923 0.227652 255 0 0
0.602250 -0.184966 0.228380 255 0 0
0.603162 -0.186070 0.229134 255 0 0
0.604094 -0.187153 0.229641 255 0 0
0.605320 -0.187609 0.229837 255 0 0
0.606556 -0.188065 0.230029 255 0 0
0.607602 -0.189194 0.230427 255 0 0
0.608768 -0.189781 0.230454 255 0 0
0.610066 -0.190361 0.230396 255 0 0
0.611410 -0.190938 0.230364 255 0 0
0.612601 -0.191440 0.230510 0 0 0
0.613554 -0.192608 0.230779 0 0 0
0.614795 -0.193119 0.230963 0 0 0
0.616021 -0.193570 0.231154 0 0 0
0.617045 -0.194691 0.231562 0 0 0
0.618103 -0.195307 0.231691 0 0 0
0.619128 -0.196428 0.232098 0 0 0
0.620166 -0.196839 0.232361 0 0 0
0.621344 -0.197904 0.232969 255 0 0
0.622540 -0.198354 0.233157 255 0 0
0.623660 -0.198897 0.233221 255 0 0
0.624666 -0.199992 0.233573 255 0 0
0.625897 -0.200596 0.233648 255 0 0
0.627064 -0.201055 0.233825 255 0 0
0.627923 -0.202101 0.234328 255 0 0
0.628772 -0.203175 0.235079 255 0 0
0.629706 -0.204202 0.235721 255 0 0
0.630738 -0.204768 0.235884 255 0 0
0.631694 -0.205855 0.236268 0 0 0
0.632901 -0.206285 0.236471 0 0 0
0.634282 -0.206760 0.236602 0 0 0
0.635378 -0.207296 0.236666 0 0 0
0.636333 -0.208372 0.236997 255 0 0
0.637494 -0.208978 0.237044 255 0 0
0.638772 -0.209548 0.236987 255 0 0
0.640041 -0.210106 0.236920 255 0 0
0.641310 -0.210669 0.236854 255 0 0
0.642572 -0.211168 0.236806 255 0 0
0.643818 -0.211648 0.236873 255 0 0
0.644771 -0.212784 0.237377 255 0 0
0.645854 -0.213327 0.237415 255 0 0
0.647138 -0.213910 0.237359 255 0 0
0.648394 -0.214412 0.237311 255 0 0
0.649585 -0.214890 0.237355 255 0 0
0.650500 -0.216144 0.237871 255 0 0
0.651660 -0.216549 0.237922 0 0 0
0.653045 -0.216979 0.237875 0 0 0
0.654221 -0.217681 0.237800 255 0 0
0.655443 -0.218245 0.237733 255 0 0
0.656643 -0.218958 0.237653 255 0 0
0.657603 -0.219438 0.237586 255 0 0
0.660153 -0.219528 0.236711 255 0 0
0.660986 -0.220082 0.236641 255 0 0
0.662209 -0.220796 0.236557 255 0 0
0.663174 -0.221273 0.236490 0 0 0
0.665732 -0.221371 0.235614 0 0 0
0.666583 -0.221921 0.235545 0 0 0
0.667865 -0.222504 0.235475 0 0 0
0.669147 -0.223055 0.235409 0 0 0
0.670431 -0.223630 0.235340 0 0 0
0.671282 -0.224185 0.235271 0 0 0
0.673878 -0.224345 0.234380 0 0 0
0.674364 -0.224866 0.234312 255 0 0
0.676964 -0.225079 0.233412 255 0 0
0.677451 -0.225601 0.233345 0 0 0
0.680036 -0.225706 0.232460 0 0 0
0.680914 -0.226291 0.232386 0 0 0
0.681936 -0.226829 0.232308 255 0 0
0.684410 -0.227022 0.231425 255 0 0
0.685340 -0.227685 0.231342 255 0 0
0.686158 -0.228229 0.231281 255 0 0
0.584336 -0.168017 0.215503 255 0 0
0.585137 -0.168934 0.216135 255 0 0
0.586130 -0.170017 0.216911 255 0 0
0.587110 -0.171099 0.217684 255 0 0
0.587906 -0.172032 0.218335 255 0 0
0.588810 -0.173813 0.220126 255 0 0
0.589426 -0.174610 0.220668 255 0 0
0.590269 -0.176486 0.222268 255 0 0
0.591203 -0.177418 0.222876 255 0 0
0.592216 -0.177861 0.223120 255 0 0
0.593333 -0.178961 0.223828 255 0 0
0.594266 -0.179993 0.224580 0 0 0
0.595319 -0.181030 0.225250 0 0 0
0.596401 -0.181449 0.225390 0 0 0
0.597427 -0.182671 0.226071 0 0 0
0.598261 -0.183711 0.226767 0 0 0
0.599265 -0.184935 0.227440 255 0 0
0.600348 -0.185348 0.227591 255 0 0
0.601380 -0.186370 0.228256 255 0 0
0.602454 -0.187441 0.228951 255 0 0
0.603487 -0.187848 0.229200 255 0 0
0.604568 -0.188998 0.229622 255 0 0
0.605615 -0.189598 0.229741 255 0 0
0.606698 -0.190740 0.230119 255 0 0
0.607830 -0.191273 0.230137 255 0 0
0.609131 -0.191857 0.230074 255 0 0
0.610418 -0.192436 0.230007 0 0 0
0.611728 -0.193006 0.230007 0 0 0
0.612949 -0.193369 0.230308 0 0 0
0.614022 -0.194485 0.230750 0 0 0
0.615050 -0.195033 0.230887 0 0 0
0.616157 -0.196115 0.231428 0 0 0
0.617364 -0.196646 0.231505 0 0 0
0.618547 -0.197100 0.231685 0 0 0
0.619430 -0.198170 0.232181 0 0 0
0.620410 -0.199286 0.232820 0 0 0
0.621540 -0.199759 0.232886 0 0 0
0.622798 -0.200231 0.232952 255 0 0
0.623834 -0.201416 0.233477 255 0 0
0.624921 -0.201895 0.233519 255 0 0
0.626174 -0.202370 0.233594 255 0 0
0.627072 -0.203517 0.234245 255 0 0
0.627866 -0.204605 0.234968 255 0 0
0.628703 -0.205651 0.235460 255 0 0
0.629922 -0.206089 0.235679 255 0 0
0.631149 -0.206530 0.235891 0 0 0
0.632087 -0.207602 0.236261 0 0 0
0.633257 -0.208216 0.236319 0 0 0
0.634410 -0.208755 0.236385 0 0 0
0.635424 -0.209786 0.236883 255 0 0
0.636560 -0.210316 0.236942 255 0 0
0.637837 -0.210888 0.236887 255 0 0
0.639100 -0.211449 0.236821 255 0 0
0.640381 -0.212025 0.236764 255 0 0
0.641463 -0.212564 0.236803 255 0 0
0.642420 -0.213703 0.237309 255 0 0
0.643659 -0.214178 0.237375 255 0 0
0.644921 -0.214676 0.237329 255 0 0
0.646186 -0.215176 0.237282 255 0 0
0.647366 -0.215660 0.237325 255 0 0
0.648285 -0.216907 0.237844 255 0 0
0.649471 -0.217319 0.237903 255 0 0
0.650650 -0.217774 0.237977 255 0 0
0.651262 -0.218851 0.238435 255 0 0
0.653614 -0.218938 0.237726 0 0 0
0.654546 -0.219359 0.237665 0 0 0
0.655874 -0.219980 0.237589 255 0 0
0.657053 -0.220684 0.237509 255 0 0
0.657877 -0.221235 0.237440 255 0 0
0.660431 -0.221323 0.236563 255 0 0
0.661396 -0.221804 0.236495 255 0 0
0.662605 -0.222531 0.236411 0 0 0
0.663437 -0.223070 0.236343 0 0 0
0.666009 -0.223164 0.235465 0 0 0
0.666942 -0.223594 0.235404 0 0 0
0.668243 -0.224167 0.235336 0 0 0
0.669514 -0.224728 0.235270 0 0 0
0.670793 -0.225303 0.235200 0 0 0
0.671647 -0.225876 0.235127 0 0 0
0.674141 -0.226241 0.234218 0 0 0
0.674621 -0.226755 0.234151 255 0 0
0.677194 -0.226863 0.233264 0 0 0
0.678067 -0.227490 0.233186 0 0 0
0.679320 -0.228305 0.233091 255 0 0
0.680244 -0.228677 0.233018 255 0 0
0.682662 -0.229128 0.232125 255 0 0
0.683319 -0.229435 0.232069 255 0 0
0.685646 -0.229281 0.231219 255 0 0
0.583611 -0.169292 0.215374 255 0 0
0.584355 -0.170377 0.216014 0 0 0
0.585280 -0.171457 0.216755 0 0 0
0.586271 -0.172533 0.217535 0 0 0
0.587068 -0.173466 0.218191 0 0 0
0.587884 -0.175280 0.219787 0 0 0
0.588731 -0.176153 0.220624 0 0 0
0.589707 -0.177170 0.221573 0 0 0
0.590664 -0.178149 0.222337 0 0 0
0.591539 -0.179268 0.222929 0 0 0
0.592481 -0.180375 0.223688 255 0 0
0.593398 -0.181421 0.224447 255 0 0
0.594291 -0.182534 0.225175 255 0 0
0.595233 -0.183753 0.225695 255 0 0
0.596346 -0.184104 0.225972 255 0 0
0.597447 -0.185183 0.226667 255 0 0
0.598414 -0.186278 0.227193 255 0 0
0.599438 -0.186696 0.227440 255 0 0
0.600515 -0.187774 0.228137 255 0 0
0.601544 -0.188849 0.228794 255 0 0
0.602561 -0.189389 0.228926 255 0 0
0.603658 -0.190541 0.229305 255 0 0
0.604802 -0.191053 0.229379 255 0 0
0.606185 -0.191462 0.229615 255 0 0
0.607480 -0.192017 0.229605 255 0 0
0.608772 -0.192591 0.229537 255 0 0
0.610071 -0.193178 0.229475 0 0 0
0.611205 -0.193717 0.229503 0 0 0
0.612137 -0.194798 0.229976 0 0 0
0.613155 -0.195919 0.230622 0 0 0
0.614158 -0.196402 0.230771 0 0 0
0.615271 -0.197490 0.231314 0 0 0
0.616422 -0.198031 0.231367 0 0 0
0.617575 -0.198572 0.231429 0 0 0
0.618541 -0.199613 0.232069 0 0 0
0.619519 -0.200664 0.232720 0 0 0
0.620470 -0.201155 0.232856 0 0 0
0.621519 -0.202353 0.233400 255 0 0
0.622771 -0.202822 0.233462 255 0 0
0.623857 -0.203299 0.233506 255 0 0
0.624899 -0.204489 0.234043 0 0 0
0.625996 -0.204917 0.234219 0 0 0
0.627103 -0.205907 0.234800 0 0 0
0.628137 -0.206317 0.235076 0 0 0
0.629106 -0.207411 0.235474 0 0 0
0.630161 -0.208050 0.235626 0 0 0
0.631111 -0.209127 0.236004 255 0 0
0.632273 -0.209572 0.236187 255 0 0
0.633501 -0.210173 0.236273 255 0 0
0.634430 -0.211230 0.236643 255 0 0
0.635577 -0.211667 0.236815 0 0 0
0.636905 -0.212230 0.236791 255 0 0
0.638162 -0.212790 0.236728 255 0 0
0.639438 -0.213358 0.236673 255 0 0
0.640584 -0.213886 0.236735 255 0 0
0.641575 -0.214895 0.237230 255 0 0
0.642701 -0.215429 0.237293 255 0 0
0.643990 -0.216019 0.237247 255 0 0
0.645071 -0.216560 0.237288 255 0 0
0.646012 -0.217686 0.237786 255 0 0
0.647269 -0.218168 0.237867 255 0 0
0.648359 -0.218735 0.237917 255 0 0
0.649209 -0.219883 0.238252 255 0 0
0.650450 -0.220243 0.238438 255 0 0
0.651661 -0.221003 0.238253 255 0 0
0.652875 -0.221531 0.238325 255 0 0
0.653887 -0.221902 0.238288 255 0 0
0.656314 -0.222158 0.237421 0 0 0
0.657251 -0.222549 0.237362 0 0 0
0.658480 -0.223272 0.237279 0 0 0
0.659423 -0.223762 0.237212 0 0 0
0.661985 -0.223848 0.236332 0 0 0
0.662813 -0.224382 0.236264 0 0 0
0.663991 -0.225091 0.236184 0 0 0
0.665276 -0.225716 0.236111 0 0 0
0.666528 -0.226275 0.236046 0 0 0
0.667788 -0.226834 0.235980 0 0 0
0.669084 -0.227406 0.235912 0 0 0
0.670012 -0.227833 0.235850 0 0 0
0.672202 -0.227921 0.234964 0 0 0
0.674371 -0.228005 0.234078 0 0 0
0.675275 -0.228652 0.233994 0 0 0
0.676167 -0.229298 0.233914 0 0 0
0.678777 -0.229308 0.233036 255 0 0
0.679421 -0.229615 0.232981 255 0 0
0.681831 -0.230076 0.232086 255 0 0
0.682780 -0.230519 0.232004 255 0 0
0.683879 -0.231395 0.231910 255 0 0
0.685184 -0.232046 0.231835 0 0 0
0.686077 -0.232478 0.231788 0 0 0
0.583740 -0.171799 0.215986 255 0 0
0.584493 -0.172860 0.216629 255 0 0
0.585417 -0.173949 0.217377 0 0 0
0.586348 -0.175028 0.218143 0 0 0
0.587242 -0.175904 0.219000 0 0 0
0.587974 -0.177761 0.220405 0 0 0
0.588855 -0.178625 0.221261 0 0 0
0.589774 -0.179758 0.222022 0 0 0
0.590647 -0.180866 0.222619 0 0 0
0.591611 -0.181906 0.223383 255 0 0
0.592535 -0.182948 0.224144 255 0 0
0.593608 -0.183982 0.224874 255 0 0
0.594650 -0.184321 0.225246 255 0 0
0.595666 -0.185482 0.225787 255 0 0
0.596681 -0.186645 0.226341 255 0 0
0.597751 -0.186985 0.226705 0 0 0
0.598739 -0.188074 0.227262 255 0 0
0.599668 -0.189232 0.228010 255 0 0
0.600598 -0.190315 0.228522 255 0 0
0.601803 -0.190758 0.228713 255 0 0
0.603195 -0.191256 0.228833 255 0 0
0.604301 -0.191780 0.228881 255 0 0
0.605375 -0.192925 0.229251 255 0 0
0.606549 -0.193500 0.229259 255 0 0
0.607810 -0.194204 0.229055 255 0 0
0.609074 -0.194683 0.229132 255 0 0
0.610274 -0.195194 0.229209 255 0 0
0.611279 -0.196311 0.229852 255 0 0
0.612188 -0.197386 0.230361 255 0 0
0.613241 -0.197862 0.230618 0 0 0
0.614298 -0.198975 0.231046 0 0 0
0.615477 -0.199424 0.231230 0 0 0
0.616672 -0.199955 0.231317 0 0 0
0.617639 -0.200982 0.231964 0 0 0
0.618614 -0.202024 0.232617 0 0 0
0.619623 -0.202505 0.232778 0 0 0
0.620710 -0.203566 0.233313 0 0 0
0.621845 -0.204107 0.233370 0 0 0
0.623023 -0.204726 0.233420 0 0 0
0.623996 -0.205811 0.233804 0 0 0
0.625023 -0.206215 0.234084 0 0 0
0.626143 -0.207283 0.234667 0 0 0
0.627146 -0.207769 0.234833 0 0 0
0.628194 -0.208820 0.235359 0 0 0
0.629397 -0.209345 0.235452 0 0 0
0.630563 -0.209790 0.235637 255 0 0
0.631496 -0.210854 0.236009 255 0 0
0.632716 -0.211453 0.236093 255 0 0
0.633894 -0.211962 0.236263 255 0 0
0.634746 -0.213066 0.236503 255 0 0
0.635906 -0.213566 0.236659 255 0 0
0.637233 -0.214124 0.236633 255 0 0
0.638496 -0.214692 0.236581 255 0 0
0.639654 -0.215299 0.236633 255 0 0
0.640559 -0.216344 0.236995 255 0 0
0.641703 -0.216779 0.237171 255 0 0
0.643039 -0.217349 0.237157 255 0 0
0.644200 -0.217955 0.237214 255 0 0
0.645085 -0.218984 0.237571 255 0 0
0.646225 -0.219422 0.237754 255 0 0
0.647614 -0.219903 0.237782 255 0 0
0.648858 -0.220319 0.238006 255 0 0
0.649455 -0.221253 0.238295 255 0 0
0.651567 -0.221534 0.237971 255 0 0
0.652219 -0.222518 0.238196 255 0 0
0.653019 -0.223003 0.238235 255 0 0
0.655449 -0.223368 0.237364 255 0 0
0.656296 -0.223874 0.237281 255 0 0
0.657582 -0.224439 0.237210 0 0 0
0.658850 -0.225013 0.237140 0 0 0
0.659688 -0.225552 0.237073 0 0 0
0.662257 -0.225721 0.236181 0 0 0
0.663099 -0.226265 0.236113 0 0 0
0.664371 -0.226836 0.236044 255 0 0
0.665631 -0.227391 0.235979 255 0 0
0.666887 -0.227949 0.235914 0 0 0
0.668147 -0.228503 0.235849 0 0 0
0.669421 -0.229074 0.235780 0 0 0
0.670261 -0.229614 0.235713 0 0 0
0.672784 -0.229984 0.234800 0 0 0
0.673321 -0.230414 0.234738 255 0 0
0.675897 -0.230430 0.233856 255 0 0
0.676790 -0.231079 0.233775 255 0 0
0.677679 -0.231739 0.233695 255 0 0
0.680195 -0.232016 0.232790 0 0 0
0.680737 -0.232443 0.232729 0 0 0
0.683356 -0.232467 0.231847 0 0 0
0.684294 -0.232887 0.231788 0 0 0
0.685630 -0.233553 0.231709 0 0 0
0.686343 -0.234232 0.231642 0 0 0
0.583722 -0.174582 0.216380 255 0 0
0.584545 -0.175479 0.217051 255 0 0
0.585520 -0.176554 0.217835 255 0 0
0.586423 -0.177570 0.218597 255 0 0
0.587375 -0.178371 0.219641 255 0 0
0.588086 -0.180296 0.221029 0 0 0
0.589059 -0.181213 0.221683 0 0 0
0.590070 -0.181584 0.222045 0 0 0
0.591156 -0.182629 0.222782 0 0 0
0.592081 -0.183665 0.223546 0 0 0
0.593034 -0.184693 0.224308 0 0 0
0.593901 -0.185861 0.224899 0 0 0
0.594916 -0.187013 0.225455 0 0 0
0.595985 -0.187356 0.225817 0 0 0
0.596978 -0.188444 0.226381 0 0 0
0.597910 -0.189595 0.227128 0 0 0
0.598895 -0.190674 0.227689 0 0 0
0.599960 -0.191010 0.228054 0 0 0
0.601065 -0.192138 0.228504 0 0 0
0.602233 -0.192730 0.228542 255 0 0
0.603407 -0.193328 0.228581 255 0 0
0.604483 -0.194457 0.228986 255 0 0
0.605384 -0.194774 0.229125 255 0 0
0.607595 -0.194868 0.228667 255 0 0
0.608391 -0.195989 0.228965 255 0 0
0.609380 -0.196552 0.229086 255 0 0
0.610559 -0.197656 0.229681 255 0 0
0.611584 -0.198064 0.229938 255 0 0
0.612659 -0.199101 0.230396 255 0 0
0.613803 -0.199515 0.230683 255 0 0
0.614792 -0.200671 0.231086 0 0 0
0.615852 -0.201159 0.231224 0 0 0
0.616797 -0.202333 0.231895 0 0 0
0.617715 -0.203381 0.232514 0 0 0
0.618734 -0.203936 0.232669 255 0 0
0.619730 -0.205037 0.233066 0 0 0
0.620880 -0.205473 0.233238 0 0 0
0.622266 -0.205970 0.233255 0 0 0
0.623504 -0.206353 0.233462 0 0 0
0.624329 -0.207507 0.233951 0 0 0
0.625240 -0.208628 0.234571 0 0 0
0.626233 -0.209113 0.234738 0 0 0
0.627283 -0.210171 0.235266 0 0 0
0.628423 -0.210711 0.235331 255 0 0
0.629560 -0.211252 0.235398 255 0 0
0.630586 -0.212278 0.235906 255 0 0
0.631717 -0.212796 0.235966 255 0 0
0.633055 -0.213365 0.235950 255 0 0
0.634222 -0.213866 0.236107 255 0 0
0.635094 -0.214963 0.236313 255 0 0
0.636205 -0.215561 0.236363 255 0 0
0.637494 -0.216026 0.236452 255 0 0
0.638875 -0.216570 0.236457 255 0 0
0.640033 -0.217075 0.236627 255 0 0
0.640856 -0.218168 0.236861 255 0 0
0.642011 -0.218672 0.237027 255 0 0
0.643404 -0.219232 0.237042 255 0 0
0.644541 -0.219668 0.237225 255 0 0
0.645434 -0.220717 0.237595 255 0 0
0.646410 -0.221307 0.237753 255 0 0
0.647349 -0.222424 0.238265 255 0 0
0.648569 -0.222907 0.238337 255 0 0
0.649733 -0.223508 0.238283 255 0 0
0.651103 -0.224016 0.238218 255 0 0
0.652350 -0.224518 0.238158 255 0 0
0.653191 -0.225050 0.238092 255 0 0
0.655747 -0.225201 0.237203 255 0 0
0.656555 -0.225667 0.237145 255 0 0
0.657957 -0.226191 0.237073 0 0 0
0.659135 -0.226902 0.236994 0 0 0
0.659946 -0.227448 0.236927 255 0 0
0.662527 -0.227502 0.236045 255 0 0
0.663446 -0.227927 0.235985 255 0 0
0.664738 -0.228496 0.235916 255 0 0
0.665992 -0.229053 0.235851 255 0 0
0.667240 -0.229612 0.235786 255 0 0
0.668522 -0.230243 0.235712 255 0 0
0.669688 -0.230959 0.235633 255 0 0
0.670500 -0.231500 0.235567 255 0 0
0.673085 -0.231550 0.234680 0 0 0
0.673970 -0.232206 0.234600 0 0 0
0.674854 -0.232849 0.234521 0 0 0
0.677436 -0.232875 0.233635 0 0 0
0.677969 -0.233295 0.233574 0 0 0
0.680492 -0.233575 0.232668 0 0 0
0.681308 -0.234139 0.232600 0 0 0
0.682702 -0.234886 0.232508 0 0 0
0.683524 -0.235426 0.232442 0 0 0
0.686128 -0.235575 0.231548 255 0 0
0.686557 -0.236076 0.231494 0 0 0
0.583385 -0.175195 0.215839 255 0 0
0.584124 -0.176225 0.216454 255 0 0
0.585056 -0.177312 0.217209 255 0 0
0.585900 -0.178230 0.217903 0 0 0
0.586618 -0.180147 0.219301 0 0 0
0.587565 -0.180945 0.220349 0 0 0
0.588487 -0.181943 0.221112 0 0 0
0.589357 -0.183054 0.221717 0 0 0
0.590294 -0.184151 0.222481 0 0 0
0.591226 -0.185248 0.223239 0 0 0
0.592084 -0.186351 0.223836 0 0 0
0.593192 -0.187372 0.224566 0 0 0
0.594220 -0.187718 0.224929 0 0 0
0.595222 -0.188806 0.225495 0 0 0
0.596156 -0.189959 0.226245 0 0 0
0.597158 -0.191022 0.226812 0 0 0
0.598206 -0.191373 0.227175 0 0 0
0.599206 -0.192527 0.227729 0 0 0
0.600179 -0.193679 0.228199 0 0 0
0.601275 -0.194196 0.228253 255 0 0
0.602663 -0.194693 0.228375 255 0 0
0.603878 -0.195127 0.228567 255 0 0
0.604889 -0.196254 0.228962 255 0 0
0.605983 -0.196954 0.228982 255 0 0
0.607387 -0.197476 0.228939 255 0 0
0.608509 -0.197943 0.228990 255 0 0
0.609629 -0.198966 0.229546 255 0 0
0.610708 -0.199382 0.229710 255 0 0
0.611621 -0.200569 0.230353 255 0 0
0.612531 -0.201750 0.230996 255 0 0
0.613559 -0.202172 0.231140 255 0 0
0.614630 -0.203313 0.231699 0 0 0
0.615743 -0.203798 0.231861 0 0 0
0.616732 -0.204826 0.232264 255 0 0
0.617948 -0.205269 0.232473 255 0 0
0.619166 -0.205709 0.232682 255 0 0
0.620151 -0.206806 0.233076 255 0 0
0.621143 -0.207444 0.233197 255 0 0
0.622099 -0.208649 0.233581 0 0 0
0.623195 -0.209013 0.233893 0 0 0
0.624311 -0.209980 0.234479 0 0 0
0.625318 -0.210457 0.234649 0 0 0
0.626372 -0.211511 0.235180 0 0 0
0.627495 -0.211967 0.235251 255 0 0
0.628741 -0.212437 0.235324 0 0 0
0.629731 -0.213595 0.235841 0 0 0
0.630797 -0.214121 0.235877 255 0 0
0.632067 -0.214696 0.235824 255 0 0
0.633373 -0.215248 0.235792 255 0 0
0.634668 -0.215716 0.235881 255 0 0
0.635783 -0.216316 0.235930 255 0 0
0.636669 -0.217409 0.236099 255 0 0
0.637771 -0.218011 0.236148 255 0 0
0.639131 -0.218481 0.236287 255 0 0
0.640331 -0.218903 0.236496 255 0 0
0.641227 -0.219948 0.236861 255 0 0
0.642365 -0.220486 0.236932 255 0 0
0.643622 -0.220959 0.237020 255 0 0
0.644558 -0.222005 0.237533 255 0 0
0.645616 -0.222460 0.237714 255 0 0
0.646560 -0.223581 0.238229 0 0 0
0.647616 -0.224115 0.238273 0 0 0
0.648886 -0.224679 0.238218 0 0 0
0.650126 -0.225240 0.238153 0 0 0
0.651377 -0.225798 0.238088 0 0 0
0.652644 -0.226366 0.238019 255 0 0
0.653474 -0.226905 0.237952 255 0 0
0.655842 -0.227098 0.237245 255 0 0
0.656145 -0.227977 0.237637 255 0 0
0.658526 -0.228092 0.236939 255 0 0
0.659430 -0.228500 0.236878 255 0 0
0.660602 -0.229210 0.236801 255 0 0
0.661882 -0.229838 0.236728 255 0 0
0.663124 -0.230394 0.236663 255 0 0
0.664373 -0.230949 0.236598 255 0 0
0.665655 -0.231524 0.236529 255 0 0
0.666577 -0.231963 0.236465 255 0 0
0.669065 -0.232147 0.235575 255 0 0
0.669960 -0.232554 0.235516 0 0 0
0.671201 -0.233364 0.235425 0 0 0
0.672041 -0.234001 0.235350 0 0 0
0.674600 -0.234067 0.234459 0 0 0
0.675373 -0.234771 0.234378 0 0 0
0.676325 -0.235226 0.234293 0 0 0
0.678710 -0.235672 0.233399 0 0 0
0.679706 -0.236118 0.233329 0 0 0
0.680660 -0.236502 0.233253 0 0 0
0.683178 -0.236790 0.232365 0 0 0
0.683712 -0.237183 0.232310 255 0 0
0.686364 -0.237424 0.231396 255 0 0
0.686791 -0.237870 0.231332 255 0 0
0.583509 -0.177746 0.216275 255 0 0
0.584246 -0.178802 0.216924 255 0 0
0.585118 -0.179899 0.217673 0 0 0
0.586016 -0.180758 0.218537 0 0 0
0.586748 -0.182599 0.219955 0 0 0
0.587626 -0.183461 0.220819 0 0 0
0.588522 -0.184512 0.221580 0 0 0
0.589470 -0.185611 0.222346 0 0 0
0.590486 -0.186707 0.222917 0 0 0
0.591512 -0.187056 0.223278 0 0 0
0.592617 -0.188077 0.224012 0 0 0
0.593480 -0.189232 0.224604 0 0 0
0.594343 -0.190382 0.225196 0 0 0
0.595464 -0.191396 0.225892 0 0 0
0.596426 -0.191851 0.226132 0 0 0
0.597434 -0.192951 0.226684 0 0 0
0.598483 -0.194007 0.227390 0 0 0
0.599659 -0.194387 0.227698 0 0 0
0.600813 -0.194907 0.227788 255 0 0
0.601902 -0.196050 0.228169 255 0 0
0.602934 -0.196647 0.228294 255 0 0
0.604017 -0.197781 0.228669 255 0 0
0.605120 -0.198289 0.228723 255 0 0
0.606454 -0.198798 0.228818 255 0 0
0.607626 -0.199314 0.228890 255 0 0
0.608582 -0.200442 0.229513 0 0 0
0.609458 -0.201618 0.230021 0 0 0
0.610568 -0.201961 0.230321 0 0 0
0.611724 -0.202961 0.230914 0 0 0
0.612741 -0.203504 0.231059 0 0 0
0.613755 -0.204606 0.231469 0 0 0
0.614957 -0.205055 0.231672 0 0 0
0.616168 -0.205501 0.231879 255 0 0
0.617164 -0.206610 0.232281 255 0 0
0.618172 -0.207164 0.232431 255 0 0
0.619251 -0.208225 0.232969 255 0 0
0.620431 -0.208672 0.233066 255 0 0
0.621699 -0.209038 0.233292 255 0 0
0.622588 -0.210048 0.233779 255 0 0
0.623472 -0.211310 0.234419 255 0 0
0.624402 -0.211793 0.234565 255 0 0
0.625466 -0.212864 0.235104 255 0 0
0.626432 -0.213427 0.235241 255 0 0
0.627385 -0.214605 0.235570 255 0 0
0.628581 -0.215083 0.235618 255 0 0
0.629803 -0.215586 0.235617 255 0 0
0.631092 -0.216047 0.235709 255 0 0
0.632399 -0.216595 0.235675 255 0 0
0.633644 -0.217150 0.235616 255 0 0
0.634956 -0.217694 0.235583 255 0 0
0.636250 -0.218163 0.235671 255 0 0
0.637339 -0.218694 0.235743 255 0 0
0.638279 -0.219749 0.236084 255 0 0
0.639316 -0.220320 0.236264 255 0 0
0.640309 -0.221265 0.236784 255 0 0
0.641349 -0.221710 0.236955 255 0 0
0.642295 -0.222991 0.237511 255 0 0
0.643267 -0.223444 0.237662 255 0 0
0.644199 -0.224500 0.238177 255 0 0
0.645431 -0.224980 0.238253 255 0 0
0.646661 -0.225474 0.238207 255 0 0
0.647907 -0.226031 0.238143 255 0 0
0.649151 -0.226584 0.238079 255 0 0
0.650395 -0.227133 0.238015 0 0 0
0.651647 -0.227675 0.237950 0 0 0
0.652889 -0.228211 0.237886 255 0 0
0.654041 -0.228902 0.237812 255 0 0
0.655387 -0.229409 0.237744 255 0 0
0.656510 -0.230009 0.237683 255 0 0
0.657782 -0.230636 0.237611 255 0 0
0.659020 -0.231188 0.237547 255 0 0
0.660264 -0.231740 0.237482 255 0 0
0.661508 -0.232293 0.237417 255 0 0
0.662754 -0.232847 0.237353 255 0 0
0.664034 -0.233417 0.237282 255 0 0
0.664949 -0.233780 0.237207 255 0 0
0.667288 -0.234243 0.236317 0 0 0
0.668268 -0.234678 0.236249 0 0 0
0.669214 -0.235098 0.236188 0 0 0
0.671815 -0.235117 0.235299 0 0 0
0.672333 -0.235535 0.235240 0 0 0
0.674897 -0.235835 0.234326 0 0 0
0.675519 -0.236141 0.234271 0 0 0
0.677928 -0.236689 0.233360 0 0 0
0.678796 -0.237192 0.233275 0 0 0
0.679765 -0.237561 0.233200 0 0 0
0.682134 -0.238123 0.232305 0 0 0
0.683105 -0.238499 0.232228 255 0 0
0.683979 -0.239002 0.232138 255 0 0
0.686241 -0.239168 0.231228 255 0 0
0.687836 -0.239680 0.230371 255 0 0
0.583524 -0.180395 0.216894 0 0 0
0.584289 -0.181279 0.217528 0 0 0
0.585228 -0.182363 0.218321 0 0 0
0.586106 -0.183213 0.219177 0 0 0
0.586920 -0.185065 0.220784 0 0 0
0.587623 -0.186020 0.221279 0 0 0
0.588757 -0.187068 0.222027 0 0 0
0.589780 -0.187417 0.222385 0 0 0
0.590790 -0.188509 0.222958 0 0 0
0.591735 -0.189666 0.223716 0 0 0
0.592736 -0.190746 0.224275 0 0 0
0.593778 -0.191136 0.224630 0 0 0
0.594947 -0.192238 0.225148 0 0 0
0.595914 -0.192688 0.225389 0 0 0
0.596989 -0.193700 0.226089 255 0 0
0.597936 -0.194767 0.226841 255 0 0
0.598821 -0.195934 0.227215 255 0 0
0.599875 -0.196444 0.227448 255 0 0
0.600978 -0.197560 0.227901 255 0 0
0.602173 -0.197992 0.228087 255 0 0
0.603555 -0.198489 0.228213 255 0 0
0.604650 -0.199006 0.228267 255 0 0
0.605725 -0.200139 0.228646 255 0 0
0.606738 -0.200670 0.228781 255 0 0
0.607920 -0.201756 0.229384 0 0 0
0.608939 -0.202143 0.229656 0 0 0
0.609858 -0.203280 0.230157 0 0 0
0.610788 -0.204423 0.230623 0 0 0
0.611925 -0.204942 0.230725 0 0 0
0.613135 -0.205310 0.231040 0 0 0
0.614181 -0.206402 0.231481 0 0 0
0.615195 -0.206945 0.231634 255 0 0
0.616282 -0.207944 0.232185 255 0 0
0.617371 -0.208360 0.232357 255 0 0
0.618421 -0.209487 0.232918 255 0 0
0.619383 -0.209912 0.233047 255 0 0
0.620224 -0.211221 0.233719 255 0 0
0.621144 -0.212239 0.234345 255 0 0
0.622383 -0.212690 0.234423 255 0 0
0.623503 -0.213143 0.234494 255 0 0
0.624541 -0.214185 0.235015 255 0 0
0.625722 -0.214686 0.235104 255 0 0
0.627006 -0.215087 0.235227 255 0 0
0.628331 -0.215619 0.235214 255 0 0
0.629372 -0.216267 0.235211 255 0 0
0.630298 -0.217319 0.235536 255 0 0
0.631461 -0.217908 0.235590 255 0 0
0.632723 -0.218473 0.235534 255 0 0
0.633973 -0.219035 0.235469 255 0 0
0.635236 -0.219611 0.235417 255 0 0
0.636356 -0.220136 0.235482 255 0 0
0.637359 -0.221149 0.235995 255 0 0
0.638361 -0.221631 0.236184 255 0 0
0.639212 -0.222740 0.236800 255 0 0
0.639969 -0.223849 0.237274 255 0 0
0.641208 -0.224235 0.237508 255 0 0
0.642385 -0.224677 0.237627 255 0 0
0.643353 -0.225677 0.238127 255 0 0
0.644447 -0.226118 0.238203 255 0 0
0.645812 -0.226555 0.238157 255 0 0
0.647067 -0.227098 0.238093 255 0 0
0.648307 -0.227649 0.238028 255 0 0
0.649543 -0.228202 0.237964 255 0 0
0.650806 -0.228830 0.237892 255 0 0
0.651941 -0.229538 0.237820 255 0 0
0.653151 -0.229989 0.237766 255 0 0
0.654523 -0.230488 0.237699 255 0 0
0.655673 -0.231183 0.237625 255 0 0
0.656895 -0.231731 0.237561 0 0 0
0.658140 -0.232278 0.237496 0 0 0
0.659382 -0.232830 0.237432 0 0 0
0.660623 -0.233382 0.237368 255 0 0
0.661866 -0.233934 0.237303 255 0 0
0.663142 -0.234495 0.237236 255 0 0
0.664067 -0.234885 0.237179 255 0 0
0.666531 -0.235147 0.236297 0 0 0
0.667473 -0.235579 0.236214 0 0 0
0.668620 -0.236306 0.236134 0 0 0
0.669771 -0.237027 0.236053 0 0 0
0.670719 -0.237447 0.235972 0 0 0
0.673109 -0.237920 0.235071 0 0 0
0.673725 -0.238212 0.235013 0 0 0
0.675956 -0.238324 0.234113 0 0 0
0.678187 -0.238523 0.233197 0 0 0
0.678722 -0.238866 0.233131 0 0 0
0.681090 -0.239442 0.232227 0 0 0
0.682088 -0.239755 0.232131 0 0 0
0.683124 -0.240325 0.231887 255 0 0
0.685109 -0.240606 0.231198 255 0 0
0.687406 -0.240791 0.230280 255 0 0
0.687789 -0.241150 0.230224 255 0 0
0.582808 -0.181633 0.216793 255 0 0
0.583511 -0.182698 0.217437 0 0 0
0.584418 -0.183767 0.218200 0 0 0
0.585198 -0.184678 0.218868 0 0 0
0.586198 -0.186504 0.220433 0 0 0
0.587034 -0.186745 0.220723 0 0 0
0.588177 -0.187784 0.221468 0 0 0
0.589036 -0.188876 0.222071 0 0 0
0.589966 -0.189961 0.222833 255 0 0
0.591060 -0.191029 0.223542 0 0 0
0.592074 -0.191429 0.223788 0 0 0
0.593223 -0.192578 0.224267 255 0 0
0.594251 -0.193050 0.224504 255 0 0
0.595218 -0.194118 0.225041 255 0 0
0.596142 -0.195272 0.225800 255 0 0
0.597116 -0.196342 0.226357 255 0 0
0.598193 -0.196719 0.226715 255 0 0
0.599263 -0.197869 0.227083 255 0 0
0.600354 -0.198302 0.227429 0 0 0
0.601366 -0.199454 0.227747 255 0 0
0.602549 -0.199963 0.227909 255 0 0
0.603735 -0.200481 0.227986 255 0 0
0.604869 -0.201569 0.228541 255 0 0
0.605856 -0.202035 0.228684 255 0 0
0.606992 -0.203134 0.229247 255 0 0
0.607997 -0.203670 0.229391 255 0 0
0.609063 -0.204766 0.229834 255 0 0
0.610273 -0.205133 0.230148 0 0 0
0.611412 -0.205652 0.230252 0 0 0
0.612318 -0.206709 0.230725 0 0 0
0.613314 -0.207820 0.231381 0 0 0
0.614292 -0.208286 0.231544 0 0 0
0.615229 -0.209408 0.232170 0 0 0
0.616076 -0.210566 0.232682 255 0 0
0.617112 -0.210920 0.232968 255 0 0
0.618201 -0.212036 0.233566 255 0 0
0.619297 -0.212429 0.233749 255 0 0
0.620339 -0.213412 0.234286 255 0 0
0.621464 -0.213945 0.234352 255 0 0
0.622598 -0.214476 0.234417 255 0 0
0.623633 -0.215522 0.234936 255 0 0
0.624761 -0.216049 0.235000 255 0 0
0.625875 -0.216685 0.235048 255 0 0
0.626526 -0.217721 0.235331 255 0 0
0.628755 -0.217686 0.235015 255 0 0
0.629459 -0.218681 0.235463 255 0 0
0.630530 -0.219225 0.235515 255 0 0
0.631798 -0.219796 0.235459 0 0 0
0.633051 -0.220350 0.235396 0 0 0
0.634298 -0.220836 0.235349 0 0 0
0.635526 -0.221297 0.235418 0 0 0
0.636493 -0.222449 0.235948 255 0 0
0.637435 -0.222938 0.236114 255 0 0
0.638487 -0.223875 0.236685 255 0 0
0.639599 -0.224237 0.237024 255 0 0
0.640459 -0.225294 0.237394 255 0 0
0.641528 -0.225832 0.237569 0 0 0
0.642475 -0.226895 0.238099 0 0 0
0.643435 -0.227345 0.238252 0 0 0
0.644338 -0.228626 0.238783 255 0 0
0.645393 -0.229201 0.238823 255 0 0
0.646648 -0.229769 0.238770 255 0 0
0.647921 -0.230333 0.238708 255 0 0
0.648817 -0.230746 0.238650 255 0 0
0.651381 -0.230751 0.237783 255 0 0
0.652120 -0.231217 0.237835 255 0 0
0.652714 -0.232302 0.238285 255 0 0
0.655083 -0.232382 0.237576 0 0 0
0.655989 -0.232794 0.237517 0 0 0
0.657265 -0.233355 0.237449 0 0 0
0.658506 -0.233907 0.237385 0 0 0
0.659745 -0.234458 0.237320 255 0 0
0.660984 -0.235009 0.237256 255 0 0
0.662222 -0.235561 0.237192 255 0 0
0.663459 -0.236188 0.237119 255 0 0
0.664545 -0.237024 0.237034 255 0 0
0.665438 -0.237507 0.236969 0 0 0
0.668027 -0.237513 0.236082 0 0 0
0.668990 -0.238001 0.236013 0 0 0
0.669851 -0.238528 0.235945 0 0 0
0.672314 -0.238906 0.235043 0 0 0
0.673163 -0.239353 0.234936 0 0 0
0.674081 -0.240068 0.234663 0 0 0
0.676056 -0.240335 0.233970 255 0 0
0.678116 -0.240149 0.233078 255 0 0
0.680229 -0.240500 0.232178 255 0 0
0.680869 -0.240756 0.232110 255 0 0
0.683202 -0.241093 0.231410 255 0 0
0.684239 -0.241743 0.231141 255 0 0
0.685017 -0.242373 0.231038 255 0 0
0.687314 -0.242359 0.230153 0 0 0
0.582913 -0.184085 0.217443 255 0 0
0.583620 -0.185149 0.218096 255 0 0
0.584457 -0.186206 0.218832 255 0 0
0.585508 -0.187176 0.219803 255 0 0
0.586349 -0.188201 0.220409 255 0 0
0.587287 -0.189305 0.221183 255 0 0
0.588201 -0.190327 0.221951 255 0 0
0.589132 -0.191419 0.222720 255 0 0
0.590105 -0.192510 0.223255 255 0 0
0.591116 -0.192911 0.223502 255 0 0
0.592358 -0.194034 0.224120 255 0 0
0.593338 -0.194496 0.224256 255 0 0
0.594381 -0.195562 0.224928 255 0 0
0.595458 -0.196620 0.225635 0 0 0
0.596465 -0.197015 0.225887 0 0 0
0.597593 -0.198149 0.226362 0 0 0
0.598624 -0.198601 0.226601 255 0 0
0.599744 -0.199726 0.227074 255 0 0
0.600778 -0.200176 0.227316 255 0 0
0.601849 -0.201302 0.227746 255 0 0
0.602852 -0.201830 0.227880 255 0 0
0.603994 -0.202932 0.228448 255 0 0
0.604998 -0.203472 0.228584 255 0 0
0.606025 -0.204583 0.228986 255 0 0
0.607234 -0.205021 0.229199 255 0 0
0.608438 -0.205468 0.229402 255 0 0
0.609465 -0.206562 0.229819 255 0 0
0.610475 -0.207091 0.229972 255 0 0
0.611453 -0.208127 0.230632 0 0 0
0.612422 -0.209162 0.231289 0 0 0
0.613426 -0.209696 0.231448 0 0 0
0.614479 -0.210781 0.231904 0 0 0
0.615528 -0.211089 0.232304 0 0 0
0.616452 -0.212198 0.232842 255 0 0
0.617335 -0.213312 0.233357 255 0 0
0.618328 -0.213706 0.233635 255 0 0
0.619434 -0.214764 0.234206 255 0 0
0.620562 -0.215277 0.234273 255 0 0
0.621695 -0.215803 0.234342 255 0 0
0.622730 -0.216847 0.234859 255 0 0
0.623836 -0.217356 0.234920 255 0 0
0.625189 -0.217920 0.234910 255 0 0
0.626261 -0.218399 0.235057 255 0 0
0.627118 -0.219644 0.235233 255 0 0
0.628305 -0.220167 0.235312 255 0 0
0.629571 -0.220569 0.235414 255 0 0
0.630880 -0.221113 0.235383 0 0 0
0.632135 -0.221679 0.235331 0 0 0
0.633219 -0.222289 0.235362 0 0 0
0.634096 -0.223442 0.235719 0 0 0
0.635333 -0.223839 0.235937 255 0 0
0.636491 -0.224283 0.236058 255 0 0
0.637310 -0.225269 0.236664 255 0 0
0.638166 -0.226389 0.237334 255 0 0
0.639188 -0.226824 0.237521 255 0 0
0.640135 -0.227883 0.238055 255 0 0
0.641204 -0.228416 0.238230 255 0 0
0.642076 -0.229449 0.238539 255 0 0
0.643273 -0.229919 0.238594 255 0 0
0.644507 -0.230407 0.238556 255 0 0
0.645711 -0.230964 0.238533 255 0 0
0.646976 -0.231400 0.238635 255 0 0
0.648256 -0.231941 0.238601 255 0 0
0.649382 -0.232601 0.238501 255 0 0
0.650693 -0.233338 0.238223 255 0 0
0.651899 -0.233779 0.238147 255 0 0
0.653036 -0.234371 0.238068 0 0 0
0.654298 -0.234992 0.237991 0 0 0
0.655490 -0.235554 0.237980 0 0 0
0.656734 -0.236023 0.238099 255 0 0
0.658036 -0.236573 0.238072 255 0 0
0.659281 -0.237062 0.237980 255 0 0
0.660583 -0.237746 0.237705 0 0 0
0.661404 -0.238169 0.237598 0 0 0
0.663907 -0.238279 0.236983 0 0 0
0.664819 -0.238676 0.236925 0 0 0
0.666009 -0.239413 0.236842 0 0 0
0.666928 -0.239846 0.236761 255 0 0
0.669408 -0.240153 0.235863 0 0 0
0.669930 -0.240464 0.235798 0 0 0
0.672155 -0.240721 0.234897 0 0 0
0.674258 -0.240786 0.234213 0 0 0
0.675185 -0.241485 0.233941 0 0 0
0.676023 -0.241928 0.233835 0 0 0
0.678452 -0.242494 0.232910 255 0 0
0.679061 -0.242740 0.232844 255 0 0
0.681516 -0.243227 0.231932 255 0 0
0.682121 -0.243531 0.231879 255 0 0
0.684776 -0.243686 0.230967 255 0 0
0.685214 -0.244190 0.230908 255 0 0
0.687769 -0.244519 0.229989 0 0 0
0.688343 -0.244862 0.229942 0 0 0
0.583022 -0.186528 0.218106 255 0 0
0.583719 -0.187567 0.218754 255 0 0
0.584594 -0.188635 0.219514 255 0 0
0.585526 -0.189665 0.220293 255 0 0
0.586447 -0.190692 0.221071 255 0 0
0.587362 -0.191714 0.221842 255 0 0
0.588460 -0.192786 0.222560 255 0 0
0.589473 -0.193183 0.222810 255 0 0
0.590444 -0.194270 0.223343 255 0 0
0.591512 -0.195410 0.224016 255 0 0
0.592486 -0.195870 0.224154 255 0 0
0.593531 -0.196938 0.224830 255 0 0
0.594567 -0.198005 0.225501 255 0 0
0.595539 -0.198467 0.225644 255 0 0
0.596721 -0.199587 0.226220 255 0 0
0.597693 -0.200049 0.226359 0 0 0
0.598863 -0.201162 0.226936 0 0 0
0.599840 -0.201623 0.227076 0 0 0
0.601002 -0.202727 0.227645 0 0 0
0.601978 -0.203189 0.227789 0 0 0
0.603115 -0.204282 0.228352 255 0 0
0.604278 -0.204729 0.228438 255 0 0
0.605536 -0.205116 0.228643 255 0 0
0.606525 -0.206267 0.229045 255 0 0
0.607570 -0.206739 0.229181 255 0 0
0.608660 -0.207966 0.229748 255 0 0
0.609582 -0.208431 0.229881 255 0 0
0.610582 -0.209563 0.230546 255 0 0
0.611443 -0.210597 0.231037 255 0 0
0.612645 -0.211024 0.231264 255 0 0
0.613846 -0.211456 0.231481 255 0 0
0.614727 -0.212569 0.231988 255 0 0
0.615654 -0.213674 0.232535 0 0 0
0.616687 -0.213981 0.232933 0 0 0
0.617610 -0.215087 0.233485 0 0 0
0.618499 -0.216197 0.233940 255 0 0
0.619572 -0.216713 0.234021 255 0 0
0.620759 -0.217224 0.234220 255 0 0
0.621757 -0.218272 0.234639 255 0 0
0.622876 -0.218693 0.234811 255 0 0
0.624193 -0.219247 0.234791 255 0 0
0.625494 -0.219788 0.234767 255 0 0
0.626774 -0.220252 0.234866 255 0 0
0.627873 -0.220851 0.234910 255 0 0
0.628767 -0.221942 0.235074 255 0 0
0.629857 -0.222542 0.235117 255 0 0
0.631132 -0.223003 0.235224 0 0 0
0.632516 -0.223544 0.235236 0 0 0
0.633641 -0.223968 0.235429 0 0 0
0.634533 -0.224914 0.235800 0 0 0
0.635655 -0.225417 0.236000 0 0 0
0.636508 -0.226543 0.236675 255 0 0
0.637330 -0.227534 0.237288 255 0 0
0.638314 -0.228011 0.237487 255 0 0
0.639289 -0.229023 0.238002 255 0 0
0.640459 -0.229531 0.238107 255 0 0
0.641710 -0.229917 0.238233 255 0 0
0.643000 -0.230370 0.238236 255 0 0
0.644262 -0.230931 0.238176 255 0 0
0.645368 -0.231504 0.238208 255 0 0
0.646215 -0.232620 0.238503 255 0 0
0.647322 -0.233251 0.238534 255 0 0
0.648288 -0.233614 0.238468 0 0 0
0.650600 -0.233861 0.237850 0 0 0
0.651622 -0.234215 0.237791 0 0 0
0.652891 -0.234759 0.237736 0 0 0
0.654160 -0.235386 0.237665 255 0 0
0.655173 -0.236026 0.237678 255 0 0
0.655999 -0.236987 0.237959 255 0 0
0.657196 -0.237607 0.238026 255 0 0
0.658130 -0.238015 0.237977 0 0 0
0.660587 -0.238227 0.237354 0 0 0
0.661351 -0.238771 0.237208 0 0 0
0.662603 -0.239486 0.236958 0 0 0
0.663858 -0.239993 0.236867 0 0 0
0.665142 -0.240541 0.236796 0 0 0
0.666072 -0.240877 0.236725 0 0 0
0.668407 -0.241468 0.235827 0 0 0
0.669034 -0.241664 0.235767 0 0 0
0.671542 -0.242072 0.234850 255 0 0
0.671976 -0.242517 0.234780 255 0 0
0.674615 -0.242736 0.233852 255 0 0
0.675135 -0.243061 0.233786 0 0 0
0.677521 -0.243652 0.232873 255 0 0
0.678172 -0.243794 0.232806 255 0 0
0.680554 -0.244383 0.231898 255 0 0
0.681514 -0.244739 0.231825 255 0 0
0.682357 -0.245291 0.231757 255 0 0
0.684977 -0.245384 0.230852 255 0 0
0.685845 -0.246037 0.230774 255 0 0
0.686715 -0.246689 0.230695 255 0 0
0.688878 -0.246801 0.229810 255 0 0
0.583000 -0.189153 0.218757 255 0 0
0.583735 -0.190014 0.219387 255 0 0
0.584689 -0.191054 0.220186 255 0 0
0.585611 -0.192076 0.220963 255 0 0
0.586526 -0.193102 0.221737 255 0 0
0.587583 -0.194184 0.222422 255 0 0
0.588554 -0.194643 0.222563 255 0 0
0.589614 -0.195716 0.223241 0 0 0
0.590663 -0.196783 0.223914 0 0 0
0.591634 -0.197240 0.224055 0 0 0
0.592698 -0.198379 0.224729 0 0 0
0.593643 -0.199451 0.225258 0 0 0
0.594668 -0.199908 0.225507 0 0 0
0.595798 -0.201031 0.225980 0 0 0
0.596801 -0.201415 0.226228 0 0 0
0.598003 -0.202522 0.226839 0 0 0
0.598999 -0.203041 0.226973 0 0 0
0.600071 -0.204165 0.227411 0 0 0
0.601069 -0.204559 0.227666 0 0 0
0.602260 -0.205658 0.228275 0 0 0
0.603179 -0.206119 0.228399 255 0 0
0.604287 -0.207354 0.228977 255 0 0
0.605296 -0.207752 0.229115 255 0 0
0.606366 -0.208892 0.229679 255 0 0
0.607603 -0.209338 0.229744 255 0 0
0.608719 -0.209787 0.229810 255 0 0
0.609862 -0.210776 0.230403 255 0 0
0.610949 -0.211114 0.230703 255 0 0
0.611936 -0.212327 0.231109 255 0 0
0.612879 -0.212867 0.231244 255 0 0
0.614020 -0.213940 0.231836 255 0 0
0.615016 -0.214328 0.232116 255 0 0
0.615880 -0.215357 0.232637 255 0 0
0.616884 -0.216442 0.233323 255 0 0
0.618034 -0.216866 0.233530 255 0 0
0.619121 -0.217382 0.233611 0 0 0
0.620158 -0.218449 0.234000 0 0 0
0.621207 -0.218977 0.234263 0 0 0
0.622106 -0.220079 0.234486 0 0 0
0.623191 -0.220669 0.234536 0 0 0
0.624470 -0.221141 0.234631 255 0 0
0.625765 -0.221686 0.234603 255 0 0
0.627067 -0.222232 0.234574 255 0 0
0.628328 -0.222631 0.234676 255 0 0
0.629501 -0.223084 0.234774 255 0 0
0.630423 -0.224238 0.235095 255 0 0
0.631497 -0.224769 0.235141 255 0 0
0.632728 -0.225231 0.235230 255 0 0
0.633512 -0.226360 0.235854 255 0 0
0.634307 -0.227489 0.236495 255 0 0
0.635392 -0.227910 0.236704 0 0 0
0.636374 -0.228857 0.237234 0 0 0
0.637358 -0.229336 0.237429 0 0 0
0.638341 -0.230340 0.237945 0 0 0
0.639449 -0.230777 0.238032 255 0 0
0.640611 -0.231248 0.238096 255 0 0
0.641497 -0.232524 0.238620 255 0 0
0.642540 -0.233095 0.238662 255 0 0
0.643795 -0.233644 0.238607 255 0 0
0.645128 -0.234075 0.238548 255 0 0
0.646378 -0.234553 0.238488 0 0 0
0.647306 -0.234906 0.238414 0 0 0
0.649419 -0.235572 0.237687 0 0 0
0.649984 -0.236397 0.237890 255 0 0
0.651145 -0.237008 0.237935 255 0 0
0.652063 -0.237476 0.237894 255 0 0
0.654531 -0.237417 0.237490 255 0 0
0.655107 -0.238345 0.237906 255 0 0
0.656170 -0.238894 0.237974 0 0 0
0.657436 -0.239481 0.237917 0 0 0
0.658234 -0.240006 0.237851 0 0 0
0.660827 -0.240159 0.236954 0 0 0
0.661610 -0.240597 0.236895 0 0 0
0.662980 -0.241129 0.236820 0 0 0
0.664160 -0.241818 0.236745 0 0 0
0.665043 -0.242217 0.236689 0 0 0
0.667526 -0.242489 0.235798 0 0 0
0.668450 -0.242949 0.235711 0 0 0
0.669199 -0.243638 0.235635 255 0 0
0.671788 -0.243830 0.234714 255 0 0
0.672209 -0.244351 0.234655 255 0 0
0.674533 -0.244347 0.233742 255 0 0
0.676635 -0.244697 0.232841 255 0 0
0.677245 -0.244945 0.232773 255 0 0
0.679665 -0.245420 0.231860 255 0 0
0.680570 -0.245774 0.231787 255 0 0
0.681863 -0.246421 0.231706 255 0 0
0.682922 -0.247293 0.231622 255 0 0
0.683821 -0.247792 0.231557 255 0 0
0.686474 -0.247884 0.230644 255 0 0
0.686904 -0.248393 0.230586 255 0 0
0.689077 -0.248513 0.229697 255 0 0
0.582297 -0.190360 0.218675 255 0 0
0.582967 -0.191403 0.219318 255 0 0
0.583851 -0.192509 0.220067 0 0 0
0.584722 -0.193586 0.220686 0 0 0
0.585681 -0.194604 0.221466 0 0 0
0.586716 -0.195630 0.222174 0 0 0
0.587669 -0.196028 0.222425 255 0 0
0.588783 -0.197165 0.223142 255 0 0
0.589740 -0.198236 0.223670 255 0 0
0.590768 -0.198687 0.223917 0 0 0
0.591941 -0.199806 0.224429 0 0 0
0.592986 -0.200125 0.224794 0 0 0
0.594148 -0.201239 0.225300 0 0 0
0.595188 -0.201743 0.225542 0 0 0
0.596075 -0.202894 0.225913 255 0 0
0.597147 -0.203942 0.226551 255 0 0
0.598224 -0.204462 0.226653 255 0 0
0.599433 -0.204842 0.226972 255 0 0
0.600378 -0.205878 0.227517 255 0 0
0.601398 -0.207004 0.228188 255 0 0
0.602365 -0.207452 0.228342 255 0 0
0.603511 -0.208536 0.228912 255 0 0
0.604477 -0.208997 0.229063 255 0 0
0.605595 -0.210076 0.229615 255 0 0
0.606714 -0.210597 0.229672 255 0 0
0.607836 -0.211124 0.229736 255 0 0
0.608773 -0.212246 0.230358 0 0 0
0.609645 -0.213400 0.230817 0 0 0
0.610810 -0.213857 0.230924 0 0 0
0.611955 -0.214232 0.231136 0 0 0
0.613088 -0.215290 0.231726 255 0 0
0.614053 -0.215742 0.231898 255 0 0
0.615006 -0.216767 0.232561 255 0 0
0.615939 -0.217779 0.233206 255 0 0
0.617050 -0.218290 0.233281 255 0 0
0.618202 -0.218891 0.233343 0 0 0
0.619149 -0.219948 0.233722 0 0 0
0.620322 -0.220364 0.233934 0 0 0
0.621680 -0.220834 0.234066 0 0 0
0.622749 -0.221346 0.234140 0 0 0
0.623709 -0.222396 0.234478 0 0 0
0.624849 -0.222985 0.234529 0 0 0
0.626100 -0.223480 0.234491 0 0 0
0.627250 -0.223929 0.234535 0 0 0
0.628196 -0.225223 0.235076 0 0 0
0.629362 -0.225687 0.235125 255 0 0
0.630408 -0.226136 0.235181 255 0 0
0.631383 -0.227292 0.235720 255 0 0
0.632476 -0.227704 0.235921 255 0 0
0.633472 -0.228635 0.236455 255 0 0
0.634457 -0.229113 0.236651 255 0 0
0.635438 -0.230056 0.237182 255 0 0
0.636528 -0.230475 0.237388 255 0 0
0.637486 -0.231630 0.237933 255 0 0
0.638339 -0.232112 0.238078 255 0 0
0.639271 -0.233255 0.238595 255 0 0
0.640498 -0.233690 0.238671 255 0 0
0.641724 -0.234144 0.238629 255 0 0
0.642954 -0.234691 0.238568 255 0 0
0.644172 -0.235252 0.238504 0 0 0
0.645432 -0.235822 0.238436 0 0 0
0.646331 -0.236216 0.238378 255 0 0
0.648846 -0.236439 0.237560 255 0 0
0.649738 -0.236740 0.237649 255 0 0
0.650991 -0.237330 0.237645 255 0 0
0.651996 -0.237891 0.237653 255 0 0
0.652803 -0.239144 0.237929 0 0 0
0.653994 -0.239706 0.237976 0 0 0
0.655209 -0.240176 0.237933 0 0 0
0.656450 -0.240728 0.237864 0 0 0
0.657704 -0.241234 0.237769 0 0 0
0.658576 -0.241909 0.237520 0 0 0
0.660778 -0.242277 0.236997 0 0 0
0.661073 -0.242989 0.237165 0 0 0
0.663399 -0.243218 0.236696 0 0 0
0.664306 -0.243620 0.236637 0 0 0
0.665502 -0.244331 0.236560 255 0 0
0.666404 -0.244817 0.236495 255 0 0
0.669002 -0.244927 0.235582 255 0 0
0.669415 -0.245436 0.235526 255 0 0
0.672022 -0.245545 0.234607 0 0 0
0.672516 -0.245976 0.234550 0 0 0
0.674978 -0.246567 0.233602 0 0 0
0.675471 -0.246994 0.233545 0 0 0
0.677974 -0.247185 0.232632 0 0 0
0.678955 -0.247728 0.232555 255 0 0
0.679765 -0.248301 0.232489 255 0 0
0.682401 -0.248276 0.231590 255 0 0
0.683306 -0.248706 0.231529 255 0 0
0.684151 -0.249292 0.231458 255 0 0
0.686665 -0.249579 0.230538 255 0 0
0.687533 -0.250253 0.230458 255 0 0
0.688336 -0.250842 0.230376 255 0 0
0.582397 -0.192827 0.219339 255 0 0
0.583190 -0.193936 0.219785 0 0 0
0.584129 -0.194293 0.220129 0 0 0
0.585215 -0.195312 0.220886 0 0 0
0.586170 -0.196317 0.221669 0 0 0
0.587013 -0.197383 0.222270 0 0 0
0.588117 -0.198513 0.222986 0 0 0
0.589113 -0.198897 0.223237 0 0 0
0.590258 -0.200030 0.223717 0 0 0
0.591278 -0.200480 0.223962 0 0 0
0.592246 -0.201619 0.224491 0 0 0
0.593201 -0.202745 0.225009 0 0 0
0.594396 -0.203188 0.225211 0 0 0
0.595569 -0.203695 0.225402 0 0 0
0.596669 -0.204757 0.225877 0 0 0
0.597657 -0.205187 0.226127 255 0 0
0.598657 -0.206321 0.226659 255 0 0
0.599480 -0.207451 0.227251 255 0 0
0.600496 -0.208425 0.227949 255 0 0
0.601466 -0.208883 0.228216 255 0 0
0.602554 -0.209987 0.228682 255 0 0
0.603575 -0.210435 0.228940 255 0 0
0.604671 -0.211531 0.229352 255 0 0
0.605756 -0.212041 0.229424 255 0 0
0.606943 -0.212545 0.229609 255 0 0
0.608032 -0.213598 0.230091 255 0 0
0.609219 -0.213953 0.230417 255 0 0
0.610336 -0.214467 0.230524 255 0 0
0.611229 -0.215502 0.230989 255 0 0
0.612209 -0.216613 0.231650 0 0 0
0.613164 -0.217059 0.231824 255 0 0
0.614142 -0.218173 0.232489 0 0 0
0.615013 -0.219197 0.232948 0 0 0
0.616064 -0.219714 0.233017 255 0 0
0.617415 -0.220192 0.233164 255 0 0
0.618587 -0.220607 0.233373 0 0 0
0.619533 -0.221650 0.233757 0 0 0
0.620682 -0.222244 0.233822 0 0 0
0.621805 -0.222755 0.233893 0 0 0
0.622825 -0.223786 0.234403 0 0 0
0.623948 -0.224303 0.234476 0 0 0
0.625010 -0.224826 0.234526 0 0 0
0.625979 -0.225984 0.235045 0 0 0
0.627204 -0.226412 0.235115 0 0 0
0.628444 -0.226905 0.235085 0 0 0
0.629557 -0.227420 0.235154 0 0 0
0.630564 -0.228439 0.235679 255 0 0
0.631535 -0.228908 0.235866 255 0 0
0.632539 -0.229960 0.236406 255 0 0
0.633504 -0.230429 0.236602 255 0 0
0.634326 -0.231413 0.237221 255 0 0
0.635153 -0.232522 0.237879 255 0 0
0.636371 -0.232970 0.237977 255 0 0
0.637505 -0.233489 0.238058 255 0 0
0.638401 -0.234478 0.238375 255 0 0
0.639475 -0.234992 0.238421 0 0 0
0.640715 -0.235558 0.238364 0 0 0
0.641942 -0.236106 0.238300 0 0 0
0.643167 -0.236651 0.238236 255 0 0
0.644395 -0.237195 0.238173 255 0 0
0.645602 -0.237746 0.238107 255 0 0
0.646740 -0.238411 0.238007 255 0 0
0.647982 -0.239016 0.237926 255 0 0
0.649200 -0.239560 0.237863 255 0 0
0.650440 -0.240097 0.237800 0 0 0
0.651760 -0.240547 0.237765 0 0 0
0.652933 -0.241044 0.237751 0 0 0
0.654181 -0.241433 0.237827 0 0 0
0.655522 -0.242109 0.237627 0 0 0
0.656377 -0.242529 0.237525 0 0 0
0.658668 -0.242724 0.237052 0 0 0
0.659730 -0.243262 0.236853 0 0 0
0.660915 -0.243655 0.236889 0 0 0
0.662117 -0.244395 0.236681 0 0 0
0.663354 -0.244914 0.236590 255 0 0
0.664593 -0.245449 0.236525 255 0 0
0.665839 -0.245996 0.236457 255 0 0
0.666627 -0.246518 0.236397 255 0 0
0.669223 -0.246599 0.235487 255 0 0
0.670025 -0.247168 0.235420 0 0 0
0.671000 -0.247707 0.235341 0 0 0
0.673055 -0.247892 0.234437 0 0 0
0.675270 -0.248037 0.233512 0 0 0
0.676072 -0.248625 0.233446 0 0 0
0.677049 -0.249171 0.233369 0 0 0
0.679530 -0.249336 0.232460 0 0 0
0.680347 -0.249981 0.232388 255 0 0
0.681561 -0.250815 0.232301 255 0 0
0.682424 -0.251222 0.232245 255 0 0
0.684995 -0.251405 0.231329 255 0 0
0.685594 -0.251757 0.231268 255 0 0
0.687879 -0.251722 0.230353 255 0 0
0.689474 -0.252173 0.229484 0 0 0
0.582747 -0.194777 0.219345 255 0 0
0.583416 -0.195710 0.219814 255 0 0
0.584369 -0.196808 0.220614 0 0 0
0.585277 -0.197817 0.221396 0 0 0
0.586200 -0.198898 0.222167 0 0 0
0.587168 -0.199966 0.222713 0 0 0
0.588160 -0.200357 0.222965 0 0 0
0.589393 -0.201472 0.223583 0 0 0
0.590379 -0.201982 0.223715 0 0 0
0.591514 -0.203100 0.224191 0 0 0
0.592569 -0.203474 0.224543 255 0 0
0.593602 -0.204609 0.224879 255 0 0
0.594812 -0.205111 0.225064 0 0 0
0.595992 -0.205568 0.225269 255 0 0
0.596927 -0.206598 0.225796 255 0 0
0.598001 -0.207714 0.226503 255 0 0
0.598941 -0.208098 0.226777 255 0 0
0.599968 -0.209072 0.227480 255 0 0
0.600941 -0.210178 0.228017 255 0 0
0.601955 -0.210622 0.228282 255 0 0
0.603023 -0.211706 0.228731 255 0 0
0.604202 -0.212209 0.228920 255 0 0
0.605305 -0.212788 0.228976 255 0 0
0.606306 -0.213905 0.229257 255 0 0
0.607374 -0.214348 0.229611 255 0 0
0.608349 -0.215459 0.229945 255 0 0
0.609355 -0.215900 0.230211 255 0 0
0.610379 -0.217003 0.230911 255 0 0
0.611245 -0.218020 0.231431 255 0 0
0.612256 -0.218476 0.231709 0 0 0
0.613326 -0.219527 0.232192 0 0 0
0.614494 -0.219812 0.232530 0 0 0
0.615707 -0.220259 0.232671 0 0 0
0.616667 -0.221361 0.233017 0 0 0
0.617705 -0.221842 0.233172 255 0 0
0.618717 -0.223030 0.233715 255 0 0
0.619769 -0.223545 0.233759 255 0 0
0.620919 -0.224143 0.233819 255 0 0
0.621856 -0.225185 0.234199 0 0 0
0.622978 -0.225613 0.234383 0 0 0
0.624189 -0.226206 0.234483 0 0 0
0.625137 -0.227235 0.234815 0 0 0
0.626180 -0.227758 0.234881 0 0 0
0.627465 -0.228237 0.234999 0 0 0
0.628632 -0.228729 0.235099 0 0 0
0.629633 -0.229752 0.235627 0 0 0
0.630613 -0.230215 0.235819 255 0 0
0.631608 -0.231150 0.236354 255 0 0
0.632681 -0.231553 0.236563 255 0 0
0.633547 -0.232773 0.237249 255 0 0
0.634261 -0.233749 0.237703 255 0 0
0.635348 -0.234168 0.237897 255 0 0
0.636711 -0.234716 0.237912 255 0 0
0.637945 -0.235166 0.238002 255 0 0
0.639138 -0.235714 0.237975 255 0 0
0.640375 -0.236255 0.237914 255 0 0
0.641603 -0.236798 0.237851 255 0 0
0.642828 -0.237343 0.237788 255 0 0
0.644054 -0.237887 0.237724 255 0 0
0.645285 -0.238430 0.237664 255 0 0
0.646512 -0.238967 0.237613 255 0 0
0.647739 -0.239512 0.237554 255 0 0
0.648959 -0.240063 0.237490 255 0 0
0.650173 -0.240620 0.237422 0 0 0
0.651397 -0.241097 0.237378 0 0 0
0.652603 -0.241593 0.237451 0 0 0
0.653175 -0.242415 0.237671 0 0 0
0.655342 -0.242914 0.237165 0 0 0
0.656196 -0.243327 0.237061 255 0 0
0.657461 -0.244020 0.236832 255 0 0
0.658705 -0.244525 0.236742 255 0 0
0.659928 -0.245081 0.236679 255 0 0
0.661134 -0.245531 0.236624 255 0 0
0.662472 -0.245942 0.236561 255 0 0
0.663704 -0.246476 0.236498 255 0 0
0.664959 -0.247109 0.236426 255 0 0
0.666049 -0.247808 0.236355 255 0 0
0.667138 -0.248510 0.236285 0 0 0
0.668427 -0.249146 0.236210 0 0 0
0.669299 -0.249559 0.236153 0 0 0
0.671848 -0.249820 0.235227 0 0 0
0.672319 -0.250246 0.235175 0 0 0
0.674887 -0.250510 0.234241 0 0 0
0.675426 -0.250777 0.234189 0 0 0
0.677894 -0.251283 0.233249 0 0 0
0.678379 -0.251712 0.233194 0 0 0
0.681031 -0.251689 0.232284 255 0 0
0.681890 -0.252096 0.232228 255 0 0
0.683114 -0.252946 0.232139 255 0 0
0.683868 -0.253458 0.232074 255 0 0
0.686069 -0.253518 0.231177 255 0 0
0.582011 -0.196120 0.219110 255 0 0
0.582669 -0.197151 0.219750 255 0 0
0.583523 -0.198175 0.220504 255 0 0
0.584464 -0.199255 0.221294 255 0 0
0.585465 -0.200311 0.221877 0 0 0
0.586501 -0.200639 0.222247 0 0 0
0.587514 -0.201769 0.222813 0 0 0
0.588479 -0.202893 0.223339 0 0 0
0.589664 -0.203332 0.223532 0 0 0
0.590883 -0.203833 0.223720 0 0 0
0.591915 -0.204969 0.224059 255 0 0
0.592984 -0.205408 0.224401 255 0 0
0.594022 -0.206546 0.224743 255 0 0
0.595029 -0.206982 0.224994 0 0 0
0.596102 -0.208098 0.225702 0 0 0
0.597032 -0.209140 0.226238 0 0 0
0.598009 -0.209520 0.226504 0 0 0
0.599073 -0.210646 0.227220 0 0 0
0.599982 -0.211678 0.227746 0 0 0
0.600994 -0.212129 0.228008 0 0 0
0.602095 -0.213227 0.228424 0 0 0
0.603157 -0.213734 0.228489 0 0 0
0.604514 -0.214220 0.228621 255 0 0
0.605704 -0.214713 0.228802 255 0 0
0.606669 -0.215816 0.229115 255 0 0
0.607717 -0.216176 0.229500 255 0 0
0.608658 -0.217274 0.230063 255 0 0
0.609591 -0.218366 0.230624 255 0 0
0.610610 -0.218668 0.231018 255 0 0
0.611694 -0.219732 0.231517 255 0 0
0.612698 -0.220185 0.231792 255 0 0
0.613522 -0.221302 0.232282 255 0 0
0.614367 -0.222519 0.232793 255 0 0
0.615375 -0.222855 0.233086 255 0 0
0.616429 -0.223946 0.233673 0 0 0
0.617639 -0.224371 0.233743 0 0 0
0.618872 -0.224846 0.233701 0 0 0
0.620181 -0.225401 0.233682 0 0 0
0.621315 -0.225899 0.233849 255 0 0
0.622160 -0.226968 0.234098 255 0 0
0.623353 -0.227453 0.234299 0 0 0
0.624683 -0.227844 0.234452 0 0 0
0.625829 -0.228297 0.234553 0 0 0
0.626758 -0.229460 0.234887 0 0 0
0.627698 -0.230008 0.235040 0 0 0
0.628714 -0.231044 0.235579 255 0 0
0.629678 -0.231499 0.235771 255 0 0
0.630525 -0.232599 0.236395 255 0 0
0.631273 -0.233690 0.236893 255 0 0
0.632551 -0.234059 0.237161 255 0 0
0.633712 -0.234391 0.237400 255 0 0
0.634588 -0.235398 0.237767 255 0 0
0.635692 -0.235904 0.237838 255 0 0
0.637021 -0.236336 0.237795 255 0 0
0.638282 -0.236942 0.237727 255 0 0
0.639401 -0.237627 0.237655 255 0 0
0.640600 -0.238182 0.237590 255 0 0
0.641826 -0.238726 0.237527 255 0 0
0.643049 -0.239270 0.237463 255 0 0
0.644272 -0.239813 0.237400 0 0 0
0.645496 -0.240360 0.237337 255 0 0
0.646722 -0.240913 0.237275 255 0 0
0.647919 -0.241364 0.237224 255 0 0
0.649274 -0.241789 0.237175 255 0 0
0.650331 -0.242355 0.237225 255 0 0
0.651202 -0.243612 0.237741 255 0 0
0.651987 -0.243949 0.237787 255 0 0
0.654463 -0.244204 0.236917 255 0 0
0.655253 -0.244689 0.236838 255 0 0
0.656495 -0.245242 0.236763 255 0 0
0.657729 -0.245781 0.236699 255 0 0
0.658955 -0.246245 0.236655 255 0 0
0.660101 -0.246725 0.236713 255 0 0
0.660913 -0.247947 0.237226 255 0 0
0.661991 -0.248549 0.237278 0 0 0
0.662870 -0.248965 0.237232 255 0 0
0.665485 -0.248946 0.236328 0 0 0
0.666367 -0.249335 0.236272 0 0 0
0.667636 -0.249878 0.236205 0 0 0
0.668857 -0.250441 0.236137 0 0 0
0.669640 -0.251015 0.236071 0 0 0
0.672130 -0.251272 0.235148 0 0 0
0.672962 -0.251949 0.235070 0 0 0
0.673800 -0.252540 0.234976 0 0 0
0.675838 -0.252910 0.234077 255 0 0
0.678174 -0.252741 0.233168 255 0 0
0.678940 -0.253285 0.233103 255 0 0
0.680298 -0.253961 0.233017 255 0 0
0.681143 -0.254328 0.232960 255 0 0
0.683380 -0.254359 0.232066 255 0 0
0.582104 -0.198563 0.219790 255 0 0
0.582720 -0.199659 0.220249 255 0 0
0.583779 -0.200653 0.220997 0 0 0
0.584757 -0.201000 0.221366 0 0 0
0.585779 -0.202133 0.221946 0 0 0
0.586792 -0.203250 0.222517 0 0 0
0.587841 -0.203625 0.222870 0 0 0
0.588909 -0.204774 0.223175 0 0 0
0.590054 -0.205341 0.223252 0 0 0
0.591247 -0.205715 0.223556 0 0 0
0.592403 -0.206810 0.224063 0 0 0
0.593414 -0.207248 0.224315 0 0 0
0.594369 -0.208374 0.224844 0 0 0
0.595347 -0.209485 0.225412 0 0 0
0.596387 -0.209863 0.225783 0 0 0
0.597285 -0.210983 0.226191 0 0 0
0.598360 -0.212011 0.226926 0 0 0
0.599350 -0.212386 0.227294 0 0 0
0.600382 -0.213491 0.227661 0 0 0
0.601586 -0.213922 0.227965 0 0 0
0.602703 -0.214423 0.228066 0 0 0
0.603741 -0.215511 0.228436 0 0 0
0.604916 -0.216014 0.228525 0 0 0
0.606147 -0.216390 0.228736 0 0 0
0.606988 -0.217531 0.229250 0 0 0
0.607968 -0.218637 0.229927 0 0 0
0.608945 -0.219015 0.230210 255 0 0
0.609814 -0.220036 0.230739 255 0 0
0.610787 -0.221155 0.231409 255 0 0
0.611732 -0.221599 0.231582 255 0 0
0.612873 -0.222639 0.232183 255 0 0
0.613862 -0.223000 0.232479 255 0 0
0.614730 -0.224094 0.232988 255 0 0
0.615610 -0.225180 0.233448 255 0 0
0.616680 -0.225691 0.233490 0 0 0
0.617899 -0.226268 0.233466 0 0 0
0.619154 -0.226730 0.233558 0 0 0
0.620515 -0.227276 0.233573 0 0 0
0.621611 -0.227696 0.233749 0 0 0
0.622559 -0.228739 0.234144 0 0 0
0.623492 -0.229278 0.234298 0 0 0
0.624470 -0.230441 0.234838 255 0 0
0.625693 -0.230889 0.234920 255 0 0
0.626787 -0.231315 0.235004 255 0 0
0.627789 -0.232337 0.235531 255 0 0
0.628787 -0.232877 0.235716 255 0 0
0.629750 -0.233896 0.236160 255 0 0
0.630771 -0.234191 0.236578 255 0 0
0.631712 -0.235208 0.237009 255 0 0
0.632707 -0.235757 0.237202 255 0 0
0.633686 -0.236784 0.237721 255 0 0
0.634627 -0.237338 0.237888 255 0 0
0.635526 -0.238475 0.238213 255 0 0
0.636308 -0.238916 0.238223 0 0 0
0.638720 -0.239048 0.237609 0 0 0
0.639633 -0.239437 0.237550 0 0 0
0.640883 -0.239991 0.237483 255 0 0
0.642105 -0.240538 0.237420 255 0 0
0.643324 -0.241091 0.237356 255 0 0
0.644538 -0.241647 0.237295 0 0 0
0.645757 -0.242097 0.237252 0 0 0
0.646909 -0.242543 0.237303 255 0 0
0.647752 -0.243804 0.237831 255 0 0
0.648798 -0.244370 0.237880 255 0 0
0.650150 -0.244798 0.237828 255 0 0
0.651348 -0.245274 0.237771 255 0 0
0.652139 -0.245798 0.237712 255 0 0
0.654727 -0.245953 0.236791 255 0 0
0.655501 -0.246492 0.236729 255 0 0
0.656754 -0.247063 0.236671 255 0 0
0.657827 -0.247692 0.236721 255 0 0
0.658593 -0.248753 0.237048 255 0 0
0.659804 -0.249129 0.237274 0 0 0
0.661105 -0.249554 0.237268 0 0 0
0.662304 -0.250093 0.237209 0 0 0
0.663401 -0.250808 0.237140 0 0 0
0.664641 -0.251453 0.237069 0 0 0
0.665840 -0.252008 0.237006 0 0 0
0.667091 -0.252553 0.236939 0 0 0
0.667960 -0.252955 0.236883 0 0 0
0.670513 -0.253235 0.235952 0 0 0
0.670981 -0.253672 0.235897 255 0 0
0.673317 -0.253534 0.234978 255 0 0
0.675369 -0.253857 0.234074 255 0 0
0.676186 -0.254359 0.233990 255 0 0
0.677053 -0.254817 0.233930 255 0 0
0.582503 -0.200365 0.219844 255 0 0
0.583193 -0.201464 0.220303 0 0 0
0.584032 -0.202538 0.220901 0 0 0
0.585118 -0.203590 0.221649 0 0 0
0.586104 -0.203985 0.221998 0 0 0
0.587191 -0.205114 0.222381 0 0 0
0.588405 -0.205548 0.222669 0 0 0
0.589528 -0.206053 0.222766 0 0 0
0.590505 -0.207188 0.223259 0 0 0
0.591462 -0.208311 0.223784 0 0 0
0.592472 -0.208756 0.224042 0 0 0
0.593625 -0.209849 0.224554 0 0 0
0.594651 -0.210163 0.224927 0 0 0
0.595803 -0.211257 0.225446 0 0 0
0.596758 -0.211701 0.225706 0 0 0
0.597797 -0.212746 0.226400 0 0 0
0.598687 -0.213861 0.226814 0 0 0
0.599718 -0.214240 0.227181 0 0 0
0.600801 -0.215329 0.227657 0 0 0
0.601784 -0.215839 0.227807 0 0 0
0.602908 -0.216927 0.228373 0 0 0
0.603809 -0.217377 0.228506 0 0 0
0.604888 -0.218596 0.229090 0 0 0
0.605941 -0.218975 0.229261 0 0 0
0.607038 -0.219980 0.229832 0 0 0
0.607984 -0.220430 0.230005 0 0 0
0.608937 -0.221459 0.230680 0 0 0
0.609890 -0.222366 0.231348 0 0 0
0.610950 -0.222743 0.231537 0 0 0
0.611997 -0.223952 0.232115 0 0 0
0.612888 -0.224398 0.232264 0 0 0
0.613999 -0.225444 0.232847 0 0 0
0.615125 -0.225854 0.233049 0 0 0
0.616357 -0.226433 0.233036 255 0 0
0.617436 -0.226951 0.233075 255 0 0
0.618407 -0.227978 0.233420 255 0 0
0.619529 -0.228482 0.233490 255 0 0
0.620750 -0.228922 0.233572 255 0 0
0.621739 -0.230095 0.234118 0 0 0
0.622648 -0.230547 0.234276 0 0 0
0.623671 -0.231569 0.234804 255 0 0
0.624768 -0.232081 0.234883 255 0 0
0.625876 -0.232598 0.234964 255 0 0
0.626863 -0.233617 0.235478 255 0 0
0.628027 -0.234122 0.235590 255 0 0
0.629130 -0.234550 0.235795 255 0 0
0.629917 -0.235510 0.236297 255 0 0
0.630811 -0.236593 0.236948 255 0 0
0.631806 -0.237122 0.237143 255 0 0
0.632719 -0.238129 0.237486 255 0 0
0.633819 -0.238627 0.237608 255 0 0
0.635134 -0.238979 0.237872 0 0 0
0.636265 -0.239507 0.237853 0 0 0
0.637492 -0.240209 0.237606 0 0 0
0.638725 -0.240712 0.237515 0 0 0
0.639942 -0.241265 0.237449 0 0 0
0.641163 -0.241816 0.237388 0 0 0
0.642355 -0.242264 0.237335 0 0 0
0.643707 -0.242683 0.237283 0 0 0
0.644752 -0.243243 0.237332 0 0 0
0.645598 -0.244509 0.237863 0 0 0
0.646741 -0.244950 0.237914 255 0 0
0.647961 -0.245396 0.237872 255 0 0
0.649148 -0.245852 0.237820 255 0 0
0.650502 -0.246360 0.237752 255 0 0
0.651639 -0.247049 0.237679 255 0 0
0.652385 -0.247592 0.237619 255 0 0
0.654979 -0.247759 0.236694 255 0 0
0.655746 -0.248301 0.236638 255 0 0
0.657050 -0.248750 0.236628 255 0 0
0.658272 -0.249124 0.236854 255 0 0
0.659032 -0.250183 0.237182 0 0 0
0.660089 -0.250810 0.237233 0 0 0
0.661323 -0.251368 0.237179 0 0 0
0.662554 -0.251897 0.237119 0 0 0
0.663757 -0.252325 0.237065 0 0 0
0.665082 -0.252736 0.237004 0 0 0
0.666311 -0.253267 0.236941 0 0 0
0.667546 -0.253929 0.236865 0 0 0
0.668212 -0.254648 0.236801 0 0 0
0.670823 -0.254668 0.235871 255 0 0
0.671249 -0.255017 0.235821 255 0 0
0.673345 -0.255389 0.234903 255 0 0
0.582829 -0.202454 0.219662 0 0 0
0.583567 -0.203353 0.220281 0 0 0
0.584485 -0.204411 0.220930 0 0 0
0.585529 -0.205460 0.221522 0 0 0
0.586533 -0.205916 0.221857 0 0 0
0.587593 -0.207056 0.222216 0 0 0
0.588598 -0.207487 0.222460 0 0 0
0.589857 -0.208579 0.223116 0 0 0
0.590843 -0.208950 0.223373 0 0 0
0.591966 -0.210057 0.223852 0 0 0
0.592970 -0.210505 0.224109 0 0 0
0.593917 -0.211627 0.224642 0 0 0
0.594861 -0.212744 0.225174 0 0 0
0.595860 -0.213187 0.225432 0 0 0
0.596996 -0.214279 0.225949 0 0 0
0.598008 -0.214593 0.226329 0 0 0
0.598955 -0.215615 0.226906 0 0 0
0.599964 -0.216722 0.227582 0 0 0
0.600915 -0.217158 0.227740 0 0 0
0.602043 -0.218240 0.228313 0 0 0
0.603000 -0.218678 0.228473 0 0 0
0.604122 -0.219750 0.229045 0 0 0
0.605067 -0.220199 0.229209 0 0 0
0.606163 -0.221198 0.229780 0 0 0
0.607217 -0.221564 0.229962 0 0 0
0.608219 -0.222577 0.230667 0 0 0
0.608901 -0.223799 0.231416 0 0 0
0.609654 -0.224929 0.231893 0 0 0
0.610874 -0.225305 0.232116 0 0 0
0.612016 -0.225721 0.232222 0 0 0
0.613062 -0.226765 0.232758 0 0 0
0.614152 -0.227260 0.232822 0 0 0
0.615402 -0.227744 0.232790 0 0 0
0.616609 -0.228170 0.232859 255 0 0
0.617610 -0.229355 0.233404 255 0 0
0.618445 -0.229811 0.233533 255 0 0
0.619435 -0.230992 0.234075 255 0 0
0.620655 -0.231426 0.234158 255 0 0
0.621768 -0.231937 0.234235 255 0 0
0.622685 -0.232968 0.234615 255 0 0
0.623798 -0.233393 0.234810 255 0 0
0.624964 -0.233891 0.234923 0 0 0
0.625955 -0.234900 0.235441 0 0 0
0.627038 -0.235318 0.235527 255 0 0
0.628249 -0.235755 0.235622 255 0 0
0.629105 -0.236973 0.236289 255 0 0
0.629850 -0.237937 0.236707 255 0 0
0.630931 -0.238435 0.236833 255 0 0
0.632235 -0.238812 0.237091 255 0 0
0.633351 -0.239399 0.237188 255 0 0
0.634193 -0.240421 0.237349 255 0 0
0.635262 -0.241013 0.237413 0 0 0
0.636510 -0.241463 0.237510 0 0 0
0.637787 -0.241988 0.237480 0 0 0
0.639006 -0.242525 0.237420 0 0 0
0.640223 -0.242984 0.237376 0 0 0
0.641353 -0.243438 0.237426 0 0 0
0.642205 -0.244711 0.237961 0 0 0
0.643241 -0.245272 0.238010 0 0 0
0.644586 -0.245702 0.237957 0 0 0
0.645762 -0.246160 0.237905 255 0 0
0.646991 -0.246724 0.237854 255 0 0
0.648058 -0.247359 0.237908 255 0 0
0.648611 -0.248255 0.238117 255 0 0
0.650915 -0.248438 0.237654 255 0 0
0.651840 -0.248836 0.237592 255 0 0
0.652632 -0.249374 0.237529 255 0 0
0.655235 -0.249459 0.236628 0 0 0
0.655924 -0.249904 0.236678 0 0 0
0.656768 -0.251151 0.237200 0 0 0
0.657902 -0.251622 0.237258 255 0 0
0.659119 -0.252083 0.237214 255 0 0
0.660335 -0.252631 0.237153 255 0 0
0.661557 -0.253196 0.237103 255 0 0
0.662582 -0.253706 0.237168 255 0 0
0.663397 -0.254795 0.237654 255 0 0
0.664547 -0.255413 0.237739 0 0 0
0.665358 -0.255687 0.237703 0 0 0
0.668057 -0.255744 0.236774 0 0 0
0.668427 -0.256060 0.236741 0 0 0
0.582173 -0.203807 0.219425 0 0 0
0.582917 -0.204892 0.219845 0 0 0
0.583837 -0.205297 0.220185 255 0 0
0.584909 -0.206342 0.220790 255 0 0
0.585948 -0.207395 0.221382 255 0 0
0.586940 -0.207770 0.221742 255 0 0
0.587946 -0.208889 0.222315 0 0 0
0.588906 -0.210008 0.222854 0 0 0
0.589905 -0.210454 0.223110 255 0 0
0.591028 -0.211560 0.223588 255 0 0
0.592032 -0.211996 0.223839 0 0 0
0.593187 -0.213084 0.224358 0 0 0
0.594223 -0.213452 0.224718 0 0 0
0.595293 -0.214546 0.225105 0 0 0
0.596315 -0.214941 0.225473 0 0 0
0.597254 -0.215961 0.226052 0 0 0
0.598123 -0.217020 0.226834 0 0 0
0.599096 -0.218044 0.227513 0 0 0
0.600071 -0.218549 0.227671 0 0 0
0.601110 -0.219637 0.228108 0 0 0
0.602107 -0.220087 0.228368 0 0 0
0.603174 -0.221166 0.228842 0 0 0
0.604137 -0.221538 0.229118 0 0 0
0.605106 -0.222650 0.229809 0 0 0
0.605795 -0.223808 0.230385 0 0 0
0.606787 -0.224734 0.231100 255 0 0
0.608013 -0.225081 0.231368 255 0 0
0.609181 -0.225419 0.231607 255 0 0
0.610149 -0.226479 0.232002 255 0 0
0.611124 -0.227007 0.232170 255 0 0
0.612178 -0.228063 0.232716 0 0 0
0.613274 -0.228565 0.232782 0 0 0
0.614348 -0.229162 0.232822 0 0 0
0.615262 -0.230325 0.233198 0 0 0
0.616471 -0.230691 0.233408 0 0 0
0.617654 -0.231184 0.233516 0 0 0
0.618617 -0.232206 0.233864 0 0 0
0.619645 -0.232717 0.233940 255 0 0
0.620979 -0.233192 0.234082 255 0 0
0.622137 -0.233596 0.234301 255 0 0
0.623055 -0.234624 0.234693 255 0 0
0.624043 -0.235157 0.234876 255 0 0
0.625052 -0.236194 0.235413 255 0 0
0.625976 -0.236739 0.235574 255 0 0
0.626884 -0.237881 0.235901 255 0 0
0.628060 -0.238321 0.236035 255 0 0
0.629354 -0.238621 0.236318 0 0 0
0.630448 -0.239118 0.236442 255 0 0
0.631347 -0.240117 0.236772 255 0 0
0.632531 -0.240688 0.236871 255 0 0
0.633791 -0.241153 0.236974 255 0 0
0.634836 -0.241663 0.237061 255 0 0
0.635719 -0.242652 0.237379 255 0 0
0.636837 -0.243245 0.237444 0 0 0
0.638074 -0.243817 0.237400 0 0 0
0.639112 -0.244436 0.237443 0 0 0
0.639926 -0.245509 0.237783 0 0 0
0.641130 -0.245870 0.238009 0 0 0
0.642420 -0.246294 0.238005 0 0 0
0.643605 -0.246742 0.237956 0 0 0
0.644923 -0.247167 0.237895 255 0 0
0.646147 -0.247691 0.237835 255 0 0
0.647456 -0.248225 0.237822 255 0 0
0.648556 -0.248737 0.237896 255 0 0
0.649670 -0.249580 0.237664 255 0 0
0.650884 -0.250079 0.237571 255 0 0
0.652084 -0.250617 0.237506 255 0 0
0.653174 -0.251314 0.237438 255 0 0
0.654420 -0.251925 0.237368 255 0 0
0.655745 -0.252329 0.237305 255 0 0
0.656930 -0.252766 0.237253 255 0 0
0.658149 -0.253310 0.237194 255 0 0
0.659346 -0.253752 0.237141 255 0 0
0.660680 -0.254182 0.237093 255 0 0
0.661817 -0.254762 0.237193 255 0 0
0.662604 -0.255705 0.237664 255 0 0
0.663798 -0.256103 0.237738 255 0 0
0.664640 -0.256419 0.237711 0 0 0
0.582613 -0.205571 0.219473 255 0 0
0.583347 -0.206748 0.219740 255 0 0
0.584259 -0.207163 0.220072 255 0 0
0.585375 -0.208134 0.220841 0 0 0
0.586226 -0.209249 0.221456 0 0 0
0.587222 -0.210355 0.222031 255 0 0
0.588243 -0.210665 0.222406 255 0 0
0.589402 -0.211759 0.222923 255 0 0
0.590426 -0.212258 0.223167 255 0 0
0.591456 -0.213377 0.223512 0 0 0
0.592512 -0.213812 0.223859 0 0 0
0.593592 -0.214930 0.224206 0 0 0
0.594581 -0.215420 0.224444 0 0 0
0.595551 -0.216454 0.225018 0 0 0
0.596417 -0.217492 0.225800 0 0 0
0.597271 -0.218461 0.226597 0 0 0
0.598248 -0.219415 0.227253 0 0 0
0.599292 -0.219926 0.227373 0 0 0
0.600491 -0.220363 0.227683 0 0 0
0.601500 -0.221442 0.228046 255 0 0
0.602529 -0.221809 0.228429 255 0 0
0.603447 -0.222805 0.228998 255 0 0
0.604487 -0.223903 0.229724 255 0 0
0.605395 -0.224260 0.230031 255 0 0
0.606367 -0.225196 0.230731 255 0 0
0.607241 -0.226286 0.231216 255 0 0
0.608235 -0.226892 0.231384 255 0 0
0.609217 -0.227957 0.231801 255 0 0
0.610186 -0.228322 0.232084 255 0 0
0.611292 -0.229361 0.232669 0 0 0
0.612370 -0.229838 0.232731 0 0 0
0.613691 -0.230391 0.232722 0 0 0
0.614819 -0.230870 0.232900 0 0 0
0.615702 -0.231915 0.233113 0 0 0
0.616811 -0.232502 0.233205 0 0 0
0.618124 -0.232902 0.233455 0 0 0
0.619207 -0.233394 0.233569 255 0 0
0.620167 -0.234433 0.233924 255 0 0
0.621151 -0.234960 0.234106 255 0 0
0.622166 -0.235996 0.234644 255 0 0
0.623150 -0.236528 0.234831 255 0 0
0.624059 -0.237550 0.235222 255 0 0
0.625218 -0.237947 0.235446 255 0 0
0.626531 -0.238322 0.235616 255 0 0
0.627655 -0.238779 0.235717 255 0 0
0.628558 -0.239917 0.236048 255 0 0
0.629489 -0.240460 0.236214 255 0 0
0.630456 -0.241475 0.236722 0 0 0
0.631539 -0.241966 0.236800 0 0 0
0.632783 -0.242532 0.236768 0 0 0
0.633869 -0.243020 0.236847 0 0 0
0.634811 -0.244011 0.237341 255 0 0
0.635900 -0.244500 0.237419 255 0 0
0.637110 -0.244945 0.237381 255 0 0
0.638522 -0.245362 0.237375 255 0 0
0.639610 -0.245841 0.237592 255 0 0
0.640403 -0.246943 0.237933 255 0 0
0.641457 -0.247574 0.237987 255 0 0
0.642514 -0.248209 0.238043 255 0 0
0.643296 -0.249308 0.238380 0 0 0
0.644376 -0.249749 0.238562 0 0 0
0.645726 -0.250447 0.238389 255 0 0
0.646454 -0.250720 0.238427 255 0 0
0.649012 -0.250939 0.237610 255 0 0
0.649882 -0.251320 0.237552 255 0 0
0.651126 -0.251871 0.237485 255 0 0
0.652344 -0.252393 0.237421 255 0 0
0.653555 -0.252918 0.237354 255 0 0
0.654754 -0.253461 0.237294 255 0 0
0.655960 -0.254012 0.237235 0 0 0
0.657184 -0.254579 0.237183 255 0 0
0.658231 -0.255209 0.237237 255 0 0
0.658984 -0.256293 0.237569 255 0 0
0.660037 -0.256653 0.237784 255 0 0
0.661216 -0.256782 0.237797 255 0 0
0.582927 -0.207633 0.219312 0 0 0
0.583564 -0.208526 0.219780 0 0 0
0.584504 -0.209601 0.220591 0 0 0
0.585579 -0.210640 0.221317 0 0 0
0.586552 -0.211013 0.221583 255 0 0
0.587519 -0.212133 0.222126 255 0 0
0.588469 -0.213241 0.222652 255 0 0
0.589638 -0.213673 0.222858 255 0 0
0.590838 -0.214173 0.223049 255 0 0
0.591846 -0.215271 0.223377 255 0 0
0.593048 -0.215709 0.223674 255 0 0
0.594108 -0.216221 0.223789 255 0 0
0.595100 -0.217181 0.224457 255 0 0
0.595959 -0.218148 0.225256 0 0 0
0.596819 -0.219186 0.226038 255 0 0
0.597790 -0.220194 0.226617 255 0 0
0.598740 -0.220630 0.226874 255 0 0
0.599877 -0.221716 0.227347 255 0 0
0.600867 -0.222151 0.227618 255 0 0
0.601749 -0.223155 0.228158 255 0 0
0.602614 -0.224302 0.228940 255 0 0
0.603484 -0.225297 0.229477 0 0 0
0.604437 -0.225656 0.229768 0 0 0
0.605460 -0.226761 0.230490 0 0 0
0.606311 -0.227744 0.231002 0 0 0
0.607475 -0.228160 0.231228 0 0 0
0.608640 -0.228571 0.231460 0 0 0
0.609499 -0.229655 0.231966 0 0 0
0.610391 -0.230718 0.232433 0 0 0
0.611440 -0.231217 0.232483 0 0 0
0.612677 -0.231783 0.232426 0 0 0
0.613948 -0.232323 0.232401 0 0 0
0.615187 -0.232793 0.232529 0 0 0
0.616291 -0.233292 0.232725 0 0 0
0.617220 -0.234338 0.233006 0 0 0
0.618214 -0.234774 0.233290 255 0 0
0.619286 -0.235803 0.233871 255 0 0
0.620269 -0.236324 0.234054 255 0 0
0.621189 -0.237347 0.234453 255 0 0
0.622351 -0.237763 0.234686 0 0 0
0.623515 -0.238174 0.234919 0 0 0
0.624422 -0.239198 0.235309 0 0 0
0.625335 -0.239736 0.235474 0 0 0
0.626283 -0.240892 0.236008 0 0 0
0.627489 -0.241332 0.236099 255 0 0
0.628595 -0.241847 0.236182 255 0 0
0.629462 -0.242842 0.236541 255 0 0
0.630545 -0.243243 0.236740 255 0 0
0.631862 -0.243791 0.236739 255 0 0
0.632940 -0.244275 0.236819 255 0 0
0.633883 -0.245267 0.237320 255 0 0
0.634976 -0.245772 0.237406 255 0 0
0.636032 -0.246395 0.237464 255 0 0
0.636832 -0.247499 0.237807 255 0 0
0.637910 -0.247975 0.238024 255 0 0
0.639319 -0.248396 0.238019 255 0 0
0.640508 -0.248835 0.237972 255 0 0
0.641786 -0.249266 0.237970 255 0 0
0.642992 -0.249650 0.238205 0 0 0
0.643539 -0.250515 0.238492 0 0 0
0.645645 -0.250946 0.238169 255 0 0
0.645926 -0.251696 0.238167 255 0 0
0.647985 -0.252236 0.237615 255 0 0
0.648924 -0.252561 0.237538 255 0 0
0.650157 -0.253118 0.237467 255 0 0
0.651385 -0.253602 0.237373 0 0 0
0.652609 -0.254304 0.237123 0 0 0
0.653672 -0.254860 0.237070 0 0 0
0.654908 -0.255302 0.237178 0 0 0
0.656181 -0.255848 0.237155 0 0 0
0.657458 -0.256220 0.237152 0 0 0
0.658702 -0.256613 0.237406 0 0 0
0.659225 -0.257165 0.237666 0 0 0
0.582210 -0.208932 0.219103 0 0 0
0.582824 -0.209939 0.219744 0 0 0
0.583669 -0.211024 0.220504 0 0 0
0.584635 -0.212059 0.221066 0 0 0
0.585632 -0.212501 0.221325 255 0 0
0.586801 -0.213594 0.221846 255 0 0
0.587833 -0.213962 0.222203 255 0 0
0.588863 -0.215068 0.222548 255 0 0
0.590057 -0.215567 0.222739 255 0 0
0.591229 -0.216001 0.222942 255 0 0
0.592294 -0.217093 0.223377 0 0 0
0.593265 -0.217590 0.223528 0 0 0
0.594255 -0.218625 0.224218 0 0 0
0.595124 -0.219682 0.225004 255 0 0
0.596095 -0.220683 0.225545 255 0 0
0.597039 -0.221127 0.225812 255 0 0
0.598011 -0.222147 0.226389 255 0 0
0.598980 -0.223177 0.227086 255 0 0
0.599883 -0.223541 0.227373 0 0 0
0.600926 -0.224644 0.228098 0 0 0
0.601845 -0.225629 0.228676 0 0 0
0.602838 -0.225926 0.229076 0 0 0
0.603767 -0.227008 0.229645 0 0 0
0.604695 -0.228085 0.230220 0 0 0
0.605703 -0.228449 0.230602 0 0 0
0.606654 -0.229524 0.230937 0 0 0
0.607661 -0.230038 0.231199 0 0 0
0.608757 -0.231058 0.231647 0 0 0
0.609830 -0.231476 0.231870 0 0 0
0.611061 -0.231951 0.231995 0 0 0
0.612334 -0.232492 0.231965 0 0 0
0.613567 -0.233052 0.231909 255 0 0
0.614656 -0.233642 0.231938 0 0 0
0.615597 -0.234670 0.232216 255 0 0
0.616612 -0.235026 0.232606 255 0 0
0.617503 -0.236096 0.233164 255 0 0
0.618367 -0.237145 0.233629 255 0 0
0.619446 -0.237641 0.233770 255 0 0
0.620596 -0.237987 0.234106 0 0 0
0.621554 -0.239000 0.234539 0 0 0
0.622530 -0.239523 0.234732 0 0 0
0.623530 -0.240553 0.235267 0 0 0
0.624518 -0.241079 0.235459 0 0 0
0.625419 -0.242079 0.235853 0 0 0
0.626490 -0.242489 0.236043 0 0 0
0.627842 -0.242939 0.236082 0 0 0
0.629029 -0.243308 0.236299 255 0 0
0.629866 -0.244426 0.236660 255 0 0
0.630918 -0.245043 0.236714 255 0 0
0.632000 -0.245547 0.236800 255 0 0
0.632945 -0.246543 0.237303 255 0 0
0.634017 -0.247034 0.237385 255 0 0
0.635314 -0.247466 0.237394 255 0 0
0.636517 -0.247821 0.237620 255 0 0
0.637327 -0.248892 0.237964 255 0 0
0.638357 -0.249503 0.238009 255 0 0
0.639576 -0.249976 0.237975 255 0 0
0.640694 -0.250429 0.238029 255 0 0
0.641551 -0.251683 0.238567 255 0 0
0.642674 -0.252155 0.238616 255 0 0
0.643451 -0.252585 0.238575 255 0 0
0.645938 -0.252512 0.237864 255 0 0
0.646882 -0.253148 0.237627 255 0 0
0.648015 -0.253797 0.237522 255 0 0
0.649228 -0.254369 0.237452 255 0 0
0.650115 -0.254763 0.237396 0 0 0
0.652573 -0.254892 0.236775 0 0 0
0.653352 -0.255347 0.236798 0 0 0
0.654130 -0.256284 0.237078 0 0 0
0.655353 -0.256784 0.237137 0 0 0
0.656198 -0.257118 0.237107 0 0 0
0.582284 -0.211322 0.219816 0 0 0
0.583018 -0.212385 0.220260 0 0 0
0.583957 -0.212714 0.220614 0 0 0
0.585137 -0.213810 0.221142 0 0 0
0.586155 -0.214306 0.221384 255 0 0
0.587200 -0.215420 0.221743 255 0 0
0.588246 -0.215856 0.222085 255 0 0
0.589282 -0.216965 0.222439 255 0 0
0.590297 -0.217470 0.222680 0 0 0
0.591429 -0.218567 0.223119 0 0 0
0.592365 -0.219050 0.223262 0 0 0
0.593425 -0.220066 0.223982 0 0 0
0.594452 -0.221011 0.224681 0 0 0
0.595495 -0.221467 0.224904 0 0 0
0.596539 -0.221924 0.225130 255 0 0
0.597554 -0.222862 0.225837 255 0 0
0.598447 -0.223802 0.226640 255 0 0
0.599230 -0.224904 0.227250 255 0 0
0.600167 -0.225983 0.227834 0 0 0
0.601148 -0.226284 0.228229 0 0 0
0.602083 -0.227368 0.228811 0 0 0
0.603006 -0.228444 0.229375 0 0 0
0.604019 -0.228807 0.229762 0 0 0
0.605017 -0.229865 0.230141 0 0 0
0.606057 -0.230293 0.230506 0 0 0
0.607061 -0.231341 0.230830 0 0 0
0.608166 -0.231842 0.231036 0 0 0
0.609269 -0.232351 0.231238 0 0 0
0.610254 -0.233372 0.231469 0 0 0
0.611341 -0.233954 0.231494 255 0 0
0.612545 -0.234517 0.231473 255 0 0
0.613860 -0.234970 0.231604 255 0 0
0.614996 -0.235367 0.231825 255 0 0
0.615838 -0.236436 0.232338 255 0 0
0.616743 -0.237490 0.232844 255 0 0
0.617815 -0.237908 0.233082 255 0 0
0.618888 -0.238328 0.233322 255 0 0
0.619786 -0.239384 0.233830 0 0 0
0.620614 -0.240448 0.234349 0 0 0
0.621599 -0.240896 0.234644 0 0 0
0.622586 -0.241902 0.235034 0 0 0
0.623668 -0.242397 0.235163 0 0 0
0.624814 -0.242725 0.235514 0 0 0
0.625752 -0.243729 0.235940 0 0 0
0.626690 -0.244372 0.236106 0 0 0
0.627537 -0.245494 0.236475 0 0 0
0.628714 -0.245870 0.236699 0 0 0
0.629978 -0.246220 0.236713 0 0 0
0.631196 -0.246635 0.236800 0 0 0
0.632094 -0.247653 0.237318 0 0 0
0.633207 -0.248041 0.237389 0 0 0
0.634253 -0.248601 0.237451 0 0 0
0.635108 -0.249894 0.238000 0 0 0
0.636217 -0.250331 0.238049 0 0 0
0.637436 -0.250798 0.238014 0 0 0
0.638475 -0.251407 0.238063 255 0 0
0.639268 -0.252483 0.238406 255 0 0
0.640453 -0.252840 0.238631 255 0 0
0.641725 -0.253265 0.238627 255 0 0
0.642907 -0.253804 0.238567 255 0 0
0.644030 -0.254459 0.238458 255 0 0
0.645015 -0.255070 0.238166 255 0 0
0.647304 -0.255217 0.237507 255 0 0
0.648212 -0.255609 0.237448 255 0 0
0.649388 -0.256021 0.237388 0 0 0
0.650606 -0.256550 0.237322 0 0 0
0.651929 -0.257161 0.237248 0 0 0
0.652815 -0.257408 0.237204 0 0 0
0.582585 -0.213202 0.219868 255 0 0
0.583228 -0.214168 0.220321 255 0 0
0.584238 -0.215292 0.220839 255 0 0
0.585348 -0.215785 0.220945 255 0 0
0.586543 -0.216220 0.221237 255 0 0
0.587612 -0.217311 0.221624 255 0 0
0.588656 -0.217741 0.221970 255 0 0
0.589709 -0.218827 0.222349 255 0 0
0.590905 -0.219263 0.222654 0 0 0
0.591956 -0.219760 0.222767 0 0 0
0.592965 -0.220801 0.223419 0 0 0
0.593937 -0.221827 0.223992 0 0 0
0.594885 -0.222259 0.224265 0 0 0
0.595854 -0.223253 0.224814 0 0 0
0.596708 -0.224293 0.225609 0 0 0
0.597558 -0.225345 0.226403 0 0 0
0.598482 -0.226332 0.226987 0 0 0
0.599471 -0.226637 0.227387 0 0 0
0.600389 -0.227620 0.227970 0 0 0
0.601417 -0.228713 0.228692 0 0 0
0.602367 -0.229066 0.228977 0 0 0
0.603411 -0.230122 0.229447 0 0 0
0.604417 -0.230631 0.229708 0 0 0
0.605366 -0.231687 0.230037 0 0 0
0.606524 -0.232112 0.230338 0 0 0
0.607646 -0.232685 0.230444 255 0 0
0.608625 -0.233717 0.230682 255 0 0
0.609724 -0.234205 0.230874 255 0 0
0.610971 -0.234688 0.231008 255 0 0
0.612108 -0.235257 0.231069 255 0 0
0.613003 -0.236302 0.231305 255 0 0
0.614010 -0.236819 0.231574 255 0 0
0.615049 -0.237828 0.232062 255 0 0
0.616188 -0.238176 0.232392 255 0 0
0.617263 -0.238671 0.232535 255 0 0
0.618127 -0.239723 0.233007 255 0 0
0.619004 -0.240779 0.233565 255 0 0
0.620010 -0.241134 0.233965 255 0 0
0.620935 -0.242141 0.234323 0 0 0
0.622079 -0.242480 0.234661 0 0 0
0.623254 -0.242913 0.234825 0 0 0
0.624057 -0.244097 0.235289 0 0 0
0.624794 -0.245161 0.235754 0 0 0
0.625927 -0.245464 0.236003 0 0 0
0.627203 -0.245823 0.236280 0 0 0
0.628032 -0.246831 0.236646 0 0 0
0.628972 -0.247329 0.236796 0 0 0
0.629887 -0.248666 0.237390 0 0 0
0.630778 -0.249062 0.237545 0 0 0
0.631671 -0.250099 0.238077 0 0 0
0.632778 -0.250639 0.238162 0 0 0
0.634115 -0.251037 0.238111 0 0 0
0.635286 -0.251469 0.238058 0 0 0
0.636492 -0.252007 0.238003 0 0 0
0.637769 -0.252439 0.237999 0 0 0
0.638944 -0.252810 0.238225 0 0 0
0.639733 -0.253883 0.238568 255 0 0
0.640759 -0.254493 0.238617 0 0 0
0.642005 -0.255063 0.238561 0 0 0
0.642899 -0.255439 0.238504 255 0 0
0.645183 -0.255555 0.237844 255 0 0
0.646180 -0.256191 0.237550 255 0 0
0.647303 -0.256717 0.237446 0 0 0
0.648237 -0.256917 0.237401 0 0 0
0.581889 -0.214567 0.219653 0 0 0
0.582612 -0.215588 0.220071 0 0 0
0.583698 -0.215997 0.220365 255 0 0
0.584843 -0.216559 0.220457 255 0 0
0.585898 -0.217669 0.220767 255 0 0
0.586943 -0.218105 0.221114 255 0 0
0.588014 -0.219198 0.221509 255 0 0
0.589035 -0.219567 0.221871 255 0 0
0.590141 -0.220649 0.222357 255 0 0
0.591136 -0.221212 0.222498 0 0 0
0.592227 -0.222296 0.222985 0 0 0
0.593209 -0.222622 0.223367 0 0 0
0.594168 -0.223607 0.223964 0 0 0
0.595025 -0.224645 0.224757 0 0 0
0.595877 -0.225686 0.225550 0 0 0
0.596822 -0.226660 0.226143 0 0 0
0.597795 -0.226980 0.226539 0 0 0
0.598708 -0.227968 0.227125 0 0 0
0.599570 -0.229109 0.227921 0 0 0
0.600436 -0.230091 0.228460 0 0 0
0.601413 -0.230528 0.228737 0 0 0
0.602490 -0.231568 0.229155 0 0 0
0.603574 -0.232062 0.229281 0 0 0
0.604743 -0.232493 0.229584 0 0 0
0.605699 -0.233539 0.229861 255 0 0
0.606801 -0.234096 0.229954 255 0 0
0.608099 -0.234498 0.230199 255 0 0
0.609208 -0.235072 0.230295 255 0 0
0.610110 -0.236101 0.230526 0 0 0
0.611290 -0.236587 0.230732 0 0 0
0.612466 -0.237081 0.230941 255 0 0
0.613363 -0.238122 0.231246 255 0 0
0.614397 -0.238572 0.231632 255 0 0
0.615298 -0.239607 0.231955 255 0 0
0.616285 -0.240024 0.232254 255 0 0
0.617417 -0.241037 0.232889 255 0 0
0.618394 -0.241471 0.233180 255 0 0
0.619285 -0.242504 0.233512 255 0 0
0.620279 -0.242870 0.233909 255 0 0
0.621087 -0.243937 0.234448 0 0 0
0.621850 -0.245109 0.234954 0 0 0
0.623104 -0.245466 0.235226 0 0 0
0.624227 -0.245779 0.235474 0 0 0
0.624931 -0.246718 0.235943 0 0 0
0.625784 -0.247955 0.236654 0 0 0
0.626740 -0.248336 0.236845 0 0 0
0.627666 -0.249359 0.237388 0 0 0
0.628874 -0.249676 0.237488 0 0 0
0.630063 -0.250006 0.237587 0 0 0
0.630969 -0.251137 0.238116 0 0 0
0.631957 -0.251620 0.238168 0 0 0
0.633160 -0.252191 0.238118 0 0 0
0.634343 -0.252751 0.238057 0 0 0
0.635552 -0.253304 0.238005 255 0 0
0.636579 -0.253904 0.238052 255 0 0
0.637379 -0.254954 0.238394 0 0 0
0.638551 -0.255324 0.238623 0 0 0
0.639826 -0.255757 0.238621 0 0 0
0.641031 -0.256314 0.238562 0 0 0
0.642165 -0.256708 0.238505 0 0 0
0.643420 -0.257254 0.238434 0 0 0
0.644283 -0.257669 0.238367 255 0 0
0.646440 -0.257687 0.237464 0 0 0
0.582155 -0.216567 0.219473 0 0 0
0.582927 -0.217450 0.219888 255 0 0
0.584085 -0.217958 0.220113 255 0 0
0.585265 -0.218386 0.220322 255 0 0
0.586385 -0.219469 0.220805 255 0 0
0.587367 -0.219903 0.221061 255 0 0
0.588322 -0.221007 0.221605 255 0 0
0.589290 -0.222090 0.222093 255 0 0
0.590386 -0.222590 0.222208 0 0 0
0.591545 -0.222965 0.222531 0 0 0
0.592479 -0.223951 0.223112 0 0 0
0.593339 -0.224995 0.223905 0 0 0
0.594201 -0.226038 0.224706 0 0 0
0.595151 -0.227031 0.225250 0 0 0
0.596093 -0.227451 0.225525 0 0 0
0.597043 -0.228452 0.226109 0 0 0
0.597903 -0.229469 0.226903 0 0 0
0.598875 -0.230403 0.227661 0 0 0
0.599812 -0.230780 0.228042 0 0 0
0.600845 -0.231819 0.228381 255 0 0
0.601946 -0.232325 0.228591 255 0 0
0.603046 -0.232831 0.228790 255 0 0
0.604045 -0.233869 0.229109 255 0 0
0.605212 -0.234289 0.229419 255 0 0
0.606306 -0.234780 0.229541 255 0 0
0.607284 -0.235810 0.229897 255 0 0
0.608465 -0.236377 0.229996 255 0 0
0.609580 -0.236884 0.230168 0 0 0
0.610442 -0.237931 0.230427 0 0 0
0.611597 -0.238324 0.230658 0 0 0
0.612871 -0.238674 0.230916 0 0 0
0.613825 -0.239722 0.231363 255 0 0
0.614834 -0.240121 0.231657 255 0 0
0.615640 -0.241326 0.232186 255 0 0
0.616399 -0.242393 0.232662 255 0 0
0.617542 -0.242798 0.232904 255 0 0
0.618689 -0.243203 0.233145 0 0 0
0.619481 -0.244148 0.233662 0 0 0
0.620449 -0.245214 0.234388 0 0 0
0.621395 -0.245556 0.234703 0 0 0
0.622277 -0.246459 0.235101 0 0 0
0.623358 -0.246924 0.235321 0 0 0
0.624189 -0.248048 0.236028 0 0 0
0.624974 -0.248898 0.236648 0 0 0
0.626018 -0.249268 0.236872 0 0 0
0.626958 -0.250446 0.237445 0 0 0
0.627730 -0.250889 0.237592 0 0 0
0.628647 -0.252038 0.238138 0 0 0
0.629842 -0.252456 0.238219 0 0 0
0.631037 -0.252890 0.238179 0 0 0
0.632221 -0.253319 0.238128 0 0 0
0.633531 -0.253719 0.238065 255 0 0
0.634738 -0.254228 0.238006 255 0 0
0.636024 -0.254766 0.238003 255 0 0
0.637075 -0.255257 0.238223 255 0 0
0.637850 -0.256367 0.238569 255 0 0
0.638863 -0.257009 0.238616 0 0 0
0.640084 -0.257410 0.238567 0 0 0
0.641033 -0.257593 0.238525 0 0 0
0.581805 -0.217245 0.218846 255 0 0
0.582569 -0.218034 0.219482 255 0 0
0.583418 -0.219351 0.219844 255 0 0
0.584326 -0.219847 0.220059 0 0 0
0.585468 -0.220936 0.220558 0 0 0
0.586452 -0.221368 0.220812 0 0 0
0.587623 -0.222442 0.221289 0 0 0
0.588722 -0.222875 0.221501 0 0 0
0.589818 -0.223309 0.221720 255 0 0
0.590784 -0.224302 0.222260 255 0 0
0.591669 -0.225437 0.223056 255 0 0
0.592452 -0.226433 0.223682 255 0 0
0.593483 -0.227360 0.224435 255 0 0
0.594580 -0.227733 0.224765 0 0 0
0.595619 -0.228237 0.224896 255 0 0
0.596601 -0.229257 0.225546 255 0 0
0.597382 -0.230257 0.226178 255 0 0
0.598296 -0.231180 0.227006 0 0 0
0.599226 -0.232165 0.227534 255 0 0
0.600262 -0.232682 0.227742 255 0 0
0.601368 -0.233198 0.227955 255 0 0
0.602387 -0.234229 0.228288 255 0 0
0.603393 -0.234589 0.228667 255 0 0
0.604421 -0.235631 0.229136 255 0 0
0.605419 -0.236212 0.229301 255 0 0
0.606414 -0.237253 0.229665 255 0 0
0.607441 -0.237750 0.229746 255 0 0
0.608744 -0.238133 0.229901 255 0 0
0.609991 -0.238473 0.230148 0 0 0
0.610716 -0.239573 0.230631 0 0 0
0.611551 -0.240830 0.231305 0 0 0
0.612546 -0.241299 0.231473 0 0 0
0.613429 -0.242331 0.231855 0 0 0
0.614696 -0.242691 0.232128 0 0 0
0.615836 -0.243006 0.232367 0 0 0
0.616759 -0.244034 0.232774 0 0 0
0.617706 -0.244546 0.232972 0 0 0
0.618588 -0.245513 0.233644 0 0 0
0.619480 -0.246486 0.234326 0 0 0
0.620400 -0.246893 0.234543 0 0 0
0.621203 -0.247879 0.235178 0 0 0
0.622037 -0.248993 0.235889 0 0 0
0.623069 -0.249351 0.236119 0 0 0
0.623846 -0.250218 0.236746 0 0 0
0.624658 -0.251324 0.237445 0 0 0
0.625828 -0.251638 0.237549 0 0 0
0.627021 -0.251960 0.237648 0 0 0
0.627930 -0.253085 0.238179 0 0 0
0.628900 -0.253569 0.238231 255 0 0
0.630127 -0.254142 0.238192 255 0 0
0.631152 -0.254754 0.238238 255 0 0
0.631979 -0.255823 0.238520 255 0 0
0.633034 -0.256374 0.238559 255 0 0
0.634192 -0.256940 0.238562 255 0 0
0.635386 -0.257432 0.238698 255 0 0
0.636731 -0.257672 0.238685 255 0 0
0.638100 -0.257956 0.238629 255 0 0
0.638917 -0.258259 0.238591 0 0 0
0.583035 -0.220276 0.219454 255 0 0
0.583750 -0.221195 0.219737 255 0 0
0.584823 -0.221641 0.220108 255 0 0
0.585884 -0.222716 0.220495 255 0 0
0.587062 -0.223161 0.220792 255 0 0
0.588151 -0.223660 0.220910 0 0 0
0.589092 -0.224652 0.221414 255 0 0
0.589986 -0.225787 0.222210 255 0 0
0.590931 -0.226777 0.222800 255 0 0
0.591862 -0.227083 0.223194 255 0 0
0.592911 -0.228018 0.223961 255 0 0
0.593826 -0.229096 0.224481 255 0 0
0.594807 -0.229674 0.224641 255 0 0
0.595860 -0.230734 0.225111 255 0 0
0.596779 -0.231040 0.225510 255 0 0
0.597787 -0.232058 0.226263 255 0 0
0.598734 -0.233038 0.226841 255 0 0
0.599667 -0.233455 0.227124 255 0 0
0.600796 -0.234487 0.227601 255 0 0
0.601764 -0.234912 0.227879 255 0 0
0.602653 -0.235993 0.228417 255 0 0
0.603542 -0.237059 0.228890 0 0 0
0.604609 -0.237532 0.229010 0 0 0
0.605918 -0.237939 0.229266 0 0 0
0.606988 -0.238417 0.229389 0 0 0
0.607782 -0.239390 0.229826 0 0 0
0.608688 -0.240631 0.230543 255 0 0
0.609723 -0.240977 0.230742 255 0 0
0.610756 -0.241894 0.231294 255 0 0
0.611877 -0.242281 0.231415 255 0 0
0.613077 -0.242654 0.231648 0 0 0
0.613969 -0.243816 0.232040 0 0 0
0.614859 -0.244349 0.232204 0 0 0
0.615870 -0.245272 0.232752 0 0 0
0.616922 -0.245626 0.232966 0 0 0
0.617769 -0.246745 0.233681 0 0 0
0.618582 -0.247728 0.234321 0 0 0
0.619497 -0.248136 0.234535 0 0 0
0.620378 -0.249105 0.235219 0 0 0
0.621250 -0.250062 0.235897 0 0 0
0.622153 -0.250467 0.236114 0 0 0
0.623018 -0.251442 0.236797 0 0 0
0.623879 -0.252399 0.237471 0 0 0
0.624711 -0.252816 0.237655 0 0 0
0.625628 -0.253979 0.238210 0 0 0
0.626811 -0.254399 0.238290 0 0 0
0.627993 -0.254843 0.238248 255 0 0
0.629178 -0.255387 0.238194 255 0 0
0.630428 -0.255778 0.238181 255 0 0
0.631747 -0.256102 0.238320 255 0 0
0.632915 -0.256648 0.238325 255 0 0
0.633982 -0.257213 0.238371 255 0 0
0.634805 -0.258152 0.238647 255 0 0
0.635564 -0.258413 0.238703 255 0 0
0.582516 -0.221543 0.219174 255 0 0
0.583136 -0.221983 0.219292 255 0 0
0.584166 -0.223093 0.219645 255 0 0
0.585221 -0.223539 0.220003 255 0 0
0.586249 -0.224635 0.220356 255 0 0
0.587218 -0.225059 0.220628 255 0 0
0.588268 -0.226048 0.221363 255 0 0
0.589317 -0.227057 0.222102 255 0 0
0.590264 -0.227413 0.222388 255 0 0
0.591161 -0.228404 0.222944 0 0 0
0.592046 -0.229551 0.223751 0 0 0
0.592920 -0.230528 0.224277 0 0 0
0.594060 -0.230863 0.224508 0 0 0
0.595325 -0.231214 0.224765 0 0 0
0.596172 -0.232420 0.225297 255 0 0
0.597054 -0.233506 0.225844 255 0 0
0.598010 -0.233811 0.226240 255 0 0
0.598963 -0.234866 0.226834 255 0 0
0.599847 -0.235938 0.227364 255 0 0
0.600814 -0.236365 0.227646 255 0 0
0.601891 -0.237386 0.228153 255 0 0
0.603026 -0.237735 0.228483 0 0 0
0.604107 -0.238221 0.228609 0 0 0
0.605111 -0.239263 0.228987 0 0 0
0.606069 -0.239753 0.229170 0 0 0
0.606991 -0.240744 0.229852 0 0 0
0.607919 -0.241717 0.230538 0 0 0
0.608827 -0.242128 0.230727 0 0 0
0.609880 -0.243193 0.231300 255 0 0
0.610734 -0.243613 0.231459 255 0 0
0.611723 -0.244811 0.232036 255 0 0
0.612888 -0.245130 0.232122 255 0 0
0.614083 -0.245439 0.232217 0 0 0
0.614858 -0.246563 0.232879 0 0 0
0.615639 -0.247696 0.233555 0 0 0
0.616675 -0.248051 0.233769 0 0 0
0.617673 -0.248973 0.234325 0 0 0
0.618593 -0.249381 0.234534 0 0 0
0.619467 -0.250351 0.235219 0 0 0
0.620335 -0.251319 0.235900 0 0 0
0.621239 -0.251717 0.236118 0 0 0
0.622101 -0.252682 0.236801 0 0 0
0.622956 -0.253644 0.237480 0 0 0
0.623875 -0.254044 0.237696 0 0 0
0.624838 -0.255034 0.238227 0 0 0
0.625882 -0.255502 0.238307 0 0 0
0.627069 -0.255942 0.238269 0 0 0
0.628389 -0.256360 0.238218 0 0 0
0.629391 -0.256907 0.238277 0 0 0
0.630169 -0.258091 0.238822 0 0 0
0.631302 -0.258499 0.238876 255 0 0
0.632597 -0.259024 0.238824 255 0 0
0.633476 -0.259249 0.238780 0 0 0
0.582899 -0.223329 0.219078 0 0 0
0.583544 -0.223772 0.219215 255 0 0
0.584648 -0.224796 0.219710 255 0 0
0.585743 -0.225150 0.220011 0 0 0
0.586707 -0.226120 0.220561 0 0 0
0.587511 -0.227430 0.221366 0 0 0
0.588366 -0.228437 0.221883 0 0 0
0.589307 -0.228792 0.222167 0 0 0
0.590341 -0.229802 0.222908 0 0 0
0.591376 -0.230798 0.223650 0 0 0
0.592313 -0.231148 0.223932 0 0 0
0.593175 -0.232246 0.224441 0 0 0
0.594027 -0.233452 0.224971 0 0 0
0.595283 -0.233805 0.225228 255 0 0
0.596413 -0.234139 0.225462 255 0 0
0.597278 -0.235102 0.225997 0 0 0
0.598302 -0.236196 0.226727 255 0 0
0.599262 -0.236611 0.227005 255 0 0
0.600219 -0.237663 0.227352 255 0 0
0.601214 -0.238033 0.227735 255 0 0
0.602246 -0.239068 0.228218 255 0 0
0.603198 -0.239560 0.228392 255 0 0
0.604268 -0.240616 0.228962 255 0 0
0.605185 -0.241022 0.229148 255 0 0
0.606116 -0.242005 0.229841 255 0 0
0.607031 -0.242999 0.230526 0 0 0
0.607944 -0.243398 0.230721 0 0 0
0.608997 -0.244460 0.231299 0 0 0
0.609915 -0.244871 0.231487 0 0 0
0.610957 -0.245780 0.232048 0 0 0
0.611912 -0.246132 0.232214 0 0 0
0.612873 -0.247497 0.232839 255 0 0
0.613841 -0.247846 0.233011 255 0 0
0.614853 -0.248763 0.233568 255 0 0
0.615769 -0.249178 0.233765 255 0 0
0.616778 -0.250233 0.234334 0 0 0
0.617681 -0.250638 0.234538 0 0 0
0.618557 -0.251594 0.235222 0 0 0
0.619429 -0.252557 0.235905 0 0 0
0.620333 -0.252951 0.236125 0 0 0
0.621194 -0.253915 0.236810 0 0 0
0.622048 -0.254870 0.237490 0 0 0
0.622960 -0.255271 0.237705 0 0 0
0.623917 -0.256279 0.238234 0 0 0
0.624980 -0.256760 0.238328 0 0 0
0.626013 -0.257400 0.238394 0 0 0
0.626754 -0.258332 0.238716 255 0 0
0.628010 -0.258667 0.238969 255 0 0
0.629032 -0.258879 0.238970 255 0 0
0.582974 -0.225342 0.219083 255 0 0
0.583572 -0.226193 0.219673 0 0 0
0.584393 -0.227427 0.220499 0 0 0
0.585343 -0.228382 0.221047 0 0 0
0.586615 -0.228726 0.221302 0 0 0
0.587750 -0.229067 0.221529 0 0 0
0.588642 -0.230054 0.222072 0 0 0
0.589509 -0.231093 0.222880 0 0 0
0.590479 -0.232106 0.223578 0 0 0
0.591424 -0.232591 0.223749 0 0 0
0.592505 -0.233647 0.224238 255 0 0
0.593486 -0.233934 0.224634 255 0 0
0.594541 -0.234980 0.225111 255 0 0
0.595482 -0.235470 0.225281 0 0 0
0.596462 -0.236582 0.225971 0 0 0
0.597318 -0.237547 0.226501 0 0 0
0.598457 -0.237969 0.226738 0 0 0
0.599589 -0.238387 0.226965 255 0 0
0.600445 -0.239332 0.227497 255 0 0
0.601411 -0.240428 0.228186 255 0 0
0.602323 -0.240823 0.228371 255 0 0
0.603403 -0.241879 0.228955 255 0 0
0.604306 -0.242278 0.229137 255 0 0
0.605257 -0.243389 0.229838 255 0 0
0.606074 -0.244338 0.230360 255 0 0
0.607010 -0.244677 0.230673 255 0 0
0.608108 -0.245600 0.231290 255 0 0
0.609130 -0.245939 0.231493 255 0 0
0.609950 -0.247210 0.232185 255 0 0
0.610646 -0.248274 0.232654 255 0 0
0.611837 -0.248622 0.232895 255 0 0
0.612947 -0.248993 0.233020 255 0 0
0.613954 -0.250040 0.233578 255 0 0
0.614866 -0.250450 0.233776 255 0 0
0.615870 -0.251350 0.234332 255 0 0
0.616903 -0.251695 0.234552 255 0 0
0.617737 -0.252809 0.235274 0 0 0
0.618532 -0.253785 0.235917 0 0 0
0.619428 -0.254180 0.236136 0 0 0
0.620293 -0.255140 0.236821 0 0 0
0.621138 -0.256110 0.237495 0 0 0
0.622074 -0.256618 0.237711 0 0 0
0.622937 -0.257614 0.238092 0 0 0
0.623964 -0.258042 0.238295 0 0 0
0.625322 -0.258390 0.238337 0 0 0
0.626330 -0.258535 0.238492 255 0 0
0.582320 -0.226496 0.219068 255 0 0
0.582922 -0.227545 0.219719 0 0 0
0.583818 -0.228544 0.220302 0 0 0
0.584797 -0.228857 0.220697 0 0 0
0.585890 -0.229944 0.221185 0 0 0
0.586822 -0.230440 0.221345 0 0 0
0.587812 -0.231437 0.222045 0 0 0
0.588681 -0.232479 0.222851 0 0 0
0.589562 -0.233447 0.223395 255 0 0
0.590707 -0.233867 0.223622 255 0 0
0.591853 -0.234286 0.223851 0 0 0
0.592728 -0.235252 0.224388 0 0 0
0.593714 -0.236359 0.225077 0 0 0
0.594653 -0.236841 0.225249 0 0 0
0.595713 -0.237884 0.225738 255 0 0
0.596682 -0.238175 0.226130 255 0 0
0.597717 -0.239113 0.226614 255 0 0
0.598767 -0.239527 0.226804 255 0 0
0.599685 -0.240789 0.227525 255 0 0
0.600476 -0.241752 0.228026 255 0 0
0.601408 -0.242095 0.228319 255 0 0
0.602535 -0.243146 0.228945 255 0 0
0.603446 -0.243539 0.229132 255 0 0
0.604554 -0.244479 0.229758 255 0 0
0.605585 -0.244770 0.230092 255 0 0
0.606363 -0.245852 0.230636 255 0 0
0.607061 -0.247018 0.231382 255 0 0
0.607815 -0.248079 0.231906 255 0 0
0.609056 -0.248323 0.232185 255 0 0
0.610287 -0.248578 0.232461 255 0 0
0.611170 -0.249708 0.232857 255 0 0
0.612053 -0.250230 0.233024 255 0 0
0.613059 -0.251155 0.233579 255 0 0
0.614079 -0.251499 0.233790 255 0 0
0.614871 -0.252766 0.234484 255 0 0
0.615550 -0.253816 0.234971 255 0 0
0.616569 -0.254120 0.235325 255 0 0
0.617618 -0.255018 0.235933 255 0 0
0.618521 -0.255405 0.236145 255 0 0
0.619407 -0.256490 0.236841 0 0 0
0.620157 -0.257436 0.237350 0 0 0
0.621229 -0.257685 0.237598 0 0 0
0.622533 -0.258004 0.237886 0 0 0
0.623465 -0.258864 0.238241 0 0 0
0.624100 -0.259225 0.238307 0 0 0
0.582333 -0.229072 0.219538 0 0 0
0.583047 -0.229253 0.219827 0 0 0
0.584048 -0.230217 0.220446 0 0 0
0.585074 -0.231225 0.221151 0 0 0
0.586087 -0.231545 0.221326 0 0 0
0.587059 -0.232809 0.222062 0 0 0
0.587943 -0.233787 0.222617 0 0 0
0.588913 -0.234083 0.223008 255 0 0
0.589994 -0.235139 0.223499 255 0 0
0.590929 -0.235615 0.223669 255 0 0
0.591923 -0.236728 0.224366 255 0 0
0.592788 -0.237687 0.224899 255 0 0
0.593927 -0.238101 0.225131 255 0 0
0.595068 -0.238515 0.225364 255 0 0
0.595919 -0.239465 0.225902 255 0 0
0.596714 -0.240623 0.226673 255 0 0
0.597510 -0.241697 0.227207 255 0 0
0.598766 -0.242044 0.227475 255 0 0
0.599878 -0.242354 0.227713 255 0 0
0.600738 -0.243417 0.228245 255 0 0
0.601601 -0.244482 0.228788 255 0 0
0.602515 -0.244815 0.229089 255 0 0
0.603431 -0.245799 0.229795 255 0 0
0.604300 -0.246936 0.230515 255 0 0
0.605319 -0.247259 0.230727 255 0 0
0.606419 -0.248179 0.231350 255 0 0
0.607341 -0.248512 0.231659 255 0 0
0.608105 -0.249576 0.232147 255 0 0
0.608888 -0.250766 0.232677 255 0 0
0.610061 -0.251122 0.232914 255 0 0
0.611158 -0.251487 0.233043 255 0 0
0.611992 -0.252570 0.233687 255 0 0
0.612733 -0.253625 0.234210 255 0 0
0.613964 -0.253860 0.234492 255 0 0
0.615187 -0.254104 0.234781 255 0 0
0.615920 -0.255137 0.235295 255 0 0
0.616736 -0.256251 0.235947 255 0 0
0.617631 -0.256634 0.236160 255 0 0
0.618663 -0.257698 0.236776 0 0 0
0.619601 -0.257997 0.237094 0 0 0
0.620230 -0.258458 0.237412 0 0 0
0.581930 -0.229575 0.219184 255 0 0
0.582528 -0.230297 0.219625 255 0 0
0.583323 -0.231579 0.220465 255 0 0
0.584047 -0.232633 0.221199 255 0 0
0.584908 -0.233749 0.221746 255 0 0
0.586166 -0.234090 0.221998 255 0 0
0.587286 -0.234422 0.222231 255 0 0
0.588200 -0.235498 0.222774 255 0 0
0.589109 -0.236570 0.223320 255 0 0
0.590066 -0.236997 0.223599 255 0 0
0.591181 -0.238034 0.224135 255 0 0
0.592141 -0.238318 0.224523 255 0 0
0.593204 -0.239364 0.225017 255 0 0
0.594134 -0.239840 0.225190 255 0 0
0.595111 -0.240940 0.225892 255 0 0
0.596018 -0.241883 0.226481 255 0 0
0.596984 -0.242159 0.226893 255 0 0
0.598010 -0.243188 0.227364 255 0 0
0.598946 -0.243674 0.227545 255 0 0
0.600074 -0.244733 0.228169 255 0 0
0.600997 -0.245062 0.228469 255 0 0
0.601828 -0.246003 0.229014 255 0 0
0.602662 -0.247146 0.229836 255 0 0
0.603481 -0.248063 0.230382 255 0 0
0.604389 -0.248402 0.230681 255 0 0
0.605482 -0.249453 0.231302 255 0 0
0.606420 -0.249937 0.231497 255 0 0
0.607411 -0.250940 0.231971 255 0 0
0.608374 -0.251208 0.232388 255 0 0
0.609341 -0.252203 0.232845 255 0 0
0.610278 -0.252696 0.233042 255 0 0
0.611359 -0.253721 0.233664 255 0 0
0.612268 -0.254048 0.233980 255 0 0
0.612981 -0.254974 0.234462 255 0 0
0.613821 -0.256255 0.235185 255 0 0
0.614859 -0.256697 0.235403 255 0 0
0.615750 -0.257580 0.235806 255 0 0
0.616653 -0.257893 0.236117 255 0 0
0.617861 -0.258605 0.236714 255 0 0
0.618610 -0.258837 0.236850 255 0 0
0.582617 -0.233046 0.220572 255 0 0
0.583417 -0.233859 0.221134 255 0 0
0.584414 -0.234279 0.221434 255 0 0
0.585383 -0.235349 0.221747 255 0 0
0.586362 -0.235854 0.221999 255 0 0
0.587496 -0.236897 0.222540 255 0 0
0.588456 -0.237182 0.222924 255 0 0
0.589570 -0.238231 0.223461 255 0 0
0.590522 -0.238651 0.223746 255 0 0
0.591402 -0.239615 0.224299 255 0 0
0.592386 -0.240720 0.224996 255 0 0
0.593286 -0.241103 0.225174 255 0 0
0.594442 -0.242158 0.225812 0 0 0
0.595356 -0.242491 0.226103 0 0 0
0.596240 -0.243555 0.226655 0 0 0
0.597117 -0.244619 0.227198 0 0 0
0.598064 -0.245046 0.227482 255 0 0
0.599096 -0.246068 0.227972 255 0 0
0.600009 -0.246393 0.228271 255 0 0
0.601006 -0.247477 0.229015 255 0 0
0.601891 -0.248401 0.229610 255 0 0
0.602827 -0.248671 0.230020 255 0 0
0.603716 -0.249722 0.230608 0 0 0
0.604559 -0.250745 0.231135 0 0 0
0.605663 -0.251148 0.231380 0 0 0
0.606782 -0.251538 0.231630 0 0 0
0.607604 -0.252583 0.232158 0 0 0
0.608425 -0.253631 0.232698 0 0 0
0.609330 -0.253958 0.233005 255 0 0
0.610408 -0.254979 0.233630 255 0 0
0.611298 -0.255349 0.233837 0 0 0
0.612208 -0.256481 0.234542 0 0 0
0.612942 -0.257219 0.235016 255 0 0
0.614198 -0.257449 0.235308 255 0 0
0.615358 -0.257948 0.235599 255 0 0
0.615999 -0.258555 0.235945 255 0 0
0.581966 -0.234212 0.220569 255 0 0
0.582572 -0.235217 0.220938 255 0 0
0.583608 -0.235640 0.221150 255 0 0
0.584805 -0.236127 0.221366 255 0 0
0.585805 -0.237170 0.221716 255 0 0
0.586806 -0.237613 0.222079 255 0 0
0.587683 -0.238650 0.222523 255 0 0
0.588702 -0.239657 0.223245 255 0 0
0.589556 -0.239989 0.223536 255 0 0
0.590599 -0.241092 0.224288 255 0 0
0.591468 -0.242043 0.224837 0 0 0
0.592417 -0.242472 0.225123 0 0 0
0.593466 -0.243511 0.225611 0 0 0
0.594419 -0.243929 0.225897 0 0 0
0.595503 -0.244951 0.226423 0 0 0
0.596486 -0.245304 0.226813 0 0 0
0.597475 -0.246315 0.227209 0 0 0
0.598452 -0.246664 0.227606 255 0 0
0.599352 -0.247706 0.228192 255 0 0
0.600257 -0.248745 0.228788 255 0 0
0.601208 -0.249098 0.229184 255 0 0
0.602037 -0.250108 0.229627 0 0 0
0.603070 -0.251075 0.230331 0 0 0
0.603910 -0.251481 0.230635 0 0 0
0.604899 -0.252435 0.231122 0 0 0
0.605809 -0.252949 0.231411 0 0 0
0.606855 -0.253940 0.231940 0 0 0
0.607793 -0.254206 0.232354 255 0 0
0.608634 -0.255126 0.232938 0 0 0
0.609529 -0.256233 0.233641 0 0 0
0.610412 -0.256609 0.233855 0 0 0
0.611467 -0.257491 0.234458 0 0 0
0.612341 -0.257571 0.234712 255 0 0
0.582335 -0.235851 0.220694 255 0 0
0.582951 -0.236953 0.220904 255 0 0
0.584010 -0.237463 0.221085 255 0 0
0.585191 -0.237956 0.221293 255 0 0
0.586194 -0.238993 0.221660 255 0 0
0.587109 -0.239362 0.222036 255 0 0
0.588151 -0.240259 0.222825 0 0 0
0.588931 -0.241330 0.223453 0 0 0
0.589869 -0.242371 0.224063 0 0 0
0.590816 -0.242650 0.224460 0 0 0
0.591916 -0.243681 0.224994 0 0 0
0.592867 -0.244095 0.225279 0 0 0
0.593913 -0.245130 0.225768 0 0 0
0.594859 -0.245555 0.226050 0 0 0
0.595901 -0.246576 0.226543 0 0 0
0.596842 -0.246997 0.226827 0 0 0
0.597712 -0.248049 0.227376 0 0 0
0.598621 -0.249087 0.227967 255 0 0
0.599583 -0.249440 0.228361 255 0 0
0.600561 -0.250441 0.228766 255 0 0
0.601495 -0.250886 0.229143 255 0 0
0.602546 -0.251828 0.229692 255 0 0
0.603378 -0.252238 0.229988 255 0 0
0.604406 -0.253197 0.230696 255 0 0
0.605226 -0.254184 0.231125 255 0 0
0.606188 -0.254641 0.231522 255 0 0
0.606966 -0.255644 0.231959 0 0 0
0.607808 -0.256662 0.232770 0 0 0
0.608612 -0.257375 0.233453 255 0 0
0.609620 -0.257637 0.233847 255 0 0
0.610408 -0.258320 0.234386 255 0 0
0.582603 -0.237913 0.220566 255 0 0
0.583258 -0.238765 0.220757 255 0 0
0.584400 -0.239339 0.220889 255 0 0
0.585519 -0.239704 0.221212 255 0 0
0.586431 -0.240648 0.221802 0 0 0
0.587297 -0.241779 0.222628 0 0 0
0.588217 -0.242713 0.223230 0 0 0
0.589158 -0.242999 0.223630 0 0 0
0.590097 -0.244053 0.224236 0 0 0
0.590992 -0.245106 0.224792 0 0 0
0.591899 -0.245434 0.225079 0 0 0
0.593046 -0.246497 0.225720 0 0 0
0.593939 -0.246871 0.225903 0 0 0
0.595023 -0.247935 0.226486 0 0 0
0.595953 -0.248405 0.226665 0 0 0
0.596986 -0.249420 0.227154 0 0 0
0.597951 -0.249778 0.227540 255 0 0
0.598929 -0.250776 0.227944 255 0 0
0.599918 -0.251216 0.228318 255 0 0
0.600886 -0.252209 0.228717 255 0 0
0.601855 -0.252660 0.229100 255 0 0
0.602688 -0.253643 0.229542 255 0 0
0.603708 -0.254610 0.230243 255 0 0
0.604543 -0.255030 0.230545 255 0 0
0.605570 -0.255992 0.231087 255 0 0
0.606384 -0.256328 0.231491 255 0 0
0.607429 -0.257010 0.232342 255 0 0
0.608146 -0.257646 0.233063 255 0 0
0.582126 -0.239098 0.220262 255 0 0
0.582802 -0.239601 0.220222 0 0 0
0.583825 -0.240130 0.220385 0 0 0
0.584735 -0.241140 0.220795 0 0 0
0.585652 -0.242138 0.221616 0 0 0
0.586640 -0.243032 0.222398 0 0 0
0.587527 -0.243416 0.222783 0 0 0
0.588400 -0.244431 0.223238 0 0 0
0.589460 -0.245413 0.224009 0 0 0
0.590348 -0.245788 0.224395 0 0 0
0.591200 -0.246799 0.224841 0 0 0
0.592198 -0.247795 0.225567 0 0 0
0.593071 -0.248214 0.225848 0 0 0
0.594137 -0.249235 0.226284 0 0 0
0.595192 -0.249700 0.226417 0 0 0
0.596324 -0.250130 0.226740 0 0 0
0.597295 -0.251120 0.227125 255 0 0
0.598284 -0.251555 0.227498 255 0 0
0.599263 -0.252549 0.227900 255 0 0
0.600247 -0.252985 0.228275 255 0 0
0.601219 -0.253986 0.228679 255 0 0
0.602147 -0.254442 0.229055 255 0 0
0.603179 -0.255397 0.229588 255 0 0
0.603988 -0.255784 0.229895 255 0 0
0.605131 -0.256457 0.230689 255 0 0
0.605768 -0.257084 0.231178 255 0 0
0.582641 -0.240408 0.219724 0 0 0
0.583326 -0.241471 0.219949 0 0 0
0.584154 -0.241852 0.220298 0 0 0
0.585175 -0.242862 0.221085 0 0 0
0.586001 -0.243810 0.221743 0 0 0
0.586976 -0.244773 0.222370 0 0 0
0.587841 -0.245226 0.222734 0 0 0
0.588818 -0.246184 0.223359 0 0 0
0.589783 -0.247136 0.223982 0 0 0
0.590621 -0.247499 0.224369 0 0 0
0.591669 -0.248477 0.225149 0 0 0
0.592502 -0.249473 0.225573 0 0 0
0.593624 -0.249899 0.225894 0 0 0
0.594682 -0.250364 0.226032 0 0 0
0.595727 -0.251380 0.226454 0 0 0
0.596696 -0.251878 0.226725 0 0 0
0.597636 -0.252882 0.227085 0 0 0
0.598619 -0.253329 0.227457 0 0 0
0.599590 -0.254333 0.227858 0 0 0
0.600570 -0.254814 0.228232 255 0 0
0.601492 -0.255634 0.228608 255 0 0
0.602616 -0.255934 0.229102 255 0 0
0.603399 -0.256533 0.229545 255 0 0
0.582920 -0.242320 0.219598 0 0 0
0.583493 -0.243228 0.220051 0 0 0
0.584481 -0.244285 0.220693 0 0 0
0.585348 -0.244583 0.221087 0 0 0
0.586420 -0.245567 0.221868 0 0 0
0.587289 -0.246578 0.222322 0 0 0
0.588173 -0.246952 0.222712 0 0 0
0.589206 -0.247825 0.223505 0 0 0
0.589976 -0.248876 0.224147 0 0 0
0.590894 -0.249912 0.224755 0 0 0
0.591846 -0.250268 0.225137 0 0 0
0.592810 -0.251277 0.225506 0 0 0
0.593774 -0.251775 0.225773 0 0 0
0.594834 -0.252773 0.226194 0 0 0
0.595877 -0.253248 0.226339 0 0 0
0.597000 -0.253693 0.226657 0 0 0
0.597960 -0.254697 0.227034 255 0 0
0.598903 -0.255026 0.227424 255 0 0
0.600107 -0.255722 0.227975 255 0 0
0.600884 -0.256037 0.228216 255 0 0
0.582268 -0.243628 0.219443 0 0 0
0.582897 -0.244601 0.219870 0 0 0
0.583755 -0.244906 0.220249 0 0 0
0.584719 -0.245948 0.220867 0 0 0
0.585667 -0.246997 0.221480 0 0 0
0.586598 -0.247276 0.221882 0 0 0
0.587510 -0.248194 0.222495 0 0 0
0.588360 -0.249327 0.223323 0 0 0
0.589275 -0.250232 0.223924 0 0 0
0.590221 -0.250602 0.224319 0 0 0
0.591220 -0.251596 0.224734 0 0 0
0.592208 -0.252031 0.225103 0 0 0
0.593217 -0.253021 0.225449 0 0 0
0.594286 -0.253519 0.225670 0 0 0
0.595321 -0.253936 0.225912 255 0 0
0.596372 -0.254815 0.226380 255 0 0
0.597480 -0.255168 0.226726 255 0 0
0.598219 -0.255791 0.227127 255 0 0
0.582469 -0.245382 0.219557 0 0 0
0.583031 -0.246302 0.220018 0 0 0
0.584011 -0.247336 0.220644 0 0 0
0.584960 -0.247611 0.221055 0 0 0
0.585872 -0.248537 0.221665 0 0 0
0.586733 -0.249670 0.222496 0 0 0
0.587672 -0.250571 0.223052 0 0 0
0.588562 -0.250972 0.223350 0 0 0
0.589648 -0.251926 0.223915 0 0 0
0.590566 -0.252376 0.224280 255 0 0
0.591556 -0.253380 0.224680 255 0 0
0.592662 -0.253834 0.224991 255 0 0
0.593704 -0.254300 0.225146 255 0 0
0.594579 -0.255207 0.225662 255 0 0
0.595304 -0.255773 0.226248 255 0 0
0.581827 -0.246559 0.219415 0 0 0
0.582631 -0.247400 0.219995 0 0 0
0.583377 -0.247912 0.220269 0 0 0
0.584244 -0.248987 0.220836 0 0 0
0.585044 -0.250029 0.221491 0 0 0
0.586097 -0.250895 0.222223 0 0 0
0.587061 -0.251322 0.222467 0 0 0
0.588031 -0.251751 0.222713 255 0 0
0.589095 -0.252725 0.223424 255 0 0
0.589952 -0.253742 0.223878 255 0 0
0.590881 -0.254077 0.224257 255 0 0
0.592040 -0.254778 0.224763 255 0 0
0.593026 -0.255316 0.224983 255 0 0
0.593848 -0.256052 0.225541 255 0 0
0.582801 -0.249554 0.219967 0 0 0
0.583617 -0.250329 0.220603 255 0 0
0.584463 -0.250725 0.221007 255 0 0
0.585564 -0.251680 0.221585 255 0 0
0.586448 -0.252083 0.221880 255 0 0
0.587400 -0.253144 0.222443 255 0 0
0.588331 -0.254168 0.223033 255 0 0
0.589257 -0.254438 0.223448 255 0 0
0.590120 -0.254897 0.223925 255 0 0
0.582514 -0.250200 0.219548 255 0 0
0.583060 -0.251077 0.219981 255 0 0
0.583972 -0.252032 0.220597 255 0 0
0.584839 -0.252439 0.220998 255 0 0
0.585751 -0.253352 0.221618 255 0 0
0.586917 -0.254124 0.222379 255 0 0
0.587841 -0.254543 0.222733 255 0 0
0.588597 -0.255181 0.223156 255 0 0
0.582843 -0.251885 0.219504 255 0 0
0.583431 -0.252902 0.219950 255 0 0
0.584154 -0.253712 0.220594 255 0 0
0.585013 -0.254248 0.221481 255 0 0
0.583221 -0.253568 0.219516 255 0 0
0.583716 -0.254102 0.220027 255 0 0
