# method surf_flowmatch_magnetic_DS
# columns: time_sec px py pz qx qy qz qw real_fx real_fy real_fz desired_fx desired_fy desired_fz
1776608246.807312727 0.566229761 0.312140375 0.190488428 0.042620152 0.994899511 0.082678974 0.039021090 0.254449725 2.448903799 -3.678682804 0.000000000 0.000000000 0.000000000
1776608246.812022209 0.566233158 0.312141180 0.190486908 0.042632185 0.994898200 0.082688011 0.039022975 0.258473039 2.448240042 -3.685996056 0.000000000 0.000000000 -10.000000000
1776608246.817179441 0.566235960 0.312141448 0.190485209 0.042644158 0.994896889 0.082696497 0.039024252 0.262760669 2.447160006 -3.693468809 0.000000000 0.000000000 -10.000000000
1776608246.822023630 0.566238403 0.312141955 0.190483451 0.042656183 0.994895637 0.082705095 0.039024957 0.267315596 2.445662260 -3.701102734 0.000000000 0.000000000 -10.000000000
1776608246.827207804 0.566239893 0.312142223 0.190481424 0.042668469 0.994894445 0.082713455 0.039024480 0.272139043 2.443747997 -3.708899736 0.000000000 0.000000000 -10.000000000
1776608246.831849098 0.566241264 0.312142074 0.190479159 0.042681556 0.994893193 0.082721978 0.039023552 0.277231157 2.441418409 -3.716860533 0.000000000 0.000000000 -10.000000000
1776608246.837100506 0.566277385 0.312174946 0.190497667 0.042730197 0.994885027 0.082777709 0.039060704 0.282593220 2.438672543 -3.724984646 0.000000000 0.000000000 -10.000000000
1776608246.841853380 0.566383958 0.312360257 0.190549940 0.042924937 0.994849145 0.083055079 0.039171822 0.288231313 2.435501337 -3.733269453 0.000000000 0.000000000 -10.000000000
1776608246.847130299 0.566383958 0.312360257 0.190549940 0.042924937 0.994849145 0.083055079 0.039171822 0.294158846 2.431881666 -3.741709471 0.000000000 0.000000000 -10.000000000
1776608246.852094173 0.566550910 0.312654614 0.190617293 0.043240003 0.994792104 0.083495758 0.039336689 0.300398082 2.427771807 -3.750297308 0.000000000 0.000000000 -10.000000000
1776608246.857079983 0.566550910 0.312654614 0.190617293 0.043240003 0.994792104 0.083495758 0.039336689 0.306979835 2.423105955 -3.759024620 0.000000000 0.000000000 -10.000000000
1776608246.861806393 0.566660583 0.312834859 0.190655947 0.043445788 0.994756103 0.083766423 0.039444756 0.313942224 2.417795420 -3.767882109 0.000000000 0.000000000 -10.000000000
1776608246.867081642 0.566797793 0.313024402 0.190700889 0.043675885 0.994715869 0.084059991 0.039581828 0.321328163 2.411727428 -3.776860714 0.000000000 0.000000000 -10.000000000
1776608246.871881723 0.566946387 0.313223064 0.190749079 0.043922037 0.994672716 0.084372148 0.039728563 0.329181999 2.404769659 -3.785950661 0.000000000 0.000000000 -10.000000000
1776608246.877111912 0.567082584 0.313425511 0.190791696 0.044165093 0.994629562 0.084691800 0.039858941 0.337544173 2.396772623 -3.795144558 0.000000000 0.000000000 -10.000000000
1776608246.881873131 0.567182302 0.313625991 0.190830261 0.044395294 0.994589150 0.085005842 0.039943982 0.346444875 2.387577295 -3.804436684 0.000000000 0.000000000 -10.000000000
1776608246.886898994 0.567298353 0.313838810 0.190881789 0.044610545 0.994547129 0.085335150 0.040047389 0.355898768 2.377018690 -3.813825607 0.000000000 0.000000000 -10.000000000
1776608246.891798735 0.567395449 0.314047366 0.190932214 0.044808663 0.994507372 0.085656099 0.040128652 0.365901202 2.364931822 -3.823312998 0.000000000 0.000000000 -10.000000000
1776608246.896806002 0.567464471 0.314261109 0.190981776 0.044988334 0.994469762 0.085974693 0.040178072 0.376425683 2.351154327 -3.832905293 0.000000000 0.000000000 -10.000000000
1776608246.901802778 0.567510843 0.314472884 0.191028327 0.045159627 0.994433999 0.086287819 0.040199917 0.387422532 2.335530519 -3.842612982 0.000000000 0.000000000 -10.000000000
1776608246.906806707 0.567534149 0.314686388 0.191071302 0.045331657 0.994399607 0.086596683 0.040193588 0.398818821 2.317914009 -3.852451324 0.000000000 0.000000000 -10.000000000
1776608246.911804914 0.567541242 0.314899981 0.191112936 0.045498919 0.994366467 0.086900659 0.040167678 0.410519183 2.298168659 -3.862439871 0.000000000 0.000000000 -10.000000000
1776608246.916826010 0.567532301 0.315110564 0.191150814 0.045661867 0.994334996 0.087195955 0.040122628 0.422406882 2.276170731 -3.872602940 0.000000000 0.000000000 -10.000000000
1776608246.921797991 0.567507327 0.315312356 0.191184521 0.045814991 0.994306028 0.087474197 0.040060110 0.434344888 2.251810312 -3.882968426 0.000000000 0.000000000 -10.000000000
1776608246.926818371 0.567462444 0.315515667 0.191214412 0.045957066 0.994279027 0.087743998 0.039977115 0.446176231 2.224991083 -3.893567085 0.000000000 0.000000000 -10.000000000
1776608246.931811094 0.567395508 0.315721273 0.191244572 0.046090990 0.994253814 0.088007495 0.039869759 0.457724690 2.195631742 -3.904432535 0.000000000 0.000000000 -10.000000000
1776608246.936820507 0.567329407 0.315923452 0.191274524 0.046222493 0.994229078 0.088266142 0.039763421 0.468797028 2.163665056 -3.915600538 0.000000000 0.000000000 -10.000000000
1776608246.941784382 0.567254543 0.316128343 0.191303998 0.046347983 0.994205058 0.088521697 0.039649248 0.479186833 2.129039526 -3.927107334 0.000000000 0.000000000 -10.000000000
1776608246.947136879 0.567090571 0.316566110 0.191367269 0.046579942 0.994156897 0.089044265 0.039414842 0.488679349 2.091717720 -3.938990116 0.000000000 0.000000000 -10.000000000
1776608246.952159405 0.567090571 0.316566110 0.191367269 0.046579942 0.994156897 0.089044265 0.039414842 0.497056276 2.051678658 -3.951285362 0.000000000 0.000000000 -10.000000000
1776608246.957130909 0.567006886 0.316805333 0.191404313 0.046691813 0.994131327 0.089321345 0.039299913 0.504100382 2.008915424 -3.964030504 0.000000000 0.000000000 -10.000000000
1776608246.962141991 0.566921294 0.317065507 0.191445202 0.046794273 0.994104803 0.089611389 0.039188113 0.509599328 1.963436723 -3.977262259 0.000000000 0.000000000 -10.000000000
1776608246.967086792 0.566825807 0.317367762 0.191490978 0.046870224 0.994077325 0.089923732 0.039079070 0.513348222 1.915262818 -3.991017580 0.000000000 0.000000000 -10.000000000
1776608246.972069979 0.566723466 0.317691892 0.191535622 0.046918478 0.994050562 0.090239324 0.038974542 0.515151262 1.864423990 -4.005334377 0.000000000 0.000000000 -10.000000000
1776608246.977139473 0.566618741 0.318020165 0.191579849 0.046943989 0.994025409 0.090545014 0.038876198 0.514824152 1.810958266 -4.020252705 0.000000000 0.000000000 -10.000000000
1776608246.982160091 0.566529691 0.318365425 0.191630870 0.046951201 0.993999302 0.090858139 0.038804613 0.512196124 1.754910350 -4.035817146 0.000000000 0.000000000 -10.000000000
1776608246.987092018 0.566423833 0.318747401 0.191683054 0.046927534 0.993973434 0.091184609 0.038728938 0.507111847 1.696330428 -4.052076340 0.000000000 0.000000000 -10.000000000
1776608246.992142439 0.566293955 0.319151640 0.191734970 0.046876781 0.993949354 0.091511987 0.038636863 0.499431252 1.635274172 -4.069086075 0.000000000 0.000000000 -10.000000000
1776608246.996889830 0.566162109 0.319566697 0.191791058 0.046802059 0.993926466 0.091834538 0.038551182 0.489029884 1.571800709 -4.086909771 0.000000000 0.000000000 -10.000000000
1776608247.002100945 0.566041350 0.319997817 0.191853583 0.046706136 0.993903339 0.092159644 0.038487662 0.475799412 1.505971551 -4.105618954 0.000000000 0.000000000 -10.000000000
1776608247.006831408 0.565933585 0.320444554 0.191930622 0.046595067 0.993879616 0.092489645 0.038442899 0.459648937 1.437849283 -4.125292301 0.000000000 0.000000000 -10.000000000
1776608247.011823416 0.565829456 0.320912749 0.192027688 0.046461493 0.993856370 0.092822179 0.038403552 0.440506965 1.367498398 -4.146013737 0.000000000 0.000000000 -10.000000000
1776608247.016807795 0.565694928 0.321395099 0.192131072 0.046292137 0.993837178 0.093139127 0.038338706 0.418324322 1.294985890 -4.167870998 0.000000000 0.000000000 -10.000000000
1776608247.021823168 0.565563381 0.321899414 0.192253232 0.046092290 0.993818820 0.093455322 0.038285319 0.393076986 1.220382094 -4.190952301 0.000000000 0.000000000 -10.000000000
1776608247.026814222 0.565439701 0.322421312 0.192393541 0.045867741 0.993801296 0.093769558 0.038241621 0.364768982 1.143759966 -4.215344429 0.000000000 0.000000000 -10.000000000
1776608247.032004595 0.565321863 0.322967798 0.192549229 0.045629445 0.993783236 0.094089791 0.038209971 0.333434194 1.065195322 -4.241128445 0.000000000 0.000000000 -10.000000000
1776608247.036821842 0.565203965 0.323534966 0.192715257 0.045406953 0.993762970 0.094421841 0.038182057 0.299137145 0.984765410 -4.268378258 0.000000000 0.000000000 -10.000000000
1776608247.041883945 0.565006077 0.324696034 0.193092287 0.045042541 0.993715465 0.095101781 0.038163245 0.261973143 0.902549982 -4.297158241 0.000000000 0.000000000 -10.000000000
1776608247.047082424 0.565006077 0.324696034 0.193092287 0.045042541 0.993715465 0.095101781 0.038163245 0.222067386 0.818633616 -4.327519894 0.000000000 0.000000000 -10.000000000
1776608247.051804781 0.564907491 0.325298607 0.193295777 0.044896748 0.993688941 0.095450684 0.038154822 0.179573521 0.733109355 -4.359502316 0.000000000 0.000000000 -10.000000000
1776608247.057142258 0.564748824 0.326554209 0.193758905 0.044715762 0.993625581 0.096187271 0.038167126 0.134671018 0.646082461 -4.393128872 0.000000000 0.000000000 -10.000000000
1776608247.061823368 0.564748824 0.326554209 0.193758905 0.044715762 0.993625581 0.096187271 0.038167126 0.087561466 0.557673335 -4.428408146 0.000000000 0.000000000 -10.000000000
1776608247.067157507 0.564668655 0.327212870 0.194006026 0.044635408 0.993591368 0.096575014 0.038173255 0.038464580 0.468018621 -4.465331078 0.000000000 0.000000000 -10.000000000
1776608247.071864128 0.564557433 0.327884138 0.194249213 0.044559073 0.993557930 0.096964702 0.038144577 -0.012386448 0.377272040 -4.503872395 0.000000000 0.000000000 -10.000000000
1776608247.077175617 0.564427018 0.328549862 0.194494098 0.044512331 0.993525088 0.097344823 0.038085695 -0.064750604 0.285606414 -4.543988228 0.000000000 0.000000000 -10.000000000
1776608247.082147598 0.564299524 0.329207659 0.194742560 0.044465050 0.993493199 0.097715631 0.038022656 -0.118385382 0.193216845 -4.585616589 0.000000000 0.000000000 -10.000000000
1776608247.086995363 0.564170003 0.329864442 0.194997221 0.044408038 0.993462086 0.098083764 0.037954397 -0.173052579 0.100324258 -4.628675938 0.000000000 0.000000000 -10.000000000
1776608247.092268944 0.563985050 0.330532581 0.195245922 0.044344090 0.993434370 0.098443240 0.037825137 -0.228523508 0.007178473 -4.673061848 0.000000000 0.000000000 -10.000000000
1776608247.096819878 0.563728750 0.331201255 0.195482552 0.044260625 0.993412018 0.098785192 0.037617698 -0.284584105 -0.085941210 -4.718648434 0.000000000 0.000000000 -10.000000000
1776608247.101864338 0.563141406 0.332478195 0.195965528 0.044023231 0.993379295 0.099415220 0.037096761 -0.341039538 -0.178727284 -4.765287876 0.000000000 0.000000000 -10.000000000
1776608247.107900143 0.563141406 0.332478195 0.195965528 0.044023231 0.993379295 0.099415220 0.037096761 -0.397716552 -0.270845830 -4.812810898 0.000000000 0.000000000 -10.000000000
1776608247.111944437 0.562485874 0.333649129 0.196432173 0.043830872 0.993356407 0.099963002 0.036459845 -0.454463691 -0.361938357 -4.861027241 0.000000000 0.000000000 -10.000000000
1776608247.116817236 0.562485874 0.333649129 0.196432173 0.043830872 0.993356407 0.099963002 0.036459845 -0.511149704 -0.451624006 -4.909727573 0.000000000 0.000000000 -10.000000000
1776608247.121917725 0.562095106 0.334216803 0.196647286 0.043701243 0.993350863 0.100215837 0.036069296 -0.567660928 -0.539502442 -4.958682537 0.000000000 0.000000000 -10.000000000
1776608247.126927853 0.561691821 0.334765404 0.196860552 0.043575224 0.993346751 0.100458652 0.035658132 -0.623897552 -0.625157356 -5.007646561 0.000000000 0.000000000 -10.000000000
1776608247.131829739 0.561302900 0.335297227 0.197075486 0.043481372 0.993340969 0.100698471 0.035254404 -0.679770112 -0.708160818 -5.056358337 0.000000000 0.000000000 -10.000000000
1776608247.136813164 0.560916543 0.335790038 0.197280556 0.043417957 0.993335605 0.100922674 0.034840055 -0.735195816 -0.788078189 -5.104545116 0.000000000 0.000000000 -10.000000000
1776608247.142003059 0.560157120 0.336699605 0.197667032 0.043275528 0.993327796 0.101342969 0.034010727 -0.790094972 -0.864473581 -5.151922226 0.000000000 0.000000000 -10.000000000
1776608247.146831274 0.559780121 0.337130308 0.197851121 0.043203652 0.993324399 0.101545170 0.033594932 -0.844386518 -0.936915219 -5.198199272 0.000000000 0.000000000 -10.000000000
1776608247.151832342 0.559780121 0.337130308 0.197851121 0.043203652 0.993324399 0.101545170 0.033594932 -0.897983611 -1.004979491 -5.243078232 0.000000000 0.000000000 -10.000000000
1776608247.156862974 0.559404671 0.337528974 0.198022604 0.043170720 0.993320763 0.101733722 0.033172078 -0.950789690 -1.068255544 -5.286258698 0.000000000 0.000000000 -10.000000000
1776608247.161907673 0.559042752 0.337906390 0.198179841 0.043157086 0.993316174 0.101916648 0.032762550 -1.002696395 -1.126348972 -5.327441692 0.000000000 0.000000000 -10.000000000
1776608247.166870594 0.558703303 0.338247269 0.198330909 0.043151285 0.993312001 0.102085017 0.032371454 -1.053582668 -1.178885818 -5.366330624 0.000000000 0.000000000 -10.000000000
1776608247.171933651 0.558379292 0.338548005 0.198470622 0.043147538 0.993309557 0.102229811 0.031991735 -1.103314519 -1.225514412 -5.402635098 0.000000000 0.000000000 -10.000000000
1776608247.176865578 0.558090508 0.338818431 0.198606312 0.043139048 0.993307233 0.102363184 0.031647354 -1.151744962 -1.265909553 -5.436072350 0.000000000 0.000000000 -10.000000000
1776608247.181825399 0.557833731 0.339070410 0.198739648 0.043128323 0.993304133 0.102493107 0.031337023 -1.198713779 -1.299774885 -5.466369629 0.000000000 0.000000000 -10.000000000
1776608247.186823845 0.557589293 0.339285225 0.198858261 0.043138299 0.993301928 0.102602825 0.031033041 -1.244049430 -1.326846957 -5.493266582 0.000000000 0.000000000 -10.000000000
1776608247.191843510 0.557357788 0.339454204 0.198962271 0.043174740 0.993300974 0.102686867 0.030732308 -1.287572145 -1.346896291 -5.516516685 0.000000000 0.000000000 -10.000000000
1776608247.196905851 0.557048619 0.339682490 0.199153721 0.043300796 0.993295133 0.102826394 0.030275539 -1.329096913 -1.359730124 -5.535888672 0.000000000 0.000000000 -10.000000000
1776608247.201839685 0.557048619 0.339682490 0.199153721 0.043300796 0.993295133 0.102826394 0.030275539 -1.368435979 -1.365193009 -5.551169395 0.000000000 0.000000000 -10.000000000
1776608247.206879616 0.556945205 0.339739114 0.199236602 0.043377217 0.993292511 0.102872901 0.030092364 -1.405401587 -1.363168716 -5.562165737 0.000000000 0.000000000 -10.000000000
1776608247.211802006 0.556804061 0.339752704 0.199369013 0.043531373 0.993290842 0.102912456 0.029788686 -1.439808607 -1.353580356 -5.568704128 0.000000000 0.000000000 -10.000000000
1776608247.216797113 0.556804061 0.339752704 0.199369013 0.043531373 0.993290842 0.102912456 0.029788686 -1.471476793 -1.336391807 -5.570634365 0.000000000 0.000000000 -10.000000000
1776608247.221879959 0.556770265 0.339713156 0.199424565 0.043613035 0.993291378 0.102906488 0.029671637 -1.500235796 -1.311607003 -5.567828655 0.000000000 0.000000000 -10.000000000
1776608247.226811647 0.556769550 0.339629471 0.199467778 0.043710943 0.993292570 0.102878682 0.029583385 -1.525927782 -1.279270172 -5.560183048 0.000000000 0.000000000 -10.000000000
1776608247.231866837 0.556867242 0.339342207 0.199532449 0.043986876 0.993294358 0.102771506 0.029487340 -1.548410535 -1.239463091 -5.547616482 0.000000000 0.000000000 -10.000000000
1776608247.236823320 0.556867242 0.339342207 0.199532449 0.043986876 0.993294358 0.102771506 0.029487340 -1.567559123 -1.192303300 -5.530072212 0.000000000 0.000000000 -10.000000000
1776608247.241800547 0.556948185 0.339145958 0.199554533 0.044167839 0.993294716 0.102698281 0.029459212 -1.583266616 -1.137940526 -5.507514954 0.000000000 0.000000000 -10.000000000
1776608247.246809483 0.557044744 0.338918954 0.199570507 0.044376221 0.993294716 0.102614567 0.029438797 -1.595443964 -1.076554418 -5.479932308 0.000000000 0.000000000 -10.000000000
1776608247.251804113 0.557141244 0.338669449 0.199579358 0.044601887 0.993295193 0.102519974 0.029411510 -1.604021430 -1.008352518 -5.447332859 0.000000000 0.000000000 -10.000000000
1776608247.257184505 0.557249784 0.338390350 0.199582964 0.044848595 0.993295908 0.102411747 0.029388659 -1.608949065 -0.933568776 -5.409744740 0.000000000 0.000000000 -10.000000000
1776608247.261943102 0.557371318 0.338081360 0.199582458 0.045116711 0.993296862 0.102290072 0.029370023 -1.610197425 -0.852463186 -5.367217064 0.000000000 0.000000000 -10.000000000
1776608247.267153978 0.557508111 0.337739795 0.199577898 0.045406111 0.993298233 0.102151871 0.029357204 -1.607757211 -0.765320301 -5.319817066 0.000000000 0.000000000 -10.000000000
1776608247.272070408 0.557649314 0.337380648 0.199569285 0.045709666 0.993299842 0.102005430 0.029341368 -1.601639748 -0.672448218 -5.267628193 0.000000000 0.000000000 -10.000000000
1776608247.276970148 0.557792366 0.337005377 0.199554622 0.046032563 0.993301034 0.101854980 0.029318575 -1.591875434 -0.574176967 -5.210751534 0.000000000 0.000000000 -10.000000000
1776608247.281858683 0.557946682 0.336610556 0.199536890 0.046375208 0.993301630 0.101699471 0.029298982 -1.578512907 -0.470857203 -5.149301529 0.000000000 0.000000000 -10.000000000
1776608247.286859274 0.558109343 0.336205602 0.199517399 0.046729572 0.993301570 0.101542026 0.029283410 -1.561618924 -0.362859547 -5.083404541 0.000000000 0.000000000 -10.000000000
1776608247.291980743 0.558286786 0.335760057 0.199491501 0.047108214 0.993302345 0.101363309 0.029269975 -1.541278362 -0.250573874 -5.013198853 0.000000000 0.000000000 -10.000000000
1776608247.296806335 0.558482349 0.335274547 0.199459702 0.047509197 0.993303895 0.101162508 0.029264113 -1.517593741 -0.134407803 -4.938834190 0.000000000 0.000000000 -10.000000000
1776608247.302127600 0.558698952 0.334764630 0.199428976 0.047922399 0.993305445 0.100949168 0.029274721 -1.490685225 -0.014784443 -4.860466957 0.000000000 0.000000000 -10.000000000
1776608247.306828976 0.558935940 0.334235847 0.199402004 0.048349813 0.993306398 0.100727923 0.029300634 -1.460689425 0.107859783 -4.778263092 0.000000000 0.000000000 -10.000000000
1776608247.312238932 0.559175253 0.333690286 0.199373394 0.048781257 0.993308485 0.100492477 0.029324004 -1.427758574 0.233076841 -4.692394257 0.000000000 0.000000000 -10.000000000
1776608247.316903353 0.559664547 0.332567453 0.199269563 0.049644604 0.993316710 0.099977262 0.029357236 -1.392060041 0.360408306 -4.603036880 0.000000000 0.000000000 -10.000000000
1776608247.322126627 0.559664547 0.332567453 0.199269563 0.049644604 0.993316710 0.099977262 0.029357236 -1.353774548 0.489386320 -4.510374546 0.000000000 0.000000000 -10.000000000
1776608247.327085972 0.560172260 0.331396043 0.199003756 0.050519876 0.993335962 0.099364914 0.029292358 -1.313095212 0.619535029 -4.414597988 0.000000000 0.000000000 -10.000000000
1776608247.331964970 0.560172260 0.331396043 0.199003756 0.050519876 0.993335962 0.099364914 0.029292358 -1.270226359 0.750372529 -4.315909863 0.000000000 0.000000000 -10.000000000
1776608247.337106943 0.560462773 0.330808491 0.198882878 0.050956309 0.993345499 0.099051647 0.029273259 -1.225380301 0.881412804 -4.214528084 0.000000000 0.000000000 -10.000000000
1776608247.342165232 0.560804605 0.330226004 0.198785156 0.051398840 0.993352354 0.098748282 0.029292479 -1.178774714 1.012167335 -4.110686302 0.000000000 0.000000000 -10.000000000
1776608247.346839666 0.561599553 0.329077840 0.198591560 0.052280735 0.993363023 0.098144025 0.029399879 -1.130629301 1.142147303 -4.004633904 0.000000000 0.000000000 -10.000000000
1776608247.351827860 0.561599553 0.329077840 0.198591560 0.052280735 0.993363023 0.098144025 0.029399879 -1.081163287 1.270864606 -3.896635294 0.000000000 0.000000000 -10.000000000
1776608247.356845617 0.561991632 0.328496158 0.198435754 0.052721918 0.993371964 0.097813576 0.029410787 -1.030594826 1.397835135 -3.786965370 0.000000000 0.000000000 -10.000000000
1776608247.362193346 0.562386453 0.327916801 0.198240727 0.053163890 0.993382454 0.097470507 0.029400069 -0.979139745 1.522580147 -3.675908566 0.000000000 0.000000000 -10.000000000
1776608247.367142200 0.562811315 0.327356488 0.198041141 0.053602073 0.993391216 0.097138390 0.029408636 -0.927010000 1.644629478 -3.563758850 0.000000000 0.000000000 -10.000000000
1776608247.371871948 0.563271523 0.326818198 0.197865069 0.054037821 0.993396699 0.096827641 0.029450288 -0.874410093 1.763524055 -3.450815678 0.000000000 0.000000000 -10.000000000
1776608247.376975536 0.563758850 0.326305598 0.197700381 0.054465074 0.993399918 0.096535459 0.029514041 -0.821533322 1.878819942 -3.337383032 0.000000000 0.000000000 -10.000000000
1776608247.381866217 0.564226866 0.325813919 0.197529614 0.054877605 0.993404150 0.096246041 0.029552227 -0.768559158 1.990092039 -3.223764658 0.000000000 0.000000000 -10.000000000
1776608247.387007236 0.564718902 0.325341016 0.197355121 0.055285383 0.993407130 0.095966786 0.029600916 -0.715652645 2.096937180 -3.110262871 0.000000000 0.000000000 -10.000000000
1776608247.391921043 0.565261483 0.324878842 0.197158843 0.055698399 0.993407726 0.095695689 0.029683743 -0.662965834 2.198976278 -2.997174740 0.000000000 0.000000000 -10.000000000
1776608247.396847248 0.565882146 0.324429333 0.196962595 0.056124371 0.993403375 0.095445596 0.029831972 -0.610638201 2.295855522 -2.884789944 0.000000000 0.000000000 -10.000000000
1776608247.402207613 0.566520154 0.323980033 0.196744323 0.056559015 0.993398488 0.095193490 0.029979004 -0.558796644 2.387250185 -2.773388147 0.000000000 0.000000000 -10.000000000
1776608247.406998634 0.567175269 0.323536098 0.196521312 0.056993023 0.993393064 0.094941951 0.030132769 -0.507556200 2.472866297 -2.663238287 0.000000000 0.000000000 -10.000000000
1776608247.412090302 0.567869186 0.323117167 0.196308702 0.057424884 0.993384361 0.094713129 0.030320665 -0.457022309 2.552447081 -2.554597378 0.000000000 0.000000000 -10.000000000
1776608247.416802883 0.569292426 0.322348386 0.195915252 0.058252368 0.993364751 0.094286323 0.030711921 -0.407293469 2.625773907 -2.447711468 0.000000000 0.000000000 -10.000000000
1776608247.422151089 0.569292426 0.322348386 0.195915252 0.058252368 0.993364751 0.094286323 0.030711921 -0.358465284 2.692671537 -2.342816114 0.000000000 0.000000000 -10.000000000
1776608247.427096367 0.570015371 0.321980745 0.195712656 0.058654342 0.993355036 0.094075061 0.030909039 -0.310634196 2.753007174 -2.240135193 0.000000000 0.000000000 -10.000000000
1776608247.432250261 0.570700765 0.321611822 0.195482790 0.059045572 0.993349493 0.093842104 0.031050021 -0.263900518 2.806691647 -2.139882088 0.000000000 0.000000000 -10.000000000
1776608247.436921597 0.571368575 0.321252108 0.195247382 0.059422161 0.993345916 0.093602791 0.031167934 -0.218369290 2.853680372 -2.042259932 0.000000000 0.000000000 -10.000000000
1776608247.442109108 0.572025657 0.320913017 0.195004940 0.059787050 0.993342936 0.093368970 0.031266335 -0.174149513 2.893971920 -1.947463393 0.000000000 0.000000000 -10.000000000
1776608247.446970463 0.573248923 0.320275724 0.194516897 0.060458694 0.993344188 0.092887513 0.031367678 -0.131352112 2.927609921 -1.855682254 0.000000000 0.000000000 -10.000000000
1776608247.451852798 0.573829651 0.319957614 0.194267452 0.060779773 0.993348241 0.092630833 0.031378243 -0.090087369 2.954681158 -1.767102361 0.000000000 0.000000000 -10.000000000
1776608247.456838369 0.573829651 0.319957614 0.194267452 0.060779773 0.993348241 0.092630833 0.031378243 -0.050461244 2.975314140 -1.681908607 0.000000000 0.000000000 -10.000000000
1776608247.461846828 0.574422657 0.319661945 0.194030583 0.061092861 0.993350923 0.092389151 0.031398475 -0.012571101 2.989675283 -1.600286722 0.000000000 0.000000000 -10.000000000
1776608247.467136860 0.575007379 0.319377929 0.193791240 0.061394896 0.993354321 0.092148453 0.031408451 0.023497935 2.997966528 -1.522426009 0.000000000 0.000000000 -10.000000000
1776608247.471906424 0.576190352 0.318881273 0.193340391 0.061964381 0.993359029 0.091706268 0.031436481 0.057675634 3.000421524 -1.448522091 0.000000000 0.000000000 -10.000000000
1776608247.477207661 0.576190352 0.318881273 0.193340391 0.061964381 0.993359029 0.091706268 0.031436481 0.089908846 2.997302055 -1.378781080 0.000000000 0.000000000 -10.000000000
1776608247.481903553 0.577436566 0.318487734 0.192905992 0.062484533 0.993358433 0.091327332 0.031528097 0.120163508 2.988895655 -1.313420653 0.000000000 0.000000000 -10.000000000
1776608247.487087250 0.577436566 0.318487734 0.192905992 0.062484533 0.993358433 0.091327332 0.031528097 0.148426622 2.975509167 -1.252672911 0.000000000 0.000000000 -10.000000000
1776608247.492188215 0.578066826 0.318317980 0.192690820 0.062732190 0.993357182 0.091153391 0.031579565 0.174707979 2.957465410 -1.196784854 0.000000000 0.000000000 -10.000000000
1776608247.497139454 0.578665614 0.318137407 0.192447901 0.062978573 0.993358850 0.090960510 0.031592414 0.199040949 2.935096025 -1.146020055 0.000000000 0.000000000 -10.000000000
1776608247.502128363 0.579853952 0.317787290 0.191949338 0.063457936 0.993363917 0.090568520 0.031600267 0.221481904 2.908737183 -1.100661397 0.000000000 0.000000000 -10.000000000
1776608247.507619619 0.579853952 0.317787290 0.191949338 0.063457936 0.993363917 0.090568520 0.031600267 0.242107898 2.878727198 -1.061013460 0.000000000 0.000000000 -10.000000000
1776608247.511865377 0.580928862 0.317430645 0.191421449 0.063919939 0.993377566 0.090138577 0.031468093 0.261013448 2.845405817 -1.027404904 0.000000000 0.000000000 -10.000000000
1776608247.516877651 0.580928862 0.317430645 0.191421449 0.063919939 0.993377566 0.090138577 0.031468093 0.278307974 2.809113503 -1.000191331 0.000000000 0.000000000 -10.000000000
1776608247.521918535 0.581419110 0.317267835 0.191170245 0.064133517 0.993387163 0.089921832 0.031350855 0.294113606 2.770189762 -0.979756713 0.000000000 0.000000000 -10.000000000
1776608247.526812077 0.581827283 0.317098439 0.190894723 0.064338595 0.993402421 0.089679971 0.031138977 0.308561534 2.728972673 -0.966516554 0.000000000 0.000000000 -10.000000000
1776608247.532185793 0.582140863 0.316938132 0.190606207 0.064534009 0.993422687 0.089426510 0.030816894 0.321787506 2.685798407 -0.960920751 0.000000000 0.000000000 -10.000000000
1776608247.536872625 0.582446933 0.316818655 0.190353483 0.064727738 0.993440151 0.089208163 0.030476771 0.333928794 2.640999317 -0.963455200 0.000000000 0.000000000 -10.000000000
1776608247.542116642 0.582710266 0.316736788 0.190130770 0.064922474 0.993455946 0.089023411 0.030086359 0.345123529 2.594903231 -0.974642515 0.000000000 0.000000000 -10.000000000
1776608247.546822071 0.582915902 0.316678613 0.189916342 0.065125905 0.993471205 0.088859059 0.029624786 0.355510235 2.547831059 -0.995041311 0.000000000 0.000000000 -10.000000000
1776608247.551815271 0.583016694 0.316636354 0.189687222 0.065335564 0.993488967 0.088699728 0.029040445 0.365227312 2.500095606 -1.025243998 0.000000000 0.000000000 -10.000000000
1776608247.557190418 0.583071589 0.316616148 0.189451844 0.065558173 0.993505239 0.088561967 0.028394319 0.374413013 2.452002048 -1.065871596 0.000000000 0.000000000 -10.000000000
1776608247.562170982 0.583116055 0.316630661 0.189237624 0.065795764 0.993516862 0.088466480 0.027727501 0.383205801 2.403848648 -1.117566586 0.000000000 0.000000000 -10.000000000
1776608247.566847563 0.583151281 0.316675961 0.189019084 0.066047050 0.993524194 0.088407651 0.027047137 0.391745716 2.355926037 -1.180984378 0.000000000 0.000000000 -10.000000000
1776608247.571813345 0.583165228 0.316716373 0.188779861 0.066312931 0.993530452 0.088351205 0.026341349 0.400175780 2.308516264 -1.256783605 0.000000000 0.000000000 -10.000000000
1776608247.576994419 0.583155811 0.316764206 0.188542604 0.066584729 0.993535399 0.088305235 0.025613595 0.408643275 2.261892080 -1.345613003 0.000000000 0.000000000 -10.000000000
1776608247.581888914 0.583160341 0.316827714 0.188324064 0.066853404 0.993537843 0.088276632 0.024906967 0.417299837 2.216313839 -1.448095441 0.000000000 0.000000000 -10.000000000
1776608247.586978436 0.583170950 0.316901565 0.188112110 0.067128651 0.993537366 0.088266298 0.024213376 0.426301509 2.172028542 -1.564811349 0.000000000 0.000000000 -10.000000000
1776608247.591955662 0.583229303 0.316995412 0.187918872 0.067401506 0.993532419 0.088284440 0.023585482 0.435807556 2.129269838 -1.696283221 0.000000000 0.000000000 -10.000000000
1776608247.596893072 0.583308339 0.317084342 0.187739789 0.067675479 0.993525922 0.088305376 0.022987660 0.445977420 2.088257790 -1.842957854 0.000000000 0.000000000 -10.000000000
1776608247.601855755 0.583398402 0.317175418 0.187540859 0.067960195 0.993516624 0.088339590 0.022409612 0.456966937 2.049201965 -2.005190849 0.000000000 0.000000000 -10.000000000
1776608247.606820107 0.583497047 0.317251056 0.187334299 0.068248391 0.993506908 0.088366762 0.021852922 0.468925387 2.012304544 -2.183235884 0.000000000 0.000000000 -10.000000000
1776608247.611890793 0.583577573 0.317305714 0.187109292 0.068543352 0.993497550 0.088381134 0.021287933 0.481993973 1.977762461 -2.377239704 0.000000000 0.000000000 -10.000000000
1776608247.616970301 0.583633661 0.317333579 0.186875015 0.068835594 0.993490756 0.088368922 0.020704450 0.496303380 1.945769191 -2.587240219 0.000000000 0.000000000 -10.000000000
1776608247.621995926 0.583718538 0.317346454 0.186656684 0.069136113 0.993481755 0.088360004 0.020165719 0.511970997 1.916517973 -2.813169956 0.000000000 0.000000000 -10.000000000
1776608247.627131224 0.583798110 0.317325860 0.186423957 0.069443643 0.993474245 0.088325612 0.019624332 0.529098213 1.890203118 -3.054862022 0.000000000 0.000000000 -10.000000000
1776608247.631865978 0.583863020 0.317276299 0.186174303 0.069763958 0.993467152 0.088273600 0.019073214 0.547768414 1.867020726 -3.312060595 0.000000000 0.000000000 -10.000000000
1776608247.637125969 0.583898783 0.317206115 0.185910881 0.070086129 0.993461788 0.088201925 0.018495532 0.568045199 1.847171903 -3.584430456 0.000000000 0.000000000 -10.000000000
1776608247.642063379 0.583931506 0.317119837 0.185647607 0.070418790 0.993455589 0.088125683 0.017917668 0.589970469 1.830867171 -3.871566057 0.000000000 0.000000000 -10.000000000
1776608247.646825314 0.583981395 0.317019105 0.185406655 0.070772968 0.993445992 0.088060953 0.017363422 0.613563478 1.818327904 -4.173004627 0.000000000 0.000000000 -10.000000000
1776608247.652167320 0.584027350 0.316883266 0.185155183 0.071149774 0.993435919 0.087980509 0.016798671 0.638821006 1.809786797 -4.488244057 0.000000000 0.000000000 -10.000000000
1776608247.656815290 0.584085345 0.316701651 0.184932530 0.071572423 0.993421197 0.087910540 0.016232211 0.665717125 1.805488467 -4.816759586 0.000000000 0.000000000 -10.000000000
1776608247.662151098 0.584158540 0.316493005 0.184722722 0.072035305 0.993401349 0.087860443 0.015660416 0.694203556 1.805691838 -5.158016205 0.000000000 0.000000000 -10.000000000
1776608247.667326450 0.584288061 0.316113740 0.184388161 0.073010750 0.993346214 0.087877989 0.014498906 0.724211037 1.810670257 -5.511479378 0.000000000 0.000000000 -10.000000000
1776608247.671974659 0.584321976 0.315924764 0.184257179 0.073524140 0.993312538 0.087929696 0.013882350 0.755650520 1.820710778 -5.876627445 0.000000000 0.000000000 -10.000000000
1776608247.676813126 0.584321976 0.315924764 0.184257179 0.073524140 0.993312538 0.087929696 0.013882350 0.788415313 1.836112022 -6.252955437 0.000000000 0.000000000 -10.000000000
1776608247.682170391 0.584341526 0.315712601 0.184143603 0.074060380 0.993276060 0.087990530 0.013241524 0.822382689 1.857182145 -6.639979362 0.000000000 0.000000000 -10.000000000
1776608247.686857224 0.584272087 0.315284312 0.183954239 0.075168088 0.993194520 0.088168763 0.011858179 0.857415497 1.884235263 -7.037235737 0.000000000 0.000000000 -10.000000000
1776608247.692143440 0.584272087 0.315284312 0.183954239 0.075168088 0.993194520 0.088168763 0.011858179 0.893363893 1.917588711 -7.444276333 0.000000000 0.000000000 -10.000000000
1776608247.696850300 0.584167600 0.314808071 0.183843553 0.076343581 0.993098140 0.088422745 0.010450091 0.930065036 1.957557082 -7.860658646 0.000000000 0.000000000 -10.000000000
1776608247.702013969 0.584167600 0.314808071 0.183843553 0.076343581 0.993098140 0.088422745 0.010450091 0.967342556 2.004445791 -8.285934448 0.000000000 0.000000000 -10.000000000
1776608247.707181692 0.584072053 0.314221710 0.183791459 0.077578686 0.992992461 0.088685237 0.009079411 1.005005598 2.058544636 -8.719635010 0.000000000 0.000000000 -10.000000000
1776608247.712330341 0.584072053 0.314221710 0.183791459 0.077578686 0.992992461 0.088685237 0.009079411 1.042848110 2.120121002 -9.161259651 0.000000000 0.000000000 -10.000000000
1776608247.717117310 0.583999693 0.313477159 0.183747500 0.078901373 0.992877245 0.088934459 0.007743240 1.080650210 2.189414740 -9.610257149 0.000000000 0.000000000 -10.000000000
1776608247.722079039 0.583946049 0.313094556 0.183709949 0.079561383 0.992818177 0.089062206 0.007066010 1.118179679 2.266630411 -10.066020012 0.000000000 0.000000000 -10.000000000
1776608247.727084160 0.583872974 0.312694579 0.183659345 0.080212682 0.992760181 0.089176476 0.006378744 1.155196190 2.351928234 -10.527861595 0.000000000 0.000000000 -10.000000000
1776608247.732089758 0.583872974 0.312694579 0.183659345 0.080212682 0.992760181 0.089176476 0.006378744 1.191453218 2.445414782 -10.995017052 0.000000000 0.000000000 -10.000000000
1776608247.736815691 0.583668053 0.311853856 0.183529794 0.081491046 0.992646813 0.089368641 0.004975314 1.226696372 2.547143459 -11.466637611 0.000000000 0.000000000 -10.000000000
1776608247.742160797 0.583668053 0.311853856 0.183529794 0.081491046 0.992646813 0.089368641 0.004975314 1.260663152 2.657111406 -11.941791534 0.000000000 0.000000000 -10.000000000
1776608247.746931791 0.583471239 0.310959339 0.183353782 0.082798839 0.992526591 0.089567930 0.003598011 1.293085098 2.775257111 -12.419464111 0.000000000 0.000000000 -10.000000000
1776608247.752083063 0.583471239 0.310959339 0.183353782 0.082798839 0.992526591 0.089567930 0.003598011 1.323692203 2.901454926 -12.898564339 0.000000000 0.000000000 -10.000000000
1776608247.756985426 0.583307862 0.309975803 0.183184028 0.084176943 0.992393732 0.089798309 0.002276436 1.352218270 3.035511494 -13.377929688 0.000000000 0.000000000 -10.000000000
1776608247.762098074 0.583307862 0.309975803 0.183184028 0.084176943 0.992393732 0.089798309 0.002276436 1.378403664 3.177161455 -13.856332779 0.000000000 0.000000000 -10.000000000
1776608247.766835690 0.583254576 0.309459329 0.183092058 0.084901594 0.992320538 0.089938760 0.001647765 1.402001262 3.326066732 -14.332490921 0.000000000 0.000000000 -10.000000000
1776608247.771957636 0.583184481 0.308939010 0.182986438 0.085629754 0.992245376 0.090087041 0.001006822 1.422781348 3.481813431 -14.805073738 0.000000000 0.000000000 -10.000000000
1776608247.776880264 0.583131850 0.308443606 0.182889044 0.086363710 0.992164850 0.090277947 0.000395037 1.440537453 3.643913984 -15.272719383 0.000000000 0.000000000 -10.000000000
1776608247.781948328 0.583084047 0.307977080 0.182801306 0.087046914 0.992084205 0.090508401 -0.000191753 1.455092072 3.811808348 -15.734044075 0.000000000 0.000000000 -10.000000000
1776608247.786811829 0.583064497 0.307536960 0.182735771 0.087679498 0.992002547 0.090789594 -0.000728343 1.466301799 3.984868050 -16.187658310 0.000000000 0.000000000 -10.000000000
1776608247.791859865 0.583058119 0.307095438 0.182681412 0.088230826 0.991924703 0.091099620 -0.001231778 1.474061489 4.162400246 -16.632171631 0.000000000 0.000000000 -10.000000000
1776608247.796830654 0.583077192 0.306666851 0.182638824 0.088668734 0.991852701 0.091450699 -0.001688925 1.478307962 4.343656063 -17.066213608 0.000000000 0.000000000 -10.000000000
1776608247.801824093 0.583115220 0.306244761 0.182604402 0.089027435 0.991784096 0.091836214 -0.002117108 1.479021668 4.527837753 -17.488435745 0.000000000 0.000000000 -10.000000000
1776608247.806823730 0.583162844 0.305851728 0.182574183 0.089291923 0.991719544 0.092265785 -0.002522033 1.476226568 4.714107513 -17.897521973 0.000000000 0.000000000 -10.000000000
1776608247.812463284 0.583201885 0.305467039 0.182538778 0.089506038 0.991656840 0.092718810 -0.002927243 1.469988585 4.901597023 -18.292205811 0.000000000 0.000000000 -10.000000000
1776608247.816872835 0.583283424 0.304709584 0.182501167 0.089817837 0.991535068 0.093687207 -0.003704774 1.460413098 5.089415550 -18.671264648 0.000000000 0.000000000 -10.000000000
1776608247.821901321 0.583283424 0.304709584 0.182501167 0.089817837 0.991535068 0.093687207 -0.003704774 1.447641373 5.276661873 -19.033546448 0.000000000 0.000000000 -10.000000000
1776608247.826921225 0.583296537 0.304358125 0.182492346 0.089954391 0.991471529 0.094209604 -0.004112113 1.431845665 5.462434769 -19.377956390 0.000000000 0.000000000 -10.000000000
1776608247.831852436 0.583290696 0.304030120 0.182481796 0.090097591 0.991404414 0.094758593 -0.004534916 1.413223386 5.645843029 -19.703481674 0.000000000 0.000000000 -10.000000000
1776608247.836816788 0.583269894 0.303710163 0.182459056 0.090262383 0.991333604 0.095318720 -0.004973292 1.391990185 5.826016903 -20.009183884 0.000000000 0.000000000 -10.000000000
1776608247.841842890 0.583231270 0.303384274 0.182426333 0.090461776 0.991259098 0.095877759 -0.005435183 1.368373394 6.002119064 -20.294216156 0.000000000 0.000000000 -10.000000000
1776608247.847091913 0.583139241 0.303054035 0.182380199 0.090695001 0.991181254 0.096429370 -0.005959697 1.342605233 6.173352718 -20.557815552 0.000000000 0.000000000 -10.000000000
1776608247.851990700 0.583040714 0.302718282 0.182334125 0.090968005 0.991099298 0.096978277 -0.006494542 1.314916730 6.338972092 -20.799325943 0.000000000 0.000000000 -10.000000000
1776608247.856811285 0.582933664 0.302383184 0.182290763 0.091282211 0.991011977 0.097535305 -0.007046832 1.285532236 6.498289585 -21.018184662 0.000000000 0.000000000 -10.000000000
1776608247.861830711 0.582799852 0.302032292 0.182237178 0.091615133 0.990924180 0.098069735 -0.007630341 1.254664898 6.650680542 -21.213939667 0.000000000 0.000000000 -10.000000000
1776608247.866829157 0.582640588 0.301670313 0.182171375 0.091976747 0.990833879 0.098592646 -0.008243886 1.222511649 6.795589924 -21.386251450 0.000000000 0.000000000 -10.000000000
1776608247.871813536 0.582461119 0.301297277 0.182099640 0.092352010 0.990743160 0.099097274 -0.008880080 1.189249277 6.932532310 -21.534891129 0.000000000 0.000000000 -10.000000000
1776608247.877096891 0.582278371 0.300931871 0.182023555 0.092725284 0.990652263 0.099597387 -0.009513301 1.155030608 7.061098099 -21.659746170 0.000000000 0.000000000 -10.000000000
1776608247.881851435 0.582051158 0.300565809 0.181933403 0.093079843 0.990564167 0.100074872 -0.010188160 1.119983077 7.180954456 -21.760820389 0.000000000 0.000000000 -10.000000000
1776608247.886799574 0.581789613 0.300189555 0.181837738 0.093418658 0.990479469 0.100522101 -0.010893343 1.084208727 7.291844368 -21.838235855 0.000000000 0.000000000 -10.000000000
1776608247.891890287 0.581521988 0.299821496 0.181740582 0.093748435 0.990394533 0.100972153 -0.011600875 1.047784686 7.393587112 -21.892230988 0.000000000 0.000000000 -10.000000000
1776608247.896902800 0.581249177 0.299445570 0.181639731 0.094054863 0.990312159 0.101409711 -0.012309553 1.010765195 7.486078262 -21.923164368 0.000000000 0.000000000 -10.000000000
1776608247.901860714 0.580960512 0.299041927 0.181532502 0.094357423 0.990231574 0.101824120 -0.013038272 0.973183334 7.569285870 -21.931503296 0.000000000 0.000000000 -10.000000000
1776608247.906865120 0.580670595 0.298593223 0.181420386 0.094660774 0.990153134 0.102207713 -0.013774977 0.935053468 7.643248081 -21.917835236 0.000000000 0.000000000 -10.000000000
1776608247.911997795 0.580393732 0.298103541 0.181300551 0.094980121 0.990074873 0.102568194 -0.014501938 0.896374643 7.708070755 -21.882844925 0.000000000 0.000000000 -10.000000000
1776608247.916811943 0.580111325 0.297612727 0.181182653 0.095277555 0.989998519 0.102922998 -0.015229780 0.857133150 7.763920784 -21.827331543 0.000000000 0.000000000 -10.000000000
1776608247.921862602 0.579814196 0.297135293 0.181066513 0.095550060 0.989923358 0.103280514 -0.015969338 0.817305148 7.811024666 -21.752178192 0.000000000 0.000000000 -10.000000000
1776608247.926813602 0.579511344 0.296665788 0.180949897 0.095814906 0.989847541 0.103644103 -0.016710272 0.776859879 7.849658012 -21.658365250 0.000000000 0.000000000 -10.000000000
1776608247.931846380 0.579211473 0.296178818 0.180826366 0.096072398 0.989773095 0.103995167 -0.017445110 0.735761702 7.880142212 -21.546949387 0.000000000 0.000000000 -10.000000000
1776608247.936865568 0.578902125 0.295675397 0.180697113 0.096325248 0.989699900 0.104329899 -0.018187752 0.693972051 7.902834415 -21.419065475 0.000000000 0.000000000 -10.000000000
1776608247.942096710 0.578563213 0.295188129 0.180573106 0.096560061 0.989626765 0.104668848 -0.018959388 0.651450276 7.918124199 -21.275903702 0.000000000 0.000000000 -10.000000000
1776608247.946954489 0.578216016 0.294721782 0.180451155 0.096781671 0.989553273 0.105015829 -0.019732095 0.608155251 7.926426888 -21.118717194 0.000000000 0.000000000 -10.000000000
1776608247.951819181 0.577864289 0.294268817 0.180331022 0.096994817 0.989479065 0.105369918 -0.020502370 0.564047933 7.928175449 -20.948795319 0.000000000 0.000000000 -10.000000000
1776608247.956817627 0.577505350 0.293826163 0.180213332 0.097198054 0.989404023 0.105733052 -0.021277387 0.519093990 7.923814297 -20.767469406 0.000000000 0.000000000 -10.000000000
1776608247.961817741 0.577127457 0.293389827 0.180093169 0.097395003 0.989329040 0.106090926 -0.022067469 0.473265558 7.913793087 -20.576097488 0.000000000 0.000000000 -10.000000000
1776608247.966828585 0.576741695 0.292951792 0.179966420 0.097590663 0.989253402 0.106447399 -0.022864018 0.426542461 7.898562908 -20.376050949 0.000000000 0.000000000 -10.000000000
1776608247.971896648 0.576363742 0.292537749 0.179844588 0.097796112 0.989173532 0.106828630 -0.023649229 0.378912181 7.878569603 -20.168714523 0.000000000 0.000000000 -10.000000000
1776608247.976934433 0.575979114 0.292138308 0.179728478 0.097981475 0.989094138 0.107215472 -0.024437748 0.330369294 7.854253292 -19.955474854 0.000000000 0.000000000 -10.000000000
1776608247.981824160 0.575571895 0.291762322 0.179609060 0.098161690 0.989013791 0.107604720 -0.025243625 0.280914783 7.826045513 -19.737718582 0.000000000 0.000000000 -10.000000000
1776608247.986852407 0.575168073 0.291415513 0.179494768 0.098335989 0.988931119 0.108015150 -0.026039280 0.230554283 7.794368744 -19.516813278 0.000000000 0.000000000 -10.000000000
1776608247.991871834 0.574761510 0.291072130 0.179380029 0.098503843 0.988848448 0.108423464 -0.026834281 0.179296553 7.759634495 -19.294116974 0.000000000 0.000000000 -10.000000000
1776608247.996935606 0.573910594 0.290403962 0.179135680 0.098838121 0.988681138 0.109228790 -0.028456282 0.127150565 7.722244740 -19.070960999 0.000000000 0.000000000 -10.000000000
1776608248.002202988 0.573910594 0.290403962 0.179135680 0.098838121 0.988681138 0.109228790 -0.028456282 0.074122846 7.682590008 -18.848644257 0.000000000 0.000000000 -10.000000000
1776608248.007061720 0.573495865 0.290094525 0.179022521 0.099003613 0.988595307 0.109645754 -0.029247610 0.020216471 7.641047955 -18.628438950 0.000000000 0.000000000 -10.000000000
1776608248.012301445 0.572695315 0.289541692 0.178816289 0.099333271 0.988416970 0.110532038 -0.030780327 -0.034568131 7.597982407 -18.411575317 0.000000000 0.000000000 -10.000000000
1776608248.016974449 0.572695315 0.289541692 0.178816289 0.099333271 0.988416970 0.110532038 -0.030780327 -0.090231031 7.553740025 -18.199241638 0.000000000 0.000000000 -10.000000000
1776608248.022121906 0.572285116 0.289301574 0.178711891 0.099495560 0.988324940 0.110992692 -0.031544529 -0.146770164 7.508647919 -17.992586136 0.000000000 0.000000000 -10.000000000
1776608248.026935339 0.571547210 0.288854331 0.178520322 0.099870652 0.988129318 0.111978203 -0.032972541 -0.204178736 7.463010788 -17.792701721 0.000000000 0.000000000 -10.000000000
1776608248.031837463 0.571262479 0.288649619 0.178436369 0.100090913 0.988026321 0.112507559 -0.033582866 -0.262442261 7.417110443 -17.600633621 0.000000000 0.000000000 -10.000000000
1776608248.037160397 0.571262479 0.288649619 0.178436369 0.100090913 0.988026321 0.112507559 -0.033582866 -0.321534306 7.371202946 -17.417364120 0.000000000 0.000000000 -10.000000000
1776608248.042177916 0.571020007 0.288473517 0.178359151 0.100326732 0.987919092 0.113070756 -0.034138601 -0.381411880 7.325517654 -17.243818283 0.000000000 0.000000000 -10.000000000
1776608248.047131300 0.570570469 0.288186371 0.178269684 0.100773565 0.987703085 0.114251658 -0.035126626 -0.442013890 7.280258656 -17.080856323 0.000000000 0.000000000 -10.000000000
1776608248.051836729 0.570570469 0.288186371 0.178269684 0.100773565 0.987703085 0.114251658 -0.035126626 -0.503262460 7.235604286 -16.929264069 0.000000000 0.000000000 -10.000000000
1776608248.057104349 0.570440590 0.288043618 0.178277791 0.101020373 0.987593234 0.114872634 -0.035478715 -0.565065026 7.191710949 -16.789760590 0.000000000 0.000000000 -10.000000000
1776608248.061887026 0.570319057 0.287918776 0.178282380 0.101263784 0.987482548 0.115508564 -0.035800546 -0.627317309 7.148714066 -16.662979126 0.000000000 0.000000000 -10.000000000
1776608248.067187548 0.570167422 0.287824541 0.178287506 0.101488687 0.987371683 0.116154559 -0.036129933 -0.689908564 7.106727123 -16.549472809 0.000000000 0.000000000 -10.000000000
1776608248.072144508 0.569997549 0.287744939 0.178305805 0.101709642 0.987259388 0.116809070 -0.036464848 -0.752728641 7.065843105 -16.449695587 0.000000000 0.000000000 -10.000000000
1776608248.077166557 0.569816351 0.287686527 0.178346753 0.101901568 0.987148285 0.117476754 -0.036790900 -0.815674126 7.026134968 -16.364009857 0.000000000 0.000000000 -10.000000000
1776608248.081981659 0.569453537 0.287623733 0.178523153 0.102268293 0.986922324 0.118853703 -0.037407018 -0.878652871 6.987653255 -16.292665482 0.000000000 0.000000000 -10.000000000
1776608248.087154150 0.569453537 0.287623733 0.178523153 0.102268293 0.986922324 0.118853703 -0.037407018 -0.941586077 6.950428009 -16.235797882 0.000000000 0.000000000 -10.000000000
1776608248.091829777 0.569061995 0.287573397 0.178725958 0.102620564 0.986695290 0.120229848 -0.038029205 -1.004408836 6.914464474 -16.193422318 0.000000000 0.000000000 -10.000000000
1776608248.096831799 0.569061995 0.287573397 0.178725958 0.102620564 0.986695290 0.120229848 -0.038029205 -1.067068577 6.879745960 -16.165426254 0.000000000 0.000000000 -10.000000000
1776608248.102198601 0.568853855 0.287532926 0.178822964 0.102797210 0.986582816 0.120902248 -0.038337685 -1.129522562 6.846230030 -16.151559830 0.000000000 0.000000000 -10.000000000
1776608248.106953382 0.568612278 0.287484825 0.178903580 0.102987409 0.986470282 0.121549591 -0.038673937 -1.191734672 6.813850880 -16.151441574 0.000000000 0.000000000 -10.000000000
1776608248.111848354 0.568363547 0.287429124 0.178971261 0.103160374 0.986362278 0.122173093 -0.039000966 -1.253674030 6.782520294 -16.164545059 0.000000000 0.000000000 -10.000000000
1776608248.117116690 0.568073153 0.287374318 0.179022968 0.103311054 0.986260235 0.122755155 -0.039353769 -1.315314293 6.752128601 -16.190208435 0.000000000 0.000000000 -10.000000000
1776608248.121837378 0.567741573 0.287305892 0.179072082 0.103421986 0.986166954 0.123291269 -0.039723415 -1.376632571 6.722549438 -16.227640152 0.000000000 0.000000000 -10.000000000
1776608248.126963854 0.567367136 0.287239730 0.179115415 0.103506580 0.986078858 0.123796575 -0.040115494 -1.437607884 6.693644047 -16.275915146 0.000000000 0.000000000 -10.000000000
1776608248.132172823 0.566952109 0.287162602 0.179154336 0.103574291 0.985997081 0.124255188 -0.040530700 -1.498217344 6.665266514 -16.333990097 0.000000000 0.000000000 -10.000000000
1776608248.137147903 0.566516161 0.287068874 0.179190606 0.103607826 0.985923827 0.124672234 -0.040944979 -1.558430433 6.637263775 -16.400720596 0.000000000 0.000000000 -10.000000000
1776608248.141875505 0.566072941 0.286967695 0.179225445 0.103628397 0.985856473 0.125057846 -0.041335784 -1.618202925 6.609480381 -16.474863052 0.000000000 0.000000000 -10.000000000
1776608248.147038937 0.565076470 0.286722273 0.179230481 0.103625655 0.985742211 0.125687718 -0.042150225 -1.677472830 6.581760406 -16.555095673 0.000000000 0.000000000 -10.000000000
1776608248.151854038 0.564552724 0.286606073 0.179213673 0.103613339 0.985691726 0.125960663 -0.042544667 -1.736156821 6.553951740 -16.640037537 0.000000000 0.000000000 -10.000000000
1776608248.156845093 0.564552724 0.286606073 0.179213673 0.103613339 0.985691726 0.125960663 -0.042544667 -1.794147730 6.525911808 -16.728260040 0.000000000 0.000000000 -10.000000000
1776608248.162305593 0.564050555 0.286459208 0.179175586 0.103609532 0.985647738 0.126190156 -0.042891253 -1.851312518 6.497509956 -16.818307877 0.000000000 0.000000000 -10.000000000
1776608248.167119265 0.563570976 0.286277086 0.179113448 0.103606999 0.985612452 0.126366809 -0.043186504 -1.907488346 6.468631268 -16.908721924 0.000000000 0.000000000 -10.000000000
1776608248.171816587 0.563148677 0.286093593 0.179031610 0.103603899 0.985583663 0.126526162 -0.043384027 -1.962478280 6.439174652 -16.998054504 0.000000000 0.000000000 -10.000000000
1776608248.177117109 0.562753975 0.285920084 0.178930193 0.103601560 0.985559464 0.126672238 -0.043513469 -2.016050339 6.409056187 -17.084890366 0.000000000 0.000000000 -10.000000000
1776608248.181833982 0.562386513 0.285762101 0.178815484 0.103614368 0.985536695 0.126817122 -0.043576065 -2.067938328 6.378206253 -17.167865753 0.000000000 0.000000000 -10.000000000
1776608248.186889887 0.561862350 0.285502553 0.178589255 0.103689559 0.985491037 0.127177104 -0.043380935 -2.117844343 6.346569538 -17.245681763 0.000000000 0.000000000 -10.000000000
1776608248.191837549 0.561862350 0.285502553 0.178589255 0.103689559 0.985491037 0.127177104 -0.043380935 -2.165443420 6.314105988 -17.317132950 0.000000000 0.000000000 -10.000000000
1776608248.197288513 0.561722279 0.285372078 0.178496599 0.103763886 0.985469759 0.127373725 -0.043109048 -2.210389376 6.280789852 -17.381118774 0.000000000 0.000000000 -10.000000000
1776608248.202239275 0.561635375 0.285264313 0.178404182 0.103860736 0.985446692 0.127592459 -0.042753633 -2.252322912 6.246610641 -17.436655045 0.000000000 0.000000000 -10.000000000
1776608248.206866264 0.561567068 0.285219967 0.178353220 0.103932813 0.985424340 0.127845019 -0.042338163 -2.290879250 6.211571693 -17.482896805 0.000000000 0.000000000 -10.000000000
1776608248.212108374 0.561500371 0.285206378 0.178309262 0.104015239 0.985398769 0.128118888 -0.041900903 -2.325696468 6.175692081 -17.519136429 0.000000000 0.000000000 -10.000000000
1776608248.216869354 0.561430395 0.285201281 0.178279996 0.104101077 0.985373914 0.128390208 -0.041438431 -2.356423616 6.139004230 -17.544809341 0.000000000 0.000000000 -10.000000000
1776608248.222131491 0.561339378 0.285212040 0.178250015 0.104171224 0.985352576 0.128645688 -0.040974811 -2.382733345 6.101556778 -17.559494019 0.000000000 0.000000000 -10.000000000
1776608248.226894140 0.561241448 0.285243988 0.178240836 0.104221500 0.985334396 0.128897697 -0.040490001 -2.404331684 6.063413143 -17.562919617 0.000000000 0.000000000 -10.000000000
1776608248.231971741 0.561154783 0.285290390 0.178248316 0.104257181 0.985318363 0.129150048 -0.039980665 -2.420968533 6.024649143 -17.554943085 0.000000000 0.000000000 -10.000000000
1776608248.236879349 0.561043501 0.285326570 0.178253084 0.104282372 0.985306025 0.129377678 -0.039479662 -2.432443857 5.985353947 -17.535564423 0.000000000 0.000000000 -10.000000000
1776608248.241947174 0.560800612 0.285373747 0.178270876 0.104279697 0.985297680 0.129748806 -0.038463876 -2.438613176 5.945621490 -17.504909515 0.000000000 0.000000000 -10.000000000
1776608248.246868849 0.560800612 0.285373747 0.178270876 0.104279697 0.985297680 0.129748806 -0.038463876 -2.439391375 5.905553341 -17.463214874 0.000000000 0.000000000 -10.000000000
1776608248.251970768 0.560727119 0.285384983 0.178304940 0.104245640 0.985303938 0.129899532 -0.037882928 -2.434755087 5.865253448 -17.410827637 0.000000000 0.000000000 -10.000000000
1776608248.256849527 0.560675085 0.285388947 0.178355515 0.104194745 0.985315263 0.130032793 -0.037266843 -2.424744368 5.824828148 -17.348180771 0.000000000 0.000000000 -10.000000000
1776608248.262186289 0.560597062 0.285381258 0.178403854 0.104122914 0.985331953 0.130134746 -0.036664970 -2.409457684 5.784383774 -17.275787354 0.000000000 0.000000000 -10.000000000
1776608248.266959429 0.560307622 0.285330027 0.178455710 0.103914939 0.985380828 0.130229563 -0.035589177 -2.389046431 5.744025230 -17.194225311 0.000000000 0.000000000 -10.000000000
1776608248.272188902 0.560307622 0.285330027 0.178455710 0.103914939 0.985380828 0.130229563 -0.035589177 -2.363710880 5.703852654 -17.104122162 0.000000000 0.000000000 -10.000000000
1776608248.277039051 0.560125589 0.285301954 0.178461432 0.103785567 0.985411108 0.130240366 -0.035085555 -2.333695412 5.663963318 -17.006137848 0.000000000 0.000000000 -10.000000000
1776608248.281830311 0.559942544 0.285279810 0.178459972 0.103639878 0.985444903 0.130237833 -0.034572262 -2.299283743 5.624449730 -16.900964737 0.000000000 0.000000000 -10.000000000
1776608248.286844254 0.559444249 0.285214692 0.178419232 0.103284746 0.985526860 0.130138308 -0.033661723 -2.260795832 5.585399628 -16.789306641 0.000000000 0.000000000 -10.000000000
1776608248.291881084 0.559444249 0.285214692 0.178419232 0.103284746 0.985526860 0.130138308 -0.033661723 -2.218583584 5.546896935 -16.671869278 0.000000000 0.000000000 -10.000000000
1776608248.296816111 0.559186518 0.285165727 0.178403825 0.103097983 0.985571384 0.130065292 -0.033208698 -2.173027992 5.509021282 -16.549354553 0.000000000 0.000000000 -10.000000000
1776608248.301833868 0.558935702 0.285119414 0.178412229 0.102906398 0.985615909 0.129997656 -0.032744445 -2.124535799 5.471848965 -16.422449112 0.000000000 0.000000000 -10.000000000
1776608248.306916475 0.558708072 0.285088032 0.178425848 0.102712251 0.985659599 0.129943117 -0.032251835 -2.073535442 5.435452461 -16.291816711 0.000000000 0.000000000 -10.000000000
1776608248.311823845 0.558437109 0.285069257 0.178423524 0.102499135 0.985705078 0.129878268 -0.031798106 -2.020471096 5.399898052 -16.158100128 0.000000000 0.000000000 -10.000000000
1776608248.317433119 0.557704806 0.285030276 0.178347021 0.101983123 0.985812902 0.129637092 -0.031089544 -1.965797186 5.365246773 -16.021905899 0.000000000 0.000000000 -10.000000000
1776608248.322498322 0.557300031 0.285017908 0.178292364 0.101698942 0.985871375 0.129490152 -0.030778309 -1.909974098 5.331552982 -15.883814812 0.000000000 0.000000000 -10.000000000
1776608248.327050686 0.557300031 0.285017908 0.178292364 0.101698942 0.985871375 0.129490152 -0.030778309 -1.853463411 5.298864365 -15.744368553 0.000000000 0.000000000 -10.000000000
1776608248.332149982 0.556467056 0.285038471 0.178196669 0.101115830 0.985985994 0.129212767 -0.030186746 -1.796722651 5.267221451 -15.604077339 0.000000000 0.000000000 -10.000000000
1776608248.337083340 0.556467056 0.285038471 0.178196669 0.101115830 0.985985994 0.129212767 -0.030186746 -1.740200400 5.236655712 -15.463419914 0.000000000 0.000000000 -10.000000000
1776608248.342172623 0.556022227 0.285027623 0.178132206 0.100830525 0.986044347 0.129052058 -0.029921634 -1.684333324 5.207188606 -15.322843552 0.000000000 0.000000000 -10.000000000
1776608248.346862555 0.555282950 0.285018206 0.178027272 0.100278459 0.986159444 0.128762871 -0.029220767 -1.629541874 5.178832054 -15.182765007 0.000000000 0.000000000 -10.000000000
1776608248.351981640 0.555282950 0.285018206 0.178027272 0.100278459 0.986159444 0.128762871 -0.029220767 -1.576227665 5.151587963 -15.043576241 0.000000000 0.000000000 -10.000000000
1776608248.356934786 0.554932415 0.285063267 0.177977651 0.099993236 0.986213803 0.128653780 -0.028841844 -1.524770141 5.125447273 -14.905642509 0.000000000 0.000000000 -10.000000000
1776608248.362063408 0.554585814 0.285134196 0.177922010 0.099706165 0.986266255 0.128562227 -0.028447693 -1.475522876 5.100388050 -14.769308090 0.000000000 0.000000000 -10.000000000
1776608248.366850615 0.554223597 0.285210997 0.177863657 0.099416859 0.986318648 0.128469437 -0.028061686 -1.428811669 5.076373577 -14.634902000 0.000000000 0.000000000 -10.000000000
1776608248.371917248 0.553854585 0.285301059 0.177804440 0.099116176 0.986371994 0.128377900 -0.027665483 -1.384930134 5.053352833 -14.502737999 0.000000000 0.000000000 -10.000000000
1776608248.376831293 0.553498268 0.285396695 0.177751303 0.098813765 0.986425340 0.128290147 -0.027249230 -1.344137311 5.031258106 -14.373119354 0.000000000 0.000000000 -10.000000000
1776608248.381850958 0.553139269 0.285519034 0.177710623 0.098505378 0.986476541 0.128222749 -0.026826441 -1.306654215 5.010006428 -14.246341705 0.000000000 0.000000000 -10.000000000
1776608248.386903048 0.552773237 0.285663515 0.177667558 0.098193325 0.986525774 0.128169745 -0.026410351 -1.272661328 4.989501476 -14.122694016 0.000000000 0.000000000 -10.000000000
1776608248.391835451 0.552380919 0.285799295 0.177610576 0.097885683 0.986575067 0.128106356 -0.026015608 -1.242298245 4.969631195 -14.002461433 0.000000000 0.000000000 -10.000000000
1776608248.396845579 0.551673234 0.286017627 0.177528173 0.097304918 0.986673117 0.127966046 -0.025151841 -1.215665698 4.950272083 -13.885923386 0.000000000 0.000000000 -10.000000000
1776608248.401856661 0.551673234 0.286017627 0.177528173 0.097304918 0.986673117 0.127966046 -0.025151841 -1.192829013 4.931289673 -13.773358345 0.000000000 0.000000000 -10.000000000
1776608248.406973839 0.551395893 0.286125481 0.177518934 0.097029075 0.986719191 0.127920106 -0.024638612 -1.173817873 4.912543774 -13.665037155 0.000000000 0.000000000 -10.000000000
1776608248.411866426 0.550837398 0.286408365 0.177522719 0.096432105 0.986812115 0.127854794 -0.023576640 -1.158627272 4.893887520 -13.561225891 0.000000000 0.000000000 -10.000000000
1776608248.417173862 0.550837398 0.286408365 0.177522719 0.096432105 0.986812115 0.127854794 -0.023576640 -1.147219181 4.875168324 -13.462182045 0.000000000 0.000000000 -10.000000000
1776608248.422131300 0.550179958 0.286733717 0.177515894 0.095778100 0.986909568 0.127772108 -0.022591347 -1.139529347 4.856228828 -13.368151665 0.000000000 0.000000000 -10.000000000
1776608248.426942348 0.550179958 0.286733717 0.177515894 0.095778100 0.986909568 0.127772108 -0.022591347 -1.135473967 4.836907864 -13.279365540 0.000000000 0.000000000 -10.000000000
1776608248.432128191 0.549592316 0.287021577 0.177517116 0.095160387 0.987003982 0.127684653 -0.021545857 -1.134954095 4.817045689 -13.196040154 0.000000000 0.000000000 -10.000000000
1776608248.436865568 0.549257576 0.287152022 0.177497953 0.094859734 0.987050533 0.127627596 -0.021072924 -1.137858629 4.796482086 -13.118367195 0.000000000 0.000000000 -10.000000000
1776608248.442119598 0.549257576 0.287152022 0.177497953 0.094859734 0.987050533 0.127627596 -0.021072924 -1.144063711 4.775060177 -13.046519279 0.000000000 0.000000000 -10.000000000
1776608248.447701931 0.548903823 0.287270129 0.177494645 0.094560370 0.987097323 0.127561286 -0.020623239 -1.153434396 4.752626896 -12.980641365 0.000000000 0.000000000 -10.000000000
1776608248.452162743 0.548548222 0.287408501 0.177510709 0.094251215 0.987143099 0.127508089 -0.020172650 -1.165826678 4.729034424 -12.920850754 0.000000000 0.000000000 -10.000000000
1776608248.457142115 0.548205495 0.287566066 0.177550524 0.093930140 0.987188578 0.127466217 -0.019701751 -1.181090951 4.704140186 -12.867235184 0.000000000 0.000000000 -10.000000000
1776608248.462165594 0.547429204 0.287909001 0.177627802 0.093253203 0.987281621 0.127372116 -0.018847045 -1.199073672 4.677809238 -12.819844246 0.000000000 0.000000000 -10.000000000
1776608248.467100620 0.547429204 0.287909001 0.177627802 0.093253203 0.987281621 0.127372116 -0.018847045 -1.219617844 4.649915695 -12.778686523 0.000000000 0.000000000 -10.000000000
1776608248.471892834 0.546973467 0.288119376 0.177660257 0.092879154 0.987329781 0.127325207 -0.018482774 -1.242563367 4.620344162 -12.743730545 0.000000000 0.000000000 -10.000000000
1776608248.477102280 0.545983255 0.288564295 0.177715302 0.092097647 0.987427890 0.127222076 -0.017854173 -1.267747641 4.588992596 -12.714898109 0.000000000 0.000000000 -10.000000000
1776608248.482187271 0.545983255 0.288564295 0.177715302 0.092097647 0.987427890 0.127222076 -0.017854173 -1.295007825 4.555773258 -12.692065239 0.000000000 0.000000000 -10.000000000
1776608248.487826824 0.545502543 0.288802326 0.177748591 0.091690861 0.987477660 0.127175868 -0.017521737 -1.324178338 4.520612717 -12.675059319 0.000000000 0.000000000 -10.000000000
1776608248.492119074 0.545018137 0.289019287 0.177778095 0.091283470 0.987529397 0.127112359 -0.017190604 -1.355087042 4.483453751 -12.663656235 0.000000000 0.000000000 -10.000000000
1776608248.497201920 0.544525802 0.289244115 0.177817047 0.090869285 0.987581253 0.127049059 -0.016870288 -1.387550473 4.444256783 -12.657586098 0.000000000 0.000000000 -10.000000000
1776608248.502065420 0.544081271 0.289512068 0.177891016 0.090423517 0.987633467 0.127012223 -0.016479803 -1.421371341 4.402999878 -12.656530380 0.000000000 0.000000000 -10.000000000
1776608248.506930590 0.543705404 0.289784729 0.177987456 0.089977957 0.987684786 0.126989156 -0.016015530 -1.456335664 4.359676838 -12.660123825 0.000000000 0.000000000 -10.000000000
1776608248.512223482 0.542922795 0.290364236 0.178141207 0.089022972 0.987796128 0.126909509 -0.015088123 -1.492212296 4.314296246 -12.667956352 0.000000000 0.000000000 -10.000000000
1776608248.517098904 0.542922795 0.290364236 0.178141207 0.089022972 0.987796128 0.126909509 -0.015088123 -1.528755307 4.266879082 -12.679574966 0.000000000 0.000000000 -10.000000000
1776608248.521930933 0.542486072 0.290668249 0.178202391 0.088515989 0.987855375 0.126853138 -0.014663244 -1.565707326 4.217457294 -12.694484711 0.000000000 0.000000000 -10.000000000
1776608248.527141333 0.542045474 0.290982306 0.178264886 0.087991893 0.987916648 0.126788557 -0.014238898 -1.602804661 4.166072369 -12.712151527 0.000000000 0.000000000 -10.000000000
1776608248.531973600 0.541632652 0.291313112 0.178355485 0.087494344 0.987974167 0.126735762 -0.013779706 -1.639779329 4.112778187 -12.732006073 0.000000000 0.000000000 -10.000000000
1776608248.536988258 0.541268229 0.291624844 0.178460598 0.087094210 0.988023520 0.126679614 -0.013282792 -1.676359177 4.057637691 -12.753449440 0.000000000 0.000000000 -10.000000000
1776608248.541809320 0.540955305 0.291937798 0.178583950 0.086759239 0.988067389 0.126624331 -0.012727845 -1.712264061 4.000724792 -12.775851250 0.000000000 0.000000000 -10.000000000
1776608248.546835184 0.540593565 0.292232454 0.178686708 0.086546429 0.988102794 0.126541406 -0.012241643 -1.747206569 3.942123175 -12.798556328 0.000000000 0.000000000 -10.000000000
1776608248.551951885 0.540222406 0.292546481 0.178791791 0.086425751 0.988130569 0.126451269 -0.011773730 -1.780895948 3.881928444 -12.820887566 0.000000000 0.000000000 -10.000000000
1776608248.556828260 0.539877474 0.292897284 0.178913057 0.086382173 0.988149881 0.126374856 -0.011286504 -1.813043952 3.820246458 -12.842150688 0.000000000 0.000000000 -10.000000000
1776608248.561946630 0.539576232 0.293245077 0.179049581 0.086383425 0.988166749 0.126288220 -0.010754818 -1.843371034 3.757192135 -12.861638069 0.000000000 0.000000000 -10.000000000
1776608248.566822290 0.539042532 0.293976218 0.179383278 0.086393729 0.988204002 0.126083136 -0.009595153 -1.871610403 3.692888021 -12.878635406 0.000000000 0.000000000 -10.000000000
1776608248.571803570 0.539042532 0.293976218 0.179383278 0.086393729 0.988204002 0.126083136 -0.009595153 -1.897510767 3.627465963 -12.892420769 0.000000000 0.000000000 -10.000000000
1776608248.577300310 0.538423061 0.294753104 0.179763496 0.086324260 0.988251448 0.125836298 -0.008510797 -1.920837998 3.561064482 -12.902273178 0.000000000 0.000000000 -10.000000000
1776608248.582147598 0.538423061 0.294753104 0.179763496 0.086324260 0.988251448 0.125836298 -0.008510797 -1.941379547 3.493828297 -12.907473564 0.000000000 0.000000000 -10.000000000
1776608248.587196827 0.538088918 0.295111924 0.179932237 0.086260267 0.988282979 0.125665605 -0.008005030 -1.958947062 3.425906897 -12.907324791 0.000000000 0.000000000 -10.000000000
1776608248.592011929 0.537738800 0.295472711 0.180094868 0.086159289 0.988319516 0.125477001 -0.007522529 -1.973378658 3.357455730 -12.901152611 0.000000000 0.000000000 -10.000000000
1776608248.596799135 0.537461102 0.295848370 0.180284649 0.086023547 0.988357782 0.125301600 -0.006955598 -1.984538436 3.288633108 -12.888303757 0.000000000 0.000000000 -10.000000000
1776608248.601819754 0.537135661 0.296227515 0.180459142 0.085835777 0.988403618 0.125096336 -0.006433560 -1.992316961 3.219600201 -12.868142128 0.000000000 0.000000000 -10.000000000
1776608248.606812000 0.536729991 0.296622455 0.180631697 0.085585311 0.988457561 0.124863848 -0.005986954 -1.996633410 3.150520325 -12.840048790 0.000000000 0.000000000 -10.000000000
1776608248.611887217 0.536319256 0.297060132 0.180816680 0.085288331 0.988513410 0.124645196 -0.005545202 -1.997438192 3.081557751 -12.803427696 0.000000000 0.000000000 -10.000000000
1776608248.616834879 0.535921514 0.297515154 0.181027889 0.084956408 0.988571227 0.124432363 -0.005086291 -1.994714022 3.012878418 -12.757714272 0.000000000 0.000000000 -10.000000000
1776608248.621826410 0.535522878 0.297997057 0.181249708 0.084593669 0.988630891 0.124223113 -0.004636188 -1.988474488 2.944648266 -12.702378273 0.000000000 0.000000000 -10.000000000
1776608248.626808167 0.535117626 0.298501968 0.181487590 0.084221318 0.988689482 0.124025121 -0.004196467 -1.978761315 2.877032280 -12.636931419 0.000000000 0.000000000 -10.000000000
1776608248.631853819 0.534676075 0.299017787 0.181717485 0.083839916 0.988749325 0.123818927 -0.003805804 -1.965640664 2.810193539 -12.560928345 0.000000000 0.000000000 -10.000000000
1776608248.636829853 0.534253180 0.299539864 0.181958318 0.083450235 0.988809288 0.123614952 -0.003402108 -1.949198842 2.744292259 -12.473977089 0.000000000 0.000000000 -10.000000000
1776608248.642064810 0.533876181 0.300052524 0.182212859 0.083096728 0.988864541 0.123421893 -0.002972528 -1.929535866 2.679484606 -12.375738144 0.000000000 0.000000000 -10.000000000
1776608248.646807671 0.533509612 0.300570488 0.182479411 0.082755290 0.988918185 0.123230964 -0.002548376 -1.906760693 2.615921736 -12.265935898 0.000000000 0.000000000 -10.000000000
1776608248.651803970 0.533181012 0.301110029 0.182766110 0.082431838 0.988967419 0.123061322 -0.002092591 -1.880984664 2.553749800 -12.144355774 0.000000000 0.000000000 -10.000000000
1776608248.656808615 0.532878757 0.301684499 0.183062315 0.082128458 0.989010930 0.122921497 -0.001613489 -1.852316141 2.493108749 -12.010849953 0.000000000 0.000000000 -10.000000000
1776608248.661835194 0.532641947 0.302288949 0.183390468 0.081826679 0.989050567 0.122809850 -0.001064517 -1.820854783 2.434129953 -11.865337372 0.000000000 0.000000000 -10.000000000
1776608248.666906595 0.532413781 0.302910030 0.183713555 0.081543222 0.989087403 0.122705147 -0.000517755 -1.786689639 2.376935959 -11.707807541 0.000000000 0.000000000 -10.000000000
1776608248.671818018 0.532206237 0.303535461 0.184023708 0.081288546 0.989121199 0.122602530 0.000036291 -1.749900818 2.321640491 -11.538318634 0.000000000 0.000000000 -10.000000000
1776608248.676905155 0.532038271 0.304191977 0.184340388 0.081051894 0.989149749 0.122527272 0.000619926 -1.710561872 2.268348694 -11.356998444 0.000000000 0.000000000 -10.000000000
1776608248.681841612 0.531774700 0.305571914 0.185002238 0.080652319 0.989190519 0.122450255 0.001811070 -1.668742299 2.217158318 -11.164045334 0.000000000 0.000000000 -10.000000000
1776608248.686803818 0.531774700 0.305571914 0.185002238 0.080652319 0.989190519 0.122450255 0.001811070 -1.624510765 2.168157816 -10.959726334 0.000000000 0.000000000 -10.000000000
1776608248.691804409 0.531645656 0.306281388 0.185349703 0.080481552 0.989205480 0.122431688 0.002385139 -1.577937245 2.121426105 -10.744381905 0.000000000 0.000000000 -10.000000000
1776608248.696814299 0.531580508 0.307021648 0.185732961 0.080332510 0.989213049 0.122454911 0.003008009 -1.529091239 2.077030897 -10.518418312 0.000000000 0.000000000 -10.000000000
1776608248.701806784 0.531729996 0.308540404 0.186571717 0.080080055 0.989208877 0.122606941 0.004523727 -1.478036761 2.035025835 -10.282307625 0.000000000 0.000000000 -10.000000000
1776608248.707132339 0.531729996 0.308540404 0.186571717 0.080080055 0.989208877 0.122606941 0.004523727 -1.424827933 1.995451927 -10.036581993 0.000000000 0.000000000 -10.000000000
1776608248.711947203 0.531893909 0.310166001 0.187350899 0.079716049 0.989207447 0.122791372 0.006024380 -1.369508028 1.958337903 -9.781831741 0.000000000 0.000000000 -10.000000000
1776608248.717074871 0.531893909 0.310166001 0.187350899 0.079716049 0.989207447 0.122791372 0.006024380 -1.312111855 1.923701525 -9.518701553 0.000000000 0.000000000 -10.000000000
1776608248.721811056 0.532067597 0.311020643 0.187747121 0.079530440 0.989198864 0.122937165 0.006852692 -1.252669811 1.891548514 -9.247883797 0.000000000 0.000000000 -10.000000000
1776608248.726822376 0.532317817 0.311883092 0.188149810 0.079348586 0.989185929 0.123105265 0.007749178 -1.191211820 1.861874342 -8.970118523 0.000000000 0.000000000 -10.000000000
1776608248.732052803 0.532622516 0.312744081 0.188567787 0.079179883 0.989168525 0.123290695 0.008696784 -1.127770424 1.834665060 -8.686182976 0.000000000 0.000000000 -10.000000000
1776608248.736811161 0.532944262 0.313607007 0.188989192 0.079025634 0.989147186 0.123490170 0.009644592 -1.062386394 1.809900880 -8.396893501 0.000000000 0.000000000 -10.000000000
1776608248.742122889 0.533258855 0.314497292 0.189399183 0.078882530 0.989121139 0.123715773 0.010553087 -0.995117605 1.787559390 -8.103096008 0.000000000 0.000000000 -10.000000000
1776608248.746810913 0.533656836 0.315416425 0.189828336 0.078763947 0.989085317 0.123990819 0.011521358 -0.926042855 1.767617464 -7.805661678 0.000000000 0.000000000 -10.000000000
1776608248.751805305 0.534519374 0.317228407 0.190701246 0.078601182 0.989002347 0.124561861 0.013436297 -0.855262756 1.750051618 -7.505477905 0.000000000 0.000000000 -10.000000000
1776608248.757132530 0.534519374 0.317228407 0.190701246 0.078601182 0.989002347 0.124561861 0.013436297 -0.782898843 1.734839320 -7.203444958 0.000000000 0.000000000 -10.000000000
1776608248.761785984 0.534925282 0.318126827 0.191111267 0.078529358 0.988961399 0.124832556 0.014327135 -0.709092081 1.721959472 -6.900469780 0.000000000 0.000000000 -10.000000000
1776608248.766805887 0.535327375 0.319038153 0.191511214 0.078457661 0.988918543 0.125115201 0.015190432 -0.634001195 1.711393237 -6.597458363 0.000000000 0.000000000 -10.000000000
1776608248.772187948 0.535745680 0.319961965 0.191906035 0.078393191 0.988872468 0.125412270 0.016045582 -0.557800174 1.703122735 -6.295311451 0.000000000 0.000000000 -10.000000000
1776608248.776971340 0.536196053 0.320885152 0.192298532 0.078335397 0.988823593 0.125719920 0.016910905 -0.480673999 1.697130203 -5.994917393 0.000000000 0.000000000 -10.000000000
1776608248.781846046 0.536708355 0.321785390 0.192690045 0.078301594 0.988770843 0.126030773 0.017814023 -0.402814478 1.693396211 -5.697145939 0.000000000 0.000000000 -10.000000000
1776608248.786838055 0.537222087 0.322666287 0.193068832 0.078277908 0.988718152 0.126331374 0.018691195 -0.324418694 1.691900730 -5.402844429 0.000000000 0.000000000 -10.000000000
1776608248.791867018 0.537749231 0.323544711 0.193438053 0.078233309 0.988666654 0.126629710 0.019564275 -0.245689854 1.692622781 -5.112830162 0.000000000 0.000000000 -10.000000000
1776608248.798174381 0.538281620 0.324405164 0.193794668 0.078184418 0.988616586 0.126914039 0.020426266 -0.166838720 1.695541859 -4.827883720 0.000000000 0.000000000 -10.000000000
1776608248.802124500 0.539447546 0.326084852 0.194520026 0.078065842 0.988516271 0.127468348 0.022205345 -0.088084549 1.700638294 -4.548745155 0.000000000 0.000000000 -10.000000000
1776608248.806934118 0.539447546 0.326084852 0.194520026 0.078065842 0.988516271 0.127468348 0.022205345 -0.009655629 1.707893729 -4.276108265 0.000000000 0.000000000 -10.000000000
1776608248.811806679 0.540020645 0.326892138 0.194835484 0.078001417 0.988471150 0.127708763 0.023043791 0.068210371 1.717291474 -4.010617733 0.000000000 0.000000000 -10.000000000
1776608248.816796064 0.540590584 0.327669561 0.195130527 0.077925779 0.988430798 0.127919614 0.023848485 0.145266652 1.728818655 -3.752867937 0.000000000 0.000000000 -10.000000000
1776608248.821867228 0.541152716 0.328422695 0.195400834 0.077832907 0.988396108 0.128097445 0.024621518 0.221258059 1.742468119 -3.503400803 0.000000000 0.000000000 -10.000000000
1776608248.826884747 0.541722596 0.329147547 0.195667356 0.077716008 0.988367796 0.128239885 0.025375055 0.295922428 1.758239985 -3.262703657 0.000000000 0.000000000 -10.000000000
1776608248.831930161 0.542308629 0.329836637 0.195926905 0.077587180 0.988344193 0.128350616 0.026117291 0.368993223 1.776142478 -3.031207800 0.000000000 0.000000000 -10.000000000
1776608248.836973667 0.542902172 0.330508947 0.196167320 0.077442780 0.988325238 0.128433660 0.026843730 0.440204203 1.796191931 -2.809286118 0.000000000 0.000000000 -10.000000000
1776608248.841908932 0.543475509 0.331125945 0.196376652 0.077286318 0.988314927 0.128463432 0.027525064 0.509294093 1.818411469 -2.597252607 0.000000000 0.000000000 -10.000000000
1776608248.846833229 0.544030905 0.331694424 0.196546257 0.077117614 0.988313377 0.128438726 0.028160254 0.576007962 1.842829823 -2.395365000 0.000000000 0.000000000 -10.000000000
1776608248.851811171 0.544542909 0.332206011 0.196655780 0.076954983 0.988321900 0.128349870 0.028706184 0.640095055 1.869480014 -2.203827620 0.000000000 0.000000000 -10.000000000
1776608248.856934786 0.544984698 0.332662463 0.196711600 0.076792508 0.988342583 0.128191128 0.029135652 0.701307416 1.898398519 -2.022795916 0.000000000 0.000000000 -10.000000000
1776608248.861939192 0.545456290 0.333056152 0.196787566 0.076662026 0.988365352 0.127997562 0.029554553 0.759400547 1.929624081 -1.852378726 0.000000000 0.000000000 -10.000000000
1776608248.866805077 0.545841157 0.333381355 0.196822256 0.076552585 0.988399625 0.127731770 0.029841261 0.814135015 1.963197827 -1.692638755 0.000000000 0.000000000 -10.000000000
1776608248.872535467 0.546180189 0.333669037 0.196855277 0.076486818 0.988436222 0.127441570 0.030037455 0.865279317 1.999161959 -1.543593645 0.000000000 0.000000000 -10.000000000
1776608248.876939535 0.546492875 0.333919674 0.196872294 0.076441638 0.988476753 0.127122968 0.030168042 0.912615001 2.037556648 -1.405217767 0.000000000 0.000000000 -10.000000000
1776608248.881819010 0.547021210 0.334256589 0.196800470 0.076454945 0.988573551 0.126359299 0.030172050 0.955941558 2.078415871 -1.277446628 0.000000000 0.000000000 -10.000000000
1776608248.886840582 0.547021210 0.334256589 0.196800470 0.076454945 0.988573551 0.126359299 0.030172050 0.995078206 2.121763945 -1.160179377 0.000000000 0.000000000 -10.000000000
1776608248.891825438 0.547211707 0.334344745 0.196718782 0.076518610 0.988630474 0.125911817 0.030014301 1.029864073 2.167615175 -1.053279638 0.000000000 0.000000000 -10.000000000
1776608248.897120476 0.547425389 0.334401548 0.196635187 0.076601483 0.988686800 0.125459716 0.029841064 1.060159445 2.215970278 -0.956578434 0.000000000 0.000000000 -10.000000000
1776608248.902510643 0.547616780 0.334440619 0.196553469 0.076693200 0.988745451 0.124997132 0.029601898 1.085850954 2.266814947 -0.869876981 0.000000000 0.000000000 -10.000000000
1776608248.906943798 0.547764242 0.334454089 0.196449459 0.076803744 0.988806784 0.124518797 0.029280379 1.106857419 2.320114613 -0.792949975 0.000000000 0.000000000 -10.000000000
1776608248.911871910 0.547895849 0.334408224 0.196311980 0.076947071 0.988871217 0.124008395 0.028892582 1.123135567 2.375813723 -0.725547969 0.000000000 0.000000000 -10.000000000
1776608248.916936636 0.548038006 0.334325254 0.196160614 0.077116109 0.988934517 0.123494692 0.028472872 1.134683728 2.433832884 -0.667401016 0.000000000 0.000000000 -10.000000000
1776608248.921813488 0.548394024 0.334121466 0.195838124 0.077452429 0.989056647 0.122495607 0.027620740 1.141544342 2.494067669 -0.618223727 0.000000000 0.000000000 -10.000000000
1776608248.927080393 0.548394024 0.334121466 0.195838124 0.077452429 0.989056647 0.122495607 0.027620740 1.143804669 2.556386948 -0.577719927 0.000000000 0.000000000 -10.000000000
1776608248.932122231 0.548612893 0.333998978 0.195693374 0.077636175 0.989112377 0.122023053 0.027197663 1.141599536 2.620632887 -0.545586586 0.000000000 0.000000000 -10.000000000
1776608248.937139273 0.548845291 0.333867192 0.195554852 0.077812634 0.989166915 0.121560514 0.026777791 1.135112405 2.686622858 -0.521518350 0.000000000 0.000000000 -10.000000000
1776608248.941862345 0.549420297 0.333571255 0.195309579 0.078142710 0.989270627 0.120672956 0.025987266 1.124575377 2.754152060 -0.505211651 0.000000000 0.000000000 -10.000000000
1776608248.946832418 0.549420297 0.333571255 0.195309579 0.078142710 0.989270627 0.120672956 0.025987266 1.110266566 2.822999001 -0.496367544 0.000000000 0.000000000 -10.000000000
1776608248.951837778 0.550031066 0.333255708 0.195053279 0.078387134 0.989374578 0.119831949 0.025172818 1.092504501 2.892928839 -0.494693786 0.000000000 0.000000000 -10.000000000
1776608248.956846476 0.550031066 0.333255708 0.195053279 0.078387134 0.989374578 0.119831949 0.025172818 1.071642756 2.963694811 -0.499907106 0.000000000 0.000000000 -10.000000000
1776608248.962367058 0.550298572 0.333064765 0.194889069 0.078493446 0.989431024 0.119393073 0.024705343 1.048064470 3.035041809 -0.511736333 0.000000000 0.000000000 -10.000000000
1776608248.966949701 0.550590932 0.332854092 0.194739044 0.078599595 0.989485979 0.118960194 0.024249617 1.022177577 3.106707335 -0.529925883 0.000000000 0.000000000 -10.000000000
1776608248.971799612 0.550934553 0.332625002 0.194598258 0.078723006 0.989536107 0.118546151 0.023827393 0.994411230 3.178425074 -0.554238141 0.000000000 0.000000000 -10.000000000
1776608248.976810932 0.551298380 0.332362205 0.194455057 0.078865990 0.989584446 0.118131466 0.023404054 0.965211868 3.249930859 -0.584454656 0.000000000 0.000000000 -10.000000000
1776608248.981862545 0.552053273 0.331751943 0.194145471 0.079252489 0.989673555 0.117297038 0.022510638 0.935037851 3.320965052 -0.620374918 0.000000000 0.000000000 -10.000000000
1776608248.986821890 0.552053273 0.331751943 0.194145471 0.079252489 0.989673555 0.117297038 0.022510638 0.904354513 3.391277790 -0.661817014 0.000000000 0.000000000 -10.000000000
1776608248.991865873 0.552475572 0.331430972 0.194002867 0.079481900 0.989711702 0.116899922 0.022085529 0.873629451 3.460629463 -0.708617806 0.000000000 0.000000000 -10.000000000
1776608248.996883631 0.553384960 0.330770195 0.193771064 0.079973198 0.989779413 0.116135284 0.021297263 0.843327343 3.528794050 -0.760632575 0.000000000 0.000000000 -10.000000000
1776608249.001811028 0.553384960 0.330770195 0.193771064 0.079973198 0.989779413 0.116135284 0.021297263 0.813906252 3.595557928 -0.817732930 0.000000000 0.000000000 -10.000000000
1776608249.006796598 0.553870678 0.330404609 0.193645626 0.080245167 0.989810705 0.115745828 0.020938337 0.785813272 3.660723448 -0.879803717 0.000000000 0.000000000 -10.000000000
1776608249.011857033 0.554334879 0.330010384 0.193494827 0.080529794 0.989843249 0.115338363 0.020550787 0.759480834 3.724108458 -0.946739614 0.000000000 0.000000000 -10.000000000
1776608249.017207623 0.555328190 0.329181433 0.193143427 0.081159323 0.989899278 0.114540137 0.019827554 0.735321403 3.785548449 -1.018442750 0.000000000 0.000000000 -10.000000000
1776608249.021893740 0.555328190 0.329181433 0.193143427 0.081159323 0.989899278 0.114540137 0.019827554 0.713722765 3.844895363 -1.094821215 0.000000000 0.000000000 -10.000000000
1776608249.026896238 0.555873752 0.328736454 0.192962468 0.081497259 0.989923716 0.114142478 0.019511059 0.695045292 3.902016878 -1.175788760 0.000000000 0.000000000 -10.000000000
1776608249.032052517 0.556476831 0.328287303 0.192818761 0.081843801 0.989943206 0.113766558 0.019268161 0.679621875 3.956792831 -1.261265159 0.000000000 0.000000000 -10.000000000
1776608249.037080050 0.557812393 0.327420175 0.192612886 0.082538165 0.989968598 0.113093913 0.018956365 0.667760015 4.009115696 -1.351175070 0.000000000 0.000000000 -10.000000000
1776608249.042117834 0.557812393 0.327420175 0.192612886 0.082538165 0.989968598 0.113093913 0.018956365 0.659743726 4.058888912 -1.445446372 0.000000000 0.000000000 -10.000000000
1776608249.046948195 0.559128284 0.326529324 0.192340493 0.083238728 0.989992559 0.112420008 0.018649030 0.655835032 4.106026649 -1.544008374 0.000000000 0.000000000 -10.000000000
1776608249.051855564 0.559128284 0.326529324 0.192340493 0.083238728 0.989992559 0.112420008 0.018649030 0.656273484 4.150454044 -1.646790147 0.000000000 0.000000000 -10.000000000
1776608249.056849480 0.559817076 0.326074779 0.192185909 0.083595604 0.990002453 0.112087287 0.018530516 0.661274850 4.192101479 -1.753720164 0.000000000 0.000000000 -10.000000000
1776608249.062173605 0.560542226 0.325606257 0.192032993 0.083963312 0.990009606 0.111759968 0.018462017 0.671028733 4.230907917 -1.864725709 0.000000000 0.000000000 -10.000000000
1776608249.067007065 0.562105358 0.324581653 0.191769034 0.084720992 0.990020752 0.111087412 0.018463295 0.685695708 4.266817093 -1.979731202 0.000000000 0.000000000 -10.000000000
1776608249.071903467 0.562968910 0.324068189 0.191670477 0.085111089 0.990019321 0.110784844 0.018561544 0.705405235 4.299780846 -2.098657131 0.000000000 0.000000000 -10.000000000
1776608249.076845407 0.562968910 0.324068189 0.191670477 0.085111089 0.990019321 0.110784844 0.018561544 0.730253756 4.329760551 -2.221417665 0.000000000 0.000000000 -10.000000000
1776608249.081837893 0.563831747 0.323552519 0.191576511 0.085501425 0.990016997 0.110487036 0.018666634 0.760302782 4.356727123 -2.347917557 0.000000000 0.000000000 -10.000000000
1776608249.086891651 0.564715624 0.323040307 0.191471815 0.085895173 0.990012884 0.110196233 0.018795164 0.795574546 4.380661011 -2.478049994 0.000000000 0.000000000 -10.000000000
1776608249.091873646 0.565559387 0.322530925 0.191354275 0.086278066 0.990010619 0.109899953 0.018897543 0.836045325 4.401551723 -2.611695290 0.000000000 0.000000000 -10.000000000
1776608249.096923828 0.567099094 0.321480632 0.191058725 0.087064251 0.990010083 0.109276786 0.018932760 0.881638885 4.419399738 -2.748718977 0.000000000 0.000000000 -10.000000000
1776608249.101825476 0.567887545 0.320961654 0.190950185 0.087466210 0.990005195 0.108992033 0.018976174 0.932222128 4.434216022 -2.888971090 0.000000000 0.000000000 -10.000000000
1776608249.106866121 0.567887545 0.320961654 0.190950185 0.087466210 0.990005195 0.108992033 0.018976174 0.987605393 4.446023941 -3.032285929 0.000000000 0.000000000 -10.000000000
1776608249.111881256 0.568650663 0.320429623 0.190845013 0.087875739 0.990000308 0.108703755 0.018993638 1.047546029 4.454860210 -3.178478718 0.000000000 0.000000000 -10.000000000
1776608249.116859913 0.569316328 0.319869667 0.190706372 0.088292167 0.990000367 0.108382478 0.018893128 1.111751676 4.460776806 -3.327347755 0.000000000 0.000000000 -10.000000000
1776608249.122155190 0.569974065 0.319300294 0.190561116 0.088724338 0.989998400 0.108067811 0.018775923 1.179882765 4.463840961 -3.478673697 0.000000000 0.000000000 -10.000000000
1776608249.127110958 0.571393192 0.318136394 0.190332592 0.089608490 0.989987612 0.107457273 0.018648041 1.251557112 4.464137077 -3.632221460 0.000000000 0.000000000 -10.000000000
1776608249.132027149 0.572113633 0.317532688 0.190241486 0.090046741 0.989982665 0.107143588 0.018605063 1.326356769 4.461761951 -3.787740231 0.000000000 0.000000000 -10.000000000
1776608249.136985064 0.572113633 0.317532688 0.190241486 0.090046741 0.989982665 0.107143588 0.018605063 1.403836012 4.456827164 -3.944962263 0.000000000 0.000000000 -10.000000000
1776608249.141947985 0.572802782 0.316971838 0.190157235 0.090449177 0.989979148 0.106846146 0.018551150 1.483528495 4.449456692 -4.103604794 0.000000000 0.000000000 -10.000000000
1776608249.146998882 0.574079514 0.315961897 0.189956427 0.091229640 0.989967227 0.106324926 0.018358527 1.564954162 4.439784050 -4.263369083 0.000000000 0.000000000 -10.000000000
1776608249.151931524 0.574079514 0.315961897 0.189956427 0.091229640 0.989967227 0.106324926 0.018358527 1.647625089 4.427946568 -4.423943043 0.000000000 0.000000000 -10.000000000
1776608249.157175064 0.574720502 0.315423340 0.189827323 0.091660596 0.989957571 0.106063098 0.018248340 1.731051564 4.414083958 -4.585001469 0.000000000 0.000000000 -10.000000000
1776608249.161937237 0.575350046 0.314889312 0.189678043 0.092086591 0.989948094 0.105802901 0.018128067 1.814748168 4.398334980 -4.746210098 0.000000000 0.000000000 -10.000000000
1776608249.167071104 0.575981975 0.314372331 0.189545184 0.092518136 0.989934444 0.105572164 0.018020146 1.898240447 4.380839348 -4.907228470 0.000000000 0.000000000 -10.000000000
1776608249.171991110 0.576624811 0.313860893 0.189419925 0.092978984 0.989914417 0.105372250 0.017918248 1.981071234 4.361732483 -5.067715645 0.000000000 0.000000000 -10.000000000
1776608249.177115440 0.577225149 0.313345253 0.189301372 0.093430571 0.989896715 0.105162650 0.017778324 2.062804937 4.341147900 -5.227330208 0.000000000 0.000000000 -10.000000000
1776608249.181841135 0.577861607 0.312863320 0.189220846 0.093865201 0.989875972 0.104985520 0.017689332 2.143030882 4.319216251 -5.385735989 0.000000000 0.000000000 -10.000000000
1776608249.187583208 0.578564584 0.312363237 0.189155877 0.094324663 0.989849389 0.104827449 0.017669510 2.221366882 4.296067715 -5.542605877 0.000000000 0.000000000 -10.000000000
1776608249.192050695 0.579269528 0.311866522 0.189083725 0.094786957 0.989821255 0.104678154 0.017657172 2.297463894 4.271827221 -5.697620869 0.000000000 0.000000000 -10.000000000
1776608249.197116137 0.580482662 0.310914874 0.188863993 0.095553897 0.989787042 0.104336515 0.017461851 2.371006966 4.246615887 -5.850475311 0.000000000 0.000000000 -10.000000000
1776608249.201828003 0.580482662 0.310914874 0.188863993 0.095553897 0.989787042 0.104336515 0.017461851 2.441710711 4.220553875 -6.000876904 0.000000000 0.000000000 -10.000000000
1776608249.207141161 0.581003487 0.310431629 0.188716024 0.095865801 0.989781082 0.104138002 0.017274616 2.509315968 4.193762302 -6.148549080 0.000000000 0.000000000 -10.000000000
1776608249.212072611 0.582120538 0.309413761 0.188492000 0.096458636 0.989768863 0.103754945 0.016977724 2.573586226 4.166364193 -6.293237209 0.000000000 0.000000000 -10.000000000
1776608249.217058420 0.582593560 0.308857411 0.188370347 0.096706077 0.989772201 0.103532754 0.016728844 2.634306192 4.138490200 -6.434706211 0.000000000 0.000000000 -10.000000000
1776608249.222007513 0.582980573 0.308320045 0.188245595 0.096889593 0.989783704 0.103305049 0.016390281 2.691278934 4.110275269 -6.572746277 0.000000000 0.000000000 -10.000000000
1776608249.227088928 0.582980573 0.308320045 0.188245595 0.096889593 0.989783704 0.103305049 0.016390281 2.744324684 4.081861973 -6.707170963 0.000000000 0.000000000 -10.000000000
1776608249.231870174 0.583359182 0.307798713 0.188119859 0.097047672 0.989794791 0.103105806 0.016036468 2.793276310 4.053397179 -6.837819576 0.000000000 0.000000000 -10.000000000
1776608249.237117290 0.583724558 0.307314545 0.187999070 0.097211733 0.989799976 0.102960490 0.015651602 2.837978601 4.025029182 -6.964554787 0.000000000 0.000000000 -10.000000000
1776608249.241883993 0.584054112 0.306836754 0.187880039 0.097386368 0.989801824 0.102843173 0.015216577 2.878289223 3.996903181 -7.087263584 0.000000000 0.000000000 -10.000000000
1776608249.247260332 0.584352374 0.306399494 0.187756568 0.097592331 0.989795089 0.102782406 0.014735769 2.914082289 3.969159126 -7.205857277 0.000000000 0.000000000 -10.000000000
1776608249.252133369 0.584595621 0.306015223 0.187651306 0.097815998 0.989780366 0.102787569 0.014196923 2.945250988 3.941932917 -7.320269108 0.000000000 0.000000000 -10.000000000
1776608249.257165909 0.584834635 0.305683076 0.187552631 0.098053083 0.989756405 0.102867752 0.013641641 2.971711874 3.915353298 -7.430453777 0.000000000 0.000000000 -10.000000000
1776608249.262205839 0.585282326 0.305077136 0.187355936 0.098659255 0.989678323 0.103187345 0.012470784 2.993406773 3.889540672 -7.536390305 0.000000000 0.000000000 -10.000000000
1776608249.266872883 0.585495114 0.304799676 0.187256336 0.099007614 0.989626884 0.103418946 0.011858293 3.010304451 3.864605427 -7.638077259 0.000000000 0.000000000 -10.000000000
1776608249.272114992 0.585495114 0.304799676 0.187256336 0.099007614 0.989626884 0.103418946 0.011858293 3.022403240 3.840648890 -7.735537529 0.000000000 0.000000000 -10.000000000
1776608249.276958227 0.585700274 0.304535866 0.187144905 0.099399284 0.989566863 0.103688121 0.011225642 3.029731512 3.817763805 -7.828819752 0.000000000 0.000000000 -10.000000000
1776608249.282289028 0.585882783 0.304298937 0.187039793 0.099775352 0.989503920 0.103995331 0.010575744 3.032350540 3.796036005 -7.917999744 0.000000000 0.000000000 -10.000000000
1776608249.287219048 0.586029351 0.304068387 0.186933041 0.100162067 0.989437759 0.104320616 0.009881932 3.030354500 3.775547504 -8.003183365 0.000000000 0.000000000 -10.000000000
1776608249.292059183 0.586144090 0.303853393 0.186825603 0.100545168 0.989368975 0.104670689 0.009154061 3.023869514 3.756379128 -8.084506989 0.000000000 0.000000000 -10.000000000
1776608249.297128439 0.586261213 0.303647161 0.186723262 0.100919083 0.989297271 0.105048336 0.008431258 3.013052464 3.738612890 -8.162137985 0.000000000 0.000000000 -10.000000000
1776608249.301844835 0.586365998 0.303431004 0.186615467 0.101298250 0.989223540 0.105433196 0.007696650 2.998090267 3.722333670 -8.236272812 0.000000000 0.000000000 -10.000000000
1776608249.307182074 0.586450517 0.303210557 0.186522305 0.101646103 0.989151597 0.105824634 0.006949109 2.979195118 3.707632065 -8.307134628 0.000000000 0.000000000 -10.000000000
1776608249.311851025 0.586534917 0.302990198 0.186439723 0.101985320 0.989078104 0.106230982 0.006204498 2.956599951 3.694605827 -8.374969482 0.000000000 0.000000000 -10.000000000
1776608249.317228556 0.586608648 0.302767843 0.186359793 0.102295473 0.989005864 0.106645331 0.005463129 2.930553436 3.683361769 -8.440047264 0.000000000 0.000000000 -10.000000000
1776608249.322192430 0.586660564 0.302533448 0.186268091 0.102608353 0.988932371 0.107062005 0.004695176 2.901313782 3.674016237 -8.502655029 0.000000000 0.000000000 -10.000000000
1776608249.326852798 0.586683750 0.302280664 0.186161995 0.102902487 0.988861322 0.107466675 0.003908044 2.869144201 3.666697979 -8.563095093 0.000000000 0.000000000 -10.000000000
1776608249.332570314 0.586679995 0.302005500 0.186038733 0.103193521 0.988791406 0.107856855 0.003091015 2.834305286 3.661548615 -8.621684074 0.000000000 0.000000000 -10.000000000
1776608249.337147474 0.586656749 0.301431715 0.185791254 0.103771701 0.988648474 0.108643703 0.001472570 2.797050238 3.658724070 -8.678747177 0.000000000 0.000000000 -10.000000000
1776608249.342191219 0.586656749 0.301431715 0.185791254 0.103771701 0.988648474 0.108643703 0.001472570 2.757619143 3.658394337 -8.734615326 0.000000000 0.000000000 -10.000000000
1776608249.347151995 0.586606383 0.301117331 0.185652137 0.104051627 0.988578796 0.109017327 0.000642023 2.716238499 3.660740137 -8.789628983 0.000000000 0.000000000 -10.000000000
1776608249.352158546 0.586557448 0.300788790 0.185524732 0.104338244 0.988507509 0.109391198 -0.000178481 2.673118114 3.665951252 -8.844132423 0.000000000 0.000000000 -10.000000000
1776608249.357151508 0.586495757 0.300437540 0.185393274 0.104619503 0.988436997 0.109754637 -0.001000501 2.628451347 3.674222469 -8.898474693 0.000000000 0.000000000 -10.000000000
1776608249.362134457 0.586406708 0.300065994 0.185231656 0.104911886 0.988366425 0.110099681 -0.001849613 2.582413435 3.685751915 -8.953008652 0.000000000 0.000000000 -10.000000000
1776608249.366850853 0.586318076 0.299668401 0.185073942 0.105202854 0.988296390 0.110432692 -0.002688505 2.535161495 3.700738192 -9.008090973 0.000000000 0.000000000 -10.000000000
1776608249.371872425 0.586215794 0.299243271 0.184905052 0.105499260 0.988227010 0.110746577 -0.003528285 2.486833572 3.719376802 -9.064077377 0.000000000 0.000000000 -10.000000000
1776608249.377442598 0.586084008 0.298795551 0.184729099 0.105799228 0.988158107 0.111043930 -0.004390260 2.437547445 3.741856337 -9.121325493 0.000000000 0.000000000 -10.000000000
1776608249.381873369 0.585951984 0.298330456 0.184567541 0.106087513 0.988090277 0.111335449 -0.005234858 2.387400627 3.768354177 -9.180183411 0.000000000 0.000000000 -10.000000000
1776608249.387100697 0.585801065 0.297852665 0.184407383 0.106387332 0.988021433 0.111617118 -0.006086192 2.336469650 3.799032927 -9.240993500 0.000000000 0.000000000 -10.000000000
1776608249.391812801 0.585619509 0.297360241 0.184233129 0.106677033 0.987954676 0.111880101 -0.006958545 2.284810305 3.834038734 -9.304087639 0.000000000 0.000000000 -10.000000000
1776608249.397072792 0.585414588 0.296863616 0.184059173 0.106960446 0.987888515 0.112135090 -0.007838831 2.232459068 3.873497248 -9.369783401 0.000000000 0.000000000 -10.000000000
1776608249.401859760 0.585186064 0.296362013 0.183882773 0.107240744 0.987822831 0.112380087 -0.008726560 2.179431677 3.917513371 -9.438382149 0.000000000 0.000000000 -10.000000000
1776608249.407100439 0.584955573 0.295856774 0.183709800 0.107515603 0.987757087 0.112623818 -0.009599983 2.125723362 3.966167688 -9.510166168 0.000000000 0.000000000 -10.000000000
1776608249.412154436 0.584713340 0.295344651 0.183538288 0.107787654 0.987691283 0.112863541 -0.010470094 2.071310520 4.019511700 -9.585394859 0.000000000 0.000000000 -10.000000000
1776608249.417125940 0.584464788 0.294827521 0.183377713 0.108060673 0.987624228 0.113105811 -0.011328148 2.016152143 4.077565670 -9.664302826 0.000000000 0.000000000 -10.000000000
1776608249.422108889 0.583930671 0.293752134 0.183057070 0.108636744 0.987485528 0.113579057 -0.013045763 1.960194230 4.140315533 -9.747095108 0.000000000 0.000000000 -10.000000000
1776608249.427090406 0.583930671 0.293752134 0.183057070 0.108636744 0.987485528 0.113579057 -0.013045763 1.903372884 4.207709789 -9.833947182 0.000000000 0.000000000 -10.000000000
1776608249.431841612 0.583671153 0.293229192 0.182917297 0.108923174 0.987412512 0.113840878 -0.013874787 1.845617652 4.279657364 -9.924998283 0.000000000 0.000000000 -10.000000000
1776608249.436862230 0.583422780 0.292713284 0.182787448 0.109212004 0.987337232 0.114115983 -0.014678557 1.786855102 4.356026649 -10.020352364 0.000000000 0.000000000 -10.000000000
1776608249.441860676 0.583158433 0.292200595 0.182663977 0.109504797 0.987259746 0.114398830 -0.015485876 1.727011800 4.436643600 -10.120070457 0.000000000 0.000000000 -10.000000000
1776608249.447127581 0.582878351 0.291683614 0.182543278 0.109787546 0.987182736 0.114679910 -0.016292967 1.666016936 4.521294117 -10.224172592 0.000000000 0.000000000 -10.000000000
1776608249.452172995 0.582572103 0.291154891 0.182420790 0.110085763 0.987103879 0.114952624 -0.017116733 1.603804827 4.609727383 -10.332630157 0.000000000 0.000000000 -10.000000000
1776608249.457016706 0.582260787 0.290640742 0.182306409 0.110368975 0.987024069 0.115241796 -0.017929075 1.540316939 4.701656342 -10.445371628 0.000000000 0.000000000 -10.000000000
1776608249.462084532 0.581923544 0.290115118 0.182184249 0.110642657 0.986947000 0.115508705 -0.018749367 1.475503683 4.796767712 -10.562275887 0.000000000 0.000000000 -10.000000000
1776608249.467112303 0.581533432 0.289571911 0.182052523 0.110902153 0.986873686 0.115743078 -0.019611968 1.409325361 4.894722462 -10.683176994 0.000000000 0.000000000 -10.000000000
1776608249.472191334 0.581119180 0.289027840 0.181922704 0.111154579 0.986801684 0.115964837 -0.020476921 1.341750741 4.995161057 -10.807862282 0.000000000 0.000000000 -10.000000000
1776608249.477173328 0.580687106 0.288467884 0.181805283 0.111394361 0.986732841 0.116164088 -0.021343186 1.272757292 5.097709179 -10.936074257 0.000000000 0.000000000 -10.000000000
1776608249.482137918 0.580237150 0.287897944 0.181685001 0.111626089 0.986665487 0.116349578 -0.022216763 1.202329516 5.201980114 -11.067511559 0.000000000 0.000000000 -10.000000000
1776608249.486826658 0.579784513 0.287322283 0.181560576 0.111863591 0.986597896 0.116525933 -0.023084361 1.130460739 5.307574749 -11.201825142 0.000000000 0.000000000 -10.000000000
1776608249.492223740 0.579292417 0.286721140 0.181414306 0.112093925 0.986533105 0.116670161 -0.023988783 1.057153821 5.414084911 -11.338624954 0.000000000 0.000000000 -10.000000000
1776608249.497021437 0.578775048 0.286116749 0.181250542 0.112329535 0.986467540 0.116803937 -0.024913847 0.982423425 5.521094322 -11.477482796 0.000000000 0.000000000 -10.000000000
1776608249.501876354 0.578275263 0.285521924 0.181092292 0.112576351 0.986398935 0.116950318 -0.025813524 0.906298280 5.628179073 -11.617936134 0.000000000 0.000000000 -10.000000000
1776608249.507651567 0.577805340 0.284942567 0.180939347 0.112821467 0.986328781 0.117112920 -0.026671680 0.828823924 5.734912395 -11.759492874 0.000000000 0.000000000 -10.000000000
1776608249.511949062 0.576881766 0.283845365 0.180638105 0.113327198 0.986176252 0.117515452 -0.028345531 0.750067353 5.840863228 -11.901643753 0.000000000 0.000000000 -10.000000000
1776608249.516875982 0.576881766 0.283845365 0.180638105 0.113327198 0.986176252 0.117515452 -0.028345531 0.670122385 5.945599079 -12.043862343 0.000000000 0.000000000 -10.000000000
1776608249.521953821 0.576441050 0.283316731 0.180509448 0.113591157 0.986094713 0.117750615 -0.029138146 0.589113653 6.048684120 -12.185611725 0.000000000 0.000000000 -10.000000000
1776608249.526831150 0.576002061 0.282803327 0.180378556 0.113862924 0.986008644 0.118013017 -0.029919174 0.507197618 6.149682999 -12.326354027 0.000000000 0.000000000 -10.000000000
1776608249.531838417 0.575586081 0.282320082 0.180248380 0.114128828 0.985920012 0.118306063 -0.030660331 0.424561799 6.248165131 -12.465554237 0.000000000 0.000000000 -10.000000000
1776608249.536959410 0.575208008 0.281879246 0.180139154 0.114399828 0.985825956 0.118648052 -0.031345714 0.341423750 6.343708038 -12.602686882 0.000000000 0.000000000 -10.000000000
1776608249.541887999 0.574845374 0.281462312 0.180041850 0.114669308 0.985728145 0.119025543 -0.031997766 0.258029491 6.435901165 -12.737236023 0.000000000 0.000000000 -10.000000000
1776608249.546964884 0.574487567 0.281070650 0.179958075 0.114936091 0.985627711 0.119428925 -0.032625642 0.174650133 6.524350166 -12.868707657 0.000000000 0.000000000 -10.000000000
1776608249.551874638 0.574143469 0.280696779 0.179890841 0.115196846 0.985524893 0.119860336 -0.033224557 0.091576479 6.608684540 -12.996623993 0.000000000 0.000000000 -10.000000000
1776608249.556940556 0.573829710 0.280340284 0.179843247 0.115480132 0.985415876 0.120327055 -0.033782367 0.009111887 6.688563347 -13.120532036 0.000000000 0.000000000 -10.000000000
1776608249.562202930 0.573540449 0.280000925 0.179809779 0.115768917 0.985303283 0.120822035 -0.034308687 -0.072435744 6.763679504 -13.239999771 0.000000000 0.000000000 -10.000000000
1776608249.566853523 0.573256612 0.279657245 0.179774970 0.116065502 0.985189259 0.121318564 -0.034823898 -0.152761266 6.833765984 -13.354620934 0.000000000 0.000000000 -10.000000000
1776608249.572303772 0.572981715 0.279315919 0.179748774 0.116378665 0.985071778 0.121826418 -0.035325643 -0.231569141 6.898599148 -13.464014053 0.000000000 0.000000000 -10.000000000
1776608249.577183962 0.572661996 0.278956234 0.179710269 0.116685800 0.984956264 0.122307017 -0.035868626 -0.308581144 6.958000183 -13.567819595 0.000000000 0.000000000 -10.000000000
1776608249.582121849 0.572279274 0.278575540 0.179648101 0.116994880 0.984841466 0.122754954 -0.036478754 -0.383544177 7.011838913 -13.665704727 0.000000000 0.000000000 -10.000000000
1776608249.587131739 0.571904778 0.278184772 0.179600507 0.117302194 0.984727979 0.123194799 -0.037068021 -0.456235647 7.060035229 -13.757364273 0.000000000 0.000000000 -10.000000000
1776608249.592101097 0.571527719 0.277792066 0.179566324 0.117609188 0.984614551 0.123631306 -0.037650142 -0.526466370 7.102557182 -13.842515945 0.000000000 0.000000000 -10.000000000
1776608249.597135782 0.571106672 0.277382076 0.179513276 0.117917158 0.984501600 0.124044888 -0.038275067 -0.594081342 7.139421940 -13.920907021 0.000000000 0.000000000 -10.000000000
1776608249.601954937 0.570628703 0.276950449 0.179434717 0.118209288 0.984393179 0.124416448 -0.038951483 -0.658959925 7.170692444 -13.992310524 0.000000000 0.000000000 -10.000000000
1776608249.606881380 0.570084155 0.276498526 0.179341674 0.118499130 0.984285891 0.124753088 -0.039697487 -0.721015453 7.196473122 -14.056526184 0.000000000 0.000000000 -10.000000000
1776608249.611828566 0.569515049 0.276040167 0.179245532 0.118766099 0.984183192 0.125065371 -0.040456675 -0.780194283 7.216906071 -14.113385201 0.000000000 0.000000000 -10.000000000
1776608249.616830587 0.568931043 0.275589347 0.179165632 0.119020112 0.984081745 0.125375047 -0.041211937 -0.836472929 7.232168198 -14.162747383 0.000000000 0.000000000 -10.000000000
1776608249.621822834 0.568319440 0.275138080 0.179079801 0.119263761 0.983980775 0.125677690 -0.041989729 -0.889854610 7.242461205 -14.204501152 0.000000000 0.000000000 -10.000000000
1776608249.626868248 0.567684829 0.274690509 0.178978503 0.119502373 0.983880460 0.125969991 -0.042778976 -0.940364361 7.248009205 -14.238565445 0.000000000 0.000000000 -10.000000000
1776608249.631822824 0.567034245 0.274248064 0.178867996 0.119738884 0.983778894 0.126262799 -0.043582462 -0.988043487 7.249049187 -14.264886856 0.000000000 0.000000000 -10.000000000
1776608249.636938572 0.566422343 0.273825943 0.178776413 0.119970888 0.983676195 0.126583681 -0.044325098 -1.032942653 7.245827675 -14.283444405 0.000000000 0.000000000 -10.000000000
1776608249.641942263 0.565867364 0.273436248 0.178696632 0.120221674 0.983568549 0.126945138 -0.044995081 -1.075114131 7.238592148 -14.294248581 0.000000000 0.000000000 -10.000000000
1776608249.646870136 0.565340459 0.273068637 0.178613305 0.120485552 0.983456850 0.127335042 -0.045625422 -1.114607453 7.227589130 -14.297342300 0.000000000 0.000000000 -10.000000000
1776608249.651844978 0.564873815 0.272726893 0.178535700 0.120772943 0.983340561 0.127759784 -0.046181522 -1.151465178 7.213061333 -14.292807579 0.000000000 0.000000000 -10.000000000
1776608249.656923294 0.564440966 0.272407889 0.178464681 0.121074073 0.983219743 0.128220707 -0.046685014 -1.185716510 7.195240974 -14.280757904 0.000000000 0.000000000 -10.000000000
1776608249.661820889 0.564031482 0.272110581 0.178391725 0.121402480 0.983093560 0.128705904 -0.047152247 -1.217374325 7.174349308 -14.261340141 0.000000000 0.000000000 -10.000000000
1776608249.667175531 0.563647807 0.271832705 0.178311348 0.121746041 0.982963085 0.129215628 -0.047589883 -1.246436596 7.150592804 -14.234733582 0.000000000 0.000000000 -10.000000000
1776608249.671916246 0.563286364 0.271574080 0.178236365 0.122104965 0.982828557 0.129748747 -0.047996391 -1.272890329 7.124166489 -14.201148987 0.000000000 0.000000000 -10.000000000
1776608249.677138805 0.562942684 0.271345019 0.178179651 0.122472800 0.982689857 0.130312532 -0.048370916 -1.296716690 7.095253944 -14.160830498 0.000000000 0.000000000 -10.000000000
1776608249.682119608 0.562568605 0.271121025 0.178119421 0.122845486 0.982549310 0.130872577 -0.048766982 -1.317895412 7.064033985 -14.114056587 0.000000000 0.000000000 -10.000000000
1776608249.687303543 0.562199950 0.270906091 0.178055495 0.123220518 0.982408166 0.131435230 -0.049149901 -1.336408257 7.030678749 -14.061134338 0.000000000 0.000000000 -10.000000000
1776608249.691978931 0.561832190 0.270668566 0.177998245 0.123581842 0.982272744 0.131972209 -0.049509261 -1.352241516 6.995358944 -14.002398491 0.000000000 0.000000000 -10.000000000
1776608249.697177887 0.561439574 0.270425260 0.177928925 0.123919949 0.982143223 0.132480875 -0.049872953 -1.365388989 6.958248138 -13.938206673 0.000000000 0.000000000 -10.000000000
1776608249.701836824 0.561016738 0.270170391 0.177851617 0.124225639 0.982021928 0.132949680 -0.050252549 -1.375856161 6.919527531 -13.868943214 0.000000000 0.000000000 -10.000000000
1776608249.707025766 0.560589612 0.269897163 0.177776039 0.124500364 0.981910586 0.133374915 -0.050619550 -1.383662581 6.879389763 -13.795013428 0.000000000 0.000000000 -10.000000000
1776608249.711950302 0.560155451 0.269598514 0.177696705 0.124737978 0.981810629 0.133753046 -0.050974593 -1.388845086 6.838041782 -13.716842651 0.000000000 0.000000000 -10.000000000
1776608249.716808081 0.559675395 0.269254774 0.177601516 0.124917425 0.981728315 0.134040728 -0.051363394 -1.391458869 6.795707703 -13.634874344 0.000000000 0.000000000 -10.000000000
1776608249.721889973 0.559146345 0.268880337 0.177498430 0.125046745 0.981661618 0.134245366 -0.051787205 -1.391578197 6.752626419 -13.549564362 0.000000000 0.000000000 -10.000000000
1776608249.726866484 0.558561265 0.268470615 0.177373946 0.125120178 0.981610656 0.134368315 -0.052255634 -1.389297009 6.709059715 -13.461383820 0.000000000 0.000000000 -10.000000000
1776608249.733249187 0.557942152 0.268031865 0.177241027 0.125154778 0.981573701 0.134414420 -0.052745659 -1.384728670 6.665291309 -13.370807648 0.000000000 0.000000000 -10.000000000
1776608249.736864805 0.557264864 0.267541081 0.177094638 0.125138536 0.981553555 0.134363279 -0.053286590 -1.378004313 6.621629238 -13.278320312 0.000000000 0.000000000 -10.000000000
1776608249.741837502 0.556517243 0.266998440 0.176922143 0.125102952 0.981547117 0.134201825 -0.053892296 -1.369273424 6.578403473 -13.184405327 0.000000000 0.000000000 -10.000000000
1776608249.746815920 0.555700183 0.266409487 0.176729172 0.125024885 0.981556177 0.133937582 -0.054561283 -1.358703494 6.535963058 -13.089546204 0.000000000 0.000000000 -10.000000000
1776608249.751829147 0.554857373 0.265804231 0.176542789 0.124935500 0.981572211 0.133620605 -0.055251099 -1.346480727 6.494668484 -12.994224548 0.000000000 0.000000000 -10.000000000
1776608249.757097483 0.553969920 0.265185416 0.176354170 0.124840572 0.981594384 0.133244082 -0.055976070 -1.332807660 6.454884052 -12.898912430 0.000000000 0.000000000 -10.000000000
1776608249.762222767 0.553020597 0.264549345 0.176161885 0.124727160 0.981623530 0.132803991 -0.056758337 -1.317901254 6.416969299 -12.804079056 0.000000000 0.000000000 -10.000000000
1776608249.767090559 0.552044213 0.263904005 0.175965101 0.124630354 0.981653988 0.132321939 -0.057563737 -1.301989079 6.381267548 -12.710180283 0.000000000 0.000000000 -10.000000000
1776608249.772106409 0.551021039 0.263257116 0.175757766 0.124553174 0.981684506 0.131795064 -0.058413353 -1.285304070 6.348102570 -12.617664337 0.000000000 0.000000000 -10.000000000
1776608249.777090788 0.549982846 0.262626022 0.175564378 0.124488428 0.981715918 0.131240398 -0.059266277 -1.268080115 6.317768097 -12.526966095 0.000000000 0.000000000 -10.000000000
1776608249.782290936 0.548940003 0.262008727 0.175378144 0.124423996 0.981749952 0.130664244 -0.060104493 -1.250546575 6.290525436 -12.438508987 0.000000000 0.000000000 -10.000000000
1776608249.786836386 0.547820807 0.261420846 0.175186723 0.124351308 0.981781244 0.130073234 -0.061018880 -1.232926011 6.266594887 -12.352699280 0.000000000 0.000000000 -10.000000000
1776608249.791901827 0.546672404 0.260869801 0.175006062 0.124266237 0.981811404 0.129483953 -0.061952628 -1.215434313 6.246148586 -12.269928932 0.000000000 0.000000000 -10.000000000
1776608249.797015429 0.545506358 0.260334969 0.174822778 0.124168560 0.981841266 0.128893703 -0.062899321 -1.198280096 6.229306698 -12.190569878 0.000000000 0.000000000 -10.000000000
1776608249.801998138 0.544324279 0.259811580 0.174628347 0.124051608 0.981872261 0.128297210 -0.063858002 -1.181665063 6.216131687 -12.114976883 0.000000000 0.000000000 -10.000000000
1776608249.806922913 0.543130219 0.259340972 0.174450070 0.123896651 0.981904507 0.127721220 -0.064811163 -1.165781736 6.206627846 -12.043480873 0.000000000 0.000000000 -10.000000000
1776608249.812288523 0.541896522 0.258918941 0.174268991 0.123708539 0.981935799 0.127157271 -0.065797381 -1.150810719 6.200737000 -11.976388931 0.000000000 0.000000000 -10.000000000
1776608249.816854000 0.540636897 0.258535564 0.174081713 0.123505712 0.981964231 0.126610681 -0.066800997 -1.136917591 6.198343277 -11.913984299 0.000000000 0.000000000 -10.000000000
1776608249.822167158 0.539377332 0.258199334 0.173917472 0.123283461 0.981990635 0.126094401 -0.067791797 -1.124250889 6.199269772 -11.856526375 0.000000000 0.000000000 -10.000000000
1776608249.826917171 0.538123131 0.257903576 0.173761755 0.123042107 0.982016683 0.125600263 -0.068763360 -1.112938881 6.203282833 -11.804250717 0.000000000 0.000000000 -10.000000000
1776608249.832100391 0.536898494 0.257645309 0.173623621 0.122777708 0.982045472 0.125127017 -0.069681540 -1.103087425 6.210096836 -11.757370949 0.000000000 0.000000000 -10.000000000
1776608249.836912870 0.534479320 0.257244051 0.173400849 0.122188486 0.982104063 0.124250941 -0.071437180 -1.094778299 6.219378471 -11.716074944 0.000000000 0.000000000 -10.000000000
1776608249.841832638 0.534479320 0.257244051 0.173400849 0.122188486 0.982104063 0.124250941 -0.071437180 -1.088067412 6.230751038 -11.680525780 0.000000000 0.000000000 -10.000000000
1776608249.846828699 0.532019615 0.256958276 0.173183382 0.121551707 0.982155502 0.123447366 -0.073187754 -1.082984447 6.243801594 -11.650859833 0.000000000 0.000000000 -10.000000000
1776608249.851872206 0.532019615 0.256958276 0.173183382 0.121551707 0.982155502 0.123447366 -0.073187754 -1.079531550 6.258085251 -11.627186775 0.000000000 0.000000000 -10.000000000
1776608249.856874228 0.530801058 0.256856084 0.173088372 0.121208027 0.982181787 0.123070017 -0.074035838 -1.077681184 6.273135185 -11.609587669 0.000000000 0.000000000 -10.000000000
1776608249.862220764 0.529615283 0.256771177 0.172997624 0.120851934 0.982210696 0.122706130 -0.074834049 -1.077374935 6.288466454 -11.598114014 0.000000000 0.000000000 -10.000000000
1776608249.867177963 0.527365267 0.256697595 0.172850311 0.120063275 0.982284665 0.122034341 -0.076218791 -1.078521132 6.303584099 -11.592784882 0.000000000 0.000000000 -10.000000000
1776608249.871891737 0.527365267 0.256697595 0.172850311 0.120063275 0.982284665 0.122034341 -0.076218791 -1.080993772 6.317987442 -11.593586922 0.000000000 0.000000000 -10.000000000
1776608249.876893044 0.526190341 0.256742597 0.172784477 0.119604647 0.982324064 0.121717304 -0.076935336 -1.084635735 6.331178665 -11.600470543 0.000000000 0.000000000 -10.000000000
1776608249.881832123 0.525087476 0.256808519 0.172742993 0.119139001 0.982368052 0.121419698 -0.077563606 -1.089264631 6.342665672 -11.613352776 0.000000000 0.000000000 -10.000000000
1776608249.887027502 0.524063230 0.256897032 0.172710776 0.118674718 0.982415915 0.121146657 -0.078094676 -1.094677806 6.351970196 -11.632120132 0.000000000 0.000000000 -10.000000000
1776608249.892168999 0.523098826 0.257019460 0.172686785 0.118212104 0.982466400 0.120894454 -0.078550979 -1.100656152 6.358631134 -11.656625748 0.000000000 0.000000000 -10.000000000
1776608249.897240877 0.522143066 0.257182360 0.172679842 0.117767230 0.982514143 0.120653838 -0.078990303 -1.106967688 6.362207890 -11.686692238 0.000000000 0.000000000 -10.000000000
1776608249.902125835 0.521173596 0.257371902 0.172665626 0.117339425 0.982559323 0.120409235 -0.079436794 -1.113372445 6.362282753 -11.722112656 0.000000000 0.000000000 -10.000000000
1776608249.907180071 0.520231485 0.257577062 0.172658861 0.116898730 0.982609093 0.120165810 -0.079839006 -1.119626641 6.358466148 -11.762645721 0.000000000 0.000000000 -10.000000000
1776608249.912101507 0.519335270 0.257808179 0.172665834 0.116430670 0.982666194 0.119927920 -0.080177136 -1.125487685 6.350396633 -11.808024406 0.000000000 0.000000000 -10.000000000
1776608249.917185068 0.518451571 0.258058190 0.172677338 0.115980886 0.982722163 0.119688660 -0.080500051 -1.130717158 6.337747097 -11.857947350 0.000000000 0.000000000 -10.000000000
1776608249.922236204 0.517602563 0.258329064 0.172701746 0.115554191 0.982778490 0.119448803 -0.080781311 -1.135084271 6.320227146 -11.912087440 0.000000000 0.000000000 -10.000000000
1776608249.926978588 0.516765654 0.258622915 0.172732681 0.115150958 0.982834756 0.119197719 -0.081043109 -1.138367534 6.297585487 -11.970088005 0.000000000 0.000000000 -10.000000000
1776608249.932121277 0.515916824 0.258948207 0.172763914 0.114743978 0.982892156 0.118934467 -0.081310377 -1.140357733 6.269609928 -12.031559944 0.000000000 0.000000000 -10.000000000
1776608249.936902761 0.515085757 0.259284317 0.172789663 0.114342861 0.982951641 0.118661962 -0.081554510 -1.140859008 6.236128807 -12.096090317 0.000000000 0.000000000 -10.000000000
1776608249.942224979 0.514300406 0.259623587 0.172840923 0.113972217 0.983011723 0.118384778 -0.081751473 -1.139690042 6.197010040 -12.163237572 0.000000000 0.000000000 -10.000000000
1776608249.946875811 0.513570666 0.259970218 0.172899365 0.113611922 0.983075142 0.118110932 -0.081886217 -1.136685014 6.152162552 -12.232533455 0.000000000 0.000000000 -10.000000000
1776608249.952212811 0.512864828 0.260340601 0.172971815 0.113247953 0.983140111 0.117848188 -0.081989296 -1.131691813 6.101533890 -12.303492546 0.000000000 0.000000000 -10.000000000
1776608249.956923962 0.512169003 0.260745645 0.173061073 0.112894177 0.983202398 0.117599964 -0.082086354 -1.124572873 6.045109749 -12.375608444 0.000000000 0.000000000 -10.000000000
1776608249.962191820 0.511520684 0.261169344 0.173167497 0.112531811 0.983268738 0.117362909 -0.082128741 -1.115205288 5.982911587 -12.448358536 0.000000000 0.000000000 -10.000000000
1776608249.966845751 0.510900557 0.261611313 0.173278183 0.112188742 0.983334541 0.117127895 -0.082145989 -1.103481889 5.914992809 -12.521207809 0.000000000 0.000000000 -10.000000000
1776608249.972201586 0.509680867 0.262524009 0.173516572 0.111475430 0.983471215 0.116650559 -0.082159922 -1.089311123 5.841436863 -12.593609810 0.000000000 0.000000000 -10.000000000
1776608249.977210760 0.509680867 0.262524009 0.173516572 0.111475430 0.983471215 0.116650559 -0.082159922 -1.072616339 5.762354851 -12.665008545 0.000000000 0.000000000 -10.000000000
1776608249.982188225 0.508546114 0.263530791 0.173807651 0.110637709 0.983625650 0.116204433 -0.082075328 -1.053334594 5.677884102 -12.734844208 0.000000000 0.000000000 -10.000000000
1776608249.986839056 0.508546114 0.263530791 0.173807651 0.110637709 0.983625650 0.116204433 -0.082075328 -1.031415820 5.588187695 -12.802553177 0.000000000 0.000000000 -10.000000000
1776608249.992178679 0.507996440 0.264057755 0.173957199 0.110134542 0.983714342 0.115979664 -0.082007550 -1.006823063 5.493452549 -12.867574692 0.000000000 0.000000000 -10.000000000
1776608249.997214794 0.507492363 0.264577389 0.174109995 0.109611183 0.983809531 0.115743734 -0.081899807 -0.979532182 5.393884659 -12.929346085 0.000000000 0.000000000 -10.000000000
1776608250.001962185 0.507004917 0.265105307 0.174256057 0.109056376 0.983910501 0.115497872 -0.081774212 -0.949530482 5.289713860 -12.987311363 0.000000000 0.000000000 -10.000000000
1776608250.006896496 0.506534278 0.265652478 0.174408019 0.108479880 0.984014034 0.115255579 -0.081636988 -0.916813910 5.181187153 -13.040921211 0.000000000 0.000000000 -10.000000000
1776608250.011811018 0.506082416 0.266238272 0.174570829 0.107865565 0.984121501 0.115027629 -0.081477463 -0.881385148 5.068571568 -13.089636803 0.000000000 0.000000000 -10.000000000
1776608250.017857790 0.505643904 0.266834587 0.174741656 0.107241377 0.984230280 0.114793219 -0.081317678 -0.843252361 4.952152729 -13.132930756 0.000000000 0.000000000 -10.000000000
1776608250.021810532 0.504841983 0.268047929 0.175097644 0.106027834 0.984446824 0.114326686 -0.080944322 -0.802428901 4.832231998 -13.170291901 0.000000000 0.000000000 -10.000000000
1776608250.027150631 0.504841983 0.268047929 0.175097644 0.106027834 0.984446824 0.114326686 -0.080944322 -0.758933783 4.709129333 -13.201228142 0.000000000 0.000000000 -10.000000000
1776608250.032022715 0.504487991 0.268691599 0.175291032 0.105449729 0.984551191 0.114113018 -0.080731265 -0.712792218 4.583180904 -13.225263596 0.000000000 0.000000000 -10.000000000
1776608250.037169933 0.504126310 0.269338399 0.175489187 0.104884572 0.984651923 0.113893859 -0.080548026 -0.664039552 4.454739094 -13.241948128 0.000000000 0.000000000 -10.000000000
1776608250.042228699 0.503709614 0.269991398 0.175674111 0.104354464 0.984742880 0.113659419 -0.080455780 -0.612726986 4.324175358 -13.250852585 0.000000000 0.000000000 -10.000000000
1776608250.047241211 0.503344536 0.270658225 0.175873935 0.103868686 0.984827518 0.113448977 -0.080345273 -0.558925569 4.191874981 -13.251578331 0.000000000 0.000000000 -10.000000000
1776608250.052204847 0.502997875 0.271334887 0.176098555 0.103423811 0.984905362 0.113252185 -0.080242686 -0.502726436 4.058237076 -13.243751526 0.000000000 0.000000000 -10.000000000
1776608250.057162046 0.502669632 0.271999478 0.176326662 0.103001237 0.984981179 0.113051653 -0.080138072 -0.444238007 3.923669338 -13.227031708 0.000000000 0.000000000 -10.000000000
1776608250.062033176 0.501982093 0.273361564 0.176767677 0.102137178 0.985124171 0.112672828 -0.080020003 -0.383581907 3.788589478 -13.201108932 0.000000000 0.000000000 -10.000000000
1776608250.067165136 0.501627207 0.274062455 0.176980317 0.101697356 0.985190272 0.112498827 -0.080011502 -0.320891231 3.653419733 -13.165703773 0.000000000 0.000000000 -10.000000000
1776608250.072126865 0.501273453 0.274775386 0.177202970 0.101275384 0.985249996 0.112343192 -0.080029376 -0.256311983 3.518586397 -13.120574951 0.000000000 0.000000000 -10.000000000
1776608250.077114105 0.501273453 0.274775386 0.177202970 0.101275384 0.985249996 0.112343192 -0.080029376 -0.190004602 3.384516239 -13.065516472 0.000000000 0.000000000 -10.000000000
1776608250.082175732 0.500934303 0.275489450 0.177437991 0.100846104 0.985309303 0.112193748 -0.080051519 -0.122144453 3.251635075 -13.000360489 0.000000000 0.000000000 -10.000000000
1776608250.087179422 0.500581682 0.276212633 0.177683413 0.100416452 0.985363603 0.112054549 -0.080117591 -0.052921075 3.120362520 -12.924982071 0.000000000 0.000000000 -10.000000000
1776608250.091997147 0.500198305 0.276947498 0.177929252 0.099968791 0.985413074 0.111928083 -0.080246300 0.017464271 2.991110563 -12.839296341 0.000000000 0.000000000 -10.000000000
1776608250.097054482 0.499835223 0.277685702 0.178182304 0.099529706 0.985458314 0.111821316 -0.080385014 0.088803962 2.864277840 -12.743263245 0.000000000 0.000000000 -10.000000000
1776608250.102113724 0.499202669 0.279182315 0.178676128 0.098695576 0.985538423 0.111674659 -0.080634788 0.160890922 2.740246296 -12.636884689 0.000000000 0.000000000 -10.000000000
1776608250.106903076 0.499202669 0.279182315 0.178676128 0.098695576 0.985538423 0.111674659 -0.080634788 0.233524173 2.619378090 -12.520209312 0.000000000 0.000000000 -10.000000000
1776608250.111840963 0.498898685 0.279933333 0.178929359 0.098278686 0.985574603 0.111619860 -0.080777250 0.306511402 2.502010822 -12.393331528 0.000000000 0.000000000 -10.000000000
1776608250.117131710 0.498593211 0.280694038 0.179188073 0.097864389 0.985607147 0.111578777 -0.080940232 0.379667819 2.388457298 -12.256389618 0.000000000 0.000000000 -10.000000000
1776608250.121972322 0.498288214 0.281461030 0.179456681 0.097455122 0.985635340 0.111558512 -0.081118375 0.452813566 2.279002190 -12.109569550 0.000000000 0.000000000 -10.000000000
1776608250.126927614 0.497816354 0.283027053 0.180000007 0.096656144 0.985689402 0.111585833 -0.081379026 0.525774419 2.173901081 -11.953096390 0.000000000 0.000000000 -10.000000000
1776608250.132218838 0.497816354 0.283027053 0.180000007 0.096656144 0.985689402 0.111585833 -0.081379026 0.598385274 2.073380709 -11.787240982 0.000000000 0.000000000 -10.000000000
1776608250.137193918 0.497582823 0.283793598 0.180241317 0.096207857 0.985720396 0.111587644 -0.081532367 0.670493960 1.977637291 -11.612312317 0.000000000 0.000000000 -10.000000000
1776608250.142266750 0.497170627 0.285314769 0.180716097 0.095258571 0.985787630 0.111595444 -0.081823125 0.741963625 1.886837840 -11.428655624 0.000000000 0.000000000 -10.000000000
1776608250.146825790 0.497170627 0.285314769 0.180716097 0.095258571 0.985787630 0.111595444 -0.081823125 0.812674105 1.801120400 -11.236657143 0.000000000 0.000000000 -10.000000000
1776608250.151925564 0.497027189 0.286087245 0.180954993 0.094763696 0.985823333 0.111628942 -0.081921481 0.882523477 1.720594645 -11.036737442 0.000000000 0.000000000 -10.000000000
1776608250.156955481 0.496957451 0.286863416 0.181196958 0.094278336 0.985861838 0.111677781 -0.081952140 0.951430142 1.645340800 -10.829352379 0.000000000 0.000000000 -10.000000000
1776608250.162457228 0.496911943 0.287636518 0.181439131 0.093786076 0.985902727 0.111723475 -0.081962153 1.019332767 1.575409770 -10.614987373 0.000000000 0.000000000 -10.000000000
1776608250.167177439 0.496868312 0.288407803 0.181663424 0.093258820 0.985946655 0.111764908 -0.081979506 1.086186051 1.510824084 -10.394158363 0.000000000 0.000000000 -10.000000000
1776608250.172180891 0.496776283 0.289205790 0.181859404 0.092705555 0.985986710 0.111808054 -0.082066394 1.151952982 1.451581120 -10.167407036 0.000000000 0.000000000 -10.000000000
1776608250.177174568 0.496749878 0.290005594 0.182057738 0.092188053 0.986024976 0.111868240 -0.082107231 1.216603398 1.397654414 -9.935301781 0.000000000 0.000000000 -10.000000000
1776608250.182307959 0.496817559 0.290800929 0.182286233 0.091720007 0.986063123 0.111950099 -0.082061559 1.280117154 1.348993063 -9.698431969 0.000000000 0.000000000 -10.000000000
1776608250.186834812 0.497036427 0.291582614 0.182551742 0.091287367 0.986108541 0.112060405 -0.081847414 1.342490554 1.305521250 -9.457406044 0.000000000 0.000000000 -10.000000000
1776608250.192097187 0.497130930 0.292354107 0.182767421 0.090831608 0.986149251 0.112131074 -0.081767209 1.403739452 1.267138600 -9.212842941 0.000000000 0.000000000 -10.000000000
1776608250.196840048 0.497241765 0.293945611 0.183099538 0.089985728 0.986211300 0.112273261 -0.081759021 1.463901401 1.233722806 -8.965370178 0.000000000 0.000000000 -10.000000000
1776608250.201830387 0.497721702 0.294717014 0.183316618 0.089682326 0.986258328 0.112433217 -0.081304476 1.523037076 1.205132604 -8.715624809 0.000000000 0.000000000 -10.000000000
1776608250.206816912 0.498335421 0.295440495 0.183503121 0.089409865 0.986317992 0.112573452 -0.080683850 1.581238389 1.181203961 -8.464249611 0.000000000 0.000000000 -10.000000000
1776608250.212185860 0.498335421 0.295440495 0.183503121 0.089409865 0.986317992 0.112573452 -0.080683850 1.638640761 1.161743522 -8.211876869 0.000000000 0.000000000 -10.000000000
1776608250.216989279 0.498877347 0.296158940 0.183631539 0.089170299 0.986375034 0.112661391 -0.080126897 1.695428371 1.146530747 -7.959129810 0.000000000 0.000000000 -10.000000000
1776608250.221827507 0.500181437 0.297692120 0.183847755 0.088730097 0.986495554 0.112925030 -0.078748919 1.751829743 1.135327220 -7.706615925 0.000000000 0.000000000 -10.000000000
1776608250.226813078 0.501125276 0.298455596 0.183941931 0.088573463 0.986569762 0.113100417 -0.077737808 1.808108449 1.127881408 -7.454927444 0.000000000 0.000000000 -10.000000000
1776608250.231826067 0.501125276 0.298455596 0.183941931 0.088573463 0.986569762 0.113100417 -0.077737808 1.864551306 1.123928308 -7.204644680 0.000000000 0.000000000 -10.000000000
1776608250.236857891 0.502208650 0.299195498 0.184056073 0.088450074 0.986651957 0.113277391 -0.076568283 1.921455860 1.123192549 -6.956333160 0.000000000 0.000000000 -10.000000000
1776608250.241843939 0.503299832 0.299908519 0.184168279 0.088350244 0.986733913 0.113433130 -0.075388327 1.979118824 1.125395179 -6.710543156 0.000000000 0.000000000 -10.000000000
1776608250.246935368 0.504430771 0.300629020 0.184282362 0.088251419 0.986816049 0.113606445 -0.074157670 2.037825346 1.130258441 -6.467808247 0.000000000 0.000000000 -10.000000000
1776608250.251826525 0.505603790 0.301349521 0.184413522 0.088153824 0.986899078 0.113786437 -0.072881952 2.097837210 1.137509346 -6.228645325 0.000000000 0.000000000 -10.000000000
1776608250.256840706 0.506793857 0.302051485 0.184530735 0.088052854 0.986984074 0.113945648 -0.071592472 2.159384251 1.146881819 -5.993556023 0.000000000 0.000000000 -10.000000000
1776608250.261832237 0.507965326 0.302717239 0.184632421 0.087957405 0.987068474 0.114072323 -0.070333831 2.222651720 1.158118367 -5.763025761 0.000000000 0.000000000 -10.000000000
1776608250.266820908 0.509128869 0.303373039 0.184723109 0.087839767 0.987154424 0.114183471 -0.069082752 2.287774324 1.170972347 -5.537526608 0.000000000 0.000000000 -10.000000000
1776608250.271838188 0.510288835 0.304012597 0.184814483 0.087707736 0.987241566 0.114278667 -0.067836657 2.354829550 1.185209155 -5.317516327 0.000000000 0.000000000 -10.000000000
1776608250.277158260 0.511433601 0.304647714 0.184926361 0.087539211 0.987331331 0.114357948 -0.066603497 2.423836708 1.200606585 -5.103444099 0.000000000 0.000000000 -10.000000000
1776608250.281840086 0.512561440 0.305274248 0.185046554 0.087353617 0.987420022 0.114429787 -0.065397471 2.494757414 1.216955900 -4.895747662 0.000000000 0.000000000 -10.000000000
1776608250.286942244 0.514741778 0.306503326 0.185288638 0.086972408 0.987591147 0.114533193 -0.063100621 2.567497492 1.234063029 -4.694855213 0.000000000 0.000000000 -10.000000000
1776608250.291870117 0.515800893 0.307085693 0.185400009 0.086772218 0.987675726 0.114551634 -0.062009234 2.641909361 1.251750827 -4.501185894 0.000000000 0.000000000 -10.000000000
1776608250.297082901 0.515800893 0.307085693 0.185400009 0.086772218 0.987675726 0.114551634 -0.062009234 2.717792749 1.269859552 -4.315146923 0.000000000 0.000000000 -10.000000000
1776608250.301834345 0.516844511 0.307649851 0.185514390 0.086535752 0.987762511 0.114555776 -0.060940478 2.794899940 1.288246870 -4.137133121 0.000000000 0.000000000 -10.000000000
1776608250.307061434 0.517858267 0.308181733 0.185619265 0.086263753 0.987852335 0.114529915 -0.059910178 2.872941017 1.306785583 -3.967523336 0.000000000 0.000000000 -10.000000000
1776608250.312134981 0.518814027 0.308692515 0.185721159 0.085995510 0.987940192 0.114472374 -0.058949694 2.951591969 1.325361371 -3.806679487 0.000000000 0.000000000 -10.000000000
1776608250.316841364 0.519756854 0.309191644 0.185822576 0.085746333 0.988023996 0.114412852 -0.058015686 3.030508280 1.343869328 -3.654940844 0.000000000 0.000000000 -10.000000000
1776608250.321854115 0.520668566 0.309691787 0.185917825 0.085491389 0.988105416 0.114350609 -0.057121575 3.109333277 1.362211585 -3.512624264 0.000000000 0.000000000 -10.000000000
1776608250.326852083 0.521559298 0.310173810 0.186016649 0.085277423 0.988181472 0.114276685 -0.056266762 3.187709808 1.380294442 -3.380019665 0.000000000 0.000000000 -10.000000000
1776608250.332023382 0.522423029 0.310653031 0.186097950 0.085074335 0.988254428 0.114195459 -0.055452351 3.265285730 1.398026943 -3.257388830 0.000000000 0.000000000 -10.000000000
1776608250.337493181 0.523290515 0.311130434 0.186183095 0.084877789 0.988324583 0.114125453 -0.054640729 3.341721296 1.415319085 -3.144962549 0.000000000 0.000000000 -10.000000000
1776608250.341963530 0.525113463 0.312074900 0.186415285 0.084593832 0.988451779 0.114025578 -0.052962989 3.416698933 1.432078838 -3.042939901 0.000000000 0.000000000 -10.000000000
1776608250.346880913 0.525113463 0.312074900 0.186415285 0.084593832 0.988451779 0.114025578 -0.052962989 3.489929676 1.448209882 -2.951488018 0.000000000 0.000000000 -10.000000000
1776608250.351799011 0.526042044 0.312551379 0.186559260 0.084484391 0.988507748 0.114008337 -0.052124027 3.561159372 1.463610172 -2.870739937 0.000000000 0.000000000 -10.000000000
1776608250.356829166 0.526979864 0.313029259 0.186706841 0.084395893 0.988559842 0.114003427 -0.051283911 3.630172253 1.478170276 -2.800793409 0.000000000 0.000000000 -10.000000000
1776608250.361878872 0.527925849 0.313501090 0.186849326 0.084341452 0.988606751 0.114010885 -0.050445534 3.696795940 1.491773248 -2.741708517 0.000000000 0.000000000 -10.000000000
1776608250.366917372 0.528871238 0.313973963 0.186981857 0.084321804 0.988647819 0.114029549 -0.049624942 3.760902166 1.504293919 -2.693506718 0.000000000 0.000000000 -10.000000000
1776608250.372150660 0.529834270 0.314461112 0.187116027 0.084318310 0.988684237 0.114074387 -0.048795242 3.822407007 1.515599012 -2.656170130 0.000000000 0.000000000 -10.000000000
1776608250.377148390 0.530804873 0.314942092 0.187246561 0.084340855 0.988716066 0.114129536 -0.047975492 3.881270170 1.525549173 -2.629641294 0.000000000 0.000000000 -10.000000000
1776608250.382130146 0.531801760 0.315433800 0.187386364 0.084356725 0.988746226 0.114209525 -0.047128361 3.937491894 1.534001827 -2.613823175 0.000000000 0.000000000 -10.000000000
1776608250.386834621 0.532814801 0.315939397 0.187536657 0.084362485 0.988774776 0.114312254 -0.046261638 3.991108418 1.540814519 -2.608581305 0.000000000 0.000000000 -10.000000000
1776608250.391906023 0.533874393 0.316448927 0.187728584 0.084365927 0.988800764 0.114447564 -0.045356471 4.042189121 1.545847893 -2.613744020 0.000000000 0.000000000 -10.000000000
1776608250.396870136 0.534972072 0.316961229 0.187947303 0.084368430 0.988824427 0.114608333 -0.044420462 4.090830326 1.548969030 -2.629104614 0.000000000 0.000000000 -10.000000000
1776608250.401823044 0.536100268 0.317483693 0.188169092 0.084362634 0.988846719 0.114790402 -0.043453962 4.137152672 1.550054073 -2.654421329 0.000000000 0.000000000 -10.000000000
1776608250.407207251 0.537219346 0.317985117 0.188365847 0.084334925 0.988870323 0.114964023 -0.042502146 4.181294918 1.548991323 -2.689417601 0.000000000 0.000000000 -10.000000000
1776608250.411987782 0.538319111 0.318445295 0.188539535 0.084313892 0.988893390 0.115114540 -0.041588925 4.223410130 1.545683265 -2.733783960 0.000000000 0.000000000 -10.000000000
1776608250.416942596 0.539418161 0.318886846 0.188699901 0.084307224 0.988914549 0.115260012 -0.040686958 4.263660431 1.540050983 -2.787179947 0.000000000 0.000000000 -10.000000000
1776608250.421839952 0.540515721 0.319336593 0.188872337 0.084267877 0.988936543 0.115415350 -0.039784268 4.302212238 1.532037377 -2.849236250 0.000000000 0.000000000 -10.000000000
1776608250.426833391 0.541645408 0.319784313 0.189053506 0.084228843 0.988956869 0.115586773 -0.038852461 4.339234829 1.521611094 -2.919557810 0.000000000 0.000000000 -10.000000000
1776608250.432009220 0.542780221 0.320195466 0.189245135 0.084221028 0.988974214 0.115750462 -0.037928849 4.374895096 1.508766294 -2.997723818 0.000000000 0.000000000 -10.000000000
1776608250.436819077 0.543941259 0.320595294 0.189431399 0.084267952 0.988984764 0.115927272 -0.036998186 4.409357071 1.493524075 -3.083292007 0.000000000 0.000000000 -10.000000000
1776608250.442105293 0.545135736 0.321010649 0.189644545 0.084314272 0.988991797 0.116136692 -0.036035590 4.442780495 1.475933552 -3.175800323 0.000000000 0.000000000 -10.000000000
1776608250.446983814 0.546338618 0.321433187 0.189853013 0.084339276 0.988998115 0.116359368 -0.035072830 4.475316048 1.456071377 -3.274769545 0.000000000 0.000000000 -10.000000000
1776608250.451865435 0.547522902 0.321806431 0.190042347 0.084387437 0.989003956 0.116551682 -0.034141492 4.507107258 1.434039831 -3.379705429 0.000000000 0.000000000 -10.000000000
1776608250.456843615 0.548705697 0.322125733 0.190198988 0.084490530 0.989006341 0.116718754 -0.033235267 4.538284779 1.409965873 -3.490101099 0.000000000 0.000000000 -10.000000000
1776608250.461871862 0.549896538 0.322415948 0.190357357 0.084628694 0.989005387 0.116879940 -0.032333400 4.568971157 1.384000897 -3.605441093 0.000000000 0.000000000 -10.000000000
1776608250.466844082 0.551088274 0.322701335 0.190513819 0.084761471 0.989003539 0.117042989 -0.031438388 4.599275589 1.356318951 -3.725202799 0.000000000 0.000000000 -10.000000000
1776608250.472024679 0.552274823 0.322966933 0.190663934 0.084863082 0.989005089 0.117191352 -0.030550443 4.629293919 1.327115774 -3.848857641 0.000000000 0.000000000 -10.000000000
1776608250.476845264 0.553457141 0.323214233 0.190798968 0.084959239 0.989007711 0.117326185 -0.029668787 4.659104347 1.296605349 -3.975872517 0.000000000 0.000000000 -10.000000000
1776608250.481858253 0.554679155 0.323440224 0.190943778 0.085075743 0.989008784 0.117460132 -0.028754305 4.688766479 1.265017390 -4.105713844 0.000000000 0.000000000 -10.000000000
1776608250.486832142 0.555955648 0.323642105 0.191122025 0.085212372 0.989007890 0.117601261 -0.027787203 4.718320847 1.232594132 -4.237848759 0.000000000 0.000000000 -10.000000000
1776608250.492115259 0.557235718 0.323820621 0.191305041 0.085343756 0.989007831 0.117730416 -0.026824536 4.747789860 1.199589014 -4.371746540 0.000000000 0.000000000 -10.000000000
1776608250.497146606 0.559699059 0.324125320 0.191610634 0.085522681 0.989017189 0.117925011 -0.024991170 4.777178764 1.166263342 -4.506880283 0.000000000 0.000000000 -10.000000000
1776608250.502135754 0.559699059 0.324125320 0.191610634 0.085522681 0.989017189 0.117925011 -0.024991170 4.806475639 1.132883191 -4.642727375 0.000000000 0.000000000 -10.000000000
1776608250.506898880 0.562148273 0.324305624 0.191825897 0.085655838 0.989037514 0.118024558 -0.023197090 4.835653782 1.099715829 -4.778777122 0.000000000 0.000000000 -10.000000000
1776608250.512113810 0.562148273 0.324305624 0.191825897 0.085655838 0.989037514 0.118024558 -0.023197090 4.864674091 1.067025781 -4.914530277 0.000000000 0.000000000 -10.000000000
1776608250.517108440 0.563373744 0.324337035 0.191920817 0.085721686 0.989051044 0.118034095 -0.022311110 4.893487453 1.035073638 -5.049510002 0.000000000 0.000000000 -10.000000000
1776608250.522300243 0.565827906 0.324316770 0.192102522 0.085851461 0.989082396 0.117997162 -0.020546490 4.922036171 1.004117727 -5.183259964 0.000000000 0.000000000 -10.000000000
1776608250.526989698 0.565827906 0.324316770 0.192102522 0.085851461 0.989082396 0.117997162 -0.020546490 4.950253010 0.974414349 -5.315349102 0.000000000 0.000000000 -10.000000000
1776608250.531945705 0.567078710 0.324286252 0.192210734 0.085914552 0.989098608 0.117969118 -0.019644395 4.978062153 0.946218312 -5.445372581 0.000000000 0.000000000 -10.000000000
1776608250.538244963 0.568272114 0.324211836 0.192296177 0.085974202 0.989119112 0.117888473 -0.018816825 5.005376339 0.919782043 -5.572953701 0.000000000 0.000000000 -10.000000000
1776608250.541804790 0.570529580 0.323934168 0.192394286 0.086126961 0.989166081 0.117607921 -0.017347673 5.032092571 0.895355761 -5.697743893 0.000000000 0.000000000 -10.000000000
1776608250.546850443 0.570529580 0.323934168 0.192394286 0.086126961 0.989166081 0.117607921 -0.017347673 5.058094501 0.873186588 -5.819424152 0.000000000 0.000000000 -10.000000000
1776608250.551892042 0.571638167 0.323712409 0.192424893 0.086231500 0.989193499 0.117401302 -0.016652875 5.083253860 0.853517056 -5.937705994 0.000000000 0.000000000 -10.000000000
1776608250.556830645 0.572671294 0.323421955 0.192416549 0.086347863 0.989226103 0.117123306 -0.016058303 5.107432365 0.836584806 -6.052331448 0.000000000 0.000000000 -10.000000000
1776608250.562183142 0.573664606 0.323096454 0.192387283 0.086464867 0.989261985 0.116806880 -0.015514191 5.130483627 0.822621822 -6.163072586 0.000000000 0.000000000 -10.000000000
1776608250.567261457 0.575679004 0.322364569 0.192346424 0.086716168 0.989336789 0.116126306 -0.014411506 5.152254581 0.811852694 -6.269731045 0.000000000 0.000000000 -10.000000000
1776608250.572126627 0.575679004 0.322364569 0.192346424 0.086716168 0.989336789 0.116126306 -0.014411506 5.172587872 0.804491103 -6.372135639 0.000000000 0.000000000 -10.000000000
1776608250.577147484 0.576706767 0.321931511 0.192342311 0.086848237 0.989379346 0.115734376 -0.013835612 5.191325188 0.800737619 -6.470138073 0.000000000 0.000000000 -10.000000000
1776608250.582155466 0.577740312 0.321459889 0.192339957 0.086966649 0.989427209 0.115304172 -0.013251246 5.208312511 0.800777793 -6.563610077 0.000000000 0.000000000 -10.000000000
1776608250.587388039 0.578750670 0.320939541 0.192305982 0.087075494 0.989480734 0.114824578 -0.012690409 5.223403454 0.804780304 -6.652443409 0.000000000 0.000000000 -10.000000000
1776608250.592073917 0.579741955 0.320383310 0.192236394 0.087171234 0.989539385 0.114303507 -0.012150319 5.236466885 0.812893450 -6.736545563 0.000000000 0.000000000 -10.000000000
1776608250.596909761 0.580737829 0.319825113 0.192151129 0.087269716 0.989597261 0.113782674 -0.011609728 5.247387409 0.825240433 -6.815841198 0.000000000 0.000000000 -10.000000000
1776608250.601970673 0.581721902 0.319224209 0.192038357 0.087385990 0.989656389 0.113230139 -0.011085543 5.256066322 0.841914058 -6.890268803 0.000000000 0.000000000 -10.000000000
1776608250.606814146 0.582712650 0.318585455 0.191914171 0.087514259 0.989717185 0.112648681 -0.010556403 5.262423038 0.862973630 -6.959782600 0.000000000 0.000000000 -10.000000000
1776608250.611811638 0.583720148 0.317941934 0.191807866 0.087658383 0.989774764 0.112079352 -0.010007679 5.266391277 0.888443828 -7.024349213 0.000000000 0.000000000 -10.000000000
1776608250.616817713 0.584713936 0.317310691 0.191693962 0.087823696 0.989826977 0.111533366 -0.009480020 5.267916679 0.918315113 -7.083945751 0.000000000 0.000000000 -10.000000000
1776608250.621809006 0.585723281 0.316698045 0.191608012 0.088009618 0.989872694 0.111024179 -0.008945213 5.266950130 0.952544153 -7.138562679 0.000000000 0.000000000 -10.000000000
1776608250.626977205 0.586692214 0.316103101 0.191525549 0.088230684 0.989910126 0.110550933 -0.008473217 5.263439655 0.991054237 -7.188200951 0.000000000 0.000000000 -10.000000000
1776608250.631826162 0.587528110 0.315523624 0.191411167 0.088477477 0.989942133 0.110088572 -0.008177231 5.257318974 1.033736467 -7.232876778 0.000000000 0.000000000 -10.000000000
1776608250.636917830 0.588287771 0.314897805 0.191279829 0.088761732 0.989972711 0.109597273 -0.007989796 5.248491764 1.080453277 -7.272621632 0.000000000 0.000000000 -10.000000000
1776608250.641820192 0.588902056 0.314258635 0.191120505 0.089086860 0.989997983 0.109103270 -0.008003384 5.236825943 1.131044030 -7.307483196 0.000000000 0.000000000 -10.000000000
1776608250.646806240 0.589401424 0.313614547 0.190971762 0.089460716 0.990014195 0.108635291 -0.008189870 5.222146988 1.185331106 -7.337526798 0.000000000 0.000000000 -10.000000000
1776608250.651933670 0.589825869 0.312967509 0.190847218 0.089877345 0.990021586 0.108199887 -0.008493604 5.204242229 1.243126869 -7.362832069 0.000000000 0.000000000 -10.000000000
1776608250.657074451 0.590145588 0.312292874 0.190718770 0.090316460 0.990026653 0.107751124 -0.008936739 5.182869911 1.304238439 -7.383495331 0.000000000 0.000000000 -10.000000000
1776608250.662348986 0.590361178 0.311603725 0.190589935 0.090762928 0.990030587 0.107289866 -0.009508778 5.157765865 1.368471384 -7.399625301 0.000000000 0.000000000 -10.000000000
1776608250.667212486 0.590496659 0.310901433 0.190448493 0.091210097 0.990034401 0.106813036 -0.010176225 5.128659725 1.435631633 -7.411343098 0.000000000 0.000000000 -10.000000000
1776608250.672088623 0.590603828 0.310193062 0.190294266 0.091676176 0.990034044 0.106345840 -0.010892358 5.095280647 1.505526543 -7.418778419 0.000000000 0.000000000 -10.000000000
1776608250.677079916 0.590708494 0.309488058 0.190147102 0.092161626 0.990028024 0.105903953 -0.011625037 5.057367802 1.577964902 -7.422069073 0.000000000 0.000000000 -10.000000000
1776608250.681815147 0.590828359 0.308093160 0.189797759 0.093186527 0.990000188 0.105078124 -0.013209675 5.014678955 1.652755141 -7.421356678 0.000000000 0.000000000 -10.000000000
1776608250.686888695 0.590828359 0.308093160 0.189797759 0.093186527 0.990000188 0.105078124 -0.013209675 4.967002392 1.729701161 -7.416788101 0.000000000 0.000000000 -10.000000000
1776608250.692198515 0.590830445 0.307388693 0.189616263 0.093717888 0.989980638 0.104678810 -0.014059519 4.914165974 1.808599472 -7.408514977 0.000000000 0.000000000 -10.000000000
1776608250.697050810 0.590829313 0.306681991 0.189430386 0.094278581 0.989953697 0.104309097 -0.014927224 4.856049061 1.889236093 -7.396692276 0.000000000 0.000000000 -10.000000000
1776608250.702106714 0.590850651 0.305981070 0.189256817 0.094877608 0.989916503 0.103993379 -0.015778851 4.792588234 1.971385717 -7.381477833 0.000000000 0.000000000 -10.000000000
1776608250.706832647 0.590915799 0.305326521 0.189083368 0.095512658 0.989866555 0.103760913 -0.016588621 4.723782063 2.054808140 -7.363029957 0.000000000 0.000000000 -10.000000000
1776608250.712140083 0.591153681 0.304097891 0.188738734 0.096866556 0.989738584 0.103477620 -0.018078418 4.649697304 2.139244080 -7.341508389 0.000000000 0.000000000 -10.000000000
1776608250.716882467 0.591303825 0.303553432 0.188584656 0.097545743 0.989664495 0.103424773 -0.018771177 4.570470810 2.224413395 -7.317072868 0.000000000 0.000000000 -10.000000000
1776608250.722172976 0.591303825 0.303553432 0.188584656 0.097545743 0.989664495 0.103424773 -0.018771177 4.486308098 2.310017347 -7.289883614 0.000000000 0.000000000 -10.000000000
1776608250.727178097 0.591476381 0.303059816 0.188431799 0.098241381 0.989580452 0.103447691 -0.019435458 4.397484303 2.395740986 -7.260101795 0.000000000 0.000000000 -10.000000000
1776608250.732154608 0.591938198 0.302124828 0.188154042 0.099617258 0.989398003 0.103647240 -0.020622887 4.304334641 2.481256723 -7.227890968 0.000000000 0.000000000 -10.000000000
1776608250.736956358 0.591938198 0.302124828 0.188154042 0.099617258 0.989398003 0.103647240 -0.020622887 4.207251549 2.566228151 -7.193417072 0.000000000 0.000000000 -10.000000000
1776608250.742154837 0.592189133 0.301679701 0.188030958 0.100218758 0.989307880 0.103814580 -0.021180263 4.106673241 2.650315285 -7.156851768 0.000000000 0.000000000 -10.000000000
1776608250.746826887 0.592464805 0.301230252 0.187923074 0.100734293 0.989223659 0.104011871 -0.021694073 4.003080368 2.733181715 -7.118370533 0.000000000 0.000000000 -10.000000000
1776608250.751847267 0.592724562 0.300781697 0.187826812 0.101166509 0.989145219 0.104229443 -0.022209099 3.896983862 2.814502239 -7.078155518 0.000000000 0.000000000 -10.000000000
1776608250.757186174 0.592974544 0.300344408 0.187735349 0.101505131 0.989072919 0.104476295 -0.022720171 3.788918018 2.893967867 -7.036396027 0.000000000 0.000000000 -10.000000000
1776608250.761888504 0.593177855 0.299885035 0.187615752 0.101753481 0.989009917 0.104710184 -0.023267824 3.679431915 2.971291542 -6.993289948 0.000000000 0.000000000 -10.000000000
1776608250.767309666 0.593351483 0.299421042 0.187482983 0.101933166 0.988952756 0.104947403 -0.023834314 3.569079638 3.046212435 -6.949041843 0.000000000 0.000000000 -10.000000000
1776608250.772083282 0.593473971 0.298954159 0.187328637 0.102077343 0.988897204 0.105189033 -0.024449885 3.458412170 3.118501425 -6.903868198 0.000000000 0.000000000 -10.000000000
1776608250.776813269 0.593540549 0.298474520 0.187170118 0.102181233 0.988845587 0.105416432 -0.025114886 3.347968102 3.187963724 -6.857994080 0.000000000 0.000000000 -10.000000000
1776608250.781956673 0.593590975 0.298002899 0.187027156 0.102273002 0.988792658 0.105662271 -0.025782611 3.238264799 3.254443884 -6.811653614 0.000000000 0.000000000 -10.000000000
1776608250.786825657 0.593584001 0.297510386 0.186879277 0.102380902 0.988737226 0.105897166 -0.026507655 3.129791498 3.317825794 -6.765089035 0.000000000 0.000000000 -10.000000000
1776608250.791887522 0.593568981 0.296999753 0.186751008 0.102516331 0.988677740 0.106136851 -0.027233846 3.023001909 3.378034115 -6.718547821 0.000000000 0.000000000 -10.000000000
1776608250.797158957 0.593508422 0.296472728 0.186596602 0.102693081 0.988612771 0.106368214 -0.028013442 2.918307781 3.435033083 -6.672280788 0.000000000 0.000000000 -10.000000000
1776608250.801813841 0.593275249 0.295354664 0.186237246 0.103189908 0.988466144 0.106793679 -0.029693006 2.816074133 3.488827944 -6.626542091 0.000000000 0.000000000 -10.000000000
1776608250.807023764 0.593275249 0.295354664 0.186237246 0.103189908 0.988466144 0.106793679 -0.029693006 2.716614723 3.539463282 -6.581584454 0.000000000 0.000000000 -10.000000000
1776608250.811872959 0.593108892 0.294786870 0.186045706 0.103485003 0.988386214 0.106996842 -0.030581804 2.620187521 3.587020397 -6.537659168 0.000000000 0.000000000 -10.000000000
1776608250.816872358 0.592911839 0.294225514 0.185861349 0.103796944 0.988303363 0.107197538 -0.031486124 2.526993275 3.631615162 -6.495015144 0.000000000 0.000000000 -10.000000000
1776608250.822000504 0.592653990 0.293641150 0.185673207 0.104117103 0.988220096 0.107368365 -0.032444872 2.437172651 3.673395395 -6.453895569 0.000000000 0.000000000 -10.000000000
1776608250.826917410 0.592379749 0.293067753 0.185488760 0.104448400 0.988134503 0.107538797 -0.033409264 2.350807905 3.712536335 -6.414538383 0.000000000 0.000000000 -10.000000000
1776608250.831831217 0.592095196 0.292506099 0.185314327 0.104767069 0.988048017 0.107720271 -0.034369651 2.267923594 3.749236345 -6.377174377 0.000000000 0.000000000 -10.000000000
1776608250.836884260 0.591457367 0.291352391 0.184935957 0.105406493 0.987875283 0.108040608 -0.036319904 2.188491821 3.783713341 -6.342027664 0.000000000 0.000000000 -10.000000000
1776608250.842190981 0.591457367 0.291352391 0.184935957 0.105406493 0.987875283 0.108040608 -0.036319904 2.112437010 3.816198587 -6.309313774 0.000000000 0.000000000 -10.000000000
1776608250.846809864 0.591126680 0.290772706 0.184735686 0.105719648 0.987788379 0.108198948 -0.037288915 2.039644241 3.846933126 -6.279240608 0.000000000 0.000000000 -10.000000000
1776608250.851906300 0.590800107 0.290171087 0.184537470 0.106016949 0.987704515 0.108343564 -0.038234349 1.969967365 3.876163006 -6.252008915 0.000000000 0.000000000 -10.000000000
1776608250.857662439 0.590501308 0.289565057 0.184349805 0.106299393 0.987622917 0.108491667 -0.039127875 1.903240085 3.904137373 -6.227809906 0.000000000 0.000000000 -10.000000000
1776608250.862131834 0.589877665 0.288280874 0.183960706 0.106810503 0.987475038 0.108688883 -0.040882006 1.839285254 3.931104898 -6.206826210 0.000000000 0.000000000 -10.000000000
1776608250.866868258 0.589877665 0.288280874 0.183960706 0.106810503 0.987475038 0.108688883 -0.040882006 1.777924776 3.957314014 -6.189229965 0.000000000 0.000000000 -10.000000000
1776608250.871903181 0.589571834 0.287608474 0.183769643 0.107022420 0.987411022 0.108743504 -0.041719448 1.718984962 3.983011246 -6.175179482 0.000000000 0.000000000 -10.000000000
1776608250.876797438 0.589247763 0.286913991 0.183583498 0.107200459 0.987353861 0.108763792 -0.042553708 1.662302852 4.008440018 -6.164818764 0.000000000 0.000000000 -10.000000000
1776608250.882195950 0.588989437 0.286226332 0.183428824 0.107371941 0.987299085 0.108802013 -0.043288574 1.607730389 4.033834934 -6.158274651 0.000000000 0.000000000 -10.000000000
1776608250.887071133 0.588724852 0.285523593 0.183263630 0.107531585 0.987247407 0.108824126 -0.044009786 1.555137038 4.059415340 -6.155652046 0.000000000 0.000000000 -10.000000000
1776608250.891930819 0.588175416 0.284118503 0.182913274 0.107917093 0.987130105 0.108915016 -0.045448657 1.504412174 4.085377216 -6.157031536 0.000000000 0.000000000 -10.000000000
1776608250.897152901 0.588175416 0.284118503 0.182913274 0.107917093 0.987130105 0.108915016 -0.045448657 1.455466032 4.111890793 -6.162467003 0.000000000 0.000000000 -10.000000000
1776608250.901823997 0.587941825 0.283414245 0.182742268 0.108149499 0.987065673 0.108991437 -0.046108097 1.408232093 4.139093399 -6.171984673 0.000000000 0.000000000 -10.000000000
1776608250.906866789 0.587645829 0.282091528 0.182478905 0.108670056 0.986923099 0.109302193 -0.047187861 1.362671375 4.167091370 -6.185583591 0.000000000 0.000000000 -10.000000000
1776608250.911823750 0.587645829 0.282091528 0.182478905 0.108670056 0.986923099 0.109302193 -0.047187861 1.318778634 4.195954323 -6.203233242 0.000000000 0.000000000 -10.000000000
1776608250.917200089 0.587607145 0.281448334 0.182366937 0.108960263 0.986850917 0.109500766 -0.047565836 1.276588082 4.225714207 -6.224874496 0.000000000 0.000000000 -10.000000000
1776608250.921868086 0.587673724 0.280271590 0.182120830 0.109586440 0.986696303 0.110033892 -0.048102096 1.236175299 4.256365299 -6.250415802 0.000000000 0.000000000 -10.000000000
1776608250.926926851 0.587673724 0.280271590 0.182120830 0.109586440 0.986696303 0.110033892 -0.048102096 1.197656274 4.287863731 -6.279733658 0.000000000 0.000000000 -10.000000000
1776608250.931886196 0.587737560 0.279689848 0.181967288 0.109905444 0.986619949 0.110307291 -0.048312835 1.161182165 4.320138454 -6.312675476 0.000000000 0.000000000 -10.000000000
1776608250.936835766 0.587854326 0.279118866 0.181816071 0.110241868 0.986542881 0.110599354 -0.048452638 1.126935482 4.353093147 -6.349064350 0.000000000 0.000000000 -10.000000000
1776608250.942098856 0.588051975 0.278565496 0.181679547 0.110570610 0.986468494 0.110919714 -0.048486304 1.095128655 4.386611938 -6.388703346 0.000000000 0.000000000 -10.000000000
1776608250.947376728 0.588338375 0.278015196 0.181555539 0.110900953 0.986398041 0.111253016 -0.048400868 1.066003799 4.420562744 -6.431376457 0.000000000 0.000000000 -10.000000000
1776608250.952092648 0.588630259 0.277448535 0.181417435 0.111220092 0.986334085 0.111554421 -0.048277583 1.039833426 4.454803467 -6.476855755 0.000000000 0.000000000 -10.000000000
1776608250.957171202 0.589303076 0.276248395 0.181144029 0.111797586 0.986231089 0.112077907 -0.047834158 1.016917706 4.489187241 -6.524901867 0.000000000 0.000000000 -10.000000000
1776608250.961879969 0.589303076 0.276248395 0.181144029 0.111797586 0.986231089 0.112077907 -0.047834158 0.997579098 4.523571968 -6.575269699 0.000000000 0.000000000 -10.000000000
1776608250.966915131 0.589670241 0.275611848 0.180983156 0.112039797 0.986196101 0.112273395 -0.047529209 0.982154548 4.557826996 -6.627713203 0.000000000 0.000000000 -10.000000000
1776608250.971873760 0.590002835 0.274912447 0.180777580 0.112253726 0.986174107 0.112378120 -0.047232155 0.970986068 4.591837883 -6.681991577 0.000000000 0.000000000 -10.000000000
1776608250.976885557 0.590301216 0.274199545 0.180578709 0.112410583 0.986163616 0.112435170 -0.046941321 0.964409411 4.625511646 -6.737873077 0.000000000 0.000000000 -10.000000000
1776608250.982165337 0.590571344 0.273478538 0.180380851 0.112555623 0.986157596 0.112461597 -0.046656769 0.962742269 4.658777714 -6.795138359 0.000000000 0.000000000 -10.000000000
1776608250.987028837 0.590828717 0.272761881 0.180194229 0.112688661 0.986154437 0.112477422 -0.046362311 0.966274381 4.691584587 -6.853585720 0.000000000 0.000000000 -10.000000000
1776608250.991834402 0.591046691 0.272028327 0.180021673 0.112818383 0.986153781 0.112462319 -0.046096798 0.975259721 4.723901749 -6.913031578 0.000000000 0.000000000 -10.000000000
1776608250.996891975 0.591241181 0.271284282 0.179852843 0.112944238 0.986155570 0.112423658 -0.045843951 0.989909887 4.755717754 -6.973313808 0.000000000 0.000000000 -10.000000000
1776608251.001845837 0.591438055 0.270523041 0.179675728 0.113087736 0.986158371 0.112363473 -0.045577317 1.010388255 4.787041664 -7.034291744 0.000000000 0.000000000 -10.000000000
1776608251.006986141 0.591614008 0.269738942 0.179488003 0.113240644 0.986162603 0.112274878 -0.045324173 1.036805868 4.817901611 -7.095849514 0.000000000 0.000000000 -10.000000000
1776608251.012251377 0.591922700 0.268134207 0.179113865 0.113566913 0.986174405 0.112035915 -0.044839244 1.069217920 4.848348141 -7.157892704 0.000000000 0.000000000 -10.000000000
1776608251.017260551 0.592073202 0.267323256 0.178941786 0.113738172 0.986182272 0.111897372 -0.044577267 1.107623458 4.878447056 -7.220350742 0.000000000 0.000000000 -10.000000000
1776608251.022172928 0.592195868 0.266501188 0.178771019 0.113932222 0.986188471 0.111741848 -0.044334341 1.151964784 4.908280373 -7.283175468 0.000000000 0.000000000 -10.000000000
1776608251.027258635 0.592287958 0.265685827 0.178594112 0.114117414 0.986195743 0.111576967 -0.044110838 1.202128530 4.937938690 -7.346339703 0.000000000 0.000000000 -10.000000000
1776608251.032268047 0.592287958 0.265685827 0.178594112 0.114117414 0.986195743 0.111576967 -0.044110838 1.257947326 4.967519283 -7.409833908 0.000000000 0.000000000 -10.000000000
1776608251.037228346 0.592447162 0.264080316 0.178254753 0.114533573 0.986203849 0.111255638 -0.043660421 1.319202065 4.997121811 -7.473665237 0.000000000 0.000000000 -10.000000000
1776608251.042319298 0.592447162 0.264080316 0.178254753 0.114533573 0.986203849 0.111255638 -0.043660421 1.385625124 5.026846409 -7.537853718 0.000000000 0.000000000 -10.000000000
1776608251.047222376 0.592544436 0.262492627 0.177912116 0.114949018 0.986210704 0.110936292 -0.043223705 1.456903934 5.056790829 -7.602430820 0.000000000 0.000000000 -10.000000000
1776608251.052212000 0.592544436 0.262492627 0.177912116 0.114949018 0.986210704 0.110936292 -0.043223705 1.532686591 5.087046146 -7.667436600 0.000000000 0.000000000 -10.000000000
1776608251.057175636 0.592576325 0.261700928 0.177748114 0.115172036 0.986212373 0.110772789 -0.043010660 1.612585664 5.117698193 -7.732918262 0.000000000 0.000000000 -10.000000000
1776608251.062115192 0.592599154 0.260918170 0.177597910 0.115393750 0.986214817 0.110607401 -0.042786110 1.696183681 5.148825169 -7.798927784 0.000000000 0.000000000 -10.000000000
1776608251.066943645 0.592598975 0.259352744 0.177261204 0.115769453 0.986228049 0.110260807 -0.042357940 1.783036947 5.180497646 -7.865517616 0.000000000 0.000000000 -10.000000000
1776608251.072223902 0.592598975 0.259352744 0.177261204 0.115769453 0.986228049 0.110260807 -0.042357940 1.872680187 5.212776661 -7.932739258 0.000000000 0.000000000 -10.000000000
1776608251.077073336 0.592553318 0.257830769 0.176941007 0.116111919 0.986245275 0.109909251 -0.041931581 1.964629531 5.245712757 -8.000639915 0.000000000 0.000000000 -10.000000000
1776608251.082072020 0.592537344 0.257089466 0.176786482 0.116226584 0.986261547 0.109734237 -0.041688286 2.058385611 5.279345989 -8.069261551 0.000000000 0.000000000 -10.000000000
1776608251.086842299 0.592516780 0.256343156 0.176646054 0.116347015 0.986278415 0.109548725 -0.041440640 2.153435707 5.313705444 -8.138638496 0.000000000 0.000000000 -10.000000000
1776608251.091862202 0.592516780 0.256343156 0.176646054 0.116347015 0.986278415 0.109548725 -0.041440640 2.249257803 5.348811150 -8.208796501 0.000000000 0.000000000 -10.000000000
1776608251.096843481 0.592465043 0.255605847 0.176483750 0.116466098 0.986296237 0.109347411 -0.041213218 2.345325232 5.384673595 -8.279748917 0.000000000 0.000000000 -10.000000000
1776608251.101836443 0.592403233 0.254869193 0.176325619 0.116563678 0.986317217 0.109140486 -0.040982708 2.441110611 5.421293736 -8.351505280 0.000000000 0.000000000 -10.000000000
1776608251.107207775 0.592245460 0.253431082 0.176018119 0.116758645 0.986357808 0.108733900 -0.040529665 2.536092520 5.458662033 -8.424061775 0.000000000 0.000000000 -10.000000000
1776608251.112058401 0.592142999 0.252723664 0.175850391 0.116868682 0.986376107 0.108530007 -0.040313024 2.629757881 5.496758938 -8.497406960 0.000000000 0.000000000 -10.000000000
1776608251.116902590 0.592142999 0.252723664 0.175850391 0.116868682 0.986376107 0.108530007 -0.040313024 2.721606731 5.535555363 -8.571518898 0.000000000 0.000000000 -10.000000000
1776608251.121838808 0.592015743 0.252029002 0.175672323 0.116972595 0.986394882 0.108321637 -0.040112641 2.811157942 5.575010300 -8.646369934 0.000000000 0.000000000 -10.000000000
1776608251.126827478 0.591873765 0.251339525 0.175504386 0.117082752 0.986413538 0.108105831 -0.039913118 2.897953510 5.615069866 -8.721924782 0.000000000 0.000000000 -10.000000000
1776608251.131844759 0.591719329 0.250662118 0.175331205 0.117223643 0.986428440 0.107890129 -0.039715573 2.981563568 5.655670643 -8.798145294 0.000000000 0.000000000 -10.000000000
1776608251.136916399 0.591400623 0.249384388 0.175054491 0.117483512 0.986455739 0.107513137 -0.039288346 3.061589956 5.696739674 -8.874989510 0.000000000 0.000000000 -10.000000000
1776608251.141998291 0.591400623 0.249384388 0.175054491 0.117483512 0.986455739 0.107513137 -0.039288346 3.137666702 5.738193989 -8.952410698 0.000000000 0.000000000 -10.000000000
1776608251.146842718 0.591267943 0.248778343 0.174945503 0.117627241 0.986465931 0.107357956 -0.039026439 3.209460258 5.779942513 -9.030365944 0.000000000 0.000000000 -10.000000000
1776608251.151843071 0.591139615 0.248199582 0.174849421 0.117775552 0.986474812 0.107214734 -0.038746987 3.276670218 5.821886063 -9.108804703 0.000000000 0.000000000 -10.000000000
1776608251.156842470 0.590987027 0.247631848 0.174748510 0.117935658 0.986481428 0.107073165 -0.038482629 3.339028597 5.863916874 -9.187676430 0.000000000 0.000000000 -10.000000000
1776608251.161850691 0.590822339 0.247072801 0.174637198 0.118108571 0.986485660 0.106934451 -0.038228948 3.396298885 5.905920029 -9.266929626 0.000000000 0.000000000 -10.000000000
1776608251.166850805 0.590482652 0.246034145 0.174413860 0.118429363 0.986494362 0.106690511 -0.037689026 3.448278666 5.947776794 -9.346506119 0.000000000 0.000000000 -10.000000000
1776608251.172077656 0.590307355 0.245537102 0.174308211 0.118599668 0.986496210 0.106583081 -0.037409142 3.494799137 5.989362717 -9.426344872 0.000000000 0.000000000 -10.000000000
1776608251.176879406 0.590307355 0.245537102 0.174308211 0.118599668 0.986496210 0.106583081 -0.037409142 3.535726547 6.030553341 -9.506382942 0.000000000 0.000000000 -10.000000000
1776608251.181863070 0.590116739 0.245052621 0.174194157 0.118784785 0.986495495 0.106477678 -0.037139080 3.570964813 6.071219921 -9.586554527 0.000000000 0.000000000 -10.000000000
1776608251.187415838 0.589899957 0.244594976 0.174089670 0.118962795 0.986494541 0.106377184 -0.036881883 3.600453615 6.111234188 -9.666790009 0.000000000 0.000000000 -10.000000000
1776608251.191927910 0.589695334 0.244174749 0.173988551 0.119133666 0.986493349 0.106294453 -0.036599543 3.624169588 6.150465012 -9.747023582 0.000000000 0.000000000 -10.000000000
1776608251.197258234 0.589347124 0.243399903 0.173847318 0.119448520 0.986493111 0.106173262 -0.035925377 3.642123699 6.188781261 -9.827191353 0.000000000 0.000000000 -10.000000000
1776608251.201854467 0.589154363 0.243030831 0.173777521 0.119602159 0.986492574 0.106118746 -0.035587657 3.654359818 6.226053238 -9.907228470 0.000000000 0.000000000 -10.000000000
1776608251.207476139 0.589154363 0.243030831 0.173777521 0.119602159 0.986492574 0.106118746 -0.035587657 3.660951138 6.262151718 -9.987073898 0.000000000 0.000000000 -10.000000000
1776608251.212080002 0.588940740 0.242691919 0.173715472 0.119749352 0.986491024 0.106077805 -0.035256945 3.661999464 6.296951294 -10.066664696 0.000000000 0.000000000 -10.000000000
1776608251.217207432 0.588723183 0.242386431 0.173658967 0.119894177 0.986488461 0.106049769 -0.034918562 3.657629251 6.330327034 -10.145936966 0.000000000 0.000000000 -10.000000000
1776608251.221899748 0.588290930 0.241855964 0.173544466 0.120160542 0.986484408 0.106023394 -0.034191079 3.647985697 6.362159252 -10.224821091 0.000000000 0.000000000 -10.000000000
1776608251.227279186 0.588063657 0.241625845 0.173491597 0.120287277 0.986481667 0.106024399 -0.033819031 3.633228302 6.392330647 -10.303242683 0.000000000 0.000000000 -10.000000000
1776608251.231895447 0.587851763 0.241425693 0.173461825 0.120419964 0.986476302 0.106051445 -0.033416126 3.613527775 6.420731068 -10.381114960 0.000000000 0.000000000 -10.000000000
1776608251.236942291 0.587851763 0.241425693 0.173461825 0.120419964 0.986476302 0.106051445 -0.033416126 3.589061499 6.447258949 -10.458342552 0.000000000 0.000000000 -10.000000000
1776608251.241855860 0.587673903 0.241262019 0.173463523 0.120556921 0.986468494 0.106108353 -0.032968562 3.560008526 6.471823215 -10.534815788 0.000000000 0.000000000 -10.000000000
1776608251.246906281 0.587523878 0.241115361 0.173476279 0.120685257 0.986462653 0.106168158 -0.032477301 3.526546240 6.494345188 -10.610412598 0.000000000 0.000000000 -10.000000000
1776608251.251878738 0.587165654 0.240833923 0.173465073 0.120893061 0.986460567 0.106238186 -0.031526364 3.488847733 6.514759541 -10.684996605 0.000000000 0.000000000 -10.000000000
1776608251.256917477 0.587165654 0.240833923 0.173465073 0.120893061 0.986460567 0.106238186 -0.031526364 3.447080851 6.533012867 -10.758417130 0.000000000 0.000000000 -10.000000000
1776608251.261873722 0.586964190 0.240685448 0.173441708 0.120983511 0.986462653 0.106250480 -0.031067971 3.401407957 6.549067497 -10.830512047 0.000000000 0.000000000 -10.000000000
1776608251.266903400 0.586759031 0.240533501 0.173424095 0.121066764 0.986466169 0.106256671 -0.030607600 3.351986885 6.562899113 -10.901105881 0.000000000 0.000000000 -10.000000000
1776608251.272027016 0.586317480 0.240220949 0.173371881 0.121193707 0.986481369 0.106226087 -0.029709330 3.298973083 6.574499130 -10.970011711 0.000000000 0.000000000 -10.000000000
1776608251.276919842 0.586317480 0.240220949 0.173371881 0.121193707 0.986481369 0.106226087 -0.029709330 3.242518425 6.583875656 -11.037035942 0.000000000 0.000000000 -10.000000000
1776608251.281878710 0.585854053 0.239929944 0.173345566 0.121228427 0.986513078 0.106141850 -0.028801510 3.182772160 6.591054916 -11.101972580 0.000000000 0.000000000 -10.000000000
1776608251.287341595 0.585854053 0.239929944 0.173345566 0.121228427 0.986513078 0.106141850 -0.028801510 3.119877338 6.596082211 -11.164610863 0.000000000 0.000000000 -10.000000000
1776608251.292005539 0.585380375 0.239693463 0.173353493 0.121131502 0.986567795 0.105997287 -0.027850777 3.053970575 6.599021435 -11.224735260 0.000000000 0.000000000 -10.000000000
1776608251.296964645 0.585380375 0.239693463 0.173353493 0.121131502 0.986567795 0.105997287 -0.027850777 2.985181332 6.599952698 -11.282122612 0.000000000 0.000000000 -10.000000000
1776608251.302339554 0.585084319 0.239527896 0.173337966 0.121050365 0.986605346 0.105851546 -0.027425656 2.913632154 6.598967075 -11.336554527 0.000000000 0.000000000 -10.000000000
1776608251.307266951 0.584748268 0.239340961 0.173318923 0.120936133 0.986650646 0.105658822 -0.027039781 2.839438438 6.596167088 -11.387807846 0.000000000 0.000000000 -10.000000000
1776608251.312033415 0.583977044 0.238936648 0.173279375 0.120590352 0.986766279 0.105147555 -0.026349593 2.762708902 6.591662407 -11.435667992 0.000000000 0.000000000 -10.000000000
1776608251.316982985 0.583977044 0.238936648 0.173279375 0.120590352 0.986766279 0.105147555 -0.026349593 2.683542728 6.585569382 -11.479925156 0.000000000 0.000000000 -10.000000000
1776608251.321960688 0.583517551 0.238708511 0.173232853 0.120358914 0.986837626 0.104810722 -0.026075335 2.602030993 6.578009129 -11.520379066 0.000000000 0.000000000 -10.000000000
1776608251.326929808 0.583060503 0.238474846 0.173173487 0.120096937 0.986915946 0.104441077 -0.025801018 2.518256426 6.569104195 -11.556838036 0.000000000 0.000000000 -10.000000000
1776608251.332383394 0.582103252 0.237991005 0.173091620 0.119478434 0.987091303 0.103614569 -0.025291925 2.432295799 6.558979988 -11.589130402 0.000000000 0.000000000 -10.000000000
1776608251.337281227 0.581558228 0.237735495 0.173040032 0.119123705 0.987188160 0.103144459 -0.025106043 2.344219923 6.547761917 -11.617097855 0.000000000 0.000000000 -10.000000000
1776608251.342305183 0.581558228 0.237735495 0.173040032 0.119123705 0.987188160 0.103144459 -0.025106043 2.254091978 6.535573959 -11.640602112 0.000000000 0.000000000 -10.000000000
1776608251.346919537 0.580311179 0.237225786 0.172914982 0.118311279 0.987399220 0.102101929 -0.024909196 2.161967278 6.522538662 -11.659523964 0.000000000 0.000000000 -10.000000000
1776608251.351910353 0.580311179 0.237225786 0.172914982 0.118311279 0.987399220 0.102101929 -0.024909196 2.067889929 6.508775234 -11.673762321 0.000000000 0.000000000 -10.000000000
1776608251.356877804 0.578726411 0.236661404 0.172726750 0.117383115 0.987632334 0.100858122 -0.025123851 1.971892834 6.494399071 -11.683238029 0.000000000 0.000000000 -10.000000000
1776608251.361865044 0.578726411 0.236661404 0.172726750 0.117383115 0.987632334 0.100858122 -0.025123851 1.873995066 6.479518890 -11.687887192 0.000000000 0.000000000 -10.000000000
1776608251.367279053 0.577863336 0.236328334 0.172622681 0.116921142 0.987750530 0.100181028 -0.025339110 1.774205923 6.464238644 -11.687672615 0.000000000 0.000000000 -10.000000000
1776608251.372233629 0.577863336 0.236328334 0.172622681 0.116921142 0.987750530 0.100181028 -0.025339110 1.672529817 6.448649406 -11.682577133 0.000000000 0.000000000 -10.000000000
1776608251.377032995 0.576006472 0.235625595 0.172420293 0.116000101 0.987984836 0.098777585 -0.025941553 1.568972230 6.432832718 -11.672606468 0.000000000 0.000000000 -10.000000000
1776608251.381897449 0.575016022 0.235297292 0.172346920 0.115507230 0.988104165 0.098061450 -0.026310535 1.463544130 6.416853428 -11.657791138 0.000000000 0.000000000 -10.000000000
1776608251.386834383 0.573998809 0.234980494 0.172292620 0.115007356 0.988222420 0.097346082 -0.026711410 1.356264472 6.400761127 -11.638188362 0.000000000 0.000000000 -10.000000000
1776608251.391881227 0.572939217 0.234646752 0.172220796 0.114556611 0.988334537 0.096610233 -0.027166812 1.247162700 6.384587288 -11.613877296 0.000000000 0.000000000 -10.000000000
1776608251.397250414 0.571835876 0.234319851 0.172133535 0.114186421 0.988434792 0.095872484 -0.027687082 1.136281013 6.368344784 -11.584963799 0.000000000 0.000000000 -10.000000000
1776608251.401841640 0.570679486 0.234009027 0.172042400 0.113877468 0.988524795 0.095136374 -0.028279604 1.023679376 6.352029324 -11.551574707 0.000000000 0.000000000 -10.000000000
1776608251.407225370 0.569515824 0.233694971 0.171930552 0.113653980 0.988604009 0.094392665 -0.028894117 0.909439564 6.335618973 -11.513859749 0.000000000 0.000000000 -10.000000000
1776608251.411828995 0.568361521 0.233372644 0.171810925 0.113514721 0.988673389 0.093643710 -0.029499263 0.793671846 6.319073200 -11.471988678 0.000000000 0.000000000 -10.000000000
1776608251.416974068 0.567198277 0.233064979 0.171680719 0.113447726 0.988732398 0.092902973 -0.030115372 0.676520765 6.302333832 -11.426152229 0.000000000 0.000000000 -10.000000000
1776608251.421921968 0.566070974 0.232769608 0.171556741 0.113421552 0.988786697 0.092168875 -0.030681642 0.558170795 6.285324097 -11.376560211 0.000000000 0.000000000 -10.000000000
1776608251.426815271 0.565019548 0.232495785 0.171450883 0.113435872 0.988835275 0.091467924 -0.031157197 0.438850582 6.267946243 -11.323437691 0.000000000 0.000000000 -10.000000000
1776608251.432329655 0.564070344 0.232244805 0.171362281 0.113468803 0.988880932 0.090807810 -0.031515907 0.318834394 6.250083447 -11.267029762 0.000000000 0.000000000 -10.000000000
1776608251.437163115 0.563178301 0.232027560 0.171275556 0.113491684 0.988926947 0.090179682 -0.031792112 0.198441252 6.231596947 -11.207590103 0.000000000 0.000000000 -10.000000000
1776608251.441847324 0.562313497 0.231851563 0.171168566 0.113490306 0.988973916 0.089582346 -0.032024965 0.078032404 6.212327957 -11.145386696 0.000000000 0.000000000 -10.000000000
1776608251.447234392 0.561519682 0.231699124 0.171074390 0.113480456 0.989021361 0.089019366 -0.032163806 -0.041991316 6.192097187 -11.080698967 0.000000000 0.000000000 -10.000000000
1776608251.451891899 0.560851514 0.231585979 0.170996219 0.113427818 0.989073694 0.088509127 -0.032147393 -0.161191985 6.170708179 -11.013813019 0.000000000 0.000000000 -10.000000000
1776608251.456878424 0.560234010 0.231505096 0.170918524 0.113343813 0.989128828 0.088033348 -0.032054450 -0.279097766 6.147948265 -10.945020676 0.000000000 0.000000000 -10.000000000
1776608251.462269306 0.559705973 0.231447428 0.170858383 0.113244638 0.989184976 0.087604687 -0.031846706 -0.395206511 6.123592377 -10.874617577 0.000000000 0.000000000 -10.000000000
1776608251.467183352 0.559323013 0.231404841 0.170817345 0.113130093 0.989243805 0.087230362 -0.031451344 -0.508989215 6.097406387 -10.802903175 0.000000000 0.000000000 -10.000000000
1776608251.472210646 0.559032500 0.231414706 0.170800447 0.113017410 0.989300072 0.086922750 -0.030933032 -0.619894385 6.069149971 -10.730175018 0.000000000 0.000000000 -10.000000000
1776608251.476879597 0.558832347 0.231461734 0.170799255 0.112887152 0.989356279 0.086674914 -0.030299596 -0.727356315 6.038580894 -10.656729698 0.000000000 0.000000000 -10.000000000
1776608251.482240200 0.558744967 0.231554091 0.170810133 0.112755738 0.989410639 0.086491928 -0.029527972 -0.830807090 6.005459785 -10.582863808 0.000000000 0.000000000 -10.000000000
1776608251.487368345 0.558730245 0.231688827 0.170826882 0.112640403 0.989461064 0.086354867 -0.028667644 -0.929688096 5.969554424 -10.508873940 0.000000000 0.000000000 -10.000000000
1776608251.492188215 0.558760464 0.232010588 0.170871526 0.112416796 0.989554286 0.086158745 -0.026859595 -1.023461342 5.930644035 -10.435050011 0.000000000 0.000000000 -10.000000000
1776608251.497143030 0.558760464 0.232010588 0.170871526 0.112416796 0.989554286 0.086158745 -0.026859595 -1.111620426 5.888522148 -10.361677170 0.000000000 0.000000000 -10.000000000
1776608251.501924038 0.558731735 0.232188314 0.170900047 0.112323381 0.989595711 0.086068928 -0.025999507 -1.193701863 5.843001842 -10.289031029 0.000000000 0.000000000 -10.000000000
1776608251.506901979 0.558671832 0.232340500 0.170919061 0.112253331 0.989633262 0.085970931 -0.025183745 -1.269293785 5.793915272 -10.217380524 0.000000000 0.000000000 -10.000000000
1776608251.511856794 0.558602631 0.232481256 0.170930564 0.112197712 0.989668727 0.085866168 -0.024381803 -1.338044047 5.741121292 -10.146986008 0.000000000 0.000000000 -10.000000000
1776608251.516878128 0.558499873 0.232614711 0.170936316 0.112151325 0.989702940 0.085746028 -0.023616850 -1.399668097 5.684503555 -10.078098297 0.000000000 0.000000000 -10.000000000
1776608251.521918535 0.558370888 0.232720271 0.170925111 0.112120107 0.989736199 0.085601389 -0.022885017 -1.453956604 5.623970985 -10.010954857 0.000000000 0.000000000 -10.000000000
1776608251.526887894 0.558203697 0.232832983 0.170908600 0.112081863 0.989770174 0.085440770 -0.022192867 -1.500782132 5.559459686 -9.945777893 0.000000000 0.000000000 -10.000000000
1776608251.531843901 0.558047414 0.232966915 0.170905918 0.112022035 0.989805758 0.085288398 -0.021483360 -1.540102482 5.490932941 -9.882773399 0.000000000 0.000000000 -10.000000000
1776608251.536842108 0.557898045 0.233091742 0.170915306 0.111961946 0.989841580 0.085130714 -0.020760048 -1.571959615 5.418381691 -9.822125435 0.000000000 0.000000000 -10.000000000
1776608251.541833639 0.557712018 0.233232856 0.170918077 0.111870557 0.989880741 0.084961712 -0.020064371 -1.596477389 5.341824055 -9.764000893 0.000000000 0.000000000 -10.000000000
1776608251.546826363 0.557483256 0.233378798 0.170928657 0.111772038 0.989920199 0.084784135 -0.019407356 -1.613856196 5.261305809 -9.708544731 0.000000000 0.000000000 -10.000000000
1776608251.551831484 0.557236969 0.233538061 0.170929283 0.111661740 0.989960313 0.084605090 -0.018768778 -1.624369025 5.176899433 -9.655876160 0.000000000 0.000000000 -10.000000000
1776608251.557222366 0.556983590 0.233707964 0.170914024 0.111530848 0.990002453 0.084423795 -0.018128224 -1.628356695 5.088705063 -9.606090546 0.000000000 0.000000000 -10.000000000
1776608251.561844587 0.556746125 0.233873934 0.170893431 0.111407794 0.990044177 0.084233873 -0.017477328 -1.626223326 4.996850014 -9.559259415 0.000000000 0.000000000 -10.000000000
1776608251.567194223 0.556494474 0.234047621 0.170865536 0.111276858 0.990086079 0.084044911 -0.016834980 -1.618428349 4.901484966 -9.515424728 0.000000000 0.000000000 -10.000000000
1776608251.571930647 0.556249857 0.234233946 0.170835942 0.111154094 0.990126491 0.083859064 -0.016185911 -1.605477333 4.802781582 -9.474606514 0.000000000 0.000000000 -10.000000000
1776608251.577206612 0.556033432 0.234447718 0.170839459 0.110999651 0.990169406 0.083687149 -0.015496374 -1.587913275 4.700930119 -9.436804771 0.000000000 0.000000000 -10.000000000
1776608251.581954479 0.555855870 0.234698564 0.170872837 0.110832646 0.990211487 0.083543025 -0.014761549 -1.566308498 4.596135139 -9.401999474 0.000000000 0.000000000 -10.000000000
1776608251.586878538 0.555695951 0.234994248 0.170920730 0.110662088 0.990251362 0.083426543 -0.014003809 -1.541254640 4.488612175 -9.370152473 0.000000000 0.000000000 -10.000000000
1776608251.591991901 0.555517912 0.235298663 0.170960665 0.110492446 0.990290582 0.083307065 -0.013265222 -1.513351321 4.378580093 -9.341211319 0.000000000 0.000000000 -10.000000000
1776608251.596907139 0.555101156 0.235912666 0.171009809 0.110180177 0.990366518 0.083028719 -0.011863911 -1.483195662 4.266257286 -9.315108299 0.000000000 0.000000000 -10.000000000
1776608251.601827860 0.555101156 0.235912666 0.171009809 0.110180177 0.990366518 0.083028719 -0.011863911 -1.451376081 4.151861668 -9.291763306 0.000000000 0.000000000 -10.000000000
1776608251.606854916 0.554889679 0.236227632 0.171021223 0.110045418 0.990401268 0.082888298 -0.011172567 -1.418465495 4.035610676 -9.271080017 0.000000000 0.000000000 -10.000000000
1776608251.611861944 0.554696620 0.236538827 0.171051741 0.109919481 0.990434706 0.082747906 -0.010467565 -1.385017037 3.917724133 -9.252949715 0.000000000 0.000000000 -10.000000000
1776608251.616921186 0.554504871 0.236863375 0.171096891 0.109799229 0.990466535 0.082613550 -0.009757407 -1.351556659 3.798419714 -9.237252235 0.000000000 0.000000000 -10.000000000
1776608251.622265577 0.554313958 0.237195477 0.171158105 0.109687030 0.990496218 0.082487725 -0.009044489 -1.318577290 3.677913666 -9.223855972 0.000000000 0.000000000 -10.000000000
1776608251.627170324 0.554147363 0.237531960 0.171244591 0.109588586 0.990523219 0.082371607 -0.008308821 -1.286534905 3.556417465 -9.212622643 0.000000000 0.000000000 -10.000000000
1776608251.631826401 0.553992152 0.237891182 0.171332538 0.109490409 0.990548611 0.082268216 -0.007564546 -1.255846500 3.434137821 -9.203400612 0.000000000 0.000000000 -10.000000000
1776608251.636941433 0.553814054 0.238293111 0.171420723 0.109373122 0.990573883 0.082182705 -0.006846714 -1.226887703 3.311275244 -9.196030617 0.000000000 0.000000000 -10.000000000
1776608251.641833544 0.553618431 0.238715142 0.171505988 0.109251492 0.990598023 0.082108445 -0.006149368 -1.199989915 3.188021898 -9.190345764 0.000000000 0.000000000 -10.000000000
1776608251.646914959 0.553389072 0.239141583 0.171580344 0.109132051 0.990621805 0.082027324 -0.005493531 -1.175438523 3.064560175 -9.186169624 0.000000000 0.000000000 -10.000000000
1776608251.651885509 0.553136885 0.239572868 0.171665311 0.109017566 0.990643919 0.081951857 -0.004862552 -1.153472662 2.941064835 -9.183322906 0.000000000 0.000000000 -10.000000000
1776608251.657182217 0.552865803 0.240023687 0.171744317 0.108902954 0.990664601 0.081888132 -0.004262958 -1.134286761 2.817705631 -9.181617737 0.000000000 0.000000000 -10.000000000
1776608251.662361860 0.552551746 0.240498185 0.171814859 0.108798072 0.990682364 0.081838556 -0.003722733 -1.118034840 2.694651127 -9.180866241 0.000000000 0.000000000 -10.000000000
1776608251.667285204 0.552214384 0.240984619 0.171890557 0.108688176 0.990699708 0.081795976 -0.003223465 -1.104835868 2.572069645 -9.180871010 0.000000000 0.000000000 -10.000000000
1776608251.672266006 0.551857471 0.241483808 0.171960145 0.108588539 0.990714788 0.081762448 -0.002761703 -1.094780922 2.450132608 -9.181431770 0.000000000 0.000000000 -10.000000000
1776608251.677247286 0.550903976 0.242595866 0.172068983 0.108367570 0.990743756 0.081723705 -0.002137159 -1.087939024 2.329013586 -9.182339668 0.000000000 0.000000000 -10.000000000
1776608251.682152033 0.550903976 0.242595866 0.172068983 0.108367570 0.990743756 0.081723705 -0.002137159 -1.084361792 2.208891392 -9.183380127 0.000000000 0.000000000 -10.000000000
1776608251.686915159 0.549897254 0.243792415 0.172229201 0.108137079 0.990768671 0.081738323 -0.001624117 -1.084085703 2.089951754 -9.184336662 0.000000000 0.000000000 -10.000000000
1776608251.692185163 0.549897254 0.243792415 0.172229201 0.108137079 0.990768671 0.081738323 -0.001624117 -1.087131143 1.972387552 -9.184994698 0.000000000 0.000000000 -10.000000000
1776608251.696832657 0.548725069 0.245035797 0.172403574 0.107820421 0.990804732 0.081725493 -0.001318973 -1.093500733 1.856402159 -9.185141563 0.000000000 0.000000000 -10.000000000
1776608251.702126265 0.548725069 0.245035797 0.172403574 0.107820421 0.990804732 0.081725493 -0.001318973 -1.103178978 1.742208838 -9.184569359 0.000000000 0.000000000 -10.000000000
1776608251.707034111 0.547371686 0.246258691 0.172550261 0.107456312 0.990851641 0.081636675 -0.001252659 -1.116132975 1.630030990 -9.183078766 0.000000000 0.000000000 -10.000000000
1776608251.712193489 0.547371686 0.246258691 0.172550261 0.107456312 0.990851641 0.081636675 -0.001252659 -1.132315159 1.520100713 -9.180475235 0.000000000 0.000000000 -10.000000000
1776608251.717233419 0.546594799 0.246846199 0.172584027 0.107266761 0.990879714 0.081543565 -0.001351629 -1.151668549 1.412658334 -9.176572800 0.000000000 0.000000000 -10.000000000
1776608251.722303629 0.544921041 0.248006597 0.172645658 0.106914639 0.990934849 0.081328735 -0.001739904 -1.174129605 1.307951450 -9.171195984 0.000000000 0.000000000 -10.000000000
1776608251.726787329 0.544921041 0.248006597 0.172645658 0.106914639 0.990934849 0.081328735 -0.001739904 -1.199632168 1.206233382 -9.164181709 0.000000000 0.000000000 -10.000000000
1776608251.732063055 0.543981612 0.248595238 0.172675490 0.106745504 0.990962267 0.081208564 -0.002074296 -1.228110552 1.107761621 -9.155378342 0.000000000 0.000000000 -10.000000000
1776608251.737133503 0.542923510 0.249212548 0.172692746 0.106587157 0.990987420 0.081095837 -0.002563824 -1.259500265 1.012793779 -9.144651413 0.000000000 0.000000000 -10.000000000
1776608251.742241859 0.541853547 0.249838471 0.172729164 0.106447242 0.991008878 0.080999024 -0.003087497 -1.293738484 0.921583831 -9.131885529 0.000000000 0.000000000 -10.000000000
1776608251.747360945 0.540729046 0.250435263 0.172753096 0.106335208 0.991028607 0.080879577 -0.003698049 -1.330762506 0.834379792 -9.116988182 0.000000000 0.000000000 -10.000000000
1776608251.752190351 0.539548874 0.251015246 0.172773480 0.106225416 0.991049290 0.080734983 -0.004392061 -1.370507479 0.751421869 -9.099888802 0.000000000 0.000000000 -10.000000000
1776608251.757201195 0.537087500 0.252200603 0.172828108 0.106005125 0.991088569 0.080442339 -0.005945852 -1.412903309 0.672940314 -9.080539703 0.000000000 0.000000000 -10.000000000
1776608251.762110949 0.535842776 0.252816528 0.172868460 0.105889075 0.991106153 0.080314443 -0.006758240 -1.457870722 0.599151433 -9.058919907 0.000000000 0.000000000 -10.000000000
1776608251.766854525 0.535842776 0.252816528 0.172868460 0.105889075 0.991106153 0.080314443 -0.006758240 -1.505318046 0.530253410 -9.035028458 0.000000000 0.000000000 -10.000000000
1776608251.772017002 0.534569800 0.253418386 0.172901839 0.105781190 0.991123021 0.080170929 -0.007620635 -1.555135846 0.466420859 -9.008888245 0.000000000 0.000000000 -10.000000000
1776608251.776907682 0.533274233 0.254040867 0.172932118 0.105666310 0.991138637 0.080039784 -0.008515193 -1.607192278 0.407799602 -8.980542183 0.000000000 0.000000000 -10.000000000
1776608251.782213449 0.531985223 0.254701316 0.172967076 0.105539694 0.991151810 0.079942659 -0.009411848 -1.661328554 0.354501307 -8.950054169 0.000000000 0.000000000 -10.000000000
1776608251.786920786 0.530691564 0.255376577 0.173000634 0.105401941 0.991164267 0.079857379 -0.010326435 -1.717357039 0.306599051 -8.917510033 0.000000000 0.000000000 -10.000000000
1776608251.792074680 0.529433310 0.256074458 0.173044592 0.105257303 0.991174102 0.079806723 -0.011209412 -1.775061131 0.264124483 -8.883009911 0.000000000 0.000000000 -10.000000000
1776608251.797098637 0.528168261 0.256790727 0.173084259 0.105095930 0.991183639 0.079771169 -0.012099667 -1.834194899 0.227065951 -8.846669197 0.000000000 0.000000000 -10.000000000
1776608251.802171946 0.526908636 0.257516235 0.173135638 0.104937583 0.991190135 0.079757556 -0.012997806 -1.894482851 0.195368037 -8.808615685 0.000000000 0.000000000 -10.000000000
1776608251.806951761 0.524497807 0.259005636 0.173279852 0.104622535 0.991195560 0.079809979 -0.014693435 -1.955620527 0.168931961 -8.768986702 0.000000000 0.000000000 -10.000000000
1776608251.812202692 0.524497807 0.259005636 0.173279852 0.104622535 0.991195560 0.079809979 -0.014693435 -2.017276525 0.147617012 -8.727928162 0.000000000 0.000000000 -10.000000000
1776608251.816857815 0.522186399 0.260571659 0.173454463 0.104305439 0.991191506 0.079961754 -0.016305532 -2.079095602 0.131242901 -8.685590744 0.000000000 0.000000000 -10.000000000
1776608251.822135925 0.522186399 0.260571659 0.173454463 0.104305439 0.991191506 0.079961754 -0.016305532 -2.140702486 0.119592741 -8.642127991 0.000000000 0.000000000 -10.000000000
1776608251.826969147 0.521060050 0.261385739 0.173545927 0.104137942 0.991187155 0.080070928 -0.017085670 -2.201706409 0.112415977 -8.597693443 0.000000000 0.000000000 -10.000000000
1776608251.832187414 0.519944012 0.262211233 0.173635781 0.103969254 0.991181254 0.080193505 -0.017865421 -2.261705637 0.109431729 -8.552438736 0.000000000 0.000000000 -10.000000000
1776608251.836959600 0.517729044 0.263910770 0.173812002 0.103626169 0.991164804 0.080478467 -0.019420637 -2.320291519 0.110333122 -8.506513596 0.000000000 0.000000000 -10.000000000
1776608251.841931105 0.517729044 0.263910770 0.173812002 0.103626169 0.991164804 0.080478467 -0.019420637 -2.377055407 0.114792384 -8.460065842 0.000000000 0.000000000 -10.000000000
1776608251.847356558 0.515648305 0.265619725 0.174006850 0.103329487 0.991138101 0.080821604 -0.020884387 -2.431591511 0.122465499 -8.413239479 0.000000000 0.000000000 -10.000000000
1776608251.851805210 0.514634132 0.266474873 0.174119622 0.103184268 0.991123319 0.081000634 -0.021596594 -2.483502388 0.132996410 -8.366177559 0.000000000 0.000000000 -10.000000000
1776608251.856815815 0.514634132 0.266474873 0.174119622 0.103184268 0.991123319 0.081000634 -0.021596594 -2.532403469 0.146021560 -8.319020271 0.000000000 0.000000000 -10.000000000
1776608251.861938715 0.513633847 0.267329872 0.174225241 0.103005894 0.991111934 0.081176929 -0.022299690 -2.577926874 0.161174908 -8.271905899 0.000000000 0.000000000 -10.000000000
1776608251.866837502 0.512656391 0.268168122 0.174332082 0.102827124 0.991100669 0.081346959 -0.022994135 -2.619727373 0.178092450 -8.224968910 0.000000000 0.000000000 -10.000000000
1776608251.871856451 0.511682928 0.269024462 0.174444854 0.102608487 0.991092861 0.081519037 -0.023686910 -2.657485962 0.196416005 -8.178340912 0.000000000 0.000000000 -10.000000000
1776608251.877151251 0.510717988 0.269898474 0.174570590 0.102379568 0.991084695 0.081704743 -0.024370277 -2.690915108 0.215796530 -8.132145882 0.000000000 0.000000000 -10.000000000
1776608251.881907225 0.509775698 0.270775199 0.174698234 0.102136970 0.991077483 0.081894055 -0.025036303 -2.719761372 0.235896677 -8.086503983 0.000000000 0.000000000 -10.000000000
1776608251.887143850 0.508858085 0.271648467 0.174828440 0.101894170 0.991070330 0.082080781 -0.025690034 -2.743807554 0.256393582 -8.041527748 0.000000000 0.000000000 -10.000000000
1776608251.891848087 0.507937312 0.272525370 0.174956828 0.101632744 0.991065025 0.082257763 -0.026354831 -2.762874603 0.276980966 -7.997322083 0.000000000 0.000000000 -10.000000000
1776608251.897182941 0.507036209 0.273404092 0.175088704 0.101370499 0.991059124 0.082440794 -0.027006453 -2.776821136 0.297370017 -7.953980446 0.000000000 0.000000000 -10.000000000
1776608251.901949883 0.505342066 0.275180459 0.175418109 0.100883961 0.991039276 0.082861848 -0.028240105 -2.785538673 0.317289650 -7.911585808 0.000000000 0.000000000 -10.000000000
1776608251.907186747 0.505342066 0.275180459 0.175418109 0.100883961 0.991039276 0.082861848 -0.028240105 -2.788953066 0.336486816 -7.870205402 0.000000000 0.000000000 -10.000000000
1776608251.912245035 0.504544020 0.276065081 0.175586581 0.100680418 0.991024256 0.083085164 -0.028830281 -2.787020206 0.354726195 -7.829893112 0.000000000 0.000000000 -10.000000000
1776608251.917096138 0.503761172 0.276957721 0.175751597 0.100465000 0.991009951 0.083309963 -0.029418586 -2.779728174 0.371790081 -7.790688038 0.000000000 0.000000000 -10.000000000
1776608251.923190355 0.503007829 0.277863622 0.175918251 0.100268677 0.990992248 0.083550975 -0.029996689 -2.767094135 0.387477696 -7.752612114 0.000000000 0.000000000 -10.000000000
1776608251.927143097 0.501582861 0.279760152 0.176275194 0.099877238 0.990949810 0.084118262 -0.031097827 -2.749164343 0.401604801 -7.715674877 0.000000000 0.000000000 -10.000000000
1776608251.932174444 0.500928342 0.280713052 0.176471740 0.099653259 0.990931332 0.084414706 -0.031598650 -2.726011038 0.414003849 -7.679869652 0.000000000 0.000000000 -10.000000000
1776608251.937153339 0.500322163 0.281664521 0.176686972 0.099382006 0.990917683 0.084719315 -0.032062698 -2.697731256 0.424524695 -7.645175457 0.000000000 0.000000000 -10.000000000
1776608251.942190886 0.500322163 0.281664521 0.176686972 0.099382006 0.990917683 0.084719315 -0.032062698 -2.664443731 0.433035880 -7.611555576 0.000000000 0.000000000 -10.000000000
1776608251.947146893 0.499744147 0.282620519 0.176900089 0.099099822 0.990904391 0.085032843 -0.032514203 -2.626286745 0.439425379 -7.578958988 0.000000000 0.000000000 -10.000000000
1776608251.952135801 0.498680055 0.284535468 0.177351415 0.098537594 0.990874648 0.085692175 -0.033386737 -2.583415031 0.443600357 -7.547317505 0.000000000 0.000000000 -10.000000000
1776608251.957171679 0.498192251 0.285484612 0.177595854 0.098235913 0.990862012 0.086024083 -0.033794586 -2.535995483 0.445486844 -7.516550541 0.000000000 0.000000000 -10.000000000
1776608251.962264299 0.498192251 0.285484612 0.177595854 0.098235913 0.990862012 0.086024083 -0.033794586 -2.484205008 0.445029318 -7.486561298 0.000000000 0.000000000 -10.000000000
1776608251.967419863 0.497309893 0.287399739 0.178150266 0.097672895 0.990830541 0.086724304 -0.034550127 -2.428226471 0.442191035 -7.457239151 0.000000000 0.000000000 -10.000000000
1776608251.972137690 0.497309893 0.287399739 0.178150266 0.097672895 0.990830541 0.086724304 -0.034550127 -2.368247747 0.436954468 -7.428459167 0.000000000 0.000000000 -10.000000000
1776608251.976983070 0.496502846 0.289346397 0.178715050 0.097049601 0.990799725 0.087468162 -0.035307705 -2.304460049 0.429321229 -7.400080204 0.000000000 0.000000000 -10.000000000
1776608251.982186317 0.496502846 0.289346397 0.178715050 0.097049601 0.990799725 0.087468162 -0.035307705 -2.237054586 0.419311404 -7.371947765 0.000000000 0.000000000 -10.000000000
1776608251.986849070 0.496128261 0.290314972 0.179005831 0.096766673 0.990781367 0.087834328 -0.035688207 -2.166221857 0.406963289 -7.343893051 0.000000000 0.000000000 -10.000000000
1776608251.992038965 0.495813549 0.291270733 0.179317087 0.096514665 0.990759671 0.088215575 -0.036031164 -2.092149973 0.392333329 -7.315736771 0.000000000 0.000000000 -10.000000000
1776608251.996864796 0.495275140 0.293200433 0.179975331 0.095971674 0.990716100 0.089022964 -0.036688019 -2.015025854 0.375495136 -7.287286282 0.000000000 0.000000000 -10.000000000
1776608252.002097368 0.495275140 0.293200433 0.179975331 0.095971674 0.990716100 0.089022964 -0.036688019 -1.935035110 0.356538355 -7.258337498 0.000000000 0.000000000 -10.000000000
1776608252.007120609 0.495045364 0.294115394 0.180272937 0.095747732 0.990691245 0.089400843 -0.037023619 -1.852363110 0.335568637 -7.228675365 0.000000000 0.000000000 -10.000000000
1776608252.012128115 0.494861186 0.295019716 0.180565596 0.095500126 0.990669668 0.089774296 -0.037334856 -1.767194152 0.312708557 -7.198076248 0.000000000 0.000000000 -10.000000000
1776608252.017178297 0.494758070 0.295924634 0.180875003 0.095215790 0.990651846 0.090169348 -0.037581716 -1.679709792 0.288097173 -7.166316509 0.000000000 0.000000000 -10.000000000
1776608252.021928310 0.494894594 0.296853513 0.181244344 0.094848730 0.990645766 0.090634875 -0.037549958 -1.590079188 0.261886209 -7.133172989 0.000000000 0.000000000 -10.000000000
1776608252.026853085 0.495548636 0.298622280 0.181936353 0.094014995 0.990662575 0.091541387 -0.036999512 -1.498436332 0.234233364 -7.098421097 0.000000000 0.000000000 -10.000000000
1776608252.031924725 0.495914251 0.299455047 0.182194114 0.093570605 0.990680635 0.091926828 -0.036686093 -1.404861212 0.205297276 -7.061826706 0.000000000 0.000000000 -10.000000000
1776608252.037215471 0.495914251 0.299455047 0.182194114 0.093570605 0.990680635 0.091926828 -0.036686093 -1.309378743 0.175239339 -7.023147106 0.000000000 0.000000000 -10.000000000
1776608252.042211056 0.496452630 0.300295323 0.182461917 0.093133077 0.990701735 0.092339240 -0.036190372 -1.211965322 0.144229487 -6.982137680 0.000000000 0.000000000 -10.000000000
1776608252.047111750 0.497215569 0.301149845 0.182757407 0.092716768 0.990723610 0.092809774 -0.035449773 -1.112552404 0.112446308 -6.938557625 0.000000000 0.000000000 -10.000000000
1776608252.051865816 0.498203129 0.301974684 0.183108956 0.092335649 0.990746379 0.093315750 -0.034465667 -1.011027455 0.080072589 -6.892173767 0.000000000 0.000000000 -10.000000000
1776608252.057162523 0.499218345 0.302787006 0.183452010 0.091964208 0.990768373 0.093816333 -0.033452917 -0.907236814 0.047294725 -6.842763424 0.000000000 0.000000000 -10.000000000
1776608252.061824799 0.500295281 0.303601623 0.183791637 0.091587663 0.990791082 0.094325989 -0.032362137 -0.800996482 0.014307038 -6.790122032 0.000000000 0.000000000 -10.000000000
1776608252.066830397 0.501497924 0.304408371 0.184133917 0.091255344 0.990808666 0.094869405 -0.031151677 -0.692105949 -0.018684216 -6.734066963 0.000000000 0.000000000 -10.000000000
1776608252.071827173 0.502828717 0.305194288 0.184454530 0.090953857 0.990824401 0.095423467 -0.029812846 -0.580365598 -0.051458646 -6.674438953 0.000000000 0.000000000 -10.000000000
1776608252.076862335 0.504225969 0.305948585 0.184757948 0.090648308 0.990842998 0.095948249 -0.028408101 -0.465591908 -0.083780035 -6.611105442 0.000000000 0.000000000 -10.000000000
1776608252.081836700 0.505641341 0.306652665 0.185044378 0.090350971 0.990862489 0.096433789 -0.026995437 -0.347630501 -0.115394711 -6.543963909 0.000000000 0.000000000 -10.000000000
1776608252.086844921 0.507045150 0.307300299 0.185312420 0.090050943 0.990884781 0.096863635 -0.025605537 -0.226367787 -0.146030158 -6.472946167 0.000000000 0.000000000 -10.000000000
1776608252.091832638 0.508468866 0.307922572 0.185589820 0.089742482 0.990908444 0.097269535 -0.024194777 -0.101744182 -0.175393909 -6.398019791 0.000000000 0.000000000 -10.000000000
1776608252.096882820 0.509855688 0.308522195 0.185865432 0.089418881 0.990933239 0.097642064 -0.022837810 0.026228763 -0.203172997 -6.319192886 0.000000000 0.000000000 -10.000000000
1776608252.101967812 0.511144757 0.309070975 0.186112732 0.089105219 0.990958512 0.097949542 -0.021619158 0.157452017 -0.229035676 -6.236515045 0.000000000 0.000000000 -10.000000000
1776608252.106896639 0.513802826 0.310069889 0.186672390 0.088510133 0.991006672 0.098508149 -0.019179672 0.291732579 -0.252637804 -6.150077343 0.000000000 0.000000000 -10.000000000
1776608252.112126827 0.515121818 0.310517490 0.186959535 0.088221379 0.991031408 0.098740958 -0.017998243 0.428783894 -0.273629725 -6.060013771 0.000000000 0.000000000 -10.000000000
1776608252.116816521 0.516375661 0.310931981 0.187215954 0.087939955 0.991056442 0.098935291 -0.016897187 0.568228722 -0.291661203 -5.966497898 0.000000000 0.000000000 -10.000000000
1776608252.122120380 0.516375661 0.310931981 0.187215954 0.087939955 0.991056442 0.098935291 -0.016897187 0.709608197 -0.306387007 -5.869734764 0.000000000 0.000000000 -10.000000000
1776608252.126847029 0.517558515 0.311284155 0.187435418 0.087666854 0.991084516 0.099063642 -0.015888590 0.852395475 -0.317474276 -5.769959927 0.000000000 0.000000000 -10.000000000
1776608252.131930113 0.518691182 0.311614066 0.187611252 0.087397061 0.991113484 0.099159054 -0.014943892 0.996008873 -0.324609339 -5.667431355 0.000000000 0.000000000 -10.000000000
1776608252.136806488 0.519875407 0.311958045 0.187788159 0.087134823 0.991139531 0.099274367 -0.013947317 1.139824510 -0.327504873 -5.562427998 0.000000000 0.000000000 -10.000000000
1776608252.141796827 0.521085799 0.312306106 0.187958091 0.086885966 0.991162241 0.099403277 -0.012931801 1.283189297 -0.325907528 -5.455243587 0.000000000 0.000000000 -10.000000000
1776608252.146856308 0.522313774 0.312635124 0.188134044 0.086648338 0.991183937 0.099523447 -0.011899375 1.425433040 -0.319603324 -5.346182346 0.000000000 0.000000000 -10.000000000
1776608252.151828051 0.523550212 0.312933445 0.188297093 0.086423151 0.991205335 0.099623337 -0.010871588 1.565881252 -0.308421105 -5.235556602 0.000000000 0.000000000 -10.000000000
1776608252.156891823 0.524815857 0.313239127 0.188479841 0.086239405 0.991219223 0.099752858 -0.009828179 1.703865767 -0.292235881 -5.123682022 0.000000000 0.000000000 -10.000000000
1776608252.161851883 0.526128113 0.313604236 0.188685566 0.086095601 0.991220415 0.099965163 -0.008754321 1.838733912 -0.270972252 -5.010872841 0.000000000 0.000000000 -10.000000000
1776608252.167182446 0.528760314 0.314333647 0.189067632 0.085893892 0.991205871 0.100444861 -0.006628890 1.969857693 -0.244608685 -4.897438049 0.000000000 0.000000000 -10.000000000
1776608252.172015905 0.530086637 0.314648569 0.189240605 0.085845381 0.991192997 0.100677438 -0.005578479 2.096642971 -0.213180736 -4.783679485 0.000000000 0.000000000 -10.000000000
1776608252.177044153 0.530086637 0.314648569 0.189240605 0.085845381 0.991192997 0.100677438 -0.005578479 2.218537092 -0.176781699 -4.669888973 0.000000000 0.000000000 -10.000000000
1776608252.181912899 0.531447172 0.314982891 0.189416051 0.085819587 0.991172671 0.100952506 -0.004504676 2.335035563 -0.135560140 -4.556348324 0.000000000 0.000000000 -10.000000000
1776608252.187053204 0.532799840 0.315330386 0.189589441 0.085819907 0.991145909 0.101256050 -0.003452620 2.445684910 -0.089715660 -4.443325996 0.000000000 0.000000000 -10.000000000
1776608252.191830873 0.534175098 0.315706402 0.189772427 0.085837938 0.991112292 0.101599902 -0.002387712 2.550082207 -0.039493956 -4.331081390 0.000000000 0.000000000 -10.000000000
1776608252.197130203 0.535569370 0.316086322 0.189964980 0.085876063 0.991073608 0.101964094 -0.001312452 2.647876501 0.014818263 -4.219860077 0.000000000 0.000000000 -10.000000000
1776608252.201816559 0.536997676 0.316476494 0.190188915 0.085930064 0.991029084 0.102358632 -0.000206837 2.738765717 0.072898589 -4.109895706 0.000000000 0.000000000 -10.000000000
1776608252.206839085 0.538459420 0.316872448 0.190436214 0.086001009 0.990979195 0.102777593 0.000923836 2.822499037 0.134395450 -4.001407623 0.000000000 0.000000000 -10.000000000
1776608252.211827755 0.541400492 0.317664564 0.190931350 0.086204328 0.990864813 0.103661150 0.003176434 2.898873806 0.198935717 -3.894600868 0.000000000 0.000000000 -10.000000000
1776608252.216852665 0.541400492 0.317664564 0.190931350 0.086204328 0.990864813 0.103661150 0.003176434 2.967735052 0.266132176 -3.789663315 0.000000000 0.000000000 -10.000000000
1776608252.221864462 0.542848051 0.318023235 0.191141099 0.086336173 0.990805268 0.104080997 0.004256070 3.028972864 0.335590184 -3.686764479 0.000000000 0.000000000 -10.000000000
1776608252.227181911 0.545792341 0.318707943 0.191522628 0.086650424 0.990676999 0.104924925 0.006444113 3.082518816 0.406912982 -3.586055756 0.000000000 0.000000000 -10.000000000
1776608252.231823921 0.547263026 0.319061100 0.191718489 0.086818792 0.990607202 0.105371378 0.007530779 3.128343821 0.479706228 -3.487669945 0.000000000 0.000000000 -10.000000000
1776608252.237108707 0.547263026 0.319061100 0.191718489 0.086818792 0.990607202 0.105371378 0.007530779 3.166456461 0.553581893 -3.391723633 0.000000000 0.000000000 -10.000000000
1776608252.241889715 0.550158679 0.319750518 0.192107677 0.087201051 0.990459144 0.106272988 0.009626877 3.196899414 0.628162861 -3.298318148 0.000000000 0.000000000 -10.000000000
1776608252.247124195 0.550158679 0.319750518 0.192107677 0.087201051 0.990459144 0.106272988 0.009626877 3.219746351 0.703088105 -3.207540751 0.000000000 0.000000000 -10.000000000
1776608252.252159119 0.553026259 0.320408612 0.192497551 0.087601416 0.990307093 0.107153565 0.011658742 3.235101223 0.778018534 -3.119466782 0.000000000 0.000000000 -10.000000000
1776608252.257143497 0.554400742 0.320714831 0.192659289 0.087796248 0.990234494 0.107557260 0.012605912 3.243095875 0.852641344 -3.034160614 0.000000000 0.000000000 -10.000000000
1776608252.262228489 0.554400742 0.320714831 0.192659289 0.087796248 0.990234494 0.107557260 0.012605912 3.243888140 0.926673055 -2.951676607 0.000000000 0.000000000 -10.000000000
1776608252.267151117 0.555725694 0.320983559 0.192799002 0.087996140 0.990165532 0.107920714 0.013492099 3.237658024 0.999860585 -2.872060776 0.000000000 0.000000000 -10.000000000
1776608252.272189617 0.558275461 0.321408123 0.193019867 0.088420846 0.990036845 0.108535603 0.015127116 3.224605083 1.071982026 -2.795351028 0.000000000 0.000000000 -10.000000000
1776608252.277033806 0.558275461 0.321408123 0.193019867 0.088420846 0.990036845 0.108535603 0.015127116 3.204941034 1.142848015 -2.721579313 0.000000000 0.000000000 -10.000000000
1776608252.281980276 0.560580611 0.321690440 0.193161815 0.088852033 0.989929497 0.108970866 0.016440295 3.178886414 1.212302804 -2.650773287 0.000000000 0.000000000 -10.000000000
1776608252.286936045 0.560580611 0.321690440 0.193161815 0.088852033 0.989929497 0.108970866 0.016440295 3.146665812 1.280224681 -2.582959414 0.000000000 0.000000000 -10.000000000
1776608252.291945696 0.561730623 0.321810424 0.193258405 0.089071736 0.989876688 0.109172516 0.017081808 3.108510017 1.346525192 -2.518164635 0.000000000 0.000000000 -10.000000000
1776608252.296858311 0.562853158 0.321897298 0.193361759 0.089292839 0.989827514 0.109340936 0.017686624 3.064654827 1.411147714 -2.456418276 0.000000000 0.000000000 -10.000000000
1776608252.301835299 0.564855695 0.321963906 0.193473101 0.089731634 0.989751577 0.109519735 0.018586772 3.015342951 1.474066257 -2.397750616 0.000000000 0.000000000 -10.000000000
1776608252.306806087 0.564855695 0.321963906 0.193473101 0.089731634 0.989751577 0.109519735 0.018586772 2.960825205 1.535281777 -2.342192888 0.000000000 0.000000000 -10.000000000
1776608252.311862469 0.565824449 0.321942687 0.193485171 0.089967817 0.989717960 0.109561287 0.018985452 2.901367426 1.594818354 -2.289775848 0.000000000 0.000000000 -10.000000000
1776608252.316815615 0.566725671 0.321882248 0.193462372 0.090211093 0.989690363 0.109554894 0.019306092 2.837251902 1.652719021 -2.240529060 0.000000000 0.000000000 -10.000000000
1776608252.321862221 0.567565382 0.321785241 0.193410367 0.090455897 0.989668965 0.109503128 0.019546911 2.768777609 1.709043145 -2.194481611 0.000000000 0.000000000 -10.000000000
1776608252.327136517 0.568364382 0.321653306 0.193342835 0.090709224 0.989651442 0.109417886 0.019737896 2.696260214 1.763863683 -2.151662827 0.000000000 0.000000000 -10.000000000
1776608252.331913233 0.569176674 0.321499616 0.193283468 0.090974361 0.989633858 0.109321341 0.019932320 2.620029926 1.817264915 -2.112102985 0.000000000 0.000000000 -10.000000000
1776608252.337151766 0.569956362 0.321308196 0.193213731 0.091248341 0.989620268 0.109188832 0.020082468 2.540428638 1.869340897 -2.075834274 0.000000000 0.000000000 -10.000000000
1776608252.342669249 0.571306348 0.320815146 0.193053573 0.091781519 0.989616215 0.108772017 0.020112995 2.457806826 1.920196652 -2.042891502 0.000000000 0.000000000 -10.000000000
1776608252.346839190 0.571306348 0.320815146 0.193053573 0.091781519 0.989616215 0.108772017 0.020112995 2.372521162 1.969946742 -2.013311863 0.000000000 0.000000000 -10.000000000
1776608252.351911783 0.571992397 0.320535541 0.192987233 0.092053726 0.989616394 0.108537346 0.020127874 2.284936428 2.018713713 -1.987134218 0.000000000 0.000000000 -10.000000000
1776608252.357240915 0.573180854 0.319837958 0.192772061 0.092584677 0.989640713 0.107895955 0.019945197 2.195426941 2.066625834 -1.964398026 0.000000000 0.000000000 -10.000000000
1776608252.362097025 0.573180854 0.319837958 0.192772061 0.092584677 0.989640713 0.107895955 0.019945197 2.104378462 2.113814592 -1.945142746 0.000000000 0.000000000 -10.000000000
1776608252.367178679 0.573743999 0.319417506 0.192648828 0.092841983 0.989662409 0.107498571 0.019818805 2.012189388 2.160412312 -1.929407477 0.000000000 0.000000000 -10.000000000
1776608252.372115374 0.574857414 0.318521142 0.192394823 0.093346156 0.989712656 0.106644191 0.019555785 1.919271827 2.206551552 -1.917229414 0.000000000 0.000000000 -10.000000000
1776608252.377126694 0.574857414 0.318521142 0.192394823 0.093346156 0.989712656 0.106644191 0.019555785 1.826051474 2.252359867 -1.908643603 0.000000000 0.000000000 -10.000000000
1776608252.381835461 0.575431406 0.318045944 0.192253798 0.093596809 0.989739835 0.106191292 0.019446015 1.732968569 2.297954798 -1.903683305 0.000000000 0.000000000 -10.000000000
1776608252.387081861 0.576021791 0.317534447 0.192103744 0.093862340 0.989767313 0.105717614 0.019347770 1.640477657 2.343438625 -1.902380466 0.000000000 0.000000000 -10.000000000
1776608252.391846418 0.576654613 0.317019731 0.191975087 0.094137728 0.989791214 0.105256438 0.019301493 1.549046278 2.388896704 -1.904765844 0.000000000 0.000000000 -10.000000000
1776608252.397103786 0.577986002 0.315993756 0.191728055 0.094718486 0.989830017 0.104370043 0.019282853 1.459152579 2.434394360 -1.910868764 0.000000000 0.000000000 -10.000000000
1776608252.401833534 0.577986002 0.315993756 0.191728055 0.094718486 0.989830017 0.104370043 0.019282853 1.371280789 2.479978800 -1.920715928 0.000000000 0.000000000 -10.000000000
1776608252.407041311 0.578660667 0.315466166 0.191599935 0.095030278 0.989846230 0.103931539 0.019285949 1.285915732 2.525680304 -1.934329629 0.000000000 0.000000000 -10.000000000
1776608252.411808014 0.579329789 0.314910829 0.191453069 0.095355429 0.989862680 0.103476144 0.019285094 1.203536272 2.571510315 -1.951725483 0.000000000 0.000000000 -10.000000000
1776608252.416996241 0.580711782 0.313797534 0.191173702 0.096052133 0.989884913 0.102606237 0.019335447 1.124606848 2.617463350 -1.972909331 0.000000000 0.000000000 -10.000000000
1776608252.421881199 0.580711782 0.313797534 0.191173702 0.096052133 0.989884913 0.102606237 0.019335447 1.049568176 2.663514376 -1.997873902 0.000000000 0.000000000 -10.000000000
1776608252.426894426 0.581350565 0.313206196 0.190989137 0.096432835 0.989895821 0.102150127 0.019295035 0.978828371 2.709621906 -2.026597500 0.000000000 0.000000000 -10.000000000
1776608252.431826115 0.582656622 0.311972827 0.190651983 0.097269848 0.989907146 0.101256751 0.019222127 0.912754238 2.755729437 -2.059044838 0.000000000 0.000000000 -10.000000000
1776608252.436820984 0.582656622 0.311972827 0.190651983 0.097269848 0.989907146 0.101256751 0.019222127 0.851661086 2.801772356 -2.095167160 0.000000000 0.000000000 -10.000000000
1776608252.441855669 0.583265603 0.311308712 0.190491736 0.097746544 0.989907801 0.100812957 0.019103633 0.795802474 2.847684622 -2.134903431 0.000000000 0.000000000 -10.000000000
1776608252.447915077 0.583803475 0.310634166 0.190335035 0.098237053 0.989908278 0.100369841 0.018892586 0.745361745 2.893404245 -2.178181171 0.000000000 0.000000000 -10.000000000
1776608252.451863766 0.584315598 0.309949279 0.190191567 0.098733589 0.989908636 0.099925689 0.018639756 0.700447440 2.938879967 -2.224915981 0.000000000 0.000000000 -10.000000000
1776608252.456870317 0.585104704 0.308520734 0.189822406 0.099727161 0.989920676 0.098957427 0.017860100 0.661092818 2.984071016 -2.275012493 0.000000000 0.000000000 -10.000000000
1776608252.461923838 0.585104704 0.308520734 0.189822406 0.099727161 0.989920676 0.098957427 0.017860100 0.627258658 3.028948069 -2.328364372 0.000000000 0.000000000 -10.000000000
1776608252.466888428 0.585598052 0.307025969 0.189361304 0.100741975 0.989940286 0.097925633 0.016727321 0.598836303 3.073490620 -2.384853363 0.000000000 0.000000000 -10.000000000
1776608252.471854687 0.585598052 0.307025969 0.189361304 0.100741975 0.989940286 0.097925633 0.016727321 0.575652480 3.117683411 -2.444349527 0.000000000 0.000000000 -10.000000000
1776608252.476819754 0.585846782 0.306287318 0.189132690 0.101292200 0.989938974 0.097467512 0.016149487 0.557476342 3.161513090 -2.506711483 0.000000000 0.000000000 -10.000000000
1776608252.481947899 0.586086273 0.305569261 0.188910186 0.101879366 0.989928067 0.097062781 0.015550187 0.544029415 3.204960108 -2.571787119 0.000000000 0.000000000 -10.000000000
1776608252.487070799 0.586306453 0.304884374 0.188695192 0.102486216 0.989909708 0.096707672 0.014930756 0.534995735 3.247993469 -2.639414787 0.000000000 0.000000000 -10.000000000
1776608252.491873980 0.586782277 0.303593278 0.188279510 0.103790455 0.989842951 0.096179403 0.013710094 0.530030668 3.290569067 -2.709424257 0.000000000 0.000000000 -10.000000000
1776608252.496915102 0.586782277 0.303593278 0.188279510 0.103790455 0.989842951 0.096179403 0.013710094 0.528770387 3.332625151 -2.781637430 0.000000000 0.000000000 -10.000000000
1776608252.501863956 0.587060809 0.303005904 0.188092738 0.104483403 0.989792585 0.096027337 0.013135950 0.530842245 3.374082088 -2.855870247 0.000000000 0.000000000 -10.000000000
1776608252.506834984 0.587609053 0.301970869 0.187723875 0.105770022 0.989681959 0.095908463 0.011996248 0.535872459 3.414842606 -2.931933880 0.000000000 0.000000000 -10.000000000
1776608252.511903286 0.587609053 0.301970869 0.187723875 0.105770022 0.989681959 0.095908463 0.011996248 0.543492675 3.454792500 -3.009637356 0.000000000 0.000000000 -10.000000000
1776608252.516905785 0.587868154 0.301514834 0.187556565 0.106333464 0.989626884 0.095923088 0.011426678 0.553344250 3.493802547 -3.088790894 0.000000000 0.000000000 -10.000000000
1776608252.521847725 0.588120997 0.301078975 0.187403470 0.106818452 0.989576638 0.095967606 0.010870079 0.565080464 3.531734467 -3.169209957 0.000000000 0.000000000 -10.000000000
1776608252.526854753 0.588617444 0.300218225 0.187120616 0.107525587 0.989496112 0.096125655 0.009775353 0.578368425 3.568444252 -3.250717640 0.000000000 0.000000000 -10.000000000
1776608252.532086134 0.588617444 0.300218225 0.187120616 0.107525587 0.989496112 0.096125655 0.009775353 0.592889905 3.603789091 -3.333148241 0.000000000 0.000000000 -10.000000000
1776608252.537038088 0.588861108 0.299777687 0.186972409 0.107811786 0.989459395 0.096237876 0.009220360 0.608342648 3.637634993 -3.416347742 0.000000000 0.000000000 -10.000000000
1776608252.542134285 0.589084685 0.299318850 0.186809868 0.108050987 0.989427984 0.096345998 0.008644263 0.624442399 3.669864655 -3.500176668 0.000000000 0.000000000 -10.000000000
1776608252.546815634 0.589266777 0.298853636 0.186636001 0.108274810 0.989397287 0.096463539 0.008025752 0.640923142 3.700381279 -3.584511757 0.000000000 0.000000000 -10.000000000
1776608252.551852942 0.589411378 0.298369467 0.186454445 0.108477861 0.989370525 0.096561782 0.007370361 0.657536447 3.729114056 -3.669249535 0.000000000 0.000000000 -10.000000000
1776608252.556808233 0.589519382 0.297858596 0.186280817 0.108673006 0.989346266 0.096641012 0.006684814 0.674050748 3.756018639 -3.754307747 0.000000000 0.000000000 -10.000000000
1776608252.561894655 0.589635134 0.297360003 0.186118931 0.108883716 0.989317477 0.096742444 0.006008987 0.690252066 3.781081438 -3.839626551 0.000000000 0.000000000 -10.000000000
1776608252.566807270 0.589712262 0.296846956 0.185951382 0.109103635 0.989288151 0.096836291 0.005295675 0.705944955 3.804319859 -3.925167322 0.000000000 0.000000000 -10.000000000
1776608252.571855545 0.589761257 0.296335250 0.185780883 0.109332807 0.989257634 0.096927434 0.004552994 0.720954120 3.825782299 -4.010912895 0.000000000 0.000000000 -10.000000000
1776608252.576937437 0.589782357 0.295239776 0.185412943 0.109913744 0.989183545 0.097087689 0.002974686 0.735124648 3.845546007 -4.096865654 0.000000000 0.000000000 -10.000000000
1776608252.581867695 0.589782357 0.295239776 0.185412943 0.109913744 0.989183545 0.097087689 0.002974686 0.748322010 3.863714218 -4.183050156 0.000000000 0.000000000 -10.000000000
1776608252.586869001 0.589759827 0.294075131 0.185040325 0.110612944 0.989095271 0.097228982 0.001359420 0.760431051 3.880414009 -4.269508362 0.000000000 0.000000000 -10.000000000
1776608252.592097521 0.589759827 0.294075131 0.185040325 0.110612944 0.989095271 0.097228982 0.001359420 0.771354735 3.895792484 -4.356302261 0.000000000 0.000000000 -10.000000000
1776608252.596834660 0.589722753 0.292935550 0.184685469 0.111381374 0.988991737 0.097413965 -0.000240828 0.781012893 3.910014391 -4.443509102 0.000000000 0.000000000 -10.000000000
1776608252.601857901 0.589722753 0.292935550 0.184685469 0.111381374 0.988991737 0.097413965 -0.000240828 0.789340496 3.923259497 -4.531218529 0.000000000 0.000000000 -10.000000000
1776608252.606862783 0.589678049 0.292397201 0.184505165 0.111759588 0.988936901 0.097532138 -0.001056728 0.796286285 3.935717106 -4.619531155 0.000000000 0.000000000 -10.000000000
1776608252.612089157 0.589619994 0.291853994 0.184312046 0.112134546 0.988882065 0.097645245 -0.001878501 0.801810384 3.947583437 -4.708554268 0.000000000 0.000000000 -10.000000000
1776608252.617213488 0.589543998 0.291309983 0.184110582 0.112517625 0.988825321 0.097759500 -0.002708080 0.805882275 3.959058046 -4.798402309 0.000000000 0.000000000 -10.000000000
1776608252.621897459 0.589467645 0.290775448 0.183922708 0.112872414 0.988770008 0.097883686 -0.003526295 0.808478415 3.970340967 -4.889191151 0.000000000 0.000000000 -10.000000000
1776608252.627312660 0.589396060 0.290252388 0.183751553 0.113224156 0.988712668 0.098024815 -0.004326402 0.809581339 3.981630802 -4.981041431 0.000000000 0.000000000 -10.000000000
1776608252.632178783 0.589323521 0.289736748 0.183582842 0.113546960 0.988656580 0.098179035 -0.005116442 0.809178591 3.993123293 -5.074072838 0.000000000 0.000000000 -10.000000000
1776608252.637206078 0.589239776 0.289201647 0.183409810 0.113874070 0.988600552 0.098319441 -0.005915005 0.807262063 4.005008221 -5.168404579 0.000000000 0.000000000 -10.000000000
1776608252.642179251 0.589143753 0.288644254 0.183235735 0.114189632 0.988546073 0.098448761 -0.006723089 0.803826869 4.017470837 -5.264153957 0.000000000 0.000000000 -10.000000000
1776608252.646915674 0.589038730 0.288078278 0.183045328 0.114511751 0.988489985 0.098578833 -0.007536832 0.798870742 4.030691147 -5.361432076 0.000000000 0.000000000 -10.000000000
1776608252.652127266 0.588915765 0.287502795 0.182853550 0.114807755 0.988437116 0.098698713 -0.008358724 0.792394459 4.044843674 -5.460346699 0.000000000 0.000000000 -10.000000000
1776608252.656984806 0.588664830 0.286354303 0.182495177 0.115384683 0.988330185 0.098945953 -0.009973915 0.784402311 4.060097694 -5.560997486 0.000000000 0.000000000 -10.000000000
1776608252.662131071 0.588664830 0.286354303 0.182495177 0.115384683 0.988330185 0.098945953 -0.009973915 0.774903238 4.076615334 -5.663477421 0.000000000 0.000000000 -10.000000000
1776608252.666989803 0.588438511 0.285259992 0.182176381 0.115928501 0.988215983 0.099282846 -0.011519141 0.763912439 4.094546795 -5.767869949 0.000000000 0.000000000 -10.000000000
1776608252.671859264 0.588438511 0.285259992 0.182176381 0.115928501 0.988215983 0.099282846 -0.011519141 0.751453996 4.114029408 -5.874247551 0.000000000 0.000000000 -10.000000000
1776608252.677168369 0.588322878 0.284727275 0.182027757 0.116220251 0.988151670 0.099489950 -0.012284400 0.737561703 4.135181904 -5.982671261 0.000000000 0.000000000 -10.000000000
1776608252.682090521 0.588210940 0.284184217 0.181861490 0.116521478 0.988084972 0.099702924 -0.013043896 0.722279191 4.158103943 -6.093189240 0.000000000 0.000000000 -10.000000000
1776608252.686836243 0.588155985 0.283662260 0.181722015 0.116843887 0.988010824 0.099967122 -0.013737238 0.705661178 4.182872295 -6.205835819 0.000000000 0.000000000 -10.000000000
1776608252.691835403 0.588105261 0.283152163 0.181596160 0.117187634 0.987929881 0.100268394 -0.014415940 0.687774897 4.209537506 -6.320631504 0.000000000 0.000000000 -10.000000000
1776608252.696870089 0.588080108 0.282161206 0.181348175 0.117969275 0.987744987 0.100981928 -0.015677074 0.668703496 4.238123417 -6.437578678 0.000000000 0.000000000 -10.000000000
1776608252.701881409 0.588080108 0.282161206 0.181348175 0.117969275 0.987744987 0.100981928 -0.015677074 0.648549914 4.268628120 -6.556665421 0.000000000 0.000000000 -10.000000000
1776608252.707212210 0.588092089 0.281695068 0.181236327 0.118373543 0.987644672 0.101394787 -0.016272247 0.627440155 4.301022530 -6.677859306 0.000000000 0.000000000 -10.000000000
1776608252.711943626 0.588167965 0.281256348 0.181147337 0.118788376 0.987538874 0.101856992 -0.016777759 0.605526268 4.335254192 -6.801111698 0.000000000 0.000000000 -10.000000000
1776608252.717211962 0.588237286 0.280813903 0.181056559 0.119196445 0.987433136 0.102321513 -0.017272398 0.582988083 4.371248245 -6.926353455 0.000000000 0.000000000 -10.000000000
1776608252.721899033 0.588350058 0.280371875 0.180970699 0.119605862 0.987326920 0.102794684 -0.017699793 0.560035050 4.408912182 -7.053497791 0.000000000 0.000000000 -10.000000000
1776608252.727378607 0.588485479 0.279932112 0.180872798 0.119993329 0.987223268 0.103270017 -0.018086271 0.536907315 4.448140144 -7.182438374 0.000000000 0.000000000 -10.000000000
1776608252.732220411 0.588922560 0.279066324 0.180712193 0.120744333 0.987017870 0.104261748 -0.018602731 0.513876617 4.488811970 -7.313052654 0.000000000 0.000000000 -10.000000000
1776608252.736932993 0.588922560 0.279066324 0.180712193 0.120744333 0.987017870 0.104261748 -0.018602731 0.491247535 4.530800343 -7.445199490 0.000000000 0.000000000 -10.000000000
1776608252.742130280 0.589195967 0.278629214 0.180649579 0.121089704 0.986920476 0.104754284 -0.018755468 0.469358116 4.573967934 -7.578718185 0.000000000 0.000000000 -10.000000000
1776608252.746878147 0.589489341 0.278173566 0.180584133 0.121417053 0.986829281 0.105213687 -0.018865082 0.448581815 4.618176460 -7.713428497 0.000000000 0.000000000 -10.000000000
1776608252.751866579 0.589855433 0.277677625 0.180517614 0.121713951 0.986748636 0.105626151 -0.018866876 0.429328561 4.663288116 -7.849130630 0.000000000 0.000000000 -10.000000000
1776608252.756829977 0.590276480 0.277130634 0.180435836 0.121979818 0.986680448 0.105972856 -0.018772200 0.412043959 4.709171295 -7.985604763 0.000000000 0.000000000 -10.000000000
1776608252.761824131 0.590684235 0.276527315 0.180321366 0.122199111 0.986627877 0.106230073 -0.018655421 0.397205055 4.755704403 -8.122610092 0.000000000 0.000000000 -10.000000000
1776608252.766891479 0.591115952 0.275875330 0.180193454 0.122396618 0.986586154 0.106420793 -0.018478611 0.385312408 4.802778244 -8.259887695 0.000000000 0.000000000 -10.000000000
1776608252.772182941 0.591575325 0.275168180 0.180051655 0.122560605 0.986557603 0.106539004 -0.018231779 0.376879364 4.850295544 -8.397164345 0.000000000 0.000000000 -10.000000000
1776608252.776896000 0.592049479 0.274415076 0.179906726 0.122703247 0.986539662 0.106591769 -0.017932339 0.372419655 4.898170471 -8.534155846 0.000000000 0.000000000 -10.000000000
1776608252.782133818 0.592975557 0.272803903 0.179620594 0.122997716 0.986518025 0.106558777 -0.017290018 0.372434914 4.946325302 -8.670571327 0.000000000 0.000000000 -10.000000000
1776608252.786884785 0.593426406 0.271945059 0.179454178 0.123159319 0.986512899 0.106473997 -0.016952977 0.377402633 4.994689465 -8.806117058 0.000000000 0.000000000 -10.000000000
1776608252.791819572 0.593426406 0.271945059 0.179454178 0.123159319 0.986512899 0.106473997 -0.016952977 0.387765408 5.043197632 -8.940502167 0.000000000 0.000000000 -10.000000000
1776608252.796890020 0.593872905 0.271048844 0.179267615 0.123346172 0.986507714 0.106358670 -0.016615812 0.403921336 5.091790676 -9.073437691 0.000000000 0.000000000 -10.000000000
1776608252.802232742 0.594312131 0.270134896 0.179068625 0.123563156 0.986501217 0.106218770 -0.016281866 0.426216453 5.140412331 -9.204648018 0.000000000 0.000000000 -10.000000000
1776608252.807020664 0.594732881 0.269198537 0.178856581 0.123783953 0.986497581 0.106044061 -0.015958207 0.454938948 5.189009190 -9.333870888 0.000000000 0.000000000 -10.000000000
1776608252.812187433 0.595545471 0.267304242 0.178412527 0.124283262 0.986487925 0.105643362 -0.015321714 0.490314931 5.237528801 -9.460860252 0.000000000 0.000000000 -10.000000000
1776608252.816972733 0.595545471 0.267304242 0.178412527 0.124283262 0.986487925 0.105643362 -0.015321714 0.532504976 5.285921574 -9.585395813 0.000000000 0.000000000 -10.000000000
1776608252.821959972 0.595919251 0.266353607 0.178182811 0.124524750 0.986486077 0.105417840 -0.015029869 0.581601739 5.334136486 -9.707282066 0.000000000 0.000000000 -10.000000000
1776608252.826918364 0.596309543 0.265411586 0.177961200 0.124786906 0.986480653 0.105202213 -0.014719541 0.637629747 5.382123470 -9.826354980 0.000000000 0.000000000 -10.000000000
1776608252.831959009 0.596701145 0.264480263 0.177738905 0.125076607 0.986470759 0.104993418 -0.014409490 0.700546384 5.429834366 -9.942482948 0.000000000 0.000000000 -10.000000000
1776608252.837195396 0.597046256 0.263539612 0.177501827 0.125359476 0.986463070 0.104763947 -0.014148084 0.770243406 5.477220535 -10.055574417 0.000000000 0.000000000 -10.000000000
1776608252.841873646 0.597368717 0.262599647 0.177260458 0.125622243 0.986457884 0.104529552 -0.013908001 0.846548140 5.524236202 -10.165574074 0.000000000 0.000000000 -10.000000000
1776608252.847162247 0.597695708 0.261675328 0.177031279 0.125893548 0.986450791 0.104302622 -0.013659490 0.929226041 5.570837021 -10.272471428 0.000000000 0.000000000 -10.000000000
1776608252.851994753 0.598016560 0.260762870 0.176810533 0.126168564 0.986441910 0.104085505 -0.013419600 1.017983913 5.616981983 -10.376297951 0.000000000 0.000000000 -10.000000000
1776608252.857179880 0.598290920 0.259875625 0.176591128 0.126417458 0.986434221 0.103880115 -0.013229740 1.112472773 5.662632465 -10.477134705 0.000000000 0.000000000 -10.000000000
1776608252.861897945 0.598480284 0.258978188 0.176356852 0.126656175 0.986428857 0.103651777 -0.013139734 1.212288499 5.707760334 -10.575105667 0.000000000 0.000000000 -10.000000000
1776608252.866896629 0.598651290 0.258049667 0.176132828 0.126899466 0.986426890 0.103381217 -0.013068715 1.316973209 5.752348423 -10.670386314 0.000000000 0.000000000 -10.000000000
1776608252.872042656 0.598785460 0.257122904 0.175940454 0.127100945 0.986431181 0.103097774 -0.013028913 1.426018715 5.796399593 -10.763195992 0.000000000 0.000000000 -10.000000000
1776608252.876958132 0.598871410 0.256205499 0.175767511 0.127251178 0.986442268 0.102805331 -0.013031580 1.538869262 5.839937210 -10.853798866 0.000000000 0.000000000 -10.000000000
1776608252.881928682 0.598884106 0.255285025 0.175583124 0.127386749 0.986457348 0.102482855 -0.013106336 1.654926896 5.883009911 -10.942495346 0.000000000 0.000000000 -10.000000000
1776608252.886926413 0.598882616 0.254357874 0.175404280 0.127514005 0.986474574 0.102147497 -0.013190807 1.773554206 5.925684452 -11.029617310 0.000000000 0.000000000 -10.000000000
1776608252.891888142 0.598813653 0.253448397 0.175218612 0.127621546 0.986493468 0.101810135 -0.013343719 1.894078970 5.968045712 -11.115521431 0.000000000 0.000000000 -10.000000000
1776608252.896877766 0.598713398 0.252548695 0.175039709 0.127747595 0.986508489 0.101481073 -0.013532407 2.015800238 6.010190487 -11.200574875 0.000000000 0.000000000 -10.000000000
1776608252.902116060 0.598614573 0.251658708 0.174883217 0.127889007 0.986520350 0.101162963 -0.013713118 2.137995720 6.052224636 -11.285151482 0.000000000 0.000000000 -10.000000000
1776608252.906991005 0.598333836 0.249880329 0.174604446 0.128189698 0.986539304 0.100534558 -0.014157606 2.259929657 6.094262123 -11.369620323 0.000000000 0.000000000 -10.000000000
1776608252.911843538 0.598178983 0.248993710 0.174469203 0.128351375 0.986547649 0.100213602 -0.014384846 2.380859852 6.136421680 -11.454333305 0.000000000 0.000000000 -10.000000000
1776608252.916894674 0.598178983 0.248993710 0.174469203 0.128351375 0.986547649 0.100213602 -0.014384846 2.500043392 6.178821564 -11.539619446 0.000000000 0.000000000 -10.000000000
1776608252.921949625 0.598006189 0.248136416 0.174338639 0.128513619 0.986553311 0.099914558 -0.014624168 2.616744757 6.221575260 -11.625773430 0.000000000 0.000000000 -10.000000000
1776608252.927398205 0.597835124 0.247299463 0.174222231 0.128696948 0.986553788 0.099639684 -0.014852400 2.730243206 6.264784336 -11.713048935 0.000000000 0.000000000 -10.000000000
1776608252.931849957 0.597636819 0.246470958 0.174103141 0.128908619 0.986549079 0.099375255 -0.015100240 2.839837313 6.308532715 -11.801648140 0.000000000 0.000000000 -10.000000000
1776608252.937219620 0.597392082 0.245661870 0.173973888 0.129139975 0.986539602 0.099123761 -0.015395174 2.944852829 6.352881432 -11.891719818 0.000000000 0.000000000 -10.000000000
1776608252.942244530 0.596949399 0.244114056 0.173757166 0.129617468 0.986510575 0.098708220 -0.015901355 3.044647217 6.397866249 -11.983356476 0.000000000 0.000000000 -10.000000000
1776608252.946894169 0.596949399 0.244114056 0.173757166 0.129617468 0.986510575 0.098708220 -0.015901355 3.138615608 6.443493843 -12.076586723 0.000000000 0.000000000 -10.000000000
1776608252.951936483 0.596704185 0.243390873 0.173665017 0.129873395 0.986488223 0.098553076 -0.016162269 3.226194620 6.489740849 -12.171380043 0.000000000 0.000000000 -10.000000000
1776608252.956858873 0.596450508 0.242704645 0.173591703 0.130126372 0.986462057 0.098438449 -0.016418757 3.306867123 6.536549568 -12.267642975 0.000000000 0.000000000 -10.000000000
1776608252.962020874 0.596204758 0.242035687 0.173513085 0.130383015 0.986433327 0.098347232 -0.016654432 3.380165339 6.583830833 -12.365221024 0.000000000 0.000000000 -10.000000000
1776608252.966966152 0.595645428 0.240753293 0.173276603 0.130918339 0.986368239 0.098196968 -0.017188288 3.445671558 6.631464005 -12.463904381 0.000000000 0.000000000 -10.000000000
1776608252.971852541 0.595645428 0.240753293 0.173276603 0.130918339 0.986368239 0.098196968 -0.017188288 3.503020048 6.679298878 -12.563426971 0.000000000 0.000000000 -10.000000000
1776608252.976922512 0.595370471 0.240155503 0.173177272 0.131195232 0.986329138 0.098176256 -0.017436430 3.551894903 6.727159977 -12.663478851 0.000000000 0.000000000 -10.000000000
1776608252.981907606 0.595076203 0.239609182 0.173090488 0.131443545 0.986289263 0.098199926 -0.017688431 3.592031956 6.774848461 -12.763706207 0.000000000 0.000000000 -10.000000000
1776608252.986963511 0.594762862 0.239081189 0.173003703 0.131703764 0.986245096 0.098245330 -0.017961331 3.623217821 6.822146893 -12.863721848 0.000000000 0.000000000 -10.000000000
1776608252.991999626 0.594436347 0.238591328 0.172923803 0.131965056 0.986197650 0.098319791 -0.018239748 3.645288706 6.868821621 -12.963106155 0.000000000 0.000000000 -10.000000000
1776608252.997294664 0.594100296 0.238131687 0.172858566 0.132229075 0.986145735 0.098432928 -0.018521355 3.658127069 6.914625645 -13.061419487 0.000000000 0.000000000 -10.000000000
1776608253.002136469 0.593717396 0.237708300 0.172778219 0.132466868 0.986094058 0.098569155 -0.018844955 3.661660671 6.959300518 -13.158204079 0.000000000 0.000000000 -10.000000000
1776608253.006959677 0.593309104 0.237329483 0.172697037 0.132729590 0.986034453 0.098743930 -0.019196423 3.655858755 7.002576828 -13.252989769 0.000000000 0.000000000 -10.000000000
1776608253.011966228 0.592889726 0.236981541 0.172633678 0.133010000 0.985968709 0.098953083 -0.019553250 3.640726805 7.044180870 -13.345303535 0.000000000 0.000000000 -10.000000000
1776608253.017083406 0.592466354 0.236682385 0.172589123 0.133266553 0.985901296 0.099210583 -0.019897047 3.616307259 7.083835602 -13.434669495 0.000000000 0.000000000 -10.000000000
1776608253.021958828 0.592060149 0.236401156 0.172560930 0.133522317 0.985831738 0.099494822 -0.020207291 3.582679749 7.121262550 -13.520619392 0.000000000 0.000000000 -10.000000000
1776608253.027312279 0.591643810 0.236135826 0.172547877 0.133788839 0.985760093 0.099784277 -0.020510335 3.539961815 7.156187057 -13.602697372 0.000000000 0.000000000 -10.000000000
1776608253.032026052 0.591236055 0.235887021 0.172537953 0.134036779 0.985690355 0.100084879 -0.020777557 3.488308907 7.188342094 -13.680461884 0.000000000 0.000000000 -10.000000000
1776608253.037255526 0.590807974 0.235647559 0.172518373 0.134258121 0.985624313 0.100382194 -0.021045469 3.427914619 7.217469215 -13.753488541 0.000000000 0.000000000 -10.000000000
1776608253.041898489 0.589937568 0.235134304 0.172472268 0.134696811 0.985502183 0.100889362 -0.021530570 3.359009504 7.243328571 -13.821374893 0.000000000 0.000000000 -10.000000000
1776608253.047261715 0.589937568 0.235134304 0.172472268 0.134696811 0.985502183 0.100889362 -0.021530570 3.281859398 7.265701771 -13.883746147 0.000000000 0.000000000 -10.000000000
1776608253.051901579 0.589014769 0.234507740 0.172393352 0.134946853 0.985432386 0.101145439 -0.021954885 3.196763754 7.284400940 -13.940253258 0.000000000 0.000000000 -10.000000000
1776608253.056985378 0.589014769 0.234507740 0.172393352 0.134946853 0.985432386 0.101145439 -0.021954885 3.104054451 7.299274921 -13.990576744 0.000000000 0.000000000 -10.000000000
1776608253.061982393 0.588561475 0.234164566 0.172354728 0.135021940 0.985414028 0.101189449 -0.022112349 3.004096985 7.310211182 -14.034429550 0.000000000 0.000000000 -10.000000000
1776608253.066960812 0.587506175 0.233382404 0.172211170 0.135033995 0.985418320 0.101042539 -0.022515096 2.897286654 7.317139149 -14.071558952 0.000000000 0.000000000 -10.000000000
1776608253.071898222 0.586959958 0.232982397 0.172137260 0.134999588 0.985434294 0.100891113 -0.022702275 2.784046650 7.320030689 -14.101745605 0.000000000 0.000000000 -10.000000000
1776608253.076899767 0.586959958 0.232982397 0.172137260 0.134999588 0.985434294 0.100891113 -0.022702275 2.664820671 7.318901062 -14.124807358 0.000000000 0.000000000 -10.000000000
1776608253.081945419 0.586415529 0.232562587 0.172071993 0.134969398 0.985454917 0.100692585 -0.022866078 2.540071964 7.313804150 -14.140598297 0.000000000 0.000000000 -10.000000000
1776608253.086913109 0.585868180 0.232126325 0.172010303 0.134918720 0.985483170 0.100449987 -0.023013363 2.410278320 7.304831028 -14.149012566 0.000000000 0.000000000 -10.000000000
1776608253.091997385 0.585273921 0.231652722 0.171948373 0.134840444 0.985522568 0.100129873 -0.023181496 2.275932074 7.292109966 -14.149977684 0.000000000 0.000000000 -10.000000000
1776608253.097271442 0.584620059 0.231147289 0.171857923 0.134751588 0.985569835 0.099732444 -0.023401005 2.137537956 7.275804043 -14.143464088 0.000000000 0.000000000 -10.000000000
1776608253.102189779 0.583937466 0.230621457 0.171765894 0.134649172 0.985624909 0.099272288 -0.023624169 1.995609522 7.256107807 -14.129477501 0.000000000 0.000000000 -10.000000000
1776608253.106867313 0.583238542 0.230086714 0.171661019 0.134532288 0.985687613 0.098752782 -0.023850624 1.850668669 7.233244896 -14.108063698 0.000000000 0.000000000 -10.000000000
1776608253.111876011 0.582508564 0.229544550 0.171551079 0.134405792 0.985755920 0.098184630 -0.024085682 1.703242302 7.207458019 -14.079308510 0.000000000 0.000000000 -10.000000000
1776608253.116888762 0.581761837 0.228988752 0.171428055 0.134243101 0.985833466 0.097569399 -0.024318039 1.553860545 7.179004192 -14.043333054 0.000000000 0.000000000 -10.000000000
1776608253.121912479 0.580960572 0.228407711 0.171291739 0.134050742 0.985918760 0.096902058 -0.024588052 1.403053761 7.148150921 -14.000292778 0.000000000 0.000000000 -10.000000000
1776608253.127264738 0.580150723 0.227830708 0.171159238 0.133835226 0.986008108 0.096219629 -0.024858912 1.251346827 7.115168095 -13.950377464 0.000000000 0.000000000 -10.000000000
1776608253.131892920 0.579343021 0.227257252 0.171039432 0.133598089 0.986100912 0.095528536 -0.025115527 1.099254608 7.080328465 -13.893807411 0.000000000 0.000000000 -10.000000000
1776608253.137229919 0.578529477 0.226703376 0.170938939 0.133329898 0.986198068 0.094831280 -0.025368428 0.947274387 7.043899059 -13.830831528 0.000000000 0.000000000 -10.000000000
1776608253.141959906 0.576783597 0.225644723 0.170774370 0.132730469 0.986399233 0.093405977 -0.025971955 0.795880616 7.006140232 -13.761724472 0.000000000 0.000000000 -10.000000000
1776608253.147393465 0.576783597 0.225644723 0.170774370 0.132730469 0.986399233 0.093405977 -0.025971955 0.645520747 6.967298508 -13.686782837 0.000000000 0.000000000 -10.000000000
1776608253.151903629 0.574873626 0.224612802 0.170601636 0.132082358 0.986605048 0.091925979 -0.026727064 0.496613204 6.927603722 -13.606321335 0.000000000 0.000000000 -10.000000000
1776608253.157282591 0.574873626 0.224612802 0.170601636 0.132082358 0.986605048 0.091925979 -0.026727064 0.349546880 6.887265682 -13.520674706 0.000000000 0.000000000 -10.000000000
1776608253.162326813 0.573877454 0.224114403 0.170511782 0.131736889 0.986710012 0.091170758 -0.027141679 0.204680473 6.846470833 -13.430191040 0.000000000 0.000000000 -10.000000000
1776608253.167172670 0.571791351 0.223143131 0.170296133 0.131064892 0.986913443 0.089645967 -0.028061859 0.062342934 6.805380821 -13.335228920 0.000000000 0.000000000 -10.000000000
1776608253.171911716 0.570756376 0.222666815 0.170206666 0.130742654 0.987012386 0.088885643 -0.028500510 -0.077165604 6.764127731 -13.236158371 0.000000000 0.000000000 -10.000000000
1776608253.176902294 0.570756376 0.222666815 0.170206666 0.130742654 0.987012386 0.088885643 -0.028500510 -0.213570908 6.722814083 -13.133351326 0.000000000 0.000000000 -10.000000000
1776608253.181936502 0.569752932 0.222216114 0.170131832 0.130447045 0.987106383 0.088142700 -0.028903011 -0.346619636 6.681511879 -13.027184486 0.000000000 0.000000000 -10.000000000
1776608253.187162876 0.568782628 0.221798047 0.170078069 0.130204603 0.987192094 0.087421536 -0.029258272 -0.476071715 6.640259743 -12.918027878 0.000000000 0.000000000 -10.000000000
1776608253.192269564 0.567906737 0.221430644 0.170050561 0.130038768 0.987265408 0.086755574 -0.029502057 -0.601691663 6.599060535 -12.806247711 0.000000000 0.000000000 -10.000000000
1776608253.197106838 0.567069113 0.221127987 0.170022815 0.129952788 0.987322569 0.086165361 -0.029698191 -0.723241687 6.557878017 -12.692195892 0.000000000 0.000000000 -10.000000000
1776608253.202316999 0.566210866 0.220851138 0.169963956 0.129916415 0.987370133 0.085599147 -0.029912490 -0.840476930 6.516632557 -12.576212883 0.000000000 0.000000000 -10.000000000
1776608253.206864834 0.564794302 0.220467940 0.169887632 0.130011126 0.987435520 0.084667936 -0.029992366 -0.953142405 6.475204468 -12.458622932 0.000000000 0.000000000 -10.000000000
1776608253.212246418 0.564794302 0.220467940 0.169887632 0.130011126 0.987435520 0.084667936 -0.029992366 -1.060970545 6.433433533 -12.339729309 0.000000000 0.000000000 -10.000000000
1776608253.216852665 0.563912749 0.220337182 0.169887722 0.130285516 0.987462997 0.084124774 -0.029420709 -1.163677573 6.391120434 -12.219817162 0.000000000 0.000000000 -10.000000000
1776608253.222462177 0.563912749 0.220337182 0.169887722 0.130285516 0.987462997 0.084124774 -0.029420709 -1.260960579 6.348026276 -12.099145889 0.000000000 0.000000000 -10.000000000
1776608253.227162361 0.563396990 0.220435187 0.169973969 0.130679920 0.987456858 0.083938293 -0.028392486 -1.352501035 6.303878784 -11.977953911 0.000000000 0.000000000 -10.000000000
1776608253.232315779 0.563396990 0.220435187 0.169973969 0.130679920 0.987456858 0.083938293 -0.028392486 -1.437974334 6.258375645 -11.856449127 0.000000000 0.000000000 -10.000000000
1776608253.237270117 0.563338995 0.220785946 0.170130670 0.131106138 0.987429559 0.084114656 -0.026810661 -1.517061949 6.211194992 -11.734816551 0.000000000 0.000000000 -10.000000000
1776608253.242276192 0.563338995 0.220785946 0.170130670 0.131106138 0.987429559 0.084114656 -0.026810661 -1.589464903 6.161999702 -11.613207817 0.000000000 0.000000000 -10.000000000
1776608253.247009993 0.563298821 0.221278101 0.170265704 0.131448492 0.987401783 0.084414653 -0.025161942 -1.654913545 6.110447884 -11.491751671 0.000000000 0.000000000 -10.000000000
1776608253.252259493 0.563298821 0.221278101 0.170265704 0.131448492 0.987401783 0.084414653 -0.025161942 -1.713177800 6.056196213 -11.370545387 0.000000000 0.000000000 -10.000000000
1776608253.256914377 0.563170552 0.221851528 0.170392483 0.131728172 0.987370670 0.084793173 -0.023599973 -1.764075279 5.998912811 -11.249668121 0.000000000 0.000000000 -10.000000000
1776608253.262072086 0.563170552 0.221851528 0.170392483 0.131728172 0.987370670 0.084793173 -0.023599973 -1.807480216 5.938282013 -11.129173279 0.000000000 0.000000000 -10.000000000
1776608253.266856432 0.562988162 0.222458288 0.170516372 0.131969109 0.987336159 0.085222594 -0.022103047 -1.843330264 5.874016762 -11.009098053 0.000000000 0.000000000 -10.000000000
1776608253.271829367 0.562988162 0.222458288 0.170516372 0.131969109 0.987336159 0.085222594 -0.022103047 -1.871630311 5.805862427 -10.889462471 0.000000000 0.000000000 -10.000000000
1776608253.277366161 0.562870741 0.222780436 0.170572937 0.132042110 0.987323999 0.085435167 -0.021377042 -1.892454982 5.733601570 -10.770278931 0.000000000 0.000000000 -10.000000000
1776608253.282334805 0.562743664 0.223108187 0.170633614 0.132093862 0.987313807 0.085648328 -0.020664491 -1.905948758 5.657060623 -10.651545525 0.000000000 0.000000000 -10.000000000
1776608253.287286758 0.562403798 0.223793998 0.170762390 0.132145658 0.987298787 0.086056501 -0.019310012 -1.912322640 5.576112747 -10.533255577 0.000000000 0.000000000 -10.000000000
1776608253.291897297 0.562403798 0.223793998 0.170762390 0.132145658 0.987298787 0.086056501 -0.019310012 -1.911847472 5.490677834 -10.415397644 0.000000000 0.000000000 -10.000000000
1776608253.297272205 0.562151015 0.224125609 0.170815676 0.132152393 0.987294197 0.086229660 -0.018716533 -1.904845476 5.400722980 -10.297955513 0.000000000 0.000000000 -10.000000000
1776608253.302030087 0.561886013 0.224480361 0.170855582 0.132150337 0.987290084 0.086404644 -0.018134763 -1.891683459 5.306264400 -10.180912971 0.000000000 0.000000000 -10.000000000
1776608253.307240248 0.561601400 0.224853769 0.170892030 0.132138640 0.987286747 0.086577192 -0.017567880 -1.872767329 5.207365990 -10.064253807 0.000000000 0.000000000 -10.000000000
1776608253.311863422 0.560993791 0.225624233 0.170919001 0.132112816 0.987279892 0.086908720 -0.016475812 -1.848538041 5.104136944 -9.947959900 0.000000000 0.000000000 -10.000000000
1776608253.317099571 0.560993791 0.225624233 0.170919001 0.132112816 0.987279892 0.086908720 -0.016475812 -1.819467902 4.996729851 -9.832015991 0.000000000 0.000000000 -10.000000000
1776608253.322258711 0.560680747 0.226059958 0.170952886 0.132089898 0.987275481 0.087094590 -0.015933376 -1.786056399 4.885338783 -9.716405869 0.000000000 0.000000000 -10.000000000
1776608253.327163219 0.560158074 0.227006167 0.171079516 0.132066801 0.987258136 0.087537624 -0.014729074 -1.748823166 4.770191193 -9.601119041 0.000000000 0.000000000 -10.000000000
1776608253.332329273 0.559878945 0.227490842 0.171147734 0.132077217 0.987245560 0.087758571 -0.014151275 -1.708299994 4.651541710 -9.486148834 0.000000000 0.000000000 -10.000000000
1776608253.337242126 0.559878945 0.227490842 0.171147734 0.132077217 0.987245560 0.087758571 -0.014151275 -1.665021062 4.529666901 -9.371496201 0.000000000 0.000000000 -10.000000000
1776608253.342244864 0.559557557 0.228020012 0.171204984 0.132063732 0.987234592 0.087987483 -0.013610767 -1.619512439 4.404862881 -9.257170677 0.000000000 0.000000000 -10.000000000
1776608253.347426891 0.558946729 0.229163542 0.171305627 0.132038146 0.987208605 0.088480227 -0.012504219 -1.572287202 4.277440548 -9.143191338 0.000000000 0.000000000 -10.000000000
1776608253.351895809 0.558674335 0.229759112 0.171363473 0.132038981 0.987192273 0.088741995 -0.011917860 -1.523841143 4.147727489 -9.029583931 0.000000000 0.000000000 -10.000000000
1776608253.357300520 0.558674335 0.229759112 0.171363473 0.132038981 0.987192273 0.088741995 -0.011917860 -1.474650383 4.016058445 -8.916384697 0.000000000 0.000000000 -10.000000000
1776608253.361950874 0.558190465 0.231005728 0.171546787 0.132035464 0.987154841 0.089319423 -0.010677175 -1.425165653 3.882777214 -8.803639412 0.000000000 0.000000000 -10.000000000
1776608253.368777752 0.558190465 0.231005728 0.171546787 0.132035464 0.987154841 0.089319423 -0.010677175 -1.375807524 3.748232365 -8.691404343 0.000000000 0.000000000 -10.000000000
1776608253.371879101 0.557809174 0.232303292 0.171788007 0.131987423 0.987120509 0.089919358 -0.009324642 -1.326963425 3.612779617 -8.579743385 0.000000000 0.000000000 -10.000000000
1776608253.376859188 0.557809174 0.232303292 0.171788007 0.131987423 0.987120509 0.089919358 -0.009324642 -1.278984785 3.476780891 -8.468729019 0.000000000 0.000000000 -10.000000000
1776608253.382244349 0.557583570 0.232958496 0.171897739 0.131915793 0.987112463 0.090176895 -0.008682218 -1.232185364 3.340606451 -8.358437538 0.000000000 0.000000000 -10.000000000
1776608253.387207508 0.557318032 0.233592391 0.171984047 0.131804839 0.987113237 0.090386987 -0.008072401 -1.186842918 3.204632759 -8.248950005 0.000000000 0.000000000 -10.000000000
1776608253.392198324 0.557045817 0.234193251 0.172062576 0.131677002 0.987120032 0.090551458 -0.007461790 -1.143200874 3.069242954 -8.140349388 0.000000000 0.000000000 -10.000000000
1776608253.396845341 0.556506932 0.235342473 0.172219574 0.131312981 0.987157643 0.090764001 -0.006213366 -1.101469278 2.934825182 -8.032723427 0.000000000 0.000000000 -10.000000000
1776608253.402153969 0.556506932 0.235342473 0.172219574 0.131312981 0.987157643 0.090764001 -0.006213366 -1.061826587 2.801773548 -7.926157951 0.000000000 0.000000000 -10.000000000
1776608253.407005787 0.555924356 0.236436814 0.172356158 0.130822971 0.987223804 0.090827383 -0.004984229 -1.024419665 2.670485735 -7.820739746 0.000000000 0.000000000 -10.000000000
1776608253.412185907 0.555924356 0.236436814 0.172356158 0.130822971 0.987223804 0.090827383 -0.004984229 -0.989366710 2.541361570 -7.716551781 0.000000000 0.000000000 -10.000000000
1776608253.416880846 0.555358112 0.237473965 0.172485590 0.130271494 0.987308264 0.090762280 -0.003727400 -0.956756830 2.414798737 -7.613676071 0.000000000 0.000000000 -10.000000000
1776608253.422027826 0.555358112 0.237473965 0.172485590 0.130271494 0.987308264 0.090762280 -0.003727400 -0.926649153 2.291187525 -7.512191296 0.000000000 0.000000000 -10.000000000
1776608253.426804304 0.555077851 0.237950176 0.172542632 0.129985109 0.987356722 0.090669557 -0.003100306 -0.899073005 2.170909405 -7.412175179 0.000000000 0.000000000 -10.000000000
1776608253.433273315 0.554796338 0.238410249 0.172609359 0.129699573 0.987406909 0.090550818 -0.002479306 -0.874030173 2.054333925 -7.313701630 0.000000000 0.000000000 -10.000000000
1776608253.436866522 0.554153144 0.239335209 0.172728837 0.129158989 0.987505496 0.090272188 -0.001333724 -0.851499557 1.941815972 -7.216841698 0.000000000 0.000000000 -10.000000000
1776608253.441882372 0.554153144 0.239335209 0.172728837 0.129158989 0.987505496 0.090272188 -0.001333724 -0.831442535 1.833690405 -7.121662140 0.000000000 0.000000000 -10.000000000
1776608253.447059393 0.553800583 0.239792332 0.172781944 0.128905594 0.987554193 0.090107508 -0.000807071 -0.813809097 1.730266690 -7.028224945 0.000000000 0.000000000 -10.000000000
1776608253.451834917 0.553447485 0.240250409 0.172831088 0.128685847 0.987598479 0.089939684 -0.000298746 -0.798543453 1.631823897 -6.936587334 0.000000000 0.000000000 -10.000000000
1776608253.456855536 0.553063512 0.240724161 0.172871709 0.128479436 0.987640440 0.089773908 0.000160622 -0.785589576 1.538607121 -6.846801758 0.000000000 0.000000000 -10.000000000
1776608253.461849928 0.552604139 0.241211712 0.172884762 0.128293633 0.987679839 0.089604430 0.000521069 -0.774896443 1.450825453 -6.758913994 0.000000000 0.000000000 -10.000000000
1776608253.466822863 0.552059948 0.241711736 0.172888070 0.128146768 0.987713993 0.089436814 0.000765461 -0.766422808 1.368650913 -6.672968864 0.000000000 0.000000000 -10.000000000
1776608253.471828222 0.551513791 0.242228940 0.172916681 0.128035590 0.987741113 0.089294232 0.000983260 -0.760139704 1.292217493 -6.589006901 0.000000000 0.000000000 -10.000000000
1776608253.477344036 0.550959527 0.242760032 0.172971040 0.127947673 0.987763405 0.089171022 0.001173211 -0.756029904 1.221623778 -6.507070065 0.000000000 0.000000000 -10.000000000
1776608253.482182741 0.549706161 0.243836075 0.173060745 0.127763420 0.987812221 0.088891633 0.001354732 -0.754085124 1.156934261 -6.427201748 0.000000000 0.000000000 -10.000000000
1776608253.487252235 0.549706161 0.243836075 0.173060745 0.127763420 0.987812221 0.088891633 0.001354732 -0.754303575 1.098181605 -6.349445820 0.000000000 0.000000000 -10.000000000
1776608253.491855145 0.549009323 0.244397923 0.173105299 0.127648801 0.987840056 0.088747025 0.001349095 -0.756689370 1.045368791 -6.273847580 0.000000000 0.000000000 -10.000000000
1776608253.497220755 0.548276365 0.244972721 0.173141003 0.127508819 0.987871349 0.088600524 0.001295604 -0.761250496 0.998468876 -6.200453281 0.000000000 0.000000000 -10.000000000
1776608253.501844645 0.546720982 0.246074751 0.173190206 0.127196953 0.987943113 0.088250808 0.001047789 -0.767996192 0.957425237 -6.129309654 0.000000000 0.000000000 -10.000000000
1776608253.506977797 0.546720982 0.246074751 0.173190206 0.127196953 0.987943113 0.088250808 0.001047789 -0.776935935 0.922152996 -6.060465336 0.000000000 0.000000000 -10.000000000
1776608253.513179541 0.545845628 0.246584862 0.173176348 0.127026722 0.987985909 0.088019185 0.000792980 -0.788079262 0.892541230 -5.993971825 0.000000000 0.000000000 -10.000000000
1776608253.516991377 0.544963419 0.247109085 0.173174053 0.126844957 0.988029659 0.087792471 0.000516740 -0.801435471 0.868455291 -5.929881573 0.000000000 0.000000000 -10.000000000
1776608253.521865368 0.544032812 0.247658968 0.173165768 0.126650661 0.988073230 0.087583356 0.000171363 -0.817013204 0.849737465 -5.868250847 0.000000000 0.000000000 -10.000000000
1776608253.526896477 0.543058276 0.248217225 0.173161089 0.126462922 0.988115489 0.087377675 -0.000239433 -0.834823072 0.836208224 -5.809137344 0.000000000 0.000000000 -10.000000000
1776608253.531863928 0.541960537 0.248779491 0.173137635 0.126300484 0.988154948 0.087162480 -0.000813233 -0.854881167 0.827667058 -5.752602577 0.000000000 0.000000000 -10.000000000
1776608253.537103891 0.540869296 0.249321431 0.173133045 0.126167685 0.988189459 0.086955585 -0.001406252 -0.877210021 0.823893547 -5.698710918 0.000000000 0.000000000 -10.000000000
1776608253.541975975 0.539750397 0.249881208 0.173140526 0.126052395 0.988219798 0.086765185 -0.002051434 -0.901835799 0.824649155 -5.647528648 0.000000000 0.000000000 -10.000000000
1776608253.546902657 0.538561881 0.250472277 0.173151881 0.125937894 0.988248229 0.086586669 -0.002794447 -0.928784370 0.829680085 -5.599122524 0.000000000 0.000000000 -10.000000000
1776608253.551813364 0.537327945 0.251092672 0.173164397 0.125810742 0.988276601 0.086417884 -0.003606696 -0.958077610 0.838719785 -5.553556919 0.000000000 0.000000000 -10.000000000
1776608253.556894064 0.536051691 0.251723558 0.173160434 0.125671342 0.988306046 0.086243071 -0.004474764 -0.989728034 0.851490974 -5.510891438 0.000000000 0.000000000 -10.000000000
1776608253.562151670 0.534769416 0.252346694 0.173157990 0.125526369 0.988336205 0.086057633 -0.005361036 -1.023733258 0.867705405 -5.471181870 0.000000000 0.000000000 -10.000000000
1776608253.566822767 0.533490181 0.252993584 0.173167855 0.125362009 0.988366663 0.085887589 -0.006250647 -1.060069799 0.887064934 -5.434480190 0.000000000 0.000000000 -10.000000000
1776608253.572001696 0.532226980 0.253655434 0.173185050 0.125183567 0.988396823 0.085731566 -0.007134152 -1.098686814 0.909262061 -5.400836468 0.000000000 0.000000000 -10.000000000
1776608253.576893091 0.530968368 0.254339486 0.173219174 0.124998651 0.988425314 0.085594416 -0.008017700 -1.139503241 0.933980644 -5.370295048 0.000000000 0.000000000 -10.000000000
1776608253.581818342 0.529718220 0.255039990 0.173249841 0.124805555 0.988452435 0.085476108 -0.008900902 -1.182405233 0.960895538 -5.342897415 0.000000000 0.000000000 -10.000000000
1776608253.587094545 0.528486490 0.255776525 0.173278242 0.124599122 0.988478005 0.085386157 -0.009773795 -1.227246523 0.989673495 -5.318676949 0.000000000 0.000000000 -10.000000000
1776608253.591870308 0.527281344 0.256528527 0.173313320 0.124401361 0.988499522 0.085322760 -0.010631487 -1.273846388 1.019974232 -5.297663212 0.000000000 0.000000000 -10.000000000
1776608253.596911192 0.526111543 0.257292449 0.173360199 0.124202065 0.988518536 0.085285924 -0.011457692 -1.321991682 1.051452756 -5.279878139 0.000000000 0.000000000 -10.000000000
1776608253.601892710 0.524974227 0.258059859 0.173398495 0.124015242 0.988534272 0.085262991 -0.012264901 -1.371437907 1.083761096 -5.265336514 0.000000000 0.000000000 -10.000000000
1776608253.607235670 0.523857594 0.258846909 0.173435658 0.123826168 0.988547683 0.085264452 -0.013058770 -1.421912670 1.116550684 -5.254045010 0.000000000 0.000000000 -10.000000000
1776608253.612054825 0.522775173 0.259658664 0.173497975 0.123657316 0.988555431 0.085299000 -0.013825398 -1.473117352 1.149474621 -5.246003151 0.000000000 0.000000000 -10.000000000
1776608253.617125750 0.521724939 0.260489881 0.173575878 0.123486228 0.988560259 0.085367717 -0.014562733 -1.524730921 1.182188749 -5.241200447 0.000000000 0.000000000 -10.000000000
1776608253.622233391 0.519703150 0.262170196 0.173720598 0.123198792 0.988558531 0.085546516 -0.015996685 -1.576414585 1.214354038 -5.239620209 0.000000000 0.000000000 -10.000000000
1776608253.627106667 0.518748224 0.263023376 0.173812211 0.123066641 0.988553762 0.085662439 -0.016672345 -1.627816439 1.245639086 -5.241237164 0.000000000 0.000000000 -10.000000000
1776608253.632199049 0.517827094 0.263883322 0.173909873 0.122940406 0.988546550 0.085798830 -0.017318856 -1.678576827 1.275724173 -5.246017933 0.000000000 0.000000000 -10.000000000
1776608253.636854887 0.516916871 0.264731795 0.174001873 0.122815408 0.988539457 0.085926808 -0.017963655 -1.728332639 1.304304242 -5.253919601 0.000000000 0.000000000 -10.000000000
1776608253.642215729 0.516916871 0.264731795 0.174001873 0.122815408 0.988539457 0.085926808 -0.017963655 -1.776721597 1.331091285 -5.264893055 0.000000000 0.000000000 -10.000000000
1776608253.646883488 0.516029477 0.265593529 0.174098819 0.122690186 0.988530934 0.086067766 -0.018602038 -1.823386550 1.355816007 -5.278880596 0.000000000 0.000000000 -10.000000000
1776608253.652160883 0.515162170 0.266474605 0.174192250 0.122551315 0.988522589 0.086222999 -0.019233298 -1.867981791 1.378229856 -5.295818806 0.000000000 0.000000000 -10.000000000
1776608253.657226086 0.514335871 0.267346591 0.174291223 0.122401811 0.988515377 0.086381786 -0.019833826 -1.910176873 1.398106456 -5.315637589 0.000000000 0.000000000 -10.000000000
1776608253.662106037 0.512791693 0.269071698 0.174540251 0.121996641 0.988515675 0.086689256 -0.020940501 -1.949659944 1.415241957 -5.338262558 0.000000000 0.000000000 -10.000000000
1776608253.667128325 0.512791693 0.269071698 0.174540251 0.121996641 0.988515675 0.086689256 -0.020940501 -1.986140013 1.429456115 -5.363613129 0.000000000 0.000000000 -10.000000000
1776608253.672194719 0.512031972 0.269937694 0.174660236 0.121739812 0.988522887 0.086832337 -0.021495963 -2.019349337 1.440594316 -5.391602993 0.000000000 0.000000000 -10.000000000
1776608253.676830053 0.511308610 0.270797491 0.174776077 0.121487550 0.988529265 0.086978823 -0.022031454 -2.049045086 1.448528767 -5.422140598 0.000000000 0.000000000 -10.000000000
1776608253.682146788 0.510605693 0.271659195 0.174886376 0.121204332 0.988539755 0.087119915 -0.022556759 -2.075010300 1.453158259 -5.455130100 0.000000000 0.000000000 -10.000000000
1776608253.686872959 0.509258986 0.273375690 0.175107032 0.120659754 0.988557100 0.087405868 -0.023585968 -2.097054482 1.454407573 -5.490471840 0.000000000 0.000000000 -10.000000000
1776608253.692053556 0.509258986 0.273375690 0.175107032 0.120659754 0.988557100 0.087405868 -0.023585968 -2.115014315 1.452225685 -5.528063297 0.000000000 0.000000000 -10.000000000
1776608253.696860790 0.508648932 0.274222523 0.175228983 0.120387852 0.988565564 0.087557599 -0.024054267 -2.128754377 1.446585417 -5.567800522 0.000000000 0.000000000 -10.000000000
1776608253.702238321 0.508075953 0.275084466 0.175368100 0.120139524 0.988570035 0.087723576 -0.024501394 -2.138167143 1.437482595 -5.609577656 0.000000000 0.000000000 -10.000000000
1776608253.707186222 0.507035017 0.276807904 0.175683498 0.119671024 0.988573670 0.088089205 -0.025321722 -2.143173218 1.424934745 -5.653282642 0.000000000 0.000000000 -10.000000000
1776608253.712087870 0.507035017 0.276807904 0.175683498 0.119671024 0.988573670 0.088089205 -0.025321722 -2.143721104 1.408980489 -5.698796749 0.000000000 0.000000000 -10.000000000
1776608253.716880560 0.506149769 0.278564334 0.176056057 0.119286150 0.988561392 0.088541694 -0.026028901 -2.139785528 1.389677405 -5.745990276 0.000000000 0.000000000 -10.000000000
1776608253.722123623 0.506149769 0.278564334 0.176056057 0.119286150 0.988561392 0.088541694 -0.026028901 -2.131365061 1.367101789 -5.794720173 0.000000000 0.000000000 -10.000000000
1776608253.726845264 0.505316257 0.280325353 0.176382333 0.118970200 0.988537550 0.089009926 -0.026774814 -2.118481159 1.341346264 -5.844830990 0.000000000 0.000000000 -10.000000000
1776608253.732197523 0.505316257 0.280325353 0.176382333 0.118970200 0.988537550 0.089009926 -0.026774814 -2.101176023 1.312519789 -5.896151066 0.000000000 0.000000000 -10.000000000
1776608253.737177849 0.504940689 0.281199932 0.176539302 0.118782416 0.988529623 0.089239895 -0.027133336 -2.079511404 1.280746698 -5.948494911 0.000000000 0.000000000 -10.000000000
1776608253.742162228 0.504617810 0.282074839 0.176721871 0.118574262 0.988523483 0.089483865 -0.027459905 -2.053565502 1.246167183 -6.001664639 0.000000000 0.000000000 -10.000000000
1776608253.747159243 0.504074872 0.283797354 0.177106887 0.118137486 0.988512814 0.089984335 -0.028085308 -2.023428679 1.208935380 -6.055449963 0.000000000 0.000000000 -10.000000000
1776608253.752171040 0.504074872 0.283797354 0.177106887 0.118137486 0.988512814 0.089984335 -0.028085308 -1.989202023 1.169218421 -6.109632492 0.000000000 0.000000000 -10.000000000
1776608253.757214308 0.503651381 0.285482407 0.177500904 0.117692970 0.988502622 0.090486959 -0.028688855 -1.950995564 1.127193689 -6.163986683 0.000000000 0.000000000 -10.000000000
1776608253.762199640 0.503651381 0.285482407 0.177500904 0.117692970 0.988502622 0.090486959 -0.028688855 -1.908926129 1.083047390 -6.218283176 0.000000000 0.000000000 -10.000000000
1776608253.767184496 0.503465712 0.286295712 0.177682668 0.117476873 0.988497734 0.090720199 -0.029005274 -1.863117695 1.036971927 -6.272290230 0.000000000 0.000000000 -10.000000000
1776608253.772130966 0.503130138 0.287866503 0.178008199 0.117011361 0.988494754 0.091136910 -0.029673606 -1.813700080 0.989165127 -6.325775623 0.000000000 0.000000000 -10.000000000
1776608253.777247190 0.502998352 0.288626999 0.178188294 0.116768308 0.988494456 0.091344781 -0.030000860 -1.760807872 0.939828038 -6.378509045 0.000000000 0.000000000 -10.000000000
1776608253.781996489 0.502998352 0.288626999 0.178188294 0.116768308 0.988494456 0.091344781 -0.030000860 -1.704577208 0.889164686 -6.430263042 0.000000000 0.000000000 -10.000000000
1776608253.787185907 0.502883852 0.289392650 0.178388238 0.116513565 0.988494575 0.091560416 -0.030327737 -1.645144701 0.837379634 -6.480813026 0.000000000 0.000000000 -10.000000000
1776608253.791868210 0.502790570 0.290909469 0.178809911 0.116014607 0.988491654 0.092024915 -0.030923091 -1.582646966 0.784676075 -6.529941559 0.000000000 0.000000000 -10.000000000
1776608253.797136784 0.502790570 0.290909469 0.178809911 0.116014607 0.988491654 0.092024915 -0.030923091 -1.517220497 0.731252968 -6.577438354 0.000000000 0.000000000 -10.000000000
1776608253.802178621 0.502805173 0.291639894 0.179027945 0.115753897 0.988492191 0.092257231 -0.031190924 -1.449001193 0.677302003 -6.623100281 0.000000000 0.000000000 -10.000000000
1776608253.806980133 0.502946913 0.293026567 0.179413408 0.115101308 0.988512754 0.092690133 -0.031666491 -1.378122926 0.623005390 -6.666734695 0.000000000 0.000000000 -10.000000000
1776608253.812324524 0.503229499 0.293671250 0.179616898 0.114793234 0.988525510 0.092926018 -0.031695064 -1.304712057 0.568533540 -6.708159924 0.000000000 0.000000000 -10.000000000
1776608253.816855669 0.503752112 0.294293791 0.179845303 0.114501312 0.988541901 0.093193993 -0.031452514 -1.228872061 0.514040768 -6.747205257 0.000000000 0.000000000 -10.000000000
1776608253.822315931 0.503752112 0.294293791 0.179845303 0.114501312 0.988541901 0.093193993 -0.031452514 -1.150665402 0.459661365 -6.783708096 0.000000000 0.000000000 -10.000000000
1776608253.827213049 0.504783690 0.295473874 0.180141002 0.113888755 0.988587260 0.093628787 -0.030956205 -1.070105076 0.405508578 -6.817517757 0.000000000 0.000000000 -10.000000000
1776608253.832533598 0.505389571 0.296053499 0.180259824 0.113606542 0.988608122 0.093858041 -0.030629998 -0.987158656 0.351677269 -6.848492622 0.000000000 0.000000000 -10.000000000
1776608253.837210178 0.506129146 0.296632737 0.180396378 0.113359936 0.988624752 0.094128095 -0.030175259 -0.901759624 0.298246980 -6.876507282 0.000000000 0.000000000 -10.000000000
1776608253.842015266 0.506129146 0.296632737 0.180396378 0.113359936 0.988624752 0.094128095 -0.030175259 -0.813819170 0.245284855 -6.901454926 0.000000000 0.000000000 -10.000000000
1776608253.847153425 0.507854879 0.297785372 0.180759907 0.112895012 0.988655806 0.094720267 -0.029025817 -0.723234475 0.192850083 -6.923252106 0.000000000 0.000000000 -10.000000000
1776608253.852195501 0.507854879 0.297785372 0.180759907 0.112895012 0.988655806 0.094720267 -0.029025817 -0.629892468 0.140998498 -6.941840172 0.000000000 0.000000000 -10.000000000
1776608253.856996298 0.509900928 0.298890650 0.181214392 0.112468742 0.988684356 0.095374815 -0.027526293 -0.533670783 0.089785509 -6.957187653 0.000000000 0.000000000 -10.000000000
1776608253.862265110 0.509900928 0.298890650 0.181214392 0.112468742 0.988684356 0.095374815 -0.027526293 -0.434440017 0.039267115 -6.969285965 0.000000000 0.000000000 -10.000000000
1776608253.867161989 0.510917902 0.299403042 0.181406707 0.112241648 0.988703728 0.095655248 -0.026772732 -0.332068026 -0.010498812 -6.978149414 0.000000000 0.000000000 -10.000000000
1776608253.872200012 0.512016475 0.299890816 0.181584686 0.112025134 0.988724053 0.095930681 -0.025930602 -0.226427570 -0.059450887 -6.983818054 0.000000000 0.000000000 -10.000000000
1776608253.877130032 0.513239324 0.300364107 0.181769669 0.111799575 0.988747656 0.096211702 -0.024945468 -0.117403805 -0.107523337 -6.986356735 0.000000000 0.000000000 -10.000000000
1776608253.882127047 0.514475346 0.300808430 0.181926101 0.111562438 0.988775134 0.096459724 -0.023939118 -0.004901339 -0.154645190 -6.985854626 0.000000000 0.000000000 -10.000000000
1776608253.887097120 0.515727699 0.301224440 0.182064891 0.111317575 0.988805473 0.096680745 -0.022911744 0.111148529 -0.200737223 -6.982426643 0.000000000 0.000000000 -10.000000000
1776608253.892229557 0.517010689 0.301626593 0.182202637 0.111071937 0.988836050 0.096895970 -0.021850444 0.230779871 -0.245707244 -6.976211071 0.000000000 0.000000000 -10.000000000
1776608253.897097826 0.518343210 0.302038163 0.182362139 0.110821366 0.988865674 0.097123779 -0.020743670 0.353983909 -0.289446026 -6.967372894 0.000000000 0.000000000 -10.000000000
1776608253.902219772 0.519710183 0.302442312 0.182546884 0.110576838 0.988893509 0.097355492 -0.019603802 0.480701923 -0.331825584 -6.956101418 0.000000000 0.000000000 -10.000000000
1776608253.907127857 0.522512436 0.303126603 0.182884753 0.110115595 0.988950491 0.097739272 -0.017278366 0.610821605 -0.372700304 -6.942606449 0.000000000 0.000000000 -10.000000000
1776608253.911836147 0.522512436 0.303126603 0.182884753 0.110115595 0.988950491 0.097739272 -0.017278366 0.744176388 -0.411909908 -6.927116871 0.000000000 0.000000000 -10.000000000
1776608253.917095661 0.523777306 0.303392142 0.182982892 0.109885879 0.988983810 0.097831547 -0.016282249 0.880543232 -0.449281245 -6.909878731 0.000000000 0.000000000 -10.000000000
1776608253.922313690 0.524986327 0.303622872 0.183065534 0.109662019 0.989018142 0.097885527 -0.015354727 1.019640684 -0.484629631 -6.891156197 0.000000000 0.000000000 -10.000000000
1776608253.927278280 0.526293516 0.303823292 0.183177829 0.109453522 0.989051044 0.097940952 -0.014334746 1.161129951 -0.517762125 -6.871227264 0.000000000 0.000000000 -10.000000000
1776608253.932126284 0.527544379 0.303996086 0.183284998 0.109243870 0.989085615 0.097961850 -0.013375694 1.304620028 -0.548482418 -6.850379467 0.000000000 0.000000000 -10.000000000
1776608253.936825752 0.528714001 0.304158837 0.183371425 0.109028146 0.989121675 0.097952597 -0.012508084 1.449672461 -0.576594830 -6.828906059 0.000000000 0.000000000 -10.000000000
1776608253.942128658 0.529853165 0.304307252 0.183462203 0.108818248 0.989157200 0.097929195 -0.011682866 1.595806360 -0.601907551 -6.807105064 0.000000000 0.000000000 -10.000000000
1776608253.946819544 0.530994415 0.304453373 0.183567226 0.108619466 0.989190340 0.097908840 -0.010870605 1.742503285 -0.624236703 -6.785278320 0.000000000 0.000000000 -10.000000000
1776608253.951925755 0.532096982 0.304601818 0.183678865 0.108431287 0.989220917 0.097889632 -0.010112976 1.889212012 -0.643412054 -6.763729095 0.000000000 0.000000000 -10.000000000
1776608253.957010269 0.533167660 0.304747760 0.183800697 0.108273432 0.989246786 0.097873352 -0.009406025 2.035358906 -0.659283757 -6.742762566 0.000000000 0.000000000 -10.000000000
1776608253.962036371 0.534215093 0.304883093 0.183920920 0.108154103 0.989266276 0.097870111 -0.008739311 2.180359602 -0.671728671 -6.722681522 0.000000000 0.000000000 -10.000000000
1776608253.966812134 0.535303593 0.305004954 0.184046835 0.108054027 0.989281893 0.097882748 -0.008040626 2.323633194 -0.680657148 -6.703781605 0.000000000 0.000000000 -10.000000000
1776608253.971934080 0.536364615 0.305131823 0.184152037 0.107977018 0.989292979 0.097907439 -0.007381571 2.464615822 -0.686017454 -6.686345577 0.000000000 0.000000000 -10.000000000
1776608253.976849079 0.537400067 0.305268794 0.184226781 0.107920401 0.989300013 0.097943537 -0.006764230 2.602768183 -0.687798977 -6.670637608 0.000000000 0.000000000 -10.000000000
1776608253.981846333 0.538478434 0.305420518 0.184299976 0.107891947 0.989299953 0.098018430 -0.006111073 2.737583637 -0.686031759 -6.656904221 0.000000000 0.000000000 -10.000000000
1776608253.987087727 0.539622486 0.305593699 0.184395343 0.107881747 0.989293337 0.098138444 -0.005388040 2.868591547 -0.680786073 -6.645370483 0.000000000 0.000000000 -10.000000000
1776608253.992182016 0.540811837 0.305788130 0.184516490 0.107877217 0.989282608 0.098290794 -0.004618331 2.995363712 -0.672170639 -6.636237621 0.000000000 0.000000000 -10.000000000
1776608253.997166395 0.542017162 0.305990428 0.184655815 0.107880384 0.989268541 0.098462626 -0.003828521 3.117518425 -0.660329998 -6.629684925 0.000000000 0.000000000 -10.000000000
1776608254.002191544 0.543231428 0.306212395 0.184791952 0.107894562 0.989249945 0.098661959 -0.003029887 3.234723568 -0.645441651 -6.625866413 0.000000000 0.000000000 -10.000000000
1776608254.007112741 0.544414580 0.306434840 0.184905261 0.107920550 0.989228964 0.098864026 -0.002268010 3.346698046 -0.627712190 -6.624910355 0.000000000 0.000000000 -10.000000000
1776608254.012165785 0.545595467 0.306649536 0.185010642 0.107974216 0.989203274 0.099076614 -0.001521520 3.453209400 -0.607373834 -6.626924515 0.000000000 0.000000000 -10.000000000
1776608254.017046928 0.546820104 0.306862175 0.185129404 0.108048923 0.989172578 0.099309951 -0.000732983 3.554072857 -0.584680319 -6.631993771 0.000000000 0.000000000 -10.000000000
1776608254.022193193 0.548036516 0.307062477 0.185238302 0.108138822 0.989140034 0.099538788 0.000044468 3.649149656 -0.559903145 -6.640182018 0.000000000 0.000000000 -10.000000000
1776608254.027155876 0.549266219 0.307248801 0.185351431 0.108244762 0.989104927 0.099768795 0.000834813 3.738343716 -0.533326983 -6.651532173 0.000000000 0.000000000 -10.000000000
1776608254.032065630 0.551814735 0.307702601 0.185657203 0.108497865 0.989015520 0.100350410 0.002509177 3.821599722 -0.505244970 -6.666066170 0.000000000 0.000000000 -10.000000000
1776608254.037143230 0.551814735 0.307702601 0.185657203 0.108497865 0.989015520 0.100350410 0.002509177 3.898900032 -0.475954026 -6.683787346 0.000000000 0.000000000 -10.000000000
1776608254.042164803 0.553116918 0.307959646 0.185846865 0.108641058 0.988962889 0.100688599 0.003373339 3.970262527 -0.445750594 -6.704679489 0.000000000 0.000000000 -10.000000000
1776608254.046990871 0.555661082 0.308432490 0.186164081 0.108962014 0.988854527 0.101335034 0.005026321 4.035736561 -0.414926440 -6.728710651 0.000000000 0.000000000 -10.000000000
1776608254.052077770 0.555661082 0.308432490 0.186164081 0.108962014 0.988854527 0.101335034 0.005026321 4.095398903 -0.383763641 -6.755832195 0.000000000 0.000000000 -10.000000000
1776608254.057197809 0.558058679 0.308848977 0.186361313 0.109329365 0.988745928 0.101914518 0.006480574 4.149349689 -0.352529168 -6.785981655 0.000000000 0.000000000 -10.000000000
1776608254.062142849 0.558058679 0.308848977 0.186361313 0.109329365 0.988745928 0.101914518 0.006480574 4.197708130 -0.321470022 -6.819085121 0.000000000 0.000000000 -10.000000000
1776608254.067077398 0.559255004 0.309037924 0.186462045 0.109520309 0.988691270 0.102191038 0.007197960 4.240610123 -0.290811032 -6.855060101 0.000000000 0.000000000 -10.000000000
1776608254.071833134 0.561713576 0.309380919 0.186712712 0.109933488 0.988574684 0.102755718 0.008714480 4.278211594 -0.260754853 -6.893818378 0.000000000 0.000000000 -10.000000000
1776608254.077109575 0.561713576 0.309380919 0.186712712 0.109933488 0.988574684 0.102755718 0.008714480 4.310686588 -0.231481776 -6.935265064 0.000000000 0.000000000 -10.000000000
1776608254.082020044 0.564111292 0.309682965 0.186957717 0.110351399 0.988460243 0.103274636 0.010160123 4.338228226 -0.203149095 -6.979301453 0.000000000 0.000000000 -10.000000000
1776608254.086890221 0.564111292 0.309682965 0.186957717 0.110351399 0.988460243 0.103274636 0.010160123 4.361045837 -0.175891101 -7.025824070 0.000000000 0.000000000 -10.000000000
1776608254.091850758 0.565327823 0.309833050 0.187065423 0.110563904 0.988401175 0.103536703 0.010902504 4.379361153 -0.149820358 -7.074727535 0.000000000 0.000000000 -10.000000000
1776608254.096876621 0.566537559 0.309959292 0.187158197 0.110786818 0.988342047 0.103782594 0.011638675 4.393409729 -0.125028923 -7.125903130 0.000000000 0.000000000 -10.000000000
1776608254.101816177 0.567703009 0.310054600 0.187233448 0.111018628 0.988285065 0.103998020 0.012323909 4.403438091 -0.101589225 -7.179239273 0.000000000 0.000000000 -10.000000000
1776608254.106906652 0.568837047 0.310136318 0.187294066 0.111251049 0.988229871 0.104194798 0.012977828 4.409703255 -0.079553530 -7.234623909 0.000000000 0.000000000 -10.000000000
1776608254.111870289 0.569988608 0.310219109 0.187370509 0.111482352 0.988173008 0.104400344 0.013652687 4.412474632 -0.058952682 -7.291945457 0.000000000 0.000000000 -10.000000000
1776608254.116883039 0.571167707 0.310297877 0.187469631 0.111719832 0.988113463 0.104614250 0.014362137 4.412031174 -0.039795838 -7.351094723 0.000000000 0.000000000 -10.000000000
1776608254.121872187 0.572344542 0.310352325 0.187565297 0.111969575 0.988053501 0.104814544 0.015066803 4.408658981 -0.022070620 -7.411965370 0.000000000 0.000000000 -10.000000000
1776608254.126895666 0.573486209 0.310379654 0.187656701 0.112223417 0.987995923 0.104987830 0.015731486 4.402645111 -0.005741384 -7.474455833 0.000000000 0.000000000 -10.000000000
1776608254.131985664 0.574580312 0.310370326 0.187730402 0.112483360 0.987942994 0.105117120 0.016327087 4.394267559 0.009253907 -7.538471699 0.000000000 0.000000000 -10.000000000
1776608254.137006283 0.575695515 0.310348332 0.187814802 0.112751834 0.987888634 0.105243839 0.016936552 4.383793354 0.023005651 -7.603924751 0.000000000 0.000000000 -10.000000000
1776608254.141833067 0.576768041 0.310301244 0.187882960 0.113024868 0.987837374 0.105340593 0.017494239 4.371472359 0.035633121 -7.670733929 0.000000000 0.000000000 -10.000000000
1776608254.147180557 0.577719867 0.310205430 0.187905222 0.113293633 0.987796724 0.105363391 0.017910492 4.357535839 0.047285080 -7.738824844 0.000000000 0.000000000 -10.000000000
1776608254.152272701 0.578586638 0.310070932 0.187916100 0.113560364 0.987763107 0.105336353 0.018231517 4.342191696 0.058139294 -7.808129787 0.000000000 0.000000000 -10.000000000
1776608254.157305241 0.579337418 0.309902728 0.187877655 0.113818258 0.987739921 0.105244361 0.018410191 4.325622559 0.068399169 -7.878584862 0.000000000 0.000000000 -10.000000000
1776608254.162208080 0.580012023 0.309716254 0.187835574 0.114066780 0.987723291 0.105115920 0.018497184 4.307981491 0.078291915 -7.950131893 0.000000000 0.000000000 -10.000000000
1776608254.167214155 0.580647647 0.309493601 0.187801093 0.114322402 0.987710834 0.104950897 0.018520642 4.289385796 0.088071264 -8.022721291 0.000000000 0.000000000 -10.000000000
1776608254.172598124 0.581197143 0.309219241 0.187740773 0.114583254 0.987706184 0.104724258 0.018438904 4.269910336 0.098018974 -8.096317291 0.000000000 0.000000000 -10.000000000
1776608254.177222729 0.582093954 0.308623195 0.187631965 0.115102142 0.987710476 0.104187161 0.018013790 4.249591351 0.108442456 -8.170891762 0.000000000 0.000000000 -10.000000000
1776608254.182201385 0.582093954 0.308623195 0.187631965 0.115102142 0.987710476 0.104187161 0.018013790 4.228430748 0.119670399 -8.246422768 0.000000000 0.000000000 -10.000000000
1776608254.186987877 0.582423985 0.308313131 0.187548250 0.115398578 0.987711966 0.103909791 0.017634215 4.206402302 0.132045656 -8.322892189 0.000000000 0.000000000 -10.000000000
1776608254.192229271 0.582735538 0.307996213 0.187471151 0.115750104 0.987703860 0.103668369 0.017201168 4.183457851 0.145915747 -8.400280952 0.000000000 0.000000000 -10.000000000
1776608254.196832895 0.583015919 0.307677716 0.187386721 0.116144575 0.987688541 0.103453353 0.016708320 4.159533978 0.161623448 -8.478573799 0.000000000 0.000000000 -10.000000000
1776608254.202144623 0.583278596 0.307388753 0.187325090 0.116578855 0.987662137 0.103301100 0.016179776 4.134563923 0.179498777 -8.557753563 0.000000000 0.000000000 -10.000000000
1776608254.206804991 0.583523333 0.307157516 0.187282115 0.117034130 0.987625599 0.103222035 0.015618655 4.108483791 0.199852109 -8.637804985 0.000000000 0.000000000 -10.000000000
1776608254.211928368 0.583750546 0.306979656 0.187249154 0.117511608 0.987579048 0.103212744 0.015027121 4.081241131 0.222968310 -8.718709946 0.000000000 0.000000000 -10.000000000
1776608254.216817617 0.583990514 0.306844682 0.187230945 0.118027218 0.987519324 0.103281029 0.014428671 4.052800655 0.249101132 -8.800443649 0.000000000 0.000000000 -10.000000000
1776608254.222112894 0.584220052 0.306721449 0.187194079 0.118577063 0.987451077 0.103389077 0.013803725 4.023151398 0.278468072 -8.882973671 0.000000000 0.000000000 -10.000000000
1776608254.226822376 0.584465444 0.306593060 0.187158644 0.119160146 0.987374842 0.103527948 0.013180274 3.992307901 0.311246485 -8.966258049 0.000000000 0.000000000 -10.000000000
1776608254.232150078 0.584729970 0.306469977 0.187154710 0.119774178 0.987288892 0.103715502 0.012563656 3.960316896 0.347571194 -9.050247192 0.000000000 0.000000000 -10.000000000
1776608254.236871481 0.585017145 0.306349188 0.187166661 0.120373674 0.987200260 0.103935815 0.011964910 3.927258968 0.387532681 -9.134881973 0.000000000 0.000000000 -10.000000000
1776608254.242093325 0.585290194 0.306247503 0.187188685 0.120936781 0.987112164 0.104186684 0.011360439 3.893251181 0.431176484 -9.220092773 0.000000000 0.000000000 -10.000000000
1776608254.247037411 0.585542023 0.306103289 0.187186629 0.121483378 0.987027705 0.104418173 0.010723871 3.858445168 0.478503436 -9.305803299 0.000000000 0.000000000 -10.000000000
1776608254.252013922 0.585797846 0.305893958 0.187165588 0.122008249 0.986947834 0.104624256 0.010085253 3.823024511 0.529472232 -9.391927719 0.000000000 0.000000000 -10.000000000
1776608254.256862164 0.586056173 0.305682272 0.187131464 0.122460872 0.986875296 0.104838714 0.009450741 3.787202358 0.584003448 -9.478372574 0.000000000 0.000000000 -10.000000000
1776608254.261859179 0.586301804 0.305493712 0.187090665 0.122812219 0.986813068 0.105068378 0.008821263 3.751216173 0.641985476 -9.565032959 0.000000000 0.000000000 -10.000000000
1776608254.266858339 0.586536884 0.305289835 0.187038898 0.123114623 0.986756444 0.105297476 0.008179533 3.715322733 0.703279376 -9.651794434 0.000000000 0.000000000 -10.000000000
1776608254.271819353 0.586767197 0.305083334 0.186980009 0.123354591 0.986707211 0.105525173 0.007546923 3.679790497 0.767723560 -9.738528252 0.000000000 0.000000000 -10.000000000
1776608254.277168274 0.586995959 0.304844022 0.186910927 0.123561762 0.986662924 0.105740041 0.006916453 3.644893408 0.835138381 -9.825093269 0.000000000 0.000000000 -10.000000000
1776608254.281835556 0.587238789 0.304573506 0.186847359 0.123763531 0.986617982 0.105962023 0.006296999 3.610904932 0.905331492 -9.911336899 0.000000000 0.000000000 -10.000000000
1776608254.286938906 0.587497354 0.304298759 0.186806381 0.123957776 0.986571848 0.106198095 0.005693736 3.578091621 0.978102982 -9.997097015 0.000000000 0.000000000 -10.000000000
1776608254.291866302 0.587773561 0.303991705 0.186770588 0.124183357 0.986520231 0.106444180 0.005101331 3.546709538 1.053249717 -10.082205772 0.000000000 0.000000000 -10.000000000
1776608254.296877623 0.588035941 0.303675622 0.186721414 0.124411248 0.986468017 0.106688932 0.004494752 3.516998053 1.130569100 -10.166489601 0.000000000 0.000000000 -10.000000000
1776608254.301831245 0.588272393 0.303353399 0.186662436 0.124667652 0.986411393 0.106937543 0.003861975 3.489176273 1.209860682 -10.249772072 0.000000000 0.000000000 -10.000000000
1776608254.307220221 0.588450432 0.303026974 0.186560750 0.124921896 0.986356735 0.107167572 0.003170510 3.463438988 1.290928245 -10.331873894 0.000000000 0.000000000 -10.000000000
1776608254.312186241 0.588595986 0.302699447 0.186457187 0.125205249 0.986297309 0.107402243 0.002447461 3.439952612 1.373581886 -10.412618637 0.000000000 0.000000000 -10.000000000
1776608254.317146540 0.588738382 0.302381873 0.186357617 0.125485480 0.986236274 0.107649677 0.001722785 3.418853283 1.457640290 -10.491834641 0.000000000 0.000000000 -10.000000000
1776608254.322145224 0.588885427 0.302062452 0.186271191 0.125805691 0.986167133 0.107918277 0.001009173 3.400245905 1.542933822 -10.569353104 0.000000000 0.000000000 -10.000000000
1776608254.327165127 0.589001298 0.301716298 0.186167240 0.126149029 0.986095369 0.108176872 0.000252685 3.384201527 1.629305840 -10.645013809 0.000000000 0.000000000 -10.000000000
1776608254.332178354 0.589108706 0.301346540 0.186069131 0.126528278 0.986018658 0.108432345 -0.000516678 3.370755434 1.716614842 -10.718662262 0.000000000 0.000000000 -10.000000000
1776608254.337063074 0.589225054 0.300953388 0.185967952 0.126921967 0.985938728 0.108691953 -0.001282563 3.359903097 1.804734349 -10.790148735 0.000000000 0.000000000 -10.000000000
1776608254.342255831 0.589340210 0.300530165 0.185864210 0.127337277 0.985856771 0.108938001 -0.002048444 3.351598978 1.893553376 -10.859332085 0.000000000 0.000000000 -10.000000000
1776608254.347264767 0.589450538 0.300098687 0.185746789 0.127745956 0.985774875 0.109183200 -0.002815099 3.345754623 1.982974648 -10.926076889 0.000000000 0.000000000 -10.000000000
1776608254.352426767 0.589554369 0.299663544 0.185642540 0.128150031 0.985692024 0.109434463 -0.003584126 3.342242002 2.072912693 -10.990256310 0.000000000 0.000000000 -10.000000000
1776608254.357207537 0.589656949 0.299238443 0.185544074 0.128524512 0.985611737 0.109690771 -0.004343930 3.340895176 2.163290977 -11.051753044 0.000000000 0.000000000 -10.000000000
1776608254.365858555 0.589737177 0.298822343 0.185444623 0.128887370 0.985531151 0.109955341 -0.005119822 3.341515303 2.254042149 -11.110461235 0.000000000 0.000000000 -10.000000000
1776608254.367507696 0.589854300 0.297958553 0.185229897 0.129543871 0.985380709 0.110446915 -0.006691800 3.343875170 2.345104694 -11.166286469 0.000000000 0.000000000 -10.000000000
1776608254.372066736 0.589885354 0.297514319 0.185122281 0.129835650 0.985310555 0.110678144 -0.007493624 3.347723246 2.436423540 -11.219146729 0.000000000 0.000000000 -10.000000000
1776608254.376882315 0.589885354 0.297514319 0.185122281 0.129835650 0.985310555 0.110678144 -0.007493624 3.352787495 2.527947664 -11.268974304 0.000000000 0.000000000 -10.000000000
1776608254.381845474 0.589919806 0.297049761 0.185028970 0.130119309 0.985241890 0.110900275 -0.008278572 3.358778715 2.619631767 -11.315711975 0.000000000 0.000000000 -10.000000000
1776608254.386821508 0.589935243 0.296569526 0.184926867 0.130388469 0.985176206 0.111104682 -0.009077462 3.365393877 2.711434364 -11.359315872 0.000000000 0.000000000 -10.000000000
1776608254.391891003 0.589955449 0.296075553 0.184839427 0.130643532 0.985112309 0.111304753 -0.009860845 3.372320414 2.803318024 -11.399752617 0.000000000 0.000000000 -10.000000000
1776608254.396886349 0.589961946 0.295578539 0.184735507 0.130901545 0.985047102 0.111505143 -0.010655839 3.379238605 2.895249128 -11.436995506 0.000000000 0.000000000 -10.000000000
1776608254.402376652 0.589946330 0.295073658 0.184619486 0.131156489 0.984982610 0.111694619 -0.011467245 3.385827303 2.987195253 -11.471029282 0.000000000 0.000000000 -10.000000000
1776608254.407937288 0.589928508 0.294561327 0.184498221 0.131410047 0.984918535 0.111876167 -0.012271793 3.391767025 3.079122305 -11.501841545 0.000000000 0.000000000 -10.000000000
1776608254.412056208 0.589892805 0.294050932 0.184366167 0.131650910 0.984855592 0.112055033 -0.013085135 3.396744967 3.170993805 -11.529433250 0.000000000 0.000000000 -10.000000000
1776608254.416829586 0.589862585 0.293545961 0.184253752 0.131896779 0.984790564 0.112240925 -0.013884778 3.400461435 3.262769461 -11.553811073 0.000000000 0.000000000 -10.000000000
1776608254.421832800 0.589813530 0.293028653 0.184131682 0.132142186 0.984725475 0.112419799 -0.014697370 3.402633905 3.354403496 -11.574992180 0.000000000 0.000000000 -10.000000000
1776608254.426832199 0.589764476 0.292502761 0.184012353 0.132403910 0.984657347 0.112599216 -0.015510873 3.403002977 3.445845604 -11.592999458 0.000000000 0.000000000 -10.000000000
1776608254.432208538 0.589747310 0.291964024 0.183912516 0.132672071 0.984586656 0.112792283 -0.016282644 3.401334047 3.537037611 -11.607866287 0.000000000 0.000000000 -10.000000000
1776608254.436903715 0.589716256 0.290833712 0.183659345 0.133274555 0.984435439 0.113166384 -0.017834667 3.397420406 3.627913237 -11.619631767 0.000000000 0.000000000 -10.000000000
1776608254.442243099 0.589716256 0.290833712 0.183659345 0.133274555 0.984435439 0.113166384 -0.017834667 3.391083956 3.718397379 -11.628339767 0.000000000 0.000000000 -10.000000000
1776608254.447280169 0.589638770 0.289650232 0.183376640 0.133905753 0.984282076 0.113494053 -0.019420436 3.382175207 3.808406591 -11.634038925 0.000000000 0.000000000 -10.000000000
1776608254.452149391 0.589603186 0.289067566 0.183251143 0.134217307 0.984204769 0.113660976 -0.020196710 3.370572805 3.897852182 -11.636782646 0.000000000 0.000000000 -10.000000000
1776608254.456978321 0.589603186 0.289067566 0.183251143 0.134217307 0.984204769 0.113660976 -0.020196710 3.356182814 3.986644268 -11.636625290 0.000000000 0.000000000 -10.000000000
1776608254.462308645 0.589542687 0.288473785 0.183125138 0.134517729 0.984130561 0.113805331 -0.020984229 3.338935614 4.074692726 -11.633624077 0.000000000 0.000000000 -10.000000000
1776608254.467234373 0.589488029 0.287880570 0.183002293 0.134804949 0.984058321 0.113944560 -0.021759227 3.318786383 4.161910534 -11.627835274 0.000000000 0.000000000 -10.000000000
1776608254.472256422 0.589411497 0.287273675 0.182888657 0.135091394 0.983986735 0.114069074 -0.022552472 3.295713425 4.248211861 -11.619313240 0.000000000 0.000000000 -10.000000000
1776608254.476925373 0.589322567 0.286638588 0.182760000 0.135370970 0.983918428 0.114166133 -0.023352705 3.269717455 4.333512783 -11.608108521 0.000000000 0.000000000 -10.000000000
1776608254.482315779 0.589230299 0.285996377 0.182630837 0.135651425 0.983849704 0.114259414 -0.024150660 3.240821600 4.417727470 -11.594269753 0.000000000 0.000000000 -10.000000000
1776608254.486982822 0.589136720 0.285344273 0.182498902 0.135913953 0.983783245 0.114349313 -0.024942962 3.209069490 4.500763893 -11.577838898 0.000000000 0.000000000 -10.000000000
1776608254.492217302 0.588972747 0.284053147 0.182233304 0.136463016 0.983640552 0.114573553 -0.026495269 3.174524069 4.582522392 -11.558856964 0.000000000 0.000000000 -10.000000000
1776608254.497330904 0.588923573 0.283403724 0.182112455 0.136740074 0.983567834 0.114697017 -0.027223101 3.137268066 4.662892342 -11.537359238 0.000000000 0.000000000 -10.000000000
1776608254.502171278 0.588970661 0.282762706 0.182013184 0.137006357 0.983495355 0.114854611 -0.027831085 3.097406149 4.741754532 -11.513382912 0.000000000 0.000000000 -10.000000000
1776608254.507166147 0.589057028 0.282136291 0.181922168 0.137272447 0.983422160 0.115029372 -0.028379587 3.055071831 4.818983078 -11.486962318 0.000000000 0.000000000 -10.000000000
1776608254.511955976 0.589183271 0.281532228 0.181832016 0.137532607 0.983347893 0.115232684 -0.028864589 3.010433912 4.894440651 -11.458127975 0.000000000 0.000000000 -10.000000000
1776608254.516864538 0.589183271 0.281532228 0.181832016 0.137532607 0.983347893 0.115232684 -0.028864589 2.963704586 4.967982769 -11.426912308 0.000000000 0.000000000 -10.000000000
1776608254.521854162 0.589356005 0.280910611 0.181729108 0.137797683 0.983276427 0.115422249 -0.029274002 2.915146589 5.039456367 -11.393345833 0.000000000 0.000000000 -10.000000000
1776608254.526839018 0.590073228 0.279668361 0.181528628 0.138304308 0.983147502 0.115832023 -0.029595358 2.865079641 5.108703136 -11.357459068 0.000000000 0.000000000 -10.000000000
1776608254.532114506 0.590073228 0.279668361 0.181528628 0.138304308 0.983147502 0.115832023 -0.029595358 2.813884974 5.175558567 -11.319283485 0.000000000 0.000000000 -10.000000000
1776608254.536860704 0.590588093 0.279062837 0.181438625 0.138557911 0.983085334 0.116072014 -0.029533897 2.762008429 5.239853382 -11.278848648 0.000000000 0.000000000 -10.000000000
1776608254.541822433 0.591108918 0.278417736 0.181322247 0.138813347 0.983029366 0.116264679 -0.029439317 2.709956408 5.301418304 -11.236186981 0.000000000 0.000000000 -10.000000000
1776608254.546845198 0.592383146 0.276983798 0.181066811 0.139322191 0.982941449 0.116529100 -0.028920392 2.658290148 5.360087395 -11.191329002 0.000000000 0.000000000 -10.000000000
1776608254.551851511 0.592383146 0.276983798 0.181066811 0.139322191 0.982941449 0.116529100 -0.028920392 2.607616901 5.415705204 -11.144315720 0.000000000 0.000000000 -10.000000000
1776608254.556842804 0.593891680 0.275482863 0.180845022 0.139752805 0.982886076 0.116702311 -0.028011162 2.558579683 5.468125820 -11.095189095 0.000000000 0.000000000 -10.000000000
1776608254.562235594 0.593891680 0.275482863 0.180845022 0.139752805 0.982886076 0.116702311 -0.028011162 2.511843443 5.517218113 -11.044007301 0.000000000 0.000000000 -10.000000000
1776608254.566862583 0.594655097 0.274690270 0.180706441 0.139970407 0.982865214 0.116734602 -0.027517917 2.468080997 5.562863827 -10.990836143 0.000000000 0.000000000 -10.000000000
1776608254.572200775 0.595443308 0.273851424 0.180556595 0.140186250 0.982850611 0.116724297 -0.026980326 2.427956343 5.604962349 -10.935754776 0.000000000 0.000000000 -10.000000000
1776608254.576839209 0.596265614 0.272979617 0.180408925 0.140418589 0.982837021 0.116693713 -0.026393345 2.392110825 5.643432617 -10.878856659 0.000000000 0.000000000 -10.000000000
1776608254.581926823 0.597929239 0.271180540 0.180151403 0.140837893 0.982827008 0.116551228 -0.025131801 2.361149549 5.678218842 -10.820249557 0.000000000 0.000000000 -10.000000000
1776608254.587209463 0.598733246 0.270239532 0.179990828 0.141058296 0.982826471 0.116420113 -0.024516398 2.335629225 5.709289074 -10.760049820 0.000000000 0.000000000 -10.000000000
1776608254.592076302 0.598733246 0.270239532 0.179990828 0.141058296 0.982826471 0.116420113 -0.024516398 2.316046953 5.736641407 -10.698390007 0.000000000 0.000000000 -10.000000000
1776608254.597197533 0.600269437 0.268289566 0.179614395 0.141440675 0.982847214 0.116023920 -0.023329990 2.302828074 5.760301590 -10.635413170 0.000000000 0.000000000 -10.000000000
1776608254.602451563 0.601019621 0.267278016 0.179425955 0.141643882 0.982859790 0.115785196 -0.022746602 2.296319008 5.780325890 -10.571273804 0.000000000 0.000000000 -10.000000000
1776608254.607253551 0.601774037 0.266258359 0.179250091 0.141842380 0.982874155 0.115537375 -0.022140961 2.296781063 5.796799183 -10.506138802 0.000000000 0.000000000 -10.000000000
1776608254.611917019 0.602491856 0.265229225 0.179079115 0.142063707 0.982886732 0.115266778 -0.021566821 2.304386854 5.809835911 -10.440184593 0.000000000 0.000000000 -10.000000000
1776608254.617251635 0.602491856 0.265229225 0.179079115 0.142063707 0.982886732 0.115266778 -0.021566821 2.319213152 5.819577694 -10.373597145 0.000000000 0.000000000 -10.000000000
1776608254.622146368 0.603458643 0.263147473 0.178616762 0.142478719 0.982919991 0.114580177 -0.020965200 2.341233015 5.826195240 -10.306566238 0.000000000 0.000000000 -10.000000000
1776608254.627161264 0.603813708 0.262087911 0.178367406 0.142705455 0.982935786 0.114185959 -0.020832833 2.370307446 5.829888344 -10.239290237 0.000000000 0.000000000 -10.000000000
1776608254.632268190 0.604159594 0.261002570 0.178139955 0.142943352 0.982950866 0.113779157 -0.020715764 2.406178951 5.830885887 -10.171971321 0.000000000 0.000000000 -10.000000000
1776608254.637011528 0.604159594 0.261002570 0.178139955 0.142943352 0.982950866 0.113779157 -0.020715764 2.448477507 5.829442978 -10.104825020 0.000000000 0.000000000 -10.000000000
1776608254.641910076 0.604573727 0.258801460 0.177721381 0.143434256 0.982979178 0.112900175 -0.020786908 2.496731997 5.825838089 -10.038068771 0.000000000 0.000000000 -10.000000000
1776608254.646833897 0.604573727 0.258801460 0.177721381 0.143434256 0.982979178 0.112900175 -0.020786908 2.550383806 5.820369720 -9.971934319 0.000000000 0.000000000 -10.000000000
1776608254.652196646 0.604609191 0.257701397 0.177503377 0.143667668 0.982996404 0.112409659 -0.021017442 2.608798027 5.813359261 -9.906654358 0.000000000 0.000000000 -10.000000000
1776608254.657443762 0.604661822 0.256571740 0.177291304 0.143888205 0.983017564 0.111901283 -0.021231947 2.671275377 5.805148125 -9.842472076 0.000000000 0.000000000 -10.000000000
1776608254.661983013 0.604650974 0.254240483 0.176805735 0.144280836 0.983077943 0.110752642 -0.021786191 2.737064362 5.796088696 -9.779635429 0.000000000 0.000000000 -10.000000000
1776608254.666918516 0.604650974 0.254240483 0.176805735 0.144280836 0.983077943 0.110752642 -0.021786191 2.805377007 5.786541462 -9.718389511 0.000000000 0.000000000 -10.000000000
1776608254.671870947 0.604578435 0.253076315 0.176556468 0.144439667 0.983116210 0.110136315 -0.022129726 2.875402689 5.776869774 -9.658980370 0.000000000 0.000000000 -10.000000000
1776608254.676910162 0.604407012 0.250758082 0.176071167 0.144711956 0.983199477 0.108885288 -0.022831287 2.946325779 5.767432690 -9.601648331 0.000000000 0.000000000 -10.000000000
1776608254.681979895 0.604407012 0.250758082 0.176071167 0.144711956 0.983199477 0.108885288 -0.022831287 3.017339468 5.758579731 -9.546627045 0.000000000 0.000000000 -10.000000000
1776608254.686859369 0.604353607 0.249577999 0.175860345 0.144839302 0.983243942 0.108248785 -0.023132099 3.087661266 5.750644207 -9.494142532 0.000000000 0.000000000 -10.000000000
1776608254.692281485 0.604303420 0.248387739 0.175651968 0.144966230 0.983288884 0.107606895 -0.023419581 3.156545877 5.743938446 -9.444410324 0.000000000 0.000000000 -10.000000000
1776608254.696907282 0.604267657 0.247201368 0.175445706 0.145095333 0.983333230 0.106968567 -0.023681862 3.223295450 5.738744736 -9.397630692 0.000000000 0.000000000 -10.000000000
1776608254.701870203 0.604271710 0.246030062 0.175247073 0.145224988 0.983375490 0.106355667 -0.023892054 3.287268400 5.735309124 -9.353988647 0.000000000 0.000000000 -10.000000000
1776608254.706896305 0.604342282 0.243779838 0.174884379 0.145570695 0.983434618 0.105252706 -0.024236524 3.347887039 5.733834743 -9.313648224 0.000000000 0.000000000 -10.000000000
1776608254.711907864 0.604342282 0.243779838 0.174884379 0.145570695 0.983434618 0.105252706 -0.024236524 3.404642820 5.734474182 -9.276751518 0.000000000 0.000000000 -10.000000000
1776608254.717081785 0.604468822 0.241670609 0.174586773 0.146014348 0.983458698 0.104343489 -0.024520453 3.457099199 5.737326145 -9.243412971 0.000000000 0.000000000 -10.000000000
1776608254.722024918 0.604503572 0.240763485 0.174473524 0.146271423 0.983448446 0.104034655 -0.024709765 3.504889250 5.742433548 -9.213725090 0.000000000 0.000000000 -10.000000000
1776608254.726987362 0.604503572 0.240763485 0.174473524 0.146271423 0.983448446 0.104034655 -0.024709765 3.547709942 5.749782085 -9.187748909 0.000000000 0.000000000 -10.000000000
1776608254.731923103 0.604478180 0.239942700 0.174373627 0.146571830 0.983419240 0.103820838 -0.024990123 3.585312366 5.759296894 -9.165519714 0.000000000 0.000000000 -10.000000000
1776608254.736878872 0.604465961 0.239146590 0.174288452 0.146907523 0.983378112 0.103668503 -0.025269751 3.617495537 5.770848274 -9.147040367 0.000000000 0.000000000 -10.000000000
1776608254.741881847 0.604472697 0.238349587 0.174216002 0.147268787 0.983329356 0.103553630 -0.025532942 3.644103050 5.784256935 -9.132283211 0.000000000 0.000000000 -10.000000000
1776608254.746909618 0.604464650 0.237567067 0.174141884 0.147659600 0.983274102 0.103453934 -0.025807273 3.665021658 5.799306870 -9.121186256 0.000000000 0.000000000 -10.000000000
1776608254.751881361 0.604377985 0.236812517 0.174053729 0.148043528 0.983216465 0.103363596 -0.026161883 3.680179834 5.815755844 -9.113655090 0.000000000 0.000000000 -10.000000000
1776608254.756862164 0.604255617 0.236137778 0.173973858 0.148373201 0.983160138 0.103329919 -0.026541816 3.689545155 5.833343983 -9.109557152 0.000000000 0.000000000 -10.000000000
1776608254.762518167 0.604164183 0.235517606 0.173910826 0.148678765 0.983100533 0.103369989 -0.026880994 3.693119526 5.851791859 -9.108726501 0.000000000 0.000000000 -10.000000000
1776608254.767508507 0.604086697 0.234908134 0.173835874 0.149015337 0.983033776 0.103435896 -0.027204569 3.690937757 5.870802402 -9.110966682 0.000000000 0.000000000 -10.000000000
1776608254.772264719 0.604002953 0.234303236 0.173741847 0.149362668 0.982963264 0.103518896 -0.027530078 3.683067083 5.890060425 -9.116050720 0.000000000 0.000000000 -10.000000000
1776608254.776950121 0.603778422 0.233274415 0.173508763 0.149953619 0.982823730 0.103810608 -0.028191479 3.669608355 5.909239292 -9.123726845 0.000000000 0.000000000 -10.000000000
1776608254.781907320 0.603778422 0.233274415 0.173508763 0.149953619 0.982823730 0.103810608 -0.028191479 3.650697470 5.928009510 -9.133723259 0.000000000 0.000000000 -10.000000000
1776608254.786927462 0.603747964 0.232848257 0.173407525 0.150239393 0.982747972 0.104053624 -0.028413752 3.626506329 5.946045876 -9.145751953 0.000000000 0.000000000 -10.000000000
1776608254.791935682 0.603703201 0.232425034 0.173288673 0.150510997 0.982672632 0.104309075 -0.028646193 3.597239733 5.963036537 -9.159521103 0.000000000 0.000000000 -10.000000000
1776608254.797472000 0.603569686 0.231551901 0.173022926 0.151070103 0.982519567 0.104804851 -0.029138571 3.563133240 5.978688717 -9.174733162 0.000000000 0.000000000 -10.000000000
1776608254.802077532 0.603486717 0.231112838 0.172918379 0.151327148 0.982447505 0.105044045 -0.029372660 3.524448156 5.992735863 -9.191100121 0.000000000 0.000000000 -10.000000000
1776608254.806863308 0.603486717 0.231112838 0.172918379 0.151327148 0.982447505 0.105044045 -0.029372660 3.481467009 6.004947662 -9.208346367 0.000000000 0.000000000 -10.000000000
1776608254.811900616 0.603382945 0.230693161 0.172838509 0.151571378 0.982377231 0.105284758 -0.029601704 3.434487581 6.015133858 -9.226215363 0.000000000 0.000000000 -10.000000000
1776608254.816874504 0.603230178 0.230275512 0.172747731 0.151783049 0.982313037 0.105505995 -0.029857069 3.383818865 6.023153782 -9.244471550 0.000000000 0.000000000 -10.000000000
1776608254.822154284 0.602866709 0.229358345 0.172551125 0.152145475 0.982209623 0.105806686 -0.030348208 3.329778910 6.028921127 -9.262907028 0.000000000 0.000000000 -10.000000000
1776608254.827295780 0.602622747 0.228845417 0.172425032 0.152277127 0.982176244 0.105852962 -0.030605542 3.272693157 6.032408714 -9.281339645 0.000000000 0.000000000 -10.000000000
1776608254.831951618 0.602385640 0.228319287 0.172319561 0.152371615 0.982154727 0.105855562 -0.030814899 3.212891340 6.033650398 -9.299618721 0.000000000 0.000000000 -10.000000000
1776608254.836862803 0.602385640 0.228319287 0.172319561 0.152371615 0.982154727 0.105855562 -0.030814899 3.150705338 6.032738686 -9.317624092 0.000000000 0.000000000 -10.000000000
1776608254.841949701 0.601860642 0.227144510 0.172131568 0.152481616 0.982146740 0.105663277 -0.031184018 3.086461782 6.029824257 -9.335266113 0.000000000 0.000000000 -10.000000000
1776608254.846881628 0.601526260 0.226483941 0.171997637 0.152497351 0.982160568 0.105445899 -0.031405512 3.020475626 6.025111198 -9.352482796 0.000000000 0.000000000 -10.000000000
1776608254.851976871 0.601176322 0.225810289 0.171866447 0.152498379 0.982181311 0.105186708 -0.031620760 2.953044891 6.018850327 -9.369242668 0.000000000 0.000000000 -10.000000000
1776608254.856932163 0.600782394 0.225115195 0.171745867 0.152484909 0.982210517 0.104863048 -0.031852733 2.884442806 6.011335373 -9.385543823 0.000000000 0.000000000 -10.000000000
1776608254.861889124 0.600782394 0.225115195 0.171745867 0.152484909 0.982210517 0.104863048 -0.031852733 2.814913273 6.002897263 -9.401411057 0.000000000 0.000000000 -10.000000000
1776608254.866991997 0.600348651 0.224394113 0.171648800 0.152453378 0.982246935 0.104492910 -0.032096524 2.744666576 5.993894577 -9.416895866 0.000000000 0.000000000 -10.000000000
1776608254.872005224 0.599849701 0.223661870 0.171547800 0.152390778 0.982293367 0.104058392 -0.032382693 2.673877239 5.984707832 -9.432065964 0.000000000 0.000000000 -10.000000000
1776608254.876867056 0.599265099 0.222911149 0.171434551 0.152313501 0.982347906 0.103545837 -0.032733347 2.602682590 5.975726604 -9.447010040 0.000000000 0.000000000 -10.000000000
1776608254.882387161 0.598631442 0.222138911 0.171328396 0.152235284 0.982406914 0.102978453 -0.033113599 2.531184196 5.967343330 -9.461819649 0.000000000 0.000000000 -10.000000000
1776608254.887341738 0.597155273 0.220579654 0.171105087 0.152009130 0.982544184 0.101696998 -0.034028187 2.459448814 5.959939003 -9.476591110 0.000000000 0.000000000 -10.000000000
1776608254.892374754 0.597155273 0.220579654 0.171105087 0.152009130 0.982544184 0.101696998 -0.034028187 2.387513638 5.953875542 -9.491418839 0.000000000 0.000000000 -10.000000000
1776608254.897720575 0.595513582 0.218989313 0.170896262 0.151757017 0.982698083 0.100244954 -0.035003383 2.315391541 5.949483871 -9.506383896 0.000000000 0.000000000 -10.000000000
1776608254.902306557 0.595513582 0.218989313 0.170896262 0.151757017 0.982698083 0.100244954 -0.035003383 2.243077040 5.947054386 -9.521553993 0.000000000 0.000000000 -10.000000000
1776608254.907337189 0.594644487 0.218188658 0.170794904 0.151659548 0.982773542 0.099470116 -0.035513170 2.170552969 5.946828365 -9.536978722 0.000000000 0.000000000 -10.000000000
1776608254.911946058 0.592825413 0.216613859 0.170566171 0.151442602 0.982930183 0.097861141 -0.036558807 2.097797632 5.948993683 -9.552681923 0.000000000 0.000000000 -10.000000000
1776608254.916915894 0.592825413 0.216613859 0.170566171 0.151442602 0.982930183 0.097861141 -0.036558807 2.024790764 5.953680038 -9.568665504 0.000000000 0.000000000 -10.000000000
1776608254.921910763 0.591933072 0.215853408 0.170458645 0.151299790 0.983014762 0.097052582 -0.037028529 1.951519489 5.960955143 -9.584902763 0.000000000 0.000000000 -10.000000000
1776608254.926956892 0.591065168 0.215114266 0.170368880 0.151133135 0.983103573 0.096247852 -0.037449371 1.877982855 5.970825195 -9.601342201 0.000000000 0.000000000 -10.000000000
1776608254.931919575 0.590239882 0.214392304 0.170303762 0.150950834 0.983195543 0.095455304 -0.037798025 1.804195285 5.983232498 -9.617909431 0.000000000 0.000000000 -10.000000000
1776608254.937295914 0.589435697 0.213685498 0.170244873 0.150758833 0.983288944 0.094671100 -0.038104501 1.730188847 5.998057365 -9.634498596 0.000000000 0.000000000 -10.000000000
1776608254.941987753 0.588632107 0.212988883 0.170178920 0.150557160 0.983383954 0.093885958 -0.038392600 1.656015158 6.015118599 -9.650981903 0.000000000 0.000000000 -10.000000000
1776608254.947557926 0.587821662 0.212307900 0.170100927 0.150342613 0.983480573 0.093099490 -0.038672805 1.581746697 6.034179211 -9.667201996 0.000000000 0.000000000 -10.000000000
1776608254.952513218 0.587031007 0.211647555 0.170007735 0.150123700 0.983577251 0.092326097 -0.038917705 1.507475615 6.054947853 -9.682974815 0.000000000 0.000000000 -10.000000000
1776608254.957391262 0.586262345 0.210986853 0.169908166 0.149904326 0.983674645 0.091555998 -0.039119925 1.433312058 6.077085495 -9.698091507 0.000000000 0.000000000 -10.000000000
1776608254.961984396 0.584704578 0.209697425 0.169699967 0.149471700 0.983863831 0.090049393 -0.039512888 1.359381557 6.100214005 -9.712318420 0.000000000 0.000000000 -10.000000000
1776608254.966926098 0.583935022 0.209083036 0.169611752 0.149253458 0.983955860 0.089328311 -0.039682910 1.285822988 6.123921871 -9.725398064 0.000000000 0.000000000 -10.000000000
1776608254.971947193 0.583935022 0.209083036 0.169611752 0.149253458 0.983955860 0.089328311 -0.039682910 1.212785959 6.147776604 -9.737057686 0.000000000 0.000000000 -10.000000000
1776608254.977180481 0.582410991 0.207976997 0.169523925 0.148748562 0.984145164 0.087948784 -0.039964646 1.140426040 6.171331406 -9.747010231 0.000000000 0.000000000 -10.000000000
1776608254.982070446 0.581632435 0.207473502 0.169492334 0.148470059 0.984241486 0.087273553 -0.040108167 1.068900585 6.194136143 -9.754961014 0.000000000 0.000000000 -10.000000000
1776608254.986894131 0.580807626 0.206965774 0.169438899 0.148183316 0.984338641 0.086576439 -0.040295254 0.998363972 6.215745449 -9.760610580 0.000000000 0.000000000 -10.000000000
1776608254.991863489 0.579971433 0.206469268 0.169378072 0.147890911 0.984435797 0.085878789 -0.040488515 0.928965926 6.235722065 -9.763662338 0.000000000 0.000000000 -10.000000000
1776608254.996914148 0.579971433 0.206469268 0.169378072 0.147890911 0.984435797 0.085878789 -0.040488515 0.860849082 6.253643513 -9.763821602 0.000000000 0.000000000 -10.000000000
1776608255.001971483 0.579138100 0.205988839 0.169316083 0.147590190 0.984533310 0.085187793 -0.040674023 0.794147313 6.269106865 -9.760804176 0.000000000 0.000000000 -10.000000000
1776608255.006911039 0.577472746 0.205054075 0.169225574 0.146948844 0.984734058 0.083802916 -0.041012149 0.728985071 6.281731606 -9.754336357 0.000000000 0.000000000 -10.000000000
1776608255.012334108 0.577472746 0.205054075 0.169225574 0.146948844 0.984734058 0.083802916 -0.041012149 0.665476859 6.291160583 -9.744161606 0.000000000 0.000000000 -10.000000000
1776608255.017337084 0.576627970 0.204601526 0.169182569 0.146610305 0.984836400 0.083105497 -0.041184593 0.603726745 6.297065258 -9.730041504 0.000000000 0.000000000 -10.000000000
1776608255.022299290 0.574985087 0.203733101 0.169111907 0.145898551 0.985045850 0.081720106 -0.041474123 0.543828011 6.299148560 -9.711761475 0.000000000 0.000000000 -10.000000000
1776608255.026845217 0.574222922 0.203342184 0.169090718 0.145523489 0.985152960 0.081059754 -0.041543528 0.485863566 6.297147751 -9.689128876 0.000000000 0.000000000 -10.000000000
1776608255.031921625 0.574222922 0.203342184 0.169090718 0.145523489 0.985152960 0.081059754 -0.041543528 0.429908156 6.290834427 -9.661978722 0.000000000 0.000000000 -10.000000000
1776608255.036863089 0.573474348 0.202987075 0.169060111 0.145133033 0.985261738 0.080415562 -0.041581444 0.376032561 6.280013084 -9.630170822 0.000000000 0.000000000 -10.000000000
1776608255.041999340 0.571969986 0.202356786 0.168990433 0.144326597 0.985480070 0.079166219 -0.041612219 0.324309677 6.264519691 -9.593587875 0.000000000 0.000000000 -10.000000000
1776608255.046973467 0.571969986 0.202356786 0.168990433 0.144326597 0.985480070 0.079166219 -0.041612219 0.274821222 6.244214058 -9.552137375 0.000000000 0.000000000 -10.000000000
1776608255.051907301 0.570759654 0.201855823 0.168926179 0.143592536 0.985683739 0.078139678 -0.041267373 0.227663934 6.218978882 -9.505745888 0.000000000 0.000000000 -10.000000000
1776608255.056863546 0.570229292 0.201671064 0.168874204 0.143257082 0.985777617 0.077712238 -0.040997025 0.182952210 6.188714027 -9.454366684 0.000000000 0.000000000 -10.000000000
1776608255.061868668 0.570229292 0.201671064 0.168874204 0.143257082 0.985777617 0.077712238 -0.040997025 0.140817419 6.153332710 -9.397972107 0.000000000 0.000000000 -10.000000000
1776608255.067226887 0.569469571 0.201442763 0.168825328 0.142671272 0.985946476 0.077110954 -0.040104698 0.101405323 6.112762451 -9.336555481 0.000000000 0.000000000 -10.000000000
1776608255.071924925 0.569227636 0.201407880 0.168840319 0.142399162 0.986024976 0.076926507 -0.039491039 0.064872243 6.066943169 -9.270134926 0.000000000 0.000000000 -10.000000000
1776608255.076848745 0.569227636 0.201407880 0.168840319 0.142399162 0.986024976 0.076926507 -0.039491039 0.031378534 6.015830994 -9.198749542 0.000000000 0.000000000 -10.000000000
1776608255.081937790 0.569022477 0.201427460 0.168861270 0.142123461 0.986101329 0.076795451 -0.038827784 0.001080411 5.959401608 -9.122459412 0.000000000 0.000000000 -10.000000000
1776608255.087493420 0.568861008 0.201487809 0.168898433 0.141863644 0.986172318 0.076724805 -0.038106639 -0.025878271 5.897651672 -9.041346550 0.000000000 0.000000000 -10.000000000
1776608255.092513084 0.568597317 0.201695755 0.168964446 0.141362637 0.986304283 0.076683618 -0.036606558 -0.049372986 5.830604076 -8.955514908 0.000000000 0.000000000 -10.000000000
1776608255.096959591 0.568597317 0.201695755 0.168964446 0.141362637 0.986304283 0.076683618 -0.036606558 -0.069303460 5.758305073 -8.865087509 0.000000000 0.000000000 -10.000000000
1776608255.102012396 0.568459153 0.201843292 0.168981940 0.141105667 0.986367822 0.076689348 -0.035867263 -0.085597716 5.680827141 -8.770212173 0.000000000 0.000000000 -10.000000000
1776608255.106883287 0.568297207 0.201983675 0.168977171 0.140855268 0.986429334 0.076688558 -0.035154086 -0.098218009 5.598268032 -8.671058655 0.000000000 0.000000000 -10.000000000
1776608255.111909628 0.568151116 0.202143297 0.168980151 0.140593067 0.986491740 0.076697834 -0.034424257 -0.107168108 5.510754585 -8.567819595 0.000000000 0.000000000 -10.000000000
1776608255.117368221 0.568030536 0.202340260 0.169012755 0.140316784 0.986554563 0.076735236 -0.033659406 -0.112498984 5.418444157 -8.460708618 0.000000000 0.000000000 -10.000000000
1776608255.122450829 0.567936897 0.202544406 0.169062197 0.140036210 0.986617506 0.076781951 -0.032868423 -0.114311226 5.321524620 -8.349960327 0.000000000 0.000000000 -10.000000000
1776608255.127335072 0.567794144 0.202760443 0.169100732 0.139737636 0.986681700 0.076816514 -0.032122716 -0.112753861 5.220211983 -8.235829353 0.000000000 0.000000000 -10.000000000
1776608255.131922483 0.567603767 0.203000873 0.169125080 0.139413223 0.986748219 0.076839797 -0.031425759 -0.108019866 5.114749908 -8.118588448 0.000000000 0.000000000 -10.000000000
1776608255.136942863 0.567365825 0.203242481 0.169126719 0.139072254 0.986816704 0.076839253 -0.030780664 -0.100340113 5.005412102 -7.998527050 0.000000000 0.000000000 -10.000000000
1776608255.142355919 0.566772521 0.203758895 0.169102192 0.138308585 0.986965239 0.076772057 -0.029603604 -0.089978859 4.892499924 -7.875953674 0.000000000 0.000000000 -10.000000000
1776608255.146949530 0.566772521 0.203758895 0.169102192 0.138308585 0.986965239 0.076772057 -0.029603604 -0.077232629 4.776340008 -7.751187325 0.000000000 0.000000000 -10.000000000
1776608255.152243137 0.566129982 0.204312593 0.169120908 0.137479961 0.987121880 0.076680273 -0.028456001 -0.062429283 4.657281399 -7.624557972 0.000000000 0.000000000 -10.000000000
1776608255.156879187 0.565834701 0.204609618 0.169155151 0.137046397 0.987202585 0.076640591 -0.027849019 -0.045923103 4.535690784 -7.496401310 0.000000000 0.000000000 -10.000000000
1776608255.162349701 0.565834701 0.204609618 0.169155151 0.137046397 0.987202585 0.076640591 -0.027849019 -0.028086949 4.411950111 -7.367058754 0.000000000 0.000000000 -10.000000000
1776608255.166987658 0.565556884 0.204912648 0.169196427 0.136590526 0.987287402 0.076588213 -0.027218491 -0.009304081 4.286450863 -7.236876488 0.000000000 0.000000000 -10.000000000
1776608255.172079802 0.565257609 0.205209479 0.169216841 0.136115611 0.987375915 0.076506801 -0.026608303 0.010039505 4.159594059 -7.106200695 0.000000000 0.000000000 -10.000000000
1776608255.177268505 0.564605713 0.205807284 0.169205517 0.135112107 0.987562060 0.076280884 -0.025437882 0.029562248 4.031786919 -6.975376129 0.000000000 0.000000000 -10.000000000
1776608255.182131529 0.564605713 0.205807284 0.169205517 0.135112107 0.987562060 0.076280884 -0.025437882 0.048893973 3.903437376 -6.844741344 0.000000000 0.000000000 -10.000000000
1776608255.187355042 0.564263165 0.206124455 0.169194460 0.134625062 0.987652957 0.076152682 -0.024869481 0.067683138 3.774950981 -6.714629650 0.000000000 0.000000000 -10.000000000
1776608255.191944599 0.563923001 0.206470907 0.169191420 0.134204343 0.987733483 0.076031797 -0.024308110 0.085603602 3.646725178 -6.585366249 0.000000000 0.000000000 -10.000000000
1776608255.197652578 0.563577056 0.206824139 0.169190705 0.133908272 0.987797260 0.075897947 -0.023761135 0.102359273 3.519146919 -6.457270622 0.000000000 0.000000000 -10.000000000
1776608255.202026367 0.562947035 0.207507059 0.169201225 0.133661315 0.987881958 0.075577676 -0.022624776 0.117686242 3.392592669 -6.330653667 0.000000000 0.000000000 -10.000000000
1776608255.207297325 0.562947035 0.207507059 0.169201225 0.133661315 0.987881958 0.075577676 -0.022624776 0.131353244 3.267424822 -6.205816746 0.000000000 0.000000000 -10.000000000
1776608255.211876631 0.562686503 0.207874000 0.169227570 0.133661538 0.987907588 0.075424336 -0.022009235 0.143161118 3.143991470 -6.083048820 0.000000000 0.000000000 -10.000000000
1776608255.217096090 0.562158883 0.208622247 0.169293165 0.133798331 0.987940848 0.075092271 -0.020786051 0.152941719 3.022619724 -5.962625027 0.000000000 0.000000000 -10.000000000
1776608255.221862555 0.562158883 0.208622247 0.169293165 0.133798331 0.987940848 0.075092271 -0.020786051 0.160556525 2.903614044 -5.844805717 0.000000000 0.000000000 -10.000000000
1776608255.226853848 0.561884820 0.208972767 0.169332832 0.133886635 0.987957001 0.074886866 -0.020180034 0.165895119 2.787251949 -5.729831696 0.000000000 0.000000000 -10.000000000
1776608255.231897116 0.561601281 0.209333390 0.169362903 0.133939832 0.987978637 0.074664213 -0.019584641 0.168873474 2.673785686 -5.617925167 0.000000000 0.000000000 -10.000000000
1776608255.237237215 0.561047733 0.210077956 0.169424385 0.133893579 0.988044977 0.074177071 -0.018367874 0.169431791 2.563441277 -5.509285927 0.000000000 0.000000000 -10.000000000
1776608255.242325544 0.561047733 0.210077956 0.169424385 0.133893579 0.988044977 0.074177071 -0.018367874 0.167532384 2.456421375 -5.404087067 0.000000000 0.000000000 -10.000000000
1776608255.247287035 0.560743570 0.210461646 0.169438899 0.133786619 0.988090575 0.073905855 -0.017777240 0.163158134 2.352904320 -5.302477360 0.000000000 0.000000000 -10.000000000
1776608255.252197504 0.560412645 0.210847586 0.169446170 0.133603856 0.988147497 0.073608607 -0.017215010 0.156311467 2.253043890 -5.204579830 0.000000000 0.000000000 -10.000000000
1776608255.257415533 0.560100377 0.211225778 0.169471830 0.133366898 0.988212824 0.073295966 -0.016625619 0.147012472 2.156968594 -5.110493183 0.000000000 0.000000000 -10.000000000
1776608255.262638569 0.559829891 0.211612016 0.169510305 0.133098617 0.988282204 0.072988518 -0.015992954 0.135296822 2.064783335 -5.020296097 0.000000000 0.000000000 -10.000000000
1776608255.267249584 0.559594393 0.212005734 0.169555396 0.132780850 0.988358378 0.072678879 -0.015320433 0.121215388 1.976571083 -4.934045315 0.000000000 0.000000000 -10.000000000
1776608255.272262573 0.559328318 0.212408707 0.169592112 0.132433414 0.988438249 0.072358564 -0.014679062 0.104835436 1.892392993 -4.851778030 0.000000000 0.000000000 -10.000000000
1776608255.277277470 0.559048772 0.212811619 0.169613123 0.132062703 0.988521636 0.072019830 -0.014054802 0.086242035 1.812291265 -4.773511887 0.000000000 0.000000000 -10.000000000
1776608255.282140017 0.558757603 0.213223010 0.169630915 0.131672725 0.988607287 0.071673714 -0.013444492 0.065538600 1.736291170 -4.699247360 0.000000000 0.000000000 -10.000000000
1776608255.287617207 0.558465898 0.213634133 0.169638187 0.131288454 0.988691866 0.071321063 -0.012845263 0.042846441 1.664402366 -4.628970623 0.000000000 0.000000000 -10.000000000
1776608255.291862488 0.557903707 0.214445427 0.169653684 0.130568236 0.988853693 0.070603147 -0.011638846 0.018303460 1.596621394 -4.562653542 0.000000000 0.000000000 -10.000000000
1776608255.296837330 0.557903707 0.214445427 0.169653684 0.130568236 0.988853693 0.070603147 -0.011638846 -0.007937258 1.532931924 -4.500256538 0.000000000 0.000000000 -10.000000000
1776608255.302300930 0.557621300 0.214859217 0.169679135 0.130231008 0.988930285 0.070248552 -0.011043189 -0.035708942 1.473303318 -4.441726208 0.000000000 0.000000000 -10.000000000
1776608255.307069540 0.557327747 0.215266466 0.169703752 0.129933283 0.989000976 0.069892608 -0.010463706 -0.064832956 1.417690754 -4.386998653 0.000000000 0.000000000 -10.000000000
1776608255.312010050 0.557030380 0.215662956 0.169735909 0.129662961 0.989067912 0.069528252 -0.009899058 -0.095120855 1.366034746 -4.335998535 0.000000000 0.000000000 -10.000000000
1776608255.316895962 0.556761742 0.216062814 0.169772089 0.129428223 0.989128947 0.069177471 -0.009313261 -0.126376241 1.318260908 -4.288641930 0.000000000 0.000000000 -10.000000000
1776608255.321875811 0.556517422 0.216457039 0.169798106 0.129220769 0.989185691 0.068831399 -0.008710960 -0.158396229 1.274279952 -4.244836807 0.000000000 0.000000000 -10.000000000
1776608255.326885223 0.556288838 0.216843814 0.169825315 0.129037648 0.989238739 0.068486504 -0.008097228 -0.190972447 1.233986497 -4.204482555 0.000000000 0.000000000 -10.000000000
1776608255.332079411 0.556073785 0.217248887 0.169860005 0.128881410 0.989286304 0.068164043 -0.007475518 -0.223892197 1.197259665 -4.167475224 0.000000000 0.000000000 -10.000000000
1776608255.336960554 0.555863023 0.217671722 0.169905812 0.128742218 0.989329457 0.067865364 -0.006851462 -0.256939828 1.163960934 -4.133704185 0.000000000 0.000000000 -10.000000000
1776608255.342010498 0.555661559 0.218133271 0.169954866 0.128627464 0.989366055 0.067609459 -0.006226186 -0.289899290 1.133932829 -4.103057384 0.000000000 0.000000000 -10.000000000
1776608255.346840858 0.555478454 0.218622759 0.170016497 0.128531277 0.989397287 0.067391120 -0.005586860 -0.322558194 1.106997967 -4.075417995 0.000000000 0.000000000 -10.000000000
1776608255.351846218 0.555294633 0.219112024 0.170055687 0.128464907 0.989423096 0.067186326 -0.004966713 -0.354712427 1.082959175 -4.050668716 0.000000000 0.000000000 -10.000000000
1776608255.357254267 0.555123329 0.219621211 0.170093149 0.128413498 0.989444315 0.067015246 -0.004342398 -0.386169851 1.061601043 -4.028688908 0.000000000 0.000000000 -10.000000000
1776608255.361871481 0.554771721 0.220744520 0.170168698 0.128287405 0.989480972 0.066782638 -0.003132948 -0.416752160 1.042691350 -4.009357929 0.000000000 0.000000000 -10.000000000
1776608255.367455959 0.554771721 0.220744520 0.170168698 0.128287405 0.989480972 0.066782638 -0.003132948 -0.446296036 1.025980711 -3.992556095 0.000000000 0.000000000 -10.000000000
1776608255.371968508 0.554606438 0.221371830 0.170227736 0.128232405 0.989491940 0.066751145 -0.002533105 -0.474654406 1.011200905 -3.978164673 0.000000000 0.000000000 -10.000000000
1776608255.376816988 0.554394484 0.222026989 0.170287579 0.128190503 0.989498556 0.066751868 -0.001995440 -0.501697481 0.998064399 -3.966067076 0.000000000 0.000000000 -10.000000000
1776608255.381836891 0.554191411 0.222707361 0.170350373 0.128165901 0.989499629 0.066797070 -0.001464715 -0.527313173 0.986266077 -3.956148863 0.000000000 0.000000000 -10.000000000
1776608255.386886597 0.554009855 0.223438010 0.170427948 0.128157109 0.989493906 0.066908576 -0.000922071 -0.551405489 0.975485206 -3.948298216 0.000000000 0.000000000 -10.000000000
1776608255.392335415 0.553879023 0.224262029 0.170522451 0.128162831 0.989478588 0.067128845 -0.000334765 -0.573891521 0.965388417 -3.942405224 0.000000000 0.000000000 -10.000000000
1776608255.397220612 0.553717256 0.225132614 0.170617938 0.128169879 0.989459217 0.067401133 0.000212064 -0.594700098 0.955635190 -3.938363314 0.000000000 0.000000000 -10.000000000
1776608255.402248621 0.553567052 0.226041973 0.170727015 0.128204137 0.989431739 0.067734554 0.000756512 -0.613772571 0.945883870 -3.936067343 0.000000000 0.000000000 -10.000000000
1776608255.406920433 0.553459823 0.226956114 0.170851290 0.128252536 0.989399552 0.068102524 0.001346295 -0.631063640 0.935799301 -3.935415268 0.000000000 0.000000000 -10.000000000
1776608255.412059784 0.553384244 0.227873445 0.170983016 0.128285185 0.989367902 0.068484470 0.001971285 -0.646540403 0.925060093 -3.936306477 0.000000000 0.000000000 -10.000000000
1776608255.416991234 0.553325951 0.228813052 0.171117723 0.128287390 0.989338517 0.068882167 0.002620049 -0.660180330 0.913364887 -3.938643694 0.000000000 0.000000000 -10.000000000
1776608255.422259092 0.553260922 0.229799658 0.171248376 0.128252819 0.989311457 0.069306426 0.003263522 -0.671968579 0.900436819 -3.942332745 0.000000000 0.000000000 -10.000000000
1776608255.427228451 0.553179502 0.230801284 0.171366423 0.128187060 0.989287615 0.069734700 0.003888782 -0.681897819 0.886027932 -3.947285175 0.000000000 0.000000000 -10.000000000
1776608255.432247639 0.553088069 0.231791466 0.171476692 0.128114372 0.989264727 0.070154965 0.004499003 -0.689969599 0.869922936 -3.953418016 0.000000000 0.000000000 -10.000000000
1776608255.437236309 0.553011835 0.232771441 0.171587884 0.128033310 0.989242375 0.070574224 0.005126520 -0.696196377 0.851942420 -3.960654497 0.000000000 0.000000000 -10.000000000
1776608255.442298889 0.552945971 0.233727485 0.171695858 0.127956212 0.989219606 0.070983544 0.005759506 -0.700602233 0.831945598 -3.968925953 0.000000000 0.000000000 -10.000000000
1776608255.447168112 0.552898943 0.234703541 0.171818852 0.127862409 0.989196777 0.071412995 0.006415831 -0.703222036 0.809832454 -3.978171349 0.000000000 0.000000000 -10.000000000
1776608255.451889277 0.552811563 0.236656755 0.172059149 0.127637088 0.989154637 0.072264522 0.007729372 -0.704100847 0.785544455 -3.988339186 0.000000000 0.000000000 -10.000000000
1776608255.457217693 0.552811563 0.236656755 0.172059149 0.127637088 0.989154637 0.072264522 0.007729372 -0.703293443 0.759064078 -3.999385595 0.000000000 0.000000000 -10.000000000
1776608255.462169647 0.552756786 0.237598747 0.172160447 0.127512425 0.989136755 0.072656550 0.008371295 -0.700867057 0.730412662 -4.011275768 0.000000000 0.000000000 -10.000000000
1776608255.467320442 0.552696645 0.238539025 0.172251552 0.127419740 0.989113927 0.073054440 0.008993350 -0.696903825 0.699648023 -4.023985386 0.000000000 0.000000000 -10.000000000
1776608255.471838713 0.552434683 0.240371838 0.172408670 0.127226382 0.989075601 0.073770121 0.010046208 -0.691504002 0.666861951 -4.037500381 0.000000000 0.000000000 -10.000000000
1776608255.476860762 0.552434683 0.240371838 0.172408670 0.127226382 0.989075601 0.073770121 0.010046208 -0.684787452 0.632178664 -4.051820755 0.000000000 0.000000000 -10.000000000
1776608255.481886625 0.552265882 0.241301000 0.172505260 0.127116531 0.989058733 0.074118629 0.010517869 -0.676894426 0.595753431 -4.066961765 0.000000000 0.000000000 -10.000000000
1776608255.486865759 0.552065551 0.242235690 0.172622442 0.126990482 0.989044666 0.074459165 0.010949851 -0.667987525 0.557770729 -4.082954407 0.000000000 0.000000000 -10.000000000
1776608255.492182732 0.551764071 0.243157551 0.172707349 0.126857743 0.989035904 0.074755475 0.011257878 -0.658254981 0.518441796 -4.099847317 0.000000000 0.000000000 -10.000000000
1776608255.496961594 0.551366329 0.244035721 0.172767878 0.126727074 0.989032805 0.074990459 0.011437180 -0.647915244 0.478002399 -4.117703438 0.000000000 0.000000000 -10.000000000
1776608255.502184868 0.550931871 0.244878769 0.172828466 0.126597166 0.989033282 0.075186066 0.011550800 -0.637221634 0.436711460 -4.136602402 0.000000000 0.000000000 -10.000000000
1776608255.506927729 0.550469637 0.245719329 0.172882169 0.126453996 0.989037216 0.075364195 0.011618792 -0.626461744 0.394847840 -4.156639099 0.000000000 0.000000000 -10.000000000
1776608255.512035608 0.549938202 0.246545970 0.172930658 0.126303688 0.989045858 0.075506903 0.011592117 -0.615952611 0.352706105 -4.177923679 0.000000000 0.000000000 -10.000000000
1776608255.516888142 0.549325526 0.247364521 0.172980309 0.126135290 0.989060879 0.075610511 0.011468833 -0.606035829 0.310591787 -4.200577736 0.000000000 0.000000000 -10.000000000
1776608255.522229910 0.548652112 0.248155877 0.173015565 0.125972256 0.989079058 0.075675569 0.011260218 -0.597072601 0.268816620 -4.224735260 0.000000000 0.000000000 -10.000000000
1776608255.527199507 0.547921598 0.248931423 0.173035443 0.125802070 0.989101589 0.075707033 0.010971148 -0.589438736 0.227693662 -4.250540733 0.000000000 0.000000000 -10.000000000
1776608255.532715559 0.547155976 0.249707595 0.173048615 0.125629783 0.989126146 0.075720735 0.010628833 -0.583519638 0.187532485 -4.278149128 0.000000000 0.000000000 -10.000000000
1776608255.537015915 0.545457363 0.251234680 0.173060000 0.125281557 0.989183426 0.075673521 0.009706073 -0.579706669 0.148634300 -4.307723045 0.000000000 0.000000000 -10.000000000
1776608255.542125463 0.545457363 0.251234680 0.173060000 0.125281557 0.989183426 0.075673521 0.009706073 -0.578393877 0.111287341 -4.339434147 0.000000000 0.000000000 -10.000000000
1776608255.547271729 0.544550955 0.251963645 0.173062861 0.125126407 0.989213586 0.075604856 0.009151491 -0.579972744 0.075763308 -4.373458862 0.000000000 0.000000000 -10.000000000
1776608255.552356720 0.542702973 0.253412932 0.173121721 0.124839611 0.989271402 0.075458527 0.007945073 -0.584824622 0.042314477 -4.409977913 0.000000000 0.000000000 -10.000000000
1776608255.557255983 0.542702973 0.253412932 0.173121721 0.124839611 0.989271402 0.075458527 0.007945073 -0.593311071 0.011169787 -4.449174404 0.000000000 0.000000000 -10.000000000
1776608255.562076330 0.541749716 0.254143625 0.173162103 0.124718837 0.989297032 0.075390123 0.007276085 -0.605763376 -0.017470026 -4.491229057 0.000000000 0.000000000 -10.000000000
1776608255.567156076 0.540776253 0.254876435 0.173189133 0.124609388 0.989320993 0.075322211 0.006563514 -0.622473657 -0.043437216 -4.536321640 0.000000000 0.000000000 -10.000000000
1776608255.571850777 0.539822638 0.255618244 0.173214883 0.124510631 0.989342213 0.075264782 0.005856808 -0.643687904 -0.066601314 -4.584624767 0.000000000 0.000000000 -10.000000000
1776608255.577167034 0.538894534 0.256387621 0.173261166 0.124410868 0.989361048 0.075233102 0.005164436 -0.669600785 -0.086873055 -4.636304855 0.000000000 0.000000000 -10.000000000
1776608255.582370996 0.537969649 0.257189453 0.173319787 0.124299325 0.989378750 0.075228848 0.004465906 -0.700350761 -0.104207776 -4.691515446 0.000000000 0.000000000 -10.000000000
1776608255.589287996 0.536188126 0.258866966 0.173443943 0.124051057 0.989410460 0.075290762 0.003104127 -0.736015081 -0.118607976 -4.750395298 0.000000000 0.000000000 -10.000000000
1776608255.592000723 0.536188126 0.258866966 0.173443943 0.124051057 0.989410460 0.075290762 0.003104127 -0.776604831 -0.130124822 -4.813068867 0.000000000 0.000000000 -10.000000000
1776608255.596817970 0.535340250 0.259719789 0.173516989 0.123924278 0.989423633 0.075350769 0.002442553 -0.822061241 -0.138858318 -4.879644394 0.000000000 0.000000000 -10.000000000
1776608255.601863146 0.534549654 0.260592550 0.173596531 0.123802200 0.989432991 0.075445421 0.001830375 -0.872255147 -0.144955799 -4.950212479 0.000000000 0.000000000 -10.000000000
1776608255.606824636 0.533785105 0.261461765 0.173680753 0.123685628 0.989440441 0.075551406 0.001227054 -0.926990211 -0.148608357 -5.024847031 0.000000000 0.000000000 -10.000000000
1776608255.611833096 0.533041358 0.262338430 0.173766494 0.123565868 0.989446998 0.075668558 0.000635797 -0.986009479 -0.150045812 -5.103601456 0.000000000 0.000000000 -10.000000000
1776608255.616854429 0.532339096 0.263219476 0.173849463 0.123430081 0.989454091 0.075799592 0.000083856 -1.049001455 -0.149531096 -5.186510086 0.000000000 0.000000000 -10.000000000
1776608255.622114182 0.531677783 0.264114410 0.173942387 0.123289965 0.989459991 0.075949483 -0.000433114 -1.115605354 -0.147354513 -5.273587704 0.000000000 0.000000000 -10.000000000
1776608255.626820803 0.531045020 0.265024871 0.174043238 0.123134218 0.989466488 0.076112553 -0.000927722 -1.185417056 -0.143827230 -5.364830494 0.000000000 0.000000000 -10.000000000
1776608255.631897688 0.530422211 0.265945047 0.174144626 0.122969262 0.989473641 0.076279029 -0.001417508 -1.257996082 -0.139274687 -5.460213184 0.000000000 0.000000000 -10.000000000
1776608255.636831284 0.529831827 0.266860098 0.174259394 0.122793689 0.989481211 0.076453619 -0.001878192 -1.332872868 -0.134031370 -5.559692860 0.000000000 0.000000000 -10.000000000
1776608255.641836882 0.529269457 0.267768055 0.174389094 0.122632176 0.989486575 0.076631121 -0.002318672 -1.409556866 -0.128436953 -5.663202286 0.000000000 0.000000000 -10.000000000
1776608255.646827698 0.528729975 0.268664032 0.174521387 0.122475304 0.989491343 0.076806121 -0.002741880 -1.487542033 -0.122832268 -5.770651817 0.000000000 0.000000000 -10.000000000
1776608255.652146101 0.528223693 0.269558370 0.174665511 0.122331120 0.989493549 0.076992288 -0.003138121 -1.566312432 -0.117554650 -5.881925583 0.000000000 0.000000000 -10.000000000
1776608255.656937838 0.527733684 0.270430863 0.174808860 0.122196399 0.989494801 0.077172473 -0.003529082 -1.645347238 -0.112932965 -5.996878624 0.000000000 0.000000000 -10.000000000
1776608255.661850214 0.527242720 0.271273375 0.174918890 0.122090057 0.989494026 0.077330612 -0.003942237 -1.724125266 -0.109282404 -6.115339756 0.000000000 0.000000000 -10.000000000
1776608255.666914701 0.526775658 0.272115380 0.175023615 0.121992633 0.989491582 0.077494167 -0.004349513 -1.802129269 -0.106899962 -6.237112999 0.000000000 0.000000000 -10.000000000
1776608255.671849728 0.526337445 0.272968233 0.175139457 0.121888749 0.989488959 0.077667765 -0.004740888 -1.878850698 -0.106060855 -6.361976624 0.000000000 0.000000000 -10.000000000
1776608255.676881313 0.525937796 0.273821294 0.175264686 0.121787898 0.989484906 0.077853568 -0.005109304 -1.953792930 -0.107016355 -6.489686012 0.000000000 0.000000000 -10.000000000
1776608255.681829929 0.525568902 0.274676412 0.175394505 0.121683791 0.989480495 0.078048311 -0.005463073 -2.026474953 -0.109992735 -6.619974136 0.000000000 0.000000000 -10.000000000
1776608255.687262535 0.525209248 0.275507003 0.175513595 0.121584460 0.989476323 0.078229651 -0.005825857 -2.096434593 -0.115190327 -6.752555847 0.000000000 0.000000000 -10.000000000
1776608255.692177296 0.524873555 0.276327968 0.175622016 0.121476024 0.989473522 0.078405567 -0.006183681 -2.163231134 -0.122782111 -6.887129307 0.000000000 0.000000000 -10.000000000
1776608255.696829081 0.524559975 0.277142555 0.175722092 0.121359348 0.989471734 0.078579463 -0.006544747 -2.226450205 -0.132912070 -7.023381233 0.000000000 0.000000000 -10.000000000
1776608255.702193975 0.524261236 0.277916729 0.175805420 0.121268511 0.989467978 0.078734942 -0.006917068 -2.285705566 -0.145695001 -7.160988331 0.000000000 0.000000000 -10.000000000
1776608255.706899405 0.523977220 0.278681159 0.175889909 0.121149413 0.989468515 0.078878641 -0.007280373 -2.340641260 -0.161218688 -7.299625874 0.000000000 0.000000000 -10.000000000
1776608255.712133408 0.523703396 0.279412031 0.175971121 0.121049538 0.989468217 0.079000667 -0.007651938 -2.390930176 -0.179546610 -7.438974857 0.000000000 0.000000000 -10.000000000
1776608255.717208624 0.523484886 0.280103773 0.176065981 0.120958537 0.989467919 0.079110354 -0.007991174 -2.436273575 -0.200720012 -7.578726768 0.000000000 0.000000000 -10.000000000
1776608255.722315550 0.523299396 0.280788600 0.176175237 0.120847896 0.989469886 0.079221204 -0.008313816 -2.476400614 -0.224759847 -7.718585968 0.000000000 0.000000000 -10.000000000
1776608255.727131367 0.523111343 0.281457812 0.176277786 0.120755166 0.989470065 0.079322822 -0.008662478 -2.511066675 -0.251668751 -7.858271122 0.000000000 0.000000000 -10.000000000
1776608255.732145309 0.522945166 0.282120317 0.176378429 0.120661356 0.989470363 0.079423212 -0.009009297 -2.540053606 -0.281432867 -7.997519493 0.000000000 0.000000000 -10.000000000
1776608255.736799479 0.522758186 0.283369660 0.176599860 0.120517217 0.989466190 0.079618953 -0.009649609 -2.563170433 -0.314023942 -8.136086464 0.000000000 0.000000000 -10.000000000
1776608255.741843224 0.522751808 0.283973783 0.176728398 0.120482691 0.989458501 0.079732947 -0.009921034 -2.580253601 -0.349401265 -8.273752213 0.000000000 0.000000000 -10.000000000
1776608255.747125864 0.522751808 0.283973783 0.176728398 0.120482691 0.989458501 0.079732947 -0.009921034 -2.591165781 -0.387513578 -8.410316467 0.000000000 0.000000000 -10.000000000
1776608255.752202749 0.522773802 0.284562975 0.176860213 0.120433621 0.989452243 0.079851024 -0.010188987 -2.595794201 -0.428300887 -8.545607567 0.000000000 0.000000000 -10.000000000
1776608255.757158279 0.522821486 0.285114855 0.176994830 0.120396778 0.989445329 0.079956777 -0.010463892 -2.594049931 -0.471696407 -8.679475784 0.000000000 0.000000000 -10.000000000
1776608255.762192011 0.522883534 0.285647333 0.177110314 0.120362580 0.989438832 0.080051467 -0.010741051 -2.585865498 -0.517629147 -8.811800003 0.000000000 0.000000000 -10.000000000
1776608255.767109394 0.522983849 0.286178380 0.177235276 0.120316394 0.989432931 0.080158681 -0.011002971 -2.571196079 -0.566027284 -8.942479134 0.000000000 0.000000000 -10.000000000
1776608255.772147179 0.523133934 0.286696672 0.177370667 0.120266929 0.989426017 0.080285273 -0.011236629 -2.550019026 -0.616822243 -9.071432114 0.000000000 0.000000000 -10.000000000
1776608255.777163982 0.523281991 0.287194490 0.177478045 0.120193057 0.989422441 0.080403849 -0.011492725 -2.522331953 -0.669950724 -9.198593140 0.000000000 0.000000000 -10.000000000
1776608255.782038450 0.523439288 0.287697464 0.177597791 0.120096378 0.989419878 0.080542348 -0.011751627 -2.488151550 -0.725355446 -9.323910713 0.000000000 0.000000000 -10.000000000
1776608255.787123680 0.523620903 0.288202852 0.177721173 0.119997315 0.989415944 0.080700308 -0.012007845 -2.447511911 -0.782984674 -9.447342873 0.000000000 0.000000000 -10.000000000
1776608255.791846275 0.523836613 0.288703948 0.177864403 0.119894132 0.989411116 0.080877490 -0.012240068 -2.400463581 -0.842790961 -9.568857193 0.000000000 0.000000000 -10.000000000
1776608255.797192574 0.524331450 0.289679050 0.178156585 0.119739383 0.989392698 0.081258737 -0.012712916 -2.347073793 -0.904729307 -9.688432693 0.000000000 0.000000000 -10.000000000
1776608255.801833153 0.524331450 0.289679050 0.178156585 0.119739383 0.989392698 0.081258737 -0.012712916 -2.287427902 -0.968754470 -9.806050301 0.000000000 0.000000000 -10.000000000
1776608255.807111263 0.524651289 0.290174216 0.178322524 0.119695887 0.989376247 0.081491873 -0.012905871 -2.221631050 -1.034819126 -9.921698570 0.000000000 0.000000000 -10.000000000
1776608255.811953545 0.524998784 0.290673107 0.178501070 0.119677097 0.989354730 0.081752025 -0.013083565 -2.149805784 -1.102872252 -10.035363197 0.000000000 0.000000000 -10.000000000
1776608255.816905499 0.525361478 0.291164756 0.178666055 0.119680546 0.989329696 0.082021408 -0.013261195 -2.072089195 -1.172858596 -10.147027016 0.000000000 0.000000000 -10.000000000
1776608255.821812630 0.525792897 0.291647375 0.178841889 0.119705036 0.989300907 0.082313836 -0.013375173 -1.988626480 -1.244717717 -10.256669044 0.000000000 0.000000000 -10.000000000
1776608255.826856136 0.526299059 0.292117089 0.179010928 0.119740874 0.989270627 0.082618803 -0.013413886 -1.899566650 -1.318382263 -10.364255905 0.000000000 0.000000000 -10.000000000
1776608255.831886292 0.527357996 0.293012738 0.179259181 0.119845748 0.989207208 0.083214119 -0.013471276 -1.805060506 -1.393775582 -10.469746590 0.000000000 0.000000000 -10.000000000
1776608255.836825848 0.527357996 0.293012738 0.179259181 0.119845748 0.989207208 0.083214119 -0.013471276 -1.705258608 -1.470808983 -10.573089600 0.000000000 0.000000000 -10.000000000
1776608255.842407227 0.528010488 0.293466091 0.179396898 0.119922340 0.989170134 0.083558850 -0.013379013 -1.600309730 -1.549379349 -10.674219131 0.000000000 0.000000000 -10.000000000
1776608255.847041130 0.528744519 0.293918163 0.179562032 0.119995743 0.989133000 0.083921947 -0.013190102 -1.490356684 -1.629366994 -10.773064613 0.000000000 0.000000000 -10.000000000
1776608255.851953983 0.529592097 0.294378906 0.179770559 0.120060273 0.989096045 0.084315203 -0.012865600 -1.375533700 -1.710635185 -10.869544983 0.000000000 0.000000000 -10.000000000
1776608255.856817007 0.530532479 0.294846177 0.179999381 0.120117903 0.989058912 0.084733479 -0.012424685 -1.255963922 -1.793029547 -10.963572502 0.000000000 0.000000000 -10.000000000
1776608255.862427711 0.531484008 0.295288563 0.180196047 0.120163761 0.989025593 0.085123695 -0.011958529 -1.131760597 -1.876376748 -11.055048943 0.000000000 0.000000000 -10.000000000
1776608255.866817474 0.532409966 0.295697749 0.180342078 0.120197736 0.988997221 0.085465364 -0.011517800 -1.003030896 -1.960482478 -11.143871307 0.000000000 0.000000000 -10.000000000
1776608255.871951342 0.533385515 0.296090662 0.180489272 0.120224223 0.988970995 0.085797325 -0.011016317 -0.869880736 -2.045128822 -11.229931831 0.000000000 0.000000000 -10.000000000
1776608255.876909494 0.534457564 0.296489179 0.180648714 0.120246835 0.988944113 0.086151563 -0.010402084 -0.732419968 -2.130075932 -11.313124657 0.000000000 0.000000000 -10.000000000
1776608255.881824017 0.536646843 0.297260940 0.180981278 0.120290734 0.988889992 0.086856432 -0.009092423 -0.590766132 -2.215064049 -11.393342972 0.000000000 0.000000000 -10.000000000
1776608255.887180805 0.536646843 0.297260940 0.180981278 0.120290734 0.988889992 0.086856432 -0.009092423 -0.445051312 -2.299813747 -11.470481873 0.000000000 0.000000000 -10.000000000
1776608255.891852617 0.537747264 0.297622204 0.181139410 0.120334625 0.988860250 0.087199867 -0.008436450 -0.295431226 -2.384024620 -11.544442177 0.000000000 0.000000000 -10.000000000
1776608255.897223711 0.540137470 0.298365623 0.181519002 0.120459057 0.988789499 0.087958723 -0.006943681 -0.142092004 -2.467371941 -11.615132332 0.000000000 0.000000000 -10.000000000
1776608255.901849747 0.541301727 0.298689872 0.181686789 0.120536707 0.988755286 0.088289201 -0.006240996 0.014745298 -2.549505234 -11.682466507 0.000000000 0.000000000 -10.000000000
1776608255.906872034 0.541301727 0.298689872 0.181686789 0.120536707 0.988755286 0.088289201 -0.006240996 0.174822167 -2.630050182 -11.746367455 0.000000000 0.000000000 -10.000000000
1776608255.912234068 0.542407215 0.298968941 0.181821048 0.120611757 0.988725126 0.088566132 -0.005607467 0.337841243 -2.708610296 -11.806766510 0.000000000 0.000000000 -10.000000000
1776608255.917157173 0.543480873 0.299220145 0.181938052 0.120692015 0.988696575 0.088811055 -0.005011038 0.503466904 -2.784770489 -11.863604546 0.000000000 0.000000000 -10.000000000
1776608255.921854258 0.544563949 0.299437165 0.182049990 0.120781250 0.988668799 0.089030378 -0.004412434 0.671327055 -2.858102322 -11.916831017 0.000000000 0.000000000 -10.000000000
1776608255.926840067 0.545656860 0.299628675 0.182162374 0.120872870 0.988642216 0.089229420 -0.003803067 0.841016233 -2.928169489 -11.966407776 0.000000000 0.000000000 -10.000000000
1776608255.931836605 0.546708703 0.299805522 0.182275742 0.120957457 0.988618016 0.089404672 -0.003235690 1.012098312 -2.994534254 -12.012308121 0.000000000 0.000000000 -10.000000000
1776608255.936973333 0.547758937 0.299963236 0.182394415 0.121045664 0.988594353 0.089565784 -0.002671125 1.184110284 -3.056762218 -12.054522514 0.000000000 0.000000000 -10.000000000
1776608255.941902161 0.549933255 0.300230116 0.182671100 0.121241026 0.988545358 0.089869328 -0.001472218 1.356566429 -3.114429474 -12.093052864 0.000000000 0.000000000 -10.000000000
1776608255.946880102 0.549933255 0.300230116 0.182671100 0.121241026 0.988545358 0.089869328 -0.001472218 1.528964996 -3.167131424 -12.127919197 0.000000000 0.000000000 -10.000000000
1776608255.951879025 0.550975144 0.300323904 0.182777435 0.121343069 0.988523841 0.089975841 -0.000924026 1.700795889 -3.214489460 -12.159152985 0.000000000 0.000000000 -10.000000000
1776608255.956824064 0.552974224 0.300459146 0.182938099 0.121544622 0.988485992 0.090124063 0.000091002 1.871548891 -3.256158352 -12.186802864 0.000000000 0.000000000 -10.000000000
1776608255.961824894 0.552974224 0.300459146 0.182938099 0.121544622 0.988485992 0.090124063 0.000091002 2.040720224 -3.291829824 -12.210930824 0.000000000 0.000000000 -10.000000000
1776608255.966882467 0.553936660 0.300518692 0.182993323 0.121645980 0.988468051 0.090182222 0.000556899 2.207817316 -3.321238279 -12.231616974 0.000000000 0.000000000 -10.000000000
1776608255.972193956 0.554920018 0.300569028 0.183062732 0.121751942 0.988449275 0.090240918 0.001046731 2.372363329 -3.344162226 -12.248955727 0.000000000 0.000000000 -10.000000000
1776608255.976830721 0.555928886 0.300620645 0.183143854 0.121867441 0.988427997 0.090310596 0.001558034 2.533901691 -3.360429525 -12.263059616 0.000000000 0.000000000 -10.000000000
1776608255.981865883 0.556941211 0.300671309 0.183230400 0.122001074 0.988403440 0.090388507 0.002066148 2.691999674 -3.369918585 -12.274059296 0.000000000 0.000000000 -10.000000000
1776608255.986820459 0.557961166 0.300740808 0.183334857 0.122142076 0.988375306 0.090492815 0.002576072 2.846251965 -3.372561932 -12.282100677 0.000000000 0.000000000 -10.000000000
1776608255.991846561 0.558987796 0.300821871 0.183446020 0.122292772 0.988344014 0.090615228 0.003085662 2.996283531 -3.368344545 -12.287341118 0.000000000 0.000000000 -10.000000000
1776608255.996855259 0.560006797 0.300885201 0.183540195 0.122465678 0.988310218 0.090732150 0.003576948 3.141752243 -3.357306004 -12.289951324 0.000000000 0.000000000 -10.000000000
1776608256.002341032 0.561006725 0.300935179 0.183603853 0.122652598 0.988275468 0.090838507 0.004042301 3.282351971 -3.339537621 -12.290109634 0.000000000 0.000000000 -10.000000000
1776608256.007316113 0.562004328 0.300982118 0.183667749 0.122852854 0.988238275 0.090950444 0.004500319 3.417813778 -3.315181732 -12.288000107 0.000000000 0.000000000 -10.000000000
1776608256.012176275 0.563001156 0.301030904 0.183743834 0.123059943 0.988198996 0.091073312 0.004963004 3.547907829 -3.284426451 -12.283808708 0.000000000 0.000000000 -10.000000000
1776608256.016944885 0.565023720 0.301101685 0.183932871 0.123489805 0.988117397 0.091318987 0.005927953 3.672441006 -3.247503042 -12.277726173 0.000000000 0.000000000 -10.000000000
1776608256.022246361 0.565023720 0.301101685 0.183932871 0.123489805 0.988117397 0.091318987 0.005927953 3.791256905 -3.204679966 -12.269942284 0.000000000 0.000000000 -10.000000000
1776608256.027128935 0.567077398 0.301159918 0.184139699 0.123930536 0.988032520 0.091569372 0.006928422 3.904233694 -3.156259060 -12.260644913 0.000000000 0.000000000 -10.000000000
1776608256.032151699 0.567077398 0.301159918 0.184139699 0.123930536 0.988032520 0.091569372 0.006928422 4.011284828 -3.102569103 -12.250020027 0.000000000 0.000000000 -10.000000000
1776608256.037187099 0.568108976 0.301184595 0.184248239 0.124153741 0.987989247 0.091694266 0.007432709 4.112360001 -3.043963194 -12.238250732 0.000000000 0.000000000 -10.000000000
1776608256.042209864 0.569166720 0.301204264 0.184366107 0.124388218 0.987942994 0.091829926 0.007967102 4.207444668 -2.980816126 -12.225510597 0.000000000 0.000000000 -10.000000000
1776608256.050149441 0.570227802 0.301205784 0.184476793 0.124631137 0.987895727 0.091959983 0.008512892 4.296564579 -2.913523674 -12.211970329 0.000000000 0.000000000 -10.000000000
1776608256.052248716 0.571256995 0.301191598 0.184560210 0.124880657 0.987849116 0.092073105 0.009028416 4.379785538 -2.842498541 -12.197790146 0.000000000 0.000000000 -10.000000000
1776608256.056967497 0.573404253 0.301164031 0.184715897 0.125399455 0.987748146 0.092332661 0.010160352 4.457211018 -2.768166065 -12.183122635 0.000000000 0.000000000 -10.000000000
1776608256.061909676 0.573404253 0.301164031 0.184715897 0.125399455 0.987748146 0.092332661 0.010160352 4.528978348 -2.690961599 -12.168108940 0.000000000 0.000000000 -10.000000000
1776608256.066890001 0.574519873 0.301160216 0.184786499 0.125669077 0.987693012 0.092486702 0.010772920 4.595252514 -2.611323595 -12.152881622 0.000000000 0.000000000 -10.000000000
1776608256.071987629 0.575627446 0.301123559 0.184845150 0.125956669 0.987636507 0.092626639 0.011370820 4.656217575 -2.529686689 -12.137562752 0.000000000 0.000000000 -10.000000000
1776608256.076915741 0.576731145 0.301067829 0.184903383 0.126261488 0.987577677 0.092766300 0.011950091 4.712062836 -2.446472645 -12.122268677 0.000000000 0.000000000 -10.000000000
1776608256.081848145 0.577712238 0.300989449 0.184925228 0.126561359 0.987525463 0.092857018 0.012381913 4.762967110 -2.362077951 -12.107102394 0.000000000 0.000000000 -10.000000000
1776608256.086944580 0.578631938 0.300906807 0.184943527 0.126844510 0.987478733 0.092919916 0.012732744 4.809083462 -2.276864290 -12.092164040 0.000000000 0.000000000 -10.000000000
1776608256.091925383 0.579511940 0.300825059 0.184987783 0.127142385 0.987429559 0.092994899 0.013025746 4.850529671 -2.191154957 -12.077542305 0.000000000 0.000000000 -10.000000000
1776608256.096822500 0.580208838 0.300698221 0.184987485 0.127459764 0.987386763 0.093005374 0.013093201 4.887383461 -2.105228424 -12.063321114 0.000000000 0.000000000 -10.000000000
1776608256.102038860 0.580770552 0.300530523 0.184990257 0.127794683 0.987348139 0.092969455 0.012992069 4.919680119 -2.019315958 -12.049577713 0.000000000 0.000000000 -10.000000000
1776608256.106897354 0.581205726 0.300348729 0.184971958 0.128147081 0.987311840 0.092907451 0.012723480 4.947413921 -1.933596611 -12.036384583 0.000000000 0.000000000 -10.000000000
1776608256.111840725 0.581519186 0.300167561 0.184932798 0.128522083 0.987275302 0.092835777 0.012290178 4.970542908 -1.848199010 -12.023800850 0.000000000 0.000000000 -10.000000000
1776608256.116978884 0.581734538 0.299977332 0.184870839 0.128931031 0.987236142 0.092759483 0.011715341 4.988991261 -1.763201356 -12.011876106 0.000000000 0.000000000 -10.000000000
1776608256.121867895 0.581878483 0.299777657 0.184789449 0.129367858 0.987194300 0.092679821 0.011035026 5.002660751 -1.678635597 -12.000648499 0.000000000 0.000000000 -10.000000000
1776608256.126944304 0.582010984 0.299594849 0.184736729 0.129831612 0.987144947 0.092639275 0.010324762 5.011440754 -1.594490886 -11.990142822 0.000000000 0.000000000 -10.000000000
1776608256.131968975 0.582126677 0.299452931 0.184700489 0.130312830 0.987088084 0.092649929 0.009576537 5.015220165 -1.510719419 -11.980371475 0.000000000 0.000000000 -10.000000000
1776608256.137213230 0.582229376 0.299331605 0.184678763 0.130814567 0.987024307 0.092699349 0.008800481 5.013900280 -1.427240968 -11.971340179 0.000000000 0.000000000 -10.000000000
1776608256.142177343 0.582413614 0.299110144 0.184602886 0.131895795 0.986875772 0.092888132 0.007178401 5.007402897 -1.343948960 -11.963043213 0.000000000 0.000000000 -10.000000000
1776608256.147179365 0.582518160 0.299020469 0.184561998 0.132462069 0.986792147 0.093029745 0.006362367 4.995678902 -1.260715723 -11.955464363 0.000000000 0.000000000 -10.000000000
1776608256.151878834 0.582518160 0.299020469 0.184561998 0.132462069 0.986792147 0.093029745 0.006362367 4.978719711 -1.177399755 -11.948583603 0.000000000 0.000000000 -10.000000000
1776608256.157155275 0.582652509 0.298931599 0.184531093 0.133047476 0.986702025 0.093201414 0.005568976 4.956562996 -1.093851209 -11.942376137 0.000000000 0.000000000 -10.000000000
1776608256.162215471 0.582799494 0.298847914 0.184490651 0.133636266 0.986608386 0.093393445 0.004784721 4.929302216 -1.009918094 -11.936819077 0.000000000 0.000000000 -10.000000000
1776608256.166983604 0.582948804 0.298758268 0.184465379 0.134217769 0.986513555 0.093598314 0.004001184 4.897084713 -0.925451040 -11.931887627 0.000000000 0.000000000 -10.000000000
1776608256.171844006 0.583341599 0.298514783 0.184473485 0.135298252 0.986327350 0.094054878 0.002525599 4.860113621 -0.840307891 -11.927556038 0.000000000 0.000000000 -10.000000000
1776608256.176835775 0.583593667 0.298400909 0.184529424 0.135770127 0.986239016 0.094316468 0.001862461 4.818644524 -0.754357398 -11.923800468 0.000000000 0.000000000 -10.000000000
1776608256.181850195 0.583862722 0.298270851 0.184583664 0.136189565 0.986156344 0.094586261 0.001215119 4.772985935 -0.667481661 -11.920595169 0.000000000 0.000000000 -10.000000000
1776608256.186830997 0.583862722 0.298270851 0.184583664 0.136189565 0.986156344 0.094586261 0.001215119 4.723494530 -0.579578400 -11.917909622 0.000000000 0.000000000 -10.000000000
1776608256.192193985 0.584106326 0.298130393 0.184619218 0.136501044 0.986089647 0.094838575 0.000557128 4.670571327 -0.490562677 -11.915703773 0.000000000 0.000000000 -10.000000000
1776608256.196841955 0.584308922 0.297966272 0.184607357 0.136733502 0.986035407 0.095069259 -0.000137762 4.614650726 -0.400367945 -11.913928032 0.000000000 0.000000000 -10.000000000
1776608256.202156305 0.584495664 0.297752470 0.184576690 0.136952490 0.985984921 0.095273599 -0.000857878 4.556193829 -0.308947265 -11.912519455 0.000000000 0.000000000 -10.000000000
1776608256.206825495 0.584924161 0.297263145 0.184533030 0.137299776 0.985894859 0.095682733 -0.002225043 4.495679379 -0.216273740 -11.911402702 0.000000000 0.000000000 -10.000000000
1776608256.211870909 0.584924161 0.297263145 0.184533030 0.137299776 0.985894859 0.095682733 -0.002225043 4.433598042 -0.122340605 -11.910490036 0.000000000 0.000000000 -10.000000000
1776608256.216876507 0.585128009 0.296999007 0.184499860 0.137441933 0.985853374 0.095886923 -0.002913952 4.370447636 -0.027160319 -11.909684181 0.000000000 0.000000000 -10.000000000
1776608256.221822977 0.585333109 0.296721876 0.184456825 0.137609601 0.985807359 0.096095815 -0.003611189 4.306722164 0.069236942 -11.908876419 0.000000000 0.000000000 -10.000000000
1776608256.226886272 0.585544646 0.296450496 0.184405595 0.137786880 0.985757828 0.096321024 -0.004299603 4.242906570 0.166804865 -11.907950401 0.000000000 0.000000000 -10.000000000
1776608256.231929064 0.585780680 0.296160668 0.184354275 0.137979835 0.985706031 0.096543305 -0.004962640 4.179470062 0.265482187 -11.906780243 0.000000000 0.000000000 -10.000000000
1776608256.236840963 0.586033285 0.295878410 0.184312373 0.138203934 0.985647082 0.096788190 -0.005611742 4.116857529 0.365193695 -11.905237198 0.000000000 0.000000000 -10.000000000
1776608256.241829157 0.586273253 0.295609474 0.184262037 0.138444647 0.985583425 0.097051911 -0.006273035 4.055490017 0.465851218 -11.903185844 0.000000000 0.000000000 -10.000000000
1776608256.246898651 0.586486578 0.295340687 0.184207857 0.138704017 0.985516071 0.097317874 -0.006963802 3.995760441 0.567354321 -11.900493622 0.000000000 0.000000000 -10.000000000
1776608256.252105713 0.586684346 0.295064539 0.184139520 0.138994470 0.985443115 0.097588837 -0.007670530 3.938031673 0.669591665 -11.897027016 0.000000000 0.000000000 -10.000000000
1776608256.256912470 0.587062716 0.294455916 0.184022635 0.139674380 0.985280752 0.098131567 -0.009113205 3.882634401 0.772442460 -11.892660141 0.000000000 0.000000000 -10.000000000
1776608256.262292862 0.587062716 0.294455916 0.184022635 0.139674380 0.985280752 0.098131567 -0.009113205 3.829867363 0.875778556 -11.887273788 0.000000000 0.000000000 -10.000000000
1776608256.267118216 0.587396502 0.293842554 0.183905572 0.140407920 0.985104144 0.098706856 -0.010600655 3.779995203 0.979465783 -11.880759239 0.000000000 0.000000000 -10.000000000
1776608256.271849871 0.587534845 0.293548793 0.183842152 0.140768200 0.985013962 0.099007614 -0.011369551 3.733249187 1.083364725 -11.873018265 0.000000000 0.000000000 -10.000000000
1776608256.276886702 0.587534845 0.293548793 0.183842152 0.140768200 0.985013962 0.099007614 -0.011369551 3.689824104 1.187331557 -11.863963127 0.000000000 0.000000000 -10.000000000
1776608256.281882048 0.587671280 0.293248653 0.183770716 0.141128376 0.984922469 0.099313095 -0.012142851 3.649877310 1.291219354 -11.853518486 0.000000000 0.000000000 -10.000000000
1776608256.286882639 0.587814093 0.292947173 0.183700532 0.141485393 0.984829485 0.099630848 -0.012902981 3.613524914 1.394880652 -11.841614723 0.000000000 0.000000000 -10.000000000
1776608256.291899204 0.587959826 0.292641163 0.183641225 0.141830608 0.984737039 0.099952914 -0.013654922 3.580842257 1.498169541 -11.828196526 0.000000000 0.000000000 -10.000000000
1776608256.296861410 0.588098228 0.292331040 0.183593959 0.142158762 0.984645128 0.100284807 -0.014417061 3.551863194 1.600945115 -11.813218117 0.000000000 0.000000000 -10.000000000
1776608256.301950216 0.588251293 0.292021424 0.183551222 0.142494440 0.984550416 0.100627862 -0.015161335 3.526581526 1.703072786 -11.796645164 0.000000000 0.000000000 -10.000000000
1776608256.306935549 0.588403344 0.291701734 0.183511496 0.142798021 0.984459877 0.100968637 -0.015900517 3.504953623 1.804424763 -11.778453827 0.000000000 0.000000000 -10.000000000
1776608256.311921358 0.588558733 0.291375875 0.183468133 0.143104911 0.984367669 0.101314113 -0.016633889 3.486902475 1.904880762 -11.758632660 0.000000000 0.000000000 -10.000000000
1776608256.316986799 0.588680565 0.291023761 0.183409333 0.143389910 0.984279633 0.101637773 -0.017399883 3.472321510 2.004327059 -11.737180710 0.000000000 0.000000000 -10.000000000
1776608256.322381258 0.588780224 0.290657580 0.183332503 0.143679693 0.984190881 0.101949245 -0.018187407 3.461076975 2.102656841 -11.714105606 0.000000000 0.000000000 -10.000000000
1776608256.327664375 0.588852465 0.290266663 0.183250964 0.143951833 0.984106302 0.102233648 -0.018997181 3.453010082 2.199772358 -11.689426422 0.000000000 0.000000000 -10.000000000
1776608256.332242012 0.588927209 0.289862990 0.183171034 0.144225836 0.984021425 0.102511607 -0.019802704 3.447938442 2.295586348 -11.663164139 0.000000000 0.000000000 -10.000000000
1776608256.336947918 0.588990867 0.289451897 0.183086812 0.144484743 0.983938515 0.102782831 -0.020610534 3.445656538 2.390024424 -11.635347366 0.000000000 0.000000000 -10.000000000
1776608256.341969967 0.589051306 0.289030939 0.183011144 0.144739613 0.983856618 0.103043713 -0.021413650 3.445936918 2.483024120 -11.606003761 0.000000000 0.000000000 -10.000000000
1776608256.346991777 0.589117706 0.288605601 0.182937771 0.145001858 0.983772218 0.103313640 -0.022203855 3.448533297 2.574534416 -11.575160027 0.000000000 0.000000000 -10.000000000
1776608256.351819038 0.589186013 0.288162649 0.182878613 0.145263642 0.983688295 0.103573717 -0.022983529 3.453181982 2.664513350 -11.542840004 0.000000000 0.000000000 -10.000000000
1776608256.357171059 0.589255214 0.287697434 0.182817370 0.145533949 0.983604491 0.103815071 -0.023758685 3.459606171 2.752924919 -11.509068489 0.000000000 0.000000000 -10.000000000
1776608256.362231970 0.589326084 0.287224114 0.182751715 0.145818099 0.983517766 0.104058683 -0.024529641 3.467518330 2.839737892 -11.473867416 0.000000000 0.000000000 -10.000000000
1776608256.366979361 0.589564800 0.286329716 0.182643592 0.146385908 0.983336926 0.104623683 -0.025951916 3.476625919 2.924923182 -11.437261581 0.000000000 0.000000000 -10.000000000
1776608256.371988058 0.589564800 0.286329716 0.182643592 0.146385908 0.983336926 0.104623683 -0.025951916 3.486638308 3.008451462 -11.399274826 0.000000000 0.000000000 -10.000000000
1776608256.376851797 0.589773834 0.285487711 0.182513535 0.146961525 0.983147800 0.105226912 -0.027386265 3.497272968 3.090290546 -11.359930992 0.000000000 0.000000000 -10.000000000
1776608256.381934166 0.589773834 0.285487711 0.182513535 0.146961525 0.983147800 0.105226912 -0.027386265 3.508261681 3.170405149 -11.319250107 0.000000000 0.000000000 -10.000000000
1776608256.386857033 0.589867234 0.285083055 0.182454765 0.147239521 0.983052373 0.105539404 -0.028107593 3.519356012 3.248757124 -11.277248383 0.000000000 0.000000000 -10.000000000
1776608256.392132998 0.590034008 0.284693003 0.182412714 0.147527441 0.982953250 0.105888695 -0.028742412 3.530332804 3.325303555 -11.233945847 0.000000000 0.000000000 -10.000000000
1776608256.396854639 0.590523005 0.283918142 0.182350636 0.148143828 0.982745588 0.106658034 -0.029808151 3.540999413 3.399996758 -11.189355850 0.000000000 0.000000000 -10.000000000
1776608256.402320623 0.590523005 0.283918142 0.182350636 0.148143828 0.982745588 0.106658034 -0.029808151 3.551197290 3.472782135 -11.143493652 0.000000000 0.000000000 -10.000000000
1776608256.407309771 0.590841472 0.283505261 0.182294756 0.148468047 0.982641876 0.107040562 -0.030240335 3.560806751 3.543595791 -11.096365929 0.000000000 0.000000000 -10.000000000
1776608256.411900759 0.591623902 0.282683432 0.182159424 0.149130821 0.982433498 0.107839666 -0.030902572 3.569747925 3.612365723 -11.047972679 0.000000000 0.000000000 -10.000000000
1776608256.417282104 0.591623902 0.282683432 0.182159424 0.149130821 0.982433498 0.107839666 -0.030902572 3.577990055 3.679009676 -10.998308182 0.000000000 0.000000000 -10.000000000
1776608256.422085524 0.592204392 0.282219142 0.182105869 0.149459273 0.982339323 0.108221889 -0.030973315 3.585558891 3.743437529 -10.947358131 0.000000000 0.000000000 -10.000000000
1776608256.426949978 0.592772305 0.281752497 0.182029903 0.149762154 0.982252300 0.108576335 -0.031029848 3.592543602 3.805554628 -10.895104408 0.000000000 0.000000000 -10.000000000
1776608256.432266474 0.593428791 0.281238288 0.181955934 0.150046244 0.982175827 0.108897418 -0.030952873 3.599097490 3.865263700 -10.841526031 0.000000000 0.000000000 -10.000000000
1776608256.437026024 0.594227135 0.280674189 0.181902468 0.150316402 0.982111096 0.109186679 -0.030676918 3.605435133 3.922467947 -10.786601067 0.000000000 0.000000000 -10.000000000
1776608256.442234516 0.595054030 0.280065328 0.181817502 0.150551483 0.982060850 0.109410159 -0.030333126 3.611825228 3.977070808 -10.730302811 0.000000000 0.000000000 -10.000000000
1776608256.446958065 0.596813202 0.278741091 0.181579947 0.150940299 0.981997073 0.109692805 -0.029433206 3.618580818 4.028978825 -10.672604561 0.000000000 0.000000000 -10.000000000
1776608256.452234268 0.596813202 0.278741091 0.181579947 0.150940299 0.981997073 0.109692805 -0.029433206 3.626043558 4.078102589 -10.613478661 0.000000000 0.000000000 -10.000000000
1776608256.457065344 0.598781943 0.277298808 0.181340903 0.151306897 0.981957972 0.109858721 -0.028209947 3.634569168 4.124360085 -10.552904129 0.000000000 0.000000000 -10.000000000
1776608256.462316990 0.598781943 0.277298808 0.181340903 0.151306897 0.981957972 0.109858721 -0.028209947 3.644514561 4.167680264 -10.490864754 0.000000000 0.000000000 -10.000000000
1776608256.466927528 0.599804580 0.276510894 0.181236088 0.151480272 0.981948316 0.109879240 -0.027527459 3.656224489 4.208003998 -10.427352905 0.000000000 0.000000000 -10.000000000
1776608256.472309828 0.600836813 0.275687605 0.181138605 0.151651278 0.981943369 0.109863058 -0.026818365 3.670018435 4.245292187 -10.362370491 0.000000000 0.000000000 -10.000000000
1776608256.477225542 0.601882637 0.274815798 0.181028724 0.151829511 0.981943309 0.109795071 -0.026079437 3.686181307 4.279529095 -10.295929909 0.000000000 0.000000000 -10.000000000
1776608256.482387066 0.603862941 0.272933483 0.180734843 0.152124301 0.981974363 0.109430842 -0.024687249 3.704952955 4.310727119 -10.228055000 0.000000000 0.000000000 -10.000000000
1776608256.487231016 0.604796529 0.271935463 0.180568874 0.152238622 0.982003927 0.109151252 -0.024035359 3.726519346 4.338932037 -10.158786774 0.000000000 0.000000000 -10.000000000
1776608256.492182016 0.605654240 0.270894289 0.180368930 0.152335525 0.982043028 0.108789563 -0.023457658 3.751004934 4.364223480 -10.088182449 0.000000000 0.000000000 -10.000000000
1776608256.497192860 0.605654240 0.270894289 0.180368930 0.152335525 0.982043028 0.108789563 -0.023457658 3.778463364 4.386717319 -10.016317368 0.000000000 0.000000000 -10.000000000
1776608256.502293587 0.607111871 0.268695861 0.179957360 0.152541593 0.982132852 0.107871562 -0.022580689 3.808872700 4.406564713 -9.943284988 0.000000000 0.000000000 -10.000000000
1776608256.507282734 0.607656896 0.267637253 0.179731905 0.152649477 0.982173443 0.107394069 -0.022359964 3.842128754 4.423950672 -9.869199753 0.000000000 0.000000000 -10.000000000
1776608256.512289047 0.608176708 0.266588569 0.179534793 0.152798608 0.982205391 0.106925912 -0.022180116 3.878040075 4.439086914 -9.794197083 0.000000000 0.000000000 -10.000000000
1776608256.516980886 0.608176708 0.266588569 0.179534793 0.152798608 0.982205391 0.106925912 -0.022180116 3.916326761 4.452203751 -9.718435287 0.000000000 0.000000000 -10.000000000
1776608256.522122145 0.608600020 0.265548229 0.179335386 0.152975529 0.982229650 0.106461257 -0.022122206 3.956624269 4.463542938 -9.642091751 0.000000000 0.000000000 -10.000000000
1776608256.526927948 0.609309316 0.263476968 0.178952068 0.153443366 0.982252955 0.105552755 -0.022201763 3.998496056 4.473350525 -9.565361023 0.000000000 0.000000000 -10.000000000
1776608256.531860352 0.609631479 0.262519121 0.178796023 0.153742686 0.982243299 0.105186939 -0.022292914 4.041451454 4.481870651 -9.488451004 0.000000000 0.000000000 -10.000000000
1776608256.536844015 0.609959900 0.261577338 0.178631216 0.154053539 0.982228398 0.104853064 -0.022376172 4.084965706 4.489343166 -9.411581993 0.000000000 0.000000000 -10.000000000
1776608256.541867018 0.609959900 0.261577338 0.178631216 0.154053539 0.982228398 0.104853064 -0.022376172 4.128499985 4.495993614 -9.334981918 0.000000000 0.000000000 -10.000000000
1776608256.547257423 0.610284686 0.260653198 0.178448141 0.154360950 0.982211828 0.104536064 -0.022469614 4.171518326 4.502028465 -9.258883476 0.000000000 0.000000000 -10.000000000
1776608256.552949667 0.611182272 0.258800060 0.178123385 0.154993609 0.982176602 0.103956915 -0.022339035 4.213510036 4.507635117 -9.183526039 0.000000000 0.000000000 -10.000000000
1776608256.556942225 0.611182272 0.258800060 0.178123385 0.154993609 0.982176602 0.103956915 -0.022339035 4.254004478 4.512977123 -9.109147072 0.000000000 0.000000000 -10.000000000
1776608256.561954260 0.612252176 0.257026702 0.177819431 0.155538350 0.982151806 0.103462383 -0.021937098 4.292587280 4.518193245 -9.035979271 0.000000000 0.000000000 -10.000000000
1776608256.566861153 0.612252176 0.257026702 0.177819431 0.155538350 0.982151806 0.103462383 -0.021937098 4.328906059 4.523398399 -8.964246750 0.000000000 0.000000000 -10.000000000
1776608256.572378397 0.612847805 0.256139964 0.177679360 0.155769065 0.982146025 0.103231519 -0.021643881 4.362673759 4.528685093 -8.894160271 0.000000000 0.000000000 -10.000000000
1776608256.577720165 0.614205241 0.254228085 0.177418500 0.156246215 0.982143104 0.102701187 -0.020843811 4.393665314 4.534123421 -8.825916290 0.000000000 0.000000000 -10.000000000
1776608256.582193613 0.614205241 0.254228085 0.177418500 0.156246215 0.982143104 0.102701187 -0.020843811 4.421716213 4.539764881 -8.759689331 0.000000000 0.000000000 -10.000000000
1776608256.587208509 0.615523756 0.252247632 0.177132607 0.156629995 0.982164383 0.102071553 -0.020037986 4.446714878 4.545646191 -8.695637703 0.000000000 0.000000000 -10.000000000
1776608256.591913939 0.615523756 0.252247632 0.177132607 0.156629995 0.982164383 0.102071553 -0.020037986 4.468596458 4.551791191 -8.633893013 0.000000000 0.000000000 -10.000000000
1776608256.596948862 0.616209030 0.251246363 0.177013576 0.156804189 0.982179284 0.101747982 -0.019586124 4.487330437 4.558217049 -8.574566841 0.000000000 0.000000000 -10.000000000
1776608256.601954937 0.616854370 0.250231028 0.176887333 0.156988755 0.982192755 0.101411059 -0.019177575 4.502913952 4.564933777 -8.517740250 0.000000000 0.000000000 -10.000000000
1776608256.606841564 0.617402315 0.249188513 0.176723450 0.157181904 0.982208431 0.101015851 -0.018875211 4.515356064 4.571947098 -8.463471413 0.000000000 0.000000000 -10.000000000
1776608256.612136126 0.617938399 0.248143643 0.176577240 0.157385647 0.982221663 0.100622639 -0.018586965 4.524669170 4.579263210 -8.411792755 0.000000000 0.000000000 -10.000000000
1776608256.617113113 0.618388236 0.247136906 0.176424146 0.157586992 0.982231796 0.100242712 -0.018395748 4.530857563 4.586888313 -8.362714767 0.000000000 0.000000000 -10.000000000
1776608256.621901751 0.618768394 0.246129945 0.176266789 0.157822356 0.982234776 0.099860728 -0.018295480 4.533907890 4.594830036 -8.316228867 0.000000000 0.000000000 -10.000000000
1776608256.627126455 0.619019628 0.245144606 0.176096559 0.158066913 0.982233405 0.099476703 -0.018349864 4.533784866 4.603097439 -8.272308350 0.000000000 0.000000000 -10.000000000
1776608256.631963968 0.619192541 0.244181395 0.175922602 0.158335850 0.982224226 0.099110328 -0.018505257 4.530422211 4.611703396 -8.230916977 0.000000000 0.000000000 -10.000000000
1776608256.637315512 0.619268537 0.243230358 0.175750792 0.158640817 0.982205808 0.098752774 -0.018782068 4.523719311 4.620660305 -8.192005157 0.000000000 0.000000000 -10.000000000
1776608256.642390728 0.619126856 0.241480827 0.175430208 0.159279808 0.982142568 0.098170035 -0.019711969 4.513538361 4.629983425 -8.155516624 0.000000000 0.000000000 -10.000000000
1776608256.647415876 0.619126856 0.241480827 0.175430208 0.159279808 0.982142568 0.098170035 -0.019711969 4.499706268 4.639684200 -8.121393204 0.000000000 0.000000000 -10.000000000
1776608256.652309179 0.618957698 0.240657151 0.175274700 0.159612745 0.982099891 0.097934671 -0.020307476 4.482020378 4.649768829 -8.089568138 0.000000000 0.000000000 -10.000000000
1776608256.657281876 0.618383884 0.239131004 0.174965531 0.160317019 0.981988490 0.097583540 -0.021783041 4.460254669 4.660238743 -8.059978485 0.000000000 0.000000000 -10.000000000
1776608256.662207842 0.618059576 0.238436699 0.174835056 0.160639718 0.981927156 0.097494006 -0.022557758 4.434166431 4.671085358 -8.032557487 0.000000000 0.000000000 -10.000000000
1776608256.667197227 0.617718756 0.237734109 0.174710482 0.160981655 0.981860161 0.097417943 -0.023351967 4.403507233 4.682296276 -8.007240295 0.000000000 0.000000000 -10.000000000
1776608256.671964884 0.617718756 0.237734109 0.174710482 0.160981655 0.981860161 0.097417943 -0.023351967 4.368033886 4.693852425 -7.983962059 0.000000000 0.000000000 -10.000000000
1776608256.677020311 0.617046416 0.236364678 0.174469918 0.161636680 0.981723011 0.097333439 -0.024893267 4.327525616 4.705729961 -7.962660313 0.000000000 0.000000000 -10.000000000
1776608256.681909323 0.617046416 0.236364678 0.174469918 0.161636680 0.981723011 0.097333439 -0.024893267 4.281796932 4.717905521 -7.943274498 0.000000000 0.000000000 -10.000000000
1776608256.686858416 0.616447926 0.234907314 0.174235761 0.162200511 0.981609046 0.097181603 -0.026275652 4.230712891 4.730357170 -7.925746918 0.000000000 0.000000000 -10.000000000
1776608256.692021847 0.616447926 0.234907314 0.174235761 0.162200511 0.981609046 0.097181603 -0.026275652 4.174197674 4.743068218 -7.910021782 0.000000000 0.000000000 -10.000000000
1776608256.696890116 0.616198778 0.234173700 0.174140513 0.162411958 0.981566191 0.097099073 -0.026869105 4.112242699 4.756028652 -7.896044731 0.000000000 0.000000000 -10.000000000
1776608256.701958656 0.615803540 0.232645422 0.173962027 0.162776768 0.981501341 0.096867599 -0.027848599 4.044911861 4.769236565 -7.883761406 0.000000000 0.000000000 -10.000000000
1776608256.706872940 0.615670145 0.231856719 0.173868388 0.162915230 0.981481612 0.096728012 -0.028215664 3.972344637 4.782693386 -7.873115063 0.000000000 0.000000000 -10.000000000
1776608256.712728739 0.615627348 0.231048703 0.173769921 0.163058177 0.981464624 0.096590973 -0.028449649 3.894757509 4.796403885 -7.864043236 0.000000000 0.000000000 -10.000000000
1776608256.716911316 0.615573525 0.230225891 0.173637390 0.163182691 0.981454253 0.096421637 -0.028666651 3.812444925 4.810372353 -7.856476307 0.000000000 0.000000000 -10.000000000
1776608256.722469330 0.615573525 0.230225891 0.173637390 0.163182691 0.981454253 0.096421637 -0.028666651 3.725777626 4.824600697 -7.850337029 0.000000000 0.000000000 -10.000000000
1776608256.726922989 0.615585804 0.229381219 0.173495203 0.163333535 0.981442988 0.096244611 -0.028788991 3.635199547 4.839085102 -7.845539093 0.000000000 0.000000000 -10.000000000
1776608256.732301712 0.615781724 0.227678090 0.173228592 0.163635060 0.981427431 0.095896259 -0.028768873 3.541221857 4.853818417 -7.841991425 0.000000000 0.000000000 -10.000000000
1776608256.736887455 0.615781724 0.227678090 0.173228592 0.163635060 0.981427431 0.095896259 -0.028768873 3.444413900 4.868786335 -7.839597702 0.000000000 0.000000000 -10.000000000
1776608256.742129564 0.616087615 0.225944370 0.173022926 0.163903624 0.981432378 0.095471919 -0.028481524 3.345394850 4.883971691 -7.838256359 0.000000000 0.000000000 -10.000000000
1776608256.747062445 0.616087615 0.225944370 0.173022926 0.163903624 0.981432378 0.095471919 -0.028481524 3.244819164 4.899353504 -7.837861538 0.000000000 0.000000000 -10.000000000
1776608256.752255917 0.616353631 0.224210083 0.172780782 0.164148837 0.981452167 0.094956405 -0.028108742 3.143363237 4.914906025 -7.838302612 0.000000000 0.000000000 -10.000000000
1776608256.756961823 0.616483569 0.223336026 0.172643840 0.164268538 0.981466830 0.094664656 -0.027879534 3.041711569 4.930602551 -7.839464664 0.000000000 0.000000000 -10.000000000
1776608256.762186527 0.616483569 0.223336026 0.172643840 0.164268538 0.981466830 0.094664656 -0.027879534 2.940544844 4.946411133 -7.841231346 0.000000000 0.000000000 -10.000000000
1776608256.766876698 0.616591930 0.222457319 0.172498763 0.164386556 0.981483877 0.094351865 -0.027643587 2.840526819 4.962295532 -7.843485355 0.000000000 0.000000000 -10.000000000
1776608256.771932840 0.616680443 0.221600533 0.172367305 0.164495796 0.981502414 0.094039299 -0.027399421 2.742294550 4.978216648 -7.846112728 0.000000000 0.000000000 -10.000000000
1776608256.776861668 0.616765618 0.219867736 0.172147304 0.164730176 0.981540561 0.093360670 -0.026941828 2.646447897 4.994132042 -7.849002838 0.000000000 0.000000000 -10.000000000
1776608256.781946421 0.616778910 0.218993142 0.172050625 0.164841220 0.981563449 0.092990093 -0.026709663 2.553539038 5.009999275 -7.852053642 0.000000000 0.000000000 -10.000000000
1776608256.787407160 0.616747260 0.218122959 0.171933621 0.164917395 0.981593430 0.092595525 -0.026507508 2.464064360 5.025777340 -7.855170250 0.000000000 0.000000000 -10.000000000
1776608256.791906118 0.616747260 0.218122959 0.171933621 0.164917395 0.981593430 0.092595525 -0.026507508 2.378455639 5.041426659 -7.858265400 0.000000000 0.000000000 -10.000000000
1776608256.797086954 0.616638064 0.217274666 0.171802521 0.164974645 0.981627107 0.092175908 -0.026366411 2.297073126 5.056911469 -7.861260414 0.000000000 0.000000000 -10.000000000
1776608256.801942348 0.616335928 0.215560496 0.171548218 0.165093496 0.981697679 0.091277964 -0.026117774 2.220202446 5.072198868 -7.864081860 0.000000000 0.000000000 -10.000000000
1776608256.807358027 0.616335928 0.215560496 0.171548218 0.165093496 0.981697679 0.091277964 -0.026117774 2.148051739 5.087258339 -7.866664410 0.000000000 0.000000000 -10.000000000
1776608256.812200308 0.615819991 0.213854000 0.171296179 0.165115386 0.981788456 0.090285890 -0.026016204 2.080750465 5.102062702 -7.868948936 0.000000000 0.000000000 -10.000000000
1776608256.817374229 0.615485430 0.212999880 0.171162665 0.165098235 0.981839776 0.089755982 -0.026021253 2.018352985 5.116588116 -7.870881557 0.000000000 0.000000000 -10.000000000
1776608256.821976662 0.615075529 0.212142423 0.171016365 0.165093482 0.981890261 0.089190394 -0.026090493 1.960841179 5.130812168 -7.872412205 0.000000000 0.000000000 -10.000000000
1776608256.827395201 0.615075529 0.212142423 0.171016365 0.165093482 0.981890261 0.089190394 -0.026090493 1.908129334 5.144715786 -7.873496532 0.000000000 0.000000000 -10.000000000
1776608256.831943989 0.614202261 0.210429057 0.170757532 0.165094897 0.981991231 0.088025212 -0.026238406 1.860068798 5.158279896 -7.874094963 0.000000000 0.000000000 -10.000000000
1776608256.836929560 0.614202261 0.210429057 0.170757532 0.165094897 0.981991231 0.088025212 -0.026238406 1.816454411 5.171484947 -7.874171257 0.000000000 0.000000000 -10.000000000
1776608256.841947079 0.613717675 0.209596634 0.170638710 0.165057883 0.982049048 0.087420419 -0.026329786 1.777030230 5.184311390 -7.873692513 0.000000000 0.000000000 -10.000000000
1776608256.847047329 0.612668693 0.207954437 0.170440137 0.164907217 0.982179284 0.086169541 -0.026539212 1.741497517 5.196737289 -7.872628689 0.000000000 0.000000000 -10.000000000
1776608256.851917267 0.612668693 0.207954437 0.170440137 0.164907217 0.982179284 0.086169541 -0.026539212 1.709521174 5.208737850 -7.870948792 0.000000000 0.000000000 -10.000000000
1776608256.856960058 0.612109005 0.207145840 0.170337707 0.164824799 0.982245862 0.085528955 -0.026657725 1.680737495 5.220282555 -7.868620872 0.000000000 0.000000000 -10.000000000
1776608256.861940861 0.611528814 0.206351161 0.170231491 0.164757371 0.982310295 0.084875852 -0.026787482 1.654761791 5.231333733 -7.865610600 0.000000000 0.000000000 -10.000000000
1776608256.866891623 0.610934198 0.205576956 0.170125157 0.164709479 0.982371211 0.084220462 -0.026916225 1.631195426 5.241845608 -7.861879349 0.000000000 0.000000000 -10.000000000
1776608256.875473738 0.609797657 0.204080373 0.169924349 0.164645970 0.982486606 0.082937300 -0.027076902 1.609633207 5.251761436 -7.857382774 0.000000000 0.000000000 -10.000000000
1776608256.877398252 0.609213948 0.203359663 0.169807702 0.164618775 0.982542336 0.082303271 -0.027155921 1.589670420 5.261012554 -7.852070808 0.000000000 0.000000000 -10.000000000
1776608256.882259130 0.608642936 0.202667356 0.169701189 0.164571017 0.982600868 0.081682727 -0.027199451 1.570909977 5.269517899 -7.845886707 0.000000000 0.000000000 -10.000000000
1776608256.889110804 0.608642936 0.202667356 0.169701189 0.164571017 0.982600868 0.081682727 -0.027199451 1.552969456 5.277184963 -7.838767052 0.000000000 0.000000000 -10.000000000
1776608256.892424107 0.607581019 0.201384336 0.169520080 0.164425343 0.982724249 0.080499470 -0.027150678 1.535486341 5.283910275 -7.830645084 0.000000000 0.000000000 -10.000000000
1776608256.897453785 0.607107997 0.200791821 0.169463396 0.164334521 0.982787609 0.079949692 -0.027031599 1.518123984 5.289579391 -7.821450710 0.000000000 0.000000000 -10.000000000
1776608256.902468920 0.607107997 0.200791821 0.169463396 0.164334521 0.982787609 0.079949692 -0.027031599 1.500575900 5.294067860 -7.811110973 0.000000000 0.000000000 -10.000000000
1776608256.907328129 0.606608808 0.200242400 0.169419974 0.164228261 0.982851148 0.079422727 -0.026921159 1.482566953 5.297243595 -7.799552917 0.000000000 0.000000000 -10.000000000
1776608256.911923170 0.606049001 0.199721381 0.169356734 0.164126813 0.982910693 0.078909017 -0.026876889 1.463849664 5.298964977 -7.786702156 0.000000000 0.000000000 -10.000000000
1776608256.917391777 0.605506420 0.199230731 0.169300020 0.164030701 0.982966959 0.078430392 -0.026805270 1.444201112 5.299086571 -7.772485256 0.000000000 0.000000000 -10.000000000
1776608256.921890259 0.604326189 0.198394597 0.169184744 0.163882181 0.983056426 0.077619933 -0.026792245 1.423418760 5.297457218 -7.756825447 0.000000000 0.000000000 -10.000000000
1776608256.926939249 0.604326189 0.198394597 0.169184744 0.163882181 0.983056426 0.077619933 -0.026792245 1.401317954 5.293922901 -7.739647388 0.000000000 0.000000000 -10.000000000
1776608256.932116032 0.603663921 0.198018387 0.169113874 0.163833559 0.983090639 0.077259757 -0.026875058 1.377729774 5.288331032 -7.720876694 0.000000000 0.000000000 -10.000000000
1776608256.936970234 0.602986693 0.197678089 0.169075251 0.163799092 0.983118117 0.076947212 -0.026976243 1.352498531 5.280533791 -7.700443745 0.000000000 0.000000000 -10.000000000
1776608256.941897631 0.602295399 0.197368279 0.169048607 0.163773239 0.983140886 0.076667465 -0.027100228 1.325478792 5.270393848 -7.678283691 0.000000000 0.000000000 -10.000000000
1776608256.947019577 0.600739658 0.196796134 0.168994367 0.163731322 0.983176827 0.076124728 -0.027574643 1.296531081 5.257792473 -7.654340267 0.000000000 0.000000000 -10.000000000
1776608256.952120781 0.600739658 0.196796134 0.168994367 0.163731322 0.983176827 0.076124728 -0.027574643 1.265519381 5.242635250 -7.628564835 0.000000000 0.000000000 -10.000000000
1776608256.956949234 0.599871159 0.196524844 0.168965876 0.163715824 0.983190417 0.075853176 -0.027928796 1.232309580 5.224852085 -7.600920200 0.000000000 0.000000000 -10.000000000
1776608256.962298155 0.597906232 0.195980012 0.168872327 0.163679346 0.983213782 0.075255834 -0.028918030 1.196772575 5.204400539 -7.571378708 0.000000000 0.000000000 -10.000000000
1776608256.966913939 0.596796632 0.195700809 0.168815583 0.163654223 0.983224332 0.074922077 -0.029562488 1.158785939 5.181264400 -7.539925098 0.000000000 0.000000000 -10.000000000
1776608256.972359419 0.596796632 0.195700809 0.168815583 0.163654223 0.983224332 0.074922077 -0.029562488 1.118238688 5.155452251 -7.506553650 0.000000000 0.000000000 -10.000000000
1776608256.976982355 0.595582426 0.195419148 0.168737411 0.163624197 0.983233273 0.074559957 -0.030335877 1.075034022 5.127000809 -7.471270561 0.000000000 0.000000000 -10.000000000
1776608256.982331753 0.594387889 0.195146114 0.168692112 0.163594380 0.983240962 0.074214809 -0.031085292 1.029093266 5.095970154 -7.434097767 0.000000000 0.000000000 -10.000000000
1776608256.986905098 0.592046320 0.194632858 0.168682545 0.163527668 0.983253956 0.073566794 -0.032532129 0.980362833 5.062442303 -7.395070076 0.000000000 0.000000000 -10.000000000
1776608256.991947651 0.592046320 0.194632858 0.168682545 0.163527668 0.983253956 0.073566794 -0.032532129 0.928821445 5.026515007 -7.354236126 0.000000000 0.000000000 -10.000000000
1776608256.997366667 0.590876997 0.194379002 0.168672293 0.163484856 0.983261824 0.073238686 -0.033240765 0.874488473 4.988296032 -7.311652184 0.000000000 0.000000000 -10.000000000
1776608257.002705097 0.589634120 0.194121957 0.168626368 0.163432330 0.983270228 0.072884649 -0.034019653 0.817431271 4.947898388 -7.267379761 0.000000000 0.000000000 -10.000000000
1776608257.007324934 0.587234616 0.193671480 0.168486714 0.163233846 0.983307302 0.072154664 -0.035428189 0.757770300 4.905439377 -7.221483231 0.000000000 0.000000000 -10.000000000
1776608257.011924267 0.586058974 0.193507791 0.168402374 0.163063437 0.983339012 0.071789078 -0.036069833 0.695682943 4.861037254 -7.174026012 0.000000000 0.000000000 -10.000000000
1776608257.017449141 0.586058974 0.193507791 0.168402374 0.163063437 0.983339012 0.071789078 -0.036069833 0.631401658 4.814811230 -7.125073433 0.000000000 0.000000000 -10.000000000
1776608257.021921396 0.584939718 0.193368599 0.168332279 0.162852675 0.983379602 0.071426123 -0.036631819 0.565209925 4.766873360 -7.074690819 0.000000000 0.000000000 -10.000000000
1776608257.027340651 0.583006203 0.193145335 0.168292433 0.162390575 0.983474433 0.070787914 -0.037368700 0.497436434 4.717324734 -7.022948265 0.000000000 0.000000000 -10.000000000
1776608257.032364130 0.583006203 0.193145335 0.168292433 0.162390575 0.983474433 0.070787914 -0.037368700 0.428450108 4.666251183 -6.969916821 0.000000000 0.000000000 -10.000000000
1776608257.037323713 0.582166851 0.193089396 0.168297917 0.162154213 0.983523071 0.070541322 -0.037581347 0.358655185 4.613714695 -6.915669441 0.000000000 0.000000000 -10.000000000
1776608257.042777777 0.581359863 0.193077192 0.168293118 0.161919624 0.983569443 0.070339359 -0.037756108 0.288486660 4.559750557 -6.860278606 0.000000000 0.000000000 -10.000000000
1776608257.047392607 0.580597222 0.193088472 0.168277383 0.161696196 0.983613133 0.070176810 -0.037878733 0.218404338 4.504366398 -6.803814411 0.000000000 0.000000000 -10.000000000
1776608257.052343607 0.579960823 0.193161055 0.168281525 0.161482602 0.983654201 0.070105031 -0.037855852 0.148887143 4.447538853 -6.746344090 0.000000000 0.000000000 -10.000000000
1776608257.057349682 0.578987956 0.193486884 0.168326348 0.161072671 0.983731151 0.070197411 -0.037429236 0.080428891 4.389214993 -6.687932968 0.000000000 0.000000000 -10.000000000
1776608257.062381506 0.578987956 0.193486884 0.168326348 0.161072671 0.983731151 0.070197411 -0.037429236 0.013534590 4.329312325 -6.628641129 0.000000000 0.000000000 -10.000000000
1776608257.066883087 0.578628600 0.193755820 0.168375403 0.160868704 0.983766794 0.070364669 -0.037053566 -0.051287059 4.267721653 -6.568526745 0.000000000 0.000000000 -10.000000000
1776608257.072332144 0.578326106 0.194098473 0.168425471 0.160654157 0.983801603 0.070603125 -0.036603849 -0.113535032 4.204312801 -6.507644176 0.000000000 0.000000000 -10.000000000
1776608257.076911449 0.577908456 0.194852784 0.168543279 0.160242423 0.983867109 0.071202435 -0.035468943 -0.172728509 4.138944149 -6.446045399 0.000000000 0.000000000 -10.000000000
1776608257.082757950 0.577908456 0.194852784 0.168543279 0.160242423 0.983867109 0.071202435 -0.035468943 -0.228418991 4.071469307 -6.383783817 0.000000000 0.000000000 -10.000000000
1776608257.086889505 0.577716947 0.195222542 0.168596923 0.160045266 0.983898103 0.071509734 -0.034877628 -0.280201763 4.001746178 -6.320912361 0.000000000 0.000000000 -10.000000000
1776608257.092391491 0.577509344 0.195600897 0.168653011 0.159851670 0.983926713 0.071825966 -0.034303814 -0.327726364 3.929647923 -6.257484913 0.000000000 0.000000000 -10.000000000
1776608257.096971035 0.577261925 0.196038663 0.168719351 0.159655944 0.983949959 0.072190009 -0.033779994 -0.370705605 3.855067730 -6.193557262 0.000000000 0.000000000 -10.000000000
1776608257.102056742 0.576938689 0.196518123 0.168779522 0.159458637 0.983968318 0.072576188 -0.033347420 -0.408922911 3.777920485 -6.129188061 0.000000000 0.000000000 -10.000000000
1776608257.106956005 0.576505840 0.196997494 0.168815851 0.159267843 0.983981907 0.072944313 -0.033053614 -0.442237288 3.698144913 -6.064439774 0.000000000 0.000000000 -10.000000000
1776608257.111870050 0.576082468 0.197511703 0.168872684 0.159082577 0.983991444 0.073350385 -0.032761402 -0.470585793 3.615707159 -5.999382496 0.000000000 0.000000000 -10.000000000
1776608257.117410183 0.575175345 0.198758155 0.169056922 0.158649042 0.984006345 0.074306935 -0.032257162 -0.493982136 3.530603647 -5.934093475 0.000000000 0.000000000 -10.000000000
1776608257.122057676 0.574644804 0.199477896 0.169164121 0.158411026 0.984009564 0.074841045 -0.032092243 -0.512512863 3.442865610 -5.868658543 0.000000000 0.000000000 -10.000000000
1776608257.127408028 0.574644804 0.199477896 0.169164121 0.158411026 0.984009564 0.074841045 -0.032092243 -0.526332319 3.352559328 -5.803166866 0.000000000 0.000000000 -10.000000000
1776608257.132050276 0.573417187 0.200971827 0.169315010 0.157987297 0.983995438 0.075955518 -0.031995930 -0.535657287 3.259783745 -5.737711430 0.000000000 0.000000000 -10.000000000
1776608257.137360573 0.573417187 0.200971827 0.169315010 0.157987297 0.983995438 0.075955518 -0.031995930 -0.540760934 3.164670229 -5.672385693 0.000000000 0.000000000 -10.000000000
1776608257.141996145 0.572157979 0.202507436 0.169405133 0.157610521 0.983965516 0.077123381 -0.031979937 -0.541964769 3.067383528 -5.607284546 0.000000000 0.000000000 -10.000000000
1776608257.147563219 0.572157979 0.202507436 0.169405133 0.157610521 0.983965516 0.077123381 -0.031979937 -0.539627433 2.968121767 -5.542498589 0.000000000 0.000000000 -10.000000000
1776608257.151897907 0.571539938 0.203334033 0.169453204 0.157388553 0.983954132 0.077733703 -0.031947218 -0.534130454 2.867113829 -5.478116989 0.000000000 0.000000000 -10.000000000
1776608257.157315731 0.570927024 0.204186946 0.169506192 0.157120958 0.983951390 0.078333393 -0.031884111 -0.525861979 2.764619827 -5.414221764 0.000000000 0.000000000 -10.000000000
1776608257.161975145 0.570408821 0.204987541 0.169570416 0.156829238 0.983959973 0.078885101 -0.031694721 -0.515201032 2.660929680 -5.350891113 0.000000000 0.000000000 -10.000000000
1776608257.166925192 0.569913924 0.205751717 0.169634730 0.156516165 0.983976007 0.079398707 -0.031460460 -0.502503932 2.556363583 -5.288198471 0.000000000 0.000000000 -10.000000000
1776608257.172009706 0.569446683 0.206496164 0.169678926 0.156158268 0.984004498 0.079861961 -0.031173967 -0.488094926 2.451269865 -5.226213932 0.000000000 0.000000000 -10.000000000
1776608257.177409410 0.568497717 0.207875520 0.169692129 0.155286089 0.984105408 0.080560438 -0.030542590 -0.472261995 2.346023560 -5.165005207 0.000000000 0.000000000 -10.000000000
1776608257.181896210 0.568096578 0.208459571 0.169687837 0.154818699 0.984172106 0.080802850 -0.030122854 -0.455255687 2.241023302 -5.104637146 0.000000000 0.000000000 -10.000000000
1776608257.187357664 0.568096578 0.208459571 0.169687837 0.154818699 0.984172106 0.080802850 -0.030122854 -0.437289506 2.136689901 -5.045176506 0.000000000 0.000000000 -10.000000000
1776608257.192130804 0.567723870 0.209002554 0.169698268 0.154322788 0.984248400 0.080993511 -0.029658716 -0.418540448 2.033461809 -4.986690044 0.000000000 0.000000000 -10.000000000
1776608257.196994781 0.567351758 0.209514946 0.169711709 0.153805807 0.984331608 0.081138089 -0.029182786 -0.399151802 1.931792855 -4.929250717 0.000000000 0.000000000 -10.000000000
1776608257.201931715 0.566717029 0.210362166 0.169764668 0.152733698 0.984519839 0.081261091 -0.028103221 -0.379237741 1.832146168 -4.872935772 0.000000000 0.000000000 -10.000000000
1776608257.206897736 0.566717029 0.210362166 0.169764668 0.152733698 0.984519839 0.081261091 -0.028103221 -0.358887315 1.734987855 -4.817831993 0.000000000 0.000000000 -10.000000000
1776608257.211896420 0.566442788 0.210762337 0.169795424 0.152153328 0.984625697 0.081270844 -0.027506659 -0.338168710 1.640777588 -4.764031887 0.000000000 0.000000000 -10.000000000
1776608257.216980934 0.566160977 0.211121947 0.169806421 0.151564062 0.984736741 0.081223801 -0.026917852 -0.317134917 1.549961329 -4.711635590 0.000000000 0.000000000 -10.000000000
1776608257.222387791 0.565844357 0.211426616 0.169792533 0.150958687 0.984854698 0.081102960 -0.026363820 -0.295830995 1.462964296 -4.660747528 0.000000000 0.000000000 -10.000000000
1776608257.227014780 0.565512359 0.211716056 0.169773638 0.150357962 0.984974682 0.080937214 -0.025817998 -0.274301976 1.380185246 -4.611473083 0.000000000 0.000000000 -10.000000000
1776608257.232344389 0.565174580 0.211985156 0.169746876 0.149785355 0.985092342 0.080735229 -0.025284464 -0.252599984 1.301989913 -4.563920021 0.000000000 0.000000000 -10.000000000
1776608257.237335682 0.564568758 0.212511778 0.169712722 0.148970306 0.985279024 0.080304258 -0.024172777 -0.230788022 1.228704810 -4.518196583 0.000000000 0.000000000 -10.000000000
1776608257.242304087 0.564248800 0.212777093 0.169685215 0.148733541 0.985347509 0.080058269 -0.023650192 -0.208941415 1.160612345 -4.474410534 0.000000000 0.000000000 -10.000000000
1776608257.247241259 0.563952327 0.213067442 0.169674218 0.148555949 0.985406816 0.079817072 -0.023102557 -0.187147945 1.097944736 -4.432669640 0.000000000 0.000000000 -10.000000000
1776608257.252441406 0.563677788 0.213378832 0.169671655 0.148437649 0.985457361 0.079574935 -0.022536688 -0.165507942 1.040879846 -4.393081665 0.000000000 0.000000000 -10.000000000
1776608257.257050037 0.563677788 0.213378832 0.169671655 0.148437649 0.985457361 0.079574935 -0.022536688 -0.144133747 0.989539385 -4.355752945 0.000000000 0.000000000 -10.000000000
1776608257.261921406 0.563155413 0.214088216 0.169690490 0.148258150 0.985547781 0.079109527 -0.021372147 -0.123148993 0.943987310 -4.320785522 0.000000000 0.000000000 -10.000000000
1776608257.266871452 0.562895715 0.214461237 0.169707835 0.148176655 0.985591233 0.078876078 -0.020789504 -0.102686852 0.904230654 -4.288277626 0.000000000 0.000000000 -10.000000000
1776608257.271920681 0.562895715 0.214461237 0.169707835 0.148176655 0.985591233 0.078876078 -0.020789504 -0.082888044 0.870220423 -4.258320808 0.000000000 0.000000000 -10.000000000
1776608257.276939631 0.562628329 0.214851528 0.169731438 0.148074523 0.985637486 0.078641176 -0.020205818 -0.063899130 0.841853440 -4.230996609 0.000000000 0.000000000 -10.000000000
1776608257.282231808 0.562348247 0.215250090 0.169750601 0.147940576 0.985688508 0.078396007 -0.019640900 -0.045871671 0.818975031 -4.206376553 0.000000000 0.000000000 -10.000000000
1776608257.287426949 0.562074184 0.215667993 0.169761628 0.147766575 0.985745430 0.078150578 -0.019066002 -0.028962383 0.801382184 -4.184521198 0.000000000 0.000000000 -10.000000000
1776608257.292178869 0.561823189 0.216087386 0.169771105 0.147562921 0.985806465 0.077907331 -0.018472251 -0.013333201 0.788828135 -4.165475845 0.000000000 0.000000000 -10.000000000
1776608257.297259808 0.561327457 0.216910616 0.169742793 0.147077546 0.985941648 0.077387862 -0.017272875 0.000850914 0.781026423 -4.149272919 0.000000000 0.000000000 -10.000000000
1776608257.301914454 0.561327457 0.216910616 0.169742793 0.147077546 0.985941648 0.077387862 -0.017272875 0.013426619 0.777655959 -4.135933399 0.000000000 0.000000000 -10.000000000
1776608257.307290077 0.560916722 0.217770398 0.169767529 0.146513671 0.986084044 0.076916732 -0.015992876 0.024237959 0.778365493 -4.125467300 0.000000000 0.000000000 -10.000000000
1776608257.312039137 0.560782671 0.218239248 0.169803679 0.146237031 0.986150444 0.076736622 -0.015281418 0.033142082 0.782778561 -4.117878437 0.000000000 0.000000000 -10.000000000
1776608257.317383289 0.560669780 0.218721390 0.169848979 0.145957306 0.986215830 0.076571606 -0.014546417 0.040013790 0.790497959 -4.113162994 0.000000000 0.000000000 -10.000000000
1776608257.321870565 0.560584188 0.219235748 0.169887602 0.145715371 0.986271620 0.076452762 -0.013793200 0.044748832 0.801108837 -4.111310482 0.000000000 0.000000000 -10.000000000
1776608257.326886892 0.560488999 0.219743386 0.169921875 0.145506084 0.986321151 0.076341368 -0.013058321 0.047266603 0.814179718 -4.112303734 0.000000000 0.000000000 -10.000000000
1776608257.331846952 0.560488999 0.219743386 0.169921875 0.145506084 0.986321151 0.076341368 -0.013058321 0.047512949 0.829262495 -4.116119862 0.000000000 0.000000000 -10.000000000
1776608257.336924791 0.560424328 0.220277309 0.169960469 0.145333350 0.986361444 0.076274447 -0.012307506 0.045463622 0.845892549 -4.122731209 0.000000000 0.000000000 -10.000000000
1776608257.341868401 0.560364723 0.220856920 0.170008838 0.145204931 0.986389697 0.076270834 -0.011559858 0.041127440 0.863590419 -4.132107735 0.000000000 0.000000000 -10.000000000
1776608257.347218513 0.560323119 0.221483827 0.170054644 0.145128131 0.986404717 0.076332159 -0.010814795 0.034546863 0.881865323 -4.144215584 0.000000000 0.000000000 -10.000000000
1776608257.351958990 0.560255051 0.222910464 0.170190483 0.145097777 0.986397624 0.076673120 -0.009356679 0.025795542 0.900219619 -4.159020901 0.000000000 0.000000000 -10.000000000
1776608257.356913090 0.560255051 0.222910464 0.170190483 0.145097777 0.986397624 0.076673120 -0.009356679 0.014973836 0.918153107 -4.176487923 0.000000000 0.000000000 -10.000000000
1776608257.361864328 0.560224295 0.223714083 0.170278341 0.145129085 0.986378431 0.076944552 -0.008643845 0.002203351 0.935167968 -4.196580887 0.000000000 0.000000000 -10.000000000
1776608257.367239952 0.560186863 0.224565476 0.170365572 0.145184502 0.986350298 0.077273473 -0.007958911 -0.012378549 0.950775206 -4.219261169 0.000000000 0.000000000 -10.000000000
1776608257.372323275 0.560139358 0.226414934 0.170593619 0.145301074 0.986279130 0.078087039 -0.006590766 -0.028623085 0.964502990 -4.244491100 0.000000000 0.000000000 -10.000000000
1776608257.377769470 0.560124815 0.227397963 0.170725495 0.145332038 0.986242115 0.078550190 -0.005908768 -0.046372171 0.975903511 -4.272229671 0.000000000 0.000000000 -10.000000000
1776608257.382300854 0.560078502 0.228400022 0.170842081 0.145345822 0.986205816 0.079024419 -0.005275083 -0.065459490 0.984559715 -4.302435398 0.000000000 0.000000000 -10.000000000
1776608257.387281418 0.560022771 0.229413867 0.170960248 0.145348459 0.986169577 0.079508841 -0.004658039 -0.085713588 0.990091443 -4.335063934 0.000000000 0.000000000 -10.000000000
1776608257.392271996 0.560005248 0.230443776 0.171082675 0.145318449 0.986136436 0.080009051 -0.004000465 -0.106962427 0.992161572 -4.370069027 0.000000000 0.000000000 -10.000000000
1776608257.397197008 0.559996247 0.231468841 0.171205670 0.145285219 0.986102819 0.080512457 -0.003338121 -0.129036322 0.990480065 -4.407401562 0.000000000 0.000000000 -10.000000000
1776608257.402278185 0.559985697 0.232496530 0.171329737 0.145215333 0.986074686 0.081006847 -0.002676857 -0.151768714 0.984806657 -4.447008133 0.000000000 0.000000000 -10.000000000
1776608257.407445192 0.559929550 0.233504146 0.171426862 0.145102113 0.986055732 0.081456482 -0.002062886 -0.174997196 0.974956930 -4.488834381 0.000000000 0.000000000 -10.000000000
1776608257.412344456 0.559879065 0.234482616 0.171519339 0.144953206 0.986044645 0.081868164 -0.001443806 -0.198564544 0.960809827 -4.532822132 0.000000000 0.000000000 -10.000000000
1776608257.416996002 0.559851944 0.235434219 0.171619654 0.144760534 0.986042142 0.082247324 -0.000789119 -0.222318530 0.942312598 -4.578911781 0.000000000 0.000000000 -10.000000000
1776608257.422270298 0.559851944 0.235434219 0.171619654 0.144760534 0.986042142 0.082247324 -0.000789119 -0.246110633 0.919481397 -4.627044678 0.000000000 0.000000000 -10.000000000
1776608257.426864147 0.559803069 0.236339718 0.171697736 0.144530073 0.986050189 0.082559116 -0.000161724 -0.269795984 0.892399728 -4.677165031 0.000000000 0.000000000 -10.000000000
1776608257.431922674 0.559682608 0.237203851 0.171760231 0.144275591 0.986066580 0.082807496 0.000385659 -0.293234497 0.861214340 -4.729219913 0.000000000 0.000000000 -10.000000000
1776608257.436877012 0.559544802 0.237989247 0.171810091 0.143998966 0.986093163 0.082968257 0.000915886 -0.316292107 0.826132834 -4.783162117 0.000000000 0.000000000 -10.000000000
1776608257.441921234 0.559431195 0.238729924 0.171853811 0.143694103 0.986128032 0.083074078 0.001474883 -0.338842005 0.787420392 -4.838950634 0.000000000 0.000000000 -10.000000000
1776608257.447212219 0.559320033 0.239438102 0.171905786 0.143382803 0.986167073 0.083136581 0.002038729 -0.360764593 0.745394707 -4.896552563 0.000000000 0.000000000 -10.000000000
1776608257.451880932 0.559190333 0.240101427 0.171946436 0.143044487 0.986215293 0.083132416 0.002585461 -0.381948113 0.700418651 -4.955944538 0.000000000 0.000000000 -10.000000000
1776608257.457186222 0.558995605 0.240698949 0.171946764 0.142705128 0.986271441 0.083033353 0.003054579 -0.402290523 0.652892292 -5.017111778 0.000000000 0.000000000 -10.000000000
1776608257.462291241 0.558843374 0.241249293 0.171963036 0.142363071 0.986330986 0.082893036 0.003564215 -0.421702921 0.603245318 -5.080050468 0.000000000 0.000000000 -10.000000000
1776608257.467251539 0.558706462 0.241766304 0.171984643 0.142036289 0.986391366 0.082710847 0.004089547 -0.440112114 0.551927030 -5.144767761 0.000000000 0.000000000 -10.000000000
1776608257.472200155 0.558558404 0.242244393 0.171993852 0.141709074 0.986456096 0.082473278 0.004593516 -0.457462102 0.499395907 -5.211284161 0.000000000 0.000000000 -10.000000000
1776608257.477209330 0.558401883 0.242692545 0.172003716 0.141405210 0.986520529 0.082194857 0.005077505 -0.473715663 0.446108699 -5.279631138 0.000000000 0.000000000 -10.000000000
1776608257.481940985 0.558258712 0.243127137 0.172020346 0.141143456 0.986579418 0.081905805 0.005563742 -0.488856256 0.392511159 -5.349854946 0.000000000 0.000000000 -10.000000000
1776608257.487187624 0.558114231 0.243521839 0.172034234 0.140898213 0.986639261 0.081573665 0.006036199 -0.502889812 0.339030176 -5.422011375 0.000000000 0.000000000 -10.000000000
1776608257.491856813 0.557983637 0.243910193 0.172057778 0.140679017 0.986695886 0.081229798 0.006508216 -0.515846193 0.286067396 -5.496167660 0.000000000 0.000000000 -10.000000000
1776608257.497194529 0.557850480 0.244297832 0.172084093 0.140469670 0.986751795 0.080873817 0.006968651 -0.527781248 0.233993843 -5.572397232 0.000000000 0.000000000 -10.000000000
1776608257.501936913 0.557670176 0.244674191 0.172109008 0.140254185 0.986811578 0.080482312 0.007368792 -0.538777590 0.183145672 -5.650781155 0.000000000 0.000000000 -10.000000000
1776608257.507408142 0.557471871 0.245030716 0.172125667 0.140038162 0.986874461 0.080051877 0.007736683 -0.548945606 0.133821920 -5.731403828 0.000000000 0.000000000 -10.000000000
1776608257.512041569 0.557275593 0.245372266 0.172143936 0.139799610 0.986942947 0.079586916 0.008099345 -0.558422446 0.086284094 -5.814353466 0.000000000 0.000000000 -10.000000000
1776608257.517195940 0.557057142 0.245726392 0.172171563 0.139533237 0.987016499 0.079106584 0.008431863 -0.567371428 0.040755890 -5.899717331 0.000000000 0.000000000 -10.000000000
1776608257.521833420 0.556840062 0.246096104 0.172209859 0.139251381 0.987091959 0.078624666 0.008756607 -0.575980604 -0.002576991 -5.987583637 0.000000000 0.000000000 -10.000000000
1776608257.527170897 0.556616962 0.246461034 0.172251850 0.138966948 0.987168312 0.078132585 0.009064234 -0.584461629 -0.043566279 -6.078032970 0.000000000 0.000000000 -10.000000000
1776608257.531891823 0.556339920 0.246813506 0.172271699 0.138687149 0.987246871 0.077608712 0.009294076 -0.593049049 -0.082099475 -6.171139717 0.000000000 0.000000000 -10.000000000
1776608257.537201643 0.556009710 0.247152984 0.172270715 0.138416380 0.987326562 0.077058822 0.009438860 -0.601998150 -0.118097261 -6.266967297 0.000000000 0.000000000 -10.000000000
1776608257.542105198 0.555706441 0.247496456 0.172286302 0.138160929 0.987402976 0.076517709 0.009588215 -0.611582041 -0.151510701 -6.365567684 0.000000000 0.000000000 -10.000000000
1776608257.546838522 0.555427969 0.247861430 0.172326624 0.137929693 0.987473488 0.076003507 0.009745578 -0.622086883 -0.182319567 -6.466978073 0.000000000 0.000000000 -10.000000000
1776608257.552192450 0.555130005 0.248233095 0.172366589 0.137710869 0.987542272 0.075489417 0.009867354 -0.633806288 -0.210531741 -6.571222782 0.000000000 0.000000000 -10.000000000
1776608257.557113647 0.554802537 0.248611867 0.172395974 0.137510985 0.987608612 0.074975245 0.009935976 -0.647036970 -0.236182690 -6.678306580 0.000000000 0.000000000 -10.000000000
1776608257.562290907 0.554443717 0.249010578 0.172411323 0.137335777 0.987670720 0.074475750 0.009940159 -0.662076592 -0.259334654 -6.788217545 0.000000000 0.000000000 -10.000000000
1776608257.566855669 0.554094613 0.249416590 0.172422349 0.137187347 0.987727761 0.073992275 0.009929425 -0.679221094 -0.280076057 -6.900924206 0.000000000 0.000000000 -10.000000000
1776608257.572248697 0.553731024 0.249824196 0.172424287 0.137058705 0.987781763 0.073514953 0.009883625 -0.698761404 -0.298520327 -7.016378880 0.000000000 0.000000000 -10.000000000
1776608257.577131033 0.553346932 0.250253826 0.172431499 0.136940986 0.987832785 0.073059320 0.009792297 -0.720981061 -0.314803958 -7.134516239 0.000000000 0.000000000 -10.000000000
1776608257.582246542 0.552923620 0.250708491 0.172443390 0.136840656 0.987880230 0.072626285 0.009628370 -0.746153533 -0.329083413 -7.255257130 0.000000000 0.000000000 -10.000000000
1776608257.586888552 0.552459061 0.251196533 0.172464728 0.136749670 0.987924755 0.072221041 0.009395919 -0.774539888 -0.341533422 -7.378507137 0.000000000 0.000000000 -10.000000000
1776608257.592049837 0.552004933 0.251737982 0.172519475 0.136680931 0.987961352 0.071881860 0.009150851 -0.806385696 -0.352346480 -7.504159451 0.000000000 0.000000000 -10.000000000
1776608257.596880913 0.551577449 0.252316087 0.172602594 0.136632398 0.987990439 0.071603589 0.008908642 -0.841916025 -0.361733705 -7.632092476 0.000000000 0.000000000 -10.000000000
1776608257.602299213 0.551122665 0.252920479 0.172687799 0.136606306 0.988014102 0.071363263 0.008613591 -0.881329358 -0.369925857 -7.762169838 0.000000000 0.000000000 -10.000000000
1776608257.606862068 0.550639808 0.253535718 0.172753692 0.136600271 0.988034010 0.071140245 0.008262215 -0.924790263 -0.377173096 -7.894242287 0.000000000 0.000000000 -10.000000000
1776608257.612226725 0.550173104 0.254183769 0.172813386 0.136599809 0.988049746 0.070963755 0.007899024 -0.972423494 -0.383742958 -8.028144836 0.000000000 0.000000000 -10.000000000
1776608257.616897345 0.549727976 0.254874557 0.172882259 0.136601970 0.988061130 0.070840761 0.007532498 -1.024307489 -0.389917493 -8.163704872 0.000000000 0.000000000 -10.000000000
1776608257.622143269 0.549310207 0.255589515 0.172959626 0.136596769 0.988070905 0.070751034 0.007175841 -1.080469847 -0.395989567 -8.300739288 0.000000000 0.000000000 -10.000000000
1776608257.627001762 0.548927605 0.256319135 0.173047304 0.136575058 0.988080859 0.070687376 0.006837226 -1.140883088 -0.402258277 -8.439057350 0.000000000 0.000000000 -10.000000000
1776608257.631961346 0.548583031 0.257057458 0.173144251 0.136532351 0.988092363 0.070638828 0.006521467 -1.205461502 -0.409024239 -8.578461647 0.000000000 0.000000000 -10.000000000
1776608257.636862516 0.548273265 0.257806212 0.173250347 0.136471316 0.988104701 0.070610702 0.006225829 -1.274059653 -0.416585505 -8.718750000 0.000000000 0.000000000 -10.000000000
1776608257.642314196 0.548009515 0.258566529 0.173365623 0.136391327 0.988117576 0.070607916 0.005963489 -1.346471548 -0.425234079 -8.859716415 0.000000000 0.000000000 -10.000000000
1776608257.647063255 0.547753572 0.259326905 0.173467726 0.136289880 0.988133252 0.070606843 0.005692231 -1.422432780 -0.435253114 -9.001151085 0.000000000 0.000000000 -10.000000000
1776608257.652229786 0.547504961 0.260093033 0.173557311 0.136190936 0.988147914 0.070614696 0.005408532 -1.501624465 -0.446913958 -9.142841339 0.000000000 0.000000000 -10.000000000
1776608257.657122612 0.547284544 0.260866165 0.173653454 0.136076450 0.988163292 0.070640601 0.005138072 -1.583676934 -0.460473776 -9.284580231 0.000000000 0.000000000 -10.000000000
1776608257.662366629 0.547088027 0.261657298 0.173757792 0.135968298 0.988175750 0.070692532 0.004882052 -1.668173790 -0.476173371 -9.426159859 0.000000000 0.000000000 -10.000000000
1776608257.667053223 0.546750724 0.263220400 0.174002081 0.135771826 0.988195300 0.070829645 0.004382617 -1.754656315 -0.494234443 -9.567380905 0.000000000 0.000000000 -10.000000000
1776608257.672215462 0.546750724 0.263220400 0.174002081 0.135771826 0.988195300 0.070829645 0.004382617 -1.842629075 -0.514856517 -9.708046913 0.000000000 0.000000000 -10.000000000
1776608257.677054405 0.546579719 0.263978243 0.174106747 0.135686785 0.988203883 0.070889972 0.004098045 -1.931565642 -0.538214326 -9.847967148 0.000000000 0.000000000 -10.000000000
1776608257.682235479 0.546427667 0.264718026 0.174216241 0.135618821 0.988209844 0.070952721 0.003811401 -2.020915031 -0.564455032 -9.986954689 0.000000000 0.000000000 -10.000000000
1776608257.686878204 0.546198368 0.266153783 0.174429536 0.135543361 0.988212407 0.071089067 0.003259459 -2.110109091 -0.593697071 -10.124825478 0.000000000 0.000000000 -10.000000000
1776608257.692145348 0.546198368 0.266153783 0.174429536 0.135543361 0.988212407 0.071089067 0.003259459 -2.198568821 -0.626029551 -10.261399269 0.000000000 0.000000000 -10.000000000
1776608257.697237968 0.546102107 0.266838104 0.174529016 0.135532975 0.988211155 0.071138397 0.002969059 -2.285711288 -0.661511183 -10.396502495 0.000000000 0.000000000 -10.000000000
1776608257.702230692 0.546007752 0.267493218 0.174629062 0.135521203 0.988211155 0.071173362 0.002664017 -2.370958328 -0.700169742 -10.529968262 0.000000000 0.000000000 -10.000000000
1776608257.707217216 0.545922756 0.268125057 0.174709022 0.135531321 0.988208711 0.071199134 0.002344324 -2.453740597 -0.742002547 -10.661638260 0.000000000 0.000000000 -10.000000000
1776608257.712217808 0.545786917 0.269316792 0.174875408 0.135561198 0.988204956 0.071212880 0.001681705 -2.533504009 -0.786977768 -10.791365623 0.000000000 0.000000000 -10.000000000
1776608257.717280865 0.545752764 0.269890606 0.174952298 0.135582253 0.988202631 0.071212173 0.001361201 -2.609713793 -0.835036695 -10.919016838 0.000000000 0.000000000 -10.000000000
1776608257.722278595 0.545747578 0.270443350 0.175049514 0.135583460 0.988203347 0.071205087 0.001054737 -2.681859732 -0.886096597 -11.044474602 0.000000000 0.000000000 -10.000000000
1776608257.727232933 0.545764029 0.270981520 0.175152481 0.135580972 0.988204777 0.071193576 0.000760798 -2.749461412 -0.940053582 -11.167640686 0.000000000 0.000000000 -10.000000000
1776608257.731977701 0.545764029 0.270981520 0.175152481 0.135580972 0.988204777 0.071193576 0.000760798 -2.812073231 -0.996785939 -11.288438797 0.000000000 0.000000000 -10.000000000
1776608257.736876726 0.545796454 0.271497846 0.175260514 0.135569051 0.988208413 0.071168698 0.000468539 -2.869290590 -1.056156993 -11.406808853 0.000000000 0.000000000 -10.000000000
1776608257.741881609 0.545855224 0.272002429 0.175388426 0.135552704 0.988211989 0.071150988 0.000189476 -2.920752764 -1.118016958 -11.522710800 0.000000000 0.000000000 -10.000000000
1776608257.746890306 0.545884311 0.272477061 0.175477684 0.135528803 0.988218904 0.071100585 -0.000133327 -2.966145992 -1.182206035 -11.636116028 0.000000000 0.000000000 -10.000000000
1776608257.751847982 0.545909703 0.272930741 0.175564647 0.135492116 0.988228559 0.071034715 -0.000474175 -3.005204916 -1.248555422 -11.747014999 0.000000000 0.000000000 -10.000000000
1776608257.757175684 0.545967579 0.273377657 0.175659299 0.135442972 0.988239050 0.070980214 -0.000798176 -3.037712812 -1.316890001 -11.855407715 0.000000000 0.000000000 -10.000000000
1776608257.762251139 0.546028316 0.273816407 0.175753236 0.135387689 0.988250434 0.070922308 -0.001128848 -3.063502073 -1.387030721 -11.961306572 0.000000000 0.000000000 -10.000000000
1776608257.767226934 0.546164155 0.274652541 0.175934702 0.135263517 0.988275588 0.070794553 -0.001814098 -3.082453012 -1.458796620 -12.064729691 0.000000000 0.000000000 -10.000000000
1776608257.772148371 0.546252370 0.275053442 0.176028937 0.135199264 0.988287747 0.070737451 -0.002163326 -3.094490528 -1.532007217 -12.165706635 0.000000000 0.000000000 -10.000000000
1776608257.777166128 0.546252370 0.275053442 0.176028937 0.135199264 0.988287747 0.070737451 -0.002163326 -3.099582672 -1.606483579 -12.264269829 0.000000000 0.000000000 -10.000000000
1776608257.782211781 0.546495259 0.275851607 0.176226050 0.135103628 0.988304853 0.070656724 -0.002845703 -3.097736597 -1.682048440 -12.360461235 0.000000000 0.000000000 -10.000000000
1776608257.787206173 0.546678305 0.276244521 0.176339954 0.135092020 0.988305926 0.070651427 -0.003156714 -3.088996649 -1.758527994 -12.454324722 0.000000000 0.000000000 -10.000000000
1776608257.791908503 0.546893597 0.276633739 0.176453203 0.135078624 0.988305271 0.070672259 -0.003450344 -3.073442459 -1.835752964 -12.545907021 0.000000000 0.000000000 -10.000000000
1776608257.797243595 0.546893597 0.276633739 0.176453203 0.135078624 0.988305271 0.070672259 -0.003450344 -3.051185846 -1.913560987 -12.635253906 0.000000000 0.000000000 -10.000000000
1776608257.801931143 0.547268391 0.277369618 0.176667511 0.135083020 0.988298416 0.070722066 -0.004146527 -3.022365093 -1.991798162 -12.722408295 0.000000000 0.000000000 -10.000000000
1776608257.807293892 0.547268391 0.277369618 0.176667511 0.135083020 0.988298416 0.070722066 -0.004146527 -2.987141371 -2.070320606 -12.807407379 0.000000000 0.000000000 -10.000000000
1776608257.811976910 0.547749996 0.278146476 0.176890820 0.135124564 0.988276780 0.070903920 -0.004799455 -2.945693731 -2.148995161 -12.890281677 0.000000000 0.000000000 -10.000000000
1776608257.817260504 0.547749996 0.278146476 0.176890820 0.135124564 0.988276780 0.070903920 -0.004799455 -2.898216248 -2.227700949 -12.971052170 0.000000000 0.000000000 -10.000000000
1776608257.822506666 0.548238873 0.278893650 0.177060127 0.135249227 0.988238394 0.071147412 -0.005525430 -2.844915390 -2.306328297 -13.049732208 0.000000000 0.000000000 -10.000000000
1776608257.827355862 0.548514247 0.279268980 0.177159935 0.135331899 0.988213360 0.071309209 -0.005882847 -2.786008120 -2.384779692 -13.126324654 0.000000000 0.000000000 -10.000000000
1776608257.832082510 0.548838258 0.279659122 0.177293748 0.135418713 0.988184690 0.071515128 -0.006198462 -2.721720695 -2.462965488 -13.200822830 0.000000000 0.000000000 -10.000000000
1776608257.837049484 0.548838258 0.279659122 0.177293748 0.135418713 0.988184690 0.071515128 -0.006198462 -2.652286291 -2.540804148 -13.273214340 0.000000000 0.000000000 -10.000000000
1776608257.841853857 0.549178243 0.280061096 0.177436113 0.135511473 0.988152921 0.071749948 -0.006514243 -2.577942848 -2.618220568 -13.343477249 0.000000000 0.000000000 -10.000000000
1776608257.847025156 0.549492121 0.280458003 0.177561522 0.135618478 0.988118827 0.071984075 -0.006864694 -2.498928785 -2.695146084 -13.411584854 0.000000000 0.000000000 -10.000000000
1776608257.851903200 0.549784005 0.280856371 0.177665770 0.135738462 0.988082349 0.072219953 -0.007250495 -2.415481091 -2.771518707 -13.477504730 0.000000000 0.000000000 -10.000000000
1776608257.856848240 0.550072253 0.281251252 0.177761912 0.135867119 0.988044441 0.072455004 -0.007651342 -2.327832699 -2.847280741 -13.541201591 0.000000000 0.000000000 -10.000000000
1776608257.862034082 0.550375402 0.281641245 0.177849412 0.136009172 0.988004029 0.072696552 -0.008049097 -2.236213923 -2.922378302 -13.602642059 0.000000000 0.000000000 -10.000000000
1776608257.866878271 0.550718129 0.282031864 0.177939475 0.136171997 0.987958789 0.072963819 -0.008418318 -2.140849590 -2.996761322 -13.661794662 0.000000000 0.000000000 -10.000000000
1776608257.871840715 0.551105440 0.282427162 0.178041667 0.136355430 0.987908423 0.073263273 -0.008752988 -2.041955948 -3.070383787 -13.718635559 0.000000000 0.000000000 -10.000000000
1776608257.876868010 0.551569283 0.282836825 0.178178757 0.136560917 0.987851620 0.073613442 -0.009018964 -1.939734578 -3.143207073 -13.773149490 0.000000000 0.000000000 -10.000000000
1776608257.881996870 0.552122653 0.283267587 0.178347319 0.136787325 0.987787902 0.074026242 -0.009187770 -1.834365129 -3.215203524 -13.825327873 0.000000000 0.000000000 -10.000000000
1776608257.889859200 0.552736700 0.283707678 0.178532600 0.137034312 0.987718403 0.074481338 -0.009296631 -1.726001263 -3.286356449 -13.875173569 0.000000000 0.000000000 -10.000000000
1776608257.891910315 0.553941250 0.284586132 0.178818047 0.137558445 0.987572730 0.075411402 -0.009535457 -1.614768267 -3.356660604 -13.922690392 0.000000000 0.000000000 -10.000000000
1776608257.897261143 0.553941250 0.284586132 0.178818047 0.137558445 0.987572730 0.075411402 -0.009535457 -1.500763774 -3.426118851 -13.967888832 0.000000000 0.000000000 -10.000000000
1776608257.902249575 0.554603577 0.285052001 0.178947598 0.137838051 0.987493753 0.075925641 -0.009593139 -1.384059906 -3.494738817 -14.010779381 0.000000000 0.000000000 -10.000000000
1776608257.907077551 0.555320799 0.285536408 0.179083019 0.138123214 0.987411618 0.076474801 -0.009585665 -1.264705300 -3.562529087 -14.051375389 0.000000000 0.000000000 -10.000000000
1776608257.912111044 0.556098819 0.286033988 0.179243118 0.138414010 0.987326086 0.077061877 -0.009500292 -1.142726660 -3.629497766 -14.089694023 0.000000000 0.000000000 -10.000000000
1776608257.916857004 0.556911767 0.286531597 0.179416507 0.138721377 0.987236202 0.077673309 -0.009377984 -1.018131375 -3.695648193 -14.125753403 0.000000000 0.000000000 -10.000000000
1776608257.922157526 0.557812035 0.287020564 0.179626793 0.139046222 0.987141252 0.078322425 -0.009156987 -0.890911520 -3.760973692 -14.159572601 0.000000000 0.000000000 -10.000000000
1776608257.927231789 0.559707582 0.287980437 0.180042028 0.139733925 0.986941516 0.079664871 -0.008621081 -0.761050344 -3.825454235 -14.191171646 0.000000000 0.000000000 -10.000000000
1776608257.931897640 0.560634136 0.288433313 0.180213362 0.140082821 0.986841857 0.080310792 -0.008376439 -0.628529906 -3.889051914 -14.220570564 0.000000000 0.000000000 -10.000000000
1776608257.937233686 0.560634136 0.288433313 0.180213362 0.140082821 0.986841857 0.080310792 -0.008376439 -0.493340254 -3.951706409 -14.247787476 0.000000000 0.000000000 -10.000000000
1776608257.942167282 0.561556697 0.288867205 0.180373430 0.140429571 0.986743271 0.080938958 -0.008134255 -0.355487972 -4.013331890 -14.272837639 0.000000000 0.000000000 -10.000000000
1776608257.946838140 0.563463867 0.289689451 0.180704623 0.141115129 0.986547947 0.082171731 -0.007580807 -0.215002999 -4.073813438 -14.295732498 0.000000000 0.000000000 -10.000000000
1776608257.951884508 0.563463867 0.289689451 0.180704623 0.141115129 0.986547947 0.082171731 -0.007580807 -0.071942918 -4.133005619 -14.316474915 0.000000000 0.000000000 -10.000000000
1776608257.956863165 0.564419329 0.290092021 0.180882543 0.141452447 0.986450791 0.082781330 -0.007300691 0.073603682 -4.190733433 -14.335063934 0.000000000 0.000000000 -10.000000000
1776608257.961826324 0.565407217 0.290494651 0.181088179 0.141787961 0.986352682 0.083401524 -0.006983866 0.221514285 -4.246790409 -14.351487160 0.000000000 0.000000000 -10.000000000
1776608257.966820717 0.566397667 0.290863037 0.181292772 0.142126560 0.986255527 0.083997764 -0.006666409 0.371630251 -4.300941467 -14.365725517 0.000000000 0.000000000 -10.000000000
1776608257.972067595 0.567386448 0.291195810 0.181473106 0.142470762 0.986159444 0.084565125 -0.006357296 0.523755908 -4.352924824 -14.377755165 0.000000000 0.000000000 -10.000000000
1776608257.976830006 0.569302320 0.291761994 0.181752473 0.143154040 0.985974789 0.085597970 -0.005797257 0.677659452 -4.402455330 -14.387544632 0.000000000 0.000000000 -10.000000000
1776608257.982150316 0.569302320 0.291761994 0.181752473 0.143154040 0.985974789 0.085597970 -0.005797257 0.833075225 -4.449231625 -14.395062447 0.000000000 0.000000000 -10.000000000
1776608257.986901999 0.570213914 0.291999161 0.181853861 0.143476710 0.985889852 0.086051092 -0.005551441 0.989705503 -4.492935658 -14.400271416 0.000000000 0.000000000 -10.000000000
1776608257.992129326 0.571106732 0.292213261 0.181950629 0.143784180 0.985809326 0.086474694 -0.005313987 1.147220731 -4.533238888 -14.403135300 0.000000000 0.000000000 -10.000000000
1776608257.996835470 0.571945727 0.292415172 0.182034880 0.144078344 0.985732913 0.086866111 -0.005133102 1.305258632 -4.569801807 -14.403616905 0.000000000 0.000000000 -10.000000000
1776608258.002145767 0.572724462 0.292610526 0.182122320 0.144364133 0.985659361 0.087231636 -0.005023214 1.463423610 -4.602280140 -14.401686668 0.000000000 0.000000000 -10.000000000
1776608258.006832838 0.574296892 0.292995095 0.182358921 0.144967049 0.985504687 0.087988161 -0.004817458 1.621288538 -4.630329609 -14.397316933 0.000000000 0.000000000 -10.000000000
1776608258.012247562 0.574296892 0.292995095 0.182358921 0.144967049 0.985504687 0.087988161 -0.004817458 1.778400064 -4.653612137 -14.390489578 0.000000000 0.000000000 -10.000000000
1776608258.016989231 0.575605273 0.293309480 0.182541490 0.145595700 0.985352576 0.088643797 -0.004940759 1.934283853 -4.671806335 -14.381192207 0.000000000 0.000000000 -10.000000000
1776608258.022011757 0.575605273 0.293309480 0.182541490 0.145595700 0.985352576 0.088643797 -0.004940759 2.088447809 -4.684614658 -14.369419098 0.000000000 0.000000000 -10.000000000
1776608258.026828766 0.576121151 0.293457836 0.182581156 0.145936877 0.985273600 0.088946484 -0.005182206 2.240384817 -4.691768646 -14.355173111 0.000000000 0.000000000 -10.000000000
1776608258.031898260 0.576564312 0.293589234 0.182610720 0.146303847 0.985191047 0.089236803 -0.005533865 2.389572620 -4.693032265 -14.338465691 0.000000000 0.000000000 -10.000000000
1776608258.036908388 0.576942265 0.293706059 0.182636231 0.146680936 0.985107481 0.089511067 -0.005975012 2.535478115 -4.688203812 -14.319318771 0.000000000 0.000000000 -10.000000000
1776608258.042158127 0.577297390 0.293826848 0.182692379 0.147052512 0.985024035 0.089786366 -0.006452042 2.677560091 -4.677118778 -14.297761917 0.000000000 0.000000000 -10.000000000
1776608258.046910048 0.577585399 0.293926179 0.182756305 0.147430554 0.984940708 0.090038225 -0.007014778 2.815277338 -4.659651279 -14.273839951 0.000000000 0.000000000 -10.000000000
1776608258.052176237 0.577866018 0.294018358 0.182848662 0.147811562 0.984855831 0.090293594 -0.007603470 2.948096514 -4.635716915 -14.247608185 0.000000000 0.000000000 -10.000000000
1776608258.057236671 0.578328729 0.294176728 0.183002472 0.148526669 0.984694064 0.090763837 -0.008910693 3.075501680 -4.605278015 -14.219133377 0.000000000 0.000000000 -10.000000000
1776608258.062235117 0.578328729 0.294176728 0.183002472 0.148526669 0.984694064 0.090763837 -0.008910693 3.197003603 -4.568347454 -14.188493729 0.000000000 0.000000000 -10.000000000
1776608258.067265272 0.578483045 0.294199824 0.183037460 0.148819372 0.984625936 0.090947077 -0.009653581 3.312149048 -4.524991512 -14.155773163 0.000000000 0.000000000 -10.000000000
1776608258.072268009 0.578565538 0.294182807 0.183028191 0.149068341 0.984567881 0.091076225 -0.010479283 3.420527458 -4.475329876 -14.121067047 0.000000000 0.000000000 -10.000000000
1776608258.076922655 0.578645051 0.294161141 0.183028340 0.149281219 0.984514475 0.091206819 -0.011300092 3.521778822 -4.419531345 -14.084472656 0.000000000 0.000000000 -10.000000000
1776608258.082404375 0.578754246 0.294123083 0.183043212 0.149469063 0.984463394 0.091347970 -0.012097484 3.615600109 -4.357815266 -14.046090126 0.000000000 0.000000000 -10.000000000
1776608258.087249279 0.578986585 0.294036835 0.183090746 0.149673134 0.984384000 0.091649756 -0.013653290 3.701752901 -4.290445328 -14.006019592 0.000000000 0.000000000 -10.000000000
1776608258.092243433 0.578986585 0.294036835 0.183090746 0.149673134 0.984384000 0.091649756 -0.013653290 3.780071020 -4.217729092 -13.964364052 0.000000000 0.000000000 -10.000000000
1776608258.097186089 0.579133093 0.293982118 0.183125407 0.149726823 0.984349132 0.091822177 -0.014400659 3.850460768 -4.140012264 -13.921222687 0.000000000 0.000000000 -10.000000000
1776608258.102225065 0.579326570 0.293936044 0.183159888 0.149761692 0.984314919 0.092019834 -0.015097915 3.912902594 -4.057671547 -13.876693726 0.000000000 0.000000000 -10.000000000
1776608258.107212782 0.579785883 0.293854982 0.183237463 0.149882287 0.984230280 0.092497237 -0.016440319 3.967450380 -3.971112490 -13.830868721 0.000000000 0.000000000 -10.000000000
1776608258.112179995 0.579785883 0.293854982 0.183237463 0.149882287 0.984230280 0.092497237 -0.016440319 4.014232159 -3.880763054 -13.783836365 0.000000000 0.000000000 -10.000000000
1776608258.117190599 0.580185413 0.293743700 0.183288246 0.150064155 0.984132230 0.092981227 -0.017861506 4.053449631 -3.787070036 -13.735680580 0.000000000 0.000000000 -10.000000000
1776608258.121987581 0.580185413 0.293743700 0.183288246 0.150064155 0.984132230 0.092981227 -0.017861506 4.085374355 -3.690491199 -13.686484337 0.000000000 0.000000000 -10.000000000
1776608258.126903296 0.580386996 0.293684959 0.183316708 0.150185525 0.984076023 0.093238406 -0.018580660 4.110341549 -3.591489077 -13.636325836 0.000000000 0.000000000 -10.000000000
1776608258.131944656 0.580600500 0.293618411 0.183336020 0.150348440 0.984012067 0.093504675 -0.019298146 4.128745556 -3.490523338 -13.585282326 0.000000000 0.000000000 -10.000000000
1776608258.136907816 0.580802560 0.293547809 0.183347642 0.150527686 0.983944118 0.093776122 -0.020035865 4.141030312 -3.388044834 -13.533429146 0.000000000 0.000000000 -10.000000000
1776608258.141892672 0.581025243 0.293475449 0.183369786 0.150742918 0.983868599 0.094065726 -0.020756159 4.147682667 -3.284488201 -13.480837822 0.000000000 0.000000000 -10.000000000
1776608258.146905422 0.581269264 0.293401480 0.183403492 0.150972277 0.983789206 0.094370328 -0.021456128 4.149221420 -3.180266619 -13.427578926 0.000000000 0.000000000 -10.000000000
1776608258.151819706 0.581525505 0.293322176 0.183444500 0.151208937 0.983706474 0.094693847 -0.022146745 4.146186829 -3.075766563 -13.373715401 0.000000000 0.000000000 -10.000000000
1776608258.156815529 0.581785977 0.293238401 0.183482796 0.151482105 0.983616710 0.095025554 -0.022836544 4.139132500 -2.971343994 -13.319302559 0.000000000 0.000000000 -10.000000000
1776608258.161826849 0.582006633 0.293134838 0.183497518 0.151765943 0.983524501 0.095345654 -0.023576478 4.128620625 -2.867322445 -13.264385223 0.000000000 0.000000000 -10.000000000
1776608258.166833878 0.582200825 0.293026209 0.183497995 0.152035877 0.983433306 0.095662534 -0.024345836 4.115214348 -2.763989925 -13.208994865 0.000000000 0.000000000 -10.000000000
1776608258.172376394 0.582382977 0.292891711 0.183486789 0.152322203 0.983339906 0.095963195 -0.025132181 4.099470615 -2.661595106 -13.153149605 0.000000000 0.000000000 -10.000000000
1776608258.176862955 0.582577646 0.292763650 0.183468252 0.152597189 0.983246386 0.096278787 -0.025905361 4.081933022 -2.560346842 -13.096854210 0.000000000 0.000000000 -10.000000000
1776608258.182371616 0.582771063 0.292622715 0.183452010 0.152860776 0.983153403 0.096597515 -0.026681552 4.063127518 -2.460414171 -13.040099144 0.000000000 0.000000000 -10.000000000
1776608258.187040806 0.582966864 0.292478174 0.183443755 0.153129801 0.983058572 0.096920319 -0.027450817 4.043558121 -2.361927986 -12.982862473 0.000000000 0.000000000 -10.000000000
1776608258.192174435 0.583183587 0.292329937 0.183464855 0.153386474 0.982963026 0.097268060 -0.028198374 4.023706436 -2.264981985 -12.925117493 0.000000000 0.000000000 -10.000000000
1776608258.196857452 0.583666563 0.292039216 0.183544010 0.153863654 0.982773006 0.098005481 -0.029633306 4.004028797 -2.169635057 -12.866831779 0.000000000 0.000000000 -10.000000000
1776608258.201837540 0.583666563 0.292039216 0.183544010 0.153863654 0.982773006 0.098005481 -0.029633306 3.984953165 -2.075910091 -12.807971001 0.000000000 0.000000000 -10.000000000
1776608258.206837416 0.583903193 0.291889071 0.183556497 0.154084817 0.982678652 0.098381430 -0.030358139 3.966876984 -1.983798385 -12.748499870 0.000000000 0.000000000 -10.000000000
1776608258.211827993 0.584104896 0.291724026 0.183543116 0.154310688 0.982582986 0.098743252 -0.031122819 3.950161695 -1.893259168 -12.688375473 0.000000000 0.000000000 -10.000000000
1776608258.217026472 0.584278822 0.291555673 0.183521450 0.154519752 0.982488811 0.099100515 -0.031913869 3.935129166 -1.804222584 -12.627552986 0.000000000 0.000000000 -10.000000000
1776608258.222010374 0.584446132 0.291386157 0.183503121 0.154723808 0.982393920 0.099462092 -0.032711770 3.922060728 -1.716592312 -12.565983772 0.000000000 0.000000000 -10.000000000
1776608258.226858139 0.584620953 0.291217178 0.183493823 0.154931322 0.982296586 0.099838898 -0.033494968 3.911195278 -1.630247831 -12.503616333 0.000000000 0.000000000 -10.000000000
1776608258.231902361 0.584797382 0.291051298 0.183493316 0.155144855 0.982196629 0.100223668 -0.034279697 3.902729511 -1.545047998 -12.440393448 0.000000000 0.000000000 -10.000000000
1776608258.236845255 0.584956765 0.290883392 0.183491766 0.155363351 0.982093632 0.100617260 -0.035079215 3.896817446 -1.460834861 -12.376257896 0.000000000 0.000000000 -10.000000000
1776608258.241886616 0.585110664 0.290698707 0.183490038 0.155579716 0.981990516 0.101002313 -0.035890475 3.893569231 -1.377436876 -12.311147690 0.000000000 0.000000000 -10.000000000
1776608258.247009277 0.585288942 0.290519089 0.183506072 0.155803680 0.981884360 0.101407319 -0.036673021 3.893050432 -1.294672370 -12.244999886 0.000000000 0.000000000 -10.000000000
1776608258.251987457 0.585472286 0.290330589 0.183511376 0.156035915 0.981776118 0.101811938 -0.037453249 3.895282269 -1.212352514 -12.177750587 0.000000000 0.000000000 -10.000000000
1776608258.256938457 0.585654020 0.290139318 0.183516800 0.156274140 0.981665730 0.102219954 -0.038233832 3.900246382 -1.130285501 -12.109338760 0.000000000 0.000000000 -10.000000000
1776608258.261842251 0.585835755 0.289945424 0.183521628 0.156509995 0.981554687 0.102631032 -0.039011415 3.907887936 -1.048280478 -12.039708138 0.000000000 0.000000000 -10.000000000
1776608258.266829014 0.586001337 0.289734125 0.183526844 0.156743914 0.981444180 0.103027597 -0.039799932 3.918122053 -0.966150463 -11.968810081 0.000000000 0.000000000 -10.000000000
1776608258.271904945 0.586156726 0.289527476 0.183537334 0.156981274 0.981331587 0.103425920 -0.040598389 3.930836916 -0.883715272 -11.896600723 0.000000000 0.000000000 -10.000000000
1776608258.276869774 0.586312294 0.289312452 0.183546931 0.157211766 0.981219471 0.103823744 -0.041393351 3.945899010 -0.800804555 -11.823044777 0.000000000 0.000000000 -10.000000000
1776608258.281874180 0.586486042 0.289114594 0.183550686 0.157450765 0.981103837 0.104242302 -0.042166367 3.963157415 -0.717261076 -11.748116493 0.000000000 0.000000000 -10.000000000
1776608258.286864281 0.586649716 0.288905680 0.183541387 0.157668769 0.980992079 0.104645289 -0.042947445 3.982448339 -0.632944345 -11.671798706 0.000000000 0.000000000 -10.000000000
1776608258.291931391 0.586811304 0.288692474 0.183530509 0.157907411 0.980875790 0.105051346 -0.043728236 4.003599167 -0.547732532 -11.594084740 0.000000000 0.000000000 -10.000000000
1776608258.296887398 0.586969554 0.288492978 0.183524668 0.158134088 0.980759084 0.105471388 -0.044508092 4.026431084 -0.461524576 -11.514978409 0.000000000 0.000000000 -10.000000000
1776608258.301842451 0.587147236 0.288293123 0.183535337 0.158367380 0.980640709 0.105900273 -0.045262206 4.050761223 -0.374240249 -11.434491158 0.000000000 0.000000000 -10.000000000
1776608258.307206631 0.587349653 0.288098902 0.183556199 0.158590823 0.980522394 0.106348753 -0.045986116 4.076403618 -0.285820365 -11.352642059 0.000000000 0.000000000 -10.000000000
1776608258.311873436 0.587550223 0.287901491 0.183570147 0.158818483 0.980403185 0.106791772 -0.046709388 4.103169918 -0.196226463 -11.269454002 0.000000000 0.000000000 -10.000000000
1776608258.317159891 0.587758541 0.287711143 0.183586866 0.159041166 0.980282962 0.107249685 -0.047420267 4.130868912 -0.105441198 -11.184954643 0.000000000 0.000000000 -10.000000000
1776608258.321844101 0.587951660 0.287510574 0.183587611 0.159269094 0.980161190 0.107699275 -0.048147965 4.159310818 -0.013468983 -11.099168777 0.000000000 0.000000000 -10.000000000
1776608258.327248096 0.588136792 0.287309498 0.183582544 0.159495279 0.980038583 0.108150162 -0.048879594 4.188304424 0.079662703 -11.012119293 0.000000000 0.000000000 -10.000000000
1776608258.331830740 0.588531673 0.286906630 0.183556855 0.159986764 0.979783654 0.109070748 -0.050316457 4.217659950 0.173902228 -10.923826218 0.000000000 0.000000000 -10.000000000
1776608258.337224483 0.588531673 0.286906630 0.183556855 0.159986764 0.979783654 0.109070748 -0.050316457 4.247188568 0.269173801 -10.834302902 0.000000000 0.000000000 -10.000000000
1776608258.341932297 0.588738263 0.286696017 0.183539122 0.160239652 0.979654253 0.109532192 -0.051024616 4.276706696 0.365378320 -10.743561745 0.000000000 0.000000000 -10.000000000
1776608258.347180367 0.588951528 0.286487013 0.183534205 0.160496280 0.979521811 0.110011458 -0.051724821 4.306039333 0.462392926 -10.651611328 0.000000000 0.000000000 -10.000000000
1776608258.351909161 0.589539111 0.286084831 0.183591962 0.161035091 0.979251266 0.111056134 -0.052925881 4.335022926 0.560070336 -10.558460236 0.000000000 0.000000000 -10.000000000
1776608258.357298374 0.589539111 0.286084831 0.183591962 0.161035091 0.979251266 0.111056134 -0.052925881 4.363511086 0.658238947 -10.464115143 0.000000000 0.000000000 -10.000000000
1776608258.361876726 0.590267479 0.285688579 0.183643341 0.161571220 0.978984714 0.112136818 -0.053934719 4.391377926 0.756703973 -10.368586540 0.000000000 0.000000000 -10.000000000
1776608258.367245913 0.590267479 0.285688579 0.183643341 0.161571220 0.978984714 0.112136818 -0.053934719 4.418519974 0.855249107 -10.271881104 0.000000000 0.000000000 -10.000000000
1776608258.372464180 0.590681732 0.285513163 0.183647126 0.161838695 0.978851497 0.112701729 -0.054371774 4.444857597 0.953637838 -10.174011230 0.000000000 0.000000000 -10.000000000
1776608258.377183437 0.591142774 0.285311729 0.183642119 0.162085354 0.978728414 0.113240719 -0.054731589 4.470338345 1.051616669 -10.074989319 0.000000000 0.000000000 -10.000000000
1776608258.382757425 0.591648638 0.285061181 0.183621228 0.162335411 0.978613973 0.113731764 -0.055017971 4.494942665 1.148920059 -9.974831581 0.000000000 0.000000000 -10.000000000
1776608258.387087822 0.592184305 0.284783989 0.183600396 0.162547186 0.978512824 0.114190921 -0.055240430 4.518690586 1.245275617 -9.873562813 0.000000000 0.000000000 -10.000000000
1776608258.391950846 0.592817366 0.284472138 0.183575809 0.162752062 0.978424370 0.114617422 -0.055320516 4.541645527 1.340409398 -9.771211624 0.000000000 0.000000000 -10.000000000
1776608258.397232533 0.593524814 0.284133852 0.183538020 0.162945077 0.978346705 0.115021102 -0.055288162 4.563921928 1.434048414 -9.667821884 0.000000000 0.000000000 -10.000000000
1776608258.401851416 0.594376922 0.283752114 0.183499187 0.163138732 0.978281736 0.115407348 -0.055061407 4.585685730 1.525920868 -9.563441277 0.000000000 0.000000000 -10.000000000
1776608258.407280445 0.595281601 0.283320546 0.183427185 0.163323969 0.978230119 0.115734026 -0.054742713 4.607152939 1.615759134 -9.458131790 0.000000000 0.000000000 -10.000000000
1776608258.411987543 0.596251607 0.282816142 0.183317333 0.163485885 0.978198886 0.115973540 -0.054309070 4.628581524 1.703305006 -9.351963997 0.000000000 0.000000000 -10.000000000
1776608258.417213917 0.597241640 0.282282531 0.183181971 0.163632035 0.978179038 0.116160005 -0.053825248 4.650259972 1.788314819 -9.245020866 0.000000000 0.000000000 -10.000000000
1776608258.421856642 0.598344028 0.281742871 0.183068931 0.163760275 0.978169680 0.116349101 -0.053193066 4.672492981 1.870564938 -9.137398720 0.000000000 0.000000000 -10.000000000
1776608258.427204847 0.599530220 0.281175971 0.182968765 0.163891330 0.978167534 0.116521604 -0.052445944 4.695588112 1.949854851 -9.029212952 0.000000000 0.000000000 -10.000000000
1776608258.431992769 0.601893246 0.279899567 0.182750732 0.164124072 0.978191614 0.116681881 -0.050890535 4.719846249 2.026010990 -8.920597076 0.000000000 0.000000000 -10.000000000
1776608258.437258244 0.601893246 0.279899567 0.182750732 0.164124072 0.978191614 0.116681881 -0.050890535 4.745548248 2.098891258 -8.811704636 0.000000000 0.000000000 -10.000000000
1776608258.441878319 0.603068888 0.279211432 0.182651550 0.164219216 0.978216827 0.116684489 -0.050085742 4.772943020 2.168390751 -8.702706337 0.000000000 0.000000000 -10.000000000
1776608258.447266579 0.604247034 0.278495431 0.182545155 0.164305732 0.978247881 0.116651237 -0.049266089 4.802241325 2.234443903 -8.593791962 0.000000000 0.000000000 -10.000000000
1776608258.451920748 0.605388463 0.277743042 0.182424158 0.164382488 0.978285730 0.116557039 -0.048475001 4.833601952 2.297029018 -8.485171318 0.000000000 0.000000000 -10.000000000
1776608258.457275152 0.606461823 0.276936710 0.182269931 0.164440528 0.978332579 0.116380192 -0.047753278 4.867128372 2.356168032 -8.377069473 0.000000000 0.000000000 -10.000000000
1776608258.461998463 0.608403265 0.275225520 0.181906670 0.164526701 0.978443801 0.115824237 -0.046513014 4.902856827 2.411930323 -8.269730568 0.000000000 0.000000000 -10.000000000
1776608258.467226982 0.608403265 0.275225520 0.181906670 0.164526701 0.978443801 0.115824237 -0.046513014 4.940753937 2.464430809 -8.163414955 0.000000000 0.000000000 -10.000000000
1776608258.472256899 0.609304905 0.274342626 0.181739032 0.164540157 0.978507936 0.115485422 -0.045955420 4.980718136 2.513826370 -8.058397293 0.000000000 0.000000000 -10.000000000
1776608258.477097034 0.610161602 0.273442864 0.181577384 0.164558187 0.978573203 0.115108371 -0.045443721 5.022579670 2.560310125 -7.954964161 0.000000000 0.000000000 -10.000000000
1776608258.482324839 0.610937953 0.272524536 0.181400031 0.164582029 0.978638589 0.114685819 -0.045016043 5.066106796 2.604105949 -7.853412151 0.000000000 0.000000000 -10.000000000
1776608258.486952305 0.612376034 0.270645767 0.181016356 0.164608195 0.978775263 0.113761969 -0.044287391 5.111013412 2.645462513 -7.754045010 0.000000000 0.000000000 -10.000000000
1776608258.492248535 0.612376034 0.270645767 0.181016356 0.164608195 0.978775263 0.113761969 -0.044287391 5.156965733 2.684646368 -7.657171726 0.000000000 0.000000000 -10.000000000
1776608258.496969223 0.613091886 0.269699603 0.180839539 0.164661288 0.978835940 0.113298252 -0.043936495 5.203594685 2.721934557 -7.563101768 0.000000000 0.000000000 -10.000000000
1776608258.502433777 0.613813758 0.268746942 0.180665970 0.164742798 0.978891730 0.112835638 -0.043576453 5.250509262 2.757605076 -7.472142220 0.000000000 0.000000000 -10.000000000
1776608258.506948948 0.615284562 0.266869158 0.180350810 0.164905995 0.978997588 0.111969039 -0.042810101 5.297309399 2.791926861 -7.384590626 0.000000000 0.000000000 -10.000000000
1776608258.512248039 0.615284562 0.266869158 0.180350810 0.164905995 0.978997588 0.111969039 -0.042810101 5.343601704 2.825151205 -7.300734520 0.000000000 0.000000000 -10.000000000
1776608258.516952991 0.616075873 0.265952468 0.180207670 0.165050000 0.979035199 0.111594230 -0.042370930 5.389011860 2.857503414 -7.220843315 0.000000000 0.000000000 -10.000000000
1776608258.522154093 0.616874874 0.265075713 0.180051267 0.165233895 0.979061306 0.111261427 -0.041924410 5.433193207 2.889178753 -7.145165443 0.000000000 0.000000000 -10.000000000
1776608258.526859760 0.617698431 0.264224350 0.179893702 0.165439293 0.979079664 0.110970788 -0.041453466 5.475833416 2.920338869 -7.073924065 0.000000000 0.000000000 -10.000000000
1776608258.531909943 0.618558824 0.263400346 0.179747611 0.165642902 0.979094803 0.110723391 -0.040941190 5.516655445 2.951112270 -7.007313251 0.000000000 0.000000000 -10.000000000
1776608258.536860704 0.619439900 0.262577444 0.179605037 0.165864423 0.979103923 0.110506579 -0.040408216 5.555421829 2.981592655 -6.945497513 0.000000000 0.000000000 -10.000000000
1776608258.541915178 0.620355964 0.261779159 0.179489553 0.166117370 0.979104698 0.110327683 -0.039834410 5.591932297 3.011841297 -6.888607025 0.000000000 0.000000000 -10.000000000
1776608258.546859741 0.621283114 0.260973930 0.179393977 0.166407883 0.979097486 0.110163286 -0.039250832 5.626026630 3.041890621 -6.836740017 0.000000000 0.000000000 -10.000000000
1776608258.552301407 0.622215927 0.260170400 0.179303885 0.166686982 0.979091167 0.110007800 -0.038654741 5.657578945 3.071747780 -6.789958477 0.000000000 0.000000000 -10.000000000
1776608258.556935310 0.623206854 0.259371787 0.179238528 0.166960105 0.979083300 0.109895542 -0.037989043 5.686497688 3.101397991 -6.748288155 0.000000000 0.000000000 -10.000000000
1776608258.562423706 0.624207556 0.258559585 0.179158151 0.167235941 0.979074538 0.109786421 -0.037310496 5.712719917 3.130807877 -6.711716175 0.000000000 0.000000000 -10.000000000
1776608258.567286253 0.626088619 0.256949127 0.178970277 0.167812973 0.979047000 0.109558672 -0.036092184 5.736201763 3.159928799 -6.680190086 0.000000000 0.000000000 -10.000000000
1776608258.572307348 0.626088619 0.256949127 0.178970277 0.167812973 0.979047000 0.109558672 -0.036092184 5.756906986 3.188703060 -6.653619289 0.000000000 0.000000000 -10.000000000
1776608258.577304840 0.627004266 0.256190270 0.178879946 0.168076023 0.979030609 0.109491132 -0.035513848 5.774793625 3.217067719 -6.631874084 0.000000000 0.000000000 -10.000000000
1776608258.582163095 0.627878606 0.255441815 0.178800821 0.168353900 0.979006469 0.109447904 -0.034991611 5.789804935 3.244956017 -6.614790440 0.000000000 0.000000000 -10.000000000
1776608258.587284327 0.628650904 0.254739285 0.178721786 0.168658465 0.978968263 0.109444171 -0.034604091 5.801860332 3.272299051 -6.602169037 0.000000000 0.000000000 -10.000000000
1776608258.591962099 0.629332125 0.254067421 0.178647220 0.168959424 0.978922725 0.109471165 -0.034336939 5.810848236 3.299025059 -6.593780994 0.000000000 0.000000000 -10.000000000
1776608258.597100258 0.629978955 0.253468633 0.178608596 0.169273421 0.978861809 0.109596521 -0.034127388 5.816625118 3.325060368 -6.589374065 0.000000000 0.000000000 -10.000000000
1776608258.602439165 0.630539000 0.252865702 0.178536236 0.169635758 0.978785753 0.109741718 -0.034042437 5.819016933 3.350328684 -6.588673592 0.000000000 0.000000000 -10.000000000
1776608258.606963396 0.631028652 0.252274126 0.178467005 0.170027331 0.978696942 0.109922439 -0.034058861 5.817828655 3.374752998 -6.591387749 0.000000000 0.000000000 -10.000000000
1776608258.612213135 0.631509423 0.251723379 0.178418398 0.170440614 0.978596330 0.110167652 -0.034093320 5.812855721 3.398257732 -6.597209930 0.000000000 0.000000000 -10.000000000
1776608258.616886854 0.631965578 0.251222223 0.178363949 0.170876771 0.978482544 0.110478446 -0.034168862 5.803894043 3.420768738 -6.605820179 0.000000000 0.000000000 -10.000000000
1776608258.621841431 0.632374823 0.250773340 0.178305238 0.171310872 0.978361249 0.110839777 -0.034297831 5.790756702 3.442211866 -6.616889000 0.000000000 0.000000000 -10.000000000
1776608258.627238512 0.632836580 0.250349522 0.178269506 0.171771049 0.978229642 0.111268103 -0.034363538 5.773284912 3.462512255 -6.630076408 0.000000000 0.000000000 -10.000000000
1776608258.632288694 0.633348703 0.249930561 0.178232759 0.172239408 0.978095412 0.111723900 -0.034361463 5.751362801 3.481592178 -6.645034790 0.000000000 0.000000000 -10.000000000
1776608258.637392998 0.633830488 0.249546319 0.178174913 0.172704816 0.977956355 0.112213835 -0.034387361 5.724926949 3.499374866 -6.661410332 0.000000000 0.000000000 -10.000000000
1776608258.642186642 0.634333968 0.249181539 0.178129703 0.173167288 0.977815807 0.112729020 -0.034373846 5.693969727 3.515788317 -6.678847790 0.000000000 0.000000000 -10.000000000
1776608258.647318840 0.634867430 0.248815835 0.178091735 0.173617750 0.977675438 0.113268919 -0.034318279 5.658542156 3.530768156 -6.696995735 0.000000000 0.000000000 -10.000000000
1776608258.652354002 0.635452032 0.248426527 0.178051174 0.174079955 0.977534711 0.113810606 -0.034193385 5.618754864 3.544262648 -6.715508938 0.000000000 0.000000000 -10.000000000
1776608258.657290220 0.636054039 0.248018444 0.178031772 0.174547017 0.977393091 0.114357896 -0.034035131 5.574774742 3.556235075 -6.734051704 0.000000000 0.000000000 -10.000000000
1776608258.662357807 0.636661887 0.247584730 0.178014845 0.174994797 0.977256536 0.114893951 -0.033850323 5.526820183 3.566665888 -6.752302170 0.000000000 0.000000000 -10.000000000
1776608258.667302370 0.637284636 0.247136474 0.178001910 0.175452992 0.977119386 0.115424946 -0.033631254 5.475155354 3.575556040 -6.769950867 0.000000000 0.000000000 -10.000000000
1776608258.672234535 0.637919486 0.246694297 0.177981913 0.175882787 0.976987064 0.115962327 -0.033380076 5.420085907 3.582926035 -6.786706448 0.000000000 0.000000000 -10.000000000
1776608258.677422762 0.638542593 0.246242553 0.177962065 0.176307499 0.976857007 0.116485387 -0.033124555 5.361948013 3.588817596 -6.802291393 0.000000000 0.000000000 -10.000000000
1776608258.682325602 0.639167190 0.245766759 0.177937001 0.176716313 0.976732612 0.116988011 -0.032841396 5.301101685 3.593293190 -6.816446781 0.000000000 0.000000000 -10.000000000
1776608258.687243938 0.640388429 0.244794846 0.177870721 0.177512944 0.976491034 0.117960431 -0.032245655 5.237920284 3.596438408 -6.828930855 0.000000000 0.000000000 -10.000000000
1776608258.692248344 0.640388429 0.244794846 0.177870721 0.177512944 0.976491034 0.117960431 -0.032245655 5.172780991 3.598361492 -6.839518070 0.000000000 0.000000000 -10.000000000
1776608258.697269678 0.641007662 0.244255006 0.177837998 0.177907661 0.976376414 0.118405446 -0.031907812 5.106060028 3.599194527 -6.847999573 0.000000000 0.000000000 -10.000000000
1776608258.702252388 0.641604364 0.243679702 0.177790672 0.178304464 0.976265728 0.118810371 -0.031573270 5.038126469 3.599093676 -6.854183197 0.000000000 0.000000000 -10.000000000
1776608258.706927776 0.642195702 0.243056417 0.177733034 0.178688407 0.976163328 0.119168058 -0.031218020 4.969338894 3.598240852 -6.857894421 0.000000000 0.000000000 -10.000000000
1776608258.711901426 0.642772555 0.242389888 0.177660257 0.179066688 0.976069331 0.119466148 -0.030847443 4.900041103 3.596842766 -6.858974934 0.000000000 0.000000000 -10.000000000
1776608258.717299938 0.643879473 0.240880698 0.177475274 0.179740146 0.975925446 0.119831324 -0.030057598 4.830558300 3.595130682 -6.857284069 0.000000000 0.000000000 -10.000000000
1776608258.722181559 0.644387662 0.240078598 0.177370518 0.180022120 0.975874960 0.119917765 -0.029661549 4.761194229 3.593357563 -6.852698326 0.000000000 0.000000000 -10.000000000
1776608258.727280140 0.644387662 0.240078598 0.177370518 0.180022120 0.975874960 0.119917765 -0.029661549 4.692224979 3.591792583 -6.845114708 0.000000000 0.000000000 -10.000000000
1776608258.732059717 0.644840002 0.239229023 0.177235335 0.180284604 0.975836754 0.119924605 -0.029293774 4.623896122 3.590718031 -6.834449291 0.000000000 0.000000000 -10.000000000
1776608258.736881733 0.645243406 0.238347232 0.177074999 0.180531025 0.975807846 0.119871579 -0.028955685 4.556420326 3.590422630 -6.820641518 0.000000000 0.000000000 -10.000000000
1776608258.742017508 0.645608246 0.237459064 0.176904947 0.180753067 0.975786626 0.119784728 -0.028642602 4.489973545 3.591195583 -6.803654671 0.000000000 0.000000000 -10.000000000
1776608258.746879339 0.645917058 0.236546695 0.176710844 0.180953860 0.975774527 0.119643614 -0.028374778 4.424696445 3.593321800 -6.783479691 0.000000000 0.000000000 -10.000000000
1776608258.752288818 0.646214187 0.235589117 0.176511437 0.181161329 0.975766480 0.119458333 -0.028107716 4.360692978 3.597076893 -6.760138988 0.000000000 0.000000000 -10.000000000
1776608258.757359505 0.646492720 0.234616071 0.176342607 0.181368113 0.975760937 0.119252264 -0.027841588 4.298034191 3.602722406 -6.733686924 0.000000000 0.000000000 -10.000000000
1776608258.762323618 0.646935999 0.232623428 0.176024586 0.181759626 0.975761712 0.118757509 -0.027370444 4.236760139 3.610502005 -6.704213142 0.000000000 0.000000000 -10.000000000
1776608258.766873360 0.647119582 0.231620178 0.175856501 0.181942448 0.975767493 0.118480243 -0.027151043 4.176882744 3.620637417 -6.671838760 0.000000000 0.000000000 -10.000000000
1776608258.771910191 0.647119582 0.231620178 0.175856501 0.181942448 0.975767493 0.118480243 -0.027151043 4.118386269 3.633324146 -6.636716366 0.000000000 0.000000000 -10.000000000
1776608258.776892662 0.647265196 0.230628639 0.175674528 0.182123497 0.975775063 0.118184939 -0.026951730 4.061231613 3.648729324 -6.599027634 0.000000000 0.000000000 -10.000000000
1776608258.781964302 0.647353411 0.229637355 0.175476521 0.182303295 0.975785553 0.117856525 -0.026794158 4.005358219 3.666989565 -6.558983326 0.000000000 0.000000000 -10.000000000
1776608258.787224770 0.647404969 0.228635624 0.175282657 0.182452634 0.975804865 0.117497176 -0.026651867 3.950687170 3.688209057 -6.516819000 0.000000000 0.000000000 -10.000000000
1776608258.792127371 0.647474527 0.226616979 0.174968243 0.182769418 0.975842774 0.116755269 -0.026351035 3.897124290 3.712461233 -6.472795486 0.000000000 0.000000000 -10.000000000
1776608258.796861887 0.647474527 0.226616979 0.174968243 0.182769418 0.975842774 0.116755269 -0.026351035 3.844563961 3.739787340 -6.427196503 0.000000000 0.000000000 -10.000000000
1776608258.802164555 0.647501051 0.225614935 0.174842656 0.182909802 0.975864470 0.116390944 -0.026184874 3.792894363 3.770194054 -6.380324364 0.000000000 0.000000000 -10.000000000
1776608258.806905985 0.647485912 0.224596262 0.174708515 0.183068112 0.975886106 0.115990795 -0.026048530 3.741999149 3.803655624 -6.332496643 0.000000000 0.000000000 -10.000000000
1776608258.811987162 0.647433817 0.223551393 0.174557179 0.183227852 0.975911498 0.115548722 -0.025937445 3.691760063 3.840114117 -6.284041882 0.000000000 0.000000000 -10.000000000
1776608258.817404032 0.647367299 0.222518384 0.174400181 0.183353275 0.975944340 0.115096703 -0.025825486 3.642056942 3.879482746 -6.235296726 0.000000000 0.000000000 -10.000000000
1776608258.821910858 0.647257805 0.221509963 0.174235165 0.183450148 0.975983679 0.114627101 -0.025740579 3.592770100 3.921647787 -6.186599731 0.000000000 0.000000000 -10.000000000
1776608258.827341080 0.647127032 0.220490962 0.174085379 0.183548316 0.976024449 0.114139862 -0.025659908 3.543782234 3.966470480 -6.138288498 0.000000000 0.000000000 -10.000000000
1776608258.831908464 0.646977067 0.219487637 0.173948884 0.183608785 0.976073742 0.113639370 -0.025572358 3.494981050 4.013789177 -6.090695858 0.000000000 0.000000000 -10.000000000
1776608258.837364912 0.646615505 0.217477307 0.173691243 0.183727324 0.976177275 0.112588562 -0.025416298 3.446261168 4.063418865 -6.044141769 0.000000000 0.000000000 -10.000000000
1776608258.841885090 0.646407247 0.216495335 0.173563749 0.183768526 0.976233184 0.112052590 -0.025340777 3.397525311 4.115155220 -5.998933792 0.000000000 0.000000000 -10.000000000
1776608258.847440958 0.646407247 0.216495335 0.173563749 0.183768526 0.976233184 0.112052590 -0.025340777 3.348685026 4.168776035 -5.955359459 0.000000000 0.000000000 -10.000000000
1776608258.852535486 0.645931780 0.214468628 0.173294961 0.183869109 0.976350009 0.110891789 -0.025215548 3.299659967 4.224044800 -5.913685322 0.000000000 0.000000000 -10.000000000
1776608258.857378483 0.645632088 0.213454023 0.173145115 0.183920085 0.976410866 0.110273331 -0.025198542 3.250376701 4.280717373 -5.874151230 0.000000000 0.000000000 -10.000000000
1776608258.861952305 0.645226300 0.212405950 0.172955692 0.183961511 0.976478457 0.109582745 -0.025290726 3.200767517 4.338542461 -5.836968422 0.000000000 0.000000000 -10.000000000
1776608258.867326021 0.645226300 0.212405950 0.172955692 0.183961511 0.976478457 0.109582745 -0.025290726 3.150767326 4.397269726 -5.802317142 0.000000000 0.000000000 -10.000000000
1776608258.872171640 0.644841194 0.211352453 0.172800720 0.184014708 0.976544976 0.108885258 -0.025347285 3.100311518 4.456653595 -5.770347118 0.000000000 0.000000000 -10.000000000
1776608258.876922846 0.644383132 0.210331261 0.172628522 0.184052154 0.976614356 0.108167887 -0.025474694 3.049331427 4.516455650 -5.741178513 0.000000000 0.000000000 -10.000000000
1776608258.882060528 0.643771648 0.209333524 0.172421724 0.184071675 0.976687372 0.107404150 -0.025764098 2.997747898 4.576448917 -5.714903831 0.000000000 0.000000000 -10.000000000
1776608258.887220621 0.643077910 0.208331063 0.172217578 0.184111610 0.976756036 0.106614403 -0.026151672 2.945468187 4.636419773 -5.691590309 0.000000000 0.000000000 -10.000000000
1776608258.892059803 0.642346680 0.207301795 0.172025263 0.184168398 0.976822197 0.105800577 -0.026583195 2.892380714 4.696170330 -5.671280861 0.000000000 0.000000000 -10.000000000
1776608258.897380114 0.641523063 0.206277728 0.171822220 0.184234589 0.976884961 0.104965344 -0.027123082 2.838357210 4.755518436 -5.653997898 0.000000000 0.000000000 -10.000000000
1776608258.902431726 0.640583575 0.205274016 0.171619475 0.184319198 0.976940513 0.104118355 -0.027802978 2.783254147 4.814297199 -5.639747620 0.000000000 0.000000000 -10.000000000
1776608258.907297611 0.638532162 0.203262717 0.171234161 0.184589922 0.977024615 0.102399446 -0.029390283 2.726916075 4.872352123 -5.628523827 0.000000000 0.000000000 -10.000000000
1776608258.911931753 0.638532162 0.203262717 0.171234161 0.184589922 0.977024615 0.102399446 -0.029390283 2.669181108 4.929543018 -5.620312214 0.000000000 0.000000000 -10.000000000
1776608258.917313814 0.637456238 0.202288449 0.171076775 0.184745774 0.977056921 0.101558231 -0.030244067 2.609887838 4.985737801 -5.615094185 0.000000000 0.000000000 -10.000000000
1776608258.921901464 0.636335671 0.201341942 0.170936763 0.184898078 0.977085888 0.100727335 -0.031142278 2.548887014 5.040809155 -5.612848759 0.000000000 0.000000000 -10.000000000
1776608258.927362680 0.635160387 0.200403988 0.170802653 0.185045823 0.977113187 0.099888504 -0.032096833 2.486050129 5.094633102 -5.613553524 0.000000000 0.000000000 -10.000000000
1776608258.932502985 0.633963764 0.199484333 0.170676857 0.185173213 0.977141798 0.099051982 -0.033067349 2.421280622 5.147083759 -5.617186546 0.000000000 0.000000000 -10.000000000
1776608258.937358379 0.632796288 0.198572800 0.170552135 0.185285300 0.977172613 0.098221682 -0.033992998 2.354519844 5.198030949 -5.623721600 0.000000000 0.000000000 -10.000000000
1776608258.942340136 0.631626010 0.197676003 0.170409769 0.185392559 0.977202356 0.097396597 -0.034915332 2.285753965 5.247337818 -5.633125782 0.000000000 0.000000000 -10.000000000
1776608258.947402716 0.630489111 0.196792930 0.170262545 0.185470849 0.977238297 0.096570350 -0.035777181 2.215022326 5.294857502 -5.645353794 0.000000000 0.000000000 -10.000000000
1776608258.952335119 0.629418135 0.195885524 0.170110494 0.185520306 0.977283835 0.095726088 -0.036538471 2.142425776 5.340430260 -5.660347939 0.000000000 0.000000000 -10.000000000
1776608258.957622528 0.628426552 0.194963723 0.169986039 0.185540378 0.977336586 0.094894074 -0.037189439 2.068135738 5.383883476 -5.678035259 0.000000000 0.000000000 -10.000000000
1776608258.962439775 0.628426552 0.194963723 0.169986039 0.185540378 0.977336586 0.094894074 -0.037189439 1.992399693 5.425029278 -5.698323250 0.000000000 0.000000000 -10.000000000
1776608258.967464209 0.626938760 0.193204790 0.169823915 0.185467914 0.977469087 0.093403786 -0.037836522 1.915544271 5.463659763 -5.721100807 0.000000000 0.000000000 -10.000000000
1776608258.972452879 0.625916660 0.191634297 0.169686735 0.185357407 0.977608383 0.092146054 -0.037862495 1.837975860 5.499551296 -5.746229649 0.000000000 0.000000000 -10.000000000
1776608258.976937532 0.625556946 0.190902010 0.169608831 0.185325727 0.977673173 0.091596402 -0.037677720 1.760173678 5.532457829 -5.773545265 0.000000000 0.000000000 -10.000000000
1776608258.982070923 0.625346184 0.190290242 0.169559449 0.185362160 0.977716506 0.091201313 -0.037331536 1.682679057 5.562115192 -5.802857399 0.000000000 0.000000000 -10.000000000
1776608258.987388134 0.625346184 0.190290242 0.169559449 0.185362160 0.977716506 0.091201313 -0.037331536 1.606083870 5.588236809 -5.833947182 0.000000000 0.000000000 -10.000000000
1776608258.991955280 0.625228822 0.189729035 0.169521064 0.185465828 0.977742255 0.090898827 -0.036876544 1.531017661 5.610518932 -5.866571903 0.000000000 0.000000000 -10.000000000
1776608258.997451782 0.625158727 0.189236939 0.169484973 0.185639784 0.977747023 0.090694010 -0.036375605 1.458134651 5.628639698 -5.900462151 0.000000000 0.000000000 -10.000000000
1776608259.002187490 0.625101149 0.188473299 0.169443280 0.186127186 0.977706790 0.090561971 -0.035278901 1.388095856 5.642268181 -5.935326576 0.000000000 0.000000000 -10.000000000
1776608259.007415533 0.625138640 0.188176051 0.169465840 0.186407208 0.977669895 0.090623595 -0.034660019 1.321550369 5.651071072 -5.970853806 0.000000000 0.000000000 -10.000000000
1776608259.012919426 0.625138640 0.188176051 0.169465840 0.186407208 0.977669895 0.090623595 -0.034660019 1.259114385 5.654724121 -6.006714344 0.000000000 0.000000000 -10.000000000
1776608259.017426729 0.625285208 0.187742755 0.169578761 0.186957568 0.977583349 0.090924002 -0.033324078 1.201353431 5.652924538 -6.042565823 0.000000000 0.000000000 -10.000000000
1776608259.022412300 0.625301719 0.187581241 0.169615209 0.187218964 0.977537632 0.091101289 -0.032708328 1.148767591 5.645399094 -6.078052998 0.000000000 0.000000000 -10.000000000
1776608259.027409792 0.625254095 0.187469691 0.169634312 0.187465891 0.977489948 0.091298245 -0.032163903 1.101779819 5.631917477 -6.112809181 0.000000000 0.000000000 -10.000000000
1776608259.032420158 0.625164807 0.187391713 0.169646263 0.187705606 0.977440357 0.091512121 -0.031662177 1.060725808 5.612299442 -6.146462917 0.000000000 0.000000000 -10.000000000
1776608259.037390232 0.625164807 0.187391713 0.169646263 0.187705606 0.977440357 0.091512121 -0.031662177 1.025845289 5.586420059 -6.178637028 0.000000000 0.000000000 -10.000000000
1776608259.042070150 0.624828458 0.187286198 0.169622809 0.188174948 0.977336228 0.091942996 -0.030831054 0.997276485 5.554217339 -6.208957672 0.000000000 0.000000000 -10.000000000
1776608259.047433853 0.624575794 0.187277555 0.169593126 0.188406065 0.977279603 0.092178710 -0.030508751 0.975054443 5.515690804 -6.237057209 0.000000000 0.000000000 -10.000000000
1776608259.052078962 0.624294996 0.187287137 0.169567794 0.188629374 0.977222860 0.092420578 -0.030214094 0.959114134 5.470901489 -6.262581825 0.000000000 0.000000000 -10.000000000
1776608259.057411909 0.624039292 0.187323347 0.169563353 0.188847825 0.977165222 0.092690587 -0.029885182 0.949294567 5.419970036 -6.285197258 0.000000000 0.000000000 -10.000000000
1776608259.061939001 0.623802602 0.187373936 0.169572443 0.189060122 0.977108181 0.092973538 -0.029525504 0.945344031 5.363073826 -6.304596424 0.000000000 0.000000000 -10.000000000
1776608259.067498922 0.623802602 0.187373936 0.169572443 0.189060122 0.977108181 0.092973538 -0.029525504 0.946927905 5.300444126 -6.320500851 0.000000000 0.000000000 -10.000000000
1776608259.071970940 0.623529553 0.187437445 0.169561774 0.189270139 0.977050483 0.093254760 -0.029200885 0.953637898 5.232359886 -6.332666874 0.000000000 0.000000000 -10.000000000
1776608259.077443600 0.623207390 0.187511191 0.169539928 0.189472124 0.976993680 0.093526572 -0.028921524 0.965002656 5.159146309 -6.340884686 0.000000000 0.000000000 -10.000000000
1776608259.082543135 0.622498155 0.187655911 0.169484377 0.189870462 0.976880550 0.094052806 -0.028419839 0.980499327 5.081165791 -6.344984055 0.000000000 0.000000000 -10.000000000
1776608259.087369204 0.622142851 0.187730461 0.169467032 0.190063044 0.976825356 0.094315931 -0.028156230 0.999566257 4.998817921 -6.344836235 0.000000000 0.000000000 -10.000000000
1776608259.091893435 0.622142851 0.187730461 0.169467032 0.190063044 0.976825356 0.094315931 -0.028156230 1.021616936 4.912532330 -6.340355396 0.000000000 0.000000000 -10.000000000
1776608259.097517252 0.621796072 0.187806234 0.169463575 0.190251753 0.976770878 0.094581559 -0.027878985 1.046051383 4.822765350 -6.331501007 0.000000000 0.000000000 -10.000000000
1776608259.102078676 0.621477664 0.187886044 0.169480890 0.190439403 0.976716280 0.094859235 -0.027565967 1.072266817 4.729996204 -6.318276405 0.000000000 0.000000000 -10.000000000
1776608259.107048035 0.620850742 0.188047603 0.169522017 0.190819487 0.976605237 0.095424436 -0.026912758 1.099664807 4.634719849 -6.300726891 0.000000000 0.000000000 -10.000000000
1776608259.113087177 0.620850742 0.188047603 0.169522017 0.190819487 0.976605237 0.095424436 -0.026912758 1.127658248 4.537442684 -6.278936863 0.000000000 0.000000000 -10.000000000
1776608259.116893530 0.620174468 0.188205123 0.169535637 0.191194117 0.976495326 0.095970586 -0.026293147 1.155676603 4.438674450 -6.253023148 0.000000000 0.000000000 -10.000000000
1776608259.121959686 0.620174468 0.188205123 0.169535637 0.191194117 0.976495326 0.095970586 -0.026293147 1.183169961 4.338922977 -6.223133564 0.000000000 0.000000000 -10.000000000
1776608259.126915693 0.619478881 0.188384309 0.169514716 0.191532329 0.976392984 0.096503615 -0.025675258 1.209614396 4.238689899 -6.189443111 0.000000000 0.000000000 -10.000000000
1776608259.132018566 0.619478881 0.188384309 0.169514716 0.191532329 0.976392984 0.096503615 -0.025675258 1.234514594 4.138466835 -6.152148247 0.000000000 0.000000000 -10.000000000
1776608259.136990070 0.619167566 0.188520610 0.169537157 0.191666976 0.976346195 0.096803866 -0.025314793 1.257404685 4.038731098 -6.111465454 0.000000000 0.000000000 -10.000000000
1776608259.142478704 0.618901908 0.188677579 0.169583142 0.191784531 0.976302028 0.097123690 -0.024901012 1.277847886 3.939938068 -6.067625999 0.000000000 0.000000000 -10.000000000
1776608259.147242069 0.618644178 0.188835964 0.169630110 0.191892996 0.976259947 0.097443223 -0.024463357 1.295440078 3.842516661 -6.020871639 0.000000000 0.000000000 -10.000000000
1776608259.152124643 0.618048847 0.189161658 0.169723272 0.192052558 0.976188898 0.098040499 -0.023646265 1.309816837 3.746860504 -5.971455574 0.000000000 0.000000000 -10.000000000
1776608259.156928539 0.618048847 0.189161658 0.169723272 0.192052558 0.976188898 0.098040499 -0.023646265 1.320658088 3.653327942 -5.919636726 0.000000000 0.000000000 -10.000000000
1776608259.162380219 0.617706537 0.189345941 0.169761330 0.192095861 0.976160467 0.098325796 -0.023279650 1.327690005 3.562240124 -5.865675449 0.000000000 0.000000000 -10.000000000
1776608259.167069912 0.616992354 0.189745992 0.169784129 0.192130834 0.976114750 0.098879084 -0.022552347 1.330683708 3.473883152 -5.809830189 0.000000000 0.000000000 -10.000000000
1776608259.171902180 0.616669416 0.189954162 0.169815183 0.192119434 0.976098597 0.099153370 -0.022142097 1.329454422 3.388504505 -5.752355099 0.000000000 0.000000000 -10.000000000
1776608259.177465677 0.616669416 0.189954162 0.169815183 0.192119434 0.976098597 0.099153370 -0.022142097 1.323860049 3.306315184 -5.693500042 0.000000000 0.000000000 -10.000000000
1776608259.183854103 0.616090894 0.190370277 0.169905066 0.192049667 0.976078391 0.099689387 -0.021210773 1.313800931 3.227489948 -5.633507252 0.000000000 0.000000000 -10.000000000
1776608259.187516928 0.615751624 0.190594405 0.169930547 0.191983327 0.976074815 0.099940918 -0.020788902 1.299220681 3.152168989 -5.572610855 0.000000000 0.000000000 -10.000000000
1776608259.191917896 0.615390837 0.190823317 0.169959784 0.191900015 0.976074934 0.100182310 -0.020387918 1.280108333 3.080460072 -5.511034966 0.000000000 0.000000000 -10.000000000
1776608259.197405338 0.615000784 0.191053897 0.169959635 0.191816911 0.976074874 0.100414939 -0.020022590 1.256498456 3.012437582 -5.448993683 0.000000000 0.000000000 -10.000000000
1776608259.201929331 0.614580929 0.191282004 0.169936299 0.191730544 0.976076007 0.100634627 -0.019689454 1.228471160 2.948143005 -5.386690617 0.000000000 0.000000000 -10.000000000
1776608259.207465172 0.614580929 0.191282004 0.169936299 0.191730544 0.976076007 0.100634627 -0.019689454 1.196147442 2.887588501 -5.324318886 0.000000000 0.000000000 -10.000000000
1776608259.211907148 0.614171028 0.191499069 0.169923663 0.191648811 0.976076663 0.100850172 -0.019347796 1.159683943 2.830760002 -5.262059689 0.000000000 0.000000000 -10.000000000
1776608259.217333078 0.613812566 0.191726923 0.169948518 0.191567838 0.976075411 0.101091571 -0.018947158 1.119268298 2.777622938 -5.200084686 0.000000000 0.000000000 -10.000000000
1776608259.221923351 0.613117456 0.192185119 0.170056671 0.191396534 0.976073623 0.101587467 -0.018099723 1.075117111 2.728123426 -5.138557434 0.000000000 0.000000000 -10.000000000
1776608259.227454662 0.613117456 0.192185119 0.170056671 0.191396534 0.976073623 0.101587467 -0.018099723 1.027473688 2.682191133 -5.077631474 0.000000000 0.000000000 -10.000000000
1776608259.231970549 0.612294674 0.192623287 0.170102060 0.191221043 0.976074815 0.102028050 -0.017399402 0.976605713 2.639740229 -5.017453194 0.000000000 0.000000000 -10.000000000
1776608259.237340212 0.612294674 0.192623287 0.170102060 0.191221043 0.976074815 0.102028050 -0.017399402 0.922801554 2.600671530 -4.958160400 0.000000000 0.000000000 -10.000000000
1776608259.242455721 0.611827612 0.192836955 0.170070916 0.191129029 0.976077795 0.102220125 -0.017114501 0.866367579 2.564874649 -4.899884224 0.000000000 0.000000000 -10.000000000
1776608259.247166157 0.611342072 0.193061948 0.170038491 0.191024423 0.976082981 0.102408767 -0.016855592 0.807626367 2.532230139 -4.842752457 0.000000000 0.000000000 -10.000000000
1776608259.251886368 0.610879481 0.193295538 0.170034468 0.190916464 0.976087689 0.102611549 -0.016569281 0.746916890 2.502612114 -4.786891937 0.000000000 0.000000000 -10.000000000
1776608259.257464886 0.610433578 0.193537593 0.170059174 0.190800101 0.976093173 0.102823712 -0.016270224 0.684593499 2.475892544 -4.732431412 0.000000000 0.000000000 -10.000000000
1776608259.262392998 0.609966695 0.193775728 0.170089424 0.190676033 0.976100743 0.103026479 -0.015983894 0.621024013 2.451944113 -4.679498672 0.000000000 0.000000000 -10.000000000
1776608259.267267704 0.609460831 0.194014341 0.170106947 0.190550819 0.976108670 0.103219800 -0.015744774 0.556585014 2.430641413 -4.628223419 0.000000000 0.000000000 -10.000000000
1776608259.272619724 0.608930409 0.194232583 0.170105875 0.190428495 0.976117969 0.103389084 -0.015537786 0.491655707 2.411863804 -4.578731060 0.000000000 0.000000000 -10.000000000
1776608259.277849197 0.608355761 0.194446191 0.170077920 0.190303981 0.976128817 0.103538133 -0.015389111 0.426611364 2.395496845 -4.531146049 0.000000000 0.000000000 -10.000000000
1776608259.282353163 0.607758164 0.194662973 0.170034260 0.190174982 0.976140797 0.103680059 -0.015266700 0.361816198 2.381434679 -4.485586643 0.000000000 0.000000000 -10.000000000
1776608259.286929846 0.607150137 0.194870234 0.170009047 0.190043047 0.976154089 0.103812665 -0.015158577 0.297615975 2.369581699 -4.442168236 0.000000000 0.000000000 -10.000000000
1776608259.291956186 0.606559694 0.195077330 0.170020372 0.189910352 0.976166844 0.103953212 -0.015036711 0.234330058 2.359856129 -4.400998116 0.000000000 0.000000000 -10.000000000
1776608259.296921492 0.605957806 0.195287228 0.170044869 0.189767569 0.976181805 0.104088828 -0.014930246 0.172244832 2.352191210 -4.362177372 0.000000000 0.000000000 -10.000000000
1776608259.302132845 0.605283380 0.195484802 0.170049787 0.189619392 0.976199687 0.104194254 -0.014907728 0.111608431 2.346536636 -4.325796127 0.000000000 0.000000000 -10.000000000
1776608259.307378054 0.604542255 0.195661545 0.170031101 0.189472049 0.976219833 0.104264416 -0.014969548 0.052626748 2.342858553 -4.291934013 0.000000000 0.000000000 -10.000000000
1776608259.312133551 0.602790475 0.195977136 0.169936299 0.189156920 0.976270556 0.104294404 -0.015432548 -0.004539038 2.341141224 -4.260659695 0.000000000 0.000000000 -10.000000000
1776608259.317295074 0.601824820 0.196110755 0.169862956 0.188998535 0.976298749 0.104266107 -0.015777903 -0.059772763 2.341384411 -4.232031822 0.000000000 0.000000000 -10.000000000
1776608259.322112560 0.600807965 0.196232811 0.169808209 0.188836783 0.976328433 0.104216777 -0.016197152 -0.113002330 2.343603849 -4.206100941 0.000000000 0.000000000 -10.000000000
1776608259.327474117 0.599743128 0.196355149 0.169769883 0.188666284 0.976359963 0.104153089 -0.016684454 -0.164199442 2.347828627 -4.182908535 0.000000000 0.000000000 -10.000000000
1776608259.332467794 0.599743128 0.196355149 0.169769883 0.188666284 0.976359963 0.104153089 -0.016684454 -0.213379875 2.354100704 -4.162490368 0.000000000 0.000000000 -10.000000000
1776608259.337038994 0.598612666 0.196476623 0.169739187 0.188482955 0.976394415 0.104068272 -0.017259354 -0.260602087 2.362470388 -4.144873619 0.000000000 0.000000000 -10.000000000
1776608259.342000246 0.597416759 0.196583837 0.169689029 0.188297227 0.976430714 0.103953324 -0.017915258 -0.305963874 2.372992516 -4.130079269 0.000000000 0.000000000 -10.000000000
1776608259.347069979 0.594802916 0.196752727 0.169569165 0.187908888 0.976510048 0.103624471 -0.019502195 -0.349597931 2.385719538 -4.118118763 0.000000000 0.000000000 -10.000000000
1776608259.352077246 0.594802916 0.196752727 0.169569165 0.187908888 0.976510048 0.103624471 -0.019502195 -0.391666889 2.400699377 -4.108994484 0.000000000 0.000000000 -10.000000000
1776608259.357011080 0.593393624 0.196822241 0.169504136 0.187701270 0.976553082 0.103419237 -0.020416243 -0.432357013 2.417972326 -4.102700233 0.000000000 0.000000000 -10.000000000
1776608259.361939907 0.590501428 0.196962446 0.169371098 0.187261000 0.976641953 0.102976501 -0.022352161 -0.471870720 2.437567711 -4.099220753 0.000000000 0.000000000 -10.000000000
1776608259.366969824 0.590501428 0.196962446 0.169371098 0.187261000 0.976641953 0.102976501 -0.022352161 -0.510417581 2.459500551 -4.098533154 0.000000000 0.000000000 -10.000000000
1776608259.372003555 0.589110732 0.197040468 0.169327974 0.187037840 0.976684809 0.102771401 -0.023273118 -0.548204303 2.483767509 -4.100607395 0.000000000 0.000000000 -10.000000000
1776608259.376970053 0.587746441 0.197121739 0.169299424 0.186813220 0.976726830 0.102575831 -0.024160067 -0.585424721 2.510341406 -4.105406284 0.000000000 0.000000000 -10.000000000
1776608259.381920338 0.586364985 0.197203398 0.169251800 0.186588883 0.976767898 0.102374628 -0.025068812 -0.622251213 2.539168596 -4.112883568 0.000000000 0.000000000 -10.000000000
1776608259.386871338 0.584962070 0.197300002 0.169193864 0.186354965 0.976809204 0.102175422 -0.025995988 -0.658829451 2.570166826 -4.122984886 0.000000000 0.000000000 -10.000000000
1776608259.392879486 0.583551645 0.197400346 0.169125229 0.186113760 0.976851046 0.101971589 -0.026934413 -0.695275843 2.603226423 -4.135651112 0.000000000 0.000000000 -10.000000000
1776608259.397121668 0.580903172 0.197640151 0.169022053 0.185629293 0.976930439 0.101633266 -0.028624140 -0.731674552 2.638211489 -4.150814533 0.000000000 0.000000000 -10.000000000
1776608259.402318478 0.579625189 0.197793335 0.168984681 0.185375676 0.976969242 0.101497509 -0.029414982 -0.768073618 2.674960613 -4.168401718 0.000000000 0.000000000 -10.000000000
1776608259.406936169 0.578433096 0.197958916 0.168973207 0.185124502 0.977006376 0.101395451 -0.030106865 -0.804481089 2.713286638 -4.188332081 0.000000000 0.000000000 -10.000000000
1776608259.412333012 0.578433096 0.197958916 0.168973207 0.185124502 0.977006376 0.101395451 -0.030106865 -0.840861082 2.752977848 -4.210519314 0.000000000 0.000000000 -10.000000000
1776608259.416931868 0.576377332 0.198360562 0.169019967 0.184643850 0.977071643 0.101341143 -0.031106876 -0.877129912 2.793795347 -4.234869003 0.000000000 0.000000000 -10.000000000
1776608259.422201157 0.575420499 0.198601276 0.169043571 0.184405446 0.977100968 0.101365328 -0.031518362 -0.913154304 2.835472584 -4.261278152 0.000000000 0.000000000 -10.000000000
1776608259.427102566 0.574495077 0.198845193 0.169059873 0.184171721 0.977129400 0.101401716 -0.031885017 -0.948754370 2.877716303 -4.289636612 0.000000000 0.000000000 -10.000000000
1776608259.431961536 0.573656380 0.199114397 0.169084668 0.183942646 0.977155566 0.101479918 -0.032155663 -0.983711720 2.920211315 -4.319825172 0.000000000 0.000000000 -10.000000000
1776608259.436941385 0.573656380 0.199114397 0.169084668 0.183942646 0.977155566 0.101479918 -0.032155663 -1.017776847 2.962623358 -4.351717949 0.000000000 0.000000000 -10.000000000
1776608259.441903591 0.572225034 0.199745744 0.169159979 0.183501109 0.977198899 0.101779357 -0.032413706 -1.050675511 3.004602432 -4.385183811 0.000000000 0.000000000 -10.000000000
1776608259.446907043 0.571617723 0.200079337 0.169204444 0.183295161 0.977217197 0.101976149 -0.032408819 -1.082112193 3.045785904 -4.420082569 0.000000000 0.000000000 -10.000000000
1776608259.451898336 0.571077168 0.200412333 0.169244945 0.183093771 0.977235794 0.102189131 -0.032315720 -1.111771941 3.085802555 -4.456267357 0.000000000 0.000000000 -10.000000000
1776608259.457313538 0.571077168 0.200412333 0.169244945 0.183093771 0.977235794 0.102189131 -0.032315720 -1.139322519 3.124278069 -4.493580818 0.000000000 0.000000000 -10.000000000
1776608259.462083101 0.570278406 0.201080233 0.169343203 0.182693943 0.977277339 0.102677576 -0.031768139 -1.164419174 3.160841942 -4.531859875 0.000000000 0.000000000 -10.000000000
1776608259.467300653 0.570027292 0.201422319 0.169398248 0.182487026 0.977301776 0.102953792 -0.031308174 -1.186708450 3.195134640 -4.570933342 0.000000000 0.000000000 -10.000000000
1776608259.471883059 0.570027292 0.201422319 0.169398248 0.182487026 0.977301776 0.102953792 -0.031308174 -1.205835581 3.226812124 -4.610624790 0.000000000 0.000000000 -10.000000000
1776608259.477256060 0.569767833 0.201759577 0.169423848 0.182286531 0.977325261 0.103224717 -0.030847644 -1.221454501 3.255552292 -4.650751591 0.000000000 0.000000000 -10.000000000
1776608259.481978416 0.569492400 0.202103525 0.169433177 0.182079792 0.977349639 0.103492081 -0.030397575 -1.233241916 3.281057835 -4.691129208 0.000000000 0.000000000 -10.000000000
1776608259.487231493 0.569233000 0.202435389 0.169439644 0.181869447 0.977376103 0.103750095 -0.029923595 -1.240911484 3.303061962 -4.731568813 0.000000000 0.000000000 -10.000000000
1776608259.492384434 0.568972886 0.202742547 0.169433862 0.181644812 0.977408528 0.103976220 -0.029439338 -1.244224668 3.321332455 -4.771880150 0.000000000 0.000000000 -10.000000000
1776608259.497047186 0.568708897 0.203055337 0.169419020 0.181399032 0.977445722 0.104191467 -0.028953988 -1.242998004 3.335678339 -4.811874866 0.000000000 0.000000000 -10.000000000
1776608259.502023458 0.568173945 0.203672364 0.169427097 0.180850223 0.977533817 0.104586713 -0.027973076 -1.237107873 3.345949888 -4.851369381 0.000000000 0.000000000 -10.000000000
1776608259.507095098 0.567907751 0.203946695 0.169440031 0.180543721 0.977588594 0.104737014 -0.027471038 -1.226493478 3.352044106 -4.890187740 0.000000000 0.000000000 -10.000000000
1776608259.512001753 0.567907751 0.203946695 0.169440031 0.180543721 0.977588594 0.104737014 -0.027471038 -1.211160541 3.353904486 -4.928168297 0.000000000 0.000000000 -10.000000000
1776608259.516872168 0.567653537 0.204209864 0.169461489 0.180212215 0.977650583 0.104864411 -0.026951579 -1.191181540 3.351522446 -4.965162754 0.000000000 0.000000000 -10.000000000
1776608259.521968842 0.567362249 0.204457104 0.169457585 0.179851249 0.977721274 0.104948394 -0.026466480 -1.166693449 3.344933510 -5.001039982 0.000000000 0.000000000 -10.000000000
1776608259.527525663 0.567012846 0.204695478 0.169421405 0.179459319 0.977800310 0.104988597 -0.026043560 -1.137892842 3.334216118 -5.035688400 0.000000000 0.000000000 -10.000000000
1776608259.532380104 0.566644311 0.204929978 0.169381768 0.179039627 0.977886260 0.105004184 -0.025639696 -1.105031252 3.319487810 -5.069015026 0.000000000 0.000000000 -10.000000000
1776608259.537312269 0.566251516 0.205188423 0.169339955 0.178592220 0.977976739 0.105014697 -0.025264040 -1.068408728 3.300902128 -5.100949287 0.000000000 0.000000000 -10.000000000
1776608259.542339325 0.565384269 0.205853984 0.169250607 0.177543268 0.978184938 0.105019771 -0.024566326 -1.028368473 3.278643608 -5.131440639 0.000000000 0.000000000 -10.000000000
1776608259.547327518 0.564959645 0.206217319 0.169207811 0.176964819 0.978301525 0.104995474 -0.024197070 -0.985291362 3.252921343 -5.160462379 0.000000000 0.000000000 -10.000000000
1776608259.552303076 0.564959645 0.206217319 0.169207811 0.176964819 0.978301525 0.104995474 -0.024197070 -0.939590573 3.223963737 -5.188010693 0.000000000 0.000000000 -10.000000000
1776608259.557331324 0.564221919 0.206985652 0.169175804 0.175784305 0.978539526 0.104955100 -0.023337891 -0.891707003 3.192011118 -5.214107037 0.000000000 0.000000000 -10.000000000
1776608259.562319517 0.563894272 0.207375497 0.169170558 0.175219446 0.978654146 0.104934789 -0.022867253 -0.842104733 3.157311440 -5.238796234 0.000000000 0.000000000 -10.000000000
1776608259.567379713 0.563894272 0.207375497 0.169170558 0.175219446 0.978654146 0.104934789 -0.022867253 -0.791266382 3.120116234 -5.262145042 0.000000000 0.000000000 -10.000000000
1776608259.572372437 0.563248634 0.208121151 0.169122905 0.174205512 0.978868246 0.104823723 -0.021939242 -0.739687741 3.080674410 -5.284236908 0.000000000 0.000000000 -10.000000000
1776608259.577419758 0.563248634 0.208121151 0.169122905 0.174205512 0.978868246 0.104823723 -0.021939242 -0.687870800 3.039229870 -5.305173874 0.000000000 0.000000000 -10.000000000
1776608259.582328558 0.562940180 0.208531171 0.169109732 0.173736006 0.978967965 0.104769379 -0.021468213 -0.636314631 2.996016979 -5.325072289 0.000000000 0.000000000 -10.000000000
1776608259.587353945 0.562336564 0.209450334 0.169121295 0.172889277 0.979149103 0.104667418 -0.020520715 -0.585505605 2.951257706 -5.344062805 0.000000000 0.000000000 -10.000000000
1776608259.592311621 0.562024415 0.209939063 0.169137955 0.172547057 0.979224861 0.104610577 -0.020069454 -0.535908222 2.905160666 -5.362292290 0.000000000 0.000000000 -10.000000000
1776608259.597295523 0.562024415 0.209939063 0.169137955 0.172547057 0.979224861 0.104610577 -0.020069454 -0.487957299 2.857921600 -5.379918575 0.000000000 0.000000000 -10.000000000
1776608259.602279663 0.561706066 0.210452422 0.169146836 0.172235548 0.979295135 0.104549229 -0.019633085 -0.442052454 2.809721947 -5.397111416 0.000000000 0.000000000 -10.000000000
1776608259.607326508 0.561404705 0.210965961 0.169159114 0.171975896 0.979356468 0.104483746 -0.019193158 -0.398554772 2.760730028 -5.414051056 0.000000000 0.000000000 -10.000000000
1776608259.612115860 0.561153233 0.211478487 0.169177651 0.171731845 0.979416132 0.104413517 -0.018707627 -0.357785136 2.711101055 -5.430924416 0.000000000 0.000000000 -10.000000000
1776608259.617288828 0.560699642 0.212439224 0.169221342 0.171284020 0.979534984 0.104209617 -0.017702179 -0.320023745 2.660979033 -5.447924137 0.000000000 0.000000000 -10.000000000
1776608259.622281551 0.560699642 0.212439224 0.169221342 0.171284020 0.979534984 0.104209617 -0.017702179 -0.285510808 2.610496759 -5.465245724 0.000000000 0.000000000 -10.000000000
1776608259.627262115 0.560293078 0.213387311 0.169293433 0.170822591 0.979659796 0.103963882 -0.016667869 -0.254448354 2.559777021 -5.483082771 0.000000000 0.000000000 -10.000000000
1776608259.632277727 0.560086370 0.213882178 0.169317871 0.170542538 0.979732335 0.103820913 -0.016157152 -0.227002725 2.508934498 -5.501624107 0.000000000 0.000000000 -10.000000000
1776608259.637006044 0.559887230 0.214394271 0.169348210 0.170223475 0.979812622 0.103665970 -0.015637664 -0.203306377 2.458075047 -5.521050453 0.000000000 0.000000000 -10.000000000
1776608259.642269611 0.559887230 0.214394271 0.169348210 0.170223475 0.979812622 0.103665970 -0.015637664 -0.183458760 2.407295704 -5.541532516 0.000000000 0.000000000 -10.000000000
1776608259.646962404 0.559688628 0.214930356 0.169362903 0.169850394 0.979903519 0.103496194 -0.015115589 -0.167526484 2.356685162 -5.563229084 0.000000000 0.000000000 -10.000000000
1776608259.652395725 0.559287548 0.216038436 0.169391215 0.169013172 0.980102956 0.103123583 -0.014081538 -0.155542836 2.306322336 -5.586286068 0.000000000 0.000000000 -10.000000000
1776608259.657315731 0.559091270 0.216585279 0.169404596 0.168587163 0.980205297 0.102915987 -0.013572044 -0.147506431 2.256277800 -5.610835075 0.000000000 0.000000000 -10.000000000
1776608259.662333488 0.558921099 0.217118323 0.169419140 0.168168083 0.980306923 0.102702014 -0.013044510 -0.143379733 2.206614017 -5.636995316 0.000000000 0.000000000 -10.000000000
1776608259.667223454 0.558921099 0.217118323 0.169419140 0.168168083 0.980306923 0.102702014 -0.013044510 -0.143088117 2.157385588 -5.664871216 0.000000000 0.000000000 -10.000000000
1776608259.672235489 0.558659434 0.218173876 0.169443130 0.167384058 0.980501413 0.102259569 -0.011939687 -0.146520048 2.108638287 -5.694555283 0.000000000 0.000000000 -10.000000000
1776608259.677208185 0.558659434 0.218173876 0.169443130 0.167384058 0.980501413 0.102259569 -0.011939687 -0.153527573 2.060409784 -5.726125717 0.000000000 0.000000000 -10.000000000
1776608259.681933641 0.558461845 0.219290525 0.169476599 0.166630656 0.980688393 0.101822771 -0.010796617 -0.163927585 2.012728214 -5.759647369 0.000000000 0.000000000 -10.000000000
1776608259.687235117 0.558461845 0.219290525 0.169476599 0.166630656 0.980688393 0.101822771 -0.010796617 -0.177504629 1.965612888 -5.795174599 0.000000000 0.000000000 -10.000000000
1776608259.691993713 0.558363616 0.219856769 0.169483602 0.166258663 0.980782390 0.101583682 -0.010234463 -0.194014207 1.919075847 -5.832747936 0.000000000 0.000000000 -10.000000000
1776608259.697261810 0.558336556 0.220445082 0.169524670 0.165923983 0.980866194 0.101382717 -0.009604104 -0.213184252 1.873121619 -5.872396469 0.000000000 0.000000000 -10.000000000
1776608259.701905966 0.558420360 0.221696481 0.169656008 0.165363148 0.981002510 0.101100504 -0.008234605 -0.234715641 1.827746391 -5.914135456 0.000000000 0.000000000 -10.000000000
1776608259.707251787 0.558420360 0.221696481 0.169656008 0.165363148 0.981002510 0.101100504 -0.008234605 -0.258285582 1.782939196 -5.957962990 0.000000000 0.000000000 -10.000000000
1776608259.711903095 0.558486819 0.222316086 0.169711143 0.165156633 0.981055856 0.100973807 -0.007549282 -0.283552378 1.738681197 -6.003862381 0.000000000 0.000000000 -10.000000000
1776608259.717308044 0.558774233 0.223606661 0.169866055 0.164869785 0.981128037 0.100840934 -0.006067550 -0.310158134 1.694941044 -6.051802158 0.000000000 0.000000000 -10.000000000
1776608259.721858740 0.558774233 0.223606661 0.169866055 0.164869785 0.981128037 0.100840934 -0.006067550 -0.337730497 1.651668906 -6.101739883 0.000000000 0.000000000 -10.000000000
1776608259.727460146 0.559001148 0.224301293 0.169973493 0.164806843 0.981140316 0.100869603 -0.005268041 -0.365885258 1.608790994 -6.153623581 0.000000000 0.000000000 -10.000000000
1776608259.731873035 0.559209585 0.225051567 0.170084774 0.164794207 0.981136441 0.100964323 -0.004512681 -0.394229412 1.566206813 -6.207389832 0.000000000 0.000000000 -10.000000000
1776608259.737339735 0.559417546 0.225824460 0.170189828 0.164836675 0.981118023 0.101103701 -0.003781688 -0.422364324 1.523790956 -6.262967587 0.000000000 0.000000000 -10.000000000
1776608259.741881132 0.559665024 0.226626635 0.170298129 0.164920658 0.981086075 0.101302095 -0.003034956 -0.449889690 1.481397748 -6.320278645 0.000000000 0.000000000 -10.000000000
1776608259.747104883 0.559665024 0.226626635 0.170298129 0.164920658 0.981086075 0.101302095 -0.003034956 -0.476408511 1.438869119 -6.379239082 0.000000000 0.000000000 -10.000000000
1776608259.752063513 0.560247004 0.228326112 0.170549542 0.165105909 0.981004179 0.101826139 -0.001491445 -0.501534164 1.396041155 -6.439756870 0.000000000 0.000000000 -10.000000000
1776608259.756862402 0.560554504 0.229230881 0.170699775 0.165182695 0.980958283 0.102151744 -0.000716524 -0.524897456 1.352748394 -6.501735210 0.000000000 0.000000000 -10.000000000
1776608259.761892557 0.560864568 0.230143577 0.170849025 0.165254533 0.980910599 0.102495521 0.000044356 -0.546154261 1.308827996 -6.565069199 0.000000000 0.000000000 -10.000000000
1776608259.766827106 0.561161041 0.231041327 0.170982271 0.165302515 0.980867743 0.102825060 0.000776820 -0.564992428 1.264124632 -6.629649639 0.000000000 0.000000000 -10.000000000
1776608259.771882057 0.561385810 0.231924281 0.171090692 0.165302813 0.980835974 0.103120282 0.001417179 -0.581138313 1.218498230 -6.695364952 0.000000000 0.000000000 -10.000000000
1776608259.777255058 0.561624646 0.232808948 0.171215504 0.165258616 0.980811357 0.103413753 0.002059903 -0.594360948 1.171832323 -6.762106419 0.000000000 0.000000000 -10.000000000
1776608259.782331467 0.561811566 0.233689114 0.171331167 0.165139019 0.980803132 0.103669159 0.002644868 -0.604474664 1.124043107 -6.829767704 0.000000000 0.000000000 -10.000000000
1776608259.787265301 0.561883271 0.234572262 0.171426982 0.164949760 0.980812371 0.103870071 0.003101618 -0.611343443 1.075088620 -6.898249626 0.000000000 0.000000000 -10.000000000
1776608259.792243481 0.561884701 0.235439628 0.171507359 0.164674580 0.980842710 0.104008064 0.003483503 -0.614884436 1.024974823 -6.967458725 0.000000000 0.000000000 -10.000000000
1776608259.797336817 0.561837137 0.236263901 0.171568990 0.164350837 0.980889499 0.104068071 0.003801699 -0.615070820 0.973760664 -7.037313938 0.000000000 0.000000000 -10.000000000
1776608259.802206993 0.561741173 0.237020448 0.171607912 0.163952410 0.980960131 0.104020886 0.004066008 -0.611931980 0.921560109 -7.107743263 0.000000000 0.000000000 -10.000000000
1776608259.806835175 0.561616838 0.237722859 0.171632290 0.163504049 0.981047690 0.103891477 0.004296798 -0.605552256 0.868540943 -7.178689957 0.000000000 0.000000000 -10.000000000
1776608259.812088490 0.561425626 0.238358080 0.171625584 0.163037568 0.981148720 0.103663482 0.004450960 -0.596069634 0.814921200 -7.250112534 0.000000000 0.000000000 -10.000000000
1776608259.816898108 0.561207056 0.238931328 0.171601921 0.162536219 0.981264532 0.103348665 0.004576142 -0.583671689 0.760962963 -7.321986675 0.000000000 0.000000000 -10.000000000
1776608259.821842909 0.560989797 0.239455014 0.171571314 0.162048757 0.981384575 0.102967933 0.004701516 -0.568591535 0.706964731 -7.394307613 0.000000000 0.000000000 -10.000000000
1776608259.826948881 0.560807049 0.239936382 0.171551704 0.161544949 0.981511891 0.102537572 0.004868047 -0.551101148 0.653251112 -7.467091560 0.000000000 0.000000000 -10.000000000
1776608259.831886768 0.560637116 0.240382493 0.171533495 0.161068261 0.981638730 0.102063321 0.005048662 -0.531504035 0.600162506 -7.540371895 0.000000000 0.000000000 -10.000000000
1776608259.836878061 0.560488105 0.240789682 0.171511412 0.160614803 0.981765330 0.101548694 0.005256495 -0.510127425 0.548044205 -7.614202023 0.000000000 0.000000000 -10.000000000
1776608259.842320681 0.560384929 0.241168469 0.171506315 0.160197333 0.981887221 0.101014435 0.005511583 -0.487314045 0.497236013 -7.688651562 0.000000000 0.000000000 -10.000000000
1776608259.847243309 0.560312033 0.241526008 0.171511054 0.159802943 0.982006729 0.100459903 0.005796974 -0.463414222 0.448061645 -7.763803482 0.000000000 0.000000000 -10.000000000
1776608259.851866007 0.560285985 0.241877824 0.171537846 0.159437731 0.982120991 0.099902131 0.006131056 -0.438777417 0.400818050 -7.839754581 0.000000000 0.000000000 -10.000000000
1776608259.856896639 0.560283124 0.242212251 0.171575606 0.159099922 0.982231557 0.099329203 0.006488477 -0.413745135 0.355765998 -7.916611671 0.000000000 0.000000000 -10.000000000
1776608259.862169504 0.560307682 0.242525131 0.171621948 0.158786267 0.982338727 0.098743610 0.006873934 -0.388644516 0.313122034 -7.994488716 0.000000000 0.000000000 -10.000000000
1776608259.866967678 0.560382664 0.242834553 0.171693116 0.158484802 0.982442558 0.098161407 0.007313349 -0.363782316 0.273053885 -8.073503494 0.000000000 0.000000000 -10.000000000
1776608259.871891499 0.560476899 0.243127942 0.171775699 0.158206835 0.982542157 0.097576685 0.007764367 -0.339439362 0.235678643 -8.153773308 0.000000000 0.000000000 -10.000000000
1776608259.877311707 0.560566306 0.243403241 0.171865106 0.157947570 0.982639074 0.096983843 0.008197909 -0.315866232 0.201063126 -8.235408783 0.000000000 0.000000000 -10.000000000
1776608259.882010460 0.560670197 0.243672371 0.171969563 0.157688767 0.982735157 0.096390873 0.008640754 -0.293280721 0.169225529 -8.318510056 0.000000000 0.000000000 -10.000000000
1776608259.886842728 0.560770154 0.243941441 0.172076762 0.157437533 0.982829332 0.095799804 0.009072578 -0.271866113 0.140137717 -8.403161049 0.000000000 0.000000000 -10.000000000
1776608259.892335415 0.560880184 0.244217828 0.172194034 0.157183573 0.982922435 0.095217504 0.009511834 -0.251770854 0.113728173 -8.489423752 0.000000000 0.000000000 -10.000000000
1776608259.896940708 0.560986757 0.244503245 0.172312140 0.156930879 0.983014047 0.094642572 0.009945680 -0.233109355 0.089885779 -8.577332497 0.000000000 0.000000000 -10.000000000
1776608259.902301073 0.561096847 0.244789213 0.172432542 0.156670511 0.983105719 0.094072416 0.010383585 -0.215963915 0.068464540 -8.666890144 0.000000000 0.000000000 -10.000000000
1776608259.907037497 0.561181605 0.245079964 0.172548950 0.156409621 0.983196735 0.093508184 0.010788900 -0.200387731 0.049289078 -8.758060455 0.000000000 0.000000000 -10.000000000
1776608259.912230492 0.561257839 0.245370150 0.172668308 0.156144857 0.983287632 0.092947528 0.011181442 -0.186408281 0.032160658 -8.850764275 0.000000000 0.000000000 -10.000000000
1776608259.917388916 0.561330140 0.245671585 0.172794312 0.155863047 0.983379543 0.092399217 0.011567719 -0.174031258 0.016863547 -8.944879532 0.000000000 0.000000000 -10.000000000
1776608259.922895432 0.561374664 0.245988250 0.172920823 0.155561253 0.983474135 0.091854259 0.011923243 -0.163244799 0.003171360 -9.040233612 0.000000000 0.000000000 -10.000000000
1776608259.927304506 0.561385453 0.246309251 0.173038810 0.155244142 0.983571470 0.091305152 0.012240303 -0.154023588 -0.009146640 -9.136606216 0.000000000 0.000000000 -10.000000000
1776608259.931849957 0.561378360 0.246625841 0.173152417 0.154921651 0.983669877 0.090750925 0.012536447 -0.146332607 -0.020319641 -9.233727455 0.000000000 0.000000000 -10.000000000
1776608259.936895847 0.561361432 0.246949360 0.173271179 0.154598534 0.983767450 0.090203263 0.012816859 -0.140129641 -0.030570250 -9.331278801 0.000000000 0.000000000 -10.000000000
1776608259.942136765 0.561342955 0.247267038 0.173373371 0.154281825 0.983863473 0.089658521 0.013079830 -0.135366589 -0.040110264 -9.428896904 0.000000000 0.000000000 -10.000000000
1776608259.946862698 0.561308444 0.247570902 0.173438400 0.153981045 0.983958125 0.089103125 0.013297629 -0.131990492 -0.049136780 -9.526177406 0.000000000 0.000000000 -10.000000000
1776608259.951960087 0.561282516 0.247873157 0.173486114 0.153705135 0.984048426 0.088551246 0.013496674 -0.129944116 -0.057828940 -9.622682571 0.000000000 0.000000000 -10.000000000
1776608259.956894636 0.561294019 0.248179823 0.173539162 0.153436556 0.984135330 0.088015370 0.013717086 -0.129165798 -0.066346064 -9.717945099 0.000000000 0.000000000 -10.000000000
1776608259.962334871 0.561312020 0.248483837 0.173591137 0.153186530 0.984218419 0.087487258 0.013925326 -0.129588574 -0.074826799 -9.811481476 0.000000000 0.000000000 -10.000000000
1776608259.966900587 0.561441422 0.249032497 0.173698008 0.152768120 0.984369993 0.086436078 0.014367634 -0.131139621 -0.083388008 -9.902794838 0.000000000 0.000000000 -10.000000000
1776608259.972247362 0.561441422 0.249032497 0.173698008 0.152768120 0.984369993 0.086436078 0.014367634 -0.133739755 -0.092123426 -9.991386414 0.000000000 0.000000000 -10.000000000
1776608259.977215528 0.561511636 0.249301538 0.173715979 0.152590647 0.984440267 0.085916504 0.014553390 -0.137302607 -0.101103261 -10.076762199 0.000000000 0.000000000 -10.000000000
1776608259.981908560 0.561579943 0.249564141 0.173716992 0.152418226 0.984510183 0.085392199 0.014715832 -0.141733184 -0.110375136 -10.158440590 0.000000000 0.000000000 -10.000000000
1776608259.987228870 0.561645210 0.249808609 0.173698962 0.152257681 0.984579265 0.084857069 0.014849362 -0.146926522 -0.119966239 -10.235965729 0.000000000 0.000000000 -10.000000000
1776608259.991959333 0.561703920 0.250021070 0.173671365 0.152107105 0.984649181 0.084294811 0.014959488 -0.152766541 -0.129886150 -10.308917046 0.000000000 0.000000000 -10.000000000
1776608259.997257710 0.561757565 0.250246882 0.173664272 0.151938260 0.984721363 0.083738044 0.015053338 -0.159125835 -0.140129745 -10.376915932 0.000000000 0.000000000 -10.000000000
1776608260.002003193 0.561819196 0.250463068 0.173659235 0.151770264 0.984793246 0.083179511 0.015139797 -0.165866002 -0.150680110 -10.439633369 0.000000000 0.000000000 -10.000000000
1776608260.007345200 0.561896205 0.250652552 0.173648596 0.151622474 0.984862864 0.082609542 0.015210968 -0.172838718 -0.161511630 -10.496799469 0.000000000 0.000000000 -10.000000000
1776608260.011837482 0.561964989 0.250828743 0.173627496 0.151477411 0.984932959 0.082032487 0.015240579 -0.179886773 -0.172593236 -10.548206329 0.000000000 0.000000000 -10.000000000
1776608260.016886473 0.562032402 0.250959277 0.173590034 0.151365444 0.985000491 0.081428394 0.015230465 -0.186844647 -0.183891281 -10.593711853 0.000000000 0.000000000 -10.000000000
1776608260.021867752 0.562102258 0.251053721 0.173535734 0.151272640 0.985066772 0.080803834 0.015190294 -0.193539143 -0.195371822 -10.633248329 0.000000000 0.000000000 -10.000000000
1776608260.026909351 0.562186122 0.251141578 0.173493445 0.151191026 0.985131264 0.080178522 0.015136621 -0.199791729 -0.207001984 -10.666816711 0.000000000 0.000000000 -10.000000000
1776608260.031879187 0.562279940 0.251210868 0.173465043 0.151118726 0.985194862 0.079544537 0.015063538 -0.205422014 -0.218751147 -10.694494247 0.000000000 0.000000000 -10.000000000
1776608260.037108898 0.562376082 0.251287997 0.173442066 0.151055008 0.985256255 0.078920998 0.014967548 -0.210249618 -0.230592728 -10.716426849 0.000000000 0.000000000 -10.000000000
1776608260.041882753 0.562487245 0.251387984 0.173442990 0.151006907 0.985312402 0.078330353 0.014859163 -0.214094535 -0.242506891 -10.732833862 0.000000000 0.000000000 -10.000000000
1776608260.046929598 0.562597394 0.251479894 0.173444688 0.150970533 0.985366523 0.077743992 0.014717607 -0.216777086 -0.254483074 -10.744000435 0.000000000 0.000000000 -10.000000000
1776608260.051850557 0.562687218 0.251562506 0.173431695 0.150949448 0.985418975 0.077152945 0.014532015 -0.218118653 -0.266522139 -10.750273705 0.000000000 0.000000000 -10.000000000
1776608260.056926727 0.562750876 0.251637787 0.173401773 0.150935426 0.985471070 0.076556891 0.014293398 -0.217943892 -0.278637648 -10.752058029 0.000000000 0.000000000 -10.000000000
1776608260.061847925 0.562808394 0.251719475 0.173378170 0.150929868 0.985521078 0.075970635 0.014028694 -0.216083810 -0.290856779 -10.749807358 0.000000000 0.000000000 -10.000000000
1776608260.067063093 0.562871158 0.251801044 0.173349559 0.150913894 0.985571921 0.075390905 0.013754104 -0.212378323 -0.303221017 -10.744017601 0.000000000 0.000000000 -10.000000000
1776608260.071854830 0.562937796 0.251869440 0.173335999 0.150902659 0.985621512 0.074814208 0.013469764 -0.206677720 -0.315787166 -10.735219002 0.000000000 0.000000000 -10.000000000
1776608260.076891422 0.563001752 0.251956969 0.173326761 0.150873765 0.985672355 0.074253611 0.013171215 -0.198843047 -0.328628421 -10.723968506 0.000000000 0.000000000 -10.000000000
1776608260.081897020 0.563049495 0.252048135 0.173328131 0.150849998 0.985721767 0.073701054 0.012848437 -0.188745916 -0.341834784 -10.710841179 0.000000000 0.000000000 -10.000000000
1776608260.086844683 0.563116491 0.252141297 0.173327655 0.150810450 0.985772669 0.073154330 0.012526239 -0.176268503 -0.355511695 -10.696427345 0.000000000 0.000000000 -10.000000000
1776608260.091892004 0.563216209 0.252229661 0.173348129 0.150764182 0.985822976 0.072620347 0.012227257 -0.161303595 -0.369777322 -10.681321144 0.000000000 0.000000000 -10.000000000
1776608260.097318649 0.563337386 0.252327979 0.173356682 0.150716588 0.985872567 0.072092079 0.011936110 -0.143754721 -0.384759039 -10.666118622 0.000000000 0.000000000 -10.000000000
1776608260.102295160 0.563482344 0.252420276 0.173371434 0.150651470 0.985923648 0.071573049 0.011661652 -0.123536117 -0.400589824 -10.651407242 0.000000000 0.000000000 -10.000000000
1776608260.107437611 0.563611746 0.252522320 0.173371494 0.150586098 0.985974491 0.071057446 0.011356478 -0.100573137 -0.417405844 -10.637763023 0.000000000 0.000000000 -10.000000000
1776608260.112370729 0.563735783 0.252607435 0.173367202 0.150549129 0.986021161 0.070537813 0.011030218 -0.074803017 -0.435344338 -10.625738144 0.000000000 0.000000000 -10.000000000
1776608260.117294312 0.564025879 0.252694488 0.173336685 0.150478527 0.986114860 0.069470651 0.010370651 -0.046175580 -0.454541802 -10.615859032 0.000000000 0.000000000 -10.000000000
1776608260.121999979 0.564025879 0.252694488 0.173336685 0.150478527 0.986114860 0.069470651 0.010370651 -0.014653207 -0.475132108 -10.608623505 0.000000000 0.000000000 -10.000000000
1776608260.127264500 0.564187407 0.252743125 0.173319608 0.150458798 0.986157835 0.068950497 0.010037079 0.019790545 -0.497245282 -10.604492188 0.000000000 0.000000000 -10.000000000
1776608260.132279634 0.564361632 0.252807826 0.173311561 0.150470525 0.986193359 0.068462208 0.009707197 0.057172686 -0.521006346 -10.603890419 0.000000000 0.000000000 -10.000000000
1776608260.137312174 0.564534426 0.252888471 0.173319042 0.150458947 0.986231267 0.067986704 0.009369802 0.097500369 -0.546532810 -10.607206345 0.000000000 0.000000000 -10.000000000
1776608260.142188311 0.564703643 0.252979755 0.173345447 0.150438532 0.986269712 0.067519568 0.009024790 0.140768796 -0.573931634 -10.614783287 0.000000000 0.000000000 -10.000000000
1776608260.146939039 0.564901948 0.253073215 0.173382223 0.150441647 0.986302972 0.067068070 0.008699074 0.186960161 -0.603296697 -10.626923561 0.000000000 0.000000000 -10.000000000
1776608260.151906729 0.565113425 0.253175706 0.173410833 0.150454506 0.986332893 0.066637374 0.008383375 0.236044422 -0.634708107 -10.643883705 0.000000000 0.000000000 -10.000000000
1776608260.156842709 0.565424979 0.253373623 0.173414141 0.150415927 0.986404538 0.065750130 0.007617091 0.287980616 -0.668231666 -10.665879250 0.000000000 0.000000000 -10.000000000
1776608260.162265539 0.565424979 0.253373623 0.173414141 0.150415927 0.986404538 0.065750130 0.007617091 0.342718512 -0.703918815 -10.693080902 0.000000000 0.000000000 -10.000000000
1776608260.166943789 0.565733254 0.253554463 0.173418820 0.150435418 0.986465394 0.064874403 0.006822217 0.400200129 -0.741806805 -10.725618362 0.000000000 0.000000000 -10.000000000
1776608260.172323227 0.565733254 0.253554463 0.173418820 0.150435418 0.986465394 0.064874403 0.006822217 0.460360885 -0.781919360 -10.763583183 0.000000000 0.000000000 -10.000000000
1776608260.176920891 0.565867424 0.253650039 0.173415810 0.150429949 0.986497760 0.064436652 0.006392487 0.523128986 -0.824265182 -10.807026863 0.000000000 0.000000000 -10.000000000
1776608260.182167292 0.565990865 0.253749520 0.173420876 0.150407612 0.986532211 0.064003468 0.005941472 0.588423848 -0.868835270 -10.855967522 0.000000000 0.000000000 -10.000000000
1776608260.186914921 0.566157162 0.253864646 0.173449129 0.150391549 0.986563444 0.063596070 0.005525927 0.656155288 -0.915602207 -10.910384178 0.000000000 0.000000000 -10.000000000
1776608260.191882372 0.566554606 0.254071176 0.173505843 0.150408030 0.986615360 0.062809631 0.004739108 0.726223648 -0.964519918 -10.970219612 0.000000000 0.000000000 -10.000000000
1776608260.197283745 0.566554606 0.254071176 0.173505843 0.150408030 0.986615360 0.062809631 0.004739108 0.798521876 -1.015526175 -11.035376549 0.000000000 0.000000000 -10.000000000
1776608260.202275515 0.566720545 0.254170716 0.173496544 0.150397956 0.986644328 0.062408760 0.004308280 0.872938335 -1.068544507 -11.105720520 0.000000000 0.000000000 -10.000000000
1776608260.206980467 0.566895068 0.254246414 0.173483402 0.150394022 0.986672282 0.062003214 0.003875527 0.949358046 -1.123485327 -11.181079865 0.000000000 0.000000000 -10.000000000
1776608260.212240219 0.567301571 0.254401714 0.173500389 0.150371492 0.986727357 0.061221562 0.003068396 1.027662873 -1.180245042 -11.261251450 0.000000000 0.000000000 -10.000000000
1776608260.216864586 0.567301571 0.254401714 0.173500389 0.150371492 0.986727357 0.061221562 0.003068396 1.107730389 -1.238704443 -11.346000671 0.000000000 0.000000000 -10.000000000
1776608260.221915722 0.567683101 0.254477233 0.173539877 0.150392339 0.986777961 0.060386516 0.002203281 1.189432263 -1.298726797 -11.435072899 0.000000000 0.000000000 -10.000000000
1776608260.227116346 0.567683101 0.254477233 0.173539877 0.150392339 0.986777961 0.060386516 0.002203281 1.272633314 -1.360156178 -11.528188705 0.000000000 0.000000000 -10.000000000
1776608260.232090712 0.567899287 0.254536480 0.173592031 0.150372729 0.986805797 0.059992321 0.001798675 1.357192159 -1.422817826 -11.625047684 0.000000000 0.000000000 -10.000000000
1776608260.236885786 0.568061054 0.254590750 0.173629284 0.150338292 0.986836910 0.059577685 0.001342848 1.442961097 -1.486518860 -11.725330353 0.000000000 0.000000000 -10.000000000
1776608260.242316008 0.568273067 0.254644215 0.173633367 0.150280610 0.986900270 0.058681656 0.000305522 1.529788375 -1.551051497 -11.828694344 0.000000000 0.000000000 -10.000000000
1776608260.247345209 0.568273067 0.254644215 0.173633367 0.150280610 0.986900270 0.058681656 0.000305522 1.617516398 -1.616194010 -11.934783936 0.000000000 0.000000000 -10.000000000
1776608260.252344131 0.568520606 0.254705191 0.173630327 0.150221214 0.986960948 0.057802405 -0.000709183 1.705981255 -1.681712747 -12.043228149 0.000000000 0.000000000 -10.000000000
1776608260.257025719 0.568662107 0.254718125 0.173639268 0.150210589 0.986987650 0.057364788 -0.001212789 1.795012116 -1.747363210 -12.153645515 0.000000000 0.000000000 -10.000000000
1776608260.262352705 0.568662107 0.254718125 0.173639268 0.150210589 0.986987650 0.057364788 -0.001212789 1.884433389 -1.812893510 -12.265645981 0.000000000 0.000000000 -10.000000000
1776608260.266917467 0.568816304 0.254744291 0.173664361 0.150197849 0.987013102 0.056946270 -0.001705728 1.974067688 -1.878047824 -12.378838539 0.000000000 0.000000000 -10.000000000
1776608260.272370815 0.568948746 0.254772037 0.173688620 0.150164470 0.987041891 0.056515556 -0.002224428 2.063739538 -1.942569971 -12.492829323 0.000000000 0.000000000 -10.000000000
1776608260.276882410 0.569210589 0.254825741 0.173735172 0.150070831 0.987102211 0.055653922 -0.003266195 2.153278351 -2.006206512 -12.607231140 0.000000000 0.000000000 -10.000000000
1776608260.282237768 0.569210589 0.254825741 0.173735172 0.150070831 0.987102211 0.055653922 -0.003266195 2.242521286 -2.068709612 -12.721657753 0.000000000 0.000000000 -10.000000000
1776608260.286914587 0.569336057 0.254850209 0.173751712 0.150031656 0.987129867 0.055233296 -0.003796959 2.331315041 -2.129840136 -12.835733414 0.000000000 0.000000000 -10.000000000
1776608260.292281866 0.569478214 0.254900455 0.173761636 0.149989069 0.987156212 0.054839186 -0.004311523 2.419519186 -2.189372063 -12.949088097 0.000000000 0.000000000 -10.000000000
1776608260.297230721 0.569638848 0.254956603 0.173770845 0.149951562 0.987180829 0.054456085 -0.004806644 2.507007837 -2.247095346 -13.061370850 0.000000000 0.000000000 -10.000000000
1776608260.302119255 0.569799364 0.255005598 0.173780024 0.149928391 0.987202883 0.054071747 -0.005308313 2.593669415 -2.302819490 -13.172244072 0.000000000 0.000000000 -10.000000000
1776608260.306850672 0.569958210 0.255061269 0.173806280 0.149903491 0.987224102 0.053700652 -0.005813238 2.679405451 -2.356374979 -13.281385422 0.000000000 0.000000000 -10.000000000
1776608260.311898708 0.570138335 0.255125165 0.173850387 0.149878621 0.987243831 0.053351033 -0.006301639 2.764128447 -2.407612085 -13.388490677 0.000000000 0.000000000 -10.000000000
1776608260.316910982 0.570299387 0.255184591 0.173889428 0.149856970 0.987262607 0.053001888 -0.006802373 2.847759962 -2.456403017 -13.493271828 0.000000000 0.000000000 -10.000000000
1776608260.322315693 0.570467174 0.255260110 0.173922151 0.149802849 0.987303615 0.052221820 -0.007974722 2.930231810 -2.502641201 -13.595458984 0.000000000 0.000000000 -10.000000000
1776608260.326886415 0.570467174 0.255260110 0.173922151 0.149802849 0.987303615 0.052221820 -0.007974722 3.011483431 -2.546242237 -13.694803238 0.000000000 0.000000000 -10.000000000
1776608260.332185507 0.570587099 0.255287528 0.173931926 0.149777427 0.987322986 0.051839419 -0.008527256 3.091457605 -2.587139368 -13.791071892 0.000000000 0.000000000 -10.000000000
1776608260.337034941 0.570903003 0.255357146 0.173943788 0.149723366 0.987358868 0.051127348 -0.009557970 3.170101881 -2.625284910 -13.884054184 0.000000000 0.000000000 -10.000000000
1776608260.342377901 0.571094632 0.255407870 0.173979580 0.149688959 0.987376332 0.050797276 -0.010041532 3.247369289 -2.660648584 -13.973559380 0.000000000 0.000000000 -10.000000000
1776608260.347084045 0.571325421 0.255465835 0.174049020 0.149652690 0.987392962 0.050491419 -0.010481187 3.323221207 -2.693219662 -14.059417725 0.000000000 0.000000000 -10.000000000
1776608260.352381229 0.571554244 0.255520284 0.174112648 0.149618819 0.987408757 0.050189693 -0.010917211 3.397630215 -2.723005533 -14.141484261 0.000000000 0.000000000 -10.000000000
1776608260.356897831 0.571751475 0.255553305 0.174157977 0.149585873 0.987424850 0.049864717 -0.011391239 3.470581532 -2.750033140 -14.219638824 0.000000000 0.000000000 -10.000000000
1776608260.362460852 0.571751475 0.255553305 0.174157977 0.149585873 0.987424850 0.049864717 -0.011391239 3.542073011 -2.774346352 -14.293784142 0.000000000 0.000000000 -10.000000000
1776608260.366938591 0.572148144 0.255572379 0.174167097 0.149555430 0.987451553 0.049192656 -0.012357743 3.612114668 -2.796005249 -14.363846779 0.000000000 0.000000000 -10.000000000
1776608260.372270823 0.572148144 0.255572379 0.174167097 0.149555430 0.987451553 0.049192656 -0.012357743 3.680724621 -2.815086126 -14.429773331 0.000000000 0.000000000 -10.000000000
1776608260.376878738 0.572663724 0.255626470 0.174176008 0.149519622 0.987475514 0.048599310 -0.013192831 3.747929811 -2.831677198 -14.491535187 0.000000000 0.000000000 -10.000000000
1776608260.382239580 0.572663724 0.255626470 0.174176008 0.149519622 0.987475514 0.048599310 -0.013192831 3.813764811 -2.845880270 -14.549123764 0.000000000 0.000000000 -10.000000000
1776608260.387295723 0.572968304 0.255680680 0.174229354 0.149497256 0.987486482 0.048345644 -0.013555765 3.878271580 -2.857807636 -14.602552414 0.000000000 0.000000000 -10.000000000
1776608260.392108440 0.573543906 0.255803525 0.174356014 0.149436429 0.987509072 0.047854725 -0.014302440 3.941498995 -2.867582321 -14.651854515 0.000000000 0.000000000 -10.000000000
1776608260.396848440 0.573543906 0.255803525 0.174356014 0.149436429 0.987509072 0.047854725 -0.014302440 4.003499985 -2.875336409 -14.697075844 0.000000000 0.000000000 -10.000000000
1776608260.402091026 0.574015021 0.255867720 0.174394101 0.149393171 0.987529218 0.047302507 -0.015172132 4.064332008 -2.881209850 -14.738276482 0.000000000 0.000000000 -10.000000000
1776608260.407003403 0.574015021 0.255867720 0.174394101 0.149393171 0.987529218 0.047302507 -0.015172132 4.124056816 -2.885349751 -14.775526047 0.000000000 0.000000000 -10.000000000
1776608260.411952734 0.574234366 0.255893320 0.174382508 0.149370089 0.987539291 0.047014877 -0.015632262 4.182734489 -2.887907743 -14.808906555 0.000000000 0.000000000 -10.000000000
1776608260.416975737 0.574478209 0.255929828 0.174388945 0.149349034 0.987548232 0.046748798 -0.016057629 4.240426540 -2.889038563 -14.838507652 0.000000000 0.000000000 -10.000000000
1776608260.422095537 0.574807048 0.255971491 0.174435318 0.149341181 0.987554908 0.046517648 -0.016391473 4.297192097 -2.888898611 -14.864431381 0.000000000 0.000000000 -10.000000000
1776608260.426837444 0.575623512 0.256087393 0.174616039 0.149345830 0.987563193 0.046150543 -0.016879601 4.353092194 -2.887643576 -14.886790276 0.000000000 0.000000000 -10.000000000
1776608260.432319164 0.575623512 0.256087393 0.174616039 0.149345830 0.987563193 0.046150543 -0.016879601 4.408188343 -2.885426998 -14.905706406 0.000000000 0.000000000 -10.000000000
1776608260.436926126 0.576321006 0.256181777 0.174680829 0.149348080 0.987571299 0.045736130 -0.017501799 4.462545395 -2.882398367 -14.921306610 0.000000000 0.000000000 -10.000000000
1776608260.442106485 0.576321006 0.256181777 0.174680829 0.149348080 0.987571299 0.045736130 -0.017501799 4.516226768 -2.878703356 -14.933723450 0.000000000 0.000000000 -10.000000000
1776608260.446877718 0.576660812 0.256215245 0.174680173 0.149350256 0.987575352 0.045516700 -0.017824275 4.569298744 -2.874483109 -14.943096161 0.000000000 0.000000000 -10.000000000
1776608260.452247381 0.577033639 0.256255686 0.174674511 0.149350539 0.987579525 0.045313343 -0.018106408 4.621828556 -2.869876862 -14.949572563 0.000000000 0.000000000 -10.000000000
1776608260.456895113 0.577925205 0.256368309 0.174744397 0.149354175 0.987586498 0.044994306 -0.018484991 4.673889160 -2.865021467 -14.953307152 0.000000000 0.000000000 -10.000000000
1776608260.462268829 0.577925205 0.256368309 0.174744397 0.149354175 0.987586498 0.044994306 -0.018484991 4.725561619 -2.860053539 -14.954471588 0.000000000 0.000000000 -10.000000000
1776608260.466869116 0.578465998 0.256433278 0.174827933 0.149358183 0.987589836 0.044878278 -0.018558729 4.776937962 -2.855108023 -14.953242302 0.000000000 0.000000000 -10.000000000
1776608260.472303867 0.579581797 0.256555915 0.174920648 0.149370164 0.987596571 0.044653017 -0.018645054 4.828120232 -2.850319862 -14.949806213 0.000000000 0.000000000 -10.000000000
1776608260.477261066 0.580183208 0.256622076 0.174947917 0.149378985 0.987599790 0.044557609 -0.018633883 4.879221916 -2.845822573 -14.944353104 0.000000000 0.000000000 -10.000000000
1776608260.482213974 0.580844522 0.256694674 0.174988925 0.149387002 0.987603426 0.044486299 -0.018544951 4.930366993 -2.841751099 -14.937078476 0.000000000 0.000000000 -10.000000000
1776608260.487303495 0.580844522 0.256694674 0.174988925 0.149387002 0.987603426 0.044486299 -0.018544951 4.981687069 -2.838240623 -14.928179741 0.000000000 0.000000000 -10.000000000
1776608260.492362976 0.581527412 0.256768763 0.175031483 0.149392173 0.987607837 0.044423711 -0.018420471 5.033320904 -2.835427523 -14.917860985 0.000000000 0.000000000 -10.000000000
1776608260.496932507 0.583124280 0.256958306 0.175191373 0.149413973 0.987614751 0.044412661 -0.017890297 5.085412025 -2.833448172 -14.906325340 0.000000000 0.000000000 -10.000000000
1776608260.502406120 0.583124280 0.256958306 0.175191373 0.149413973 0.987614751 0.044412661 -0.017890297 5.138110161 -2.832439661 -14.893776894 0.000000000 0.000000000 -10.000000000
1776608260.506875277 0.584099233 0.257082462 0.175319254 0.149431571 0.987617314 0.044485018 -0.017417397 5.191569328 -2.832537889 -14.880416870 0.000000000 0.000000000 -10.000000000
1776608260.512340784 0.585071325 0.257188618 0.175405860 0.149446145 0.987621069 0.044538341 -0.016936295 5.245947361 -2.833878040 -14.866440773 0.000000000 0.000000000 -10.000000000
1776608260.516873360 0.587113559 0.257391721 0.175511986 0.149475515 0.987629235 0.044665813 -0.015826376 5.301403046 -2.836591721 -14.852035522 0.000000000 0.000000000 -10.000000000
1776608260.522319078 0.588185430 0.257494390 0.175559074 0.149493739 0.987632632 0.044746760 -0.015204944 5.358088017 -2.840806007 -14.837378502 0.000000000 0.000000000 -10.000000000
1776608260.526925564 0.589292347 0.257599562 0.175612867 0.149517149 0.987634659 0.044844132 -0.014540751 5.416141987 -2.846638918 -14.822636604 0.000000000 0.000000000 -10.000000000
1776608260.532400131 0.590447247 0.257717848 0.175690740 0.149548814 0.987634301 0.044974979 -0.013816234 5.475681305 -2.854195833 -14.807963371 0.000000000 0.000000000 -10.000000000
1776608260.536984444 0.591642559 0.257860512 0.175791383 0.149586990 0.987631261 0.045143254 -0.013048886 5.536793232 -2.863565207 -14.793505669 0.000000000 0.000000000 -10.000000000
1776608260.542289972 0.591642559 0.257860512 0.175791383 0.149586990 0.987631261 0.045143254 -0.013048886 5.599530220 -2.874815941 -14.779395103 0.000000000 0.000000000 -10.000000000
1776608260.547420025 0.594094276 0.258214116 0.176032424 0.149691775 0.987614810 0.045588709 -0.011445536 5.663906097 -2.887996912 -14.765753746 0.000000000 0.000000000 -10.000000000
1776608260.552549124 0.595293403 0.258393228 0.176126063 0.149765089 0.987601459 0.045825962 -0.010667746 5.729894638 -2.903137922 -14.752686501 0.000000000 0.000000000 -10.000000000
1776608260.557383299 0.595293403 0.258393228 0.176126063 0.149765089 0.987601459 0.045825962 -0.010667746 5.797426224 -2.920249939 -14.740283966 0.000000000 0.000000000 -10.000000000
1776608260.561929703 0.597662568 0.258775145 0.176316857 0.149942517 0.987565398 0.046348166 -0.009147633 5.866389275 -2.939325333 -14.728620529 0.000000000 0.000000000 -10.000000000
1776608260.567384720 0.597662568 0.258775145 0.176316857 0.149942517 0.987565398 0.046348166 -0.009147633 5.936625957 -2.960337639 -14.717753410 0.000000000 0.000000000 -10.000000000
1776608260.571901798 0.600034535 0.259243727 0.176501095 0.150169775 0.987513065 0.046995964 -0.007636796 6.007934093 -2.983242750 -14.707722664 0.000000000 0.000000000 -10.000000000
1776608260.577073336 0.600034535 0.259243727 0.176501095 0.150169775 0.987513065 0.046995964 -0.007636796 6.080067158 -3.007978201 -14.698557854 0.000000000 0.000000000 -10.000000000
1776608260.581944227 0.602307737 0.259728104 0.176683724 0.150434077 0.987450659 0.047661785 -0.006259990 6.152731419 -3.034460545 -14.690280914 0.000000000 0.000000000 -10.000000000
1776608260.586851835 0.603328884 0.259962589 0.176764816 0.150565088 0.987419605 0.047959298 -0.005706218 6.225585461 -3.062581778 -14.682909012 0.000000000 0.000000000 -10.000000000
1776608260.591876984 0.603328884 0.259962589 0.176764816 0.150565088 0.987419605 0.047959298 -0.005706218 6.298238277 -3.092204094 -14.676462173 0.000000000 0.000000000 -10.000000000
1776608260.596906662 0.604269147 0.260187924 0.176842391 0.150700763 0.987388074 0.048233721 -0.005249021 6.370245457 -3.123156309 -14.670962334 0.000000000 0.000000000 -10.000000000
1776608260.602410555 0.605049551 0.260381937 0.176892102 0.150842845 0.987357497 0.048443738 -0.004979675 6.441112041 -3.155232906 -14.666439056 0.000000000 0.000000000 -10.000000000
1776608260.606930733 0.605730176 0.260562569 0.176946491 0.151003137 0.987324536 0.048630912 -0.004834306 6.510293007 -3.188194275 -14.662929535 0.000000000 0.000000000 -10.000000000
1776608260.612298250 0.606246948 0.260713041 0.176967591 0.151177332 0.987291336 0.048758287 -0.004884713 6.577199936 -3.221771002 -14.660476685 0.000000000 0.000000000 -10.000000000
1776608260.617001772 0.606964707 0.260919899 0.177007586 0.151576608 0.987221539 0.048880145 -0.005379938 6.641205788 -3.255666733 -14.659132957 0.000000000 0.000000000 -10.000000000
1776608260.622677803 0.606964707 0.260919899 0.177007586 0.151576608 0.987221539 0.048880145 -0.005379938 6.701657295 -3.289564848 -14.658956528 0.000000000 0.000000000 -10.000000000
1776608260.627265930 0.607488334 0.261078358 0.177072823 0.152017206 0.987146795 0.048931096 -0.006141165 6.757889748 -3.323135853 -14.660011292 0.000000000 0.000000000 -10.000000000
1776608260.631912231 0.607488334 0.261078358 0.177072823 0.152017206 0.987146795 0.048931096 -0.006141165 6.809244633 -3.356048346 -14.662364006 0.000000000 0.000000000 -10.000000000
1776608260.637348652 0.607709527 0.261145413 0.177121431 0.152258888 0.987105727 0.048951056 -0.006579348 6.855093956 -3.387981653 -14.666077614 0.000000000 0.000000000 -10.000000000
1776608260.642336369 0.607905924 0.261194706 0.177163601 0.152517244 0.987062156 0.048960891 -0.007047819 6.894855499 -3.418638468 -14.671214104 0.000000000 0.000000000 -10.000000000
1776608260.646897793 0.608082533 0.261222452 0.177186012 0.152789459 0.987016737 0.048953973 -0.007541867 6.928013802 -3.447755098 -14.677825928 0.000000000 0.000000000 -10.000000000
1776608260.652078629 0.608288407 0.261244476 0.177210093 0.153068662 0.986969888 0.048952684 -0.008003255 6.954136372 -3.475108147 -14.685957909 0.000000000 0.000000000 -10.000000000
1776608260.656797886 0.608579516 0.261268795 0.177230060 0.153361291 0.986919999 0.048981391 -0.008372143 6.972886562 -3.500522375 -14.695646286 0.000000000 0.000000000 -10.000000000
1776608260.661863089 0.608876050 0.261290014 0.177233160 0.153664485 0.986867964 0.049016796 -0.008730316 6.984036922 -3.523874044 -14.706913948 0.000000000 0.000000000 -10.000000000
1776608260.666905642 0.609230578 0.261326373 0.177243948 0.153978482 0.986812711 0.049091216 -0.009019481 6.987475872 -3.545092344 -14.719774246 0.000000000 0.000000000 -10.000000000
1776608260.671849489 0.609639823 0.261363655 0.177277535 0.154297754 0.986755967 0.049188852 -0.009237911 6.983209610 -3.564157724 -14.734224319 0.000000000 0.000000000 -10.000000000
1776608260.677389383 0.610140860 0.261397809 0.177334279 0.154633686 0.986695707 0.049321327 -0.009347863 6.971358776 -3.581096888 -14.750246048 0.000000000 0.000000000 -10.000000000
1776608260.681888342 0.610738337 0.261444211 0.177419960 0.154984072 0.986631691 0.049501963 -0.009346664 6.952159405 -3.595978498 -14.767807007 0.000000000 0.000000000 -10.000000000
1776608260.687239408 0.611394942 0.261506259 0.177518338 0.155341625 0.986565173 0.049722023 -0.009268708 6.925956726 -3.608906984 -14.786857605 0.000000000 0.000000000 -10.000000000
1776608260.692088604 0.612100780 0.261531919 0.177592814 0.155712709 0.986497462 0.049929373 -0.009128047 6.893203259 -3.620017767 -14.807329178 0.000000000 0.000000000 -10.000000000
1776608260.696883440 0.612852693 0.261527747 0.177653432 0.156095460 0.986428738 0.050129008 -0.008925299 6.854449749 -3.629468441 -14.829130173 0.000000000 0.000000000 -10.000000000
1776608260.701892853 0.613674760 0.261529565 0.177708745 0.156485111 0.986357927 0.050356731 -0.008639073 6.810331345 -3.637431622 -14.852149010 0.000000000 0.000000000 -10.000000000
1776608260.707099676 0.614584029 0.261516511 0.177750826 0.156890661 0.986284256 0.050602768 -0.008249644 6.761552334 -3.644084930 -14.876254082 0.000000000 0.000000000 -10.000000000
1776608260.712045193 0.615562141 0.261484921 0.177801937 0.157310218 0.986208022 0.050859410 -0.007778913 6.708868027 -3.649602652 -14.901288033 0.000000000 0.000000000 -10.000000000
1776608260.716829062 0.616601348 0.261429846 0.177866697 0.157741666 0.986129820 0.051119234 -0.007233714 6.653068066 -3.654144764 -14.927075386 0.000000000 0.000000000 -10.000000000
1776608260.721987486 0.617703557 0.261357248 0.177960753 0.158182219 0.986049652 0.051388830 -0.006609170 6.594959736 -3.657848597 -14.953418732 0.000000000 0.000000000 -10.000000000
1776608260.726887703 0.618844509 0.261260659 0.178062737 0.158649594 0.985963762 0.051675789 -0.005948126 6.535347939 -3.660820246 -14.980099678 0.000000000 0.000000000 -10.000000000
1776608260.732119799 0.620015919 0.261109918 0.178162366 0.159153730 0.985871434 0.051960219 -0.005264611 6.475022793 -3.663128376 -15.006877899 0.000000000 0.000000000 -10.000000000
1776608260.736876488 0.621144712 0.260921419 0.178211838 0.159680054 0.985775530 0.052225199 -0.004633647 6.414739132 -3.664799213 -15.033497810 0.000000000 0.000000000 -10.000000000
1776608260.742273331 0.622212648 0.260710269 0.178216517 0.160215482 0.985678256 0.052466638 -0.004075838 6.355203629 -3.665813208 -15.059685707 0.000000000 0.000000000 -10.000000000
1776608260.747153997 0.623237908 0.260474145 0.178216815 0.160760760 0.985579252 0.052695155 -0.003565919 6.297058582 -3.666101694 -15.085155487 0.000000000 0.000000000 -10.000000000
1776608260.751927614 0.624181330 0.260234028 0.178195089 0.161312833 0.985478580 0.052916717 -0.003157120 6.240863323 -3.665545940 -15.109617233 0.000000000 0.000000000 -10.000000000
1776608260.756949902 0.625088274 0.260004938 0.178210467 0.161885351 0.985371947 0.053174164 -0.002791828 6.187087536 -3.663977146 -15.132770538 0.000000000 0.000000000 -10.000000000
1776608260.761884451 0.625933588 0.259760022 0.178221732 0.162493989 0.985257983 0.053442255 -0.002516105 6.136102676 -3.661180496 -15.154315948 0.000000000 0.000000000 -10.000000000
1776608260.766875029 0.626680136 0.259497195 0.178223163 0.163127095 0.985139489 0.053703919 -0.002363033 6.088183403 -3.656900406 -15.173952103 0.000000000 0.000000000 -10.000000000
1776608260.772314787 0.627377570 0.259230107 0.178221732 0.163784534 0.985015512 0.053980205 -0.002285803 6.043503761 -3.650845051 -15.191384315 0.000000000 0.000000000 -10.000000000
1776608260.777228832 0.628010392 0.258959293 0.178207338 0.164460123 0.984887362 0.054263771 -0.002291115 6.002143860 -3.642692089 -15.206326485 0.000000000 0.000000000 -10.000000000
1776608260.782029390 0.628562152 0.258669704 0.178165168 0.165157974 0.984755218 0.054536007 -0.002405314 5.964090347 -3.632093906 -15.218506813 0.000000000 0.000000000 -10.000000000
1776608260.787216663 0.629057467 0.258359164 0.178130567 0.165886000 0.984616816 0.054816440 -0.002602347 5.929249287 -3.618685007 -15.227674484 0.000000000 0.000000000 -10.000000000
1776608260.791980505 0.629495621 0.258053809 0.178083271 0.166630030 0.984473765 0.055114169 -0.002876979 5.897454262 -3.602089167 -15.233599663 0.000000000 0.000000000 -10.000000000
1776608260.797013044 0.629854918 0.257728100 0.178015739 0.167395577 0.984326720 0.055398978 -0.003252712 5.868476868 -3.581928492 -15.236081123 0.000000000 0.000000000 -10.000000000
1776608260.802290440 0.630193770 0.257412255 0.177947789 0.168171704 0.984175503 0.055708051 -0.003665594 5.842039585 -3.557831049 -15.234943390 0.000000000 0.000000000 -10.000000000
1776608260.807262659 0.630825281 0.256896645 0.177824527 0.169689834 0.983869731 0.056437492 -0.004529430 5.817829132 -3.529440165 -15.230046272 0.000000000 0.000000000 -10.000000000
1776608260.812078476 0.630825281 0.256896645 0.177824527 0.169689834 0.983869731 0.056437492 -0.004529430 5.795508385 -3.496423244 -15.221280098 0.000000000 0.000000000 -10.000000000
1776608260.816859961 0.631101906 0.256656706 0.177777797 0.170442894 0.983714163 0.056838620 -0.005002100 5.774730682 -3.458478928 -15.208570480 0.000000000 0.000000000 -10.000000000
1776608260.821856260 0.631402254 0.256390244 0.177742660 0.171151832 0.983564436 0.057257012 -0.005450889 5.755146503 -3.415343761 -15.191869736 0.000000000 0.000000000 -10.000000000
1776608260.826876640 0.631742537 0.256109953 0.177733511 0.171794415 0.983423591 0.057710085 -0.005848919 5.736416340 -3.366797686 -15.171162605 0.000000000 0.000000000 -10.000000000
1776608260.831863642 0.632096350 0.255819857 0.177723527 0.172341540 0.983297765 0.058181889 -0.006226589 5.718218803 -3.312668085 -15.146454811 0.000000000 0.000000000 -10.000000000
1776608260.837077379 0.632458627 0.255520284 0.177721918 0.172803745 0.983185172 0.058672413 -0.006582026 5.700256348 -3.252834558 -15.117771149 0.000000000 0.000000000 -10.000000000
1776608260.841846704 0.632835507 0.255212337 0.177724421 0.173163772 0.983089864 0.059168708 -0.006903862 5.682262897 -3.187229872 -15.085153580 0.000000000 0.000000000 -10.000000000
1776608260.846886635 0.633209646 0.254911423 0.177719146 0.173439473 0.983008385 0.059676588 -0.007209075 5.664003849 -3.115843058 -15.048651695 0.000000000 0.000000000 -10.000000000
1776608260.851856709 0.633611202 0.254607141 0.177740306 0.173657343 0.982935846 0.060203705 -0.007468055 5.645277977 -3.038716793 -15.008323669 0.000000000 0.000000000 -10.000000000
1776608260.856895924 0.634044826 0.254305929 0.177776366 0.173841462 0.982867718 0.060756192 -0.007670715 5.625916958 -2.955947876 -14.964229584 0.000000000 0.000000000 -10.000000000
1776608260.861846209 0.634524763 0.253996670 0.177815229 0.174011618 0.982801139 0.061325278 -0.007812232 5.605788708 -2.867684364 -14.916425705 0.000000000 0.000000000 -10.000000000
1776608260.867024422 0.635013640 0.253684372 0.177854747 0.174187273 0.982732773 0.061905041 -0.007928114 5.584796906 -2.774123669 -14.864967346 0.000000000 0.000000000 -10.000000000
1776608260.872305870 0.635515153 0.253352106 0.177871525 0.174390703 0.982659340 0.062483743 -0.008019882 5.562879086 -2.675508022 -14.809898376 0.000000000 0.000000000 -10.000000000
1776608260.876865387 0.636575222 0.252623320 0.177835375 0.174918532 0.982490957 0.063630670 -0.008131018 5.540001392 -2.572121143 -14.751255035 0.000000000 0.000000000 -10.000000000
1776608260.882276535 0.636575222 0.252623320 0.177835375 0.174918532 0.982490957 0.063630670 -0.008131018 5.516154289 -2.464280844 -14.689065933 0.000000000 0.000000000 -10.000000000
1776608260.886910915 0.637143075 0.252216667 0.177827060 0.175255179 0.982394159 0.064196862 -0.008132166 5.491344929 -2.352332830 -14.623344421 0.000000000 0.000000000 -10.000000000
1776608260.891889811 0.637725055 0.251775384 0.177811146 0.175626263 0.982291698 0.064750850 -0.008109238 5.465592861 -2.236645937 -14.554096222 0.000000000 0.000000000 -10.000000000
1776608260.896886110 0.638293922 0.251327813 0.177789062 0.176042497 0.982181370 0.065294772 -0.008089149 5.438923359 -2.117604971 -14.481313705 0.000000000 0.000000000 -10.000000000
1776608260.902907372 0.638856828 0.250903159 0.177784652 0.176461697 0.982069016 0.065854102 -0.008060303 5.411363602 -1.995606661 -14.404980659 0.000000000 0.000000000 -10.000000000
1776608260.907096386 0.639932573 0.250059485 0.177734792 0.177343816 0.981835604 0.066961750 -0.008010672 5.382937431 -1.871055245 -14.325067520 0.000000000 0.000000000 -10.000000000
1776608260.912299871 0.639932573 0.250059485 0.177734792 0.177343816 0.981835604 0.066961750 -0.008010672 5.353661060 -1.744360447 -14.241538048 0.000000000 0.000000000 -10.000000000
1776608260.916894436 0.640449941 0.249627233 0.177685142 0.177796230 0.981716871 0.067502685 -0.007991869 5.323541641 -1.615933180 -14.154346466 0.000000000 0.000000000 -10.000000000
1776608260.922267914 0.640960634 0.249177396 0.177637219 0.178264678 0.981595039 0.068039685 -0.007969581 5.292574406 -1.486182094 -14.063446045 0.000000000 0.000000000 -10.000000000
1776608260.926932812 0.641449749 0.248714715 0.177592844 0.178721294 0.981475055 0.068572223 -0.007955221 5.260741711 -1.355509400 -13.968786240 0.000000000 0.000000000 -10.000000000
1776608260.932051897 0.641932786 0.248252630 0.177559763 0.179181203 0.981353402 0.069113299 -0.007935173 5.228015423 -1.224306822 -13.870320320 0.000000000 0.000000000 -10.000000000
1776608260.937290668 0.642417669 0.247793823 0.177538037 0.179629520 0.981232941 0.069662206 -0.007895608 5.194356918 -1.092953444 -13.768007278 0.000000000 0.000000000 -10.000000000
1776608260.941870451 0.642862320 0.247328535 0.177491277 0.180063501 0.981116116 0.070186362 -0.007884531 5.159719467 -0.961812854 -13.661814690 0.000000000 0.000000000 -10.000000000
1776608260.947305441 0.643268168 0.246861920 0.177423418 0.180482507 0.981002212 0.070698202 -0.007905396 5.124049664 -0.831230342 -13.551718712 0.000000000 0.000000000 -10.000000000
1776608260.953029633 0.643691123 0.246397957 0.177363724 0.180881634 0.980891109 0.071219340 -0.007890588 5.087290764 -0.701530814 -13.437711716 0.000000000 0.000000000 -10.000000000
1776608260.957293510 0.644572318 0.245437592 0.177257508 0.181650102 0.980673850 0.072261818 -0.007765169 5.049388885 -0.573016882 -13.319804192 0.000000000 0.000000000 -10.000000000
1776608260.962421417 0.644572318 0.245437592 0.177257508 0.181650102 0.980673850 0.072261818 -0.007765169 5.010297298 -0.445967972 -13.198022842 0.000000000 0.000000000 -10.000000000
1776608260.967331886 0.645016253 0.244926721 0.177210361 0.182026118 0.980567634 0.072764888 -0.007673066 4.969980240 -0.320639342 -13.072415352 0.000000000 0.000000000 -10.000000000
1776608260.971982718 0.645467997 0.244385317 0.177160203 0.182387382 0.980466127 0.073238768 -0.007552371 4.928418159 -0.197260857 -12.943049431 0.000000000 0.000000000 -10.000000000
1776608260.977323055 0.645943344 0.243808597 0.177107483 0.182748646 0.980366230 0.073691212 -0.007391240 4.885605812 -0.076036051 -12.810008049 0.000000000 0.000000000 -10.000000000
1776608260.981947660 0.646445036 0.243180871 0.177046835 0.183086962 0.980273664 0.074102610 -0.007176878 4.841555595 0.042858765 -12.673393250 0.000000000 0.000000000 -10.000000000
1776608260.987243652 0.646971703 0.242495894 0.176989436 0.183432266 0.980184019 0.074459106 -0.006905330 4.796298981 0.159275338 -12.533320427 0.000000000 0.000000000 -10.000000000
1776608260.992724180 0.647479773 0.241769791 0.176920205 0.183739588 0.980105162 0.074764661 -0.006626609 4.749884605 0.273094356 -12.389923096 0.000000000 0.000000000 -10.000000000
1776608260.997290134 0.648491800 0.240198255 0.176729798 0.184280321 0.979975224 0.075190216 -0.005984656 4.702376366 0.384225637 -12.243343353 0.000000000 0.000000000 -10.000000000
1776608261.002314568 0.648491800 0.240198255 0.176729798 0.184280321 0.979975224 0.075190216 -0.005984656 4.653852463 0.492607594 -12.093741417 0.000000000 0.000000000 -10.000000000
1776608261.007255316 0.649010479 0.239371821 0.176622868 0.184508935 0.979924142 0.075324014 -0.005609452 4.604401588 0.598205209 -11.941290855 0.000000000 0.000000000 -10.000000000
1776608261.012258768 0.649522722 0.238538921 0.176504761 0.184709385 0.979880869 0.075423121 -0.005218367 4.554120064 0.701007903 -11.786180496 0.000000000 0.000000000 -10.000000000
1776608261.017076492 0.650483251 0.236787722 0.176288277 0.185061902 0.979813755 0.075480662 -0.004443068 4.503104210 0.801028848 -11.628614426 0.000000000 0.000000000 -10.000000000
1776608261.022174358 0.650483251 0.236787722 0.176288277 0.185061902 0.979813755 0.075480662 -0.004443068 4.451447487 0.898304641 -11.468814850 0.000000000 0.000000000 -10.000000000
1776608261.027026415 0.650964260 0.235858470 0.176194549 0.185223058 0.979787707 0.075447597 -0.004019665 4.399232864 0.992893457 -11.307017326 0.000000000 0.000000000 -10.000000000
1776608261.031883240 0.651429713 0.234896258 0.176077425 0.185380578 0.979765475 0.075370237 -0.003601346 4.346533775 1.084872961 -11.143471718 0.000000000 0.000000000 -10.000000000
1776608261.036882639 0.651758194 0.233885169 0.175897866 0.185530290 0.979751825 0.075191580 -0.003326808 4.293399811 1.174341559 -10.978446007 0.000000000 0.000000000 -10.000000000
1776608261.041928053 0.651860833 0.232838482 0.175647378 0.185660213 0.979750276 0.074891776 -0.003300203 4.239841461 1.261422753 -10.812223434 0.000000000 0.000000000 -10.000000000
1776608261.046870947 0.651972294 0.231808007 0.175457686 0.185791761 0.979747772 0.074599773 -0.003256796 4.185822487 1.346265912 -10.645104408 0.000000000 0.000000000 -10.000000000
1776608261.051858425 0.652009785 0.230769455 0.175288707 0.185931489 0.979745269 0.074282251 -0.003292854 4.131253719 1.429044008 -10.477408409 0.000000000 0.000000000 -10.000000000
1776608261.057358980 0.651847482 0.229730204 0.175088525 0.186069712 0.979746997 0.073899902 -0.003554255 4.075992584 1.509948254 -10.309469223 0.000000000 0.000000000 -10.000000000
1776608261.062003374 0.651621401 0.228710219 0.174933732 0.186232030 0.979742825 0.073528804 -0.003893984 4.019848347 1.589181542 -10.141639709 0.000000000 0.000000000 -10.000000000
1776608261.067265987 0.651332140 0.227717519 0.174789399 0.186417982 0.979731143 0.073188387 -0.004318570 3.962585926 1.666950345 -9.974287987 0.000000000 0.000000000 -10.000000000
1776608261.071894646 0.650894880 0.226736397 0.174592882 0.186635539 0.979713798 0.072827645 -0.004920533 3.903933287 1.743455887 -9.807792664 0.000000000 0.000000000 -10.000000000
1776608261.077204704 0.650478005 0.225770980 0.174413651 0.186883718 0.979687929 0.072496608 -0.005505305 3.843593836 1.818886399 -9.642540932 0.000000000 0.000000000 -10.000000000
1776608261.082108021 0.650011420 0.224822804 0.174223572 0.187133878 0.979660213 0.072173677 -0.006145072 3.781263351 1.893412352 -9.478919983 0.000000000 0.000000000 -10.000000000
1776608261.086989403 0.649503708 0.223873213 0.174021751 0.187395439 0.979630053 0.071842253 -0.006827081 3.716645241 1.967183352 -9.317314148 0.000000000 0.000000000 -10.000000000
1776608261.092368364 0.649017751 0.222933039 0.173848510 0.187651828 0.979599714 0.071521662 -0.007470369 3.649467707 2.040326357 -9.158100128 0.000000000 0.000000000 -10.000000000
1776608261.096922398 0.648274899 0.221113443 0.173604488 0.188105553 0.979543030 0.070997313 -0.008436027 3.579499245 2.112940311 -9.001638412 0.000000000 0.000000000 -10.000000000
1776608261.102190971 0.648274899 0.221113443 0.173604488 0.188105553 0.979543030 0.070997313 -0.008436027 3.506566763 2.185089588 -8.848271370 0.000000000 0.000000000 -10.000000000
1776608261.106909037 0.647968113 0.220240772 0.173511505 0.188329369 0.979512453 0.070779823 -0.008811517 3.430568457 2.256797791 -8.698317528 0.000000000 0.000000000 -10.000000000
1776608261.111894131 0.647732377 0.219357714 0.173405111 0.188534155 0.979485929 0.070566572 -0.009082715 3.351483822 2.328044891 -8.552062988 0.000000000 0.000000000 -10.000000000
1776608261.116916418 0.647557259 0.218476936 0.173291147 0.188731685 0.979460537 0.070366859 -0.009266561 3.269376278 2.398766756 -8.409760475 0.000000000 0.000000000 -10.000000000
1776608261.122008801 0.647472024 0.217629164 0.173199654 0.188935339 0.979430914 0.070223361 -0.009335436 3.184391499 2.468858004 -8.271623611 0.000000000 0.000000000 -10.000000000
1776608261.126984835 0.647456884 0.216797560 0.173144788 0.189125493 0.979401529 0.070125639 -0.009306290 3.096752644 2.538174868 -8.137825012 0.000000000 0.000000000 -10.000000000
1776608261.131876230 0.647476554 0.215968832 0.173091590 0.189335197 0.979367495 0.070045777 -0.009225274 3.006751299 2.606540442 -8.008494377 0.000000000 0.000000000 -10.000000000
1776608261.136888742 0.647533178 0.215133727 0.173039883 0.189571634 0.979327381 0.069983549 -0.009098488 2.914738417 2.673748970 -7.883716106 0.000000000 0.000000000 -10.000000000
1776608261.141948462 0.647638440 0.214307785 0.172998220 0.189792484 0.979289711 0.069937125 -0.008901899 2.821112871 2.739572763 -7.763527870 0.000000000 0.000000000 -10.000000000
1776608261.147388458 0.647742331 0.213485360 0.172950119 0.190015361 0.979251564 0.069892630 -0.008689789 2.726309299 2.803771257 -7.647924423 0.000000000 0.000000000 -10.000000000
1776608261.151923180 0.647824883 0.212670103 0.172875017 0.190230176 0.979216039 0.069831356 -0.008488231 2.630784512 2.866100073 -7.536859512 0.000000000 0.000000000 -10.000000000
1776608261.157375574 0.647856772 0.211851746 0.172780901 0.190423504 0.979185522 0.069749348 -0.008342550 2.534998655 2.926324129 -7.430248737 0.000000000 0.000000000 -10.000000000
1776608261.162355661 0.647798121 0.211025178 0.172663063 0.190594956 0.979162335 0.069613092 -0.008285237 2.439397097 2.984229803 -7.327972412 0.000000000 0.000000000 -10.000000000
1776608261.167324066 0.647676468 0.210181206 0.172550410 0.190760627 0.979142725 0.069434829 -0.008286088 2.344392061 3.039635181 -7.229879856 0.000000000 0.000000000 -10.000000000
1776608261.172385693 0.647098541 0.208421171 0.172257036 0.190994501 0.979134142 0.068867683 -0.008642276 2.250348330 3.092397928 -7.135791779 0.000000000 0.000000000 -10.000000000
1776608261.177353859 0.646656632 0.207497671 0.172094852 0.191078857 0.979142666 0.068469420 -0.008970251 2.157573700 3.142422199 -7.045507908 0.000000000 0.000000000 -10.000000000
1776608261.182170391 0.646085024 0.206544593 0.171918571 0.191143855 0.979158819 0.067992710 -0.009436626 2.066314220 3.189659357 -6.958809376 0.000000000 0.000000000 -10.000000000
1776608261.187335253 0.646085024 0.206544593 0.171918571 0.191143855 0.979158819 0.067992710 -0.009436626 1.976748347 3.234111309 -6.875468731 0.000000000 0.000000000 -10.000000000
1776608261.192034006 0.644516766 0.204568401 0.171504647 0.191263765 0.979203463 0.066793203 -0.010836153 1.888985634 3.275827646 -6.795253754 0.000000000 0.000000000 -10.000000000
1776608261.197452545 0.644516766 0.204568401 0.171504647 0.191263765 0.979203463 0.066793203 -0.010836153 1.803064227 3.314903736 -6.717933178 0.000000000 0.000000000 -10.000000000
1776608261.201917648 0.642612755 0.202543572 0.171111822 0.191395909 0.979250312 0.065405950 -0.012591432 1.718954325 3.351473808 -6.643283844 0.000000000 0.000000000 -10.000000000
1776608261.207011461 0.642612755 0.202543572 0.171111822 0.191395909 0.979250312 0.065405950 -0.012591432 1.636566520 3.385704041 -6.571093082 0.000000000 0.000000000 -10.000000000
1776608261.212031364 0.641550362 0.201525688 0.170919448 0.191484928 0.979269266 0.064658262 -0.013584901 1.555764437 3.417780399 -6.501164913 0.000000000 0.000000000 -10.000000000
1776608261.216940641 0.640381157 0.200497925 0.170709997 0.191582382 0.979285955 0.063868575 -0.014695918 1.476375580 3.447901487 -6.433320999 0.000000000 0.000000000 -10.000000000
1776608261.221961737 0.639133036 0.199468076 0.170486867 0.191704333 0.979296148 0.063052900 -0.015900467 1.398201466 3.476269722 -6.367405891 0.000000000 0.000000000 -10.000000000
1776608261.226885080 0.637878716 0.198456436 0.170280129 0.191848859 0.979298890 0.062250309 -0.017104432 1.321025729 3.503084183 -6.303284168 0.000000000 0.000000000 -10.000000000
1776608261.231904268 0.636602879 0.197451428 0.170078576 0.192028910 0.979291379 0.061457049 -0.018340239 1.244623303 3.528532267 -6.240846157 0.000000000 0.000000000 -10.000000000
1776608261.237825871 0.635331333 0.196478263 0.169903994 0.192224070 0.979277253 0.060690209 -0.019560570 1.168770552 3.552779675 -6.180004120 0.000000000 0.000000000 -10.000000000
1776608261.242007732 0.632731259 0.194579229 0.169573009 0.192654461 0.979231417 0.059192128 -0.022054944 1.093257666 3.575964212 -6.120695591 0.000000000 0.000000000 -10.000000000
1776608261.247456551 0.632731259 0.194579229 0.169573009 0.192654461 0.979231417 0.059192128 -0.022054944 1.017898321 3.598191023 -6.062883377 0.000000000 0.000000000 -10.000000000
1776608261.252422810 0.630265594 0.192820206 0.169299334 0.193028659 0.979184389 0.057827674 -0.024369450 0.942538381 3.619532108 -6.006554127 0.000000000 0.000000000 -10.000000000
1776608261.257459879 0.630265594 0.192820206 0.169299334 0.193028659 0.979184389 0.057827674 -0.024369450 0.867063105 3.640026808 -5.951716900 0.000000000 0.000000000 -10.000000000
1776608261.262262106 0.628294051 0.191245466 0.169216841 0.193265945 0.979156554 0.056760099 -0.026058275 0.791408777 3.659675837 -5.898397923 0.000000000 0.000000000 -10.000000000
1776608261.267243862 0.627707303 0.190633699 0.169290870 0.193410039 0.979129910 0.056556240 -0.026429832 0.715582907 3.678426027 -5.846634388 0.000000000 0.000000000 -10.000000000
1776608261.272123575 0.627057254 0.190044403 0.169264972 0.193602264 0.979091048 0.056370992 -0.026854850 0.639686644 3.696150541 -5.796463013 0.000000000 0.000000000 -10.000000000
1776608261.277488470 0.627057254 0.190044403 0.169264972 0.193602264 0.979091048 0.056370992 -0.026854850 0.563923180 3.712639570 -5.747914791 0.000000000 0.000000000 -10.000000000
1776608261.282500505 0.626524806 0.189519033 0.169221699 0.193831250 0.979043841 0.056269869 -0.027134797 0.488590658 3.727609158 -5.701011181 0.000000000 0.000000000 -10.000000000
1776608261.287629843 0.626036584 0.188691884 0.169145107 0.194330454 0.978937387 0.056452624 -0.027024345 0.414068580 3.740716457 -5.655764103 0.000000000 0.000000000 -10.000000000
1776608261.292357206 0.626031697 0.188418597 0.169156134 0.194580063 0.978881180 0.056734893 -0.026671775 0.340803951 3.751576424 -5.612168312 0.000000000 0.000000000 -10.000000000
1776608261.297415257 0.626031697 0.188418597 0.169156134 0.194580063 0.978881180 0.056734893 -0.026671775 0.269297659 3.759779215 -5.570202827 0.000000000 0.000000000 -10.000000000
1776608261.302433968 0.626032412 0.188176900 0.169193298 0.194841340 0.978820682 0.057057470 -0.026293160 0.200090617 3.764901638 -5.529825687 0.000000000 0.000000000 -10.000000000
1776608261.307030439 0.626145959 0.187834144 0.169326723 0.195384100 0.978689075 0.057875045 -0.025362981 0.133745208 3.766521454 -5.490974903 0.000000000 0.000000000 -10.000000000
1776608261.311976194 0.626145959 0.187834144 0.169326723 0.195384100 0.978689075 0.057875045 -0.025362981 0.070823684 3.764230490 -5.453567028 0.000000000 0.000000000 -10.000000000
1776608261.317386627 0.626291931 0.187750712 0.169404626 0.195687652 0.978613615 0.058371924 -0.024788948 0.011867989 3.757648230 -5.417500496 0.000000000 0.000000000 -10.000000000
1776608261.321922064 0.626440287 0.187686563 0.169474125 0.196017429 0.978531420 0.058885761 -0.024204917 -0.042616904 3.746431828 -5.382651806 0.000000000 0.000000000 -10.000000000
1776608261.327535629 0.626509905 0.187630028 0.169505745 0.196359679 0.978444755 0.059386615 -0.023704970 -0.092176326 3.730287790 -5.348879814 0.000000000 0.000000000 -10.000000000
1776608261.331879616 0.626486003 0.187582687 0.169525832 0.196710348 0.978354335 0.059873864 -0.023300193 -0.136417270 3.708980560 -5.316026688 0.000000000 0.000000000 -10.000000000
1776608261.337006330 0.626413584 0.187558502 0.169567376 0.197065800 0.978261113 0.060366608 -0.022938859 -0.175019979 3.682338953 -5.283921242 0.000000000 0.000000000 -10.000000000
1776608261.341885805 0.626308262 0.187542617 0.169613510 0.197422564 0.978166699 0.060853735 -0.022606552 -0.207748860 3.650262594 -5.252379894 0.000000000 0.000000000 -10.000000000
1776608261.347482204 0.626160622 0.187527463 0.169633061 0.197774068 0.978073239 0.061322238 -0.022310233 -0.234459490 3.612723112 -5.221210003 0.000000000 0.000000000 -10.000000000
1776608261.352174759 0.625921071 0.187507167 0.169610769 0.198105365 0.977984130 0.061745159 -0.022110404 -0.255101204 3.569764614 -5.190212250 0.000000000 0.000000000 -10.000000000
1776608261.357436657 0.625636995 0.187506169 0.169567674 0.198415175 0.977898955 0.062155508 -0.021948999 -0.269716889 3.521502733 -5.159186840 0.000000000 0.000000000 -10.000000000
1776608261.361947060 0.625051260 0.187580436 0.169509470 0.198977232 0.977738082 0.063000917 -0.021615034 -0.278440237 3.468121767 -5.127937317 0.000000000 0.000000000 -10.000000000
1776608261.367671013 0.625051260 0.187580436 0.169509470 0.198977232 0.977738082 0.063000917 -0.021615034 -0.281490028 3.409868956 -5.096274853 0.000000000 0.000000000 -10.000000000
1776608261.371969938 0.624347031 0.187664315 0.169458717 0.199469373 0.977593303 0.063778415 -0.021345265 -0.279161572 3.347048283 -5.064022541 0.000000000 0.000000000 -10.000000000
1776608261.376929045 0.624347031 0.187664315 0.169458717 0.199469373 0.977593303 0.063778415 -0.021345265 -0.271816999 3.280011654 -5.031015873 0.000000000 0.000000000 -10.000000000
1776608261.382239580 0.623912990 0.187713027 0.169417381 0.199694157 0.977525771 0.064129606 -0.021284619 -0.259874910 3.209151506 -4.997106552 0.000000000 0.000000000 -10.000000000
1776608261.386905193 0.623455942 0.187777981 0.169369102 0.199909747 0.977460027 0.064473741 -0.021238646 -0.243798316 3.134891748 -4.962164402 0.000000000 0.000000000 -10.000000000
1776608261.391890049 0.622967780 0.187843889 0.169292599 0.200121671 0.977396071 0.064792968 -0.021214774 -0.224082798 3.057681322 -4.926083088 0.000000000 0.000000000 -10.000000000
1776608261.397288084 0.622490346 0.187915951 0.169225782 0.200324774 0.977334976 0.065102488 -0.021164821 -0.201245934 2.977984905 -4.888779640 0.000000000 0.000000000 -10.000000000
1776608261.401886463 0.622057974 0.188007534 0.169188946 0.200519592 0.977275908 0.065425262 -0.021052580 -0.175818622 2.896277905 -4.850201607 0.000000000 0.000000000 -10.000000000
1776608261.407036066 0.621682703 0.188123018 0.169196665 0.200697526 0.977220178 0.065773778 -0.020856429 -0.148336709 2.813038349 -4.810323715 0.000000000 0.000000000 -10.000000000
1776608261.412522793 0.621319056 0.188244194 0.169227183 0.200864270 0.977167130 0.066123970 -0.020630663 -0.119332626 2.728739738 -4.769149780 0.000000000 0.000000000 -10.000000000
1776608261.416904449 0.620569110 0.188476861 0.169277728 0.201176792 0.977066517 0.066796005 -0.020179255 -0.089327954 2.643844604 -4.726710796 0.000000000 0.000000000 -10.000000000
1776608261.422171831 0.620569110 0.188476861 0.169277728 0.201176792 0.977066517 0.066796005 -0.020179255 -0.058826476 2.558800220 -4.683063030 0.000000000 0.000000000 -10.000000000
1776608261.426930189 0.620190024 0.188592508 0.169275016 0.201322645 0.977019012 0.067117900 -0.019954467 -0.028307086 2.474034071 -4.638289928 0.000000000 0.000000000 -10.000000000
1776608261.433431387 0.619817078 0.188714623 0.169248104 0.201466501 0.976971805 0.067442946 -0.019718491 0.001782817 2.389950991 -4.592496872 0.000000000 0.000000000 -10.000000000
1776608261.436893225 0.619120598 0.189108893 0.169272393 0.201653019 0.976893961 0.068169020 -0.019162836 0.031030660 2.306931973 -4.545811653 0.000000000 0.000000000 -10.000000000
1776608261.442017555 0.619120598 0.189108893 0.169272393 0.201653019 0.976893961 0.068169020 -0.019162836 0.059058800 2.225330591 -4.498378754 0.000000000 0.000000000 -10.000000000
1776608261.447274208 0.618478417 0.189611197 0.169393927 0.201724738 0.976838410 0.068938114 -0.018476700 0.085523069 2.145468950 -4.450358391 0.000000000 0.000000000 -10.000000000
1776608261.452244759 0.618478417 0.189611197 0.169393927 0.201724738 0.976838410 0.068938114 -0.018476700 0.110111035 2.067634821 -4.401916981 0.000000000 0.000000000 -10.000000000
1776608261.456904173 0.618124485 0.189863905 0.169444710 0.201730713 0.976818144 0.069293693 -0.018149741 0.132540986 1.992077112 -4.353227139 0.000000000 0.000000000 -10.000000000
1776608261.461999416 0.617755175 0.190156668 0.169483572 0.201712415 0.976801455 0.069661885 -0.017839206 0.152561337 1.919008255 -4.304459572 0.000000000 0.000000000 -10.000000000
1776608261.466939449 0.617340803 0.190479696 0.169492781 0.201679364 0.976786435 0.070033960 -0.017576003 0.169949964 1.848603964 -4.255781651 0.000000000 0.000000000 -10.000000000
1776608261.472544432 0.616914213 0.190797657 0.169487596 0.201636627 0.976774156 0.070391327 -0.017320393 0.184513122 1.781004190 -4.207356930 0.000000000 0.000000000 -10.000000000
1776608261.477754116 0.616543472 0.191097617 0.169523805 0.201592371 0.976763070 0.070751004 -0.016991558 0.196084902 1.716315508 -4.159339905 0.000000000 0.000000000 -10.000000000
1776608261.482598305 0.615885079 0.191792309 0.169695616 0.201438919 0.976750255 0.071542785 -0.016214689 0.204528406 1.654614091 -4.111880779 0.000000000 0.000000000 -10.000000000
1776608261.487009048 0.615528703 0.192185491 0.169770062 0.201320574 0.976751685 0.071940459 -0.015836094 0.209739968 1.595947862 -4.065118790 0.000000000 0.000000000 -10.000000000
1776608261.491927385 0.615528703 0.192185491 0.169770062 0.201320574 0.976751685 0.071940459 -0.015836094 0.211654618 1.540339231 -4.019185543 0.000000000 0.000000000 -10.000000000
1776608261.497349024 0.615117192 0.192588076 0.169813812 0.201172397 0.976760566 0.072304085 -0.015512284 0.210248381 1.487789512 -3.974200726 0.000000000 0.000000000 -10.000000000
1776608261.502191544 0.614669561 0.192999318 0.169829249 0.200992450 0.976777375 0.072638124 -0.015222440 0.205536991 1.438284755 -3.930270672 0.000000000 0.000000000 -10.000000000
1776608261.507385969 0.614220142 0.193391234 0.169805467 0.200804070 0.976798117 0.072941393 -0.014924496 0.197574452 1.391801596 -3.887489080 0.000000000 0.000000000 -10.000000000
1776608261.512098551 0.613782108 0.193742067 0.169769436 0.200605899 0.976824284 0.073201708 -0.014599445 0.186451524 1.348312736 -3.845936537 0.000000000 0.000000000 -10.000000000
1776608261.516911268 0.613386989 0.194088802 0.169772506 0.200393051 0.976853967 0.073462099 -0.014221212 0.172292724 1.307789207 -3.805683136 0.000000000 0.000000000 -10.000000000
1776608261.521888971 0.613047719 0.194433197 0.169811338 0.200186908 0.976881385 0.073743425 -0.013779757 0.155251846 1.270201206 -3.766788006 0.000000000 0.000000000 -10.000000000
1776608261.526932716 0.612727582 0.194745377 0.169854105 0.199997544 0.976906002 0.074016325 -0.013311320 0.135508209 1.235516071 -3.729300261 0.000000000 0.000000000 -10.000000000
1776608261.531941414 0.612388074 0.195043251 0.169875324 0.199819520 0.976928830 0.074274942 -0.012862849 0.113263905 1.203694582 -3.693257809 0.000000000 0.000000000 -10.000000000
1776608261.537497282 0.612003148 0.195330441 0.169883966 0.199633524 0.976954758 0.074502356 -0.012460183 0.088741317 1.174689651 -3.658687592 0.000000000 0.000000000 -10.000000000
1776608261.542209625 0.611146748 0.195954904 0.169878334 0.199215338 0.977015913 0.074935332 -0.011739961 0.062179901 1.148447514 -3.625607014 0.000000000 0.000000000 -10.000000000
1776608261.547629595 0.611146748 0.195954904 0.169878334 0.199215338 0.977015913 0.074935332 -0.011739961 0.033831310 1.124911308 -3.594024420 0.000000000 0.000000000 -10.000000000
1776608261.551967382 0.610286117 0.196584746 0.169897050 0.198783889 0.977079749 0.075356916 -0.011020835 0.003953361 1.104023457 -3.563941717 0.000000000 0.000000000 -10.000000000
1776608261.557442665 0.610286117 0.196584746 0.169897050 0.198783889 0.977079749 0.075356916 -0.011020835 -0.027195368 1.085727572 -3.535354853 0.000000000 0.000000000 -10.000000000
1776608261.562040091 0.609928966 0.196892172 0.169946522 0.198583990 0.977106929 0.075593337 -0.010585086 -0.059359878 1.069967985 -3.508254766 0.000000000 0.000000000 -10.000000000
1776608261.567529202 0.609552383 0.197179645 0.169985026 0.198384553 0.977135420 0.075806879 -0.010162418 -0.092292637 1.056688786 -3.482627153 0.000000000 0.000000000 -10.000000000
1776608261.572201014 0.608684540 0.197710246 0.169991136 0.197997764 0.977194190 0.076151364 -0.009452947 -0.125757501 1.045833468 -3.458451986 0.000000000 0.000000000 -10.000000000
1776608261.577441216 0.608684540 0.197710246 0.169991136 0.197997764 0.977194190 0.076151364 -0.009452947 -0.159534052 1.037344813 -3.435703516 0.000000000 0.000000000 -10.000000000
1776608261.584210873 0.607734501 0.198204517 0.169929922 0.197620705 0.977253973 0.076435588 -0.008853226 -0.193421289 1.031166196 -3.414351702 0.000000000 0.000000000 -10.000000000
1776608261.587176323 0.607734501 0.198204517 0.169929922 0.197620705 0.977253973 0.076435588 -0.008853226 -0.227238193 1.027241945 -3.394364595 0.000000000 0.000000000 -10.000000000
1776608261.594501019 0.607255816 0.198466539 0.169909656 0.197423220 0.977285147 0.076579764 -0.008562389 -0.260822356 1.025517583 -3.375710964 0.000000000 0.000000000 -10.000000000
1776608261.596912146 0.606189191 0.199048638 0.169908315 0.196952283 0.977364659 0.076828167 -0.008095469 -0.294030577 1.025940657 -3.358365059 0.000000000 0.000000000 -10.000000000
1776608261.601924658 0.606189191 0.199048638 0.169908315 0.196952283 0.977364659 0.076828167 -0.008095469 -0.326741397 1.028462768 -3.342307806 0.000000000 0.000000000 -10.000000000
1776608261.607552052 0.605636060 0.199324161 0.169925362 0.196720004 0.977404416 0.076939508 -0.007883118 -0.358856738 1.033038974 -3.327529907 0.000000000 0.000000000 -10.000000000
1776608261.611943007 0.605036557 0.199567914 0.169940621 0.196500704 0.977443218 0.077022694 -0.007727487 -0.390302837 1.039629698 -3.314029932 0.000000000 0.000000000 -10.000000000
1776608261.617404461 0.605036557 0.199567914 0.169940621 0.196500704 0.977443218 0.077022694 -0.007727487 -0.421033263 1.048202157 -3.301814556 0.000000000 0.000000000 -10.000000000
1776608261.621924877 0.603536844 0.200003088 0.169881314 0.196051940 0.977531314 0.077042796 -0.007786165 -0.451033831 1.058734655 -3.290896416 0.000000000 0.000000000 -10.000000000
1776608261.627419472 0.602584004 0.200188607 0.169789970 0.195815265 0.977583110 0.076957889 -0.008069899 -0.480325997 1.071219206 -3.281296968 0.000000000 0.000000000 -10.000000000
1776608261.632415533 0.600674272 0.200520486 0.169721365 0.195340589 0.977688372 0.076758899 -0.008690272 -0.508967876 1.085662723 -3.273047924 0.000000000 0.000000000 -10.000000000
1776608261.637244463 0.600674272 0.200520486 0.169721365 0.195340589 0.977688372 0.076758899 -0.008690272 -0.537053347 1.102084875 -3.266193390 0.000000000 0.000000000 -10.000000000
1776608261.642297745 0.599570513 0.200710177 0.169707179 0.195061624 0.977751017 0.076613761 -0.009178674 -0.564709961 1.120515108 -3.260786533 0.000000000 0.000000000 -10.000000000
1776608261.646962404 0.598373234 0.200878784 0.169671237 0.194772646 0.977818012 0.076419391 -0.009778745 -0.592094600 1.140989304 -3.256888628 0.000000000 0.000000000 -10.000000000
1776608261.651955366 0.597052395 0.201015919 0.169618249 0.194487706 0.977886260 0.076171070 -0.010535107 -0.619388103 1.163546562 -3.254567385 0.000000000 0.000000000 -10.000000000
1776608261.657134295 0.595633388 0.201141536 0.169543475 0.194189832 0.977958500 0.075875513 -0.011420606 -0.646789730 1.188228607 -3.253894567 0.000000000 0.000000000 -10.000000000
1776608261.661935568 0.594144583 0.201274365 0.169447005 0.193874151 0.978034198 0.075553268 -0.012396545 -0.674511969 1.215076923 -3.254946709 0.000000000 0.000000000 -10.000000000
1776608261.667194366 0.592580497 0.201383889 0.169331461 0.193555504 0.978111267 0.075188674 -0.013465562 -0.702775061 1.244130254 -3.257803679 0.000000000 0.000000000 -10.000000000
1776608261.672426462 0.590989470 0.201463521 0.169241458 0.193244189 0.978186667 0.074799836 -0.014577572 -0.731799483 1.275418758 -3.262547731 0.000000000 0.000000000 -10.000000000
1776608261.677099466 0.589421868 0.201546609 0.169186264 0.192929685 0.978260577 0.074423164 -0.015669033 -0.761792600 1.308958888 -3.269264698 0.000000000 0.000000000 -10.000000000
1776608261.682010651 0.587964594 0.201652005 0.169190407 0.192609310 0.978332460 0.074098513 -0.016634224 -0.792931259 1.344747424 -3.278040648 0.000000000 0.000000000 -10.000000000
1776608261.686897755 0.586492896 0.201768249 0.169192940 0.192274049 0.978406131 0.073770911 -0.017606476 -0.825348854 1.382754683 -3.288959503 0.000000000 0.000000000 -10.000000000
1776608261.692196846 0.584976733 0.201900065 0.169146836 0.191929579 0.978480458 0.073431365 -0.018623328 -0.859127939 1.422917962 -3.302096844 0.000000000 0.000000000 -10.000000000
1776608261.696903229 0.583449125 0.202033162 0.169059247 0.191584870 0.978553772 0.073085010 -0.019654104 -0.894299448 1.465139508 -3.317516565 0.000000000 0.000000000 -10.000000000
1776608261.702501059 0.581955910 0.202169955 0.168967217 0.191238075 0.978625894 0.072752178 -0.020652339 -0.930844605 1.509287357 -3.335270882 0.000000000 0.000000000 -10.000000000
1776608261.707417250 0.580586076 0.202338308 0.168888539 0.190894365 0.978694856 0.072478421 -0.021508085 -0.968695283 1.555195928 -3.355399847 0.000000000 0.000000000 -10.000000000
1776608261.712363482 0.579275846 0.202527285 0.168830484 0.190546378 0.978763223 0.072234899 -0.022287218 -1.007731915 1.602665663 -3.377932072 0.000000000 0.000000000 -10.000000000
1776608261.717307568 0.577987432 0.202715009 0.168801159 0.190199837 0.978830457 0.072000496 -0.023040155 -1.047784090 1.651464105 -3.402885914 0.000000000 0.000000000 -10.000000000
1776608261.722490788 0.576802135 0.202926651 0.168800920 0.189854801 0.978895605 0.071818613 -0.023677571 -1.088634372 1.701329589 -3.430267334 0.000000000 0.000000000 -10.000000000
1776608261.727412701 0.574715912 0.203399658 0.168844551 0.189183787 0.979019046 0.071587317 -0.024627296 -1.130023360 1.751972795 -3.460069180 0.000000000 0.000000000 -10.000000000
1776608261.733111143 0.573731363 0.203676969 0.168848395 0.188843474 0.979079843 0.071512930 -0.025033521 -1.171656489 1.803079128 -3.492269993 0.000000000 0.000000000 -10.000000000
1776608261.737128019 0.573731363 0.203676969 0.168848395 0.188843474 0.979079843 0.071512930 -0.025033521 -1.213209987 1.854312062 -3.526833057 0.000000000 0.000000000 -10.000000000
1776608261.742426872 0.573731363 0.203676969 0.168848395 0.188843474 0.979079843 0.071512930 -0.025033521 -1.254337907 1.905318141 -3.563706636 0.000000000 0.000000000 -10.000000000
1776608261.746917486 0.571964264 0.204221636 0.168846518 0.188198358 0.979195595 0.071421772 -0.025618739 -1.294674158 1.955732465 -3.602823734 0.000000000 0.000000000 -10.000000000
1776608261.752310753 0.571282625 0.204518393 0.168886840 0.187875539 0.979254425 0.071446382 -0.025669439 -1.333833933 2.005183697 -3.644099951 0.000000000 0.000000000 -10.000000000
1776608261.757031202 0.570722222 0.204826102 0.168943405 0.187559858 0.979312479 0.071517609 -0.025564667 -1.371413112 2.053298950 -3.687432528 0.000000000 0.000000000 -10.000000000
1776608261.762236595 0.570199490 0.205137074 0.168983102 0.187246367 0.979370534 0.071601197 -0.025405210 -1.406991363 2.099706888 -3.732698441 0.000000000 0.000000000 -10.000000000
1776608261.767302275 0.569792747 0.205457836 0.169012129 0.186924249 0.979431987 0.071710557 -0.025097361 -1.440137982 2.144040346 -3.779754400 0.000000000 0.000000000 -10.000000000
1776608261.772084713 0.569487333 0.205775395 0.169036090 0.186597303 0.979496360 0.071833335 -0.024663083 -1.470420718 2.185940742 -3.828438520 0.000000000 0.000000000 -10.000000000
1776608261.776879787 0.569302022 0.206082225 0.169061869 0.186253652 0.979567051 0.071960039 -0.024076939 -1.497416496 2.225063562 -3.878572226 0.000000000 0.000000000 -10.000000000
1776608261.782015085 0.569176078 0.206356898 0.169082493 0.185917303 0.979640067 0.072059229 -0.023400314 -1.520721197 2.261082888 -3.929963350 0.000000000 0.000000000 -10.000000000
1776608261.786888361 0.569052279 0.206621319 0.169093430 0.185614988 0.979708552 0.072130620 -0.022703728 -1.539959669 2.293699503 -3.982408762 0.000000000 0.000000000 -10.000000000
1776608261.791880369 0.568929732 0.206889302 0.169104666 0.185315326 0.979778528 0.072172388 -0.021986749 -1.554794550 2.322642803 -4.035697937 0.000000000 0.000000000 -10.000000000
1776608261.796872377 0.568815887 0.207156286 0.169121683 0.185023233 0.979848266 0.072194837 -0.021253422 -1.564936638 2.347676516 -4.089617729 0.000000000 0.000000000 -10.000000000
1776608261.801916599 0.568700850 0.207407460 0.169120044 0.184772834 0.979911447 0.072188698 -0.020527082 -1.570154667 2.368599892 -4.143952370 0.000000000 0.000000000 -10.000000000
1776608261.806886196 0.568552375 0.207634881 0.169093847 0.184584558 0.979965985 0.072124451 -0.019831164 -1.570281267 2.385251522 -4.198488235 0.000000000 0.000000000 -10.000000000
1776608261.811980486 0.568386376 0.207850695 0.169057369 0.184446126 0.980013430 0.072015956 -0.019156011 -1.565216541 2.397507906 -4.253016949 0.000000000 0.000000000 -10.000000000
1776608261.816879034 0.568223953 0.208061680 0.169030666 0.184330568 0.980057955 0.071883366 -0.018479059 -1.554929852 2.405285358 -4.307339668 0.000000000 0.000000000 -10.000000000
1776608261.821990490 0.568045616 0.208304122 0.169014245 0.184211954 0.980103314 0.071735427 -0.017818956 -1.539460421 2.408537388 -4.361268997 0.000000000 0.000000000 -10.000000000
1776608261.827023268 0.567874253 0.208551645 0.169006139 0.184086546 0.980151117 0.071567431 -0.017148225 -1.518919230 2.407254934 -4.414629459 0.000000000 0.000000000 -10.000000000
1776608261.831926823 0.567703485 0.208792001 0.169002652 0.183959126 0.980200469 0.071375877 -0.016477996 -1.493488908 2.401463747 -4.467257977 0.000000000 0.000000000 -10.000000000
1776608261.836884737 0.567529023 0.209067121 0.168992996 0.183804482 0.980254591 0.071182944 -0.015807316 -1.463421822 2.391219854 -4.519005299 0.000000000 0.000000000 -10.000000000
1776608261.841920137 0.567341447 0.209352195 0.168983072 0.183620721 0.980314314 0.070975818 -0.015154406 -1.429032683 2.376603365 -4.569738388 0.000000000 0.000000000 -10.000000000
1776608261.846980572 0.567158043 0.209649980 0.168965459 0.183396772 0.980382502 0.070749708 -0.014499559 -1.390692234 2.357715130 -4.619340420 0.000000000 0.000000000 -10.000000000
1776608261.851932526 0.566982985 0.209953949 0.168935627 0.183158979 0.980453372 0.070514470 -0.013843221 -1.348819137 2.334671497 -4.667715073 0.000000000 0.000000000 -10.000000000
1776608261.856912851 0.566835403 0.210258439 0.168907017 0.182893351 0.980530083 0.070268236 -0.013158457 -1.303870082 2.307602406 -4.714784145 0.000000000 0.000000000 -10.000000000
1776608261.862374783 0.566683531 0.210596517 0.168876350 0.182602912 0.980610251 0.070028372 -0.012480054 -1.256329417 2.276647329 -4.760489941 0.000000000 0.000000000 -10.000000000
1776608261.867178679 0.566527128 0.210957736 0.168856144 0.182288840 0.980693817 0.069791146 -0.011813827 -1.206697345 2.241950274 -4.804797649 0.000000000 0.000000000 -10.000000000
1776608261.871996164 0.566277504 0.211709335 0.168870538 0.181625441 0.980866551 0.069311783 -0.010433715 -1.155479312 2.203657150 -4.847697258 0.000000000 0.000000000 -10.000000000
1776608261.877074003 0.566277504 0.211709335 0.168870538 0.181625441 0.980866551 0.069311783 -0.010433715 -1.103175044 2.161911964 -4.889206886 0.000000000 0.000000000 -10.000000000
1776608261.881934643 0.566210806 0.212120146 0.168897688 0.181280300 0.980953634 0.069090210 -0.009694248 -1.050267935 2.116856337 -4.929369450 0.000000000 0.000000000 -10.000000000
1776608261.886928320 0.566094697 0.213035136 0.168966532 0.180552348 0.981131077 0.068666123 -0.008224569 -0.997217774 2.068630457 -4.968250751 0.000000000 0.000000000 -10.000000000
1776608261.892440319 0.566094697 0.213035136 0.168966532 0.180552348 0.981131077 0.068666123 -0.008224569 -0.944452941 2.017374039 -5.005938053 0.000000000 0.000000000 -10.000000000
1776608261.897445202 0.566097915 0.213511616 0.169015765 0.180208087 0.981214285 0.068469591 -0.007447285 -0.892362177 1.963221788 -5.042537689 0.000000000 0.000000000 -10.000000000
1776608261.902177572 0.566126227 0.214002028 0.169074416 0.179873154 0.981294572 0.068281114 -0.006659579 -0.841289461 1.906301379 -5.078176975 0.000000000 0.000000000 -10.000000000
1776608261.907557249 0.566251755 0.215025365 0.169178545 0.179263264 0.981440246 0.067926154 -0.005070897 -0.791532040 1.846734166 -5.112996578 0.000000000 0.000000000 -10.000000000
1776608261.912492514 0.566251755 0.215025365 0.169178545 0.179263264 0.981440246 0.067926154 -0.005070897 -0.743341088 1.784637570 -5.147151947 0.000000000 0.000000000 -10.000000000
1776608261.917859077 0.566369355 0.215569988 0.169243246 0.178976730 0.981507123 0.067772411 -0.004244959 -0.696921289 1.720126510 -5.180806637 0.000000000 0.000000000 -10.000000000
1776608261.922339916 0.566514194 0.216130361 0.169299930 0.178701192 0.981570661 0.067625716 -0.003409434 -0.652429819 1.653313637 -5.214131355 0.000000000 0.000000000 -10.000000000
1776608261.927290678 0.566885352 0.217276141 0.169452041 0.178174779 0.981690168 0.067343742 -0.001711052 -0.609973609 1.584308982 -5.247303486 0.000000000 0.000000000 -10.000000000
1776608261.932011127 0.566885352 0.217276141 0.169452041 0.178174779 0.981690168 0.067343742 -0.001711052 -0.569606781 1.513221502 -5.280502319 0.000000000 0.000000000 -10.000000000
1776608261.936975002 0.567095935 0.217867106 0.169531912 0.177934781 0.981743455 0.067218386 -0.000863278 -0.531328619 1.440159798 -5.313907623 0.000000000 0.000000000 -10.000000000
1776608261.941879749 0.567326605 0.218461499 0.169612676 0.177717313 0.981791377 0.067098729 -0.000015038 -0.495084405 1.365234852 -5.347698212 0.000000000 0.000000000 -10.000000000
1776608261.946887255 0.567867577 0.219722450 0.169795364 0.177330524 0.981870770 0.066938512 0.001698073 -0.460768908 1.288559914 -5.382046700 0.000000000 0.000000000 -10.000000000
1776608261.952334166 0.567867577 0.219722450 0.169795364 0.177330524 0.981870770 0.066938512 0.001698073 -0.428233325 1.210251451 -5.417119503 0.000000000 0.000000000 -10.000000000
1776608261.956977129 0.568152726 0.220425397 0.169905216 0.177183270 0.981895745 0.066936620 0.002525065 -0.397293985 1.130426288 -5.453070641 0.000000000 0.000000000 -10.000000000
1776608261.962108612 0.568457365 0.221136346 0.170017630 0.177080482 0.981910050 0.066963077 0.003336705 -0.367742777 1.049201250 -5.490041256 0.000000000 0.000000000 -10.000000000
1776608261.966861963 0.568767369 0.221879244 0.170127749 0.177026972 0.981911957 0.067033283 0.004115881 -0.339358121 0.966693699 -5.528156281 0.000000000 0.000000000 -10.000000000
1776608261.971973896 0.569037855 0.222654134 0.170229554 0.176994637 0.981908143 0.067127414 0.004814498 -0.311915934 0.883025527 -5.567523003 0.000000000 0.000000000 -10.000000000
1776608261.976875544 0.569317698 0.223512381 0.170345902 0.176976636 0.981895745 0.067304663 0.005487192 -0.285198867 0.798324764 -5.608229160 0.000000000 0.000000000 -10.000000000
1776608261.981889009 0.569578290 0.224422842 0.170468509 0.176979989 0.981875479 0.067537874 0.006100239 -0.259003907 0.712725818 -5.650343895 0.000000000 0.000000000 -10.000000000
1776608261.986948967 0.569790006 0.225368410 0.170582950 0.177008882 0.981848180 0.067810416 0.006615739 -0.233149469 0.626370847 -5.693919182 0.000000000 0.000000000 -10.000000000
1776608261.992281675 0.569957376 0.226296976 0.170696527 0.177058026 0.981817901 0.068076745 0.007041179 -0.207481414 0.539411902 -5.738990784 0.000000000 0.000000000 -10.000000000
1776608261.997228861 0.570060194 0.227197289 0.170801550 0.177125320 0.981786311 0.068323851 0.007352695 -0.181877822 0.452016205 -5.785581589 0.000000000 0.000000000 -10.000000000
1776608262.002155304 0.570160091 0.228105247 0.170927733 0.177178279 0.981756449 0.068584368 0.007636944 -0.156251505 0.364370733 -5.833702564 0.000000000 0.000000000 -10.000000000
1776608262.006886244 0.570214510 0.229000539 0.171043515 0.177204832 0.981733620 0.068818510 0.007845087 -0.130549744 0.276684105 -5.883351326 0.000000000 0.000000000 -10.000000000
1776608262.012490749 0.569972038 0.230673775 0.171162307 0.177144334 0.981728494 0.069053024 0.007792870 -0.104754120 0.189187422 -5.934515476 0.000000000 0.000000000 -10.000000000
1776608262.016945124 0.569972038 0.230673775 0.171162307 0.177144334 0.981728494 0.069053024 0.007792870 -0.078883663 0.102137111 -5.987172127 0.000000000 0.000000000 -10.000000000
1776608262.022407055 0.569796920 0.231434837 0.171208769 0.177068278 0.981741250 0.069079943 0.007677403 -0.052998964 0.015816426 -6.041296005 0.000000000 0.000000000 -10.000000000
1776608262.027273178 0.569585860 0.232174128 0.171251088 0.176977992 0.981759429 0.069071814 0.007502104 -0.027203199 -0.069468401 -6.096861362 0.000000000 0.000000000 -10.000000000
1776608262.032066107 0.569347203 0.232907966 0.171296567 0.176858634 0.981784403 0.069047026 0.007273511 -0.001640298 -0.153395399 -6.153845310 0.000000000 0.000000000 -10.000000000
1776608262.037347555 0.569097936 0.233616620 0.171336800 0.176743135 0.981810749 0.068996474 0.007003050 0.023508254 -0.235634893 -6.212230206 0.000000000 0.000000000 -10.000000000
1776608262.041879892 0.568789303 0.234286845 0.171352476 0.176624522 0.981841564 0.068896934 0.006645418 0.048028123 -0.315857351 -6.272002697 0.000000000 0.000000000 -10.000000000
1776608262.046863556 0.568502367 0.234944701 0.171377063 0.176512718 0.981871307 0.068792425 0.006289636 0.071679138 -0.393741399 -6.333158970 0.000000000 0.000000000 -10.000000000
1776608262.052165031 0.568283916 0.235601902 0.171420276 0.176395714 0.981900156 0.068707965 0.005990326 0.094203234 -0.468981743 -6.395700932 0.000000000 0.000000000 -10.000000000
