ply
format ascii 1.0
element vertex 9820
property float x
property float y
property float z
property uchar red
property uchar green
property uchar blue
end_header
0.640126 0.295081 0.175800 0 0 0
0.641593 0.294482 0.176115 0 0 0
0.636505 0.293636 0.174534 0 0 0
0.638153 0.292976 0.174891 0 0 0
0.639970 0.292246 0.175285 0 0 0
0.641881 0.291568 0.175638 0 0 0
0.643475 0.291591 0.175620 0 0 0
0.645214 0.290921 0.175911 0 0 0
0.634734 0.291454 0.173670 0 0 0
0.636230 0.290850 0.173998 0 0 0
0.638300 0.289033 0.174889 0 0 0
0.640046 0.288409 0.175208 0 0 0
0.641753 0.288525 0.175171 0 0 0
0.643584 0.288755 0.175113 0 0 0
0.645272 0.288916 0.175085 0 0 0
0.647262 0.288251 0.175379 0 0 0
0.648977 0.288352 0.175322 0 0 0
0.650504 0.288485 0.175244 0 0 0
0.632803 0.289330 0.172776 0 0 0
0.634717 0.287589 0.173634 0 0 0
0.636478 0.287042 0.173995 0 0 0
0.638097 0.287153 0.174023 0 0 0
0.640102 0.286545 0.174343 0 0 0
0.641664 0.286583 0.174323 0 0 0
0.643581 0.285766 0.174610 0 0 0
0.645428 0.284996 0.174795 0 0 0
0.647120 0.285192 0.174900 0 0 0
0.648964 0.285373 0.174826 0 0 0
0.650550 0.285540 0.174734 0 0 0
0.652785 0.286663 0.174197 0 0 0
0.654087 0.286741 0.174090 0 0 0
0.631153 0.286202 0.172420 0 0 0
0.632936 0.285609 0.172750 0 0 0
0.634384 0.285750 0.172755 0 0 0
0.636666 0.284031 0.173526 0 0 0
0.638069 0.284107 0.173493 0 0 0
0.640080 0.283505 0.173811 0 0 0
0.641774 0.283678 0.173796 0 0 0
0.643614 0.283920 0.173755 0 0 0
0.645296 0.284125 0.173865 0 0 0
0.647246 0.283424 0.174020 0 0 0
0.648929 0.283518 0.173961 0 0 0
0.650751 0.283678 0.173867 0 0 0
0.652336 0.283783 0.173745 0 0 0
0.654534 0.284899 0.173207 0 0 0
0.656150 0.284997 0.173078 0 0 0
0.657772 0.285102 0.172948 0 0 0
0.659722 0.286183 0.172426 0 0 0
0.627524 0.283076 0.172087 0 0 0
0.629306 0.283998 0.171591 0 0 0
0.631037 0.283372 0.171933 0 0 0
0.632838 0.282638 0.172328 0 0 0
0.634745 0.281976 0.172693 0 0 0
0.636436 0.282141 0.172672 0 0 0
0.638133 0.282257 0.172634 0 0 0
0.640009 0.281578 0.172980 0 0 0
0.641893 0.280792 0.173284 0 0 0
0.643577 0.280942 0.173257 0 0 0
0.645266 0.281044 0.173207 0 0 0
0.647249 0.280378 0.173498 0 0 0
0.648917 0.280473 0.173443 0 0 0
0.650739 0.280636 0.173350 0 0 0
0.652313 0.280802 0.173259 0 0 0
0.654533 0.281938 0.172725 0 0 0
0.655892 0.282105 0.172631 0 0 0
0.658146 0.283235 0.172087 0 0 0
0.659510 0.283343 0.171966 0 0 0
0.661683 0.284292 0.171443 0 0 0
0.663133 0.283730 0.171742 0 0 0
0.625954 0.280002 0.171739 0 0 0
0.627452 0.280144 0.171664 0 0 0
0.629294 0.280309 0.171573 0 0 0
0.630971 0.280413 0.171522 0 0 0
0.632875 0.279754 0.171886 0 0 0
0.634770 0.279089 0.172246 0 0 0
0.636449 0.279184 0.172194 0 0 0
0.638131 0.279284 0.172142 0 0 0
0.640150 0.278619 0.172439 0 0 0
0.641688 0.278710 0.172445 0 0 0
0.643674 0.278042 0.172736 0 0 0
0.645356 0.278149 0.172692 0 0 0
0.647156 0.278374 0.172633 0 0 0
0.648923 0.278560 0.172556 0 0 0
0.650712 0.278788 0.172497 0 0 0
0.652493 0.278951 0.172407 0 0 0
0.654287 0.279044 0.172282 0 0 0
0.656102 0.279139 0.172156 0 0 0
0.657665 0.279293 0.172061 0 0 0
0.659879 0.280427 0.171525 0 0 0
0.661446 0.280591 0.171434 0 0 0
0.663270 0.280760 0.171344 0 0 0
0.664949 0.280849 0.171294 0 0 0
0.666910 0.280263 0.171614 0 0 0
0.668291 0.280327 0.171576 0 0 0
0.622304 0.276699 0.171517 0 0 0
0.624058 0.276037 0.171820 0 0 0
0.625731 0.276192 0.171797 0 0 0
0.627550 0.276362 0.171711 0 0 0
0.629207 0.276465 0.171658 0 0 0
0.631230 0.275868 0.171987 0 0 0
0.632883 0.275967 0.171934 0 0 0
0.634683 0.276135 0.171846 0 0 0
0.636466 0.276300 0.171757 0 0 0
0.638263 0.276463 0.171666 0 0 0
0.640052 0.276633 0.171582 0 0 0
0.641722 0.276801 0.171569 0 0 0
0.643697 0.276146 0.171863 0 0 0
0.645353 0.276304 0.171839 0 0 0
0.647165 0.276467 0.171752 0 0 0
0.648827 0.276560 0.171697 0 0 0
0.650806 0.275826 0.171957 0 0 0
0.652485 0.275918 0.171899 0 0 0
0.654060 0.276081 0.171809 0 0 0
0.656259 0.277290 0.171311 0 0 0
0.657820 0.277449 0.171217 0 0 0
0.659624 0.277551 0.171095 0 0 0
0.661415 0.277709 0.171001 0 0 0
0.663209 0.277871 0.170913 0 0 0
0.664886 0.277965 0.170865 0 0 0
0.666829 0.277380 0.171185 0 0 0
0.668281 0.277472 0.171132 0 0 0
0.670535 0.278522 0.170562 0 0 0
0.672016 0.278600 0.170515 0 0 0
0.673649 0.278025 0.170830 0 0 0
0.622488 0.273907 0.171035 0 0 0
0.623854 0.274053 0.171030 0 0 0
0.625934 0.273390 0.171334 0 0 0
0.627444 0.273424 0.171314 0 0 0
0.629488 0.272750 0.171611 0 0 0
0.631135 0.272853 0.171557 0 0 0
0.632929 0.273017 0.171469 0 0 0
0.634708 0.273181 0.171380 0 0 0
0.636509 0.273350 0.171289 0 0 0
0.638081 0.273525 0.171198 0 0 0
0.640131 0.274621 0.170740 0 0 0
0.641944 0.273917 0.170991 0 0 0
0.643493 0.273990 0.170994 0 0 0
0.645451 0.273229 0.171122 0 0 0
0.647116 0.273424 0.171233 0 0 0
0.648927 0.273601 0.171162 0 0 0
0.650696 0.273841 0.171111 0 0 0
0.652467 0.274082 0.171059 0 0 0
0.654242 0.274245 0.170970 0 0 0
0.656020 0.274345 0.170850 0 0 0
0.657806 0.274498 0.170756 0 0 0
0.659582 0.274661 0.170667 0 0 0
0.661358 0.274826 0.170578 0 0 0
0.663148 0.274993 0.170491 0 0 0
0.664820 0.275085 0.170444 0 0 0
0.666764 0.274506 0.170765 0 0 0
0.668194 0.274599 0.170716 0 0 0
0.670455 0.275648 0.170142 0 0 0
0.671909 0.275737 0.170091 0 0 0
0.673833 0.275159 0.170410 0 0 0
0.675537 0.275246 0.170361 0 0 0
0.677012 0.275379 0.170289 0 0 0
0.618953 0.272397 0.169754 0 0 0
0.620188 0.272579 0.169747 0 0 0
0.622392 0.270880 0.170602 0 0 0
0.624164 0.270270 0.170944 0 0 0
0.625827 0.270382 0.170909 0 0 0
0.627629 0.270611 0.170851 0 0 0
0.629412 0.270778 0.170762 0 0 0
0.631175 0.270944 0.170676 0 0 0
0.632954 0.271108 0.170587 0 0 0
0.634730 0.271272 0.170498 0 0 0
0.636521 0.271435 0.170397 0 0 0
0.638291 0.271494 0.170154 0 0 0
0.640042 0.271685 0.170183 0 0 0
0.641850 0.271921 0.170138 0 0 0
0.643635 0.272112 0.170077 0 0 0
0.645309 0.272372 0.170219 0 0 0
0.647246 0.271620 0.170350 0 0 0
0.648917 0.271770 0.170322 0 0 0
0.650589 0.271862 0.170272 0 0 0
0.652564 0.271199 0.170567 0 0 0
0.654111 0.271215 0.170558 0 0 0
0.655862 0.270573 0.170833 0 0 0
0.657959 0.271612 0.170345 0 0 0
0.659521 0.271779 0.170254 0 0 0
0.661205 0.271869 0.170206 0 0 0
0.663029 0.271210 0.170571 0 0 0
0.664847 0.270562 0.170937 0 0 0
0.666506 0.270655 0.170893 0 0 0
0.668286 0.270815 0.170806 0 0 0
0.670053 0.270973 0.170717 0 0 0
0.671820 0.271136 0.170629 0 0 0
0.673586 0.271300 0.170540 0 0 0
0.675353 0.271467 0.170453 0 0 0
0.677120 0.271631 0.170364 0 0 0
0.678899 0.271791 0.170277 0 0 0
0.680589 0.271864 0.170239 0 0 0
0.682155 0.271303 0.170555 0 0 0
0.617090 0.271136 0.168529 0 0 0
0.618708 0.270554 0.168922 0 0 0
0.620549 0.269686 0.169280 0 0 0
0.622319 0.269035 0.169708 0 0 0
0.624222 0.268375 0.170075 0 0 0
0.625754 0.268479 0.170100 0 0 0
0.627600 0.267768 0.170352 0 0 0
0.629613 0.268868 0.169897 0 0 0
0.631183 0.269040 0.169802 0 0 0
0.632978 0.269207 0.169712 0 0 0
0.634781 0.269365 0.169616 0 0 0
0.636354 0.269476 0.169495 0 0 0
0.638382 0.270611 0.169196 0 0 0
0.640179 0.269866 0.169289 0 0 0
0.641847 0.269953 0.169235 0 0 0
0.643513 0.270110 0.169213 0 0 0
0.645513 0.269459 0.169517 0 0 0
0.647037 0.269544 0.169529 0 0 0
0.649035 0.268817 0.169801 0 0 0
0.650556 0.268840 0.169788 0 0 0
0.652498 0.268252 0.170113 0 0 0
0.654170 0.268427 0.170108 0 0 0
0.655949 0.268656 0.170051 0 0 0
0.657705 0.268765 0.169938 0 0 0
0.659495 0.268919 0.169846 0 0 0
0.661152 0.269007 0.169802 0 0 0
0.662977 0.268354 0.170173 0 0 0
0.664686 0.267630 0.170580 0 0 0
0.666524 0.266978 0.170946 0 0 0
0.667928 0.267063 0.170901 0 0 0
0.670183 0.268110 0.170320 0 0 0
0.671720 0.268272 0.170232 0 0 0
0.673399 0.268359 0.170186 0 0 0
0.675302 0.267782 0.170510 0 0 0
0.676865 0.267781 0.170514 0 0 0
0.678523 0.267245 0.170818 0 0 0
0.680614 0.268069 0.170359 0 0 0
0.681964 0.267530 0.170664 0 0 0
0.683738 0.265851 0.171608 0 0 0
0.613532 0.269701 0.167277 0 0 0
0.615179 0.269046 0.167649 0 0 0
0.616999 0.268261 0.168030 0 0 0
0.618913 0.267608 0.168401 0 0 0
0.620459 0.267781 0.168462 0 0 0
0.622383 0.267132 0.168845 0 0 0
0.624143 0.266410 0.169238 0 0 0
0.626061 0.265613 0.169548 0 0 0
0.627690 0.265761 0.169520 0 0 0
0.629467 0.265868 0.169407 0 0 0
0.631245 0.266024 0.169315 0 0 0
0.633036 0.266191 0.169225 0 0 0
0.634589 0.266359 0.169132 0 0 0
0.636746 0.267531 0.168622 0 0 0
0.638311 0.267581 0.168473 0 0 0
0.640113 0.267804 0.168411 0 0 0
0.641753 0.267967 0.168393 0 0 0
0.643643 0.267162 0.168694 0 0 0
0.645484 0.266395 0.168860 0 0 0
0.647119 0.266502 0.168829 0 0 0
0.648906 0.266833 0.168954 0 0 0
0.650585 0.267025 0.168972 0 0 0
0.652412 0.266362 0.169329 0 0 0
0.654262 0.265567 0.169638 0 0 0
0.655783 0.265645 0.169659 0 0 0
0.657736 0.265066 0.169991 0 0 0
0.659390 0.265157 0.169947 0 0 0
0.661048 0.265243 0.169905 0 0 0
0.662867 0.264588 0.170276 0 0 0
0.664568 0.263864 0.170686 0 0 0
0.666401 0.263219 0.171055 0 0 0
0.667795 0.263306 0.171011 0 0 0
0.670063 0.264349 0.170431 0 0 0
0.671462 0.264434 0.170386 0 0 0
0.673380 0.263866 0.170708 0 0 0
0.675031 0.263950 0.170667 0 0 0
0.676688 0.264029 0.170626 0 0 0
0.678575 0.263463 0.170951 0 0 0
0.680108 0.263463 0.170954 0 0 0
0.682026 0.262901 0.171277 0 0 0
0.683328 0.262956 0.171251 0 0 0
0.685487 0.260493 0.172646 0 0 0
0.686541 0.260590 0.172594 0 0 0
0.688606 0.257995 0.174063 0 0 0
0.689771 0.257480 0.174361 0 0 0
0.613622 0.266762 0.166813 0 0 0
0.615370 0.266075 0.166990 0 0 0
0.616922 0.266274 0.167172 0 0 0
0.618835 0.265618 0.167550 0 0 0
0.620626 0.264833 0.167929 0 0 0
0.622419 0.264105 0.168332 0 0 0
0.624299 0.263359 0.168544 0 0 0
0.625941 0.263633 0.168698 0 0 0
0.627738 0.263875 0.168659 0 0 0
0.629510 0.263981 0.168543 0 0 0
0.631271 0.264136 0.168452 0 0 0
0.633038 0.264299 0.168363 0 0 0
0.634830 0.264452 0.168254 0 0 0
0.636422 0.264462 0.167962 0 0 0
0.638550 0.265655 0.167599 0 0 0
0.639987 0.265750 0.167537 0 0 0
0.641963 0.264990 0.167662 0 0 0
0.643627 0.265276 0.167831 0 0 0
0.645432 0.265619 0.167972 0 0 0
0.647069 0.265726 0.167942 0 0 0
0.648905 0.264957 0.168113 0 0 0
0.650657 0.264077 0.168451 0 0 0
0.652483 0.263426 0.168818 0 0 0
0.654029 0.263581 0.168883 0 0 0
0.655869 0.262868 0.169230 0 0 0
0.657701 0.262147 0.169573 0 0 0
0.659215 0.262222 0.169597 0 0 0
0.661166 0.261576 0.169902 0 0 0
0.662687 0.261658 0.169931 0 0 0
0.664507 0.261015 0.170306 0 0 0
0.666302 0.260371 0.170675 0 0 0
0.667936 0.260459 0.170636 0 0 0
0.669695 0.260614 0.170549 0 0 0
0.671456 0.260772 0.170463 0 0 0
0.673090 0.260856 0.170421 0 0 0
0.675010 0.260290 0.170746 0 0 0
0.676326 0.260329 0.170726 0 0 0
0.678498 0.258793 0.171606 0 0 0
0.679959 0.258910 0.171543 0 0 0
0.681420 0.259028 0.171480 0 0 0
0.683467 0.257380 0.172423 0 0 0
0.684939 0.256720 0.172803 0 0 0
0.686404 0.256066 0.173182 0 0 0
0.688332 0.254283 0.174190 0 0 0
0.689785 0.253623 0.174569 0 0 0
0.691190 0.252991 0.174932 0 0 0
0.610087 0.265321 0.165570 0 0 0
0.611832 0.264646 0.165748 0 0 0
0.613527 0.264930 0.165917 0 0 0
0.615207 0.265215 0.166082 0 0 0
0.617109 0.264469 0.166300 0 0 0
0.618909 0.263746 0.166705 0 0 0
0.620698 0.262961 0.167086 0 0 0
0.622595 0.262309 0.167466 0 0 0
0.624126 0.262512 0.167654 0 0 0
0.626015 0.261680 0.167826 0 0 0
0.627705 0.260967 0.168116 0 0 0
0.629726 0.261987 0.167646 0 0 0
0.631281 0.262159 0.167552 0 0 0
0.633087 0.262327 0.167459 0 0 0
0.634655 0.262500 0.167360 0 0 0
0.636750 0.263627 0.166970 0 0 0
0.638338 0.263692 0.166708 0 0 0
0.640156 0.263879 0.166628 0 0 0
0.641816 0.264137 0.166775 0 0 0
0.643644 0.263311 0.166941 0 0 0
0.645511 0.262562 0.167261 0 0 0
0.647038 0.262596 0.167265 0 0 0
0.648999 0.262021 0.167601 0 0 0
0.650559 0.262188 0.167675 0 0 0
0.652383 0.261538 0.168046 0 0 0
0.654113 0.260670 0.168395 0 0 0
0.655925 0.260021 0.168764 0 0 0
0.657461 0.260170 0.168828 0 0 0
0.659410 0.259465 0.169109 0 0 0
0.660924 0.259606 0.169163 0 0 0
0.662746 0.258891 0.169514 0 0 0
0.664441 0.258167 0.169931 0 0 0
0.666128 0.257442 0.170347 0 0 0
0.667919 0.256795 0.170720 0 0 0
0.669558 0.256878 0.170683 0 0 0
0.671194 0.256955 0.170644 0 0 0
0.673091 0.256387 0.170971 0 0 0
0.674597 0.256387 0.170978 0 0 0
0.676381 0.255744 0.171352 0 0 0
0.678157 0.255103 0.171724 0 0 0
0.679664 0.255090 0.171736 0 0 0
0.681434 0.254444 0.172111 0 0 0
0.683084 0.253719 0.172530 0 0 0
0.684731 0.252983 0.172952 0 0 0
0.686372 0.252253 0.173375 0 0 0
0.688007 0.251536 0.173799 0 0 0
0.689643 0.250803 0.174223 0 0 0
0.691259 0.250063 0.174643 0 0 0
0.692880 0.249325 0.175062 0 0 0
0.694597 0.248611 0.175406 0 0 0
0.696122 0.248637 0.175459 0 0 0
0.697602 0.248014 0.175731 0 0 0
0.606708 0.263122 0.164810 0 0 0
0.608188 0.263334 0.164772 0 0 0
0.610036 0.263599 0.164737 0 0 0
0.611681 0.263804 0.164852 0 0 0
0.613576 0.263050 0.165055 0 0 0
0.615387 0.262248 0.165429 0 0 0
0.617177 0.261452 0.165805 0 0 0
0.619081 0.260805 0.166181 0 0 0
0.620613 0.260982 0.166248 0 0 0
0.622506 0.260337 0.166622 0 0 0
0.624432 0.259543 0.166937 0 0 0
0.625955 0.259632 0.166957 0 0 0
0.627755 0.258958 0.167085 0 0 0
0.629740 0.260019 0.166759 0 0 0
0.631313 0.260195 0.166658 0 0 0
0.633117 0.260369 0.166567 0 0 0
0.634659 0.260537 0.166475 0 0 0
0.636805 0.261634 0.165937 0 0 0
0.638379 0.261804 0.165838 0 0 0
0.640033 0.261899 0.165783 0 0 0
0.642042 0.261165 0.166055 0 0 0
0.643559 0.261261 0.166080 0 0 0
0.645522 0.260673 0.166408 0 0 0
0.647058 0.260718 0.166423 0 0 0
0.648886 0.260045 0.166778 0 0 0
0.650627 0.259238 0.167149 0 0 0
0.652449 0.258495 0.167364 0 0 0
0.653992 0.258692 0.167571 0 0 0
0.655805 0.258042 0.167947 0 0 0
0.657631 0.257331 0.168298 0 0 0
0.659164 0.257484 0.168369 0 0 0
0.660985 0.256769 0.168721 0 0 0
0.662684 0.255965 0.169105 0 0 0
0.664353 0.255319 0.169549 0 0 0
0.666063 0.254601 0.169985 0 0 0
0.667737 0.253874 0.170402 0 0 0
0.669515 0.253154 0.170747 0 0 0
0.671147 0.253307 0.170741 0 0 0
0.672781 0.253389 0.170708 0 0 0
0.674552 0.252737 0.171083 0 0 0
0.676207 0.252013 0.171500 0 0 0
0.677978 0.251369 0.171876 0 0 0
0.679477 0.251358 0.171891 0 0 0
0.681236 0.250714 0.172264 0 0 0
0.682990 0.250078 0.172638 0 0 0
0.684517 0.250066 0.172663 0 0 0
0.686050 0.249501 0.172991 0 0 0
0.688065 0.247832 0.173930 0 0 0
0.689365 0.247874 0.173935 0 0 0
0.691113 0.247235 0.174305 0 0 0
0.692832 0.246533 0.174651 0 0 0
0.694329 0.246644 0.174725 0 0 0
0.696148 0.245937 0.174980 0 0 0
0.697721 0.246084 0.174982 0 0 0
0.699439 0.246232 0.174898 0 0 0
0.701203 0.246302 0.174768 0 0 0
0.702541 0.246408 0.174693 0 0 0
0.605031 0.261072 0.164032 255 0 0
0.606352 0.261226 0.164025 0 0 0
0.608474 0.260564 0.164339 0 0 0
0.609950 0.260598 0.164320 0 0 0
0.611900 0.259859 0.164663 0 0 0
0.613797 0.259215 0.165036 0 0 0
0.615459 0.259403 0.165033 0 0 0
0.617126 0.259589 0.165030 0 0 0
0.619015 0.258933 0.165403 0 0 0
0.620808 0.258052 0.165741 0 0 0
0.622665 0.257301 0.165941 0 0 0
0.624306 0.257565 0.166092 0 0 0
0.626107 0.257757 0.166042 0 0 0
0.627838 0.258005 0.166098 0 0 0
0.629591 0.258076 0.165866 0 0 0
0.631377 0.258229 0.165748 0 0 0
0.633154 0.258289 0.165485 0 0 0
0.634877 0.258430 0.165374 0 0 0
0.636644 0.258533 0.165247 0 0 0
0.638385 0.258690 0.165176 0 0 0
0.640151 0.258951 0.165267 0 0 0
0.641933 0.259206 0.165236 0 0 0
0.643573 0.259384 0.165236 0 0 0
0.645541 0.258732 0.165538 0 0 0
0.647059 0.258827 0.165570 0 0 0
0.648927 0.258103 0.165919 0 0 0
0.650748 0.257470 0.166302 0 0 0
0.652288 0.257660 0.166505 0 0 0
0.654114 0.256837 0.166688 0 0 0
0.655817 0.256180 0.167123 0 0 0
0.657522 0.255459 0.167543 0 0 0
0.659232 0.254576 0.167895 0 0 0
0.661037 0.253937 0.168264 0 0 0
0.662405 0.254151 0.168334 0 0 0
0.664474 0.252336 0.169202 0 0 0
0.665947 0.251773 0.169606 0 0 0
0.667811 0.251137 0.170006 0 0 0
0.669109 0.251249 0.170022 0 0 0
0.671255 0.249533 0.170828 0 0 0
0.672704 0.249736 0.170814 0 0 0
0.674354 0.249828 0.170784 0 0 0
0.676109 0.249196 0.171158 0 0 0
0.677875 0.248559 0.171534 0 0 0
0.679365 0.248546 0.171550 0 0 0
0.681126 0.247896 0.171928 0 0 0
0.682755 0.247169 0.172347 0 0 0
0.684524 0.246527 0.172723 0 0 0
0.685820 0.246568 0.172726 0 0 0
0.687893 0.244797 0.173351 0 0 0
0.689189 0.244942 0.173528 0 0 0
0.691058 0.244390 0.173865 0 0 0
0.692563 0.244462 0.173929 0 0 0
0.694335 0.243845 0.174217 0 0 0
0.695983 0.244076 0.174266 0 0 0
0.697594 0.244145 0.174249 0 0 0
0.699119 0.243540 0.174501 0 0 0
0.701307 0.244578 0.174031 0 0 0
0.702727 0.244724 0.173944 0 0 0
0.704502 0.244797 0.173813 0 0 0
0.705845 0.244903 0.173739 0 0 0
0.603183 0.258854 0.163262 0 0 0
0.604832 0.258133 0.163607 0 0 0
0.606775 0.257460 0.163979 0 0 0
0.608403 0.257584 0.163945 0 0 0
0.610202 0.257828 0.163896 0 0 0
0.611852 0.258015 0.163892 0 0 0
0.613753 0.257360 0.164267 0 0 0
0.615537 0.256483 0.164609 0 0 0
0.617435 0.255821 0.164977 0 0 0
0.619075 0.255932 0.164940 0 0 0
0.620869 0.256192 0.164913 0 0 0
0.622498 0.256466 0.165067 0 0 0
0.624482 0.255716 0.165204 0 0 0
0.626102 0.255868 0.165177 0 0 0
0.627886 0.256023 0.165086 0 0 0
0.629666 0.256124 0.164965 0 0 0
0.631203 0.256289 0.164873 0 0 0
0.633326 0.257499 0.164534 0 0 0
0.634890 0.257662 0.164436 0 0 0
0.636680 0.257831 0.164357 0 0 0
0.638320 0.257934 0.164305 0 0 0
0.640296 0.257174 0.164415 0 0 0
0.641794 0.257253 0.164423 0 0 0
0.643815 0.256517 0.164697 0 0 0
0.645303 0.256605 0.164715 0 0 0
0.647264 0.255966 0.165027 0 0 0
0.648809 0.256134 0.165103 0 0 0
0.650636 0.255412 0.165444 0 0 0
0.652473 0.254702 0.165785 0 0 0
0.653840 0.254903 0.165844 0 0 0
0.655918 0.253104 0.166698 0 0 0
0.657558 0.252544 0.167054 0 0 0
0.659141 0.252702 0.167153 0 0 0
0.660749 0.252135 0.167493 0 0 0
0.662840 0.250335 0.168358 0 0 0
0.664006 0.250585 0.168407 0 0 0
0.666066 0.248769 0.169255 0 0 0
0.667657 0.248212 0.169604 0 0 0
0.669218 0.248297 0.169679 0 0 0
0.670975 0.247750 0.170087 0 0 0
0.672781 0.247026 0.170426 0 0 0
0.674049 0.247063 0.170414 0 0 0
0.676113 0.245306 0.171326 0 0 0
0.677630 0.244758 0.171653 0 0 0
0.679290 0.244901 0.171670 0 0 0
0.680904 0.244979 0.171644 0 0 0
0.682638 0.244255 0.171981 0 0 0
0.684324 0.243623 0.172345 0 0 0
0.685992 0.243794 0.172383 0 0 0
0.687628 0.244055 0.172577 0 0 0
0.689298 0.243250 0.172744 0 0 0
0.690986 0.242659 0.173114 0 0 0
0.692516 0.242659 0.173166 0 0 0
0.694204 0.241999 0.173519 0 0 0
0.695926 0.241179 0.173820 0 0 0
0.697416 0.241138 0.173844 0 0 0
0.698915 0.240607 0.174121 0 0 0
0.701142 0.241650 0.173669 0 0 0
0.702484 0.241690 0.173637 0 0 0
0.704020 0.241085 0.173885 0 0 0
0.706137 0.241985 0.173483 0 0 0
0.707609 0.241488 0.173770 0 0 0
0.709277 0.241542 0.173747 0 0 0
0.710605 0.241660 0.173683 0 0 0
0.601481 0.256648 0.162410 0 0 0
0.603266 0.256077 0.162763 0 0 0
0.604788 0.256267 0.162832 0 0 0
0.606869 0.255687 0.163183 0 0 0
0.608335 0.255728 0.163166 0 0 0
0.610287 0.254912 0.163477 0 0 0
0.612181 0.254264 0.163851 0 0 0
0.613833 0.254447 0.163848 0 0 0
0.615484 0.254632 0.163844 0 0 0
0.617500 0.253981 0.164155 0 0 0
0.619119 0.254145 0.164136 0 0 0
0.620751 0.254240 0.164085 0 0 0
0.622811 0.253500 0.164361 0 0 0
0.624281 0.253585 0.164366 0 0 0
0.626315 0.252833 0.164486 0 0 0
0.627735 0.252937 0.164422 0 0 0
0.629864 0.254140 0.164084 0 0 0
0.631400 0.254301 0.163989 0 0 0
0.633177 0.254394 0.163865 0 0 0
0.634941 0.254548 0.163773 0 0 0
0.636681 0.254723 0.163693 0 0 0
0.638456 0.254964 0.163643 0 0 0
0.640084 0.255128 0.163627 0 0 0
0.642055 0.254492 0.163941 0 0 0
0.643690 0.254654 0.163929 0 0 0
0.645339 0.254759 0.163903 0 0 0
0.647164 0.254102 0.164268 0 0 0
0.649013 0.253311 0.164587 0 0 0
0.650535 0.253466 0.164657 0 0 0
0.652350 0.252829 0.165036 0 0 0
0.654088 0.251955 0.165405 0 0 0
0.655770 0.251405 0.165895 0 0 0
0.657469 0.250682 0.166318 0 0 0
0.659167 0.249881 0.166711 0 0 0
0.660879 0.249167 0.167153 0 0 0
0.662538 0.248529 0.167603 0 0 0
0.664245 0.247732 0.168013 0 0 0
0.665918 0.247103 0.168482 0 0 0
0.667581 0.246359 0.168896 0 0 0
0.669049 0.245630 0.169243 0 0 0
0.671098 0.243885 0.170153 0 0 0
0.672393 0.244014 0.170187 0 0 0
0.674310 0.243473 0.170527 0 0 0
0.675817 0.243558 0.170590 0 0 0
0.677542 0.242823 0.170919 0 0 0
0.679247 0.242101 0.171247 0 0 0
0.680881 0.242259 0.171264 0 0 0
0.682518 0.242420 0.171284 0 0 0
0.684228 0.241667 0.171597 0 0 0
0.685906 0.240828 0.171738 0 0 0
0.687518 0.241025 0.171895 0 0 0
0.688972 0.241318 0.171942 0 0 0
0.691040 0.239587 0.172734 0 0 0
0.692330 0.239618 0.172734 0 0 0
0.694116 0.238964 0.172867 0 0 0
0.695710 0.239236 0.173062 0 0 0
0.697357 0.239430 0.173118 0 0 0
0.699120 0.238763 0.173374 0 0 0
0.700667 0.238762 0.173316 0 0 0
0.702399 0.238994 0.173265 0 0 0
0.704104 0.239230 0.173218 0 0 0
0.705676 0.239229 0.173165 0 0 0
0.707441 0.238676 0.173471 0 0 0
0.709021 0.238734 0.173443 0 0 0
0.710722 0.238885 0.173361 0 0 0
0.712455 0.239039 0.173274 0 0 0
0.713760 0.239159 0.173208 0 0 0
0.597970 0.255318 0.161221 0 0 0
0.599783 0.254666 0.161547 0 0 0
0.601287 0.254853 0.161608 0 0 0
0.603222 0.254209 0.161990 0 0 0
0.605043 0.253334 0.162333 0 0 0
0.606926 0.252583 0.162536 0 0 0
0.608578 0.252785 0.162657 0 0 0
0.610240 0.252973 0.162669 0 0 0
0.612117 0.252325 0.163039 0 0 0
0.614034 0.251602 0.163387 0 0 0
0.615680 0.251705 0.163350 0 0 0
0.617308 0.251859 0.163325 0 0 0
0.619326 0.251102 0.163444 0 0 0
0.620921 0.251217 0.163415 0 0 0
0.622692 0.251539 0.163531 0 0 0
0.624468 0.251735 0.163483 0 0 0
0.626227 0.252001 0.163568 0 0 0
0.627922 0.252153 0.163483 0 0 0
0.629684 0.252222 0.163225 0 0 0
0.631450 0.252450 0.163155 0 0 0
0.633204 0.252622 0.163071 0 0 0
0.634969 0.252782 0.162985 0 0 0
0.636584 0.252872 0.162934 0 0 0
0.638597 0.252114 0.163199 0 0 0
0.640069 0.252141 0.163191 0 0 0
0.642042 0.251550 0.163520 0 0 0
0.643676 0.251664 0.163495 0 0 0
0.645311 0.251829 0.163487 0 0 0
0.647284 0.251270 0.163834 0 0 0
0.648774 0.251356 0.163864 0 0 0
0.650614 0.250641 0.164218 0 0 0
0.652468 0.250012 0.164602 0 0 0
0.653798 0.250148 0.164628 0 0 0
0.655892 0.248332 0.165500 0 0 0
0.657388 0.247678 0.165873 0 0 0
0.659095 0.246950 0.166307 0 0 0
0.660778 0.246231 0.166737 0 0 0
0.662455 0.245608 0.167209 0 0 0
0.664157 0.244808 0.167620 0 0 0
0.665799 0.244174 0.168074 0 0 0
0.667488 0.243463 0.168522 0 0 0
0.669171 0.242752 0.168970 0 0 0
0.670796 0.242113 0.169422 0 0 0
0.672453 0.241212 0.169779 0 0 0
0.674164 0.240575 0.170147 0 0 0
0.675795 0.240737 0.170165 0 0 0
0.677430 0.240894 0.170182 0 0 0
0.679135 0.240170 0.170513 0 0 0
0.680849 0.239419 0.170829 0 0 0
0.682438 0.239523 0.170823 0 0 0
0.684208 0.239857 0.170838 0 0 0
0.685792 0.240056 0.170997 0 0 0
0.687454 0.239307 0.171179 0 0 0
0.689117 0.238396 0.171542 0 0 0
0.690774 0.237827 0.171924 0 0 0
0.692390 0.237949 0.171950 0 0 0
0.694003 0.238185 0.172130 0 0 0
0.695655 0.237344 0.172273 0 0 0
0.697321 0.236615 0.172591 0 0 0
0.698956 0.236836 0.172644 0 0 0
0.700532 0.236922 0.172629 0 0 0
0.702316 0.236282 0.172908 0 0 0
0.703790 0.236245 0.172936 0 0 0
0.705552 0.235706 0.173253 0 0 0
0.707134 0.235770 0.173228 0 0 0
0.708828 0.235923 0.173147 0 0 0
0.710509 0.236078 0.173063 0 0 0
0.712204 0.236230 0.172981 0 0 0
0.713786 0.236278 0.172954 0 0 0
0.715517 0.235642 0.173222 0 0 0
0.717144 0.235696 0.173190 0 0 0
0.718445 0.235820 0.173133 0 0 0
0.596474 0.252409 0.160887 0 0 0
0.597946 0.252559 0.160820 0 0 0
0.599595 0.252732 0.160798 0 0 0
0.601542 0.251934 0.161119 0 0 0
0.603464 0.251285 0.161494 0 0 0
0.605112 0.251483 0.161509 0 0 0
0.606749 0.251761 0.161666 0 0 0
0.608785 0.251014 0.161813 0 0 0
0.610267 0.251111 0.161829 0 0 0
0.612222 0.250379 0.162179 0 0 0
0.614074 0.249629 0.162387 0 0 0
0.615691 0.249828 0.162495 0 0 0
0.617493 0.250011 0.162441 0 0 0
0.619261 0.250273 0.162525 0 0 0
0.620852 0.250386 0.162496 0 0 0
0.622851 0.249681 0.162636 0 0 0
0.624479 0.249772 0.162588 0 0 0
0.626241 0.249924 0.162499 0 0 0
0.628006 0.250079 0.162410 0 0 0
0.629620 0.250168 0.162354 0 0 0
0.631611 0.249403 0.162456 0 0 0
0.633204 0.249508 0.162427 0 0 0
0.634968 0.249754 0.162516 0 0 0
0.636724 0.249950 0.162459 0 0 0
0.638489 0.250264 0.162443 0 0 0
0.640114 0.250385 0.162419 0 0 0
0.642084 0.249797 0.162751 0 0 0
0.643558 0.249820 0.162748 0 0 0
0.645420 0.249085 0.163094 0 0 0
0.647260 0.248367 0.163447 0 0 0
0.648746 0.248451 0.163481 0 0 0
0.650589 0.247814 0.163872 0 0 0
0.652285 0.247103 0.164297 0 0 0
0.654116 0.246469 0.164689 0 0 0
0.655628 0.246574 0.164745 0 0 0
0.657442 0.245941 0.165142 0 0 0
0.659141 0.245216 0.165575 0 0 0
0.660635 0.244577 0.165967 0 0 0
0.662702 0.242763 0.166826 0 0 0
0.663843 0.243019 0.166881 0 0 0
0.665924 0.241206 0.167762 0 0 0
0.667363 0.240652 0.168174 0 0 0
0.669067 0.239843 0.168591 0 0 0
0.670801 0.239216 0.168970 0 0 0
0.672326 0.239375 0.169078 0 0 0
0.674057 0.238651 0.169415 0 0 0
0.675783 0.237908 0.169737 0 0 0
0.677383 0.238005 0.169730 0 0 0
0.679019 0.238244 0.169781 0 0 0
0.680836 0.237710 0.170111 0 0 0
0.682285 0.237697 0.170125 0 0 0
0.684161 0.236945 0.170375 0 0 0
0.685609 0.236924 0.170389 0 0 0
0.687431 0.236370 0.170710 0 0 0
0.688946 0.236461 0.170794 0 0 0
0.690728 0.235891 0.171102 0 0 0
0.692199 0.235888 0.171138 0 0 0
0.693991 0.235261 0.171427 0 0 0
0.695527 0.235398 0.171541 0 0 0
0.697189 0.234688 0.171880 0 0 0
0.698841 0.233961 0.172209 0 0 0
0.700343 0.234007 0.172282 0 0 0
0.702139 0.233368 0.172567 0 0 0
0.703594 0.233339 0.172595 0 0 0
0.705338 0.232779 0.172895 0 0 0
0.706919 0.232874 0.172896 0 0 0
0.708617 0.233115 0.172853 0 0 0
0.710296 0.233281 0.172773 0 0 0
0.711971 0.233441 0.172690 0 0 0
0.713651 0.233605 0.172609 0 0 0
0.715339 0.233846 0.172562 0 0 0
0.717010 0.234020 0.172494 0 0 0
0.718606 0.234050 0.172468 0 0 0
0.720059 0.233451 0.172704 0 0 0
0.721954 0.234307 0.172209 0 0 0
0.594669 0.250115 0.160082 0 0 0
0.596451 0.249440 0.160241 0 0 0
0.598057 0.249549 0.160211 0 0 0
0.599859 0.249807 0.160303 0 0 0
0.601495 0.250000 0.160311 0 0 0
0.603544 0.249424 0.160660 0 0 0
0.605003 0.249536 0.160681 0 0 0
0.607126 0.248806 0.160971 0 0 0
0.608578 0.248894 0.160974 0 0 0
0.610606 0.248143 0.161118 0 0 0
0.612261 0.248421 0.161287 0 0 0
0.613899 0.248647 0.161419 0 0 0
0.615889 0.247952 0.161594 0 0 0
0.617513 0.248049 0.161547 0 0 0
0.619289 0.248202 0.161461 0 0 0
0.620920 0.248293 0.161413 0 0 0
0.622888 0.247604 0.161579 0 0 0
0.624503 0.247804 0.161694 0 0 0
0.626271 0.247992 0.161634 0 0 0
0.628015 0.248232 0.161584 0 0 0
0.629786 0.248414 0.161519 0 0 0
0.631549 0.248667 0.161611 0 0 0
0.633145 0.248773 0.161583 0 0 0
0.635130 0.248092 0.161725 0 0 0
0.636605 0.248106 0.161708 0 0 0
0.638618 0.247361 0.161984 0 0 0
0.640086 0.247453 0.162010 0 0 0
0.642081 0.246809 0.162328 0 0 0
0.643553 0.246904 0.162357 0 0 0
0.645544 0.246347 0.162710 0 0 0
0.647019 0.246435 0.162742 0 0 0
0.648860 0.245716 0.163101 0 0 0
0.650561 0.245004 0.163531 0 0 0
0.652259 0.244288 0.163963 0 0 0
0.653953 0.243482 0.164355 0 0 0
0.655743 0.242838 0.164734 0 0 0
0.657243 0.242933 0.164791 0 0 0
0.659052 0.242304 0.165185 0 0 0
0.660772 0.241591 0.165639 0 0 0
0.662227 0.241041 0.166054 0 0 0
0.664312 0.239238 0.166940 0 0 0
0.665439 0.239488 0.166995 0 0 0
0.667557 0.237692 0.167614 0 0 0
0.668900 0.237993 0.167870 0 0 0
0.670684 0.237289 0.168234 0 0 0
0.672413 0.236574 0.168575 0 0 0
0.673931 0.236728 0.168680 0 0 0
0.675774 0.236115 0.168986 0 0 0
0.677216 0.236173 0.169029 0 0 0
0.679002 0.235331 0.169326 0 0 0
0.680670 0.234584 0.169505 0 0 0
0.682258 0.234765 0.169655 0 0 0
0.683995 0.235041 0.169649 0 0 0
0.685585 0.235218 0.169674 0 0 0
0.687406 0.234563 0.169951 0 0 0
0.688868 0.234558 0.169983 0 0 0
0.690666 0.233973 0.170284 0 0 0
0.692161 0.233986 0.170340 0 0 0
0.693841 0.233299 0.170674 0 0 0
0.695515 0.232478 0.170842 0 0 0
0.697014 0.232648 0.171097 0 0 0
0.698670 0.232029 0.171482 0 0 0
0.700330 0.231333 0.171835 0 0 0
0.701952 0.231563 0.171897 0 0 0
0.703552 0.231668 0.171906 0 0 0
0.705295 0.231112 0.172209 0 0 0
0.706744 0.231079 0.172238 0 0 0
0.708521 0.230433 0.172518 0 0 0
0.709981 0.230383 0.172550 0 0 0
0.711713 0.229850 0.172866 0 0 0
0.713302 0.229890 0.172836 0 0 0
0.714980 0.229951 0.172717 0 0 0
0.716641 0.230095 0.172629 0 0 0
0.718342 0.230253 0.172542 0 0 0
0.719729 0.230406 0.172450 0 0 0
0.722042 0.231447 0.171854 0 0 0
0.723425 0.231583 0.171769 0 0 0
0.725177 0.231745 0.171681 0 0 0
0.726450 0.231873 0.171624 0 0 0
0.591370 0.248026 0.159385 0 0 0
0.592808 0.248166 0.159317 0 0 0
0.594624 0.248430 0.159282 0 0 0
0.596392 0.248685 0.159372 0 0 0
0.597986 0.248799 0.159339 0 0 0
0.600067 0.248034 0.159459 0 0 0
0.601538 0.248139 0.159475 0 0 0
0.603494 0.247400 0.159814 0 0 0
0.605412 0.246582 0.159971 0 0 0
0.606999 0.246753 0.159974 0 0 0
0.608782 0.247044 0.160087 0 0 0
0.610425 0.247324 0.160255 0 0 0
0.612455 0.246560 0.160394 0 0 0
0.613922 0.246588 0.160380 0 0 0
0.615954 0.245995 0.160714 0 0 0
0.617565 0.246100 0.160675 0 0 0
0.619312 0.246273 0.160598 0 0 0
0.621093 0.246524 0.160565 0 0 0
0.622718 0.246721 0.160682 0 0 0
0.624704 0.246046 0.160860 0 0 0
0.626166 0.246065 0.160842 0 0 0
0.628205 0.245308 0.161113 0 0 0
0.629785 0.245411 0.161070 0 0 0
0.631560 0.245648 0.161021 0 0 0
0.633169 0.245749 0.160981 0 0 0
0.635149 0.245178 0.161326 0 0 0
0.636767 0.245280 0.161287 0 0 0
0.638386 0.245447 0.161276 0 0 0
0.640375 0.244807 0.161595 0 0 0
0.641837 0.244896 0.161624 0 0 0
0.643691 0.244178 0.161984 0 0 0
0.645526 0.243536 0.162368 0 0 0
0.646999 0.243554 0.162377 0 0 0
0.648842 0.242910 0.162769 0 0 0
0.650532 0.242202 0.163198 0 0 0
0.652358 0.241571 0.163593 0 0 0
0.653852 0.241664 0.163649 0 0 0
0.655639 0.241022 0.164029 0 0 0
0.657324 0.240220 0.164426 0 0 0
0.658999 0.239504 0.164862 0 0 0
0.660669 0.238791 0.165299 0 0 0
0.662361 0.238081 0.165751 0 0 0
0.663997 0.237364 0.166172 0 0 0
0.665793 0.236665 0.166542 0 0 0
0.667133 0.236961 0.166795 0 0 0
0.669178 0.235052 0.167220 0 0 0
0.670515 0.235346 0.167476 0 0 0
0.672291 0.234655 0.167846 0 0 0
0.674034 0.233924 0.168178 0 0 0
0.675499 0.233989 0.168237 0 0 0
0.677336 0.233355 0.168530 0 0 0
0.678959 0.233555 0.168581 0 0 0
0.680546 0.233821 0.168772 0 0 0
0.682354 0.233072 0.168875 0 0 0
0.683819 0.233016 0.168862 0 0 0
0.685615 0.232263 0.168961 0 0 0
0.687212 0.232513 0.169145 0 0 0
0.688826 0.232636 0.169168 0 0 0
0.690606 0.232065 0.169470 0 0 0
0.692097 0.232076 0.169525 0 0 0
0.693888 0.231537 0.169866 0 0 0
0.695381 0.231712 0.170116 0 0 0
0.697053 0.230894 0.170294 0 0 0
0.698624 0.230125 0.170695 0 0 0
0.700164 0.229390 0.171115 0 0 0
0.701729 0.228570 0.171516 0 0 0
0.703387 0.227949 0.171908 0 0 0
0.704876 0.227996 0.171991 0 0 0
0.706641 0.227366 0.172273 0 0 0
0.708190 0.227441 0.172259 0 0 0
0.709779 0.227579 0.172275 0 0 0
0.711543 0.226965 0.172549 0 0 0
0.712814 0.227012 0.172509 0 0 0
0.715129 0.228156 0.171966 0 0 0
0.716502 0.228304 0.171885 0 0 0
0.718231 0.228468 0.171797 0 0 0
0.719601 0.228615 0.171718 0 0 0
0.721918 0.229776 0.171172 0 0 0
0.723303 0.229926 0.171081 0 0 0
0.725017 0.230080 0.170996 0 0 0
0.726579 0.230110 0.170968 0 0 0
0.728199 0.229273 0.171263 0 0 0
0.729791 0.228662 0.171623 0 0 0
0.731011 0.228760 0.171667 0 0 0
0.589770 0.245059 0.159115 0 0 0
0.591196 0.245197 0.159044 0 0 0
0.592987 0.245363 0.158955 0 0 0
0.594751 0.245517 0.158862 0 0 0
0.596498 0.245610 0.158745 0 0 0
0.598266 0.245847 0.158692 0 0 0
0.599867 0.246022 0.158673 0 0 0
0.601952 0.245291 0.158964 0 0 0
0.603563 0.245472 0.158959 0 0 0
0.605331 0.245754 0.159055 0 0 0
0.606922 0.245921 0.159056 0 0 0
0.608846 0.245087 0.159207 0 0 0
0.610729 0.244260 0.159373 0 0 0
0.612351 0.244534 0.159536 0 0 0
0.613990 0.244734 0.159555 0 0 0
0.616017 0.244083 0.159870 0 0 0
0.617619 0.244251 0.159854 0 0 0
0.619233 0.244349 0.159807 0 0 0
0.621291 0.243590 0.160080 0 0 0
0.622729 0.243622 0.160071 0 0 0
0.624731 0.243049 0.160418 0 0 0
0.626349 0.243239 0.160422 0 0 0
0.628124 0.243486 0.160377 0 0 0
0.629705 0.243595 0.160337 0 0 0
0.631729 0.242925 0.160646 0 0 0
0.633175 0.242947 0.160643 0 0 0
0.635187 0.242373 0.160992 0 0 0
0.636636 0.242401 0.160992 0 0 0
0.638648 0.241824 0.161343 0 0 0
0.640092 0.241850 0.161343 0 0 0
0.642092 0.241277 0.161693 0 0 0
0.643546 0.241300 0.161698 0 0 0
0.645388 0.240658 0.162088 0 0 0
0.647221 0.240015 0.162477 0 0 0
0.648684 0.240031 0.162488 0 0 0
0.650509 0.239396 0.162878 0 0 0
0.652325 0.238763 0.163267 0 0 0
0.653787 0.238774 0.163281 0 0 0
0.655606 0.238133 0.163675 0 0 0
0.657275 0.237421 0.164110 0 0 0
0.658945 0.236705 0.164547 0 0 0
0.660615 0.235900 0.164946 0 0 0
0.662370 0.235270 0.165329 0 0 0
0.663881 0.235436 0.165437 0 0 0
0.665632 0.234720 0.165782 0 0 0
0.667419 0.234022 0.166150 0 0 0
0.668751 0.234327 0.166409 0 0 0
0.670855 0.232514 0.167027 0 0 0
0.672156 0.232628 0.167065 0 0 0
0.673982 0.231963 0.167217 0 0 0
0.675447 0.232089 0.167417 0 0 0
0.677312 0.231523 0.167753 0 0 0
0.678777 0.231501 0.167768 0 0 0
0.680585 0.230755 0.167872 0 0 0
0.682167 0.231010 0.168055 0 0 0
0.683903 0.231242 0.168047 0 0 0
0.685489 0.231496 0.168229 0 0 0
0.687276 0.230744 0.168330 0 0 0
0.688771 0.230699 0.168336 0 0 0
0.690532 0.230016 0.168471 0 0 0
0.692004 0.230134 0.168685 0 0 0
0.693708 0.229464 0.169048 0 0 0
0.695382 0.228650 0.169221 0 0 0
0.696866 0.228817 0.169477 0 0 0
0.698544 0.228315 0.169934 0 0 0
0.700146 0.227515 0.170361 0 0 0
0.701679 0.226785 0.170785 0 0 0
0.703211 0.226044 0.171202 0 0 0
0.704847 0.225346 0.171558 0 0 0
0.706465 0.225576 0.171625 0 0 0
0.708011 0.225650 0.171614 0 0 0
0.709764 0.224912 0.171846 0 0 0
0.711354 0.225049 0.171848 0 0 0
0.712712 0.225216 0.171784 0 0 0
0.715013 0.226368 0.171238 0 0 0
0.716394 0.226517 0.171145 0 0 0
0.718088 0.226673 0.171057 0 0 0
0.719761 0.226800 0.170961 0 0 0
0.721418 0.226766 0.170797 0 0 0
0.723089 0.226901 0.170704 0 0 0
0.724754 0.227054 0.170621 0 0 0
0.726407 0.227232 0.170557 0 0 0
0.728040 0.227462 0.170628 0 0 0
0.729588 0.226753 0.170956 0 0 0
0.731180 0.226126 0.171316 0 0 0
0.732425 0.226112 0.171346 0 0 0
0.734013 0.224318 0.171946 0 0 0
0.586439 0.241836 0.158891 255 0 0
0.587843 0.241980 0.158828 0 0 0
0.589630 0.242231 0.158777 0 0 0
0.591393 0.242394 0.158688 0 0 0
0.593168 0.242478 0.158561 0 0 0
0.594707 0.242644 0.158458 0 0 0
0.596616 0.243746 0.158008 0 0 0
0.598518 0.243016 0.158260 0 0 0
0.600121 0.243117 0.158211 0 0 0
0.601886 0.243356 0.158160 0 0 0
0.603640 0.243527 0.158080 0 0 0
0.605244 0.243605 0.158018 0 0 0
0.607270 0.242857 0.158160 0 0 0
0.608906 0.243145 0.158338 0 0 0
0.610550 0.243440 0.158523 0 0 0
0.612417 0.242624 0.158699 0 0 0
0.614342 0.241883 0.159037 0 0 0
0.615794 0.241985 0.159067 0 0 0
0.617813 0.241338 0.159386 0 0 0
0.619424 0.241527 0.159388 0 0 0
0.621198 0.241777 0.159344 0 0 0
0.622801 0.241896 0.159320 0 0 0
0.624667 0.241240 0.159696 0 0 0
0.626552 0.240426 0.160015 0 0 0
0.627989 0.240519 0.160042 0 0 0
0.630007 0.239956 0.160397 0 0 0
0.631610 0.240060 0.160358 0 0 0
0.633220 0.240149 0.160319 0 0 0
0.635069 0.239507 0.160710 0 0 0
0.636926 0.238866 0.161101 0 0 0
0.638369 0.238892 0.161106 0 0 0
0.640372 0.238320 0.161457 0 0 0
0.641806 0.238343 0.161460 0 0 0
0.643798 0.237773 0.161810 0 0 0
0.645239 0.237797 0.161816 0 0 0
0.647214 0.237231 0.162165 0 0 0
0.648658 0.237245 0.162174 0 0 0
0.650490 0.236602 0.162569 0 0 0
0.652159 0.235890 0.163001 0 0 0
0.653975 0.235251 0.163395 0 0 0
0.655426 0.235257 0.163410 0 0 0
0.657231 0.234529 0.163762 0 0 0
0.658992 0.233912 0.164148 0 0 0
0.660501 0.234085 0.164257 0 0 0
0.662255 0.233460 0.164642 0 0 0
0.664039 0.232744 0.164997 0 0 0
0.665516 0.232819 0.165061 0 0 0
0.667250 0.232186 0.165442 0 0 0
0.668945 0.231277 0.165809 0 0 0
0.670613 0.230614 0.166035 0 0 0
0.672204 0.230839 0.166213 0 0 0
0.673836 0.231103 0.166412 0 0 0
0.675553 0.230295 0.166596 0 0 0
0.677239 0.229640 0.166945 0 0 0
0.678866 0.229821 0.166994 0 0 0
0.680458 0.230000 0.167146 0 0 0
0.682260 0.229233 0.167242 0 0 0
0.683697 0.229200 0.167246 0 0 0
0.685521 0.228555 0.167528 0 0 0
0.687096 0.228732 0.167556 0 0 0
0.688823 0.229005 0.167550 0 0 0
0.690402 0.229176 0.167696 0 0 0
0.692075 0.228356 0.167872 0 0 0
0.693753 0.227714 0.168246 0 0 0
0.695265 0.227886 0.168510 0 0 0
0.696702 0.227261 0.168683 0 0 0
0.698598 0.225272 0.169336 0 0 0
0.699913 0.225564 0.169618 0 0 0
0.701626 0.224882 0.170011 0 0 0
0.703153 0.224152 0.170433 0 0 0
0.704676 0.223419 0.170854 0 0 0
0.706323 0.222688 0.171197 0 0 0
0.707882 0.222779 0.171206 0 0 0
0.709576 0.223108 0.171200 0 0 0
0.711216 0.223287 0.171132 0 0 0
0.712865 0.223428 0.171045 0 0 0
0.714539 0.223473 0.170913 0 0 0
0.716211 0.223510 0.170779 0 0 0
0.717891 0.223665 0.170692 0 0 0
0.719248 0.223805 0.170611 0 0 0
0.721590 0.225071 0.170093 0 0 0
0.722947 0.225120 0.169973 0 0 0
0.724623 0.225289 0.169900 0 0 0
0.726204 0.225415 0.169910 0 0 0
0.727913 0.224733 0.170160 0 0 0
0.729180 0.224900 0.170245 0 0 0
0.731073 0.223184 0.171061 0 0 0
0.732509 0.223420 0.171098 0 0 0
0.733843 0.223713 0.171282 0 0 0
0.735759 0.221883 0.171884 0 0 0
0.736728 0.222006 0.171912 0 0 0
0.738331 0.220366 0.172771 0 0 0
0.586543 0.240118 0.158124 0 0 0
0.587784 0.240191 0.158087 0 0 0
0.589969 0.239518 0.158400 0 0 0
0.591321 0.239631 0.158339 0 0 0
0.593400 0.240720 0.157800 0 0 0
0.594931 0.240882 0.157698 0 0 0
0.596710 0.240968 0.157573 0 0 0
0.598464 0.241200 0.157518 0 0 0
0.600196 0.241372 0.157437 0 0 0
0.601954 0.241518 0.157343 0 0 0
0.603693 0.241609 0.157225 0 0 0
0.605466 0.241852 0.157189 0 0 0
0.607090 0.242052 0.157315 0 0 0
0.608951 0.241313 0.157525 0 0 0
0.610908 0.240491 0.157839 0 0 0
0.612356 0.240604 0.157871 0 0 0
0.614382 0.240040 0.158226 0 0 0
0.615855 0.240164 0.158275 0 0 0
0.617748 0.239526 0.158662 0 0 0
0.619653 0.238718 0.158984 0 0 0
0.621080 0.238812 0.159010 0 0 0
0.623116 0.238164 0.159334 0 0 0
0.624716 0.238350 0.159328 0 0 0
0.626326 0.238530 0.159324 0 0 0
0.628196 0.237809 0.159688 0 0 0
0.629908 0.237100 0.160118 0 0 0
0.631767 0.236462 0.160514 0 0 0
0.633363 0.236550 0.160476 0 0 0
0.634966 0.236647 0.160441 0 0 0
0.636804 0.236017 0.160833 0 0 0
0.638658 0.235382 0.161228 0 0 0
0.640085 0.235395 0.161233 0 0 0
0.642081 0.234825 0.161585 0 0 0
0.643504 0.234844 0.161590 0 0 0
0.645489 0.234277 0.161941 0 0 0
0.646913 0.234293 0.161947 0 0 0
0.648888 0.233726 0.162297 0 0 0
0.650322 0.233736 0.162309 0 0 0
0.652135 0.233105 0.162702 0 0 0
0.653923 0.232478 0.163091 0 0 0
0.655513 0.232563 0.163064 0 0 0
0.657132 0.232728 0.163079 0 0 0
0.658885 0.231993 0.163420 0 0 0
0.660520 0.231172 0.163801 0 0 0
0.662165 0.230568 0.164284 0 0 0
0.663984 0.229854 0.164658 0 0 0
0.665405 0.229845 0.164673 0 0 0
0.667278 0.229286 0.165003 0 0 0
0.668892 0.229492 0.165054 0 0 0
0.670473 0.229750 0.165235 0 0 0
0.672194 0.228905 0.165388 0 0 0
0.673913 0.228058 0.165535 0 0 0
0.675386 0.228230 0.165776 0 0 0
0.677112 0.227590 0.166158 0 0 0
0.678811 0.226776 0.166329 0 0 0
0.680363 0.226972 0.166493 0 0 0
0.682119 0.227311 0.166512 0 0 0
0.683690 0.227415 0.166510 0 0 0
0.685510 0.226752 0.166785 0 0 0
0.686923 0.226731 0.166804 0 0 0
0.688733 0.226066 0.167076 0 0 0
0.690312 0.226170 0.167079 0 0 0
0.691934 0.226407 0.167144 0 0 0
0.693576 0.225786 0.167520 0 0 0
0.695162 0.224882 0.167890 0 0 0
0.696850 0.224288 0.168298 0 0 0
0.698165 0.224586 0.168582 0 0 0
0.700136 0.222773 0.169204 0 0 0
0.701419 0.222960 0.169303 0 0 0
0.703097 0.222265 0.169669 0 0 0
0.704620 0.221537 0.170091 0 0 0
0.706255 0.220894 0.170463 0 0 0
0.707696 0.220870 0.170517 0 0 0
0.709420 0.220217 0.170779 0 0 0
0.710997 0.220280 0.170771 0 0 0
0.712694 0.220435 0.170690 0 0 0
0.714044 0.220573 0.170608 0 0 0
0.716373 0.221842 0.170093 0 0 0
0.717725 0.221887 0.169971 0 0 0
0.719429 0.222026 0.169873 0 0 0
0.720778 0.222071 0.169752 0 0 0
0.723136 0.223335 0.169238 0 0 0
0.724394 0.223361 0.169209 0 0 0
0.726113 0.222673 0.169458 0 0 0
0.727597 0.222770 0.169564 0 0 0
0.729216 0.222080 0.169943 0 0 0
0.730691 0.221346 0.170367 0 0 0
0.732239 0.220602 0.170689 0 0 0
0.733770 0.220567 0.170784 0 0 0
0.735275 0.220028 0.171172 0 0 0
0.736798 0.219220 0.171612 0 0 0
0.738234 0.218575 0.172072 0 0 0
0.739838 0.217853 0.172412 0 0 0
0.741020 0.217845 0.172422 0 0 0
0.582994 0.237667 0.157437 0 0 0
0.584634 0.237031 0.157830 0 0 0
0.586624 0.236293 0.158192 0 0 0
0.588196 0.236391 0.158142 0 0 0
0.589953 0.236557 0.158056 0 0 0
0.591690 0.236717 0.157969 0 0 0
0.593450 0.236875 0.157879 0 0 0
0.594978 0.237047 0.157783 0 0 0
0.597041 0.238141 0.157243 0 0 0
0.598574 0.238308 0.157141 0 0 0
0.600365 0.238392 0.157011 0 0 0
0.601889 0.238556 0.156909 0 0 0
0.603815 0.239654 0.156455 0 0 0
0.605696 0.238945 0.156720 0 0 0
0.607133 0.239053 0.156744 0 0 0
0.609211 0.238496 0.157111 0 0 0
0.610809 0.238675 0.157102 0 0 0
0.612422 0.238789 0.157075 0 0 0
0.614314 0.238134 0.157458 0 0 0
0.616074 0.237253 0.157815 0 0 0
0.617949 0.236624 0.158207 0 0 0
0.619405 0.236823 0.158285 0 0 0
0.621465 0.236186 0.158619 0 0 0
0.622886 0.236280 0.158647 0 0 0
0.624766 0.235559 0.159010 0 0 0
0.626648 0.234922 0.159406 0 0 0
0.628083 0.234948 0.159413 0 0 0
0.629953 0.234316 0.159810 0 0 0
0.631814 0.233685 0.160205 0 0 0
0.633242 0.233703 0.160213 0 0 0
0.635109 0.233055 0.160613 0 0 0
0.636803 0.232353 0.161049 0 0 0
0.638637 0.231725 0.161446 0 0 0
0.640224 0.231807 0.161412 0 0 0
0.641804 0.231892 0.161375 0 0 0
0.643769 0.231330 0.161724 0 0 0
0.645188 0.231345 0.161732 0 0 0
0.647142 0.230786 0.162080 0 0 0
0.648723 0.230873 0.162046 0 0 0
0.650308 0.230949 0.162013 0 0 0
0.652107 0.230220 0.162364 0 0 0
0.653856 0.229591 0.162743 0 0 0
0.655466 0.229752 0.162753 0 0 0
0.657181 0.229849 0.162649 0 0 0
0.658801 0.230093 0.162705 0 0 0
0.660380 0.229569 0.163074 0 0 0
0.662410 0.227613 0.163698 0 0 0
0.663790 0.227815 0.163726 0 0 0
0.665389 0.228036 0.163897 0 0 0
0.667270 0.227475 0.164237 0 0 0
0.668720 0.227459 0.164251 0 0 0
0.670558 0.226706 0.164361 0 0 0
0.672158 0.227000 0.164578 0 0 0
0.673767 0.227295 0.164802 0 0 0
0.675470 0.226577 0.165019 0 0 0
0.677225 0.225860 0.165380 0 0 0
0.678669 0.226023 0.165612 0 0 0
0.680351 0.225193 0.165770 0 0 0
0.682061 0.224417 0.166078 0 0 0
0.683623 0.224521 0.166079 0 0 0
0.685343 0.224848 0.166076 0 0 0
0.686917 0.224954 0.166078 0 0 0
0.688709 0.224407 0.166397 0 0 0
0.690135 0.224383 0.166426 0 0 0
0.691846 0.223643 0.166771 0 0 0
0.693525 0.222941 0.167131 0 0 0
0.695009 0.223082 0.167247 0 0 0
0.696653 0.222358 0.167589 0 0 0
0.698220 0.221541 0.167997 0 0 0
0.699752 0.220912 0.168464 0 0 0
0.701401 0.220217 0.168832 0 0 0
0.702917 0.220353 0.168969 0 0 0
0.704564 0.219654 0.169334 0 0 0
0.706142 0.219026 0.169693 0 0 0
0.707640 0.219095 0.169802 0 0 0
0.709367 0.218462 0.170073 0 0 0
0.710892 0.218516 0.170050 0 0 0
0.712560 0.218658 0.169968 0 0 0
0.714234 0.218802 0.169877 0 0 0
0.715576 0.218844 0.169755 0 0 0
0.717908 0.220116 0.169239 0 0 0
0.719259 0.220256 0.169157 0 0 0
0.720936 0.220413 0.169071 0 0 0
0.722582 0.220464 0.168946 0 0 0
0.724274 0.220605 0.168860 0 0 0
0.725836 0.220722 0.168874 0 0 0
0.727417 0.219931 0.169191 0 0 0
0.728955 0.219319 0.169560 0 0 0
0.730518 0.219441 0.169712 0 0 0
0.732150 0.218844 0.169991 0 0 0
0.733620 0.218806 0.170064 0 0 0
0.735175 0.218156 0.170430 0 0 0
0.736655 0.217437 0.170882 0 0 0
0.738160 0.216674 0.171315 0 0 0
0.739656 0.215937 0.171506 0 0 0
0.741166 0.216127 0.171693 0 0 0
0.742768 0.216149 0.171708 0 0 0
0.744349 0.215411 0.172058 0 0 0
0.745470 0.214792 0.172367 0 0 0
0.581587 0.234716 0.157103 0 0 0
0.582825 0.234880 0.157107 0 0 0
0.584988 0.234326 0.157478 0 0 0
0.586552 0.234511 0.157466 0 0 0
0.588294 0.234684 0.157389 0 0 0
0.590031 0.234843 0.157301 0 0 0
0.591767 0.235003 0.157214 0 0 0
0.593504 0.235164 0.157128 0 0 0
0.595230 0.235312 0.157036 0 0 0
0.596995 0.235392 0.156907 0 0 0
0.598519 0.235558 0.156807 0 0 0
0.600591 0.236651 0.156264 0 0 0
0.602107 0.236811 0.156162 0 0 0
0.603896 0.236893 0.156038 0 0 0
0.605489 0.237062 0.156022 0 0 0
0.607403 0.236343 0.156387 0 0 0
0.609317 0.235619 0.156748 0 0 0
0.610732 0.235720 0.156774 0 0 0
0.612797 0.235071 0.157103 0 0 0
0.614389 0.235262 0.157097 0 0 0
0.616030 0.235453 0.157110 0 0 0
0.617734 0.234881 0.157471 0 0 0
0.619899 0.233086 0.158351 0 0 0
0.621340 0.233306 0.158339 0 0 0
0.622956 0.233409 0.158302 0 0 0
0.624826 0.232679 0.158658 0 0 0
0.626665 0.232048 0.159045 0 0 0
0.628118 0.232166 0.159102 0 0 0
0.629998 0.231537 0.159510 0 0 0
0.631694 0.230832 0.159945 0 0 0
0.633557 0.230195 0.160347 0 0 0
0.634981 0.230216 0.160359 0 0 0
0.636826 0.229586 0.160757 0 0 0
0.638648 0.228958 0.161151 0 0 0
0.640226 0.229040 0.161118 0 0 0
0.641806 0.229122 0.161083 0 0 0
0.643763 0.228563 0.161431 0 0 0
0.645179 0.228573 0.161441 0 0 0
0.647122 0.227929 0.161755 0 0 0
0.648677 0.228092 0.161751 0 0 0
0.650418 0.228267 0.161678 0 0 0
0.652012 0.228445 0.161696 0 0 0
0.653785 0.227803 0.162082 0 0 0
0.655338 0.227010 0.162360 0 0 0
0.657083 0.228079 0.161960 0 0 0
0.659052 0.226353 0.162754 0 0 0
0.660446 0.226529 0.162745 0 0 0
0.662213 0.226959 0.162937 0 0 0
0.663727 0.227061 0.162925 0 0 0
0.665519 0.226219 0.163063 0 0 0
0.667215 0.225451 0.163247 0 0 0
0.668798 0.225671 0.163418 0 0 0
0.670420 0.225942 0.163628 0 0 0
0.672111 0.225113 0.163789 0 0 0
0.673724 0.224277 0.164162 0 0 0
0.675473 0.223644 0.164557 0 0 0
0.676920 0.223712 0.164626 0 0 0
0.678734 0.223103 0.164936 0 0 0
0.680237 0.223276 0.165060 0 0 0
0.682046 0.222759 0.165403 0 0 0
0.683462 0.222738 0.165426 0 0 0
0.685303 0.221998 0.165687 0 0 0
0.686735 0.222049 0.165744 0 0 0
0.688553 0.221441 0.166055 0 0 0
0.689990 0.221488 0.166114 0 0 0
0.691798 0.220886 0.166425 0 0 0
0.693240 0.221016 0.166517 0 0 0
0.695028 0.220336 0.166799 0 0 0
0.696506 0.220465 0.166911 0 0 0
0.698172 0.219767 0.167282 0 0 0
0.699698 0.219034 0.167706 0 0 0
0.701249 0.218271 0.168117 0 0 0
0.702840 0.217480 0.168298 0 0 0
0.704348 0.217725 0.168615 0 0 0
0.706008 0.217001 0.168969 0 0 0
0.707585 0.216176 0.169113 0 0 0
0.709140 0.216417 0.169311 0 0 0
0.710794 0.216641 0.169288 0 0 0
0.712451 0.216883 0.169244 0 0 0
0.714105 0.217047 0.169166 0 0 0
0.715742 0.217196 0.169082 0 0 0
0.717381 0.217243 0.168956 0 0 0
0.719070 0.217359 0.168853 0 0 0
0.720725 0.217417 0.168709 0 0 0
0.722410 0.217455 0.168406 0 0 0
0.723964 0.217578 0.168325 0 0 0
0.725626 0.217840 0.168456 0 0 0
0.727249 0.218027 0.168534 0 0 0
0.728776 0.217370 0.168867 0 0 0
0.730334 0.216566 0.169043 0 0 0
0.731907 0.216799 0.169242 0 0 0
0.733503 0.216903 0.169296 0 0 0
0.735039 0.216267 0.169663 0 0 0
0.736525 0.215546 0.170114 0 0 0
0.738069 0.214961 0.170528 0 0 0
0.739563 0.215099 0.170813 0 0 0
0.741063 0.214269 0.170966 0 0 0
0.742603 0.213510 0.171271 0 0 0
0.744146 0.213566 0.171416 0 0 0
0.745651 0.213054 0.171703 0 0 0
0.747184 0.212955 0.171795 0 0 0
0.748379 0.212491 0.172072 0 0 0
0.577968 0.233343 0.155981 0 0 0
0.579821 0.232779 0.156357 0 0 0
0.581222 0.232897 0.156384 0 0 0
0.583205 0.232078 0.156708 0 0 0
0.585141 0.231431 0.157091 0 0 0
0.586708 0.231548 0.157062 0 0 0
0.588456 0.231794 0.157016 0 0 0
0.590193 0.231963 0.156933 0 0 0
0.591923 0.232123 0.156847 0 0 0
0.593652 0.232282 0.156760 0 0 0
0.595393 0.232432 0.156668 0 0 0
0.597130 0.232505 0.156542 0 0 0
0.598850 0.232650 0.156450 0 0 0
0.600605 0.232808 0.156360 0 0 0
0.602126 0.232981 0.156262 0 0 0
0.604051 0.233986 0.155772 0 0 0
0.605894 0.233371 0.156072 0 0 0
0.607498 0.233558 0.156067 0 0 0
0.609093 0.233749 0.156061 0 0 0
0.611162 0.233101 0.156392 0 0 0
0.612570 0.233201 0.156419 0 0 0
0.614471 0.232480 0.156785 0 0 0
0.616372 0.231845 0.157186 0 0 0
0.617820 0.231883 0.157203 0 0 0
0.619685 0.231347 0.157635 0 0 0
0.621555 0.230623 0.157991 0 0 0
0.623143 0.230725 0.157958 0 0 0
0.624771 0.230897 0.157971 0 0 0
0.626438 0.230332 0.158330 0 0 0
0.628605 0.228622 0.159260 0 0 0
0.629857 0.228687 0.159257 0 0 0
0.631733 0.228062 0.159656 0 0 0
0.633583 0.227433 0.160055 0 0 0
0.634998 0.227446 0.160068 0 0 0
0.636841 0.226815 0.160468 0 0 0
0.638658 0.226191 0.160863 0 0 0
0.640229 0.226272 0.160831 0 0 0
0.641803 0.226360 0.160798 0 0 0
0.643747 0.225804 0.161146 0 0 0
0.645313 0.225890 0.161114 0 0 0
0.646886 0.226050 0.161113 0 0 0
0.648822 0.225408 0.161427 0 0 0
0.650225 0.225405 0.161437 0 0 0
0.652173 0.224738 0.161740 0 0 0
0.653707 0.224846 0.161715 0 0 0
0.655430 0.225171 0.161708 0 0 0
0.657004 0.225192 0.161660 0 0 0
0.658912 0.224618 0.161990 0 0 0
0.660320 0.224602 0.161987 0 0 0
0.662215 0.223836 0.162063 0 0 0
0.663747 0.223929 0.162052 0 0 0
0.665497 0.224280 0.162226 0 0 0
0.667069 0.224501 0.162395 0 0 0
0.668764 0.223728 0.162581 0 0 0
0.670508 0.222899 0.162751 0 0 0
0.671974 0.223086 0.163003 0 0 0
0.673713 0.222491 0.163427 0 0 0
0.675416 0.221873 0.163817 0 0 0
0.676891 0.221959 0.163910 0 0 0
0.678599 0.221320 0.164288 0 0 0
0.680230 0.220387 0.164644 0 0 0
0.681872 0.219647 0.164831 0 0 0
0.683426 0.219840 0.165003 0 0 0
0.685033 0.220091 0.165074 0 0 0
0.686855 0.219373 0.165340 0 0 0
0.688267 0.219430 0.165399 0 0 0
0.690041 0.218829 0.165704 0 0 0
0.691510 0.218971 0.165814 0 0 0
0.693324 0.218253 0.166082 0 0 0
0.694739 0.218304 0.166143 0 0 0
0.696484 0.217709 0.166447 0 0 0
0.697994 0.217855 0.166583 0 0 0
0.699653 0.217166 0.166955 0 0 0
0.701300 0.216564 0.167351 0 0 0
0.702556 0.216781 0.167601 0 0 0
0.704509 0.214808 0.168003 0 0 0
0.705873 0.215143 0.168216 0 0 0
0.707479 0.215441 0.168457 0 0 0
0.709171 0.214703 0.168546 0 0 0
0.710617 0.214612 0.168549 0 0 0
0.712327 0.213872 0.168609 0 0 0
0.713872 0.213931 0.168573 0 0 0
0.715527 0.214078 0.168492 0 0 0
0.717197 0.214237 0.168410 0 0 0
0.718573 0.214372 0.168315 0 0 0
0.720586 0.215653 0.168017 0 0 0
0.722614 0.216914 0.167725 0 0 0
0.723914 0.216958 0.167674 0 0 0
0.725608 0.216234 0.167727 0 0 0
0.727093 0.216174 0.167772 0 0 0
0.728767 0.215634 0.168091 0 0 0
0.730257 0.215708 0.168314 0 0 0
0.731839 0.214927 0.168263 0 0 0
0.733326 0.214995 0.168493 0 0 0
0.734904 0.214372 0.168896 0 0 0
0.736380 0.213655 0.169353 0 0 0
0.737822 0.212913 0.169785 0 0 0
0.739348 0.212235 0.170152 0 0 0
0.740909 0.212347 0.170316 0 0 0
0.742493 0.211744 0.170585 0 0 0
0.743949 0.211697 0.170669 0 0 0
0.745427 0.211146 0.171050 0 0 0
0.746921 0.210238 0.171459 0 0 0
0.748391 0.209592 0.171802 0 0 0
0.749946 0.209644 0.171833 0 0 0
0.751559 0.209738 0.171887 0 0 0
0.752688 0.209314 0.172161 0 0 0
0.576228 0.231310 0.155196 0 0 0
0.578382 0.229682 0.156078 0 0 0
0.579797 0.229839 0.156035 0 0 0
0.581585 0.230100 0.155993 0 0 0
0.583167 0.230300 0.155996 0 0 0
0.585270 0.229730 0.156360 0 0 0
0.586644 0.229774 0.156347 0 0 0
0.588787 0.228990 0.156623 0 0 0
0.590334 0.229085 0.156571 0 0 0
0.592079 0.229242 0.156485 0 0 0
0.593826 0.229406 0.156396 0 0 0
0.595334 0.229578 0.156301 0 0 0
0.597384 0.230774 0.155806 0 0 0
0.598896 0.230947 0.155711 0 0 0
0.600647 0.231112 0.155623 0 0 0
0.602364 0.231259 0.155531 0 0 0
0.604123 0.231339 0.155409 0 0 0
0.605703 0.231502 0.155394 0 0 0
0.607597 0.230779 0.155757 0 0 0
0.609497 0.230060 0.156123 0 0 0
0.611078 0.230237 0.156117 0 0 0
0.612672 0.230337 0.156080 0 0 0
0.614563 0.229607 0.156439 0 0 0
0.616428 0.228979 0.156833 0 0 0
0.617863 0.229094 0.156885 0 0 0
0.619759 0.228470 0.157296 0 0 0
0.621474 0.227772 0.157736 0 0 0
0.623341 0.227051 0.158104 0 0 0
0.624934 0.227224 0.158100 0 0 0
0.626357 0.227367 0.158055 0 0 0
0.628648 0.225864 0.158972 0 0 0
0.629889 0.225922 0.158970 0 0 0
0.631763 0.225296 0.159370 0 0 0
0.633607 0.224671 0.159771 0 0 0
0.635015 0.224689 0.159786 0 0 0
0.636860 0.224055 0.160188 0 0 0
0.638683 0.223333 0.160551 0 0 0
0.640075 0.223417 0.160594 0 0 0
0.642045 0.222871 0.160951 0 0 0
0.643590 0.222961 0.160917 0 0 0
0.645314 0.223115 0.160836 0 0 0
0.646862 0.223192 0.160801 0 0 0
0.648795 0.222530 0.161101 0 0 0
0.650321 0.222634 0.161076 0 0 0
0.652057 0.222971 0.161074 0 0 0
0.653587 0.223068 0.161047 0 0 0
0.655515 0.222295 0.161301 0 0 0
0.657039 0.222395 0.161275 0 0 0
0.658755 0.222727 0.161270 0 0 0
0.660457 0.222930 0.161225 0 0 0
0.662158 0.223178 0.161335 0 0 0
0.663691 0.223261 0.161319 0 0 0
0.665573 0.222488 0.161395 0 0 0
0.667014 0.222479 0.161412 0 0 0
0.668882 0.221952 0.161774 0 0 0
0.670344 0.222144 0.162023 0 0 0
0.672068 0.221325 0.162210 0 0 0
0.673675 0.220576 0.162624 0 0 0
0.675255 0.219857 0.163056 0 0 0
0.676887 0.219030 0.163457 0 0 0
0.678565 0.218318 0.163675 0 0 0
0.680155 0.218621 0.163913 0 0 0
0.681747 0.218909 0.164144 0 0 0
0.683396 0.218082 0.164299 0 0 0
0.685070 0.217348 0.164627 0 0 0
0.686669 0.217594 0.164695 0 0 0
0.688237 0.217686 0.164703 0 0 0
0.689900 0.216939 0.165030 0 0 0
0.691531 0.216233 0.165371 0 0 0
0.693133 0.216477 0.165442 0 0 0
0.694697 0.216566 0.165452 0 0 0
0.696362 0.215789 0.165761 0 0 0
0.697972 0.214964 0.165915 0 0 0
0.699435 0.215130 0.166186 0 0 0
0.701078 0.214494 0.166568 0 0 0
0.702733 0.213710 0.166785 0 0 0
0.704201 0.213990 0.167221 0 0 0
0.705774 0.213246 0.167421 255 0 0
0.707407 0.212416 0.167585 255 0 0
0.708951 0.212660 0.167778 255 0 0
0.710655 0.212876 0.167769 0 0 0
0.712287 0.213138 0.167880 255 0 0
0.713899 0.213288 0.167829 0 0 0
0.715546 0.213438 0.167747 0 0 0
0.717197 0.213593 0.167667 0 0 0
0.718782 0.213719 0.167555 0 0 0
0.720457 0.213737 0.167259 255 0 0
0.722108 0.213791 0.167116 255 0 0
0.723772 0.213932 0.167026 255 0 0
0.725435 0.214171 0.166986 255 0 0
0.726981 0.214268 0.167005 0 0 0
0.728597 0.213726 0.167287 0 0 0
0.730188 0.213838 0.167338 0 0 0
0.731763 0.214071 0.167540 0 0 0
0.733303 0.213271 0.167724 0 0 0
0.734776 0.212611 0.168183 0 0 0
0.736279 0.211796 0.168628 0 0 0
0.737708 0.211059 0.169063 0 0 0
0.739141 0.210313 0.169493 0 0 0
0.740649 0.209639 0.169854 0 0 0
0.742292 0.209865 0.169940 0 0 0
0.743570 0.210015 0.169940 0 0 0
0.745454 0.208230 0.170733 0 0 0
0.746692 0.208343 0.170835 0 0 0
0.748221 0.207860 0.171132 0 0 0
0.749707 0.207883 0.171255 0 0 0
0.751236 0.207052 0.171564 0 0 0
0.752710 0.206451 0.171923 0 0 0
0.753898 0.206509 0.172006 0 0 0
0.755802 0.204921 0.172893 0 0 0
0.756650 0.205070 0.172919 0 0 0
0.574998 0.228424 0.154949 0 0 0
0.576225 0.228511 0.154928 0 0 0
0.578398 0.228036 0.155337 0 0 0
0.579756 0.228077 0.155321 0 0 0
0.581927 0.227394 0.155645 0 0 0
0.583297 0.227437 0.155635 0 0 0
0.585437 0.226756 0.155956 0 0 0
0.586972 0.226876 0.155918 0 0 0
0.588716 0.227212 0.155911 0 0 0
0.590431 0.227394 0.155837 0 0 0
0.592154 0.227553 0.155751 0 0 0
0.593879 0.227712 0.155665 0 0 0
0.595591 0.227857 0.155573 0 0 0
0.597321 0.227927 0.155446 0 0 0
0.599054 0.228076 0.155355 0 0 0
0.600776 0.228234 0.155269 0 0 0
0.602499 0.228393 0.155182 0 0 0
0.604239 0.228552 0.155097 0 0 0
0.605801 0.228646 0.155053 0 0 0
0.607868 0.228001 0.155385 0 0 0
0.609262 0.228192 0.155448 0 0 0
0.611318 0.227549 0.155780 0 0 0
0.612895 0.227653 0.155742 0 0 0
0.614501 0.227841 0.155753 0 0 0
0.616359 0.227210 0.156152 0 0 0
0.618091 0.226421 0.156556 0 0 0
0.619824 0.225723 0.157004 0 0 0
0.621704 0.225097 0.157412 0 0 0
0.623101 0.225198 0.157451 0 0 0
0.625147 0.224552 0.157776 0 0 0
0.626379 0.224619 0.157770 0 0 0
0.628709 0.223113 0.158703 0 0 0
0.629918 0.223170 0.158692 0 0 0
0.631803 0.222539 0.159098 0 0 0
0.633477 0.221837 0.159540 0 0 0
0.635306 0.221208 0.159944 0 0 0
0.636874 0.221303 0.159917 0 0 0
0.638436 0.221467 0.159919 0 0 0
0.640239 0.220751 0.160282 0 0 0
0.642053 0.220018 0.160636 0 0 0
0.643590 0.220083 0.160595 0 0 0
0.645274 0.220255 0.160523 0 0 0
0.646972 0.220515 0.160483 0 0 0
0.648687 0.220771 0.160443 0 0 0
0.650207 0.220860 0.160414 0 0 0
0.652124 0.220109 0.160680 0 0 0
0.653668 0.220280 0.160682 0 0 0
0.655399 0.220534 0.160645 0 0 0
0.656920 0.220624 0.160619 0 0 0
0.658819 0.219968 0.160917 0 0 0
0.660376 0.220028 0.160877 0 0 0
0.662077 0.220079 0.160751 0 0 0
0.663731 0.220252 0.160678 0 0 0
0.665443 0.220587 0.160674 0 0 0
0.667006 0.220690 0.160670 0 0 0
0.668732 0.219941 0.161004 0 0 0
0.670443 0.219233 0.161357 0 0 0
0.671932 0.219407 0.161485 0 0 0
0.673663 0.218806 0.161903 0 0 0
0.675274 0.218004 0.162315 0 0 0
0.676964 0.217401 0.162722 0 0 0
0.678421 0.217574 0.162977 0 0 0
0.680091 0.216739 0.163137 0 0 0
0.681786 0.216012 0.163476 0 0 0
0.683276 0.216168 0.163608 0 0 0
0.684942 0.215456 0.163958 0 0 0
0.686607 0.214712 0.164285 0 0 0
0.688164 0.214804 0.164294 0 0 0
0.689767 0.215049 0.164366 0 0 0
0.691399 0.214339 0.164709 0 0 0
0.693045 0.213595 0.165035 0 0 0
0.694584 0.213687 0.165044 0 0 0
0.696323 0.214049 0.165076 0 0 0
0.697848 0.214238 0.165253 0 0 0
0.699474 0.213417 0.165422 255 0 0
0.701134 0.212760 0.165793 255 0 0
0.702571 0.212864 0.166028 255 0 0
0.704169 0.212123 0.166237 255 0 0
0.705847 0.211493 0.166633 255 0 0
0.707300 0.211572 0.166852 255 0 0
0.708941 0.210789 0.166802 255 0 0
0.710459 0.210969 0.166957 255 0 0
0.712157 0.211230 0.166945 255 0 0
0.713800 0.211389 0.166867 255 0 0
0.715439 0.211540 0.166785 255 0 0
0.717079 0.211691 0.166703 255 0 0
0.718720 0.211844 0.166622 255 0 0
0.720361 0.212006 0.166542 255 0 0
0.722000 0.212168 0.166464 255 0 0
0.723639 0.212321 0.166383 255 0 0
0.725287 0.212459 0.166302 255 0 0
0.726869 0.212507 0.166298 255 0 0
0.728525 0.211856 0.166552 0 0 0
0.729944 0.211799 0.166601 0 0 0
0.731600 0.211206 0.166881 0 0 0
0.732878 0.211400 0.167001 0 0 0
0.734759 0.209697 0.167847 0 0 0
0.736034 0.209880 0.167973 0 0 0
0.737593 0.209204 0.168345 0 0 0
0.739026 0.208577 0.168821 0 0 0
0.740510 0.207714 0.169223 0 0 0
0.741978 0.206878 0.169373 0 0 0
0.743495 0.206889 0.169607 0 0 0
0.745001 0.206422 0.169811 0 0 0
0.746502 0.206599 0.170129 0 0 0
0.748035 0.205978 0.170518 0 0 0
0.749535 0.205293 0.170871 0 0 0
0.751041 0.205293 0.171004 0 0 0
0.752471 0.204578 0.171334 0 0 0
0.753897 0.203848 0.171798 0 0 0
0.755311 0.203122 0.172266 0 0 0
0.756672 0.202263 0.172660 0 0 0
0.758170 0.201680 0.173052 0 0 0
0.759292 0.201765 0.173121 0 0 0
0.571751 0.225243 0.154773 0 0 0
0.572932 0.225390 0.154775 0 0 0
0.575133 0.224826 0.155145 0 0 0
0.576671 0.224858 0.155066 0 0 0
0.578420 0.225097 0.155017 0 0 0
0.579973 0.225208 0.154974 0 0 0
0.582084 0.224545 0.155303 0 0 0
0.583628 0.224739 0.155296 0 0 0
0.585394 0.224995 0.155255 0 0 0
0.586922 0.225103 0.155213 0 0 0
0.589030 0.224334 0.155496 0 0 0
0.590566 0.224515 0.155484 0 0 0
0.592311 0.224683 0.155403 0 0 0
0.594028 0.224842 0.155318 0 0 0
0.595745 0.225000 0.155232 0 0 0
0.597463 0.225159 0.155146 0 0 0
0.599181 0.225318 0.155060 0 0 0
0.600897 0.225475 0.154974 0 0 0
0.602628 0.225624 0.154882 0 0 0
0.604336 0.225705 0.154764 0 0 0
0.606068 0.225951 0.154718 0 0 0
0.607634 0.226140 0.154715 0 0 0
0.609531 0.225423 0.155087 0 0 0
0.611425 0.224791 0.155489 0 0 0
0.612812 0.224820 0.155491 0 0 0
0.614910 0.224254 0.155857 0 0 0
0.616114 0.224321 0.155838 0 0 0
0.618498 0.222820 0.156784 0 0 0
0.619704 0.222881 0.156768 0 0 0
0.621762 0.222233 0.157093 0 0 0
0.623150 0.222333 0.157134 0 0 0
0.625020 0.221709 0.157545 0 0 0
0.626732 0.221013 0.157998 0 0 0
0.628422 0.220324 0.158447 0 0 0
0.630281 0.219694 0.158856 0 0 0
0.631671 0.219707 0.158871 0 0 0
0.633517 0.218974 0.159233 0 0 0
0.635296 0.218353 0.159622 0 0 0
0.636877 0.218533 0.159644 0 0 0
0.638434 0.218622 0.159615 0 0 0
0.640394 0.217968 0.159924 0 0 0
0.641908 0.218155 0.159934 0 0 0
0.643614 0.218423 0.159905 0 0 0
0.645155 0.218507 0.159869 0 0 0
0.647088 0.217846 0.160172 0 0 0
0.648618 0.217921 0.160138 0 0 0
0.650341 0.218082 0.160061 0 0 0
0.651879 0.218241 0.160061 0 0 0
0.653770 0.217513 0.160338 0 0 0
0.655320 0.217670 0.160340 0 0 0
0.656883 0.217751 0.160314 0 0 0
0.658808 0.217098 0.160611 0 0 0
0.660068 0.217167 0.160569 0 0 0
0.662292 0.218419 0.160073 0 0 0
0.663562 0.218483 0.160030 0 0 0
0.665463 0.217742 0.160291 0 0 0
0.667021 0.217906 0.160300 0 0 0
0.668625 0.218077 0.160330 0 0 0
0.670315 0.217458 0.160718 0 0 0
0.671936 0.216542 0.161088 0 0 0
0.673628 0.215927 0.161481 0 0 0
0.675112 0.216098 0.161612 0 0 0
0.676806 0.215380 0.161965 0 0 0
0.678488 0.214680 0.162320 0 0 0
0.679975 0.214838 0.162452 0 0 0
0.681650 0.214128 0.162805 0 0 0
0.683315 0.213420 0.163156 0 0 0
0.684805 0.213579 0.163290 0 0 0
0.686581 0.212980 0.163600 0 0 0
0.687978 0.213042 0.163665 0 0 0
0.689805 0.212416 0.163969 0 0 0
0.691258 0.212475 0.164054 0 0 0
0.693008 0.211868 0.164356 0 0 0
0.694407 0.211919 0.164422 0 0 0
0.696188 0.211195 0.164681 0 0 0
0.697735 0.211343 0.164699 0 0 0
0.699329 0.211499 0.164734 255 0 0
0.701055 0.210875 0.165019 255 0 0
0.702471 0.210851 0.165077 255 0 0
0.704130 0.210187 0.165440 255 0 0
0.705703 0.209454 0.165639 255 0 0
0.707247 0.209672 0.165848 255 0 0
0.708848 0.209940 0.166078 255 0 0
0.710407 0.209115 0.166235 255 0 0
0.712012 0.208350 0.166542 255 0 0
0.713572 0.208403 0.166541 255 0 0
0.715191 0.208571 0.166477 255 0 0
0.716840 0.208824 0.166436 255 0 0
0.718477 0.208984 0.166357 255 0 0
0.720134 0.209117 0.166266 255 0 0
0.721767 0.209163 0.166141 255 0 0
0.723363 0.209324 0.166068 255 0 0
0.725014 0.209577 0.166027 255 0 0
0.726658 0.209748 0.165952 255 0 0
0.728316 0.209988 0.165912 255 0 0
0.729869 0.210067 0.165935 255 0 0
0.731396 0.209436 0.166297 0 0 0
0.732911 0.208614 0.166742 0 0 0
0.734350 0.207880 0.167180 0 0 0
0.735869 0.207181 0.167521 0 0 0
0.737136 0.207372 0.167650 0 0 0
0.739007 0.205614 0.168464 0 0 0
0.740363 0.205857 0.168517 0 0 0
0.741898 0.206068 0.168713 0 0 0
0.743464 0.205485 0.168870 0 0 0
0.744724 0.205670 0.169120 0 0 0
0.746481 0.203729 0.169873 0 0 0
0.747666 0.203032 0.170240 0 0 0
0.749115 0.202414 0.170611 0 0 0
0.750741 0.202572 0.170678 0 0 0
0.752038 0.202779 0.170702 0 0 0
0.753854 0.201008 0.171511 0 0 0
0.755067 0.201120 0.171629 0 0 0
0.756523 0.200533 0.172011 0 0 0
0.757888 0.199789 0.172446 0 0 0
0.759282 0.198956 0.172874 0 0 0
0.760725 0.198359 0.173271 0 0 0
0.762266 0.198325 0.173432 0 0 0
0.763319 0.197928 0.173701 0 0 0
0.571688 0.223485 0.154083 0 0 0
0.573360 0.222742 0.154449 0 0 0
0.575140 0.222146 0.154819 0 0 0
0.576804 0.223051 0.154393 0 0 0
0.578745 0.222424 0.154684 0 0 0
0.580320 0.222537 0.154645 0 0 0
0.581875 0.222720 0.154636 0 0 0
0.583991 0.222055 0.154967 0 0 0
0.585516 0.222147 0.154920 0 0 0
0.587280 0.222314 0.154840 0 0 0
0.588814 0.222494 0.154829 0 0 0
0.590914 0.221723 0.155111 0 0 0
0.592446 0.221816 0.155061 0 0 0
0.594178 0.221972 0.154976 0 0 0
0.595891 0.222130 0.154890 0 0 0
0.597604 0.222288 0.154805 0 0 0
0.599316 0.222446 0.154719 0 0 0
0.601051 0.222609 0.154631 0 0 0
0.602546 0.222782 0.154535 0 0 0
0.604459 0.223892 0.154094 0 0 0
0.606139 0.223193 0.154425 0 0 0
0.608066 0.222466 0.154800 0 0 0
0.609453 0.222578 0.154838 0 0 0
0.611360 0.221851 0.155205 0 0 0
0.613230 0.221236 0.155609 0 0 0
0.614632 0.221344 0.155660 0 0 0
0.616537 0.220620 0.156032 0 0 0
0.618362 0.220010 0.156428 0 0 0
0.619953 0.220204 0.156448 0 0 0
0.621520 0.220383 0.156452 0 0 0
0.623370 0.219662 0.156823 0 0 0
0.625077 0.218859 0.157231 0 0 0
0.626748 0.218265 0.157713 0 0 0
0.628476 0.217470 0.158141 0 0 0
0.630268 0.216855 0.158539 0 0 0
0.631849 0.217040 0.158562 0 0 0
0.633436 0.217229 0.158588 0 0 0
0.635212 0.216607 0.158978 0 0 0
0.637042 0.215759 0.159290 0 0 0
0.638552 0.215859 0.159265 0 0 0
0.640281 0.216202 0.159266 0 0 0
0.641791 0.216296 0.159237 0 0 0
0.643769 0.215518 0.159500 0 0 0
0.645134 0.215522 0.159511 0 0 0
0.647036 0.214980 0.159860 0 0 0
0.648593 0.215164 0.159882 0 0 0
0.650289 0.215332 0.159806 0 0 0
0.651989 0.215502 0.159729 0 0 0
0.653523 0.215664 0.159732 0 0 0
0.655417 0.215028 0.160045 0 0 0
0.656944 0.215105 0.160015 0 0 0
0.658644 0.215355 0.159975 0 0 0
0.660286 0.215517 0.159898 0 0 0
0.661963 0.215568 0.159770 0 0 0
0.663676 0.215717 0.159685 0 0 0
0.665213 0.215870 0.159688 0 0 0
0.667075 0.215147 0.159966 0 0 0
0.668479 0.215220 0.160023 0 0 0
0.670364 0.214704 0.160383 0 0 0
0.671807 0.214792 0.160466 0 0 0
0.673498 0.214169 0.160853 0 0 0
0.675225 0.213369 0.161187 0 0 0
0.676670 0.213512 0.161298 0 0 0
0.678357 0.212809 0.161654 0 0 0
0.680032 0.212096 0.162006 0 0 0
0.681513 0.212251 0.162140 0 0 0
0.683180 0.211541 0.162494 0 0 0
0.684840 0.210831 0.162845 0 0 0
0.686286 0.210966 0.162961 0 0 0
0.687976 0.210163 0.163295 0 0 0
0.689592 0.209556 0.163675 0 0 0
0.691180 0.209720 0.163716 0 0 0
0.692729 0.209862 0.163733 0 0 0
0.694490 0.209173 0.164008 0 0 0
0.695905 0.209302 0.164108 0 0 0
0.697677 0.208575 0.164365 0 0 0
0.699199 0.208628 0.164339 255 0 0
0.700880 0.208868 0.164303 255 0 0
0.702405 0.208972 0.164318 255 0 0
0.704122 0.208469 0.164664 255 0 0
0.705578 0.208633 0.164933 255 0 0
0.707161 0.207803 0.165098 255 0 0
0.708763 0.207077 0.165431 255 0 0
0.710271 0.207221 0.165583 255 0 0
0.711953 0.206613 0.165866 255 0 0
0.713448 0.206691 0.165868 255 0 0
0.714996 0.206823 0.165886 255 0 0
0.716709 0.206088 0.166120 255 0 0
0.718258 0.206124 0.166090 255 0 0
0.719601 0.206263 0.166000 255 0 0
0.721906 0.207448 0.165468 255 0 0
0.723133 0.207564 0.165480 255 0 0
0.724826 0.206868 0.165723 255 0 0
0.726363 0.206994 0.165740 255 0 0
0.728026 0.207145 0.165670 255 0 0
0.729563 0.207181 0.165666 255 0 0
0.731116 0.206582 0.166054 255 0 0
0.732671 0.205993 0.166450 0 0 0
0.734167 0.206018 0.166575 0 0 0
0.735657 0.205416 0.166953 0 0 0
0.737167 0.204602 0.167404 0 0 0
0.738656 0.204112 0.167817 0 0 0
0.740166 0.204151 0.167827 0 0 0
0.741752 0.204173 0.167840 0 0 0
0.743263 0.203525 0.168207 0 0 0
0.744448 0.202850 0.168577 0 0 0
0.746207 0.201056 0.169555 0 0 0
0.747468 0.201264 0.169703 0 0 0
0.748939 0.200671 0.170073 0 0 0
0.750454 0.199832 0.170381 0 0 0
0.751913 0.199746 0.170475 0 0 0
0.753390 0.199383 0.170811 0 0 0
0.754902 0.199434 0.170976 0 0 0
0.756390 0.198814 0.171364 0 0 0
0.757828 0.197937 0.171774 0 0 0
0.759120 0.197115 0.172021 0 0 0
0.760477 0.196509 0.172651 0 0 0
0.761849 0.195641 0.173102 0 0 0
0.763262 0.194864 0.173547 0 0 0
0.764718 0.194176 0.173767 0 0 0
0.765780 0.194233 0.173928 0 0 0
0.568656 0.220378 0.153862 0 0 0
0.569821 0.220446 0.153830 0 0 0
0.572042 0.219878 0.154206 0 0 0
0.573390 0.219924 0.154200 0 0 0
0.575350 0.219398 0.154532 0 0 0
0.577013 0.220195 0.154068 0 0 0
0.578766 0.219609 0.154433 0 0 0
0.580733 0.218882 0.154808 0 0 0
0.582261 0.219066 0.154802 0 0 0
0.584000 0.219242 0.154723 0 0 0
0.585707 0.219402 0.154638 0 0 0
0.587416 0.219560 0.154552 0 0 0
0.589134 0.219728 0.154471 0 0 0
0.590844 0.219978 0.154426 0 0 0
0.592538 0.220151 0.154350 0 0 0
0.594250 0.220308 0.154264 0 0 0
0.595960 0.220466 0.154178 0 0 0
0.597670 0.220623 0.154093 0 0 0
0.599380 0.220781 0.154007 0 0 0
0.601092 0.220939 0.153922 0 0 0
0.602808 0.221080 0.153831 0 0 0
0.604360 0.221085 0.153749 0 0 0
0.606440 0.220522 0.154115 0 0 0
0.607811 0.220644 0.154151 0 0 0
0.609893 0.219998 0.154490 0 0 0
0.611284 0.220109 0.154539 0 0 0
0.613155 0.219378 0.154896 0 0 0
0.615018 0.218661 0.155258 0 0 0
0.616448 0.218872 0.155365 0 0 0
0.618295 0.218260 0.155770 0 0 0
0.620191 0.217411 0.156087 0 0 0
0.621550 0.217430 0.156091 0 0 0
0.623581 0.217000 0.156502 0 0 0
0.624825 0.217161 0.156552 0 0 0
0.627112 0.215465 0.157401 0 0 0
0.628356 0.215705 0.157489 0 0 0
0.630196 0.214991 0.157848 0 0 0
0.632003 0.214270 0.158205 0 0 0
0.633400 0.214367 0.158266 0 0 0
0.635376 0.213745 0.158598 0 0 0
0.636921 0.214007 0.158640 0 0 0
0.638446 0.214109 0.158617 0 0 0
0.640393 0.213348 0.158887 0 0 0
0.641918 0.213526 0.158890 0 0 0
0.643639 0.213789 0.158857 0 0 0
0.645176 0.213901 0.158853 0 0 0
0.646948 0.213256 0.159236 0 0 0
0.648739 0.212519 0.159594 0 0 0
0.650109 0.212508 0.159614 0 0 0
0.652033 0.211962 0.159968 0 0 0
0.653554 0.212036 0.159938 0 0 0
0.655241 0.212196 0.159858 0 0 0
0.656908 0.212352 0.159774 0 0 0
0.658577 0.212505 0.159691 0 0 0
0.660245 0.212659 0.159607 0 0 0
0.661914 0.212813 0.159524 0 0 0
0.663582 0.212967 0.159441 0 0 0
0.665273 0.213129 0.159363 0 0 0
0.666809 0.213280 0.159370 0 0 0
0.668539 0.212458 0.159694 0 0 0
0.670232 0.211846 0.160085 0 0 0
0.671666 0.211923 0.160166 0 0 0
0.673550 0.211296 0.160480 0 0 0
0.674956 0.211338 0.160522 0 0 0
0.676747 0.210619 0.160647 0 0 0
0.678191 0.210804 0.160910 0 0 0
0.679894 0.210170 0.161303 0 0 0
0.681533 0.209388 0.161493 0 0 0
0.683013 0.209651 0.161809 0 0 0
0.684700 0.208956 0.162191 0 0 0
0.686346 0.208249 0.162544 0 0 0
0.687829 0.208414 0.162689 0 0 0
0.689469 0.207702 0.163042 0 0 0
0.691085 0.206982 0.163382 0 0 0
0.692665 0.207140 0.163422 0 0 0
0.694212 0.207293 0.163444 0 0 0
0.695955 0.206700 0.163746 0 0 0
0.697488 0.206851 0.163767 255 0 0
0.699117 0.207026 0.163704 255 0 0
0.700770 0.207165 0.163623 255 0 0
0.702328 0.207217 0.163618 255 0 0
0.703937 0.206463 0.163944 255 0 0
0.705520 0.205758 0.164292 255 0 0
0.707025 0.205910 0.164451 255 0 0
0.708605 0.205203 0.164800 255 0 0
0.710164 0.204502 0.165141 255 0 0
0.711759 0.204737 0.165223 255 0 0
0.713264 0.204804 0.165221 255 0 0
0.714982 0.204067 0.165456 255 0 0
0.716504 0.204202 0.165471 255 0 0
0.718156 0.204385 0.165407 255 0 0
0.719476 0.204530 0.165328 255 0 0
0.721691 0.205518 0.164853 255 0 0
0.723073 0.204867 0.165065 255 0 0
0.724544 0.204955 0.165184 255 0 0
0.726181 0.204284 0.165446 255 0 0
0.727729 0.204406 0.165470 255 0 0
0.729281 0.204448 0.165474 255 0 0
0.730827 0.203842 0.165861 255 0 0
0.732370 0.203147 0.166222 255 0 0
0.733812 0.203156 0.166326 255 0 0
0.735355 0.202561 0.166726 0 0 0
0.736817 0.201842 0.167190 0 0 0
0.738319 0.201153 0.167547 0 0 0
0.739860 0.201268 0.167581 0 0 0
0.741406 0.201302 0.167592 0 0 0
0.742901 0.200710 0.167980 0 0 0
0.744380 0.200005 0.168477 0 0 0
0.745764 0.199383 0.168959 0 0 0
0.747188 0.198437 0.169352 0 0 0
0.748640 0.197812 0.169706 0 0 0
0.750191 0.197986 0.169790 0 0 0
0.751742 0.198146 0.169869 0 0 0
0.753186 0.197399 0.170185 0 0 0
0.754555 0.196540 0.170577 0 0 0
0.756020 0.195939 0.170962 0 0 0
0.757644 0.196147 0.171088 0 0 0
0.758885 0.196448 0.171327 0 0 0
0.760594 0.194549 0.172079 0 0 0
0.761694 0.193970 0.172466 0 0 0
0.763184 0.193363 0.172888 0 0 0
0.764621 0.193424 0.173182 0 0 0
0.766020 0.192782 0.173262 0 0 0
0.767535 0.192694 0.173232 0 0 0
0.769236 0.192907 0.173179 0 0 0
0.770347 0.193016 0.173127 0 0 0
0.566963 0.217384 0.153707 0 0 0
0.568787 0.216729 0.154047 0 0 0
0.570319 0.216910 0.154042 0 0 0
0.572080 0.217086 0.153964 0 0 0
0.573617 0.217185 0.153922 0 0 0
0.575541 0.216670 0.154257 0 0 0
0.577200 0.217472 0.153788 0 0 0
0.579164 0.216959 0.154128 0 0 0
0.580501 0.217082 0.154159 0 0 0
0.582639 0.216418 0.154494 0 0 0
0.584150 0.216508 0.154448 0 0 0
0.585875 0.216663 0.154363 0 0 0
0.587591 0.216811 0.154272 0 0 0
0.589307 0.216870 0.154143 0 0 0
0.590983 0.217027 0.154061 0 0 0
0.592689 0.217280 0.154018 0 0 0
0.594402 0.217448 0.153936 0 0 0
0.596105 0.217606 0.153851 0 0 0
0.597810 0.217763 0.153766 0 0 0
0.599515 0.217920 0.153681 0 0 0
0.601220 0.218077 0.153596 0 0 0
0.602944 0.218233 0.153512 0 0 0
0.604486 0.218324 0.153474 0 0 0
0.606367 0.217692 0.153879 0 0 0
0.608254 0.216975 0.154253 0 0 0
0.609785 0.217160 0.154252 0 0 0
0.611533 0.217340 0.154179 0 0 0
0.613096 0.217525 0.154191 0 0 0
0.614940 0.216905 0.154597 0 0 0
0.616662 0.215995 0.154959 0 0 0
0.618489 0.215383 0.155363 0 0 0
0.620089 0.215667 0.155420 0 0 0
0.621468 0.215831 0.155393 0 0 0
0.623765 0.214108 0.156227 0 0 0
0.625005 0.214258 0.156278 0 0 0
0.626853 0.213760 0.156726 0 0 0
0.628705 0.213043 0.157097 0 0 0
0.630101 0.213137 0.157160 0 0 0
0.631910 0.212412 0.157518 0 0 0
0.633713 0.211693 0.157876 0 0 0
0.635106 0.211885 0.157977 0 0 0
0.637068 0.211256 0.158306 0 0 0
0.638609 0.211344 0.158278 0 0 0
0.640145 0.211507 0.158281 0 0 0
0.642086 0.210767 0.158565 0 0 0
0.643440 0.210850 0.158614 0 0 0
0.645409 0.210313 0.158980 0 0 0
0.646776 0.210319 0.159000 0 0 0
0.648713 0.209679 0.159322 0 0 0
0.650079 0.209763 0.159376 0 0 0
0.651994 0.209136 0.159698 0 0 0
0.653508 0.209303 0.159704 0 0 0
0.655197 0.209466 0.159627 0 0 0
0.656859 0.209619 0.159544 0 0 0
0.658523 0.209773 0.159461 0 0 0
0.660186 0.209926 0.159377 0 0 0
0.661850 0.210079 0.159294 0 0 0
0.663513 0.210233 0.159211 0 0 0
0.665175 0.210386 0.159128 0 0 0
0.666859 0.210548 0.159052 0 0 0
0.668424 0.210717 0.159081 0 0 0
0.670108 0.209990 0.159427 0 0 0
0.671812 0.209256 0.159766 0 0 0
0.673347 0.209443 0.159807 0 0 0
0.675053 0.209732 0.159811 0 0 0
0.676602 0.209902 0.159972 0 0 0
0.678276 0.209081 0.160149 0 0 0
0.679992 0.208464 0.160545 0 0 0
0.681232 0.208691 0.160792 0 0 0
0.683229 0.206760 0.161219 0 0 0
0.684505 0.207064 0.161511 0 0 0
0.686206 0.206384 0.161898 0 0 0
0.687870 0.205642 0.162237 0 0 0
0.689321 0.205716 0.162348 255 0 0
0.690922 0.205102 0.162724 0 0 0
0.692603 0.204355 0.163078 255 0 0
0.694014 0.204335 0.163141 0 0 0
0.695754 0.203806 0.163463 0 0 0
0.697305 0.203873 0.163460 255 0 0
0.698926 0.204040 0.163396 255 0 0
0.700572 0.204296 0.163356 255 0 0
0.702230 0.204466 0.163286 255 0 0
0.703796 0.204619 0.163329 255 0 0
0.705365 0.204015 0.163708 255 0 0
0.706984 0.203208 0.164039 255 0 0
0.708442 0.203335 0.164176 255 0 0
0.710017 0.202624 0.164524 255 0 0
0.711562 0.201905 0.164859 255 0 0
0.713128 0.202072 0.164909 255 0 0
0.714785 0.202336 0.164878 255 0 0
0.716379 0.202507 0.164811 255 0 0
0.718009 0.202656 0.164729 255 0 0
0.719623 0.202793 0.164643 255 0 0
0.721262 0.202844 0.164526 255 0 0
0.722820 0.202958 0.164539 255 0 0
0.724465 0.202379 0.164833 255 0 0
0.725904 0.202390 0.164922 255 0 0
0.727541 0.201702 0.165185 255 0 0
0.728983 0.201719 0.165278 255 0 0
0.730633 0.201245 0.165611 255 0 0
0.732073 0.201261 0.165712 255 0 0
0.733606 0.200563 0.166080 255 0 0
0.735067 0.199846 0.166545 0 0 0
0.736597 0.199256 0.166944 0 0 0
0.738039 0.199263 0.167050 0 0 0
0.739630 0.198682 0.167338 0 0 0
0.741067 0.198588 0.167415 0 0 0
0.742573 0.197977 0.167807 0 0 0
0.744013 0.197145 0.168237 0 0 0
0.745449 0.196562 0.168617 0 0 0
0.746999 0.196694 0.168811 0 0 0
0.748535 0.196104 0.169080 0 0 0
0.749921 0.196013 0.169147 0 0 0
0.751488 0.195378 0.169397 0 0 0
0.752985 0.195425 0.169561 0 0 0
0.754424 0.194962 0.169992 0 0 0
0.755923 0.194223 0.170336 0 0 0
0.757279 0.194132 0.170420 0 0 0
0.758765 0.193534 0.170821 0 0 0
0.760196 0.192833 0.171327 0 0 0
0.761564 0.192047 0.171742 0 0 0
0.762948 0.191313 0.171939 0 0 0
0.764373 0.191374 0.172230 0 0 0
0.765879 0.190877 0.172533 0 0 0
0.767345 0.190776 0.172624 0 0 0
0.768785 0.190068 0.172688 0 0 0
0.770274 0.190186 0.172858 0 0 0
0.771964 0.190346 0.172820 0 0 0
0.773098 0.190416 0.172753 0 0 0
0.563877 0.215264 0.153017 0 0 0
0.565032 0.215335 0.152987 0 0 0
0.567251 0.214695 0.153331 0 0 0
0.568567 0.214910 0.153392 0 0 0
0.570733 0.214258 0.153735 0 0 0
0.572267 0.214357 0.153691 0 0 0
0.573806 0.214457 0.153648 0 0 0
0.575930 0.213887 0.154021 0 0 0
0.577466 0.213979 0.153977 0 0 0
0.578994 0.214075 0.153933 0 0 0
0.581112 0.213411 0.154267 0 0 0
0.582618 0.213606 0.154261 0 0 0
0.584346 0.213775 0.154182 0 0 0
0.586080 0.213925 0.154088 0 0 0
0.587561 0.214003 0.153950 0 0 0
0.589593 0.215186 0.153452 0 0 0
0.590889 0.215294 0.153393 0 0 0
0.593005 0.214622 0.153713 0 0 0
0.594523 0.214716 0.153671 0 0 0
0.596243 0.214872 0.153587 0 0 0
0.597943 0.215028 0.153502 0 0 0
0.599641 0.215187 0.153417 0 0 0
0.601341 0.215352 0.153333 0 0 0
0.603060 0.215508 0.153249 0 0 0
0.604590 0.215602 0.153210 0 0 0
0.606666 0.215050 0.153586 0 0 0
0.608008 0.215156 0.153620 0 0 0
0.610092 0.214380 0.153904 0 0 0
0.611430 0.214400 0.153903 0 0 0
0.613446 0.213846 0.154269 0 0 0
0.615018 0.214056 0.154291 0 0 0
0.616597 0.214256 0.154315 0 0 0
0.618415 0.213635 0.154714 0 0 0
0.620284 0.212808 0.155045 0 0 0
0.621676 0.212911 0.155104 0 0 0
0.623521 0.212292 0.155512 0 0 0
0.625184 0.211600 0.155954 0 0 0
0.626904 0.210799 0.156386 0 0 0
0.628690 0.210183 0.156785 0 0 0
0.630257 0.210380 0.156815 0 0 0
0.631833 0.210573 0.156843 0 0 0
0.633617 0.209960 0.157249 0 0 0
0.635279 0.209153 0.157659 0 0 0
0.637078 0.208532 0.158067 0 0 0
0.638591 0.208609 0.158039 0 0 0
0.640304 0.208769 0.157964 0 0 0
0.641822 0.208934 0.157970 0 0 0
0.643600 0.208217 0.158340 0 0 0
0.645369 0.207500 0.158707 0 0 0
0.646906 0.207675 0.158721 0 0 0
0.648446 0.207851 0.158734 0 0 0
0.650364 0.207226 0.159057 0 0 0
0.651725 0.207308 0.159113 0 0 0
0.653626 0.206673 0.159431 0 0 0
0.655134 0.206742 0.159402 0 0 0
0.656810 0.206893 0.159321 0 0 0
0.658468 0.207046 0.159238 0 0 0
0.660127 0.207198 0.159155 0 0 0
0.661785 0.207351 0.159072 0 0 0
0.663443 0.207504 0.158990 0 0 0
0.665101 0.207657 0.158907 0 0 0
0.666758 0.207810 0.158824 0 0 0
0.668436 0.207971 0.158748 0 0 0
0.669996 0.208136 0.158774 0 0 0
0.671803 0.207522 0.159084 0 0 0
0.673174 0.207585 0.159141 0 0 0
0.675027 0.206854 0.159413 0 0 0
0.676565 0.207018 0.159429 0 0 0
0.678148 0.207181 0.159465 0 0 0
0.679800 0.206459 0.159812 0 0 0
0.681514 0.205784 0.160202 0 0 0
0.682784 0.206093 0.160494 0 0 0
0.684822 0.204264 0.161127 0 0 0
0.686035 0.204401 0.161204 0 0 0
0.687787 0.203908 0.161546 0 0 0
0.689236 0.203990 0.161658 255 0 0
0.690924 0.203266 0.162026 255 0 0
0.692522 0.202763 0.162442 255 0 0
0.693970 0.202759 0.162525 255 0 0
0.695727 0.202087 0.162795 255 0 0
0.697208 0.202170 0.162792 255 0 0
0.698742 0.202313 0.162810 255 0 0
0.700510 0.201566 0.163052 255 0 0
0.702000 0.201629 0.163043 255 0 0
0.703547 0.201764 0.163069 255 0 0
0.705269 0.201185 0.163378 255 0 0
0.706684 0.201318 0.163493 255 0 0
0.708406 0.200739 0.163807 255 0 0
0.709859 0.200785 0.163918 255 0 0
0.711413 0.200179 0.164300 255 0 0
0.713023 0.199337 0.164608 255 0 0
0.714522 0.199361 0.164586 255 0 0
0.716156 0.199494 0.164504 255 0 0
0.717777 0.199643 0.164423 255 0 0
0.719367 0.199825 0.164361 255 0 0
0.721017 0.200080 0.164326 255 0 0
0.722547 0.200132 0.164324 255 0 0
0.724180 0.199648 0.164641 255 0 0
0.725720 0.199693 0.164643 255 0 0
0.727260 0.199816 0.164675 255 0 0
0.728798 0.199136 0.165037 255 0 0
0.730351 0.198530 0.165431 255 0 0
0.731769 0.198449 0.165508 255 0 0
0.733312 0.197851 0.165909 255 0 0
0.734771 0.197135 0.166378 255 0 0
0.736284 0.196528 0.166772 255 0 0
0.737713 0.196434 0.166849 0 0 0
0.739300 0.195853 0.167138 0 0 0
0.740743 0.195863 0.167245 0 0 0
0.742334 0.195405 0.167573 0 0 0
0.743819 0.195427 0.167710 0 0 0
0.745265 0.194712 0.168045 0 0 0
0.746730 0.193968 0.168359 0 0 0
0.748297 0.194085 0.168418 0 0 0
0.749816 0.194174 0.168468 0 0 0
0.751324 0.193690 0.168751 0 0 0
0.752525 0.193819 0.168870 0 0 0
0.754334 0.192064 0.169696 0 0 0
0.755654 0.192366 0.169752 0 0 0
0.756904 0.192536 0.169765 0 0 0
0.758722 0.190710 0.170560 0 0 0
0.759914 0.190826 0.170684 0 0 0
0.761398 0.190412 0.171021 0 0 0
0.762866 0.190539 0.171347 0 0 0
0.764292 0.189746 0.171532 0 0 0
0.765680 0.189070 0.171836 0 0 0
0.767255 0.189145 0.171917 0 0 0
0.768767 0.189258 0.172084 0 0 0
0.770145 0.188515 0.171997 0 0 0
0.771651 0.188633 0.172152 0 0 0
0.773276 0.188855 0.172136 0 0 0
0.774382 0.188951 0.172079 0 0 0
0.560697 0.212111 0.152863 0 0 0
0.562019 0.212242 0.152801 0 0 0
0.563764 0.212510 0.152758 0 0 0
0.565508 0.212691 0.152682 0 0 0
0.567017 0.212873 0.152675 0 0 0
0.568994 0.212039 0.153004 0 0 0
0.570921 0.211422 0.153409 0 0 0
0.572471 0.211619 0.153421 0 0 0
0.574010 0.211730 0.153385 0 0 0
0.576132 0.211166 0.153759 0 0 0
0.577637 0.211265 0.153716 0 0 0
0.579385 0.211432 0.153638 0 0 0
0.580888 0.211616 0.153631 0 0 0
0.583005 0.210833 0.153914 0 0 0
0.584530 0.210930 0.153863 0 0 0
0.586020 0.211100 0.153768 0 0 0
0.588025 0.212286 0.153270 0 0 0
0.589525 0.212364 0.153133 0 0 0
0.591078 0.212453 0.153084 0 0 0
0.593153 0.211893 0.153454 0 0 0
0.594666 0.211988 0.153414 0 0 0
0.596381 0.212143 0.153330 0 0 0
0.598097 0.212298 0.153247 0 0 0
0.599607 0.212384 0.153205 0 0 0
0.601668 0.211823 0.153575 0 0 0
0.603183 0.211916 0.153536 0 0 0
0.604896 0.212072 0.153453 0 0 0
0.606587 0.212236 0.153370 0 0 0
0.608283 0.212406 0.153289 0 0 0
0.609996 0.212667 0.153251 0 0 0
0.611529 0.212772 0.153235 0 0 0
0.613379 0.212133 0.153628 0 0 0
0.615262 0.211400 0.153996 0 0 0
0.616617 0.211416 0.154005 0 0 0
0.618660 0.210776 0.154343 0 0 0
0.620010 0.210971 0.154420 0 0 0
0.622068 0.210352 0.154763 0 0 0
0.623262 0.210496 0.154799 0 0 0
0.625558 0.208810 0.155660 0 0 0
0.626785 0.209059 0.155754 0 0 0
0.628614 0.208456 0.156165 0 0 0
0.630292 0.207530 0.156530 0 0 0
0.632090 0.206908 0.156935 0 0 0
0.633475 0.207022 0.157012 0 0 0
0.635295 0.206419 0.157429 0 0 0
0.637108 0.205680 0.157789 0 0 0
0.638588 0.205771 0.157766 0 0 0
0.640294 0.206023 0.157730 0 0 0
0.641810 0.206112 0.157705 0 0 0
0.643754 0.205585 0.158069 0 0 0
0.645104 0.205676 0.158125 0 0 0
0.647042 0.205038 0.158450 0 0 0
0.648396 0.205040 0.158474 0 0 0
0.650336 0.204499 0.158835 0 0 0
0.651681 0.204496 0.158860 0 0 0
0.653596 0.203957 0.159216 0 0 0
0.655088 0.204023 0.159188 0 0 0
0.656761 0.204173 0.159107 0 0 0
0.658414 0.204325 0.159024 0 0 0
0.660067 0.204477 0.158942 0 0 0
0.661720 0.204630 0.158859 0 0 0
0.663373 0.204782 0.158776 0 0 0
0.665026 0.204934 0.158694 0 0 0
0.666679 0.205087 0.158611 0 0 0
0.668331 0.205239 0.158528 0 0 0
0.670008 0.205399 0.158452 0 0 0
0.671527 0.205549 0.158461 0 0 0
0.673368 0.204946 0.158781 0 0 0
0.674750 0.205008 0.158845 0 0 0
0.676591 0.204255 0.159108 0 0 0
0.678090 0.204343 0.159098 0 0 0
0.679677 0.204602 0.159174 0 0 0
0.681323 0.203891 0.159530 0 0 0
0.682893 0.203073 0.159946 0 0 0
0.684539 0.202595 0.160402 0 0 0
0.685978 0.202681 0.160518 0 0 0
0.687644 0.201933 0.160860 0 0 0
0.689309 0.201347 0.161256 255 0 0
0.690528 0.201469 0.161336 255 0 0
0.692550 0.199751 0.162186 255 0 0
0.693855 0.199975 0.162195 255 0 0
0.695560 0.200236 0.162162 255 0 0
0.697034 0.200302 0.162150 255 0 0
0.698807 0.199552 0.162392 255 0 0
0.700331 0.199694 0.162410 255 0 0
0.701815 0.199775 0.162412 255 0 0
0.703522 0.199165 0.162701 255 0 0
0.704967 0.199302 0.162837 255 0 0
0.706583 0.198499 0.163173 255 0 0
0.708171 0.197843 0.163537 255 0 0
0.709584 0.197812 0.163616 255 0 0
0.711264 0.197307 0.163935 255 0 0
0.712823 0.197474 0.163982 255 0 0
0.714399 0.197676 0.163937 255 0 0
0.716030 0.197936 0.163901 255 0 0
0.717667 0.198091 0.163827 255 0 0
0.719170 0.198116 0.163804 255 0 0
0.720872 0.197347 0.164033 255 0 0
0.722259 0.197283 0.164088 255 0 0
0.723862 0.196795 0.164406 255 0 0
0.725475 0.196961 0.164459 255 0 0
0.726711 0.197063 0.164426 255 0 0
0.728651 0.195438 0.165324 255 0 0
0.729826 0.195536 0.165410 255 0 0
0.731404 0.194831 0.165773 255 0 0
0.732887 0.194235 0.166151 255 0 0
0.734365 0.194271 0.166286 255 0 0
0.735946 0.193714 0.166577 255 0 0
0.737482 0.193848 0.166615 255 0 0
0.739014 0.193967 0.166655 0 0 0
0.740506 0.193168 0.166976 0 0 0
0.741974 0.192524 0.167324 0 0 0
0.743528 0.192560 0.167350 0 0 0
0.745085 0.192719 0.167425 0 0 0
0.746540 0.192277 0.167720 0 0 0
0.748093 0.192428 0.167792 0 0 0
0.749656 0.192466 0.167824 0 0 0
0.751085 0.191829 0.168175 0 0 0
0.752529 0.190893 0.168604 0 0 0
0.753841 0.190254 0.169055 0 0 0
0.755305 0.189530 0.169411 0 0 0
0.756802 0.189470 0.169551 0 0 0
0.758237 0.189122 0.169887 0 0 0
0.759729 0.189159 0.170060 0 0 0
0.761155 0.188410 0.170380 0 0 0
0.762562 0.187677 0.170699 0 0 0
0.764102 0.187660 0.170846 0 0 0
0.765514 0.187080 0.170921 0 0 0
0.766972 0.187104 0.170938 0 0 0
0.768560 0.187424 0.171129 0 0 0
0.770132 0.187682 0.171386 0 0 0
0.771555 0.187044 0.171464 0 0 0
0.772640 0.187118 0.171509 0 0 0
0.560833 0.210373 0.152123 0 0 0
0.561963 0.210523 0.152125 0 0 0
0.564183 0.209755 0.152418 0 0 0
0.565676 0.209947 0.152410 0 0 0
0.567435 0.210130 0.152338 0 0 0
0.568964 0.210334 0.152349 0 0 0
0.570899 0.209717 0.152760 0 0 0
0.572877 0.208883 0.153091 0 0 0
0.574182 0.208998 0.153120 0 0 0
0.576332 0.208353 0.153466 0 0 0
0.577824 0.208534 0.153458 0 0 0
0.579545 0.208702 0.153379 0 0 0
0.581245 0.208869 0.153299 0 0 0
0.582936 0.209124 0.153258 0 0 0
0.584613 0.209298 0.153183 0 0 0
0.586293 0.209436 0.153091 0 0 0
0.587994 0.209492 0.152962 0 0 0
0.589719 0.209636 0.152873 0 0 0
0.591228 0.209730 0.152833 0 0 0
0.593302 0.209173 0.153205 0 0 0
0.594808 0.209267 0.153165 0 0 0
0.596519 0.209421 0.153082 0 0 0
0.598227 0.209578 0.152999 0 0 0
0.599739 0.209678 0.152962 0 0 0
0.601799 0.209120 0.153333 0 0 0
0.603298 0.209205 0.153293 0 0 0
0.605006 0.209359 0.153209 0 0 0
0.606714 0.209513 0.153126 0 0 0
0.608238 0.209590 0.153091 0 0 0
0.610038 0.209084 0.153425 0 0 0
0.611822 0.209874 0.152958 0 0 0
0.613458 0.209308 0.153337 0 0 0
0.615322 0.208680 0.153752 0 0 0
0.616866 0.208775 0.153725 0 0 0
0.618402 0.208945 0.153729 0 0 0
0.620244 0.208231 0.154105 0 0 0
0.622094 0.207613 0.154520 0 0 0
0.623479 0.207632 0.154553 0 0 0
0.625300 0.207121 0.155005 0 0 0
0.626978 0.206324 0.155421 0 0 0
0.628820 0.205716 0.155844 0 0 0
0.630201 0.205827 0.155919 0 0 0
0.631993 0.205210 0.156327 0 0 0
0.633655 0.204404 0.156741 0 0 0
0.635453 0.203695 0.157120 0 0 0
0.636981 0.203963 0.157171 0 0 0
0.638483 0.204069 0.157154 0 0 0
0.640446 0.203399 0.157465 0 0 0
0.641786 0.203400 0.157486 0 0 0
0.643740 0.202856 0.157849 0 0 0
0.645088 0.202853 0.157877 0 0 0
0.646865 0.202232 0.158287 0 0 0
0.648651 0.201616 0.158701 0 0 0
0.649990 0.201610 0.158731 0 0 0
0.651903 0.201076 0.159088 0 0 0
0.653399 0.201155 0.159063 0 0 0
0.655063 0.201307 0.158984 0 0 0
0.656712 0.201459 0.158901 0 0 0
0.658359 0.201611 0.158819 0 0 0
0.660007 0.201763 0.158736 0 0 0
0.661655 0.201915 0.158654 0 0 0
0.663303 0.202066 0.158571 0 0 0
0.664951 0.202218 0.158489 0 0 0
0.666599 0.202370 0.158406 0 0 0
0.668247 0.202522 0.158324 0 0 0
0.669911 0.202671 0.158244 0 0 0
0.671424 0.202730 0.158221 0 0 0
0.673236 0.202111 0.158530 0 0 0
0.674753 0.202281 0.158547 0 0 0
0.676449 0.202545 0.158517 0 0 0
0.677930 0.202621 0.158500 0 0 0
0.679759 0.201882 0.158769 0 0 0
0.681184 0.202048 0.158895 0 0 0
0.682866 0.201465 0.159325 0 0 0
0.684397 0.200624 0.159718 0 0 0
0.686057 0.199922 0.160079 0 0 0
0.687282 0.200148 0.160195 255 0 0
0.689329 0.198441 0.161059 255 0 0
0.690547 0.198568 0.161145 255 0 0
0.692203 0.197969 0.161541 255 0 0
0.693791 0.197260 0.161885 255 0 0
0.695333 0.197413 0.161926 255 0 0
0.696984 0.197583 0.161858 255 0 0
0.698620 0.197841 0.161819 255 0 0
0.700228 0.198008 0.161756 255 0 0
0.701773 0.198061 0.161758 255 0 0
0.703364 0.197312 0.162087 255 0 0
0.704967 0.196556 0.162418 255 0 0
0.706416 0.196655 0.162555 255 0 0
0.708065 0.196276 0.162929 255 0 0
0.709518 0.196263 0.163024 255 0 0
0.711212 0.195595 0.163285 255 0 0
0.712678 0.195664 0.163287 255 0 0
0.714208 0.195793 0.163311 255 0 0
0.715887 0.195100 0.163564 255 0 0
0.717389 0.195225 0.163583 255 0 0
0.719029 0.195393 0.163514 255 0 0
0.720668 0.195649 0.163482 255 0 0
0.722184 0.195734 0.163513 255 0 0
0.723715 0.195096 0.163875 255 0 0
0.725267 0.194381 0.164233 255 0 0
0.726719 0.194312 0.164328 255 0 0
0.728233 0.193815 0.164748 255 0 0
0.729763 0.193017 0.165081 255 0 0
0.731231 0.193143 0.165247 255 0 0
0.732714 0.192544 0.165628 255 0 0
0.734238 0.191740 0.165958 255 0 0
0.735657 0.191827 0.166089 255 0 0
0.737262 0.191119 0.166330 255 0 0
0.738770 0.191138 0.166324 255 0 0
0.740328 0.191308 0.166399 0 0 0
0.741799 0.190858 0.166696 0 0 0
0.743347 0.191020 0.166771 0 0 0
0.744903 0.191046 0.166795 0 0 0
0.746362 0.190288 0.167109 0 0 0
0.747785 0.189586 0.167446 0 0 0
0.749266 0.189586 0.167587 0 0 0
0.750799 0.189053 0.167886 0 0 0
0.752288 0.189151 0.168062 0 0 0
0.753744 0.188466 0.168431 0 0 0
0.755145 0.187823 0.168771 0 0 0
0.756595 0.187778 0.168914 0 0 0
0.757985 0.187121 0.169249 0 0 0
0.759451 0.186409 0.169605 0 0 0
0.760948 0.186439 0.169781 0 0 0
0.762360 0.185966 0.170057 0 0 0
0.763928 0.186052 0.170130 0 0 0
0.765478 0.186335 0.170277 0 0 0
0.766961 0.186422 0.170338 0 0 0
0.768358 0.185612 0.170451 0 0 0
0.769770 0.184890 0.170754 0 0 0
0.770901 0.185082 0.170873 0 0 0
0.557703 0.207321 0.152017 0 0 0
0.558819 0.207471 0.151933 0 0 0
0.560654 0.208452 0.151438 0 0 0
0.562648 0.207847 0.151752 0 0 0
0.563942 0.207968 0.151779 0 0 0
0.566150 0.207178 0.152071 0 0 0
0.567453 0.207200 0.152050 0 0 0
0.569550 0.206548 0.152238 0 0 0
0.571114 0.206761 0.152386 0 0 0
0.572641 0.206964 0.152405 0 0 0
0.574783 0.206306 0.152740 0 0 0
0.576091 0.206432 0.152780 0 0 0
0.578213 0.205768 0.153111 0 0 0
0.579709 0.205884 0.153087 0 0 0
0.581414 0.206133 0.153046 0 0 0
0.583109 0.206298 0.152966 0 0 0
0.584795 0.206454 0.152881 0 0 0
0.586480 0.206612 0.152797 0 0 0
0.588167 0.206777 0.152714 0 0 0
0.589874 0.206932 0.152631 0 0 0
0.591376 0.207024 0.152590 0 0 0
0.593479 0.206340 0.152915 0 0 0
0.594940 0.206435 0.152876 0 0 0
0.596670 0.206691 0.152839 0 0 0
0.598173 0.206785 0.152802 0 0 0
0.600231 0.206125 0.153134 0 0 0
0.601727 0.206318 0.153134 0 0 0
0.603437 0.206487 0.153057 0 0 0
0.605118 0.206642 0.152973 0 0 0
0.606818 0.206799 0.152891 0 0 0
0.608327 0.206896 0.152855 0 0 0
0.610359 0.206350 0.153226 0 0 0
0.611872 0.206418 0.153189 0 0 0
0.613403 0.206516 0.153156 0 0 0
0.615419 0.205968 0.153525 0 0 0
0.616931 0.206049 0.153490 0 0 0
0.618467 0.206137 0.153461 0 0 0
0.620314 0.205517 0.153877 0 0 0
0.622154 0.204794 0.154253 0 0 0
0.623497 0.204893 0.154307 0 0 0
0.625353 0.204286 0.154734 0 0 0
0.627020 0.203608 0.155197 0 0 0
0.628856 0.202991 0.155617 0 0 0
0.630199 0.202994 0.155642 0 0 0
0.632024 0.202380 0.156059 0 0 0
0.633847 0.201782 0.156480 0 0 0
0.635181 0.201873 0.156538 0 0 0
0.637152 0.201229 0.156867 0 0 0
0.638485 0.201230 0.156888 0 0 0
0.640448 0.200687 0.157253 0 0 0
0.641782 0.200690 0.157278 0 0 0
0.643734 0.200150 0.157642 0 0 0
0.645073 0.200146 0.157672 0 0 0
0.646853 0.199528 0.158085 0 0 0
0.648621 0.198814 0.158462 0 0 0
0.649956 0.198894 0.158524 0 0 0
0.651887 0.198240 0.158836 0 0 0
0.653343 0.198330 0.158816 0 0 0
0.655012 0.198588 0.158781 0 0 0
0.656663 0.198753 0.158703 0 0 0
0.658305 0.198904 0.158621 0 0 0
0.659947 0.199055 0.158539 0 0 0
0.661590 0.199207 0.158457 0 0 0
0.663233 0.199358 0.158375 0 0 0
0.664875 0.199510 0.158292 0 0 0
0.666518 0.199660 0.158210 0 0 0
0.668161 0.199811 0.158128 0 0 0
0.669802 0.199963 0.158046 0 0 0
0.671470 0.200124 0.157971 0 0 0
0.672975 0.200277 0.157982 0 0 0
0.674802 0.199522 0.158241 0 0 0
0.676270 0.199601 0.158224 0 0 0
0.677962 0.199866 0.158195 0 0 0
0.679479 0.200024 0.158214 0 0 0
0.681150 0.199199 0.158542 0 0 0
0.682801 0.198717 0.158983 0 0 0
0.684261 0.198798 0.159106 0 0 0
0.685884 0.198199 0.159507 255 0 0
0.687471 0.197384 0.159959 255 0 0
0.688978 0.196674 0.160408 255 0 0
0.690587 0.195966 0.160768 255 0 0
0.692050 0.196127 0.160926 255 0 0
0.693684 0.195394 0.161269 255 0 0
0.695255 0.194563 0.161425 255 0 0
0.696756 0.194703 0.161583 255 0 0
0.698430 0.194868 0.161536 255 0 0
0.700046 0.195008 0.161453 255 0 0
0.701652 0.195198 0.161399 255 0 0
0.703223 0.195470 0.161487 255 0 0
0.704926 0.195001 0.161824 255 0 0
0.706066 0.195033 0.161865 255 0 0
0.708055 0.193265 0.162696 255 0 0
0.709338 0.193491 0.162710 255 0 0
0.711028 0.193754 0.162680 255 0 0
0.712490 0.193812 0.162674 255 0 0
0.714219 0.193062 0.162916 255 0 0
0.715587 0.193096 0.163001 255 0 0
0.717230 0.192484 0.163277 255 0 0
0.718770 0.192536 0.163285 255 0 0
0.720372 0.192706 0.163231 255 0 0
0.721890 0.192834 0.163267 255 0 0
0.723444 0.192141 0.163629 255 0 0
0.724977 0.191492 0.163993 255 0 0
0.726397 0.191446 0.164088 255 0 0
0.727988 0.190977 0.164417 255 0 0
0.729455 0.191117 0.164583 255 0 0
0.730984 0.190430 0.164957 255 0 0
0.732508 0.189751 0.165330 255 0 0
0.733924 0.189840 0.165465 255 0 0
0.735505 0.189199 0.165732 255 0 0
0.737030 0.189423 0.165800 255 0 0
0.738616 0.189609 0.165756 255 0 0
0.740151 0.189629 0.165769 255 0 0
0.741620 0.188870 0.166083 255 0 0
0.743078 0.188136 0.166402 255 0 0
0.744590 0.188211 0.166451 0 0 0
0.746180 0.188442 0.166559 0 0 0
0.747595 0.187757 0.166897 0 0 0
0.749056 0.187009 0.167221 0 0 0
0.750495 0.187016 0.167360 0 0 0
0.751963 0.186477 0.167645 0 0 0
0.753517 0.186590 0.167845 0 0 0
0.754975 0.186047 0.168126 0 0 0
0.756420 0.186059 0.168275 0 0 0
0.757900 0.185341 0.168635 0 0 0
0.759242 0.184749 0.168987 0 0 0
0.760738 0.184775 0.169163 0 0 0
0.762228 0.184162 0.169402 0 0 0
0.763702 0.184171 0.169410 0 0 0
0.765222 0.184136 0.169395 0 0 0
0.766676 0.183441 0.169465 0 0 0
0.768160 0.183554 0.169808 0 0 0
0.769157 0.183315 0.170135 0 0 0
0.556249 0.204454 0.151858 0 0 0
0.557564 0.204585 0.151793 0 0 0
0.559300 0.204745 0.151706 0 0 0
0.560994 0.204893 0.151620 0 0 0
0.562684 0.205057 0.151537 0 0 0
0.564384 0.205226 0.151457 0 0 0
0.566073 0.205486 0.151418 0 0 0
0.567787 0.205667 0.151366 0 0 0
0.569324 0.205849 0.151501 0 0 0
0.571423 0.205074 0.151637 0 0 0
0.572745 0.205104 0.151630 0 0 0
0.574871 0.204557 0.152008 0 0 0
0.576199 0.204691 0.152062 0 0 0
0.578364 0.204018 0.152392 0 0 0
0.579643 0.204055 0.152385 0 0 0
0.581753 0.203380 0.152710 0 0 0
0.583259 0.203579 0.152722 0 0 0
0.584992 0.203746 0.152647 0 0 0
0.586474 0.203832 0.152606 0 0 0
0.588568 0.203272 0.152982 0 0 0
0.590083 0.203371 0.152941 0 0 0
0.591537 0.203542 0.152846 0 0 0
0.593612 0.204634 0.152294 0 0 0
0.594855 0.204747 0.152245 0 0 0
0.596966 0.204071 0.152567 0 0 0
0.598477 0.204167 0.152532 0 0 0
0.599994 0.204357 0.152534 0 0 0
0.602045 0.203711 0.152868 0 0 0
0.603529 0.203792 0.152828 0 0 0
0.605249 0.203943 0.152747 0 0 0
0.606745 0.204020 0.152712 0 0 0
0.608640 0.203384 0.153136 0 0 0
0.610269 0.202816 0.153507 0 0 0
0.612022 0.203587 0.153046 0 0 0
0.613804 0.203091 0.153378 0 0 0
0.615341 0.203179 0.153350 0 0 0
0.616850 0.203258 0.153317 0 0 0
0.618854 0.202711 0.153685 0 0 0
0.620379 0.202815 0.153659 0 0 0
0.621900 0.202989 0.153668 0 0 0
0.623728 0.202271 0.154049 0 0 0
0.625396 0.201581 0.154514 0 0 0
0.627071 0.200775 0.154936 0 0 0
0.628862 0.200170 0.155348 0 0 0
0.630225 0.200268 0.155423 0 0 0
0.632057 0.199543 0.155801 0 0 0
0.633827 0.198936 0.156206 0 0 0
0.635187 0.199042 0.156285 0 0 0
0.637158 0.198412 0.156621 0 0 0
0.638482 0.198512 0.156680 0 0 0
0.640451 0.197986 0.157052 0 0 0
0.641776 0.197984 0.157077 0 0 0
0.643721 0.197339 0.157404 0 0 0
0.645046 0.197427 0.157464 0 0 0
0.646991 0.196813 0.157801 0 0 0
0.648320 0.196994 0.157897 0 0 0
0.650228 0.196279 0.158191 0 0 0
0.651739 0.196549 0.158245 0 0 0
0.653218 0.196645 0.158233 0 0 0
0.655128 0.195844 0.158481 0 0 0
0.656604 0.195903 0.158447 0 0 0
0.658232 0.196075 0.158382 0 0 0
0.659899 0.196322 0.158336 0 0 0
0.661547 0.196366 0.158208 0 0 0
0.663170 0.196499 0.158120 0 0 0
0.664784 0.196679 0.158054 0 0 0
0.666431 0.196943 0.158017 0 0 0
0.668076 0.197107 0.157940 0 0 0
0.669712 0.197258 0.157858 0 0 0
0.671348 0.197409 0.157777 0 0 0
0.672993 0.197572 0.157699 0 0 0
0.674658 0.197828 0.157663 0 0 0
0.676129 0.197910 0.157650 0 0 0
0.677947 0.197262 0.157945 0 0 0
0.679490 0.197340 0.157931 0 0 0
0.680816 0.197569 0.157943 0 0 0
0.682903 0.195843 0.158813 0 0 0
0.684036 0.195947 0.158862 0 0 0
0.685749 0.195237 0.159233 255 0 0
0.687366 0.194658 0.159636 255 0 0
0.688828 0.194828 0.159798 255 0 0
0.690441 0.194130 0.160160 255 0 0
0.692059 0.193398 0.160498 255 0 0
0.693646 0.193573 0.160575 255 0 0
0.695127 0.193777 0.160761 255 0 0
0.696791 0.193135 0.160889 255 0 0
0.698304 0.193211 0.160890 255 0 0
0.699960 0.193457 0.160859 255 0 0
0.701453 0.193497 0.160840 255 0 0
0.703083 0.192632 0.161151 255 0 0
0.704634 0.192036 0.161540 255 0 0
0.706107 0.192096 0.161680 255 0 0
0.707676 0.191498 0.162074 255 0 0
0.709235 0.190755 0.162401 255 0 0
0.710762 0.190804 0.162410 255 0 0
0.712356 0.190991 0.162356 255 0 0
0.714008 0.191354 0.162364 255 0 0
0.715516 0.191441 0.162389 0 0 0
0.717173 0.190804 0.162649 255 0 0
0.718659 0.190846 0.162642 255 0 0
0.720151 0.190884 0.162636 255 0 0
0.721810 0.190221 0.162892 255 0 0
0.723267 0.190313 0.163042 255 0 0
0.724841 0.189952 0.163407 255 0 0
0.726303 0.189929 0.163527 255 0 0
0.727812 0.189277 0.163894 255 0 0
0.729264 0.188320 0.164286 255 0 0
0.730768 0.187692 0.164659 255 0 0
0.732188 0.187730 0.164789 255 0 0
0.733776 0.187121 0.165065 255 0 0
0.735203 0.187162 0.165195 255 0 0
0.736761 0.186567 0.165462 255 0 0
0.738260 0.186641 0.165497 255 0 0
0.739892 0.186897 0.165474 255 0 0
0.741454 0.187047 0.165536 255 0 0
0.742985 0.186451 0.165799 255 0 0
0.744340 0.186377 0.165874 0 0 0
0.745913 0.185736 0.166128 0 0 0
0.747404 0.185779 0.166290 0 0 0
0.748851 0.185325 0.166597 0 0 0
0.750341 0.185375 0.166771 0 0 0
0.751787 0.184628 0.167099 0 0 0
0.753183 0.183923 0.167435 0 0 0
0.754670 0.184022 0.167617 0 0 0
0.756172 0.183499 0.167914 0 0 0
0.757648 0.183483 0.168065 0 0 0
0.759027 0.182768 0.168398 0 0 0
0.760426 0.182040 0.168714 0 0 0
0.761973 0.182164 0.168781 0 0 0
0.763510 0.182331 0.168727 0 0 0
0.765149 0.182503 0.168693 0 0 0
0.766634 0.182662 0.168898 0 0 0
0.767630 0.182290 0.169057 0 0 0
0.553140 0.201442 0.151786 0 0 0
0.554446 0.201564 0.151721 0 0 0
0.556179 0.201734 0.151635 0 0 0
0.557865 0.201891 0.151551 0 0 0
0.559552 0.202046 0.151466 0 0 0
0.561239 0.202202 0.151382 0 0 0
0.562925 0.202357 0.151298 0 0 0
0.564612 0.202512 0.151213 0 0 0
0.566299 0.202667 0.151129 0 0 0
0.567984 0.202823 0.151045 0 0 0
0.569680 0.202990 0.150965 0 0 0
0.571384 0.203238 0.150923 0 0 0
0.572884 0.203349 0.150901 0 0 0
0.574822 0.202601 0.151257 0 0 0
0.576739 0.201894 0.151630 0 0 0
0.578270 0.202183 0.151686 0 0 0
0.579798 0.202310 0.151676 0 0 0
0.581704 0.201690 0.152082 0 0 0
0.583625 0.200847 0.152410 0 0 0
0.585130 0.201045 0.152415 0 0 0
0.586650 0.201151 0.152383 0 0 0
0.588741 0.200593 0.152761 0 0 0
0.590212 0.200677 0.152721 0 0 0
0.591908 0.200828 0.152638 0 0 0
0.593582 0.200973 0.152553 0 0 0
0.595256 0.201130 0.152470 0 0 0
0.596952 0.201301 0.152389 0 0 0
0.598438 0.201382 0.152354 0 0 0
0.600328 0.200766 0.152776 0 0 0
0.602211 0.200151 0.153196 0 0 0
0.603691 0.200228 0.153161 0 0 0
0.605381 0.200383 0.153079 0 0 0
0.607070 0.200546 0.152998 0 0 0
0.608582 0.200637 0.152969 0 0 0
0.610365 0.200143 0.153303 0 0 0
0.612106 0.200915 0.152839 0 0 0
0.613899 0.200411 0.153167 0 0 0
0.615415 0.200491 0.153137 0 0 0
0.616931 0.200574 0.153106 0 0 0
0.618934 0.200026 0.153476 0 0 0
0.620432 0.200101 0.153443 0 0 0
0.621953 0.200178 0.153417 0 0 0
0.623775 0.199566 0.153833 0 0 0
0.625608 0.198866 0.154222 0 0 0
0.626967 0.199067 0.154333 0 0 0
0.628767 0.198348 0.154700 0 0 0
0.630564 0.197751 0.155113 0 0 0
0.631957 0.197866 0.155210 0 0 0
0.633725 0.197260 0.155620 0 0 0
0.635544 0.196539 0.155996 0 0 0
0.636866 0.196621 0.156057 0 0 0
0.638667 0.195777 0.156390 0 0 0
0.640416 0.195148 0.156779 0 0 0
0.641928 0.195257 0.156787 0 0 0
0.643437 0.195534 0.156844 0 0 0
0.645367 0.194923 0.157179 0 0 0
0.646687 0.195010 0.157241 0 0 0
0.648619 0.194385 0.157574 0 0 0
0.649941 0.194467 0.157636 0 0 0
0.651834 0.193835 0.157958 0 0 0
0.653319 0.193913 0.157938 0 0 0
0.654981 0.194173 0.157904 0 0 0
0.656609 0.194347 0.157839 0 0 0
0.658108 0.194392 0.157810 0 0 0
0.659717 0.193634 0.158029 0 0 0
0.661745 0.194800 0.157601 0 0 0
0.663119 0.194956 0.157517 0 0 0
0.664634 0.195019 0.157484 0 0 0
0.666496 0.194360 0.157783 0 0 0
0.667969 0.194413 0.157758 0 0 0
0.669621 0.194560 0.157679 0 0 0
0.671253 0.194710 0.157597 0 0 0
0.672886 0.194860 0.157516 0 0 0
0.674535 0.195007 0.157437 0 0 0
0.676033 0.195068 0.157420 0 0 0
0.677847 0.194551 0.157769 0 0 0
0.679198 0.194514 0.157810 0 0 0
0.681022 0.193900 0.158134 0 0 0
0.682399 0.194072 0.158248 0 0 0
0.684197 0.193486 0.158576 255 0 0
0.685605 0.193555 0.158679 255 0 0
0.687224 0.192823 0.159030 255 0 0
0.688863 0.192083 0.159375 255 0 0
0.690318 0.192144 0.159482 255 0 0
0.691980 0.191524 0.159631 255 0 0
0.693479 0.191695 0.159799 255 0 0
0.695042 0.191786 0.159839 255 0 0
0.696759 0.191237 0.160145 255 0 0
0.698123 0.191213 0.160211 255 0 0
0.699823 0.190600 0.160502 255 0 0
0.701378 0.190770 0.160555 255 0 0
0.702938 0.190940 0.160616 255 0 0
0.704486 0.190214 0.160958 255 0 0
0.706039 0.189500 0.161310 255 0 0
0.707516 0.189668 0.161485 255 0 0
0.709184 0.189074 0.161776 255 0 0
0.710666 0.189120 0.161769 255 0 0
0.712151 0.189161 0.161761 255 0 0
0.713815 0.188516 0.162017 255 0 0
0.715345 0.188576 0.162026 0 0 0
0.716972 0.188812 0.161989 255 0 0
0.718562 0.188971 0.161925 255 0 0
0.720074 0.189053 0.161948 255 0 0
0.721707 0.188673 0.162296 255 0 0
0.722874 0.188717 0.162367 255 0 0
0.724835 0.186881 0.163186 255 0 0
0.725960 0.186907 0.163243 255 0 0
0.727572 0.186456 0.163575 255 0 0
0.729088 0.186617 0.163767 255 0 0
0.730645 0.186053 0.164063 255 0 0
0.732072 0.186097 0.164194 0 0 0
0.733668 0.185605 0.164508 0 0 0
0.735084 0.185541 0.164604 255 0 0
0.736690 0.184899 0.164863 255 0 0
0.738030 0.184823 0.164932 255 0 0
0.739612 0.184170 0.165177 255 0 0
0.741101 0.184242 0.165212 255 0 0
0.742777 0.184580 0.165216 255 0 0
0.744255 0.184561 0.165220 0 0 0
0.745723 0.184066 0.165502 0 0 0
0.747208 0.184120 0.165676 0 0 0
0.748661 0.183488 0.166043 0 0 0
0.750115 0.182700 0.166378 0 0 0
0.751586 0.182799 0.166563 0 0 0
0.752976 0.182227 0.166949 0 0 0
0.754364 0.181381 0.167388 0 0 0
0.755811 0.180641 0.167729 0 0 0
0.757249 0.180689 0.167762 0 0 0
0.758848 0.180931 0.167876 0 0 0
0.760292 0.180365 0.168124 0 0 0
0.761711 0.180422 0.168150 0 0 0
0.763309 0.180686 0.168122 0 0 0
0.764927 0.180850 0.168048 0 0 0
0.766089 0.180991 0.168026 0 0 0
0.551734 0.198596 0.151638 0 0 0
0.553030 0.198726 0.151574 0 0 0
0.554758 0.198887 0.151488 0 0 0
0.556440 0.199042 0.151403 0 0 0
0.558121 0.199197 0.151319 0 0 0
0.559803 0.199352 0.151235 0 0 0
0.561484 0.199507 0.151151 0 0 0
0.563166 0.199663 0.151067 0 0 0
0.564847 0.199817 0.150983 0 0 0
0.566527 0.199972 0.150899 0 0 0
0.568223 0.200116 0.150808 0 0 0
0.569898 0.200180 0.150688 0 0 0
0.571561 0.200422 0.150641 0 0 0
0.573284 0.200604 0.150569 0 0 0
0.574794 0.200794 0.150583 0 0 0
0.576695 0.200194 0.151001 0 0 0
0.578655 0.199461 0.151377 0 0 0
0.579944 0.199502 0.151383 0 0 0
0.582131 0.198962 0.151774 0 0 0
0.583238 0.199111 0.151794 0 0 0
0.585696 0.197383 0.152651 0 0 0
0.587007 0.197536 0.152620 0 0 0
0.588717 0.197811 0.152583 0 0 0
0.590392 0.197983 0.152505 0 0 0
0.592060 0.198147 0.152423 0 0 0
0.593752 0.198301 0.152341 0 0 0
0.595222 0.198383 0.152303 0 0 0
0.597320 0.197833 0.152685 0 0 0
0.598590 0.197847 0.152690 0 0 0
0.600679 0.197300 0.153071 0 0 0
0.602142 0.197392 0.153035 0 0 0
0.603849 0.197554 0.152956 0 0 0
0.605321 0.197634 0.152920 0 0 0
0.607367 0.197080 0.153295 0 0 0
0.608832 0.197161 0.153260 0 0 0
0.610516 0.197328 0.153179 0 0 0
0.612199 0.197465 0.153097 255 0 0
0.613673 0.197543 0.153061 255 0 0
0.615677 0.196891 0.153392 255 0 0
0.617154 0.197074 0.153397 0 0 0
0.618843 0.197249 0.153322 0 0 0
0.620518 0.197402 0.153242 0 0 0
0.622005 0.197482 0.153210 0 0 0
0.624001 0.196848 0.153547 0 0 0
0.625312 0.197047 0.153636 0 0 0
0.627346 0.196436 0.153983 0 0 0
0.628492 0.196581 0.154028 0 0 0
0.630789 0.194848 0.154881 0 0 0
0.631920 0.194902 0.154896 0 0 0
0.633754 0.194268 0.155288 0 0 0
0.635492 0.193575 0.155519 0 0 0
0.636996 0.193768 0.155698 0 0 0
0.638567 0.194085 0.155805 0 0 0
0.640466 0.193467 0.156133 0 0 0
0.641765 0.193559 0.156194 0 0 0
0.643572 0.192828 0.156570 0 0 0
0.645343 0.192219 0.156986 0 0 0
0.646660 0.192209 0.157021 0 0 0
0.648588 0.191677 0.157386 0 0 0
0.649901 0.191669 0.157419 0 0 0
0.651822 0.191121 0.157770 0 0 0
0.653271 0.191100 0.157714 0 0 0
0.654911 0.191343 0.157674 0 0 0
0.656551 0.191508 0.157597 0 0 0
0.658190 0.191673 0.157521 0 0 0
0.659832 0.191915 0.157480 0 0 0
0.661277 0.191880 0.157421 0 0 0
0.663173 0.191193 0.157712 0 0 0
0.664613 0.191279 0.157698 0 0 0
0.666270 0.191549 0.157665 0 0 0
0.667903 0.191717 0.157589 0 0 0
0.669529 0.191868 0.157508 0 0 0
0.671157 0.192018 0.157427 0 0 0
0.672784 0.192167 0.157345 0 0 0
0.674428 0.192314 0.157267 0 0 0
0.675919 0.192375 0.157251 0 0 0
0.677712 0.191867 0.157596 0 0 0
0.679224 0.191936 0.157588 0 0 0
0.680735 0.192085 0.157613 0 0 0
0.682386 0.191375 0.157985 0 0 0
0.684059 0.190631 0.158340 255 0 0
0.685525 0.190715 0.158344 255 0 0
0.687092 0.190989 0.158430 255 0 0
0.688825 0.190384 0.158728 255 0 0
0.690312 0.190477 0.158754 255 0 0
0.691845 0.190728 0.158958 255 0 0
0.693564 0.189997 0.159068 255 0 0
0.694953 0.189949 0.159116 255 0 0
0.696652 0.189432 0.159443 255 0 0
0.698081 0.189518 0.159575 255 0 0
0.699689 0.188777 0.159922 255 0 0
0.701237 0.188066 0.160266 255 0 0
0.702788 0.188229 0.160325 255 0 0
0.704346 0.188396 0.160388 255 0 0
0.705878 0.187805 0.160774 255 0 0
0.707491 0.186950 0.161088 255 0 0
0.708974 0.187078 0.161109 255 0 0
0.710576 0.187248 0.161054 255 0 0
0.712119 0.187292 0.161047 255 0 0
0.713743 0.186664 0.161131 255 0 0
0.715196 0.186730 0.161149 0 0 0
0.716770 0.187010 0.161284 0 0 0
0.718468 0.187297 0.161282 0 0 0
0.719717 0.187428 0.161265 255 0 0
0.721637 0.185642 0.162100 255 0 0
0.722844 0.185772 0.162209 255 0 0
0.724478 0.185332 0.162552 255 0 0
0.725881 0.185392 0.162686 255 0 0
0.727409 0.184627 0.163016 255 0 0
0.728885 0.183928 0.163364 255 0 0
0.730328 0.184034 0.163530 255 0 0
0.731846 0.183245 0.163872 255 0 0
0.733319 0.182622 0.164231 0 0 0
0.734844 0.182673 0.164257 0 0 0
0.736465 0.182907 0.164230 255 0 0
0.737944 0.182996 0.164273 255 0 0
0.739456 0.182517 0.164569 255 0 0
0.740902 0.182530 0.164707 255 0 0
0.742172 0.181847 0.164904 255 0 0
0.744391 0.182826 0.164624 0 0 0
0.745501 0.182116 0.164900 0 0 0
0.746883 0.181239 0.165314 0 0 0
0.748330 0.180678 0.165733 0 0 0
0.749795 0.180793 0.165925 0 0 0
0.751235 0.179987 0.166264 0 0 0
0.752574 0.179239 0.166705 0 0 0
0.753984 0.178697 0.167119 0 0 0
0.755568 0.178964 0.167249 0 0 0
0.757018 0.179006 0.167276 0 0 0
0.758508 0.178323 0.167502 0 0 0
0.760039 0.178526 0.167583 0 0 0
0.761528 0.178527 0.167620 0 0 0
0.762567 0.177881 0.167807 0 0 0
0.550337 0.195759 0.151497 0 0 0
0.551622 0.195897 0.151435 0 0 0
0.553346 0.196060 0.151349 0 0 0
0.555023 0.196214 0.151265 0 0 0
0.556700 0.196367 0.151181 0 0 0
0.558378 0.196512 0.151096 0 0 0
0.560052 0.196664 0.151012 0 0 0
0.561743 0.196806 0.150922 0 0 0
0.563412 0.196869 0.150801 0 0 0
0.565082 0.197100 0.150749 0 0 0
0.566806 0.197166 0.150620 0 0 0
0.568253 0.197329 0.150511 0 0 0
0.570029 0.198443 0.150082 0 0 0
0.571954 0.197810 0.150379 0 0 0
0.573463 0.197902 0.150341 0 0 0
0.574970 0.198002 0.150307 0 0 0
0.576918 0.197381 0.150737 0 0 0
0.578654 0.196569 0.151146 0 0 0
0.580553 0.195959 0.151566 0 0 0
0.582068 0.196167 0.151591 0 0 0
0.583601 0.196283 0.151576 0 0 0
0.585681 0.195861 0.152005 0 0 0
0.586943 0.195894 0.152007 0 0 0
0.589085 0.195203 0.152336 0 0 0
0.590347 0.195223 0.152341 0 0 0
0.592448 0.194667 0.152722 0 0 0
0.593938 0.194755 0.152689 0 0 0
0.595420 0.194835 0.152654 0 0 0
0.597481 0.194296 0.153031 0 0 0
0.598950 0.194385 0.152998 0 0 0
0.600651 0.194548 0.152919 0 0 0
0.602110 0.194638 0.152884 0 0 0
0.604165 0.194086 0.153261 0 0 0
0.605622 0.194165 0.153226 0 0 0
0.607322 0.194326 0.153147 0 0 0
0.608801 0.194408 0.153117 0 0 0
0.610591 0.193897 0.153451 0 0 0
0.612489 0.194762 0.152916 255 0 0
0.613923 0.194945 0.152825 0 0 0
0.615425 0.195133 0.152828 0 0 0
0.617432 0.194466 0.153149 0 0 0
0.618891 0.194457 0.153082 0 0 0
0.620551 0.194700 0.153040 0 0 0
0.622246 0.194878 0.152969 0 0 0
0.623727 0.195052 0.152979 0 0 0
0.625534 0.194334 0.153358 0 0 0
0.627347 0.193615 0.153742 0 0 0
0.628689 0.193722 0.153817 0 0 0
0.630654 0.193229 0.154204 0 0 0
0.631971 0.193344 0.154279 0 0 0
0.633963 0.192709 0.154633 0 0 0
0.635298 0.192898 0.154873 0 0 0
0.637021 0.192209 0.155096 0 0 0
0.638849 0.191350 0.155421 0 0 0
0.640159 0.191522 0.155519 0 0 0
0.641947 0.190824 0.155914 0 0 0
0.643564 0.190009 0.156338 0 0 0
0.645289 0.189412 0.156751 0 0 0
0.646634 0.189504 0.156839 0 0 0
0.648558 0.188880 0.157175 0 0 0
0.649884 0.188957 0.157246 0 0 0
0.651530 0.188352 0.157526 0 0 0
0.653384 0.189390 0.157177 0 0 0
0.654994 0.188777 0.157446 0 0 0
0.656481 0.188830 0.157427 0 0 0
0.658125 0.188976 0.157349 0 0 0
0.659748 0.189125 0.157268 0 0 0
0.661382 0.189289 0.157191 0 0 0
0.663034 0.189551 0.157159 0 0 0
0.664477 0.189635 0.157146 0 0 0
0.666324 0.188977 0.157443 0 0 0
0.667821 0.189017 0.157413 0 0 0
0.669433 0.189066 0.157300 0 0 0
0.671050 0.189315 0.157259 0 0 0
0.672683 0.189480 0.157183 0 0 0
0.674321 0.189627 0.157105 0 0 0
0.675805 0.189680 0.157087 0 0 0
0.677588 0.189064 0.157397 0 0 0
0.679086 0.189220 0.157419 0 0 0
0.680598 0.189282 0.157411 0 0 0
0.682366 0.188685 0.157725 0 0 0
0.683882 0.188951 0.157792 255 0 0
0.685351 0.189035 0.157789 255 0 0
0.687157 0.188256 0.158034 255 0 0
0.688627 0.188429 0.158068 255 0 0
0.690105 0.188604 0.158104 255 0 0
0.691901 0.187873 0.158362 255 0 0
0.693369 0.188040 0.158397 255 0 0
0.694892 0.188223 0.158460 255 0 0
0.696497 0.187480 0.158801 255 0 0
0.698071 0.186787 0.159163 255 0 0
0.699531 0.186949 0.159337 255 0 0
0.701098 0.186253 0.159699 255 0 0
0.702691 0.185488 0.160034 255 0 0
0.704069 0.185442 0.160113 255 0 0
0.705723 0.184980 0.160455 255 0 0
0.707274 0.185261 0.160551 255 0 0
0.708857 0.185444 0.160496 255 0 0
0.710455 0.185590 0.160418 255 0 0
0.712097 0.185763 0.160372 255 0 0
0.713699 0.185991 0.160491 255 0 0
0.715163 0.186029 0.160499 255 0 0
0.716700 0.185198 0.160620 0 0 0
0.718233 0.184446 0.160949 0 0 0
0.719708 0.184510 0.161108 0 0 0
0.721228 0.184043 0.161545 255 0 0
0.722768 0.183238 0.161882 255 0 0
0.724160 0.183340 0.162018 255 0 0
0.725793 0.182791 0.162332 255 0 0
0.727230 0.182814 0.162466 255 0 0
0.728703 0.182097 0.162812 255 0 0
0.730204 0.181350 0.163145 255 0 0
0.731694 0.181378 0.163281 255 0 0
0.733215 0.180788 0.163372 255 0 0
0.734660 0.180841 0.163397 0 0 0
0.736215 0.181121 0.163545 255 0 0
0.737796 0.181294 0.163642 255 0 0
0.739294 0.180515 0.163950 255 0 0
0.740715 0.179709 0.164104 255 0 0
0.742198 0.179926 0.164318 255 0 0
0.743762 0.180045 0.164281 255 0 0
0.745360 0.180287 0.164389 0 0 0
0.746800 0.179749 0.164810 0 0 0
0.748148 0.179007 0.165254 0 0 0
0.749589 0.178214 0.165595 0 0 0
0.751051 0.178318 0.165788 0 0 0
0.752484 0.177767 0.166214 0 0 0
0.753810 0.177020 0.166654 0 0 0
0.755256 0.176170 0.166965 0 0 0
0.756689 0.176205 0.166993 0 0 0
0.758224 0.176408 0.167078 0 0 0
0.759654 0.175796 0.167321 0 0 0
0.761214 0.175926 0.167367 0 0 0
0.762337 0.176146 0.167361 0 0 0
0.548966 0.192911 0.151363 0 0 0
0.550029 0.192989 0.151340 0 0 0
0.552266 0.192431 0.151728 0 0 0
0.553716 0.192529 0.151687 0 0 0
0.555445 0.192675 0.151595 0 0 0
0.556906 0.192750 0.151448 0 0 0
0.558836 0.193795 0.150903 0 0 0
0.560303 0.193982 0.150797 0 0 0
0.561793 0.194168 0.150685 0 0 0
0.563561 0.195136 0.150208 0 0 0
0.565274 0.194563 0.150464 0 0 0
0.567067 0.195543 0.149989 0 0 0
0.568538 0.195693 0.149877 0 0 0
0.570045 0.195689 0.149789 0 0 0
0.572208 0.195116 0.150168 0 0 0
0.573462 0.195149 0.150169 0 0 0
0.575611 0.194591 0.150557 0 0 0
0.577109 0.194710 0.150528 0 0 0
0.578627 0.194912 0.150551 0 0 0
0.580510 0.194308 0.150968 0 0 0
0.582455 0.193568 0.151345 0 0 0
0.583727 0.193595 0.151354 0 0 0
0.585858 0.193040 0.151740 0 0 0
0.587125 0.193069 0.151748 0 0 0
0.589241 0.192406 0.152091 0 0 0
0.590503 0.192531 0.152137 0 0 0
0.592600 0.191998 0.152525 0 0 0
0.594082 0.192088 0.152493 0 0 0
0.595569 0.192174 0.152461 0 0 0
0.597619 0.191629 0.152837 0 0 0
0.599102 0.191715 0.152806 0 0 0
0.600577 0.191791 0.152772 255 0 0
0.602623 0.191245 0.153149 255 0 0
0.604084 0.191340 0.153117 255 0 0
0.605777 0.191492 0.153039 255 0 0
0.607231 0.191568 0.153005 0 0 0
0.609288 0.191031 0.153377 255 0 0
0.610478 0.191136 0.153334 255 0 0
0.612579 0.192108 0.152729 0 0 0
0.614001 0.192260 0.152631 0 0 0
0.615517 0.192326 0.152598 0 0 0
0.617276 0.191708 0.152884 0 0 0
0.619011 0.192730 0.152515 0 0 0
0.620763 0.191997 0.152759 0 0 0
0.622265 0.192168 0.152770 0 0 0
0.623770 0.192256 0.152747 0 0 0
0.625755 0.191626 0.153086 0 0 0
0.627051 0.191825 0.153178 0 0 0
0.629071 0.191065 0.153471 0 0 0
0.630352 0.191159 0.153523 0 0 0
0.632301 0.190557 0.153866 0 0 0
0.633637 0.190742 0.153976 0 0 0
0.635445 0.189920 0.154324 0 0 0
0.637197 0.189342 0.154743 0 0 0
0.638540 0.189534 0.154864 0 0 0
0.640332 0.188713 0.155213 0 0 0
0.642065 0.188127 0.155629 0 0 0
0.643446 0.188334 0.155775 0 0 0
0.645180 0.187614 0.156144 0 0 0
0.646907 0.186905 0.156513 0 0 0
0.648249 0.187094 0.156636 0 0 0
0.650145 0.186386 0.156936 0 0 0
0.651636 0.186616 0.156977 0 0 0
0.653100 0.186493 0.156886 0 0 0
0.654948 0.185905 0.157201 0 0 0
0.656445 0.185987 0.157199 0 0 0
0.658052 0.186164 0.157139 0 0 0
0.659681 0.186434 0.157104 0 0 0
0.661310 0.186597 0.157028 0 0 0
0.662946 0.186743 0.156951 0 0 0
0.664415 0.186799 0.156931 0 0 0
0.666296 0.186148 0.157228 0 0 0
0.667433 0.186224 0.157205 0 0 0
0.669534 0.187384 0.156776 0 0 0
0.671077 0.186768 0.157042 0 0 0
0.672559 0.186806 0.157026 0 0 0
0.674195 0.186950 0.156948 0 0 0
0.675839 0.187110 0.156875 0 0 0
0.677319 0.187269 0.156896 0 0 0
0.679092 0.186657 0.157205 0 0 0
0.680593 0.186719 0.157197 0 0 0
0.682092 0.186870 0.157222 0 0 0
0.683848 0.186261 0.157530 0 0 0
0.685332 0.186323 0.157520 255 0 0
0.686990 0.186580 0.157491 255 0 0
0.688430 0.186641 0.157479 255 0 0
0.690224 0.185871 0.157725 255 0 0
0.691719 0.186021 0.157747 255 0 0
0.693169 0.186096 0.157749 255 0 0
0.694889 0.185495 0.158051 255 0 0
0.696342 0.185666 0.158220 255 0 0
0.697917 0.184969 0.158585 255 0 0
0.699519 0.184220 0.158929 255 0 0
0.700940 0.184296 0.159065 255 0 0
0.702577 0.183831 0.159409 255 0 0
0.704001 0.183919 0.159552 255 0 0
0.705581 0.183170 0.159895 255 0 0
0.707135 0.182415 0.160223 255 0 0
0.708642 0.182459 0.160232 255 0 0
0.710249 0.182601 0.160157 255 0 0
0.711844 0.182744 0.160076 255 0 0
0.713438 0.182880 0.159993 255 0 0
0.715013 0.183073 0.159944 255 0 0
0.716572 0.183347 0.160048 0 0 0
0.718062 0.182774 0.160443 0 0 0
0.719528 0.181811 0.160841 0 0 0
0.721015 0.181220 0.161235 255 0 0
0.722447 0.181363 0.161407 255 0 0
0.723983 0.180548 0.161747 255 0 0
0.725477 0.179908 0.162107 255 0 0
0.726968 0.180004 0.162160 255 0 0
0.728546 0.180268 0.162271 255 0 0
0.730071 0.179729 0.162558 255 0 0
0.731582 0.179901 0.162638 255 0 0
0.733183 0.180134 0.162770 255 0 0
0.734635 0.180156 0.162783 255 0 0
0.736103 0.179341 0.162900 255 0 0
0.737600 0.178561 0.163205 255 0 0
0.739186 0.178726 0.163307 255 0 0
0.740625 0.178925 0.163517 255 0 0
0.742081 0.178332 0.163640 255 0 0
0.743530 0.178334 0.163762 255 0 0
0.745019 0.177474 0.164085 0 0 0
0.746406 0.176681 0.164501 0 0 0
0.747841 0.176028 0.164739 0 0 0
0.749208 0.176133 0.165051 0 0 0
0.750646 0.175471 0.165452 0 0 0
0.752027 0.174762 0.165940 0 0 0
0.753477 0.174172 0.166341 0 0 0
0.755019 0.174310 0.166422 0 0 0
0.756433 0.174369 0.166458 0 0 0
0.757975 0.173737 0.166688 0 0 0
0.759025 0.173875 0.166778 0 0 0
0.547251 0.190847 0.150738 0 0 0
0.549089 0.190294 0.151127 0 0 0
0.550341 0.190334 0.151133 0 0 0
0.552542 0.189775 0.151523 0 0 0
0.554009 0.189877 0.151479 0 0 0
0.555481 0.190053 0.151374 0 0 0
0.557394 0.191089 0.150832 0 0 0
0.558854 0.191163 0.150684 0 0 0
0.560578 0.191313 0.150587 0 0 0
0.562039 0.191491 0.150476 0 0 0
0.563793 0.192337 0.149953 0 0 0
0.565746 0.191832 0.150288 0 0 0
0.566996 0.191933 0.150229 0 0 0
0.569018 0.192870 0.149636 0 0 0
0.570249 0.192989 0.149579 0 0 0
0.572420 0.192442 0.149963 0 0 0
0.573677 0.192491 0.149969 0 0 0
0.575827 0.191934 0.150358 0 0 0
0.577297 0.192018 0.150320 0 0 0
0.578792 0.192106 0.150287 0 0 0
0.580706 0.191493 0.150714 0 0 0
0.582634 0.190773 0.151102 0 0 0
0.583893 0.190897 0.151149 0 0 0
0.586004 0.190249 0.151497 0 0 0
0.587487 0.190459 0.151508 0 0 0
0.588982 0.190660 0.151522 0 0 0
0.590867 0.189939 0.151908 0 0 0
0.592746 0.189330 0.152332 0 0 0
0.594229 0.189414 0.152304 0 0 0
0.595709 0.189499 0.152273 255 0 0
0.597757 0.188956 0.152650 255 0 0
0.599232 0.189042 0.152620 0 0 0
0.600711 0.189125 0.152590 0 0 0
0.602744 0.188583 0.152965 0 0 0
0.604197 0.188668 0.152934 0 0 0
0.605886 0.188817 0.152856 255 0 0
0.607343 0.188897 0.152824 255 0 0
0.609373 0.188214 0.153142 255 0 0
0.610822 0.188290 0.153104 255 0 0
0.612512 0.188434 0.153019 255 0 0
0.613896 0.188591 0.152926 0 0 0
0.616008 0.189709 0.152369 0 0 0
0.617352 0.189874 0.152281 0 0 0
0.619027 0.190045 0.152206 0 0 0
0.620523 0.190223 0.152210 0 0 0
0.622507 0.189433 0.152485 0 0 0
0.623969 0.189542 0.152468 0 0 0
0.625464 0.189830 0.152525 0 0 0
0.627431 0.189219 0.152866 0 0 0
0.628918 0.189402 0.152885 0 0 0
0.630414 0.189495 0.152885 0 0 0
0.632192 0.188741 0.153236 0 0 0
0.633956 0.188037 0.153611 0 0 0
0.635329 0.188248 0.153752 0 0 0
0.637085 0.187528 0.154123 0 0 0
0.638861 0.186790 0.154483 0 0 0
0.640213 0.186905 0.154589 0 0 0
0.641921 0.186300 0.154988 0 0 0
0.643686 0.185602 0.155385 0 0 0
0.645061 0.185800 0.155531 0 0 0
0.646785 0.185100 0.155906 0 0 0
0.648535 0.184350 0.156260 0 0 0
0.649868 0.184431 0.156350 0 0 0
0.651454 0.183831 0.156621 0 0 0
0.653377 0.184905 0.156328 0 0 0
0.654943 0.184413 0.156628 0 0 0
0.656427 0.184476 0.156620 0 0 0
0.657900 0.184526 0.156593 0 0 0
0.659785 0.183710 0.156838 0 0 0
0.661232 0.183762 0.156806 0 0 0
0.662867 0.183907 0.156728 0 0 0
0.664458 0.184101 0.156670 0 0 0
0.666118 0.184488 0.156686 0 0 0
0.667534 0.184569 0.156674 0 0 0
0.669407 0.183768 0.156923 0 0 0
0.670862 0.183813 0.156891 0 0 0
0.672458 0.183990 0.156831 0 0 0
0.674082 0.184260 0.156797 0 0 0
0.675720 0.184419 0.156725 0 0 0
0.677190 0.184469 0.156710 0 0 0
0.678961 0.183856 0.157019 0 0 0
0.680449 0.184013 0.157045 0 0 0
0.681950 0.184079 0.157042 0 0 0
0.683712 0.183583 0.157387 0 0 0
0.685181 0.183638 0.157375 0 0 0
0.686804 0.183782 0.157299 255 0 0
0.688418 0.183943 0.157223 255 0 0
0.690038 0.184209 0.157188 255 0 0
0.691626 0.184376 0.157127 255 0 0
0.693143 0.184429 0.157132 255 0 0
0.694740 0.183686 0.157472 255 0 0
0.696346 0.182924 0.157812 255 0 0
0.697760 0.183013 0.157950 255 0 0
0.699407 0.182537 0.158294 255 0 0
0.700824 0.182625 0.158435 255 0 0
0.702416 0.181883 0.158783 255 0 0
0.703998 0.181144 0.159129 255 0 0
0.705414 0.181218 0.159270 255 0 0
0.707044 0.180725 0.159589 255 0 0
0.708535 0.180802 0.159607 255 0 0
0.710144 0.180944 0.159533 255 0 0
0.711704 0.181117 0.159470 255 0 0
0.713325 0.181381 0.159440 255 0 0
0.714796 0.181409 0.159429 255 0 0
0.716375 0.180536 0.159742 255 0 0
0.717870 0.179964 0.160138 0 0 0
0.719351 0.180139 0.160342 0 0 0
0.720842 0.179553 0.160737 255 0 0
0.722377 0.178740 0.161079 255 0 0
0.723813 0.178888 0.161251 255 0 0
0.725399 0.178431 0.161586 255 0 0
0.726742 0.178351 0.161656 255 0 0
0.728381 0.177622 0.161912 255 0 0
0.729762 0.177716 0.162045 255 0 0
0.731376 0.177004 0.162292 255 0 0
0.732836 0.177014 0.162278 255 0 0
0.734442 0.177162 0.162216 255 0 0
0.735957 0.177339 0.162293 255 0 0
0.737420 0.176914 0.162600 255 0 0
0.738942 0.177073 0.162679 255 0 0
0.740476 0.177107 0.162717 255 0 0
0.741922 0.176481 0.163077 255 0 0
0.743386 0.175690 0.163419 0 0 0
0.744845 0.175823 0.163609 0 0 0
0.746388 0.175412 0.163982 0 0 0
0.747744 0.175422 0.164253 0 0 0
0.749176 0.174741 0.164487 0 0 0
0.750591 0.173869 0.164920 0 0 0
0.751911 0.173123 0.165369 0 0 0
0.753277 0.172558 0.165758 0 0 0
0.754782 0.172711 0.165853 0 0 0
0.756329 0.172751 0.165899 0 0 0
0.757831 0.172299 0.166179 0 0 0
0.758797 0.172307 0.166218 0 0 0
0.544065 0.188695 0.150136 0 0 0
0.545938 0.188139 0.150534 0 0 0
0.547165 0.188181 0.150537 0 0 0
0.549400 0.187621 0.150932 0 0 0
0.550620 0.187665 0.150932 0 0 0
0.552818 0.186989 0.151278 0 0 0
0.554268 0.187196 0.151276 0 0 0
0.555747 0.187385 0.151174 0 0 0
0.557676 0.188307 0.150588 0 0 0
0.559121 0.188483 0.150479 0 0 0
0.560827 0.188645 0.150388 0 0 0
0.562282 0.188823 0.150277 0 0 0
0.564030 0.189663 0.149753 0 0 0
0.565999 0.189025 0.150034 0 0 0
0.567230 0.189132 0.149975 0 0 0
0.569233 0.190207 0.149440 0 0 0
0.570473 0.190325 0.149385 0 0 0
0.572431 0.189707 0.149809 0 0 0
0.574356 0.188974 0.150194 0 0 0
0.575807 0.189175 0.150201 0 0 0
0.577522 0.189345 0.150127 0 0 0
0.578977 0.189439 0.150092 0 0 0
0.581107 0.188906 0.150485 0 0 0
0.582353 0.189037 0.150532 0 0 0
0.584492 0.188391 0.150885 0 0 0
0.585735 0.188513 0.150929 0 0 0
0.587875 0.187704 0.151218 255 0 0
0.589117 0.187728 0.151226 0 0 0
0.590990 0.187256 0.151699 255 0 0
0.592921 0.186526 0.152097 0 0 0
0.594365 0.186617 0.152071 0 0 0
0.595837 0.186809 0.152084 255 0 0
0.597912 0.186139 0.152413 255 0 0
0.599351 0.186242 0.152389 255 0 0
0.600826 0.186437 0.152406 255 0 0
0.602866 0.185914 0.152789 255 0 0
0.604312 0.186000 0.152759 255 0 0
0.605973 0.186150 0.152679 255 0 0
0.607624 0.186316 0.152602 255 0 0
0.609267 0.186584 0.152568 255 0 0
0.610883 0.186759 0.152499 255 0 0
0.612527 0.186911 0.152418 0 0 0
0.614192 0.187027 0.152314 255 0 0
0.615599 0.186966 0.152126 255 0 0
0.617494 0.188057 0.151675 255 0 0
0.619233 0.187323 0.151922 255 0 0
0.620714 0.187510 0.151938 0 0 0
0.622411 0.187788 0.151912 0 0 0
0.623848 0.187880 0.151893 0 0 0
0.625670 0.187129 0.152263 0 0 0
0.627455 0.186411 0.152644 0 0 0
0.628914 0.186589 0.152659 0 0 0
0.630608 0.186766 0.152593 0 0 0
0.632106 0.186944 0.152625 0 0 0
0.633849 0.186220 0.152989 0 0 0
0.635605 0.185503 0.153361 0 0 0
0.636972 0.185719 0.153503 0 0 0
0.638883 0.185113 0.153845 0 0 0
0.640193 0.185216 0.153929 0 0 0
0.641999 0.184479 0.154317 0 0 0
0.643534 0.183786 0.154747 0 0 0
0.645322 0.183050 0.155134 0 0 0
0.646666 0.183159 0.155242 0 0 0
0.648505 0.182672 0.155613 0 0 0
0.649854 0.182788 0.155723 0 0 0
0.651755 0.182103 0.156020 0 0 0
0.653017 0.181977 0.156007 0 0 0
0.654902 0.181421 0.156345 0 0 0
0.656353 0.181526 0.156356 0 0 0
0.658000 0.181798 0.156328 0 0 0
0.659631 0.182083 0.156299 0 0 0
0.661211 0.182262 0.156236 0 0 0
0.662844 0.182405 0.156158 0 0 0
0.664293 0.182451 0.156128 0 0 0
0.666156 0.181638 0.156371 0 0 0
0.667611 0.181700 0.156348 0 0 0
0.669221 0.181999 0.156335 0 0 0
0.670831 0.182298 0.156321 0 0 0
0.672298 0.182360 0.156302 0 0 0
0.674111 0.181708 0.156597 0 0 0
0.675567 0.181761 0.156581 0 0 0
0.677220 0.181916 0.156513 0 0 0
0.678689 0.182075 0.156536 0 0 0
0.680469 0.181458 0.156851 0 0 0
0.681794 0.181411 0.156900 0 0 0
0.683592 0.180752 0.157196 0 0 0
0.685046 0.180796 0.157173 0 0 0
0.686665 0.180939 0.157095 0 0 0
0.688266 0.181086 0.157015 255 0 0
0.689868 0.181233 0.156935 255 0 0
0.691468 0.181380 0.156855 255 0 0
0.693095 0.181535 0.156783 255 0 0
0.694590 0.181732 0.156844 255 0 0
0.696252 0.181388 0.157232 255 0 0
0.697659 0.181371 0.157334 255 0 0
0.699246 0.180734 0.157718 255 0 0
0.700882 0.179878 0.158047 255 0 0
0.702248 0.179942 0.158163 255 0 0
0.703875 0.179470 0.158504 255 0 0
0.705292 0.179560 0.158647 255 0 0
0.706994 0.178904 0.158919 255 0 0
0.708436 0.178950 0.158908 0 0 0
0.710029 0.179125 0.158857 255 0 0
0.711504 0.179268 0.158884 255 0 0
0.713210 0.178522 0.159124 255 0 0
0.714647 0.178584 0.159133 255 0 0
0.716213 0.178860 0.159244 255 0 0
0.717697 0.178145 0.159595 0 0 0
0.719107 0.177288 0.160003 0 0 0
0.720635 0.176738 0.160439 0 0 0
0.722057 0.176877 0.160615 255 0 0
0.723585 0.176057 0.160957 255 0 0
0.725074 0.175418 0.161319 255 0 0
0.726560 0.175517 0.161375 255 0 0
0.728077 0.175772 0.161463 255 0 0
0.729656 0.175235 0.161760 255 0 0
0.731146 0.175378 0.161807 255 0 0
0.732693 0.175561 0.161757 255 0 0
0.734276 0.175700 0.161686 255 0 0
0.735784 0.175715 0.161703 255 0 0
0.737243 0.174950 0.162022 255 0 0
0.738707 0.174198 0.162352 255 0 0
0.740102 0.174122 0.162467 255 0 0
0.741610 0.173690 0.162796 255 0 0
0.743062 0.173810 0.162981 255 0 0
0.744521 0.173011 0.163325 255 0 0
0.745959 0.172374 0.163690 0 0 0
0.747353 0.172301 0.163814 0 0 0
0.748875 0.171809 0.164117 0 0 0
0.750319 0.171875 0.164308 0 0 0
0.751717 0.171436 0.164760 0 0 0
0.753087 0.170595 0.165207 0 0 0
0.754530 0.169839 0.165527 0 0 0
0.755520 0.169846 0.165578 0 0 0
0.542700 0.185709 0.149952 0 0 0
0.544518 0.185187 0.150351 0 0 0
0.546010 0.185401 0.150376 0 0 0
0.547483 0.185519 0.150346 0 0 0
0.549661 0.184966 0.150737 0 0 0
0.551132 0.185080 0.150705 0 0 0
0.552581 0.185278 0.150707 0 0 0
0.554789 0.184483 0.150996 0 0 0
0.555989 0.184595 0.150932 0 0 0
0.557952 0.185629 0.150387 0 0 0
0.559404 0.185693 0.150233 0 0 0
0.561085 0.185831 0.150133 0 0 0
0.562516 0.186007 0.150033 0 0 0
0.564468 0.187097 0.149504 0 0 0
0.565906 0.187380 0.149445 0 0 0
0.567572 0.187533 0.149361 0 0 0
0.569027 0.187507 0.149273 0 0 0
0.571172 0.186818 0.149610 0 0 0
0.572645 0.187042 0.149622 0 0 0
0.574122 0.187256 0.149633 0 0 0
0.576227 0.186592 0.149975 0 0 0
0.577695 0.186681 0.149940 0 0 0
0.579168 0.186768 0.149905 0 0 0
0.581282 0.186102 0.150249 0 0 0
0.582519 0.186231 0.150296 0 0 0
0.584631 0.185584 0.150646 0 0 0
0.586081 0.185796 0.150658 255 0 0
0.587806 0.186084 0.150631 255 0 0
0.589086 0.186234 0.150605 255 0 0
0.591446 0.184404 0.151242 255 0 0
0.592781 0.184730 0.151436 255 0 0
0.594264 0.184967 0.151483 255 0 0
0.596342 0.184199 0.151779 255 0 0
0.597805 0.184498 0.151832 255 0 0
0.599261 0.184613 0.151818 255 0 0
0.601135 0.183863 0.152193 255 0 0
0.602981 0.183259 0.152618 255 0 0
0.604427 0.183338 0.152592 255 0 0
0.606084 0.183488 0.152512 255 0 0
0.607719 0.183638 0.152430 255 0 0
0.609354 0.183788 0.152349 255 0 0
0.610990 0.183938 0.152267 255 0 0
0.612652 0.184094 0.152181 255 0 0
0.614027 0.184250 0.152083 255 0 0
0.616080 0.185334 0.151523 255 0 0
0.617492 0.185395 0.151390 255 0 0
0.618992 0.185568 0.151389 255 0 0
0.620961 0.184921 0.151720 255 0 0
0.622432 0.184997 0.151695 0 0 0
0.623911 0.185083 0.151672 0 0 0
0.625912 0.184565 0.152056 0 0 0
0.627176 0.184663 0.152116 0 0 0
0.629140 0.184018 0.152450 0 0 0
0.630591 0.184091 0.152424 0 0 0
0.632268 0.184251 0.152354 0 0 0
0.633766 0.184433 0.152390 0 0 0
0.635492 0.183849 0.152805 0 0 0
0.637293 0.183128 0.153190 0 0 0
0.638576 0.183205 0.153254 0 0 0
0.640518 0.182474 0.153560 0 0 0
0.641842 0.182670 0.153684 0 0 0
0.643611 0.181971 0.154084 0 0 0
0.645298 0.181381 0.154488 0 0 0
0.646642 0.181484 0.154598 0 0 0
0.648384 0.180732 0.154956 0 0 0
0.650101 0.180007 0.155312 0 0 0
0.651580 0.180211 0.155370 0 0 0
0.653061 0.180429 0.155429 0 0 0
0.654951 0.179763 0.155728 0 0 0
0.656197 0.179743 0.155756 0 0 0
0.658065 0.179062 0.156047 0 0 0
0.659545 0.179133 0.156043 0 0 0
0.661139 0.179307 0.155982 0 0 0
0.662754 0.179567 0.155946 0 0 0
0.664379 0.179745 0.155875 0 0 0
0.665995 0.180016 0.155843 0 0 0
0.667588 0.180189 0.155782 0 0 0
0.669039 0.180222 0.155751 0 0 0
0.670875 0.179455 0.156020 0 0 0
0.672180 0.179521 0.156098 0 0 0
0.674022 0.178876 0.156406 0 0 0
0.675435 0.178958 0.156400 0 0 0
0.677086 0.179222 0.156374 0 0 0
0.678556 0.179283 0.156366 0 0 0
0.680312 0.178673 0.156676 0 0 0
0.681779 0.178850 0.156706 0 0 0
0.683420 0.179133 0.156682 0 0 0
0.684985 0.179314 0.156621 0 0 0
0.686586 0.179461 0.156541 0 0 0
0.688185 0.179608 0.156461 0 0 0
0.689784 0.179756 0.156382 255 0 0
0.691383 0.179903 0.156301 255 0 0
0.693019 0.180055 0.156222 255 0 0
0.694265 0.180175 0.156196 255 0 0
0.696354 0.178354 0.157044 255 0 0
0.697411 0.178378 0.157072 255 0 0
0.699114 0.177913 0.157414 255 0 0
0.700665 0.178212 0.157523 255 0 0
0.702154 0.178303 0.157563 255 0 0
0.703714 0.177670 0.157940 255 0 0
0.705285 0.176864 0.158278 255 0 0
0.706767 0.177112 0.158350 255 0 0
0.708361 0.177297 0.158302 255 0 0
0.709819 0.177321 0.158285 0 0 0
0.711529 0.176561 0.158522 0 0 0
0.712979 0.176738 0.158572 0 0 0
0.714439 0.176913 0.158624 255 0 0
0.716112 0.176198 0.158887 255 0 0
0.717531 0.176349 0.159058 255 0 0
0.719067 0.175799 0.159498 255 0 0
0.720469 0.174939 0.159907 0 0 0
0.721938 0.174226 0.160264 255 0 0
0.723420 0.174412 0.160474 255 0 0
0.724996 0.173960 0.160812 255 0 0
0.726319 0.173876 0.160888 255 0 0
0.727867 0.172989 0.161206 255 0 0
0.729335 0.172360 0.161567 255 0 0
0.730833 0.172391 0.161589 255 0 0
0.732409 0.172528 0.161516 255 0 0
0.733975 0.172674 0.161440 255 0 0
0.735516 0.172873 0.161398 255 0 0
0.737079 0.173145 0.161510 255 0 0
0.738572 0.172612 0.161801 255 0 0
0.739971 0.172652 0.161952 255 0 0
0.741430 0.171901 0.162286 255 0 0
0.742875 0.171154 0.162620 255 0 0
0.744326 0.171215 0.162803 255 0 0
0.745801 0.170721 0.163100 0 0 0
0.747221 0.170693 0.163246 0 0 0
0.748710 0.170214 0.163542 0 0 0
0.749848 0.170350 0.163676 0 0 0
0.751699 0.168510 0.164514 0 0 0
0.752844 0.168641 0.164655 0 0 0
0.754298 0.168236 0.164957 0 0 0
0.755336 0.168410 0.165068 0 0 0
0.539767 0.183806 0.149379 0 0 0
0.541060 0.183942 0.149325 0 0 0
0.542567 0.184174 0.149348 0 0 0
0.544515 0.183574 0.149772 0 0 0
0.546535 0.182827 0.150154 0 0 0
0.547743 0.182867 0.150156 0 0 0
0.549967 0.182166 0.150493 0 0 0
0.551386 0.182257 0.150449 0 0 0
0.553073 0.182422 0.150372 0 0 0
0.554720 0.182693 0.150339 0 0 0
0.556360 0.182845 0.150254 0 0 0
0.557799 0.182912 0.150107 0 0 0
0.559732 0.184108 0.149622 0 0 0
0.561163 0.184285 0.149522 0 0 0
0.562819 0.184421 0.149427 0 0 0
0.564487 0.184458 0.149295 0 0 0
0.566154 0.184596 0.149205 0 0 0
0.567804 0.184748 0.149123 0 0 0
0.569492 0.184920 0.149047 0 0 0
0.570928 0.185128 0.149053 0 0 0
0.573078 0.184470 0.149402 0 0 0
0.574297 0.184495 0.149407 0 0 0
0.576443 0.183943 0.149799 0 0 0
0.577866 0.184025 0.149762 0 0 0
0.579574 0.184193 0.149688 0 0 0
0.581012 0.184399 0.149695 0 0 0
0.583142 0.183749 0.150049 0 0 0
0.584357 0.183864 0.150092 0 0 0
0.586477 0.183053 0.150379 255 0 0
0.587881 0.183155 0.150351 255 0 0
0.589608 0.183451 0.150351 255 0 0
0.591116 0.183748 0.150566 255 0 0
0.592871 0.183075 0.150793 255 0 0
0.594808 0.182213 0.151129 255 0 0
0.596045 0.182433 0.151220 255 0 0
0.598137 0.181792 0.151573 255 0 0
0.599384 0.181809 0.151594 255 0 0
0.601257 0.181199 0.152027 255 0 0
0.603096 0.180478 0.152413 255 0 0
0.604531 0.180665 0.152427 255 0 0
0.606196 0.180831 0.152353 255 0 0
0.607824 0.180982 0.152272 255 0 0
0.609454 0.181132 0.152191 255 0 0
0.611082 0.181283 0.152109 255 0 0
0.612760 0.181421 0.152014 255 0 0
0.614131 0.181461 0.151873 255 0 0
0.616180 0.182548 0.151314 255 0 0
0.617572 0.182706 0.151218 255 0 0
0.619050 0.182798 0.151189 255 0 0
0.621058 0.182261 0.151569 255 0 0
0.622299 0.182254 0.151590 255 0 0
0.624296 0.181718 0.151969 0 0 0
0.625761 0.181806 0.151947 0 0 0
0.627231 0.181892 0.151926 0 0 0
0.629189 0.181366 0.152299 255 0 0
0.630622 0.181432 0.152273 0 0 0
0.632290 0.181576 0.152197 0 0 0
0.633745 0.181639 0.152175 0 0 0
0.635519 0.180899 0.152550 0 0 0
0.637259 0.180275 0.152946 0 0 0
0.638739 0.180395 0.152966 0 0 0
0.640217 0.180686 0.153030 0 0 0
0.642135 0.179963 0.153335 0 0 0
0.643455 0.180157 0.153460 0 0 0
0.645182 0.179438 0.153833 0 0 0
0.646895 0.178745 0.154213 0 0 0
0.648259 0.178951 0.154364 0 0 0
0.650151 0.178313 0.154687 0 0 0
0.651391 0.178296 0.154714 0 0 0
0.653286 0.177642 0.155019 0 0 0
0.654757 0.177850 0.155076 0 0 0
0.656234 0.178059 0.155134 0 0 0
0.658091 0.177414 0.155433 0 0 0
0.659533 0.177474 0.155414 0 0 0
0.660980 0.177525 0.155392 0 0 0
0.662812 0.176846 0.155674 0 0 0
0.664287 0.176903 0.155667 0 0 0
0.665906 0.177045 0.155591 0 0 0
0.667473 0.177226 0.155530 0 0 0
0.669116 0.177513 0.155507 0 0 0
0.670579 0.177689 0.155534 0 0 0
0.672362 0.176972 0.155816 0 0 0
0.673846 0.177248 0.155886 0 0 0
0.675285 0.177334 0.155887 0 0 0
0.677077 0.176564 0.156145 0 0 0
0.678553 0.176733 0.156175 0 0 0
0.680035 0.176898 0.156206 0 0 0
0.681809 0.176126 0.156461 0 0 0
0.683253 0.176163 0.156437 0 0 0
0.684830 0.176339 0.156380 255 0 0
0.686438 0.176612 0.156347 0 0 0
0.688041 0.176775 0.156273 255 0 0
0.689633 0.176922 0.156193 255 0 0
0.691245 0.177064 0.156118 255 0 0
0.692697 0.177097 0.156107 255 0 0
0.694418 0.176506 0.156419 255 0 0
0.695924 0.176795 0.156502 255 0 0
0.697403 0.176909 0.156545 255 0 0
0.698978 0.176273 0.156923 255 0 0
0.700579 0.175546 0.157295 255 0 0
0.701917 0.175474 0.157363 255 0 0
0.703624 0.174884 0.157682 255 0 0
0.704972 0.175026 0.157813 255 0 0
0.706677 0.174283 0.158070 255 0 0
0.708126 0.174309 0.158053 255 0 0
0.709692 0.174503 0.158004 0 0 0
0.711330 0.174897 0.158022 0 0 0
0.712754 0.174958 0.158027 0 0 0
0.714431 0.174236 0.158288 255 0 0
0.715789 0.174366 0.158428 255 0 0
0.717338 0.173676 0.158815 255 0 0
0.718871 0.172989 0.159202 255 0 0
0.720285 0.173137 0.159382 255 0 0
0.721757 0.172565 0.159785 255 0 0
0.723195 0.171589 0.160190 255 0 0
0.724669 0.170948 0.160556 255 0 0
0.726141 0.171048 0.160616 255 0 0
0.727706 0.171334 0.160737 255 0 0
0.729222 0.170789 0.161022 255 0 0
0.730664 0.170947 0.161072 255 0 0
0.732252 0.171104 0.161006 255 0 0
0.733828 0.171240 0.160933 255 0 0
0.735282 0.171241 0.160921 255 0 0
0.736866 0.170532 0.161168 255 0 0
0.738244 0.170610 0.161308 255 0 0
0.739835 0.169924 0.161573 0 0 0
0.741228 0.169948 0.161714 0 0 0
0.742715 0.169455 0.162013 0 0 0
0.744129 0.169429 0.162157 255 0 0
0.745600 0.168938 0.162456 255 0 0
0.747051 0.168999 0.162643 0 0 0
0.748465 0.168249 0.162983 0 0 0
0.749834 0.167406 0.163429 0 0 0
0.751212 0.166992 0.163884 0 0 0
0.752702 0.167048 0.164105 0 0 0
0.753748 0.166639 0.164367 0 0 0
0.538438 0.181008 0.149278 0 0 0
0.539682 0.181135 0.149217 0 0 0
0.541409 0.181293 0.149133 0 0 0
0.542843 0.181385 0.149096 0 0 0
0.544840 0.180637 0.149476 0 0 0
0.546799 0.180037 0.149898 0 0 0
0.548239 0.180166 0.149889 0 0 0
0.549906 0.180546 0.149904 0 0 0
0.551543 0.180733 0.149839 0 0 0
0.553191 0.180882 0.149755 0 0 0
0.554840 0.181023 0.149669 0 0 0
0.556493 0.181177 0.149586 0 0 0
0.558121 0.181315 0.149498 0 0 0
0.559783 0.181351 0.149367 0 0 0
0.561445 0.181488 0.149277 0 0 0
0.563091 0.181639 0.149195 0 0 0
0.564739 0.181792 0.149112 0 0 0
0.566385 0.181947 0.149030 0 0 0
0.568058 0.182108 0.148950 0 0 0
0.569489 0.182189 0.148915 0 0 0
0.571427 0.181564 0.149350 0 0 0
0.573362 0.180813 0.149726 0 0 0
0.574795 0.180897 0.149687 0 0 0
0.576464 0.181056 0.149607 0 0 0
0.578106 0.181233 0.149540 0 0 0
0.579528 0.181424 0.149549 0 0 0
0.581638 0.180775 0.149900 0 0 0
0.583061 0.180984 0.149909 0 0 0
0.584749 0.181170 0.149841 0 0 0
0.586410 0.181440 0.149809 255 0 0
0.587819 0.181540 0.149781 255 0 0
0.589924 0.180729 0.150068 255 0 0
0.591150 0.180854 0.150120 255 0 0
0.593273 0.180348 0.150526 255 0 0
0.594507 0.180471 0.150583 255 0 0
0.596390 0.179750 0.150979 255 0 0
0.598266 0.179144 0.151412 255 0 0
0.599506 0.179163 0.151436 255 0 0
0.601591 0.178641 0.151832 255 0 0
0.602819 0.178761 0.151890 255 0 0
0.604854 0.178108 0.152230 255 0 0
0.606281 0.178185 0.152201 255 0 0
0.607926 0.178332 0.152122 255 0 0
0.609571 0.178465 0.152032 255 0 0
0.611233 0.178493 0.151895 255 0 0
0.612570 0.178629 0.151795 255 0 0
0.614614 0.179875 0.151296 255 0 0
0.616001 0.179919 0.151158 255 0 0
0.617479 0.179986 0.151118 255 0 0
0.619479 0.179451 0.151497 255 0 0
0.620923 0.179530 0.151472 255 0 0
0.622388 0.179618 0.151451 255 0 0
0.624383 0.179083 0.151831 255 0 0
0.625614 0.179068 0.151853 0 0 0
0.627616 0.178379 0.152173 255 0 0
0.629051 0.178457 0.152141 255 0 0
0.630661 0.178634 0.152078 255 0 0
0.632286 0.178908 0.152047 0 0 0
0.633945 0.179090 0.151981 0 0 0
0.635426 0.179289 0.152021 0 0 0
0.637320 0.178776 0.152391 0 0 0
0.638574 0.178769 0.152418 0 0 0
0.640541 0.177989 0.152705 0 0 0
0.641813 0.178188 0.152811 0 0 0
0.643752 0.177585 0.153162 0 0 0
0.645068 0.177675 0.153256 0 0 0
0.646778 0.176947 0.153625 0 0 0
0.648465 0.176244 0.153995 0 0 0
0.649975 0.176529 0.154084 0 0 0
0.651445 0.176644 0.154104 0 0 0
0.653331 0.175971 0.154403 0 0 0
0.654565 0.175941 0.154428 0 0 0
0.656445 0.175268 0.154725 0 0 0
0.657924 0.175452 0.154765 0 0 0
0.659504 0.175658 0.154727 0 0 0
0.660995 0.175850 0.154773 0 0 0
0.662807 0.175244 0.155085 0 0 0
0.664230 0.175418 0.155111 0 0 0
0.665876 0.175575 0.155043 0 0 0
0.667311 0.175620 0.155016 0 0 0
0.669163 0.174811 0.155263 0 0 0
0.670586 0.174889 0.155259 0 0 0
0.672066 0.175164 0.155329 0 0 0
0.673875 0.174404 0.155594 0 0 0
0.675303 0.174494 0.155597 0 0 0
0.676789 0.174770 0.155670 0 0 0
0.678544 0.174055 0.155950 0 0 0
0.680000 0.174229 0.155980 0 0 0
0.681635 0.174517 0.155957 0 0 0
0.683208 0.174694 0.155900 0 0 0
0.684655 0.174735 0.155881 255 0 0
0.686420 0.174086 0.156171 0 0 0
0.687866 0.174130 0.156161 255 0 0
0.689473 0.174273 0.156085 255 0 0
0.691056 0.174425 0.156007 255 0 0
0.692674 0.174594 0.155937 255 0 0
0.694137 0.174745 0.155967 255 0 0
0.695862 0.174134 0.156280 255 0 0
0.697178 0.174065 0.156346 255 0 0
0.698782 0.173465 0.156765 255 0 0
0.700388 0.172723 0.157126 255 0 0
0.701817 0.172805 0.157144 255 0 0
0.703319 0.173077 0.157226 255 0 0
0.704992 0.172521 0.157539 255 0 0
0.706464 0.172678 0.157581 255 0 0
0.708039 0.172853 0.157532 255 0 0
0.709490 0.172870 0.157515 255 0 0
0.711152 0.172119 0.157759 255 0 0
0.712636 0.172270 0.157799 0 0 0
0.714122 0.172413 0.157843 0 0 0
0.715655 0.171578 0.158177 0 0 0
0.717141 0.171000 0.158576 255 0 0
0.718549 0.171163 0.158761 255 0 0
0.720079 0.170473 0.159151 255 0 0
0.721597 0.169788 0.159538 255 0 0
0.723017 0.169956 0.159724 255 0 0
0.724591 0.169508 0.160062 255 0 0
0.725909 0.169426 0.160138 255 0 0
0.727541 0.168692 0.160396 255 0 0
0.728901 0.168790 0.160535 255 0 0
0.730509 0.168086 0.160787 255 0 0
0.731947 0.168084 0.160774 255 0 0
0.733522 0.168225 0.160702 255 0 0
0.735104 0.168369 0.160633 255 0 0
0.736544 0.168520 0.160684 255 0 0
0.738064 0.167931 0.160946 255 0 0
0.739560 0.168136 0.161047 0 0 0
0.741063 0.168334 0.161146 0 0 0
0.742590 0.167859 0.161451 0 0 0
0.743972 0.167789 0.161576 255 0 0
0.745407 0.167150 0.161947 255 0 0
0.746842 0.166352 0.162292 0 0 0
0.748277 0.166471 0.162495 0 0 0
0.749740 0.165897 0.162941 0 0 0
0.750694 0.165231 0.163238 0 0 0
0.537087 0.178072 0.149128 0 0 0
0.538341 0.178322 0.149116 0 0 0
0.540050 0.178501 0.149039 0 0 0
0.541695 0.178654 0.148957 0 0 0
0.543380 0.178825 0.148884 0 0 0
0.544813 0.179036 0.148904 0 0 0
0.547011 0.178363 0.149246 0 0 0
0.548182 0.178399 0.149240 0 0 0
0.550390 0.177708 0.149568 0 0 0
0.551822 0.177804 0.149540 0 0 0
0.553489 0.177954 0.149460 0 0 0
0.555133 0.178096 0.149377 0 0 0
0.556776 0.178244 0.149293 0 0 0
0.558423 0.178383 0.149206 0 0 0
0.560042 0.178553 0.149135 0 0 0
0.561681 0.178826 0.149103 0 0 0
0.563337 0.178995 0.149027 0 0 0
0.565003 0.179148 0.148947 0 0 0
0.566414 0.179241 0.148910 0 0 0
0.568570 0.178688 0.149306 0 0 0
0.569977 0.178773 0.149269 0 0 0
0.571656 0.178951 0.149194 0 0 0
0.573293 0.179227 0.149163 0 0 0
0.574910 0.179399 0.149093 0 0 0
0.576577 0.179546 0.149011 0 0 0
0.578005 0.179632 0.148972 0 0 0
0.580150 0.178957 0.149313 0 0 0
0.581362 0.179088 0.149363 0 0 0
0.583465 0.178426 0.149709 0 0 0
0.584890 0.178509 0.149676 255 0 0
0.586547 0.178658 0.149596 255 0 0
0.588219 0.178825 0.149522 255 0 0
0.589651 0.179017 0.149535 255 0 0
0.591521 0.178295 0.149926 255 0 0
0.593408 0.177688 0.150362 255 0 0
0.594647 0.177705 0.150388 255 0 0
0.596529 0.177102 0.150827 255 0 0
0.598403 0.176502 0.151264 255 0 0
0.599634 0.176518 0.151289 255 0 0
0.601707 0.175979 0.151679 255 0 0
0.602929 0.175990 0.151699 255 0 0
0.604987 0.175298 0.152024 255 0 0
0.606402 0.175372 0.151989 255 0 0
0.608071 0.175526 0.151906 255 0 0
0.609422 0.175684 0.151814 255 0 0
0.611470 0.176959 0.151327 255 0 0
0.612806 0.177096 0.151227 255 0 0
0.614488 0.177121 0.151092 255 0 0
0.615928 0.177170 0.151054 255 0 0
0.617941 0.176477 0.151371 255 0 0
0.619350 0.176588 0.151356 255 0 0
0.620802 0.176792 0.151382 255 0 0
0.622801 0.176278 0.151769 0 0 0
0.624216 0.176356 0.151744 255 0 0
0.625865 0.176522 0.151671 255 0 0
0.627488 0.176797 0.151640 255 0 0
0.629097 0.176969 0.151576 255 0 0
0.630531 0.177035 0.151544 255 0 0
0.632506 0.176334 0.151848 255 0 0
0.633937 0.176304 0.151791 0 0 0
0.635385 0.176465 0.151810 0 0 0
0.637302 0.175846 0.152145 0 0 0
0.638768 0.176043 0.152172 0 0 0
0.640241 0.176227 0.152199 0 0 0
0.641986 0.175366 0.152536 0 0 0
0.643667 0.174787 0.152950 0 0 0
0.645172 0.174985 0.153005 0 0 0
0.646681 0.175175 0.153057 0 0 0
0.648360 0.174451 0.153421 0 0 0
0.650061 0.173692 0.153768 0 0 0
0.651540 0.173763 0.153769 0 0 0
0.653152 0.174054 0.153760 0 0 0
0.654609 0.174282 0.153822 0 0 0
0.656449 0.173784 0.154176 0 0 0
0.657886 0.173842 0.154164 0 0 0
0.659337 0.173886 0.154140 0 0 0
0.661242 0.173100 0.154407 0 0 0
0.662491 0.173161 0.154475 0 0 0
0.664308 0.172512 0.154777 0 0 0
0.665776 0.172579 0.154777 0 0 0
0.667397 0.172739 0.154708 0 0 0
0.668989 0.173047 0.154700 0 0 0
0.670405 0.173253 0.154742 0 0 0
0.672236 0.172633 0.155055 0 0 0
0.673705 0.172803 0.155090 0 0 0
0.675125 0.172880 0.155091 0 0 0
0.676951 0.172239 0.155401 0 0 0
0.678249 0.172303 0.155489 0 0 0
0.680018 0.171690 0.155807 0 0 0
0.681458 0.171734 0.155797 0 0 0
0.683081 0.171870 0.155726 0 0 0
0.684528 0.171920 0.155720 0 0 0
0.686268 0.171434 0.156066 255 0 0
0.687710 0.171485 0.156060 0 0 0
0.689332 0.171621 0.155990 255 0 0
0.690766 0.171652 0.155979 255 0 0
0.692520 0.170997 0.156268 255 0 0
0.693919 0.171069 0.156270 255 0 0
0.695554 0.171348 0.156249 255 0 0
0.697013 0.171416 0.156253 255 0 0
0.698713 0.170957 0.156600 255 0 0
0.700195 0.171120 0.156647 255 0 0
0.701610 0.171176 0.156655 255 0 0
0.703260 0.170249 0.156954 255 0 0
0.704741 0.169556 0.157146 255 0 0
0.706193 0.169669 0.157322 255 0 0
0.707787 0.169880 0.157311 255 0 0
0.709400 0.170177 0.157293 255 0 0
0.710873 0.170345 0.157334 255 0 0
0.712508 0.169761 0.157633 255 0 0
0.713970 0.169792 0.157642 0 0 0
0.715502 0.169957 0.157719 0 0 0
0.716963 0.169373 0.158115 0 0 0
0.718404 0.168544 0.158568 255 0 0
0.719938 0.167969 0.158993 255 0 0
0.721274 0.167989 0.159117 255 0 0
0.722785 0.167284 0.159498 255 0 0
0.724319 0.166546 0.159857 255 0 0
0.725728 0.166602 0.159882 255 0 0
0.727226 0.166853 0.159968 255 0 0
0.728826 0.166148 0.160216 255 0 0
0.730240 0.166324 0.160273 255 0 0
0.731831 0.166614 0.160256 255 0 0
0.733349 0.166670 0.160153 255 0 0
0.734913 0.166933 0.160125 255 0 0
0.736432 0.166985 0.160155 255 0 0
0.737979 0.166492 0.160457 255 0 0
0.739279 0.166373 0.160539 0 0 0
0.740787 0.165490 0.160864 0 0 0
0.742173 0.164903 0.161247 0 0 0
0.743602 0.164944 0.161420 0 0 0
0.745148 0.164524 0.161760 255 0 0
0.746514 0.164522 0.161899 255 0 0
0.747951 0.163838 0.162283 255 0 0
0.749434 0.163304 0.162692 0 0 0
0.750412 0.163387 0.162763 0 0 0
0.533626 0.176826 0.148096 0 0 0
0.535528 0.176298 0.148513 0 0 0
0.536699 0.176445 0.148558 0 0 0
0.538948 0.175614 0.148849 0 0 0
0.540351 0.175706 0.148804 0 0 0
0.542020 0.175855 0.148722 0 0 0
0.543661 0.176006 0.148640 0 0 0
0.545315 0.176174 0.148564 0 0 0
0.546973 0.176438 0.148531 0 0 0
0.548409 0.176543 0.148504 0 0 0
0.550534 0.175893 0.148663 0 0 0
0.551973 0.175999 0.148625 0 0 0
0.553591 0.176155 0.148575 0 0 0
0.555255 0.176399 0.148680 0 0 0
0.556895 0.176581 0.148632 0 0 0
0.558554 0.176856 0.148604 0 0 0
0.559981 0.176961 0.148568 0 0 0
0.562141 0.176266 0.148903 0 0 0
0.563581 0.176356 0.148868 0 0 0
0.565010 0.176437 0.148833 0 0 0
0.567155 0.175889 0.149227 0 0 0
0.568569 0.175993 0.149194 0 0 0
0.570227 0.176146 0.149114 0 0 0
0.571862 0.176296 0.149033 0 0 0
0.573497 0.176445 0.148951 0 0 0
0.575132 0.176596 0.148869 0 0 0
0.576791 0.176746 0.148789 0 0 0
0.578215 0.176835 0.148757 0 0 0
0.580330 0.176293 0.149150 0 0 0
0.581541 0.176318 0.149164 0 0 0
0.583642 0.175650 0.149509 0 0 0
0.585054 0.175850 0.149520 255 0 0
0.586722 0.176018 0.149446 255 0 0
0.588374 0.176167 0.149367 255 0 0
0.589806 0.176249 0.149341 255 0 0
0.591676 0.175650 0.149778 255 0 0
0.593560 0.175051 0.150217 255 0 0
0.594791 0.175067 0.150245 255 0 0
0.596668 0.174462 0.150683 255 0 0
0.598559 0.173704 0.151064 255 0 0
0.599766 0.173717 0.151083 255 0 0
0.601771 0.173210 0.151471 255 0 0
0.603227 0.173425 0.151509 255 0 0
0.604880 0.173718 0.151488 255 0 0
0.606468 0.173893 0.151422 255 0 0
0.608091 0.174043 0.151341 255 0 0
0.609687 0.174167 0.151251 255 0 0
0.611314 0.174186 0.151117 255 0 0
0.612951 0.174317 0.151028 255 0 0
0.614564 0.174467 0.150947 255 0 0
0.616193 0.174634 0.150872 255 0 0
0.617859 0.174915 0.150840 255 0 0
0.619062 0.175066 0.150805 255 0 0
0.621423 0.173439 0.151747 255 0 0
0.622632 0.173560 0.151698 255 0 0
0.624291 0.173717 0.151617 255 0 0
0.625903 0.173865 0.151536 255 0 0
0.627515 0.174012 0.151456 255 0 0
0.629148 0.174158 0.151378 255 0 0
0.630606 0.174222 0.151363 255 0 0
0.632248 0.173767 0.151692 255 0 0
0.634033 0.174666 0.151294 0 0 0
0.635747 0.174052 0.151582 0 0 0
0.637009 0.174131 0.151654 0 0 0
0.638929 0.173493 0.151988 0 0 0
0.640388 0.173570 0.151977 0 0 0
0.641885 0.173758 0.152026 0 0 0
0.643575 0.173020 0.152387 0 0 0
0.645290 0.172248 0.152732 0 0 0
0.646746 0.172363 0.152758 0 0 0
0.648253 0.172670 0.152852 0 0 0
0.650078 0.172092 0.153185 0 0 0
0.651511 0.172265 0.153212 0 0 0
0.652968 0.172314 0.153193 0 0 0
0.654703 0.171438 0.153521 0 0 0
0.656374 0.170811 0.153912 0 0 0
0.657836 0.170865 0.153910 0 0 0
0.659457 0.171023 0.153840 0 0 0
0.661044 0.171332 0.153833 0 0 0
0.662498 0.171555 0.153898 0 0 0
0.664311 0.171060 0.154249 0 0 0
0.665725 0.171131 0.154241 0 0 0
0.667355 0.171269 0.154168 0 0 0
0.668785 0.171301 0.154145 0 0 0
0.670471 0.170556 0.154516 0 0 0
0.672111 0.169846 0.154898 0 0 0
0.673564 0.170005 0.154932 0 0 0
0.675034 0.170063 0.154931 0 0 0
0.676811 0.169447 0.155251 0 0 0
0.678099 0.169509 0.155341 0 0 0
0.679912 0.168865 0.155648 0 0 0
0.681300 0.168946 0.155648 0 0 0
0.682933 0.169215 0.155626 0 0 0
0.684384 0.169281 0.155626 0 0 0
0.686119 0.168798 0.155973 0 0 0
0.687555 0.168847 0.155968 255 0 0
0.689150 0.168988 0.155894 255 0 0
0.690738 0.169150 0.155821 255 0 0
0.692347 0.169428 0.155795 255 0 0
0.693749 0.169508 0.155799 255 0 0
0.695506 0.168850 0.156094 255 0 0
0.696802 0.168774 0.156155 255 0 0
0.698536 0.168119 0.156445 255 0 0
0.699965 0.168151 0.156429 255 0 0
0.701561 0.168307 0.156362 255 0 0
0.703174 0.168658 0.156398 255 0 0
0.704622 0.168948 0.156643 255 0 0
0.706235 0.168393 0.156797 0 0 0
0.707569 0.168288 0.156839 255 0 0
0.709155 0.167391 0.157161 255 0 0
0.710679 0.166755 0.157535 255 0 0
0.712164 0.166796 0.157553 255 0 0
0.713715 0.166979 0.157510 255 0 0
0.715180 0.167138 0.157565 255 0 0
0.716708 0.166569 0.157987 255 0 0
0.718145 0.165751 0.158446 255 0 0
0.719604 0.165172 0.158848 255 0 0
0.720991 0.165205 0.158995 255 0 0
0.722641 0.164621 0.159294 255 0 0
0.724068 0.164793 0.159355 255 0 0
0.725501 0.164967 0.159417 255 0 0
0.727105 0.164261 0.159667 255 0 0
0.728594 0.164513 0.159753 255 0 0
0.730040 0.164540 0.159781 255 0 0
0.731275 0.163865 0.159980 255 0 0
0.733426 0.164821 0.159661 255 0 0
0.734583 0.164133 0.159975 255 0 0
0.736101 0.163353 0.160336 255 0 0
0.737484 0.163410 0.160359 255 0 0
0.739091 0.163699 0.160347 0 0 0
0.740614 0.163879 0.160438 0 0 0
0.741978 0.163296 0.160820 0 0 0
0.743356 0.162305 0.161235 0 0 0
0.744779 0.161656 0.161603 255 0 0
0.746171 0.161584 0.161758 255 0 0
0.747177 0.161336 0.162066 255 0 0
0.532324 0.174026 0.148012 0 0 0
0.534168 0.173355 0.148367 0 0 0
0.535575 0.173569 0.148378 0 0 0
0.537272 0.173760 0.148311 0 0 0
0.538904 0.174036 0.148281 0 0 0
0.540522 0.174206 0.148210 0 0 0
0.542165 0.174357 0.148127 0 0 0
0.543805 0.174508 0.148045 0 0 0
0.545444 0.174656 0.147962 0 0 0
0.547084 0.174798 0.147877 0 0 0
0.548747 0.174955 0.147818 0 0 0
0.550411 0.175184 0.147924 0 0 0
0.552025 0.175337 0.147873 0 0 0
0.553473 0.175440 0.147835 0 0 0
0.555618 0.174802 0.148002 0 0 0
0.556819 0.174825 0.147995 0 0 0
0.559037 0.174141 0.148344 0 0 0
0.560223 0.174177 0.148352 0 0 0
0.562390 0.173632 0.148749 0 0 0
0.563821 0.173727 0.148718 0 0 0
0.565257 0.173829 0.148687 0 0 0
0.567401 0.173284 0.149083 0 0 0
0.568793 0.173364 0.149047 0 0 0
0.570450 0.173513 0.148967 0 0 0
0.572078 0.173666 0.148885 0 0 0
0.573707 0.173828 0.148805 0 0 0
0.575340 0.173979 0.148723 0 0 0
0.576995 0.174116 0.148643 0 0 0
0.578411 0.174201 0.148612 0 0 0
0.580499 0.173663 0.149002 0 0 0
0.581948 0.173771 0.148979 0 0 0
0.583382 0.173979 0.148993 0 0 0
0.585468 0.173315 0.149338 255 0 0
0.586865 0.173388 0.149304 255 0 0
0.588540 0.173534 0.149226 255 0 0
0.589966 0.173615 0.149201 255 0 0
0.591829 0.173012 0.149637 255 0 0
0.593730 0.172254 0.150019 255 0 0
0.594932 0.172273 0.150038 255 0 0
0.596962 0.171785 0.150437 255 0 0
0.598430 0.172108 0.150520 255 0 0
0.599881 0.172231 0.150532 255 0 0
0.601709 0.171459 0.150887 255 0 0
0.603526 0.170706 0.151245 255 0 0
0.604969 0.170785 0.151234 255 0 0
0.606606 0.170928 0.151156 255 0 0
0.608189 0.171092 0.151086 255 0 0
0.609803 0.171369 0.151056 255 0 0
0.611428 0.171536 0.150981 255 0 0
0.613037 0.171685 0.150901 255 0 0
0.614649 0.171833 0.150820 255 0 0
0.616285 0.171978 0.150742 255 0 0
0.617697 0.172033 0.150717 255 0 0
0.619511 0.171285 0.151099 255 0 0
0.621253 0.170855 0.151571 255 0 0
0.622742 0.170918 0.151563 255 0 0
0.624345 0.170957 0.151449 255 0 0
0.625937 0.171213 0.151410 255 0 0
0.627559 0.171379 0.151335 255 0 0
0.629184 0.171525 0.151258 255 0 0
0.630608 0.171593 0.151236 255 0 0
0.632554 0.170910 0.151550 255 0 0
0.633969 0.170961 0.151518 255 0 0
0.635618 0.171112 0.151444 255 0 0
0.637029 0.171193 0.151429 0 0 0
0.638921 0.170658 0.151781 255 0 0
0.640343 0.170769 0.151795 0 0 0
0.641999 0.171062 0.151780 0 0 0
0.643482 0.171267 0.151829 0 0 0
0.645337 0.170779 0.152203 0 0 0
0.646571 0.170766 0.152236 0 0 0
0.648538 0.169952 0.152510 0 0 0
0.649766 0.170022 0.152575 0 0 0
0.651624 0.169369 0.152884 0 0 0
0.653109 0.169456 0.152893 0 0 0
0.654580 0.169667 0.152954 0 0 0
0.656340 0.169186 0.153311 0 0 0
0.657791 0.169400 0.153367 0 0 0
0.659429 0.169556 0.153301 0 0 0
0.660849 0.169585 0.153275 0 0 0
0.662562 0.168691 0.153599 0 0 0
0.664171 0.168105 0.154004 0 0 0
0.665646 0.168298 0.154062 0 0 0
0.667280 0.168457 0.153998 0 0 0
0.668711 0.168507 0.153987 0 0 0
0.670518 0.167905 0.154317 0 0 0
0.671800 0.168084 0.154440 0 0 0
0.673621 0.167312 0.154711 0 0 0
0.675031 0.167404 0.154718 0 0 0
0.676504 0.167696 0.154799 0 0 0
0.678271 0.167124 0.155126 0 0 0
0.679734 0.167291 0.155167 0 0 0
0.681140 0.167364 0.155173 0 0 0
0.682930 0.166704 0.155473 0 0 0
0.684215 0.166649 0.155531 0 0 0
0.685994 0.165988 0.155829 0 0 0
0.687374 0.166063 0.155831 255 0 0
0.688983 0.166339 0.155805 255 0 0
0.690586 0.166495 0.155736 255 0 0
0.692009 0.166531 0.155732 255 0 0
0.693727 0.166051 0.156078 255 0 0
0.695161 0.166103 0.156077 255 0 0
0.696756 0.166266 0.156009 255 0 0
0.698344 0.166544 0.155978 255 0 0
0.699876 0.166728 0.155922 255 0 0
0.701465 0.166865 0.155847 255 0 0
0.702893 0.166867 0.155829 255 0 0
0.704487 0.165984 0.156150 255 0 0
0.706010 0.165363 0.156526 255 0 0
0.707510 0.165417 0.156557 255 0 0
0.709001 0.165616 0.156641 255 0 0
0.710548 0.165168 0.156966 255 0 0
0.712040 0.165367 0.157048 255 0 0
0.713492 0.165400 0.157054 255 0 0
0.715044 0.164649 0.157412 255 0 0
0.716611 0.163918 0.157788 255 0 0
0.717946 0.163975 0.157933 255 0 0
0.719424 0.163319 0.158286 255 0 0
0.720907 0.162543 0.158479 255 0 0
0.722344 0.162813 0.158740 255 0 0
0.723820 0.163018 0.158842 255 0 0
0.725442 0.162315 0.159107 255 0 0
0.726785 0.162432 0.159252 255 0 0
0.728392 0.161700 0.159503 255 0 0
0.729800 0.161763 0.159528 255 0 0
0.731277 0.162005 0.159616 255 0 0
0.732817 0.161336 0.159878 255 0 0
0.734278 0.161487 0.159925 255 0 0
0.735887 0.161776 0.159912 255 0 0
0.737273 0.161818 0.159929 255 0 0
0.738832 0.161076 0.160169 0 0 0
0.740188 0.161066 0.160293 0 0 0
0.741724 0.160530 0.160605 0 0 0
0.743167 0.160672 0.160804 0 0 0
0.744647 0.160152 0.161094 255 0 0
0.745694 0.160335 0.161211 255 0 0
0.529618 0.171189 0.147967 0 0 0
0.530832 0.171303 0.147906 0 0 0
0.532564 0.171492 0.147831 0 0 0
0.533949 0.171704 0.147837 0 0 0
0.536174 0.171003 0.148180 0 0 0
0.537590 0.170982 0.148093 0 0 0
0.539228 0.171101 0.148000 0 0 0
0.540865 0.171255 0.147919 0 0 0
0.542499 0.171418 0.147841 0 0 0
0.544136 0.171569 0.147760 0 0 0
0.545772 0.171708 0.147673 0 0 0
0.547406 0.171856 0.147591 0 0 0
0.549044 0.172005 0.147508 0 0 0
0.550655 0.172176 0.147439 0 0 0
0.552311 0.172455 0.147411 0 0 0
0.553734 0.172562 0.147381 0 0 0
0.555913 0.171890 0.147735 0 0 0
0.557083 0.172034 0.147782 0 0 0
0.559291 0.171379 0.148147 0 0 0
0.560462 0.171528 0.148198 0 0 0
0.562667 0.171001 0.148609 0 0 0
0.563830 0.171029 0.148618 0 0 0
0.566001 0.170484 0.149019 0 0 0
0.567400 0.170586 0.148988 0 0 0
0.569049 0.170739 0.148908 0 0 0
0.570699 0.170889 0.148829 0 0 0
0.572088 0.170978 0.148795 0 0 0
0.574252 0.170437 0.149189 0 0 0
0.575394 0.170529 0.149130 0 0 0
0.577427 0.171455 0.148528 0 0 0
0.578579 0.171565 0.148478 0 0 0
0.580720 0.171030 0.148868 0 0 0
0.581897 0.171045 0.148881 0 0 0
0.584033 0.170342 0.149216 0 0 0
0.585433 0.170434 0.149180 255 0 0
0.587078 0.170583 0.149100 255 0 0
0.588693 0.170758 0.149037 255 0 0
0.590107 0.170968 0.149058 255 0 0
0.592181 0.170476 0.149462 255 0 0
0.593613 0.170684 0.149486 255 0 0
0.595051 0.170791 0.149490 255 0 0
0.596894 0.170015 0.149846 255 0 0
0.598697 0.169279 0.150216 255 0 0
0.600169 0.169501 0.150264 255 0 0
0.601642 0.169714 0.150307 255 0 0
0.603635 0.169054 0.150632 255 0 0
0.605029 0.169132 0.150601 255 0 0
0.606659 0.169305 0.150539 255 0 0
0.608064 0.169500 0.150554 255 0 0
0.610111 0.168680 0.150827 255 0 0
0.611512 0.168736 0.150788 255 0 0
0.613110 0.168906 0.150725 255 0 0
0.614721 0.169188 0.150696 255 0 0
0.616339 0.169354 0.150621 255 0 0
0.618001 0.169527 0.150550 255 0 0
0.619247 0.169772 0.150565 255 0 0
0.621553 0.168002 0.151414 255 0 0
0.622519 0.168140 0.151375 255 0 0
0.624454 0.169316 0.150956 255 0 0
0.626164 0.168520 0.151177 255 0 0
0.627587 0.168572 0.151147 255 0 0
0.629212 0.168716 0.151069 255 0 0
0.630791 0.168912 0.151013 255 0 0
0.632412 0.169324 0.151034 255 0 0
0.633992 0.169520 0.150977 255 0 0
0.635612 0.169665 0.150901 255 0 0
0.637069 0.169744 0.150898 0 0 0
0.638976 0.169205 0.151255 0 0 0
0.640200 0.169194 0.151286 0 0 0
0.642147 0.168385 0.151567 0 0 0
0.643387 0.168474 0.151641 0 0 0
0.645319 0.167815 0.151964 0 0 0
0.646743 0.167888 0.151943 0 0 0
0.648351 0.168194 0.151938 0 0 0
0.649791 0.168421 0.152001 0 0 0
0.651645 0.167925 0.152360 0 0 0
0.653065 0.167995 0.152354 0 0 0
0.654549 0.168048 0.152358 0 0 0
0.656222 0.167426 0.152757 0 0 0
0.657914 0.166707 0.153138 0 0 0
0.659334 0.166758 0.153128 0 0 0
0.660969 0.166916 0.153063 0 0 0
0.662444 0.167109 0.153122 0 0 0
0.664055 0.166520 0.153530 0 0 0
0.665750 0.165610 0.153847 0 0 0
0.667163 0.165649 0.153827 0 0 0
0.668755 0.165842 0.153781 0 0 0
0.670202 0.166142 0.153857 0 0 0
0.671992 0.165565 0.154189 0 0 0
0.673448 0.165737 0.154229 0 0 0
0.674849 0.165809 0.154237 0 0 0
0.676510 0.165049 0.154604 0 0 0
0.678162 0.164290 0.154969 0 0 0
0.679555 0.164363 0.154978 0 0 0
0.681015 0.164539 0.155024 0 0 0
0.682800 0.164046 0.155371 0 0 0
0.684193 0.164012 0.155338 0 0 0
0.685817 0.164398 0.155358 0 0 0
0.687206 0.164483 0.155363 0 0 0
0.688982 0.163669 0.155601 0 0 0
0.690411 0.163682 0.155582 0 0 0
0.691837 0.163734 0.155589 0 0 0
0.693525 0.163220 0.155909 255 0 0
0.694993 0.163281 0.155925 255 0 0
0.696573 0.163422 0.155852 255 0 0
0.698138 0.163565 0.155774 255 0 0
0.699703 0.163709 0.155696 255 0 0
0.701269 0.163855 0.155619 255 0 0
0.702814 0.164056 0.155576 255 0 0
0.704338 0.164368 0.155689 255 0 0
0.705937 0.163807 0.155991 255 0 0
0.707368 0.163973 0.156044 255 0 0
0.708872 0.164020 0.156073 255 0 0
0.710385 0.163389 0.156449 255 0 0
0.711968 0.162511 0.156780 255 0 0
0.713243 0.162426 0.156851 255 0 0
0.714874 0.161930 0.157172 255 0 0
0.716344 0.162156 0.157271 255 0 0
0.717821 0.162372 0.157369 255 0 0
0.719485 0.161917 0.157743 255 0 0
0.720787 0.161946 0.158007 255 0 0
0.722220 0.161256 0.158213 255 0 0
0.723775 0.160386 0.158540 255 0 0
0.725108 0.160503 0.158691 255 0 0
0.726680 0.159843 0.158968 255 0 0
0.728165 0.160102 0.159060 255 0 0
0.729572 0.160161 0.159086 255 0 0
0.731164 0.159431 0.159337 255 0 0
0.732509 0.159543 0.159487 255 0 0
0.734093 0.158825 0.159738 255 0 0
0.735464 0.158859 0.159752 255 0 0
0.737072 0.159140 0.159739 255 0 0
0.738531 0.159278 0.159788 255 0 0
0.740038 0.158617 0.160053 0 0 0
0.741408 0.158725 0.160216 255 0 0
0.742973 0.158212 0.160522 255 0 0
0.743969 0.158309 0.160588 255 0 0
0.529970 0.168588 0.147819 0 0 0
0.531178 0.168700 0.147759 0 0 0
0.532890 0.168855 0.147676 0 0 0
0.534298 0.168948 0.147642 0 0 0
0.536297 0.168464 0.147988 0 0 0
0.537928 0.169425 0.147531 0 0 0
0.539357 0.169615 0.147422 0 0 0
0.541024 0.169759 0.147329 0 0 0
0.542677 0.169782 0.147195 0 0 0
0.544271 0.169923 0.147113 0 0 0
0.545899 0.170205 0.147084 0 0 0
0.547545 0.170375 0.147010 0 0 0
0.549201 0.170523 0.146929 0 0 0
0.550598 0.170610 0.146886 0 0 0
0.552780 0.169776 0.147176 0 0 0
0.554207 0.170003 0.147192 0 0 0
0.555643 0.170231 0.147209 0 0 0
0.557826 0.169581 0.147572 0 0 0
0.558997 0.169732 0.147625 0 0 0
0.560970 0.169005 0.148032 0 0 0
0.562907 0.168390 0.148471 0 0 0
0.564084 0.168418 0.148487 0 0 0
0.566256 0.167713 0.148823 0 0 0
0.567645 0.167797 0.148784 0 0 0
0.569317 0.167941 0.148705 0 0 0
0.570693 0.168022 0.148672 0 0 0
0.572801 0.167473 0.149054 0 0 0
0.574243 0.167584 0.149034 0 0 0
0.575634 0.167754 0.148939 0 0 0
0.577615 0.168845 0.148402 0 0 0
0.578774 0.168959 0.148350 0 0 0
0.580899 0.168427 0.148741 0 0 0
0.582296 0.168521 0.148714 0 0 0
0.583940 0.168799 0.148688 0 0 0
0.585530 0.168972 0.148620 255 0 0
0.587174 0.169116 0.148540 255 0 0
0.588584 0.169192 0.148507 255 0 0
0.590467 0.168437 0.148890 255 0 0
0.592320 0.167840 0.149327 255 0 0
0.593726 0.167919 0.149305 255 0 0
0.595396 0.168083 0.149237 255 0 0
0.596838 0.168278 0.149273 255 0 0
0.598631 0.167704 0.149704 255 0 0
0.600473 0.166838 0.150046 255 0 0
0.601882 0.167031 0.150065 255 0 0
0.603529 0.167314 0.150040 255 0 0
0.605130 0.167483 0.149976 255 0 0
0.606530 0.167552 0.149942 255 0 0
0.608585 0.166747 0.150222 255 0 0
0.609953 0.166957 0.150247 255 0 0
0.611578 0.167261 0.150238 255 0 0
0.612992 0.167343 0.150210 255 0 0
0.615014 0.166487 0.150470 255 0 0
0.616378 0.166581 0.150452 255 0 0
0.618021 0.166861 0.150430 255 0 0
0.619487 0.166974 0.150435 255 0 0
0.621426 0.166619 0.150870 255 0 0
0.622775 0.166668 0.150840 255 0 0
0.624425 0.166690 0.150712 255 0 0
0.626053 0.166952 0.150673 255 0 0
0.627618 0.167128 0.150610 255 0 0
0.629241 0.167270 0.150532 255 0 0
0.630649 0.167324 0.150500 255 0 0
0.632585 0.166515 0.150772 255 0 0
0.633991 0.166697 0.150791 255 0 0
0.635643 0.166857 0.150723 255 0 0
0.637059 0.166919 0.150705 255 0 0
0.638949 0.166282 0.151035 0 0 0
0.640394 0.166481 0.151066 255 0 0
0.641846 0.166676 0.151097 0 0 0
0.643717 0.165929 0.151390 0 0 0
0.645144 0.166236 0.151459 0 0 0
0.646753 0.166427 0.151410 0 0 0
0.648169 0.166466 0.151385 0 0 0
0.649903 0.165724 0.151765 0 0 0
0.651601 0.165137 0.152193 0 0 0
0.653040 0.165192 0.152188 0 0 0
0.654483 0.165244 0.152184 0 0 0
0.656171 0.164652 0.152613 0 0 0
0.657877 0.163897 0.152984 0 0 0
0.659288 0.163944 0.152965 0 0 0
0.660872 0.164119 0.152913 0 0 0
0.662305 0.164309 0.152953 0 0 0
0.664135 0.163856 0.153328 0 0 0
0.665564 0.164046 0.153367 0 0 0
0.667145 0.164220 0.153316 0 0 0
0.668562 0.164260 0.153299 0 0 0
0.670238 0.163497 0.153669 0 0 0
0.671866 0.162785 0.154053 0 0 0
0.673304 0.162949 0.154092 0 0 0
0.674760 0.163016 0.154097 0 0 0
0.676532 0.162553 0.154458 0 0 0
0.677983 0.162729 0.154505 0 0 0
0.679377 0.162801 0.154515 0 0 0
0.681049 0.162026 0.154891 0 0 0
0.682365 0.161339 0.155217 0 0 0
0.684288 0.162359 0.154893 0 0 0
0.685758 0.161585 0.155092 0 0 0
0.687200 0.161615 0.155082 0 0 0
0.688763 0.161933 0.155078 0 0 0
0.690323 0.162255 0.155078 0 0 0
0.691803 0.162332 0.155101 0 0 0
0.693488 0.161825 0.155423 0 0 0
0.694888 0.161885 0.155428 255 0 0
0.696471 0.162026 0.155356 255 0 0
0.698034 0.162170 0.155278 255 0 0
0.699596 0.162314 0.155200 255 0 0
0.701176 0.162451 0.155125 255 0 0
0.702599 0.162469 0.155109 255 0 0
0.704299 0.161715 0.155371 255 0 0
0.705610 0.161847 0.155504 255 0 0
0.707320 0.161119 0.155781 255 0 0
0.708594 0.161050 0.155851 255 0 0
0.710244 0.160545 0.156173 255 0 0
0.711709 0.160772 0.156270 255 0 0
0.713184 0.161003 0.156370 255 0 0
0.714813 0.160512 0.156693 255 0 0
0.716086 0.160430 0.156771 255 0 0
0.717648 0.159678 0.157146 0 0 0
0.719152 0.158975 0.157531 255 0 0
0.720472 0.158993 0.157655 255 0 0
0.722093 0.158443 0.157978 255 0 0
0.723432 0.158576 0.158131 255 0 0
0.725026 0.157920 0.158421 255 0 0
0.726361 0.158027 0.158568 255 0 0
0.727964 0.157311 0.158825 255 0 0
0.729360 0.157367 0.158851 255 0 0
0.730842 0.157610 0.158940 255 0 0
0.732417 0.156902 0.159188 255 0 0
0.733830 0.157079 0.159256 255 0 0
0.735250 0.157255 0.159326 255 0 0
0.736799 0.156536 0.159566 255 0 0
0.738261 0.156670 0.159620 255 0 0
0.739724 0.156792 0.159680 255 0 0
0.741175 0.155944 0.160038 255 0 0
0.742088 0.155563 0.160400 255 0 0
0.528701 0.165814 0.147760 0 0 0
0.529899 0.165938 0.147701 0 0 0
0.531578 0.166095 0.147617 0 0 0
0.533233 0.166245 0.147537 0 0 0
0.534631 0.166336 0.147502 0 0 0
0.536644 0.165694 0.147794 0 0 0
0.538262 0.166647 0.147331 0 0 0
0.539730 0.166827 0.147202 0 0 0
0.541170 0.166895 0.147045 0 0 0
0.543044 0.168060 0.146557 0 0 0
0.544206 0.168193 0.146496 0 0 0
0.546449 0.167514 0.146841 0 0 0
0.547821 0.167594 0.146802 0 0 0
0.549476 0.167743 0.146722 0 0 0
0.551144 0.167916 0.146649 0 0 0
0.552529 0.168137 0.146659 0 0 0
0.554728 0.167461 0.147017 0 0 0
0.555881 0.167493 0.147027 0 0 0
0.557851 0.166877 0.147475 0 0 0
0.559808 0.166136 0.147876 0 0 0
0.560967 0.166288 0.147933 0 0 0
0.563138 0.165774 0.148343 0 0 0
0.564541 0.165885 0.148319 0 0 0
0.566181 0.166165 0.148293 0 0 0
0.567771 0.166341 0.148226 0 0 0
0.569415 0.166500 0.148149 0 0 0
0.570835 0.166583 0.148131 0 0 0
0.572926 0.166034 0.148511 0 0 0
0.574312 0.166127 0.148482 0 0 0
0.575955 0.166243 0.148393 0 0 0
0.577352 0.166191 0.148308 0 0 0
0.579467 0.165495 0.148646 0 0 0
0.580849 0.165712 0.148661 0 0 0
0.582500 0.165883 0.148590 0 0 0
0.584110 0.166031 0.148510 0 0 0
0.585722 0.166180 0.148429 255 0 0
0.587357 0.166327 0.148351 255 0 0
0.588764 0.166403 0.148326 255 0 0
0.590633 0.165652 0.148710 255 0 0
0.592465 0.165052 0.149130 255 0 0
0.593897 0.165124 0.149116 255 0 0
0.595517 0.165297 0.149057 255 0 0
0.596917 0.165502 0.149080 255 0 0
0.599012 0.164867 0.149434 255 0 0
0.600179 0.164994 0.149494 255 0 0
0.602202 0.164332 0.149822 255 0 0
0.603624 0.164404 0.149809 255 0 0
0.605245 0.164544 0.149731 255 0 0
0.606862 0.164696 0.149652 255 0 0
0.608458 0.165001 0.149641 255 0 0
0.609829 0.165212 0.149668 255 0 0
0.611843 0.164426 0.149959 255 0 0
0.613247 0.164635 0.149982 255 0 0
0.614911 0.164932 0.149965 255 0 0
0.616280 0.165022 0.149953 255 0 0
0.618079 0.164249 0.150326 255 0 0
0.619894 0.163482 0.150705 255 0 0
0.621291 0.163553 0.150678 255 0 0
0.622904 0.163699 0.150601 255 0 0
0.624498 0.163846 0.150521 255 0 0
0.626092 0.163993 0.150441 255 0 0
0.627689 0.164139 0.150362 255 0 0
0.629247 0.164318 0.150300 255 0 0
0.630884 0.164617 0.150282 255 0 0
0.632304 0.164822 0.150310 255 0 0
0.634208 0.164184 0.150642 255 0 0
0.635612 0.164247 0.150623 0 0 0
0.637259 0.164408 0.150556 255 0 0
0.638670 0.164590 0.150580 0 0 0
0.640552 0.163955 0.150910 0 0 0
0.641991 0.164034 0.150902 0 0 0
0.643426 0.164222 0.150930 0 0 0
0.645308 0.163587 0.151261 0 0 0
0.646722 0.163631 0.151246 0 0 0
0.648163 0.163686 0.151240 0 0 0
0.649865 0.163095 0.151672 0 0 0
0.651589 0.162337 0.152046 0 0 0
0.652976 0.162420 0.152048 0 0 0
0.654422 0.162612 0.152090 0 0 0
0.656278 0.162156 0.152471 0 0 0
0.657700 0.162348 0.152509 0 0 0
0.659279 0.162528 0.152458 0 0 0
0.660694 0.162584 0.152441 0 0 0
0.662397 0.161816 0.152814 0 0 0
0.664071 0.161042 0.153179 0 0 0
0.665434 0.161121 0.153181 0 0 0
0.667062 0.161396 0.153160 0 0 0
0.668490 0.161469 0.153160 0 0 0
0.670302 0.160997 0.153533 0 0 0
0.671558 0.161068 0.153625 0 0 0
0.673385 0.160264 0.153897 0 0 0
0.674615 0.160225 0.153949 0 0 0
0.676379 0.159698 0.154286 0 0 0
0.677850 0.159761 0.154304 0 0 0
0.679260 0.159822 0.154312 0 0 0
0.681000 0.159328 0.154648 0 0 0
0.682449 0.159508 0.154704 0 0 0
0.683960 0.159599 0.154624 0 0 0
0.685593 0.160000 0.154633 0 0 0
0.687139 0.160190 0.154585 0 0 0
0.688549 0.160202 0.154564 0 0 0
0.690294 0.159430 0.154828 0 0 0
0.691570 0.159478 0.154927 0 0 0
0.693324 0.158858 0.155234 255 0 0
0.694732 0.158886 0.155220 0 0 0
0.696310 0.159010 0.155142 0 0 0
0.697821 0.159192 0.155086 255 0 0
0.699433 0.159450 0.155043 255 0 0
0.701000 0.159456 0.154914 255 0 0
0.702517 0.159638 0.154864 255 0 0
0.703975 0.159924 0.154946 255 0 0
0.705660 0.159206 0.155210 255 0 0
0.707108 0.159338 0.155245 255 0 0
0.708529 0.159464 0.155304 255 0 0
0.710143 0.159104 0.155668 255 0 0
0.711457 0.159048 0.155768 255 0 0
0.713027 0.158297 0.156147 255 0 0
0.714541 0.157591 0.156534 255 0 0
0.715853 0.157616 0.156657 255 0 0
0.717491 0.157063 0.156983 255 0 0
0.718821 0.157205 0.157136 255 0 0
0.720430 0.156530 0.157426 255 0 0
0.721756 0.156657 0.157574 255 0 0
0.723400 0.155944 0.157848 255 0 0
0.724681 0.155968 0.157964 255 0 0
0.726249 0.155366 0.158241 255 0 0
0.727755 0.155517 0.158317 255 0 0
0.729120 0.155589 0.158353 255 0 0
0.730641 0.154997 0.158622 255 0 0
0.732182 0.155296 0.158752 0 0 0
0.733570 0.155342 0.158781 0 0 0
0.735143 0.154625 0.159035 0 0 0
0.736488 0.154731 0.159191 255 0 0
0.737998 0.154064 0.159459 255 0 0
0.739483 0.154226 0.159513 0 0 0
0.740671 0.154522 0.159554 0 0 0
0.525414 0.163621 0.147267 0 0 0
0.527261 0.163086 0.147675 0 0 0
0.528654 0.163190 0.147646 0 0 0
0.530303 0.163342 0.147567 0 0 0
0.531926 0.163491 0.147485 0 0 0
0.533545 0.163641 0.147405 0 0 0
0.535187 0.163812 0.147330 0 0 0
0.536779 0.164063 0.147291 0 0 0
0.538420 0.164111 0.147164 0 0 0
0.539841 0.164274 0.147044 0 0 0
0.541711 0.165284 0.146502 0 0 0
0.542874 0.165284 0.146393 0 0 0
0.545139 0.164558 0.146721 0 0 0
0.546489 0.164682 0.146693 0 0 0
0.548131 0.164965 0.146667 0 0 0
0.549799 0.165133 0.146594 0 0 0
0.551168 0.165212 0.146556 0 0 0
0.553372 0.164533 0.146915 0 0 0
0.554497 0.164679 0.146963 0 0 0
0.556699 0.164023 0.147330 0 0 0
0.558115 0.164270 0.147353 0 0 0
0.559542 0.164500 0.147377 0 0 0
0.561463 0.163768 0.147777 0 0 0
0.563381 0.163171 0.148221 0 0 0
0.564769 0.163261 0.148195 0 0 0
0.566436 0.163417 0.148118 0 0 0
0.567826 0.163479 0.148088 0 0 0
0.569717 0.163006 0.148431 0 0 0
0.571260 0.163738 0.147981 0 0 0
0.573146 0.163272 0.148324 0 0 0
0.574531 0.163342 0.148295 0 0 0
0.576167 0.163490 0.148217 0 0 0
0.577815 0.163662 0.148146 0 0 0
0.579197 0.163879 0.148162 0 0 0
0.581289 0.163210 0.148510 0 0 0
0.582657 0.163278 0.148477 0 0 0
0.584290 0.163424 0.148399 0 0 0
0.585897 0.163573 0.148318 255 0 0
0.587502 0.163722 0.148239 255 0 0
0.589145 0.163890 0.148169 255 0 0
0.590567 0.164100 0.148206 255 0 0
0.592568 0.163455 0.148547 255 0 0
0.593966 0.163659 0.148568 255 0 0
0.595392 0.163751 0.148543 255 0 0
0.597472 0.162907 0.148815 255 0 0
0.598873 0.163104 0.148833 255 0 0
0.600316 0.163190 0.148823 255 0 0
0.602235 0.162565 0.149002 0 0 0
0.603658 0.162762 0.149165 255 0 0
0.605284 0.162953 0.149132 255 0 0
0.606904 0.163220 0.149103 255 0 0
0.608306 0.163292 0.149073 255 0 0
0.610345 0.162516 0.149374 255 0 0
0.611530 0.162731 0.149474 255 0 0
0.613560 0.161925 0.149764 255 0 0
0.614934 0.162018 0.149752 255 0 0
0.616361 0.162216 0.149782 255 0 0
0.618337 0.161610 0.150136 255 0 0
0.619738 0.161936 0.150207 255 0 0
0.621330 0.162132 0.150154 255 0 0
0.622923 0.162278 0.150075 255 0 0
0.624514 0.162425 0.149995 255 0 0
0.626106 0.162571 0.149916 255 0 0
0.627718 0.162714 0.149838 255 0 0
0.629115 0.162775 0.149810 255 0 0
0.631081 0.162088 0.150132 255 0 0
0.632296 0.162079 0.150171 255 0 0
0.634229 0.161569 0.150552 0 0 0
0.635628 0.161637 0.150537 0 0 0
0.637258 0.161777 0.150465 255 0 0
0.638664 0.161840 0.150450 0 0 0
0.640577 0.161329 0.150829 0 0 0
0.641785 0.161303 0.150870 255 0 0
0.643724 0.160613 0.151188 0 0 0
0.645083 0.160714 0.151182 0 0 0
0.646713 0.160997 0.151163 0 0 0
0.648134 0.161080 0.151157 0 0 0
0.650000 0.160603 0.151534 0 0 0
0.651432 0.160796 0.151575 0 0 0
0.652821 0.160890 0.151580 0 0 0
0.654549 0.160120 0.151958 0 0 0
0.656204 0.159390 0.152342 0 0 0
0.657631 0.159558 0.152378 0 0 0
0.659058 0.159621 0.152377 0 0 0
0.660884 0.159129 0.152743 0 0 0
0.662302 0.159214 0.152741 0 0 0
0.663923 0.159493 0.152722 0 0 0
0.665285 0.159568 0.152719 0 0 0
0.667115 0.158764 0.152987 0 0 0
0.668362 0.158832 0.153077 0 0 0
0.670159 0.158229 0.153410 0 0 0
0.671578 0.158423 0.153448 0 0 0
0.673208 0.158720 0.153437 0 0 0
0.674619 0.158826 0.153470 0 0 0
0.676367 0.158314 0.153805 0 0 0
0.677768 0.158375 0.153812 0 0 0
0.679242 0.158436 0.153831 0 0 0
0.680969 0.157922 0.154161 0 0 0
0.682374 0.157968 0.154163 0 0 0
0.683797 0.158000 0.154151 0 0 0
0.685581 0.157181 0.154392 0 0 0
0.686931 0.157238 0.154391 0 0 0
0.688555 0.157529 0.154377 0 0 0
0.689982 0.157703 0.154415 0 0 0
0.691704 0.156939 0.154673 0 0 0
0.693121 0.157099 0.154706 0 0 0
0.694624 0.157325 0.154676 0 0 0
0.696215 0.157607 0.154655 0 0 0
0.697656 0.157628 0.154648 0 0 0
0.699048 0.156865 0.154845 255 0 0
0.701181 0.158052 0.154435 255 0 0
0.702260 0.158064 0.154412 255 0 0
0.704017 0.157262 0.154645 255 0 0
0.705401 0.157460 0.154699 255 0 0
0.706994 0.157773 0.154697 255 0 0
0.708185 0.157907 0.154688 255 0 0
0.710172 0.156032 0.155525 255 0 0
0.711205 0.156077 0.155598 255 0 0
0.712832 0.155644 0.155951 255 0 0
0.714215 0.155829 0.156138 255 0 0
0.715836 0.155151 0.156432 255 0 0
0.717157 0.155283 0.156582 255 0 0
0.718771 0.154606 0.156873 255 0 0
0.720091 0.154736 0.157022 255 0 0
0.721721 0.154007 0.157282 255 0 0
0.723159 0.154144 0.157329 255 0 0
0.724582 0.154247 0.157393 255 0 0
0.726085 0.153776 0.157693 255 0 0
0.727553 0.153968 0.157787 255 0 0
0.729045 0.154016 0.157838 255 0 0
0.730477 0.153398 0.158209 0 0 0
0.731969 0.152511 0.158528 0 0 0
0.733341 0.152554 0.158560 0 0 0
0.734822 0.152810 0.158657 0 0 0
0.736345 0.152157 0.158933 0 0 0
0.737729 0.152248 0.159114 0 0 0
0.738758 0.151782 0.159375 0 0 0
0.524424 0.160969 0.147168 0 0 0
0.525358 0.161054 0.147152 0 0 0
0.527661 0.160512 0.147562 0 0 0
0.529007 0.160596 0.147523 0 0 0
0.530655 0.160745 0.147443 0 0 0
0.532272 0.160894 0.147362 0 0 0
0.533889 0.161043 0.147281 0 0 0
0.535506 0.161191 0.147200 0 0 0
0.537123 0.161339 0.147120 0 0 0
0.538765 0.161496 0.147034 0 0 0
0.540144 0.161679 0.146925 0 0 0
0.542022 0.162572 0.146332 0 0 0
0.543442 0.162757 0.146224 0 0 0
0.545103 0.163040 0.146194 0 0 0
0.546456 0.163149 0.146165 0 0 0
0.548654 0.162441 0.146505 0 0 0
0.550029 0.162534 0.146471 0 0 0
0.551716 0.162703 0.146401 0 0 0
0.553089 0.162917 0.146414 0 0 0
0.555279 0.162265 0.146779 0 0 0
0.556416 0.162423 0.146833 0 0 0
0.558626 0.161747 0.147196 0 0 0
0.559762 0.161777 0.147211 0 0 0
0.561727 0.161197 0.147669 0 0 0
0.563676 0.160583 0.148119 0 0 0
0.564812 0.160583 0.148136 0 0 0
0.566741 0.160113 0.148483 0 0 0
0.568266 0.160843 0.148036 0 0 0
0.570158 0.160373 0.148378 0 0 0
0.571536 0.160432 0.148349 0 0 0
0.573169 0.160589 0.148271 0 0 0
0.574772 0.160740 0.148191 0 0 0
0.576403 0.160886 0.148112 0 0 0
0.577766 0.160955 0.148080 0 0 0
0.579890 0.160245 0.148412 0 0 0
0.581232 0.160363 0.148393 0 0 0
0.582854 0.160650 0.148369 0 0 0
0.584493 0.160799 0.148286 255 0 0
0.586107 0.160807 0.148150 255 0 0
0.587687 0.160925 0.148059 255 0 0
0.589259 0.161104 0.147995 255 0 0
0.590901 0.161407 0.147978 255 0 0
0.592297 0.161613 0.147998 255 0 0
0.594328 0.160970 0.148347 255 0 0
0.595727 0.161066 0.148328 255 0 0
0.597351 0.161347 0.148302 255 0 0
0.598918 0.161511 0.148235 255 0 0
0.600573 0.161665 0.148187 0 0 0
0.602005 0.161821 0.148340 0 0 0
0.603976 0.161061 0.148476 255 0 0
0.605156 0.161047 0.148481 255 0 0
0.607183 0.160352 0.148798 255 0 0
0.608634 0.160437 0.148792 255 0 0
0.610028 0.160635 0.148820 255 0 0
0.611970 0.160023 0.149165 255 0 0
0.613427 0.160365 0.149261 255 0 0
0.614812 0.160479 0.149258 255 0 0
0.616825 0.159672 0.149549 255 0 0
0.618013 0.159894 0.149656 255 0 0
0.619985 0.159129 0.149963 255 0 0
0.621369 0.159322 0.149984 255 0 0
0.622993 0.159486 0.149914 255 0 0
0.624577 0.159632 0.149835 255 0 0
0.626163 0.159777 0.149756 255 0 0
0.627771 0.159920 0.149680 255 0 0
0.629169 0.159989 0.149664 255 0 0
0.631110 0.159477 0.150048 255 0 0
0.632317 0.159467 0.150089 255 0 0
0.634271 0.158777 0.150408 255 0 0
0.635659 0.158836 0.150382 255 0 0
0.637247 0.159011 0.150329 0 0 0
0.638656 0.159211 0.150365 255 0 0
0.640552 0.158733 0.150747 0 0 0
0.641961 0.158818 0.150741 255 0 0
0.643592 0.159096 0.150721 0 0 0
0.644949 0.159183 0.150715 0 0 0
0.646861 0.158500 0.151032 0 0 0
0.648084 0.158470 0.151078 0 0 0
0.649969 0.157828 0.151418 0 0 0
0.651178 0.157913 0.151504 0 0 0
0.653066 0.157433 0.151890 0 0 0
0.654500 0.157521 0.151891 0 0 0
0.655918 0.157700 0.151925 0 0 0
0.657752 0.157068 0.152255 0 0 0
0.658983 0.157029 0.152307 0 0 0
0.660844 0.156348 0.152617 0 0 0
0.662191 0.156433 0.152617 0 0 0
0.663789 0.156714 0.152594 0 0 0
0.665401 0.156894 0.152532 0 0 0
0.666805 0.157071 0.152565 0 0 0
0.668608 0.156470 0.152900 0 0 0
0.669853 0.156534 0.152993 0 0 0
0.671624 0.155779 0.153278 0 0 0
0.673043 0.155941 0.153313 0 0 0
0.674479 0.155996 0.153317 0 0 0
0.676267 0.155349 0.153619 0 0 0
0.677634 0.155413 0.153625 0 0 0
0.679072 0.155581 0.153671 0 0 0
0.680850 0.154941 0.153973 0 0 0
0.682239 0.154978 0.153957 0 0 0
0.683825 0.155133 0.153889 0 0 0
0.685377 0.155460 0.153890 0 0 0
0.686754 0.155667 0.153943 0 0 0
0.688488 0.154902 0.154205 0 0 0
0.689904 0.155078 0.154243 0 0 0
0.691506 0.155376 0.154225 0 0 0
0.693031 0.155542 0.154171 0 0 0
0.694435 0.155559 0.154154 0 0 0
0.696177 0.154756 0.154392 255 0 0
0.697584 0.154784 0.154379 255 0 0
0.699113 0.155086 0.154371 0 0 0
0.700627 0.155261 0.154310 0 0 0
0.702240 0.155413 0.154230 0 0 0
0.703821 0.155686 0.154205 0 0 0
0.705185 0.155731 0.154211 0 0 0
0.706859 0.154970 0.154473 255 0 0
0.708214 0.155034 0.154615 255 0 0
0.709855 0.154741 0.155022 255 0 0
0.711154 0.154719 0.155142 255 0 0
0.712670 0.154072 0.155526 255 0 0
0.714191 0.153232 0.155878 255 0 0
0.715498 0.153363 0.156031 255 0 0
0.717116 0.152683 0.156324 255 0 0
0.718434 0.152817 0.156476 255 0 0
0.720020 0.152149 0.156759 255 0 0
0.721471 0.152428 0.156848 255 0 0
0.722997 0.152614 0.156812 255 0 0
0.724460 0.152646 0.156846 255 0 0
0.725911 0.152018 0.157221 255 0 0
0.727384 0.151194 0.157573 255 0 0
0.728687 0.151183 0.157699 0 0 0
0.730300 0.150600 0.157995 0 0 0
0.731697 0.150781 0.158067 0 0 0
0.733100 0.150960 0.158140 0 0 0
0.734676 0.150240 0.158398 0 0 0
0.736050 0.150340 0.158577 0 0 0
0.737094 0.149884 0.158845 0 0 0
0.521546 0.158092 0.147208 0 0 0
0.522755 0.158191 0.147150 0 0 0
0.524147 0.158288 0.147109 0 0 0
0.526402 0.157743 0.147521 0 0 0
0.527756 0.157854 0.147487 0 0 0
0.529395 0.158005 0.147409 0 0 0
0.531007 0.158154 0.147328 0 0 0
0.532619 0.158303 0.147247 0 0 0
0.534231 0.158451 0.147167 0 0 0
0.535842 0.158600 0.147086 0 0 0
0.537454 0.158748 0.147005 0 0 0
0.539066 0.158896 0.146925 0 0 0
0.540701 0.159048 0.146839 0 0 0
0.542074 0.159218 0.146731 0 0 0
0.543971 0.160120 0.146130 0 0 0
0.545373 0.160301 0.146024 0 0 0
0.546773 0.160401 0.145987 0 0 0
0.548965 0.159858 0.146395 0 0 0
0.550317 0.159938 0.146359 0 0 0
0.551985 0.160084 0.146282 0 0 0
0.553370 0.160170 0.146254 0 0 0
0.555292 0.159563 0.146700 0 0 0
0.557267 0.158973 0.147159 0 0 0
0.558398 0.159014 0.147179 0 0 0
0.560368 0.158399 0.147637 0 0 0
0.562278 0.157671 0.148036 0 0 0
0.563667 0.157892 0.148057 0 0 0
0.565080 0.158003 0.148039 0 0 0
0.567195 0.157467 0.148438 0 0 0
0.568563 0.157544 0.148410 0 0 0
0.570189 0.157702 0.148332 0 0 0
0.571786 0.157851 0.148253 0 0 0
0.573385 0.157998 0.148173 0 0 0
0.574981 0.158148 0.148093 0 0 0
0.576577 0.158311 0.148014 0 0 0
0.578194 0.158482 0.147941 0 0 0
0.579817 0.158765 0.147918 0 0 0
0.581158 0.158867 0.147898 0 0 0
0.583301 0.158165 0.148227 255 0 0
0.584375 0.158256 0.148178 255 0 0
0.586393 0.159357 0.147631 255 0 0
0.587759 0.159514 0.147535 255 0 0
0.589163 0.159584 0.147497 255 0 0
0.591254 0.158880 0.147831 255 0 0
0.592418 0.158891 0.147855 255 0 0
0.594499 0.158195 0.148190 255 0 0
0.595869 0.158278 0.148161 255 0 0
0.597488 0.158423 0.148084 255 0 0
0.599083 0.158570 0.148004 255 0 0
0.600676 0.158713 0.147923 255 0 0
0.602282 0.158865 0.147845 0 0 0
0.603897 0.159133 0.147818 0 0 0
0.605279 0.159255 0.147826 255 0 0
0.607225 0.158766 0.148207 255 0 0
0.608645 0.158977 0.148254 255 0 0
0.610106 0.159062 0.148259 255 0 0
0.611877 0.158457 0.148677 255 0 0
0.613669 0.157573 0.149019 255 0 0
0.615089 0.157779 0.149051 255 0 0
0.616511 0.157990 0.149083 255 0 0
0.618496 0.157362 0.149437 255 0 0
0.619677 0.157470 0.149508 255 0 0
0.621663 0.156638 0.149788 255 0 0
0.623041 0.156696 0.149758 255 0 0
0.624609 0.156870 0.149700 255 0 0
0.626197 0.157158 0.149674 255 0 0
0.627811 0.157327 0.149605 255 0 0
0.629202 0.157407 0.149591 255 0 0
0.631133 0.156899 0.149973 0 0 0
0.632517 0.156975 0.149961 255 0 0
0.634129 0.157256 0.149938 255 0 0
0.635693 0.157431 0.149880 255 0 0
0.637087 0.157484 0.149859 255 0 0
0.638833 0.156716 0.150236 255 0 0
0.640575 0.155946 0.150611 0 0 0
0.641922 0.156035 0.150609 255 0 0
0.643549 0.156314 0.150590 0 0 0
0.644958 0.156395 0.150586 0 0 0
0.646816 0.155903 0.150958 0 0 0
0.648243 0.155982 0.150958 0 0 0
0.649662 0.156156 0.150995 0 0 0
0.651339 0.155433 0.151388 0 0 0
0.653048 0.154662 0.151762 0 0 0
0.654413 0.154745 0.151769 0 0 0
0.655842 0.154935 0.151815 0 0 0
0.657674 0.154470 0.152189 0 0 0
0.659078 0.154548 0.152189 0 0 0
0.660695 0.154825 0.152170 0 0 0
0.662043 0.154908 0.152171 0 0 0
0.663872 0.154241 0.152474 0 0 0
0.665282 0.154283 0.152470 0 0 0
0.666701 0.154321 0.152468 0 0 0
0.668471 0.153704 0.152788 0 0 0
0.669899 0.153891 0.152832 0 0 0
0.671329 0.154074 0.152872 0 0 0
0.673107 0.153272 0.153130 0 0 0
0.674504 0.153324 0.153117 0 0 0
0.676075 0.153645 0.153121 0 0 0
0.677444 0.153858 0.153173 0 0 0
0.679219 0.153104 0.153446 0 0 0
0.680637 0.153407 0.153526 0 0 0
0.682177 0.153610 0.153483 0 0 0
0.683749 0.153744 0.153409 0 0 0
0.685142 0.153756 0.153389 0 0 0
0.686902 0.152997 0.153662 0 0 0
0.688164 0.153166 0.153797 0 0 0
0.689912 0.152405 0.154067 0 0 0
0.691300 0.152414 0.154047 0 0 0
0.692863 0.152547 0.153973 0 0 0
0.694422 0.152708 0.153903 0 0 0
0.695946 0.153042 0.153900 0 0 0
0.697489 0.153367 0.153900 0 0 0
0.698897 0.153392 0.153889 0 0 0
0.700622 0.152569 0.154121 0 0 0
0.701968 0.152634 0.154129 0 0 0
0.703550 0.152916 0.154107 0 0 0
0.705137 0.153090 0.154046 0 0 0
0.706550 0.153231 0.154089 0 0 0
0.708072 0.152372 0.154432 0 0 0
0.709538 0.151804 0.154841 255 0 0
0.710892 0.151854 0.154998 255 0 0
0.712537 0.151301 0.155331 255 0 0
0.713847 0.151462 0.155489 255 0 0
0.715485 0.150912 0.155819 255 0 0
0.716787 0.150941 0.155943 255 0 0
0.718405 0.150373 0.156265 255 0 0
0.719703 0.150384 0.156385 255 0 0
0.721320 0.149615 0.156635 255 0 0
0.722684 0.149661 0.156658 255 0 0
0.724138 0.149810 0.156721 0 0 0
0.725768 0.149227 0.157021 0 0 0
0.727032 0.149254 0.157142 0 0 0
0.728577 0.148648 0.157420 0 0 0
0.730032 0.148871 0.157529 0 0 0
0.731426 0.149055 0.157606 0 0 0
0.733029 0.148476 0.157902 255 0 0
0.734383 0.148456 0.158051 255 0 0
0.735423 0.147982 0.158314 255 0 0
0.521904 0.154776 0.147622 0 0 0
0.523352 0.155579 0.147089 0 0 0
0.524507 0.155734 0.147011 0 0 0
0.526784 0.155193 0.147418 0 0 0
0.528114 0.155275 0.147381 0 0 0
0.529752 0.155422 0.147301 0 0 0
0.531359 0.155570 0.147221 0 0 0
0.532965 0.155718 0.147141 0 0 0
0.534572 0.155866 0.147060 0 0 0
0.536177 0.156017 0.146980 0 0 0
0.537781 0.156179 0.146900 0 0 0
0.539391 0.156328 0.146820 0 0 0
0.541000 0.156462 0.146739 0 0 0
0.542602 0.156602 0.146658 0 0 0
0.544211 0.156737 0.146577 0 0 0
0.545819 0.156883 0.146497 0 0 0
0.547427 0.157034 0.146416 0 0 0
0.549032 0.157196 0.146337 0 0 0
0.550637 0.157346 0.146257 0 0 0
0.552268 0.157498 0.146179 0 0 0
0.553645 0.157600 0.146153 0 0 0
0.555606 0.157001 0.146616 0 0 0
0.557281 0.156329 0.147102 0 0 0
0.559227 0.155735 0.147564 0 0 0
0.560639 0.155854 0.147550 0 0 0
0.562016 0.156066 0.147567 0 0 0
0.564159 0.155244 0.147873 0 0 0
0.565276 0.155386 0.147930 0 0 0
0.567454 0.154697 0.148278 0 0 0
0.568812 0.154780 0.148243 0 0 0
0.570401 0.154950 0.148179 0 0 0
0.571994 0.155240 0.148155 0 0 0
0.573631 0.155410 0.148085 0 0 0
0.574974 0.155496 0.148056 0 0 0
0.577100 0.154958 0.148461 0 0 0
0.578442 0.155029 0.148431 0 0 0
0.580061 0.155173 0.148354 0 0 0
0.581654 0.155322 0.148274 0 0 0
0.583244 0.155483 0.148195 255 0 0
0.584832 0.155630 0.148116 255 0 0
0.586454 0.155770 0.148031 255 0 0
0.587780 0.155940 0.147929 255 0 0
0.589594 0.156768 0.147389 255 0 0
0.591414 0.156130 0.147676 255 0 0
0.592751 0.156224 0.147661 255 0 0
0.594400 0.156634 0.147682 0 0 0
0.595986 0.156684 0.147568 255 0 0
0.597558 0.156802 0.147478 255 0 0
0.599155 0.156950 0.147399 255 0 0
0.600718 0.157127 0.147335 255 0 0
0.602309 0.157413 0.147309 0 0 0
0.603934 0.157565 0.147236 0 0 0
0.605352 0.157634 0.147228 0 0 0
0.607150 0.156858 0.147590 255 0 0
0.608929 0.156132 0.147975 255 0 0
0.610145 0.156261 0.148073 255 0 0
0.612182 0.155653 0.148447 255 0 0
0.613358 0.155888 0.148558 255 0 0
0.615363 0.155114 0.148873 255 0 0
0.616539 0.155226 0.148947 255 0 0
0.618519 0.154596 0.149300 255 0 0
0.619908 0.154815 0.149331 255 0 0
0.621533 0.155123 0.149316 255 0 0
0.623096 0.155297 0.149258 255 0 0
0.624476 0.155358 0.149231 255 0 0
0.626454 0.154663 0.149555 255 0 0
0.627622 0.154638 0.149590 255 0 0
0.629603 0.153938 0.149914 255 0 0
0.630979 0.154010 0.149889 255 0 0
0.632534 0.154189 0.149833 0 0 0
0.634117 0.154478 0.149808 255 0 0
0.635723 0.154646 0.149740 255 0 0
0.637110 0.154725 0.149729 255 0 0
0.639027 0.154246 0.150117 255 0 0
0.640425 0.154429 0.150154 0 0 0
0.641792 0.154517 0.150154 0 0 0
0.643711 0.153831 0.150473 255 0 0
0.644914 0.153803 0.150519 0 0 0
0.646823 0.153114 0.150836 0 0 0
0.648180 0.153203 0.150838 0 0 0
0.649603 0.153398 0.150883 0 0 0
0.651469 0.152953 0.151270 0 0 0
0.652888 0.153147 0.151315 0 0 0
0.654253 0.153227 0.151323 0 0 0
0.655952 0.152460 0.151699 0 0 0
0.657646 0.151703 0.152077 0 0 0
0.658980 0.151771 0.152078 0 0 0
0.660592 0.152047 0.152060 0 0 0
0.661993 0.152112 0.152057 0 0 0
0.663815 0.151441 0.152359 0 0 0
0.665192 0.151485 0.152341 0 0 0
0.666757 0.151683 0.152301 0 0 0
0.668172 0.152000 0.152385 0 0 0
0.669940 0.151408 0.152713 0 0 0
0.671342 0.151471 0.152714 0 0 0
0.672931 0.151755 0.152693 0 0 0
0.674459 0.151931 0.152641 0 0 0
0.675847 0.151949 0.152620 0 0 0
0.677642 0.151194 0.152900 0 0 0
0.678883 0.151359 0.153029 0 0 0
0.680662 0.150596 0.153305 0 0 0
0.682045 0.150620 0.153287 0 0 0
0.683612 0.150741 0.153210 0 0 0
0.685143 0.150943 0.153167 0 0 0
0.686566 0.151246 0.153250 0 0 0
0.688310 0.150511 0.153524 0 0 0
0.689669 0.150708 0.153576 0 0 0
0.691210 0.151038 0.153578 0 0 0
0.692767 0.151200 0.153508 0 0 0
0.694327 0.151332 0.153434 0 0 0
0.695720 0.151345 0.153419 0 0 0
0.697423 0.150712 0.153711 0 0 0
0.698833 0.150761 0.153718 0 0 0
0.700433 0.151037 0.153702 0 0 0
0.701780 0.151099 0.153711 0 0 0
0.703499 0.150277 0.153944 0 0 0
0.704837 0.150325 0.153950 0 0 0
0.706441 0.150620 0.153941 0 0 0
0.707925 0.150813 0.154026 0 0 0
0.709378 0.150083 0.154382 0 0 0
0.710845 0.149370 0.154750 0 0 0
0.712197 0.149549 0.154949 0 0 0
0.713711 0.148859 0.155355 0 0 0
0.715212 0.148152 0.155750 0 0 0
0.716495 0.148174 0.155878 0 0 0
0.718143 0.147551 0.156171 255 0 0
0.719491 0.147632 0.156197 255 0 0
0.721110 0.148058 0.156231 255 0 0
0.722462 0.148129 0.156254 255 0 0
0.724101 0.147323 0.156479 0 0 0
0.725477 0.147513 0.156551 0 0 0
0.726937 0.147736 0.156662 0 0 0
0.728496 0.147273 0.156982 0 0 0
0.729741 0.147166 0.157073 0 0 0
0.731256 0.146249 0.157410 0 0 0
0.732648 0.145695 0.157795 255 0 0
0.733644 0.145851 0.157903 255 0 0
0.519295 0.151845 0.147743 0 0 0
0.520450 0.151943 0.147685 0 0 0
0.522099 0.152099 0.147603 0 0 0
0.523723 0.152218 0.147514 0 0 0
0.525324 0.152250 0.147390 0 0 0
0.526887 0.152521 0.147354 0 0 0
0.528510 0.152696 0.147282 0 0 0
0.530109 0.152844 0.147202 0 0 0
0.531710 0.152992 0.147122 0 0 0
0.533312 0.153140 0.147042 0 0 0
0.534943 0.153289 0.146964 0 0 0
0.536270 0.153383 0.146928 0 0 0
0.538537 0.152846 0.147339 0 0 0
0.539617 0.152959 0.147276 0 0 0
0.541532 0.153855 0.146677 0 0 0
0.542893 0.154036 0.146567 0 0 0
0.544522 0.154178 0.146482 0 0 0
0.546122 0.154321 0.146401 0 0 0
0.547723 0.154468 0.146321 0 0 0
0.549323 0.154619 0.146241 0 0 0
0.550953 0.154779 0.146163 0 0 0
0.552295 0.154860 0.146130 0 0 0
0.554516 0.154315 0.146547 0 0 0
0.555623 0.154348 0.146565 0 0 0
0.557573 0.153752 0.147021 0 0 0
0.559485 0.153017 0.147424 0 0 0
0.560833 0.153232 0.147444 0 0 0
0.562519 0.153422 0.147384 0 0 0
0.563866 0.153637 0.147402 0 0 0
0.565993 0.152988 0.147763 0 0 0
0.567347 0.153204 0.147786 0 0 0
0.568959 0.153376 0.147726 0 0 0
0.570316 0.153453 0.147691 0 0 0
0.572466 0.152741 0.148030 0 0 0
0.573572 0.152748 0.148047 0 0 0
0.575699 0.152068 0.148404 0 0 0
0.577044 0.152294 0.148424 0 0 0
0.578672 0.152467 0.148355 0 0 0
0.580256 0.152614 0.148276 0 0 0
0.581842 0.152760 0.148197 0 0 0
0.583427 0.152906 0.148117 255 0 0
0.585013 0.153052 0.148038 255 0 0
0.586600 0.153198 0.147959 255 0 0
0.588211 0.153346 0.147874 255 0 0
0.589532 0.153490 0.147771 255 0 0
0.591567 0.154585 0.147215 255 0 0
0.592651 0.154678 0.147176 255 0 0
0.594495 0.153866 0.147400 0 0 0
0.596276 0.155017 0.146980 255 0 0
0.597605 0.155186 0.146883 255 0 0
0.599244 0.155337 0.146802 255 0 0
0.600612 0.155404 0.146769 255 0 0
0.602672 0.154546 0.147040 255 0 0
0.604000 0.154641 0.147023 0 0 0
0.605649 0.154948 0.147012 0 0 0
0.607085 0.155167 0.147065 0 0 0
0.608831 0.154606 0.147504 255 0 0
0.610658 0.153732 0.147861 255 0 0
0.611832 0.153968 0.147977 255 0 0
0.613865 0.153360 0.148349 255 0 0
0.615036 0.153481 0.148425 255 0 0
0.617044 0.152848 0.148787 255 0 0
0.618214 0.152956 0.148861 255 0 0
0.620168 0.152160 0.149161 255 0 0
0.621535 0.152350 0.149184 255 0 0
0.623171 0.152512 0.149119 255 0 0
0.624546 0.152582 0.149105 255 0 0
0.626472 0.152081 0.149487 255 0 0
0.627860 0.152169 0.149480 255 0 0
0.629461 0.152457 0.149459 255 0 0
0.631017 0.152630 0.149402 255 0 0
0.632393 0.152686 0.149377 0 0 0
0.634342 0.151993 0.149699 255 0 0
0.635512 0.151961 0.149739 255 0 0
0.637468 0.151263 0.150061 255 0 0
0.638798 0.151367 0.150058 255 0 0
0.640414 0.151654 0.150041 0 0 0
0.641812 0.151736 0.150038 0 0 0
0.643676 0.151247 0.150413 255 0 0
0.645068 0.151328 0.150409 0 0 0
0.646686 0.151609 0.150392 0 0 0
0.648025 0.151693 0.150394 0 0 0
0.649738 0.150924 0.150771 0 0 0
0.651448 0.150166 0.151152 0 0 0
0.652797 0.150235 0.151156 0 0 0
0.654212 0.150419 0.151199 0 0 0
0.656086 0.149788 0.151524 0 0 0
0.657451 0.150013 0.151579 0 0 0
0.658822 0.150237 0.151635 0 0 0
0.660664 0.149590 0.151949 0 0 0
0.662056 0.149659 0.151947 0 0 0
0.663644 0.149944 0.151927 0 0 0
0.665175 0.150120 0.151874 0 0 0
0.666556 0.150156 0.151861 0 0 0
0.668216 0.149384 0.152235 0 0 0
0.669866 0.148613 0.152606 0 0 0
0.671239 0.148650 0.152593 0 0 0
0.672807 0.148785 0.152519 0 0 0
0.674352 0.148928 0.152442 0 0 0
0.675932 0.149089 0.152377 0 0 0
0.677300 0.149279 0.152423 0 0 0
0.679021 0.148676 0.152728 0 0 0
0.680472 0.148870 0.152793 0 0 0
0.681956 0.149086 0.152762 0 0 0
0.683535 0.149370 0.152742 0 0 0
0.684926 0.149413 0.152731 0 0 0
0.686705 0.148583 0.152973 0 0 0
0.688074 0.148787 0.153031 0 0 0
0.689450 0.148980 0.153088 0 0 0
0.691222 0.148182 0.153338 0 0 0
0.692552 0.148238 0.153342 0 0 0
0.694148 0.148514 0.153325 0 0 0
0.695557 0.148560 0.153333 0 0 0
0.697255 0.147908 0.153620 0 0 0
0.698638 0.147934 0.153609 0 0 0
0.700191 0.148068 0.153536 0 0 0
0.701740 0.148229 0.153467 0 0 0
0.703273 0.148564 0.153472 0 0 0
0.704643 0.148767 0.153533 0 0 0
0.706302 0.148010 0.153789 0 0 0
0.707730 0.148176 0.153842 0 0 0
0.709231 0.148361 0.153936 0 0 0
0.710663 0.147798 0.154343 0 0 0
0.712081 0.146792 0.154767 0 0 0
0.713523 0.146243 0.155186 0 0 0
0.714879 0.146414 0.155383 0 0 0
0.716464 0.145739 0.155671 255 0 0
0.717917 0.146021 0.155769 255 0 0
0.719286 0.146096 0.155803 255 0 0
0.720892 0.145467 0.156080 255 0 0
0.722300 0.145497 0.156096 255 0 0
0.723883 0.145771 0.156081 255 0 0
0.725215 0.145813 0.156105 255 0 0
0.726713 0.145066 0.156474 255 0 0
0.728202 0.144318 0.156839 255 0 0
0.729550 0.144371 0.156880 0 0 0
0.731121 0.144676 0.157042 0 0 0
0.732134 0.144351 0.157332 0 0 0
0.518314 0.148150 0.148241 0 0 0
0.519243 0.148286 0.148155 0 0 0
0.521095 0.149336 0.147628 0 0 0
0.522485 0.149538 0.147511 0 0 0
0.523888 0.149749 0.147389 0 0 0
0.525453 0.150700 0.146934 0 0 0
0.527510 0.150053 0.147226 0 0 0
0.528837 0.150127 0.147190 0 0 0
0.530465 0.150274 0.147112 0 0 0
0.532062 0.150421 0.147032 0 0 0
0.533689 0.150567 0.146953 0 0 0
0.535009 0.150643 0.146917 0 0 0
0.537254 0.149921 0.147261 0 0 0
0.538586 0.150022 0.147224 0 0 0
0.540205 0.150163 0.147144 0 0 0
0.541823 0.150303 0.147059 0 0 0
0.543183 0.150479 0.146955 0 0 0
0.545053 0.151552 0.146425 0 0 0
0.546401 0.151737 0.146318 0 0 0
0.548053 0.151890 0.146235 0 0 0
0.549384 0.151963 0.146200 0 0 0
0.551586 0.151239 0.146541 0 0 0
0.552934 0.151326 0.146503 0 0 0
0.554548 0.151513 0.146444 0 0 0
0.555898 0.151745 0.146470 0 0 0
0.558097 0.151263 0.146901 0 0 0
0.559197 0.151414 0.146960 0 0 0
0.561377 0.150552 0.147252 0 0 0
0.562712 0.150660 0.147233 0 0 0
0.564088 0.150877 0.147259 0 0 0
0.566219 0.150244 0.147626 0 0 0
0.567554 0.150443 0.147640 0 0 0
0.569212 0.150610 0.147573 0 0 0
0.570561 0.150695 0.147549 0 0 0
0.572658 0.150172 0.147950 0 0 0
0.574050 0.150277 0.147935 0 0 0
0.575417 0.150483 0.147956 0 0 0
0.577518 0.149621 0.148238 0 0 0
0.578859 0.149693 0.148203 0 0 0
0.580465 0.149835 0.148126 0 0 0
0.582046 0.149981 0.148046 0 0 0
0.583627 0.150126 0.147967 255 0 0
0.585207 0.150272 0.147888 255 0 0
0.586788 0.150418 0.147809 255 0 0
0.588394 0.150568 0.147724 255 0 0
0.589734 0.150728 0.147605 255 0 0
0.591705 0.151646 0.147008 255 0 0
0.593002 0.151850 0.146927 255 0 0
0.594599 0.152264 0.146941 0 0 0
0.596174 0.152314 0.146828 0 0 0
0.597807 0.152419 0.146729 255 0 0
0.599404 0.152414 0.146592 255 0 0
0.600939 0.152581 0.146526 255 0 0
0.602563 0.153017 0.146558 255 0 0
0.603908 0.153133 0.146550 255 0 0
0.605944 0.152290 0.146837 0 0 0
0.607101 0.152415 0.146910 0 0 0
0.609162 0.151945 0.147331 0 0 0
0.610328 0.152067 0.147410 255 0 0
0.612131 0.151335 0.147820 255 0 0
0.613923 0.150603 0.148226 255 0 0
0.615090 0.150724 0.148310 255 0 0
0.617084 0.150240 0.148712 255 0 0
0.618490 0.150330 0.148707 255 0 0
0.619879 0.150524 0.148737 255 0 0
0.621812 0.149876 0.149076 255 0 0
0.623201 0.149936 0.149063 255 0 0
0.624594 0.149995 0.149051 255 0 0
0.626510 0.149347 0.149388 255 0 0
0.627873 0.149545 0.149415 255 0 0
0.629475 0.149712 0.149348 255 0 0
0.631062 0.149866 0.149274 255 0 0
0.632437 0.149932 0.149262 0 0 0
0.634351 0.149431 0.149645 255 0 0
0.635717 0.149504 0.149637 255 0 0
0.637337 0.149787 0.149620 255 0 0
0.638666 0.149875 0.149616 255 0 0
0.640592 0.149186 0.149937 255 0 0
0.641778 0.149157 0.149985 255 0 0
0.643694 0.148464 0.150303 0 0 0
0.645016 0.148553 0.150301 0 0 0
0.646628 0.148837 0.150285 0 0 0
0.648019 0.148910 0.150281 0 0 0
0.649899 0.148254 0.150600 0 0 0
0.651258 0.148482 0.150654 0 0 0
0.652624 0.148705 0.150708 0 0 0
0.654485 0.147928 0.150990 0 0 0
0.655897 0.148245 0.151073 0 0 0
0.657259 0.148331 0.151087 0 0 0
0.658945 0.147572 0.151469 0 0 0
0.660618 0.146800 0.151842 0 0 0
0.661987 0.146841 0.151829 0 0 0
0.663512 0.147020 0.151778 0 0 0
0.665095 0.147310 0.151758 0 0 0
0.666491 0.147382 0.151764 0 0 0
0.668277 0.146931 0.152135 0 0 0
0.669670 0.147125 0.152184 0 0 0
0.671191 0.147309 0.152136 0 0 0
0.672740 0.147451 0.152059 0 0 0
0.674284 0.147593 0.151982 0 0 0
0.675843 0.147728 0.151910 0 0 0
0.677271 0.147769 0.151919 0 0 0
0.679023 0.147081 0.152195 0 0 0
0.680354 0.147158 0.152209 0 0 0
0.681765 0.147320 0.152247 0 0 0
0.683554 0.146527 0.152502 0 0 0
0.684890 0.146613 0.152513 0 0 0
0.686510 0.147026 0.152543 0 0 0
0.687849 0.147097 0.152553 0 0 0
0.689620 0.146280 0.152799 0 0 0
0.690987 0.146489 0.152860 0 0 0
0.692364 0.146695 0.152925 0 0 0
0.694067 0.145925 0.153185 0 0 0
0.695469 0.146106 0.153229 0 0 0
0.697057 0.146413 0.153215 0 0 0
0.698543 0.146601 0.153164 0 0 0
0.700080 0.146743 0.153089 0 0 0
0.701632 0.146874 0.153015 0 0 0
0.703018 0.146884 0.153004 0 0 0
0.704719 0.146266 0.153309 0 0 0
0.705990 0.146296 0.153424 0 0 0
0.707621 0.145564 0.153710 0 0 0
0.708898 0.145593 0.153830 0 0 0
0.710549 0.145052 0.154171 0 0 0
0.711897 0.145226 0.154367 0 0 0
0.713342 0.144519 0.154739 0 0 0
0.714814 0.143963 0.155156 255 0 0
0.716153 0.144004 0.155317 0 0 0
0.717746 0.143417 0.155636 0 0 0
0.719028 0.143309 0.155733 0 0 0
0.720598 0.142731 0.156039 0 0 0
0.721998 0.142879 0.156088 0 0 0
0.723564 0.143025 0.156032 0 0 0
0.724959 0.143036 0.156046 0 0 0
0.726563 0.142426 0.156323 0 0 0
0.727917 0.142632 0.156401 0 0 0
0.729353 0.142819 0.156501 0 0 0
0.730453 0.142298 0.156750 0 0 0
0.515504 0.145463 0.148383 0 0 0
0.516449 0.145617 0.148297 0 0 0
0.518304 0.146675 0.147773 0 0 0
0.519615 0.146837 0.147657 0 0 0
0.521260 0.146848 0.147515 0 0 0
0.522869 0.146977 0.147427 0 0 0
0.524456 0.147117 0.147347 0 0 0
0.526051 0.147254 0.147267 0 0 0
0.527641 0.147413 0.147188 0 0 0
0.529230 0.147562 0.147109 0 0 0
0.530821 0.147709 0.147029 0 0 0
0.532412 0.147856 0.146949 0 0 0
0.534001 0.148003 0.146870 0 0 0
0.535612 0.148174 0.146799 0 0 0
0.537196 0.148468 0.146777 0 0 0
0.538756 0.148640 0.146710 0 0 0
0.540349 0.148801 0.146632 0 0 0
0.541945 0.148954 0.146553 0 0 0
0.543507 0.149066 0.146460 0 0 0
0.545121 0.149070 0.146322 0 0 0
0.546731 0.149198 0.146234 0 0 0
0.548317 0.149345 0.146155 0 0 0
0.549928 0.149515 0.146083 0 0 0
0.551515 0.149808 0.146062 0 0 0
0.553101 0.149976 0.145998 0 0 0
0.554457 0.150054 0.145964 0 0 0
0.556417 0.149301 0.146361 0 0 0
0.558332 0.148694 0.146813 0 0 0
0.559680 0.148784 0.146793 0 0 0
0.561320 0.149072 0.146773 0 0 0
0.562629 0.149180 0.146752 0 0 0
0.564841 0.148320 0.147043 0 0 0
0.565919 0.148451 0.147095 0 0 0
0.568038 0.147776 0.147438 0 0 0
0.569433 0.147846 0.147423 0 0 0
0.570792 0.147931 0.147403 0 0 0
0.572876 0.147410 0.147794 0 0 0
0.574210 0.147513 0.147795 0 0 0
0.575828 0.147827 0.147783 0 0 0
0.577425 0.148145 0.147768 0 0 0
0.578967 0.148320 0.147705 0 0 0
0.580549 0.148464 0.147626 0 0 0
0.582127 0.148608 0.147547 0 0 0
0.583705 0.148754 0.147468 0 0 0
0.585283 0.148900 0.147389 255 0 0
0.586861 0.149046 0.147310 255 0 0
0.588468 0.149196 0.147226 255 0 0
0.589775 0.149346 0.147122 255 0 0
0.591768 0.150255 0.146523 255 0 0
0.592880 0.150336 0.146450 255 0 0
0.594984 0.149451 0.146708 0 0 0
0.596360 0.149528 0.146672 0 0 0
0.597685 0.149683 0.146580 255 0 0
0.599704 0.150980 0.146099 255 0 0
0.600790 0.151061 0.146054 255 0 0
0.602845 0.150376 0.146381 255 0 0
0.604249 0.150466 0.146370 255 0 0
0.605642 0.150664 0.146400 255 0 0
0.607432 0.149930 0.146804 0 0 0
0.609226 0.149199 0.147210 0 0 0
0.610393 0.149344 0.147296 0 0 0
0.612461 0.148875 0.147721 255 0 0
0.613601 0.148984 0.147800 255 0 0
0.615392 0.148249 0.148210 255 0 0
0.617148 0.147516 0.148610 255 0 0
0.618528 0.147717 0.148645 255 0 0
0.619934 0.147816 0.148642 255 0 0
0.621890 0.147311 0.149031 255 0 0
0.623227 0.147368 0.149015 255 0 0
0.624856 0.147527 0.148951 255 0 0
0.626215 0.147716 0.148976 255 0 0
0.628174 0.146870 0.149255 255 0 0
0.629301 0.146847 0.149288 255 0 0
0.631227 0.146308 0.149656 255 0 0
0.632625 0.146383 0.149660 255 0 0
0.634207 0.146539 0.149590 255 0 0
0.635721 0.146726 0.149533 255 0 0
0.637311 0.147016 0.149514 255 0 0
0.638696 0.147091 0.149510 255 0 0
0.640554 0.146457 0.149844 255 0 0
0.641933 0.146671 0.149881 255 0 0
0.643560 0.146978 0.149872 0 0 0
0.644880 0.147066 0.149871 0 0 0
0.646760 0.146387 0.150184 0 0 0
0.648139 0.146460 0.150180 0 0 0
0.649746 0.146738 0.150163 0 0 0
0.651068 0.146812 0.150160 0 0 0
0.652965 0.146165 0.150490 0 0 0
0.654157 0.146246 0.150581 0 0 0
0.655993 0.145468 0.150882 0 0 0
0.657191 0.145558 0.150980 0 0 0
0.659044 0.145121 0.151374 0 0 0
0.660429 0.145321 0.151421 0 0 0
0.661971 0.145498 0.151376 0 0 0
0.663341 0.145530 0.151357 0 0 0
0.665160 0.144707 0.151626 0 0 0
0.666361 0.144782 0.151722 0 0 0
0.668195 0.144145 0.152046 0 0 0
0.669554 0.144186 0.152032 0 0 0
0.671114 0.144321 0.151958 0 0 0
0.672654 0.144463 0.151881 0 0 0
0.674193 0.144605 0.151804 0 0 0
0.675735 0.144747 0.151728 0 0 0
0.677241 0.144947 0.151679 0 0 0
0.678838 0.145355 0.151701 0 0 0
0.680175 0.145439 0.151712 0 0 0
0.681968 0.144620 0.151961 0 0 0
0.683368 0.144788 0.152001 0 0 0
0.684703 0.144875 0.152023 0 0 0
0.686375 0.144234 0.152314 0 0 0
0.687829 0.144450 0.152391 0 0 0
0.689431 0.144753 0.152384 0 0 0
0.690758 0.144814 0.152395 0 0 0
0.692507 0.144189 0.152708 0 0 0
0.693752 0.144233 0.152819 0 0 0
0.695411 0.143493 0.153100 0 0 0
0.696799 0.143649 0.153140 0 0 0
0.698362 0.143805 0.153075 0 0 0
0.699889 0.143945 0.152999 0 0 0
0.701437 0.144078 0.152929 0 0 0
0.702833 0.144100 0.152937 0 0 0
0.704450 0.143512 0.153243 0 0 0
0.705878 0.143688 0.153301 0 0 0
0.707308 0.143855 0.153354 0 0 0
0.708975 0.143078 0.153614 0 0 0
0.710194 0.143141 0.153736 0 0 0
0.711820 0.142749 0.154107 0 0 0
0.712914 0.142890 0.154242 0 0 0
0.714800 0.141125 0.155166 0 0 0
0.715827 0.141243 0.155274 0 0 0
0.717498 0.140643 0.155575 0 0 0
0.718846 0.140709 0.155608 0 0 0
0.720290 0.140988 0.155707 0 0 0
0.721877 0.140232 0.155951 0 0 0
0.723251 0.140231 0.155945 0 0 0
0.724802 0.140371 0.155876 0 0 0
0.726316 0.140747 0.155882 0 0 0
0.727345 0.141062 0.155909 0 0 0
0.512582 0.143413 0.147890 0 0 0
0.513441 0.143467 0.147876 0 0 0
0.515794 0.142772 0.148216 0 0 0
0.516880 0.142901 0.148149 0 0 0
0.518684 0.143932 0.147634 0 0 0
0.520056 0.144119 0.147516 0 0 0
0.521663 0.144273 0.147431 0 0 0
0.523249 0.144420 0.147351 0 0 0
0.524834 0.144567 0.147272 0 0 0
0.526420 0.144715 0.147193 0 0 0
0.528006 0.144861 0.147113 0 0 0
0.529592 0.145007 0.147034 0 0 0
0.531178 0.145151 0.146955 0 0 0
0.532763 0.145297 0.146875 0 0 0
0.534349 0.145443 0.146796 0 0 0
0.535933 0.145592 0.146717 0 0 0
0.537549 0.145750 0.146640 0 0 0
0.538859 0.145830 0.146606 0 0 0
0.541091 0.145286 0.147026 0 0 0
0.542394 0.145363 0.146993 0 0 0
0.544009 0.145507 0.146915 0 0 0
0.545593 0.145653 0.146836 0 0 0
0.547176 0.145799 0.146757 0 0 0
0.548759 0.145945 0.146678 0 0 0
0.550342 0.146091 0.146599 0 0 0
0.551926 0.146237 0.146519 0 0 0
0.553539 0.146381 0.146442 0 0 0
0.554856 0.146453 0.146410 0 0 0
0.557039 0.145751 0.146752 0 0 0
0.558366 0.145847 0.146718 0 0 0
0.559972 0.145992 0.146641 0 0 0
0.561551 0.146137 0.146562 0 0 0
0.563151 0.146305 0.146490 0 0 0
0.564721 0.146627 0.146487 0 0 0
0.566061 0.146869 0.146538 0 0 0
0.568169 0.146225 0.146890 0 0 0
0.569511 0.146449 0.146918 0 0 0
0.570924 0.146556 0.146917 0 0 0
0.573025 0.145871 0.147257 0 0 0
0.574101 0.146010 0.147316 0 0 0
0.576271 0.145131 0.147598 0 0 0
0.577601 0.145205 0.147565 0 0 0
0.579204 0.145345 0.147487 0 0 0
0.580742 0.145520 0.147426 0 0 0
0.582313 0.145814 0.147403 0 0 0
0.583929 0.145961 0.147322 0 0 0
0.585517 0.145955 0.147184 255 0 0
0.587060 0.146068 0.147094 255 0 0
0.588664 0.146224 0.147012 255 0 0
0.589965 0.146383 0.146916 255 0 0
0.591940 0.147492 0.146370 255 0 0
0.593265 0.147672 0.146273 255 0 0
0.594870 0.147972 0.146245 255 0 0
0.596415 0.148151 0.146184 255 0 0
0.597967 0.148264 0.146093 255 0 0
0.599582 0.148256 0.145959 255 0 0
0.600969 0.148305 0.145929 255 0 0
0.602960 0.147645 0.146275 255 0 0
0.604332 0.147853 0.146303 255 0 0
0.605738 0.147962 0.146297 255 0 0
0.607804 0.147482 0.146707 255 0 0
0.608735 0.147634 0.146756 255 0 0
0.611105 0.145836 0.147660 0 0 0
0.612313 0.145971 0.147640 255 0 0
0.613690 0.146064 0.147630 255 0 0
0.615651 0.145767 0.148093 255 0 0
0.616848 0.145893 0.148197 255 0 0
0.618616 0.144971 0.148547 255 0 0
0.620357 0.144372 0.148970 255 0 0
0.621756 0.144453 0.148976 255 0 0
0.623291 0.144621 0.148919 255 0 0
0.624853 0.144914 0.148896 255 0 0
0.626443 0.145101 0.148832 255 0 0
0.628027 0.145397 0.148815 255 0 0
0.629385 0.145511 0.148840 255 0 0
0.631277 0.144990 0.149203 255 0 0
0.632617 0.145066 0.149196 255 0 0
0.634218 0.145201 0.149125 255 0 0
0.635573 0.145254 0.149102 0 0 0
0.637481 0.144569 0.149418 255 0 0
0.638877 0.144643 0.149417 255 0 0
0.640260 0.144821 0.149450 255 0 0
0.642106 0.144036 0.149740 255 0 0
0.643484 0.144218 0.149774 0 0 0
0.644887 0.144287 0.149775 0 0 0
0.646767 0.143604 0.150088 0 0 0
0.648074 0.143691 0.150088 0 0 0
0.649673 0.143983 0.150073 0 0 0
0.651059 0.144073 0.150075 0 0 0
0.652901 0.143588 0.150452 0 0 0
0.654283 0.143649 0.150456 0 0 0
0.655678 0.143825 0.150500 0 0 0
0.657317 0.143104 0.150898 0 0 0
0.658993 0.142346 0.151282 0 0 0
0.660352 0.142379 0.151269 0 0 0
0.661865 0.142544 0.151214 0 0 0
0.663456 0.142857 0.151201 0 0 0
0.664838 0.143055 0.151242 0 0 0
0.666637 0.142281 0.151518 0 0 0
0.668002 0.142457 0.151552 0 0 0
0.669523 0.142638 0.151501 0 0 0
0.671065 0.142774 0.151423 0 0 0
0.672602 0.142901 0.151341 0 0 0
0.674137 0.143040 0.151263 0 0 0
0.675695 0.143176 0.151191 0 0 0
0.677043 0.143224 0.151186 0 0 0
0.678739 0.142578 0.151479 0 0 0
0.680184 0.142798 0.151556 0 0 0
0.681767 0.143110 0.151545 0 0 0
0.683268 0.143278 0.151495 0 0 0
0.684700 0.143329 0.151522 0 0 0
0.686244 0.142724 0.151919 0 0 0
0.687851 0.141802 0.152247 0 0 0
0.689181 0.141849 0.152263 0 0 0
0.690604 0.142016 0.152322 0 0 0
0.692280 0.141458 0.152646 0 0 0
0.693695 0.141627 0.152699 0 0 0
0.695112 0.141797 0.152750 0 0 0
0.696789 0.140999 0.153000 0 0 0
0.698159 0.141013 0.152989 0 0 0
0.699651 0.141196 0.152944 0 0 0
0.701196 0.141494 0.152920 0 0 0
0.702761 0.141681 0.152862 0 0 0
0.704159 0.141850 0.152910 0 0 0
0.705782 0.141261 0.153218 0 0 0
0.707165 0.141288 0.153231 0 0 0
0.708774 0.141575 0.153215 0 0 0
0.709864 0.141737 0.153230 0 0 0
0.711789 0.139910 0.154115 0 0 0
0.712874 0.140047 0.154258 0 0 0
0.714363 0.139500 0.154679 0 0 0
0.715822 0.138737 0.155021 0 0 0
0.717243 0.138967 0.155137 0 0 0
0.718608 0.139179 0.155219 0 0 0
0.720228 0.138590 0.155512 0 0 0
0.721637 0.138753 0.155574 0 0 0
0.723113 0.138942 0.155534 0 0 0
0.724669 0.139089 0.155457 0 0 0
0.725702 0.139208 0.155410 0 0 0
0.512970 0.140912 0.147819 0 0 0
0.514110 0.141024 0.147770 0 0 0
0.515738 0.141321 0.147747 0 0 0
0.517260 0.141453 0.147665 0 0 0
0.518873 0.141455 0.147530 0 0 0
0.520471 0.141581 0.147442 0 0 0
0.522050 0.141725 0.147363 0 0 0
0.523628 0.141869 0.147284 0 0 0
0.525227 0.141996 0.147196 0 0 0
0.526835 0.141997 0.147060 0 0 0
0.528388 0.142102 0.146966 0 0 0
0.529942 0.142274 0.146900 0 0 0
0.531514 0.142572 0.146879 0 0 0
0.533118 0.142743 0.146809 0 0 0
0.534725 0.142893 0.146732 0 0 0
0.536021 0.142983 0.146700 0 0 0
0.538264 0.142442 0.147121 0 0 0
0.539559 0.142521 0.147089 0 0 0
0.541167 0.142681 0.147012 0 0 0
0.542744 0.142829 0.146933 0 0 0
0.544320 0.142978 0.146854 0 0 0
0.545896 0.143140 0.146776 0 0 0
0.547478 0.143286 0.146697 0 0 0
0.549058 0.143416 0.146617 0 0 0
0.550634 0.143557 0.146538 0 0 0
0.552212 0.143702 0.146459 0 0 0
0.553787 0.143849 0.146381 0 0 0
0.555385 0.144019 0.146310 0 0 0
0.556959 0.144316 0.146289 0 0 0
0.558505 0.144487 0.146225 0 0 0
0.560087 0.144631 0.146145 0 0 0
0.561665 0.144776 0.146066 0 0 0
0.563269 0.144913 0.145987 0 0 0
0.564600 0.144979 0.145950 0 0 0
0.566779 0.144307 0.146309 0 0 0
0.567861 0.144434 0.146367 0 0 0
0.570013 0.143581 0.146664 0 0 0
0.571344 0.143710 0.146657 0 0 0
0.572703 0.144051 0.146730 0 0 0
0.574815 0.143451 0.147109 0 0 0
0.576149 0.143675 0.147138 0 0 0
0.577710 0.143852 0.147080 0 0 0
0.579311 0.143991 0.147003 0 0 0
0.580643 0.144064 0.146972 0 0 0
0.582760 0.143361 0.147301 0 0 0
0.583803 0.143462 0.147258 0 0 0
0.585807 0.144568 0.146711 255 0 0
0.587111 0.144714 0.146613 255 0 0
0.588710 0.144866 0.146530 255 0 0
0.590252 0.144978 0.146439 255 0 0
0.591839 0.144973 0.146302 255 0 0
0.593434 0.145096 0.146213 255 0 0
0.595002 0.145238 0.146135 255 0 0
0.596572 0.145382 0.146056 255 0 0
0.598142 0.145527 0.145977 255 0 0
0.599710 0.145674 0.145899 255 0 0
0.601324 0.145839 0.145831 255 0 0
0.602679 0.146037 0.145860 255 0 0
0.604453 0.145289 0.146260 255 0 0
0.606291 0.144508 0.146651 255 0 0
0.607620 0.144620 0.146652 255 0 0
0.609049 0.144850 0.146714 255 0 0
0.611002 0.144560 0.147174 255 0 0
0.612374 0.144648 0.147163 255 0 0
0.613579 0.144769 0.147142 255 0 0
0.615914 0.142935 0.148000 255 0 0
0.617074 0.143106 0.148005 255 0 0
0.618524 0.143474 0.148114 255 0 0
0.620449 0.142821 0.148442 255 0 0
0.621766 0.142925 0.148444 255 0 0
0.623140 0.143128 0.148477 255 0 0
0.625101 0.142461 0.148807 255 0 0
0.626448 0.142522 0.148793 255 0 0
0.628047 0.142656 0.148724 255 0 0
0.629401 0.142719 0.148714 255 0 0
0.631305 0.142223 0.149097 255 0 0
0.632656 0.142287 0.149088 255 0 0
0.634251 0.142424 0.149019 255 0 0
0.635606 0.142478 0.149007 255 0 0
0.637517 0.141787 0.149323 255 0 0
0.638815 0.141881 0.149322 255 0 0
0.640436 0.142195 0.149315 255 0 0
0.641806 0.142402 0.149351 255 0 0
0.643682 0.141566 0.149622 0 0 0
0.644994 0.141669 0.149626 0 0 0
0.646614 0.142113 0.149665 0 0 0
0.647937 0.142216 0.149678 0 0 0
0.649622 0.141428 0.150055 0 0 0
0.651330 0.140667 0.150443 0 0 0
0.652686 0.140716 0.150430 0 0 0
0.654219 0.140883 0.150380 0 0 0
0.655592 0.141074 0.150425 0 0 0
0.657450 0.140441 0.150748 0 0 0
0.658812 0.140637 0.150785 0 0 0
0.660315 0.140860 0.150761 0 0 0
0.661680 0.141046 0.150794 0 0 0
0.663532 0.140210 0.151049 0 0 0
0.664892 0.140260 0.151036 0 0 0
0.666456 0.140531 0.151012 0 0 0
0.667951 0.140700 0.150951 0 0 0
0.669494 0.140837 0.150874 0 0 0
0.670989 0.141024 0.150820 0 0 0
0.672536 0.141322 0.150798 0 0 0
0.674083 0.141485 0.150728 0 0 0
0.675632 0.141623 0.150659 0 0 0
0.677051 0.141680 0.150685 0 0 0
0.678612 0.141079 0.151086 0 0 0
0.680239 0.140151 0.151415 0 0 0
0.681544 0.140203 0.151424 0 0 0
0.683131 0.140486 0.151410 0 0 0
0.684519 0.140538 0.151418 0 0 0
0.686263 0.139899 0.151722 0 0 0
0.687615 0.140119 0.151790 0 0 0
0.688972 0.140337 0.151857 0 0 0
0.690757 0.139511 0.152114 0 0 0
0.691952 0.139579 0.152224 0 0 0
0.693562 0.138991 0.152537 0 0 0
0.695016 0.139205 0.152622 0 0 0
0.696590 0.139520 0.152613 0 0 0
0.698078 0.139704 0.152568 0 0 0
0.699449 0.139726 0.152562 0 0 0
0.701143 0.139063 0.152857 0 0 0
0.702366 0.138962 0.152939 0 0 0
0.704063 0.138294 0.153236 0 0 0
0.705379 0.138374 0.153257 0 0 0
0.706935 0.138674 0.153239 0 0 0
0.708476 0.138828 0.153178 0 0 0
0.709919 0.138859 0.153224 0 0 0
0.711367 0.138287 0.153630 0 0 0
0.712787 0.137583 0.154004 0 0 0
0.714194 0.137801 0.154249 0 0 0
0.715751 0.137395 0.154611 0 0 0
0.716957 0.137307 0.154706 0 0 0
0.718481 0.136544 0.155090 0 0 0
0.719982 0.135787 0.155459 0 0 0
0.721348 0.135766 0.155454 0 0 0
0.722845 0.135984 0.155415 0 0 0
0.723873 0.136234 0.155414 0 0 0
0.514964 0.138517 0.147677 0 0 0
0.516090 0.138599 0.147614 0 0 0
0.517769 0.138576 0.147468 0 0 0
0.519266 0.138698 0.147389 0 0 0
0.520840 0.139010 0.147373 0 0 0
0.522440 0.139184 0.147303 0 0 0
0.524034 0.139336 0.147219 0 0 0
0.525386 0.139517 0.147102 0 0 0
0.527180 0.140559 0.146582 0 0 0
0.528560 0.140739 0.146475 0 0 0
0.529890 0.140834 0.146434 0 0 0
0.532127 0.140108 0.146779 0 0 0
0.533468 0.140197 0.146751 0 0 0
0.534787 0.140269 0.146720 0 0 0
0.537003 0.139572 0.147082 0 0 0
0.538296 0.139815 0.147103 0 0 0
0.539920 0.139991 0.147036 0 0 0
0.541489 0.140141 0.146958 0 0 0
0.543092 0.140300 0.146881 0 0 0
0.544386 0.140377 0.146851 0 0 0
0.546629 0.139843 0.147266 0 0 0
0.547657 0.139949 0.147206 0 0 0
0.549584 0.140843 0.146600 0 0 0
0.550900 0.141020 0.146491 0 0 0
0.552502 0.141157 0.146407 0 0 0
0.554073 0.141297 0.146328 0 0 0
0.555646 0.141441 0.146250 0 0 0
0.557219 0.141585 0.146171 0 0 0
0.558792 0.141729 0.146092 0 0 0
0.560365 0.141874 0.146013 0 0 0
0.561938 0.142019 0.145935 0 0 0
0.563538 0.142163 0.145859 0 0 0
0.564869 0.142243 0.145834 0 0 0
0.566969 0.141566 0.146190 0 0 0
0.568305 0.141809 0.146219 0 0 0
0.569949 0.142128 0.146210 0 0 0
0.571245 0.142227 0.146197 0 0 0
0.573143 0.141447 0.146589 0 0 0
0.575033 0.140665 0.146978 0 0 0
0.576325 0.140769 0.146967 0 0 0
0.577918 0.141064 0.146948 0 0 0
0.579526 0.141236 0.146881 0 0 0
0.580855 0.141332 0.146862 0 0 0
0.582939 0.140815 0.147268 0 0 0
0.584270 0.140881 0.147238 0 0 0
0.585597 0.141018 0.147135 0 0 0
0.587584 0.141926 0.146513 255 0 0
0.588856 0.142090 0.146413 255 0 0
0.590478 0.142220 0.146319 255 0 0
0.592061 0.142210 0.146181 255 0 0
0.593596 0.142321 0.146090 255 0 0
0.595165 0.142467 0.146012 255 0 0
0.596730 0.142611 0.145934 255 0 0
0.598299 0.142755 0.145855 255 0 0
0.599827 0.142933 0.145796 255 0 0
0.601420 0.143229 0.145778 255 0 0
0.602789 0.143328 0.145769 255 0 0
0.604793 0.142851 0.146176 255 0 0
0.606169 0.143066 0.146215 255 0 0
0.607503 0.143161 0.146214 255 0 0
0.609312 0.142382 0.146602 255 0 0
0.611119 0.141618 0.146993 255 0 0
0.612437 0.141698 0.146992 255 0 0
0.613865 0.141913 0.147053 255 0 0
0.615808 0.141470 0.147466 255 0 0
0.616913 0.141606 0.147546 255 0 0
0.618936 0.140955 0.147895 255 0 0
0.620310 0.141145 0.147930 255 0 0
0.621639 0.141231 0.147933 255 0 0
0.623411 0.140471 0.148326 255 0 0
0.625172 0.139691 0.148710 255 0 0
0.626469 0.139784 0.148711 255 0 0
0.628072 0.140076 0.148697 255 0 0
0.629438 0.140163 0.148695 255 0 0
0.631335 0.139672 0.149079 255 0 0
0.632679 0.139736 0.149071 255 0 0
0.634244 0.139876 0.148998 0 0 0
0.635806 0.140042 0.148928 0 0 0
0.637383 0.140333 0.148910 255 0 0
0.638681 0.140417 0.148906 255 0 0
0.640611 0.139523 0.149157 255 0 0
0.641915 0.139627 0.149161 255 0 0
0.643531 0.140075 0.149201 0 0 0
0.644845 0.140177 0.149207 0 0 0
0.646734 0.139354 0.149489 0 0 0
0.647895 0.139431 0.149578 0 0 0
0.649802 0.138788 0.149914 0 0 0
0.651155 0.138985 0.149950 0 0 0
0.652659 0.139206 0.149924 0 0 0
0.654021 0.139404 0.149961 0 0 0
0.655883 0.138775 0.150287 0 0 0
0.657248 0.138967 0.150332 0 0 0
0.658778 0.139128 0.150282 0 0 0
0.660129 0.139159 0.150263 0 0 0
0.661990 0.138342 0.150526 0 0 0
0.663346 0.138520 0.150558 0 0 0
0.664819 0.138731 0.150525 0 0 0
0.666363 0.139014 0.150499 0 0 0
0.667911 0.139171 0.150427 0 0 0
0.669461 0.139305 0.150355 0 0 0
0.670810 0.139334 0.150338 0 0 0
0.672623 0.138501 0.150589 0 0 0
0.673972 0.138529 0.150573 0 0 0
0.675497 0.138702 0.150529 0 0 0
0.676880 0.138873 0.150575 0 0 0
0.678666 0.138267 0.150896 0 0 0
0.680011 0.138481 0.150960 0 0 0
0.681358 0.138697 0.151024 0 0 0
0.683144 0.137846 0.151268 0 0 0
0.684455 0.137941 0.151285 0 0 0
0.686061 0.138391 0.151324 0 0 0
0.687386 0.138484 0.151343 0 0 0
0.689137 0.137861 0.151653 0 0 0
0.690520 0.138022 0.151710 0 0 0
0.691911 0.138104 0.151769 0 0 0
0.693435 0.137492 0.152166 0 0 0
0.694960 0.136614 0.152513 0 0 0
0.696326 0.136765 0.152559 0 0 0
0.697898 0.136913 0.152502 0 0 0
0.699272 0.136934 0.152512 0 0 0
0.700892 0.136344 0.152820 0 0 0
0.702281 0.136533 0.152875 0 0 0
0.703873 0.136844 0.152870 0 0 0
0.705178 0.136902 0.152886 0 0 0
0.706869 0.136040 0.153112 0 0 0
0.708168 0.136101 0.153129 0 0 0
0.709751 0.136411 0.153126 0 0 0
0.711213 0.136607 0.153224 0 0 0
0.712612 0.136062 0.153637 0 0 0
0.713999 0.135204 0.154116 0 0 0
0.715468 0.134505 0.154526 0 0 0
0.716714 0.134518 0.154661 0 0 0
0.718360 0.133928 0.154969 0 0 0
0.719691 0.134134 0.155041 0 0 0
0.721238 0.134484 0.155048 0 0 0
0.722273 0.134633 0.155015 0 0 0
0.518311 0.137265 0.146960 0 0 0
0.519180 0.137301 0.146933 0 0 0
0.521558 0.136381 0.147214 0 0 0
0.522805 0.136432 0.147167 0 0 0
0.524403 0.136614 0.147101 0 0 0
0.525744 0.136940 0.147038 0 0 0
0.527563 0.137824 0.146462 0 0 0
0.528940 0.138004 0.146346 0 0 0
0.530267 0.138118 0.146313 0 0 0
0.532502 0.137587 0.146733 0 0 0
0.533779 0.137662 0.146701 0 0 0
0.535433 0.137837 0.146636 0 0 0
0.536725 0.138079 0.146657 0 0 0
0.538935 0.137383 0.147021 0 0 0
0.540247 0.137452 0.146990 0 0 0
0.541563 0.137523 0.146962 0 0 0
0.543763 0.136987 0.147379 0 0 0
0.545068 0.137080 0.147354 0 0 0
0.546661 0.137240 0.147278 0 0 0
0.548222 0.137383 0.147200 0 0 0
0.549815 0.137517 0.147116 0 0 0
0.551140 0.137681 0.147002 0 0 0
0.553025 0.138567 0.146398 0 0 0
0.554328 0.138744 0.146290 0 0 0
0.555924 0.138897 0.146206 0 0 0
0.557492 0.139042 0.146127 0 0 0
0.559059 0.139186 0.146049 0 0 0
0.560627 0.139331 0.145971 0 0 0
0.562195 0.139475 0.145892 0 0 0
0.563760 0.139621 0.145814 0 0 0
0.565376 0.139790 0.145747 0 0 0
0.566689 0.140003 0.145767 0 0 0
0.568780 0.139162 0.146071 0 0 0
0.570113 0.139382 0.146096 0 0 0
0.571487 0.139506 0.146086 0 0 0
0.573614 0.139019 0.146509 0 0 0
0.574939 0.139225 0.146538 0 0 0
0.576251 0.139331 0.146528 0 0 0
0.578381 0.138611 0.146869 0 0 0
0.579445 0.138610 0.146893 0 0 0
0.581582 0.137885 0.147237 0 0 0
0.582894 0.137966 0.147206 0 0 0
0.584499 0.138119 0.147127 0 0 0
0.585781 0.138283 0.147033 0 0 0
0.587740 0.139393 0.146486 0 0 0
0.589059 0.139555 0.146376 255 0 0
0.590374 0.139715 0.146267 255 0 0
0.592345 0.140822 0.145718 255 0 0
0.593634 0.140980 0.145623 255 0 0
0.595223 0.141133 0.145541 255 0 0
0.596786 0.141277 0.145463 255 0 0
0.598373 0.141416 0.145386 255 0 0
0.599710 0.141483 0.145359 255 0 0
0.601759 0.140777 0.145696 255 0 0
0.602880 0.140775 0.145731 255 0 0
0.604926 0.140063 0.146067 255 0 0
0.606239 0.140160 0.146063 255 0 0
0.607612 0.140371 0.146101 255 0 0
0.609641 0.139721 0.146449 255 0 0
0.610967 0.139970 0.146499 255 0 0
0.612298 0.140220 0.146549 255 0 0
0.614335 0.139568 0.146902 255 0 0
0.615465 0.139669 0.146985 255 0 0
0.617237 0.138950 0.147404 255 0 0
0.619017 0.138169 0.147792 255 0 0
0.620331 0.138259 0.147795 255 0 0
0.621705 0.138472 0.147841 255 0 0
0.623661 0.138033 0.148250 255 0 0
0.625031 0.138244 0.148296 255 0 0
0.626346 0.138338 0.148299 255 0 0
0.628307 0.137637 0.148627 255 0 0
0.629443 0.137614 0.148675 255 0 0
0.631392 0.136910 0.149000 255 0 0
0.632719 0.136960 0.148978 255 0 0
0.634281 0.137094 0.148903 0 0 0
0.635820 0.137234 0.148825 255 0 0
0.637361 0.137375 0.148749 255 0 0
0.638868 0.137583 0.148703 255 0 0
0.640461 0.138040 0.148740 255 0 0
0.641765 0.138144 0.148745 255 0 0
0.643677 0.137248 0.148995 255 0 0
0.645047 0.137313 0.148985 0 0 0
0.646399 0.137515 0.149033 0 0 0
0.648176 0.136928 0.149370 0 0 0
0.649596 0.137291 0.149488 0 0 0
0.651138 0.137477 0.149447 0 0 0
0.652485 0.137512 0.149435 0 0 0
0.654166 0.136754 0.149823 0 0 0
0.655842 0.135991 0.150207 0 0 0
0.657178 0.136013 0.150191 0 0 0
0.658725 0.136144 0.150117 0 0 0
0.660267 0.136307 0.150048 0 0 0
0.661809 0.136605 0.150027 0 0 0
0.663279 0.136821 0.149996 0 0 0
0.664637 0.137000 0.150030 0 0 0
0.666480 0.136183 0.150292 0 0 0
0.667817 0.136217 0.150276 0 0 0
0.669362 0.136351 0.150203 0 0 0
0.670902 0.136513 0.150133 0 0 0
0.672444 0.136806 0.150110 0 0 0
0.673952 0.136975 0.150057 0 0 0
0.675284 0.137025 0.150053 0 0 0
0.677039 0.136338 0.150335 0 0 0
0.678433 0.136587 0.150433 0 0 0
0.679775 0.136804 0.150502 0 0 0
0.681549 0.136205 0.150823 0 0 0
0.682948 0.136386 0.150880 0 0 0
0.684268 0.136451 0.150904 0 0 0
0.685853 0.135665 0.151280 0 0 0
0.687455 0.134906 0.151663 0 0 0
0.688810 0.134935 0.151660 0 0 0
0.690309 0.135106 0.151618 0 0 0
0.691699 0.135283 0.151675 0 0 0
0.693389 0.134729 0.152016 0 0 0
0.694626 0.134912 0.152171 0 0 0
0.696275 0.134190 0.152463 0 0 0
0.697641 0.134352 0.152508 0 0 0
0.699218 0.134537 0.152459 0 0 0
0.700596 0.134710 0.152508 0 0 0
0.702225 0.134117 0.152819 0 0 0
0.703572 0.134124 0.152828 0 0 0
0.705116 0.134276 0.152766 0 0 0
0.706669 0.134568 0.152747 0 0 0
0.707975 0.134624 0.152767 0 0 0
0.709616 0.133824 0.153025 0 0 0
0.710853 0.133846 0.153156 0 0 0
0.712369 0.133148 0.153562 0 0 0
0.713848 0.132560 0.153971 0 0 0
0.715110 0.132638 0.154141 0 0 0
0.716678 0.132040 0.154435 0 0 0
0.718092 0.132264 0.154548 0 0 0
0.719437 0.132449 0.154627 0 0 0
0.721094 0.131872 0.154918 0 0 0
0.721939 0.131852 0.154949 0 0 0
0.521855 0.135002 0.146745 0 0 0
0.522986 0.135095 0.146691 0 0 0
0.524344 0.135185 0.146654 0 0 0
0.526396 0.134332 0.146871 0 0 0
0.527947 0.135275 0.146424 0 0 0
0.529017 0.135395 0.146347 0 0 0
0.531306 0.134665 0.146689 0 0 0
0.532560 0.134793 0.146669 0 0 0
0.534175 0.135100 0.146654 0 0 0
0.535472 0.135215 0.146632 0 0 0
0.537715 0.134686 0.147059 0 0 0
0.538983 0.134773 0.147028 0 0 0
0.540605 0.134919 0.146955 0 0 0
0.541907 0.135008 0.146930 0 0 0
0.544081 0.134481 0.147343 0 0 0
0.545378 0.134569 0.147319 0 0 0
0.546967 0.134711 0.147244 0 0 0
0.548528 0.134854 0.147166 0 0 0
0.550116 0.135006 0.147082 0 0 0
0.551407 0.135184 0.146974 0 0 0
0.553291 0.136067 0.146369 0 0 0
0.554613 0.136231 0.146255 0 0 0
0.556203 0.136364 0.146170 0 0 0
0.557764 0.136503 0.146092 0 0 0
0.559327 0.136647 0.146014 0 0 0
0.560889 0.136791 0.145936 0 0 0
0.562452 0.136935 0.145858 0 0 0
0.564014 0.137079 0.145779 0 0 0
0.565574 0.137223 0.145702 0 0 0
0.567184 0.137396 0.145635 0 0 0
0.568499 0.137626 0.145663 0 0 0
0.570367 0.136867 0.146073 0 0 0
0.572267 0.136060 0.146463 0 0 0
0.573541 0.136174 0.146453 0 0 0
0.575149 0.136477 0.146440 0 0 0
0.576488 0.136578 0.146427 0 0 0
0.578582 0.135861 0.146763 0 0 0
0.579868 0.135992 0.146759 0 0 0
0.581456 0.136457 0.146800 0 0 0
0.582988 0.136675 0.146750 0 0 0
0.584550 0.136818 0.146672 0 0 0
0.586097 0.136883 0.146568 0 0 0
0.587698 0.136703 0.146369 0 0 0
0.589268 0.136798 0.146264 0 0 0
0.590545 0.136959 0.146170 255 0 0
0.592516 0.138070 0.145620 255 0 0
0.593801 0.138223 0.145517 255 0 0
0.595386 0.138371 0.145433 255 0 0
0.596944 0.138515 0.145355 255 0 0
0.598526 0.138656 0.145281 255 0 0
0.599861 0.138725 0.145263 255 0 0
0.601887 0.138017 0.145593 255 0 0
0.603186 0.138140 0.145592 255 0 0
0.604808 0.138594 0.145634 255 0 0
0.606116 0.138720 0.145635 255 0 0
0.608134 0.138046 0.145974 255 0 0
0.609497 0.138251 0.146012 0 0 0
0.610814 0.138326 0.146008 255 0 0
0.612629 0.137377 0.146345 255 0 0
0.614384 0.136762 0.146771 255 0 0
0.615534 0.136773 0.146841 255 0 0
0.617455 0.136323 0.147251 255 0 0
0.618871 0.136700 0.147368 255 0 0
0.620198 0.136819 0.147384 255 0 0
0.621967 0.136035 0.147774 255 0 0
0.623685 0.135302 0.148180 255 0 0
0.625039 0.135493 0.148221 255 0 0
0.626417 0.135571 0.148221 255 0 0
0.628350 0.134872 0.148541 255 0 0
0.629640 0.134989 0.148548 255 0 0
0.631229 0.135452 0.148588 255 0 0
0.632736 0.135660 0.148541 255 0 0
0.634271 0.135808 0.148465 255 0 0
0.635808 0.135966 0.148390 255 0 0
0.637371 0.136098 0.148315 255 0 0
0.638703 0.136128 0.148294 255 0 0
0.640592 0.135436 0.148610 255 0 0
0.641946 0.135512 0.148609 255 0 0
0.643515 0.135811 0.148592 0 0 0
0.645022 0.135988 0.148544 0 0 0
0.646417 0.136036 0.148558 0 0 0
0.648056 0.135433 0.148970 0 0 0
0.649763 0.134488 0.149304 0 0 0
0.651067 0.134551 0.149312 0 0 0
0.652446 0.134744 0.149363 0 0 0
0.654320 0.134128 0.149697 0 0 0
0.655620 0.134356 0.149752 0 0 0
0.657138 0.134700 0.149758 0 0 0
0.658682 0.134863 0.149690 0 0 0
0.660204 0.135002 0.149613 0 0 0
0.661751 0.135119 0.149535 0 0 0
0.663091 0.135147 0.149517 0 0 0
0.664938 0.134328 0.149779 0 0 0
0.666281 0.134511 0.149815 0 0 0
0.667786 0.134694 0.149766 0 0 0
0.669316 0.134829 0.149688 0 0 0
0.670842 0.134951 0.149607 0 0 0
0.672322 0.135122 0.149549 0 0 0
0.673879 0.135416 0.149533 0 0 0
0.675300 0.135498 0.149564 0 0 0
0.677030 0.135009 0.149916 0 0 0
0.678187 0.134950 0.149987 0 0 0
0.679820 0.134183 0.150382 0 0 0
0.681428 0.133422 0.150764 0 0 0
0.682735 0.133480 0.150786 0 0 0
0.684133 0.133657 0.150846 0 0 0
0.685886 0.133056 0.151162 0 0 0
0.687246 0.133227 0.151204 0 0 0
0.688711 0.133456 0.151188 0 0 0
0.690082 0.133629 0.151231 0 0 0
0.691804 0.132860 0.151510 0 0 0
0.693031 0.133052 0.151665 0 0 0
0.694734 0.132494 0.152016 0 0 0
0.695957 0.132547 0.152140 0 0 0
0.697623 0.131939 0.152471 0 0 0
0.698828 0.131835 0.152560 0 0 0
0.700474 0.131225 0.152882 0 0 0
0.701893 0.131366 0.152915 0 0 0
0.703361 0.131401 0.152819 0 0 0
0.704911 0.131645 0.152771 0 0 0
0.706368 0.131682 0.152671 0 0 0
0.707902 0.131976 0.152652 0 0 0
0.709292 0.132153 0.152705 0 0 0
0.710929 0.131395 0.152977 0 0 0
0.712182 0.131469 0.153135 0 0 0
0.713724 0.130996 0.153468 0 0 0
0.715003 0.130991 0.153625 0 0 0
0.716589 0.130435 0.153930 0 0 0
0.717835 0.130363 0.154064 0 0 0
0.718909 0.129750 0.154288 0 0 0
0.522271 0.132290 0.146628 0 0 0
0.523351 0.132388 0.146574 0 0 0
0.525006 0.132550 0.146501 0 0 0
0.526522 0.132808 0.146467 0 0 0
0.528077 0.132831 0.146346 0 0 0
0.529689 0.132983 0.146267 0 0 0
0.531270 0.133282 0.146251 0 0 0
0.532533 0.133385 0.146232 0 0 0
0.534496 0.132578 0.146620 0 0 0
0.536497 0.131792 0.147022 0 0 0
0.537750 0.131913 0.147007 0 0 0
0.539327 0.132218 0.146990 0 0 0
0.540938 0.132390 0.146924 0 0 0
0.542228 0.132476 0.146899 0 0 0
0.544430 0.131740 0.147242 0 0 0
0.545677 0.131850 0.147224 0 0 0
0.547255 0.132152 0.147207 0 0 0
0.548832 0.132323 0.147138 0 0 0
0.550407 0.132445 0.147051 0 0 0
0.551986 0.132426 0.146913 0 0 0
0.553533 0.132521 0.146814 0 0 0
0.554839 0.132690 0.146712 0 0 0
0.556724 0.133782 0.146175 0 0 0
0.558008 0.133962 0.146071 0 0 0
0.559593 0.134114 0.145987 0 0 0
0.561151 0.134258 0.145909 0 0 0
0.562709 0.134401 0.145831 0 0 0
0.564266 0.134545 0.145753 0 0 0
0.565854 0.134686 0.145678 0 0 0
0.567143 0.134747 0.145651 0 0 0
0.569252 0.134063 0.146012 0 0 0
0.570571 0.134326 0.146046 0 0 0
0.572196 0.134664 0.146043 0 0 0
0.573461 0.134784 0.146031 0 0 0
0.575591 0.134064 0.146372 0 0 0
0.576896 0.134149 0.146354 0 0 0
0.578504 0.134443 0.146339 0 0 0
0.579779 0.134537 0.146330 0 0 0
0.581632 0.133732 0.146718 0 0 0
0.583535 0.132952 0.147110 0 0 0
0.584575 0.133042 0.147063 0 0 0
0.586296 0.134182 0.146493 0 0 0
0.588003 0.135323 0.145916 0 0 0
0.589286 0.135477 0.145815 0 0 0
0.590858 0.135565 0.145709 255 0 0
0.592418 0.135422 0.145530 255 0 0
0.593963 0.135667 0.145486 255 0 0
0.595537 0.135836 0.145416 255 0 0
0.597086 0.135980 0.145338 255 0 0
0.598635 0.136124 0.145261 255 0 0
0.600207 0.136292 0.145191 255 0 0
0.601785 0.136591 0.145174 255 0 0
0.603069 0.136702 0.145167 255 0 0
0.605132 0.135985 0.145508 255 0 0
0.606221 0.135967 0.145543 255 0 0
0.608249 0.135251 0.145877 255 0 0
0.609571 0.135312 0.145852 255 0 0
0.611135 0.135516 0.145813 255 0 0
0.612527 0.135901 0.145927 255 0 0
0.614458 0.135453 0.146341 255 0 0
0.615605 0.135464 0.146412 255 0 0
0.617354 0.134844 0.146840 255 0 0
0.619119 0.133922 0.147198 255 0 0
0.620243 0.134035 0.147289 255 0 0
0.622227 0.133434 0.147668 255 0 0
0.623353 0.133692 0.147799 255 0 0
0.625287 0.133073 0.148160 255 0 0
0.626633 0.133155 0.148158 255 0 0
0.628219 0.133455 0.148146 255 0 0
0.629498 0.133559 0.148147 255 0 0
0.631446 0.132856 0.148470 255 0 0
0.632775 0.132891 0.148461 255 0 0
0.634111 0.132924 0.148453 255 0 0
0.636065 0.132228 0.148770 255 0 0
0.637085 0.132282 0.148734 255 0 0
0.639039 0.133300 0.148274 255 0 0
0.640589 0.132679 0.148538 255 0 0
0.641939 0.132716 0.148525 0 0 0
0.643495 0.132849 0.148452 0 0 0
0.644999 0.133034 0.148405 0 0 0
0.646350 0.133239 0.148452 0 0 0
0.648247 0.132620 0.148790 0 0 0
0.649563 0.132849 0.148849 0 0 0
0.650883 0.133083 0.148908 0 0 0
0.652786 0.132231 0.149173 0 0 0
0.654101 0.132464 0.149233 0 0 0
0.655423 0.132679 0.149291 0 0 0
0.657252 0.131878 0.149571 0 0 0
0.658626 0.132036 0.149594 0 0 0
0.660195 0.132019 0.149467 0 0 0
0.661679 0.132130 0.149381 0 0 0
0.663218 0.132296 0.149312 0 0 0
0.664750 0.132597 0.149291 0 0 0
0.666230 0.132770 0.149233 0 0 0
0.667760 0.132906 0.149157 0 0 0
0.669240 0.133094 0.149105 0 0 0
0.670796 0.133391 0.149089 0 0 0
0.672146 0.133438 0.149081 0 0 0
0.673969 0.132568 0.149337 0 0 0
0.675119 0.132520 0.149403 0 0 0
0.676818 0.132063 0.149780 0 0 0
0.678073 0.132169 0.149931 0 0 0
0.679864 0.131545 0.150261 0 0 0
0.681193 0.131777 0.150332 0 0 0
0.682526 0.132004 0.150402 0 0 0
0.684313 0.131167 0.150655 0 0 0
0.685619 0.131393 0.150717 0 0 0
0.687142 0.131722 0.150727 0 0 0
0.688505 0.131766 0.150728 0 0 0
0.690244 0.131144 0.151047 0 0 0
0.691447 0.131187 0.151167 0 0 0
0.692989 0.130292 0.151530 0 0 0
0.694509 0.129674 0.151936 0 0 0
0.695732 0.129629 0.152057 0 0 0
0.697378 0.129146 0.152398 0 0 0
0.698758 0.129260 0.152467 0 0 0
0.700190 0.129555 0.152578 0 0 0
0.701492 0.128855 0.152795 0 0 0
0.703467 0.129870 0.152499 0 0 0
0.704463 0.129141 0.152640 0 0 0
0.706444 0.130170 0.152344 0 0 0
0.707778 0.129376 0.152528 0 0 0
0.709156 0.129365 0.152530 0 0 0
0.710658 0.129706 0.152549 0 0 0
0.712042 0.129939 0.152652 0 0 0
0.713676 0.129250 0.152924 0 0 0
0.714874 0.129242 0.153050 0 0 0
0.716430 0.128939 0.153434 0 0 0
0.717810 0.128917 0.153629 0 0 0
0.718859 0.128516 0.153913 0 0 0
0.525776 0.130061 0.146442 0 0 0
0.526873 0.130138 0.146380 0 0 0
0.528532 0.130105 0.146233 0 0 0
0.530044 0.130197 0.146141 0 0 0
0.531603 0.130380 0.146086 0 0 0
0.532888 0.130621 0.146115 0 0 0
0.535113 0.129992 0.146504 0 0 0
0.536416 0.130378 0.146584 0 0 0
0.537710 0.130520 0.146578 0 0 0
0.539923 0.129788 0.146923 0 0 0
0.541201 0.129875 0.146898 0 0 0
0.542808 0.130047 0.146832 0 0 0
0.544383 0.130348 0.146816 0 0 0
0.545630 0.130455 0.146799 0 0 0
0.547821 0.129725 0.147142 0 0 0
0.549130 0.129814 0.147112 0 0 0
0.550458 0.129984 0.147003 0 0 0
0.552311 0.131057 0.146472 0 0 0
0.553616 0.131233 0.146370 0 0 0
0.555157 0.131345 0.146273 0 0 0
0.556735 0.131329 0.146135 0 0 0
0.558311 0.131449 0.146047 0 0 0
0.559861 0.131591 0.145969 0 0 0
0.561413 0.131734 0.145891 0 0 0
0.562965 0.131876 0.145813 0 0 0
0.564517 0.132017 0.145736 0 0 0
0.566067 0.132161 0.145659 0 0 0
0.567670 0.132332 0.145593 0 0 0
0.568965 0.132553 0.145619 0 0 0
0.571076 0.131864 0.145981 0 0 0
0.572113 0.131862 0.146007 0 0 0
0.574270 0.131131 0.146353 0 0 0
0.575567 0.131219 0.146325 0 0 0
0.577099 0.131395 0.146268 0 0 0
0.578674 0.131699 0.146254 0 0 0
0.580004 0.131806 0.146246 0 0 0
0.582074 0.131332 0.146664 0 0 0
0.583386 0.131567 0.146702 0 0 0
0.584878 0.131708 0.146635 0 0 0
0.586502 0.131656 0.146475 0 0 0
0.587847 0.131618 0.146281 0 0 0
0.589804 0.132489 0.145652 0 0 0
0.590786 0.132669 0.145540 0 0 0
0.592554 0.133876 0.145127 255 0 0
0.594344 0.133048 0.145353 255 0 0
0.595670 0.133105 0.145328 255 0 0
0.597246 0.133238 0.145251 255 0 0
0.598799 0.133363 0.145168 255 0 0
0.600329 0.133539 0.145114 255 0 0
0.601637 0.133749 0.145150 255 0 0
0.603666 0.133275 0.145565 255 0 0
0.604984 0.133364 0.145553 255 0 0
0.606569 0.133536 0.145488 255 0 0
0.608117 0.133842 0.145468 255 0 0
0.609646 0.134028 0.145415 255 0 0
0.610978 0.134068 0.145392 255 0 0
0.612766 0.133274 0.145786 255 0 0
0.614529 0.132541 0.146203 255 0 0
0.615644 0.132669 0.146297 255 0 0
0.617667 0.132226 0.146728 0 0 0
0.618780 0.132359 0.146820 0 0 0
0.620757 0.131730 0.147191 0 0 0
0.621875 0.131839 0.147284 0 0 0
0.623615 0.131103 0.147705 0 0 0
0.625324 0.130370 0.148115 0 0 0
0.626669 0.130563 0.148157 0 0 0
0.628017 0.130622 0.148158 0 0 0
0.629915 0.129969 0.148501 255 0 0
0.631234 0.130187 0.148538 255 0 0
0.632798 0.130361 0.148475 255 0 0
0.634341 0.130530 0.148407 255 0 0
0.635884 0.130840 0.148388 255 0 0
0.637327 0.130992 0.148325 255 0 0
0.638887 0.130983 0.148192 255 0 0
0.640460 0.131259 0.148158 255 0 0
0.641937 0.131441 0.148105 0 0 0
0.643490 0.131574 0.148032 0 0 0
0.644814 0.131615 0.148012 0 0 0
0.646725 0.130731 0.148269 0 0 0
0.648032 0.130966 0.148327 0 0 0
0.649349 0.131197 0.148388 0 0 0
0.651234 0.130581 0.148726 0 0 0
0.652599 0.130775 0.148778 0 0 0
0.653898 0.130847 0.148788 0 0 0
0.655775 0.130200 0.149123 0 0 0
0.656950 0.130271 0.149228 0 0 0
0.658442 0.129508 0.149465 0 0 0
0.660401 0.130727 0.149056 0 0 0
0.661600 0.130864 0.148971 0 0 0
0.663148 0.131010 0.148890 0 0 0
0.664666 0.131134 0.148809 0 0 0
0.666189 0.131267 0.148731 0 0 0
0.667729 0.131397 0.148659 0 0 0
0.669060 0.131423 0.148644 0 0 0
0.670875 0.130552 0.148891 0 0 0
0.672164 0.130650 0.148906 0 0 0
0.673765 0.131114 0.148953 0 0 0
0.675122 0.131242 0.149014 0 0 0
0.676682 0.130621 0.149417 0 0 0
0.678250 0.129744 0.149775 0 0 0
0.679640 0.130072 0.149878 0 0 0
0.680963 0.130170 0.149905 0 0 0
0.682735 0.129540 0.150222 0 0 0
0.684098 0.129703 0.150278 0 0 0
0.685404 0.129761 0.150299 0 0 0
0.687147 0.129104 0.150610 0 0 0
0.688340 0.129026 0.150693 0 0 0
0.690067 0.128377 0.151004 0 0 0
0.691375 0.128466 0.151038 0 0 0
0.692850 0.128803 0.151176 0 0 0
0.694443 0.128245 0.151504 0 0 0
0.695677 0.128343 0.151661 0 0 0
0.697340 0.127727 0.151976 0 0 0
0.698499 0.127778 0.152090 0 0 0
0.700245 0.126940 0.152345 0 0 0
0.701572 0.127081 0.152379 0 0 0
0.702990 0.127164 0.152310 0 0 0
0.704597 0.127538 0.152298 0 0 0
0.706065 0.127410 0.152141 0 0 0
0.707544 0.127708 0.152122 0 0 0
0.709031 0.128061 0.152134 0 0 0
0.710388 0.128083 0.152138 0 0 0
0.712024 0.127476 0.152433 0 0 0
0.713447 0.127630 0.152497 0 0 0
0.714516 0.127789 0.152530 0 0 0
0.715974 0.126133 0.153460 0 0 0
0.529042 0.128841 0.145752 0 0 0
0.530190 0.128904 0.145688 0 0 0
0.531517 0.128993 0.145655 0 0 0
0.533792 0.128293 0.146020 0 0 0
0.534790 0.128454 0.146082 0 0 0
0.537033 0.127762 0.146460 0 0 0
0.538046 0.127792 0.146482 0 0 0
0.540282 0.127053 0.146832 0 0 0
0.541552 0.127134 0.146799 0 0 0
0.543133 0.127271 0.146722 0 0 0
0.544669 0.127447 0.146666 0 0 0
0.545947 0.127686 0.146698 0 0 0
0.548153 0.127011 0.147061 0 0 0
0.549446 0.127097 0.147024 0 0 0
0.550803 0.127259 0.146891 0 0 0
0.552642 0.128109 0.146304 0 0 0
0.553931 0.128264 0.146188 0 0 0
0.555504 0.128411 0.146104 0 0 0
0.557051 0.128555 0.146026 0 0 0
0.558598 0.128698 0.145949 0 0 0
0.560145 0.128841 0.145871 0 0 0
0.561697 0.128981 0.145793 0 0 0
0.563204 0.129154 0.145733 0 0 0
0.564748 0.129465 0.145717 0 0 0
0.566320 0.129636 0.145648 0 0 0
0.567888 0.129784 0.145575 0 0 0
0.569186 0.129879 0.145556 0 0 0
0.571298 0.129365 0.145973 0 0 0
0.572590 0.129455 0.145958 0 0 0
0.574166 0.129762 0.145944 0 0 0
0.575697 0.129931 0.145886 0 0 0
0.576997 0.130000 0.145857 0 0 0
0.579113 0.129277 0.146201 0 0 0
0.580170 0.129286 0.146234 0 0 0
0.582279 0.128558 0.146577 0 0 0
0.583566 0.128623 0.146549 0 0 0
0.585156 0.128774 0.146471 0 0 0
0.586418 0.128954 0.146378 0 0 0
0.588106 0.130270 0.145863 0 0 0
0.589794 0.131194 0.145246 0 0 0
0.591057 0.131321 0.145107 0 0 0
0.592699 0.131302 0.144956 0 0 0
0.594280 0.131415 0.144864 255 0 0
0.595765 0.131554 0.144792 255 0 0
0.597283 0.131735 0.144733 255 0 0
0.598853 0.132039 0.144718 255 0 0
0.600189 0.132123 0.144703 255 0 0
0.602013 0.131146 0.145037 255 0 0
0.603763 0.130560 0.145468 255 0 0
0.605125 0.130627 0.145474 255 0 0
0.606671 0.130789 0.145423 255 0 0
0.607996 0.130978 0.145461 255 0 0
0.609747 0.130350 0.145750 255 0 0
0.611366 0.131257 0.145379 255 0 0
0.613059 0.130864 0.145733 0 0 0
0.614197 0.130986 0.145833 0 0 0
0.615956 0.130247 0.146254 0 0 0
0.617707 0.129509 0.146675 0 0 0
0.618816 0.129624 0.146769 0 0 0
0.620792 0.128994 0.147142 0 0 0
0.621899 0.129115 0.147233 0 0 0
0.623875 0.128515 0.147615 0 0 0
0.624988 0.128775 0.147749 0 0 0
0.626910 0.128155 0.148112 0 0 0
0.628266 0.128243 0.148117 0 0 0
0.629608 0.128458 0.148160 255 0 0
0.631502 0.127804 0.148504 0 0 0
0.632795 0.127840 0.148493 255 0 0
0.634343 0.127974 0.148422 255 0 0
0.635864 0.128113 0.148346 255 0 0
0.637385 0.128253 0.148270 255 0 0
0.638902 0.128394 0.148193 255 0 0
0.640461 0.128504 0.148102 255 0 0
0.641998 0.128465 0.147964 0 0 0
0.643432 0.128617 0.147901 0 0 0
0.644991 0.128955 0.147889 0 0 0
0.646565 0.129278 0.147879 0 0 0
0.647834 0.129341 0.147884 0 0 0
0.649536 0.128384 0.148222 0 0 0
0.651157 0.127784 0.148635 0 0 0
0.652499 0.127875 0.148683 0 0 0
0.653861 0.128071 0.148740 0 0 0
0.655705 0.127436 0.149067 0 0 0
0.657039 0.127502 0.149062 0 0 0
0.658565 0.127765 0.149034 0 0 0
0.660041 0.127759 0.148915 0 0 0
0.661591 0.127861 0.148822 0 0 0
0.663100 0.127998 0.148746 0 0 0
0.664618 0.128137 0.148671 0 0 0
0.666079 0.128326 0.148622 0 0 0
0.667608 0.128633 0.148602 0 0 0
0.669156 0.128824 0.148541 0 0 0
0.670706 0.129124 0.148525 0 0 0
0.671987 0.129204 0.148538 0 0 0
0.673772 0.128530 0.148853 0 0 0
0.674954 0.128487 0.148933 0 0 0
0.676746 0.128043 0.149331 0 0 0
0.677910 0.128115 0.149452 0 0 0
0.679485 0.127373 0.149868 0 0 0
0.681087 0.126570 0.150250 0 0 0
0.682358 0.126657 0.150272 0 0 0
0.683921 0.126959 0.150264 0 0 0
0.685280 0.127010 0.150278 0 0 0
0.686996 0.126359 0.150578 0 0 0
0.688333 0.126390 0.150574 0 0 0
0.689891 0.126680 0.150566 0 0 0
0.691155 0.126776 0.150596 0 0 0
0.692807 0.126169 0.150907 0 0 0
0.694080 0.126357 0.151094 0 0 0
0.695801 0.125594 0.151391 0 0 0
0.696960 0.125645 0.151509 0 0 0
0.698536 0.125103 0.151835 0 0 0
0.699988 0.125466 0.151974 0 0 0
0.701472 0.125661 0.151946 0 0 0
0.702838 0.125666 0.151953 0 0 0
0.704138 0.125056 0.152183 0 0 0
0.706267 0.126081 0.151738 0 0 0
0.707253 0.126075 0.151724 0 0 0
0.708937 0.125437 0.152022 0 0 0
0.710153 0.125333 0.152121 0 0 0
0.711810 0.124672 0.152413 0 0 0
0.713100 0.124760 0.152443 0 0 0
0.714213 0.125052 0.152483 0 0 0
0.531041 0.126245 0.145573 0 0 0
0.531840 0.126291 0.145566 0 0 0
0.534158 0.125592 0.145943 0 0 0
0.535101 0.125730 0.146000 0 0 0
0.537339 0.125078 0.146388 0 0 0
0.538620 0.125343 0.146421 0 0 0
0.540215 0.125684 0.146417 0 0 0
0.541719 0.125856 0.146357 0 0 0
0.543297 0.125993 0.146280 0 0 0
0.544569 0.126073 0.146248 0 0 0
0.546801 0.125158 0.146533 0 0 0
0.548060 0.125385 0.146555 0 0 0
0.549623 0.125565 0.146490 0 0 0
0.550902 0.125726 0.146386 0 0 0
0.552731 0.126815 0.145876 0 0 0
0.554057 0.126988 0.145746 0 0 0
0.555623 0.127135 0.145661 0 0 0
0.557168 0.127276 0.145584 0 0 0
0.558713 0.127418 0.145507 0 0 0
0.560258 0.127561 0.145429 0 0 0
0.561827 0.127703 0.145354 0 0 0
0.563111 0.127795 0.145325 0 0 0
0.565270 0.127065 0.145671 0 0 0
0.566561 0.127122 0.145648 0 0 0
0.567859 0.127183 0.145628 0 0 0
0.569977 0.126665 0.146045 0 0 0
0.571263 0.126761 0.146027 0 0 0
0.572827 0.126907 0.145954 0 0 0
0.574368 0.127047 0.145877 0 0 0
0.575934 0.127187 0.145804 0 0 0
0.577228 0.127260 0.145785 0 0 0
0.579319 0.126534 0.146122 0 0 0
0.580577 0.126665 0.146121 0 0 0
0.582152 0.127141 0.146166 0 0 0
0.583663 0.127346 0.146117 0 0 0
0.585231 0.127463 0.146029 0 0 0
0.586785 0.127402 0.145870 0 0 0
0.588030 0.127364 0.145705 0 0 0
0.590034 0.128418 0.145125 0 0 0
0.591343 0.128428 0.144961 0 0 0
0.592583 0.128563 0.144852 0 0 0
0.594559 0.129862 0.144359 0 0 0
0.595839 0.130012 0.144267 255 0 0
0.597168 0.130080 0.144235 255 0 0
0.599232 0.129194 0.144513 255 0 0
0.600523 0.129305 0.144515 255 0 0
0.601913 0.129684 0.144629 255 0 0
0.603884 0.129025 0.144969 255 0 0
0.605162 0.129134 0.144972 255 0 0
0.606501 0.129356 0.145010 255 0 0
0.608530 0.128709 0.145362 255 0 0
0.609839 0.128892 0.145394 255 0 0
0.611152 0.128840 0.145350 255 0 0
0.613164 0.128298 0.145743 0 0 0
0.614263 0.128292 0.145793 0 0 0
0.616248 0.127660 0.146167 0 0 0
0.617351 0.127924 0.146297 0 0 0
0.619331 0.127179 0.146639 0 0 0
0.620434 0.127416 0.146764 0 0 0
0.622384 0.126657 0.147098 0 0 0
0.623503 0.126924 0.147237 0 0 0
0.625264 0.126222 0.147680 0 0 0
0.626979 0.125627 0.148139 0 0 0
0.628066 0.125585 0.148199 0 0 0
0.629984 0.124922 0.148552 0 0 0
0.631290 0.125140 0.148590 255 0 0
0.632847 0.125313 0.148528 255 0 0
0.634361 0.125454 0.148453 255 0 0
0.635872 0.125592 0.148376 255 0 0
0.637427 0.125704 0.148286 255 0 0
0.638981 0.125680 0.148145 255 0 0
0.640136 0.125798 0.148053 0 0 0
0.642253 0.127171 0.147560 0 0 0
0.643244 0.127211 0.147528 0 0 0
0.645179 0.126319 0.147777 0 0 0
0.646486 0.126339 0.147755 0 0 0
0.648003 0.126541 0.147722 0 0 0
0.649413 0.126923 0.147848 0 0 0
0.651184 0.126335 0.148197 0 0 0
0.652288 0.126443 0.148295 0 0 0
0.654202 0.125580 0.148569 0 0 0
0.655520 0.125772 0.148604 0 0 0
0.657013 0.125952 0.148557 0 0 0
0.658485 0.126129 0.148502 0 0 0
0.660012 0.126450 0.148487 0 0 0
0.661536 0.126619 0.148421 0 0 0
0.663043 0.126759 0.148346 0 0 0
0.664575 0.126891 0.148275 0 0 0
0.665898 0.126927 0.148263 0 0 0
0.667686 0.126247 0.148569 0 0 0
0.669016 0.126282 0.148571 0 0 0
0.670567 0.126407 0.148508 0 0 0
0.671905 0.126444 0.148521 0 0 0
0.673476 0.125860 0.148966 0 0 0
0.675072 0.125141 0.149391 0 0 0
0.676233 0.125212 0.149512 0 0 0
0.677972 0.124627 0.149859 0 0 0
0.679332 0.124847 0.149913 0 0 0
0.680909 0.125178 0.149913 0 0 0
0.682172 0.125247 0.149926 0 0 0
0.683935 0.124343 0.150160 0 0 0
0.685269 0.124383 0.150156 0 0 0
0.686755 0.124737 0.150167 0 0 0
0.688223 0.125099 0.150175 0 0 0
0.689753 0.125241 0.150112 0 0 0
0.691146 0.125271 0.150144 0 0 0
0.692650 0.124481 0.150496 0 0 0
0.694093 0.123771 0.150869 0 0 0
0.695550 0.124130 0.151022 0 0 0
0.696913 0.124239 0.151102 0 0 0
0.698391 0.123629 0.151498 0 0 0
0.699937 0.122679 0.151832 0 0 0
0.701274 0.122662 0.151836 0 0 0
0.702631 0.122695 0.151876 0 0 0
0.703851 0.122270 0.152139 0 0 0
0.706042 0.123333 0.151730 0 0 0
0.707046 0.123328 0.151726 0 0 0
0.708710 0.122670 0.152005 0 0 0
0.710065 0.122690 0.152005 0 0 0
0.711563 0.123081 0.152023 0 0 0
0.712561 0.123435 0.152062 0 0 0
0.534204 0.124179 0.145558 0 0 0
0.536052 0.123284 0.145874 0 0 0
0.537003 0.123542 0.145977 0 0 0
0.539255 0.122692 0.146297 0 0 0
0.540515 0.122778 0.146267 0 0 0
0.542086 0.122916 0.146191 0 0 0
0.543630 0.123053 0.146113 0 0 0
0.545151 0.123240 0.146057 0 0 0
0.546684 0.123713 0.146098 0 0 0
0.548206 0.123901 0.146043 0 0 0
0.549755 0.124040 0.145964 0 0 0
0.551258 0.124141 0.145873 0 0 0
0.552847 0.124114 0.145731 0 0 0
0.554443 0.124065 0.145582 0 0 0
0.555900 0.124194 0.145507 0 0 0
0.557440 0.124509 0.145491 0 0 0
0.559006 0.124680 0.145423 0 0 0
0.560573 0.124820 0.145350 0 0 0
0.561831 0.124879 0.145325 0 0 0
0.563955 0.124189 0.145690 0 0 0
0.565223 0.124434 0.145718 0 0 0
0.566838 0.124611 0.145658 0 0 0
0.568121 0.124693 0.145642 0 0 0
0.570209 0.124181 0.146054 0 0 0
0.571491 0.124259 0.146037 0 0 0
0.573053 0.124398 0.145964 0 0 0
0.574587 0.124540 0.145887 0 0 0
0.576118 0.124682 0.145811 0 0 0
0.577676 0.124853 0.145743 0 0 0
0.579234 0.125163 0.145729 0 0 0
0.580473 0.125280 0.145721 0 0 0
0.582584 0.124555 0.146063 0 0 0
0.583870 0.124615 0.146035 0 0 0
0.585155 0.124764 0.145933 0 0 0
0.587106 0.125857 0.145378 0 0 0
0.588373 0.125966 0.145254 0 0 0
0.589695 0.125824 0.145041 0 0 0
0.591657 0.127054 0.144519 0 0 0
0.592904 0.127014 0.144353 0 0 0
0.594456 0.126951 0.144195 0 0 0
0.596020 0.127069 0.144106 0 0 0
0.597576 0.127236 0.144038 0 0 0
0.599101 0.127583 0.144044 255 0 0
0.600370 0.127842 0.144093 255 0 0
0.602419 0.127191 0.144450 0 0 0
0.603753 0.127398 0.144489 0 0 0
0.605045 0.127507 0.144494 0 0 0
0.606870 0.126746 0.144907 0 0 0
0.608608 0.126159 0.145362 0 0 0
0.609945 0.126217 0.145362 0 0 0
0.611280 0.126282 0.145358 0 0 0
0.613228 0.125789 0.145757 255 0 0
0.614579 0.125882 0.145761 255 0 0
0.615905 0.126082 0.145797 0 0 0
0.617896 0.125229 0.146095 0 0 0
0.618960 0.125354 0.146179 0 0 0
0.620893 0.124766 0.146550 255 0 0
0.621829 0.125080 0.146679 0 0 0
0.624126 0.123368 0.147666 0 0 0
0.625049 0.123547 0.147756 0 0 0
0.626985 0.122941 0.148122 255 0 0
0.628329 0.123173 0.148173 0 0 0
0.629678 0.123405 0.148225 0 0 0
0.631541 0.122754 0.148567 255 0 0
0.632844 0.122804 0.148562 255 0 0
0.634375 0.122937 0.148491 255 0 0
0.635958 0.123050 0.148394 255 0 0
0.637157 0.123021 0.148249 255 0 0
0.639228 0.124341 0.147727 0 0 0
0.640406 0.124282 0.147572 0 0 0
0.641928 0.124211 0.147416 0 0 0
0.643499 0.124347 0.147334 0 0 0
0.644976 0.124704 0.147339 0 0 0
0.646479 0.125058 0.147349 0 0 0
0.647809 0.125114 0.147339 0 0 0
0.649674 0.124282 0.147629 0 0 0
0.650810 0.124496 0.147765 0 0 0
0.652635 0.123775 0.148091 0 0 0
0.653975 0.124124 0.148181 0 0 0
0.655469 0.124320 0.148140 0 0 0
0.657005 0.124445 0.148068 0 0 0
0.658318 0.124471 0.148053 0 0 0
0.660114 0.123646 0.148327 0 0 0
0.661431 0.123833 0.148366 0 0 0
0.662980 0.123995 0.148304 0 0 0
0.664504 0.124129 0.148235 0 0 0
0.665832 0.124164 0.148238 0 0 0
0.667622 0.123481 0.148546 0 0 0
0.668880 0.123564 0.148560 0 0 0
0.670445 0.123864 0.148551 0 0 0
0.671797 0.123935 0.148569 0 0 0
0.673559 0.123500 0.148957 0 0 0
0.674728 0.123582 0.149077 0 0 0
0.676460 0.122825 0.149391 0 0 0
0.677638 0.123023 0.149543 0 0 0
0.679337 0.122272 0.149845 0 0 0
0.680665 0.122449 0.149890 0 0 0
0.682219 0.122634 0.149836 0 0 0
0.683735 0.122944 0.149816 0 0 0
0.685187 0.123133 0.149774 0 0 0
0.686515 0.123150 0.149767 0 0 0
0.688246 0.122493 0.150069 0 0 0
0.689552 0.122507 0.150076 0 0 0
0.691095 0.122665 0.150025 0 0 0
0.692510 0.122864 0.150118 0 0 0
0.693961 0.122316 0.150544 0 0 0
0.695466 0.121402 0.150909 0 0 0
0.696649 0.121439 0.151038 0 0 0
0.698367 0.120836 0.151363 0 0 0
0.699654 0.121063 0.151436 0 0 0
0.701145 0.121424 0.151460 0 0 0
0.702563 0.121493 0.151510 0 0 0
0.704154 0.120757 0.151749 0 0 0
0.705443 0.120601 0.151697 0 0 0
0.706939 0.120769 0.151647 0 0 0
0.708485 0.121251 0.151678 0 0 0
0.709961 0.121477 0.151636 0 0 0
0.710959 0.121599 0.151595 0 0 0
0.536099 0.121822 0.145486 0 0 0
0.537928 0.121098 0.145840 0 0 0
0.539204 0.121129 0.145811 0 0 0
0.540697 0.121249 0.145738 0 0 0
0.542252 0.121396 0.145662 0 0 0
0.543783 0.121570 0.145604 0 0 0
0.545034 0.121803 0.145628 0 0 0
0.547267 0.120908 0.145922 0 0 0
0.548521 0.120986 0.145892 0 0 0
0.550084 0.121123 0.145816 0 0 0
0.551644 0.121275 0.145735 0 0 0
0.552912 0.121449 0.145634 0 0 0
0.554787 0.122722 0.145165 0 0 0
0.555797 0.122823 0.145111 0 0 0
0.557965 0.121922 0.145397 0 0 0
0.559220 0.122152 0.145422 0 0 0
0.560807 0.122326 0.145359 0 0 0
0.562393 0.122497 0.145296 0 0 0
0.563658 0.122726 0.145325 0 0 0
0.565750 0.122035 0.145686 0 0 0
0.567052 0.122110 0.145670 0 0 0
0.568359 0.122182 0.145656 0 0 0
0.570435 0.121494 0.146016 0 0 0
0.571698 0.121722 0.146045 0 0 0
0.573281 0.121894 0.145982 0 0 0
0.574807 0.122038 0.145906 0 0 0
0.576336 0.122178 0.145830 0 0 0
0.577896 0.122314 0.145757 0 0 0
0.579151 0.122366 0.145735 0 0 0
0.581259 0.121653 0.146081 0 0 0
0.582527 0.121730 0.146054 0 0 0
0.584101 0.121894 0.145980 0 0 0
0.585343 0.122054 0.145885 0 0 0
0.587311 0.123153 0.145321 0 0 0
0.588292 0.123316 0.145192 0 0 0
0.590263 0.124388 0.144605 0 0 0
0.591252 0.124411 0.144436 0 0 0
0.593267 0.125484 0.143853 0 0 0
0.594515 0.125652 0.143761 0 0 0
0.596074 0.125807 0.143682 0 0 0
0.597632 0.125939 0.143606 0 0 0
0.598934 0.125984 0.143582 0 0 0
0.600750 0.125208 0.143987 0 0 0
0.602534 0.124467 0.144410 255 0 0
0.603591 0.124584 0.144497 0 0 0
0.605642 0.123944 0.144882 0 0 0
0.606720 0.124089 0.144971 0 0 0
0.608705 0.123456 0.145341 0 0 0
0.610021 0.123683 0.145382 0 0 0
0.611373 0.123793 0.145387 0 0 0
0.613343 0.123296 0.145792 0 0 0
0.614613 0.123347 0.145781 255 0 0
0.616185 0.123509 0.145717 255 0 0
0.617731 0.123821 0.145705 0 0 0
0.619036 0.123931 0.145738 0 0 0
0.620762 0.123346 0.146183 0 0 0
0.622341 0.122481 0.146690 0 0 0
0.623821 0.121827 0.147194 0 0 0
0.625496 0.121094 0.147600 0 0 0
0.626646 0.121371 0.147773 0 0 0
0.628576 0.120749 0.148149 0 0 0
0.629669 0.120726 0.148212 0 0 0
0.631571 0.120240 0.148610 255 0 0
0.632867 0.120297 0.148609 255 0 0
0.634427 0.120438 0.148532 255 0 0
0.635621 0.120573 0.148435 255 0 0
0.637687 0.121690 0.147845 0 0 0
0.638578 0.121671 0.147692 0 0 0
0.640725 0.122786 0.147090 0 0 0
0.641915 0.122936 0.147005 0 0 0
0.643474 0.123080 0.146930 0 0 0
0.644776 0.123099 0.146909 0 0 0
0.646625 0.122258 0.147186 0 0 0
0.647973 0.122471 0.147236 0 0 0
0.649333 0.122682 0.147288 0 0 0
0.651144 0.121915 0.147603 0 0 0
0.652275 0.122139 0.147742 0 0 0
0.654135 0.121324 0.148037 0 0 0
0.655381 0.121391 0.148042 0 0 0
0.656918 0.121694 0.148028 0 0 0
0.658483 0.121882 0.147973 0 0 0
0.659796 0.122068 0.148014 0 0 0
0.661589 0.121233 0.148285 0 0 0
0.662889 0.121247 0.148268 0 0 0
0.664415 0.121386 0.148200 0 0 0
0.665875 0.121589 0.148156 0 0 0
0.667442 0.122066 0.148197 0 0 0
0.668715 0.122163 0.148216 0 0 0
0.670492 0.121312 0.148493 0 0 0
0.671641 0.121379 0.148604 0 0 0
0.673438 0.120713 0.148928 0 0 0
0.674725 0.120822 0.148960 0 0 0
0.676108 0.121171 0.149067 0 0 0
0.677843 0.120613 0.149423 0 0 0
0.679006 0.120680 0.149541 0 0 0
0.680740 0.119860 0.149817 0 0 0
0.682049 0.119872 0.149808 0 0 0
0.683584 0.119988 0.149743 0 0 0
0.684934 0.119965 0.149725 0 0 0
0.686507 0.119466 0.149888 0 0 0
0.687861 0.119579 0.150083 0 0 0
0.689448 0.119745 0.150074 0 0 0
0.690726 0.119786 0.150096 0 0 0
0.692383 0.119302 0.150433 0 0 0
0.693743 0.119433 0.150507 0 0 0
0.695121 0.119754 0.150613 0 0 0
0.696798 0.119000 0.150890 0 0 0
0.698097 0.119207 0.150966 0 0 0
0.699397 0.119411 0.151040 0 0 0
0.701111 0.118575 0.151285 0 0 0
0.702433 0.118588 0.151285 0 0 0
0.703900 0.118935 0.151295 0 0 0
0.705376 0.119308 0.151312 0 0 0
0.706717 0.119330 0.151319 0 0 0
0.708355 0.118539 0.151571 0 0 0
0.709178 0.118658 0.151631 0 0 0
0.539738 0.119688 0.145283 0 0 0
0.540823 0.119745 0.145219 0 0 0
0.542436 0.119884 0.145142 0 0 0
0.543691 0.119964 0.145111 0 0 0
0.545930 0.119084 0.145411 0 0 0
0.547172 0.119303 0.145431 0 0 0
0.548697 0.119472 0.145372 0 0 0
0.550233 0.119611 0.145295 0 0 0
0.551768 0.119754 0.145218 0 0 0
0.553275 0.119850 0.145126 0 0 0
0.554786 0.119855 0.145006 0 0 0
0.556391 0.120181 0.144994 0 0 0
0.557669 0.120439 0.145029 0 0 0
0.559811 0.119524 0.145320 0 0 0
0.561026 0.119625 0.145306 0 0 0
0.562607 0.119936 0.145297 0 0 0
0.563906 0.120043 0.145290 0 0 0
0.566002 0.119534 0.145706 0 0 0
0.567266 0.119615 0.145691 0 0 0
0.568875 0.119786 0.145631 0 0 0
0.570137 0.120012 0.145661 0 0 0
0.572201 0.119323 0.146021 0 0 0
0.573507 0.119369 0.145993 0 0 0
0.575038 0.119370 0.145877 0 0 0
0.576523 0.119644 0.145847 0 0 0
0.578070 0.119818 0.145780 0 0 0
0.579652 0.119966 0.145701 0 0 0
0.581143 0.120140 0.145643 0 0 0
0.582624 0.120424 0.145620 0 0 0
0.584202 0.120419 0.145489 0 0 0
0.585664 0.120479 0.145385 0 0 0
0.587237 0.120452 0.145237 0 0 0
0.588533 0.120583 0.145101 0 0 0
0.590490 0.121487 0.144490 0 0 0
0.591448 0.121643 0.144371 0 0 0
0.593431 0.122769 0.143808 0 0 0
0.594680 0.122921 0.143703 0 0 0
0.596237 0.123067 0.143620 0 0 0
0.597793 0.123206 0.143548 0 0 0
0.599093 0.123278 0.143539 0 0 0
0.601124 0.122810 0.143964 0 0 0
0.602193 0.122951 0.144052 0 0 0
0.604203 0.122140 0.144383 0 0 0
0.605279 0.122421 0.144514 0 0 0
0.607304 0.121823 0.144906 0 0 0
0.608384 0.121965 0.145001 0 0 0
0.610148 0.121201 0.145429 0 0 0
0.611880 0.120437 0.145846 0 0 0
0.613173 0.120661 0.145886 0 0 0
0.614734 0.120836 0.145824 0 0 0
0.616275 0.120972 0.145753 0 0 0
0.617551 0.121009 0.145742 0 0 0
0.619501 0.120342 0.146102 0 0 0
0.620588 0.120480 0.146200 0 0 0
0.622534 0.119894 0.146586 0 0 0
0.623695 0.120193 0.146764 255 0 0
0.625389 0.119687 0.147247 255 0 0
0.626895 0.118816 0.147715 255 0 0
0.628596 0.118069 0.148146 255 0 0
0.629682 0.118177 0.148250 0 0 0
0.631580 0.117552 0.148614 0 0 0
0.632864 0.117765 0.148654 0 0 0
0.634487 0.117902 0.148571 0 0 0
0.635670 0.117871 0.148427 0 0 0
0.637732 0.118999 0.147837 0 0 0
0.638620 0.119120 0.147722 0 0 0
0.640762 0.120014 0.147049 0 0 0
0.641968 0.119978 0.146894 0 0 0
0.643467 0.120079 0.146800 0 0 0
0.644964 0.120298 0.146764 0 0 0
0.646296 0.120661 0.146856 0 0 0
0.648151 0.119843 0.147144 0 0 0
0.649429 0.119937 0.147163 0 0 0
0.650783 0.120285 0.147258 0 0 0
0.652637 0.119500 0.147556 0 0 0
0.653920 0.119731 0.147620 0 0 0
0.655205 0.119974 0.147686 0 0 0
0.657076 0.119101 0.147947 0 0 0
0.658369 0.119127 0.147932 0 0 0
0.659907 0.119264 0.147864 0 0 0
0.661367 0.119623 0.147871 0 0 0
0.662874 0.119956 0.147863 0 0 0
0.664370 0.119980 0.147763 0 0 0
0.665657 0.120135 0.147792 0 0 0
0.667492 0.119246 0.148045 0 0 0
0.668772 0.119352 0.148072 0 0 0
0.670149 0.119708 0.148178 0 0 0
0.671885 0.119155 0.148528 0 0 0
0.673242 0.119352 0.148593 0 0 0
0.674516 0.119438 0.148623 0 0 0
0.676139 0.118643 0.149018 0 0 0
0.677712 0.117835 0.149398 0 0 0
0.679023 0.117877 0.149402 0 0 0
0.680548 0.118183 0.149389 0 0 0
0.681992 0.118378 0.149343 0 0 0
0.683432 0.118578 0.149300 0 0 0
0.685009 0.118918 0.149341 0 0 0
0.686373 0.119014 0.149531 0 0 0
0.687971 0.118288 0.149622 0 0 0
0.689331 0.118272 0.149607 0 0 0
0.690693 0.118349 0.149655 0 0 0
0.692337 0.117797 0.149969 0 0 0
0.693484 0.117784 0.150083 0 0 0
0.695168 0.117088 0.150371 0 0 0
0.696531 0.117351 0.150489 0 0 0
0.697824 0.117568 0.150569 0 0 0
0.699549 0.116750 0.150826 0 0 0
0.700828 0.116991 0.150900 0 0 0
0.702313 0.117335 0.150918 0 0 0
0.703637 0.117341 0.150918 0 0 0
0.705331 0.116444 0.151143 0 0 0
0.706606 0.116568 0.151176 0 0 0
0.707697 0.117005 0.151236 0 0 0
0.541659 0.117120 0.145136 0 0 0
0.542709 0.117191 0.145076 0 0 0
0.544369 0.117165 0.144936 0 0 0
0.545798 0.117455 0.144923 0 0 0
0.547295 0.117801 0.144924 0 0 0
0.548855 0.117970 0.144856 0 0 0
0.550381 0.118111 0.144780 0 0 0
0.551911 0.118253 0.144704 0 0 0
0.553470 0.118395 0.144631 0 0 0
0.554723 0.118483 0.144605 0 0 0
0.556911 0.117543 0.144885 0 0 0
0.558139 0.117661 0.144877 0 0 0
0.559723 0.118141 0.144926 0 0 0
0.560960 0.118275 0.144924 0 0 0
0.563112 0.117357 0.145223 0 0 0
0.564107 0.117518 0.145299 0 0 0
0.566251 0.117044 0.145736 0 0 0
0.567515 0.117127 0.145722 0 0 0
0.569089 0.117269 0.145654 0 0 0
0.570355 0.117362 0.145639 0 0 0
0.572489 0.116864 0.146054 0 0 0
0.573443 0.116964 0.146005 0 0 0
0.575151 0.117957 0.145544 0 0 0
0.576990 0.117286 0.145829 0 0 0
0.578307 0.117312 0.145794 0 0 0
0.579604 0.117321 0.145642 0 0 0
0.581268 0.118443 0.145228 0 0 0
0.582796 0.117687 0.145403 0 0 0
0.584506 0.118843 0.144997 0 0 0
0.585758 0.119018 0.144900 0 0 0
0.587333 0.119190 0.144818 0 0 0
0.588564 0.119336 0.144712 0 0 0
0.590500 0.120226 0.144106 0 0 0
0.591760 0.120314 0.143955 0 0 0
0.593365 0.120106 0.143742 0 0 0
0.594876 0.120176 0.143639 0 0 0
0.596407 0.120316 0.143562 0 0 0
0.597907 0.120500 0.143514 0 0 0
0.599207 0.120737 0.143561 0 0 0
0.601210 0.120276 0.143980 0 0 0
0.602545 0.120382 0.143985 0 0 0
0.603865 0.120608 0.144028 0 0 0
0.605644 0.119866 0.144466 0 0 0
0.607153 0.119178 0.144983 0 0 0
0.608910 0.118432 0.145416 0 0 0
0.610249 0.118695 0.145473 0 0 0
0.611580 0.118947 0.145524 0 0 0
0.613503 0.118284 0.145875 0 0 0
0.614790 0.118342 0.145867 0 0 0
0.616323 0.118480 0.145797 0 0 0
0.617878 0.118655 0.145735 0 0 0
0.619173 0.118888 0.145776 0 0 0
0.621154 0.118268 0.146145 0 0 0
0.621991 0.118426 0.146207 0 0 0
0.624310 0.116639 0.147214 0 0 0
0.625176 0.116819 0.147284 0 0 0
0.627143 0.116244 0.147668 0 0 0
0.628231 0.116521 0.147812 0 0 0
0.630169 0.115930 0.148198 0 0 0
0.631245 0.116037 0.148297 0 0 0
0.633181 0.115153 0.148577 0 0 0
0.634132 0.115197 0.148545 0 0 0
0.636175 0.116554 0.148046 0 0 0
0.637429 0.116502 0.147881 0 0 0
0.638685 0.116466 0.147714 0 0 0
0.640437 0.117562 0.147103 0 0 0
0.642223 0.118730 0.146512 0 0 0
0.643435 0.118860 0.146422 0 0 0
0.644757 0.118906 0.146400 0 0 0
0.646672 0.118022 0.146666 0 0 0
0.647943 0.118253 0.146727 0 0 0
0.649223 0.118499 0.146793 0 0 0
0.651135 0.117646 0.147068 0 0 0
0.652408 0.117875 0.147131 0 0 0
0.653687 0.118104 0.147194 0 0 0
0.655579 0.117251 0.147466 0 0 0
0.656883 0.117451 0.147506 0 0 0
0.658308 0.117690 0.147486 0 0 0
0.659840 0.117996 0.147474 0 0 0
0.661176 0.118014 0.147468 0 0 0
0.662684 0.117168 0.147669 0 0 0
0.664456 0.118258 0.147363 0 0 0
0.665920 0.117691 0.147637 0 0 0
0.667301 0.117875 0.147706 0 0 0
0.668567 0.117951 0.147734 0 0 0
0.670190 0.117158 0.148129 0 0 0
0.671767 0.116446 0.148554 0 0 0
0.672882 0.116491 0.148671 0 0 0
0.674696 0.115839 0.149005 0 0 0
0.675948 0.115947 0.149030 0 0 0
0.677502 0.116442 0.149072 0 0 0
0.678940 0.116657 0.149033 0 0 0
0.680426 0.116777 0.148955 0 0 0
0.681936 0.116897 0.148883 0 0 0
0.683237 0.116905 0.148875 0 0 0
0.684990 0.116016 0.149117 0 0 0
0.686238 0.116112 0.149142 0 0 0
0.687797 0.116576 0.149178 0 0 0
0.689256 0.116786 0.149146 0 0 0
0.690631 0.116837 0.149184 0 0 0
0.692281 0.116356 0.149531 0 0 0
0.693476 0.116329 0.149660 0 0 0
0.695132 0.115846 0.150017 0 0 0
0.696254 0.115763 0.150102 0 0 0
0.697924 0.114967 0.150381 0 0 0
0.699347 0.115252 0.150471 0 0 0
0.700597 0.115168 0.150460 0 0 0
0.702193 0.114428 0.150706 0 0 0
0.703529 0.114554 0.150784 0 0 0
0.705127 0.115067 0.150827 0 0 0
0.706070 0.115285 0.150822 0 0 0
0.544856 0.115931 0.144492 0 0 0
0.545657 0.115934 0.144467 0 0 0
0.547969 0.114984 0.144751 0 0 0
0.549154 0.115022 0.144712 0 0 0
0.550717 0.115167 0.144640 0 0 0
0.552242 0.115308 0.144564 0 0 0
0.553762 0.115449 0.144488 0 0 0
0.555313 0.115620 0.144421 0 0 0
0.556821 0.115974 0.144429 0 0 0
0.558033 0.116244 0.144474 0 0 0
0.560197 0.115548 0.144836 0 0 0
0.561510 0.115659 0.144832 0 0 0
0.562795 0.115889 0.144870 0 0 0
0.564640 0.115137 0.145293 0 0 0
0.566533 0.114348 0.145701 0 0 0
0.567771 0.114440 0.145698 0 0 0
0.569025 0.114652 0.145733 0 0 0
0.571185 0.113973 0.146101 0 0 0
0.572429 0.114063 0.146078 0 0 0
0.573965 0.114198 0.146005 0 0 0
0.575483 0.114322 0.145927 0 0 0
0.577025 0.114487 0.145848 0 0 0
0.578249 0.114651 0.145751 0 0 0
0.580145 0.115885 0.145241 0 0 0
0.581454 0.115750 0.145037 0 0 0
0.582949 0.115959 0.144975 0 0 0
0.584448 0.115979 0.144861 0 0 0
0.585999 0.116095 0.144773 0 0 0
0.587540 0.116244 0.144693 0 0 0
0.588764 0.116398 0.144597 0 0 0
0.590740 0.117506 0.144028 0 0 0
0.591667 0.117677 0.143909 0 0 0
0.593672 0.118816 0.143338 0 0 0
0.594904 0.118973 0.143244 0 0 0
0.596476 0.119118 0.143166 0 0 0
0.597765 0.119178 0.143148 0 0 0
0.599595 0.118383 0.143559 0 0 0
0.601366 0.117782 0.144028 0 0 0
0.602404 0.117765 0.144081 0 0 0
0.604451 0.117256 0.144509 0 0 0
0.605511 0.117278 0.144564 0 0 0
0.607530 0.116828 0.144997 0 0 0
0.608588 0.116985 0.145093 0 0 0
0.610589 0.116318 0.145467 0 0 0
0.611625 0.116303 0.145518 0 0 0
0.613618 0.115804 0.145933 0 0 0
0.614871 0.115851 0.145924 0 0 0
0.616434 0.115981 0.145858 0 0 0
0.617694 0.116027 0.145851 0 0 0
0.619664 0.115530 0.146263 0 0 0
0.620707 0.115521 0.146321 0 0 0
0.622700 0.115065 0.146753 0 0 0
0.623780 0.115223 0.146860 0 0 0
0.625706 0.114599 0.147234 0 0 0
0.626779 0.114705 0.147339 0 0 0
0.628476 0.113963 0.147770 0 0 0
0.630143 0.113244 0.148193 0 0 0
0.631440 0.113460 0.148244 0 0 0
0.633000 0.113809 0.148242 0 0 0
0.634392 0.113955 0.148180 0 0 0
0.635973 0.113871 0.148016 0 0 0
0.637217 0.113835 0.147833 0 0 0
0.639242 0.114877 0.147238 0 0 0
0.640100 0.114857 0.147093 0 0 0
0.642271 0.115947 0.146472 0 0 0
0.643464 0.115902 0.146318 0 0 0
0.644974 0.116027 0.146231 0 0 0
0.646463 0.116391 0.146244 0 0 0
0.647716 0.116629 0.146302 0 0 0
0.649630 0.115770 0.146578 0 0 0
0.650901 0.116021 0.146645 0 0 0
0.652180 0.116254 0.146712 0 0 0
0.654021 0.115466 0.147010 0 0 0
0.655345 0.115831 0.147103 0 0 0
0.656842 0.116023 0.147069 0 0 0
0.658140 0.116040 0.147057 0 0 0
0.659926 0.115203 0.147333 0 0 0
0.661249 0.115424 0.147382 0 0 0
0.662788 0.115722 0.147372 0 0 0
0.664041 0.115634 0.147341 0 0 0
0.665886 0.114911 0.147643 0 0 0
0.667132 0.114979 0.147662 0 0 0
0.668482 0.115171 0.147726 0 0 0
0.670299 0.114540 0.148066 0 0 0
0.671393 0.114646 0.148181 0 0 0
0.673116 0.114007 0.148501 0 0 0
0.674460 0.114281 0.148616 0 0 0
0.675735 0.114522 0.148693 0 0 0
0.677534 0.113642 0.148945 0 0 0
0.678821 0.113644 0.148932 0 0 0
0.680323 0.113767 0.148863 0 0 0
0.681738 0.113963 0.148819 0 0 0
0.683262 0.114308 0.148808 0 0 0
0.684805 0.114643 0.148802 0 0 0
0.686043 0.114706 0.148823 0 0 0
0.687728 0.113861 0.149084 0 0 0
0.689062 0.114028 0.149140 0 0 0
0.690420 0.114066 0.149168 0 0 0
0.692129 0.113375 0.149472 0 0 0
0.693223 0.113342 0.149566 0 0 0
0.694834 0.113104 0.149984 0 0 0
0.696266 0.113178 0.150054 0 0 0
0.697625 0.113314 0.150119 0 0 0
0.698904 0.112545 0.150328 0 0 0
0.700898 0.113679 0.150097 0 0 0
0.702137 0.113265 0.150371 0 0 0
0.703336 0.113170 0.150491 0 0 0
0.704470 0.112588 0.150757 0 0 0
0.548241 0.113736 0.144364 0 0 0
0.549267 0.113809 0.144313 0 0 0
0.550842 0.113952 0.144236 0 0 0
0.552365 0.114093 0.144160 0 0 0
0.553886 0.114233 0.144084 0 0 0
0.555434 0.114362 0.144008 0 0 0
0.556690 0.114417 0.143980 0 0 0
0.558595 0.113637 0.144391 0 0 0
0.560499 0.112853 0.144800 0 0 0
0.561729 0.112947 0.144797 0 0 0
0.563009 0.113182 0.144837 0 0 0
0.565182 0.112518 0.145211 0 0 0
0.566410 0.112793 0.145263 0 0 0
0.567644 0.113070 0.145315 0 0 0
0.569821 0.112164 0.145610 0 0 0
0.571061 0.112404 0.145641 0 0 0
0.572560 0.112579 0.145587 0 0 0
0.574077 0.112717 0.145511 0 0 0
0.575587 0.112858 0.145436 0 0 0
0.577103 0.112997 0.145360 0 0 0
0.578608 0.113097 0.145263 0 0 0
0.579854 0.113088 0.145110 0 0 0
0.581781 0.114397 0.144619 0 0 0
0.583039 0.114518 0.144508 0 0 0
0.584601 0.114497 0.144365 0 0 0
0.586081 0.114597 0.144276 0 0 0
0.587602 0.114742 0.144200 0 0 0
0.589085 0.114839 0.144110 0 0 0
0.590619 0.114800 0.143970 0 0 0
0.592163 0.114903 0.143882 0 0 0
0.593623 0.115063 0.143827 0 0 0
0.595145 0.115380 0.143815 0 0 0
0.596684 0.115552 0.143749 0 0 0
0.598222 0.115695 0.143679 0 0 0
0.599502 0.115782 0.143671 0 0 0
0.601497 0.115300 0.144087 0 0 0
0.602548 0.115321 0.144141 0 0 0
0.604589 0.114822 0.144570 0 0 0
0.605619 0.114817 0.144625 0 0 0
0.607397 0.114214 0.145105 0 0 0
0.609200 0.113393 0.145516 0 0 0
0.610208 0.113385 0.145563 0 0 0
0.612122 0.112926 0.145976 255 0 0
0.613443 0.113184 0.146050 0 0 0
0.614988 0.113363 0.145992 255 0 0
0.616510 0.113499 0.145923 255 0 0
0.617791 0.113550 0.145919 0 0 0
0.619710 0.112886 0.146280 255 0 0
0.620765 0.113011 0.146377 255 0 0
0.622765 0.112314 0.146735 255 0 0
0.623799 0.112311 0.146791 0 0 0
0.625667 0.111873 0.147207 0 0 0
0.626784 0.112002 0.147340 0 0 0
0.628773 0.111374 0.147718 0 0 0
0.629799 0.111502 0.147815 0 0 0
0.631662 0.110824 0.148144 0 0 0
0.632977 0.110878 0.148160 0 0 0
0.634512 0.111020 0.148083 0 0 0
0.635705 0.111182 0.147965 0 0 0
0.637447 0.112332 0.147406 0 0 0
0.639205 0.113442 0.146826 0 0 0
0.640435 0.113537 0.146678 0 0 0
0.641661 0.113341 0.146470 0 0 0
0.643728 0.114676 0.145943 0 0 0
0.644921 0.114795 0.145858 0 0 0
0.646236 0.114832 0.145838 0 0 0
0.648106 0.114184 0.146172 0 0 0
0.649436 0.114385 0.146230 0 0 0
0.650689 0.114460 0.146247 0 0 0
0.652567 0.113805 0.146590 0 0 0
0.653668 0.113894 0.146696 0 0 0
0.655500 0.113019 0.146980 0 0 0
0.656719 0.113097 0.146992 0 0 0
0.658292 0.113436 0.146994 0 0 0
0.659610 0.113653 0.147045 0 0 0
0.661393 0.112804 0.147318 0 0 0
0.662672 0.112809 0.147302 0 0 0
0.664197 0.112962 0.147240 0 0 0
0.665668 0.113333 0.147257 0 0 0
0.666929 0.113587 0.147326 0 0 0
0.668711 0.112807 0.147618 0 0 0
0.670054 0.113139 0.147721 0 0 0
0.671390 0.113260 0.147790 0 0 0
0.673114 0.112771 0.148149 0 0 0
0.674196 0.112708 0.148222 0 0 0
0.676019 0.111820 0.148489 0 0 0
0.677267 0.112065 0.148557 0 0 0
0.678732 0.112440 0.148575 0 0 0
0.680250 0.112595 0.148516 0 0 0
0.681543 0.112606 0.148508 0 0 0
0.683236 0.111751 0.148768 0 0 0
0.684539 0.111928 0.148817 0 0 0
0.686092 0.112121 0.148773 0 0 0
0.687414 0.112318 0.148827 0 0 0
0.689062 0.111714 0.149154 0 0 0
0.690370 0.111746 0.149174 0 0 0
0.691931 0.112068 0.149168 0 0 0
0.692952 0.112266 0.149199 0 0 0
0.694947 0.110387 0.150132 0 0 0
0.695967 0.110631 0.150144 0 0 0
0.697529 0.110831 0.150088 0 0 0
0.699008 0.111103 0.150066 0 0 0
0.700299 0.110961 0.150066 0 0 0
0.701440 0.110317 0.150316 0 0 0
0.550095 0.111167 0.144243 0 0 0
0.551101 0.111254 0.144193 0 0 0
0.552683 0.111377 0.144115 0 0 0
0.554196 0.111511 0.144039 0 0 0
0.555741 0.111653 0.143967 0 0 0
0.556991 0.111734 0.143950 0 0 0
0.559161 0.111030 0.144313 0 0 0
0.560382 0.111303 0.144363 0 0 0
0.561612 0.111581 0.144415 0 0 0
0.563767 0.110722 0.144734 0 0 0
0.565038 0.111119 0.144822 0 0 0
0.566283 0.111250 0.144827 0 0 0
0.568426 0.110570 0.145192 0 0 0
0.569670 0.110808 0.145231 0 0 0
0.571158 0.110970 0.145176 0 0 0
0.572676 0.111102 0.145099 0 0 0
0.574185 0.111240 0.145023 0 0 0
0.575693 0.111380 0.144948 0 0 0
0.577202 0.111521 0.144873 0 0 0
0.578718 0.111669 0.144798 0 0 0
0.580185 0.111779 0.144713 0 0 0
0.581746 0.111748 0.144569 0 0 0
0.582971 0.111888 0.144459 0 0 0
0.584921 0.112989 0.143893 0 0 0
0.586142 0.113145 0.143796 0 0 0
0.587680 0.113295 0.143716 0 0 0
0.589194 0.113440 0.143642 0 0 0
0.590705 0.113597 0.143572 0 0 0
0.592238 0.113736 0.143501 0 0 0
0.593501 0.113803 0.143480 0 0 0
0.595556 0.113063 0.143821 0 0 0
0.596789 0.113114 0.143805 0 0 0
0.598354 0.113267 0.143738 0 0 0
0.599638 0.113332 0.143736 0 0 0
0.601404 0.112743 0.144215 0 0 0
0.603189 0.112153 0.144699 0 0 0
0.604210 0.112149 0.144756 0 0 0
0.606213 0.111662 0.145177 0 0 0
0.607508 0.111777 0.145180 0 0 0
0.609061 0.112102 0.145180 0 0 0
0.610325 0.112211 0.145220 0 0 0
0.612033 0.111606 0.145650 0 0 0
0.613800 0.110578 0.145985 0 0 0
0.615068 0.110623 0.145968 0 0 0
0.616529 0.110799 0.145921 0 0 0
0.618086 0.111154 0.145922 0 0 0
0.619381 0.111406 0.145972 0 0 0
0.621285 0.110786 0.146336 0 0 0
0.622591 0.111005 0.146396 0 0 0
0.623880 0.111106 0.146444 0 0 0
0.625560 0.110289 0.146811 0 0 0
0.627238 0.109530 0.147192 0 0 0
0.628585 0.109748 0.147276 0 0 0
0.629853 0.109857 0.147322 0 0 0
0.631693 0.109365 0.147678 0 0 0
0.632979 0.109452 0.147700 0 0 0
0.634535 0.109597 0.147594 0 0 0
0.635771 0.109633 0.147318 0 0 0
0.637689 0.110526 0.146872 0 0 0
0.638948 0.110551 0.146709 0 0 0
0.640159 0.110654 0.146599 0 0 0
0.642203 0.111998 0.146079 0 0 0
0.643367 0.111967 0.145938 0 0 0
0.644956 0.112071 0.145847 0 0 0
0.646241 0.112110 0.145848 0 0 0
0.648098 0.111424 0.146172 0 0 0
0.649334 0.111498 0.146189 0 0 0
0.650664 0.111698 0.146249 0 0 0
0.652513 0.111030 0.146579 0 0 0
0.653747 0.111149 0.146602 0 0 0
0.655323 0.111643 0.146653 0 0 0
0.656559 0.111752 0.146673 0 0 0
0.658404 0.110836 0.146926 0 0 0
0.659701 0.110881 0.146921 0 0 0
0.661168 0.111231 0.146931 0 0 0
0.662614 0.111605 0.146940 0 0 0
0.664136 0.111756 0.146879 0 0 0
0.665415 0.111765 0.146864 0 0 0
0.667272 0.110890 0.147138 0 0 0
0.668342 0.110969 0.147244 0 0 0
0.670081 0.110311 0.147572 0 0 0
0.671224 0.110270 0.147682 0 0 0
0.672939 0.109768 0.148041 0 0 0
0.674237 0.109909 0.148109 0 0 0
0.675807 0.110403 0.148163 0 0 0
0.677046 0.110494 0.148190 0 0 0
0.678782 0.109830 0.148500 0 0 0
0.680075 0.109856 0.148512 0 0 0
0.681604 0.110019 0.148461 0 0 0
0.682921 0.110218 0.148515 0 0 0
0.684608 0.109597 0.148855 0 0 0
0.685708 0.109495 0.148949 0 0 0
0.687408 0.109036 0.149328 0 0 0
0.688716 0.109080 0.149347 0 0 0
0.690221 0.109210 0.149290 0 0 0
0.691508 0.109210 0.149305 0 0 0
0.693168 0.108627 0.149651 0 0 0
0.694353 0.108851 0.149823 0 0 0
0.696009 0.108042 0.150098 0 0 0
0.697230 0.108103 0.150124 0 0 0
0.698816 0.108361 0.150087 0 0 0
0.700260 0.108450 0.149998 0 0 0
0.701236 0.108866 0.150043 0 0 0
0.553426 0.108976 0.144144 0 0 0
0.554456 0.109020 0.144084 0 0 0
0.556057 0.108972 0.143941 0 0 0
0.557500 0.109133 0.143878 0 0 0
0.559048 0.109637 0.143929 0 0 0
0.560263 0.109765 0.143929 0 0 0
0.562451 0.109080 0.144305 0 0 0
0.563420 0.109239 0.144382 0 0 0
0.565553 0.108549 0.144768 0 0 0
0.566538 0.108558 0.144806 0 0 0
0.568681 0.107807 0.145159 0 0 0
0.569863 0.107915 0.145154 0 0 0
0.571393 0.108236 0.145144 0 0 0
0.572926 0.108409 0.145078 0 0 0
0.574421 0.108547 0.145004 0 0 0
0.575959 0.108656 0.144915 0 0 0
0.577488 0.108609 0.144776 0 0 0
0.578954 0.108698 0.144685 0 0 0
0.580411 0.108881 0.144631 0 0 0
0.581913 0.109207 0.144617 0 0 0
0.583482 0.109343 0.144538 0 0 0
0.584957 0.109319 0.144421 0 0 0
0.586422 0.109593 0.144393 0 0 0
0.587955 0.109764 0.144326 0 0 0
0.589497 0.109874 0.144238 0 0 0
0.590970 0.109867 0.144120 0 0 0
0.592434 0.110143 0.144092 0 0 0
0.593973 0.110321 0.144026 0 0 0
0.595503 0.110477 0.143956 0 0 0
0.596733 0.110535 0.143944 0 0 0
0.598747 0.110035 0.144361 0 0 0
0.600036 0.110103 0.144360 0 0 0
0.601327 0.110187 0.144359 0 0 0
0.603314 0.109699 0.144776 0 0 0
0.604347 0.109694 0.144831 0 0 0
0.606366 0.108953 0.145174 0 0 0
0.607563 0.109054 0.145177 0 0 0
0.609116 0.109369 0.145173 0 0 0
0.610408 0.109467 0.145180 0 0 0
0.612363 0.109022 0.145598 0 0 0
0.613638 0.109262 0.145650 0 0 0
0.615120 0.109449 0.145610 0 0 0
0.616384 0.109519 0.145594 0 0 0
0.618381 0.108785 0.145937 0 0 0
0.619401 0.108738 0.145992 0 0 0
0.621312 0.108069 0.146353 0 0 0
0.622566 0.108288 0.146395 0 0 0
0.624150 0.108484 0.146352 0 0 0
0.625466 0.108698 0.146423 0 0 0
0.627316 0.108052 0.146756 0 0 0
0.628522 0.108136 0.146772 0 0 0
0.629909 0.108314 0.146829 0 0 0
0.631794 0.107554 0.146918 0 0 0
0.633013 0.107617 0.146884 0 0 0
0.634271 0.107767 0.146795 0 0 0
0.636175 0.108830 0.146616 0 0 0
0.637444 0.108905 0.146347 0 0 0
0.638976 0.109073 0.146237 0 0 0
0.640427 0.109173 0.146149 0 0 0
0.641924 0.109119 0.146010 0 0 0
0.643450 0.109213 0.145917 0 0 0
0.644927 0.109329 0.145837 0 0 0
0.646432 0.109491 0.145771 0 0 0
0.647900 0.109863 0.145788 0 0 0
0.649143 0.110126 0.145854 0 0 0
0.650992 0.109331 0.146155 0 0 0
0.652320 0.109677 0.146253 0 0 0
0.653570 0.109782 0.146279 0 0 0
0.655428 0.108862 0.146534 0 0 0
0.656715 0.108909 0.146528 0 0 0
0.658232 0.109203 0.146513 0 0 0
0.659632 0.109441 0.146495 0 0 0
0.660922 0.109623 0.146535 0 0 0
0.662766 0.108737 0.146796 0 0 0
0.664039 0.108772 0.146787 0 0 0
0.665559 0.108913 0.146723 0 0 0
0.667014 0.109282 0.146741 0 0 0
0.668330 0.109549 0.146848 0 0 0
0.670056 0.108935 0.147182 0 0 0
0.671201 0.109078 0.147339 0 0 0
0.672952 0.108604 0.147718 0 0 0
0.674028 0.108548 0.147795 0 0 0
0.675789 0.107677 0.148087 0 0 0
0.676914 0.107743 0.148210 0 0 0
0.678622 0.107175 0.148564 0 0 0
0.679940 0.107343 0.148622 0 0 0
0.681253 0.107369 0.148647 0 0 0
0.682988 0.106677 0.148955 0 0 0
0.684224 0.106767 0.148988 0 0 0
0.685568 0.106966 0.149064 0 0 0
0.687215 0.106396 0.149401 0 0 0
0.688514 0.106584 0.149455 0 0 0
0.690017 0.106745 0.149398 0 0 0
0.691518 0.106906 0.149341 0 0 0
0.692826 0.107086 0.149399 0 0 0
0.694445 0.106523 0.149731 0 0 0
0.695796 0.106701 0.149809 0 0 0
0.697071 0.106735 0.149850 0 0 0
0.698322 0.105960 0.150042 0 0 0
0.699991 0.107208 0.149688 0 0 0
0.554970 0.106763 0.144063 0 0 0
0.556370 0.107711 0.143588 0 0 0
0.557367 0.107829 0.143523 0 0 0
0.559589 0.107085 0.143881 0 0 0
0.560535 0.107080 0.143912 0 0 0
0.562676 0.106380 0.144297 0 0 0
0.563642 0.106545 0.144378 0 0 0
0.565767 0.105893 0.144770 0 0 0
0.567017 0.106167 0.144813 0 0 0
0.568603 0.106521 0.144818 0 0 0
0.569779 0.106624 0.144812 0 0 0
0.571919 0.105627 0.145081 0 0 0
0.573144 0.105691 0.145054 0 0 0
0.574692 0.105835 0.144977 0 0 0
0.575901 0.105998 0.144883 0 0 0
0.577792 0.107362 0.144411 0 0 0
0.579033 0.107514 0.144318 0 0 0
0.580295 0.107585 0.144288 0 0 0
0.582420 0.106608 0.144550 0 0 0
0.583381 0.106698 0.144502 0 0 0
0.585069 0.107936 0.144116 0 0 0
0.586866 0.107022 0.144327 0 0 0
0.588149 0.107083 0.144300 0 0 0
0.589395 0.107237 0.144205 0 0 0
0.591083 0.108498 0.143820 0 0 0
0.592817 0.107828 0.144103 0 0 0
0.594094 0.107884 0.144097 0 0 0
0.595644 0.108017 0.144032 0 0 0
0.596907 0.108076 0.144024 0 0 0
0.598856 0.107400 0.144379 0 0 0
0.600137 0.107658 0.144427 0 0 0
0.601453 0.107757 0.144437 0 0 0
0.603441 0.107262 0.144854 0 0 0
0.604692 0.107341 0.144854 0 0 0
0.606243 0.107662 0.144849 0 0 0
0.607442 0.107781 0.144854 0 0 0
0.609475 0.107043 0.145202 0 0 0
0.610477 0.107013 0.145256 0 0 0
0.612438 0.106520 0.145670 0 0 0
0.613723 0.106574 0.145674 0 0 0
0.614978 0.106604 0.145671 0 0 0
0.616962 0.105871 0.146005 0 0 0
0.618148 0.105992 0.146014 0 0 0
0.619716 0.106354 0.146019 0 0 0
0.620997 0.106595 0.146067 0 0 0
0.622909 0.105685 0.146348 0 0 0
0.624151 0.105723 0.146329 0 0 0
0.625675 0.105879 0.146267 0 0 0
0.627190 0.106179 0.146254 0 0 0
0.628403 0.106277 0.146272 0 0 0
0.630005 0.105667 0.146501 0 0 0
0.631869 0.106780 0.146329 0 0 0
0.633031 0.106914 0.146258 0 0 0
0.634476 0.107024 0.146137 0 0 0
0.635998 0.107067 0.145871 0 0 0
0.637504 0.107214 0.145763 0 0 0
0.638988 0.107343 0.145683 0 0 0
0.640472 0.107466 0.145605 0 0 0
0.641957 0.107615 0.145535 0 0 0
0.643387 0.107813 0.145489 0 0 0
0.644878 0.108140 0.145476 0 0 0
0.646399 0.108294 0.145413 0 0 0
0.647663 0.108310 0.145396 0 0 0
0.649580 0.107402 0.145673 0 0 0
0.650619 0.107510 0.145774 0 0 0
0.652398 0.106831 0.146095 0 0 0
0.653743 0.106908 0.146127 0 0 0
0.655255 0.107227 0.146121 0 0 0
0.656632 0.107474 0.146100 0 0 0
0.658147 0.107774 0.146088 0 0 0
0.659444 0.107821 0.146086 0 0 0
0.661224 0.106995 0.146371 0 0 0
0.662582 0.107333 0.146455 0 0 0
0.663990 0.107413 0.146385 0 0 0
0.665471 0.107691 0.146365 0 0 0
0.666769 0.107737 0.146365 0 0 0
0.668574 0.107086 0.146701 0 0 0
0.669681 0.107138 0.146822 0 0 0
0.671250 0.106216 0.147204 0 0 0
0.672778 0.105621 0.147619 0 0 0
0.674090 0.105743 0.147700 0 0 0
0.675433 0.106104 0.147811 0 0 0
0.677194 0.105315 0.148115 0 0 0
0.678265 0.105391 0.148231 0 0 0
0.679930 0.104749 0.148545 0 0 0
0.681228 0.104874 0.148615 0 0 0
0.682787 0.105356 0.148666 0 0 0
0.684016 0.105452 0.148698 0 0 0
0.685729 0.104639 0.148987 0 0 0
0.686864 0.104826 0.149144 0 0 0
0.688558 0.104021 0.149431 0 0 0
0.689831 0.104026 0.149430 0 0 0
0.691333 0.104146 0.149373 0 0 0
0.692592 0.104194 0.149403 0 0 0
0.694208 0.103720 0.149734 0 0 0
0.695573 0.103743 0.149769 0 0 0
0.697007 0.103992 0.149745 0 0 0
0.698012 0.104428 0.149794 0 0 0
0.558573 0.104408 0.144033 0 0 0
0.559538 0.104368 0.143944 0 0 0
0.561087 0.104677 0.143929 0 0 0
0.562353 0.104962 0.143974 0 0 0
0.564461 0.104118 0.144313 0 0 0
0.565418 0.104420 0.144433 0 0 0
0.567567 0.103514 0.144748 0 0 0
0.568735 0.103622 0.144744 0 0 0
0.570287 0.103980 0.144745 0 0 0
0.571812 0.104347 0.144743 0 0 0
0.573252 0.104526 0.144690 0 0 0
0.574756 0.104664 0.144615 0 0 0
0.576241 0.104719 0.144510 0 0 0
0.577753 0.104526 0.144329 0 0 0
0.579227 0.104775 0.144288 0 0 0
0.580784 0.104982 0.144232 0 0 0
0.582282 0.105313 0.144219 0 0 0
0.583678 0.105448 0.144151 0 0 0
0.585232 0.105428 0.144022 0 0 0
0.586766 0.105726 0.143995 0 0 0
0.588212 0.105907 0.143942 0 0 0
0.589691 0.105997 0.143855 0 0 0
0.590965 0.105912 0.143786 0 0 0
0.593034 0.105373 0.144193 0 0 0
0.594240 0.105432 0.144181 0 0 0
0.595762 0.105589 0.144111 0 0 0
0.597337 0.105773 0.144046 0 0 0
0.598377 0.106035 0.144059 0 0 0
0.600736 0.104226 0.145063 0 0 0
0.601771 0.104495 0.145076 0 0 0
0.603340 0.104694 0.145012 0 0 0
0.604850 0.104834 0.144943 0 0 0
0.606072 0.104870 0.144933 0 0 0
0.608087 0.104130 0.145272 0 0 0
0.609292 0.104254 0.145285 0 0 0
0.610580 0.104486 0.145341 0 0 0
0.612511 0.103856 0.145711 0 0 0
0.613753 0.104089 0.145754 0 0 0
0.615317 0.104294 0.145704 0 0 0
0.616830 0.104614 0.145696 0 0 0
0.618014 0.104704 0.145700 0 0 0
0.619999 0.103721 0.145960 0 0 0
0.621196 0.103840 0.145973 0 0 0
0.622735 0.104355 0.146023 0 0 0
0.624176 0.104574 0.145984 0 0 0
0.625657 0.104705 0.145909 0 0 0
0.627157 0.104820 0.145838 0 0 0
0.628501 0.104866 0.145862 0 0 0
0.630070 0.104212 0.146078 0 0 0
0.631845 0.104933 0.145570 0 0 0
0.633051 0.105086 0.145452 0 0 0
0.634560 0.105215 0.145364 0 0 0
0.636037 0.105361 0.145290 0 0 0
0.637523 0.105511 0.145219 0 0 0
0.638955 0.105689 0.145166 0 0 0
0.640444 0.106010 0.145152 0 0 0
0.641966 0.106169 0.145091 0 0 0
0.643220 0.106199 0.145078 0 0 0
0.645110 0.105262 0.145335 0 0 0
0.646367 0.105296 0.145321 0 0 0
0.647822 0.105508 0.145288 0 0 0
0.649363 0.106018 0.145339 0 0 0
0.650652 0.106150 0.145398 0 0 0
0.652422 0.105687 0.145766 0 0 0
0.653668 0.105769 0.145781 0 0 0
0.655188 0.105880 0.145715 0 0 0
0.656462 0.105903 0.145706 0 0 0
0.658289 0.105224 0.146032 0 0 0
0.659578 0.105275 0.146050 0 0 0
0.660926 0.105463 0.146113 0 0 0
0.662307 0.104930 0.146392 0 0 0
0.664090 0.105748 0.146033 0 0 0
0.665572 0.105122 0.146309 0 0 0
0.666684 0.105027 0.146398 0 0 0
0.668407 0.104399 0.146746 0 0 0
0.669730 0.104621 0.146815 0 0 0
0.671139 0.104866 0.146923 0 0 0
0.672769 0.104270 0.147260 0 0 0
0.673833 0.104363 0.147377 0 0 0
0.675667 0.103494 0.147658 0 0 0
0.676906 0.103729 0.147737 0 0 0
0.678231 0.103994 0.147854 0 0 0
0.679971 0.103314 0.148160 0 0 0
0.680996 0.103262 0.148236 0 0 0
0.682702 0.102531 0.148521 0 0 0
0.684077 0.102582 0.148571 0 0 0
0.685345 0.102787 0.148646 0 0 0
0.686972 0.102196 0.148957 0 0 0
0.688339 0.102415 0.149051 0 0 0
0.689758 0.102605 0.149016 0 0 0
0.691234 0.102719 0.148951 0 0 0
0.692541 0.102795 0.149001 0 0 0
0.694153 0.102234 0.149298 0 0 0
0.695423 0.102414 0.149378 0 0 0
0.696438 0.102731 0.149410 0 0 0
0.559857 0.103145 0.143607 0 0 0
0.561618 0.102330 0.143925 0 0 0
0.562879 0.102236 0.143882 0 0 0
0.564077 0.102590 0.143962 0 0 0
0.566204 0.101995 0.144366 0 0 0
0.567461 0.102244 0.144414 0 0 0
0.568655 0.102356 0.144417 0 0 0
0.570764 0.101607 0.144764 0 0 0
0.571988 0.101675 0.144751 0 0 0
0.573506 0.101811 0.144682 0 0 0
0.575024 0.101954 0.144600 0 0 0
0.576256 0.102118 0.144484 0 0 0
0.577890 0.103097 0.144025 0 0 0
0.579661 0.102234 0.144257 0 0 0
0.580901 0.102462 0.144293 0 0 0
0.582450 0.102631 0.144234 0 0 0
0.583937 0.102772 0.144160 0 0 0
0.585427 0.102911 0.144085 0 0 0
0.586918 0.103044 0.144011 0 0 0
0.588440 0.103175 0.143941 0 0 0
0.589651 0.103226 0.143930 0 0 0
0.591685 0.102731 0.144353 0 0 0
0.592953 0.102817 0.144351 0 0 0
0.594186 0.102863 0.144343 0 0 0
0.596241 0.102108 0.144687 0 0 0
0.597409 0.102212 0.144689 0 0 0
0.598983 0.102573 0.144699 0 0 0
0.600259 0.102860 0.144751 0 0 0
0.602171 0.101995 0.145057 0 0 0
0.603405 0.102217 0.145094 0 0 0
0.604939 0.102386 0.145036 0 0 0
0.606446 0.102560 0.144972 0 0 0
0.607961 0.102882 0.144964 0 0 0
0.609146 0.102986 0.144971 0 0 0
0.611162 0.102287 0.145328 0 0 0
0.612172 0.102415 0.145423 0 0 0
0.614138 0.101489 0.145718 0 0 0
0.615370 0.101529 0.145698 0 0 0
0.616873 0.101654 0.145629 0 0 0
0.618312 0.101873 0.145590 0 0 0
0.619847 0.102390 0.145641 0 0 0
0.621045 0.102510 0.145655 0 0 0
0.623011 0.101525 0.145914 0 0 0
0.624244 0.101570 0.145897 0 0 0
0.625738 0.101705 0.145829 0 0 0
0.627212 0.101860 0.145760 0 0 0
0.628741 0.102041 0.145692 0 0 0
0.629886 0.102311 0.145647 0 0 0
0.631908 0.103475 0.145102 0 0 0
0.633057 0.103491 0.144951 0 0 0
0.634534 0.103774 0.144914 0 0 0
0.636082 0.103905 0.144833 0 0 0
0.637540 0.103895 0.144724 0 0 0
0.638769 0.104064 0.144754 0 0 0
0.640694 0.103159 0.145027 0 0 0
0.641881 0.103254 0.145039 0 0 0
0.643418 0.103609 0.145037 0 0 0
0.644936 0.103970 0.145031 0 0 0
0.646368 0.104152 0.144989 0 0 0
0.647632 0.104185 0.144980 0 0 0
0.649489 0.103471 0.145312 0 0 0
0.650565 0.103420 0.145399 0 0 0
0.652172 0.102836 0.145871 0 0 0
0.653835 0.102062 0.146288 0 0 0
0.655092 0.102088 0.146285 0 0 0
0.656588 0.102210 0.146214 0 0 0
0.658083 0.102343 0.146146 0 0 0
0.659296 0.102392 0.146158 0 0 0
0.661053 0.101894 0.146517 0 0 0
0.662382 0.101964 0.146552 0 0 0
0.663789 0.102142 0.146517 0 0 0
0.665342 0.102447 0.146485 0 0 0
0.666798 0.102507 0.146401 0 0 0
0.668069 0.102841 0.146490 0 0 0
0.669827 0.101999 0.146773 0 0 0
0.671060 0.102101 0.146809 0 0 0
0.672394 0.102443 0.146915 0 0 0
0.674154 0.101676 0.147214 0 0 0
0.675397 0.101910 0.147291 0 0 0
0.676642 0.102143 0.147368 0 0 0
0.678449 0.101296 0.147641 0 0 0
0.679683 0.101517 0.147718 0 0 0
0.681016 0.101789 0.147842 0 0 0
0.682667 0.101212 0.148162 0 0 0
0.683926 0.101406 0.148234 0 0 0
0.685303 0.101455 0.148286 0 0 0
0.686970 0.100760 0.148563 0 0 0
0.688205 0.100785 0.148571 0 0 0
0.689631 0.100964 0.148531 0 0 0
0.691121 0.101259 0.148521 0 0 0
0.692483 0.101331 0.148574 0 0 0
0.694126 0.100894 0.148911 0 0 0
0.694890 0.100941 0.148962 0 0 0
0.563139 0.100961 0.143550 0 0 0
0.564589 0.100150 0.143943 0 0 0
0.566465 0.099333 0.144384 0 0 0
0.567640 0.099533 0.144421 0 0 0
0.568935 0.099648 0.144427 0 0 0
0.571037 0.098922 0.144781 0 0 0
0.572242 0.098975 0.144755 0 0 0
0.573755 0.099113 0.144685 0 0 0
0.575269 0.099247 0.144602 0 0 0
0.576463 0.099393 0.144504 0 0 0
0.578400 0.100562 0.143974 0 0 0
0.579346 0.100795 0.143970 0 0 0
0.581370 0.099916 0.144278 0 0 0
0.582622 0.100120 0.144300 0 0 0
0.584200 0.100094 0.144176 0 0 0
0.585579 0.100226 0.144109 0 0 0
0.587075 0.100560 0.144097 0 0 0
0.588611 0.100740 0.144038 0 0 0
0.589843 0.100832 0.144033 0 0 0
0.591875 0.100336 0.144456 0 0 0
0.593070 0.100386 0.144447 0 0 0
0.594614 0.100556 0.144388 0 0 0
0.596124 0.100888 0.144381 0 0 0
0.597297 0.101012 0.144386 0 0 0
0.599337 0.100265 0.144729 0 0 0
0.600594 0.100331 0.144733 0 0 0
0.601856 0.100549 0.144776 0 0 0
0.603778 0.099674 0.145086 0 0 0
0.605006 0.099899 0.145126 0 0 0
0.606541 0.100069 0.145067 0 0 0
0.608039 0.100202 0.145000 0 0 0
0.609281 0.100254 0.144997 0 0 0
0.611248 0.099517 0.145332 0 0 0
0.612437 0.099650 0.145348 0 0 0
0.613969 0.100175 0.145401 0 0 0
0.615407 0.100397 0.145363 0 0 0
0.616908 0.100525 0.145294 0 0 0
0.618141 0.100571 0.145278 0 0 0
0.620074 0.099848 0.145611 0 0 0
0.621343 0.099932 0.145619 0 0 0
0.622852 0.100259 0.145612 0 0 0
0.624260 0.100445 0.145564 0 0 0
0.625775 0.100541 0.145475 0 0 0
0.627267 0.100472 0.145335 0 0 0
0.628656 0.100612 0.145270 0 0 0
0.630170 0.100849 0.145216 0 0 0
0.631395 0.100678 0.145021 0 0 0
0.633208 0.101829 0.144585 0 0 0
0.634769 0.101026 0.144814 0 0 0
0.635748 0.101209 0.144825 0 0 0
0.637643 0.102258 0.144369 0 0 0
0.639189 0.101665 0.144656 0 0 0
0.640518 0.101873 0.144724 0 0 0
0.641728 0.101959 0.144743 0 0 0
0.643625 0.100979 0.144996 0 0 0
0.644876 0.101011 0.144982 0 0 0
0.646326 0.101194 0.144949 0 0 0
0.647612 0.101416 0.145009 0 0 0
0.649490 0.100756 0.145359 0 0 0
0.650515 0.100725 0.145430 0 0 0
0.652315 0.100275 0.145817 0 0 0
0.653646 0.100517 0.145905 0 0 0
0.655080 0.100692 0.145864 0 0 0
0.656495 0.100882 0.145818 0 0 0
0.657992 0.101207 0.145813 0 0 0
0.659334 0.101296 0.145856 0 0 0
0.661066 0.100809 0.146212 0 0 0
0.662324 0.100863 0.146236 0 0 0
0.663630 0.100867 0.146239 0 0 0
0.665108 0.099969 0.146432 0 0 0
0.666843 0.101085 0.146137 0 0 0
0.668257 0.100309 0.146366 0 0 0
0.669612 0.100663 0.146479 0 0 0
0.670846 0.100768 0.146514 0 0 0
0.672657 0.099865 0.146778 0 0 0
0.673889 0.100098 0.146853 0 0 0
0.675128 0.100334 0.146930 0 0 0
0.676938 0.099495 0.147207 0 0 0
0.678178 0.099738 0.147286 0 0 0
0.679417 0.099956 0.147361 0 0 0
0.681230 0.099099 0.147646 0 0 0
0.682279 0.099158 0.147762 0 0 0
0.683925 0.098524 0.148075 0 0 0
0.685273 0.098572 0.148118 0 0 0
0.686754 0.098868 0.148107 0 0 0
0.688174 0.099054 0.148069 0 0 0
0.689423 0.099087 0.148087 0 0 0
0.691025 0.098483 0.148385 0 0 0
0.691883 0.098680 0.148495 0 0 0
0.566531 0.098012 0.144111 0 0 0
0.568230 0.096992 0.144384 0 0 0
0.569420 0.097031 0.144368 0 0 0
0.570892 0.097412 0.144384 0 0 0
0.572363 0.097759 0.144382 0 0 0
0.573858 0.097781 0.144274 0 0 0
0.575303 0.098068 0.144248 0 0 0
0.576768 0.098192 0.144167 0 0 0
0.578271 0.098141 0.144030 0 0 0
0.579851 0.098279 0.143957 0 0 0
0.581079 0.098500 0.143994 0 0 0
0.582828 0.097655 0.144234 0 0 0
0.584494 0.098874 0.143846 0 0 0
0.585440 0.098966 0.143802 0 0 0
0.587536 0.098227 0.144149 0 0 0
0.588486 0.098204 0.144196 0 0 0
0.590531 0.097531 0.144582 0 0 0
0.591742 0.097762 0.144617 0 0 0
0.593272 0.097936 0.144558 0 0 0
0.594776 0.098068 0.144490 0 0 0
0.595977 0.098102 0.144481 0 0 0
0.597962 0.097418 0.144850 0 0 0
0.599184 0.097669 0.144891 0 0 0
0.600708 0.097851 0.144833 0 0 0
0.602231 0.098031 0.144776 0 0 0
0.603460 0.098280 0.144818 0 0 0
0.605420 0.097601 0.145185 0 0 0
0.606620 0.097635 0.145177 0 0 0
0.608117 0.097766 0.145110 0 0 0
0.609620 0.097939 0.145045 0 0 0
0.611120 0.098270 0.145037 0 0 0
0.612288 0.098385 0.145046 0 0 0
0.614280 0.097648 0.145386 0 0 0
0.615482 0.097681 0.145380 0 0 0
0.617005 0.097807 0.145318 0 0 0
0.618245 0.097858 0.145318 0 0 0
0.620179 0.097156 0.145657 0 0 0
0.621399 0.097204 0.145645 0 0 0
0.622892 0.097330 0.145575 0 0 0
0.624389 0.097476 0.145497 0 0 0
0.625523 0.097612 0.145410 0 0 0
0.627573 0.098985 0.144909 0 0 0
0.628503 0.099016 0.144881 0 0 0
0.630132 0.098168 0.145095 0 0 0
0.631906 0.099366 0.144675 0 0 0
0.633120 0.099362 0.144543 0 0 0
0.634472 0.099532 0.144568 0 0 0
0.636014 0.098681 0.144789 0 0 0
0.637641 0.099557 0.144441 0 0 0
0.639148 0.098968 0.144715 0 0 0
0.640422 0.099174 0.144767 0 0 0
0.641968 0.099373 0.144718 0 0 0
0.643449 0.099703 0.144704 0 0 0
0.644874 0.099885 0.144663 0 0 0
0.646129 0.099919 0.144652 0 0 0
0.648020 0.098974 0.144916 0 0 0
0.649241 0.099245 0.144994 0 0 0
0.650535 0.099537 0.145107 0 0 0
0.652358 0.098816 0.145412 0 0 0
0.653524 0.098911 0.145433 0 0 0
0.655050 0.099221 0.145430 0 0 0
0.656322 0.099270 0.145431 0 0 0
0.658116 0.098407 0.145726 0 0 0
0.659183 0.098494 0.145842 0 0 0
0.661018 0.097833 0.146184 0 0 0
0.662265 0.097851 0.146178 0 0 0
0.663695 0.098067 0.146148 0 0 0
0.665167 0.098558 0.146177 0 0 0
0.666624 0.098604 0.146093 0 0 0
0.667947 0.098749 0.146125 0 0 0
0.669677 0.097862 0.146396 0 0 0
0.670949 0.097903 0.146398 0 0 0
0.672404 0.098279 0.146424 0 0 0
0.673620 0.098527 0.146495 0 0 0
0.675431 0.097683 0.146771 0 0 0
0.676723 0.097865 0.146827 0 0 0
0.677914 0.097939 0.146861 0 0 0
0.679634 0.097263 0.147159 0 0 0
0.680934 0.097535 0.147283 0 0 0
0.682248 0.097807 0.147411 0 0 0
0.683893 0.097221 0.147730 0 0 0
0.685126 0.097421 0.147795 0 0 0
0.686610 0.097563 0.147736 0 0 0
0.688080 0.097681 0.147673 0 0 0
0.689461 0.097705 0.147736 0 0 0
0.690581 0.097350 0.148041 0 0 0
0.568512 0.095822 0.144067 0 0 0
0.569492 0.095892 0.144024 0 0 0
0.570771 0.095917 0.143996 0 0 0
0.572635 0.095028 0.144213 0 0 0
0.573969 0.096084 0.143906 0 0 0
0.575818 0.095200 0.144120 0 0 0
0.577038 0.095253 0.144098 0 0 0
0.578541 0.095384 0.144027 0 0 0
0.580015 0.095521 0.143953 0 0 0
0.581528 0.095694 0.143890 0 0 0
0.582922 0.096023 0.143885 0 0 0
0.584387 0.096206 0.143837 0 0 0
0.585687 0.096273 0.143827 0 0 0
0.587723 0.095528 0.144172 0 0 0
0.588982 0.095621 0.144169 0 0 0
0.590202 0.095860 0.144219 0 0 0
0.592114 0.095218 0.144582 0 0 0
0.593375 0.095464 0.144654 0 0 0
0.594900 0.095642 0.144601 0 0 0
0.596427 0.095813 0.144545 0 0 0
0.597645 0.096047 0.144587 0 0 0
0.599592 0.095366 0.144950 0 0 0
0.600847 0.095417 0.144952 0 0 0
0.602069 0.095444 0.144951 0 0 0
0.604031 0.094761 0.145319 0 0 0
0.605248 0.095013 0.145361 0 0 0
0.606768 0.095191 0.145304 0 0 0
0.608233 0.095328 0.145232 0 0 0
0.609729 0.095456 0.145164 0 0 0
0.610926 0.095485 0.145158 0 0 0
0.612913 0.094740 0.145496 0 0 0
0.614130 0.094812 0.145482 0 0 0
0.615613 0.094948 0.145413 0 0 0
0.617075 0.095084 0.145340 0 0 0
0.618561 0.095254 0.145277 0 0 0
0.620032 0.095586 0.145266 0 0 0
0.621446 0.095775 0.145217 0 0 0
0.622916 0.095908 0.145144 0 0 0
0.624385 0.096047 0.145071 0 0 0
0.625814 0.096136 0.144984 0 0 0
0.627291 0.096067 0.144845 0 0 0
0.628819 0.096199 0.144764 0 0 0
0.630259 0.096484 0.144738 0 0 0
0.631623 0.096528 0.144653 0 0 0
0.633141 0.096826 0.144624 0 0 0
0.634662 0.097031 0.144568 0 0 0
0.636091 0.097320 0.144541 0 0 0
0.637556 0.097339 0.144445 0 0 0
0.638856 0.097508 0.144474 0 0 0
0.640700 0.096588 0.144756 0 0 0
0.641870 0.096671 0.144769 0 0 0
0.643370 0.096994 0.144760 0 0 0
0.644856 0.097165 0.144696 0 0 0
0.646339 0.097334 0.144632 0 0 0
0.647839 0.097650 0.144622 0 0 0
0.649020 0.097715 0.144635 0 0 0
0.650843 0.096867 0.144931 0 0 0
0.652147 0.097229 0.145032 0 0 0
0.653371 0.097334 0.145062 0 0 0
0.655226 0.096390 0.145324 0 0 0
0.656436 0.096503 0.145356 0 0 0
0.657752 0.096887 0.145465 0 0 0
0.659557 0.096083 0.145769 0 0 0
0.660760 0.096334 0.145839 0 0 0
0.662215 0.096711 0.145865 0 0 0
0.663483 0.096755 0.145865 0 0 0
0.665294 0.095783 0.146111 0 0 0
0.666534 0.095800 0.146103 0 0 0
0.667953 0.096018 0.146075 0 0 0
0.669466 0.096552 0.146117 0 0 0
0.670885 0.096765 0.146088 0 0 0
0.672134 0.096766 0.146080 0 0 0
0.673935 0.095881 0.146343 0 0 0
0.675200 0.096066 0.146391 0 0 0
0.676571 0.096289 0.146383 0 0 0
0.677928 0.096507 0.146477 0 0 0
0.679599 0.095911 0.146808 0 0 0
0.680640 0.095976 0.146926 0 0 0
0.682458 0.095088 0.147221 0 0 0
0.683499 0.095163 0.147341 0 0 0
0.685135 0.094541 0.147657 0 0 0
0.686490 0.094556 0.147692 0 0 0
0.687889 0.094774 0.147661 0 0 0
0.688849 0.095070 0.147671 0 0 0
0.571791 0.093131 0.143859 0 0 0
0.572645 0.093378 0.143871 0 0 0
0.574171 0.093623 0.143831 0 0 0
0.575728 0.093968 0.143818 0 0 0
0.577138 0.094145 0.143767 0 0 0
0.578619 0.094279 0.143694 0 0 0
0.580093 0.094414 0.143619 0 0 0
0.581592 0.094537 0.143547 0 0 0
0.582797 0.094580 0.143522 0 0 0
0.584889 0.093580 0.143797 0 0 0
0.586055 0.093721 0.143807 0 0 0
0.587575 0.094253 0.143862 0 0 0
0.589036 0.094464 0.143829 0 0 0
0.590306 0.094511 0.143846 0 0 0
0.592038 0.093945 0.144295 0 0 0
0.593844 0.092891 0.144645 0 0 0
0.594998 0.092997 0.144654 0 0 0
0.596523 0.093307 0.144648 0 0 0
0.597772 0.093396 0.144654 0 0 0
0.599776 0.092651 0.144998 0 0 0
0.600914 0.092754 0.145005 0 0 0
0.602468 0.093125 0.145013 0 0 0
0.603714 0.093387 0.145065 0 0 0
0.605617 0.092509 0.145380 0 0 0
0.606824 0.092730 0.145419 0 0 0
0.608343 0.092900 0.145361 0 0 0
0.609797 0.093039 0.145290 0 0 0
0.611289 0.093212 0.145227 0 0 0
0.612761 0.093546 0.145216 0 0 0
0.614158 0.093730 0.145168 0 0 0
0.615627 0.093862 0.145095 0 0 0
0.617088 0.093996 0.145022 0 0 0
0.618548 0.094124 0.144947 0 0 0
0.620009 0.094239 0.144869 0 0 0
0.621475 0.094367 0.144793 0 0 0
0.622939 0.094500 0.144720 0 0 0
0.624401 0.094635 0.144647 0 0 0
0.625866 0.094774 0.144575 0 0 0
0.627326 0.094929 0.144507 0 0 0
0.628783 0.095064 0.144435 0 0 0
0.630268 0.095178 0.144363 0 0 0
0.631499 0.095227 0.144351 0 0 0
0.633420 0.094238 0.144610 0 0 0
0.634642 0.094270 0.144594 0 0 0
0.636123 0.094393 0.144525 0 0 0
0.637585 0.094528 0.144454 0 0 0
0.638998 0.094754 0.144419 0 0 0
0.640528 0.095284 0.144470 0 0 0
0.641716 0.095403 0.144492 0 0 0
0.643604 0.094409 0.144747 0 0 0
0.644832 0.094439 0.144734 0 0 0
0.646316 0.094564 0.144667 0 0 0
0.647702 0.094757 0.144625 0 0 0
0.649229 0.095123 0.144626 0 0 0
0.650503 0.095353 0.144681 0 0 0
0.652299 0.094452 0.144963 0 0 0
0.653486 0.094564 0.144989 0 0 0
0.655037 0.095085 0.145044 0 0 0
0.656229 0.095199 0.145070 0 0 0
0.658087 0.094256 0.145337 0 0 0
0.659299 0.094515 0.145414 0 0 0
0.660517 0.094761 0.145489 0 0 0
0.662365 0.093841 0.145759 0 0 0
0.663548 0.093953 0.145786 0 0 0
0.665078 0.094481 0.145835 0 0 0
0.666496 0.094702 0.145807 0 0 0
0.667739 0.094714 0.145801 0 0 0
0.669533 0.093734 0.146045 0 0 0
0.670769 0.093752 0.146037 0 0 0
0.672254 0.093907 0.145979 0 0 0
0.673720 0.094234 0.145966 0 0 0
0.675073 0.094479 0.145954 0 0 0
0.676345 0.094671 0.146006 0 0 0
0.678156 0.093795 0.146291 0 0 0
0.679196 0.093879 0.146413 0 0 0
0.680792 0.093363 0.146767 0 0 0
0.682195 0.093751 0.146928 0 0 0
0.683481 0.093864 0.147014 0 0 0
0.685167 0.093121 0.147287 0 0 0
0.686343 0.093266 0.147328 0 0 0
0.687348 0.093594 0.147359 0 0 0
0.571870 0.091995 0.143520 0 0 0
0.572538 0.092008 0.143514 0 0 0
0.574723 0.091048 0.143819 0 0 0
0.575841 0.091248 0.143848 0 0 0
0.577386 0.091436 0.143793 0 0 0
0.578852 0.091575 0.143720 0 0 0
0.580322 0.091710 0.143647 0 0 0
0.581787 0.091844 0.143574 0 0 0
0.583290 0.092018 0.143511 0 0 0
0.584786 0.092349 0.143503 0 0 0
0.585930 0.092444 0.143504 0 0 0
0.587962 0.091487 0.143800 0 0 0
0.589183 0.091721 0.143843 0 0 0
0.590459 0.091815 0.143856 0 0 0
0.592443 0.091173 0.144239 0 0 0
0.593725 0.091563 0.144327 0 0 0
0.594923 0.091529 0.144296 0 0 0
0.596875 0.090698 0.144589 0 0 0
0.598095 0.090850 0.144642 0 0 0
0.599634 0.091388 0.144706 0 0 0
0.600799 0.091522 0.144721 0 0 0
0.602834 0.090502 0.144990 0 0 0
0.604015 0.090635 0.145012 0 0 0
0.605269 0.091048 0.145112 0 0 0
0.607242 0.090174 0.145423 0 0 0
0.608441 0.090221 0.145408 0 0 0
0.609923 0.090348 0.145340 0 0 0
0.611380 0.090482 0.145267 0 0 0
0.612836 0.090614 0.145194 0 0 0
0.614293 0.090747 0.145121 0 0 0
0.615749 0.090882 0.145048 0 0 0
0.617206 0.091016 0.144975 0 0 0
0.618662 0.091150 0.144903 0 0 0
0.620119 0.091284 0.144830 0 0 0
0.621577 0.091417 0.144756 0 0 0
0.623044 0.091543 0.144682 0 0 0
0.624431 0.091709 0.144631 0 0 0
0.625954 0.092001 0.144600 0 0 0
0.627388 0.092019 0.144500 0 0 0
0.628802 0.092305 0.144471 0 0 0
0.630349 0.092442 0.144391 0 0 0
0.631769 0.092460 0.144292 0 0 0
0.633225 0.092953 0.144323 0 0 0
0.634643 0.093181 0.144288 0 0 0
0.636102 0.093315 0.144216 0 0 0
0.637580 0.093439 0.144148 0 0 0
0.638810 0.093464 0.144135 0 0 0
0.640641 0.092548 0.144419 0 0 0
0.641902 0.092794 0.144472 0 0 0
0.643428 0.093164 0.144475 0 0 0
0.644812 0.093357 0.144432 0 0 0
0.646293 0.093481 0.144365 0 0 0
0.647525 0.093506 0.144353 0 0 0
0.649391 0.092511 0.144608 0 0 0
0.650569 0.092630 0.144633 0 0 0
0.652118 0.093155 0.144689 0 0 0
0.653302 0.093267 0.144714 0 0 0
0.655158 0.092304 0.144976 0 0 0
0.656333 0.092401 0.144999 0 0 0
0.657877 0.092913 0.145052 0 0 0
0.659066 0.093009 0.145079 0 0 0
0.660847 0.092170 0.145375 0 0 0
0.662150 0.092548 0.145483 0 0 0
0.663360 0.092666 0.145524 0 0 0
0.665126 0.091961 0.145844 0 0 0
0.666372 0.091987 0.145858 0 0 0
0.667862 0.092149 0.145803 0 0 0
0.669331 0.092486 0.145787 0 0 0
0.670703 0.092683 0.145746 0 0 0
0.672149 0.092811 0.145675 0 0 0
0.673613 0.092913 0.145603 0 0 0
0.674865 0.092915 0.145600 0 0 0
0.676576 0.092092 0.145888 0 0 0
0.677889 0.092466 0.146002 0 0 0
0.679175 0.092577 0.146090 0 0 0
0.680666 0.091756 0.146461 0 0 0
0.682063 0.091007 0.146844 0 0 0
0.683424 0.091251 0.146958 0 0 0
0.684971 0.091611 0.146955 0 0 0
0.685841 0.091807 0.146946 0 0 0
0.574783 0.089769 0.143574 0 0 0
0.576407 0.088989 0.143905 0 0 0
0.577646 0.088802 0.143836 0 0 0
0.579075 0.088872 0.143756 0 0 0
0.580499 0.089055 0.143706 0 0 0
0.581963 0.089391 0.143694 0 0 0
0.583461 0.089565 0.143631 0 0 0
0.584917 0.089700 0.143560 0 0 0
0.586443 0.089870 0.143503 0 0 0
0.587640 0.090104 0.143542 0 0 0
0.589595 0.089209 0.143862 0 0 0
0.590848 0.089483 0.143916 0 0 0
0.592126 0.089735 0.143974 0 0 0
0.593838 0.088868 0.144210 0 0 0
0.595311 0.090001 0.143958 0 0 0
0.596978 0.089600 0.144293 0 0 0
0.597934 0.089591 0.144346 0 0 0
0.599997 0.088563 0.144627 0 0 0
0.601150 0.088701 0.144642 0 0 0
0.602686 0.089237 0.144702 0 0 0
0.603847 0.089373 0.144718 0 0 0
0.605891 0.088418 0.145005 0 0 0
0.607083 0.088635 0.145041 0 0 0
0.608506 0.088823 0.144999 0 0 0
0.609965 0.088973 0.144931 0 0 0
0.611425 0.089106 0.144858 0 0 0
0.612878 0.089223 0.144780 0 0 0
0.614327 0.089358 0.144708 0 0 0
0.615779 0.089510 0.144641 0 0 0
0.617236 0.089651 0.144570 0 0 0
0.618690 0.089785 0.144497 0 0 0
0.620144 0.089919 0.144424 0 0 0
0.621605 0.090052 0.144352 0 0 0
0.623035 0.090233 0.144307 0 0 0
0.624277 0.090429 0.144348 0 0 0
0.625919 0.089570 0.144568 0 0 0
0.627466 0.090683 0.144266 0 0 0
0.629121 0.089784 0.144469 0 0 0
0.630041 0.089800 0.144436 0 0 0
0.631856 0.091080 0.144046 0 0 0
0.633379 0.090224 0.144278 0 0 0
0.634628 0.090426 0.144325 0 0 0
0.636135 0.090594 0.144269 0 0 0
0.637579 0.090731 0.144198 0 0 0
0.639084 0.090897 0.144142 0 0 0
0.640315 0.091106 0.144187 0 0 0
0.642146 0.090183 0.144470 0 0 0
0.643366 0.090204 0.144458 0 0 0
0.644842 0.090327 0.144392 0 0 0
0.646217 0.090522 0.144350 0 0 0
0.647714 0.090898 0.144345 0 0 0
0.649231 0.091262 0.144346 0 0 0
0.650384 0.091344 0.144363 0 0 0
0.652250 0.090372 0.144623 0 0 0
0.653493 0.090410 0.144620 0 0 0
0.654937 0.090792 0.144646 0 0 0
0.656123 0.091064 0.144718 0 0 0
0.657986 0.090135 0.144991 0 0 0
0.659180 0.090236 0.145025 0 0 0
0.660485 0.090607 0.145134 0 0 0
0.662205 0.089821 0.145465 0 0 0
0.663272 0.089904 0.145593 0 0 0
0.665001 0.089308 0.145960 0 0 0
0.666245 0.089520 0.146015 0 0 0
0.667796 0.089637 0.145939 0 0 0
0.669238 0.089548 0.145802 0 0 0
0.670627 0.089637 0.145717 0 0 0
0.672078 0.089774 0.145648 0 0 0
0.673439 0.089975 0.145609 0 0 0
0.674953 0.090342 0.145610 0 0 0
0.676233 0.090558 0.145670 0 0 0
0.677925 0.089673 0.145947 0 0 0
0.679120 0.089772 0.145993 0 0 0
0.680521 0.090176 0.146163 0 0 0
0.681945 0.089689 0.146617 0 0 0
0.683446 0.088771 0.146999 0 0 0
0.684169 0.088910 0.147068 0 0 0
0.578160 0.087700 0.143479 0 0 0
0.579160 0.087592 0.143381 0 0 0
0.580340 0.087779 0.143401 0 0 0
0.582460 0.086796 0.143689 0 0 0
0.583655 0.086861 0.143671 0 0 0
0.585077 0.087037 0.143626 0 0 0
0.586537 0.087381 0.143617 0 0 0
0.588093 0.087592 0.143571 0 0 0
0.589276 0.087827 0.143610 0 0 0
0.591286 0.086858 0.143906 0 0 0
0.592444 0.086999 0.143921 0 0 0
0.593928 0.087481 0.143965 0 0 0
0.595124 0.087434 0.143936 0 0 0
0.597112 0.086698 0.144292 0 0 0
0.598334 0.086981 0.144344 0 0 0
0.599880 0.087355 0.144354 0 0 0
0.601004 0.087450 0.144360 0 0 0
0.603037 0.086424 0.144630 0 0 0
0.604252 0.086501 0.144622 0 0 0
0.605674 0.086882 0.144639 0 0 0
0.607073 0.087258 0.144649 0 0 0
0.608601 0.087382 0.144568 0 0 0
0.610076 0.087303 0.144429 0 0 0
0.611433 0.087442 0.144366 0 0 0
0.612891 0.087784 0.144356 0 0 0
0.614407 0.087916 0.144278 0 0 0
0.615870 0.087849 0.144141 0 0 0
0.617281 0.087950 0.144058 0 0 0
0.618741 0.088092 0.143987 0 0 0
0.620198 0.088220 0.143912 0 0 0
0.621676 0.088329 0.143840 0 0 0
0.622857 0.088386 0.143836 0 0 0
0.624771 0.087717 0.144169 0 0 0
0.626004 0.087904 0.144231 0 0 0
0.627461 0.087914 0.144137 0 0 0
0.628914 0.088276 0.144137 0 0 0
0.630263 0.088627 0.144138 0 0 0
0.631812 0.088614 0.144025 0 0 0
0.633080 0.088790 0.144055 0 0 0
0.634927 0.087848 0.144338 0 0 0
0.636139 0.087880 0.144326 0 0 0
0.637607 0.088004 0.144258 0 0 0
0.639056 0.088137 0.144187 0 0 0
0.640453 0.088365 0.144154 0 0 0
0.641951 0.088915 0.144200 0 0 0
0.643350 0.089145 0.144167 0 0 0
0.644819 0.089269 0.144101 0 0 0
0.646039 0.089297 0.144090 0 0 0
0.647909 0.088323 0.144350 0 0 0
0.649124 0.088338 0.144339 0 0 0
0.650615 0.088476 0.144278 0 0 0
0.652012 0.088872 0.144293 0 0 0
0.653432 0.089261 0.144313 0 0 0
0.654681 0.089300 0.144312 0 0 0
0.656543 0.088366 0.144584 0 0 0
0.657739 0.088637 0.144663 0 0 0
0.658950 0.088908 0.144746 0 0 0
0.660761 0.088076 0.145065 0 0 0
0.661830 0.088345 0.145228 0 0 0
0.663601 0.087785 0.145622 0 0 0
0.664661 0.087870 0.145749 0 0 0
0.666436 0.086967 0.146037 0 0 0
0.667305 0.086972 0.146019 0 0 0
0.669440 0.088476 0.145519 0 0 0
0.670519 0.088590 0.145439 0 0 0
0.672005 0.088724 0.145369 0 0 0
0.673238 0.088734 0.145363 0 0 0
0.675006 0.087744 0.145611 0 0 0
0.676177 0.087852 0.145644 0 0 0
0.677722 0.088381 0.145700 0 0 0
0.678898 0.088495 0.145745 0 0 0
0.680459 0.087671 0.146161 0 0 0
0.681957 0.087014 0.146604 0 0 0
0.682781 0.087359 0.146727 0 0 0
0.579473 0.086129 0.143004 0 0 0
0.581124 0.085429 0.143354 0 0 0
0.582312 0.085619 0.143409 0 0 0
0.583759 0.085789 0.143371 0 0 0
0.584954 0.085842 0.143352 0 0 0
0.586973 0.084867 0.143648 0 0 0
0.588147 0.085106 0.143688 0 0 0
0.589700 0.085320 0.143643 0 0 0
0.591178 0.085657 0.143637 0 0 0
0.592303 0.085760 0.143644 0 0 0
0.594320 0.085012 0.143993 0 0 0
0.595576 0.085108 0.144007 0 0 0
0.596787 0.085335 0.144054 0 0 0
0.598769 0.084364 0.144348 0 0 0
0.599956 0.084410 0.144332 0 0 0
0.601387 0.084628 0.144300 0 0 0
0.602869 0.085184 0.144351 0 0 0
0.604299 0.085397 0.144317 0 0 0
0.605488 0.085422 0.144298 0 0 0
0.607528 0.084457 0.144572 0 0 0
0.608388 0.084511 0.144538 0 0 0
0.610398 0.085879 0.144045 0 0 0
0.611268 0.085932 0.144011 0 0 0
0.613308 0.084992 0.144282 0 0 0
0.614173 0.085038 0.144247 0 0 0
0.616205 0.086373 0.143727 0 0 0
0.617342 0.086344 0.143584 0 0 0
0.618793 0.086429 0.143489 0 0 0
0.620195 0.086605 0.143438 0 0 0
0.621670 0.086937 0.143436 0 0 0
0.622962 0.087027 0.143472 0 0 0
0.624792 0.086367 0.143812 0 0 0
0.625973 0.086596 0.143863 0 0 0
0.627495 0.086764 0.143815 0 0 0
0.628693 0.086786 0.143801 0 0 0
0.630633 0.085793 0.144069 0 0 0
0.631759 0.085884 0.144082 0 0 0
0.633270 0.086255 0.144085 0 0 0
0.634762 0.086634 0.144082 0 0 0
0.636131 0.086827 0.144039 0 0 0
0.637581 0.086961 0.143968 0 0 0
0.639046 0.087085 0.143901 0 0 0
0.640256 0.087110 0.143888 0 0 0
0.642150 0.086131 0.144152 0 0 0
0.643358 0.086150 0.144140 0 0 0
0.644817 0.086254 0.144069 0 0 0
0.646278 0.086416 0.144004 0 0 0
0.647735 0.086755 0.143994 0 0 0
0.649062 0.087017 0.143978 0 0 0
0.650540 0.087344 0.143973 0 0 0
0.651777 0.087380 0.143969 0 0 0
0.653631 0.086402 0.144231 0 0 0
0.654790 0.086518 0.144259 0 0 0
0.656328 0.087045 0.144314 0 0 0
0.657502 0.087143 0.144343 0 0 0
0.659301 0.086285 0.144655 0 0 0
0.660357 0.086547 0.144821 0 0 0
0.661918 0.085848 0.145283 0 0 0
0.663521 0.085047 0.145702 0 0 0
0.664679 0.085153 0.145741 0 0 0
0.666198 0.085694 0.145789 0 0 0
0.667579 0.085831 0.145726 0 0 0
0.668973 0.085595 0.145559 0 0 0
0.670430 0.085839 0.145510 0 0 0
0.671886 0.086009 0.145447 0 0 0
0.673339 0.086178 0.145384 0 0 0
0.674818 0.086505 0.145376 0 0 0
0.675973 0.086588 0.145407 0 0 0
0.677705 0.085876 0.145736 0 0 0
0.678792 0.085784 0.145844 0 0 0
0.680464 0.085232 0.146209 0 0 0
0.681281 0.085576 0.146326 0 0 0
0.582999 0.083041 0.143470 0 0 0
0.583896 0.083098 0.143428 0 0 0
0.585467 0.083269 0.143370 0 0 0
0.586651 0.083518 0.143412 0 0 0
0.588622 0.082824 0.143786 0 0 0
0.589814 0.082882 0.143784 0 0 0
0.591314 0.083008 0.143725 0 0 0
0.592509 0.083064 0.143723 0 0 0
0.594523 0.082303 0.144070 0 0 0
0.595631 0.082414 0.144080 0 0 0
0.597143 0.082796 0.144085 0 0 0
0.598635 0.083183 0.144086 0 0 0
0.600032 0.083360 0.144044 0 0 0
0.601219 0.083401 0.144026 0 0 0
0.603245 0.082397 0.144303 0 0 0
0.604417 0.082442 0.144287 0 0 0
0.605915 0.082601 0.144228 0 0 0
0.607365 0.082934 0.144216 0 0 0
0.608711 0.083085 0.144157 0 0 0
0.610178 0.083010 0.144020 0 0 0
0.611689 0.083143 0.143942 0 0 0
0.613140 0.083486 0.143932 0 0 0
0.614515 0.083623 0.143858 0 0 0
0.615693 0.083575 0.143678 0 0 0
0.617706 0.084616 0.143089 0 0 0
0.618784 0.084801 0.143028 0 0 0
0.620015 0.085043 0.143067 0 0 0
0.622003 0.084119 0.143360 0 0 0
0.623172 0.084237 0.143386 0 0 0
0.624423 0.084616 0.143487 0 0 0
0.626332 0.083738 0.143794 0 0 0
0.627532 0.083774 0.143784 0 0 0
0.628947 0.083994 0.143755 0 0 0
0.630459 0.084544 0.143808 0 0 0
0.631618 0.084669 0.143834 0 0 0
0.633469 0.083727 0.144125 0 0 0
0.634670 0.083939 0.144169 0 0 0
0.636222 0.084063 0.144095 0 0 0
0.637673 0.083977 0.143958 0 0 0
0.639055 0.084060 0.143872 0 0 0
0.640523 0.084234 0.143809 0 0 0
0.641978 0.084575 0.143799 0 0 0
0.643302 0.084838 0.143783 0 0 0
0.644757 0.085180 0.143774 0 0 0
0.646216 0.085343 0.143710 0 0 0
0.647672 0.085447 0.143639 0 0 0
0.648887 0.085461 0.143629 0 0 0
0.650749 0.084484 0.143895 0 0 0
0.651903 0.084603 0.143922 0 0 0
0.653440 0.085140 0.143979 0 0 0
0.654607 0.085250 0.144010 0 0 0
0.656371 0.084334 0.144296 0 0 0
0.657651 0.084571 0.144363 0 0 0
0.658936 0.084808 0.144441 0 0 0
0.660464 0.084078 0.144881 0 0 0
0.662079 0.083288 0.145310 0 0 0
0.663267 0.083570 0.145403 0 0 0
0.664459 0.083842 0.145486 0 0 0
0.666312 0.082908 0.145752 0 0 0
0.667182 0.082906 0.145729 0 0 0
0.669115 0.084218 0.145336 0 0 0
0.670525 0.083292 0.145532 0 0 0
0.671765 0.083288 0.145531 0 0 0
0.673217 0.083409 0.145468 0 0 0
0.674586 0.083607 0.145440 0 0 0
0.675858 0.083819 0.145513 0 0 0
0.677603 0.083134 0.145833 0 0 0
0.678775 0.083309 0.145878 0 0 0
0.679807 0.083798 0.145945 0 0 0
0.584645 0.080797 0.143560 0 0 0
0.585565 0.080865 0.143522 0 0 0
0.586816 0.080910 0.143523 0 0 0
0.588798 0.080416 0.143947 0 0 0
0.589987 0.080494 0.143950 0 0 0
0.591452 0.080628 0.143885 0 0 0
0.592934 0.080804 0.143824 0 0 0
0.594407 0.081135 0.143819 0 0 0
0.595517 0.081235 0.143825 0 0 0
0.597562 0.080179 0.144096 0 0 0
0.598733 0.080228 0.144079 0 0 0
0.600194 0.080353 0.144011 0 0 0
0.601663 0.080527 0.143950 0 0 0
0.603107 0.080872 0.143941 0 0 0
0.604499 0.081060 0.143894 0 0 0
0.605885 0.081239 0.143846 0 0 0
0.607370 0.081525 0.143816 0 0 0
0.608867 0.081480 0.143686 0 0 0
0.610260 0.081580 0.143604 0 0 0
0.611699 0.081723 0.143534 0 0 0
0.613144 0.081852 0.143460 0 0 0
0.614622 0.081981 0.143378 0 0 0
0.615723 0.082129 0.143292 0 0 0
0.617710 0.083253 0.142739 0 0 0
0.618613 0.083318 0.142680 0 0 0
0.620632 0.082390 0.142962 0 0 0
0.621792 0.082662 0.143031 0 0 0
0.622965 0.082945 0.143106 0 0 0
0.624891 0.082088 0.143428 0 0 0
0.626122 0.082510 0.143528 0 0 0
0.627560 0.082732 0.143508 0 0 0
0.628760 0.082758 0.143497 0 0 0
0.630620 0.081813 0.143789 0 0 0
0.631877 0.082069 0.143851 0 0 0
0.633142 0.082321 0.143915 0 0 0
0.635005 0.081385 0.144200 0 0 0
0.635869 0.081414 0.144173 0 0 0
0.637909 0.082903 0.143682 0 0 0
0.639005 0.083029 0.143597 0 0 0
0.640466 0.083167 0.143520 0 0 0
0.641925 0.083269 0.143448 0 0 0
0.643132 0.083286 0.143437 0 0 0
0.645008 0.082295 0.143701 0 0 0
0.646209 0.082325 0.143691 0 0 0
0.647666 0.082449 0.143626 0 0 0
0.649047 0.082682 0.143595 0 0 0
0.650559 0.083233 0.143647 0 0 0
0.651720 0.083347 0.143677 0 0 0
0.653496 0.082429 0.143966 0 0 0
0.654768 0.082663 0.144032 0 0 0
0.656051 0.082895 0.144101 0 0 0
0.657752 0.082056 0.144426 0 0 0
0.658794 0.082151 0.144554 0 0 0
0.660552 0.081594 0.144943 0 0 0
0.661838 0.081994 0.145059 0 0 0
0.663014 0.082093 0.145099 0 0 0
0.664843 0.081144 0.145372 0 0 0
0.666010 0.081434 0.145449 0 0 0
0.667359 0.081801 0.145463 0 0 0
0.668842 0.081777 0.145345 0 0 0
0.670351 0.082074 0.145310 0 0 0
0.671692 0.082268 0.145271 0 0 0
0.673140 0.082390 0.145208 0 0 0
0.674369 0.082397 0.145208 0 0 0
0.676041 0.081542 0.145487 0 0 0
0.677386 0.081968 0.145600 0 0 0
0.678274 0.082184 0.145610 0 0 0
0.587505 0.078569 0.143704 0 0 0
0.589053 0.077784 0.144036 0 0 0
0.590170 0.077778 0.144022 0 0 0
0.591657 0.077915 0.143958 0 0 0
0.593028 0.078102 0.143914 0 0 0
0.594468 0.078448 0.143906 0 0 0
0.595980 0.078672 0.143855 0 0 0
0.597420 0.079020 0.143846 0 0 0
0.598790 0.079206 0.143801 0 0 0
0.600234 0.079336 0.143729 0 0 0
0.601670 0.079462 0.143656 0 0 0
0.603109 0.079576 0.143578 0 0 0
0.604577 0.079693 0.143508 0 0 0
0.605776 0.079723 0.143497 0 0 0
0.607449 0.078822 0.143720 0 0 0
0.609150 0.080067 0.143315 0 0 0
0.610275 0.080216 0.143221 0 0 0
0.611788 0.080316 0.143126 0 0 0
0.613191 0.080292 0.143014 0 0 0
0.614596 0.080584 0.142988 0 0 0
0.616062 0.080667 0.142894 0 0 0
0.617554 0.080396 0.142697 0 0 0
0.619004 0.080471 0.142604 0 0 0
0.620415 0.080870 0.142626 0 0 0
0.621561 0.081149 0.142693 0 0 0
0.623517 0.080308 0.143034 0 0 0
0.624495 0.080599 0.143176 0 0 0
0.626418 0.079691 0.143498 0 0 0
0.627532 0.079786 0.143515 0 0 0
0.629062 0.080161 0.143526 0 0 0
0.630299 0.080417 0.143584 0 0 0
0.632073 0.079549 0.143903 0 0 0
0.633306 0.079803 0.143961 0 0 0
0.634820 0.080194 0.143966 0 0 0
0.636120 0.080337 0.143910 0 0 0
0.637573 0.080245 0.143774 0 0 0
0.639061 0.080333 0.143683 0 0 0
0.640486 0.080463 0.143611 0 0 0
0.641912 0.080594 0.143540 0 0 0
0.643374 0.080765 0.143478 0 0 0
0.644824 0.081111 0.143465 0 0 0
0.646181 0.081306 0.143424 0 0 0
0.647638 0.081427 0.143359 0 0 0
0.648840 0.081445 0.143349 0 0 0
0.650697 0.080425 0.143610 0 0 0
0.651866 0.080549 0.143648 0 0 0
0.653150 0.080947 0.143761 0 0 0
0.654856 0.080150 0.144086 0 0 0
0.656134 0.080393 0.144157 0 0 0
0.657418 0.080632 0.144229 0 0 0
0.659124 0.079833 0.144566 0 0 0
0.660170 0.080084 0.144727 0 0 0
0.661871 0.079295 0.145064 0 0 0
0.663122 0.079532 0.145127 0 0 0
0.664641 0.079893 0.145137 0 0 0
0.665767 0.079954 0.145162 0 0 0
0.667501 0.079083 0.145452 0 0 0
0.668715 0.079260 0.145501 0 0 0
0.670183 0.079419 0.145448 0 0 0
0.671597 0.079550 0.145378 0 0 0
0.673015 0.079680 0.145308 0 0 0
0.674511 0.079857 0.145246 0 0 0
0.675435 0.080139 0.145249 0 0 0
0.589321 0.076727 0.143793 0 0 0
0.590210 0.076800 0.143754 0 0 0
0.591727 0.076907 0.143685 0 0 0
0.592889 0.076959 0.143670 0 0 0
0.594948 0.076133 0.144004 0 0 0
0.596084 0.076049 0.143969 0 0 0
0.597489 0.076328 0.143946 0 0 0
0.598969 0.076508 0.143884 0 0 0
0.600391 0.076638 0.143813 0 0 0
0.601877 0.076728 0.143724 0 0 0
0.603337 0.076640 0.143586 0 0 0
0.604708 0.076715 0.143498 0 0 0
0.606181 0.076896 0.143436 0 0 0
0.607577 0.077187 0.143411 0 0 0
0.608978 0.077161 0.143299 0 0 0
0.610483 0.077261 0.143205 0 0 0
0.611606 0.077404 0.143113 0 0 0
0.613317 0.078686 0.142715 0 0 0
0.614982 0.077767 0.142927 0 0 0
0.615857 0.077810 0.142899 0 0 0
0.617851 0.079270 0.142407 0 0 0
0.618977 0.079397 0.142324 0 0 0
0.620189 0.079430 0.142305 0 0 0
0.622128 0.078539 0.142632 0 0 0
0.623105 0.078830 0.142776 0 0 0
0.624973 0.078045 0.143138 0 0 0
0.626226 0.078472 0.143247 0 0 0
0.627392 0.078603 0.143282 0 0 0
0.629250 0.077645 0.143578 0 0 0
0.630499 0.077902 0.143642 0 0 0
0.631756 0.078171 0.143710 0 0 0
0.633549 0.077511 0.144074 0 0 0
0.634753 0.077547 0.144086 0 0 0
0.636202 0.077674 0.144023 0 0 0
0.637622 0.077808 0.143950 0 0 0
0.639116 0.077894 0.143860 0 0 0
0.640478 0.077867 0.143756 0 0 0
0.641869 0.078161 0.143727 0 0 0
0.643334 0.078337 0.143665 0 0 0
0.644755 0.078467 0.143595 0 0 0
0.646181 0.078597 0.143524 0 0 0
0.647601 0.078730 0.143453 0 0 0
0.649059 0.078902 0.143391 0 0 0
0.650527 0.079236 0.143385 0 0 0
0.651656 0.079333 0.143411 0 0 0
0.653501 0.078642 0.143769 0 0 0
0.654521 0.078737 0.143893 0 0 0
0.656220 0.077892 0.144221 0 0 0
0.657489 0.078130 0.144291 0 0 0
0.658766 0.078363 0.144364 0 0 0
0.660470 0.077572 0.144704 0 0 0
0.661507 0.077829 0.144863 0 0 0
0.663275 0.076968 0.145176 0 0 0
0.664477 0.076974 0.145174 0 0 0
0.665958 0.077109 0.145127 0 0 0
0.667138 0.077342 0.145195 0 0 0
0.668783 0.076704 0.145513 0 0 0
0.670070 0.076737 0.145557 0 0 0
0.671526 0.076837 0.145490 0 0 0
0.672818 0.077042 0.145448 0 0 0
0.674340 0.077428 0.145436 0 0 0
0.675197 0.077539 0.145402 0 0 0
0.592408 0.074301 0.143756 0 0 0
0.593065 0.074307 0.143776 0 0 0
0.594885 0.073631 0.144067 0 0 0
0.596181 0.074752 0.143780 0 0 0
0.597926 0.073782 0.143986 0 0 0
0.599108 0.073820 0.143972 0 0 0
0.600583 0.073955 0.143899 0 0 0
0.601694 0.074094 0.143809 0 0 0
0.603609 0.075570 0.143323 0 0 0
0.604720 0.075709 0.143233 0 0 0
0.606173 0.075847 0.143154 0 0 0
0.607609 0.075966 0.143079 0 0 0
0.609044 0.076112 0.143010 0 0 0
0.610479 0.076256 0.142940 0 0 0
0.611847 0.076337 0.142853 0 0 0
0.613336 0.076289 0.142726 0 0 0
0.614834 0.076597 0.142697 0 0 0
0.616173 0.076683 0.142619 0 0 0
0.617681 0.076370 0.142415 0 0 0
0.619101 0.076400 0.142311 0 0 0
0.620509 0.076636 0.142286 0 0 0
0.621733 0.077077 0.142392 0 0 0
0.623637 0.076501 0.142803 0 0 0
0.624608 0.076624 0.142916 0 0 0
0.626427 0.075747 0.143253 0 0 0
0.627675 0.076010 0.143318 0 0 0
0.628927 0.076280 0.143387 0 0 0
0.630749 0.075609 0.143767 0 0 0
0.631731 0.075574 0.143855 0 0 0
0.633572 0.075115 0.144275 0 0 0
0.634761 0.075161 0.144290 0 0 0
0.636267 0.075240 0.144208 0 0 0
0.637731 0.075157 0.144065 0 0 0
0.638770 0.075237 0.143965 0 0 0
0.640574 0.076591 0.143567 0 0 0
0.642101 0.075621 0.143772 0 0 0
0.643305 0.075642 0.143769 0 0 0
0.644747 0.075785 0.143708 0 0 0
0.646172 0.075922 0.143638 0 0 0
0.647597 0.076051 0.143567 0 0 0
0.649029 0.076173 0.143495 0 0 0
0.650391 0.076349 0.143461 0 0 0
0.651630 0.076570 0.143531 0 0 0
0.653369 0.075979 0.143902 0 0 0
0.654633 0.076235 0.143976 0 0 0
0.655898 0.076474 0.144045 0 0 0
0.657646 0.075538 0.144335 0 0 0
0.658804 0.075658 0.144379 0 0 0
0.660078 0.076061 0.144492 0 0 0
0.661858 0.075239 0.144806 0 0 0
0.663070 0.075439 0.144858 0 0 0
0.664374 0.075705 0.144854 0 0 0
0.665824 0.076042 0.144855 0 0 0
0.667123 0.076101 0.144903 0 0 0
0.668835 0.075388 0.145200 0 0 0
0.670009 0.075426 0.145209 0 0 0
0.671406 0.075645 0.145177 0 0 0
0.672346 0.075959 0.145193 0 0 0
0.595342 0.072419 0.143865 0 0 0
0.596268 0.072340 0.143787 0 0 0
0.597806 0.072642 0.143758 0 0 0
0.599160 0.072829 0.143713 0 0 0
0.600601 0.072965 0.143641 0 0 0
0.601967 0.073038 0.143552 0 0 0
0.603419 0.072948 0.143416 0 0 0
0.604899 0.073036 0.143327 0 0 0
0.606318 0.073163 0.143255 0 0 0
0.607738 0.073290 0.143183 0 0 0
0.609219 0.073378 0.143093 0 0 0
0.610670 0.073284 0.142956 0 0 0
0.612043 0.073357 0.142869 0 0 0
0.613398 0.073549 0.142825 0 0 0
0.614920 0.073864 0.142789 0 0 0
0.616069 0.073839 0.142651 0 0 0
0.617980 0.075256 0.142136 0 0 0
0.619100 0.075390 0.142054 0 0 0
0.620302 0.075444 0.142046 0 0 0
0.622004 0.074603 0.142474 0 0 0
0.623616 0.073852 0.142925 0 0 0
0.624860 0.074119 0.142998 0 0 0
0.626109 0.074379 0.143065 0 0 0
0.627914 0.073495 0.143402 0 0 0
0.628880 0.073630 0.143521 0 0 0
0.630780 0.073212 0.143973 0 0 0
0.631759 0.073182 0.144064 0 0 0
0.633567 0.072510 0.144442 0 0 0
0.634778 0.072750 0.144486 0 0 0
0.635924 0.072907 0.144403 0 0 0
0.637940 0.074122 0.143823 0 0 0
0.638961 0.074194 0.143723 0 0 0
0.640452 0.074152 0.143590 0 0 0
0.641947 0.074453 0.143557 0 0 0
0.643331 0.074594 0.143497 0 0 0
0.644770 0.074493 0.143360 0 0 0
0.646146 0.074571 0.143274 0 0 0
0.647576 0.074706 0.143205 0 0 0
0.648953 0.074903 0.143170 0 0 0
0.650164 0.075134 0.143223 0 0 0
0.651989 0.074279 0.143551 0 0 0
0.653008 0.074549 0.143709 0 0 0
0.654725 0.073743 0.144053 0 0 0
0.655962 0.073989 0.144116 0 0 0
0.657477 0.074361 0.144128 0 0 0
0.658584 0.074443 0.144154 0 0 0
0.660421 0.073454 0.144430 0 0 0
0.661557 0.073740 0.144506 0 0 0
0.662961 0.074130 0.144535 0 0 0
0.664181 0.074171 0.144543 0 0 0
0.665970 0.073213 0.144810 0 0 0
0.667176 0.073256 0.144817 0 0 0
0.668631 0.073555 0.144803 0 0 0
0.670031 0.073722 0.144749 0 0 0
0.670888 0.073868 0.144726 0 0 0
0.596997 0.069972 0.143931 0 0 0
0.597846 0.070032 0.143889 0 0 0
0.599385 0.070090 0.143800 0 0 0
0.600831 0.069993 0.143664 0 0 0
0.602191 0.070066 0.143575 0 0 0
0.603619 0.070203 0.143503 0 0 0
0.605040 0.070335 0.143432 0 0 0
0.606461 0.070467 0.143361 0 0 0
0.607906 0.070610 0.143284 0 0 0
0.609001 0.070745 0.143196 0 0 0
0.610934 0.072238 0.142704 0 0 0
0.612055 0.072366 0.142620 0 0 0
0.613267 0.072407 0.142605 0 0 0
0.614906 0.071443 0.142818 0 0 0
0.616561 0.072684 0.142402 0 0 0
0.617692 0.072632 0.142252 0 0 0
0.619223 0.072719 0.142161 0 0 0
0.620413 0.072762 0.142172 0 0 0
0.622289 0.072141 0.142571 0 0 0
0.623254 0.072446 0.142721 0 0 0
0.625085 0.071604 0.143073 0 0 0
0.626330 0.071877 0.143142 0 0 0
0.627578 0.072151 0.143218 0 0 0
0.629172 0.071393 0.143673 0 0 0
0.630760 0.070635 0.144128 0 0 0
0.631998 0.070905 0.144203 0 0 0
0.633239 0.071164 0.144271 0 0 0
0.635089 0.070208 0.144562 0 0 0
0.635921 0.070227 0.144535 0 0 0
0.637943 0.071417 0.143959 0 0 0
0.639090 0.071493 0.143838 0 0 0
0.640549 0.071396 0.143693 0 0 0
0.641926 0.071487 0.143603 0 0 0
0.642995 0.071618 0.143521 0 0 0
0.645041 0.073109 0.143004 0 0 0
0.646102 0.073233 0.142921 0 0 0
0.647567 0.073365 0.142851 0 0 0
0.648757 0.073387 0.142849 0 0 0
0.650569 0.072519 0.143174 0 0 0
0.651579 0.072790 0.143330 0 0 0
0.653344 0.072027 0.143703 0 0 0
0.654359 0.072302 0.143862 0 0 0
0.656153 0.071431 0.144186 0 0 0
0.657256 0.071511 0.144213 0 0 0
0.658740 0.071866 0.144212 0 0 0
0.660221 0.072237 0.144214 0 0 0
0.661316 0.072303 0.144238 0 0 0
0.663125 0.071329 0.144509 0 0 0
0.664325 0.071379 0.144517 0 0 0
0.665770 0.071716 0.144512 0 0 0
0.667121 0.071905 0.144468 0 0 0
0.668448 0.072101 0.144424 0 0 0
0.669944 0.072451 0.144408 0 0 0
0.670802 0.072577 0.144378 0 0 0
0.599722 0.067920 0.143915 0 0 0
0.601072 0.068933 0.143435 0 0 0
0.602202 0.069096 0.143329 0 0 0
0.603645 0.069243 0.143252 0 0 0
0.605064 0.069375 0.143181 0 0 0
0.606482 0.069506 0.143110 0 0 0
0.607908 0.069641 0.143038 0 0 0
0.609265 0.069712 0.142950 0 0 0
0.610708 0.069617 0.142814 0 0 0
0.612172 0.069700 0.142725 0 0 0
0.613695 0.069829 0.142645 0 0 0
0.615007 0.069953 0.142581 0 0 0
0.616382 0.070040 0.142500 0 0 0
0.617934 0.069942 0.142354 0 0 0
0.619286 0.070016 0.142269 0 0 0
0.620682 0.070259 0.142246 0 0 0
0.621895 0.070706 0.142354 0 0 0
0.623791 0.070132 0.142769 0 0 0
0.624749 0.070263 0.142885 0 0 0
0.626574 0.069366 0.143239 0 0 0
0.627535 0.069492 0.143358 0 0 0
0.629420 0.068917 0.143782 0 0 0
0.630390 0.069235 0.143936 0 0 0
0.632271 0.068311 0.144264 0 0 0
0.633380 0.068444 0.144295 0 0 0
0.634874 0.069024 0.144349 0 0 0
0.636163 0.069206 0.144304 0 0 0
0.637678 0.069063 0.144141 0 0 0
0.638798 0.068968 0.143986 0 0 0
0.640775 0.070391 0.143454 0 0 0
0.641845 0.070515 0.143369 0 0 0
0.643272 0.070552 0.143259 0 0 0
0.644744 0.070216 0.143054 0 0 0
0.646143 0.070240 0.142949 0 0 0
0.647559 0.070373 0.142881 0 0 0
0.648933 0.070614 0.142861 0 0 0
0.650174 0.071038 0.142969 0 0 0
0.651931 0.070303 0.143333 0 0 0
0.652934 0.070555 0.143489 0 0 0
0.654749 0.069732 0.143825 0 0 0
0.655971 0.069937 0.143889 0 0 0
0.657073 0.070038 0.143930 0 0 0
0.658816 0.069287 0.144231 0 0 0
0.660066 0.069323 0.144273 0 0 0
0.661517 0.069478 0.144222 0 0 0
0.662934 0.069805 0.144206 0 0 0
0.664266 0.069997 0.144164 0 0 0
0.665676 0.070101 0.144089 0 0 0
0.667135 0.070214 0.144010 0 0 0
0.667982 0.070360 0.143986 0 0 0
0.601422 0.066418 0.143497 0 0 0
0.602379 0.066416 0.143426 0 0 0
0.603893 0.066274 0.143278 0 0 0
0.605217 0.066333 0.143196 0 0 0
0.606647 0.066477 0.143128 0 0 0
0.608061 0.066609 0.143057 0 0 0
0.609473 0.066740 0.142987 0 0 0
0.610887 0.066873 0.142916 0 0 0
0.612323 0.067016 0.142840 0 0 0
0.613426 0.067158 0.142749 0 0 0
0.615149 0.068462 0.142356 0 0 0
0.616432 0.067570 0.142510 0 0 0
0.618162 0.068905 0.142117 0 0 0
0.619287 0.069040 0.142031 0 0 0
0.620473 0.069091 0.142024 0 0 0
0.622167 0.068243 0.142457 0 0 0
0.623766 0.067490 0.142913 0 0 0
0.624997 0.067765 0.142989 0 0 0
0.626237 0.068052 0.143061 0 0 0
0.628082 0.067430 0.143461 0 0 0
0.629036 0.067547 0.143580 0 0 0
0.630846 0.066715 0.143937 0 0 0
0.632072 0.067136 0.144047 0 0 0
0.633197 0.067269 0.144085 0 0 0
0.635107 0.066234 0.144356 0 0 0
0.636302 0.066298 0.144296 0 0 0
0.637512 0.066401 0.143991 0 0 0
0.639312 0.067446 0.143630 0 0 0
0.640430 0.067412 0.143495 0 0 0
0.641928 0.067511 0.143394 0 0 0
0.642973 0.067648 0.143315 0 0 0
0.645018 0.069158 0.142797 0 0 0
0.646074 0.069285 0.142716 0 0 0
0.647523 0.069419 0.142647 0 0 0
0.648699 0.069442 0.142641 0 0 0
0.650587 0.068465 0.142937 0 0 0
0.651593 0.068527 0.143031 0 0 0
0.653205 0.067895 0.143206 0 0 0
0.654480 0.068130 0.143449 0 0 0
0.655832 0.068407 0.143506 0 0 0
0.657114 0.068658 0.143610 0 0 0
0.658877 0.067955 0.143924 0 0 0
0.660019 0.068007 0.143936 0 0 0
0.661371 0.068201 0.143905 0 0 0
0.662786 0.068534 0.143891 0 0 0
0.664218 0.068695 0.143828 0 0 0
0.665611 0.068836 0.143758 0 0 0
0.667071 0.068992 0.143685 0 0 0
0.667899 0.069089 0.143648 0 0 0
0.604294 0.065384 0.143016 0 0 0
0.605214 0.065404 0.142958 0 0 0
0.606665 0.065538 0.142888 0 0 0
0.608079 0.065672 0.142817 0 0 0
0.609489 0.065803 0.142747 0 0 0
0.610899 0.065933 0.142676 0 0 0
0.612317 0.066067 0.142605 0 0 0
0.613660 0.066141 0.142519 0 0 0
0.615142 0.066090 0.142392 0 0 0
0.616562 0.066338 0.142345 0 0 0
0.617912 0.066299 0.142240 0 0 0
0.619414 0.066375 0.142160 0 0 0
0.620587 0.066417 0.142173 0 0 0
0.622452 0.065798 0.142577 0 0 0
0.623398 0.066112 0.142725 0 0 0
0.625320 0.065173 0.143072 0 0 0
0.626218 0.065155 0.143144 0 0 0
0.628055 0.064681 0.143549 0 0 0
0.629246 0.064832 0.143633 0 0 0
0.630461 0.065257 0.143745 0 0 0
0.632323 0.064356 0.144064 0 0 0
0.633502 0.064410 0.144066 0 0 0
0.634948 0.064759 0.144057 0 0 0
0.635987 0.065005 0.144011 0 0 0
0.637823 0.066118 0.143669 0 0 0
0.639016 0.066235 0.143361 0 0 0
0.640458 0.066420 0.143238 0 0 0
0.641919 0.066502 0.143143 0 0 0
0.643289 0.066340 0.142992 0 0 0
0.644661 0.066177 0.142840 0 0 0
0.646122 0.066258 0.142749 0 0 0
0.647515 0.066387 0.142679 0 0 0
0.648942 0.066556 0.142619 0 0 0
0.650359 0.066905 0.142613 0 0 0
0.651701 0.067192 0.142658 0 0 0
0.652985 0.067472 0.142913 0 0 0
0.654588 0.067043 0.143137 0 0 0
0.655622 0.066944 0.143201 0 0 0
0.657394 0.066066 0.143526 0 0 0
0.658617 0.066461 0.143626 0 0 0
0.660006 0.066685 0.143612 0 0 0
0.661179 0.066695 0.143614 0 0 0
0.662990 0.065678 0.143880 0 0 0
0.664213 0.065690 0.143871 0 0 0
0.665009 0.065782 0.143844 0 0 0
0.605916 0.062817 0.143061 0 0 0
0.606801 0.062842 0.143004 0 0 0
0.608309 0.062700 0.142857 0 0 0
0.609618 0.062765 0.142777 0 0 0
0.611038 0.062932 0.142716 0 0 0
0.612450 0.063072 0.142647 0 0 0
0.613856 0.063204 0.142577 0 0 0
0.615263 0.063333 0.142506 0 0 0
0.616674 0.063453 0.142434 0 0 0
0.618079 0.063563 0.142359 0 0 0
0.619484 0.063685 0.142289 0 0 0
0.620855 0.063926 0.142269 0 0 0
0.622054 0.064370 0.142373 0 0 0
0.623891 0.063580 0.142737 0 0 0
0.625108 0.064022 0.142853 0 0 0
0.626300 0.064175 0.142935 0 0 0
0.628112 0.063469 0.143290 0 0 0
0.628997 0.063622 0.143398 0 0 0
0.630981 0.062648 0.143720 0 0 0
0.632071 0.062958 0.143793 0 0 0
0.633431 0.063378 0.143820 0 0 0
0.634863 0.063531 0.143757 0 0 0
0.636260 0.063546 0.143651 0 0 0
0.637712 0.063264 0.143461 0 0 0
0.639110 0.063282 0.143356 0 0 0
0.640530 0.063406 0.143276 0 0 0
0.641572 0.063523 0.143194 0 0 0
0.643604 0.065040 0.142674 0 0 0
0.644648 0.065178 0.142595 0 0 0
0.646068 0.065328 0.142522 0 0 0
0.647465 0.065459 0.142453 0 0 0
0.648862 0.065581 0.142381 0 0 0
0.650281 0.065677 0.142314 0 0 0
0.651454 0.065677 0.142317 0 0 0
0.653056 0.064601 0.142697 0 0 0
0.654566 0.064008 0.143134 0 0 0
0.655765 0.064167 0.143236 0 0 0
0.657012 0.064587 0.143355 0 0 0
0.658767 0.063683 0.143663 0 0 0
0.659938 0.063697 0.143665 0 0 0
0.661285 0.063923 0.143646 0 0 0
0.662748 0.064532 0.143688 0 0 0
0.664137 0.064810 0.143660 0 0 0
0.664955 0.064913 0.143627 0 0 0
0.608695 0.061841 0.142606 0 0 0
0.609654 0.061833 0.142533 0 0 0
0.611137 0.061698 0.142388 0 0 0
0.612477 0.061757 0.142304 0 0 0
0.613892 0.061898 0.142236 0 0 0
0.615300 0.062026 0.142166 0 0 0
0.616638 0.062225 0.142125 0 0 0
0.618049 0.062586 0.142117 0 0 0
0.619501 0.062749 0.142063 0 0 0
0.620648 0.062780 0.142056 0 0 0
0.622555 0.061841 0.142391 0 0 0
0.623490 0.062160 0.142539 0 0 0
0.625340 0.061551 0.142947 0 0 0
0.626563 0.061627 0.142982 0 0 0
0.627741 0.061824 0.143040 0 0 0
0.629533 0.061007 0.143390 0 0 0
0.630745 0.061439 0.143499 0 0 0
0.631853 0.061562 0.143537 0 0 0
0.633771 0.060543 0.143824 0 0 0
0.634929 0.060574 0.143806 0 0 0
0.636026 0.060712 0.143692 0 0 0
0.638034 0.061854 0.143116 0 0 0
0.639004 0.062054 0.143062 0 0 0
0.640438 0.062431 0.143047 0 0 0
0.641860 0.062490 0.142952 0 0 0
0.643226 0.062219 0.142786 0 0 0
0.644632 0.062463 0.142738 0 0 0
0.646068 0.062638 0.142676 0 0 0
0.647457 0.062769 0.142607 0 0 0
0.648851 0.062895 0.142538 0 0 0
0.650241 0.063022 0.142470 0 0 0
0.651692 0.063196 0.142425 0 0 0
0.652957 0.063460 0.142532 0 0 0
0.654599 0.063058 0.142942 0 0 0
0.655531 0.063018 0.143034 0 0 0
0.657301 0.062103 0.143362 0 0 0
0.658526 0.062535 0.143467 0 0 0
0.659900 0.062765 0.143458 0 0 0
0.661104 0.062755 0.143479 0 0 0
0.662247 0.062127 0.143755 0 0 0
0.611586 0.060417 0.142026 0 0 0
0.612476 0.060462 0.141971 0 0 0
0.613924 0.060605 0.141900 0 0 0
0.615350 0.060726 0.141836 0 0 0
0.616483 0.060759 0.141827 0 0 0
0.618449 0.059706 0.142116 0 0 0
0.619494 0.059804 0.142134 0 0 0
0.620992 0.060201 0.142149 0 0 0
0.622186 0.060472 0.142215 0 0 0
0.623786 0.059435 0.142622 0 0 0
0.625378 0.058846 0.143074 0 0 0
0.626494 0.058963 0.143147 0 0 0
0.627989 0.059368 0.143169 0 0 0
0.629176 0.059638 0.143229 0 0 0
0.631012 0.058677 0.143539 0 0 0
0.632174 0.058727 0.143541 0 0 0
0.633591 0.059071 0.143537 0 0 0
0.634937 0.059292 0.143493 0 0 0
0.635967 0.059432 0.143414 0 0 0
0.637994 0.060542 0.142838 0 0 0
0.638829 0.060587 0.142783 0 0 0
0.640747 0.059572 0.143046 0 0 0
0.641564 0.059608 0.143022 0 0 0
0.643371 0.060944 0.142624 0 0 0
0.644865 0.059949 0.142835 0 0 0
0.646037 0.059956 0.142833 0 0 0
0.647453 0.060073 0.142772 0 0 0
0.648754 0.060275 0.142736 0 0 0
0.650169 0.060637 0.142723 0 0 0
0.651618 0.060805 0.142673 0 0 0
0.652794 0.060826 0.142699 0 0 0
0.654488 0.060207 0.143068 0 0 0
0.655715 0.060449 0.143144 0 0 0
0.656943 0.060693 0.143216 0 0 0
0.658701 0.059737 0.143514 0 0 0
0.659771 0.059854 0.143543 0 0 0
0.660680 0.060173 0.143564 0 0 0
0.611774 0.057793 0.142172 0 0 0
0.612639 0.057820 0.142115 0 0 0
0.614139 0.057669 0.141969 0 0 0
0.615443 0.057723 0.141890 0 0 0
0.616802 0.057980 0.141866 0 0 0
0.618271 0.058576 0.141923 0 0 0
0.619357 0.058720 0.141953 0 0 0
0.621217 0.057718 0.142266 0 0 0
0.622419 0.058006 0.142338 0 0 0
0.623708 0.058320 0.142460 0 0 0
0.625454 0.057914 0.142889 0 0 0
0.626329 0.057898 0.142964 0 0 0
0.628268 0.056801 0.143260 0 0 0
0.629427 0.056867 0.143264 0 0 0
0.630775 0.057290 0.143290 0 0 0
0.632102 0.057720 0.143309 0 0 0
0.633518 0.057871 0.143247 0 0 0
0.634970 0.057937 0.143155 0 0 0
0.636335 0.057767 0.143005 0 0 0
0.637683 0.057634 0.142865 0 0 0
0.639069 0.057843 0.142819 0 0 0
0.640582 0.058373 0.142842 0 0 0
0.641800 0.058395 0.142767 0 0 0
0.643183 0.058498 0.142689 0 0 0
0.644711 0.058861 0.142665 0 0 0
0.646000 0.059054 0.142628 0 0 0
0.647413 0.059171 0.142567 0 0 0
0.648563 0.059192 0.142563 0 0 0
0.650405 0.058112 0.142834 0 0 0
0.651545 0.058127 0.142830 0 0 0
0.652996 0.058287 0.142790 0 0 0
0.654126 0.058541 0.142860 0 0 0
0.655806 0.057873 0.143192 0 0 0
0.657089 0.057917 0.143242 0 0 0
0.658433 0.058379 0.143276 0 0 0
0.659292 0.058820 0.143328 0 0 0
0.614516 0.056845 0.141735 0 0 0
0.615439 0.056866 0.141684 0 0 0
0.616610 0.056889 0.141677 0 0 0
0.618506 0.056099 0.142034 0 0 0
0.619725 0.056202 0.142067 0 0 0
0.620889 0.056431 0.142125 0 0 0
0.622685 0.055516 0.142480 0 0 0
0.623596 0.055648 0.142596 0 0 0
0.625530 0.054929 0.142983 0 0 0
0.626601 0.055084 0.143020 0 0 0
0.628064 0.055679 0.143074 0 0 0
0.629408 0.055909 0.143052 0 0 0
0.630534 0.055920 0.143046 0 0 0
0.632452 0.054885 0.143332 0 0 0
0.633596 0.054924 0.143322 0 0 0
0.634642 0.055034 0.143244 0 0 0
0.636649 0.056527 0.142716 0 0 0
0.637753 0.056601 0.142623 0 0 0
0.638923 0.056436 0.142574 0 0 0
0.640310 0.055672 0.142779 0 0 0
0.641946 0.056857 0.142554 0 0 0
0.643467 0.055888 0.142769 0 0 0
0.644626 0.055891 0.142766 0 0 0
0.646027 0.056004 0.142704 0 0 0
0.647411 0.056132 0.142638 0 0 0
0.648728 0.056380 0.142612 0 0 0
0.650182 0.056986 0.142656 0 0 0
0.651500 0.057231 0.142630 0 0 0
0.652898 0.057347 0.142576 0 0 0
0.654134 0.057362 0.142621 0 0 0
0.655816 0.056690 0.142954 0 0 0
0.656968 0.056956 0.143020 0 0 0
0.657882 0.057135 0.143008 0 0 0
0.617288 0.054297 0.141898 0 0 0
0.618657 0.053795 0.142270 0 0 0
0.619742 0.053617 0.142266 0 0 0
0.621147 0.053935 0.142271 0 0 0
0.622351 0.054242 0.142336 0 0 0
0.624131 0.053383 0.142691 0 0 0
0.625329 0.053831 0.142802 0 0 0
0.626419 0.053983 0.142847 0 0 0
0.628281 0.053215 0.143201 0 0 0
0.629490 0.053201 0.143199 0 0 0
0.630942 0.053122 0.143086 0 0 0
0.632265 0.053422 0.143060 0 0 0
0.633591 0.053636 0.143021 0 0 0
0.634928 0.053700 0.142937 0 0 0
0.636351 0.053594 0.142797 0 0 0
0.637452 0.053666 0.142692 0 0 0
0.639310 0.055063 0.142358 0 0 0
0.640672 0.054284 0.142567 0 0 0
0.641754 0.054225 0.142564 0 0 0
0.643278 0.054769 0.142598 0 0 0
0.644593 0.055009 0.142571 0 0 0
0.645975 0.055135 0.142505 0 0 0
0.647372 0.055248 0.142443 0 0 0
0.648508 0.055261 0.142439 0 0 0
0.650347 0.054170 0.142713 0 0 0
0.651490 0.054193 0.142712 0 0 0
0.652787 0.054384 0.142685 0 0 0
0.654259 0.054784 0.142693 0 0 0
0.655495 0.055004 0.142780 0 0 0
0.656553 0.054495 0.143086 0 0 0
0.620003 0.052568 0.142123 0 0 0
0.621380 0.051742 0.142443 0 0 0
0.622618 0.051816 0.142491 0 0 0
0.623773 0.052053 0.142553 0 0 0
0.625580 0.051375 0.142952 0 0 0
0.626498 0.051331 0.143045 0 0 0
0.628395 0.050599 0.143413 0 0 0
0.629164 0.050638 0.143394 0 0 0
0.631144 0.052143 0.142881 0 0 0
0.632176 0.052245 0.142793 0 0 0
0.633583 0.052376 0.142716 0 0 0
0.634970 0.052509 0.142648 0 0 0
0.636355 0.052661 0.142582 0 0 0
0.637654 0.052739 0.142501 0 0 0
0.639082 0.052666 0.142379 0 0 0
0.640573 0.052943 0.142351 0 0 0
0.641614 0.053032 0.142376 0 0 0
0.643479 0.051947 0.142664 0 0 0
0.644515 0.052046 0.142690 0 0 0
0.645933 0.052401 0.142685 0 0 0
0.647344 0.052582 0.142627 0 0 0
0.648752 0.052762 0.142569 0 0 0
0.650153 0.053124 0.142556 0 0 0
0.651453 0.053314 0.142528 0 0 0
0.652608 0.053323 0.142532 0 0 0
0.654347 0.052378 0.142836 0 0 0
0.654999 0.052579 0.142901 0 0 0
0.620226 0.049911 0.142344 0 0 0
0.621485 0.049501 0.142722 0 0 0
0.622635 0.049466 0.142772 0 0 0
0.623793 0.049483 0.142800 0 0 0
0.625655 0.048743 0.143158 0 0 0
0.626797 0.048842 0.143171 0 0 0
0.628211 0.049206 0.143171 0 0 0
0.629459 0.049343 0.143116 0 0 0
0.630857 0.049218 0.142983 0 0 0
0.632287 0.049286 0.142893 0 0 0
0.633652 0.049409 0.142824 0 0 0
0.635023 0.049535 0.142755 0 0 0
0.636394 0.049661 0.142687 0 0 0
0.637774 0.049788 0.142619 0 0 0
0.639060 0.049982 0.142581 0 0 0
0.640445 0.050322 0.142566 0 0 0
0.641898 0.050548 0.142517 0 0 0
0.643306 0.050904 0.142514 0 0 0
0.644341 0.051001 0.142540 0 0 0
0.646192 0.049938 0.142828 0 0 0
0.647310 0.049953 0.142827 0 0 0
0.648700 0.050066 0.142766 0 0 0
0.650076 0.050185 0.142696 0 0 0
0.651473 0.050285 0.142620 0 0 0
0.652768 0.050568 0.142596 0 0 0
0.653727 0.051119 0.142656 0 0 0
0.623225 0.047263 0.143039 0 0 0
0.624115 0.047318 0.142993 0 0 0
0.625553 0.047381 0.142914 0 0 0
0.626775 0.047505 0.142863 0 0 0
0.628163 0.047634 0.142797 0 0 0
0.629540 0.047782 0.142732 0 0 0
0.630914 0.047938 0.142670 0 0 0
0.632279 0.048076 0.142604 0 0 0
0.633645 0.048205 0.142537 0 0 0
0.635013 0.048331 0.142468 0 0 0
0.636385 0.048455 0.142399 0 0 0
0.637782 0.048563 0.142337 0 0 0
0.638868 0.048602 0.142343 0 0 0
0.640651 0.047826 0.142661 0 0 0
0.641843 0.047862 0.142706 0 0 0
0.643223 0.047983 0.142652 0 0 0
0.644622 0.048157 0.142595 0 0 0
0.646003 0.048524 0.142586 0 0 0
0.647294 0.048733 0.142549 0 0 0
0.648670 0.048855 0.142482 0 0 0
0.650064 0.048952 0.142404 0 0 0
0.651358 0.049170 0.142364 0 0 0
0.652249 0.049529 0.142386 0 0 0
0.625906 0.046285 0.142632 0 0 0
0.626763 0.046280 0.142576 0 0 0
0.628224 0.046347 0.142487 0 0 0
0.629612 0.046238 0.142354 0 0 0
0.630923 0.046319 0.142274 0 0 0
0.632301 0.046459 0.142207 0 0 0
0.633668 0.046586 0.142139 0 0 0
0.635037 0.046710 0.142070 0 0 0
0.636416 0.046824 0.142000 0 0 0
0.637724 0.047010 0.141972 0 0 0
0.638932 0.047274 0.142072 0 0 0
0.640740 0.046601 0.142416 0 0 0
0.641819 0.046660 0.142429 0 0 0
0.643210 0.046768 0.142368 0 0 0
0.644572 0.046861 0.142293 0 0 0
0.645932 0.046955 0.142218 0 0 0
0.647301 0.047067 0.142147 0 0 0
0.648690 0.047174 0.142071 0 0 0
0.649980 0.047419 0.142037 0 0 0
0.650864 0.047793 0.142064 0 0 0
0.627420 0.043771 0.142747 0 0 0
0.627911 0.043816 0.142683 0 0 0
0.629949 0.044871 0.142052 0 0 0
0.630986 0.044774 0.141907 0 0 0
0.632314 0.044841 0.141815 0 0 0
0.633684 0.044983 0.141748 0 0 0
0.635056 0.045131 0.141686 0 0 0
0.636377 0.045332 0.141656 0 0 0
0.637498 0.045557 0.141706 0 0 0
0.639411 0.044627 0.142030 0 0 0
0.640525 0.044851 0.142080 0 0 0
0.641848 0.045042 0.142049 0 0 0
0.643149 0.045239 0.142010 0 0 0
0.644523 0.045580 0.141997 0 0 0
0.645913 0.045752 0.141939 0 0 0
0.647276 0.045877 0.141871 0 0 0
0.648665 0.046016 0.141800 0 0 0
0.649513 0.046170 0.141770 0 0 0
0.629821 0.042521 0.142183 0 0 0
0.631252 0.043509 0.141650 0 0 0
0.632290 0.043640 0.141546 0 0 0
0.633730 0.043726 0.141450 0 0 0
0.635132 0.043626 0.141333 0 0 0
0.636164 0.043622 0.141329 0 0 0
0.638001 0.042914 0.141672 0 0 0
0.639190 0.043166 0.141766 0 0 0
0.640490 0.043328 0.141734 0 0 0
0.641881 0.043427 0.141674 0 0 0
0.642953 0.043477 0.141688 0 0 0
0.644734 0.042730 0.142012 0 0 0
0.645947 0.042738 0.142052 0 0 0
0.647215 0.042977 0.142031 0 0 0
0.648024 0.043286 0.142040 0 0 0
0.631474 0.041063 0.141816 0 0 0
0.632446 0.041046 0.141678 0 0 0
0.633639 0.040944 0.141299 0 0 0
0.635372 0.041902 0.140959 0 0 0
0.636231 0.042050 0.140995 0 0 0
0.637993 0.041589 0.141372 0 0 0
0.639054 0.041725 0.141447 0 0 0
0.640446 0.042078 0.141452 0 0 0
0.641860 0.042247 0.141409 0 0 0
0.643055 0.042276 0.141462 0 0 0
0.644725 0.041630 0.141806 0 0 0
0.645859 0.041936 0.141878 0 0 0
0.646764 0.042122 0.141870 0 0 0
0.634031 0.040721 0.140993 0 0 0
0.635035 0.040757 0.140740 0 0 0
0.636268 0.040823 0.140728 0 0 0
0.638012 0.040110 0.141084 0 0 0
0.638846 0.040267 0.141201 0 0 0
0.640768 0.039255 0.141539 0 0 0
0.641764 0.039343 0.141569 0 0 0
0.643238 0.039755 0.141576 0 0 0
0.644114 0.040099 0.141587 0 0 0
0.635655 0.038293 0.140873 0 0 0
0.636469 0.038381 0.140857 0 0 0
0.637630 0.038561 0.140913 0 0 0
0.639428 0.037594 0.141254 0 0 0
0.640500 0.037941 0.141346 0 0 0
0.641565 0.038284 0.141439 0 0 0
0.643404 0.037634 0.141812 0 0 0
0.643953 0.037625 0.141850 0 0 0
0.638403 0.036360 0.141108 0 0 0
0.639196 0.036580 0.141124 0 0 0
0.640275 0.036638 0.141178 0 0 0
0.641486 0.036006 0.141491 0 0 0
0.640544 0.034294 0.141350 0 0 0
