ply
format ascii 1.0
element vertex 8201
property float x
property float y
property float z
property uchar red
property uchar green
property uchar blue
end_header
0.424977 -0.038811 0.288459 255 0 0
0.426071 -0.039273 0.288390 255 0 0
0.427289 -0.039745 0.288282 255 0 0
0.428854 -0.039677 0.287554 255 0 0
0.430050 -0.040186 0.287438 255 0 0
0.431258 -0.040673 0.287318 255 0 0
0.432724 -0.040578 0.286550 255 0 0
0.434094 -0.040412 0.285757 255 0 0
0.435465 -0.040232 0.284970 255 0 0
0.436866 -0.040020 0.284178 255 0 0
0.438252 -0.039857 0.283382 255 0 0
0.439643 -0.039698 0.282586 255 0 0
0.441145 -0.039617 0.281811 255 0 0
0.442244 -0.040056 0.281675 255 0 0
0.443766 -0.039935 0.280905 255 0 0
0.445173 -0.039782 0.280109 255 0 0
0.446587 -0.039631 0.279310 255 0 0
0.448006 -0.039481 0.278511 255 0 0
0.449434 -0.039334 0.277709 255 0 0
0.450789 -0.039203 0.276945 0 0 0
0.452471 -0.038337 0.275350 0 0 0
0.453761 -0.038218 0.274628 0 0 0
0.455382 -0.037364 0.273074 0 0 0
0.392121 -0.029133 0.292350 255 0 0
0.393093 -0.029498 0.292248 255 0 0
0.394580 -0.029417 0.291544 0 0 0
0.395783 -0.029876 0.291424 0 0 0
0.397077 -0.030466 0.291337 255 0 0
0.398353 -0.031013 0.291257 255 0 0
0.399657 -0.031506 0.291185 255 0 0
0.400959 -0.032045 0.291106 255 0 0
0.402240 -0.032632 0.291022 255 0 0
0.403518 -0.033182 0.290941 255 0 0
0.404809 -0.033724 0.290862 255 0 0
0.406100 -0.034265 0.290784 255 0 0
0.407404 -0.034807 0.290703 0 0 0
0.408598 -0.035263 0.290590 0 0 0
0.410105 -0.035185 0.289876 0 0 0
0.411292 -0.035688 0.289757 0 0 0
0.412585 -0.036242 0.289674 0 0 0
0.413879 -0.036782 0.289595 0 0 0
0.415173 -0.037324 0.289516 0 0 0
0.416466 -0.037866 0.289437 0 0 0
0.417760 -0.038409 0.289358 0 0 0
0.419053 -0.038951 0.289279 255 0 0
0.420346 -0.039494 0.289200 255 0 0
0.421652 -0.040040 0.289119 255 0 0
0.422839 -0.040499 0.289012 255 0 0
0.424415 -0.040371 0.288291 255 0 0
0.425605 -0.040833 0.288184 255 0 0
0.426902 -0.041435 0.288093 255 0 0
0.428080 -0.041960 0.287971 255 0 0
0.429655 -0.041882 0.287245 255 0 0
0.430740 -0.042280 0.287104 255 0 0
0.432203 -0.042163 0.286351 0 0 0
0.433585 -0.041949 0.285562 0 0 0
0.435058 -0.041869 0.284787 0 0 0
0.436152 -0.042365 0.284626 255 0 0
0.437624 -0.042278 0.283860 255 0 0
0.439027 -0.042070 0.283068 255 0 0
0.440415 -0.041911 0.282272 255 0 0
0.441928 -0.041791 0.281500 255 0 0
0.443021 -0.042282 0.281352 255 0 0
0.444524 -0.042212 0.280572 255 0 0
0.445930 -0.042060 0.279775 255 0 0
0.447336 -0.041899 0.278983 255 0 0
0.448785 -0.041713 0.278176 255 0 0
0.450109 -0.041625 0.277413 255 0 0
0.451797 -0.040700 0.275828 255 0 0
0.453085 -0.040588 0.275099 255 0 0
0.454695 -0.039728 0.273549 255 0 0
0.389111 -0.030488 0.293002 255 0 0
0.390085 -0.030844 0.292901 255 0 0
0.391587 -0.030710 0.292202 255 0 0
0.392761 -0.031215 0.292077 255 0 0
0.394049 -0.031813 0.291986 0 0 0
0.395245 -0.032268 0.291870 0 0 0
0.396756 -0.032132 0.291169 255 0 0
0.397760 -0.032509 0.291073 255 0 0
0.399368 -0.034041 0.291654 255 0 0
0.400362 -0.034416 0.291560 255 0 0
0.401890 -0.034284 0.290854 255 0 0
0.403085 -0.034738 0.290740 255 0 0
0.404386 -0.035281 0.290659 255 0 0
0.405674 -0.035824 0.290580 255 0 0
0.406953 -0.036412 0.290495 255 0 0
0.408229 -0.036970 0.290411 255 0 0
0.409410 -0.037470 0.290294 255 0 0
0.410942 -0.037337 0.289583 255 0 0
0.412134 -0.037797 0.289471 0 0 0
0.413427 -0.038388 0.289384 0 0 0
0.414705 -0.038938 0.289304 0 0 0
0.415997 -0.039479 0.289225 0 0 0
0.417289 -0.040018 0.289146 0 0 0
0.418580 -0.040559 0.289068 0 0 0
0.419871 -0.041100 0.288989 255 0 0
0.421162 -0.041642 0.288910 255 0 0
0.422442 -0.042191 0.288830 255 0 0
0.423733 -0.042782 0.288742 255 0 0
0.424926 -0.043256 0.288627 255 0 0
0.426494 -0.043173 0.287902 255 0 0
0.427560 -0.043555 0.287770 255 0 0
0.429147 -0.043484 0.287039 255 0 0
0.430231 -0.043935 0.286885 255 0 0
0.431778 -0.043915 0.286152 255 0 0
0.432866 -0.044364 0.285997 255 0 0
0.434345 -0.044276 0.285224 255 0 0
0.435725 -0.044053 0.284443 255 0 0
0.437214 -0.043917 0.283679 255 0 0
0.438304 -0.044415 0.283521 255 0 0
0.439781 -0.044329 0.282752 255 0 0
0.441187 -0.044123 0.281959 255 0 0
0.442600 -0.043920 0.281163 255 0 0
0.443993 -0.043756 0.280371 255 0 0
0.445397 -0.043606 0.279572 255 0 0
0.446916 -0.043545 0.278788 255 0 0
0.447934 -0.044043 0.278670 255 0 0
0.449720 -0.043157 0.277120 255 0 0
0.451049 -0.043073 0.276352 255 0 0
0.452419 -0.042954 0.275573 255 0 0
0.454018 -0.042099 0.274022 255 0 0
0.386112 -0.031086 0.292949 0 0 0
0.387171 -0.031530 0.292885 255 0 0
0.388494 -0.032025 0.292811 255 0 0
0.389772 -0.032572 0.292729 255 0 0
0.390955 -0.033066 0.292606 255 0 0
0.392428 -0.032928 0.291909 255 0 0
0.393615 -0.033421 0.291786 255 0 0
0.394884 -0.033979 0.291702 0 0 0
0.396159 -0.034564 0.291617 0 0 0
0.397453 -0.035100 0.291539 0 0 0
0.398750 -0.035589 0.291467 0 0 0
0.400020 -0.036133 0.291388 0 0 0
0.401294 -0.036718 0.291304 0 0 0
0.402577 -0.037260 0.291225 255 0 0
0.403873 -0.037801 0.291144 255 0 0
0.405057 -0.038253 0.291032 255 0 0
0.406576 -0.038120 0.290322 255 0 0
0.407756 -0.038617 0.290204 0 0 0
0.409030 -0.039173 0.290120 0 0 0
0.410319 -0.039763 0.290033 0 0 0
0.411503 -0.040220 0.289923 255 0 0
0.413042 -0.040088 0.289208 255 0 0
0.414229 -0.040543 0.289097 0 0 0
0.415530 -0.041090 0.289016 0 0 0
0.416807 -0.041678 0.288931 0 0 0
0.418083 -0.042226 0.288851 0 0 0
0.419373 -0.042764 0.288773 255 0 0
0.420662 -0.043304 0.288694 255 0 0
0.421951 -0.043844 0.288616 255 0 0
0.423252 -0.044386 0.288534 255 0 0
0.424437 -0.044859 0.288419 255 0 0
0.425963 -0.044814 0.287698 255 0 0
0.427152 -0.045300 0.287578 255 0 0
0.428347 -0.045817 0.287454 255 0 0
0.429807 -0.045664 0.286701 255 0 0
0.431285 -0.045516 0.285942 255 0 0
0.432370 -0.045963 0.285786 255 0 0
0.433827 -0.045874 0.285020 255 0 0
0.435292 -0.045786 0.284252 255 0 0
0.436371 -0.046224 0.284106 255 0 0
0.437895 -0.046046 0.283342 255 0 0
0.439368 -0.045962 0.282573 255 0 0
0.440456 -0.046461 0.282415 255 0 0
0.441939 -0.046379 0.281644 255 0 0
0.443349 -0.046178 0.280849 255 0 0
0.444756 -0.046036 0.280037 255 0 0
0.446140 -0.045939 0.279227 255 0 0
0.447568 -0.045742 0.278428 255 0 0
0.448958 -0.045637 0.277627 255 0 0
0.450389 -0.045501 0.276811 255 0 0
0.451733 -0.045368 0.276050 255 0 0
0.453425 -0.044453 0.274458 255 0 0
0.454704 -0.044337 0.273735 255 0 0
0.385693 -0.032703 0.292746 0 0 0
0.386763 -0.033103 0.292687 255 0 0
0.388071 -0.033695 0.292602 255 0 0
0.389336 -0.034240 0.292523 255 0 0
0.390612 -0.034787 0.292440 255 0 0
0.391803 -0.035294 0.292308 255 0 0
0.393253 -0.035192 0.291612 0 0 0
0.394436 -0.035645 0.291494 0 0 0
0.395731 -0.036184 0.291413 0 0 0
0.397011 -0.036721 0.291335 0 0 0
0.398293 -0.037259 0.291257 0 0 0
0.399575 -0.037795 0.291178 0 0 0
0.400857 -0.038330 0.291101 0 0 0
0.402138 -0.038867 0.291022 0 0 0
0.403420 -0.039405 0.290944 0 0 0
0.404699 -0.039954 0.290862 255 0 0
0.405882 -0.040466 0.290734 255 0 0
0.407376 -0.040372 0.290026 255 0 0
0.408555 -0.040827 0.289913 0 0 0
0.409853 -0.041367 0.289832 255 0 0
0.411124 -0.041914 0.289752 255 0 0
0.412397 -0.042500 0.289668 255 0 0
0.413694 -0.043045 0.289586 255 0 0
0.414871 -0.043497 0.289477 255 0 0
0.416421 -0.043367 0.288759 255 0 0
0.417603 -0.043825 0.288649 255 0 0
0.418890 -0.044416 0.288562 255 0 0
0.420164 -0.044963 0.288482 0 0 0
0.421451 -0.045503 0.288403 0 0 0
0.422749 -0.046044 0.288322 0 0 0
0.423931 -0.046515 0.288206 0 0 0
0.425456 -0.046471 0.287485 255 0 0
0.426654 -0.046946 0.287366 255 0 0
0.427849 -0.047420 0.287249 0 0 0
0.429387 -0.047391 0.286520 0 0 0
0.430463 -0.047838 0.286364 0 0 0
0.431942 -0.047693 0.285602 255 0 0
0.433311 -0.047467 0.284820 255 0 0
0.434780 -0.047379 0.284044 0 0 0
0.435970 -0.047909 0.283919 255 0 0
0.437158 -0.048438 0.283796 255 0 0
0.438629 -0.048342 0.283030 255 0 0
0.440043 -0.048089 0.282240 255 0 0
0.441524 -0.048007 0.281467 255 0 0
0.442613 -0.048509 0.281306 255 0 0
0.444023 -0.048453 0.280570 255 0 0
0.445692 -0.047461 0.278985 255 0 0
0.447011 -0.047328 0.278227 255 0 0
0.448429 -0.047182 0.277418 0 0 0
0.449845 -0.047040 0.276611 0 0 0
0.451265 -0.046899 0.275805 0 0 0
0.452686 -0.046821 0.274979 255 0 0
0.454015 -0.046741 0.274211 255 0 0
0.382498 -0.032510 0.291992 0 0 0
0.383988 -0.033897 0.292603 0 0 0
0.384871 -0.034229 0.292568 255 0 0
0.386440 -0.035602 0.293102 255 0 0
0.387713 -0.035405 0.292453 255 0 0
0.388912 -0.035847 0.292327 255 0 0
0.390213 -0.036391 0.292242 255 0 0
0.391380 -0.036886 0.292118 255 0 0
0.392816 -0.036790 0.291422 0 0 0
0.394017 -0.037254 0.291294 0 0 0
0.395305 -0.037793 0.291213 0 0 0
0.396584 -0.038332 0.291134 0 0 0
0.397853 -0.038918 0.291050 0 0 0
0.399118 -0.039464 0.290971 0 0 0
0.400397 -0.040000 0.290893 0 0 0
0.401677 -0.040534 0.290815 0 0 0
0.402956 -0.041070 0.290737 0 0 0
0.404247 -0.041609 0.290656 255 0 0
0.405430 -0.042076 0.290533 255 0 0
0.406897 -0.042020 0.289827 255 0 0
0.408083 -0.042488 0.289705 255 0 0
0.409376 -0.043028 0.289623 255 0 0
0.410658 -0.043565 0.289545 255 0 0
0.411940 -0.044100 0.289467 255 0 0
0.413222 -0.044638 0.289389 0 0 0
0.414491 -0.045183 0.289310 0 0 0
0.415774 -0.045773 0.289223 255 0 0
0.416947 -0.046227 0.289114 255 0 0
0.418504 -0.046099 0.288393 255 0 0
0.419680 -0.046551 0.288284 0 0 0
0.420977 -0.047097 0.288202 0 0 0
0.422264 -0.047686 0.288116 0 0 0
0.423419 -0.048150 0.288007 0 0 0
0.424969 -0.048069 0.287283 0 0 0
0.426158 -0.048588 0.287158 0 0 0
0.427336 -0.049070 0.287039 0 0 0
0.428888 -0.049035 0.286310 0 0 0
0.429952 -0.049424 0.286171 0 0 0
0.431535 -0.049366 0.285432 0 0 0
0.432603 -0.049858 0.285271 0 0 0
0.434055 -0.049772 0.284505 0 0 0
0.435573 -0.049589 0.283736 0 0 0
0.436638 -0.050028 0.283593 0 0 0
0.438209 -0.050017 0.282850 0 0 0
0.439286 -0.050473 0.282699 0 0 0
0.440773 -0.050384 0.281928 0 0 0
0.442195 -0.050129 0.281134 255 0 0
0.443577 -0.049965 0.280339 255 0 0
0.444962 -0.049880 0.279516 255 0 0
0.446344 -0.049787 0.278703 255 0 0
0.447768 -0.049591 0.277901 255 0 0
0.449177 -0.049448 0.277094 0 0 0
0.450597 -0.049307 0.276283 0 0 0
0.451942 -0.049183 0.275512 0 0 0
0.453550 -0.048280 0.273959 0 0 0
0.379473 -0.032428 0.291206 0 0 0
0.380775 -0.033681 0.291841 0 0 0
0.382166 -0.035104 0.292335 255 0 0
0.383369 -0.035438 0.292413 255 0 0
0.384474 -0.035909 0.292369 255 0 0
0.386100 -0.037322 0.292965 255 0 0
0.387167 -0.037827 0.292906 255 0 0
0.388472 -0.038376 0.292825 255 0 0
0.389650 -0.038818 0.292707 255 0 0
0.391106 -0.038688 0.292007 255 0 0
0.392271 -0.039225 0.291877 255 0 0
0.393540 -0.039777 0.291794 0 0 0
0.394828 -0.040315 0.291713 0 0 0
0.396004 -0.040759 0.291598 255 0 0
0.397497 -0.040614 0.290893 255 0 0
0.398677 -0.041059 0.290778 255 0 0
0.399965 -0.041601 0.290696 255 0 0
0.401232 -0.042187 0.290612 255 0 0
0.402494 -0.042731 0.290533 255 0 0
0.403785 -0.043271 0.290452 255 0 0
0.404952 -0.043722 0.290339 255 0 0
0.406446 -0.043626 0.289630 255 0 0
0.407625 -0.044138 0.289501 255 0 0
0.408901 -0.044687 0.289419 255 0 0
0.410181 -0.045224 0.289341 255 0 0
0.411460 -0.045760 0.289262 255 0 0
0.412739 -0.046297 0.289184 255 0 0
0.414018 -0.046832 0.289106 255 0 0
0.415299 -0.047363 0.289029 255 0 0
0.416566 -0.047907 0.288950 255 0 0
0.417831 -0.048493 0.288865 255 0 0
0.419132 -0.049055 0.288770 255 0 0
0.420264 -0.049608 0.288536 255 0 0
0.421830 -0.049423 0.287943 255 0 0
0.423009 -0.049881 0.287833 0 0 0
0.424191 -0.050397 0.287709 0 0 0
0.425758 -0.050322 0.286979 0 0 0
0.426804 -0.050697 0.286846 0 0 0
0.428380 -0.050625 0.286113 255 0 0
0.429556 -0.051153 0.285989 255 0 0
0.430717 -0.051664 0.285873 0 0 0
0.432213 -0.051471 0.285110 0 0 0
0.433666 -0.051387 0.284341 0 0 0
0.434721 -0.051867 0.284188 0 0 0
0.436227 -0.051695 0.283419 0 0 0
0.437705 -0.051603 0.282648 0 0 0
0.438781 -0.051998 0.282510 0 0 0
0.440369 -0.052000 0.281757 0 0 0
0.441437 -0.052500 0.281601 0 0 0
0.442925 -0.052424 0.280822 0 0 0
0.444252 -0.052241 0.280062 0 0 0
0.446008 -0.051406 0.278489 0 0 0
0.446988 -0.051891 0.278378 255 0 0
0.448527 -0.051788 0.277596 255 0 0
0.449939 -0.051647 0.276786 0 0 0
0.451270 -0.051515 0.276023 0 0 0
0.452945 -0.050668 0.274402 0 0 0
0.454212 -0.050559 0.273677 0 0 0
0.376692 -0.032352 0.290424 0 0 0
0.377556 -0.032670 0.290390 0 0 0
0.379098 -0.033962 0.291027 0 0 0
0.380585 -0.035372 0.291653 255 0 0
0.381557 -0.035625 0.291740 255 0 0
0.383152 -0.037185 0.292207 0 0 0
0.384024 -0.037565 0.292170 0 0 0
0.385689 -0.038976 0.292769 255 0 0
0.386761 -0.039432 0.292715 255 0 0
0.388054 -0.039973 0.292637 255 0 0
0.389320 -0.040519 0.292555 255 0 0
0.390484 -0.041009 0.292432 255 0 0
0.391959 -0.040864 0.291731 255 0 0
0.393136 -0.041306 0.291614 255 0 0
0.394421 -0.041842 0.291533 0 0 0
0.395677 -0.042389 0.291453 255 0 0
0.396930 -0.043025 0.291364 255 0 0
0.398198 -0.043575 0.291281 255 0 0
0.399369 -0.044018 0.291167 255 0 0
0.400874 -0.043875 0.290458 255 0 0
0.402048 -0.044319 0.290344 255 0 0
0.403336 -0.044857 0.290263 255 0 0
0.404608 -0.045408 0.290181 255 0 0
0.405759 -0.045949 0.290057 255 0 0
0.407268 -0.045825 0.289341 255 0 0
0.408442 -0.046272 0.289229 255 0 0
0.409732 -0.046810 0.289148 255 0 0
0.411008 -0.047346 0.289070 0 0 0
0.412284 -0.047881 0.288992 0 0 0
0.413561 -0.048420 0.288914 255 0 0
0.414826 -0.049007 0.288830 255 0 0
0.416089 -0.049550 0.288750 0 0 0
0.417381 -0.050084 0.288670 0 0 0
0.418555 -0.050527 0.288564 0 0 0
0.420113 -0.050347 0.287971 0 0 0
0.421236 -0.050953 0.287728 255 0 0
0.422536 -0.051520 0.287630 255 0 0
0.423707 -0.051986 0.287514 0 0 0
0.425231 -0.051949 0.286789 0 0 0
0.426407 -0.052428 0.286669 0 0 0
0.427574 -0.052930 0.286555 255 0 0
0.429167 -0.052813 0.285822 255 0 0
0.430338 -0.053280 0.285713 255 0 0
0.431499 -0.053831 0.285591 255 0 0
0.432961 -0.053705 0.284821 0 0 0
0.434446 -0.053577 0.284046 0 0 0
0.435492 -0.054000 0.283909 0 0 0
0.437090 -0.054008 0.283152 0 0 0
0.438150 -0.054389 0.283019 0 0 0
0.439637 -0.054314 0.282237 255 0 0
0.441029 -0.054110 0.281438 0 0 0
0.442520 -0.054042 0.280659 0 0 0
0.443495 -0.054535 0.280539 0 0 0
0.445243 -0.053700 0.278966 0 0 0
0.446690 -0.053604 0.278222 255 0 0
0.447762 -0.054040 0.278086 255 0 0
0.449280 -0.053980 0.277298 255 0 0
0.450691 -0.053841 0.276485 255 0 0
0.452021 -0.053712 0.275721 255 0 0
0.453704 -0.052876 0.274088 255 0 0
0.454962 -0.052758 0.273370 255 0 0
0.376108 -0.033832 0.290255 0 0 0
0.377366 -0.035217 0.290879 255 0 0
0.378881 -0.036557 0.291504 255 0 0
0.379766 -0.036839 0.291480 255 0 0
0.381432 -0.038365 0.292080 255 0 0
0.382529 -0.038774 0.292027 255 0 0
0.383624 -0.039239 0.291973 0 0 0
0.385267 -0.040635 0.292573 0 0 0
0.386334 -0.041094 0.292520 0 0 0
0.387623 -0.041635 0.292443 0 0 0
0.388891 -0.042167 0.292365 0 0 0
0.390143 -0.042705 0.292287 255 0 0
0.391401 -0.043287 0.292203 255 0 0
0.392668 -0.043818 0.292125 255 0 0
0.393949 -0.044352 0.292045 255 0 0
0.395114 -0.044792 0.291929 0 0 0
0.396604 -0.044650 0.291224 0 0 0
0.397775 -0.045091 0.291108 0 0 0
0.399041 -0.045640 0.291025 255 0 0
0.400292 -0.046273 0.290936 255 0 0
0.401545 -0.046818 0.290857 255 0 0
0.402829 -0.047355 0.290776 255 0 0
0.403992 -0.047796 0.290664 255 0 0
0.405498 -0.047668 0.289949 255 0 0
0.406655 -0.048160 0.289830 255 0 0
0.407940 -0.048701 0.289749 255 0 0
0.409211 -0.049234 0.289671 0 0 0
0.410482 -0.049767 0.289594 0 0 0
0.411768 -0.050309 0.289513 0 0 0
0.412917 -0.050803 0.289397 0 0 0
0.414451 -0.050679 0.288675 0 0 0
0.415616 -0.051129 0.288564 255 0 0
0.416893 -0.051719 0.288477 0 0 0
0.418154 -0.052275 0.288394 0 0 0
0.419304 -0.052769 0.288281 0 0 0
0.420872 -0.052647 0.287553 0 0 0
0.422039 -0.053150 0.287436 255 0 0
0.423195 -0.053612 0.287326 255 0 0
0.424747 -0.053533 0.286597 0 0 0
0.425913 -0.054048 0.286475 0 0 0
0.427179 -0.054599 0.286392 0 0 0
0.428459 -0.055190 0.286305 0 0 0
0.429632 -0.055658 0.286190 0 0 0
0.431206 -0.055592 0.285453 255 0 0
0.432233 -0.056010 0.285318 255 0 0
0.433846 -0.055967 0.284566 255 0 0
0.434880 -0.056387 0.284431 255 0 0
0.436489 -0.056347 0.283678 255 0 0
0.437527 -0.056768 0.283541 255 0 0
0.439025 -0.056645 0.282761 255 0 0
0.440394 -0.056493 0.281954 255 0 0
0.441769 -0.056342 0.281144 255 0 0
0.443168 -0.056140 0.280340 255 0 0
0.444640 -0.056121 0.279553 255 0 0
0.445716 -0.056577 0.279402 0 0 0
0.447211 -0.056506 0.278621 255 0 0
0.448625 -0.056309 0.277817 255 0 0
0.450036 -0.056178 0.276995 255 0 0
0.451427 -0.056098 0.276172 255 0 0
0.452759 -0.055972 0.275404 255 0 0
0.454368 -0.055077 0.273834 255 0 0
0.373077 -0.033764 0.289477 0 0 0
0.374371 -0.035078 0.290111 255 0 0
0.375893 -0.036421 0.290737 255 0 0
0.376775 -0.036755 0.290712 255 0 0
0.378275 -0.038091 0.291331 255 0 0
0.379745 -0.039486 0.291956 0 0 0
0.380824 -0.039890 0.291910 0 0 0
0.382134 -0.040441 0.291833 0 0 0
0.383205 -0.040901 0.291779 0 0 0
0.384757 -0.042383 0.292256 0 0 0
0.385903 -0.042750 0.292318 0 0 0
0.387195 -0.043292 0.292251 0 0 0
0.388460 -0.043821 0.292174 255 0 0
0.389723 -0.044351 0.292097 255 0 0
0.390999 -0.044899 0.292006 255 0 0
0.392210 -0.045530 0.291801 255 0 0
0.393457 -0.046056 0.291709 0 0 0
0.394711 -0.046596 0.291629 0 0 0
0.395964 -0.047174 0.291537 0 0 0
0.397240 -0.047708 0.291458 0 0 0
0.398413 -0.048158 0.291352 0 0 0
0.399930 -0.047961 0.290790 255 0 0
0.401104 -0.048397 0.290676 255 0 0
0.402384 -0.048932 0.290596 255 0 0
0.403636 -0.049473 0.290517 255 0 0
0.404892 -0.050057 0.290434 255 0 0
0.406158 -0.050596 0.290356 255 0 0
0.407424 -0.051128 0.290278 255 0 0
0.408691 -0.051659 0.290201 255 0 0
0.409972 -0.052194 0.290121 0 0 0
0.411127 -0.052635 0.290011 0 0 0
0.412658 -0.052505 0.289289 0 0 0
0.413819 -0.053006 0.289169 0 0 0
0.414977 -0.053507 0.289051 0 0 0
0.416518 -0.053385 0.288325 0 0 0
0.417679 -0.053829 0.288216 255 0 0
0.418965 -0.054381 0.288131 255 0 0
0.420098 -0.054928 0.288012 0 0 0
0.421655 -0.054817 0.287281 0 0 0
0.422805 -0.055328 0.287163 255 0 0
0.423950 -0.055836 0.287047 255 0 0
0.425534 -0.055718 0.286314 255 0 0
0.426683 -0.056217 0.286202 255 0 0
0.427974 -0.056766 0.286117 255 0 0
0.429139 -0.057231 0.286003 0 0 0
0.430680 -0.057202 0.285271 0 0 0
0.431849 -0.057680 0.285152 0 0 0
0.433008 -0.058186 0.285040 0 0 0
0.434622 -0.058085 0.284295 255 0 0
0.435637 -0.058549 0.284156 255 0 0
0.437262 -0.058466 0.283405 255 0 0
0.438283 -0.058929 0.283265 255 0 0
0.439781 -0.058815 0.282482 255 0 0
0.441148 -0.058665 0.281673 255 0 0
0.442524 -0.058517 0.280860 255 0 0
0.443903 -0.058369 0.280048 0 0 0
0.445306 -0.058171 0.279242 0 0 0
0.446797 -0.058104 0.278458 255 0 0
0.447863 -0.058607 0.278300 255 0 0
0.449284 -0.058565 0.277552 255 0 0
0.450967 -0.057591 0.275951 255 0 0
0.452298 -0.057465 0.275180 0 0 0
0.453613 -0.057396 0.274403 255 0 0
0.370077 -0.033624 0.288707 0 0 0
0.371377 -0.034942 0.289342 0 0 0
0.372905 -0.036281 0.289970 255 0 0
0.373785 -0.036614 0.289945 255 0 0
0.375498 -0.038033 0.290550 255 0 0
0.376366 -0.038418 0.290520 0 0 0
0.377871 -0.039765 0.291146 0 0 0
0.379276 -0.041212 0.291623 0 0 0
0.380332 -0.041643 0.291583 0 0 0
0.381689 -0.042087 0.291633 0 0 0
0.382987 -0.042634 0.291576 0 0 0
0.384133 -0.043002 0.291638 0 0 0
0.385684 -0.044478 0.292116 0 0 0
0.386747 -0.044934 0.292064 255 0 0
0.388032 -0.045473 0.291987 255 0 0
0.389306 -0.046008 0.291906 0 0 0
0.390477 -0.046438 0.291791 0 0 0
0.391969 -0.046240 0.291232 255 0 0
0.393146 -0.046692 0.291116 255 0 0
0.394422 -0.047224 0.291039 255 0 0
0.395689 -0.047751 0.290968 255 0 0
0.396956 -0.048283 0.290891 255 0 0
0.398189 -0.048858 0.290784 255 0 0
0.399387 -0.049500 0.290576 0 0 0
0.400663 -0.050051 0.290485 0 0 0
0.401925 -0.050581 0.290408 0 0 0
0.403191 -0.051111 0.290330 0 0 0
0.404455 -0.051634 0.290254 0 0 0
0.405735 -0.052106 0.290184 255 0 0
0.407013 -0.052630 0.290108 255 0 0
0.408276 -0.053159 0.290030 255 0 0
0.409541 -0.053690 0.289953 255 0 0
0.410790 -0.054234 0.289874 0 0 0
0.412047 -0.054878 0.289781 0 0 0
0.413180 -0.055331 0.289670 0 0 0
0.414718 -0.055207 0.288945 0 0 0
0.415850 -0.055753 0.288823 0 0 0
0.417129 -0.056307 0.288738 0 0 0
0.418280 -0.056748 0.288630 255 0 0
0.419850 -0.056627 0.287897 255 0 0
0.420872 -0.057033 0.287754 0 0 0
0.422436 -0.056976 0.287013 0 0 0
0.423593 -0.057436 0.286901 0 0 0
0.424736 -0.057989 0.286780 0 0 0
0.426308 -0.057877 0.286045 255 0 0
0.427481 -0.058334 0.285935 255 0 0
0.428630 -0.058839 0.285821 255 0 0
0.430187 -0.058770 0.285086 0 0 0
0.431358 -0.059232 0.284971 0 0 0
0.432649 -0.059786 0.284886 0 0 0
0.433778 -0.060338 0.284770 0 0 0
0.435380 -0.060248 0.284022 0 0 0
0.436402 -0.060727 0.283874 0 0 0
0.437998 -0.060687 0.283123 0 0 0
0.439030 -0.061121 0.282980 0 0 0
0.440512 -0.061039 0.282201 0 0 0
0.441901 -0.060833 0.281394 255 0 0
0.443274 -0.060685 0.280581 255 0 0
0.444653 -0.060540 0.279766 255 0 0
0.446037 -0.060397 0.278952 0 0 0
0.447446 -0.060201 0.278142 0 0 0
0.448833 -0.060048 0.277337 0 0 0
0.450209 -0.059970 0.276515 255 0 0
0.451631 -0.059856 0.275679 255 0 0
0.453023 -0.059783 0.274851 255 0 0
0.454343 -0.059646 0.274093 255 0 0
0.368414 -0.034802 0.288581 0 0 0
0.369917 -0.036137 0.289203 0 0 0
0.370806 -0.036419 0.289184 255 0 0
0.372521 -0.037898 0.289790 255 0 0
0.373380 -0.038275 0.289753 0 0 0
0.375095 -0.039695 0.290359 0 0 0
0.375957 -0.040077 0.290328 0 0 0
0.377646 -0.041486 0.290947 0 0 0
0.378798 -0.041862 0.291010 0 0 0
0.379890 -0.042247 0.290990 0 0 0
0.381462 -0.043816 0.291439 0 0 0
0.382541 -0.044270 0.291381 255 0 0
0.383635 -0.044684 0.291334 255 0 0
0.385272 -0.046136 0.291938 255 0 0
0.386323 -0.046581 0.291880 0 0 0
0.387605 -0.047116 0.291803 0 0 0
0.388878 -0.047594 0.291732 0 0 0
0.390126 -0.048177 0.291649 0 0 0
0.391360 -0.048766 0.291565 255 0 0
0.392620 -0.049299 0.291487 255 0 0
0.393879 -0.049827 0.291410 255 0 0
0.395153 -0.050359 0.291330 255 0 0
0.396306 -0.050793 0.291216 0 0 0
0.397803 -0.050655 0.290504 0 0 0
0.398961 -0.051089 0.290389 0 0 0
0.400237 -0.051620 0.290309 255 0 0
0.401499 -0.052150 0.290232 255 0 0
0.402784 -0.052690 0.290154 0 0 0
0.403841 -0.053137 0.290097 0 0 0
0.405421 -0.054591 0.290706 0 0 0
0.406478 -0.055035 0.290650 255 0 0
0.407761 -0.055573 0.290572 255 0 0
0.409036 -0.056105 0.290492 255 0 0
0.410180 -0.056543 0.290379 255 0 0
0.411697 -0.056468 0.289653 255 0 0
0.412845 -0.056920 0.289537 255 0 0
0.413993 -0.057418 0.289417 0 0 0
0.415521 -0.057349 0.288686 0 0 0
0.416672 -0.057790 0.288576 0 0 0
0.417935 -0.058337 0.288494 0 0 0
0.419191 -0.058983 0.288401 0 0 0
0.420320 -0.059438 0.288292 255 0 0
0.421885 -0.059375 0.287551 255 0 0
0.422899 -0.059782 0.287409 0 0 0
0.424470 -0.059676 0.286670 0 0 0
0.425624 -0.060175 0.286554 0 0 0
0.426786 -0.060630 0.286443 255 0 0
0.428339 -0.060579 0.285700 255 0 0
0.429480 -0.061077 0.285588 255 0 0
0.430768 -0.061679 0.285498 255 0 0
0.431902 -0.062133 0.285393 255 0 0
0.433516 -0.062028 0.284646 0 0 0
0.434520 -0.062488 0.284505 0 0 0
0.436024 -0.062310 0.283729 0 0 0
0.437494 -0.062226 0.282952 0 0 0
0.438536 -0.062609 0.282813 0 0 0
0.440125 -0.062623 0.282054 0 0 0
0.441148 -0.063106 0.281906 0 0 0
0.442652 -0.062993 0.281118 0 0 0
0.444022 -0.062848 0.280305 255 0 0
0.445400 -0.062705 0.279489 255 0 0
0.446783 -0.062564 0.278672 0 0 0
0.448171 -0.062425 0.277856 255 0 0
0.449579 -0.062298 0.277024 255 0 0
0.450870 -0.062233 0.276248 255 0 0
0.452566 -0.061264 0.274633 255 0 0
0.453807 -0.061150 0.273912 255 0 0
0.366611 -0.034395 0.286997 0 0 0
0.368026 -0.036420 0.288396 0 0 0
0.369327 -0.037668 0.289032 255 0 0
0.370724 -0.039151 0.289533 255 0 0
0.371911 -0.039480 0.289606 0 0 0
0.373006 -0.039948 0.289563 0 0 0
0.374606 -0.041439 0.290050 0 0 0
0.375547 -0.041733 0.290126 0 0 0
0.377169 -0.043237 0.290625 0 0 0
0.378098 -0.043527 0.290698 0 0 0
0.379778 -0.044989 0.291318 0 0 0
0.380867 -0.045401 0.291272 0 0 0
0.381940 -0.045852 0.291215 255 0 0
0.383582 -0.047303 0.291820 255 0 0
0.384645 -0.047700 0.291775 0 0 0
0.385947 -0.048246 0.291698 0 0 0
0.386999 -0.048696 0.291640 0 0 0
0.388454 -0.050178 0.292021 255 0 0
0.389759 -0.049921 0.291518 255 0 0
0.390941 -0.050340 0.291395 255 0 0
0.392211 -0.050873 0.291315 255 0 0
0.393468 -0.051401 0.291238 255 0 0
0.394726 -0.051929 0.291161 255 0 0
0.395967 -0.052468 0.291083 0 0 0
0.397213 -0.053051 0.291000 0 0 0
0.398470 -0.053582 0.290923 0 0 0
0.399727 -0.054109 0.290846 255 0 0
0.400985 -0.054637 0.290769 255 0 0
0.402263 -0.055168 0.290693 255 0 0
0.403333 -0.055553 0.290644 255 0 0
0.404923 -0.057006 0.291254 0 0 0
0.405969 -0.057447 0.291199 0 0 0
0.407248 -0.057984 0.291121 0 0 0
0.408518 -0.058514 0.291041 0 0 0
0.409657 -0.058947 0.290931 255 0 0
0.411171 -0.058869 0.290204 255 0 0
0.412328 -0.059315 0.290087 255 0 0
0.413470 -0.059809 0.289967 255 0 0
0.414981 -0.059747 0.289236 255 0 0
0.416139 -0.060189 0.289121 0 0 0
0.417293 -0.060632 0.289007 0 0 0
0.418833 -0.060562 0.288273 0 0 0
0.419976 -0.061015 0.288160 0 0 0
0.421120 -0.061514 0.288041 255 0 0
0.422655 -0.061463 0.287302 255 0 0
0.423788 -0.061961 0.287188 255 0 0
0.425070 -0.062562 0.287098 255 0 0
0.426196 -0.063012 0.286991 255 0 0
0.427780 -0.062955 0.286244 255 0 0
0.428785 -0.063363 0.286106 255 0 0
0.430391 -0.063250 0.285361 255 0 0
0.431538 -0.063712 0.285251 255 0 0
0.432672 -0.064265 0.285133 255 0 0
0.434274 -0.064179 0.284383 255 0 0
0.435269 -0.064641 0.284244 0 0 0
0.436882 -0.064612 0.283483 0 0 0
0.437893 -0.065027 0.283348 0 0 0
0.439386 -0.064907 0.282564 0 0 0
0.440883 -0.064794 0.281778 0 0 0
0.441890 -0.065259 0.281638 0 0 0
0.443397 -0.065148 0.280848 0 0 0
0.444766 -0.065005 0.280034 0 0 0
0.446144 -0.064864 0.279216 255 0 0
0.447532 -0.064724 0.278394 255 0 0
0.448840 -0.064604 0.277616 255 0 0
0.450499 -0.063694 0.275992 255 0 0
0.451799 -0.063643 0.275204 255 0 0
0.453203 -0.063584 0.274358 255 0 0
0.454518 -0.063450 0.273598 255 0 0
0.363550 -0.033587 0.285493 0 0 0
0.364875 -0.034829 0.286142 0 0 0
0.366238 -0.036970 0.287392 0 0 0
0.367637 -0.038067 0.288206 255 0 0
0.369052 -0.039500 0.288720 255 0 0
0.370093 -0.039713 0.288914 0 0 0
0.371627 -0.041321 0.289262 0 0 0
0.372710 -0.041757 0.289236 0 0 0
0.373955 -0.042050 0.289416 0 0 0
0.375466 -0.043623 0.289801 0 0 0
0.376496 -0.043839 0.289992 0 0 0
0.377906 -0.045255 0.290513 0 0 0
0.379290 -0.046665 0.291018 0 0 0
0.380450 -0.047037 0.291082 0 0 0
0.381535 -0.047507 0.291041 0 0 0
0.383109 -0.049011 0.291497 0 0 0
0.384147 -0.049435 0.291457 0 0 0
0.385497 -0.049875 0.291511 255 0 0
0.386767 -0.050404 0.291456 255 0 0
0.388095 -0.050774 0.291512 255 0 0
0.389281 -0.051368 0.291317 255 0 0
0.390539 -0.051973 0.291217 255 0 0
0.391789 -0.052449 0.291145 255 0 0
0.393060 -0.052969 0.291069 255 0 0
0.394314 -0.053494 0.290993 0 0 0
0.395570 -0.054019 0.290916 0 0 0
0.396826 -0.054542 0.290840 0 0 0
0.398081 -0.055068 0.290764 0 0 0
0.399336 -0.055594 0.290687 255 0 0
0.400615 -0.056132 0.290610 255 0 0
0.401661 -0.056573 0.290554 255 0 0
0.403255 -0.058025 0.291166 255 0 0
0.404317 -0.058405 0.291117 0 0 0
0.405591 -0.058934 0.291041 0 0 0
0.406845 -0.059460 0.290965 0 0 0
0.408098 -0.059986 0.290888 0 0 0
0.409333 -0.060526 0.290809 0 0 0
0.410578 -0.061172 0.290718 255 0 0
0.411692 -0.061618 0.290606 255 0 0
0.413228 -0.061487 0.289879 255 0 0
0.414352 -0.061979 0.289763 255 0 0
0.415625 -0.062577 0.289673 255 0 0
0.416741 -0.063021 0.289564 255 0 0
0.418280 -0.062954 0.288828 255 0 0
0.419419 -0.063453 0.288708 255 0 0
0.420552 -0.063903 0.288597 255 0 0
0.422120 -0.063838 0.287853 255 0 0
0.423130 -0.064189 0.287716 255 0 0
0.424706 -0.064127 0.286970 255 0 0
0.425845 -0.064586 0.286859 255 0 0
0.426972 -0.065139 0.286738 0 0 0
0.428540 -0.065041 0.285996 0 0 0
0.429668 -0.065595 0.285875 255 0 0
0.430819 -0.066068 0.285757 255 0 0
0.432400 -0.066009 0.285012 255 0 0
0.433393 -0.066415 0.284879 255 0 0
0.435029 -0.066325 0.284123 255 0 0
0.436018 -0.066782 0.283985 255 0 0
0.437646 -0.066705 0.283227 0 0 0
0.438639 -0.067168 0.283087 0 0 0
0.440132 -0.067054 0.282301 0 0 0
0.441630 -0.066943 0.281513 0 0 0
0.442630 -0.067408 0.281374 0 0 0
0.444149 -0.067309 0.280571 0 0 0
0.445485 -0.067220 0.279761 255 0 0
0.446891 -0.067018 0.278942 255 0 0
0.448192 -0.066897 0.278164 255 0 0
0.449833 -0.066053 0.276522 255 0 0
0.451068 -0.065953 0.275783 255 0 0
0.452748 -0.065053 0.274148 255 0 0
0.453984 -0.064941 0.273425 255 0 0
0.361843 -0.033977 0.284653 255 0 0
0.363183 -0.035174 0.285309 255 0 0
0.364499 -0.036462 0.285957 255 0 0
0.365901 -0.037556 0.286772 0 0 0
0.367450 -0.039824 0.288008 0 0 0
0.368375 -0.040111 0.288079 0 0 0
0.369903 -0.041687 0.288455 0 0 0
0.371145 -0.041977 0.288634 0 0 0
0.372229 -0.042413 0.288608 0 0 0
0.373764 -0.044016 0.288963 0 0 0
0.374789 -0.044228 0.289153 0 0 0
0.376208 -0.045647 0.289678 0 0 0
0.377631 -0.047049 0.290210 255 0 0
0.378642 -0.047271 0.290394 0 0 0
0.380147 -0.048824 0.290776 0 0 0
0.381280 -0.049202 0.290840 0 0 0
0.382654 -0.049657 0.290899 0 0 0
0.383709 -0.050025 0.290881 0 0 0
0.385297 -0.051600 0.291329 255 0 0
0.386122 -0.051958 0.291291 0 0 0
0.387780 -0.053432 0.291892 0 0 0
0.388723 -0.053777 0.291797 0 0 0
0.390021 -0.053581 0.291129 255 0 0
0.391518 -0.055006 0.291675 255 0 0
0.392554 -0.055444 0.291619 255 0 0
0.393829 -0.055980 0.291542 255 0 0
0.395079 -0.056504 0.291466 255 0 0
0.396329 -0.057028 0.291389 255 0 0
0.397580 -0.057553 0.291313 255 0 0
0.398828 -0.058073 0.291238 255 0 0
0.400118 -0.058548 0.291167 255 0 0
0.401175 -0.058979 0.291113 0 0 0
0.402756 -0.060435 0.291726 0 0 0
0.403789 -0.060872 0.291671 255 0 0
0.405062 -0.061407 0.291594 255 0 0
0.406308 -0.061934 0.291517 255 0 0
0.407572 -0.062458 0.291438 255 0 0
0.408699 -0.062885 0.291328 255 0 0
0.410242 -0.062743 0.290603 255 0 0
0.411354 -0.063187 0.290491 255 0 0
0.412612 -0.063838 0.290396 255 0 0
0.413721 -0.064279 0.290286 255 0 0
0.415281 -0.064140 0.289556 255 0 0
0.416410 -0.064592 0.289442 255 0 0
0.417529 -0.065141 0.289320 255 0 0
0.419084 -0.065019 0.288585 255 0 0
0.420200 -0.065467 0.288476 255 0 0
0.421458 -0.066119 0.288380 255 0 0
0.422585 -0.066583 0.288261 255 0 0
0.424125 -0.066574 0.287519 255 0 0
0.425121 -0.066926 0.287384 255 0 0
0.426733 -0.066819 0.286634 255 0 0
0.427713 -0.067269 0.286492 255 0 0
0.429332 -0.067175 0.285740 255 0 0
0.430318 -0.067582 0.285604 255 0 0
0.431897 -0.067529 0.284858 255 0 0
0.433034 -0.068053 0.284733 255 0 0
0.434168 -0.068576 0.284610 255 0 0
0.435759 -0.068526 0.283860 255 0 0
0.436748 -0.068933 0.283729 255 0 0
0.438396 -0.068840 0.282969 0 0 0
0.439395 -0.069252 0.282835 0 0 0
0.440874 -0.069195 0.282043 0 0 0
0.442383 -0.069094 0.281252 0 0 0
0.443293 -0.069566 0.281141 0 0 0
0.445180 -0.068788 0.279581 0 0 0
0.446114 -0.069279 0.279458 255 0 0
0.447528 -0.069251 0.278706 255 0 0
0.449183 -0.068339 0.277072 255 0 0
0.450410 -0.068240 0.276334 255 0 0
0.452059 -0.067406 0.274689 0 0 0
0.453388 -0.067294 0.273902 0 0 0
0.454710 -0.067173 0.273127 0 0 0
0.360116 -0.034373 0.283804 255 0 0
0.361459 -0.035570 0.284461 255 0 0
0.362798 -0.036850 0.285119 0 0 0
0.364129 -0.038043 0.285776 0 0 0
0.365519 -0.040203 0.287169 0 0 0
0.366928 -0.041542 0.287680 0 0 0
0.368102 -0.041925 0.287752 0 0 0
0.369275 -0.042308 0.287822 0 0 0
0.370789 -0.043902 0.288163 0 0 0
0.371869 -0.044336 0.288137 0 0 0
0.373110 -0.044629 0.288318 0 0 0
0.374426 -0.046144 0.288694 0 0 0
0.375969 -0.047484 0.289346 255 0 0
0.376873 -0.047760 0.289425 255 0 0
0.378517 -0.049268 0.289930 0 0 0
0.379418 -0.049541 0.290009 255 0 0
0.381032 -0.051014 0.290523 255 0 0
0.381918 -0.051299 0.290593 255 0 0
0.383493 -0.052836 0.291082 255 0 0
0.384663 -0.053154 0.291164 0 0 0
0.385733 -0.053609 0.291126 0 0 0
0.387372 -0.054984 0.291737 0 0 0
0.388391 -0.055440 0.291686 0 0 0
0.389667 -0.056024 0.291604 0 0 0
0.390930 -0.056489 0.291534 0 0 0
0.392175 -0.057011 0.291458 0 0 0
0.393423 -0.057536 0.291382 255 0 0
0.394670 -0.058060 0.291306 255 0 0
0.395918 -0.058583 0.291230 255 0 0
0.397190 -0.059118 0.291153 255 0 0
0.398224 -0.059559 0.291097 255 0 0
0.399809 -0.061004 0.291705 255 0 0
0.400861 -0.061439 0.291658 255 0 0
0.402146 -0.061911 0.291589 255 0 0
0.403390 -0.062430 0.291513 255 0 0
0.404633 -0.062947 0.291438 255 0 0
0.405896 -0.063409 0.291368 255 0 0
0.407145 -0.063986 0.291287 255 0 0
0.408353 -0.064530 0.291208 255 0 0
0.409604 -0.065113 0.291122 255 0 0
0.410726 -0.065543 0.291013 255 0 0
0.412275 -0.065407 0.290284 255 0 0
0.413371 -0.065904 0.290167 255 0 0
0.414621 -0.066504 0.290077 255 0 0
0.415744 -0.066936 0.289969 255 0 0
0.417293 -0.066812 0.289235 255 0 0
0.418421 -0.067307 0.289117 255 0 0
0.419547 -0.067800 0.289001 255 0 0
0.421125 -0.067689 0.288258 255 0 0
0.422102 -0.068089 0.288118 255 0 0
0.423656 -0.068020 0.287379 255 0 0
0.424796 -0.068492 0.287256 255 0 0
0.425923 -0.069063 0.287124 255 0 0
0.427472 -0.069015 0.286380 255 0 0
0.428452 -0.069415 0.286244 255 0 0
0.430074 -0.069324 0.285489 255 0 0
0.431049 -0.069773 0.285349 255 0 0
0.432678 -0.069685 0.284592 255 0 0
0.433661 -0.070091 0.284459 255 0 0
0.435251 -0.070041 0.283708 255 0 0
0.436372 -0.070561 0.283587 255 0 0
0.437635 -0.071163 0.283497 255 0 0
0.438785 -0.071625 0.283381 255 0 0
0.440251 -0.071558 0.282587 0 0 0
0.441592 -0.071394 0.281783 0 0 0
0.442998 -0.071126 0.280969 0 0 0
0.444325 -0.071037 0.280155 0 0 0
0.445727 -0.070846 0.279325 0 0 0
0.447101 -0.070707 0.278503 0 0 0
0.448437 -0.070704 0.277661 255 0 0
0.449742 -0.070591 0.276876 255 0 0
0.451401 -0.069687 0.275242 0 0 0
0.452722 -0.069575 0.274455 0 0 0
0.454049 -0.069466 0.273667 0 0 0
0.356966 -0.032675 0.281559 255 0 0
0.358391 -0.034769 0.282954 255 0 0
0.359736 -0.035965 0.283613 0 0 0
0.361077 -0.037243 0.284273 255 0 0
0.362399 -0.038499 0.284924 0 0 0
0.363756 -0.040690 0.286183 255 0 0
0.365274 -0.041939 0.286861 0 0 0
0.366274 -0.042160 0.287043 0 0 0
0.367801 -0.043729 0.287423 0 0 0
0.368953 -0.044101 0.287495 0 0 0
0.370333 -0.044563 0.287550 0 0 0
0.371386 -0.044987 0.287514 0 0 0
0.373020 -0.046505 0.287996 0 0 0
0.373922 -0.046795 0.288069 255 0 0
0.375629 -0.048185 0.288711 255 0 0
0.376450 -0.048556 0.288669 255 0 0
0.378179 -0.049966 0.289297 255 0 0
0.378995 -0.050339 0.289256 255 0 0
0.380531 -0.051657 0.289910 255 0 0
0.381941 -0.053091 0.290414 255 0 0
0.382867 -0.053373 0.290504 255 0 0
0.384460 -0.054858 0.290985 0 0 0
0.385289 -0.055227 0.290960 0 0 0
0.386952 -0.056616 0.291572 0 0 0
0.387986 -0.057059 0.291522 0 0 0
0.389257 -0.057589 0.291446 0 0 0
0.390498 -0.058113 0.291370 0 0 0
0.391759 -0.058572 0.291301 0 0 0
0.393020 -0.059087 0.291226 255 0 0
0.394265 -0.059608 0.291150 255 0 0
0.395510 -0.060130 0.291074 255 0 0
0.396780 -0.060662 0.290998 255 0 0
0.397817 -0.061104 0.290950 255 0 0
0.399404 -0.062551 0.291560 255 0 0
0.400427 -0.062985 0.291505 255 0 0
0.401711 -0.063455 0.291435 255 0 0
0.402994 -0.063981 0.291359 255 0 0
0.404021 -0.064416 0.291305 255 0 0
0.405466 -0.065829 0.291860 255 0 0
0.406791 -0.065628 0.291178 255 0 0
0.407925 -0.066054 0.291059 0 0 0
0.409173 -0.066637 0.290974 0 0 0
0.410395 -0.067187 0.290892 255 0 0
0.411501 -0.067672 0.290777 255 0 0
0.413054 -0.067539 0.290045 255 0 0
0.414164 -0.068023 0.289931 255 0 0
0.415388 -0.068571 0.289848 255 0 0
0.416648 -0.069177 0.289746 255 0 0
0.417734 -0.069719 0.289499 255 0 0
0.419289 -0.069549 0.288905 255 0 0
0.420278 -0.069935 0.288766 255 0 0
0.421859 -0.069822 0.288021 255 0 0
0.422985 -0.070316 0.287905 255 0 0
0.424110 -0.070809 0.287788 0 0 0
0.425563 -0.070612 0.287013 0 0 0
0.426980 -0.070523 0.286240 255 0 0
0.428108 -0.071045 0.286110 255 0 0
0.429229 -0.071570 0.285984 255 0 0
0.430807 -0.071514 0.285237 255 0 0
0.431780 -0.071918 0.285103 255 0 0
0.433415 -0.071827 0.284343 255 0 0
0.434384 -0.072281 0.284206 255 0 0
0.436008 -0.072187 0.283449 255 0 0
0.437143 -0.072687 0.283337 255 0 0
0.438269 -0.073143 0.283230 255 0 0
0.439760 -0.073009 0.282443 255 0 0
0.441195 -0.073014 0.281647 255 0 0
0.442206 -0.073454 0.281493 255 0 0
0.443700 -0.073400 0.280689 255 0 0
0.445064 -0.073265 0.279864 0 0 0
0.446340 -0.073138 0.279092 0 0 0
0.448007 -0.072154 0.277460 0 0 0
0.449296 -0.072030 0.276688 0 0 0
0.450662 -0.071966 0.275851 0 0 0
0.452067 -0.071849 0.275009 255 0 0
0.453375 -0.071729 0.274233 255 0 0
0.454952 -0.070921 0.272624 255 0 0
0.356611 -0.035259 0.281956 255 0 0
0.358031 -0.036354 0.282774 255 0 0
0.359357 -0.037637 0.283426 255 0 0
0.360697 -0.038912 0.284087 255 0 0
0.362013 -0.040182 0.284740 255 0 0
0.363414 -0.041341 0.285553 255 0 0
0.364760 -0.042603 0.286215 0 0 0
0.366216 -0.044047 0.286726 0 0 0
0.367156 -0.044344 0.286803 0 0 0
0.368676 -0.045909 0.287170 0 0 0
0.369840 -0.046285 0.287232 0 0 0
0.370925 -0.046753 0.287190 0 0 0
0.372528 -0.048230 0.287683 0 0 0
0.373454 -0.048521 0.287761 255 0 0
0.375099 -0.050047 0.288243 255 0 0
0.375952 -0.050405 0.288217 255 0 0
0.377652 -0.051793 0.288859 255 0 0
0.378540 -0.052078 0.288936 255 0 0
0.380040 -0.053406 0.289592 255 0 0
0.381530 -0.054720 0.290231 255 0 0
0.382356 -0.055092 0.290207 255 0 0
0.384051 -0.056490 0.290821 255 0 0
0.384870 -0.056857 0.290796 255 0 0
0.386535 -0.058240 0.291410 255 0 0
0.387565 -0.058687 0.291361 0 0 0
0.388855 -0.059224 0.291284 0 0 0
0.389894 -0.059596 0.291236 255 0 0
0.391493 -0.061121 0.291848 255 0 0
0.392514 -0.061550 0.291793 255 0 0
0.393780 -0.062082 0.291717 255 0 0
0.395020 -0.062603 0.291641 255 0 0
0.396260 -0.063123 0.291565 255 0 0
0.397514 -0.063630 0.291491 255 0 0
0.398812 -0.064041 0.291427 255 0 0
0.399846 -0.064460 0.291374 255 0 0
0.401408 -0.065987 0.291985 255 0 0
0.402424 -0.066416 0.291931 255 0 0
0.403703 -0.066940 0.291855 255 0 0
0.404941 -0.067406 0.291785 255 0 0
0.406181 -0.067985 0.291701 255 0 0
0.407293 -0.068412 0.291590 255 0 0
0.408832 -0.068272 0.290862 255 0 0
0.409950 -0.068694 0.290751 0 0 0
0.411204 -0.069236 0.290667 0 0 0
0.412294 -0.069775 0.290546 0 0 0
0.413830 -0.069658 0.289812 0 0 0
0.414963 -0.070092 0.289699 0 0 0
0.416093 -0.070572 0.289583 255 0 0
0.417626 -0.070397 0.288994 255 0 0
0.418714 -0.070935 0.288747 255 0 0
0.419969 -0.071495 0.288649 255 0 0
0.421199 -0.072146 0.288557 255 0 0
0.422310 -0.072603 0.288438 255 0 0
0.423865 -0.072541 0.287696 255 0 0
0.424831 -0.072934 0.287555 0 0 0
0.426296 -0.072800 0.286770 0 0 0
0.427766 -0.072662 0.285984 255 0 0
0.428751 -0.073006 0.285850 255 0 0
0.430311 -0.073009 0.285097 255 0 0
0.431450 -0.073479 0.284977 255 0 0
0.432558 -0.074034 0.284858 255 0 0
0.434163 -0.073948 0.284101 255 0 0
0.435125 -0.074404 0.283963 255 0 0
0.436754 -0.074307 0.283204 0 0 0
0.437891 -0.074771 0.283098 255 0 0
0.438921 -0.075329 0.283009 255 0 0
0.440794 -0.074542 0.281444 255 0 0
0.441699 -0.074973 0.281330 255 0 0
0.443170 -0.074903 0.280549 255 0 0
0.444551 -0.074698 0.279732 255 0 0
0.445914 -0.074560 0.278907 255 0 0
0.447257 -0.074497 0.278073 255 0 0
0.448641 -0.074376 0.277234 0 0 0
0.450029 -0.074256 0.276396 0 0 0
0.451378 -0.074183 0.275574 0 0 0
0.452797 -0.073991 0.274747 0 0 0
0.454099 -0.073871 0.273973 0 0 0
0.356298 -0.035858 0.281343 255 0 0
0.357651 -0.038046 0.282587 255 0 0
0.358979 -0.039306 0.283242 255 0 0
0.360334 -0.040505 0.283913 255 0 0
0.361656 -0.041842 0.284577 255 0 0
0.362981 -0.043103 0.285233 255 0 0
0.364304 -0.044367 0.285894 0 0 0
0.365715 -0.045771 0.286409 0 0 0
0.366884 -0.046152 0.286484 0 0 0
0.368052 -0.046530 0.286556 0 0 0
0.369567 -0.048114 0.286898 0 0 0
0.370639 -0.048544 0.286874 0 0 0
0.371876 -0.048834 0.287058 255 0 0
0.373365 -0.050390 0.287444 255 0 0
0.374602 -0.050680 0.287629 255 0 0
0.375638 -0.051111 0.287600 255 0 0
0.377150 -0.052435 0.288247 0 0 0
0.378352 -0.053784 0.288763 0 0 0
0.379636 -0.055029 0.289426 0 0 0
0.381026 -0.056435 0.289936 0 0 0
0.381939 -0.056714 0.290028 0 0 0
0.383640 -0.058107 0.290661 0 0 0
0.384466 -0.058411 0.290644 255 0 0
0.386126 -0.059860 0.291260 0 0 0
0.387184 -0.060247 0.291210 0 0 0
0.388247 -0.060679 0.291155 0 0 0
0.389848 -0.062205 0.291769 255 0 0
0.390879 -0.062572 0.291721 255 0 0
0.392142 -0.063097 0.291645 255 0 0
0.393379 -0.063621 0.291569 255 0 0
0.394617 -0.064141 0.291493 255 0 0
0.395879 -0.064672 0.291417 255 0 0
0.396901 -0.065111 0.291362 255 0 0
0.398410 -0.066671 0.291792 255 0 0
0.399437 -0.067066 0.291770 255 0 0
0.400793 -0.067438 0.291848 255 0 0
0.402034 -0.067954 0.291785 255 0 0
0.403270 -0.068472 0.291710 255 0 0
0.404506 -0.068993 0.291635 255 0 0
0.405744 -0.069509 0.291559 255 0 0
0.406961 -0.070039 0.291483 255 0 0
0.408183 -0.070620 0.291401 0 0 0
0.409433 -0.071148 0.291321 0 0 0
0.410555 -0.071588 0.291199 0 0 0
0.412053 -0.071514 0.290473 0 0 0
0.413158 -0.072000 0.290353 0 0 0
0.414284 -0.072432 0.290241 0 0 0
0.415830 -0.072310 0.289504 0 0 0
0.416929 -0.072793 0.289390 0 0 0
0.418190 -0.073388 0.289300 0 0 0
0.419278 -0.073822 0.289194 255 0 0
0.420878 -0.073697 0.288447 255 0 0
0.421833 -0.074091 0.288308 255 0 0
0.423386 -0.074035 0.287564 255 0 0
0.424499 -0.074555 0.287435 255 0 0
0.425608 -0.075074 0.287308 0 0 0
0.427159 -0.075081 0.286557 0 0 0
0.428132 -0.075422 0.286425 0 0 0
0.429744 -0.075381 0.285662 0 0 0
0.430710 -0.075776 0.285526 255 0 0
0.432328 -0.075692 0.284764 255 0 0
0.433283 -0.076146 0.284625 255 0 0
0.434889 -0.076060 0.283865 255 0 0
0.436009 -0.076633 0.283732 255 0 0
0.437101 -0.077193 0.283486 0 0 0
0.438602 -0.076959 0.282835 255 0 0
0.439912 -0.076845 0.282033 255 0 0
0.441314 -0.076590 0.281204 255 0 0
0.442777 -0.076535 0.280411 255 0 0
0.443774 -0.077026 0.280252 255 0 0
0.445245 -0.076972 0.279458 0 0 0
0.446629 -0.076771 0.278637 255 0 0
0.448014 -0.076649 0.277793 255 0 0
0.449270 -0.076599 0.277011 0 0 0
0.451068 -0.075726 0.275403 0 0 0
0.451997 -0.076155 0.275296 0 0 0
0.453437 -0.076131 0.274540 0 0 0
0.355937 -0.038498 0.281743 0 0 0
0.357262 -0.039699 0.282397 0 0 0
0.358605 -0.040883 0.283062 0 0 0
0.360130 -0.043177 0.284316 0 0 0
0.361063 -0.043416 0.284401 0 0 0
0.362602 -0.044752 0.285058 0 0 0
0.364134 -0.046090 0.285715 0 0 0
0.365064 -0.046382 0.285793 0 0 0
0.366681 -0.047856 0.286290 0 0 0
0.367738 -0.048317 0.286247 0 0 0
0.369110 -0.048773 0.286292 0 0 0
0.370158 -0.049197 0.286257 0 0 0
0.371693 -0.050788 0.286615 0 0 0
0.372709 -0.050999 0.286807 255 0 0
0.374240 -0.052564 0.287191 255 0 0
0.375164 -0.052854 0.287274 255 0 0
0.376668 -0.054180 0.287934 0 0 0
0.377954 -0.055415 0.288599 0 0 0
0.379348 -0.056812 0.289125 0 0 0
0.380372 -0.056965 0.289347 0 0 0
0.381752 -0.058425 0.289873 0 0 0
0.383009 -0.059646 0.290520 0 0 0
0.384482 -0.061035 0.291164 0 0 0
0.385292 -0.061331 0.291143 0 0 0
0.386934 -0.062788 0.291758 255 0 0
0.387968 -0.063214 0.291712 255 0 0
0.389245 -0.063677 0.291643 255 0 0
0.390478 -0.064198 0.291568 255 0 0
0.391711 -0.064713 0.291493 255 0 0
0.392965 -0.065163 0.291424 255 0 0
0.394217 -0.065673 0.291349 255 0 0
0.395452 -0.066188 0.291275 255 0 0
0.396696 -0.066712 0.291212 255 0 0
0.398032 -0.067149 0.291285 255 0 0
0.399044 -0.067553 0.291258 255 0 0
0.400549 -0.069112 0.291691 255 0 0
0.401564 -0.069548 0.291637 255 0 0
0.402823 -0.070076 0.291561 0 0 0
0.404056 -0.070593 0.291486 0 0 0
0.405290 -0.071111 0.291411 0 0 0
0.406524 -0.071627 0.291335 0 0 0
0.407758 -0.072140 0.291260 0 0 0
0.409009 -0.072662 0.291181 0 0 0
0.410103 -0.073087 0.291072 0 0 0
0.411616 -0.073007 0.290344 0 0 0
0.412729 -0.073503 0.290216 0 0 0
0.413942 -0.074049 0.290134 0 0 0
0.415179 -0.074635 0.290049 0 0 0
0.416297 -0.075080 0.289929 0 0 0
0.417834 -0.074993 0.289196 0 0 0
0.418931 -0.075436 0.289083 255 0 0
0.420038 -0.075925 0.288968 255 0 0
0.421619 -0.075825 0.288218 255 0 0
0.422565 -0.076263 0.288074 255 0 0
0.424173 -0.076170 0.287317 0 0 0
0.425125 -0.076558 0.287180 255 0 0
0.426691 -0.076504 0.286432 0 0 0
0.427799 -0.077029 0.286304 0 0 0
0.428905 -0.077548 0.286179 0 0 0
0.430483 -0.077499 0.285427 255 0 0
0.431436 -0.077894 0.285294 255 0 0
0.433071 -0.077803 0.284529 255 0 0
0.434036 -0.078270 0.284378 255 0 0
0.435514 -0.078134 0.283597 255 0 0
0.437008 -0.077900 0.282951 255 0 0
0.437961 -0.078428 0.282675 255 0 0
0.439541 -0.078464 0.281896 255 0 0
0.440518 -0.078883 0.281754 255 0 0
0.442028 -0.078767 0.280954 255 0 0
0.443396 -0.078563 0.280137 0 0 0
0.444866 -0.078511 0.279340 0 0 0
0.445866 -0.079003 0.279178 0 0 0
0.447261 -0.078979 0.278420 0 0 0
0.448920 -0.078005 0.276784 0 0 0
0.450311 -0.078047 0.276016 0 0 0
0.451336 -0.078496 0.275862 0 0 0
0.452848 -0.078460 0.275044 0 0 0
0.454131 -0.078331 0.274281 255 0 0
0.355582 -0.040099 0.281570 0 0 0
0.356890 -0.041275 0.282218 255 0 0
0.358425 -0.043567 0.283489 0 0 0
0.359452 -0.043728 0.283691 0 0 0
0.360897 -0.045142 0.284221 0 0 0
0.362221 -0.046400 0.284885 0 0 0
0.363752 -0.047731 0.285530 0 0 0
0.364594 -0.048111 0.285501 0 0 0
0.366233 -0.049621 0.285971 0 0 0
0.367273 -0.050040 0.285936 0 0 0
0.368620 -0.050490 0.285983 0 0 0
0.369906 -0.051035 0.285927 0 0 0
0.371039 -0.051396 0.285991 0 0 0
0.372647 -0.052873 0.286501 0 0 0
0.373570 -0.053162 0.286582 0 0 0
0.374980 -0.054559 0.287104 0 0 0
0.376269 -0.055801 0.287770 0 0 0
0.377677 -0.057194 0.288304 0 0 0
0.378668 -0.057338 0.288512 0 0 0
0.380324 -0.059680 0.289755 0 0 0
0.381122 -0.059966 0.289734 0 0 0
0.382608 -0.061272 0.290378 0 0 0
0.384084 -0.062579 0.291021 0 0 0
0.384885 -0.062945 0.291000 0 0 0
0.386552 -0.064314 0.291618 0 0 0
0.387567 -0.064754 0.291571 0 0 0
0.388823 -0.065279 0.291495 255 0 0
0.390098 -0.065745 0.291425 255 0 0
0.391124 -0.066162 0.291373 255 0 0
0.392701 -0.067699 0.291988 0 0 0
0.393705 -0.068123 0.291935 255 0 0
0.394962 -0.068652 0.291859 255 0 0
0.396193 -0.069168 0.291784 255 0 0
0.397423 -0.069682 0.291709 255 0 0
0.398671 -0.070187 0.291634 255 0 0
0.399918 -0.070644 0.291565 255 0 0
0.401147 -0.071155 0.291491 255 0 0
0.402378 -0.071672 0.291416 0 0 0
0.403609 -0.072187 0.291341 0 0 0
0.404841 -0.072700 0.291265 0 0 0
0.406072 -0.073219 0.291190 0 0 0
0.407303 -0.073732 0.291115 0 0 0
0.408536 -0.074249 0.291039 0 0 0
0.409763 -0.074781 0.290959 0 0 0
0.410865 -0.075276 0.290832 0 0 0
0.412380 -0.075201 0.290103 0 0 0
0.413475 -0.075624 0.289993 0 0 0
0.414742 -0.076148 0.289910 0 0 0
0.415847 -0.076591 0.289791 0 0 0
0.417344 -0.076565 0.289061 0 0 0
0.418454 -0.077010 0.288941 0 0 0
0.419713 -0.077569 0.288840 0 0 0
0.420771 -0.078164 0.288585 0 0 0
0.422333 -0.078002 0.287986 0 0 0
0.423312 -0.078400 0.287837 0 0 0
0.424888 -0.078353 0.287084 255 0 0
0.425832 -0.078743 0.286948 255 0 0
0.427470 -0.078639 0.286186 255 0 0
0.428416 -0.079032 0.286052 255 0 0
0.429992 -0.078983 0.285299 255 0 0
0.431099 -0.079504 0.285173 255 0 0
0.432205 -0.080022 0.285046 255 0 0
0.433662 -0.079877 0.284269 255 0 0
0.435122 -0.079751 0.283484 255 0 0
0.436088 -0.080214 0.283332 255 0 0
0.437588 -0.080043 0.282539 255 0 0
0.439035 -0.079970 0.281752 255 0 0
0.440164 -0.080512 0.281612 255 0 0
0.441241 -0.081123 0.281360 255 0 0
0.442725 -0.080972 0.280698 255 0 0
0.444089 -0.080826 0.279871 0 0 0
0.445465 -0.080628 0.279045 0 0 0
0.446817 -0.080476 0.278228 0 0 0
0.448146 -0.080403 0.277403 255 0 0
0.449550 -0.080217 0.276564 0 0 0
0.450946 -0.080023 0.275738 0 0 0
0.452323 -0.079885 0.274914 0 0 0
0.453617 -0.079762 0.274136 255 0 0
0.355214 -0.041674 0.281394 255 0 0
0.356745 -0.043964 0.282653 255 0 0
0.357737 -0.044121 0.282848 255 0 0
0.359192 -0.045536 0.283383 0 0 0
0.360523 -0.046791 0.284050 0 0 0
0.361847 -0.048048 0.284718 0 0 0
0.363259 -0.049448 0.285236 0 0 0
0.364399 -0.049817 0.285312 0 0 0
0.365773 -0.050278 0.285369 0 0 0
0.366814 -0.050698 0.285334 0 0 0
0.368423 -0.052194 0.285805 0 0 0
0.369490 -0.052650 0.285754 0 0 0
0.370567 -0.053050 0.285709 0 0 0
0.372258 -0.054503 0.286331 0 0 0
0.373090 -0.054808 0.286306 0 0 0
0.374592 -0.056200 0.286952 0 0 0
0.375989 -0.057591 0.287470 0 0 0
0.376971 -0.057782 0.287669 0 0 0
0.378447 -0.059986 0.288969 0 0 0
0.379913 -0.061206 0.289603 0 0 0
0.380722 -0.061574 0.289583 255 0 0
0.382200 -0.062886 0.290228 255 0 0
0.383677 -0.064187 0.290874 255 0 0
0.384485 -0.064482 0.290860 0 0 0
0.386145 -0.065934 0.291479 255 0 0
0.387175 -0.066373 0.291425 255 0 0
0.388210 -0.066817 0.291369 255 0 0
0.389742 -0.068382 0.291809 255 0 0
0.390752 -0.068771 0.291782 255 0 0
0.392104 -0.069138 0.291860 255 0 0
0.393337 -0.069652 0.291799 255 0 0
0.394566 -0.070166 0.291724 255 0 0
0.395792 -0.070682 0.291649 255 0 0
0.397037 -0.071227 0.291555 255 0 0
0.398181 -0.071819 0.291362 255 0 0
0.399466 -0.072231 0.291410 255 0 0
0.400706 -0.072751 0.291348 255 0 0
0.401933 -0.073263 0.291273 255 0 0
0.403179 -0.073801 0.291180 0 0 0
0.404327 -0.074391 0.290996 0 0 0
0.405620 -0.074833 0.291018 0 0 0
0.406806 -0.075456 0.290818 0 0 0
0.408010 -0.075963 0.290725 255 0 0
0.409259 -0.076481 0.290649 255 0 0
0.410363 -0.076917 0.290538 255 0 0
0.411884 -0.076780 0.289971 255 0 0
0.413013 -0.077212 0.289851 255 0 0
0.414272 -0.077736 0.289767 255 0 0
0.415375 -0.078174 0.289647 0 0 0
0.416872 -0.078150 0.288918 0 0 0
0.417995 -0.078598 0.288794 0 0 0
0.419119 -0.079017 0.288685 0 0 0
0.420678 -0.078840 0.288091 0 0 0
0.421752 -0.079438 0.287833 0 0 0
0.422866 -0.079917 0.287694 0 0 0
0.424386 -0.079902 0.286955 0 0 0
0.425495 -0.080358 0.286834 255 0 0
0.426595 -0.080849 0.286721 255 0 0
0.428200 -0.080754 0.285962 255 0 0
0.429134 -0.081195 0.285823 255 0 0
0.430766 -0.081108 0.285056 255 0 0
0.431708 -0.081502 0.284923 255 0 0
0.433292 -0.081476 0.284161 255 0 0
0.434259 -0.081963 0.283999 255 0 0
0.435849 -0.081934 0.283234 255 0 0
0.436812 -0.082346 0.283090 255 0 0
0.438275 -0.082279 0.282298 255 0 0
0.439672 -0.081995 0.281480 255 0 0
0.441152 -0.081835 0.280824 255 0 0
0.442105 -0.082358 0.280548 255 0 0
0.443565 -0.082305 0.279743 255 0 0
0.444937 -0.082107 0.278918 255 0 0
0.446290 -0.081978 0.278089 0 0 0
0.447778 -0.081937 0.277274 255 0 0
0.448782 -0.082377 0.277122 255 0 0
0.450248 -0.082402 0.276314 0 0 0
0.451651 -0.082208 0.275484 0 0 0
0.452936 -0.082092 0.274705 0 0 0
0.356263 -0.044570 0.282041 255 0 0
0.357485 -0.045925 0.282543 0 0 0
0.358822 -0.047180 0.283213 0 0 0
0.360149 -0.048429 0.283883 0 0 0
0.361688 -0.049765 0.284547 0 0 0
0.362606 -0.050056 0.284627 0 0 0
0.364227 -0.051532 0.285126 0 0 0
0.365294 -0.051990 0.285075 0 0 0
0.366370 -0.052387 0.285030 0 0 0
0.368071 -0.053849 0.285651 0 0 0
0.368886 -0.054198 0.285613 0 0 0
0.370607 -0.055672 0.286234 0 0 0
0.371434 -0.055976 0.286207 0 0 0
0.373016 -0.057505 0.286685 0 0 0
0.374186 -0.057818 0.286786 0 0 0
0.375355 -0.058128 0.286883 0 0 0
0.376698 -0.059495 0.287385 0 0 0
0.378047 -0.061536 0.288817 255 0 0
0.379409 -0.062914 0.289319 255 0 0
0.380310 -0.063190 0.289417 255 0 0
0.381794 -0.064499 0.290082 0 0 0
0.383047 -0.065718 0.290744 0 0 0
0.384374 -0.067166 0.291244 0 0 0
0.385504 -0.067454 0.291342 255 0 0
0.386762 -0.067976 0.291283 255 0 0
0.388000 -0.068495 0.291221 255 0 0
0.389329 -0.068915 0.291286 255 0 0
0.390346 -0.069258 0.291275 255 0 0
0.391883 -0.070813 0.291714 255 0 0
0.392885 -0.071242 0.291660 255 0 0
0.394137 -0.071767 0.291584 255 0 0
0.395379 -0.072285 0.291506 255 0 0
0.396507 -0.072687 0.291386 255 0 0
0.397829 -0.072439 0.290876 255 0 0
0.399237 -0.073895 0.291264 255 0 0
0.400240 -0.074327 0.291211 255 0 0
0.401518 -0.074882 0.291113 255 0 0
0.402605 -0.075410 0.290863 0 0 0
0.403933 -0.075108 0.290474 0 0 0
0.405257 -0.076342 0.290825 0 0 0
0.406597 -0.076113 0.290310 0 0 0
0.407724 -0.076544 0.290194 255 0 0
0.408971 -0.077062 0.290117 255 0 0
0.410174 -0.077575 0.290024 255 0 0
0.411341 -0.078253 0.289801 255 0 0
0.412559 -0.078803 0.289708 255 0 0
0.413816 -0.079343 0.289611 255 0 0
0.414868 -0.079880 0.289369 0 0 0
0.416380 -0.079744 0.288776 0 0 0
0.417507 -0.080175 0.288657 0 0 0
0.418748 -0.080712 0.288573 0 0 0
0.419842 -0.081208 0.288450 0 0 0
0.421408 -0.081142 0.287702 0 0 0
0.422347 -0.081475 0.287570 0 0 0
0.423922 -0.081411 0.286820 0 0 0
0.425022 -0.081915 0.286697 0 0 0
0.426252 -0.082458 0.286612 0 0 0
0.427349 -0.082962 0.286490 0 0 0
0.428921 -0.082916 0.285736 255 0 0
0.429854 -0.083305 0.285602 255 0 0
0.431492 -0.083210 0.284834 255 0 0
0.432436 -0.083599 0.284698 255 0 0
0.433914 -0.083478 0.283901 255 0 0
0.435363 -0.083415 0.283108 255 0 0
0.436335 -0.083847 0.282952 255 0 0
0.437901 -0.083872 0.282188 255 0 0
0.438859 -0.084287 0.282046 255 0 0
0.440363 -0.084171 0.281242 255 0 0
0.441719 -0.083969 0.280419 255 0 0
0.443180 -0.083921 0.279618 255 0 0
0.444158 -0.084407 0.279459 255 0 0
0.445620 -0.084368 0.278661 255 0 0
0.447149 -0.084266 0.277856 255 0 0
0.448033 -0.084679 0.277752 255 0 0
0.449949 -0.083928 0.276162 255 0 0
0.450838 -0.084420 0.276045 255 0 0
0.452354 -0.084404 0.275223 0 0 0
0.453638 -0.084297 0.274442 255 0 0
0.355838 -0.046258 0.281731 255 0 0
0.357144 -0.047564 0.282388 0 0 0
0.358455 -0.048823 0.283048 0 0 0
0.359701 -0.050178 0.283574 0 0 0
0.361247 -0.051485 0.284251 0 0 0
0.362130 -0.051773 0.284326 0 0 0
0.363880 -0.053180 0.284966 0 0 0
0.364698 -0.053538 0.284934 0 0 0
0.366402 -0.055002 0.285557 0 0 0
0.367470 -0.055395 0.285513 0 0 0
0.368529 -0.055846 0.285463 0 0 0
0.370207 -0.057218 0.286087 0 0 0
0.371262 -0.057679 0.286049 0 0 0
0.372433 -0.057986 0.286139 0 0 0
0.373812 -0.059357 0.286643 0 0 0
0.375053 -0.060752 0.287304 0 0 0
0.376335 -0.061973 0.287978 0 0 0
0.377849 -0.063206 0.288653 0 0 0
0.378761 -0.063428 0.288759 0 0 0
0.380156 -0.064804 0.289284 0 0 0
0.381394 -0.066113 0.289950 0 0 0
0.382874 -0.067400 0.290609 0 0 0
0.383776 -0.067612 0.290723 0 0 0
0.385322 -0.069136 0.291199 0 0 0
0.386325 -0.069564 0.291145 0 0 0
0.387601 -0.070101 0.291069 0 0 0
0.388604 -0.070534 0.291016 255 0 0
0.390119 -0.072040 0.291491 255 0 0
0.391234 -0.072321 0.291582 255 0 0
0.392489 -0.072841 0.291522 255 0 0
0.393711 -0.073353 0.291448 255 0 0
0.394949 -0.073891 0.291356 255 0 0
0.396105 -0.074523 0.291147 255 0 0
0.397278 -0.075048 0.291062 255 0 0
0.398602 -0.075410 0.291135 255 0 0
0.399848 -0.075925 0.291070 255 0 0
0.400956 -0.076331 0.290959 255 0 0
0.402480 -0.076158 0.290369 255 0 0
0.403332 -0.076594 0.290166 255 0 0
0.404908 -0.078073 0.290752 255 0 0
0.405893 -0.078554 0.290696 255 0 0
0.407142 -0.079087 0.290619 0 0 0
0.408382 -0.079604 0.290541 0 0 0
0.409470 -0.080017 0.290433 0 0 0
0.411023 -0.079876 0.289693 0 0 0
0.412132 -0.080300 0.289579 0 0 0
0.413237 -0.080774 0.289463 255 0 0
0.414758 -0.080613 0.288866 255 0 0
0.415811 -0.081204 0.288614 255 0 0
0.417047 -0.081755 0.288517 255 0 0
0.418292 -0.082274 0.288438 0 0 0
0.419388 -0.082712 0.288320 0 0 0
0.420897 -0.082698 0.287582 0 0 0
0.421997 -0.083153 0.287459 0 0 0
0.423088 -0.083637 0.287346 0 0 0
0.424684 -0.083519 0.286592 0 0 0
0.425782 -0.084006 0.286479 0 0 0
0.426865 -0.084443 0.286371 0 0 0
0.428438 -0.084382 0.285620 255 0 0
0.429515 -0.084896 0.285498 255 0 0
0.430744 -0.085503 0.285407 255 0 0
0.431858 -0.085945 0.285289 255 0 0
0.433298 -0.085877 0.284487 255 0 0
0.434595 -0.085715 0.283674 255 0 0
0.435962 -0.085433 0.282849 255 0 0
0.437405 -0.085362 0.282057 0 0 0
0.438509 -0.085883 0.281931 255 0 0
0.439609 -0.086404 0.281806 0 0 0
0.441074 -0.086354 0.280997 0 0 0
0.442407 -0.086218 0.280167 255 0 0
0.443762 -0.086002 0.279353 255 0 0
0.445255 -0.085883 0.278554 255 0 0
0.446224 -0.086379 0.278397 255 0 0
0.447724 -0.086265 0.277598 255 0 0
0.449068 -0.086128 0.276778 255 0 0
0.450470 -0.085943 0.275933 255 0 0
0.451829 -0.085807 0.275110 255 0 0
0.453210 -0.085684 0.274268 255 0 0
0.454467 -0.085644 0.273480 255 0 0
0.356794 -0.049220 0.282231 0 0 0
0.358210 -0.050620 0.282754 0 0 0
0.359192 -0.050832 0.282942 0 0 0
0.360742 -0.052136 0.283636 0 0 0
0.361972 -0.053482 0.284160 0 0 0
0.363505 -0.054809 0.284811 0 0 0
0.364322 -0.055175 0.284786 0 0 0
0.366035 -0.056560 0.285412 0 0 0
0.367088 -0.057018 0.285361 0 0 0
0.368143 -0.057476 0.285310 0 0 0
0.369847 -0.058857 0.285935 0 0 0
0.370662 -0.059147 0.285911 0 0 0
0.372137 -0.060617 0.286555 0 0 0
0.373653 -0.061903 0.287207 0 0 0
0.374480 -0.062140 0.287197 0 0 0
0.375965 -0.063525 0.287853 0 0 0
0.377224 -0.064739 0.288508 0 0 0
0.378464 -0.066043 0.289176 0 0 0
0.379967 -0.067332 0.289841 0 0 0
0.380779 -0.067563 0.289834 0 0 0
0.382242 -0.068927 0.290480 0 0 0
0.383677 -0.070287 0.291122 255 0 0
0.384690 -0.070654 0.291083 0 0 0
0.385940 -0.071170 0.291009 0 0 0
0.387165 -0.071682 0.290935 0 0 0
0.388420 -0.072210 0.290875 0 0 0
0.389524 -0.072551 0.290957 0 0 0
0.390962 -0.074110 0.291275 255 0 0
0.391985 -0.074539 0.291227 255 0 0
0.393241 -0.075065 0.291148 255 0 0
0.394363 -0.075489 0.291036 255 0 0
0.395900 -0.075255 0.290614 255 0 0
0.396830 -0.075598 0.290537 255 0 0
0.398289 -0.077183 0.290827 255 0 0
0.399316 -0.077615 0.290779 0 0 0
0.400542 -0.078160 0.290688 0 0 0
0.401714 -0.078696 0.290617 255 0 0
0.403034 -0.079115 0.290698 255 0 0
0.404283 -0.079564 0.290644 255 0 0
0.405504 -0.080063 0.290571 255 0 0
0.406726 -0.080575 0.290497 255 0 0
0.407949 -0.081088 0.290422 0 0 0
0.409149 -0.081614 0.290346 0 0 0
0.410370 -0.082200 0.290261 0 0 0
0.411471 -0.082639 0.290138 0 0 0
0.412991 -0.082579 0.289397 0 0 0
0.413914 -0.082952 0.289255 255 0 0
0.415502 -0.082832 0.288501 255 0 0
0.416577 -0.083309 0.288389 255 0 0
0.417819 -0.083846 0.288305 255 0 0
0.418897 -0.084266 0.288199 0 0 0
0.420443 -0.084195 0.287455 0 0 0
0.421535 -0.084697 0.287331 0 0 0
0.422756 -0.085239 0.287246 0 0 0
0.423844 -0.085742 0.287123 0 0 0
0.425406 -0.085680 0.286374 0 0 0
0.426487 -0.086115 0.286266 0 0 0
0.427577 -0.086600 0.286154 0 0 0
0.429191 -0.086478 0.285396 255 0 0
0.430299 -0.086906 0.285289 255 0 0
0.431398 -0.087416 0.285161 255 0 0
0.432803 -0.087357 0.284372 255 0 0
0.434234 -0.087297 0.283576 255 0 0
0.435179 -0.087708 0.283428 255 0 0
0.436669 -0.087589 0.282625 0 0 0
0.438163 -0.087473 0.281821 0 0 0
0.439112 -0.087888 0.281676 0 0 0
0.440565 -0.087834 0.280874 0 0 0
0.441885 -0.087682 0.280058 0 0 0
0.443382 -0.087578 0.279245 0 0 0
0.444347 -0.087994 0.279101 0 0 0
0.445858 -0.087887 0.278294 255 0 0
0.447329 -0.087846 0.277492 255 0 0
0.448299 -0.088266 0.277350 255 0 0
0.449799 -0.088235 0.276533 255 0 0
0.451158 -0.088114 0.275697 255 0 0
0.452533 -0.087993 0.274854 255 0 0
0.453812 -0.087877 0.274071 255 0 0
0.356556 -0.051025 0.281930 0 0 0
0.357515 -0.051222 0.282111 255 0 0
0.358967 -0.052630 0.282655 0 0 0
0.360290 -0.053878 0.283332 0 0 0
0.361603 -0.055116 0.284006 0 0 0
0.363133 -0.056437 0.284660 0 0 0
0.363944 -0.056801 0.284634 0 0 0
0.365659 -0.058190 0.285261 0 0 0
0.366707 -0.058640 0.285212 0 0 0
0.367772 -0.059025 0.285169 0 0 0
0.369268 -0.060318 0.285821 0 0 0
0.370748 -0.061775 0.286468 0 0 0
0.371567 -0.062002 0.286451 0 0 0
0.373055 -0.063379 0.287096 0 0 0
0.374540 -0.064752 0.287742 0 0 0
0.375358 -0.064982 0.287734 0 0 0
0.376869 -0.066278 0.288401 0 0 0
0.378130 -0.067492 0.289078 0 0 0
0.379360 -0.068790 0.289739 0 0 0
0.380830 -0.070163 0.290385 0 0 0
0.381614 -0.070454 0.290372 0 0 0
0.383290 -0.071806 0.290998 255 0 0
0.384284 -0.072240 0.290952 0 0 0
0.385532 -0.072763 0.290878 0 0 0
0.386754 -0.073275 0.290803 0 0 0
0.387974 -0.073787 0.290729 0 0 0
0.389203 -0.074307 0.290668 255 0 0
0.390502 -0.074722 0.290726 255 0 0
0.391696 -0.075203 0.290672 255 0 0
0.392926 -0.075719 0.290596 255 0 0
0.394124 -0.076227 0.290503 255 0 0
0.395291 -0.076842 0.290300 255 0 0
0.396534 -0.077382 0.290221 0 0 0
0.397831 -0.077796 0.290278 0 0 0
0.399024 -0.078271 0.290226 0 0 0
0.400289 -0.078737 0.290167 0 0 0
0.401333 -0.079151 0.290133 0 0 0
0.402820 -0.080685 0.290570 0 0 0
0.403812 -0.081120 0.290518 0 0 0
0.405056 -0.081644 0.290443 0 0 0
0.406275 -0.082155 0.290369 0 0 0
0.407494 -0.082666 0.290294 0 0 0
0.408714 -0.083176 0.290220 0 0 0
0.409953 -0.083688 0.290142 0 0 0
0.411022 -0.084104 0.290034 0 0 0
0.412545 -0.084029 0.289296 0 0 0
0.413626 -0.084541 0.289163 0 0 0
0.414703 -0.085059 0.289032 0 0 0
0.416235 -0.084990 0.288291 0 0 0
0.417313 -0.085405 0.288183 255 0 0
0.418555 -0.085940 0.288100 255 0 0
0.419621 -0.086416 0.287990 255 0 0
0.421209 -0.086295 0.287236 255 0 0
0.422298 -0.086779 0.287121 0 0 0
0.423370 -0.087212 0.287013 0 0 0
0.424931 -0.087150 0.286263 255 0 0
0.426019 -0.087654 0.286140 255 0 0
0.427224 -0.088190 0.286059 255 0 0
0.428466 -0.088801 0.285955 255 0 0
0.429526 -0.089334 0.285703 255 0 0
0.430978 -0.089084 0.285070 255 0 0
0.432312 -0.088830 0.284260 255 0 0
0.433753 -0.088774 0.283452 255 0 0
0.434844 -0.089294 0.283324 255 0 0
0.435931 -0.089813 0.283198 255 0 0
0.437369 -0.089748 0.282405 255 0 0
0.438743 -0.089462 0.281577 0 0 0
0.440053 -0.089312 0.280759 0 0 0
0.441501 -0.089276 0.279945 255 0 0
0.442603 -0.089854 0.279814 0 0 0
0.443714 -0.090323 0.279696 0 0 0
0.445176 -0.090257 0.278901 0 0 0
0.446694 -0.090141 0.278092 255 0 0
0.447655 -0.090487 0.277965 255 0 0
0.449154 -0.090450 0.277148 255 0 0
0.450508 -0.090328 0.276311 255 0 0
0.451877 -0.090207 0.275466 255 0 0
0.453151 -0.090096 0.274682 255 0 0
0.356062 -0.051674 0.281312 255 0 0
0.357275 -0.053016 0.281823 255 0 0
0.358603 -0.054260 0.282501 255 0 0
0.359922 -0.055503 0.283180 0 0 0
0.361233 -0.056743 0.283856 0 0 0
0.362762 -0.058062 0.284511 0 0 0
0.363568 -0.058429 0.284486 0 0 0
0.365312 -0.059815 0.285116 0 0 0
0.366119 -0.060105 0.285091 0 0 0
0.367603 -0.061573 0.285739 0 0 0
0.369127 -0.062874 0.286391 0 0 0
0.369926 -0.063162 0.286368 0 0 0
0.371646 -0.064612 0.286999 0 0 0
0.372458 -0.064846 0.286989 0 0 0
0.373971 -0.066126 0.287645 0 0 0
0.375187 -0.067529 0.288312 0 0 0
0.376469 -0.068645 0.288987 0 0 0
0.377959 -0.070026 0.289657 0 0 0
0.378751 -0.070241 0.289642 0 0 0
0.380454 -0.071680 0.290272 0 0 0
0.381226 -0.071958 0.290251 0 0 0
0.382894 -0.073409 0.290877 0 0 0
0.383880 -0.073828 0.290825 0 0 0
0.385126 -0.074352 0.290750 0 0 0
0.386345 -0.074863 0.290675 0 0 0
0.387564 -0.075375 0.290601 255 0 0
0.388782 -0.075886 0.290527 255 0 0
0.390000 -0.076402 0.290453 255 0 0
0.391219 -0.076914 0.290378 255 0 0
0.392438 -0.077425 0.290304 255 0 0
0.393657 -0.077936 0.290229 255 0 0
0.394877 -0.078443 0.290154 255 0 0
0.396096 -0.078954 0.290080 255 0 0
0.397340 -0.079481 0.290005 255 0 0
0.398332 -0.079914 0.289953 255 0 0
0.399827 -0.081449 0.290387 0 0 0
0.400866 -0.081867 0.290344 0 0 0
0.402088 -0.082297 0.290308 0 0 0
0.403386 -0.082701 0.290379 0 0 0
0.404612 -0.083217 0.290319 0 0 0
0.405829 -0.083725 0.290245 0 0 0
0.407045 -0.084235 0.290171 0 0 0
0.408262 -0.084746 0.290096 255 0 0
0.409480 -0.085257 0.290022 255 0 0
0.410691 -0.085785 0.289942 0 0 0
0.411770 -0.086279 0.289815 0 0 0
0.413313 -0.086210 0.289070 0 0 0
0.414230 -0.086525 0.288934 0 0 0
0.415781 -0.086457 0.288185 0 0 0
0.416864 -0.086959 0.288059 255 0 0
0.418082 -0.087485 0.287979 255 0 0
0.419302 -0.088011 0.287899 255 0 0
0.420379 -0.088512 0.287775 255 0 0
0.421931 -0.088448 0.287027 255 0 0
0.423002 -0.088880 0.286917 255 0 0
0.424084 -0.089362 0.286805 255 0 0
0.425688 -0.089245 0.286045 255 0 0
0.426771 -0.089729 0.285933 255 0 0
0.427864 -0.090151 0.285827 255 0 0
0.429451 -0.089984 0.285223 255 0 0
0.430503 -0.090536 0.284968 255 0 0
0.431604 -0.091127 0.284816 255 0 0
0.432999 -0.091075 0.284028 255 0 0
0.434515 -0.090876 0.283225 255 0 0
0.435431 -0.091260 0.283093 255 0 0
0.437031 -0.091243 0.282320 255 0 0
0.437972 -0.091737 0.282157 255 0 0
0.439412 -0.091692 0.281355 255 0 0
0.440759 -0.091480 0.280526 255 0 0
0.442272 -0.091355 0.279715 0 0 0
0.443216 -0.091697 0.279590 0 0 0
0.444808 -0.091744 0.278810 0 0 0
0.445902 -0.092329 0.278683 0 0 0
0.447012 -0.092799 0.278566 0 0 0
0.448486 -0.092736 0.277764 0 0 0
0.449862 -0.092537 0.276931 0 0 0
0.451229 -0.092428 0.276075 0 0 0
0.452568 -0.092393 0.275221 0 0 0
0.453829 -0.092264 0.274450 255 0 0
0.355627 -0.053412 0.281010 255 0 0
0.356917 -0.054646 0.281671 255 0 0
0.358238 -0.055884 0.282350 255 0 0
0.359557 -0.057129 0.283032 255 0 0
0.360863 -0.058366 0.283710 255 0 0
0.362395 -0.059676 0.284367 255 0 0
0.363206 -0.059975 0.284350 255 0 0
0.364717 -0.061357 0.284998 0 0 0
0.366224 -0.062736 0.285647 0 0 0
0.367026 -0.063028 0.285630 0 0 0
0.368761 -0.064404 0.286262 0 0 0
0.369558 -0.064700 0.286245 0 0 0
0.371052 -0.066080 0.286896 0 0 0
0.372297 -0.067378 0.287558 0 0 0
0.373838 -0.068597 0.288230 0 0 0
0.374616 -0.068850 0.288215 0 0 0
0.376367 -0.071131 0.289599 0 0 0
0.377113 -0.071383 0.289573 0 0 0
0.378821 -0.072842 0.290202 0 0 0
0.379593 -0.073118 0.290181 0 0 0
0.381145 -0.074633 0.290656 0 0 0
0.382257 -0.074909 0.290757 0 0 0
0.383503 -0.075428 0.290699 0 0 0
0.384721 -0.075937 0.290625 255 0 0
0.385937 -0.076447 0.290551 255 0 0
0.387154 -0.076958 0.290476 255 0 0
0.388371 -0.077468 0.290402 255 0 0
0.389587 -0.077978 0.290328 255 0 0
0.390804 -0.078489 0.290254 255 0 0
0.392020 -0.078999 0.290179 255 0 0
0.393237 -0.079509 0.290105 255 0 0
0.394454 -0.080019 0.290031 255 0 0
0.395671 -0.080530 0.289957 255 0 0
0.396885 -0.081032 0.289884 255 0 0
0.398129 -0.081476 0.289830 255 0 0
0.399448 -0.081888 0.289914 0 0 0
0.400647 -0.082377 0.289858 0 0 0
0.401667 -0.082806 0.289805 0 0 0
0.403157 -0.084346 0.290251 0 0 0
0.404144 -0.084771 0.290199 0 0 0
0.405384 -0.085292 0.290125 0 0 0
0.406598 -0.085801 0.290050 255 0 0
0.407812 -0.086310 0.289976 255 0 0
0.409027 -0.086819 0.289902 255 0 0
0.410261 -0.087333 0.289824 255 0 0
0.411323 -0.087741 0.289716 255 0 0
0.412847 -0.087670 0.288975 255 0 0
0.413922 -0.088189 0.288843 255 0 0
0.414972 -0.088683 0.288727 255 0 0
0.416552 -0.088551 0.287973 0 0 0
0.417612 -0.089032 0.287862 0 0 0
0.418847 -0.089567 0.287778 0 0 0
0.419914 -0.089974 0.287673 255 0 0
0.421466 -0.089908 0.286924 255 0 0
0.422545 -0.090410 0.286800 255 0 0
0.423758 -0.090951 0.286715 0 0 0
0.424833 -0.091452 0.286593 0 0 0
0.426400 -0.091394 0.285839 0 0 0
0.427449 -0.091824 0.285734 0 0 0
0.428693 -0.092410 0.285646 0 0 0
0.429787 -0.092846 0.285528 255 0 0
0.431230 -0.092689 0.284743 255 0 0
0.432673 -0.092562 0.283950 255 0 0
0.433606 -0.093053 0.283785 255 0 0
0.435199 -0.093036 0.283011 255 0 0
0.436108 -0.093418 0.282881 255 0 0
0.437633 -0.093223 0.282075 255 0 0
0.439068 -0.093179 0.281275 255 0 0
0.440007 -0.093669 0.281114 255 0 0
0.441602 -0.093728 0.280331 255 0 0
0.442537 -0.094061 0.280206 255 0 0
0.444050 -0.093944 0.279396 0 0 0
0.445569 -0.093824 0.278585 0 0 0
0.446508 -0.094166 0.278462 0 0 0
0.448126 -0.094225 0.277673 0 0 0
0.449075 -0.094724 0.277514 0 0 0
0.450461 -0.094704 0.276756 0 0 0
0.452144 -0.093745 0.275070 0 0 0
0.453321 -0.093647 0.274339 255 0 0
0.355192 -0.055151 0.280697 0 0 0
0.356579 -0.056267 0.281531 0 0 0
0.357794 -0.057611 0.282053 0 0 0
0.359214 -0.058741 0.282897 0 0 0
0.360500 -0.059988 0.283568 0 0 0
0.361804 -0.061209 0.284239 0 0 0
0.363218 -0.062671 0.284765 0 0 0
0.364118 -0.062892 0.284866 0 0 0
0.365861 -0.064276 0.285517 0 0 0
0.366648 -0.064636 0.285495 0 0 0
0.368156 -0.065932 0.286142 0 0 0
0.369652 -0.067309 0.286803 0 0 0
0.370459 -0.067536 0.286796 0 0 0
0.371955 -0.068802 0.287455 0 0 0
0.373362 -0.071080 0.288709 0 0 0
0.374221 -0.071324 0.288817 0 0 0
0.375969 -0.072628 0.289474 0 0 0
0.376730 -0.072977 0.289456 0 0 0
0.378418 -0.074334 0.290085 0 0 0
0.379433 -0.074779 0.290055 0 0 0
0.380572 -0.075064 0.290157 0 0 0
0.382093 -0.076577 0.290631 0 0 0
0.383076 -0.076998 0.290579 0 0 0
0.384317 -0.077519 0.290504 255 0 0
0.385532 -0.078028 0.290430 255 0 0
0.386746 -0.078537 0.290356 255 0 0
0.387960 -0.079047 0.290282 0 0 0
0.389174 -0.079556 0.290207 0 0 0
0.390389 -0.080065 0.290133 0 0 0
0.391603 -0.080574 0.290059 0 0 0
0.392817 -0.081084 0.289985 255 0 0
0.394031 -0.081593 0.289911 255 0 0
0.395272 -0.082115 0.289836 255 0 0
0.396253 -0.082533 0.289785 255 0 0
0.397838 -0.083964 0.290411 255 0 0
0.398822 -0.084385 0.290369 255 0 0
0.400058 -0.084908 0.290296 255 0 0
0.401287 -0.085408 0.290223 255 0 0
0.402518 -0.085845 0.290155 0 0 0
0.403728 -0.086346 0.290082 255 0 0
0.404939 -0.086860 0.290007 255 0 0
0.406150 -0.087370 0.289933 255 0 0
0.407361 -0.087879 0.289859 255 0 0
0.408573 -0.088387 0.289785 255 0 0
0.409787 -0.088896 0.289711 255 0 0
0.410995 -0.089422 0.289632 0 0 0
0.412049 -0.089888 0.289521 255 0 0
0.413622 -0.089749 0.288769 255 0 0
0.414687 -0.090178 0.288657 255 0 0
0.415745 -0.090730 0.288536 0 0 0
0.417304 -0.090609 0.287781 0 0 0
0.418378 -0.091026 0.287674 0 0 0
0.419594 -0.091634 0.287585 0 0 0
0.420625 -0.092122 0.287475 255 0 0
0.422225 -0.091995 0.286715 255 0 0
0.423300 -0.092482 0.286601 0 0 0
0.424358 -0.092912 0.286494 0 0 0
0.425928 -0.092838 0.285739 0 0 0
0.427019 -0.093277 0.285622 0 0 0
0.428257 -0.093864 0.285534 0 0 0
0.429315 -0.094313 0.285418 0 0 0
0.430857 -0.094338 0.284658 0 0 0
0.431773 -0.094735 0.284513 255 0 0
0.433281 -0.094532 0.283708 255 0 0
0.434705 -0.094471 0.282915 255 0 0
0.435783 -0.094991 0.282787 255 0 0
0.436857 -0.095510 0.282661 255 0 0
0.438309 -0.095462 0.281847 0 0 0
0.439636 -0.095234 0.281031 0 0 0
0.441114 -0.095097 0.280232 255 0 0
0.442196 -0.095623 0.280108 255 0 0
0.443274 -0.096146 0.279987 255 0 0
0.444886 -0.096190 0.279204 255 0 0
0.445814 -0.096528 0.279082 0 0 0
0.447341 -0.096408 0.278266 0 0 0
0.448706 -0.096208 0.277433 0 0 0
0.450189 -0.096184 0.276621 0 0 0
0.451038 -0.096677 0.276503 0 0 0
0.452832 -0.095924 0.274831 0 0 0
0.454001 -0.095821 0.274104 0 0 0
0.354878 -0.055769 0.280106 0 0 0
0.356371 -0.058075 0.281251 0 0 0
0.357259 -0.058249 0.281424 0 0 0
0.358792 -0.060482 0.282609 0 0 0
0.360161 -0.061594 0.283438 0 0 0
0.361566 -0.062994 0.283974 0 0 0
0.362559 -0.063187 0.284186 0 0 0
0.363967 -0.064577 0.284723 0 0 0
0.365489 -0.065883 0.285381 0 0 0
0.366275 -0.066240 0.285362 0 0 0
0.367785 -0.067548 0.286022 0 0 0
0.369059 -0.068751 0.286695 0 0 0
0.370313 -0.070062 0.287372 0 0 0
0.371712 -0.071418 0.287913 0 0 0
0.372731 -0.071492 0.288175 0 0 0
0.374096 -0.072926 0.288705 0 0 0
0.375582 -0.074220 0.289351 0 0 0
0.376344 -0.074569 0.289334 0 0 0
0.377945 -0.076028 0.289823 0 0 0
0.378793 -0.076271 0.289919 0 0 0
0.380470 -0.077719 0.290569 0 0 0
0.381466 -0.078076 0.290533 0 0 0
0.382703 -0.078588 0.290460 0 0 0
0.383916 -0.079097 0.290386 255 0 0
0.385128 -0.079605 0.290312 255 0 0
0.386340 -0.080114 0.290238 255 0 0
0.387551 -0.080622 0.290164 255 0 0
0.388763 -0.081130 0.290090 255 0 0
0.389975 -0.081638 0.290016 255 0 0
0.391187 -0.082147 0.289942 255 0 0
0.392399 -0.082655 0.289868 255 0 0
0.393611 -0.083163 0.289794 0 0 0
0.394848 -0.083681 0.289721 255 0 0
0.395840 -0.084112 0.289678 255 0 0
0.397369 -0.085570 0.290128 255 0 0
0.398341 -0.085956 0.290105 255 0 0
0.399655 -0.086374 0.290175 0 0 0
0.400872 -0.086888 0.290115 0 0 0
0.402081 -0.087400 0.290042 0 0 0
0.403288 -0.087899 0.289969 0 0 0
0.404518 -0.088333 0.289901 0 0 0
0.405746 -0.088831 0.289827 0 0 0
0.406954 -0.089337 0.289754 0 0 0
0.408163 -0.089844 0.289680 0 0 0
0.409373 -0.090351 0.289606 0 0 0
0.410585 -0.090864 0.289532 0 0 0
0.411757 -0.091452 0.289452 0 0 0
0.412947 -0.092052 0.289367 255 0 0
0.414011 -0.092463 0.289260 255 0 0
0.415566 -0.092340 0.288505 255 0 0
0.416621 -0.092894 0.288384 0 0 0
0.417676 -0.093327 0.288274 0 0 0
0.419273 -0.093179 0.287516 0 0 0
0.420335 -0.093609 0.287405 0 0 0
0.421386 -0.094163 0.287287 0 0 0
0.422967 -0.094046 0.286525 0 0 0
0.424014 -0.094474 0.286419 0 0 0
0.425234 -0.095140 0.286325 0 0 0
0.426292 -0.095585 0.286208 0 0 0
0.427888 -0.095524 0.285445 0 0 0
0.428785 -0.095842 0.285319 255 0 0
0.430392 -0.095786 0.284552 255 0 0
0.431459 -0.096298 0.284427 255 0 0
0.432525 -0.096817 0.284299 255 0 0
0.433945 -0.096753 0.283507 255 0 0
0.435459 -0.096558 0.282697 255 0 0
0.436376 -0.096959 0.282551 255 0 0
0.437809 -0.096917 0.281747 255 0 0
0.439248 -0.096876 0.280939 255 0 0
0.440166 -0.097281 0.280799 0 0 0
0.441863 -0.097190 0.280009 255 0 0
0.442765 -0.097578 0.279886 255 0 0
0.444395 -0.097542 0.279107 255 0 0
0.445489 -0.098008 0.278991 255 0 0
0.446570 -0.098588 0.278863 0 0 0
0.448016 -0.098556 0.278057 0 0 0
0.449385 -0.098354 0.277218 0 0 0
0.450761 -0.098153 0.276376 0 0 0
0.452078 -0.098105 0.275534 0 0 0
0.453353 -0.098010 0.274731 0 0 0
0.355872 -0.058717 0.280645 255 0 0
0.357048 -0.060050 0.281148 255 0 0
0.358426 -0.061163 0.281981 255 0 0
0.359945 -0.063390 0.283165 0 0 0
0.360872 -0.063574 0.283356 0 0 0
0.362306 -0.064965 0.283907 0 0 0
0.363604 -0.066185 0.284589 0 0 0
0.365023 -0.067569 0.285122 0 0 0
0.365897 -0.067845 0.285213 0 0 0
0.367409 -0.069147 0.285893 0 0 0
0.368685 -0.070361 0.286579 0 0 0
0.370196 -0.071652 0.287261 0 0 0
0.371057 -0.071848 0.287370 0 0 0
0.372616 -0.074250 0.288467 0 0 0
0.373471 -0.074435 0.288578 0 0 0
0.375172 -0.075796 0.289232 0 0 0
0.376185 -0.076230 0.289203 0 0 0
0.377320 -0.076516 0.289300 0 0 0
0.378651 -0.077958 0.289815 0 0 0
0.379991 -0.079303 0.290324 0 0 0
0.381066 -0.079638 0.290403 0 0 0
0.382307 -0.080166 0.290345 0 0 0
0.383516 -0.080672 0.290272 0 0 0
0.384725 -0.081179 0.290198 255 0 0
0.385935 -0.081686 0.290124 255 0 0
0.387144 -0.082194 0.290051 255 0 0
0.388354 -0.082701 0.289977 255 0 0
0.389563 -0.083208 0.289903 255 0 0
0.390772 -0.083715 0.289829 255 0 0
0.391982 -0.084223 0.289755 255 0 0
0.393191 -0.084730 0.289681 0 0 0
0.394402 -0.085236 0.289608 0 0 0
0.395616 -0.085741 0.289550 255 0 0
0.396949 -0.086102 0.289626 255 0 0
0.397938 -0.086475 0.289611 255 0 0
0.399436 -0.088020 0.290057 255 0 0
0.400412 -0.088439 0.290006 255 0 0
0.401671 -0.088969 0.289931 0 0 0
0.402649 -0.089391 0.289881 0 0 0
0.404096 -0.090890 0.290348 0 0 0
0.405177 -0.091227 0.290453 0 0 0
0.406415 -0.091749 0.290397 0 0 0
0.407620 -0.092252 0.290324 0 0 0
0.408841 -0.092762 0.290246 0 0 0
0.409916 -0.093186 0.290123 0 0 0
0.411438 -0.093106 0.289381 255 0 0
0.412491 -0.093510 0.289273 255 0 0
0.413712 -0.094042 0.289189 255 0 0
0.414754 -0.094511 0.289079 255 0 0
0.416341 -0.094367 0.288322 255 0 0
0.417377 -0.094792 0.288215 255 0 0
0.418593 -0.095464 0.288122 255 0 0
0.419627 -0.095884 0.288016 0 0 0
0.421206 -0.095763 0.287254 0 0 0
0.422255 -0.096320 0.287135 0 0 0
0.423307 -0.096754 0.287027 0 0 0
0.424942 -0.096618 0.286256 0 0 0
0.425824 -0.096995 0.286123 0 0 0
0.427396 -0.096961 0.285358 0 0 0
0.428457 -0.097483 0.285230 0 0 0
0.429514 -0.097995 0.285105 0 0 0
0.431119 -0.097945 0.284336 255 0 0
0.432030 -0.098279 0.284199 255 0 0
0.433599 -0.098307 0.283429 255 0 0
0.434521 -0.098728 0.283272 255 0 0
0.435995 -0.098598 0.282469 255 0 0
0.437312 -0.098365 0.281650 255 0 0
0.438764 -0.098322 0.280831 255 0 0
0.439838 -0.098844 0.280705 255 0 0
0.440902 -0.099370 0.280583 0 0 0
0.442509 -0.099336 0.279809 0 0 0
0.443577 -0.099823 0.279701 255 0 0
0.444691 -0.100273 0.279585 255 0 0
0.446177 -0.100134 0.278786 255 0 0
0.447666 -0.100028 0.277979 255 0 0
0.448590 -0.100524 0.277822 0 0 0
0.450059 -0.100498 0.277007 255 0 0
0.451432 -0.100300 0.276166 255 0 0
0.452805 -0.100198 0.275296 255 0 0
0.454016 -0.100163 0.274517 255 0 0
0.355458 -0.060362 0.280363 255 0 0
0.356740 -0.061652 0.281033 255 0 0
0.358004 -0.062900 0.281698 255 0 0
0.359421 -0.064018 0.282551 255 0 0
0.360639 -0.065344 0.283086 255 0 0
0.361945 -0.066565 0.283772 255 0 0
0.363364 -0.067950 0.284322 0 0 0
0.364340 -0.068148 0.284530 0 0 0
0.365768 -0.069440 0.285086 0 0 0
0.367038 -0.070757 0.285779 0 0 0
0.368312 -0.071956 0.286457 0 0 0
0.369575 -0.073159 0.287134 0 0 0
0.371075 -0.074530 0.287824 0 0 0
0.371968 -0.074669 0.287950 0 0 0
0.373328 -0.076105 0.288467 0 0 0
0.374817 -0.077391 0.289116 0 0 0
0.375563 -0.077726 0.289092 0 0 0
0.377121 -0.079246 0.289570 0 0 0
0.378256 -0.079529 0.289689 0 0 0
0.379365 -0.079877 0.289784 0 0 0
0.380804 -0.081386 0.290139 0 0 0
0.381880 -0.081717 0.290218 0 0 0
0.383120 -0.082239 0.290160 0 0 0
0.384327 -0.082743 0.290087 255 0 0
0.385534 -0.083251 0.290013 255 0 0
0.386740 -0.083761 0.289940 255 0 0
0.387946 -0.084268 0.289867 0 0 0
0.389153 -0.084774 0.289793 255 0 0
0.390360 -0.085281 0.289719 255 0 0
0.391565 -0.085793 0.289645 255 0 0
0.392771 -0.086301 0.289571 255 0 0
0.394005 -0.086820 0.289497 255 0 0
0.394974 -0.087236 0.289447 255 0 0
0.396560 -0.088660 0.290078 255 0 0
0.397552 -0.089067 0.290039 255 0 0
0.398804 -0.089509 0.289971 255 0 0
0.400007 -0.090006 0.289898 255 0 0
0.401213 -0.090510 0.289826 255 0 0
0.402450 -0.091020 0.289770 255 0 0
0.403555 -0.091287 0.289880 0 0 0
0.405016 -0.092765 0.290351 0 0 0
0.405987 -0.093184 0.290301 0 0 0
0.407215 -0.093700 0.290227 0 0 0
0.408438 -0.094210 0.290149 0 0 0
0.409479 -0.094616 0.290041 0 0 0
0.410999 -0.094536 0.289298 0 0 0
0.412075 -0.094960 0.289175 255 0 0
0.413299 -0.095476 0.289096 255 0 0
0.414465 -0.096064 0.289016 255 0 0
0.415648 -0.096665 0.288932 255 0 0
0.416702 -0.097074 0.288827 255 0 0
0.418295 -0.096932 0.288066 255 0 0
0.419329 -0.097431 0.287951 255 0 0
0.420359 -0.097929 0.287838 0 0 0
0.421969 -0.097783 0.287074 0 0 0
0.423017 -0.098215 0.286964 0 0 0
0.424078 -0.098791 0.286831 0 0 0
0.425622 -0.098771 0.286067 0 0 0
0.426498 -0.099142 0.285934 255 0 0
0.428162 -0.099035 0.285152 255 0 0
0.429039 -0.099409 0.285021 255 0 0
0.430642 -0.099385 0.284245 255 0 0
0.431538 -0.099789 0.284102 255 0 0
0.433151 -0.099757 0.283323 255 0 0
0.434049 -0.100157 0.283181 255 0 0
0.435642 -0.100147 0.282400 255 0 0
0.436558 -0.100629 0.282237 255 0 0
0.437980 -0.100599 0.281433 255 0 0
0.439513 -0.100392 0.280619 255 0 0
0.440422 -0.100713 0.280495 255 0 0
0.442023 -0.100761 0.279711 255 0 0
0.443112 -0.101274 0.279590 255 0 0
0.444186 -0.101732 0.279475 255 0 0
0.445781 -0.101771 0.278697 255 0 0
0.446688 -0.102179 0.278562 255 0 0
0.448242 -0.101987 0.277745 255 0 0
0.449706 -0.101963 0.276932 255 0 0
0.450633 -0.102463 0.276771 255 0 0
0.452027 -0.102467 0.275992 255 0 0
0.453610 -0.101502 0.274366 255 0 0
0.356402 -0.063283 0.280908 0 0 0
0.357667 -0.064499 0.281574 0 0 0
0.358977 -0.065730 0.282267 0 0 0
0.360283 -0.066946 0.282955 0 0 0
0.361706 -0.068330 0.283505 0 0 0
0.362679 -0.068525 0.283714 0 0 0
0.364094 -0.069805 0.284263 255 0 0
0.365573 -0.072050 0.285552 255 0 0
0.366439 -0.072184 0.285661 255 0 0
0.367947 -0.073559 0.286352 255 0 0
0.369211 -0.074758 0.287030 255 0 0
0.370470 -0.075948 0.287709 255 0 0
0.371958 -0.077329 0.288378 0 0 0
0.372716 -0.077604 0.288368 0 0 0
0.374412 -0.078956 0.289005 0 0 0
0.375416 -0.079389 0.288977 0 0 0
0.376547 -0.079667 0.289081 0 0 0
0.378076 -0.081171 0.289560 0 0 0
0.379078 -0.081610 0.289524 0 0 0
0.380182 -0.081954 0.289603 0 0 0
0.381640 -0.083499 0.289928 0 0 0
0.382636 -0.083922 0.289875 0 0 0
0.383866 -0.084446 0.289794 255 0 0
0.385036 -0.084916 0.289744 0 0 0
0.386327 -0.085322 0.289818 255 0 0
0.387539 -0.085834 0.289759 255 0 0
0.388745 -0.086338 0.289686 255 0 0
0.389947 -0.086835 0.289614 255 0 0
0.391171 -0.087265 0.289546 255 0 0
0.392397 -0.087759 0.289473 255 0 0
0.393628 -0.088274 0.289400 255 0 0
0.394601 -0.088690 0.289360 255 0 0
0.396187 -0.090118 0.289993 255 0 0
0.397147 -0.090531 0.289943 0 0 0
0.398376 -0.091054 0.289868 255 0 0
0.399578 -0.091559 0.289795 255 0 0
0.400807 -0.092075 0.289721 255 0 0
0.401776 -0.092500 0.289671 255 0 0
0.403238 -0.093978 0.290141 255 0 0
0.404336 -0.094242 0.290253 255 0 0
0.405568 -0.094750 0.290198 0 0 0
0.406769 -0.095252 0.290126 0 0 0
0.407971 -0.095756 0.290052 0 0 0
0.409148 -0.096273 0.289978 0 0 0
0.410332 -0.096849 0.289900 0 0 0
0.411548 -0.097365 0.289821 0 0 0
0.412614 -0.097786 0.289699 0 0 0
0.414146 -0.097709 0.288952 0 0 0
0.415189 -0.098110 0.288845 255 0 0
0.416406 -0.098641 0.288762 255 0 0
0.417436 -0.099116 0.288653 255 0 0
0.419035 -0.098971 0.287890 255 0 0
0.420062 -0.099388 0.287784 255 0 0
0.421271 -0.100057 0.287691 0 0 0
0.422316 -0.100500 0.287569 0 0 0
0.423733 -0.100337 0.286782 0 0 0
0.425156 -0.100180 0.285991 0 0 0
0.426210 -0.100691 0.285861 255 0 0
0.427256 -0.101209 0.285734 255 0 0
0.428839 -0.101173 0.284965 255 0 0
0.429709 -0.101547 0.284834 255 0 0
0.431360 -0.101465 0.284047 255 0 0
0.432227 -0.101901 0.283913 255 0 0
0.433860 -0.101838 0.283124 255 0 0
0.434748 -0.102302 0.282974 255 0 0
0.436201 -0.102179 0.282172 255 0 0
0.437642 -0.102039 0.281374 255 0 0
0.438725 -0.102558 0.281247 255 0 0
0.439807 -0.103073 0.281121 255 0 0
0.441223 -0.103032 0.280321 255 0 0
0.442764 -0.102829 0.279504 255 0 0
0.443667 -0.103155 0.279382 255 0 0
0.445284 -0.103194 0.278594 255 0 0
0.446369 -0.103652 0.278479 255 0 0
0.447435 -0.104240 0.278350 255 0 0
0.448879 -0.104207 0.277541 255 0 0
0.450277 -0.103920 0.276700 0 0 0
0.451621 -0.103800 0.275851 0 0 0
0.452899 -0.103849 0.274998 0 0 0
0.454197 -0.103672 0.274195 255 0 0
0.356045 -0.064892 0.280777 0 0 0
0.357311 -0.066106 0.281446 0 0 0
0.358621 -0.067327 0.282137 0 0 0
0.360047 -0.068710 0.282690 0 0 0
0.361020 -0.068905 0.282898 0 0 0
0.362420 -0.070266 0.283441 0 0 0
0.363964 -0.072439 0.284764 255 0 0
0.364863 -0.072540 0.284975 255 0 0
0.366517 -0.074867 0.286131 255 0 0
0.367324 -0.075053 0.286228 255 0 0
0.368840 -0.076343 0.286918 255 0 0
0.370103 -0.077551 0.287607 255 0 0
0.371491 -0.078910 0.288141 255 0 0
0.372332 -0.079167 0.288239 0 0 0
0.374059 -0.080542 0.288894 0 0 0
0.374795 -0.080873 0.288872 0 0 0
0.376393 -0.082436 0.289327 0 0 0
0.377371 -0.082750 0.289324 0 0 0
0.378678 -0.083166 0.289387 255 0 0
0.379896 -0.083690 0.289342 255 0 0
0.381182 -0.084089 0.289406 255 0 0
0.382373 -0.084493 0.289374 0 0 0
0.383624 -0.085006 0.289299 0 0 0
0.384620 -0.085415 0.289257 0 0 0
0.386142 -0.086966 0.289709 0 0 0
0.387108 -0.087380 0.289658 0 0 0
0.388364 -0.087909 0.289583 0 0 0
0.389331 -0.088331 0.289532 255 0 0
0.390805 -0.089835 0.290000 255 0 0
0.391880 -0.090166 0.290108 255 0 0
0.393112 -0.090688 0.290054 255 0 0
0.394333 -0.091178 0.289982 255 0 0
0.395553 -0.091605 0.289914 255 0 0
0.396750 -0.092100 0.289842 0 0 0
0.397951 -0.092604 0.289768 255 0 0
0.399150 -0.093115 0.289694 255 0 0
0.400345 -0.093609 0.289623 255 0 0
0.401603 -0.094043 0.289573 255 0 0
0.402700 -0.094367 0.289682 255 0 0
0.404141 -0.095862 0.290151 255 0 0
0.405104 -0.096278 0.290102 255 0 0
0.406328 -0.096793 0.290028 0 0 0
0.407526 -0.097296 0.289955 0 0 0
0.408723 -0.097802 0.289882 0 0 0
0.409921 -0.098301 0.289809 0 0 0
0.411138 -0.098808 0.289731 0 0 0
0.412171 -0.099210 0.289625 0 0 0
0.413704 -0.099126 0.288877 0 0 0
0.414771 -0.099547 0.288755 255 0 0
0.415990 -0.100053 0.288676 255 0 0
0.417165 -0.100574 0.288601 255 0 0
0.418349 -0.101245 0.288513 255 0 0
0.419384 -0.101683 0.288393 255 0 0
0.420965 -0.101608 0.287631 255 0 0
0.421833 -0.101912 0.287501 0 0 0
0.423409 -0.101881 0.286729 0 0 0
0.424308 -0.102357 0.286560 0 0 0
0.425888 -0.102329 0.285785 0 0 0
0.426778 -0.102653 0.285645 0 0 0
0.428337 -0.102661 0.284881 255 0 0
0.429405 -0.103130 0.284742 255 0 0
0.430435 -0.103730 0.284476 0 0 0
0.432026 -0.103595 0.283862 0 0 0
0.432921 -0.103958 0.283732 0 0 0
0.434436 -0.103751 0.282917 0 0 0
0.435834 -0.103716 0.282117 0 0 0
0.436896 -0.104297 0.281984 255 0 0
0.437964 -0.104754 0.281863 255 0 0
0.439432 -0.104601 0.281064 255 0 0
0.440881 -0.104465 0.280264 255 0 0
0.441962 -0.104985 0.280138 0 0 0
0.443038 -0.105502 0.280016 0 0 0
0.444628 -0.105561 0.279228 255 0 0
0.445525 -0.105881 0.279108 255 0 0
0.447080 -0.105682 0.278288 255 0 0
0.448536 -0.105659 0.277474 255 0 0
0.449451 -0.106151 0.277312 255 0 0
0.450838 -0.106159 0.276532 255 0 0
0.452649 -0.105334 0.274874 0 0 0
0.453356 -0.105785 0.274809 255 0 0
0.355691 -0.066498 0.280650 0 0 0
0.356957 -0.067712 0.281319 0 0 0
0.358379 -0.069095 0.281866 0 0 0
0.359360 -0.069289 0.282080 0 0 0
0.360783 -0.070665 0.282636 0 0 0
0.362050 -0.071893 0.283316 0 0 0
0.363456 -0.072985 0.284191 0 0 0
0.364615 -0.074309 0.284707 0 0 0
0.366019 -0.075408 0.285584 0 0 0
0.367193 -0.076711 0.286110 0 0 0
0.368464 -0.077920 0.286804 0 0 0
0.369967 -0.079210 0.287492 0 0 0
0.370812 -0.079466 0.287593 0 0 0
0.372196 -0.080828 0.288124 0 0 0
0.373550 -0.082184 0.288651 0 0 0
0.374626 -0.082521 0.288746 255 0 0
0.375971 -0.082960 0.288831 255 0 0
0.376926 -0.083340 0.288805 255 0 0
0.378505 -0.084806 0.289267 255 0 0
0.379501 -0.085245 0.289224 0 0 0
0.380491 -0.085673 0.289174 0 0 0
0.382033 -0.087231 0.289618 0 0 0
0.382978 -0.087601 0.289595 0 0 0
0.384309 -0.088020 0.289681 0 0 0
0.385534 -0.088455 0.289629 0 0 0
0.386732 -0.088949 0.289557 0 0 0
0.387931 -0.089443 0.289485 255 0 0
0.389184 -0.089886 0.289435 255 0 0
0.390283 -0.090207 0.289546 255 0 0
0.391753 -0.091706 0.290015 255 0 0
0.392713 -0.092121 0.289965 255 0 0
0.393936 -0.092637 0.289891 255 0 0
0.395132 -0.093145 0.289818 255 0 0
0.396331 -0.093648 0.289745 255 0 0
0.397525 -0.094142 0.289672 255 0 0
0.398772 -0.094578 0.289604 255 0 0
0.399748 -0.094972 0.289556 255 0 0
0.401285 -0.096508 0.290196 255 0 0
0.402256 -0.096900 0.290148 255 0 0
0.403498 -0.097343 0.290079 255 0 0
0.404690 -0.097837 0.290007 255 0 0
0.405886 -0.098340 0.289934 255 0 0
0.407077 -0.098831 0.289862 255 0 0
0.408299 -0.099245 0.289795 255 0 0
0.409515 -0.099735 0.289722 255 0 0
0.410710 -0.100236 0.289649 0 0 0
0.411879 -0.100759 0.289575 0 0 0
0.413044 -0.101421 0.289492 0 0 0
0.414210 -0.101946 0.289417 0 0 0
0.415428 -0.102445 0.289340 0 0 0
0.416466 -0.102838 0.289236 0 0 0
0.418084 -0.102699 0.288464 0 0 0
0.418937 -0.103065 0.288328 255 0 0
0.420486 -0.103029 0.287563 255 0 0
0.421538 -0.103576 0.287412 0 0 0
0.422539 -0.104171 0.287142 0 0 0
0.423957 -0.103913 0.286512 0 0 0
0.425421 -0.103754 0.285710 0 0 0
0.426319 -0.104168 0.285547 0 0 0
0.427867 -0.104202 0.284776 0 0 0
0.428780 -0.104519 0.284638 0 0 0
0.430389 -0.104355 0.284023 255 0 0
0.431422 -0.104878 0.283768 255 0 0
0.432639 -0.105504 0.283659 0 0 0
0.433665 -0.106016 0.283536 0 0 0
0.435083 -0.105960 0.282736 0 0 0
0.436607 -0.105746 0.281918 255 0 0
0.437492 -0.106062 0.281792 255 0 0
0.439064 -0.106131 0.281007 255 0 0
0.440119 -0.106714 0.280879 255 0 0
0.441187 -0.107165 0.280759 0 0 0
0.442662 -0.107024 0.279957 0 0 0
0.444143 -0.106885 0.279152 0 0 0
0.445200 -0.107407 0.279029 0 0 0
0.446254 -0.107932 0.278906 0 0 0
0.447726 -0.107907 0.278076 255 0 0
0.449082 -0.107707 0.277229 255 0 0
0.450403 -0.107576 0.276391 255 0 0
0.451702 -0.107536 0.275545 255 0 0
0.453030 -0.107274 0.274739 255 0 0
0.355335 -0.068106 0.280524 0 0 0
0.356827 -0.069390 0.281191 0 0 0
0.357718 -0.069603 0.281297 0 0 0
0.359154 -0.070968 0.281841 0 0 0
0.360428 -0.072275 0.282529 0 0 0
0.361735 -0.073379 0.283219 0 0 0
0.363004 -0.074702 0.283923 0 0 0
0.364281 -0.075893 0.284606 0 0 0
0.365578 -0.077010 0.285311 0 0 0
0.366836 -0.078308 0.286014 0 0 0
0.368100 -0.079502 0.286697 0 0 0
0.369485 -0.080863 0.287231 0 0 0
0.370330 -0.081121 0.287331 0 0 0
0.371950 -0.082570 0.287873 255 0 0
0.372895 -0.082743 0.288094 255 0 0
0.374369 -0.084259 0.288475 0 0 0
0.375469 -0.084602 0.288558 0 0 0
0.376471 -0.085048 0.288530 0 0 0
0.378011 -0.086464 0.289019 0 0 0
0.379082 -0.086785 0.289110 0 0 0
0.380321 -0.087316 0.289068 0 0 0
0.381629 -0.087725 0.289143 0 0 0
0.382603 -0.088029 0.289144 0 0 0
0.384148 -0.089572 0.289586 0 0 0
0.385106 -0.089987 0.289535 0 0 0
0.386359 -0.090515 0.289460 255 0 0
0.387312 -0.090922 0.289411 255 0 0
0.388912 -0.092361 0.290048 255 0 0
0.389888 -0.092760 0.290010 255 0 0
0.391131 -0.093195 0.289942 255 0 0
0.392323 -0.093693 0.289870 255 0 0
0.393517 -0.094198 0.289797 255 0 0
0.394712 -0.094699 0.289724 255 0 0
0.395935 -0.095213 0.289650 255 0 0
0.396886 -0.095621 0.289602 255 0 0
0.398464 -0.097040 0.290239 255 0 0
0.399440 -0.097439 0.290202 0 0 0
0.400687 -0.097864 0.290135 0 0 0
0.401869 -0.098353 0.290064 0 0 0
0.403085 -0.098774 0.289996 0 0 0
0.404300 -0.099264 0.289923 255 0 0
0.405519 -0.099776 0.289850 255 0 0
0.406468 -0.100177 0.289803 255 0 0
0.407989 -0.101711 0.290444 255 0 0
0.408934 -0.102110 0.290397 255 0 0
0.410173 -0.102628 0.290319 255 0 0
0.411205 -0.103019 0.290213 0 0 0
0.412786 -0.102858 0.289452 0 0 0
0.413824 -0.103258 0.289346 0 0 0
0.415019 -0.103848 0.289263 0 0 0
0.416175 -0.104388 0.289183 0 0 0
0.417214 -0.104880 0.289058 0 0 0
0.418761 -0.104840 0.288295 0 0 0
0.419610 -0.105198 0.288158 0 0 0
0.421118 -0.104960 0.287343 0 0 0
0.422493 -0.104793 0.286710 0 0 0
0.423495 -0.105403 0.286437 0 0 0
0.424545 -0.105937 0.286287 0 0 0
0.425966 -0.105785 0.285492 0 0 0
0.427394 -0.105637 0.284695 0 0 0
0.428421 -0.106143 0.284570 255 0 0
0.429618 -0.106748 0.284482 255 0 0
0.430680 -0.107180 0.284366 255 0 0
0.432290 -0.107127 0.283589 255 0 0
0.433172 -0.107449 0.283454 0 0 0
0.434733 -0.107478 0.282682 0 0 0
0.435785 -0.107990 0.282559 0 0 0
0.436870 -0.108432 0.282437 0 0 0
0.438292 -0.108379 0.281635 255 0 0
0.439827 -0.108169 0.280813 255 0 0
0.440688 -0.108555 0.280687 255 0 0
0.442308 -0.108558 0.279894 0 0 0
0.443194 -0.109048 0.279739 0 0 0
0.444841 -0.109035 0.278944 0 0 0
0.445735 -0.109371 0.278813 0 0 0
0.447219 -0.109320 0.277991 0 0 0
0.448525 -0.109198 0.277156 0 0 0
0.449884 -0.108999 0.276306 255 0 0
0.451366 -0.108995 0.275465 255 0 0
0.452276 -0.109499 0.275304 255 0 0
0.453649 -0.109493 0.274539 255 0 0
0.355006 -0.069614 0.280411 0 0 0
0.356272 -0.070888 0.281081 255 0 0
0.357520 -0.072197 0.281756 0 0 0
0.359069 -0.073484 0.282440 0 0 0
0.359828 -0.073679 0.282428 0 0 0
0.361665 -0.075920 0.283844 0 0 0
0.362417 -0.076110 0.283834 0 0 0
0.363931 -0.077369 0.284507 0 0 0
0.365378 -0.079613 0.285787 0 0 0
0.366221 -0.079790 0.285902 0 0 0
0.367968 -0.081164 0.286587 0 0 0
0.368805 -0.081413 0.286686 255 0 0
0.370431 -0.082864 0.287214 0 0 0
0.371265 -0.083117 0.287313 0 0 0
0.372887 -0.084566 0.287842 0 0 0
0.373722 -0.084817 0.287939 0 0 0
0.375189 -0.086326 0.288297 0 0 0
0.376293 -0.086665 0.288404 0 0 0
0.377412 -0.086943 0.288519 0 0 0
0.378940 -0.088443 0.289009 0 0 0
0.379924 -0.088856 0.288959 0 0 0
0.380919 -0.089200 0.288915 0 0 0
0.382547 -0.090720 0.289559 0 0 0
0.383513 -0.091046 0.289514 0 0 0
0.384734 -0.091557 0.289441 0 0 0
0.385957 -0.092072 0.289368 255 0 0
0.386914 -0.092488 0.289328 255 0 0
0.388550 -0.093796 0.289965 255 0 0
0.389503 -0.094213 0.289926 255 0 0
0.390720 -0.094721 0.289854 255 0 0
0.391934 -0.095141 0.289786 255 0 0
0.393149 -0.095630 0.289713 255 0 0
0.394340 -0.096129 0.289641 255 0 0
0.395561 -0.096640 0.289568 255 0 0
0.396517 -0.097050 0.289531 255 0 0
0.398095 -0.098472 0.290170 0 0 0
0.399038 -0.098880 0.290121 0 0 0
0.400278 -0.099405 0.290048 0 0 0
0.401245 -0.099725 0.290005 0 0 0
0.402798 -0.101249 0.290649 0 0 0
0.403739 -0.101644 0.290602 0 0 0
0.404954 -0.102155 0.290529 0 0 0
0.406164 -0.102642 0.290457 0 0 0
0.407379 -0.103052 0.290390 0 0 0
0.408562 -0.103539 0.290318 255 0 0
0.409753 -0.104039 0.290245 255 0 0
0.410914 -0.104555 0.290172 255 0 0
0.412104 -0.105142 0.290090 255 0 0
0.413131 -0.105540 0.289985 0 0 0
0.414717 -0.105388 0.289219 0 0 0
0.415771 -0.105794 0.289109 0 0 0
0.416791 -0.106264 0.288995 0 0 0
0.418319 -0.106219 0.288237 0 0 0
0.419348 -0.106730 0.288106 0 0 0
0.420375 -0.107246 0.287973 0 0 0
0.421751 -0.107178 0.287180 0 0 0
0.423230 -0.106962 0.286362 0 0 0
0.424098 -0.107346 0.286212 0 0 0
0.425615 -0.107407 0.285441 0 0 0
0.426499 -0.107824 0.285280 0 0 0
0.428100 -0.107768 0.284505 255 0 0
0.429153 -0.108174 0.284399 255 0 0
0.430204 -0.108580 0.284295 255 0 0
0.431814 -0.108539 0.283516 255 0 0
0.432698 -0.108955 0.283361 255 0 0
0.434250 -0.108995 0.282587 255 0 0
0.435325 -0.109424 0.282470 255 0 0
0.436377 -0.109833 0.282367 0 0 0
0.437988 -0.109807 0.281582 0 0 0
0.438848 -0.110281 0.281439 255 0 0
0.440509 -0.110218 0.280637 255 0 0
0.441356 -0.110664 0.280507 255 0 0
0.442875 -0.110477 0.279683 0 0 0
0.444335 -0.110438 0.278867 0 0 0
0.445255 -0.110790 0.278717 0 0 0
0.446672 -0.110836 0.277908 0 0 0
0.448171 -0.110745 0.277074 0 0 0
0.449063 -0.111237 0.276917 255 0 0
0.450525 -0.111222 0.276095 255 0 0
0.451933 -0.110930 0.275241 255 0 0
0.453162 -0.110800 0.274464 255 0 0
0.355943 -0.072519 0.280988 255 0 0
0.357193 -0.073712 0.281661 255 0 0
0.358489 -0.074903 0.282351 255 0 0
0.359760 -0.076219 0.283056 255 0 0
0.361065 -0.077316 0.283751 255 0 0
0.362313 -0.078627 0.284443 255 0 0
0.363848 -0.079895 0.285152 255 0 0
0.364728 -0.080023 0.285280 255 0 0
0.366094 -0.081460 0.285805 255 0 0
0.367599 -0.082728 0.286465 255 0 0
0.368327 -0.083067 0.286451 0 0 0
0.370062 -0.084430 0.287094 0 0 0
0.370783 -0.084771 0.287079 0 0 0
0.372487 -0.086112 0.287722 0 0 0
0.373473 -0.086548 0.287697 0 0 0
0.374591 -0.086812 0.287796 0 0 0
0.375905 -0.088232 0.288310 0 0 0
0.377346 -0.089575 0.288973 0 0 0
0.378343 -0.089927 0.288937 0 0 0
0.379319 -0.090338 0.288889 0 0 0
0.380962 -0.091760 0.289531 0 0 0
0.381931 -0.092090 0.289496 0 0 0
0.383146 -0.092589 0.289425 255 0 0
0.384360 -0.093009 0.289358 255 0 0
0.385605 -0.093509 0.289286 255 0 0
0.386554 -0.093915 0.289247 255 0 0
0.388154 -0.095359 0.289888 255 0 0
0.389123 -0.095779 0.289838 255 0 0
0.390093 -0.096198 0.289789 255 0 0
0.391688 -0.097624 0.290429 0 0 0
0.392632 -0.098029 0.290392 0 0 0
0.393849 -0.098539 0.290320 0 0 0
0.395036 -0.099036 0.290248 0 0 0
0.396246 -0.099524 0.290176 0 0 0
0.397455 -0.099949 0.290107 255 0 0
0.398663 -0.100440 0.290036 0 0 0
0.399630 -0.100754 0.289994 0 0 0
0.401207 -0.102262 0.290641 0 0 0
0.402169 -0.102574 0.290598 0 0 0
0.403380 -0.103072 0.290527 0 0 0
0.404566 -0.103571 0.290454 0 0 0
0.405750 -0.104070 0.290382 0 0 0
0.406934 -0.104573 0.290309 0 0 0
0.408119 -0.105071 0.290237 255 0 0
0.409305 -0.105568 0.290164 255 0 0
0.410492 -0.106064 0.290092 255 0 0
0.411681 -0.106555 0.290020 255 0 0
0.412839 -0.107069 0.289946 255 0 0
0.414023 -0.107656 0.289864 255 0 0
0.415068 -0.108072 0.289741 0 0 0
0.416605 -0.108024 0.288978 0 0 0
0.417460 -0.108408 0.288826 0 0 0
0.419051 -0.108357 0.288050 0 0 0
0.419914 -0.108669 0.287906 0 0 0
0.421446 -0.108694 0.287138 0 0 0
0.422324 -0.109110 0.286971 0 0 0
0.423752 -0.108969 0.286168 0 0 0
0.425196 -0.108805 0.285364 0 0 0
0.426079 -0.109120 0.285217 0 0 0
0.427632 -0.109160 0.284439 255 0 0
0.428692 -0.109592 0.284320 255 0 0
0.429884 -0.110200 0.284232 255 0 0
0.430898 -0.110706 0.284109 255 0 0
0.432336 -0.110570 0.283308 255 0 0
0.433782 -0.110412 0.282505 255 0 0
0.434847 -0.110842 0.282387 255 0 0
0.436045 -0.111456 0.282299 255 0 0
0.437041 -0.111940 0.282196 255 0 0
0.438706 -0.111849 0.281400 255 0 0
0.439541 -0.112300 0.281272 255 0 0
0.441210 -0.112232 0.280468 255 0 0
0.442047 -0.112686 0.280341 255 0 0
0.443715 -0.112709 0.279533 255 0 0
0.444488 -0.113105 0.279433 255 0 0
0.446417 -0.112378 0.277791 0 0 0
0.447185 -0.112834 0.277690 0 0 0
0.448731 -0.112663 0.276862 0 0 0
0.450189 -0.112651 0.276040 0 0 0
0.451084 -0.113154 0.275879 255 0 0
0.452469 -0.113176 0.275091 255 0 0
0.355617 -0.074012 0.280884 255 0 0
0.356871 -0.075219 0.281573 255 0 0
0.358144 -0.076518 0.282269 255 0 0
0.359432 -0.077702 0.282960 255 0 0
0.360713 -0.078915 0.283661 255 0 0
0.362010 -0.080015 0.284368 255 0 0
0.363263 -0.081306 0.285064 255 0 0
0.364759 -0.082665 0.285733 255 0 0
0.365509 -0.082858 0.285728 255 0 0
0.367243 -0.084306 0.286378 0 0 0
0.367959 -0.084632 0.286355 0 0 0
0.369698 -0.085980 0.287000 0 0 0
0.370427 -0.086237 0.286991 0 0 0
0.372149 -0.087683 0.287639 0 0 0
0.372867 -0.087915 0.287615 0 0 0
0.374571 -0.089451 0.288267 0 0 0
0.375307 -0.089623 0.288255 0 0 0
0.376989 -0.091046 0.288901 0 0 0
0.377960 -0.091454 0.288853 0 0 0
0.378955 -0.091801 0.288817 0 0 0
0.380598 -0.093224 0.289461 0 0 0
0.381565 -0.093650 0.289411 0 0 0
0.382534 -0.094069 0.289361 0 0 0
0.384148 -0.095503 0.290003 0 0 0
0.385083 -0.095897 0.289967 255 0 0
0.386348 -0.096321 0.289899 255 0 0
0.387561 -0.096801 0.289829 255 0 0
0.388767 -0.097227 0.289761 255 0 0
0.389740 -0.097624 0.289724 255 0 0
0.391333 -0.099048 0.290366 255 0 0
0.392268 -0.099449 0.290319 0 0 0
0.393482 -0.099959 0.290245 0 0 0
0.394668 -0.100458 0.290173 0 0 0
0.395849 -0.100947 0.290102 0 0 0
0.397085 -0.101381 0.290033 0 0 0
0.398045 -0.101764 0.289987 0 0 0
0.399602 -0.103291 0.290634 0 0 0
0.400556 -0.103604 0.290592 0 0 0
0.401763 -0.104107 0.290520 0 0 0
0.402948 -0.104605 0.290448 0 0 0
0.404131 -0.105101 0.290375 0 0 0
0.405314 -0.105598 0.290303 0 0 0
0.406497 -0.106094 0.290231 0 0 0
0.407680 -0.106590 0.290159 0 0 0
0.408863 -0.107086 0.290087 255 0 0
0.410046 -0.107582 0.290014 255 0 0
0.411229 -0.108078 0.289942 255 0 0
0.412412 -0.108571 0.289869 255 0 0
0.413631 -0.109090 0.289770 255 0 0
0.414612 -0.109605 0.289531 255 0 0
0.416135 -0.109503 0.288916 0 0 0
0.417020 -0.109805 0.288769 0 0 0
0.418604 -0.109756 0.287992 0 0 0
0.419475 -0.110163 0.287827 0 0 0
0.421006 -0.110194 0.287058 0 0 0
0.421866 -0.110511 0.286914 0 0 0
0.423425 -0.110478 0.286140 0 0 0
0.424459 -0.111052 0.286007 255 0 0
0.425495 -0.111501 0.285883 0 0 0
0.427050 -0.111542 0.285104 0 0 0
0.427921 -0.111857 0.284963 0 0 0
0.429557 -0.111800 0.284177 255 0 0
0.430402 -0.112100 0.284054 255 0 0
0.431995 -0.112065 0.283273 255 0 0
0.433051 -0.112576 0.283147 255 0 0
0.434079 -0.113072 0.283039 255 0 0
0.435715 -0.112959 0.282250 255 0 0
0.436728 -0.113457 0.282142 255 0 0
0.437736 -0.113960 0.282035 255 0 0
0.439407 -0.113863 0.281236 255 0 0
0.440235 -0.114314 0.281109 0 0 0
0.441907 -0.114246 0.280303 0 0 0
0.442740 -0.114698 0.280174 255 0 0
0.444268 -0.114506 0.279342 255 0 0
0.445516 -0.114475 0.278506 255 0 0
0.447036 -0.114391 0.277650 0 0 0
0.447898 -0.114778 0.277523 0 0 0
0.449386 -0.114773 0.276684 0 0 0
0.450742 -0.114572 0.275829 0 0 0
0.452070 -0.114444 0.274981 255 0 0
0.453267 -0.114445 0.274179 255 0 0
0.355323 -0.076373 0.281530 255 0 0
0.356719 -0.077816 0.282043 0 0 0
0.357543 -0.078003 0.282155 0 0 0
0.359078 -0.079291 0.282857 0 0 0
0.360336 -0.080467 0.283548 0 0 0
0.361874 -0.082626 0.284873 0 0 0
0.362654 -0.082800 0.284973 0 0 0
0.364177 -0.084059 0.285658 0 0 0
0.365523 -0.085498 0.286187 0 0 0
0.366636 -0.085767 0.286288 0 0 0
0.367636 -0.086116 0.286269 0 0 0
0.369088 -0.087465 0.286938 0 0 0
0.370567 -0.088824 0.287605 0 0 0
0.371282 -0.089074 0.287590 0 0 0
0.373005 -0.090508 0.288239 0 0 0
0.373719 -0.090745 0.288224 0 0 0
0.375401 -0.092181 0.288872 0 0 0
0.376388 -0.092532 0.288836 0 0 0
0.377356 -0.092937 0.288788 0 0 0
0.379006 -0.094358 0.289434 0 0 0
0.379959 -0.094685 0.289400 0 0 0
0.381226 -0.095105 0.289334 0 0 0
0.382195 -0.095499 0.289297 0 0 0
0.383835 -0.096945 0.289941 0 0 0
0.384520 -0.097254 0.289916 255 0 0
0.386040 -0.098573 0.290474 255 0 0
0.387060 -0.098282 0.289859 255 0 0
0.388515 -0.099706 0.290426 255 0 0
0.389471 -0.100087 0.290379 255 0 0
0.390705 -0.100514 0.290311 255 0 0
0.391885 -0.101001 0.290240 255 0 0
0.393069 -0.101498 0.290167 0 0 0
0.394281 -0.102007 0.290094 0 0 0
0.395213 -0.102406 0.290047 0 0 0
0.396789 -0.103835 0.290690 0 0 0
0.397748 -0.104225 0.290655 0 0 0
0.398982 -0.104641 0.290588 255 0 0
0.400157 -0.105132 0.290517 255 0 0
0.401339 -0.105629 0.290445 255 0 0
0.402520 -0.106124 0.290373 0 0 0
0.403701 -0.106619 0.290301 0 0 0
0.404881 -0.107115 0.290229 0 0 0
0.406062 -0.107610 0.290156 0 0 0
0.407243 -0.108105 0.290084 0 0 0
0.408423 -0.108600 0.290012 0 0 0
0.409604 -0.109095 0.289940 0 0 0
0.410782 -0.109591 0.289868 0 0 0
0.411995 -0.110120 0.289768 0 0 0
0.413000 -0.110623 0.289521 255 0 0
0.414507 -0.110398 0.289061 255 0 0
0.415518 -0.110895 0.288821 255 0 0
0.416739 -0.111470 0.288695 255 0 0
0.417723 -0.112046 0.288431 0 0 0
0.419128 -0.111816 0.287775 0 0 0
0.420515 -0.111709 0.286989 0 0 0
0.421541 -0.112142 0.286863 0 0 0
0.422583 -0.112637 0.286736 0 0 0
0.424180 -0.112575 0.285960 0 0 0
0.425014 -0.112874 0.285834 255 0 0
0.426635 -0.112825 0.285048 0 0 0
0.427501 -0.113239 0.284889 0 0 0
0.429033 -0.113289 0.284116 0 0 0
0.430048 -0.113721 0.284000 255 0 0
0.431263 -0.114312 0.283913 255 0 0
0.432289 -0.114717 0.283814 255 0 0
0.433940 -0.114599 0.283019 255 0 0
0.434775 -0.114972 0.282892 255 0 0
0.436418 -0.114953 0.282093 255 0 0
0.437446 -0.115381 0.281989 255 0 0
0.438456 -0.115949 0.281878 255 0 0
0.440103 -0.115871 0.281077 0 0 0
0.440925 -0.116322 0.280950 0 0 0
0.442598 -0.116255 0.280141 0 0 0
0.443445 -0.116722 0.279997 255 0 0
0.444882 -0.116719 0.279177 255 0 0
0.446391 -0.116615 0.278342 255 0 0
0.447260 -0.117019 0.278200 255 0 0
0.448716 -0.116999 0.277375 0 0 0
0.450068 -0.116792 0.276518 0 0 0
0.451391 -0.116683 0.275656 0 0 0
0.452728 -0.116577 0.274787 0 0 0
0.453959 -0.116475 0.273989 0 0 0
0.356310 -0.078273 0.281565 0 0 0
0.357437 -0.079671 0.282063 0 0 0
0.358728 -0.080862 0.282758 0 0 0
0.359975 -0.082069 0.283448 0 0 0
0.361379 -0.083148 0.284344 0 0 0
0.362549 -0.084446 0.284873 0 0 0
0.363941 -0.085811 0.285424 0 0 0
0.364889 -0.085979 0.285662 0 0 0
0.366263 -0.087313 0.286200 0 0 0
0.367757 -0.088692 0.286885 0 0 0
0.368477 -0.088951 0.286878 0 0 0
0.370217 -0.090272 0.287529 0 0 0
0.370932 -0.090528 0.287521 0 0 0
0.372653 -0.091976 0.288173 0 0 0
0.373347 -0.092299 0.288153 0 0 0
0.375044 -0.093620 0.288797 0 0 0
0.376030 -0.093968 0.288762 255 0 0
0.377025 -0.094371 0.288725 255 0 0
0.378678 -0.095809 0.289372 255 0 0
0.379372 -0.096038 0.289350 255 0 0
0.381004 -0.097596 0.290002 255 0 0
0.381960 -0.097974 0.289954 0 0 0
0.383218 -0.098406 0.289887 0 0 0
0.384175 -0.098715 0.289856 0 0 0
0.385772 -0.100157 0.290500 0 0 0
0.386712 -0.100616 0.290449 255 0 0
0.387945 -0.101041 0.290381 255 0 0
0.389120 -0.101529 0.290310 255 0 0
0.390300 -0.102032 0.290237 255 0 0
0.391481 -0.102528 0.290165 255 0 0
0.392662 -0.103023 0.290093 255 0 0
0.393871 -0.103529 0.290021 255 0 0
0.394809 -0.103936 0.289985 255 0 0
0.396421 -0.105236 0.290625 255 0 0
0.397353 -0.105645 0.290589 255 0 0
0.398557 -0.106164 0.290517 255 0 0
0.399734 -0.106662 0.290445 255 0 0
0.400911 -0.107156 0.290373 255 0 0
0.402090 -0.107651 0.290301 255 0 0
0.403268 -0.108145 0.290229 0 0 0
0.404446 -0.108638 0.290157 0 0 0
0.405626 -0.109125 0.290085 0 0 0
0.406806 -0.109617 0.290014 0 0 0
0.407985 -0.110112 0.289942 0 0 0
0.409161 -0.110612 0.289869 0 0 0
0.410360 -0.111106 0.289793 0 0 0
0.411393 -0.111482 0.289688 0 0 0
0.412926 -0.111313 0.289084 0 0 0
0.413907 -0.111893 0.288825 255 0 0
0.415111 -0.112438 0.288720 255 0 0
0.416165 -0.112840 0.288599 255 0 0
0.417686 -0.112738 0.287987 255 0 0
0.418495 -0.113148 0.287722 0 0 0
0.420086 -0.113115 0.286919 0 0 0
0.421127 -0.113613 0.286790 0 0 0
0.422143 -0.114046 0.286668 0 0 0
0.423668 -0.114060 0.285906 0 0 0
0.424703 -0.114527 0.285762 0 0 0
0.425710 -0.115114 0.285489 0 0 0
0.427123 -0.114869 0.284853 0 0 0
0.428581 -0.114701 0.284046 0 0 0
0.429609 -0.115192 0.283924 0 0 0
0.430799 -0.115707 0.283845 0 0 0
0.431969 -0.116222 0.283771 255 0 0
0.433157 -0.116815 0.283689 255 0 0
0.434197 -0.117243 0.283574 255 0 0
0.435782 -0.117295 0.282785 0 0 0
0.436622 -0.117590 0.282664 0 0 0
0.438313 -0.117493 0.281856 0 0 0
0.439127 -0.117935 0.281730 0 0 0
0.440794 -0.117874 0.280920 0 0 0
0.441630 -0.118347 0.280777 0 0 0
0.443098 -0.118235 0.279959 0 0 0
0.444573 -0.118122 0.279138 0 0 0
0.445416 -0.118597 0.278994 0 0 0
0.446945 -0.118409 0.278160 255 0 0
0.448396 -0.118391 0.277337 255 0 0
0.449263 -0.118796 0.277196 255 0 0
0.450751 -0.118797 0.276351 0 0 0
0.452079 -0.118692 0.275485 0 0 0
0.453304 -0.118587 0.274685 255 0 0
0.356048 -0.080984 0.281848 0 0 0
0.356838 -0.081153 0.281956 0 0 0
0.358378 -0.082436 0.282662 0 0 0
0.359651 -0.083628 0.283366 0 0 0
0.360925 -0.084824 0.284075 0 0 0
0.362438 -0.086094 0.284777 0 0 0
0.363281 -0.086280 0.284894 0 0 0
0.364687 -0.087616 0.285444 0 0 0
0.365917 -0.088900 0.286141 0 0 0
0.367414 -0.090139 0.286809 0 0 0
0.368129 -0.090397 0.286802 0 0 0
0.369607 -0.091753 0.287475 0 0 0
0.371050 -0.093099 0.288146 0 0 0
0.372033 -0.093429 0.288113 0 0 0
0.373019 -0.093760 0.288080 255 0 0
0.374451 -0.095105 0.288751 255 0 0
0.375857 -0.096456 0.289419 255 0 0
0.376845 -0.096864 0.289383 255 0 0
0.377820 -0.097199 0.289340 255 0 0
0.379466 -0.098605 0.289989 255 0 0
0.380418 -0.098922 0.289956 255 0 0
0.381651 -0.099421 0.289886 0 0 0
0.382597 -0.099739 0.289842 0 0 0
0.384214 -0.101267 0.290497 0 0 0
0.385158 -0.101574 0.290453 0 0 0
0.386364 -0.102066 0.290382 255 0 0
0.387542 -0.102567 0.290310 255 0 0
0.388720 -0.103062 0.290238 255 0 0
0.389899 -0.103557 0.290166 255 0 0
0.391075 -0.104058 0.290094 255 0 0
0.392254 -0.104548 0.290022 255 0 0
0.393460 -0.105058 0.289950 255 0 0
0.394393 -0.105467 0.289914 255 0 0
0.396007 -0.106765 0.290555 255 0 0
0.396934 -0.107158 0.290521 255 0 0
0.398163 -0.107575 0.290454 255 0 0
0.399363 -0.108056 0.290382 255 0 0
0.400537 -0.108547 0.290310 255 0 0
0.401713 -0.109040 0.290239 255 0 0
0.402888 -0.109533 0.290167 255 0 0
0.404065 -0.110036 0.290095 0 0 0
0.405223 -0.110612 0.290019 0 0 0
0.406372 -0.111124 0.289946 0 0 0
0.407545 -0.111606 0.289875 0 0 0
0.408747 -0.112022 0.289807 0 0 0
0.409930 -0.112588 0.289731 0 0 0
0.411066 -0.113121 0.289653 0 0 0
0.412082 -0.113610 0.289526 0 0 0
0.413618 -0.113548 0.288766 0 0 0
0.414638 -0.113945 0.288655 255 0 0
0.415660 -0.114336 0.288547 255 0 0
0.417216 -0.114273 0.287783 255 0 0
0.418222 -0.114786 0.287651 255 0 0
0.419225 -0.115294 0.287523 255 0 0
0.420809 -0.115241 0.286745 0 0 0
0.421650 -0.115553 0.286603 0 0 0
0.423216 -0.115573 0.285827 0 0 0
0.424090 -0.115873 0.285687 0 0 0
0.425686 -0.115716 0.285070 0 0 0
0.426663 -0.116321 0.284800 0 0 0
0.427687 -0.116863 0.284653 255 0 0
0.429273 -0.116816 0.283874 0 0 0
0.430284 -0.117208 0.283775 0 0 0
0.431500 -0.117711 0.283697 255 0 0
0.432715 -0.118210 0.283621 255 0 0
0.433720 -0.118609 0.283523 255 0 0
0.435334 -0.118558 0.282739 255 0 0
0.436342 -0.119084 0.282616 0 0 0
0.437349 -0.119603 0.282494 0 0 0
0.438972 -0.119584 0.281701 0 0 0
0.439789 -0.119959 0.281578 0 0 0
0.441331 -0.119743 0.280744 0 0 0
0.442758 -0.119739 0.279923 0 0 0
0.443594 -0.120208 0.279780 0 0 0
0.445278 -0.120143 0.278964 0 0 0
0.446091 -0.120599 0.278841 0 0 0
0.447764 -0.120623 0.278021 255 0 0
0.448617 -0.121029 0.277882 255 0 0
0.450086 -0.121033 0.277033 255 0 0
0.451407 -0.120925 0.276166 255 0 0
0.452632 -0.120832 0.275362 255 0 0
0.355626 -0.081426 0.281372 0 0 0
0.356743 -0.082815 0.281872 0 0 0
0.358030 -0.084000 0.282569 0 0 0
0.359305 -0.085193 0.283277 0 0 0
0.360575 -0.086384 0.283986 0 0 0
0.361839 -0.087559 0.284683 0 0 0
0.363080 -0.088850 0.285385 0 0 0
0.364469 -0.090180 0.285923 0 0 0
0.365311 -0.090358 0.286051 0 0 0
0.366809 -0.091615 0.286741 0 0 0
0.368167 -0.093041 0.287280 0 0 0
0.368993 -0.093215 0.287401 0 0 0
0.370730 -0.094555 0.288074 255 0 0
0.371416 -0.094871 0.288056 255 0 0
0.373134 -0.096317 0.288710 255 0 0
0.373840 -0.096569 0.288706 255 0 0
0.375420 -0.097963 0.289212 255 0 0
0.376484 -0.098283 0.289300 0 0 0
0.377463 -0.098630 0.289284 0 0 0
0.379110 -0.100048 0.289935 0 0 0
0.380060 -0.100461 0.289887 0 0 0
0.381012 -0.100876 0.289838 0 0 0
0.382649 -0.102289 0.290488 0 0 0
0.383593 -0.102603 0.290456 0 0 0
0.384794 -0.103102 0.290385 0 0 0
0.385971 -0.103597 0.290313 0 0 0
0.387147 -0.104090 0.290242 0 0 0
0.388324 -0.104584 0.290170 0 0 0
0.389496 -0.105067 0.290099 0 0 0
0.390696 -0.105482 0.290031 255 0 0
0.391879 -0.106035 0.289956 255 0 0
0.393075 -0.106468 0.289889 255 0 0
0.394030 -0.106857 0.289854 255 0 0
0.395629 -0.108305 0.290502 255 0 0
0.396303 -0.108603 0.290480 255 0 0
0.397772 -0.110102 0.290953 255 0 0
0.398813 -0.110422 0.291072 255 0 0
0.400018 -0.110936 0.291022 255 0 0
0.401188 -0.111424 0.290951 255 0 0
0.402396 -0.111951 0.290848 255 0 0
0.403382 -0.112443 0.290580 255 0 0
0.404887 -0.112255 0.289996 255 0 0
0.405948 -0.112637 0.289887 255 0 0
0.406900 -0.113048 0.289837 255 0 0
0.408225 -0.114468 0.290220 0 0 0
0.409573 -0.114222 0.289714 0 0 0
0.410639 -0.114597 0.289595 0 0 0
0.411652 -0.114982 0.289486 0 0 0
0.413188 -0.114908 0.288725 0 0 0
0.414222 -0.115327 0.288601 255 0 0
0.415390 -0.115933 0.288514 255 0 0
0.416349 -0.116413 0.288408 255 0 0
0.417982 -0.116287 0.287618 255 0 0
0.418789 -0.116645 0.287486 255 0 0
0.420367 -0.116617 0.286701 255 0 0
0.421198 -0.117006 0.286552 255 0 0
0.422763 -0.116969 0.285772 0 0 0
0.423771 -0.117483 0.285643 0 0 0
0.424773 -0.117994 0.285518 0 0 0
0.426382 -0.117944 0.284734 0 0 0
0.427202 -0.118234 0.284611 0 0 0
0.428812 -0.118192 0.283825 0 0 0
0.429828 -0.118686 0.283705 0 0 0
0.431008 -0.119207 0.283626 0 0 0
0.432199 -0.119712 0.283553 0 0 0
0.433385 -0.120227 0.283476 255 0 0
0.434376 -0.120696 0.283375 255 0 0
0.436065 -0.120588 0.282570 255 0 0
0.436872 -0.120955 0.282449 0 0 0
0.438494 -0.120924 0.281656 0 0 0
0.439523 -0.121367 0.281537 0 0 0
0.440540 -0.121954 0.281407 0 0 0
0.441941 -0.121943 0.280593 0 0 0
0.443463 -0.121748 0.279755 0 0 0
0.444271 -0.122193 0.279630 0 0 0
0.445962 -0.122137 0.278812 255 0 0
0.446770 -0.122591 0.278688 255 0 0
0.448310 -0.122401 0.277846 255 0 0
0.449603 -0.122275 0.277003 255 0 0
0.450916 -0.122169 0.276137 255 0 0
0.452258 -0.122083 0.275246 255 0 0
0.453407 -0.122209 0.274426 255 0 0
0.355364 -0.084125 0.281661 0 0 0
0.356145 -0.084291 0.281771 0 0 0
0.357683 -0.085567 0.282480 0 0 0
0.358957 -0.086754 0.283190 0 0 0
0.360229 -0.087941 0.283902 0 0 0
0.361493 -0.089125 0.284613 0 0 0
0.363002 -0.090385 0.285321 0 0 0
0.363843 -0.090567 0.285449 0 0 0
0.365202 -0.091996 0.285982 0 0 0
0.366702 -0.093263 0.286673 255 0 0
0.367513 -0.093498 0.286787 0 0 0
0.368881 -0.094841 0.287321 0 0 0
0.370251 -0.096179 0.287862 0 0 0
0.371055 -0.096419 0.287969 0 0 0
0.372639 -0.097833 0.288498 0 0 0
0.373712 -0.098175 0.288605 0 0 0
0.374785 -0.098515 0.288712 0 0 0
0.376110 -0.099819 0.289232 0 0 0
0.377413 -0.101240 0.289762 0 0 0
0.378475 -0.101488 0.289870 0 0 0
0.379708 -0.101990 0.289820 0 0 0
0.380653 -0.102307 0.289789 0 0 0
0.382290 -0.103721 0.290439 0 0 0
0.383203 -0.104118 0.290393 0 0 0
0.384407 -0.104626 0.290320 0 0 0
0.385579 -0.105125 0.290249 0 0 0
0.386751 -0.105620 0.290177 255 0 0
0.387951 -0.106125 0.290105 0 0 0
0.388880 -0.106528 0.290058 255 0 0
0.390279 -0.107960 0.290411 255 0 0
0.391303 -0.107650 0.289995 255 0 0
0.392801 -0.108920 0.290564 255 0 0
0.393742 -0.109294 0.290532 255 0 0
0.394997 -0.109627 0.290469 255 0 0
0.396205 -0.110185 0.290418 255 0 0
0.397243 -0.110441 0.290538 255 0 0
0.398703 -0.111896 0.291014 255 0 0
0.399624 -0.112295 0.290968 255 0 0
0.400841 -0.112803 0.290891 255 0 0
0.401868 -0.113171 0.290783 255 0 0
0.403360 -0.113003 0.290201 255 0 0
0.404335 -0.113581 0.289925 255 0 0
0.405511 -0.114126 0.289824 255 0 0
0.406699 -0.114624 0.289770 255 0 0
0.407925 -0.115005 0.289829 255 0 0
0.409003 -0.115565 0.289634 0 0 0
0.410197 -0.116095 0.289536 0 0 0
0.411353 -0.116634 0.289440 0 0 0
0.412479 -0.117306 0.289191 0 0 0
0.413464 -0.117711 0.289057 0 0 0
0.415046 -0.117544 0.288494 0 0 0
0.416067 -0.117928 0.288386 0 0 0
0.417069 -0.118401 0.288275 0 0 0
0.418673 -0.118299 0.287484 255 0 0
0.419472 -0.118729 0.287347 255 0 0
0.421071 -0.118651 0.286547 255 0 0
0.421895 -0.119102 0.286394 255 0 0
0.423478 -0.119083 0.285605 0 0 0
0.424312 -0.119388 0.285465 0 0 0
0.425867 -0.119417 0.284690 0 0 0
0.426879 -0.119851 0.284568 0 0 0
0.427907 -0.120348 0.284443 0 0 0
0.429499 -0.120306 0.283662 0 0 0
0.430493 -0.120688 0.283564 0 0 0
0.431736 -0.121107 0.283491 0 0 0
0.432922 -0.121684 0.283414 0 0 0
0.434078 -0.122206 0.283336 0 0 0
0.435066 -0.122681 0.283235 255 0 0
0.436710 -0.122587 0.282435 255 0 0
0.437699 -0.123150 0.282325 255 0 0
0.438724 -0.123591 0.282204 255 0 0
0.440188 -0.123443 0.281390 255 0 0
0.441645 -0.123326 0.280566 255 0 0
0.442482 -0.123824 0.280409 255 0 0
0.444114 -0.123832 0.279601 255 0 0
0.444920 -0.124210 0.279484 0 0 0
0.446639 -0.124125 0.278663 255 0 0
0.447461 -0.124594 0.278524 255 0 0
0.448924 -0.124613 0.277671 255 0 0
0.450237 -0.124507 0.276801 255 0 0
0.451454 -0.124415 0.275992 255 0 0
0.453136 -0.123469 0.274234 0 0 0
0.454167 -0.123574 0.273500 0 0 0
0.354946 -0.084557 0.281193 0 0 0
0.356085 -0.085922 0.281696 0 0 0
0.357336 -0.087125 0.282392 0 0 0
0.358612 -0.088312 0.283107 0 0 0
0.359881 -0.089496 0.283821 0 0 0
0.361143 -0.090679 0.284533 0 0 0
0.362403 -0.091845 0.285231 0 0 0
0.363777 -0.093276 0.285776 0 0 0
0.364597 -0.093451 0.285895 0 0 0
0.366342 -0.094797 0.286574 0 0 0
0.367033 -0.095122 0.286566 0 0 0
0.368776 -0.096473 0.287242 0 0 0
0.369570 -0.096708 0.287349 0 0 0
0.371186 -0.098139 0.287887 0 0 0
0.371980 -0.098375 0.287992 0 0 0
0.373588 -0.099788 0.288505 0 0 0
0.374282 -0.100122 0.288498 0 0 0
0.375883 -0.101536 0.289030 0 0 0
0.376787 -0.101684 0.289271 0 0 0
0.378373 -0.103100 0.289791 0 0 0
0.379055 -0.103412 0.289775 0 0 0
0.380596 -0.104910 0.290272 0 0 0
0.381647 -0.105152 0.290380 0 0 0
0.382848 -0.105654 0.290330 0 0 0
0.384018 -0.106133 0.290260 0 0 0
0.385212 -0.106534 0.290192 0 0 0
0.386409 -0.107011 0.290121 255 0 0
0.387580 -0.107497 0.290051 255 0 0
0.388765 -0.108000 0.290000 255 0 0
0.390022 -0.108404 0.290070 255 0 0
0.390851 -0.108840 0.289914 255 0 0
0.392485 -0.110325 0.290525 255 0 0
0.393149 -0.110625 0.290503 255 0 0
0.394555 -0.112073 0.290874 255 0 0
0.395603 -0.111772 0.290439 255 0 0
0.397008 -0.113133 0.290814 255 0 0
0.397978 -0.113454 0.290798 255 0 0
0.399165 -0.113944 0.290727 255 0 0
0.400335 -0.114435 0.290655 255 0 0
0.401493 -0.114945 0.290576 255 0 0
0.402499 -0.115417 0.290446 255 0 0
0.404037 -0.115252 0.289878 255 0 0
0.405062 -0.115617 0.289769 255 0 0
0.406251 -0.116112 0.289692 255 0 0
0.407420 -0.116606 0.289622 255 0 0
0.408589 -0.117093 0.289549 255 0 0
0.409779 -0.117587 0.289473 255 0 0
0.410797 -0.117956 0.289369 0 0 0
0.412371 -0.117786 0.288807 0 0 0
0.413356 -0.118182 0.288675 0 0 0
0.414500 -0.118777 0.288431 0 0 0
0.415674 -0.119384 0.288330 0 0 0
0.416806 -0.119912 0.288252 0 0 0
0.417785 -0.120382 0.288146 0 0 0
0.419388 -0.120273 0.287352 255 0 0
0.420205 -0.120738 0.287195 255 0 0
0.421598 -0.120601 0.286385 255 0 0
0.423029 -0.120453 0.285569 255 0 0
0.423852 -0.120841 0.285419 0 0 0
0.425428 -0.120807 0.284633 255 0 0
0.426459 -0.121311 0.284507 255 0 0
0.427444 -0.121714 0.284403 0 0 0
0.429067 -0.121668 0.283619 0 0 0
0.429855 -0.121988 0.283536 0 0 0
0.431167 -0.123381 0.284135 0 0 0
0.432597 -0.123182 0.283390 0 0 0
0.433594 -0.123657 0.283282 0 0 0
0.434767 -0.124194 0.283200 0 0 0
0.435750 -0.124663 0.283100 255 0 0
0.437451 -0.124545 0.282290 255 0 0
0.438246 -0.124911 0.282171 255 0 0
0.439864 -0.124932 0.281366 255 0 0
0.440678 -0.125389 0.281224 255 0 0
0.442189 -0.125199 0.280384 255 0 0
0.443622 -0.125161 0.279564 255 0 0
0.444653 -0.125605 0.279443 0 0 0
0.445663 -0.126196 0.279315 0 0 0
0.447132 -0.126111 0.278472 0 0 0
0.448418 -0.125983 0.277624 0 0 0
0.449723 -0.125875 0.276755 255 0 0
0.451042 -0.125768 0.275879 255 0 0
0.452226 -0.125781 0.275062 255 0 0
0.453807 -0.124825 0.273371 255 0 0
0.355771 -0.087504 0.281622 0 0 0
0.356996 -0.088682 0.282312 0 0 0
0.358268 -0.089860 0.283025 0 0 0
0.359540 -0.091042 0.283742 0 0 0
0.360805 -0.092226 0.284456 255 0 0
0.362193 -0.093571 0.285024 255 0 0
0.363120 -0.093731 0.285262 0 0 0
0.364492 -0.095074 0.285816 0 0 0
0.365880 -0.096412 0.286363 0 0 0
0.366677 -0.096653 0.286469 0 0 0
0.368298 -0.098084 0.287008 0 0 0
0.369089 -0.098319 0.287116 0 0 0
0.370824 -0.099665 0.287793 0 0 0
0.371508 -0.099992 0.287786 0 0 0
0.373090 -0.101394 0.288293 0 0 0
0.374154 -0.101729 0.288401 0 0 0
0.375221 -0.102067 0.288511 0 0 0
0.376545 -0.103386 0.289049 0 0 0
0.377893 -0.104748 0.289547 0 0 0
0.378839 -0.105114 0.289557 0 0 0
0.379993 -0.105353 0.289795 0 0 0
0.381515 -0.106744 0.290306 0 0 0
0.382469 -0.107168 0.290271 0 0 0
0.383404 -0.107567 0.290226 255 0 0
0.385009 -0.109002 0.290876 255 0 0
0.385917 -0.109398 0.290844 0 0 0
0.387113 -0.109900 0.290774 0 0 0
0.388280 -0.110387 0.290703 0 0 0
0.389445 -0.110871 0.290630 255 0 0
0.390637 -0.111352 0.290560 255 0 0
0.391827 -0.111748 0.290494 255 0 0
0.393005 -0.112234 0.290444 255 0 0
0.394235 -0.112609 0.290504 255 0 0
0.395311 -0.113172 0.290327 255 0 0
0.396592 -0.113604 0.290382 255 0 0
0.397711 -0.114056 0.290330 255 0 0
0.398886 -0.114555 0.290254 255 0 0
0.400053 -0.115044 0.290183 255 0 0
0.401228 -0.115530 0.290115 255 0 0
0.402360 -0.116000 0.290028 255 0 0
0.403489 -0.116623 0.289782 255 0 0
0.404619 -0.117248 0.289548 255 0 0
0.405751 -0.117730 0.289453 255 0 0
0.406923 -0.118219 0.289383 0 0 0
0.408089 -0.118708 0.289311 255 0 0
0.409258 -0.119198 0.289240 255 0 0
0.410399 -0.119703 0.289164 255 0 0
0.411547 -0.120267 0.289073 0 0 0
0.412732 -0.120768 0.288998 0 0 0
0.413746 -0.121171 0.288889 0 0 0
0.415323 -0.121006 0.288312 0 0 0
0.416341 -0.121383 0.288208 0 0 0
0.417521 -0.121900 0.288127 0 0 0
0.418496 -0.122359 0.288019 0 0 0
0.419953 -0.122110 0.287193 255 0 0
0.421305 -0.122092 0.286382 255 0 0
0.422122 -0.122552 0.286225 255 0 0
0.423733 -0.122477 0.285418 255 0 0
0.424522 -0.122911 0.285286 255 0 0
0.426155 -0.122810 0.284483 255 0 0
0.427110 -0.123301 0.284379 255 0 0
0.428256 -0.123908 0.284298 255 0 0
0.429462 -0.124403 0.284225 255 0 0
0.430667 -0.124821 0.284152 0 0 0
0.431638 -0.125274 0.284053 0 0 0
0.433302 -0.125141 0.283252 0 0 0
0.434309 -0.125539 0.283154 0 0 0
0.435481 -0.126144 0.283068 0 0 0
0.436451 -0.126655 0.282951 0 0 0
0.438072 -0.126642 0.282152 255 0 0
0.438879 -0.127024 0.282017 255 0 0
0.440533 -0.127014 0.281209 255 0 0
0.441322 -0.127386 0.281090 255 0 0
0.443011 -0.127400 0.280266 255 0 0
0.443834 -0.127786 0.280127 255 0 0
0.445308 -0.127672 0.279297 0 0 0
0.446621 -0.127444 0.278451 0 0 0
0.447918 -0.127337 0.277581 0 0 0
0.449219 -0.127235 0.276708 0 0 0
0.450542 -0.127151 0.275816 0 0 0
0.451814 -0.127131 0.274952 255 0 0
0.453022 -0.127033 0.274146 255 0 0
0.355350 -0.089170 0.281369 255 0 0
0.356692 -0.090226 0.282245 255 0 0
0.357846 -0.091505 0.282790 255 0 0
0.359145 -0.092700 0.283507 255 0 0
0.360643 -0.093923 0.284254 255 0 0
0.361500 -0.094103 0.284463 255 0 0
0.362894 -0.095445 0.285031 255 0 0
0.364283 -0.096782 0.285598 255 0 0
0.365192 -0.096937 0.285829 0 0 0
0.366819 -0.098372 0.286389 0 0 0
0.367616 -0.098612 0.286497 0 0 0
0.368986 -0.099943 0.287044 0 0 0
0.370321 -0.101262 0.287582 0 0 0
0.371391 -0.101599 0.287692 0 0 0
0.372455 -0.101935 0.287799 0 0 0
0.374034 -0.103335 0.288308 0 0 0
0.374711 -0.103659 0.288303 0 0 0
0.376406 -0.104989 0.288979 0 0 0
0.377433 -0.105313 0.289072 0 0 0
0.378374 -0.105675 0.289066 0 0 0
0.379721 -0.107044 0.289570 0 0 0
0.381026 -0.108349 0.290102 0 0 0
0.382081 -0.108665 0.290197 0 0 0
0.383036 -0.109096 0.290181 255 0 0
0.384558 -0.110464 0.290685 255 0 0
0.385576 -0.110766 0.290776 0 0 0
0.386772 -0.111275 0.290724 0 0 0
0.387959 -0.111808 0.290628 0 0 0
0.389022 -0.112363 0.290434 0 0 0
0.390248 -0.112739 0.290494 0 0 0
0.391424 -0.113244 0.290442 0 0 0
0.392587 -0.113731 0.290372 0 0 0
0.393751 -0.114223 0.290302 255 0 0
0.394915 -0.114709 0.290230 255 0 0
0.396078 -0.115200 0.290160 255 0 0
0.397242 -0.115690 0.290089 255 0 0
0.398406 -0.116178 0.290018 255 0 0
0.399566 -0.116667 0.289947 255 0 0
0.400748 -0.117187 0.289852 255 0 0
0.401875 -0.117780 0.289625 255 0 0
0.402878 -0.118156 0.289501 255 0 0
0.404419 -0.117945 0.289092 255 0 0
0.405458 -0.118338 0.288983 255 0 0
0.406641 -0.118830 0.288909 255 0 0
0.407808 -0.119320 0.288838 255 0 0
0.408973 -0.119816 0.288766 255 0 0
0.410139 -0.120306 0.288697 255 0 0
0.411308 -0.120790 0.288635 255 0 0
0.412480 -0.121277 0.288566 255 0 0
0.413610 -0.121759 0.288471 0 0 0
0.414719 -0.122342 0.288250 0 0 0
0.415935 -0.122758 0.288159 0 0 0
0.417130 -0.123244 0.288086 0 0 0
0.418261 -0.123842 0.288005 0 0 0
0.419225 -0.124352 0.287878 0 0 0
0.420589 -0.124297 0.287072 0 0 0
0.422039 -0.124085 0.286236 255 0 0
0.422823 -0.124515 0.286100 0 0 0
0.424442 -0.124442 0.285291 255 0 0
0.425223 -0.124883 0.285160 255 0 0
0.426861 -0.124766 0.284356 255 0 0
0.427862 -0.125141 0.284257 0 0 0
0.429057 -0.125640 0.284180 0 0 0
0.430237 -0.126152 0.284107 255 0 0
0.431363 -0.126745 0.284031 255 0 0
0.432506 -0.127355 0.283950 0 0 0
0.433523 -0.127774 0.283835 0 0 0
0.435156 -0.127728 0.283038 0 0 0
0.435968 -0.128026 0.282908 255 0 0
0.437585 -0.128072 0.282109 255 0 0
0.438418 -0.128402 0.281965 255 0 0
0.440015 -0.128453 0.281171 255 0 0
0.441020 -0.128880 0.281056 0 0 0
0.442037 -0.129382 0.280933 0 0 0
0.443508 -0.129246 0.280111 0 0 0
0.444970 -0.129155 0.279281 0 0 0
0.445799 -0.129639 0.279121 255 0 0
0.447246 -0.129674 0.278262 255 0 0
0.448546 -0.129569 0.277387 255 0 0
0.449749 -0.129478 0.276577 0 0 0
0.451560 -0.128655 0.274868 0 0 0
0.452207 -0.129123 0.274793 255 0 0
0.355036 -0.089815 0.280823 255 0 0
0.356556 -0.091998 0.282000 255 0 0
0.357258 -0.092211 0.282077 255 0 0
0.358855 -0.093351 0.282979 255 0 0
0.360033 -0.094629 0.283524 255 0 0
0.361326 -0.095800 0.284258 255 0 0
0.362683 -0.097148 0.284812 255 0 0
0.363597 -0.097311 0.285042 0 0 0
0.364879 -0.098755 0.285438 0 0 0
0.366396 -0.099978 0.286168 0 0 0
0.367132 -0.100212 0.286267 0 0 0
0.368883 -0.101565 0.286974 0 0 0
0.369663 -0.101796 0.287083 0 0 0
0.371276 -0.103205 0.287600 0 0 0
0.371957 -0.103536 0.287593 0 0 0
0.373564 -0.104939 0.288109 0 0 0
0.374336 -0.105166 0.288217 0 0 0
0.376029 -0.106495 0.288896 0 0 0
0.376972 -0.106913 0.288864 0 0 0
0.377918 -0.107324 0.288830 0 0 0
0.379605 -0.108642 0.289507 0 0 0
0.380378 -0.108874 0.289618 0 0 0
0.381813 -0.110338 0.289984 0 0 0
0.382871 -0.110673 0.290096 255 0 0
0.383928 -0.111007 0.290208 255 0 0
0.385359 -0.112511 0.290527 255 0 0
0.386283 -0.112867 0.290515 255 0 0
0.387432 -0.113147 0.290526 255 0 0
0.388713 -0.112898 0.290061 0 0 0
0.390089 -0.114333 0.290440 0 0 0
0.390998 -0.114727 0.290395 0 0 0
0.392188 -0.115227 0.290324 255 0 0
0.393350 -0.115715 0.290253 255 0 0
0.394511 -0.116202 0.290182 255 0 0
0.395673 -0.116689 0.290111 255 0 0
0.396834 -0.117176 0.290040 255 0 0
0.397996 -0.117663 0.289969 255 0 0
0.399178 -0.118156 0.289893 0 0 0
0.400192 -0.118520 0.289785 0 0 0
0.401730 -0.118354 0.289215 255 0 0
0.402700 -0.118822 0.289060 255 0 0
0.403802 -0.119436 0.288843 255 0 0
0.404985 -0.119956 0.288749 0 0 0
0.406147 -0.120445 0.288677 0 0 0
0.407307 -0.120918 0.288607 0 0 0
0.408498 -0.121315 0.288540 0 0 0
0.409687 -0.121790 0.288469 0 0 0
0.410849 -0.122277 0.288398 255 0 0
0.412013 -0.122765 0.288327 255 0 0
0.413208 -0.123267 0.288255 0 0 0
0.414116 -0.123646 0.288211 0 0 0
0.415618 -0.125186 0.288865 0 0 0
0.416365 -0.125483 0.288778 0 0 0
0.417974 -0.125431 0.287992 0 0 0
0.418778 -0.125724 0.287849 0 0 0
0.420305 -0.125772 0.287068 0 0 0
0.421125 -0.126179 0.286904 0 0 0
0.422715 -0.126155 0.286108 0 0 0
0.423491 -0.126509 0.285981 0 0 0
0.425127 -0.126400 0.285175 0 0 0
0.426082 -0.126955 0.285068 255 0 0
0.427243 -0.127484 0.284990 0 0 0
0.428436 -0.127982 0.284913 0 0 0
0.429444 -0.128387 0.284798 0 0 0
0.431046 -0.128332 0.284010 0 0 0
0.432051 -0.128719 0.283908 255 0 0
0.433054 -0.129106 0.283807 0 0 0
0.434687 -0.129075 0.283006 0 0 0
0.435503 -0.129482 0.282854 0 0 0
0.437087 -0.129555 0.282056 0 0 0
0.437897 -0.129860 0.281926 255 0 0
0.439550 -0.129825 0.281121 255 0 0
0.440565 -0.130324 0.281000 0 0 0
0.441563 -0.130754 0.280885 0 0 0
0.443144 -0.130833 0.280088 0 0 0
0.443966 -0.131232 0.279940 0 0 0
0.445468 -0.131104 0.279103 0 0 0
0.446778 -0.130874 0.278254 255 0 0
0.448070 -0.130766 0.277382 255 0 0
0.449369 -0.130663 0.276506 255 0 0
0.450625 -0.130683 0.275627 0 0 0
0.452002 -0.130494 0.274723 255 0 0
0.453154 -0.130503 0.273934 255 0 0
0.354647 -0.091515 0.280585 255 0 0
0.356110 -0.092731 0.281286 255 0 0
0.356856 -0.092940 0.281381 0 0 0
0.358639 -0.095193 0.282602 0 0 0
0.359397 -0.095336 0.282782 0 0 0
0.361164 -0.097515 0.284055 0 0 0
0.361989 -0.097674 0.284254 0 0 0
0.363524 -0.099181 0.284680 0 0 0
0.364384 -0.099339 0.284899 0 0 0
0.365903 -0.100557 0.285655 0 0 0
0.367039 -0.101829 0.286198 0 0 0
0.368410 -0.103157 0.286750 0 0 0
0.369193 -0.103393 0.286859 0 0 0
0.370784 -0.104800 0.287395 0 0 0
0.371842 -0.105135 0.287505 0 0 0
0.372906 -0.105469 0.287617 0 0 0
0.374228 -0.106776 0.288156 0 0 0
0.375550 -0.108088 0.288697 0 0 0
0.376601 -0.108406 0.288790 0 0 0
0.377552 -0.108835 0.288772 0 0 0
0.379086 -0.110214 0.289282 0 0 0
0.380135 -0.110549 0.289395 0 0 0
0.381187 -0.110874 0.289507 0 0 0
0.382710 -0.112243 0.290012 255 0 0
0.383630 -0.112664 0.289996 255 0 0
0.384931 -0.113077 0.290068 255 0 0
0.385839 -0.113430 0.290058 255 0 0
0.387229 -0.114958 0.290368 255 0 0
0.388259 -0.115337 0.290464 255 0 0
0.389474 -0.115763 0.290419 0 0 0
0.390630 -0.116234 0.290350 0 0 0
0.391790 -0.116721 0.290279 255 0 0
0.392949 -0.117207 0.290209 255 0 0
0.394108 -0.117694 0.290138 0 0 0
0.395267 -0.118180 0.290067 255 0 0
0.396427 -0.118666 0.289996 0 0 0
0.397586 -0.119152 0.289926 0 0 0
0.398744 -0.119639 0.289854 0 0 0
0.399906 -0.120182 0.289752 0 0 0
0.400864 -0.120749 0.289485 0 0 0
0.402360 -0.120582 0.288888 0 0 0
0.403377 -0.120942 0.288778 0 0 0
0.404559 -0.121435 0.288701 0 0 0
0.405746 -0.121942 0.288630 0 0 0
0.406658 -0.122345 0.288586 0 0 0
0.408061 -0.123797 0.289060 0 0 0
0.409090 -0.124116 0.289188 0 0 0
0.410286 -0.124625 0.289142 0 0 0
0.411447 -0.125107 0.289072 0 0 0
0.412604 -0.125592 0.289002 255 0 0
0.413789 -0.126065 0.288931 255 0 0
0.415006 -0.126453 0.288858 255 0 0
0.415963 -0.126818 0.288758 0 0 0
0.417544 -0.126773 0.287972 0 0 0
0.418335 -0.127155 0.287824 0 0 0
0.419919 -0.127124 0.287028 0 0 0
0.420714 -0.127493 0.286881 0 0 0
0.422281 -0.127469 0.286091 0 0 0
0.423257 -0.127988 0.285964 0 0 0
0.424227 -0.128505 0.285838 0 0 0
0.425820 -0.128446 0.285052 0 0 0
0.426795 -0.128831 0.284953 0 0 0
0.428014 -0.129326 0.284872 0 0 0
0.428987 -0.129710 0.284774 0 0 0
0.430586 -0.129655 0.283985 0 0 0
0.431599 -0.130073 0.283869 0 0 0
0.432757 -0.130686 0.283782 0 0 0
0.433717 -0.131190 0.283662 0 0 0
0.435157 -0.131060 0.282843 0 0 0
0.436609 -0.130914 0.282020 0 0 0
0.437592 -0.131434 0.281895 0 0 0
0.438568 -0.131944 0.281775 255 0 0
0.440227 -0.131917 0.280968 0 0 0
0.441014 -0.132202 0.280856 0 0 0
0.442703 -0.132177 0.280039 0 0 0
0.443517 -0.132578 0.279893 0 0 0
0.445097 -0.132688 0.279086 0 0 0
0.445917 -0.133090 0.278936 255 0 0
0.447398 -0.133098 0.278073 255 0 0
0.448686 -0.132999 0.277200 0 0 0
0.449979 -0.132909 0.276322 255 0 0
0.451280 -0.132807 0.275447 255 0 0
0.452583 -0.132688 0.274585 255 0 0
0.453831 -0.132484 0.273775 255 0 0
0.354607 -0.093042 0.280517 0 0 0
0.355352 -0.093347 0.280595 0 0 0
0.356712 -0.094711 0.281137 0 0 0
0.358113 -0.095773 0.282046 0 0 0
0.359245 -0.097050 0.282581 0 0 0
0.360537 -0.098215 0.283318 0 0 0
0.361963 -0.099545 0.283901 0 0 0
0.362824 -0.099705 0.284121 0 0 0
0.364213 -0.101040 0.284696 0 0 0
0.365360 -0.102309 0.285244 0 0 0
0.366870 -0.103526 0.286001 255 0 0
0.367722 -0.103678 0.286223 0 0 0
0.369227 -0.105171 0.286646 0 0 0
0.370121 -0.105327 0.286880 0 0 0
0.371727 -0.106733 0.287419 0 0 0
0.372404 -0.107061 0.287416 0 0 0
0.374005 -0.108462 0.287954 0 0 0
0.374893 -0.108613 0.288189 0 0 0
0.376374 -0.110133 0.288542 0 0 0
0.377311 -0.110499 0.288552 0 0 0
0.378449 -0.110740 0.288784 0 0 0
0.380006 -0.112131 0.289312 0 0 0
0.380675 -0.112456 0.289311 0 0 0
0.382225 -0.113838 0.289818 0 0 0
0.383236 -0.114144 0.289912 0 0 0
0.384427 -0.114655 0.289865 0 0 0
0.385624 -0.115159 0.289816 0 0 0
0.386639 -0.115457 0.289912 0 0 0
0.388144 -0.116820 0.290412 0 0 0
0.389051 -0.117230 0.290379 255 0 0
0.390236 -0.117726 0.290309 255 0 0
0.391393 -0.118211 0.290238 0 0 0
0.392550 -0.118697 0.290168 0 0 0
0.393707 -0.119182 0.290097 0 0 0
0.394864 -0.119667 0.290026 0 0 0
0.396020 -0.120152 0.289956 0 0 0
0.397178 -0.120635 0.289885 0 0 0
0.398352 -0.121121 0.289807 0 0 0
0.399386 -0.121507 0.289680 0 0 0
0.400830 -0.121395 0.289091 0 0 0
0.401783 -0.121902 0.288834 0 0 0
0.402980 -0.122429 0.288732 0 0 0
0.404132 -0.122901 0.288661 0 0 0
0.405320 -0.123288 0.288595 0 0 0
0.406542 -0.123783 0.288548 0 0 0
0.407571 -0.124100 0.288676 0 0 0
0.408971 -0.125552 0.289152 0 0 0
0.409878 -0.125949 0.289109 0 0 0
0.411062 -0.126446 0.289038 0 0 0
0.412219 -0.126932 0.288968 255 0 0
0.413374 -0.127421 0.288897 255 0 0
0.414528 -0.127922 0.288826 255 0 0
0.415677 -0.128429 0.288750 255 0 0
0.416633 -0.128885 0.288646 0 0 0
0.418239 -0.128780 0.287842 0 0 0
0.419026 -0.129229 0.287689 0 0 0
0.420575 -0.129241 0.286895 0 0 0
0.421338 -0.129594 0.286768 0 0 0
0.423027 -0.129461 0.285950 0 0 0
0.423791 -0.129815 0.285825 0 0 0
0.425369 -0.129775 0.285033 0 0 0
0.426377 -0.130190 0.284914 0 0 0
0.427540 -0.130788 0.284833 255 0 0
0.428646 -0.131312 0.284761 255 0 0
0.429814 -0.131890 0.284681 255 0 0
0.430817 -0.132300 0.284566 255 0 0
0.432453 -0.132243 0.283766 255 0 0
0.433227 -0.132520 0.283650 255 0 0
0.434859 -0.132519 0.282840 0 0 0
0.435638 -0.132983 0.282700 0 0 0
0.437335 -0.132895 0.281872 0 0 0
0.438100 -0.133256 0.281755 255 0 0
0.439731 -0.133247 0.280948 255 0 0
0.440708 -0.133771 0.280827 0 0 0
0.441686 -0.134280 0.280704 0 0 0
0.443154 -0.134158 0.279878 0 0 0
0.444649 -0.134029 0.279041 0 0 0
0.445467 -0.134427 0.278890 0 0 0
0.446906 -0.134421 0.278046 0 0 0
0.448178 -0.134299 0.277193 255 0 0
0.449512 -0.134095 0.276315 255 0 0
0.450805 -0.133999 0.275441 255 0 0
0.452282 -0.134047 0.274574 255 0 0
0.453005 -0.134544 0.274460 255 0 0
0.355194 -0.095091 0.280390 0 0 0
0.356406 -0.096239 0.281081 0 0 0
0.357682 -0.097414 0.281807 0 0 0
0.359081 -0.098743 0.282384 255 0 0
0.359929 -0.098922 0.282593 0 0 0
0.361466 -0.100132 0.283362 0 0 0
0.362620 -0.101398 0.283912 0 0 0
0.364013 -0.102729 0.284489 0 0 0
0.364861 -0.102886 0.284711 0 0 0
0.366373 -0.104111 0.285469 0 0 0
0.367631 -0.105540 0.285858 0 0 0
0.368539 -0.105692 0.286103 0 0 0
0.369900 -0.107020 0.286676 0 0 0
0.371231 -0.108319 0.287219 0 0 0
0.372289 -0.108653 0.287333 0 0 0
0.373341 -0.108986 0.287445 0 0 0
0.374894 -0.110376 0.287981 0 0 0
0.375918 -0.110700 0.288074 0 0 0
0.376847 -0.111056 0.288071 0 0 0
0.378194 -0.112415 0.288579 0 0 0
0.379495 -0.113706 0.289117 0 0 0
0.380547 -0.114035 0.289235 0 0 0
0.381594 -0.114362 0.289350 0 0 0
0.383114 -0.115731 0.289856 0 0 0
0.384019 -0.116133 0.289822 0 0 0
0.385234 -0.116641 0.289754 0 0 0
0.386133 -0.117038 0.289722 0 0 0
0.387765 -0.118327 0.290373 0 0 0
0.388659 -0.118718 0.290341 255 0 0
0.389844 -0.119214 0.290271 255 0 0
0.390998 -0.119698 0.290201 0 0 0
0.392153 -0.120182 0.290130 0 0 0
0.393307 -0.120666 0.290060 0 0 0
0.394462 -0.121149 0.289989 0 0 0
0.395613 -0.121629 0.289916 0 0 0
0.396787 -0.122144 0.289822 0 0 0
0.397907 -0.122734 0.289607 0 0 0
0.398867 -0.123131 0.289468 0 0 0
0.400350 -0.123031 0.288898 0 0 0
0.401383 -0.123417 0.288770 0 0 0
0.402584 -0.123919 0.288693 0 0 0
0.403488 -0.124313 0.288649 0 0 0
0.404949 -0.125830 0.289098 0 0 0
0.405835 -0.126169 0.289096 0 0 0
0.407124 -0.126579 0.289188 0 0 0
0.408316 -0.126977 0.289142 0 0 0
0.409466 -0.127443 0.289073 0 0 0
0.410622 -0.127930 0.289003 0 0 0
0.411775 -0.128425 0.288932 255 0 0
0.412920 -0.128895 0.288863 255 0 0
0.414111 -0.129283 0.288795 255 0 0
0.415274 -0.129854 0.288721 255 0 0
0.416380 -0.130371 0.288644 255 0 0
0.417360 -0.130861 0.288517 255 0 0
0.418749 -0.130698 0.287706 255 0 0
0.420150 -0.130519 0.286891 255 0 0
0.421141 -0.130938 0.286762 0 0 0
0.422113 -0.131417 0.286649 0 0 0
0.423671 -0.131414 0.285851 0 0 0
0.424654 -0.131895 0.285741 0 0 0
0.425630 -0.132384 0.285634 0 0 0
0.427252 -0.132241 0.284830 255 0 0
0.428234 -0.132627 0.284730 0 0 0
0.429418 -0.133222 0.284646 255 0 0
0.430371 -0.133641 0.284532 255 0 0
0.431927 -0.133686 0.283750 255 0 0
0.432908 -0.134118 0.283632 255 0 0
0.433885 -0.134584 0.283527 255 0 0
0.435560 -0.134484 0.282707 255 0 0
0.436310 -0.134922 0.282586 0 0 0
0.437982 -0.134870 0.281757 255 0 0
0.438734 -0.135311 0.281637 255 0 0
0.440447 -0.135226 0.280805 255 0 0
0.441209 -0.135588 0.280690 255 0 0
0.442838 -0.135611 0.279871 0 0 0
0.443638 -0.136092 0.279716 0 0 0
0.445117 -0.136017 0.278854 0 0 0
0.446378 -0.135897 0.278003 0 0 0
0.447817 -0.135903 0.277155 0 0 0
0.448635 -0.136305 0.277004 255 0 0
0.450124 -0.136318 0.276137 255 0 0
0.451398 -0.136212 0.275285 0 0 0
0.452798 -0.135888 0.274396 0 0 0
0.453937 -0.135891 0.273608 255 0 0
0.354893 -0.096506 0.280330 255 0 0
0.356118 -0.097764 0.281036 255 0 0
0.357479 -0.099107 0.281596 255 0 0
0.358387 -0.099273 0.281828 255 0 0
0.359773 -0.100604 0.282405 0 0 0
0.361036 -0.101776 0.283130 0 0 0
0.362414 -0.103093 0.283704 0 0 0
0.363316 -0.103252 0.283940 0 0 0
0.364683 -0.104574 0.284515 0 0 0
0.366181 -0.105821 0.285238 0 0 0
0.366979 -0.105976 0.285365 0 0 0
0.368323 -0.107387 0.285921 0 0 0
0.369807 -0.108623 0.286623 0 0 0
0.370571 -0.108848 0.286733 0 0 0
0.372180 -0.110247 0.287256 0 0 0
0.372835 -0.110564 0.287252 0 0 0
0.374531 -0.111875 0.287911 0 0 0
0.375460 -0.112285 0.287878 0 0 0
0.376396 -0.112693 0.287845 0 0 0
0.378086 -0.114008 0.288530 0 0 0
0.378839 -0.114227 0.288643 0 0 0
0.380424 -0.115617 0.289162 0 0 0
0.381072 -0.115929 0.289162 0 0 0
0.382746 -0.117227 0.289816 0 0 0
0.383639 -0.117622 0.289785 0 0 0
0.384853 -0.118130 0.289717 0 0 0
0.385748 -0.118522 0.289684 0 0 0
0.387380 -0.119813 0.290338 0 0 0
0.388270 -0.120203 0.290306 255 0 0
0.389453 -0.120698 0.290237 255 0 0
0.390605 -0.121181 0.290167 255 0 0
0.391757 -0.121664 0.290096 255 0 0
0.392906 -0.122148 0.290025 0 0 0
0.394076 -0.122666 0.289930 255 0 0
0.395189 -0.123254 0.289703 255 0 0
0.396179 -0.123625 0.289576 255 0 0
0.397701 -0.123417 0.289175 255 0 0
0.398695 -0.123795 0.289042 255 0 0
0.399815 -0.124381 0.288824 255 0 0
0.400987 -0.124898 0.288730 0 0 0
0.402136 -0.125388 0.288660 0 0 0
0.403299 -0.125884 0.288609 0 0 0
0.404568 -0.126280 0.288694 0 0 0
0.405459 -0.126624 0.288689 0 0 0
0.406947 -0.128006 0.289142 0 0 0
0.407856 -0.128417 0.289111 0 0 0
0.409037 -0.128913 0.289041 0 0 0
0.410185 -0.129381 0.288972 0 0 0
0.411396 -0.129780 0.288904 0 0 0
0.412316 -0.130147 0.288864 0 0 0
0.413630 -0.131559 0.289474 0 0 0
0.414996 -0.131328 0.288737 255 0 0
0.415982 -0.131787 0.288620 255 0 0
0.416926 -0.132182 0.288513 255 0 0
0.418458 -0.132152 0.287732 255 0 0
0.419415 -0.132739 0.287606 255 0 0
0.420575 -0.133262 0.287523 0 0 0
0.421546 -0.133631 0.287423 0 0 0
0.423161 -0.133607 0.286613 0 0 0
0.423922 -0.133950 0.286484 0 0 0
0.425531 -0.133837 0.285672 0 0 0
0.426507 -0.134325 0.285564 0 0 0
0.427479 -0.134806 0.285458 0 0 0
0.429132 -0.134698 0.284641 0 0 0
0.429880 -0.135055 0.284520 0 0 0
0.431485 -0.135016 0.283719 255 0 0
0.432490 -0.135426 0.283602 255 0 0
0.433638 -0.136035 0.283517 255 0 0
0.434578 -0.136548 0.283401 255 0 0
0.436199 -0.136537 0.282594 255 0 0
0.436949 -0.136893 0.282477 0 0 0
0.438660 -0.136805 0.281644 0 0 0
0.439405 -0.137245 0.281525 255 0 0
0.441085 -0.137196 0.280691 255 0 0
0.441858 -0.137655 0.280551 0 0 0
0.443331 -0.137581 0.279688 0 0 0
0.444585 -0.137461 0.278835 0 0 0
0.445847 -0.137336 0.277980 0 0 0
0.447369 -0.137233 0.277111 0 0 0
0.448181 -0.137633 0.276962 0 0 0
0.449609 -0.137625 0.276137 255 0 0
0.451106 -0.137546 0.275274 255 0 0
0.451923 -0.138048 0.275112 255 0 0
0.453264 -0.138078 0.274331 0 0 0
0.355946 -0.099496 0.280827 255 0 0
0.356775 -0.099639 0.281037 255 0 0
0.358183 -0.100970 0.281622 255 0 0
0.359439 -0.102128 0.282346 255 0 0
0.360944 -0.103388 0.283070 0 0 0
0.361723 -0.103623 0.283179 0 0 0
0.363108 -0.104938 0.283741 0 0 0
0.364344 -0.106096 0.284463 0 0 0
0.365571 -0.107229 0.285176 0 0 0
0.367048 -0.108588 0.285886 0 0 0
0.367712 -0.108820 0.285886 0 0 0
0.369453 -0.110124 0.286553 0 0 0
0.370098 -0.110435 0.286550 0 0 0
0.371833 -0.111759 0.287212 0 0 0
0.372472 -0.112071 0.287209 0 0 0
0.374172 -0.113373 0.287870 0 0 0
0.375099 -0.113780 0.287836 0 0 0
0.376027 -0.114186 0.287803 0 0 0
0.377714 -0.115497 0.288465 0 0 0
0.378351 -0.115801 0.288464 0 0 0
0.380062 -0.117110 0.289124 0 0 0
0.380706 -0.117422 0.289124 0 0 0
0.382253 -0.118799 0.289634 0 0 0
0.383257 -0.119102 0.289730 0 0 0
0.384472 -0.119619 0.289683 0 0 0
0.385364 -0.120007 0.289652 0 0 0
0.386997 -0.121296 0.290307 0 0 0
0.387883 -0.121685 0.290275 0 0 0
0.389063 -0.122178 0.290206 255 0 0
0.390213 -0.122661 0.290136 255 0 0
0.391363 -0.123143 0.290066 255 0 0
0.392533 -0.123630 0.289990 255 0 0
0.393535 -0.123987 0.289880 255 0 0
0.395051 -0.123819 0.289314 255 0 0
0.396008 -0.124284 0.289155 255 0 0
0.397094 -0.124894 0.288937 255 0 0
0.398267 -0.125409 0.288841 255 0 0
0.399418 -0.125889 0.288769 255 0 0
0.400566 -0.126356 0.288699 255 0 0
0.401746 -0.126740 0.288631 0 0 0
0.402926 -0.127209 0.288562 0 0 0
0.404104 -0.127707 0.288495 0 0 0
0.405002 -0.128094 0.288467 0 0 0
0.406542 -0.129500 0.289125 0 0 0
0.407426 -0.129879 0.289084 0 0 0
0.408636 -0.130391 0.289013 0 0 0
0.409519 -0.130780 0.288972 0 0 0
0.411044 -0.132173 0.289633 0 0 0
0.411964 -0.132546 0.289604 0 0 0
0.413176 -0.132985 0.289506 0 0 0
0.414102 -0.133544 0.289243 0 0 0
0.415646 -0.133388 0.288630 255 0 0
0.416625 -0.133771 0.288522 255 0 0
0.417586 -0.134235 0.288415 255 0 0
0.419220 -0.134082 0.287610 255 0 0
0.420167 -0.134542 0.287508 255 0 0
0.421293 -0.135082 0.287426 255 0 0
0.422260 -0.135579 0.287305 0 0 0
0.423813 -0.135547 0.286517 0 0 0
0.424761 -0.136018 0.286409 0 0 0
0.425776 -0.136432 0.286286 255 0 0
0.427369 -0.136389 0.285487 255 0 0
0.428108 -0.136744 0.285366 0 0 0
0.429765 -0.136650 0.284546 0 0 0
0.430714 -0.137208 0.284437 255 0 0
0.431692 -0.137646 0.284317 255 0 0
0.433333 -0.137600 0.283511 255 0 0
0.434089 -0.137872 0.283397 255 0 0
0.435744 -0.137828 0.282586 255 0 0
0.436702 -0.138348 0.282465 255 0 0
0.437656 -0.138865 0.282345 0 0 0
0.439288 -0.138855 0.281532 0 0 0
0.440058 -0.139231 0.281398 0 0 0
0.441551 -0.139097 0.280555 255 0 0
0.442835 -0.138869 0.279700 0 0 0
0.444100 -0.138767 0.278823 0 0 0
0.445543 -0.138805 0.277953 0 0 0
0.446338 -0.139298 0.277796 0 0 0
0.447808 -0.139206 0.276955 0 0 0
0.449288 -0.139107 0.276110 0 0 0
0.450089 -0.139588 0.275958 255 0 0
0.451583 -0.139500 0.275105 255 0 0
0.452809 -0.139262 0.274315 0 0 0
0.355474 -0.100076 0.280309 255 0 0
0.356583 -0.101331 0.280835 255 0 0
0.357851 -0.102495 0.281565 255 0 0
0.359098 -0.103652 0.282293 255 0 0
0.360605 -0.104895 0.282993 255 0 0
0.361272 -0.105217 0.282990 0 0 0
0.362772 -0.106458 0.283691 0 0 0
0.364003 -0.107607 0.284419 0 0 0
0.365229 -0.108751 0.285146 0 0 0
0.366721 -0.109971 0.285851 0 0 0
0.367377 -0.110198 0.285850 0 0 0
0.369107 -0.111643 0.286523 0 0 0
0.369742 -0.111940 0.286510 0 0 0
0.371479 -0.113240 0.287175 0 0 0
0.372131 -0.113457 0.287176 0 0 0
0.373817 -0.114885 0.287846 0 0 0
0.374737 -0.115273 0.287802 0 0 0
0.375661 -0.115681 0.287768 0 0 0
0.377350 -0.116987 0.288429 0 0 0
0.377990 -0.117297 0.288428 0 0 0
0.379537 -0.118672 0.288931 0 0 0
0.380583 -0.118993 0.289058 0 0 0
0.381621 -0.119320 0.289176 0 0 0
0.383140 -0.120679 0.289684 0 0 0
0.384065 -0.121089 0.289653 0 0 0
0.384981 -0.121487 0.289623 0 0 0
0.386616 -0.122771 0.290277 0 0 0
0.387499 -0.123162 0.290247 0 0 0
0.388676 -0.123656 0.290179 255 0 0
0.389823 -0.124137 0.290109 255 0 0
0.390970 -0.124618 0.290039 255 0 0
0.392120 -0.125101 0.289968 255 0 0
0.393249 -0.125612 0.289891 255 0 0
0.394233 -0.126096 0.289760 255 0 0
0.395721 -0.126026 0.288999 255 0 0
0.396681 -0.126390 0.288888 255 0 0
0.397857 -0.126874 0.288811 255 0 0
0.399038 -0.127370 0.288741 255 0 0
0.399921 -0.127749 0.288699 255 0 0
0.401472 -0.129165 0.289362 255 0 0
0.402359 -0.129547 0.289334 255 0 0
0.403535 -0.130039 0.289266 255 0 0
0.404710 -0.130507 0.289195 0 0 0
0.405884 -0.130898 0.289127 0 0 0
0.407026 -0.131369 0.289058 0 0 0
0.408197 -0.131843 0.288991 0 0 0
0.409126 -0.132124 0.288965 0 0 0
0.410681 -0.133494 0.289628 0 0 0
0.411576 -0.133879 0.289582 0 0 0
0.412611 -0.134283 0.289460 0 0 0
0.414091 -0.134192 0.288855 0 0 0
0.415023 -0.134686 0.288602 0 0 0
0.416216 -0.135201 0.288499 0 0 0
0.417346 -0.135704 0.288421 255 0 0
0.418303 -0.136195 0.288301 255 0 0
0.419878 -0.136136 0.287513 255 0 0
0.420851 -0.136514 0.287408 255 0 0
0.421822 -0.136886 0.287303 0 0 0
0.423407 -0.136835 0.286513 0 0 0
0.424394 -0.137323 0.286386 0 0 0
0.425347 -0.137752 0.286266 0 0 0
0.426888 -0.137795 0.285485 255 0 0
0.427849 -0.138212 0.285364 255 0 0
0.428830 -0.138713 0.285240 255 0 0
0.430464 -0.138667 0.284434 255 0 0
0.431212 -0.138935 0.284319 255 0 0
0.432854 -0.138887 0.283511 255 0 0
0.433834 -0.139326 0.283391 255 0 0
0.434776 -0.139886 0.283285 255 0 0
0.436458 -0.139796 0.282457 255 0 0
0.437197 -0.140151 0.282342 255 0 0
0.438847 -0.140149 0.281520 0 0 0
0.439632 -0.140546 0.281371 0 0 0
0.441196 -0.140667 0.280561 0 0 0
0.441985 -0.141062 0.280410 255 0 0
0.443437 -0.141052 0.279565 0 0 0
0.444742 -0.140838 0.278684 0 0 0
0.446055 -0.140618 0.277803 0 0 0
0.447484 -0.140646 0.276956 0 0 0
0.448279 -0.141130 0.276801 0 0 0
0.449755 -0.141043 0.275956 0 0 0
0.451249 -0.140966 0.275111 0 0 0
0.451948 -0.141438 0.275001 255 0 0
0.355057 -0.101717 0.280083 0 0 0
0.356256 -0.102859 0.280781 0 0 0
0.357516 -0.104017 0.281515 255 0 0
0.358769 -0.105180 0.282244 255 0 0
0.360145 -0.106490 0.282796 255 0 0
0.360929 -0.106717 0.282916 255 0 0
0.362427 -0.107972 0.283645 255 0 0
0.363667 -0.109128 0.284377 0 0 0
0.364776 -0.110370 0.284917 0 0 0
0.366153 -0.111382 0.285838 0 0 0
0.367423 -0.112798 0.286372 0 0 0
0.368494 -0.113030 0.286487 0 0 0
0.369436 -0.113339 0.286479 0 0 0
0.370871 -0.114675 0.287172 0 0 0
0.372155 -0.116048 0.287701 0 0 0
0.373193 -0.116276 0.287814 0 0 0
0.374405 -0.116782 0.287768 0 0 0
0.375298 -0.117173 0.287736 0 0 0
0.376961 -0.118464 0.288397 0 0 0
0.377875 -0.118863 0.288386 0 0 0
0.378942 -0.119098 0.288501 0 0 0
0.380471 -0.120578 0.289008 0 0 0
0.381101 -0.120870 0.288999 0 0 0
0.382775 -0.122165 0.289655 0 0 0
0.383685 -0.122565 0.289626 0 0 0
0.384609 -0.122977 0.289596 0 0 0
0.386106 -0.124333 0.290093 0 0 0
0.387109 -0.124629 0.290200 0 0 0
0.388289 -0.125133 0.290154 0 0 0
0.389435 -0.125610 0.290085 0 0 0
0.390580 -0.126090 0.290015 0 0 0
0.391725 -0.126570 0.289945 0 0 0
0.392896 -0.127053 0.289869 255 0 0
0.393849 -0.127419 0.289760 255 0 0
0.395337 -0.127342 0.288996 255 0 0
0.396319 -0.127839 0.288864 255 0 0
0.397446 -0.128344 0.288787 255 0 0
0.398629 -0.128836 0.288718 255 0 0
0.399518 -0.129233 0.288689 255 0 0
0.401116 -0.130477 0.289344 255 0 0
0.402002 -0.130866 0.289315 255 0 0
0.403178 -0.131361 0.289247 255 0 0
0.404312 -0.131836 0.289178 255 0 0
0.405487 -0.132214 0.289110 255 0 0
0.406692 -0.132696 0.289039 0 0 0
0.407570 -0.133062 0.288999 0 0 0
0.409080 -0.134595 0.289677 0 0 0
0.409983 -0.134874 0.289637 0 0 0
0.411176 -0.135356 0.289563 0 0 0
0.412116 -0.135727 0.289461 0 0 0
0.413670 -0.135665 0.288681 0 0 0
0.414632 -0.136144 0.288555 0 0 0
0.415762 -0.136652 0.288478 0 0 0
0.416933 -0.137138 0.288401 0 0 0
0.417895 -0.137528 0.288284 0 0 0
0.419408 -0.137556 0.287511 255 0 0
0.420374 -0.137957 0.287392 255 0 0
0.421546 -0.138503 0.287283 255 0 0
0.422476 -0.139074 0.287010 0 0 0
0.424063 -0.138926 0.286390 0 0 0
0.424840 -0.139178 0.286269 0 0 0
0.426461 -0.139130 0.285465 0 0 0
0.427447 -0.139623 0.285341 0 0 0
0.428379 -0.140016 0.285239 0 0 0
0.429990 -0.139977 0.284438 0 0 0
0.430918 -0.140493 0.284322 0 0 0
0.432054 -0.141101 0.284237 0 0 0
0.433042 -0.141506 0.284122 255 0 0
0.434661 -0.141472 0.283312 255 0 0
0.435389 -0.141828 0.283197 255 0 0
0.437093 -0.141751 0.282357 255 0 0
0.437846 -0.142204 0.282218 255 0 0
0.439283 -0.142113 0.281381 255 0 0
0.440767 -0.141977 0.280535 255 0 0
0.441551 -0.142371 0.280386 255 0 0
0.443124 -0.142486 0.279572 255 0 0
0.443907 -0.142892 0.279421 0 0 0
0.445380 -0.142911 0.278546 0 0 0
0.446641 -0.142822 0.277670 0 0 0
0.447948 -0.142583 0.276809 0 0 0
0.449428 -0.142492 0.275957 0 0 0
0.450214 -0.142986 0.275805 0 0 0
0.451711 -0.142887 0.274949 255 0 0
0.452899 -0.142811 0.274135 255 0 0
0.354726 -0.103247 0.280031 0 0 0
0.355924 -0.104382 0.280731 0 0 0
0.357179 -0.105534 0.281466 0 0 0
0.358688 -0.106775 0.282197 0 0 0
0.359487 -0.106933 0.282325 0 0 0
0.360845 -0.108344 0.282887 0 0 0
0.362085 -0.109475 0.283602 0 0 0
0.363589 -0.110711 0.284334 0 0 0
0.364290 -0.110845 0.284445 0 0 0
0.365925 -0.113101 0.285654 0 0 0
0.366790 -0.113224 0.285902 0 0 0
0.368138 -0.114518 0.286456 0 0 0
0.369438 -0.115921 0.287004 0 0 0
0.370513 -0.116169 0.287141 0 0 0
0.371556 -0.116481 0.287267 0 0 0
0.373094 -0.117848 0.287771 0 0 0
0.374018 -0.118259 0.287739 0 0 0
0.374935 -0.118660 0.287707 0 0 0
0.376624 -0.119965 0.288369 0 0 0
0.377250 -0.120256 0.288359 0 0 0
0.378784 -0.121731 0.288865 0 0 0
0.379842 -0.121964 0.288981 0 0 0
0.380762 -0.122370 0.288972 0 0 0
0.382282 -0.123723 0.289482 0 0 0
0.383279 -0.124021 0.289581 0 0 0
0.384486 -0.124530 0.289559 0 0 0
0.385516 -0.124747 0.289676 0 0 0
0.386997 -0.126206 0.290177 0 0 0
0.387876 -0.126586 0.290135 0 0 0
0.389048 -0.127079 0.290065 0 0 0
0.390191 -0.127558 0.289995 0 0 0
0.391333 -0.128037 0.289925 0 0 0
0.392479 -0.128517 0.289855 255 0 0
0.393606 -0.129026 0.289780 255 0 0
0.394554 -0.129479 0.289670 255 0 0
0.396108 -0.129320 0.288882 255 0 0
0.397061 -0.129776 0.288772 255 0 0
0.398217 -0.130279 0.288699 255 0 0
0.399133 -0.130569 0.288672 255 0 0
0.400710 -0.131963 0.289339 255 0 0
0.401585 -0.132336 0.289298 255 0 0
0.402784 -0.132826 0.289229 255 0 0
0.403686 -0.133102 0.289190 255 0 0
0.405205 -0.134640 0.289870 255 0 0
0.406075 -0.135002 0.289829 0 0 0
0.407275 -0.135480 0.289759 0 0 0
0.408450 -0.135847 0.289691 0 0 0
0.409580 -0.136316 0.289623 0 0 0
0.410722 -0.136799 0.289552 0 0 0
0.411864 -0.137338 0.289448 0 0 0
0.412789 -0.137906 0.289172 0 0 0
0.414318 -0.137744 0.288570 0 0 0
0.415300 -0.138093 0.288467 0 0 0
0.416486 -0.138586 0.288385 0 0 0
0.417444 -0.138982 0.288267 0 0 0
0.418961 -0.139003 0.287493 0 0 0
0.419944 -0.139406 0.287370 255 0 0
0.420943 -0.139767 0.287263 255 0 0
0.422501 -0.139612 0.286651 255 0 0
0.423435 -0.140186 0.286377 0 0 0
0.424572 -0.140750 0.286268 0 0 0
0.425524 -0.141231 0.286147 0 0 0
0.427128 -0.141185 0.285351 0 0 0
0.428061 -0.141586 0.285249 0 0 0
0.429014 -0.142053 0.285146 255 0 0
0.430691 -0.141923 0.284326 0 0 0
0.431646 -0.142385 0.284222 0 0 0
0.432600 -0.142812 0.284106 0 0 0
0.434165 -0.142868 0.283314 0 0 0
0.435123 -0.143283 0.283197 255 0 0
0.436100 -0.143781 0.283072 255 0 0
0.437550 -0.143636 0.282239 255 0 0
0.438984 -0.143542 0.281398 255 0 0
0.439760 -0.144022 0.281237 255 0 0
0.441200 -0.143934 0.280396 255 0 0
0.442690 -0.143801 0.279548 255 0 0
0.443475 -0.144194 0.279396 255 0 0
0.444882 -0.144184 0.278567 255 0 0
0.446189 -0.143962 0.277689 0 0 0
0.447632 -0.144020 0.276815 0 0 0
0.448394 -0.144493 0.276677 0 0 0
0.449934 -0.144294 0.275809 0 0 0
0.451379 -0.144342 0.274963 0 0 0
0.452071 -0.144814 0.274850 0 0 0
0.453742 -0.144130 0.273166 255 0 0
0.354429 -0.104636 0.279989 255 0 0
0.355635 -0.105900 0.280708 255 0 0
0.356842 -0.107063 0.281421 255 0 0
0.358092 -0.108182 0.282141 0 0 0
0.359587 -0.109544 0.282859 0 0 0
0.360249 -0.109775 0.282861 0 0 0
0.361746 -0.110998 0.283566 0 0 0
0.362966 -0.112119 0.284281 0 0 0
0.364449 -0.113451 0.285030 0 0 0
0.365242 -0.113523 0.285165 0 0 0
0.366579 -0.114907 0.285730 0 0 0
0.368063 -0.116135 0.286441 0 0 0
0.368812 -0.116355 0.286561 0 0 0
0.370414 -0.117733 0.287081 0 0 0
0.371046 -0.118045 0.287081 0 0 0
0.372748 -0.119344 0.287745 0 0 0
0.373660 -0.119744 0.287713 0 0 0
0.374574 -0.120144 0.287682 0 0 0
0.376239 -0.121426 0.288343 0 0 0
0.377152 -0.121843 0.288334 0 0 0
0.378189 -0.122151 0.288443 0 0 0
0.379705 -0.123505 0.288946 0 0 0
0.380625 -0.123927 0.288936 0 0 0
0.381650 -0.124236 0.289035 0 0 0
0.383193 -0.125599 0.289545 0 0 0
0.383820 -0.125899 0.289538 0 0 0
0.385331 -0.127366 0.290044 0 0 0
0.386352 -0.127580 0.290159 0 0 0
0.387522 -0.128067 0.290116 0 0 0
0.388663 -0.128544 0.290048 0 0 0
0.389804 -0.129021 0.289978 0 0 0
0.390944 -0.129496 0.289907 0 0 0
0.392085 -0.129978 0.289839 0 0 0
0.393230 -0.130453 0.289769 255 0 0
0.394349 -0.130951 0.289691 255 0 0
0.395319 -0.131442 0.289559 255 0 0
0.396847 -0.131379 0.288791 255 0 0
0.397527 -0.131645 0.288715 255 0 0
0.399132 -0.133041 0.289373 0 0 0
0.400036 -0.133331 0.289349 255 0 0
0.401232 -0.133817 0.289283 255 0 0
0.402105 -0.134190 0.289242 255 0 0
0.403675 -0.135578 0.289910 255 0 0
0.404584 -0.135850 0.289885 255 0 0
0.405744 -0.136319 0.289819 255 0 0
0.406879 -0.136812 0.289749 255 0 0
0.408011 -0.137302 0.289680 0 0 0
0.409148 -0.137780 0.289610 0 0 0
0.410311 -0.138252 0.289535 0 0 0
0.411289 -0.138596 0.289432 0 0 0
0.412815 -0.138431 0.288829 0 0 0
0.413741 -0.139001 0.288552 0 0 0
0.414882 -0.139540 0.288449 0 0 0
0.416044 -0.140027 0.288371 0 0 0
0.416998 -0.140422 0.288253 0 0 0
0.418513 -0.140444 0.287479 0 0 0
0.419473 -0.140842 0.287360 255 0 0
0.420623 -0.141357 0.287277 255 0 0
0.421571 -0.141839 0.287158 255 0 0
0.423157 -0.141787 0.286362 255 0 0
0.424134 -0.142190 0.286231 0 0 0
0.425083 -0.142686 0.285975 0 0 0
0.426602 -0.142615 0.285355 255 0 0
0.427606 -0.142995 0.285237 255 0 0
0.428775 -0.143530 0.285130 255 0 0
0.429696 -0.144105 0.284870 255 0 0
0.431314 -0.143972 0.284228 0 0 0
0.432078 -0.144228 0.284113 0 0 0
0.433725 -0.144190 0.283298 0 0 0
0.434700 -0.144684 0.283176 0 0 0
0.435651 -0.145101 0.283060 255 0 0
0.437216 -0.145187 0.282257 255 0 0
0.437984 -0.145585 0.282105 255 0 0
0.439456 -0.145461 0.281259 255 0 0
0.440899 -0.145359 0.280415 255 0 0
0.441671 -0.145840 0.280256 255 0 0
0.443118 -0.145755 0.279411 255 0 0
0.444579 -0.145651 0.278563 255 0 0
0.445353 -0.146132 0.278406 255 0 0
0.446769 -0.146168 0.277562 255 0 0
0.448304 -0.145962 0.276691 0 0 0
0.449058 -0.146433 0.276554 0 0 0
0.450514 -0.146485 0.275678 0 0 0
0.451849 -0.146287 0.274782 0 0 0
0.452953 -0.146279 0.274007 255 0 0
0.355362 -0.107309 0.280686 255 0 0
0.356554 -0.108459 0.281408 255 0 0
0.357761 -0.109741 0.282139 0 0 0
0.359274 -0.110920 0.282830 0 0 0
0.359931 -0.111149 0.282831 0 0 0
0.361452 -0.112382 0.283556 0 0 0
0.362674 -0.113522 0.284291 0 0 0
0.363863 -0.114755 0.285009 0 0 0
0.365333 -0.116103 0.285711 0 0 0
0.365971 -0.116324 0.285712 0 0 0
0.367717 -0.117597 0.286387 0 0 0
0.368353 -0.117809 0.286390 0 0 0
0.370078 -0.119242 0.287068 0 0 0
0.370694 -0.119521 0.287057 0 0 0
0.372397 -0.120823 0.287720 0 0 0
0.373304 -0.121224 0.287690 0 0 0
0.374223 -0.121634 0.287660 0 0 0
0.375759 -0.122990 0.288172 0 0 0
0.376783 -0.123302 0.288271 0 0 0
0.377692 -0.123717 0.288263 0 0 0
0.379350 -0.124988 0.288923 0 0 0
0.380251 -0.125385 0.288894 0 0 0
0.381168 -0.125799 0.288867 0 0 0
0.382683 -0.127142 0.289378 0 0 0
0.383705 -0.127458 0.289498 0 0 0
0.384748 -0.127786 0.289630 0 0 0
0.386115 -0.129203 0.289981 0 0 0
0.387109 -0.129504 0.290077 0 0 0
0.388278 -0.130003 0.290030 0 0 0
0.389442 -0.130519 0.289933 0 0 0
0.390484 -0.131054 0.289754 0 0 0
0.391676 -0.131425 0.289801 255 0 0
0.392849 -0.131945 0.289726 255 0 0
0.393955 -0.132521 0.289513 255 0 0
0.394890 -0.132903 0.289372 255 0 0
0.396384 -0.132820 0.288799 255 0 0
0.397147 -0.133124 0.288715 255 0 0
0.398635 -0.134452 0.289215 0 0 0
0.399619 -0.134759 0.289315 0 0 0
0.400820 -0.135281 0.289271 255 0 0
0.401696 -0.135666 0.289245 255 0 0
0.403286 -0.136899 0.289903 255 0 0
0.404159 -0.137292 0.289877 255 0 0
0.405319 -0.137764 0.289810 255 0 0
0.406487 -0.138134 0.289742 255 0 0
0.407650 -0.138594 0.289672 255 0 0
0.408785 -0.139082 0.289602 0 0 0
0.409901 -0.139661 0.289531 0 0 0
0.410982 -0.140192 0.289456 0 0 0
0.411933 -0.140676 0.289332 0 0 0
0.413485 -0.140619 0.288546 0 0 0
0.414415 -0.140977 0.288444 0 0 0
0.415603 -0.141464 0.288361 0 0 0
0.416554 -0.141855 0.288241 0 0 0
0.418068 -0.141880 0.287468 0 0 0
0.419023 -0.142275 0.287349 0 0 0
0.420209 -0.142762 0.287264 0 0 0
0.421161 -0.143149 0.287147 255 0 0
0.422707 -0.143194 0.286361 255 0 0
0.423491 -0.143471 0.286222 255 0 0
0.425083 -0.143333 0.285584 0 0 0
0.426008 -0.143901 0.285321 255 0 0
0.427174 -0.144443 0.285214 255 0 0
0.428168 -0.144825 0.285097 255 0 0
0.429697 -0.144759 0.284472 255 0 0
0.430627 -0.145251 0.284223 255 0 0
0.431803 -0.145792 0.284115 0 0 0
0.432744 -0.146277 0.283999 0 0 0
0.434392 -0.146244 0.283181 0 0 0
0.435137 -0.146534 0.283053 0 0 0
0.436765 -0.146592 0.282239 255 0 0
0.437516 -0.146877 0.282111 255 0 0
0.439160 -0.146890 0.281281 255 0 0
0.439920 -0.147369 0.281126 255 0 0
0.441366 -0.147263 0.280280 255 0 0
0.442814 -0.147176 0.279432 255 0 0
0.443581 -0.147657 0.279275 255 0 0
0.445037 -0.147565 0.278427 255 0 0
0.446503 -0.147461 0.277576 255 0 0
0.447268 -0.147970 0.277421 0 0 0
0.448755 -0.147891 0.276545 0 0 0
0.450005 -0.147755 0.275702 0 0 0
0.451337 -0.147550 0.274806 0 0 0
0.452529 -0.147456 0.273984 0 0 0
0.355084 -0.109574 0.281430 0 0 0
0.356561 -0.110901 0.282135 0 0 0
0.357187 -0.111037 0.282128 0 0 0
0.358683 -0.112363 0.282831 255 0 0
0.359882 -0.113609 0.283550 255 0 0
0.361104 -0.114746 0.284286 255 0 0
0.362619 -0.115970 0.285010 0 0 0
0.363261 -0.116186 0.285015 0 0 0
0.365014 -0.117459 0.285691 0 0 0
0.365647 -0.117676 0.285693 0 0 0
0.367110 -0.119008 0.286396 0 0 0
0.368537 -0.120325 0.287093 0 0 0
0.369463 -0.120630 0.287067 0 0 0
0.370378 -0.121026 0.287038 0 0 0
0.371914 -0.122386 0.287542 0 0 0
0.372919 -0.122678 0.287649 0 0 0
0.374127 -0.123209 0.287626 0 0 0
0.375124 -0.123505 0.287724 0 0 0
0.376684 -0.124865 0.288239 0 0 0
0.377313 -0.125178 0.288241 0 0 0
0.378901 -0.126597 0.288718 0 0 0
0.379765 -0.126922 0.288716 0 0 0
0.381053 -0.127343 0.288814 0 0 0
0.382058 -0.127665 0.288932 0 0 0
0.383441 -0.129077 0.289297 0 0 0
0.384470 -0.129408 0.289420 0 0 0
0.385496 -0.129731 0.289540 0 0 0
0.386906 -0.131193 0.289860 0 0 0
0.387829 -0.131580 0.289814 0 0 0
0.388874 -0.131969 0.289690 255 0 0
0.390116 -0.131719 0.289370 255 0 0
0.391450 -0.133099 0.289565 255 0 0
0.392236 -0.133390 0.289493 255 0 0
0.393747 -0.133209 0.289103 255 0 0
0.394724 -0.133568 0.288969 255 0 0
0.395831 -0.134142 0.288751 255 0 0
0.397020 -0.134683 0.288680 255 0 0
0.398002 -0.134983 0.288779 255 0 0
0.399472 -0.136278 0.289290 255 0 0
0.400414 -0.136585 0.289265 0 0 0
0.401345 -0.136953 0.289241 0 0 0
0.402885 -0.138365 0.289912 0 0 0
0.403774 -0.138749 0.289872 0 0 0
0.404661 -0.139142 0.289833 0 0 0
0.406191 -0.140542 0.290502 0 0 0
0.407099 -0.140952 0.290441 0 0 0
0.408062 -0.141428 0.290166 255 0 0
0.409577 -0.141250 0.289568 0 0 0
0.410577 -0.141596 0.289457 0 0 0
0.411521 -0.141958 0.289351 0 0 0
0.413074 -0.141899 0.288562 0 0 0
0.414019 -0.142386 0.288437 0 0 0
0.415176 -0.142932 0.288327 0 0 0
0.416091 -0.143422 0.288073 0 0 0
0.417579 -0.143337 0.287460 0 0 0
0.418594 -0.143736 0.287314 0 0 0
0.419725 -0.144323 0.287091 255 0 0
0.420638 -0.144711 0.286958 255 0 0
0.422196 -0.144642 0.286359 255 0 0
0.423190 -0.145074 0.286209 0 0 0
0.424123 -0.145647 0.285943 0 0 0
0.425697 -0.145508 0.285313 0 0 0
0.426693 -0.145869 0.285208 255 0 0
0.427642 -0.146246 0.285108 255 0 0
0.429253 -0.146203 0.284304 255 0 0
0.430199 -0.146685 0.284186 255 0 0
0.431355 -0.147197 0.284103 255 0 0
0.432310 -0.147585 0.283991 0 0 0
0.433893 -0.147646 0.283187 0 0 0
0.434656 -0.147959 0.283041 0 0 0
0.436255 -0.148016 0.282233 0 0 0
0.437200 -0.148439 0.282117 255 0 0
0.438168 -0.148935 0.281992 0 0 0
0.439639 -0.148816 0.281129 0 0 0
0.441019 -0.148818 0.280304 0 0 0
0.441785 -0.149208 0.280151 255 0 0
0.443273 -0.149088 0.279299 255 0 0
0.444732 -0.148994 0.278449 255 0 0
0.445472 -0.149461 0.278314 255 0 0
0.447006 -0.149251 0.277435 255 0 0
0.448247 -0.149153 0.276578 255 0 0
0.449697 -0.149208 0.275696 255 0 0
0.450463 -0.149707 0.275541 255 0 0
0.451931 -0.149752 0.274652 255 0 0
0.453106 -0.149703 0.273829 255 0 0
0.356020 -0.112216 0.282138 0 0 0
0.357312 -0.113620 0.282674 0 0 0
0.358092 -0.113773 0.282806 0 0 0
0.359592 -0.114990 0.283546 255 0 0
0.360819 -0.116132 0.284282 255 0 0
0.362173 -0.117424 0.284840 255 0 0
0.362923 -0.117645 0.284964 0 0 0
0.364411 -0.118874 0.285682 0 0 0
0.365735 -0.120265 0.286245 0 0 0
0.366505 -0.120408 0.286377 0 0 0
0.368093 -0.121766 0.286931 0 0 0
0.369087 -0.122072 0.287029 0 0 0
0.370288 -0.122590 0.287007 0 0 0
0.371317 -0.122804 0.287122 0 0 0
0.372835 -0.124265 0.287629 0 0 0
0.373740 -0.124657 0.287589 0 0 0
0.374653 -0.125069 0.287559 0 0 0
0.376185 -0.126412 0.288072 0 0 0
0.377179 -0.126722 0.288190 0 0 0
0.378467 -0.127146 0.288291 0 0 0
0.379340 -0.127481 0.288286 0 0 0
0.380769 -0.128953 0.288611 0 0 0
0.381798 -0.129284 0.288734 0 0 0
0.382815 -0.129599 0.288855 0 0 0
0.384324 -0.130935 0.289371 0 0 0
0.385209 -0.131344 0.289363 0 0 0
0.386462 -0.131723 0.289442 0 0 0
0.387588 -0.132062 0.289426 255 0 0
0.388724 -0.132514 0.289330 255 0 0
0.389814 -0.133085 0.289123 255 0 0
0.391073 -0.133518 0.289191 255 0 0
0.392116 -0.133936 0.289125 255 0 0
0.393212 -0.134517 0.288890 0 0 0
0.394353 -0.135131 0.288789 0 0 0
0.395441 -0.135611 0.288719 0 0 0
0.396640 -0.135992 0.288652 0 0 0
0.397543 -0.136358 0.288630 255 0 0
0.398855 -0.137691 0.289328 255 0 0
0.400020 -0.139042 0.289851 0 0 0
0.401037 -0.139336 0.289974 0 0 0
0.402238 -0.139732 0.289935 0 0 0
0.403388 -0.140176 0.289873 0 0 0
0.404287 -0.140456 0.289849 0 0 0
0.405873 -0.141825 0.290512 0 0 0
0.406563 -0.142061 0.290441 255 0 0
0.408094 -0.141922 0.289843 255 0 0
0.409012 -0.142489 0.289561 255 0 0
0.410148 -0.143030 0.289457 255 0 0
0.411259 -0.143536 0.289380 0 0 0
0.412198 -0.144017 0.289258 0 0 0
0.413780 -0.143956 0.288457 0 0 0
0.414532 -0.144196 0.288331 255 0 0
0.416095 -0.144046 0.287701 255 0 0
0.417049 -0.144652 0.287400 255 0 0
0.417995 -0.145185 0.287116 255 0 0
0.419534 -0.145001 0.286676 255 0 0
0.420483 -0.145369 0.286547 255 0 0
0.421631 -0.145980 0.286293 255 0 0
0.422596 -0.146477 0.286031 255 0 0
0.424102 -0.146299 0.285555 255 0 0
0.425052 -0.146778 0.285305 255 0 0
0.426232 -0.147293 0.285203 255 0 0
0.427355 -0.147801 0.285126 255 0 0
0.428291 -0.148284 0.285010 255 0 0
0.429906 -0.148239 0.284202 255 0 0
0.430855 -0.148617 0.284100 255 0 0
0.431828 -0.149018 0.283983 255 0 0
0.433415 -0.149072 0.283177 255 0 0
0.434173 -0.149384 0.283031 255 0 0
0.435763 -0.149452 0.282223 0 0 0
0.436739 -0.149853 0.282106 255 0 0
0.437721 -0.150238 0.281986 255 0 0
0.439110 -0.150196 0.281169 255 0 0
0.440608 -0.150095 0.280293 0 0 0
0.441345 -0.150463 0.280160 0 0 0
0.442977 -0.150510 0.279325 255 0 0
0.443703 -0.150979 0.279195 255 0 0
0.445405 -0.150913 0.278338 255 0 0
0.446135 -0.151384 0.278204 255 0 0
0.447578 -0.151438 0.277324 255 0 0
0.448819 -0.151340 0.276463 255 0 0
0.450211 -0.151007 0.275536 255 0 0
0.451409 -0.151013 0.274690 255 0 0
0.452751 -0.150792 0.273788 0 0 0
0.453873 -0.150842 0.272969 0 0 0
0.355842 -0.113923 0.281964 0 0 0
0.356641 -0.114046 0.282191 0 0 0
0.358018 -0.115349 0.282777 0 0 0
0.359253 -0.116488 0.283518 0 0 0
0.360746 -0.117711 0.284260 0 0 0
0.361517 -0.117852 0.284394 0 0 0
0.362853 -0.119247 0.284960 0 0 0
0.364340 -0.120465 0.285679 255 0 0
0.365091 -0.120684 0.285805 255 0 0
0.366567 -0.122137 0.286206 255 0 0
0.367427 -0.122281 0.286448 255 0 0
0.369031 -0.123660 0.286997 0 0 0
0.369652 -0.123954 0.286990 0 0 0
0.371243 -0.125487 0.287460 0 0 0
0.372128 -0.125728 0.287477 0 0 0
0.373385 -0.126110 0.287553 0 0 0
0.374562 -0.126633 0.287529 0 0 0
0.375550 -0.126927 0.287629 0 0 0
0.377078 -0.128274 0.288145 0 0 0
0.377953 -0.128668 0.288118 0 0 0
0.379156 -0.129181 0.288073 0 0 0
0.380142 -0.129472 0.288170 0 0 0
0.381686 -0.130826 0.288689 255 0 0
0.382296 -0.131127 0.288695 0 0 0
0.383964 -0.132406 0.289362 0 0 0
0.384853 -0.132798 0.289335 0 0 0
0.385749 -0.133190 0.289296 0 0 0
0.387237 -0.134706 0.289750 255 0 0
0.388142 -0.135077 0.289719 255 0 0
0.389245 -0.135520 0.289681 255 0 0
0.390466 -0.135919 0.289777 255 0 0
0.391645 -0.136447 0.289693 0 0 0
0.392579 -0.136905 0.289431 0 0 0
0.394083 -0.136735 0.288827 0 0 0
0.394787 -0.136975 0.288750 0 0 0
0.396364 -0.138390 0.289414 0 0 0
0.397256 -0.138748 0.289391 0 0 0
0.398486 -0.139144 0.289352 255 0 0
0.399480 -0.139431 0.289468 255 0 0
0.400804 -0.140815 0.289812 255 0 0
0.401815 -0.141143 0.289914 0 0 0
0.402716 -0.141545 0.289898 0 0 0
0.404138 -0.142971 0.290400 255 0 0
0.405172 -0.143209 0.290495 255 0 0
0.406267 -0.143806 0.290302 255 0 0
0.407169 -0.144263 0.290145 255 0 0
0.408735 -0.144113 0.289568 255 0 0
0.409697 -0.144454 0.289464 255 0 0
0.410872 -0.144936 0.289381 255 0 0
0.411810 -0.145316 0.289259 255 0 0
0.413305 -0.145350 0.288486 255 0 0
0.414250 -0.145804 0.288333 255 0 0
0.415183 -0.146371 0.288056 255 0 0
0.416571 -0.146103 0.287401 255 0 0
0.417971 -0.145832 0.286739 255 0 0
0.418882 -0.146399 0.286475 255 0 0
0.420056 -0.146971 0.286338 255 0 0
0.421001 -0.147442 0.286084 255 0 0
0.422505 -0.147264 0.285609 255 0 0
0.423453 -0.147733 0.285373 255 0 0
0.424628 -0.148241 0.285270 255 0 0
0.425764 -0.148716 0.285199 0 0 0
0.426926 -0.149199 0.285122 0 0 0
0.427869 -0.149583 0.285010 255 0 0
0.429418 -0.149634 0.284217 255 0 0
0.430386 -0.150037 0.284097 255 0 0
0.431352 -0.150437 0.283979 255 0 0
0.432942 -0.150491 0.283173 255 0 0
0.433673 -0.150777 0.283045 255 0 0
0.435327 -0.150727 0.282220 255 0 0
0.436315 -0.151142 0.282100 255 0 0
0.437256 -0.151641 0.281981 255 0 0
0.438794 -0.151763 0.281173 255 0 0
0.439540 -0.152151 0.281026 255 0 0
0.441205 -0.152168 0.280189 0 0 0
0.441908 -0.152511 0.280080 0 0 0
0.443647 -0.152425 0.279221 0 0 0
0.444369 -0.152895 0.279087 255 0 0
0.445845 -0.152828 0.278207 255 0 0
0.447073 -0.152690 0.277368 255 0 0
0.448570 -0.152622 0.276485 255 0 0
0.449224 -0.153120 0.276374 255 0 0
0.451191 -0.152464 0.274643 0 0 0
0.451863 -0.152952 0.274525 0 0 0
0.453200 -0.152997 0.273736 0 0 0
0.355376 -0.114482 0.281479 0 0 0
0.356449 -0.115707 0.282007 0 0 0
0.357698 -0.116844 0.282751 0 0 0
0.358929 -0.117983 0.283499 0 0 0
0.360153 -0.119096 0.284221 0 0 0
0.361497 -0.120491 0.284792 0 0 0
0.362261 -0.120638 0.284925 0 0 0
0.363850 -0.122003 0.285481 255 0 0
0.364881 -0.122330 0.285602 255 0 0
0.365906 -0.122656 0.285722 255 0 0
0.367231 -0.123934 0.286282 255 0 0
0.368544 -0.125202 0.286834 0 0 0
0.369542 -0.125511 0.286953 0 0 0
0.370836 -0.125936 0.287063 0 0 0
0.371698 -0.126269 0.287054 0 0 0
0.373151 -0.127749 0.287376 0 0 0
0.374174 -0.128066 0.287476 0 0 0
0.375069 -0.128478 0.287470 0 0 0
0.376732 -0.129746 0.288137 0 0 0
0.377593 -0.130127 0.288108 255 0 0
0.378790 -0.130627 0.288042 0 0 0
0.379655 -0.131012 0.288015 0 0 0
0.381332 -0.132291 0.288684 0 0 0
0.381926 -0.132577 0.288690 0 0 0
0.383595 -0.133858 0.289360 0 0 0
0.384452 -0.134233 0.289334 0 0 0
0.385623 -0.134732 0.289289 0 0 0
0.386855 -0.135109 0.289383 255 0 0
0.387957 -0.135546 0.289344 255 0 0
0.388873 -0.135935 0.289308 255 0 0
0.390313 -0.137427 0.289573 255 0 0
0.391083 -0.137705 0.289500 255 0 0
0.392540 -0.137524 0.289079 0 0 0
0.393521 -0.138008 0.288819 0 0 0
0.394436 -0.138442 0.288759 0 0 0
0.395911 -0.139751 0.289269 0 0 0
0.396881 -0.140043 0.289368 255 0 0
0.398043 -0.140550 0.289328 255 0 0
0.399210 -0.141047 0.289288 255 0 0
0.400184 -0.141336 0.289389 0 0 0
0.401642 -0.142650 0.289901 0 0 0
0.402549 -0.143062 0.289900 0 0 0
0.403575 -0.143376 0.290016 255 0 0
0.404793 -0.144688 0.290254 255 0 0
0.406102 -0.144446 0.289923 255 0 0
0.407060 -0.144802 0.289790 255 0 0
0.408153 -0.145378 0.289560 255 0 0
0.409295 -0.145885 0.289462 255 0 0
0.410459 -0.146393 0.289356 255 0 0
0.411357 -0.146874 0.289113 255 0 0
0.412852 -0.146801 0.288483 255 0 0
0.413693 -0.147072 0.288315 0 0 0
0.415193 -0.146995 0.287692 0 0 0
0.416082 -0.147511 0.287431 0 0 0
0.417057 -0.148032 0.287274 0 0 0
0.418655 -0.147982 0.286467 255 0 0
0.419399 -0.148225 0.286344 255 0 0
0.420984 -0.148086 0.285704 255 0 0
0.421894 -0.148654 0.285444 255 0 0
0.423031 -0.149184 0.285340 255 0 0
0.424167 -0.149660 0.285269 255 0 0
0.425303 -0.150136 0.285199 0 0 0
0.426461 -0.150621 0.285123 0 0 0
0.427399 -0.151013 0.285010 0 0 0
0.428947 -0.151065 0.284216 0 0 0
0.429913 -0.151458 0.284097 255 0 0
0.430877 -0.151856 0.283977 255 0 0
0.432440 -0.151913 0.283179 255 0 0
0.433352 -0.152316 0.283069 255 0 0
0.434510 -0.152912 0.282985 255 0 0
0.435472 -0.153311 0.282868 255 0 0
0.436913 -0.153158 0.282027 255 0 0
0.438388 -0.153028 0.281172 255 0 0
0.439111 -0.153390 0.281041 255 0 0
0.440753 -0.153398 0.280209 255 0 0
0.441678 -0.153910 0.280092 0 0 0
0.442600 -0.154432 0.279973 0 0 0
0.444077 -0.154295 0.279120 0 0 0
0.445348 -0.154070 0.278255 255 0 0
0.446786 -0.154126 0.277372 255 0 0
0.447512 -0.154587 0.277237 255 0 0
0.449053 -0.154385 0.276350 255 0 0
0.450245 -0.154420 0.275488 0 0 0
0.451602 -0.154222 0.274551 0 0 0
0.452760 -0.154107 0.273753 255 0 0
0.354963 -0.116103 0.281276 0 0 0
0.356141 -0.117211 0.281981 0 0 0
0.357271 -0.118431 0.282549 0 0 0
0.358651 -0.119458 0.283498 0 0 0
0.359970 -0.120763 0.284072 0 0 0
0.360842 -0.120901 0.284329 0 0 0
0.362452 -0.122301 0.284906 0 0 0
0.363185 -0.122519 0.285021 0 0 0
0.364807 -0.123890 0.285556 0 0 0
0.365420 -0.124194 0.285559 0 0 0
0.367163 -0.125502 0.286265 0 0 0
0.367889 -0.125721 0.286381 0 0 0
0.369339 -0.127146 0.286761 0 0 0
0.370332 -0.127448 0.286858 0 0 0
0.371534 -0.127980 0.286838 0 0 0
0.372519 -0.128269 0.286935 0 0 0
0.374086 -0.129623 0.287458 255 0 0
0.374688 -0.129921 0.287462 0 0 0
0.376378 -0.131205 0.288135 0 0 0
0.377235 -0.131585 0.288106 0 0 0
0.378432 -0.132083 0.288039 0 0 0
0.379292 -0.132463 0.288011 0 0 0
0.380968 -0.133744 0.288683 0 0 0
0.381558 -0.134028 0.288690 0 0 0
0.383229 -0.135304 0.289360 0 0 0
0.384082 -0.135684 0.289334 0 0 0
0.385239 -0.136170 0.289268 0 0 0
0.386367 -0.136647 0.289202 255 0 0
0.387495 -0.137119 0.289134 255 0 0
0.388632 -0.137604 0.289087 255 0 0
0.389859 -0.137981 0.289163 255 0 0
0.390910 -0.138398 0.289098 255 0 0
0.391991 -0.138979 0.288884 0 0 0
0.393142 -0.139480 0.288788 0 0 0
0.394300 -0.139973 0.288743 0 0 0
0.395286 -0.140278 0.288845 255 0 0
0.396628 -0.141663 0.289204 255 0 0
0.397610 -0.141969 0.289306 255 0 0
0.398799 -0.142474 0.289267 255 0 0
0.399659 -0.142850 0.289244 255 0 0
0.401247 -0.144099 0.289906 255 0 0
0.402101 -0.144469 0.289884 255 0 0
0.403273 -0.144964 0.289841 255 0 0
0.404448 -0.145333 0.289890 0 0 0
0.405478 -0.145862 0.289711 0 0 0
0.406628 -0.146374 0.289612 0 0 0
0.407746 -0.146842 0.289540 0 0 0
0.408908 -0.147352 0.289435 0 0 0
0.409842 -0.147818 0.289180 0 0 0
0.411302 -0.147627 0.288720 0 0 0
0.412264 -0.148094 0.288467 255 0 0
0.413236 -0.148517 0.288313 255 0 0
0.414736 -0.148549 0.287536 255 0 0
0.415716 -0.148971 0.287381 255 0 0
0.416638 -0.149451 0.287130 0 0 0
0.418132 -0.149389 0.286502 0 0 0
0.419098 -0.149794 0.286376 255 0 0
0.420045 -0.150283 0.286251 255 0 0
0.421636 -0.150231 0.285445 255 0 0
0.422551 -0.150594 0.285348 255 0 0
0.423711 -0.151076 0.285272 255 0 0
0.424844 -0.151552 0.285203 0 0 0
0.426004 -0.152035 0.285128 0 0 0
0.426915 -0.152399 0.285034 0 0 0
0.428530 -0.152353 0.284221 0 0 0
0.429482 -0.152857 0.284100 255 0 0
0.430379 -0.153245 0.284001 255 0 0
0.432013 -0.153199 0.283183 255 0 0
0.432941 -0.153693 0.283069 255 0 0
0.434090 -0.154190 0.282987 255 0 0
0.435033 -0.154579 0.282875 255 0 0
0.436588 -0.154688 0.282066 255 0 0
0.437321 -0.155075 0.281918 255 0 0
0.438983 -0.155085 0.281077 255 0 0
0.439693 -0.155453 0.280950 255 0 0
0.441392 -0.155448 0.280106 0 0 0
0.442122 -0.155721 0.279983 0 0 0
0.443731 -0.155839 0.279156 0 0 0
0.444471 -0.156229 0.279009 255 0 0
0.445936 -0.156258 0.278127 255 0 0
0.447406 -0.156148 0.277270 255 0 0
0.448131 -0.156529 0.277139 255 0 0
0.449613 -0.156571 0.276248 255 0 0
0.450886 -0.156490 0.275346 255 0 0
0.452053 -0.156441 0.274513 255 0 0
0.354681 -0.117447 0.281257 0 0 0
0.356025 -0.118868 0.281825 0 0 0
0.356743 -0.118991 0.282030 0 0 0
0.358496 -0.121135 0.283332 0 0 0
0.359267 -0.121262 0.283554 255 0 0
0.360633 -0.122552 0.284150 0 0 0
0.362127 -0.123771 0.284865 0 0 0
0.362730 -0.124068 0.284869 0 0 0
0.364484 -0.125364 0.285545 0 0 0
0.365090 -0.125668 0.285547 0 0 0
0.366674 -0.127024 0.286075 0 0 0
0.367689 -0.127345 0.286195 0 0 0
0.368716 -0.127676 0.286315 0 0 0
0.370135 -0.129086 0.286686 0 0 0
0.371156 -0.129403 0.286787 255 0 0
0.372045 -0.129814 0.286782 255 0 0
0.373746 -0.131088 0.287454 255 0 0
0.374335 -0.131376 0.287460 0 0 0
0.376026 -0.132656 0.288133 0 0 0
0.376880 -0.133039 0.288106 0 0 0
0.378073 -0.133536 0.288041 0 0 0
0.378929 -0.133915 0.288013 0 0 0
0.380605 -0.135189 0.288684 0 0 0
0.381203 -0.135487 0.288692 0 0 0
0.382739 -0.136828 0.289213 0 0 0
0.383709 -0.137114 0.289312 0 0 0
0.384870 -0.137612 0.289268 0 0 0
0.385996 -0.138086 0.289203 0 0 0
0.387120 -0.138558 0.289136 0 0 0
0.388245 -0.139030 0.289068 255 0 0
0.389370 -0.139507 0.289001 255 0 0
0.390496 -0.139980 0.288932 255 0 0
0.391622 -0.140448 0.288861 0 0 0
0.392748 -0.140919 0.288792 0 0 0
0.393874 -0.141390 0.288726 0 0 0
0.395034 -0.141899 0.288684 255 0 0
0.396002 -0.142190 0.288783 255 0 0
0.397475 -0.143489 0.289298 255 0 0
0.398372 -0.143890 0.289274 255 0 0
0.399256 -0.144274 0.289252 255 0 0
0.400847 -0.145519 0.289914 255 0 0
0.401697 -0.145893 0.289889 255 0 0
0.402848 -0.146379 0.289826 0 0 0
0.403968 -0.146853 0.289760 0 0 0
0.405089 -0.147321 0.289690 0 0 0
0.406211 -0.147790 0.289621 0 0 0
0.407354 -0.148266 0.289546 0 0 0
0.408303 -0.148604 0.289443 0 0 0
0.409824 -0.148448 0.288824 0 0 0
0.410722 -0.149013 0.288558 0 0 0
0.411887 -0.149585 0.288416 255 0 0
0.412784 -0.150068 0.288158 255 0 0
0.414277 -0.149993 0.287537 255 0 0
0.415111 -0.150261 0.287370 255 0 0
0.416619 -0.150194 0.286733 255 0 0
0.417522 -0.150674 0.286488 0 0 0
0.418715 -0.151190 0.286377 0 0 0
0.419644 -0.151573 0.286260 255 0 0
0.421163 -0.151627 0.285473 255 0 0
0.422100 -0.152011 0.285356 255 0 0
0.423255 -0.152490 0.285280 255 0 0
0.424386 -0.152964 0.285211 0 0 0
0.425521 -0.153439 0.285141 0 0 0
0.426640 -0.153943 0.285067 0 0 0
0.427535 -0.154400 0.284974 0 0 0
0.429224 -0.154263 0.284134 0 0 0
0.430112 -0.154753 0.284036 0 0 0
0.430997 -0.155242 0.283939 255 0 0
0.432697 -0.155110 0.283097 255 0 0
0.433621 -0.155589 0.282998 0 0 0
0.434520 -0.155976 0.282902 0 0 0
0.436193 -0.155943 0.282068 255 0 0
0.436920 -0.156330 0.281921 255 0 0
0.438509 -0.156444 0.281099 255 0 0
0.439233 -0.156716 0.280974 255 0 0
0.440932 -0.156710 0.280128 255 0 0
0.441639 -0.157080 0.280003 255 0 0
0.443316 -0.157096 0.279156 0 0 0
0.444053 -0.157487 0.279008 0 0 0
0.445458 -0.157517 0.278150 0 0 0
0.446906 -0.157522 0.277285 255 0 0
0.447669 -0.157822 0.277138 255 0 0
0.449128 -0.157828 0.276269 255 0 0
0.450376 -0.157719 0.275399 255 0 0
0.451707 -0.157498 0.274488 0 0 0
0.452810 -0.157557 0.273667 0 0 0
0.355573 -0.119430 0.281357 0 0 0
0.356591 -0.120665 0.281865 0 0 0
0.357979 -0.121692 0.282824 0 0 0
0.359091 -0.122903 0.283392 255 0 0
0.360313 -0.124030 0.284138 255 0 0
0.361802 -0.125236 0.284855 0 0 0
0.362410 -0.125542 0.284860 0 0 0
0.364003 -0.126896 0.285388 0 0 0
0.365016 -0.127220 0.285509 0 0 0
0.366040 -0.127554 0.285629 0 0 0
0.367455 -0.128962 0.285994 0 0 0
0.368489 -0.129290 0.286126 0 0 0
0.369501 -0.129609 0.286247 0 0 0
0.371075 -0.130952 0.286771 0 0 0
0.371683 -0.131263 0.286776 0 0 0
0.373274 -0.132614 0.287310 0 0 0
0.373989 -0.132826 0.287430 0 0 0
0.375545 -0.134188 0.287983 0 0 0
0.376523 -0.134475 0.288084 0 0 0
0.377714 -0.134988 0.288043 0 0 0
0.378578 -0.135375 0.288018 0 0 0
0.380094 -0.136700 0.288535 0 0 0
0.381097 -0.137016 0.288663 0 0 0
0.382112 -0.137342 0.288789 0 0 0
0.383531 -0.138798 0.289106 0 0 0
0.384371 -0.139123 0.289100 0 0 0
0.385615 -0.139514 0.289189 0 0 0
0.386744 -0.140000 0.289144 0 0 0
0.387869 -0.140468 0.289077 255 0 0
0.388992 -0.140939 0.289008 255 0 0
0.390115 -0.141410 0.288939 255 0 0
0.391238 -0.141881 0.288871 255 0 0
0.392364 -0.142354 0.288802 0 0 0
0.393481 -0.142807 0.288735 255 0 0
0.394667 -0.143176 0.288669 255 0 0
0.395552 -0.143532 0.288648 255 0 0
0.397102 -0.144942 0.289326 255 0 0
0.397970 -0.145311 0.289289 255 0 0
0.398865 -0.145712 0.289264 255 0 0
0.400362 -0.147081 0.289732 255 0 0
0.401200 -0.147396 0.289737 255 0 0
0.402432 -0.147786 0.289813 0 0 0
0.403562 -0.148266 0.289768 0 0 0
0.404681 -0.148732 0.289701 0 0 0
0.405799 -0.149201 0.289633 0 0 0
0.406921 -0.149671 0.289564 0 0 0
0.408018 -0.150174 0.289489 0 0 0
0.408940 -0.150654 0.289365 0 0 0
0.410516 -0.150595 0.288564 0 0 0
0.411247 -0.150827 0.288437 255 0 0
0.412802 -0.150678 0.287804 255 0 0
0.413725 -0.151250 0.287527 255 0 0
0.414652 -0.151702 0.287376 255 0 0
0.416159 -0.151748 0.286592 255 0 0
0.417088 -0.152134 0.286473 255 0 0
0.418267 -0.152609 0.286389 255 0 0
0.419173 -0.152966 0.286293 255 0 0
0.420765 -0.152911 0.285484 255 0 0
0.421687 -0.153406 0.285366 255 0 0
0.422795 -0.153903 0.285291 255 0 0
0.423930 -0.154375 0.285221 255 0 0
0.425056 -0.154856 0.285153 255 0 0
0.426192 -0.155319 0.285083 0 0 0
0.427305 -0.155813 0.285008 0 0 0
0.428219 -0.156307 0.284894 0 0 0
0.429842 -0.156270 0.284076 0 0 0
0.430738 -0.156647 0.283978 255 0 0
0.431656 -0.157121 0.283880 0 0 0
0.433362 -0.156989 0.283035 0 0 0
0.434240 -0.157490 0.282937 0 0 0
0.435149 -0.157998 0.282817 255 0 0
0.436594 -0.157869 0.281969 255 0 0
0.438046 -0.157722 0.281117 255 0 0
0.438958 -0.158246 0.280997 0 0 0
0.439862 -0.158756 0.280880 255 0 0
0.441512 -0.158769 0.280043 255 0 0
0.442218 -0.159129 0.279914 0 0 0
0.443711 -0.159019 0.279048 0 0 0
0.444982 -0.158770 0.278178 0 0 0
0.446453 -0.158808 0.277288 0 0 0
0.447169 -0.159190 0.277157 0 0 0
0.448642 -0.159083 0.276296 255 0 0
0.450082 -0.159149 0.275409 255 0 0
0.450825 -0.159640 0.275252 0 0 0
0.452170 -0.159741 0.274424 0 0 0
0.355168 -0.121028 0.281160 0 0 0
0.356325 -0.122134 0.281871 0 0 0
0.357559 -0.123264 0.282631 255 0 0
0.358781 -0.124380 0.283382 255 0 0
0.360001 -0.125508 0.284132 255 0 0
0.361328 -0.126767 0.284699 255 0 0
0.362345 -0.127093 0.284821 0 0 0
0.363361 -0.127420 0.284943 0 0 0
0.364923 -0.128760 0.285473 0 0 0
0.365816 -0.129164 0.285467 0 0 0
0.366862 -0.129380 0.285583 0 0 0
0.368413 -0.130849 0.286105 0 0 0
0.369018 -0.131139 0.286099 0 0 0
0.370590 -0.132481 0.286620 0 0 0
0.371599 -0.132801 0.286745 0 0 0
0.372612 -0.133120 0.286872 0 0 0
0.374172 -0.134473 0.287427 0 0 0
0.374894 -0.134695 0.287548 0 0 0
0.376317 -0.136098 0.287926 0 0 0
0.377298 -0.136393 0.288024 0 0 0
0.378487 -0.136919 0.288009 0 0 0
0.379459 -0.137207 0.288113 0 0 0
0.380971 -0.138530 0.288634 0 0 0
0.381837 -0.138936 0.288629 0 0 0
0.383105 -0.139321 0.288709 0 0 0
0.383974 -0.139547 0.288733 0 0 0
0.385494 -0.141045 0.289195 0 0 0
0.386344 -0.141414 0.289155 0 0 0
0.387494 -0.141901 0.289089 0 0 0
0.388614 -0.142372 0.289021 0 0 0
0.389735 -0.142842 0.288953 0 0 0
0.390856 -0.143312 0.288884 255 0 0
0.392008 -0.143797 0.288816 255 0 0
0.392847 -0.144157 0.288777 255 0 0
0.394403 -0.145572 0.289461 255 0 0
0.395278 -0.145920 0.289437 255 0 0
0.396462 -0.146286 0.289370 255 0 0
0.397576 -0.146733 0.289304 255 0 0
0.398705 -0.147215 0.289260 255 0 0
0.399937 -0.147609 0.289340 255 0 0
0.400784 -0.147936 0.289341 255 0 0
0.402179 -0.149416 0.289618 255 0 0
0.403067 -0.149790 0.289588 0 0 0
0.404205 -0.150270 0.289519 0 0 0
0.405322 -0.150738 0.289451 0 0 0
0.406439 -0.151206 0.289382 0 0 0
0.407579 -0.151675 0.289311 0 0 0
0.408506 -0.152053 0.289200 0 0 0
0.410011 -0.151992 0.288613 0 0 0
0.410962 -0.152395 0.288484 0 0 0
0.411899 -0.152882 0.288356 255 0 0
0.413491 -0.152825 0.287543 255 0 0
0.414172 -0.153073 0.287423 255 0 0
0.415772 -0.152998 0.286607 255 0 0
0.416721 -0.153393 0.286486 255 0 0
0.417839 -0.153997 0.286411 255 0 0
0.418904 -0.154524 0.286338 255 0 0
0.419801 -0.154970 0.286242 255 0 0
0.421468 -0.154818 0.285405 255 0 0
0.422362 -0.155291 0.285310 255 0 0
0.423456 -0.155773 0.285238 255 0 0
0.424636 -0.156136 0.285167 255 0 0
0.425763 -0.156716 0.285098 255 0 0
0.426873 -0.157213 0.285024 0 0 0
0.427781 -0.157555 0.284930 0 0 0
0.429402 -0.157515 0.284111 0 0 0
0.430322 -0.158010 0.283996 0 0 0
0.431420 -0.158529 0.283917 0 0 0
0.432311 -0.158993 0.283824 0 0 0
0.434045 -0.158867 0.282968 0 0 0
0.434714 -0.159200 0.282859 0 0 0
0.436327 -0.159249 0.282021 0 0 0
0.437018 -0.159705 0.281891 255 0 0
0.438746 -0.159624 0.281023 255 0 0
0.439419 -0.159961 0.280916 0 0 0
0.441092 -0.159985 0.280070 0 0 0
0.441790 -0.160356 0.279945 0 0 0
0.443422 -0.160402 0.279098 0 0 0
0.444144 -0.160886 0.278946 0 0 0
0.445546 -0.160931 0.278091 0 0 0
0.447074 -0.160740 0.277199 0 0 0
0.447776 -0.161216 0.277066 0 0 0
0.449210 -0.161281 0.276178 255 0 0
0.450507 -0.161036 0.275299 255 0 0
0.451823 -0.160788 0.274408 255 0 0
0.452919 -0.160848 0.273589 0 0 0
0.354765 -0.122623 0.280958 0 0 0
0.355967 -0.123715 0.281699 0 0 0
0.357194 -0.124836 0.282455 0 0 0
0.358412 -0.125952 0.283209 255 0 0
0.359868 -0.127138 0.283989 255 0 0
0.360658 -0.127278 0.284219 255 0 0
0.362163 -0.128716 0.284641 255 0 0
0.362879 -0.128934 0.284760 255 0 0
0.364626 -0.130240 0.285469 255 0 0
0.365219 -0.130518 0.285463 0 0 0
0.366779 -0.131985 0.285987 0 0 0
0.367785 -0.132188 0.286103 0 0 0
0.368971 -0.132703 0.286087 0 0 0
0.369950 -0.132995 0.286189 0 0 0
0.371517 -0.134336 0.286714 0 0 0
0.372120 -0.134646 0.286722 0 0 0
0.373678 -0.135981 0.287248 0 0 0
0.374682 -0.136300 0.287375 0 0 0
0.375694 -0.136626 0.287498 0 0 0
0.377078 -0.138016 0.287857 0 0 0
0.378095 -0.138324 0.287972 0 0 0
0.378973 -0.138730 0.287972 0 0 0
0.380625 -0.139978 0.288640 0 0 0
0.381496 -0.140366 0.288615 0 0 0
0.382376 -0.140752 0.288580 0 0 0
0.383893 -0.142240 0.289047 0 0 0
0.384805 -0.142519 0.289036 0 0 0
0.385900 -0.142936 0.289001 0 0 0
0.387114 -0.143315 0.289079 0 0 0
0.388239 -0.143800 0.289033 0 0 0
0.389357 -0.144270 0.288969 0 0 0
0.390475 -0.144740 0.288901 0 0 0
0.391625 -0.145220 0.288835 255 0 0
0.392471 -0.145593 0.288811 0 0 0
0.394083 -0.146821 0.289480 0 0 0
0.394921 -0.147197 0.289457 0 0 0
0.396065 -0.147688 0.289391 255 0 0
0.397182 -0.148158 0.289323 255 0 0
0.398297 -0.148627 0.289255 255 0 0
0.399412 -0.149096 0.289191 255 0 0
0.400539 -0.149577 0.289146 255 0 0
0.401746 -0.149952 0.289224 255 0 0
0.402819 -0.150373 0.289189 255 0 0
0.403942 -0.150849 0.289118 0 0 0
0.405058 -0.151317 0.289050 0 0 0
0.406174 -0.151785 0.288982 0 0 0
0.407300 -0.152252 0.288914 0 0 0
0.408372 -0.152709 0.288819 0 0 0
0.409444 -0.153274 0.288602 0 0 0
0.410605 -0.153777 0.288497 0 0 0
0.411518 -0.154152 0.288375 255 0 0
0.413021 -0.154192 0.287594 255 0 0
0.413904 -0.154605 0.287477 255 0 0
0.415043 -0.155201 0.287395 255 0 0
0.415954 -0.155565 0.287298 255 0 0
0.417607 -0.155372 0.286463 255 0 0
0.418530 -0.155735 0.286365 255 0 0
0.419629 -0.156361 0.286287 255 0 0
0.420471 -0.156841 0.286195 255 0 0
0.422175 -0.156684 0.285353 255 0 0
0.422826 -0.156934 0.285295 255 0 0
0.424083 -0.158351 0.285932 255 0 0
0.425506 -0.158086 0.285154 255 0 0
0.426437 -0.158452 0.285052 255 0 0
0.427543 -0.159074 0.284973 255 0 0
0.428388 -0.159553 0.284883 255 0 0
0.430087 -0.159414 0.284036 255 0 0
0.430973 -0.159881 0.283942 255 0 0
0.432084 -0.160424 0.283836 255 0 0
0.432982 -0.160994 0.283573 0 0 0
0.434571 -0.160905 0.282919 0 0 0
0.435298 -0.161252 0.282787 0 0 0
0.436954 -0.161255 0.281942 255 0 0
0.437639 -0.161627 0.281816 255 0 0
0.439310 -0.161644 0.280969 255 0 0
0.439975 -0.161985 0.280863 255 0 0
0.441713 -0.161912 0.279991 255 0 0
0.442402 -0.162370 0.279859 255 0 0
0.443863 -0.162308 0.278974 255 0 0
0.445260 -0.162304 0.278134 0 0 0
0.445960 -0.162678 0.278007 0 0 0
0.447539 -0.162439 0.277105 0 0 0
0.448767 -0.162337 0.276239 255 0 0
0.450201 -0.162423 0.275344 255 0 0
0.450934 -0.162915 0.275187 255 0 0
0.452283 -0.163004 0.274357 255 0 0
0.354483 -0.123247 0.280489 255 0 0
0.355647 -0.124352 0.281205 0 0 0
0.356877 -0.125471 0.281966 0 0 0
0.358098 -0.126585 0.282724 0 0 0
0.359375 -0.127696 0.283496 255 0 0
0.360626 -0.129077 0.283912 255 0 0
0.361480 -0.129218 0.284162 255 0 0
0.362820 -0.130495 0.284755 255 0 0
0.364186 -0.131814 0.285281 255 0 0
0.365058 -0.132154 0.285305 255 0 0
0.366183 -0.132391 0.285560 255 0 0
0.367586 -0.133804 0.285944 0 0 0
0.368603 -0.134117 0.286048 0 0 0
0.369492 -0.134538 0.286045 0 0 0
0.371036 -0.135855 0.286568 0 0 0
0.372039 -0.136174 0.286695 0 0 0
0.373040 -0.136492 0.286821 0 0 0
0.374574 -0.137814 0.287348 0 0 0
0.375456 -0.138211 0.287347 0 0 0
0.376491 -0.138419 0.287467 0 0 0
0.378012 -0.139870 0.287985 0 0 0
0.378601 -0.140156 0.287983 0 0 0
0.380180 -0.141551 0.288462 0 0 0
0.381013 -0.141859 0.288465 0 0 0
0.382257 -0.142264 0.288566 0 0 0
0.383484 -0.142654 0.288681 0 0 0
0.384568 -0.143089 0.288637 255 0 0
0.385466 -0.143475 0.288601 255 0 0
0.386901 -0.144969 0.288883 255 0 0
0.387741 -0.145290 0.288885 0 0 0
0.388972 -0.145681 0.288962 0 0 0
0.390096 -0.146167 0.288919 255 0 0
0.391244 -0.146643 0.288856 255 0 0
0.392085 -0.147012 0.288832 0 0 0
0.393694 -0.148256 0.289500 0 0 0
0.394531 -0.148628 0.289478 0 0 0
0.395675 -0.149107 0.289414 0 0 0
0.396789 -0.149575 0.289346 0 0 0
0.397903 -0.150042 0.289278 255 0 0
0.399016 -0.150509 0.289210 255 0 0
0.400129 -0.150976 0.289143 255 0 0
0.401242 -0.151448 0.289077 255 0 0
0.402355 -0.151917 0.289009 255 0 0
0.403468 -0.152384 0.288942 255 0 0
0.404582 -0.152851 0.288874 255 0 0
0.405696 -0.153318 0.288806 255 0 0
0.406809 -0.153785 0.288738 255 0 0
0.407924 -0.154251 0.288669 0 0 0
0.409036 -0.154714 0.288597 0 0 0
0.410192 -0.155215 0.288489 0 0 0
0.411072 -0.155689 0.288247 255 0 0
0.412548 -0.155620 0.287621 255 0 0
0.413517 -0.155982 0.287498 255 0 0
0.414659 -0.156446 0.287422 255 0 0
0.415730 -0.156940 0.287355 255 0 0
0.416842 -0.157540 0.287283 255 0 0
0.417749 -0.157906 0.287187 255 0 0
0.419417 -0.157729 0.286346 255 0 0
0.420257 -0.158210 0.286253 255 0 0
0.421323 -0.158827 0.286182 255 0 0
0.422490 -0.159294 0.286110 255 0 0
0.423611 -0.159659 0.286041 255 0 0
0.424710 -0.160237 0.285968 255 0 0
0.425644 -0.160632 0.285852 255 0 0
0.427267 -0.160561 0.285031 255 0 0
0.428145 -0.160941 0.284933 255 0 0
0.429046 -0.161416 0.284837 255 0 0
0.430764 -0.161286 0.283977 255 0 0
0.431488 -0.161635 0.283845 255 0 0
0.433007 -0.161629 0.283202 255 0 0
0.433931 -0.162112 0.282944 0 0 0
0.434893 -0.162519 0.282800 0 0 0
0.436491 -0.162597 0.281978 0 0 0
0.437209 -0.162890 0.281836 0 0 0
0.438817 -0.162971 0.281010 255 0 0
0.439742 -0.163403 0.280870 255 0 0
0.440662 -0.163985 0.280600 255 0 0
0.442087 -0.163765 0.279920 255 0 0
0.443380 -0.163510 0.279041 255 0 0
0.444825 -0.163538 0.278155 255 0 0
0.445729 -0.164063 0.278035 0 0 0
0.446628 -0.164584 0.277917 0 0 0
0.448085 -0.164617 0.277026 0 0 0
0.449331 -0.164538 0.276125 255 0 0
0.450641 -0.164320 0.275211 255 0 0
0.451899 -0.164234 0.274318 255 0 0
0.452973 -0.164281 0.273517 255 0 0
0.354127 -0.124839 0.280318 255 0 0
0.355282 -0.125928 0.281035 255 0 0
0.356512 -0.127038 0.281794 0 0 0
0.357744 -0.128161 0.282555 0 0 0
0.359098 -0.129435 0.283157 255 0 0
0.359940 -0.129572 0.283407 255 0 0
0.361297 -0.130853 0.284010 255 0 0
0.362614 -0.132118 0.284596 255 0 0
0.363726 -0.132353 0.284843 255 0 0
0.364596 -0.132691 0.284867 255 0 0
0.366224 -0.134112 0.285391 255 0 0
0.366929 -0.134317 0.285508 255 0 0
0.368509 -0.135644 0.286042 0 0 0
0.369395 -0.136064 0.286040 0 0 0
0.370395 -0.136366 0.286143 0 0 0
0.371961 -0.137704 0.286673 0 0 0
0.372543 -0.137998 0.286682 0 0 0
0.374265 -0.139275 0.287359 0 0 0
0.374839 -0.139546 0.287355 0 0 0
0.376414 -0.141063 0.287831 0 0 0
0.377269 -0.141282 0.287857 0 0 0
0.378508 -0.141669 0.287959 0 0 0
0.379752 -0.142081 0.288063 0 0 0
0.380592 -0.142401 0.288064 0 0 0
0.382043 -0.143899 0.288350 0 0 0
0.382929 -0.144282 0.288318 0 0 0
0.384022 -0.144714 0.288282 255 0 0
0.385242 -0.145106 0.288385 255 0 0
0.386481 -0.145510 0.288488 255 0 0
0.387322 -0.145831 0.288491 255 0 0
0.388717 -0.147265 0.288813 255 0 0
0.389685 -0.147563 0.288917 255 0 0
0.390860 -0.148064 0.288879 255 0 0
0.391713 -0.148446 0.288856 255 0 0
0.393185 -0.149748 0.289372 0 0 0
0.394139 -0.150034 0.289478 0 0 0
0.395284 -0.150525 0.289439 0 0 0
0.396398 -0.150988 0.289372 0 0 0
0.397509 -0.151454 0.289304 0 0 0
0.398620 -0.151920 0.289237 0 0 0
0.399732 -0.152386 0.289169 255 0 0
0.400843 -0.152852 0.289101 255 0 0
0.401954 -0.153318 0.289033 255 0 0
0.403065 -0.153784 0.288965 255 0 0
0.404176 -0.154250 0.288897 255 0 0
0.405288 -0.154716 0.288830 255 0 0
0.406399 -0.155182 0.288762 255 0 0
0.407507 -0.155649 0.288693 0 0 0
0.408656 -0.156153 0.288589 0 0 0
0.409576 -0.156606 0.288343 0 0 0
0.411030 -0.156433 0.287869 0 0 0
0.411956 -0.156887 0.287623 0 0 0
0.413107 -0.157395 0.287520 255 0 0
0.414214 -0.157874 0.287451 255 0 0
0.415328 -0.158339 0.287383 255 0 0
0.416452 -0.158783 0.287313 255 0 0
0.417548 -0.159281 0.287240 255 0 0
0.418421 -0.159746 0.287148 0 0 0
0.420092 -0.159590 0.286304 0 0 0
0.420969 -0.160049 0.286211 0 0 0
0.422061 -0.160553 0.286138 255 0 0
0.423185 -0.161017 0.286069 255 0 0
0.424331 -0.161481 0.285993 255 0 0
0.425238 -0.161862 0.285880 255 0 0
0.426782 -0.161924 0.285080 255 0 0
0.427702 -0.162307 0.284965 255 0 0
0.428825 -0.162809 0.284883 0 0 0
0.429726 -0.163299 0.284766 0 0 0
0.431148 -0.163158 0.283916 255 0 0
0.432575 -0.163018 0.283066 255 0 0
0.433507 -0.163509 0.282938 0 0 0
0.434404 -0.163922 0.282822 0 0 0
0.436004 -0.164004 0.282000 0 0 0
0.436717 -0.164293 0.281858 0 0 0
0.438348 -0.164371 0.281022 0 0 0
0.439103 -0.164652 0.280879 255 0 0
0.440691 -0.164624 0.280220 255 0 0
0.441579 -0.165136 0.279967 255 0 0
0.442528 -0.165657 0.279820 0 0 0
0.443937 -0.165670 0.278968 0 0 0
0.445501 -0.165439 0.278066 0 0 0
0.446192 -0.165803 0.277939 0 0 0
0.447607 -0.165845 0.277066 0 0 0
0.448859 -0.165749 0.276163 0 0 0
0.450088 -0.165677 0.275280 255 0 0
0.451410 -0.165460 0.274358 255 0 0
0.452573 -0.165353 0.273524 255 0 0
0.353856 -0.126144 0.280318 255 0 0
0.355035 -0.127385 0.281060 255 0 0
0.356098 -0.128606 0.281608 0 0 0
0.357619 -0.129783 0.282415 0 0 0
0.358400 -0.129922 0.282649 255 0 0
0.359758 -0.131187 0.283255 0 0 0
0.361249 -0.132411 0.284011 0 0 0
0.361945 -0.132620 0.284131 0 0 0
0.363571 -0.133968 0.284676 0 0 0
0.364154 -0.134266 0.284681 0 0 0
0.365898 -0.135545 0.285367 0 0 0
0.366480 -0.135844 0.285375 255 0 0
0.368058 -0.137178 0.285903 255 0 0
0.369056 -0.137481 0.286008 255 0 0
0.369927 -0.137889 0.286007 0 0 0
0.371632 -0.139146 0.286686 0 0 0
0.372208 -0.139438 0.286693 0 0 0
0.373811 -0.140829 0.287183 0 0 0
0.374640 -0.141152 0.287203 0 0 0
0.376010 -0.141476 0.287449 0 0 0
0.376842 -0.141805 0.287460 0 0 0
0.378318 -0.143288 0.287751 0 0 0
0.379201 -0.143670 0.287718 0 0 0
0.380293 -0.144127 0.287696 0 0 0
0.381603 -0.144425 0.287932 0 0 0
0.382699 -0.144868 0.287913 0 0 0
0.383589 -0.145247 0.287881 0 0 0
0.384992 -0.146673 0.288211 255 0 0
0.385954 -0.146969 0.288315 255 0 0
0.387136 -0.147489 0.288301 255 0 0
0.388094 -0.147768 0.288407 255 0 0
0.389578 -0.149071 0.288924 255 0 0
0.390426 -0.149453 0.288903 255 0 0
0.391600 -0.149957 0.288867 255 0 0
0.392552 -0.150252 0.288972 255 0 0
0.394025 -0.151538 0.289491 255 0 0
0.394869 -0.151922 0.289468 255 0 0
0.396008 -0.152396 0.289402 0 0 0
0.397117 -0.152862 0.289335 0 0 0
0.398226 -0.153327 0.289267 0 0 0
0.399335 -0.153792 0.289199 0 0 0
0.400444 -0.154257 0.289132 255 0 0
0.401553 -0.154722 0.289064 255 0 0
0.402661 -0.155187 0.288996 255 0 0
0.403770 -0.155652 0.288929 255 0 0
0.404879 -0.156117 0.288861 255 0 0
0.405988 -0.156583 0.288793 255 0 0
0.407115 -0.157055 0.288718 255 0 0
0.408075 -0.157419 0.288594 0 0 0
0.409533 -0.157362 0.287968 0 0 0
0.410408 -0.157841 0.287726 0 0 0
0.411564 -0.158347 0.287619 0 0 0
0.412661 -0.158786 0.287551 255 0 0
0.413818 -0.159116 0.287480 255 0 0
0.414968 -0.159582 0.287410 255 0 0
0.416048 -0.160176 0.287345 255 0 0
0.417118 -0.160669 0.287278 255 0 0
0.418216 -0.161161 0.287205 0 0 0
0.419084 -0.161624 0.287113 0 0 0
0.420760 -0.161429 0.286266 0 0 0
0.421662 -0.161794 0.286171 255 0 0
0.422773 -0.162384 0.286098 255 0 0
0.423870 -0.162883 0.286024 255 0 0
0.424778 -0.163264 0.285910 255 0 0
0.426327 -0.163315 0.285108 255 0 0
0.427236 -0.163696 0.284995 255 0 0
0.428402 -0.164178 0.284911 0 0 0
0.429311 -0.164550 0.284798 0 0 0
0.430850 -0.164656 0.283985 255 0 0
0.431544 -0.165045 0.283836 255 0 0
0.433229 -0.165023 0.282984 255 0 0
0.433887 -0.165273 0.282878 0 0 0
0.435581 -0.165255 0.282024 0 0 0
0.436276 -0.165645 0.281879 0 0 0
0.437861 -0.165770 0.281046 0 0 0
0.438572 -0.166061 0.280905 0 0 0
0.440187 -0.166149 0.280078 0 0 0
0.441133 -0.166528 0.279961 0 0 0
0.442078 -0.166907 0.279846 0 0 0
0.443667 -0.167016 0.279017 0 0 0
0.444364 -0.167415 0.278875 0 0 0
0.445860 -0.167305 0.277996 0 0 0
0.447153 -0.167092 0.277085 0 0 0
0.448321 -0.167144 0.276211 0 0 0
0.449812 -0.167073 0.275304 255 0 0
0.450527 -0.167560 0.275150 255 0 0
0.451869 -0.167655 0.274316 255 0 0
0.354888 -0.129053 0.280896 255 0 0
0.355586 -0.129167 0.281115 255 0 0
0.357122 -0.130339 0.281929 255 0 0
0.358238 -0.131550 0.282503 255 0 0
0.359343 -0.132758 0.283072 0 0 0
0.360855 -0.133913 0.283855 0 0 0
0.361501 -0.134128 0.283963 0 0 0
0.363126 -0.135490 0.284538 0 0 0
0.363834 -0.135699 0.284660 0 0 0
0.365414 -0.137051 0.285225 0 0 0
0.366417 -0.137370 0.285354 0 0 0
0.367415 -0.137689 0.285481 0 0 0
0.368989 -0.139015 0.286011 255 0 0
0.369575 -0.139319 0.286019 255 0 0
0.371180 -0.140707 0.286509 0 0 0
0.372010 -0.141028 0.286528 0 0 0
0.373375 -0.141358 0.286764 0 0 0
0.374212 -0.141692 0.286781 0 0 0
0.375684 -0.143186 0.287076 0 0 0
0.376565 -0.143567 0.287061 0 0 0
0.377797 -0.143964 0.287140 0 0 0
0.378871 -0.144356 0.287143 0 0 0
0.379840 -0.144646 0.287249 0 0 0
0.381302 -0.146127 0.287569 0 0 0
0.382182 -0.146514 0.287536 0 0 0
0.383298 -0.146964 0.287525 255 0 0
0.384368 -0.147179 0.287772 255 0 0
0.385775 -0.148620 0.288123 255 0 0
0.386634 -0.148947 0.288135 255 0 0
0.387599 -0.149265 0.288248 255 0 0
0.389072 -0.150577 0.288787 255 0 0
0.390042 -0.150858 0.288906 0 0 0
0.391210 -0.151339 0.288872 0 0 0
0.392074 -0.151592 0.288853 0 0 0
0.393661 -0.152976 0.289541 255 0 0
0.394481 -0.153323 0.289503 255 0 0
0.395620 -0.153802 0.289436 255 0 0
0.396727 -0.154267 0.289368 0 0 0
0.397833 -0.154731 0.289301 0 0 0
0.398940 -0.155195 0.289233 0 0 0
0.400046 -0.155659 0.289166 255 0 0
0.401153 -0.156123 0.289098 255 0 0
0.402259 -0.156587 0.289031 255 0 0
0.403366 -0.157051 0.288963 255 0 0
0.404472 -0.157515 0.288896 255 0 0
0.405579 -0.157979 0.288828 255 0 0
0.406712 -0.158452 0.288753 255 0 0
0.407589 -0.158802 0.288655 0 0 0
0.409150 -0.158715 0.287851 0 0 0
0.410080 -0.159085 0.287724 0 0 0
0.411240 -0.159571 0.287648 0 0 0
0.412068 -0.159919 0.287612 255 0 0
0.413534 -0.161492 0.288317 255 0 0
0.414146 -0.161719 0.288257 255 0 0
0.415833 -0.161532 0.287412 255 0 0
0.416729 -0.161873 0.287316 255 0 0
0.417870 -0.162339 0.287240 255 0 0
0.418932 -0.162837 0.287173 255 0 0
0.420015 -0.163563 0.287103 0 0 0
0.420888 -0.163977 0.286987 0 0 0
0.422490 -0.163914 0.286166 0 0 0
0.423393 -0.164264 0.286064 255 0 0
0.424324 -0.164647 0.285944 255 0 0
0.425873 -0.164699 0.285141 255 0 0
0.426778 -0.165079 0.285027 255 0 0
0.427939 -0.165562 0.284943 255 0 0
0.428840 -0.165940 0.284829 0 0 0
0.430429 -0.166003 0.284012 0 0 0
0.431129 -0.166291 0.283867 0 0 0
0.432718 -0.166372 0.283044 255 0 0
0.433609 -0.166785 0.282928 255 0 0
0.434530 -0.167276 0.282805 255 0 0
0.435968 -0.167141 0.281948 255 0 0
0.437436 -0.167018 0.281077 255 0 0
0.438108 -0.167389 0.280950 0 0 0
0.439754 -0.167390 0.280102 255 0 0
0.440675 -0.167897 0.279985 255 0 0
0.441571 -0.168303 0.279873 0 0 0
0.443203 -0.168392 0.279039 0 0 0
0.443914 -0.168674 0.278901 0 0 0
0.445549 -0.168835 0.278023 0 0 0
0.446160 -0.169290 0.277772 0 0 0
0.448141 -0.168535 0.276190 0 0 0
0.448745 -0.169003 0.276084 255 0 0
0.450237 -0.168961 0.275181 255 0 0
0.451492 -0.168846 0.274292 255 0 0
0.452573 -0.168941 0.273481 255 0 0
0.354476 -0.129470 0.280478 0 0 0
0.355523 -0.130772 0.281009 255 0 0
0.356711 -0.131914 0.281749 255 0 0
0.358073 -0.133174 0.282358 255 0 0
0.358851 -0.133308 0.282595 255 0 0
0.360364 -0.134463 0.283403 255 0 0
0.361727 -0.135779 0.283973 0 0 0
0.362435 -0.135991 0.284097 0 0 0
0.364048 -0.137350 0.284675 0 0 0
0.364747 -0.137558 0.284795 0 0 0
0.366354 -0.138893 0.285337 0 0 0
0.366940 -0.139200 0.285346 0 0 0
0.368513 -0.140522 0.285878 0 0 0
0.369476 -0.140824 0.285999 255 0 0
0.370746 -0.141251 0.286108 255 0 0
0.371582 -0.141570 0.286111 255 0 0
0.373064 -0.143075 0.286400 255 0 0
0.373902 -0.143404 0.286418 255 0 0
0.375241 -0.143715 0.286654 0 0 0
0.376308 -0.144151 0.286638 0 0 0
0.377448 -0.144653 0.286563 0 0 0
0.378329 -0.145025 0.286533 0 0 0
0.379799 -0.146506 0.286852 0 0 0
0.380731 -0.146739 0.286995 255 0 0
0.381942 -0.147096 0.287114 255 0 0
0.382834 -0.147488 0.287102 255 0 0
0.384239 -0.148916 0.287462 0 0 0
0.385328 -0.149145 0.287709 0 0 0
0.386185 -0.149470 0.287743 0 0 0
0.387738 -0.150829 0.288266 0 0 0
0.388468 -0.150951 0.288412 0 0 0
0.389972 -0.152391 0.288943 0 0 0
0.390529 -0.152639 0.288932 0 0 0
0.392146 -0.154033 0.289622 0 0 0
0.392999 -0.154286 0.289600 0 0 0
0.394128 -0.154739 0.289539 255 0 0
0.395234 -0.155205 0.289473 255 0 0
0.396338 -0.155668 0.289405 0 0 0
0.397442 -0.156131 0.289338 0 0 0
0.398546 -0.156594 0.289271 0 0 0
0.399651 -0.157057 0.289203 0 0 0
0.400755 -0.157520 0.289136 255 0 0
0.401859 -0.157983 0.289068 255 0 0
0.402963 -0.158446 0.289001 255 0 0
0.404067 -0.158909 0.288934 255 0 0
0.405171 -0.159372 0.288866 255 0 0
0.406279 -0.159836 0.288798 255 0 0
0.407339 -0.160326 0.288733 255 0 0
0.408417 -0.160907 0.288668 255 0 0
0.409523 -0.161388 0.288600 255 0 0
0.410622 -0.161848 0.288533 255 0 0
0.411764 -0.162292 0.288464 0 0 0
0.412920 -0.162618 0.288392 0 0 0
0.413964 -0.163084 0.288327 0 0 0
0.415040 -0.163684 0.288264 255 0 0
0.416148 -0.164166 0.288196 255 0 0
0.417272 -0.164634 0.288119 255 0 0
0.418185 -0.165001 0.287997 255 0 0
0.419813 -0.164912 0.287169 255 0 0
0.420455 -0.165154 0.287057 0 0 0
0.422077 -0.165119 0.286224 0 0 0
0.422994 -0.165615 0.286100 0 0 0
0.423870 -0.166029 0.285981 0 0 0
0.425415 -0.166093 0.285177 255 0 0
0.426315 -0.166464 0.285063 255 0 0
0.427494 -0.166970 0.284950 255 0 0
0.428370 -0.167438 0.284708 0 0 0
0.429920 -0.167405 0.284050 0 0 0
0.430659 -0.167681 0.283900 0 0 0
0.432247 -0.167751 0.283078 0 0 0
0.433177 -0.168137 0.282959 255 0 0
0.434106 -0.168516 0.282841 255 0 0
0.435668 -0.168632 0.282021 255 0 0
0.436328 -0.168997 0.281897 255 0 0
0.438062 -0.168917 0.281014 0 0 0
0.438694 -0.169346 0.280912 0 0 0
0.440439 -0.169270 0.280030 0 0 0
0.441079 -0.169610 0.279928 255 0 0
0.442761 -0.169637 0.279067 255 0 0
0.443454 -0.170025 0.278923 255 0 0
0.444882 -0.170026 0.278072 255 0 0
0.446298 -0.169865 0.277367 0 0 0
0.446991 -0.170441 0.277060 0 0 0
0.448465 -0.170384 0.276147 255 0 0
0.449764 -0.170171 0.275231 255 0 0
0.450938 -0.170233 0.274353 255 0 0
0.452453 -0.170162 0.273446 255 0 0
0.453020 -0.170615 0.273362 255 0 0
0.355251 -0.132256 0.281033 255 0 0
0.356669 -0.133460 0.281757 0 0 0
0.357373 -0.133672 0.281882 0 0 0
0.358738 -0.134930 0.282467 0 0 0
0.359834 -0.136135 0.283037 0 0 0
0.361345 -0.137280 0.283823 0 0 0
0.361971 -0.137484 0.283932 255 0 0
0.363728 -0.138780 0.284659 255 0 0
0.364304 -0.139075 0.284669 0 0 0
0.365887 -0.140398 0.285204 0 0 0
0.366875 -0.140712 0.285329 255 0 0
0.367880 -0.141043 0.285458 0 0 0
0.369287 -0.142418 0.285836 255 0 0
0.370256 -0.142714 0.285938 255 0 0
0.371404 -0.143232 0.285922 255 0 0
0.372640 -0.143617 0.286001 255 0 0
0.373476 -0.143939 0.286002 255 0 0
0.374911 -0.145377 0.286334 255 0 0
0.375876 -0.145670 0.286434 255 0 0
0.377021 -0.146162 0.286395 255 0 0
0.378141 -0.146646 0.286354 255 0 0
0.379367 -0.147036 0.286432 0 0 0
0.380194 -0.147369 0.286431 0 0 0
0.381621 -0.148784 0.286766 0 0 0
0.382619 -0.149106 0.286897 0 0 0
0.383611 -0.149430 0.287025 0 0 0
0.384995 -0.150793 0.287400 0 0 0
0.385695 -0.150998 0.287539 0 0 0
0.387101 -0.152171 0.288277 0 0 0
0.388302 -0.153499 0.288847 0 0 0
0.389328 -0.153703 0.288979 0 0 0
0.390191 -0.154087 0.288987 0 0 0
0.391712 -0.155427 0.289464 0 0 0
0.392521 -0.155736 0.289471 0 0 0
0.393740 -0.156125 0.289550 255 0 0
0.394852 -0.156601 0.289507 255 0 0
0.395953 -0.157062 0.289442 255 0 0
0.397054 -0.157528 0.289378 255 0 0
0.398155 -0.157989 0.289311 255 0 0
0.399257 -0.158450 0.289244 0 0 0
0.400359 -0.158908 0.289174 255 0 0
0.401461 -0.159370 0.289105 255 0 0
0.402564 -0.159832 0.289038 255 0 0
0.403665 -0.160294 0.288971 255 0 0
0.404766 -0.160756 0.288904 255 0 0
0.405870 -0.161218 0.288836 255 0 0
0.406975 -0.161676 0.288769 255 0 0
0.408080 -0.162125 0.288701 255 0 0
0.409181 -0.162585 0.288634 255 0 0
0.410281 -0.163049 0.288567 255 0 0
0.411379 -0.163519 0.288503 0 0 0
0.412477 -0.163993 0.288437 0 0 0
0.413582 -0.164454 0.288370 0 0 0
0.414688 -0.164904 0.288302 0 0 0
0.415786 -0.165364 0.288234 255 0 0
0.416930 -0.165864 0.288128 255 0 0
0.417790 -0.166334 0.287885 255 0 0
0.419279 -0.166292 0.287249 255 0 0
0.420205 -0.166685 0.287122 255 0 0
0.421107 -0.167172 0.286997 0 0 0
0.422742 -0.167126 0.286164 0 0 0
0.423379 -0.167367 0.286054 0 0 0
0.425020 -0.167326 0.285215 0 0 0
0.425928 -0.167816 0.285094 255 0 0
0.426850 -0.168209 0.284973 255 0 0
0.428378 -0.168170 0.284325 0 0 0
0.429276 -0.168649 0.284075 0 0 0
0.430214 -0.169060 0.283929 0 0 0
0.431780 -0.169126 0.283115 0 0 0
0.432704 -0.169514 0.282996 0 0 0
0.433625 -0.169900 0.282879 0 0 0
0.435214 -0.169965 0.282061 255 0 0
0.436098 -0.170367 0.281946 255 0 0
0.437004 -0.170867 0.281826 0 0 0
0.438651 -0.170870 0.280980 0 0 0
0.439306 -0.171241 0.280858 0 0 0
0.440983 -0.171269 0.279996 0 0 0
0.441645 -0.171629 0.279872 0 0 0
0.443127 -0.171529 0.278996 255 0 0
0.444577 -0.171435 0.278119 255 0 0
0.445262 -0.171929 0.277971 255 0 0
0.446715 -0.171834 0.277095 255 0 0
0.448185 -0.171763 0.276217 0 0 0
0.448780 -0.172233 0.276113 0 0 0
0.450755 -0.171619 0.274335 255 0 0
0.451361 -0.172106 0.274226 255 0 0
0.452742 -0.172014 0.273412 255 0 0
0.354853 -0.133830 0.280851 255 0 0
0.356288 -0.134956 0.281607 255 0 0
0.356934 -0.135171 0.281715 255 0 0
0.358579 -0.136544 0.282327 255 0 0
0.359343 -0.136678 0.282563 255 0 0
0.360855 -0.137834 0.283381 255 0 0
0.361932 -0.139030 0.283947 255 0 0
0.363258 -0.140270 0.284526 255 0 0
0.364247 -0.140589 0.284654 255 0 0
0.365251 -0.140920 0.284783 255 0 0
0.366665 -0.142292 0.285165 255 0 0
0.367665 -0.142621 0.285294 255 0 0
0.368661 -0.142944 0.285419 0 0 0
0.370070 -0.144313 0.285796 0 0 0
0.371034 -0.144606 0.285896 0 0 0
0.372178 -0.145103 0.285859 0 0 0
0.373323 -0.145599 0.285822 255 0 0
0.374289 -0.145890 0.285922 255 0 0
0.375720 -0.147322 0.286251 255 0 0
0.376551 -0.147638 0.286253 255 0 0
0.377781 -0.148033 0.286335 0 0 0
0.378894 -0.148517 0.286296 0 0 0
0.380042 -0.149010 0.286257 0 0 0
0.380991 -0.149301 0.286357 0 0 0
0.382500 -0.150584 0.286888 0 0 0
0.383367 -0.150973 0.286894 0 0 0
0.384397 -0.151175 0.287021 0 0 0
0.385608 -0.152508 0.287596 0 0 0
0.387016 -0.153678 0.288336 0 0 0
0.387700 -0.153869 0.288478 0 0 0
0.389197 -0.155156 0.289001 0 0 0
0.390037 -0.155555 0.289003 0 0 0
0.391285 -0.155957 0.289092 0 0 0
0.392107 -0.156271 0.289099 0 0 0
0.393517 -0.157737 0.289376 255 0 0
0.394389 -0.158109 0.289346 255 0 0
0.395464 -0.158532 0.289312 255 0 0
0.396658 -0.158905 0.289392 255 0 0
0.397763 -0.159380 0.289348 255 0 0
0.398883 -0.159874 0.289253 255 0 0
0.399934 -0.160430 0.289042 255 0 0
0.400992 -0.160881 0.288944 255 0 0
0.402099 -0.161340 0.288877 255 0 0
0.403199 -0.161801 0.288810 255 0 0
0.404298 -0.162262 0.288743 255 0 0
0.405397 -0.162723 0.288676 0 0 0
0.406497 -0.163184 0.288609 0 0 0
0.407596 -0.163646 0.288542 0 0 0
0.408703 -0.164116 0.288472 0 0 0
0.409755 -0.164528 0.288439 255 0 0
0.410945 -0.164908 0.288523 255 0 0
0.412054 -0.165380 0.288482 255 0 0
0.413154 -0.165837 0.288417 0 0 0
0.414254 -0.166298 0.288349 0 0 0
0.415373 -0.166765 0.288274 255 0 0
0.416311 -0.167118 0.288152 255 0 0
0.417798 -0.167064 0.287520 255 0 0
0.418659 -0.167532 0.287274 255 0 0
0.419849 -0.168067 0.287129 255 0 0
0.420709 -0.168525 0.286885 255 0 0
0.422204 -0.168488 0.286243 0 0 0
0.423146 -0.168908 0.286089 0 0 0
0.424033 -0.169473 0.285817 0 0 0
0.425625 -0.169349 0.285160 0 0 0
0.426332 -0.169598 0.285027 0 0 0
0.427912 -0.169664 0.284210 0 0 0
0.428830 -0.170049 0.284088 0 0 0
0.429747 -0.170435 0.283969 0 0 0
0.431309 -0.170511 0.283156 0 0 0
0.432232 -0.170888 0.283037 0 0 0
0.433152 -0.171270 0.282920 0 0 0
0.434730 -0.171341 0.282100 0 0 0
0.435672 -0.171747 0.281956 255 0 0
0.436573 -0.172216 0.281710 255 0 0
0.438149 -0.172206 0.281039 0 0 0
0.438883 -0.172474 0.280895 0 0 0
0.440521 -0.172573 0.280052 0 0 0
0.441192 -0.172836 0.279931 0 0 0
0.442865 -0.172872 0.279068 0 0 0
0.443518 -0.173330 0.278944 0 0 0
0.445041 -0.173111 0.278033 0 0 0
0.446434 -0.173192 0.277166 255 0 0
0.447117 -0.173694 0.277018 255 0 0
0.448582 -0.173596 0.276133 255 0 0
0.449796 -0.173508 0.275250 255 0 0
0.451133 -0.173299 0.274285 255 0 0
0.452276 -0.173250 0.273451 255 0 0
0.354581 -0.134444 0.280409 255 0 0
0.355796 -0.135521 0.281150 255 0 0
0.357040 -0.136883 0.281575 255 0 0
0.357880 -0.137029 0.281830 0 0 0
0.359216 -0.138282 0.282442 0 0 0
0.360434 -0.139393 0.283209 0 0 0
0.361769 -0.140636 0.283819 0 0 0
0.362596 -0.140772 0.284071 0 0 0
0.364045 -0.142167 0.284489 0 0 0
0.365044 -0.142496 0.284618 0 0 0
0.366031 -0.142811 0.284746 255 0 0
0.367579 -0.144113 0.285280 255 0 0
0.368447 -0.144530 0.285283 0 0 0
0.369443 -0.144833 0.285386 0 0 0
0.370887 -0.146267 0.285717 0 0 0
0.371717 -0.146582 0.285718 0 0 0
0.372949 -0.146974 0.285802 0 0 0
0.374064 -0.147481 0.285785 0 0 0
0.375295 -0.147879 0.285862 0 0 0
0.376115 -0.148189 0.285865 0 0 0
0.377677 -0.149535 0.286351 0 0 0
0.378516 -0.149919 0.286327 0 0 0
0.379681 -0.150383 0.286265 0 0 0
0.380536 -0.150636 0.286243 0 0 0
0.382181 -0.152039 0.286942 0 0 0
0.382736 -0.152285 0.286930 0 0 0
0.384255 -0.153721 0.287464 0 0 0
0.384976 -0.153843 0.287611 0 0 0
0.386512 -0.155138 0.288190 0 0 0
0.387197 -0.155336 0.288321 0 0 0
0.388753 -0.156715 0.288840 255 0 0
0.389560 -0.157014 0.288852 255 0 0
0.390777 -0.157400 0.288936 255 0 0
0.391892 -0.157894 0.288919 255 0 0
0.393087 -0.158265 0.289004 255 0 0
0.394161 -0.158688 0.288971 255 0 0
0.395035 -0.159061 0.288941 255 0 0
0.396429 -0.160509 0.289221 255 0 0
0.397311 -0.160876 0.289190 255 0 0
0.398279 -0.161246 0.289079 255 0 0
0.399770 -0.161089 0.288680 255 0 0
0.400722 -0.161448 0.288571 255 0 0
0.401840 -0.161912 0.288500 255 0 0
0.402939 -0.162373 0.288433 255 0 0
0.404038 -0.162834 0.288366 0 0 0
0.405138 -0.163295 0.288299 0 0 0
0.406237 -0.163756 0.288232 0 0 0
0.407337 -0.164218 0.288164 0 0 0
0.408460 -0.164692 0.288096 0 0 0
0.409319 -0.165044 0.288073 0 0 0
0.410769 -0.166361 0.288546 0 0 0
0.411607 -0.166741 0.288529 255 0 0
0.412732 -0.167209 0.288466 255 0 0
0.413828 -0.167668 0.288394 255 0 0
0.414966 -0.168168 0.288288 255 0 0
0.415822 -0.168633 0.288048 255 0 0
0.417308 -0.168583 0.287415 255 0 0
0.418266 -0.168944 0.287284 255 0 0
0.419221 -0.169303 0.287155 255 0 0
0.420718 -0.169255 0.286518 255 0 0
0.421601 -0.169730 0.286266 255 0 0
0.422584 -0.170118 0.286110 0 0 0
0.424081 -0.170072 0.285477 0 0 0
0.424972 -0.170554 0.285215 0 0 0
0.425903 -0.170966 0.285065 0 0 0
0.427456 -0.171030 0.284253 0 0 0
0.428376 -0.171413 0.284134 0 0 0
0.429264 -0.171770 0.284035 0 0 0
0.430903 -0.171732 0.283197 0 0 0
0.431809 -0.172224 0.283078 0 0 0
0.432680 -0.172633 0.282964 0 0 0
0.434279 -0.172714 0.282134 0 0 0
0.435006 -0.172989 0.281987 255 0 0
0.436574 -0.172982 0.281316 255 0 0
0.437475 -0.173452 0.281070 255 0 0
0.438413 -0.173857 0.280928 255 0 0
0.440012 -0.173939 0.280100 0 0 0
0.440894 -0.174347 0.279988 0 0 0
0.441798 -0.174840 0.279873 0 0 0
0.443463 -0.174848 0.279015 0 0 0
0.444114 -0.175218 0.278892 0 0 0
0.445557 -0.175254 0.278017 0 0 0
0.446893 -0.174873 0.277085 255 0 0
0.448293 -0.174956 0.276211 255 0 0
0.448972 -0.175460 0.276063 255 0 0
0.450414 -0.175534 0.275146 255 0 0
0.451555 -0.175480 0.274302 255 0 0
0.453041 -0.174685 0.272517 255 0 0
0.354243 -0.136016 0.280256 255 0 0
0.355512 -0.137245 0.280820 255 0 0
0.356355 -0.137377 0.281080 255 0 0
0.357705 -0.138631 0.281698 255 0 0
0.358922 -0.139738 0.282464 0 0 0
0.360253 -0.140984 0.283076 0 0 0
0.361086 -0.141122 0.283332 0 0 0
0.362556 -0.142539 0.283784 0 0 0
0.363393 -0.142677 0.284036 0 0 0
0.364858 -0.144075 0.284462 0 0 0
0.365560 -0.144288 0.284586 0 0 0
0.367136 -0.145623 0.285156 255 0 0
0.368087 -0.145904 0.285261 255 0 0
0.369230 -0.146425 0.285249 255 0 0
0.370465 -0.146815 0.285328 255 0 0
0.371283 -0.147129 0.285331 0 0 0
0.372859 -0.148485 0.285818 0 0 0
0.373685 -0.148848 0.285796 0 0 0
0.374889 -0.149213 0.285733 0 0 0
0.375750 -0.149554 0.285710 0 0 0
0.377347 -0.150975 0.286408 0 0 0
0.378195 -0.151338 0.286369 0 0 0
0.379044 -0.151699 0.286331 0 0 0
0.380670 -0.153092 0.287033 0 0 0
0.381516 -0.153335 0.287010 0 0 0
0.382681 -0.153816 0.286975 255 0 0
0.383646 -0.154096 0.287094 255 0 0
0.385150 -0.155411 0.287652 255 0 0
0.385847 -0.155627 0.287783 255 0 0
0.387221 -0.156987 0.288191 255 0 0
0.388300 -0.157219 0.288444 255 0 0
0.389146 -0.157548 0.288479 0 0 0
0.390569 -0.159019 0.288758 0 0 0
0.391384 -0.159330 0.288765 0 0 0
0.392596 -0.159717 0.288849 0 0 0
0.393702 -0.160191 0.288809 0 0 0
0.394809 -0.160663 0.288769 255 0 0
0.395999 -0.161037 0.288852 255 0 0
0.397057 -0.161444 0.288821 255 0 0
0.398119 -0.161901 0.288721 255 0 0
0.399168 -0.162453 0.288507 255 0 0
0.400287 -0.162950 0.288409 255 0 0
0.401380 -0.163411 0.288340 255 0 0
0.402476 -0.163873 0.288274 255 0 0
0.403572 -0.164336 0.288210 255 0 0
0.404668 -0.164796 0.288144 255 0 0
0.405766 -0.165257 0.288077 255 0 0
0.406863 -0.165717 0.288010 255 0 0
0.407988 -0.166186 0.287946 255 0 0
0.408829 -0.166567 0.287928 255 0 0
0.410245 -0.167823 0.288442 255 0 0
0.411174 -0.168100 0.288549 255 0 0
0.412330 -0.168614 0.288482 255 0 0
0.413399 -0.169170 0.288267 255 0 0
0.414290 -0.169519 0.288133 255 0 0
0.415800 -0.169366 0.287686 255 0 0
0.416697 -0.169814 0.287441 255 0 0
0.417875 -0.170350 0.287297 255 0 0
0.418729 -0.170814 0.287051 255 0 0
0.420223 -0.170768 0.286415 255 0 0
0.421183 -0.171130 0.286284 255 0 0
0.422084 -0.171510 0.286161 255 0 0
0.423631 -0.171566 0.285358 255 0 0
0.424541 -0.171950 0.285233 0 0 0
0.425446 -0.172331 0.285110 0 0 0
0.427003 -0.172392 0.284301 0 0 0
0.427892 -0.172771 0.284187 0 0 0
0.429017 -0.173305 0.284075 0 0 0
0.429888 -0.173864 0.283800 0 0 0
0.431491 -0.173748 0.283148 0 0 0
0.432192 -0.173992 0.283020 255 0 0
0.433817 -0.174076 0.282180 255 0 0
0.434470 -0.174342 0.282058 255 0 0
0.436150 -0.174320 0.281204 255 0 0
0.437052 -0.174812 0.281085 255 0 0
0.437924 -0.175218 0.280972 255 0 0
0.439526 -0.175299 0.280144 0 0 0
0.440447 -0.175682 0.280029 0 0 0
0.441366 -0.176057 0.279915 0 0 0
0.442992 -0.176159 0.279075 255 0 0
0.443677 -0.176440 0.278938 255 0 0
0.445287 -0.176586 0.278088 0 0 0
0.445957 -0.176978 0.277948 255 0 0
0.447399 -0.177031 0.277070 255 0 0
0.448771 -0.176658 0.276099 255 0 0
0.449927 -0.176737 0.275216 255 0 0
0.451172 -0.176660 0.274296 255 0 0
0.452372 -0.176769 0.273363 255 0 0
0.453505 -0.176701 0.272524 255 0 0
0.354243 -0.137422 0.280265 255 0 0
0.354870 -0.137690 0.280369 255 0 0
0.356185 -0.138980 0.280950 255 0 0
0.357398 -0.140072 0.281719 255 0 0
0.358878 -0.141271 0.282490 0 0 0
0.359562 -0.141475 0.282616 0 0 0
0.361187 -0.142823 0.283202 0 0 0
0.361872 -0.143029 0.283324 0 0 0
0.363488 -0.144371 0.283910 0 0 0
0.364187 -0.144584 0.284033 0 0 0
0.365649 -0.145976 0.284460 0 0 0
0.366478 -0.146118 0.284713 255 0 0
0.367902 -0.147501 0.285126 255 0 0
0.368872 -0.147798 0.285233 0 0 0
0.370033 -0.148287 0.285200 0 0 0
0.370881 -0.148534 0.285176 0 0 0
0.372558 -0.149942 0.285878 0 0 0
0.373095 -0.150173 0.285864 0 0 0
0.374725 -0.151615 0.286570 0 0 0
0.375575 -0.151950 0.286548 0 0 0
0.376746 -0.152299 0.286479 0 0 0
0.377878 -0.152758 0.286415 0 0 0
0.378694 -0.153139 0.286393 0 0 0
0.380345 -0.154341 0.287076 255 0 0
0.381157 -0.154718 0.287055 255 0 0
0.382322 -0.155206 0.286993 255 0 0
0.383140 -0.155573 0.286974 255 0 0
0.384773 -0.156799 0.287658 255 0 0
0.385617 -0.157188 0.287666 255 0 0
0.386597 -0.157495 0.287773 255 0 0
0.387948 -0.158834 0.288147 255 0 0
0.388905 -0.159142 0.288276 0 0 0
0.390152 -0.159551 0.288390 0 0 0
0.390970 -0.159859 0.288399 0 0 0
0.392379 -0.161316 0.288678 0 0 0
0.393246 -0.161686 0.288649 255 0 0
0.394315 -0.162106 0.288617 255 0 0
0.395503 -0.162482 0.288700 255 0 0
0.396602 -0.162958 0.288658 255 0 0
0.397719 -0.163450 0.288561 255 0 0
0.398766 -0.163999 0.288347 255 0 0
0.399821 -0.164446 0.288249 255 0 0
0.400930 -0.164911 0.288180 255 0 0
0.401979 -0.165320 0.288148 255 0 0
0.403164 -0.165693 0.288228 255 0 0
0.404270 -0.166165 0.288187 255 0 0
0.405364 -0.166623 0.288122 255 0 0
0.406458 -0.167085 0.288059 255 0 0
0.407553 -0.167541 0.287995 255 0 0
0.408683 -0.168021 0.287959 255 0 0
0.409632 -0.168319 0.288069 0 0 0
0.410966 -0.169686 0.288385 0 0 0
0.411670 -0.169954 0.288324 0 0 0
0.413235 -0.169819 0.287913 0 0 0
0.414126 -0.170170 0.287778 0 0 0
0.415195 -0.170729 0.287560 255 0 0
0.416330 -0.171226 0.287453 255 0 0
0.417259 -0.171577 0.287331 255 0 0
0.418746 -0.171529 0.286692 255 0 0
0.419599 -0.171993 0.286446 255 0 0
0.420783 -0.172528 0.286300 255 0 0
0.421635 -0.172990 0.286056 255 0 0
0.423134 -0.172953 0.285411 255 0 0
0.424115 -0.173345 0.285253 0 0 0
0.424995 -0.173823 0.284990 0 0 0
0.426492 -0.173794 0.284357 0 0 0
0.427460 -0.174142 0.284235 0 0 0
0.428393 -0.174473 0.284133 0 0 0
0.429972 -0.174346 0.283491 0 0 0
0.430865 -0.174919 0.283207 0 0 0
0.431747 -0.175352 0.283063 0 0 0
0.433328 -0.175428 0.282239 255 0 0
0.434196 -0.175835 0.282124 255 0 0
0.435091 -0.176327 0.282009 255 0 0
0.436773 -0.176306 0.281149 255 0 0
0.437423 -0.176571 0.281028 255 0 0
0.439037 -0.176671 0.280192 255 0 0
0.439955 -0.177046 0.280077 255 0 0
0.440871 -0.177428 0.279962 0 0 0
0.442497 -0.177533 0.279123 255 0 0
0.443153 -0.177790 0.279006 255 0 0
0.444895 -0.177783 0.278127 255 0 0
0.445536 -0.178146 0.278011 255 0 0
0.447195 -0.178206 0.277140 255 0 0
0.447761 -0.178692 0.277042 255 0 0
0.449554 -0.177900 0.275214 255 0 0
0.450690 -0.177850 0.274365 255 0 0
0.451960 -0.177769 0.273426 255 0 0
0.453101 -0.177680 0.272582 255 0 0
0.354750 -0.139341 0.280247 0 0 0
0.355882 -0.140420 0.280974 255 0 0
0.357094 -0.141517 0.281746 255 0 0
0.358445 -0.142746 0.282341 0 0 0
0.359133 -0.142957 0.282464 0 0 0
0.360755 -0.144301 0.283051 0 0 0
0.361437 -0.144507 0.283174 0 0 0
0.363025 -0.145840 0.283751 0 0 0
0.364007 -0.146158 0.283882 0 0 0
0.364988 -0.146476 0.284014 0 0 0
0.366568 -0.147807 0.284595 0 0 0
0.367245 -0.148008 0.284715 0 0 0
0.368843 -0.149327 0.285261 0 0 0
0.369392 -0.149591 0.285260 0 0 0
0.371072 -0.150997 0.285971 0 0 0
0.371942 -0.151253 0.285948 0 0 0
0.372785 -0.151610 0.285928 0 0 0
0.374458 -0.152827 0.286613 0 0 0
0.375265 -0.153199 0.286592 0 0 0
0.376400 -0.153687 0.286527 0 0 0
0.377529 -0.154139 0.286463 0 0 0
0.378371 -0.154382 0.286438 255 0 0
0.379996 -0.155775 0.287144 255 0 0
0.380804 -0.156117 0.287106 255 0 0
0.381969 -0.156607 0.287042 255 0 0
0.382779 -0.156982 0.287021 255 0 0
0.384415 -0.158194 0.287705 255 0 0
0.385224 -0.158554 0.287688 255 0 0
0.386386 -0.159053 0.287655 255 0 0
0.387335 -0.159346 0.287758 255 0 0
0.388677 -0.160681 0.288129 255 0 0
0.389622 -0.160973 0.288238 0 0 0
0.390757 -0.161477 0.288230 0 0 0
0.391949 -0.161844 0.288313 0 0 0
0.393018 -0.162264 0.288280 255 0 0
0.393887 -0.162635 0.288251 255 0 0
0.395281 -0.164073 0.288533 255 0 0
0.396158 -0.164437 0.288502 255 0 0
0.397120 -0.164805 0.288392 255 0 0
0.398604 -0.164655 0.287992 255 0 0
0.399551 -0.165012 0.287882 255 0 0
0.400686 -0.165486 0.287810 255 0 0
0.401550 -0.165850 0.287784 255 0 0
0.402923 -0.167278 0.288065 255 0 0
0.403791 -0.167650 0.288037 255 0 0
0.404857 -0.168070 0.288004 255 0 0
0.406041 -0.168448 0.288089 255 0 0
0.407142 -0.168919 0.288050 255 0 0
0.408235 -0.169369 0.287988 255 0 0
0.409340 -0.169841 0.287950 255 0 0
0.410529 -0.170212 0.288031 255 0 0
0.411530 -0.170613 0.287969 255 0 0
0.412585 -0.171176 0.287754 255 0 0
0.413699 -0.171667 0.287656 255 0 0
0.414788 -0.172123 0.287585 255 0 0
0.415904 -0.172587 0.287508 255 0 0
0.416777 -0.172959 0.287391 255 0 0
0.418307 -0.173010 0.286592 255 0 0
0.419203 -0.173392 0.286467 255 0 0
0.420157 -0.173754 0.286338 255 0 0
0.421649 -0.173723 0.285693 255 0 0
0.422529 -0.174185 0.285445 255 0 0
0.423479 -0.174540 0.285311 255 0 0
0.425045 -0.174390 0.284663 0 0 0
0.425939 -0.174850 0.284393 0 0 0
0.427052 -0.175471 0.284287 0 0 0
0.428082 -0.175995 0.284216 0 0 0
0.428954 -0.176474 0.284105 0 0 0
0.430616 -0.176445 0.283249 0 0 0
0.431258 -0.176706 0.283125 0 0 0
0.432853 -0.176797 0.282293 0 0 0
0.433766 -0.177167 0.282175 0 0 0
0.434676 -0.177534 0.282058 255 0 0
0.436283 -0.177631 0.281223 255 0 0
0.436929 -0.177896 0.281103 255 0 0
0.438618 -0.177877 0.280239 255 0 0
0.439518 -0.178371 0.280126 255 0 0
0.440362 -0.178754 0.280035 255 0 0
0.442050 -0.178734 0.279177 0 0 0
0.442905 -0.179263 0.279069 0 0 0
0.443731 -0.179749 0.278982 255 0 0
0.445484 -0.179660 0.278085 255 0 0
0.446116 -0.180119 0.277966 255 0 0
0.447575 -0.180038 0.277077 255 0 0
0.448775 -0.179955 0.276188 255 0 0
0.450038 -0.179908 0.275229 255 0 0
0.451284 -0.179845 0.274298 0 0 0
0.452421 -0.179792 0.273452 255 0 0
0.354451 -0.140800 0.280276 0 0 0
0.355580 -0.141861 0.281001 0 0 0
0.356931 -0.143104 0.281625 0 0 0
0.357762 -0.143239 0.281881 0 0 0
0.359238 -0.144650 0.282339 0 0 0
0.360072 -0.144790 0.282593 0 0 0
0.361540 -0.146196 0.283050 255 0 0
0.362365 -0.146337 0.283303 0 0 0
0.363836 -0.147725 0.283734 0 0 0
0.364514 -0.147932 0.283861 0 0 0
0.366250 -0.149211 0.284594 0 0 0
0.366791 -0.149486 0.284610 0 0 0
0.368528 -0.150744 0.285307 255 0 0
0.369061 -0.151017 0.285321 0 0 0
0.370767 -0.152248 0.286014 0 0 0
0.371606 -0.152639 0.285995 0 0 0
0.372448 -0.153017 0.285977 0 0 0
0.374115 -0.154253 0.286664 255 0 0
0.374922 -0.154617 0.286642 255 0 0
0.376086 -0.155104 0.286577 255 0 0
0.376896 -0.155445 0.286540 0 0 0
0.378525 -0.156835 0.287242 0 0 0
0.379359 -0.157078 0.287221 255 0 0
0.380485 -0.157528 0.287159 255 0 0
0.381612 -0.157975 0.287095 255 0 0
0.382451 -0.158216 0.287071 0 0 0
0.384063 -0.159602 0.287774 0 0 0
0.384864 -0.159943 0.287741 0 0 0
0.385991 -0.160414 0.287678 0 0 0
0.387119 -0.160901 0.287644 255 0 0
0.388065 -0.161193 0.287748 255 0 0
0.389404 -0.162523 0.288118 255 0 0
0.390346 -0.162813 0.288224 0 0 0
0.391470 -0.163302 0.288190 0 0 0
0.392563 -0.163758 0.288131 255 0 0
0.393664 -0.164230 0.288091 255 0 0
0.394851 -0.164601 0.288172 255 0 0
0.395904 -0.165005 0.288140 255 0 0
0.396961 -0.165462 0.288040 255 0 0
0.398005 -0.166014 0.287829 255 0 0
0.399119 -0.166509 0.287732 255 0 0
0.400207 -0.166964 0.287666 255 0 0
0.401310 -0.167435 0.287625 255 0 0
0.402495 -0.167806 0.287705 255 0 0
0.403564 -0.168228 0.287672 0 0 0
0.404420 -0.168582 0.287648 0 0 0
0.405881 -0.169895 0.288123 0 0 0
0.406708 -0.170271 0.288108 0 0 0
0.407826 -0.170738 0.288046 255 0 0
0.408915 -0.171195 0.287981 255 0 0
0.410004 -0.171655 0.287917 255 0 0
0.411094 -0.172114 0.287850 255 0 0
0.412185 -0.172568 0.287781 255 0 0
0.413275 -0.173023 0.287714 255 0 0
0.414362 -0.173479 0.287645 255 0 0
0.415495 -0.173974 0.287535 255 0 0
0.416340 -0.174432 0.287295 255 0 0
0.417826 -0.174390 0.286654 255 0 0
0.418783 -0.174750 0.286527 255 0 0
0.419647 -0.175101 0.286428 255 0 0
0.421260 -0.175050 0.285594 255 0 0
0.422131 -0.175532 0.285477 255 0 0
0.423157 -0.176054 0.285406 255 0 0
0.424247 -0.176646 0.285335 0 0 0
0.425144 -0.177031 0.285219 0 0 0
0.426766 -0.176973 0.284378 0 0 0
0.427645 -0.177312 0.284279 0 0 0
0.428554 -0.177679 0.284160 0 0 0
0.430134 -0.177778 0.283332 0 0 0
0.430773 -0.178032 0.283208 0 0 0
0.432448 -0.177999 0.282346 0 0 0
0.433339 -0.178493 0.282229 0 0 0
0.434196 -0.178900 0.282116 255 0 0
0.435784 -0.178993 0.281288 255 0 0
0.436648 -0.179389 0.281175 0 0 0
0.437540 -0.179879 0.281060 0 0 0
0.439209 -0.179865 0.280206 0 0 0
0.440057 -0.180236 0.280115 255 0 0
0.440928 -0.180702 0.280026 255 0 0
0.442699 -0.180563 0.279136 255 0 0
0.443522 -0.181051 0.279049 255 0 0
0.444374 -0.181578 0.278938 255 0 0
0.445849 -0.181459 0.278057 0 0 0
0.447297 -0.181380 0.277169 0 0 0
0.447958 -0.181871 0.277021 0 0 0
0.449372 -0.181991 0.276105 255 0 0
0.450600 -0.181922 0.275187 0 0 0
0.451832 -0.181836 0.274286 0 0 0
0.453020 -0.181595 0.273428 0 0 0
0.354194 -0.142060 0.280308 255 0 0
0.355484 -0.143458 0.280898 0 0 0
0.356234 -0.143588 0.281133 0 0 0
0.357735 -0.144997 0.281600 0 0 0
0.358562 -0.145137 0.281853 0 0 0
0.360040 -0.146543 0.282313 0 0 0
0.360864 -0.146681 0.282566 255 0 0
0.362336 -0.148084 0.283027 0 0 0
0.363157 -0.148216 0.283285 0 0 0
0.364471 -0.149459 0.283896 0 0 0
0.365804 -0.150679 0.284489 0 0 0
0.366476 -0.150884 0.284615 0 0 0
0.368074 -0.152212 0.285204 255 0 0
0.368744 -0.152414 0.285333 0 0 0
0.370299 -0.153738 0.285908 0 0 0
0.371276 -0.154030 0.286020 0 0 0
0.372112 -0.154425 0.286026 0 0 0
0.373780 -0.155651 0.286714 255 0 0
0.374585 -0.156015 0.286694 255 0 0
0.375744 -0.156496 0.286633 255 0 0
0.376566 -0.156876 0.286612 255 0 0
0.378080 -0.158142 0.287143 255 0 0
0.379007 -0.158429 0.287246 255 0 0
0.380165 -0.158937 0.287212 255 0 0
0.380981 -0.159288 0.287178 255 0 0
0.382495 -0.160769 0.287653 255 0 0
0.383323 -0.160961 0.287685 0 0 0
0.384529 -0.161326 0.287768 0 0 0
0.385629 -0.161807 0.287731 0 0 0
0.386723 -0.162258 0.287670 0 0 0
0.387847 -0.162744 0.287636 255 0 0
0.388791 -0.163034 0.287741 255 0 0
0.390168 -0.164426 0.288065 255 0 0
0.390977 -0.164733 0.288073 255 0 0
0.392183 -0.165116 0.288154 255 0 0
0.393279 -0.165591 0.288115 255 0 0
0.394369 -0.166051 0.288057 255 0 0
0.395457 -0.166510 0.287992 255 0 0
0.396547 -0.166968 0.287925 255 0 0
0.397638 -0.167421 0.287855 255 0 0
0.398728 -0.167876 0.287788 255 0 0
0.399817 -0.168333 0.287722 255 0 0
0.400906 -0.168790 0.287656 255 0 0
0.401997 -0.169251 0.287593 255 0 0
0.403114 -0.169718 0.287530 0 0 0
0.403944 -0.170100 0.287513 0 0 0
0.405354 -0.171347 0.288019 0 0 0
0.406292 -0.171622 0.288143 0 0 0
0.407417 -0.172104 0.288110 0 0 0
0.408507 -0.172556 0.288045 0 0 0
0.409594 -0.173012 0.287979 255 0 0
0.410681 -0.173468 0.287912 0 0 0
0.411768 -0.173924 0.287846 0 0 0
0.412853 -0.174380 0.287777 0 0 0
0.413979 -0.174872 0.287669 0 0 0
0.414869 -0.175309 0.287429 0 0 0
0.416323 -0.175167 0.286942 0 0 0
0.417216 -0.175607 0.286698 0 0 0
0.418351 -0.176102 0.286591 0 0 0
0.419411 -0.176597 0.286518 0 0 0
0.420272 -0.177077 0.286406 255 0 0
0.421887 -0.177026 0.285566 255 0 0
0.422735 -0.177364 0.285474 255 0 0
0.423889 -0.177825 0.285392 255 0 0
0.424731 -0.178167 0.285303 255 0 0
0.426353 -0.178138 0.284460 0 0 0
0.427242 -0.178645 0.284343 0 0 0
0.428062 -0.179017 0.284249 0 0 0
0.429718 -0.178972 0.283397 0 0 0
0.430555 -0.179504 0.283285 0 0 0
0.431389 -0.180016 0.283173 0 0 0
0.433069 -0.179991 0.282310 0 0 0
0.433680 -0.180219 0.282209 0 0 0
0.435372 -0.180187 0.281344 255 0 0
0.436266 -0.180677 0.281229 255 0 0
0.437100 -0.181048 0.281138 255 0 0
0.438769 -0.181032 0.280281 0 0 0
0.439641 -0.181515 0.280174 0 0 0
0.440706 -0.182038 0.280096 255 0 0
0.441567 -0.182533 0.279992 255 0 0
0.443274 -0.182528 0.279122 255 0 0
0.443896 -0.182752 0.279025 255 0 0
0.445586 -0.182792 0.278146 255 0 0
0.446229 -0.183295 0.278008 255 0 0
0.447685 -0.183199 0.277112 0 0 0
0.448954 -0.182937 0.276208 0 0 0
0.450178 -0.182869 0.275290 0 0 0
0.451619 -0.182993 0.274372 0 0 0
0.452142 -0.183435 0.274292 0 0 0
0.355063 -0.144002 0.280474 0 0 0
0.356224 -0.145338 0.280858 0 0 0
0.357058 -0.145482 0.281113 0 0 0
0.358540 -0.146886 0.281575 0 0 0
0.359363 -0.147026 0.281828 0 0 0
0.360840 -0.148427 0.282291 0 0 0
0.361653 -0.148559 0.282545 0 0 0
0.362989 -0.149802 0.283170 0 0 0
0.364305 -0.151034 0.283785 0 0 0
0.365123 -0.151166 0.284045 0 0 0
0.366575 -0.152558 0.284505 0 0 0
0.367385 -0.152685 0.284763 255 0 0
0.368967 -0.154030 0.285381 255 0 0
0.369634 -0.154229 0.285510 255 0 0
0.371217 -0.155526 0.286059 255 0 0
0.371769 -0.155824 0.286076 255 0 0
0.373317 -0.157115 0.286616 255 0 0
0.374248 -0.157393 0.286719 0 0 0
0.375376 -0.157881 0.286687 0 0 0
0.376499 -0.158365 0.286654 0 0 0
0.377448 -0.158658 0.286761 255 0 0
0.378813 -0.159991 0.287134 255 0 0
0.379759 -0.160280 0.287243 255 0 0
0.380883 -0.160786 0.287236 255 0 0
0.382103 -0.161164 0.287332 255 0 0
0.382902 -0.161468 0.287334 0 0 0
0.384298 -0.162871 0.287654 0 0 0
0.385239 -0.163162 0.287762 0 0 0
0.386357 -0.163647 0.287728 0 0 0
0.387450 -0.164096 0.287666 255 0 0
0.388547 -0.164572 0.287629 255 0 0
0.389753 -0.164955 0.287709 255 0 0
0.390562 -0.165262 0.287718 255 0 0
0.391976 -0.166717 0.287995 255 0 0
0.392780 -0.167021 0.288004 255 0 0
0.393984 -0.167408 0.288089 255 0 0
0.395077 -0.167880 0.288051 255 0 0
0.396167 -0.168330 0.287986 255 0 0
0.397253 -0.168785 0.287917 255 0 0
0.398341 -0.169244 0.287852 255 0 0
0.399428 -0.169700 0.287787 255 0 0
0.400515 -0.170156 0.287721 0 0 0
0.401603 -0.170612 0.287655 0 0 0
0.402695 -0.171067 0.287590 0 0 0
0.403808 -0.171516 0.287557 0 0 0
0.404788 -0.171701 0.287688 0 0 0
0.406174 -0.173087 0.288213 0 0 0
0.406985 -0.173445 0.288179 0 0 0
0.408098 -0.173913 0.288114 0 0 0
0.409184 -0.174369 0.288047 0 0 0
0.410269 -0.174824 0.287981 0 0 0
0.411350 -0.175280 0.287914 0 0 0
0.412475 -0.175773 0.287807 0 0 0
0.413362 -0.176209 0.287562 0 0 0
0.414810 -0.176067 0.287076 0 0 0
0.415702 -0.176505 0.286836 0 0 0
0.416827 -0.176997 0.286728 0 0 0
0.417913 -0.177453 0.286659 0 0 0
0.419029 -0.177914 0.286583 0 0 0
0.419895 -0.178275 0.286469 0 0 0
0.421420 -0.178358 0.285659 0 0 0
0.422290 -0.178720 0.285544 0 0 0
0.423413 -0.179183 0.285467 255 0 0
0.424484 -0.179676 0.285397 255 0 0
0.425310 -0.180129 0.285313 255 0 0
0.427030 -0.179973 0.284430 255 0 0
0.427836 -0.180476 0.284343 0 0 0
0.428640 -0.180960 0.284257 0 0 0
0.430406 -0.180806 0.283358 0 0 0
0.430994 -0.181126 0.283259 0 0 0
0.432624 -0.181148 0.282401 0 0 0
0.433464 -0.181669 0.282287 0 0 0
0.434298 -0.182188 0.282176 255 0 0
0.435963 -0.182171 0.281319 255 0 0
0.436795 -0.182540 0.281227 255 0 0
0.437682 -0.183027 0.281115 0 0 0
0.439359 -0.183002 0.280255 0 0 0
0.440242 -0.183354 0.280162 0 0 0
0.441124 -0.183699 0.280070 255 0 0
0.442807 -0.183691 0.279208 255 0 0
0.443652 -0.184210 0.279101 255 0 0
0.444469 -0.184703 0.279013 255 0 0
0.446028 -0.184427 0.278087 255 0 0
0.447411 -0.184527 0.277212 255 0 0
0.448062 -0.185020 0.277063 255 0 0
0.449474 -0.185148 0.276143 255 0 0
0.450703 -0.185077 0.275219 255 0 0
0.451890 -0.184840 0.274377 255 0 0
0.354821 -0.145719 0.280145 0 0 0
0.355532 -0.145826 0.280365 255 0 0
0.357040 -0.147230 0.280837 255 0 0
0.357863 -0.147370 0.281090 255 0 0
0.359341 -0.148769 0.281554 255 0 0
0.360165 -0.148912 0.281809 255 0 0
0.361379 -0.150236 0.282237 255 0 0
0.362877 -0.151377 0.283068 255 0 0
0.363616 -0.151509 0.283307 255 0 0
0.365086 -0.152901 0.283774 255 0 0
0.365903 -0.153043 0.284032 255 0 0
0.367093 -0.154360 0.284456 255 0 0
0.368581 -0.155478 0.285259 255 0 0
0.369175 -0.155679 0.285372 255 0 0
0.370748 -0.156989 0.285955 255 0 0
0.371706 -0.157297 0.286092 255 0 0
0.372686 -0.157623 0.286230 255 0 0
0.374065 -0.158955 0.286610 0 0 0
0.375007 -0.159245 0.286713 0 0 0
0.376129 -0.159731 0.286683 0 0 0
0.377255 -0.160217 0.286652 0 0 0
0.378184 -0.160492 0.286757 0 0 0
0.379688 -0.161764 0.287284 255 0 0
0.380500 -0.162139 0.287265 255 0 0
0.381620 -0.162608 0.287210 255 0 0
0.382744 -0.163096 0.287176 255 0 0
0.383671 -0.163368 0.287281 0 0 0
0.385157 -0.164637 0.287811 0 0 0
0.385970 -0.165011 0.287793 0 0 0
0.387087 -0.165476 0.287729 0 0 0
0.388174 -0.165932 0.287664 0 0 0
0.389261 -0.166388 0.287602 255 0 0
0.390357 -0.166862 0.287563 255 0 0
0.391563 -0.167245 0.287643 255 0 0
0.392356 -0.167533 0.287656 255 0 0
0.393858 -0.168858 0.288132 255 0 0
0.394668 -0.169231 0.288112 255 0 0
0.395811 -0.169741 0.288014 255 0 0
0.396801 -0.170237 0.287841 255 0 0
0.397938 -0.170597 0.287889 0 0 0
0.399040 -0.171068 0.287853 0 0 0
0.400125 -0.171519 0.287790 0 0 0
0.401211 -0.171975 0.287724 0 0 0
0.402326 -0.172445 0.287659 0 0 0
0.403120 -0.172781 0.287627 0 0 0
0.404662 -0.174147 0.288334 0 0 0
0.405500 -0.174378 0.288314 0 0 0
0.406607 -0.174811 0.288252 0 0 0
0.407693 -0.175268 0.288186 0 0 0
0.408775 -0.175722 0.288120 0 0 0
0.409858 -0.176176 0.288054 0 0 0
0.410959 -0.176637 0.287979 0 0 0
0.411879 -0.176984 0.287857 255 0 0
0.413348 -0.176940 0.287217 255 0 0
0.414188 -0.177397 0.286976 0 0 0
0.415316 -0.177890 0.286866 0 0 0
0.416398 -0.178345 0.286797 0 0 0
0.417484 -0.178800 0.286731 0 0 0
0.418598 -0.179263 0.286657 0 0 0
0.419431 -0.179601 0.286567 0 0 0
0.421046 -0.179551 0.285723 0 0 0
0.421899 -0.180049 0.285613 0 0 0
0.422953 -0.180544 0.285541 255 0 0
0.424060 -0.180982 0.285471 255 0 0
0.425129 -0.181462 0.285400 255 0 0
0.425948 -0.181926 0.285318 255 0 0
0.427678 -0.181764 0.284430 255 0 0
0.428472 -0.182263 0.284344 255 0 0
0.429298 -0.182787 0.284233 255 0 0
0.430926 -0.182804 0.283372 255 0 0
0.431536 -0.183148 0.283250 255 0 0
0.433243 -0.183131 0.282372 255 0 0
0.433846 -0.183347 0.282271 255 0 0
0.435533 -0.183327 0.281403 255 0 0
0.436416 -0.183819 0.281288 255 0 0
0.437265 -0.184211 0.281177 255 0 0
0.438859 -0.184314 0.280342 255 0 0
0.439736 -0.184685 0.280234 255 0 0
0.440841 -0.185191 0.280154 255 0 0
0.441692 -0.185671 0.280051 255 0 0
0.443389 -0.185648 0.279184 255 0 0
0.444220 -0.186020 0.279095 255 0 0
0.445103 -0.186527 0.278979 255 0 0
0.446539 -0.186586 0.278068 255 0 0
0.447789 -0.186341 0.277166 255 0 0
0.449059 -0.186076 0.276253 255 0 0
0.450279 -0.186010 0.275332 255 0 0
0.451712 -0.186154 0.274414 255 0 0
0.452229 -0.186589 0.274334 255 0 0
0.354376 -0.146271 0.279711 0 0 0
0.355518 -0.147574 0.280089 255 0 0
0.356361 -0.147714 0.280351 0 0 0
0.357844 -0.149112 0.280817 0 0 0
0.358665 -0.149252 0.281071 0 0 0
0.360150 -0.150648 0.281541 0 0 0
0.360893 -0.150782 0.281779 0 0 0
0.362391 -0.151922 0.282612 0 0 0
0.363596 -0.153239 0.283041 0 0 0
0.364412 -0.153381 0.283299 255 0 0
0.365879 -0.154767 0.283768 255 0 0
0.366612 -0.154898 0.284009 255 0 0
0.368102 -0.156027 0.284844 255 0 0
0.369277 -0.157335 0.285268 255 0 0
0.370091 -0.157480 0.285531 255 0 0
0.371493 -0.158833 0.285952 0 0 0
0.372471 -0.159152 0.286090 0 0 0
0.373444 -0.159473 0.286226 0 0 0
0.374822 -0.160800 0.286607 0 0 0
0.375761 -0.161090 0.286711 0 0 0
0.376908 -0.161588 0.286682 0 0 0
0.377723 -0.161960 0.286667 0 0 0
0.379268 -0.163299 0.287146 255 0 0
0.380056 -0.163584 0.287157 255 0 0
0.381267 -0.163974 0.287242 255 0 0
0.382388 -0.164461 0.287208 255 0 0
0.383186 -0.164814 0.287194 0 0 0
0.384816 -0.166030 0.287879 0 0 0
0.385608 -0.166383 0.287862 0 0 0
0.386726 -0.166849 0.287798 0 0 0
0.387812 -0.167304 0.287732 0 0 0
0.388897 -0.167760 0.287666 0 0 0
0.389982 -0.168215 0.287601 255 0 0
0.391095 -0.168681 0.287541 255 0 0
0.391910 -0.169055 0.287523 255 0 0
0.393405 -0.170366 0.288001 255 0 0
0.394258 -0.170707 0.287975 255 0 0
0.395233 -0.171068 0.287857 255 0 0
0.396465 -0.170869 0.287536 255 0 0
0.397679 -0.172104 0.287782 0 0 0
0.398620 -0.172404 0.287894 0 0 0
0.399734 -0.172883 0.287862 0 0 0
0.400820 -0.173333 0.287797 0 0 0
0.401934 -0.173802 0.287734 0 0 0
0.402730 -0.174168 0.287720 0 0 0
0.404303 -0.175332 0.288404 0 0 0
0.405095 -0.175697 0.288390 0 0 0
0.406207 -0.176164 0.288327 0 0 0
0.407288 -0.176618 0.288261 0 0 0
0.408368 -0.177071 0.288196 255 0 0
0.409449 -0.177524 0.288130 255 0 0
0.410552 -0.177987 0.288054 255 0 0
0.411410 -0.178357 0.287938 255 0 0
0.412924 -0.178405 0.287134 255 0 0
0.413783 -0.178774 0.287015 255 0 0
0.414891 -0.179235 0.286938 255 0 0
0.415974 -0.179689 0.286872 255 0 0
0.417056 -0.180143 0.286806 255 0 0
0.418145 -0.180598 0.286739 255 0 0
0.419204 -0.181089 0.286669 255 0 0
0.420023 -0.181538 0.286585 0 0 0
0.421721 -0.181344 0.285702 0 0 0
0.422577 -0.181699 0.285611 0 0 0
0.423656 -0.182292 0.285544 255 0 0
0.424703 -0.182771 0.285480 255 0 0
0.425770 -0.183254 0.285409 255 0 0
0.426584 -0.183717 0.285326 255 0 0
0.428336 -0.183566 0.284426 255 0 0
0.428912 -0.183882 0.284328 255 0 0
0.430561 -0.183910 0.283457 255 0 0
0.431169 -0.184255 0.283335 255 0 0
0.432796 -0.184281 0.282470 255 0 0
0.433627 -0.184802 0.282358 0 0 0
0.434451 -0.185320 0.282248 0 0 0
0.436143 -0.185300 0.281374 255 0 0
0.436763 -0.185556 0.281256 255 0 0
0.438376 -0.185666 0.280411 255 0 0
0.439248 -0.186022 0.280303 0 0 0
0.440402 -0.186495 0.280219 0 0 0
0.441272 -0.186852 0.280113 0 0 0
0.442868 -0.186975 0.279276 255 0 0
0.443769 -0.187340 0.279161 255 0 0
0.444673 -0.187702 0.279043 255 0 0
0.446067 -0.187690 0.278191 255 0 0
0.447522 -0.187655 0.277268 255 0 0
0.448162 -0.188149 0.277121 255 0 0
0.449582 -0.188264 0.276194 255 0 0
0.450798 -0.188220 0.275266 255 0 0
0.451992 -0.188002 0.274394 255 0 0
0.354289 -0.147755 0.279551 255 0 0
0.354896 -0.148019 0.279651 0 0 0
0.356344 -0.149455 0.280079 0 0 0
0.357168 -0.149595 0.280334 0 0 0
0.358646 -0.150989 0.280801 0 0 0
0.359460 -0.151126 0.281060 0 0 0
0.360784 -0.152358 0.281681 0 0 0
0.362118 -0.153589 0.282309 0 0 0
0.362923 -0.153721 0.282566 0 0 0
0.364384 -0.155106 0.283033 0 0 0
0.365190 -0.155240 0.283295 0 0 0
0.366495 -0.156464 0.283916 0 0 0
0.367814 -0.157689 0.284544 0 0 0
0.368598 -0.157806 0.284803 0 0 0
0.370182 -0.159139 0.285431 255 0 0
0.370848 -0.159347 0.285557 0 0 0
0.372261 -0.160676 0.285954 0 0 0
0.373231 -0.160997 0.286090 0 0 0
0.374201 -0.161318 0.286226 0 0 0
0.375575 -0.162640 0.286607 0 0 0
0.376513 -0.162925 0.286713 0 0 0
0.377631 -0.163431 0.286709 0 0 0
0.378844 -0.163816 0.286796 255 0 0
0.379631 -0.164101 0.286808 255 0 0
0.381172 -0.165439 0.287288 255 0 0
0.382011 -0.165822 0.287275 255 0 0
0.382832 -0.166186 0.287261 0 0 0
0.384464 -0.167400 0.287952 0 0 0
0.385252 -0.167753 0.287934 0 0 0
0.386367 -0.168219 0.287871 0 0 0
0.387450 -0.168673 0.287805 0 0 0
0.388533 -0.169127 0.287739 0 0 0
0.389615 -0.169581 0.287673 0 0 0
0.390700 -0.170031 0.287608 0 0 0
0.391787 -0.170501 0.287571 255 0 0
0.392967 -0.170875 0.287657 255 0 0
0.394008 -0.171273 0.287627 255 0 0
0.395059 -0.171724 0.287527 255 0 0
0.396130 -0.172297 0.287346 255 0 0
0.397066 -0.172617 0.287425 255 0 0
0.398509 -0.173851 0.287952 255 0 0
0.399320 -0.174225 0.287937 255 0 0
0.400433 -0.174690 0.287874 255 0 0
0.401536 -0.175122 0.287811 0 0 0
0.402372 -0.175348 0.287791 0 0 0
0.403915 -0.176714 0.288504 255 0 0
0.404697 -0.177045 0.288472 255 0 0
0.405807 -0.177513 0.288406 255 0 0
0.406885 -0.177965 0.288341 255 0 0
0.407963 -0.178417 0.288275 255 0 0
0.409041 -0.178870 0.288209 255 0 0
0.410143 -0.179330 0.288133 255 0 0
0.410997 -0.179697 0.288017 255 0 0
0.412508 -0.179747 0.287209 255 0 0
0.413366 -0.180114 0.287092 255 0 0
0.414470 -0.180576 0.287017 255 0 0
0.415551 -0.181030 0.286951 255 0 0
0.416631 -0.181483 0.286885 255 0 0
0.417712 -0.181935 0.286819 255 0 0
0.418802 -0.182384 0.286751 255 0 0
0.419831 -0.182856 0.286688 0 0 0
0.420897 -0.183463 0.286621 0 0 0
0.421775 -0.183842 0.286505 0 0 0
0.423397 -0.183767 0.285656 0 0 0
0.424226 -0.184101 0.285566 255 0 0
0.425344 -0.184560 0.285489 0 0 0
0.426417 -0.185069 0.285385 0 0 0
0.427255 -0.185633 0.285121 0 0 0
0.428810 -0.185562 0.284455 255 0 0
0.429461 -0.185893 0.284325 255 0 0
0.431107 -0.185916 0.283451 255 0 0
0.431704 -0.186264 0.283331 0 0 0
0.433413 -0.186246 0.282445 0 0 0
0.434027 -0.186491 0.282326 0 0 0
0.435651 -0.186616 0.281473 0 0 0
0.436268 -0.186862 0.281355 0 0 0
0.437967 -0.186840 0.280476 255 0 0
0.438816 -0.187327 0.280372 255 0 0
0.439912 -0.187839 0.280294 255 0 0
0.440758 -0.188174 0.280209 0 0 0
0.442450 -0.188152 0.279340 0 0 0
0.443318 -0.188658 0.279230 0 0 0
0.444161 -0.189049 0.279121 0 0 0
0.445771 -0.189190 0.278267 255 0 0
0.446399 -0.189569 0.278130 255 0 0
0.447923 -0.189470 0.277188 255 0 0
0.449097 -0.189376 0.276325 255 0 0
0.450380 -0.189135 0.275383 255 0 0
0.451637 -0.189130 0.274404 255 0 0
0.452596 -0.189388 0.273599 255 0 0
0.354938 -0.149826 0.279369 0 0 0
0.355650 -0.149940 0.279590 0 0 0
0.357153 -0.151331 0.280066 0 0 0
0.357964 -0.151468 0.280324 0 0 0
0.359300 -0.152700 0.280950 0 0 0
0.360631 -0.153926 0.281575 0 0 0
0.361437 -0.154062 0.281835 0 0 0
0.362900 -0.155446 0.282303 0 0 0
0.363704 -0.155581 0.282563 0 0 0
0.365021 -0.156804 0.283189 0 0 0
0.366333 -0.158023 0.283814 0 0 0
0.367135 -0.158159 0.284078 0 0 0
0.368316 -0.159463 0.284506 255 0 0
0.369775 -0.160563 0.285305 255 0 0
0.370655 -0.160872 0.285429 0 0 0
0.371638 -0.161199 0.285568 0 0 0
0.373020 -0.162516 0.285956 0 0 0
0.373987 -0.162837 0.286093 0 0 0
0.374955 -0.163157 0.286230 0 0 0
0.376323 -0.164474 0.286611 0 0 0
0.377259 -0.164765 0.286721 0 0 0
0.378400 -0.165261 0.286694 255 0 0
0.379211 -0.165632 0.286677 255 0 0
0.380707 -0.166891 0.287205 255 0 0
0.381659 -0.167177 0.287319 255 0 0
0.382479 -0.167561 0.287333 255 0 0
0.384111 -0.168768 0.288023 0 0 0
0.384897 -0.169121 0.288009 0 0 0
0.386010 -0.169585 0.287947 0 0 0
0.387091 -0.170038 0.287881 0 0 0
0.388171 -0.170491 0.287816 0 0 0
0.389251 -0.170944 0.287750 0 0 0
0.390331 -0.171397 0.287684 0 0 0
0.391410 -0.171850 0.287619 0 0 0
0.392490 -0.172306 0.287557 0 0 0
0.393570 -0.172762 0.287491 255 0 0
0.394655 -0.173223 0.287424 0 0 0
0.395749 -0.173662 0.287362 0 0 0
0.396587 -0.173875 0.287343 0 0 0
0.398149 -0.175242 0.288052 0 0 0
0.398933 -0.175572 0.288019 0 0 0
0.400073 -0.176054 0.287954 0 0 0
0.400857 -0.176386 0.287922 255 0 0
0.402404 -0.177751 0.288636 0 0 0
0.403232 -0.177974 0.288616 255 0 0
0.404330 -0.178403 0.288555 255 0 0
0.405409 -0.178858 0.288489 255 0 0
0.406484 -0.179309 0.288423 255 0 0
0.407560 -0.179760 0.288358 255 0 0
0.408635 -0.180211 0.288292 255 0 0
0.409735 -0.180671 0.288216 255 0 0
0.410586 -0.181036 0.288100 255 0 0
0.412095 -0.181087 0.287291 0 0 0
0.412949 -0.181454 0.287174 0 0 0
0.414052 -0.181915 0.287099 255 0 0
0.415130 -0.182367 0.287033 255 0 0
0.416207 -0.182819 0.286967 255 0 0
0.417285 -0.183271 0.286901 255 0 0
0.418364 -0.183722 0.286835 255 0 0
0.419446 -0.184169 0.286769 255 0 0
0.420553 -0.184615 0.286692 255 0 0
0.421397 -0.184978 0.286577 255 0 0
0.422936 -0.185060 0.285762 255 0 0
0.423790 -0.185430 0.285649 255 0 0
0.424914 -0.185902 0.285566 255 0 0
0.425825 -0.186241 0.285449 255 0 0
0.427326 -0.186216 0.284805 0 0 0
0.428194 -0.186680 0.284542 0 0 0
0.429092 -0.187068 0.284392 0 0 0
0.430678 -0.187169 0.283547 0 0 0
0.431312 -0.187439 0.283405 0 0 0
0.432922 -0.187563 0.282551 0 0 0
0.433533 -0.187808 0.282431 0 0 0
0.435230 -0.187783 0.281551 0 0 0
0.436048 -0.188315 0.281444 0 0 0
0.436869 -0.188834 0.281330 0 0 0
0.438531 -0.188770 0.280470 255 0 0
0.439434 -0.189003 0.280374 255 0 0
0.440535 -0.189616 0.280301 0 0 0
0.441304 -0.190095 0.280227 0 0 0
0.443104 -0.189968 0.279308 0 0 0
0.443695 -0.190324 0.279199 0 0 0
0.445323 -0.190476 0.278335 255 0 0
0.445969 -0.190739 0.278197 255 0 0
0.447379 -0.190760 0.277331 255 0 0
0.448849 -0.190714 0.276400 255 0 0
0.449486 -0.191212 0.276249 255 0 0
0.450796 -0.191368 0.275391 255 0 0
0.452327 -0.190310 0.273580 255 0 0
0.354501 -0.150383 0.278940 255 0 0
0.355636 -0.151674 0.279321 255 0 0
0.356469 -0.151812 0.279588 0 0 0
0.357809 -0.153041 0.280217 0 0 0
0.359143 -0.154267 0.280843 0 0 0
0.359950 -0.154403 0.281103 0 0 0
0.361417 -0.155786 0.281573 0 0 0
0.362220 -0.155922 0.281833 0 0 0
0.363541 -0.157146 0.282465 0 0 0
0.364847 -0.158364 0.283087 0 0 0
0.365655 -0.158497 0.283351 0 0 0
0.367107 -0.159872 0.283823 0 0 0
0.367834 -0.160000 0.284065 0 0 0
0.369313 -0.161123 0.284904 0 0 0
0.370463 -0.162391 0.285295 255 0 0
0.371432 -0.162717 0.285437 255 0 0
0.372398 -0.163038 0.285574 0 0 0
0.373774 -0.164350 0.285961 0 0 0
0.374743 -0.164675 0.286103 0 0 0
0.375691 -0.164979 0.286241 0 0 0
0.377200 -0.166238 0.286779 0 0 0
0.378004 -0.166606 0.286762 0 0 0
0.379147 -0.167100 0.286732 0 0 0
0.380069 -0.167374 0.286843 255 0 0
0.381584 -0.168640 0.287383 255 0 0
0.382121 -0.168934 0.287406 255 0 0
0.383630 -0.170196 0.287945 255 0 0
0.384542 -0.170468 0.288053 255 0 0
0.385653 -0.170952 0.288024 0 0 0
0.386732 -0.171400 0.287961 0 0 0
0.387810 -0.171852 0.287896 0 0 0
0.388888 -0.172304 0.287830 0 0 0
0.389966 -0.172756 0.287764 0 0 0
0.391043 -0.173208 0.287698 0 0 0
0.392121 -0.173660 0.287633 0 0 0
0.393203 -0.174115 0.287567 0 0 0
0.394303 -0.174550 0.287502 0 0 0
0.395126 -0.174754 0.287460 0 0 0
0.396659 -0.176295 0.288209 0 0 0
0.397479 -0.176498 0.288168 0 0 0
0.398578 -0.176932 0.288103 0 0 0
0.399689 -0.177398 0.288040 255 0 0
0.400477 -0.177747 0.288027 255 0 0
0.402052 -0.178924 0.288715 255 0 0
0.402833 -0.179283 0.288702 255 0 0
0.403938 -0.179748 0.288640 0 0 0
0.405012 -0.180198 0.288575 0 0 0
0.406085 -0.180647 0.288508 0 0 0
0.407159 -0.181095 0.288439 0 0 0
0.408233 -0.181545 0.288372 0 0 0
0.409328 -0.182005 0.288297 0 0 0
0.410174 -0.182371 0.288181 0 0 0
0.411685 -0.182421 0.287376 0 0 0
0.412536 -0.182788 0.287259 0 0 0
0.413634 -0.183249 0.287184 0 0 0
0.414710 -0.183701 0.287118 255 0 0
0.415786 -0.184152 0.287053 255 0 0
0.416861 -0.184603 0.286987 255 0 0
0.417936 -0.185054 0.286921 0 0 0
0.419009 -0.185506 0.286854 255 0 0
0.420129 -0.185994 0.286746 255 0 0
0.420956 -0.186443 0.286503 255 0 0
0.422447 -0.186418 0.285852 255 0 0
0.423355 -0.186760 0.285733 255 0 0
0.424476 -0.187231 0.285650 255 0 0
0.425322 -0.187594 0.285540 255 0 0
0.426884 -0.187669 0.284717 0 0 0
0.427756 -0.188042 0.284594 0 0 0
0.428628 -0.188412 0.284475 0 0 0
0.430224 -0.188499 0.283632 0 0 0
0.430825 -0.188750 0.283513 0 0 0
0.432509 -0.188723 0.282634 0 0 0
0.433328 -0.189242 0.282526 0 0 0
0.434111 -0.189735 0.282443 0 0 0
0.435900 -0.189590 0.281526 0 0 0
0.436477 -0.189909 0.281427 0 0 0
0.437867 -0.189833 0.280642 255 0 0
0.438819 -0.191166 0.281202 0 0 0
0.440246 -0.191042 0.280416 0 0 0
0.441070 -0.191397 0.280320 0 0 0
0.441938 -0.191897 0.280206 255 0 0
0.443419 -0.191799 0.279282 255 0 0
0.444817 -0.191819 0.278417 0 0 0
0.445459 -0.192084 0.278279 0 0 0
0.447083 -0.192261 0.277410 255 0 0
0.447705 -0.192650 0.277271 255 0 0
0.449197 -0.192482 0.276364 255 0 0
0.450487 -0.192209 0.275438 0 0 0
0.451515 -0.192337 0.274608 255 0 0
0.354420 -0.151853 0.278788 255 0 0
0.355012 -0.152115 0.278892 255 0 0
0.356314 -0.153386 0.279485 255 0 0
0.357649 -0.154610 0.280111 255 0 0
0.358463 -0.154747 0.280373 255 0 0
0.359926 -0.156129 0.280843 0 0 0
0.360736 -0.156263 0.281103 0 0 0
0.362048 -0.157467 0.281736 0 0 0
0.363509 -0.158652 0.282521 0 0 0
0.364160 -0.158842 0.282655 0 0 0
0.365761 -0.160153 0.283256 0 0 0
0.366419 -0.160353 0.283387 0 0 0
0.367727 -0.161550 0.283986 0 0 0
0.369028 -0.162764 0.284616 0 0 0
0.369819 -0.162894 0.284877 255 0 0
0.371219 -0.164232 0.285304 255 0 0
0.372194 -0.164555 0.285449 255 0 0
0.373141 -0.164860 0.285586 0 0 0
0.374683 -0.166129 0.286136 0 0 0
0.375201 -0.166406 0.286158 0 0 0
0.376879 -0.167626 0.286857 0 0 0
0.377661 -0.167978 0.286840 0 0 0
0.378805 -0.168453 0.286781 0 0 0
0.379591 -0.168807 0.286766 0 0 0
0.381233 -0.170010 0.287459 255 0 0
0.382043 -0.170390 0.287475 255 0 0
0.383005 -0.170691 0.287589 255 0 0
0.384343 -0.171992 0.287963 255 0 0
0.385270 -0.172283 0.288074 255 0 0
0.386373 -0.172763 0.288043 0 0 0
0.387451 -0.173209 0.287979 0 0 0
0.388527 -0.173660 0.287914 0 0 0
0.389602 -0.174111 0.287848 0 0 0
0.390677 -0.174562 0.287782 0 0 0
0.391754 -0.175014 0.287717 0 0 0
0.392860 -0.175484 0.287652 0 0 0
0.393636 -0.175826 0.287620 255 0 0
0.395210 -0.177175 0.288338 255 0 0
0.396033 -0.177385 0.288316 255 0 0
0.397121 -0.177823 0.288255 0 0 0
0.398200 -0.178281 0.288190 0 0 0
0.399304 -0.178742 0.288127 0 0 0
0.400090 -0.179086 0.288114 0 0 0
0.401662 -0.180279 0.288799 0 0 0
0.402444 -0.180624 0.288785 0 0 0
0.403546 -0.181083 0.288723 0 0 0
0.404613 -0.181535 0.288657 0 0 0
0.405705 -0.182021 0.288563 0 0 0
0.406736 -0.182559 0.288345 0 0 0
0.407756 -0.182995 0.288247 0 0 0
0.408862 -0.183446 0.288178 0 0 0
0.409715 -0.183812 0.288069 0 0 0
0.411220 -0.183780 0.287469 0 0 0
0.412128 -0.184123 0.287347 0 0 0
0.413219 -0.184581 0.287273 0 0 0
0.414293 -0.185031 0.287207 0 0 0
0.415365 -0.185481 0.287142 0 0 0
0.416438 -0.185931 0.287076 255 0 0
0.417512 -0.186381 0.287011 255 0 0
0.418604 -0.186839 0.286937 0 0 0
0.419505 -0.187178 0.286818 255 0 0
0.420992 -0.187152 0.286166 255 0 0
0.421819 -0.187603 0.285923 255 0 0
0.422940 -0.188090 0.285815 255 0 0
0.424038 -0.188552 0.285737 255 0 0
0.424877 -0.188913 0.285624 255 0 0
0.426439 -0.188987 0.284800 255 0 0
0.427310 -0.189360 0.284679 0 0 0
0.428174 -0.189731 0.284558 0 0 0
0.429752 -0.189812 0.283729 0 0 0
0.430574 -0.190213 0.283615 0 0 0
0.431429 -0.190703 0.283502 0 0 0
0.433101 -0.190666 0.282633 0 0 0
0.433898 -0.191032 0.282543 0 0 0
0.434756 -0.191534 0.282432 0 0 0
0.436377 -0.191558 0.281571 0 0 0
0.437233 -0.191988 0.281480 255 0 0
0.438152 -0.192225 0.281378 255 0 0
0.439814 -0.192167 0.280515 0 0 0
0.440684 -0.192666 0.280397 0 0 0
0.441522 -0.193054 0.280282 255 0 0
0.442891 -0.193087 0.279433 255 0 0
0.444405 -0.192983 0.278492 255 0 0
0.444974 -0.193326 0.278379 255 0 0
0.446714 -0.193328 0.277474 255 0 0
0.447341 -0.193546 0.277346 255 0 0
0.448652 -0.193599 0.276535 255 0 0
0.354902 -0.153725 0.278799 255 0 0
0.356294 -0.154900 0.279537 255 0 0
0.356957 -0.155097 0.279670 255 0 0
0.358581 -0.156416 0.280278 255 0 0
0.359241 -0.156620 0.280403 255 0 0
0.360574 -0.157808 0.281013 0 0 0
0.361755 -0.158893 0.281796 0 0 0
0.363066 -0.160076 0.282399 0 0 0
0.363731 -0.160278 0.282533 0 0 0
0.365319 -0.161586 0.283131 0 0 0
0.365983 -0.161783 0.283266 0 0 0
0.367557 -0.163104 0.283893 255 0 0
0.368340 -0.163222 0.284158 255 0 0
0.369917 -0.164539 0.284789 255 0 0
0.370567 -0.164732 0.284920 255 0 0
0.372140 -0.166009 0.285479 0 0 0
0.372658 -0.166287 0.285503 0 0 0
0.374368 -0.167515 0.286213 0 0 0
0.374865 -0.167772 0.286235 0 0 0
0.376545 -0.168992 0.286938 0 0 0
0.377324 -0.169344 0.286922 0 0 0
0.378467 -0.169818 0.286862 0 0 0
0.379248 -0.170169 0.286845 0 0 0
0.380889 -0.171376 0.287541 0 0 0
0.381666 -0.171722 0.287528 255 0 0
0.382808 -0.172216 0.287502 255 0 0
0.383718 -0.172487 0.287610 255 0 0
0.385197 -0.173735 0.288144 255 0 0
0.385991 -0.174104 0.288129 0 0 0
0.387093 -0.174562 0.288066 0 0 0
0.388167 -0.175013 0.288001 0 0 0
0.389240 -0.175463 0.287935 0 0 0
0.390313 -0.175913 0.287870 0 0 0
0.391390 -0.176366 0.287804 0 0 0
0.392487 -0.176793 0.287742 0 0 0
0.393306 -0.177015 0.287721 0 0 0
0.394877 -0.178367 0.288440 0 0 0
0.395644 -0.178704 0.288410 0 0 0
0.396747 -0.179173 0.288345 0 0 0
0.397820 -0.179623 0.288280 0 0 0
0.398918 -0.180080 0.288218 0 0 0
0.399720 -0.180449 0.288205 0 0 0
0.401184 -0.181738 0.288686 0 0 0
0.402002 -0.182069 0.288668 0 0 0
0.403102 -0.182540 0.288599 0 0 0
0.404139 -0.182943 0.288568 0 0 0
0.405129 -0.183211 0.288580 0 0 0
0.406636 -0.183179 0.288027 0 0 0
0.407493 -0.183547 0.287916 0 0 0
0.408597 -0.183999 0.287847 0 0 0
0.409615 -0.184436 0.287749 0 0 0
0.410648 -0.184976 0.287530 0 0 0
0.411739 -0.185458 0.287432 0 0 0
0.412806 -0.185909 0.287365 0 0 0
0.413876 -0.186358 0.287300 0 0 0
0.414947 -0.186807 0.287234 0 0 0
0.416017 -0.187256 0.287169 255 0 0
0.417088 -0.187705 0.287104 255 0 0
0.418183 -0.188163 0.287027 255 0 0
0.419019 -0.188526 0.286912 255 0 0
0.420563 -0.188590 0.286097 255 0 0
0.421403 -0.188954 0.285981 255 0 0
0.422497 -0.189415 0.285904 255 0 0
0.423615 -0.189900 0.285795 255 0 0
0.424438 -0.190347 0.285553 255 0 0
0.425937 -0.190334 0.284894 255 0 0
0.426883 -0.190708 0.284736 0 0 0
0.427728 -0.191164 0.284486 0 0 0
0.429245 -0.191153 0.283825 0 0 0
0.430175 -0.191499 0.283698 0 0 0
0.431036 -0.191857 0.283579 0 0 0
0.432612 -0.191956 0.282748 255 0 0
0.433491 -0.192325 0.282631 255 0 0
0.434335 -0.192661 0.282538 255 0 0
0.436005 -0.192640 0.281667 255 0 0
0.436842 -0.193116 0.281563 255 0 0
0.437871 -0.193657 0.281488 255 0 0
0.438703 -0.194143 0.281385 0 0 0
0.440405 -0.194146 0.280503 0 0 0
0.440980 -0.194381 0.280410 255 0 0
0.442683 -0.194350 0.279513 255 0 0
0.443275 -0.194673 0.279386 255 0 0
0.444674 -0.194590 0.278524 255 0 0
0.354623 -0.155156 0.278856 255 0 0
0.355867 -0.156332 0.279415 255 0 0
0.356531 -0.156529 0.279547 255 0 0
0.358289 -0.157798 0.280302 255 0 0
0.358810 -0.158070 0.280323 255 0 0
0.360276 -0.159213 0.281077 255 0 0
0.361726 -0.160385 0.281870 0 0 0
0.362372 -0.160583 0.282001 0 0 0
0.363976 -0.161875 0.282606 0 0 0
0.364631 -0.162073 0.282736 0 0 0
0.366219 -0.163379 0.283338 255 0 0
0.366870 -0.163579 0.283471 0 0 0
0.368177 -0.164770 0.284075 0 0 0
0.369468 -0.165960 0.284670 0 0 0
0.370124 -0.166156 0.284807 255 0 0
0.371693 -0.167453 0.285404 0 0 0
0.372327 -0.167633 0.285538 0 0 0
0.374036 -0.168882 0.286294 0 0 0
0.374532 -0.169138 0.286319 0 0 0
0.376213 -0.170355 0.287023 0 0 0
0.376988 -0.170706 0.287007 0 0 0
0.378129 -0.171179 0.286947 0 0 0
0.378907 -0.171530 0.286932 0 0 0
0.380548 -0.172734 0.287628 0 0 0
0.381322 -0.173084 0.287613 255 0 0
0.382458 -0.173556 0.287555 255 0 0
0.383237 -0.173904 0.287542 255 0 0
0.384862 -0.175107 0.288229 255 0 0
0.385635 -0.175453 0.288217 255 0 0
0.386738 -0.175912 0.288157 255 0 0
0.387810 -0.176362 0.288092 255 0 0
0.388880 -0.176811 0.288026 255 0 0
0.389952 -0.177260 0.287961 255 0 0
0.391050 -0.177723 0.287896 255 0 0
0.391841 -0.178075 0.287864 255 0 0
0.393240 -0.179446 0.288387 255 0 0
0.394207 -0.179620 0.288530 0 0 0
0.395298 -0.180066 0.288502 0 0 0
0.396372 -0.180513 0.288439 0 0 0
0.397440 -0.180961 0.288374 0 0 0
0.398511 -0.181404 0.288310 0 0 0
0.399586 -0.181868 0.288276 0 0 0
0.400750 -0.182239 0.288363 0 0 0
0.401767 -0.182632 0.288336 0 0 0
0.402863 -0.183102 0.288267 0 0 0
0.403712 -0.183463 0.288248 0 0 0
0.404858 -0.184760 0.288435 0 0 0
0.406108 -0.184648 0.287936 0 0 0
0.407036 -0.184989 0.287802 0 0 0
0.408119 -0.185445 0.287728 0 0 0
0.409188 -0.185893 0.287661 0 0 0
0.410257 -0.186339 0.287592 0 0 0
0.411326 -0.186786 0.287526 0 0 0
0.412394 -0.187233 0.287461 0 0 0
0.413462 -0.187681 0.287396 0 0 0
0.414530 -0.188129 0.287330 0 0 0
0.415598 -0.188577 0.287265 255 0 0
0.416663 -0.189027 0.287198 255 0 0
0.417777 -0.189512 0.287089 255 0 0
0.418595 -0.189958 0.286846 255 0 0
0.420076 -0.189935 0.286194 255 0 0
0.420976 -0.190272 0.286074 255 0 0
0.422086 -0.190737 0.285991 255 0 0
0.422979 -0.191076 0.285871 255 0 0
0.424480 -0.191056 0.285217 255 0 0
0.425323 -0.191516 0.284966 255 0 0
0.426262 -0.191889 0.284808 0 0 0
0.427768 -0.191881 0.284145 0 0 0
0.428592 -0.192332 0.283902 0 0 0
0.429756 -0.192854 0.283751 0 0 0
0.430583 -0.193308 0.283498 0 0 0
0.432095 -0.193300 0.282846 0 0 0
0.433005 -0.193637 0.282729 0 0 0
0.434078 -0.194137 0.282651 255 0 0
0.434901 -0.194620 0.282548 255 0 0
0.436569 -0.194612 0.281677 255 0 0
0.437422 -0.194961 0.281585 255 0 0
0.438248 -0.195263 0.281496 255 0 0
0.439965 -0.195211 0.280612 255 0 0
0.440816 -0.195614 0.280504 0 0 0
0.441514 -0.196036 0.280458 0 0 0
0.354602 -0.156658 0.278911 255 0 0
0.355165 -0.156835 0.279011 255 0 0
0.356506 -0.158025 0.279613 255 0 0
0.357989 -0.159190 0.280369 255 0 0
0.358504 -0.159475 0.280392 255 0 0
0.359968 -0.160598 0.281147 255 0 0
0.361420 -0.161715 0.281904 255 0 0
0.361951 -0.161864 0.281922 255 0 0
0.363675 -0.163269 0.282661 255 0 0
0.364180 -0.163507 0.282665 255 0 0
0.365919 -0.164746 0.283376 0 0 0
0.366422 -0.165008 0.283398 0 0 0
0.368151 -0.166262 0.284153 0 0 0
0.368784 -0.166442 0.284285 0 0 0
0.370360 -0.167739 0.284889 255 0 0
0.371010 -0.167934 0.285025 255 0 0
0.372278 -0.169094 0.285623 0 0 0
0.373706 -0.170244 0.286375 0 0 0
0.374203 -0.170499 0.286403 0 0 0
0.375882 -0.171715 0.287108 255 0 0
0.376655 -0.172066 0.287094 255 0 0
0.377793 -0.172537 0.287037 0 0 0
0.378568 -0.172885 0.287021 0 0 0
0.380208 -0.174089 0.287714 0 0 0
0.380980 -0.174437 0.287702 0 0 0
0.382111 -0.174906 0.287645 0 0 0
0.382904 -0.175275 0.287630 0 0 0
0.384382 -0.176515 0.288165 0 0 0
0.385282 -0.176783 0.288274 255 0 0
0.386383 -0.177264 0.288247 255 0 0
0.387453 -0.177708 0.288185 255 0 0
0.388522 -0.178156 0.288120 0 0 0
0.389590 -0.178604 0.288055 0 0 0
0.390664 -0.179050 0.287992 0 0 0
0.391755 -0.179495 0.287964 255 0 0
0.392724 -0.179668 0.288106 255 0 0
0.394119 -0.181038 0.288625 255 0 0
0.394903 -0.181389 0.288594 255 0 0
0.395997 -0.181849 0.288534 0 0 0
0.397063 -0.182296 0.288471 0 0 0
0.398129 -0.182743 0.288406 0 0 0
0.399194 -0.183190 0.288342 0 0 0
0.400260 -0.183639 0.288281 0 0 0
0.401324 -0.184088 0.288217 0 0 0
0.402391 -0.184531 0.288154 0 0 0
0.403481 -0.184991 0.288119 0 0 0
0.404590 -0.185340 0.288167 0 0 0
0.405563 -0.185826 0.287989 0 0 0
0.406659 -0.186317 0.287887 0 0 0
0.407721 -0.186764 0.287819 255 0 0
0.408787 -0.187209 0.287750 255 0 0
0.409854 -0.187656 0.287684 255 0 0
0.410920 -0.188103 0.287619 255 0 0
0.411984 -0.188550 0.287554 255 0 0
0.413051 -0.188997 0.287488 0 0 0
0.414117 -0.189444 0.287423 0 0 0
0.415183 -0.189892 0.287358 0 0 0
0.416265 -0.190348 0.287285 0 0 0
0.417159 -0.190685 0.287165 255 0 0
0.418637 -0.190659 0.286519 255 0 0
0.419456 -0.191107 0.286275 255 0 0
0.420565 -0.191596 0.286165 255 0 0
0.421674 -0.192082 0.286054 0 0 0
0.422492 -0.192529 0.285811 0 0 0
0.423989 -0.192512 0.285158 0 0 0
0.424907 -0.192862 0.285028 0 0 0
0.425761 -0.193231 0.284909 0 0 0
0.427320 -0.193326 0.284081 0 0 0
0.428180 -0.193681 0.283961 0 0 0
0.429075 -0.193999 0.283859 0 0 0
0.430664 -0.193887 0.283187 0 0 0
0.431490 -0.194459 0.282925 0 0 0
0.432548 -0.194979 0.282822 0 0 0
0.433665 -0.195442 0.282746 0 0 0
0.434455 -0.195734 0.282663 0 0 0
0.436155 -0.195676 0.281782 255 0 0
0.437058 -0.196049 0.281667 255 0 0
0.437770 -0.196354 0.281615 255 0 0
0.354304 -0.158043 0.278938 255 0 0
0.354734 -0.158296 0.278939 255 0 0
0.356221 -0.159433 0.279686 255 0 0
0.357690 -0.160545 0.280443 255 0 0
0.358224 -0.160697 0.280461 255 0 0
0.359664 -0.162023 0.281254 255 0 0
0.360832 -0.162995 0.281992 0 0 0
0.362234 -0.164313 0.282774 0 0 0
0.363081 -0.164551 0.282759 0 0 0
0.363890 -0.164893 0.282745 0 0 0
0.365609 -0.166118 0.283452 0 0 0
0.366104 -0.166380 0.283473 0 0 0
0.367835 -0.167609 0.284191 0 0 0
0.368329 -0.167869 0.284215 0 0 0
0.370052 -0.169096 0.284929 255 0 0
0.370552 -0.169354 0.284957 255 0 0
0.371984 -0.170504 0.285710 0 0 0
0.373251 -0.171654 0.286311 255 0 0
0.373889 -0.171851 0.286451 255 0 0
0.375411 -0.173134 0.287039 255 0 0
0.376325 -0.173403 0.287154 255 0 0
0.377454 -0.173894 0.287128 0 0 0
0.378244 -0.174259 0.287115 0 0 0
0.379737 -0.175500 0.287652 0 0 0
0.380637 -0.175769 0.287760 0 0 0
0.381741 -0.176246 0.287735 0 0 0
0.382837 -0.176719 0.287709 255 0 0
0.383759 -0.177007 0.287822 255 0 0
0.385087 -0.178290 0.288198 255 0 0
0.386001 -0.178577 0.288306 255 0 0
0.387097 -0.179054 0.288279 255 0 0
0.388165 -0.179497 0.288218 255 0 0
0.389232 -0.179944 0.288153 255 0 0
0.390324 -0.180404 0.288089 255 0 0
0.391109 -0.180747 0.288058 255 0 0
0.392570 -0.182187 0.288539 0 0 0
0.393427 -0.182420 0.288539 0 0 0
0.394455 -0.182794 0.288515 0 0 0
0.395616 -0.183166 0.288599 0 0 0
0.396687 -0.183632 0.288568 255 0 0
0.397752 -0.184073 0.288506 255 0 0
0.398815 -0.184519 0.288442 255 0 0
0.399878 -0.184965 0.288377 0 0 0
0.400942 -0.185409 0.288311 0 0 0
0.402005 -0.185854 0.288242 0 0 0
0.403068 -0.186301 0.288178 0 0 0
0.404132 -0.186752 0.288119 0 0 0
0.405194 -0.187196 0.288053 0 0 0
0.406255 -0.187641 0.287985 0 0 0
0.407340 -0.188120 0.287883 0 0 0
0.408364 -0.188653 0.287670 255 0 0
0.409378 -0.189088 0.287570 255 0 0
0.410451 -0.189532 0.287505 255 0 0
0.411515 -0.189978 0.287441 255 0 0
0.412578 -0.190424 0.287376 0 0 0
0.413642 -0.190870 0.287311 0 0 0
0.414706 -0.191316 0.287246 0 0 0
0.415792 -0.191768 0.287176 0 0 0
0.416631 -0.192132 0.287069 0 0 0
0.418161 -0.192114 0.286464 255 0 0
0.419051 -0.192452 0.286342 255 0 0
0.420156 -0.192914 0.286257 255 0 0
0.421045 -0.193250 0.286136 0 0 0
0.422537 -0.193231 0.285482 0 0 0
0.423356 -0.193680 0.285239 0 0 0
0.424497 -0.194173 0.285123 0 0 0
0.425296 -0.194504 0.285036 0 0 0
0.426942 -0.194463 0.284166 0 0 0
0.427769 -0.194945 0.284060 0 0 0
0.428786 -0.195475 0.283988 0 0 0
0.429581 -0.195929 0.283911 0 0 0
0.431330 -0.195731 0.282996 0 0 0
0.432156 -0.196058 0.282910 0 0 0
0.433302 -0.196533 0.282833 0 0 0
0.433984 -0.196822 0.282788 0 0 0
0.354064 -0.159267 0.279000 255 0 0
0.354513 -0.159608 0.279005 0 0 0
0.355920 -0.160826 0.279759 255 0 0
0.357115 -0.161849 0.280531 255 0 0
0.358398 -0.163182 0.281153 0 0 0
0.359083 -0.163277 0.281304 0 0 0
0.360539 -0.164433 0.282105 0 0 0
0.361821 -0.165579 0.282699 0 0 0
0.362773 -0.165877 0.282810 0 0 0
0.363596 -0.166292 0.282824 0 0 0
0.365165 -0.167542 0.283386 0 0 0
0.365805 -0.167738 0.283517 0 0 0
0.367382 -0.169031 0.284122 0 0 0
0.368026 -0.169224 0.284257 0 0 0
0.369595 -0.170514 0.284861 255 0 0
0.370241 -0.170704 0.284999 255 0 0
0.371796 -0.172008 0.285637 255 0 0
0.372570 -0.172119 0.285907 0 0 0
0.374117 -0.173421 0.286546 0 0 0
0.374753 -0.173610 0.286682 255 0 0
0.376278 -0.174856 0.287230 255 0 0
0.377066 -0.175220 0.287220 255 0 0
0.378188 -0.175706 0.287195 255 0 0
0.379112 -0.175993 0.287307 255 0 0
0.380453 -0.177278 0.287685 255 0 0
0.381368 -0.177562 0.287793 255 0 0
0.382463 -0.178036 0.287767 255 0 0
0.383561 -0.178512 0.287746 255 0 0
0.384476 -0.178798 0.287855 255 0 0
0.385803 -0.180076 0.288233 0 0 0
0.386714 -0.180363 0.288342 0 0 0
0.387807 -0.180839 0.288316 255 0 0
0.388873 -0.181280 0.288254 255 0 0
0.389939 -0.181721 0.288191 255 0 0
0.391009 -0.182188 0.288159 255 0 0
0.392177 -0.182551 0.288258 255 0 0
0.393195 -0.182950 0.288224 0 0 0
0.394034 -0.183316 0.288195 0 0 0
0.395372 -0.184646 0.288522 255 0 0
0.396281 -0.184932 0.288632 255 0 0
0.397373 -0.185404 0.288607 255 0 0
0.398437 -0.185843 0.288545 255 0 0
0.399494 -0.186288 0.288475 255 0 0
0.400578 -0.186770 0.288374 0 0 0
0.401606 -0.187312 0.288160 0 0 0
0.402567 -0.187691 0.288099 0 0 0
0.403732 -0.188059 0.288188 0 0 0
0.404797 -0.188520 0.288153 0 0 0
0.405899 -0.189000 0.288043 0 0 0
0.406761 -0.189420 0.287802 0 0 0
0.408219 -0.189301 0.287354 0 0 0
0.409119 -0.189641 0.287247 0 0 0
0.410199 -0.190091 0.287178 255 0 0
0.411263 -0.190538 0.287113 255 0 0
0.412326 -0.190984 0.287048 255 0 0
0.413390 -0.191430 0.286983 0 0 0
0.414454 -0.191876 0.286918 0 0 0
0.415530 -0.192319 0.286854 0 0 0
0.416537 -0.192754 0.286757 0 0 0
0.417566 -0.193290 0.286537 0 0 0
0.418647 -0.193769 0.286437 0 0 0
0.419750 -0.194254 0.286326 0 0 0
0.420562 -0.194698 0.286083 0 0 0
0.422051 -0.194681 0.285430 0 0 0
0.422940 -0.195017 0.285309 0 0 0
0.424033 -0.195472 0.285233 0 0 0
0.425068 -0.195960 0.285163 0 0 0
0.425883 -0.196439 0.285058 0 0 0
0.427532 -0.196405 0.284187 0 0 0
0.428343 -0.196753 0.284101 255 0 0
0.429362 -0.197189 0.284032 255 0 0
0.430448 -0.197615 0.283963 255 0 0
0.431627 -0.198096 0.283890 255 0 0
0.432296 -0.198374 0.283849 255 0 0
0.354533 -0.161160 0.279088 0 0 0
0.355623 -0.162197 0.279835 0 0 0
0.357096 -0.163369 0.280642 0 0 0
0.357752 -0.163555 0.280788 0 0 0
0.359054 -0.164719 0.281389 0 0 0
0.360512 -0.165900 0.282187 0 0 0
0.361157 -0.166100 0.282319 0 0 0
0.362593 -0.167402 0.282726 0 0 0
0.363549 -0.167729 0.282867 0 0 0
0.364496 -0.168036 0.283012 0 0 0
0.366052 -0.169322 0.283606 0 0 0
0.366697 -0.169512 0.283742 255 0 0
0.368270 -0.170802 0.284348 255 0 0
0.368913 -0.170992 0.284485 255 0 0
0.370476 -0.172280 0.285090 255 0 0
0.371113 -0.172475 0.285230 255 0 0
0.372379 -0.173620 0.285833 255 0 0
0.373804 -0.174765 0.286595 255 0 0
0.374303 -0.175037 0.286626 255 0 0
0.375832 -0.176283 0.287172 255 0 0
0.376730 -0.176547 0.287280 255 0 0
0.377828 -0.177023 0.287253 255 0 0
0.378924 -0.177503 0.287228 255 0 0
0.379840 -0.177785 0.287340 255 0 0
0.381224 -0.179139 0.287672 255 0 0
0.381996 -0.179428 0.287686 255 0 0
0.383181 -0.179802 0.287774 255 0 0
0.384278 -0.180302 0.287782 255 0 0
0.385193 -0.180583 0.287894 0 0 0
0.386515 -0.181856 0.288272 0 0 0
0.387424 -0.182141 0.288380 255 0 0
0.388515 -0.182614 0.288350 255 0 0
0.389579 -0.183058 0.288289 255 0 0
0.390639 -0.183504 0.288230 255 0 0
0.391699 -0.183950 0.288171 255 0 0
0.392762 -0.184394 0.288109 255 0 0
0.393855 -0.184864 0.288080 255 0 0
0.394767 -0.185151 0.288189 255 0 0
0.396060 -0.186412 0.288564 255 0 0
0.396963 -0.186702 0.288673 255 0 0
0.398077 -0.187210 0.288614 255 0 0
0.399114 -0.187740 0.288393 255 0 0
0.399961 -0.188068 0.288253 255 0 0
0.401471 -0.187959 0.287850 0 0 0
0.402125 -0.188185 0.287793 0 0 0
0.403592 -0.189461 0.288263 0 0 0
0.404421 -0.189863 0.288212 0 0 0
0.405307 -0.190287 0.287974 0 0 0
0.406713 -0.190165 0.287486 0 0 0
0.407577 -0.190584 0.287245 0 0 0
0.408676 -0.191070 0.287138 0 0 0
0.409735 -0.191518 0.287071 0 0 0
0.410795 -0.191962 0.287006 0 0 0
0.411856 -0.192407 0.286942 255 0 0
0.412918 -0.192852 0.286877 255 0 0
0.413979 -0.193296 0.286811 255 0 0
0.415039 -0.193741 0.286743 0 0 0
0.416101 -0.194187 0.286679 0 0 0
0.417162 -0.194630 0.286612 0 0 0
0.418243 -0.195083 0.286538 0 0 0
0.419130 -0.195417 0.286417 0 0 0
0.420604 -0.195415 0.285760 0 0 0
0.421416 -0.195849 0.285519 0 0 0
0.422529 -0.196326 0.285408 0 0 0
0.423593 -0.196778 0.285342 0 0 0
0.424681 -0.197249 0.285268 0 0 0
0.425507 -0.197613 0.285151 255 0 0
0.427042 -0.197648 0.284323 255 0 0
0.427975 -0.197863 0.284194 255 0 0
0.428771 -0.198124 0.284134 255 0 0
0.354255 -0.162555 0.279170 255 0 0
0.355339 -0.163599 0.279915 255 0 0
0.356670 -0.164772 0.280534 255 0 0
0.357314 -0.164961 0.280671 0 0 0
0.358776 -0.166142 0.281472 0 0 0
0.360054 -0.167295 0.282071 0 0 0
0.361008 -0.167609 0.282219 0 0 0
0.361948 -0.167920 0.282357 0 0 0
0.363519 -0.169175 0.282913 0 0 0
0.364038 -0.169469 0.282937 0 0 0
0.365623 -0.170726 0.283504 255 0 0
0.366258 -0.170919 0.283638 255 0 0
0.367830 -0.172207 0.284244 255 0 0
0.368468 -0.172397 0.284378 255 0 0
0.370039 -0.173676 0.284987 255 0 0
0.370678 -0.173871 0.285130 255 0 0
0.371956 -0.175107 0.285722 255 0 0
0.373400 -0.176151 0.286542 255 0 0
0.374241 -0.176454 0.286671 255 0 0
0.375201 -0.176778 0.286821 0 0 0
0.376599 -0.178115 0.287161 255 0 0
0.377423 -0.178472 0.287138 255 0 0
0.378455 -0.178869 0.287113 255 0 0
0.379625 -0.179263 0.287231 255 0 0
0.380811 -0.179662 0.287349 255 0 0
0.381585 -0.179948 0.287367 255 0 0
0.382963 -0.181297 0.287697 255 0 0
0.383873 -0.181577 0.287810 255 0 0
0.384993 -0.182082 0.287823 255 0 0
0.385905 -0.182361 0.287936 255 0 0
0.387263 -0.183692 0.288266 255 0 0
0.388089 -0.184048 0.288242 255 0 0
0.389117 -0.184446 0.288216 255 0 0
0.390273 -0.184815 0.288300 255 0 0
0.391337 -0.185280 0.288270 0 0 0
0.392397 -0.185719 0.288209 0 0 0
0.393458 -0.186159 0.288149 0 0 0
0.394548 -0.186630 0.288124 0 0 0
0.395457 -0.186919 0.288234 0 0 0
0.396766 -0.188180 0.288604 0 0 0
0.397505 -0.188369 0.288643 255 0 0
0.399013 -0.188344 0.288098 255 0 0
0.399809 -0.188700 0.287951 0 0 0
0.400874 -0.189244 0.287738 0 0 0
0.401687 -0.189644 0.287695 0 0 0
0.403152 -0.190914 0.288165 0 0 0
0.403797 -0.191135 0.288109 0 0 0
0.405259 -0.191032 0.287662 0 0 0
0.406122 -0.191451 0.287420 0 0 0
0.407219 -0.191935 0.287308 0 0 0
0.408275 -0.192380 0.287240 0 0 0
0.409334 -0.192823 0.287176 0 0 0
0.410392 -0.193267 0.287111 0 0 0
0.411450 -0.193710 0.287046 255 0 0
0.412506 -0.194155 0.286979 255 0 0
0.413594 -0.194640 0.286874 255 0 0
0.414565 -0.195120 0.286702 0 0 0
0.415661 -0.195477 0.286748 0 0 0
0.416745 -0.195932 0.286714 0 0 0
0.417830 -0.196383 0.286644 0 0 0
0.418619 -0.196713 0.286557 0 0 0
0.420250 -0.196658 0.285701 255 0 0
0.421063 -0.197142 0.285589 255 0 0
0.422090 -0.197657 0.285521 255 0 0
0.423129 -0.198064 0.285455 255 0 0
0.424296 -0.198343 0.285365 255 0 0
0.425130 -0.198623 0.285257 255 0 0
0.426382 -0.198613 0.284477 255 0 0
0.353964 -0.163928 0.279252 0 0 0
0.355330 -0.165080 0.280004 255 0 0
0.355978 -0.165270 0.280143 255 0 0
0.357295 -0.166434 0.280757 255 0 0
0.358758 -0.167610 0.281563 255 0 0
0.359383 -0.167794 0.281695 0 0 0
0.360988 -0.169056 0.282263 0 0 0
0.361504 -0.169351 0.282287 0 0 0
0.363074 -0.170598 0.282843 0 0 0
0.364012 -0.170908 0.282987 0 0 0
0.364955 -0.171216 0.283134 255 0 0
0.366506 -0.172493 0.283730 255 0 0
0.367158 -0.172698 0.283867 255 0 0
0.368578 -0.174014 0.284314 255 0 0
0.369359 -0.174138 0.284582 255 0 0
0.370919 -0.175439 0.285225 0 0 0
0.371475 -0.175630 0.285349 0 0 0
0.372942 -0.176699 0.286174 0 0 0
0.374109 -0.177989 0.286518 0 0 0
0.374876 -0.178307 0.286561 0 0 0
0.376169 -0.178624 0.286811 255 0 0
0.377197 -0.179044 0.286806 255 0 0
0.378028 -0.179397 0.286786 255 0 0
0.379409 -0.180735 0.287124 255 0 0
0.380320 -0.181016 0.287238 255 0 0
0.381437 -0.181523 0.287249 255 0 0
0.382351 -0.181803 0.287361 0 0 0
0.383679 -0.183071 0.287741 0 0 0
0.384587 -0.183352 0.287854 0 0 0
0.385678 -0.183848 0.287864 255 0 0
0.386839 -0.184211 0.287951 255 0 0
0.387866 -0.184609 0.287925 255 0 0
0.388695 -0.184966 0.287902 255 0 0
0.390043 -0.186289 0.288232 255 0 0
0.390947 -0.186572 0.288341 255 0 0
0.392032 -0.187044 0.288313 0 0 0
0.393091 -0.187485 0.288256 0 0 0
0.394149 -0.187923 0.288197 0 0 0
0.395237 -0.188393 0.288172 0 0 0
0.396157 -0.188686 0.288286 0 0 0
0.397273 -0.189912 0.288516 0 0 0
0.398492 -0.189802 0.288025 0 0 0
0.399411 -0.190137 0.287885 0 0 0
0.400485 -0.190582 0.287809 255 0 0
0.401550 -0.191040 0.287776 255 0 0
0.402712 -0.191405 0.287865 0 0 0
0.403665 -0.191782 0.287805 0 0 0
0.404689 -0.192323 0.287589 0 0 0
0.405768 -0.192801 0.287487 0 0 0
0.406821 -0.193244 0.287419 0 0 0
0.407877 -0.193686 0.287355 0 0 0
0.408933 -0.194129 0.287290 0 0 0
0.409990 -0.194570 0.287225 0 0 0
0.411043 -0.195014 0.287154 0 0 0
0.412138 -0.195497 0.287045 255 0 0
0.413013 -0.195910 0.286800 255 0 0
0.414248 -0.195747 0.286432 0 0 0
0.415413 -0.196963 0.286632 255 0 0
0.416248 -0.197326 0.286614 255 0 0
0.417331 -0.197782 0.286545 255 0 0
0.418359 -0.198259 0.286460 255 0 0
0.419199 -0.198727 0.286323 255 0 0
0.420758 -0.198590 0.285735 255 0 0
0.421724 -0.198754 0.285622 255 0 0
0.422506 -0.199005 0.285565 255 0 0
0.353684 -0.165349 0.279338 0 0 0
0.354903 -0.166482 0.279893 0 0 0
0.355554 -0.166670 0.280039 0 0 0
0.357007 -0.167827 0.280844 255 0 0
0.358463 -0.168949 0.281610 255 0 0
0.358968 -0.169229 0.281637 0 0 0
0.360548 -0.170478 0.282195 0 0 0
0.361485 -0.170790 0.282338 0 0 0
0.362421 -0.171101 0.282482 0 0 0
0.363986 -0.172348 0.283039 0 0 0
0.364498 -0.172640 0.283066 255 0 0
0.366056 -0.173883 0.283624 255 0 0
0.366989 -0.174190 0.283767 255 0 0
0.367924 -0.174500 0.283916 0 0 0
0.369191 -0.175659 0.284516 0 0 0
0.370477 -0.176818 0.285124 0 0 0
0.371099 -0.177006 0.285262 0 0 0
0.372694 -0.178359 0.285846 0 0 0
0.373565 -0.178576 0.286013 0 0 0
0.374450 -0.178806 0.286176 0 0 0
0.375901 -0.180248 0.286497 0 0 0
0.376669 -0.180531 0.286518 255 0 0
0.377879 -0.180944 0.286640 255 0 0
0.378796 -0.181246 0.286780 255 0 0
0.380135 -0.182510 0.287167 255 0 0
0.381043 -0.182791 0.287280 255 0 0
0.382158 -0.183297 0.287295 0 0 0
0.383068 -0.183578 0.287408 0 0 0
0.384393 -0.184841 0.287789 0 0 0
0.385297 -0.185125 0.287899 255 0 0
0.386380 -0.185601 0.287875 255 0 0
0.387443 -0.186040 0.287821 255 0 0
0.388529 -0.186509 0.287794 255 0 0
0.389435 -0.186791 0.287903 255 0 0
0.390785 -0.188120 0.288231 255 0 0
0.391551 -0.188408 0.288249 0 0 0
0.392720 -0.188783 0.288333 0 0 0
0.393782 -0.189246 0.288300 0 0 0
0.394837 -0.189678 0.288241 0 0 0
0.395913 -0.190136 0.288214 0 0 0
0.397011 -0.190484 0.288264 0 0 0
0.397969 -0.190964 0.288090 0 0 0
0.399055 -0.191453 0.287989 0 0 0
0.400104 -0.191896 0.287923 255 0 0
0.401158 -0.192338 0.287861 255 0 0
0.402211 -0.192781 0.287800 255 0 0
0.403265 -0.193225 0.287735 255 0 0
0.404319 -0.193664 0.287666 0 0 0
0.405373 -0.194103 0.287596 0 0 0
0.406427 -0.194545 0.287530 0 0 0
0.407481 -0.194987 0.287466 0 0 0
0.408531 -0.195430 0.287399 0 0 0
0.409608 -0.195906 0.287301 0 0 0
0.410641 -0.196437 0.287084 0 0 0
0.411474 -0.196767 0.286946 255 0 0
0.412955 -0.196654 0.286494 255 0 0
0.413823 -0.197087 0.286285 255 0 0
0.414996 -0.197512 0.286324 255 0 0
0.416003 -0.197919 0.286294 255 0 0
0.417048 -0.198333 0.286234 255 0 0
0.418185 -0.198625 0.286198 255 0 0
0.419240 -0.199051 0.286092 255 0 0
0.419941 -0.199373 0.285880 255 0 0
0.353718 -0.166656 0.279411 0 0 0
0.354279 -0.166916 0.279526 0 0 0
0.355534 -0.168145 0.280128 0 0 0
0.356729 -0.169209 0.280938 0 0 0
0.358012 -0.170357 0.281542 255 0 0
0.358957 -0.170671 0.281690 255 0 0
0.359893 -0.170984 0.281833 0 0 0
0.361466 -0.172230 0.282392 0 0 0
0.361976 -0.172522 0.282418 255 0 0
0.363544 -0.173763 0.282976 255 0 0
0.364469 -0.174070 0.283117 255 0 0
0.365420 -0.174395 0.283264 0 0 0
0.366829 -0.175675 0.283673 0 0 0
0.367473 -0.175881 0.283807 0 0 0
0.369033 -0.177169 0.284452 0 0 0
0.369804 -0.177291 0.284721 0 0 0
0.371232 -0.178686 0.285138 0 0 0
0.372123 -0.178913 0.285307 0 0 0
0.373008 -0.179145 0.285474 0 0 0
0.374426 -0.180521 0.285879 0 0 0
0.375466 -0.180746 0.286142 0 0 0
0.376255 -0.181055 0.286190 0 0 0
0.377650 -0.182390 0.286534 0 0 0
0.378584 -0.182705 0.286681 255 0 0
0.379521 -0.183023 0.286829 0 0 0
0.380857 -0.184282 0.287216 255 0 0
0.381763 -0.184563 0.287329 255 0 0
0.382875 -0.185067 0.287346 255 0 0
0.383782 -0.185346 0.287459 255 0 0
0.385149 -0.186680 0.287789 255 0 0
0.385912 -0.186965 0.287806 255 0 0
0.387084 -0.187340 0.287890 255 0 0
0.388144 -0.187798 0.287861 255 0 0
0.389208 -0.188259 0.287834 255 0 0
0.390378 -0.188636 0.287920 255 0 0
0.391142 -0.188923 0.287938 0 0 0
0.392532 -0.190305 0.288221 0 0 0
0.393339 -0.190650 0.288203 0 0 0
0.394410 -0.191101 0.288139 0 0 0
0.395470 -0.191552 0.288074 0 0 0
0.396469 -0.191940 0.288051 0 0 0
0.397615 -0.192305 0.288132 0 0 0
0.398675 -0.192764 0.288098 0 0 0
0.399728 -0.193200 0.288036 0 0 0
0.400778 -0.193641 0.287972 255 0 0
0.401829 -0.194082 0.287908 255 0 0
0.402877 -0.194525 0.287842 255 0 0
0.403951 -0.195001 0.287743 0 0 0
0.404964 -0.195526 0.287532 0 0 0
0.405966 -0.195954 0.287433 0 0 0
0.407028 -0.196393 0.287368 0 0 0
0.408096 -0.196839 0.287299 0 0 0
0.408977 -0.197178 0.287194 255 0 0
0.410494 -0.197072 0.286785 255 0 0
0.411328 -0.197408 0.286646 255 0 0
0.412361 -0.197967 0.286430 255 0 0
0.413409 -0.198404 0.286330 255 0 0
0.414533 -0.198664 0.286252 255 0 0
0.415674 -0.199098 0.286181 255 0 0
0.416376 -0.199365 0.286138 255 0 0
0.354177 -0.168517 0.279472 0 0 0
0.355248 -0.169521 0.280211 0 0 0
0.356723 -0.170677 0.281038 0 0 0
0.357337 -0.170860 0.281171 0 0 0
0.358946 -0.172111 0.281745 255 0 0
0.359454 -0.172405 0.281771 255 0 0
0.361029 -0.173644 0.282331 255 0 0
0.361953 -0.173952 0.282471 255 0 0
0.362903 -0.174278 0.282618 255 0 0
0.364297 -0.175548 0.283019 0 0 0
0.365238 -0.175871 0.283162 0 0 0
0.366186 -0.176190 0.283308 0 0 0
0.367579 -0.177489 0.283748 0 0 0
0.368361 -0.177628 0.284014 0 0 0
0.369750 -0.178944 0.284486 0 0 0
0.370789 -0.179179 0.284750 0 0 0
0.371573 -0.179501 0.284800 0 0 0
0.373014 -0.180853 0.285192 0 0 0
0.373782 -0.180989 0.285453 0 0 0
0.375163 -0.182272 0.285895 0 0 0
0.376097 -0.182591 0.286043 0 0 0
0.377032 -0.182907 0.286190 0 0 0
0.378377 -0.184161 0.286585 0 0 0
0.379309 -0.184477 0.286733 255 0 0
0.380243 -0.184794 0.286881 255 0 0
0.381577 -0.186047 0.287269 255 0 0
0.382479 -0.186327 0.287382 255 0 0
0.383564 -0.186824 0.287390 255 0 0
0.384740 -0.187197 0.287482 0 0 0
0.385503 -0.187480 0.287500 0 0 0
0.386903 -0.188871 0.287782 0 0 0
0.387713 -0.189211 0.287761 0 0 0
0.388785 -0.189661 0.287698 0 0 0
0.389845 -0.190112 0.287637 0 0 0
0.390846 -0.190510 0.287638 0 0 0
0.392104 -0.190809 0.287886 0 0 0
0.393104 -0.191205 0.287887 0 0 0
0.394165 -0.191653 0.287823 0 0 0
0.395235 -0.192109 0.287757 0 0 0
0.396048 -0.192453 0.287737 0 0 0
0.397427 -0.193790 0.288021 0 0 0
0.398233 -0.194134 0.288003 0 0 0
0.399299 -0.194591 0.287937 0 0 0
0.400347 -0.195045 0.287875 0 0 0
0.401391 -0.195488 0.287813 255 0 0
0.402457 -0.195928 0.287744 255 0 0
0.403338 -0.196252 0.287633 0 0 0
0.404824 -0.196165 0.287231 0 0 0
0.405709 -0.196503 0.287122 255 0 0
0.406779 -0.196945 0.287053 255 0 0
0.407841 -0.197391 0.286988 255 0 0
0.408834 -0.197841 0.286890 255 0 0
0.409849 -0.198386 0.286684 255 0 0
0.410897 -0.198816 0.286586 255 0 0
0.412055 -0.199092 0.286494 255 0 0
0.412809 -0.199335 0.286441 255 0 0
0.353964 -0.169695 0.279557 0 0 0
0.354949 -0.170980 0.280139 0 0 0
0.356372 -0.172051 0.280957 0 0 0
0.356921 -0.172250 0.281072 0 0 0
0.358513 -0.173523 0.281681 255 0 0
0.359440 -0.173834 0.281830 255 0 0
0.360384 -0.174162 0.281974 255 0 0
0.361785 -0.175429 0.282375 255 0 0
0.362729 -0.175753 0.282521 255 0 0
0.363666 -0.176078 0.282662 0 0 0
0.365060 -0.177342 0.283062 0 0 0
0.365999 -0.177664 0.283205 0 0 0
0.366938 -0.177987 0.283353 0 0 0
0.368336 -0.179277 0.283797 0 0 0
0.369107 -0.179417 0.284057 0 0 0
0.370503 -0.180704 0.284502 0 0 0
0.371437 -0.181023 0.284649 0 0 0
0.372370 -0.181346 0.284794 0 0 0
0.373759 -0.182621 0.285241 255 0 0
0.374525 -0.182763 0.285503 255 0 0
0.375897 -0.184042 0.285944 255 0 0
0.376828 -0.184361 0.286096 255 0 0
0.377760 -0.184679 0.286244 255 0 0
0.379102 -0.185926 0.286639 255 0 0
0.380032 -0.186242 0.286787 255 0 0
0.380961 -0.186559 0.286932 0 0 0
0.382342 -0.187879 0.287273 0 0 0
0.383097 -0.188164 0.287293 255 0 0
0.384268 -0.188537 0.287385 0 0 0
0.385327 -0.189024 0.287384 0 0 0
0.386482 -0.189381 0.287472 0 0 0
0.387479 -0.189763 0.287448 0 0 0
0.388540 -0.190216 0.287381 0 0 0
0.389609 -0.190672 0.287315 0 0 0
0.390416 -0.191017 0.287296 0 0 0
0.391816 -0.192359 0.287587 0 0 0
0.392617 -0.192700 0.287568 0 0 0
0.393690 -0.193154 0.287503 0 0 0
0.394739 -0.193587 0.287443 0 0 0
0.395796 -0.194042 0.287405 0 0 0
0.396932 -0.194410 0.287501 0 0 0
0.397942 -0.194824 0.287472 0 0 0
0.398954 -0.195227 0.287447 0 0 0
0.400086 -0.195592 0.287536 0 0 0
0.401141 -0.196048 0.287495 0 0 0
0.402220 -0.196521 0.287395 0 0 0
0.403142 -0.196995 0.287188 255 0 0
0.404202 -0.197467 0.287053 255 0 0
0.405255 -0.198039 0.286834 255 0 0
0.406276 -0.198487 0.286724 255 0 0
0.407255 -0.198827 0.286695 255 0 0
0.408449 -0.199034 0.286788 255 0 0
0.409608 -0.199474 0.286740 255 0 0
0.410302 -0.199736 0.286696 255 0 0
0.354712 -0.171585 0.279786 0 0 0
0.355885 -0.172607 0.280566 0 0 0
0.357060 -0.173874 0.281015 0 0 0
0.357845 -0.174001 0.281284 255 0 0
0.359408 -0.175255 0.281885 255 0 0
0.360213 -0.175661 0.281909 255 0 0
0.361143 -0.175940 0.282021 255 0 0
0.362691 -0.177166 0.282576 255 0 0
0.363488 -0.177569 0.282599 0 0 0
0.364432 -0.177865 0.282711 0 0 0
0.365820 -0.179130 0.283109 0 0 0
0.366756 -0.179452 0.283253 0 0 0
0.367693 -0.179775 0.283401 0 0 0
0.369089 -0.181059 0.283847 0 0 0
0.369861 -0.181195 0.284106 255 0 0
0.371293 -0.182553 0.284500 255 0 0
0.372077 -0.182861 0.284552 255 0 0
0.373114 -0.183100 0.284815 255 0 0
0.374491 -0.184395 0.285292 255 0 0
0.375259 -0.184535 0.285557 255 0 0
0.376627 -0.185808 0.285999 255 0 0
0.377557 -0.186126 0.286151 255 0 0
0.378482 -0.186444 0.286296 255 0 0
0.379872 -0.187759 0.286644 255 0 0
0.380626 -0.188061 0.286688 0 0 0
0.381927 -0.188387 0.286939 0 0 0
0.382685 -0.188684 0.286979 255 0 0
0.384109 -0.190048 0.287269 0 0 0
0.384904 -0.190395 0.287253 0 0 0
0.385974 -0.190839 0.287191 0 0 0
0.387028 -0.191277 0.287126 0 0 0
0.388078 -0.191718 0.287062 0 0 0
0.389129 -0.192154 0.287001 0 0 0
0.390178 -0.192605 0.286964 0 0 0
0.391317 -0.192968 0.287063 0 0 0
0.392330 -0.193359 0.287044 0 0 0
0.393387 -0.193809 0.286976 0 0 0
0.394435 -0.194257 0.286907 0 0 0
0.395474 -0.194723 0.286834 0 0 0
0.396474 -0.195133 0.286807 0 0 0
0.397634 -0.195518 0.286904 0 0 0
0.398444 -0.195877 0.286910 0 0 0
0.399819 -0.197200 0.287203 255 0 0
0.400642 -0.197546 0.287181 255 0 0
0.401566 -0.197900 0.287062 255 0 0
0.402796 -0.197788 0.286746 255 0 0
0.403843 -0.198837 0.286840 255 0 0
0.405086 -0.198716 0.286535 255 0 0
0.406003 -0.199017 0.286425 255 0 0
0.406828 -0.199172 0.286418 255 0 0
0.354408 -0.173036 0.279709 0 0 0
0.355765 -0.174176 0.280471 0 0 0
0.356385 -0.174359 0.280610 0 0 0
0.357710 -0.175518 0.281234 0 0 0
0.358991 -0.176678 0.281831 255 0 0
0.359927 -0.176958 0.281948 0 0 0
0.360727 -0.177365 0.281971 0 0 0
0.362272 -0.178586 0.282526 255 0 0
0.363170 -0.178851 0.282637 255 0 0
0.364279 -0.179371 0.282651 0 0 0
0.365195 -0.179653 0.282761 0 0 0
0.366576 -0.180912 0.283159 0 0 0
0.367512 -0.181234 0.283309 0 0 0
0.368442 -0.181558 0.283456 255 0 0
0.369815 -0.182834 0.283886 255 0 0
0.370855 -0.183063 0.284146 255 0 0
0.371637 -0.183375 0.284194 255 0 0
0.373070 -0.184722 0.284594 255 0 0
0.373832 -0.184864 0.284859 255 0 0
0.375225 -0.186161 0.285350 0 0 0
0.375990 -0.186300 0.285615 0 0 0
0.377398 -0.187645 0.286008 0 0 0
0.378155 -0.187945 0.286054 0 0 0
0.379456 -0.188273 0.286305 255 0 0
0.380207 -0.188575 0.286346 255 0 0
0.381635 -0.189948 0.286646 255 0 0
0.382444 -0.190316 0.286648 255 0 0
0.383564 -0.190642 0.286779 0 0 0
0.384673 -0.190989 0.286877 0 0 0
0.385682 -0.191524 0.286688 0 0 0
0.386711 -0.191940 0.286597 0 0 0
0.387774 -0.192374 0.286534 0 0 0
0.388817 -0.192811 0.286471 0 0 0
0.389861 -0.193255 0.286406 0 0 0
0.390904 -0.193710 0.286336 0 0 0
0.391958 -0.194159 0.286268 0 0 0
0.393014 -0.194609 0.286199 0 0 0
0.394024 -0.195004 0.286178 0 0 0
0.395173 -0.195408 0.286270 0 0 0
0.395973 -0.195764 0.286275 0 0 0
0.397376 -0.197071 0.286568 255 0 0
0.398138 -0.197370 0.286616 255 0 0
0.399391 -0.197707 0.286868 255 0 0
0.400396 -0.198112 0.286867 255 0 0
0.401388 -0.198518 0.286777 255 0 0
0.402468 -0.198871 0.286598 255 0 0
0.403633 -0.199259 0.286625 255 0 0
0.404621 -0.199716 0.286426 255 0 0
0.405359 -0.200013 0.286341 255 0 0
0.354143 -0.174418 0.279807 0 0 0
0.355356 -0.175538 0.280378 0 0 0
0.355974 -0.175720 0.280521 0 0 0
0.357712 -0.176988 0.281338 0 0 0
0.358331 -0.177180 0.281470 255 0 0
0.359770 -0.178443 0.281888 255 0 0
0.360695 -0.178772 0.282031 255 0 0
0.361633 -0.179096 0.282179 255 0 0
0.363025 -0.180354 0.282579 255 0 0
0.363936 -0.180637 0.282689 255 0 0
0.365043 -0.181156 0.282705 255 0 0
0.365937 -0.181419 0.282816 255 0 0
0.367467 -0.182631 0.283370 255 0 0
0.368257 -0.183033 0.283392 0 0 0
0.369190 -0.183328 0.283510 0 0 0
0.370610 -0.184656 0.283860 0 0 0
0.371389 -0.184961 0.283907 0 0 0
0.372425 -0.185199 0.284170 255 0 0
0.373801 -0.186487 0.284650 255 0 0
0.374567 -0.186630 0.284919 0 0 0
0.375934 -0.187919 0.285397 0 0 0
0.376964 -0.188150 0.285663 0 0 0
0.377735 -0.188459 0.285712 0 0 0
0.379176 -0.189845 0.286012 0 0 0
0.379924 -0.190142 0.286054 0 0 0
0.381202 -0.190457 0.286304 255 0 0
0.382212 -0.190869 0.286306 0 0 0
0.383028 -0.191233 0.286290 0 0 0
0.384318 -0.192436 0.286484 0 0 0
0.385462 -0.192345 0.286131 0 0 0
0.386342 -0.192750 0.285864 0 0 0
0.387382 -0.193168 0.285764 0 0 0
0.388440 -0.193599 0.285703 0 0 0
0.389490 -0.194039 0.285639 0 0 0
0.390541 -0.194482 0.285573 0 0 0
0.391594 -0.194922 0.285510 0 0 0
0.392667 -0.195379 0.285443 0 0 0
0.393445 -0.195685 0.285442 255 0 0
0.394974 -0.196955 0.285939 255 0 0
0.395700 -0.197309 0.285931 255 0 0
0.396888 -0.197718 0.286020 255 0 0
0.397625 -0.197981 0.286055 255 0 0
0.399160 -0.199275 0.286561 255 0 0
0.399841 -0.199527 0.286578 255 0 0
0.400700 -0.199608 0.286676 255 0 0
0.353999 -0.175921 0.279721 255 0 0
0.354651 -0.176014 0.279967 255 0 0
0.355968 -0.177196 0.280621 0 0 0
0.357331 -0.178399 0.281192 0 0 0
0.358095 -0.178708 0.281244 255 0 0
0.359139 -0.178951 0.281503 255 0 0
0.360534 -0.180231 0.281940 255 0 0
0.361465 -0.180555 0.282089 255 0 0
0.362397 -0.180879 0.282234 255 0 0
0.363788 -0.182133 0.282635 255 0 0
0.364722 -0.182429 0.282748 0 0 0
0.365513 -0.182828 0.282774 0 0 0
0.367086 -0.184114 0.283278 0 0 0
0.367830 -0.184372 0.283299 0 0 0
0.369015 -0.184783 0.283417 0 0 0
0.370188 -0.185190 0.283534 0 0 0
0.370954 -0.185468 0.283559 0 0 0
0.372379 -0.186816 0.283955 0 0 0
0.373143 -0.186957 0.284219 0 0 0
0.374535 -0.188247 0.284713 0 0 0
0.375293 -0.188387 0.284980 0 0 0
0.376718 -0.189705 0.285374 0 0 0
0.377473 -0.190005 0.285420 0 0 0
0.378764 -0.190355 0.285674 0 0 0
0.379505 -0.190655 0.285714 0 0 0
0.380945 -0.192001 0.286012 0 0 0
0.381742 -0.192334 0.285996 0 0 0
0.382825 -0.192802 0.285958 0 0 0
0.383941 -0.193156 0.286012 0 0 0
0.384746 -0.193523 0.285798 0 0 0
0.386171 -0.193544 0.285300 0 0 0
0.387023 -0.193952 0.285041 0 0 0
0.388058 -0.194372 0.284938 0 0 0
0.389122 -0.194806 0.284876 0 0 0
0.390172 -0.195244 0.284813 255 0 0
0.391228 -0.195690 0.284746 255 0 0
0.392304 -0.196150 0.284677 255 0 0
0.393048 -0.196532 0.284593 255 0 0
0.394803 -0.197462 0.285559 255 0 0
0.395413 -0.197885 0.285435 255 0 0
0.396551 -0.198187 0.285544 255 0 0
0.397330 -0.198481 0.285556 255 0 0
0.399006 -0.199657 0.286298 255 0 0
0.399450 -0.199819 0.286315 255 0 0
0.353640 -0.176265 0.279398 255 0 0
0.354608 -0.177492 0.279955 255 0 0
0.355884 -0.178754 0.280514 255 0 0
0.356766 -0.178977 0.280688 0 0 0
0.357655 -0.179206 0.280853 0 0 0
0.359118 -0.180593 0.281284 255 0 0
0.359889 -0.180729 0.281546 255 0 0
0.361302 -0.182010 0.281997 0 0 0
0.362231 -0.182334 0.282147 0 0 0
0.363160 -0.182657 0.282293 255 0 0
0.364549 -0.183898 0.282697 0 0 0
0.365449 -0.184211 0.282834 0 0 0
0.366652 -0.184631 0.282962 0 0 0
0.367414 -0.184905 0.282983 0 0 0
0.368876 -0.186308 0.283279 0 0 0
0.369636 -0.186585 0.283300 0 0 0
0.370835 -0.187004 0.283422 0 0 0
0.371736 -0.187316 0.283564 0 0 0
0.373120 -0.188570 0.284017 0 0 0
0.373878 -0.188711 0.284284 0 0 0
0.375299 -0.190049 0.284713 0 0 0
0.376211 -0.190339 0.284838 0 0 0
0.376964 -0.190605 0.284879 0 0 0
0.378558 -0.191885 0.285398 0 0 0
0.379269 -0.192256 0.285386 0 0 0
0.380430 -0.192638 0.285480 0 0 0
0.381436 -0.193023 0.285462 0 0 0
0.382491 -0.193471 0.285397 0 0 0
0.383552 -0.193900 0.285337 0 0 0
0.384585 -0.194325 0.285228 0 0 0
0.385433 -0.194736 0.284968 0 0 0
0.386855 -0.194754 0.284471 0 0 0
0.387705 -0.195170 0.284209 0 0 0
0.388731 -0.195605 0.284100 255 0 0
0.389791 -0.196044 0.284036 255 0 0
0.390857 -0.196501 0.283961 255 0 0
0.391860 -0.196859 0.283943 255 0 0
0.392967 -0.197125 0.284053 255 0 0
0.393703 -0.197585 0.283937 255 0 0
0.395167 -0.198376 0.284934 255 0 0
0.354558 -0.179112 0.279839 255 0 0
0.355305 -0.179308 0.279977 255 0 0
0.356206 -0.179549 0.280146 0 0 0
0.357685 -0.180924 0.280579 0 0 0
0.358456 -0.181060 0.280846 255 0 0
0.359888 -0.182369 0.281342 0 0 0
0.360658 -0.182508 0.281606 0 0 0
0.362066 -0.183782 0.282058 0 0 0
0.362994 -0.184105 0.282208 0 0 0
0.363916 -0.184429 0.282350 255 0 0
0.365351 -0.185745 0.282706 0 0 0
0.366106 -0.186025 0.282728 0 0 0
0.367278 -0.186433 0.282845 0 0 0
0.368457 -0.186839 0.282961 0 0 0
0.369219 -0.187114 0.282980 0 0 0
0.370679 -0.188502 0.283282 0 0 0
0.371448 -0.188807 0.283334 0 0 0
0.372480 -0.189042 0.283599 0 0 0
0.373886 -0.190385 0.284013 255 0 0
0.374730 -0.190609 0.284180 255 0 0
0.375874 -0.190968 0.284321 255 0 0
0.376599 -0.191349 0.284305 0 0 0
0.378165 -0.192542 0.284890 0 0 0
0.379009 -0.192790 0.285019 0 0 0
0.380075 -0.193279 0.284985 0 0 0
0.381120 -0.193723 0.284920 0 0 0
0.382189 -0.194202 0.284817 0 0 0
0.383188 -0.194715 0.284596 0 0 0
0.384213 -0.195138 0.284497 0 0 0
0.385259 -0.195555 0.284397 0 0 0
0.386111 -0.195965 0.284149 0 0 0
0.387529 -0.195932 0.283704 255 0 0
0.388413 -0.196284 0.283585 255 0 0
0.389479 -0.196747 0.283513 255 0 0
0.390535 -0.197161 0.283449 255 0 0
0.391336 -0.197304 0.283450 255 0 0
0.354207 -0.179751 0.279294 255 0 0
0.354729 -0.179877 0.279421 255 0 0
0.356249 -0.181253 0.279873 255 0 0
0.357024 -0.181388 0.280141 255 0 0
0.358457 -0.182695 0.280639 255 0 0
0.359229 -0.182837 0.280910 255 0 0
0.360648 -0.184145 0.281406 0 0 0
0.361422 -0.184279 0.281669 0 0 0
0.362873 -0.185626 0.282071 0 0 0
0.363620 -0.185924 0.282115 255 0 0
0.364938 -0.186261 0.282368 0 0 0
0.365686 -0.186561 0.282404 0 0 0
0.367151 -0.187938 0.282710 0 0 0
0.367958 -0.188282 0.282694 0 0 0
0.368972 -0.188699 0.282692 255 0 0
0.370263 -0.189021 0.282943 255 0 0
0.371011 -0.189321 0.282985 255 0 0
0.372464 -0.190723 0.283321 0 0 0
0.373331 -0.190945 0.283489 0 0 0
0.374199 -0.191178 0.283662 0 0 0
0.375648 -0.192565 0.283994 0 0 0
0.376420 -0.192865 0.284045 0 0 0
0.377432 -0.193120 0.284309 0 0 0
0.378822 -0.194412 0.284695 0 0 0
0.379622 -0.194749 0.284680 0 0 0
0.380708 -0.195197 0.284611 0 0 0
0.381601 -0.195514 0.284494 255 0 0
0.382988 -0.195469 0.284092 255 0 0
0.383880 -0.195802 0.283976 255 0 0
0.384965 -0.196247 0.283904 255 0 0
0.385974 -0.196680 0.283804 255 0 0
0.386948 -0.197160 0.283604 255 0 0
0.388081 -0.197437 0.283488 255 0 0
0.389224 -0.197865 0.283412 255 0 0
0.389923 -0.198121 0.283369 255 0 0
0.353775 -0.180203 0.278804 255 0 0
0.354887 -0.181582 0.279186 255 0 0
0.355574 -0.181718 0.279430 255 0 0
0.357025 -0.183029 0.279938 255 0 0
0.357784 -0.183152 0.280203 255 0 0
0.359367 -0.184432 0.280873 255 0 0
0.359983 -0.184639 0.281010 255 0 0
0.361397 -0.185905 0.281462 255 0 0
0.362435 -0.186142 0.281724 255 0 0
0.363201 -0.186448 0.281774 255 0 0
0.364682 -0.187833 0.282084 255 0 0
0.365426 -0.188129 0.282121 255 0 0
0.366720 -0.188451 0.282372 255 0 0
0.367731 -0.188866 0.282370 0 0 0
0.368542 -0.189216 0.282349 0 0 0
0.370001 -0.190583 0.282657 0 0 0
0.370741 -0.190880 0.282697 0 0 0
0.372046 -0.191223 0.282957 0 0 0
0.372769 -0.191511 0.283006 0 0 0
0.374329 -0.192794 0.283558 0 0 0
0.375208 -0.193087 0.283680 0 0 0
0.375988 -0.193371 0.283712 0 0 0
0.377372 -0.194691 0.284094 0 0 0
0.378375 -0.194914 0.284355 0 0 0
0.379380 -0.195314 0.284369 0 0 0
0.380462 -0.195795 0.284265 255 0 0
0.381430 -0.196305 0.284011 255 0 0
0.382391 -0.196811 0.283752 255 0 0
0.383472 -0.197296 0.283640 255 0 0
0.384437 -0.197642 0.283617 255 0 0
0.385667 -0.197863 0.283714 255 0 0
0.386433 -0.198107 0.283686 255 0 0
0.354496 -0.182093 0.278830 255 0 0
0.355729 -0.183311 0.279398 255 0 0
0.356359 -0.183528 0.279540 255 0 0
0.357533 -0.184722 0.279963 255 0 0
0.359016 -0.185768 0.280801 255 0 0
0.359836 -0.186078 0.280939 255 0 0
0.360767 -0.186413 0.281090 255 0 0
0.362164 -0.187638 0.281501 255 0 0
0.363061 -0.187951 0.281639 255 0 0
0.364261 -0.188373 0.281762 255 0 0
0.365012 -0.188646 0.281785 255 0 0
0.366476 -0.190021 0.282089 0 0 0
0.367287 -0.190365 0.282068 0 0 0
0.368297 -0.190777 0.282066 0 0 0
0.369588 -0.191105 0.282323 0 0 0
0.370311 -0.191386 0.282368 0 0 0
0.371892 -0.192652 0.282893 0 0 0
0.372376 -0.192945 0.282926 0 0 0
0.373877 -0.194133 0.283474 0 0 0
0.374771 -0.194389 0.283608 0 0 0
0.375862 -0.194905 0.283626 0 0 0
0.376755 -0.195190 0.283739 0 0 0
0.378090 -0.196411 0.284133 255 0 0
0.379023 -0.196752 0.284200 255 0 0
0.379906 -0.197198 0.283967 255 0 0
0.381218 -0.197087 0.283548 255 0 0
0.382175 -0.197248 0.283451 255 0 0
0.383319 -0.197669 0.283381 255 0 0
0.384063 -0.197946 0.283359 255 0 0
0.354033 -0.183651 0.278531 255 0 0
0.355392 -0.184650 0.279329 255 0 0
0.356234 -0.184970 0.279471 255 0 0
0.357067 -0.185291 0.279606 255 0 0
0.358545 -0.186310 0.280451 255 0 0
0.359826 -0.187466 0.281015 255 0 0
0.360608 -0.187871 0.281045 0 0 0
0.361537 -0.188163 0.281162 0 0 0
0.362970 -0.189476 0.281515 0 0 0
0.363721 -0.189746 0.281538 0 0 0
0.364891 -0.190160 0.281656 0 0 0
0.366046 -0.190557 0.281777 0 0 0
0.367061 -0.190946 0.281755 0 0 0
0.367851 -0.191277 0.281737 0 0 0
0.369437 -0.192539 0.282262 0 0 0
0.369897 -0.192804 0.282294 0 0 0
0.371586 -0.193971 0.283022 0 0 0
0.372327 -0.194306 0.283051 0 0 0
0.373292 -0.194466 0.283187 0 0 0
0.374740 -0.195829 0.283751 255 0 0
0.375496 -0.196161 0.283723 0 0 0
0.376584 -0.196657 0.283708 255 0 0
0.377482 -0.196964 0.283818 255 0 0
0.378645 -0.197995 0.284080 255 0 0
0.379899 -0.197739 0.283717 255 0 0
0.380486 -0.197932 0.283494 255 0 0
0.353776 -0.184241 0.278177 255 0 0
0.354906 -0.185197 0.278966 255 0 0
0.356237 -0.186370 0.279550 255 0 0
0.356706 -0.186641 0.279589 255 0 0
0.358164 -0.187757 0.280379 0 0 0
0.359470 -0.188932 0.280936 0 0 0
0.360207 -0.189187 0.280965 0 0 0
0.361380 -0.189601 0.281087 0 0 0
0.362549 -0.190012 0.281209 0 0 0
0.363301 -0.190284 0.281229 0 0 0
0.364724 -0.191590 0.281580 0 0 0
0.365625 -0.191871 0.281699 0 0 0
0.366719 -0.192360 0.281681 0 0 0
0.367457 -0.192694 0.281672 0 0 0
0.369149 -0.193866 0.282398 0 0 0
0.369585 -0.194106 0.282432 0 0 0
0.371290 -0.195283 0.283169 0 0 0
0.371750 -0.195519 0.283187 0 0 0
0.373210 -0.196882 0.283746 255 0 0
0.374182 -0.197128 0.283849 255 0 0
0.375098 -0.197522 0.283703 255 0 0
0.376258 -0.197684 0.283756 255 0 0
0.377432 -0.198135 0.283774 255 0 0
0.378220 -0.198367 0.283877 255 0 0
0.353476 -0.185661 0.278132 0 0 0
0.354526 -0.186647 0.278891 0 0 0
0.355841 -0.187749 0.279529 255 0 0
0.356445 -0.187943 0.279670 255 0 0
0.358002 -0.189200 0.280333 0 0 0
0.359021 -0.189428 0.280608 0 0 0
0.359783 -0.189733 0.280657 0 0 0
0.361219 -0.191034 0.281013 0 0 0
0.362123 -0.191311 0.281134 0 0 0
0.363204 -0.191833 0.281151 0 0 0
0.364087 -0.192092 0.281261 0 0 0
0.365614 -0.193283 0.281822 0 0 0
0.366394 -0.193653 0.281817 0 0 0
0.367150 -0.193997 0.281812 0 0 0
0.368847 -0.195164 0.282546 0 0 0
0.369279 -0.195405 0.282580 0 0 0
0.370965 -0.196602 0.283321 255 0 0
0.371684 -0.196941 0.283352 255 0 0
0.372681 -0.197074 0.283496 255 0 0
0.374105 -0.197955 0.283882 255 0 0
0.374840 -0.197883 0.283535 255 0 0
0.353278 -0.186758 0.278246 255 0 0
0.354486 -0.188105 0.278890 255 0 0
0.355154 -0.188228 0.279139 255 0 0
0.356583 -0.189524 0.279651 255 0 0
0.357338 -0.189651 0.279926 255 0 0
0.358894 -0.190863 0.280546 0 0 0
0.359671 -0.191268 0.280577 0 0 0
0.360578 -0.191537 0.280692 0 0 0
0.362117 -0.192733 0.281251 0 0 0
0.362896 -0.193099 0.281251 0 0 0
0.363654 -0.193439 0.281250 0 0 0
0.365335 -0.194613 0.281965 0 0 0
0.366095 -0.194960 0.281964 0 0 0
0.366846 -0.195320 0.281964 0 0 0
0.368540 -0.196495 0.282702 0 0 0
0.368960 -0.196750 0.282738 255 0 0
0.370744 -0.197657 0.283439 255 0 0
0.371186 -0.197799 0.283442 255 0 0
0.354089 -0.188605 0.278558 255 0 0
0.355302 -0.189809 0.279122 255 0 0
0.355912 -0.190005 0.279269 255 0 0
0.357224 -0.191126 0.279911 255 0 0
0.358473 -0.192240 0.280510 0 0 0
0.359401 -0.192509 0.280647 0 0 0
0.360171 -0.192918 0.280682 0 0 0
0.361709 -0.194101 0.281242 0 0 0
0.362608 -0.194376 0.281357 0 0 0
0.363376 -0.194784 0.281390 0 0 0
0.364897 -0.195954 0.281949 0 0 0
0.365792 -0.196217 0.282081 0 0 0
0.366572 -0.196411 0.282093 255 0 0
0.368374 -0.197523 0.282836 255 0 0
0.368729 -0.197703 0.282846 255 0 0
0.353739 -0.190085 0.278494 255 0 0
0.354903 -0.191143 0.279053 255 0 0
0.355508 -0.191313 0.279208 255 0 0
0.357235 -0.192520 0.280060 255 0 0
0.357856 -0.192583 0.280210 0 0 0
0.359378 -0.193945 0.280801 0 0 0
0.360147 -0.194309 0.280813 0 0 0
0.361070 -0.194609 0.280931 0 0 0
0.362439 -0.195813 0.281326 0 0 0
0.363344 -0.196138 0.281496 255 0 0
0.364290 -0.196303 0.281667 255 0 0
0.365515 -0.197240 0.282216 255 0 0
0.353793 -0.191302 0.278608 255 0 0
0.354301 -0.191556 0.278733 255 0 0
0.355498 -0.192738 0.279345 255 0 0
0.356691 -0.193718 0.280161 255 0 0
0.357953 -0.195076 0.280746 0 0 0
0.358714 -0.195206 0.280796 0 0 0
0.359886 -0.195583 0.280897 0 0 0
0.360901 -0.196064 0.280917 0 0 0
0.361847 -0.196170 0.281040 0 0 0
0.363188 -0.197099 0.281611 255 0 0
0.364216 -0.198301 0.282450 255 0 0
0.354243 -0.193110 0.278734 255 0 0
0.355129 -0.194140 0.279274 255 0 0
0.356594 -0.195198 0.280175 255 0 0
0.357532 -0.195442 0.280458 0 0 0
0.358252 -0.195735 0.280513 0 0 0
0.359940 -0.196746 0.281001 0 0 0
0.360407 -0.196908 0.281002 255 0 0
0.354117 -0.194526 0.278675 255 0 0
0.354659 -0.194514 0.278910 255 0 0
0.356259 -0.195499 0.279891 0 0 0
0.357565 -0.196597 0.280411 0 0 0
0.357946 -0.196810 0.280421 0 0 0
0.353739 -0.194848 0.278362 255 0 0
