ply
format ascii 1.0
element vertex 5293
property float x
property float y
property float z
property uchar red
property uchar green
property uchar blue
end_header
0.681885 0.002856 0.230405 0 0 0
0.683779 0.002835 0.229678 0 0 0
0.685689 0.002815 0.228944 0 0 0
0.688253 0.003426 0.227440 0 0 0
0.690364 0.003297 0.226715 0 0 0
0.691788 0.002728 0.226617 0 0 0
0.693205 0.002160 0.226522 0 0 0
0.695418 0.002025 0.225762 0 0 0
0.697343 0.001991 0.225033 0 0 0
0.675581 0.001619 0.231581 0 0 0
0.676844 0.001091 0.231514 0 0 0
0.678494 0.000402 0.231425 255 0 0
0.679861 -0.000145 0.231332 255 0 0
0.682036 -0.000263 0.230578 0 0 0
0.684239 -0.000401 0.229820 0 0 0
0.685388 -0.000839 0.229722 0 0 0
0.687828 -0.001093 0.228967 0 0 0
0.688978 -0.001531 0.228870 0 0 0
0.691196 -0.001676 0.228111 0 0 0
0.693432 -0.001827 0.227352 0 0 0
0.694494 -0.002256 0.227278 0 0 0
0.663962 0.005092 0.231033 0 0 0
0.665069 0.004575 0.231019 0 0 0
0.666601 0.003247 0.231501 0 0 0
0.668040 0.002583 0.231476 0 0 0
0.669483 0.001916 0.231451 0 0 0
0.670958 0.000611 0.231932 0 0 0
0.672387 -0.000041 0.231905 0 0 0
0.673984 -0.000705 0.231823 0 0 0
0.675562 -0.001364 0.231739 0 0 0
0.677142 -0.002027 0.231656 0 0 0
0.678718 -0.002695 0.231573 0 0 0
0.680320 -0.003372 0.231487 0 0 0
0.681679 -0.003917 0.231394 255 0 0
0.683856 -0.004040 0.230639 255 0 0
0.686034 -0.004170 0.229883 255 0 0
0.687440 -0.004736 0.229787 255 0 0
0.688730 -0.005280 0.229716 255 0 0
0.691492 -0.004785 0.228223 255 0 0
0.693650 -0.004930 0.227491 255 0 0
0.694704 -0.005354 0.227416 255 0 0
0.657922 0.004610 0.231512 0 0 0
0.659190 0.004079 0.231447 0 0 0
0.660656 0.003410 0.231420 0 0 0
0.662006 0.002096 0.231961 0 0 0
0.663346 0.000790 0.232498 0 0 0
0.664770 0.000136 0.232475 0 0 0
0.666359 -0.000531 0.232393 0 0 0
0.667947 -0.001197 0.232312 0 0 0
0.669373 -0.001843 0.232286 0 0 0
0.670841 -0.003148 0.232767 0 0 0
0.672256 -0.003802 0.232742 0 0 0
0.673869 -0.004479 0.232658 0 0 0
0.675213 -0.005018 0.232567 0 0 0
0.677586 -0.005239 0.231819 0 0 0
0.678935 -0.005780 0.231728 0 0 0
0.680535 -0.006449 0.231642 255 0 0
0.682134 -0.007124 0.231556 255 0 0
0.683485 -0.007667 0.231463 255 0 0
0.685660 -0.007801 0.230707 255 0 0
0.687871 -0.007939 0.229944 0 0 0
0.689003 -0.008387 0.229844 0 0 0
0.691212 -0.008525 0.229085 0 0 0
0.693449 -0.008674 0.228322 255 0 0
0.694491 -0.009105 0.228246 255 0 0
0.647085 0.005873 0.232014 0 0 0
0.648190 0.005428 0.231933 0 0 0
0.650562 0.005324 0.231396 0 0 0
0.651772 0.004809 0.231359 0 0 0
0.653335 0.003577 0.231861 0 0 0
0.654781 0.002931 0.231844 0 0 0
0.656385 0.002263 0.231764 0 0 0
0.657801 0.001621 0.231737 0 0 0
0.659312 0.000286 0.232227 0 0 0
0.660572 -0.000344 0.232255 0 0 0
0.662065 -0.001661 0.232740 0 0 0
0.663481 -0.002305 0.232715 0 0 0
0.665082 -0.002975 0.232635 0 0 0
0.666495 -0.003627 0.232611 0 0 0
0.667966 -0.004935 0.233094 0 0 0
0.669377 -0.005581 0.233069 0 0 0
0.670958 -0.006244 0.232988 0 0 0
0.672526 -0.006900 0.232905 0 0 0
0.674092 -0.007554 0.232822 0 0 0
0.675659 -0.008211 0.232739 0 0 0
0.677227 -0.008869 0.232656 0 0 0
0.678795 -0.009527 0.232573 0 0 0
0.680386 -0.010199 0.232488 0 0 0
0.681725 -0.010735 0.232395 0 0 0
0.683908 -0.010858 0.231633 0 0 0
0.685876 -0.010885 0.230866 0 0 0
0.687855 -0.010904 0.230098 0 0 0
0.690066 -0.011040 0.229334 0 0 0
0.691203 -0.011495 0.229230 0 0 0
0.693428 -0.011634 0.228464 0 0 0
0.695320 -0.011650 0.227735 0 0 0
0.642346 0.008047 0.229871 0 0 0
0.643502 0.006951 0.230555 0 0 0
0.644833 0.005522 0.230990 0 0 0
0.646451 0.005188 0.231293 0 0 0
0.648013 0.004648 0.231267 0 0 0
0.649601 0.003858 0.231012 0 0 0
0.650916 0.003319 0.230949 0 0 0
0.652185 0.000945 0.232128 0 0 0
0.653503 0.000470 0.232090 0 0 0
0.654955 -0.000185 0.232064 0 0 0
0.656450 -0.001503 0.232551 0 0 0
0.657877 -0.002150 0.232527 0 0 0
0.659302 -0.002805 0.232504 0 0 0
0.660751 -0.004200 0.232973 0 0 0
0.662033 -0.004762 0.233019 0 0 0
0.663494 -0.006172 0.233486 0 0 0
0.664886 -0.006800 0.233463 0 0 0
0.666513 -0.007378 0.233403 0 0 0
0.668084 -0.008024 0.233321 0 0 0
0.669646 -0.008678 0.233239 0 0 0
0.671222 -0.009339 0.233158 0 0 0
0.672633 -0.009987 0.233136 0 0 0
0.674081 -0.011277 0.233616 0 0 0
0.675512 -0.011939 0.233592 0 0 0
0.676849 -0.012479 0.233504 0 0 0
0.679231 -0.012709 0.232752 0 0 0
0.680555 -0.013247 0.232663 0 0 0
0.682180 -0.013935 0.232575 0 0 0
0.683421 -0.014466 0.232505 0 0 0
0.686403 -0.014095 0.231015 0 0 0
0.687419 -0.014512 0.230937 0 0 0
0.689556 -0.014668 0.230204 0 0 0
0.692317 -0.014150 0.228704 0 0 0
0.693614 -0.014708 0.228631 0 0 0
0.694897 -0.015250 0.228563 0 0 0
0.641828 0.007212 0.228935 0 0 0
0.642928 0.005038 0.230031 255 0 0
0.644156 0.004707 0.230278 255 0 0
0.645459 0.003269 0.230681 255 0 0
0.646814 0.001833 0.231204 255 0 0
0.648071 0.001214 0.231239 0 0 0
0.649604 -0.000135 0.231730 0 0 0
0.650907 -0.000678 0.231782 0 0 0
0.652373 -0.002092 0.232248 0 0 0
0.653644 -0.002744 0.232278 0 0 0
0.655040 -0.004168 0.232600 0 0 0
0.656509 -0.004676 0.232735 0 0 0
0.658184 -0.005258 0.232698 0 0 0
0.659634 -0.005822 0.232691 0 0 0
0.661031 -0.007302 0.233138 0 0 0
0.662480 -0.007854 0.233137 0 0 0
0.663936 -0.008406 0.233139 0 0 0
0.665365 -0.009798 0.233600 0 0 0
0.666766 -0.010443 0.233577 0 0 0
0.668351 -0.011111 0.233499 0 0 0
0.669754 -0.011756 0.233478 0 0 0
0.671206 -0.013042 0.233958 0 0 0
0.672608 -0.013680 0.233936 0 0 0
0.674178 -0.014337 0.233856 0 0 0
0.675762 -0.015000 0.233771 0 0 0
0.677074 -0.015534 0.233682 0 0 0
0.679454 -0.015774 0.232929 255 0 0
0.680803 -0.016315 0.232836 255 0 0
0.682152 -0.016859 0.232742 255 0 0
0.684323 -0.016983 0.231982 255 0 0
0.686296 -0.017017 0.231206 255 0 0
0.688257 -0.017031 0.230440 0 0 0
0.690442 -0.017179 0.229674 0 0 0
0.691817 -0.017743 0.229576 0 0 0
0.693177 -0.018293 0.229481 0 0 0
0.695288 -0.018427 0.228749 0 0 0
0.639351 0.009867 0.225124 0 0 0
0.640266 0.007905 0.226411 0 0 0
0.641209 0.006019 0.227711 0 0 0
0.642278 0.003978 0.229098 0 0 0
0.643315 0.002670 0.229486 0 0 0
0.644552 0.001318 0.230076 0 0 0
0.645929 0.000005 0.230625 0 0 0
0.647182 -0.000624 0.230660 0 0 0
0.648686 -0.001952 0.231166 0 0 0
0.650010 -0.002478 0.231335 0 0 0
0.651434 -0.003908 0.231694 0 0 0
0.652939 -0.004406 0.231832 0 0 0
0.654503 -0.004877 0.232002 0 0 0
0.655700 -0.006358 0.232357 0 0 0
0.656972 -0.007790 0.232857 0 0 0
0.658394 -0.008407 0.232851 0 0 0
0.660071 -0.008918 0.232813 0 0 0
0.661464 -0.009546 0.232795 0 0 0
0.662704 -0.011036 0.233297 0 0 0
0.664036 -0.012217 0.233845 0 0 0
0.665481 -0.012873 0.233843 0 0 0
0.666888 -0.013522 0.233825 0 0 0
0.668357 -0.014822 0.234311 0 0 0
0.669590 -0.015457 0.234351 0 0 0
0.671044 -0.016743 0.234832 0 0 0
0.672440 -0.017388 0.234815 0 0 0
0.674028 -0.018055 0.234732 0 0 0
0.675344 -0.018592 0.234639 0 0 0
0.677740 -0.018836 0.233886 0 0 0
0.678803 -0.019238 0.233791 0 0 0
0.681252 -0.019495 0.233026 0 0 0
0.682326 -0.019922 0.232928 0 0 0
0.684530 -0.020075 0.232157 0 0 0
0.686475 -0.020086 0.231394 0 0 0
0.688697 -0.020228 0.230620 0 0 0
0.689777 -0.020639 0.230526 0 0 0
0.692260 -0.020915 0.229759 0 0 0
0.693236 -0.021312 0.229691 0 0 0
0.637595 0.010103 0.223425 0 0 0
0.638519 0.008160 0.224709 0 0 0
0.639572 0.006083 0.226064 0 0 0
0.640610 0.005075 0.226703 0 0 0
0.641688 0.002777 0.227935 0 0 0
0.642808 0.001625 0.228514 0 0 0
0.644120 0.000410 0.229288 0 0 0
0.645419 -0.001017 0.229704 0 0 0
0.646727 -0.001533 0.229873 0 0 0
0.648133 -0.002859 0.230419 0 0 0
0.649350 -0.004394 0.230675 0 0 0
0.650750 -0.004813 0.230975 0 0 0
0.652012 -0.006245 0.231376 0 0 0
0.653253 -0.007754 0.231745 0 0 0
0.654632 -0.008196 0.231959 0 0 0
0.656132 -0.009496 0.232462 0 0 0
0.657378 -0.010112 0.232502 0 0 0
0.658794 -0.011507 0.232963 0 0 0
0.660304 -0.012070 0.232973 0 0 0
0.661646 -0.012510 0.232954 255 0 0
0.662872 -0.014846 0.234154 255 0 0
0.663981 -0.015285 0.234175 0 0 0
0.665436 -0.016661 0.234644 0 0 0
0.666882 -0.017226 0.234643 0 0 0
0.668298 -0.017873 0.234629 0 0 0
0.669685 -0.019223 0.235090 0 0 0
0.671112 -0.019786 0.235088 0 0 0
0.672716 -0.020466 0.235002 0 0 0
0.673975 -0.021079 0.234892 0 0 0
0.676374 -0.021202 0.234167 0 0 0
0.677713 -0.021748 0.234071 0 0 0
0.679051 -0.022299 0.233974 0 0 0
0.681223 -0.022434 0.233205 0 0 0
0.683157 -0.022442 0.232441 0 0 0
0.685326 -0.022569 0.231676 0 0 0
0.686684 -0.023147 0.231573 0 0 0
0.687979 -0.023781 0.231460 0 0 0
0.690444 -0.023935 0.230723 0 0 0
0.691528 -0.024353 0.230624 0 0 0
0.693648 -0.024493 0.229891 0 0 0
0.635483 0.009611 0.222375 0 0 0
0.636470 0.007448 0.223680 0 0 0
0.637517 0.006446 0.224207 0 0 0
0.638606 0.004170 0.225434 0 0 0
0.639799 0.003067 0.226163 0 0 0
0.641107 0.001826 0.226940 0 0 0
0.642219 0.000652 0.227507 0 0 0
0.643373 -0.001733 0.228522 0 0 0
0.644612 -0.002063 0.228781 0 0 0
0.645954 -0.003486 0.229216 0 0 0
0.647237 -0.004891 0.229629 0 0 0
0.648684 -0.005229 0.229968 0 0 0
0.649960 -0.006709 0.230380 0 0 0
0.651310 -0.008005 0.230927 0 0 0
0.652686 -0.008454 0.231143 0 0 0
0.653919 -0.009940 0.231521 0 0 0
0.655221 -0.011253 0.232042 0 0 0
0.656547 -0.011804 0.232122 0 0 0
0.657869 -0.013103 0.232662 0 0 0
0.658948 -0.014585 0.233225 255 0 0
0.660258 -0.015856 0.233769 255 0 0
0.661608 -0.016335 0.233857 0 0 0
0.663006 -0.017777 0.234317 0 0 0
0.664313 -0.018260 0.234388 0 0 0
0.665688 -0.019693 0.234842 0 0 0
0.667131 -0.020263 0.234843 0 0 0
0.668579 -0.020831 0.234846 0 0 0
0.669951 -0.022294 0.235284 255 0 0
0.671083 -0.022817 0.235251 255 0 0
0.673546 -0.022867 0.234549 255 0 0
0.674765 -0.023564 0.234417 0 0 0
0.676360 -0.024267 0.234301 0 0 0
0.677669 -0.024944 0.234027 255 0 0
0.679807 -0.024932 0.233443 255 0 0
0.681760 -0.024948 0.232677 255 0 0
0.683944 -0.025085 0.231919 255 0 0
0.685023 -0.025503 0.231821 0 0 0
0.687532 -0.025532 0.231113 0 0 0
0.688827 -0.026161 0.231000 0 0 0
0.690165 -0.026715 0.230904 0 0 0
0.692613 -0.026974 0.230142 0 0 0
0.693576 -0.027376 0.230072 0 0 0
0.633036 0.008244 0.222003 0 0 0
0.634199 0.007064 0.222565 0 0 0
0.635519 0.005839 0.223208 255 0 0
0.636765 0.004501 0.223824 255 0 0
0.637979 0.003405 0.224554 255 0 0
0.638978 0.001014 0.225598 0 0 0
0.640090 -0.000169 0.226156 0 0 0
0.641397 -0.001370 0.226953 0 0 0
0.642697 -0.002564 0.227726 0 0 0
0.643846 -0.003973 0.228174 0 0 0
0.645164 -0.005377 0.228604 0 0 0
0.646470 -0.005630 0.228901 0 0 0
0.647620 -0.008179 0.229794 0 0 0
0.648867 -0.008552 0.229965 0 0 0
0.650156 -0.009963 0.230357 0 0 0
0.651479 -0.011314 0.230896 0 0 0
0.652830 -0.011772 0.231116 0 0 0
0.654155 -0.013053 0.231673 0 0 0
0.655309 -0.014453 0.232253 0 0 0
0.656545 -0.015807 0.232653 0 0 0
0.657984 -0.016179 0.232907 0 0 0
0.659267 -0.017543 0.233450 0 0 0
0.660522 -0.018898 0.233969 0 0 0
0.661857 -0.019382 0.234057 0 0 0
0.663262 -0.020849 0.234515 0 0 0
0.664507 -0.021400 0.234568 0 0 0
0.665892 -0.022765 0.235024 0 0 0
0.667307 -0.023399 0.235019 0 0 0
0.668908 -0.023963 0.234963 0 0 0
0.670448 -0.024596 0.234881 0 0 0
0.671715 -0.025217 0.234758 0 0 0
0.674140 -0.025372 0.234032 0 0 0
0.675216 -0.025771 0.233941 0 0 0
0.677663 -0.025767 0.233398 0 0 0
0.678743 -0.026318 0.233130 0 0 0
0.680915 -0.026461 0.232351 0 0 0
0.683073 -0.026593 0.231582 0 0 0
0.684386 -0.027136 0.231475 255 0 0
0.685909 -0.027888 0.231366 255 0 0
0.687463 -0.028556 0.231279 255 0 0
0.689007 -0.029203 0.231197 0 0 0
0.690578 -0.029868 0.231113 0 0 0
0.691883 -0.030390 0.231022 0 0 0
0.693985 -0.030530 0.230286 0 0 0
0.629666 0.009154 0.220361 0 0 0
0.630860 0.007966 0.220939 0 0 0
0.632145 0.006655 0.221558 0 0 0
0.633426 0.005431 0.222177 255 0 0
0.634660 0.004012 0.222779 255 0 0
0.635890 0.002704 0.223377 255 0 0
0.637122 0.001378 0.223991 0 0 0
0.638447 0.000170 0.224774 0 0 0
0.639605 -0.000903 0.225381 0 0 0
0.640531 -0.003388 0.226389 0 0 0
0.641748 -0.004474 0.227119 0 0 0
0.643068 -0.005898 0.227562 0 0 0
0.644324 -0.006209 0.227827 0 0 0
0.645578 -0.008643 0.228786 0 0 0
0.646857 -0.008899 0.229091 0 0 0
0.648318 -0.010293 0.229475 0 0 0
0.649633 -0.010828 0.229657 0 0 0
0.650976 -0.012102 0.230226 0 0 0
0.652091 -0.013508 0.230665 0 0 0
0.653294 -0.014850 0.231264 0 0 0
0.654557 -0.016204 0.231688 0 0 0
0.655861 -0.016430 0.232019 0 0 0
0.657039 -0.018857 0.233067 0 0 0
0.658247 -0.019226 0.233133 0 0 0
0.659524 -0.020586 0.233655 0 0 0
0.660765 -0.021960 0.234166 0 0 0
0.662224 -0.022496 0.234192 0 0 0
0.663680 -0.023040 0.234214 0 0 0
0.665069 -0.024414 0.234664 0 0 0
0.666427 -0.025049 0.234643 0 0 0
0.667972 -0.025709 0.234562 0 0 0
0.669534 -0.026361 0.234478 0 0 0
0.670831 -0.026872 0.234391 0 0 0
0.673228 -0.026993 0.233674 0 0 0
0.674522 -0.027529 0.233570 0 0 0
0.676075 -0.028304 0.233455 0 0 0
0.677335 -0.028937 0.233337 0 0 0
0.679525 -0.028962 0.232596 0 0 0
0.681676 -0.029088 0.231832 0 0 0
0.682985 -0.029621 0.231737 0 0 0
0.684553 -0.030277 0.231652 0 0 0
0.686094 -0.030922 0.231570 0 0 0
0.687635 -0.031567 0.231488 0 0 0
0.689176 -0.032212 0.231407 0 0 0
0.690745 -0.032869 0.231322 0 0 0
0.692048 -0.033410 0.231227 0 0 0
0.694142 -0.033568 0.230490 255 0 0
0.627466 0.008767 0.219283 0 0 0
0.628450 0.006607 0.220585 0 0 0
0.629771 0.005397 0.221096 0 0 0
0.631032 0.005010 0.221147 0 0 0
0.632399 0.002676 0.222361 255 0 0
0.633642 0.002295 0.222408 255 0 0
0.635039 0.000885 0.222958 255 0 0
0.636266 -0.000434 0.223558 255 0 0
0.637430 -0.001521 0.224142 0 0 0
0.638558 -0.003947 0.225281 0 0 0
0.639789 -0.004062 0.225593 0 0 0
0.641056 -0.006482 0.226551 0 0 0
0.642312 -0.006795 0.226816 0 0 0
0.643627 -0.008239 0.227249 0 0 0
0.644850 -0.009511 0.227860 0 0 0
0.646068 -0.010788 0.228469 0 0 0
0.647324 -0.012228 0.228876 0 0 0
0.648641 -0.012737 0.229057 0 0 0
0.650007 -0.014042 0.229630 0 0 0
0.651198 -0.015311 0.230241 0 0 0
0.652570 -0.016584 0.230816 0 0 0
0.653794 -0.016920 0.231002 0 0 0
0.654821 -0.019387 0.232131 0 0 0
0.655870 -0.020423 0.232683 0 0 0
0.657167 -0.021786 0.233237 0 0 0
0.658529 -0.022265 0.233342 0 0 0
0.659946 -0.023639 0.233810 0 0 0
0.661134 -0.024252 0.233846 0 0 0
0.662542 -0.025636 0.234302 0 0 0
0.663981 -0.026164 0.234322 0 0 0
0.665568 -0.026701 0.234272 0 0 0
0.667111 -0.027336 0.234193 0 0 0
0.668641 -0.027976 0.234112 0 0 0
0.670163 -0.028645 0.234023 0 0 0
0.671608 -0.029466 0.233899 0 0 0
0.673158 -0.030146 0.233807 0 0 0
0.674440 -0.030676 0.233716 0 0 0
0.676934 -0.030719 0.233002 0 0 0
0.677894 -0.031291 0.232869 0 0 0
0.680336 -0.031453 0.232126 0 0 0
0.681631 -0.031984 0.232034 0 0 0
0.683195 -0.032638 0.231949 0 0 0
0.684731 -0.033281 0.231868 0 0 0
0.686267 -0.033924 0.231787 0 0 0
0.687803 -0.034567 0.231705 0 0 0
0.689371 -0.035222 0.231620 0 0 0
0.690654 -0.035734 0.231531 0 0 0
0.692860 -0.035883 0.230750 255 0 0
0.694698 -0.035909 0.230019 255 0 0
0.624998 0.007601 0.218913 0 0 0
0.626159 0.005458 0.220166 0 0 0
0.627418 0.005089 0.220214 0 0 0
0.628845 0.003769 0.220770 255 0 0
0.630084 0.002359 0.221374 255 0 0
0.631314 0.001054 0.221972 255 0 0
0.632663 -0.000354 0.222507 255 0 0
0.634053 -0.000835 0.222595 255 0 0
0.635348 -0.002011 0.223118 0 0 0
0.636557 -0.004350 0.224410 0 0 0
0.637722 -0.004539 0.224575 0 0 0
0.638899 -0.007071 0.225465 0 0 0
0.640212 -0.007319 0.225772 0 0 0
0.641533 -0.008726 0.226205 0 0 0
0.642842 -0.010119 0.226626 0 0 0
0.644121 -0.010377 0.226933 0 0 0
0.645363 -0.012813 0.227888 0 0 0
0.646612 -0.013116 0.228167 0 0 0
0.647914 -0.014503 0.228605 0 0 0
0.649115 -0.015808 0.229215 0 0 0
0.650304 -0.017090 0.229833 0 0 0
0.651457 -0.018374 0.230433 0 0 0
0.652623 -0.019747 0.231049 0 0 0
0.653844 -0.020921 0.231692 0 0 0
0.655062 -0.022092 0.232335 0 0 0
0.656179 -0.023463 0.232929 0 0 0
0.657465 -0.024716 0.233469 0 0 0
0.658929 -0.025285 0.233492 0 0 0
0.660331 -0.025900 0.233497 0 0 0
0.661724 -0.027300 0.233949 0 0 0
0.662904 -0.027915 0.233988 0 0 0
0.664289 -0.029302 0.234439 0 0 0
0.665696 -0.029947 0.234415 0 0 0
0.667229 -0.030732 0.234150 0 0 0
0.668478 -0.031270 0.234028 0 0 0
0.670926 -0.031244 0.233532 0 0 0
0.672225 -0.031725 0.233454 0 0 0
0.673844 -0.032301 0.233385 0 0 0
0.675092 -0.032914 0.233273 0 0 0
0.677504 -0.033064 0.232535 0 0 0
0.678741 -0.033672 0.232424 0 0 0
0.680315 -0.034340 0.232334 0 0 0
0.681844 -0.034981 0.232252 0 0 0
0.683376 -0.035622 0.232171 0 0 0
0.684907 -0.036264 0.232090 0 0 0
0.686439 -0.036908 0.232009 0 0 0
0.687963 -0.037556 0.231929 0 0 0
0.689543 -0.038243 0.231838 0 0 0
0.690689 -0.038853 0.231738 0 0 0
0.693411 -0.038273 0.230280 0 0 0
0.621214 0.007657 0.217912 0 0 0
0.622447 0.005613 0.219192 0 0 0
0.623645 0.005163 0.219221 0 0 0
0.625089 0.003825 0.219780 255 0 0
0.626286 0.002414 0.220355 0 0 0
0.627541 0.001105 0.220966 0 0 0
0.628967 -0.000201 0.221542 0 0 0
0.630347 -0.000665 0.221626 255 0 0
0.631743 -0.001967 0.222186 255 0 0
0.632896 -0.003468 0.222757 255 0 0
0.634137 -0.004767 0.223372 255 0 0
0.635393 -0.005962 0.223995 255 0 0
0.636772 -0.007347 0.224567 255 0 0
0.638201 -0.007719 0.224802 0 0 0
0.639449 -0.009191 0.225191 0 0 0
0.640839 -0.010498 0.225747 0 0 0
0.642076 -0.010842 0.225924 0 0 0
0.643216 -0.013357 0.226822 0 0 0
0.644578 -0.013545 0.227169 0 0 0
0.645895 -0.014896 0.227614 0 0 0
0.647060 -0.016293 0.228204 0 0 0
0.648224 -0.017578 0.228806 0 0 0
0.649407 -0.018866 0.229425 0 0 0
0.650594 -0.020136 0.230047 0 0 0
0.651784 -0.021424 0.230676 0 0 0
0.652867 -0.022445 0.231254 0 0 0
0.653996 -0.024783 0.232557 0 0 0
0.655026 -0.025020 0.232589 0 0 0
0.656170 -0.027460 0.233603 0 0 0
0.657465 -0.027866 0.233722 0 0 0
0.659066 -0.028476 0.233675 0 0 0
0.660707 -0.028954 0.233640 0 0 0
0.662103 -0.029554 0.233645 0 0 0
0.663502 -0.030936 0.234092 0 0 0
0.664622 -0.031428 0.234067 0 0 0
0.667073 -0.031417 0.233573 0 0 0
0.668324 -0.031955 0.233450 0 0 0
0.669859 -0.032744 0.233184 0 0 0
0.671237 -0.033397 0.233148 0 0 0
0.672632 -0.034759 0.233600 0 0 0
0.673739 -0.035262 0.233577 0 0 0
0.676144 -0.035527 0.232825 255 0 0
0.677267 -0.036054 0.232802 255 0 0
0.678694 -0.037304 0.233278 255 0 0
0.680058 -0.037949 0.233268 255 0 0
0.681596 -0.038598 0.233191 255 0 0
0.683149 -0.039247 0.233107 255 0 0
0.684421 -0.039770 0.233016 255 0 0
0.686853 -0.040028 0.232246 0 0 0
0.687871 -0.040421 0.232150 0 0 0
0.690143 -0.040447 0.231398 0 0 0
0.692011 -0.040602 0.230604 0 0 0
0.693991 -0.040659 0.229798 0 0 0
0.695854 -0.040696 0.229051 0 0 0
0.620414 0.005942 0.217512 0 0 0
0.621473 0.003907 0.218837 0 0 0
0.622789 0.002676 0.219362 0 0 0
0.624136 0.002124 0.219428 0 0 0
0.625569 0.000813 0.220006 0 0 0
0.626826 -0.000491 0.220621 255 0 0
0.628056 -0.001801 0.221222 255 0 0
0.629260 -0.003201 0.221816 0 0 0
0.630678 -0.004518 0.222384 255 0 0
0.631984 -0.005053 0.222443 255 0 0
0.633339 -0.006462 0.222994 0 0 0
0.634541 -0.007768 0.223592 0 0 0
0.635744 -0.009060 0.224192 255 0 0
0.637095 -0.010437 0.224747 255 0 0
0.638456 -0.010909 0.224838 0 0 0
0.639780 -0.012319 0.225366 0 0 0
0.641032 -0.013766 0.225759 0 0 0
0.642398 -0.013942 0.226115 0 0 0
0.643444 -0.016402 0.227235 0 0 0
0.644597 -0.017641 0.227591 0 0 0
0.645973 -0.018086 0.227820 0 0 0
0.647328 -0.019361 0.228401 0 0 0
0.648566 -0.020522 0.229046 0 0 0
0.649742 -0.021913 0.229672 0 0 0
0.650801 -0.022930 0.230234 0 0 0
0.651760 -0.025310 0.231632 0 0 0
0.652805 -0.026315 0.232189 0 0 0
0.654126 -0.027676 0.232770 0 0 0
0.655545 -0.028032 0.233035 0 0 0
0.656854 -0.029474 0.233337 0 0 0
0.658051 -0.030142 0.233360 0 0 0
0.659351 -0.031626 0.233658 0 0 0
0.660789 -0.032140 0.233795 0 0 0
0.662409 -0.032700 0.233761 0 0 0
0.663906 -0.033317 0.233686 0 0 0
0.665383 -0.034050 0.233583 0 0 0
0.666907 -0.034718 0.233495 0 0 0
0.668440 -0.035365 0.233418 255 0 0
0.669801 -0.035987 0.233410 0 0 0
0.671190 -0.037227 0.233876 255 0 0
0.672572 -0.037836 0.233884 255 0 0
0.674155 -0.038395 0.233831 255 0 0
0.675687 -0.039026 0.233752 255 0 0
0.677210 -0.039655 0.233671 255 0 0
0.678729 -0.040287 0.233590 255 0 0
0.680249 -0.040923 0.233510 255 0 0
0.681797 -0.041571 0.233426 255 0 0
0.683063 -0.042093 0.233334 0 0 0
0.685484 -0.042374 0.232562 0 0 0
0.686456 -0.042865 0.232445 0 0 0
0.688702 -0.042904 0.231687 0 0 0
0.690644 -0.042941 0.230903 0 0 0
0.692606 -0.042976 0.230112 0 0 0
0.694457 -0.042993 0.229370 0 0 0
0.618110 0.004506 0.216930 0 0 0
0.619279 0.004313 0.217084 0 0 0
0.620525 0.002175 0.218377 0 0 0
0.621634 -0.000092 0.219478 0 0 0
0.622797 -0.000526 0.219617 0 0 0
0.624297 -0.001753 0.220224 255 0 0
0.625530 -0.003155 0.220835 255 0 0
0.626802 -0.004350 0.221462 255 0 0
0.628027 -0.005753 0.222073 0 0 0
0.629392 -0.007044 0.222628 0 0 0
0.630878 -0.007600 0.222638 0 0 0
0.632368 -0.008160 0.222648 0 0 0
0.633749 -0.009450 0.223221 255 0 0
0.634973 -0.010739 0.223838 255 0 0
0.636121 -0.012127 0.224418 0 0 0
0.637425 -0.013538 0.224944 0 0 0
0.638939 -0.014069 0.224978 255 0 0
0.640332 -0.014399 0.225116 0 0 0
0.641384 -0.016853 0.226235 0 0 0
0.642674 -0.017881 0.226786 0 0 0
0.644044 -0.018326 0.227014 0 0 0
0.645288 -0.019829 0.227409 0 0 0
0.646370 -0.020883 0.227966 0 0 0
0.647408 -0.023315 0.229092 0 0 0
0.648531 -0.023465 0.229276 0 0 0
0.649697 -0.025794 0.230613 0 0 0
0.650781 -0.026799 0.231197 0 0 0
0.651954 -0.028085 0.231829 0 0 0
0.653081 -0.029344 0.232431 0 0 0
0.654349 -0.030709 0.232970 0 0 0
0.655776 -0.031261 0.232989 0 0 0
0.657353 -0.031877 0.232945 0 0 0
0.658796 -0.032402 0.233074 0 0 0
0.660009 -0.033882 0.233232 0 0 0
0.661442 -0.034411 0.233358 0 0 0
0.663014 -0.035048 0.233303 0 0 0
0.664528 -0.035645 0.233233 0 0 0
0.666101 -0.036189 0.233174 0 0 0
0.667641 -0.036825 0.233100 0 0 0
0.669034 -0.037465 0.233100 0 0 0
0.670376 -0.038813 0.233553 0 0 0
0.671612 -0.039352 0.233622 0 0 0
0.672985 -0.040703 0.234083 0 0 0
0.674342 -0.041340 0.234074 255 0 0
0.675870 -0.041984 0.233997 255 0 0
0.677385 -0.042618 0.233917 0 0 0
0.678899 -0.043252 0.233837 0 0 0
0.680446 -0.043898 0.233753 0 0 0
0.681699 -0.044396 0.233663 0 0 0
0.683859 -0.044520 0.232892 0 0 0
0.686097 -0.044581 0.232132 0 0 0
0.687065 -0.045078 0.232013 0 0 0
0.689272 -0.045258 0.231223 0 0 0
0.691197 -0.045277 0.230447 0 0 0
0.693438 -0.045455 0.229657 0 0 0
0.694341 -0.045841 0.229588 0 0 0
0.614783 0.006140 0.214728 0 0 0
0.616009 0.004034 0.215895 0 0 0
0.617266 0.003904 0.216196 0 0 0
0.618368 0.001386 0.217159 0 0 0
0.619664 0.000379 0.217943 0 0 0
0.621033 -0.000838 0.218748 0 0 0
0.622141 -0.001998 0.219182 255 0 0
0.623291 -0.004476 0.220299 255 0 0
0.624461 -0.004654 0.220467 0 0 0
0.625770 -0.007075 0.221541 0 0 0
0.627073 -0.007342 0.221748 0 0 0
0.628455 -0.008742 0.222305 0 0 0
0.629778 -0.010145 0.222837 0 0 0
0.631072 -0.010674 0.222900 255 0 0
0.632475 -0.011974 0.223470 255 0 0
0.633873 -0.013269 0.224038 0 0 0
0.635162 -0.013800 0.224101 0 0 0
0.636692 -0.015103 0.224608 255 0 0
0.637894 -0.015715 0.224636 255 0 0
0.639209 -0.017240 0.225177 0 0 0
0.640431 -0.018410 0.225803 0 0 0
0.641595 -0.019698 0.226404 0 0 0
0.642943 -0.021055 0.226961 0 0 0
0.644144 -0.021403 0.227026 0 0 0
0.645482 -0.023695 0.228278 0 0 0
0.646603 -0.023844 0.228460 0 0 0
0.647637 -0.026277 0.229595 0 0 0
0.648722 -0.027286 0.230181 0 0 0
0.649897 -0.028570 0.230814 0 0 0
0.651058 -0.029831 0.231441 0 0 0
0.652224 -0.031120 0.232057 255 0 0
0.653418 -0.032472 0.232459 255 0 0
0.654838 -0.032983 0.232590 255 0 0
0.656406 -0.033623 0.232535 0 0 0
0.657961 -0.034233 0.232487 0 0 0
0.659443 -0.034671 0.232645 0 0 0
0.660728 -0.036130 0.232942 0 0 0
0.662095 -0.036792 0.232920 0 0 0
0.663452 -0.037426 0.232909 0 0 0
0.664794 -0.038759 0.233362 0 0 0
0.666232 -0.039297 0.233385 0 0 0
0.667799 -0.039932 0.233316 0 0 0
0.669197 -0.040490 0.233326 0 0 0
0.670407 -0.041804 0.233863 0 0 0
0.671655 -0.043033 0.234409 0 0 0
0.673009 -0.043668 0.234407 0 0 0
0.674534 -0.044310 0.234331 0 0 0
0.676043 -0.044942 0.234251 0 0 0
0.677553 -0.045575 0.234171 0 0 0
0.679063 -0.046207 0.234091 0 0 0
0.680602 -0.046852 0.234007 0 0 0
0.681855 -0.047375 0.233914 0 0 0
0.684021 -0.047540 0.233131 0 0 0
0.685954 -0.047566 0.232343 0 0 0
0.687876 -0.047578 0.231562 0 0 0
0.690079 -0.047731 0.230777 0 0 0
0.691087 -0.048143 0.230678 0 0 0
0.693581 -0.048437 0.229897 0 0 0
0.694473 -0.048814 0.229830 0 0 0
0.612933 0.006275 0.212978 0 0 0
0.614107 0.004349 0.214378 0 0 0
0.615259 0.003338 0.215073 0 0 0
0.616454 0.000913 0.216090 0 0 0
0.617673 0.000779 0.216392 0 0 0
0.618843 -0.001653 0.217396 255 0 0
0.619987 -0.002629 0.218093 255 0 0
0.621226 -0.004955 0.219284 255 0 0
0.622452 -0.005068 0.219592 0 0 0
0.623706 -0.007561 0.220527 0 0 0
0.624952 -0.007660 0.220843 0 0 0
0.626255 -0.010069 0.221923 0 0 0
0.627471 -0.010424 0.221980 0 0 0
0.628880 -0.011710 0.222545 255 0 0
0.630060 -0.013101 0.223145 0 0 0
0.631277 -0.014387 0.223765 0 0 0
0.632614 -0.015785 0.224316 0 0 0
0.633865 -0.016309 0.224367 255 0 0
0.635364 -0.017701 0.224860 0 0 0
0.636804 -0.018246 0.224858 0 0 0
0.638287 -0.018793 0.224876 0 0 0
0.639635 -0.020068 0.225449 0 0 0
0.640830 -0.021342 0.226071 0 0 0
0.641946 -0.022721 0.226657 0 0 0
0.643086 -0.024101 0.227261 0 0 0
0.644286 -0.025272 0.227892 0 0 0
0.645442 -0.026647 0.228515 0 0 0
0.646674 -0.027788 0.229170 0 0 0
0.647841 -0.029056 0.229798 255 0 0
0.649007 -0.030317 0.230428 255 0 0
0.650165 -0.031571 0.231053 255 0 0
0.651495 -0.032842 0.231632 0 0 0
0.652778 -0.033327 0.231833 0 0 0
0.654109 -0.034706 0.232161 0 0 0
0.655509 -0.035362 0.232153 0 0 0
0.656857 -0.035997 0.232140 0 0 0
0.658225 -0.037332 0.232600 0 0 0
0.659715 -0.037783 0.232641 0 0 0
0.661258 -0.038386 0.232579 0 0 0
0.662652 -0.039015 0.232584 0 0 0
0.663901 -0.040267 0.233121 0 0 0
0.665100 -0.041616 0.233648 0 0 0
0.666462 -0.042262 0.233647 0 0 0
0.667830 -0.042907 0.233648 0 0 0
0.669085 -0.044134 0.234199 0 0 0
0.670333 -0.045355 0.234748 0 0 0
0.671681 -0.045988 0.234747 0 0 0
0.673201 -0.046628 0.234671 0 0 0
0.674706 -0.047259 0.234591 0 0 0
0.676211 -0.047890 0.234511 0 0 0
0.677716 -0.048520 0.234432 0 0 0
0.679250 -0.049162 0.234348 0 0 0
0.680503 -0.049675 0.234254 0 0 0
0.682658 -0.049813 0.233476 0 0 0
0.684570 -0.049821 0.232694 0 0 0
0.686501 -0.049849 0.231904 0 0 0
0.688712 -0.050029 0.231111 255 0 0
0.689697 -0.050420 0.231017 255 0 0
0.692180 -0.050702 0.230233 255 0 0
0.693178 -0.051089 0.230137 255 0 0
0.695287 -0.051252 0.229393 255 0 0
0.610857 0.005601 0.211781 0 0 0
0.612045 0.004704 0.212512 0 0 0
0.613266 0.002538 0.213940 0 0 0
0.614418 0.001304 0.214517 0 0 0
0.615708 0.000209 0.215275 0 0 0
0.616885 -0.002203 0.216287 0 0 0
0.618089 -0.002336 0.216582 255 0 0
0.619338 -0.004664 0.217781 255 0 0
0.620474 -0.005624 0.218480 0 0 0
0.621647 -0.008034 0.219504 0 0 0
0.622846 -0.008157 0.219801 0 0 0
0.624007 -0.010580 0.220965 0 0 0
0.625148 -0.011642 0.221544 0 0 0
0.626337 -0.013066 0.222151 0 0 0
0.627613 -0.014235 0.222802 0 0 0
0.628821 -0.015618 0.223423 0 0 0
0.630191 -0.016898 0.223985 255 0 0
0.631506 -0.017341 0.224065 255 0 0
0.632982 -0.018863 0.224542 0 0 0
0.634213 -0.019374 0.224588 0 0 0
0.635687 -0.020758 0.225077 0 0 0
0.636960 -0.021290 0.225145 0 0 0
0.638284 -0.022683 0.225693 0 0 0
0.639621 -0.023931 0.226251 0 0 0
0.640975 -0.024387 0.226358 0 0 0
0.642286 -0.025745 0.226918 0 0 0
0.643491 -0.026900 0.227550 0 0 0
0.644699 -0.028160 0.228198 0 0 0
0.645818 -0.029534 0.228804 0 0 0
0.646955 -0.030799 0.229415 0 0 0
0.648113 -0.032068 0.230043 0 0 0
0.649271 -0.033315 0.230670 0 0 0
0.650569 -0.034594 0.231225 0 0 0
0.651794 -0.035196 0.231301 0 0 0
0.653222 -0.036472 0.231774 0 0 0
0.654599 -0.037058 0.231785 0 0 0
0.656051 -0.037609 0.231814 0 0 0
0.657317 -0.038852 0.232354 0 0 0
0.658556 -0.040216 0.232891 0 0 0
0.659726 -0.040845 0.232950 0 0 0
0.661124 -0.042200 0.233429 0 0 0
0.662360 -0.042728 0.233504 0 0 0
0.663796 -0.043951 0.233992 0 0 0
0.665155 -0.044587 0.233989 0 0 0
0.666517 -0.045229 0.233991 0 0 0
0.667764 -0.046457 0.234542 0 0 0
0.668960 -0.047813 0.235069 0 0 0
0.670289 -0.048450 0.235060 0 0 0
0.671806 -0.049091 0.234984 0 0 0
0.673296 -0.049678 0.234914 0 0 0
0.674860 -0.050206 0.234857 0 0 0
0.676370 -0.050826 0.234779 0 0 0
0.677912 -0.051494 0.234690 0 0 0
0.679097 -0.052099 0.234578 0 0 0
0.681282 -0.052092 0.233833 0 0 0
0.683473 -0.052258 0.233044 0 0 0
0.684459 -0.052668 0.232943 0 0 0
0.686641 -0.052827 0.232161 255 0 0
0.688826 -0.052975 0.231374 255 0 0
0.690086 -0.053496 0.231285 255 0 0
0.691373 -0.054030 0.231189 255 0 0
0.693567 -0.054198 0.230397 255 0 0
0.695393 -0.054219 0.229655 255 0 0
0.609067 0.005825 0.210209 0 0 0
0.610295 0.005013 0.210961 0 0 0
0.611289 0.002761 0.212127 0 0 0
0.612430 0.000731 0.213513 0 0 0
0.613586 -0.000484 0.214088 0 0 0
0.614866 -0.001822 0.214723 0 0 0
0.616138 -0.002901 0.215478 255 0 0
0.617134 -0.005353 0.216515 0 0 0
0.618335 -0.006453 0.217136 0 0 0
0.619597 -0.007782 0.217771 0 0 0
0.620833 -0.008835 0.218528 0 0 0
0.621888 -0.011175 0.219763 0 0 0
0.623035 -0.012263 0.220354 0 0 0
0.624281 -0.013544 0.220997 0 0 0
0.625513 -0.014488 0.221762 0 0 0
0.626602 -0.016963 0.222907 0 0 0
0.627820 -0.017286 0.223090 0 0 0
0.629199 -0.018579 0.223659 255 0 0
0.630524 -0.019940 0.224211 0 0 0
0.632033 -0.020399 0.224247 0 0 0
0.633445 -0.021009 0.224249 0 0 0
0.634730 -0.022412 0.224775 0 0 0
0.636023 -0.023776 0.225313 0 0 0
0.637373 -0.024223 0.225417 0 0 0
0.638655 -0.025596 0.225955 255 0 0
0.639960 -0.026957 0.226491 255 0 0
0.641146 -0.027295 0.226558 255 0 0
0.642246 -0.029631 0.227860 0 0 0
0.643460 -0.030760 0.228371 0 0 0
0.644761 -0.031294 0.228472 0 0 0
0.646064 -0.032553 0.229035 0 0 0
0.647281 -0.033687 0.229690 0 0 0
0.648417 -0.035051 0.230315 0 0 0
0.649675 -0.036289 0.230857 0 0 0
0.650957 -0.036811 0.230954 0 0 0
0.652373 -0.038216 0.231421 0 0 0
0.653526 -0.038813 0.231469 0 0 0
0.654760 -0.040185 0.231999 0 0 0
0.655884 -0.041434 0.232621 0 0 0
0.657168 -0.042679 0.233184 0 0 0
0.658554 -0.043274 0.233204 0 0 0
0.660017 -0.043727 0.233240 0 0 0
0.661186 -0.045155 0.233763 0 0 0
0.662411 -0.046407 0.234294 0 0 0
0.663779 -0.047015 0.234313 0 0 0
0.665191 -0.047557 0.234334 0 0 0
0.666551 -0.048845 0.234802 0 0 0
0.668001 -0.049284 0.234833 0 0 0
0.669516 -0.049870 0.234770 0 0 0
0.671029 -0.050509 0.234694 0 0 0
0.672355 -0.051149 0.234682 0 0 0
0.673626 -0.052628 0.235109 0 0 0
0.674980 -0.053274 0.235093 0 0 0
0.676221 -0.053783 0.235011 0 0 0
0.678720 -0.053767 0.234300 0 0 0
0.679924 -0.054382 0.234187 0 0 0
0.681201 -0.054940 0.234085 0 0 0
0.683360 -0.055097 0.233300 0 0 0
0.685532 -0.055229 0.232522 0 0 0
0.686509 -0.055628 0.232423 0 0 0
0.688987 -0.055916 0.231637 0 0 0
0.689956 -0.056293 0.231542 0 0 0
0.692156 -0.056452 0.230757 0 0 0
0.694374 -0.056620 0.229972 0 0 0
0.695242 -0.056982 0.229903 0 0 0
0.607069 0.006053 0.208380 0 0 0
0.608175 0.004248 0.209741 0 0 0
0.609261 0.002074 0.211103 0 0 0
0.610344 0.001054 0.211652 0 0 0
0.611510 -0.001178 0.212919 0 0 0
0.612765 -0.002279 0.213666 0 0 0
0.614033 -0.003604 0.214298 0 0 0
0.615289 -0.004918 0.214927 0 0 0
0.616641 -0.006092 0.215735 0 0 0
0.617887 -0.007377 0.216355 0 0 0
0.619157 -0.008684 0.216990 0 0 0
0.620275 -0.009878 0.217546 0 0 0
0.621392 -0.012094 0.218832 0 0 0
0.622603 -0.013171 0.219590 0 0 0
0.623712 -0.014351 0.220166 0 0 0
0.624598 -0.017459 0.221919 0 0 0
0.625820 -0.017670 0.222217 255 0 0
0.627143 -0.019033 0.222662 255 0 0
0.628418 -0.020231 0.223309 0 0 0
0.629581 -0.021601 0.223912 0 0 0
0.630867 -0.023016 0.224441 0 0 0
0.632266 -0.023621 0.224442 0 0 0
0.633776 -0.024082 0.224481 0 0 0
0.635056 -0.025441 0.225016 255 0 0
0.636344 -0.026801 0.225555 255 0 0
0.637687 -0.027253 0.225661 255 0 0
0.638967 -0.028615 0.226204 255 0 0
0.640098 -0.029982 0.226810 255 0 0
0.641332 -0.031119 0.227466 0 0 0
0.642648 -0.032411 0.228024 0 0 0
0.643884 -0.033021 0.228104 0 0 0
0.645109 -0.034039 0.228624 0 0 0
0.646097 -0.036459 0.229759 0 0 0
0.647356 -0.036697 0.229998 0 0 0
0.648647 -0.038042 0.230559 0 0 0
0.649869 -0.039358 0.231087 0 0 0
0.651360 -0.039820 0.231135 0 0 0
0.652751 -0.040415 0.231154 0 0 0
0.653992 -0.041775 0.231701 0 0 0
0.655146 -0.042894 0.232331 0 0 0
0.656391 -0.044232 0.232883 0 0 0
0.657585 -0.044756 0.232954 0 0 0
0.658953 -0.046261 0.233409 0 0 0
0.660197 -0.046773 0.233498 0 0 0
0.661575 -0.047972 0.233979 0 0 0
0.662822 -0.048486 0.234071 0 0 0
0.664162 -0.049933 0.234530 0 0 0
0.665423 -0.050383 0.234622 0 0 0
0.666736 -0.051817 0.235071 0 0 0
0.668057 -0.052453 0.235059 0 0 0
0.669546 -0.053056 0.234992 0 0 0
0.671117 -0.053572 0.234937 0 0 0
0.672688 -0.054087 0.234882 0 0 0
0.674172 -0.054670 0.234813 0 0 0
0.675646 -0.055303 0.234731 0 0 0
0.677080 -0.056044 0.234627 0 0 0
0.678615 -0.056710 0.234538 0 0 0
0.679846 -0.057216 0.234444 0 0 0
0.681988 -0.057358 0.233666 0 0 0
0.684166 -0.057511 0.232880 0 0 0
0.685140 -0.057905 0.232779 0 0 0
0.687605 -0.058215 0.231990 0 0 0
0.688525 -0.058697 0.231875 0 0 0
0.690767 -0.058734 0.231112 0 0 0
0.692977 -0.058902 0.230326 0 0 0
0.693859 -0.059278 0.230252 0 0 0
0.605025 0.005395 0.207223 255 0 0
0.606196 0.004483 0.207919 255 0 0
0.607326 0.002411 0.209310 0 0 0
0.608381 0.000280 0.210529 0 0 0
0.609635 -0.000848 0.211280 0 0 0
0.610883 -0.001977 0.212033 0 0 0
0.611947 -0.004295 0.213113 0 0 0
0.613200 -0.005386 0.213877 0 0 0
0.614472 -0.006722 0.214504 0 0 0
0.615653 -0.008110 0.214970 0 0 0
0.617011 -0.009290 0.215773 0 0 0
0.618252 -0.010590 0.216403 0 0 0
0.619499 -0.011896 0.217041 0 0 0
0.620746 -0.012882 0.217819 0 0 0
0.621815 -0.015212 0.219072 0 0 0
0.622810 -0.016141 0.219595 0 0 0
0.624029 -0.018258 0.221222 255 0 0
0.625055 -0.019536 0.221631 255 0 0
0.626173 -0.020716 0.222203 255 0 0
0.627336 -0.023056 0.223361 0 0 0
0.628516 -0.023373 0.223560 0 0 0
0.630079 -0.024641 0.224095 0 0 0
0.631325 -0.025144 0.224158 0 0 0
0.632790 -0.026650 0.224639 0 0 0
0.634090 -0.027094 0.224725 255 0 0
0.635380 -0.028458 0.225265 255 0 0
0.636661 -0.029814 0.225805 255 0 0
0.638001 -0.030260 0.225915 255 0 0
0.639310 -0.031605 0.226480 255 0 0
0.640449 -0.032869 0.227086 0 0 0
0.641786 -0.034127 0.227651 0 0 0
0.642905 -0.034514 0.227710 0 0 0
0.644233 -0.036830 0.228969 0 0 0
0.645320 -0.036958 0.229159 0 0 0
0.646372 -0.039429 0.230027 0 0 0
0.647621 -0.039668 0.230266 0 0 0
0.648919 -0.041035 0.230821 0 0 0
0.650032 -0.042487 0.231171 0 0 0
0.651479 -0.042975 0.231337 0 0 0
0.652841 -0.043301 0.231369 0 0 0
0.653959 -0.045702 0.232421 0 0 0
0.655075 -0.046014 0.232608 0 0 0
0.656496 -0.047295 0.233110 0 0 0
0.657991 -0.047737 0.233163 0 0 0
0.659366 -0.048335 0.233186 0 0 0
0.660590 -0.049582 0.233722 0 0 0
0.661759 -0.051009 0.234250 0 0 0
0.663017 -0.051457 0.234346 0 0 0
0.664338 -0.052896 0.234798 0 0 0
0.665716 -0.053426 0.234808 0 0 0
0.667220 -0.053990 0.234755 0 0 0
0.668603 -0.054524 0.234766 0 0 0
0.669885 -0.055941 0.235207 0 0 0
0.671252 -0.056484 0.235218 0 0 0
0.672769 -0.057109 0.235145 0 0 0
0.674256 -0.057731 0.235067 0 0 0
0.675745 -0.058354 0.234988 0 0 0
0.677264 -0.058989 0.234905 0 0 0
0.678491 -0.059494 0.234811 0 0 0
0.680628 -0.059636 0.234032 0 0 0
0.682807 -0.059789 0.233245 0 0 0
0.683763 -0.060156 0.233147 0 0 0
0.685963 -0.060325 0.232353 0 0 0
0.688191 -0.060373 0.231591 0 0 0
0.689106 -0.060854 0.231475 0 0 0
0.691588 -0.061204 0.230675 0 0 0
0.692509 -0.061687 0.230558 0 0 0
0.694659 -0.061740 0.229831 0 0 0
0.602613 0.009067 0.202802 0 0 0
0.603562 0.006929 0.203935 0 0 0
0.604466 0.004515 0.206242 0 0 0
0.605424 0.002453 0.207390 0 0 0
0.606537 0.000394 0.208774 0 0 0
0.607754 -0.000520 0.209631 0 0 0
0.608834 -0.002841 0.210734 0 0 0
0.610083 -0.003971 0.211491 0 0 0
0.611368 -0.004983 0.212283 0 0 0
0.612462 -0.007321 0.213502 0 0 0
0.613718 -0.008596 0.213909 0 0 0
0.615013 -0.008857 0.214214 0 0 0
0.616257 -0.011186 0.215412 0 0 0
0.617411 -0.012369 0.215998 0 0 0
0.618554 -0.013547 0.216582 0 0 0
0.619607 -0.015881 0.217808 255 0 0
0.620740 -0.016725 0.218554 255 0 0
0.621754 -0.019070 0.219780 255 0 0
0.622997 -0.020032 0.220591 0 0 0
0.624266 -0.021209 0.221259 0 0 0
0.625440 -0.022602 0.221888 0 0 0
0.626783 -0.023645 0.222725 0 0 0
0.627877 -0.025101 0.223164 0 0 0
0.629032 -0.026400 0.223752 0 0 0
0.630371 -0.027799 0.224309 0 0 0
0.631613 -0.028308 0.224378 255 0 0
0.633083 -0.029666 0.224874 255 0 0
0.634417 -0.030105 0.224979 255 0 0
0.635703 -0.031452 0.225523 255 0 0
0.636985 -0.032843 0.226056 0 0 0
0.638253 -0.033369 0.226147 0 0 0
0.639573 -0.034618 0.226719 0 0 0
0.640703 -0.035879 0.227329 0 0 0
0.641851 -0.037229 0.227964 0 0 0
0.643047 -0.038393 0.228595 0 0 0
0.644264 -0.039800 0.229017 0 0 0
0.645588 -0.039940 0.229405 0 0 0
0.646642 -0.042427 0.230298 0 0 0
0.648000 -0.042714 0.230466 0 0 0
0.649534 -0.043114 0.230677 0 0 0
0.650665 -0.044575 0.231027 0 0 0
0.651834 -0.046058 0.231413 0 0 0
0.653222 -0.046362 0.231802 0 0 0
0.654459 -0.047525 0.232264 0 0 0
0.655536 -0.048919 0.232863 0 0 0
0.656715 -0.050246 0.233394 0 0 0
0.657961 -0.050782 0.233494 0 0 0
0.659359 -0.052094 0.233979 0 0 0
0.660618 -0.052530 0.234074 0 0 0
0.661943 -0.053914 0.234537 0 0 0
0.663373 -0.054354 0.234568 0 0 0
0.664887 -0.054956 0.234507 0 0 0
0.666201 -0.055590 0.234496 0 0 0
0.667515 -0.057052 0.234940 0 0 0
0.668706 -0.057574 0.235021 255 0 0
0.670011 -0.058881 0.235470 255 0 0
0.671366 -0.059513 0.235481 255 0 0
0.672857 -0.060154 0.235407 255 0 0
0.674333 -0.060788 0.235326 0 0 0
0.675847 -0.061420 0.235244 0 0 0
0.677063 -0.061914 0.235156 0 0 0
0.679273 -0.061908 0.234404 0 0 0
0.681413 -0.062050 0.233623 0 0 0
0.682681 -0.062574 0.233525 0 0 0
0.683837 -0.063081 0.233445 0 0 0
0.686860 -0.062780 0.231907 0 0 0
0.687721 -0.063146 0.231832 0 0 0
0.689924 -0.063316 0.231044 0 0 0
0.692169 -0.063356 0.230277 0 0 0
0.693093 -0.063836 0.230158 0 0 0
0.695189 -0.064019 0.229405 0 0 0
0.603105 0.005936 0.202984 0 0 0
0.603883 0.003315 0.205057 0 0 0
0.604918 0.001394 0.206407 0 0 0
0.606014 -0.000455 0.207929 0 0 0
0.607061 -0.002628 0.209144 0 0 0
0.608197 -0.003636 0.209841 0 0 0
0.609267 -0.005744 0.211076 0 0 0
0.610248 -0.008006 0.212251 0 0 0
0.611631 -0.009084 0.212869 0 0 0
0.612919 -0.009347 0.213166 0 0 0
0.614108 -0.011791 0.214349 0 0 0
0.615298 -0.012855 0.214954 0 0 0
0.616568 -0.014151 0.215597 0 0 0
0.617804 -0.015463 0.216235 0 0 0
0.619071 -0.016417 0.217048 255 0 0
0.620090 -0.018768 0.218278 255 0 0
0.621221 -0.019591 0.219028 255 0 0
0.622141 -0.021810 0.220208 255 0 0
0.623210 -0.023996 0.221323 0 0 0
0.624299 -0.024150 0.221508 0 0 0
0.625591 -0.026543 0.222602 0 0 0
0.626853 -0.026785 0.222826 0 0 0
0.628233 -0.028154 0.223413 0 0 0
0.629554 -0.029400 0.223965 0 0 0
0.630826 -0.029913 0.224051 0 0 0
0.632134 -0.031332 0.224583 255 0 0
0.633330 -0.032797 0.224963 255 0 0
0.634667 -0.033247 0.225179 255 0 0
0.636061 -0.034570 0.225552 0 0 0
0.637398 -0.034966 0.225785 0 0 0
0.638730 -0.036353 0.226370 0 0 0
0.639921 -0.037473 0.227009 0 0 0
0.641078 -0.038866 0.227635 0 0 0
0.642281 -0.040186 0.228052 0 0 0
0.643536 -0.040383 0.228402 0 0 0
0.644644 -0.042910 0.229320 0 0 0
0.645897 -0.043100 0.229675 0 0 0
0.647096 -0.044441 0.230082 0 0 0
0.648268 -0.045906 0.230462 0 0 0
0.649779 -0.046341 0.230657 0 0 0
0.651237 -0.046818 0.230842 0 0 0
0.652300 -0.047864 0.231204 0 0 0
0.653259 -0.050310 0.232341 0 0 0
0.654499 -0.050536 0.232592 0 0 0
0.655757 -0.051839 0.233157 0 0 0
0.656940 -0.053156 0.233688 0 0 0
0.658227 -0.053601 0.233803 0 0 0
0.659571 -0.055041 0.234267 0 0 0
0.660767 -0.055591 0.234334 0 0 0
0.662036 -0.057026 0.234594 0 0 0
0.663334 -0.057630 0.234600 0 0 0
0.664891 -0.058143 0.234709 0 0 0
0.666496 -0.058660 0.234685 0 0 0
0.667840 -0.059280 0.234694 0 0 0
0.669099 -0.060612 0.234956 0 0 0
0.670407 -0.061195 0.234979 0 0 0
0.671951 -0.061656 0.235083 0 0 0
0.673541 -0.062163 0.235053 0 0 0
0.675035 -0.062772 0.234977 0 0 0
0.676521 -0.063414 0.234891 0 0 0
0.677672 -0.064024 0.234778 0 0 0
0.680070 -0.064352 0.233990 0 0 0
0.681268 -0.064985 0.233872 0 0 0
0.682393 -0.065481 0.233789 0 0 0
0.685471 -0.065035 0.232294 0 0 0
0.686363 -0.065411 0.232194 0 0 0
0.688463 -0.065734 0.231386 0 0 0
0.690738 -0.065780 0.230616 0 0 0
0.691637 -0.066258 0.230502 0 0 0
0.694164 -0.066419 0.229739 0 0 0
0.695123 -0.066818 0.229641 0 0 0
0.697232 -0.066983 0.228887 0 0 0
0.602644 0.004951 0.202027 255 0 0
0.603331 0.002141 0.203912 0 0 0
0.604345 0.000201 0.205231 255 0 0
0.605074 -0.002501 0.207183 0 0 0
0.606201 -0.004504 0.208582 0 0 0
0.607305 -0.005519 0.209256 0 0 0
0.608440 -0.007752 0.210535 0 0 0
0.609770 -0.008745 0.211476 0 0 0
0.610934 -0.009926 0.212058 0 0 0
0.611946 -0.012355 0.213124 0 0 0
0.613226 -0.013330 0.213920 0 0 0
0.614468 -0.014647 0.214559 0 0 0
0.615735 -0.015941 0.215203 0 0 0
0.616910 -0.016986 0.215808 0 0 0
0.617985 -0.019355 0.217223 0 0 0
0.619068 -0.020160 0.217792 0 0 0
0.620038 -0.022611 0.219009 0 0 0
0.621288 -0.023580 0.219821 0 0 0
0.622544 -0.024520 0.220639 0 0 0
0.623574 -0.027014 0.221612 0 0 0
0.624777 -0.027079 0.221946 0 0 0
0.626050 -0.029465 0.223042 0 0 0
0.627222 -0.029789 0.223110 0 0 0
0.628552 -0.031186 0.223648 0 0 0
0.629746 -0.032638 0.224026 0 0 0
0.631267 -0.033079 0.224208 255 0 0
0.632727 -0.033550 0.224373 255 0 0
0.634150 -0.034906 0.224742 255 0 0
0.635342 -0.035236 0.224929 255 0 0
0.636569 -0.037653 0.225998 0 0 0
0.637570 -0.037859 0.226034 0 0 0
0.638865 -0.040185 0.227267 0 0 0
0.640179 -0.040564 0.227281 0 0 0
0.641532 -0.040859 0.227423 0 0 0
0.642722 -0.043253 0.228513 0 0 0
0.643948 -0.043473 0.228741 0 0 0
0.645132 -0.044873 0.229137 0 0 0
0.646432 -0.046166 0.229694 0 0 0
0.647690 -0.046638 0.229911 0 0 0
0.649034 -0.047975 0.230245 0 0 0
0.650141 -0.048389 0.230302 0 0 0
0.651301 -0.050771 0.231380 0 0 0
0.652457 -0.050796 0.231738 0 0 0
0.653496 -0.053280 0.232630 0 0 0
0.654655 -0.053572 0.232859 0 0 0
0.655921 -0.054766 0.233427 0 0 0
0.657132 -0.056106 0.233971 0 0 0
0.658536 -0.056627 0.234006 0 0 0
0.660060 -0.057222 0.233964 0 0 0
0.661613 -0.057692 0.234070 0 0 0
0.662976 -0.058199 0.234123 0 0 0
0.664239 -0.059638 0.234366 0 0 0
0.665530 -0.060258 0.234355 0 0 0
0.667135 -0.060776 0.234329 0 0 0
0.668689 -0.061292 0.234430 0 0 0
0.669994 -0.061902 0.234449 0 0 0
0.671061 -0.063339 0.234770 0 0 0
0.672191 -0.064708 0.235272 0 0 0
0.673533 -0.065347 0.235287 0 0 0
0.675050 -0.065982 0.235209 0 0 0
0.676277 -0.066459 0.235108 255 0 0
0.678394 -0.066599 0.234343 255 0 0
0.680709 -0.066471 0.233606 255 0 0
0.681668 -0.066847 0.233501 0 0 0
0.683949 -0.067451 0.232666 255 0 0
0.684820 -0.067810 0.232574 255 0 0
0.687988 -0.067250 0.231099 255 0 0
0.688777 -0.067681 0.231003 255 0 0
0.691306 -0.067886 0.230229 255 0 0
0.692484 -0.068514 0.230118 255 0 0
0.693759 -0.069064 0.230013 255 0 0
0.695822 -0.069191 0.229270 255 0 0
0.602764 0.000939 0.202738 0 0 0
0.603849 -0.000852 0.204257 0 0 0
0.604563 -0.003565 0.206192 255 0 0
0.605591 -0.005489 0.207554 255 0 0
0.606645 -0.007607 0.208802 0 0 0
0.607834 -0.008521 0.209654 0 0 0
0.608899 -0.010834 0.210764 0 0 0
0.610135 -0.011939 0.211529 0 0 0
0.611368 -0.013031 0.212304 0 0 0
0.612408 -0.015335 0.213384 0 0 0
0.613649 -0.016418 0.214163 0 0 0
0.614764 -0.017606 0.214746 0 0 0
0.615922 -0.019839 0.216197 0 0 0
0.616944 -0.020757 0.216741 0 0 0
0.618181 -0.023067 0.217950 0 0 0
0.619344 -0.023152 0.218288 0 0 0
0.620504 -0.025203 0.219470 0 0 0
0.621506 -0.027506 0.220590 0 0 0
0.622711 -0.027568 0.220925 0 0 0
0.623831 -0.029982 0.222112 255 0 0
0.624936 -0.031015 0.222686 0 0 0
0.626175 -0.032487 0.223094 0 0 0
0.627696 -0.032925 0.223277 0 0 0
0.629153 -0.033398 0.223439 255 0 0
0.630535 -0.034761 0.223787 0 0 0
0.631810 -0.035299 0.223868 0 0 0
0.633092 -0.036691 0.224409 0 0 0
0.634220 -0.038043 0.225025 0 0 0
0.635416 -0.039169 0.225671 255 0 0
0.636558 -0.040530 0.226306 0 0 0
0.637926 -0.041644 0.226905 0 0 0
0.639146 -0.042147 0.226989 0 0 0
0.640471 -0.043536 0.227568 255 0 0
0.641588 -0.044756 0.228183 0 0 0
0.642825 -0.046136 0.228720 0 0 0
0.644081 -0.046650 0.228822 0 0 0
0.645505 -0.047854 0.229320 0 0 0
0.646767 -0.048366 0.229427 0 0 0
0.647991 -0.049729 0.229960 0 0 0
0.649261 -0.051034 0.230527 0 0 0
0.650498 -0.051258 0.230777 0 0 0
0.651504 -0.053695 0.231673 0 0 0
0.652815 -0.053819 0.232080 0 0 0
0.653986 -0.055184 0.232504 0 0 0
0.655067 -0.056452 0.233109 0 0 0
0.656296 -0.057675 0.233660 0 0 0
0.657619 -0.058245 0.233682 0 0 0
0.659188 -0.058790 0.233634 0 0 0
0.660497 -0.059413 0.233627 0 0 0
0.661806 -0.060868 0.234067 0 0 0
0.663161 -0.061373 0.234089 0 0 0
0.664532 -0.061869 0.234114 0 0 0
0.665817 -0.063335 0.234551 0 0 0
0.667114 -0.063962 0.234542 0 0 0
0.668616 -0.064541 0.234487 0 0 0
0.670103 -0.064973 0.234546 0 0 0
0.671384 -0.066189 0.235002 0 0 0
0.672736 -0.066699 0.235024 255 0 0
0.674279 -0.067362 0.234940 0 0 0
0.675435 -0.067950 0.234820 0 0 0
0.677744 -0.068271 0.234054 0 0 0
0.678943 -0.068890 0.233928 0 0 0
0.680091 -0.069406 0.233840 0 0 0
0.683246 -0.068812 0.232376 0 0 0
0.684080 -0.069134 0.232302 0 0 0
0.686440 -0.069592 0.231490 0 0 0
0.687711 -0.070156 0.231376 255 0 0
0.688871 -0.070780 0.231264 255 0 0
0.691393 -0.070933 0.230499 255 0 0
0.692293 -0.071269 0.230416 255 0 0
0.694816 -0.071584 0.229619 255 0 0
0.695621 -0.071932 0.229557 255 0 0
0.602313 0.000004 0.201810 0 0 0
0.602937 -0.002893 0.203540 0 0 0
0.604058 -0.004617 0.205209 0 0 0
0.605067 -0.006554 0.206556 0 0 0
0.606036 -0.008579 0.207766 0 0 0
0.607161 -0.010622 0.209193 0 0 0
0.608262 -0.011609 0.209882 0 0 0
0.609344 -0.013904 0.211002 0 0 0
0.610567 -0.015013 0.211767 0 0 0
0.611830 -0.016000 0.212570 0 0 0
0.612908 -0.018327 0.213823 0 0 0
0.613945 -0.019250 0.214372 0 0 0
0.615103 -0.021481 0.215827 0 0 0
0.616197 -0.022668 0.216410 0 0 0
0.617487 -0.023610 0.217230 0 0 0
0.618307 -0.025935 0.218383 0 0 0
0.619583 -0.027898 0.219754 0 0 0
0.620668 -0.028043 0.219933 0 0 0
0.621778 -0.030465 0.221099 0 0 0
0.622907 -0.031460 0.221701 0 0 0
0.624302 -0.032767 0.222304 0 0 0
0.625566 -0.033237 0.222501 0 0 0
0.626972 -0.034609 0.222857 0 0 0
0.628244 -0.035144 0.222937 0 0 0
0.629534 -0.036534 0.223478 0 0 0
0.630814 -0.037872 0.224025 0 0 0
0.632142 -0.038301 0.224141 0 0 0
0.633443 -0.039647 0.224713 0 0 0
0.634579 -0.040893 0.225332 0 0 0
0.635743 -0.042140 0.225975 255 0 0
0.636867 -0.043386 0.226597 255 0 0
0.637970 -0.044731 0.227216 255 0 0
0.639310 -0.045985 0.227799 0 0 0
0.640564 -0.046492 0.227904 0 0 0
0.642000 -0.047693 0.228406 0 0 0
0.643256 -0.048201 0.228510 0 0 0
0.644484 -0.049580 0.229046 0 0 0
0.645701 -0.050889 0.229586 0 0 0
0.647029 -0.051327 0.229719 0 0 0
0.648234 -0.052647 0.230260 0 0 0
0.649494 -0.053956 0.230827 0 0 0
0.650724 -0.054177 0.231079 0 0 0
0.651712 -0.056675 0.231943 0 0 0
0.652855 -0.056969 0.232171 0 0 0
0.654160 -0.058149 0.232769 0 0 0
0.655407 -0.059381 0.233326 0 0 0
0.656558 -0.059963 0.233410 0 0 0
0.657891 -0.061326 0.233864 0 0 0
0.659245 -0.061940 0.233876 0 0 0
0.660800 -0.062434 0.233838 0 0 0
0.662148 -0.062920 0.233860 0 0 0
0.663447 -0.064321 0.234310 0 0 0
0.664870 -0.064745 0.234345 0 0 0
0.666375 -0.065326 0.234289 0 0 0
0.667672 -0.065956 0.234282 0 0 0
0.668947 -0.067440 0.234722 0 0 0
0.670117 -0.067964 0.234808 255 0 0
0.671444 -0.069268 0.235226 255 0 0
0.672542 -0.069905 0.235039 255 0 0
0.674680 -0.069791 0.234505 0 0 0
0.676900 -0.069771 0.233766 0 0 0
0.678155 -0.070258 0.233662 0 0 0
0.679385 -0.070755 0.233570 0 0 0
0.681684 -0.071219 0.232763 0 0 0
0.682879 -0.071851 0.232630 0 0 0
0.684074 -0.072369 0.232536 0 0 0
0.686313 -0.072358 0.231776 0 0 0
0.688529 -0.072366 0.231010 0 0 0
0.689667 -0.072977 0.230901 0 0 0
0.691229 -0.073659 0.230807 0 0 0
0.692415 -0.074142 0.230721 0 0 0
0.694514 -0.074302 0.229959 255 0 0
0.602425 -0.003961 0.202536 0 0 0
0.603140 -0.006653 0.204481 0 0 0
0.604252 -0.008656 0.205891 0 0 0
0.605417 -0.009546 0.206719 0 0 0
0.606278 -0.012499 0.208621 0 0 0
0.607482 -0.013585 0.209362 0 0 0
0.608712 -0.014689 0.210129 0 0 0
0.609752 -0.016770 0.211372 0 0 0
0.610706 -0.018991 0.212563 0 0 0
0.611900 -0.019731 0.213342 0 0 0
0.612964 -0.022101 0.214769 0 0 0
0.614140 -0.023154 0.215384 0 0 0
0.615318 -0.024179 0.216001 0 0 0
0.616388 -0.026552 0.217434 0 0 0
0.617381 -0.027455 0.217973 0 0 0
0.618554 -0.029559 0.219447 0 0 0
0.619591 -0.030817 0.220019 0 0 0
0.620870 -0.031963 0.220699 0 0 0
0.622066 -0.033225 0.221336 0 0 0
0.623418 -0.034483 0.221916 0 0 0
0.624675 -0.034987 0.222007 0 0 0
0.625981 -0.036371 0.222551 0 0 0
0.627266 -0.037720 0.223099 0 0 0
0.628586 -0.038148 0.223213 255 0 0
0.629861 -0.039500 0.223761 255 0 0
0.631129 -0.040844 0.224308 0 0 0
0.632451 -0.041272 0.224427 0 0 0
0.633742 -0.042620 0.224999 255 0 0
0.634934 -0.043731 0.225647 255 0 0
0.636074 -0.045084 0.226292 255 0 0
0.637208 -0.046356 0.226905 255 0 0
0.638387 -0.047663 0.227317 0 0 0
0.639707 -0.048054 0.227567 0 0 0
0.640976 -0.049432 0.228131 0 0 0
0.642200 -0.050741 0.228673 0 0 0
0.643525 -0.051174 0.228805 0 0 0
0.644738 -0.052497 0.229348 0 0 0
0.645938 -0.053823 0.229888 0 0 0
0.647269 -0.054248 0.230025 0 0 0
0.648467 -0.055563 0.230567 0 0 0
0.649689 -0.056876 0.231133 0 0 0
0.651090 -0.057189 0.231435 0 0 0
0.652252 -0.058435 0.231850 0 0 0
0.653309 -0.059830 0.232458 0 0 0
0.654501 -0.061073 0.232992 0 0 0
0.655698 -0.061646 0.233096 0 0 0
0.657069 -0.062873 0.233564 0 0 0
0.658401 -0.063441 0.233590 0 0 0
0.659768 -0.063974 0.233608 0 0 0
0.661085 -0.065451 0.234057 0 0 0
0.662251 -0.065954 0.234140 0 0 0
0.663553 -0.067257 0.234595 0 0 0
0.664895 -0.067877 0.234612 0 0 0
0.666377 -0.068446 0.234552 0 0 0
0.667997 -0.068863 0.234523 0 0 0
0.669352 -0.069462 0.234558 0 0 0
0.670396 -0.070603 0.234954 0 0 0
0.672593 -0.070616 0.234535 0 0 0
0.673797 -0.071262 0.234247 0 0 0
0.675246 -0.072005 0.234114 0 0 0
0.676774 -0.072704 0.234016 0 0 0
0.677899 -0.073308 0.233904 0 0 0
0.680088 -0.073314 0.233142 0 0 0
0.682310 -0.073300 0.232382 0 0 0
0.683493 -0.073792 0.232291 0 0 0
0.684961 -0.074568 0.232180 0 0 0
0.686142 -0.075079 0.232092 0 0 0
0.688591 -0.075373 0.231296 0 0 0
0.689765 -0.075849 0.231213 0 0 0
0.691319 -0.076540 0.231121 0 0 0
0.692443 -0.077154 0.231012 0 0 0
0.694693 -0.077210 0.230230 0 0 0
0.696489 -0.077226 0.229480 255 0 0
0.601975 -0.004914 0.201608 0 0 0
0.602691 -0.007596 0.203678 0 0 0
0.603716 -0.009497 0.205040 0 0 0
0.604646 -0.011534 0.206218 0 0 0
0.605733 -0.013341 0.207779 0 0 0
0.606722 -0.015544 0.208860 0 0 0
0.607813 -0.016538 0.209551 0 0 0
0.609027 -0.018670 0.211041 0 0 0
0.610149 -0.019516 0.211784 0 0 0
0.610831 -0.022669 0.213557 0 0 0
0.612098 -0.023610 0.214362 0 0 0
0.613248 -0.024669 0.214977 0 0 0
0.614303 -0.027029 0.216403 0 0 0
0.615477 -0.028047 0.217024 0 0 0
0.616607 -0.029089 0.217633 0 0 0
0.617721 -0.031316 0.219095 0 0 0
0.618805 -0.032434 0.219678 0 0 0
0.620019 -0.033712 0.220329 0 0 0
0.621221 -0.034967 0.220974 0 0 0
0.622396 -0.036254 0.221589 0 0 0
0.623630 -0.037712 0.221991 0 0 0
0.624947 -0.038112 0.222231 0 0 0
0.626280 -0.039356 0.222814 0 0 0
0.627588 -0.040697 0.223384 0 0 0
0.628909 -0.041118 0.223502 0 0 0
0.630177 -0.042466 0.224052 255 0 0
0.631457 -0.043820 0.224596 255 0 0
0.632615 -0.044112 0.224676 255 0 0
0.633908 -0.046444 0.225928 0 0 0
0.634992 -0.046811 0.225989 255 0 0
0.636523 -0.048025 0.226522 255 0 0
0.637676 -0.048308 0.226728 0 0 0
0.638847 -0.050714 0.227807 0 0 0
0.639994 -0.051017 0.227892 0 0 0
0.641241 -0.052346 0.228436 0 0 0
0.642455 -0.053664 0.228979 0 0 0
0.643781 -0.054090 0.229116 0 0 0
0.645045 -0.055279 0.229680 0 0 0
0.646221 -0.056728 0.230220 0 0 0
0.647504 -0.057150 0.230341 0 0 0
0.648755 -0.058339 0.230906 0 0 0
0.649749 -0.059801 0.231510 0 0 0
0.650973 -0.060995 0.232070 0 0 0
0.652306 -0.061410 0.232215 0 0 0
0.653714 -0.062587 0.232714 0 0 0
0.654876 -0.063183 0.232801 0 0 0
0.656213 -0.064523 0.233268 0 0 0
0.657378 -0.065022 0.233351 0 0 0
0.658691 -0.066444 0.233811 0 0 0
0.660125 -0.066860 0.233853 0 0 0
0.661476 -0.067441 0.233883 0 0 0
0.662775 -0.068775 0.234327 0 0 0
0.664067 -0.069387 0.234328 0 0 0
0.665377 -0.070061 0.234317 0 0 0
0.666557 -0.071465 0.234586 0 0 0
0.667938 -0.071967 0.234757 0 0 0
0.669513 -0.072489 0.234733 0 0 0
0.670904 -0.073168 0.234643 0 0 0
0.672383 -0.073814 0.234559 0 0 0
0.673877 -0.074436 0.234478 0 0 0
0.675054 -0.074914 0.234394 0 0 0
0.677601 -0.074909 0.233662 0 0 0
0.678437 -0.075349 0.233555 0 0 0
0.680744 -0.075757 0.232891 0 0 0
0.681534 -0.076562 0.233250 0 0 0
0.683825 -0.076931 0.232594 0 0 0
0.685002 -0.077405 0.232509 0 0 0
0.686525 -0.078065 0.232426 0 0 0
0.687717 -0.078568 0.232335 0 0 0
0.689888 -0.078739 0.231533 0 0 0
0.692123 -0.078745 0.230765 0 0 0
0.692991 -0.079216 0.230647 0 0 0
0.695100 -0.079427 0.229876 0 0 0
0.601881 -0.009383 0.203141 0 0 0
0.602791 -0.011507 0.204311 0 0 0
0.603790 -0.013435 0.205663 0 0 0
0.604904 -0.015476 0.207089 0 0 0
0.606009 -0.016440 0.207780 0 0 0
0.607050 -0.018541 0.209050 0 0 0
0.608040 -0.020429 0.210421 0 0 0
0.609131 -0.022457 0.212013 0 0 0
0.610229 -0.023299 0.212736 0 0 0
0.611181 -0.025492 0.213795 0 0 0
0.612198 -0.027589 0.215199 0 0 0
0.613432 -0.028522 0.216000 0 0 0
0.614514 -0.029690 0.216590 0 0 0
0.615631 -0.031916 0.218055 0 0 0
0.616744 -0.032929 0.218660 0 0 0
0.617974 -0.034188 0.219317 0 0 0
0.619178 -0.035450 0.219966 0 0 0
0.620376 -0.036694 0.220610 0 0 0
0.621756 -0.037937 0.221219 0 0 0
0.623070 -0.038333 0.221459 0 0 0
0.624297 -0.039797 0.221863 0 0 0
0.625519 -0.040948 0.222507 0 0 0
0.626640 -0.042311 0.223126 0 0 0
0.627909 -0.043656 0.223678 255 0 0
0.629230 -0.044073 0.223800 255 0 0
0.630547 -0.045287 0.224375 255 0 0
0.631631 -0.046767 0.224994 255 0 0
0.632962 -0.047867 0.225576 255 0 0
0.634204 -0.048364 0.225680 255 0 0
0.635450 -0.049758 0.226224 255 0 0
0.636543 -0.051097 0.226847 0 0 0
0.637712 -0.052194 0.227496 0 0 0
0.638967 -0.053517 0.228069 0 0 0
0.640284 -0.053941 0.228203 0 0 0
0.641501 -0.055257 0.228754 0 0 0
0.642528 -0.056604 0.229350 255 0 0
0.643826 -0.057801 0.229941 0 0 0
0.645105 -0.058213 0.230064 0 0 0
0.646333 -0.059529 0.230627 0 0 0
0.647566 -0.060900 0.231180 0 0 0
0.648775 -0.061376 0.231287 0 0 0
0.650041 -0.062437 0.231859 0 0 0
0.651052 -0.063914 0.232487 0 0 0
0.652247 -0.065080 0.233036 0 0 0
0.653675 -0.065596 0.233084 0 0 0
0.655049 -0.066117 0.233108 0 0 0
0.656341 -0.067507 0.233572 0 0 0
0.657570 -0.067927 0.233675 0 0 0
0.658851 -0.069376 0.234128 0 0 0
0.660146 -0.069985 0.234123 0 0 0
0.661693 -0.070505 0.234072 0 0 0
0.663135 -0.071027 0.234016 0 0 0
0.664739 -0.071525 0.233998 0 0 0
0.666122 -0.072027 0.234170 0 0 0
0.667302 -0.073419 0.234440 0 0 0
0.668586 -0.074082 0.234425 0 0 0
0.670070 -0.074690 0.234355 0 0 0
0.671535 -0.075298 0.234278 0 0 0
0.672999 -0.075913 0.234200 0 0 0
0.674436 -0.076547 0.234118 0 0 0
0.675815 -0.077237 0.234026 0 0 0
0.677364 -0.077770 0.233964 0 0 0
0.678832 -0.078381 0.233890 0 0 0
0.680300 -0.078990 0.233812 255 0 0
0.681785 -0.079619 0.233731 255 0 0
0.682961 -0.080113 0.233643 255 0 0
0.685418 -0.080405 0.232847 255 0 0
0.686303 -0.080747 0.232755 255 0 0
0.688476 -0.080885 0.231963 255 0 0
0.690687 -0.081078 0.231151 0 0 0
0.691575 -0.081435 0.231058 0 0 0
0.693804 -0.081627 0.230242 0 0 0
0.695691 -0.081676 0.229446 0 0 0
0.697530 -0.081752 0.228665 0 0 0
0.602281 -0.012587 0.203322 0 0 0
0.603349 -0.014355 0.204877 255 0 0
0.604468 -0.016380 0.206303 255 0 0
0.605515 -0.017354 0.206857 255 0 0
0.606585 -0.019472 0.208261 0 0 0
0.607570 -0.021341 0.209630 0 0 0
0.608300 -0.024173 0.211492 0 0 0
0.609455 -0.025261 0.212227 0 0 0
0.610625 -0.026333 0.212982 0 0 0
0.611717 -0.028288 0.214457 0 0 0
0.612633 -0.030493 0.215509 0 0 0
0.613670 -0.031418 0.216208 0 0 0
0.614857 -0.033512 0.217718 0 0 0
0.615922 -0.034699 0.218289 0 0 0
0.617047 -0.036039 0.218771 0 0 0
0.618362 -0.037165 0.219606 0 0 0
0.619534 -0.038433 0.220253 0 0 0
0.620695 -0.039679 0.220879 0 0 0
0.622043 -0.041031 0.221457 0 0 0
0.623192 -0.041329 0.221531 0 0 0
0.624518 -0.043622 0.222801 0 0 0
0.625668 -0.043918 0.222878 0 0 0
0.626966 -0.045261 0.223433 0 0 0
0.628053 -0.046665 0.224023 255 0 0
0.629304 -0.047990 0.224445 255 0 0
0.630608 -0.048385 0.224697 255 0 0
0.631903 -0.049614 0.225279 255 0 0
0.633186 -0.050925 0.225853 0 0 0
0.634504 -0.051338 0.225985 0 0 0
0.635773 -0.052664 0.226562 0 0 0
0.636870 -0.053903 0.227184 0 0 0
0.637973 -0.055109 0.227809 255 0 0
0.639235 -0.056479 0.228377 255 0 0
0.640478 -0.056974 0.228495 255 0 0
0.641746 -0.058173 0.229073 0 0 0
0.642827 -0.059383 0.229696 0 0 0
0.643880 -0.060722 0.230325 0 0 0
0.645152 -0.061896 0.230911 0 0 0
0.646656 -0.062315 0.230973 0 0 0
0.647820 -0.062742 0.230961 0 0 0
0.648994 -0.065063 0.232205 0 0 0
0.650131 -0.065337 0.232303 0 0 0
0.651314 -0.066647 0.232842 0 0 0
0.652448 -0.068010 0.233362 0 0 0
0.653791 -0.068575 0.233397 0 0 0
0.655231 -0.068979 0.233443 0 0 0
0.656576 -0.070242 0.233918 0 0 0
0.657938 -0.070743 0.233943 0 0 0
0.659400 -0.071317 0.233882 0 0 0
0.660873 -0.071955 0.233807 0 0 0
0.662150 -0.072582 0.233802 0 0 0
0.663399 -0.074055 0.234236 0 0 0
0.664697 -0.074655 0.234235 0 0 0
0.666224 -0.075130 0.234193 0 0 0
0.667752 -0.075625 0.234140 0 0 0
0.669166 -0.076342 0.234042 0 0 0
0.670607 -0.076963 0.233962 0 0 0
0.672059 -0.077530 0.233894 0 0 0
0.673601 -0.078047 0.233844 0 0 0
0.674904 -0.078658 0.233846 0 0 0
0.676107 -0.080118 0.234271 0 0 0
0.677385 -0.080750 0.234269 0 0 0
0.678855 -0.081373 0.234196 0 0 0
0.680347 -0.081993 0.234115 0 0 0
0.681512 -0.082468 0.234033 0 0 0
0.684028 -0.082585 0.233275 0 0 0
0.684915 -0.082947 0.233180 0 0 0
0.687386 -0.083246 0.232384 0 0 0
0.688269 -0.083623 0.232291 0 0 0
0.690788 -0.083993 0.231476 0 0 0
0.691503 -0.084426 0.231393 0 0 0
0.694683 -0.084033 0.229837 0 0 0
0.695375 -0.084379 0.229793 0 0 0
0.601837 -0.013512 0.202408 0 0 0
0.602421 -0.016410 0.204134 0 0 0
0.603435 -0.018276 0.205519 0 0 0
0.604492 -0.020372 0.206918 0 0 0
0.605605 -0.021239 0.207647 0 0 0
0.606688 -0.023251 0.209077 0 0 0
0.607662 -0.025141 0.210453 0 0 0
0.608708 -0.027220 0.211747 0 0 0
0.609738 -0.028165 0.212430 0 0 0
0.610932 -0.030287 0.213945 0 0 0
0.611976 -0.031221 0.214650 0 0 0
0.612881 -0.033417 0.215701 0 0 0
0.613967 -0.035399 0.217174 0 0 0
0.615211 -0.036494 0.217740 0 0 0
0.616407 -0.036731 0.218073 0 0 0
0.617517 -0.039126 0.219109 0 0 0
0.618707 -0.040135 0.219894 0 0 0
0.619886 -0.041400 0.220551 0 0 0
0.621046 -0.042635 0.221183 0 0 0
0.622203 -0.044005 0.221831 0 0 0
0.623407 -0.045110 0.222484 0 0 0
0.624715 -0.046501 0.223054 0 0 0
0.625955 -0.046987 0.223153 0 0 0
0.627459 -0.048196 0.223696 0 0 0
0.628764 -0.048581 0.223945 0 0 0
0.630018 -0.049895 0.224374 0 0 0
0.631185 -0.051165 0.225014 0 0 0
0.632239 -0.052515 0.225616 0 0 0
0.633472 -0.053845 0.226169 0 0 0
0.634785 -0.054255 0.226303 0 0 0
0.636107 -0.055457 0.226904 255 0 0
0.637179 -0.056801 0.227527 255 0 0
0.638419 -0.057994 0.228082 0 0 0
0.639661 -0.058485 0.228201 0 0 0
0.640974 -0.059724 0.228794 0 0 0
0.642029 -0.061062 0.229423 0 0 0
0.643108 -0.062260 0.230055 0 0 0
0.644174 -0.063476 0.230680 0 0 0
0.645376 -0.064794 0.231249 0 0 0
0.646633 -0.065313 0.231382 0 0 0
0.647881 -0.066495 0.231947 0 0 0
0.649034 -0.067803 0.232487 0 0 0
0.650360 -0.068209 0.232639 0 0 0
0.651766 -0.069363 0.233138 0 0 0
0.652862 -0.069953 0.233212 0 0 0
0.653983 -0.071459 0.233745 0 0 0
0.655161 -0.072679 0.234280 0 0 0
0.656470 -0.073238 0.234314 0 0 0
0.658017 -0.073738 0.234266 0 0 0
0.659490 -0.074337 0.234191 0 0 0
0.660958 -0.074937 0.234117 0 0 0
0.662503 -0.075465 0.234055 0 0 0
0.663892 -0.076173 0.233967 0 0 0
0.665154 -0.076811 0.233971 0 0 0
0.666179 -0.077966 0.234338 0 0 0
0.668467 -0.078145 0.233737 0 0 0
0.669664 -0.078626 0.233657 0 0 0
0.670972 -0.079238 0.233657 0 0 0
0.672218 -0.080556 0.234093 0 0 0
0.673547 -0.081113 0.234129 0 0 0
0.675175 -0.081499 0.234102 0 0 0
0.676630 -0.082043 0.234040 0 0 0
0.678087 -0.082651 0.233964 0 0 0
0.679545 -0.083260 0.233887 0 0 0
0.680974 -0.083878 0.233806 0 0 0
0.682389 -0.084634 0.233698 0 0 0
0.683570 -0.085156 0.233602 0 0 0
0.686013 -0.085487 0.232800 0 0 0
0.686837 -0.085949 0.232688 0 0 0
0.689062 -0.085945 0.231918 0 0 0
0.691321 -0.085994 0.231131 0 0 0
0.692145 -0.086488 0.231017 0 0 0
0.694386 -0.086737 0.230181 0 0 0
0.696147 -0.086740 0.229438 0 0 0
0.602044 -0.017196 0.203415 0 0 0
0.602984 -0.019204 0.204739 0 0 0
0.603991 -0.021098 0.206138 0 0 0
0.604899 -0.023108 0.207323 0 0 0
0.606002 -0.025110 0.208771 0 0 0
0.607086 -0.025973 0.209489 0 0 0
0.608141 -0.028055 0.210927 0 0 0
0.609037 -0.030031 0.212125 0 0 0
0.610030 -0.032096 0.213384 0 0 0
0.611212 -0.033165 0.214167 0 0 0
0.612404 -0.034100 0.214969 0 0 0
0.613518 -0.036296 0.216443 0 0 0
0.614501 -0.037278 0.216975 0 0 0
0.615663 -0.039670 0.218038 0 0 0
0.616762 -0.039741 0.218363 0 0 0
0.617974 -0.042003 0.219607 0 0 0
0.619032 -0.043106 0.220195 0 0 0
0.620234 -0.044356 0.220857 0 0 0
0.621419 -0.045582 0.221513 0 0 0
0.622592 -0.046824 0.222162 0 0 0
0.623920 -0.048046 0.222748 0 0 0
0.625158 -0.048533 0.222850 0 0 0
0.626485 -0.049795 0.223425 0 0 0
0.627586 -0.051144 0.224053 0 0 0
0.628675 -0.052506 0.224680 0 0 0
0.629977 -0.053701 0.225257 0 0 0
0.631291 -0.054108 0.225390 0 0 0
0.632529 -0.055430 0.225947 0 0 0
0.633568 -0.056780 0.226548 255 0 0
0.634881 -0.057978 0.227146 255 0 0
0.636189 -0.058387 0.227284 255 0 0
0.637403 -0.059708 0.227839 255 0 0
0.638429 -0.061042 0.228441 0 0 0
0.639724 -0.062229 0.229038 255 0 0
0.641033 -0.062638 0.229183 255 0 0
0.642261 -0.063951 0.229761 0 0 0
0.643333 -0.065151 0.230390 0 0 0
0.644398 -0.066346 0.231017 0 0 0
0.645620 -0.067709 0.231583 0 0 0
0.646847 -0.068194 0.231715 0 0 0
0.648105 -0.069225 0.232290 0 0 0
0.649106 -0.070690 0.232925 0 0 0
0.650298 -0.071909 0.233470 0 0 0
0.651624 -0.072474 0.233508 0 0 0
0.653114 -0.072864 0.233580 0 0 0
0.654482 -0.074007 0.234067 0 0 0
0.655575 -0.074596 0.234143 0 0 0
0.656832 -0.076058 0.234595 0 0 0
0.658164 -0.076560 0.234613 0 0 0
0.659687 -0.077182 0.234539 0 0 0
0.660835 -0.077636 0.234455 0 0 0
0.663299 -0.077769 0.233706 0 0 0
0.664365 -0.078273 0.233724 0 0 0
0.665403 -0.079440 0.234114 0 0 0
0.667616 -0.079596 0.233489 0 0 0
0.668827 -0.080083 0.233391 0 0 0
0.670196 -0.080714 0.233410 0 0 0
0.671513 -0.081875 0.233877 0 0 0
0.672618 -0.082485 0.233962 0 0 0
0.673831 -0.083968 0.234396 0 0 0
0.675101 -0.084596 0.234395 0 0 0
0.676564 -0.085216 0.234323 0 0 0
0.678014 -0.085823 0.234246 0 0 0
0.679464 -0.086428 0.234170 0 0 0
0.680947 -0.087043 0.234087 0 0 0
0.682132 -0.087497 0.233988 0 0 0
0.684247 -0.087671 0.233208 0 0 0
0.686537 -0.087515 0.232464 0 0 0
0.687680 -0.088167 0.232341 0 0 0
0.688841 -0.088810 0.232206 0 0 0
0.690967 -0.089044 0.231403 0 0 0
0.692938 -0.088891 0.230633 0 0 0
0.695152 -0.089076 0.229825 255 0 0
0.695937 -0.089436 0.229754 255 0 0
0.602116 -0.021128 0.204196 0 0 0
0.603094 -0.022985 0.205557 0 0 0
0.604082 -0.024877 0.206946 0 0 0
0.605002 -0.026855 0.208148 0 0 0
0.606052 -0.028957 0.209573 0 0 0
0.607133 -0.029792 0.210302 0 0 0
0.608337 -0.031896 0.211824 0 0 0
0.609382 -0.032838 0.212530 0 0 0
0.610323 -0.035000 0.213611 0 0 0
0.611342 -0.037126 0.215030 0 0 0
0.612441 -0.038100 0.215656 0 0 0
0.613735 -0.039276 0.216505 0 0 0
0.614908 -0.040294 0.217290 0 0 0
0.615825 -0.042668 0.218371 0 0 0
0.617032 -0.043574 0.219192 0 0 0
0.618204 -0.044837 0.219854 0 0 0
0.619389 -0.046072 0.220511 0 0 0
0.620570 -0.047305 0.221168 0 0 0
0.621746 -0.048539 0.221824 0 0 0
0.622882 -0.049774 0.222458 0 0 0
0.623991 -0.051125 0.223091 255 0 0
0.625148 -0.052350 0.223742 0 0 0
0.626493 -0.053553 0.224347 0 0 0
0.627804 -0.053943 0.224480 0 0 0
0.629042 -0.055274 0.225033 0 0 0
0.630282 -0.056656 0.225577 0 0 0
0.631514 -0.057143 0.225691 255 0 0
0.632802 -0.058346 0.226275 255 0 0
0.633896 -0.059550 0.226899 255 0 0
0.635158 -0.060919 0.227471 255 0 0
0.636390 -0.061405 0.227592 255 0 0
0.637665 -0.062584 0.228177 255 0 0
0.638741 -0.063794 0.228801 0 0 0
0.639969 -0.065104 0.229378 0 0 0
0.641272 -0.065514 0.229524 0 0 0
0.642499 -0.066813 0.230105 0 0 0
0.643563 -0.068013 0.230731 0 0 0
0.644826 -0.069190 0.231307 0 0 0
0.645869 -0.069530 0.231390 0 0 0
0.647071 -0.071901 0.232643 0 0 0
0.648119 -0.072229 0.232726 0 0 0
0.649505 -0.073373 0.233216 0 0 0
0.650693 -0.073852 0.233329 0 0 0
0.651884 -0.075202 0.233887 0 0 0
0.653040 -0.076553 0.234431 0 0 0
0.654319 -0.077109 0.234450 0 0 0
0.655747 -0.077508 0.234496 0 0 0
0.656995 -0.078944 0.234942 0 0 0
0.658253 -0.079560 0.234938 0 0 0
0.659714 -0.080181 0.234866 0 0 0
0.661187 -0.080806 0.234787 0 0 0
0.662347 -0.081282 0.234704 0 0 0
0.664872 -0.081306 0.233956 0 0 0
0.665900 -0.081972 0.233837 0 0 0
0.667365 -0.082597 0.233762 0 0 0
0.668730 -0.083105 0.233796 0 0 0
0.669999 -0.084335 0.234258 0 0 0
0.671361 -0.084829 0.234286 0 0 0
0.672923 -0.085317 0.234239 0 0 0
0.674354 -0.085866 0.234176 0 0 0
0.675805 -0.086472 0.234100 0 0 0
0.677253 -0.087078 0.234023 0 0 0
0.678697 -0.087684 0.233946 0 0 0
0.680189 -0.088345 0.233857 0 0 0
0.681277 -0.088918 0.233754 0 0 0
0.683705 -0.089139 0.232986 0 0 0
0.684779 -0.089874 0.232834 0 0 0
0.685966 -0.090400 0.232717 0 0 0
0.688190 -0.090396 0.231965 0 0 0
0.690418 -0.090431 0.231199 0 0 0
0.691246 -0.090891 0.231073 0 0 0
0.693749 -0.091294 0.230245 0 0 0
0.694571 -0.091759 0.230132 0 0 0
0.696707 -0.091772 0.229399 0 0 0
0.601371 -0.022742 0.203847 0 0 0
0.602225 -0.024874 0.204993 0 0 0
0.603396 -0.026747 0.206644 0 0 0
0.604431 -0.027700 0.207320 0 0 0
0.605557 -0.029658 0.208816 0 0 0
0.606435 -0.031650 0.210000 0 0 0
0.607438 -0.033708 0.211267 0 0 0
0.608622 -0.034780 0.212052 0 0 0
0.609767 -0.035830 0.212812 0 0 0
0.610964 -0.037879 0.214358 0 0 0
0.611902 -0.038889 0.214877 0 0 0
0.612948 -0.041182 0.216019 0 0 0
0.614098 -0.042234 0.216804 0 0 0
0.615248 -0.043266 0.217603 0 0 0
0.616228 -0.045519 0.218709 0 0 0
0.617381 -0.046526 0.219505 0 0 0
0.618547 -0.047782 0.220169 0 0 0
0.619729 -0.049013 0.220829 0 0 0
0.620904 -0.050241 0.221488 0 0 0
0.622077 -0.051466 0.222148 0 0 0
0.623247 -0.052678 0.222809 0 0 0
0.624406 -0.053903 0.223467 0 0 0
0.625520 -0.055128 0.224095 0 0 0
0.626803 -0.056511 0.224669 0 0 0
0.628029 -0.056990 0.224777 0 0 0
0.629481 -0.058175 0.225291 0 0 0
0.630712 -0.058650 0.225402 255 0 0
0.632045 -0.059893 0.226002 255 0 0
0.633111 -0.061233 0.226628 255 0 0
0.634350 -0.062418 0.227188 255 0 0
0.635578 -0.062905 0.227308 255 0 0
0.636829 -0.064273 0.227883 0 0 0
0.637908 -0.065470 0.228514 0 0 0
0.638982 -0.066664 0.229144 0 0 0
0.640218 -0.068018 0.229714 0 0 0
0.641436 -0.068510 0.229844 0 0 0
0.642680 -0.069687 0.230426 0 0 0
0.643730 -0.070883 0.231056 0 0 0
0.644801 -0.072203 0.231718 0 0 0
0.646095 -0.073228 0.232324 0 0 0
0.647313 -0.073708 0.232460 0 0 0
0.648476 -0.075062 0.233004 0 0 0
0.649435 -0.076391 0.233606 0 0 0
0.650666 -0.077519 0.234193 0 0 0
0.652143 -0.077912 0.234270 0 0 0
0.653416 -0.078469 0.234287 0 0 0
0.654668 -0.079906 0.234737 0 0 0
0.656073 -0.080288 0.234778 0 0 0
0.657538 -0.080835 0.234721 0 0 0
0.658985 -0.081440 0.234646 0 0 0
0.660432 -0.082043 0.234570 0 0 0
0.661888 -0.082714 0.234476 0 0 0
0.662919 -0.083442 0.234344 0 0 0
0.665438 -0.083439 0.233615 0 0 0
0.666425 -0.083916 0.233605 0 0 0
0.667755 -0.085233 0.234066 0 0 0
0.668924 -0.085757 0.234172 0 0 0
0.670134 -0.087167 0.234619 0 0 0
0.671395 -0.087792 0.234621 0 0 0
0.672851 -0.088409 0.234550 0 0 0
0.674294 -0.089013 0.234474 0 0 0
0.675735 -0.089622 0.234395 0 0 0
0.677223 -0.090233 0.234286 0 0 0
0.678405 -0.090850 0.234004 0 0 0
0.680825 -0.090872 0.233455 0 0 0
0.681646 -0.091291 0.233356 0 0 0
0.684282 -0.091318 0.232602 0 0 0
0.685144 -0.091661 0.232516 0 0 0
0.687549 -0.092044 0.231712 0 0 0
0.688628 -0.092762 0.231565 0 0 0
0.689798 -0.093302 0.231462 0 0 0
0.692043 -0.093297 0.230690 0 0 0
0.694264 -0.093310 0.229914 0 0 0
0.695409 -0.093933 0.229802 0 0 0
0.696482 -0.094419 0.229736 0 0 0
0.601852 -0.025649 0.204295 0 0 0
0.602530 -0.028607 0.206102 0 0 0
0.603565 -0.029539 0.206782 0 0 0
0.604658 -0.031527 0.208243 0 0 0
0.605741 -0.033512 0.209703 0 0 0
0.606788 -0.034454 0.210410 0 0 0
0.607859 -0.036711 0.211573 0 0 0
0.608893 -0.037636 0.212278 0 0 0
0.609996 -0.039819 0.213615 0 0 0
0.611156 -0.040865 0.214401 0 0 0
0.612310 -0.041912 0.215186 0 0 0
0.613323 -0.044144 0.216329 0 0 0
0.614461 -0.045194 0.217117 0 0 0
0.615649 -0.046105 0.217945 0 0 0
0.616654 -0.048385 0.219234 0 0 0
0.617699 -0.049475 0.219825 0 0 0
0.618890 -0.050717 0.220493 0 0 0
0.620062 -0.051943 0.221153 0 0 0
0.621223 -0.053179 0.221811 0 0 0
0.622383 -0.054404 0.222471 0 0 0
0.623540 -0.055624 0.223132 0 0 0
0.624696 -0.056838 0.223789 0 0 0
0.626005 -0.058025 0.224380 0 0 0
0.627231 -0.058506 0.224493 0 0 0
0.628469 -0.059894 0.225046 0 0 0
0.629502 -0.061235 0.225648 0 0 0
0.630814 -0.062423 0.226252 0 0 0
0.632125 -0.062808 0.226397 0 0 0
0.633332 -0.064132 0.226950 255 0 0
0.634544 -0.065425 0.227503 0 0 0
0.635844 -0.065829 0.227648 0 0 0
0.637082 -0.067128 0.228230 0 0 0
0.638168 -0.068388 0.228851 0 0 0
0.639298 -0.069629 0.229269 0 0 0
0.640586 -0.069994 0.229542 0 0 0
0.641858 -0.071334 0.230150 0 0 0
0.642911 -0.072518 0.230781 0 0 0
0.643997 -0.073713 0.231447 255 0 0
0.645024 -0.074914 0.232075 0 0 0
0.646233 -0.076259 0.232646 0 0 0
0.647451 -0.076730 0.232788 0 0 0
0.648741 -0.077732 0.233397 0 0 0
0.649737 -0.079054 0.234026 0 0 0
0.650844 -0.080403 0.234554 0 0 0
0.652154 -0.080969 0.234595 0 0 0
0.653569 -0.081360 0.234644 0 0 0
0.654811 -0.082798 0.235092 0 0 0
0.656062 -0.083408 0.235090 0 0 0
0.657517 -0.084025 0.235018 0 0 0
0.658991 -0.084637 0.234938 0 0 0
0.660140 -0.085103 0.234854 0 0 0
0.662642 -0.085038 0.234128 0 0 0
0.663740 -0.085638 0.234026 0 0 0
0.665064 -0.086306 0.234027 0 0 0
0.666323 -0.087617 0.234477 0 0 0
0.667598 -0.088220 0.234482 0 0 0
0.669132 -0.088712 0.234434 0 0 0
0.670562 -0.089260 0.234369 0 0 0
0.672005 -0.089862 0.234294 0 0 0
0.673447 -0.090460 0.234219 0 0 0
0.674924 -0.091063 0.234140 0 0 0
0.676095 -0.091517 0.234061 0 0 0
0.678493 -0.091557 0.233511 0 0 0
0.679625 -0.092293 0.233204 0 0 0
0.681071 -0.092922 0.233092 0 0 0
0.682473 -0.093676 0.232981 0 0 0
0.683652 -0.094176 0.232872 0 0 0
0.685762 -0.094362 0.232087 0 0 0
0.688094 -0.094187 0.231342 0 0 0
0.689251 -0.094681 0.231250 0 0 0
0.690368 -0.095296 0.231136 0 0 0
0.692798 -0.095629 0.230333 0 0 0
0.694020 -0.096178 0.230233 0 0 0
0.695031 -0.096778 0.230145 0 0 0
0.601983 -0.029449 0.205293 0 0 0
0.602871 -0.031403 0.206479 0 0 0
0.603761 -0.033390 0.207671 0 0 0
0.604869 -0.035328 0.209168 0 0 0
0.606027 -0.036388 0.209933 0 0 0
0.607209 -0.037452 0.210720 0 0 0
0.608237 -0.039700 0.211871 0 0 0
0.609370 -0.040529 0.212774 0 0 0
0.610383 -0.042776 0.213924 0 0 0
0.611538 -0.043827 0.214713 0 0 0
0.612680 -0.044868 0.215498 0 0 0
0.613655 -0.046882 0.216776 0 0 0
0.614514 -0.049051 0.217998 0 0 0
0.615711 -0.049948 0.218829 0 0 0
0.616866 -0.051205 0.219494 0 0 0
0.618042 -0.052433 0.220157 0 0 0
0.619210 -0.053654 0.220818 0 0 0
0.620452 -0.054725 0.221513 0 0 0
0.621650 -0.055942 0.222199 0 0 0
0.622806 -0.057156 0.222861 0 0 0
0.623954 -0.058378 0.223521 0 0 0
0.625005 -0.059722 0.224133 0 0 0
0.626240 -0.061046 0.224694 0 0 0
0.627541 -0.061436 0.224834 0 0 0
0.628873 -0.062610 0.225445 0 0 0
0.629960 -0.063813 0.226070 0 0 0
0.631212 -0.065166 0.226644 255 0 0
0.632409 -0.065660 0.226752 255 0 0
0.633617 -0.067023 0.227294 0 0 0
0.634726 -0.068438 0.227678 0 0 0
0.635993 -0.068824 0.227938 0 0 0
0.637495 -0.069977 0.228508 0 0 0
0.638599 -0.070236 0.228731 0 0 0
0.639632 -0.072754 0.229634 0 0 0
0.640750 -0.073071 0.229851 255 0 0
0.641932 -0.074301 0.230279 255 0 0
0.643144 -0.075357 0.231143 0 0 0
0.644196 -0.076555 0.231805 0 0 0
0.645444 -0.077709 0.232387 0 0 0
0.646468 -0.078035 0.232476 0 0 0
0.647650 -0.080408 0.233737 0 0 0
0.648677 -0.080733 0.233826 0 0 0
0.650042 -0.081856 0.234314 0 0 0
0.651225 -0.082312 0.234432 0 0 0
0.652578 -0.083626 0.234910 0 0 0
0.653915 -0.084108 0.234940 0 0 0
0.655354 -0.084662 0.234882 0 0 0
0.656796 -0.085265 0.234807 0 0 0
0.658238 -0.085867 0.234731 0 0 0
0.659645 -0.086479 0.234651 0 0 0
0.661010 -0.087224 0.234548 0 0 0
0.662464 -0.087864 0.234464 0 0 0
0.663916 -0.088454 0.234389 0 0 0
0.665436 -0.088934 0.234336 0 0 0
0.666855 -0.089480 0.234273 0 0 0
0.668289 -0.090096 0.234195 0 0 0
0.669727 -0.090703 0.234118 255 0 0
0.671161 -0.091307 0.234042 255 0 0
0.672612 -0.091950 0.233957 0 0 0
0.673977 -0.092691 0.233853 0 0 0
0.675415 -0.093318 0.233740 0 0 0
0.676543 -0.094049 0.233434 0 0 0
0.678939 -0.094095 0.232883 0 0 0
0.680111 -0.094550 0.232803 0 0 0
0.681622 -0.095164 0.232721 0 0 0
0.682765 -0.095621 0.232642 0 0 0
0.685228 -0.095808 0.231876 0 0 0
0.686255 -0.096529 0.231730 0 0 0
0.687744 -0.097213 0.231631 0 0 0
0.688883 -0.097679 0.231551 0 0 0
0.691431 -0.097799 0.230780 0 0 0
0.692283 -0.098153 0.230689 0 0 0
0.694848 -0.098323 0.229909 0 0 0
0.695511 -0.098735 0.229835 0 0 0
0.601170 -0.031162 0.204775 255 0 0
0.602197 -0.033270 0.206199 0 0 0
0.603264 -0.034086 0.206917 0 0 0
0.604310 -0.036172 0.208361 0 0 0
0.605253 -0.038315 0.209437 0 0 0
0.606437 -0.039377 0.210240 0 0 0
0.607604 -0.040423 0.211025 0 0 0
0.608716 -0.042592 0.212374 0 0 0
0.609732 -0.043501 0.213081 0 0 0
0.610771 -0.045754 0.214236 0 0 0
0.611774 -0.046648 0.214956 0 0 0
0.612935 -0.048752 0.216513 0 0 0
0.613919 -0.049621 0.217228 0 0 0
0.615014 -0.051777 0.218572 0 0 0
0.616089 -0.052743 0.219186 0 0 0
0.617328 -0.053993 0.219890 0 0 0
0.618350 -0.055053 0.220477 0 0 0
0.619259 -0.057432 0.221921 0 0 0
0.620268 -0.058489 0.222508 0 0 0
0.621432 -0.059715 0.223175 0 0 0
0.622783 -0.060956 0.223780 0 0 0
0.624002 -0.061426 0.223896 0 0 0
0.625265 -0.062618 0.224464 0 0 0
0.626327 -0.063977 0.225098 0 0 0
0.627455 -0.065172 0.225761 0 0 0
0.628600 -0.066417 0.226416 0 0 0
0.629798 -0.067688 0.226843 255 0 0
0.631167 -0.068178 0.227004 255 0 0
0.632812 -0.068693 0.227016 255 0 0
0.634152 -0.069131 0.227182 255 0 0
0.635299 -0.070418 0.227595 255 0 0
0.636389 -0.071710 0.228210 255 0 0
0.637561 -0.073092 0.228654 255 0 0
0.638905 -0.073361 0.229068 255 0 0
0.640265 -0.074573 0.229475 0 0 0
0.641348 -0.074884 0.229700 0 0 0
0.642388 -0.077168 0.230928 0 0 0
0.643304 -0.078184 0.231505 0 0 0
0.644346 -0.079386 0.232154 0 0 0
0.645396 -0.080699 0.232824 0 0 0
0.646667 -0.081711 0.233431 0 0 0
0.647884 -0.082166 0.233579 0 0 0
0.649091 -0.083368 0.234144 0 0 0
0.650079 -0.084680 0.234784 0 0 0
0.651203 -0.085963 0.235344 0 0 0
0.652517 -0.086449 0.235373 0 0 0
0.653988 -0.087049 0.235305 0 0 0
0.655420 -0.087648 0.235230 0 0 0
0.656848 -0.088248 0.235154 0 0 0
0.658300 -0.088890 0.235069 0 0 0
0.659657 -0.089637 0.234967 0 0 0
0.661058 -0.090247 0.234887 0 0 0
0.662495 -0.090846 0.234811 0 0 0
0.663929 -0.091442 0.234736 0 0 0
0.665369 -0.092034 0.234661 0 0 0
0.666797 -0.092646 0.234584 0 0 0
0.668228 -0.093249 0.234507 0 0 0
0.669695 -0.093856 0.234428 255 0 0
0.670827 -0.094317 0.234346 0 0 0
0.673418 -0.094316 0.233598 0 0 0
0.674222 -0.094743 0.233497 0 0 0
0.676634 -0.094750 0.232948 0 0 0
0.677813 -0.095365 0.232664 0 0 0
0.679296 -0.095972 0.232555 0 0 0
0.680736 -0.096580 0.232477 0 0 0
0.682179 -0.097209 0.232392 0 0 0
0.683256 -0.097797 0.232284 0 0 0
0.685765 -0.097951 0.231511 0 0 0
0.686908 -0.098416 0.231430 0 0 0
0.688352 -0.099035 0.231347 0 0 0
0.689767 -0.099841 0.231229 0 0 0
0.690845 -0.100480 0.231116 0 0 0
0.693330 -0.100603 0.230347 0 0 0
0.694497 -0.101124 0.230252 0 0 0
0.695922 -0.101849 0.230160 0 0 0
0.696986 -0.102176 0.230122 0 0 0
0.601280 -0.034910 0.205783 0 0 0
0.602189 -0.037059 0.206966 0 0 0
0.603438 -0.038008 0.207820 0 0 0
0.604673 -0.038945 0.208650 0 0 0
0.605749 -0.041220 0.209952 0 0 0
0.606688 -0.042232 0.210483 0 0 0
0.607816 -0.044382 0.211818 0 0 0
0.608975 -0.045424 0.212623 0 0 0
0.610181 -0.046343 0.213458 0 0 0
0.611052 -0.048503 0.214686 0 0 0
0.612140 -0.050437 0.216177 0 0 0
0.612989 -0.051424 0.216688 0 0 0
0.614057 -0.053350 0.218177 0 0 0
0.614952 -0.055452 0.219603 0 0 0
0.615944 -0.056527 0.220188 0 0 0
0.617165 -0.057759 0.220888 0 0 0
0.618402 -0.058821 0.221587 0 0 0
0.619556 -0.060030 0.222253 0 0 0
0.620705 -0.061241 0.222914 0 0 0
0.622002 -0.062447 0.223505 0 0 0
0.623214 -0.062918 0.223621 255 0 0
0.624492 -0.064291 0.224205 255 0 0
0.625666 -0.065334 0.224871 0 0 0
0.626770 -0.066664 0.225534 0 0 0
0.628043 -0.067900 0.226121 0 0 0
0.629247 -0.068395 0.226338 0 0 0
0.630471 -0.069805 0.226516 0 0 0
0.631833 -0.070285 0.226670 0 0 0
0.633266 -0.070787 0.226741 0 0 0
0.634498 -0.072111 0.227309 255 0 0
0.635757 -0.073318 0.227890 255 0 0
0.636952 -0.073771 0.228133 255 0 0
0.638096 -0.075069 0.228559 255 0 0
0.639158 -0.076307 0.229184 0 0 0
0.640219 -0.077618 0.229856 0 0 0
0.641371 -0.078665 0.230553 0 0 0
0.642448 -0.079837 0.231224 0 0 0
0.643524 -0.081015 0.231897 0 0 0
0.644594 -0.082176 0.232568 0 0 0
0.645671 -0.083227 0.233229 0 0 0
0.646643 -0.084681 0.233892 0 0 0
0.647636 -0.085870 0.234521 0 0 0
0.648871 -0.086983 0.235123 0 0 0
0.650122 -0.087363 0.235270 0 0 0
0.651378 -0.088793 0.235732 0 0 0
0.652610 -0.089397 0.235732 0 0 0
0.654054 -0.090009 0.235662 0 0 0
0.655517 -0.090616 0.235582 0 0 0
0.656646 -0.091073 0.235499 0 0 0
0.659171 -0.090994 0.234773 0 0 0
0.660307 -0.091455 0.234689 0 0 0
0.661767 -0.092061 0.234610 0 0 0
0.663215 -0.092705 0.234526 0 0 0
0.664557 -0.093391 0.234436 0 0 0
0.666045 -0.093873 0.234380 0 0 0
0.667496 -0.094460 0.234306 0 0 0
0.668926 -0.095057 0.234231 0 0 0
0.670368 -0.095728 0.234137 0 0 0
0.671366 -0.096454 0.234008 0 0 0
0.673878 -0.096527 0.233244 0 0 0
0.674884 -0.097237 0.233117 0 0 0
0.676327 -0.097906 0.233023 0 0 0
0.677761 -0.098505 0.232947 0 0 0
0.679195 -0.099106 0.232871 0 0 0
0.680663 -0.099715 0.232792 0 0 0
0.681790 -0.100176 0.232711 0 0 0
0.684294 -0.100275 0.231948 0 0 0
0.685430 -0.100749 0.231861 0 0 0
0.686937 -0.101379 0.231775 0 0 0
0.688045 -0.101820 0.231696 0 0 0
0.690563 -0.101964 0.230916 0 0 0
0.691648 -0.102582 0.230809 0 0 0
0.692820 -0.103083 0.230715 0 0 0
0.695220 -0.103329 0.230086 0 0 0
0.695770 -0.104197 0.230424 0 0 0
0.600639 -0.036631 0.205520 0 0 0
0.601695 -0.037551 0.206257 0 0 0
0.602613 -0.039735 0.207463 0 0 0
0.603590 -0.041926 0.208702 0 0 0
0.604740 -0.042898 0.209361 0 0 0
0.606035 -0.044064 0.210213 0 0 0
0.607235 -0.044990 0.211041 0 0 0
0.608151 -0.047135 0.212280 0 0 0
0.609078 -0.049288 0.213532 0 0 0
0.610124 -0.050065 0.214282 0 0 0
0.611215 -0.052236 0.215638 0 0 0
0.612189 -0.053118 0.216357 0 0 0
0.613199 -0.055061 0.217847 0 0 0
0.614231 -0.056974 0.219337 0 0 0
0.615223 -0.058062 0.219923 0 0 0
0.616401 -0.059292 0.220600 0 0 0
0.617554 -0.060517 0.221266 0 0 0
0.618708 -0.061727 0.221934 0 0 0
0.619858 -0.062938 0.222602 255 0 0
0.620964 -0.064146 0.223241 255 0 0
0.622261 -0.065463 0.223830 255 0 0
0.623369 -0.065722 0.223922 255 0 0
0.624557 -0.068118 0.225028 0 0 0
0.625656 -0.068374 0.225246 0 0 0
0.627131 -0.069538 0.225786 0 0 0
0.628546 -0.070016 0.225856 0 0 0
0.629931 -0.070521 0.226021 0 0 0
0.631022 -0.071924 0.226396 0 0 0
0.632238 -0.073315 0.226935 255 0 0
0.633461 -0.073832 0.227050 255 0 0
0.634759 -0.075116 0.227393 255 0 0
0.635952 -0.075561 0.227635 255 0 0
0.637247 -0.076763 0.228253 255 0 0
0.638341 -0.077936 0.228921 0 0 0
0.639428 -0.079106 0.229593 0 0 0
0.640501 -0.080297 0.230263 0 0 0
0.641576 -0.081475 0.230936 0 0 0
0.642663 -0.082669 0.231620 255 0 0
0.643561 -0.083666 0.232196 0 0 0
0.644582 -0.085954 0.233429 0 0 0
0.645619 -0.086188 0.233680 0 0 0
0.646962 -0.087169 0.234335 0 0 0
0.647939 -0.088474 0.234972 0 0 0
0.649042 -0.089792 0.235504 0 0 0
0.650398 -0.090277 0.235557 0 0 0
0.651825 -0.090827 0.235501 0 0 0
0.653254 -0.091425 0.235426 0 0 0
0.654683 -0.092022 0.235350 0 0 0
0.656081 -0.092631 0.235271 0 0 0
0.657432 -0.093375 0.235169 0 0 0
0.658872 -0.094014 0.235085 0 0 0
0.660328 -0.094621 0.235005 0 0 0
0.661459 -0.095077 0.234921 0 0 0
0.663796 -0.095085 0.234307 0 0 0
0.664730 -0.096348 0.234690 0 0 0
0.665982 -0.096985 0.234702 0 0 0
0.667458 -0.097606 0.234628 0 0 0
0.668577 -0.098066 0.234545 0 0 0
0.671135 -0.098081 0.233789 0 0 0
0.671850 -0.098618 0.233668 0 0 0
0.674420 -0.098638 0.232910 255 0 0
0.675549 -0.099098 0.232829 0 0 0
0.677014 -0.099704 0.232749 0 0 0
0.678445 -0.100304 0.232673 0 0 0
0.679880 -0.100903 0.232598 0 0 0
0.681276 -0.101509 0.232518 0 0 0
0.682651 -0.102302 0.232407 0 0 0
0.684002 -0.103027 0.232312 0 0 0
0.685490 -0.103511 0.232253 0 0 0
0.686980 -0.104114 0.232174 0 0 0
0.688068 -0.104562 0.232098 0 0 0
0.690548 -0.104896 0.231280 0 0 0
0.691663 -0.105392 0.231194 0 0 0
0.693079 -0.106173 0.231085 0 0 0
0.694188 -0.106640 0.230999 0 0 0
0.696460 -0.106651 0.230208 0 0 0
0.698232 -0.106708 0.229437 0 0 0
0.600752 -0.040333 0.206545 0 0 0
0.601812 -0.041448 0.207130 0 0 0
0.603101 -0.042619 0.207975 0 0 0
0.604196 -0.043716 0.208581 0 0 0
0.605142 -0.045884 0.209657 0 0 0
0.606151 -0.047934 0.211125 0 0 0
0.607327 -0.048850 0.211942 0 0 0
0.608478 -0.049874 0.212752 0 0 0
0.609569 -0.052022 0.214103 0 0 0
0.610607 -0.052796 0.214859 0 0 0
0.611553 -0.054805 0.216143 0 0 0
0.612343 -0.056771 0.217520 0 0 0
0.613392 -0.058680 0.219015 0 0 0
0.614383 -0.059762 0.219602 0 0 0
0.615563 -0.060988 0.220282 0 0 0
0.616720 -0.062197 0.220952 0 0 0
0.617873 -0.063405 0.221623 0 0 0
0.619015 -0.064622 0.222291 0 0 0
0.620164 -0.065815 0.222963 0 0 0
0.621267 -0.067000 0.223603 0 0 0
0.622577 -0.068368 0.224215 0 0 0
0.623846 -0.068724 0.224482 0 0 0
0.625008 -0.069969 0.224912 0 0 0
0.626118 -0.071270 0.225531 0 0 0
0.627248 -0.072671 0.225935 0 0 0
0.628620 -0.073177 0.226104 0 0 0
0.630058 -0.073697 0.226165 255 0 0
0.631340 -0.074950 0.226498 0 0 0
0.632724 -0.075379 0.226693 0 0 0
0.634201 -0.075782 0.226913 0 0 0
0.635322 -0.077164 0.227324 255 0 0
0.636386 -0.078398 0.227957 0 0 0
0.637472 -0.079580 0.228628 0 0 0
0.638556 -0.080758 0.229302 0 0 0
0.639634 -0.081935 0.229976 0 0 0
0.640700 -0.083123 0.230648 255 0 0
0.641768 -0.084295 0.231324 255 0 0
0.642802 -0.085470 0.232000 0 0 0
0.644005 -0.086531 0.232884 0 0 0
0.644852 -0.087387 0.233307 0 0 0
0.645763 -0.089912 0.234509 0 0 0
0.646857 -0.090190 0.234742 0 0 0
0.648142 -0.091395 0.235106 0 0 0
0.649447 -0.091861 0.235264 0 0 0
0.650936 -0.092463 0.235224 0 0 0
0.652357 -0.093063 0.235150 0 0 0
0.653773 -0.093672 0.235073 0 0 0
0.655196 -0.094268 0.234997 0 0 0
0.656626 -0.094852 0.234924 0 0 0
0.658051 -0.095443 0.234849 0 0 0
0.659478 -0.096037 0.234774 0 0 0
0.660872 -0.096644 0.234695 0 0 0
0.662236 -0.097377 0.234595 0 0 0
0.663756 -0.097883 0.234535 0 0 0
0.665165 -0.098413 0.234473 0 0 0
0.666604 -0.098997 0.234400 0 0 0
0.668031 -0.099620 0.234314 0 0 0
0.669096 -0.100205 0.234192 0 0 0
0.671536 -0.100395 0.233424 0 0 0
0.672588 -0.100976 0.233320 0 0 0
0.674061 -0.101632 0.233231 0 0 0
0.675483 -0.102230 0.233155 0 0 0
0.676909 -0.102827 0.233080 0 0 0
0.678335 -0.103424 0.233004 0 0 0
0.679796 -0.104031 0.232925 0 0 0
0.680917 -0.104486 0.232843 0 0 0
0.683326 -0.104504 0.232229 0 0 0
0.684186 -0.105737 0.232601 0 0 0
0.685452 -0.106393 0.232620 0 0 0
0.686927 -0.107016 0.232547 0 0 0
0.688034 -0.107488 0.232466 0 0 0
0.690293 -0.107524 0.231671 0 0 0
0.692526 -0.107476 0.230899 0 0 0
0.693670 -0.108010 0.230799 0 0 0
0.694695 -0.108753 0.230663 0 0 0
0.696831 -0.108815 0.229904 0 0 0
0.601146 -0.043323 0.206855 0 0 0
0.602197 -0.044419 0.207428 0 0 0
0.603440 -0.045682 0.208115 0 0 0
0.604648 -0.046577 0.208930 0 0 0
0.605649 -0.048620 0.210398 0 0 0
0.606666 -0.050673 0.211684 0 0 0
0.607545 -0.051667 0.212205 0 0 0
0.608553 -0.053709 0.213488 0 0 0
0.609398 -0.055664 0.214869 0 0 0
0.610413 -0.057577 0.216378 0 0 0
0.611400 -0.058299 0.217119 0 0 0
0.612566 -0.060366 0.218700 0 0 0
0.613554 -0.061443 0.219288 0 0 0
0.614733 -0.062666 0.219971 0 0 0
0.615889 -0.063874 0.220643 0 0 0
0.617031 -0.065087 0.221312 0 0 0
0.618250 -0.066137 0.222014 0 0 0
0.619367 -0.067470 0.222686 0 0 0
0.620481 -0.068728 0.223319 0 0 0
0.621650 -0.069972 0.223750 0 0 0
0.622916 -0.070327 0.224018 0 0 0
0.624226 -0.071671 0.224630 0 0 0
0.625508 -0.072882 0.225218 0 0 0
0.626696 -0.073320 0.225456 0 0 0
0.628010 -0.074633 0.225792 255 0 0
0.629357 -0.075221 0.225832 255 0 0
0.630782 -0.075635 0.226021 0 0 0
0.631871 -0.077024 0.226401 0 0 0
0.633077 -0.078422 0.226944 0 0 0
0.634275 -0.078893 0.227076 0 0 0
0.635510 -0.080059 0.227667 0 0 0
0.636596 -0.081236 0.228336 0 0 0
0.637677 -0.082413 0.229012 0 0 0
0.638751 -0.083579 0.229687 0 0 0
0.639914 -0.084584 0.230396 0 0 0
0.641026 -0.085759 0.231101 0 0 0
0.642025 -0.087086 0.231765 0 0 0
0.642940 -0.087920 0.232338 0 0 0
0.643995 -0.090268 0.233790 0 0 0
0.645066 -0.090455 0.234022 0 0 0
0.646342 -0.091677 0.234382 0 0 0
0.647528 -0.092183 0.234614 0 0 0
0.648744 -0.093441 0.234934 0 0 0
0.650042 -0.094062 0.234952 0 0 0
0.651462 -0.094611 0.234894 0 0 0
0.652959 -0.095086 0.234841 0 0 0
0.654399 -0.095668 0.234768 0 0 0
0.655818 -0.096262 0.234693 0 0 0
0.657239 -0.096857 0.234618 0 0 0
0.658660 -0.097452 0.234543 0 0 0
0.660084 -0.098045 0.234468 0 0 0
0.661510 -0.098628 0.234394 0 0 0
0.662919 -0.099231 0.234318 0 0 0
0.664354 -0.099877 0.234233 0 0 0
0.665698 -0.100624 0.234131 0 0 0
0.667124 -0.101245 0.234045 0 0 0
0.668268 -0.101678 0.233950 0 0 0
0.670612 -0.102009 0.233173 0 0 0
0.671759 -0.102444 0.233079 0 0 0
0.673215 -0.103048 0.232998 0 0 0
0.674639 -0.103642 0.232923 0 0 0
0.676063 -0.104238 0.232847 0 0 0
0.677486 -0.104834 0.232772 0 0 0
0.678913 -0.105430 0.232697 255 0 0
0.680310 -0.106035 0.232618 255 0 0
0.681668 -0.106769 0.232518 0 0 0
0.683192 -0.107281 0.232456 0 0 0
0.684600 -0.107814 0.232394 0 0 0
0.686032 -0.108410 0.232320 0 0 0
0.687463 -0.109030 0.232237 0 0 0
0.688499 -0.109625 0.232133 0 0 0
0.691069 -0.109844 0.231333 0 0 0
0.691812 -0.110295 0.231229 0 0 0
0.694437 -0.110300 0.230461 0 0 0
0.695198 -0.110751 0.230351 0 0 0
0.697273 -0.110948 0.229574 0 0 0
0.600420 -0.044881 0.206549 0 0 0
0.601462 -0.046188 0.207110 0 0 0
0.602431 -0.047391 0.207517 0 0 0
0.603608 -0.049538 0.209048 0 0 0
0.604636 -0.050314 0.209781 0 0 0
0.605847 -0.052361 0.211349 0 0 0
0.606866 -0.053490 0.211952 0 0 0
0.608056 -0.054375 0.212778 0 0 0
0.609071 -0.056264 0.214294 0 0 0
0.609982 -0.058081 0.215743 0 0 0
0.610675 -0.060155 0.216879 0 0 0
0.611742 -0.062043 0.218390 0 0 0
0.612728 -0.063121 0.218979 0 0 0
0.613904 -0.064343 0.219663 0 0 0
0.615066 -0.065570 0.220343 0 0 0
0.616137 -0.066464 0.220965 0 0 0
0.617182 -0.068899 0.222187 0 0 0
0.618277 -0.069151 0.222402 0 0 0
0.619845 -0.070327 0.222989 0 0 0
0.620938 -0.070578 0.223206 0 0 0
0.622038 -0.073088 0.224132 0 0 0
0.623143 -0.073378 0.224340 0 0 0
0.624538 -0.074664 0.224737 0 0 0
0.625712 -0.075108 0.224959 0 0 0
0.627191 -0.076356 0.225488 255 0 0
0.628273 -0.076894 0.225570 255 0 0
0.629678 -0.078282 0.226061 255 0 0
0.630876 -0.078741 0.226184 255 0 0
0.632279 -0.079867 0.226697 255 0 0
0.633487 -0.080323 0.226831 0 0 0
0.634782 -0.081525 0.227441 0 0 0
0.635867 -0.082693 0.228113 0 0 0
0.636965 -0.083886 0.228802 0 0 0
0.637870 -0.084865 0.229381 0 0 0
0.638644 -0.087255 0.230872 0 0 0
0.639749 -0.088190 0.231388 0 0 0
0.640860 -0.088436 0.231512 0 0 0
0.641869 -0.090737 0.232937 0 0 0
0.642970 -0.091584 0.233445 0 0 0
0.644094 -0.092150 0.233585 0 0 0
0.645434 -0.093307 0.234071 0 0 0
0.646631 -0.093768 0.234220 0 0 0
0.647938 -0.095089 0.234680 0 0 0
0.649169 -0.095672 0.234693 0 0 0
0.650404 -0.096258 0.234707 0 0 0
0.651678 -0.097584 0.235114 0 0 0
0.652952 -0.098310 0.234960 0 0 0
0.654258 -0.098891 0.234893 0 0 0
0.655724 -0.099398 0.234998 0 0 0
0.657213 -0.099981 0.234928 0 0 0
0.658632 -0.100705 0.234645 0 0 0
0.659913 -0.101270 0.234578 0 0 0
0.661418 -0.101776 0.234696 0 0 0
0.662586 -0.102220 0.234649 0 0 0
0.665133 -0.102153 0.233914 0 0 0
0.666279 -0.102619 0.233827 0 0 0
0.667415 -0.103054 0.233743 0 0 0
0.669803 -0.103378 0.232951 0 0 0
0.670925 -0.103839 0.232853 0 0 0
0.672378 -0.104450 0.232770 0 0 0
0.673800 -0.105046 0.232695 0 0 0
0.675221 -0.105640 0.232620 0 0 0
0.676642 -0.106235 0.232544 0 0 0
0.678064 -0.106829 0.232469 0 0 0
0.679487 -0.107422 0.232394 0 0 0
0.680914 -0.108006 0.232320 0 0 0
0.682327 -0.108608 0.232244 0 0 0
0.683747 -0.109208 0.232168 0 0 0
0.685169 -0.109804 0.232093 0 0 0
0.686598 -0.110398 0.232018 0 0 0
0.688026 -0.111007 0.231935 0 0 0
0.689064 -0.111608 0.231827 0 0 0
0.691574 -0.111836 0.231028 0 0 0
0.692576 -0.112583 0.230896 0 0 0
0.693712 -0.113120 0.230794 0 0 0
0.695872 -0.113102 0.230050 0 0 0
0.601067 -0.047847 0.206813 0 0 0
0.601892 -0.048129 0.206908 0 0 0
0.603095 -0.050216 0.208313 0 0 0
0.603959 -0.052138 0.209528 0 0 0
0.604950 -0.054158 0.210838 0 0 0
0.605964 -0.055030 0.211556 0 0 0
0.606912 -0.057127 0.213020 0 0 0
0.607793 -0.058930 0.214441 0 0 0
0.608846 -0.060861 0.215961 0 0 0
0.609786 -0.061531 0.216521 0 0 0
0.610895 -0.063732 0.218076 0 0 0
0.611908 -0.064797 0.218675 0 0 0
0.613092 -0.066024 0.219367 0 0 0
0.614166 -0.066929 0.219991 0 0 0
0.615241 -0.069351 0.221246 0 0 0
0.616417 -0.069510 0.221604 0 0 0
0.617644 -0.070751 0.222073 0 0 0
0.618768 -0.072038 0.222697 0 0 0
0.619973 -0.073430 0.223154 0 0 0
0.621311 -0.073721 0.223548 0 0 0
0.622601 -0.075069 0.223817 0 0 0
0.623850 -0.075462 0.224155 0 0 0
0.625070 -0.076783 0.224614 0 0 0
0.626255 -0.078104 0.225041 255 0 0
0.627435 -0.078541 0.225272 255 0 0
0.628891 -0.079725 0.225813 255 0 0
0.630084 -0.080183 0.225941 255 0 0
0.631273 -0.081537 0.226502 255 0 0
0.632252 -0.082854 0.227123 0 0 0
0.633332 -0.084038 0.227799 0 0 0
0.634411 -0.085208 0.228478 0 0 0
0.635484 -0.086374 0.229156 0 0 0
0.636603 -0.087539 0.229866 0 0 0
0.637760 -0.088539 0.230577 0 0 0
0.638764 -0.089704 0.231220 0 0 0
0.639787 -0.091020 0.231905 0 0 0
0.640944 -0.092096 0.232601 0 0 0
0.641995 -0.093281 0.233017 0 0 0
0.643253 -0.093622 0.233316 0 0 0
0.644439 -0.094998 0.233892 0 0 0
0.645448 -0.096339 0.234261 0 0 0
0.646824 -0.096724 0.234454 0 0 0
0.648306 -0.097273 0.234435 0 0 0
0.649616 -0.097916 0.234464 0 0 0
0.650609 -0.099022 0.234681 0 0 0
0.652831 -0.099018 0.234481 0 0 0
0.653859 -0.099480 0.234463 0 0 0
0.655118 -0.100742 0.234716 0 0 0
0.656140 -0.101210 0.234724 0 0 0
0.658594 -0.101228 0.234248 0 0 0
0.659604 -0.101714 0.234218 0 0 0
0.660794 -0.103098 0.234440 0 0 0
0.662005 -0.103751 0.234432 0 0 0
0.663328 -0.104442 0.234350 0 0 0
0.664871 -0.104994 0.234279 0 0 0
0.666251 -0.105743 0.234176 0 0 0
0.667310 -0.106216 0.234093 0 0 0
0.669823 -0.106319 0.233319 0 0 0
0.670910 -0.106748 0.233238 0 0 0
0.672365 -0.107354 0.233158 0 0 0
0.673777 -0.107947 0.233082 0 0 0
0.675216 -0.108589 0.232998 0 0 0
0.676547 -0.109338 0.232896 0 0 0
0.677930 -0.109940 0.232817 0 0 0
0.679351 -0.110533 0.232742 0 0 0
0.680768 -0.111126 0.232667 0 0 0
0.682184 -0.111719 0.232592 0 0 0
0.683600 -0.112312 0.232517 0 0 0
0.685017 -0.112905 0.232442 0 0 0
0.686470 -0.113507 0.232363 0 0 0
0.687575 -0.113958 0.232282 0 0 0
0.689803 -0.113899 0.231508 0 0 0
0.692083 -0.113922 0.230708 0 0 0
0.693191 -0.114415 0.230619 0 0 0
0.694232 -0.114987 0.230516 0 0 0
0.696751 -0.115410 0.229684 0 0 0
0.697449 -0.115757 0.229621 0 0 0
0.601053 -0.051156 0.206948 0 0 0
0.602080 -0.051903 0.207694 0 0 0
0.603277 -0.053977 0.209277 0 0 0
0.604270 -0.054864 0.209991 0 0 0
0.605252 -0.056875 0.211307 255 0 0
0.606154 -0.058667 0.212738 255 0 0
0.607041 -0.060472 0.214169 0 0 0
0.607866 -0.062359 0.215396 0 0 0
0.608832 -0.064469 0.216865 0 0 0
0.609868 -0.065346 0.217503 0 0 0
0.611145 -0.066478 0.218389 0 0 0
0.612121 -0.067548 0.218985 0 0 0
0.613302 -0.069809 0.220266 0 0 0
0.614435 -0.069978 0.220625 0 0 0
0.615672 -0.071220 0.221103 0 0 0
0.616845 -0.072496 0.221754 0 0 0
0.618074 -0.073769 0.222233 0 0 0
0.619326 -0.074144 0.222579 0 0 0
0.620642 -0.075546 0.222848 0 0 0
0.621885 -0.075933 0.223184 0 0 0
0.623098 -0.077200 0.223659 0 0 0
0.624429 -0.078450 0.224268 0 0 0
0.625597 -0.078896 0.224500 0 0 0
0.626767 -0.080167 0.224945 0 0 0
0.627839 -0.081393 0.225577 0 0 0
0.629073 -0.082729 0.226165 0 0 0
0.630276 -0.083179 0.226307 0 0 0
0.631514 -0.084335 0.226904 0 0 0
0.632596 -0.085505 0.227578 0 0 0
0.633681 -0.086659 0.228260 0 0 0
0.634751 -0.087836 0.228941 0 0 0
0.635821 -0.088991 0.229621 0 0 0
0.636883 -0.090164 0.230303 0 0 0
0.637949 -0.091320 0.230987 0 0 0
0.639013 -0.092460 0.231664 0 0 0
0.640267 -0.093602 0.232293 0 0 0
0.641319 -0.093834 0.232538 0 0 0
0.642276 -0.096327 0.233439 0 0 0
0.643543 -0.096570 0.233629 0 0 0
0.644940 -0.097016 0.233832 0 0 0
0.646076 -0.098382 0.233957 0 0 0
0.647302 -0.098979 0.233978 0 0 0
0.648841 -0.099453 0.234100 0 0 0
0.650282 -0.099926 0.234186 0 0 0
0.651634 -0.100596 0.234000 0 0 0
0.653008 -0.101089 0.234026 0 0 0
0.654269 -0.102394 0.234466 0 0 0
0.655444 -0.102992 0.234471 0 0 0
0.656801 -0.103735 0.234379 0 0 0
0.658222 -0.104287 0.234314 0 0 0
0.659810 -0.104627 0.234280 0 0 0
0.661240 -0.105156 0.234227 0 0 0
0.662486 -0.105778 0.234245 0 0 0
0.663366 -0.107075 0.234625 0 0 0
0.665741 -0.107020 0.234013 0 0 0
0.666819 -0.107480 0.233927 0 0 0
0.668180 -0.108237 0.233821 0 0 0
0.669614 -0.108877 0.233737 0 0 0
0.671015 -0.109470 0.233662 0 0 0
0.672484 -0.110127 0.233572 0 0 0
0.673501 -0.110719 0.233469 0 0 0
0.676063 -0.110627 0.232726 0 0 0
0.677164 -0.111078 0.232646 0 0 0
0.678613 -0.111679 0.232567 0 0 0
0.680028 -0.112271 0.232492 0 0 0
0.681442 -0.112863 0.232417 0 0 0
0.682856 -0.113455 0.232342 0 0 0
0.684270 -0.114047 0.232267 0 0 0
0.685689 -0.114639 0.232192 0 0 0
0.687066 -0.115239 0.232114 0 0 0
0.688450 -0.116058 0.231997 0 0 0
0.689475 -0.116715 0.231887 0 0 0
0.691999 -0.116854 0.231098 0 0 0
0.693133 -0.117345 0.231006 255 0 0
0.694183 -0.117954 0.230899 255 0 0
0.696445 -0.117954 0.230090 255 0 0
0.698187 -0.117967 0.229322 255 0 0
0.600657 -0.051668 0.206320 0 0 0
0.601417 -0.053741 0.207460 0 0 0
0.602497 -0.055656 0.208954 0 0 0
0.603366 -0.056644 0.209479 255 0 0
0.604440 -0.058566 0.210991 255 0 0
0.605330 -0.060363 0.212419 255 0 0
0.606360 -0.062300 0.213938 255 0 0
0.607279 -0.063153 0.214624 0 0 0
0.608468 -0.065167 0.216253 0 0 0
0.609320 -0.066098 0.216767 0 0 0
0.610348 -0.068342 0.217955 0 0 0
0.611420 -0.069324 0.218747 0 0 0
0.612670 -0.070434 0.219632 0 0 0
0.613706 -0.071682 0.220127 0 0 0
0.614877 -0.072961 0.220783 0 0 0
0.616108 -0.074237 0.221262 0 0 0
0.617350 -0.074631 0.221596 0 0 0
0.618669 -0.076028 0.221865 0 0 0
0.619921 -0.076399 0.222214 0 0 0
0.621139 -0.077667 0.222696 0 0 0
0.622290 -0.078950 0.223350 0 0 0
0.623432 -0.080167 0.223781 0 0 0
0.624693 -0.080509 0.224063 0 0 0
0.625974 -0.081858 0.224686 0 0 0
0.627035 -0.083014 0.225326 0 0 0
0.628295 -0.084225 0.225917 0 0 0
0.629403 -0.084763 0.226033 0 0 0
0.630735 -0.085808 0.226656 0 0 0
0.631859 -0.086979 0.227359 0 0 0
0.632857 -0.088287 0.228016 255 0 0
0.633965 -0.089303 0.228696 255 0 0
0.635010 -0.090608 0.229386 255 0 0
0.636027 -0.091764 0.230035 255 0 0
0.637104 -0.092995 0.230710 255 0 0
0.638048 -0.094186 0.231213 255 0 0
0.639189 -0.095289 0.232038 255 0 0
0.640264 -0.096644 0.232495 255 0 0
0.641586 -0.096935 0.232917 0 0 0
0.642751 -0.098235 0.233092 0 0 0
0.644023 -0.098830 0.233144 0 0 0
0.645581 -0.099214 0.233399 0 0 0
0.646854 -0.099798 0.233454 0 0 0
0.647988 -0.101148 0.233586 0 0 0
0.649307 -0.101669 0.233737 0 0 0
0.650606 -0.102300 0.233771 0 0 0
0.651762 -0.103645 0.234050 0 0 0
0.653122 -0.103974 0.234264 0 0 0
0.654676 -0.104375 0.234264 0 0 0
0.656126 -0.104950 0.234202 0 0 0
0.657341 -0.105553 0.234210 0 0 0
0.658500 -0.106979 0.234656 0 0 0
0.659790 -0.107456 0.234687 0 0 0
0.661263 -0.108032 0.234623 0 0 0
0.662727 -0.108496 0.234566 0 0 0
0.664028 -0.109171 0.234481 0 0 0
0.665462 -0.109812 0.234398 0 0 0
0.666864 -0.110401 0.234323 0 0 0
0.668271 -0.110990 0.234249 0 0 0
0.669710 -0.111593 0.234168 0 0 0
0.670808 -0.112052 0.234081 0 0 0
0.673263 -0.112145 0.233306 0 0 0
0.674287 -0.112736 0.233201 0 0 0
0.675745 -0.113404 0.233114 0 0 0
0.677148 -0.113997 0.233039 0 0 0
0.678557 -0.114587 0.232964 0 0 0
0.679966 -0.115177 0.232890 0 0 0
0.681375 -0.115767 0.232815 0 0 0
0.682785 -0.116357 0.232741 0 0 0
0.684195 -0.116947 0.232666 0 0 0
0.685645 -0.117551 0.232586 0 0 0
0.686709 -0.117971 0.232508 0 0 0
0.689242 -0.118100 0.231717 0 0 0
0.690281 -0.118717 0.231610 0 0 0
0.691428 -0.119264 0.231511 0 0 0
0.693936 -0.119443 0.230718 0 0 0
0.694929 -0.120195 0.230590 0 0 0
0.695928 -0.120721 0.230517 0 0 0
0.600709 -0.055282 0.207189 255 0 0
0.601630 -0.057447 0.208466 255 0 0
0.602584 -0.058314 0.209158 255 0 0
0.603629 -0.060245 0.210674 255 0 0
0.604520 -0.062051 0.212112 0 0 0
0.605482 -0.064043 0.213433 0 0 0
0.606435 -0.064903 0.214144 0 0 0
0.607511 -0.067036 0.215538 0 0 0
0.608604 -0.068034 0.216345 0 0 0
0.609693 -0.069033 0.217150 0 0 0
0.610696 -0.071257 0.218330 0 0 0
0.611689 -0.072269 0.218946 0 0 0
0.612945 -0.073413 0.219814 0 0 0
0.614146 -0.074701 0.220292 0 0 0
0.615378 -0.075056 0.220639 0 0 0
0.616798 -0.076328 0.221077 0 0 0
0.618057 -0.076725 0.221326 0 0 0
0.619227 -0.078122 0.221761 0 0 0
0.620316 -0.079356 0.222396 0 0 0
0.621649 -0.080506 0.223031 0 0 0
0.622730 -0.080742 0.223261 0 0 0
0.623892 -0.083120 0.224387 0 0 0
0.624981 -0.083355 0.224491 0 0 0
0.626227 -0.084657 0.225085 0 0 0
0.627451 -0.085818 0.225647 0 0 0
0.628467 -0.086103 0.225738 0 0 0
0.629509 -0.088561 0.227113 0 0 0
0.630512 -0.089515 0.227473 0 0 0
0.631677 -0.089675 0.227742 0 0 0
0.632820 -0.092033 0.228897 0 0 0
0.633902 -0.092308 0.229131 0 0 0
0.635100 -0.093543 0.229580 0 0 0
0.636387 -0.094662 0.230229 0 0 0
0.637350 -0.094899 0.230565 0 0 0
0.638612 -0.097077 0.231647 0 0 0
0.639623 -0.097337 0.231969 0 0 0
0.640856 -0.098662 0.232224 255 0 0
0.642249 -0.099064 0.232525 255 0 0
0.643531 -0.099660 0.232586 255 0 0
0.644671 -0.101013 0.232724 0 0 0
0.646045 -0.101522 0.232908 0 0 0
0.647400 -0.101979 0.233102 0 0 0
0.648583 -0.103221 0.233416 0 0 0
0.649924 -0.103769 0.233489 0 0 0
0.651324 -0.104150 0.233708 0 0 0
0.652285 -0.105492 0.234069 0 0 0
0.653352 -0.106862 0.234589 0 0 0
0.654621 -0.107465 0.234628 0 0 0
0.656046 -0.108002 0.234584 0 0 0
0.657436 -0.108351 0.234635 0 0 0
0.658614 -0.109739 0.235085 0 0 0
0.659822 -0.110345 0.235095 0 0 0
0.661238 -0.110955 0.235026 0 0 0
0.662631 -0.111557 0.234950 0 0 0
0.664034 -0.112148 0.234876 0 0 0
0.665413 -0.112663 0.234818 0 0 0
0.666908 -0.113112 0.234765 0 0 0
0.668390 -0.113750 0.234677 0 0 0
0.669405 -0.114332 0.234572 0 0 0
0.671680 -0.114541 0.233958 0 0 0
0.672324 -0.115425 0.234282 0 0 0
0.674671 -0.115650 0.233643 0 0 0
0.675745 -0.116072 0.233562 0 0 0
0.677189 -0.116674 0.233482 0 0 0
0.678594 -0.117262 0.233408 0 0 0
0.679998 -0.117850 0.233333 0 0 0
0.681403 -0.118438 0.233259 0 0 0
0.682807 -0.119027 0.233185 0 0 0
0.684204 -0.119616 0.233110 0 0 0
0.685634 -0.120260 0.233026 0 0 0
0.686974 -0.121032 0.232923 0 0 0
0.688025 -0.121504 0.232839 0 0 0
0.690320 -0.121503 0.232028 0 0 0
0.692128 -0.121475 0.231227 0 0 0
0.694431 -0.121499 0.230412 0 0 0
0.695539 -0.122049 0.230318 0 0 0
0.696416 -0.122796 0.230211 0 0 0
0.601095 -0.058245 0.207720 255 0 0
0.601909 -0.060138 0.208922 255 0 0
0.602740 -0.062034 0.210155 0 0 0
0.603864 -0.063863 0.211900 0 0 0
0.604801 -0.064729 0.212598 0 0 0
0.605811 -0.066930 0.213803 0 0 0
0.606878 -0.067703 0.214729 0 0 0
0.607857 -0.069887 0.215921 0 0 0
0.608934 -0.070877 0.216722 0 0 0
0.610163 -0.072012 0.217608 0 0 0
0.611156 -0.073020 0.218228 0 0 0
0.612351 -0.075262 0.219364 0 0 0
0.613390 -0.075519 0.219668 0 0 0
0.614649 -0.076804 0.220159 0 0 0
0.615755 -0.078025 0.220797 0 0 0
0.617027 -0.079381 0.221387 0 0 0
0.618203 -0.079822 0.221518 0 0 0
0.619557 -0.080837 0.222153 0 0 0
0.620590 -0.082175 0.222804 0 0 0
0.621634 -0.083487 0.223463 0 0 0
0.622769 -0.084520 0.224140 0 0 0
0.623989 -0.085794 0.224740 0 0 0
0.625270 -0.086151 0.224904 0 0 0
0.626506 -0.087290 0.225494 0 0 0
0.627497 -0.088761 0.226159 0 0 0
0.628837 -0.089724 0.226795 0 0 0
0.629898 -0.089950 0.227042 0 0 0
0.631058 -0.092383 0.228175 0 0 0
0.632115 -0.092574 0.228406 0 0 0
0.633433 -0.093795 0.228782 0 0 0
0.634570 -0.094304 0.229029 0 0 0
0.635792 -0.095438 0.229640 0 0 0
0.636730 -0.096703 0.230140 0 0 0
0.637918 -0.097789 0.231002 0 0 0
0.639046 -0.098997 0.231446 255 0 0
0.640228 -0.099536 0.231672 255 0 0
0.641360 -0.100869 0.231860 255 0 0
0.642733 -0.101380 0.232044 0 0 0
0.644087 -0.101839 0.232238 0 0 0
0.645280 -0.103026 0.232572 0 0 0
0.646511 -0.103513 0.232723 0 0 0
0.647872 -0.104660 0.233214 0 0 0
0.648895 -0.105225 0.233311 0 0 0
0.650139 -0.106637 0.233790 0 0 0
0.651369 -0.107021 0.233944 0 0 0
0.652627 -0.108249 0.234411 0 0 0
0.653828 -0.108765 0.234443 0 0 0
0.655131 -0.109257 0.234478 0 0 0
0.656333 -0.110736 0.234923 0 0 0
0.657620 -0.111202 0.234951 0 0 0
0.659027 -0.111733 0.234897 0 0 0
0.660417 -0.112249 0.234838 0 0 0
0.661911 -0.112692 0.234787 255 0 0
0.663343 -0.113268 0.234720 255 0 0
0.664566 -0.113864 0.234732 255 0 0
0.665813 -0.115174 0.235182 255 0 0
0.666708 -0.115647 0.235188 255 0 0
0.669171 -0.115822 0.234412 0 0 0
0.670134 -0.116548 0.234286 0 0 0
0.671606 -0.117086 0.234211 0 0 0
0.672906 -0.117763 0.234125 0 0 0
0.674325 -0.118403 0.234042 0 0 0
0.675720 -0.118989 0.233968 0 0 0
0.677119 -0.119575 0.233893 0 0 0
0.678519 -0.120161 0.233819 0 0 0
0.679922 -0.120747 0.233747 0 0 0
0.681297 -0.121257 0.233689 0 0 0
0.682858 -0.121777 0.233619 0 0 0
0.683864 -0.122355 0.233521 0 0 0
0.686472 -0.122252 0.232770 0 0 0
0.687544 -0.122725 0.232683 0 0 0
0.688582 -0.123337 0.232571 0 0 0
0.691057 -0.123713 0.231740 0 0 0
0.691831 -0.124069 0.231648 0 0 0
0.694036 -0.124307 0.230804 0 0 0
0.696285 -0.124297 0.230012 0 0 0
0.696866 -0.124684 0.229941 255 0 0
0.600206 -0.060075 0.207202 255 0 0
0.601244 -0.061958 0.208693 255 0 0
0.602175 -0.062803 0.209377 0 0 0
0.603014 -0.065601 0.211419 0 0 0
0.604069 -0.066602 0.212181 0 0 0
0.605176 -0.067603 0.212989 0 0 0
0.606256 -0.069727 0.214396 0 0 0
0.607194 -0.070564 0.215106 0 0 0
0.608235 -0.072780 0.216318 0 0 0
0.609231 -0.073793 0.216938 0 0 0
0.610429 -0.074928 0.217809 0 0 0
0.611651 -0.076020 0.218673 0 0 0
0.612691 -0.077255 0.219188 0 0 0
0.613839 -0.078481 0.219863 0 0 0
0.614988 -0.079719 0.220535 0 0 0
0.616175 -0.080929 0.220978 0 0 0
0.617249 -0.081133 0.221196 0 0 0
0.618571 -0.083435 0.222542 0 0 0
0.619657 -0.083663 0.222649 0 0 0
0.620916 -0.084944 0.223253 0 0 0
0.622052 -0.085973 0.223933 0 0 0
0.623079 -0.087285 0.224592 0 0 0
0.624068 -0.088707 0.225209 0 0 0
0.625217 -0.089847 0.225644 0 0 0
0.626565 -0.090095 0.225976 0 0 0
0.627770 -0.091446 0.226573 0 0 0
0.628711 -0.092825 0.227026 0 0 0
0.630021 -0.093819 0.227686 0 0 0
0.631143 -0.094302 0.227927 0 0 0
0.632471 -0.095592 0.228313 0 0 0
0.633612 -0.096022 0.228562 0 0 0
0.634872 -0.097197 0.229191 0 0 0
0.635925 -0.098331 0.229870 255 0 0
0.636988 -0.099548 0.230546 255 0 0
0.638066 -0.100761 0.230974 255 0 0
0.639419 -0.101234 0.231179 255 0 0
0.640774 -0.101695 0.231373 255 0 0
0.641985 -0.102873 0.231712 255 0 0
0.643202 -0.103370 0.231865 0 0 0
0.644370 -0.104528 0.232435 0 0 0
0.645254 -0.105960 0.233080 0 0 0
0.646378 -0.107123 0.233631 0 0 0
0.647678 -0.107713 0.233685 0 0 0
0.648965 -0.108161 0.233730 0 0 0
0.650199 -0.109418 0.234186 0 0 0
0.651552 -0.109917 0.234248 0 0 0
0.652747 -0.110431 0.234283 0 0 0
0.653975 -0.111639 0.234739 0 0 0
0.655423 -0.111983 0.234820 0 0 0
0.656823 -0.112502 0.234770 0 0 0
0.658236 -0.113108 0.234703 0 0 0
0.659441 -0.113718 0.234716 0 0 0
0.660600 -0.115127 0.235173 0 0 0
0.661690 -0.115621 0.235298 0 0 0
0.662955 -0.116894 0.235769 255 0 0
0.664205 -0.117492 0.235778 255 0 0
0.665296 -0.117940 0.235699 255 0 0
0.667484 -0.117921 0.234910 255 0 0
0.669681 -0.117890 0.234122 0 0 0
0.670763 -0.118343 0.234037 0 0 0
0.672204 -0.118927 0.233959 0 0 0
0.673604 -0.119506 0.233886 0 0 0
0.675001 -0.120088 0.233812 0 0 0
0.676398 -0.120673 0.233738 0 0 0
0.677795 -0.121258 0.233664 0 0 0
0.679205 -0.121858 0.233597 0 0 0
0.680436 -0.122510 0.233622 0 0 0
0.681239 -0.123735 0.233990 0 0 0
0.683629 -0.123750 0.233372 0 0 0
0.684623 -0.124338 0.233270 0 0 0
0.686115 -0.125012 0.233175 0 0 0
0.687186 -0.125474 0.233088 0 0 0
0.689660 -0.125850 0.232256 0 0 0
0.690356 -0.126301 0.232150 0 0 0
0.692598 -0.126313 0.231344 0 0 0
0.694743 -0.126497 0.230520 0 0 0
0.695912 -0.127046 0.230416 0 0 0
0.696832 -0.127658 0.230333 255 0 0
0.599497 -0.061561 0.206926 255 0 0
0.600395 -0.063730 0.208191 255 0 0
0.601325 -0.064568 0.208887 255 0 0
0.602390 -0.066482 0.210448 0 0 0
0.603403 -0.068517 0.211792 0 0 0
0.604239 -0.069428 0.212301 0 0 0
0.605435 -0.071477 0.213918 0 0 0
0.606401 -0.072539 0.214505 0 0 0
0.607662 -0.073669 0.215401 0 0 0
0.608646 -0.074667 0.216015 0 0 0
0.609731 -0.076842 0.217411 0 0 0
0.610680 -0.077827 0.218008 0 0 0
0.611923 -0.078923 0.218899 0 0 0
0.613019 -0.080111 0.219577 0 0 0
0.614364 -0.081282 0.220223 0 0 0
0.615438 -0.081516 0.220451 0 0 0
0.616471 -0.084020 0.221682 0 0 0
0.617382 -0.084965 0.222094 0 0 0
0.618646 -0.086196 0.222700 0 0 0
0.619747 -0.086345 0.222969 0 0 0
0.620942 -0.088728 0.224127 0 0 0
0.622005 -0.088948 0.224368 0 0 0
0.623631 -0.089916 0.224996 0 0 0
0.624630 -0.090253 0.225219 0 0 0
0.625730 -0.092695 0.226305 0 0 0
0.626958 -0.093018 0.226345 0 0 0
0.628253 -0.093450 0.226539 0 0 0
0.629491 -0.094627 0.227115 0 0 0
0.630583 -0.095978 0.227416 0 0 0
0.631798 -0.096360 0.227778 0 0 0
0.632963 -0.097639 0.228243 0 0 0
0.633959 -0.098940 0.228741 255 0 0
0.635043 -0.100072 0.229415 255 0 0
0.636255 -0.101190 0.230074 255 0 0
0.637413 -0.101539 0.230461 0 0 0
0.638685 -0.102732 0.230850 0 0 0
0.639888 -0.103233 0.231000 255 0 0
0.640993 -0.104541 0.231555 255 0 0
0.641923 -0.105897 0.232172 255 0 0
0.643035 -0.107078 0.232614 0 0 0
0.644294 -0.107475 0.232908 0 0 0
0.645523 -0.108643 0.233276 0 0 0
0.646818 -0.109105 0.233449 0 0 0
0.648132 -0.109682 0.233527 0 0 0
0.649395 -0.110761 0.233990 0 0 0
0.650730 -0.111208 0.234060 0 0 0
0.652031 -0.111806 0.234116 0 0 0
0.653064 -0.113097 0.234649 0 0 0
0.654080 -0.114407 0.235178 0 0 0
0.655334 -0.115009 0.235222 0 0 0
0.656740 -0.115609 0.235158 0 0 0
0.658139 -0.116126 0.235108 0 0 0
0.659528 -0.116465 0.235162 0 0 0
0.660699 -0.117824 0.235615 0 0 0
0.661986 -0.118297 0.235649 0 0 0
0.663373 -0.118835 0.235594 0 0 0
0.664763 -0.119447 0.235512 0 0 0
0.665756 -0.120027 0.235411 0 0 0
0.668249 -0.120168 0.234624 0 0 0
0.669327 -0.120625 0.234537 0 0 0
0.670745 -0.121224 0.234457 0 0 0
0.672164 -0.121864 0.234373 0 0 0
0.673464 -0.122616 0.234273 0 0 0
0.674818 -0.123208 0.234196 0 0 0
0.676216 -0.123791 0.234122 0 0 0
0.677607 -0.124372 0.234048 0 0 0
0.679021 -0.124941 0.233977 0 0 0
0.680482 -0.125396 0.233921 0 0 0
0.681769 -0.126065 0.233836 0 0 0
0.683183 -0.126702 0.233753 0 0 0
0.684609 -0.127285 0.233676 0 0 0
0.685685 -0.127714 0.233597 0 0 0
0.687924 -0.127705 0.232800 0 0 0
0.690158 -0.127719 0.231993 0 0 0
0.690850 -0.128173 0.231887 0 0 0
0.693374 -0.128634 0.231029 0 0 0
0.694059 -0.129086 0.230928 0 0 0
0.696717 -0.129058 0.230153 0 0 0
0.697271 -0.129439 0.230086 0 0 0
0.599951 -0.064355 0.207535 0 0 0
0.600770 -0.066669 0.208561 0 0 0
0.601703 -0.067492 0.209257 0 0 0
0.602925 -0.069503 0.210924 0 0 0
0.603771 -0.070375 0.211436 0 0 0
0.604951 -0.072458 0.213050 0 0 0
0.605941 -0.073504 0.213640 0 0 0
0.607103 -0.074694 0.214345 0 0 0
0.608158 -0.075642 0.215127 0 0 0
0.609313 -0.077678 0.216760 0 0 0
0.610132 -0.078562 0.217285 0 0 0
0.611165 -0.080846 0.218488 0 0 0
0.612124 -0.081832 0.219090 0 0 0
0.613328 -0.082982 0.219963 0 0 0
0.614279 -0.084328 0.220445 0 0 0
0.615802 -0.085235 0.221339 0 0 0
0.616952 -0.085613 0.221621 0 0 0
0.618150 -0.086605 0.222222 0 0 0
0.619157 -0.089014 0.223424 0 0 0
0.620320 -0.089165 0.223691 0 0 0
0.621342 -0.090123 0.224058 0 0 0
0.622377 -0.092597 0.225437 0 0 0
0.623336 -0.093035 0.225501 0 0 0
0.624752 -0.094160 0.225837 0 0 0
0.625975 -0.094700 0.225879 0 0 0
0.627325 -0.095226 0.226044 0 0 0
0.628678 -0.096487 0.226460 0 0 0
0.629872 -0.096820 0.226827 0 0 0
0.631052 -0.098095 0.227298 255 0 0
0.632230 -0.099364 0.227770 255 0 0
0.633387 -0.099711 0.228155 255 0 0
0.634605 -0.100838 0.228820 255 0 0
0.635685 -0.101962 0.229494 0 0 0
0.636649 -0.103210 0.230010 0 0 0
0.637650 -0.104404 0.230650 0 0 0
0.638816 -0.105701 0.231241 0 0 0
0.639999 -0.106136 0.231408 0 0 0
0.641369 -0.107244 0.231944 255 0 0
0.642505 -0.107671 0.232209 255 0 0
0.643760 -0.108919 0.232571 255 0 0
0.644916 -0.109419 0.232818 0 0 0
0.646104 -0.110586 0.233160 255 0 0
0.647316 -0.111091 0.233317 255 0 0
0.648386 -0.112389 0.233869 0 0 0
0.649421 -0.113687 0.234402 0 0 0
0.650708 -0.114277 0.234457 0 0 0
0.652053 -0.114718 0.234532 0 0 0
0.653296 -0.115787 0.234989 0 0 0
0.654548 -0.116339 0.235033 0 0 0
0.655954 -0.116878 0.234988 0 0 0
0.657229 -0.117353 0.235018 0 0 0
0.658418 -0.118805 0.235463 0 0 0
0.659697 -0.119275 0.235496 0 0 0
0.661055 -0.119750 0.235454 0 0 0
0.662540 -0.120195 0.235403 0 0 0
0.663954 -0.120761 0.235331 0 0 0
0.665325 -0.121392 0.235246 0 0 0
0.666547 -0.122303 0.235121 0 0 0
0.667911 -0.122939 0.235035 0 0 0
0.669346 -0.123513 0.234959 0 0 0
0.670406 -0.123945 0.234881 0 0 0
0.673011 -0.123835 0.234131 0 0 0
0.674076 -0.124274 0.234053 0 0 0
0.675502 -0.124864 0.233975 0 0 0
0.676892 -0.125447 0.233901 0 0 0
0.678279 -0.126031 0.233827 0 0 0
0.679662 -0.126626 0.233752 0 0 0
0.681061 -0.127201 0.233679 0 0 0
0.682448 -0.127777 0.233606 0 0 0
0.683860 -0.128414 0.233523 0 0 0
0.685161 -0.129181 0.233415 0 0 0
0.686113 -0.129766 0.233314 0 0 0
0.688702 -0.130021 0.232493 0 0 0
0.689383 -0.130468 0.232389 0 0 0
0.691623 -0.130486 0.231578 0 0 0
0.693845 -0.130481 0.230777 0 0 0
0.694879 -0.131101 0.230669 0 0 0
0.695907 -0.131605 0.230595 0 0 0
0.600456 -0.067370 0.207976 0 0 0
0.601259 -0.068406 0.208434 0 0 0
0.602366 -0.070620 0.209818 0 0 0
0.603242 -0.071499 0.210357 0 0 0
0.604418 -0.073511 0.211997 0 0 0
0.605490 -0.074479 0.212780 0 0 0
0.606498 -0.075555 0.213404 0 0 0
0.607450 -0.077542 0.214742 0 0 0
0.608378 -0.079480 0.216085 0 0 0
0.609414 -0.080463 0.216881 0 0 0
0.610621 -0.081584 0.217779 0 0 0
0.611651 -0.082415 0.218451 0 0 0
0.612879 -0.084716 0.219723 0 0 0
0.613669 -0.084911 0.219877 0 0 0
0.614858 -0.087046 0.221166 0 0 0
0.615700 -0.088206 0.221736 0 0 0
0.616863 -0.089397 0.222468 0 0 0
0.618003 -0.090398 0.223159 0 0 0
0.619012 -0.091707 0.223823 0 0 0
0.620168 -0.092930 0.224530 0 0 0
0.621384 -0.093979 0.225002 0 0 0
0.622725 -0.094412 0.225189 0 0 0
0.624265 -0.094944 0.225311 0 0 0
0.625498 -0.095532 0.225331 0 0 0
0.626741 -0.096902 0.225517 0 0 0
0.627958 -0.097272 0.225882 0 0 0
0.629140 -0.098547 0.226353 0 0 0
0.630313 -0.099815 0.226821 0 0 0
0.631522 -0.100210 0.227184 0 0 0
0.632565 -0.101478 0.227493 255 0 0
0.633774 -0.102638 0.228355 255 0 0
0.634662 -0.103811 0.228850 255 0 0
0.635845 -0.104823 0.229754 0 0 0
0.636863 -0.106031 0.230430 0 0 0
0.637950 -0.107230 0.230879 0 0 0
0.639074 -0.107663 0.231136 0 0 0
0.640447 -0.108859 0.231658 0 0 0
0.641564 -0.109460 0.231787 255 0 0
0.642739 -0.110632 0.232111 255 0 0
0.643979 -0.110961 0.232424 255 0 0
0.645114 -0.112254 0.233016 255 0 0
0.646191 -0.113541 0.233568 0 0 0
0.647379 -0.113983 0.233741 0 0 0
0.648648 -0.115068 0.234213 0 0 0
0.649904 -0.115628 0.234264 0 0 0
0.651156 -0.116204 0.234314 0 0 0
0.652404 -0.117364 0.234761 0 0 0
0.653664 -0.117931 0.234811 0 0 0
0.654861 -0.118503 0.234839 0 0 0
0.656075 -0.119795 0.235282 0 0 0
0.657412 -0.120265 0.235342 0 0 0
0.658785 -0.120733 0.235311 0 0 0
0.660069 -0.121202 0.235346 0 0 0
0.661237 -0.122641 0.235787 0 0 0
0.662457 -0.123248 0.235797 0 0 0
0.663525 -0.123694 0.235725 0 0 0
0.666111 -0.123584 0.234974 0 0 0
0.667192 -0.124068 0.234886 0 0 0
0.668523 -0.124826 0.234782 0 0 0
0.669844 -0.125432 0.234701 0 0 0
0.671142 -0.126181 0.234601 255 0 0
0.672545 -0.126818 0.234518 255 0 0
0.673925 -0.127397 0.234445 255 0 0
0.675310 -0.127977 0.234371 255 0 0
0.676695 -0.128557 0.234298 255 0 0
0.678080 -0.129137 0.234225 0 0 0
0.679465 -0.129714 0.234152 0 0 0
0.680888 -0.130295 0.234075 0 0 0
0.681946 -0.130720 0.233999 0 0 0
0.684594 -0.130703 0.233227 0 0 0
0.685574 -0.131290 0.233123 0 0 0
0.686554 -0.131880 0.233018 0 0 0
0.689207 -0.131943 0.232222 0 0 0
0.689815 -0.132491 0.232110 0 0 0
0.692369 -0.132786 0.231279 0 0 0
0.693388 -0.133400 0.231170 0 0 0
0.694441 -0.133861 0.231085 0 0 0
0.697051 -0.133998 0.230295 0 0 0
0.697667 -0.134262 0.230241 0 0 0
0.600696 -0.070493 0.208118 0 0 0
0.601757 -0.071473 0.208874 0 0 0
0.602773 -0.072501 0.209495 0 0 0
0.603760 -0.074506 0.210840 255 0 0
0.604780 -0.076509 0.212222 0 0 0
0.605584 -0.077408 0.212721 0 0 0
0.606749 -0.079476 0.214361 0 0 0
0.607649 -0.080249 0.215068 0 0 0
0.608730 -0.082329 0.216523 0 0 0
0.609619 -0.083117 0.217219 0 0 0
0.610592 -0.085422 0.218580 0 0 0
0.611808 -0.086322 0.219199 0 0 0
0.612717 -0.086647 0.219386 0 0 0
0.614101 -0.088642 0.220942 0 0 0
0.615011 -0.089644 0.221533 0 0 0
0.616129 -0.090828 0.222241 0 0 0
0.617224 -0.091992 0.222933 0 0 0
0.618326 -0.093129 0.223623 0 0 0
0.619607 -0.094321 0.224258 0 0 0
0.620747 -0.094803 0.224485 0 0 0
0.621952 -0.096158 0.224689 0 0 0
0.623258 -0.096667 0.224831 0 0 0
0.624786 -0.097212 0.224839 0 0 0
0.626159 -0.097587 0.225031 0 0 0
0.627274 -0.098995 0.225444 0 0 0
0.628406 -0.100267 0.225881 0 0 0
0.629596 -0.100604 0.226251 0 0 0
0.630978 -0.101865 0.226680 0 0 0
0.631924 -0.102216 0.226880 0 0 0
0.633165 -0.104324 0.227938 0 0 0
0.634021 -0.104365 0.228272 0 0 0
0.635118 -0.106652 0.229584 0 0 0
0.636074 -0.107661 0.229976 0 0 0
0.637273 -0.108009 0.230370 0 0 0
0.638411 -0.109283 0.230836 0 0 0
0.639480 -0.110542 0.231242 255 0 0
0.640834 -0.110928 0.231470 255 0 0
0.642090 -0.111152 0.231673 255 0 0
0.643107 -0.113556 0.232775 0 0 0
0.644083 -0.113830 0.232889 0 0 0
0.645404 -0.114933 0.233374 0 0 0
0.646492 -0.115465 0.233522 0 0 0
0.647771 -0.116639 0.233986 0 0 0
0.649018 -0.117203 0.234037 0 0 0
0.650274 -0.117768 0.234089 0 0 0
0.651522 -0.118920 0.234538 0 0 0
0.652775 -0.119486 0.234590 0 0 0
0.654033 -0.120057 0.234646 0 0 0
0.655260 -0.121102 0.235101 0 0 0
0.656592 -0.121546 0.235176 0 0 0
0.657814 -0.122143 0.235203 0 0 0
0.658981 -0.123585 0.235646 0 0 0
0.660254 -0.124042 0.235680 0 0 0
0.661641 -0.124556 0.235629 0 0 0
0.662992 -0.125148 0.235553 0 0 0
0.664318 -0.125906 0.235449 0 0 0
0.665385 -0.126392 0.235361 0 0 0
0.667969 -0.126301 0.234606 0 0 0
0.669025 -0.126731 0.234528 0 0 0
0.670454 -0.127303 0.234452 0 0 0
0.671838 -0.127875 0.234379 0 0 0
0.673219 -0.128452 0.234307 0 0 0
0.674602 -0.129031 0.234234 0 0 0
0.675985 -0.129609 0.234160 255 0 0
0.677368 -0.130187 0.234087 0 0 0
0.678746 -0.130766 0.234013 0 0 0
0.680153 -0.131404 0.233930 0 0 0
0.681442 -0.132173 0.233823 0 0 0
0.682381 -0.132756 0.233723 0 0 0
0.685043 -0.132809 0.232934 0 0 0
0.686015 -0.133413 0.232826 0 0 0
0.687000 -0.133991 0.232704 0 0 0
0.689546 -0.134224 0.231901 0 0 0
0.690211 -0.134625 0.231811 0 0 0
0.692907 -0.134604 0.231029 0 0 0
0.693948 -0.135117 0.230939 0 0 0
0.695243 -0.136063 0.230806 0 0 0
0.696184 -0.136552 0.230738 0 0 0
0.599864 -0.072297 0.207605 0 0 0
0.600841 -0.073275 0.208194 255 0 0
0.602105 -0.074404 0.209115 0 0 0
0.603146 -0.075396 0.209889 255 0 0
0.604258 -0.077438 0.211345 255 0 0
0.605175 -0.078225 0.212057 0 0 0
0.606341 -0.080290 0.213703 0 0 0
0.607117 -0.081175 0.214196 0 0 0
0.608184 -0.083058 0.215794 0 0 0
0.609063 -0.085048 0.217120 0 0 0
0.610098 -0.085979 0.217931 0 0 0
0.611260 -0.087112 0.218629 0 0 0
0.612111 -0.088233 0.219054 0 0 0
0.613194 -0.090411 0.220462 0 0 0
0.614127 -0.091356 0.221079 0 0 0
0.615346 -0.092493 0.221974 0 0 0
0.616321 -0.093754 0.222483 0 0 0
0.617455 -0.094899 0.223170 0 0 0
0.618665 -0.096041 0.223789 0 0 0
0.619976 -0.096520 0.223994 0 0 0
0.621339 -0.096979 0.224183 0 0 0
0.622628 -0.098253 0.224530 0 0 0
0.623712 -0.098875 0.224604 0 0 0
0.624963 -0.100264 0.224925 0 0 0
0.626398 -0.100644 0.225153 0 0 0
0.627734 -0.101054 0.225360 0 0 0
0.628860 -0.102343 0.225788 0 0 0
0.629990 -0.103635 0.226209 0 0 0
0.631091 -0.104075 0.226483 0 0 0
0.632396 -0.104811 0.227281 0 0 0
0.633130 -0.107196 0.228640 0 0 0
0.634274 -0.108020 0.229202 0 0 0
0.635411 -0.108457 0.229473 0 0 0
0.636492 -0.109679 0.229918 0 0 0
0.637726 -0.110819 0.230543 0 0 0
0.638947 -0.111156 0.230850 255 0 0
0.639939 -0.112479 0.231247 0 0 0
0.640925 -0.113905 0.231895 0 0 0
0.642053 -0.114923 0.232359 0 0 0
0.643196 -0.115395 0.232616 0 0 0
0.644436 -0.116631 0.232987 0 0 0
0.645586 -0.117111 0.233242 0 0 0
0.646809 -0.118321 0.233602 0 0 0
0.648085 -0.118780 0.233780 0 0 0
0.649388 -0.119340 0.233865 0 0 0
0.650638 -0.120482 0.234319 0 0 0
0.651867 -0.120976 0.234383 0 0 0
0.653223 -0.121441 0.234462 0 0 0
0.654247 -0.122715 0.235002 0 0 0
0.655245 -0.123997 0.235535 0 0 0
0.656507 -0.124578 0.235588 0 0 0
0.657993 -0.125020 0.235545 0 0 0
0.659347 -0.125535 0.235485 0 0 0
0.660729 -0.126120 0.235412 0 0 0
0.662110 -0.126696 0.235339 0 0 0
0.663502 -0.127260 0.235268 0 0 0
0.664847 -0.127851 0.235191 0 0 0
0.666123 -0.128614 0.235091 0 0 0
0.667515 -0.129252 0.235007 0 0 0
0.668891 -0.129829 0.234936 0 0 0
0.670245 -0.130321 0.234880 0 0 0
0.671731 -0.130752 0.234826 0 0 0
0.673127 -0.131315 0.234755 0 0 0
0.674531 -0.131953 0.234671 0 0 0
0.675811 -0.132705 0.234573 0 0 0
0.677184 -0.133296 0.234493 255 0 0
0.678235 -0.133728 0.234416 255 0 0
0.680887 -0.133687 0.233643 255 0 0
0.681853 -0.134279 0.233538 0 0 0
0.682817 -0.134875 0.233434 0 0 0
0.685505 -0.134851 0.232652 0 0 0
0.686247 -0.135155 0.232571 0 0 0
0.688700 -0.135585 0.231741 0 0 0
0.689662 -0.136154 0.231622 0 0 0
0.690988 -0.136931 0.231509 0 0 0
0.692061 -0.137425 0.231424 0 0 0
0.694738 -0.137306 0.230662 0 0 0
0.695797 -0.137821 0.230570 0 0 0
0.696728 -0.138584 0.230440 0 0 0
0.698862 -0.138658 0.229663 0 0 0
0.599533 -0.072987 0.207025 0 0 0
0.600404 -0.073854 0.207552 0 0 0
0.601405 -0.076222 0.208731 0 0 0
0.602453 -0.077223 0.209513 0 0 0
0.603527 -0.078227 0.210321 0 0 0
0.604472 -0.080158 0.211676 0 0 0
0.605414 -0.082112 0.213032 0 0 0
0.606315 -0.082932 0.213750 0 0 0
0.607215 -0.084926 0.215087 0 0 0
0.608244 -0.086806 0.216666 0 0 0
0.609192 -0.087826 0.217265 0 0 0
0.610313 -0.088953 0.217977 0 0 0
0.611478 -0.090029 0.218864 0 0 0
0.612650 -0.091130 0.219765 0 0 0
0.613591 -0.092078 0.220389 0 0 0
0.614784 -0.094280 0.221564 0 0 0
0.615721 -0.094534 0.221877 0 0 0
0.617014 -0.095682 0.222557 0 0 0
0.618141 -0.096813 0.223238 0 0 0
0.619307 -0.098102 0.223657 0 0 0
0.620411 -0.098664 0.223770 0 0 0
0.621803 -0.099879 0.224265 0 0 0
0.623116 -0.100428 0.224328 0 0 0
0.624427 -0.100890 0.224503 0 0 0
0.625690 -0.102166 0.224837 0 0 0
0.626800 -0.102740 0.224952 0 0 0
0.628214 -0.103882 0.225496 0 0 0
0.629452 -0.104245 0.225794 0 0 0
0.630434 -0.105211 0.226165 0 0 0
0.631246 -0.107655 0.227722 0 0 0
0.632201 -0.108420 0.228334 0 0 0
0.633388 -0.109544 0.228947 0 0 0
0.634561 -0.109969 0.229122 0 0 0
0.635804 -0.111116 0.229743 0 0 0
0.636769 -0.112242 0.230390 255 0 0
0.637847 -0.113707 0.230971 0 0 0
0.638956 -0.114134 0.231111 0 0 0
0.640318 -0.115232 0.231647 0 0 0
0.641435 -0.115659 0.231908 0 0 0
0.642685 -0.116886 0.232286 0 0 0
0.643832 -0.117362 0.232540 0 0 0
0.645067 -0.118585 0.232915 0 0 0
0.646212 -0.119074 0.233168 0 0 0
0.647374 -0.120208 0.233508 0 0 0
0.648590 -0.120710 0.233672 0 0 0
0.649830 -0.121946 0.234151 0 0 0
0.650877 -0.122390 0.234269 0 0 0
0.652113 -0.123852 0.234750 0 0 0
0.653234 -0.124288 0.234899 0 0 0
0.654466 -0.125349 0.235363 0 0 0
0.655699 -0.125895 0.235412 0 0 0
0.657081 -0.126494 0.235348 0 0 0
0.658456 -0.127080 0.235274 0 0 0
0.659832 -0.127666 0.235200 0 0 0
0.661198 -0.128257 0.235125 0 0 0
0.662575 -0.128836 0.235053 0 0 0
0.663937 -0.129330 0.234996 0 0 0
0.665425 -0.129739 0.234946 0 0 0
0.666824 -0.130291 0.234877 0 0 0
0.668209 -0.130878 0.234811 0 0 0
0.669393 -0.131488 0.234829 0 0 0
0.670471 -0.132968 0.235260 0 0 0
0.671684 -0.133578 0.235274 0 0 0
0.672741 -0.134005 0.235206 0 0 0
0.675370 -0.133877 0.234448 0 0 0
0.676415 -0.134311 0.234371 0 0 0
0.677834 -0.134989 0.234273 0 0 0
0.678717 -0.135733 0.234153 0 0 0
0.681323 -0.135703 0.233374 0 0 0
0.682353 -0.136193 0.233285 0 0 0
0.683625 -0.137123 0.233153 0 0 0
0.684658 -0.137611 0.233061 0 0 0
0.686879 -0.137545 0.232269 0 0 0
0.689152 -0.137577 0.231449 0 0 0
0.690206 -0.138014 0.231372 0 0 0
0.691591 -0.138603 0.231293 0 0 0
0.692906 -0.139368 0.231189 0 0 0
0.693987 -0.139885 0.231094 0 0 0
0.696546 -0.140109 0.230275 0 0 0
0.697055 -0.140650 0.230184 0 0 0
0.600803 -0.077162 0.207780 0 0 0
0.601788 -0.079140 0.209138 0 0 0
0.602596 -0.080035 0.209636 0 0 0
0.603754 -0.082021 0.211308 0 0 0
0.604752 -0.082752 0.212215 0 0 0
0.605804 -0.084855 0.213664 0 0 0
0.606660 -0.085655 0.214354 0 0 0
0.607814 -0.087621 0.216023 0 0 0
0.608761 -0.088637 0.216627 0 0 0
0.609761 -0.089677 0.217268 0 0 0
0.610772 -0.091890 0.218486 0 0 0
0.611731 -0.092926 0.219104 0 0 0
0.612813 -0.094105 0.219801 0 0 0
0.614035 -0.095135 0.220709 0 0 0
0.615041 -0.096329 0.221228 0 0 0
0.616143 -0.097540 0.221911 0 0 0
0.617225 -0.098702 0.222600 0 0 0
0.618482 -0.099853 0.223195 0 0 0
0.619511 -0.100399 0.223307 0 0 0
0.620957 -0.101601 0.223813 0 0 0
0.622129 -0.102146 0.223867 0 0 0
0.623450 -0.102617 0.224053 0 0 0
0.624874 -0.103819 0.224581 0 0 0
0.625951 -0.104340 0.224711 0 0 0
0.627121 -0.105516 0.225284 0 0 0
0.628095 -0.106798 0.225954 0 0 0
0.629191 -0.107936 0.226689 0 0 0
0.630331 -0.108883 0.227422 0 0 0
0.631349 -0.110036 0.228117 0 0 0
0.632332 -0.111161 0.228785 0 0 0
0.633282 -0.112441 0.229468 255 0 0
0.634304 -0.113568 0.230163 255 0 0
0.635521 -0.114697 0.230775 0 0 0
0.636871 -0.115137 0.230849 0 0 0
0.638096 -0.115636 0.230905 0 0 0
0.639402 -0.116826 0.231382 0 0 0
0.640479 -0.117341 0.231528 0 0 0
0.641787 -0.118529 0.232011 0 0 0
0.642864 -0.119054 0.232160 0 0 0
0.644150 -0.120141 0.232649 255 0 0
0.645328 -0.120575 0.232831 255 0 0
0.646389 -0.121859 0.233386 255 0 0
0.647446 -0.123144 0.233941 255 0 0
0.648553 -0.123589 0.234095 255 0 0
0.649775 -0.124812 0.234564 0 0 0
0.651125 -0.125275 0.234639 0 0 0
0.652337 -0.125776 0.234705 0 0 0
0.653567 -0.126908 0.235152 0 0 0
0.654800 -0.127451 0.235201 0 0 0
0.656190 -0.128039 0.235138 0 0 0
0.657567 -0.128622 0.235066 0 0 0
0.658915 -0.129132 0.235007 0 0 0
0.660387 -0.129558 0.234955 0 0 0
0.661797 -0.130132 0.234892 0 0 0
0.662970 -0.130732 0.234911 0 0 0
0.664088 -0.132191 0.235348 0 0 0
0.665249 -0.132807 0.235363 0 0 0
0.666632 -0.133397 0.235300 0 0 0
0.667998 -0.133868 0.235247 0 0 0
0.669592 -0.134147 0.235211 0 0 0
0.670984 -0.134680 0.235147 0 0 0
0.672225 -0.135444 0.235047 0 0 0
0.673465 -0.136208 0.234946 0 0 0
0.674895 -0.136848 0.234858 0 0 0
0.675925 -0.137270 0.234783 0 0 0
0.678527 -0.137156 0.234017 0 0 0
0.679535 -0.137810 0.233903 0 0 0
0.680540 -0.138471 0.233789 0 0 0
0.683165 -0.138432 0.233009 0 0 0
0.684069 -0.138940 0.232925 0 0 0
0.685500 -0.139645 0.232822 0 0 0
0.686489 -0.140296 0.232717 0 0 0
0.689033 -0.140427 0.231910 0 0 0
0.690042 -0.140830 0.231834 0 0 0
0.691528 -0.141504 0.231737 0 0 0
0.692479 -0.142098 0.231636 0 0 0
0.694701 -0.142085 0.230827 0 0 0
0.696965 -0.142114 0.230011 0 0 0
0.697485 -0.142480 0.229944 255 0 0
0.600395 -0.077980 0.206986 0 0 0
0.601313 -0.080000 0.208452 0 0 0
0.602218 -0.080712 0.209029 0 0 0
0.603198 -0.082782 0.210563 0 0 0
0.604004 -0.084603 0.211828 0 0 0
0.604944 -0.086541 0.213196 0 0 0
0.605830 -0.087348 0.213908 0 0 0
0.606904 -0.089497 0.215350 0 0 0
0.607861 -0.090450 0.215978 0 0 0
0.609062 -0.091614 0.216873 0 0 0
0.610123 -0.092715 0.217579 0 0 0
0.611325 -0.093717 0.218487 0 0 0
0.612407 -0.094930 0.219163 0 0 0
0.613438 -0.096195 0.219675 0 0 0
0.614579 -0.097335 0.220383 0 0 0
0.615639 -0.098425 0.221074 0 0 0
0.616827 -0.099509 0.221978 0 0 0
0.617994 -0.100751 0.222449 0 0 0
0.619070 -0.101196 0.222685 0 0 0
0.620562 -0.102383 0.223240 0 0 0
0.621631 -0.102907 0.223347 0 0 0
0.622814 -0.104242 0.223747 0 0 0
0.623917 -0.105448 0.224171 0 0 0
0.625150 -0.105759 0.224474 0 0 0
0.626384 -0.107088 0.225122 0 0 0
0.627385 -0.108207 0.225783 0 0 0
0.628424 -0.109344 0.226483 0 0 0
0.629451 -0.110476 0.227182 0 0 0
0.630593 -0.111421 0.227920 0 0 0
0.631595 -0.112714 0.228640 0 0 0
0.632579 -0.113809 0.229308 0 0 0
0.633608 -0.114924 0.230005 0 0 0
0.634762 -0.116070 0.230586 255 0 0
0.635995 -0.116636 0.230641 255 0 0
0.637242 -0.117200 0.230689 0 0 0
0.638543 -0.118386 0.231165 0 0 0
0.639618 -0.118904 0.231310 0 0 0
0.640911 -0.119998 0.231804 0 0 0
0.642086 -0.120425 0.231980 0 0 0
0.643152 -0.121717 0.232541 255 0 0
0.644210 -0.123004 0.233100 0 0 0
0.645386 -0.123434 0.233281 0 0 0
0.646652 -0.124513 0.233768 0 0 0
0.647736 -0.125032 0.233925 0 0 0
0.648994 -0.126181 0.234391 0 0 0
0.650206 -0.126671 0.234457 0 0 0
0.651549 -0.127145 0.234531 0 0 0
0.652752 -0.128427 0.234977 0 0 0
0.653910 -0.128977 0.234999 0 0 0
0.655306 -0.129568 0.234935 0 0 0
0.656676 -0.130084 0.234883 0 0 0
0.657933 -0.130550 0.234920 0 0 0
0.659082 -0.131992 0.235364 0 0 0
0.660246 -0.132592 0.235381 0 0 0
0.661644 -0.133181 0.235318 0 0 0
0.663097 -0.133521 0.235281 0 0 0
0.664556 -0.133858 0.235244 0 0 0
0.665962 -0.134431 0.235184 0 0 0
0.667131 -0.135038 0.235203 0 0 0
0.668238 -0.136539 0.235635 0 0 0
0.669077 -0.136993 0.235642 0 0 0
0.671713 -0.136872 0.234893 0 0 0
0.672752 -0.137282 0.234818 0 0 0
0.674159 -0.137854 0.234741 0 0 0
0.675505 -0.138498 0.234654 0 0 0
0.676726 -0.139440 0.234526 0 0 0
0.677734 -0.139935 0.234437 0 0 0
0.680374 -0.139903 0.233646 0 0 0
0.680955 -0.140470 0.233535 0 0 0
0.683399 -0.140594 0.232905 0 0 0
0.683856 -0.141586 0.233207 0 0 0
0.686284 -0.141598 0.232597 0 0 0
0.687266 -0.142252 0.232486 0 0 0
0.688632 -0.143094 0.232367 0 0 0
0.689620 -0.143526 0.232290 0 0 0
0.692291 -0.143431 0.231510 0 0 0
0.692929 -0.143874 0.231413 0 0 0
0.695459 -0.144299 0.230560 0 0 0
0.696087 -0.144603 0.230496 255 0 0
0.599408 -0.080571 0.207342 0 0 0
0.600242 -0.081430 0.207860 0 0 0
0.601223 -0.083675 0.209225 0 0 0
0.602206 -0.084373 0.210000 0 0 0
0.603259 -0.086449 0.211446 0 0 0
0.604284 -0.087189 0.212388 0 0 0
0.605213 -0.089329 0.213610 0 0 0
0.606382 -0.090207 0.214645 255 0 0
0.607318 -0.091192 0.215274 255 0 0
0.608545 -0.093390 0.216458 0 0 0
0.609324 -0.093544 0.216711 0 0 0
0.610643 -0.095657 0.218099 0 0 0
0.611655 -0.096739 0.218509 0 0 0
0.612813 -0.097121 0.218881 0 0 0
0.614102 -0.098273 0.219568 0 0 0
0.615112 -0.099114 0.220239 0 0 0
0.616184 -0.101454 0.221374 0 0 0
0.617187 -0.101686 0.221687 0 0 0
0.618419 -0.102946 0.222176 0 0 0
0.619578 -0.104230 0.222620 0 0 0
0.620692 -0.104662 0.222867 0 0 0
0.622190 -0.105784 0.223460 0 0 0
0.623226 -0.105984 0.223702 0 0 0
0.624332 -0.108329 0.224856 0 0 0
0.625399 -0.108518 0.224979 0 0 0
0.626678 -0.109602 0.225618 0 0 0
0.627745 -0.110748 0.226333 0 0 0
0.628606 -0.111668 0.226925 0 0 0
0.629544 -0.113966 0.228387 0 0 0
0.630597 -0.114150 0.228512 0 0 0
0.631764 -0.115378 0.229124 0 0 0
0.632759 -0.116574 0.229776 0 0 0
0.633814 -0.117758 0.230209 255 0 0
0.635087 -0.118221 0.230390 255 0 0
0.636381 -0.118779 0.230472 255 0 0
0.637659 -0.119877 0.230958 255 0 0
0.638837 -0.120285 0.231133 255 0 0
0.639902 -0.121595 0.231696 0 0 0
0.640972 -0.122871 0.232256 0 0 0
0.642149 -0.123293 0.232437 0 0 0
0.643426 -0.124377 0.232927 0 0 0
0.644500 -0.124895 0.233081 0 0 0
0.645775 -0.126068 0.233562 0 0 0
0.646853 -0.126578 0.233719 255 0 0
0.648122 -0.127741 0.234196 255 0 0
0.649138 -0.128256 0.234328 255 0 0
0.650361 -0.129545 0.234786 255 0 0
0.651678 -0.130001 0.234854 0 0 0
0.653041 -0.130516 0.234805 0 0 0
0.654433 -0.131107 0.234742 0 0 0
0.655592 -0.131659 0.234766 0 0 0
0.656776 -0.132938 0.235208 0 0 0
0.658105 -0.133394 0.235275 0 0 0
0.659449 -0.133812 0.235242 0 0 0
0.660934 -0.134247 0.235199 0 0 0
0.662117 -0.134851 0.235223 0 0 0
0.663195 -0.136234 0.235669 0 0 0
0.664453 -0.136691 0.235711 0 0 0
0.665887 -0.137245 0.235652 0 0 0
0.667367 -0.137664 0.235598 0 0 0
0.668661 -0.138156 0.235540 0 0 0
0.669928 -0.138906 0.235445 0 0 0
0.671324 -0.139543 0.235361 0 0 0
0.672713 -0.140131 0.235282 0 0 0
0.673745 -0.140574 0.235198 0 0 0
0.676273 -0.140652 0.234407 0 0 0
0.677310 -0.141165 0.234310 0 0 0
0.678209 -0.141924 0.234186 0 0 0
0.680784 -0.141884 0.233400 0 0 0
0.681742 -0.142456 0.233304 0 0 0
0.683269 -0.143037 0.233217 0 0 0
0.684454 -0.143890 0.233108 0 0 0
0.685463 -0.144386 0.233021 0 0 0
0.688145 -0.144235 0.232254 0 0 0
0.689155 -0.144735 0.232165 0 0 0
0.690408 -0.145689 0.232033 0 0 0
0.691416 -0.146191 0.231945 0 0 0
0.694016 -0.146286 0.231139 0 0 0
0.694734 -0.146605 0.231050 0 0 0
0.697252 -0.146972 0.230217 0 0 0
0.697836 -0.147236 0.230164 0 0 0
0.599694 -0.083432 0.207761 0 0 0
0.600580 -0.084219 0.208453 0 0 0
0.601692 -0.086280 0.209911 0 0 0
0.602592 -0.087099 0.210632 0 0 0
0.603681 -0.089177 0.212101 0 0 0
0.604571 -0.089979 0.212817 0 0 0
0.605574 -0.092102 0.214070 0 0 0
0.606600 -0.093049 0.214883 0 0 0
0.607834 -0.094152 0.215792 0 0 0
0.608655 -0.095187 0.216231 0 0 0
0.609939 -0.097304 0.217614 0 0 0
0.610917 -0.097539 0.217924 0 0 0
0.612158 -0.098791 0.218443 0 0 0
0.613110 -0.099826 0.219041 0 0 0
0.614252 -0.102032 0.220375 0 0 0
0.615301 -0.102177 0.220740 0 0 0
0.616511 -0.103390 0.221238 0 0 0
0.617714 -0.104670 0.221716 0 0 0
0.618883 -0.105001 0.222087 0 0 0
0.620132 -0.106027 0.222616 0 0 0
0.621130 -0.107407 0.223284 0 0 0
0.622104 -0.108705 0.223960 0 0 0
0.623206 -0.109654 0.224658 0 0 0
0.624159 -0.110963 0.225342 0 0 0
0.625195 -0.112103 0.226047 0 0 0
0.626228 -0.113219 0.226751 0 0 0
0.627328 -0.114320 0.227495 0 0 0
0.628413 -0.115255 0.228191 0 0 0
0.629564 -0.116561 0.228800 0 0 0
0.630720 -0.116973 0.228968 0 0 0
0.632092 -0.118094 0.229513 0 0 0
0.633198 -0.118514 0.229771 0 0 0
0.634406 -0.119660 0.230127 0 0 0
0.635603 -0.120131 0.230290 0 0 0
0.636759 -0.121271 0.230870 0 0 0
0.637798 -0.122646 0.231456 255 0 0
0.639000 -0.122994 0.231622 0 0 0
0.640261 -0.124227 0.232114 0 0 0
0.641267 -0.124749 0.232240 0 0 0
0.642555 -0.125932 0.232723 0 0 0
0.643629 -0.126438 0.232878 0 0 0
0.644905 -0.127602 0.233360 255 0 0
0.645980 -0.128109 0.233518 255 0 0
0.647241 -0.129265 0.233995 255 0 0
0.648350 -0.129843 0.234145 0 0 0
0.649489 -0.131021 0.234463 0 0 0
0.650723 -0.131476 0.234632 0 0 0
0.652154 -0.132070 0.234603 0 0 0
0.653531 -0.132651 0.234544 0 0 0
0.654765 -0.133186 0.234600 0 0 0
0.655964 -0.134198 0.235051 0 0 0
0.657285 -0.134627 0.235135 0 0 0
0.658489 -0.135227 0.235171 0 0 0
0.659573 -0.136605 0.235621 0 0 0
0.660872 -0.137059 0.235673 0 0 0
0.662176 -0.137518 0.235727 0 0 0
0.663239 -0.138914 0.236177 0 0 0
0.664370 -0.139427 0.236214 0 0 0
0.665856 -0.139860 0.236168 0 0 0
0.667235 -0.140414 0.236098 0 0 0
0.668624 -0.141049 0.236015 0 0 0
0.669880 -0.141803 0.235919 0 0 0
0.671229 -0.142389 0.235838 0 0 0
0.672257 -0.142814 0.235762 0 0 0
0.674814 -0.142884 0.234963 0 0 0
0.675491 -0.143154 0.234881 0 0 0
0.678046 -0.143299 0.234060 0 0 0
0.678967 -0.143890 0.233967 0 0 0
0.680436 -0.144557 0.233871 255 0 0
0.681422 -0.144951 0.233796 255 0 0
0.684017 -0.145066 0.232988 255 0 0
0.684986 -0.145513 0.232913 0 0 0
0.686346 -0.146361 0.232794 0 0 0
0.687303 -0.147018 0.232686 0 0 0
0.689944 -0.146887 0.231912 0 0 0
0.690932 -0.147316 0.231836 0 0 0
0.692263 -0.148090 0.231729 0 0 0
0.693328 -0.148602 0.231633 0 0 0
0.695778 -0.148913 0.230806 0 0 0
0.696860 -0.149387 0.230718 0 0 0
0.697810 -0.149849 0.230659 0 0 0
0.599057 -0.084839 0.207542 0 0 0
0.599833 -0.085695 0.208037 0 0 0
0.600875 -0.087983 0.209476 0 0 0
0.601736 -0.088782 0.210168 0 0 0
0.602836 -0.090901 0.211624 0 0 0
0.603781 -0.091887 0.212256 0 0 0
0.604945 -0.092761 0.213292 0 0 0
0.605911 -0.094938 0.214513 0 0 0
0.606860 -0.095896 0.215135 255 0 0
0.608034 -0.096976 0.216056 255 0 0
0.609223 -0.098044 0.216949 255 0 0
0.610229 -0.099210 0.217478 255 0 0
0.611354 -0.100423 0.218181 0 0 0
0.612397 -0.101574 0.218877 0 0 0
0.613622 -0.102609 0.219795 0 0 0
0.614593 -0.103761 0.220304 0 0 0
0.615905 -0.105022 0.220937 0 0 0
0.617032 -0.105453 0.221193 0 0 0
0.618078 -0.106298 0.221602 0 0 0
0.619145 -0.108646 0.223063 0 0 0
0.620215 -0.108817 0.223186 0 0 0
0.621509 -0.109896 0.223830 0 0 0
0.622468 -0.111202 0.224510 0 0 0
0.623577 -0.112128 0.225215 0 0 0
0.624675 -0.113247 0.225958 0 0 0
0.625704 -0.114373 0.226663 0 0 0
0.626641 -0.115676 0.227350 0 0 0
0.627616 -0.116805 0.228013 0 0 0
0.628794 -0.117973 0.228616 0 0 0
0.629854 -0.118478 0.228763 0 0 0
0.631171 -0.119606 0.229267 0 0 0
0.632339 -0.120006 0.229443 0 0 0
0.633419 -0.121324 0.230014 0 0 0
0.634293 -0.122579 0.230651 0 0 0
0.635510 -0.123720 0.231276 0 0 0
0.636644 -0.124192 0.231416 255 0 0
0.637778 -0.125463 0.231722 255 0 0
0.639137 -0.125839 0.231945 0 0 0
0.640416 -0.126311 0.232047 0 0 0
0.641691 -0.127466 0.232522 255 0 0
0.642761 -0.127969 0.232678 255 0 0
0.644036 -0.129130 0.233161 255 0 0
0.645110 -0.129633 0.233320 255 0 0
0.646361 -0.130777 0.233785 0 0 0
0.647649 -0.131323 0.233881 0 0 0
0.648904 -0.131786 0.234064 0 0 0
0.650010 -0.132867 0.234377 0 0 0
0.651348 -0.133343 0.234438 0 0 0
0.652760 -0.133914 0.234389 0 0 0
0.653986 -0.134506 0.234446 0 0 0
0.654956 -0.135786 0.234986 0 0 0
0.655922 -0.137070 0.235524 0 0 0
0.657150 -0.137582 0.235607 0 0 0
0.658533 -0.137904 0.235677 0 0 0
0.659634 -0.139273 0.236133 0 0 0
0.660776 -0.139777 0.236172 0 0 0
0.662396 -0.140072 0.236153 0 0 0
0.663548 -0.140566 0.236191 0 0 0
0.664615 -0.142065 0.236631 0 0 0
0.665800 -0.142673 0.236647 0 0 0
0.666827 -0.143111 0.236579 0 0 0
0.669463 -0.142925 0.235816 0 0 0
0.670488 -0.143348 0.235740 0 0 0
0.671836 -0.143931 0.235660 0 0 0
0.673085 -0.144681 0.235563 0 0 0
0.674537 -0.145406 0.235462 0 0 0
0.675437 -0.145998 0.235370 0 0 0
0.677962 -0.146131 0.234556 0 0 0
0.678984 -0.146587 0.234469 0 0 0
0.680310 -0.147367 0.234363 0 0 0
0.681271 -0.147817 0.234288 0 0 0
0.683902 -0.147925 0.233471 0 0 0
0.684536 -0.148150 0.233400 0 0 0
0.687126 -0.148288 0.232576 0 0 0
0.688035 -0.148885 0.232483 0 0 0
0.689467 -0.149547 0.232393 0 0 0
0.690869 -0.150132 0.232314 0 0 0
0.691855 -0.150525 0.232241 0 0 0
0.694353 -0.150871 0.231398 0 0 0
0.695401 -0.151347 0.231313 0 0 0
0.696481 -0.151824 0.231215 0 0 0
0.698485 -0.151937 0.230440 0 0 0
0.600339 -0.088742 0.208775 0 0 0
0.601211 -0.090685 0.210084 255 0 0
0.602265 -0.091647 0.210899 0 0 0
0.603249 -0.092610 0.211548 0 0 0
0.604315 -0.094727 0.212999 0 0 0
0.605346 -0.095659 0.213805 0 0 0
0.606380 -0.096460 0.214503 255 0 0
0.607366 -0.098713 0.215891 0 0 0
0.608337 -0.099784 0.216502 0 0 0
0.609339 -0.100958 0.217025 0 0 0
0.610575 -0.101996 0.217947 0 0 0
0.611615 -0.103149 0.218645 0 0 0
0.612704 -0.104292 0.219357 0 0 0
0.613813 -0.105507 0.220049 0 0 0
0.614948 -0.106650 0.220502 0 0 0
0.615979 -0.106816 0.220740 0 0 0
0.617083 -0.109164 0.222262 0 0 0
0.618019 -0.109933 0.222858 0 0 0
0.619008 -0.111244 0.223552 0 0 0
0.620288 -0.112334 0.224194 0 0 0
0.621342 -0.112501 0.224316 0 0 0
0.622303 -0.114802 0.225788 0 0 0
0.623168 -0.115717 0.226381 0 0 0
0.624421 -0.116806 0.227036 0 0 0
0.625680 -0.117124 0.227232 0 0 0
0.626817 -0.118359 0.227844 0 0 0
0.628038 -0.119293 0.228434 0 0 0
0.629131 -0.119824 0.228598 0 0 0
0.630283 -0.120987 0.229180 0 0 0
0.631332 -0.122378 0.229771 0 0 0
0.632531 -0.122711 0.229944 0 0 0
0.633660 -0.123910 0.230554 255 0 0
0.634741 -0.125046 0.231102 255 0 0
0.636006 -0.125526 0.231206 255 0 0
0.637364 -0.125907 0.231428 255 0 0
0.638513 -0.127241 0.231727 255 0 0
0.639544 -0.127823 0.231842 255 0 0
0.640828 -0.128996 0.232325 255 0 0
0.641895 -0.129497 0.232481 255 0 0
0.643164 -0.130667 0.232963 0 0 0
0.644253 -0.131258 0.233106 0 0 0
0.645395 -0.132431 0.233419 255 0 0
0.646631 -0.132804 0.233624 255 0 0
0.648033 -0.133252 0.233752 255 0 0
0.649036 -0.134514 0.234297 255 0 0
0.650017 -0.135790 0.234836 255 0 0
0.651235 -0.136379 0.234892 0 0 0
0.652646 -0.136959 0.234845 0 0 0
0.653952 -0.137372 0.234926 0 0 0
0.655133 -0.138323 0.235394 0 0 0
0.656255 -0.138732 0.235556 0 0 0
0.657416 -0.140197 0.236027 0 0 0
0.658657 -0.140576 0.236086 255 0 0
0.659908 -0.140951 0.236146 255 0 0
0.661021 -0.142419 0.236596 255 0 0
0.662153 -0.142917 0.236634 255 0 0
0.663759 -0.143192 0.236605 0 0 0
0.665114 -0.143646 0.236553 0 0 0
0.666421 -0.144220 0.236480 0 0 0
0.667668 -0.144972 0.236385 0 0 0
0.669044 -0.145610 0.236302 0 0 0
0.670422 -0.146250 0.236218 0 0 0
0.671701 -0.147006 0.236118 0 0 0
0.672666 -0.147435 0.236040 0 0 0
0.675289 -0.147361 0.235253 0 0 0
0.676169 -0.148124 0.235131 0 0 0
0.677182 -0.148644 0.235036 0 0 0
0.679858 -0.148464 0.234266 0 0 0
0.680829 -0.148894 0.234189 0 0 0
0.682107 -0.149652 0.234087 0 0 0
0.683564 -0.150386 0.233984 0 0 0
0.684456 -0.150987 0.233894 0 0 0
0.687006 -0.151117 0.233076 0 0 0
0.688028 -0.151573 0.232991 0 0 0
0.689289 -0.152246 0.232911 0 0 0
0.690761 -0.152694 0.232846 0 0 0
0.691797 -0.153135 0.232768 0 0 0
0.694325 -0.153487 0.231916 0 0 0
0.694964 -0.153712 0.231841 0 0 0
0.697063 -0.153855 0.231030 255 0 0
0.599453 -0.090512 0.208301 0 0 0
0.600460 -0.092283 0.209835 255 0 0
0.601422 -0.093329 0.210462 0 0 0
0.602373 -0.094366 0.211083 0 0 0
0.603577 -0.096324 0.212764 0 0 0
0.604337 -0.097182 0.213280 0 0 0
0.605349 -0.099445 0.214686 0 0 0
0.606389 -0.100301 0.215366 0 0 0
0.607678 -0.101391 0.216053 0 0 0
0.608700 -0.101537 0.216433 0 0 0
0.609859 -0.103748 0.217791 0 0 0
0.610791 -0.104720 0.218406 0 0 0
0.611895 -0.105869 0.219123 0 0 0
0.613199 -0.106981 0.219784 0 0 0
0.614228 -0.107183 0.220029 0 0 0
0.615194 -0.109595 0.221328 0 0 0
0.616186 -0.110364 0.221965 0 0 0
0.617260 -0.111509 0.222688 0 0 0
0.618326 -0.112622 0.223401 0 0 0
0.619320 -0.113751 0.224073 0 0 0
0.620327 -0.115051 0.224798 0 0 0
0.621476 -0.115981 0.225544 0 0 0
0.622508 -0.117089 0.226252 0 0 0
0.623486 -0.118218 0.226921 0 0 0
0.624649 -0.119460 0.227540 0 0 0
0.625690 -0.119629 0.227666 0 0 0
0.626832 -0.121942 0.229012 0 0 0
0.627652 -0.122291 0.229090 0 0 0
0.629064 -0.123445 0.229604 0 0 0
0.630161 -0.123835 0.229745 0 0 0
0.631439 -0.125106 0.230247 255 0 0
0.632592 -0.125514 0.230418 255 0 0
0.633887 -0.126621 0.230913 0 0 0
0.634915 -0.127195 0.231028 0 0 0
0.636077 -0.128528 0.231338 0 0 0
0.637424 -0.128903 0.231552 255 0 0
0.638694 -0.129372 0.231653 255 0 0
0.639966 -0.130532 0.232131 255 0 0
0.641025 -0.131040 0.232289 255 0 0
0.642272 -0.132093 0.232769 0 0 0
0.643654 -0.132496 0.232892 255 0 0
0.644928 -0.132994 0.233098 255 0 0
0.645828 -0.134285 0.233473 255 0 0
0.646871 -0.135647 0.234029 255 0 0
0.648038 -0.136063 0.234222 255 0 0
0.649256 -0.137102 0.234690 0 0 0
0.650473 -0.137640 0.234746 0 0 0
0.651829 -0.138157 0.234708 0 0 0
0.653147 -0.138596 0.234786 0 0 0
0.654212 -0.139703 0.235341 0 0 0
0.655182 -0.141130 0.235910 0 0 0
0.656409 -0.141513 0.235976 0 0 0
0.657650 -0.141894 0.236036 0 0 0
0.658803 -0.143322 0.236492 0 0 0
0.660050 -0.143695 0.236553 0 0 0
0.661289 -0.144079 0.236614 0 0 0
0.662386 -0.145535 0.237060 0 0 0
0.663529 -0.146126 0.237084 0 0 0
0.664890 -0.146707 0.237021 0 0 0
0.666239 -0.147270 0.236950 0 0 0
0.667622 -0.147842 0.236873 0 0 0
0.668620 -0.148255 0.236798 0 0 0
0.671262 -0.148100 0.236027 0 0 0
0.672268 -0.148613 0.235932 0 0 0
0.673146 -0.149345 0.235813 0 0 0
0.675767 -0.149307 0.235021 0 0 0
0.676733 -0.149736 0.234942 0 0 0
0.678002 -0.150492 0.234843 0 0 0
0.679424 -0.151209 0.234746 255 0 0
0.680693 -0.151970 0.234647 0 0 0
0.681653 -0.152400 0.234570 0 0 0
0.684292 -0.152241 0.233793 0 0 0
0.685273 -0.152915 0.233681 0 0 0
0.686214 -0.153506 0.233586 0 0 0
0.688718 -0.153521 0.232944 0 0 0
0.689513 -0.154540 0.233317 0 0 0
0.690330 -0.154994 0.233368 0 0 0
0.692842 -0.155346 0.232536 0 0 0
0.693855 -0.155791 0.232453 0 0 0
0.695292 -0.156418 0.232377 0 0 0
0.696151 -0.156788 0.232334 0 0 0
0.598778 -0.091893 0.208085 0 0 0
0.599619 -0.094066 0.209380 255 0 0
0.600576 -0.095003 0.210017 0 0 0
0.601621 -0.095952 0.210840 0 0 0
0.602670 -0.097979 0.212304 0 0 0
0.603685 -0.098918 0.213119 0 0 0
0.604864 -0.100003 0.214053 0 0 0
0.605950 -0.101100 0.214758 0 0 0
0.607025 -0.101934 0.215443 0 0 0
0.607870 -0.104378 0.216821 0 0 0
0.608884 -0.105179 0.217464 0 0 0
0.609992 -0.106320 0.218188 0 0 0
0.611077 -0.107458 0.218901 255 0 0
0.612106 -0.108593 0.219579 255 0 0
0.613149 -0.109884 0.220301 0 0 0
0.614315 -0.110828 0.221045 0 0 0
0.615367 -0.111958 0.221754 0 0 0
0.616428 -0.113084 0.222468 0 0 0
0.617486 -0.114203 0.223184 0 0 0
0.618541 -0.115319 0.223899 0 0 0
0.619591 -0.116419 0.224614 0 0 0
0.620626 -0.117547 0.225327 0 0 0
0.621666 -0.118658 0.226039 0 0 0
0.622702 -0.119778 0.226759 0 0 0
0.623668 -0.120872 0.227429 0 0 0
0.624685 -0.122240 0.228146 0 0 0
0.625847 -0.123222 0.228632 0 0 0
0.626940 -0.123598 0.228900 255 0 0
0.628315 -0.124794 0.229440 255 0 0
0.629366 -0.125286 0.229586 255 0 0
0.630692 -0.126461 0.230081 255 0 0
0.631735 -0.126962 0.230230 0 0 0
0.633031 -0.128138 0.230713 0 0 0
0.634313 -0.128676 0.230801 0 0 0
0.635568 -0.129123 0.230987 0 0 0
0.636733 -0.130321 0.231309 255 0 0
0.637821 -0.130901 0.231454 255 0 0
0.639090 -0.131971 0.231947 255 0 0
0.640251 -0.132382 0.232134 255 0 0
0.641288 -0.133667 0.232702 255 0 0
0.642284 -0.134956 0.233247 255 0 0
0.643539 -0.135538 0.233316 255 0 0
0.644843 -0.135953 0.233400 255 0 0
0.646077 -0.136982 0.233875 255 0 0
0.647144 -0.137488 0.234044 0 0 0
0.648376 -0.138632 0.234509 0 0 0
0.649580 -0.139103 0.234582 0 0 0
0.650828 -0.139559 0.234635 0 0 0
0.651832 -0.141096 0.235199 0 0 0
0.652784 -0.142170 0.235580 0 0 0
0.654113 -0.142456 0.235826 0 0 0
0.655414 -0.142825 0.235927 0 0 0
0.656561 -0.144258 0.236385 0 0 0
0.657820 -0.144715 0.236435 0 0 0
0.658937 -0.145207 0.236484 0 0 0
0.660084 -0.146451 0.236924 0 0 0
0.661417 -0.146882 0.237001 0 0 0
0.662757 -0.147362 0.236956 0 0 0
0.664106 -0.147925 0.236887 0 0 0
0.665451 -0.148487 0.236816 0 0 0
0.666801 -0.149050 0.236744 0 0 0
0.668108 -0.149628 0.236669 0 0 0
0.669382 -0.150393 0.236565 0 0 0
0.670422 -0.150851 0.236455 0 0 0
0.672873 -0.151034 0.235664 0 0 0
0.673786 -0.151591 0.235570 255 0 0
0.675188 -0.152231 0.235482 255 0 0
0.676579 -0.152787 0.235407 0 0 0
0.677576 -0.153200 0.235333 0 0 0
0.680247 -0.153044 0.234558 0 0 0
0.681206 -0.153475 0.234481 0 0 0
0.682519 -0.154250 0.234376 0 0 0
0.683535 -0.154705 0.234288 0 0 0
0.685907 -0.154911 0.233632 0 0 0
0.686689 -0.155930 0.234011 0 0 0
0.687890 -0.156570 0.234075 0 0 0
0.689311 -0.157144 0.234005 0 0 0
0.690159 -0.157496 0.233960 0 0 0
0.599305 -0.094739 0.208856 255 0 0
0.600047 -0.095722 0.209331 0 0 0
0.601098 -0.097846 0.210773 0 0 0
0.601972 -0.098647 0.211498 0 0 0
0.603002 -0.100790 0.212768 0 0 0
0.603961 -0.101745 0.213418 0 0 0
0.605009 -0.102664 0.214243 0 0 0
0.605921 -0.104850 0.215647 0 0 0
0.607044 -0.105594 0.216531 0 0 0
0.608089 -0.106770 0.217247 0 0 0
0.609178 -0.107901 0.217964 0 0 0
0.610265 -0.109030 0.218680 0 0 0
0.611347 -0.110155 0.219396 0 0 0
0.612424 -0.111265 0.220111 0 0 0
0.613484 -0.112405 0.220824 0 0 0
0.614547 -0.113528 0.221539 0 0 0
0.615606 -0.114647 0.222255 0 0 0
0.616660 -0.115764 0.222971 0 0 0
0.617710 -0.116879 0.223687 0 0 0
0.618754 -0.117987 0.224401 0 0 0
0.619819 -0.119190 0.225107 0 0 0
0.620735 -0.120298 0.225626 0 0 0
0.621914 -0.121299 0.226561 0 0 0
0.622893 -0.122412 0.227261 0 0 0
0.624131 -0.123539 0.227920 0 0 0
0.625204 -0.123952 0.228193 0 0 0
0.626280 -0.125127 0.228646 0 0 0
0.627468 -0.126342 0.229233 0 0 0
0.628539 -0.126899 0.229376 0 0 0
0.629752 -0.128114 0.229728 0 0 0
0.630839 -0.128514 0.229992 0 0 0
0.632192 -0.129670 0.230516 0 0 0
0.633386 -0.130140 0.230585 0 0 0
0.634715 -0.130594 0.230665 0 0 0
0.635960 -0.131824 0.231145 255 0 0
0.637045 -0.132240 0.231300 255 0 0
0.638096 -0.133527 0.231869 255 0 0
0.639137 -0.134807 0.232437 255 0 0
0.640296 -0.135216 0.232628 255 0 0
0.641544 -0.136265 0.233106 255 0 0
0.642742 -0.136726 0.233180 255 0 0
0.644061 -0.137189 0.233257 255 0 0
0.645274 -0.138495 0.233727 255 0 0
0.646267 -0.138997 0.233866 0 0 0
0.647514 -0.140150 0.234342 0 0 0
0.648506 -0.140654 0.234484 0 0 0
0.649701 -0.141928 0.234953 0 0 0
0.651093 -0.142270 0.235087 0 0 0
0.652390 -0.142588 0.235331 0 0 0
0.653272 -0.143837 0.235705 0 0 0
0.654264 -0.145192 0.236244 0 0 0
0.655575 -0.145625 0.236322 0 0 0
0.656898 -0.146050 0.236300 0 0 0
0.658226 -0.146505 0.236378 0 0 0
0.659367 -0.147743 0.236816 0 0 0
0.660487 -0.148293 0.236846 0 0 0
0.661847 -0.148888 0.236784 0 0 0
0.663179 -0.149470 0.236711 0 0 0
0.664517 -0.150035 0.236639 0 0 0
0.665859 -0.150597 0.236568 0 0 0
0.667205 -0.151153 0.236498 0 0 0
0.668595 -0.151702 0.236424 0 0 0
0.669603 -0.152084 0.236352 0 0 0
0.672096 -0.152234 0.235565 0 0 0
0.673120 -0.152610 0.235467 0 0 0
0.674520 -0.153250 0.235376 0 0 0
0.675763 -0.154001 0.235281 0 0 0
0.677038 -0.154589 0.235205 0 0 0
0.678252 -0.155238 0.235130 0 0 0
0.679742 -0.155720 0.235064 0 0 0
0.681098 -0.156271 0.234994 0 0 0
0.682481 -0.156909 0.234912 0 0 0
0.683666 -0.157574 0.234843 0 0 0
0.685107 -0.157972 0.234778 0 0 0
0.686558 -0.158513 0.234697 0 0 0
0.687399 -0.158855 0.234651 0 0 0
0.599451 -0.097427 0.209017 0 0 0
0.600293 -0.099482 0.210359 255 0 0
0.601261 -0.100426 0.211143 255 0 0
0.602451 -0.101535 0.212069 255 0 0
0.603394 -0.102466 0.212711 0 0 0
0.604459 -0.104575 0.214196 0 0 0
0.605309 -0.105335 0.214928 0 0 0
0.606287 -0.107405 0.216191 0 0 0
0.607314 -0.108323 0.217022 0 0 0
0.608362 -0.109479 0.217739 0 0 0
0.609450 -0.110604 0.218460 0 0 0
0.610527 -0.111729 0.219176 0 0 0
0.611599 -0.112851 0.219893 0 0 0
0.612666 -0.113972 0.220610 0 0 0
0.613728 -0.115091 0.221328 0 0 0
0.614786 -0.116207 0.222045 0 0 0
0.615838 -0.117321 0.222763 0 0 0
0.616886 -0.118428 0.223479 0 0 0
0.617959 -0.119627 0.224181 0 0 0
0.619087 -0.120718 0.224686 0 0 0
0.620105 -0.120834 0.225077 0 0 0
0.621206 -0.123103 0.226431 0 0 0
0.621985 -0.124094 0.226863 0 0 0
0.623196 -0.125196 0.227506 0 0 0
0.624226 -0.125606 0.227789 0 0 0
0.625483 -0.126815 0.228428 0 0 0
0.626532 -0.127961 0.228870 0 0 0
0.627835 -0.128404 0.229090 0 0 0
0.629142 -0.128841 0.229309 0 0 0
0.630205 -0.130068 0.229735 0 0 0
0.631278 -0.131304 0.230178 0 0 0
0.632292 -0.131709 0.230423 0 0 0
0.633622 -0.133029 0.230957 0 0 0
0.634696 -0.133434 0.231111 0 0 0
0.635949 -0.134675 0.231612 255 0 0
0.637104 -0.135077 0.231795 255 0 0
0.638368 -0.136139 0.232290 255 0 0
0.639419 -0.136638 0.232453 255 0 0
0.640689 -0.137802 0.232935 255 0 0
0.641675 -0.138300 0.233074 0 0 0
0.642895 -0.139598 0.233541 0 0 0
0.644212 -0.140046 0.233624 0 0 0
0.645408 -0.140513 0.233701 0 0 0
0.646639 -0.141643 0.234168 0 0 0
0.647707 -0.142134 0.234342 0 0 0
0.648936 -0.143259 0.234813 0 0 0
0.649946 -0.143854 0.234947 0 0 0
0.651041 -0.145154 0.235265 0 0 0
0.652225 -0.145496 0.235592 255 0 0
0.653471 -0.146497 0.236100 255 0 0
0.654679 -0.147049 0.236174 255 0 0
0.655820 -0.147609 0.236218 0 0 0
0.656963 -0.148863 0.236658 255 0 0
0.658272 -0.149308 0.236733 255 0 0
0.659610 -0.149798 0.236689 255 0 0
0.660936 -0.150278 0.236633 255 0 0
0.662377 -0.150693 0.236580 255 0 0
0.663741 -0.151236 0.236512 0 0 0
0.665078 -0.151795 0.236441 0 0 0
0.666411 -0.152356 0.236370 0 0 0
0.667785 -0.152992 0.236288 0 0 0
0.668958 -0.153659 0.236209 0 0 0
0.670299 -0.154312 0.236119 0 0 0
0.671628 -0.155128 0.236010 0 0 0
0.672562 -0.155551 0.235934 0 0 0
0.675227 -0.155384 0.235156 0 0 0
0.676232 -0.155809 0.235090 0 0 0
0.677433 -0.156415 0.235120 0 0 0
0.678416 -0.157750 0.235560 0 0 0
0.679705 -0.158210 0.235603 0 0 0
0.680728 -0.158572 0.235533 0 0 0
0.683133 -0.158835 0.234915 0 0 0
0.683491 -0.159518 0.235202 0 0 0
0.599685 -0.100396 0.209429 0 0 0
0.600618 -0.102306 0.210814 255 0 0
0.601549 -0.103242 0.211448 0 0 0
0.602561 -0.104177 0.212266 0 0 0
0.603698 -0.106118 0.213960 0 0 0
0.604556 -0.107145 0.214576 0 0 0
0.605599 -0.108062 0.215413 0 0 0
0.606663 -0.110056 0.216905 0 0 0
0.607537 -0.111035 0.217511 0 0 0
0.608639 -0.112176 0.218244 0 0 0
0.609704 -0.113315 0.218960 0 0 0
0.610779 -0.114419 0.219679 0 0 0
0.611848 -0.115535 0.220399 0 0 0
0.612911 -0.116650 0.221119 0 0 0
0.613967 -0.117763 0.221839 0 0 0
0.615017 -0.118870 0.222556 0 0 0
0.616093 -0.120068 0.223260 0 0 0
0.617221 -0.121156 0.223763 0 0 0
0.618290 -0.121268 0.224152 0 0 0
0.619187 -0.123761 0.225259 0 0 0
0.620354 -0.124515 0.225915 0 0 0
0.621410 -0.124855 0.226326 0 0 0
0.622656 -0.125920 0.227013 0 0 0
0.623621 -0.127169 0.227523 0 0 0
0.624749 -0.128392 0.228020 0 0 0
0.625875 -0.128709 0.228407 0 0 0
0.627129 -0.129912 0.228798 0 0 0
0.628226 -0.130543 0.228931 0 0 0
0.629462 -0.131736 0.229311 0 0 0
0.630599 -0.132040 0.229713 0 0 0
0.631715 -0.133255 0.230203 0 0 0
0.632776 -0.134464 0.230647 0 0 0
0.633854 -0.134860 0.230923 0 0 0
0.635197 -0.136007 0.231459 255 0 0
0.636234 -0.136499 0.231621 255 0 0
0.637504 -0.137668 0.232110 0 0 0
0.638581 -0.138233 0.232261 0 0 0
0.639735 -0.139415 0.232600 0 0 0
0.640851 -0.139894 0.232868 0 0 0
0.642031 -0.141045 0.233229 0 0 0
0.643261 -0.141482 0.233423 0 0 0
0.644543 -0.142016 0.233527 0 0 0
0.645763 -0.143142 0.233993 0 0 0
0.646849 -0.143714 0.234153 0 0 0
0.647956 -0.144867 0.234473 0 0 0
0.649259 -0.145294 0.234702 255 0 0
0.650553 -0.145716 0.234946 255 0 0
0.651527 -0.146913 0.235357 255 0 0
0.652504 -0.148120 0.235772 255 0 0
0.653724 -0.148555 0.235970 255 0 0
0.655013 -0.149082 0.236084 0 0 0
0.656177 -0.150161 0.236523 0 0 0
0.657364 -0.150696 0.236584 0 0 0
0.658736 -0.151290 0.236535 0 0 0
0.659858 -0.151834 0.236570 0 0 0
0.660960 -0.153094 0.237002 0 0 0
0.662171 -0.153682 0.237063 0 0 0
0.663517 -0.154252 0.237004 0 0 0
0.664889 -0.154823 0.236928 0 0 0
0.665880 -0.155238 0.236852 0 0 0
0.668305 -0.155222 0.236242 0 0 0
0.668737 -0.156213 0.236547 255 0 0
0.671188 -0.156171 0.235935 0 0 0
0.672139 -0.156594 0.235857 0 0 0
0.673388 -0.157356 0.235760 0 0 0
0.674803 -0.158077 0.235666 0 0 0
0.676027 -0.158724 0.235607 0 0 0
0.677402 -0.159072 0.235699 0 0 0
0.678046 -0.159817 0.236063 0 0 0
0.599306 -0.101144 0.208685 0 0 0
0.600214 -0.103143 0.210220 0 0 0
0.600958 -0.103956 0.210725 0 0 0
0.601906 -0.105906 0.212130 0 0 0
0.602801 -0.107764 0.213521 0 0 0
0.603854 -0.108691 0.214367 0 0 0
0.604697 -0.109708 0.214978 0 0 0
0.605868 -0.111630 0.216691 0 0 0
0.606733 -0.112606 0.217297 0 0 0
0.607828 -0.113732 0.218030 0 0 0
0.608993 -0.114681 0.218781 0 0 0
0.610023 -0.115968 0.219510 0 0 0
0.611037 -0.117088 0.220195 0 0 0
0.612095 -0.118205 0.220915 0 0 0
0.613147 -0.119314 0.221633 0 0 0
0.614225 -0.120514 0.222342 0 0 0
0.615353 -0.121602 0.222841 0 0 0
0.616425 -0.121709 0.223230 0 0 0
0.617525 -0.124142 0.224301 0 0 0
0.618543 -0.124260 0.224699 0 0 0
0.619772 -0.125254 0.225374 0 0 0
0.620724 -0.126441 0.225908 0 0 0
0.621789 -0.127690 0.226604 0 0 0
0.622901 -0.128830 0.227108 0 0 0
0.624024 -0.129153 0.227501 0 0 0
0.625153 -0.130393 0.227995 0 0 0
0.626212 -0.131606 0.228415 0 0 0
0.627494 -0.131966 0.228654 0 0 0
0.628900 -0.132323 0.228916 0 0 0
0.629912 -0.133596 0.229352 0 0 0
0.631078 -0.134795 0.229948 0 0 0
0.632148 -0.135188 0.230232 0 0 0
0.633206 -0.136418 0.230677 0 0 0
0.634252 -0.137641 0.231117 0 0 0
0.635324 -0.138034 0.231398 0 0 0
0.636638 -0.139167 0.231923 0 0 0
0.637907 -0.139689 0.232022 0 0 0
0.639149 -0.140131 0.232211 0 0 0
0.640327 -0.141209 0.232590 0 0 0
0.641533 -0.141614 0.232899 0 0 0
0.642649 -0.142922 0.233219 0 0 0
0.643663 -0.143495 0.233349 0 0 0
0.644883 -0.144625 0.233813 0 0 0
0.646156 -0.145158 0.233917 0 0 0
0.647379 -0.145607 0.234103 255 0 0
0.648483 -0.146761 0.234425 255 0 0
0.649563 -0.147335 0.234594 255 0 0
0.650835 -0.148443 0.235114 0 0 0
0.651917 -0.148844 0.235403 0 0 0
0.653012 -0.149978 0.235736 0 0 0
0.654108 -0.150553 0.235909 0 0 0
0.655281 -0.151656 0.236360 0 0 0
0.656473 -0.152184 0.236423 0 0 0
0.657840 -0.152773 0.236377 0 0 0
0.659037 -0.153305 0.236443 0 0 0
0.660189 -0.154363 0.236876 0 0 0
0.661391 -0.154888 0.236941 0 0 0
0.662728 -0.155470 0.236883 0 0 0
0.664068 -0.156031 0.236814 0 0 0
0.665333 -0.156501 0.236756 0 0 0
0.666729 -0.157146 0.236670 0 0 0
0.668076 -0.157811 0.236581 0 0 0
0.669233 -0.158475 0.236502 0 0 0
0.670610 -0.159132 0.236418 0 0 0
0.671924 -0.159546 0.236357 0 0 0
0.673038 -0.159760 0.236293 0 0 0
0.675456 -0.159985 0.235676 0 0 0
0.675843 -0.160670 0.235970 0 0 0
0.599408 -0.104885 0.209819 0 0 0
0.600066 -0.105678 0.210273 0 0 0
0.601262 -0.107654 0.212013 0 0 0
0.602094 -0.108419 0.212726 0 0 0
0.603119 -0.110480 0.214042 0 0 0
0.603941 -0.111243 0.214756 0 0 0
0.604967 -0.113259 0.216262 0 0 0
0.605997 -0.114171 0.217104 0 0 0
0.606869 -0.115158 0.217727 0 0 0
0.607979 -0.117353 0.219067 0 0 0
0.608928 -0.117556 0.219319 0 0 0
0.610221 -0.118650 0.219995 0 0 0
0.611284 -0.119754 0.220713 0 0 0
0.612341 -0.120859 0.221428 255 0 0
0.613612 -0.121941 0.222102 255 0 0
0.614603 -0.122135 0.222355 255 0 0
0.615668 -0.124575 0.223381 255 0 0
0.616731 -0.124687 0.223771 0 0 0
0.617845 -0.125759 0.224274 0 0 0
0.618903 -0.126954 0.224983 0 0 0
0.619947 -0.128120 0.225687 0 0 0
0.621061 -0.129262 0.226198 0 0 0
0.622183 -0.129588 0.226593 0 0 0
0.623294 -0.130737 0.227100 0 0 0
0.624524 -0.131853 0.227750 0 0 0
0.625686 -0.132177 0.228065 0 0 0
0.626660 -0.133468 0.228475 0 0 0
0.627749 -0.134843 0.229042 0 0 0
0.628907 -0.135309 0.229209 0 0 0
0.630087 -0.136423 0.229568 0 0 0
0.631161 -0.136821 0.229844 0 0 0
0.632562 -0.137972 0.230432 0 0 0
0.633628 -0.138365 0.230712 0 0 0
0.634652 -0.139487 0.231165 0 0 0
0.635791 -0.140678 0.231743 0 0 0
0.636992 -0.141215 0.231812 0 0 0
0.638189 -0.141764 0.231885 0 0 0
0.639224 -0.142858 0.232427 0 0 0
0.640300 -0.144109 0.233023 0 0 0
0.641611 -0.144555 0.233113 0 0 0
0.642793 -0.145018 0.233190 0 0 0
0.644016 -0.146123 0.233646 0 0 0
0.645204 -0.146576 0.233726 0 0 0
0.646530 -0.147025 0.233819 0 0 0
0.647702 -0.148209 0.234287 0 0 0
0.648789 -0.148631 0.234458 0 0 0
0.649967 -0.149823 0.234946 0 0 0
0.651049 -0.150245 0.235121 0 0 0
0.652231 -0.151522 0.235596 0 0 0
0.653218 -0.152019 0.235750 0 0 0
0.654400 -0.153128 0.236199 0 0 0
0.655591 -0.153663 0.236266 0 0 0
0.656920 -0.154164 0.236235 0 0 0
0.658239 -0.154593 0.236315 0 0 0
0.659365 -0.155845 0.236756 0 0 0
0.660450 -0.156297 0.236803 0 0 0
0.661913 -0.156705 0.236761 0 0 0
0.663285 -0.157261 0.236703 0 0 0
0.664425 -0.157880 0.236743 0 0 0
0.665154 -0.159121 0.237119 0 0 0
0.667569 -0.159043 0.236494 0 0 0
0.668568 -0.159443 0.236419 0 0 0
0.669978 -0.160006 0.236338 0 0 0
0.670888 -0.160324 0.236292 0 0 0
0.598749 -0.106238 0.209632 0 0 0
0.599375 -0.107214 0.210095 0 0 0
0.600498 -0.109197 0.211785 255 0 0
0.601356 -0.110211 0.212401 0 0 0
0.602411 -0.111128 0.213249 0 0 0
0.603451 -0.113135 0.214756 0 0 0
0.604265 -0.113893 0.215471 0 0 0
0.605249 -0.115936 0.216777 0 0 0
0.606207 -0.116843 0.217601 0 0 0
0.607389 -0.117885 0.218550 0 0 0
0.608338 -0.118996 0.219072 0 0 0
0.609421 -0.120193 0.219787 0 0 0
0.610496 -0.121394 0.220501 255 0 0
0.611424 -0.122493 0.221025 255 0 0
0.612588 -0.123572 0.221914 0 0 0
0.613651 -0.124890 0.222404 255 0 0
0.614894 -0.125123 0.222857 255 0 0
0.616013 -0.126275 0.223348 0 0 0
0.616996 -0.127537 0.223872 0 0 0
0.618069 -0.128612 0.224586 0 0 0
0.619267 -0.129682 0.225280 0 0 0
0.620339 -0.130014 0.225677 0 0 0
0.621456 -0.131171 0.226193 0 0 0
0.622486 -0.132340 0.226906 0 0 0
0.623431 -0.133421 0.227582 0 0 0
0.624568 -0.134706 0.228205 0 0 0
0.625700 -0.135091 0.228392 0 0 0
0.626989 -0.136156 0.228889 0 0 0
0.628246 -0.136698 0.228981 0 0 0
0.629477 -0.137156 0.229168 0 0 0
0.630505 -0.138281 0.229611 0 0 0
0.631655 -0.139398 0.230215 0 0 0
0.632785 -0.139784 0.230416 0 0 0
0.633891 -0.141061 0.231030 0 0 0
0.634942 -0.142166 0.231576 0 0 0
0.636121 -0.142622 0.231657 0 0 0
0.637441 -0.143060 0.231748 0 0 0
0.638506 -0.144332 0.232349 0 0 0
0.639539 -0.145418 0.232891 0 0 0
0.640705 -0.145881 0.232975 0 0 0
0.642034 -0.146313 0.233059 0 0 0
0.643235 -0.147621 0.233530 0 0 0
0.644132 -0.148123 0.233644 0 0 0
0.645342 -0.149409 0.234128 0 0 0
0.646423 -0.149820 0.234297 0 0 0
0.647606 -0.151026 0.234787 0 0 0
0.648677 -0.151452 0.234958 0 0 0
0.649831 -0.152612 0.235428 0 0 0
0.651153 -0.153054 0.235519 0 0 0
0.652370 -0.153591 0.235590 0 0 0
0.653438 -0.154714 0.235893 0 0 0
0.654632 -0.155072 0.236094 0 0 0
0.655942 -0.155508 0.236191 0 0 0
0.657058 -0.156922 0.236653 0 0 0
0.658271 -0.157288 0.236718 0 0 0
0.659488 -0.157661 0.236785 0 0 0
0.660573 -0.159099 0.237237 0 0 0
0.661689 -0.159695 0.237264 0 0 0
0.663052 -0.160288 0.237201 0 0 0
0.664416 -0.160553 0.237158 0 0 0
0.665743 -0.161007 0.237100 0 0 0
0.667203 -0.161650 0.237017 0 0 0
0.668003 -0.161985 0.236974 0 0 0
0.598720 -0.109030 0.209983 0 0 0
0.599704 -0.110770 0.211560 0 0 0
0.600612 -0.111769 0.212192 0 0 0
0.601518 -0.112769 0.212823 255 0 0
0.602623 -0.114813 0.214324 255 0 0
0.603494 -0.115730 0.214959 255 0 0
0.604603 -0.116573 0.216023 255 0 0
0.605530 -0.118679 0.217285 255 0 0
0.606453 -0.119643 0.217932 0 0 0
0.607532 -0.120766 0.218663 0 0 0
0.608601 -0.121879 0.219388 0 0 0
0.609838 -0.122899 0.220095 0 0 0
0.610794 -0.123039 0.220476 0 0 0
0.612037 -0.125295 0.221603 0 0 0
0.612995 -0.125491 0.221937 0 0 0
0.614169 -0.126720 0.222429 0 0 0
0.615333 -0.127952 0.222930 0 0 0
0.616411 -0.128284 0.223326 0 0 0
0.617611 -0.129351 0.224019 0 0 0
0.618697 -0.130499 0.224720 0 0 0
0.619574 -0.131780 0.225090 0 0 0
0.620602 -0.132831 0.225773 0 0 0
0.621709 -0.133820 0.226730 0 0 0
0.622683 -0.135005 0.227437 0 0 0
0.623740 -0.136133 0.227906 0 0 0
0.624799 -0.136531 0.228179 0 0 0
0.626153 -0.137695 0.228715 0 0 0
0.627333 -0.138148 0.228784 0 0 0
0.628647 -0.138581 0.228874 0 0 0
0.629745 -0.139857 0.229482 0 0 0
0.630604 -0.140939 0.230112 0 0 0
0.631703 -0.142217 0.230738 0 0 0
0.632837 -0.142605 0.230931 0 0 0
0.634097 -0.143688 0.231429 0 0 0
0.635064 -0.144183 0.231570 0 0 0
0.636275 -0.145384 0.232071 0 0 0
0.637554 -0.145702 0.232287 0 0 0
0.638731 -0.146838 0.232788 0 0 0
0.639738 -0.147228 0.232918 0 0 0
0.640936 -0.148712 0.233407 0 0 0
0.642138 -0.149068 0.233467 0 0 0
0.643453 -0.149412 0.233562 0 0 0
0.644647 -0.150692 0.234037 0 0 0
0.645614 -0.151194 0.234186 0 0 0
0.646818 -0.152213 0.234670 0 0 0
0.647977 -0.152615 0.234874 0 0 0
0.649144 -0.153881 0.235341 0 0 0
0.650241 -0.154415 0.235375 0 0 0
0.651674 -0.155004 0.235365 0 0 0
0.652864 -0.155441 0.235552 0 0 0
0.653731 -0.156520 0.235940 0 0 0
0.654769 -0.157847 0.236526 0 0 0
0.656087 -0.158282 0.236624 0 0 0
0.657171 -0.158748 0.236683 0 0 0
0.658293 -0.160003 0.237125 0 0 0
0.659607 -0.160454 0.237203 0 0 0
0.660887 -0.160782 0.237173 0 0 0
0.662403 -0.161168 0.237121 0 0 0
0.663298 -0.161493 0.237079 0 0 0
0.598069 -0.110360 0.209812 0 0 0
0.598839 -0.112435 0.211136 0 0 0
0.599849 -0.113308 0.211974 0 0 0
0.600856 -0.114474 0.212696 255 0 0
0.602057 -0.115536 0.213644 255 0 0
0.602959 -0.116417 0.214285 0 0 0
0.603998 -0.118488 0.215788 0 0 0
0.604949 -0.119378 0.216600 0 0 0
0.606006 -0.120424 0.217344 0 0 0
0.607076 -0.121538 0.218076 0 0 0
0.608150 -0.122656 0.218812 0 0 0
0.609096 -0.123582 0.219452 0 0 0
0.610148 -0.125876 0.220625 0 0 0
0.611139 -0.126000 0.220998 0 0 0
0.612316 -0.127160 0.221513 0 0 0
0.613479 -0.128387 0.222013 0 0 0
0.614601 -0.128709 0.222401 0 0 0
0.615749 -0.129931 0.222905 255 0 0
0.616723 -0.131172 0.223429 0 0 0
0.617971 -0.132249 0.224122 0 0 0
0.618997 -0.132593 0.224529 0 0 0
0.620106 -0.133299 0.225198 0 0 0
0.620995 -0.135526 0.226649 0 0 0
0.622023 -0.136455 0.227200 0 0 0
0.623104 -0.136861 0.227493 0 0 0
0.624155 -0.138002 0.227953 0 0 0
0.625335 -0.139212 0.228553 0 0 0
0.626293 -0.139685 0.228687 0 0 0
0.627569 -0.141015 0.229192 0 0 0
0.628700 -0.141396 0.229383 0 0 0
0.629828 -0.142419 0.229996 0 0 0
0.630962 -0.143520 0.230601 0 0 0
0.631984 -0.144003 0.230778 0 0 0
0.633243 -0.145079 0.231281 0 0 0
0.634381 -0.145468 0.231477 0 0 0
0.635408 -0.146732 0.232059 0 0 0
0.636388 -0.147925 0.232636 0 0 0
0.637566 -0.148247 0.232822 0 0 0
0.638742 -0.149631 0.233321 0 0 0
0.639955 -0.149977 0.233380 0 0 0
0.641170 -0.150324 0.233439 0 0 0
0.642343 -0.151804 0.233916 0 0 0
0.643541 -0.152158 0.233977 0 0 0
0.644842 -0.152506 0.234080 0 0 0
0.645800 -0.153772 0.234640 0 0 0
0.646765 -0.155007 0.235192 0 0 0
0.648059 -0.155442 0.235275 0 0 0
0.649374 -0.155939 0.235231 0 0 0
0.650695 -0.156414 0.235191 0 0 0
0.652004 -0.156825 0.235286 0 0 0
0.653013 -0.158068 0.235879 0 0 0
0.653982 -0.159123 0.236411 0 0 0
0.655136 -0.159572 0.236509 0 0 0
0.656477 -0.160014 0.236610 0 0 0
0.657568 -0.161161 0.237057 0 0 0
0.658814 -0.161539 0.237108 0 0 0
0.659748 -0.161852 0.237076 0 0 0
0.598432 -0.112969 0.210586 0 0 0
0.599245 -0.115025 0.211893 255 0 0
0.600097 -0.115995 0.212482 255 0 0
0.601227 -0.117157 0.213245 255 0 0
0.602097 -0.118132 0.213862 0 0 0
0.603163 -0.120077 0.215377 0 0 0
0.604162 -0.120962 0.216215 0 0 0
0.605191 -0.122104 0.216946 0 0 0
0.606256 -0.123212 0.217678 0 0 0
0.607314 -0.124319 0.218414 0 0 0
0.608311 -0.125434 0.219131 0 0 0
0.609526 -0.126488 0.220063 0 0 0
0.610387 -0.127674 0.220414 0 0 0
0.611675 -0.128815 0.221093 0 0 0
0.612744 -0.129143 0.221482 0 0 0
0.613910 -0.130366 0.221989 0 0 0
0.615070 -0.131583 0.222494 255 0 0
0.616137 -0.131915 0.222889 255 0 0
0.617398 -0.132980 0.223594 0 0 0
0.618249 -0.133747 0.224063 0 0 0
0.618970 -0.136185 0.225484 0 0 0
0.620047 -0.136849 0.226362 0 0 0
0.621163 -0.137996 0.226986 0 0 0
0.622184 -0.138464 0.227166 0 0 0
0.623349 -0.139587 0.227778 0 0 0
0.624500 -0.140701 0.228383 0 0 0
0.625529 -0.141166 0.228554 0 0 0
0.626837 -0.142317 0.229055 0 0 0
0.627844 -0.142794 0.229222 0 0 0
0.629006 -0.144010 0.229828 0 0 0
0.630022 -0.145130 0.230282 0 0 0
0.631077 -0.145522 0.230575 255 0 0
0.632188 -0.146623 0.231190 255 0 0
0.633276 -0.147887 0.231807 255 0 0
0.634407 -0.148269 0.232022 255 0 0
0.635434 -0.149276 0.232589 0 0 0
0.636489 -0.150549 0.233196 0 0 0
0.637779 -0.150884 0.233297 0 0 0
0.638979 -0.151236 0.233358 0 0 0
0.640155 -0.152722 0.233837 0 0 0
0.641361 -0.153061 0.233895 0 0 0
0.642576 -0.153410 0.233958 0 0 0
0.643710 -0.154789 0.234456 0 0 0
0.644920 -0.155100 0.234643 0 0 0
0.646060 -0.156288 0.235117 0 0 0
0.647136 -0.156727 0.235163 0 0 0
0.648613 -0.157148 0.235130 0 0 0
0.649761 -0.157714 0.235163 0 0 0
0.650833 -0.159081 0.235648 0 0 0
0.652046 -0.159413 0.235844 0 0 0
0.653152 -0.160497 0.236330 0 0 0
0.654169 -0.160892 0.236481 0 0 0
0.655382 -0.162082 0.236978 0 0 0
0.656467 -0.162580 0.237168 0 0 0
0.657144 -0.163379 0.237563 0 0 0
0.598395 -0.116781 0.211466 255 0 0
0.599291 -0.117699 0.212077 255 0 0
0.600371 -0.118758 0.212815 255 0 0
0.601509 -0.119817 0.213774 255 0 0
0.602463 -0.120731 0.214604 0 0 0
0.603456 -0.122804 0.215901 0 0 0
0.604379 -0.123771 0.216547 0 0 0
0.605412 -0.124813 0.217268 0 0 0
0.606572 -0.125822 0.218226 0 0 0
0.607567 -0.126933 0.218938 0 0 0
0.608834 -0.128090 0.219620 0 0 0
0.609847 -0.128490 0.219890 0 0 0
0.611080 -0.129564 0.220547 0 0 0
0.612067 -0.130802 0.221072 0 0 0
0.613222 -0.132016 0.221580 0 0 0
0.614338 -0.132340 0.221970 0 0 0
0.615474 -0.133497 0.222504 255 0 0
0.616342 -0.134476 0.223109 0 0 0
0.617447 -0.136621 0.224522 0 0 0
0.618202 -0.136635 0.224853 0 0 0
0.619327 -0.138663 0.226086 0 0 0
0.620290 -0.139559 0.226645 0 0 0
0.621301 -0.139974 0.226943 0 0 0
0.622541 -0.141177 0.227603 0 0 0
0.623574 -0.142298 0.228059 0 0 0
0.624663 -0.142759 0.228331 0 0 0
0.625902 -0.143934 0.228733 255 0 0
0.626956 -0.144313 0.229010 255 0 0
0.628355 -0.145451 0.229609 255 0 0
0.629407 -0.145832 0.229895 0 0 0
0.630417 -0.146943 0.230359 0 0 0
0.631444 -0.148185 0.231069 255 0 0
0.632440 -0.149278 0.231530 255 0 0
0.633483 -0.149667 0.231826 255 0 0
0.634650 -0.150764 0.232486 255 0 0
0.635750 -0.151846 0.233089 255 0 0
0.636692 -0.152327 0.233241 0 0 0
0.637896 -0.153631 0.233723 0 0 0
0.639188 -0.153962 0.233817 0 0 0
0.640388 -0.154315 0.233882 0 0 0
0.641544 -0.155689 0.234379 0 0 0
0.642657 -0.156005 0.234530 0 0 0
0.643748 -0.157281 0.235030 0 0 0
0.645103 -0.157579 0.235101 0 0 0
0.646224 -0.158055 0.235154 0 0 0
0.647300 -0.159574 0.235622 0 0 0
0.648412 -0.160037 0.235673 0 0 0
0.649785 -0.160324 0.235748 0 0 0
0.650843 -0.161585 0.236244 0 0 0
0.651975 -0.161898 0.236414 0 0 0
0.653013 -0.163034 0.237053 0 0 0
0.653637 -0.163758 0.237557 0 0 0
0.598079 -0.117386 0.210977 255 0 0
0.598894 -0.118485 0.211525 0 0 0
0.599856 -0.119293 0.212193 0 0 0
0.600843 -0.121504 0.213659 0 0 0
0.601706 -0.122463 0.214282 255 0 0
0.602883 -0.123514 0.215232 255 0 0
0.603935 -0.124544 0.215974 0 0 0
0.604922 -0.125330 0.216675 0 0 0
0.605795 -0.127668 0.217912 0 0 0
0.606743 -0.128590 0.218553 0 0 0
0.607944 -0.129696 0.219222 0 0 0
0.608952 -0.130097 0.219496 0 0 0
0.610239 -0.131315 0.220157 0 0 0
0.611378 -0.132446 0.220669 0 0 0
0.612495 -0.132771 0.221060 0 0 0
0.613622 -0.133912 0.221578 0 0 0
0.614678 -0.135073 0.222306 0 0 0
0.615629 -0.136163 0.223026 255 0 0
0.616800 -0.137145 0.223990 255 0 0
0.617625 -0.138214 0.224515 0 0 0
0.618749 -0.139321 0.225457 0 0 0
0.619762 -0.140282 0.226180 0 0 0
0.620681 -0.141433 0.226720 0 0 0
0.621905 -0.142634 0.227381 0 0 0
0.622945 -0.143019 0.227656 0 0 0
0.624195 -0.144181 0.228063 0 0 0
0.625285 -0.144636 0.228337 255 0 0
0.626308 -0.145755 0.228795 0 0 0
0.627467 -0.146956 0.229401 0 0 0
0.628476 -0.147417 0.229584 0 0 0
0.629599 -0.148519 0.230193 0 0 0
0.630777 -0.149608 0.230853 0 0 0
0.631822 -0.149989 0.231150 0 0 0
0.632817 -0.151094 0.231617 0 0 0
0.633802 -0.152244 0.232334 255 0 0
0.634888 -0.153342 0.232945 0 0 0
0.635903 -0.153812 0.233131 0 0 0
0.637147 -0.154933 0.233621 0 0 0
0.638088 -0.155419 0.233767 0 0 0
0.639294 -0.156724 0.234262 0 0 0
0.640362 -0.157112 0.234435 0 0 0
0.641505 -0.158197 0.234933 0 0 0
0.642709 -0.158506 0.235125 0 0 0
0.643801 -0.159906 0.235621 0 0 0
0.644888 -0.160369 0.235666 0 0 0
0.646504 -0.160613 0.235643 0 0 0
0.647614 -0.161053 0.235690 0 0 0
0.648790 -0.162291 0.236176 0 0 0
0.649876 -0.162762 0.236360 0 0 0
0.650585 -0.163582 0.236769 0 0 0
0.598250 -0.119920 0.211194 0 0 0
0.598969 -0.122138 0.212742 0 0 0
0.599881 -0.122889 0.213350 0 0 0
0.600983 -0.123998 0.214103 255 0 0
0.602066 -0.125128 0.214854 255 0 0
0.602959 -0.126062 0.215486 255 0 0
0.604108 -0.128221 0.216892 255 0 0
0.605048 -0.128352 0.217271 255 0 0
0.606285 -0.129359 0.217989 255 0 0
0.607391 -0.130434 0.218718 0 0 0
0.608378 -0.131664 0.219246 0 0 0
0.609545 -0.132877 0.219762 0 0 0
0.610650 -0.133198 0.220145 0 0 0
0.611811 -0.134450 0.220659 0 0 0
0.612738 -0.135577 0.221178 0 0 0
0.613911 -0.136560 0.222140 0 0 0
0.614860 -0.137653 0.222863 255 0 0
0.615878 -0.138735 0.223610 255 0 0
0.616880 -0.139805 0.224343 255 0 0
0.617879 -0.140879 0.225085 0 0 0
0.618876 -0.141954 0.225823 255 0 0
0.619877 -0.143022 0.226552 0 0 0
0.621016 -0.144046 0.227181 0 0 0
0.622124 -0.144417 0.227373 0 0 0
0.623408 -0.145751 0.227880 0 0 0
0.624357 -0.146218 0.228025 255 0 0
0.625496 -0.147331 0.228634 255 0 0
0.626630 -0.148434 0.229246 255 0 0
0.627640 -0.148896 0.229429 0 0 0
0.628765 -0.149997 0.230042 0 0 0
0.629881 -0.151102 0.230650 0 0 0
0.630890 -0.151561 0.230846 0 0 0
0.631993 -0.152661 0.231464 0 0 0
0.632956 -0.153714 0.232191 0 0 0
0.634026 -0.154706 0.232809 0 0 0
0.635155 -0.155086 0.233020 0 0 0
0.636352 -0.156287 0.233524 0 0 0
0.637416 -0.156677 0.233696 0 0 0
0.638610 -0.157859 0.234196 0 0 0
0.639657 -0.158257 0.234374 0 0 0
0.640637 -0.159515 0.234953 0 0 0
0.641584 -0.160778 0.235516 0 0 0
0.642870 -0.161106 0.235623 0 0 0
0.644066 -0.161444 0.235692 0 0 0
0.645132 -0.162871 0.236190 0 0 0
0.646204 -0.163319 0.236374 0 0 0
0.646997 -0.163990 0.236776 0 0 0
0.598213 -0.123642 0.212352 255 0 0
0.599074 -0.124546 0.212957 255 0 0
0.600183 -0.125685 0.213720 255 0 0
0.601215 -0.126707 0.214441 255 0 0
0.602318 -0.127741 0.215393 255 0 0
0.603470 -0.128760 0.216341 255 0 0
0.604407 -0.129830 0.216879 255 0 0
0.605481 -0.131020 0.217605 0 0 0
0.606549 -0.132187 0.218325 0 0 0
0.607689 -0.133316 0.218846 0 0 0
0.608824 -0.133700 0.219221 0 0 0
0.609902 -0.134956 0.219567 0 0 0
0.611168 -0.135985 0.220242 0 0 0
0.612100 -0.136094 0.220639 0 0 0
0.613199 -0.138255 0.222068 255 0 0
0.614034 -0.139144 0.222688 255 0 0
0.615061 -0.140235 0.223442 255 0 0
0.616066 -0.141306 0.224182 255 0 0
0.617065 -0.142376 0.224922 255 0 0
0.618060 -0.143442 0.225662 0 0 0
0.619053 -0.144506 0.226399 0 0 0
0.620005 -0.145666 0.227079 0 0 0
0.621003 -0.146917 0.227531 0 0 0
0.622320 -0.147280 0.227761 0 0 0
0.623541 -0.147715 0.227880 0 0 0
0.624670 -0.148807 0.228485 0 0 0
0.625798 -0.149912 0.229093 0 0 0
0.626800 -0.150367 0.229279 0 0 0
0.627953 -0.151567 0.229890 0 0 0
0.628955 -0.152669 0.230348 0 0 0
0.629993 -0.153049 0.230647 0 0 0
0.631152 -0.154133 0.231321 0 0 0
0.632100 -0.155180 0.232055 0 0 0
0.632976 -0.156228 0.232742 0 0 0
0.634036 -0.157485 0.233372 0 0 0
0.635079 -0.157866 0.233555 0 0 0
0.636275 -0.159068 0.234053 0 0 0
0.637324 -0.159458 0.234230 0 0 0
0.638504 -0.160655 0.234727 0 0 0
0.639641 -0.161037 0.234944 0 0 0
0.640819 -0.162105 0.235429 0 0 0
0.641753 -0.162545 0.235584 0 0 0
0.643048 -0.163519 0.236083 0 0 0
0.644208 -0.163993 0.236304 0 0 0
0.644918 -0.164814 0.236720 0 0 0
0.597893 -0.124253 0.211874 255 0 0
0.598675 -0.125329 0.212414 255 0 0
0.599704 -0.126464 0.213124 255 0 0
0.600715 -0.127221 0.213840 255 0 0
0.601673 -0.129420 0.215302 255 0 0
0.602585 -0.130423 0.215931 255 0 0
0.603575 -0.131593 0.216492 0 0 0
0.604680 -0.132666 0.217225 0 0 0
0.605900 -0.133738 0.217933 0 0 0
0.606956 -0.134069 0.218318 0 0 0
0.608326 -0.135282 0.218790 0 0 0
0.609373 -0.135734 0.219059 0 0 0
0.610513 -0.136468 0.219688 0 0 0
0.611179 -0.138899 0.220891 0 0 0
0.612271 -0.139578 0.221793 255 0 0
0.613234 -0.140669 0.222536 255 0 0
0.614244 -0.141736 0.223282 255 0 0
0.615249 -0.142804 0.224025 255 0 0
0.616247 -0.143870 0.224767 0 0 0
0.617240 -0.144927 0.225505 0 0 0
0.618261 -0.146076 0.226232 0 0 0
0.619348 -0.147171 0.226759 0 0 0
0.620445 -0.147474 0.227165 0 0 0
0.621669 -0.148635 0.227558 0 0 0
0.622704 -0.149172 0.227719 0 0 0
0.623867 -0.150373 0.228326 0 0 0
0.624882 -0.151475 0.228792 0 0 0
0.625921 -0.151854 0.229082 0 0 0
0.627309 -0.152983 0.229682 0 0 0
0.628345 -0.153358 0.229976 255 0 0
0.629341 -0.154457 0.230448 0 0 0
0.630318 -0.155598 0.231179 0 0 0
0.631258 -0.156630 0.231916 0 0 0
0.632232 -0.157767 0.232644 0 0 0
0.633210 -0.158831 0.233114 0 0 0
0.634273 -0.159292 0.233397 0 0 0
0.635450 -0.160427 0.233796 0 0 0
0.636517 -0.160903 0.234072 0 0 0
0.637675 -0.162048 0.234461 0 0 0
0.638682 -0.162421 0.234754 0 0 0
0.640104 -0.163222 0.235310 0 0 0
0.640924 -0.163489 0.235429 0 0 0
0.598206 -0.126973 0.212207 255 0 0
0.598826 -0.127895 0.212684 0 0 0
0.599719 -0.130157 0.214116 0 0 0
0.600710 -0.130915 0.214821 0 0 0
0.601966 -0.132005 0.215548 0 0 0
0.602975 -0.132352 0.215937 0 0 0
0.604208 -0.133431 0.216655 0 0 0
0.605302 -0.134498 0.217386 0 0 0
0.606291 -0.135738 0.217927 0 0 0
0.607426 -0.136955 0.218388 0 0 0
0.608295 -0.137196 0.218602 0 0 0
0.609661 -0.139351 0.219934 0 0 0
0.610409 -0.139369 0.220261 255 0 0
0.611534 -0.141279 0.221528 255 0 0
0.612469 -0.142135 0.222378 0 0 0
0.613423 -0.143234 0.223122 0 0 0
0.614437 -0.144294 0.223871 0 0 0
0.615433 -0.145352 0.224607 0 0 0
0.616455 -0.146506 0.225338 0 0 0
0.617536 -0.147601 0.225864 0 0 0
0.618618 -0.147913 0.226267 0 0 0
0.619731 -0.149103 0.226776 0 0 0
0.620790 -0.150292 0.227233 0 0 0
0.621857 -0.150742 0.227503 0 0 0
0.623137 -0.151889 0.227964 0 0 0
0.624213 -0.152190 0.228364 0 0 0
0.625298 -0.153378 0.228869 0 0 0
0.626333 -0.154568 0.229328 255 0 0
0.627361 -0.154940 0.229628 0 0 0
0.628523 -0.156023 0.230302 0 0 0
0.629473 -0.157052 0.231036 0 0 0
0.630445 -0.158185 0.231765 0 0 0
0.631476 -0.159251 0.232286 0 0 0
0.632572 -0.159615 0.232678 0 0 0
0.633708 -0.160772 0.232984 0 0 0
0.634820 -0.161276 0.233351 0 0 0
0.635873 -0.162269 0.233640 0 0 0
0.637158 -0.162556 0.234133 0 0 0
0.638039 -0.163253 0.234505 0 0 0
0.598292 -0.129855 0.212716 0 0 0
0.599194 -0.130651 0.213496 0 0 0
0.600253 -0.131672 0.214247 0 0 0
0.601369 -0.132766 0.214990 0 0 0
0.602342 -0.133914 0.215547 0 0 0
0.603409 -0.135075 0.216281 0 0 0
0.604452 -0.136161 0.217015 0 0 0
0.605693 -0.137206 0.217705 0 0 0
0.606853 -0.137507 0.218022 0 0 0
0.607854 -0.138808 0.218485 0 0 0
0.609011 -0.139878 0.219404 0 0 0
0.609865 -0.140955 0.219946 255 0 0
0.610823 -0.141894 0.220779 0 0 0
0.611836 -0.143798 0.222345 0 0 0
0.612602 -0.144701 0.222948 0 0 0
0.613645 -0.145868 0.223701 0 0 0
0.614581 -0.146972 0.224259 0 0 0
0.615804 -0.148004 0.224967 0 0 0
0.616813 -0.148335 0.225367 0 0 0
0.617929 -0.149528 0.225886 0 0 0
0.619037 -0.150702 0.226394 0 0 0
0.620144 -0.151066 0.226776 0 0 0
0.621318 -0.152247 0.227095 0 0 0
0.622420 -0.152624 0.227483 0 0 0
0.623482 -0.153706 0.228000 0 0 0
0.624688 -0.154880 0.228655 0 0 0
0.625720 -0.155248 0.228955 0 0 0
0.626722 -0.156335 0.229425 0 0 0
0.627703 -0.157480 0.230155 0 0 0
0.628656 -0.158633 0.230876 0 0 0
0.629706 -0.159668 0.231394 0 0 0
0.630787 -0.160068 0.231787 0 0 0
0.631964 -0.161235 0.232038 0 0 0
0.632967 -0.161627 0.232314 0 0 0
0.634403 -0.162390 0.232982 0 0 0
0.635233 -0.162717 0.233219 0 0 0
0.597722 -0.131166 0.212572 0 0 0
0.598417 -0.132359 0.212967 0 0 0
0.599439 -0.133461 0.213671 0 0 0
0.600508 -0.134551 0.214424 0 0 0
0.601561 -0.135631 0.215164 0 0 0
0.602617 -0.136729 0.215911 0 0 0
0.603612 -0.137723 0.216633 0 0 0
0.604697 -0.138727 0.217562 0 0 0
0.605804 -0.140050 0.218194 0 0 0
0.606911 -0.140404 0.218384 0 0 0
0.608103 -0.141451 0.219036 255 0 0
0.609147 -0.142537 0.219784 0 0 0
0.609931 -0.143447 0.220396 0 0 0
0.610982 -0.145427 0.221969 0 0 0
0.611819 -0.146303 0.222602 0 0 0
0.613039 -0.147402 0.223279 0 0 0
0.613948 -0.147846 0.223552 0 0 0
0.615181 -0.148883 0.224254 0 0 0
0.616111 -0.150010 0.224803 0 0 0
0.617288 -0.151114 0.225496 255 0 0
0.618334 -0.151494 0.225882 255 0 0
0.619521 -0.152676 0.226211 0 0 0
0.620623 -0.153048 0.226596 0 0 0
0.621687 -0.154128 0.227115 0 0 0
0.622714 -0.155366 0.227832 0 0 0
0.623712 -0.156443 0.228305 0 0 0
0.624770 -0.156897 0.228597 0 0 0
0.625855 -0.158059 0.229081 0 0 0
0.626910 -0.159049 0.229772 0 0 0
0.628150 -0.159888 0.230524 0 0 0
0.629056 -0.160505 0.230714 0 0 0
0.630345 -0.161429 0.231178 0 0 0
0.631404 -0.162015 0.231367 0 0 0
0.632338 -0.162175 0.231626 0 0 0
0.598131 -0.133305 0.212502 0 0 0
0.598949 -0.134217 0.213065 0 0 0
0.600046 -0.135315 0.213839 0 0 0
0.601097 -0.136400 0.214592 0 0 0
0.602156 -0.137478 0.215348 0 0 0
0.603118 -0.138208 0.216054 0 0 0
0.604082 -0.140491 0.217516 0 0 0
0.605008 -0.141414 0.217912 255 0 0
0.606059 -0.141822 0.218188 0 0 0
0.607323 -0.143035 0.218860 0 0 0
0.608273 -0.144158 0.219420 0 0 0
0.609283 -0.145226 0.220144 0 0 0
0.610366 -0.146217 0.221106 0 0 0
0.611349 -0.147187 0.221858 0 0 0
0.612560 -0.148237 0.222565 0 0 0
0.613465 -0.148689 0.222834 0 0 0
0.614664 -0.149769 0.223501 0 0 0
0.615666 -0.150801 0.224241 255 0 0
0.616723 -0.151916 0.224962 255 0 0
0.617728 -0.153099 0.225319 255 0 0
0.618823 -0.153469 0.225707 0 0 0
0.619918 -0.154648 0.226221 0 0 0
0.620847 -0.155838 0.226764 0 0 0
0.622038 -0.156830 0.227471 0 0 0
0.623055 -0.157136 0.227877 0 0 0
0.624318 -0.158281 0.228337 0 0 0
0.625356 -0.158813 0.228609 0 0 0
0.626537 -0.159955 0.228956 0 0 0
0.627367 -0.160554 0.229024 0 0 0
0.628887 -0.161196 0.229981 0 0 0
0.629858 -0.161899 0.230117 0 0 0
0.630891 -0.162488 0.230707 0 0 0
0.597524 -0.134808 0.212170 0 0 0
0.598213 -0.136004 0.212540 0 0 0
0.599199 -0.137001 0.213259 0 0 0
0.600366 -0.138033 0.214248 0 0 0
0.601179 -0.138954 0.214872 0 0 0
0.602132 -0.141137 0.216362 0 0 0
0.603262 -0.141852 0.217044 0 0 0
0.604316 -0.142172 0.217446 255 0 0
0.605482 -0.143380 0.217964 0 0 0
0.606640 -0.144576 0.218491 0 0 0
0.607671 -0.144904 0.218889 0 0 0
0.608860 -0.145946 0.219611 0 0 0
0.609861 -0.147016 0.220350 255 0 0
0.610886 -0.148158 0.221080 255 0 0
0.611864 -0.149272 0.221640 255 0 0
0.612855 -0.150364 0.222215 255 0 0
0.613874 -0.151475 0.222947 0 0 0
0.614867 -0.152533 0.223689 0 0 0
0.616020 -0.153567 0.224401 0 0 0
0.617022 -0.153893 0.224811 0 0 0
0.618134 -0.155069 0.225332 0 0 0
0.619240 -0.156234 0.225852 0 0 0
0.620252 -0.156545 0.226264 0 0 0
0.621453 -0.157629 0.226950 0 0 0
0.622289 -0.158828 0.227332 0 0 0
0.623465 -0.159923 0.227891 0 0 0
0.624601 -0.160449 0.227959 0 0 0
0.625934 -0.160842 0.228126 0 0 0
0.626934 -0.160968 0.228394 0 0 0
0.598044 -0.136704 0.212179 0 0 0
0.598700 -0.137635 0.212648 0 0 0
0.599647 -0.139696 0.213960 0 0 0
0.600544 -0.140594 0.214801 0 0 0
0.601631 -0.141621 0.215781 0 0 0
0.602671 -0.142585 0.216509 0 0 0
0.603659 -0.143821 0.217061 255 0 0
0.604811 -0.145005 0.217586 255 0 0
0.605902 -0.145322 0.217982 255 0 0
0.607018 -0.146421 0.218512 255 0 0
0.608083 -0.147657 0.219243 0 0 0
0.609011 -0.148767 0.219797 0 0 0
0.610254 -0.149798 0.220520 0 0 0
0.611213 -0.150135 0.220918 0 0 0
0.612424 -0.151251 0.221626 0 0 0
0.613354 -0.152363 0.222188 0 0 0
0.614392 -0.153404 0.222945 0 0 0
0.615388 -0.154344 0.223704 0 0 0
0.616407 -0.155473 0.224451 0 0 0
0.617440 -0.156657 0.224960 0 0 0
0.618510 -0.156961 0.225370 0 0 0
0.619601 -0.158146 0.225891 0 0 0
0.620686 -0.159320 0.226394 0 0 0
0.621694 -0.159655 0.226805 0 0 0
0.623001 -0.160579 0.227427 0 0 0
0.624317 -0.160962 0.227558 0 0 0
0.625299 -0.161319 0.227567 0 0 0
0.598135 -0.139838 0.212248 255 0 0
0.598870 -0.140419 0.212947 0 0 0
0.599939 -0.142387 0.214571 0 0 0
0.600773 -0.143279 0.215196 255 0 0
0.601831 -0.144374 0.215959 0 0 0
0.603041 -0.145421 0.216680 0 0 0
0.604070 -0.145747 0.217075 255 0 0
0.605226 -0.146943 0.217605 255 0 0
0.606200 -0.148136 0.218151 255 0 0
0.607452 -0.149161 0.218875 0 0 0
0.608415 -0.149490 0.219268 0 0 0
0.609675 -0.150602 0.219975 0 0 0
0.610536 -0.151790 0.220360 0 0 0
0.611787 -0.152889 0.221068 0 0 0
0.612736 -0.153223 0.221469 0 0 0
0.613919 -0.154284 0.222206 0 0 0
0.614736 -0.155159 0.222849 0 0 0
0.615871 -0.157194 0.224142 0 0 0
0.616700 -0.157385 0.224479 255 0 0
0.617796 -0.158470 0.225023 255 0 0
0.618962 -0.159548 0.225685 0 0 0
0.620133 -0.159805 0.226035 0 0 0
0.621260 -0.160843 0.226557 0 0 0
0.621990 -0.161693 0.227070 0 0 0
0.597878 -0.140385 0.211811 0 0 0
0.598411 -0.141235 0.212221 255 0 0
0.599502 -0.143171 0.214008 255 0 0
0.600308 -0.144031 0.214621 255 0 0
0.601368 -0.145117 0.215396 0 0 0
0.602445 -0.146163 0.216145 0 0 0
0.603420 -0.147372 0.216698 0 0 0
0.604572 -0.148550 0.217230 0 0 0
0.605596 -0.148870 0.217626 255 0 0
0.606859 -0.149975 0.218327 0 0 0
0.607730 -0.151164 0.218713 0 0 0
0.608993 -0.152268 0.219423 0 0 0
0.609948 -0.152589 0.219813 0 0 0
0.611205 -0.153694 0.220524 0 0 0
0.612059 -0.154883 0.220918 0 0 0
0.613085 -0.155894 0.221656 0 0 0
0.614088 -0.156899 0.222609 0 0 0
0.615131 -0.157907 0.223559 0 0 0
0.615985 -0.158915 0.224133 0 0 0
0.616995 -0.160063 0.224890 0 0 0
0.617828 -0.160585 0.225443 0 0 0
0.597937 -0.142809 0.212042 0 0 0
0.598702 -0.144888 0.213461 0 0 0
0.599516 -0.145777 0.214074 255 0 0
0.600565 -0.146859 0.214847 0 0 0
0.601600 -0.147923 0.215599 0 0 0
0.602804 -0.148962 0.216323 0 0 0
0.603827 -0.149286 0.216720 0 0 0
0.604979 -0.150470 0.217249 255 0 0
0.606130 -0.151658 0.217780 0 0 0
0.607142 -0.151975 0.218172 0 0 0
0.608402 -0.153071 0.218882 0 0 0
0.609262 -0.154258 0.219263 0 0 0
0.610516 -0.155349 0.219974 0 0 0
0.611490 -0.155691 0.220388 0 0 0
0.612486 -0.156556 0.221012 0 0 0
0.613406 -0.158514 0.222348 0 0 0
0.614420 -0.159114 0.223257 0 0 0
0.615475 -0.160186 0.224088 0 0 0
0.616244 -0.160938 0.224676 0 0 0
0.598200 -0.145767 0.212684 0 0 0
0.599090 -0.146504 0.213512 0 0 0
0.600100 -0.147609 0.214277 255 0 0
0.601134 -0.148662 0.215039 255 0 0
0.602207 -0.149702 0.215792 255 0 0
0.603177 -0.150905 0.216349 255 0 0
0.604319 -0.152074 0.216879 255 0 0
0.605397 -0.152387 0.217279 255 0 0
0.606506 -0.153466 0.217811 255 0 0
0.607762 -0.154670 0.218495 0 0 0
0.608721 -0.155042 0.218781 0 0 0
0.609910 -0.156070 0.219451 0 0 0
0.610856 -0.157323 0.220018 0 0 0
0.611698 -0.158375 0.220544 0 0 0
0.612827 -0.158882 0.221672 0 0 0
0.597771 -0.146342 0.211971 0 0 0
0.598462 -0.148447 0.213097 0 0 0
0.599287 -0.149319 0.213720 0 0 0
0.600337 -0.150396 0.214498 255 0 0
0.601366 -0.151454 0.215253 255 0 0
0.602563 -0.152486 0.215980 255 0 0
0.603578 -0.152809 0.216378 255 0 0
0.604723 -0.153992 0.216915 255 0 0
0.605691 -0.155181 0.217467 255 0 0
0.606883 -0.156213 0.218137 0 0 0
0.607871 -0.156715 0.218415 0 0 0
0.608957 -0.157737 0.218896 0 0 0
0.610461 -0.158477 0.219844 0 0 0
0.611181 -0.158745 0.220091 0 0 0
0.598045 -0.149277 0.212583 255 0 0
0.598790 -0.150073 0.213141 255 0 0
0.599864 -0.151148 0.213938 255 0 0
0.600891 -0.152194 0.214701 255 0 0
0.601963 -0.153223 0.215458 255 0 0
0.602929 -0.154417 0.216014 255 0 0
0.604078 -0.155597 0.216553 0 0 0
0.605076 -0.155941 0.216947 0 0 0
0.606299 -0.156940 0.217661 0 0 0
0.607580 -0.157791 0.218205 0 0 0
0.608405 -0.158135 0.218444 0 0 0
0.597436 -0.150568 0.212298 0 0 0
0.598115 -0.151675 0.212876 0 0 0
0.599046 -0.152753 0.213593 0 0 0
0.600088 -0.153797 0.214366 0 0 0
0.601131 -0.154974 0.215115 255 0 0
0.602249 -0.156047 0.215635 255 0 0
0.603307 -0.156351 0.216038 255 0 0
0.604573 -0.157166 0.216647 0 0 0
0.605511 -0.158031 0.217283 0 0 0
0.597679 -0.153088 0.212910 0 0 0
0.598379 -0.154178 0.213502 0 0 0
0.599285 -0.155283 0.214214 0 0 0
0.600663 -0.156066 0.214954 255 0 0
0.601736 -0.156528 0.215284 255 0 0
0.602666 -0.157309 0.215665 255 0 0
0.597716 -0.155910 0.213287 0 0 0
0.598496 -0.156246 0.213956 255 0 0
0.597280 -0.156350 0.212754 255 0 0
