# method surf_flowmatch_magnetic_DS
# columns: time_sec px py pz qx qy qz qw real_fx real_fy real_fz desired_fx desired_fy desired_fz adapter_nx adapter_e1
# adapt_gain_nx: 1.000000000000
# adapt_gain_e1: 50.000000000000
# adapt_kp_nx: 0.500000000000
# adapt_kp_e1: 0.000000000000
# adapt_integral_nx_max: 1.500000000000
# adapt_integral_e1_max: 1.500000000000
# eigen_lambda_0: 300.000000000000
# eigen_lambda_1: 300.000000000000
1776612761.999953032 0.573756516 0.315372527 0.190407962 0.038645372 0.994774759 0.088123240 0.034117460 -0.575656235 3.042386770 -4.655152798 0.000000000 0.000000000 0.000000000 0.000000000 0.000000000
1776612762.005416632 0.573758066 0.315371633 0.190412074 0.038648546 0.994772851 0.088133521 0.034142572 -0.575631201 3.043212175 -4.656982899 0.000000000 0.000000000 -12.000000000 0.000109406 0.000151723
1776612762.009542704 0.573763251 0.315370619 0.190417439 0.038655553 0.994768798 0.088155538 0.034196422 -0.575562894 3.044009447 -4.658854485 0.000000000 0.000000000 -12.000000000 0.000218779 0.000303086
1776612762.014775991 0.573763251 0.315370619 0.190417439 0.038655553 0.994768798 0.088155538 0.034196422 -0.575456560 3.044774294 -4.660771847 0.000000000 0.000000000 -12.000000000 0.000328118 0.000454045
1776612762.019814491 0.573763072 0.315369695 0.190416813 0.038658738 0.994766951 0.088165425 0.034220390 -0.575318038 3.045503616 -4.662736893 0.000000000 0.000000000 -12.000000000 0.000437423 0.000604644
1776612762.024899244 0.573761821 0.315368533 0.190417379 0.038661662 0.994765162 0.088175192 0.034243811 -0.575154901 3.046194792 -4.664747715 0.000000000 0.000000000 -12.000000000 0.000546692 0.000754893
1776612762.029921293 0.573634028 0.315354019 0.190368742 0.038728051 0.994768620 0.088159405 0.034108784 -0.574981093 3.046846390 -4.666800022 0.000000000 0.000000000 -12.000000000 0.000656169 0.000903962
1776612762.034850836 0.573504865 0.315351218 0.190327257 0.038870826 0.994768023 0.088159584 0.033962801 -0.574823380 3.047458887 -4.668883324 0.000000000 0.000000000 -12.000000000 0.000765964 0.001050427
1776612762.039819717 0.573396444 0.315371931 0.190313518 0.039071783 0.994761348 0.088197783 0.033829924 -0.574726343 3.048033714 -4.670985699 0.000000000 0.000000000 -12.000000000 0.000875723 0.001195074
1776612762.044900656 0.573258877 0.315399796 0.190301687 0.039317094 0.994752944 0.088249519 0.033656191 -0.574754059 3.048573732 -4.673092842 0.000000000 0.000000000 -12.000000000 0.000985446 0.001337705
1776612762.049853563 0.573097587 0.315433562 0.190290332 0.039583240 0.994743884 0.088310272 0.033451758 -0.574989736 3.049080610 -4.675193787 0.000000000 0.000000000 -12.000000000 0.001094633 0.001478145
1776612762.054806232 0.572902799 0.315450668 0.190266728 0.039869759 0.994737089 0.088352911 0.033200033 -0.575533926 3.049552441 -4.677278996 0.000000000 0.000000000 -12.000000000 0.001203784 0.001616285
1776612762.059696913 0.572696805 0.315447122 0.190230101 0.040183548 0.994731843 0.088372879 0.032925244 -0.576503336 3.049983263 -4.679345608 0.000000000 0.000000000 -12.000000000 0.001312861 0.001752384
1776612762.064834833 0.572489381 0.315437734 0.190188766 0.040512942 0.994727015 0.088382602 0.032640934 -0.578030229 3.050362110 -4.681395054 0.000000000 0.000000000 -12.000000000 0.001421860 0.001886617
1776612762.069816113 0.572273850 0.315422803 0.190145284 0.040811695 0.994724751 0.088379249 0.032344967 -0.580260813 3.050673723 -4.683435917 0.000000000 0.000000000 -12.000000000 0.001530826 0.002018985
1776612762.074901581 0.572064042 0.315412045 0.190108001 0.041077551 0.994723260 0.088377744 0.032057222 -0.583352625 3.050896406 -4.685483456 0.000000000 0.000000000 -12.000000000 0.001639667 0.002149640
1776612762.079765558 0.571661890 0.315379202 0.190048993 0.041591186 0.994721055 0.088361993 0.031502549 -0.587469935 3.051001549 -4.687558651 0.000000000 0.000000000 -12.000000000 0.001748476 0.002277211
1776612762.084823608 0.571661890 0.315379202 0.190048993 0.041591186 0.994721055 0.088361993 0.031502549 -0.592778027 3.050950289 -4.689689159 0.000000000 0.000000000 -12.000000000 0.001857256 0.002404930
1776612762.089770317 0.571507037 0.315387249 0.190039337 0.041809116 0.994717062 0.088380925 0.031285215 -0.599435747 3.050692320 -4.691907883 0.000000000 0.000000000 -12.000000000 0.001965881 0.002531766
1776612762.094615698 0.571363270 0.315409154 0.190029860 0.041977249 0.994713664 0.088409707 0.031086128 -0.607587814 3.050162792 -4.694252968 0.000000000 0.000000000 -12.000000000 0.002074477 0.002657729
1776612762.099536419 0.571244001 0.315446794 0.190023363 0.042097073 0.994709730 0.088454507 0.030922495 -0.617358625 3.049282074 -4.696767330 0.000000000 0.000000000 -12.000000000 0.002183042 0.002783015
1776612762.104575396 0.571156085 0.315496385 0.190022737 0.042194702 0.994704008 0.088515282 0.030799713 -0.628848732 3.047954082 -4.699495792 0.000000000 0.000000000 -12.000000000 0.002291931 0.002907947
1776612762.109511852 0.571095169 0.315561831 0.190028876 0.042284098 0.994695902 0.088593714 0.030712420 -0.642132580 3.046066284 -4.702486038 0.000000000 0.000000000 -12.000000000 0.002400665 0.003032640
1776612762.114807606 0.571044087 0.315644324 0.190038383 0.042372048 0.994686007 0.088687934 0.030639900 -0.657258213 3.043489456 -4.705787182 0.000000000 0.000000000 -12.000000000 0.002509368 0.003156862
1776612762.119498968 0.571005106 0.315741211 0.190053999 0.042466305 0.994674206 0.088794664 0.030584252 -0.674247861 3.040079117 -4.709449291 0.000000000 0.000000000 -12.000000000 0.002618039 0.003280428
1776612762.124494553 0.570968509 0.315844834 0.190072298 0.042576574 0.994661033 0.088907316 0.030530605 -0.693100572 3.035675526 -4.713521957 0.000000000 0.000000000 -12.000000000 0.002726677 0.003403170
1776612762.129499912 0.570933878 0.315953225 0.190094292 0.042692874 0.994647503 0.089020431 0.030479694 -0.713794649 3.030105829 -4.718056202 0.000000000 0.000000000 -12.000000000 0.002835280 0.003524906
1776612762.134512424 0.570901692 0.316084534 0.190125942 0.042802844 0.994632781 0.089147292 0.030435676 -0.736290455 3.023185015 -4.723102570 0.000000000 0.000000000 -12.000000000 0.002943846 0.003645109
1776612762.139656305 0.570850790 0.316232324 0.190155149 0.042902149 0.994618773 0.089276128 0.030376360 -0.760533035 3.014717817 -4.728711128 0.000000000 0.000000000 -12.000000000 0.003052244 0.003763065
1776612762.144496202 0.570786536 0.316396952 0.190178037 0.042992108 0.994605005 0.089408383 0.030309256 -0.786453843 3.004498720 -4.734931946 0.000000000 0.000000000 -12.000000000 0.003160601 0.003878260
1776612762.149532080 0.570706069 0.316575140 0.190195858 0.043071996 0.994591951 0.089541808 0.030231195 -0.813973367 2.992314100 -4.741811752 0.000000000 0.000000000 -12.000000000 0.003268421 0.003990259
1776612762.154490709 0.570616007 0.316767871 0.190211862 0.043138999 0.994579136 0.089679584 0.030148916 -0.843003392 2.977942467 -4.749398232 0.000000000 0.000000000 -12.000000000 0.003376145 0.004098850
1776612762.159529209 0.570513785 0.316968292 0.190222442 0.043189898 0.994567394 0.089815542 0.030058488 -0.873449564 2.961156130 -4.757736683 0.000000000 0.000000000 -12.000000000 0.003483693 0.004203998
1776612762.164521456 0.570395350 0.317189366 0.190232038 0.043230202 0.994555950 0.089956433 0.029958179 -0.905213594 2.941723824 -4.766872406 0.000000000 0.000000000 -12.000000000 0.003591191 0.004305262
1776612762.169604778 0.570255637 0.317437410 0.190242678 0.043271821 0.994544089 0.090105124 0.029844306 -0.938194573 2.919412613 -4.776850700 0.000000000 0.000000000 -12.000000000 0.003698636 0.004402063
1776612762.174524069 0.570101261 0.317719817 0.190259069 0.043306407 0.994531155 0.090270907 0.029724406 -0.972290635 2.893991470 -4.787719250 0.000000000 0.000000000 -12.000000000 0.003806468 0.004493924
1776612762.179526567 0.569921196 0.318018615 0.190271944 0.043326627 0.994519234 0.090438604 0.029582836 -1.007400632 2.865231991 -4.799528122 0.000000000 0.000000000 -12.000000000 0.003914241 0.004580794
1776612762.184538126 0.569728851 0.318339318 0.190286875 0.043332919 0.994507194 0.090616331 0.029433666 -1.043426156 2.832910538 -4.812330246 0.000000000 0.000000000 -12.000000000 0.004022710 0.004662775
1776612762.189494848 0.569523811 0.318681121 0.190303415 0.043327373 0.994495034 0.090802982 0.029276986 -1.080273032 2.796809673 -4.826185703 0.000000000 0.000000000 -12.000000000 0.004131102 0.004739974
1776612762.194495678 0.569285154 0.319062054 0.190316409 0.043292496 0.994483411 0.091004483 0.029097352 -1.117853165 2.756720781 -4.841160297 0.000000000 0.000000000 -12.000000000 0.004239688 0.004812014
1776612762.199498177 0.569013119 0.319469869 0.190327287 0.043246817 0.994472682 0.091208443 0.028892426 -1.156084538 2.712447166 -4.857329845 0.000000000 0.000000000 -12.000000000 0.004347900 0.004878947
1776612762.204532385 0.568714976 0.319897711 0.190336704 0.043186590 0.994463146 0.091412008 0.028667701 -1.194893479 2.663807631 -4.874781609 0.000000000 0.000000000 -12.000000000 0.004456415 0.004941272
1776612762.209501743 0.568366587 0.320313781 0.190331846 0.043099318 0.994459152 0.091582395 0.028393079 -1.234215498 2.610638380 -4.893615246 0.000000000 0.000000000 -12.000000000 0.004564871 0.005000037
1776612762.214523315 0.567988038 0.320746481 0.190330535 0.042985376 0.994457662 0.091743387 0.028095623 -1.273999214 2.552799225 -4.913948059 0.000000000 0.000000000 -12.000000000 0.004673702 0.005055835
1776612762.219540119 0.567587912 0.321194112 0.190335065 0.042852409 0.994457901 0.091897719 0.027783910 -1.314206481 2.490175486 -4.935912609 0.000000000 0.000000000 -12.000000000 0.004781893 0.005109656
1776612762.224537611 0.567163527 0.321669310 0.190343618 0.042702787 0.994458616 0.092058361 0.027455054 -1.354813814 2.422682524 -4.959660530 0.000000000 0.000000000 -12.000000000 0.004889934 0.005162471
1776612762.229500055 0.566692173 0.322154492 0.190343112 0.042532515 0.994462550 0.092204615 0.027084276 -1.395810843 2.350267410 -4.985361576 0.000000000 0.000000000 -12.000000000 0.004997705 0.005215781
1776612762.234991074 0.566187739 0.322651148 0.190337807 0.042346612 0.994468331 0.092343852 0.026684485 -1.437199950 2.272910118 -5.013200760 0.000000000 0.000000000 -12.000000000 0.005105291 0.005271200
1776612762.239554882 0.565671980 0.323158383 0.190334678 0.042153232 0.994475186 0.092473924 0.026283566 -1.478994846 2.190623045 -5.043378830 0.000000000 0.000000000 -12.000000000 0.005212769 0.005330219
1776612762.244835138 0.565123916 0.323686182 0.190326661 0.041951034 0.994482815 0.092604384 0.025855642 -1.521219492 2.103453398 -5.076111794 0.000000000 0.000000000 -12.000000000 0.005320015 0.005394435
1776612762.249592543 0.564497948 0.324224353 0.190301895 0.041735932 0.994494140 0.092720315 0.025346419 -1.563907743 2.011481047 -5.111627579 0.000000000 0.000000000 -12.000000000 0.005426946 0.005465776
1776612762.255249739 0.563851655 0.324768990 0.190279841 0.041533370 0.994505346 0.092833914 0.024818456 -1.607103944 1.914818883 -5.150166512 0.000000000 0.000000000 -12.000000000 0.005532979 0.005545669
1776612762.259856701 0.563208818 0.325318158 0.190269977 0.041340481 0.994515657 0.092946343 0.024300979 -1.650863290 1.813610673 -5.191979885 0.000000000 0.000000000 -12.000000000 0.005638684 0.005635051
1776612762.264549971 0.562570274 0.325863600 0.190269649 0.041140199 0.994526327 0.093051784 0.023794817 -1.695249915 1.708030820 -5.237327576 0.000000000 0.000000000 -12.000000000 0.005744108 0.005734578
1776612762.269861698 0.561930537 0.326405555 0.190276772 0.040948831 0.994537175 0.093147188 0.023294002 -1.740334272 1.598282576 -5.286479473 0.000000000 0.000000000 -12.000000000 0.005849564 0.005844715
1776612762.274739027 0.561268270 0.326959074 0.190284073 0.040751535 0.994548917 0.093235351 0.022778975 -1.786187410 1.484594822 -5.339711666 0.000000000 0.000000000 -12.000000000 0.005954710 0.005966094
1776612762.279964685 0.560576558 0.327531487 0.190282673 0.040536720 0.994561553 0.093323842 0.022243731 -1.832877040 1.367220521 -5.397306442 0.000000000 0.000000000 -12.000000000 0.006059238 0.006099191
1776612762.284806013 0.559899867 0.328112602 0.190288723 0.040343933 0.994571924 0.093417741 0.021730782 -1.880465627 1.246431947 -5.459550858 0.000000000 0.000000000 -12.000000000 0.006163208 0.006244108
1776612762.289804935 0.559262514 0.328688622 0.190309048 0.040140945 0.994581342 0.093511127 0.021268148 -1.929007649 1.122517705 -5.526733875 0.000000000 0.000000000 -12.000000000 0.006265812 0.006400072
1776612762.294947147 0.558670342 0.329242349 0.190342546 0.039946970 0.994590461 0.093589135 0.020860152 -1.978547454 0.995777607 -5.599147320 0.000000000 0.000000000 -12.000000000 0.006367670 0.006566523
1776612762.299787521 0.557578862 0.330315679 0.190434903 0.039568920 0.994607806 0.093715437 0.020173667 -2.029114962 0.866518319 -5.677082062 0.000000000 0.000000000 -12.000000000 0.006468446 0.006752399
1776612762.304512978 0.557578862 0.330315679 0.190434903 0.039568920 0.994607806 0.093715437 0.020173667 -2.080721140 0.735050499 -5.760825634 0.000000000 0.000000000 -12.000000000 0.006568295 0.006938576
1776612762.310310602 0.557050586 0.330852538 0.190484524 0.039382957 0.994616210 0.093771487 0.019861246 -2.133353472 0.601686716 -5.850658417 0.000000000 0.000000000 -12.000000000 0.006667099 0.007134497
1776612762.314521313 0.556013167 0.331931531 0.190601081 0.038983345 0.994633257 0.093881890 0.019265080 -2.186975241 0.466740131 -5.946852684 0.000000000 0.000000000 -12.000000000 0.006764514 0.007348941
1776612762.319529772 0.556013167 0.331931531 0.190601081 0.038983345 0.994633257 0.093881890 0.019265080 -2.241528034 0.330522537 -6.049665928 0.000000000 0.000000000 -12.000000000 0.006860690 0.007563764
1776612762.324515581 0.555539846 0.332425565 0.190671742 0.038803685 0.994642735 0.093908228 0.019008107 -2.296935081 0.193341210 -6.159340858 0.000000000 0.000000000 -12.000000000 0.006955517 0.007787125
1776612762.329528570 0.555083811 0.332902163 0.190748483 0.038629372 0.994653046 0.093919285 0.018767150 -2.353106499 0.055496246 -6.276095867 0.000000000 0.000000000 -12.000000000 0.007048639 0.008018363
1776612762.334541559 0.554641902 0.333360732 0.190828860 0.038465586 0.994663894 0.093917951 0.018536467 -2.409942865 -0.082720906 -6.400125027 0.000000000 0.000000000 -12.000000000 0.007140185 0.008257203
1776612762.339582920 0.554181576 0.333793074 0.190901041 0.038300004 0.994677305 0.093895033 0.018274056 -2.467339039 -0.221026942 -6.531589508 0.000000000 0.000000000 -12.000000000 0.007230034 0.008503718
1776612762.344548702 0.553748488 0.334219307 0.190984190 0.038148776 0.994689226 0.093876511 0.018033603 -2.525185585 -0.359145015 -6.670612812 0.000000000 0.000000000 -12.000000000 0.007318061 0.008757221
1776612762.350449562 0.553342938 0.334627777 0.191076756 0.038013123 0.994700372 0.093856305 0.017810568 -2.583372116 -0.496804029 -6.817277431 0.000000000 0.000000000 -12.000000000 0.007404142 0.009017064
1776612762.354824066 0.552569866 0.335373759 0.191242427 0.037812315 0.994721770 0.093795739 0.017353278 -2.641786098 -0.633738279 -6.971618652 0.000000000 0.000000000 -12.000000000 0.007488146 0.009287781
1776612762.359767675 0.552569866 0.335373759 0.191242427 0.037812315 0.994721770 0.093795739 0.017353278 -2.700313091 -0.769686222 -7.133622646 0.000000000 0.000000000 -12.000000000 0.007569948 0.009558823
1776612762.364827156 0.552233875 0.335741073 0.191326857 0.037744384 0.994728446 0.093789391 0.017154818 -2.758836031 -0.904387832 -7.303222179 0.000000000 0.000000000 -12.000000000 0.007649417 0.009834546
1776612762.369541168 0.551917672 0.336116403 0.191420466 0.037664972 0.994734704 0.093788877 0.016966844 -2.817234755 -1.037583470 -7.480293274 0.000000000 0.000000000 -12.000000000 0.007726427 0.010114713
1776612762.374812365 0.551622093 0.336511970 0.191514850 0.037595600 0.994738400 0.093809329 0.016789701 -2.875383377 -1.169014335 -7.664654255 0.000000000 0.000000000 -12.000000000 0.007799674 0.010398841
1776612762.379516602 0.551359951 0.336878181 0.191612363 0.037540987 0.994741559 0.093826979 0.016626166 -2.933148384 -1.298425078 -7.856062412 0.000000000 0.000000000 -12.000000000 0.007870201 0.010686597
1776612762.384543419 0.551132739 0.337216288 0.191711843 0.037496306 0.994744420 0.093839981 0.016482092 -2.990385294 -1.425566912 -8.054216385 0.000000000 0.000000000 -12.000000000 0.007937890 0.010977329
1776612762.389496803 0.550932527 0.337542355 0.191807359 0.037472341 0.994746327 0.093851879 0.016353665 -3.046937227 -1.550201893 -8.258749962 0.000000000 0.000000000 -12.000000000 0.008002628 0.011270694
1776612762.394624710 0.550772727 0.337858200 0.191899925 0.037441801 0.994747698 0.093866140 0.016258257 -3.102633715 -1.672104955 -8.469237328 0.000000000 0.000000000 -12.000000000 0.008064419 0.011566189
1776612762.399832726 0.550600529 0.338152558 0.191975892 0.037425309 0.994749904 0.093872339 0.016123397 -3.157293797 -1.791062713 -8.685182571 0.000000000 0.000000000 -12.000000000 0.008123054 0.011863780
1776612762.404914618 0.550458312 0.338455617 0.192054749 0.037439559 0.994748175 0.093907274 0.015994541 -3.210729599 -1.906869411 -8.906021118 0.000000000 0.000000000 -12.000000000 0.008178445 0.012163052
1776612762.409803152 0.550367773 0.338765949 0.192162871 0.037438773 0.994744003 0.093967848 0.015899539 -3.262746572 -2.019323587 -9.131115913 0.000000000 0.000000000 -12.000000000 0.008230509 0.012463329
1776612762.414782286 0.550223947 0.339081943 0.192251176 0.037408769 0.994742453 0.094024949 0.015726173 -3.313142776 -2.128228188 -9.359761238 0.000000000 0.000000000 -12.000000000 0.008279179 0.012765608
1776612762.419829369 0.550116956 0.339367568 0.192346215 0.037403386 0.994740784 0.094073527 0.015553821 -3.361706734 -2.233392477 -9.591190338 0.000000000 0.000000000 -12.000000000 0.008324398 0.013068796
1776612762.424872637 0.550047934 0.339633435 0.192444116 0.037421182 0.994738042 0.094123065 0.015387964 -3.408218622 -2.334635973 -9.824574471 0.000000000 0.000000000 -12.000000000 0.008366121 0.013372052
1776612762.430339813 0.550002217 0.339873940 0.192532480 0.037443012 0.994736552 0.094159260 0.015207159 -3.452450514 -2.431791067 -10.059035301 0.000000000 0.000000000 -12.000000000 0.008404319 0.013674606
1776612762.434592485 0.549998105 0.340074033 0.192612052 0.037461475 0.994736552 0.094179280 0.015034653 -3.494168282 -2.524706841 -10.293643951 0.000000000 0.000000000 -12.000000000 0.008438976 0.013975397
1776612762.439589262 0.550048351 0.340275735 0.192704827 0.037475675 0.994734943 0.094213173 0.014892917 -3.533133745 -2.613248825 -10.527436256 0.000000000 0.000000000 -12.000000000 0.008470093 0.014273794
1776612762.444857597 0.550136805 0.340473622 0.192812294 0.037500173 0.994731963 0.094255261 0.014764891 -3.569105864 -2.697300434 -10.759424210 0.000000000 0.000000000 -12.000000000 0.008497684 0.014569510
1776612762.449961662 0.550243139 0.340651274 0.192910701 0.037538078 0.994730234 0.094281040 0.014621617 -3.601830959 -2.776757240 -10.988593102 0.000000000 0.000000000 -12.000000000 0.008521783 0.014862250
1776612762.455992699 0.550402164 0.340813220 0.193030268 0.037577897 0.994728982 0.094296172 0.014506669 -3.631037951 -2.851528645 -11.213913918 0.000000000 0.000000000 -12.000000000 0.008541452 0.015151332
1776612762.459974766 0.550809145 0.341073453 0.193301708 0.037655551 0.994730175 0.094285436 0.014288724 -3.656436205 -2.921536922 -11.434349060 0.000000000 0.000000000 -12.000000000 0.008557738 0.015432104
1776612762.464588404 0.550809145 0.341073453 0.193301708 0.037655551 0.994730175 0.094285436 0.014288724 -3.677717924 -2.986720324 -11.648859024 0.000000000 0.000000000 -12.000000000 0.008570724 0.015713202
1776612762.469499588 0.551024258 0.341181606 0.193443060 0.037681095 0.994733989 0.094256811 0.014143956 -3.694560289 -3.047032118 -11.856417656 0.000000000 0.000000000 -12.000000000 0.008580511 0.015990309
1776612762.474529743 0.551278114 0.341296494 0.193611383 0.037707206 0.994736195 0.094242565 0.014012924 -3.706627607 -3.102440834 -12.056015015 0.000000000 0.000000000 -12.000000000 0.008587216 0.016263271
1776612762.479471207 0.551528156 0.341398984 0.193785012 0.037742808 0.994739473 0.094220042 0.013837204 -3.713577747 -3.152928591 -12.246668816 0.000000000 0.000000000 -12.000000000 0.008590972 0.016532175
1776612762.484494448 0.551795304 0.341484755 0.193965733 0.037796378 0.994743049 0.094189793 0.013637936 -3.715070486 -3.198487043 -12.427428246 0.000000000 0.000000000 -12.000000000 0.008591929 0.016796688
1776612762.489492893 0.552103281 0.341558009 0.194177479 0.037867229 0.994745493 0.094162866 0.013446151 -3.710773706 -3.239116907 -12.597385406 0.000000000 0.000000000 -12.000000000 0.008590249 0.017056361
1776612762.494525433 0.552388012 0.341603667 0.194364280 0.037959892 0.994750202 0.094112352 0.013190936 -3.700371742 -3.274824619 -12.755677223 0.000000000 0.000000000 -12.000000000 0.008586213 0.017311297
1776612762.499520540 0.552658975 0.341641754 0.194550663 0.038066518 0.994755864 0.094051354 0.012887185 -3.683570862 -3.305621624 -12.901488304 0.000000000 0.000000000 -12.000000000 0.008579906 0.017561987
1776612762.504506588 0.552932620 0.341684669 0.194738805 0.038178772 0.994761586 0.093989335 0.012559419 -3.660104036 -3.331521749 -13.034060478 0.000000000 0.000000000 -12.000000000 0.008571533 0.017808717
1776612762.509635210 0.553211391 0.341713041 0.194920540 0.038302649 0.994768560 0.093911953 0.012206930 -3.629736185 -3.352539301 -13.152690887 0.000000000 0.000000000 -12.000000000 0.008561309 0.018051317
1776612762.514489651 0.553504884 0.341742903 0.195099175 0.038441759 0.994774759 0.093836360 0.011837720 -3.592267990 -3.368688107 -13.256737709 0.000000000 0.000000000 -12.000000000 0.008549463 0.018289767
1776612762.519534826 0.553810358 0.341763735 0.195269942 0.038597673 0.994780660 0.093756989 0.011458089 -3.547537565 -3.379981995 -13.345624924 0.000000000 0.000000000 -12.000000000 0.008536231 0.018524081
1776612762.524532080 0.554162860 0.341792554 0.195460796 0.038769990 0.994783938 0.093693756 0.011100937 -3.495422840 -3.386433363 -13.418845177 0.000000000 0.000000000 -12.000000000 0.008521857 0.018754052
1776612762.529549360 0.554579318 0.341845632 0.195694029 0.038948461 0.994783163 0.093663223 0.010802764 -3.435841799 -3.388052464 -13.475965500 0.000000000 0.000000000 -12.000000000 0.008506592 0.018979596
1776612762.534864426 0.555046916 0.341907263 0.195936203 0.039141379 0.994779468 0.093651481 0.010545010 -3.368758917 -3.384844780 -13.516628265 0.000000000 0.000000000 -12.000000000 0.008490568 0.019200552
1776612762.539808035 0.555492043 0.341938555 0.196156859 0.039342340 0.994778514 0.093609862 0.010249896 -3.294185162 -3.376811743 -13.540554047 0.000000000 0.000000000 -12.000000000 0.008474173 0.019417536
1776612762.544766665 0.555920422 0.341955245 0.196348727 0.039547253 0.994779766 0.093546182 0.009918174 -3.212180614 -3.363953352 -13.547534943 0.000000000 0.000000000 -12.000000000 0.008457673 0.019630859
1776612762.549709797 0.556346238 0.341961503 0.196517855 0.039759781 0.994781852 0.093470432 0.009567857 -3.122855425 -3.346271992 -13.537444115 0.000000000 0.000000000 -12.000000000 0.008441463 0.019840591
1776612762.554808617 0.556800306 0.341968268 0.196677387 0.039977446 0.994783401 0.093394615 0.009230435 -3.026368618 -3.323773623 -13.510232925 0.000000000 0.000000000 -12.000000000 0.008425683 0.020046575
1776612762.559595108 0.557276130 0.341964960 0.196851790 0.040195353 0.994785368 0.093311138 0.008911136 -2.922930241 -3.296469927 -13.465932846 0.000000000 0.000000000 -12.000000000 0.008410351 0.020249143
1776612762.564515829 0.557812333 0.341986954 0.197071284 0.040411644 0.994784176 0.093255624 0.008646244 -2.812799454 -3.264378548 -13.404661179 0.000000000 0.000000000 -12.000000000 0.008395988 0.020448165
1776612762.569628477 0.558384955 0.342037201 0.197318703 0.040614553 0.994780302 0.093228303 0.008430585 -2.696283579 -3.227524996 -13.326615334 0.000000000 0.000000000 -12.000000000 0.008382858 0.020644490
1776612762.574543953 0.558952272 0.342078239 0.197533220 0.040819515 0.994777739 0.093186431 0.008201730 -2.573734760 -3.185940742 -13.232070923 0.000000000 0.000000000 -12.000000000 0.008371217 0.020838389
1776612762.579618216 0.559493303 0.342096031 0.197709262 0.041025072 0.994778514 0.093110964 0.007933880 -2.445547342 -3.139665842 -13.121380806 0.000000000 0.000000000 -12.000000000 0.008361319 0.021030076
1776612762.584503651 0.560039341 0.342091024 0.197857201 0.041231621 0.994782031 0.093005709 0.007652125 -2.312158108 -3.088749886 -12.994966507 0.000000000 0.000000000 -12.000000000 0.008353409 0.021219261
1776612762.589540482 0.560598850 0.342071146 0.197978824 0.041442767 0.994786739 0.092884287 0.007372594 -2.174042940 -3.033254385 -12.853316307 0.000000000 0.000000000 -12.000000000 0.008347725 0.021405524
1776612762.594660282 0.561166406 0.342027783 0.198091447 0.041652609 0.994793892 0.092735976 0.007089795 -2.031715155 -2.973253727 -12.696990013 0.000000000 0.000000000 -12.000000000 0.008344496 0.021588672
1776612762.599860668 0.561796904 0.342003137 0.198261440 0.041858755 0.994798243 0.092612654 0.006872872 -1.885722637 -2.908835888 -12.526614189 0.000000000 0.000000000 -12.000000000 0.008344010 0.021769028
1776612762.604605913 0.562452972 0.341985911 0.198451340 0.042060029 0.994801641 0.092498153 0.006687734 -1.736645699 -2.840100765 -12.342877388 0.000000000 0.000000000 -12.000000000 0.008346115 0.021946931
1776612762.609691620 0.563059270 0.341942102 0.198602945 0.042265277 0.994807839 0.092354529 0.006449513 -1.585090399 -2.767163277 -12.146529198 0.000000000 0.000000000 -12.000000000 0.008351303 0.022123104
1776612762.614548922 0.563607574 0.341859847 0.198719382 0.042470358 0.994818985 0.092161842 0.006132052 -1.431680679 -2.690155268 -11.938375473 0.000000000 0.000000000 -12.000000000 0.008359733 0.022296878
1776612762.619485378 0.564135611 0.341761529 0.198820919 0.042676236 0.994832218 0.091946542 0.005777977 -1.277051568 -2.609226227 -11.719273567 0.000000000 0.000000000 -12.000000000 0.008371586 0.022468826
1776612762.625299931 0.564671934 0.341671407 0.198906064 0.042885434 0.994844496 0.091737993 0.005427587 -1.121844888 -2.524543047 -11.490130424 0.000000000 0.000000000 -12.000000000 0.008387015 0.022639055
1776612762.629833937 0.565254152 0.341579080 0.199021399 0.043096229 0.994855762 0.091534063 0.005121763 -0.966706276 -2.436286211 -11.251891136 0.000000000 0.000000000 -12.000000000 0.008406159 0.022807365
1776612762.634537935 0.566504359 0.341418147 0.199331075 0.043518364 0.994873166 0.091171414 0.004622101 -0.812282383 -2.344647169 -11.005537987 0.000000000 0.000000000 -12.000000000 0.008429139 0.022973102
1776612762.639768124 0.566504359 0.341418147 0.199331075 0.043518364 0.994873166 0.091171414 0.004622101 -0.659213722 -2.249828577 -10.752077103 0.000000000 0.000000000 -12.000000000 0.008456062 0.023139313
1776612762.644494534 0.567059100 0.341296494 0.199433327 0.043731555 0.994886160 0.090943195 0.004295986 -0.508123636 -2.152043581 -10.492533684 0.000000000 0.000000000 -12.000000000 0.008487017 0.023304578
1776612762.649586678 0.567579329 0.341160506 0.199530363 0.043936659 0.994901657 0.090690747 0.003924917 -0.359607637 -2.051520109 -10.227942467 0.000000000 0.000000000 -12.000000000 0.008522077 0.023469059
1776612762.654494524 0.568087697 0.340997666 0.199590743 0.044152830 0.994918942 0.090412244 0.003527425 -0.214225009 -1.948501468 -9.959340096 0.000000000 0.000000000 -12.000000000 0.008561300 0.023632059
1776612762.659781694 0.568644464 0.340819985 0.199632615 0.044390287 0.994934857 0.090133749 0.003169792 -0.072496042 -1.843246222 -9.687761307 0.000000000 0.000000000 -12.000000000 0.008604725 0.023792641
1776612762.665020466 0.569285095 0.340675235 0.199721426 0.044630229 0.994945884 0.089901753 0.002913625 0.065097876 -1.736024857 -9.414228439 0.000000000 0.000000000 -12.000000000 0.008652348 0.023950785
1776612762.669815540 0.569955766 0.340539187 0.199814916 0.044877626 0.994954646 0.089688256 0.002694775 0.198115826 -1.627117515 -9.139746666 0.000000000 0.000000000 -12.000000000 0.008704109 0.024107685
1776612762.674983025 0.570572615 0.340372115 0.199864596 0.045132458 0.994965792 0.089444064 0.002418819 0.326161563 -1.516812563 -8.865297318 0.000000000 0.000000000 -12.000000000 0.008760028 0.024263276
1776612762.680479527 0.571166337 0.340188175 0.199902207 0.045386586 0.994978786 0.089178540 0.002113611 0.448888123 -1.405405045 -8.591833115 0.000000000 0.000000000 -12.000000000 0.008820188 0.024417674
1776612762.684809446 0.571775019 0.339997470 0.199936181 0.045649186 0.994991064 0.088913530 0.001821265 0.566000938 -1.293196201 -8.320272446 0.000000000 0.000000000 -12.000000000 0.008884401 0.024569843
1776612762.689844370 0.572436273 0.339809239 0.199959040 0.045918632 0.995001733 0.088659361 0.001588893 0.677258074 -1.180490971 -8.051490784 0.000000000 0.000000000 -12.000000000 0.008952796 0.024720648
1776612762.694833517 0.573864937 0.339456290 0.200026780 0.046466846 0.995018542 0.088189453 0.001246201 0.782467127 -1.067594647 -7.786324978 0.000000000 0.000000000 -12.000000000 0.009025323 0.024870686
1776612762.699794054 0.573864937 0.339456290 0.200026780 0.046466846 0.995018542 0.088189453 0.001246201 0.881480813 -0.954807937 -7.525560379 0.000000000 0.000000000 -12.000000000 0.009101897 0.025020089
1776612762.704834700 0.574525356 0.339250237 0.200009227 0.046731278 0.995030940 0.087911934 0.001026536 0.974192500 -0.842423081 -7.269930363 0.000000000 0.000000000 -12.000000000 0.009182391 0.025168912
1776612762.709858179 0.575141251 0.338986069 0.199942499 0.046984952 0.995050132 0.087562039 0.000760563 1.060534477 -0.730719507 -7.020110130 0.000000000 0.000000000 -12.000000000 0.009266750 0.025316739
1776612762.714900255 0.575750947 0.338685185 0.199867606 0.047227267 0.995073497 0.087167151 0.000490447 1.140478015 -0.619961500 -6.776717663 0.000000000 0.000000000 -12.000000000 0.009354815 0.025463035
1776612762.719841957 0.577033937 0.338079125 0.199703306 0.047693972 0.995121002 0.086368151 0.000032005 1.214031696 -0.510395646 -6.540314198 0.000000000 0.000000000 -12.000000000 0.009446557 0.025606822
1776612762.724769354 0.577033937 0.338079125 0.199703306 0.047693972 0.995121002 0.086368151 0.000032005 1.281237960 -0.402248144 -6.311403751 0.000000000 0.000000000 -12.000000000 0.009541823 0.025751153
1776612762.729744911 0.577729225 0.337763190 0.199644089 0.047923733 0.995145202 0.085961200 -0.000129931 1.342168927 -0.295723379 -6.090433598 0.000000000 0.000000000 -12.000000000 0.009640474 0.025894664
1776612762.734595537 0.578412652 0.337417215 0.199563235 0.048155665 0.995171607 0.085524037 -0.000300370 1.396924973 -0.191003740 -5.877796650 0.000000000 0.000000000 -12.000000000 0.009742412 0.026037144
1776612762.739778280 0.579054296 0.337052822 0.199449003 0.048387337 0.995199740 0.085063942 -0.000509766 1.445635915 -0.088251479 -5.673830032 0.000000000 0.000000000 -12.000000000 0.009847589 0.026178701
1776612762.744493008 0.579656541 0.336658239 0.199319065 0.048614968 0.995230854 0.084566556 -0.000759966 1.488464475 0.012389218 -5.478818417 0.000000000 0.000000000 -12.000000000 0.009955695 0.026319366
1776612762.749755859 0.580258429 0.336229116 0.199167371 0.048846666 0.995264351 0.084034733 -0.001018243 1.525605083 0.110792525 -5.292994499 0.000000000 0.000000000 -12.000000000 0.010066664 0.026457729
1776612762.754810333 0.580881774 0.335786879 0.198998600 0.049080662 0.995298207 0.083492495 -0.001248724 1.557279706 0.206853628 -5.116540432 0.000000000 0.000000000 -12.000000000 0.010180580 0.026593642
1776612762.759524822 0.581546426 0.335338175 0.198835284 0.049311291 0.995332360 0.082944795 -0.001429258 1.583731651 0.300491154 -4.949589729 0.000000000 0.000000000 -12.000000000 0.010297265 0.026726650
1776612762.764830828 0.582221150 0.334895521 0.198679090 0.049534004 0.995366335 0.082399718 -0.001588472 1.605221987 0.391647905 -4.792231560 0.000000000 0.000000000 -12.000000000 0.010416687 0.026858769
1776612762.769513369 0.582905173 0.334429890 0.198505998 0.049759503 0.995401323 0.081836566 -0.001729172 1.622027516 0.480289519 -4.644514561 0.000000000 0.000000000 -12.000000000 0.010538552 0.026990583
1776612762.774760962 0.583560348 0.333914310 0.198304117 0.049984053 0.995440304 0.081219837 -0.001894549 1.634441257 0.566401899 -4.506451130 0.000000000 0.000000000 -12.000000000 0.010662821 0.027122784
1776612762.779526711 0.584190130 0.333341122 0.198081166 0.050204948 0.995484054 0.080539607 -0.002087028 1.642772794 0.649989665 -4.378018379 0.000000000 0.000000000 -12.000000000 0.010789088 0.027253814
1776612762.785023928 0.584824085 0.332715869 0.197837412 0.050419956 0.995532155 0.079802163 -0.002271699 1.647347808 0.731076896 -4.259162426 0.000000000 0.000000000 -12.000000000 0.010917073 0.027383408
1776612762.789843798 0.585469842 0.332048833 0.197581291 0.050629057 0.995583594 0.079019420 -0.002436617 1.648505449 0.809709251 -4.149804115 0.000000000 0.000000000 -12.000000000 0.011046854 0.027511522
1776612762.794885159 0.586135924 0.331359982 0.197346896 0.050821453 0.995637536 0.078207910 -0.002568084 1.646593571 0.885956585 -4.049840927 0.000000000 0.000000000 -12.000000000 0.011178592 0.027638037
1776612762.800034046 0.586789131 0.330656469 0.197140247 0.051002052 0.995692909 0.077376552 -0.002705278 1.641963482 0.959913135 -3.959152222 0.000000000 0.000000000 -12.000000000 0.011311772 0.027764222
1776612762.804814100 0.587402105 0.329925597 0.196933061 0.051179174 0.995750010 0.076513544 -0.002882432 1.634963751 1.031694531 -3.877604723 0.000000000 0.000000000 -12.000000000 0.011446180 0.027890734
1776612762.809869766 0.587938845 0.329152077 0.196692467 0.051359273 0.995809674 0.075600319 -0.003146714 1.625933528 1.101432323 -3.805052280 0.000000000 0.000000000 -12.000000000 0.011580824 0.028017240
1776612762.814499617 0.588385344 0.328342736 0.196427196 0.051549178 0.995870531 0.074646570 -0.003523689 1.615195036 1.169268608 -3.741338491 0.000000000 0.000000000 -12.000000000 0.011716634 0.028141009
1776612762.819815159 0.588762462 0.327508837 0.196123451 0.051752422 0.995931327 0.073664591 -0.003993928 1.603045702 1.235351562 -3.686298847 0.000000000 0.000000000 -12.000000000 0.011853221 0.028261593
1776612762.824511290 0.589117169 0.326687008 0.195820510 0.051970765 0.995988488 0.072702751 -0.004499920 1.589750528 1.299832106 -3.639763117 0.000000000 0.000000000 -12.000000000 0.011990785 0.028378902
1776612762.829837799 0.589442790 0.325893641 0.195535779 0.052212752 0.996039689 0.071786553 -0.005045601 1.575537801 1.362859368 -3.601559162 0.000000000 0.000000000 -12.000000000 0.012128469 0.028494619
1776612762.834637403 0.589767098 0.325137377 0.195293039 0.052485310 0.996083379 0.070934929 -0.005601408 1.560597897 1.424575448 -3.571513414 0.000000000 0.000000000 -12.000000000 0.012266562 0.028608838
1776612762.839789629 0.590054214 0.324385911 0.195069641 0.052784204 0.996122599 0.070107631 -0.006204342 1.545086741 1.485106349 -3.549452782 0.000000000 0.000000000 -12.000000000 0.012404249 0.028722523
1776612762.844623327 0.590277374 0.323622227 0.194834799 0.053110406 0.996158540 0.069281608 -0.006889299 1.529131651 1.544555187 -3.535204172 0.000000000 0.000000000 -12.000000000 0.012541632 0.028834498
1776612762.849542379 0.590437651 0.322866440 0.194580019 0.053457238 0.996190608 0.068470053 -0.007648792 1.512836576 1.602997303 -3.528593063 0.000000000 0.000000000 -12.000000000 0.012677919 0.028945189
1776612762.854515553 0.590593755 0.322159052 0.194335580 0.053812645 0.996217012 0.067713827 -0.008410687 1.496286035 1.660479784 -3.529440641 0.000000000 0.000000000 -12.000000000 0.012813538 0.029054964
1776612762.859545946 0.590753675 0.321467161 0.194078803 0.054177716 0.996240258 0.066977985 -0.009171292 1.479547858 1.717023969 -3.537562370 0.000000000 0.000000000 -12.000000000 0.012948533 0.029163938
1776612762.864522696 0.590920627 0.320796639 0.193818599 0.054558601 0.996259093 0.066277385 -0.009922509 1.462673903 1.772626758 -3.552765608 0.000000000 0.000000000 -12.000000000 0.013082540 0.029272821
1776612762.869561195 0.591100514 0.320139319 0.193566084 0.054950599 0.996274710 0.065601811 -0.010652616 1.445703268 1.827260852 -3.574851751 0.000000000 0.000000000 -12.000000000 0.013215915 0.029381707
1776612762.874578476 0.591300964 0.319510609 0.193333745 0.055345479 0.996286809 0.064966589 -0.011349882 1.428665876 1.880873561 -3.603615284 0.000000000 0.000000000 -12.000000000 0.013347905 0.029492067
1776612762.879501820 0.591496408 0.318911940 0.193122208 0.055735484 0.996295631 0.064370319 -0.012041398 1.411587596 1.933387995 -3.638846159 0.000000000 0.000000000 -12.000000000 0.013479237 0.029603919
1776612762.884554625 0.591686010 0.318341494 0.192908198 0.056117468 0.996301532 0.063813031 -0.012725430 1.394496083 1.984707236 -3.680329084 0.000000000 0.000000000 -12.000000000 0.013609488 0.029717850
1776612762.889498711 0.591862738 0.317778111 0.192675710 0.056486037 0.996306241 0.063272081 -0.013412157 1.377426624 2.034720182 -3.727846622 0.000000000 0.000000000 -12.000000000 0.013737898 0.029834079
1776612762.894500971 0.592062831 0.317229182 0.192440510 0.056852002 0.996308386 0.062765330 -0.014069603 1.360426664 2.083305120 -3.781180859 0.000000000 0.000000000 -12.000000000 0.013865569 0.029951777
1776612762.899759293 0.592607260 0.316020936 0.191971987 0.057734579 0.996295631 0.061869781 -0.015293968 1.343558550 2.130334377 -3.840117455 0.000000000 0.000000000 -12.000000000 0.013992110 0.030069407
1776612762.904500008 0.592607260 0.316020936 0.191971987 0.057734579 0.996295631 0.061869781 -0.015293968 1.326900482 2.175676346 -3.904446125 0.000000000 0.000000000 -12.000000000 0.014117409 0.030187473
1776612762.909813643 0.592890620 0.315433115 0.191762954 0.058201544 0.996281028 0.061512407 -0.015901811 1.310546041 2.219198942 -3.973962069 0.000000000 0.000000000 -12.000000000 0.014241387 0.030305980
1776612762.914575577 0.593185306 0.314903975 0.191585749 0.058653615 0.996261775 0.061239708 -0.016490988 1.294604301 2.260772943 -4.048467636 0.000000000 0.000000000 -12.000000000 0.014364146 0.030426566
1776612762.919882774 0.593465447 0.314427555 0.191431731 0.059063975 0.996240139 0.061035223 -0.017081670 1.279199600 2.300275803 -4.127774239 0.000000000 0.000000000 -12.000000000 0.014485113 0.030550279
1776612762.924510956 0.593719184 0.313979864 0.191271365 0.059447415 0.996216238 0.060875956 -0.017701469 1.264471292 2.337592602 -4.211703777 0.000000000 0.000000000 -12.000000000 0.014604805 0.030676361
1776612762.929502249 0.593952119 0.313535661 0.191106409 0.059849136 0.996187568 0.060759131 -0.018351672 1.250571489 2.372621059 -4.300092697 0.000000000 0.000000000 -12.000000000 0.014723229 0.030804407
1776612762.934796572 0.594132900 0.313095152 0.190909892 0.060272049 0.996153891 0.060672093 -0.019069485 1.237662315 2.405273676 -4.392789364 0.000000000 0.000000000 -12.000000000 0.014839550 0.030933911
1776612762.940367460 0.594261050 0.312662393 0.190703422 0.060682956 0.996117651 0.060608994 -0.019843666 1.225909948 2.435484648 -4.489657402 0.000000000 0.000000000 -12.000000000 0.014954176 0.031063873
1776612762.944917679 0.594373643 0.312251985 0.190506965 0.061067142 0.996079564 0.060585640 -0.020631561 1.215477943 2.463210821 -4.590571404 0.000000000 0.000000000 -12.000000000 0.015067239 0.031194264
1776612762.949640512 0.594467878 0.311832815 0.190318584 0.061451182 0.996038914 0.060586229 -0.021436982 1.206522107 2.488434076 -4.695420265 0.000000000 0.000000000 -12.000000000 0.015177444 0.031325646
1776612762.954827070 0.594555914 0.311380625 0.190131396 0.061877564 0.995994449 0.060588855 -0.022254752 1.199185014 2.511159658 -4.804103851 0.000000000 0.000000000 -12.000000000 0.015284665 0.031457204
1776612762.959625959 0.594652116 0.310917854 0.189954817 0.062333826 0.995944858 0.060630985 -0.023069346 1.193593502 2.531413555 -4.916529179 0.000000000 0.000000000 -12.000000000 0.015389967 0.031588029
1776612762.964705706 0.594719589 0.310472518 0.189768434 0.062764548 0.995893598 0.060702518 -0.023911979 1.189856529 2.549242496 -5.032607079 0.000000000 0.000000000 -12.000000000 0.015493244 0.031718362
1776612762.969532490 0.594790459 0.310050309 0.189597636 0.063177720 0.995840430 0.060814124 -0.024739692 1.188065410 2.564714670 -5.152260780 0.000000000 0.000000000 -12.000000000 0.015593092 0.031849615
1776612762.974785089 0.594827056 0.309673101 0.189429641 0.063569613 0.995785475 0.060955469 -0.025585407 1.188294888 2.577918768 -5.275431156 0.000000000 0.000000000 -12.000000000 0.015690889 0.031981699
1776612762.979573965 0.594862700 0.309351504 0.189273626 0.063928261 0.995728612 0.061157305 -0.026408980 1.190603256 2.588962078 -5.402080059 0.000000000 0.000000000 -12.000000000 0.015785061 0.032115772
1776612762.984852791 0.594880819 0.309079587 0.189130872 0.064237326 0.995671391 0.061406229 -0.027226279 1.195032477 2.597967625 -5.532187462 0.000000000 0.000000000 -12.000000000 0.015875066 0.032252628
1776612762.989547491 0.594905794 0.308528423 0.188796341 0.064897582 0.995546818 0.061981518 -0.028864801 1.201607466 2.605070829 -5.665750027 0.000000000 0.000000000 -12.000000000 0.015960636 0.032390952
1776612762.994868040 0.594905794 0.308528423 0.188796341 0.064897582 0.995546818 0.061981518 -0.028864801 1.210336685 2.610419273 -5.802775860 0.000000000 0.000000000 -12.000000000 0.016044078 0.032529898
1776612763.001088381 0.594938755 0.308230400 0.188606590 0.065253183 0.995478749 0.062319022 -0.029671771 1.221211553 2.614170790 -5.943284512 0.000000000 0.000000000 -12.000000000 0.016125206 0.032668620
1776612763.004908562 0.595076978 0.307651103 0.188241243 0.066007383 0.995332599 0.063121319 -0.031173104 1.234207034 2.616491079 -6.087300777 0.000000000 0.000000000 -12.000000000 0.016204085 0.032806907
1776612763.009755373 0.595076978 0.307651103 0.188241243 0.066007383 0.995332599 0.063121319 -0.031173104 1.249282479 2.617549181 -6.234851360 0.000000000 0.000000000 -12.000000000 0.016280701 0.032945577
1776612763.014833927 0.595171452 0.307375282 0.188066244 0.066383466 0.995256603 0.063577965 -0.031865384 1.266383648 2.617513180 -6.385962486 0.000000000 0.000000000 -12.000000000 0.016353415 0.033084936
1776612763.019601583 0.595232189 0.307129741 0.187879175 0.066751391 0.995177805 0.064063981 -0.032576792 1.285446286 2.616546392 -6.540657043 0.000000000 0.000000000 -12.000000000 0.016423794 0.033224590
1776612763.024687052 0.595289230 0.306933761 0.187698662 0.067100637 0.995096087 0.064610772 -0.033267416 1.306398988 2.614807129 -6.698952198 0.000000000 0.000000000 -12.000000000 0.016492834 0.033364497
1776612763.029518604 0.595359862 0.306781709 0.187512368 0.067429513 0.995012581 0.065212220 -0.033919781 1.329166293 2.612448215 -6.860855579 0.000000000 0.000000000 -12.000000000 0.016557764 0.033505887
1776612763.034764290 0.595406175 0.306655884 0.187323302 0.067755170 0.994925439 0.065854289 -0.034581479 1.353669405 2.609618425 -7.026362419 0.000000000 0.000000000 -12.000000000 0.016619442 0.033647906
1776612763.041216850 0.595459521 0.306524485 0.187141240 0.068073295 0.994837224 0.066518217 -0.035217382 1.379826903 2.606460810 -7.195452213 0.000000000 0.000000000 -12.000000000 0.016677372 0.033790648
1776612763.044869184 0.595459521 0.306524485 0.187141240 0.068073295 0.994837224 0.066518217 -0.035217382 1.407554150 2.603113174 -7.368093014 0.000000000 0.000000000 -12.000000000 0.016732763 0.033933748
1776612763.049621344 0.595495641 0.306273073 0.186760902 0.068723895 0.994650543 0.067915052 -0.036535855 1.436760187 2.599705935 -7.544241428 0.000000000 0.000000000 -12.000000000 0.016784573 0.034075093
1776612763.054839611 0.595520854 0.306141049 0.186573923 0.069053061 0.994554102 0.068648338 -0.037164863 1.467343807 2.596364737 -7.723841667 0.000000000 0.000000000 -12.000000000 0.016833795 0.034215495
1776612763.059604406 0.595566511 0.305838287 0.186213106 0.069727957 0.994354367 0.070158035 -0.038409323 1.499192238 2.593209505 -7.906828880 0.000000000 0.000000000 -12.000000000 0.016880330 0.034353405
1776612763.064558744 0.595566511 0.305838287 0.186213106 0.069727957 0.994354367 0.070158035 -0.038409323 1.532181978 2.590355873 -8.093129158 0.000000000 0.000000000 -12.000000000 0.016924128 0.034491662
1776612763.069543123 0.595581770 0.305733174 0.186037242 0.070045322 0.994251490 0.070964411 -0.039008159 1.566179991 2.587916613 -8.282662392 0.000000000 0.000000000 -12.000000000 0.016965140 0.034629315
1776612763.074556828 0.595560193 0.305677414 0.185853750 0.070310965 0.994148731 0.071798995 -0.039618038 1.601043224 2.586000443 -8.475337029 0.000000000 0.000000000 -12.000000000 0.017003315 0.034766316
1776612763.079592466 0.595519900 0.305669546 0.185683101 0.070559815 0.994044185 0.072661772 -0.040220976 1.636616349 2.584711075 -8.671052933 0.000000000 0.000000000 -12.000000000 0.017038604 0.034902971
1776612763.084555864 0.595465124 0.305700362 0.185519367 0.070753373 0.993941903 0.073540166 -0.040807687 1.672730207 2.584145069 -8.869695663 0.000000000 0.000000000 -12.000000000 0.017070960 0.035039492
1776612763.089795113 0.595389962 0.305742949 0.185371578 0.070946559 0.993838370 0.074421011 -0.041392874 1.709199667 2.584391832 -9.071144104 0.000000000 0.000000000 -12.000000000 0.017100334 0.035175599
1776612763.094503164 0.595273376 0.305812567 0.185227215 0.071116991 0.993732631 0.075322248 -0.042004846 1.745821595 2.585535526 -9.275262833 0.000000000 0.000000000 -12.000000000 0.017126681 0.035310578
1776612763.099827766 0.595132053 0.305853158 0.185080081 0.071286961 0.993627071 0.076197483 -0.042630900 1.782374382 2.587653160 -9.481904984 0.000000000 0.000000000 -12.000000000 0.017149957 0.035443604
1776612763.104865789 0.594845593 0.305858761 0.184808046 0.071683355 0.993411422 0.077921376 -0.043857321 1.818615913 2.590812683 -9.690917969 0.000000000 0.000000000 -12.000000000 0.017170059 0.035571314
1776612763.109873056 0.594845593 0.305858761 0.184808046 0.071683355 0.993411422 0.077921376 -0.043857321 1.854281902 2.595070601 -9.902144432 0.000000000 0.000000000 -12.000000000 0.017187005 0.035699371
1776612763.114841223 0.594704866 0.305809408 0.184686095 0.071915068 0.993302822 0.078752488 -0.044449531 1.889082670 2.600472212 -10.115420341 0.000000000 0.000000000 -12.000000000 0.017200515 0.035824601
1776612763.119807720 0.594555020 0.305762976 0.184581280 0.072137251 0.993195057 0.079576433 -0.045026060 1.922702909 2.607050896 -10.330579758 0.000000000 0.000000000 -12.000000000 0.017210795 0.035947409
1776612763.124653101 0.594430447 0.305716366 0.184491336 0.072368249 0.993087769 0.080401793 -0.045553464 1.954802394 2.614831209 -10.547452927 0.000000000 0.000000000 -12.000000000 0.017217807 0.036068443
1776612763.129709721 0.594304502 0.305680156 0.184395403 0.072596505 0.992980421 0.081227809 -0.046061032 1.985019445 2.623829126 -10.765872955 0.000000000 0.000000000 -12.000000000 0.017221520 0.036187835
1776612763.134679794 0.594184935 0.305640191 0.184291422 0.072829753 0.992874026 0.082040526 -0.046544213 2.012974501 2.634049177 -10.985673904 0.000000000 0.000000000 -12.000000000 0.017220853 0.036305584
1776612763.142283678 0.594095469 0.305604398 0.184197456 0.073072426 0.992766738 0.082869746 -0.046980850 2.038275957 2.645483017 -11.206694603 0.000000000 0.000000000 -12.000000000 0.017216859 0.036422309
1776612763.144945145 0.594022095 0.305558085 0.184107125 0.073315769 0.992660940 0.083692752 -0.047377232 2.060525417 2.658108950 -11.428782463 0.000000000 0.000000000 -12.000000000 0.017209578 0.036538158
1776612763.149573803 0.593983173 0.305468351 0.183987439 0.073799506 0.992451251 0.085384242 -0.047997151 2.079326153 2.671891212 -11.651793480 0.000000000 0.000000000 -12.000000000 0.017198911 0.036653619
1776612763.154788256 0.593983173 0.305468351 0.183987439 0.073799506 0.992451251 0.085384242 -0.047997151 2.094290257 2.686781883 -11.875598907 0.000000000 0.000000000 -12.000000000 0.017184831 0.036769502
1776612763.159512520 0.594002545 0.305382341 0.183939874 0.074073859 0.992345214 0.086229995 -0.048253924 2.105045795 2.702721119 -12.100085258 0.000000000 0.000000000 -12.000000000 0.017167229 0.036885127
1776612763.164780140 0.594049811 0.305248499 0.183905214 0.074360162 0.992239773 0.087067083 -0.048478652 2.111243486 2.719638348 -12.325155258 0.000000000 0.000000000 -12.000000000 0.017146153 0.037000544
1776612763.169828415 0.594097912 0.305114359 0.183889598 0.074653536 0.992131710 0.087922089 -0.048694968 2.112563133 2.737452507 -12.550728798 0.000000000 0.000000000 -12.000000000 0.017121581 0.037115894
1776612763.174874544 0.594104469 0.304994792 0.183879048 0.074913129 0.992023706 0.088779591 -0.048940726 2.108716965 2.756073952 -12.776740074 0.000000000 0.000000000 -12.000000000 0.017093496 0.037230931
1776612763.179836512 0.594087899 0.304904133 0.183892131 0.075132333 0.991915941 0.089653745 -0.049194567 2.099454165 2.775405407 -13.003132820 0.000000000 0.000000000 -12.000000000 0.017061876 0.037345950
1776612763.184894323 0.594047546 0.304810584 0.183916718 0.075346261 0.991807878 0.090518206 -0.049462747 2.084561110 2.795342922 -13.229855537 0.000000000 0.000000000 -12.000000000 0.017027458 0.037460823
1776612763.189982176 0.593977273 0.304725587 0.183957309 0.075510912 0.991701901 0.091381371 -0.049747944 2.063863039 2.815778017 -13.456852913 0.000000000 0.000000000 -12.000000000 0.016989499 0.037575267
1776612763.194517851 0.593885005 0.304670393 0.184005558 0.075661682 0.991594017 0.092261352 -0.050044924 2.037224054 2.836600542 -13.684058189 0.000000000 0.000000000 -12.000000000 0.016948003 0.037689295
1776612763.199525356 0.593791366 0.304613173 0.184059441 0.075784512 0.991487801 0.093137957 -0.050339095 2.004545212 2.857699871 -13.911386490 0.000000000 0.000000000 -12.000000000 0.016902894 0.037802994
1776612763.204504967 0.593697071 0.304550141 0.184108287 0.075918145 0.991380632 0.094006419 -0.050633091 1.965762615 2.878965378 -14.138722420 0.000000000 0.000000000 -12.000000000 0.016854158 0.037916195
1776612763.209574461 0.593584418 0.304476500 0.184158266 0.076043941 0.991273642 0.094860457 -0.050945163 1.920845866 2.900285482 -14.365917206 0.000000000 0.000000000 -12.000000000 0.016801784 0.038028587
1776612763.214459658 0.593475223 0.304388463 0.184217066 0.076180473 0.991166770 0.095698230 -0.051252324 1.869795799 2.921548605 -14.592779160 0.000000000 0.000000000 -12.000000000 0.016745768 0.038140297
1776612763.219504595 0.593358397 0.304289073 0.184270710 0.076317929 0.991059303 0.096526898 -0.051571667 1.812643647 2.942642927 -14.819067955 0.000000000 0.000000000 -12.000000000 0.016686108 0.038251087
1776612763.224518538 0.593231380 0.304198623 0.184324980 0.076471314 0.990949094 0.097354941 -0.051904034 1.749451041 2.963457823 -15.044494629 0.000000000 0.000000000 -12.000000000 0.016623275 0.038361020
1776612763.229503155 0.593076706 0.304102898 0.184361339 0.076624818 0.990838468 0.098164149 -0.052264433 1.680310488 2.983886719 -15.268711090 0.000000000 0.000000000 -12.000000000 0.016557055 0.038469601
1776612763.234563589 0.592892408 0.304021269 0.184400916 0.076780170 0.990725458 0.098973595 -0.052650236 1.605345488 3.003827810 -15.491319656 0.000000000 0.000000000 -12.000000000 0.016487353 0.038576700
1776612763.239532471 0.592689931 0.303935021 0.184432805 0.076940276 0.990612209 0.099766389 -0.053049680 1.524709225 3.023185253 -15.711861610 0.000000000 0.000000000 -12.000000000 0.016414152 0.038682103
1776612763.244501114 0.592477977 0.303845525 0.184450328 0.077120595 0.990497172 0.100548148 -0.053459119 1.438583016 3.041868687 -15.929828644 0.000000000 0.000000000 -12.000000000 0.016338158 0.038785331
1776612763.249500990 0.592226386 0.303752035 0.184454441 0.077311613 0.990379155 0.101318032 -0.053913955 1.347174406 3.059794903 -16.144660950 0.000000000 0.000000000 -12.000000000 0.016258894 0.038885787
1776612763.254499197 0.591949105 0.303644121 0.184450537 0.077506900 0.990260303 0.102069944 -0.054396562 1.250716209 3.076887369 -16.355751038 0.000000000 0.000000000 -12.000000000 0.016176930 0.038982820
1776612763.259483099 0.591654181 0.303503960 0.184446335 0.077718370 0.990139961 0.102803975 -0.054899942 1.149465799 3.093079090 -16.562458038 0.000000000 0.000000000 -12.000000000 0.016091600 0.039076068
1776612763.264822960 0.591333091 0.303363353 0.184447855 0.077931777 0.990016937 0.103539154 -0.055432457 1.043704033 3.108314037 -16.764104843 0.000000000 0.000000000 -12.000000000 0.016002823 0.039165441
1776612763.269525051 0.590958297 0.303214639 0.184433252 0.078140430 0.989892185 0.104251869 -0.056027055 0.933734596 3.122549534 -16.959995270 0.000000000 0.000000000 -12.000000000 0.015911106 0.039250195
1776612763.274887562 0.590537012 0.303069770 0.184407085 0.078329399 0.989765346 0.104961872 -0.056674663 0.819883347 3.135758162 -17.149419785 0.000000000 0.000000000 -12.000000000 0.015816655 0.039329775
1776612763.279516935 0.590089679 0.302898556 0.184371859 0.078522995 0.989638329 0.105646297 -0.057349686 0.702497363 3.147927523 -17.331659317 0.000000000 0.000000000 -12.000000000 0.015719526 0.039403882
1776612763.285229206 0.589647114 0.302720904 0.184345484 0.078692257 0.989512920 0.106333196 -0.058008760 0.581944585 3.159059286 -17.506008148 0.000000000 0.000000000 -12.000000000 0.015618952 0.039473005
1776612763.289556265 0.588679373 0.302367777 0.184252262 0.079021625 0.989254534 0.107705228 -0.059419278 0.458612800 3.169167519 -17.671764374 0.000000000 0.000000000 -12.000000000 0.015515934 0.039530922
1776612763.294989824 0.588679373 0.302367777 0.184252262 0.079021625 0.989254534 0.107705228 -0.059419278 0.332908630 3.178277016 -17.828250885 0.000000000 0.000000000 -12.000000000 0.015410034 0.039589122
1776612763.299833298 0.588159323 0.302169889 0.184183598 0.079165645 0.989125192 0.108370692 -0.060165614 0.205255643 3.186423302 -17.974822998 0.000000000 0.000000000 -12.000000000 0.015301382 0.039641730
1776612763.304878950 0.587624371 0.301952422 0.184130013 0.079302192 0.988995671 0.109026425 -0.060925867 0.076091468 3.193653584 -18.110866547 0.000000000 0.000000000 -12.000000000 0.015190241 0.039688360
1776612763.309667587 0.587072134 0.301705718 0.184079438 0.079435945 0.988866329 0.109663896 -0.061702020 -0.054135527 3.200026751 -18.235822678 0.000000000 0.000000000 -12.000000000 0.015076688 0.039728947
1776612763.314790249 0.586461604 0.301440984 0.184024125 0.079563409 0.988734305 0.110281162 -0.062547490 -0.184969723 3.205614090 -18.349176407 0.000000000 0.000000000 -12.000000000 0.014960784 0.039763108
1776612763.319583416 0.585814059 0.301159918 0.183984548 0.079683185 0.988600910 0.110883966 -0.063431270 -0.315952420 3.210498810 -18.450479507 0.000000000 0.000000000 -12.000000000 0.014842272 0.039791018
1776612763.324545622 0.585138619 0.300890028 0.183964849 0.079776764 0.988467336 0.111490481 -0.064326458 -0.446626157 3.214776993 -18.539346695 0.000000000 0.000000000 -12.000000000 0.014722064 0.039812773
1776612763.329655886 0.584393442 0.300630420 0.183934867 0.079850018 0.988331497 0.112082832 -0.065285616 -0.576537967 3.218556643 -18.615455627 0.000000000 0.000000000 -12.000000000 0.014600526 0.039828155
1776612763.334600925 0.583606005 0.300373286 0.183894485 0.079908773 0.988194644 0.112659529 -0.066285126 -0.705241561 3.221954823 -18.678556442 0.000000000 0.000000000 -12.000000000 0.014477684 0.039837606
1776612763.339768648 0.582795084 0.300118089 0.183858812 0.079965159 0.988056064 0.113230348 -0.067302935 -0.832297802 3.225094318 -18.728462219 0.000000000 0.000000000 -12.000000000 0.014353896 0.039841425
1776612763.344545603 0.582018077 0.299870521 0.183841139 0.080048159 0.987914383 0.113828599 -0.068268344 -0.957273424 3.228100061 -18.765056610 0.000000000 0.000000000 -12.000000000 0.014229369 0.039840315
1776612763.349678993 0.581231117 0.299625516 0.183819413 0.080169797 0.987765968 0.114440039 -0.069243945 -1.079738021 3.231094360 -18.788282394 0.000000000 0.000000000 -12.000000000 0.014104123 0.039834455
1776612763.354555845 0.580436349 0.299378693 0.183799893 0.080314659 0.987614036 0.115051053 -0.070223443 -1.199259043 3.234190941 -18.798139572 0.000000000 0.000000000 -12.000000000 0.013978537 0.039824229
1776612763.359557629 0.579735518 0.299142361 0.183801532 0.080499753 0.987460792 0.115703665 -0.071089052 -1.315399647 3.237490416 -18.794681549 0.000000000 0.000000000 -12.000000000 0.013852880 0.039810628
1776612763.364975452 0.579089224 0.298888981 0.183803767 0.080723234 0.987308204 0.116355464 -0.071886510 -1.427718401 3.241079569 -18.778015137 0.000000000 0.000000000 -12.000000000 0.013727353 0.039794050
1776612763.369918585 0.578502357 0.298608094 0.183800370 0.080966853 0.987160683 0.116990738 -0.072604090 -1.535768986 3.245029211 -18.748287201 0.000000000 0.000000000 -12.000000000 0.013602125 0.039775062
1776612763.374843597 0.577949405 0.298331052 0.183795750 0.081235215 0.987013519 0.117632598 -0.073264569 -1.639101624 3.249397755 -18.705690384 0.000000000 0.000000000 -12.000000000 0.013477311 0.039753906
1776612763.379883289 0.577367961 0.298036546 0.183767498 0.081480049 0.986871183 0.118234843 -0.073937371 -1.737265348 3.254232883 -18.650444031 0.000000000 0.000000000 -12.000000000 0.013353589 0.039730679
1776612763.384822845 0.576795936 0.297725916 0.183733314 0.081708096 0.986735225 0.118808940 -0.074577734 -1.829812050 3.259577274 -18.582801819 0.000000000 0.000000000 -12.000000000 0.013230866 0.039705973
1776612763.389997244 0.576281488 0.297415376 0.183705598 0.081927136 0.986607134 0.119372249 -0.075130329 -1.916302323 3.265469313 -18.503038406 0.000000000 0.000000000 -12.000000000 0.013108973 0.039681006
1776612763.394835711 0.575823784 0.297091573 0.183677554 0.082112893 0.986490548 0.119917259 -0.075588904 -1.996309876 3.271948099 -18.411458969 0.000000000 0.000000000 -12.000000000 0.012988443 0.039655942
1776612763.399948120 0.575341821 0.296734035 0.183609039 0.082292981 0.986379445 0.120411776 -0.076055586 -2.069425821 3.279051781 -18.308383942 0.000000000 0.000000000 -12.000000000 0.012869345 0.039630536
1776612763.404882431 0.574923456 0.296337098 0.183521032 0.082464568 0.986279607 0.120875329 -0.076428078 -2.135258198 3.286818743 -18.194152832 0.000000000 0.000000000 -12.000000000 0.012752498 0.039605059
1776612763.409903526 0.574372590 0.295492589 0.183352292 0.082855701 0.986104131 0.121803954 -0.076794006 -2.193430901 3.295285940 -18.069120407 0.000000000 0.000000000 -12.000000000 0.012637999 0.039581522
1776612763.414870977 0.574372590 0.295492589 0.183352292 0.082855701 0.986104131 0.121803954 -0.076794006 -2.243580103 3.304489374 -17.933658600 0.000000000 0.000000000 -12.000000000 0.012525569 0.039557882
1776612763.419862270 0.574146688 0.294663191 0.183167905 0.083315171 0.985947073 0.122809120 -0.076712936 -2.285353661 3.314462900 -17.788152695 0.000000000 0.000000000 -12.000000000 0.012416529 0.039539553
1776612763.424588203 0.574146688 0.294663191 0.183167905 0.083315171 0.985947073 0.122809120 -0.076712936 -2.318413734 3.325234175 -17.633007050 0.000000000 0.000000000 -12.000000000 0.012309905 0.039521035
1776612763.429852009 0.574165404 0.294263154 0.183066994 0.083600327 0.985871732 0.123353057 -0.076497674 -2.342438459 3.336821079 -17.468645096 0.000000000 0.000000000 -12.000000000 0.012205685 0.039505910
1776612763.434496403 0.574253082 0.293873727 0.182945371 0.083908282 0.985799611 0.123912148 -0.076185688 -2.357122660 3.349229336 -17.295518875 0.000000000 0.000000000 -12.000000000 0.012103992 0.039495301
1776612763.439807415 0.574372411 0.293516219 0.182797253 0.084232576 0.985726655 0.124494515 -0.075822040 -2.362179518 3.362452269 -17.114101410 0.000000000 0.000000000 -12.000000000 0.012004997 0.039489362
1776612763.444548368 0.574546337 0.293177485 0.182632476 0.084563591 0.985656679 0.125092477 -0.075377584 -2.357342243 3.376475334 -16.924896240 0.000000000 0.000000000 -12.000000000 0.011908974 0.039489053
1776612763.449797392 0.574736714 0.292840749 0.182445765 0.084908664 0.985588253 0.125684038 -0.074898995 -2.342368364 3.391281128 -16.728437424 0.000000000 0.000000000 -12.000000000 0.011815562 0.039493829
1776612763.454574108 0.574949503 0.292515218 0.182282001 0.085243203 0.985522926 0.126278430 -0.074377149 -2.317045927 3.406853676 -16.525293350 0.000000000 0.000000000 -12.000000000 0.011725069 0.039503898
1776612763.459815025 0.575193286 0.292203307 0.182133943 0.085569374 0.985460997 0.126877964 -0.073800020 -2.281199694 3.423182487 -16.316066742 0.000000000 0.000000000 -12.000000000 0.011636949 0.039518498
1776612763.464637518 0.575664699 0.291515172 0.181850284 0.086200774 0.985348463 0.127996922 -0.072626524 -2.234698057 3.440264225 -16.101411819 0.000000000 0.000000000 -12.000000000 0.011552134 0.039544053
1776612763.469774485 0.575664699 0.291515172 0.181850284 0.086200774 0.985348463 0.127996922 -0.072626524 -2.177460194 3.458105803 -15.882017136 0.000000000 0.000000000 -12.000000000 0.011470833 0.039569259
1776612763.474520683 0.575784624 0.291164577 0.181687564 0.086482629 0.985290587 0.128516033 -0.072158694 -2.109463453 3.476727962 -15.658620834 0.000000000 0.000000000 -12.000000000 0.011392589 0.039597876
1776612763.479535103 0.575826049 0.290827572 0.181528062 0.086756051 0.985227764 0.129026160 -0.071776360 -2.030748129 3.496169329 -15.432003021 0.000000000 0.000000000 -12.000000000 0.011317557 0.039630655
1776612763.484614611 0.575735092 0.290495604 0.181375772 0.086986236 0.985159636 0.129514650 -0.071552932 -1.941426396 3.516487598 -15.202988625 0.000000000 0.000000000 -12.000000000 0.011246362 0.039666578
1776612763.489530087 0.575504184 0.290136993 0.181217134 0.087207660 0.985086799 0.129950941 -0.071495168 -1.841688991 3.537763357 -14.972444534 0.000000000 0.000000000 -12.000000000 0.011178399 0.039703373
1776612763.494620323 0.575212181 0.289775491 0.181087017 0.087397620 0.985013723 0.130365402 -0.071515970 -1.731817126 3.560101509 -14.741273880 0.000000000 0.000000000 -12.000000000 0.011114156 0.039741985
1776612763.499540567 0.574826121 0.289420903 0.180999517 0.087557584 0.984935045 0.130773380 -0.071658306 -1.612190604 3.583634853 -14.510417938 0.000000000 0.000000000 -12.000000000 0.011053651 0.039781880
1776612763.504613400 0.574408293 0.289104253 0.180939317 0.087695129 0.984851122 0.131208003 -0.071848758 -1.483292103 3.608523369 -14.280839920 0.000000000 0.000000000 -12.000000000 0.010997295 0.039824352
1776612763.509536028 0.573994040 0.288775295 0.180895716 0.087853417 0.984763980 0.131648779 -0.072043806 -1.345706224 3.634951115 -14.053522110 0.000000000 0.000000000 -12.000000000 0.010944460 0.039868135
1776612763.514648438 0.573494554 0.288416266 0.180829167 0.088021696 0.984672248 0.132051051 -0.072354928 -1.200112820 3.663117647 -13.829456329 0.000000000 0.000000000 -12.000000000 0.010895303 0.039914235
1776612763.520899057 0.572969615 0.288034648 0.180743396 0.088213071 0.984577656 0.132435501 -0.072705835 -1.047279239 3.693226576 -13.609630585 0.000000000 0.000000000 -12.000000000 0.010849732 0.039962981
1776612763.524524689 0.572453141 0.287654281 0.180643559 0.088419102 0.984481692 0.132817924 -0.073056638 -0.888050616 3.725477219 -13.395019531 0.000000000 0.000000000 -12.000000000 0.010806399 0.040015098
1776612763.529885530 0.571966946 0.287288219 0.180550069 0.088635743 0.984385729 0.133213922 -0.073365755 -0.723334432 3.760054111 -13.186571121 0.000000000 0.000000000 -12.000000000 0.010765022 0.040070001
1776612763.534818649 0.571490347 0.286945701 0.180423319 0.088878743 0.984285891 0.133623585 -0.073665619 -0.554081202 3.797119141 -12.985196114 0.000000000 0.000000000 -12.000000000 0.010726795 0.040129155
1776612763.539821148 0.571076930 0.286642075 0.180310130 0.089120731 0.984187961 0.134066194 -0.073876627 -0.381264418 3.836804152 -12.791759491 0.000000000 0.000000000 -12.000000000 0.010692799 0.040194288
1776612763.545067787 0.570745885 0.286355734 0.180188596 0.089387998 0.984091282 0.134533927 -0.073991641 -0.205862492 3.879206419 -12.607071877 0.000000000 0.000000000 -12.000000000 0.010661197 0.040263031
1776612763.549778700 0.570525944 0.286132157 0.180100709 0.089680463 0.983991265 0.135084242 -0.073965363 -0.028842453 3.924382687 -12.431884766 0.000000000 0.000000000 -12.000000000 0.010632331 0.040335812
1776612763.554833412 0.570372105 0.285981566 0.180014879 0.090026960 0.983879030 0.135723755 -0.073866732 0.148854569 3.972342491 -12.266888618 0.000000000 0.000000000 -12.000000000 0.010606025 0.040412147
1776612763.559666872 0.570233107 0.285865784 0.179917455 0.090411067 0.983758032 0.136408180 -0.073747754 0.326326489 4.023045540 -12.112707138 0.000000000 0.000000000 -12.000000000 0.010581979 0.040491246
1776612763.564760447 0.570181549 0.285771668 0.179802477 0.090846188 0.983632624 0.137136787 -0.073534496 0.502721012 4.076397419 -11.969902039 0.000000000 0.000000000 -12.000000000 0.010560110 0.040573489
1776612763.569620132 0.570140600 0.285714924 0.179683536 0.091289304 0.983501077 0.137906834 -0.073304914 0.677241445 4.132256031 -11.838965416 0.000000000 0.000000000 -12.000000000 0.010540218 0.040658057
1776612763.574538231 0.570103645 0.285713196 0.179552883 0.091736123 0.983362794 0.138720497 -0.073066808 0.849148691 4.190433979 -11.720329285 0.000000000 0.000000000 -12.000000000 0.010522700 0.040744651
1776612763.579494953 0.570086122 0.285746962 0.179454178 0.092178985 0.983220398 0.139572844 -0.072801910 1.017760277 4.250708103 -11.614361763 0.000000000 0.000000000 -12.000000000 0.010506740 0.040831771
1776612763.584540844 0.570077956 0.285807282 0.179394096 0.092592783 0.983078063 0.140444934 -0.072521530 1.182450056 4.312823772 -11.521378517 0.000000000 0.000000000 -12.000000000 0.010492118 0.040918685
1776612763.589616299 0.570083499 0.285883784 0.179366440 0.093004569 0.982933760 0.141335845 -0.072219074 1.342647195 4.376499653 -11.441648483 0.000000000 0.000000000 -12.000000000 0.010477992 0.041004241
1776612763.594561577 0.570083499 0.285883784 0.179366440 0.093004569 0.982933760 0.141335845 -0.072219074 1.497836590 4.441433430 -11.375396729 0.000000000 0.000000000 -12.000000000 0.010464752 0.041089311
1776612763.599514723 0.570007443 0.286069155 0.179350942 0.093671314 0.982658684 0.143071488 -0.071680740 1.647557378 4.507303715 -11.322798729 0.000000000 0.000000000 -12.000000000 0.010451962 0.041172344
1776612763.604495525 0.569901228 0.286137283 0.179313838 0.093947694 0.982529640 0.143871963 -0.071485624 1.791399479 4.573774338 -11.283985138 0.000000000 0.000000000 -12.000000000 0.010441042 0.041255370
1776612763.609711170 0.569780052 0.286179692 0.179269105 0.094194330 0.982407510 0.144631267 -0.071307316 1.928996444 4.640499115 -11.259045601 0.000000000 0.000000000 -12.000000000 0.010430306 0.041337442
1776612763.614536762 0.569607675 0.286201239 0.179211229 0.094407529 0.982290745 0.145341590 -0.071189091 2.060018539 4.707121372 -11.248046875 0.000000000 0.000000000 -12.000000000 0.010420658 0.041418452
1776612763.619825840 0.569388986 0.286199510 0.179145753 0.094588920 0.982181370 0.145997122 -0.071116403 2.184168339 4.773278713 -11.251029015 0.000000000 0.000000000 -12.000000000 0.010410817 0.041499078
1776612763.624917269 0.569204271 0.286182165 0.179093480 0.094769791 0.982078612 0.146625459 -0.071002223 2.301176548 4.838607788 -11.268006325 0.000000000 0.000000000 -12.000000000 0.010400508 0.041579545
1776612763.629840136 0.569071472 0.286128223 0.179071397 0.094913602 0.981993735 0.147195339 -0.070804209 2.410802603 4.902749538 -11.298962593 0.000000000 0.000000000 -12.000000000 0.010389504 0.041660339
1776612763.634870291 0.568964481 0.286058128 0.179050744 0.095049389 0.981918216 0.147725403 -0.070564717 2.512836695 4.965357304 -11.343852997 0.000000000 0.000000000 -12.000000000 0.010377586 0.041741755
1776612763.639702797 0.568697095 0.285920501 0.179009348 0.095193036 0.981802285 0.148633644 -0.070075504 2.607100725 5.026103020 -11.402595520 0.000000000 0.000000000 -12.000000000 0.010364534 0.041823763
1776612763.644691706 0.568697095 0.285920501 0.179009348 0.095193036 0.981802285 0.148633644 -0.070075504 2.693448067 5.084684849 -11.475070953 0.000000000 0.000000000 -12.000000000 0.010350134 0.041905332
1776612763.649911642 0.568575740 0.285837203 0.178979218 0.095251910 0.981757462 0.149024278 -0.069793381 2.771763325 5.140829563 -11.561114311 0.000000000 0.000000000 -12.000000000 0.010334174 0.041987147
1776612763.654840946 0.568280101 0.285685927 0.178925514 0.095321558 0.981688857 0.149682522 -0.069252603 2.841962099 5.194295883 -11.660519600 0.000000000 0.000000000 -12.000000000 0.010317127 0.042069033
1776612763.659832954 0.568280101 0.285685927 0.178925514 0.095321558 0.981688857 0.149682522 -0.069252603 2.903988838 5.244878292 -11.773028374 0.000000000 0.000000000 -12.000000000 0.010298117 0.042150501
1776612763.664739132 0.568138778 0.285633594 0.178911209 0.095354736 0.981659472 0.149985626 -0.068967216 2.957816124 5.292409420 -11.898331642 0.000000000 0.000000000 -12.000000000 0.010276946 0.042231660
1776612763.669749975 0.567959785 0.285593808 0.178890526 0.095392898 0.981631100 0.150261357 -0.068717264 3.003440857 5.336762428 -12.036064148 0.000000000 0.000000000 -12.000000000 0.010252670 0.042313226
1776612763.674742222 0.567799568 0.285549849 0.178871006 0.095474966 0.981601238 0.150521576 -0.068460539 3.040881157 5.377850056 -12.185805321 0.000000000 0.000000000 -12.000000000 0.010225660 0.042394850
1776612763.679791451 0.567619681 0.285532534 0.178884238 0.095556118 0.981570661 0.150776088 -0.068224490 3.070171356 5.415625572 -12.347069740 0.000000000 0.000000000 -12.000000000 0.010195892 0.042476717
1776612763.684848785 0.567256093 0.285594076 0.178966284 0.095713884 0.981513023 0.151264846 -0.067749143 3.091361284 5.450077534 -12.519316673 0.000000000 0.000000000 -12.000000000 0.010163669 0.042556420
1776612763.689853668 0.567256093 0.285594076 0.178966284 0.095713884 0.981513023 0.151264846 -0.067749143 3.104512453 5.481227875 -12.701940536 0.000000000 0.000000000 -12.000000000 0.010128390 0.042635772
1776612763.694758892 0.567125380 0.285623670 0.179026216 0.095793940 0.981494546 0.151471928 -0.067440443 3.109698296 5.509124279 -12.894280434 0.000000000 0.000000000 -12.000000000 0.010089912 0.042714097
1776612763.699792385 0.566976011 0.285651803 0.179073006 0.095863655 0.981481373 0.151646107 -0.067140833 3.107008219 5.533835888 -13.095617294 0.000000000 0.000000000 -12.000000000 0.010048087 0.042791858
1776612763.704807997 0.566769838 0.285698622 0.179097176 0.095909834 0.981470585 0.151793912 -0.066898070 3.096554995 5.555445671 -13.305174828 0.000000000 0.000000000 -12.000000000 0.010002582 0.042867929
1776612763.709813356 0.566560626 0.285750628 0.179101318 0.095926046 0.981468141 0.151912287 -0.066641510 3.078479528 5.574046135 -13.522124290 0.000000000 0.000000000 -12.000000000 0.009953772 0.042942591
1776612763.714794636 0.566339374 0.285788596 0.179084569 0.095924854 0.981473148 0.151990846 -0.066390194 3.052954912 5.589736938 -13.745588303 0.000000000 0.000000000 -12.000000000 0.009901188 0.043015704
1776612763.719685555 0.566136658 0.285831720 0.179065287 0.095905565 0.981484950 0.152053297 -0.066100352 3.020185709 5.602619171 -13.974645615 0.000000000 0.000000000 -12.000000000 0.009844332 0.043087479
1776612763.724836111 0.565965295 0.285865128 0.179050773 0.095866755 0.981506765 0.152087644 -0.065752849 2.980404615 5.612795353 -14.208338737 0.000000000 0.000000000 -12.000000000 0.009784669 0.043158025
1776612763.729527473 0.565772474 0.285879552 0.179020673 0.095809236 0.981536567 0.152079180 -0.065410025 2.933872461 5.620364666 -14.445682526 0.000000000 0.000000000 -12.000000000 0.009719918 0.043227512
1776612763.734527588 0.565592289 0.285886258 0.178987920 0.095721371 0.981576979 0.152036905 -0.065029286 2.880882025 5.625424862 -14.685667038 0.000000000 0.000000000 -12.000000000 0.009651971 0.043295596
1776612763.739520073 0.565437496 0.285879672 0.178941876 0.095622800 0.981625021 0.151969627 -0.064604826 2.821757317 5.628072739 -14.927271843 0.000000000 0.000000000 -12.000000000 0.009579314 0.043363281
1776612763.745760679 0.565301955 0.285882384 0.178894550 0.095508352 0.981678128 0.151894569 -0.064142331 2.756855726 5.628406048 -15.169476509 0.000000000 0.000000000 -12.000000000 0.009503675 0.043430422
1776612763.749864340 0.565106869 0.285871208 0.178808928 0.095254250 0.981799066 0.151710123 -0.063096799 2.686564922 5.626525879 -15.411266327 0.000000000 0.000000000 -12.000000000 0.009423439 0.043496776
1776612763.754631281 0.565034986 0.285872966 0.178773880 0.095127419 0.981860876 0.151624277 -0.062531024 2.611301184 5.622540474 -15.651648521 0.000000000 0.000000000 -12.000000000 0.009339376 0.043562554
1776612763.759849310 0.565034986 0.285872966 0.178773880 0.095127419 0.981860876 0.151624277 -0.062531024 2.531505346 5.616564751 -15.889661789 0.000000000 0.000000000 -12.000000000 0.009251534 0.043628097
1776612763.764841795 0.564965963 0.285885870 0.178748220 0.095003061 0.981921196 0.151548102 -0.061954215 2.447640657 5.608720303 -16.124383926 0.000000000 0.000000000 -12.000000000 0.009159974 0.043693263
1776612763.769840956 0.564894736 0.285896450 0.178723365 0.094899401 0.981978059 0.151475608 -0.061386500 2.360185862 5.599137783 -16.354938507 0.000000000 0.000000000 -12.000000000 0.009064893 0.043757651
1776612763.774935007 0.564754367 0.285948247 0.178677648 0.094748572 0.982082367 0.151350111 -0.060250208 2.269630432 5.587956429 -16.580507278 0.000000000 0.000000000 -12.000000000 0.008966253 0.043820769
1776612763.779848099 0.564754367 0.285948247 0.178677648 0.094748572 0.982082367 0.151350111 -0.060250208 2.176467419 5.575322628 -16.800331116 0.000000000 0.000000000 -12.000000000 0.008864153 0.043883670
1776612763.784781218 0.564691484 0.285978377 0.178668767 0.094689757 0.982131720 0.151295543 -0.059672728 2.081186771 5.561388969 -17.013713837 0.000000000 0.000000000 -12.000000000 0.008758702 0.043945853
1776612763.790134192 0.564601302 0.286000669 0.178663880 0.094631091 0.982180536 0.151232049 -0.059120480 1.984269857 5.546311855 -17.220035553 0.000000000 0.000000000 -12.000000000 0.008650020 0.044007447
1776612763.794801712 0.564517617 0.286008626 0.178671509 0.094588846 0.982229829 0.151156291 -0.058560573 1.886186004 5.530246258 -17.418741226 0.000000000 0.000000000 -12.000000000 0.008538232 0.044068247
1776612763.799844503 0.564386964 0.286038101 0.178729951 0.094550446 0.982322752 0.151020974 -0.057401326 1.787388921 5.513344288 -17.609352112 0.000000000 0.000000000 -12.000000000 0.008423430 0.044128280
1776612763.806791306 0.564386964 0.286038101 0.178729951 0.094550446 0.982322752 0.151020974 -0.057401326 1.688313246 5.495754719 -17.791461945 0.000000000 0.000000000 -12.000000000 0.008305807 0.044188112
1776612763.809905291 0.564244747 0.286072016 0.178808659 0.094536491 0.982412934 0.150876105 -0.056250338 1.589371324 5.477620602 -17.964727402 0.000000000 0.000000000 -12.000000000 0.008185866 0.044247247
1776612763.814840555 0.564244747 0.286072016 0.178808659 0.094536491 0.982412934 0.150876105 -0.056250338 1.490949154 5.459081650 -18.128875732 0.000000000 0.000000000 -12.000000000 0.008063409 0.044306185
1776612763.819835424 0.564159036 0.286080360 0.178844213 0.094548218 0.982457101 0.150788769 -0.055690508 1.393404007 5.440268517 -18.283683777 0.000000000 0.000000000 -12.000000000 0.007938588 0.044364687
1776612763.824887276 0.564056635 0.286075205 0.178881407 0.094561644 0.982502103 0.150687575 -0.055144839 1.297061205 5.421306133 -18.428983688 0.000000000 0.000000000 -12.000000000 0.007811554 0.044421922
1776612763.829855204 0.563921809 0.286088765 0.178911686 0.094565891 0.982544482 0.150592312 -0.054640580 1.202212811 5.402311325 -18.564657211 0.000000000 0.000000000 -12.000000000 0.007682463 0.044477962
1776612763.834528446 0.563778639 0.286120117 0.178945214 0.094557598 0.982585490 0.150510594 -0.054140750 1.109115124 5.383393288 -18.690618515 0.000000000 0.000000000 -12.000000000 0.007551470 0.044532619
1776612763.841053486 0.563620567 0.286147922 0.178959638 0.094539590 0.982626677 0.150422230 -0.053667434 1.017987013 5.364655972 -18.806814194 0.000000000 0.000000000 -12.000000000 0.007418730 0.044586178
1776612763.844836950 0.563296556 0.286182314 0.178961426 0.094516970 0.982709229 0.150228322 -0.052730594 0.929009438 5.346198082 -18.913223267 0.000000000 0.000000000 -12.000000000 0.007284906 0.044638216
1776612763.849850893 0.563296556 0.286182314 0.178961426 0.094516970 0.982709229 0.150228322 -0.052730594 0.842325270 5.328114033 -19.009840012 0.000000000 0.000000000 -12.000000000 0.007149641 0.044690058
1776612763.854535818 0.563114703 0.286195159 0.178945512 0.094473496 0.982752860 0.150127009 -0.052282434 0.758041739 5.310491562 -19.096677780 0.000000000 0.000000000 -12.000000000 0.007013187 0.044741184
1776612763.859782934 0.562951624 0.286230206 0.178935677 0.094409026 0.982795596 0.150049478 -0.051815987 0.676233649 5.293414593 -19.173767090 0.000000000 0.000000000 -12.000000000 0.006875602 0.044791680
1776612763.864500284 0.562790811 0.286262542 0.178923965 0.094331227 0.982839048 0.149975836 -0.051344641 0.596947908 5.276960373 -19.241149902 0.000000000 0.000000000 -12.000000000 0.006737040 0.044841576
1776612763.869878292 0.562644303 0.286278903 0.178908139 0.094236948 0.982886076 0.149894372 -0.050853115 0.520207107 5.261200428 -19.298879623 0.000000000 0.000000000 -12.000000000 0.006597653 0.044891227
1776612763.874923229 0.562355638 0.286298037 0.178892732 0.094020762 0.982984006 0.149725303 -0.049849018 0.446013361 5.246199608 -19.347032547 0.000000000 0.000000000 -12.000000000 0.006457518 0.044940889
1776612763.879863977 0.562355638 0.286298037 0.178892732 0.094020762 0.982984006 0.149725303 -0.049849018 0.374352455 5.232017994 -19.385694504 0.000000000 0.000000000 -12.000000000 0.006316864 0.044990174
1776612763.884597540 0.562184155 0.286319256 0.178883225 0.093907528 0.983031034 0.149645999 -0.049370728 0.305198252 5.218708515 -19.414974213 0.000000000 0.000000000 -12.000000000 0.006176238 0.045038600
1776612763.889487028 0.561985373 0.286334991 0.178864270 0.093807988 0.983075500 0.149561003 -0.048929699 0.238516256 5.206318378 -19.435003281 0.000000000 0.000000000 -12.000000000 0.006035380 0.045086175
1776612763.894604445 0.561775863 0.286340237 0.178823620 0.093723357 0.983119488 0.149464265 -0.048502114 0.174266234 5.194889069 -19.445934296 0.000000000 0.000000000 -12.000000000 0.005894495 0.045133330
1776612763.899561882 0.561577439 0.286340415 0.178773195 0.093648329 0.983163536 0.149363756 -0.048062097 0.112403765 5.184456348 -19.447950363 0.000000000 0.000000000 -12.000000000 0.005754060 0.045179952
1776612763.904491663 0.561374903 0.286333919 0.178718895 0.093565814 0.983208597 0.149260089 -0.047621060 0.052881815 5.175049782 -19.441265106 0.000000000 0.000000000 -12.000000000 0.005613814 0.045226123
1776612763.911394358 0.561153114 0.286330342 0.178651005 0.093462542 0.983255565 0.149150282 -0.047195487 -0.004347491 5.166692734 -19.426122665 0.000000000 0.000000000 -12.000000000 0.005473889 0.045271687
1776612763.914537430 0.560775042 0.286351681 0.178577781 0.093245327 0.983346701 0.148977667 -0.046262477 -0.059331521 5.159403324 -19.402814865 0.000000000 0.000000000 -12.000000000 0.005334076 0.045316894
1776612763.919514418 0.560775042 0.286351681 0.178577781 0.093245327 0.983346701 0.148977667 -0.046262477 -0.112118654 5.153192043 -19.371662140 0.000000000 0.000000000 -12.000000000 0.005194835 0.045361754
1776612763.924521446 0.560617387 0.286373943 0.178550988 0.093131334 0.983392358 0.148904413 -0.045754515 -0.162762120 5.148064613 -19.333028793 0.000000000 0.000000000 -12.000000000 0.005056280 0.045406301
1776612763.929545879 0.560487986 0.286392510 0.178528577 0.093022548 0.983438373 0.148831159 -0.045221779 -0.211323485 5.144020557 -19.287321091 0.000000000 0.000000000 -12.000000000 0.004918382 0.045450710
1776612763.935427904 0.560370982 0.286409974 0.178506792 0.092917070 0.983484924 0.148757517 -0.044665422 -0.257874191 5.141056538 -19.234981537 0.000000000 0.000000000 -12.000000000 0.004781375 0.045495074
1776612763.939579248 0.560115337 0.286457062 0.178447127 0.092723683 0.983573079 0.148617670 -0.043578301 -0.302494586 5.139164448 -19.176486969 0.000000000 0.000000000 -12.000000000 0.004645384 0.045539249
1776612763.944797039 0.560115337 0.286457062 0.178447127 0.092723683 0.983573079 0.148617670 -0.043578301 -0.345271170 5.138333321 -19.112350464 0.000000000 0.000000000 -12.000000000 0.004510465 0.045583095
1776612763.949521303 0.559975028 0.286490023 0.178415686 0.092639066 0.983613849 0.148552746 -0.043056186 -0.386293560 5.138545990 -19.043119431 0.000000000 0.000000000 -12.000000000 0.004376695 0.045626573
1776612763.954856157 0.559829652 0.286512256 0.178386480 0.092568077 0.983653903 0.148481593 -0.042537242 -0.425652146 5.139780521 -18.969362259 0.000000000 0.000000000 -12.000000000 0.004244143 0.045669679
1776612763.959549904 0.559693933 0.286523283 0.178353518 0.092511520 0.983693480 0.148403525 -0.042013176 -0.463437051 5.142008781 -18.891668320 0.000000000 0.000000000 -12.000000000 0.004112867 0.045713030
1776612763.964952946 0.559544086 0.286536038 0.178327024 0.092437610 0.983734608 0.148323745 -0.041491915 -0.499737829 5.145197392 -18.810642242 0.000000000 0.000000000 -12.000000000 0.003982915 0.045755945
1776612763.969565153 0.559383631 0.286556631 0.178312182 0.092332453 0.983777344 0.148247898 -0.040980142 -0.534643829 5.149308205 -18.726900101 0.000000000 0.000000000 -12.000000000 0.003854328 0.045798302
1776612763.974820137 0.559230864 0.286589175 0.178328544 0.092203841 0.983820438 0.148187190 -0.040451530 -0.568245113 5.154299259 -18.641050339 0.000000000 0.000000000 -12.000000000 0.003727135 0.045839917
1776612763.979512215 0.558958650 0.286642671 0.178371966 0.091935314 0.983908236 0.148066342 -0.039355788 -0.600633740 5.160128117 -18.553705215 0.000000000 0.000000000 -12.000000000 0.003601539 0.045880929
1776612763.984560728 0.558958650 0.286642671 0.178371966 0.091935314 0.983908236 0.148066342 -0.039355788 -0.631906033 5.166750431 -18.465456009 0.000000000 0.000000000 -12.000000000 0.003477369 0.045921642
1776612763.989548206 0.558831990 0.286659420 0.178397417 0.091804422 0.983952463 0.147999957 -0.038800448 -0.662163675 5.174121380 -18.376882553 0.000000000 0.000000000 -12.000000000 0.003354625 0.045962173
1776612763.994848728 0.558678329 0.286670774 0.178410530 0.091680981 0.983996034 0.147924259 -0.038272522 -0.691513717 5.182197094 -18.288532257 0.000000000 0.000000000 -12.000000000 0.003233302 0.046002295
1776612763.999904871 0.558502018 0.286681771 0.178415954 0.091562264 0.984038055 0.147845820 -0.037777308 -0.720066845 5.190934658 -18.200918198 0.000000000 0.000000000 -12.000000000 0.003113874 0.046042334
1776612764.004664898 0.558313847 0.286682636 0.178425670 0.091451004 0.984080076 0.147756994 -0.037295338 -0.747935236 5.200292587 -18.114513397 0.000000000 0.000000000 -12.000000000 0.002995833 0.046082061
1776612764.018976927 0.558117390 0.286664605 0.178419262 0.091361001 0.984121621 0.147650570 -0.036838587 -0.775230467 5.210228920 -18.029752731 0.000000000 0.000000000 -12.000000000 0.002879152 0.046122041
1776612764.019595146 0.557906806 0.286647260 0.178411275 0.091277078 0.984162509 0.147540122 -0.036393993 -0.802063048 5.220704556 -17.947015762 0.000000000 0.000000000 -12.000000000 0.002763794 0.046162080
1776612764.020019770 0.557906806 0.286647260 0.178411275 0.091277078 0.984162509 0.147540122 -0.036393993 -0.828542769 5.231681347 -17.866630554 0.000000000 0.000000000 -12.000000000 0.002649720 0.046201739
1776612764.024632215 0.557689011 0.286635876 0.178388596 0.091191292 0.984203458 0.147425324 -0.035965491 -0.854779422 5.243121147 -17.788873672 0.000000000 0.000000000 -12.000000000 0.002536482 0.046240974
1776612764.029863119 0.557689011 0.286635876 0.178388596 0.091191292 0.984203458 0.147425324 -0.035965491 -0.880881429 5.254988670 -17.713956833 0.000000000 0.000000000 -12.000000000 0.002424428 0.046279822
1776612764.034986496 0.556981385 0.286582977 0.178309649 0.090836145 0.984336436 0.147051662 -0.034732286 -0.906952977 5.267246723 -17.642047882 0.000000000 0.000000000 -12.000000000 0.002313509 0.046320550
1776612764.039555788 0.556756139 0.286565214 0.178281546 0.090703264 0.984383106 0.146919772 -0.034313042 -0.933092415 5.279860020 -17.573259354 0.000000000 0.000000000 -12.000000000 0.002203672 0.046361897
1776612764.044548988 0.556543469 0.286574036 0.178266615 0.090562150 0.984428227 0.146807492 -0.033869591 -0.959392428 5.292795181 -17.507665634 0.000000000 0.000000000 -12.000000000 0.002094811 0.046404134
1776612764.049743414 0.556306303 0.286581814 0.178250164 0.090427384 0.984472513 0.146688148 -0.033456545 -0.985938370 5.306018829 -17.445293427 0.000000000 0.000000000 -12.000000000 0.001986925 0.046446405
1776612764.054704666 0.556041479 0.286584496 0.178230971 0.090297781 0.984516859 0.146557942 -0.033070032 -1.012805700 5.319500923 -17.386131287 0.000000000 0.000000000 -12.000000000 0.001879961 0.046488632
1776612764.059530735 0.555508375 0.286577880 0.178201169 0.090026148 0.984609127 0.146278918 -0.032289460 -1.040056705 5.333209515 -17.330135345 0.000000000 0.000000000 -12.000000000 0.001773784 0.046532333
1776612764.064558506 0.555508375 0.286577880 0.178201169 0.090026148 0.984609127 0.146278918 -0.032289460 -1.067738652 5.347110748 -17.277231216 0.000000000 0.000000000 -12.000000000 0.001668426 0.046574879
1776612764.069613695 0.555226326 0.286601841 0.178181440 0.089858159 0.984655976 0.146150008 -0.031910758 -1.095883250 5.361168861 -17.227317810 0.000000000 0.000000000 -12.000000000 0.001563839 0.046617262
1776612764.074543715 0.554910362 0.286626399 0.178146809 0.089657463 0.984705865 0.146012217 -0.031564970 -1.124508142 5.375343800 -17.180273056 0.000000000 0.000000000 -12.000000000 0.001459851 0.046659585
1776612764.079579830 0.554574192 0.286647737 0.178098261 0.089437947 0.984758139 0.145864099 -0.031240104 -1.153619051 5.389591694 -17.135959625 0.000000000 0.000000000 -12.000000000 0.001356542 0.046702128
1776612764.084532022 0.554229736 0.286669493 0.178043664 0.089222044 0.984810293 0.145711929 -0.030921036 -1.183210969 5.403866291 -17.094221115 0.000000000 0.000000000 -12.000000000 0.001253871 0.046745073
1776612764.089656591 0.553902686 0.286711812 0.178009242 0.089002505 0.984861255 0.145574048 -0.030578492 -1.213271379 5.418116093 -17.054891586 0.000000000 0.000000000 -12.000000000 0.001151799 0.046788193
1776612764.094537258 0.553597927 0.286770105 0.177984685 0.088807523 0.984907687 0.145455763 -0.030211527 -1.243782640 5.432289124 -17.017801285 0.000000000 0.000000000 -12.000000000 0.001050291 0.046831474
1776612764.100282907 0.553327978 0.286835730 0.177978635 0.088633217 0.984950721 0.145354107 -0.029805785 -1.274724126 5.446332455 -16.982774734 0.000000000 0.000000000 -12.000000000 0.000949313 0.046874993
1776612764.104740620 0.553077996 0.286911041 0.177977622 0.088468455 0.984991908 0.145263687 -0.029372776 -1.306074619 5.460192680 -16.949636459 0.000000000 0.000000000 -12.000000000 0.000848837 0.046918631
1776612764.109961271 0.552815557 0.286984175 0.177957028 0.088308059 0.985032797 0.145168096 -0.028952610 -1.337811828 5.473814487 -16.918218613 0.000000000 0.000000000 -12.000000000 0.000749104 0.046962783
1776612764.114765406 0.552550972 0.287051886 0.177926958 0.088147432 0.985074401 0.145068213 -0.028525850 -1.369911790 5.487140179 -16.888359070 0.000000000 0.000000000 -12.000000000 0.000649824 0.047007389
1776612764.119504213 0.552290976 0.287121445 0.177893728 0.087982416 0.985115647 0.144971862 -0.028095884 -1.402348280 5.500108719 -16.859901428 0.000000000 0.000000000 -12.000000000 0.000550977 0.047052648
1776612764.124527693 0.552029192 0.287189543 0.177862018 0.087830991 0.985155344 0.144877240 -0.027663449 -1.435091972 5.512653351 -16.832704544 0.000000000 0.000000000 -12.000000000 0.000452544 0.047099270
1776612764.129779816 0.551779270 0.287250012 0.177821130 0.087695755 0.985194683 0.144775897 -0.027219176 -1.468110800 5.524703979 -16.806642532 0.000000000 0.000000000 -12.000000000 0.000354509 0.047146875
1776612764.134864330 0.551524818 0.287310958 0.177788317 0.087549053 0.985235035 0.144674137 -0.026767999 -1.501369119 5.536184788 -16.781602859 0.000000000 0.000000000 -12.000000000 0.000256857 0.047195282
1776612764.139853477 0.551250279 0.287371337 0.177743614 0.087389477 0.985276520 0.144567221 -0.026335720 -1.534827828 5.547015667 -16.757490158 0.000000000 0.000000000 -12.000000000 0.000159576 0.047244638
1776612764.144545794 0.550974011 0.287440121 0.177721292 0.087215438 0.985317826 0.144470766 -0.025893733 -1.568443298 5.557111740 -16.734222412 0.000000000 0.000000000 -12.000000000 0.000062656 0.047294673
1776612764.149498940 0.550717413 0.287514448 0.177713722 0.087029897 0.985359251 0.144382864 -0.025426945 -1.602167845 5.566383839 -16.711740494 0.000000000 0.000000000 -12.000000000 -0.000034004 0.047345351
1776612764.154501915 0.550474405 0.287585229 0.177721351 0.086829357 0.985402465 0.144295096 -0.024931174 -1.635950565 5.574738979 -16.689996719 0.000000000 0.000000000 -12.000000000 -0.000130319 0.047396615
1776612764.159513950 0.550266922 0.287656248 0.177746326 0.086632602 0.985445321 0.144212022 -0.024396498 -1.669738889 5.582081795 -16.668964386 0.000000000 0.000000000 -12.000000000 -0.000226297 0.047448456
1776612764.164791822 0.550044358 0.287731647 0.177760333 0.086444460 0.985486090 0.144133970 -0.023872489 -1.703480601 5.588315964 -16.648628235 0.000000000 0.000000000 -12.000000000 -0.000321947 0.047500893
1776612764.169779778 0.549800992 0.287811875 0.177761972 0.086241156 0.985527813 0.144052863 -0.023369163 -1.737125754 5.593345642 -16.628992081 0.000000000 0.000000000 -12.000000000 -0.000416604 0.047554292
1776612764.174713612 0.549554706 0.287901700 0.177765697 0.086035497 0.985567808 0.143983200 -0.022864388 -1.770627499 5.597077847 -16.610067368 0.000000000 0.000000000 -12.000000000 -0.000510943 0.047608320
1776612764.179615259 0.549316764 0.287990540 0.177760810 0.085826494 0.985608339 0.143911615 -0.022349894 -1.803943396 5.599417686 -16.591873169 0.000000000 0.000000000 -12.000000000 -0.000604970 0.047663182
1776612764.184514999 0.549062312 0.288079590 0.177760214 0.085617125 0.985648930 0.143835843 -0.021844903 -1.837034106 5.600273132 -16.574441910 0.000000000 0.000000000 -12.000000000 -0.000698693 0.047718856
1776612764.189502239 0.548812985 0.288190007 0.177757859 0.085407257 0.985687017 0.143776044 -0.021333769 -1.869863749 5.599550724 -16.557806015 0.000000000 0.000000000 -12.000000000 -0.000791884 0.047775149
1776612764.194644451 0.548528552 0.288293362 0.177748710 0.085191123 0.985726655 0.143703043 -0.020852411 -1.902399063 5.597156525 -16.541999817 0.000000000 0.000000000 -12.000000000 -0.000884780 0.047832329
1776612764.199562550 0.548243940 0.288416207 0.177744627 0.084964357 0.985765815 0.143637791 -0.020372327 -1.934610009 5.592998505 -16.527061462 0.000000000 0.000000000 -12.000000000 -0.000977390 0.047890160
1776612764.204544783 0.547958434 0.288550764 0.177757144 0.084719785 0.985805571 0.143577963 -0.019881815 -1.966470242 5.586987019 -16.513025284 0.000000000 0.000000000 -12.000000000 -0.001069721 0.047948409
1776612764.209535122 0.547683477 0.288678229 0.177770108 0.084462442 0.985847294 0.143512309 -0.019376019 -1.997958302 5.579036713 -16.499925613 0.000000000 0.000000000 -12.000000000 -0.001161781 0.048007462
1776612764.214534998 0.547435582 0.288828403 0.177808404 0.084199026 0.985886514 0.143470302 -0.018828882 -2.029060364 5.569067001 -16.487791061 0.000000000 0.000000000 -12.000000000 -0.001253579 0.048066728
1776612764.219583750 0.547177374 0.288982779 0.177839935 0.083942607 0.985924542 0.143429667 -0.018285856 -2.059769869 5.557000637 -16.476640701 0.000000000 0.000000000 -12.000000000 -0.001344928 0.048126578
1776612764.224732161 0.546898663 0.289126724 0.177860349 0.083696939 0.985962629 0.143377706 -0.017759666 -2.090086937 5.542762756 -16.466489792 0.000000000 0.000000000 -12.000000000 -0.001436035 0.048187450
1776612764.229809284 0.546613038 0.289288253 0.177893370 0.083437249 0.986000717 0.143331245 -0.017232148 -2.120016575 5.526282310 -16.457334518 0.000000000 0.000000000 -12.000000000 -0.001526908 0.048249006
1776612764.234852791 0.546314180 0.289483130 0.177940339 0.083161004 0.986037970 0.143298119 -0.016702451 -2.149566650 5.507489681 -16.449159622 0.000000000 0.000000000 -12.000000000 -0.001617554 0.048310578
1776612764.239506721 0.545999646 0.289715379 0.177994668 0.082853198 0.986077189 0.143267468 -0.016173741 -2.178746700 5.486317635 -16.441932678 0.000000000 0.000000000 -12.000000000 -0.001707981 0.048371606
1776612764.244561434 0.545657456 0.289953828 0.178043157 0.082527466 0.986119747 0.143219128 -0.015662830 -2.207566500 5.462700367 -16.435596466 0.000000000 0.000000000 -12.000000000 -0.001798194 0.048432324
1776612764.249550581 0.545310259 0.290170521 0.178084254 0.082218237 0.986164570 0.143142357 -0.015162908 -2.236036062 5.436573505 -16.430082321 0.000000000 0.000000000 -12.000000000 -0.001887246 0.048494186
1776612764.254528999 0.544980586 0.290398479 0.178143531 0.081921794 0.986208081 0.143066555 -0.014640693 -2.264165640 5.407874107 -16.425292969 0.000000000 0.000000000 -12.000000000 -0.001976091 0.048556726
1776612764.259865761 0.544641793 0.290642560 0.178217888 0.081598960 0.986254096 0.142985761 -0.014125325 -2.291966677 5.376543522 -16.421104431 0.000000000 0.000000000 -12.000000000 -0.002064731 0.048619863
1776612764.264847994 0.544311464 0.290906161 0.178319693 0.081258468 0.986301482 0.142905042 -0.013586468 -2.319451332 5.342527390 -16.417367935 0.000000000 0.000000000 -12.000000000 -0.002152947 0.048683200
1776612764.269857883 0.543985605 0.291166127 0.178434610 0.080926694 0.986350000 0.142808810 -0.013047534 -2.346633673 5.305780888 -16.413900375 0.000000000 0.000000000 -12.000000000 -0.002241301 0.048747271
1776612764.274870872 0.543651342 0.291408002 0.178544700 0.080628991 0.986397922 0.142693415 -0.012517612 -2.373528719 5.266267300 -16.410480499 0.000000000 0.000000000 -12.000000000 -0.002328869 0.048813064
1776612764.279668808 0.543304682 0.291646510 0.178653002 0.080326013 0.986448169 0.142561033 -0.012006358 -2.400151730 5.223959446 -16.406852722 0.000000000 0.000000000 -12.000000000 -0.002416215 0.048880920
1776612764.284855366 0.542922497 0.291901797 0.178754032 0.080015227 0.986500442 0.142413080 -0.011532865 -2.426514626 5.178840160 -16.402715683 0.000000000 0.000000000 -12.000000000 -0.002503156 0.048951004
1776612764.289546251 0.542551875 0.292195708 0.178880274 0.079712592 0.986550510 0.142274827 -0.011041033 -2.452622652 5.130900860 -16.397735596 0.000000000 0.000000000 -12.000000000 -0.002589834 0.049022384
1776612764.294752121 0.542141259 0.292490244 0.179002166 0.079405956 0.986602604 0.142118543 -0.010595504 -2.478471279 5.080143929 -16.391534805 0.000000000 0.000000000 -12.000000000 -0.002676219 0.049096040
1776612764.299491167 0.541683018 0.292788088 0.179115772 0.079078801 0.986659586 0.141934469 -0.010198013 -2.504046202 5.026583195 -16.383699417 0.000000000 0.000000000 -12.000000000 -0.002762276 0.049172685
1776612764.304576397 0.541217327 0.293098629 0.179255307 0.078763604 0.986716568 0.141741037 -0.009807292 -2.529324055 4.970245361 -16.373777390 0.000000000 0.000000000 -12.000000000 -0.002848010 0.049252536
1776612764.309518576 0.540769935 0.293397993 0.179429084 0.078460619 0.986772895 0.141543925 -0.009409469 -2.554273605 4.911169529 -16.361276627 0.000000000 0.000000000 -12.000000000 -0.002932522 0.049336094
1776612764.314525843 0.540343702 0.293724328 0.179630876 0.078174889 0.986826122 0.141358286 -0.008986427 -2.578857422 4.849411964 -16.345670700 0.000000000 0.000000000 -12.000000000 -0.003016551 0.049422827
1776612764.319538832 0.539896548 0.294057280 0.179838032 0.077903248 0.986878991 0.141163051 -0.008596885 -2.603028297 4.785043716 -16.326400757 0.000000000 0.000000000 -12.000000000 -0.003099563 0.049513306
1776612764.324637175 0.539423585 0.294403076 0.180053234 0.077626087 0.986933410 0.140956670 -0.008237234 -2.626726866 4.718153000 -16.302873611 0.000000000 0.000000000 -12.000000000 -0.003182657 0.049608268
1776612764.329496622 0.538965225 0.294771403 0.180268407 0.077363029 0.986985981 0.140754089 -0.007870779 -2.649878025 4.648844719 -16.274477005 0.000000000 0.000000000 -12.000000000 -0.003265053 0.049707323
1776612764.334515572 0.538492978 0.295160383 0.180489153 0.077103995 0.987038314 0.140548095 -0.007518177 -2.672391176 4.577239037 -16.240568161 0.000000000 0.000000000 -12.000000000 -0.003346642 0.049810711
1776612764.339529753 0.538002193 0.295563638 0.180714518 0.076841556 0.987091959 0.140332252 -0.007190061 -2.694159985 4.503469944 -16.200496674 0.000000000 0.000000000 -12.000000000 -0.003427316 0.049918879
1776612764.344495535 0.537528932 0.295985967 0.180938691 0.076588064 0.987144887 0.140115649 -0.006843371 -2.715061903 4.427682400 -16.153596878 0.000000000 0.000000000 -12.000000000 -0.003506992 0.050031871
1776612764.349530697 0.537027001 0.296439201 0.181161404 0.076318286 0.987198472 0.139900237 -0.006527526 -2.734957933 4.350033760 -16.099195480 0.000000000 0.000000000 -12.000000000 -0.003585510 0.050150055
1776612764.354846239 0.536526561 0.296929955 0.181401134 0.076028235 0.987251520 0.139697865 -0.006215601 -2.753690004 4.270692348 -16.036624908 0.000000000 0.000000000 -12.000000000 -0.003662390 0.050273307
1776612764.359496832 0.535560608 0.297961056 0.181901753 0.075412370 0.987360835 0.139286399 -0.005560128 -2.771082163 4.189840794 -15.965224266 0.000000000 0.000000000 -12.000000000 -0.003737628 0.050406761
1776612764.364634037 0.535560608 0.297961056 0.181901753 0.075412370 0.987360835 0.139286399 -0.005560128 -2.786941051 4.107675076 -15.884354591 0.000000000 0.000000000 -12.000000000 -0.003811263 0.050540105
1776612764.369498253 0.535089493 0.298495889 0.182148874 0.075090475 0.987417102 0.139074013 -0.005225961 -2.801059723 4.024400711 -15.793398857 0.000000000 0.000000000 -12.000000000 -0.003883130 0.050679252
1776612764.374570131 0.534634233 0.299052715 0.182408839 0.074761912 0.987472773 0.138868287 -0.004879985 -2.813218355 3.940233707 -15.691776276 0.000000000 0.000000000 -12.000000000 -0.003952276 0.050823353
1776612764.379528284 0.534173310 0.299620420 0.182670623 0.074429512 0.987529397 0.138655066 -0.004544960 -2.823188305 3.855397224 -15.578944206 0.000000000 0.000000000 -12.000000000 -0.004019299 0.050973814
1776612764.384581327 0.533749700 0.300203294 0.182949364 0.074087553 0.987586021 0.138446942 -0.004169250 -2.830732584 3.770118952 -15.454409599 0.000000000 0.000000000 -12.000000000 -0.004084009 0.051130190
1776612764.389862299 0.533356965 0.300810367 0.183248848 0.073755316 0.987639248 0.138255894 -0.003763106 -2.835607290 3.684631586 -15.317730904 0.000000000 0.000000000 -12.000000000 -0.004146878 0.051292889
1776612764.394589901 0.532975137 0.301443428 0.183559597 0.073430881 0.987689853 0.138077661 -0.003352707 -2.837562561 3.599169731 -15.168529510 0.000000000 0.000000000 -12.000000000 -0.004207033 0.051461559
1776612764.399787903 0.532645166 0.302102238 0.183886021 0.073118359 0.987736404 0.137920856 -0.002892861 -2.836344481 3.513971329 -15.006490707 0.000000000 0.000000000 -12.000000000 -0.004264863 0.051636241
1776612764.404808283 0.532342970 0.302768648 0.184208304 0.072840288 0.987779319 0.137769476 -0.002416526 -2.831695557 3.429274797 -14.831373215 0.000000000 0.000000000 -12.000000000 -0.004320732 0.051817652
1776612764.409772873 0.532065332 0.303443432 0.184527844 0.072590239 0.987819314 0.137622446 -0.001927994 -2.823359489 3.345317602 -14.643008232 0.000000000 0.000000000 -12.000000000 -0.004371970 0.052002627
1776612764.414812565 0.531819284 0.304119021 0.184844881 0.072367497 0.987856805 0.137476951 -0.001418098 -2.811084986 3.262333393 -14.441306114 0.000000000 0.000000000 -12.000000000 -0.004418663 0.052190933
1776612764.419841290 0.531613469 0.304786682 0.185167015 0.072174102 0.987892091 0.137329370 -0.000879673 -2.794633627 3.180550814 -14.226259232 0.000000000 0.000000000 -12.000000000 -0.004460647 0.052382659
1776612764.424772024 0.531456351 0.305441916 0.185494035 0.071992345 0.987926662 0.137178302 -0.000307331 -2.773785353 3.100195408 -13.997941971 0.000000000 0.000000000 -12.000000000 -0.004499351 0.052580610
1776612764.429620504 0.531307340 0.306109816 0.185836524 0.071802549 0.987960637 0.137033373 0.000258612 -2.748345137 3.021490335 -13.756519318 0.000000000 0.000000000 -12.000000000 -0.004534202 0.052783243
1776612764.434497356 0.531218171 0.306804597 0.186192155 0.071606494 0.987991452 0.136911169 0.000876842 -2.718148232 2.944658279 -13.502237320 0.000000000 0.000000000 -12.000000000 -0.004564707 0.052990071
1776612764.439517975 0.531205654 0.307515442 0.186567843 0.071412154 0.988017797 0.136816040 0.001570597 -2.683058739 2.869921446 -13.235431671 0.000000000 0.000000000 -12.000000000 -0.004590678 0.053200305
1776612764.445602179 0.531213284 0.308228016 0.186930329 0.071223661 0.988042831 0.136723816 0.002271307 -2.642968655 2.797497988 -12.956520081 0.000000000 0.000000000 -12.000000000 -0.004612306 0.053414613
1776612764.449512959 0.531213284 0.308228016 0.186930329 0.071223661 0.988042831 0.136723816 0.002271307 -2.597794056 2.727596998 -12.666003227 0.000000000 0.000000000 -12.000000000 -0.004629043 0.053629097
1776612764.454826593 0.531320274 0.309632897 0.187610984 0.070857100 0.988092780 0.136521041 0.003726005 -2.547477007 2.660416603 -12.364456177 0.000000000 0.000000000 -12.000000000 -0.004641714 0.053852044
1776612764.459802389 0.531637132 0.311067700 0.188278884 0.070513688 0.988130093 0.136375174 0.005347398 -2.491984844 2.596139669 -12.052530289 0.000000000 0.000000000 -12.000000000 -0.004648919 0.054079529
1776612764.464772463 0.531889498 0.311790645 0.188624740 0.070356034 0.988143086 0.136323959 0.006245203 -2.431310415 2.534933805 -11.730946541 0.000000000 0.000000000 -12.000000000 -0.004651271 0.054310661
1776612764.469788074 0.531889498 0.311790645 0.188624740 0.070356034 0.988143086 0.136323959 0.006245203 -2.365472794 2.476948738 -11.400493622 0.000000000 0.000000000 -12.000000000 -0.004648151 0.054542046
1776612764.474805117 0.532161653 0.312491059 0.188959599 0.070214927 0.988155603 0.136262327 0.007141172 -2.294516087 2.422315359 -11.062022209 0.000000000 0.000000000 -12.000000000 -0.004639082 0.054774784
1776612764.479839325 0.532451332 0.313201755 0.189275086 0.070088767 0.988164425 0.136213124 0.008035335 -2.218513250 2.371142864 -10.716443062 0.000000000 0.000000000 -12.000000000 -0.004624348 0.055010326
1776612764.484875679 0.532782078 0.313936979 0.189595342 0.069957912 0.988169312 0.136187285 0.008965362 -2.137570620 2.323519945 -10.364712715 0.000000000 0.000000000 -12.000000000 -0.004603747 0.055247333
1776612764.489834547 0.533115268 0.314686418 0.189922422 0.069843747 0.988168955 0.136184499 0.009886160 -2.051833630 2.279514790 -10.007832527 0.000000000 0.000000000 -12.000000000 -0.004577321 0.055487160
1776612764.494772673 0.533485770 0.315457582 0.190267593 0.069726273 0.988164425 0.136205301 0.010838633 -1.961490154 2.239175797 -9.646837234 0.000000000 0.000000000 -12.000000000 -0.004545069 0.055730525
1776612764.499538183 0.533895791 0.316225439 0.190600693 0.069619514 0.988157153 0.136231780 0.011811423 -1.866769433 2.202532053 -9.282789230 0.000000000 0.000000000 -12.000000000 -0.004506593 0.055976488
1776612764.505211115 0.534278989 0.316975176 0.190896660 0.069510236 0.988153279 0.136233777 0.012719751 -1.767938137 2.169594765 -8.916772842 0.000000000 0.000000000 -12.000000000 -0.004461878 0.056221753
1776612764.509485006 0.534685910 0.317725003 0.191176593 0.069416970 0.988146722 0.136241421 0.013625705 -1.665295482 2.140357256 -8.549884796 0.000000000 0.000000000 -12.000000000 -0.004411989 0.056474924
1776612764.514520168 0.535143673 0.318459064 0.191455603 0.069364525 0.988134563 0.136260465 0.014550756 -1.559168816 2.114799023 -8.183227539 0.000000000 0.000000000 -12.000000000 -0.004356419 0.056732029
1776612764.519804001 0.535659075 0.319186926 0.191744030 0.069326162 0.988118291 0.136292160 0.015508613 -1.449910045 2.092885971 -7.817895412 0.000000000 0.000000000 -12.000000000 -0.004294779 0.056990955
1776612764.524521589 0.536206961 0.319910854 0.192033082 0.069302350 0.988099992 0.136324137 0.016470633 -1.337889791 2.074572563 -7.454967976 0.000000000 0.000000000 -12.000000000 -0.004227198 0.057252191
1776612764.529710054 0.536873281 0.320637912 0.192342132 0.069320180 0.988070488 0.136396706 0.017532742 -1.223489761 2.059799910 -7.095501423 0.000000000 0.000000000 -12.000000000 -0.004153968 0.057514463
1776612764.534587622 0.537487388 0.321322203 0.192609608 0.069344364 0.988046885 0.136426270 0.018508390 -1.107093453 2.048496246 -6.740519047 0.000000000 0.000000000 -12.000000000 -0.004075178 0.057778858
1776612764.539491892 0.538097441 0.321991712 0.192843497 0.069376841 0.988024950 0.136437088 0.019454904 -0.989082575 2.040575743 -6.391002655 0.000000000 0.000000000 -12.000000000 -0.003990876 0.058045816
1776612764.544796228 0.538762927 0.322656870 0.193078250 0.069410756 0.988000572 0.136452302 0.020438412 -0.869839787 2.035942554 -6.047882557 0.000000000 0.000000000 -12.000000000 -0.003901444 0.058318973
1776612764.549604177 0.539440870 0.323331237 0.193309456 0.069427826 0.987975776 0.136473358 0.021416089 -0.749752820 2.034494638 -5.712030888 0.000000000 0.000000000 -12.000000000 -0.003806707 0.058594849
1776612764.554797411 0.540817976 0.324610054 0.193735421 0.069428153 0.987936318 0.136445835 0.023326447 -0.629217446 2.036126852 -5.384259224 0.000000000 0.000000000 -12.000000000 -0.003706159 0.058871962
1776612764.559566498 0.540817976 0.324610054 0.193735421 0.069428153 0.987936318 0.136445835 0.023326447 -0.508636534 2.040734053 -5.065312386 0.000000000 0.000000000 -12.000000000 -0.003600641 0.059149545
1776612764.564839125 0.541478813 0.325171858 0.193917394 0.069425739 0.987926662 0.136364833 0.024199301 -0.388417542 2.048211336 -4.755870819 0.000000000 0.000000000 -12.000000000 -0.003490132 0.059429355
1776612764.569621563 0.542082071 0.325681984 0.194052875 0.069437250 0.987924576 0.136236727 0.024962131 -0.268973708 2.058457613 -4.456543922 0.000000000 0.000000000 -12.000000000 -0.003374670 0.059708402
1776612764.574495316 0.542700231 0.326175153 0.194185466 0.069451444 0.987923503 0.136099920 0.025698392 -0.150728583 2.071380138 -4.167871475 0.000000000 0.000000000 -12.000000000 -0.003254586 0.059989631
1776612764.579547644 0.543393791 0.326601237 0.194324642 0.069489367 0.987924039 0.135930181 0.026464090 -0.034116555 2.086895466 -3.890325069 0.000000000 0.000000000 -12.000000000 -0.003130238 0.060269974
1776612764.584589481 0.544078648 0.326954246 0.194449037 0.069557644 0.987930954 0.135705024 0.027172027 0.080421783 2.104930639 -3.624309540 0.000000000 0.000000000 -12.000000000 -0.003001818 0.060548563
1776612764.589598894 0.544703722 0.327263772 0.194523156 0.069610819 0.987949371 0.135420382 0.027778544 0.192446947 2.125419378 -3.370165586 0.000000000 0.000000000 -12.000000000 -0.002869409 0.060826737
1776612764.594549417 0.545331657 0.327552319 0.194571823 0.069650456 0.987973690 0.135102764 0.028356189 0.301528335 2.148302555 -3.128166676 0.000000000 0.000000000 -12.000000000 -0.002732803 0.061106339
1776612764.599497795 0.545942128 0.327808499 0.194593579 0.069679826 0.988005579 0.134742096 0.028883791 0.407250553 2.173526764 -2.898521423 0.000000000 0.000000000 -12.000000000 -0.002592469 0.061384019
1776612764.604497910 0.546552718 0.328043520 0.194582254 0.069680512 0.988044679 0.134346619 0.029383244 0.509219050 2.201042891 -2.681374550 0.000000000 0.000000000 -12.000000000 -0.002448804 0.061659817
1776612764.609884262 0.547194779 0.328260303 0.194584161 0.069662161 0.988087475 0.133928478 0.029890733 0.607067466 2.230806112 -2.476812840 0.000000000 0.000000000 -12.000000000 -0.002301549 0.061935276
1776612764.614738703 0.547855735 0.328466564 0.194582582 0.069644697 0.988131166 0.133502305 0.030389313 0.700464964 2.262771845 -2.284869194 0.000000000 0.000000000 -12.000000000 -0.002151348 0.062208537
1776612764.619864702 0.548484385 0.328619808 0.194535583 0.069627531 0.988182962 0.133026749 0.030826921 0.789120972 2.296891928 -2.105529785 0.000000000 0.000000000 -12.000000000 -0.001998409 0.062479425
1776612764.624586582 0.549138069 0.328727782 0.194482595 0.069625467 0.988237560 0.132522032 0.031252760 0.872786880 2.333111286 -1.938739300 0.000000000 0.000000000 -12.000000000 -0.001842940 0.062746949
1776612764.629763603 0.549789190 0.328778058 0.194413185 0.069650017 0.988295674 0.131982788 0.031639185 0.951257706 2.371364355 -1.784408212 0.000000000 0.000000000 -12.000000000 -0.001685148 0.063010335
1776612764.634829283 0.550370693 0.328774780 0.194295287 0.069697320 0.988362968 0.131389633 0.031901356 1.024374723 2.411576271 -1.642417550 0.000000000 0.000000000 -12.000000000 -0.001525234 0.063269354
1776612764.639857769 0.550914943 0.328734726 0.194165766 0.069752872 0.988435626 0.130766243 0.032090247 1.092024684 2.453663111 -1.512626171 0.000000000 0.000000000 -12.000000000 -0.001363132 0.063524179
1776612764.644875288 0.551448524 0.328680545 0.194037795 0.069833018 0.988508999 0.130134240 0.032223761 1.154136419 2.497534275 -1.394875646 0.000000000 0.000000000 -12.000000000 -0.001199300 0.063774474
1776612764.649508476 0.552404225 0.328503251 0.193764150 0.070051871 0.988665521 0.128810346 0.032266967 1.210678697 2.543092728 -1.288994908 0.000000000 0.000000000 -12.000000000 -0.001033935 0.064015493
1776612764.654885054 0.552404225 0.328503251 0.193764150 0.070051871 0.988665521 0.128810346 0.032266967 1.261657596 2.590235710 -1.194801450 0.000000000 0.000000000 -12.000000000 -0.000867227 0.064257048
1776612764.659506083 0.552843988 0.328365207 0.193606704 0.070198320 0.988747835 0.128118053 0.032182686 1.307116866 2.638854504 -1.112103820 0.000000000 0.000000000 -12.000000000 -0.000699366 0.064492546
1776612764.664866686 0.553304911 0.328212053 0.193460554 0.070376806 0.988827944 0.127426431 0.032076355 1.347136378 2.688831568 -1.040703416 0.000000000 0.000000000 -12.000000000 -0.000530537 0.064722389
1776612764.669717789 0.553774714 0.328039110 0.193323463 0.070570610 0.988906860 0.126738071 0.031944323 1.381832242 2.740042686 -0.980395794 0.000000000 0.000000000 -12.000000000 -0.000360919 0.064946249
1776612764.674993515 0.554262757 0.327840477 0.193189234 0.070805721 0.988981724 0.126059309 0.031791620 1.411355615 2.792356968 -0.930970967 0.000000000 0.000000000 -12.000000000 -0.000190692 0.065163516
1776612764.679794550 0.554713607 0.327614903 0.193032086 0.071040511 0.989060223 0.125365794 0.031568490 1.435892224 2.845638037 -0.892214179 0.000000000 0.000000000 -12.000000000 -0.000020266 0.065374196
1776612764.684922218 0.555156589 0.327350020 0.192852288 0.071304403 0.989139557 0.124655992 0.031297017 1.455662847 2.899743319 -0.863905728 0.000000000 0.000000000 -12.000000000 0.000150425 0.065577708
1776612764.689493656 0.555597425 0.327060521 0.192658722 0.071556881 0.989221036 0.123937741 0.030996308 1.470921397 2.954523802 -0.845821917 0.000000000 0.000000000 -12.000000000 0.000321214 0.065773845
1776612764.694825649 0.556051314 0.326767117 0.192462265 0.071811728 0.989300013 0.123235106 0.030685866 1.481952906 3.009825230 -0.837736845 0.000000000 0.000000000 -12.000000000 0.000491804 0.065962814
1776612764.699940920 0.556510985 0.326469094 0.192263424 0.072043262 0.989379704 0.122538023 0.030365290 1.489070773 3.065487862 -0.839425206 0.000000000 0.000000000 -12.000000000 0.000662172 0.066144876
1776612764.704987526 0.557050169 0.326181173 0.192110658 0.072251536 0.989452958 0.121882722 0.030118745 1.492614031 3.121348143 -0.850666583 0.000000000 0.000000000 -12.000000000 0.000832033 0.066320240
1776612764.709812641 0.557637632 0.325896591 0.191992283 0.072442591 0.989522338 0.121254459 0.029915219 1.492945075 3.177239418 -0.871248186 0.000000000 0.000000000 -12.000000000 0.001001142 0.066487998
1776612764.714800596 0.558222413 0.325626105 0.191881388 0.072603390 0.989591062 0.120646395 0.029710786 1.490446925 3.232993841 -0.900966108 0.000000000 0.000000000 -12.000000000 0.001169583 0.066650569
1776612764.719767094 0.559302509 0.325045168 0.191594839 0.072874568 0.989734173 0.119436376 0.029164547 1.485522389 3.288441181 -0.939625502 0.000000000 0.000000000 -12.000000000 0.001336668 0.066803895
1776612764.724628687 0.559302509 0.325045168 0.191594839 0.072874568 0.989734173 0.119436376 0.029164547 1.478592753 3.343408585 -0.987039626 0.000000000 0.000000000 -12.000000000 0.001502796 0.066957802
1776612764.729843855 0.559856415 0.324729025 0.191446602 0.073029600 0.989802301 0.118845366 0.028875917 1.470094085 3.397720814 -1.043030143 0.000000000 0.000000000 -12.000000000 0.001667831 0.067106448
1776612764.734502792 0.560513496 0.324372411 0.191323131 0.073225535 0.989861310 0.118280403 0.028677482 1.460472107 3.451200485 -1.107427597 0.000000000 0.000000000 -12.000000000 0.001831640 0.067248441
1776612764.739828587 0.561208129 0.324015319 0.191227376 0.073418319 0.989916682 0.117735438 0.028515175 1.450177312 3.503670454 -1.180072069 0.000000000 0.000000000 -12.000000000 0.001994093 0.067384541
1776612764.744714022 0.561922610 0.323698342 0.191155583 0.073614359 0.989965260 0.117238902 0.028367165 1.439661860 3.554956436 -1.260812521 0.000000000 0.000000000 -12.000000000 0.002155024 0.067516908
1776612764.749671221 0.562649608 0.323398620 0.191081733 0.073829599 0.990007579 0.116778888 0.028228398 1.429375291 3.604888439 -1.349502921 0.000000000 0.000000000 -12.000000000 0.002314641 0.067644849
1776612764.754574299 0.563359201 0.323089838 0.190970570 0.074062780 0.990048707 0.116321541 0.028064096 1.419760942 3.653302670 -1.445998907 0.000000000 0.000000000 -12.000000000 0.002472477 0.067770474
1776612764.759686947 0.564054251 0.322773784 0.190829694 0.074315555 0.990088463 0.115865633 0.027878221 1.411251068 3.700042963 -1.550154328 0.000000000 0.000000000 -12.000000000 0.002628980 0.067893744
1776612764.764599323 0.564745665 0.322446644 0.190676332 0.074588820 0.990126550 0.115413204 0.027671034 1.404262424 3.744959354 -1.661821604 0.000000000 0.000000000 -12.000000000 0.002783516 0.068014666
1776612764.769829988 0.565436244 0.322099417 0.190512180 0.074893281 0.990161240 0.114971280 0.027447544 1.399189472 3.787910223 -1.780849934 0.000000000 0.000000000 -12.000000000 0.002935973 0.068132982
1776612764.774574280 0.566176355 0.321722686 0.190364301 0.075223178 0.990191340 0.114539243 0.027265195 1.396397591 3.828764200 -1.907084465 0.000000000 0.000000000 -12.000000000 0.003086242 0.068248540
1776612764.779794455 0.566963077 0.321336746 0.190253943 0.075578682 0.990214467 0.114136726 0.027129130 1.396217585 3.867403030 -2.040365696 0.000000000 0.000000000 -12.000000000 0.003234971 0.068361491
1776612764.784572601 0.567715466 0.320939064 0.190145105 0.075933814 0.990238488 0.113735467 0.026945749 1.398943901 3.903724909 -2.180529118 0.000000000 0.000000000 -12.000000000 0.003381676 0.068471141
1776612764.789666653 0.568431616 0.320527673 0.190027475 0.076275803 0.990263939 0.113334544 0.026732398 1.404833078 3.937647104 -2.327406883 0.000000000 0.000000000 -12.000000000 0.003526361 0.068579391
1776612764.794554472 0.569091499 0.320100367 0.189888120 0.076617405 0.990292430 0.112919874 0.026454117 1.414105058 3.969106913 -2.480828762 0.000000000 0.000000000 -12.000000000 0.003667841 0.068687074
1776612764.799616337 0.569683492 0.319669485 0.189723045 0.076952435 0.990324557 0.112490684 0.026104342 1.426941276 3.998063803 -2.640624046 0.000000000 0.000000000 -12.000000000 0.003806466 0.068794154
1776612764.804812193 0.570223808 0.319233328 0.189534783 0.077273928 0.990361094 0.112042509 0.025693739 1.443484545 4.024500370 -2.806621790 0.000000000 0.000000000 -12.000000000 0.003941713 0.068900853
1776612764.809485912 0.570799172 0.318774581 0.189358860 0.077607661 0.990395486 0.111590341 0.025326215 1.463835597 4.048423767 -2.978653431 0.000000000 0.000000000 -12.000000000 0.004074710 0.069006622
1776612764.814728737 0.571386278 0.318304896 0.189196914 0.077956811 0.990427971 0.111139178 0.024964472 1.488051534 4.069865227 -3.156551123 0.000000000 0.000000000 -12.000000000 0.004203524 0.069112547
1776612764.819611311 0.571957588 0.317826599 0.189063221 0.078321956 0.990457892 0.110700153 0.024583137 1.516144633 4.088884354 -3.340148687 0.000000000 0.000000000 -12.000000000 0.004329071 0.069218047
1776612764.824607611 0.572521627 0.317333460 0.188933223 0.078689434 0.990487218 0.110261820 0.024194373 1.548084617 4.105564594 -3.529279709 0.000000000 0.000000000 -12.000000000 0.004451754 0.069322914
1776612764.830088139 0.573068380 0.316802979 0.188798785 0.079060674 0.990517497 0.109811932 0.023787906 1.583801627 4.120017529 -3.723773479 0.000000000 0.000000000 -12.000000000 0.004571088 0.069426917
1776612764.834723711 0.573573828 0.316237211 0.188636482 0.079424590 0.990551949 0.109336503 0.023325741 1.623191237 4.132374287 -3.923452377 0.000000000 0.000000000 -12.000000000 0.004687238 0.069529757
1776612764.839828014 0.574078262 0.315674692 0.188467741 0.079770572 0.990585744 0.108874992 0.022863314 1.666118860 4.142785072 -4.128129482 0.000000000 0.000000000 -12.000000000 0.004800031 0.069631316
1776612764.845191956 0.574614108 0.315137506 0.188316613 0.080085561 0.990616798 0.108447880 0.022443751 1.712425232 4.151412487 -4.337607861 0.000000000 0.000000000 -12.000000000 0.004910144 0.069732323
1776612764.849796772 0.575143814 0.314602643 0.188169777 0.080358513 0.990650237 0.108023733 0.022033926 1.761930346 4.158429623 -4.551680565 0.000000000 0.000000000 -12.000000000 0.005016803 0.069833957
1776612764.854657173 0.575703323 0.314120561 0.188066483 0.080584735 0.990680218 0.107651651 0.021678049 1.814434767 4.164017200 -4.770126343 0.000000000 0.000000000 -12.000000000 0.005119936 0.069937766
1776612764.859778404 0.576281309 0.313669384 0.187989861 0.080781564 0.990706801 0.107323751 0.021354537 1.869720697 4.168364525 -4.992704391 0.000000000 0.000000000 -12.000000000 0.005218691 0.070046142
1776612764.864524364 0.576847076 0.313216984 0.187907606 0.080968328 0.990732849 0.107007392 0.021023929 1.927551389 4.171662807 -5.219155312 0.000000000 0.000000000 -12.000000000 0.005313564 0.070158735
1776612764.870017767 0.577384770 0.312726110 0.187807351 0.081179462 0.990758836 0.106676526 0.020661386 1.987673044 4.174103260 -5.449197292 0.000000000 0.000000000 -12.000000000 0.005404174 0.070274666
1776612764.874571562 0.577918708 0.312195659 0.187687308 0.081409171 0.990784287 0.106336646 0.020285860 2.049818754 4.175873280 -5.682528496 0.000000000 0.000000000 -12.000000000 0.005491034 0.070392281
1776612764.879858017 0.578437448 0.311647713 0.187551469 0.081647463 0.990809083 0.105995826 0.019898821 2.113712788 4.177153111 -5.918827057 0.000000000 0.000000000 -12.000000000 0.005574022 0.070511147
1776612764.884575367 0.578960896 0.311119229 0.187425077 0.081898518 0.990829349 0.105681933 0.019524341 2.179072380 4.178115845 -6.157751560 0.000000000 0.000000000 -12.000000000 0.005651912 0.070633411
1776612764.889894962 0.579451621 0.310605615 0.187300056 0.082169808 0.990845799 0.105389602 0.019124171 2.245613337 4.178924561 -6.398943424 0.000000000 0.000000000 -12.000000000 0.005724063 0.070759848
1776612764.894983768 0.579909980 0.310110807 0.187186480 0.082464643 0.990857601 0.105127461 0.018680491 2.313053846 4.179729939 -6.642028332 0.000000000 0.000000000 -12.000000000 0.005791944 0.070889510
1776612764.899815798 0.580356002 0.309635222 0.187088281 0.082755186 0.990866363 0.104895934 0.018228695 2.381111622 4.180670261 -6.886617184 0.000000000 0.000000000 -12.000000000 0.005854614 0.071023613
1776612764.905079603 0.580818713 0.309199929 0.187004358 0.083051071 0.990869522 0.104705431 0.017801918 2.449500084 4.181872845 -7.132308006 0.000000000 0.000000000 -12.000000000 0.005913399 0.071162306
1776612764.909882307 0.581203163 0.308806211 0.186913103 0.083372705 0.990867138 0.104557246 0.017293282 2.517922163 4.183451653 -7.378685474 0.000000000 0.000000000 -12.000000000 0.005966371 0.071306489
1776612764.914776087 0.581522882 0.308448792 0.186811149 0.083735436 0.990856469 0.104466788 0.016689762 2.586069822 4.185508251 -7.625322819 0.000000000 0.000000000 -12.000000000 0.006013841 0.071454994
1776612764.919562817 0.581810832 0.308095813 0.186702818 0.084142335 0.990837336 0.104423456 0.016035391 2.653624058 4.188125134 -7.871786594 0.000000000 0.000000000 -12.000000000 0.006056358 0.071606047
1776612764.924763441 0.582068801 0.307747632 0.186576903 0.084572643 0.990812182 0.104421601 0.015323694 2.720256329 4.191365242 -8.117641449 0.000000000 0.000000000 -12.000000000 0.006094580 0.071758009
1776612764.929569006 0.582318962 0.307406247 0.186451167 0.085058868 0.990775466 0.104481854 0.014578913 2.785630703 4.195269585 -8.362454414 0.000000000 0.000000000 -12.000000000 0.006128123 0.071910203
1776612764.935283422 0.582565904 0.307087004 0.186331600 0.085585557 0.990728676 0.104599014 0.013816693 2.849406242 4.199857235 -8.605804443 0.000000000 0.000000000 -12.000000000 0.006157436 0.072062723
1776612764.939604282 0.582784593 0.306839943 0.186229527 0.086102076 0.990673661 0.104795791 0.013036988 2.911244869 4.205130577 -8.847279549 0.000000000 0.000000000 -12.000000000 0.006183078 0.072216414
1776612764.944485426 0.582971334 0.306644768 0.186140448 0.086579926 0.990614116 0.105063058 0.012222509 2.970820665 4.211073399 -9.086487770 0.000000000 0.000000000 -12.000000000 0.006204870 0.072371848
1776612764.949483395 0.583156466 0.306493044 0.186069310 0.087016493 0.990551293 0.105384283 0.011421779 3.027827024 4.217657089 -9.323060989 0.000000000 0.000000000 -12.000000000 0.006223092 0.072529405
1776612764.954537630 0.583333313 0.306393415 0.186008483 0.087431073 0.990482748 0.105767682 0.010626812 3.081983328 4.224839687 -9.556659698 0.000000000 0.000000000 -12.000000000 0.006237781 0.072689585
1776612764.959526777 0.583472729 0.306301147 0.185930908 0.087793499 0.990415514 0.106176078 0.009799468 3.133038044 4.232570171 -9.786973953 0.000000000 0.000000000 -12.000000000 0.006248978 0.072851218
1776612764.964559555 0.583588660 0.306224704 0.185842961 0.088137388 0.990345657 0.106616452 0.008953976 3.180772066 4.240789413 -10.013728142 0.000000000 0.000000000 -12.000000000 0.006256731 0.073013708
1776612764.969551563 0.583689153 0.306140780 0.185749859 0.088454194 0.990275323 0.107075371 0.008092869 3.225000143 4.249433517 -10.236681938 0.000000000 0.000000000 -12.000000000 0.006260003 0.073176384
1776612764.974514723 0.583753705 0.306061924 0.185647100 0.088736393 0.990205586 0.107549526 0.007202602 3.265573025 4.258436203 -10.455631256 0.000000000 0.000000000 -12.000000000 0.006261175 0.073337853
1776612764.979532242 0.583804727 0.305976778 0.185549706 0.088997744 0.990134537 0.108043119 0.006302800 3.302378654 4.267732143 -10.670410156 0.000000000 0.000000000 -12.000000000 0.006260095 0.073497668
1776612764.984705687 0.583874643 0.305876374 0.185479760 0.089253061 0.990060627 0.108555377 0.005435152 3.335343361 4.277259350 -10.880896568 0.000000000 0.000000000 -12.000000000 0.006254983 0.073656544
1776612764.989583731 0.583944082 0.305769444 0.185421109 0.089491516 0.989985526 0.109082282 0.004576525 3.364431858 4.286959648 -11.087006569 0.000000000 0.000000000 -12.000000000 0.006246716 0.073814213
1776612764.994612455 0.583990693 0.305677563 0.185364068 0.089723587 0.989906907 0.109637007 0.003706523 3.389647007 4.296786308 -11.288699150 0.000000000 0.000000000 -12.000000000 0.006236120 0.073970400
1776612764.999918699 0.584011853 0.305593729 0.185289681 0.089946561 0.989827037 0.110200442 0.002817679 3.411024809 4.306703568 -11.485966682 0.000000000 0.000000000 -12.000000000 0.006223336 0.074124709
1776612765.004979134 0.584040344 0.305515379 0.185203105 0.090164706 0.989744842 0.110777535 0.001944191 3.428628922 4.316692352 -11.678834915 0.000000000 0.000000000 -12.000000000 0.006207563 0.074277684
1776612765.009747744 0.584058762 0.305434555 0.185106456 0.090396501 0.989659131 0.111364961 0.001064941 3.442544460 4.326750755 -11.867359161 0.000000000 0.000000000 -12.000000000 0.006187993 0.074429110
1776612765.014626980 0.584079862 0.305345476 0.185002983 0.090639129 0.989570379 0.111959957 0.000199820 3.452872515 4.336898327 -12.051621437 0.000000000 0.000000000 -12.000000000 0.006165315 0.074578688
1776612765.019500732 0.584092438 0.305233657 0.184899956 0.090897806 0.989478648 0.112557180 -0.000661503 3.459725857 4.347177982 -12.231721878 0.000000000 0.000000000 -12.000000000 0.006139828 0.074725725
1776612765.024607658 0.584110558 0.305111825 0.184794813 0.091186598 0.989381731 0.113165870 -0.001510825 3.463226318 4.357656956 -12.407773018 0.000000000 0.000000000 -12.000000000 0.006111586 0.074870236
1776612765.029502153 0.584106207 0.304966867 0.184670091 0.091486998 0.989283323 0.113767482 -0.002374426 3.463501453 4.368426323 -12.579897881 0.000000000 0.000000000 -12.000000000 0.006080644 0.075011447
1776612765.034503460 0.584127963 0.304813415 0.184551984 0.091807254 0.989179969 0.114385881 -0.003205813 3.460681915 4.379603386 -12.748228073 0.000000000 0.000000000 -12.000000000 0.006047579 0.075149767
1776612765.039582014 0.584159493 0.304667234 0.184424520 0.092147298 0.989071190 0.115025841 -0.004010579 3.454899311 4.391326427 -12.912899017 0.000000000 0.000000000 -12.000000000 0.006011913 0.075285487
1776612765.044497728 0.584189236 0.304525822 0.184292257 0.092480287 0.988960981 0.115674175 -0.004797506 3.446283102 4.403754711 -13.074049950 0.000000000 0.000000000 -12.000000000 0.005973315 0.075418971
1776612765.049542665 0.584212303 0.304402739 0.184161574 0.092798486 0.988849342 0.116337590 -0.005566282 3.434961557 4.417060852 -13.231817245 0.000000000 0.000000000 -12.000000000 0.005932200 0.075550877
1776612765.054495335 0.584207594 0.304304928 0.184027731 0.093101129 0.988735735 0.117019497 -0.006342484 3.421061039 4.431428432 -13.386331558 0.000000000 0.000000000 -12.000000000 0.005889492 0.075681426
1776612765.059493542 0.584179282 0.304217637 0.183888018 0.093385100 0.988620937 0.117716268 -0.007123914 3.404702902 4.447049618 -13.537723541 0.000000000 0.000000000 -12.000000000 0.005843853 0.075810455
1776612765.064679146 0.584152997 0.304115891 0.183755487 0.093664363 0.988505542 0.118412182 -0.007892675 3.386001110 4.464124680 -13.686132431 0.000000000 0.000000000 -12.000000000 0.005797987 0.075937770
1776612765.069842339 0.584159136 0.304012030 0.183626384 0.093959138 0.988384664 0.119135343 -0.008614539 3.365061998 4.482861519 -13.831708908 0.000000000 0.000000000 -12.000000000 0.005750493 0.076063409
1776612765.074574709 0.584140837 0.303889096 0.183493465 0.094264463 0.988260686 0.119863950 -0.009360498 3.341984034 4.503472328 -13.974612236 0.000000000 0.000000000 -12.000000000 0.005700621 0.076186545
1776612765.079898119 0.584090173 0.303752422 0.183373243 0.094551302 0.988137245 0.120591253 -0.010127981 3.316855907 4.526172638 -14.115015984 0.000000000 0.000000000 -12.000000000 0.005648394 0.076306835
1776612765.084575653 0.584035754 0.303620666 0.183260947 0.094838798 0.988010287 0.121337399 -0.010885629 3.289752960 4.551179886 -14.253093719 0.000000000 0.000000000 -12.000000000 0.005593828 0.076424472
1776612765.089807749 0.583968103 0.303474307 0.183152646 0.095112905 0.987883866 0.122079596 -0.011643263 3.260734081 4.578707695 -14.389026642 0.000000000 0.000000000 -12.000000000 0.005538323 0.076539271
1776612765.094527006 0.583879411 0.303313017 0.183060646 0.095359609 0.987759829 0.122812986 -0.012408964 3.229838371 4.608968735 -14.522995949 0.000000000 0.000000000 -12.000000000 0.005480420 0.076651148
1776612765.099921465 0.583784878 0.303136110 0.182975441 0.095602483 0.987634778 0.123548336 -0.013170848 3.197083473 4.642168522 -14.655183792 0.000000000 0.000000000 -12.000000000 0.005420205 0.076759852
1776612765.104517221 0.583564341 0.302784562 0.182824969 0.096028924 0.987385213 0.125033289 -0.014681696 3.162461996 4.678505421 -14.785776138 0.000000000 0.000000000 -12.000000000 0.005358387 0.076862574
1776612765.109488010 0.583564341 0.302784562 0.182824969 0.096028924 0.987385213 0.125033289 -0.014681696 3.125942230 4.718167305 -14.914956093 0.000000000 0.000000000 -12.000000000 0.005294258 0.076965392
1776612765.114849806 0.583415568 0.302593857 0.182768583 0.096212119 0.987263024 0.125762418 -0.015453186 3.087470293 4.761332035 -15.042905807 0.000000000 0.000000000 -12.000000000 0.005228052 0.077065147
1776612765.119802713 0.583271742 0.302396715 0.182719171 0.096379273 0.987141967 0.126487881 -0.016204864 3.046971798 4.808160305 -15.169799805 0.000000000 0.000000000 -12.000000000 0.005160286 0.077162042
1776612765.124599457 0.583098590 0.302171111 0.182664454 0.096544988 0.987023056 0.127186030 -0.016978959 3.004352570 4.858793259 -15.295807838 0.000000000 0.000000000 -12.000000000 0.005091094 0.077255309
1776612765.129509687 0.582893670 0.301908076 0.182598591 0.096715353 0.986906290 0.127850741 -0.017786011 2.959499359 4.913349152 -15.421086311 0.000000000 0.000000000 -12.000000000 0.005018533 0.077344164
1776612765.134487629 0.582706809 0.301628113 0.182555646 0.096896604 0.986788511 0.128510699 -0.018561479 2.912281752 4.971921921 -15.545776367 0.000000000 0.000000000 -12.000000000 0.004943494 0.077429056
1776612765.139492273 0.582528532 0.301326513 0.182530582 0.097088866 0.986670017 0.129162386 -0.019314514 2.862555265 5.034578323 -15.670000076 0.000000000 0.000000000 -12.000000000 0.004865998 0.077509992
1776612765.144531727 0.582312703 0.301010281 0.182509214 0.097272769 0.986553788 0.129791632 -0.020095170 2.810164928 5.101357937 -15.793857574 0.000000000 0.000000000 -12.000000000 0.004786758 0.077586666
1776612765.149575949 0.582066476 0.300684065 0.182481349 0.097444914 0.986440837 0.130392939 -0.020896148 2.754950523 5.172270775 -15.917421341 0.000000000 0.000000000 -12.000000000 0.004706064 0.077659026
1776612765.154798985 0.581785560 0.300342023 0.182446361 0.097609468 0.986330569 0.130967543 -0.021722957 2.696750879 5.247298241 -16.040735245 0.000000000 0.000000000 -12.000000000 0.004623349 0.077726901
1776612765.159896374 0.581501722 0.299977243 0.182406276 0.097781740 0.986221373 0.131521523 -0.022545030 2.635406494 5.326388359 -16.163806915 0.000000000 0.000000000 -12.000000000 0.004537822 0.077790342
1776612765.165036678 0.581192255 0.299585938 0.182359129 0.097946301 0.986115932 0.132042155 -0.023383753 2.570763588 5.409454346 -16.286609650 0.000000000 0.000000000 -12.000000000 0.004450307 0.077848569
1776612765.169757843 0.580839038 0.299173594 0.182301342 0.098102294 0.986013293 0.132532984 -0.024262683 2.502676249 5.496374130 -16.409082413 0.000000000 0.000000000 -12.000000000 0.004359670 0.077901669
1776612765.174565792 0.580462158 0.298753887 0.182240844 0.098249584 0.985913038 0.133002877 -0.025153665 2.431013107 5.586989403 -16.531116486 0.000000000 0.000000000 -12.000000000 0.004266963 0.077949196
1776612765.179804802 0.580059350 0.298316300 0.182176203 0.098384097 0.985816777 0.133441359 -0.026061859 2.355662346 5.681108952 -16.652570724 0.000000000 0.000000000 -12.000000000 0.004171561 0.077991545
1776612765.184496880 0.579634130 0.297863662 0.182111025 0.098507665 0.985722959 0.133859992 -0.026981523 2.276538849 5.778509617 -16.773263931 0.000000000 0.000000000 -12.000000000 0.004073521 0.078028463
1776612765.189740896 0.579198301 0.297371864 0.182039380 0.098631740 0.985633850 0.134235173 -0.027902607 2.193584919 5.878940105 -16.892969131 0.000000000 0.000000000 -12.000000000 0.003972925 0.078059621
1776612765.194711924 0.578727543 0.296855539 0.181960285 0.098754101 0.985546768 0.134583086 -0.028854582 2.106773853 5.982121944 -17.011423111 0.000000000 0.000000000 -12.000000000 0.003869687 0.078084424
1776612765.199676037 0.578235745 0.296318978 0.181861401 0.098881602 0.985460460 0.134910807 -0.029819259 2.016113758 6.087751865 -17.128326416 0.000000000 0.000000000 -12.000000000 0.003762486 0.078103162
1776612765.204740524 0.577726662 0.295760572 0.181758851 0.099016756 0.985375106 0.135215536 -0.030794246 1.921651006 6.195502281 -17.243333817 0.000000000 0.000000000 -12.000000000 0.003652707 0.078115508
1776612765.209688902 0.577212334 0.295201778 0.181656718 0.099158563 0.985288084 0.135520592 -0.031767860 1.823472261 6.305023193 -17.356077194 0.000000000 0.000000000 -12.000000000 0.003541152 0.078121588
1776612765.214529276 0.576688230 0.294623047 0.181550026 0.099307135 0.985201001 0.135811925 -0.032745223 1.721705914 6.415943623 -17.466150284 0.000000000 0.000000000 -12.000000000 0.003426310 0.078121528
1776612765.219584942 0.576144934 0.294011652 0.181427002 0.099456467 0.985116780 0.136070445 -0.033736188 1.616523147 6.527872086 -17.573125839 0.000000000 0.000000000 -12.000000000 0.003309625 0.078115225
1776612765.224630356 0.575623870 0.293398976 0.181313664 0.099620000 0.985029161 0.136342064 -0.034701545 1.508139849 6.640399933 -17.676559448 0.000000000 0.000000000 -12.000000000 0.003190580 0.078103498
1776612765.229552269 0.575103283 0.292819351 0.181208313 0.099770077 0.984938622 0.136639446 -0.035658374 1.396818876 6.753101349 -17.775981903 0.000000000 0.000000000 -12.000000000 0.003068714 0.078087300
1776612765.234501600 0.574547350 0.292228878 0.181088150 0.099900462 0.984850764 0.136916474 -0.036643732 1.282870889 6.865536213 -17.870927811 0.000000000 0.000000000 -12.000000000 0.002944872 0.078066610
1776612765.239525318 0.574082971 0.291641384 0.180985689 0.100042008 0.984761477 0.137218505 -0.037517369 1.166656256 6.977252007 -17.960918427 0.000000000 0.000000000 -12.000000000 0.002820872 0.078042068
1776612765.244630575 0.573644876 0.291039497 0.180888474 0.100179322 0.984674037 0.137514025 -0.038354184 1.048585892 7.087789059 -18.045484543 0.000000000 0.000000000 -12.000000000 0.002693678 0.078015164
1776612765.249845266 0.573203623 0.290419459 0.180767238 0.100312531 0.984589040 0.137790799 -0.039185144 0.929118514 7.196684837 -18.124160767 0.000000000 0.000000000 -12.000000000 0.002563872 0.077985488
1776612765.254699469 0.572872102 0.289801240 0.180654079 0.100456633 0.984505236 0.138087422 -0.039872266 0.808758974 7.303480148 -18.196496964 0.000000000 0.000000000 -12.000000000 0.002431150 0.077953532
1776612765.259790182 0.572613001 0.289172739 0.180546731 0.100604236 0.984423757 0.138388023 -0.040464543 0.688058138 7.407724380 -18.262046814 0.000000000 0.000000000 -12.000000000 0.002296641 0.077919863
1776612765.264626503 0.572354734 0.288494974 0.180405647 0.100740358 0.984352291 0.138628826 -0.041036233 0.567615271 7.508979797 -18.320386887 0.000000000 0.000000000 -12.000000000 0.002160580 0.077883929
1776612765.269544840 0.572164655 0.287825257 0.180258483 0.100880615 0.984283209 0.138876662 -0.041508727 0.448075801 7.606827736 -18.371110916 0.000000000 0.000000000 -12.000000000 0.002020797 0.077847973
1776612765.274652719 0.572045147 0.287185073 0.180135667 0.101027906 0.984212279 0.139158264 -0.041887384 0.330124557 7.700875759 -18.413841248 0.000000000 0.000000000 -12.000000000 0.001876614 0.077814072
1776612765.279512167 0.572039127 0.286554039 0.180049419 0.101189695 0.984140933 0.139473602 -0.042123273 0.214478627 7.790760040 -18.448234558 0.000000000 0.000000000 -12.000000000 0.001731211 0.077781901
1776612765.284570456 0.572020292 0.285944402 0.179955602 0.101355910 0.984068215 0.139795512 -0.042354550 0.101879768 7.876149178 -18.473981857 0.000000000 0.000000000 -12.000000000 0.001582307 0.077753730
1776612765.289500952 0.571983814 0.285367280 0.179855764 0.101519674 0.983994067 0.140126944 -0.042589441 -0.006916054 7.956743240 -18.490812302 0.000000000 0.000000000 -12.000000000 0.001432343 0.077728830
1776612765.294504404 0.571952999 0.284841090 0.179782599 0.101702452 0.983910203 0.140511498 -0.042823181 -0.111152656 8.032279015 -18.498500824 0.000000000 0.000000000 -12.000000000 0.001282964 0.077706814
1776612765.299643993 0.571895242 0.284397155 0.179732651 0.101904288 0.983809471 0.140984848 -0.043101184 -0.210091606 8.102525711 -18.496864319 0.000000000 0.000000000 -12.000000000 0.001132045 0.077689305
1776612765.304535866 0.571836889 0.283978075 0.179698437 0.102163993 0.983693779 0.141511366 -0.043400522 -0.303031296 8.167283058 -18.485767365 0.000000000 0.000000000 -12.000000000 0.000980705 0.077675134
1776612765.309579849 0.571768820 0.283584148 0.179682910 0.102479234 0.983561337 0.142099440 -0.043735933 -0.389322549 8.226378441 -18.465118408 0.000000000 0.000000000 -12.000000000 0.000829149 0.077663496
1776612765.314708948 0.571702182 0.283223301 0.179673046 0.102842733 0.983412445 0.142757788 -0.044086035 -0.468380004 8.279663086 -18.434869766 0.000000000 0.000000000 -12.000000000 0.000679088 0.077652253
1776612765.319552422 0.571572661 0.282898068 0.179650784 0.103233077 0.983250618 0.143454492 -0.044519171 -0.539691448 8.327019691 -18.395019531 0.000000000 0.000000000 -12.000000000 0.000529198 0.077641994
1776612765.324534416 0.571446002 0.282629311 0.179645270 0.103630081 0.983077168 0.144218355 -0.044957314 -0.602825642 8.368356705 -18.345613480 0.000000000 0.000000000 -12.000000000 0.000379679 0.077632912
1776612765.329560041 0.571335375 0.282384306 0.179654896 0.104034901 0.982895315 0.145029426 -0.045387760 -0.657439113 8.403616905 -18.286729813 0.000000000 0.000000000 -12.000000000 0.000231228 0.077624582
1776612765.334516048 0.571218431 0.282153487 0.179663509 0.104439445 0.982708275 0.145863801 -0.045831859 -0.703280926 8.432772636 -18.218494415 0.000000000 0.000000000 -12.000000000 0.000084612 0.077616468
1776612765.339845896 0.571029007 0.281921446 0.179641366 0.104816645 0.982521057 0.146686226 -0.046356615 -0.740196705 8.455827713 -18.141065598 0.000000000 0.000000000 -12.000000000 -0.000060583 0.077607669
1776612765.344507456 0.570795834 0.281708479 0.179612815 0.105148770 0.982334673 0.147513613 -0.046925824 -0.768130541 8.472822189 -18.054647446 0.000000000 0.000000000 -12.000000000 -0.000204146 0.077597827
1776612765.349864721 0.570558965 0.281509697 0.179595828 0.105450638 0.982148528 0.148352832 -0.047496561 -0.787125647 8.483828545 -17.959468842 0.000000000 0.000000000 -12.000000000 -0.000345604 0.077587605
1776612765.354549170 0.570282638 0.281294882 0.179558247 0.105715021 0.981966913 0.149168283 -0.048105605 -0.797322392 8.488958359 -17.855802536 0.000000000 0.000000000 -12.000000000 -0.000485207 0.077576518
1776612765.359887838 0.569974601 0.281055748 0.179511219 0.105947830 0.981790304 0.149955526 -0.048746634 -0.798954368 8.488360405 -17.743953705 0.000000000 0.000000000 -12.000000000 -0.000623544 0.077565111
1776612765.364634991 0.569658995 0.280766577 0.179449975 0.106173009 0.981618285 0.150706053 -0.049401768 -0.792342842 8.482221603 -17.624263763 0.000000000 0.000000000 -12.000000000 -0.000758347 0.077552259
1776612765.369866133 0.569305897 0.280423641 0.179361105 0.106372789 0.981454194 0.151402339 -0.050098237 -0.777889788 8.470770836 -17.497104645 0.000000000 0.000000000 -12.000000000 -0.000891069 0.077538088
1776612765.374540567 0.568508744 0.279651463 0.179146737 0.106684588 0.981146574 0.152671203 -0.051587988 -0.756069958 8.454276085 -17.362890244 0.000000000 0.000000000 -12.000000000 -0.001022507 0.077524014
1776612765.379876137 0.568508744 0.279651463 0.179146737 0.106684588 0.981146574 0.152671203 -0.051587988 -0.727421343 8.433048248 -17.222063065 0.000000000 0.000000000 -12.000000000 -0.001151572 0.077509433
1776612765.384814024 0.568107545 0.279235065 0.179033577 0.106807575 0.981002331 0.153258145 -0.052331258 -0.692533433 8.407439232 -17.075099945 0.000000000 0.000000000 -12.000000000 -0.001278357 0.077495895
1776612765.389916658 0.567736983 0.278767765 0.178908676 0.106921382 0.980868757 0.153791413 -0.053032711 -0.652034461 8.377835274 -16.922515869 0.000000000 0.000000000 -12.000000000 -0.001402087 0.077485055
1776612765.394852877 0.567370772 0.278269291 0.178760111 0.107032746 0.980743051 0.154275894 -0.053721726 -0.606576562 8.344655037 -16.764854431 0.000000000 0.000000000 -12.000000000 -0.001523845 0.077478044
1776612765.399872541 0.567037940 0.277783841 0.178619653 0.107136846 0.980619967 0.154760271 -0.054363377 -0.556821048 8.308344841 -16.602695465 0.000000000 0.000000000 -12.000000000 -0.001644283 0.077476494
1776612765.404936314 0.566721976 0.277308047 0.178472161 0.107245050 0.980498195 0.155237988 -0.054981034 -0.503423214 8.269370079 -16.436647415 0.000000000 0.000000000 -12.000000000 -0.001763402 0.077481195
1776612765.409901142 0.566434264 0.276830196 0.178316087 0.107371956 0.980377853 0.155702621 -0.055562273 -0.447019964 8.228212357 -16.267353058 0.000000000 0.000000000 -12.000000000 -0.001881794 0.077492997
1776612765.414842606 0.566229522 0.276355326 0.178171068 0.107528485 0.980257928 0.156176984 -0.056042548 -0.388218105 8.185362816 -16.095478058 0.000000000 0.000000000 -12.000000000 -0.001998741 0.077512212
1776612765.419830322 0.566086471 0.275889754 0.178030998 0.107713521 0.980137110 0.156662628 -0.056443878 -0.327583671 8.141315460 -15.921718597 0.000000000 0.000000000 -12.000000000 -0.002113957 0.077537604
1776612765.424795389 0.566006303 0.275451869 0.177906245 0.107936971 0.980010509 0.157181725 -0.056770746 -0.265631765 8.096558571 -15.746794701 0.000000000 0.000000000 -12.000000000 -0.002227765 0.077571355
1776612765.429540873 0.565938473 0.275061607 0.177789658 0.108201332 0.979871333 0.157752037 -0.057087157 -0.202819616 8.051568985 -15.571444511 0.000000000 0.000000000 -12.000000000 -0.002336497 0.077612415
1776612765.434817076 0.565904438 0.274719119 0.177695185 0.108508825 0.979718447 0.158385232 -0.057373095 -0.139543563 8.006802559 -15.396425247 0.000000000 0.000000000 -12.000000000 -0.002440783 0.077659972
1776612765.439635277 0.565911531 0.274451256 0.177635342 0.108867005 0.979545951 0.159112260 -0.057628125 -0.076138578 7.962689877 -15.222505569 0.000000000 0.000000000 -12.000000000 -0.002541042 0.077713676
1776612765.444927454 0.565908074 0.274253964 0.177593231 0.109259926 0.979355097 0.159914017 -0.057908069 -0.012880305 7.919628143 -15.050465584 0.000000000 0.000000000 -12.000000000 -0.002638307 0.077771693
1776612765.449622869 0.565919876 0.274112284 0.177582920 0.109685577 0.979148209 0.160788044 -0.058181066 0.050010826 7.877979279 -14.881089211 0.000000000 0.000000000 -12.000000000 -0.002732666 0.077833161
1776612765.454780102 0.565950274 0.274032503 0.177598566 0.110135324 0.978926063 0.161737025 -0.058438953 0.112364039 7.838068962 -14.715155602 0.000000000 0.000000000 -12.000000000 -0.002824148 0.077896878
1776612765.459530115 0.565945506 0.273978084 0.177612066 0.110583030 0.978696108 0.162713692 -0.058733210 0.174052447 7.800186634 -14.553441048 0.000000000 0.000000000 -12.000000000 -0.002912831 0.077961579
1776612765.464759827 0.565958679 0.273936033 0.177635759 0.111025766 0.978463829 0.163708657 -0.059002183 0.234987497 7.764585495 -14.396700859 0.000000000 0.000000000 -12.000000000 -0.002998807 0.078026965
1776612765.469515324 0.565978587 0.273908496 0.177657425 0.111442149 0.978233039 0.164712518 -0.059249450 0.295113593 7.731485844 -14.245672226 0.000000000 0.000000000 -12.000000000 -0.003082181 0.078092687
1776612765.474847794 0.565968335 0.273875654 0.177662313 0.111827001 0.978006482 0.165698662 -0.059515048 0.354402423 7.701074123 -14.101059914 0.000000000 0.000000000 -12.000000000 -0.003161894 0.078158155
1776612765.479614258 0.565946400 0.273844808 0.177661151 0.112176105 0.977785170 0.166672319 -0.059774887 0.412846178 7.673504829 -13.963533401 0.000000000 0.000000000 -12.000000000 -0.003239243 0.078223318
1776612765.484803915 0.565911829 0.273807019 0.177640736 0.112481035 0.977572143 0.167623267 -0.060026530 0.470450103 7.648903847 -13.833720207 0.000000000 0.000000000 -12.000000000 -0.003314365 0.078288101
1776612765.489501715 0.565855026 0.273742735 0.177604347 0.112748437 0.977367997 0.168538898 -0.060284577 0.527225316 7.627370834 -13.712200165 0.000000000 0.000000000 -12.000000000 -0.003387408 0.078352511
1776612765.494787693 0.565783858 0.273664296 0.177557409 0.112987936 0.977169991 0.169431731 -0.060542319 0.583182991 7.608981133 -13.599500656 0.000000000 0.000000000 -12.000000000 -0.003458529 0.078416601
1776612765.499543428 0.565670609 0.273544192 0.177477628 0.113188684 0.976984024 0.170266330 -0.060826462 0.638328671 7.593792439 -13.496098518 0.000000000 0.000000000 -12.000000000 -0.003527893 0.078480519
1776612765.504786253 0.565544009 0.273399353 0.177392095 0.113358252 0.976807058 0.171065077 -0.061111055 0.692657411 7.581846237 -13.402412415 0.000000000 0.000000000 -12.000000000 -0.003594676 0.078545168
1776612765.509612322 0.565417051 0.273251832 0.177307248 0.113495506 0.976637661 0.171844199 -0.061377719 0.746149063 7.573173523 -13.318807602 0.000000000 0.000000000 -12.000000000 -0.003659183 0.078610316
1776612765.514823675 0.565291464 0.273096442 0.177220970 0.113616131 0.976474583 0.172600850 -0.061625611 0.798765123 7.567797661 -13.245593071 0.000000000 0.000000000 -12.000000000 -0.003721986 0.078676820
1776612765.519543886 0.565155506 0.272922486 0.177133501 0.113727152 0.976318061 0.173325077 -0.061867442 0.850445271 7.565737247 -13.183026314 0.000000000 0.000000000 -12.000000000 -0.003783525 0.078744553
1776612765.524508476 0.565026939 0.272750109 0.177055687 0.113836750 0.976164758 0.174036846 -0.062086895 0.901106358 7.567008018 -13.131316185 0.000000000 0.000000000 -12.000000000 -0.003844209 0.078813523
1776612765.529826403 0.564908862 0.272559971 0.176981658 0.113947690 0.976018012 0.174717724 -0.062277693 0.950642645 7.571624756 -13.090625763 0.000000000 0.000000000 -12.000000000 -0.003902235 0.078883283
1776612765.534504652 0.564773142 0.272381008 0.176910490 0.114037156 0.975878239 0.175370619 -0.062468320 0.998928308 7.579602718 -13.061073303 0.000000000 0.000000000 -12.000000000 -0.003959181 0.078954823
1776612765.539535761 0.564628065 0.272229940 0.176848978 0.114108533 0.975744188 0.176006988 -0.062642410 1.045820832 7.590959072 -13.042740822 0.000000000 0.000000000 -12.000000000 -0.004014146 0.079027236
1776612765.544517040 0.564469218 0.272079527 0.176792383 0.114161648 0.975619316 0.176604509 -0.062808312 1.091164947 7.605711937 -13.035671234 0.000000000 0.000000000 -12.000000000 -0.004069012 0.079100721
1776612765.549531221 0.564301550 0.271933794 0.176745474 0.114215761 0.975498736 0.177178040 -0.062967740 1.134794712 7.623881817 -13.039875031 0.000000000 0.000000000 -12.000000000 -0.004123452 0.079175390
1776612765.554493666 0.564102948 0.271757603 0.176693439 0.114267275 0.975387096 0.177691832 -0.063155629 1.176536202 7.645490170 -13.055327415 0.000000000 0.000000000 -12.000000000 -0.004178795 0.079251066
1776612765.559540033 0.563882887 0.271559685 0.176631749 0.114316821 0.975284159 0.178152293 -0.063357808 1.216207623 7.670562267 -13.081973076 0.000000000 0.000000000 -12.000000000 -0.004233055 0.079328403
1776612765.564516783 0.563647926 0.271342784 0.176577210 0.114350043 0.975191832 0.178560719 -0.063569471 1.253620028 7.699130058 -13.119721413 0.000000000 0.000000000 -12.000000000 -0.004288014 0.079407863
1776612765.569949627 0.563379347 0.271097481 0.176529795 0.114367098 0.975110233 0.178908885 -0.063810490 1.288577557 7.731231689 -13.168449402 0.000000000 0.000000000 -12.000000000 -0.004341859 0.079489447
1776612765.574960947 0.563096642 0.270835042 0.176494330 0.114364810 0.975040674 0.179201856 -0.064054944 1.320878983 7.766914368 -13.227995872 0.000000000 0.000000000 -12.000000000 -0.004394642 0.079573192
1776612765.579889297 0.562783122 0.270565033 0.176468790 0.114338629 0.974981546 0.179447502 -0.064313531 1.350322008 7.806229115 -13.298159599 0.000000000 0.000000000 -12.000000000 -0.004448676 0.079659000
1776612765.584952116 0.562462211 0.270279288 0.176443517 0.114279337 0.974937916 0.179634020 -0.064559206 1.376708865 7.849226475 -13.378692627 0.000000000 0.000000000 -12.000000000 -0.004501840 0.079747446
1776612765.589949846 0.562110364 0.269959420 0.176392853 0.114231117 0.974904120 0.179751545 -0.064827122 1.399853349 7.895956516 -13.469299316 0.000000000 0.000000000 -12.000000000 -0.004555420 0.079839461
1776612765.594872236 0.561704099 0.269621760 0.176316410 0.114143081 0.974884033 0.179803252 -0.065140329 1.419584990 7.946459770 -13.569627762 0.000000000 0.000000000 -12.000000000 -0.004608399 0.079934388
1776612765.599963665 0.561257958 0.269272596 0.176248491 0.114051096 0.974869609 0.179812312 -0.065491050 1.435753226 8.000768661 -13.679273605 0.000000000 0.000000000 -12.000000000 -0.004660474 0.080032349
1776612765.604875326 0.560785413 0.268935889 0.176186562 0.113936633 0.974862516 0.179788515 -0.065860778 1.448227644 8.058902740 -13.797772408 0.000000000 0.000000000 -12.000000000 -0.004713279 0.080133811
1776612765.609709263 0.560286999 0.268571436 0.176138580 0.113809399 0.974864244 0.179717556 -0.066247851 1.456898451 8.120864868 -13.924603462 0.000000000 0.000000000 -12.000000000 -0.004767121 0.080238432
1776612765.614492893 0.559758663 0.268184483 0.176087052 0.113680050 0.974874854 0.179588899 -0.066661149 1.461676359 8.186637878 -14.059186935 0.000000000 0.000000000 -12.000000000 -0.004822619 0.080347471
1776612765.619534969 0.559184313 0.267783523 0.176036984 0.113560423 0.974889159 0.179415539 -0.067120813 1.462493300 8.256180763 -14.200888634 0.000000000 0.000000000 -12.000000000 -0.004881253 0.080459349
1776612765.624494076 0.558556199 0.267365694 0.175981849 0.113431200 0.974907160 0.179204449 -0.067640342 1.459303379 8.329421997 -14.349020004 0.000000000 0.000000000 -12.000000000 -0.004942399 0.080575518
1776612765.629547358 0.557907999 0.266954184 0.175917238 0.113283768 0.974932551 0.178958699 -0.068169653 1.452083468 8.406259537 -14.502840996 0.000000000 0.000000000 -12.000000000 -0.005006202 0.080696411
1776612765.634983063 0.557212830 0.266516626 0.175833195 0.113137707 0.974964142 0.178655893 -0.068751730 1.440833926 8.486554146 -14.661569595 0.000000000 0.000000000 -12.000000000 -0.005072737 0.080822937
1776612765.639825583 0.556495070 0.266065717 0.175736398 0.112990312 0.975002110 0.178310394 -0.069350533 1.425579071 8.570136070 -14.824382782 0.000000000 0.000000000 -12.000000000 -0.005141414 0.080955036
1776612765.644860506 0.555742562 0.265637696 0.175644666 0.112818636 0.975045860 0.177937686 -0.069969237 1.406367183 8.656792641 -14.990423203 0.000000000 0.000000000 -12.000000000 -0.005213887 0.081092119
1776612765.649803638 0.554955065 0.265219510 0.175547302 0.112635128 0.975093424 0.177536756 -0.070617676 1.383270741 8.746278763 -15.158808708 0.000000000 0.000000000 -12.000000000 -0.005290010 0.081234150
1776612765.654835463 0.554152668 0.264781654 0.175438374 0.112466216 0.975143075 0.177104801 -0.071283005 1.356386781 8.838310242 -15.328637123 0.000000000 0.000000000 -12.000000000 -0.005368534 0.081381187
1776612765.659811735 0.553365171 0.264339268 0.175315529 0.112313241 0.975195825 0.176651940 -0.071922876 1.325837612 8.932566643 -15.498995781 0.000000000 0.000000000 -12.000000000 -0.005450196 0.081535265
1776612765.664603233 0.552528679 0.263909876 0.175195307 0.112140283 0.975251734 0.176175728 -0.072599396 1.291772008 9.028693199 -15.668968201 0.000000000 0.000000000 -12.000000000 -0.005536280 0.081695616
1776612765.669774055 0.551659703 0.263496101 0.175056279 0.111944996 0.975310862 0.175682828 -0.073298268 1.254363537 9.126303673 -15.837643623 0.000000000 0.000000000 -12.000000000 -0.005625678 0.081862293
1776612765.674860716 0.550790906 0.263095737 0.174906313 0.111737542 0.975373268 0.175180256 -0.073983885 1.213807702 9.224980354 -16.004125595 0.000000000 0.000000000 -12.000000000 -0.005718206 0.082035735
1776612765.679953337 0.549889565 0.262716323 0.174757868 0.111509502 0.975435734 0.174673393 -0.074699163 1.170316577 9.324283600 -16.167537689 0.000000000 0.000000000 -12.000000000 -0.005814916 0.082215011
1776612765.685039043 0.548977435 0.262352258 0.174611628 0.111266285 0.975500405 0.174162745 -0.075406231 1.124112964 9.423751831 -16.327030182 0.000000000 0.000000000 -12.000000000 -0.005914651 0.082401022
1776612765.689909697 0.548033595 0.261998594 0.174453676 0.111004710 0.975566924 0.173638523 -0.076136783 1.075428605 9.522906303 -16.481790543 0.000000000 0.000000000 -12.000000000 -0.006017359 0.082593761
1776612765.694585562 0.547056198 0.261676699 0.174297631 0.110722050 0.975631118 0.173120394 -0.076901518 1.024504542 9.621257782 -16.631053925 0.000000000 0.000000000 -12.000000000 -0.006122962 0.082792871
1776612765.699604988 0.546089888 0.261378288 0.174146354 0.110431626 0.975695491 0.172610775 -0.077644601 0.971591532 9.718305588 -16.774110794 0.000000000 0.000000000 -12.000000000 -0.006231486 0.082998574
1776612765.704518557 0.545116305 0.261087775 0.174002022 0.110131696 0.975760818 0.172099456 -0.078381062 0.916947842 9.813547134 -16.910308838 0.000000000 0.000000000 -12.000000000 -0.006343113 0.083211273
1776612765.709530115 0.544127524 0.260808975 0.173858434 0.109822758 0.975824475 0.171592027 -0.079131112 0.860837758 9.906479836 -17.039062500 0.000000000 0.000000000 -12.000000000 -0.006457297 0.083431251
1776612765.714545965 0.543165743 0.260552168 0.173715115 0.109523736 0.975884557 0.171107203 -0.079851456 0.803530693 9.996609688 -17.159856796 0.000000000 0.000000000 -12.000000000 -0.006573431 0.083658800
1776612765.719520807 0.542210639 0.260308772 0.173584849 0.109227359 0.975942254 0.170635551 -0.080558240 0.745302141 10.083452225 -17.272254944 0.000000000 0.000000000 -12.000000000 -0.006691093 0.083893888
1776612765.724517107 0.541218281 0.260070205 0.173446447 0.108923964 0.975997865 0.170159429 -0.081299126 0.686434984 10.166539192 -17.375894547 0.000000000 0.000000000 -12.000000000 -0.006810663 0.084137067
1776612765.729600906 0.540237069 0.259838879 0.173290968 0.108626649 0.976053298 0.169683859 -0.082021981 0.627220809 10.245421410 -17.470497131 0.000000000 0.000000000 -12.000000000 -0.006932209 0.084388718
1776612765.734827518 0.539289296 0.259631693 0.173144311 0.108342990 0.976106167 0.169229999 -0.082703121 0.567959130 10.319670677 -17.555871964 0.000000000 0.000000000 -12.000000000 -0.007055415 0.084648408
1776612765.739606380 0.538341343 0.259441048 0.172996491 0.108074933 0.976154864 0.168789148 -0.083376817 0.508957207 10.388887405 -17.631912231 0.000000000 0.000000000 -12.000000000 -0.007180057 0.084916115
1776612765.744828939 0.537376761 0.259266138 0.172839612 0.107834727 0.976196408 0.168357790 -0.084071122 0.450528592 10.452701569 -17.698600769 0.000000000 0.000000000 -12.000000000 -0.007306167 0.085192040
1776612765.749613047 0.536419094 0.259098023 0.172674745 0.107630812 0.976232111 0.167935923 -0.084758542 0.392990887 10.510774612 -17.756006241 0.000000000 0.000000000 -12.000000000 -0.007433574 0.085476555
1776612765.754997015 0.535488605 0.258944035 0.172528088 0.107435092 0.976266086 0.167532191 -0.085411832 0.336661875 10.562808037 -17.804283142 0.000000000 0.000000000 -12.000000000 -0.007561679 0.085769422
1776612765.759574175 0.534574687 0.258810043 0.172389239 0.107244186 0.976297379 0.167150140 -0.086040303 0.281855345 10.608538628 -17.843675613 0.000000000 0.000000000 -12.000000000 -0.007690743 0.086070225
1776612765.764549732 0.533680022 0.258693248 0.172269166 0.107051715 0.976328135 0.166788504 -0.086630620 0.228877053 10.647745132 -17.874504089 0.000000000 0.000000000 -12.000000000 -0.007820600 0.086378537
1776612765.769860744 0.532807291 0.258597046 0.172189623 0.106846273 0.976359546 0.166453645 -0.087173097 0.178022414 10.680244446 -17.897165298 0.000000000 0.000000000 -12.000000000 -0.007951088 0.086693682
1776612765.774601460 0.531950355 0.258520424 0.172134787 0.106623910 0.976391733 0.166140780 -0.087680072 0.129574582 10.705894470 -17.912122726 0.000000000 0.000000000 -12.000000000 -0.008081859 0.087015249
1776612765.779727459 0.531113923 0.258472204 0.172088951 0.106392674 0.976423681 0.165853128 -0.088148586 0.083801694 10.724593163 -17.919902802 0.000000000 0.000000000 -12.000000000 -0.008212952 0.087342717
1776612765.784595490 0.530301332 0.258457154 0.172054976 0.106141597 0.976458132 0.165585667 -0.088571325 0.040953062 10.736272812 -17.921077728 0.000000000 0.000000000 -12.000000000 -0.008344227 0.087675244
1776612765.789557695 0.529514730 0.258466661 0.172036141 0.105880558 0.976494551 0.165334344 -0.088950552 0.001255341 10.740906715 -17.916261673 0.000000000 0.000000000 -12.000000000 -0.008475558 0.088012300
1776612765.794857264 0.528736293 0.258529335 0.172037870 0.105584286 0.976534724 0.165101930 -0.089292854 -0.035090379 10.738497734 -17.906101227 0.000000000 0.000000000 -12.000000000 -0.008606823 0.088352539
1776612765.799865007 0.527971327 0.258634567 0.172049731 0.105257466 0.976580679 0.164876074 -0.089593016 -0.067909911 10.729078293 -17.891263962 0.000000000 0.000000000 -12.000000000 -0.008738304 0.088694714
1776612765.804877281 0.527232289 0.258754075 0.172086596 0.104921140 0.976632237 0.164647147 -0.089846157 -0.097056627 10.712702751 -17.872426987 0.000000000 0.000000000 -12.000000000 -0.008869509 0.089038521
1776612765.809612513 0.526496351 0.258883625 0.172129154 0.104570366 0.976688445 0.164407134 -0.090083137 -0.122413278 10.689448357 -17.850273132 0.000000000 0.000000000 -12.000000000 -0.009000352 0.089384429
1776612765.814784527 0.525764167 0.259030461 0.172184289 0.104189180 0.976750374 0.164159566 -0.090304479 -0.143895179 10.659406662 -17.825468063 0.000000000 0.000000000 -12.000000000 -0.009130754 0.089732327
1776612765.819690466 0.525025785 0.259193599 0.172239840 0.103783198 0.976817131 0.163898885 -0.090523459 -0.161453456 10.622685432 -17.798656464 0.000000000 0.000000000 -12.000000000 -0.009260650 0.090082310
1776612765.824820995 0.524294555 0.259365410 0.172308356 0.103372604 0.976887882 0.163623720 -0.090727359 -0.175077260 10.579405785 -17.770444870 0.000000000 0.000000000 -12.000000000 -0.009389983 0.090434507
1776612765.829802513 0.523562193 0.259547889 0.172382325 0.102956563 0.976963162 0.163327083 -0.090924211 -0.184794664 10.529699326 -17.741397858 0.000000000 0.000000000 -12.000000000 -0.009518709 0.090788953
1776612765.834906101 0.522789299 0.259756178 0.172448605 0.102527462 0.977040768 0.163008064 -0.091147281 -0.190671414 10.473708153 -17.712017059 0.000000000 0.000000000 -12.000000000 -0.009646787 0.091145724
1776612765.839500904 0.522014558 0.259995699 0.172521561 0.102102831 0.977120280 0.162676603 -0.091363333 -0.192807645 10.411579132 -17.682733536 0.000000000 0.000000000 -12.000000000 -0.009774189 0.091504395
1776612765.844589233 0.521239042 0.260255754 0.172612607 0.101698600 0.977199018 0.162339628 -0.091571368 -0.191333160 10.343466759 -17.653902054 0.000000000 0.000000000 -12.000000000 -0.009900891 0.091865137
1776612765.849501133 0.520465851 0.260527551 0.172703922 0.101294398 0.977279603 0.161993071 -0.091773145 -0.186403245 10.269531250 -17.625793457 0.000000000 0.000000000 -12.000000000 -0.010026875 0.092228420
1776612765.854661226 0.519691944 0.260863304 0.172825545 0.100860395 0.977363348 0.161655352 -0.091954269 -0.178195357 10.189938545 -17.598590851 0.000000000 0.000000000 -12.000000000 -0.010152127 0.092592798
1776612765.859879017 0.518931031 0.261216044 0.172959119 0.100431874 0.977449238 0.161306381 -0.092122950 -0.166905925 10.104859352 -17.572378159 0.000000000 0.000000000 -12.000000000 -0.010276821 0.092958421
1776612765.864776850 0.518173277 0.261556894 0.173086822 0.099994652 0.977539599 0.160939083 -0.092281997 -0.152746826 10.014467239 -17.547145844 0.000000000 0.000000000 -12.000000000 -0.010400759 0.093326621
1776612765.869822264 0.517414868 0.261891752 0.173200816 0.099572770 0.977631807 0.160544693 -0.092448354 -0.135940462 9.918940544 -17.522794724 0.000000000 0.000000000 -12.000000000 -0.010523931 0.093698181
1776612765.874800920 0.516672909 0.262210906 0.173315972 0.099175051 0.977725387 0.160132304 -0.092601724 -0.116714008 9.818454742 -17.499122620 0.000000000 0.000000000 -12.000000000 -0.010645993 0.094073981
1776612765.879808664 0.515957177 0.262549371 0.173439503 0.098768771 0.977821767 0.159719363 -0.092731111 -0.095294014 9.713187218 -17.475845337 0.000000000 0.000000000 -12.000000000 -0.010767263 0.094453454
1776612765.884819984 0.515266240 0.262916178 0.173587501 0.098371722 0.977917373 0.159318537 -0.092834212 -0.071901672 9.603315353 -17.452590942 0.000000000 0.000000000 -12.000000000 -0.010887722 0.094836049
1776612765.889796734 0.514584184 0.263301551 0.173732579 0.097951040 0.978017449 0.158907741 -0.092928797 -0.046749346 9.489019394 -17.428903580 0.000000000 0.000000000 -12.000000000 -0.011007340 0.095221505
1776612765.894903421 0.513919115 0.263717681 0.173887312 0.097526036 0.978119850 0.158493713 -0.093005463 -0.020037919 9.370480537 -17.404260635 0.000000000 0.000000000 -12.000000000 -0.011126084 0.095609285
1776612765.899826288 0.513262689 0.264156699 0.174031883 0.097088657 0.978224456 0.158070624 -0.093082927 0.008045395 9.247876167 -17.378068924 0.000000000 0.000000000 -12.000000000 -0.011243672 0.095999256
1776612765.904856443 0.512622893 0.264619738 0.174177974 0.096646115 0.978330672 0.157645181 -0.093148515 0.037329059 9.121383667 -17.349681854 0.000000000 0.000000000 -12.000000000 -0.011360292 0.096391067
1776612765.909795761 0.512007654 0.265095294 0.174322695 0.096199036 0.978439748 0.157211363 -0.093198620 0.067658976 8.991179466 -17.318405151 0.000000000 0.000000000 -12.000000000 -0.011475794 0.096784733
1776612765.914933920 0.511413753 0.265586227 0.174476892 0.095756024 0.978549004 0.156780213 -0.093234159 0.098900095 8.857438087 -17.283500671 0.000000000 0.000000000 -12.000000000 -0.011590349 0.097180165
1776612765.919871807 0.510855198 0.266099602 0.174652219 0.095319316 0.978658080 0.156359583 -0.093243256 0.130938128 8.720334053 -17.244213104 0.000000000 0.000000000 -12.000000000 -0.011703675 0.097576961
1776612765.924879789 0.510323763 0.266625404 0.174837470 0.094863489 0.978770792 0.155938283 -0.093230285 0.163681105 8.580048561 -17.199758530 0.000000000 0.000000000 -12.000000000 -0.011815706 0.097974993
1776612765.929874659 0.509834468 0.267150730 0.175035030 0.094394810 0.978889704 0.155507967 -0.093176082 0.197060809 8.436765671 -17.149356842 0.000000000 0.000000000 -12.000000000 -0.011926336 0.098374128
1776612765.934828281 0.508877397 0.268273532 0.175410867 0.093444638 0.979126275 0.154648811 -0.093078427 0.231033191 8.290675163 -17.092224121 0.000000000 0.000000000 -12.000000000 -0.012035765 0.098775022
1776612765.939836264 0.508877397 0.268273532 0.175410867 0.093444638 0.979126275 0.154648811 -0.093078427 0.265577823 8.141972542 -17.027589798 0.000000000 0.000000000 -12.000000000 -0.012143536 0.099175915
1776612765.944845676 0.508450031 0.268869370 0.175614893 0.092953362 0.979248822 0.154223651 -0.092986353 0.300696433 7.990863323 -16.954713821 0.000000000 0.000000000 -12.000000000 -0.012250208 0.099576913
1776612765.949868679 0.508035362 0.269489050 0.175814122 0.092466958 0.979369760 0.153802276 -0.092895381 0.336411119 7.837560177 -16.872880936 0.000000000 0.000000000 -12.000000000 -0.012354906 0.099977963
1776612765.954918385 0.507652760 0.270125300 0.176024199 0.091972977 0.979492247 0.153387114 -0.092781134 0.372762769 7.682289124 -16.781431198 0.000000000 0.000000000 -12.000000000 -0.012457821 0.100378938
1776612765.959836483 0.507320166 0.270748287 0.176248640 0.091505952 0.979617059 0.152962193 -0.092626601 0.409809619 7.525288105 -16.679748535 0.000000000 0.000000000 -12.000000000 -0.012558408 0.100779928
1776612765.964791775 0.507014632 0.271359801 0.176474631 0.091074452 0.979739964 0.152534679 -0.092456654 0.447625220 7.366811275 -16.567277908 0.000000000 0.000000000 -12.000000000 -0.012656488 0.101181515
1776612765.969776630 0.506726265 0.271965176 0.176699221 0.090677552 0.979858696 0.152107522 -0.092292093 0.486295104 7.207128048 -16.443532944 0.000000000 0.000000000 -12.000000000 -0.012752224 0.101583995
1776612765.974833012 0.506465256 0.272561669 0.176924139 0.090324186 0.979975402 0.151677400 -0.092106864 0.525911808 7.046525002 -16.308095932 0.000000000 0.000000000 -12.000000000 -0.012845420 0.101987772
1776612765.979748726 0.506210864 0.273134947 0.177146643 0.090011090 0.980089605 0.151232824 -0.091929033 0.566567898 6.885304928 -16.160617828 0.000000000 0.000000000 -12.000000000 -0.012935519 0.102393523
1776612765.984720469 0.506005466 0.273680180 0.177353948 0.089753382 0.980201304 0.150782958 -0.091729365 0.608348608 6.723785400 -16.000829697 0.000000000 0.000000000 -12.000000000 -0.013023208 0.102800854
1776612765.989807367 0.505807877 0.274195731 0.177532524 0.089535527 0.980310500 0.150309473 -0.091551952 0.651327312 6.562297821 -15.828538895 0.000000000 0.000000000 -12.000000000 -0.013107389 0.103210442
1776612765.994535923 0.505633473 0.274710238 0.177711874 0.089330159 0.980418861 0.149837315 -0.091366358 0.695564091 6.401184559 -15.643632889 0.000000000 0.000000000 -12.000000000 -0.013187775 0.103621937
1776612765.999793053 0.505476356 0.275246859 0.177921593 0.089093022 0.980527997 0.149385929 -0.091165669 0.741107106 6.240797997 -15.446077347 0.000000000 0.000000000 -12.000000000 -0.013264247 0.104034550
1776612766.004505634 0.505318046 0.275785685 0.178137213 0.088822469 0.980638862 0.148933873 -0.090976655 0.787994325 6.081495762 -15.235918045 0.000000000 0.000000000 -12.000000000 -0.013336657 0.104448207
1776612766.009807348 0.505197823 0.276314050 0.178349227 0.088519320 0.980756283 0.148475215 -0.090755329 0.836254895 5.923639774 -15.013282776 0.000000000 0.000000000 -12.000000000 -0.013404827 0.104862571
1776612766.014528036 0.505097747 0.276835948 0.178547114 0.088180102 0.980878353 0.148009658 -0.090526521 0.885908246 5.767589569 -14.778374672 0.000000000 0.000000000 -12.000000000 -0.013468487 0.105277218
1776612766.019828796 0.504993320 0.277344286 0.178721786 0.087806210 0.981003165 0.147530019 -0.090319961 0.936961770 5.613699436 -14.531475067 0.000000000 0.000000000 -12.000000000 -0.013527453 0.105692379
1776612766.024562120 0.504899144 0.277834743 0.178886920 0.087407872 0.981131613 0.147035092 -0.090118155 0.989408135 5.462314606 -14.272938728 0.000000000 0.000000000 -12.000000000 -0.013581546 0.106108084
1776612766.030368328 0.504816651 0.278310001 0.179054320 0.086986445 0.981262445 0.146532938 -0.089919008 1.043223023 5.313767433 -14.003190994 0.000000000 0.000000000 -12.000000000 -0.013630595 0.106524363
1776612766.034632206 0.504731238 0.278776407 0.179233432 0.086549245 0.981393337 0.146023959 -0.089740619 1.098364115 5.168376923 -13.722727776 0.000000000 0.000000000 -12.000000000 -0.013674440 0.106941350
1776612766.039811611 0.504654229 0.279238164 0.179426014 0.086099975 0.981523693 0.145514220 -0.089574784 1.154769897 5.026444912 -13.432113647 0.000000000 0.000000000 -12.000000000 -0.013712939 0.107358955
1776612766.044844389 0.504572570 0.279698908 0.179620326 0.085649371 0.981651902 0.145001888 -0.089432813 1.212358475 4.888254642 -13.131979942 0.000000000 0.000000000 -12.000000000 -0.013745943 0.107777201
1776612766.049803019 0.504485190 0.280161828 0.179826260 0.085196353 0.981777728 0.144485697 -0.089319475 1.271028757 4.754067421 -12.823019981 0.000000000 0.000000000 -12.000000000 -0.013773413 0.108196080
1776612766.054524183 0.504380941 0.280624896 0.180034369 0.084736213 0.981901884 0.143960088 -0.089240715 1.330660582 4.624122620 -12.505990028 0.000000000 0.000000000 -12.000000000 -0.013795292 0.108615756
1776612766.059734106 0.504276812 0.281090021 0.180233598 0.084283628 0.982024133 0.143427879 -0.089181319 1.391117454 4.498633385 -12.181694984 0.000000000 0.000000000 -12.000000000 -0.013811335 0.109036155
1776612766.064802885 0.504169703 0.281548321 0.180432051 0.083852090 0.982142329 0.142887861 -0.089153305 1.452247143 4.377783775 -11.850992203 0.000000000 0.000000000 -12.000000000 -0.013821713 0.109457090
1776612766.069826126 0.504072309 0.282009423 0.180637836 0.083438143 0.982256651 0.142350420 -0.089142025 1.513883948 4.261728287 -11.514777184 0.000000000 0.000000000 -12.000000000 -0.013826274 0.109878473
1776612766.074538708 0.503960013 0.282470852 0.180831671 0.083035022 0.982366264 0.141811371 -0.089169852 1.575852036 4.150590897 -11.173980713 0.000000000 0.000000000 -12.000000000 -0.013824789 0.110300839
1776612766.079805136 0.503857911 0.282939315 0.181027740 0.082645938 0.982471704 0.141281158 -0.089211367 1.637967348 4.044466496 -10.829559326 0.000000000 0.000000000 -12.000000000 -0.013817218 0.110723980
1776612766.084498644 0.503780663 0.283391595 0.181237996 0.082267456 0.982576668 0.140744507 -0.089253560 1.700040460 3.943419456 -10.482493401 0.000000000 0.000000000 -12.000000000 -0.013803424 0.111148193
1776612766.090323448 0.503774285 0.283822328 0.181458354 0.081909925 0.982684493 0.140206963 -0.089241304 1.761879086 3.847487688 -10.133779526 0.000000000 0.000000000 -12.000000000 -0.013783529 0.111572154
1776612766.094505787 0.503839552 0.284247398 0.181674153 0.081567094 0.982795119 0.139680162 -0.089162715 1.823291779 3.756682634 -9.784415245 0.000000000 0.000000000 -12.000000000 -0.013757670 0.111994758
1776612766.099843740 0.503906667 0.284659386 0.181874305 0.081218779 0.982906282 0.139139831 -0.089100078 1.884094119 3.670992374 -9.435393333 0.000000000 0.000000000 -12.000000000 -0.013726400 0.112414934
1776612766.104662895 0.503959298 0.285068572 0.182062387 0.080850817 0.983018517 0.138586760 -0.089058615 1.944115162 3.590382814 -9.087690353 0.000000000 0.000000000 -12.000000000 -0.013689101 0.112834267
1776612766.109801054 0.503957987 0.285482138 0.182223558 0.080470219 0.983125865 0.138026923 -0.089088015 2.003199339 3.514798880 -8.742254257 0.000000000 0.000000000 -12.000000000 -0.013645832 0.113253720
1776612766.114567280 0.503971756 0.285887510 0.182386488 0.080109313 0.983230531 0.137467027 -0.089123987 2.061203480 3.444163561 -8.399997711 0.000000000 0.000000000 -12.000000000 -0.013596885 0.113672860
1776612766.119819164 0.504032314 0.286280632 0.182544917 0.079747044 0.983337581 0.136908576 -0.089127138 2.117993116 3.378380537 -8.061792374 0.000000000 0.000000000 -12.000000000 -0.013542229 0.114090890
1776612766.124503136 0.504230261 0.286659807 0.182713926 0.079418607 0.983451664 0.136372268 -0.088983536 2.173440933 3.317334414 -7.728462696 0.000000000 0.000000000 -12.000000000 -0.013481866 0.114506297
1776612766.129931688 0.504439831 0.287041396 0.182879567 0.079078257 0.983567476 0.135838404 -0.088823497 2.227433920 3.260891914 -7.400780201 0.000000000 0.000000000 -12.000000000 -0.013416941 0.114917047
1776612766.134546518 0.504833221 0.287823737 0.183135420 0.078335434 0.983803391 0.134743750 -0.088535480 2.279883385 3.208899260 -7.079462528 0.000000000 0.000000000 -12.000000000 -0.013347175 0.115321591
1776612766.139729977 0.504833221 0.287823737 0.183135420 0.078335434 0.983803391 0.134743750 -0.088535480 2.330732346 3.161184549 -6.765168667 0.000000000 0.000000000 -12.000000000 -0.013272077 0.115726136
1776612766.144541025 0.505176902 0.288214862 0.183257312 0.077983610 0.983927906 0.134229779 -0.088242695 2.379960299 3.117558956 -6.458496094 0.000000000 0.000000000 -12.000000000 -0.013192815 0.116123185
1776612766.149815083 0.505648196 0.288592219 0.183366269 0.077650622 0.984060287 0.133729547 -0.087819070 2.427580833 3.077819586 -6.159981728 0.000000000 0.000000000 -12.000000000 -0.013108526 0.116513759
1776612766.154582977 0.506311655 0.288983107 0.183478296 0.077324755 0.984205246 0.133271545 -0.087175466 2.473640442 3.041748285 -5.870099068 0.000000000 0.000000000 -12.000000000 -0.013019367 0.116894811
1776612766.159552813 0.507065415 0.289384007 0.183592618 0.077000372 0.984355688 0.132838845 -0.086421266 2.518221617 3.009114265 -5.589255810 0.000000000 0.000000000 -12.000000000 -0.012925633 0.117264614
1776612766.164512634 0.507783473 0.289794296 0.183646709 0.076664165 0.984504700 0.132396787 -0.085698590 2.561447382 2.979673862 -5.317790985 0.000000000 0.000000000 -12.000000000 -0.012827714 0.117623784
1776612766.169538498 0.508613586 0.290232033 0.183691323 0.076378472 0.984653056 0.131996289 -0.084862530 2.603482962 2.953170538 -5.055974960 0.000000000 0.000000000 -12.000000000 -0.012725432 0.117972165
1776612766.174463034 0.509568930 0.290677488 0.183732033 0.076134510 0.984803677 0.131631672 -0.083894953 2.644529581 2.929336786 -4.804012299 0.000000000 0.000000000 -12.000000000 -0.012618680 0.118308745
1776612766.179591417 0.510609925 0.291127622 0.183736414 0.075951092 0.984953046 0.131287649 -0.082840294 2.684816837 2.907893896 -4.562046528 0.000000000 0.000000000 -12.000000000 -0.012508795 0.118630633
1776612766.184494257 0.511733830 0.291602135 0.183753818 0.075800054 0.985101581 0.130979612 -0.081691585 2.724593401 2.888553858 -4.330165386 0.000000000 0.000000000 -12.000000000 -0.012395070 0.118938752
1776612766.189494610 0.512906551 0.292115897 0.183779776 0.075691536 0.985244572 0.130711377 -0.080488898 2.764118671 2.871023417 -4.108407974 0.000000000 0.000000000 -12.000000000 -0.012277678 0.119232759
1776612766.194485188 0.514108121 0.292674333 0.183833003 0.075594574 0.985381961 0.130489185 -0.079249300 2.803654909 2.855009556 -3.896769762 0.000000000 0.000000000 -12.000000000 -0.012157495 0.119510621
1776612766.199609995 0.515364826 0.293250620 0.183909446 0.075523652 0.985516429 0.130295977 -0.077952206 2.843458414 2.840223789 -3.695207596 0.000000000 0.000000000 -12.000000000 -0.012034096 0.119773827
1776612766.204486370 0.516677022 0.293845832 0.183995664 0.075489737 0.985646725 0.130132720 -0.076598428 2.883766651 2.826389313 -3.503646851 0.000000000 0.000000000 -12.000000000 -0.011907407 0.120022647
1776612766.209534407 0.517974555 0.294429898 0.184054434 0.075489141 0.985769808 0.129972771 -0.075274944 2.924788952 2.813242674 -3.321983814 0.000000000 0.000000000 -12.000000000 -0.011778768 0.120256424
1776612766.214807987 0.519248068 0.294986099 0.184091717 0.075521126 0.985887647 0.129793599 -0.073998131 2.966698408 2.800536633 -3.150090933 0.000000000 0.000000000 -12.000000000 -0.011646995 0.120478593
1776612766.219647646 0.520503581 0.295536578 0.184126973 0.075570412 0.986000001 0.129614040 -0.072754830 3.009623766 2.788043737 -2.987820625 0.000000000 0.000000000 -12.000000000 -0.011512575 0.120689578
1776612766.224603891 0.521746099 0.296108902 0.184168875 0.075629584 0.986105084 0.129459977 -0.071533322 3.053646088 2.775561571 -2.835009098 0.000000000 0.000000000 -12.000000000 -0.011375929 0.120889328
1776612766.229571819 0.522981524 0.296670109 0.184231818 0.075702548 0.986205876 0.129305974 -0.070335738 3.098794460 2.762916088 -2.691482306 0.000000000 0.000000000 -12.000000000 -0.011237153 0.121078335
1776612766.234486341 0.524238169 0.297207505 0.184303612 0.075792462 0.986305118 0.129148096 -0.069126688 3.145044804 2.749962330 -2.557058811 0.000000000 0.000000000 -12.000000000 -0.011094994 0.121259242
1776612766.239542961 0.525483489 0.297737241 0.184380561 0.075874977 0.986400843 0.128992841 -0.067949757 3.192321777 2.736584902 -2.431554079 0.000000000 0.000000000 -12.000000000 -0.010948996 0.121433198
1776612766.244826555 0.526709020 0.298265338 0.184467494 0.075943857 0.986492753 0.128844410 -0.066810675 3.240501881 2.722696543 -2.314784050 0.000000000 0.000000000 -12.000000000 -0.010802598 0.121595815
1776612766.249841213 0.527922273 0.298791528 0.184539616 0.076001987 0.986582398 0.128695816 -0.065698117 3.289419174 2.708238602 -2.206566334 0.000000000 0.000000000 -12.000000000 -0.010654760 0.121749990
1776612766.254544020 0.529037714 0.299294144 0.184584111 0.076014787 0.986672282 0.128509372 -0.064690597 3.338870764 2.693179131 -2.106722116 0.000000000 0.000000000 -12.000000000 -0.010505814 0.121897087
1776612766.259778738 0.530091763 0.299773395 0.184611380 0.075999349 0.986762166 0.128291532 -0.063763626 3.388620138 2.677510977 -2.015077591 0.000000000 0.000000000 -12.000000000 -0.010355379 0.122039214
1776612766.264503717 0.531113505 0.300222874 0.184645414 0.075941101 0.986856103 0.128046945 -0.062864937 3.438402176 2.661249161 -1.931463599 0.000000000 0.000000000 -12.000000000 -0.010203863 0.122177005
1776612766.269542217 0.532130003 0.300661504 0.184674919 0.075864889 0.986950636 0.127791494 -0.061986014 3.487926483 2.644427538 -1.855719209 0.000000000 0.000000000 -12.000000000 -0.010051113 0.122311108
1776612766.274861097 0.533125520 0.301074445 0.184727192 0.075748935 0.987047732 0.127523512 -0.061128292 3.536887407 2.627099514 -1.787692070 0.000000000 0.000000000 -12.000000000 -0.009897253 0.122441433
1776612766.279694557 0.534107089 0.301472545 0.184778631 0.075632110 0.987143338 0.127244845 -0.060303785 3.584970474 2.609333038 -1.727239847 0.000000000 0.000000000 -12.000000000 -0.009743827 0.122566372
1776612766.284543991 0.535080492 0.301867634 0.184853345 0.075490855 0.987239897 0.126966283 -0.059481692 3.631863117 2.591208935 -1.674231529 0.000000000 0.000000000 -12.000000000 -0.009589410 0.122689396
1776612766.289499283 0.536059380 0.302261889 0.184938163 0.075343452 0.987336278 0.126685187 -0.058662362 3.677261829 2.572816133 -1.628546715 0.000000000 0.000000000 -12.000000000 -0.009435264 0.122807987
1776612766.294550419 0.537008822 0.302638769 0.185017914 0.075207248 0.987431586 0.126385674 -0.057873789 3.720881939 2.554246664 -1.590075016 0.000000000 0.000000000 -12.000000000 -0.009280504 0.122924216
1776612766.299508572 0.537925482 0.303002417 0.185076833 0.075075693 0.987525344 0.126068026 -0.057132952 3.762465000 2.535591841 -1.558715224 0.000000000 0.000000000 -12.000000000 -0.009124717 0.123040117
1776612766.304645538 0.538834691 0.303363353 0.185131133 0.074999787 0.987612963 0.125750288 -0.056414299 3.801786423 2.516935587 -1.534373283 0.000000000 0.000000000 -12.000000000 -0.008968523 0.123154715
1776612766.309928417 0.539751709 0.303717911 0.185178608 0.074964173 0.987695575 0.125437826 -0.055706289 3.838660002 2.498352766 -1.516961217 0.000000000 0.000000000 -12.000000000 -0.008812685 0.123267531
1776612766.314792395 0.540695727 0.304084927 0.185239196 0.074973524 0.987772405 0.125148281 -0.054977935 3.872942924 2.479905367 -1.506396890 0.000000000 0.000000000 -12.000000000 -0.008656663 0.123379119
1776612766.319947720 0.540695727 0.304084927 0.185239196 0.074973524 0.987772405 0.125148281 -0.054977935 3.904537916 2.461642742 -1.502603173 0.000000000 0.000000000 -12.000000000 -0.008500561 0.123491265
1776612766.324746609 0.542703211 0.304864287 0.185458004 0.075070225 0.987915158 0.124641851 -0.053408463 3.933394909 2.443599701 -1.505508065 0.000000000 0.000000000 -12.000000000 -0.008346030 0.123599827
1776612766.329831839 0.543779373 0.305279911 0.185605466 0.075156309 0.987981021 0.124430940 -0.052554853 3.959511280 2.425796032 -1.515042663 0.000000000 0.000000000 -12.000000000 -0.008191932 0.123707198
1776612766.334531784 0.544850945 0.305704266 0.185745746 0.075257547 0.988042831 0.124233872 -0.051706482 3.982930183 2.408236504 -1.531139851 0.000000000 0.000000000 -12.000000000 -0.008038315 0.123815231
1776612766.339815855 0.545879602 0.306116432 0.185842365 0.075362727 0.988102794 0.124018781 -0.050918106 4.003740788 2.390910387 -1.553731203 0.000000000 0.000000000 -12.000000000 -0.007885034 0.123925261
1776612766.344829798 0.546904743 0.306515574 0.185934722 0.075476013 0.988161027 0.123802900 -0.050139207 4.022075653 2.373790503 -1.582745552 0.000000000 0.000000000 -12.000000000 -0.007732191 0.124037936
1776612766.349730730 0.547963381 0.306912869 0.186030000 0.075603135 0.988216102 0.123609461 -0.049333036 4.038107395 2.356834173 -1.618107557 0.000000000 0.000000000 -12.000000000 -0.007580019 0.124153413
1776612766.354906082 0.549055815 0.307311505 0.186136246 0.075723886 0.988271415 0.123428844 -0.048484907 4.052044868 2.339982033 -1.659737945 0.000000000 0.000000000 -12.000000000 -0.007427268 0.124274343
1776612766.359953403 0.550175369 0.307700396 0.186268717 0.075837523 0.988326013 0.123261742 -0.047611821 4.064126968 2.323161602 -1.707554221 0.000000000 0.000000000 -12.000000000 -0.007276126 0.124398887
1776612766.364866734 0.551338077 0.308115900 0.186435491 0.075941846 0.988378286 0.123130299 -0.046691705 4.074616432 2.306289673 -1.761469603 0.000000000 0.000000000 -12.000000000 -0.007126777 0.124528706
1776612766.369784832 0.552520037 0.308547109 0.186619431 0.076014020 0.988429248 0.123031139 -0.045747686 4.083797932 2.289275885 -1.821390986 0.000000000 0.000000000 -12.000000000 -0.006981314 0.124663398
1776612766.374591112 0.553686380 0.308949232 0.186778486 0.076103583 0.988478541 0.122919321 -0.044825345 4.091969967 2.272024870 -1.887216806 0.000000000 0.000000000 -12.000000000 -0.006836446 0.124805629
1776612766.379724503 0.554829657 0.309314877 0.186916351 0.076193444 0.988527536 0.122787535 -0.043943938 4.099438190 2.254436970 -1.958833575 0.000000000 0.000000000 -12.000000000 -0.006693651 0.124954604
1776612766.384630203 0.555977046 0.309673280 0.187048107 0.076304846 0.988573134 0.122661494 -0.043068200 4.106513023 2.236410618 -2.036114693 0.000000000 0.000000000 -12.000000000 -0.006552264 0.125110492
1776612766.389893293 0.557147205 0.310029745 0.187167495 0.076424442 0.988615453 0.122554153 -0.042182002 4.113502026 2.217844248 -2.118919849 0.000000000 0.000000000 -12.000000000 -0.006411943 0.125274345
1776612766.394543886 0.558341324 0.310395300 0.187299520 0.076567106 0.988651693 0.122479066 -0.041281834 4.120704651 2.198636532 -2.207093954 0.000000000 0.000000000 -12.000000000 -0.006272710 0.125446215
1776612766.399855137 0.559580266 0.310778737 0.187483341 0.076725826 0.988682568 0.122444771 -0.040339001 4.128406525 2.178691626 -2.300470352 0.000000000 0.000000000 -12.000000000 -0.006135323 0.125627026
1776612766.404891968 0.562155068 0.311552525 0.187911659 0.077092223 0.988730371 0.122462317 -0.038367316 4.136876583 2.157918930 -2.398871183 0.000000000 0.000000000 -12.000000000 -0.005998740 0.125827864
1776612766.409671783 0.562155068 0.311552525 0.187911659 0.077092223 0.988730371 0.122462317 -0.038367316 4.146364689 2.136235952 -2.502110004 0.000000000 0.000000000 -12.000000000 -0.005863742 0.126029298
1776612766.414833307 0.563372731 0.311916530 0.188083529 0.077275790 0.988751054 0.122457281 -0.037470371 4.157104015 2.113567591 -2.609990358 0.000000000 0.000000000 -12.000000000 -0.005729497 0.126241639
1776612766.419514656 0.564563751 0.312267661 0.188229442 0.077480823 0.988767624 0.122450590 -0.036622528 4.169308662 2.089848042 -2.722305298 0.000000000 0.000000000 -12.000000000 -0.005596491 0.126464531
1776612766.425016403 0.565747201 0.312613934 0.188361108 0.077682368 0.988782942 0.122444674 -0.035791684 4.183170795 2.065021753 -2.838838816 0.000000000 0.000000000 -12.000000000 -0.005464954 0.126698181
1776612766.429495573 0.566952586 0.312949866 0.188484818 0.077895679 0.988795996 0.122448809 -0.034943122 4.198858738 2.039044619 -2.959367514 0.000000000 0.000000000 -12.000000000 -0.005333306 0.126942500
1776612766.434821606 0.568185747 0.313279390 0.188633084 0.078093037 0.988809645 0.122460432 -0.034065131 4.216514587 2.011885166 -3.083662510 0.000000000 0.000000000 -12.000000000 -0.005202955 0.127197921
1776612766.439822435 0.569455087 0.313595176 0.188817024 0.078284636 0.988822401 0.122486748 -0.033148598 4.236252785 1.983527303 -3.211493492 0.000000000 0.000000000 -12.000000000 -0.005072962 0.127465144
1776612766.444716215 0.570723414 0.313892633 0.189003825 0.078459568 0.988836110 0.122507453 -0.032235365 4.258161545 1.953972340 -3.342628002 0.000000000 0.000000000 -12.000000000 -0.004944720 0.127744615
1776612766.449780226 0.571937442 0.314167410 0.189161211 0.078607105 0.988852918 0.122500226 -0.031376451 4.282303810 1.923241615 -3.476831675 0.000000000 0.000000000 -12.000000000 -0.004817449 0.128034130
1776612766.454696655 0.573118448 0.314372838 0.189285994 0.078765117 0.988872409 0.122443989 -0.030574983 4.308718681 1.891377687 -3.613866091 0.000000000 0.000000000 -12.000000000 -0.004691151 0.128331944
1776612766.459864378 0.574302793 0.314533353 0.189391017 0.078929052 0.988894045 0.122358926 -0.029784460 4.337424755 1.858446121 -3.753488064 0.000000000 0.000000000 -12.000000000 -0.004565347 0.128637642
1776612766.464792967 0.575497448 0.314667523 0.189463347 0.079070166 0.988919377 0.122254148 -0.028988114 4.368414879 1.824536443 -3.895449400 0.000000000 0.000000000 -12.000000000 -0.004442202 0.128951654
1776612766.469813108 0.577985466 0.314808667 0.189654320 0.079351112 0.988975227 0.122004889 -0.027317716 4.401656151 1.789764643 -4.039496422 0.000000000 0.000000000 -12.000000000 -0.004319838 0.129281387
1776612766.474503756 0.577985466 0.314808667 0.189654320 0.079351112 0.988975227 0.122004889 -0.027317716 4.437090874 1.754273176 -4.185370922 0.000000000 0.000000000 -12.000000000 -0.004199744 0.129611537
1776612766.479918003 0.579249740 0.314828277 0.189781696 0.079476237 0.989008546 0.121842846 -0.026456684 4.474636078 1.718234777 -4.332808971 0.000000000 0.000000000 -12.000000000 -0.004081014 0.129949868
1776612766.484593391 0.580476522 0.314776421 0.189882129 0.079571322 0.989050806 0.121614084 -0.025630785 4.514185905 1.681854606 -4.481538773 0.000000000 0.000000000 -12.000000000 -0.003963463 0.130295187
1776612766.489838362 0.581694484 0.314653456 0.189953923 0.079650737 0.989099503 0.121332794 -0.024824362 4.555612087 1.645371079 -4.631283283 0.000000000 0.000000000 -12.000000000 -0.003845603 0.130646974
1776612766.494508505 0.582863569 0.314487427 0.189978302 0.079727590 0.989151299 0.121008068 -0.024088521 4.598769665 1.609052300 -4.781754971 0.000000000 0.000000000 -12.000000000 -0.003729996 0.131004184
1776612766.499532700 0.583998680 0.314287543 0.189962447 0.079799049 0.989206612 0.120644152 -0.023395242 4.643494606 1.573193669 -4.932660103 0.000000000 0.000000000 -12.000000000 -0.003613789 0.131367430
1776612766.504562616 0.585110009 0.314009219 0.189913958 0.079889417 0.989266157 0.120220065 -0.022743095 4.689602375 1.538114071 -5.083699226 0.000000000 0.000000000 -12.000000000 -0.003499187 0.131734595
1776612766.509541512 0.586196065 0.313672811 0.189869821 0.080007620 0.989326477 0.119756788 -0.022141047 4.736881256 1.504153371 -5.234568119 0.000000000 0.000000000 -12.000000000 -0.003384978 0.132105738
1776612766.514714718 0.587141156 0.313281894 0.189828068 0.080137715 0.989387393 0.119243033 -0.021716360 4.785087109 1.471668720 -5.384962082 0.000000000 0.000000000 -12.000000000 -0.003272909 0.132477909
1776612766.519734621 0.588011444 0.312860996 0.189792365 0.080278896 0.989445925 0.118718438 -0.021400724 4.833935738 1.441033244 -5.534577847 0.000000000 0.000000000 -12.000000000 -0.003161892 0.132850736
1776612766.524806261 0.588637829 0.312369704 0.189725012 0.080403164 0.989508212 0.118116148 -0.021388363 4.883094788 1.412635088 -5.683118343 0.000000000 0.000000000 -12.000000000 -0.003053026 0.133220851
1776612766.529833317 0.589062631 0.311840266 0.189639419 0.080520861 0.989569783 0.117471695 -0.021643430 4.932174206 1.386875749 -5.830294132 0.000000000 0.000000000 -12.000000000 -0.002946227 0.133587271
1776612766.535314322 0.589373827 0.311296701 0.189550221 0.080671228 0.989623189 0.116837554 -0.022069715 4.980719090 1.364166617 -5.975824356 0.000000000 0.000000000 -12.000000000 -0.002842230 0.133950248
1776612766.539623499 0.589574456 0.310726345 0.189444005 0.080853611 0.989669561 0.116202854 -0.022667198 5.028210640 1.344923019 -6.119437218 0.000000000 0.000000000 -12.000000000 -0.002740931 0.134308875
1776612766.544844389 0.589644670 0.310145199 0.189328283 0.081067353 0.989707410 0.115574606 -0.023448654 5.074069977 1.329558253 -6.260867119 0.000000000 0.000000000 -12.000000000 -0.002642150 0.134660140
1776612766.549505949 0.589633465 0.309607029 0.189252883 0.081286319 0.989736021 0.114989422 -0.024342384 5.117671013 1.318476439 -6.399855137 0.000000000 0.000000000 -12.000000000 -0.002546400 0.135005444
1776612766.554499388 0.589583457 0.309060037 0.189197659 0.081524774 0.989758790 0.114417061 -0.025297185 5.158358097 1.312066317 -6.536147594 0.000000000 0.000000000 -12.000000000 -0.002453340 0.135345101
1776612766.559537649 0.589521646 0.308480799 0.189130485 0.081823535 0.989771962 0.113862917 -0.026298827 5.195458412 1.310691595 -6.669495583 0.000000000 0.000000000 -12.000000000 -0.002362862 0.135678381
1776612766.564533949 0.589447975 0.307893097 0.189042091 0.082170732 0.989774525 0.113343947 -0.027340824 5.228300571 1.314681292 -6.799651146 0.000000000 0.000000000 -12.000000000 -0.002275795 0.136005029
1776612766.569503784 0.589382887 0.307307303 0.188923419 0.082553498 0.989768624 0.112856768 -0.028396621 5.256232738 1.324318767 -6.926366329 0.000000000 0.000000000 -12.000000000 -0.002191544 0.136324003
1776612766.574567080 0.589341283 0.306734443 0.188776642 0.082959488 0.989755213 0.112409495 -0.029435366 5.278638363 1.339833498 -7.049389362 0.000000000 0.000000000 -12.000000000 -0.002110371 0.136635080
1776612766.579491138 0.589333177 0.306202680 0.188608646 0.083381400 0.989732802 0.112025872 -0.030441977 5.294953823 1.361394048 -7.168462753 0.000000000 0.000000000 -12.000000000 -0.002030510 0.136938453
1776612766.584687710 0.589337945 0.305724174 0.188445836 0.083818123 0.989699662 0.111720063 -0.031427775 5.304681301 1.389101386 -7.283325672 0.000000000 0.000000000 -12.000000000 -0.001953363 0.137236297
1776612766.589523315 0.589432716 0.305294812 0.188321739 0.084288836 0.989652693 0.111527875 -0.032318667 5.307405949 1.422984958 -7.393715382 0.000000000 0.000000000 -12.000000000 -0.001877098 0.137529507
1776612766.594626665 0.589617968 0.304906130 0.188236237 0.084779486 0.989593327 0.111451790 -0.033105318 5.302804470 1.463000536 -7.499370098 0.000000000 0.000000000 -12.000000000 -0.001802735 0.137820289
1776612766.599867105 0.589887023 0.304560363 0.188155502 0.085305758 0.989521146 0.111482576 -0.033799626 5.290654182 1.509029269 -7.600036144 0.000000000 0.000000000 -12.000000000 -0.001730612 0.138109863
1776612766.604566097 0.590150654 0.304248065 0.188051164 0.085831739 0.989442289 0.111568488 -0.034487467 5.270838261 1.560881019 -7.695468426 0.000000000 0.000000000 -12.000000000 -0.001660326 0.138397783
1776612766.609838486 0.590427756 0.303984076 0.187929213 0.086356834 0.989354968 0.111726657 -0.035162855 5.243348598 1.618298292 -7.785436630 0.000000000 0.000000000 -12.000000000 -0.001591985 0.138684854
1776612766.614544392 0.590721667 0.303695232 0.187801898 0.086881958 0.989262998 0.111924790 -0.035820976 5.208281994 1.680963755 -7.869731903 0.000000000 0.000000000 -12.000000000 -0.001525241 0.138969749
1776612766.619775534 0.591043234 0.303390026 0.187668413 0.087362632 0.989170730 0.112162665 -0.036449146 5.165838242 1.748507857 -7.948173046 0.000000000 0.000000000 -12.000000000 -0.001460784 0.139252245
1776612766.624512434 0.591354072 0.303098619 0.187554598 0.087764569 0.989078999 0.112452514 -0.037075389 5.116310120 1.820518374 -8.020619392 0.000000000 0.000000000 -12.000000000 -0.001398564 0.139532954
1776612766.629567862 0.591660619 0.302776933 0.187430710 0.088140354 0.988986373 0.112760760 -0.037712462 5.060077667 1.896550179 -8.086976051 0.000000000 0.000000000 -12.000000000 -0.001336671 0.139810055
1776612766.634577036 0.591915905 0.302460015 0.187309712 0.088454209 0.988894820 0.113087691 -0.038394202 4.997600079 1.976134777 -8.147201538 0.000000000 0.000000000 -12.000000000 -0.001276623 0.140084520
1776612766.639497757 0.592153370 0.302159309 0.187195241 0.088698573 0.988804698 0.113446735 -0.039085291 4.929405212 2.058789492 -8.201314926 0.000000000 0.000000000 -12.000000000 -0.001218135 0.140357047
1776612766.644545078 0.592355311 0.301865518 0.187068671 0.088899262 0.988714397 0.113825217 -0.039806936 4.856080055 2.144027948 -8.249398232 0.000000000 0.000000000 -12.000000000 -0.001160871 0.140627354
1776612766.649853468 0.592511237 0.301561236 0.186928689 0.089081116 0.988621950 0.114213586 -0.040576484 4.778254032 2.231366634 -8.291604996 0.000000000 0.000000000 -12.000000000 -0.001104187 0.140893757
1776612766.654536963 0.592603803 0.301242620 0.186773300 0.089251392 0.988526702 0.114604056 -0.041413128 4.696589470 2.320334196 -8.328156471 0.000000000 0.000000000 -12.000000000 -0.001048763 0.141155928
1776612766.659545898 0.592646182 0.300907165 0.186605960 0.089435622 0.988425374 0.115006872 -0.042307884 4.611767292 2.410477877 -8.359344482 0.000000000 0.000000000 -12.000000000 -0.000993255 0.141412303
1776612766.664598465 0.592623353 0.300269872 0.186314553 0.089841686 0.988203406 0.115887187 -0.044188440 4.524474621 2.501372814 -8.385528564 0.000000000 0.000000000 -12.000000000 -0.000937007 0.141661033
1776612766.669497728 0.592623353 0.300269872 0.186314553 0.089841686 0.988203406 0.115887187 -0.044188440 4.435392380 2.592625856 -8.407131195 0.000000000 0.000000000 -12.000000000 -0.000881908 0.141907439
1776612766.674527645 0.592553198 0.299959689 0.186161488 0.090068400 0.988084435 0.116344765 -0.045173835 4.345182896 2.683880806 -8.424635887 0.000000000 0.000000000 -12.000000000 -0.000827870 0.142148659
1776612766.679553032 0.592447340 0.299669385 0.186022460 0.090310425 0.987959504 0.116820917 -0.046183135 4.254479885 2.774819374 -8.438578606 0.000000000 0.000000000 -12.000000000 -0.000774833 0.142385885
1776612766.684915066 0.592298269 0.299395114 0.185888529 0.090560198 0.987829387 0.117310673 -0.047225036 4.163879871 2.865163088 -8.449547768 0.000000000 0.000000000 -12.000000000 -0.000721555 0.142617911
1776612766.689877987 0.592097878 0.299107522 0.185767442 0.090832978 0.987694800 0.117790096 -0.048309818 4.073933125 2.954674721 -8.458171844 0.000000000 0.000000000 -12.000000000 -0.000669141 0.142845750
1776612766.694662094 0.591902256 0.298819095 0.185666323 0.091108263 0.987558246 0.118281320 -0.049371224 3.985136032 3.043159485 -8.465117455 0.000000000 0.000000000 -12.000000000 -0.000616787 0.143068850
1776612766.699718237 0.591708362 0.298530877 0.185584217 0.091416396 0.987416327 0.118787423 -0.050414678 3.897922516 3.130464077 -8.471077919 0.000000000 0.000000000 -12.000000000 -0.000565072 0.143287152
1776612766.704502344 0.591481686 0.298225880 0.185487866 0.091712959 0.987274468 0.119278669 -0.051482428 3.812663317 3.216476679 -8.476765633 0.000000000 0.000000000 -12.000000000 -0.000515190 0.143501759
1776612766.709524393 0.591250777 0.297902226 0.185390294 0.092025511 0.987132311 0.119753525 -0.052537650 3.729664803 3.301122427 -8.482905388 0.000000000 0.000000000 -12.000000000 -0.000465712 0.143710986
1776612766.714502811 0.591022611 0.297559589 0.185277909 0.092332363 0.986991048 0.120219715 -0.053578503 3.649167299 3.384362221 -8.490223885 0.000000000 0.000000000 -12.000000000 -0.000416267 0.143914372
1776612766.719545126 0.590786695 0.297192305 0.185161948 0.092645116 0.986850083 0.120670356 -0.054612357 3.571345806 3.466191769 -8.499439240 0.000000000 0.000000000 -12.000000000 -0.000367313 0.144111738
1776612766.724885225 0.590557933 0.296810538 0.185056090 0.092941783 0.986711383 0.121115245 -0.055620167 3.496310949 3.546637774 -8.511252403 0.000000000 0.000000000 -12.000000000 -0.000319927 0.144303828
1776612766.729529142 0.590347171 0.296421498 0.184953690 0.093227468 0.986574352 0.121563427 -0.056586634 3.424111605 3.625753880 -8.526343346 0.000000000 0.000000000 -12.000000000 -0.000272870 0.144489974
1776612766.734657526 0.590120673 0.296007395 0.184864908 0.093491472 0.986439884 0.121997096 -0.057553548 3.354742527 3.703616619 -8.545358658 0.000000000 0.000000000 -12.000000000 -0.000226658 0.144670382
1776612766.739577293 0.589572668 0.295134664 0.184624106 0.093960032 0.986178756 0.122795179 -0.059534185 3.288150787 3.780318022 -8.568908691 0.000000000 0.000000000 -12.000000000 -0.000181827 0.144838631
1776612766.744535685 0.589572668 0.295134664 0.184624106 0.093960032 0.986178756 0.122795179 -0.059534185 3.224241257 3.855964899 -8.597558022 0.000000000 0.000000000 -12.000000000 -0.000138064 0.145007089
1776612766.749538183 0.589288294 0.294703037 0.184497029 0.094155028 0.986050844 0.123197429 -0.060505595 3.162884235 3.930673838 -8.631819725 0.000000000 0.000000000 -12.000000000 -0.000096206 0.145170391
1776612766.754714251 0.588989735 0.294247627 0.184368283 0.094334371 0.985925615 0.123583004 -0.061473306 3.103919983 4.004570007 -8.672146797 0.000000000 0.000000000 -12.000000000 -0.000054873 0.145326898
1776612766.759569168 0.588668048 0.293767869 0.184229404 0.094522253 0.985798836 0.123956636 -0.062457550 3.047163725 4.077780724 -8.718935013 0.000000000 0.000000000 -12.000000000 -0.000014619 0.145475805
1776612766.764569759 0.588332951 0.293274671 0.184107006 0.094703123 0.985672116 0.124326833 -0.063439891 2.992411137 4.150432587 -8.772512436 0.000000000 0.000000000 -12.000000000 0.000025086 0.145617008
1776612766.769507408 0.587993443 0.292782158 0.183999687 0.094867766 0.985545933 0.124704815 -0.064405248 2.939443827 4.222645760 -8.833139420 0.000000000 0.000000000 -12.000000000 0.000062165 0.145752132
1776612766.774466515 0.587657392 0.292304099 0.183914095 0.095022641 0.985418737 0.125100151 -0.065349549 2.888033628 4.294528961 -8.901003838 0.000000000 0.000000000 -12.000000000 0.000098312 0.145880774
1776612766.779541492 0.587285817 0.291819453 0.183811128 0.095158696 0.985292733 0.125476018 -0.066323444 2.837948322 4.366177082 -8.976222992 0.000000000 0.000000000 -12.000000000 0.000133367 0.146002501
1776612766.784572363 0.586886287 0.291333884 0.183690757 0.095298029 0.985164404 0.125846192 -0.067320585 2.788955927 4.437664986 -9.058838844 0.000000000 0.000000000 -12.000000000 0.000166023 0.146118164
1776612766.789838076 0.586478233 0.290854007 0.183578551 0.095418349 0.985036254 0.126222089 -0.068314388 2.740828276 4.509046555 -9.148815155 0.000000000 0.000000000 -12.000000000 0.000196786 0.146227390
1776612766.794596672 0.586094379 0.290393293 0.183476448 0.095546730 0.984905601 0.126625240 -0.069266722 2.693341494 4.580354691 -9.246047020 0.000000000 0.000000000 -12.000000000 0.000225814 0.146330133
1776612766.799514055 0.585675776 0.289933115 0.183367342 0.095664106 0.984773695 0.127022773 -0.070245109 2.646279812 4.651598454 -9.350351334 0.000000000 0.000000000 -12.000000000 0.000252987 0.146426991
1776612766.804968834 0.585252106 0.289458156 0.183257937 0.095775180 0.984644651 0.127400264 -0.071212217 2.599439383 4.722762585 -9.461478233 0.000000000 0.000000000 -12.000000000 0.000278355 0.146517500
1776612766.809932232 0.584862590 0.289007485 0.183149397 0.095889710 0.984515846 0.127795830 -0.072124623 2.552635193 4.793806553 -9.579113007 0.000000000 0.000000000 -12.000000000 0.000300488 0.146603733
1776612766.814821243 0.584479690 0.288566530 0.183038950 0.095994808 0.984388351 0.128194958 -0.073011369 2.505707502 4.864666462 -9.702879906 0.000000000 0.000000000 -12.000000000 0.000319338 0.146685034
1776612766.819968939 0.584134996 0.288108200 0.182919860 0.096120432 0.984263361 0.128584966 -0.073840685 2.458527088 4.935256004 -9.832348824 0.000000000 0.000000000 -12.000000000 0.000333148 0.146763653
1776612766.824891090 0.583443820 0.287143201 0.182637274 0.096416049 0.984012544 0.129332066 -0.075475104 2.410997868 5.005472183 -9.967041016 0.000000000 0.000000000 -12.000000000 0.000342173 0.146833226
1776612766.829885483 0.583443820 0.287143201 0.182637274 0.096416049 0.984012544 0.129332066 -0.075475104 2.363057375 5.075199127 -10.106431007 0.000000000 0.000000000 -12.000000000 0.000348520 0.146902964
1776612766.834890604 0.583157539 0.286669910 0.182490259 0.096582949 0.983888268 0.129724845 -0.076204523 2.314675093 5.144312382 -10.249958992 0.000000000 0.000000000 -12.000000000 0.000351232 0.146968544
1776612766.839927912 0.582899153 0.286220044 0.182361573 0.096755601 0.983762562 0.130145490 -0.076887675 2.265853643 5.212681293 -10.397031784 0.000000000 0.000000000 -12.000000000 0.000351155 0.147030473
1776612766.844959021 0.582672238 0.285807341 0.182260960 0.096941769 0.983631790 0.130618900 -0.077520914 2.216632128 5.280169487 -10.547033310 0.000000000 0.000000000 -12.000000000 0.000346577 0.147090867
1776612766.849896193 0.582464814 0.285459876 0.182185978 0.097158365 0.983488381 0.131177157 -0.078124478 2.167088509 5.346630573 -10.699332237 0.000000000 0.000000000 -12.000000000 0.000339345 0.147149220
1776612766.854870558 0.582258224 0.285139143 0.182110578 0.097402930 0.983335435 0.131782636 -0.078723617 2.117340565 5.411904812 -10.853283882 0.000000000 0.000000000 -12.000000000 0.000327599 0.147206947
1776612766.859963179 0.582131565 0.284858882 0.182052523 0.097686552 0.983173430 0.132474512 -0.079232752 2.067544699 5.475812912 -11.008244514 0.000000000 0.000000000 -12.000000000 0.000311206 0.147264794
1776612766.864797831 0.582051635 0.284631252 0.182009161 0.098002896 0.983000994 0.133244947 -0.079688862 2.017894030 5.538160801 -11.163574219 0.000000000 0.000000000 -12.000000000 0.000292186 0.147321999
1776612766.869946241 0.582010627 0.284465492 0.181986451 0.098318174 0.982821584 0.134092093 -0.080091082 1.968613625 5.598740578 -11.318647385 0.000000000 0.000000000 -12.000000000 0.000270304 0.147379816
1776612766.874671459 0.581986785 0.284355998 0.181979179 0.098650545 0.982631683 0.135010943 -0.080467574 1.919958830 5.657335758 -11.472854614 0.000000000 0.000000000 -12.000000000 0.000245590 0.147438809
1776612766.879933834 0.581989110 0.284258187 0.181972921 0.098990977 0.982436538 0.135971203 -0.080815010 1.872207880 5.713726044 -11.625608444 0.000000000 0.000000000 -12.000000000 0.000218082 0.147498533
1776612766.884819984 0.582040727 0.284166217 0.181976229 0.099367835 0.982234597 0.136972651 -0.081115149 1.825654984 5.767689705 -11.776350021 0.000000000 0.000000000 -12.000000000 0.000188671 0.147557750
1776612766.889837503 0.582112312 0.284078717 0.181985050 0.099740401 0.982030094 0.137999937 -0.081392929 1.780603170 5.819011211 -11.924547195 0.000000000 0.000000000 -12.000000000 0.000156576 0.147617459
1776612766.894556522 0.582187593 0.284009069 0.182005107 0.100105546 0.981820881 0.139058232 -0.081666484 1.737356544 5.867482185 -12.069702148 0.000000000 0.000000000 -12.000000000 0.000121867 0.147677854
1776612766.900095463 0.582269192 0.283957452 0.182032049 0.100460596 0.981608629 0.140140906 -0.081930719 1.696214199 5.912907124 -12.211352348 0.000000000 0.000000000 -12.000000000 0.000084619 0.147739217
1776612766.904557467 0.582378864 0.283804744 0.182047933 0.101134568 0.981185794 0.142268315 -0.082498156 1.657465339 5.955105305 -12.349070549 0.000000000 0.000000000 -12.000000000 0.000044920 0.147800639
1776612766.909584045 0.582378864 0.283804744 0.182047933 0.101134568 0.981185794 0.142268315 -0.082498156 1.621383429 5.993911743 -12.482463837 0.000000000 0.000000000 -12.000000000 0.000002862 0.147862166
1776612766.914546013 0.582457840 0.283717424 0.182059258 0.101459220 0.980976105 0.143336549 -0.082744122 1.588221192 6.029184341 -12.611182213 0.000000000 0.000000000 -12.000000000 -0.000041455 0.147923768
1776612766.919957638 0.582509458 0.283622891 0.182049632 0.101773873 0.980765939 0.144392312 -0.083012700 1.558207989 6.060803413 -12.734908104 0.000000000 0.000000000 -12.000000000 -0.000087925 0.147984967
1776612766.924553633 0.582545340 0.283525705 0.182030082 0.102072313 0.980557024 0.145438373 -0.083288021 1.531547308 6.088674545 -12.853365898 0.000000000 0.000000000 -12.000000000 -0.000136435 0.148045719
1776612766.929556370 0.582569242 0.283428133 0.182005703 0.102376081 0.980345726 0.146482781 -0.083571784 1.508415341 6.112730980 -12.966314316 0.000000000 0.000000000 -12.000000000 -0.000186872 0.148105949
1776612766.934560537 0.582563519 0.283327103 0.181968957 0.102673240 0.980133772 0.147513837 -0.083879001 1.488959908 6.132933140 -13.073549271 0.000000000 0.000000000 -12.000000000 -0.000239114 0.148165390
1776612766.939691782 0.582556188 0.283229351 0.181940734 0.102964193 0.979921043 0.148548692 -0.084180892 1.473299980 6.149271965 -13.174907684 0.000000000 0.000000000 -12.000000000 -0.000293040 0.148224309
1776612766.944527149 0.582544684 0.283121139 0.181900740 0.103266314 0.979706645 0.149577558 -0.084483936 1.461524606 6.161769867 -13.270263672 0.000000000 0.000000000 -12.000000000 -0.000348525 0.148282319
1776612766.949743748 0.582538068 0.283002496 0.181860328 0.103579313 0.979491115 0.150601983 -0.084779561 1.453693390 6.170481682 -13.359534264 0.000000000 0.000000000 -12.000000000 -0.000405704 0.148338154
1776612766.954524517 0.582539916 0.282878041 0.181819528 0.103887983 0.979276776 0.151621982 -0.085059091 1.449837446 6.175495625 -13.442674637 0.000000000 0.000000000 -12.000000000 -0.000464191 0.148393139
1776612766.959496260 0.582542956 0.282754332 0.181778193 0.104204401 0.979060531 0.152642861 -0.085335039 1.449960709 6.176933765 -13.519687653 0.000000000 0.000000000 -12.000000000 -0.000523120 0.148446232
1776612766.964509249 0.582551897 0.282608926 0.181731433 0.104529276 0.978845239 0.153648868 -0.085601382 1.454041481 6.174950123 -13.590616226 0.000000000 0.000000000 -12.000000000 -0.000582695 0.148497924
1776612766.969607830 0.582572222 0.282453477 0.181681424 0.104854129 0.978631139 0.154649004 -0.085851222 1.462034225 6.169732571 -13.655547142 0.000000000 0.000000000 -12.000000000 -0.000643224 0.148547024
1776612766.974613428 0.582618117 0.282306045 0.181643397 0.105185308 0.978416562 0.155657917 -0.086068183 1.473871112 6.161500931 -13.714610100 0.000000000 0.000000000 -12.000000000 -0.000703302 0.148592979
1776612766.980000734 0.582669020 0.282173425 0.181607753 0.105506115 0.978201449 0.156675026 -0.086274497 1.489465117 6.150505066 -13.767981529 0.000000000 0.000000000 -12.000000000 -0.000763850 0.148638964
1776612766.984615326 0.582776308 0.282021284 0.181572318 0.105829790 0.977993786 0.157677323 -0.086406529 1.508714318 6.137026310 -13.815875053 0.000000000 0.000000000 -12.000000000 -0.000824134 0.148684502
1776612766.989900827 0.582880735 0.281852990 0.181519628 0.106149584 0.977790892 0.158650070 -0.086529933 1.531509161 6.121375084 -13.858546257 0.000000000 0.000000000 -12.000000000 -0.000884892 0.148730651
1776612766.994638443 0.582972348 0.281687915 0.181453615 0.106455274 0.977590621 0.159607455 -0.086656608 1.557738781 6.103890896 -13.896287918 0.000000000 0.000000000 -12.000000000 -0.000945346 0.148776576
1776612766.999887466 0.583090842 0.281484097 0.181376100 0.106756151 0.977400243 0.160522848 -0.086742833 1.587297440 6.084939957 -13.929425240 0.000000000 0.000000000 -12.000000000 -0.001005295 0.148822203
1776612767.004554749 0.583387733 0.280948579 0.181202531 0.107366495 0.977045059 0.162223473 -0.086826965 1.620088696 6.064916134 -13.958319664 0.000000000 0.000000000 -12.000000000 -0.001066210 0.148869082
1776612767.009823799 0.583387733 0.280948579 0.181202531 0.107366495 0.977045059 0.162223473 -0.086826965 1.656029224 6.044240952 -13.983360291 0.000000000 0.000000000 -12.000000000 -0.001127374 0.148916006
1776612767.014612913 0.583539844 0.280650675 0.181105405 0.107648425 0.976881087 0.163015097 -0.086840168 1.695051551 6.023364067 -14.004967690 0.000000000 0.000000000 -12.000000000 -0.001189487 0.148964718
1776612767.019929886 0.583681583 0.280321687 0.181002706 0.107908048 0.976727605 0.163757756 -0.086846873 1.737108469 6.002760410 -14.023586273 0.000000000 0.000000000 -12.000000000 -0.001250339 0.149012834
1776612767.024554014 0.583816409 0.279960454 0.180896699 0.108142763 0.976585984 0.164447382 -0.086844489 1.782177210 5.982930660 -14.039680481 0.000000000 0.000000000 -12.000000000 -0.001311545 0.149062395
1776612767.029815912 0.584018052 0.279582083 0.180796027 0.108374141 0.976458013 0.165107623 -0.086742356 1.830265522 5.964396000 -14.053733826 0.000000000 0.000000000 -12.000000000 -0.001371529 0.149113268
1776612767.034524202 0.584215999 0.279198438 0.180687129 0.108565107 0.976342559 0.165728047 -0.086620227 1.881416678 5.947694778 -14.066247940 0.000000000 0.000000000 -12.000000000 -0.001430801 0.149166480
1776612767.040428638 0.584407032 0.278823018 0.180556238 0.108740449 0.976233661 0.166324005 -0.086485438 1.935713291 5.933374405 -14.077733040 0.000000000 0.000000000 -12.000000000 -0.001491857 0.149225265
1776612767.044863462 0.584578276 0.278421730 0.180392772 0.108910687 0.976134181 0.166860402 -0.086360224 1.993278027 5.921982765 -14.088707924 0.000000000 0.000000000 -12.000000000 -0.001551723 0.149286062
1776612767.049886942 0.584758401 0.278005540 0.180229187 0.109066956 0.976044476 0.167360425 -0.086209431 2.054271698 5.914061069 -14.099699020 0.000000000 0.000000000 -12.000000000 -0.001609540 0.149348438
1776612767.054848909 0.584941387 0.277582467 0.180066586 0.109210953 0.975962758 0.167827636 -0.086043678 2.118888140 5.910141468 -14.111229897 0.000000000 0.000000000 -12.000000000 -0.001667093 0.149414808
1776612767.059792519 0.585107744 0.277131528 0.179904550 0.109351218 0.975887537 0.168252155 -0.085889392 2.187347889 5.910739422 -14.123827934 0.000000000 0.000000000 -12.000000000 -0.001724932 0.149485424
1776612767.064994097 0.585278690 0.276672572 0.179760545 0.109502234 0.975813210 0.168666959 -0.085728183 2.259893417 5.916351795 -14.138016701 0.000000000 0.000000000 -12.000000000 -0.001782583 0.149559379
1776612767.069912195 0.585445821 0.276200652 0.179624796 0.109662540 0.975740910 0.169061169 -0.085569277 2.336781740 5.927451611 -14.154316902 0.000000000 0.000000000 -12.000000000 -0.001840626 0.149637118
1776612767.074963093 0.585561991 0.275701165 0.179483861 0.109818347 0.975672305 0.169408008 -0.085466184 2.418277502 5.944480419 -14.173249245 0.000000000 0.000000000 -12.000000000 -0.001899346 0.149718583
1776612767.079845667 0.585662663 0.275200725 0.179355085 0.109982766 0.975603819 0.169739932 -0.085377701 2.504643202 5.967844963 -14.195322990 0.000000000 0.000000000 -12.000000000 -0.001958274 0.149802610
1776612767.084858418 0.585746646 0.274700224 0.179229707 0.110141695 0.975537479 0.170056283 -0.085301191 2.596131802 5.997914791 -14.221043587 0.000000000 0.000000000 -12.000000000 -0.002018866 0.149890766
1776612767.089598656 0.585799634 0.274199605 0.179101706 0.110292286 0.975471854 0.170356840 -0.085257694 2.692977667 6.035019398 -14.250902176 0.000000000 0.000000000 -12.000000000 -0.002080115 0.149981067
1776612767.094618082 0.585821688 0.273706138 0.178971767 0.110448562 0.975403786 0.170649126 -0.085249424 2.795389414 6.079447269 -14.285372734 0.000000000 0.000000000 -12.000000000 -0.002142326 0.150074720
1776612767.099910736 0.585846186 0.273211002 0.178855211 0.110596716 0.975338101 0.170936361 -0.085233569 2.903544426 6.131443977 -14.324910164 0.000000000 0.000000000 -12.000000000 -0.002204508 0.150170013
1776612767.107108831 0.585900187 0.272271931 0.178671539 0.110898457 0.975203395 0.171537250 -0.085175641 3.017583847 6.191210747 -14.369942665 0.000000000 0.000000000 -12.000000000 -0.002268351 0.150273204
1776612767.109892130 0.585942388 0.271813810 0.178593934 0.111069262 0.975132823 0.171852440 -0.085125387 3.137609482 6.258900642 -14.420873642 0.000000000 0.000000000 -12.000000000 -0.002333512 0.150379285
1776612767.114832163 0.585942388 0.271813810 0.178593934 0.111069262 0.975132823 0.171852440 -0.085125387 3.263683558 6.334620476 -14.478075027 0.000000000 0.000000000 -12.000000000 -0.002400129 0.150484860
1776612767.119816065 0.585986674 0.271355927 0.178520650 0.111247540 0.975060344 0.172174662 -0.085072048 3.395827293 6.418428421 -14.541887283 0.000000000 0.000000000 -12.000000000 -0.002468354 0.150593132
1776612767.124812603 0.586028576 0.270896107 0.178440511 0.111443773 0.974985600 0.172495306 -0.085022308 3.534016132 6.510327816 -14.612604141 0.000000000 0.000000000 -12.000000000 -0.002537644 0.150703311
1776612767.132928848 0.586067796 0.270432234 0.178337425 0.111639604 0.974911034 0.172811672 -0.084977329 3.678174496 6.610265255 -14.690464973 0.000000000 0.000000000 -12.000000000 -0.002607486 0.150816068
1776612767.134917498 0.586140037 0.269524962 0.178128421 0.112055942 0.974757910 0.173451647 -0.084882602 3.828175306 6.718129635 -14.775653839 0.000000000 0.000000000 -12.000000000 -0.002679039 0.150935158
1776612767.139683723 0.586140037 0.269524962 0.178128421 0.112055942 0.974757910 0.173451647 -0.084882602 3.983840942 6.833754539 -14.868288040 0.000000000 0.000000000 -12.000000000 -0.002752797 0.151053712
1776612767.144651175 0.586179435 0.269084811 0.178037941 0.112260468 0.974682152 0.173776701 -0.084817022 4.144944191 6.956918240 -14.968423843 0.000000000 0.000000000 -12.000000000 -0.002828928 0.151174769
1776612767.149586439 0.586179435 0.269084811 0.178037941 0.112260468 0.974682152 0.173776701 -0.084817022 4.311209202 7.087348461 -15.076050758 0.000000000 0.000000000 -12.000000000 -0.002907567 0.151295274
1776612767.154515505 0.586239874 0.268240124 0.177892655 0.112641260 0.974528968 0.174451441 -0.084687583 4.482314587 7.224724293 -15.191093445 0.000000000 0.000000000 -12.000000000 -0.002989761 0.151422486
1776612767.159513950 0.586255074 0.267814577 0.177799493 0.112837598 0.974451065 0.174782753 -0.084639184 4.657895088 7.368682384 -15.313410759 0.000000000 0.000000000 -12.000000000 -0.003073818 0.151551828
1776612767.164525032 0.586268187 0.267386079 0.177691698 0.113025084 0.974375010 0.175108060 -0.084592074 4.837543964 7.518821239 -15.442799568 0.000000000 0.000000000 -12.000000000 -0.003160826 0.151683092
1776612767.172131062 0.586274266 0.266951680 0.177586645 0.113209374 0.974299312 0.175430387 -0.084549740 5.020816803 7.674705505 -15.578995705 0.000000000 0.000000000 -12.000000000 -0.003250928 0.151817888
1776612767.174616575 0.586288750 0.266525090 0.177494794 0.113384306 0.974225938 0.175755799 -0.084484786 5.207233906 7.835871696 -15.721682549 0.000000000 0.000000000 -12.000000000 -0.003343984 0.151955292
1776612767.179577827 0.586302400 0.266115397 0.177421421 0.113551117 0.974152684 0.176091447 -0.084406659 5.396285057 8.001831055 -15.870492935 0.000000000 0.000000000 -12.000000000 -0.003440377 0.152095348
1776612767.184503555 0.586297572 0.265711188 0.177354425 0.113704406 0.974079847 0.176426575 -0.084341250 5.587431908 8.172076225 -16.025016785 0.000000000 0.000000000 -12.000000000 -0.003540601 0.152238771
1776612767.189555645 0.586273551 0.265314668 0.177274257 0.113840915 0.974008739 0.176754490 -0.084291756 5.780115604 8.346088409 -16.184806824 0.000000000 0.000000000 -12.000000000 -0.003641835 0.152383596
1776612767.194902182 0.586245596 0.264922202 0.177182734 0.113987468 0.973935723 0.177082226 -0.084249064 5.973759174 8.523337364 -16.349380493 0.000000000 0.000000000 -12.000000000 -0.003745053 0.152530253
1776612767.199580908 0.586203396 0.264544368 0.177098572 0.114115864 0.973863244 0.177416891 -0.084209040 6.167774677 8.703296661 -16.518238068 0.000000000 0.000000000 -12.000000000 -0.003851120 0.152678788
1776612767.204802036 0.586163938 0.264179945 0.177026987 0.114253290 0.973788857 0.177761659 -0.084155880 6.361563683 8.885439873 -16.690853119 0.000000000 0.000000000 -12.000000000 -0.003961674 0.152829394
1776612767.209915638 0.586107492 0.263815522 0.176958174 0.114378422 0.973716021 0.178101406 -0.084110327 6.554524899 9.069252014 -16.866691589 0.000000000 0.000000000 -12.000000000 -0.004075216 0.152980849
1776612767.214578629 0.586031079 0.263448596 0.176888078 0.114510193 0.973642588 0.178430289 -0.084084347 6.746057034 9.254227638 -17.045202255 0.000000000 0.000000000 -12.000000000 -0.004191829 0.153132960
1776612767.219706535 0.585952461 0.263074458 0.176808238 0.114636138 0.973570943 0.178752139 -0.084058732 6.935562611 9.439876556 -17.225837708 0.000000000 0.000000000 -12.000000000 -0.004311814 0.153286263
1776612767.224532604 0.585778236 0.262319565 0.176663637 0.114885703 0.973431349 0.179381311 -0.083993986 7.122449398 9.625724792 -17.408039093 0.000000000 0.000000000 -12.000000000 -0.004434578 0.153442219
1776612767.229515076 0.585778236 0.262319565 0.176663637 0.114885703 0.973431349 0.179381311 -0.083993986 7.306135654 9.811323166 -17.591251373 0.000000000 0.000000000 -12.000000000 -0.004561129 0.153597564
1776612767.234756708 0.585673094 0.261952221 0.176595062 0.115007170 0.973362684 0.179687485 -0.083969481 7.486050606 9.996242523 -17.774921417 0.000000000 0.000000000 -12.000000000 -0.004691466 0.153753996
1776612767.239914656 0.585567176 0.261567175 0.176518857 0.115119740 0.973297954 0.179978356 -0.083942130 7.661639214 10.180077553 -17.958501816 0.000000000 0.000000000 -12.000000000 -0.004825200 0.153911173
1776612767.246543407 0.585567176 0.261567175 0.176518857 0.115119740 0.973297954 0.179978356 -0.083942130 7.832364559 10.362445831 -18.141447067 0.000000000 0.000000000 -12.000000000 -0.004962670 0.154067755
1776612767.249569893 0.585272133 0.260428846 0.176342964 0.115420043 0.973126113 0.180798665 -0.083759435 7.997708321 10.542988777 -18.323230743 0.000000000 0.000000000 -12.000000000 -0.005102871 0.154229909
1776612767.254532099 0.585272133 0.260428846 0.176342964 0.115420043 0.973126113 0.180798665 -0.083759435 8.157170296 10.721373558 -18.503326416 0.000000000 0.000000000 -12.000000000 -0.005246705 0.154391453
1776612767.259536982 0.585168421 0.260034263 0.176281631 0.115517229 0.973074019 0.181048512 -0.083691195 8.310273170 10.897294044 -18.681228638 0.000000000 0.000000000 -12.000000000 -0.005393144 0.154554337
1776612767.264991045 0.585048378 0.259646893 0.176221311 0.115604796 0.973025143 0.181283876 -0.083628997 8.456563950 11.070468903 -18.856437683 0.000000000 0.000000000 -12.000000000 -0.005543078 0.154718727
1776612767.269866943 0.584922314 0.259250224 0.176160276 0.115687042 0.972979188 0.181504726 -0.083570927 8.595620155 11.240636826 -19.028474808 0.000000000 0.000000000 -12.000000000 -0.005694265 0.154883429
1776612767.275022984 0.584801555 0.258853555 0.176095605 0.115778446 0.972935677 0.181711242 -0.083502017 8.727051735 11.407556534 -19.196878433 0.000000000 0.000000000 -12.000000000 -0.005849821 0.155050084
1776612767.279773235 0.584535003 0.258064508 0.175969183 0.115941681 0.972856462 0.182088509 -0.083376512 8.850501060 11.571002960 -19.361204147 0.000000000 0.000000000 -12.000000000 -0.006003639 0.155219242
1776612767.286626577 0.584535003 0.258064508 0.175969183 0.115941681 0.972856462 0.182088509 -0.083376512 8.965643883 11.730769157 -19.521034241 0.000000000 0.000000000 -12.000000000 -0.006160526 0.155387402
1776612767.289927959 0.584201455 0.257281691 0.175825179 0.116075188 0.972786665 0.182405680 -0.083311744 9.072188377 11.886663437 -19.675968170 0.000000000 0.000000000 -12.000000000 -0.006320197 0.155558050
1776612767.294992685 0.584201455 0.257281691 0.175825179 0.116075188 0.972786665 0.182405680 -0.083311744 9.169878006 12.038511276 -19.825635910 0.000000000 0.000000000 -12.000000000 -0.006482725 0.155728087
1776612767.299882889 0.584018171 0.256900728 0.175739765 0.116132505 0.972754717 0.182549939 -0.083288558 9.258483887 12.186154366 -19.969684601 0.000000000 0.000000000 -12.000000000 -0.006647678 0.155899525
1776612767.305056810 0.583793938 0.256530762 0.175652564 0.116175860 0.972723305 0.182679772 -0.083310820 9.337817192 12.329447746 -20.107799530 0.000000000 0.000000000 -12.000000000 -0.006813612 0.156071305
1776612767.309962988 0.583573103 0.256174505 0.175582081 0.116209492 0.972694039 0.182807997 -0.083324045 9.407727242 12.468266487 -20.239690781 0.000000000 0.000000000 -12.000000000 -0.006982021 0.156244218
1776612767.314666510 0.583354414 0.255823553 0.175518036 0.116230406 0.972666919 0.182935715 -0.083331347 9.468102455 12.602496147 -20.365104675 0.000000000 0.000000000 -12.000000000 -0.007154349 0.156417966
1776612767.319841862 0.583131909 0.255482465 0.175453395 0.116264515 0.972638428 0.183060020 -0.083343022 9.518866539 12.732036591 -20.483823776 0.000000000 0.000000000 -12.000000000 -0.007329258 0.156592101
1776612767.326114416 0.582929492 0.255138814 0.175397336 0.116292432 0.972612202 0.183185846 -0.083333783 9.559980392 12.856802940 -20.595670700 0.000000000 0.000000000 -12.000000000 -0.007506269 0.156767920
1776612767.329836369 0.582546592 0.254487664 0.175311983 0.116350748 0.972560823 0.183445871 -0.083279788 9.591439247 12.976717949 -20.700498581 0.000000000 0.000000000 -12.000000000 -0.007686837 0.156946853
1776612767.334971905 0.582546592 0.254487664 0.175311983 0.116350748 0.972560823 0.183445871 -0.083279788 9.613268852 13.091719627 -20.798204422 0.000000000 0.000000000 -12.000000000 -0.007869248 0.157125175
1776612767.339907169 0.582352519 0.254159480 0.175254196 0.116375662 0.972536623 0.183568016 -0.083258398 9.625525475 13.201752663 -20.888719559 0.000000000 0.000000000 -12.000000000 -0.008053360 0.157305211
1776612767.344966888 0.582170308 0.253855824 0.175213575 0.116410688 0.972511768 0.183694288 -0.083221197 9.628294945 13.306773186 -20.972013474 0.000000000 0.000000000 -12.000000000 -0.008236217 0.157485738
1776612767.349657536 0.581976414 0.253558815 0.175165504 0.116451934 0.972486019 0.183816314 -0.083195500 9.621689796 13.406743050 -21.048088074 0.000000000 0.000000000 -12.000000000 -0.008420484 0.157667473
1776612767.354796410 0.581785560 0.253277302 0.175108790 0.116480894 0.972461045 0.183942840 -0.083166823 9.605848312 13.501634598 -21.116981506 0.000000000 0.000000000 -12.000000000 -0.008606281 0.157850191
1776612767.360020638 0.581581414 0.253019571 0.175058097 0.116513118 0.972435713 0.184065342 -0.083146885 9.580935478 13.591427803 -21.178766251 0.000000000 0.000000000 -12.000000000 -0.008787656 0.158030361
1776612767.365099430 0.581380188 0.252756596 0.175013483 0.116550289 0.972411633 0.184181809 -0.083118752 9.547138214 13.676112175 -21.233535767 0.000000000 0.000000000 -12.000000000 -0.008971529 0.158211783
1776612767.369935513 0.581160426 0.252500951 0.174957544 0.116581909 0.972387552 0.184291765 -0.083112173 9.504668236 13.755685806 -21.281417847 0.000000000 0.000000000 -12.000000000 -0.009156289 0.158393860
1776612767.375147343 0.580935478 0.252266467 0.174904674 0.116616331 0.972363889 0.184397340 -0.083106555 9.453755379 13.830153465 -21.322561264 0.000000000 0.000000000 -12.000000000 -0.009340627 0.158574656
1776612767.379879475 0.580701947 0.252032965 0.174862713 0.116661161 0.972338974 0.184498876 -0.083109826 9.394650459 13.899531364 -21.357130051 0.000000000 0.000000000 -12.000000000 -0.009526507 0.158755124
1776612767.384882689 0.580459952 0.251794815 0.174824804 0.116691910 0.972316623 0.184592709 -0.083120003 9.327615738 13.963838577 -21.385313034 0.000000000 0.000000000 -12.000000000 -0.009712933 0.158935845
1776612767.389961481 0.580211937 0.251570314 0.174779236 0.116713710 0.972297251 0.184672877 -0.083138153 9.252930641 14.023106575 -21.407310486 0.000000000 0.000000000 -12.000000000 -0.009895366 0.159114733
1776612767.394590855 0.579728842 0.251094341 0.174703807 0.116718635 0.972280741 0.184757426 -0.083135858 9.170882225 14.077373505 -21.423334122 0.000000000 0.000000000 -12.000000000 -0.010076125 0.159293726
1776612767.399904966 0.579728842 0.251094341 0.174703807 0.116718635 0.972280741 0.184757426 -0.083135858 9.081770897 14.126688957 -21.433609009 0.000000000 0.000000000 -12.000000000 -0.010257134 0.159472719
1776612767.404513121 0.579478920 0.250867486 0.174662620 0.116694368 0.972278893 0.184781671 -0.083137907 8.985898972 14.171113968 -21.438369751 0.000000000 0.000000000 -12.000000000 -0.010438291 0.159652188
1776612767.409895182 0.579235256 0.250658333 0.174630523 0.116662212 0.972280622 0.184796736 -0.083129242 8.883577347 14.210719109 -21.437850952 0.000000000 0.000000000 -12.000000000 -0.010618045 0.159831882
1776612767.414629698 0.578954220 0.250441432 0.174591005 0.116619989 0.972286940 0.184778288 -0.083155729 8.775120735 14.245583534 -21.432294846 0.000000000 0.000000000 -12.000000000 -0.010797269 0.160010412
1776612767.419512987 0.578647435 0.250216842 0.174539894 0.116571754 0.972296298 0.184732854 -0.083214827 8.660846710 14.275795937 -21.421939850 0.000000000 0.000000000 -12.000000000 -0.010974731 0.160188526
1776612767.424508810 0.578355491 0.249993205 0.174500674 0.116517127 0.972308993 0.184681416 -0.083257414 8.541071892 14.301450729 -21.407033920 0.000000000 0.000000000 -12.000000000 -0.011150879 0.160365805
1776612767.429902554 0.578052163 0.249777332 0.174468130 0.116456322 0.972322643 0.184623405 -0.083311744 8.416115761 14.322647095 -21.387819290 0.000000000 0.000000000 -12.000000000 -0.011326259 0.160542905
1776612767.434533119 0.577719271 0.249560058 0.174424320 0.116390400 0.972340047 0.184534937 -0.083396509 8.286292076 14.339489937 -21.364540100 0.000000000 0.000000000 -12.000000000 -0.011501325 0.160719067
1776612767.439849854 0.577369034 0.249327451 0.174375445 0.116321258 0.972363174 0.184411630 -0.083496042 8.151915550 14.352090836 -21.337448120 0.000000000 0.000000000 -12.000000000 -0.011677803 0.160894483
1776612767.444523096 0.577012241 0.249080449 0.174324840 0.116238877 0.972393394 0.184257716 -0.083598673 8.013297081 14.360561371 -21.306785583 0.000000000 0.000000000 -12.000000000 -0.011850269 0.161069736
1776612767.449605703 0.576641619 0.248820558 0.174273580 0.116142645 0.972429752 0.184075713 -0.083710447 7.870748043 14.365020752 -21.272802353 0.000000000 0.000000000 -12.000000000 -0.012023722 0.161244631
1776612767.454871893 0.576255441 0.248568907 0.174218208 0.116038412 0.972469211 0.183874607 -0.083838306 7.724577904 14.365588188 -21.235742569 0.000000000 0.000000000 -12.000000000 -0.012196286 0.161420599
1776612767.459688425 0.575853407 0.248325616 0.174164414 0.115921214 0.972512901 0.183655441 -0.083974160 7.575096607 14.362389565 -21.195852280 0.000000000 0.000000000 -12.000000000 -0.012366607 0.161596805
1776612767.464905262 0.575431764 0.248077631 0.174092919 0.115803353 0.972560406 0.183407605 -0.084128156 7.422614574 14.355550766 -21.153367996 0.000000000 0.000000000 -12.000000000 -0.012533156 0.161771342
1776612767.469603777 0.575001776 0.247827724 0.174016982 0.115684569 0.972612143 0.183134064 -0.084288619 7.267442226 14.345202446 -21.108530045 0.000000000 0.000000000 -12.000000000 -0.012697629 0.161945805
1776612767.474901915 0.574578702 0.247579858 0.173946768 0.115567885 0.972667217 0.182847202 -0.084436208 7.109892845 14.331473351 -21.061563492 0.000000000 0.000000000 -12.000000000 -0.012860949 0.162120223
1776612767.479535103 0.574153721 0.247327358 0.173874080 0.115460694 0.972723424 0.182547584 -0.084583707 6.950282097 14.314494133 -21.012699127 0.000000000 0.000000000 -12.000000000 -0.013021418 0.162294477
1776612767.484514952 0.573730707 0.247071594 0.173796058 0.115354724 0.972782314 0.182233572 -0.084727816 6.788925171 14.294394493 -20.962152481 0.000000000 0.000000000 -12.000000000 -0.013180788 0.162469268
1776612767.489564896 0.573318899 0.246824458 0.173727632 0.115238823 0.972844601 0.181914017 -0.084857211 6.626138687 14.271302223 -20.910139084 0.000000000 0.000000000 -12.000000000 -0.013340523 0.162645712
1776612767.495021105 0.572902799 0.246584892 0.173667908 0.115109295 0.972909749 0.181589022 -0.084981874 6.462236404 14.245347977 -20.856868744 0.000000000 0.000000000 -12.000000000 -0.013498528 0.162822396
1776612767.499905109 0.572495461 0.246347845 0.173603028 0.114974536 0.972976923 0.181258917 -0.085099973 6.297529697 14.216661453 -20.802541733 0.000000000 0.000000000 -12.000000000 -0.013655757 0.163000241
1776612767.504858971 0.572075009 0.246109277 0.173530757 0.114828922 0.973046720 0.180914357 -0.085231215 6.132322311 14.185370445 -20.747356415 0.000000000 0.000000000 -12.000000000 -0.013812896 0.163179532
1776612767.509903193 0.571657300 0.245881811 0.173467457 0.114669643 0.973118842 0.180569649 -0.085353225 5.966913223 14.151605606 -20.691505432 0.000000000 0.000000000 -12.000000000 -0.013969068 0.163360447
1776612767.514877081 0.571233094 0.245669186 0.173405260 0.114499651 0.973191559 0.180227071 -0.085476726 5.801592350 14.115494728 -20.635175705 0.000000000 0.000000000 -12.000000000 -0.014124385 0.163541675
1776612767.520096302 0.570816159 0.245471269 0.173343331 0.114321016 0.973264635 0.179888248 -0.085596889 5.636640549 14.077163696 -20.578554153 0.000000000 0.000000000 -12.000000000 -0.014278957 0.163723320
1776612767.524859428 0.570396185 0.245272696 0.173285186 0.114133768 0.973340452 0.179541469 -0.085712977 5.472330570 14.036739349 -20.521821976 0.000000000 0.000000000 -12.000000000 -0.014431190 0.163905367
1776612767.529623747 0.569976687 0.245076045 0.173228621 0.113944910 0.973416805 0.179194883 -0.085822619 5.308922768 13.994344711 -20.465162277 0.000000000 0.000000000 -12.000000000 -0.014583024 0.164088368
1776612767.534970522 0.569549322 0.244884804 0.173163503 0.113754176 0.973492444 0.178847849 -0.085941151 5.146669388 13.950097084 -20.408750534 0.000000000 0.000000000 -12.000000000 -0.014733629 0.164272249
1776612767.540419579 0.569130599 0.244704902 0.173108906 0.113562241 0.973566949 0.178511411 -0.086050197 4.985811710 13.904111862 -20.352758408 0.000000000 0.000000000 -12.000000000 -0.014884201 0.164456993
1776612767.544947863 0.568721056 0.244533360 0.173072249 0.113367155 0.973641217 0.178184584 -0.086144961 4.826582432 13.856496811 -20.297355652 0.000000000 0.000000000 -12.000000000 -0.015034340 0.164642081
1776612767.549996376 0.568302453 0.244372517 0.173029989 0.113165587 0.973715127 0.177858889 -0.086247340 4.669201851 13.807358742 -20.242708206 0.000000000 0.000000000 -12.000000000 -0.015183548 0.164827228
1776612767.555084944 0.567887723 0.244220704 0.172988504 0.112958826 0.973789513 0.177534878 -0.086346164 4.513881207 13.756795883 -20.188972473 0.000000000 0.000000000 -12.000000000 -0.015330937 0.165012062
1776612767.559984922 0.567461431 0.244073898 0.172945678 0.112746164 0.973864734 0.177206129 -0.086451121 4.360816956 13.704906464 -20.136299133 0.000000000 0.000000000 -12.000000000 -0.015478656 0.165197492
1776612767.564716101 0.567030072 0.243944407 0.172904193 0.112525515 0.973939061 0.176883787 -0.086561181 4.210195065 13.651781082 -20.084835052 0.000000000 0.000000000 -12.000000000 -0.015625171 0.165383071
1776612767.569908857 0.566591680 0.243828326 0.172862321 0.112296700 0.974012733 0.176565662 -0.086679094 4.062187672 13.597506523 -20.034708023 0.000000000 0.000000000 -12.000000000 -0.015770797 0.165568173
1776612767.574981928 0.566164792 0.243711442 0.172824293 0.112065271 0.974087596 0.176248282 -0.086783066 3.916953802 13.542160988 -19.986043930 0.000000000 0.000000000 -12.000000000 -0.015915740 0.165753603
1776612767.579948664 0.565734565 0.243587613 0.172786802 0.111833654 0.974163592 0.175923884 -0.086886726 3.774640322 13.485819817 -19.938945770 0.000000000 0.000000000 -12.000000000 -0.016061503 0.165939674
1776612767.584547758 0.565308213 0.243467391 0.172751606 0.111601010 0.974239409 0.175602883 -0.086984903 3.635379076 13.428551674 -19.893507004 0.000000000 0.000000000 -12.000000000 -0.016206661 0.166126087
1776612767.589529514 0.564895689 0.243358016 0.172732800 0.111364231 0.974314868 0.175293148 -0.087068044 3.499287605 13.370418549 -19.849800110 0.000000000 0.000000000 -12.000000000 -0.016351059 0.166312590
1776612767.594521523 0.564483106 0.243250281 0.172712356 0.111125946 0.974390686 0.174982816 -0.087148637 3.366468668 13.311477661 -19.807880402 0.000000000 0.000000000 -12.000000000 -0.016495211 0.166499585
1776612767.599938869 0.564076722 0.243142188 0.172698766 0.110880919 0.974469006 0.174669102 -0.087214321 3.237010002 13.251777649 -19.767778397 0.000000000 0.000000000 -12.000000000 -0.016640671 0.166687235
1776612767.604710579 0.563669622 0.243043005 0.172707558 0.110626280 0.974548221 0.174362704 -0.087265365 3.110986471 13.191362381 -19.729507446 0.000000000 0.000000000 -12.000000000 -0.016785786 0.166875303
1776612767.609828949 0.563248038 0.242946699 0.172719777 0.110374212 0.974625945 0.174059495 -0.087321512 2.988460302 13.130268097 -19.693056107 0.000000000 0.000000000 -12.000000000 -0.016930204 0.167063147
1776612767.614639044 0.562808990 0.242854744 0.172726303 0.110124066 0.974701822 0.173757017 -0.087392792 2.869481087 13.068524361 -19.658386230 0.000000000 0.000000000 -12.000000000 -0.017074024 0.167251453
1776612767.619816303 0.562367737 0.242770001 0.172729671 0.109878406 0.974776387 0.173459217 -0.087462269 2.754086494 13.006150246 -19.625438690 0.000000000 0.000000000 -12.000000000 -0.017219091 0.167440146
1776612767.624831915 0.561916113 0.242682606 0.172715306 0.109644495 0.974850118 0.173156321 -0.087534174 2.642301083 12.943161964 -19.594129562 0.000000000 0.000000000 -12.000000000 -0.017364746 0.167628437
1776612767.629880428 0.561465144 0.242594749 0.172703981 0.109422557 0.974923074 0.172856152 -0.087592319 2.534137726 12.879563332 -19.564342499 0.000000000 0.000000000 -12.000000000 -0.017509751 0.167816535
1776612767.634642124 0.561014652 0.242512375 0.172700971 0.109210983 0.974995136 0.172561869 -0.087634973 2.429599047 12.815354347 -19.535936356 0.000000000 0.000000000 -12.000000000 -0.017655317 0.168004796
1776612767.639759779 0.560573637 0.242435306 0.172708213 0.109013267 0.975066245 0.172274351 -0.087655365 2.328680754 12.750523567 -19.508745193 0.000000000 0.000000000 -12.000000000 -0.017802371 0.168192819
1776612767.644674063 0.560156047 0.242370784 0.172727942 0.108828276 0.975136936 0.172002956 -0.087631755 2.231374502 12.685051918 -19.482576370 0.000000000 0.000000000 -12.000000000 -0.017948793 0.168380514
1776612767.649799347 0.559747577 0.242314011 0.172734708 0.108650543 0.975207925 0.171736211 -0.087585427 2.137668848 12.618908882 -19.457212448 0.000000000 0.000000000 -12.000000000 -0.018094959 0.168567836
1776612767.654902220 0.559338272 0.242257029 0.172729105 0.108479947 0.975279987 0.171467751 -0.087520637 2.047550678 12.552059174 -19.432413101 0.000000000 0.000000000 -12.000000000 -0.018241091 0.168754742
1776612767.659839153 0.558949113 0.242208377 0.172706515 0.108330555 0.975350022 0.171212271 -0.087425008 1.961004734 12.484453201 -19.407922745 0.000000000 0.000000000 -12.000000000 -0.018387021 0.168941453
1776612767.664930582 0.558590055 0.242179126 0.172687620 0.108193323 0.975419343 0.170978919 -0.087278299 1.878012657 12.416037560 -19.383462906 0.000000000 0.000000000 -12.000000000 -0.018533798 0.169127315
1776612767.670074463 0.558252692 0.242163390 0.172671080 0.108062141 0.975487769 0.170764953 -0.087094836 1.798554063 12.346746445 -19.358736038 0.000000000 0.000000000 -12.000000000 -0.018680513 0.169312596
1776612767.674683809 0.557925344 0.242164925 0.172665060 0.107927792 0.975556493 0.170568615 -0.086876065 1.722605228 12.276511192 -19.333438873 0.000000000 0.000000000 -12.000000000 -0.018826598 0.169496849
1776612767.679542065 0.557627261 0.242186815 0.172673792 0.107779771 0.975627720 0.170393199 -0.086603746 1.650137544 12.205256462 -19.307249069 0.000000000 0.000000000 -12.000000000 -0.018972540 0.169679850
1776612767.684586525 0.557342470 0.242230475 0.172689617 0.107626297 0.975699365 0.170239493 -0.086289309 1.581114650 12.132903099 -19.279848099 0.000000000 0.000000000 -12.000000000 -0.019117922 0.169860601
1776612767.689573050 0.557057559 0.242288351 0.172696620 0.107471652 0.975770175 0.170096010 -0.085963443 1.515489101 12.059370041 -19.250904083 0.000000000 0.000000000 -12.000000000 -0.019262567 0.170038804
1776612767.694624901 0.556789458 0.242350921 0.172703832 0.107325003 0.975842595 0.169957325 -0.085598566 1.453199983 11.984574318 -19.220094681 0.000000000 0.000000000 -12.000000000 -0.019408390 0.170213923
1776612767.699529648 0.556514978 0.242431819 0.172698051 0.107183583 0.975913286 0.169824868 -0.085231438 1.394170284 11.908433914 -19.187097549 0.000000000 0.000000000 -12.000000000 -0.019553469 0.170386761
1776612767.704512358 0.556231439 0.242524281 0.172691494 0.107040711 0.975984275 0.169697434 -0.084851548 1.338304162 11.830864906 -19.151599884 0.000000000 0.000000000 -12.000000000 -0.019699493 0.170556426
1776612767.709513187 0.555940032 0.242625177 0.172696561 0.106889948 0.976055801 0.169572681 -0.084467575 1.285486579 11.751783371 -19.113302231 0.000000000 0.000000000 -12.000000000 -0.019845420 0.170723215
1776612767.714896917 0.555647016 0.242728427 0.172714293 0.106732987 0.976129770 0.169445872 -0.084064148 1.235582948 11.671108246 -19.071922302 0.000000000 0.000000000 -12.000000000 -0.019988203 0.170888051
1776612767.719608068 0.555340827 0.242818177 0.172722131 0.106575012 0.976205945 0.169303879 -0.083665699 1.188439846 11.588759422 -19.027202606 0.000000000 0.000000000 -12.000000000 -0.020130046 0.171050906
1776612767.725012302 0.555024385 0.242932409 0.172736287 0.106387757 0.976285636 0.169162333 -0.083259024 1.143885851 11.504658699 -18.978904724 0.000000000 0.000000000 -12.000000000 -0.020270849 0.171210602
1776612767.729543924 0.554700732 0.243072301 0.172752202 0.106167600 0.976369500 0.169018134 -0.082848378 1.101732612 11.418732643 -18.926824570 0.000000000 0.000000000 -12.000000000 -0.020410588 0.171367124
1776612767.734505177 0.554396868 0.243218154 0.172773778 0.105931930 0.976459384 0.168868721 -0.082394667 1.061775684 11.330911636 -18.870788574 0.000000000 0.000000000 -12.000000000 -0.020549197 0.171520516
1776612767.739631176 0.554072678 0.243353069 0.172784805 0.105683349 0.976554096 0.168692857 -0.081950031 1.023795843 11.241133690 -18.810651779 0.000000000 0.000000000 -12.000000000 -0.020686900 0.171671033
1776612767.744568348 0.553730905 0.243490815 0.172791868 0.105421685 0.976652861 0.168501168 -0.081503280 0.987561524 11.149339676 -18.746309280 0.000000000 0.000000000 -12.000000000 -0.020823326 0.171818763
1776612767.749813318 0.553360164 0.243644714 0.172800869 0.105143711 0.976753950 0.168295383 -0.081074931 0.952832341 11.055479050 -18.677690506 0.000000000 0.000000000 -12.000000000 -0.020958399 0.171963349
1776612767.754572392 0.552976131 0.243797034 0.172801077 0.104866080 0.976857066 0.168073475 -0.080651358 0.919363022 10.959510803 -18.604757309 0.000000000 0.000000000 -12.000000000 -0.021092044 0.172105178
1776612767.759539604 0.552597404 0.243933856 0.172792166 0.104599878 0.976963699 0.167829573 -0.080212407 0.886907816 10.861400604 -18.527511597 0.000000000 0.000000000 -12.000000000 -0.021224186 0.172245026
1776612767.764989376 0.552207470 0.244058698 0.172779262 0.104344308 0.977071226 0.167569354 -0.079778448 0.855224907 10.761122704 -18.445989609 0.000000000 0.000000000 -12.000000000 -0.021355502 0.172383159
1776612767.769854307 0.551797330 0.244202614 0.172751248 0.104077071 0.977179468 0.167304739 -0.079355709 0.824080825 10.658663750 -18.360265732 0.000000000 0.000000000 -12.000000000 -0.021485768 0.172519431
1776612767.774636507 0.551369250 0.244374320 0.172725260 0.103785560 0.977291465 0.167031422 -0.078933373 0.793255150 10.554019928 -18.270448685 0.000000000 0.000000000 -12.000000000 -0.021614298 0.172652647
1776612767.779639959 0.550965965 0.244542345 0.172723979 0.103511542 0.977405369 0.166749090 -0.078477964 0.762543678 10.447196960 -18.176679611 0.000000000 0.000000000 -12.000000000 -0.021740876 0.172783747
1776612767.784891367 0.550249338 0.244912148 0.172803402 0.102997348 0.977636158 0.166201562 -0.077434801 0.731762171 10.338214874 -18.079128265 0.000000000 0.000000000 -12.000000000 -0.021866284 0.172910511
1776612767.789644241 0.550249338 0.244912148 0.172803402 0.102997348 0.977636158 0.166201562 -0.077434801 0.700750053 10.227102280 -17.978002548 0.000000000 0.000000000 -12.000000000 -0.021989757 0.173037037
1776612767.794637442 0.549855351 0.245120034 0.172842592 0.102747217 0.977749228 0.165920451 -0.076940440 0.669374824 10.113900185 -17.873525620 0.000000000 0.000000000 -12.000000000 -0.022111233 0.173161328
1776612767.799623489 0.549451947 0.245304525 0.172872335 0.102537952 0.977860510 0.165616333 -0.076459527 0.637534440 9.998660088 -17.765951157 0.000000000 0.000000000 -12.000000000 -0.022231156 0.173284322
1776612767.804858923 0.549034059 0.245499387 0.172880024 0.102343895 0.977971435 0.165296212 -0.075991541 0.605156839 9.881443024 -17.655546188 0.000000000 0.000000000 -12.000000000 -0.022348972 0.173405975
1776612767.809680939 0.548606277 0.245696709 0.172880620 0.102154024 0.978083730 0.164959788 -0.075531758 0.572198689 9.762321472 -17.542591095 0.000000000 0.000000000 -12.000000000 -0.022464912 0.173526600
1776612767.815104008 0.548188329 0.245890602 0.172877759 0.101981208 0.978196025 0.164615214 -0.075061075 0.538642824 9.641377449 -17.427381516 0.000000000 0.000000000 -12.000000000 -0.022580504 0.173645213
1776612767.819509983 0.547773957 0.246098042 0.172873974 0.101823196 0.978309274 0.164260581 -0.074575037 0.504496932 9.518703461 -17.310224533 0.000000000 0.000000000 -12.000000000 -0.022693863 0.173763186
1776612767.824719429 0.547364473 0.246311948 0.172890037 0.101644710 0.978426278 0.163897678 -0.074080169 0.469793022 9.394395828 -17.191434860 0.000000000 0.000000000 -12.000000000 -0.022804959 0.173880488
1776612767.829949617 0.546987176 0.246555299 0.172934473 0.101431541 0.978548467 0.163543627 -0.073539600 0.434586376 9.268564224 -17.071331024 0.000000000 0.000000000 -12.000000000 -0.022913272 0.173996285
1776612767.834883928 0.546617568 0.246824592 0.172988296 0.101220876 0.978669286 0.163196966 -0.072989970 0.398953944 9.141321182 -16.950233459 0.000000000 0.000000000 -12.000000000 -0.023018425 0.174110144
1776612767.839522362 0.546171844 0.247088104 0.173014671 0.100975133 0.978793800 0.162812278 -0.072517760 0.362990767 9.012792587 -16.828462601 0.000000000 0.000000000 -12.000000000 -0.023122024 0.174222589
1776612767.844897032 0.545710862 0.247338936 0.173038363 0.100724265 0.978921235 0.162402868 -0.072063737 0.326805353 8.883109093 -16.706325531 0.000000000 0.000000000 -12.000000000 -0.023223311 0.174334824
1776612767.849621773 0.545237899 0.247587562 0.173076153 0.100476354 0.979048908 0.161979288 -0.071627289 0.290515453 8.752408028 -16.584117889 0.000000000 0.000000000 -12.000000000 -0.023322280 0.174447328
1776612767.854792833 0.544721603 0.247835100 0.173117280 0.100189663 0.979179263 0.161540449 -0.071237110 0.254244655 8.620834351 -16.462118149 0.000000000 0.000000000 -12.000000000 -0.023418935 0.174560219
1776612767.859510183 0.544170856 0.248089850 0.173156559 0.099893987 0.979310632 0.161080793 -0.070886031 0.218119353 8.488538742 -16.340585709 0.000000000 0.000000000 -12.000000000 -0.023513585 0.174674168
1776612767.864832878 0.543564916 0.248347536 0.173188120 0.099589728 0.979440749 0.160602227 -0.070602104 0.182265565 8.355677605 -16.219753265 0.000000000 0.000000000 -12.000000000 -0.023606962 0.174789712
1776612767.869973660 0.542944252 0.248620540 0.173216134 0.099270627 0.979571521 0.160117418 -0.070337586 0.146806136 8.222416878 -16.099826813 0.000000000 0.000000000 -12.000000000 -0.023698047 0.174907476
1776612767.874538422 0.542317450 0.248901173 0.173254818 0.098959595 0.979701877 0.159621090 -0.070088238 0.111857653 8.088927269 -15.980978012 0.000000000 0.000000000 -12.000000000 -0.023786858 0.175027579
1776612767.879992962 0.541679204 0.249194473 0.173304945 0.098631077 0.979832649 0.159121096 -0.069859996 0.077527948 7.955386639 -15.863344193 0.000000000 0.000000000 -12.000000000 -0.023873411 0.175150409
1776612767.884563684 0.540333152 0.249812156 0.173403323 0.098020606 0.980084121 0.158104464 -0.069498390 0.043914165 7.821983814 -15.747023582 0.000000000 0.000000000 -12.000000000 -0.023957729 0.175280228
1776612767.889867306 0.540333152 0.249812156 0.173403323 0.098020606 0.980084121 0.158104464 -0.069498390 0.011101881 7.688914776 -15.632075310 0.000000000 0.000000000 -12.000000000 -0.024039833 0.175410092
1776612767.894503355 0.539611936 0.250119239 0.173447996 0.097733282 0.980206370 0.157572508 -0.069386952 -0.020834606 7.556382179 -15.518514633 0.000000000 0.000000000 -12.000000000 -0.024119746 0.175544828
1776612767.899971247 0.538891315 0.250415027 0.173493922 0.097467802 0.980326474 0.157031357 -0.069290936 -0.051830869 7.424596310 -15.406324387 0.000000000 0.000000000 -12.000000000 -0.024197398 0.175685510
1776612767.904889584 0.538146675 0.250706375 0.173527390 0.097216077 0.980444193 0.156475201 -0.069236614 -0.081830122 7.293767452 -15.295447350 0.000000000 0.000000000 -12.000000000 -0.024273146 0.175832719
1776612767.910374641 0.537394702 0.250999570 0.173553228 0.096971765 0.980561554 0.155907169 -0.069199100 -0.110780805 7.164106846 -15.185793877 0.000000000 0.000000000 -12.000000000 -0.024346670 0.175986916
1776612767.914837360 0.536650002 0.251306653 0.173591107 0.096722431 0.980677783 0.155347064 -0.069160365 -0.138633966 7.035820007 -15.077243805 0.000000000 0.000000000 -12.000000000 -0.024418401 0.176147863
1776612767.920426130 0.535882592 0.251613975 0.173628718 0.096462749 0.980795085 0.154773459 -0.069145672 -0.165340051 6.909108639 -14.969648361 0.000000000 0.000000000 -12.000000000 -0.024488056 0.176315993
1776612767.924932957 0.534357429 0.252255559 0.173730373 0.095935620 0.981027782 0.153626099 -0.069136471 -0.190845847 6.784162998 -14.862830162 0.000000000 0.000000000 -12.000000000 -0.024556490 0.176498339
1776612767.929694414 0.534357429 0.252255559 0.173730373 0.095935620 0.981027782 0.153626099 -0.069136471 -0.215093017 6.661164284 -14.756591797 0.000000000 0.000000000 -12.000000000 -0.024622871 0.176680863
1776612767.934569359 0.533629000 0.252599359 0.173794121 0.095648654 0.981146097 0.153061479 -0.069107436 -0.238018453 6.540280819 -14.650712967 0.000000000 0.000000000 -12.000000000 -0.024687208 0.176869944
1776612767.939546585 0.532888710 0.252962291 0.173858315 0.095361799 0.981261551 0.152502328 -0.069100909 -0.259555399 6.421665668 -14.544960976 0.000000000 0.000000000 -12.000000000 -0.024749508 0.177065656
1776612767.945050955 0.532154202 0.253335387 0.173925221 0.095055975 0.981378257 0.151943207 -0.069096774 -0.279634714 6.305459023 -14.439084053 0.000000000 0.000000000 -12.000000000 -0.024809774 0.177267998
1776612767.949840546 0.531376123 0.253714651 0.173995286 0.094727792 0.981494963 0.151371226 -0.069145076 -0.298185915 6.191781998 -14.332824707 0.000000000 0.000000000 -12.000000000 -0.024868002 0.177477673
1776612767.954842567 0.530590892 0.254101515 0.174068183 0.094402939 0.981608510 0.150801077 -0.069222823 -0.315137625 6.080740929 -14.225912094 0.000000000 0.000000000 -12.000000000 -0.024924412 0.177695051
1776612767.959836960 0.529821813 0.254491121 0.174157053 0.094069920 0.981722474 0.150235176 -0.069290534 -0.330417871 5.972422123 -14.118075371 0.000000000 0.000000000 -12.000000000 -0.024978766 0.177920207
1776612767.964535952 0.529037893 0.254887730 0.174238503 0.093734778 0.981834233 0.149664328 -0.069396973 -0.343954206 5.866895199 -14.009039879 0.000000000 0.000000000 -12.000000000 -0.025031421 0.178153500
1776612767.969887972 0.528252184 0.255301356 0.174332917 0.093401834 0.981942892 0.149103373 -0.069515415 -0.355673403 5.764211655 -13.898535728 0.000000000 0.000000000 -12.000000000 -0.025081985 0.178394869
1776612767.974561691 0.527471364 0.255729377 0.174423158 0.093064353 0.982049942 0.148547322 -0.069646314 -0.365500957 5.664403439 -13.786293030 0.000000000 0.000000000 -12.000000000 -0.025130432 0.178644225
1776612767.979810953 0.526704252 0.256155282 0.174513131 0.092732891 0.982157350 0.147985354 -0.069769844 -0.373360634 5.567485332 -13.672051430 0.000000000 0.000000000 -12.000000000 -0.025176980 0.178901717
1776612767.984515429 0.525962353 0.256601810 0.174607038 0.092407241 0.982262433 0.147437423 -0.069882624 -0.379174531 5.473453999 -13.555554390 0.000000000 0.000000000 -12.000000000 -0.025221813 0.179166868
1776612767.989849091 0.525211930 0.257062346 0.174699873 0.092075199 0.982365847 0.146893159 -0.070013754 -0.382863045 5.382286549 -13.436554909 0.000000000 0.000000000 -12.000000000 -0.025264435 0.179439768
1776612767.994580746 0.524485946 0.257521451 0.174791455 0.091755092 0.982468963 0.146346033 -0.070132710 -0.384345710 5.293943882 -13.314816475 0.000000000 0.000000000 -12.000000000 -0.025304737 0.179720327
1776612767.999876022 0.523802042 0.257993460 0.174909890 0.091441914 0.982570469 0.145818979 -0.070217170 -0.383541763 5.208368778 -13.190113068 0.000000000 0.000000000 -12.000000000 -0.025342742 0.180008024
1776612768.004822016 0.523140132 0.258487403 0.175038457 0.091131337 0.982669234 0.145310849 -0.070292175 -0.380371660 5.125487804 -13.062232018 0.000000000 0.000000000 -12.000000000 -0.025378400 0.180302411
1776612768.009752989 0.522480607 0.258987367 0.175180227 0.090827711 0.982765853 0.144805133 -0.070377983 -0.374759048 5.045215130 -12.930976868 0.000000000 0.000000000 -12.000000000 -0.025411660 0.180603728
1776612768.015653372 0.521839678 0.259500265 0.175329983 0.090531170 0.982859910 0.144310579 -0.070462346 -0.366633475 4.967449665 -12.796165466 0.000000000 0.000000000 -12.000000000 -0.025442466 0.180911884
1776612768.019578457 0.521203756 0.260032475 0.175490528 0.090237737 0.982950449 0.143830374 -0.070557728 -0.355932832 4.892080784 -12.657635689 0.000000000 0.000000000 -12.000000000 -0.025470760 0.181226715
1776612768.024660826 0.520567179 0.260572255 0.175649017 0.089938201 0.983039498 0.143351391 -0.070674047 -0.342605382 4.818988800 -12.515244484 0.000000000 0.000000000 -12.000000000 -0.025496546 0.181548297
1776612768.029924631 0.519939721 0.261116922 0.175822377 0.089630984 0.983128369 0.142873034 -0.070796967 -0.326611310 4.748046875 -12.368865013 0.000000000 0.000000000 -12.000000000 -0.025519693 0.181876689
1776612768.034863234 0.519312918 0.261660993 0.175999880 0.089325301 0.983214915 0.142396837 -0.070940569 -0.307923406 4.679126740 -12.218394279 0.000000000 0.000000000 -12.000000000 -0.025539797 0.182212174
1776612768.039913893 0.518690288 0.262203038 0.176182210 0.089011714 0.983300865 0.141919240 -0.071100049 -0.286527604 4.612096786 -12.063744545 0.000000000 0.000000000 -12.000000000 -0.025557129 0.182554960
1776612768.044696331 0.518100977 0.262749076 0.176382691 0.088691682 0.983387411 0.141448975 -0.071240179 -0.262422711 4.546825886 -11.904854774 0.000000000 0.000000000 -12.000000000 -0.025571618 0.182904586
1776612768.049556732 0.517530799 0.263295352 0.176588446 0.088359460 0.983474970 0.140979469 -0.071375027 -0.235620171 4.483185291 -11.741682053 0.000000000 0.000000000 -12.000000000 -0.025583303 0.183260888
1776612768.054566145 0.516984582 0.263849348 0.176795661 0.088010885 0.983563423 0.140514374 -0.071503870 -0.206143379 4.421048164 -11.574204445 0.000000000 0.000000000 -12.000000000 -0.025592174 0.183623403
1776612768.059565544 0.516454637 0.264405370 0.177021384 0.087652855 0.983652651 0.140049577 -0.071627609 -0.174027100 4.360291958 -11.402422905 0.000000000 0.000000000 -12.000000000 -0.025598167 0.183991969
1776612768.064778090 0.515947998 0.264963031 0.177264184 0.087288298 0.983742654 0.139592156 -0.071729653 -0.139316633 4.300798893 -11.226353645 0.000000000 0.000000000 -12.000000000 -0.025600929 0.184366733
1776612768.069931507 0.515448809 0.265513957 0.177501261 0.086927272 0.983832121 0.139130980 -0.071837008 -0.102067001 4.242456913 -11.046031952 0.000000000 0.000000000 -12.000000000 -0.025600489 0.184747905
1776612768.074747562 0.514949679 0.266064227 0.177709222 0.086576656 0.983919322 0.138665587 -0.071966216 -0.062342588 4.185160160 -10.861507416 0.000000000 0.000000000 -12.000000000 -0.025596775 0.185135528
1776612768.079606533 0.514443278 0.266631037 0.177902281 0.086224630 0.984004140 0.138204336 -0.072116248 -0.020217881 4.128811836 -10.672846794 0.000000000 0.000000000 -12.000000000 -0.025589716 0.185529172
1776612768.084495306 0.513962269 0.267229825 0.178112954 0.085880280 0.984084845 0.137772605 -0.072251409 0.024221169 4.073326588 -10.480129242 0.000000000 0.000000000 -12.000000000 -0.025579544 0.185928330
1776612768.089546204 0.513517082 0.267844915 0.178351104 0.085542783 0.984163642 0.137361512 -0.072361805 0.070876770 4.018629074 -10.283454895 0.000000000 0.000000000 -12.000000000 -0.025566459 0.186332524
1776612768.094501495 0.513088167 0.268462002 0.178598076 0.085224859 0.984239221 0.136954904 -0.072479077 0.119640566 3.964656353 -10.082939148 0.000000000 0.000000000 -12.000000000 -0.025550369 0.186741695
1776612768.099726439 0.512686431 0.269079328 0.178855747 0.084907062 0.984313667 0.136557415 -0.072591312 0.170396313 3.911356449 -9.878713608 0.000000000 0.000000000 -12.000000000 -0.025530662 0.187155694
1776612768.104597330 0.512320936 0.269703925 0.179125875 0.084582388 0.984387219 0.136176541 -0.072688378 0.223023117 3.858688593 -9.670930862 0.000000000 0.000000000 -12.000000000 -0.025507279 0.187574074
1776612768.109504461 0.511975884 0.270301998 0.179380894 0.084275134 0.984459698 0.135787398 -0.072791442 0.277397901 3.806622505 -9.459757805 0.000000000 0.000000000 -12.000000000 -0.025480095 0.187997013
1776612768.114530563 0.511640251 0.270890176 0.179618061 0.083973907 0.984530032 0.135396689 -0.072916232 0.333396077 3.755139351 -9.245375633 0.000000000 0.000000000 -12.000000000 -0.025449250 0.188424408
1776612768.119562387 0.511300623 0.271496087 0.179857612 0.083667822 0.984595418 0.135024652 -0.073074393 0.390890628 3.704230309 -9.027978897 0.000000000 0.000000000 -12.000000000 -0.025414808 0.188856050
1776612768.124554634 0.510979772 0.272109807 0.180108756 0.083375081 0.984655797 0.134672910 -0.073244303 0.449749917 3.653897047 -8.807777405 0.000000000 0.000000000 -12.000000000 -0.025376901 0.189292058
1776612768.129528046 0.510685802 0.272722155 0.180375457 0.083085284 0.984714389 0.134333804 -0.073408447 0.509836614 3.604150534 -8.584992409 0.000000000 0.000000000 -12.000000000 -0.025335314 0.189732075
1776612768.134945869 0.510413706 0.273343384 0.180663168 0.082782924 0.984772325 0.134008035 -0.073568493 0.571008205 3.555011988 -8.359857559 0.000000000 0.000000000 -12.000000000 -0.025289759 0.190175831
1776612768.139999151 0.510150671 0.273976773 0.180971056 0.082479253 0.984826684 0.133700922 -0.073740274 0.633118868 3.506511450 -8.132620811 0.000000000 0.000000000 -12.000000000 -0.025240110 0.190623358
1776612768.144876957 0.509938180 0.274615645 0.181284785 0.082152933 0.984884143 0.133405969 -0.073870949 0.696022332 3.458689928 -7.903542995 0.000000000 0.000000000 -12.000000000 -0.025186494 0.191073939
1776612768.149879217 0.509684980 0.275261164 0.181583673 0.081818178 0.984935939 0.133117050 -0.074072875 0.759574533 3.411596775 -7.672894001 0.000000000 0.000000000 -12.000000000 -0.025128823 0.191528425
1776612768.154772043 0.509403467 0.275889605 0.181856632 0.081509672 0.984981656 0.132817134 -0.074343160 0.823634982 3.365288258 -7.440950394 0.000000000 0.000000000 -12.000000000 -0.025067490 0.191987544
1776612768.159955978 0.509184182 0.276493669 0.182127744 0.081225730 0.985026836 0.132523119 -0.074579917 0.888066232 3.319826126 -7.207998276 0.000000000 0.000000000 -12.000000000 -0.025002066 0.192450330
1776612768.164651155 0.509009182 0.277064025 0.182393521 0.080982357 0.985069633 0.132224470 -0.074808501 0.952732384 3.275276899 -6.974330902 0.000000000 0.000000000 -12.000000000 -0.024932705 0.192916289
1776612768.169875622 0.508855641 0.277616352 0.182659984 0.080760039 0.985110044 0.131925866 -0.075044177 1.017498136 3.231712341 -6.740251064 0.000000000 0.000000000 -12.000000000 -0.024859244 0.193385184
1776612768.174911022 0.508741796 0.278169841 0.182939708 0.080515355 0.985152781 0.131638542 -0.075250112 1.082229972 3.189211130 -6.506070137 0.000000000 0.000000000 -12.000000000 -0.024781685 0.193856418
1776612768.179883242 0.508594275 0.278727055 0.183218837 0.080250829 0.985192478 0.131352335 -0.075512923 1.146796346 3.147858620 -6.272106647 0.000000000 0.000000000 -12.000000000 -0.024700042 0.194330588
1776612768.184847355 0.508387566 0.279848695 0.183735102 0.079688400 0.985272527 0.130801722 -0.076017946 1.211068034 3.107747078 -6.038685322 0.000000000 0.000000000 -12.000000000 -0.024614524 0.194808409
1776612768.189829588 0.508387566 0.279848695 0.183735102 0.079688400 0.985272527 0.130801722 -0.076017946 1.274917841 3.068972349 -5.806134224 0.000000000 0.000000000 -12.000000000 -0.024524955 0.195286229
1776612768.194911242 0.508317411 0.280380815 0.183973461 0.079402573 0.985313654 0.130516082 -0.076274462 1.338219166 3.031630993 -5.574787140 0.000000000 0.000000000 -12.000000000 -0.024431363 0.195765540
1776612768.199605703 0.508293927 0.280902743 0.184227794 0.079107396 0.985357523 0.130236045 -0.076493017 1.400846243 2.995816231 -5.344982624 0.000000000 0.000000000 -12.000000000 -0.024333749 0.196245626
1776612768.204869270 0.508285761 0.281433076 0.184483558 0.078807369 0.985399246 0.129968837 -0.076718770 1.462675095 2.961617947 -5.117061615 0.000000000 0.000000000 -12.000000000 -0.024232185 0.196726456
1776612768.209560156 0.508300006 0.281977803 0.184736580 0.078484051 0.985441208 0.129717737 -0.076936491 1.523586392 2.929121494 -4.891369820 0.000000000 0.000000000 -12.000000000 -0.024126675 0.197207510
1776612768.214562654 0.508325696 0.282508940 0.184994072 0.078141004 0.985484719 0.129463941 -0.077155598 1.583468556 2.898408413 -4.668253422 0.000000000 0.000000000 -12.000000000 -0.024017561 0.197688356
1776612768.219728708 0.508337498 0.283013761 0.185221761 0.077811137 0.985527277 0.129186481 -0.077409931 1.642220140 2.869553804 -4.448057652 0.000000000 0.000000000 -12.000000000 -0.023904657 0.198170155
1776612768.224538565 0.508384645 0.283496261 0.185437322 0.077471301 0.985573888 0.128894314 -0.077643789 1.699751973 2.842622995 -4.231123924 0.000000000 0.000000000 -12.000000000 -0.023788027 0.198652282
1776612768.229928255 0.508460641 0.283963621 0.185638249 0.077156559 0.985620022 0.128597230 -0.077863581 1.755988002 2.817669392 -4.017785549 0.000000000 0.000000000 -12.000000000 -0.023667853 0.199134082
1776612768.234776497 0.508558333 0.284428328 0.185811609 0.076854408 0.985665798 0.128296956 -0.078077994 1.810867190 2.794731617 -3.808365583 0.000000000 0.000000000 -12.000000000 -0.023544097 0.199615419
1776612768.239562273 0.508760512 0.284915060 0.185998946 0.076540910 0.985716224 0.128034711 -0.078180447 1.864347339 2.773833990 -3.603172541 0.000000000 0.000000000 -12.000000000 -0.023416741 0.200094208
1776612768.244495630 0.508992136 0.285406858 0.186170012 0.076257281 0.985764503 0.127779201 -0.078266688 1.916410089 2.754986525 -3.402499437 0.000000000 0.000000000 -12.000000000 -0.023286380 0.200566396
1776612768.249491930 0.509289682 0.285890698 0.186325669 0.075985700 0.985815465 0.127532467 -0.078291066 1.967062593 2.738185167 -3.206622601 0.000000000 0.000000000 -12.000000000 -0.023153076 0.201035514
1776612768.254503727 0.509717524 0.286365598 0.186483383 0.075727768 0.985872686 0.127308264 -0.078185365 2.016337395 2.723411560 -3.015798569 0.000000000 0.000000000 -12.000000000 -0.023017254 0.201497167
1776612768.259609222 0.510219693 0.286823928 0.186634094 0.075514458 0.985931098 0.127087146 -0.078014679 2.064289331 2.710634232 -2.830263138 0.000000000 0.000000000 -12.000000000 -0.022878330 0.201952904
1776612768.264522791 0.510772586 0.287258029 0.186754674 0.075300485 0.985995293 0.126856387 -0.077785812 2.110996008 2.699808359 -2.650227308 0.000000000 0.000000000 -12.000000000 -0.022736151 0.202399418
1776612768.269565344 0.511544108 0.287702054 0.186897397 0.075096466 0.986072779 0.126671255 -0.077300593 2.156563759 2.690876484 -2.475878477 0.000000000 0.000000000 -12.000000000 -0.022591082 0.202836543
1776612768.274650574 0.512374461 0.288148880 0.187013239 0.074918784 0.986152828 0.126494691 -0.076739021 2.201137066 2.683766603 -2.307378292 0.000000000 0.000000000 -12.000000000 -0.022443322 0.203261629
1776612768.279554129 0.513285339 0.288601190 0.187085032 0.074733444 0.986239970 0.126324698 -0.076076992 2.244904041 2.678391218 -2.144861221 0.000000000 0.000000000 -12.000000000 -0.022292892 0.203676686
1776612768.284490347 0.514295399 0.289061010 0.187135607 0.074546985 0.986334860 0.126164258 -0.075292148 2.288094044 2.674644947 -1.988430500 0.000000000 0.000000000 -12.000000000 -0.022139894 0.204080760
1776612768.289618015 0.515435815 0.289519757 0.187160671 0.074396171 0.986434996 0.126019821 -0.074365266 2.330969334 2.672405720 -1.838157058 0.000000000 0.000000000 -12.000000000 -0.021984916 0.204470173
1776612768.294483423 0.516748011 0.289983153 0.187194973 0.074258380 0.986543953 0.125908107 -0.073238619 2.373811960 2.671537876 -1.694080353 0.000000000 0.000000000 -12.000000000 -0.021827595 0.204844922
1776612768.299589872 0.518190622 0.290475309 0.187247217 0.074140392 0.986655831 0.125840336 -0.071955830 2.416912317 2.671895027 -1.556210399 0.000000000 0.000000000 -12.000000000 -0.021668036 0.205203950
1776612768.304567814 0.519643664 0.290943801 0.187268198 0.074059039 0.986766398 0.125756025 -0.070659071 2.460562468 2.673321486 -1.424528480 0.000000000 0.000000000 -12.000000000 -0.021506874 0.205544025
1776612768.310015678 0.521117210 0.291402638 0.187266171 0.073986962 0.986877620 0.125664338 -0.069332115 2.505048037 2.675654888 -1.298988819 0.000000000 0.000000000 -12.000000000 -0.021343704 0.205870390
1776612768.314491034 0.522657096 0.291849971 0.187254339 0.073961779 0.986985922 0.125587627 -0.067942567 2.550635338 2.678731918 -1.179522038 0.000000000 0.000000000 -12.000000000 -0.021179464 0.206179991
1776612768.319635630 0.524256647 0.292277515 0.187220752 0.073968433 0.987093806 0.125508919 -0.066498034 2.597558737 2.682392120 -1.066037297 0.000000000 0.000000000 -12.000000000 -0.021013368 0.206475824
1776612768.324829102 0.525925338 0.292691559 0.187181354 0.074012391 0.987200141 0.125438496 -0.064986132 2.646004200 2.686482906 -0.958424866 0.000000000 0.000000000 -12.000000000 -0.020846115 0.206754595
1776612768.329602957 0.527634382 0.293112159 0.187151313 0.074083082 0.987302423 0.125383049 -0.063440911 2.696098328 2.690862894 -0.856560826 0.000000000 0.000000000 -12.000000000 -0.020677282 0.207019374
1776612768.334599018 0.529347479 0.293547094 0.187131673 0.074158572 0.987399995 0.125340879 -0.061898496 2.747903347 2.695405006 -0.760310113 0.000000000 0.000000000 -12.000000000 -0.020506356 0.207271919
1776612768.339505911 0.531053901 0.293994129 0.187111944 0.074250706 0.987492085 0.125307932 -0.060366437 2.801413059 2.699997663 -0.669530332 0.000000000 0.000000000 -12.000000000 -0.020334940 0.207509607
1776612768.344513416 0.532681286 0.294438511 0.187071472 0.074318908 0.987580419 0.125260755 -0.058918327 2.856554747 2.704545975 -0.584072948 0.000000000 0.000000000 -12.000000000 -0.020160666 0.207740828
1776612768.349759817 0.534286380 0.294858754 0.187031448 0.074401185 0.987665057 0.125198811 -0.057510640 2.913187027 2.708973169 -0.503785312 0.000000000 0.000000000 -12.000000000 -0.019984644 0.207964584
1776612768.354577303 0.535874844 0.295248091 0.186981708 0.074493006 0.987747371 0.125119209 -0.056135047 2.971101284 2.713219404 -0.428513020 0.000000000 0.000000000 -12.000000000 -0.019807324 0.208179891
1776612768.359703779 0.537429333 0.295622170 0.186909914 0.074577034 0.987827420 0.125024959 -0.054809205 3.030023336 2.717242956 -0.358102441 0.000000000 0.000000000 -12.000000000 -0.019628944 0.208387882
1776612768.364518642 0.538963795 0.295986146 0.186832190 0.074667923 0.987903774 0.124925576 -0.053519998 3.089613676 2.721019030 -0.292403340 0.000000000 0.000000000 -12.000000000 -0.019450145 0.208589017
1776612768.369512320 0.540466309 0.296335101 0.186762601 0.074709125 0.987982392 0.124807186 -0.052273154 3.149475098 2.724541426 -0.231271148 0.000000000 0.000000000 -12.000000000 -0.019270590 0.208783850
1776612768.374522209 0.541946232 0.296680003 0.186712891 0.074724801 0.988060713 0.124683470 -0.051051077 3.209157228 2.727822065 -0.174569055 0.000000000 0.000000000 -12.000000000 -0.019090192 0.208974451
1776612768.379531145 0.543355763 0.297001213 0.186649472 0.074724838 0.988138318 0.124530680 -0.049909458 3.268167496 2.730891228 -0.122169673 0.000000000 0.000000000 -12.000000000 -0.018909022 0.209162310
1776612768.384494066 0.544675171 0.297282934 0.186563492 0.074676633 0.988218665 0.124333672 -0.048871581 3.325983524 2.733792305 -0.073956616 0.000000000 0.000000000 -12.000000000 -0.018727392 0.209347934
1776612768.389931679 0.545941055 0.297562450 0.186479777 0.074599274 0.988299787 0.124115244 -0.047894645 3.382066965 2.736580610 -0.029826351 0.000000000 0.000000000 -12.000000000 -0.018545480 0.209532559
1776612768.394592524 0.547159076 0.297809839 0.186384946 0.074536651 0.988379180 0.123866230 -0.046990007 3.435878038 2.739318371 0.010309631 0.000000000 0.000000000 -12.000000000 -0.018362770 0.209717318
1776612768.399506092 0.548362136 0.298050880 0.186280251 0.074486591 0.988455713 0.123614930 -0.046113122 3.486887217 2.742071867 0.046522707 0.000000000 0.000000000 -12.000000000 -0.018179594 0.209901795
1776612768.404509544 0.549566448 0.298282206 0.186180741 0.074437499 0.988530695 0.123363912 -0.045248408 3.534588814 2.744906664 0.078865059 0.000000000 0.000000000 -12.000000000 -0.017995754 0.210087106
1776612768.409518003 0.550796390 0.298502326 0.186112046 0.074432530 0.988601744 0.123115487 -0.044372585 3.578510284 2.747886419 0.107367262 0.000000000 0.000000000 -12.000000000 -0.017811514 0.210271969
1776612768.415047169 0.552053213 0.298710257 0.186082870 0.074483141 0.988665760 0.122887239 -0.043485913 3.618225336 2.751069307 0.132036120 0.000000000 0.000000000 -12.000000000 -0.017626857 0.210456446
1776612768.419570208 0.553276181 0.298894703 0.186054051 0.074555725 0.988726795 0.122648545 -0.042639047 3.653364420 2.754506588 0.152853847 0.000000000 0.000000000 -12.000000000 -0.017442448 0.210641488
1776612768.424658537 0.554459572 0.299047709 0.186010867 0.074662872 0.988784969 0.122384712 -0.041854180 3.683625460 2.758237839 0.169778898 0.000000000 0.000000000 -12.000000000 -0.017257813 0.210826874
1776612768.429482698 0.555632174 0.299192667 0.185961485 0.074785538 0.988841116 0.122114286 -0.041090839 3.708781242 2.762289762 0.182747737 0.000000000 0.000000000 -12.000000000 -0.017073013 0.211013004
1776612768.434500217 0.556802750 0.299341798 0.185895830 0.074909955 0.988895118 0.121850215 -0.040342066 3.728682995 2.766674519 0.191676766 0.000000000 0.000000000 -12.000000000 -0.016888727 0.211199954
1776612768.439536333 0.557984114 0.299477696 0.185831428 0.075055756 0.988947690 0.121582352 -0.039583925 3.743260860 2.771389723 0.196463808 0.000000000 0.000000000 -12.000000000 -0.016705045 0.211388364
1776612768.444546938 0.559211612 0.299614102 0.185789824 0.075201191 0.988999784 0.121326856 -0.038781922 3.752523661 2.776416063 0.196988761 0.000000000 0.000000000 -12.000000000 -0.016521387 0.211578473
1776612768.449517250 0.560471296 0.299761325 0.185788333 0.075333886 0.989050567 0.121096566 -0.037938748 3.756557703 2.781718969 0.193114668 0.000000000 0.000000000 -12.000000000 -0.016338158 0.211771488
1776612768.454787970 0.561727524 0.299912691 0.185798526 0.075456239 0.989099562 0.120881058 -0.037096508 3.755523443 2.787250757 0.184689298 0.000000000 0.000000000 -12.000000000 -0.016155448 0.211968049
1776612768.459674835 0.562948704 0.300038815 0.185800046 0.075562172 0.989149332 0.120652184 -0.036290351 3.749655247 2.792950869 0.171547562 0.000000000 0.000000000 -12.000000000 -0.015972983 0.212168396
1776612768.464498043 0.564160764 0.300146878 0.185798854 0.075663298 0.989199281 0.120413177 -0.035503842 3.739257812 2.798744440 0.153514519 0.000000000 0.000000000 -12.000000000 -0.015794342 0.212373242
1776612768.469492912 0.565379083 0.300225019 0.185782075 0.075765915 0.989249408 0.120164856 -0.034721617 3.724700212 2.804543495 0.130408198 0.000000000 0.000000000 -12.000000000 -0.015617476 0.212582052
1776612768.474517584 0.566623092 0.300306857 0.185756296 0.075858690 0.989298344 0.119932078 -0.033920206 3.706409454 2.810249090 0.102041990 0.000000000 0.000000000 -12.000000000 -0.015441400 0.212796152
1776612768.479718208 0.567915201 0.300399244 0.185778975 0.075949274 0.989345431 0.119725652 -0.033062726 3.684859514 2.815753222 0.068225369 0.000000000 0.000000000 -12.000000000 -0.015265354 0.213017121
1776612768.484841824 0.569267571 0.300497234 0.185847282 0.076065421 0.989387512 0.119552866 -0.032149084 3.660565615 2.820941448 0.028764211 0.000000000 0.000000000 -12.000000000 -0.015088721 0.213245586
1776612768.489505053 0.571942568 0.300726652 0.185991824 0.076271459 0.989461899 0.119277686 -0.030343024 3.634076834 2.825694323 -0.016537033 0.000000000 0.000000000 -12.000000000 -0.014911192 0.213492140
1776612768.494678259 0.571942568 0.300726652 0.185991824 0.076271459 0.989461899 0.119277686 -0.030343024 3.605969667 2.829888105 -0.067871213 0.000000000 0.000000000 -12.000000000 -0.014734481 0.213739038
1776612768.499576807 0.573228717 0.300814122 0.186032087 0.076415218 0.989491582 0.119145617 -0.029520564 3.576842308 2.833395720 -0.125424117 0.000000000 0.000000000 -12.000000000 -0.014555163 0.213994667
1776612768.504904509 0.574525595 0.300891489 0.186061054 0.076607406 0.989514887 0.119027078 -0.028708594 3.547303677 2.836086512 -0.189370617 0.000000000 0.000000000 -12.000000000 -0.014374556 0.214260131
1776612768.509853363 0.575832188 0.300972223 0.186066151 0.076831341 0.989532650 0.118928775 -0.027893953 3.517965317 2.837828159 -0.259871691 0.000000000 0.000000000 -12.000000000 -0.014194712 0.214534372
1776612768.514865160 0.577202797 0.301052153 0.186105847 0.077078164 0.989543617 0.118877769 -0.027027005 3.489429474 2.838489294 -0.337072074 0.000000000 0.000000000 -12.000000000 -0.014015437 0.214817017
1776612768.519862890 0.578615427 0.301133901 0.186190009 0.077361919 0.989545941 0.118876077 -0.026122732 3.462280512 2.837944031 -0.421098411 0.000000000 0.000000000 -12.000000000 -0.013838697 0.215109855
1776612768.524913788 0.579886317 0.301216334 0.186246097 0.077644683 0.989544511 0.118863553 -0.025384540 3.437074661 2.836075783 -0.512057781 0.000000000 0.000000000 -12.000000000 -0.013662148 0.215411097
1776612768.529505491 0.580917001 0.301287472 0.186237574 0.077921353 0.989540339 0.118812770 -0.024933927 3.414323568 2.832782745 -0.610035360 0.000000000 0.000000000 -12.000000000 -0.013488157 0.215720534
1776612768.534506798 0.581856310 0.301331013 0.186232239 0.078190811 0.989533603 0.118757531 -0.024618691 3.394471884 2.827985048 -0.715092778 0.000000000 0.000000000 -12.000000000 -0.013318350 0.216038585
1776612768.539508104 0.582738042 0.301321208 0.186241746 0.078441501 0.989527583 0.118687317 -0.024401328 3.377875805 2.821629286 -0.827266634 0.000000000 0.000000000 -12.000000000 -0.013151588 0.216361642
1776612768.545113325 0.583483934 0.301294565 0.186260343 0.078668833 0.989518940 0.118617125 -0.024361521 3.364783764 2.813695431 -0.946568131 0.000000000 0.000000000 -12.000000000 -0.012986511 0.216688454
1776612768.549813271 0.584020495 0.301244408 0.186293572 0.078856170 0.989510536 0.118516542 -0.024584629 3.355324030 2.804201365 -1.072981715 0.000000000 0.000000000 -12.000000000 -0.012822642 0.217018157
1776612768.554554939 0.584439635 0.301182389 0.186360091 0.079030655 0.989499092 0.118415587 -0.024969334 3.349502325 2.793206453 -1.206462502 0.000000000 0.000000000 -12.000000000 -0.012661884 0.217349961
1776612768.559687853 0.584774077 0.301102459 0.186431855 0.079217941 0.989481270 0.118328460 -0.025488839 3.347208738 2.780811787 -1.346933603 0.000000000 0.000000000 -12.000000000 -0.012503621 0.217682570
1776612768.564525843 0.584935308 0.301012158 0.186457276 0.079417787 0.989457428 0.118231095 -0.026232870 3.348230600 2.767155647 -1.494281769 0.000000000 0.000000000 -12.000000000 -0.012347577 0.218013749
1776612768.569916010 0.584926844 0.300915629 0.186436743 0.079640090 0.989426136 0.118124820 -0.027201043 3.352270365 2.752407074 -1.648353338 0.000000000 0.000000000 -12.000000000 -0.012193844 0.218341962
1776612768.574563503 0.584852219 0.300794035 0.186380178 0.079906009 0.989386082 0.118027091 -0.028280048 3.358962059 2.736762285 -1.808950424 0.000000000 0.000000000 -12.000000000 -0.012041533 0.218664989
1776612768.579864025 0.584795177 0.300714850 0.186326504 0.080198221 0.989334106 0.117999911 -0.029364709 3.367885351 2.720439434 -1.975828886 0.000000000 0.000000000 -12.000000000 -0.011892538 0.218984500
1776612768.584993839 0.584760070 0.300669670 0.186283201 0.080510363 0.989271820 0.118036784 -0.030440336 3.378582954 2.703674078 -2.148699760 0.000000000 0.000000000 -12.000000000 -0.011746117 0.219300807
1776612768.589874029 0.584781587 0.300654173 0.186281592 0.080835067 0.989201009 0.118139967 -0.031463623 3.390577793 2.686713457 -2.327231169 0.000000000 0.000000000 -12.000000000 -0.011602355 0.219615102
1776612768.594808578 0.584845066 0.300674498 0.186302781 0.081168994 0.989121318 0.118314289 -0.032439403 3.403391123 2.669809103 -2.511051655 0.000000000 0.000000000 -12.000000000 -0.011461333 0.219928384
1776612768.599858046 0.584934354 0.300677478 0.186304182 0.081518397 0.989038110 0.118505523 -0.033388413 3.416557312 2.653210640 -2.699750900 0.000000000 0.000000000 -12.000000000 -0.011323129 0.220239937
1776612768.604813576 0.585074246 0.300674230 0.186296225 0.081895649 0.988948822 0.118734956 -0.034283150 3.429636002 2.637161016 -2.892881870 0.000000000 0.000000000 -12.000000000 -0.011187818 0.220549479
1776612768.609561205 0.585283399 0.300671816 0.186291128 0.082286865 0.988856077 0.118997090 -0.035103191 3.442222357 2.621891737 -3.089964151 0.000000000 0.000000000 -12.000000000 -0.011055687 0.220858425
1776612768.614891768 0.585533082 0.300647855 0.186274260 0.082718223 0.988758743 0.119272359 -0.035888184 3.453955173 2.607620716 -3.290489435 0.000000000 0.000000000 -12.000000000 -0.010926548 0.221165270
1776612768.619796991 0.585791945 0.300596386 0.186229378 0.083177119 0.988657296 0.119555198 -0.036672939 3.464525938 2.594548464 -3.493927717 0.000000000 0.000000000 -12.000000000 -0.010800458 0.221470043
1776612768.624758959 0.586074710 0.300535738 0.186183095 0.083610743 0.988556921 0.119848996 -0.037424896 3.473684788 2.582857132 -3.699734688 0.000000000 0.000000000 -12.000000000 -0.010677035 0.221772909
1776612768.629946947 0.586361408 0.300489217 0.186165094 0.083995037 0.988456845 0.120172210 -0.038163893 3.481245995 2.572711229 -3.907356501 0.000000000 0.000000000 -12.000000000 -0.010556733 0.222074613
1776612768.634601355 0.586627960 0.300406545 0.186141521 0.084316142 0.988363206 0.120475873 -0.038917083 3.487089872 2.564256907 -4.116240025 0.000000000 0.000000000 -12.000000000 -0.010440107 0.222374439
1776612768.639855862 0.586860776 0.300277412 0.186099738 0.084606119 0.988270998 0.120769471 -0.039710749 3.491166353 2.557625294 -4.325839520 0.000000000 0.000000000 -12.000000000 -0.010326184 0.222671732
1776612768.644952297 0.587149918 0.299922019 0.185930282 0.085120283 0.988086462 0.121309981 -0.041515537 3.493490696 2.552933693 -4.535624981 0.000000000 0.000000000 -12.000000000 -0.010214062 0.222958460
1776612768.649846554 0.587149918 0.299922019 0.185930282 0.085120283 0.988086462 0.121309981 -0.041515537 3.494138718 2.550290108 -4.745087624 0.000000000 0.000000000 -12.000000000 -0.010105162 0.223245397
1776612768.654887915 0.587255478 0.299703777 0.185806990 0.085341930 0.987994552 0.121570759 -0.042474903 3.493235826 2.549798012 -4.953744888 0.000000000 0.000000000 -12.000000000 -0.009999536 0.223527417
1776612768.659836292 0.587424695 0.299224854 0.185553402 0.085780740 0.987803817 0.122105606 -0.044446364 3.490946770 2.551560402 -5.161144733 0.000000000 0.000000000 -12.000000000 -0.009896246 0.223801643
1776612768.664921284 0.587424695 0.299224854 0.185553402 0.085780740 0.987803817 0.122105606 -0.044446364 3.487468243 2.555679798 -5.366871834 0.000000000 0.000000000 -12.000000000 -0.009796159 0.224072427
1776612768.669961691 0.587482214 0.298981398 0.185456753 0.085992239 0.987702608 0.122401133 -0.045462508 3.483020067 2.562262297 -5.570554256 0.000000000 0.000000000 -12.000000000 -0.009698496 0.224337667
1776612768.674883604 0.587540627 0.298754722 0.185397029 0.086200133 0.987596571 0.122732572 -0.046467979 3.477836847 2.571421862 -5.771869183 0.000000000 0.000000000 -12.000000000 -0.009603932 0.224599749
1776612768.679694653 0.587587297 0.298513025 0.185331851 0.086425431 0.987485766 0.123073198 -0.047491610 3.472159386 2.583281755 -5.970546722 0.000000000 0.000000000 -12.000000000 -0.009512366 0.224857479
1776612768.684855938 0.587571025 0.298255146 0.185235739 0.086668998 0.987370551 0.123401135 -0.048580300 3.466229916 2.597975492 -6.166373253 0.000000000 0.000000000 -12.000000000 -0.009423945 0.225111097
1776612768.689516544 0.587524116 0.298000425 0.185118467 0.086917855 0.987251163 0.123734511 -0.049700674 3.460283995 2.615644217 -6.359189510 0.000000000 0.000000000 -12.000000000 -0.009338611 0.225359946
1776612768.694800854 0.587447345 0.297745764 0.184982181 0.087177023 0.987127721 0.124072373 -0.050843973 3.454544544 2.636436701 -6.548890114 0.000000000 0.000000000 -12.000000000 -0.009256778 0.225603893
1776612768.700141191 0.587364912 0.297479153 0.184839487 0.087438211 0.987002969 0.124406718 -0.051987398 3.449214935 2.660506248 -6.735419750 0.000000000 0.000000000 -12.000000000 -0.009177862 0.225843161
1776612768.704812527 0.587289095 0.297212094 0.184717774 0.087714605 0.986874282 0.124759369 -0.053107608 3.444472551 2.688007593 -6.918770790 0.000000000 0.000000000 -12.000000000 -0.009102223 0.226078302
1776612768.709893465 0.587212682 0.296937078 0.184614986 0.087981418 0.986744463 0.125121415 -0.054214891 3.440465212 2.719094038 -7.098981380 0.000000000 0.000000000 -12.000000000 -0.009029540 0.226309285
1776612768.714501381 0.587134302 0.296646476 0.184525132 0.088266417 0.986610413 0.125494733 -0.055317428 3.437308788 2.753912687 -7.276131630 0.000000000 0.000000000 -12.000000000 -0.008959191 0.226535127
1776612768.719839334 0.587082624 0.296346486 0.184450328 0.088545434 0.986476779 0.125875831 -0.056379031 3.435088158 2.792602062 -7.450341702 0.000000000 0.000000000 -12.000000000 -0.008892241 0.226757288
1776612768.724521875 0.587066352 0.296055079 0.184387147 0.088809259 0.986342132 0.126287580 -0.057389837 3.433857203 2.835288763 -7.621773243 0.000000000 0.000000000 -12.000000000 -0.008828304 0.226975724
1776612768.729797602 0.587057173 0.295767337 0.184325904 0.089082055 0.986204684 0.126712501 -0.058383547 3.433640480 2.882085085 -7.790622711 0.000000000 0.000000000 -12.000000000 -0.008767221 0.227190718
1776612768.734550714 0.587065637 0.295482844 0.184266716 0.089328714 0.986067832 0.127157450 -0.059343506 3.434435606 2.933087111 -7.957116604 0.000000000 0.000000000 -12.000000000 -0.008708639 0.227402344
1776612768.739827871 0.587059200 0.295177758 0.184187919 0.089587495 0.985927820 0.127602220 -0.060316466 3.436213493 2.988372803 -8.121505737 0.000000000 0.000000000 -12.000000000 -0.008654021 0.227610022
1776612768.744553328 0.587050617 0.294866949 0.184100598 0.089828089 0.985788345 0.128051460 -0.061279029 3.438918829 3.047999859 -8.284055710 0.000000000 0.000000000 -12.000000000 -0.008602225 0.227813497
1776612768.749514103 0.587056339 0.294571161 0.184020102 0.090061001 0.985645533 0.128532693 -0.062219247 3.442472458 3.112002373 -8.445044518 0.000000000 0.000000000 -12.000000000 -0.008553846 0.228013605
1776612768.754603386 0.587044358 0.294265747 0.183932185 0.090290695 0.985500872 0.129015893 -0.063170940 3.446773291 3.180388451 -8.604758263 0.000000000 0.000000000 -12.000000000 -0.008508291 0.228209719
1776612768.759505033 0.587009907 0.293975353 0.183849186 0.090495393 0.985355139 0.129513130 -0.064125903 3.451703072 3.253137827 -8.763483047 0.000000000 0.000000000 -12.000000000 -0.008465167 0.228401616
1776612768.764765978 0.586969733 0.293706536 0.183771521 0.090683490 0.985206485 0.130038977 -0.065073542 3.457131147 3.330201387 -8.921507835 0.000000000 0.000000000 -12.000000000 -0.008424234 0.228589952
1776612768.769593716 0.586923480 0.293440968 0.183708996 0.090865411 0.985055268 0.130582944 -0.066013165 3.462918520 3.411500454 -9.079112053 0.000000000 0.000000000 -12.000000000 -0.008386156 0.228775725
1776612768.774657249 0.586878002 0.293189168 0.183651417 0.091051854 0.984899044 0.131157562 -0.066941306 3.468917847 3.496927500 -9.236568451 0.000000000 0.000000000 -12.000000000 -0.008350671 0.228958935
1776612768.779490232 0.586835325 0.292940259 0.183598399 0.091244854 0.984738767 0.131756037 -0.067855284 3.474975824 3.586344242 -9.394128799 0.000000000 0.000000000 -12.000000000 -0.008317725 0.229139268
1776612768.784530163 0.586790562 0.292686552 0.183549345 0.091442883 0.984575748 0.132364765 -0.068763323 3.480933189 3.679582834 -9.552027702 0.000000000 0.000000000 -12.000000000 -0.008287693 0.229316935
1776612768.789507151 0.586746812 0.292434275 0.183507740 0.091657527 0.984409273 0.132983878 -0.069660395 3.486625910 3.776445389 -9.710471153 0.000000000 0.000000000 -12.000000000 -0.008261312 0.229491904
1776612768.794517994 0.586711228 0.292188585 0.183474183 0.091879368 0.984240234 0.133619100 -0.070535809 3.491887569 3.876707315 -9.869641304 0.000000000 0.000000000 -12.000000000 -0.008236528 0.229662985
1776612768.799563885 0.586658299 0.291951716 0.183438629 0.092098072 0.984068096 0.134264305 -0.071421400 3.496552229 3.980121136 -10.029689789 0.000000000 0.000000000 -12.000000000 -0.008214884 0.229832277
1776612768.804830790 0.586608469 0.291698515 0.183405221 0.092325583 0.983896494 0.134898663 -0.072291106 3.500456572 4.086421013 -10.190732956 0.000000000 0.000000000 -12.000000000 -0.008197136 0.229998857
1776612768.809863091 0.586552858 0.291428655 0.183366865 0.092560455 0.983723938 0.135524824 -0.073162422 3.503441095 4.195326805 -10.352855682 0.000000000 0.000000000 -12.000000000 -0.008182460 0.230162516
1776612768.815045834 0.586552143 0.291143596 0.183348984 0.092812791 0.983553767 0.136154443 -0.073957749 3.505354404 4.306545734 -10.516107559 0.000000000 0.000000000 -12.000000000 -0.008170842 0.230323493
1776612768.819491625 0.586556494 0.290820837 0.183310121 0.093057804 0.983389497 0.136747524 -0.074735604 3.506055593 4.419779301 -10.680496216 0.000000000 0.000000000 -12.000000000 -0.008161598 0.230480537
1776612768.824644804 0.586525559 0.290490746 0.183249801 0.093295589 0.983227968 0.137307897 -0.075532965 3.505422592 4.534724236 -10.845995903 0.000000000 0.000000000 -12.000000000 -0.008155275 0.230634168
1776612768.829526663 0.586570442 0.290177107 0.183193117 0.093513668 0.983073294 0.137883559 -0.076224916 3.503357649 4.651078701 -11.012539864 0.000000000 0.000000000 -12.000000000 -0.008151875 0.230784312
1776612768.834904671 0.586602390 0.289843470 0.183116823 0.093732946 0.982921183 0.138433561 -0.076916724 3.499795675 4.768546104 -11.180026054 0.000000000 0.000000000 -12.000000000 -0.008151671 0.230931789
1776612768.839701653 0.586682141 0.289099187 0.182908088 0.094164215 0.982632041 0.139448404 -0.078240395 3.494705677 4.886836052 -11.348318100 0.000000000 0.000000000 -12.000000000 -0.008155096 0.231072724
1776612768.844837189 0.586682141 0.289099187 0.182908088 0.094164215 0.982632041 0.139448404 -0.078240395 3.488092661 5.005669594 -11.517246246 0.000000000 0.000000000 -12.000000000 -0.008161758 0.231213227
1776612768.849867344 0.586710274 0.288688242 0.182799637 0.094366647 0.982494235 0.139914349 -0.078892410 3.479994297 5.124780655 -11.686607361 0.000000000 0.000000000 -12.000000000 -0.008172240 0.231350452
1776612768.854840040 0.586777210 0.288252681 0.182689667 0.094567001 0.982365787 0.140351027 -0.079474092 3.470478296 5.243918896 -11.856173515 0.000000000 0.000000000 -12.000000000 -0.008187102 0.231484756
1776612768.859735727 0.586926579 0.287346095 0.182510048 0.094906911 0.982128978 0.141160190 -0.080554895 3.459643364 5.362853527 -12.025690079 0.000000000 0.000000000 -12.000000000 -0.008205704 0.231613189
1776612768.864953041 0.586926579 0.287346095 0.182510048 0.094906911 0.982128978 0.141160190 -0.080554895 3.447619677 5.481371880 -12.194881439 0.000000000 0.000000000 -12.000000000 -0.008227582 0.231741801
1776612768.869912386 0.586997271 0.286856532 0.182388693 0.095069684 0.982020378 0.141509145 -0.081073456 3.434572458 5.599280357 -12.363457680 0.000000000 0.000000000 -12.000000000 -0.008254166 0.231867045
1776612768.874653101 0.587072372 0.286363363 0.182268769 0.095228367 0.981913507 0.141855225 -0.081575528 3.420703411 5.716403961 -12.531114578 0.000000000 0.000000000 -12.000000000 -0.008284967 0.231989369
1776612768.879777670 0.587186992 0.285875082 0.182162911 0.095394887 0.981808424 0.142213136 -0.082020722 3.406251192 5.832581520 -12.697540283 0.000000000 0.000000000 -12.000000000 -0.008318782 0.232107922
1776612768.884511948 0.587313592 0.285386562 0.182049572 0.095583573 0.981702685 0.142570689 -0.082445405 3.391490698 5.947665215 -12.862421036 0.000000000 0.000000000 -12.000000000 -0.008357551 0.232223704
1776612768.889523268 0.587445498 0.284906298 0.181945920 0.095772505 0.981598198 0.142928153 -0.082850300 3.376731873 6.061515808 -13.025440216 0.000000000 0.000000000 -12.000000000 -0.008398541 0.232336402
1776612768.894620657 0.587639570 0.284460247 0.181865990 0.095969945 0.981494009 0.143327296 -0.083166055 3.362317324 6.173998833 -13.186288834 0.000000000 0.000000000 -12.000000000 -0.008442146 0.232446998
1776612768.899950504 0.587872863 0.284042299 0.181788325 0.096187860 0.981386483 0.143761605 -0.083432838 3.348622322 6.284982204 -13.344660759 0.000000000 0.000000000 -12.000000000 -0.008488429 0.232556492
1776612768.904581547 0.588136196 0.283633113 0.181710213 0.096423507 0.981278658 0.144209206 -0.083656758 3.336055756 6.394332409 -13.500261307 0.000000000 0.000000000 -12.000000000 -0.008538025 0.232664943
1776612768.909600973 0.588487625 0.283235669 0.181635290 0.096698679 0.981170714 0.144691512 -0.083772212 3.325062990 6.501911163 -13.652803421 0.000000000 0.000000000 -12.000000000 -0.008589066 0.232771426
1776612768.914615631 0.588898420 0.282810420 0.181548864 0.097012974 0.981066465 0.145165607 -0.083809108 3.316127300 6.607573509 -13.802013397 0.000000000 0.000000000 -12.000000000 -0.008642919 0.232876420
1776612768.919569969 0.589329422 0.282364488 0.181441933 0.097311482 0.980971038 0.145612404 -0.083805270 3.309769630 6.711171150 -13.947629929 0.000000000 0.000000000 -12.000000000 -0.008701975 0.232982755
1776612768.924623013 0.589788616 0.281915903 0.181337208 0.097612232 0.980883479 0.146036386 -0.083742827 3.306545496 6.812552452 -14.089404106 0.000000000 0.000000000 -12.000000000 -0.008763584 0.233089119
1776612768.929842710 0.590263069 0.281451166 0.181231648 0.097883128 0.980806589 0.146429986 -0.083639562 3.307039499 6.911569118 -14.227101326 0.000000000 0.000000000 -12.000000000 -0.008824962 0.233194202
1776612768.934896469 0.590710819 0.280954003 0.181112230 0.098116361 0.980742037 0.146763116 -0.083539017 3.311856747 7.008075237 -14.360505104 0.000000000 0.000000000 -12.000000000 -0.008888765 0.233300433
1776612768.939862251 0.591148615 0.280426145 0.180989981 0.098323368 0.980688810 0.147043094 -0.083428256 3.321613550 7.101932526 -14.489418030 0.000000000 0.000000000 -12.000000000 -0.008955143 0.233407989
1776612768.944924355 0.591611862 0.279880643 0.180889428 0.098502934 0.980644763 0.147309110 -0.083264694 3.336924076 7.193011761 -14.613664627 0.000000000 0.000000000 -12.000000000 -0.009023095 0.233516753
1776612768.949870110 0.592072904 0.279320806 0.180797607 0.098675914 0.980607092 0.147545367 -0.083084889 3.358389616 7.281194210 -14.733094215 0.000000000 0.000000000 -12.000000000 -0.009093479 0.233628437
1776612768.954800129 0.592484176 0.278741091 0.180688649 0.098818213 0.980574727 0.147743970 -0.082944870 3.386590004 7.366374493 -14.847585678 0.000000000 0.000000000 -12.000000000 -0.009164192 0.233740553
1776612768.959841967 0.592879772 0.278163195 0.180571914 0.098953985 0.980543256 0.147934496 -0.082815528 3.422072887 7.448461533 -14.957043648 0.000000000 0.000000000 -12.000000000 -0.009237487 0.233855233
1776612768.964735031 0.593280196 0.277580351 0.180457771 0.099068113 0.980517924 0.148109674 -0.082665987 3.465341806 7.527377605 -15.061406136 0.000000000 0.000000000 -12.000000000 -0.009313012 0.233972892
1776612768.969854593 0.593676448 0.276979804 0.180342525 0.099192619 0.980493903 0.148268163 -0.082517177 3.516849279 7.603061676 -15.160640717 0.000000000 0.000000000 -12.000000000 -0.009389122 0.234091789
1776612768.974555492 0.594063044 0.276365638 0.180231005 0.099313326 0.980472207 0.148412436 -0.082370505 3.576986551 7.675468922 -15.254749298 0.000000000 0.000000000 -12.000000000 -0.009466929 0.234212801
1776612768.979731083 0.594432831 0.275748491 0.180118620 0.099428236 0.980451763 0.148545444 -0.082234919 3.646079540 7.744574547 -15.343763351 0.000000000 0.000000000 -12.000000000 -0.009546771 0.234336361
1776612768.984544516 0.594803393 0.275131524 0.180006534 0.099555068 0.980430484 0.148679003 -0.082094215 3.724382401 7.810374260 -15.427745819 0.000000000 0.000000000 -12.000000000 -0.009627641 0.234461859
1776612768.989575624 0.595167279 0.274504721 0.179889023 0.099690281 0.980409265 0.148802146 -0.081959821 3.812073469 7.872887611 -15.506791115 0.000000000 0.000000000 -12.000000000 -0.009709450 0.234589100
1776612768.994889736 0.595510721 0.273878247 0.179759145 0.099834800 0.980387628 0.148910776 -0.081845529 3.909254074 7.932157040 -15.581021309 0.000000000 0.000000000 -12.000000000 -0.009793256 0.234719157
1776612768.999997139 0.595841110 0.273251146 0.179623961 0.099983715 0.980365694 0.149012148 -0.081741892 4.015946865 7.988250732 -15.650584221 0.000000000 0.000000000 -12.000000000 -0.009879258 0.234852090
1776612769.004545927 0.596172333 0.272624910 0.179498225 0.100138418 0.980344355 0.149111554 -0.081627272 4.132096291 8.041258812 -15.715651512 0.000000000 0.000000000 -12.000000000 -0.009968335 0.234988987
1776612769.009820700 0.596502304 0.271983057 0.179380864 0.100306548 0.980322301 0.149207875 -0.081509762 4.257566929 8.091297150 -15.776418686 0.000000000 0.000000000 -12.000000000 -0.010059433 0.235128686
1776612769.014506817 0.596830130 0.271323055 0.179263711 0.100498557 0.980299473 0.149292722 -0.081392251 4.392147064 8.138500214 -15.833098412 0.000000000 0.000000000 -12.000000000 -0.010151680 0.235270351
1776612769.019569635 0.597161114 0.270653754 0.179147899 0.100694187 0.980277598 0.149372891 -0.081266768 4.535552979 8.183025360 -15.885922432 0.000000000 0.000000000 -12.000000000 -0.010245306 0.235414341
1776612769.024578094 0.597491145 0.269976914 0.179037452 0.100911289 0.980252802 0.149455473 -0.081144191 4.687428951 8.225044250 -15.935130119 0.000000000 0.000000000 -12.000000000 -0.010340951 0.235561460
1776612769.030021429 0.597817123 0.269310027 0.178930193 0.101130709 0.980227590 0.149538621 -0.081022762 4.847356319 8.264747620 -15.980973244 0.000000000 0.000000000 -12.000000000 -0.010437191 0.235711098
1776612769.034522533 0.598143220 0.268644154 0.178830802 0.101338163 0.980203390 0.149624974 -0.080896623 5.014856339 8.302335739 -16.023706436 0.000000000 0.000000000 -12.000000000 -0.010530801 0.235861227
1776612769.039876223 0.598472357 0.267981201 0.178733468 0.101564303 0.980178714 0.149705067 -0.080763876 5.189395905 8.338016510 -16.063587189 0.000000000 0.000000000 -12.000000000 -0.010624418 0.236014217
1776612769.044665813 0.598806560 0.267321050 0.178638816 0.101787277 0.980154276 0.149789155 -0.080623269 5.370392323 8.372002602 -16.100870132 0.000000000 0.000000000 -12.000000000 -0.010719177 0.236171708
1776612769.050487280 0.599150360 0.266671211 0.178543866 0.102000356 0.980130553 0.149883285 -0.080467366 5.557219505 8.404505730 -16.135799408 0.000000000 0.000000000 -12.000000000 -0.010814606 0.236333430
1776612769.055031061 0.599500418 0.266009092 0.178446084 0.102240451 0.980105758 0.149968430 -0.080306247 5.749212742 8.435736656 -16.168617249 0.000000000 0.000000000 -12.000000000 -0.010909076 0.236498386
1776612769.060003757 0.599841118 0.265331537 0.178345859 0.102462918 0.980084479 0.150038645 -0.080151036 5.945672512 8.465899467 -16.199550629 0.000000000 0.000000000 -12.000000000 -0.011002932 0.236666590
1776612769.065026045 0.600174904 0.264642775 0.178248286 0.102678239 0.980066121 0.150092229 -0.079999194 6.145871639 8.495194435 -16.228811264 0.000000000 0.000000000 -12.000000000 -0.011096822 0.236838713
1776612769.070083141 0.600836575 0.263218522 0.178054661 0.103122339 0.980033994 0.150158107 -0.079697832 6.349054813 8.523815155 -16.256591797 0.000000000 0.000000000 -12.000000000 -0.011187357 0.237017304
1776612769.074916840 0.600836575 0.263218522 0.178054661 0.103122339 0.980033994 0.150158107 -0.079697832 6.554447174 8.551948547 -16.283067703 0.000000000 0.000000000 -12.000000000 -0.011278328 0.237195507
1776612769.079540968 0.601152718 0.262477666 0.177946448 0.103348784 0.980019391 0.150167868 -0.079565518 6.761255264 8.579771042 -16.308391571 0.000000000 0.000000000 -12.000000000 -0.011366724 0.237376034
1776612769.084925413 0.601456344 0.261723608 0.177831978 0.103571534 0.980006456 0.150161982 -0.079446092 6.968673706 8.607449532 -16.332689285 0.000000000 0.000000000 -12.000000000 -0.011455509 0.237560913
1776612769.089944363 0.601755738 0.260964692 0.177715719 0.103784375 0.979996264 0.150144637 -0.079326726 7.175887108 8.635141373 -16.356063843 0.000000000 0.000000000 -12.000000000 -0.011542417 0.237748414
1776612769.094945192 0.602020264 0.260200739 0.177598000 0.103987262 0.979988098 0.150102481 -0.079241626 7.382079601 8.662991524 -16.378589630 0.000000000 0.000000000 -12.000000000 -0.011629655 0.237940460
1776612769.100009203 0.602274597 0.259443492 0.177488118 0.104158618 0.979984462 0.150051802 -0.079157732 7.586434841 8.691132545 -16.400308609 0.000000000 0.000000000 -12.000000000 -0.011717089 0.238137528
1776612769.104954958 0.602503955 0.258676559 0.177382201 0.104320571 0.979981840 0.149986878 -0.079099663 7.788143635 8.719685555 -16.421241760 0.000000000 0.000000000 -12.000000000 -0.011804704 0.238339394
1776612769.109936714 0.602728724 0.257873237 0.177273035 0.104478002 0.979984760 0.149887517 -0.079043657 7.986406803 8.748755455 -16.441377640 0.000000000 0.000000000 -12.000000000 -0.011892684 0.238545865
1776612769.114966631 0.602938652 0.257040322 0.177153945 0.104630798 0.979992390 0.149753392 -0.079001419 8.180437088 8.778436661 -16.460680008 0.000000000 0.000000000 -12.000000000 -0.011981044 0.238757119
1776612769.120022774 0.603124142 0.256184012 0.177028716 0.104778484 0.980003834 0.149584338 -0.078984201 8.369463921 8.808807373 -16.479084015 0.000000000 0.000000000 -12.000000000 -0.012072228 0.238974899
1776612769.124611139 0.603279889 0.255312681 0.176898539 0.104906030 0.980019867 0.149383500 -0.078995705 8.552739143 8.839939117 -16.496507645 0.000000000 0.000000000 -12.000000000 -0.012163724 0.239197418
1776612769.129702091 0.603414476 0.254418522 0.176766366 0.105020888 0.980041385 0.149145648 -0.079025902 8.729537010 8.871891975 -16.512838364 0.000000000 0.000000000 -12.000000000 -0.012254691 0.239424184
1776612769.134521246 0.603532434 0.253504366 0.176632822 0.105118990 0.980068564 0.148875296 -0.079068370 8.899161339 8.904714584 -16.527944565 0.000000000 0.000000000 -12.000000000 -0.012346135 0.239656165
1776612769.139678717 0.603633583 0.252577126 0.176496416 0.105218142 0.980097890 0.148579970 -0.079128280 9.060945511 8.938449860 -16.541679382 0.000000000 0.000000000 -12.000000000 -0.012440809 0.239894480
1776612769.144571543 0.603739142 0.251647949 0.176363766 0.105302103 0.980132997 0.148265943 -0.079170339 9.214255333 8.973125458 -16.553873062 0.000000000 0.000000000 -12.000000000 -0.012536417 0.240138769
1776612769.149632215 0.603848100 0.250701308 0.176224232 0.105396062 0.980170608 0.147932321 -0.079203732 9.358496666 9.008755684 -16.564346313 0.000000000 0.000000000 -12.000000000 -0.012633063 0.240389287
1776612769.154609442 0.603941858 0.249749064 0.176080525 0.105498128 0.980209529 0.147576690 -0.079250105 9.493121147 9.045339584 -16.572910309 0.000000000 0.000000000 -12.000000000 -0.012731492 0.240646988
1776612769.159951687 0.604035735 0.248790354 0.175936192 0.105583288 0.980252743 0.147208154 -0.079287276 9.617626190 9.082859993 -16.579362869 0.000000000 0.000000000 -12.000000000 -0.012831139 0.240911424
1776612769.164575577 0.604139924 0.247836143 0.175793916 0.105682693 0.980296195 0.146836370 -0.079306766 9.731565475 9.121282578 -16.583501816 0.000000000 0.000000000 -12.000000000 -0.012931429 0.241182908
1776612769.169614077 0.604250073 0.246863574 0.175649911 0.105816424 0.980338752 0.146448970 -0.079319417 9.834549904 9.160553932 -16.585117340 0.000000000 0.000000000 -12.000000000 -0.013036006 0.241462275
1776612769.174664259 0.604347289 0.245878100 0.175494522 0.105944671 0.980383933 0.146044552 -0.079334751 9.926250458 9.200602531 -16.584001541 0.000000000 0.000000000 -12.000000000 -0.013138683 0.241746396
1776612769.179580450 0.604422808 0.244881809 0.175321698 0.106098026 0.980426729 0.145629674 -0.079364255 10.006407738 9.241332054 -16.579952240 0.000000000 0.000000000 -12.000000000 -0.013243764 0.242038280
1776612769.185006142 0.604503274 0.243891090 0.175139874 0.106281728 0.980468094 0.145212308 -0.079372130 10.074825287 9.282625198 -16.572767258 0.000000000 0.000000000 -12.000000000 -0.013348615 0.242335796
1776612769.189789295 0.604588687 0.242920816 0.174945116 0.106465615 0.980508387 0.144812182 -0.079358488 10.131376266 9.324344635 -16.562265396 0.000000000 0.000000000 -12.000000000 -0.013452305 0.242639989
1776612769.194784403 0.604708254 0.241987258 0.174764156 0.106649622 0.980548203 0.144448861 -0.079282090 10.176002502 9.366333961 -16.548273087 0.000000000 0.000000000 -12.000000000 -0.013555241 0.242951900
1776612769.199946642 0.604805112 0.241070420 0.174582869 0.106866181 0.980582356 0.144093126 -0.079215460 10.208708763 9.408419609 -16.530647278 0.000000000 0.000000000 -12.000000000 -0.013658728 0.243271291
1776612769.204558134 0.604889393 0.240169615 0.174397945 0.107113734 0.980609000 0.143762052 -0.079152375 10.229567528 9.450407982 -16.509263992 0.000000000 0.000000000 -12.000000000 -0.013760537 0.243596941
1776612769.209772825 0.604974270 0.239327937 0.174233556 0.107341163 0.980631888 0.143481165 -0.079070374 10.238717079 9.492092133 -16.484031677 0.000000000 0.000000000 -12.000000000 -0.013866338 0.243930146
1776612769.214619637 0.605039835 0.238478094 0.174062669 0.107585199 0.980650663 0.143207490 -0.079001911 10.236354828 9.533255577 -16.454895020 0.000000000 0.000000000 -12.000000000 -0.013974614 0.244270042
1776612769.219664335 0.605072141 0.237643331 0.173891813 0.107847631 0.980663061 0.142947599 -0.078960903 10.222735405 9.573668480 -16.421838760 0.000000000 0.000000000 -12.000000000 -0.014086136 0.244616240
1776612769.224580288 0.605080247 0.236844867 0.173738122 0.108102918 0.980670154 0.142720863 -0.078933887 10.198166847 9.613102913 -16.384893417 0.000000000 0.000000000 -12.000000000 -0.014196285 0.244967103
1776612769.229544163 0.605055928 0.236050412 0.173592865 0.108341500 0.980674565 0.142510489 -0.078931823 10.162997246 9.651332855 -16.344135284 0.000000000 0.000000000 -12.000000000 -0.014304586 0.245322302
1776612769.234571457 0.605006039 0.235302627 0.173466653 0.108561948 0.980675280 0.142334834 -0.078937575 10.117613792 9.688143730 -16.299688339 0.000000000 0.000000000 -12.000000000 -0.014414993 0.245681807
1776612769.239598513 0.604956210 0.234586269 0.173369408 0.108793817 0.980669677 0.142198965 -0.078932427 10.062434196 9.723327637 -16.251724243 0.000000000 0.000000000 -12.000000000 -0.014524376 0.246044606
1776612769.244562864 0.604905486 0.233913004 0.173282295 0.109023541 0.980658352 0.142110109 -0.078916289 9.997910500 9.756690979 -16.200454712 0.000000000 0.000000000 -12.000000000 -0.014633050 0.246410668
1776612769.249849081 0.604852140 0.233273879 0.173199922 0.109235868 0.980646610 0.142048612 -0.078878991 9.924518585 9.788048744 -16.146133423 0.000000000 0.000000000 -12.000000000 -0.014738137 0.246779427
1776612769.254706621 0.604790449 0.232635155 0.173120081 0.109450959 0.980634928 0.141991198 -0.078829698 9.842762947 9.817231178 -16.089052200 0.000000000 0.000000000 -12.000000000 -0.014842242 0.247151151
1776612769.259567022 0.604733109 0.232048467 0.173049003 0.109650612 0.980622113 0.141968742 -0.078752063 9.753174782 9.844077110 -16.029527664 0.000000000 0.000000000 -12.000000000 -0.014943487 0.247525632
1776612769.264533997 0.604676902 0.231496871 0.172978282 0.109831043 0.980609775 0.141971394 -0.078649238 9.656306267 9.868444443 -15.967897415 0.000000000 0.000000000 -12.000000000 -0.015041258 0.247902691
1776612769.269796371 0.604609609 0.230942845 0.172901899 0.110025458 0.980596781 0.141970932 -0.078540750 9.552729607 9.890209198 -15.904519081 0.000000000 0.000000000 -12.000000000 -0.015135494 0.248281181
1776612769.274546146 0.604530871 0.230387583 0.172829539 0.110213436 0.980588138 0.141955882 -0.078411579 9.443028450 9.909265518 -15.839750290 0.000000000 0.000000000 -12.000000000 -0.015227765 0.248661101
1776612769.280014992 0.604430914 0.229830071 0.172737002 0.110402711 0.980579853 0.141932413 -0.078291543 9.327796936 9.925525665 -15.773947716 0.000000000 0.000000000 -12.000000000 -0.015317842 0.249042779
1776612769.284793615 0.604292512 0.229282111 0.172631115 0.110583983 0.980571091 0.141902387 -0.078200303 9.207627296 9.938922882 -15.707461357 0.000000000 0.000000000 -12.000000000 -0.015404051 0.249424741
1776612769.289965868 0.604119718 0.228756398 0.172545910 0.110747084 0.980563104 0.141871095 -0.078126229 9.083105087 9.949414253 -15.640623093 0.000000000 0.000000000 -12.000000000 -0.015486181 0.249806374
1776612769.294606686 0.603927910 0.228242308 0.172488213 0.110890403 0.980556905 0.141844884 -0.078048028 8.954804420 9.956976891 -15.573752403 0.000000000 0.000000000 -12.000000000 -0.015566504 0.250187218
1776612769.300104380 0.603718281 0.227731779 0.172447115 0.111023329 0.980554402 0.141806290 -0.077960953 8.823278427 9.961614609 -15.507147789 0.000000000 0.000000000 -12.000000000 -0.015645249 0.250567794
1776612769.304539204 0.603495717 0.227224663 0.172416061 0.111145735 0.980555773 0.141752347 -0.077866912 8.689056396 9.963356018 -15.441089630 0.000000000 0.000000000 -12.000000000 -0.015716964 0.250948519
1776612769.309594393 0.603237033 0.226707369 0.172384471 0.111241274 0.980562270 0.141672090 -0.077794686 8.552634239 9.962257385 -15.375833511 0.000000000 0.000000000 -12.000000000 -0.015785029 0.251328409
1776612769.315187454 0.602911592 0.226181120 0.172313601 0.111314699 0.980573475 0.141545922 -0.077778429 8.414472580 9.958402634 -15.311606407 0.000000000 0.000000000 -12.000000000 -0.015848473 0.251706511
1776612769.319587946 0.602542996 0.225639418 0.172232270 0.111380860 0.980590343 0.141371071 -0.077789046 8.274991989 9.951898575 -15.248609543 0.000000000 0.000000000 -12.000000000 -0.015910702 0.252084166
1776612769.325320244 0.602148533 0.225066394 0.172147244 0.111442216 0.980612636 0.141153932 -0.077814355 8.134572029 9.942878723 -15.187014580 0.000000000 0.000000000 -12.000000000 -0.015967973 0.252460033
1776612769.329615116 0.601712704 0.224469990 0.172061592 0.111460268 0.980644882 0.140889466 -0.077861041 7.993549347 9.931499481 -15.126962662 0.000000000 0.000000000 -12.000000000 -0.016018471 0.252835244
1776612769.334980726 0.601237297 0.223881006 0.171971768 0.111453772 0.980683506 0.140587136 -0.077930905 7.852215767 9.917933464 -15.068566322 0.000000000 0.000000000 -12.000000000 -0.016065475 0.253209442
1776612769.339538336 0.600719929 0.223279774 0.171893388 0.111445449 0.980725944 0.140242353 -0.078029275 7.710818768 9.902370453 -15.011905670 0.000000000 0.000000000 -12.000000000 -0.016109126 0.253582180
1776612769.345023394 0.600169241 0.222657770 0.171788603 0.111435786 0.980771720 0.139859080 -0.078155920 7.569560528 9.885012627 -14.957035065 0.000000000 0.000000000 -12.000000000 -0.016151825 0.253954351
1776612769.349859953 0.599578857 0.222027093 0.171695232 0.111388832 0.980825067 0.139438897 -0.078303687 7.428599834 9.866067886 -14.903974533 0.000000000 0.000000000 -12.000000000 -0.016192686 0.254325897
1776612769.354963303 0.598947883 0.221400470 0.171594948 0.111307457 0.980885267 0.138979495 -0.078482136 7.288054943 9.845748901 -14.852719307 0.000000000 0.000000000 -12.000000000 -0.016230818 0.254696816
1776612769.359607935 0.598293543 0.220777303 0.171509594 0.111226678 0.980949283 0.138487622 -0.078665651 7.148005009 9.824263573 -14.803240776 0.000000000 0.000000000 -12.000000000 -0.016267065 0.255066872
1776612769.364984512 0.597619951 0.220154732 0.171435118 0.111155502 0.981014311 0.137975276 -0.078855656 7.008495331 9.801815987 -14.755481720 0.000000000 0.000000000 -12.000000000 -0.016301678 0.255436063
1776612769.369636774 0.596903026 0.219510481 0.171348602 0.111085899 0.981081724 0.137424067 -0.079077095 6.869542122 9.778598785 -14.709366798 0.000000000 0.000000000 -12.000000000 -0.016335580 0.255805075
1776612769.374980688 0.596147418 0.218844384 0.171263486 0.111009821 0.981152833 0.136835709 -0.079321913 6.731137753 9.754786491 -14.664793968 0.000000000 0.000000000 -12.000000000 -0.016368769 0.256173313
1776612769.379598618 0.595357418 0.218181401 0.171174288 0.110924363 0.981225491 0.136227772 -0.079588719 6.593256474 9.730532646 -14.621640205 0.000000000 0.000000000 -12.000000000 -0.016400941 0.256541252
1776612769.385010242 0.594545484 0.217533633 0.171086878 0.110822968 0.981300712 0.135609344 -0.079857767 6.455862999 9.705964088 -14.579757690 0.000000000 0.000000000 -12.000000000 -0.016435171 0.256908238
1776612769.390108824 0.593702018 0.216888264 0.170991391 0.110712379 0.981379569 0.134961709 -0.080139093 6.318915367 9.681176186 -14.538977623 0.000000000 0.000000000 -12.000000000 -0.016470285 0.257274270
1776612769.394662380 0.592858851 0.216257647 0.170905858 0.110601649 0.981460035 0.134307921 -0.080404080 6.182371140 9.656237602 -14.499111176 0.000000000 0.000000000 -12.000000000 -0.016508913 0.257639468
1776612769.399772406 0.592018485 0.215640634 0.170831472 0.110497162 0.981540859 0.133652166 -0.080653355 6.046191216 9.631182671 -14.459950447 0.000000000 0.000000000 -12.000000000 -0.016548278 0.258004099
1776612769.405183315 0.591206789 0.215035707 0.170776814 0.110400796 0.981624186 0.132994771 -0.080858283 5.910344124 9.606017113 -14.421273232 0.000000000 0.000000000 -12.000000000 -0.016590800 0.258368880
1776612769.409555435 0.590404987 0.214444876 0.170716882 0.110319279 0.981707513 0.132338241 -0.081034645 5.774808407 9.580712318 -14.382843971 0.000000000 0.000000000 -12.000000000 -0.016635032 0.258733779
1776612769.414772987 0.589592159 0.213859662 0.170645684 0.110237360 0.981792212 0.131671444 -0.081205845 5.639577389 9.555212021 -14.344416618 0.000000000 0.000000000 -12.000000000 -0.016677679 0.259098381
1776612769.419559479 0.588775218 0.213276491 0.170563996 0.110147297 0.981879950 0.130992904 -0.081364691 5.504664421 9.529425621 -14.305734634 0.000000000 0.000000000 -12.000000000 -0.016721800 0.259463876
1776612769.424570560 0.587969542 0.212699249 0.170471460 0.110060155 0.981968582 0.130318597 -0.081495918 5.370104790 9.503234863 -14.266531944 0.000000000 0.000000000 -12.000000000 -0.016767420 0.259830534
1776612769.429536343 0.587179601 0.212134138 0.170364469 0.109976426 0.982057631 0.129653975 -0.081595659 5.235961437 9.476490021 -14.226533890 0.000000000 0.000000000 -12.000000000 -0.016813638 0.260199487
1776612769.434529781 0.586421072 0.211596221 0.170267254 0.109887570 0.982148051 0.129011974 -0.081644647 5.102324486 9.449019432 -14.185464859 0.000000000 0.000000000 -12.000000000 -0.016860275 0.260570973
1776612769.439707279 0.585706115 0.211086839 0.170182586 0.109792046 0.982240856 0.128392607 -0.081632994 4.969310284 9.420631409 -14.143045425 0.000000000 0.000000000 -12.000000000 -0.016905706 0.260945469
1776612769.444932938 0.585068464 0.210605502 0.170120865 0.109693661 0.982339323 0.127801985 -0.081506878 4.837055206 9.391120911 -14.098995209 0.000000000 0.000000000 -12.000000000 -0.016949510 0.261322647
1776612769.449972868 0.584452569 0.210155249 0.170073122 0.109589621 0.982438743 0.127235606 -0.081334703 4.705714703 9.360275269 -14.053040504 0.000000000 0.000000000 -12.000000000 -0.016992025 0.261701643
1776612769.454584360 0.583828151 0.209734827 0.170043439 0.109469458 0.982538879 0.126683950 -0.081147566 4.575462818 9.327876091 -14.004910469 0.000000000 0.000000000 -12.000000000 -0.017032310 0.262081861
1776612769.460052490 0.583198845 0.209340006 0.170005471 0.109344013 0.982638478 0.126144215 -0.080951698 4.446493626 9.293699265 -13.954347610 0.000000000 0.000000000 -12.000000000 -0.017071888 0.262463927
1776612769.464958191 0.582557142 0.208951518 0.169948518 0.109230980 0.982734561 0.125615388 -0.080759704 4.319017410 9.257524490 -13.901102066 0.000000000 0.000000000 -12.000000000 -0.017110350 0.262847304
1776612769.470025301 0.581926584 0.208563805 0.169879079 0.109127946 0.982829571 0.125093743 -0.080552183 4.193253994 9.219133377 -13.844937325 0.000000000 0.000000000 -12.000000000 -0.017147230 0.263232470
1776612769.474548340 0.581356704 0.208201796 0.169824988 0.109027810 0.982926369 0.124603681 -0.080266051 4.069427967 9.178320885 -13.785634041 0.000000000 0.000000000 -12.000000000 -0.017183168 0.263620585
1776612769.479859352 0.580836892 0.207870558 0.169799000 0.108925097 0.983023286 0.124151461 -0.079918429 3.947756767 9.134899139 -13.722988129 0.000000000 0.000000000 -12.000000000 -0.017218711 0.264010876
1776612769.484601736 0.580334127 0.207559586 0.169780612 0.108814098 0.983122587 0.123712763 -0.079527162 3.828444719 9.088699341 -13.656815529 0.000000000 0.000000000 -12.000000000 -0.017252646 0.264402777
1776612769.489565611 0.579793870 0.207260385 0.169762343 0.108687252 0.983221412 0.123269357 -0.079166979 3.711679220 9.039580345 -13.586951256 0.000000000 0.000000000 -12.000000000 -0.017284939 0.264795780
1776612769.494577885 0.579208970 0.206975967 0.169742197 0.108546600 0.983317852 0.122828193 -0.078847423 3.597628832 8.987422943 -13.513252258 0.000000000 0.000000000 -12.000000000 -0.017315838 0.265189558
1776612769.499655962 0.578606606 0.206725031 0.169695705 0.108391725 0.983412683 0.122399822 -0.078543372 3.486442327 8.932132721 -13.435595512 0.000000000 0.000000000 -12.000000000 -0.017345252 0.265583426
1776612769.504678965 0.578003585 0.206500739 0.169650048 0.108222090 0.983508468 0.121980801 -0.078228973 3.378246307 8.873644829 -13.353881836 0.000000000 0.000000000 -12.000000000 -0.017373558 0.265977144
1776612769.509811878 0.577446342 0.206300646 0.169638574 0.108045734 0.983606994 0.121580549 -0.077855811 3.273142338 8.811921120 -13.268037796 0.000000000 0.000000000 -12.000000000 -0.017401518 0.266371012
1776612769.514788628 0.576931536 0.206121355 0.169652849 0.107870176 0.983707488 0.121197358 -0.077426098 3.171204805 8.746952057 -13.178018570 0.000000000 0.000000000 -12.000000000 -0.017427780 0.266764939
1776612769.519609690 0.576398849 0.205930263 0.169660836 0.107702002 0.983808994 0.120795220 -0.076997839 3.072482824 8.678755760 -13.083813667 0.000000000 0.000000000 -12.000000000 -0.017453950 0.267159164
1776612769.524529457 0.575815260 0.205722898 0.169653893 0.107544906 0.983908117 0.120365247 -0.076623537 2.977005959 8.607377052 -12.985442162 0.000000000 0.000000000 -12.000000000 -0.017478541 0.267553836
1776612769.529524088 0.575187862 0.205511391 0.169640601 0.107404709 0.984003127 0.119921818 -0.076294564 2.884788036 8.532883644 -12.882957458 0.000000000 0.000000000 -12.000000000 -0.017502721 0.267949164
1776612769.534624815 0.574526906 0.205304787 0.169596702 0.107280187 0.984094262 0.119469576 -0.076003037 2.795830727 8.455364227 -12.776444435 0.000000000 0.000000000 -12.000000000 -0.017527472 0.268345028
1776612769.539566517 0.573873103 0.205107689 0.169546187 0.107147895 0.984187782 0.119011626 -0.075696327 2.710126638 8.374924660 -12.666016579 0.000000000 0.000000000 -12.000000000 -0.017552143 0.268741578
1776612769.545010090 0.573275506 0.204951301 0.169524133 0.107002407 0.984284997 0.118577503 -0.075319067 2.627658844 8.291690826 -12.551814079 0.000000000 0.000000000 -12.000000000 -0.017574728 0.269138306
1776612769.549615145 0.572724462 0.204836562 0.169521153 0.106848821 0.984385431 0.118165649 -0.074870214 2.548401833 8.205800056 -12.434008598 0.000000000 0.000000000 -12.000000000 -0.017596213 0.269534677
1776612769.555104256 0.572161674 0.204731703 0.169514745 0.106714606 0.984484434 0.117746904 -0.074418202 2.472322941 8.117402077 -12.312788963 0.000000000 0.000000000 -12.000000000 -0.017615521 0.269930393
1776612769.559581995 0.571604073 0.204631314 0.169522077 0.106612764 0.984579623 0.117336579 -0.073951580 2.399387360 8.026651382 -12.188365936 0.000000000 0.000000000 -12.000000000 -0.017632551 0.270325631
1776612769.564567327 0.571041405 0.204553425 0.169532061 0.106521077 0.984670937 0.116943859 -0.073488288 2.329561710 7.933703899 -12.060961723 0.000000000 0.000000000 -12.000000000 -0.017648621 0.270720363
1776612769.572354078 0.570470929 0.204497978 0.169513941 0.106421418 0.984761477 0.116560489 -0.073027216 2.262819529 7.838713646 -11.930810928 0.000000000 0.000000000 -12.000000000 -0.017661152 0.271114141
1776612769.575161457 0.569978774 0.204452306 0.169500172 0.106354043 0.984852135 0.116196066 -0.072481215 2.199141741 7.741830349 -11.798157692 0.000000000 0.000000000 -12.000000000 -0.017671265 0.271507770
1776612769.580092192 0.569598436 0.204424784 0.169511020 0.106335729 0.984941959 0.115865871 -0.071813308 2.138513565 7.643198967 -11.663250923 0.000000000 0.000000000 -12.000000000 -0.017679501 0.271901935
1776612769.584947109 0.569239676 0.204419762 0.169509590 0.106330186 0.985030115 0.115553893 -0.071111642 2.080921173 7.542961121 -11.526348114 0.000000000 0.000000000 -12.000000000 -0.017685203 0.272296041
1776612769.592545033 0.569239676 0.204419762 0.169509590 0.106330186 0.985030115 0.115553893 -0.071111642 2.026349545 7.441251755 -11.387705803 0.000000000 0.000000000 -12.000000000 -0.017688386 0.272690147
1776612769.594830513 0.568501651 0.204477713 0.169497043 0.106268890 0.985206366 0.114972971 -0.069689222 1.974785686 7.338196754 -11.247582436 0.000000000 0.000000000 -12.000000000 -0.017689256 0.273082078
1776612769.599968433 0.568119586 0.204540700 0.169475108 0.106242210 0.985291719 0.114690840 -0.068984099 1.926218748 7.233911991 -11.106231689 0.000000000 0.000000000 -12.000000000 -0.017687568 0.273472041
1776612769.604916811 0.567793906 0.204647094 0.169461548 0.106200084 0.985380113 0.114436001 -0.068205528 1.880637169 7.128500938 -10.963906288 0.000000000 0.000000000 -12.000000000 -0.017683066 0.273859471
1776612769.609962702 0.567552805 0.204796106 0.169495434 0.106113955 0.985475361 0.114219077 -0.067321375 1.838023424 7.022059917 -10.820854187 0.000000000 0.000000000 -12.000000000 -0.017675584 0.274243981
1776612769.614779711 0.567366600 0.204973489 0.169549584 0.106009826 0.985574365 0.114020452 -0.066365846 1.798346639 6.914675713 -10.677321434 0.000000000 0.000000000 -12.000000000 -0.017665526 0.274625301
1776612769.619867086 0.567149341 0.205156386 0.169596404 0.105904005 0.985671639 0.113816895 -0.065432750 1.761560798 6.806431293 -10.533553123 0.000000000 0.000000000 -12.000000000 -0.017652892 0.275003105
1776612769.624689817 0.566868544 0.205317706 0.169626027 0.105784997 0.985767722 0.113587745 -0.064570867 1.727604747 6.697401047 -10.389788628 0.000000000 0.000000000 -12.000000000 -0.017637169 0.275377989
1776612769.629756451 0.566555560 0.205485702 0.169646174 0.105642244 0.985865176 0.113342874 -0.063741207 1.696401358 6.587656498 -10.246263504 0.000000000 0.000000000 -12.000000000 -0.017618909 0.275749624
1776612769.636707067 0.566218972 0.205651551 0.169632733 0.105507292 0.985960662 0.113083825 -0.062942892 1.667852044 6.477266788 -10.103202820 0.000000000 0.000000000 -12.000000000 -0.017597599 0.276118249
1776612769.639741421 0.565914035 0.205841616 0.169629961 0.105359212 0.986058295 0.112831309 -0.062109441 1.641831875 6.366305351 -9.960820198 0.000000000 0.000000000 -12.000000000 -0.017573595 0.276483595
1776612769.644701958 0.565671682 0.206053555 0.169654042 0.105187461 0.986160934 0.112586543 -0.061208107 1.618184447 6.254848957 -9.819318771 0.000000000 0.000000000 -12.000000000 -0.017547091 0.276845694
1776612769.649754524 0.565429807 0.206271648 0.169687688 0.105021119 0.986262918 0.112338610 -0.060299441 1.596722364 6.142980576 -9.678887367 0.000000000 0.000000000 -12.000000000 -0.017517736 0.277204543
1776612769.654569387 0.565131962 0.206511378 0.169714063 0.104836293 0.986364782 0.112072729 -0.059443846 1.577232003 6.030791283 -9.539704323 0.000000000 0.000000000 -12.000000000 -0.017485270 0.277558982
1776612769.659635544 0.564776063 0.206752062 0.169756025 0.104634598 0.986465037 0.111796774 -0.058650013 1.559481263 5.918377876 -9.401928902 0.000000000 0.000000000 -12.000000000 -0.017449928 0.277909130
1776612769.664566278 0.564391017 0.207003236 0.169788003 0.104434393 0.986562848 0.111513130 -0.057896953 1.543227077 5.805845737 -9.265707016 0.000000000 0.000000000 -12.000000000 -0.017411856 0.278255016
1776612769.669612646 0.563987792 0.207232177 0.169792414 0.104262769 0.986657917 0.111207739 -0.057168908 1.528221130 5.693306923 -9.131171227 0.000000000 0.000000000 -12.000000000 -0.017371323 0.278597504
1776612769.674982786 0.563634396 0.207463682 0.169797271 0.104099452 0.986754000 0.110899262 -0.056402612 1.514211297 5.580880165 -8.998438835 0.000000000 0.000000000 -12.000000000 -0.017328443 0.278937280
1776612769.679628849 0.563343048 0.207694575 0.169825792 0.103972055 0.986847878 0.110601433 -0.055573422 1.500943184 5.468689919 -8.867617607 0.000000000 0.000000000 -12.000000000 -0.017282888 0.279275030
1776612769.685019970 0.563058197 0.207928687 0.169843823 0.103849456 0.986941814 0.110293776 -0.054739404 1.488161922 5.356865883 -8.738804817 0.000000000 0.000000000 -12.000000000 -0.017235067 0.279610574
1776612769.689538956 0.562729061 0.208156899 0.169857651 0.103721462 0.987035275 0.109967478 -0.053947482 1.475616693 5.245542049 -8.612092018 0.000000000 0.000000000 -12.000000000 -0.017185060 0.279943705
1776612769.694670677 0.562354565 0.208398789 0.169871777 0.103593968 0.987126172 0.109630503 -0.053210158 1.463066578 5.134853363 -8.487557411 0.000000000 0.000000000 -12.000000000 -0.017132947 0.280273885
1776612769.699909210 0.561948776 0.208649129 0.169880092 0.103462182 0.987215459 0.109287769 -0.052510493 1.450286269 5.024935246 -8.365273476 0.000000000 0.000000000 -12.000000000 -0.017078718 0.280600935
1776612769.704552650 0.561522305 0.208897188 0.169867396 0.103330329 0.987305462 0.108920537 -0.051837452 1.437070489 4.915920258 -8.245298386 0.000000000 0.000000000 -12.000000000 -0.017022343 0.280924886
1776612769.709540844 0.561132610 0.209162742 0.169873625 0.103168063 0.987399161 0.108561918 -0.051122986 1.423236132 4.807937145 -8.127680779 0.000000000 0.000000000 -12.000000000 -0.016963655 0.281245708
1776612769.714537144 0.560819507 0.209449917 0.169919103 0.103014126 0.987492979 0.108226329 -0.050326072 1.408621192 4.701112747 -8.012456894 0.000000000 0.000000000 -12.000000000 -0.016903119 0.281563491
1776612769.719571114 0.560551941 0.209737629 0.169975221 0.102848902 0.987589777 0.107891396 -0.049476817 1.393083215 4.595571518 -7.899651527 0.000000000 0.000000000 -12.000000000 -0.016840618 0.281878531
1776612769.724528790 0.560266137 0.210002124 0.170023382 0.102705926 0.987684846 0.107532173 -0.048651550 1.376499772 4.491433620 -7.789278030 0.000000000 0.000000000 -12.000000000 -0.016776185 0.282191426
1776612769.729944229 0.559946239 0.210273325 0.170054555 0.102552362 0.987778604 0.107167095 -0.047871802 1.358770847 4.388815403 -7.681337833 0.000000000 0.000000000 -12.000000000 -0.016709544 0.282501578
1776612769.734592676 0.559597790 0.210543215 0.170069546 0.102408931 0.987870395 0.106784821 -0.047132332 1.339822650 4.287826061 -7.575816631 0.000000000 0.000000000 -12.000000000 -0.016640935 0.282808930
1776612769.739896297 0.559222102 0.210811168 0.170063853 0.102260850 0.987961888 0.106385350 -0.046434421 1.319608092 4.188568115 -7.472686768 0.000000000 0.000000000 -12.000000000 -0.016570294 0.283113420
1776612769.744557381 0.558835089 0.211102575 0.170044124 0.102102488 0.988053501 0.105981685 -0.045751549 1.298103809 4.091140747 -7.371904373 0.000000000 0.000000000 -12.000000000 -0.016497891 0.283414423
1776612769.749929667 0.558492005 0.211412936 0.170044035 0.101934001 0.988146663 0.105586261 -0.045024402 1.275306821 3.995634794 -7.273410320 0.000000000 0.000000000 -12.000000000 -0.016424078 0.283711731
1776612769.754523754 0.558181882 0.211726576 0.170060784 0.101755366 0.988242328 0.105184011 -0.044263776 1.251232624 3.902136564 -7.177134991 0.000000000 0.000000000 -12.000000000 -0.016348327 0.284005582
1776612769.759629965 0.557900012 0.212056279 0.170086712 0.101573214 0.988337934 0.104790084 -0.043474495 1.225913644 3.810723066 -7.083001137 0.000000000 0.000000000 -12.000000000 -0.016270511 0.284295648
1776612769.765039444 0.557607353 0.212377429 0.170117676 0.101382315 0.988434315 0.104384638 -0.042697109 1.199396968 3.721464157 -6.990924358 0.000000000 0.000000000 -12.000000000 -0.016191466 0.284582168
1776612769.769970655 0.557303369 0.212689221 0.170151561 0.101195708 0.988529921 0.103967719 -0.041937299 1.171744466 3.634422779 -6.900814533 0.000000000 0.000000000 -12.000000000 -0.016111357 0.284865528
1776612769.774624109 0.556984067 0.212993801 0.170174688 0.101025052 0.988622844 0.103540570 -0.041209169 1.143031836 3.549656153 -6.812581539 0.000000000 0.000000000 -12.000000000 -0.016029675 0.285146356
1776612769.779960632 0.556663215 0.213279456 0.170186013 0.100856394 0.988716543 0.103093110 -0.040488794 1.113348961 3.467216015 -6.726134300 0.000000000 0.000000000 -12.000000000 -0.015947187 0.285424918
1776612769.784544706 0.556295216 0.213553682 0.170166165 0.100690454 0.988809884 0.102614425 -0.039833371 1.082798481 3.387146473 -6.641383171 0.000000000 0.000000000 -12.000000000 -0.015863173 0.285701692
1776612769.789956093 0.555922329 0.213839248 0.170142680 0.100526191 0.988902569 0.102129683 -0.039188102 1.051495790 3.309484482 -6.558242798 0.000000000 0.000000000 -12.000000000 -0.015777739 0.285976142
1776612769.794820786 0.555575669 0.214142576 0.170142978 0.100346774 0.988996446 0.101651199 -0.038517416 1.019567847 3.234260798 -6.476635933 0.000000000 0.000000000 -12.000000000 -0.015690831 0.286247998
1776612769.799674511 0.555253386 0.214463979 0.170159370 0.100166716 0.989089727 0.101181179 -0.037821684 0.987150848 3.161500692 -6.396493912 0.000000000 0.000000000 -12.000000000 -0.015602508 0.286516815
1776612769.804613829 0.554949999 0.214801013 0.170189410 0.099986218 0.989182353 0.100717895 -0.037107002 0.954388142 3.091225624 -6.317759037 0.000000000 0.000000000 -12.000000000 -0.015512990 0.286782295
1776612769.809554577 0.554641426 0.215145946 0.170219988 0.099812977 0.989272654 0.100257933 -0.036404431 0.921427965 3.023452759 -6.240384102 0.000000000 0.000000000 -12.000000000 -0.015422281 0.287044525
1776612769.814531088 0.554298818 0.215481520 0.170227766 0.099653110 0.989361465 0.099775441 -0.035749208 0.888422787 2.958193302 -6.164331436 0.000000000 0.000000000 -12.000000000 -0.015330831 0.287303776
1776612769.819590092 0.553952932 0.215799630 0.170217067 0.099511668 0.989448726 0.099276856 -0.035110123 0.855527520 2.895451546 -6.089572906 0.000000000 0.000000000 -12.000000000 -0.015238638 0.287560701
1776612769.824535847 0.553622901 0.216107249 0.170196772 0.099393412 0.989533305 0.098775961 -0.034468591 0.822896481 2.835223675 -6.016085148 0.000000000 0.000000000 -12.000000000 -0.015145372 0.287816048
1776612769.829760313 0.553307235 0.216403365 0.170183390 0.099286690 0.989617169 0.098266736 -0.033817466 0.790679991 2.777499437 -5.943851471 0.000000000 0.000000000 -12.000000000 -0.015050830 0.288070202
1776612769.834529161 0.552988708 0.216698289 0.170174360 0.099185713 0.989699662 0.097756155 -0.033173505 0.759021282 2.722261190 -5.872858047 0.000000000 0.000000000 -12.000000000 -0.014955133 0.288323283
1776612769.839565516 0.552703738 0.217013240 0.170191795 0.099081241 0.989780724 0.097268045 -0.032494742 0.728054821 2.669483662 -5.803095341 0.000000000 0.000000000 -12.000000000 -0.014858156 0.288574696
1776612769.844578981 0.552456498 0.217333287 0.170217842 0.098976292 0.989862025 0.096783422 -0.031778701 0.697906554 2.619130850 -5.734558582 0.000000000 0.000000000 -12.000000000 -0.014760680 0.288823575
1776612769.849517345 0.552243233 0.217677876 0.170247763 0.098872982 0.989940763 0.096325830 -0.031028762 0.668694496 2.571153164 -5.667250156 0.000000000 0.000000000 -12.000000000 -0.014661968 0.289069980
1776612769.854532957 0.552053332 0.218035251 0.170277208 0.098762818 0.990019500 0.095873624 -0.030257300 0.640530109 2.525485754 -5.601178646 0.000000000 0.000000000 -12.000000000 -0.014562270 0.289313316
1776612769.859733820 0.551866233 0.218399018 0.170288563 0.098647624 0.990097880 0.095422961 -0.029484019 0.613518417 2.482048035 -5.536359787 0.000000000 0.000000000 -12.000000000 -0.014461484 0.289553672
1776612769.864579201 0.551681042 0.218780950 0.170299262 0.098529615 0.990174413 0.094985172 -0.028710743 0.587758780 2.440742970 -5.472817421 0.000000000 0.000000000 -12.000000000 -0.014360016 0.289790303
1776612769.869522095 0.551506817 0.219174713 0.170308083 0.098414019 0.990249455 0.094556503 -0.027923882 0.563345432 2.401459694 -5.410582066 0.000000000 0.000000000 -12.000000000 -0.014257981 0.290022850
1776612769.874527693 0.551351547 0.219579175 0.170323461 0.098311149 0.990321040 0.094144799 -0.027127733 0.540367782 2.364073277 -5.349694729 0.000000000 0.000000000 -12.000000000 -0.014154715 0.290252090
1776612769.879583120 0.551214457 0.219988301 0.170349598 0.098218404 0.990390301 0.093742788 -0.026314495 0.518910587 2.328447580 -5.290203094 0.000000000 0.000000000 -12.000000000 -0.014050364 0.290477782
1776612769.884869099 0.551089406 0.220396265 0.170371354 0.098139428 0.990457118 0.093345352 -0.025496058 0.499052584 2.294436693 -5.232162476 0.000000000 0.000000000 -12.000000000 -0.013945483 0.290699691
1776612769.889613628 0.550949037 0.220805913 0.170382023 0.098076575 0.990520477 0.092951536 -0.024700912 0.480865419 2.261886120 -5.175633430 0.000000000 0.000000000 -12.000000000 -0.013839059 0.290918887
1776612769.894973993 0.550827086 0.221234858 0.170395017 0.098020330 0.990581036 0.092576042 -0.023893606 0.464412332 2.230634212 -5.120679379 0.000000000 0.000000000 -12.000000000 -0.013731640 0.291134536
1776612769.900068521 0.550734639 0.221691996 0.170415401 0.097966067 0.990638435 0.092230573 -0.023059038 0.449748307 2.200510025 -5.067365646 0.000000000 0.000000000 -12.000000000 -0.013623200 0.291346014
1776612769.904850483 0.550660312 0.222167656 0.170448571 0.097913913 0.990693390 0.091903210 -0.022208426 0.436920822 2.171336889 -5.015761375 0.000000000 0.000000000 -12.000000000 -0.013513913 0.291552901
1776612769.909907818 0.550638199 0.222670764 0.170506865 0.097868592 0.990744531 0.091615140 -0.021299921 0.425970048 2.142933369 -4.965936661 0.000000000 0.000000000 -12.000000000 -0.013403621 0.291754663
1776612769.914908171 0.550620794 0.223178595 0.170580477 0.097829781 0.990793109 0.091337532 -0.020392336 0.416927695 2.115114927 -4.917962551 0.000000000 0.000000000 -12.000000000 -0.013292542 0.291951299
1776612769.919964790 0.550599992 0.223685667 0.170649856 0.097789817 0.990840614 0.091060869 -0.019492598 0.409815311 2.087698698 -4.871908665 0.000000000 0.000000000 -12.000000000 -0.013181231 0.292142689
1776612769.924861431 0.550584197 0.224213630 0.170714855 0.097755693 0.990884662 0.090805434 -0.018596081 0.404642045 2.060507536 -4.827841282 0.000000000 0.000000000 -12.000000000 -0.013069679 0.292328596
1776612769.929553986 0.550549507 0.224747807 0.170769989 0.097716935 0.990927696 0.090550713 -0.017728340 0.401402414 2.033372879 -4.785818577 0.000000000 0.000000000 -12.000000000 -0.012957184 0.292509317
1776612769.934912443 0.550484598 0.225279272 0.170814276 0.097673193 0.990971029 0.090281159 -0.016900467 0.400074899 2.006135225 -4.745892048 0.000000000 0.000000000 -12.000000000 -0.012843960 0.292685091
1776612769.939569473 0.550416648 0.225818127 0.170859098 0.097628921 0.991013050 0.090017758 -0.016077450 0.400622100 1.978644609 -4.708103180 0.000000000 0.000000000 -12.000000000 -0.012730392 0.292855740
1776612769.944928646 0.550363243 0.226363525 0.170914114 0.097587965 0.991052866 0.089768998 -0.015240788 0.402992040 1.950760841 -4.672484398 0.000000000 0.000000000 -12.000000000 -0.012616127 0.293021530
1776612769.949547291 0.550298989 0.227517396 0.171064496 0.097520456 0.991121769 0.089354500 -0.013535074 0.407119364 1.922355056 -4.639059067 0.000000000 0.000000000 -12.000000000 -0.012501153 0.293177158
1776612769.954864740 0.550298989 0.227517396 0.171064496 0.097520456 0.991121769 0.089354500 -0.013535074 0.412926525 1.893310785 -4.607841492 0.000000000 0.000000000 -12.000000000 -0.012385598 0.293332577
1776612769.959887505 0.550252259 0.228111476 0.171125114 0.097494327 0.991152167 0.089166664 -0.012711846 0.420324564 1.863524556 -4.578834057 0.000000000 0.000000000 -12.000000000 -0.012270081 0.293482482
1776612769.964998245 0.550241530 0.228732005 0.171202838 0.097472593 0.991178572 0.089014784 -0.011852472 0.429213941 1.832904935 -4.552030087 0.000000000 0.000000000 -12.000000000 -0.012154442 0.293626487
1776612769.969871998 0.550269783 0.229362667 0.171281844 0.097460285 0.991201699 0.088884816 -0.010962361 0.439484328 1.801372766 -4.527410030 0.000000000 0.000000000 -12.000000000 -0.012038165 0.293764770
1776612769.974552870 0.550312459 0.230007678 0.171370119 0.097447388 0.991222441 0.088774815 -0.010055064 0.451014400 1.768860459 -4.504942417 0.000000000 0.000000000 -12.000000000 -0.011921616 0.293897122
1776612769.979864597 0.550351202 0.230673060 0.171465367 0.097431071 0.991240919 0.088683054 -0.009165182 0.463674486 1.735312104 -4.484583378 0.000000000 0.000000000 -12.000000000 -0.011804185 0.294023544
1776612769.984979868 0.550393343 0.231368512 0.171574980 0.097412266 0.991256297 0.088619500 -0.008269644 0.477330923 1.700684190 -4.466274738 0.000000000 0.000000000 -12.000000000 -0.011686979 0.294142842
1776612769.989892721 0.550448596 0.232101217 0.171684772 0.097404905 0.991266608 0.088592008 -0.007369258 0.491848081 1.664945364 -4.449947834 0.000000000 0.000000000 -12.000000000 -0.011569271 0.294254750
1776612769.994942904 0.550510406 0.232854590 0.171805084 0.097406536 0.991272986 0.088588998 -0.006463150 0.507088244 1.628077030 -4.435521126 0.000000000 0.000000000 -12.000000000 -0.011451497 0.294358611
1776612769.999926805 0.550667048 0.234410316 0.172059476 0.097452201 0.991273403 0.088648498 -0.004643329 0.522910595 1.590072632 -4.422898769 0.000000000 0.000000000 -12.000000000 -0.011332990 0.294447869
1776612770.005014896 0.550667048 0.234410316 0.172059476 0.097452201 0.991273403 0.088648498 -0.004643329 0.539171219 1.550937176 -4.411975384 0.000000000 0.000000000 -12.000000000 -0.011214215 0.294537008
1776612770.009918213 0.550763845 0.235204592 0.172191918 0.097478941 0.991269588 0.088705100 -0.003722635 0.555723429 1.510687590 -4.402633190 0.000000000 0.000000000 -12.000000000 -0.011094921 0.294618726
1776612770.015053034 0.550992846 0.236840919 0.172475219 0.097539447 0.991252840 0.088883959 -0.001863668 0.572418988 1.469353914 -4.394745827 0.000000000 0.000000000 -12.000000000 -0.010975355 0.294685602
1776612770.019602299 0.550992846 0.236840919 0.172475219 0.097539447 0.991252840 0.088883959 -0.001863668 0.589111090 1.426979899 -4.388178349 0.000000000 0.000000000 -12.000000000 -0.010855575 0.294752389
1776612770.024927855 0.551071763 0.237666667 0.172610492 0.097572841 0.991241872 0.088983744 -0.000987496 0.605657160 1.383623719 -4.382790565 0.000000000 0.000000000 -12.000000000 -0.010735677 0.294812053
1776612770.029629946 0.551123857 0.238483831 0.172735035 0.097603388 0.991231203 0.089074381 -0.000150872 0.621918201 1.339357257 -4.378438950 0.000000000 0.000000000 -12.000000000 -0.010615614 0.294865966
1776612770.034859896 0.551138163 0.239306450 0.172850847 0.097621143 0.991221428 0.089161776 0.000636570 0.637755573 1.294265866 -4.374976158 0.000000000 0.000000000 -12.000000000 -0.010494798 0.294914693
1776612770.039572001 0.551099479 0.240148216 0.172964245 0.097620144 0.991212606 0.089252502 0.001356781 0.653026640 1.248449326 -4.372255325 0.000000000 0.000000000 -12.000000000 -0.010373541 0.294958442
1776612770.045017958 0.551039100 0.241016209 0.173088044 0.097598381 0.991204560 0.089352809 0.002041168 0.667581499 1.202023029 -4.370131016 0.000000000 0.000000000 -12.000000000 -0.010251610 0.294997394
1776612770.049582720 0.550932646 0.241902933 0.173223317 0.097559363 0.991197407 0.089458048 0.002659099 0.681259036 1.155120134 -4.368461132 0.000000000 0.000000000 -12.000000000 -0.010128910 0.295032293
1776612770.055456400 0.550797939 0.242800295 0.173369199 0.097512521 0.991190255 0.089569934 0.003232457 0.693882585 1.107892752 -4.367110252 0.000000000 0.000000000 -12.000000000 -0.010005924 0.295063376
1776612770.059549809 0.550561786 0.243666008 0.173481584 0.097469345 0.991186559 0.089640953 0.003664140 0.705256701 1.060511708 -4.365946770 0.000000000 0.000000000 -12.000000000 -0.009882756 0.295092821
1776612770.064930201 0.550278425 0.244500414 0.173588574 0.097429737 0.991185069 0.089685529 0.004018865 0.715166032 1.013165116 -4.364848137 0.000000000 0.000000000 -12.000000000 -0.009759234 0.295123190
1776612770.069906712 0.549944758 0.245300651 0.173689991 0.097385131 0.991187632 0.089692719 0.004293603 0.723376215 0.966057539 -4.363700867 0.000000000 0.000000000 -12.000000000 -0.009635635 0.295155853
1776612770.074867249 0.549531639 0.246059924 0.173770487 0.097319722 0.991198003 0.089641035 0.004453320 0.729637206 0.919410586 -4.362400532 0.000000000 0.000000000 -12.000000000 -0.009512057 0.295193136
1776612770.079889059 0.549088478 0.246801302 0.173866302 0.097221658 0.991215050 0.089553051 0.004570480 0.733687639 0.873463273 -4.360857964 0.000000000 0.000000000 -12.000000000 -0.009388365 0.295236200
1776612770.085018635 0.548570096 0.247531906 0.173964560 0.097095378 0.991238296 0.089431576 0.004591057 0.735258996 0.828472972 -4.358995914 0.000000000 0.000000000 -12.000000000 -0.009264519 0.295286685
1776612770.089765072 0.547971070 0.248230398 0.174048305 0.096936800 0.991270542 0.089250512 0.004507347 0.734080017 0.784712732 -4.356753349 0.000000000 0.000000000 -12.000000000 -0.009140518 0.295345902
1776612770.094924688 0.547333360 0.248912930 0.174133331 0.096764848 0.991306961 0.089039087 0.004376314 0.729880393 0.742466807 -4.354080677 0.000000000 0.000000000 -12.000000000 -0.009016654 0.295415103
1776612770.099957943 0.546530485 0.249605209 0.174186796 0.096580684 0.991347969 0.088797346 0.004048998 0.722392440 0.702024043 -4.350941658 0.000000000 0.000000000 -12.000000000 -0.008892678 0.295497596
1776612770.104916811 0.545620799 0.250308782 0.174219519 0.096402705 0.991390347 0.088537239 0.003577381 0.711351752 0.663671434 -4.347309589 0.000000000 0.000000000 -12.000000000 -0.008768492 0.295594692
1776612770.109945774 0.544675827 0.251015514 0.174243093 0.096254252 0.991429806 0.088277332 0.003031025 0.696499050 0.627688527 -4.343167782 0.000000000 0.000000000 -12.000000000 -0.008644319 0.295707315
1776612770.114903927 0.543671608 0.251718879 0.174280703 0.096136965 0.991466403 0.088013053 0.002388418 0.677583098 0.594342232 -4.338513374 0.000000000 0.000000000 -12.000000000 -0.008520007 0.295836657
1776612770.119898558 0.542619348 0.252429277 0.174339086 0.096057430 0.991498113 0.087759271 0.001662037 0.654366970 0.563881934 -4.333355427 0.000000000 0.000000000 -12.000000000 -0.008395821 0.295984507
1776612770.124868393 0.541528642 0.253143221 0.174410731 0.096016139 0.991524279 0.087519974 0.000859118 0.626636267 0.536534190 -4.327714920 0.000000000 0.000000000 -12.000000000 -0.008271822 0.296151102
1776612770.129908800 0.540393829 0.253854483 0.174482882 0.096009068 0.991546214 0.087283127 -0.000027390 0.594208300 0.512498260 -4.321623325 0.000000000 0.000000000 -12.000000000 -0.008147936 0.296336800
1776612770.134932041 0.539254725 0.254579067 0.174549013 0.096005492 0.991566241 0.087054208 -0.000938984 0.556941509 0.491941899 -4.315121651 0.000000000 0.000000000 -12.000000000 -0.008023972 0.296541303
1776612770.139623404 0.538115323 0.255335838 0.174620152 0.095998481 0.991583884 0.086845517 -0.001869782 0.514744341 0.474998057 -4.308256626 0.000000000 0.000000000 -12.000000000 -0.007899947 0.296763718
1776612770.144884109 0.536979914 0.256112009 0.174685985 0.095978081 0.991600990 0.086647369 -0.002813127 0.467583328 0.461761624 -4.301081181 0.000000000 0.000000000 -12.000000000 -0.007776065 0.297003686
1776612770.149733305 0.535857797 0.256890982 0.174739391 0.095944554 0.991618633 0.086446494 -0.003752379 0.415489733 0.452285975 -4.293652058 0.000000000 0.000000000 -12.000000000 -0.007652361 0.297261029
1776612770.154847622 0.534754694 0.257694691 0.174798816 0.095901765 0.991634250 0.086269639 -0.004681272 0.358564973 0.446580291 -4.286028385 0.000000000 0.000000000 -12.000000000 -0.007528665 0.297534913
1776612770.159539938 0.533683658 0.258530319 0.174874157 0.095846348 0.991646826 0.086132385 -0.005586062 0.296985388 0.444608122 -4.278272152 0.000000000 0.000000000 -12.000000000 -0.007405632 0.297825575
1776612770.164909124 0.532642961 0.259371698 0.174958915 0.095778726 0.991658747 0.086008891 -0.006468067 0.231005698 0.446287960 -4.270447731 0.000000000 0.000000000 -12.000000000 -0.007282684 0.298131734
1776612770.169595718 0.531638145 0.260222346 0.175044030 0.095693544 0.991670251 0.085903272 -0.007312596 0.160959795 0.451495230 -4.262622356 0.000000000 0.000000000 -12.000000000 -0.007159497 0.298452616
1776612770.174957037 0.530660927 0.261083066 0.175124288 0.095605828 0.991679370 0.085821889 -0.008132421 0.087258361 0.460064858 -4.254867554 0.000000000 0.000000000 -12.000000000 -0.007036879 0.298788786
1776612770.179939747 0.529754519 0.261945099 0.175201833 0.095526673 0.991685033 0.085769974 -0.008883915 0.010382702 0.471794039 -4.247259140 0.000000000 0.000000000 -12.000000000 -0.006914561 0.299138993
1776612770.184842348 0.528902948 0.262817115 0.175285935 0.095450871 0.991687775 0.085747249 -0.009588188 -0.069124095 0.486444801 -4.239878654 0.000000000 0.000000000 -12.000000000 -0.006792188 0.299502283
1776612770.189737320 0.528093934 0.263708472 0.175364941 0.095380776 0.991686881 0.085757762 -0.010256429 -0.150667503 0.503747344 -4.232814312 0.000000000 0.000000000 -12.000000000 -0.006669998 0.299878150
1776612770.194919825 0.527318537 0.264617443 0.175453097 0.095309064 0.991683364 0.085798845 -0.010900504 -0.233612850 0.523404598 -4.226158619 0.000000000 0.000000000 -12.000000000 -0.006548024 0.300266266
1776612770.199551105 0.526581824 0.265540689 0.175556302 0.095241614 0.991676807 0.085869685 -0.011515020 -0.317298025 0.545097172 -4.220006466 0.000000000 0.000000000 -12.000000000 -0.006426275 0.300666034
1776612770.204539061 0.525902569 0.266480386 0.175668031 0.095174566 0.991667807 0.085970759 -0.012075445 -0.401046604 0.568489134 -4.214452744 0.000000000 0.000000000 -12.000000000 -0.006304862 0.301076949
1776612770.209692478 0.525256574 0.267422378 0.175788909 0.095095649 0.991658568 0.086086340 -0.012617061 -0.484179258 0.593232334 -4.209591389 0.000000000 0.000000000 -12.000000000 -0.006184543 0.301498771
1776612770.214687109 0.524633110 0.268357873 0.175904810 0.095024578 0.991648197 0.086204417 -0.013150947 -0.566022933 0.618970692 -4.205513954 0.000000000 0.000000000 -12.000000000 -0.006064518 0.301931202
1776612770.219624996 0.524042189 0.269281387 0.176009506 0.094953582 0.991637766 0.086323448 -0.013662064 -0.645919383 0.645344019 -4.202310085 0.000000000 0.000000000 -12.000000000 -0.005944774 0.302373409
1776612770.224500418 0.523466587 0.270194083 0.176113516 0.094892070 0.991626143 0.086441495 -0.014176672 -0.723232806 0.671992719 -4.200069904 0.000000000 0.000000000 -12.000000000 -0.005825437 0.302825212
1776612770.229515076 0.522933125 0.271106124 0.176224172 0.094837226 0.991612911 0.086572260 -0.014663602 -0.797358274 0.698562443 -4.198883533 0.000000000 0.000000000 -12.000000000 -0.005706932 0.303286016
1776612770.234667301 0.522432029 0.272029489 0.176347256 0.094782665 0.991597950 0.086722404 -0.015132942 -0.867730021 0.724708855 -4.198840618 0.000000000 0.000000000 -12.000000000 -0.005588728 0.303755522
1776612770.239534140 0.521941960 0.272968113 0.176478833 0.094725914 0.991581738 0.086886369 -0.015600031 -0.933827162 0.750101626 -4.200031281 0.000000000 0.000000000 -12.000000000 -0.005472122 0.304233432
1776612770.244511127 0.521470547 0.273910999 0.176614672 0.094659269 0.991565764 0.087057404 -0.016060060 -0.995177627 0.774426937 -4.202545643 0.000000000 0.000000000 -12.000000000 -0.005355876 0.304719955
1776612770.249914885 0.521014214 0.274852782 0.176753014 0.094590396 0.991549730 0.087229133 -0.016519697 -1.051360488 0.797389984 -4.206470966 0.000000000 0.000000000 -12.000000000 -0.005239341 0.305215269
1776612770.254839659 0.520557344 0.275788605 0.176882088 0.094524637 0.991533339 0.087393790 -0.017002152 -1.102006793 0.818716824 -4.211893559 0.000000000 0.000000000 -12.000000000 -0.005124126 0.305718780
1776612770.259909630 0.520131648 0.276721388 0.177013755 0.094465569 0.991515100 0.087570854 -0.017474456 -1.146801591 0.838155806 -4.218897820 0.000000000 0.000000000 -12.000000000 -0.005010312 0.306229860
1776612770.264803886 0.519738078 0.277653039 0.177158892 0.094405428 0.991496027 0.087758951 -0.017932320 -1.185484409 0.855479181 -4.227563858 0.000000000 0.000000000 -12.000000000 -0.004896859 0.306748688
1776612770.269866467 0.519363940 0.278560519 0.177312732 0.094363496 0.991474986 0.087946504 -0.018393939 -1.217849374 0.870484471 -4.237966537 0.000000000 0.000000000 -12.000000000 -0.004783290 0.307275623
1776612770.274892330 0.519024730 0.279458255 0.177479386 0.094315886 0.991454542 0.088133641 -0.018836914 -1.243743896 0.882995307 -4.250171661 0.000000000 0.000000000 -12.000000000 -0.004667350 0.307810813
1776612770.279876709 0.518729806 0.280328900 0.177648038 0.094252802 0.991436362 0.088314973 -0.019257644 -1.263065100 0.892862797 -4.264236450 0.000000000 0.000000000 -12.000000000 -0.004551731 0.308352381
1776612770.284890175 0.518439412 0.281184763 0.177809179 0.094188467 0.991418839 0.088481866 -0.019701185 -1.275757551 0.899965763 -4.280207157 0.000000000 0.000000000 -12.000000000 -0.004436558 0.308900177
1776612770.289965391 0.518188834 0.282039702 0.177978516 0.094116591 0.991401136 0.088662110 -0.020122852 -1.281810522 0.904211640 -4.298119068 0.000000000 0.000000000 -12.000000000 -0.004320848 0.309453666
1776612770.294910669 0.517974079 0.282894075 0.178158492 0.094048761 0.991382301 0.088851206 -0.020529352 -1.281256199 0.905536771 -4.317995071 0.000000000 0.000000000 -12.000000000 -0.004206085 0.310012430
1776612770.299878597 0.517771006 0.283728987 0.178326100 0.093958125 0.991365671 0.089034334 -0.020949440 -1.274167657 0.903905272 -4.339843273 0.000000000 0.000000000 -12.000000000 -0.004089553 0.310575366
1776612770.304938078 0.517596602 0.284543365 0.178484529 0.093870170 0.991349399 0.089209802 -0.021362698 -1.260655403 0.899306655 -4.363656521 0.000000000 0.000000000 -12.000000000 -0.003973887 0.311143249
1776612770.309874058 0.517445564 0.285338640 0.178647429 0.093791589 0.991332233 0.089382604 -0.021778410 -1.240863085 0.891754687 -4.389410973 0.000000000 0.000000000 -12.000000000 -0.003857130 0.311713576
1776612770.314833879 0.517247140 0.286891431 0.178970486 0.093627989 0.991295934 0.089754775 -0.022588598 -1.214963078 0.881286740 -4.417067528 0.000000000 0.000000000 -12.000000000 -0.003740528 0.312290400
1776612770.319989920 0.517247140 0.286891431 0.178970486 0.093627989 0.991295934 0.089754775 -0.022588598 -1.183151841 0.867961884 -4.446571827 0.000000000 0.000000000 -12.000000000 -0.003624302 0.312867224
1776612770.324649334 0.517213762 0.287651211 0.179145545 0.093577325 0.991272926 0.089965940 -0.022964986 -1.145645499 0.851857960 -4.477856636 0.000000000 0.000000000 -12.000000000 -0.003508461 0.313446581
1776612770.329462528 0.517208934 0.288390905 0.179315120 0.093505956 0.991251111 0.090184212 -0.023337675 -1.102674961 0.833067775 -4.510841370 0.000000000 0.000000000 -12.000000000 -0.003392355 0.314027131
1776612770.334934711 0.517307639 0.289133072 0.179517239 0.093459070 0.991224408 0.090451747 -0.023623625 -1.054479599 0.811694622 -4.545434475 0.000000000 0.000000000 -12.000000000 -0.003276165 0.314607531
1776612770.339690447 0.517681718 0.290645808 0.179919630 0.093370482 0.991165400 0.091070324 -0.024068095 -1.001300931 0.787847996 -4.581532478 0.000000000 0.000000000 -12.000000000 -0.003158753 0.315182626
1776612770.344809771 0.517681718 0.290645808 0.179919630 0.093370482 0.991165400 0.091070324 -0.024068095 -0.943375289 0.761638820 -4.619021893 0.000000000 0.000000000 -12.000000000 -0.003041848 0.315757722
1776612770.349771738 0.517954290 0.291407108 0.180119574 0.093307115 0.991135001 0.091422372 -0.024231713 -0.880928993 0.733176768 -4.657777786 0.000000000 0.000000000 -12.000000000 -0.002925462 0.316331804
1776612770.355003595 0.518341124 0.292179286 0.180341184 0.093202047 0.991107225 0.091817521 -0.024277722 -0.814175487 0.702569485 -4.697666645 0.000000000 0.000000000 -12.000000000 -0.002809605 0.316903621
1776612770.359555483 0.518808246 0.292944640 0.180553705 0.093078203 0.991081715 0.092227228 -0.024241477 -0.743311465 0.669922352 -4.738545418 0.000000000 0.000000000 -12.000000000 -0.002693405 0.317467868
1776612770.364836454 0.519464970 0.293678999 0.180790812 0.092968032 0.991057396 0.092660226 -0.024004310 -0.668510735 0.635339260 -4.780264378 0.000000000 0.000000000 -12.000000000 -0.002577815 0.318026870
1776612770.369691849 0.520209014 0.294385731 0.181011111 0.092862971 0.991034687 0.093092106 -0.023675466 -0.589917064 0.598922491 -4.822664738 0.000000000 0.000000000 -12.000000000 -0.002462615 0.318576276
1776612770.374816656 0.520972908 0.295071900 0.181181043 0.092749596 0.991014719 0.093504131 -0.023329668 -0.507637203 0.560773849 -4.865579605 0.000000000 0.000000000 -12.000000000 -0.002347987 0.319120705
1776612770.379522085 0.521818101 0.295740008 0.181336433 0.092635237 0.990996957 0.093910590 -0.022902519 -0.421741396 0.520997047 -4.908835411 0.000000000 0.000000000 -12.000000000 -0.002233999 0.319658995
1776612770.384503126 0.522863150 0.296378076 0.181519389 0.092537709 0.990980744 0.094330579 -0.022263667 -0.332269698 0.479702652 -4.952256680 0.000000000 0.000000000 -12.000000000 -0.002120523 0.320186585
1776612770.389527321 0.524037719 0.296991020 0.181734324 0.092443876 0.990966320 0.094754204 -0.021482414 -0.239238739 0.437011331 -4.995668411 0.000000000 0.000000000 -12.000000000 -0.002007576 0.320702195
1776612770.394535780 0.525318682 0.297613978 0.181982785 0.092352085 0.990950406 0.095208526 -0.020583449 -0.142647743 0.393056542 -5.038900375 0.000000000 0.000000000 -12.000000000 -0.001895293 0.321211100
1776612770.399579525 0.526652217 0.298226774 0.182231098 0.092268541 0.990933299 0.095668659 -0.019627040 -0.042483348 0.347986698 -5.081788063 0.000000000 0.000000000 -12.000000000 -0.001783552 0.321714550
1776612770.404843569 0.527976632 0.298797756 0.182432115 0.092194937 0.990917563 0.096090153 -0.018684920 0.061275162 0.301966757 -5.124175072 0.000000000 0.000000000 -12.000000000 -0.001672413 0.322204590
1776612770.409803391 0.529353857 0.299327254 0.182609320 0.092134669 0.990903139 0.096484154 -0.017692724 0.168649644 0.255178958 -5.165915966 0.000000000 0.000000000 -12.000000000 -0.001561932 0.322682142
1776612770.414543390 0.530787230 0.299808323 0.182765305 0.092097327 0.990889072 0.096848875 -0.016648296 0.279654741 0.207822680 -5.206878662 0.000000000 0.000000000 -12.000000000 -0.001452093 0.323150188
1776612770.419600964 0.532197177 0.300249070 0.182892591 0.092063077 0.990877569 0.097168632 -0.015630357 0.394286990 0.160115376 -5.246946335 0.000000000 0.000000000 -12.000000000 -0.001342970 0.323609889
1776612770.424556255 0.533528149 0.300654233 0.182993621 0.092034578 0.990868390 0.097431511 -0.014716058 0.512512267 0.112294547 -5.286023140 0.000000000 0.000000000 -12.000000000 -0.001234465 0.324062824
1776612770.429505825 0.535006344 0.301050127 0.183165759 0.092029065 0.990855753 0.097720765 -0.013646900 0.634253323 0.064620398 -5.324036598 0.000000000 0.000000000 -12.000000000 -0.001126563 0.324506968
1776612770.434594631 0.536596656 0.301413983 0.183383524 0.092044517 0.990841568 0.098007895 -0.012457530 0.759380281 0.017377065 -5.360942841 0.000000000 0.000000000 -12.000000000 -0.001019670 0.324937284
1776612770.439534426 0.538101614 0.301721662 0.183574468 0.092055000 0.990832448 0.098222919 -0.011364606 0.887707412 -0.029130720 -5.396726131 0.000000000 0.000000000 -12.000000000 -0.000913513 0.325358838
1776612770.444510937 0.539490044 0.301967412 0.183708280 0.092051290 0.990830660 0.098350957 -0.010403938 1.018994689 -0.074584194 -5.431396961 0.000000000 0.000000000 -12.000000000 -0.000808144 0.325772762
1776612770.449513912 0.540833890 0.302175254 0.183795244 0.092042103 0.990832686 0.098430499 -0.009502597 1.152949929 -0.118655995 -5.464987278 0.000000000 0.000000000 -12.000000000 -0.000703406 0.326181084
1776612770.454620361 0.542169511 0.302338421 0.183855712 0.092029341 0.990838468 0.098464713 -0.008624054 1.289229274 -0.161014229 -5.497552395 0.000000000 0.000000000 -12.000000000 -0.000599078 0.326585382
1776612770.459509373 0.543531656 0.302456319 0.183910012 0.092022009 0.990846992 0.098460391 -0.007728613 1.427438974 -0.201328188 -5.529168129 0.000000000 0.000000000 -12.000000000 -0.000495344 0.326982945
1776612770.464486837 0.544909358 0.302552819 0.183991134 0.092006370 0.990857482 0.098437287 -0.006813465 1.567139030 -0.239275441 -5.559933186 0.000000000 0.000000000 -12.000000000 -0.000392448 0.327373147
1776612770.469817877 0.546303689 0.302651525 0.184106141 0.091977730 0.990867913 0.098418921 -0.005878361 1.707850814 -0.274547577 -5.589968681 0.000000000 0.000000000 -12.000000000 -0.000290595 0.327755749
1776612770.474526405 0.547688007 0.302741021 0.184231400 0.091941617 0.990879178 0.098390296 -0.004949779 1.849065661 -0.306854486 -5.619412899 0.000000000 0.000000000 -12.000000000 -0.000189364 0.328132927
1776612770.479777575 0.549040377 0.302828372 0.184339613 0.091890536 0.990892410 0.098345689 -0.004054936 1.990255237 -0.335929394 -5.648422241 0.000000000 0.000000000 -12.000000000 -0.000088266 0.328507751
1776612770.484508038 0.550325274 0.302872658 0.184410065 0.091841832 0.990909636 0.098247841 -0.003241921 2.130879879 -0.361534834 -5.677165031 0.000000000 0.000000000 -12.000000000 0.000011887 0.328877091
1776612770.489553213 0.551617742 0.302879512 0.184467793 0.091816425 0.990926206 0.098127834 -0.002433300 2.270397186 -0.383468360 -5.705819607 0.000000000 0.000000000 -12.000000000 0.000111122 0.329241365
1776612770.494509459 0.552909851 0.302864194 0.184500992 0.091807343 0.990942001 0.097993039 -0.001633493 2.408269644 -0.401567340 -5.734572411 0.000000000 0.000000000 -12.000000000 0.000210121 0.329602838
1776612770.499601126 0.554193854 0.302852720 0.184532344 0.091844074 0.990951598 0.097871684 -0.000847807 2.543971539 -0.415712357 -5.763617516 0.000000000 0.000000000 -12.000000000 0.000308468 0.329960436
1776612770.504510403 0.555496812 0.302864224 0.184602499 0.091925703 0.990952551 0.097789250 -0.000052549 2.676997900 -0.425828993 -5.793152809 0.000000000 0.000000000 -12.000000000 0.000406146 0.330314636
1776612770.509554148 0.556853294 0.302903324 0.184725314 0.092049614 0.990943670 0.097759336 0.000796021 2.806869745 -0.431887537 -5.823381901 0.000000000 0.000000000 -12.000000000 0.000503135 0.330665797
1776612770.514506578 0.558243215 0.302974492 0.184873104 0.092205137 0.990926564 0.097775087 0.001678817 2.933139801 -0.433901459 -5.854509354 0.000000000 0.000000000 -12.000000000 0.000599432 0.331015080
1776612770.519507170 0.559579551 0.303049713 0.184991598 0.092387237 0.990906298 0.097790927 0.002503544 3.055398703 -0.431927085 -5.886742115 0.000000000 0.000000000 -12.000000000 0.000694453 0.331362367
1776612770.524576664 0.560872257 0.303112447 0.185080737 0.092584148 0.990885854 0.097789407 0.003268938 3.173278332 -0.426063865 -5.920282841 0.000000000 0.000000000 -12.000000000 0.000788001 0.331709474
1776612770.529863834 0.562158167 0.303181648 0.185164839 0.092799149 0.990861595 0.097803213 0.004019636 3.286457062 -0.416452706 -5.955328941 0.000000000 0.000000000 -12.000000000 0.000879866 0.332057387
1776612770.534693956 0.563460946 0.303255677 0.185250461 0.093031093 0.990833104 0.097837582 0.004778947 3.394657135 -0.403271466 -5.992068291 0.000000000 0.000000000 -12.000000000 0.000970235 0.332405299
1776612770.539823294 0.564765692 0.303330988 0.185346901 0.093275391 0.990801454 0.097884923 0.005539002 3.497644663 -0.386729062 -6.030678272 0.000000000 0.000000000 -12.000000000 0.001059650 0.332754612
1776612770.544528246 0.566140115 0.303413868 0.185488939 0.093530625 0.990764201 0.097968087 0.006367432 3.595226526 -0.367059261 -6.071320057 0.000000000 0.000000000 -12.000000000 0.001148416 0.333109051
1776612770.549718142 0.567568362 0.303500950 0.185664296 0.093801327 0.990720928 0.098085769 0.007250899 3.687249184 -0.344515651 -6.114136696 0.000000000 0.000000000 -12.000000000 0.001236711 0.333466023
1776612770.554583073 0.568977594 0.303594649 0.185824931 0.094071396 0.990675688 0.098216154 0.008114083 3.773597002 -0.319368124 -6.159248829 0.000000000 0.000000000 -12.000000000 0.001324833 0.333827466
1776612770.559721947 0.570325077 0.303670257 0.185952902 0.094340913 0.990631878 0.098330535 0.008910001 3.854191542 -0.291899621 -6.206749439 0.000000000 0.000000000 -12.000000000 0.001415043 0.334196210
1776612770.564664125 0.571646571 0.303736418 0.186050236 0.094605245 0.990588665 0.098439537 0.009674651 3.928991079 -0.262403309 -6.256703854 0.000000000 0.000000000 -12.000000000 0.001504027 0.334567845
1776612770.569631577 0.572938681 0.303822517 0.186135530 0.094874248 0.990542531 0.098570950 0.010398669 3.997986078 -0.231178686 -6.309143066 0.000000000 0.000000000 -12.000000000 0.001595201 0.334947020
1776612770.574488401 0.574235916 0.303923935 0.186219841 0.095158279 0.990491390 0.098731622 0.011125434 4.061192989 -0.198527709 -6.364067554 0.000000000 0.000000000 -12.000000000 0.001687859 0.335334301
1776612770.579512835 0.575535595 0.304020822 0.186317980 0.095452711 0.990437508 0.098903701 0.011848841 4.118648529 -0.164750427 -6.421444416 0.000000000 0.000000000 -12.000000000 0.001780189 0.335727364
1776612770.584627867 0.576767564 0.304137707 0.186428696 0.095745571 0.990381956 0.099098384 0.012484764 4.170404434 -0.130140409 -6.481212139 0.000000000 0.000000000 -12.000000000 0.001873730 0.336128414
1776612770.589666128 0.577987552 0.304245383 0.186556518 0.096059889 0.990321338 0.099322610 0.013085016 4.216519833 -0.094979033 -6.543282509 0.000000000 0.000000000 -12.000000000 0.001965216 0.336535394
1776612770.594742775 0.579081416 0.304300874 0.186637759 0.096404642 0.990263224 0.099509798 0.013514887 4.257052422 -0.059528798 -6.607547760 0.000000000 0.000000000 -12.000000000 0.002055190 0.336948574
1776612770.599536657 0.579976737 0.304332346 0.186672330 0.096754573 0.990212560 0.099649087 0.013700790 4.292047977 -0.024026297 -6.673884392 0.000000000 0.000000000 -12.000000000 0.002143539 0.337366104
1776612770.604541063 0.580763519 0.304344952 0.186708003 0.097112067 0.990165293 0.099766001 0.013737742 4.321529388 0.011324669 -6.742155552 0.000000000 0.000000000 -12.000000000 0.002231629 0.337786973
1776612770.609696388 0.581400931 0.304293960 0.186711997 0.097486146 0.990125537 0.099817798 0.013574841 4.345485210 0.046359558 -6.812216282 0.000000000 0.000000000 -12.000000000 0.002317974 0.338209867
1776612770.614834070 0.581926763 0.304242074 0.186709911 0.097866006 0.990087450 0.099866301 0.013260718 4.363865852 0.080957778 -6.883913040 0.000000000 0.000000000 -12.000000000 0.002402393 0.338633358
1776612770.619816065 0.582338929 0.304184854 0.186723053 0.098257333 0.990049839 0.099916555 0.012788500 4.376583099 0.115043685 -6.957089424 0.000000000 0.000000000 -12.000000000 0.002486184 0.339057624
1776612770.624875546 0.582686186 0.304123312 0.186750978 0.098670892 0.990009606 0.099979699 0.012211869 4.383518696 0.148584053 -7.031585693 0.000000000 0.000000000 -12.000000000 0.002568630 0.339482069
1776612770.629822969 0.582927346 0.304048419 0.186752886 0.099082157 0.989972889 0.100020804 0.011499357 4.384538651 0.181584120 -7.107242107 0.000000000 0.000000000 -12.000000000 0.002649615 0.339905828
1776612770.634830713 0.583078980 0.303975403 0.186732024 0.099493600 0.989936888 0.100060157 0.010674359 4.379505157 0.214082748 -7.183899403 0.000000000 0.000000000 -12.000000000 0.002729211 0.340328902
1776612770.639794588 0.583172143 0.303892732 0.186691701 0.099913433 0.989899039 0.100109637 0.009761074 4.368294239 0.246145830 -7.261396885 0.000000000 0.000000000 -12.000000000 0.002807399 0.340750307
1776612770.644522429 0.583238244 0.303784490 0.186634332 0.100331753 0.989860415 0.100161962 0.008800698 4.350810051 0.277859360 -7.339577198 0.000000000 0.000000000 -12.000000000 0.002885247 0.341168821
1776612770.649527550 0.583303034 0.303679407 0.186575323 0.100738361 0.989818573 0.100248292 0.007823837 4.326998711 0.309323967 -7.418282032 0.000000000 0.000000000 -12.000000000 0.002961649 0.341584116
1776612770.654539585 0.583390534 0.303596139 0.186530381 0.101102926 0.989775360 0.100377418 0.006874084 4.296859264 0.340651244 -7.497356415 0.000000000 0.000000000 -12.000000000 0.003036591 0.341996849
1776612770.659882069 0.583498001 0.303519964 0.186496586 0.101424836 0.989733100 0.100528657 0.005949209 4.260452747 0.371959656 -7.576649666 0.000000000 0.000000000 -12.000000000 0.003110060 0.342407435
1776612770.664682865 0.583690941 0.303473771 0.186513782 0.101716116 0.989685237 0.100750670 0.005123920 4.217908382 0.403370410 -7.656016350 0.000000000 0.000000000 -12.000000000 0.003183094 0.342817813
1776612770.669580221 0.583941221 0.303442210 0.186565191 0.101971194 0.989635766 0.101014204 0.004367848 4.169427872 0.435005069 -7.735315800 0.000000000 0.000000000 -12.000000000 0.003254001 0.343227893
1776612770.674520731 0.584203124 0.303443134 0.186621159 0.102177992 0.989586592 0.101315215 0.003639570 4.115287304 0.466984272 -7.814414024 0.000000000 0.000000000 -12.000000000 0.003324069 0.343639165
1776612770.679584742 0.584436774 0.303414494 0.186647534 0.102381043 0.989538729 0.101602159 0.002875998 4.055835247 0.499424607 -7.893177509 0.000000000 0.000000000 -12.000000000 0.003392604 0.344049811
1776612770.684512377 0.584670126 0.303346932 0.186643571 0.102597974 0.989489436 0.101881854 0.002101292 3.991493940 0.532434165 -7.971476078 0.000000000 0.000000000 -12.000000000 0.003459725 0.344458044
1776612770.689834595 0.584865868 0.303254217 0.186604500 0.102809489 0.989442170 0.102141097 0.001282450 3.922754288 0.566109717 -8.049180984 0.000000000 0.000000000 -12.000000000 0.003524030 0.344863236
1776612770.694646120 0.585097015 0.303130507 0.186563939 0.103051357 0.989390016 0.102408960 0.000491748 3.850167751 0.600535691 -8.126163483 0.000000000 0.000000000 -12.000000000 0.003586808 0.345264673
1776612770.699878931 0.585330844 0.302978367 0.186519772 0.103302345 0.989336371 0.102674462 -0.000294091 3.774338245 0.635783732 -8.202300072 0.000000000 0.000000000 -12.000000000 0.003648061 0.345661998
1776612770.704525232 0.585580409 0.302810431 0.186482698 0.103589073 0.989277959 0.102943279 -0.001067113 3.695911646 0.671912611 -8.277474403 0.000000000 0.000000000 -12.000000000 0.003708945 0.346055835
1776612770.709486723 0.585872412 0.302641958 0.186474621 0.103877731 0.989215493 0.103242084 -0.001789916 3.615566254 0.708970964 -8.351578712 0.000000000 0.000000000 -12.000000000 0.003768494 0.346446663
1776612770.714511633 0.586206853 0.302486241 0.186479539 0.104197830 0.989145160 0.103579082 -0.002467488 3.533998489 0.746999800 -8.424512863 0.000000000 0.000000000 -12.000000000 0.003828994 0.346835434
1776612770.719985723 0.586527765 0.302311033 0.186458886 0.104541965 0.989070833 0.103922330 -0.003161267 3.451913357 0.786034346 -8.496191025 0.000000000 0.000000000 -12.000000000 0.003887927 0.347220868
1776612770.724632025 0.586796522 0.302119702 0.186389238 0.104894504 0.988996387 0.104249224 -0.003915959 3.370016336 0.826103270 -8.566532135 0.000000000 0.000000000 -12.000000000 0.003945311 0.347602248
1776612770.729812145 0.587020338 0.301916122 0.186290562 0.105275221 0.988918722 0.104568265 -0.004725375 3.289004087 0.867229342 -8.635470390 0.000000000 0.000000000 -12.000000000 0.004002201 0.347980022
1776612770.734516859 0.587237537 0.301697850 0.186181456 0.105645113 0.988841116 0.104888961 -0.005538415 3.209551334 0.909431338 -8.702947617 0.000000000 0.000000000 -12.000000000 0.004057554 0.348353326
1776612770.739842415 0.587418973 0.301458389 0.186068743 0.106018394 0.988763034 0.105199829 -0.006388676 3.132301807 0.952725649 -8.768922806 0.000000000 0.000000000 -12.000000000 0.004112053 0.348721832
1776612770.744918823 0.587593734 0.301193953 0.185964227 0.106382944 0.988685548 0.105503559 -0.007246150 3.057857752 0.997128248 -8.833367348 0.000000000 0.000000000 -12.000000000 0.004165968 0.349085569
1776612770.749547958 0.587743640 0.300903797 0.185851723 0.106737562 0.988608778 0.105800286 -0.008128826 2.986773729 1.042656302 -8.896274567 0.000000000 0.000000000 -12.000000000 0.004218503 0.349444002
1776612770.754865646 0.587860465 0.300605595 0.185741097 0.107083730 0.988531709 0.106095493 -0.009046186 2.919549942 1.089331150 -8.957661629 0.000000000 0.000000000 -12.000000000 0.004269644 0.349796742
1776612770.759819984 0.587960064 0.300311059 0.185637802 0.107395969 0.988456428 0.106397808 -0.009974694 2.856626272 1.137181401 -9.017563820 0.000000000 0.000000000 -12.000000000 0.004320100 0.350145996
1776612770.764851093 0.588042974 0.300027192 0.185525149 0.107687511 0.988380671 0.106714062 -0.010917064 2.798376560 1.186245680 -9.076045036 0.000000000 0.000000000 -12.000000000 0.004369217 0.350490957
1776612770.769838095 0.588084400 0.299734592 0.185399979 0.107949607 0.988308311 0.107015043 -0.011890774 2.745103836 1.236573935 -9.133192062 0.000000000 0.000000000 -12.000000000 0.004416767 0.350832015
1776612770.774702311 0.588085771 0.299436152 0.185254604 0.108199827 0.988236308 0.107309066 -0.012906479 2.697040558 1.288226843 -9.189118385 0.000000000 0.000000000 -12.000000000 0.004462957 0.351169050
1776612770.779847145 0.588079870 0.299135566 0.185110152 0.108437724 0.988163710 0.107610352 -0.013921339 2.654348850 1.341276050 -9.243966103 0.000000000 0.000000000 -12.000000000 0.004508067 0.351501375
1776612770.784653902 0.588070154 0.298838258 0.184974432 0.108658135 0.988090634 0.107922636 -0.014933793 2.617121935 1.395803928 -9.297905922 0.000000000 0.000000000 -12.000000000 0.004551925 0.351830035
1776612770.789772987 0.588054895 0.298541635 0.184838504 0.108878069 0.988015115 0.108246759 -0.015948847 2.585387707 1.451903105 -9.351133347 0.000000000 0.000000000 -12.000000000 0.004594736 0.352154881
1776612770.794495821 0.588039994 0.298237860 0.184695691 0.109092578 0.987938404 0.108576730 -0.016958309 2.559111595 1.509675384 -9.403868675 0.000000000 0.000000000 -12.000000000 0.004636339 0.352475703
1776612770.799511194 0.588028371 0.297939181 0.184558779 0.109306380 0.987859488 0.108918682 -0.017957065 2.538199425 1.569227934 -9.456352234 0.000000000 0.000000000 -12.000000000 0.004676269 0.352792978
1776612770.804592848 0.588016629 0.297641218 0.184428632 0.109509923 0.987779617 0.109270617 -0.018946739 2.522500992 1.630671024 -9.508843422 0.000000000 0.000000000 -12.000000000 0.004715079 0.353106260
1776612770.809515715 0.588030338 0.297345519 0.184312314 0.109734789 0.987694502 0.109643780 -0.019902885 2.511813641 1.694114089 -9.561614037 0.000000000 0.000000000 -12.000000000 0.004752986 0.353415996
1776612770.814519644 0.588070631 0.297043592 0.184220850 0.109963708 0.987606823 0.110032775 -0.020820439 2.505888700 1.759663939 -9.614950180 0.000000000 0.000000000 -12.000000000 0.004789570 0.353722841
1776612770.819605589 0.588204741 0.296472549 0.184079975 0.110452063 0.987418234 0.110885054 -0.022585625 2.504436493 1.827422976 -9.669146538 0.000000000 0.000000000 -12.000000000 0.004824778 0.354024053
1776612770.824588537 0.588204741 0.296472549 0.184079975 0.110452063 0.987418234 0.110885054 -0.022585625 2.507131100 1.897488475 -9.724505424 0.000000000 0.000000000 -12.000000000 0.004858773 0.354325831
1776612770.829843998 0.588258088 0.296206683 0.184005290 0.110712104 0.987316966 0.111341901 -0.023473633 2.513616323 1.969949722 -9.781328201 0.000000000 0.000000000 -12.000000000 0.004891521 0.354625344
1776612770.834531069 0.588298619 0.295924276 0.183930010 0.110981494 0.987214327 0.111789897 -0.024370955 2.523513556 2.044884443 -9.839913368 0.000000000 0.000000000 -12.000000000 0.004922610 0.354921997
1776612770.839990377 0.588315010 0.295626670 0.183845192 0.111258216 0.987110138 0.112231016 -0.025284972 2.536428213 2.122354746 -9.900554657 0.000000000 0.000000000 -12.000000000 0.004952804 0.355215430
1776612770.844619751 0.588321924 0.295322210 0.183763027 0.111552462 0.987001836 0.112678483 -0.026210055 2.551958799 2.202405453 -9.963535309 0.000000000 0.000000000 -12.000000000 0.004980900 0.355505407
1776612770.849918842 0.588319659 0.295004964 0.183685035 0.111848906 0.986891925 0.113126546 -0.027140265 2.569700956 2.285063028 -10.029129982 0.000000000 0.000000000 -12.000000000 0.005008103 0.355791599
1776612770.854898691 0.588324666 0.294701904 0.183609724 0.112148568 0.986777544 0.113601826 -0.028060123 2.589253902 2.370335579 -10.097596169 0.000000000 0.000000000 -12.000000000 0.005034188 0.356074035
1776612770.859797239 0.588323057 0.294386178 0.183531404 0.112446040 0.986662507 0.114075236 -0.028978774 2.610220671 2.458213568 -10.169174194 0.000000000 0.000000000 -12.000000000 0.005057872 0.356352955
1776612770.864771366 0.588322341 0.294074178 0.183445394 0.112740584 0.986546159 0.114554696 -0.029890077 2.632210732 2.548669338 -10.244076729 0.000000000 0.000000000 -12.000000000 0.005080890 0.356627434
1776612770.869542122 0.588318348 0.293784261 0.183371931 0.113016151 0.986429036 0.115052216 -0.030791070 2.654840946 2.641656399 -10.322485924 0.000000000 0.000000000 -12.000000000 0.005102553 0.356898874
1776612770.874684811 0.588322341 0.293509454 0.183300734 0.113275789 0.986310840 0.115568772 -0.031675939 2.677740574 2.737108946 -10.404554367 0.000000000 0.000000000 -12.000000000 0.005122538 0.357167989
1776612770.879541159 0.588324368 0.293225616 0.183215439 0.113528185 0.986193597 0.116077185 -0.032552253 2.700554132 2.834941149 -10.490397453 0.000000000 0.000000000 -12.000000000 0.005141104 0.357434243
1776612770.884688377 0.588329017 0.292948842 0.183120579 0.113775566 0.986074030 0.116602108 -0.033422966 2.722944975 2.935048342 -10.580097198 0.000000000 0.000000000 -12.000000000 0.005158165 0.357697397
1776612770.889558077 0.588338435 0.292660028 0.183033198 0.114016891 0.985954821 0.117123969 -0.034282167 2.744598627 3.037308931 -10.673697472 0.000000000 0.000000000 -12.000000000 0.005172641 0.357957512
1776612770.894580364 0.588338137 0.292370021 0.182947069 0.114250474 0.985835433 0.117644288 -0.035144862 2.765227795 3.141587257 -10.771207809 0.000000000 0.000000000 -12.000000000 0.005185880 0.358213454
1776612770.899578094 0.588357925 0.292090446 0.182893068 0.114473008 0.985715568 0.118181132 -0.035972532 2.784573078 3.247733831 -10.872606277 0.000000000 0.000000000 -12.000000000 0.005197093 0.358467311
1776612770.904697657 0.588375807 0.291796237 0.182846040 0.114697412 0.985595644 0.118708655 -0.036796369 2.802407980 3.355588675 -10.977836609 0.000000000 0.000000000 -12.000000000 0.005206536 0.358718932
1776612770.909780502 0.588378549 0.291484773 0.182799578 0.114912704 0.985477388 0.119220220 -0.037628639 2.818536997 3.464982510 -11.086816788 0.000000000 0.000000000 -12.000000000 0.005213245 0.358967870
1776612770.914858580 0.588380396 0.291180164 0.182745934 0.115143724 0.985355496 0.119738832 -0.038459338 2.832793951 3.575739861 -11.199434280 0.000000000 0.000000000 -12.000000000 0.005217713 0.359214157
1776612770.919866323 0.588345528 0.290856153 0.182678580 0.115367547 0.985235453 0.120227918 -0.039327156 2.845040321 3.687683344 -11.315546036 0.000000000 0.000000000 -12.000000000 0.005219540 0.359456807
1776612770.924993277 0.588308632 0.290529311 0.182602853 0.115591742 0.985115290 0.120710045 -0.040192712 2.855160236 3.800634384 -11.434981346 0.000000000 0.000000000 -12.000000000 0.005218817 0.359695762
1776612770.929828882 0.588244498 0.290205061 0.182515979 0.115817323 0.984994888 0.121177889 -0.041076612 2.863059998 3.914416075 -11.557538986 0.000000000 0.000000000 -12.000000000 0.005216666 0.359930277
1776612770.934847355 0.588181734 0.289885640 0.182447791 0.116033152 0.984874904 0.121646352 -0.041951552 2.868665218 4.028853416 -11.682995796 0.000000000 0.000000000 -12.000000000 0.005211303 0.360162914
1776612770.939811945 0.588117540 0.289567709 0.182384163 0.116250627 0.984754443 0.122111037 -0.042817391 2.871920824 4.143772125 -11.811101913 0.000000000 0.000000000 -12.000000000 0.005203413 0.360393256
1776612770.944904327 0.588067710 0.289235890 0.182338625 0.116476230 0.984633625 0.122570418 -0.043662846 2.872790575 4.258999825 -11.941585541 0.000000000 0.000000000 -12.000000000 0.005191893 0.360621542
1776612770.949886084 0.588027894 0.288876265 0.182276130 0.116735026 0.984509349 0.123018563 -0.044504955 2.871257782 4.374364376 -12.074158669 0.000000000 0.000000000 -12.000000000 0.005177094 0.360846311
1776612770.954842091 0.587958455 0.288465858 0.182183951 0.116997585 0.984389067 0.123411708 -0.045379899 2.867324829 4.489694595 -12.208513260 0.000000000 0.000000000 -12.000000000 0.005159586 0.361065656
1776612770.959882021 0.587906003 0.288059264 0.182096422 0.117260158 0.984267592 0.123812892 -0.046235673 2.861015558 4.604821205 -12.344329834 0.000000000 0.000000000 -12.000000000 0.005138204 0.361280411
1776612770.964539528 0.587839544 0.287636340 0.182001621 0.117520854 0.984147787 0.124190904 -0.047101870 2.852374077 4.719578266 -12.481274605 0.000000000 0.000000000 -12.000000000 0.005114210 0.361489773
1776612770.969852924 0.587789059 0.287212223 0.181922227 0.117762752 0.984030962 0.124566644 -0.047939047 2.841466665 4.833802223 -12.619002342 0.000000000 0.000000000 -12.000000000 0.005087469 0.361694634
1776612770.974844217 0.587754190 0.286799282 0.181856751 0.118017010 0.983909845 0.124964111 -0.048757792 2.828380346 4.947331905 -12.757161140 0.000000000 0.000000000 -12.000000000 0.005057464 0.361894608
1776612770.979857206 0.587751687 0.286388308 0.181801915 0.118242808 0.983792782 0.125369653 -0.049526516 2.813225508 5.060006618 -12.895389557 0.000000000 0.000000000 -12.000000000 0.005023783 0.362090558
1776612770.985024691 0.587775528 0.285999745 0.181756586 0.118478402 0.983671963 0.125802547 -0.050260283 2.796136141 5.171662331 -13.033324242 0.000000000 0.000000000 -12.000000000 0.004986767 0.362282902
1776612770.989845991 0.587812722 0.285636157 0.181694627 0.118698575 0.983549714 0.126263469 -0.050972067 2.777271032 5.282131672 -13.170596123 0.000000000 0.000000000 -12.000000000 0.004947041 0.362472177
1776612770.994690180 0.587840915 0.285295546 0.181623429 0.118898690 0.983428597 0.126728535 -0.051683221 2.756815434 5.391239643 -13.306831360 0.000000000 0.000000000 -12.000000000 0.004905623 0.362657249
1776612770.999801874 0.587945879 0.284978837 0.181569070 0.119088560 0.983308196 0.127231687 -0.052296806 2.734980345 5.498804092 -13.441653252 0.000000000 0.000000000 -12.000000000 0.004860776 0.362839848
1776612771.004551888 0.588140368 0.284680694 0.181537658 0.119300634 0.983184576 0.127779797 -0.052799318 2.712004900 5.604635239 -13.574683189 0.000000000 0.000000000 -12.000000000 0.004813298 0.363021016
1776612771.009870052 0.588380992 0.284383893 0.181524009 0.119511627 0.983061671 0.128345788 -0.053235866 2.688158035 5.708535194 -13.705539703 0.000000000 0.000000000 -12.000000000 0.004761877 0.363200098
1776612771.014529467 0.588659525 0.284104317 0.181522459 0.119738579 0.982935488 0.128940046 -0.053618856 2.663743258 5.810297966 -13.833843231 0.000000000 0.000000000 -12.000000000 0.004708858 0.363378048
1776612771.019782543 0.588980913 0.283798814 0.181505769 0.119973548 0.982812941 0.129518598 -0.053944573 2.639098644 5.909713268 -13.959213257 0.000000000 0.000000000 -12.000000000 0.004655776 0.363551408
1776612771.024517298 0.589386106 0.283494323 0.181495935 0.120224044 0.982692778 0.130105928 -0.054161787 2.614600658 6.006569386 -14.081272125 0.000000000 0.000000000 -12.000000000 0.004600351 0.363722414
1776612771.029568434 0.589793980 0.283212185 0.181466907 0.120456606 0.982575655 0.130693018 -0.054356262 2.590663195 6.100657463 -14.199647903 0.000000000 0.000000000 -12.000000000 0.004541057 0.363892913
1776612771.034893513 0.590255976 0.282928556 0.181422144 0.120695800 0.982462466 0.131273508 -0.054472379 2.567739487 6.191772461 -14.313972473 0.000000000 0.000000000 -12.000000000 0.004480265 0.364062041
1776612771.039535046 0.590719104 0.282611340 0.181359142 0.120943770 0.982354820 0.131810278 -0.054568436 2.546319723 6.279717922 -14.423885345 0.000000000 0.000000000 -12.000000000 0.004417486 0.364228606
1776612771.044905186 0.591175914 0.282207608 0.181246966 0.121196657 0.982260227 0.132248595 -0.054649539 2.526929855 6.364305973 -14.529037476 0.000000000 0.000000000 -12.000000000 0.004352942 0.364391953
1776612771.049929619 0.591721356 0.281737983 0.181139827 0.121441863 0.982181430 0.132626116 -0.054606531 2.510131121 6.445362091 -14.629098892 0.000000000 0.000000000 -12.000000000 0.004288523 0.364549965
1776612771.054850817 0.592320740 0.281265438 0.181065440 0.121648371 0.982115328 0.132983327 -0.054466579 2.496516705 6.522734642 -14.723761559 0.000000000 0.000000000 -12.000000000 0.004223428 0.364705145
1776612771.059596300 0.592878938 0.280766100 0.180951357 0.121825248 0.982060969 0.133273154 -0.054342575 2.486710072 6.596296787 -14.812750816 0.000000000 0.000000000 -12.000000000 0.004156352 0.364859253
1776612771.065232038 0.593428671 0.280218244 0.180817336 0.121987350 0.982017934 0.133496076 -0.054209195 2.481357574 6.665948868 -14.895827293 0.000000000 0.000000000 -12.000000000 0.004088461 0.365012079
1776612771.069938421 0.594015479 0.279631436 0.180694103 0.122142926 0.981984198 0.133679777 -0.054016914 2.481117725 6.731619358 -14.972791672 0.000000000 0.000000000 -12.000000000 0.004019677 0.365163624
1776612771.075026035 0.594590187 0.278994381 0.180542201 0.122317649 0.981954932 0.133811504 -0.053827539 2.486645699 6.793260574 -15.043493271 0.000000000 0.000000000 -12.000000000 0.003949977 0.365313441
1776612771.079598904 0.595162272 0.278323770 0.180377007 0.122482888 0.981931627 0.133908451 -0.053635515 2.498579741 6.850848198 -15.107829094 0.000000000 0.000000000 -12.000000000 0.003880342 0.365460247
1776612771.084963799 0.595749319 0.277653933 0.180243760 0.122662954 0.981907606 0.134005651 -0.053420283 2.517528296 6.904382229 -15.165751457 0.000000000 0.000000000 -12.000000000 0.003809832 0.365605712
1776612771.089590549 0.596311450 0.276985526 0.180120170 0.122825466 0.981885910 0.134097233 -0.053215165 2.544059038 6.953885078 -15.217267036 0.000000000 0.000000000 -12.000000000 0.003738586 0.365749866
1776612771.095045328 0.596848786 0.276314914 0.179992884 0.122980632 0.981866479 0.134171754 -0.053027257 2.578690290 6.999400616 -15.262437820 0.000000000 0.000000000 -12.000000000 0.003666401 0.365893871
1776612771.099523544 0.597409308 0.275619566 0.179880768 0.123144567 0.981850445 0.134225860 -0.052806620 2.621880054 7.040991783 -15.301379204 0.000000000 0.000000000 -12.000000000 0.003593865 0.366038412
1776612771.104576349 0.597981453 0.274894208 0.179768741 0.123293169 0.981840730 0.134254903 -0.052566327 2.674018860 7.078740597 -15.334259987 0.000000000 0.000000000 -12.000000000 0.003521509 0.366182119
1776612771.109892368 0.598553479 0.274134219 0.179646522 0.123473220 0.981831729 0.134252176 -0.052318431 2.735420942 7.112743855 -15.361302376 0.000000000 0.000000000 -12.000000000 0.003448804 0.366325200
1776612771.114944220 0.599118710 0.273362130 0.179518849 0.123646416 0.981825709 0.134230673 -0.052076567 2.806318760 7.143115044 -15.382770538 0.000000000 0.000000000 -12.000000000 0.003375162 0.366469026
1776612771.119883060 0.599665940 0.272603899 0.179390609 0.123804718 0.981821358 0.134206161 -0.051845305 2.886860132 7.169982433 -15.398971558 0.000000000 0.000000000 -12.000000000 0.003299919 0.366614610
1776612771.124952078 0.600189090 0.271841407 0.179263681 0.123957135 0.981819987 0.134158224 -0.051630832 2.977106333 7.193489075 -15.410249710 0.000000000 0.000000000 -12.000000000 0.003222556 0.366762727
1776612771.129854679 0.600690842 0.271066487 0.179130793 0.124086186 0.981825471 0.134078860 -0.051421758 3.077029467 7.213794231 -15.416975975 0.000000000 0.000000000 -12.000000000 0.003145043 0.366912544
1776612771.134929895 0.601197660 0.270279169 0.179003179 0.124221943 0.981833637 0.133977816 -0.051201336 3.186510801 7.231070995 -15.419543266 0.000000000 0.000000000 -12.000000000 0.003066264 0.367065281
1776612771.139672041 0.601697743 0.269476742 0.178870738 0.124360390 0.981843889 0.133856893 -0.050984152 3.305340528 7.245506287 -15.418359756 0.000000000 0.000000000 -12.000000000 0.002986641 0.367220342
1776612771.144937038 0.602198660 0.268665135 0.178736985 0.124501817 0.981855690 0.133724287 -0.050759848 3.433217764 7.257300854 -15.413842201 0.000000000 0.000000000 -12.000000000 0.002909234 0.367375106
1776612771.149743795 0.602696776 0.267846942 0.178609341 0.124656625 0.981867194 0.133582428 -0.050529517 3.569756746 7.266667843 -15.406404495 0.000000000 0.000000000 -12.000000000 0.002831393 0.367531896
1776612771.154886007 0.603165090 0.267005950 0.178463042 0.124827743 0.981878042 0.133417070 -0.050333541 3.714492083 7.273831844 -15.396455765 0.000000000 0.000000000 -12.000000000 0.002753950 0.367690146
1776612771.159530878 0.603652775 0.266145021 0.178317040 0.125024721 0.981889248 0.133233458 -0.050111491 3.866883993 7.279026508 -15.384391785 0.000000000 0.000000000 -12.000000000 0.002678050 0.367848456
1776612771.164901257 0.604152501 0.265266567 0.178172410 0.125245899 0.981900096 0.133034542 -0.049874343 4.026323318 7.282492161 -15.370591164 0.000000000 0.000000000 -12.000000000 0.002603145 0.368008077
1776612771.169675589 0.604614139 0.264372885 0.178020567 0.125473768 0.981911540 0.132809564 -0.049675979 4.192135811 7.284473419 -15.355412483 0.000000000 0.000000000 -12.000000000 0.002529602 0.368168473
1776612771.175007105 0.605085135 0.263478070 0.177877963 0.125706494 0.981923282 0.132582366 -0.049461111 4.363586903 7.285218716 -15.339191437 0.000000000 0.000000000 -12.000000000 0.002457822 0.368329942
1776612771.179604292 0.605548859 0.262560576 0.177725017 0.125955686 0.981935799 0.132331625 -0.049250711 4.539889336 7.284978390 -15.322237968 0.000000000 0.000000000 -12.000000000 0.002386707 0.368493527
1776612771.184909105 0.605991006 0.261637956 0.177556366 0.126191854 0.981951654 0.132059768 -0.049058568 4.720210552 7.284001350 -15.304833412 0.000000000 0.000000000 -12.000000000 0.002314762 0.368660599
1776612771.189578533 0.606399775 0.260701001 0.177383959 0.126421422 0.981969237 0.131768018 -0.048900433 4.903679848 7.282536507 -15.287229538 0.000000000 0.000000000 -12.000000000 0.002243977 0.368829668
1776612771.195091486 0.606778324 0.259752750 0.177209914 0.126639992 0.981990755 0.131446287 -0.048768662 5.089395523 7.280827999 -15.269648552 0.000000000 0.000000000 -12.000000000 0.002174248 0.369001001
1776612771.199579477 0.607145786 0.258793354 0.177049577 0.126861945 0.982012153 0.131116301 -0.048648335 5.276430130 7.279117584 -15.252284050 0.000000000 0.000000000 -12.000000000 0.002104880 0.369175196
1776612771.205061436 0.607521057 0.257822812 0.176898867 0.127059996 0.982038200 0.130779147 -0.048512954 5.463838577 7.277642250 -15.235303879 0.000000000 0.000000000 -12.000000000 0.002035459 0.369353354
1776612771.209985495 0.607894480 0.256832600 0.176745862 0.127266929 0.982064486 0.130430371 -0.048377864 5.650669098 7.276633263 -15.218851089 0.000000000 0.000000000 -12.000000000 0.001965276 0.369535744
1776612771.214960337 0.608232021 0.255837798 0.176575840 0.127473831 0.982091129 0.130062133 -0.048282836 5.835972786 7.276312351 -15.203042984 0.000000000 0.000000000 -12.000000000 0.001894081 0.369722247
1776612771.219905853 0.608559668 0.254833639 0.176402479 0.127666965 0.982120275 0.129685357 -0.048193861 6.018816948 7.276890755 -15.187975883 0.000000000 0.000000000 -12.000000000 0.001822941 0.369912744
1776612771.224587440 0.608899653 0.253837287 0.176242143 0.127827883 0.982153952 0.129315287 -0.048075330 6.198292255 7.278567791 -15.173722267 0.000000000 0.000000000 -12.000000000 0.001753082 0.370107561
1776612771.229989052 0.609263122 0.252847970 0.176100820 0.128007308 0.982185185 0.128956050 -0.047923885 6.373522282 7.281525612 -15.160336494 0.000000000 0.000000000 -12.000000000 0.001682482 0.370308638
1776612771.234591722 0.609624445 0.251866370 0.175959945 0.128184378 0.982216954 0.128596917 -0.047765072 6.543674469 7.285929203 -15.147853851 0.000000000 0.000000000 -12.000000000 0.001610645 0.370516628
1776612771.239772320 0.609980285 0.250876129 0.175806552 0.128343225 0.982252181 0.128229961 -0.047600403 6.707970142 7.291922569 -15.136286736 0.000000000 0.000000000 -12.000000000 0.001536566 0.370731920
1776612771.244619370 0.610330641 0.249896616 0.175649166 0.128507152 0.982286334 0.127865463 -0.047432609 6.865690231 7.299627304 -15.125632286 0.000000000 0.000000000 -12.000000000 0.001460667 0.370954573
1776612771.249532223 0.610685050 0.248919159 0.175488740 0.128692597 0.982316613 0.127510250 -0.047259115 7.016182423 7.309141159 -15.115865707 0.000000000 0.000000000 -12.000000000 0.001385691 0.371183515
1776612771.254529476 0.611057639 0.247940928 0.175334781 0.128872558 0.982347906 0.127162114 -0.047056064 7.158864498 7.320537090 -15.106945038 0.000000000 0.000000000 -12.000000000 0.001307981 0.371420830
1776612771.260477543 0.611459434 0.246934563 0.175194532 0.129082903 0.982377529 0.126810163 -0.046810172 7.293226242 7.333863258 -15.098812103 0.000000000 0.000000000 -12.000000000 0.001228715 0.371666253
1776612771.264532328 0.611878693 0.245918006 0.175067455 0.129329428 0.982404590 0.126451612 -0.046530213 7.418831825 7.349140644 -15.091392517 0.000000000 0.000000000 -12.000000000 0.001148429 0.371920049
1776612771.269725800 0.612307668 0.244903713 0.174950361 0.129594117 0.982427180 0.126113161 -0.046234518 7.535317421 7.366361141 -15.084597588 0.000000000 0.000000000 -12.000000000 0.001066013 0.372182727
1776612771.274513006 0.612701237 0.243908405 0.174820513 0.129850134 0.982448697 0.125778705 -0.045969412 7.642394543 7.385490417 -15.078324318 0.000000000 0.000000000 -12.000000000 0.000986872 0.372452259
1776612771.279517651 0.613095224 0.242919743 0.174689621 0.130139425 0.982464254 0.125455290 -0.045702346 7.739848137 7.406465530 -15.072453499 0.000000000 0.000000000 -12.000000000 0.000908761 0.372729272
1776612771.284567356 0.613525152 0.241958544 0.174571276 0.130467877 0.982470393 0.125178322 -0.045391686 7.827532291 7.429196358 -15.066855431 0.000000000 0.000000000 -12.000000000 0.000829737 0.373015523
1776612771.289562464 0.613949478 0.241022378 0.174452543 0.130809024 0.982470334 0.124935910 -0.045078848 7.905367374 7.453565121 -15.061385155 0.000000000 0.000000000 -12.000000000 0.000753203 0.373309284
1776612771.294568062 0.614344716 0.240141854 0.174352318 0.131186843 0.982453942 0.124766886 -0.044805482 7.973340034 7.479422092 -15.055890083 0.000000000 0.000000000 -12.000000000 0.000679188 0.373610198
1776612771.299616337 0.614725947 0.239282876 0.174258888 0.131580845 0.982432246 0.124617159 -0.044540685 8.031496048 7.506589413 -15.050202370 0.000000000 0.000000000 -12.000000000 0.000607967 0.373918474
1776612771.304525375 0.615098298 0.238408118 0.174172759 0.132027388 0.982400596 0.124481402 -0.044296440 8.079933167 7.534858704 -15.044152260 0.000000000 0.000000000 -12.000000000 0.000536248 0.374234736
1776612771.309514046 0.615469038 0.237571284 0.174103290 0.132478297 0.982361197 0.124397986 -0.044058580 8.118793488 7.563995361 -15.037560463 0.000000000 0.000000000 -12.000000000 0.000463187 0.374559581
1776612771.314574480 0.615736961 0.236731082 0.174010664 0.132910743 0.982319891 0.124304093 -0.043940883 8.148255348 7.593743324 -15.030243874 0.000000000 0.000000000 -12.000000000 0.000389937 0.374890506
1776612771.319621801 0.615920365 0.235890195 0.173894018 0.133323103 0.982280076 0.124188595 -0.043908838 8.168523788 7.623829842 -15.022013664 0.000000000 0.000000000 -12.000000000 0.000318615 0.375226021
1776612771.324896574 0.616098106 0.235015631 0.173782080 0.133708864 0.982248306 0.124039769 -0.043867767 8.179821968 7.653978825 -15.012681961 0.000000000 0.000000000 -12.000000000 0.000245624 0.375567138
1776612771.329578876 0.616252244 0.234138280 0.173674643 0.134053722 0.982223272 0.123876929 -0.043835130 8.182387352 7.683916092 -15.002056122 0.000000000 0.000000000 -12.000000000 0.000172773 0.375914007
1776612771.334711552 0.616386771 0.233267158 0.173563093 0.134340435 0.982208371 0.123699486 -0.043792553 8.176462173 7.713380337 -14.989947319 0.000000000 0.000000000 -12.000000000 0.000099587 0.376266092
1776612771.339540005 0.616481185 0.232391596 0.173438787 0.134582713 0.982202530 0.123491243 -0.043766927 8.162298203 7.742125511 -14.976164818 0.000000000 0.000000000 -12.000000000 0.000025721 0.376623422
1776612771.344741821 0.616533995 0.231477708 0.173279881 0.134794101 0.982206643 0.123228334 -0.043765347 8.140154839 7.769929409 -14.960518837 0.000000000 0.000000000 -12.000000000 -0.000045892 0.376985580
1776612771.349675417 0.616575360 0.230547369 0.173101544 0.134960830 0.982222140 0.122928381 -0.043747887 8.110303879 7.796593189 -14.942828178 0.000000000 0.000000000 -12.000000000 -0.000118779 0.377352327
1776612771.354555845 0.616609871 0.229596376 0.172923207 0.135102302 0.982245505 0.122597247 -0.043715950 8.073024750 7.821945190 -14.922918320 0.000000000 0.000000000 -12.000000000 -0.000192260 0.377724111
1776612771.359589815 0.616628170 0.228624955 0.172735989 0.135222271 0.982275307 0.122237466 -0.043682631 8.028607368 7.845842361 -14.900629997 0.000000000 0.000000000 -12.000000000 -0.000265787 0.378100663
1776612771.365008116 0.616628051 0.227649540 0.172549903 0.135334104 0.982308149 0.121860705 -0.043650493 7.977349281 7.868171215 -14.875822067 0.000000000 0.000000000 -12.000000000 -0.000339383 0.378482550
1776612771.369721174 0.616598845 0.226655006 0.172365695 0.135435328 0.982345402 0.121454425 -0.043631010 7.919558048 7.888849258 -14.848375320 0.000000000 0.000000000 -12.000000000 -0.000415022 0.378869504
1776612771.374997616 0.616562724 0.225666761 0.172198832 0.135520309 0.982386947 0.121036753 -0.043592274 7.855545521 7.907824516 -14.818196297 0.000000000 0.000000000 -12.000000000 -0.000488423 0.379262090
1776612771.379606962 0.616527677 0.224676117 0.172037959 0.135629907 0.982425809 0.120617144 -0.043538619 7.785629749 7.925071716 -14.785218239 0.000000000 0.000000000 -12.000000000 -0.000561775 0.379660040
1776612771.385090113 0.616480052 0.223711550 0.171878457 0.135723740 0.982466459 0.120201781 -0.043476615 7.710136414 7.940590382 -14.749404907 0.000000000 0.000000000 -12.000000000 -0.000632060 0.380063236
1776612771.390084267 0.616427064 0.222758651 0.171711832 0.135833934 0.982505441 0.119784892 -0.043402281 7.629397869 7.954400539 -14.710745811 0.000000000 0.000000000 -12.000000000 -0.000698533 0.380470902
1776612771.394648790 0.616390109 0.221819222 0.171551526 0.135991901 0.982537448 0.119381078 -0.043296274 7.543753624 7.966537476 -14.669265747 0.000000000 0.000000000 -12.000000000 -0.000763583 0.380884230
1776612771.399783373 0.616329372 0.220914543 0.171407431 0.136148155 0.982567847 0.118988857 -0.043194685 7.453549385 7.977049351 -14.625018120 0.000000000 0.000000000 -12.000000000 -0.000825393 0.381302267
1776612771.404556513 0.616280258 0.220018953 0.171292752 0.136308327 0.982596517 0.118617699 -0.043057464 7.359136105 7.985993385 -14.578090668 0.000000000 0.000000000 -12.000000000 -0.000885731 0.381725639
1776612771.409567356 0.616237521 0.219138518 0.171184510 0.136502147 0.982619166 0.118263908 -0.042900063 7.260871410 7.993435383 -14.528599739 0.000000000 0.000000000 -12.000000000 -0.000945596 0.382155210
1776612771.414696932 0.616135120 0.218276143 0.171068281 0.136713132 0.982638478 0.117898040 -0.042792138 7.159115314 7.999446869 -14.476690292 0.000000000 0.000000000 -12.000000000 -0.000999173 0.382589310
1776612771.419904470 0.616015613 0.217426479 0.170965284 0.136925176 0.982656598 0.117539018 -0.042685911 7.054227829 8.004102707 -14.422533035 0.000000000 0.000000000 -12.000000000 -0.001051019 0.383027762
1776612771.424609900 0.615859687 0.216593325 0.170855731 0.137103215 0.982679844 0.117168948 -0.042596206 6.946560860 8.007483482 -14.366318703 0.000000000 0.000000000 -12.000000000 -0.001101533 0.383470297
1776612771.429701090 0.615661979 0.215768218 0.170733511 0.137248993 0.982708335 0.116780177 -0.042537052 6.836456776 8.009672165 -14.308260918 0.000000000 0.000000000 -12.000000000 -0.001148722 0.383916050
1776612771.434555531 0.615437806 0.214938939 0.170620203 0.137386918 0.982738495 0.116380997 -0.042488754 6.724237919 8.010753632 -14.248584747 0.000000000 0.000000000 -12.000000000 -0.001195853 0.384364396
1776612771.439543962 0.615166605 0.214137942 0.170527101 0.137503996 0.982771397 0.115972616 -0.042466424 6.610208988 8.010814667 -14.187529564 0.000000000 0.000000000 -12.000000000 -0.001239802 0.384814918
1776612771.444590807 0.614858806 0.213354647 0.170452625 0.137595847 0.982808471 0.115552552 -0.042455520 6.494649887 8.009942055 -14.125341415 0.000000000 0.000000000 -12.000000000 -0.001281584 0.385266662
1776612771.449609518 0.614514828 0.212575302 0.170364887 0.137664631 0.982849002 0.115121618 -0.042465515 6.377816677 8.008222580 -14.062271118 0.000000000 0.000000000 -12.000000000 -0.001324017 0.385720074
1776612771.454595089 0.614104986 0.211805075 0.170258015 0.137685463 0.982896626 0.114665948 -0.042527605 6.259937763 8.005743980 -13.998567581 0.000000000 0.000000000 -12.000000000 -0.001366136 0.386174232
1776612771.460103035 0.613657713 0.211035445 0.170137107 0.137681425 0.982949376 0.114186272 -0.042612467 6.141215801 8.002588272 -13.934473991 0.000000000 0.000000000 -12.000000000 -0.001406603 0.386629254
1776612771.464625835 0.613178790 0.210248142 0.170007437 0.137673125 0.983004868 0.113679215 -0.042714581 6.021822453 7.998836517 -13.870227814 0.000000000 0.000000000 -12.000000000 -0.001446765 0.387085080
1776612771.469769239 0.612690508 0.209467828 0.169901192 0.137671947 0.983060479 0.113164596 -0.042805433 5.901901722 7.994564533 -13.806052208 0.000000000 0.000000000 -12.000000000 -0.001488297 0.387541771
1776612771.474545002 0.612191498 0.208709836 0.169818461 0.137657613 0.983118296 0.112649173 -0.042882875 5.781567097 7.989844322 -13.742160797 0.000000000 0.000000000 -12.000000000 -0.001529940 0.387999326
1776612771.479651690 0.611669898 0.207960337 0.169749051 0.137622535 0.983180165 0.112122282 -0.042958617 5.660907745 7.984741211 -13.678750992 0.000000000 0.000000000 -12.000000000 -0.001570165 0.388457239
1776612771.484700680 0.611115158 0.207208902 0.169670820 0.137586087 0.983242989 0.111578383 -0.043052979 5.539991379 7.979312897 -13.616003990 0.000000000 0.000000000 -12.000000000 -0.001610038 0.388915986
1776612771.490236521 0.610542536 0.206474081 0.169583887 0.137553722 0.983305573 0.111027129 -0.043152519 5.418868065 7.973606110 -13.554077148 0.000000000 0.000000000 -12.000000000 -0.001648530 0.389374554
1776612771.495025396 0.609949052 0.205760539 0.169484645 0.137527406 0.983367503 0.110470079 -0.043254122 5.297574997 7.967655182 -13.493109703 0.000000000 0.000000000 -12.000000000 -0.001686251 0.389832586
1776612771.500098467 0.609344244 0.205062360 0.169372886 0.137513682 0.983428121 0.109907143 -0.043353610 5.176137924 7.961479664 -13.433209419 0.000000000 0.000000000 -12.000000000 -0.001723859 0.390291154
1776612771.505201340 0.608713686 0.204380989 0.169251889 0.137515992 0.983486235 0.109341092 -0.043459002 5.054575920 7.955083847 -13.374458313 0.000000000 0.000000000 -12.000000000 -0.001760477 0.390748292
1776612771.510205984 0.607496381 0.203053311 0.169033825 0.137567043 0.983598173 0.108221017 -0.043567296 4.932906628 7.948452473 -13.316909790 0.000000000 0.000000000 -12.000000000 -0.001797545 0.391206443
1776612771.515109539 0.606932402 0.202422068 0.168968409 0.137582764 0.983655691 0.107688643 -0.043539107 4.811147213 7.941553116 -13.260584831 0.000000000 0.000000000 -12.000000000 -0.001835665 0.391665757
1776612771.520078659 0.606932402 0.202422068 0.168968409 0.137582764 0.983655691 0.107688643 -0.043539107 4.689319611 7.934334755 -13.205480576 0.000000000 0.000000000 -12.000000000 -0.001872880 0.392125070
1776612771.525077105 0.606395602 0.201816559 0.168932140 0.137583092 0.983716130 0.107171863 -0.043447256 4.567451477 7.926729202 -13.151563644 0.000000000 0.000000000 -12.000000000 -0.001910323 0.392584890
1776612771.529755116 0.605829239 0.201217592 0.168890446 0.137560993 0.983781219 0.106635578 -0.043362454 4.445575714 7.918655396 -13.098780632 0.000000000 0.000000000 -12.000000000 -0.001947216 0.393045247
1776612771.535074711 0.605237544 0.200639486 0.168847144 0.137524903 0.983847558 0.106100276 -0.043285377 4.323732376 7.910017967 -13.047051430 0.000000000 0.000000000 -12.000000000 -0.001981819 0.393503964
1776612771.539715290 0.604640245 0.200080097 0.168795437 0.137477830 0.983915389 0.105566368 -0.043198448 4.201972008 7.900708675 -12.996271133 0.000000000 0.000000000 -12.000000000 -0.002014920 0.393962294
1776612771.544607878 0.604034424 0.199533150 0.168721616 0.137417465 0.983986020 0.105026223 -0.043098692 4.080352306 7.890608311 -12.946315765 0.000000000 0.000000000 -12.000000000 -0.002045888 0.394419879
1776612771.549536705 0.603403151 0.199001327 0.168624729 0.137350217 0.984056771 0.104484722 -0.043013785 3.958944082 7.879585266 -12.897037506 0.000000000 0.000000000 -12.000000000 -0.002076217 0.394877493
1776612771.555095911 0.602798104 0.198493361 0.168552369 0.137274534 0.984128237 0.103964761 -0.042880036 3.837825060 7.867501259 -12.848269463 0.000000000 0.000000000 -12.000000000 -0.002102896 0.395334721
1776612771.559970856 0.602174103 0.197999507 0.168488026 0.137190104 0.984199643 0.103448361 -0.042759277 3.717079878 7.854211807 -12.799830437 0.000000000 0.000000000 -12.000000000 -0.002128612 0.395791680
1776612771.565038204 0.600915074 0.197060972 0.168413460 0.137004569 0.984340429 0.102457397 -0.042499281 3.596791267 7.839573383 -12.751525879 0.000000000 0.000000000 -12.000000000 -0.002152755 0.396248281
1776612771.569583178 0.600915074 0.197060972 0.168413460 0.137004569 0.984340429 0.102457397 -0.042499281 3.477035284 7.823444843 -12.703151703 0.000000000 0.000000000 -12.000000000 -0.002176217 0.396704882
1776612771.574553013 0.600196958 0.196597159 0.168375075 0.136895090 0.984410763 0.101943575 -0.042457581 3.357876539 7.805694580 -12.654497147 0.000000000 0.000000000 -12.000000000 -0.002198104 0.397160619
1776612771.580476284 0.599389613 0.196132958 0.168307036 0.136771783 0.984482348 0.101391591 -0.042518031 3.239364386 7.786201000 -12.605344772 0.000000000 0.000000000 -12.000000000 -0.002219167 0.397615433
1776612771.584836006 0.598485172 0.195671260 0.168225080 0.136635557 0.984554172 0.100807086 -0.042682271 3.121530294 7.764860153 -12.555475235 0.000000000 0.000000000 -12.000000000 -0.002238513 0.398070276
1776612771.589658260 0.597522557 0.195219561 0.168148249 0.136486635 0.984626472 0.100201681 -0.042915333 3.004384995 7.741583824 -12.504666328 0.000000000 0.000000000 -12.000000000 -0.002257947 0.398524940
1776612771.594561815 0.596543789 0.194774598 0.168110698 0.136334077 0.984699070 0.099587627 -0.043162636 2.887917042 7.716304779 -12.452693939 0.000000000 0.000000000 -12.000000000 -0.002276517 0.398978710
1776612771.599671125 0.595550895 0.194337249 0.168103427 0.136188924 0.984770358 0.098966286 -0.043423560 2.772093296 7.688972473 -12.399342537 0.000000000 0.000000000 -12.000000000 -0.002294807 0.399431854
1776612771.604568005 0.594488263 0.193887591 0.168087333 0.136042371 0.984841943 0.098309912 -0.043749209 2.656860828 7.659554958 -12.344399452 0.000000000 0.000000000 -12.000000000 -0.002311312 0.399884462
1776612771.609831095 0.593356609 0.193429440 0.168055177 0.135883331 0.984914660 0.097622126 -0.044144303 2.542154551 7.628031254 -12.287658691 0.000000000 0.000000000 -12.000000000 -0.002326489 0.400336385
1776612771.614574671 0.592262506 0.192967564 0.168035507 0.135715470 0.984991014 0.096930221 -0.044480789 2.427904129 7.594391823 -12.228924751 0.000000000 0.000000000 -12.000000000 -0.002341743 0.400788873
1776612771.620072126 0.591115952 0.192494005 0.167976946 0.135563403 0.985064864 0.096209921 -0.044870794 2.314046860 7.558632374 -12.168005943 0.000000000 0.000000000 -12.000000000 -0.002356280 0.401242912
1776612771.624882936 0.589939177 0.192026138 0.167884499 0.135429561 0.985135674 0.095476270 -0.045285460 2.200539351 7.520747662 -12.104720116 0.000000000 0.000000000 -12.000000000 -0.002371441 0.401697904
1776612771.629601479 0.588825285 0.191585913 0.167817384 0.135305524 0.985206187 0.094761387 -0.045622438 2.087366104 7.480733395 -12.038888931 0.000000000 0.000000000 -12.000000000 -0.002386997 0.402154535
1776612771.635015011 0.587802052 0.191171750 0.167778432 0.135174736 0.985278666 0.094082758 -0.045849219 1.974546194 7.438581944 -11.970348358 0.000000000 0.000000000 -12.000000000 -0.002402796 0.402613401
1776612771.639570475 0.585907757 0.190393329 0.167724520 0.134902269 0.985429645 0.092776254 -0.046069559 1.862138152 7.394283295 -11.898943901 0.000000000 0.000000000 -12.000000000 -0.002421358 0.403076798
1776612771.645101547 0.585907757 0.190393329 0.167724520 0.134902269 0.985429645 0.092776254 -0.046069559 1.750244260 7.347822666 -11.824538231 0.000000000 0.000000000 -12.000000000 -0.002438546 0.403540194
1776612771.649690866 0.585036397 0.190053672 0.167726755 0.134781301 0.985502958 0.092172489 -0.046066303 1.639016986 7.299177170 -11.747006416 0.000000000 0.000000000 -12.000000000 -0.002455134 0.404005289
1776612771.655043364 0.584196746 0.189758614 0.167711616 0.134663150 0.985575080 0.091599137 -0.046013534 1.528664947 7.248312473 -11.666239738 0.000000000 0.000000000 -12.000000000 -0.002471091 0.404471934
1776612771.659933090 0.583438218 0.189496979 0.167680085 0.134536266 0.985648692 0.091071978 -0.045853142 1.419456244 7.195178986 -11.582140923 0.000000000 0.000000000 -12.000000000 -0.002485488 0.404940397
1776612771.665014267 0.582874656 0.189300030 0.167676389 0.134447500 0.985716820 0.090656996 -0.045470405 1.311716080 7.139709473 -11.494629860 0.000000000 0.000000000 -12.000000000 -0.002497890 0.405410856
1776612771.669602633 0.582455456 0.189149112 0.167698681 0.134407893 0.985778570 0.090321891 -0.044912558 1.205822468 7.081816673 -11.403638840 0.000000000 0.000000000 -12.000000000 -0.002508860 0.405883282
1776612771.675506115 0.582116425 0.189059705 0.167702585 0.134419709 0.985830128 0.090068281 -0.044249035 1.102199435 7.021395206 -11.309112549 0.000000000 0.000000000 -12.000000000 -0.002518059 0.406356782
1776612771.679701090 0.581863463 0.189039499 0.167716235 0.134447083 0.985875368 0.089910552 -0.043471582 1.001308560 6.958318233 -11.211008072 0.000000000 0.000000000 -12.000000000 -0.002525372 0.406830400
1776612771.685101748 0.581690073 0.189074486 0.167751700 0.134500548 0.985913575 0.089830473 -0.042597562 0.903639257 6.892440796 -11.109297752 0.000000000 0.000000000 -12.000000000 -0.002530783 0.407303393
1776612771.690021276 0.581558168 0.189149529 0.167767882 0.134605423 0.985941172 0.089804098 -0.041673128 0.809696198 6.823600769 -11.003968239 0.000000000 0.000000000 -12.000000000 -0.002533839 0.407775104
1776612771.695111275 0.581421673 0.189480275 0.167850733 0.134774342 0.985989034 0.089937605 -0.039658125 0.719985962 6.751626492 -10.895025253 0.000000000 0.000000000 -12.000000000 -0.002534909 0.408242524
1776612771.700020552 0.581448734 0.189732477 0.167954206 0.134843931 0.986009896 0.090094775 -0.038529072 0.635001540 6.676342964 -10.782489777 0.000000000 0.000000000 -12.000000000 -0.002534056 0.408704966
1776612771.704944849 0.581448734 0.189732477 0.167954206 0.134843931 0.986009896 0.090094775 -0.038529072 0.555208683 6.597579002 -10.666403770 0.000000000 0.000000000 -12.000000000 -0.002531037 0.409167409
1776612771.709607363 0.581460357 0.189988375 0.168049604 0.134922877 0.986027300 0.090260558 -0.037403449 0.481033385 6.515173435 -10.546827316 0.000000000 0.000000000 -12.000000000 -0.002526676 0.409625590
1776612771.715115786 0.581411064 0.190224141 0.168132126 0.134995684 0.986043215 0.090410598 -0.036344107 0.412852138 6.428979874 -10.423842430 0.000000000 0.000000000 -12.000000000 -0.002519901 0.410080045
1776612771.720304012 0.581111968 0.190757394 0.168241382 0.135056078 0.986077666 0.090686612 -0.034447469 0.350982517 6.338871956 -10.297548294 0.000000000 0.000000000 -12.000000000 -0.002511021 0.410523832
1776612771.725079536 0.581111968 0.190757394 0.168241382 0.135056078 0.986077666 0.090686612 -0.034447469 0.295674294 6.244750500 -10.168062210 0.000000000 0.000000000 -12.000000000 -0.002499708 0.410967618
1776612771.729665756 0.580871820 0.191018671 0.168262750 0.135075331 0.986093283 0.090803035 -0.033608761 0.247100398 6.146547318 -10.035517693 0.000000000 0.000000000 -12.000000000 -0.002485408 0.411406875
1776612771.735011339 0.580671072 0.191295713 0.168319672 0.135072261 0.986110508 0.090940841 -0.032730885 0.205349177 6.044230938 -9.900062561 0.000000000 0.000000000 -12.000000000 -0.002468711 0.411840886
1776612771.740122080 0.580493510 0.191598028 0.168398649 0.135048777 0.986129224 0.091097184 -0.031816375 0.170420006 5.937809944 -9.761860847 0.000000000 0.000000000 -12.000000000 -0.002449423 0.412269950
1776612771.745025396 0.580232561 0.191902876 0.168452591 0.135016114 0.986147761 0.091231205 -0.030986063 0.142222956 5.827333927 -9.621091843 0.000000000 0.000000000 -12.000000000 -0.002427145 0.412693858
1776612771.750162840 0.579898357 0.192209288 0.168515712 0.134981796 0.986164808 0.091349438 -0.030234877 0.120582536 5.712895393 -9.477947235 0.000000000 0.000000000 -12.000000000 -0.002402398 0.413111180
1776612771.755021095 0.579023182 0.192872822 0.168610543 0.134844244 0.986204088 0.091541521 -0.028959632 0.105243944 5.594626427 -9.332630157 0.000000000 0.000000000 -12.000000000 -0.002375723 0.413513988
1776612771.760015488 0.579023182 0.192872822 0.168610543 0.134844244 0.986204088 0.091541521 -0.028959632 0.095880210 5.472702026 -9.185353279 0.000000000 0.000000000 -12.000000000 -0.002346263 0.413916796
1776612771.764991045 0.578515053 0.193218738 0.168649197 0.134775147 0.986221790 0.091623120 -0.028416023 0.092099421 5.347336769 -9.036339760 0.000000000 0.000000000 -12.000000000 -0.002314223 0.414312720
1776612771.770038128 0.578088224 0.193587020 0.168729335 0.134716019 0.986237168 0.091736756 -0.027788948 0.093452498 5.218787670 -8.885818481 0.000000000 0.000000000 -12.000000000 -0.002279573 0.414702535
1776612771.774974585 0.577595770 0.193976164 0.168793529 0.134639576 0.986253560 0.091840073 -0.027230198 0.099441394 5.087350368 -8.734031677 0.000000000 0.000000000 -12.000000000 -0.002243698 0.415084392
1776612771.780024052 0.577001333 0.194362387 0.168830961 0.134569302 0.986267805 0.091919869 -0.026788224 0.109527022 4.953357697 -8.581225395 0.000000000 0.000000000 -12.000000000 -0.002205347 0.415459156
1776612771.785038471 0.575643718 0.195189655 0.168919206 0.134450316 0.986288369 0.092065141 -0.026121747 0.123136707 4.817174911 -8.427650452 0.000000000 0.000000000 -12.000000000 -0.002163603 0.415820211
1776612771.789674997 0.575643718 0.195189655 0.168919206 0.134450316 0.986288369 0.092065141 -0.026121747 0.139671102 4.679191589 -8.273556709 0.000000000 0.000000000 -12.000000000 -0.002118870 0.416181266
1776612771.794545174 0.574894607 0.195626825 0.168948084 0.134396449 0.986295462 0.092133977 -0.025888838 0.158511281 4.539821148 -8.119191170 0.000000000 0.000000000 -12.000000000 -0.002071204 0.416535854
1776612771.799948215 0.574183047 0.196129978 0.169028223 0.134354025 0.986296654 0.092255287 -0.025630033 0.179026946 4.399492264 -7.964794636 0.000000000 0.000000000 -12.000000000 -0.002020769 0.416882694
1776612771.805217743 0.573478699 0.196662948 0.169146836 0.134309083 0.986295462 0.092404120 -0.025373846 0.200586095 4.258646488 -7.810605526 0.000000000 0.000000000 -12.000000000 -0.001967080 0.417223215
1776612771.809567451 0.572736323 0.197185308 0.169245064 0.134279400 0.986291945 0.092541844 -0.025165070 0.222565502 4.117731094 -7.656856537 0.000000000 0.000000000 -12.000000000 -0.001909914 0.417558193
1776612771.814883709 0.571919441 0.197721034 0.169334322 0.134253025 0.986287534 0.092660241 -0.025041159 0.244361401 3.977193832 -7.503773212 0.000000000 0.000000000 -12.000000000 -0.001848685 0.417888731
1776612771.819596291 0.571092427 0.198272079 0.169423610 0.134211361 0.986284435 0.092779815 -0.024945643 0.265399575 3.837476492 -7.351568699 0.000000000 0.000000000 -12.000000000 -0.001784272 0.418213099
1776612771.824544907 0.570226848 0.198835135 0.169486433 0.134171560 0.986280501 0.092890553 -0.024901081 0.285144806 3.699014187 -7.200442314 0.000000000 0.000000000 -12.000000000 -0.001716203 0.418532789
1776612771.829669476 0.569410443 0.199411288 0.169551075 0.134129509 0.986276925 0.093013480 -0.024811894 0.303109080 3.562228441 -7.050578117 0.000000000 0.000000000 -12.000000000 -0.001645318 0.418846637
1776612771.834701300 0.568698227 0.200004742 0.169655591 0.134070590 0.986275911 0.093164071 -0.024604702 0.318860799 3.427525759 -6.902143955 0.000000000 0.000000000 -12.000000000 -0.001570917 0.419156522
1776612771.839574099 0.568116844 0.200591654 0.169790655 0.134043559 0.986271977 0.093337610 -0.024248570 0.332036316 3.295289993 -6.755291939 0.000000000 0.000000000 -12.000000000 -0.001491706 0.419463813
1776612771.845166445 0.567567289 0.201175869 0.169906765 0.134000868 0.986271858 0.093506165 -0.023836372 0.342353255 3.165878773 -6.610157490 0.000000000 0.000000000 -12.000000000 -0.001409862 0.419765979
1776612771.849962234 0.567040741 0.201780960 0.170004904 0.133957461 0.986272514 0.093676358 -0.023380613 0.349622428 3.039618969 -6.466854572 0.000000000 0.000000000 -12.000000000 -0.001324630 0.420063257
1776612771.854610920 0.566582739 0.202412918 0.170110255 0.133894965 0.986275554 0.093867086 -0.022838606 0.353755534 2.916802168 -6.325478077 0.000000000 0.000000000 -12.000000000 -0.001236764 0.420354217
1776612771.859584808 0.566203296 0.203054935 0.170209825 0.133829296 0.986279845 0.094069578 -0.022195619 0.354767650 2.797684193 -6.186099529 0.000000000 0.000000000 -12.000000000 -0.001146228 0.420638800
1776612771.864589453 0.565839708 0.203665122 0.170272589 0.133761585 0.986288548 0.094230324 -0.021526411 0.352772951 2.682483912 -6.048769474 0.000000000 0.000000000 -12.000000000 -0.001052517 0.420918316
1776612771.869901180 0.565563560 0.204265803 0.170355409 0.133683696 0.986300588 0.094387479 -0.020755731 0.347973228 2.571385860 -5.913520336 0.000000000 0.000000000 -12.000000000 -0.000956144 0.421192646
1776612771.874669075 0.565379322 0.204875350 0.170462281 0.133592322 0.986314714 0.094557792 -0.019878455 0.340641379 2.464547634 -5.780364037 0.000000000 0.000000000 -12.000000000 -0.000857177 0.421461672
1776612771.879732847 0.565230727 0.205486730 0.170576334 0.133467928 0.986334801 0.094715826 -0.018942745 0.331104666 2.362104177 -5.649300098 0.000000000 0.000000000 -12.000000000 -0.000755330 0.421725571
1776612771.884869576 0.565098226 0.206056446 0.170679033 0.133344933 0.986358166 0.094832331 -0.017985983 0.319729865 2.264173031 -5.520313740 0.000000000 0.000000000 -12.000000000 -0.000651086 0.421984941
1776612771.889625788 0.564757288 0.207069039 0.170813650 0.133036554 0.986426651 0.094882905 -0.016153835 0.306909442 2.170857668 -5.393382549 0.000000000 0.000000000 -12.000000000 -0.000544197 0.422236294
1776612771.894573927 0.564757288 0.207069039 0.170813650 0.133036554 0.986426651 0.094882905 -0.016153835 0.293048739 2.082251549 -5.268476963 0.000000000 0.000000000 -12.000000000 -0.000435146 0.422487438
1776612771.899534464 0.564540327 0.207522482 0.170841247 0.132847175 0.986472011 0.094819546 -0.015292100 0.278553367 1.998440742 -5.145560741 0.000000000 0.000000000 -12.000000000 -0.000323818 0.422735155
1776612771.904531479 0.564269722 0.207955956 0.170831352 0.132623211 0.986525834 0.094698541 -0.014493688 0.263817519 1.919507861 -5.024596691 0.000000000 0.000000000 -12.000000000 -0.000210319 0.422979444
1776612771.909879684 0.564005017 0.208396465 0.170841098 0.132375866 0.986584127 0.094557382 -0.013686452 0.249213800 1.845533490 -4.905548096 0.000000000 0.000000000 -12.000000000 -0.000094780 0.423219472
1776612771.914950848 0.563760340 0.208814606 0.170874625 0.132099211 0.986649334 0.094379313 -0.012859968 0.235084936 1.776595592 -4.788385868 0.000000000 0.000000000 -12.000000000 0.000022836 0.423455864
1776612771.920053482 0.563526213 0.209205300 0.170926958 0.131823301 0.986716986 0.094169036 -0.012017710 0.221737877 1.712766767 -4.673089504 0.000000000 0.000000000 -12.000000000 0.000142490 0.423688978
1776612771.924996376 0.563251019 0.209571943 0.170964926 0.131543845 0.986787856 0.093914047 -0.011227679 0.209439948 1.654112220 -4.559649467 0.000000000 0.000000000 -12.000000000 0.000264085 0.423919201
1776612771.930011034 0.562521696 0.210245609 0.170973599 0.131017432 0.986932516 0.093279667 -0.009875173 0.198416814 1.600687623 -4.448063850 0.000000000 0.000000000 -12.000000000 0.000387676 0.424145162
1776612771.935082912 0.562521696 0.210245609 0.170973599 0.131017432 0.986932516 0.093279667 -0.009875173 0.188851878 1.552538037 -4.338341236 0.000000000 0.000000000 -12.000000000 0.000513129 0.424370974
1776612771.940003395 0.562078059 0.210561842 0.170939922 0.130772144 0.987005532 0.092909977 -0.009301124 0.180886015 1.509694576 -4.230497360 0.000000000 0.000000000 -12.000000000 0.000640397 0.424594849
1776612771.944922686 0.561584294 0.210874170 0.170885861 0.130542994 0.987078071 0.092509970 -0.008795301 0.174618170 1.472170949 -4.124557972 0.000000000 0.000000000 -12.000000000 0.000769650 0.424817175
1776612771.949879885 0.561065197 0.211186558 0.170832604 0.130322710 0.987150073 0.092095457 -0.008315731 0.170107543 1.439958692 -4.020558357 0.000000000 0.000000000 -12.000000000 0.000900714 0.425038218
1776612771.954547167 0.560566485 0.211501956 0.170804948 0.130115584 0.987220705 0.091673344 -0.007823461 0.167377144 1.413024783 -3.918546200 0.000000000 0.000000000 -12.000000000 0.001033503 0.425258040
1776612771.959579229 0.560102463 0.211827412 0.170803994 0.129924640 0.987287939 0.091262802 -0.007294871 0.166417137 1.391309381 -3.818580151 0.000000000 0.000000000 -12.000000000 0.001167962 0.425476670
1776612771.964792252 0.559648275 0.212163031 0.170814633 0.129736364 0.987354398 0.090851456 -0.006762648 0.167187452 1.374724984 -3.720731020 0.000000000 0.000000000 -12.000000000 0.001303895 0.425693423
1776612771.969601393 0.559168160 0.212493420 0.170811385 0.129560605 0.987420082 0.090423226 -0.006263178 0.169620678 1.363155127 -3.625078917 0.000000000 0.000000000 -12.000000000 0.001441507 0.425909042
1776612771.974785805 0.558666348 0.212816477 0.170787692 0.129397690 0.987484515 0.089983068 -0.005801903 0.173624590 1.356454611 -3.531709909 0.000000000 0.000000000 -12.000000000 0.001580569 0.426124066
1776612771.979816675 0.558157384 0.213120475 0.170757711 0.129235834 0.987550080 0.089522325 -0.005354441 0.179084152 1.354449391 -3.440713167 0.000000000 0.000000000 -12.000000000 0.001720754 0.426338673
1776612771.984661579 0.557684600 0.213424444 0.170738280 0.129079923 0.987613976 0.089068554 -0.004875800 0.185862765 1.356937766 -3.352177143 0.000000000 0.000000000 -12.000000000 0.001862263 0.426552981
1776612771.989567280 0.557223618 0.213726148 0.170731097 0.128911704 0.987679541 0.088609740 -0.004387991 0.193803862 1.363691688 -3.266188622 0.000000000 0.000000000 -12.000000000 0.002005181 0.426767915
1776612771.994703531 0.556751192 0.214032471 0.170705497 0.128734037 0.987746358 0.088143475 -0.003920562 0.202732965 1.374458432 -3.182829380 0.000000000 0.000000000 -12.000000000 0.002149462 0.426983386
1776612771.999477386 0.556283474 0.214344531 0.170687586 0.128539667 0.987814784 0.087678507 -0.003453978 0.212460607 1.388962746 -3.102176666 0.000000000 0.000000000 -12.000000000 0.002295045 0.427199394
1776612772.004582882 0.555858254 0.214661956 0.170679629 0.128332704 0.987884164 0.087217733 -0.002948439 0.222785652 1.406908870 -3.024301529 0.000000000 0.000000000 -12.000000000 0.002441888 0.427415669
1776612772.009665251 0.555417597 0.214986712 0.170662850 0.128110498 0.987955570 0.086748786 -0.002466271 0.233498126 1.427984118 -2.949269295 0.000000000 0.000000000 -12.000000000 0.002589897 0.427631944
1776612772.014532566 0.554999828 0.215324521 0.170661867 0.127874464 0.988027990 0.086284310 -0.001959851 0.244381994 1.451861978 -2.877140045 0.000000000 0.000000000 -12.000000000 0.002738852 0.427847624
1776612772.019637346 0.554589272 0.215684444 0.170660436 0.127623692 0.988101125 0.085826851 -0.001450844 0.255218267 1.478206038 -2.807968140 0.000000000 0.000000000 -12.000000000 0.002888280 0.428061783
1776612772.024533749 0.554169714 0.216050133 0.170655012 0.127359599 0.988176048 0.085362583 -0.000949390 0.265788555 1.506673455 -2.741803408 0.000000000 0.000000000 -12.000000000 0.003038626 0.428275108
1776612772.029592037 0.553731501 0.216401920 0.170636177 0.127101257 0.988251388 0.084877945 -0.000479470 0.275878727 1.536916971 -2.678690434 0.000000000 0.000000000 -12.000000000 0.003189913 0.428488493
1776612772.034706116 0.553285241 0.216752768 0.170617163 0.126835346 0.988328159 0.084381796 -0.000026347 0.285282046 1.568587780 -2.618669987 0.000000000 0.000000000 -12.000000000 0.003341993 0.428701907
1776612772.039545059 0.552845299 0.217110738 0.170589805 0.126574710 0.988403499 0.083887741 0.000423224 0.293800741 1.601338029 -2.561778545 0.000000000 0.000000000 -12.000000000 0.003494930 0.428915650
1776612772.044541359 0.552438736 0.217487633 0.170569420 0.126323134 0.988475323 0.083415732 0.000899543 0.301247537 1.634825110 -2.508050203 0.000000000 0.000000000 -12.000000000 0.003648071 0.429128498
1776612772.049592495 0.552037418 0.217879176 0.170546740 0.126088783 0.988543391 0.082956314 0.001373399 0.307448536 1.668712735 -2.457514524 0.000000000 0.000000000 -12.000000000 0.003801777 0.429340988
1776612772.054580450 0.551636755 0.218281046 0.170509458 0.125865787 0.988609195 0.082500070 0.001841136 0.312247783 1.702670693 -2.410198212 0.000000000 0.000000000 -12.000000000 0.003956100 0.429553360
1776612772.059675694 0.551260471 0.218715265 0.170491546 0.125656411 0.988670349 0.082072727 0.002327235 0.315510929 1.736375451 -2.366123199 0.000000000 0.000000000 -12.000000000 0.004110638 0.429764420
1776612772.065113783 0.550929964 0.219174147 0.170483381 0.125470340 0.988725424 0.081676692 0.002852181 0.317126960 1.769512296 -2.325309038 0.000000000 0.000000000 -12.000000000 0.004265435 0.429973811
1776612772.069892645 0.550616801 0.219673350 0.170487553 0.125310898 0.988772750 0.081327505 0.003386082 0.317009598 1.801775575 -2.287772655 0.000000000 0.000000000 -12.000000000 0.004420578 0.430181235
1776612772.074904442 0.550307214 0.220204592 0.170503765 0.125182584 0.988812804 0.081014000 0.003902933 0.315097958 1.832868934 -2.253531456 0.000000000 0.000000000 -12.000000000 0.004576299 0.430386841
1776612772.079928398 0.550022602 0.220750049 0.170523763 0.125094175 0.988844991 0.080730699 0.004428308 0.311356187 1.862504244 -2.222603083 0.000000000 0.000000000 -12.000000000 0.004732866 0.430591196
1776612772.084550381 0.549713373 0.221334010 0.170531511 0.125036895 0.988869727 0.080488279 0.004905683 0.305772215 1.890402555 -2.195006847 0.000000000 0.000000000 -12.000000000 0.004889456 0.430793494
1776612772.089867830 0.549378872 0.221959606 0.170534611 0.124992177 0.988889813 0.080283031 0.005338479 0.298354208 1.916294575 -2.170763254 0.000000000 0.000000000 -12.000000000 0.005046621 0.430994213
1776612772.094608784 0.549034774 0.222617477 0.170540571 0.124976501 0.988902807 0.080120094 0.005738428 0.289126039 1.939921737 -2.149894476 0.000000000 0.000000000 -12.000000000 0.005204297 0.431193113
1776612772.099965572 0.548685133 0.223303542 0.170547307 0.124980934 0.988910079 0.079995520 0.006113216 0.278122187 1.961037040 -2.132422924 0.000000000 0.000000000 -12.000000000 0.005361829 0.431390315
1776612772.104634285 0.548346698 0.223998547 0.170573026 0.124980681 0.988916278 0.079889566 0.006487992 0.265384197 1.979406714 -2.118371964 0.000000000 0.000000000 -12.000000000 0.005519341 0.431586266
1776612772.109534264 0.547995806 0.224711910 0.170594454 0.124981828 0.988920331 0.079808988 0.006829876 0.250959516 1.994812250 -2.107764959 0.000000000 0.000000000 -12.000000000 0.005676754 0.431781381
1776612772.114852905 0.547639549 0.225446284 0.170628220 0.124973550 0.988923430 0.079755403 0.007154924 0.234902024 2.007053375 -2.100625515 0.000000000 0.000000000 -12.000000000 0.005834183 0.431975931
1776612772.119603634 0.547269285 0.226195678 0.170653760 0.124946281 0.988927960 0.079714760 0.007450279 0.217272103 2.015952110 -2.096976995 0.000000000 0.000000000 -12.000000000 0.005991482 0.432170242
1776612772.124977589 0.546906292 0.226961672 0.170681745 0.124908574 0.988932073 0.079695314 0.007735786 0.198135212 2.021354675 -2.096841812 0.000000000 0.000000000 -12.000000000 0.006148749 0.432364583
1776612772.130024433 0.546536028 0.227728993 0.170709431 0.124859393 0.988937080 0.079684332 0.008000155 0.177559152 2.023133993 -2.100240946 0.000000000 0.000000000 -12.000000000 0.006305506 0.432559282
1776612772.134694099 0.546200216 0.228509292 0.170737833 0.124795668 0.988941848 0.079694882 0.008291069 0.155611932 2.021189690 -2.107189894 0.000000000 0.000000000 -12.000000000 0.006461988 0.432754338
1776612772.139889717 0.545911193 0.229304522 0.170789838 0.124706410 0.988947511 0.079729311 0.008621657 0.132363364 2.015446663 -2.117698431 0.000000000 0.000000000 -12.000000000 0.006618462 0.432949573
1776612772.144528866 0.545911193 0.229304522 0.170789838 0.124706410 0.988947511 0.079729311 0.008621657 0.107890248 2.005854130 -2.131769657 0.000000000 0.000000000 -12.000000000 0.006774760 0.433143884
1776612772.149786711 0.545426250 0.230968922 0.170942783 0.124468379 0.988957167 0.079895280 0.009383974 0.082282811 1.992384553 -2.149400473 0.000000000 0.000000000 -12.000000000 0.006930293 0.433335960
1776612772.154550791 0.545168400 0.231841713 0.171019047 0.124327928 0.988962173 0.080010168 0.009736327 0.055649474 1.975031257 -2.170581818 0.000000000 0.000000000 -12.000000000 0.007085385 0.433527768
1776612772.159553289 0.544994593 0.232749224 0.171132803 0.124193773 0.988960683 0.080181696 0.010177145 0.028117595 1.953806520 -2.195297956 0.000000000 0.000000000 -12.000000000 0.007240015 0.433718175
1776612772.164589882 0.544817030 0.233663380 0.171238065 0.124058224 0.988958597 0.080361187 0.010609379 -0.000169941 1.928739429 -2.223526955 0.000000000 0.000000000 -12.000000000 0.007394191 0.433907837
1776612772.169559956 0.544627786 0.234573528 0.171340048 0.123937257 0.988954604 0.080541477 0.011019517 -0.029060185 1.899875164 -2.255237103 0.000000000 0.000000000 -12.000000000 0.007547745 0.434097171
1776612772.174528599 0.544532001 0.235507354 0.171480000 0.123850688 0.988940537 0.080776915 0.011521803 -0.058395486 1.867274523 -2.290385485 0.000000000 0.000000000 -12.000000000 0.007700317 0.434286118
1776612772.180060148 0.544407427 0.236456126 0.171605259 0.123789549 0.988922060 0.081030138 0.011977786 -0.088016704 1.831013441 -2.328914881 0.000000000 0.000000000 -12.000000000 0.007852548 0.434474945
1776612772.184525251 0.544242680 0.237424448 0.171711802 0.123746984 0.988901019 0.081292950 0.012367806 -0.117764719 1.791184545 -2.370752335 0.000000000 0.000000000 -12.000000000 0.008004570 0.434665591
1776612772.190233231 0.544098318 0.238413930 0.171844929 0.123726457 0.988874435 0.081585757 0.012760333 -0.147482708 1.747898221 -2.415809631 0.000000000 0.000000000 -12.000000000 0.008156327 0.434857547
1776612772.194894791 0.544016302 0.239418313 0.172019541 0.123719424 0.988842726 0.081909046 0.013208325 -0.177020416 1.701284409 -2.463986397 0.000000000 0.000000000 -12.000000000 0.008307746 0.435050398
1776612772.199521065 0.543856025 0.240429848 0.172178030 0.123717308 0.988812327 0.082222283 0.013552410 -0.206240535 1.651493669 -2.515169382 0.000000000 0.000000000 -12.000000000 0.008458717 0.435245514
1776612772.204862833 0.543703914 0.241454899 0.172343403 0.123711094 0.988781631 0.082545057 0.013882434 -0.235025287 1.598697305 -2.569232464 0.000000000 0.000000000 -12.000000000 0.008609226 0.435443133
1776612772.209927082 0.543531775 0.242478982 0.172507912 0.123695344 0.988753498 0.082856335 0.014172094 -0.263279557 1.543088078 -2.626036882 0.000000000 0.000000000 -12.000000000 0.008758975 0.435643733
1776612772.214867830 0.543308318 0.243485361 0.172647297 0.123664886 0.988730907 0.083134130 0.014382722 -0.290930480 1.484881639 -2.685431957 0.000000000 0.000000000 -12.000000000 0.008907942 0.435850888
1776612772.219930410 0.543053210 0.244485840 0.172779322 0.123613715 0.988713324 0.083390765 0.014546759 -0.317926288 1.424318552 -2.747257233 0.000000000 0.000000000 -12.000000000 0.009055227 0.436064750
1776612772.224851131 0.542754531 0.245493591 0.172912627 0.123541787 0.988700330 0.083634198 0.014641101 -0.344235390 1.361665487 -2.811346054 0.000000000 0.000000000 -12.000000000 0.009201644 0.436285526
1776612772.229936123 0.542418003 0.246483833 0.173042297 0.123444118 0.988694251 0.083844118 0.014677655 -0.369845718 1.297215104 -2.877525330 0.000000000 0.000000000 -12.000000000 0.009347153 0.436513692
1776612772.235007763 0.542064726 0.247453034 0.173172444 0.123334065 0.988692284 0.084029399 0.014676271 -0.394764751 1.231284380 -2.945616722 0.000000000 0.000000000 -12.000000000 0.009491360 0.436752617
1776612772.239837646 0.541606843 0.248389587 0.173276275 0.123214751 0.988698483 0.084154919 0.014537780 -0.419021666 1.164212465 -3.015436411 0.000000000 0.000000000 -12.000000000 0.009633797 0.437002480
1776612772.244606256 0.540500998 0.250242501 0.173424214 0.122982234 0.988719583 0.084343657 0.013965986 -0.442670763 1.096357584 -3.086796284 0.000000000 0.000000000 -12.000000000 0.009774768 0.437276125
1776612772.249912977 0.540500998 0.250242501 0.173424214 0.122982234 0.988719583 0.084343657 0.013965986 -0.465794712 1.028094649 -3.159505844 0.000000000 0.000000000 -12.000000000 0.009914712 0.437550366
1776612772.254565001 0.539251328 0.251999021 0.173532903 0.122806415 0.988745332 0.084432155 0.013130666 -0.488506496 0.959811270 -3.233377934 0.000000000 0.000000000 -12.000000000 0.010052565 0.437850028
1776612772.259991407 0.539251328 0.251999021 0.173532903 0.122806415 0.988745332 0.084432155 0.013130666 -0.510948241 0.891905665 -3.308232069 0.000000000 0.000000000 -12.000000000 0.010189368 0.438150287
1776612772.264928341 0.538586497 0.252859056 0.173599482 0.122728214 0.988760173 0.084448449 0.012632663 -0.533286750 0.824782789 -3.383896589 0.000000000 0.000000000 -12.000000000 0.010325109 0.438463390
1776612772.269937038 0.537888229 0.253702492 0.173660994 0.122643881 0.988778651 0.084436059 0.012074806 -0.555706561 0.758849621 -3.460212469 0.000000000 0.000000000 -12.000000000 0.010459795 0.438789546
1776612772.274517059 0.537164271 0.254519999 0.173723996 0.122559376 0.988800168 0.084392138 0.011460342 -0.578401625 0.694508791 -3.537032366 0.000000000 0.000000000 -12.000000000 0.010592734 0.439129025
1776612772.279724598 0.536455750 0.255334407 0.173800975 0.122481994 0.988820910 0.084344745 0.010834481 -0.601566970 0.632150233 -3.614222050 0.000000000 0.000000000 -12.000000000 0.010724690 0.439481288
1776612772.284613848 0.535759985 0.256146759 0.173875839 0.122399956 0.988842249 0.084292889 0.010198418 -0.625391901 0.572142839 -3.691658258 0.000000000 0.000000000 -12.000000000 0.010854899 0.439845622
1776612772.289731741 0.535060406 0.256962955 0.173949897 0.122315973 0.988864124 0.084235243 0.009540529 -0.650052547 0.514826298 -3.769228220 0.000000000 0.000000000 -12.000000000 0.010983983 0.440221548
1776612772.295771599 0.534381270 0.257794142 0.174035490 0.122233614 0.988884449 0.084187269 0.008890149 -0.675705194 0.460504293 -3.846827269 0.000000000 0.000000000 -12.000000000 0.011111978 0.440608531
1776612772.299880028 0.533733010 0.258631647 0.174130470 0.122141510 0.988904417 0.084151164 0.008253547 -0.702478468 0.409439206 -3.924357414 0.000000000 0.000000000 -12.000000000 0.011237693 0.441006362
1776612772.304526567 0.533110619 0.259472817 0.174234331 0.122049682 0.988923609 0.084117807 0.007626543 -0.730467260 0.361847728 -4.001727581 0.000000000 0.000000000 -12.000000000 0.011362245 0.441414267
1776612772.309837341 0.532535195 0.260320783 0.174357027 0.121967413 0.988939524 0.084102131 0.007030178 -0.759727716 0.317898840 -4.078852177 0.000000000 0.000000000 -12.000000000 0.011486242 0.441831440
1776612772.314580441 0.532024384 0.261173218 0.174506009 0.121882416 0.988953173 0.084108189 0.006484806 -0.790274382 0.277712762 -4.155648708 0.000000000 0.000000000 -12.000000000 0.011608015 0.442256659
1776612772.319892406 0.531549752 0.262017846 0.174668401 0.121808104 0.988964796 0.084118329 0.005960939 -0.822078884 0.241360098 -4.232038498 0.000000000 0.000000000 -12.000000000 0.011728688 0.442689478
1776612772.324560165 0.531131804 0.262862325 0.174837142 0.121739320 0.988974214 0.084139928 0.005479681 -0.855069339 0.208861232 -4.307943344 0.000000000 0.000000000 -12.000000000 0.011848061 0.443129122
1776612772.329826593 0.530738711 0.263705909 0.175009280 0.121670015 0.988983333 0.084162705 0.005002212 -0.889130950 0.180187121 -4.383283615 0.000000000 0.000000000 -12.000000000 0.011966199 0.443575323
1776612772.334571123 0.530399442 0.264561594 0.175186813 0.121603385 0.988990009 0.084205702 0.004561130 -0.924106300 0.155261904 -4.457976818 0.000000000 0.000000000 -12.000000000 0.012083116 0.444027305
1776612772.339821815 0.530106246 0.265427142 0.175377101 0.121532068 0.988995612 0.084264040 0.004151300 -0.959796667 0.133966997 -4.531937122 0.000000000 0.000000000 -12.000000000 0.012199233 0.444484562
1776612772.344543934 0.529848933 0.266286105 0.175579101 0.121465206 0.988999724 0.084330395 0.003757973 -0.995963454 0.116146311 -4.605074883 0.000000000 0.000000000 -12.000000000 0.012313941 0.444946945
1776612772.349896908 0.529648304 0.267139286 0.175791353 0.121399455 0.989002407 0.084408484 0.003406207 -1.032330871 0.101612121 -4.677296638 0.000000000 0.000000000 -12.000000000 0.012426870 0.445413917
1776612772.354545832 0.529476106 0.267998338 0.176009655 0.121328235 0.989004970 0.084494479 0.003059772 -1.068590403 0.090151533 -4.748502254 0.000000000 0.000000000 -12.000000000 0.012538590 0.445885122
1776612772.359851599 0.529327452 0.268850267 0.176213980 0.121256344 0.989007294 0.084582008 0.002720249 -1.104407191 0.081533052 -4.818583965 0.000000000 0.000000000 -12.000000000 0.012648769 0.446360558
1776612772.364507437 0.529061019 0.270503998 0.176602572 0.121111028 0.989014149 0.084729686 0.002006361 -1.139427900 0.075512953 -4.887423038 0.000000000 0.000000000 -12.000000000 0.012757139 0.446844518
1776612772.369627953 0.529061019 0.270503998 0.176602572 0.121111028 0.989014149 0.084729686 0.002006361 -1.173289180 0.071840234 -4.954891682 0.000000000 0.000000000 -12.000000000 0.012864337 0.447328478
1776612772.374568701 0.528962731 0.271317184 0.176788002 0.121042609 0.989016950 0.084802173 0.001652461 -1.205626726 0.070260584 -5.020846844 0.000000000 0.000000000 -12.000000000 0.012970462 0.447816283
1776612772.379583359 0.528870523 0.272113860 0.176963478 0.120954148 0.989022315 0.084872410 0.001284129 -1.236080527 0.070520230 -5.085136414 0.000000000 0.000000000 -12.000000000 0.013075028 0.448308051
1776612772.384683609 0.528771639 0.272892594 0.177115232 0.120870396 0.989028215 0.084928222 0.000884248 -1.264300227 0.072369978 -5.147594929 0.000000000 0.000000000 -12.000000000 0.013178498 0.448803842
1776612772.389751196 0.528705597 0.273665249 0.177273095 0.120779097 0.989033878 0.084994845 0.000498625 -1.289948940 0.075568676 -5.208049297 0.000000000 0.000000000 -12.000000000 0.013280910 0.449303269
1776612772.394574165 0.528636396 0.274422139 0.177418709 0.120693743 0.989039898 0.085047543 0.000086518 -1.312707543 0.079885945 -5.266318798 0.000000000 0.000000000 -12.000000000 0.013381669 0.449806303
1776612772.399656773 0.528607666 0.275161088 0.177574724 0.120616138 0.989044249 0.085106567 -0.000309500 -1.332278848 0.085104138 -5.322221756 0.000000000 0.000000000 -12.000000000 0.013482148 0.450312555
1776612772.404873133 0.528599381 0.275906920 0.177739590 0.120518550 0.989050269 0.085172787 -0.000702292 -1.348390579 0.091019757 -5.375576019 0.000000000 0.000000000 -12.000000000 0.013582574 0.450821757
1776612772.409793615 0.528618217 0.276634127 0.177903801 0.120443642 0.989053309 0.085239351 -0.001090832 -1.360798240 0.097444698 -5.426205635 0.000000000 0.000000000 -12.000000000 0.013682324 0.451333553
1776612772.414710522 0.528664649 0.277336121 0.178062201 0.120365232 0.989057124 0.085299812 -0.001477972 -1.369288206 0.104207329 -5.473941326 0.000000000 0.000000000 -12.000000000 0.013781311 0.451847404
1776612772.419883490 0.528679311 0.278018147 0.178184479 0.120293051 0.989062071 0.085335091 -0.001916716 -1.373678684 0.111152984 -5.518628120 0.000000000 0.000000000 -12.000000000 0.013879547 0.452363878
1776612772.430300951 0.528794408 0.279327244 0.178410769 0.120150246 0.989071906 0.085398734 -0.002790656 -1.373820305 0.118143976 -5.560122967 0.000000000 0.000000000 -12.000000000 0.013977540 0.452883512
1776612772.430838585 0.528875172 0.279971123 0.178501964 0.120072186 0.989077687 0.085425824 -0.003236694 -1.369594812 0.125059307 -5.598303795 0.000000000 0.000000000 -12.000000000 0.014074536 0.453404456
1776612772.435034037 0.528875172 0.279971123 0.178501964 0.120072186 0.989077687 0.085425824 -0.003236694 -1.360912681 0.131793275 -5.633068085 0.000000000 0.000000000 -12.000000000 0.014170978 0.453925401
1776612772.439953089 0.529096365 0.281201392 0.178692102 0.119906150 0.989090681 0.085469998 -0.004129821 -1.347711086 0.138253137 -5.664339066 0.000000000 0.000000000 -12.000000000 0.014268331 0.454447567
1776612772.444875717 0.529096365 0.281201392 0.178692102 0.119906150 0.989090681 0.085469998 -0.004129821 -1.329954147 0.144357398 -5.692066193 0.000000000 0.000000000 -12.000000000 0.014365258 0.454969704
1776612772.449911594 0.529249489 0.281806171 0.178796530 0.119823545 0.989096045 0.085501574 -0.004565026 -1.307634234 0.150035590 -5.716228008 0.000000000 0.000000000 -12.000000000 0.014462890 0.455491394
1776612772.454828262 0.529470325 0.282418191 0.178916454 0.119739197 0.989098966 0.085563570 -0.004957994 -1.280771971 0.155227914 -5.736834049 0.000000000 0.000000000 -12.000000000 0.014561237 0.456010818
1776612772.459752083 0.529711068 0.283006698 0.179047137 0.119641095 0.989103198 0.085628726 -0.005344480 -1.249412656 0.159883812 -5.753924370 0.000000000 0.000000000 -12.000000000 0.014659019 0.456530243
1776612772.464525938 0.529934525 0.283571571 0.179155856 0.119533822 0.989109278 0.085680567 -0.005772009 -1.213623524 0.163959101 -5.767572403 0.000000000 0.000000000 -12.000000000 0.014756618 0.457049519
1776612772.469703913 0.530130684 0.284113348 0.179257810 0.119435869 0.989114463 0.085724019 -0.006247936 -1.173491240 0.167412937 -5.777881622 0.000000000 0.000000000 -12.000000000 0.014854344 0.457568675
1776612772.474595308 0.530333579 0.284657776 0.179349542 0.119337104 0.989117622 0.085787289 -0.006746451 -1.129120946 0.170204327 -5.784985542 0.000000000 0.000000000 -12.000000000 0.014952282 0.458087802
1776612772.479731321 0.530574262 0.285232484 0.179444283 0.119235955 0.989116371 0.085904054 -0.007219804 -1.080635905 0.172287762 -5.789045811 0.000000000 0.000000000 -12.000000000 0.015050542 0.458606511
1776612772.484568357 0.530838072 0.285820067 0.179540575 0.119129911 0.989113510 0.086042941 -0.007689429 -1.028178215 0.173608974 -5.790250301 0.000000000 0.000000000 -12.000000000 0.015148831 0.459125251
1776612772.489680290 0.531155169 0.286433756 0.179655164 0.119041450 0.989104390 0.086230971 -0.008118938 -0.971911728 0.174103260 -5.788809776 0.000000000 0.000000000 -12.000000000 0.015247136 0.459643424
1776612772.494573593 0.531547904 0.287053108 0.179798782 0.118979745 0.989088058 0.086467244 -0.008490440 -0.912023664 0.173695847 -5.784955978 0.000000000 0.000000000 -12.000000000 0.015346292 0.460158825
1776612772.499801159 0.531973779 0.287635297 0.179938287 0.118972905 0.989062726 0.086728640 -0.008858084 -0.848723233 0.172302261 -5.778935432 0.000000000 0.000000000 -12.000000000 0.015445592 0.460672468
1776612772.504537344 0.532377720 0.288195580 0.180058122 0.119007573 0.989030957 0.086999349 -0.009279308 -0.782235146 0.169828713 -5.771009445 0.000000000 0.000000000 -12.000000000 0.015545073 0.461184859
1776612772.509580374 0.532786191 0.288760424 0.180175394 0.119088084 0.988990128 0.087304361 -0.009723764 -0.712792695 0.166174591 -5.761451721 0.000000000 0.000000000 -12.000000000 0.015645079 0.461694598
1776612772.514867306 0.533210039 0.289317340 0.180272013 0.119206659 0.988942564 0.087628372 -0.010179326 -0.640631258 0.161236569 -5.750546455 0.000000000 0.000000000 -12.000000000 0.015746357 0.462196261
1776612772.520073652 0.533705115 0.289875031 0.180372596 0.119349465 0.988889575 0.087984301 -0.010576179 -0.565982997 0.154911458 -5.738590717 0.000000000 0.000000000 -12.000000000 0.015848001 0.462694436
1776612772.524843931 0.534263968 0.290452063 0.180512607 0.119506724 0.988831460 0.088381603 -0.010914544 -0.489073068 0.147097990 -5.725892067 0.000000000 0.000000000 -12.000000000 0.015949875 0.463189930
1776612772.529788733 0.534861207 0.291055501 0.180678517 0.119668886 0.988769174 0.088820197 -0.011217230 -0.410117477 0.137700245 -5.712769985 0.000000000 0.000000000 -12.000000000 0.016051926 0.463683128
1776612772.534560204 0.534861207 0.291055501 0.180678517 0.119668886 0.988769174 0.088820197 -0.011217230 -0.329322577 0.126632467 -5.699552536 0.000000000 0.000000000 -12.000000000 0.016154157 0.464176327
1776612772.539553881 0.536336899 0.292263091 0.181046873 0.120049335 0.988630354 0.089811631 -0.011491444 -0.246884093 0.113821849 -5.686572075 0.000000000 0.000000000 -12.000000000 0.016256686 0.464662790
1776612772.544591665 0.537209928 0.292806059 0.181210279 0.120263129 0.988560975 0.090292580 -0.011457399 -0.162975401 0.099204831 -5.674156189 0.000000000 0.000000000 -12.000000000 0.016359555 0.465142727
1776612772.549566507 0.538110733 0.293318957 0.181315929 0.120470218 0.988495350 0.090742826 -0.011383154 -0.077725604 0.082719229 -5.662624836 0.000000000 0.000000000 -12.000000000 0.016462699 0.465621144
1776612772.554624319 0.539100945 0.293800175 0.181394100 0.120662414 0.988433301 0.091185674 -0.011194467 0.008794707 0.064300522 -5.652284145 0.000000000 0.000000000 -12.000000000 0.016565958 0.466092765
1776612772.560731173 0.540273309 0.294287950 0.181505829 0.120837428 0.988370836 0.091677584 -0.010801470 0.096570238 0.043886110 -5.643426418 0.000000000 0.000000000 -12.000000000 0.016669448 0.466558129
1776612772.564662457 0.542889297 0.295202106 0.181815147 0.121030778 0.988269329 0.092641115 -0.009636496 0.185629591 0.021423170 -5.636331558 0.000000000 0.000000000 -12.000000000 0.016773023 0.467008322
1776612772.569648266 0.542889297 0.295202106 0.181815147 0.121030778 0.988269329 0.092641115 -0.009636496 0.276035488 -0.003124157 -5.631269932 0.000000000 0.000000000 -12.000000000 0.016876670 0.467458516
1776612772.574614525 0.544124484 0.295600206 0.181933165 0.121028408 0.988238752 0.093025357 -0.009087401 0.367876887 -0.029768856 -5.628501415 0.000000000 0.000000000 -12.000000000 0.016980359 0.467904091
1776612772.579646111 0.545365751 0.295999229 0.182059497 0.120960601 0.988218486 0.093382366 -0.008513575 0.461258918 -0.058495425 -5.628275871 0.000000000 0.000000000 -12.000000000 0.017084004 0.468345344
1776612772.584534168 0.546608388 0.296382457 0.182180911 0.120848469 0.988205612 0.093714818 -0.007929471 0.556289971 -0.089254893 -5.630837440 0.000000000 0.000000000 -12.000000000 0.017187608 0.468783170
1776612772.589527369 0.547860682 0.296722829 0.182290405 0.120733254 0.988196254 0.094008930 -0.007343824 0.653066993 -0.121961825 -5.636423111 0.000000000 0.000000000 -12.000000000 0.017291136 0.469216377
1776612772.594520330 0.549164593 0.297025144 0.182430506 0.120655864 0.988183200 0.094291620 -0.006720439 0.751661539 -0.156493217 -5.645266533 0.000000000 0.000000000 -12.000000000 0.017394420 0.469643950
1776612772.599520445 0.550490201 0.297291934 0.182577968 0.120643958 0.988162577 0.094565630 -0.006091181 0.852110207 -0.192688122 -5.657595158 0.000000000 0.000000000 -12.000000000 0.017497497 0.470066071
1776612772.604521513 0.551752627 0.297527432 0.182697445 0.120686375 0.988137007 0.094812989 -0.005529293 0.954410255 -0.230348617 -5.673629284 0.000000000 0.000000000 -12.000000000 0.017600361 0.470483899
1776612772.609514952 0.552941322 0.297724932 0.182783604 0.120786369 0.988107264 0.095021449 -0.005055654 1.058519483 -0.269243866 -5.693580627 0.000000000 0.000000000 -12.000000000 0.017703054 0.470899075
1776612772.614862204 0.554119110 0.297886133 0.182863414 0.120938249 0.988073885 0.095198654 -0.004596701 1.164358974 -0.309116542 -5.717648983 0.000000000 0.000000000 -12.000000000 0.017805109 0.471309900
1776612772.619523287 0.555310667 0.298041880 0.182935953 0.121098176 0.988040268 0.095366091 -0.004117269 1.271814942 -0.349688709 -5.746020794 0.000000000 0.000000000 -12.000000000 0.017906711 0.471717775
1776612772.624507904 0.556500256 0.298198730 0.183011591 0.121236101 0.988010168 0.095522329 -0.003628177 1.380739927 -0.390666127 -5.778869629 0.000000000 0.000000000 -12.000000000 0.018007630 0.472122908
1776612772.629610777 0.557705522 0.298366427 0.183112174 0.121358953 0.987981498 0.095680960 -0.003114803 1.490954995 -0.431741118 -5.816352367 0.000000000 0.000000000 -12.000000000 0.018108128 0.472527504
1776612772.634561777 0.558871865 0.298508763 0.183208525 0.121472396 0.987956464 0.095810011 -0.002638110 1.602252483 -0.472595662 -5.858612537 0.000000000 0.000000000 -12.000000000 0.018207941 0.472930640
1776612772.639560461 0.560004890 0.298623174 0.183294564 0.121582404 0.987934113 0.095912337 -0.002187301 1.714402437 -0.512906253 -5.905775547 0.000000000 0.000000000 -12.000000000 0.018306775 0.473332345
1776612772.644592762 0.561083138 0.298680574 0.183378160 0.121703513 0.987914801 0.095965475 -0.001795523 1.827159762 -0.552350521 -5.957951546 0.000000000 0.000000000 -12.000000000 0.018404471 0.473731309
1776612772.649559021 0.562147737 0.298688084 0.183456957 0.121843241 0.987896144 0.095986605 -0.001423946 1.940269589 -0.590613544 -6.015233040 0.000000000 0.000000000 -12.000000000 0.018501267 0.474127889
1776612772.654547691 0.563191056 0.298670501 0.183525413 0.121994667 0.987877727 0.095988229 -0.001082485 2.053470612 -0.627392113 -6.077695370 0.000000000 0.000000000 -12.000000000 0.018596716 0.474521577
1776612772.659509897 0.564246178 0.298650742 0.183594972 0.122150287 0.987858474 0.095991619 -0.000732539 2.166495800 -0.662397742 -6.145392418 0.000000000 0.000000000 -12.000000000 0.018691249 0.474913776
1776612772.664514065 0.565363526 0.298648059 0.183713078 0.122314669 0.987834454 0.096031956 -0.000318467 2.279074430 -0.695358694 -6.218357563 0.000000000 0.000000000 -12.000000000 0.018783692 0.475302398
1776612772.669855356 0.566487312 0.298659533 0.183836490 0.122474924 0.987809539 0.096084237 0.000108615 2.390933752 -0.726023674 -6.296598434 0.000000000 0.000000000 -12.000000000 0.018874055 0.475688100
1776612772.674893856 0.567535937 0.298654675 0.183930874 0.122631803 0.987787902 0.096105687 0.000468246 2.501804590 -0.754165828 -6.380089283 0.000000000 0.000000000 -12.000000000 0.018963728 0.476076365
1776612772.679984331 0.568562150 0.298662305 0.184016138 0.122785151 0.987765729 0.096135549 0.000809474 2.611428261 -0.779587328 -6.468770504 0.000000000 0.000000000 -12.000000000 0.019052913 0.476468593
1776612772.684535980 0.569584548 0.298676878 0.184096277 0.122950852 0.987740576 0.096178800 0.001145561 2.719560862 -0.802123070 -6.562543392 0.000000000 0.000000000 -12.000000000 0.019140715 0.476861715
1776612772.689714193 0.570704341 0.298709899 0.184198648 0.123147868 0.987705469 0.096281126 0.001581601 2.825978518 -0.821643531 -6.661270142 0.000000000 0.000000000 -12.000000000 0.019227630 0.477255523
1776612772.694753408 0.571900427 0.298740357 0.184306562 0.123379759 0.987661660 0.096423395 0.002098288 2.930479288 -0.838057816 -6.764770985 0.000000000 0.000000000 -12.000000000 0.019313689 0.477650344
1776612772.699827909 0.573133826 0.298792303 0.184431374 0.123638779 0.987609208 0.096615240 0.002645487 3.032882929 -0.851314843 -6.872823715 0.000000000 0.000000000 -12.000000000 0.019399310 0.478047639
1776612772.704919100 0.574356318 0.298871636 0.184567779 0.123913936 0.987550318 0.096848406 0.003180248 3.133030891 -0.861403644 -6.985161781 0.000000000 0.000000000 -12.000000000 0.019484842 0.478448659
1776612772.709889412 0.575591028 0.298966616 0.184709698 0.124217741 0.987483203 0.097123608 0.003728385 3.230782032 -0.868352413 -7.101474762 0.000000000 0.000000000 -12.000000000 0.019570505 0.478853166
1776612772.714689493 0.576775908 0.299037546 0.184835136 0.124536008 0.987415850 0.097380459 0.004217951 3.326004744 -0.872225583 -7.221411705 0.000000000 0.000000000 -12.000000000 0.019656081 0.479261428
1776612772.719572783 0.577875853 0.299113810 0.184944332 0.124854833 0.987349451 0.097627334 0.004606207 3.418569565 -0.873117685 -7.344581604 0.000000000 0.000000000 -12.000000000 0.019740295 0.479672730
1776612772.724647284 0.578863025 0.299215138 0.185030550 0.125166744 0.987284720 0.097870171 0.004858953 3.508338213 -0.871144831 -7.470558643 0.000000000 0.000000000 -12.000000000 0.019823486 0.480088592
1776612772.729775190 0.579695046 0.299324840 0.185083956 0.125480175 0.987222612 0.098091453 0.004925455 3.595151424 -0.866434872 -7.598886013 0.000000000 0.000000000 -12.000000000 0.019905129 0.480509073
1776612772.734706402 0.580390275 0.299396247 0.185127974 0.125804856 0.987164617 0.098265551 0.004801565 3.678812504 -0.859116793 -7.729082584 0.000000000 0.000000000 -12.000000000 0.019984724 0.480932534
1776612772.740135193 0.581035554 0.299429297 0.185216337 0.126143664 0.987106323 0.098426320 0.004592334 3.759075403 -0.849309325 -7.860649586 0.000000000 0.000000000 -12.000000000 0.020062873 0.481359333
1776612772.744885206 0.581035554 0.299429297 0.185216337 0.126143664 0.987106323 0.098426320 0.004592334 3.835637569 -0.837112069 -7.993077755 0.000000000 0.000000000 -12.000000000 0.020139050 0.481786132
1776612772.749720812 0.582204819 0.299294561 0.185445517 0.127050400 0.986973405 0.098655790 0.002962332 3.908147335 -0.822602987 -8.125853539 0.000000000 0.000000000 -12.000000000 0.020213339 0.482215315
1776612772.754841328 0.582204819 0.299294561 0.185445517 0.127050400 0.986973405 0.098655790 0.002962332 3.976216555 -0.805838227 -8.258459091 0.000000000 0.000000000 -12.000000000 0.020285618 0.482644498
1776612772.759521246 0.582246542 0.299148440 0.185430408 0.127310410 0.986948788 0.098591074 0.001980555 4.039430141 -0.786848664 -8.390377045 0.000000000 0.000000000 -12.000000000 0.020355875 0.483071923
1776612772.764816046 0.582258403 0.298983455 0.185386688 0.127574071 0.986923218 0.098522007 0.000930411 4.097355366 -0.765636563 -8.521085739 0.000000000 0.000000000 -12.000000000 0.020424105 0.483496219
1776612772.769516468 0.582246304 0.298719764 0.185339510 0.128017575 0.986869454 0.098481700 -0.001246779 4.149558544 -0.742176652 -8.650065422 0.000000000 0.000000000 -12.000000000 0.020490313 0.483915836
1776612772.774930239 0.582246304 0.298719764 0.185339510 0.128017575 0.986869454 0.098481700 -0.001246779 4.195619583 -0.716419876 -8.776805878 0.000000000 0.000000000 -12.000000000 0.020554507 0.484335452
1776612772.779558182 0.582297862 0.298662156 0.185381681 0.128206819 0.986835778 0.098554939 -0.002265429 4.235151291 -0.688297868 -8.900805473 0.000000000 0.000000000 -12.000000000 0.020616703 0.484754920
1776612772.784864426 0.582368195 0.298604488 0.185415775 0.128410220 0.986796677 0.098653220 -0.003271335 4.267812729 -0.657729328 -9.021578789 0.000000000 0.000000000 -12.000000000 0.020676924 0.485173553
1776612772.789578438 0.582425892 0.298504919 0.185424924 0.128625751 0.986755252 0.098746993 -0.004298402 4.293322086 -0.624627352 -9.138655663 0.000000000 0.000000000 -12.000000000 0.020735199 0.485589743
1776612772.794670820 0.582507849 0.298410237 0.185419291 0.128882721 0.986704111 0.098873504 -0.005312698 4.311470032 -0.588906348 -9.251587868 0.000000000 0.000000000 -12.000000000 0.020791996 0.486003458
1776612772.799707174 0.582656562 0.298326612 0.185395271 0.129160345 0.986645639 0.099039644 -0.006255572 4.322124958 -0.550486624 -9.359948158 0.000000000 0.000000000 -12.000000000 0.020846762 0.486413866
1776612772.804622889 0.582884789 0.298222333 0.185374290 0.129454821 0.986581028 0.099240199 -0.007122436 4.325238705 -0.509296358 -9.463336945 0.000000000 0.000000000 -12.000000000 0.020899706 0.486820012
1776612772.809590101 0.583134711 0.298131347 0.185365438 0.129766747 0.986510754 0.099467404 -0.007962118 4.320849419 -0.465274334 -9.561380386 0.000000000 0.000000000 -12.000000000 0.020951068 0.487223178
1776612772.814911127 0.583421230 0.298089057 0.185396254 0.130071342 0.986436307 0.099741228 -0.008745990 4.309083939 -0.418373793 -9.653737068 0.000000000 0.000000000 -12.000000000 0.021000715 0.487625271
1776612772.819537163 0.583740890 0.298062950 0.185452491 0.130353838 0.986360192 0.100056969 -0.009488879 4.290155888 -0.368566155 -9.740100861 0.000000000 0.000000000 -12.000000000 0.021048868 0.488026857
1776612772.824933052 0.584027767 0.298016489 0.185490459 0.130633414 0.986285865 0.100349002 -0.010256644 4.264362812 -0.315844417 -9.820194244 0.000000000 0.000000000 -12.000000000 0.021095574 0.488427848
1776612772.829563856 0.584273756 0.297955811 0.185496271 0.130914405 0.986211777 0.100623645 -0.011075240 4.232077599 -0.260225892 -9.893777847 0.000000000 0.000000000 -12.000000000 0.021140764 0.488827676
1776612772.834620237 0.584514141 0.297855258 0.185488284 0.131180495 0.986140609 0.100879937 -0.011902398 4.193742275 -0.201754153 -9.960646629 0.000000000 0.000000000 -12.000000000 0.021184511 0.489225239
1776612772.839585304 0.584755480 0.297735482 0.185453773 0.131464869 0.986067295 0.101123765 -0.012738937 4.149854183 -0.140498236 -10.020633698 0.000000000 0.000000000 -12.000000000 0.021227213 0.489620268
1776612772.844542265 0.585014760 0.297585547 0.185407102 0.131764174 0.985991716 0.101363845 -0.013560528 4.100955963 -0.076549560 -10.073611259 0.000000000 0.000000000 -12.000000000 0.021269053 0.490011990
1776612772.849634647 0.585286081 0.297410250 0.185345978 0.132055536 0.985917270 0.101595990 -0.014378889 4.047621727 -0.010017978 -10.119493484 0.000000000 0.000000000 -12.000000000 0.021309925 0.490399301
1776612772.854676008 0.585567713 0.297221184 0.185301572 0.132366702 0.985838234 0.101839639 -0.015191327 3.990449429 0.058972020 -10.158235550 0.000000000 0.000000000 -12.000000000 0.021349825 0.490782380
1776612772.859591484 0.585863948 0.297027826 0.185261428 0.132664561 0.985759020 0.102096185 -0.015988935 3.930052519 0.130285427 -10.189843178 0.000000000 0.000000000 -12.000000000 0.021388819 0.491161466
1776612772.864584208 0.586120546 0.296825916 0.185202718 0.132964849 0.985678077 0.102352813 -0.016822346 3.867051840 0.203780457 -10.214365959 0.000000000 0.000000000 -12.000000000 0.021426855 0.491536647
1776612772.869585752 0.586311996 0.296617270 0.185114235 0.133248419 0.985599458 0.102588445 -0.017725358 3.802070141 0.279310793 -10.231903076 0.000000000 0.000000000 -12.000000000 0.021464974 0.491908491
1776612772.874873400 0.586463332 0.296400458 0.185011983 0.133516744 0.985521555 0.102820702 -0.018666308 3.735724926 0.356726468 -10.242595673 0.000000000 0.000000000 -12.000000000 0.021501601 0.492276222
1776612772.879583597 0.586591899 0.296179891 0.184886932 0.133775234 0.985444009 0.103048287 -0.019629234 3.668622494 0.435874104 -10.246631622 0.000000000 0.000000000 -12.000000000 0.021537540 0.492640138
1776612772.884533644 0.586718619 0.295952380 0.184756726 0.134031713 0.985364497 0.103287444 -0.020590700 3.601349115 0.516597211 -10.244242668 0.000000000 0.000000000 -12.000000000 0.021573335 0.493000329
1776612772.889780045 0.586844742 0.295728743 0.184635878 0.134295925 0.985280693 0.103547350 -0.021553520 3.534467220 0.598738134 -10.235706329 0.000000000 0.000000000 -12.000000000 0.021608895 0.493356824
1776612772.894563437 0.586976707 0.295499921 0.184540749 0.134560585 0.985193551 0.103830017 -0.022504898 3.468511105 0.682140946 -10.221343994 0.000000000 0.000000000 -12.000000000 0.021643898 0.493709803
1776612772.899589539 0.587125838 0.295273781 0.184486508 0.134829208 0.985101819 0.104145102 -0.023435932 3.403982878 0.766653419 -10.201520920 0.000000000 0.000000000 -12.000000000 0.021678496 0.494059771
1776612772.904652119 0.587300658 0.295059234 0.184454173 0.135090679 0.985007524 0.104492672 -0.024329508 3.341349363 0.852127492 -10.176644325 0.000000000 0.000000000 -12.000000000 0.021713061 0.494407356
1776612772.909581423 0.587461591 0.294844866 0.184414685 0.135366857 0.984907806 0.104858264 -0.025242053 3.281039953 0.938418150 -10.147163391 0.000000000 0.000000000 -12.000000000 0.021747414 0.494752228
1776612772.914511681 0.587571025 0.294624805 0.184338421 0.135622457 0.984810472 0.105205536 -0.026205653 3.223445654 1.025382042 -10.113562584 0.000000000 0.000000000 -12.000000000 0.021781623 0.495094121
1776612772.919583082 0.587656140 0.294422626 0.184244156 0.135876283 0.984709859 0.105567425 -0.027196011 3.168919563 1.112877011 -10.076364517 0.000000000 0.000000000 -12.000000000 0.021815954 0.495433301
1776612772.924545050 0.587732852 0.294233948 0.184133798 0.136110932 0.984608591 0.105947696 -0.028193446 3.117776394 1.200763941 -10.036118507 0.000000000 0.000000000 -12.000000000 0.021850646 0.495769531
1776612772.929558754 0.587798536 0.294065177 0.184021056 0.136347324 0.984503388 0.106348157 -0.029197790 3.070291758 1.288908601 -9.993405342 0.000000000 0.000000000 -12.000000000 0.021885561 0.496103555
1776612772.934570789 0.587884367 0.293905914 0.183927566 0.136569396 0.984396696 0.106776692 -0.030177835 3.026699305 1.377184749 -9.948824883 0.000000000 0.000000000 -12.000000000 0.021920566 0.496435642
1776612772.939516306 0.587979019 0.293745637 0.183846861 0.136803821 0.984285235 0.107225604 -0.031144885 2.987191439 1.465474844 -9.902998924 0.000000000 0.000000000 -12.000000000 0.021955669 0.496765852
1776612772.944592953 0.588079512 0.293593913 0.183783174 0.137021974 0.984172821 0.107696019 -0.032100245 2.951921463 1.553670883 -9.856563568 0.000000000 0.000000000 -12.000000000 0.021991273 0.497094631
1776612772.949528456 0.588198900 0.293443501 0.183732063 0.137256622 0.984055638 0.108184732 -0.033032428 2.921004295 1.641674161 -9.810167313 0.000000000 0.000000000 -12.000000000 0.022027057 0.497422069
1776612772.954508066 0.588323116 0.293281794 0.183685035 0.137486950 0.983937621 0.108677521 -0.033959948 2.894516468 1.729397058 -9.764462471 0.000000000 0.000000000 -12.000000000 0.022063026 0.497747809
1776612772.959527731 0.588441670 0.293118715 0.183637977 0.137714013 0.983818293 0.109175272 -0.034887515 2.872498751 1.816762805 -9.720104218 0.000000000 0.000000000 -12.000000000 0.022099506 0.498071909
1776612772.964510679 0.588508427 0.292949080 0.183583736 0.137937054 0.983698010 0.109661929 -0.035859529 2.854957819 1.903706431 -9.677738190 0.000000000 0.000000000 -12.000000000 0.022136156 0.498394549
1776612772.970323801 0.588535070 0.292772055 0.183528334 0.138149410 0.983577788 0.110137179 -0.036867838 2.841868162 1.990175605 -9.637996674 0.000000000 0.000000000 -12.000000000 0.022172861 0.498715520
1776612772.974825144 0.588556349 0.292611957 0.183491051 0.138345674 0.983457267 0.110625863 -0.037870869 2.833169699 2.076133013 -9.601490021 0.000000000 0.000000000 -12.000000000 0.022209628 0.499035567
1776612772.979545116 0.588581383 0.292460471 0.183451116 0.138534933 0.983335853 0.111123815 -0.038860787 2.828768253 2.161555767 -9.568804741 0.000000000 0.000000000 -12.000000000 0.022246674 0.499355197
1776612772.984526873 0.588589311 0.292285204 0.183403939 0.138737187 0.983212590 0.111604810 -0.039866477 2.828536272 2.246436119 -9.540493965 0.000000000 0.000000000 -12.000000000 0.022283714 0.499673158
1776612772.989556074 0.588596404 0.292104721 0.183355391 0.138947487 0.983086526 0.112088345 -0.040874459 2.832313538 2.330779076 -9.517074585 0.000000000 0.000000000 -12.000000000 0.022320133 0.499989092
1776612772.994891882 0.588604093 0.291911006 0.183306545 0.139158323 0.982960105 0.112566963 -0.041870259 2.839908838 2.414604425 -9.499025345 0.000000000 0.000000000 -12.000000000 0.022356473 0.500302970
1776612772.999709368 0.588622034 0.291715056 0.183252633 0.139379740 0.982830465 0.113052644 -0.042855959 2.851104021 2.497943163 -9.486777306 0.000000000 0.000000000 -12.000000000 0.022392655 0.500614703
1776612773.004696369 0.588658512 0.291515708 0.183217436 0.139601409 0.982700288 0.113541588 -0.043817043 2.865657330 2.580836535 -9.480716705 0.000000000 0.000000000 -12.000000000 0.022429375 0.500924706
1776612773.009808064 0.588716328 0.291316837 0.183191359 0.139825940 0.982568502 0.114039689 -0.044753172 2.883308649 2.663333654 -9.481180191 0.000000000 0.000000000 -12.000000000 0.022464620 0.501232326
1776612773.014851332 0.588787258 0.291106403 0.183160484 0.140039340 0.982438922 0.114531495 -0.045664389 2.903780699 2.745490074 -9.488451004 0.000000000 0.000000000 -12.000000000 0.022499770 0.501538098
1776612773.019554377 0.588857889 0.290890992 0.183127701 0.140269160 0.982305884 0.115023203 -0.046576574 2.926782608 2.827366829 -9.502758026 0.000000000 0.000000000 -12.000000000 0.022534380 0.501840949
1776612773.024569273 0.588904560 0.290661514 0.183067113 0.140490323 0.982173741 0.115499377 -0.047509167 2.952009678 2.909029245 -9.524268150 0.000000000 0.000000000 -12.000000000 0.022568017 0.502140999
1776612773.029926777 0.588937342 0.290429115 0.182989001 0.140719801 0.982038975 0.115971319 -0.048457079 2.979147673 2.990545273 -9.553088188 0.000000000 0.000000000 -12.000000000 0.022600554 0.502437055
1776612773.034867525 0.588997006 0.290197015 0.182927340 0.140936583 0.981905460 0.116451070 -0.049373154 3.007876158 3.071983337 -9.589263916 0.000000000 0.000000000 -12.000000000 0.022632224 0.502730489
1776612773.039884567 0.589061320 0.289954573 0.182871759 0.141156629 0.981771469 0.116929188 -0.050270732 3.037875175 3.153410912 -9.632781982 0.000000000 0.000000000 -12.000000000 0.022663374 0.503020883
1776612773.044898748 0.589109361 0.289699912 0.182818979 0.141375527 0.981637001 0.117398225 -0.051180691 3.068829536 3.234891415 -9.683573723 0.000000000 0.000000000 -12.000000000 0.022692433 0.503309190
1776612773.049590826 0.589167058 0.289430618 0.182784081 0.141592517 0.981503129 0.117863819 -0.052069835 3.100433588 3.316483498 -9.741518974 0.000000000 0.000000000 -12.000000000 0.022720128 0.503594756
1776612773.054905176 0.589279354 0.289146513 0.182764441 0.141797513 0.981373489 0.118332051 -0.052887648 3.132394791 3.398238182 -9.806446075 0.000000000 0.000000000 -12.000000000 0.022746481 0.503877401
1776612773.059572935 0.589397967 0.288852185 0.182725340 0.142001778 0.981245577 0.118786685 -0.053687889 3.164439440 3.480196476 -9.878133774 0.000000000 0.000000000 -12.000000000 0.022770155 0.504156768
1776612773.065124273 0.589493513 0.288530409 0.182664543 0.142184079 0.981124341 0.119200066 -0.054498374 3.196320295 3.562387466 -9.956316948 0.000000000 0.000000000 -12.000000000 0.022792649 0.504432142
1776612773.070463419 0.589635372 0.288244188 0.182613552 0.142344877 0.981005788 0.119640373 -0.055242963 3.227824450 3.644826889 -10.040682793 0.000000000 0.000000000 -12.000000000 0.022812964 0.504705250
1776612773.075118065 0.589932740 0.287723929 0.182536334 0.142627507 0.980771780 0.120550014 -0.056672301 3.258780479 3.727517366 -10.130882263 0.000000000 0.000000000 -12.000000000 0.022830857 0.504974902
1776612773.080211639 0.589932740 0.287723929 0.182536334 0.142627507 0.980771780 0.120550014 -0.056672301 3.289060831 3.810447216 -10.226528168 0.000000000 0.000000000 -12.000000000 0.022846892 0.505244792
1776612773.084678173 0.590156555 0.287479460 0.182527751 0.142777666 0.980653882 0.121039212 -0.057289142 3.318584919 3.893590450 -10.327201843 0.000000000 0.000000000 -12.000000000 0.022862365 0.505512238
1776612773.089579582 0.590409696 0.287211239 0.182496369 0.142941520 0.980536699 0.121519297 -0.057867158 3.347322702 3.976904392 -10.432457924 0.000000000 0.000000000 -12.000000000 0.022875484 0.505777121
1776612773.095070839 0.590660095 0.286929160 0.182447016 0.143129483 0.980416715 0.121988676 -0.058444332 3.375296593 4.060327530 -10.541827202 0.000000000 0.000000000 -12.000000000 0.022886107 0.506039023
1776612773.099877596 0.590996444 0.286652625 0.182404310 0.143334046 0.980296552 0.122485079 -0.058918651 3.402585983 4.143777370 -10.654821396 0.000000000 0.000000000 -12.000000000 0.022894466 0.506295502
1776612773.104965448 0.591347873 0.286369562 0.182352304 0.143559039 0.980174720 0.122978866 -0.059367452 3.429329872 4.227149963 -10.770938873 0.000000000 0.000000000 -12.000000000 0.022899812 0.506548107
1776612773.109519482 0.591716588 0.286035299 0.182262957 0.143779472 0.980062723 0.123414777 -0.059777297 3.455727100 4.310322285 -10.889667511 0.000000000 0.000000000 -12.000000000 0.022903234 0.506795704
1776612773.114586115 0.592142880 0.285668910 0.182165146 0.144012630 0.979957342 0.123821452 -0.060101256 3.482032299 4.393153667 -11.010489464 0.000000000 0.000000000 -12.000000000 0.022904109 0.507039130
1776612773.119519711 0.592623353 0.285284936 0.182080477 0.144232363 0.979860961 0.124211937 -0.060340419 3.508554220 4.475489616 -11.132881165 0.000000000 0.000000000 -12.000000000 0.022903573 0.507277369
1776612773.124567986 0.593222082 0.284854293 0.182006001 0.144431368 0.979783773 0.124560386 -0.060399473 3.535653830 4.557163239 -11.256320953 0.000000000 0.000000000 -12.000000000 0.022898795 0.507510960
1776612773.129551888 0.593861759 0.284391642 0.181926310 0.144608945 0.979721248 0.124860264 -0.060369596 3.563744307 4.637993813 -11.380292892 0.000000000 0.000000000 -12.000000000 0.022892922 0.507742405
1776612773.134515285 0.594500542 0.283900619 0.181824833 0.144726306 0.979678035 0.125098243 -0.060296815 3.593292236 4.717788219 -11.504285812 0.000000000 0.000000000 -12.000000000 0.022883678 0.507968903
1776612773.139575958 0.595190465 0.283398867 0.181716919 0.144833669 0.979646623 0.125298634 -0.060132347 3.624811888 4.796342850 -11.627800941 0.000000000 0.000000000 -12.000000000 0.022873679 0.508193016
1776612773.144531965 0.595916033 0.282883823 0.181593090 0.144918308 0.979625583 0.125475034 -0.059902914 3.658854485 4.873446941 -11.750356674 0.000000000 0.000000000 -12.000000000 0.022862175 0.508415878
1776612773.149510622 0.596672058 0.282351375 0.181477696 0.145004049 0.979609489 0.125635043 -0.059623387 3.695993900 4.948883533 -11.871498108 0.000000000 0.000000000 -12.000000000 0.022849562 0.508636475
1776612773.154888630 0.597429276 0.281779408 0.181359470 0.145088315 0.979600370 0.125749752 -0.059325360 3.736809492 5.022430420 -11.990802765 0.000000000 0.000000000 -12.000000000 0.022835448 0.508855283
1776612773.159529686 0.598203957 0.281162947 0.181255847 0.145194069 0.979593337 0.125835896 -0.058999151 3.781870842 5.093863010 -12.107885361 0.000000000 0.000000000 -12.000000000 0.022819744 0.509071290
1776612773.164843559 0.598965168 0.280499190 0.181148618 0.145336628 0.979584455 0.125886500 -0.058686595 3.831722736 5.162955761 -12.222403526 0.000000000 0.000000000 -12.000000000 0.022802962 0.509284079
1776612773.169781923 0.599715233 0.279813111 0.181038797 0.145470917 0.979580998 0.125903368 -0.058374733 3.886874437 5.229490280 -12.334056854 0.000000000 0.000000000 -12.000000000 0.022783784 0.509495378
1776612773.174980879 0.600471318 0.279125422 0.180938601 0.145612299 0.979578435 0.125912115 -0.058045305 3.947788715 5.293261528 -12.442590714 0.000000000 0.000000000 -12.000000000 0.022763209 0.509705663
1776612773.179553270 0.601215422 0.278421491 0.180812359 0.145750880 0.979579985 0.125887170 -0.057725277 4.014871597 5.354080677 -12.547792435 0.000000000 0.000000000 -12.000000000 0.022739941 0.509915352
1776612773.184611320 0.601949692 0.277694821 0.180674165 0.145894438 0.979585648 0.125825644 -0.057399765 4.088463306 5.411782265 -12.649488449 0.000000000 0.000000000 -12.000000000 0.022716593 0.510122597
1776612773.189766884 0.602662742 0.276940703 0.180520505 0.146039531 0.979595304 0.125723183 -0.057089116 4.168828011 5.466225624 -12.747546196 0.000000000 0.000000000 -12.000000000 0.022692589 0.510327518
1776612773.195114136 0.603361547 0.276172727 0.180369973 0.146177009 0.979609013 0.125595823 -0.056781631 4.256149769 5.517297268 -12.841865540 0.000000000 0.000000000 -12.000000000 0.022667058 0.510530949
1776612773.199867249 0.604051948 0.275393486 0.180234402 0.146321461 0.979622483 0.125458390 -0.056480646 4.350523949 5.564914703 -12.932379723 0.000000000 0.000000000 -12.000000000 0.022639841 0.510733366
1776612773.205229998 0.604720771 0.274615467 0.180098474 0.146451771 0.979639411 0.125304371 -0.056190401 4.451956749 5.609025478 -13.019050598 0.000000000 0.000000000 -12.000000000 0.022610262 0.510936379
1776612773.210039854 0.605357051 0.273818702 0.179963171 0.146577522 0.979658306 0.125124797 -0.055931881 4.560359478 5.649608612 -13.101867676 0.000000000 0.000000000 -12.000000000 0.022579029 0.511139572
1776612773.214761734 0.606533468 0.272119403 0.179658562 0.146853670 0.979703546 0.124635898 -0.055505436 4.675551414 5.686676502 -13.180843353 0.000000000 0.000000000 -12.000000000 0.022545561 0.511338413
1776612773.219606161 0.606533468 0.272119403 0.179658562 0.146853670 0.979703546 0.124635898 -0.055505436 4.797259331 5.720270634 -13.256010056 0.000000000 0.000000000 -12.000000000 0.022510843 0.511537194
1776612773.224606991 0.607104361 0.271245807 0.179516822 0.146979406 0.979731441 0.124359660 -0.055299472 4.925120831 5.750466347 -13.327415466 0.000000000 0.000000000 -12.000000000 0.022473333 0.511733711
1776612773.229510546 0.607649565 0.270369023 0.179378062 0.147120312 0.979756534 0.124073647 -0.055121899 5.058691978 5.777369022 -13.395122528 0.000000000 0.000000000 -12.000000000 0.022434419 0.511928141
1776612773.234578848 0.608184934 0.269497782 0.179250419 0.147252709 0.979783773 0.123779722 -0.054945584 5.197453976 5.801116467 -13.459204674 0.000000000 0.000000000 -12.000000000 0.022392979 0.512121797
1776612773.239569902 0.608705461 0.268615901 0.179129869 0.147361442 0.979816377 0.123467855 -0.054773696 5.340819836 5.821872711 -13.519742012 0.000000000 0.000000000 -12.000000000 0.022349032 0.512314081
1776612773.244591713 0.609212518 0.267733335 0.179011405 0.147485420 0.979847848 0.123140655 -0.054613005 5.488145351 5.839827061 -13.576818466 0.000000000 0.000000000 -12.000000000 0.022304034 0.512505889
1776612773.250009775 0.609775126 0.266853631 0.178908765 0.147642165 0.979875922 0.122828394 -0.054389317 5.638739109 5.855187416 -13.630521774 0.000000000 0.000000000 -12.000000000 0.022256464 0.512698174
1776612773.255081892 0.610368907 0.265976012 0.178817004 0.147802621 0.979903817 0.122529589 -0.054124244 5.791873455 5.868175983 -13.680932045 0.000000000 0.000000000 -12.000000000 0.022207651 0.512890995
1776612773.259847164 0.610973239 0.265096903 0.178702027 0.147979647 0.979928076 0.122243196 -0.053848367 5.946799755 5.879022598 -13.728127480 0.000000000 0.000000000 -12.000000000 0.022158187 0.513083816
1776612773.264689922 0.611621261 0.264210761 0.178571701 0.148215890 0.979943931 0.121969707 -0.053529013 6.102760315 5.887958050 -13.772175789 0.000000000 0.000000000 -12.000000000 0.022107985 0.513277292
1776612773.269571543 0.612312198 0.263305485 0.178437501 0.148500785 0.979953647 0.121704772 -0.053162556 6.259002209 5.895206451 -13.813134193 0.000000000 0.000000000 -12.000000000 0.022055507 0.513473868
1776612773.274772406 0.613049150 0.262412757 0.178302288 0.148794830 0.979961574 0.121465810 -0.052740101 6.414782524 5.900981903 -13.851045609 0.000000000 0.000000000 -12.000000000 0.022002893 0.513673007
1776612773.279568672 0.613807976 0.261529863 0.178170472 0.149087965 0.979968429 0.121244967 -0.052290142 6.569377422 5.905481815 -13.885938644 0.000000000 0.000000000 -12.000000000 0.021949850 0.513876498
1776612773.284599781 0.614569247 0.260655999 0.178043514 0.149402529 0.979971588 0.121030942 -0.051827695 6.722086430 5.908885956 -13.917825699 0.000000000 0.000000000 -12.000000000 0.021895802 0.514085472
1776612773.289643049 0.615323544 0.259805739 0.177924991 0.149720892 0.979972661 0.120826960 -0.051362373 6.872237682 5.911352634 -13.946704865 0.000000000 0.000000000 -12.000000000 0.021841761 0.514300466
1776612773.294528008 0.616082907 0.258936197 0.177799463 0.150039569 0.979974210 0.120618679 -0.050890360 7.019190311 5.913021088 -13.972559929 0.000000000 0.000000000 -12.000000000 0.021787833 0.514521837
1776612773.299571276 0.616831779 0.258075297 0.177682996 0.150330678 0.979979873 0.120408595 -0.050417397 7.162339211 5.914008617 -13.995364189 0.000000000 0.000000000 -12.000000000 0.021734253 0.514749885
1776612773.304577589 0.617569923 0.257198751 0.177581370 0.150615320 0.979986072 0.120196700 -0.049950324 7.301114082 5.914414883 -14.015077591 0.000000000 0.000000000 -12.000000000 0.021681678 0.514983833
1776612773.309507608 0.618301034 0.256311417 0.177476615 0.150921747 0.979988456 0.119983360 -0.049490113 7.434981823 5.914322853 -14.031652451 0.000000000 0.000000000 -12.000000000 0.021630885 0.515223980
1776612773.314953566 0.619020104 0.255408049 0.177362055 0.151217565 0.979993999 0.119750246 -0.049039472 7.563446522 5.913797855 -14.045035362 0.000000000 0.000000000 -12.000000000 0.021581598 0.515469790
1776612773.319798946 0.619731963 0.254472524 0.177248925 0.151502997 0.980002761 0.119500250 -0.048591059 7.686048031 5.912891388 -14.055162430 0.000000000 0.000000000 -12.000000000 0.021533757 0.515720665
1776612773.324955225 0.620438516 0.253534764 0.177144736 0.151783630 0.980012774 0.119246006 -0.048135571 7.802362919 5.911644459 -14.061966896 0.000000000 0.000000000 -12.000000000 0.021489149 0.515975416
1776612773.329574347 0.621133864 0.252582490 0.177025557 0.152075097 0.980022192 0.118976131 -0.047690269 7.912005901 5.910089493 -14.065377235 0.000000000 0.000000000 -12.000000000 0.021444160 0.516237140
1776612773.335003614 0.621739626 0.251642346 0.176867694 0.152343124 0.980031967 0.118688755 -0.047348186 8.014626503 5.908254147 -14.065314293 0.000000000 0.000000000 -12.000000000 0.021401860 0.516503811
1776612773.339928627 0.622290134 0.250727206 0.176707476 0.152588829 0.980041921 0.118403703 -0.047063954 8.109903336 5.906163216 -14.061699867 0.000000000 0.000000000 -12.000000000 0.021361163 0.516776383
1776612773.344612837 0.622830629 0.249790728 0.176562250 0.152846903 0.980050445 0.118108839 -0.046789590 8.197538376 5.903841019 -14.054455757 0.000000000 0.000000000 -12.000000000 0.021324413 0.517052293
1776612773.350063801 0.623287380 0.248834327 0.176403314 0.153104052 0.980058849 0.117777735 -0.046606679 8.277251244 5.901314259 -14.043510437 0.000000000 0.000000000 -12.000000000 0.021288307 0.517332017
1776612773.355100870 0.623674989 0.247868657 0.176240057 0.153355062 0.980065584 0.117433421 -0.046508901 8.348769188 5.898617268 -14.028800964 0.000000000 0.000000000 -12.000000000 0.021254171 0.517614663
1776612773.359529495 0.623910844 0.246910483 0.176079303 0.153605312 0.980065942 0.117070153 -0.046591800 8.411823273 5.895796299 -14.010272980 0.000000000 0.000000000 -12.000000000 0.021219783 0.517899394
1776612773.364917755 0.623998463 0.245974958 0.175912440 0.153861865 0.980055869 0.116709851 -0.046859808 8.466144562 5.892914772 -13.987887383 0.000000000 0.000000000 -12.000000000 0.021184890 0.518184602
1776612773.369659424 0.623948336 0.244991884 0.175738454 0.154140040 0.980038941 0.116305545 -0.047303237 8.511456490 5.890054226 -13.961620331 0.000000000 0.000000000 -12.000000000 0.021151444 0.518466055
1776612773.374746084 0.623831272 0.243960410 0.175569862 0.154439896 0.980017960 0.115863569 -0.047840741 8.547465324 5.887317181 -13.931468010 0.000000000 0.000000000 -12.000000000 0.021118192 0.518743753
1776612773.379959106 0.623587132 0.242933840 0.175405443 0.154750809 0.979987919 0.115413181 -0.048535418 8.573865891 5.884825706 -13.897451401 0.000000000 0.000000000 -12.000000000 0.021082329 0.519018292
1776612773.384751320 0.623218358 0.241966024 0.175268590 0.155006364 0.979956865 0.114979975 -0.049367212 8.590342522 5.882720470 -13.859616280 0.000000000 0.000000000 -12.000000000 0.021047786 0.519287050
1776612773.389713526 0.622770071 0.241026238 0.175154626 0.155239359 0.979921877 0.114563711 -0.050289571 8.596575737 5.881159306 -13.818034172 0.000000000 0.000000000 -12.000000000 0.021009948 0.519552231
1776612773.394564390 0.622238696 0.240071625 0.175037205 0.155468538 0.979884744 0.114118539 -0.051306330 8.592257500 5.880309582 -13.772799492 0.000000000 0.000000000 -12.000000000 0.020970715 0.519811988
1776612773.399541140 0.621677816 0.239058584 0.174903929 0.155698463 0.979850173 0.113624595 -0.052355248 8.577097893 5.880341530 -13.724029541 0.000000000 0.000000000 -12.000000000 0.020933170 0.520064592
1776612773.404577017 0.621157229 0.238046288 0.174771011 0.155898497 0.979821265 0.113138400 -0.053344555 8.550841331 5.881420135 -13.671855927 0.000000000 0.000000000 -12.000000000 0.020896485 0.520311952
1776612773.409597158 0.620630205 0.237025857 0.174623042 0.156095088 0.979792416 0.112647802 -0.054328516 8.513285637 5.883699417 -13.616423607 0.000000000 0.000000000 -12.000000000 0.020859662 0.520555556
1776612773.414637804 0.620204985 0.235983461 0.174484402 0.156293377 0.979769170 0.112164237 -0.055171791 8.464296341 5.887314320 -13.557888031 0.000000000 0.000000000 -12.000000000 0.020824160 0.520797133
1776612773.419529915 0.619915426 0.234942794 0.174345732 0.156473875 0.979753971 0.111717708 -0.055831958 8.403838158 5.892370701 -13.496406555 0.000000000 0.000000000 -12.000000000 0.020786215 0.521041512
1776612773.424581289 0.619689703 0.233879149 0.174174905 0.156662047 0.979744017 0.111259297 -0.056391321 8.331995010 5.898939610 -13.432136536 0.000000000 0.000000000 -12.000000000 0.020747636 0.521289051
1776612773.429665327 0.619577944 0.232791573 0.173982471 0.156842098 0.979746819 0.110781610 -0.056781869 8.248984337 5.907054424 -13.365237236 0.000000000 0.000000000 -12.000000000 0.020709408 0.521541953
1776612773.434596777 0.619610488 0.231692955 0.173787504 0.156998113 0.979763210 0.110318445 -0.056969389 8.155166626 5.916708946 -13.295861244 0.000000000 0.000000000 -12.000000000 0.020671312 0.521802783
1776612773.439598560 0.619748354 0.230616197 0.173583210 0.157140642 0.979789436 0.109868586 -0.056994438 8.051043510 5.927860260 -13.224161148 0.000000000 0.000000000 -12.000000000 0.020633323 0.522073627
1776612773.444665670 0.619980931 0.229558408 0.173395127 0.157250986 0.979826868 0.109441787 -0.056867447 7.937255383 5.940429688 -13.150283813 0.000000000 0.000000000 -12.000000000 0.020594027 0.522356331
1776612773.449592113 0.620283902 0.228519320 0.173221558 0.157348827 0.979870975 0.109032139 -0.056623064 7.814571857 5.954305172 -13.074377060 0.000000000 0.000000000 -12.000000000 0.020556100 0.522650957
1776612773.454833031 0.620617628 0.227455497 0.173048675 0.157467410 0.979917228 0.108602792 -0.056317568 7.683879375 5.969342709 -12.996587753 0.000000000 0.000000000 -12.000000000 0.020518124 0.522958219
1776612773.459671497 0.620999277 0.226370603 0.172878921 0.157586128 0.979968488 0.108165979 -0.055932920 7.546162605 5.985371113 -12.917063713 0.000000000 0.000000000 -12.000000000 0.020482389 0.523278236
1776612773.464647055 0.621397614 0.225288838 0.172705263 0.157732472 0.980016470 0.107731447 -0.055517148 7.402483940 6.002194405 -12.835958481 0.000000000 0.000000000 -12.000000000 0.020447643 0.523610890
1776612773.469587564 0.621802926 0.224209085 0.172537148 0.157896966 0.980060995 0.107306458 -0.055085082 7.253959656 6.019601345 -12.753435135 0.000000000 0.000000000 -12.000000000 0.020412745 0.523956656
1776612773.474548340 0.622202277 0.223138958 0.172375292 0.158076361 0.980102301 0.106888421 -0.054645985 7.101737976 6.037368298 -12.669668198 0.000000000 0.000000000 -12.000000000 0.020380000 0.524314940
1776612773.480075598 0.622590661 0.222071007 0.172223717 0.158291578 0.980138063 0.106465563 -0.054205976 6.946978569 6.055264950 -12.584843636 0.000000000 0.000000000 -12.000000000 0.020349048 0.524684846
1776612773.484541655 0.622935414 0.221022576 0.172075123 0.158506989 0.980171084 0.106044933 -0.053802457 6.790831566 6.073060036 -12.499161720 0.000000000 0.000000000 -12.000000000 0.020320792 0.525065064
1776612773.489851713 0.623244762 0.220001444 0.171931416 0.158721924 0.980200648 0.105638914 -0.053426772 6.634418488 6.090524197 -12.412837982 0.000000000 0.000000000 -12.000000000 0.020296475 0.525454700
1776612773.494556427 0.623532057 0.219001547 0.171795487 0.158940509 0.980228126 0.105239920 -0.053059559 6.478812695 6.107436180 -12.326101303 0.000000000 0.000000000 -12.000000000 0.020272395 0.525854051
1776612773.499554873 0.623768806 0.218001559 0.171648502 0.159163237 0.980254233 0.104824968 -0.052730177 6.325022221 6.123586655 -12.239191055 0.000000000 0.000000000 -12.000000000 0.020250296 0.526261330
1776612773.504645824 0.623952210 0.217006087 0.171491414 0.159386113 0.980277598 0.104408897 -0.052447163 6.173974991 6.138782024 -12.152357101 0.000000000 0.000000000 -12.000000000 0.020232184 0.526675880
1776612773.509800673 0.624078333 0.216029316 0.171331733 0.159595966 0.980300307 0.103991665 -0.052212313 6.026507854 6.152848244 -12.065854073 0.000000000 0.000000000 -12.000000000 0.020215547 0.527096748
1776612773.514777660 0.624155045 0.215045154 0.171175271 0.159813687 0.980320156 0.103566118 -0.052019153 5.883358479 6.165634155 -11.979947090 0.000000000 0.000000000 -12.000000000 0.020201178 0.527523458
1776612773.519555569 0.624190390 0.214075953 0.171020061 0.160017624 0.980340183 0.103144310 -0.051852781 5.745160103 6.177013397 -11.894903183 0.000000000 0.000000000 -12.000000000 0.020188900 0.527955294
1776612773.524879694 0.624180138 0.213115752 0.170870751 0.160199776 0.980362594 0.102716215 -0.051716793 5.612439632 6.186884880 -11.810995102 0.000000000 0.000000000 -12.000000000 0.020178379 0.528392315
1776612773.529590130 0.624115646 0.212141782 0.170724988 0.160367846 0.980386734 0.102270827 -0.051620550 5.485616684 6.195174694 -11.728494644 0.000000000 0.000000000 -12.000000000 0.020169780 0.528833866
1776612773.534566641 0.623998404 0.211205602 0.170579880 0.160501853 0.980414450 0.101826906 -0.051555481 5.365003109 6.201835155 -11.647672653 0.000000000 0.000000000 -12.000000000 0.020162314 0.529279172
1776612773.540166855 0.623837650 0.210301578 0.170441091 0.160592541 0.980447054 0.101389207 -0.051515415 5.250805378 6.206841946 -11.568795204 0.000000000 0.000000000 -12.000000000 0.020156423 0.529727817
1776612773.545096636 0.623655796 0.209399074 0.170303255 0.160663232 0.980482459 0.100950450 -0.051482394 5.143131733 6.210196495 -11.492125511 0.000000000 0.000000000 -12.000000000 0.020151522 0.530179799
1776612773.550219297 0.623441517 0.208544895 0.170181543 0.160701558 0.980521500 0.100525074 -0.051451992 5.041996956 6.211922169 -11.417922020 0.000000000 0.000000000 -12.000000000 0.020147823 0.530634463
1776612773.555089712 0.623191059 0.207720906 0.170056820 0.160714090 0.980563223 0.100103967 -0.051438995 4.947333813 6.212065697 -11.346433640 0.000000000 0.000000000 -12.000000000 0.020144466 0.531091094
1776612773.559925318 0.622936964 0.206882209 0.169920236 0.160733089 0.980604112 0.099680804 -0.051421609 4.858998299 6.210690498 -11.277902603 0.000000000 0.000000000 -12.000000000 0.020142552 0.531550407
1776612773.565020323 0.622683525 0.206057578 0.169784784 0.160764992 0.980642974 0.099263169 -0.051389031 4.776781559 6.207876205 -11.212563515 0.000000000 0.000000000 -12.000000000 0.020141555 0.532012522
1776612773.570784092 0.622422218 0.205271930 0.169656187 0.160792664 0.980681241 0.098861717 -0.051346157 4.700419903 6.203714848 -11.150640488 0.000000000 0.000000000 -12.000000000 0.020138634 0.532477021
1776612773.575150013 0.621930122 0.203771442 0.169465691 0.160845324 0.980754852 0.098138042 -0.051162723 4.629601479 6.198308945 -11.092347145 0.000000000 0.000000000 -12.000000000 0.020134941 0.532947361
1776612773.580099344 0.621930122 0.203771442 0.169465691 0.160845324 0.980754852 0.098138042 -0.051162723 4.563978672 6.191768646 -11.037883759 0.000000000 0.000000000 -12.000000000 0.020132385 0.533417702
1776612773.585188866 0.621665835 0.203079775 0.169362843 0.160900608 0.980784833 0.097799025 -0.051063463 4.503175259 6.184208870 -10.987432480 0.000000000 0.000000000 -12.000000000 0.020129105 0.533890009
1776612773.590043783 0.621372342 0.202422261 0.169243872 0.160966843 0.980811298 0.097468823 -0.050977927 4.446792603 6.175747871 -10.941159248 0.000000000 0.000000000 -12.000000000 0.020124525 0.534363210
1776612773.594659567 0.621105671 0.201793641 0.169124216 0.161046252 0.980834603 0.097170167 -0.050848015 4.394418716 6.166502476 -10.899206161 0.000000000 0.000000000 -12.000000000 0.020118911 0.534837842
1776612773.599730730 0.620859802 0.201204062 0.169028491 0.161127910 0.980856180 0.096907966 -0.050672911 4.345635891 6.156589508 -10.861695290 0.000000000 0.000000000 -12.000000000 0.020113282 0.535314322
1776612773.604605198 0.620630503 0.200642258 0.168951482 0.161240250 0.980871737 0.096674554 -0.050460834 4.300025940 6.146121025 -10.828722954 0.000000000 0.000000000 -12.000000000 0.020107623 0.535792470
1776612773.609740973 0.620425165 0.200140953 0.168913096 0.161386847 0.980879188 0.096491985 -0.050195519 4.257178307 6.135201931 -10.800359726 0.000000000 0.000000000 -12.000000000 0.020099841 0.536272109
1776612773.614765882 0.620235085 0.199671566 0.168884844 0.161562786 0.980880439 0.096340045 -0.049896188 4.216693401 6.123929501 -10.776648521 0.000000000 0.000000000 -12.000000000 0.020091381 0.536753476
1776612773.619639874 0.620042026 0.199207455 0.168862641 0.161773816 0.980875254 0.096200950 -0.049581733 4.178186893 6.112390995 -10.757605553 0.000000000 0.000000000 -12.000000000 0.020082191 0.537236452
1776612773.624723434 0.619863749 0.198771268 0.168829381 0.162012354 0.980863810 0.096093111 -0.049237497 4.141291618 6.100659847 -10.743212700 0.000000000 0.000000000 -12.000000000 0.020073336 0.537720442
1776612773.629575014 0.619664133 0.198370546 0.168799609 0.162252679 0.980849028 0.096011139 -0.048898466 4.105662346 6.088798523 -10.733418465 0.000000000 0.000000000 -12.000000000 0.020065168 0.538204849
1776612773.635080338 0.619476914 0.198020369 0.168781281 0.162490129 0.980831802 0.095974408 -0.048526276 4.070974827 6.076855183 -10.728141785 0.000000000 0.000000000 -12.000000000 0.020057252 0.538689196
1776612773.639822960 0.619277239 0.197712854 0.168751478 0.162722498 0.980812848 0.095967449 -0.048142932 4.036931038 6.064864635 -10.727262497 0.000000000 0.000000000 -12.000000000 0.020048290 0.539172590
1776612773.645078182 0.619065285 0.197435424 0.168723792 0.162952274 0.980791867 0.095983319 -0.047760908 4.003257275 6.052848816 -10.730633736 0.000000000 0.000000000 -12.000000000 0.020038253 0.539654732
1776612773.650189400 0.618890524 0.197185040 0.168718278 0.163186103 0.980769277 0.096035682 -0.047318846 3.969706774 6.040813446 -10.738073349 0.000000000 0.000000000 -12.000000000 0.020028263 0.540136099
1776612773.654607534 0.618747652 0.196970701 0.168726355 0.163418412 0.980745494 0.096124902 -0.046826288 3.936057568 6.028752327 -10.749376297 0.000000000 0.000000000 -12.000000000 0.020019457 0.540617108
1776612773.660115004 0.618598878 0.196784884 0.168722063 0.163645402 0.980721295 0.096231885 -0.046318110 3.902112484 6.016649246 -10.764310837 0.000000000 0.000000000 -12.000000000 0.020010568 0.541096807
1776612773.664581299 0.618426502 0.196625635 0.168714017 0.163865432 0.980696321 0.096351832 -0.045817237 3.867698193 6.004478455 -10.782622337 0.000000000 0.000000000 -12.000000000 0.020002395 0.541574538
1776612773.674072266 0.618216097 0.196479529 0.168690741 0.164075315 0.980672181 0.096466720 -0.045338642 3.832662344 5.992206097 -10.804032326 0.000000000 0.000000000 -12.000000000 0.019994035 0.542049408
1776612773.674561024 0.617760360 0.196233273 0.168602437 0.164468437 0.980627477 0.096700981 -0.044371843 3.796871424 5.979791164 -10.828242302 0.000000000 0.000000000 -12.000000000 0.019985424 0.542517960
1776612773.679579020 0.617760360 0.196233273 0.168602437 0.164468437 0.980627477 0.096700981 -0.044371843 3.760207891 5.967185974 -10.854932785 0.000000000 0.000000000 -12.000000000 0.019976543 0.542986512
1776612773.684592247 0.617524505 0.196142733 0.168549091 0.164644539 0.980608046 0.096825436 -0.043873552 3.722569704 5.954336643 -10.883770943 0.000000000 0.000000000 -12.000000000 0.019967362 0.543451667
1776612773.689587831 0.617342770 0.196084708 0.168524325 0.164803803 0.980592012 0.096976921 -0.043295480 3.683867455 5.941187382 -10.914413452 0.000000000 0.000000000 -12.000000000 0.019957855 0.543914258
1776612773.694567204 0.617199063 0.196031511 0.168522537 0.164962456 0.980577230 0.097141236 -0.042652957 3.644020319 5.927683353 -10.946508408 0.000000000 0.000000000 -12.000000000 0.019949131 0.544374943
1776612773.699581861 0.617046118 0.196000189 0.168530256 0.165110439 0.980563462 0.097314693 -0.041997001 3.602953434 5.913772106 -10.979705811 0.000000000 0.000000000 -12.000000000 0.019940976 0.544833064
1776612773.704635143 0.616859615 0.195978880 0.168542236 0.165241092 0.980552197 0.097480334 -0.041356295 3.560598135 5.899405003 -11.013653755 0.000000000 0.000000000 -12.000000000 0.019933820 0.545287967
1776612773.709608555 0.616639137 0.195952952 0.168540627 0.165372699 0.980540335 0.097634539 -0.040743336 3.516890764 5.884534359 -11.048007011 0.000000000 0.000000000 -12.000000000 0.019926274 0.545739412
1776612773.714668512 0.616391659 0.195929646 0.168505996 0.165500030 0.980529070 0.097777344 -0.040150795 3.471774340 5.869115829 -11.082424164 0.000000000 0.000000000 -12.000000000 0.019917933 0.546186864
1776612773.719592810 0.616156816 0.195913896 0.168466240 0.165616676 0.980520248 0.097918309 -0.039537039 3.425196886 5.853105545 -11.116576195 0.000000000 0.000000000 -12.000000000 0.019909825 0.546630800
1776612773.724600792 0.615993738 0.195911422 0.168463409 0.165720612 0.980515003 0.098076165 -0.038834017 3.377110481 5.836464405 -11.150147438 0.000000000 0.000000000 -12.000000000 0.019902127 0.547072768
1776612773.729545355 0.615865409 0.195913166 0.168464661 0.165811360 0.980513632 0.098235272 -0.038071927 3.327470064 5.819159508 -11.182842255 0.000000000 0.000000000 -12.000000000 0.019894078 0.547513127
1776612773.734779358 0.615705788 0.195904374 0.168452531 0.165887907 0.980516016 0.098368995 -0.037324738 3.276235104 5.801162720 -11.214384079 0.000000000 0.000000000 -12.000000000 0.019886088 0.547951102
1776612773.739691734 0.615513682 0.195896387 0.168448091 0.165944919 0.980522156 0.098483711 -0.036599077 3.223371029 5.782450199 -11.244521141 0.000000000 0.000000000 -12.000000000 0.019877793 0.548386395
1776612773.744771004 0.615286589 0.195881829 0.168430686 0.165986389 0.980531931 0.098572508 -0.035903484 3.168850660 5.763003349 -11.273023605 0.000000000 0.000000000 -12.000000000 0.019869231 0.548818648
1776612773.749578714 0.615029037 0.195855826 0.168387353 0.166011900 0.980546296 0.098628297 -0.035234012 3.112654448 5.742804050 -11.299682617 0.000000000 0.000000000 -12.000000000 0.019861137 0.549247324
1776612773.754584074 0.614814341 0.195839256 0.168373555 0.166020140 0.980564713 0.098688647 -0.034506600 3.054765463 5.721841335 -11.324313164 0.000000000 0.000000000 -12.000000000 0.019853013 0.549673736
1776612773.759547710 0.614677668 0.195835367 0.168410689 0.166014433 0.980586290 0.098769188 -0.033679981 2.995167255 5.700110435 -11.346755028 0.000000000 0.000000000 -12.000000000 0.019844722 0.550099134
1776612773.764744520 0.614531517 0.195825115 0.168433726 0.166002348 0.980609894 0.098835677 -0.032846779 2.933840752 5.677615643 -11.366868019 0.000000000 0.000000000 -12.000000000 0.019836226 0.550523102
1776612773.769565105 0.614350021 0.195805475 0.168447703 0.165987864 0.980634689 0.098878495 -0.032041267 2.870766640 5.654373169 -11.384535789 0.000000000 0.000000000 -12.000000000 0.019827653 0.550945103
1776612773.774593830 0.614129722 0.195784494 0.168453366 0.165976867 0.980659127 0.098899975 -0.031275488 2.805927277 5.630408287 -11.399662018 0.000000000 0.000000000 -12.000000000 0.019819448 0.551364660
1776612773.779563665 0.613853335 0.195763931 0.168427616 0.165972009 0.980682671 0.098894015 -0.030573582 2.739311457 5.605755806 -11.412167549 0.000000000 0.000000000 -12.000000000 0.019811902 0.551780939
1776612773.784641266 0.613557279 0.195754156 0.168391675 0.165969372 0.980706215 0.098873824 -0.029891102 2.670914173 5.580461025 -11.421991348 0.000000000 0.000000000 -12.000000000 0.019805066 0.552193582
1776612773.789547443 0.613331914 0.195765644 0.168396473 0.165959150 0.980730951 0.098872833 -0.029128540 2.600737810 5.554578304 -11.429088593 0.000000000 0.000000000 -12.000000000 0.019798018 0.552604020
1776612773.795100689 0.613143861 0.195775002 0.168414026 0.165935889 0.980758309 0.098877519 -0.028312879 2.528790712 5.528172970 -11.433434486 0.000000000 0.000000000 -12.000000000 0.019791119 0.553012967
1776612773.800110579 0.612925291 0.195760608 0.168404728 0.165904522 0.980788231 0.098857149 -0.027520213 2.455088139 5.501320362 -11.435018539 0.000000000 0.000000000 -12.000000000 0.019785121 0.553419828
1776612773.805064201 0.612671852 0.195738643 0.168404669 0.165856734 0.980821371 0.098818772 -0.026755398 2.379654646 5.474100590 -11.433846474 0.000000000 0.000000000 -12.000000000 0.019779369 0.553824067
1776612773.810121059 0.612389803 0.195709795 0.168402523 0.165804863 0.980855048 0.098766319 -0.026025115 2.302526951 5.446599007 -11.429936409 0.000000000 0.000000000 -12.000000000 0.019774243 0.554225683
1776612773.815083504 0.612091780 0.195679635 0.168385506 0.165753245 0.980888724 0.098703891 -0.025312696 2.223755121 5.418900967 -11.423318863 0.000000000 0.000000000 -12.000000000 0.019769438 0.554624915
1776612773.820139885 0.611823797 0.195660144 0.168386191 0.165702850 0.980921447 0.098650672 -0.024569983 2.143403053 5.391093254 -11.414034843 0.000000000 0.000000000 -12.000000000 0.019765202 0.555021822
1776612773.825087309 0.611604869 0.195647940 0.168411195 0.165655568 0.980953455 0.098607726 -0.023772201 2.061549425 5.363262177 -11.402140617 0.000000000 0.000000000 -12.000000000 0.019761369 0.555417776
1776612773.830043077 0.611364901 0.195626184 0.168411344 0.165609881 0.980985880 0.098547079 -0.022988904 1.978286386 5.335492611 -11.387703896 0.000000000 0.000000000 -12.000000000 0.019758446 0.555811822
1776612773.834872007 0.611080050 0.195586890 0.168392301 0.165573269 0.981017232 0.098465584 -0.022252813 1.893719912 5.307868004 -11.370805740 0.000000000 0.000000000 -12.000000000 0.019756164 0.556203604
1776612773.839604616 0.610771537 0.195547327 0.168371141 0.165538982 0.981047928 0.098375425 -0.021543067 1.807968855 5.280467987 -11.351533890 0.000000000 0.000000000 -12.000000000 0.019754937 0.556593001
1776612773.844598055 0.610427499 0.195513800 0.168330550 0.165506810 0.981077850 0.098274343 -0.020878389 1.721163154 5.253368855 -11.329986572 0.000000000 0.000000000 -12.000000000 0.019754492 0.556979477
1776612773.849627018 0.610089362 0.195482329 0.168295473 0.165459812 0.981110334 0.098169342 -0.020207630 1.633441091 5.226641178 -11.306267738 0.000000000 0.000000000 -12.000000000 0.019754322 0.557363331
1776612773.854568720 0.609804571 0.195453420 0.168295413 0.165404722 0.981144309 0.098069780 -0.019478342 1.544945478 5.200354576 -11.280487061 0.000000000 0.000000000 -12.000000000 0.019755306 0.557745695
1776612773.860289097 0.609515727 0.195417970 0.168308794 0.165368870 0.981175423 0.097962312 -0.018743865 1.455821395 5.174576759 -11.252759933 0.000000000 0.000000000 -12.000000000 0.019756844 0.558126569
1776612773.864965200 0.609185219 0.195362985 0.168312103 0.165366784 0.981201530 0.097834416 -0.018051723 1.366214871 5.149375439 -11.223206520 0.000000000 0.000000000 -12.000000000 0.019759476 0.558505356
1776612773.869644165 0.608808041 0.195281237 0.168312162 0.165382415 0.981225908 0.097679026 -0.017411340 1.276272178 5.124816895 -11.191947937 0.000000000 0.000000000 -12.000000000 0.019762622 0.558881879
1776612773.874581337 0.608398139 0.195193499 0.168294430 0.165390283 0.981252789 0.097500645 -0.016812751 1.186139464 5.100966930 -11.159109116 0.000000000 0.000000000 -12.000000000 0.019766741 0.559255540
1776612773.879572392 0.607969105 0.195108712 0.168258607 0.165366471 0.981286049 0.097303376 -0.016238982 1.095962405 5.077889442 -11.124811172 0.000000000 0.000000000 -12.000000000 0.019772140 0.559626698
1776612773.884806395 0.607560456 0.195034117 0.168238103 0.165328845 0.981321692 0.097104162 -0.015649227 1.005883694 5.055651188 -11.089173317 0.000000000 0.000000000 -12.000000000 0.019778397 0.559995115
1776612773.889663458 0.607176483 0.194955721 0.168233901 0.165283322 0.981359184 0.096900046 -0.015030955 0.916041732 5.034318924 -11.052316666 0.000000000 0.000000000 -12.000000000 0.019785723 0.560361743
1776612773.895095110 0.606733382 0.194852039 0.168209493 0.165215224 0.981402695 0.096660189 -0.014473419 0.826567590 5.013962269 -11.014354706 0.000000000 0.000000000 -12.000000000 0.019793728 0.560726941
1776612773.899576426 0.606198668 0.194716737 0.168169379 0.165116638 0.981454432 0.096370220 -0.014017317 0.737583876 4.994652271 -10.975399017 0.000000000 0.000000000 -12.000000000 0.019802993 0.561089575
1776612773.904721498 0.605591476 0.194567740 0.168121308 0.164985463 0.981513619 0.096044235 -0.013648262 0.649202585 4.976459026 -10.935551643 0.000000000 0.000000000 -12.000000000 0.019814031 0.561448336
1776612773.910121202 0.604912996 0.194404647 0.168050051 0.164839029 0.981577575 0.095680721 -0.013371967 0.561521828 4.959454536 -10.894908905 0.000000000 0.000000000 -12.000000000 0.019825466 0.561803997
1776612773.914574385 0.603536963 0.194040820 0.167992026 0.164485753 0.981721282 0.094878241 -0.012878722 0.474620938 4.943712711 -10.853557587 0.000000000 0.000000000 -12.000000000 0.019838575 0.562156439
1776612773.920065403 0.603536963 0.194040820 0.167992026 0.164485753 0.981721282 0.094878241 -0.012878722 0.388555944 4.929313183 -10.811581612 0.000000000 0.000000000 -12.000000000 0.019852336 0.562508643
1776612773.924848080 0.602815986 0.193848491 0.167988241 0.164277390 0.981799841 0.094452173 -0.012678851 0.303355992 4.916342258 -10.769055367 0.000000000 0.000000000 -12.000000000 0.019866873 0.562858582
1776612773.930087566 0.601935923 0.193629563 0.167956501 0.164058924 0.981884003 0.093957886 -0.012666647 0.219022781 4.904891968 -10.726049423 0.000000000 0.000000000 -12.000000000 0.019882143 0.563206553
1776612773.935105324 0.600921571 0.193404078 0.167910427 0.163835377 0.981970966 0.093415841 -0.012824883 0.135531843 4.895054817 -10.682623863 0.000000000 0.000000000 -12.000000000 0.019896578 0.563551545
1776612773.940054178 0.599818885 0.193180740 0.167854488 0.163609713 0.982059598 0.092839405 -0.013101025 0.052834228 4.886922359 -10.638831139 0.000000000 0.000000000 -12.000000000 0.019911619 0.563893914
1776612773.945078135 0.598618507 0.192954808 0.167771846 0.163378671 0.982151091 0.092218921 -0.013501002 -0.029141651 4.880579472 -10.594711304 0.000000000 0.000000000 -12.000000000 0.019927183 0.564233899
1776612773.950250387 0.597397208 0.192742288 0.167701274 0.163144827 0.982242465 0.091592312 -0.013940507 -0.110487171 4.876098156 -10.550294876 0.000000000 0.000000000 -12.000000000 0.019943858 0.564571917
1776612773.955020428 0.596185982 0.192530766 0.167656869 0.162933365 0.982329190 0.090968557 -0.014381470 -0.191308841 4.873534203 -10.505600929 0.000000000 0.000000000 -12.000000000 0.019961260 0.564909160
1776612773.960070610 0.594938576 0.192305863 0.167607486 0.162755981 0.982409596 0.090336077 -0.014874090 -0.271722198 4.872920990 -10.460644722 0.000000000 0.000000000 -12.000000000 0.019979965 0.565246820
1776612773.965387106 0.593628347 0.192063704 0.167534381 0.162606612 0.982485473 0.089683339 -0.015436180 -0.351844162 4.874264240 -10.415429115 0.000000000 0.000000000 -12.000000000 0.019998921 0.565584898
1776612773.970077038 0.592295408 0.191827089 0.167466789 0.162465468 0.982559502 0.089022942 -0.016023032 -0.431784153 4.877539158 -10.369954109 0.000000000 0.000000000 -12.000000000 0.020018399 0.565923870
1776612773.974605560 0.590948701 0.191610053 0.167410374 0.162343502 0.982628763 0.088367596 -0.016626442 -0.511635005 4.882689476 -10.324211121 0.000000000 0.000000000 -12.000000000 0.020037675 0.566263556
1776612773.980091810 0.589573443 0.191400111 0.167321265 0.162215665 0.982697725 0.087710455 -0.017265674 -0.591466188 4.889623642 -10.278190613 0.000000000 0.000000000 -12.000000000 0.020056576 0.566604435
1776612773.984706402 0.586948454 0.191022366 0.167164326 0.161937356 0.982837141 0.086422652 -0.018399509 -0.671318829 4.898218155 -10.231875420 0.000000000 0.000000000 -12.000000000 0.020073397 0.566947818
1776612773.990077496 0.586948454 0.191022366 0.167164326 0.161937356 0.982837141 0.086422652 -0.018399509 -0.751201749 4.908317566 -10.185249329 0.000000000 0.000000000 -12.000000000 0.020090964 0.567291200
1776612773.994995832 0.585732281 0.190867946 0.167111844 0.161763847 0.982910931 0.085809827 -0.018849188 -0.831087232 4.919737339 -10.138292313 0.000000000 0.000000000 -12.000000000 0.020108925 0.567636847
1776612773.999616146 0.584567785 0.190705717 0.167059243 0.161595538 0.982983470 0.085209243 -0.019229909 -0.910905898 4.932263851 -10.090988159 0.000000000 0.000000000 -12.000000000 0.020126602 0.567985296
1776612774.004717350 0.583443582 0.190553561 0.167012185 0.161446616 0.983051300 0.084632695 -0.019555362 -0.990541279 4.945654869 -10.043318748 0.000000000 0.000000000 -12.000000000 0.020144293 0.568336785
1776612774.009564877 0.582364857 0.190460473 0.166981757 0.161276028 0.983117580 0.084123082 -0.019828174 -1.069826484 4.959633827 -9.995268822 0.000000000 0.000000000 -12.000000000 0.020163169 0.568691254
1776612774.014552116 0.581351459 0.190407246 0.166947007 0.161142603 0.983172178 0.083689973 -0.020037219 -1.148543477 4.973890305 -9.946824074 0.000000000 0.000000000 -12.000000000 0.020182984 0.569048882
1776612774.019731998 0.580406964 0.190355346 0.166894108 0.161073729 0.983213902 0.083297975 -0.020176515 -1.226425767 4.988078117 -9.897970200 0.000000000 0.000000000 -12.000000000 0.020203423 0.569409311
1776612774.024662495 0.579626441 0.190384716 0.166887313 0.161022872 0.983246207 0.083024070 -0.020137573 -1.303162694 5.001816750 -9.848693848 0.000000000 0.000000000 -12.000000000 0.020224966 0.569772363
1776612774.029551506 0.579005361 0.190506369 0.166935742 0.160987318 0.983268440 0.082883000 -0.019917378 -1.378405690 5.014693260 -9.798980713 0.000000000 0.000000000 -12.000000000 0.020247618 0.570136011
1776612774.034580946 0.578487277 0.190688759 0.167018175 0.161002100 0.983276665 0.082838543 -0.019571656 -1.451772928 5.026265621 -9.748820305 0.000000000 0.000000000 -12.000000000 0.020270700 0.570498824
1776612774.039694309 0.578035057 0.190933675 0.167110503 0.161037728 0.983276069 0.082877181 -0.019139923 -1.522855163 5.036067963 -9.698197365 0.000000000 0.000000000 -12.000000000 0.020294964 0.570860028
1776612774.044573307 0.577575445 0.191225991 0.167188197 0.161063090 0.983272791 0.082965329 -0.018708313 -1.591222405 5.043613911 -9.647089005 0.000000000 0.000000000 -12.000000000 0.020319832 0.571218073
1776612774.050010443 0.577153802 0.191540718 0.167253613 0.161120906 0.983261526 0.083090298 -0.018244814 -1.656437159 5.048408031 -9.595467567 0.000000000 0.000000000 -12.000000000 0.020344734 0.571572483
1776612774.055259228 0.576729178 0.191854417 0.167287916 0.161184296 0.983248830 0.083216980 -0.017785082 -1.718071699 5.049952507 -9.543297768 0.000000000 0.000000000 -12.000000000 0.020370483 0.571924448
1776612774.060035706 0.576309383 0.192180514 0.167311192 0.161220372 0.983239651 0.083352819 -0.017321510 -1.775725961 5.047763824 -9.490534782 0.000000000 0.000000000 -12.000000000 0.020396767 0.572273552
1776612774.064963818 0.575913966 0.192502707 0.167367309 0.161254913 0.983230710 0.083492823 -0.016828861 -1.829043150 5.041382790 -9.437130928 0.000000000 0.000000000 -12.000000000 0.020422641 0.572618484
1776612774.069950342 0.575521469 0.192847908 0.167450577 0.161260813 0.983225107 0.083645247 -0.016334880 -1.877721190 5.030389309 -9.383037567 0.000000000 0.000000000 -12.000000000 0.020448955 0.572959661
1776612774.075446129 0.575074255 0.193217441 0.167548418 0.161220193 0.983225703 0.083801575 -0.015891338 -1.921522379 5.014415741 -9.328205109 0.000000000 0.000000000 -12.000000000 0.020476205 0.573296666
1776612774.080008745 0.574553132 0.193578422 0.167624265 0.161150768 0.983231843 0.083930247 -0.015533418 -1.960279226 4.993152618 -9.272583961 0.000000000 0.000000000 -12.000000000 0.020504812 0.573630452
1776612774.085161448 0.573939025 0.193943381 0.167681247 0.161064997 0.983241737 0.084025443 -0.015280497 -1.993900418 4.966355324 -9.216125488 0.000000000 0.000000000 -12.000000000 0.020533836 0.573959708
1776612774.089991093 0.573209941 0.194326922 0.167709768 0.160955206 0.983255267 0.084097773 -0.015168646 -2.022375107 4.933847904 -9.158776283 0.000000000 0.000000000 -12.000000000 0.020564342 0.574286163
1776612774.094824314 0.572402596 0.194722995 0.167722911 0.160828874 0.983270526 0.084164217 -0.015148383 -2.045776606 4.895524025 -9.100480080 0.000000000 0.000000000 -12.000000000 0.020596407 0.574609637
1776612774.100018263 0.571540475 0.195153370 0.167744845 0.160700381 0.983284175 0.084239781 -0.015206281 -2.064261675 4.851346970 -9.041179657 0.000000000 0.000000000 -12.000000000 0.020630317 0.574930131
1776612774.104838133 0.570675552 0.195588738 0.167798251 0.160590351 0.983293414 0.084329173 -0.015278270 -2.078066826 4.801351070 -8.980813026 0.000000000 0.000000000 -12.000000000 0.020668151 0.575250328
1776612774.110020638 0.569799483 0.196030721 0.167870015 0.160493717 0.983299077 0.084428482 -0.015380425 -2.087499857 4.745636940 -8.919323921 0.000000000 0.000000000 -12.000000000 0.020707382 0.575568259
1776612774.115029335 0.568886936 0.196485922 0.167942375 0.160383582 0.983306885 0.084521405 -0.015517407 -2.092926264 4.684369564 -8.856655121 0.000000000 0.000000000 -12.000000000 0.020748049 0.575884163
1776612774.120009661 0.567961991 0.196933165 0.168006688 0.160301223 0.983310282 0.084609337 -0.015674332 -2.094752312 4.617767811 -8.792755127 0.000000000 0.000000000 -12.000000000 0.020790458 0.576199353
1776612774.124990702 0.567022920 0.197392106 0.168057442 0.160242081 0.983308792 0.084705867 -0.015850749 -2.093405485 4.546099186 -8.727569580 0.000000000 0.000000000 -12.000000000 0.020835200 0.576514781
1776612774.130005836 0.566189408 0.197886094 0.168120295 0.160178930 0.983307123 0.084835060 -0.015899638 -2.089310169 4.469667435 -8.661046982 0.000000000 0.000000000 -12.000000000 0.020881500 0.576828837
1776612774.135008812 0.565375149 0.198387876 0.168144047 0.160134509 0.983302593 0.084968641 -0.015913947 -2.082866430 4.388804913 -8.593136787 0.000000000 0.000000000 -12.000000000 0.020929459 0.577141762
1776612774.139687777 0.564573169 0.198899075 0.168142051 0.160097867 0.983297825 0.085094072 -0.015907289 -2.074431419 4.303862572 -8.523783684 0.000000000 0.000000000 -12.000000000 0.020980390 0.577454865
1776612774.144954681 0.563993037 0.199469820 0.168199062 0.160037681 0.983294308 0.085299045 -0.015631378 -2.064310789 4.215200901 -8.452938080 0.000000000 0.000000000 -12.000000000 0.021032840 0.577764690
1776612774.150150299 0.563608050 0.200052664 0.168299407 0.160006329 0.983284354 0.085563436 -0.015125972 -2.052747250 4.123185158 -8.380547523 0.000000000 0.000000000 -12.000000000 0.021087304 0.578071237
1776612774.155036449 0.563284755 0.200641587 0.168408602 0.159989923 0.983271480 0.085844696 -0.014528354 -2.039915085 4.028173447 -8.306563377 0.000000000 0.000000000 -12.000000000 0.021143219 0.578373492
1776612774.159971714 0.563041210 0.201224566 0.168518603 0.159975126 0.983258724 0.086134434 -0.013823363 -2.025914431 3.930514336 -8.230942726 0.000000000 0.000000000 -12.000000000 0.021202214 0.578673065
1776612774.164924383 0.562861741 0.201798230 0.168616414 0.159966797 0.983246565 0.086411968 -0.013031013 -2.010773897 3.830539703 -8.153646469 0.000000000 0.000000000 -12.000000000 0.021262702 0.578968048
1776612774.169919729 0.562742710 0.202372685 0.168695241 0.159915954 0.983242512 0.086677991 -0.012162386 -1.994458079 3.728567362 -8.074641228 0.000000000 0.000000000 -12.000000000 0.021324635 0.579257846
1776612774.174981117 0.562665164 0.202948660 0.168768436 0.159831345 0.983245552 0.086925223 -0.011233212 -1.976880670 3.624904633 -7.993899822 0.000000000 0.000000000 -12.000000000 0.021388343 0.579542220
1776612774.180014133 0.562576950 0.203509867 0.168836027 0.159723878 0.983254850 0.087131344 -0.010312539 -1.957917690 3.519850492 -7.911401272 0.000000000 0.000000000 -12.000000000 0.021454794 0.579822302
1776612774.184908152 0.562494278 0.204060704 0.168914020 0.159567997 0.983274639 0.087300092 -0.009369460 -1.937421322 3.413698912 -7.827132225 0.000000000 0.000000000 -12.000000000 0.021523532 0.580097437
1776612774.189562082 0.562446892 0.204599619 0.169007272 0.159398511 0.983298779 0.087438144 -0.008377868 -1.915233254 3.306742668 -7.741090298 0.000000000 0.000000000 -12.000000000 0.021594772 0.580367804
1776612774.194905758 0.562432051 0.205137521 0.169130087 0.159173608 0.983333170 0.087554738 -0.007337845 -1.891197324 3.199278831 -7.653287888 0.000000000 0.000000000 -12.000000000 0.021667613 0.580631971
1776612774.199538231 0.562398553 0.205670103 0.169247866 0.158931464 0.983372509 0.087631740 -0.006319399 -1.865172744 3.091613293 -7.563751698 0.000000000 0.000000000 -12.000000000 0.021741720 0.580889583
1776612774.204958916 0.562305391 0.206192315 0.169333369 0.158669725 0.983418465 0.087653935 -0.005366027 -1.837045074 2.984063387 -7.472521782 0.000000000 0.000000000 -12.000000000 0.021817569 0.581141412
1776612774.209738970 0.562145054 0.206679985 0.169384032 0.158411145 0.983468592 0.087608188 -0.004499802 -1.806734800 2.876957893 -7.379651070 0.000000000 0.000000000 -12.000000000 0.021895241 0.581388831
1776612774.214991570 0.561923265 0.207132354 0.169417113 0.158133045 0.983527064 0.087491080 -0.003702332 -1.774202466 2.770638227 -7.285204887 0.000000000 0.000000000 -12.000000000 0.021975039 0.581633329
1776612774.219646931 0.561677694 0.207575738 0.169450521 0.157850862 0.983589053 0.087332912 -0.002931193 -1.739452720 2.665454388 -7.189259529 0.000000000 0.000000000 -12.000000000 0.022056106 0.581873715
1776612774.225030184 0.561401784 0.207998082 0.169493467 0.157576263 0.983652651 0.087134227 -0.002197626 -1.702534318 2.561763287 -7.091902733 0.000000000 0.000000000 -12.000000000 0.022138787 0.582111359
1776612774.229649544 0.561122656 0.208419412 0.169548690 0.157302395 0.983717859 0.086907730 -0.001475231 -1.663539410 2.459924936 -6.993235588 0.000000000 0.000000000 -12.000000000 0.022223229 0.582346499
1776612774.234989405 0.560842693 0.208842099 0.169613302 0.157037094 0.983782470 0.086664714 -0.000759099 -1.622599363 2.360299349 -6.893371105 0.000000000 0.000000000 -12.000000000 0.022309212 0.582578897
1776612774.239673853 0.560531437 0.209260911 0.169661254 0.156781778 0.983847618 0.086390369 -0.000090797 -1.579882503 2.263242960 -6.792434216 0.000000000 0.000000000 -12.000000000 0.022396604 0.582808673
1776612774.244671583 0.560189247 0.209674522 0.169700801 0.156522155 0.983916163 0.086078383 0.000537632 -1.535591364 2.169103622 -6.690561771 0.000000000 0.000000000 -12.000000000 0.022485627 0.583036363
1776612774.249817371 0.559844434 0.210082650 0.169739276 0.156282157 0.983982742 0.085746944 0.001156329 -1.489958405 2.078213215 -6.587902546 0.000000000 0.000000000 -12.000000000 0.022576580 0.583262444
1776612774.254565001 0.559464693 0.210474595 0.169757783 0.156061277 0.984048843 0.085379981 0.001727556 -1.443239331 1.990883470 -6.484612942 0.000000000 0.000000000 -12.000000000 0.022669055 0.583487570
1776612774.259531736 0.559060752 0.210863739 0.169773459 0.155842632 0.984116256 0.084988885 0.002261832 -1.395705819 1.907399178 -6.380860329 0.000000000 0.000000000 -12.000000000 0.022763254 0.583712280
1776612774.264571190 0.558643043 0.211260661 0.169796765 0.155637756 0.984181881 0.084588848 0.002769970 -1.347637892 1.828016520 -6.276819229 0.000000000 0.000000000 -12.000000000 0.022859037 0.583936453
1776612774.269516230 0.558234155 0.211664543 0.169818372 0.155440062 0.984246612 0.084180251 0.003274235 -1.299317718 1.752959251 -6.172670364 0.000000000 0.000000000 -12.000000000 0.022956491 0.584160388
1776612774.274661779 0.557820022 0.212074071 0.169839561 0.155245319 0.984311342 0.083760843 0.003765565 -1.251024485 1.682416081 -6.068601131 0.000000000 0.000000000 -12.000000000 0.023055529 0.584384084
1776612774.279554844 0.557388008 0.212498263 0.169836909 0.155042768 0.984378278 0.083326101 0.004225153 -1.203031540 1.616538763 -5.964802742 0.000000000 0.000000000 -12.000000000 0.023156004 0.584606946
1776612774.284990788 0.556973875 0.212938890 0.169844300 0.154831573 0.984446108 0.082891934 0.004693030 -1.155603051 1.555440426 -5.861467838 0.000000000 0.000000000 -12.000000000 0.023257755 0.584828138
1776612774.289538145 0.556597292 0.213397115 0.169864684 0.154608801 0.984514534 0.082464278 0.005188919 -1.108991742 1.499196172 -5.758787632 0.000000000 0.000000000 -12.000000000 0.023360761 0.585047305
1776612774.294968605 0.556241333 0.213862687 0.169895589 0.154373065 0.984584272 0.082038045 0.005699787 -1.063436747 1.447844267 -5.656950474 0.000000000 0.000000000 -12.000000000 0.023465397 0.585265219
1776612774.300017595 0.555889487 0.214311197 0.169932187 0.154134110 0.984655678 0.081592672 0.006202386 -1.019161701 1.401386142 -5.556140423 0.000000000 0.000000000 -12.000000000 0.023571618 0.585482657
1776612774.305038691 0.555544496 0.214757964 0.169976741 0.153894514 0.984727323 0.081140481 0.006697644 -0.976373672 1.359787345 -5.456535339 0.000000000 0.000000000 -12.000000000 0.023679376 0.585699499
1776612774.309997797 0.555215538 0.215205520 0.170019865 0.153645307 0.984800339 0.080681980 0.007199124 -0.935260952 1.322979808 -5.358307838 0.000000000 0.000000000 -12.000000000 0.023788733 0.585916877
1776612774.314928770 0.554881454 0.215649635 0.170051813 0.153402716 0.984872937 0.080212638 0.007673542 -0.895992339 1.290864825 -5.261623383 0.000000000 0.000000000 -12.000000000 0.023898974 0.586132646
1776612774.320018053 0.554533482 0.216075361 0.170072734 0.153164312 0.984947085 0.079712801 0.008114778 -0.858715773 1.263316870 -5.166640282 0.000000000 0.000000000 -12.000000000 0.024010666 0.586348772
1776612774.324885607 0.554169297 0.216500372 0.170073599 0.152937859 0.985019922 0.079202898 0.008521921 -0.823558569 1.240185261 -5.073507786 0.000000000 0.000000000 -12.000000000 0.024123879 0.586566150
1776612774.329895020 0.553839862 0.216931462 0.170083374 0.152718931 0.985090494 0.078698434 0.008954965 -0.790625751 1.221297503 -4.982367992 0.000000000 0.000000000 -12.000000000 0.024238542 0.586784244
1776612774.334518194 0.553484976 0.217369825 0.170103133 0.152505368 0.985160708 0.078186713 0.009344618 -0.759998739 1.206459761 -4.893358231 0.000000000 0.000000000 -12.000000000 0.024354765 0.587003887
1776612774.340087652 0.553135872 0.217861995 0.170129776 0.152302176 0.985225737 0.077715859 0.009723534 -0.731736064 1.195457816 -4.806609631 0.000000000 0.000000000 -12.000000000 0.024471629 0.587221861
1776612774.344623327 0.552844584 0.218406916 0.170179486 0.152112201 0.985282958 0.077306874 0.010150523 -0.705875158 1.188056588 -4.722249985 0.000000000 0.000000000 -12.000000000 0.024589781 0.587438345
1776612774.349914312 0.552550256 0.218959212 0.170226306 0.151947469 0.985335112 0.076910295 0.010560106 -0.682432711 1.183998466 -4.640399933 0.000000000 0.000000000 -12.000000000 0.024708916 0.587653458
1776612774.354538918 0.552266479 0.219514608 0.170254737 0.151827648 0.985378981 0.076528624 0.010955567 -0.661404014 1.183002234 -4.561172962 0.000000000 0.000000000 -12.000000000 0.024829336 0.587868631
1776612774.359817505 0.551973283 0.220070004 0.170273840 0.151735932 0.985417664 0.076158248 0.011322835 -0.642763495 1.184764743 -4.484671593 0.000000000 0.000000000 -12.000000000 0.024950514 0.588083863
1776612774.364860773 0.551705956 0.220674306 0.170315266 0.151682585 0.985444605 0.075857259 0.011703612 -0.626466274 1.188963532 -4.410990238 0.000000000 0.000000000 -12.000000000 0.025073014 0.588299453
1776612774.369534731 0.551481247 0.221320376 0.170363218 0.151674137 0.985459089 0.075623043 0.012101855 -0.612449884 1.195259333 -4.340213299 0.000000000 0.000000000 -12.000000000 0.025196573 0.588514507
1776612774.375591993 0.551260829 0.221986338 0.170393705 0.151708990 0.985464573 0.075422265 0.012468260 -0.600635290 1.203296661 -4.272416592 0.000000000 0.000000000 -12.000000000 0.025321465 0.588729918
1776612774.379934311 0.550858378 0.223431051 0.170490861 0.151845202 0.985453010 0.075175375 0.013192683 -0.590929210 1.212704897 -4.207667828 0.000000000 0.000000000 -12.000000000 0.025447216 0.588944554
1776612774.384892225 0.550858378 0.223431051 0.170490861 0.151845202 0.985453010 0.075175375 0.013192683 -0.583228409 1.223100424 -4.146028996 0.000000000 0.000000000 -12.000000000 0.025573945 0.589158654
1776612774.389544725 0.550668478 0.224234685 0.170562744 0.151912689 0.985440791 0.075137913 0.013538373 -0.577422321 1.234089732 -4.087553024 0.000000000 0.000000000 -12.000000000 0.025701080 0.589370191
1776612774.394949436 0.550488949 0.225092679 0.170634061 0.151965737 0.985426962 0.075151667 0.013869666 -0.573394895 1.245274305 -4.032289028 0.000000000 0.000000000 -12.000000000 0.025829276 0.589580119
1776612774.400031328 0.550320923 0.225980669 0.170702308 0.152003169 0.985412836 0.075200051 0.014194607 -0.571026444 1.256255984 -3.980280161 0.000000000 0.000000000 -12.000000000 0.025958132 0.589787841
1776612774.404908180 0.550177097 0.226893157 0.170785189 0.152016863 0.985399425 0.075284250 0.014530250 -0.570194781 1.266642928 -3.931567192 0.000000000 0.000000000 -12.000000000 0.026087707 0.589993894
1776612774.409963131 0.550032735 0.227818191 0.170859128 0.152020946 0.985385835 0.075391635 0.014850442 -0.570775688 1.276055098 -3.886187315 0.000000000 0.000000000 -12.000000000 0.026218122 0.590199471
1776612774.414581060 0.549912214 0.228768378 0.170935243 0.152024418 0.985368848 0.075541258 0.015177745 -0.572642267 1.284127474 -3.844174147 0.000000000 0.000000000 -12.000000000 0.026348732 0.590403378
1776612774.419924974 0.549818635 0.229726180 0.171015024 0.152022168 0.985350370 0.075716533 0.015519703 -0.575664580 1.290513635 -3.805558443 0.000000000 0.000000000 -12.000000000 0.026479844 0.590606630
1776612774.424528599 0.549734712 0.230689734 0.171091259 0.152012721 0.985332012 0.075904399 0.015856903 -0.579708457 1.294885993 -3.770366907 0.000000000 0.000000000 -12.000000000 0.026611829 0.590810895
1776612774.429852724 0.549700141 0.231684089 0.171181917 0.151993588 0.985310912 0.076136015 0.016237663 -0.584633768 1.296939015 -3.738624811 0.000000000 0.000000000 -12.000000000 0.026744366 0.591014981
1776612774.434517622 0.549687922 0.232689470 0.171274275 0.151966393 0.985289156 0.076386288 0.016632626 -0.590292156 1.296390176 -3.710355759 0.000000000 0.000000000 -12.000000000 0.026876615 0.591217577
1776612774.439817429 0.549731314 0.233718663 0.171374530 0.151936457 0.985263407 0.076677002 0.017086104 -0.596525133 1.292982578 -3.685585737 0.000000000 0.000000000 -12.000000000 0.027009588 0.591420531
1776612774.444509506 0.549799979 0.234759837 0.171478868 0.151894808 0.985237241 0.076986969 0.017565375 -0.603162944 1.286487937 -3.664343596 0.000000000 0.000000000 -12.000000000 0.027143007 0.591623008
1776612774.449531317 0.549876094 0.235798463 0.171573222 0.151844844 0.985212207 0.077294610 0.018043911 -0.610026479 1.276709199 -3.646661997 0.000000000 0.000000000 -12.000000000 0.027276624 0.591825783
1776612774.454550266 0.549966991 0.236846879 0.171662092 0.151780933 0.985188425 0.077608295 0.018528070 -0.616931260 1.263484120 -3.632576227 0.000000000 0.000000000 -12.000000000 0.027410062 0.592029095
1776612774.459558010 0.550074041 0.237918884 0.171761066 0.151716381 0.985162079 0.077950008 0.019016759 -0.623693585 1.246687174 -3.622125149 0.000000000 0.000000000 -12.000000000 0.027543757 0.592233300
1776612774.464930534 0.550150216 0.238967136 0.171843648 0.151656032 0.985137999 0.078261480 0.019459784 -0.630136311 1.226229429 -3.615350485 0.000000000 0.000000000 -12.000000000 0.027677858 0.592439353
1776612774.469916344 0.550220072 0.239982575 0.171931386 0.151606932 0.985114515 0.078547709 0.019874092 -0.636095583 1.202059150 -3.612298489 0.000000000 0.000000000 -12.000000000 0.027812524 0.592649102
1776612774.474870443 0.550293386 0.240981698 0.172025263 0.151571959 0.985089421 0.078827582 0.020271549 -0.641426146 1.174163103 -3.613023043 0.000000000 0.000000000 -12.000000000 0.027947476 0.592861712
1776612774.479577541 0.550323129 0.241976142 0.172115207 0.151545212 0.985065341 0.079093650 0.020604668 -0.646007359 1.142566800 -3.617587805 0.000000000 0.000000000 -12.000000000 0.028082937 0.593079209
1776612774.484959126 0.550295949 0.242958367 0.172214329 0.151522577 0.985044241 0.079334430 0.020853050 -0.649747670 1.107334495 -3.626068354 0.000000000 0.000000000 -12.000000000 0.028218700 0.593302846
1776612774.489644527 0.550257444 0.243926436 0.172328174 0.151507244 0.985023916 0.079558790 0.021066295 -0.652589619 1.068568826 -3.638553143 0.000000000 0.000000000 -12.000000000 0.028354043 0.593532503
1776612774.495134354 0.550149620 0.244849727 0.172425181 0.151496932 0.985009551 0.079724893 0.021183824 -0.654513657 1.026409507 -3.655141830 0.000000000 0.000000000 -12.000000000 0.028489374 0.593769431
1776612774.499621630 0.549999356 0.245740190 0.172524780 0.151484311 0.985000551 0.079847015 0.021233691 -0.655540287 0.981032312 -3.675945997 0.000000000 0.000000000 -12.000000000 0.028624155 0.594014227
1776612774.504765272 0.549811602 0.246606663 0.172630936 0.151470885 0.984995961 0.079932235 0.021222938 -0.655730784 0.932647049 -3.701086760 0.000000000 0.000000000 -12.000000000 0.028757393 0.594268680
1776612774.509563208 0.549598932 0.247453883 0.172736883 0.151444972 0.984996498 0.079988673 0.021168049 -0.655185223 0.881495953 -3.730691910 0.000000000 0.000000000 -12.000000000 0.028890248 0.594531417
1776612774.514531612 0.549314916 0.248295903 0.172833800 0.151402414 0.985004604 0.080009803 0.021016324 -0.654039323 0.827851355 -3.764894009 0.000000000 0.000000000 -12.000000000 0.029022031 0.594804049
1776612774.519572020 0.548995733 0.249124885 0.172933817 0.151352450 0.985017300 0.080004022 0.020801065 -0.652462840 0.772012830 -3.803826332 0.000000000 0.000000000 -12.000000000 0.029152926 0.595086575
1776612774.524549007 0.548637927 0.249921277 0.173035175 0.151300460 0.985035181 0.079955541 0.020518281 -0.650658667 0.714303136 -3.847619534 0.000000000 0.000000000 -12.000000000 0.029282715 0.595378757
1776612774.529887438 0.548205912 0.250702232 0.173132747 0.151245400 0.985058844 0.079867296 0.020127231 -0.648863435 0.655064344 -3.896396399 0.000000000 0.000000000 -12.000000000 0.029411566 0.595681489
1776612774.534908056 0.547774553 0.251462549 0.173245460 0.151194558 0.985083461 0.079764739 0.019708378 -0.647346318 0.594652832 -3.950268269 0.000000000 0.000000000 -12.000000000 0.029539546 0.595994294
1776612774.539992332 0.547356427 0.252202153 0.173371822 0.151160374 0.985106409 0.079652309 0.019272031 -0.646402657 0.533434629 -4.009329796 0.000000000 0.000000000 -12.000000000 0.029666746 0.596316755
1776612774.544925690 0.546896100 0.252915770 0.173493922 0.151135698 0.985132098 0.079503410 0.018760148 -0.646344483 0.471779615 -4.073655605 0.000000000 0.000000000 -12.000000000 0.029792361 0.596649170
1776612774.549929380 0.546441913 0.253624380 0.173619241 0.151119709 0.985156775 0.079351403 0.018230321 -0.647488236 0.410056233 -4.143296242 0.000000000 0.000000000 -12.000000000 0.029916530 0.596991003
1776612774.554863453 0.545956790 0.254316568 0.173732847 0.151118129 0.985181570 0.079178482 0.017643625 -0.650143683 0.348625600 -4.218272686 0.000000000 0.000000000 -12.000000000 0.030039320 0.597342551
1776612774.559920788 0.545046985 0.255689442 0.173998445 0.151136830 0.985226691 0.078832917 0.016472649 -0.654603899 0.287835240 -4.298572540 0.000000000 0.000000000 -12.000000000 0.030160837 0.597711027
1776612774.564866781 0.545046985 0.255689442 0.173998445 0.151136830 0.985226691 0.078832917 0.016472649 -0.661136866 0.228012994 -4.384144783 0.000000000 0.000000000 -12.000000000 0.030281158 0.598080099
1776612774.569747448 0.544662178 0.256383747 0.174159855 0.151155636 0.985244393 0.078685991 0.015936447 -0.669977427 0.169461727 -4.474897385 0.000000000 0.000000000 -12.000000000 0.030399287 0.598456681
1776612774.574533701 0.544307470 0.257090211 0.174315155 0.151175261 0.985260189 0.078554220 0.015415072 -0.681319833 0.112455577 -4.570694447 0.000000000 0.000000000 -12.000000000 0.030516215 0.598840296
1776612774.580321550 0.543983936 0.257812411 0.174459964 0.151188850 0.985274971 0.078441173 0.014904961 -0.695310891 0.057236303 -4.671352863 0.000000000 0.000000000 -12.000000000 0.030631248 0.599230230
1776612774.584891558 0.543673694 0.258543223 0.174609780 0.151203111 0.985288024 0.078345396 0.014391122 -0.712044835 0.004010117 -4.776642323 0.000000000 0.000000000 -12.000000000 0.030744648 0.599626601
1776612774.589921713 0.543400049 0.259291798 0.174772143 0.151218832 0.985297740 0.078280732 0.013903543 -0.731560826 -0.047054321 -4.886281967 0.000000000 0.000000000 -12.000000000 0.030856414 0.600029111
1776612774.594898701 0.543160558 0.260040760 0.174933821 0.151236027 0.985305488 0.078233063 0.013430083 -0.753842533 -0.095826410 -4.999941349 0.000000000 0.000000000 -12.000000000 0.030966420 0.600436926
1776612774.599972486 0.542974651 0.260798275 0.175106078 0.151252061 0.985310555 0.078212112 0.012992633 -0.778819859 -0.142212600 -5.117240906 0.000000000 0.000000000 -12.000000000 0.031074820 0.600849330
1776612774.604852915 0.542850733 0.261556476 0.175303191 0.151276276 0.985311508 0.078216583 0.012604620 -0.806371450 -0.186154127 -5.237754345 0.000000000 0.000000000 -12.000000000 0.031181399 0.601265728
1776612774.609920502 0.542761981 0.262318224 0.175490528 0.151276231 0.985314906 0.078232624 0.012235206 -0.836327136 -0.227623984 -5.361010551 0.000000000 0.000000000 -12.000000000 0.031285852 0.601685584
1776612774.614902258 0.542697906 0.263075352 0.175670177 0.151276231 0.985318065 0.078248858 0.011870160 -0.868470371 -0.266623139 -5.486496925 0.000000000 0.000000000 -12.000000000 0.031388696 0.602108717
1776612774.619943142 0.542658746 0.263830304 0.175852835 0.151259094 0.985323012 0.078272566 0.011517884 -0.902541518 -0.303175867 -5.613664627 0.000000000 0.000000000 -12.000000000 0.031489536 0.602535069
1776612774.624995470 0.542624772 0.264572918 0.176010221 0.151246682 0.985328019 0.078286432 0.011153664 -0.938243210 -0.337324679 -5.741930485 0.000000000 0.000000000 -12.000000000 0.031588387 0.602964640
1776612774.629760504 0.542586923 0.265306234 0.176157415 0.151203811 0.985338509 0.078290515 0.010770859 -0.975246310 -0.369125962 -5.870686054 0.000000000 0.000000000 -12.000000000 0.031685330 0.603397787
1776612774.634631395 0.542584419 0.266028821 0.176299602 0.151175424 0.985346496 0.078295074 0.010401656 -1.013196945 -0.398646504 -5.999302864 0.000000000 0.000000000 -12.000000000 0.031780005 0.603833735
1776612774.639565468 0.542605102 0.266738892 0.176435858 0.151141927 0.985355020 0.078299679 0.010038027 -1.051722884 -0.425959408 -6.127139091 0.000000000 0.000000000 -12.000000000 0.031872615 0.604272366
1776612774.644579887 0.542649984 0.267431796 0.176556468 0.151120439 0.985361814 0.078301162 0.009676609 -1.090440869 -0.451140046 -6.253548145 0.000000000 0.000000000 -12.000000000 0.031963017 0.604713082
1776612774.649727345 0.542689264 0.268100441 0.176663548 0.151102334 0.985369682 0.078284316 0.009286881 -1.128961802 -0.474263698 -6.377885342 0.000000000 0.000000000 -12.000000000 0.032050483 0.605155647
1776612774.654594183 0.542746186 0.268745810 0.176758438 0.151093200 0.985377014 0.078255884 0.008888194 -1.166895628 -0.495404422 -6.499516010 0.000000000 0.000000000 -12.000000000 0.032136191 0.605600178
1776612774.659597635 0.542840600 0.269384623 0.176868558 0.151092529 0.985381961 0.078236811 0.008508536 -1.203855395 -0.514634728 -6.617824078 0.000000000 0.000000000 -12.000000000 0.032219201 0.606045663
1776612774.664741516 0.542969346 0.270014465 0.176993161 0.151098087 0.985385120 0.078225344 0.008143460 -1.239460707 -0.532025218 -6.732222080 0.000000000 0.000000000 -12.000000000 0.032300122 0.606492043
1776612774.669573784 0.543127239 0.270630836 0.177130908 0.151109591 0.985387266 0.078211807 0.007792449 -1.273339987 -0.547644377 -6.842158794 0.000000000 0.000000000 -12.000000000 0.032378979 0.606939137
1776612774.674529314 0.543263733 0.271220297 0.177251875 0.151118934 0.985391557 0.078177877 0.007400465 -1.305133104 -0.561559260 -6.947125912 0.000000000 0.000000000 -12.000000000 0.032456983 0.607388318
1776612774.679535151 0.543373346 0.271774650 0.177332997 0.151136667 0.985397518 0.078109361 0.006955953 -1.334491730 -0.573836088 -7.046665668 0.000000000 0.000000000 -12.000000000 0.032532938 0.607838511
1776612774.684625626 0.543468058 0.272307396 0.177388340 0.151158780 0.985404372 0.078021631 0.006469189 -1.361081243 -0.584541380 -7.140371323 0.000000000 0.000000000 -12.000000000 0.032608308 0.608290732
1776612774.689723969 0.543569565 0.272803873 0.177422106 0.151183873 0.985412359 0.077912785 0.005961386 -1.384583592 -0.593740761 -7.227890491 0.000000000 0.000000000 -12.000000000 0.032682251 0.608743668
1776612774.694769382 0.543690324 0.273274541 0.177448362 0.151232928 0.985416830 0.077797890 0.005454289 -1.404702783 -0.601497710 -7.308927059 0.000000000 0.000000000 -12.000000000 0.032754634 0.609196663
1776612774.699541569 0.543843865 0.273743987 0.177487791 0.151261613 0.985423565 0.077689543 0.004962648 -1.421170831 -0.607871652 -7.383243561 0.000000000 0.000000000 -12.000000000 0.032825995 0.609649718
1776612774.704502106 0.544057846 0.274196565 0.177557051 0.151288986 0.985428631 0.077599406 0.004517138 -1.433753014 -0.612917781 -7.450664043 0.000000000 0.000000000 -12.000000000 0.032896094 0.610101819
1776612774.709569693 0.544320524 0.274633557 0.177643746 0.151335567 0.985429227 0.077524208 0.004093871 -1.442250967 -0.616689503 -7.511071682 0.000000000 0.000000000 -12.000000000 0.032965612 0.610552788
1776612774.714518309 0.544571280 0.275046974 0.177716881 0.151378214 0.985431671 0.077432461 0.003645467 -1.446502805 -0.619242728 -7.564413071 0.000000000 0.000000000 -12.000000000 0.033034284 0.611002564
1776612774.719564676 0.544783354 0.275431335 0.177751452 0.151394710 0.985440731 0.077307262 0.003138745 -1.446381927 -0.620639563 -7.610694885 0.000000000 0.000000000 -12.000000000 0.033103917 0.611452341
1776612774.724621534 0.544986963 0.275781512 0.177762538 0.151410565 0.985451281 0.077161185 0.002602206 -1.441795349 -0.620949984 -7.649984837 0.000000000 0.000000000 -12.000000000 0.033172932 0.611901164
1776612774.729615927 0.545196414 0.276088029 0.177757949 0.151432306 0.985462725 0.076988660 0.002043319 -1.432681680 -0.620253742 -7.682407856 0.000000000 0.000000000 -12.000000000 0.033241447 0.612348378
1776612774.734542608 0.545421898 0.276378572 0.177763134 0.151460946 0.985472381 0.076821737 0.001484111 -1.419010878 -0.618641496 -7.708149433 0.000000000 0.000000000 -12.000000000 0.033309996 0.612793982
1776612774.739562035 0.545685887 0.276673675 0.177806258 0.151488721 0.985480249 0.076674402 0.000949107 -1.400782466 -0.616215348 -7.727450848 0.000000000 0.000000000 -12.000000000 0.033378258 0.613237560
1776612774.744556427 0.546023488 0.276999772 0.177903354 0.151503921 0.985485494 0.076580808 0.000490761 -1.378023505 -0.613088012 -7.740611076 0.000000000 0.000000000 -12.000000000 0.033446301 0.613678873
1776612774.749570847 0.546383798 0.277331084 0.178001612 0.151491314 0.985494256 0.076494746 0.000051215 -1.350787282 -0.609382570 -7.747981548 0.000000000 0.000000000 -12.000000000 0.033514261 0.614117920
1776612774.755053759 0.546701610 0.277639210 0.178061843 0.151483074 0.985503197 0.076394893 -0.000447068 -1.319152355 -0.605233788 -7.749959469 0.000000000 0.000000000 -12.000000000 0.033582233 0.614555418
1776612774.759512663 0.547011137 0.277932465 0.178107053 0.151501626 0.985506713 0.076307364 -0.000983696 -1.283219576 -0.600791633 -7.746983528 0.000000000 0.000000000 -12.000000000 0.033650301 0.614991188
1776612774.764837980 0.547306955 0.278214037 0.178129613 0.151540786 0.985505939 0.076230183 -0.001562763 -1.243108749 -0.596226037 -7.739527225 0.000000000 0.000000000 -12.000000000 0.033718586 0.615425289
1776612774.769572020 0.547598004 0.278493166 0.178135693 0.151608065 0.985498786 0.076173767 -0.002168759 -1.198956609 -0.591728389 -7.728094101 0.000000000 0.000000000 -12.000000000 0.033787116 0.615857720
1776612774.775460005 0.547935843 0.278795570 0.178174883 0.151703715 0.985482812 0.076171331 -0.002746899 -1.150914669 -0.587508798 -7.713216305 0.000000000 0.000000000 -12.000000000 0.033856280 0.616288066
1776612774.779888391 0.548753262 0.279510200 0.178379774 0.151958391 0.985425472 0.076359756 -0.003798904 -1.099147797 -0.583791316 -7.695447445 0.000000000 0.000000000 -12.000000000 0.033926032 0.616714418
1776612774.784586668 0.548753262 0.279510200 0.178379774 0.151958391 0.985425472 0.076359756 -0.003798904 -1.043831229 -0.580808818 -7.675363064 0.000000000 0.000000000 -12.000000000 0.033996176 0.617140770
1776612774.789839268 0.549117148 0.279886574 0.178463161 0.152116135 0.985388935 0.076485887 -0.004389143 -0.985149503 -0.578798294 -7.653552055 0.000000000 0.000000000 -12.000000000 0.034066744 0.617566645
1776612774.794610262 0.549468338 0.280272245 0.178542614 0.152294651 0.985347033 0.076632313 -0.005005708 -0.923294544 -0.577997625 -7.630609989 0.000000000 0.000000000 -12.000000000 0.034138869 0.617991269
1776612774.799841404 0.549851418 0.280669749 0.178630322 0.152491555 0.985299408 0.076811731 -0.005603394 -0.858464897 -0.578643024 -7.607131958 0.000000000 0.000000000 -12.000000000 0.034211714 0.618414879
1776612774.804671288 0.550247431 0.281049103 0.178703159 0.152712539 0.985247195 0.076995626 -0.006203337 -0.790864170 -0.580967426 -7.583705902 0.000000000 0.000000000 -12.000000000 0.034285177 0.618836999
1776612774.809818268 0.550691962 0.281437904 0.178797215 0.152955934 0.985188425 0.077216454 -0.006774100 -0.720700562 -0.585197031 -7.560908318 0.000000000 0.000000000 -12.000000000 0.034359157 0.619257092
1776612774.814536572 0.551189244 0.281844288 0.178920895 0.153210163 0.985124290 0.077482641 -0.007295435 -0.648185849 -0.591547966 -7.539301395 0.000000000 0.000000000 -12.000000000 0.034433510 0.619675457
1776612774.819862366 0.551736176 0.282272607 0.179044813 0.153485551 0.985052526 0.077803664 -0.007763560 -0.573530734 -0.600225091 -7.519426823 0.000000000 0.000000000 -12.000000000 0.034508359 0.620091677
1776612774.824703455 0.552808166 0.283102036 0.179267287 0.154121965 0.984890699 0.078488581 -0.008730398 -0.496937156 -0.611423254 -7.501802921 0.000000000 0.000000000 -12.000000000 0.034583714 0.620505095
1776612774.829911947 0.552808166 0.283102036 0.179267287 0.154121965 0.984890699 0.078488581 -0.008730398 -0.418589741 -0.625330448 -7.486919880 0.000000000 0.000000000 -12.000000000 0.034659334 0.620918512
1776612774.834526777 0.553410709 0.283518672 0.179375470 0.154464975 0.984802544 0.078873098 -0.009141466 -0.338649064 -0.642129779 -7.475236893 0.000000000 0.000000000 -12.000000000 0.034735177 0.621330619
1776612774.839878082 0.554065526 0.283982366 0.179472238 0.154796794 0.984711826 0.079312287 -0.009493499 -0.257249445 -0.661997616 -7.467178345 0.000000000 0.000000000 -12.000000000 0.034811292 0.621740639
1776612774.844574451 0.554854870 0.284523696 0.179622620 0.155097678 0.984618723 0.079854913 -0.009687439 -0.174499467 -0.685099065 -7.463132858 0.000000000 0.000000000 -12.000000000 0.034887534 0.622149587
1776612774.853096724 0.555785596 0.285114318 0.179819584 0.155383542 0.984521866 0.080487937 -0.009710163 -0.090481244 -0.711584210 -7.463449478 0.000000000 0.000000000 -12.000000000 0.034963850 0.622556567
1776612774.855162621 0.557605326 0.286214978 0.180148512 0.155925259 0.984333158 0.081733853 -0.009755794 -0.005248262 -0.741586626 -7.468433857 0.000000000 0.000000000 -12.000000000 0.035040151 0.622961342
1776612774.859701872 0.557605326 0.286214978 0.180148512 0.155925259 0.984333158 0.081733853 -0.009755794 0.081176162 -0.775222540 -7.478349686 0.000000000 0.000000000 -12.000000000 0.035116356 0.623366117
1776612774.864645720 0.558613062 0.286720663 0.180318534 0.156185150 0.984239340 0.082374670 -0.009670443 0.168797657 -0.812588334 -7.493417740 0.000000000 0.000000000 -12.000000000 0.035192367 0.623769283
1776612774.869610786 0.559680223 0.287210673 0.180474222 0.156422690 0.984148026 0.083029956 -0.009519691 0.257645667 -0.853756368 -7.513814926 0.000000000 0.000000000 -12.000000000 0.035268184 0.624170363
1776612774.874541044 0.560797572 0.287729979 0.180635512 0.156598613 0.984064639 0.083708487 -0.009301896 0.347765744 -0.898767710 -7.539674282 0.000000000 0.000000000 -12.000000000 0.035343569 0.624568880
1776612774.879566431 0.562011600 0.288253337 0.180838943 0.156737953 0.983985603 0.084411517 -0.008955464 0.439213067 -0.947626114 -7.571087360 0.000000000 0.000000000 -12.000000000 0.035418682 0.624966443
1776612774.884556532 0.563218594 0.288751513 0.181021124 0.156867251 0.983909845 0.085089281 -0.008597293 0.532048047 -1.000293851 -7.608099461 0.000000000 0.000000000 -12.000000000 0.035493370 0.625363171
1776612774.889565468 0.564347506 0.289231122 0.181180656 0.156980753 0.983838797 0.085728265 -0.008301302 0.626332581 -1.056689262 -7.650714397 0.000000000 0.000000000 -12.000000000 0.035567500 0.625760853
1776612774.894522667 0.565445423 0.289688945 0.181328982 0.157079220 0.983771622 0.086342178 -0.008034721 0.722126424 -1.116685033 -7.698895454 0.000000000 0.000000000 -12.000000000 0.035641056 0.626160145
1776612774.899584532 0.566601157 0.290143132 0.181496263 0.157183751 0.983702064 0.086972311 -0.007700456 0.819481790 -1.180108309 -7.752570629 0.000000000 0.000000000 -12.000000000 0.035713978 0.626560986
1776612774.904550076 0.567767620 0.290573627 0.181662172 0.157304734 0.983631253 0.087582298 -0.007356397 0.918435991 -1.246737957 -7.811635971 0.000000000 0.000000000 -12.000000000 0.035786532 0.626964331
1776612774.909512281 0.568932831 0.290957868 0.181844503 0.157464907 0.983556986 0.088154696 -0.007017661 1.019003272 -1.316302538 -7.875960827 0.000000000 0.000000000 -12.000000000 0.035858333 0.627368629
1776612774.914960861 0.570122778 0.291306227 0.182047397 0.157653779 0.983478963 0.088713966 -0.006651847 1.121165872 -1.388477087 -7.945389748 0.000000000 0.000000000 -12.000000000 0.035929222 0.627773166
1776612774.919917583 0.571218729 0.291594446 0.182205886 0.157838821 0.983407497 0.089195743 -0.006381912 1.224870205 -1.462883115 -8.019744873 0.000000000 0.000000000 -12.000000000 0.035999559 0.628179669
1776612774.924596310 0.572199523 0.291842341 0.182338566 0.158022836 0.983341813 0.089603722 -0.006235303 1.330024481 -1.539090872 -8.098823547 0.000000000 0.000000000 -12.000000000 0.036069259 0.628588676
1776612774.929828882 0.573047280 0.292038292 0.182435513 0.158216044 0.983281434 0.089923792 -0.006245369 1.436494350 -1.616622806 -8.182398796 0.000000000 0.000000000 -12.000000000 0.036138099 0.628999889
1776612774.934542656 0.573839724 0.292202622 0.182511926 0.158417180 0.983223557 0.090196334 -0.006324825 1.544095635 -1.694956183 -8.270218849 0.000000000 0.000000000 -12.000000000 0.036207128 0.629414618
1776612774.939959764 0.574610591 0.292365074 0.182608724 0.158611357 0.983168185 0.090451419 -0.006430898 1.652589679 -1.773527861 -8.362010956 0.000000000 0.000000000 -12.000000000 0.036275178 0.629831195
1776612774.944541216 0.575339556 0.292559415 0.182751626 0.158798248 0.983111858 0.090723418 -0.006588761 1.761683345 -1.851741076 -8.457477570 0.000000000 0.000000000 -12.000000000 0.036342762 0.630251527
1776612774.949946165 0.575965643 0.292756438 0.182897627 0.158987269 0.983055532 0.090981901 -0.006867482 1.871031642 -1.928977132 -8.556302071 0.000000000 0.000000000 -12.000000000 0.036409803 0.630676210
1776612774.954520226 0.576481640 0.292930752 0.183009803 0.159204930 0.982995510 0.091216758 -0.007284436 1.980242252 -2.004606724 -8.658145905 0.000000000 0.000000000 -12.000000000 0.036475766 0.631104410
1776612774.959958553 0.576810598 0.293041885 0.183065891 0.159447655 0.982937694 0.091362201 -0.007933181 2.088879347 -2.078001499 -8.762645721 0.000000000 0.000000000 -12.000000000 0.036541205 0.631535590
1776612774.964585066 0.577093124 0.293132186 0.183112383 0.159705296 0.982877254 0.091495641 -0.008664975 2.196466684 -2.148542166 -8.869419098 0.000000000 0.000000000 -12.000000000 0.036605507 0.631968319
1776612774.969948769 0.577379346 0.293223202 0.183182925 0.159972489 0.982811689 0.091659099 -0.009411395 2.302492142 -2.215627432 -8.978059769 0.000000000 0.000000000 -12.000000000 0.036669258 0.632402360
1776612774.974642038 0.577637196 0.293293089 0.183264405 0.160233259 0.982747197 0.091809839 -0.010206647 2.406416893 -2.278684139 -9.088141441 0.000000000 0.000000000 -12.000000000 0.036731962 0.632837117
1776612774.979882479 0.577891946 0.293379158 0.183394074 0.160471410 0.982684076 0.091976836 -0.011008010 2.507685900 -2.337175846 -9.199221611 0.000000000 0.000000000 -12.000000000 0.036793441 0.633273423
1776612774.985068560 0.578117073 0.293475777 0.183529407 0.160693020 0.982621789 0.092151053 -0.011846399 2.605742693 -2.390610218 -9.310842514 0.000000000 0.000000000 -12.000000000 0.036853652 0.633711696
1776612774.989913702 0.578252852 0.293548077 0.183617532 0.160895005 0.982564807 0.092281654 -0.012777214 2.700044155 -2.438548326 -9.422533035 0.000000000 0.000000000 -12.000000000 0.036912560 0.634151697
1776612774.994725704 0.578308046 0.293603390 0.183664531 0.161071584 0.982514083 0.092366733 -0.013800609 2.790072680 -2.480610609 -9.533807755 0.000000000 0.000000000 -12.000000000 0.036970135 0.634593129
1776612774.999768019 0.578350902 0.293624163 0.183695227 0.161249235 0.982463419 0.092432715 -0.014850494 2.875346899 -2.516483784 -9.644167900 0.000000000 0.000000000 -12.000000000 0.037026346 0.635034740
1776612775.004878759 0.578441501 0.293621451 0.183715761 0.161424473 0.982411921 0.092506722 -0.015857453 2.955428839 -2.545920610 -9.753105164 0.000000000 0.000000000 -12.000000000 0.037081238 0.635475099
1776612775.009950399 0.578582823 0.293616980 0.183753520 0.161591902 0.982360125 0.092597641 -0.016803151 3.029931068 -2.568739414 -9.860103607 0.000000000 0.000000000 -12.000000000 0.037134733 0.635914207
1776612775.014873028 0.578820467 0.293617845 0.183840215 0.161782876 0.982299864 0.092744239 -0.017655853 3.098526001 -2.584820509 -9.964641571 0.000000000 0.000000000 -12.000000000 0.037186820 0.636351705
1776612775.019893408 0.579102576 0.293596983 0.183945835 0.161973059 0.982238412 0.092906795 -0.018459557 3.160952568 -2.594105244 -10.066194534 0.000000000 0.000000000 -12.000000000 0.037237354 0.636787057
1776612775.024716139 0.579359233 0.293563992 0.184018195 0.162166923 0.982176304 0.093057081 -0.019285562 3.217023611 -2.596596718 -10.164239883 0.000000000 0.000000000 -12.000000000 0.037286863 0.637220442
1776612775.029746771 0.579613209 0.293509275 0.184087247 0.162399933 0.982105911 0.093215771 -0.020126117 3.266630888 -2.592362404 -10.258255005 0.000000000 0.000000000 -12.000000000 0.037335787 0.637651443
1776612775.034814596 0.579870522 0.293458730 0.184143394 0.162631676 0.982034445 0.093379609 -0.020965071 3.309746265 -2.581535339 -10.347721100 0.000000000 0.000000000 -12.000000000 0.037383370 0.638080180
1776612775.039880753 0.580149710 0.293431371 0.184175283 0.162842289 0.981964171 0.093566425 -0.021773197 3.346422434 -2.564310789 -10.432128906 0.000000000 0.000000000 -12.000000000 0.037429694 0.638507009
1776612775.044997931 0.580485761 0.293425441 0.184209913 0.163068250 0.981887698 0.093796909 -0.022527616 3.376784563 -2.540939808 -10.510985374 0.000000000 0.000000000 -12.000000000 0.037474748 0.638931870
1776612775.049629450 0.580894113 0.293455720 0.184279382 0.163298219 0.981806338 0.094083965 -0.023199502 3.401025295 -2.511720657 -10.583819389 0.000000000 0.000000000 -12.000000000 0.037518937 0.639355779
1776612775.054867744 0.581324100 0.293473452 0.184346646 0.163533583 0.981722713 0.094383314 -0.023854302 3.419395208 -2.476989746 -10.650187492 0.000000000 0.000000000 -12.000000000 0.037562888 0.639778256
1776612775.059552193 0.581698120 0.293474048 0.184385151 0.163748503 0.981642544 0.094663367 -0.024560841 3.432196856 -2.437114239 -10.709684372 0.000000000 0.000000000 -12.000000000 0.037605681 0.640199423
1776612775.064871550 0.582050502 0.293450743 0.184410423 0.163987532 0.981557846 0.094932459 -0.025301000 3.439780474 -2.392485380 -10.761946678 0.000000000 0.000000000 -12.000000000 0.037647355 0.640618861
1776612775.069535732 0.582388282 0.293396473 0.184425145 0.164251745 0.981469393 0.095183603 -0.026062626 3.442534924 -2.343509436 -10.806654930 0.000000000 0.000000000 -12.000000000 0.037688088 0.641036034
1776612775.074864626 0.582730949 0.293333083 0.184412599 0.164507702 0.981381118 0.095438525 -0.026828302 3.440879107 -2.290599108 -10.843540192 0.000000000 0.000000000 -12.000000000 0.037728593 0.641450286
1776612775.079841137 0.583060265 0.293257892 0.184386015 0.164741397 0.981296659 0.095682271 -0.027605638 3.435253143 -2.234165430 -10.872386932 0.000000000 0.000000000 -12.000000000 0.037768226 0.641861737
1776612775.084758043 0.583436608 0.293203443 0.184397578 0.164986029 0.981207192 0.095964193 -0.028336130 3.426109314 -2.174609184 -10.893034935 0.000000000 0.000000000 -12.000000000 0.037807092 0.642271161
1776612775.089531183 0.583834589 0.293165594 0.184441388 0.165210918 0.981118143 0.096278198 -0.029034501 3.413904667 -2.112315655 -10.905382156 0.000000000 0.000000000 -12.000000000 0.037845120 0.642679572
1776612775.094514132 0.584192574 0.293120503 0.184468716 0.165405214 0.981032968 0.096589714 -0.029763663 3.399092674 -2.047647715 -10.909382820 0.000000000 0.000000000 -12.000000000 0.037882693 0.643087149
1776612775.099600077 0.584476411 0.293055803 0.184464842 0.165617660 0.980944455 0.096869335 -0.030579641 3.382119656 -1.980942607 -10.905046463 0.000000000 0.000000000 -12.000000000 0.037919924 0.643493652
1776612775.104884386 0.584732652 0.292960405 0.184441298 0.165837273 0.980854571 0.097129092 -0.031437229 3.363422632 -1.912511230 -10.892439842 0.000000000 0.000000000 -12.000000000 0.037956737 0.643898129
1776612775.109961271 0.584985435 0.292863905 0.184388191 0.166046068 0.980764270 0.097399235 -0.032303695 3.343426228 -1.842637181 -10.871684074 0.000000000 0.000000000 -12.000000000 0.037992679 0.644300044
1776612775.114821672 0.585217118 0.292755902 0.184311748 0.166282341 0.980666876 0.097674482 -0.033202380 3.322540283 -1.771577239 -10.842953682 0.000000000 0.000000000 -12.000000000 0.038028527 0.644698977
1776612775.119857311 0.585448205 0.292644501 0.184247792 0.166510716 0.980568886 0.097957432 -0.034105189 3.301158190 -1.699561834 -10.806477547 0.000000000 0.000000000 -12.000000000 0.038064681 0.645095110
1776612775.124523878 0.585695446 0.292534620 0.184212536 0.166748792 0.980465353 0.098275408 -0.034992900 3.279654741 -1.626795530 -10.762535095 0.000000000 0.000000000 -12.000000000 0.038101088 0.645488739
1776612775.129919291 0.585941195 0.292428851 0.184191823 0.166990519 0.980358899 0.098607525 -0.035877280 3.258385181 -1.553458214 -10.711457253 0.000000000 0.000000000 -12.000000000 0.038137857 0.645880461
1776612775.134541273 0.586150408 0.292319536 0.184153497 0.167224392 0.980250955 0.098944843 -0.036796592 3.237683058 -1.479706526 -10.653621674 0.000000000 0.000000000 -12.000000000 0.038175408 0.646270216
1776612775.139679909 0.586325526 0.292220712 0.184101641 0.167456865 0.980140030 0.099286936 -0.037760872 3.217859745 -1.405675888 -10.589448929 0.000000000 0.000000000 -12.000000000 0.038213532 0.646658242
1776612775.144526482 0.586493194 0.292120218 0.184056461 0.167681873 0.980028570 0.099634059 -0.038728490 3.199204683 -1.331482768 -10.519404411 0.000000000 0.000000000 -12.000000000 0.038252123 0.647044778
1776612775.149553061 0.586644769 0.292026937 0.183995813 0.167912021 0.979912817 0.099992886 -0.039721444 3.181985140 -1.257225871 -10.443992615 0.000000000 0.000000000 -12.000000000 0.038292028 0.647429645
1776612775.154575825 0.586771488 0.291935712 0.183927923 0.168139160 0.979795694 0.100352861 -0.040729392 3.166444778 -1.182988882 -10.363757133 0.000000000 0.000000000 -12.000000000 0.038332492 0.647813261
1776612775.159522295 0.586889267 0.291849196 0.183870375 0.168362513 0.979675710 0.100725904 -0.041758936 3.152804375 -1.108841777 -10.279272079 0.000000000 0.000000000 -12.000000000 0.038373947 0.648195624
1776612775.164676189 0.587020576 0.291755497 0.183839381 0.168581724 0.979554713 0.101112694 -0.042766914 3.141261578 -1.034841299 -10.191140175 0.000000000 0.000000000 -12.000000000 0.038416393 0.648576796
1776612775.169505119 0.587176502 0.291672170 0.183819920 0.168792874 0.979432046 0.101526856 -0.043750506 3.131991148 -0.961032152 -10.099990845 0.000000000 0.000000000 -12.000000000 0.038459878 0.648956776
1776612775.174949884 0.587279618 0.291572303 0.183789104 0.169013739 0.979305863 0.101926170 -0.044782106 3.125145197 -0.887447178 -10.006469727 0.000000000 0.000000000 -12.000000000 0.038504452 0.649335623
1776612775.179873228 0.587342441 0.291450441 0.183728129 0.169219077 0.979181647 0.102298215 -0.045861840 3.120851994 -0.814107895 -9.911236763 0.000000000 0.000000000 -12.000000000 0.038550150 0.649712563
1776612775.184616566 0.587407649 0.291339010 0.183676571 0.169422403 0.979055226 0.102685809 -0.046931315 3.119215488 -0.741024375 -9.814961433 0.000000000 0.000000000 -12.000000000 0.038596999 0.650088072
1776612775.189851046 0.587462723 0.291223258 0.183616757 0.169604287 0.978931189 0.103068337 -0.048011322 3.120315552 -0.668196082 -9.718318939 0.000000000 0.000000000 -12.000000000 0.038645282 0.650461972
1776612775.196332932 0.587502480 0.291115940 0.183548182 0.169785306 0.978804410 0.103460155 -0.049100891 3.124209404 -0.595612705 -9.621979713 0.000000000 0.000000000 -12.000000000 0.038694568 0.650834560
1776612775.199750185 0.587604105 0.290910602 0.183466643 0.170122012 0.978548765 0.104282252 -0.051245213 3.130935192 -0.523254454 -9.526608467 0.000000000 0.000000000 -12.000000000 0.038745135 0.651205122
1776612775.204746485 0.587604105 0.290910602 0.183466643 0.170122012 0.978548765 0.104282252 -0.051245213 3.140512943 -0.451091141 -9.432864189 0.000000000 0.000000000 -12.000000000 0.038796857 0.651575685
1776612775.209588766 0.587713718 0.290810317 0.183476359 0.170295417 0.978417456 0.104733869 -0.052245580 3.152949095 -0.379082054 -9.341396332 0.000000000 0.000000000 -12.000000000 0.038849525 0.651945472
1776612775.214559317 0.587840378 0.290713727 0.183499962 0.170457810 0.978285909 0.105205715 -0.053221565 3.168235540 -0.307179570 -9.252841949 0.000000000 0.000000000 -12.000000000 0.038903292 0.652314484
1776612775.219877720 0.587960601 0.290623307 0.183513314 0.170640320 0.978148043 0.105687551 -0.054207504 3.186349154 -0.235332087 -9.167814255 0.000000000 0.000000000 -12.000000000 0.038958114 0.652682602
1776612775.224559546 0.588056147 0.290529877 0.183488250 0.170821011 0.978008330 0.106162705 -0.055220857 3.207249641 -0.163484827 -9.086897850 0.000000000 0.000000000 -12.000000000 0.039013743 0.653049350
1776612775.229883671 0.588137031 0.290428519 0.183453500 0.171013609 0.977865338 0.106629238 -0.056248941 3.230882645 -0.091580063 -9.010641098 0.000000000 0.000000000 -12.000000000 0.039070312 0.653414607
1776612775.234755754 0.588208139 0.290335417 0.183405668 0.171198010 0.977721512 0.107099637 -0.057285104 3.257180452 -0.019558428 -8.939559937 0.000000000 0.000000000 -12.000000000 0.039127860 0.653778553
1776612775.239853859 0.588280857 0.290245950 0.183359563 0.171389922 0.977574825 0.107576348 -0.058311652 3.286064386 0.052639578 -8.874127388 0.000000000 0.000000000 -12.000000000 0.039186202 0.654141426
1776612775.244568110 0.588349044 0.290165544 0.183330566 0.171572551 0.977427244 0.108064182 -0.059337851 3.317447186 0.125072181 -8.814777374 0.000000000 0.000000000 -12.000000000 0.039244685 0.654503703
1776612775.249895573 0.588417709 0.290069759 0.183318824 0.171753541 0.977279902 0.108544141 -0.060356207 3.351233482 0.197795928 -8.761903763 0.000000000 0.000000000 -12.000000000 0.039303385 0.654865146
1776612775.254606724 0.588518918 0.289967120 0.183324307 0.171944380 0.977129877 0.109039895 -0.061340660 3.387321472 0.270866126 -8.715852737 0.000000000 0.000000000 -12.000000000 0.039362378 0.655225396
1776612775.259902000 0.588612914 0.289850771 0.183325738 0.172140583 0.976978719 0.109522946 -0.062329177 3.425602674 0.344337523 -8.676925659 0.000000000 0.000000000 -12.000000000 0.039421774 0.655584335
1776612775.264596462 0.588716030 0.289738446 0.183327913 0.172341526 0.976824880 0.110014088 -0.063311905 3.465960503 0.418264478 -8.645376205 0.000000000 0.000000000 -12.000000000 0.039481163 0.655941606
1776612775.269880295 0.588817656 0.289608300 0.183323890 0.172542900 0.976671398 0.110495940 -0.064284861 3.508272409 0.492699891 -8.621402740 0.000000000 0.000000000 -12.000000000 0.039540458 0.656297266
1776612775.274533510 0.589097142 0.289272040 0.183300972 0.172951236 0.976372719 0.111412100 -0.066117138 3.552412748 0.567693174 -8.605154991 0.000000000 0.000000000 -12.000000000 0.039599277 0.656648099
1776612775.279561996 0.589097142 0.289272040 0.183300972 0.172951236 0.976372719 0.111412100 -0.066117138 3.598257303 0.643289149 -8.596728325 0.000000000 0.000000000 -12.000000000 0.039657995 0.656998932
1776612775.284530163 0.589487791 0.288877666 0.183234155 0.173333362 0.976093292 0.112271033 -0.067768894 3.645689726 0.719527245 -8.596164703 0.000000000 0.000000000 -12.000000000 0.039715528 0.657344162
1776612775.289520741 0.589487791 0.288877666 0.183234155 0.173333362 0.976093292 0.112271033 -0.067768894 3.694608450 0.796441138 -8.603454590 0.000000000 0.000000000 -12.000000000 0.039772686 0.657689393
1776612775.294524193 0.589730740 0.288674802 0.183188409 0.173503146 0.975963414 0.112686053 -0.068512380 3.744932652 0.874057472 -8.618537903 0.000000000 0.000000000 -12.000000000 0.039829340 0.658032119
1776612775.299909830 0.589998305 0.288476080 0.183146954 0.173651323 0.975838780 0.113107175 -0.069214731 3.796606064 0.952393770 -8.641304016 0.000000000 0.000000000 -12.000000000 0.039884657 0.658372104
1776612775.304523468 0.590309560 0.288283914 0.183113694 0.173795030 0.975718439 0.113534309 -0.069848418 3.849596024 1.031454921 -8.671587944 0.000000000 0.000000000 -12.000000000 0.039938685 0.658709884
1776612775.309553623 0.590674043 0.288109839 0.183097422 0.173947155 0.975597322 0.113993064 -0.070412181 3.903893232 1.111229300 -8.709178925 0.000000000 0.000000000 -12.000000000 0.039991405 0.659045994
1776612775.314852953 0.591080368 0.287932873 0.183083266 0.174098760 0.975477815 0.114468567 -0.070919573 3.959511518 1.191684246 -8.753815651 0.000000000 0.000000000 -12.000000000 0.040042683 0.659379601
1776612775.320434093 0.591462374 0.287735313 0.183046192 0.174274385 0.975355089 0.114919722 -0.071444958 4.016486168 1.272761941 -8.805191994 0.000000000 0.000000000 -12.000000000 0.040092859 0.659711301
1776612775.325251579 0.591898859 0.287514389 0.182993561 0.174448535 0.975238383 0.115363695 -0.071896203 4.074875355 1.354376435 -8.862960815 0.000000000 0.000000000 -12.000000000 0.040139467 0.660036385
1776612775.329934120 0.592392504 0.287270814 0.182943761 0.174651876 0.975122631 0.115800411 -0.072269194 4.134760380 1.436411977 -8.926739693 0.000000000 0.000000000 -12.000000000 0.040184759 0.660358429
1776612775.334943533 0.592935383 0.287017226 0.182881325 0.174856752 0.975013077 0.116225801 -0.072568633 4.196250916 1.518721819 -8.996116638 0.000000000 0.000000000 -12.000000000 0.040227827 0.660675049
1776612775.339944601 0.593522489 0.286738336 0.182822257 0.175040573 0.974916577 0.116626039 -0.072779156 4.259487152 1.601128459 -9.070655823 0.000000000 0.000000000 -12.000000000 0.040268026 0.660986602
1776612775.345040321 0.594148219 0.286435336 0.182763517 0.175234810 0.974825799 0.117002562 -0.072923541 4.324645519 1.683424115 -9.149906158 0.000000000 0.000000000 -12.000000000 0.040307045 0.661295414
1776612775.350660086 0.594894767 0.286074251 0.182708770 0.175412297 0.974756360 0.117335640 -0.072889410 4.391937733 1.765374303 -9.233408928 0.000000000 0.000000000 -12.000000000 0.040342398 0.661597908
1776612775.354930878 0.596577048 0.285243630 0.182555437 0.175730616 0.974662364 0.117874280 -0.072509699 4.461616039 1.846721888 -9.320705414 0.000000000 0.000000000 -12.000000000 0.040377207 0.661893427
1776612775.359944582 0.596577048 0.285243630 0.182555437 0.175730616 0.974662364 0.117874280 -0.072509699 4.533966064 1.927192688 -9.411345482 0.000000000 0.000000000 -12.000000000 0.040410258 0.662189245
1776612775.365055084 0.597461998 0.284793735 0.182446837 0.175868079 0.974631310 0.118095763 -0.072233155 4.609299660 2.006502151 -9.504890442 0.000000000 0.000000000 -12.000000000 0.040442720 0.662482202
1776612775.369618177 0.598387837 0.284316927 0.182341248 0.176008523 0.974608004 0.118292913 -0.071882315 4.687944889 2.084360123 -9.600915909 0.000000000 0.000000000 -12.000000000 0.040473763 0.662771523
1776612775.374625206 0.599311709 0.283795059 0.182210118 0.176157802 0.974590778 0.118434355 -0.071515761 4.770230770 2.160475016 -9.699022293 0.000000000 0.000000000 -12.000000000 0.040505037 0.663057089
1776612775.379589319 0.600234151 0.283233583 0.182089865 0.176307321 0.974578917 0.118540205 -0.071133137 4.856475830 2.234559059 -9.798830986 0.000000000 0.000000000 -12.000000000 0.040535063 0.663339198
1776612775.384573936 0.601168454 0.282662421 0.181974351 0.176456958 0.974572122 0.118620016 -0.070720755 4.946973801 2.306333303 -9.899994850 0.000000000 0.000000000 -12.000000000 0.040563487 0.663618922
1776612775.389973640 0.602082610 0.282060087 0.181856066 0.176605389 0.974570155 0.118657522 -0.070313163 5.041985512 2.375535250 -10.002191544 0.000000000 0.000000000 -12.000000000 0.040590990 0.663896739
1776612775.394613981 0.602977335 0.281428039 0.181730598 0.176738545 0.974575162 0.118653893 -0.069913812 5.141725540 2.441925526 -10.105129242 0.000000000 0.000000000 -12.000000000 0.040617403 0.664172053
1776612775.399945974 0.603827238 0.280756474 0.181597978 0.176857859 0.974587739 0.118588656 -0.069546506 5.246356964 2.505295992 -10.208543777 0.000000000 0.000000000 -12.000000000 0.040641632 0.664444923
1776612775.404608250 0.604652226 0.280046701 0.181455284 0.176957428 0.974609673 0.118466981 -0.069192432 5.355978489 2.565474510 -10.312196732 0.000000000 0.000000000 -12.000000000 0.040664203 0.664715886
1776612775.409557819 0.605475664 0.279318720 0.181324512 0.177042127 0.974637985 0.118319422 -0.068829015 5.470619202 2.622329950 -10.415877342 0.000000000 0.000000000 -12.000000000 0.040685900 0.664984286
1776612775.414521217 0.606285572 0.278569460 0.181207478 0.177122310 0.974670351 0.118140317 -0.068471208 5.590233326 2.675774813 -10.519397736 0.000000000 0.000000000 -12.000000000 0.040705889 0.665251017
1776612775.419546127 0.607057095 0.277801067 0.181086928 0.177193776 0.974706531 0.117923103 -0.068144709 5.714697361 2.725768805 -10.622594833 0.000000000 0.000000000 -12.000000000 0.040725064 0.665515423
1776612775.424597502 0.607821882 0.277017176 0.180989951 0.177247718 0.974748254 0.117688663 -0.067811973 5.843809128 2.772318125 -10.725321770 0.000000000 0.000000000 -12.000000000 0.040742386 0.665777981
1776612775.429928064 0.608569026 0.276219189 0.180896193 0.177316144 0.974788427 0.117434040 -0.067496553 5.977290154 2.815475702 -10.827446938 0.000000000 0.000000000 -12.000000000 0.040758517 0.666038156
1776612775.434732437 0.609262109 0.275401831 0.180780560 0.177399114 0.974826396 0.117142141 -0.067236401 6.114789009 2.855337858 -10.928851128 0.000000000 0.000000000 -12.000000000 0.040771276 0.666293800
1776612775.439626455 0.609935701 0.274567366 0.180650383 0.177473933 0.974867225 0.116825946 -0.066996910 6.255887032 2.892040730 -11.029417992 0.000000000 0.000000000 -12.000000000 0.040781561 0.666546404
1776612775.444529057 0.610584319 0.273737431 0.180514723 0.177549601 0.974908769 0.116491310 -0.066774547 6.400104046 2.925758600 -11.129035950 0.000000000 0.000000000 -12.000000000 0.040787585 0.666796088
1776612775.449587822 0.611221254 0.272896409 0.180360794 0.177664936 0.974943578 0.116140172 -0.066570617 6.546903610 2.956698656 -11.227594376 0.000000000 0.000000000 -12.000000000 0.040790427 0.667041183
1776612775.454586744 0.611840606 0.272041738 0.180209339 0.177788809 0.974979222 0.115765154 -0.066371076 6.695698738 2.985098600 -11.324974060 0.000000000 0.000000000 -12.000000000 0.040790159 0.667284191
1776612775.459915876 0.612498820 0.271178752 0.180076927 0.177917093 0.975015283 0.115403548 -0.066126555 6.845861435 3.011220217 -11.421051025 0.000000000 0.000000000 -12.000000000 0.040785518 0.667524517
1776612775.464835405 0.613869131 0.269493669 0.179858863 0.178226218 0.975076199 0.114737213 -0.065553136 6.996734619 3.035342693 -11.515689850 0.000000000 0.000000000 -12.000000000 0.040777143 0.667762995
1776612775.469538689 0.613869131 0.269493669 0.179858863 0.178226218 0.975076199 0.114737213 -0.065553136 7.147643089 3.057755947 -11.608741760 0.000000000 0.000000000 -12.000000000 0.040767014 0.668001890
1776612775.474615335 0.614626110 0.268665135 0.179751545 0.178442433 0.975095451 0.114446916 -0.065185033 7.297906399 3.078751564 -11.700044632 0.000000000 0.000000000 -12.000000000 0.040753782 0.668240786
1776612775.480475903 0.615439713 0.267848849 0.179643452 0.178669140 0.975113809 0.114184342 -0.064748414 7.446849823 3.098613739 -11.789417267 0.000000000 0.000000000 -12.000000000 0.040739529 0.668480992
1776612775.484555960 0.616294682 0.267049283 0.179521471 0.178912207 0.975127637 0.113959670 -0.064263113 7.593813896 3.117612839 -11.876667976 0.000000000 0.000000000 -12.000000000 0.040723048 0.668722689
1776612775.489983797 0.617192805 0.266268790 0.179411083 0.179177448 0.975135446 0.113775887 -0.063729160 7.738163948 3.135997534 -11.961586952 0.000000000 0.000000000 -12.000000000 0.040704876 0.668967366
1776612775.494977474 0.618092895 0.265522540 0.179303110 0.179474220 0.975133538 0.113625258 -0.063189477 7.879295826 3.153989077 -12.043952942 0.000000000 0.000000000 -12.000000000 0.040684965 0.669215620
1776612775.499936581 0.619008601 0.264783502 0.179192454 0.179814488 0.975121021 0.113499925 -0.062638283 8.016642570 3.171778440 -12.123538017 0.000000000 0.000000000 -12.000000000 0.040664859 0.669467270
1776612775.504963398 0.619949460 0.264053613 0.179096550 0.180168197 0.975104809 0.113398477 -0.062054910 8.149675369 3.189521313 -12.200104713 0.000000000 0.000000000 -12.000000000 0.040645793 0.669725537
1776612775.509882689 0.620896161 0.263336986 0.179006785 0.180517197 0.975086689 0.113320008 -0.061465703 8.277902603 3.207339764 -12.273414612 0.000000000 0.000000000 -12.000000000 0.040626675 0.669989407
1776612775.514917135 0.622795582 0.261886299 0.178814411 0.181224257 0.975044727 0.113189951 -0.060279232 8.400874138 3.225322247 -12.343230247 0.000000000 0.000000000 -12.000000000 0.040607866 0.670265257
1776612775.519939661 0.622795582 0.261886299 0.178814411 0.181224257 0.975044727 0.113189951 -0.060279232 8.518174171 3.243525982 -12.409316063 0.000000000 0.000000000 -12.000000000 0.040587895 0.670540810
1776612775.524908781 0.623741090 0.261134863 0.178714722 0.181581706 0.975023031 0.113118507 -0.059685934 8.629426956 3.261980295 -12.471445084 0.000000000 0.000000000 -12.000000000 0.040568493 0.670821607
1776612775.529919386 0.624693871 0.260384500 0.178623646 0.181955144 0.974997222 0.113058783 -0.059080109 8.734294891 3.280689001 -12.529397011 0.000000000 0.000000000 -12.000000000 0.040548474 0.671109498
1776612775.534951210 0.625652015 0.259621173 0.178538054 0.182325304 0.974972010 0.113001838 -0.058460917 8.832479477 3.299633741 -12.582961082 0.000000000 0.000000000 -12.000000000 0.040527847 0.671404600
1776612775.539986610 0.626635611 0.258861691 0.178476244 0.182682335 0.974948168 0.112969257 -0.057803448 8.923724174 3.318777561 -12.631941795 0.000000000 0.000000000 -12.000000000 0.040505465 0.671706975
1776612775.544934273 0.627623141 0.258111238 0.178413808 0.183024734 0.974926054 0.112946980 -0.057132900 9.007806778 3.338066816 -12.676154137 0.000000000 0.000000000 -12.000000000 0.040482912 0.672017336
1776612775.549906969 0.628581107 0.257361948 0.178344846 0.183372080 0.974899828 0.112930641 -0.056494974 9.084544182 3.357434273 -12.715428352 0.000000000 0.000000000 -12.000000000 0.040455915 0.672337234
1776612775.554978132 0.629490316 0.256646574 0.178263128 0.183730111 0.974865019 0.112937063 -0.055916835 9.153778076 3.376802444 -12.749610901 0.000000000 0.000000000 -12.000000000 0.040425472 0.672664762
1776612775.559921980 0.630360186 0.255959958 0.178175986 0.184083059 0.974823117 0.112981334 -0.055393960 9.215376854 3.396085262 -12.778563499 0.000000000 0.000000000 -12.000000000 0.040392127 0.672999620
1776612775.564923048 0.631235123 0.255267322 0.178112686 0.184451565 0.974774659 0.113052972 -0.054872300 9.269220352 3.415189743 -12.802167892 0.000000000 0.000000000 -12.000000000 0.040358379 0.673341632
1776612775.569993973 0.632029772 0.254617214 0.178050488 0.184827238 0.974715054 0.113158792 -0.054448113 9.315202713 3.434019327 -12.820326805 0.000000000 0.000000000 -12.000000000 0.040319853 0.673690856
1776612775.574978828 0.633583605 0.253382415 0.177968562 0.185669094 0.974554121 0.113534041 -0.053677455 9.353225708 3.452473640 -12.832964897 0.000000000 0.000000000 -12.000000000 0.040277101 0.674053013
1776612775.579742432 0.633583605 0.253382415 0.177968562 0.185669094 0.974554121 0.113534041 -0.053677455 9.383205414 3.470450163 -12.840029716 0.000000000 0.000000000 -12.000000000 0.040234111 0.674414814
1776612775.585560560 0.634325027 0.252767324 0.177924186 0.186136499 0.974457264 0.113757670 -0.053342208 9.405078888 3.487844944 -12.841489792 0.000000000 0.000000000 -12.000000000 0.040190391 0.674782157
1776612775.590041637 0.635048032 0.252179354 0.177865982 0.186634019 0.974347532 0.114024274 -0.053038653 9.418807983 3.504550695 -12.837338448 0.000000000 0.000000000 -12.000000000 0.040144067 0.675156116
1776612775.594939709 0.635774016 0.251616895 0.177808970 0.187146604 0.974230349 0.114328504 -0.052729636 9.424387932 3.520460844 -12.827592850 0.000000000 0.000000000 -12.000000000 0.040098000 0.675536036
1776612775.599900246 0.636523008 0.251045257 0.177749634 0.187680557 0.974108875 0.114646882 -0.052383043 9.421851158 3.535470009 -12.812294006 0.000000000 0.000000000 -12.000000000 0.040052529 0.675922632
1776612775.604962349 0.637247264 0.250487000 0.177669704 0.188196853 0.973988950 0.114968471 -0.052055519 9.411270142 3.549477339 -12.791507721 0.000000000 0.000000000 -12.000000000 0.040006511 0.676315665
1776612775.610012293 0.637961566 0.249946579 0.177589178 0.188704029 0.973868787 0.115304567 -0.051722821 9.392763138 3.562389851 -12.765320778 0.000000000 0.000000000 -12.000000000 0.039960485 0.676715314
1776612775.614959717 0.638667047 0.249426454 0.177525699 0.189189687 0.973750353 0.115660936 -0.051381636 9.366496086 3.574124098 -12.733845711 0.000000000 0.000000000 -12.000000000 0.039915092 0.677122533
1776612775.620084047 0.639369965 0.248901904 0.177462488 0.189669728 0.973631382 0.116030104 -0.051032737 9.332676888 3.584606647 -12.697214127 0.000000000 0.000000000 -12.000000000 0.039868966 0.677536428
1776612775.625008821 0.640062749 0.248367757 0.177387267 0.190156102 0.973509669 0.116403818 -0.050692681 9.291556358 3.593777180 -12.655582428 0.000000000 0.000000000 -12.000000000 0.039822150 0.677956820
1776612775.629926205 0.640768707 0.247823596 0.177319884 0.190652207 0.973385394 0.116790213 -0.050325602 9.243420601 3.601588726 -12.609125137 0.000000000 0.000000000 -12.000000000 0.039774433 0.678383648
1776612775.635293961 0.641464651 0.247276634 0.177252740 0.191130906 0.973263144 0.117183767 -0.049958073 9.188590050 3.608011484 -12.558039665 0.000000000 0.000000000 -12.000000000 0.039726719 0.678816557
1776612775.640510559 0.642129064 0.246732980 0.177186787 0.191602036 0.973138869 0.117591143 -0.049616292 9.127412796 3.613034725 -12.502540588 0.000000000 0.000000000 -12.000000000 0.039680231 0.679254949
1776612775.644911289 0.642790616 0.246162727 0.177108556 0.192090899 0.973011613 0.117990933 -0.049271446 9.060261726 3.616667509 -12.442863464 0.000000000 0.000000000 -12.000000000 0.039637372 0.679698050
1776612775.650008202 0.643436193 0.245578185 0.177020550 0.192564458 0.972888112 0.118378535 -0.048930250 8.987529755 3.618941307 -12.379258156 0.000000000 0.000000000 -12.000000000 0.039594587 0.680146337
1776612775.654544353 0.644074261 0.244979084 0.176937759 0.193011522 0.972771287 0.118755423 -0.048576921 8.909628868 3.619912624 -12.311992645 0.000000000 0.000000000 -12.000000000 0.039555162 0.680599332
1776612775.659542322 0.644697011 0.244365931 0.176857501 0.193450615 0.972659707 0.119102702 -0.048213102 8.826982498 3.619664907 -12.241349220 0.000000000 0.000000000 -12.000000000 0.039521292 0.681056023
1776612775.664623499 0.645289779 0.243742973 0.176767439 0.193844765 0.972560167 0.119419672 -0.047853179 8.740027428 3.618312597 -12.167623520 0.000000000 0.000000000 -12.000000000 0.039488353 0.681518376
1776612775.669536114 0.645855188 0.243104905 0.176663101 0.194190294 0.972474813 0.119696394 -0.047493003 8.649209976 3.616001606 -12.091125488 0.000000000 0.000000000 -12.000000000 0.039458197 0.681985855
1776612775.674657106 0.646400690 0.242410153 0.176544756 0.194524720 0.972399831 0.119905755 -0.047130313 8.554982185 3.612910986 -12.012178421 0.000000000 0.000000000 -12.000000000 0.039429575 0.682458460
1776612775.679525375 0.646926343 0.241651684 0.176411062 0.194814667 0.972342253 0.120046675 -0.046760339 8.457797050 3.609252453 -11.931117058 0.000000000 0.000000000 -12.000000000 0.039404590 0.682934284
1776612775.685123205 0.647408605 0.240842447 0.176261127 0.195081487 0.972297728 0.120110124 -0.046410639 8.358104706 3.605270386 -11.848288536 0.000000000 0.000000000 -12.000000000 0.039385393 0.683412015
1776612775.689547539 0.648262739 0.239159361 0.175973058 0.195511475 0.972240567 0.120119840 -0.045768954 8.256345749 3.601240635 -11.764049530 0.000000000 0.000000000 -12.000000000 0.039370745 0.683896244
1776612775.694593191 0.648262739 0.239159361 0.175973058 0.195511475 0.972240567 0.120119840 -0.045768954 8.152948380 3.597465277 -11.678765297 0.000000000 0.000000000 -12.000000000 0.039357651 0.684380472
1776612775.699570894 0.648617983 0.238267615 0.175822973 0.195697427 0.972224832 0.120047718 -0.045496810 8.048321724 3.594269514 -11.592809677 0.000000000 0.000000000 -12.000000000 0.039345901 0.684867859
1776612775.704648256 0.648899317 0.237343341 0.175650090 0.195854545 0.972220540 0.119906195 -0.045285411 7.942855358 3.591994762 -11.506558418 0.000000000 0.000000000 -12.000000000 0.039338797 0.685356021
1776612775.709644318 0.649120867 0.236398503 0.175457716 0.195999354 0.972222745 0.119711481 -0.045126382 7.836911678 3.590993881 -11.420393944 0.000000000 0.000000000 -12.000000000 0.039332453 0.685846925
1776612775.714860916 0.649291158 0.235454008 0.175259471 0.196109027 0.972234488 0.119482689 -0.045002952 7.730823040 3.591628551 -11.334700584 0.000000000 0.000000000 -12.000000000 0.039328389 0.686338961
1776612775.719958067 0.649541378 0.233524188 0.174887091 0.196299419 0.972274542 0.118923321 -0.044788465 7.624890327 3.594265699 -11.249864578 0.000000000 0.000000000 -12.000000000 0.039323363 0.686836421
1776612775.724589348 0.649541378 0.233524188 0.174887091 0.196299419 0.972274542 0.118923321 -0.044788465 7.519378662 3.599274397 -11.166276932 0.000000000 0.000000000 -12.000000000 0.039319806 0.687333882
1776612775.729530096 0.649613559 0.232513383 0.174693078 0.196408123 0.972298980 0.118572280 -0.044711404 7.414522648 3.607020855 -11.084327698 0.000000000 0.000000000 -12.000000000 0.039318971 0.687831819
1776612775.734566450 0.649662256 0.231477872 0.174489409 0.196532100 0.972323775 0.118188053 -0.044644829 7.310526848 3.617861748 -11.004409790 0.000000000 0.000000000 -12.000000000 0.039319828 0.688330710
1776612775.740354300 0.649682283 0.230426461 0.174281746 0.196675405 0.972346902 0.117776804 -0.044597521 7.207565784 3.632138491 -10.926914215 0.000000000 0.000000000 -12.000000000 0.039322916 0.688829780
1776612775.744593620 0.649725020 0.229384080 0.174093366 0.196837619 0.972365975 0.117380641 -0.044509925 7.105789661 3.650170088 -10.852231026 0.000000000 0.000000000 -12.000000000 0.039327923 0.689330399
1776612775.749634504 0.649762809 0.228352383 0.173904061 0.197019920 0.972380817 0.116987959 -0.044413071 7.005323410 3.672246695 -10.780744553 0.000000000 0.000000000 -12.000000000 0.039333187 0.689833999
1776612775.754662275 0.649761379 0.227322251 0.173699230 0.197231993 0.972389936 0.116578959 -0.044347767 6.906273842 3.698621511 -10.712834358 0.000000000 0.000000000 -12.000000000 0.039340582 0.690338910
1776612775.759526014 0.649762213 0.226312608 0.173510045 0.197451428 0.972396612 0.116181321 -0.044267599 6.808730125 3.729505777 -10.648870468 0.000000000 0.000000000 -12.000000000 0.039348461 0.690846801
1776612775.764604092 0.649721563 0.225344241 0.173326045 0.197644398 0.972406089 0.115793802 -0.044213966 6.712767124 3.765064955 -10.589215279 0.000000000 0.000000000 -12.000000000 0.039357509 0.691356838
1776612775.769527435 0.649662018 0.224394187 0.173156649 0.197844729 0.972412765 0.115413189 -0.044166952 6.618444443 3.805420399 -10.534217834 0.000000000 0.000000000 -12.000000000 0.039368041 0.691868663
1776612775.775066137 0.649605572 0.223474488 0.173005551 0.198039427 0.972419202 0.115049459 -0.044101056 6.525807381 3.850646973 -10.484215736 0.000000000 0.000000000 -12.000000000 0.039379004 0.692383349
1776612775.780051231 0.649412453 0.221587613 0.172686130 0.198400974 0.972440183 0.114277676 -0.044020139 6.434886456 3.900774717 -10.439526558 0.000000000 0.000000000 -12.000000000 0.039389361 0.692902327
1776612775.784989834 0.649412453 0.221587613 0.172686130 0.198400974 0.972440183 0.114277676 -0.044020139 6.345695972 3.955788612 -10.400442123 0.000000000 0.000000000 -12.000000000 0.039400328 0.693421304
1776612775.789966106 0.649277747 0.220652401 0.172535270 0.198576048 0.972451508 0.113885947 -0.043996152 6.258238316 4.015628815 -10.367227554 0.000000000 0.000000000 -12.000000000 0.039411660 0.693941593
1776612775.794992685 0.649136543 0.219730467 0.172399908 0.198759079 0.972460091 0.113503546 -0.043967545 6.172503471 4.080191135 -10.340113640 0.000000000 0.000000000 -12.000000000 0.039423436 0.694463193
1776612775.800073862 0.648980916 0.218830168 0.172261536 0.198921248 0.972472131 0.113126151 -0.043940559 6.088470936 4.149330616 -10.319298744 0.000000000 0.000000000 -12.000000000 0.039436486 0.694985807
1776612775.805119276 0.648711801 0.217095256 0.172034055 0.199192077 0.972504795 0.112429857 -0.043778032 6.006111145 4.222861767 -10.304944992 0.000000000 0.000000000 -12.000000000 0.039449684 0.695512593
1776612775.810081005 0.648711801 0.217095256 0.172034055 0.199192077 0.972504795 0.112429857 -0.043778032 5.925389290 4.300562859 -10.297175407 0.000000000 0.000000000 -12.000000000 0.039462898 0.696039379
1776612775.815045595 0.648552239 0.216280639 0.171921670 0.199332193 0.972517073 0.112103969 -0.043702025 5.846266270 4.382175446 -10.296072006 0.000000000 0.000000000 -12.000000000 0.039476857 0.696567357
1776612775.820038557 0.648415208 0.215488642 0.171804458 0.199467525 0.972529054 0.111802056 -0.043591935 5.768705368 4.467406750 -10.301673889 0.000000000 0.000000000 -12.000000000 0.039493129 0.697095275
1776612775.824836969 0.648257315 0.214711741 0.171679169 0.199581578 0.972545207 0.111498214 -0.043487821 5.692672729 4.555931091 -10.313976288 0.000000000 0.000000000 -12.000000000 0.039511722 0.697622716
1776612775.829660177 0.648093700 0.213930249 0.171536684 0.199724540 0.972555697 0.111190610 -0.043384671 5.618139267 4.647393703 -10.332928658 0.000000000 0.000000000 -12.000000000 0.039530817 0.698151171
1776612775.834593296 0.647940934 0.213154361 0.171398669 0.199901581 0.972558856 0.110891193 -0.043263741 5.545080662 4.741417885 -10.358440399 0.000000000 0.000000000 -12.000000000 0.039551765 0.698678911
1776612775.840036869 0.647794724 0.212387383 0.171280026 0.200073585 0.972563267 0.110598452 -0.043118894 5.473477364 4.837610245 -10.390375137 0.000000000 0.000000000 -12.000000000 0.039574653 0.699206293
1776612775.844644547 0.647617936 0.211602703 0.171163410 0.200242966 0.972569406 0.110287286 -0.042991471 5.403310299 4.935569286 -10.428558350 0.000000000 0.000000000 -12.000000000 0.039596561 0.699734807
1776612775.850217819 0.647381663 0.210812926 0.171046495 0.200395495 0.972579777 0.109947599 -0.042915802 5.334560394 5.034892559 -10.472773552 0.000000000 0.000000000 -12.000000000 0.039622195 0.700258493
1776612775.855114937 0.647100151 0.210023582 0.170920312 0.200541139 0.972592950 0.109579772 -0.042877518 5.267197609 5.135184765 -10.522769928 0.000000000 0.000000000 -12.000000000 0.039651196 0.700776458
1776612775.859961748 0.646722198 0.209215671 0.170761496 0.200688779 0.972607553 0.109155111 -0.042938337 5.201179028 5.236066818 -10.578265190 0.000000000 0.000000000 -12.000000000 0.039679818 0.701292098
1776612775.865086555 0.646251917 0.208411962 0.170596361 0.200791925 0.972633004 0.108679548 -0.043086529 5.136439800 5.337180614 -10.638943672 0.000000000 0.000000000 -12.000000000 0.039712351 0.701798439
1776612775.870279312 0.645142972 0.206830591 0.170349896 0.200891107 0.972705483 0.107665338 -0.043530978 5.072893620 5.438195229 -10.704463005 0.000000000 0.000000000 -12.000000000 0.039750233 0.702287078
1776612775.875089169 0.645142972 0.206830591 0.170349896 0.200891107 0.972705483 0.107665338 -0.043530978 5.010428905 5.538810730 -10.774459839 0.000000000 0.000000000 -12.000000000 0.039786775 0.702775717
1776612775.880219936 0.644514441 0.206022874 0.170268118 0.200938925 0.972742021 0.107124269 -0.043828361 4.948907375 5.638758659 -10.848556519 0.000000000 0.000000000 -12.000000000 0.039824221 0.703256845
1776612775.885106802 0.643829942 0.205205649 0.170211196 0.200991467 0.972778201 0.106551550 -0.044178952 4.888166428 5.737801552 -10.926364899 0.000000000 0.000000000 -12.000000000 0.039861217 0.703730345
1776612775.889949799 0.643070459 0.204369888 0.170149148 0.201060548 0.972810984 0.105939120 -0.044613983 4.828015327 5.835729122 -11.007490158 0.000000000 0.000000000 -12.000000000 0.039897248 0.704198599
1776612775.895095825 0.642221212 0.203521401 0.170070261 0.201138735 0.972839594 0.105294034 -0.045160834 4.768239021 5.932359219 -11.091530800 0.000000000 0.000000000 -12.000000000 0.039931256 0.704663634
1776612775.900106668 0.641337991 0.202674687 0.169985533 0.201224312 0.972865582 0.104633369 -0.045751754 4.708596230 6.027532101 -11.178081512 0.000000000 0.000000000 -12.000000000 0.039962735 0.705127597
1776612775.905186892 0.640395939 0.201831907 0.169890493 0.201310918 0.972889960 0.103946894 -0.046411954 4.648821354 6.121108532 -11.266729355 0.000000000 0.000000000 -12.000000000 0.039989330 0.705592573
1776612775.910136938 0.639377296 0.200980946 0.169793755 0.201401621 0.972912848 0.103220470 -0.047154382 4.588626385 6.212965488 -11.357055664 0.000000000 0.000000000 -12.000000000 0.040012144 0.706056297
1776612775.915026903 0.638288558 0.200126633 0.169685543 0.201509982 0.972929955 0.102467448 -0.047973659 4.527708054 6.302989006 -11.448628426 0.000000000 0.000000000 -12.000000000 0.040028796 0.706523359
1776612775.920159817 0.637151122 0.199291214 0.169602543 0.201614484 0.972944677 0.101711318 -0.048837330 4.465755939 6.391069412 -11.541005135 0.000000000 0.000000000 -12.000000000 0.040040705 0.706989110
1776612775.924626350 0.635974050 0.198477626 0.169531792 0.201702073 0.972960234 0.100949265 -0.049737904 4.402463436 6.477095604 -11.633731842 0.000000000 0.000000000 -12.000000000 0.040046640 0.707454324
1776612775.930199623 0.634795725 0.197660595 0.169464231 0.201783001 0.972978592 0.100171074 -0.050616100 4.337536812 6.560948849 -11.726345062 0.000000000 0.000000000 -12.000000000 0.040045783 0.707924426
1776612775.935046196 0.633646369 0.196821064 0.169401467 0.201868221 0.972998321 0.099379376 -0.051451083 4.270704269 6.642500401 -11.818368912 0.000000000 0.000000000 -12.000000000 0.040037513 0.708396614
1776612775.939988852 0.632501006 0.195962653 0.169337302 0.201947629 0.973020911 0.098572776 -0.052257288 4.201724529 6.721606731 -11.909323692 0.000000000 0.000000000 -12.000000000 0.040022559 0.708870053
1776612775.945082903 0.631343782 0.195089161 0.169238776 0.202021673 0.973045349 0.097747564 -0.053060904 4.130399704 6.798107624 -11.998716354 0.000000000 0.000000000 -12.000000000 0.039998755 0.709345520
1776612775.949583769 0.630201757 0.194206342 0.169138372 0.202075079 0.973076642 0.096906625 -0.053820029 4.056582928 6.871822834 -12.086046219 0.000000000 0.000000000 -12.000000000 0.039969575 0.709820747
1776612775.955047131 0.629209340 0.193334907 0.169052571 0.202105597 0.973119617 0.096096188 -0.054378398 3.980191946 6.942550659 -12.170804977 0.000000000 0.000000000 -12.000000000 0.039937288 0.710298300
1776612775.959635496 0.628355742 0.192490041 0.168959945 0.202114925 0.973173201 0.095327236 -0.054737788 3.901221752 7.010060787 -12.252477646 0.000000000 0.000000000 -12.000000000 0.039899509 0.710780025
1776612775.964583397 0.627602756 0.191681892 0.168853372 0.202123240 0.973229051 0.094611771 -0.054955151 3.819759846 7.074087620 -12.330540657 0.000000000 0.000000000 -12.000000000 0.039857749 0.711265981
1776612775.970135927 0.626990139 0.190956473 0.168772697 0.202162296 0.973276377 0.094015852 -0.054995291 3.735994577 7.134322166 -12.404471397 0.000000000 0.000000000 -12.000000000 0.039812483 0.711756468
1776612775.974676847 0.626530051 0.190315932 0.168705970 0.202250138 0.973311007 0.093548506 -0.054856978 3.650215864 7.190410137 -12.473747253 0.000000000 0.000000000 -12.000000000 0.039764877 0.712251723
1776612775.980139256 0.626251936 0.189743116 0.168656856 0.202395797 0.973332524 0.093213424 -0.054506991 3.562809706 7.241953850 -12.537853241 0.000000000 0.000000000 -12.000000000 0.039714314 0.712753475
1776612775.985082865 0.626132905 0.189247608 0.168623775 0.202612162 0.973335624 0.093019180 -0.053977262 3.474244118 7.288515091 -12.596283913 0.000000000 0.000000000 -12.000000000 0.039662525 0.713262141
1776612775.989588499 0.626091421 0.188833252 0.168588430 0.202869982 0.973323584 0.092943557 -0.053352784 3.385055542 7.329626083 -12.648552895 0.000000000 0.000000000 -12.000000000 0.039609522 0.713776350
1776612775.995110989 0.626102149 0.188494802 0.168562025 0.203155413 0.973298430 0.092974387 -0.052667025 3.295836210 7.364793777 -12.694196701 0.000000000 0.000000000 -12.000000000 0.039555963 0.714295506
1776612775.999590158 0.626168013 0.188237369 0.168566465 0.203472555 0.973258257 0.093124621 -0.051914670 3.207217455 7.393515110 -12.732775688 0.000000000 0.000000000 -12.000000000 0.039500594 0.714818835
1776612776.005159378 0.626226962 0.188035727 0.168566227 0.203799799 0.973208785 0.093339778 -0.051166493 3.119853973 7.415287018 -12.763877869 0.000000000 0.000000000 -12.000000000 0.039444949 0.715344906
1776612776.010461569 0.626273274 0.187884822 0.168577999 0.204120979 0.973155081 0.093600884 -0.050424926 3.034405231 7.429625034 -12.787126541 0.000000000 0.000000000 -12.000000000 0.039389182 0.715872526
1776612776.015072584 0.626328826 0.187793911 0.168616444 0.204437435 0.973096907 0.093921825 -0.049663153 2.951515436 7.436073303 -12.802177429 0.000000000 0.000000000 -12.000000000 0.039333440 0.716400862
1776612776.019565105 0.626392365 0.187741578 0.168671727 0.204745382 0.973037481 0.094276108 -0.048881281 2.871797085 7.434222221 -12.808729172 0.000000000 0.000000000 -12.000000000 0.039278034 0.716929138
1776612776.025171280 0.626413226 0.187715560 0.168727040 0.205049902 0.972974718 0.094646394 -0.048132844 2.795814753 7.423718452 -12.806517601 0.000000000 0.000000000 -12.000000000 0.039222967 0.717456400
1776612776.029592037 0.626357079 0.187698871 0.168767244 0.205347493 0.972910166 0.095003776 -0.047461051 2.724072933 7.404276848 -12.795319557 0.000000000 0.000000000 -12.000000000 0.039167538 0.717981756
1776612776.034651518 0.626225591 0.187691718 0.168812782 0.205642179 0.972842097 0.095357582 -0.046866901 2.657004595 7.375686646 -12.774951935 0.000000000 0.000000000 -12.000000000 0.039113533 0.718503594
1776612776.039693832 0.626024902 0.187697038 0.168855399 0.205936924 0.972770095 0.095710970 -0.046344217 2.594964027 7.337816238 -12.745273590 0.000000000 0.000000000 -12.000000000 0.039060216 0.719021022
1776612776.044576645 0.625742972 0.187708259 0.168869525 0.206228703 0.972695768 0.096047163 -0.045909252 2.538219929 7.290617466 -12.706185341 0.000000000 0.000000000 -12.000000000 0.039007843 0.719533145
1776612776.049706221 0.625455320 0.187739119 0.168898255 0.206514746 0.972621083 0.096395992 -0.045472614 2.486949921 7.234126091 -12.657631874 0.000000000 0.000000000 -12.000000000 0.038956661 0.720040143
1776612776.054571152 0.625193715 0.187791377 0.168939143 0.206793159 0.972547531 0.096761785 -0.045000095 2.441237688 7.168462276 -12.599608421 0.000000000 0.000000000 -12.000000000 0.038906630 0.720543325
1776612776.059547186 0.624907672 0.187848032 0.168966085 0.207066372 0.972475231 0.097119525 -0.044533283 2.401074886 7.093831062 -12.532162666 0.000000000 0.000000000 -12.000000000 0.038858447 0.721041739
1776612776.065529346 0.624582827 0.187903523 0.168967515 0.207335383 0.972404003 0.097460285 -0.044090066 2.366364241 7.010516167 -12.455392838 0.000000000 0.000000000 -12.000000000 0.038811252 0.721534669
1776612776.069626570 0.623836458 0.188019753 0.168929398 0.207844764 0.972268164 0.098096475 -0.043269206 2.336927652 6.918877602 -12.369450569 0.000000000 0.000000000 -12.000000000 0.038766045 0.722016156
1776612776.074621201 0.623836458 0.188019753 0.168929398 0.207844764 0.972268164 0.098096475 -0.043269206 2.312509775 6.819346905 -12.274537086 0.000000000 0.000000000 -12.000000000 0.038722843 0.722497642
1776612776.079621792 0.623457789 0.188092083 0.168899566 0.208083972 0.972204089 0.098409548 -0.042846058 2.292789698 6.712418556 -12.170902252 0.000000000 0.000000000 -12.000000000 0.038681760 0.722973406
1776612776.084587574 0.623129725 0.188175201 0.168910474 0.208306730 0.972145319 0.098735102 -0.042346191 2.277388811 6.598643780 -12.058846474 0.000000000 0.000000000 -12.000000000 0.038642708 0.723444700
1776612776.089756727 0.622830451 0.188257068 0.168934882 0.208527610 0.972088337 0.099064864 -0.041792646 2.265881777 6.478619099 -11.938715935 0.000000000 0.000000000 -12.000000000 0.038606875 0.723911524
1776612776.094579458 0.622511089 0.188321963 0.168950766 0.208749503 0.972032905 0.099375911 -0.041232459 2.257805586 6.352977276 -11.810901642 0.000000000 0.000000000 -12.000000000 0.038573992 0.724373937
1776612776.100132465 0.622160256 0.188379958 0.168956727 0.208965570 0.971979499 0.099666223 -0.040692061 2.252668619 6.222378254 -11.675830841 0.000000000 0.000000000 -12.000000000 0.038543787 0.724831581
1776612776.105107546 0.621788800 0.188445061 0.168943673 0.209174827 0.971927702 0.099947169 -0.040161498 2.249961853 6.087500572 -11.533966064 0.000000000 0.000000000 -12.000000000 0.038516376 0.725284040
1776612776.109659910 0.621469557 0.188531190 0.168934524 0.209375501 0.971877873 0.100247003 -0.039571363 2.249164104 5.949033260 -11.385799408 0.000000000 0.000000000 -12.000000000 0.038493529 0.725731790
1776612776.115072489 0.621227622 0.188637644 0.168950975 0.209566489 0.971830308 0.100576572 -0.038885422 2.249747992 5.807669163 -11.231850624 0.000000000 0.000000000 -12.000000000 0.038473669 0.726176500
1776612776.119699478 0.620990336 0.188755870 0.168953449 0.209748507 0.971785009 0.100906186 -0.038176242 2.251185894 5.664098263 -11.072668076 0.000000000 0.000000000 -12.000000000 0.038457390 0.726617217
1776612776.124573708 0.620697618 0.188867271 0.168933839 0.209924191 0.971741498 0.101209119 -0.037509453 2.252958059 5.518999100 -10.908820152 0.000000000 0.000000000 -12.000000000 0.038444273 0.727053404
1776612776.134923220 0.620373189 0.188970417 0.168903649 0.210103527 0.971697569 0.101493932 -0.036868535 2.254559517 5.373029709 -10.740897179 0.000000000 0.000000000 -12.000000000 0.038435459 0.727484584
1776612776.135469913 0.619804621 0.189200699 0.168872118 0.210469291 0.971606433 0.102099665 -0.035486091 2.255505562 5.226822853 -10.569499016 0.000000000 0.000000000 -12.000000000 0.038430545 0.727907360
1776612776.139825106 0.619804621 0.189200699 0.168872118 0.210469291 0.971606433 0.102099665 -0.035486091 2.255332947 5.080984592 -10.395242691 0.000000000 0.000000000 -12.000000000 0.038428966 0.728330135
1776612776.144678831 0.619671285 0.189334899 0.168926984 0.210662439 0.971557558 0.102464095 -0.034618054 2.253602028 4.936089993 -10.218752861 0.000000000 0.000000000 -12.000000000 0.038430758 0.728751540
1776612776.149981499 0.619508147 0.189461425 0.168952584 0.210864425 0.971506774 0.102812484 -0.033770297 2.249901533 4.792684555 -10.040664673 0.000000000 0.000000000 -12.000000000 0.038436994 0.729168296
1776612776.154875755 0.619248688 0.189585745 0.168947577 0.211064741 0.971455634 0.103127927 -0.033018377 2.243855238 4.651274204 -9.861618996 0.000000000 0.000000000 -12.000000000 0.038446669 0.729580939
1776612776.159677505 0.618921340 0.189710304 0.168911725 0.211259946 0.971405506 0.103416502 -0.032335553 2.235128641 4.512325764 -9.682252884 0.000000000 0.000000000 -12.000000000 0.038459785 0.729988456
1776612776.165024519 0.618587613 0.189853668 0.168858647 0.211436555 0.971358597 0.103705704 -0.031658113 2.223430872 4.376266003 -9.503201485 0.000000000 0.000000000 -12.000000000 0.038478140 0.730391860
1776612776.169761658 0.618161500 0.190228775 0.168868542 0.211731747 0.971272588 0.104393959 -0.030019218 2.208513260 4.243480682 -9.325091362 0.000000000 0.000000000 -12.000000000 0.038500499 0.730788171
1776612776.175181389 0.618161500 0.190228775 0.168868542 0.211731747 0.971272588 0.104393959 -0.030019218 2.190166712 4.114320278 -9.148542404 0.000000000 0.000000000 -12.000000000 0.038526192 0.731184304
1776612776.179628372 0.617916822 0.190414503 0.168855488 0.211877048 0.971229911 0.104724482 -0.029211769 2.168222904 3.989092827 -8.974162102 0.000000000 0.000000000 -12.000000000 0.038556330 0.731576324
1776612776.185037613 0.617570519 0.190592170 0.168823868 0.212021261 0.971188188 0.105013169 -0.028509034 2.142558336 3.868061543 -8.802547455 0.000000000 0.000000000 -12.000000000 0.038590863 0.731962204
1776612776.189634085 0.616885662 0.190939665 0.168783545 0.212310478 0.971105516 0.105568968 -0.027084855 2.113096237 3.751441956 -8.634282112 0.000000000 0.000000000 -12.000000000 0.038628824 0.732336819
1776612776.195060015 0.616885662 0.190939665 0.168783545 0.212310478 0.971105516 0.105568968 -0.027084855 2.079805851 3.639405966 -8.469930649 0.000000000 0.000000000 -12.000000000 0.038669877 0.732711434
1776612776.199647427 0.616668224 0.191131353 0.168813020 0.212463289 0.971060216 0.105892614 -0.026232310 2.042698383 3.532086849 -8.310044289 0.000000000 0.000000000 -12.000000000 0.038714565 0.733083606
1776612776.205134392 0.616465867 0.191302747 0.168807238 0.212606072 0.971019864 0.106188759 -0.025357064 2.001821041 3.429583073 -8.155149460 0.000000000 0.000000000 -12.000000000 0.038763158 0.733452857
1776612776.209610939 0.615823984 0.191576391 0.168672025 0.212808475 0.970967889 0.106613785 -0.023820771 1.957256794 3.331961632 -8.005754471 0.000000000 0.000000000 -12.000000000 0.038815547 0.733813822
1776612776.215099096 0.615823984 0.191576391 0.168672025 0.212808475 0.970967889 0.106613785 -0.023820771 1.909125924 3.239255905 -7.862341881 0.000000000 0.000000000 -12.000000000 0.038870618 0.734174788
1776612776.220060110 0.615444064 0.191743165 0.168593258 0.212850928 0.970955789 0.106796004 -0.023106769 1.857585430 3.151470184 -7.725368023 0.000000000 0.000000000 -12.000000000 0.038928743 0.734529674
1776612776.224602938 0.614962280 0.192054212 0.168536395 0.212890804 0.970943391 0.107192822 -0.021356437 1.802823782 3.068583012 -7.595265865 0.000000000 0.000000000 -12.000000000 0.038989305 0.734879375
1776612776.229729891 0.614962280 0.192054212 0.168536395 0.212890804 0.970943391 0.107192822 -0.021356437 1.745053649 2.990552902 -7.472444057 0.000000000 0.000000000 -12.000000000 0.039052192 0.735229075
1776612776.234569550 0.614748478 0.192148790 0.168509603 0.212909147 0.970942199 0.107347816 -0.020430034 1.684504390 2.917322397 -7.357283592 0.000000000 0.000000000 -12.000000000 0.039117396 0.735577166
1776612776.239576817 0.614462256 0.192204803 0.168466449 0.212913245 0.970948517 0.107443146 -0.019567486 1.621420145 2.848819494 -7.250137329 0.000000000 0.000000000 -12.000000000 0.039184872 0.735922277
1776612776.244665384 0.614096463 0.192230612 0.168396622 0.212901726 0.970962822 0.107475810 -0.018789342 1.556059480 2.784961224 -7.151326180 0.000000000 0.000000000 -12.000000000 0.039254256 0.736264169
1776612776.249700785 0.613783300 0.192252457 0.168351978 0.212870583 0.970982969 0.107498609 -0.017951556 1.488692284 2.725656748 -7.061140060 0.000000000 0.000000000 -12.000000000 0.039326258 0.736603558
1776612776.255008698 0.613565207 0.192277327 0.168344736 0.212829366 0.971005082 0.107534349 -0.017006114 1.419592381 2.670813799 -6.979835987 0.000000000 0.000000000 -12.000000000 0.039399896 0.736942589
1776612776.260034561 0.613347650 0.192267850 0.168306708 0.212798581 0.971028030 0.107534744 -0.016050484 1.349030137 2.620343685 -6.907635212 0.000000000 0.000000000 -12.000000000 0.039475050 0.737281024
1776612776.264624596 0.613090813 0.192227662 0.168250948 0.212773651 0.971052766 0.107494891 -0.015124555 1.277266979 2.574162722 -6.844723225 0.000000000 0.000000000 -12.000000000 0.039551668 0.737618506
1776612776.270228624 0.612783611 0.192185789 0.168185800 0.212729678 0.971082389 0.107432708 -0.014257689 1.204553604 2.532195568 -6.791241169 0.000000000 0.000000000 -12.000000000 0.039629493 0.737954557
1776612776.274998188 0.612421155 0.192141354 0.168116331 0.212660357 0.971119165 0.107340880 -0.013457291 1.131130219 2.494373798 -6.747283936 0.000000000 0.000000000 -12.000000000 0.039708644 0.738288045
1776612776.279710531 0.612119436 0.192106754 0.168092489 0.212587610 0.971154928 0.107265197 -0.012599901 1.057223439 2.460642815 -6.712898254 0.000000000 0.000000000 -12.000000000 0.039788850 0.738620520
1776612776.284836292 0.611902595 0.192081913 0.168114454 0.212519348 0.971187115 0.107216939 -0.011645433 0.983040273 2.430965900 -6.688079357 0.000000000 0.000000000 -12.000000000 0.039870158 0.738952816
1776612776.289606810 0.611670315 0.192039788 0.168117762 0.212475941 0.971214354 0.107153736 -0.010711913 0.908763647 2.405327559 -6.672770977 0.000000000 0.000000000 -12.000000000 0.039951883 0.739285231
1776612776.294608355 0.611380458 0.191966116 0.168099940 0.212466136 0.971236527 0.107055269 -0.009842074 0.834551692 2.383731604 -6.666862965 0.000000000 0.000000000 -12.000000000 0.040033866 0.739617229
1776612776.299823999 0.611058176 0.191886321 0.168069690 0.212477446 0.971254587 0.106941238 -0.009024950 0.760541677 2.366196632 -6.670190811 0.000000000 0.000000000 -12.000000000 0.040116519 0.739948094
1776612776.304585934 0.610697448 0.191800773 0.168030947 0.212461278 0.971280456 0.106800094 -0.008260460 0.686855316 2.352751732 -6.682539940 0.000000000 0.000000000 -12.000000000 0.040199488 0.740277529
1776612776.309720993 0.610341907 0.191735208 0.168007135 0.212411284 0.971313059 0.106658697 -0.007507124 0.613598764 2.343435049 -6.703646183 0.000000000 0.000000000 -12.000000000 0.040282171 0.740606010
1776612776.314610720 0.610025942 0.191690877 0.168011904 0.212356076 0.971344471 0.106535219 -0.006710413 0.540858209 2.338297606 -6.733200073 0.000000000 0.000000000 -12.000000000 0.040364634 0.740934014
1776612776.319613934 0.609676480 0.191640496 0.168007225 0.212303534 0.971376836 0.106389970 -0.005955459 0.468697011 2.337401390 -6.770848274 0.000000000 0.000000000 -12.000000000 0.040446874 0.741260648
1776612776.324686527 0.609231830 0.191566259 0.167989463 0.212239876 0.971415997 0.106193379 -0.005306030 0.397155851 2.340817213 -6.816197872 0.000000000 0.000000000 -12.000000000 0.040528599 0.741584241
1776612776.329663754 0.608704805 0.191482455 0.167964756 0.212132171 0.971468687 0.105951995 -0.004759239 0.326253563 2.348622322 -6.868816376 0.000000000 0.000000000 -12.000000000 0.040609989 0.741905212
1776612776.335128307 0.608134866 0.191400200 0.167950243 0.211991012 0.971531391 0.105680630 -0.004266353 0.255987167 2.360896111 -6.928232670 0.000000000 0.000000000 -12.000000000 0.040690541 0.742223024
1776612776.339578390 0.606987298 0.191242129 0.167990208 0.211675704 0.971669197 0.105077542 -0.003330921 0.186331257 2.377719879 -6.993941784 0.000000000 0.000000000 -12.000000000 0.040770546 0.742535353
1776612776.345148563 0.606987298 0.191242129 0.167990208 0.211675704 0.971669197 0.105077542 -0.003330921 0.117237635 2.399174929 -7.065408230 0.000000000 0.000000000 -12.000000000 0.040849328 0.742847025
1776612776.350652218 0.605481386 0.190973878 0.167946666 0.211281240 0.971847475 0.104233608 -0.002841089 0.048635781 2.425339460 -7.142068386 0.000000000 0.000000000 -12.000000000 0.040927179 0.743153334
1776612776.355097532 0.604556739 0.190797567 0.167886227 0.211081773 0.971947074 0.103708342 -0.002817205 -0.019565791 2.456282139 -7.223336220 0.000000000 0.000000000 -12.000000000 0.041003626 0.743455708
1776612776.360083103 0.604556739 0.190797567 0.167886227 0.211081773 0.971947074 0.103708342 -0.002817205 -0.087478451 2.492059231 -7.308607101 0.000000000 0.000000000 -12.000000000 0.041078560 0.743757606
1776612776.365024090 0.603523433 0.190621763 0.167807728 0.210892648 0.972048342 0.103138909 -0.002940680 -0.155232430 2.532711267 -7.397259235 0.000000000 0.000000000 -12.000000000 0.041151848 0.744056940
1776612776.370028973 0.602450669 0.190439343 0.167729944 0.210696429 0.972154021 0.102536760 -0.003135650 -0.222974792 2.578260899 -7.488662720 0.000000000 0.000000000 -12.000000000 0.041223198 0.744354427
1776612776.375338316 0.601338208 0.190266550 0.167680174 0.210498437 0.972260594 0.101922192 -0.003403852 -0.290866166 2.628709316 -7.582181931 0.000000000 0.000000000 -12.000000000 0.041292556 0.744650602
1776612776.380171061 0.600181282 0.190111652 0.167636007 0.210330918 0.972360611 0.101300210 -0.003750104 -0.359077573 2.684031963 -7.677184582 0.000000000 0.000000000 -12.000000000 0.041360106 0.744945168
1776612776.385067225 0.598974228 0.189931646 0.167572856 0.210184425 0.972458541 0.100646131 -0.004152215 -0.427785814 2.744172096 -7.773042202 0.000000000 0.000000000 -12.000000000 0.041425437 0.745238662
1776612776.390355349 0.597713351 0.189737618 0.167508662 0.210059479 0.972552955 0.099971697 -0.004623712 -0.497165710 2.809033871 -7.869135380 0.000000000 0.000000000 -12.000000000 0.041488566 0.745531380
1776612776.395082235 0.596383989 0.189554974 0.167431742 0.209962860 0.972641587 0.099283069 -0.005181280 -0.567379057 2.878478527 -7.964859486 0.000000000 0.000000000 -12.000000000 0.041549645 0.745823681
1776612776.400245428 0.595021486 0.189372271 0.167326450 0.209881350 0.972726882 0.098583966 -0.005782842 -0.638564289 2.952320337 -8.059628487 0.000000000 0.000000000 -12.000000000 0.041608810 0.746116877
1776612776.405122995 0.593631685 0.189181179 0.167195946 0.209821448 0.972807109 0.097877182 -0.006426335 -0.710828185 3.030326366 -8.152881622 0.000000000 0.000000000 -12.000000000 0.041666020 0.746412754
1776612776.410112143 0.592277527 0.189012349 0.167072922 0.209762782 0.972883940 0.097194582 -0.007040753 -0.784243107 3.112218380 -8.244089127 0.000000000 0.000000000 -12.000000000 0.041721415 0.746711195
1776612776.415314913 0.589666963 0.188717037 0.166899532 0.209626570 0.973033845 0.095891267 -0.008165780 -0.858846784 3.197674751 -8.332758904 0.000000000 0.000000000 -12.000000000 0.041774649 0.747016788
1776612776.420083523 0.588342190 0.188586920 0.166810453 0.209537283 0.973111928 0.095241226 -0.008742000 -0.934642315 3.286331654 -8.418437958 0.000000000 0.000000000 -12.000000000 0.041826032 0.747326016
1776612776.426009893 0.587018132 0.188475132 0.166732639 0.209425375 0.973193526 0.094597384 -0.009312395 -1.011596322 3.377784729 -8.500718117 0.000000000 0.000000000 -12.000000000 0.041875523 0.747638106
1776612776.430206299 0.585701108 0.188368544 0.166639447 0.209288210 0.973279178 0.093960039 -0.009876236 -1.089634776 3.471591234 -8.579240799 0.000000000 0.000000000 -12.000000000 0.041922916 0.747953475
1776612776.435148716 0.585701108 0.188368544 0.166639447 0.209288210 0.973279178 0.093960039 -0.009876236 -1.168638349 3.567273617 -8.653695107 0.000000000 0.000000000 -12.000000000 0.041968867 0.748268545
1776612776.440185070 0.584461212 0.188306585 0.166552752 0.209146500 0.973360956 0.093375899 -0.010351536 -1.248438478 3.664322376 -8.723821640 0.000000000 0.000000000 -12.000000000 0.042012725 0.748586178
1776612776.445035696 0.582334578 0.188264489 0.166461498 0.208867684 0.973507166 0.092406683 -0.010913628 -1.328815460 3.762198210 -8.789415359 0.000000000 0.000000000 -12.000000000 0.042055547 0.748911560
1776612776.450081825 0.582334578 0.188264489 0.166461498 0.208867684 0.973507166 0.092406683 -0.010913628 -1.409498930 3.860333204 -8.850318909 0.000000000 0.000000000 -12.000000000 0.042097121 0.749236703
1776612776.455091238 0.581437469 0.188309848 0.166473746 0.208758101 0.973564982 0.092033289 -0.011006628 -1.490169525 3.958131790 -8.906423569 0.000000000 0.000000000 -12.000000000 0.042137749 0.749564707
1776612776.459683180 0.579893768 0.188502342 0.166536838 0.208559975 0.973659813 0.091489039 -0.010911512 -1.570463657 4.054973125 -8.957663536 0.000000000 0.000000000 -12.000000000 0.042178027 0.749897242
1776612776.465177059 0.579893768 0.188502342 0.166536838 0.208559975 0.973659813 0.091489039 -0.010911512 -1.649979353 4.150215626 -9.004014015 0.000000000 0.000000000 -12.000000000 0.042217314 0.750229776
1776612776.469621658 0.579185307 0.188662738 0.166564077 0.208504349 0.973691463 0.091291890 -0.010799986 -1.728286266 4.243205547 -9.045487404 0.000000000 0.000000000 -12.000000000 0.042255610 0.750562847
1776612776.475053072 0.578529239 0.188838005 0.166583270 0.208464190 0.973716259 0.091138393 -0.010634652 -1.804936647 4.333285809 -9.082124710 0.000000000 0.000000000 -12.000000000 0.042293016 0.750896692
1776612776.479691982 0.577914476 0.189034566 0.166613311 0.208436817 0.973735631 0.091018423 -0.010424046 -1.879477978 4.419806004 -9.113993645 0.000000000 0.000000000 -12.000000000 0.042329837 0.751231074
1776612776.485043526 0.577259898 0.189236403 0.166624129 0.208419800 0.973753929 0.090881892 -0.010246370 -1.951464295 4.502134800 -9.141180038 0.000000000 0.000000000 -12.000000000 0.042366207 0.751565814
1776612776.489627600 0.576072097 0.189664930 0.166729927 0.208355084 0.973792851 0.090666607 -0.009760244 -2.020469189 4.579668045 -9.163790703 0.000000000 0.000000000 -12.000000000 0.042401854 0.751900613
1776612776.494562864 0.576072097 0.189664930 0.166729927 0.208355084 0.973792851 0.090666607 -0.009760244 -2.086097717 4.651841640 -9.181947708 0.000000000 0.000000000 -12.000000000 0.042437021 0.752235711
1776612776.499559641 0.575488865 0.189888760 0.166813910 0.208321244 0.973811924 0.090565555 -0.009511952 -2.147999525 4.718144894 -9.195785522 0.000000000 0.000000000 -12.000000000 0.042471644 0.752570570
1776612776.504597187 0.574815929 0.190091699 0.166859478 0.208272800 0.973837495 0.090417534 -0.009359527 -2.205878496 4.778125286 -9.205445290 0.000000000 0.000000000 -12.000000000 0.042506214 0.752906322
1776612776.509646893 0.574082971 0.190284848 0.166895539 0.208225340 0.973865688 0.090231754 -0.009279551 -2.259501457 4.831401825 -9.211074829 0.000000000 0.000000000 -12.000000000 0.042539157 0.753241837
1776612776.514601469 0.573312283 0.190469936 0.166938424 0.208154351 0.973900437 0.090023614 -0.009243733 -2.308702230 4.877665997 -9.212822914 0.000000000 0.000000000 -12.000000000 0.042571299 0.753578186
1776612776.519629240 0.572457254 0.190659821 0.166962564 0.208053336 0.973943949 0.089780107 -0.009302144 -2.353383064 4.916688442 -9.210837364 0.000000000 0.000000000 -12.000000000 0.042603195 0.753916085
1776612776.524632215 0.571524560 0.190857589 0.166970670 0.207940176 0.973991692 0.089508235 -0.009449722 -2.393514156 4.948315144 -9.205264091 0.000000000 0.000000000 -12.000000000 0.042635303 0.754256070
1776612776.529550314 0.570547879 0.191063061 0.166967571 0.207810313 0.974044561 0.089212805 -0.009652599 -2.429129362 4.972470284 -9.196245193 0.000000000 0.000000000 -12.000000000 0.042667750 0.754598320
1776612776.534602642 0.569551289 0.191291794 0.166969955 0.207680359 0.974095941 0.088927709 -0.009890825 -2.460323334 4.989148617 -9.183914185 0.000000000 0.000000000 -12.000000000 0.042701483 0.754943848
1776612776.539633751 0.568587005 0.191566199 0.166995198 0.207543716 0.974144816 0.088686660 -0.010108500 -2.487246037 4.998411179 -9.168401718 0.000000000 0.000000000 -12.000000000 0.042735599 0.755291641
1776612776.544647455 0.567630351 0.191874713 0.167039692 0.207422242 0.974187195 0.088480070 -0.010324800 -2.510095119 5.000375271 -9.149829865 0.000000000 0.000000000 -12.000000000 0.042770062 0.755641162
1776612776.550329685 0.566652715 0.192209989 0.167076826 0.207314283 0.974224508 0.088293262 -0.010569604 -2.529105902 4.995201111 -9.128314972 0.000000000 0.000000000 -12.000000000 0.042804562 0.755992532
1776612776.554917097 0.564865589 0.193014652 0.167187929 0.207151383 0.974274874 0.088082552 -0.010872699 -2.544536114 4.983080864 -9.103967667 0.000000000 0.000000000 -12.000000000 0.042840969 0.756347060
1776612776.560162067 0.564068317 0.193484396 0.167231619 0.207095310 0.974288583 0.088058345 -0.010908617 -2.556649923 4.964227676 -9.076885223 0.000000000 0.000000000 -12.000000000 0.042879216 0.756702840
1776612776.564634085 0.564068317 0.193484396 0.167231619 0.207095310 0.974288583 0.088058345 -0.010908617 -2.565702915 4.938863754 -9.047147751 0.000000000 0.000000000 -12.000000000 0.042918019 0.757058620
1776612776.570096254 0.563324153 0.194006637 0.167272240 0.207050472 0.974295616 0.088088714 -0.010887373 -2.571926594 4.907209873 -9.014820099 0.000000000 0.000000000 -12.000000000 0.042958066 0.757414103
1776612776.574591637 0.561993778 0.195152730 0.167347789 0.206962496 0.974302113 0.088252723 -0.010648521 -2.575519323 4.869482994 -8.979945183 0.000000000 0.000000000 -12.000000000 0.042999696 0.757766068
1776612776.580035448 0.561993778 0.195152730 0.167347789 0.206962496 0.974302113 0.088252723 -0.010648521 -2.576641798 4.825891018 -8.942551613 0.000000000 0.000000000 -12.000000000 0.043042030 0.758118033
1776612776.584597111 0.561024845 0.196329117 0.167575866 0.206799373 0.974321961 0.088495508 -0.009964677 -2.575418949 4.776636600 -8.902650833 0.000000000 0.000000000 -12.000000000 0.043084186 0.758463681
1776612776.589784622 0.561024845 0.196329117 0.167575866 0.206799373 0.974321961 0.088495508 -0.009964677 -2.571944714 4.721923351 -8.860243797 0.000000000 0.000000000 -12.000000000 0.043127153 0.758809388
1776612776.594575405 0.560576975 0.196917295 0.167698681 0.206670791 0.974344313 0.088594154 -0.009560721 -2.566289902 4.661961079 -8.815320969 0.000000000 0.000000000 -12.000000000 0.043172274 0.759152710
1776612776.599576235 0.560127735 0.197474062 0.167804092 0.206522658 0.974375129 0.088643417 -0.009157960 -2.558508158 4.596973896 -8.767860413 0.000000000 0.000000000 -12.000000000 0.043218262 0.759494007
1776612776.604533911 0.559689522 0.198003024 0.167898804 0.206339002 0.974417508 0.088647969 -0.008735200 -2.548642159 4.527204990 -8.717830658 0.000000000 0.000000000 -12.000000000 0.043266263 0.759834766
1776612776.609609842 0.559175611 0.198511064 0.167952657 0.206139386 0.974468350 0.088585645 -0.008403778 -2.536731243 4.452923298 -8.665195465 0.000000000 0.000000000 -12.000000000 0.043316226 0.760176003
1776612776.615027428 0.558634341 0.199017018 0.167996883 0.205917448 0.974526942 0.088484593 -0.008106620 -2.522815704 4.374424458 -8.609908104 0.000000000 0.000000000 -12.000000000 0.043367755 0.760517180
1776612776.619771719 0.558124840 0.199497640 0.168055654 0.205685422 0.974590659 0.088352181 -0.007774678 -2.506942749 4.292032719 -8.551922798 0.000000000 0.000000000 -12.000000000 0.043420736 0.760858536
1776612776.624656916 0.557017446 0.200389981 0.168162525 0.205170289 0.974742889 0.087917514 -0.007210637 -2.489167452 4.206103325 -8.491191864 0.000000000 0.000000000 -12.000000000 0.043476388 0.761202991
1776612776.629544735 0.557017446 0.200389981 0.168162525 0.205170289 0.974742889 0.087917514 -0.007210637 -2.469552040 4.117020607 -8.427673340 0.000000000 0.000000000 -12.000000000 0.043533165 0.761547506
1776612776.635241985 0.556441844 0.200812131 0.168216914 0.204888120 0.974830449 0.087624557 -0.006954731 -2.448166847 4.025196552 -8.361334801 0.000000000 0.000000000 -12.000000000 0.043591153 0.761893451
1776612776.639567375 0.555857718 0.201230884 0.168267131 0.204587221 0.974924803 0.087296061 -0.006717303 -2.425089121 3.931070328 -8.292148590 0.000000000 0.000000000 -12.000000000 0.043650430 0.762241125
1776612776.644604921 0.555294335 0.201634526 0.168319613 0.204271525 0.975025535 0.086928934 -0.006459252 -2.400403023 3.835103750 -8.220102310 0.000000000 0.000000000 -12.000000000 0.043710981 0.762590230
1776612776.649992228 0.554676533 0.202013850 0.168343067 0.203959495 0.975130081 0.086502269 -0.006260731 -2.374200821 3.737774849 -8.145193100 0.000000000 0.000000000 -12.000000000 0.043773431 0.762942016
1776612776.654587984 0.554022014 0.202393919 0.168363661 0.203647971 0.975236952 0.086040862 -0.006108509 -2.346579075 3.639570236 -8.067427635 0.000000000 0.000000000 -12.000000000 0.043837726 0.763296306
1776612776.659941435 0.553372085 0.202767223 0.168399066 0.203334093 0.975347042 0.085545503 -0.005949060 -2.317637205 3.540978193 -7.986826897 0.000000000 0.000000000 -12.000000000 0.043904077 0.763653278
1776612776.664561272 0.552735448 0.203138560 0.168443114 0.203029856 0.975456059 0.085034803 -0.005785416 -2.287474871 3.442481756 -7.903425217 0.000000000 0.000000000 -12.000000000 0.043972004 0.764012873
1776612776.670014858 0.552100539 0.203513443 0.168483526 0.202742144 0.975562572 0.084508389 -0.005626202 -2.256189346 3.344551563 -7.817269802 0.000000000 0.000000000 -12.000000000 0.044041134 0.764375031
1776612776.674848795 0.551447511 0.203892872 0.168510854 0.202472433 0.975666821 0.083957948 -0.005500744 -2.223873615 3.247640371 -7.728422165 0.000000000 0.000000000 -12.000000000 0.044111483 0.764739871
1776612776.679954290 0.550841331 0.204286993 0.168549985 0.202222049 0.975765944 0.083417788 -0.005337790 -2.190614462 3.152175188 -7.636956692 0.000000000 0.000000000 -12.000000000 0.044183526 0.765106916
1776612776.684660196 0.550267756 0.204688549 0.168583542 0.201990917 0.975860953 0.082876801 -0.005146721 -2.156488419 3.058553934 -7.542959690 0.000000000 0.000000000 -12.000000000 0.044257257 0.765475869
1776612776.689953089 0.549707890 0.205094397 0.168615222 0.201773196 0.975953400 0.082329027 -0.004949395 -2.121560812 2.967138529 -7.446527481 0.000000000 0.000000000 -12.000000000 0.044332352 0.765846670
1776612776.694577694 0.549169779 0.205508843 0.168647379 0.201570764 0.976042569 0.081777848 -0.004741151 -2.085882425 2.878250837 -7.347766876 0.000000000 0.000000000 -12.000000000 0.044408776 0.766219020
1776612776.700003862 0.548677444 0.205946684 0.168699056 0.201364487 0.976130903 0.081243873 -0.004493797 -2.049489498 2.792168856 -7.246792316 0.000000000 0.000000000 -12.000000000 0.044487320 0.766592264
1776612776.704535246 0.548227370 0.206398457 0.168748409 0.201158613 0.976218104 0.080719978 -0.004214272 -2.012406111 2.709126711 -7.143726826 0.000000000 0.000000000 -12.000000000 0.044567693 0.766965926
1776612776.709963083 0.547816932 0.206866980 0.168805778 0.200948924 0.976304948 0.080205575 -0.003905448 -1.974646211 2.629315376 -7.038699627 0.000000000 0.000000000 -12.000000000 0.044649836 0.767339349
1776612776.714599371 0.547420561 0.207359552 0.168867826 0.200725868 0.976393521 0.079698808 -0.003594302 -1.936214328 2.552880764 -6.931847572 0.000000000 0.000000000 -12.000000000 0.044733748 0.767712116
1776612776.719937563 0.547026932 0.207859337 0.168912113 0.200497091 0.976483405 0.079184607 -0.003297334 -1.897109270 2.479928732 -6.823311806 0.000000000 0.000000000 -12.000000000 0.044819452 0.768084407
1776612776.724603176 0.546670914 0.208368480 0.168978661 0.200267345 0.976572275 0.078681573 -0.002973334 -1.857327938 2.410525799 -6.713241100 0.000000000 0.000000000 -12.000000000 0.044907160 0.768456101
1776612776.729919434 0.546327949 0.208876088 0.169064730 0.200037271 0.976660907 0.078176670 -0.002647311 -1.816869497 2.344704628 -6.601788521 0.000000000 0.000000000 -12.000000000 0.044997107 0.768827558
1776612776.734548807 0.545631647 0.209862441 0.169225544 0.199608907 0.976832867 0.077133879 -0.002042113 -1.775736928 2.282466412 -6.489109993 0.000000000 0.000000000 -12.000000000 0.045088232 0.769200087
1776612776.740057707 0.545631647 0.209862441 0.169225544 0.199608907 0.976832867 0.077133879 -0.002042113 -1.733939171 2.223783493 -6.375364780 0.000000000 0.000000000 -12.000000000 0.045181271 0.769572616
1776612776.745673895 0.544914305 0.210807025 0.169330657 0.199216619 0.977000177 0.076033011 -0.001542361 -1.691493511 2.168602705 -6.260711193 0.000000000 0.000000000 -12.000000000 0.045276236 0.769948065
1776612776.749593735 0.544553041 0.211274058 0.169367820 0.199020073 0.977084637 0.075464621 -0.001326759 -1.648427010 2.116847992 -6.145309448 0.000000000 0.000000000 -12.000000000 0.045372788 0.770325065
1776612776.754528046 0.544553041 0.211274058 0.169367820 0.199020073 0.977084637 0.075464621 -0.001326759 -1.604776263 2.068425179 -6.029317379 0.000000000 0.000000000 -12.000000000 0.045471296 0.770702064
1776612776.759515285 0.544184923 0.211752802 0.169420630 0.198821262 0.977168918 0.074898027 -0.001132587 -1.560588360 2.023225069 -5.912895679 0.000000000 0.000000000 -12.000000000 0.045571484 0.771080554
1776612776.764736891 0.543840349 0.212242216 0.169485062 0.198614582 0.977253854 0.074338868 -0.000925327 -1.515919924 1.981127024 -5.796203613 0.000000000 0.000000000 -12.000000000 0.045673493 0.771460116
1776612776.769936085 0.543511808 0.212745100 0.169550419 0.198411092 0.977337182 0.073787384 -0.000720533 -1.470835567 1.942002058 -5.679401398 0.000000000 0.000000000 -12.000000000 0.045776978 0.771840334
1776612776.776617050 0.543171346 0.213253796 0.169599414 0.198206916 0.977420866 0.073226921 -0.000549933 -1.425404549 1.905714393 -5.562649727 0.000000000 0.000000000 -12.000000000 0.045882575 0.772221208
1776612776.779898167 0.542485654 0.214281663 0.169635773 0.197826579 0.977582216 0.072094314 -0.000272869 -1.379698753 1.872123480 -5.446107864 0.000000000 0.000000000 -12.000000000 0.045989312 0.772604167
1776612776.784661293 0.542485654 0.214281663 0.169635773 0.197826579 0.977582216 0.072094314 -0.000272869 -1.333792329 1.841084599 -5.329934597 0.000000000 0.000000000 -12.000000000 0.046098031 0.772987127
1776612776.789927244 0.542150617 0.214780420 0.169634432 0.197660238 0.977658272 0.071516879 -0.000152608 -1.287761688 1.812449694 -5.214286804 0.000000000 0.000000000 -12.000000000 0.046208546 0.773371696
1776612776.794551611 0.541823745 0.215285227 0.169634074 0.197502881 0.977731824 0.070944659 -0.000043350 -1.241687417 1.786068439 -5.099324226 0.000000000 0.000000000 -12.000000000 0.046320383 0.773757696
1776612776.799933434 0.541503310 0.215794832 0.169634461 0.197349578 0.977803826 0.070375964 0.000057917 -1.195653319 1.761790156 -4.985207081 0.000000000 0.000000000 -12.000000000 0.046434171 0.774145186
1776612776.804752588 0.541131735 0.216297090 0.169617146 0.197204337 0.977875650 0.069783077 0.000084382 -1.149746895 1.739464641 -4.872101307 0.000000000 0.000000000 -12.000000000 0.046549797 0.774535000
1776612776.809536934 0.540744126 0.216802537 0.169599146 0.197066963 0.977945805 0.069185287 0.000068375 -1.104060650 1.718943596 -4.760175705 0.000000000 0.000000000 -12.000000000 0.046667397 0.774927378
1776612776.814529657 0.540348291 0.217314363 0.169583827 0.196931750 0.978015304 0.068584971 0.000023494 -1.058693290 1.700082421 -4.649604797 0.000000000 0.000000000 -12.000000000 0.046786506 0.775322318
1776612776.819586039 0.539916754 0.217845306 0.169564098 0.196804985 0.978082359 0.067990527 -0.000081844 -1.013753295 1.682742000 -4.540566921 0.000000000 0.000000000 -12.000000000 0.046907675 0.775720179
1776612776.824547768 0.539478838 0.218397915 0.169549227 0.196686253 0.978146493 0.067408837 -0.000216230 -0.969361663 1.666789055 -4.433243275 0.000000000 0.000000000 -12.000000000 0.047029994 0.776120782
1776612776.829596996 0.539045215 0.218962416 0.169546068 0.196582854 0.978206336 0.066838592 -0.000372400 -0.925652206 1.652096629 -4.327818871 0.000000000 0.000000000 -12.000000000 0.047154110 0.776524127
1776612776.834573269 0.538601458 0.219536051 0.169542104 0.196488112 0.978263617 0.066274971 -0.000564011 -0.882769704 1.638544202 -4.224479198 0.000000000 0.000000000 -12.000000000 0.047279466 0.776930451
1776612776.839992523 0.538122177 0.220099807 0.169522732 0.196411401 0.978317738 0.065698363 -0.000822313 -0.840867639 1.626016021 -4.123412132 0.000000000 0.000000000 -12.000000000 0.047406547 0.777340710
1776612776.844916582 0.537705898 0.220668614 0.169522315 0.196357325 0.978364766 0.065154754 -0.001041155 -0.800104737 1.614399076 -4.024805546 0.000000000 0.000000000 -12.000000000 0.047535308 0.777754188
1776612776.849897861 0.537304640 0.221253768 0.169527769 0.196335956 0.978402436 0.064647153 -0.001276706 -0.760640264 1.603578687 -3.928847551 0.000000000 0.000000000 -12.000000000 0.047665581 0.778170764
1776612776.854696751 0.536895871 0.221849859 0.169531792 0.196333528 0.978434622 0.064159207 -0.001548173 -0.722629130 1.593433976 -3.835725784 0.000000000 0.000000000 -12.000000000 0.047797572 0.778590620
1776612776.859505177 0.536523342 0.222469181 0.169544876 0.196353212 0.978459299 0.063714229 -0.001805951 -0.686217368 1.583835006 -3.745627642 0.000000000 0.000000000 -12.000000000 0.047931023 0.779013097
1776612776.864514828 0.536175966 0.223103955 0.169566065 0.196386039 0.978478909 0.063302800 -0.002063199 -0.651539683 1.574640512 -3.658739567 0.000000000 0.000000000 -12.000000000 0.048065450 0.779437721
1776612776.869561911 0.535836637 0.223751798 0.169588029 0.196421579 0.978496313 0.062912852 -0.002333129 -0.618718266 1.565698624 -3.575246811 0.000000000 0.000000000 -12.000000000 0.048201125 0.779864848
1776612776.874646187 0.535567522 0.224448383 0.169631362 0.196453869 0.978509665 0.062595867 -0.002548922 -0.587861001 1.556845546 -3.495330811 0.000000000 0.000000000 -12.000000000 0.048338130 0.780293047
1776612776.879634380 0.535378397 0.225190997 0.169708282 0.196474850 0.978520513 0.062353250 -0.002694028 -0.559056342 1.547905087 -3.419167995 0.000000000 0.000000000 -12.000000000 0.048476439 0.780720651
1776612776.884576559 0.535270631 0.225974977 0.169814855 0.196473658 0.978531420 0.062183451 -0.002754417 -0.532364964 1.538684726 -3.346928358 0.000000000 0.000000000 -12.000000000 0.048615549 0.781146646
1776612776.889580727 0.535251856 0.226811707 0.169941336 0.196456686 0.978540361 0.062097717 -0.002724222 -0.507810354 1.528971195 -3.278773785 0.000000000 0.000000000 -12.000000000 0.048755538 0.781569183
1776612776.894518375 0.535278916 0.227673858 0.170049191 0.196438029 0.978546381 0.062064279 -0.002655315 -0.485371947 1.518525720 -3.214856863 0.000000000 0.000000000 -12.000000000 0.048896369 0.781988919
1776612776.899975300 0.535363376 0.228543848 0.170139849 0.196420342 0.978549898 0.062069912 -0.002540912 -0.464983046 1.507082939 -3.155318975 0.000000000 0.000000000 -12.000000000 0.049037997 0.782405913
1776612776.904924154 0.535835683 0.230389446 0.170408905 0.196395099 0.978540480 0.062316529 -0.002025246 -0.446533114 1.494354606 -3.100289583 0.000000000 0.000000000 -12.000000000 0.049180388 0.782814860
1776612776.909589291 0.536157131 0.231375232 0.170561671 0.196383238 0.978529155 0.062541597 -0.001693055 -0.429872304 1.480034590 -3.049885988 0.000000000 0.000000000 -12.000000000 0.049323283 0.783217967
1776612776.914947748 0.536157131 0.231375232 0.170561671 0.196383238 0.978529155 0.062541597 -0.001693055 -0.414816529 1.463806868 -3.004211426 0.000000000 0.000000000 -12.000000000 0.049466964 0.783618271
1776612776.919625282 0.536524832 0.232383639 0.170719415 0.196368590 0.978515506 0.062809035 -0.001323256 -0.401151568 1.445352197 -2.963354826 0.000000000 0.000000000 -12.000000000 0.049611270 0.784012377
1776612776.925050020 0.536890507 0.233402714 0.170880079 0.196362793 0.978498697 0.063095622 -0.000968826 -0.388637066 1.424356103 -2.927390099 0.000000000 0.000000000 -12.000000000 0.049755566 0.784401774
1776612776.929594040 0.537857890 0.235506207 0.171246558 0.196355537 0.978453577 0.063821144 -0.000038972 -0.377011657 1.400516033 -2.896377087 0.000000000 0.000000000 -12.000000000 0.049900137 0.784777224
1776612776.934916973 0.537857890 0.235506207 0.171246558 0.196355537 0.978453577 0.063821144 -0.000038972 -0.365999132 1.373548627 -2.870361567 0.000000000 0.000000000 -12.000000000 0.050045215 0.785152674
1776612776.940124750 0.538337708 0.236593589 0.171411484 0.196356446 0.978427172 0.064220257 0.000403383 -0.355315268 1.343196630 -2.849374533 0.000000000 0.000000000 -12.000000000 0.050190821 0.785522521
1776612776.944539309 0.538850486 0.237711146 0.171588778 0.196364611 0.978395820 0.064666852 0.000876414 -0.344675511 1.309234500 -2.833431005 0.000000000 0.000000000 -12.000000000 0.050336886 0.785886526
1776612776.949532986 0.539308429 0.238824815 0.171734035 0.196367800 0.978365898 0.065102108 0.001272746 -0.333804041 1.271476030 -2.822528839 0.000000000 0.000000000 -12.000000000 0.050483581 0.786247313
1776612776.954521894 0.539825320 0.239958256 0.171902239 0.196372628 0.978331983 0.065584987 0.001717186 -0.322442889 1.229779840 -2.816648245 0.000000000 0.000000000 -12.000000000 0.050630607 0.786603808
1776612776.959761858 0.540373921 0.241105095 0.172099501 0.196398690 0.978290141 0.066114686 0.002179323 -0.310357958 1.184053302 -2.815753460 0.000000000 0.000000000 -12.000000000 0.050778098 0.786956489
1776612776.964584589 0.540881515 0.242243290 0.172288209 0.196435928 0.978246093 0.066639774 0.002575042 -0.297341913 1.134253502 -2.819793224 0.000000000 0.000000000 -12.000000000 0.050925832 0.787306726
1776612776.969627857 0.540881515 0.242243290 0.172288209 0.196435928 0.978246093 0.066639774 0.002575042 -0.283215702 1.080388069 -2.828703880 0.000000000 0.000000000 -12.000000000 0.051073562 0.787656963
1776612776.974526405 0.541951001 0.244527459 0.172701985 0.196550369 0.978143811 0.067758545 0.003381752 -0.267829925 1.022516370 -2.842409611 0.000000000 0.000000000 -12.000000000 0.051220566 0.788004756
1776612776.979849815 0.542452395 0.245663792 0.172896147 0.196602270 0.978094041 0.068305880 0.003730534 -0.251065642 0.960751176 -2.860824823 0.000000000 0.000000000 -12.000000000 0.051367410 0.788351774
1776612776.985265732 0.542944551 0.246800289 0.173096627 0.196642548 0.978045940 0.068857580 0.004056782 -0.232835770 0.895258069 -2.883854151 0.000000000 0.000000000 -12.000000000 0.051513962 0.788699269
1776612776.989556074 0.543745279 0.248955965 0.173426896 0.196706071 0.977964222 0.069804139 0.004477121 -0.213086739 0.826254785 -2.911392450 0.000000000 0.000000000 -12.000000000 0.051659338 0.789051056
1776612776.994648695 0.543745279 0.248955965 0.173426896 0.196706071 0.977964222 0.069804139 0.004477121 -0.191801935 0.754010141 -2.943323374 0.000000000 0.000000000 -12.000000000 0.051804446 0.789403439
1776612776.999824047 0.543981135 0.249996603 0.173545659 0.196731091 0.977931082 0.070197232 0.004476771 -0.169008210 0.678844094 -2.979518652 0.000000000 0.000000000 -12.000000000 0.051949218 0.789760172
1776612777.004512072 0.544145823 0.251021415 0.173650861 0.196717203 0.977909088 0.070547871 0.004376830 -0.144783705 0.601128757 -3.019837379 0.000000000 0.000000000 -12.000000000 0.052093394 0.790122032
1776612777.009876251 0.544265091 0.251995474 0.173772365 0.196712092 0.977889657 0.070841730 0.004203381 -0.119262390 0.521287918 -3.064126730 0.000000000 0.000000000 -12.000000000 0.052236818 0.790489435
1776612777.014780045 0.544304430 0.252919137 0.173898488 0.196705967 0.977875412 0.071070895 0.003916828 -0.092634194 0.439793944 -3.112225533 0.000000000 0.000000000 -12.000000000 0.052379344 0.790863335
1776612777.019984961 0.544271350 0.253806174 0.174035639 0.196699530 0.977865398 0.071246810 0.003535897 -0.065142162 0.357162476 -3.163966894 0.000000000 0.000000000 -12.000000000 0.052520927 0.791244626
1776612777.024607420 0.543986082 0.255488187 0.174311191 0.196663409 0.977862358 0.071433313 0.002458163 -0.037077680 0.273945332 -3.219180584 0.000000000 0.000000000 -12.000000000 0.052661348 0.791642129
1776612777.029657125 0.543986082 0.255488187 0.174311191 0.196663409 0.977862358 0.071433313 0.002458163 -0.008774916 0.190721810 -3.277692080 0.000000000 0.000000000 -12.000000000 0.052801177 0.792039633
1776612777.034515381 0.543810725 0.256287634 0.174450129 0.196650147 0.977863908 0.071467161 0.001841851 0.019396042 0.108088829 -3.339325428 0.000000000 0.000000000 -12.000000000 0.052939761 0.792444408
1776612777.039524794 0.543618977 0.257045269 0.174584389 0.196650669 0.977864921 0.071465082 0.001186006 0.047038946 0.026649011 -3.403901100 0.000000000 0.000000000 -12.000000000 0.053077403 0.792856276
1776612777.044494629 0.543391705 0.257795751 0.174705714 0.196645916 0.977868795 0.071433358 0.000475244 0.073743872 -0.053002402 -3.471237659 0.000000000 0.000000000 -12.000000000 0.053214367 0.793275654
1776612777.049537897 0.543129504 0.258515269 0.174824208 0.196640417 0.977874756 0.071368314 -0.000285615 0.099100754 -0.130290866 -3.541151047 0.000000000 0.000000000 -12.000000000 0.053350486 0.793702722
1776612777.054798126 0.542873621 0.259230316 0.174952894 0.196638718 0.977879524 0.071300089 -0.001057565 0.122713052 -0.204675168 -3.613453150 0.000000000 0.000000000 -12.000000000 0.053485781 0.794137061
1776612777.059939384 0.542651772 0.259949803 0.175107211 0.196634337 0.977882683 0.071254142 -0.001802953 0.144211262 -0.275658637 -3.687950850 0.000000000 0.000000000 -12.000000000 0.053620163 0.794578135
1776612777.064657450 0.542468727 0.260643721 0.175263435 0.196660578 0.977879167 0.071207277 -0.002538185 0.163265109 -0.342798382 -3.764445782 0.000000000 0.000000000 -12.000000000 0.053753871 0.795025229
1776612777.069878817 0.542298079 0.261336148 0.175422788 0.196682826 0.977875590 0.071165286 -0.003267729 0.179592878 -0.405712008 -3.842731953 0.000000000 0.000000000 -12.000000000 0.053886451 0.795477629
1776612777.074548244 0.542171121 0.262019008 0.175578982 0.196713641 0.977868855 0.071136340 -0.003978896 0.192967534 -0.464081943 -3.922591925 0.000000000 0.000000000 -12.000000000 0.054017864 0.795934439
1776612777.079927921 0.542124987 0.262715191 0.175771177 0.196763143 0.977854788 0.071154073 -0.004617041 0.203220874 -0.517658770 -4.003797531 0.000000000 0.000000000 -12.000000000 0.054148462 0.796394944
1776612777.084639072 0.542155325 0.263440520 0.175987363 0.196789309 0.977842033 0.071218327 -0.005188038 0.210246354 -0.566263676 -4.086109638 0.000000000 0.000000000 -12.000000000 0.054277942 0.796857953
1776612777.089617252 0.542220414 0.264168680 0.176213026 0.196823061 0.977825522 0.071310163 -0.005731102 0.214001209 -0.609788477 -4.169275761 0.000000000 0.000000000 -12.000000000 0.054406311 0.797323525
1776612777.094729662 0.542281985 0.264897972 0.176420927 0.196865350 0.977806747 0.071403518 -0.006290316 0.214507565 -0.648194313 -4.253030300 0.000000000 0.000000000 -12.000000000 0.054533467 0.797791958
1776612777.099803686 0.542337775 0.265633076 0.176615864 0.196873590 0.977793932 0.071502976 -0.006863834 0.211851910 -0.681507945 -4.337090492 0.000000000 0.000000000 -12.000000000 0.054659467 0.798263669
1776612777.104909420 0.542428851 0.266362548 0.176802814 0.196892440 0.977777481 0.071619883 -0.007426512 0.206182554 -0.709816694 -4.421158791 0.000000000 0.000000000 -12.000000000 0.054784074 0.798737884
1776612777.109522343 0.542553961 0.267083585 0.177002817 0.196934566 0.977754712 0.071756452 -0.007968255 0.197704762 -0.733262181 -4.504923344 0.000000000 0.000000000 -12.000000000 0.054907326 0.799214423
1776612777.114539862 0.542719185 0.267807752 0.177209646 0.196976721 0.977730334 0.071913265 -0.008486344 0.186673835 -0.752032578 -4.588060856 0.000000000 0.000000000 -12.000000000 0.055028956 0.799692690
1776612777.119513512 0.542941034 0.268536568 0.177450299 0.197002769 0.977706671 0.072106287 -0.008957581 0.173386723 -0.766354144 -4.670238495 0.000000000 0.000000000 -12.000000000 0.055149131 0.800172508
1776612777.124788761 0.543208241 0.269267797 0.177704722 0.197033495 0.977680445 0.072321422 -0.009399896 0.158173382 -0.776482880 -4.751117706 0.000000000 0.000000000 -12.000000000 0.055267271 0.800652981
1776612777.129528761 0.543460727 0.269990176 0.177923650 0.197090447 0.977648377 0.072537005 -0.009866631 0.141389623 -0.782698214 -4.830357552 0.000000000 0.000000000 -12.000000000 0.055384196 0.801135302
1776612777.134523869 0.543688238 0.270692945 0.178113163 0.197144315 0.977618277 0.072725214 -0.010378610 0.123411320 -0.785297811 -4.907616615 0.000000000 0.000000000 -12.000000000 0.055500090 0.801619768
1776612777.139532089 0.543902516 0.271383315 0.178285331 0.197185934 0.977590382 0.072908677 -0.010912545 0.104628421 -0.784591913 -4.982554913 0.000000000 0.000000000 -12.000000000 0.055614557 0.802106440
1776612777.144553900 0.544113755 0.272064477 0.178434283 0.197206303 0.977566421 0.073088743 -0.011470797 0.085438542 -0.780896068 -5.054837704 0.000000000 0.000000000 -12.000000000 0.055728287 0.802595675
1776612777.149572849 0.544321120 0.272739589 0.178577840 0.197226226 0.977541983 0.073269844 -0.012043639 0.066239983 -0.774524450 -5.124138355 0.000000000 0.000000000 -12.000000000 0.055840675 0.803087175
1776612777.154613018 0.544578314 0.273430884 0.178740233 0.197253838 0.977514207 0.073475800 -0.012579773 0.047425181 -0.765784144 -5.190143585 0.000000000 0.000000000 -12.000000000 0.055951990 0.803580582
1776612777.159918785 0.544888675 0.274136871 0.178931028 0.197281867 0.977484107 0.073715292 -0.013065963 0.029375790 -0.754970133 -5.252559662 0.000000000 0.000000000 -12.000000000 0.056062095 0.804075480
1776612777.164742470 0.545177698 0.274833173 0.179091752 0.197310328 0.977454066 0.073943920 -0.013584478 0.012459475 -0.742361963 -5.311114788 0.000000000 0.000000000 -12.000000000 0.056171775 0.804572701
1776612777.169876337 0.545411468 0.275491357 0.179214448 0.197341383 0.977425575 0.074127540 -0.014166982 -0.002972173 -0.728222966 -5.365564823 0.000000000 0.000000000 -12.000000000 0.056280803 0.805072546
1776612777.174604654 0.545627832 0.276118010 0.179315895 0.197382674 0.977396250 0.074283086 -0.014787487 -0.016586244 -0.712801039 -5.415696144 0.000000000 0.000000000 -12.000000000 0.056389000 0.805574775
1776612777.179590225 0.545627832 0.276118010 0.179315895 0.197382674 0.977396250 0.074283086 -0.014787487 -0.028073976 -0.696327984 -5.461325645 0.000000000 0.000000000 -12.000000000 0.056496378 0.806077003
1776612777.184531450 0.546118081 0.277339011 0.179493517 0.197472677 0.977334976 0.074597806 -0.016002083 -0.037157770 -0.679018080 -5.502303600 0.000000000 0.000000000 -12.000000000 0.056602970 0.806583226
1776612777.189931631 0.546473563 0.277968287 0.179615825 0.197529212 0.977297664 0.074824177 -0.016516622 -0.043595649 -0.661068857 -5.538518429 0.000000000 0.000000000 -12.000000000 0.056708846 0.807089984
1776612777.194669247 0.546889722 0.278608650 0.179758787 0.197593272 0.977256656 0.075085878 -0.016983368 -0.047181614 -0.642665207 -5.569900990 0.000000000 0.000000000 -12.000000000 0.056814250 0.807596684
1776612777.199501991 0.547298849 0.279252619 0.179882348 0.197659105 0.977213502 0.075365327 -0.017457277 -0.047742493 -0.623983443 -5.596425056 0.000000000 0.000000000 -12.000000000 0.056919273 0.808103919
1776612777.204559803 0.547671437 0.279889762 0.179959297 0.197733790 0.977167666 0.075640038 -0.017980928 -0.045133036 -0.605195522 -5.618108749 0.000000000 0.000000000 -12.000000000 0.057023868 0.808612585
1776612777.209670067 0.548010290 0.280493796 0.180010915 0.197817773 0.977120697 0.075889066 -0.018551495 -0.039231960 -0.586471260 -5.635014057 0.000000000 0.000000000 -12.000000000 0.057128467 0.809122562
1776612777.214534521 0.548403382 0.281095624 0.180056632 0.197922736 0.977067113 0.076171480 -0.019088794 -0.029940210 -0.567979395 -5.647245884 0.000000000 0.000000000 -12.000000000 0.057233144 0.809631705
1776612777.219954967 0.548843801 0.281704068 0.180113137 0.198045403 0.977006733 0.076499067 -0.019590186 -0.017181573 -0.549887240 -5.654954910 0.000000000 0.000000000 -12.000000000 0.057337739 0.810139358
1776612777.224780083 0.549376428 0.282337844 0.180209249 0.198187828 0.976938426 0.076892480 -0.020012271 -0.000904263 -0.532359898 -5.658335686 0.000000000 0.000000000 -12.000000000 0.057442203 0.810646534
1776612777.229863405 0.549951613 0.282981247 0.180337638 0.198338479 0.976866007 0.077324040 -0.020387175 0.018918945 -0.515560806 -5.657628059 0.000000000 0.000000000 -12.000000000 0.057546761 0.811152101
1776612777.234529018 0.550515234 0.283612311 0.180450022 0.198507667 0.976788938 0.077758670 -0.020777036 0.042293262 -0.499653846 -5.653111935 0.000000000 0.000000000 -12.000000000 0.057651274 0.811658084
1776612777.239868879 0.551154137 0.284238279 0.180589378 0.198707670 0.976702869 0.078244135 -0.021084780 0.069207422 -0.484807789 -5.645108700 0.000000000 0.000000000 -12.000000000 0.057755876 0.812162995
1776612777.244519711 0.551932454 0.284852713 0.180736572 0.198949873 0.976606131 0.078789093 -0.021252574 0.099640913 -0.471201897 -5.633976460 0.000000000 0.000000000 -12.000000000 0.057860658 0.812665522
1776612777.249658823 0.552735209 0.285447061 0.180845469 0.199225917 0.976501703 0.079343848 -0.021401670 0.133570626 -0.459028542 -5.620108128 0.000000000 0.000000000 -12.000000000 0.057965688 0.813165665
1776612777.254508018 0.553661764 0.286063701 0.180960476 0.199513972 0.976391792 0.079965152 -0.021419689 0.170976013 -0.448492795 -5.603928089 0.000000000 0.000000000 -12.000000000 0.058070991 0.813662887
1776612777.259948254 0.554710865 0.286720842 0.181092858 0.199804395 0.976277292 0.080667354 -0.021298895 0.211843178 -0.439809442 -5.585887909 0.000000000 0.000000000 -12.000000000 0.058176644 0.814157069
1776612777.264578342 0.555826843 0.287392944 0.181221664 0.200093642 0.976160824 0.081411496 -0.021087963 0.256168127 -0.433199704 -5.566465378 0.000000000 0.000000000 -12.000000000 0.058282480 0.814647138
1776612777.269515038 0.556965649 0.288050234 0.181339860 0.200377598 0.976045966 0.082153045 -0.020831903 0.303958982 -0.428888410 -5.546159267 0.000000000 0.000000000 -12.000000000 0.058388557 0.815135360
1776612777.274877310 0.558118761 0.288684487 0.181463093 0.200661346 0.975931704 0.082886331 -0.020548385 0.355235904 -0.427101523 -5.525488377 0.000000000 0.000000000 -12.000000000 0.058494966 0.815622091
1776612777.279512882 0.559297204 0.289298564 0.181575149 0.200941816 0.975818515 0.083613537 -0.020232644 0.410027117 -0.428060263 -5.504987717 0.000000000 0.000000000 -12.000000000 0.058601677 0.816107392
1776612777.284990788 0.560507536 0.289879024 0.181695223 0.201193988 0.975713134 0.084318876 -0.019878484 0.468361348 -0.431971788 -5.485205173 0.000000000 0.000000000 -12.000000000 0.058708761 0.816591144
1776612777.289919138 0.561830759 0.290443987 0.181876659 0.201420680 0.975612462 0.085050866 -0.019399641 0.530260503 -0.439017981 -5.466698170 0.000000000 0.000000000 -12.000000000 0.058816176 0.817072093
1776612777.294625759 0.564465761 0.291471273 0.182227045 0.201782465 0.975436091 0.086426511 -0.018403508 0.595734119 -0.449345350 -5.450026989 0.000000000 0.000000000 -12.000000000 0.058924019 0.817549527
1776612777.299859285 0.564465761 0.291471273 0.182227045 0.201782465 0.975436091 0.086426511 -0.018403508 0.664775550 -0.463059127 -5.435750961 0.000000000 0.000000000 -12.000000000 0.059032086 0.818026960
1776612777.304627657 0.565678060 0.291889936 0.182349563 0.201934531 0.975362003 0.086991303 -0.017998466 0.737359762 -0.480221152 -5.424421310 0.000000000 0.000000000 -12.000000000 0.059140492 0.818505049
1776612777.309570789 0.566866815 0.292264163 0.182454795 0.202066898 0.975295663 0.087505504 -0.017611761 0.813440084 -0.500847697 -5.416578770 0.000000000 0.000000000 -12.000000000 0.059249159 0.818982840
1776612777.314895868 0.568061411 0.292604208 0.182529151 0.202183589 0.975235522 0.087984301 -0.017210936 0.892944932 -0.524906158 -5.412747860 0.000000000 0.000000000 -12.000000000 0.059357915 0.819460809
1776612777.319720030 0.569252908 0.292915016 0.182611734 0.202272266 0.975184619 0.088423342 -0.016797490 0.975774884 -0.552312076 -5.413435459 0.000000000 0.000000000 -12.000000000 0.059466496 0.819939077
1776612777.324500084 0.570479751 0.293220967 0.182726145 0.202341720 0.975138187 0.088862449 -0.016335513 1.061801553 -0.582928240 -5.419126987 0.000000000 0.000000000 -12.000000000 0.059574869 0.820416808
1776612777.329775572 0.571648300 0.293500513 0.182835162 0.202381030 0.975100636 0.089259446 -0.015917953 1.150866389 -0.616567075 -5.430283546 0.000000000 0.000000000 -12.000000000 0.059683487 0.820897162
1776612777.334572315 0.572692394 0.293717593 0.182893723 0.202398881 0.975074351 0.089557327 -0.015626062 1.242780209 -0.652994752 -5.447337627 0.000000000 0.000000000 -12.000000000 0.059791870 0.821378469
1776612777.339540243 0.573655605 0.293882012 0.182945162 0.202445924 0.975046337 0.089790076 -0.015428185 1.337322235 -0.691936851 -5.470689774 0.000000000 0.000000000 -12.000000000 0.059900541 0.821862161
1776612777.344505548 0.574594557 0.294025868 0.183004558 0.202545181 0.975007772 0.090010367 -0.015279428 1.434239268 -0.733083367 -5.500706196 0.000000000 0.000000000 -12.000000000 0.060008936 0.822346985
1776612777.349661827 0.575528026 0.294134855 0.183072925 0.202696592 0.974959135 0.090218261 -0.015147277 1.533246636 -0.776095688 -5.537719727 0.000000000 0.000000000 -12.000000000 0.060117956 0.822832882
1776612777.354532957 0.576360404 0.294222087 0.183137357 0.202882126 0.974905193 0.090384923 -0.015142445 1.634029984 -0.820614576 -5.582027435 0.000000000 0.000000000 -12.000000000 0.060226481 0.823318779
1776612777.359576464 0.577149689 0.294328928 0.183236867 0.203093052 0.974843204 0.090569422 -0.015203049 1.736247897 -0.866266429 -5.633889198 0.000000000 0.000000000 -12.000000000 0.060334653 0.823805749
1776612777.364516020 0.577822804 0.294464529 0.183328778 0.203320757 0.974774778 0.090759337 -0.015411067 1.839531898 -0.912668169 -5.693527699 0.000000000 0.000000000 -12.000000000 0.060442582 0.824295342
1776612777.369546652 0.578341603 0.294608772 0.183393806 0.203558877 0.974703670 0.090921938 -0.015801797 1.943486333 -0.959433556 -5.761124134 0.000000000 0.000000000 -12.000000000 0.060550015 0.824788034
1776612777.374544621 0.578700423 0.294710577 0.183428586 0.203810275 0.974633276 0.091008693 -0.016394909 2.047687531 -1.006178975 -5.836816788 0.000000000 0.000000000 -12.000000000 0.060656458 0.825283229
1776612777.379665375 0.578981638 0.294791460 0.183473617 0.204067364 0.974561453 0.091071755 -0.017099073 2.151682377 -1.052527308 -5.920692921 0.000000000 0.000000000 -12.000000000 0.060762063 0.825780571
1776612777.384520054 0.579207778 0.294863194 0.183526903 0.204320967 0.974488735 0.091129936 -0.017886570 2.254990578 -1.098109484 -6.012787819 0.000000000 0.000000000 -12.000000000 0.060867120 0.826279640
1776612777.389642715 0.579346955 0.294921756 0.183597237 0.204557851 0.974418581 0.091167629 -0.018789047 2.357108116 -1.142565727 -6.113076687 0.000000000 0.000000000 -12.000000000 0.060971268 0.826780558
1776612777.394563198 0.579467595 0.294984877 0.183695972 0.204769164 0.974350750 0.091219202 -0.019728957 2.457516432 -1.185550213 -6.221471310 0.000000000 0.000000000 -12.000000000 0.061074208 0.827283323
1776612777.399524927 0.579604387 0.295013249 0.183805466 0.204959929 0.974286914 0.091266945 -0.020659385 2.555693388 -1.226735234 -6.337817192 0.000000000 0.000000000 -12.000000000 0.061175808 0.827786684
1776612777.404645920 0.579706132 0.294997245 0.183890045 0.205164433 0.974220693 0.091286913 -0.021640448 2.651124716 -1.265817881 -6.461885452 0.000000000 0.000000000 -12.000000000 0.061275922 0.828289449
1776612777.409527302 0.579752982 0.294970781 0.183956563 0.205370054 0.974154115 0.091281392 -0.022685260 2.743314266 -1.302525401 -6.593374729 0.000000000 0.000000000 -12.000000000 0.061374415 0.828791678
1776612777.414589643 0.579799592 0.294946939 0.184010863 0.205547482 0.974092484 0.091274612 -0.023727898 2.831793070 -1.336619020 -6.731905460 0.000000000 0.000000000 -12.000000000 0.061470911 0.829293370
1776612777.419524193 0.579861462 0.294911355 0.184050322 0.205704406 0.974033296 0.091277823 -0.024763109 2.916128874 -1.367897272 -6.877020836 0.000000000 0.000000000 -12.000000000 0.061565533 0.829793751
1776612777.424563646 0.579978228 0.294890225 0.184106976 0.205841258 0.973975480 0.091315605 -0.025741220 2.995931625 -1.396197438 -7.028190613 0.000000000 0.000000000 -12.000000000 0.061658163 0.830292761
1776612777.429696083 0.580193400 0.294888109 0.184196502 0.205991656 0.973912120 0.091405131 -0.026604015 3.070859909 -1.421395659 -7.184810162 0.000000000 0.000000000 -12.000000000 0.061748564 0.830790639
1776612777.434518814 0.580461442 0.294866651 0.184287488 0.206166044 0.973841906 0.091518998 -0.027419463 3.140626431 -1.443406343 -7.346207619 0.000000000 0.000000000 -12.000000000 0.061836749 0.831286371
1776612777.439558029 0.580705285 0.294833243 0.184357911 0.206335634 0.973771334 0.091633208 -0.028254842 3.205005169 -1.462183237 -7.511648655 0.000000000 0.000000000 -12.000000000 0.061922546 0.831780076
1776612777.444781542 0.580937982 0.294793099 0.184403062 0.206509322 0.973699152 0.091743417 -0.029102549 3.263837814 -1.477720857 -7.680340767 0.000000000 0.000000000 -12.000000000 0.062005948 0.832271636
1776612777.449960470 0.581185699 0.294718593 0.184437811 0.206738353 0.973614037 0.091858551 -0.029948847 3.317038059 -1.490055561 -7.851441860 0.000000000 0.000000000 -12.000000000 0.062087387 0.832760036
1776612777.454759359 0.581471324 0.294652671 0.184450060 0.206971273 0.973525703 0.092001647 -0.030761156 3.364593506 -1.499261856 -8.024068832 0.000000000 0.000000000 -12.000000000 0.062166318 0.833244920
1776612777.459812641 0.581806600 0.294603676 0.184470475 0.207197413 0.973436296 0.092183709 -0.031515021 3.406562805 -1.505448103 -8.197307587 0.000000000 0.000000000 -12.000000000 0.062243015 0.833726764
1776612777.464530706 0.582235694 0.294590116 0.184537113 0.207443729 0.973337412 0.092445113 -0.032175977 3.443071604 -1.508749723 -8.370224953 0.000000000 0.000000000 -12.000000000 0.062317148 0.834206223
1776612777.469968796 0.582713902 0.294617534 0.184633017 0.207689494 0.973234534 0.092765957 -0.032772779 3.474304676 -1.509324074 -8.541877747 0.000000000 0.000000000 -12.000000000 0.062388744 0.834684610
1776612777.474596500 0.583148420 0.294627309 0.184705198 0.207924381 0.973133087 0.093075499 -0.033412546 3.500501633 -1.507345796 -8.711321831 0.000000000 0.000000000 -12.000000000 0.062457826 0.835161924
1776612777.479886770 0.583544433 0.294637382 0.184752196 0.208152846 0.973031640 0.093375728 -0.034099095 3.521947622 -1.503002524 -8.877626419 0.000000000 0.000000000 -12.000000000 0.062524229 0.835638285
1776612777.484914303 0.583927929 0.294634014 0.184775740 0.208388299 0.972928166 0.093667999 -0.034805395 3.538965940 -1.496490240 -9.039875031 0.000000000 0.000000000 -12.000000000 0.062587976 0.836113155
1776612777.489766359 0.584310949 0.294613272 0.184765697 0.208627746 0.972823143 0.093956694 -0.035520673 3.551907301 -1.488006949 -9.197184563 0.000000000 0.000000000 -12.000000000 0.062649280 0.836585760
1776612777.495345354 0.584705532 0.294576019 0.184738636 0.208875954 0.972715259 0.094250828 -0.036230303 3.561140537 -1.477745175 -9.348709106 0.000000000 0.000000000 -12.000000000 0.062708214 0.837055445
1776612777.500101089 0.585537374 0.294500917 0.184764594 0.209393442 0.972487986 0.094901465 -0.037618667 3.567042351 -1.465885520 -9.493652344 0.000000000 0.000000000 -12.000000000 0.062764950 0.837520778
1776612777.504859209 0.585537374 0.294500917 0.184764594 0.209393442 0.972487986 0.094901465 -0.037618667 3.569991827 -1.452590704 -9.631272316 0.000000000 0.000000000 -12.000000000 0.062819496 0.837986112
1776612777.509703159 0.585912406 0.294455588 0.184773922 0.209635526 0.972375214 0.095230713 -0.038346477 3.570365429 -1.438004851 -9.760891914 0.000000000 0.000000000 -12.000000000 0.062872715 0.838449895
1776612777.514908791 0.586231172 0.294387788 0.184756696 0.209880233 0.972260952 0.095535450 -0.039139654 3.568537474 -1.422255158 -9.881903648 0.000000000 0.000000000 -12.000000000 0.062923975 0.838911772
1776612777.520168781 0.586526394 0.294316828 0.184726685 0.210109606 0.972148240 0.095838271 -0.039959546 3.564877987 -1.405452371 -9.993774414 0.000000000 0.000000000 -12.000000000 0.062973678 0.839371681
1776612777.524926186 0.586808026 0.294242561 0.184689492 0.210347399 0.972031176 0.096147858 -0.040803611 3.559752464 -1.387691498 -10.096055984 0.000000000 0.000000000 -12.000000000 0.063021690 0.839829504
1776612777.529974699 0.587055683 0.294164449 0.184641004 0.210573435 0.971915364 0.096448004 -0.041679166 3.553520679 -1.369052410 -10.188390732 0.000000000 0.000000000 -12.000000000 0.063068345 0.840285540
1776612777.534923077 0.587276220 0.294059217 0.184589535 0.210790381 0.971801043 0.096729890 -0.042584997 3.546535015 -1.349601030 -10.270514488 0.000000000 0.000000000 -12.000000000 0.063113607 0.840739369
1776612777.540101290 0.587502837 0.293970823 0.184572339 0.211009353 0.971682489 0.097040989 -0.043488134 3.539137363 -1.329388738 -10.342256546 0.000000000 0.000000000 -12.000000000 0.063157775 0.841191888
1776612777.544894457 0.587720871 0.293866992 0.184559435 0.211205035 0.971567869 0.097350389 -0.044398364 3.531656742 -1.308452606 -10.403545380 0.000000000 0.000000000 -12.000000000 0.063201226 0.841642797
1776612777.549607038 0.587885976 0.293755025 0.184530646 0.211407900 0.971448898 0.097650439 -0.045365967 3.524407864 -1.286815763 -10.454401970 0.000000000 0.000000000 -12.000000000 0.063243754 0.842092097
1776612777.554626703 0.587985277 0.293620020 0.184472322 0.211613461 0.971328080 0.097917505 -0.046408221 3.517691612 -1.264489293 -10.494942665 0.000000000 0.000000000 -12.000000000 0.063285336 0.842539310
1776612777.559555531 0.588063836 0.293477118 0.184399068 0.211796299 0.971210837 0.098174468 -0.047471803 3.511793852 -1.241472125 -10.525371552 0.000000000 0.000000000 -12.000000000 0.063326307 0.842984200
1776612777.564513922 0.588133037 0.293348104 0.184315145 0.211991459 0.971087813 0.098443337 -0.048548475 3.506980658 -1.217749596 -10.545975685 0.000000000 0.000000000 -12.000000000 0.063366830 0.843427062
1776612777.569549084 0.588176668 0.293207943 0.184225917 0.212162882 0.970968783 0.098699994 -0.049647424 3.503495693 -1.193292379 -10.557123184 0.000000000 0.000000000 -12.000000000 0.063407041 0.843867838
1776612777.574889183 0.588202775 0.293081552 0.184136361 0.212339863 0.970845878 0.098960377 -0.050763741 3.501557350 -1.168057203 -10.559252739 0.000000000 0.000000000 -12.000000000 0.063446827 0.844307125
1776612777.579936266 0.588261306 0.292963505 0.184081823 0.212508947 0.970722854 0.099245235 -0.051841043 3.501360178 -1.141987801 -10.552875519 0.000000000 0.000000000 -12.000000000 0.063486584 0.844745219
1776612777.584957361 0.588351905 0.292856365 0.184063107 0.212675020 0.970597386 0.099567875 -0.052879889 3.503074646 -1.115015030 -10.538567543 0.000000000 0.000000000 -12.000000000 0.063526437 0.845182478
1776612777.589951515 0.588428319 0.292744935 0.184053272 0.212849215 0.970468521 0.099889107 -0.053928029 3.506851435 -1.087059975 -10.516967773 0.000000000 0.000000000 -12.000000000 0.063566498 0.845619082
1776612777.594941616 0.588483572 0.292624623 0.184030980 0.213018581 0.970339119 0.100203753 -0.054994043 3.512821436 -1.058035851 -10.488764763 0.000000000 0.000000000 -12.000000000 0.063606791 0.846054673
1776612777.599987268 0.588544846 0.292494297 0.183987528 0.213211581 0.970203221 0.100518234 -0.056058995 3.521096468 -1.027850389 -10.454692841 0.000000000 0.000000000 -12.000000000 0.063647501 0.846488476
1776612777.604924917 0.588622689 0.292365372 0.183928072 0.213401407 0.970066786 0.100842915 -0.057104833 3.531765938 -0.996407032 -10.415513992 0.000000000 0.000000000 -12.000000000 0.063688576 0.846920192
1776612777.609570980 0.588703156 0.292233288 0.183867157 0.213593185 0.969928563 0.101171635 -0.058144484 3.544895411 -0.963606775 -10.372014999 0.000000000 0.000000000 -12.000000000 0.063730218 0.847349703
1776612777.614531040 0.588776946 0.292093456 0.183798701 0.213796109 0.969785988 0.101502500 -0.059191413 3.560526848 -0.929351091 -10.324995041 0.000000000 0.000000000 -12.000000000 0.063771322 0.847776890
1776612777.619523048 0.588849247 0.291958690 0.183736473 0.213995472 0.969642401 0.101841398 -0.060231809 3.578680515 -0.893544078 -10.275264740 0.000000000 0.000000000 -12.000000000 0.063813105 0.848202169
1776612777.624582052 0.588952243 0.291839004 0.183713913 0.214200437 0.969495118 0.102212377 -0.061237287 3.599358082 -0.856093585 -10.223633766 0.000000000 0.000000000 -12.000000000 0.063855596 0.848626137
1776612777.629555464 0.589067459 0.291721940 0.183718890 0.214397803 0.969347596 0.102600031 -0.062226262 3.622545004 -0.816911876 -10.170910835 0.000000000 0.000000000 -12.000000000 0.063898809 0.849049091
1776612777.634954691 0.589181662 0.291598380 0.183713704 0.214596748 0.969198823 0.102984756 -0.063214064 3.648210764 -0.775917113 -10.117889404 0.000000000 0.000000000 -12.000000000 0.063942641 0.849470675
1776612777.639650822 0.589250267 0.291462660 0.183686197 0.214782938 0.969050884 0.103349388 -0.064246550 3.676309824 -0.733034909 -10.065347672 0.000000000 0.000000000 -12.000000000 0.063987188 0.849890709
1776612777.644535780 0.589310288 0.291308314 0.183634996 0.214974940 0.968901694 0.103692621 -0.065292493 3.706782103 -0.688200474 -10.014032364 0.000000000 0.000000000 -12.000000000 0.064032592 0.850308537
1776612777.649530411 0.589368761 0.291157514 0.183590919 0.215159029 0.968752682 0.104042374 -0.066332474 3.739555359 -0.641359985 -9.964664459 0.000000000 0.000000000 -12.000000000 0.064077251 0.850724101
1776612777.654507399 0.589422584 0.291011631 0.183552831 0.215326354 0.968605399 0.104396760 -0.067375124 3.774546385 -0.592470527 -9.917925835 0.000000000 0.000000000 -12.000000000 0.064122498 0.851138055
1776612777.659556389 0.589482665 0.290855646 0.183523953 0.215502426 0.968455911 0.104749538 -0.068406008 3.811661482 -0.541499317 -9.874455452 0.000000000 0.000000000 -12.000000000 0.064167857 0.851550043
1776612777.664473295 0.589538932 0.290699661 0.183483988 0.215656176 0.968309760 0.105104044 -0.069438614 3.850796700 -0.488423228 -9.834850311 0.000000000 0.000000000 -12.000000000 0.064213715 0.851960123
1776612777.669695854 0.589577436 0.290523440 0.183442503 0.215814501 0.968163311 0.105431229 -0.070485011 3.891838312 -0.433228254 -9.799655914 0.000000000 0.000000000 -12.000000000 0.064259656 0.852367997
1776612777.674767733 0.589672685 0.290347010 0.183430254 0.215970844 0.968018591 0.105780415 -0.071464375 3.934663773 -0.375910014 -9.769366264 0.000000000 0.000000000 -12.000000000 0.064305939 0.852773726
1776612777.679522753 0.589789689 0.290175200 0.183410913 0.216114879 0.967876971 0.106138922 -0.072409041 3.979146004 -0.316474676 -9.744421005 0.000000000 0.000000000 -12.000000000 0.064352483 0.853177369
1776612777.684549809 0.589928269 0.289992094 0.183381826 0.216264576 0.967736781 0.106488824 -0.073316254 4.025157452 -0.254939973 -9.725204468 0.000000000 0.000000000 -12.000000000 0.064398840 0.853578210
1776612777.689604521 0.590069771 0.289801031 0.183334947 0.216398284 0.967600942 0.106833920 -0.074206904 4.072575569 -0.191334933 -9.712038040 0.000000000 0.000000000 -12.000000000 0.064444251 0.853976130
1776612777.694551706 0.590247333 0.289603472 0.183283210 0.216543853 0.967465937 0.107175864 -0.075045004 4.121285439 -0.125699177 -9.705179214 0.000000000 0.000000000 -12.000000000 0.064488947 0.854371071
1776612777.699885368 0.590441883 0.289399803 0.183228284 0.216680273 0.967334569 0.107515633 -0.075854152 4.171186924 -0.058082841 -9.704821587 0.000000000 0.000000000 -12.000000000 0.064533032 0.854763746
1776612777.704643726 0.590659261 0.289184719 0.183158726 0.216819182 0.967205048 0.107850075 -0.076629937 4.222195148 0.011453102 -9.711091995 0.000000000 0.000000000 -12.000000000 0.064576365 0.855153382
1776612777.709920406 0.590914667 0.288931340 0.183081686 0.216957465 0.967083991 0.108148858 -0.077342369 4.274248600 0.082837813 -9.724055290 0.000000000 0.000000000 -12.000000000 0.064619124 0.855538905
1776612777.714565754 0.591231167 0.288671911 0.183027118 0.217074469 0.966974020 0.108454466 -0.077958815 4.327308178 0.155992091 -9.743716240 0.000000000 0.000000000 -12.000000000 0.064660691 0.855920255
1776612777.719565392 0.591608286 0.288412571 0.183006376 0.217180610 0.966873169 0.108762965 -0.078482084 4.381365776 0.230827689 -9.770019531 0.000000000 0.000000000 -12.000000000 0.064698376 0.856297433
1776612777.724539042 0.592038214 0.288174748 0.183001250 0.217267588 0.966779828 0.109098241 -0.078924969 4.436446190 0.307244003 -9.802862167 0.000000000 0.000000000 -12.000000000 0.064733729 0.856670439
1776612777.729577541 0.592500746 0.287938654 0.182985425 0.217356801 0.966688871 0.109438285 -0.079321682 4.492612839 0.385123640 -9.842088699 0.000000000 0.000000000 -12.000000000 0.064768516 0.857039094
1776612777.734897137 0.592989087 0.287668705 0.182931215 0.217464715 0.966600597 0.109750181 -0.079670183 4.549966335 0.464328051 -9.887499809 0.000000000 0.000000000 -12.000000000 0.064800657 0.857402146
1776612777.739518881 0.593503416 0.287356853 0.182842135 0.217577636 0.966519833 0.110018030 -0.079971604 4.608646393 0.544694483 -9.938858032 0.000000000 0.000000000 -12.000000000 0.064831480 0.857760727
1776612777.744903564 0.594177842 0.287052333 0.182783157 0.217723459 0.966441929 0.110340387 -0.080071434 4.668832779 0.626033366 -9.995889664 0.000000000 0.000000000 -12.000000000 0.064859003 0.858112156
1776612777.749576569 0.594939232 0.286719710 0.182707906 0.217891425 0.966370761 0.110654399 -0.080040634 4.730750084 0.708123744 -10.058293343 0.000000000 0.000000000 -12.000000000 0.064883471 0.858457088
1776612777.754931450 0.595683157 0.286310673 0.182578892 0.218064338 0.966310263 0.110873871 -0.079996035 4.794672966 0.790708601 -10.125742912 0.000000000 0.000000000 -12.000000000 0.064907759 0.858796895
1776612777.759564877 0.596496999 0.285883248 0.182454973 0.218241647 0.966259122 0.111081533 -0.079842329 4.860921383 0.873495281 -10.197892189 0.000000000 0.000000000 -12.000000000 0.064929858 0.859130681
1776612777.764806747 0.597376168 0.285445452 0.182335824 0.218406737 0.966218531 0.111290738 -0.079590045 4.929856777 0.956161022 -10.274387360 0.000000000 0.000000000 -12.000000000 0.064951546 0.859460473
1776612777.769589901 0.598318338 0.284982383 0.182226092 0.218592942 0.966181576 0.111490265 -0.079247959 5.001863956 1.038358688 -10.354866982 0.000000000 0.000000000 -12.000000000 0.064971834 0.859785676
1776612777.774578571 0.599305093 0.284498692 0.182137996 0.218791172 0.966148674 0.111677453 -0.078837417 5.077340603 1.119722009 -10.438979149 0.000000000 0.000000000 -12.000000000 0.064991407 0.860106051
1776612777.779641390 0.600279570 0.283980668 0.182042003 0.218975663 0.966123939 0.111823499 -0.078420289 5.156680107 1.199871540 -10.526378632 0.000000000 0.000000000 -12.000000000 0.065010875 0.860422134
1776612777.784571171 0.601243794 0.283460885 0.181947470 0.219138876 0.966106951 0.111949496 -0.077992633 5.240256786 1.278421879 -10.616737366 0.000000000 0.000000000 -12.000000000 0.065029062 0.860733807
1776612777.789603710 0.602171302 0.282912403 0.181860536 0.219301626 0.966092110 0.112038173 -0.077590086 5.328413963 1.354990125 -10.709742546 0.000000000 0.000000000 -12.000000000 0.065046258 0.861042738
1776612777.794930458 0.603075683 0.282340437 0.181767911 0.219457790 0.966081798 0.112089746 -0.077201657 5.421455383 1.429205298 -10.805100441 0.000000000 0.000000000 -12.000000000 0.065062203 0.861349225
1776612777.799802780 0.603963673 0.281723499 0.181678355 0.219581231 0.966084182 0.112094700 -0.076812901 5.519630909 1.500716805 -10.902536392 0.000000000 0.000000000 -12.000000000 0.065076813 0.861651957
1776612777.804884434 0.604815423 0.281068474 0.181564271 0.219692633 0.966094732 0.112034552 -0.076448880 5.623128414 1.569203615 -11.001793861 0.000000000 0.000000000 -12.000000000 0.065089636 0.861951590
1776612777.809948921 0.605640590 0.280384421 0.181443870 0.219808593 0.966107607 0.111930117 -0.076104581 5.732061863 1.634381652 -11.102637291 0.000000000 0.000000000 -12.000000000 0.065100446 0.862250030
1776612777.814967155 0.606438160 0.279684186 0.181321740 0.219891042 0.966130912 0.111790001 -0.075776130 5.846467972 1.696013093 -11.204845428 0.000000000 0.000000000 -12.000000000 0.065109916 0.862545490
1776612777.819995880 0.607196331 0.278965801 0.181197792 0.219941750 0.966163874 0.111609243 -0.075474374 5.966302395 1.753910661 -11.308214188 0.000000000 0.000000000 -12.000000000 0.065118745 0.862839460
1776612777.825039148 0.607926846 0.278235793 0.181086361 0.219997823 0.966197550 0.111397967 -0.075191259 6.091437817 1.807941318 -11.412544250 0.000000000 0.000000000 -12.000000000 0.065126598 0.863129973
1776612777.829647541 0.608662665 0.277510405 0.180997789 0.220045999 0.966233730 0.111187659 -0.074896075 6.221665382 1.858027458 -11.517647743 0.000000000 0.000000000 -12.000000000 0.065132335 0.863416672
1776612777.834887743 0.609414637 0.276778579 0.180910319 0.220086783 0.966273665 0.110977367 -0.074572630 6.356697083 1.904145956 -11.623336792 0.000000000 0.000000000 -12.000000000 0.065135829 0.863700151
1776612777.839740753 0.610146999 0.276040226 0.180816680 0.220149606 0.966309726 0.110744499 -0.074265122 6.496170521 1.946326375 -11.729424477 0.000000000 0.000000000 -12.000000000 0.065137222 0.863979936
1776612777.844581604 0.610851347 0.275290966 0.180703491 0.220255256 0.966336131 0.110490575 -0.073986135 6.639657021 1.984647751 -11.835718155 0.000000000 0.000000000 -12.000000000 0.065133408 0.864256203
1776612777.849699020 0.611529768 0.274528831 0.180568665 0.220364884 0.966362000 0.110214531 -0.073733032 6.786669254 2.019233942 -11.942019463 0.000000000 0.000000000 -12.000000000 0.065127373 0.864529848
1776612777.854588985 0.612224460 0.273746848 0.180437326 0.220492259 0.966385782 0.109933987 -0.073458530 6.936669827 2.050250530 -12.048119545 0.000000000 0.000000000 -12.000000000 0.065117396 0.864798725
1776612777.859696150 0.612940013 0.272959918 0.180314273 0.220641598 0.966406465 0.109655000 -0.073154934 7.089077950 2.077898979 -12.153799057 0.000000000 0.000000000 -12.000000000 0.065103412 0.865064442
1776612777.864619732 0.613661706 0.272165835 0.180189013 0.220832914 0.966418386 0.109373465 -0.072840609 7.243279457 2.102410555 -12.258827209 0.000000000 0.000000000 -12.000000000 0.065085776 0.865327179
1776612777.869564772 0.614429653 0.271385193 0.180074662 0.221046835 0.966425240 0.109125294 -0.072472528 7.398633957 2.124039650 -12.362957954 0.000000000 0.000000000 -12.000000000 0.065065600 0.865585625
1776612777.874540329 0.615223825 0.270627856 0.179968506 0.221253455 0.966434002 0.108900726 -0.072061703 7.554490089 2.143053532 -12.465936661 0.000000000 0.000000000 -12.000000000 0.065043032 0.865843594
1776612777.879566193 0.616033852 0.269857347 0.179847389 0.221485958 0.966437340 0.108681358 -0.071632758 7.710189819 2.159723282 -12.567495346 0.000000000 0.000000000 -12.000000000 0.065017313 0.866104186
1776612777.884677172 0.616895795 0.269109517 0.179742187 0.221737385 0.966435850 0.108503498 -0.071142323 7.865083218 2.174316645 -12.667353630 0.000000000 0.000000000 -12.000000000 0.064989112 0.866366148
1776612777.889588833 0.617819905 0.268392622 0.179668128 0.222005114 0.966429651 0.108378418 -0.070580378 8.018531799 2.187091589 -12.765221596 0.000000000 0.000000000 -12.000000000 0.064958706 0.866630316
1776612777.895180225 0.618762493 0.267660439 0.179586709 0.222319141 0.966411769 0.108265601 -0.070007116 8.169915199 2.198292494 -12.860796928 0.000000000 0.000000000 -12.000000000 0.064927593 0.866896093
1776612777.899558544 0.619714856 0.266938716 0.179512948 0.222643614 0.966390252 0.108169816 -0.069418699 8.318634033 2.208147049 -12.953772545 0.000000000 0.000000000 -12.000000000 0.064893968 0.867163479
1776612777.904826641 0.620705545 0.266222894 0.179446340 0.222974285 0.966365397 0.108109124 -0.068795405 8.464114189 2.216865301 -13.043835640 0.000000000 0.000000000 -12.000000000 0.064859994 0.867434680
1776612777.909559011 0.621690333 0.265492916 0.179377198 0.223317802 0.966335416 0.108056694 -0.068181813 8.605807304 2.224636793 -13.130672455 0.000000000 0.000000000 -12.000000000 0.064825989 0.867710412
1776612777.914535761 0.622653186 0.264780819 0.179285258 0.223657921 0.966303527 0.108009204 -0.067591794 8.743196487 2.231628895 -13.213972092 0.000000000 0.000000000 -12.000000000 0.064790145 0.867990136
1776612777.919576645 0.623620629 0.264062852 0.179205894 0.224014163 0.966266036 0.107975416 -0.066999346 8.875791550 2.237987757 -13.293425560 0.000000000 0.000000000 -12.000000000 0.064755224 0.868275046
1776612777.924813509 0.624602437 0.263371766 0.179131627 0.224369615 0.966225564 0.107975505 -0.066390872 9.003135681 2.243838310 -13.368731499 0.000000000 0.000000000 -12.000000000 0.064720884 0.868566573
1776612777.929925442 0.625582933 0.262704909 0.179065734 0.224720612 0.966183126 0.108001009 -0.065776482 9.124801636 2.249285698 -13.439599037 0.000000000 0.000000000 -12.000000000 0.064685285 0.868864000
1776612777.934575796 0.626598358 0.262043655 0.179021627 0.225085407 0.966134906 0.108067520 -0.065125607 9.240394592 2.254413843 -13.505748749 0.000000000 0.000000000 -12.000000000 0.064650200 0.869167626
1776612777.939960480 0.627612352 0.261396110 0.178959936 0.225449353 0.966084182 0.108153701 -0.064472623 9.349554062 2.259286165 -13.566912651 0.000000000 0.000000000 -12.000000000 0.064615041 0.869477749
1776612777.944553137 0.628616691 0.260774970 0.178893507 0.225824893 0.966025472 0.108273417 -0.063833974 9.451953888 2.263944387 -13.622840881 0.000000000 0.000000000 -12.000000000 0.064578198 0.869794369
1776612777.949606657 0.629655182 0.260168105 0.178840995 0.226233050 0.965955257 0.108440764 -0.063163355 9.547301292 2.268409014 -13.673298836 0.000000000 0.000000000 -12.000000000 0.064539872 0.870118439
1776612777.954546928 0.630700290 0.259572953 0.178783119 0.226650000 0.965879738 0.108634099 -0.062487781 9.635338783 2.272679329 -13.718070030 0.000000000 0.000000000 -12.000000000 0.064498290 0.870453060
1776612777.959700584 0.631768167 0.258986592 0.178737760 0.227082342 0.965796769 0.108868361 -0.061789248 9.715841293 2.276736975 -13.756954193 0.000000000 0.000000000 -12.000000000 0.064453699 0.870796442
1776612777.964716911 0.632797778 0.258419991 0.178688109 0.227498785 0.965712190 0.109119333 -0.061132785 9.788613319 2.280548811 -13.789772034 0.000000000 0.000000000 -12.000000000 0.064407147 0.871148348
1776612777.969684601 0.633824587 0.257847667 0.178644210 0.227912530 0.965626478 0.109380417 -0.060476009 9.853489876 2.284071922 -13.816366196 0.000000000 0.000000000 -12.000000000 0.064357676 0.871507287
1776612777.974531889 0.634864330 0.257257968 0.178610116 0.228337675 0.965537965 0.109646283 -0.059800129 9.910330772 2.287258387 -13.836600304 0.000000000 0.000000000 -12.000000000 0.064305916 0.871873796
1776612777.979566574 0.635850370 0.256680727 0.178554028 0.228748932 0.965447485 0.109919533 -0.059184577 9.959025383 2.290058613 -13.850364685 0.000000000 0.000000000 -12.000000000 0.064252369 0.872248054
1776612777.984526396 0.636805177 0.256132334 0.178493500 0.229154855 0.965351462 0.110225625 -0.058607820 9.999484062 2.292426348 -13.857571602 0.000000000 0.000000000 -12.000000000 0.064198859 0.872629523
1776612777.989860296 0.637725055 0.255598575 0.178427398 0.229574054 0.965246499 0.110552184 -0.058078524 10.031641006 2.294320107 -13.858157158 0.000000000 0.000000000 -12.000000000 0.064145356 0.873017907
1776612777.994523764 0.638642848 0.255037487 0.178359836 0.230027437 0.965131938 0.110881351 -0.057559166 10.055452347 2.295707464 -13.852082253 0.000000000 0.000000000 -12.000000000 0.064094141 0.873413026
1776612777.999515057 0.639554441 0.254457176 0.178292960 0.230481476 0.965017080 0.111208454 -0.057034969 10.070897102 2.296566725 -13.839334488 0.000000000 0.000000000 -12.000000000 0.064043313 0.873816311
1776612778.004529953 0.640455723 0.253862947 0.178221136 0.230936170 0.964900494 0.111538962 -0.056520324 10.077978134 2.296891212 -13.819930077 0.000000000 0.000000000 -12.000000000 0.063993432 0.874226153
1776612778.009570122 0.641322553 0.253282070 0.178157717 0.231377974 0.964785039 0.111868180 -0.056032296 10.076730728 2.296693802 -13.793910980 0.000000000 0.000000000 -12.000000000 0.063946240 0.874640942
1776612778.014556646 0.642170906 0.252679586 0.178093344 0.231820598 0.964669228 0.112187542 -0.055556085 10.067225456 2.296010017 -13.761351585 0.000000000 0.000000000 -12.000000000 0.063899755 0.875061393
1776612778.019813776 0.643002212 0.252062440 0.178018987 0.232228979 0.964563191 0.112488531 -0.055081189 10.049571037 2.294898748 -13.722357750 0.000000000 0.000000000 -12.000000000 0.063853607 0.875488400
1776612778.024857044 0.643813372 0.251439840 0.177933693 0.232640579 0.964454651 0.112790555 -0.054625228 10.023913383 2.293441296 -13.677067757 0.000000000 0.000000000 -12.000000000 0.063807346 0.875920892
1776612778.030006409 0.644613028 0.250830829 0.177852511 0.233057052 0.964343309 0.113102056 -0.054169871 9.990432739 2.291738510 -13.625655174 0.000000000 0.000000000 -12.000000000 0.063762039 0.876358986
1776612778.034520864 0.645375371 0.250196993 0.177757919 0.233455569 0.964236736 0.113390610 -0.053746015 9.949347496 2.289907217 -13.568325043 0.000000000 0.000000000 -12.000000000 0.063717157 0.876802921
1776612778.040012598 0.646097898 0.249541134 0.177637160 0.233833194 0.964137554 0.113642812 -0.053348646 9.900908470 2.288079500 -13.505320549 0.000000000 0.000000000 -12.000000000 0.063675672 0.877250373
1776612778.044616938 0.646812081 0.248875350 0.177523673 0.234219849 0.964036465 0.113890648 -0.052950036 9.845404625 2.286401987 -13.436916351 0.000000000 0.000000000 -12.000000000 0.063634641 0.877702117
1776612778.049654722 0.647509933 0.248199850 0.177424759 0.234564513 0.963947773 0.114121132 -0.052540850 9.783155441 2.285037041 -13.363416672 0.000000000 0.000000000 -12.000000000 0.063598163 0.878158033
1776612778.054636002 0.648184717 0.247483104 0.177315265 0.234898046 0.963866353 0.114308402 -0.052135341 9.714514732 2.284162998 -13.285159111 0.000000000 0.000000000 -12.000000000 0.063562438 0.878618717
1776612778.059652090 0.648828387 0.246723980 0.177187711 0.235236228 0.963789403 0.114439107 -0.051745743 9.639863968 2.283974409 -13.202506065 0.000000000 0.000000000 -12.000000000 0.063533492 0.879078984
1776612778.064555168 0.649435043 0.245939314 0.177040517 0.235540777 0.963724971 0.114522964 -0.051373314 9.559611320 2.284681559 -13.115845680 0.000000000 0.000000000 -12.000000000 0.063509911 0.879539788
1776612778.069604635 0.649985492 0.245149463 0.176882684 0.235812962 0.963670909 0.114565700 -0.051041916 9.474183083 2.286509514 -13.025589943 0.000000000 0.000000000 -12.000000000 0.063489631 0.880002499
1776612778.074567556 0.650500953 0.244320884 0.176724851 0.236067623 0.963626921 0.114554711 -0.050719645 9.384020805 2.289698362 -12.932173729 0.000000000 0.000000000 -12.000000000 0.063474886 0.880464137
1776612778.079634666 0.650979280 0.243457541 0.176567584 0.236301541 0.963591695 0.114502549 -0.050415784 9.289576530 2.294502020 -12.836050034 0.000000000 0.000000000 -12.000000000 0.063460037 0.880931258
1776612778.085088968 0.651350319 0.242534891 0.176379949 0.236511737 0.963570178 0.114341907 -0.050206076 9.191304207 2.301187515 -12.737693787 0.000000000 0.000000000 -12.000000000 0.063447557 0.881399512
1776612778.089808464 0.651621699 0.241558254 0.176162541 0.236679673 0.963565767 0.114083700 -0.050086077 9.089653969 2.310038090 -12.637596130 0.000000000 0.000000000 -12.000000000 0.063436866 0.881867826
1776612778.094702005 0.651860058 0.240549877 0.175945789 0.236815780 0.963574827 0.113771595 -0.049978063 8.985063553 2.321354151 -12.536265373 0.000000000 0.000000000 -12.000000000 0.063430727 0.882335603
1776612778.100109816 0.652010381 0.239488870 0.175720990 0.236933574 0.963593483 0.113379925 -0.049950935 8.877950668 2.335456610 -12.434225082 0.000000000 0.000000000 -12.000000000 0.063426241 0.882802725
1776612778.104549885 0.652177334 0.237242162 0.175307304 0.237135068 0.963655710 0.112415507 -0.049973425 8.768708229 2.352681398 -12.332011223 0.000000000 0.000000000 -12.000000000 0.063423142 0.883268178
1776612778.109610081 0.652177334 0.237242162 0.175307304 0.237135068 0.963655710 0.112415507 -0.049973425 8.657700539 2.373375654 -12.230167389 0.000000000 0.000000000 -12.000000000 0.063421607 0.883733630
1776612778.114719629 0.652172685 0.236061007 0.175102890 0.237218529 0.963698208 0.111838311 -0.050053008 8.545266151 2.397889853 -12.129247665 0.000000000 0.000000000 -12.000000000 0.063421205 0.884198666
1776612778.119586468 0.652055860 0.234865814 0.174878448 0.237290263 0.963744760 0.111195050 -0.050249618 8.431715965 2.426572561 -12.029806137 0.000000000 0.000000000 -12.000000000 0.063418731 0.884665430
1776612778.124625921 0.651869476 0.233669072 0.174650192 0.237341538 0.963797033 0.110510029 -0.050515372 8.317331314 2.459764242 -11.932399750 0.000000000 0.000000000 -12.000000000 0.063415565 0.885132849
1776612778.131192923 0.651654601 0.232464686 0.174423516 0.237406924 0.963847160 0.109798089 -0.050803304 8.202367783 2.497789383 -11.837577820 0.000000000 0.000000000 -12.000000000 0.063413061 0.885598660
1776612778.134607792 0.651397943 0.231242627 0.174197704 0.237476274 0.963898242 0.109048694 -0.051123288 8.087051392 2.540949345 -11.745883942 0.000000000 0.000000000 -12.000000000 0.063408270 0.886065245
1776612778.139578819 0.651086628 0.230013877 0.173973531 0.237540081 0.963950992 0.108266465 -0.051493786 7.971581459 2.589513063 -11.657850266 0.000000000 0.000000000 -12.000000000 0.063404344 0.886528790
1776612778.144557953 0.650813401 0.228785828 0.173767269 0.237642139 0.963993967 0.107504517 -0.051813789 7.856137276 2.643708706 -11.573990822 0.000000000 0.000000000 -12.000000000 0.063404106 0.886988759
1776612778.149774313 0.650590122 0.227583408 0.173585981 0.237751499 0.964034319 0.106778324 -0.052061528 7.740883827 2.703710318 -11.494796753 0.000000000 0.000000000 -12.000000000 0.063402288 0.887450814
1776612778.154648304 0.650364935 0.226380974 0.173416078 0.237857550 0.964075148 0.106056511 -0.052296177 7.625985622 2.769626856 -11.420735359 0.000000000 0.000000000 -12.000000000 0.063400440 0.887914598
1776612778.159588814 0.650240004 0.225222826 0.173252970 0.238011956 0.964102089 0.105408907 -0.052406274 7.511614799 2.841489792 -11.352243423 0.000000000 0.000000000 -12.000000000 0.063398801 0.888382018
1776612778.164553404 0.650175691 0.224092811 0.173081100 0.238207221 0.964117646 0.104808912 -0.052436773 7.397957325 2.919246674 -11.289725304 0.000000000 0.000000000 -12.000000000 0.063398972 0.888852417
1776612778.169805765 0.650116563 0.222988784 0.172887564 0.238395214 0.964134574 0.104220621 -0.052443679 7.285215855 3.002760649 -11.233545303 0.000000000 0.000000000 -12.000000000 0.063399531 0.889327407
1776612778.174568653 0.650123596 0.221931130 0.172701687 0.238573432 0.964151561 0.103697091 -0.052358702 7.173609257 3.091812849 -11.184022903 0.000000000 0.000000000 -12.000000000 0.063398674 0.889809489
1776612778.180030346 0.650177419 0.220916152 0.172539800 0.238758788 0.964163959 0.103230886 -0.052206349 7.063371658 3.186106443 -11.141427994 0.000000000 0.000000000 -12.000000000 0.063399136 0.890296817
1776612778.184831619 0.650243282 0.219930500 0.172398418 0.238964990 0.964168847 0.102798484 -0.052024890 6.954745770 3.285270929 -11.105978012 0.000000000 0.000000000 -12.000000000 0.063400470 0.890789509
1776612778.189547539 0.650301754 0.218942732 0.172251850 0.239175901 0.964171827 0.102374017 -0.051837683 6.847981930 3.388868332 -11.077829361 0.000000000 0.000000000 -12.000000000 0.063402370 0.891287267
1776612778.194919586 0.650367856 0.217981532 0.172116876 0.239365101 0.964177966 0.101977304 -0.051631857 6.743331909 3.496402740 -11.057082176 0.000000000 0.000000000 -12.000000000 0.063404672 0.891790152
1776612778.199551105 0.650494933 0.217050031 0.172010034 0.239565000 0.964178324 0.101644680 -0.051352940 6.641044617 3.607327700 -11.043774605 0.000000000 0.000000000 -12.000000000 0.063407429 0.892298877
1776612778.204631805 0.650617659 0.216142595 0.171902180 0.239793926 0.964169383 0.101334803 -0.051063847 6.541362286 3.721055508 -11.037885666 0.000000000 0.000000000 -12.000000000 0.063411348 0.892812312
1776612778.210065842 0.650726259 0.215277404 0.171797663 0.240032375 0.964153886 0.101060338 -0.050779969 6.444516182 3.836965561 -11.039337158 0.000000000 0.000000000 -12.000000000 0.063415140 0.893331051
1776612778.214601517 0.650830626 0.214412361 0.171682000 0.240270883 0.964136600 0.100801408 -0.050493553 6.350723267 3.954416752 -11.047992706 0.000000000 0.000000000 -12.000000000 0.063419133 0.893853962
1776612778.219563961 0.650904000 0.213569224 0.171545029 0.240482733 0.964125335 0.100537986 -0.050224949 6.260183811 4.072755337 -11.063658714 0.000000000 0.000000000 -12.000000000 0.063424692 0.894379735
1776612778.224650860 0.650949955 0.212757707 0.171419531 0.240686432 0.964113295 0.100291669 -0.049972247 6.173076153 4.191326618 -11.086090088 0.000000000 0.000000000 -12.000000000 0.063429683 0.894909203
1776612778.229621887 0.650970697 0.211952597 0.171301663 0.240904689 0.964096129 0.100049771 -0.049735278 6.089551926 4.309482574 -11.114993095 0.000000000 0.000000000 -12.000000000 0.063435040 0.895441234
1776612778.234856367 0.650966227 0.211176962 0.171180904 0.241096839 0.964084268 0.099813759 -0.049508162 6.009733677 4.426595688 -11.150028229 0.000000000 0.000000000 -12.000000000 0.063442409 0.895972967
1776612778.239628315 0.650920868 0.210391849 0.171056479 0.241271824 0.964076579 0.099561378 -0.049313184 5.933710098 4.542065144 -11.190815926 0.000000000 0.000000000 -12.000000000 0.063448846 0.896506667
1776612778.244596004 0.650807261 0.209572539 0.170926541 0.241442740 0.964071691 0.099261321 -0.049176805 5.861534119 4.655327797 -11.236943245 0.000000000 0.000000000 -12.000000000 0.063456766 0.897040606
1776612778.249784946 0.650650918 0.208757609 0.170787573 0.241605073 0.964070320 0.098932602 -0.049068544 5.793220997 4.765865326 -11.287967682 0.000000000 0.000000000 -12.000000000 0.063466839 0.897571981
1776612778.254988432 0.650446832 0.207933277 0.170645982 0.241754264 0.964073002 0.098575681 -0.048998985 5.728743553 4.873215199 -11.343420982 0.000000000 0.000000000 -12.000000000 0.063476250 0.898103476
1776612778.259953499 0.650161982 0.207087725 0.170498073 0.241864249 0.964087129 0.098164253 -0.049004618 5.668028355 4.976979256 -11.402816772 0.000000000 0.000000000 -12.000000000 0.063488200 0.898630202
1776612778.265087128 0.649826229 0.206243008 0.170353860 0.241941392 0.964111745 0.097710021 -0.049047176 5.610951424 5.076827526 -11.465656281 0.000000000 0.000000000 -12.000000000 0.063499302 0.899156630
1776612778.269622803 0.649439692 0.205374360 0.170219958 0.242005497 0.964142323 0.097207166 -0.049129188 5.557336807 5.172503471 -11.531433105 0.000000000 0.000000000 -12.000000000 0.063513018 0.899677277
1776612778.274875879 0.648987532 0.204483271 0.170105875 0.242051348 0.964179277 0.096655190 -0.049266830 5.506958485 5.263823509 -11.599638939 0.000000000 0.000000000 -12.000000000 0.063529663 0.900190234
1776612778.279670954 0.648502409 0.203614041 0.170013696 0.242062315 0.964225590 0.096088141 -0.049415812 5.459544182 5.350673199 -11.669775009 0.000000000 0.000000000 -12.000000000 0.063545644 0.900698364
1776612778.284594774 0.647929728 0.202747211 0.169911414 0.242064282 0.964273691 0.095477000 -0.049651556 5.414783001 5.433007717 -11.741354942 0.000000000 0.000000000 -12.000000000 0.063563101 0.901198745
1776612778.289643764 0.647291660 0.201845169 0.169779032 0.242085099 0.964318931 0.094808005 -0.049952045 5.372326374 5.510842323 -11.813906670 0.000000000 0.000000000 -12.000000000 0.063578725 0.901695251
1776612778.294602394 0.646603823 0.200931236 0.169634968 0.242117763 0.964361131 0.094106637 -0.050303996 5.331796646 5.584249496 -11.886984825 0.000000000 0.000000000 -12.000000000 0.063593671 0.902184546
1776612778.299883604 0.645818353 0.200022459 0.169472456 0.242152810 0.964400768 0.093363121 -0.050759602 5.292786121 5.653351784 -11.960165024 0.000000000 0.000000000 -12.000000000 0.063607261 0.902667582
1776612778.304633141 0.644951403 0.199112743 0.169318944 0.242188662 0.964437902 0.092586800 -0.051301651 5.254863739 5.718316078 -12.033048630 0.000000000 0.000000000 -12.000000000 0.063621916 0.903142095
1776612778.309794426 0.644023478 0.198203862 0.169197112 0.242238671 0.964468777 0.091792017 -0.051909484 5.217577457 5.779345989 -12.105265617 0.000000000 0.000000000 -12.000000000 0.063635796 0.903608859
1776612778.314625740 0.643069744 0.197320610 0.169123501 0.242301315 0.964492977 0.091008767 -0.052542947 5.180456638 5.836673737 -12.176469803 0.000000000 0.000000000 -12.000000000 0.063648112 0.904070914
1776612778.319578409 0.642080784 0.196471274 0.169074148 0.242377892 0.964509249 0.090237089 -0.053217314 5.143016338 5.890551090 -12.246342659 0.000000000 0.000000000 -12.000000000 0.063657917 0.904529691
1776612778.324658632 0.641012549 0.195638329 0.169031799 0.242469624 0.964516938 0.089452073 -0.053980522 5.104760170 5.941239834 -12.314585686 0.000000000 0.000000000 -12.000000000 0.063663810 0.904989243
1776612778.329561472 0.639883041 0.194810346 0.168964952 0.242589116 0.964512825 0.088657953 -0.054820288 5.065185547 5.988999844 -12.380919456 0.000000000 0.000000000 -12.000000000 0.063663505 0.905452430
1776612778.334679365 0.638676643 0.193992227 0.168903708 0.242719933 0.964500010 0.087856174 -0.055750012 5.023789883 6.034079075 -12.445081711 0.000000000 0.000000000 -12.000000000 0.063656330 0.905917227
1776612778.339674473 0.637418985 0.193206102 0.168837994 0.242844447 0.964482427 0.087065995 -0.056742430 4.980076790 6.076706409 -12.506814957 0.000000000 0.000000000 -12.000000000 0.063642688 0.906385243
1776612778.344550371 0.636112630 0.192434192 0.168768287 0.242966637 0.964460969 0.086275078 -0.057783030 4.933564663 6.117084980 -12.565870285 0.000000000 0.000000000 -12.000000000 0.063619956 0.906857252
1776612778.349559784 0.634778261 0.191672891 0.168702483 0.243087381 0.964436054 0.085488521 -0.058850348 4.883794785 6.155385971 -12.621994019 0.000000000 0.000000000 -12.000000000 0.063590050 0.907330394
1776612778.354598045 0.633416653 0.190906674 0.168635458 0.243209437 0.964408219 0.084695026 -0.059938885 4.830343246 6.191744804 -12.674929619 0.000000000 0.000000000 -12.000000000 0.063553020 0.907804728
1776612778.359830379 0.632031322 0.190155387 0.168577462 0.243321657 0.964379013 0.083910927 -0.061046109 4.772827625 6.226258278 -12.724412918 0.000000000 0.000000000 -12.000000000 0.063510232 0.908276021
1776612778.365031004 0.630737543 0.189441472 0.168555349 0.243412673 0.964356244 0.083183274 -0.062030662 4.710920334 6.258979321 -12.770168304 0.000000000 0.000000000 -12.000000000 0.063464113 0.908746541
1776612778.369597197 0.629697978 0.188809395 0.168615222 0.243496403 0.964340091 0.082618147 -0.062705435 4.644361973 6.289909363 -12.811908722 0.000000000 0.000000000 -12.000000000 0.063414626 0.909219444
1776612778.375164032 0.628860354 0.188248962 0.168690681 0.243598476 0.964322448 0.082199402 -0.063128494 4.572984695 6.318982601 -12.849333763 0.000000000 0.000000000 -12.000000000 0.063361585 0.909695566
1776612778.380252600 0.628092110 0.187737435 0.168694228 0.243745893 0.964292288 0.081862763 -0.063457467 4.496735096 6.346049786 -12.882126808 0.000000000 0.000000000 -12.000000000 0.063306063 0.910173476
1776612778.384727240 0.626836538 0.186928540 0.168571621 0.244190335 0.964185178 0.081528157 -0.063805871 4.415688515 6.370862484 -12.909950256 0.000000000 0.000000000 -12.000000000 0.063248612 0.910652876
1776612778.389697552 0.626836538 0.186928540 0.168571621 0.244190335 0.964185178 0.081528157 -0.063805871 4.330055237 6.393075943 -12.932445526 0.000000000 0.000000000 -12.000000000 0.063190982 0.911133230
1776612778.394580126 0.626520753 0.186638206 0.168494910 0.244473934 0.964120805 0.081583895 -0.063620731 4.240166187 6.412261486 -12.949239731 0.000000000 0.000000000 -12.000000000 0.063131802 0.911617041
1776612778.399590254 0.626381218 0.186427206 0.168456107 0.244776681 0.964054465 0.081774339 -0.063216045 4.146460056 6.427924633 -12.959948540 0.000000000 0.000000000 -12.000000000 0.063072696 0.912104607
1776612778.405148506 0.626342714 0.186286315 0.168454170 0.245089561 0.963985145 0.082067348 -0.062679075 4.049468040 6.439523697 -12.964187622 0.000000000 0.000000000 -12.000000000 0.063013375 0.912595570
1776612778.409576416 0.626400232 0.186180055 0.168490827 0.245420158 0.963911772 0.082443386 -0.062017314 3.949803352 6.446486950 -12.961575508 0.000000000 0.000000000 -12.000000000 0.062954396 0.913090169
1776612778.415105820 0.626538157 0.186109945 0.168553889 0.245765686 0.963834047 0.082895100 -0.061250202 3.848140717 6.448234558 -12.951744080 0.000000000 0.000000000 -12.000000000 0.062896453 0.913587928
1776612778.419562817 0.626679718 0.186078072 0.168597311 0.246110693 0.963753581 0.083380088 -0.060467497 3.745199442 6.444198132 -12.934345245 0.000000000 0.000000000 -12.000000000 0.062838651 0.914087594
1776612778.424890518 0.626798153 0.186098918 0.168619484 0.246440738 0.963672340 0.083892070 -0.059704687 3.641722202 6.433840752 -12.909052849 0.000000000 0.000000000 -12.000000000 0.062780999 0.914587498
1776612778.429582357 0.626854122 0.186162010 0.168621719 0.246757448 0.963588774 0.084413670 -0.059006136 3.538455248 6.416670799 -12.875575066 0.000000000 0.000000000 -12.000000000 0.062724560 0.915086389
1776612778.435072184 0.626832366 0.186239228 0.168606192 0.247068614 0.963502228 0.084922776 -0.058383603 3.436130524 6.392255783 -12.833654404 0.000000000 0.000000000 -12.000000000 0.062669754 0.915582716
1776612778.440121412 0.626745403 0.186312780 0.168601394 0.247373268 0.963414907 0.085411549 -0.057819571 3.335452080 6.360232353 -12.783082008 0.000000000 0.000000000 -12.000000000 0.062616214 0.916075349
1776612778.445086479 0.626644135 0.186396137 0.168633401 0.247673154 0.963326693 0.085910410 -0.057263050 3.237080097 6.320312977 -12.723696709 0.000000000 0.000000000 -12.000000000 0.062564425 0.916564584
1776612778.449787617 0.626542151 0.186499834 0.168707490 0.247965768 0.963238120 0.086431704 -0.056700073 3.141617775 6.272294521 -12.655394554 0.000000000 0.000000000 -12.000000000 0.062514171 0.917050838
1776612778.454570055 0.626394272 0.186598331 0.168767273 0.248262197 0.963146687 0.086940020 -0.056176666 3.049596548 6.216063499 -12.578128815 0.000000000 0.000000000 -12.000000000 0.062465701 0.917533159
1776612778.459585428 0.626164794 0.186685532 0.168795705 0.248550460 0.963055968 0.087405726 -0.055732541 2.961465120 6.151596069 -12.491909027 0.000000000 0.000000000 -12.000000000 0.062418982 0.918011189
1776612778.464771509 0.625852168 0.186767250 0.168796241 0.248822302 0.962968469 0.087826602 -0.055368915 2.877581835 6.078957081 -12.396805763 0.000000000 0.000000000 -12.000000000 0.062374383 0.918483138
1776612778.469818115 0.625468493 0.186844617 0.168752670 0.249081820 0.962883532 0.088209353 -0.055069312 2.798212528 5.998296261 -12.292944908 0.000000000 0.000000000 -12.000000000 0.062332332 0.918948233
1776612778.474639177 0.625056505 0.186923683 0.168710113 0.249323189 0.962804198 0.088571496 -0.054782685 2.723533869 5.909844875 -12.180514336 0.000000000 0.000000000 -12.000000000 0.062291797 0.919406652
1776612778.479654551 0.624685526 0.187022984 0.168716222 0.249551252 0.962728977 0.088957995 -0.054438319 2.653637886 5.813911438 -12.059762955 0.000000000 0.000000000 -12.000000000 0.062254120 0.919859648
1776612778.484647036 0.624340653 0.187134415 0.168748707 0.249764040 0.962659836 0.089352719 -0.054037094 2.588540077 5.710877895 -11.930998802 0.000000000 0.000000000 -12.000000000 0.062218953 0.920307398
1776612778.489592552 0.623959184 0.187250644 0.168767929 0.249961942 0.962595224 0.089729331 -0.053648226 2.528183222 5.601188183 -11.794589043 0.000000000 0.000000000 -12.000000000 0.062186547 0.920749307
1776612778.494688272 0.623554707 0.187365994 0.168801457 0.250147074 0.962534785 0.090092480 -0.053259142 2.472444296 5.485339165 -11.650949478 0.000000000 0.000000000 -12.000000000 0.062157691 0.921184957
1776612778.500117779 0.623125255 0.187476188 0.168817401 0.250325978 0.962476671 0.090434834 -0.052887958 2.421142817 5.363873482 -11.500543594 0.000000000 0.000000000 -12.000000000 0.062132694 0.921614230
1776612778.504640818 0.622697175 0.187586561 0.168818951 0.250500351 0.962420762 0.090771697 -0.052501254 2.374049664 5.237374783 -11.343870163 0.000000000 0.000000000 -12.000000000 0.062111091 0.922037423
1776612778.509588718 0.622341394 0.187701046 0.168835878 0.250670940 0.962368309 0.091127761 -0.052029729 2.330895185 5.106461048 -11.181463242 0.000000000 0.000000000 -12.000000000 0.062092755 0.922456205
1776612778.514621735 0.622028112 0.187820137 0.168867767 0.250838518 0.962318361 0.091499351 -0.051490363 2.291376114 4.971777916 -11.013882637 0.000000000 0.000000000 -12.000000000 0.062078487 0.922870874
1776612778.519592762 0.621677756 0.187939882 0.168865651 0.250997096 0.962271273 0.091849446 -0.050972167 2.255164623 4.833991528 -10.841714859 0.000000000 0.000000000 -12.000000000 0.062067822 0.923280776
1776612778.524614811 0.621305406 0.188059390 0.168862760 0.251144022 0.962228119 0.092183650 -0.050456684 2.221915722 4.693772793 -10.665561676 0.000000000 0.000000000 -12.000000000 0.062061090 0.923684835
1776612778.535464048 0.620918453 0.188180298 0.168847561 0.251290888 0.962185442 0.092504643 -0.049949117 2.191274643 4.551792145 -10.486036301 0.000000000 0.000000000 -12.000000000 0.062058765 0.924083233
1776612778.536084414 0.620341599 0.188500345 0.168851852 0.251590490 0.962099731 0.093244776 -0.048700396 2.162881613 4.408710957 -10.303764343 0.000000000 0.000000000 -12.000000000 0.062060781 0.924472213
1776612778.539631128 0.620341599 0.188500345 0.168851852 0.251590490 0.962099731 0.093244776 -0.048700396 2.136375189 4.265180111 -10.119375229 0.000000000 0.000000000 -12.000000000 0.062066387 0.924861193
1776612778.544564009 0.620137632 0.188682169 0.168883651 0.251758724 0.962052464 0.093657203 -0.047968466 2.111396790 4.121835709 -9.933504105 0.000000000 0.000000000 -12.000000000 0.062076338 0.925247550
1776612778.549610615 0.619874716 0.188845769 0.168887615 0.251957566 0.961996734 0.094038978 -0.047289584 2.087595463 3.979293108 -9.746780396 0.000000000 0.000000000 -12.000000000 0.062089887 0.925629854
1776612778.554686308 0.619547248 0.188999355 0.168879002 0.252177328 0.961934805 0.094392784 -0.046668738 2.064635992 3.838138103 -9.559829712 0.000000000 0.000000000 -12.000000000 0.062107649 0.926006198
1776612778.560163736 0.619187176 0.189157248 0.168846577 0.252393365 0.961873174 0.094731517 -0.046082031 2.042203903 3.698919296 -9.373266220 0.000000000 0.000000000 -12.000000000 0.062129449 0.926375687
1776612778.565263271 0.618899584 0.189345092 0.168844730 0.252589464 0.961816251 0.095109977 -0.045411155 2.020003796 3.562145233 -9.187686920 0.000000000 0.000000000 -12.000000000 0.062154818 0.926740885
1776612778.570164919 0.618488729 0.189735264 0.168858707 0.252955437 0.961711705 0.095920265 -0.043856513 1.997759461 3.428284645 -9.003678322 0.000000000 0.000000000 -12.000000000 0.062185291 0.927100360
1776612778.575162649 0.618488729 0.189735264 0.168858707 0.252955437 0.961711705 0.095920265 -0.043856513 1.975211382 3.297766209 -8.821805954 0.000000000 0.000000000 -12.000000000 0.062219206 0.927459836
1776612778.580145359 0.618184805 0.189926505 0.168828934 0.253119558 0.961663604 0.096282572 -0.043165646 1.952118516 3.170977116 -8.642616272 0.000000000 0.000000000 -12.000000000 0.062256761 0.927813470
1776612778.585129738 0.617786169 0.190136552 0.168776959 0.253267497 0.961617529 0.096618190 -0.042570554 1.928262830 3.048262596 -8.466631889 0.000000000 0.000000000 -12.000000000 0.062297814 0.928160787
1776612778.590143204 0.617399275 0.190365553 0.168744504 0.253405362 0.961573362 0.096962921 -0.041959509 1.903450847 2.929926395 -8.294349670 0.000000000 0.000000000 -12.000000000 0.062343109 0.928501308
1776612778.595142365 0.617139339 0.190609410 0.168776602 0.253527224 0.961535037 0.097349666 -0.041199785 1.877512574 2.816234827 -8.126242638 0.000000000 0.000000000 -12.000000000 0.062392768 0.928837121
1776612778.600365877 0.616678715 0.191097945 0.168795049 0.253775895 0.961457491 0.098133609 -0.039587170 1.850298047 2.707419395 -7.962760448 0.000000000 0.000000000 -12.000000000 0.062445961 0.929165244
1776612778.605471849 0.616678715 0.191097945 0.168795049 0.253775895 0.961457491 0.098133609 -0.039587170 1.821675420 2.603677750 -7.804324627 0.000000000 0.000000000 -12.000000000 0.062502101 0.929492116
1776612778.610190392 0.616349995 0.191316992 0.168751597 0.253913850 0.961415052 0.098472886 -0.038883284 1.791534901 2.505170584 -7.651328564 0.000000000 0.000000000 -12.000000000 0.062561914 0.929812908
1776612778.615155220 0.615949988 0.191531867 0.168672353 0.254045010 0.961374104 0.098776691 -0.038263638 1.759793639 2.412019253 -7.504136086 0.000000000 0.000000000 -12.000000000 0.062625147 0.930127859
1776612778.619575262 0.615609944 0.191761732 0.168617547 0.254158616 0.961337745 0.099101491 -0.037576742 1.726397395 2.324307919 -7.363084793 0.000000000 0.000000000 -12.000000000 0.062691495 0.930436611
1776612778.625168085 0.615372956 0.192008287 0.168599904 0.254256368 0.961305678 0.099462844 -0.036772229 1.691317916 2.242089033 -7.228489876 0.000000000 0.000000000 -12.000000000 0.062760293 0.930741727
1776612778.629873037 0.615141690 0.192237079 0.168563575 0.254336536 0.961281180 0.099799834 -0.035936613 1.654550791 2.165385962 -7.100645542 0.000000000 0.000000000 -12.000000000 0.062831447 0.931042790
1776612778.634614706 0.614844263 0.192425579 0.168497056 0.254393697 0.961267531 0.100064576 -0.035152510 1.616115451 2.094196081 -6.979826450 0.000000000 0.000000000 -12.000000000 0.062904917 0.931339204
1776612778.639686346 0.614478111 0.192579776 0.168428302 0.254437089 0.961260080 0.100276321 -0.034431659 1.576057196 2.028488398 -6.866287708 0.000000000 0.000000000 -12.000000000 0.062980719 0.931630015
1776612778.644577265 0.614119470 0.192711025 0.168369085 0.254460454 0.961260617 0.100458272 -0.033704728 1.534448981 1.968207121 -6.760266781 0.000000000 0.000000000 -12.000000000 0.063058481 0.931916595
1776612778.649892569 0.613848388 0.192842692 0.168351352 0.254470736 0.961264968 0.100666836 -0.032871157 1.491389155 1.913273573 -6.661986351 0.000000000 0.000000000 -12.000000000 0.063138261 0.932200730
1776612778.654555798 0.613615572 0.192960829 0.168330401 0.254478693 0.961271703 0.100865223 -0.031993054 1.446996212 1.863593102 -6.571656227 0.000000000 0.000000000 -12.000000000 0.063220151 0.932482243
1776612778.659707308 0.613350213 0.193024755 0.168276787 0.254491150 0.961282670 0.101000622 -0.031125559 1.401404023 1.819058061 -6.489473820 0.000000000 0.000000000 -12.000000000 0.063303582 0.932761371
1776612778.664676428 0.613041818 0.193043202 0.168192476 0.254505843 0.961297631 0.101073779 -0.030294960 1.354760170 1.779550791 -6.415622711 0.000000000 0.000000000 -12.000000000 0.063388802 0.933038235
1776612778.669607639 0.612696230 0.193041906 0.168105006 0.254492939 0.961322486 0.101104930 -0.029499883 1.307224154 1.744945049 -6.350272179 0.000000000 0.000000000 -12.000000000 0.063475266 0.933312535
1776612778.674658775 0.612400591 0.193053901 0.168059438 0.254451811 0.961354017 0.101150766 -0.028656764 1.258967280 1.715109229 -6.293575287 0.000000000 0.000000000 -12.000000000 0.063563198 0.933584690
1776612778.679602861 0.612172544 0.193066642 0.168038636 0.254397184 0.961388886 0.101215020 -0.027731258 1.210167408 1.689910173 -6.245669842 0.000000000 0.000000000 -12.000000000 0.063652247 0.933855772
1776612778.684592962 0.611952126 0.193061844 0.168017536 0.254331470 0.961428583 0.101258323 -0.026784016 1.161002755 1.669217467 -6.206671715 0.000000000 0.000000000 -12.000000000 0.063742533 0.934125543
1776612778.690220833 0.611699522 0.193037122 0.167995721 0.254253745 0.961473525 0.101267718 -0.025855282 1.111645699 1.652906418 -6.176674843 0.000000000 0.000000000 -12.000000000 0.063833423 0.934394062
1776612778.695046186 0.611135066 0.192951530 0.167923421 0.254052609 0.961579144 0.101209536 -0.024070639 1.062260032 1.640859485 -6.155743122 0.000000000 0.000000000 -12.000000000 0.063924968 0.934660614
1776612778.700071335 0.611135066 0.192951530 0.167923421 0.254052609 0.961579144 0.101209536 -0.024070639 1.012997627 1.632969499 -6.143908024 0.000000000 0.000000000 -12.000000000 0.064016804 0.934926629
1776612778.704564810 0.610896945 0.192914635 0.167919904 0.253934354 0.961634576 0.101193197 -0.023155630 0.963996291 1.629143715 -6.141166210 0.000000000 0.000000000 -12.000000000 0.064108916 0.935191989
1776612778.710098505 0.610673070 0.192877561 0.167906493 0.253812075 0.961690724 0.101174518 -0.022227576 0.915377021 1.629308105 -6.147473812 0.000000000 0.000000000 -12.000000000 0.064201392 0.935457289
1776612778.714850426 0.610398889 0.192829356 0.167869806 0.253687233 0.961749077 0.101122379 -0.021349924 0.867240787 1.633410096 -6.162744522 0.000000000 0.000000000 -12.000000000 0.064293981 0.935721159
1776612778.719632626 0.610072553 0.192772746 0.167830616 0.253555834 0.961810768 0.101034902 -0.020529969 0.819667876 1.641418457 -6.186847210 0.000000000 0.000000000 -12.000000000 0.064386196 0.935983241
1776612778.724672318 0.609712064 0.192724079 0.167792082 0.253430158 0.961870313 0.100937344 -0.019755773 0.772717774 1.653320789 -6.219604969 0.000000000 0.000000000 -12.000000000 0.064478002 0.936243296
1776612778.729834080 0.609348416 0.192674622 0.167763233 0.253293961 0.961932838 0.100828305 -0.018999798 0.726430595 1.669121265 -6.260795593 0.000000000 0.000000000 -12.000000000 0.064569704 0.936501265
1776612778.734573364 0.609026730 0.192632705 0.167790979 0.253151298 0.961995244 0.100736938 -0.018210651 0.680826843 1.688839197 -6.310153484 0.000000000 0.000000000 -12.000000000 0.064660542 0.936758041
1776612778.739591360 0.608687937 0.192596644 0.167833328 0.253014565 0.962055743 0.100637421 -0.017449329 0.635908008 1.712507367 -6.367370129 0.000000000 0.000000000 -12.000000000 0.064750530 0.937013268
1776612778.744579554 0.608271599 0.192548484 0.167850465 0.252893209 0.962113857 0.100501962 -0.016771745 0.591655612 1.740169406 -6.432093143 0.000000000 0.000000000 -12.000000000 0.064839520 0.937267005
1776612778.749572992 0.607769966 0.192464054 0.167848557 0.252795607 0.962169766 0.100305900 -0.016200271 0.548032224 1.771875501 -6.503927231 0.000000000 0.000000000 -12.000000000 0.064928159 0.937517345
1776612778.754751682 0.607184231 0.192351222 0.167829871 0.252722323 0.962223709 0.100045733 -0.015742257 0.504982173 1.807676792 -6.582433701 0.000000000 0.000000000 -12.000000000 0.065015718 0.937765777
1776612778.759587288 0.606543601 0.192233622 0.167783022 0.252655208 0.962278485 0.099746473 -0.015365622 0.462430149 1.847624540 -6.667133808 0.000000000 0.000000000 -12.000000000 0.065101966 0.938012421
1776612778.764615774 0.605895996 0.192119002 0.167755932 0.252562761 0.962340593 0.099433556 -0.015018185 0.420276314 1.891772747 -6.757508755 0.000000000 0.000000000 -12.000000000 0.065186940 0.938257158
1776612778.769583225 0.605245173 0.191993654 0.167766303 0.252466321 0.962405503 0.099099137 -0.014688677 0.378393859 1.940179706 -6.853004932 0.000000000 0.000000000 -12.000000000 0.065270416 0.938501239
1776612778.774774790 0.604513347 0.191840872 0.167748749 0.252389222 0.962469280 0.098708421 -0.014464261 0.336633474 1.992901564 -6.953034878 0.000000000 0.000000000 -12.000000000 0.065352090 0.938743830
1776612778.779709578 0.603625774 0.191654012 0.167710364 0.252295047 0.962542355 0.098241694 -0.014422153 0.294830203 2.049983025 -7.056985378 0.000000000 0.000000000 -12.000000000 0.065431982 0.938986063
1776612778.784579754 0.602664649 0.191452846 0.167673051 0.252161801 0.962628961 0.097725160 -0.014480836 0.252808541 2.111450195 -7.164223194 0.000000000 0.000000000 -12.000000000 0.065509930 0.939228237
1776612778.790362835 0.601610303 0.191262290 0.167631209 0.252020061 0.962719738 0.097168863 -0.014656044 0.210386455 2.177306414 -7.274098873 0.000000000 0.000000000 -12.000000000 0.065585651 0.939470053
1776612778.794955969 0.600472212 0.191073462 0.167573243 0.251870602 0.962814271 0.096572459 -0.014952623 0.167379200 2.247528791 -7.385951996 0.000000000 0.000000000 -12.000000000 0.065658890 0.939711332
1776612778.799633741 0.599302590 0.190878302 0.167529583 0.251691282 0.962917149 0.095958389 -0.015299175 0.123602763 2.322067499 -7.499120235 0.000000000 0.000000000 -12.000000000 0.065730043 0.939953327
1776612778.804646492 0.598138273 0.190690696 0.167498380 0.251515925 0.963018060 0.095345259 -0.015661366 0.078877576 2.400840521 -7.612942219 0.000000000 0.000000000 -12.000000000 0.065798908 0.940197051
1776612778.809577942 0.596904814 0.190509662 0.167440861 0.251357585 0.963114679 0.094711088 -0.016100638 0.033034865 2.483728886 -7.726765633 0.000000000 0.000000000 -12.000000000 0.065865360 0.940442145
1776612778.814598560 0.595592201 0.190341443 0.167361915 0.251166403 0.963220835 0.094046697 -0.016622514 -0.014075454 2.570572853 -7.839953423 0.000000000 0.000000000 -12.000000000 0.065929644 0.940688848
1776612778.819727421 0.594218791 0.190181598 0.167260826 0.250952125 0.963333488 0.093357459 -0.017205892 -0.062578104 2.661164999 -7.951886654 0.000000000 0.000000000 -12.000000000 0.065991752 0.940937936
1776612778.824660063 0.592826128 0.190018296 0.167142540 0.250770599 0.963437200 0.092657104 -0.017819369 -0.112568311 2.755249262 -8.061972618 0.000000000 0.000000000 -12.000000000 0.066051550 0.941190302
1776612778.829571009 0.591424227 0.189862624 0.167011976 0.250595510 0.963537693 0.091960303 -0.018448520 -0.164109707 2.852521420 -8.169649124 0.000000000 0.000000000 -12.000000000 0.066108994 0.941446662
1776612778.834585190 0.590051770 0.189745024 0.166895628 0.250395238 0.963641465 0.091292344 -0.019053584 -0.217233777 2.952631235 -8.274387360 0.000000000 0.000000000 -12.000000000 0.066164136 0.941706955
1776612778.839630365 0.588734567 0.189661041 0.166809320 0.250211000 0.963737786 0.090661801 -0.019606501 -0.271939963 3.055187464 -8.375702858 0.000000000 0.000000000 -12.000000000 0.066217214 0.941971242
1776612778.845065355 0.587455869 0.189565763 0.166738808 0.250039160 0.963830411 0.090037696 -0.020113070 -0.328195423 3.159758806 -8.473150253 0.000000000 0.000000000 -12.000000000 0.066267766 0.942240238
1776612778.849558830 0.586207032 0.189460531 0.166672736 0.249868125 0.963922262 0.089421712 -0.020580484 -0.385932654 3.265877724 -8.566332817 0.000000000 0.000000000 -12.000000000 0.066315889 0.942514837
1776612778.854728460 0.585004032 0.189394683 0.166629583 0.249700606 0.964009702 0.088850074 -0.020990282 -0.445045501 3.373041868 -8.654901505 0.000000000 0.000000000 -12.000000000 0.066361457 0.942793906
1776612778.860218287 0.583868861 0.189378262 0.166585892 0.249537930 0.964091659 0.088335648 -0.021328412 -0.505384624 3.480715990 -8.738553047 0.000000000 0.000000000 -12.000000000 0.066405177 0.943077147
1776612778.865022182 0.582764685 0.189369604 0.166528285 0.249392256 0.964167416 0.087844037 -0.021635642 -0.566754341 3.588333607 -8.817034721 0.000000000 0.000000000 -12.000000000 0.066447556 0.943365574
1776612778.870105505 0.581750691 0.189404875 0.166473389 0.249270886 0.964232564 0.087418757 -0.021852406 -0.628914058 3.695299387 -8.890139580 0.000000000 0.000000000 -12.000000000 0.066488385 0.943658352
1776612778.875090599 0.580182672 0.189638525 0.166487962 0.249100134 0.964325011 0.086897761 -0.021798935 -0.691582978 3.800992727 -8.957707405 0.000000000 0.000000000 -12.000000000 0.066528641 0.943957567
1776612778.879644632 0.579562783 0.189799368 0.166530401 0.249086335 0.964344740 0.086768962 -0.021596795 -0.754446983 3.904771566 -9.019620895 0.000000000 0.000000000 -12.000000000 0.066567674 0.944258928
1776612778.884677410 0.579562783 0.189799368 0.166530401 0.249086335 0.964344740 0.086768962 -0.021596795 -0.817164838 4.005974293 -9.075803757 0.000000000 0.000000000 -12.000000000 0.066605531 0.944560349
1776612778.889633656 0.579013169 0.190005168 0.166588306 0.249089316 0.964355469 0.086710520 -0.021314746 -0.879371285 4.103925228 -9.126215935 0.000000000 0.000000000 -12.000000000 0.066641919 0.944862485
1776612778.894586325 0.578518152 0.190244868 0.166667312 0.249132067 0.964351058 0.086719140 -0.020977421 -0.940680444 4.197938919 -9.170854568 0.000000000 0.000000000 -12.000000000 0.066677183 0.945164859
1776612778.899606466 0.578048408 0.190489829 0.166721642 0.249175265 0.964345634 0.086743802 -0.020609371 -1.000691652 4.287333012 -9.209750175 0.000000000 0.000000000 -12.000000000 0.066711061 0.945467234
1776612778.904580593 0.577556670 0.190761432 0.166758895 0.249198228 0.964344561 0.086772107 -0.020259347 -1.059001088 4.371437073 -9.242958069 0.000000000 0.000000000 -12.000000000 0.066744193 0.945769131
1776612778.909558773 0.577088833 0.191046789 0.166802973 0.249219492 0.964342892 0.086817198 -0.019880217 -1.115215302 4.449607372 -9.270560265 0.000000000 0.000000000 -12.000000000 0.066777281 0.946070790
1776612778.914762735 0.576642931 0.191348463 0.166875452 0.249205798 0.964348972 0.086880751 -0.019474160 -1.168966293 4.521240234 -9.292655945 0.000000000 0.000000000 -12.000000000 0.066808298 0.946370184
1776612778.919709921 0.576196551 0.191680402 0.166982561 0.249173611 0.964358091 0.086961403 -0.019071611 -1.219924688 4.585784435 -9.309365273 0.000000000 0.000000000 -12.000000000 0.066839270 0.946667969
1776612778.924561501 0.575726151 0.192036971 0.167107314 0.249128923 0.964368522 0.087053813 -0.018701717 -1.267809987 4.642754555 -9.320822716 0.000000000 0.000000000 -12.000000000 0.066869296 0.946963072
1776612778.929617405 0.575181723 0.192401379 0.167214841 0.249036118 0.964391828 0.087122500 -0.018413732 -1.312399626 4.691740513 -9.327178955 0.000000000 0.000000000 -12.000000000 0.066898957 0.947256327
1776612778.934628487 0.574558735 0.192759499 0.167295724 0.248940274 0.964417577 0.087151773 -0.018221350 -1.353535056 4.732412338 -9.328592300 0.000000000 0.000000000 -12.000000000 0.066927791 0.947548330
1776612778.939630032 0.573853254 0.193136930 0.167360038 0.248858899 0.964438677 0.087168656 -0.018135464 -1.391125083 4.764524460 -9.325226784 0.000000000 0.000000000 -12.000000000 0.066956587 0.947839856
1776612778.944610596 0.573028743 0.193536058 0.167380929 0.248738170 0.964470565 0.087148681 -0.018193310 -1.425146103 4.787916660 -9.317247391 0.000000000 0.000000000 -12.000000000 0.066985928 0.948132098
1776612778.949892759 0.572111130 0.193941697 0.167385042 0.248620749 0.964501977 0.087099768 -0.018366935 -1.455642581 4.802516460 -9.304817200 0.000000000 0.000000000 -12.000000000 0.067015648 0.948426008
1776612778.955054522 0.571147799 0.194368646 0.167395741 0.248512760 0.964530885 0.087037221 -0.018603738 -1.482723594 4.808334827 -9.288098335 0.000000000 0.000000000 -12.000000000 0.067046300 0.948721945
1776612778.960008621 0.571147799 0.194368646 0.167395741 0.248512760 0.964530885 0.087037221 -0.018603738 -1.506559014 4.805469513 -9.267246246 0.000000000 0.000000000 -12.000000000 0.067077316 0.949017882
1776612778.964991570 0.570157349 0.194826707 0.167439222 0.248370662 0.964567184 0.086981602 -0.018877655 -1.527370930 4.794095039 -9.242415428 0.000000000 0.000000000 -12.000000000 0.067109846 0.949315846
1776612778.970132351 0.568062186 0.195832014 0.167549729 0.248094082 0.964633584 0.086876638 -0.019592814 -1.545423746 4.774460316 -9.213752747 0.000000000 0.000000000 -12.000000000 0.067143932 0.949618578
1776612778.975003958 0.566991091 0.196348071 0.167605013 0.247963503 0.964664280 0.086819239 -0.019982710 -1.561010599 4.746878147 -9.181400299 0.000000000 0.000000000 -12.000000000 0.067179859 0.949924827
1776612778.980139971 0.565991998 0.196909130 0.167702347 0.247823387 0.964695036 0.086807951 -0.020284787 -1.574436188 4.711711884 -9.145491600 0.000000000 0.000000000 -12.000000000 0.067216985 0.950233638
1776612778.985054016 0.565003216 0.197467178 0.167781591 0.247719184 0.964716077 0.086801544 -0.020581797 -1.585996985 4.669364929 -9.106151581 0.000000000 0.000000000 -12.000000000 0.067255326 0.950546265
1776612778.990091324 0.563337743 0.198593900 0.167934179 0.247590244 0.964736283 0.086891562 -0.020805372 -1.595960975 4.620260715 -9.063494682 0.000000000 0.000000000 -12.000000000 0.067296170 0.950866163
1776612778.995007038 0.563337743 0.198593900 0.167934179 0.247590244 0.964736283 0.086891562 -0.020805372 -1.604548097 4.564828873 -9.017625809 0.000000000 0.000000000 -12.000000000 0.067337893 0.951186180
1776612779.000087261 0.562702537 0.199174643 0.168005258 0.247567639 0.964734495 0.087005109 -0.020681370 -1.611915469 4.503490448 -8.968635559 0.000000000 0.000000000 -12.000000000 0.067380898 0.951508045
1776612779.006316423 0.562199593 0.199789464 0.168079168 0.247539625 0.964733183 0.087167092 -0.020394558 -1.618147016 4.436651707 -8.916599274 0.000000000 0.000000000 -12.000000000 0.067425504 0.951829731
1776612779.010005474 0.561571777 0.201072454 0.168287277 0.247446269 0.964738727 0.087607063 -0.019353440 -1.623250961 4.364698887 -8.861573219 0.000000000 0.000000000 -12.000000000 0.067473173 0.952146471
1776612779.016324759 0.561571777 0.201072454 0.168287277 0.247446269 0.964738727 0.087607063 -0.019353440 -1.627164483 4.287995338 -8.803599358 0.000000000 0.000000000 -12.000000000 0.067521922 0.952463329
1776612779.019779682 0.561437070 0.201712430 0.168411642 0.247374237 0.964749694 0.087851204 -0.018605076 -1.629760265 4.206883430 -8.742699623 0.000000000 0.000000000 -12.000000000 0.067571767 0.952775538
1776612779.024611712 0.561358094 0.202352628 0.168545961 0.247275054 0.964768469 0.088094100 -0.017785754 -1.630857110 4.121685028 -8.678886414 0.000000000 0.000000000 -12.000000000 0.067623265 0.953083098
1776612779.029570580 0.561304510 0.202972651 0.168670952 0.247150332 0.964796960 0.088301688 -0.016920552 -1.630230904 4.032710075 -8.612159729 0.000000000 0.000000000 -12.000000000 0.067677364 0.953386545
1776612779.034690619 0.561307192 0.203557506 0.168792337 0.247001514 0.964835107 0.088475093 -0.015986983 -1.627629280 3.940259457 -8.542511940 0.000000000 0.000000000 -12.000000000 0.067732826 0.953685462
1776612779.039912701 0.561310112 0.204118043 0.168900967 0.246831223 0.964882493 0.088598952 -0.015045396 -1.622784734 3.844636679 -8.469930649 0.000000000 0.000000000 -12.000000000 0.067790337 0.953980565
1776612779.044662952 0.561349869 0.204684392 0.169029683 0.246610612 0.964943886 0.088706881 -0.014055378 -1.615427971 3.746153831 -8.394396782 0.000000000 0.000000000 -12.000000000 0.067849830 0.954271019
1776612779.049840689 0.561343491 0.205235556 0.169147938 0.246375337 0.965012550 0.088758633 -0.013110995 -1.605297446 3.645136356 -8.315891266 0.000000000 0.000000000 -12.000000000 0.067910731 0.954557002
1776612779.054719687 0.561282098 0.205769271 0.169261873 0.246116474 0.965091467 0.088746071 -0.012218818 -1.592148900 3.541921616 -8.234395981 0.000000000 0.000000000 -12.000000000 0.067973122 0.954839230
1776612779.059662104 0.561237276 0.206309676 0.169384569 0.245833963 0.965177894 0.088709302 -0.011310700 -1.575764537 3.436861277 -8.149895668 0.000000000 0.000000000 -12.000000000 0.068036877 0.955116868
1776612779.064923286 0.561195254 0.206854790 0.169510901 0.245546713 0.965266764 0.088648923 -0.010403981 -1.555961847 3.330324411 -8.062384605 0.000000000 0.000000000 -12.000000000 0.068102278 0.955390334
1776612779.069660187 0.561135471 0.207414329 0.169631869 0.245244861 0.965360820 0.088558614 -0.009529309 -1.532603025 3.222697973 -7.971860409 0.000000000 0.000000000 -12.000000000 0.068169646 0.955659568
1776612779.074636698 0.561051250 0.207972869 0.169748485 0.244942352 0.965457261 0.088431902 -0.008680985 -1.505602717 3.114385843 -7.878332138 0.000000000 0.000000000 -12.000000000 0.068238586 0.955924630
1776612779.079866171 0.560918570 0.208519131 0.169841945 0.244669184 0.965548575 0.088263936 -0.007904000 -1.474931002 3.005805492 -7.781816006 0.000000000 0.000000000 -12.000000000 0.068309203 0.956186950
1776612779.084619761 0.560770035 0.209062532 0.169944853 0.244423777 0.965633392 0.088079624 -0.007152850 -1.440613627 2.897383451 -7.682339191 0.000000000 0.000000000 -12.000000000 0.068381183 0.956446767
1776612779.089663029 0.560597897 0.209595919 0.170031160 0.244191319 0.965717554 0.087856360 -0.006443360 -1.402731180 2.789551020 -7.579936504 0.000000000 0.000000000 -12.000000000 0.068454914 0.956704915
1776612779.094543457 0.560399354 0.210128576 0.170115560 0.243984878 0.965796173 0.087611549 -0.005774943 -1.361416817 2.682740211 -7.474653721 0.000000000 0.000000000 -12.000000000 0.068530567 0.956961930
1776612779.099756718 0.560192227 0.210647613 0.170188725 0.243796721 0.965872407 0.087334447 -0.005134224 -1.316854000 2.577377796 -7.366548061 0.000000000 0.000000000 -12.000000000 0.068608068 0.957218349
1776612779.105045557 0.559976637 0.211160257 0.170262247 0.243630156 0.965944588 0.087034866 -0.004513002 -1.269273162 2.473878860 -7.255685806 0.000000000 0.000000000 -12.000000000 0.068687379 0.957474411
1776612779.110175371 0.559743166 0.211688325 0.170330435 0.243467540 0.966016173 0.086723186 -0.003928283 -1.218945742 2.372643709 -7.142143250 0.000000000 0.000000000 -12.000000000 0.068768397 0.957730293
1776612779.114783764 0.559531689 0.212235644 0.170410693 0.243309215 0.966085613 0.086418159 -0.003331066 -1.166177750 2.274053574 -7.026008606 0.000000000 0.000000000 -12.000000000 0.068851009 0.957984924
1776612779.119855642 0.559306502 0.212802976 0.170481592 0.243141383 0.966157854 0.086102650 -0.002764340 -1.111299396 2.178467751 -6.907379627 0.000000000 0.000000000 -12.000000000 0.068935402 0.958238542
1776612779.124654770 0.559068739 0.213383228 0.170545757 0.242968276 0.966231823 0.085775897 -0.002222201 -1.054656267 2.086218596 -6.786364555 0.000000000 0.000000000 -12.000000000 0.069021180 0.958490789
1776612779.129640579 0.558865249 0.213966191 0.170617372 0.242801189 0.966303766 0.085450925 -0.001661155 -0.996599257 1.997606754 -6.663081646 0.000000000 0.000000000 -12.000000000 0.069108322 0.958741546
1776612779.134614229 0.558676958 0.214522451 0.170684725 0.242649511 0.966373026 0.085107096 -0.001099636 -0.937477887 1.912896991 -6.537660122 0.000000000 0.000000000 -12.000000000 0.069197573 0.958992243
1776612779.139607430 0.558543921 0.215065703 0.170769423 0.242501050 0.966440439 0.084769510 -0.000499533 -0.877633572 1.832315087 -6.410240173 0.000000000 0.000000000 -12.000000000 0.069288224 0.959241390
1776612779.144556999 0.558439493 0.215608716 0.170868605 0.242351070 0.966507137 0.084438562 0.000121447 -0.817393959 1.756047964 -6.280970573 0.000000000 0.000000000 -12.000000000 0.069380887 0.959489703
1776612779.149652481 0.558361948 0.216159984 0.170982003 0.242201820 0.966572046 0.084119841 0.000757968 -0.757068098 1.684242964 -6.150011063 0.000000000 0.000000000 -12.000000000 0.069475286 0.959736824
1776612779.154583454 0.558296621 0.216707781 0.171109051 0.242044166 0.966638923 0.083796591 0.001401726 -0.696942270 1.617009759 -6.017529964 0.000000000 0.000000000 -12.000000000 0.069571681 0.959982753
1776612779.159540176 0.558255076 0.217250407 0.171229690 0.241890907 0.966704190 0.083471872 0.002054800 -0.637279510 1.554420948 -5.883702755 0.000000000 0.000000000 -12.000000000 0.069670334 0.960227966
1776612779.164595604 0.558271050 0.217808604 0.171336412 0.241735935 0.966767669 0.083165206 0.002752942 -0.578320324 1.496513486 -5.748708725 0.000000000 0.000000000 -12.000000000 0.069770344 0.960469365
1776612779.169753790 0.558295846 0.218396619 0.171438783 0.241582081 0.966828823 0.082875557 0.003436640 -0.520282149 1.443288565 -5.612732410 0.000000000 0.000000000 -12.000000000 0.069872111 0.960707068
1776612779.174972534 0.558302462 0.219016567 0.171526998 0.241439611 0.966885209 0.082603186 0.004079509 -0.463357449 1.394709706 -5.475959778 0.000000000 0.000000000 -12.000000000 0.069975346 0.960939825
1776612779.179557562 0.558387876 0.220372319 0.171739608 0.241207331 0.966972709 0.082183734 0.005356444 -0.407712400 1.350703478 -5.338580132 0.000000000 0.000000000 -12.000000000 0.070079148 0.961162508
1776612779.185038805 0.558387876 0.220372319 0.171739608 0.241207331 0.966972709 0.082183734 0.005356444 -0.353487104 1.311160684 -5.200789928 0.000000000 0.000000000 -12.000000000 0.070185229 0.961384654
1776612779.189637423 0.558662474 0.221919641 0.172035307 0.241100505 0.967002451 0.082048401 0.006702167 -0.300799757 1.275937319 -5.062789917 0.000000000 0.000000000 -12.000000000 0.070293240 0.961597025
1776612779.195351124 0.558662474 0.221919641 0.172035307 0.241100505 0.967002451 0.082048401 0.006702167 -0.249751896 1.244855642 -4.924785614 0.000000000 0.000000000 -12.000000000 0.070403494 0.961809814
1776612779.199626923 0.558845937 0.222773209 0.172188938 0.241133511 0.966984332 0.082108237 0.007362077 -0.200431854 1.217702627 -4.786983490 0.000000000 0.000000000 -12.000000000 0.070516229 0.962019205
1776612779.204951048 0.559108615 0.223725647 0.172348052 0.241232932 0.966936409 0.082314394 0.008062683 -0.152914852 1.194226503 -4.649590969 0.000000000 0.000000000 -12.000000000 0.070631541 0.962224066
1776612779.209540606 0.559711754 0.225834161 0.172634393 0.241619453 0.966766298 0.083030567 0.009430134 -0.107261777 1.174134135 -4.512812614 0.000000000 0.000000000 -12.000000000 0.070749409 0.962421000
1776612779.214910746 0.559711754 0.225834161 0.172634393 0.241619453 0.966766298 0.083030567 0.009430134 -0.063517399 1.157089949 -4.376851082 0.000000000 0.000000000 -12.000000000 0.070869468 0.962618411
1776612779.220109463 0.560561657 0.228222355 0.172967970 0.242142916 0.966520131 0.084177345 0.010944162 -0.021708548 1.142717838 -4.241907120 0.000000000 0.000000000 -12.000000000 0.070993416 0.962808728
1776612779.225119591 0.560561657 0.228222355 0.172967970 0.242142916 0.966520131 0.084177345 0.010944162 0.018157365 1.130608320 -4.108179569 0.000000000 0.000000000 -12.000000000 0.071119539 0.962998867
1776612779.230089903 0.561068892 0.229499459 0.173152983 0.242397070 0.966386259 0.084870711 0.011754971 0.056092966 1.120329261 -3.975866079 0.000000000 0.000000000 -12.000000000 0.071248390 0.963185489
1776612779.235029697 0.561597705 0.230809554 0.173339486 0.242608756 0.966258109 0.085604481 0.012573433 0.092129707 1.111441731 -3.845163345 0.000000000 0.000000000 -12.000000000 0.071379855 0.963368833
1776612779.239915133 0.562137008 0.232135743 0.173538297 0.242779672 0.966136813 0.086362191 0.013387669 0.126313701 1.103513241 -3.716267109 0.000000000 0.000000000 -12.000000000 0.071513966 0.963549912
1776612779.244862795 0.562595487 0.233395338 0.173694402 0.242889971 0.966039121 0.087028041 0.014108619 0.158699185 1.096132755 -3.589371920 0.000000000 0.000000000 -12.000000000 0.071650632 0.963732123
1776612779.250008106 0.563018262 0.234621286 0.173840940 0.242943659 0.965959728 0.087645568 0.014778408 0.189341486 1.088923216 -3.464672804 0.000000000 0.000000000 -12.000000000 0.071789995 0.963916719
1776612779.254955292 0.563372970 0.235799477 0.173973590 0.242916927 0.965908229 0.088185035 0.015362929 0.218290046 1.081556439 -3.342365980 0.000000000 0.000000000 -12.000000000 0.071931258 0.964104116
1776612779.259968758 0.563636780 0.236911878 0.174070984 0.242831141 0.965882182 0.088621549 0.015837878 0.245580733 1.073767185 -3.222650766 0.000000000 0.000000000 -12.000000000 0.072074607 0.964296579
1776612779.265000582 0.563818574 0.237960026 0.174157292 0.242683366 0.965882540 0.088954702 0.016209545 0.271227986 1.065367699 -3.105730772 0.000000000 0.000000000 -12.000000000 0.072219983 0.964495659
1776612779.270022869 0.563875735 0.238939345 0.174221992 0.242492571 0.965907097 0.089169085 0.016421577 0.295217603 1.056257010 -2.991813660 0.000000000 0.000000000 -12.000000000 0.072367229 0.964702606
1776612779.274866819 0.563796163 0.239821762 0.174243957 0.242269725 0.965956628 0.089230195 0.016465811 0.317501694 1.046426296 -2.881113529 0.000000000 0.000000000 -12.000000000 0.072516546 0.964919388
1776612779.279518843 0.563647270 0.240644529 0.174255282 0.242029816 0.966021001 0.089194588 0.016410233 0.337997794 1.035958767 -2.773850918 0.000000000 0.000000000 -12.000000000 0.072667763 0.965145826
1776612779.284533501 0.563428342 0.241424024 0.174267322 0.241779387 0.966097176 0.089075923 0.016262999 0.356591523 1.025024056 -2.670257807 0.000000000 0.000000000 -12.000000000 0.072821058 0.965382993
1776612779.289578915 0.563104868 0.242150545 0.174254119 0.241524175 0.966185749 0.088856734 0.015990028 0.373141259 1.013868809 -2.570576191 0.000000000 0.000000000 -12.000000000 0.072976269 0.965631306
1776612779.294538975 0.562718272 0.242828399 0.174222827 0.241285682 0.966279209 0.088551067 0.015632533 0.387484074 1.002802968 -2.475058317 0.000000000 0.000000000 -12.000000000 0.073133253 0.965890467
1776612779.299976826 0.562275350 0.243447810 0.174175858 0.241063535 0.966377914 0.088153355 0.015199851 0.399441957 0.992186904 -2.383963823 0.000000000 0.000000000 -12.000000000 0.073291712 0.966160417
1776612779.304683685 0.561419487 0.244548142 0.174065381 0.240663916 0.966578424 0.087187544 0.014331274 0.408829302 0.982418120 -2.297558069 0.000000000 0.000000000 -12.000000000 0.073451601 0.966447890
1776612779.309921741 0.561419487 0.244548142 0.174065381 0.240663916 0.966578424 0.087187544 0.014331274 0.415463239 0.973915637 -2.216108561 0.000000000 0.000000000 -12.000000000 0.073612854 0.966735959
1776612779.314544678 0.560981333 0.245035008 0.174003989 0.240507662 0.966674626 0.086625323 0.013867737 0.419176340 0.967102647 -2.139884949 0.000000000 0.000000000 -12.000000000 0.073775463 0.967033505
1776612779.319872618 0.560599148 0.245483160 0.173957437 0.240368143 0.966768146 0.086030670 0.013460496 0.419830054 0.962388575 -2.069157124 0.000000000 0.000000000 -12.000000000 0.073939160 0.967338204
1776612779.324715376 0.560265362 0.245895147 0.173929155 0.240247950 0.966858149 0.085408658 0.013101795 0.417327166 0.960151196 -2.004193306 0.000000000 0.000000000 -12.000000000 0.074103981 0.967648923
1776612779.329948187 0.560052574 0.246288478 0.173933268 0.240124539 0.966945887 0.084794469 0.012875526 0.411622226 0.960721552 -1.945257545 0.000000000 0.000000000 -12.000000000 0.074269719 0.967963398
1776612779.334599495 0.559912384 0.246663585 0.173939288 0.240002617 0.967032194 0.084174857 0.012732510 0.402728558 0.964370966 -1.892604709 0.000000000 0.000000000 -12.000000000 0.074436545 0.968280792
1776612779.339899063 0.559842110 0.247016698 0.173952848 0.239889488 0.967115879 0.083543964 0.012660194 0.390720427 0.971301496 -1.846476078 0.000000000 0.000000000 -12.000000000 0.074603923 0.968599677
1776612779.344652891 0.559857726 0.247339919 0.173979789 0.239776686 0.967198491 0.082906447 0.012677813 0.375731319 0.981638491 -1.807096243 0.000000000 0.000000000 -12.000000000 0.074771978 0.968918979
1776612779.351146460 0.559984088 0.247641325 0.174019665 0.239679262 0.967274606 0.082278363 0.012803447 0.357949764 0.995426536 -1.774670243 0.000000000 0.000000000 -12.000000000 0.074940495 0.969236612
1776612779.354999781 0.560172498 0.247918352 0.174083441 0.239589006 0.967348158 0.081645206 0.012989837 0.337614417 1.012628436 -1.749381065 0.000000000 0.000000000 -12.000000000 0.075109370 0.969551384
1776612779.359584808 0.560379148 0.248165131 0.174141556 0.239510894 0.967420459 0.080984056 0.013182644 0.315007597 1.033127546 -1.731387258 0.000000000 0.000000000 -12.000000000 0.075278550 0.969863832
1776612779.365069389 0.560613632 0.248401195 0.174216330 0.239429355 0.967493296 0.080317318 0.013395641 0.290448219 1.056732416 -1.720821023 0.000000000 0.000000000 -12.000000000 0.075448081 0.970173419
1776612779.369919538 0.560866773 0.248636141 0.174308062 0.239344805 0.967566252 0.079652026 0.013606197 0.264283180 1.083185315 -1.717784762 0.000000000 0.000000000 -12.000000000 0.075617641 0.970480442
1776612779.374680281 0.561125517 0.248853773 0.174404591 0.239273384 0.967636526 0.078976743 0.013799556 0.236878052 1.112172127 -1.722350121 0.000000000 0.000000000 -12.000000000 0.075787164 0.970784962
1776612779.379562140 0.561402321 0.249040127 0.174520463 0.239220798 0.967702389 0.078292973 0.013989162 0.208607867 1.143332601 -1.734554768 0.000000000 0.000000000 -12.000000000 0.075956397 0.971086264
1776612779.384536982 0.561628282 0.249200314 0.174606055 0.239182830 0.967767835 0.077575870 0.014105421 0.179849088 1.176270127 -1.754400373 0.000000000 0.000000000 -12.000000000 0.076125264 0.971385658
1776612779.389764786 0.561827004 0.249340266 0.174698204 0.239140123 0.967836738 0.076831818 0.014174204 0.150972873 1.210560918 -1.781849504 0.000000000 0.000000000 -12.000000000 0.076293871 0.971683860
1776612779.394663572 0.561992109 0.249469161 0.174770564 0.239113092 0.967903435 0.076070718 0.014181380 0.122339472 1.245762348 -1.816822886 0.000000000 0.000000000 -12.000000000 0.076461919 0.971981347
1776612779.399947643 0.562095165 0.249588817 0.174813896 0.239074424 0.967976153 0.075277075 0.014106304 0.094292603 1.281422615 -1.859197855 0.000000000 0.000000000 -12.000000000 0.076629177 0.972279072
1776612779.404644489 0.562197328 0.249710277 0.174855888 0.239043146 0.968046427 0.074487247 0.014002866 0.067153849 1.317090273 -1.908806562 0.000000000 0.000000000 -12.000000000 0.076795571 0.972576499
1776612779.409950256 0.562289715 0.249808609 0.174895614 0.239020512 0.968115509 0.073682867 0.013871420 0.041217979 1.352321982 -1.965435624 0.000000000 0.000000000 -12.000000000 0.076960899 0.972873807
1776612779.415005207 0.562395632 0.249896228 0.174931437 0.239006177 0.968181849 0.072879590 0.013728338 0.016750121 1.386687636 -2.028827190 0.000000000 0.000000000 -12.000000000 0.077125132 0.973170340
1776612779.419517040 0.562537730 0.249999464 0.174992323 0.239000425 0.968242586 0.072111458 0.013603126 -0.006014310 1.419774294 -2.098681927 0.000000000 0.000000000 -12.000000000 0.077288166 0.973465502
1776612779.424641371 0.562682033 0.250118315 0.175052017 0.238976404 0.968307018 0.071348861 0.013458041 -0.026867632 1.451189160 -2.174663544 0.000000000 0.000000000 -12.000000000 0.077450052 0.973759115
1776612779.430025101 0.562791169 0.250243366 0.175083220 0.238937780 0.968375862 0.070575997 0.013265537 -0.045628160 1.480560899 -2.256402493 0.000000000 0.000000000 -12.000000000 0.077610575 0.974052072
1776612779.434629202 0.562874615 0.250346035 0.175077140 0.238906801 0.968444705 0.069776699 0.013023493 -0.062139120 1.507541418 -2.343499899 0.000000000 0.000000000 -12.000000000 0.077769622 0.974344552
1776612779.440019131 0.562953413 0.250439823 0.175062090 0.238874882 0.968514085 0.068966888 0.012760318 -0.076267228 1.531806350 -2.435532570 0.000000000 0.000000000 -12.000000000 0.077927090 0.974637091
1776612779.445002556 0.563030064 0.250529826 0.175048202 0.238840595 0.968583524 0.068158008 0.012475750 -0.087900661 1.553056121 -2.532058477 0.000000000 0.000000000 -12.000000000 0.078082584 0.974929273
1776612779.449921608 0.563128710 0.250621378 0.175039470 0.238808811 0.968650579 0.067361370 0.012198292 -0.096946664 1.571017623 -2.632621288 0.000000000 0.000000000 -12.000000000 0.078235820 0.975220144
1776612779.454628944 0.563395858 0.250777423 0.175024182 0.238755181 0.968778849 0.065784238 0.011658455 -0.103329293 1.585447669 -2.736756086 0.000000000 0.000000000 -12.000000000 0.078387305 0.975507081
1776612779.459901333 0.563395858 0.250777423 0.175024182 0.238755181 0.968778849 0.065784238 0.011658455 -0.106987774 1.596135736 -2.843991995 0.000000000 0.000000000 -12.000000000 0.078536995 0.975794613
1776612779.464720488 0.563846290 0.250953913 0.175057352 0.238748878 0.968884170 0.064316079 0.011221518 -0.107875407 1.602905512 -2.953858137 0.000000000 0.000000000 -12.000000000 0.078684293 0.976075530
1776612779.469877243 0.563846290 0.250953913 0.175057352 0.238748878 0.968884170 0.064316079 0.011221518 -0.105958492 1.605616212 -3.065887451 0.000000000 0.000000000 -12.000000000 0.078829728 0.976357043
1776612779.474972963 0.564052939 0.251057833 0.175051749 0.238772318 0.968928277 0.063606784 0.010951805 -0.101214699 1.604160309 -3.179619312 0.000000000 0.000000000 -12.000000000 0.078973301 0.976636529
1776612779.479927540 0.564243078 0.251155734 0.175030351 0.238826647 0.968964159 0.062905498 0.010639241 -0.093630649 1.598461509 -3.294603825 0.000000000 0.000000000 -12.000000000 0.079114981 0.976914167
1776612779.484913349 0.564413965 0.251250416 0.174995542 0.238914967 0.968991160 0.062210433 0.010280433 -0.083199263 1.588471413 -3.410403490 0.000000000 0.000000000 -12.000000000 0.079254754 0.977190375
1776612779.490057468 0.564594865 0.251370847 0.174959809 0.239022925 0.969009817 0.061563388 0.009898355 -0.069918491 1.574165940 -3.526599646 0.000000000 0.000000000 -12.000000000 0.079392552 0.977464199
1776612779.495040178 0.565054774 0.251644254 0.174932092 0.239340216 0.969012141 0.060400374 0.009140985 -0.053792063 1.555543065 -3.642794609 0.000000000 0.000000000 -12.000000000 0.079528347 0.977732778
1776612779.499803543 0.565054774 0.251644254 0.174932092 0.239340216 0.969012141 0.060400374 0.009140985 -0.034831971 1.532621741 -3.758617878 0.000000000 0.000000000 -12.000000000 0.079662263 0.978001952
1776612779.504581213 0.565373778 0.251797289 0.174959421 0.239532799 0.968998611 0.059900947 0.008810662 -0.013060982 1.505442977 -3.873729467 0.000000000 0.000000000 -12.000000000 0.079794571 0.978268504
1776612779.509545803 0.565708518 0.251962632 0.174989879 0.239725709 0.968981981 0.059444185 0.008481319 0.011488104 1.474066854 -3.987824440 0.000000000 0.000000000 -12.000000000 0.079924896 0.978530884
1776612779.514638901 0.566032946 0.252111912 0.175019950 0.239921927 0.968964219 0.058990724 0.008121710 0.038776178 1.438569069 -4.100636959 0.000000000 0.000000000 -12.000000000 0.080053359 0.978790462
1776612779.519660234 0.566346049 0.252248675 0.175041318 0.240117222 0.968946099 0.058543805 0.007733163 0.068761677 1.399036646 -4.211942196 0.000000000 0.000000000 -12.000000000 0.080180049 0.979047596
1776612779.524708271 0.566654146 0.252375364 0.175034732 0.240323380 0.968924761 0.058103289 0.007313324 0.101402573 1.355566144 -4.321556091 0.000000000 0.000000000 -12.000000000 0.080305487 0.979302824
1776612779.529509783 0.566941857 0.252485305 0.175005108 0.240508571 0.968909264 0.057649508 0.006856401 0.136655435 1.308265328 -4.429336548 0.000000000 0.000000000 -12.000000000 0.080429085 0.979555964
1776612779.534569740 0.567323983 0.252628684 0.175016999 0.240657955 0.968897462 0.057267085 0.006478823 0.174472675 1.257256627 -4.535182476 0.000000000 0.000000000 -12.000000000 0.080550916 0.979806185
1776612779.539532185 0.567776144 0.252788931 0.175066292 0.240784347 0.968887329 0.056940448 0.006168697 0.214801356 1.202677488 -4.639032364 0.000000000 0.000000000 -12.000000000 0.080671445 0.980052590
1776612779.544777393 0.568177283 0.252942950 0.175089866 0.240885407 0.968884826 0.056591589 0.005810345 0.257583767 1.144679427 -4.740863323 0.000000000 0.000000000 -12.000000000 0.080790363 0.980296373
1776612779.549594164 0.568534374 0.253074646 0.175089151 0.240959778 0.968891025 0.056207594 0.005410403 0.302757502 1.083427668 -4.840686798 0.000000000 0.000000000 -12.000000000 0.080907851 0.980538547
1776612779.555020332 0.568897903 0.253190786 0.175085604 0.241007045 0.968903542 0.055825673 0.005005626 0.350254297 1.019103408 -4.938547134 0.000000000 0.000000000 -12.000000000 0.081023782 0.980779052
1776612779.559897900 0.569248199 0.253282011 0.175057769 0.241041869 0.968920052 0.055424206 0.004566687 0.399996936 0.951904058 -5.034515858 0.000000000 0.000000000 -12.000000000 0.081138246 0.981017172
1776612779.564881802 0.569977283 0.253477663 0.175060660 0.241075292 0.968960285 0.054636169 0.003682228 0.451894909 0.882042646 -5.128691196 0.000000000 0.000000000 -12.000000000 0.081251442 0.981251359
1776612779.570003748 0.569977283 0.253477663 0.175060660 0.241075292 0.968960285 0.054636169 0.003682228 0.505841136 0.809748352 -5.221192360 0.000000000 0.000000000 -12.000000000 0.081363238 0.981484890
1776612779.574928522 0.570348918 0.253602445 0.175106436 0.241071507 0.968983948 0.054259755 0.003248496 0.561710417 0.735266745 -5.312163353 0.000000000 0.000000000 -12.000000000 0.081473589 0.981716037
1776612779.579542160 0.570604563 0.253702164 0.175111204 0.241069511 0.969011009 0.053813756 0.002692762 0.619359851 0.658858716 -5.401769638 0.000000000 0.000000000 -12.000000000 0.081582755 0.981947482
1776612779.584915638 0.570793092 0.253771991 0.175102532 0.241082534 0.969036758 0.053317394 0.002055614 0.678629816 0.580798090 -5.490192413 0.000000000 0.000000000 -12.000000000 0.081690602 0.982179284
1776612779.589715242 0.570928395 0.253831685 0.175062686 0.241096631 0.969063759 0.052782800 0.001348190 0.739342332 0.501372695 -5.577626228 0.000000000 0.000000000 -12.000000000 0.081797153 0.982411742
1776612779.594750643 0.571046412 0.253884017 0.175005078 0.241123632 0.969087780 0.052228745 0.000611994 0.801298082 0.420886964 -5.664271355 0.000000000 0.000000000 -12.000000000 0.081902422 0.982643843
1776612779.599554300 0.571208656 0.253956348 0.174984694 0.241160691 0.969107091 0.051700480 -0.000093008 0.864275575 0.339661837 -5.750332355 0.000000000 0.000000000 -12.000000000 0.082006417 0.982875526
1776612779.604518175 0.571361125 0.254028857 0.174982637 0.241199300 0.969125867 0.051160116 -0.000807276 0.928033888 0.258029789 -5.836013317 0.000000000 0.000000000 -12.000000000 0.082109123 0.983106732
1776612779.609746933 0.571432829 0.254069299 0.174945712 0.241231591 0.969148099 0.050563835 -0.001598913 0.992318869 0.176327258 -5.921517849 0.000000000 0.000000000 -12.000000000 0.082210533 0.983338535
1776612779.615136147 0.571455121 0.254083067 0.174902260 0.241255432 0.969173253 0.049930103 -0.002442326 1.056869984 0.094886571 -6.007042885 0.000000000 0.000000000 -12.000000000 0.082310669 0.983571827
1776612779.619951248 0.571501791 0.254109353 0.174879968 0.241277963 0.969196618 0.049317624 -0.003263559 1.121426940 0.014031204 -6.092777729 0.000000000 0.000000000 -12.000000000 0.082409523 0.983806074
1776612779.624988794 0.571601570 0.254137367 0.174861014 0.241305441 0.969216704 0.048728269 -0.004034121 1.185733318 -0.065926008 -6.178901672 0.000000000 0.000000000 -12.000000000 0.082507096 0.984040201
1776612779.629933119 0.571601570 0.254137367 0.174861014 0.241305441 0.969216704 0.048728269 -0.004034121 1.249541998 -0.144684657 -6.265581131 0.000000000 0.000000000 -12.000000000 0.082603365 0.984274387
1776612779.634527683 0.572000265 0.254245877 0.174915820 0.241407543 0.969237745 0.047660675 -0.005387974 1.312618971 -0.221960351 -6.352969646 0.000000000 0.000000000 -12.000000000 0.082698315 0.984504700
1776612779.639774561 0.572219491 0.254319578 0.174928218 0.241471246 0.969243169 0.047147755 -0.006031506 1.374750972 -0.297490448 -6.441205502 0.000000000 0.000000000 -12.000000000 0.082791932 0.984733760
1776612779.644990921 0.572361708 0.254373133 0.174896806 0.241549045 0.969246030 0.046590138 -0.006748863 1.435751677 -0.371040642 -6.530409813 0.000000000 0.000000000 -12.000000000 0.082884334 0.984963477
1776612779.649948120 0.572509289 0.254417598 0.174871862 0.241631791 0.969246984 0.046030015 -0.007459935 1.495466590 -0.442409635 -6.620683193 0.000000000 0.000000000 -12.000000000 0.082975373 0.985193193
1776612779.654989004 0.572719157 0.254456788 0.174856812 0.241705000 0.969248593 0.045497764 -0.008111393 1.553773284 -0.511431456 -6.712109089 0.000000000 0.000000000 -12.000000000 0.083065033 0.985421717
1776612779.659964561 0.573009014 0.254507124 0.174871325 0.241769448 0.969250262 0.045011427 -0.008685677 1.610582590 -0.577976704 -6.804751873 0.000000000 0.000000000 -12.000000000 0.083153285 0.985647857
1776612779.664960146 0.573365808 0.254565299 0.174923182 0.241843075 0.969247878 0.044564135 -0.009193348 1.665836930 -0.641954184 -6.898663044 0.000000000 0.000000000 -12.000000000 0.083239824 0.985870004
1776612779.669973135 0.573708415 0.254597336 0.174968451 0.241935164 0.969240725 0.044107627 -0.009713618 1.719511867 -0.703312218 -6.993878841 0.000000000 0.000000000 -12.000000000 0.083324961 0.986089647
1776612779.675001860 0.573967040 0.254612058 0.174983054 0.242033511 0.969232440 0.043610267 -0.010317029 1.771616578 -0.762040317 -7.090421200 0.000000000 0.000000000 -12.000000000 0.083408475 0.986307561
1776612779.679970026 0.574203730 0.254626244 0.175001830 0.242136374 0.969222367 0.043107376 -0.010942026 1.822192788 -0.818167627 -7.188297749 0.000000000 0.000000000 -12.000000000 0.083490461 0.986524880
1776612779.684842348 0.574473441 0.254648358 0.175017774 0.242234826 0.969212115 0.042626217 -0.011542373 1.871311545 -0.871758580 -7.287501335 0.000000000 0.000000000 -12.000000000 0.083570756 0.986740351
1776612779.689520836 0.575313985 0.254801273 0.175138444 0.242380723 0.969196796 0.041884679 -0.012441841 1.919068813 -0.922907233 -7.388015747 0.000000000 0.000000000 -12.000000000 0.083649285 0.986948490
1776612779.694581985 0.575313985 0.254801273 0.175138444 0.242380723 0.969196796 0.041884679 -0.012441841 1.965579510 -0.971732020 -7.489814281 0.000000000 0.000000000 -12.000000000 0.083726197 0.987157166
1776612779.699939966 0.575704753 0.254876494 0.175169379 0.242419213 0.969197154 0.041509096 -0.012914128 2.010975361 -1.018373251 -7.592862129 0.000000000 0.000000000 -12.000000000 0.083801351 0.987363279
1776612779.704572916 0.576017857 0.254940033 0.175162584 0.242431924 0.969204009 0.041099593 -0.013460556 2.055403709 -1.062993169 -7.697110653 0.000000000 0.000000000 -12.000000000 0.083874740 0.987568676
1776612779.709613085 0.576330304 0.255005717 0.175159395 0.242425889 0.969214797 0.040696070 -0.014005341 2.099027157 -1.105774522 -7.802500248 0.000000000 0.000000000 -12.000000000 0.083946139 0.987773001
1776612779.714537859 0.576685727 0.255057573 0.175161630 0.242420152 0.969225049 0.040308092 -0.014508234 2.142020702 -1.146917701 -7.908956528 0.000000000 0.000000000 -12.000000000 0.084015697 0.987975538
1776612779.719997406 0.577145278 0.255124986 0.175204128 0.242414415 0.969233990 0.039980814 -0.014906933 2.184568644 -1.186635971 -8.016395569 0.000000000 0.000000000 -12.000000000 0.084083602 0.988174856
1776612779.724807501 0.577724636 0.255236387 0.175295144 0.242400512 0.969243109 0.039744556 -0.015170107 2.226860762 -1.225148559 -8.124724388 0.000000000 0.000000000 -12.000000000 0.084149361 0.988369226
1776612779.729514837 0.578287899 0.255340934 0.175353140 0.242381483 0.969253778 0.039497953 -0.015436586 2.269091606 -1.262678146 -8.233838081 0.000000000 0.000000000 -12.000000000 0.084213421 0.988560379
1776612779.734650373 0.578799188 0.255411863 0.175373018 0.242359653 0.969266295 0.039201234 -0.015743449 2.311460733 -1.299449205 -8.343620300 0.000000000 0.000000000 -12.000000000 0.084275447 0.988748491
1776612779.740301371 0.579310060 0.255474001 0.175386697 0.242329523 0.969281495 0.038889483 -0.016043933 2.354171276 -1.335687399 -8.453940392 0.000000000 0.000000000 -12.000000000 0.084335685 0.988934517
1776612779.744576693 0.579844773 0.255554438 0.175380588 0.242292941 0.969297707 0.038598131 -0.016316272 2.397428989 -1.371617675 -8.564653397 0.000000000 0.000000000 -12.000000000 0.084393270 0.989116192
1776612779.749583721 0.580485702 0.255656630 0.175407439 0.242260039 0.969312489 0.038367491 -0.016472023 2.441439152 -1.407461286 -8.675605774 0.000000000 0.000000000 -12.000000000 0.084448479 0.989292204
1776612779.754619837 0.581202686 0.255771041 0.175466299 0.242243037 0.969322562 0.038189560 -0.016542748 2.486404419 -1.443434477 -8.786636353 0.000000000 0.000000000 -12.000000000 0.084500603 0.989461005
1776612779.759893417 0.581931829 0.255878896 0.175504327 0.242243066 0.969328105 0.038028125 -0.016588051 2.532523632 -1.479749918 -8.897581100 0.000000000 0.000000000 -12.000000000 0.084550776 0.989626527
1776612779.765098333 0.582623184 0.255954117 0.175514936 0.242273152 0.969326556 0.037841700 -0.016665066 2.579993248 -1.516620040 -9.008277893 0.000000000 0.000000000 -12.000000000 0.084597960 0.989786327
1776612779.769984961 0.583428621 0.256046981 0.175556272 0.242333785 0.969316542 0.037729520 -0.016621288 2.629008293 -1.554260015 -9.118569374 0.000000000 0.000000000 -12.000000000 0.084643029 0.989941597
1776612779.774945736 0.584360898 0.256157041 0.175621539 0.242419139 0.969299495 0.037699543 -0.016438099 2.679764032 -1.592888713 -9.228305817 0.000000000 0.000000000 -12.000000000 0.084685944 0.990091324
1776612779.779682875 0.585473359 0.256303340 0.175724804 0.242533654 0.969273984 0.037784632 -0.016052173 2.732457399 -1.632730246 -9.337353706 0.000000000 0.000000000 -12.000000000 0.084726319 0.990233064
1776612779.784950018 0.586671114 0.256465495 0.175833821 0.242668375 0.969242871 0.037924107 -0.015559938 2.787290096 -1.674015164 -9.445593834 0.000000000 0.000000000 -12.000000000 0.084764175 0.990367532
1776612779.789565802 0.587865531 0.256620705 0.175894916 0.242805138 0.969211280 0.038061026 -0.015050163 2.844467878 -1.716980577 -9.552920341 0.000000000 0.000000000 -12.000000000 0.084800437 0.990498900
1776612779.794716597 0.589084864 0.256774068 0.175927550 0.242943600 0.969178975 0.038213965 -0.014497492 2.904195309 -1.761866689 -9.659246445 0.000000000 0.000000000 -12.000000000 0.084835596 0.990629613
1776612779.799804926 0.590362966 0.256930351 0.175967127 0.243080825 0.969146371 0.038400900 -0.013870790 2.966670036 -1.808912277 -9.764495850 0.000000000 0.000000000 -12.000000000 0.084869295 0.990759134
1776612779.804577351 0.591700196 0.257088304 0.176018834 0.243219048 0.969112635 0.038621608 -0.013175004 3.032068968 -1.858346105 -9.868606567 0.000000000 0.000000000 -12.000000000 0.084903456 0.990892053
1776612779.809521675 0.593088090 0.257260352 0.176112890 0.243359983 0.969076514 0.038886923 -0.012425934 3.100538254 -1.910378933 -9.971530914 0.000000000 0.000000000 -12.000000000 0.084936179 0.991024792
1776612779.814768791 0.594541609 0.257459074 0.176252455 0.243504167 0.969037235 0.039216250 -0.011604721 3.172178745 -1.965194225 -10.073237419 0.000000000 0.000000000 -12.000000000 0.084969088 0.991161823
1776612779.819545031 0.595947921 0.257648557 0.176376790 0.243646532 0.968997300 0.039538812 -0.010828615 3.247040272 -2.022943258 -10.173709869 0.000000000 0.000000000 -12.000000000 0.085001111 0.991302311
1776612779.824571609 0.597282410 0.257818669 0.176478356 0.243787006 0.968957722 0.039828226 -0.010129175 3.325115442 -2.083743572 -10.272948265 0.000000000 0.000000000 -12.000000000 0.085033230 0.991449237
1776612779.829553127 0.598581374 0.258011967 0.176586807 0.243914962 0.968919456 0.040136151 -0.009471894 3.406336308 -2.147675037 -10.370965958 0.000000000 0.000000000 -12.000000000 0.085065030 0.991603136
1776612779.834579468 0.599891067 0.258237869 0.176691622 0.244024530 0.968883514 0.040486239 -0.008809144 3.490569592 -2.214777946 -10.467791557 0.000000000 0.000000000 -12.000000000 0.085096084 0.991763473
1776612779.839572430 0.601173759 0.258495808 0.176794529 0.244136721 0.968844831 0.040865056 -0.008188052 3.577611685 -2.285048246 -10.563460350 0.000000000 0.000000000 -12.000000000 0.085126325 0.991931558
1776612779.844966173 0.602452099 0.258782536 0.176920712 0.244254753 0.968802571 0.041275643 -0.007582530 3.667186022 -2.358437300 -10.658017159 0.000000000 0.000000000 -12.000000000 0.085155800 0.992108047
1776612779.849786997 0.603626072 0.259079486 0.177023143 0.244374320 0.968759239 0.041670367 -0.007096389 3.758940220 -2.434847832 -10.751512527 0.000000000 0.000000000 -12.000000000 0.085183971 0.992293775
1776612779.855000019 0.604665399 0.259381801 0.177077234 0.244498879 0.968714416 0.042034239 -0.006765245 3.852444887 -2.514134169 -10.843997002 0.000000000 0.000000000 -12.000000000 0.085211322 0.992489934
1776612779.859987736 0.605590105 0.259656578 0.177137256 0.244638756 0.968666494 0.042354695 -0.006570181 3.947196245 -2.596099615 -10.935529709 0.000000000 0.000000000 -12.000000000 0.085236765 0.992694199
1776612779.865154743 0.606404543 0.259908140 0.177188396 0.244795039 0.968615174 0.042632941 -0.006513043 4.042620182 -2.680495262 -11.026171684 0.000000000 0.000000000 -12.000000000 0.085260354 0.992906392
1776612779.870032787 0.607653797 0.260306150 0.177267909 0.245115846 0.968516648 0.042976134 -0.006838578 4.138079166 -2.767016888 -11.115996361 0.000000000 0.000000000 -12.000000000 0.085281193 0.993130684
1776612779.875015259 0.607653797 0.260306150 0.177267909 0.245115846 0.968516648 0.042976134 -0.006838578 4.232875347 -2.855302572 -11.205085754 0.000000000 0.000000000 -12.000000000 0.085300766 0.993355155
1776612779.879930973 0.608146310 0.260500282 0.177344859 0.245285064 0.968465924 0.043100789 -0.007164374 4.326261997 -2.944933414 -11.293536186 0.000000000 0.000000000 -12.000000000 0.085318848 0.993586063
1776612779.884974957 0.608522594 0.260661155 0.177406758 0.245481357 0.968409538 0.043170575 -0.007627485 4.417455673 -3.035440445 -11.381452560 0.000000000 0.000000000 -12.000000000 0.085335433 0.993822396
1776612779.890152693 0.608767450 0.260756671 0.177454054 0.245695472 0.968350947 0.043154322 -0.008241816 4.505652428 -3.126316786 -11.468946457 0.000000000 0.000000000 -12.000000000 0.085349478 0.994060278
1776612779.894992352 0.609173656 0.260872334 0.177582204 0.246151164 0.968225956 0.043081809 -0.009592161 4.590052128 -3.217034101 -11.556130409 0.000000000 0.000000000 -12.000000000 0.085361496 0.994301260
1776612779.900096178 0.609173656 0.260872334 0.177582204 0.246151164 0.968225956 0.043081809 -0.009592161 4.669880390 -3.307060957 -11.643109322 0.000000000 0.000000000 -12.000000000 0.085372247 0.994542360
1776612779.904593945 0.609347999 0.260906398 0.177610070 0.246361792 0.968167841 0.043020111 -0.010301992 4.744410038 -3.395880222 -11.729978561 0.000000000 0.000000000 -12.000000000 0.085381396 0.994783640
1776612779.909606218 0.609643757 0.260957658 0.177670836 0.246572077 0.968107045 0.043038871 -0.010889435 4.812980652 -3.483002663 -11.816810608 0.000000000 0.000000000 -12.000000000 0.085389070 0.995025933
1776612779.914555550 0.610076666 0.260985553 0.177749306 0.246793643 0.968041956 0.043117501 -0.011335635 4.875011921 -3.567978859 -11.903656960 0.000000000 0.000000000 -12.000000000 0.085395917 0.995268881
1776612779.919542074 0.610579789 0.261004806 0.177825212 0.247027308 0.967972457 0.043243643 -0.011698035 4.930021286 -3.650411844 -11.990539551 0.000000000 0.000000000 -12.000000000 0.085401520 0.995511591
1776612779.924551964 0.611090660 0.261036366 0.177875549 0.247247770 0.967905402 0.043390412 -0.012041331 4.977643967 -3.729969025 -12.077445030 0.000000000 0.000000000 -12.000000000 0.085405439 0.995754778
1776612779.929547548 0.611649394 0.261071026 0.177924871 0.247462079 0.967839003 0.043571550 -0.012318267 5.017642021 -3.806390047 -12.164327621 0.000000000 0.000000000 -12.000000000 0.085408054 0.996000051
1776612779.934764862 0.612356365 0.261123866 0.177987278 0.247675136 0.967770636 0.043844108 -0.012439250 5.049916744 -3.879490852 -12.251104355 0.000000000 0.000000000 -12.000000000 0.085409619 0.996247232
1776612779.939963102 0.613199115 0.261215359 0.178057998 0.247860074 0.967706800 0.044217706 -0.012400347 5.074506283 -3.949162006 -12.337664604 0.000000000 0.000000000 -12.000000000 0.085410096 0.996497869
1776612779.944619417 0.614169061 0.261344433 0.178152889 0.248037860 0.967642128 0.044681504 -0.012225575 5.091579437 -4.015366554 -12.423865318 0.000000000 0.000000000 -12.000000000 0.085409388 0.996753097
1776612779.949585438 0.615268469 0.261482149 0.178295583 0.248256326 0.967564642 0.045230713 -0.011900452 5.101428509 -4.078132153 -12.509538651 0.000000000 0.000000000 -12.000000000 0.085408464 0.997014642
1776612779.954525471 0.616443515 0.261626303 0.178429604 0.248493001 0.967480540 0.045833763 -0.011486261 5.104454994 -4.137541294 -12.594492912 0.000000000 0.000000000 -12.000000000 0.085406221 0.997282445
1776612779.959967613 0.617597163 0.261766374 0.178538114 0.248733565 0.967394710 0.046435378 -0.011085220 5.101154804 -4.193720818 -12.678510666 0.000000000 0.000000000 -12.000000000 0.085404322 0.997558832
1776612779.964530468 0.618783653 0.261897743 0.178642422 0.248978674 0.967306435 0.047056269 -0.010659883 5.092101097 -4.246828079 -12.761354446 0.000000000 0.000000000 -12.000000000 0.085402206 0.997844219
1776612779.969959021 0.620002687 0.262016416 0.178733021 0.249218076 0.967218697 0.047689661 -0.010201283 5.077923298 -4.297034264 -12.842765808 0.000000000 0.000000000 -12.000000000 0.085400470 0.998138905
1776612779.974645853 0.621217430 0.262128830 0.178806454 0.249479592 0.967124283 0.048326373 -0.009750403 5.059283733 -4.344510555 -12.922464371 0.000000000 0.000000000 -12.000000000 0.085398160 0.998443007
1776612779.979897976 0.622447252 0.262224436 0.178884029 0.249782354 0.967017949 0.048976470 -0.009294765 5.036855221 -4.389413834 -13.000157356 0.000000000 0.000000000 -12.000000000 0.085396938 0.998757303
1776612779.984548807 0.623655915 0.262316018 0.178978771 0.250088185 0.966909409 0.049633056 -0.008866171 5.011302471 -4.431874752 -13.075537682 0.000000000 0.000000000 -12.000000000 0.085396059 0.999083161
1776612779.989565849 0.624823987 0.262402117 0.179079413 0.250387430 0.966801167 0.050294977 -0.008488368 4.983264446 -4.471990108 -13.148292542 0.000000000 0.000000000 -12.000000000 0.085395232 0.999418616
1776612779.994547129 0.625876844 0.262461215 0.179140478 0.250675172 0.966696501 0.050911952 -0.008237926 4.953340054 -4.509814262 -13.218108177 0.000000000 0.000000000 -12.000000000 0.085394412 0.999761939
1776612779.999858141 0.626868427 0.262507111 0.179180920 0.250986159 0.966585219 0.051515557 -0.008069328 4.922076702 -4.545357227 -13.284671783 0.000000000 0.000000000 -12.000000000 0.085393168 1.000111461
1776612780.005021334 0.627782285 0.262515426 0.179184437 0.251335859 0.966464520 0.052082557 -0.008000656 4.889960766 -4.578581333 -13.347676277 0.000000000 0.000000000 -12.000000000 0.085392229 1.000465870
1776612780.010012865 0.628639519 0.262497067 0.179157406 0.251681119 0.966345191 0.052626055 -0.008003605 4.857413292 -4.609403610 -13.406826019 0.000000000 0.000000000 -12.000000000 0.085390218 1.000824213
1776612780.014622927 0.629433274 0.262448609 0.179128379 0.252025932 0.966225564 0.053158045 -0.008083877 4.824784279 -4.637695789 -13.461844444 0.000000000 0.000000000 -12.000000000 0.085386612 1.001184940
1776612780.019962311 0.630163789 0.262400925 0.179122061 0.252361327 0.966107309 0.053689383 -0.008238990 4.792356014 -4.663286209 -13.512474060 0.000000000 0.000000000 -12.000000000 0.085382052 1.001548529
1776612780.024585485 0.630839109 0.262317896 0.179132760 0.252707779 0.965986311 0.054200858 -0.008455848 4.760342598 -4.685966015 -13.558487892 0.000000000 0.000000000 -12.000000000 0.085376330 1.001913667
1776612780.029907465 0.631424189 0.262217909 0.179142445 0.253021508 0.965874076 0.054683987 -0.008774295 4.728896141 -4.705491543 -13.599694252 0.000000000 0.000000000 -12.000000000 0.085369870 1.002279997
1776612780.034914732 0.631915689 0.262083590 0.179126650 0.253328949 0.965764344 0.055127192 -0.009201259 4.698111534 -4.721592903 -13.635943413 0.000000000 0.000000000 -12.000000000 0.085362479 1.002646446
1776612780.039973497 0.632326543 0.261928469 0.179077029 0.253635049 0.965655446 0.055536073 -0.009724127 4.668032646 -4.733979702 -13.667129517 0.000000000 0.000000000 -12.000000000 0.085354090 1.003011346
1776612780.044554949 0.632668972 0.261758775 0.179027349 0.253920019 0.965551317 0.055934090 -0.010325609 4.638666153 -4.742351055 -13.693201065 0.000000000 0.000000000 -12.000000000 0.085345358 1.003374815
1776612780.049570084 0.632960260 0.261562437 0.178947747 0.254206538 0.965446770 0.056309465 -0.010990025 4.609988689 -4.746401310 -13.714159012 0.000000000 0.000000000 -12.000000000 0.085336059 1.003735065
1776612780.054545879 0.633219361 0.261365145 0.178876489 0.254487604 0.965341806 0.056698106 -0.011686436 4.581960678 -4.745829582 -13.730058670 0.000000000 0.000000000 -12.000000000 0.085326798 1.004092813
1776612780.059520483 0.633501530 0.261168092 0.178837121 0.254781604 0.965230644 0.057125557 -0.012359848 4.554533482 -4.740347862 -13.741011620 0.000000000 0.000000000 -12.000000000 0.085316852 1.004448414
1776612780.064657927 0.633809686 0.260968596 0.178817511 0.255092770 0.965112448 0.057588626 -0.013007311 4.527660847 -4.729688168 -13.747180939 0.000000000 0.000000000 -12.000000000 0.085307144 1.004802465
1776612780.069594145 0.634494483 0.260617226 0.178828627 0.255704790 0.964870155 0.058638372 -0.014216963 4.501308918 -4.713608265 -13.748782158 0.000000000 0.000000000 -12.000000000 0.085297018 1.005155683
1776612780.074584484 0.634494483 0.260617226 0.178828627 0.255704790 0.964870155 0.058638372 -0.014216963 4.475463390 -4.691902637 -13.746075630 0.000000000 0.000000000 -12.000000000 0.085286856 1.005508780
1776612780.079697847 0.635206699 0.260288686 0.178807348 0.256332248 0.964614868 0.059792932 -0.015387640 4.450137138 -4.664404392 -13.739362717 0.000000000 0.000000000 -12.000000000 0.085275292 1.005861163
1776612780.084550858 0.635206699 0.260288686 0.178807348 0.256332248 0.964614868 0.059792932 -0.015387640 4.425371647 -4.630993843 -13.728977203 0.000000000 0.000000000 -12.000000000 0.085263774 1.006213903
1776612780.090281010 0.635563076 0.260116667 0.178774089 0.256650656 0.964483857 0.060387053 -0.015960772 4.401236057 -4.591602325 -13.715276718 0.000000000 0.000000000 -12.000000000 0.085252590 1.006566763
1776612780.094555378 0.635954022 0.259933650 0.178763062 0.256963134 0.964352846 0.061007366 -0.016482372 4.377826214 -4.546213627 -13.698634148 0.000000000 0.000000000 -12.000000000 0.085241273 1.006919384
1776612780.099622726 0.636380911 0.259747386 0.178770155 0.257291466 0.964215934 0.061654706 -0.016954260 4.355260849 -4.494866848 -13.679428101 0.000000000 0.000000000 -12.000000000 0.085229822 1.007272720
1776612780.104514360 0.636843503 0.259547383 0.178789079 0.257618278 0.964078188 0.062324159 -0.017369982 4.333677292 -4.437654495 -13.658037186 0.000000000 0.000000000 -12.000000000 0.085218363 1.007627010
1776612780.109539270 0.637320817 0.259324253 0.178786457 0.257965595 0.963934720 0.062993467 -0.017759865 4.313230515 -4.374722004 -13.634831429 0.000000000 0.000000000 -12.000000000 0.085205898 1.007980824
1776612780.114621878 0.637798250 0.259096175 0.178776979 0.258296132 0.963794768 0.063671239 -0.018130053 4.294085979 -4.306262970 -13.610164642 0.000000000 0.000000000 -12.000000000 0.085193790 1.008335471
1776612780.119610786 0.638290584 0.258858144 0.178742170 0.258636743 0.963651836 0.064349882 -0.018472062 4.276420593 -4.232515335 -13.584374428 0.000000000 0.000000000 -12.000000000 0.085181423 1.008690000
1776612780.124535084 0.638792336 0.258625329 0.178711265 0.258962512 0.963511825 0.065042876 -0.018782053 4.260413170 -4.153756618 -13.557770729 0.000000000 0.000000000 -12.000000000 0.085169390 1.009045720
1776612780.129948139 0.639316857 0.258387834 0.178683609 0.259281993 0.963373303 0.065742344 -0.019045219 4.246241093 -4.070296764 -13.530639648 0.000000000 0.000000000 -12.000000000 0.085157566 1.009403586
1776612780.134650946 0.639869630 0.258135021 0.178661704 0.259593248 0.963236749 0.066449292 -0.019255470 4.234074593 -3.982473373 -13.503238678 0.000000000 0.000000000 -12.000000000 0.085145600 1.009762883
1776612780.139953852 0.640429974 0.257877707 0.178649604 0.259910136 0.963097870 0.067166589 -0.019438807 4.224072933 -3.890643358 -13.475792885 0.000000000 0.000000000 -12.000000000 0.085134186 1.010124683
1776612780.144613981 0.640964866 0.257596701 0.178612679 0.260220438 0.962961137 0.067864165 -0.019637935 4.216380119 -3.795177460 -13.448500633 0.000000000 0.000000000 -12.000000000 0.085123040 1.010488033
1776612780.150033474 0.641493440 0.257297426 0.178567648 0.260537148 0.962821960 0.068560988 -0.019839874 4.211122990 -3.696452379 -13.421524048 0.000000000 0.000000000 -12.000000000 0.085111998 1.010852218
1776612780.154549360 0.642014384 0.256965995 0.178516090 0.260857046 0.962682962 0.069236785 -0.020035332 4.208402157 -3.594844580 -13.395002365 0.000000000 0.000000000 -12.000000000 0.085101210 1.011216879
1776612780.159583330 0.642511904 0.256614596 0.178444088 0.261185437 0.962541819 0.069895886 -0.020249290 4.208291054 -3.490725040 -13.369045258 0.000000000 0.000000000 -12.000000000 0.085091889 1.011582136
1776612780.164954901 0.642959714 0.256250203 0.178359926 0.261507273 0.962402225 0.070537083 -0.020505738 4.210828304 -3.384454727 -13.343739510 0.000000000 0.000000000 -12.000000000 0.085082658 1.011947870
1776612780.169600964 0.643380165 0.255883962 0.178280890 0.261819124 0.962264180 0.071180299 -0.020777669 4.216019630 -3.276381254 -13.319151878 0.000000000 0.000000000 -12.000000000 0.085071616 1.012311935
1776612780.174775600 0.643785000 0.255516201 0.178204060 0.262134850 0.962123692 0.071831837 -0.021060796 4.223834038 -3.166835785 -13.295332909 0.000000000 0.000000000 -12.000000000 0.085061006 1.012676120
1776612780.179619789 0.644156754 0.255149692 0.178121567 0.262441456 0.961984336 0.072484657 -0.021369236 4.234208584 -3.056132793 -13.272322655 0.000000000 0.000000000 -12.000000000 0.085050166 1.013040662
1776612780.184511662 0.644454956 0.254815429 0.178035557 0.262733936 0.961845636 0.073148824 -0.021750322 4.247048378 -2.944566488 -13.250153542 0.000000000 0.000000000 -12.000000000 0.085039169 1.013405085
1776612780.189599991 0.644726992 0.254513144 0.177961081 0.262999624 0.961711287 0.073838644 -0.022146679 4.262228966 -2.832410336 -13.228857994 0.000000000 0.000000000 -12.000000000 0.085027695 1.013770103
1776612780.195005178 0.645010412 0.254220128 0.177902639 0.263267964 0.961574018 0.074552551 -0.022522530 4.279597759 -2.719916344 -13.208464622 0.000000000 0.000000000 -12.000000000 0.085015520 1.014135361
1776612780.199602365 0.645242453 0.253944635 0.177839071 0.263527185 0.961437225 0.075270161 -0.022942087 4.298975468 -2.607314825 -13.189009666 0.000000000 0.000000000 -12.000000000 0.085003562 1.014500976
1776612780.204926968 0.645448327 0.253689677 0.177781850 0.263771504 0.961301446 0.076010741 -0.023377821 4.320164204 -2.494816542 -13.170528412 0.000000000 0.000000000 -12.000000000 0.084991477 1.014867306
1776612780.209592581 0.645647705 0.253431797 0.177726299 0.264038354 0.961157501 0.076764442 -0.023815367 4.342948437 -2.382612467 -13.153063774 0.000000000 0.000000000 -12.000000000 0.084979251 1.015233874
1776612780.214566469 0.645841539 0.253177375 0.177673399 0.264317691 0.961007714 0.077537492 -0.024255034 4.367104053 -2.270876646 -13.136659622 0.000000000 0.000000000 -12.000000000 0.084966697 1.015600324
1776612780.219541311 0.646030009 0.252919495 0.177630216 0.264595300 0.960857570 0.078311622 -0.024684580 4.392398834 -2.159764767 -13.121365547 0.000000000 0.000000000 -12.000000000 0.084953964 1.015966773
1776612780.224596500 0.646186829 0.252665490 0.177586615 0.264878303 0.960705400 0.079075329 -0.025134619 4.418602467 -2.049414635 -13.107231140 0.000000000 0.000000000 -12.000000000 0.084941193 1.016332746
1776612780.229678631 0.646333098 0.252412319 0.177553177 0.265149623 0.960555971 0.079834431 -0.025580611 4.445485592 -1.939945459 -13.094312668 0.000000000 0.000000000 -12.000000000 0.084928192 1.016699076
1776612780.234659195 0.646470547 0.252165586 0.177534163 0.265417963 0.960406125 0.080598973 -0.026023813 4.472827435 -1.831456304 -13.082663536 0.000000000 0.000000000 -12.000000000 0.084914967 1.017065644
1776612780.239601612 0.646611810 0.251893789 0.177520484 0.265700519 0.960253656 0.081343509 -0.026446525 4.500418663 -1.724024892 -13.072338104 0.000000000 0.000000000 -12.000000000 0.084900424 1.017431378
1776612780.245394707 0.646759927 0.251627445 0.177516401 0.265989065 0.960098445 0.082096152 -0.026851982 4.528061867 -1.617707253 -13.063383102 0.000000000 0.000000000 -12.000000000 0.084885634 1.017797351
1776612780.249577284 0.646905363 0.251366794 0.177514017 0.266263902 0.959947228 0.082840830 -0.027243404 4.555578232 -1.512537956 -13.055836678 0.000000000 0.000000000 -12.000000000 0.084869668 1.018163800
1776612780.254725456 0.647062063 0.251116514 0.177516997 0.266528606 0.959798276 0.083590992 -0.027610730 4.582806110 -1.408531070 -13.049721718 0.000000000 0.000000000 -12.000000000 0.084853411 1.018531322
1776612780.259827375 0.647225082 0.250853330 0.177519619 0.266791523 0.959650993 0.084324092 -0.027958393 4.609602451 -1.305683613 -13.045039177 0.000000000 0.000000000 -12.000000000 0.084837101 1.018899918
1776612780.264798164 0.647429764 0.250543356 0.177525818 0.267060310 0.959505796 0.085028373 -0.028240880 4.635844707 -1.203978539 -13.041766167 0.000000000 0.000000000 -12.000000000 0.084820472 1.019269109
1776612780.269583464 0.647637069 0.250204682 0.177516639 0.267325848 0.959363520 0.085708685 -0.028504489 4.661433220 -1.103389025 -13.039845467 0.000000000 0.000000000 -12.000000000 0.084804565 1.019637942
1776612780.274581194 0.647882879 0.249834746 0.177504152 0.267584980 0.959226072 0.086371444 -0.028698064 4.686290264 -1.003879070 -13.039184570 0.000000000 0.000000000 -12.000000000 0.084788546 1.020005465
1776612780.279592037 0.648163438 0.249426872 0.177480161 0.267851055 0.959089994 0.087012686 -0.028827302 4.710361481 -0.905406356 -13.039652824 0.000000000 0.000000000 -12.000000000 0.084771618 1.020372391
1776612780.285192490 0.648450196 0.248994946 0.177435696 0.268102497 0.958961070 0.087626345 -0.028920451 4.733615875 -0.807923257 -13.041081429 0.000000000 0.000000000 -12.000000000 0.084755145 1.020737529
1776612780.290133476 0.648751497 0.248541087 0.177378327 0.268335223 0.958840847 0.088210724 -0.028970439 4.756043911 -0.711377978 -13.043259621 0.000000000 0.000000000 -12.000000000 0.084739178 1.021102071
1776612780.294966936 0.649024367 0.248068631 0.177301466 0.268553555 0.958727837 0.088753790 -0.029028205 4.777651787 -0.615714610 -13.045948982 0.000000000 0.000000000 -12.000000000 0.084723383 1.021466732
1776612780.300073862 0.649266899 0.247560114 0.177209556 0.268752754 0.958624780 0.089241050 -0.029094629 4.798458576 -0.520871460 -13.048876762 0.000000000 0.000000000 -12.000000000 0.084707819 1.021828890
1776612780.304990768 0.649520397 0.247006416 0.177115887 0.268948108 0.958527565 0.089685224 -0.029127322 4.818486691 -0.426777869 -13.051753998 0.000000000 0.000000000 -12.000000000 0.084692478 1.022189379
1776612780.310011625 0.649716616 0.246414974 0.176995486 0.269109368 0.958445549 0.090054654 -0.029195908 4.837759495 -0.333350003 -13.054273605 0.000000000 0.000000000 -12.000000000 0.084676154 1.022546530
1776612780.315040588 0.649835229 0.245788634 0.176844567 0.269252449 0.958374143 0.090342917 -0.029330768 4.856293678 -0.240486220 -13.056121826 0.000000000 0.000000000 -12.000000000 0.084661208 1.022898316
1776612780.320130110 0.649912715 0.245135114 0.176688135 0.269370407 0.958313704 0.090579167 -0.029494094 4.874094486 -0.148063913 -13.056981087 0.000000000 0.000000000 -12.000000000 0.084644563 1.023247600
1776612780.325064659 0.649922490 0.244403958 0.176501215 0.269475639 0.958265185 0.090708427 -0.029710246 4.891147137 -0.055936895 -13.056541443 0.000000000 0.000000000 -12.000000000 0.084626704 1.023593068
1776612780.330018044 0.649830759 0.242747381 0.176105380 0.269701362 0.958183408 0.090733111 -0.030220712 4.907416344 0.036066692 -13.054503441 0.000000000 0.000000000 -12.000000000 0.084607176 1.023927331
1776612780.335174084 0.649695098 0.241861373 0.175892621 0.269791156 0.958156943 0.090636879 -0.030545320 4.922840118 0.128146306 -13.050590515 0.000000000 0.000000000 -12.000000000 0.084586993 1.024256229
1776612780.340104103 0.649563730 0.240951583 0.175693750 0.269860446 0.958140910 0.090500422 -0.030839026 4.937332153 0.220529810 -13.044551849 0.000000000 0.000000000 -12.000000000 0.084565997 1.024577498
1776612780.344921112 0.649481893 0.240022674 0.175530374 0.269923359 0.958130419 0.090350620 -0.031051666 4.950783253 0.313471556 -13.036170006 0.000000000 0.000000000 -12.000000000 0.084543690 1.024895906
1776612780.349961042 0.649481893 0.240022674 0.175530374 0.269923359 0.958130419 0.090350620 -0.031051666 4.963069439 0.407245070 -13.025261879 0.000000000 0.000000000 -12.000000000 0.084521376 1.025213718
1776612780.355016947 0.649433315 0.239053518 0.175362915 0.269981146 0.958127320 0.090160422 -0.031197663 4.974060535 0.502131045 -13.011688232 0.000000000 0.000000000 -12.000000000 0.084500030 1.025526524
1776612780.360044718 0.649401963 0.238078266 0.175187171 0.270031750 0.958129644 0.089949645 -0.031296726 4.983628750 0.598402619 -12.995349884 0.000000000 0.000000000 -12.000000000 0.084479228 1.025835633
1776612780.364636183 0.649375558 0.237079099 0.175000936 0.270080805 0.958136439 0.089704849 -0.031367816 4.991662979 0.696311176 -12.976195335 0.000000000 0.000000000 -12.000000000 0.084456861 1.026143670
1776612780.370141268 0.649414122 0.236075193 0.174827427 0.270148247 0.958139718 0.089472547 -0.031350911 4.998072147 0.796075702 -12.954216957 0.000000000 0.000000000 -12.000000000 0.084434576 1.026450515
1776612780.374540091 0.649492681 0.235082448 0.174665123 0.270205408 0.958147049 0.089249268 -0.031271309 5.002795219 0.897875965 -12.929449081 0.000000000 0.000000000 -12.000000000 0.084412254 1.026756883
1776612780.379592180 0.649574637 0.234078944 0.174511164 0.270270735 0.958155036 0.089001603 -0.031166267 5.005799294 1.001847982 -12.901968956 0.000000000 0.000000000 -12.000000000 0.084390499 1.027063727
1776612780.384546518 0.649664879 0.233055070 0.174368113 0.270325124 0.958169103 0.088731997 -0.031031515 5.007079124 1.108080864 -12.871887207 0.000000000 0.000000000 -12.000000000 0.084367998 1.027370930
1776612780.389575481 0.649844468 0.232045114 0.174265742 0.270411134 0.958173633 0.088506192 -0.030785890 5.006658077 1.216612220 -12.839344978 0.000000000 0.000000000 -12.000000000 0.084347248 1.027680039
1776612780.394786835 0.650073528 0.231056631 0.174186587 0.270513177 0.958171725 0.088321336 -0.030477868 5.004585743 1.327424169 -12.804508209 0.000000000 0.000000000 -12.000000000 0.084326819 1.027991652
1776612780.399564028 0.650305927 0.230060533 0.174101651 0.270645320 0.958161592 0.088136770 -0.030155690 5.000937462 1.440438747 -12.767558098 0.000000000 0.000000000 -12.000000000 0.084307089 1.028304577
1776612780.404603720 0.650540948 0.229097754 0.174007565 0.270813406 0.958138108 0.087985955 -0.029832518 4.995814323 1.555515766 -12.728686333 0.000000000 0.000000000 -12.000000000 0.084288195 1.028619885
1776612780.409628391 0.650835633 0.228149310 0.173908532 0.270999402 0.958107591 0.087877475 -0.029440792 4.989336967 1.672452569 -12.688087463 0.000000000 0.000000000 -12.000000000 0.084271051 1.028938174
1776612780.414638996 0.651099980 0.227210850 0.173783273 0.271230847 0.958061635 0.087779969 -0.029093571 4.981642246 1.790985703 -12.645951271 0.000000000 0.000000000 -12.000000000 0.084255882 1.029257536
1776612780.419628859 0.651347160 0.226309896 0.173662364 0.271492660 0.958002985 0.087716177 -0.028773472 4.972872257 1.910798550 -12.602463722 0.000000000 0.000000000 -12.000000000 0.084240951 1.029581189
1776612780.424610376 0.651617467 0.225379109 0.173554033 0.271758378 0.957944036 0.087653376 -0.028415926 4.963168144 2.031530857 -12.557794571 0.000000000 0.000000000 -12.000000000 0.084226139 1.029908895
1776612780.430042982 0.651872218 0.224416733 0.173454702 0.272028357 0.957885861 0.087565385 -0.028063474 4.952663422 2.152791023 -12.512104034 0.000000000 0.000000000 -12.000000000 0.084212422 1.030238867
1776612780.434616327 0.652125955 0.222451493 0.173172981 0.272484243 0.957800448 0.087225653 -0.027610986 4.941476822 2.274170876 -12.465529442 0.000000000 0.000000000 -12.000000000 0.084199399 1.030572653
1776612780.440435886 0.652125955 0.222451493 0.173172981 0.272484243 0.957800448 0.087225653 -0.027610986 4.929709435 2.395259380 -12.418190956 0.000000000 0.000000000 -12.000000000 0.084186897 1.030905843
1776612780.444615364 0.652155399 0.221441612 0.173002958 0.272658736 0.957778096 0.086969689 -0.027470827 4.917436123 2.515657663 -12.370185852 0.000000000 0.000000000 -12.000000000 0.084174015 1.031240702
1776612780.449580431 0.652141809 0.220427766 0.172849625 0.272807866 0.957763791 0.086692102 -0.027366079 4.904699326 2.634988546 -12.321591377 0.000000000 0.000000000 -12.000000000 0.084160589 1.031577229
1776612780.455008745 0.652046323 0.219389528 0.172680944 0.272914082 0.957765996 0.086343579 -0.027331488 4.891503811 2.752899885 -12.272465706 0.000000000 0.000000000 -12.000000000 0.084148623 1.031912565
1776612780.459738016 0.651865125 0.218356818 0.172493398 0.273003817 0.957773030 0.085962117 -0.027390560 4.877816200 2.869068623 -12.222849846 0.000000000 0.000000000 -12.000000000 0.084137410 1.032246470
1776612780.464984894 0.651644945 0.217322081 0.172313958 0.273074776 0.957785249 0.085568383 -0.027488410 4.863562584 2.983204126 -12.172767639 0.000000000 0.000000000 -12.000000000 0.084126763 1.032578945
1776612780.469608307 0.651439428 0.216292068 0.172166884 0.273156464 0.957793474 0.085190885 -0.027563961 4.848633766 3.095046997 -12.122230530 0.000000000 0.000000000 -12.000000000 0.084115982 1.032911181
1776612780.475000620 0.651212633 0.215312958 0.172034264 0.273246646 0.957793355 0.084866472 -0.027673155 4.832890034 3.204369068 -12.071239471 0.000000000 0.000000000 -12.000000000 0.084106006 1.033242822
1776612780.479571342 0.650960565 0.214319646 0.171872169 0.273374945 0.957782507 0.084527962 -0.027817940 4.816169262 3.310968161 -12.019790649 0.000000000 0.000000000 -12.000000000 0.084096394 1.033573747
1776612780.485073566 0.650692105 0.213327572 0.171701461 0.273532480 0.957761347 0.084201731 -0.027987147 4.798292160 3.414663792 -11.967877388 0.000000000 0.000000000 -12.000000000 0.084088720 1.033903003
1776612780.489557028 0.650425255 0.212388799 0.171549052 0.273696095 0.957733870 0.083926022 -0.028155606 4.779068947 3.515295029 -11.915498734 0.000000000 0.000000000 -12.000000000 0.084081478 1.034232259
1776612780.495028019 0.650179029 0.211466968 0.171416879 0.273898870 0.957693160 0.083679311 -0.028302610 4.758304596 3.612717867 -11.862654686 0.000000000 0.000000000 -12.000000000 0.084076963 1.034560680
1776612780.499566555 0.649909616 0.210568428 0.171278387 0.274093777 0.957653224 0.083438866 -0.028475039 4.735805035 3.706805706 -11.809355736 0.000000000 0.000000000 -12.000000000 0.084075943 1.034887671
1776612780.504595518 0.649653912 0.209702030 0.171170712 0.274310112 0.957603574 0.083243661 -0.028632475 4.711384296 3.797450066 -11.755619049 0.000000000 0.000000000 -12.000000000 0.084077835 1.035214901
1776612780.509585857 0.649377763 0.208845600 0.171059281 0.274529189 0.957553446 0.083039761 -0.028801879 4.684867859 3.884560823 -11.701469421 0.000000000 0.000000000 -12.000000000 0.084082618 1.035541534
1776612780.515021324 0.649111390 0.207974151 0.170940489 0.274747103 0.957504213 0.082832515 -0.028955795 4.656100273 3.968066454 -11.646940231 0.000000000 0.000000000 -12.000000000 0.084090337 1.035867095
1776612780.519636154 0.648809910 0.207090691 0.170815676 0.274967372 0.957456648 0.082588986 -0.029133156 4.624943733 4.047914982 -11.592069626 0.000000000 0.000000000 -12.000000000 0.084099449 1.036193132
1776612780.525059938 0.648388028 0.206180096 0.170650154 0.275180817 0.957413673 0.082269616 -0.029432014 4.591283321 4.124077797 -11.536897659 0.000000000 0.000000000 -12.000000000 0.084114686 1.036512733
1776612780.529563427 0.647954881 0.205251634 0.170487702 0.275350392 0.957386732 0.081910692 -0.029722186 4.555025578 4.196553707 -11.481472969 0.000000000 0.000000000 -12.000000000 0.084133536 1.036830544
1776612780.535063982 0.647539318 0.204285875 0.170363218 0.275505573 0.957367837 0.081517585 -0.029973881 4.516097069 4.265374660 -11.425847054 0.000000000 0.000000000 -12.000000000 0.084154427 1.037147403
1776612780.539676189 0.647056758 0.203285187 0.170232654 0.275637060 0.957359672 0.081056342 -0.030274693 4.474442005 4.330605984 -11.370079041 0.000000000 0.000000000 -12.000000000 0.084177017 1.037461281
1776612780.545146227 0.646494389 0.202263638 0.170085102 0.275730550 0.957365811 0.080525614 -0.030643703 4.430019855 4.392348766 -11.314232826 0.000000000 0.000000000 -12.000000000 0.084199853 1.037774801
1776612780.550170183 0.645171583 0.200164884 0.169798017 0.275885344 0.957393765 0.079291306 -0.031581193 4.382800579 4.450736523 -11.258373260 0.000000000 0.000000000 -12.000000000 0.084224179 1.038081884
1776612780.555066109 0.644419014 0.199105948 0.169638336 0.275940746 0.957415223 0.078611307 -0.032141261 4.332759380 4.505934715 -11.202569008 0.000000000 0.000000000 -12.000000000 0.084250040 1.038386583
1776612780.559668779 0.644419014 0.199105948 0.169638336 0.275940746 0.957415223 0.078611307 -0.032141261 4.279876232 4.558134556 -11.146889687 0.000000000 0.000000000 -12.000000000 0.084276535 1.038690686
1776612780.564692736 0.643591344 0.198050916 0.169482827 0.276005894 0.957432926 0.077896796 -0.032786936 4.224130630 4.607549667 -11.091408730 0.000000000 0.000000000 -12.000000000 0.084304005 1.038991809
1776612780.569596052 0.642703712 0.197000042 0.169321358 0.276082158 0.957445860 0.077158749 -0.033504371 4.165502071 4.654408932 -11.036202431 0.000000000 0.000000000 -12.000000000 0.084331073 1.039292574
1776612780.574667692 0.641734898 0.195973724 0.169158697 0.276182622 0.957447648 0.076414183 -0.034322198 4.103970528 4.698951721 -10.981353760 0.000000000 0.000000000 -12.000000000 0.084357157 1.039594173
1776612780.579598904 0.640706778 0.194957703 0.168994397 0.276322871 0.957435131 0.075654469 -0.035214704 4.039513111 4.741421223 -10.926948547 0.000000000 0.000000000 -12.000000000 0.084381759 1.039897084
1776612780.584770918 0.639630258 0.193940818 0.168827295 0.276501417 0.957408845 0.074880689 -0.036168769 3.972105026 4.782053947 -10.873082161 0.000000000 0.000000000 -12.000000000 0.084401257 1.040203571
1776612780.589610815 0.638495445 0.192967162 0.168663740 0.276700079 0.957370996 0.074123465 -0.037195966 3.901721478 4.821072102 -10.819851875 0.000000000 0.000000000 -12.000000000 0.084419049 1.040509105
1776612780.594661713 0.637308121 0.192022741 0.168510139 0.276914060 0.957323492 0.073376544 -0.038290802 3.828341246 4.858673573 -10.767363548 0.000000000 0.000000000 -12.000000000 0.084431350 1.040818572
1776612780.599860430 0.636111557 0.191123083 0.168370575 0.277133971 0.957269311 0.072659642 -0.039406218 3.751953363 4.895028591 -10.715724945 0.000000000 0.000000000 -12.000000000 0.084440239 1.041129351
1776612780.604609013 0.634897530 0.190276772 0.168254375 0.277353048 0.957209885 0.071978703 -0.040540513 3.672560215 4.930272102 -10.665050507 0.000000000 0.000000000 -12.000000000 0.084442124 1.041441560
1776612780.609747171 0.633678317 0.189470738 0.168147355 0.277571052 0.957145512 0.071334593 -0.041691698 3.590182781 4.964502811 -10.615457535 0.000000000 0.000000000 -12.000000000 0.084441185 1.041754961
1776612780.614704370 0.631378531 0.188051507 0.168080062 0.277912974 0.957029343 0.070275262 -0.043825153 3.504860401 4.997781277 -10.567061424 0.000000000 0.000000000 -12.000000000 0.084436618 1.042069912
1776612780.620432138 0.631378531 0.188051507 0.168080062 0.277912974 0.957029343 0.070275262 -0.043825153 3.416655540 5.030122280 -10.519976616 0.000000000 0.000000000 -12.000000000 0.084432788 1.042384386
1776612780.624718189 0.630428195 0.187419012 0.168099999 0.278075963 0.956969142 0.069921136 -0.044663277 3.325660229 5.061489105 -10.474308014 0.000000000 0.000000000 -12.000000000 0.084425718 1.042701364
1776612780.629843473 0.629675865 0.186927617 0.168166101 0.278248489 0.956899822 0.069783911 -0.045284756 3.232010603 5.091775894 -10.430147171 0.000000000 0.000000000 -12.000000000 0.084418006 1.043021560
1776612780.634747267 0.629044592 0.186476097 0.168189645 0.278474540 0.956813276 0.069755860 -0.045765016 3.135903120 5.120787144 -10.387559891 0.000000000 0.000000000 -12.000000000 0.084409676 1.043345809
1776612780.639599800 0.628509164 0.186048925 0.168160290 0.278756022 0.956709802 0.069809884 -0.046130363 3.037607908 5.148232460 -10.346583366 0.000000000 0.000000000 -12.000000000 0.084401555 1.043673515
1776612780.645091772 0.628120065 0.185732171 0.168130398 0.279033333 0.956604064 0.070019871 -0.046327863 2.937471390 5.173729897 -10.307219505 0.000000000 0.000000000 -12.000000000 0.084393606 1.044004440
1776612780.649588346 0.627909422 0.185511827 0.168129206 0.279331118 0.956488252 0.070410773 -0.046331853 2.835910559 5.196819305 -10.269425392 0.000000000 0.000000000 -12.000000000 0.084385842 1.044338703
1776612780.655030251 0.627859533 0.185380295 0.168171346 0.279665649 0.956358194 0.070961013 -0.046158683 2.733401060 5.216983318 -10.233119011 0.000000000 0.000000000 -12.000000000 0.084378824 1.044676423
1776612780.659576178 0.627926230 0.185313895 0.168262959 0.280018419 0.956221581 0.071618117 -0.045835104 2.630464554 5.233664036 -10.198173523 0.000000000 0.000000000 -12.000000000 0.084372550 1.045017004
1776612780.665067196 0.628043532 0.185279131 0.168365777 0.280390054 0.956077218 0.072338969 -0.045440305 2.527659655 5.246280670 -10.164421082 0.000000000 0.000000000 -12.000000000 0.084367573 1.045359850
1776612780.669584751 0.628203094 0.185296848 0.168492109 0.280748725 0.955933809 0.073128015 -0.044977289 2.425570488 5.254245281 -10.131650925 0.000000000 0.000000000 -12.000000000 0.084363341 1.045704007
1776612780.674820662 0.628367960 0.185364768 0.168628603 0.281078339 0.955795586 0.073961258 -0.044490986 2.324795723 5.256982803 -10.099612236 0.000000000 0.000000000 -12.000000000 0.084360182 1.046047926
1776612780.679792643 0.628481388 0.185419858 0.168752164 0.281421810 0.955651641 0.074775591 -0.044048928 2.225933075 5.253944874 -10.068017960 0.000000000 0.000000000 -12.000000000 0.084357783 1.046390891
1776612780.684606075 0.628535569 0.185477898 0.168848097 0.281788230 0.955498993 0.075570412 -0.043659147 2.129563093 5.244629860 -10.036540031 0.000000000 0.000000000 -12.000000000 0.084356315 1.046731353
1776612780.689576387 0.628525257 0.185528904 0.168926924 0.282150239 0.955347538 0.076327883 -0.043316737 2.036231756 5.228596687 -10.004820824 0.000000000 0.000000000 -12.000000000 0.084355652 1.047068596
1776612780.694581985 0.628464282 0.185562238 0.168988675 0.282504141 0.955198944 0.077048071 -0.043011118 1.946436524 5.205477238 -9.972472191 0.000000000 0.000000000 -12.000000000 0.084355831 1.047402263
1776612780.699927092 0.628304422 0.185607180 0.169028312 0.282820821 0.955059946 0.077730000 -0.042789325 1.860614777 5.174984932 -9.939086914 0.000000000 0.000000000 -12.000000000 0.084356777 1.047731042
1776612780.704625845 0.628085732 0.185671017 0.169072837 0.283085138 0.954935789 0.078389049 -0.042609856 1.779135823 5.136923790 -9.904243469 0.000000000 0.000000000 -12.000000000 0.084358200 1.048054218
1776612780.710106850 0.627837896 0.185727924 0.169120222 0.283327848 0.954819202 0.079020694 -0.042442646 1.702293396 5.091192722 -9.867512703 0.000000000 0.000000000 -12.000000000 0.084361032 1.048372030
1776612780.715101719 0.627568066 0.185789272 0.169174343 0.283571571 0.954703033 0.079634398 -0.042280354 1.630300522 5.037786484 -9.828465462 0.000000000 0.000000000 -12.000000000 0.084364951 1.048684239
1776612780.719915867 0.626890123 0.185938776 0.169251502 0.284006417 0.954486966 0.080794178 -0.042039290 1.563287020 4.976799488 -9.786677361 0.000000000 0.000000000 -12.000000000 0.084369585 1.048983932
1776612780.725082159 0.626890123 0.185938776 0.169251502 0.284006417 0.954486966 0.080794178 -0.042039290 1.501301646 4.908417702 -9.741741180 0.000000000 0.000000000 -12.000000000 0.084375449 1.049283147
1776612780.729613066 0.626447558 0.186011821 0.169258982 0.284190029 0.954389453 0.081318997 -0.041999917 1.444318175 4.832913876 -9.693265915 0.000000000 0.000000000 -12.000000000 0.084383935 1.049575210
1776612780.735114336 0.625960171 0.186092556 0.169248760 0.284361064 0.954296172 0.081818625 -0.041992489 1.392243624 4.750642300 -9.640887260 0.000000000 0.000000000 -12.000000000 0.084393509 1.049859762
1776612780.740149498 0.625415146 0.186170489 0.169216275 0.284544408 0.954200387 0.082280695 -0.042023845 1.344926834 4.662026405 -9.584270477 0.000000000 0.000000000 -12.000000000 0.084404394 1.050136328
1776612780.745071173 0.624427676 0.186380178 0.169254780 0.284985781 0.953987479 0.083266400 -0.041924283 1.302165866 4.567554474 -9.523113251 0.000000000 0.000000000 -12.000000000 0.084416524 1.050400138
1776612780.750159025 0.624427676 0.186380178 0.169254780 0.284985781 0.953987479 0.083266400 -0.041924283 1.263714194 4.467770576 -9.457153320 0.000000000 0.000000000 -12.000000000 0.084430292 1.050663590
1776612780.755094290 0.623990774 0.186514676 0.169308394 0.285212517 0.953880906 0.083785832 -0.041773006 1.229286909 4.363264561 -9.386166573 0.000000000 0.000000000 -12.000000000 0.084445789 1.050921082
1776612780.760098696 0.623521507 0.186651617 0.169349462 0.285440028 0.953776240 0.084274888 -0.041625042 1.198569298 4.254664421 -9.309971809 0.000000000 0.000000000 -12.000000000 0.084463514 1.051171899
1776612780.765063524 0.623024166 0.186809242 0.169373214 0.285658687 0.953674734 0.084749222 -0.041487709 1.171227217 4.142621040 -9.228426933 0.000000000 0.000000000 -12.000000000 0.084483601 1.051415443
1776612780.770132065 0.622502625 0.186964244 0.169374347 0.285881817 0.953573525 0.085198939 -0.041355085 1.146916986 4.027799129 -9.141432762 0.000000000 0.000000000 -12.000000000 0.084505588 1.051651478
1776612780.775151253 0.621984959 0.187124267 0.169348508 0.286107808 0.953472912 0.085639559 -0.041202124 1.125292540 3.910865068 -9.048930168 0.000000000 0.000000000 -12.000000000 0.084531046 1.051880121
1776612780.780106306 0.621170938 0.187471271 0.169404775 0.286530375 0.953285396 0.086598285 -0.040595520 1.106012225 3.792480230 -8.950901031 0.000000000 0.000000000 -12.000000000 0.084559120 1.052098393
1776612780.785135031 0.621170938 0.187471271 0.169404775 0.286530375 0.953285396 0.086598285 -0.040595520 1.088743091 3.673291922 -8.847373009 0.000000000 0.000000000 -12.000000000 0.084589384 1.052316189
1776612780.790019989 0.620398402 0.187832206 0.169464827 0.286908120 0.953116894 0.087547533 -0.039841812 1.073166013 3.553925514 -8.738420486 0.000000000 0.000000000 -12.000000000 0.084623896 1.052522659
1776612780.794571161 0.620398402 0.187832206 0.169464827 0.286908120 0.953116894 0.087547533 -0.039841812 1.058978081 3.434977293 -8.624156952 0.000000000 0.000000000 -12.000000000 0.084660731 1.052728415
1776612780.799666882 0.620004714 0.188017562 0.169495195 0.287074476 0.953041673 0.088003144 -0.039437555 1.045896053 3.317006826 -8.504736900 0.000000000 0.000000000 -12.000000000 0.084700346 1.052928090
1776612780.805154800 0.619610310 0.188217551 0.169510007 0.287216872 0.952974737 0.088449262 -0.039017599 1.033659101 3.200534105 -8.380352974 0.000000000 0.000000000 -12.000000000 0.084743224 1.053121924
1776612780.810308933 0.619017184 0.188650519 0.169573873 0.287467897 0.952854097 0.089403547 -0.037924293 1.022029757 3.086036444 -8.251236916 0.000000000 0.000000000 -12.000000000 0.084789194 1.053305626
1776612780.814983606 0.619017184 0.188650519 0.169573873 0.287467897 0.952854097 0.089403547 -0.037924293 1.010793447 2.973951340 -8.117657661 0.000000000 0.000000000 -12.000000000 0.084837757 1.053488851
1776612780.819632530 0.618749797 0.188868433 0.169594079 0.287581533 0.952799022 0.089878991 -0.037318621 0.999759078 2.864675522 -7.979920864 0.000000000 0.000000000 -12.000000000 0.084888965 1.053667545
1776612780.824613571 0.618407428 0.189083353 0.169586897 0.287682027 0.952748537 0.090315484 -0.036775228 0.988760710 2.758563519 -7.838362694 0.000000000 0.000000000 -12.000000000 0.084942408 1.053840637
1776612780.829623938 0.618021667 0.189303517 0.169569969 0.287763685 0.952704728 0.090725541 -0.036257979 0.977658749 2.655924559 -7.693351269 0.000000000 0.000000000 -12.000000000 0.084999576 1.054007530
1776612780.834622383 0.617624640 0.189529970 0.169536293 0.287828863 0.952666819 0.091120020 -0.035743587 0.966340899 2.557021379 -7.545280933 0.000000000 0.000000000 -12.000000000 0.085060403 1.054168344
1776612780.839577675 0.617288828 0.189786106 0.169533163 0.287875682 0.952633798 0.091546729 -0.035151638 0.954718590 2.462072372 -7.394571304 0.000000000 0.000000000 -12.000000000 0.085124478 1.054323196
1776612780.844685316 0.617010891 0.190070644 0.169548392 0.287909031 0.952603996 0.092003539 -0.034487154 0.942722023 2.371257782 -7.241668224 0.000000000 0.000000000 -12.000000000 0.085192338 1.054472446
1776612780.849594593 0.616716087 0.190365225 0.169556350 0.287943035 0.952573836 0.092455506 -0.033821147 0.930296481 2.284723043 -7.087039471 0.000000000 0.000000000 -12.000000000 0.085262999 1.054615974
1776612780.854590178 0.616361022 0.190648645 0.169547915 0.287983119 0.952543676 0.092864208 -0.033204295 0.917401075 2.202579975 -6.931170464 0.000000000 0.000000000 -12.000000000 0.085337006 1.054753065
1776612780.859616041 0.615935266 0.190920442 0.169511914 0.288033843 0.952513039 0.093218416 -0.032645490 0.904009104 2.124909878 -6.774560452 0.000000000 0.000000000 -12.000000000 0.085414201 1.054883480
1776612780.864618063 0.615505278 0.191191286 0.169456542 0.288094908 0.952480972 0.093549855 -0.032089639 0.890108287 2.051765203 -6.617722034 0.000000000 0.000000000 -12.000000000 0.085494824 1.055006862
1776612780.869583845 0.615166247 0.191469997 0.169437110 0.288166225 0.952445686 0.093911633 -0.031433467 0.875699162 1.983174920 -6.461174011 0.000000000 0.000000000 -12.000000000 0.085578598 1.055125594
1776612780.875356913 0.614889503 0.191738665 0.169411838 0.288246989 0.952407420 0.094290398 -0.030709514 0.860792220 1.919152617 -6.305446148 0.000000000 0.000000000 -12.000000000 0.085665107 1.055240393
1776612780.879605532 0.614580810 0.191987246 0.169351280 0.288314492 0.952375591 0.094633818 -0.029999577 0.845406830 1.859697700 -6.151072979 0.000000000 0.000000000 -12.000000000 0.085754536 1.055350780
1776612780.885065556 0.614205956 0.192211226 0.169271052 0.288365573 0.952352405 0.094916426 -0.029344689 0.829572916 1.804794788 -5.998592377 0.000000000 0.000000000 -12.000000000 0.085846655 1.055456042
1776612780.889636993 0.613767266 0.192420676 0.169165641 0.288413227 0.952332616 0.095151097 -0.028752476 0.813331544 1.754411578 -5.848544121 0.000000000 0.000000000 -12.000000000 0.085941575 1.055555940
1776612780.895227194 0.613349557 0.192624882 0.169072390 0.288459152 0.952315092 0.095371582 -0.028133785 0.796734393 1.708497047 -5.701464653 0.000000000 0.000000000 -12.000000000 0.086039416 1.055651426
1776612780.899756670 0.613042176 0.192830279 0.169041783 0.288519114 0.952292383 0.095632315 -0.027393496 0.779839754 1.666985750 -5.557889462 0.000000000 0.000000000 -12.000000000 0.086140104 1.055744052
1776612780.905152559 0.612767756 0.193022117 0.169017226 0.288603157 0.952262580 0.095896371 -0.026609987 0.762707055 1.629802585 -5.418346882 0.000000000 0.000000000 -12.000000000 0.086243197 1.055834293
1776612780.909629822 0.612445712 0.193186909 0.168964177 0.288691252 0.952234030 0.096119203 -0.025861837 0.745393395 1.596866727 -5.283359528 0.000000000 0.000000000 -12.000000000 0.086348608 1.055921674
1776612780.914623022 0.612058699 0.193306163 0.168884963 0.288757443 0.952216923 0.096272774 -0.025171580 0.727952778 1.568093181 -5.153437614 0.000000000 0.000000000 -12.000000000 0.086456724 1.056005716
1776612780.919683695 0.611629725 0.193379715 0.168782234 0.288813770 0.952207506 0.096364602 -0.024522498 0.710435927 1.543394566 -5.029078484 0.000000000 0.000000000 -12.000000000 0.086567461 1.056087255
1776612780.925043344 0.611250699 0.193427771 0.168693662 0.288870633 0.952200294 0.096441612 -0.023820279 0.692890227 1.522685885 -4.910764694 0.000000000 0.000000000 -12.000000000 0.086680360 1.056168199
1776612780.929627180 0.610953808 0.193469226 0.168638766 0.288919538 0.952195168 0.096540220 -0.023018796 0.675359190 1.505889177 -4.798961639 0.000000000 0.000000000 -12.000000000 0.086795159 1.056249142
1776612780.935093880 0.610660732 0.193489254 0.168578357 0.288942367 0.952200055 0.096615553 -0.022199521 0.657881737 1.492936850 -4.694119930 0.000000000 0.000000000 -12.000000000 0.086912163 1.056329727
1776612780.940084457 0.610305786 0.193475530 0.168498695 0.288909912 0.952226639 0.096626148 -0.021422608 0.640492678 1.483772278 -4.596670151 0.000000000 0.000000000 -12.000000000 0.087030955 1.056410074
1776612780.945120335 0.609917581 0.193451598 0.168412268 0.288842469 0.952265918 0.096603706 -0.020673564 0.623223364 1.478348136 -4.507022858 0.000000000 0.000000000 -12.000000000 0.087151475 1.056490064
1776612780.950226784 0.609509587 0.193412781 0.168336421 0.288753867 0.952314079 0.096546501 -0.019945795 0.606099665 1.476626515 -4.425566196 0.000000000 0.000000000 -12.000000000 0.087273657 1.056569934
1776612780.955069065 0.609180808 0.193381295 0.168313086 0.288656741 0.952362895 0.096518040 -0.019143168 0.589137971 1.478581667 -4.352662563 0.000000000 0.000000000 -12.000000000 0.087397285 1.056650162
1776612780.960436344 0.608865380 0.193337977 0.168290287 0.288543731 0.952417254 0.096479394 -0.018319054 0.572341442 1.484202743 -4.288650990 0.000000000 0.000000000 -12.000000000 0.087522298 1.056731582
1776612780.965120316 0.608503580 0.193268806 0.168239474 0.288417786 0.952478766 0.096393801 -0.017539931 0.555696905 1.493495703 -4.233838081 0.000000000 0.000000000 -12.000000000 0.087648384 1.056814075
1776612780.970100641 0.607598484 0.193097293 0.168098658 0.288102180 0.952628791 0.096091636 -0.016184034 0.539173841 1.506481528 -4.188496590 0.000000000 0.000000000 -12.000000000 0.087776065 1.056897998
1776612780.975161552 0.607598484 0.193097293 0.168098658 0.288102180 0.952628791 0.096091636 -0.016184034 0.522725284 1.523195505 -4.152859688 0.000000000 0.000000000 -12.000000000 0.087904319 1.056981683
1776612780.979611874 0.607063413 0.192985877 0.168011725 0.287929177 0.952712655 0.095872469 -0.015614183 0.506288111 1.543684602 -4.127119064 0.000000000 0.000000000 -12.000000000 0.088033102 1.057067275
1776612780.985093832 0.606548309 0.192880422 0.167967886 0.287761539 0.952794492 0.095652841 -0.015047692 0.489783347 1.568006635 -4.111423016 0.000000000 0.000000000 -12.000000000 0.088162340 1.057155371
1776612780.989610434 0.606021285 0.192777812 0.167946666 0.287585020 0.952879429 0.095422238 -0.014501590 0.473115414 1.596230030 -4.105874538 0.000000000 0.000000000 -12.000000000 0.088291705 1.057245731
1776612780.995136976 0.605336308 0.192670867 0.167893022 0.287386268 0.952975988 0.095109656 -0.014143866 0.456171274 1.628432512 -4.110527992 0.000000000 0.000000000 -12.000000000 0.088420972 1.057338119
1776612780.999612093 0.604521573 0.192546740 0.167844206 0.287174553 0.953081310 0.094724245 -0.013934078 0.438819230 1.664698720 -4.125385761 0.000000000 0.000000000 -12.000000000 0.088550113 1.057432294
1776612781.005080938 0.603642523 0.192414343 0.167815506 0.286959946 0.953190386 0.094292976 -0.013816513 0.420907676 1.705117464 -4.150397301 0.000000000 0.000000000 -12.000000000 0.088678807 1.057530165
1776612781.009567976 0.602643192 0.192288935 0.167777896 0.286746085 0.953302562 0.093802780 -0.013852658 0.402264893 1.749778390 -4.185457230 0.000000000 0.000000000 -12.000000000 0.088806763 1.057632208
1776612781.015105724 0.601567626 0.192180306 0.167745054 0.286532789 0.953416288 0.093275823 -0.013999253 0.382699519 1.798768401 -4.230402946 0.000000000 0.000000000 -12.000000000 0.088933840 1.057739019
1776612781.020120621 0.600471616 0.192078009 0.167735726 0.286322296 0.953529954 0.092729241 -0.014193956 0.362001359 1.852166414 -4.285014629 0.000000000 0.000000000 -12.000000000 0.089059927 1.057851911
1776612781.025044918 0.599285007 0.191956595 0.167708576 0.286138505 0.953638315 0.092131615 -0.014508461 0.339943439 1.910037279 -4.349016666 0.000000000 0.000000000 -12.000000000 0.089184746 1.057972312
1776612781.030122995 0.598028660 0.191820443 0.167654246 0.285987824 0.953738034 0.091500089 -0.014915885 0.316286653 1.972421288 -4.422077656 0.000000000 0.000000000 -12.000000000 0.089308113 1.058101535
1776612781.035073519 0.596698046 0.191674262 0.167587608 0.285840094 0.953838944 0.090824559 -0.015412938 0.290787607 2.039324284 -4.503811359 0.000000000 0.000000000 -12.000000000 0.089429960 1.058241487
1776612781.039612532 0.593922138 0.191423416 0.167409778 0.285569638 0.954032481 0.089429989 -0.016562756 0.263207585 2.110710144 -4.593778133 0.000000000 0.000000000 -12.000000000 0.089549951 1.058405042
1776612781.044772387 0.593922138 0.191423416 0.167409778 0.285569638 0.954032481 0.089429989 -0.016562756 0.233322039 2.186495304 -4.691488743 0.000000000 0.000000000 -12.000000000 0.089668192 1.058568597
1776612781.049759150 0.592542052 0.191312790 0.167304039 0.285449862 0.954121709 0.088747188 -0.017148254 0.200929657 2.266546965 -4.796407223 0.000000000 0.000000000 -12.000000000 0.089784190 1.058744907
1776612781.054570198 0.591200709 0.191235691 0.167228758 0.285332263 0.954207480 0.088092335 -0.017700560 0.165860057 2.350679398 -4.907958984 0.000000000 0.000000000 -12.000000000 0.089897677 1.058933020
1776612781.060073376 0.589890003 0.191195995 0.167165816 0.285187125 0.954298615 0.087468013 -0.018216675 0.127979830 2.438654423 -5.025534630 0.000000000 0.000000000 -12.000000000 0.090008557 1.059132218
1776612781.065096378 0.588585794 0.191142946 0.167102128 0.285047024 0.954387784 0.086843461 -0.018718140 0.087196819 2.530180454 -5.148498058 0.000000000 0.000000000 -12.000000000 0.090116367 1.059342980
1776612781.070094347 0.587292433 0.191090882 0.167037815 0.284900367 0.954478621 0.086217225 -0.019207360 0.043464087 2.624913692 -5.276190281 0.000000000 0.000000000 -12.000000000 0.090221174 1.059565663
1776612781.074569464 0.586002469 0.191042855 0.166960239 0.284730375 0.954576731 0.085582286 -0.019685224 -0.003216545 2.722457170 -5.407934189 0.000000000 0.000000000 -12.000000000 0.090322636 1.059800148
1776612781.079567432 0.584755659 0.190982223 0.166868120 0.284580797 0.954668403 0.084953450 -0.020122401 -0.052791707 2.822365761 -5.543041229 0.000000000 0.000000000 -12.000000000 0.090420850 1.060047388
1776612781.084571123 0.583572805 0.190944731 0.166775465 0.284423888 0.954758883 0.084371828 -0.020492215 -0.105155215 2.924149752 -5.680816174 0.000000000 0.000000000 -12.000000000 0.090516061 1.060306787
1776612781.089578867 0.582465827 0.190969840 0.166720331 0.284249038 0.954849184 0.083865449 -0.020786304 -0.160149008 3.027279377 -5.820562363 0.000000000 0.000000000 -12.000000000 0.090608642 1.060576558
1776612781.095088959 0.581465542 0.191029295 0.166711837 0.284118474 0.954921067 0.083441846 -0.020973798 -0.217566386 3.131187916 -5.961588860 0.000000000 0.000000000 -12.000000000 0.090698436 1.060855269
1776612781.099633694 0.580553710 0.191132605 0.166724980 0.283994973 0.954985976 0.083095141 -0.021068605 -0.277156889 3.235273123 -6.103214264 0.000000000 0.000000000 -12.000000000 0.090785854 1.061142087
1776612781.105099678 0.579719424 0.191309348 0.166758657 0.283886850 0.955039382 0.082845166 -0.021087736 -0.338631630 3.338898182 -6.244772434 0.000000000 0.000000000 -12.000000000 0.090870723 1.061435103
1776612781.109634399 0.578988791 0.191552430 0.166813850 0.283835530 0.955068827 0.082700737 -0.021012561 -0.401667118 3.441391468 -6.385616302 0.000000000 0.000000000 -12.000000000 0.090953223 1.061732531
1776612781.115219116 0.578321695 0.191865861 0.166861355 0.283792317 0.955089152 0.082647286 -0.020881087 -0.465908647 3.542049408 -6.525119781 0.000000000 0.000000000 -12.000000000 0.091032490 1.062032223
1776612781.119561911 0.577736497 0.192237347 0.166913956 0.283787429 0.955091774 0.082686387 -0.020672690 -0.530975044 3.640141726 -6.662681580 0.000000000 0.000000000 -12.000000000 0.091109343 1.062333941
1776612781.125542879 0.577200592 0.192651704 0.166969478 0.283816397 0.955079854 0.082787089 -0.020420415 -0.596466362 3.734918833 -6.797724247 0.000000000 0.000000000 -12.000000000 0.091183513 1.062636614
1776612781.129840851 0.576686740 0.193090335 0.167043716 0.283849567 0.955064058 0.082922123 -0.020149127 -0.661973655 3.825623751 -6.929697037 0.000000000 0.000000000 -12.000000000 0.091254190 1.062939405
1776612781.135026217 0.576261461 0.193550318 0.167146862 0.283890545 0.955043495 0.083105281 -0.019787990 -0.727090418 3.911505938 -7.058077812 0.000000000 0.000000000 -12.000000000 0.091322437 1.063242435
1776612781.139568329 0.575886369 0.194054395 0.167284787 0.283909470 0.955025792 0.083340161 -0.019378481 -0.791423619 3.991838217 -7.182374954 0.000000000 0.000000000 -12.000000000 0.091387324 1.063543320
1776612781.144907951 0.575479984 0.194580346 0.167416990 0.283915997 0.955010831 0.083573952 -0.019011946 -0.854603231 4.065929413 -7.302129745 0.000000000 0.000000000 -12.000000000 0.091449998 1.063843131
1776612781.150029182 0.575011969 0.195131987 0.167525500 0.283885688 0.955007553 0.083782345 -0.018708857 -0.916289151 4.133141518 -7.416915417 0.000000000 0.000000000 -12.000000000 0.091510586 1.064142585
1776612781.155116320 0.574448526 0.195719197 0.167623132 0.283829451 0.955011249 0.083972119 -0.018519944 -0.976176739 4.192898273 -7.526340008 0.000000000 0.000000000 -12.000000000 0.091569014 1.064442754
1776612781.160081625 0.573814631 0.196350664 0.167705119 0.283736885 0.955024421 0.084157594 -0.018417802 -1.034002781 4.244698048 -7.630043507 0.000000000 0.000000000 -12.000000000 0.091625527 1.064744353
1776612781.164973021 0.573126674 0.196995854 0.167781889 0.283630967 0.955040753 0.084334053 -0.018395193 -1.089552283 4.288120270 -7.727698326 0.000000000 0.000000000 -12.000000000 0.091681018 1.065048933
1776612781.169629097 0.572395384 0.197650090 0.167874187 0.283511847 0.955061078 0.084497206 -0.018429589 -1.142661095 4.322829723 -7.819009304 0.000000000 0.000000000 -12.000000000 0.091737002 1.065357447
1776612781.174566507 0.571635723 0.198323995 0.167966783 0.283388674 0.955081105 0.084665522 -0.018513063 -1.193215728 4.348581791 -7.903710842 0.000000000 0.000000000 -12.000000000 0.091791712 1.065670609
1776612781.179649115 0.570825279 0.199024782 0.168062657 0.283286035 0.955092669 0.084841534 -0.018678419 -1.241148710 4.365221024 -7.981569290 0.000000000 0.000000000 -12.000000000 0.091846757 1.065989971
1776612781.184612751 0.570002377 0.199776545 0.168172747 0.283187300 0.955099046 0.085053220 -0.018886663 -1.286433101 4.372679234 -8.052380562 0.000000000 0.000000000 -12.000000000 0.091900781 1.066314816
1776612781.189696789 0.569240391 0.200549006 0.168308169 0.283111393 0.955094814 0.085316665 -0.019049015 -1.329074979 4.370968342 -8.115968704 0.000000000 0.000000000 -12.000000000 0.091956615 1.066647530
1776612781.194601536 0.568588316 0.201335520 0.168465674 0.283067495 0.955079138 0.085626341 -0.019098757 -1.369104028 4.360171795 -8.172187805 0.000000000 0.000000000 -12.000000000 0.092013240 1.066985130
1776612781.199590206 0.567941904 0.202129692 0.168616831 0.283013880 0.955066621 0.085934475 -0.019135844 -1.406561613 4.340433121 -8.220915794 0.000000000 0.000000000 -12.000000000 0.092070438 1.067328572
1776612781.204699516 0.567368269 0.202944636 0.168752789 0.282963514 0.955052972 0.086262271 -0.019086746 -1.441485047 4.311944008 -8.262052536 0.000000000 0.000000000 -12.000000000 0.092127331 1.067675829
1776612781.209592819 0.566876829 0.203783467 0.168873608 0.282906860 0.955040574 0.086616874 -0.018939067 -1.473891497 4.274930477 -8.295514107 0.000000000 0.000000000 -12.000000000 0.092184439 1.068026662
1776612781.214676380 0.566492140 0.204620004 0.168984443 0.282810241 0.955042541 0.086971305 -0.018656874 -1.503763795 4.229649067 -8.321234703 0.000000000 0.000000000 -12.000000000 0.092242181 1.068378568
1776612781.220418692 0.566236019 0.205449000 0.169098765 0.282698452 0.955051243 0.087333098 -0.018211924 -1.531040072 4.176379204 -8.339164734 0.000000000 0.000000000 -12.000000000 0.092300221 1.068729758
1776612781.224619627 0.565993369 0.207083285 0.169320375 0.282417595 0.955089688 0.088067390 -0.016975226 -1.555611491 4.115425110 -8.349267960 0.000000000 0.000000000 -12.000000000 0.092360437 1.069078565
1776612781.229598284 0.565993369 0.207083285 0.169320375 0.282417595 0.955089688 0.088067390 -0.016975226 -1.577325583 4.047112942 -8.351526260 0.000000000 0.000000000 -12.000000000 0.092420712 1.069427729
1776612781.234551191 0.566022217 0.207885355 0.169457346 0.282243103 0.955121160 0.088435128 -0.016176272 -1.595994353 3.971787214 -8.345936775 0.000000000 0.000000000 -12.000000000 0.092480965 1.069773793
1776612781.239563704 0.566303611 0.209459856 0.169774503 0.281852990 0.955201149 0.089133821 -0.014312233 -1.611402273 3.889811993 -8.332513809 0.000000000 0.000000000 -12.000000000 0.092542611 1.070109606
1776612781.244615793 0.566303611 0.209459856 0.169774503 0.281852990 0.955201149 0.089133821 -0.014312233 -1.623313904 3.801572561 -8.311291695 0.000000000 0.000000000 -12.000000000 0.092604674 1.070445895
1776612781.250038624 0.566455126 0.210268199 0.169934154 0.281603247 0.955259681 0.089443438 -0.013359026 -1.631482124 3.707479477 -8.282327652 0.000000000 0.000000000 -12.000000000 0.092667423 1.070778131
1776612781.255045176 0.566610456 0.211069822 0.170078516 0.281344235 0.955323339 0.089715511 -0.012405128 -1.635657549 3.607969761 -8.245696068 0.000000000 0.000000000 -12.000000000 0.092730850 1.071105003
1776612781.260059357 0.566779196 0.211838990 0.170223296 0.281079531 0.955392540 0.089936435 -0.011437896 -1.635599613 3.503508806 -8.201498032 0.000000000 0.000000000 -12.000000000 0.092795126 1.071427822
1776612781.265044451 0.566966712 0.212583378 0.170362890 0.280797958 0.955470562 0.090105884 -0.010458735 -1.631086111 3.394591093 -8.149851799 0.000000000 0.000000000 -12.000000000 0.092860714 1.071746349
1776612781.269984484 0.567168534 0.213319838 0.170508802 0.280510634 0.955552220 0.090243623 -0.009474384 -1.621922612 3.281741619 -8.090903282 0.000000000 0.000000000 -12.000000000 0.092927098 1.072059751
1776612781.275014877 0.567348599 0.214048013 0.170640647 0.280221403 0.955637276 0.090336092 -0.008530481 -1.607949376 3.165516615 -8.024819374 0.000000000 0.000000000 -12.000000000 0.092994332 1.072368860
1776612781.279666185 0.567504883 0.214746445 0.170763552 0.279934496 0.955726326 0.090364620 -0.007624783 -1.589047074 3.046501637 -7.951795101 0.000000000 0.000000000 -12.000000000 0.093061671 1.072673321
1776612781.284798861 0.567666113 0.215415448 0.170899004 0.279672116 0.955810905 0.090352632 -0.006736772 -1.565140367 2.925308704 -7.872046947 0.000000000 0.000000000 -12.000000000 0.093129553 1.072976708
1776612781.289977074 0.567797422 0.216050014 0.171030432 0.279431462 0.955893278 0.090284787 -0.005896227 -1.536199808 2.802570581 -7.785815716 0.000000000 0.000000000 -12.000000000 0.093198955 1.073278785
1776612781.294559479 0.567902088 0.216670111 0.171173781 0.279192299 0.955978453 0.090171449 -0.005091208 -1.502243280 2.678932428 -7.693365097 0.000000000 0.000000000 -12.000000000 0.093268327 1.073578000
1776612781.300084114 0.567998648 0.217292815 0.171310931 0.278972805 0.956058860 0.090038866 -0.004317462 -1.463335037 2.555044651 -7.594978809 0.000000000 0.000000000 -12.000000000 0.093337603 1.073873878
1776612781.304970741 0.568084836 0.217906892 0.171419621 0.278765142 0.956138492 0.089868762 -0.003580745 -1.419583678 2.431555748 -7.490961075 0.000000000 0.000000000 -12.000000000 0.093408868 1.074169636
1776612781.309727907 0.568131566 0.218510970 0.171506017 0.278578937 0.956215203 0.089653678 -0.002906979 -1.371139526 2.309104681 -7.381633282 0.000000000 0.000000000 -12.000000000 0.093482122 1.074465394
1776612781.314972878 0.568158567 0.219110221 0.171593964 0.278406292 0.956290245 0.089407444 -0.002270998 -1.318192124 2.188314438 -7.267333031 0.000000000 0.000000000 -12.000000000 0.093557350 1.074761510
1776612781.320081711 0.568214655 0.219712302 0.171701103 0.278249592 0.956360161 0.089161143 -0.001624993 -1.260965347 2.069785118 -7.148414135 0.000000000 0.000000000 -12.000000000 0.093633607 1.075057507
1776612781.324922800 0.568294466 0.220335126 0.171828061 0.278122991 0.956418455 0.088940240 -0.000991427 -1.199714065 1.954088211 -7.025242805 0.000000000 0.000000000 -12.000000000 0.093710937 1.075351954
1776612781.330371380 0.568368793 0.220958427 0.171950579 0.278028399 0.956466854 0.088719562 -0.000397758 -1.134719014 1.841759920 -6.898200512 0.000000000 0.000000000 -12.000000000 0.093790822 1.075646758
1776612781.334920406 0.568550467 0.222139567 0.172145158 0.277967572 0.956526518 0.088263974 0.000719805 -1.066283822 1.733293772 -6.767675877 0.000000000 0.000000000 -12.000000000 0.093873002 1.075944304
1776612781.340125799 0.568550467 0.222139567 0.172145158 0.277967572 0.956526518 0.088263974 0.000719805 -0.994731665 1.629135966 -6.634064674 0.000000000 0.000000000 -12.000000000 0.093957610 1.076242447
1776612781.344974518 0.568653524 0.222770363 0.172242463 0.277981848 0.956538320 0.088085316 0.001227212 -0.920400441 1.529682994 -6.497768879 0.000000000 0.000000000 -12.000000000 0.094044417 1.076541543
1776612781.349998236 0.568728864 0.223460615 0.172326773 0.278015375 0.956540167 0.087952510 0.001663248 -0.843641758 1.435278535 -6.359192371 0.000000000 0.000000000 -12.000000000 0.094133541 1.076843500
1776612781.354998350 0.568829060 0.224178910 0.172424048 0.278068483 0.956532001 0.087863863 0.002080956 -0.764820874 1.346210718 -6.218739986 0.000000000 0.000000000 -12.000000000 0.094225414 1.077148199
1776612781.359731913 0.568927824 0.224906996 0.172535181 0.278144509 0.956515014 0.087799102 0.002450658 -0.684317946 1.262710571 -6.076816559 0.000000000 0.000000000 -12.000000000 0.094320081 1.077454925
1776612781.365045786 0.569010019 0.225658059 0.172645897 0.278226018 0.956494153 0.087758809 0.002758860 -0.602528811 1.184952736 -5.933825016 0.000000000 0.000000000 -12.000000000 0.094417408 1.077765107
1776612781.369864702 0.569057226 0.226441473 0.172755480 0.278303504 0.956472874 0.087737389 0.002986876 -0.519863129 1.113057971 -5.790162086 0.000000000 0.000000000 -12.000000000 0.094517395 1.078079224
1776612781.374996662 0.569046557 0.227253273 0.172850788 0.278364450 0.956456363 0.087720282 0.003104546 -0.436741471 1.047097921 -5.646218300 0.000000000 0.000000000 -12.000000000 0.094619751 1.078396440
1776612781.380187750 0.569003701 0.228066429 0.172927976 0.278409988 0.956445515 0.087692499 0.003146131 -0.353592902 0.987100840 -5.502377033 0.000000000 0.000000000 -12.000000000 0.094724625 1.078717113
1776612781.384786367 0.568939209 0.228858188 0.172990918 0.278439134 0.956441641 0.087642737 0.003131463 -0.270853609 0.933058083 -5.359013081 0.000000000 0.000000000 -12.000000000 0.094832018 1.079041839
1776612781.389493465 0.568813086 0.229621038 0.173030287 0.278446227 0.956449151 0.087542139 0.003022216 -0.188964322 0.884930670 -5.216492176 0.000000000 0.000000000 -12.000000000 0.094941840 1.079372168
1776612781.394534349 0.568652868 0.230367556 0.173064977 0.278428704 0.956466913 0.087409258 0.002846525 -0.108366512 0.842654526 -5.075172901 0.000000000 0.000000000 -12.000000000 0.095053852 1.079707503
1776612781.399633408 0.568465650 0.231115818 0.173096091 0.278386503 0.956493199 0.087263457 0.002613323 -0.029497793 0.806146801 -4.935403824 0.000000000 0.000000000 -12.000000000 0.095168464 1.080048800
1776612781.406882763 0.568230212 0.231870174 0.173117459 0.278305173 0.956533372 0.087091297 0.002303413 0.047212888 0.775310755 -4.797523499 0.000000000 0.000000000 -12.000000000 0.095285751 1.080397487
1776612781.409530878 0.567970157 0.232595801 0.173144519 0.278215796 0.956579268 0.086880937 0.001937566 0.121350370 0.750038743 -4.661862373 0.000000000 0.000000000 -12.000000000 0.095405370 1.080752850
1776612781.414866686 0.567699611 0.233292192 0.173156291 0.278123528 0.956628680 0.086640202 0.001529516 0.192518309 0.730212390 -4.528738976 0.000000000 0.000000000 -12.000000000 0.095527425 1.081114292
1776612781.419700384 0.567423880 0.233977586 0.173150003 0.278033197 0.956678808 0.086383320 0.001085158 0.260344058 0.715701759 -4.398460865 0.000000000 0.000000000 -12.000000000 0.095651969 1.081482410
1776612781.424672127 0.567148149 0.234623849 0.173140079 0.277966499 0.956724286 0.086098328 0.000612079 0.324484438 0.706362963 -4.271322250 0.000000000 0.000000000 -12.000000000 0.095778652 1.081857562
1776612781.429585695 0.566897452 0.235247180 0.173133314 0.277915418 0.956765592 0.085805774 0.000138422 0.384632617 0.702035666 -4.147604942 0.000000000 0.000000000 -12.000000000 0.095907450 1.082237363
1776612781.434596062 0.566676140 0.235844463 0.173136801 0.277885318 0.956801474 0.085501865 -0.000328961 0.440525174 0.702541173 -4.027577400 0.000000000 0.000000000 -12.000000000 0.096038252 1.082622051
1776612781.439909697 0.566530347 0.236412883 0.173161924 0.277871609 0.956831992 0.085202113 -0.000736874 0.491948366 0.707682610 -3.911496878 0.000000000 0.000000000 -12.000000000 0.096171036 1.083008766
1776612781.444975376 0.566447139 0.236960441 0.173193038 0.277853757 0.956863880 0.084897898 -0.001089364 0.538742542 0.717245996 -3.799607277 0.000000000 0.000000000 -12.000000000 0.096305490 1.083396912
1776612781.449702263 0.566362977 0.237486750 0.173219323 0.277823120 0.956902444 0.084557310 -0.001453825 0.580804706 0.731000841 -3.692139626 0.000000000 0.000000000 -12.000000000 0.096441835 1.083787203
1776612781.454522610 0.566314995 0.237991944 0.173221380 0.277782708 0.956945539 0.084195219 -0.001781381 0.618089080 0.748699248 -3.589310169 0.000000000 0.000000000 -12.000000000 0.096579865 1.084179521
1776612781.459566355 0.566299975 0.238454759 0.173213691 0.277734011 0.956994474 0.083791852 -0.002079670 0.650607169 0.770074487 -3.491321325 0.000000000 0.000000000 -12.000000000 0.096719563 1.084572673
1776612781.464593172 0.566352069 0.238875017 0.173199534 0.277687490 0.957044482 0.083367884 -0.002311792 0.678426087 0.794839203 -3.398361444 0.000000000 0.000000000 -12.000000000 0.096860699 1.084964633
1776612781.469642162 0.566455722 0.239273369 0.173188806 0.277626693 0.957099557 0.082931586 -0.002491497 0.701667666 0.822684884 -3.310606718 0.000000000 0.000000000 -12.000000000 0.097003400 1.085355282
1776612781.474586487 0.566592455 0.239628881 0.173168361 0.277594209 0.957147777 0.082478054 -0.002647366 0.720506132 0.853281319 -3.228222370 0.000000000 0.000000000 -12.000000000 0.097147532 1.085744977
1776612781.479763508 0.566772938 0.239945740 0.173154980 0.277557433 0.957198799 0.082004085 -0.002769238 0.735163450 0.886277676 -3.151363373 0.000000000 0.000000000 -12.000000000 0.097293191 1.086133003
1776612781.484726429 0.566986203 0.240226358 0.173136234 0.277542114 0.957245052 0.081511207 -0.002867195 0.745902479 0.921303928 -3.080176353 0.000000000 0.000000000 -12.000000000 0.097440481 1.086519837
1776612781.489801168 0.567277968 0.240475819 0.173141420 0.277526855 0.957291663 0.081013091 -0.002900814 0.753020465 0.957973778 -3.014801979 0.000000000 0.000000000 -12.000000000 0.097588807 1.086903214
1776612781.494538546 0.567607760 0.240713924 0.173164815 0.277499557 0.957342029 0.080509998 -0.002898550 0.756843686 0.995888948 -2.955376863 0.000000000 0.000000000 -12.000000000 0.097737946 1.087282062
1776612781.499591112 0.567913234 0.240929544 0.173171729 0.277463138 0.957398176 0.079964973 -0.002932040 0.757721066 1.034643173 -2.902034998 0.000000000 0.000000000 -12.000000000 0.097888142 1.087657332
1776612781.504585743 0.568162799 0.241105348 0.173150241 0.277408004 0.957464695 0.079353727 -0.003021593 0.756018221 1.073826313 -2.854907513 0.000000000 0.000000000 -12.000000000 0.098039150 1.088029742
1776612781.509907722 0.568390548 0.241258144 0.173114151 0.277346194 0.957536221 0.078699209 -0.003148127 0.752110064 1.113029838 -2.814123869 0.000000000 0.000000000 -12.000000000 0.098190859 1.088400483
1776612781.514979124 0.568586648 0.241393909 0.173069149 0.277268231 0.957614779 0.078007765 -0.003320202 0.746374190 1.151852846 -2.779809952 0.000000000 0.000000000 -12.000000000 0.098343283 1.088769555
1776612781.519532204 0.568744183 0.241520330 0.173012704 0.277183443 0.957697511 0.077280261 -0.003550452 0.739184260 1.189906597 -2.752091169 0.000000000 0.000000000 -12.000000000 0.098495938 1.089136720
1776612781.524886370 0.568889737 0.241602108 0.172976226 0.277112424 0.957778573 0.076513954 -0.003804742 0.730905354 1.226817012 -2.731090784 0.000000000 0.000000000 -12.000000000 0.098648891 1.089502215
1776612781.529566526 0.569022775 0.241658241 0.172945708 0.277041703 0.957861066 0.075719312 -0.004087509 0.721890211 1.262227058 -2.716932297 0.000000000 0.000000000 -12.000000000 0.098802030 1.089866042
1776612781.535000563 0.569164336 0.241704240 0.172941536 0.276981205 0.957939625 0.074925929 -0.004381708 0.712477267 1.295799851 -2.709738493 0.000000000 0.000000000 -12.000000000 0.098955236 1.090227962
1776612781.539885521 0.569448352 0.241788507 0.172940999 0.276904613 0.958081245 0.073340252 -0.005038901 0.702988982 1.327221870 -2.709629774 0.000000000 0.000000000 -12.000000000 0.099108398 1.090585589
1776612781.544973612 0.569448352 0.241788507 0.172940999 0.276904613 0.958081245 0.073340252 -0.005038901 0.693730175 1.356205821 -2.716721058 0.000000000 0.000000000 -12.000000000 0.099261403 1.090943217
1776612781.549539089 0.569556296 0.241828188 0.172847301 0.276885211 0.958208859 0.071658731 -0.005946178 0.684987128 1.382492781 -2.731118441 0.000000000 0.000000000 -12.000000000 0.099414125 1.091300011
1776612781.555106878 0.569556296 0.241828188 0.172847301 0.276885211 0.958208859 0.071658731 -0.005946178 0.677028179 1.405852199 -2.752917051 0.000000000 0.000000000 -12.000000000 0.099566452 1.091656804
1776612781.559566021 0.569617510 0.241866589 0.172744691 0.276912540 0.958318889 0.069970340 -0.006965005 0.670103669 1.426082492 -2.782197475 0.000000000 0.000000000 -12.000000000 0.099718273 1.092013478
1776612781.564951420 0.569617510 0.241866589 0.172744691 0.276912540 0.958318889 0.069970340 -0.006965005 0.664445937 1.443012118 -2.819023371 0.000000000 0.000000000 -12.000000000 0.099869460 1.092370152
1776612781.569879055 0.569821775 0.241972238 0.172742665 0.276964068 0.958408594 0.068419836 -0.007908409 0.660268068 1.456501961 -2.863437891 0.000000000 0.000000000 -12.000000000 0.100019887 1.092723489
1776612781.574716568 0.569821775 0.241972238 0.172742665 0.276964068 0.958408594 0.068419836 -0.007908409 0.657762170 1.466446638 -2.915462255 0.000000000 0.000000000 -12.000000000 0.100169435 1.093077421
1776612781.579636097 0.569987714 0.242032811 0.172759056 0.277010560 0.958442509 0.067701288 -0.008342175 0.657100499 1.472774506 -2.975095034 0.000000000 0.000000000 -12.000000000 0.100317858 1.093428969
1776612781.584951878 0.570097923 0.242081925 0.172744751 0.277062029 0.958475709 0.066953123 -0.008846723 0.658438802 1.475443602 -3.042310715 0.000000000 0.000000000 -12.000000000 0.100465164 1.093779206
1776612781.589536905 0.570209384 0.242115617 0.172735512 0.277116209 0.958506823 0.066208862 -0.009362259 0.661919773 1.474438190 -3.117057800 0.000000000 0.000000000 -12.000000000 0.100611232 1.094128370
1776612781.594662905 0.570322156 0.242139637 0.172722161 0.277175754 0.958535850 0.065458767 -0.009890161 0.667676210 1.469765186 -3.199259520 0.000000000 0.000000000 -12.000000000 0.100755945 1.094476342
1776612781.599598408 0.570428848 0.242159784 0.172709644 0.277217031 0.958568990 0.064709224 -0.010435260 0.675833285 1.461452007 -3.288811445 0.000000000 0.000000000 -12.000000000 0.100899272 1.094823241
1776612781.604971647 0.570560098 0.242215782 0.172714502 0.277248442 0.958601654 0.063997395 -0.010975965 0.686509550 1.449545264 -3.385583878 0.000000000 0.000000000 -12.000000000 0.101041019 1.095168591
1776612781.609615803 0.570745826 0.242297053 0.172752768 0.277255416 0.958638132 0.063331306 -0.011469692 0.699816048 1.434111714 -3.489420891 0.000000000 0.000000000 -12.000000000 0.101181082 1.095512152
1776612781.614805460 0.570939302 0.242364407 0.172773451 0.277248740 0.958677649 0.062666498 -0.011965874 0.715853274 1.415239215 -3.600142479 0.000000000 0.000000000 -12.000000000 0.101319462 1.095853806
1776612781.619619370 0.571063340 0.242398679 0.172757626 0.277245790 0.958717823 0.061949152 -0.012537220 0.734710693 1.393035293 -3.717543602 0.000000000 0.000000000 -12.000000000 0.101455763 1.096194386
1776612781.624648571 0.571166039 0.242417991 0.172727823 0.277233690 0.958760381 0.061215859 -0.013138607 0.756466866 1.367623806 -3.841392279 0.000000000 0.000000000 -12.000000000 0.101590067 1.096534371
1776612781.629662275 0.571259141 0.242423937 0.172693610 0.277214319 0.958804488 0.060471419 -0.013762118 0.781190217 1.339141488 -3.971427917 0.000000000 0.000000000 -12.000000000 0.101722270 1.096873760
1776612781.634954453 0.571339607 0.242424294 0.172644287 0.277197838 0.958846807 0.059719436 -0.014412786 0.808938324 1.307736754 -4.107360363 0.000000000 0.000000000 -12.000000000 0.101852290 1.097212553
1776612781.639746428 0.571474910 0.242431998 0.172627956 0.277182996 0.958885908 0.059005223 -0.015024701 0.839754343 1.273569822 -4.248871803 0.000000000 0.000000000 -12.000000000 0.101980038 1.097549677
1776612781.644536734 0.571700156 0.242467895 0.172656924 0.277157426 0.958924174 0.058363702 -0.015553039 0.873663247 1.236814499 -4.395617485 0.000000000 0.000000000 -12.000000000 0.102105342 1.097884417
1776612781.649849892 0.571872056 0.242515177 0.172668427 0.277123421 0.958963871 0.057711866 -0.016130898 0.910671473 1.197654843 -4.547228813 0.000000000 0.000000000 -12.000000000 0.102228224 1.098217726
1776612781.654595852 0.571998119 0.242553979 0.172662407 0.277100950 0.958999693 0.057040658 -0.016763331 0.950770378 1.156277895 -4.703314781 0.000000000 0.000000000 -12.000000000 0.102348611 1.098550439
1776612781.659613609 0.572118759 0.242580160 0.172648162 0.277088940 0.959031403 0.056365974 -0.017417137 0.993939638 1.112867594 -4.863463879 0.000000000 0.000000000 -12.000000000 0.102466412 1.098882198
1776612781.664635181 0.572240233 0.242616072 0.172620624 0.277071744 0.959062874 0.055701535 -0.018082729 1.040148377 1.067600489 -5.027247906 0.000000000 0.000000000 -12.000000000 0.102581635 1.099213600
1776612781.670090675 0.572376072 0.242670417 0.172590733 0.277067393 0.959088266 0.055060919 -0.018751180 1.089354753 1.020643711 -5.194224834 0.000000000 0.000000000 -12.000000000 0.102694206 1.099543929
1776612781.674707651 0.572587311 0.242746040 0.172595412 0.277098805 0.959100187 0.054483470 -0.019354731 1.141504288 0.972155273 -5.363943577 0.000000000 0.000000000 -12.000000000 0.102804244 1.099872708
1776612781.680077791 0.572804451 0.242800087 0.172593266 0.277145892 0.959106266 0.053916253 -0.019957842 1.196530223 0.922281861 -5.535947800 0.000000000 0.000000000 -12.000000000 0.102911554 1.100200415
1776612781.684635639 0.573116660 0.242880836 0.172551066 0.277252406 0.959111392 0.052748263 -0.021309966 1.254355788 0.871155798 -5.709780693 0.000000000 0.000000000 -12.000000000 0.103016116 1.100525022
1776612781.689540386 0.573116660 0.242880836 0.172551066 0.277252406 0.959111392 0.052748263 -0.021309966 1.314897656 0.818891585 -5.884987354 0.000000000 0.000000000 -12.000000000 0.103117913 1.100850224
1776612781.694577217 0.573251605 0.242930099 0.172532976 0.277312458 0.959109724 0.052164976 -0.022025097 1.378069401 0.765583813 -6.061122894 0.000000000 0.000000000 -12.000000000 0.103216931 1.101174951
1776612781.699553728 0.573422730 0.242988706 0.172538847 0.277381808 0.959104061 0.051605243 -0.022707814 1.443781972 0.711309075 -6.237755775 0.000000000 0.000000000 -12.000000000 0.103313163 1.101498365
1776612781.704616547 0.573654830 0.243073180 0.172579080 0.277425110 0.959103882 0.051095359 -0.023331350 1.511941433 0.656129897 -6.414475441 0.000000000 0.000000000 -12.000000000 0.103406616 1.101819873
1776612781.709818602 0.573894858 0.243148535 0.172609359 0.277448565 0.959108710 0.050593283 -0.023938715 1.582448483 0.600096881 -6.590893269 0.000000000 0.000000000 -12.000000000 0.103497200 1.102139473
1776612781.714615822 0.574073553 0.243206009 0.172611386 0.277457565 0.959117770 0.050047696 -0.024608985 1.655199289 0.543248117 -6.766647816 0.000000000 0.000000000 -12.000000000 0.103585184 1.102458835
1776612781.719523191 0.574216545 0.243257999 0.172600448 0.277461857 0.959127545 0.049481187 -0.025315121 1.730086088 0.485608757 -6.941404343 0.000000000 0.000000000 -12.000000000 0.103670359 1.102777123
1776612781.724563122 0.574348271 0.243304089 0.172578365 0.277453929 0.959140599 0.048896693 -0.026034139 1.806998014 0.427191406 -7.114856720 0.000000000 0.000000000 -12.000000000 0.103752814 1.103095889
1776612781.729592562 0.574525416 0.243345618 0.172576696 0.277459741 0.959149182 0.048326373 -0.026710473 1.885819077 0.367998242 -7.286727428 0.000000000 0.000000000 -12.000000000 0.103832588 1.103413582
1776612781.734587431 0.574762642 0.243406996 0.172604114 0.277471304 0.959154665 0.047803059 -0.027327878 1.966425419 0.308023244 -7.456766605 0.000000000 0.000000000 -12.000000000 0.103909709 1.103729606
1776612781.739537716 0.574983180 0.243449956 0.172607511 0.277473599 0.959162652 0.047268208 -0.027949208 2.048683405 0.247253150 -7.624753952 0.000000000 0.000000000 -12.000000000 0.103984214 1.104044437
1776612781.744522810 0.575185716 0.243480697 0.172603458 0.277450055 0.959177911 0.046713952 -0.028584223 2.132449865 0.185667112 -7.790496826 0.000000000 0.000000000 -12.000000000 0.104056150 1.104358315
1776612781.749581575 0.575396478 0.243527949 0.172624916 0.277401358 0.959199488 0.046172913 -0.029203348 2.217571974 0.123235866 -7.953828335 0.000000000 0.000000000 -12.000000000 0.104125336 1.104670644
1776612781.754577398 0.575604558 0.243574277 0.172636330 0.277337849 0.959225297 0.045620974 -0.029821273 2.303891897 0.059921447 -8.114608765 0.000000000 0.000000000 -12.000000000 0.104192138 1.104982376
1776612781.759580135 0.575854480 0.243634880 0.172663718 0.277266353 0.959253073 0.045089602 -0.030395372 2.391248465 -0.004322455 -8.272725105 0.000000000 0.000000000 -12.000000000 0.104256414 1.105292201
1776612781.764816761 0.576148212 0.243713215 0.172714740 0.277198106 0.959279120 0.044591889 -0.030925423 2.479481697 -0.069549836 -8.428092003 0.000000000 0.000000000 -12.000000000 0.104318343 1.105599999
1776612781.769575119 0.576415598 0.243778780 0.172717661 0.277148724 0.959299147 0.044079255 -0.031475794 2.568435907 -0.135822609 -8.580648422 0.000000000 0.000000000 -12.000000000 0.104377799 1.105906129
1776612781.774668217 0.576669574 0.243824944 0.172700733 0.277113616 0.959315002 0.043551303 -0.032031376 2.657961845 -0.203211248 -8.730355263 0.000000000 0.000000000 -12.000000000 0.104434937 1.106211066
1776612781.779923677 0.576940536 0.243865043 0.172699273 0.277095258 0.959326208 0.043022171 -0.032565627 2.747918367 -0.271794498 -8.877192497 0.000000000 0.000000000 -12.000000000 0.104489625 1.106514454
1776612781.784547091 0.577235162 0.243903458 0.172701299 0.277085960 0.959335029 0.042496324 -0.033070993 2.838171482 -0.341657758 -9.021155357 0.000000000 0.000000000 -12.000000000 0.104541905 1.106815338
1776612781.789767027 0.577590764 0.243955612 0.172728002 0.277083397 0.959342062 0.042007461 -0.033511385 2.928593636 -0.412890553 -9.162251472 0.000000000 0.000000000 -12.000000000 0.104591265 1.107111931
1776612781.794632435 0.577990830 0.244022116 0.172786653 0.277071834 0.959351897 0.041546982 -0.033896893 3.019063950 -0.485584587 -9.300503731 0.000000000 0.000000000 -12.000000000 0.104638159 1.107404828
1776612781.799711704 0.578357399 0.244069099 0.172825933 0.277050316 0.959364295 0.041067362 -0.034304351 3.109468222 -0.559832394 -9.435945511 0.000000000 0.000000000 -12.000000000 0.104683124 1.107695699
1776612781.804570675 0.578684390 0.244098097 0.172848672 0.277028263 0.959376276 0.040563010 -0.034743909 3.199702501 -0.635726631 -9.568616867 0.000000000 0.000000000 -12.000000000 0.104725994 1.107985258
1776612781.809556961 0.579062581 0.244148001 0.172886699 0.277021050 0.959383965 0.040097792 -0.035127942 3.289672136 -0.713357449 -9.698568344 0.000000000 0.000000000 -12.000000000 0.104766205 1.108270884
1776612781.814548969 0.579552114 0.244236484 0.172939032 0.277033031 0.959386885 0.039708219 -0.035393924 3.379289627 -0.792808592 -9.825852394 0.000000000 0.000000000 -12.000000000 0.104803547 1.108550906
1776612781.819566488 0.580143034 0.244345337 0.173003554 0.277067155 0.959385037 0.039375588 -0.035549231 3.468475580 -0.874155819 -9.950528145 0.000000000 0.000000000 -12.000000000 0.104839109 1.108826041
1776612781.824532509 0.580735922 0.244471297 0.173056096 0.277106315 0.959381104 0.039060790 -0.035696607 3.557160378 -0.957467973 -10.072659492 0.000000000 0.000000000 -12.000000000 0.104872808 1.109096408
1776612781.830042839 0.581292331 0.244587049 0.173063636 0.277140766 0.959378183 0.038730770 -0.035866626 3.645289421 -1.042808890 -10.192313194 0.000000000 0.000000000 -12.000000000 0.104903422 1.109360576
1776612781.835051775 0.581890881 0.244699150 0.173075885 0.277170658 0.959377050 0.038432505 -0.035985973 3.732825994 -1.130240083 -10.309561729 0.000000000 0.000000000 -12.000000000 0.104931787 1.109620214
1776612781.839836359 0.582594037 0.244825646 0.173112839 0.277197748 0.959378719 0.038198702 -0.035983179 3.819752932 -1.219823837 -10.424480438 0.000000000 0.000000000 -12.000000000 0.104957096 1.109872103
1776612781.845046997 0.583353341 0.244960696 0.173159093 0.277234703 0.959378600 0.037994906 -0.035916492 3.906075239 -1.311627030 -10.537149429 0.000000000 0.000000000 -12.000000000 0.104980767 1.110118866
1776612781.850065231 0.584252596 0.245169103 0.173251867 0.277293056 0.959372878 0.037920840 -0.035697181 3.991816044 -1.405720711 -10.647655487 0.000000000 0.000000000 -12.000000000 0.105002120 1.110357285
1776612781.855064392 0.585281610 0.245442018 0.173374087 0.277361959 0.959364533 0.037970278 -0.035331767 4.077014923 -1.502178550 -10.756097794 0.000000000 0.000000000 -12.000000000 0.105021939 1.110589027
1776612781.859903574 0.587384343 0.245981947 0.173505545 0.277577490 0.959324777 0.038141351 -0.034523889 4.161727428 -1.601079226 -10.862582207 0.000000000 0.000000000 -12.000000000 0.105038308 1.110805511
1776612781.865051031 0.587384343 0.245981947 0.173505545 0.277577490 0.959324777 0.038141351 -0.034523889 4.246022701 -1.702509999 -10.967222214 0.000000000 0.000000000 -12.000000000 0.105053075 1.111022592
1776612781.869598866 0.588511050 0.246283486 0.173553526 0.277697563 0.959300995 0.038303021 -0.034037009 4.329984188 -1.806567430 -11.070133209 0.000000000 0.000000000 -12.000000000 0.105065577 1.111232996
1776612781.875094891 0.589719832 0.246626064 0.173599303 0.277817935 0.959276855 0.038541384 -0.033461675 4.413699627 -1.913352489 -11.171438217 0.000000000 0.000000000 -12.000000000 0.105077572 1.111440897
1776612781.879544020 0.592363179 0.247416839 0.173810452 0.278102994 0.959214330 0.039230406 -0.032055233 4.497253895 -2.022961855 -11.271259308 0.000000000 0.000000000 -12.000000000 0.105089553 1.111642122
1776612781.885123491 0.592363179 0.247416839 0.173810452 0.278102994 0.959214330 0.039230406 -0.032055233 4.580720901 -2.135478497 -11.369729996 0.000000000 0.000000000 -12.000000000 0.105100133 1.111843944
1776612781.889542818 0.594899118 0.248127013 0.173995167 0.278398156 0.959146738 0.039855473 -0.030717792 4.664155006 -2.250964642 -11.466986656 0.000000000 0.000000000 -12.000000000 0.105111577 1.112045884
1776612781.894878626 0.594899118 0.248127013 0.173995167 0.278398156 0.959146738 0.039855473 -0.030717792 4.747587204 -2.369455576 -11.563169479 0.000000000 0.000000000 -12.000000000 0.105121695 1.112248302
1776612781.900094748 0.596161246 0.248486206 0.174092233 0.278537869 0.959113717 0.040177856 -0.030055456 4.831020355 -2.490954399 -11.658421516 0.000000000 0.000000000 -12.000000000 0.105132148 1.112452626
1776612781.904794931 0.597426772 0.248851687 0.174200982 0.278667182 0.959082663 0.040514316 -0.029387029 4.914424896 -2.615427017 -11.752887726 0.000000000 0.000000000 -12.000000000 0.105142191 1.112658978
1776612781.909987211 0.598733366 0.249222964 0.174343646 0.278788447 0.959053576 0.040878594 -0.028673075 4.997733116 -2.742794991 -11.846714973 0.000000000 0.000000000 -12.000000000 0.105152205 1.112867594
1776612781.915117741 0.600018859 0.249588266 0.174499035 0.278912902 0.959022641 0.041237332 -0.027976491 5.080836773 -2.872931004 -11.940052986 0.000000000 0.000000000 -12.000000000 0.105162084 1.113079190
1776612781.920345783 0.601226032 0.249937981 0.174615502 0.279035419 0.958991051 0.041556638 -0.027357919 5.163584232 -3.005657434 -12.033055305 0.000000000 0.000000000 -12.000000000 0.105170809 1.113293767
1776612781.926554680 0.603346229 0.250655502 0.174792379 0.279276907 0.958920479 0.042138956 -0.026462365 5.245788097 -3.140748501 -12.125875473 0.000000000 0.000000000 -12.000000000 0.105179824 1.113519192
1776612781.930020571 0.604355097 0.250993401 0.174874276 0.279418617 0.958876193 0.042432759 -0.026098359 5.327218056 -3.277930260 -12.218661308 0.000000000 0.000000000 -12.000000000 0.105187796 1.113748789
1776612781.934977531 0.604355097 0.250993401 0.174874276 0.279418617 0.958876193 0.042432759 -0.026098359 5.407597542 -3.416877747 -12.311564445 0.000000000 0.000000000 -12.000000000 0.105194673 1.113978863
1776612781.940008879 0.605356634 0.251332909 0.174983680 0.279580176 0.958823740 0.042753790 -0.025768539 5.486593246 -3.557214260 -12.404731750 0.000000000 0.000000000 -12.000000000 0.105198763 1.114211559
1776612781.944733381 0.606315494 0.251695424 0.175132006 0.279741973 0.958768487 0.043097522 -0.025494447 5.563823700 -3.698515892 -12.498307228 0.000000000 0.000000000 -12.000000000 0.105201349 1.114449024
1776612781.949593306 0.607099891 0.252039254 0.175240934 0.279905349 0.958710492 0.043372437 -0.025417320 5.638869762 -3.840317965 -12.592421532 0.000000000 0.000000000 -12.000000000 0.105202399 1.114692211
1776612781.954955816 0.607732773 0.252357841 0.175330371 0.280070037 0.958650231 0.043584496 -0.025513150 5.711280823 -3.982124329 -12.687189102 0.000000000 0.000000000 -12.000000000 0.105201490 1.114940882
1776612781.959990501 0.608301282 0.252679735 0.175435424 0.280233443 0.958588064 0.043792706 -0.025697649 5.780582905 -4.123411179 -12.782703400 0.000000000 0.000000000 -12.000000000 0.105197892 1.115194201
1776612781.964993715 0.608878732 0.253001869 0.175557435 0.280394346 0.958525717 0.044017397 -0.025882933 5.846286297 -4.263634205 -12.879039764 0.000000000 0.000000000 -12.000000000 0.105192460 1.115452409
1776612781.969972134 0.609424531 0.253297687 0.175676793 0.280544311 0.958466947 0.044210963 -0.026104121 5.907893658 -4.402237415 -12.976247787 0.000000000 0.000000000 -12.000000000 0.105185419 1.115715384
1776612781.974985123 0.609969676 0.253581345 0.175811380 0.280686647 0.958410442 0.044399310 -0.026327955 5.964917183 -4.538660526 -13.074352264 0.000000000 0.000000000 -12.000000000 0.105176814 1.115982771
1776612781.980107546 0.610503733 0.253836989 0.175941795 0.280825704 0.958355784 0.044561815 -0.026558850 6.016889095 -4.672352314 -13.173345566 0.000000000 0.000000000 -12.000000000 0.105166279 1.116253972
1776612781.984998703 0.611017585 0.254035980 0.176035345 0.280976743 0.958299220 0.044678967 -0.026803294 6.063377380 -4.802777290 -13.273185730 0.000000000 0.000000000 -12.000000000 0.105153911 1.116527557
1776612781.990109444 0.611515343 0.254170090 0.176106006 0.281137675 0.958241940 0.044739343 -0.027063644 6.103997707 -4.929423809 -13.373790741 0.000000000 0.000000000 -12.000000000 0.105141073 1.116803527
1776612781.995018721 0.612055063 0.254280478 0.176174939 0.281298935 0.958185852 0.044799335 -0.027273130 6.138427258 -5.051813126 -13.475037575 0.000000000 0.000000000 -12.000000000 0.105127402 1.117080808
1776612781.999955654 0.612683237 0.254403472 0.176240653 0.281452537 0.958132803 0.044902898 -0.027382104 6.166414261 -5.169503689 -13.576762199 0.000000000 0.000000000 -12.000000000 0.105112076 1.117358685
1776612782.005117178 0.613404572 0.254532337 0.176319838 0.281600982 0.958082438 0.045048937 -0.027377918 6.187786102 -5.282095909 -13.678754807 0.000000000 0.000000000 -12.000000000 0.105096392 1.117638588
1776612782.009768248 0.614225626 0.254680753 0.176425964 0.281743228 0.958034456 0.045251980 -0.027257003 6.202454090 -5.389239311 -13.780767441 0.000000000 0.000000000 -12.000000000 0.105080426 1.117922306
1776612782.015029430 0.615081072 0.254861236 0.176522434 0.281874359 0.957989037 0.045499057 -0.027086291 6.210416794 -5.490633488 -13.882514000 0.000000000 0.000000000 -12.000000000 0.105063498 1.118209362
1776612782.020020247 0.615924478 0.255038321 0.176577806 0.282009184 0.957942188 0.045744382 -0.026926227 6.211762428 -5.586034775 -13.983675957 0.000000000 0.000000000 -12.000000000 0.105047248 1.118502736
1776612782.025044441 0.616837859 0.255213171 0.176655859 0.282164335 0.957888901 0.046040323 -0.026691655 6.206664562 -5.675255299 -14.083902359 0.000000000 0.000000000 -12.000000000 0.105030932 1.118800879
1776612782.029932737 0.617810845 0.255366743 0.176734298 0.282347172 0.957827210 0.046367008 -0.026405238 6.195374966 -5.758162022 -14.182813644 0.000000000 0.000000000 -12.000000000 0.105016023 1.119103193
1776612782.034900427 0.618832648 0.255515307 0.176817417 0.282557368 0.957756221 0.046738423 -0.026074972 6.178213120 -5.834675312 -14.280009270 0.000000000 0.000000000 -12.000000000 0.105003193 1.119409680
1776612782.039975405 0.619942904 0.255686849 0.176933438 0.282794237 0.957674861 0.047195356 -0.025669551 6.155556202 -5.904763222 -14.375070572 0.000000000 0.000000000 -12.000000000 0.104990602 1.119719744
1776612782.045044422 0.621054828 0.255870283 0.177061588 0.283047646 0.957586110 0.047687382 -0.025274683 6.127826691 -5.968437195 -14.467571259 0.000000000 0.000000000 -12.000000000 0.104976498 1.120033383
1776612782.050119400 0.622122943 0.256069958 0.177174270 0.283315808 0.957489908 0.048200913 -0.024937812 6.095480442 -6.025749207 -14.557083130 0.000000000 0.000000000 -12.000000000 0.104964234 1.120353222
1776612782.054780722 0.623103797 0.256265432 0.177241951 0.283605874 0.957384586 0.048700098 -0.024714168 6.058996201 -6.076783180 -14.643182755 0.000000000 0.000000000 -12.000000000 0.104952417 1.120678306
1776612782.060068369 0.624003232 0.256468743 0.177298188 0.283915371 0.957270265 0.049197979 -0.024602493 6.018858433 -6.121648788 -14.725463867 0.000000000 0.000000000 -12.000000000 0.104941949 1.121008754
1776612782.064873457 0.624853671 0.256688505 0.177356064 0.284232110 0.957150578 0.049711883 -0.024568131 5.975544453 -6.160470963 -14.803541183 0.000000000 0.000000000 -12.000000000 0.104930654 1.121344209
1776612782.070116997 0.625684738 0.256910414 0.177425653 0.284538895 0.957031667 0.050243940 -0.024567911 5.929508209 -6.193380356 -14.877057076 0.000000000 0.000000000 -12.000000000 0.104920603 1.121685386
1776612782.074710369 0.626471460 0.257113606 0.177513391 0.284829199 0.956915736 0.050769508 -0.024638070 5.881174088 -6.220507622 -14.945694923 0.000000000 0.000000000 -12.000000000 0.104909904 1.122031212
1776612782.080018044 0.627196431 0.257291973 0.177619755 0.285099953 0.956803679 0.051284287 -0.024792567 5.830926418 -6.241975784 -15.009174347 0.000000000 0.000000000 -12.000000000 0.104897730 1.122380733
1776612782.085015774 0.628367126 0.257507652 0.177761555 0.285605758 0.956587672 0.052169494 -0.025450476 5.779111385 -6.257900715 -15.067264557 0.000000000 0.000000000 -12.000000000 0.104881920 1.122732401
1776612782.089958429 0.628367126 0.257507652 0.177761555 0.285605758 0.956587672 0.052169494 -0.025450476 5.726036549 -6.268386841 -15.119777679 0.000000000 0.000000000 -12.000000000 0.104865320 1.123084188
1776612782.094557285 0.628836632 0.257560998 0.177820951 0.285833776 0.956485808 0.052553002 -0.025926348 5.671970844 -6.273528576 -15.166575432 0.000000000 0.000000000 -12.000000000 0.104847997 1.123436213
1776612782.100013494 0.629264951 0.257603288 0.177863538 0.286021471 0.956395090 0.052919626 -0.026451692 5.617149353 -6.273411274 -15.207562447 0.000000000 0.000000000 -12.000000000 0.104829393 1.123788238
1776612782.104578733 0.629671395 0.257632405 0.177882731 0.286189497 0.956309557 0.053274520 -0.027007256 5.561776161 -6.268113613 -15.242685318 0.000000000 0.000000000 -12.000000000 0.104808144 1.124139428
1776612782.109925032 0.630094767 0.257681251 0.177919030 0.286339223 0.956228137 0.053657807 -0.027539490 5.506031513 -6.257712841 -15.271933556 0.000000000 0.000000000 -12.000000000 0.104785733 1.124491453
1776612782.115032434 0.630518854 0.257728755 0.177973539 0.286476761 0.956148505 0.054063059 -0.028076546 5.450079441 -6.242290974 -15.295333862 0.000000000 0.000000000 -12.000000000 0.104762688 1.124844670
1776612782.119843960 0.630948126 0.257790983 0.178021610 0.286615670 0.956066787 0.054493777 -0.028604290 5.394079208 -6.221940517 -15.312950134 0.000000000 0.000000000 -12.000000000 0.104739279 1.125199914
1776612782.124656916 0.631375670 0.257815719 0.178045869 0.286783934 0.955976129 0.054916326 -0.029133826 5.338190079 -6.196768761 -15.324880600 0.000000000 0.000000000 -12.000000000 0.104714453 1.125555396
1776612782.129566431 0.631821156 0.257817805 0.178060234 0.286967188 0.955880284 0.055349816 -0.029650139 5.282577038 -6.166903019 -15.331250191 0.000000000 0.000000000 -12.000000000 0.104688846 1.125910521
1776612782.134653330 0.632316291 0.257784039 0.178073674 0.287205935 0.955767870 0.055798322 -0.030117065 5.227416515 -6.132494926 -15.332210541 0.000000000 0.000000000 -12.000000000 0.104663089 1.126264453
1776612782.139676809 0.632844985 0.257739127 0.178065538 0.287489772 0.955640972 0.056271005 -0.030553272 5.172898293 -6.093721867 -15.327932358 0.000000000 0.000000000 -12.000000000 0.104636230 1.126616716
1776612782.146085262 0.633397877 0.257685632 0.178043544 0.287783980 0.955510020 0.056765161 -0.030962197 5.119227409 -6.050787926 -15.318604469 0.000000000 0.000000000 -12.000000000 0.104607090 1.126967192
1776612782.149558306 0.634774923 0.257567018 0.178115875 0.288481355 0.955214322 0.057909761 -0.031473819 5.066626549 -6.003921032 -15.304427147 0.000000000 0.000000000 -12.000000000 0.104574539 1.127316952
1776612782.154744864 0.634774923 0.257567018 0.178115875 0.288481355 0.955214322 0.057909761 -0.031473819 5.015332222 -5.953370571 -15.285611153 0.000000000 0.000000000 -12.000000000 0.104542121 1.127666831
1776612782.159609556 0.635545254 0.257527202 0.178189158 0.288838297 0.955062389 0.058551531 -0.031623024 4.965599060 -5.899403095 -15.262379646 0.000000000 0.000000000 -12.000000000 0.104509786 1.128018737
1776612782.164548159 0.636310518 0.257487863 0.178241521 0.289185554 0.954912066 0.059206180 -0.031768762 4.917695522 -5.842300415 -15.234963417 0.000000000 0.000000000 -12.000000000 0.104476213 1.128372192
1776612782.169605970 0.637100577 0.257428974 0.178266108 0.289561510 0.954753339 0.059861984 -0.031886362 4.871902466 -5.782354355 -15.203600883 0.000000000 0.000000000 -12.000000000 0.104443543 1.128727674
1776612782.174553156 0.637946367 0.257332206 0.178276181 0.289973497 0.954585314 0.060518831 -0.031933077 4.828510284 -5.719866276 -15.168539047 0.000000000 0.000000000 -12.000000000 0.104410902 1.129084349
1776612782.179689884 0.638825715 0.257212549 0.178254217 0.290380746 0.954418898 0.061184518 -0.031937737 4.787813187 -5.655139923 -15.130023003 0.000000000 0.000000000 -12.000000000 0.104378827 1.129441977
1776612782.184718370 0.639727950 0.257060111 0.178219348 0.290780157 0.954255402 0.061850812 -0.031906806 4.750104427 -5.588478565 -15.088303566 0.000000000 0.000000000 -12.000000000 0.104346462 1.129800081
1776612782.189959288 0.640672684 0.256862223 0.178201050 0.291193306 0.954088867 0.062518440 -0.031817451 4.715669632 -5.520176411 -15.043631554 0.000000000 0.000000000 -12.000000000 0.104315922 1.130158901
1776612782.194530725 0.641661465 0.256640553 0.178214848 0.291608572 0.953921854 0.063201860 -0.031670365 4.684778690 -5.450513840 -14.996260643 0.000000000 0.000000000 -12.000000000 0.104287021 1.130518913
1776612782.199793816 0.642666757 0.256406993 0.178246617 0.291984469 0.953767002 0.063891597 -0.031486984 4.657680988 -5.379751205 -14.946446419 0.000000000 0.000000000 -12.000000000 0.104259565 1.130881071
1776612782.204566240 0.643660963 0.256162226 0.178282171 0.292328089 0.953621984 0.064573228 -0.031300154 4.634594917 -5.308123112 -14.894449234 0.000000000 0.000000000 -12.000000000 0.104231723 1.131245613
1776612782.210134029 0.644594610 0.255907744 0.178285092 0.292650223 0.953483582 0.065219715 -0.031164788 4.615705013 -5.235835552 -14.840529442 0.000000000 0.000000000 -12.000000000 0.104203343 1.131612778
1776612782.214993954 0.645445585 0.255651355 0.178237259 0.292925000 0.953359067 0.065829530 -0.031110780 4.601153374 -5.163065910 -14.784948349 0.000000000 0.000000000 -12.000000000 0.104175687 1.131982446
1776612782.219592810 0.646267354 0.255394191 0.178175300 0.293172807 0.953241587 0.066438213 -0.031083727 4.591038704 -5.089960575 -14.727963448 0.000000000 0.000000000 -12.000000000 0.104148060 1.132354379
1776612782.224953413 0.647067964 0.255146116 0.178113759 0.293399453 0.953128338 0.067060888 -0.031079587 4.585407257 -5.016633987 -14.669833183 0.000000000 0.000000000 -12.000000000 0.104121089 1.132729053
1776612782.229613543 0.647855997 0.254893988 0.178078383 0.293618798 0.953015685 0.067699149 -0.031079773 4.584251881 -4.943170547 -14.610816956 0.000000000 0.000000000 -12.000000000 0.104096197 1.133106947
1776612782.235008478 0.648644388 0.254629463 0.178064376 0.293846279 0.952899277 0.068349853 -0.031074574 4.587511063 -4.869625092 -14.551173210 0.000000000 0.000000000 -12.000000000 0.104071938 1.133487463
1776612782.240052938 0.649381459 0.254363775 0.178056180 0.294065565 0.952783883 0.068993084 -0.031117544 4.595069408 -4.796025276 -14.491163254 0.000000000 0.000000000 -12.000000000 0.104048289 1.133870721
1776612782.245009422 0.650785267 0.253856897 0.178031325 0.294488758 0.952552199 0.070300817 -0.031280957 4.606761932 -4.722375393 -14.431045532 0.000000000 0.000000000 -12.000000000 0.104026794 1.134259939
1776612782.249899864 0.650785267 0.253856897 0.178031325 0.294488758 0.952552199 0.070300817 -0.031280957 4.622378349 -4.648655891 -14.371074677 0.000000000 0.000000000 -12.000000000 0.104006022 1.134649158
1776612782.254996777 0.651405990 0.253604442 0.177973688 0.294707209 0.952431858 0.070936039 -0.031453837 4.641664982 -4.574828148 -14.311500549 0.000000000 0.000000000 -12.000000000 0.103986919 1.135040402
1776612782.260437727 0.651959240 0.253347784 0.177907944 0.294933558 0.952307403 0.071552560 -0.031701911 4.664329052 -4.500832558 -14.252566338 0.000000000 0.000000000 -12.000000000 0.103970133 1.135433316
1776612782.265024662 0.652476788 0.253097326 0.177852720 0.295153230 0.952183723 0.072168507 -0.031975605 4.690042496 -4.426591873 -14.194508553 0.000000000 0.000000000 -12.000000000 0.103955276 1.135828137
1776612782.270005941 0.652851164 0.252838850 0.177784830 0.295370460 0.952059805 0.072722666 -0.032401051 4.718444824 -4.352008343 -14.137556076 0.000000000 0.000000000 -12.000000000 0.103941649 1.136223793
1776612782.275035143 0.653144836 0.252573580 0.177724034 0.295593590 0.951932549 0.073249884 -0.032913819 4.749148369 -4.276965618 -14.081930161 0.000000000 0.000000000 -12.000000000 0.103928491 1.136619449
1776612782.279858351 0.653519869 0.251975626 0.177613020 0.296074986 0.951663673 0.074210793 -0.034184806 4.781740665 -4.201322079 -14.027841568 0.000000000 0.000000000 -12.000000000 0.103917658 1.137011647
1776612782.284837008 0.653519869 0.251975626 0.177613020 0.296074986 0.951663673 0.074210793 -0.034184806 4.815787792 -4.124913692 -13.975491524 0.000000000 0.000000000 -12.000000000 0.103907444 1.137403846
1776612782.289624929 0.653545141 0.251625985 0.177549750 0.296333045 0.951521814 0.074613325 -0.035012111 4.850837231 -4.047546864 -13.925070763 0.000000000 0.000000000 -12.000000000 0.103897810 1.137791634
1776612782.294543982 0.653518617 0.251274884 0.177494019 0.296620995 0.951366901 0.075017743 -0.035907909 4.886419296 -3.968997002 -13.876758575 0.000000000 0.000000000 -12.000000000 0.103888571 1.138174534
1776612782.299636364 0.653439343 0.250930935 0.177452594 0.296900481 0.951211095 0.075421549 -0.036866400 4.922053814 -3.889011145 -13.830719948 0.000000000 0.000000000 -12.000000000 0.103880301 1.138552785
1776612782.304592133 0.653260827 0.250616997 0.177408665 0.297177792 0.951050937 0.075817481 -0.037936304 4.957255840 -3.807309151 -13.787105560 0.000000000 0.000000000 -12.000000000 0.103871979 1.138926268
1776612782.310082436 0.653065741 0.250333786 0.177374750 0.297437996 0.950891674 0.076239362 -0.039028354 4.991543293 -3.723587513 -13.746045113 0.000000000 0.000000000 -12.000000000 0.103864618 1.139295936
1776612782.314955711 0.652896404 0.250058025 0.177358717 0.297701120 0.950728893 0.076689787 -0.040090844 5.024439335 -3.637524843 -13.707646370 0.000000000 0.000000000 -12.000000000 0.103856675 1.139662027
1776612782.319971085 0.652750194 0.249789119 0.177351624 0.297950238 0.950568080 0.077165149 -0.041128263 5.055480957 -3.548789740 -13.671993256 0.000000000 0.000000000 -12.000000000 0.103849024 1.140024781
1776612782.324549675 0.652634025 0.249524325 0.177354664 0.298197240 0.950405777 0.077670336 -0.042126466 5.084221363 -3.457047939 -13.639135361 0.000000000 0.000000000 -12.000000000 0.103841297 1.140383840
1776612782.329931259 0.652550101 0.249224916 0.177351505 0.298447311 0.950243592 0.078169517 -0.043079957 5.110241890 -3.361973763 -13.609092712 0.000000000 0.000000000 -12.000000000 0.103832357 1.140738487
1776612782.334587574 0.652490616 0.248916179 0.177349508 0.298699766 0.950080037 0.078679882 -0.043998055 5.133155823 -3.263257265 -13.581844330 0.000000000 0.000000000 -12.000000000 0.103824213 1.141089201
1776612782.340034246 0.652504385 0.248614892 0.177371323 0.298945993 0.949918032 0.079233021 -0.044823900 5.152617455 -3.160615444 -13.557328224 0.000000000 0.000000000 -12.000000000 0.103815891 1.141437411
1776612782.344792604 0.652560592 0.248306975 0.177380025 0.299185991 0.949758112 0.079804145 -0.045591839 5.168326855 -3.053797007 -13.535442352 0.000000000 0.000000000 -12.000000000 0.103807509 1.141782880
1776612782.349878073 0.652606547 0.247949123 0.177361161 0.299420357 0.949603617 0.080324702 -0.046350896 5.180036545 -2.942588806 -13.516038895 0.000000000 0.000000000 -12.000000000 0.103797443 1.142123818
1776612782.354545116 0.652669251 0.247544691 0.177335232 0.299641371 0.949458718 0.080798902 -0.047060944 5.187550545 -2.826817274 -13.498927116 0.000000000 0.000000000 -12.000000000 0.103787333 1.142460942
1776612782.359578609 0.652711153 0.247111261 0.177270442 0.299837232 0.949325800 0.081217736 -0.047768191 5.190729141 -2.706348658 -13.483870506 0.000000000 0.000000000 -12.000000000 0.103776634 1.142793179
1776612782.364620924 0.652760446 0.246689677 0.177224725 0.299985230 0.949209750 0.081632428 -0.048433889 5.189486504 -2.581086874 -13.470590591 0.000000000 0.000000000 -12.000000000 0.103764817 1.143121600
1776612782.369677305 0.652792275 0.246266603 0.177183896 0.300106883 0.949104846 0.082014188 -0.049086522 5.183791161 -2.450974464 -13.458768845 0.000000000 0.000000000 -12.000000000 0.103751637 1.143446207
1776612782.374919176 0.652822495 0.245771766 0.177112341 0.300201893 0.949017644 0.082306460 -0.049699057 5.173662186 -2.315993071 -13.448052406 0.000000000 0.000000000 -12.000000000 0.103737824 1.143766761
1776612782.379871130 0.652860105 0.245236591 0.177041650 0.300290555 0.948938191 0.082550839 -0.050271723 5.159170151 -2.176166058 -13.438055038 0.000000000 0.000000000 -12.000000000 0.103723764 1.144083500
1776612782.384585142 0.652893901 0.244641125 0.176958770 0.300360858 0.948871493 0.082729071 -0.050814867 5.140437126 -2.031555414 -13.428369522 0.000000000 0.000000000 -12.000000000 0.103709579 1.144395471
1776612782.389757156 0.652916849 0.243931010 0.176824361 0.300460488 0.948806763 0.082787126 -0.051336955 5.117636204 -1.882260799 -13.418573380 0.000000000 0.000000000 -12.000000000 0.103695460 1.144699812
1776612782.394551992 0.652940154 0.243113592 0.176663190 0.300550789 0.948757052 0.082729563 -0.051817462 5.090993881 -1.728410840 -13.408235550 0.000000000 0.000000000 -12.000000000 0.103680842 1.144996524
1776612782.399621248 0.652977049 0.242216662 0.176507235 0.300631136 0.948721290 0.082583524 -0.052238200 5.060784817 -1.570158839 -13.396927834 0.000000000 0.000000000 -12.000000000 0.103666134 1.145284653
1776612782.404983044 0.653007984 0.240296721 0.176176071 0.300739497 0.948687315 0.082084581 -0.053011987 5.027331352 -1.407677412 -13.384226799 0.000000000 0.000000000 -12.000000000 0.103649810 1.145558000
1776612782.410025597 0.652982473 0.239240438 0.175979644 0.300764710 0.948692441 0.081689805 -0.053385723 4.990993023 -1.241158247 -13.369724274 0.000000000 0.000000000 -12.000000000 0.103633381 1.145822763
1776612782.415062189 0.652982473 0.239240438 0.175979644 0.300764710 0.948692441 0.081689805 -0.053385723 4.952159882 -1.070813537 -13.353034019 0.000000000 0.000000000 -12.000000000 0.103616886 1.146087289
1776612782.419570208 0.652959168 0.238145009 0.175786197 0.300772458 0.948709488 0.081240788 -0.053723235 4.911245346 -0.896878302 -13.333792686 0.000000000 0.000000000 -12.000000000 0.103600316 1.146343589
1776612782.425041914 0.652938783 0.237004161 0.175585866 0.300774962 0.948735058 0.080734834 -0.054019492 4.868675232 -0.719612539 -13.311666489 0.000000000 0.000000000 -12.000000000 0.103584617 1.146592021
1776612782.430104256 0.652990520 0.234678358 0.175205588 0.300771296 0.948801935 0.079677172 -0.054433729 4.824886799 -0.539305091 -13.286355972 0.000000000 0.000000000 -12.000000000 0.103568800 1.146828175
1776612782.434638023 0.652990520 0.234678358 0.175205588 0.300771296 0.948801935 0.079677172 -0.054433729 4.780323505 -0.356278718 -13.257595062 0.000000000 0.000000000 -12.000000000 0.103552990 1.147064090
1776612782.439607620 0.653019071 0.233480796 0.174998701 0.300769120 0.948841274 0.079102494 -0.054597929 4.735434532 -0.170893818 -13.225158691 0.000000000 0.000000000 -12.000000000 0.103536308 1.147294402
1776612782.444594383 0.653082252 0.232257351 0.174806774 0.300768703 0.948884368 0.078516625 -0.054696806 4.690667152 0.016449302 -13.188859940 0.000000000 0.000000000 -12.000000000 0.103519067 1.147518158
1776612782.449550867 0.653142691 0.231019467 0.174616933 0.300785184 0.948923409 0.077918351 -0.054784603 4.646460533 0.205310330 -13.148553848 0.000000000 0.000000000 -12.000000000 0.103501476 1.147736549
1776612782.454706669 0.653255045 0.229812726 0.174451858 0.300817132 0.948955119 0.077386528 -0.054813460 4.603234291 0.395209610 -13.104133606 0.000000000 0.000000000 -12.000000000 0.103484638 1.147949338
1776612782.459625483 0.653394401 0.228633732 0.174297154 0.300873190 0.948977172 0.076899752 -0.054809913 4.561382294 0.585628211 -13.055531502 0.000000000 0.000000000 -12.000000000 0.103466883 1.148159981
1776612782.465005398 0.653573871 0.227507204 0.174160033 0.300936192 0.948993266 0.076487169 -0.054762371 4.521265030 0.776007175 -13.002711296 0.000000000 0.000000000 -12.000000000 0.103450224 1.148368359
1776612782.470439911 0.653781354 0.226402640 0.174024433 0.301026523 0.948998988 0.076117739 -0.054681573 4.483208656 0.965747714 -12.945674896 0.000000000 0.000000000 -12.000000000 0.103434168 1.148575902
1776612782.474707842 0.654015958 0.225358546 0.173894227 0.301138669 0.948994040 0.075814627 -0.054570764 4.447504044 1.154214144 -12.884452820 0.000000000 0.000000000 -12.000000000 0.103419088 1.148784757
1776612782.479594469 0.654255390 0.224332392 0.173761398 0.301232785 0.948993564 0.075536303 -0.054445360 4.414408684 1.340740681 -12.819102287 0.000000000 0.000000000 -12.000000000 0.103404947 1.148995519
1776612782.484690189 0.654563427 0.223315969 0.173654169 0.301353306 0.948984981 0.075309440 -0.054242212 4.384143353 1.524642229 -12.749706268 0.000000000 0.000000000 -12.000000000 0.103391960 1.149208546
1776612782.489557266 0.654873610 0.222277507 0.173543096 0.301477611 0.948976755 0.075069755 -0.054026410 4.356893539 1.705225825 -12.676369667 0.000000000 0.000000000 -12.000000000 0.103379861 1.149424314
1776612782.494910002 0.655206859 0.221216217 0.173436671 0.301585168 0.948976338 0.074823692 -0.053774279 4.332804203 1.881803036 -12.599212646 0.000000000 0.000000000 -12.000000000 0.103369370 1.149642348
1776612782.500068188 0.655539989 0.220136523 0.173329741 0.301720321 0.948968589 0.074561469 -0.053516328 4.311981201 2.053700209 -12.518365860 0.000000000 0.000000000 -12.000000000 0.103358731 1.149863839
1776612782.504788876 0.655842006 0.219075173 0.173223794 0.301829726 0.948967874 0.074291952 -0.053287219 4.294489384 2.220268726 -12.433968544 0.000000000 0.000000000 -12.000000000 0.103349835 1.150087833
1776612782.509657860 0.656113267 0.218047023 0.173127294 0.301922113 0.948969841 0.074030973 -0.053091422 4.280352116 2.380894184 -12.346162796 0.000000000 0.000000000 -12.000000000 0.103340991 1.150315881
1776612782.514529228 0.656361639 0.217063561 0.173044831 0.302017719 0.948965728 0.073806360 -0.052933201 4.269548416 2.535004377 -12.255090714 0.000000000 0.000000000 -12.000000000 0.103335381 1.150546074
1776612782.519940376 0.656575441 0.216092661 0.172966063 0.302111268 0.948959172 0.073588677 -0.052820452 4.262010098 2.682076216 -12.160890579 0.000000000 0.000000000 -12.000000000 0.103331082 1.150779366
1776612782.525064945 0.656798005 0.215151072 0.172907352 0.302246153 0.948934674 0.073424220 -0.052717682 4.257619381 2.821636438 -12.063694000 0.000000000 0.000000000 -12.000000000 0.103327744 1.151016474
1776612782.530138731 0.656960845 0.214217678 0.172846764 0.302392483 0.948901534 0.073264346 -0.052697632 4.256206512 2.953265429 -11.963626862 0.000000000 0.000000000 -12.000000000 0.103325211 1.151256442
1776612782.535114765 0.657199979 0.212379441 0.172741979 0.302738488 0.948806882 0.072986692 -0.052800581 4.257552147 3.076599836 -11.860804558 0.000000000 0.000000000 -12.000000000 0.103322253 1.151502371
1776612782.540115356 0.657285571 0.211435199 0.172681928 0.302927762 0.948753893 0.072819799 -0.052897271 4.261389732 3.191336155 -11.755328178 0.000000000 0.000000000 -12.000000000 0.103320472 1.151750565
1776612782.545044899 0.657285571 0.211435199 0.172681928 0.302927762 0.948753893 0.072819799 -0.052897271 4.267410278 3.297238588 -11.647286415 0.000000000 0.000000000 -12.000000000 0.103320278 1.151998162
1776612782.550168276 0.657366991 0.210461527 0.172624201 0.303136021 0.948695898 0.072634354 -0.052998830 4.275272369 3.394140720 -11.536754608 0.000000000 0.000000000 -12.000000000 0.103320591 1.152248263
1776612782.555188894 0.657453060 0.209457949 0.172564119 0.303336918 0.948643506 0.072418161 -0.053082716 4.284610271 3.481946707 -11.423793793 0.000000000 0.000000000 -12.000000000 0.103322722 1.152500868
1776612782.560060978 0.657622814 0.208418041 0.172513902 0.303542852 0.948596478 0.072196171 -0.053049091 4.295049667 3.560627699 -11.308450699 0.000000000 0.000000000 -12.000000000 0.103326730 1.152757764
1776612782.564883947 0.657798588 0.207365513 0.172444582 0.303729087 0.948558986 0.071949251 -0.052988473 4.306225300 3.630213737 -11.190760612 0.000000000 0.000000000 -12.000000000 0.103333652 1.153018951
1776612782.570080280 0.657985508 0.206325635 0.172355920 0.303892404 0.948532343 0.071680695 -0.052892588 4.317790985 3.690787554 -11.070748329 0.000000000 0.000000000 -12.000000000 0.103341691 1.153286815
1776612782.574807405 0.658232749 0.205290839 0.172259927 0.304034024 0.948517084 0.071416304 -0.052709877 4.329431534 3.742476225 -10.948426247 0.000000000 0.000000000 -12.000000000 0.103351437 1.153562665
1776612782.580112457 0.658503711 0.204231888 0.172146201 0.304160863 0.948511302 0.071120121 -0.052482534 4.340862751 3.785448790 -10.823794365 0.000000000 0.000000000 -12.000000000 0.103361987 1.153847098
1776612782.584579945 0.658827722 0.203121424 0.172023952 0.304300010 0.948507547 0.070795849 -0.052180760 4.351833344 3.819911718 -10.696844101 0.000000000 0.000000000 -12.000000000 0.103373259 1.154141545
1776612782.590089083 0.659161687 0.201993972 0.171898961 0.304410249 0.948516607 0.070444070 -0.051848002 4.362124920 3.846108437 -10.567559242 0.000000000 0.000000000 -12.000000000 0.103384942 1.154446244
1776612782.594633818 0.659519732 0.200841844 0.171781570 0.304539949 0.948522329 0.070077151 -0.051478039 4.371549129 3.864317417 -10.435917854 0.000000000 0.000000000 -12.000000000 0.103398420 1.154761076
1776612782.600254059 0.659910560 0.199647799 0.171671212 0.304663926 0.948534429 0.069685228 -0.051051948 4.379948139 3.874849796 -10.301895142 0.000000000 0.000000000 -12.000000000 0.103413597 1.155086875
1776612782.605308771 0.660311580 0.198466450 0.171568662 0.304809660 0.948538899 0.069307260 -0.050611380 4.387189865 3.878045321 -10.165470123 0.000000000 0.000000000 -12.000000000 0.103430845 1.155424237
1776612782.610239029 0.660656214 0.197367966 0.171473891 0.304956704 0.948534369 0.068982780 -0.050253067 4.393161297 3.874263525 -10.026623726 0.000000000 0.000000000 -12.000000000 0.103450693 1.155772328
1776612782.614569187 0.661010802 0.196340248 0.171398073 0.305122524 0.948516548 0.068743795 -0.049908597 4.397753239 3.863874912 -9.885346413 0.000000000 0.000000000 -12.000000000 0.103475884 1.156130910
1776612782.619558573 0.661336005 0.195378825 0.171327472 0.305346668 0.948471427 0.068573922 -0.049628835 4.400850773 3.847249985 -9.741639137 0.000000000 0.000000000 -12.000000000 0.103502922 1.156499863
1776612782.624674559 0.661641538 0.194494262 0.171276420 0.305590987 0.948410630 0.068488501 -0.049404133 4.402324677 3.824753523 -9.595516205 0.000000000 0.000000000 -12.000000000 0.103532858 1.156878233
1776612782.630334616 0.661957681 0.193654910 0.171239227 0.305864543 0.948334515 0.068473473 -0.049192492 4.402030945 3.796738863 -9.447008133 0.000000000 0.000000000 -12.000000000 0.103566974 1.157265306
1776612782.635107517 0.662296534 0.192827016 0.171208858 0.306185335 0.948241174 0.068493679 -0.048967179 4.399813652 3.763549805 -9.296164513 0.000000000 0.000000000 -12.000000000 0.103605419 1.157661080
1776612782.640107870 0.662625313 0.191958576 0.171166360 0.306504846 0.948151290 0.068471476 -0.048740111 4.395518303 3.725523710 -9.143054008 0.000000000 0.000000000 -12.000000000 0.103645951 1.158066273
1776612782.644632339 0.662947059 0.191110328 0.171122432 0.306818247 0.948061824 0.068461254 -0.048522543 4.389001846 3.682999134 -8.987764359 0.000000000 0.000000000 -12.000000000 0.103688963 1.158480525
1776612782.650184393 0.663254261 0.190255746 0.171067744 0.307124317 0.947976828 0.068419337 -0.048305005 4.380140305 3.636320591 -8.830404282 0.000000000 0.000000000 -12.000000000 0.103734806 1.158903241
1776612782.654612064 0.663505316 0.189345494 0.170965821 0.307402492 0.947906017 0.068284102 -0.048116531 4.368830204 3.585842848 -8.671097755 0.000000000 0.000000000 -12.000000000 0.103783727 1.159334183
1776612782.660582066 0.663709879 0.188384458 0.170835197 0.307630211 0.947857857 0.068054289 -0.047935154 4.354984760 3.531934977 -8.509989738 0.000000000 0.000000000 -12.000000000 0.103835322 1.159772754
1776612782.667485476 0.663909078 0.187389195 0.170701891 0.307818383 0.947828531 0.067763552 -0.047718611 4.338531017 3.474985361 -8.347247124 0.000000000 0.000000000 -12.000000000 0.103889331 1.160219431
1776612782.670139790 0.664055109 0.186426550 0.170566499 0.307936400 0.947823286 0.067439072 -0.047519840 4.319407940 3.415405750 -8.183058739 0.000000000 0.000000000 -12.000000000 0.103946730 1.160673380
1776612782.674645662 0.664122403 0.185463384 0.170420647 0.308006018 0.947835028 0.067059301 -0.047372509 4.297564507 3.353634119 -8.017636299 0.000000000 0.000000000 -12.000000000 0.104007296 1.161133170
1776612782.680115223 0.664127350 0.184472948 0.170268387 0.308053076 0.947857201 0.066609427 -0.047257118 4.272959709 3.290134907 -7.851216793 0.000000000 0.000000000 -12.000000000 0.104070231 1.161598563
1776612782.684701920 0.664041877 0.182283968 0.169892520 0.308162361 0.947910964 0.065484338 -0.047037635 4.245565414 3.225391865 -7.684060574 0.000000000 0.000000000 -12.000000000 0.104136772 1.162074327
1776612782.690146446 0.664041877 0.182283968 0.169892520 0.308162361 0.947910964 0.065484338 -0.047037635 4.215367317 3.159901857 -7.516456127 0.000000000 0.000000000 -12.000000000 0.104206190 1.162550092
1776612782.695045233 0.663953483 0.181166723 0.169691503 0.308205962 0.947944343 0.064863592 -0.046939760 4.182366848 3.094167471 -7.348718166 0.000000000 0.000000000 -12.000000000 0.104278579 1.163031459
1776612782.700168848 0.663812101 0.180038661 0.169466794 0.308254063 0.947976589 0.064205237 -0.046877954 4.146582127 3.028692007 -7.181190491 0.000000000 0.000000000 -12.000000000 0.104354419 1.163517475
1776612782.705113411 0.663647950 0.178924412 0.169255942 0.308306932 0.948007882 0.063533373 -0.046812750 4.108048916 2.963973522 -7.014243603 0.000000000 0.000000000 -12.000000000 0.104433335 1.164008260
1776612782.709917068 0.663455427 0.177830622 0.169057190 0.308344901 0.948043942 0.062851101 -0.046752721 4.066822052 2.900498152 -6.848276138 0.000000000 0.000000000 -12.000000000 0.104515053 1.164503455
1776612782.715196133 0.663240790 0.176752746 0.168848425 0.308381289 0.948080480 0.062158182 -0.046698757 4.022973537 2.838734388 -6.683711052 0.000000000 0.000000000 -12.000000000 0.104599744 1.165003300
1776612782.720232010 0.662987232 0.175729990 0.168640614 0.308409274 0.948117733 0.061468787 -0.046670143 3.976590872 2.779126883 -6.520995140 0.000000000 0.000000000 -12.000000000 0.104687236 1.165506482
1776612782.725222588 0.662692070 0.174739480 0.168425739 0.308431625 0.948155105 0.060775202 -0.046671681 3.927777767 2.722091198 -6.360597134 0.000000000 0.000000000 -12.000000000 0.104778036 1.166012764
1776612782.729754686 0.662385702 0.173768491 0.168238312 0.308436871 0.948197186 0.060093269 -0.046665095 3.876652956 2.668009996 -6.203004360 0.000000000 0.000000000 -12.000000000 0.104871832 1.166522026
1776612782.734928846 0.662061512 0.172855407 0.168080866 0.308447510 0.948233366 0.059456803 -0.046673868 3.823348522 2.617231846 -6.048722744 0.000000000 0.000000000 -12.000000000 0.104968295 1.167033911
1776612782.740343332 0.661713719 0.171968699 0.167933613 0.308502406 0.948251903 0.058846522 -0.046708573 3.768007040 2.570067167 -5.898274899 0.000000000 0.000000000 -12.000000000 0.105068058 1.167547703
1776612782.744643688 0.661329150 0.171098635 0.167804182 0.308606982 0.948249638 0.058265399 -0.046791743 3.710776329 2.526786089 -5.752195358 0.000000000 0.000000000 -12.000000000 0.105171159 1.168063283
1776612782.749576807 0.660926282 0.170272797 0.167717099 0.308735818 0.948235035 0.057736747 -0.046893582 3.651802778 2.487616301 -5.611027718 0.000000000 0.000000000 -12.000000000 0.105276838 1.168580651
1776612782.755160570 0.660468578 0.169517398 0.167636603 0.308857858 0.948216319 0.057251677 -0.047062431 3.591224194 2.452742338 -5.475319862 0.000000000 0.000000000 -12.000000000 0.105385251 1.169098020
1776612782.760010481 0.659966528 0.168831140 0.167567074 0.308969051 0.948195219 0.056814767 -0.047286224 3.529163599 2.422305584 -5.345616817 0.000000000 0.000000000 -12.000000000 0.105495378 1.169615626
1776612782.765097618 0.659399390 0.168196082 0.167493433 0.309080929 0.948168278 0.056402676 -0.047587931 3.465725422 2.396404743 -5.222452641 0.000000000 0.000000000 -12.000000000 0.105606943 1.170132041
1776612782.769646406 0.658751249 0.167607456 0.167407960 0.309196591 0.948135197 0.055990350 -0.047981448 3.400993586 2.375099421 -5.106343746 0.000000000 0.000000000 -12.000000000 0.105720870 1.170646310
1776612782.774586439 0.658092558 0.167074338 0.167377263 0.309306443 0.948101759 0.055613887 -0.048370413 3.335029125 2.358412981 -4.997781277 0.000000000 0.000000000 -12.000000000 0.105836526 1.171157598
1776612782.779985905 0.657396495 0.166564792 0.167357504 0.309405506 0.948069751 0.055241778 -0.048788246 3.267872334 2.346337080 -4.897223473 0.000000000 0.000000000 -12.000000000 0.105953671 1.171664953
1776612782.784597874 0.655898631 0.165538698 0.167313457 0.309609205 0.947999537 0.054477699 -0.049710844 3.199543953 2.338833570 -4.805085659 0.000000000 0.000000000 -12.000000000 0.106071621 1.172166228
1776612782.790243864 0.655898631 0.165538698 0.167313457 0.309609205 0.947999537 0.054477699 -0.049710844 3.130046844 2.335835934 -4.721734047 0.000000000 0.000000000 -12.000000000 0.106190905 1.172667503
1776612782.794622898 0.655080199 0.165018469 0.167259663 0.309696048 0.947967589 0.054062732 -0.050229605 3.059372663 2.337248802 -4.647473812 0.000000000 0.000000000 -12.000000000 0.106310889 1.173165679
1776612782.800189495 0.654262006 0.164504915 0.167197078 0.309761584 0.947943687 0.053639609 -0.050728358 2.987505198 2.342947245 -4.582547665 0.000000000 0.000000000 -12.000000000 0.106431819 1.173661351
1776612782.804764271 0.653434992 0.164012343 0.167149365 0.309799284 0.947928965 0.053219404 -0.051212925 2.914428711 2.352776527 -4.527125835 0.000000000 0.000000000 -12.000000000 0.106554851 1.174153090
1776612782.810178280 0.652653754 0.163544476 0.167138070 0.309821337 0.947921038 0.052832570 -0.051624607 2.840131998 2.366552830 -4.481306553 0.000000000 0.000000000 -12.000000000 0.106678605 1.174641490
1776612782.814589977 0.651876986 0.163085639 0.167150170 0.309844404 0.947913766 0.052456882 -0.052001931 2.764616728 2.384061337 -4.445114136 0.000000000 0.000000000 -12.000000000 0.106803037 1.175126314
1776612782.820255041 0.651090026 0.162654877 0.167160332 0.309875727 0.947903514 0.052088413 -0.052370917 2.687901497 2.405054331 -4.418496132 0.000000000 0.000000000 -12.000000000 0.106928073 1.175608158
1776612782.824792624 0.649487853 0.161832020 0.167112172 0.309959263 0.947879612 0.051304344 -0.053078376 2.610027790 2.429251671 -4.401324749 0.000000000 0.000000000 -12.000000000 0.107052967 1.176084876
1776612782.830139399 0.649487853 0.161832020 0.167112172 0.309959263 0.947879612 0.051304344 -0.053078376 2.531060457 2.456343174 -4.393395901 0.000000000 0.000000000 -12.000000000 0.107177883 1.176561594
1776612782.835154295 0.648643613 0.161434323 0.167026967 0.309995264 0.947869897 0.050874971 -0.053454045 2.451089144 2.485997677 -4.394431114 0.000000000 0.000000000 -12.000000000 0.107302211 1.177036405
1776612782.840122461 0.647775352 0.161043942 0.166921675 0.310031444 0.947859585 0.050434023 -0.053843927 2.370223761 2.517868757 -4.404080391 0.000000000 0.000000000 -12.000000000 0.107426085 1.177509308
1776612782.845524788 0.646927357 0.160644621 0.166860014 0.310065866 0.947852194 0.049991529 -0.054186538 2.288592339 2.551600933 -4.421931267 0.000000000 0.000000000 -12.000000000 0.107549377 1.177980900
1776612782.849652052 0.646157086 0.160251141 0.166841090 0.310098767 0.947849810 0.049578402 -0.054419775 2.206338406 2.586833477 -4.447514057 0.000000000 0.000000000 -12.000000000 0.107672416 1.178451538
1776612782.855262518 0.645418882 0.159868777 0.166856706 0.310112268 0.947856665 0.049176041 -0.054587528 2.123620033 2.623202324 -4.480312347 0.000000000 0.000000000 -12.000000000 0.107794486 1.178921700
1776612782.860152245 0.644686759 0.159499571 0.166865349 0.310105324 0.947872400 0.048768222 -0.054719415 2.040613174 2.660340071 -4.519766331 0.000000000 0.000000000 -12.000000000 0.107915550 1.179390788
1776612782.864620686 0.643985569 0.159144595 0.166853279 0.310084045 0.947895586 0.048369307 -0.054792494 1.957513452 2.697873831 -4.565280437 0.000000000 0.000000000 -12.000000000 0.108036183 1.179858804
1776612782.869603634 0.643344223 0.158797935 0.166818529 0.310061187 0.947922587 0.047995176 -0.054784324 1.874540687 2.735425234 -4.616227150 0.000000000 0.000000000 -12.000000000 0.108155929 1.180326343
1776612782.874619722 0.642717302 0.158453092 0.166750699 0.310030520 0.947954237 0.047618795 -0.054738116 1.791942596 2.772611141 -4.671949863 0.000000000 0.000000000 -12.000000000 0.108275235 1.180793285
1776612782.879600048 0.642152011 0.158122167 0.166663527 0.309988946 0.947993577 0.047264870 -0.054598961 1.709995031 2.809046030 -4.731770039 0.000000000 0.000000000 -12.000000000 0.108393155 1.181260943
1776612782.885562181 0.641699255 0.157816425 0.166616172 0.309935480 0.948042512 0.046969999 -0.054306820 1.629000187 2.844344854 -4.794994831 0.000000000 0.000000000 -12.000000000 0.108509399 1.181729078
1776612782.889587641 0.641054392 0.157250732 0.166641265 0.309826344 0.948153436 0.046531402 -0.053362627 1.549280047 2.878128290 -4.860922813 0.000000000 0.000000000 -12.000000000 0.108624697 1.182199478
1776612782.894613266 0.641054392 0.157250732 0.166641265 0.309826344 0.948153436 0.046531402 -0.053362627 1.471168995 2.910027981 -4.928849697 0.000000000 0.000000000 -12.000000000 0.108738840 1.182669878
1776612782.899631500 0.640758812 0.156965047 0.166639000 0.309775144 0.948210478 0.046322517 -0.052824851 1.395008326 2.939691305 -4.998075962 0.000000000 0.000000000 -12.000000000 0.108851694 1.183141947
1776612782.904581070 0.640461445 0.156684130 0.166630089 0.309716105 0.948270261 0.046110727 -0.052280236 1.321141839 2.966784239 -5.067911625 0.000000000 0.000000000 -12.000000000 0.108963475 1.183614731
1776612782.909715891 0.640188932 0.156437039 0.166609913 0.309656173 0.948330283 0.045938041 -0.051694926 1.249911547 2.990995407 -5.137681961 0.000000000 0.000000000 -12.000000000 0.109073974 1.184088230
1776612782.915320635 0.639878333 0.156200707 0.166537285 0.309588730 0.948391259 0.045750886 -0.051144179 1.181651115 3.012037516 -5.206733704 0.000000000 0.000000000 -12.000000000 0.109183066 1.184561968
1776612782.919894218 0.639569640 0.155982882 0.166489214 0.309509546 0.948456168 0.045575220 -0.050572783 1.116679192 3.029651642 -5.274440765 0.000000000 0.000000000 -12.000000000 0.109291032 1.185035229
1776612782.925121307 0.639349520 0.155803204 0.166493595 0.309421748 0.948525965 0.045462567 -0.049898293 1.055290818 3.043614626 -5.340211868 0.000000000 0.000000000 -12.000000000 0.109397799 1.185508490
1776612782.929604292 0.639138818 0.155645952 0.166513026 0.309315503 0.948602200 0.045368746 -0.049187720 0.997751117 3.053743839 -5.403494358 0.000000000 0.000000000 -12.000000000 0.109503202 1.185981512
1776612782.935158014 0.638894200 0.155512676 0.166513830 0.309208840 0.948676467 0.045278069 -0.048504867 0.944288611 3.059899807 -5.463776112 0.000000000 0.000000000 -12.000000000 0.109607123 1.186452746
1776612782.939634323 0.638615072 0.155387044 0.166539729 0.309115887 0.948744535 0.045184154 -0.047848962 0.895092309 3.061986208 -5.520586967 0.000000000 0.000000000 -12.000000000 0.109710120 1.186921954
1776612782.944666862 0.638296902 0.155265167 0.166546404 0.309041023 0.948804915 0.045076888 -0.047233395 0.850309610 3.059947491 -5.573498249 0.000000000 0.000000000 -12.000000000 0.109812006 1.187389493
1776612782.950220585 0.637941778 0.155155599 0.166526496 0.308980972 0.948858202 0.044965494 -0.046657845 0.810042679 3.053766251 -5.622124195 0.000000000 0.000000000 -12.000000000 0.109912418 1.187855124
1776612782.954605818 0.637635887 0.155082956 0.166524529 0.308928996 0.948908567 0.044904556 -0.046032175 0.774344325 3.043463707 -5.666121006 0.000000000 0.000000000 -12.000000000 0.110012159 1.188319445
1776612782.960245609 0.637382388 0.155056089 0.166542917 0.308873802 0.948959589 0.044904787 -0.045346130 0.743213832 3.029096842 -5.705187798 0.000000000 0.000000000 -12.000000000 0.110111378 1.188781977
1776612782.964590788 0.637093425 0.155049205 0.166542888 0.308821291 0.949007690 0.044908162 -0.044688582 0.716595829 3.010754347 -5.739066124 0.000000000 0.000000000 -12.000000000 0.110210299 1.189242244
1776612782.970172644 0.636763692 0.155073822 0.166530013 0.308784455 0.949047744 0.044925924 -0.044070210 0.694382906 2.988551140 -5.767539978 0.000000000 0.000000000 -12.000000000 0.110308811 1.189699054
1776612782.974642038 0.636413157 0.155132800 0.166519344 0.308793396 0.949069679 0.044976424 -0.043479726 0.676420093 2.962622404 -5.790433407 0.000000000 0.000000000 -12.000000000 0.110407226 1.190152287
1776612782.980279207 0.636046171 0.155230612 0.166493624 0.308836967 0.949077010 0.045057729 -0.042922270 0.662509382 2.933118582 -5.807611942 0.000000000 0.000000000 -12.000000000 0.110505201 1.190600991
1776612782.985107899 0.635722578 0.155365258 0.166496754 0.308882594 0.949082911 0.045193229 -0.042317603 0.652412534 2.900203705 -5.818980217 0.000000000 0.000000000 -12.000000000 0.110603251 1.191046238
1776612782.990002394 0.635449886 0.155528232 0.166527212 0.308930904 0.949087918 0.045375809 -0.041651331 0.645853519 2.864052773 -5.824481964 0.000000000 0.000000000 -12.000000000 0.110701568 1.191487551
1776612782.994593620 0.634828329 0.155871823 0.166574270 0.309115142 0.949065626 0.045746654 -0.040367626 0.642521858 2.824851274 -5.824098110 0.000000000 0.000000000 -12.000000000 0.110800639 1.191919565
1776612782.999601364 0.634828329 0.155871823 0.166574270 0.309115142 0.949065626 0.045746654 -0.040367626 0.642078876 2.782793999 -5.817844391 0.000000000 0.000000000 -12.000000000 0.110899851 1.192351580
1776612783.004693747 0.634453177 0.156036139 0.166583508 0.309207588 0.949051619 0.045919228 -0.039787732 0.644165397 2.738084793 -5.805767059 0.000000000 0.000000000 -12.000000000 0.110999033 1.192779064
1776612783.009637117 0.634088039 0.156207830 0.166577309 0.309296727 0.949037790 0.046104394 -0.039206602 0.648408830 2.690937519 -5.787943363 0.000000000 0.000000000 -12.000000000 0.111098640 1.193201423
1776612783.014997005 0.633787215 0.156399444 0.166600078 0.309383243 0.949025750 0.046323117 -0.038553264 0.654428422 2.641576767 -5.764479160 0.000000000 0.000000000 -12.000000000 0.111198761 1.193620205
1776612783.019689798 0.633166790 0.156787515 0.166603953 0.309459984 0.949033856 0.046728093 -0.037225138 0.661839783 2.590239525 -5.735509396 0.000000000 0.000000000 -12.000000000 0.111299433 1.194029450
1776612783.024587393 0.633166790 0.156787515 0.166603953 0.309459984 0.949033856 0.046728093 -0.037225138 0.670260072 2.537173033 -5.701195240 0.000000000 0.000000000 -12.000000000 0.111400731 1.194438696
1776612783.030215025 0.632775009 0.156956598 0.166582942 0.309462398 0.949048877 0.046875514 -0.036632709 0.679314673 2.482633114 -5.661722660 0.000000000 0.000000000 -12.000000000 0.111502767 1.194842577
1776612783.035197973 0.631939232 0.157284990 0.166536361 0.309424758 0.949091315 0.047140937 -0.035491806 0.688643634 2.426881313 -5.617298603 0.000000000 0.000000000 -12.000000000 0.111605696 1.195235968
1776612783.040298700 0.631939232 0.157284990 0.166536361 0.309424758 0.949091315 0.047140937 -0.035491806 0.697906137 2.370184183 -5.568151951 0.000000000 0.000000000 -12.000000000 0.111709513 1.195629358
1776612783.045206308 0.631385624 0.157631963 0.166616470 0.309263438 0.949178696 0.047525052 -0.034019131 0.706780851 2.312816381 -5.514533520 0.000000000 0.000000000 -12.000000000 0.111814506 1.196016669
1776612783.050171375 0.631385624 0.157631963 0.166616470 0.309263438 0.949178696 0.047525052 -0.034019131 0.714966059 2.255058289 -5.456714153 0.000000000 0.000000000 -12.000000000 0.111920528 1.196403980
1776612783.054931402 0.631040514 0.157769710 0.166609108 0.309155256 0.949231386 0.047660969 -0.033335768 0.722179770 2.197191954 -5.394983768 0.000000000 0.000000000 -12.000000000 0.112027325 1.196787596
1776612783.060179234 0.630530298 0.157897905 0.166556180 0.309040070 0.949283540 0.047712862 -0.032840315 0.728160799 2.139498472 -5.329647064 0.000000000 0.000000000 -12.000000000 0.112135313 1.197166800
1776612783.065248489 0.629434049 0.158164993 0.166437864 0.308801651 0.949388206 0.047776889 -0.031951696 0.732668996 2.082253695 -5.261020184 0.000000000 0.000000000 -12.000000000 0.112244278 1.197537661
1776612783.070185184 0.628945529 0.158325553 0.166444808 0.308654696 0.949449122 0.047849327 -0.031449560 0.735482156 2.025732279 -5.189432621 0.000000000 0.000000000 -12.000000000 0.112354435 1.197903156
1776612783.075195789 0.628407538 0.158512130 0.166446567 0.308500528 0.949510455 0.047919024 -0.031001508 0.736390233 1.970211148 -5.115228176 0.000000000 0.000000000 -12.000000000 0.112465903 1.198264956
1776612783.080304861 0.628407538 0.158512130 0.166446567 0.308500528 0.949510455 0.047919024 -0.031001508 0.735191345 1.915969849 -5.038765907 0.000000000 0.000000000 -12.000000000 0.112578720 1.198626757
1776612783.085102320 0.627726138 0.158725619 0.166429639 0.308338612 0.949571550 0.047939926 -0.030706655 0.731690049 1.863285422 -4.960415363 0.000000000 0.000000000 -12.000000000 0.112693019 1.198982835
1776612783.089691639 0.626896858 0.158976972 0.166405767 0.308166325 0.949632645 0.047915660 -0.030585084 0.725696683 1.812424779 -4.880554676 0.000000000 0.000000000 -12.000000000 0.112808719 1.199331284
1776612783.094635010 0.625986934 0.159254670 0.166378081 0.307998210 0.949689984 0.047868285 -0.030572079 0.717027664 1.763639331 -4.799567223 0.000000000 0.000000000 -12.000000000 0.112925783 1.199675441
1776612783.099597454 0.625140548 0.159538582 0.166389704 0.307853520 0.949739516 0.047855888 -0.030510228 0.705505073 1.717162967 -4.717844963 0.000000000 0.000000000 -12.000000000 0.113044485 1.200015545
1776612783.104831219 0.624288023 0.159829170 0.166410357 0.307723969 0.949782610 0.047858212 -0.030472878 0.690957606 1.673211098 -4.635787487 0.000000000 0.000000000 -12.000000000 0.113164678 1.200353384
1776612783.110234499 0.623352945 0.160123318 0.166402519 0.307609379 0.949819148 0.047830090 -0.030535147 0.673225403 1.631978154 -4.553798199 0.000000000 0.000000000 -12.000000000 0.113286346 1.200687170
1776612783.115235090 0.621295750 0.160760537 0.166341662 0.307412595 0.949878335 0.047701560 -0.030874873 0.652169168 1.593628764 -4.472283363 0.000000000 0.000000000 -12.000000000 0.113409199 1.201008797
1776612783.120241880 0.621295750 0.160760537 0.166341662 0.307412595 0.949878335 0.047701560 -0.030874873 0.627682507 1.558289647 -4.391645908 0.000000000 0.000000000 -12.000000000 0.113533452 1.201330423
1776612783.125398874 0.619617283 0.161394626 0.166341066 0.307244927 0.949936450 0.047679160 -0.030788656 0.599705100 1.526041985 -4.312283516 0.000000000 0.000000000 -12.000000000 0.113659590 1.201643944
1776612783.130149126 0.619617283 0.161394626 0.166341066 0.307244927 0.949936450 0.047679160 -0.030788656 0.568235457 1.496916890 -4.234587669 0.000000000 0.000000000 -12.000000000 0.113787070 1.201957464
1776612783.135495663 0.618235290 0.162162006 0.166316837 0.307023764 0.950018048 0.047786858 -0.030307811 0.533341885 1.470893383 -4.158936024 0.000000000 0.000000000 -12.000000000 0.113916218 1.202261329
1776612783.139831305 0.617646158 0.162532926 0.166305125 0.306905061 0.950065017 0.047858477 -0.029921733 0.495167285 1.447896957 -4.085685730 0.000000000 0.000000000 -12.000000000 0.114046983 1.202560306
1776612783.145222425 0.617646158 0.162532926 0.166305125 0.306905061 0.950065017 0.047858477 -0.029921733 0.453929454 1.427798748 -4.015170574 0.000000000 0.000000000 -12.000000000 0.114178948 1.202859044
1776612783.149645090 0.616649866 0.163202345 0.166244090 0.306661993 0.950170219 0.047960721 -0.028892405 0.409917533 1.410418034 -3.947696209 0.000000000 0.000000000 -12.000000000 0.114312746 1.203152418
1776612783.154866457 0.616649866 0.163202345 0.166244090 0.306661993 0.950170219 0.047960721 -0.028892405 0.363485664 1.395528316 -3.883539677 0.000000000 0.000000000 -12.000000000 0.114447623 1.203445554
1776612783.159765244 0.616278470 0.163479224 0.166237652 0.306533575 0.950229466 0.048003875 -0.028226675 0.315042734 1.382869124 -3.822950840 0.000000000 0.000000000 -12.000000000 0.114583664 1.203737974
1776612783.165265083 0.615937829 0.163725853 0.166230679 0.306395322 0.950294852 0.048011869 -0.027504470 0.265039861 1.372160435 -3.766151667 0.000000000 0.000000000 -12.000000000 0.114720665 1.204029202
1776612783.169708014 0.615170479 0.164060906 0.166177362 0.306003153 0.950470865 0.047821905 -0.026080884 0.213957518 1.363114834 -3.713335991 0.000000000 0.000000000 -12.000000000 0.114858538 1.204319715
1776612783.175197601 0.615170479 0.164060906 0.166177362 0.306003153 0.950470865 0.047821905 -0.026080884 0.162293255 1.355446577 -3.664671898 0.000000000 0.000000000 -12.000000000 0.114997238 1.204608917
1776612783.180292606 0.614245355 0.164279133 0.166089058 0.305491239 0.950695157 0.047333252 -0.024765393 0.110547811 1.348880172 -3.620301962 0.000000000 0.000000000 -12.000000000 0.115136802 1.204897404
1776612783.185176849 0.613805592 0.164389789 0.166072041 0.305168241 0.950830519 0.047051944 -0.024077663 0.059210341 1.343161225 -3.580345869 0.000000000 0.000000000 -12.000000000 0.115276515 1.205183506
1776612783.190133810 0.613383532 0.164502904 0.166083544 0.304844588 0.950966895 0.046751216 -0.023367180 0.008743497 1.338065267 -3.544902086 0.000000000 0.000000000 -12.000000000 0.115416810 1.205468535
1776612783.195301533 0.613383532 0.164502904 0.166083544 0.304844588 0.950966895 0.046751216 -0.023367180 -0.040429328 1.333405018 -3.514050722 0.000000000 0.000000000 -12.000000000 0.115557633 1.205753326
1776612783.199666500 0.612901807 0.164592251 0.166075408 0.304506540 0.951108277 0.046397883 -0.022717297 -0.087932035 1.329033256 -3.487854719 0.000000000 0.000000000 -12.000000000 0.115698740 1.206036568
1776612783.204656839 0.612307310 0.164659902 0.166041940 0.304153830 0.951254785 0.045962550 -0.022187132 -0.133439094 1.324841976 -3.466360092 0.000000000 0.000000000 -12.000000000 0.115840003 1.206318498
1776612783.209670067 0.611691654 0.164701879 0.166003287 0.303841472 0.951388776 0.045489110 -0.021689717 -0.176676154 1.320759654 -3.449594975 0.000000000 0.000000000 -12.000000000 0.115981102 1.206599832
1776612783.214621782 0.611049891 0.164746046 0.165940315 0.303540617 0.951518536 0.044998337 -0.021230709 -0.217419654 1.316748381 -3.437571764 0.000000000 0.000000000 -12.000000000 0.116122186 1.206881046
1776612783.219595909 0.610394835 0.164778382 0.165865541 0.303267986 0.951639533 0.044477928 -0.020796178 -0.255496860 1.312802672 -3.430285931 0.000000000 0.000000000 -12.000000000 0.116263375 1.207163215
1776612783.224588633 0.609764874 0.164840519 0.165815800 0.303024322 0.951749682 0.043985922 -0.020347105 -0.290786296 1.308946252 -3.427715540 0.000000000 0.000000000 -12.000000000 0.116404422 1.207446218
1776612783.229604244 0.609150350 0.164949074 0.165792793 0.302803963 0.951850235 0.043533463 -0.019892581 -0.323217750 1.305228949 -3.429822922 0.000000000 0.000000000 -12.000000000 0.116544843 1.207727075
1776612783.235274553 0.608519912 0.165124387 0.165779173 0.302617222 0.951936662 0.043133307 -0.019465612 -0.352770388 1.301719189 -3.436553478 0.000000000 0.000000000 -12.000000000 0.116684482 1.208004594
1776612783.239787817 0.607872546 0.165334791 0.165778279 0.302485526 0.952002764 0.042771287 -0.019074144 -0.379469126 1.298493385 -3.447835207 0.000000000 0.000000000 -12.000000000 0.116823502 1.208278418
1776612783.244660854 0.607172310 0.165578887 0.165770799 0.302390665 0.952054918 0.042421076 -0.018756347 -0.403378963 1.295624018 -3.463578939 0.000000000 0.000000000 -12.000000000 0.116961785 1.208548784
1776612783.249627829 0.606506526 0.165876329 0.165768474 0.302336752 0.952090681 0.042147469 -0.018422002 -0.424599618 1.293169498 -3.483677387 0.000000000 0.000000000 -12.000000000 0.117099598 1.208816171
1776612783.254651546 0.605887115 0.166248769 0.165796608 0.302321196 0.952110171 0.041974060 -0.018063579 -0.443261057 1.291166425 -3.508006334 0.000000000 0.000000000 -12.000000000 0.117236920 1.209079504
1776612783.259741545 0.605343282 0.166706368 0.165853530 0.302357346 0.952107787 0.041937184 -0.017664507 -0.459520072 1.289621353 -3.536425114 0.000000000 0.000000000 -12.000000000 0.117373742 1.209338427
1776612783.265195131 0.604832053 0.167213142 0.165929049 0.302447110 0.952084124 0.041994419 -0.017264483 -0.473557413 1.288502693 -3.568776846 0.000000000 0.000000000 -12.000000000 0.117509507 1.209591150
1776612783.270144701 0.604324281 0.167750895 0.165985852 0.302598536 0.952036738 0.042127453 -0.016896043 -0.485574991 1.287733793 -3.604889154 0.000000000 0.000000000 -12.000000000 0.117644861 1.209841490
1776612783.274882555 0.603428841 0.168956086 0.166109890 0.302961916 0.951911688 0.042645238 -0.016113088 -0.495792180 1.287189603 -3.644572973 0.000000000 0.000000000 -12.000000000 0.117780112 1.210085988
1776612783.279662132 0.603428841 0.168956086 0.166109890 0.302961916 0.951911688 0.042645238 -0.016113088 -0.504440725 1.286699414 -3.687621593 0.000000000 0.000000000 -12.000000000 0.117914654 1.210330844
1776612783.284615755 0.602961540 0.169643000 0.166142672 0.303140998 0.951844573 0.042991910 -0.015783580 -0.511759162 1.286053419 -3.733808279 0.000000000 0.000000000 -12.000000000 0.118048489 1.210571170
1776612783.289649010 0.602488339 0.170401782 0.166169167 0.303266406 0.951791167 0.043397404 -0.015484977 -0.517989635 1.285012603 -3.782886267 0.000000000 0.000000000 -12.000000000 0.118181832 1.210806608
1776612783.294655323 0.602070093 0.171216443 0.166216463 0.303360224 0.951744437 0.043881975 -0.015147541 -0.523376286 1.283318520 -3.834589720 0.000000000 0.000000000 -12.000000000 0.118314974 1.211037517
1776612783.299641609 0.601706266 0.172035962 0.166281581 0.303418696 0.951708019 0.044396140 -0.014760130 -0.528164685 1.280703187 -3.888637066 0.000000000 0.000000000 -12.000000000 0.118447453 1.211262822
1776612783.304599285 0.601353705 0.172872156 0.166361034 0.303448290 0.951679051 0.044940069 -0.014369868 -0.532599330 1.276897669 -3.944734335 0.000000000 0.000000000 -12.000000000 0.118579142 1.211482167
1776612783.309642553 0.600951731 0.173724845 0.166429132 0.303430140 0.951664090 0.045481652 -0.014038461 -0.536920428 1.271639585 -4.002576828 0.000000000 0.000000000 -12.000000000 0.118710376 1.211697221
1776612783.314633608 0.600491405 0.174578533 0.166497231 0.303386956 0.951656640 0.046002794 -0.013773015 -0.541359663 1.264678240 -4.061851025 0.000000000 0.000000000 -12.000000000 0.118840910 1.211907744
1776612783.319579840 0.599977851 0.175410569 0.166547269 0.303308815 0.951661706 0.046472844 -0.013565399 -0.546137214 1.255782962 -4.122239113 0.000000000 0.000000000 -12.000000000 0.118970305 1.212113142
1776612783.324584961 0.599424005 0.176221684 0.166569144 0.303195417 0.951679587 0.046893388 -0.013396954 -0.551459908 1.244753361 -4.183419704 0.000000000 0.000000000 -12.000000000 0.119098395 1.212313652
1776612783.330157280 0.598821163 0.177020267 0.166573733 0.303039581 0.951713085 0.047254249 -0.013277593 -0.557519495 1.231428981 -4.245075703 0.000000000 0.000000000 -12.000000000 0.119225360 1.212510824
1776612783.334602833 0.598181903 0.177793592 0.166580766 0.302835017 0.951764703 0.047549743 -0.013188646 -0.564491749 1.215699434 -4.306896687 0.000000000 0.000000000 -12.000000000 0.119351238 1.212705851
1776612783.340132952 0.597527921 0.178547829 0.166599363 0.302582383 0.951834619 0.047782738 -0.013099517 -0.572534263 1.197511911 -4.368587494 0.000000000 0.000000000 -12.000000000 0.119476080 1.212898493
1776612783.344638348 0.596810579 0.179289997 0.166617453 0.302294582 0.951918483 0.047941461 -0.013070611 -0.581785321 1.176877737 -4.429871559 0.000000000 0.000000000 -12.000000000 0.119600087 1.213091016
1776612783.350482225 0.596008360 0.180012375 0.166633338 0.301982552 0.952012777 0.048020329 -0.013125283 -0.592364788 1.153873563 -4.490497589 0.000000000 0.000000000 -12.000000000 0.119723186 1.213283777
1776612783.354603291 0.595178485 0.180724457 0.166648328 0.301678270 0.952106059 0.048056949 -0.013219706 -0.604377329 1.128640294 -4.550240993 0.000000000 0.000000000 -12.000000000 0.119844511 1.213474631
1776612783.360217094 0.594286740 0.181384429 0.166645706 0.301432550 0.952183545 0.048015580 -0.013395257 -0.617916405 1.101377130 -4.608907700 0.000000000 0.000000000 -12.000000000 0.119965076 1.213669777
1776612783.365174770 0.593359351 0.182025686 0.166634262 0.301218063 0.952252388 0.047930706 -0.013626074 -0.633065999 1.072334886 -4.666335583 0.000000000 0.000000000 -12.000000000 0.120084666 1.213870287
1776612783.369659185 0.592387199 0.182634592 0.166599244 0.301054358 0.952306807 0.047793128 -0.013921591 -0.649901330 1.041807175 -4.722395420 0.000000000 0.000000000 -12.000000000 0.120203301 1.214076519
1776612783.375180960 0.591381907 0.183230713 0.166555762 0.300924927 0.952351749 0.047610670 -0.014266222 -0.668487608 1.010119677 -4.776988029 0.000000000 0.000000000 -12.000000000 0.120320678 1.214289427
1776612783.379636526 0.590376079 0.183857456 0.166541308 0.300848871 0.952378035 0.047453120 -0.014636246 -0.688879967 0.977620065 -4.830045700 0.000000000 0.000000000 -12.000000000 0.120437615 1.214510441
1776612783.385109425 0.589409471 0.184498817 0.166557729 0.300803840 0.952393413 0.047320802 -0.014985187 -0.711123288 0.944666743 -4.881530285 0.000000000 0.000000000 -12.000000000 0.120553993 1.214739203
1776612783.389839172 0.587582111 0.185821488 0.166686922 0.300794065 0.952397108 0.047110226 -0.015599101 -0.735250771 0.911618531 -4.931432724 0.000000000 0.000000000 -12.000000000 0.120669454 1.214976668
1776612783.395289421 0.587582111 0.185821488 0.166686922 0.300794065 0.952397108 0.047110226 -0.015599101 -0.761280000 0.878824651 -4.979770184 0.000000000 0.000000000 -12.000000000 0.120784186 1.215214372
1776612783.399842978 0.585791886 0.187205315 0.166789949 0.300815642 0.952389002 0.046928696 -0.016210997 -0.789208293 0.846614063 -5.026582241 0.000000000 0.000000000 -12.000000000 0.120898388 1.215464354
1776612783.405104160 0.585791886 0.187205315 0.166789949 0.300815642 0.952389002 0.046928696 -0.016210997 -0.819007576 0.815284789 -5.071926117 0.000000000 0.000000000 -12.000000000 0.121011905 1.215714693
1776612783.409749985 0.584300935 0.188655064 0.166917920 0.300826430 0.952381372 0.046903122 -0.016530972 -0.850619018 0.785095036 -5.115874767 0.000000000 0.000000000 -12.000000000 0.121123038 1.215965152
1776612783.414645195 0.584300935 0.188655064 0.166917920 0.300826430 0.952381372 0.046903122 -0.016530972 -0.883948207 0.756255746 -5.158509254 0.000000000 0.000000000 -12.000000000 0.121233568 1.216216087
1776612783.419599056 0.583678603 0.189404070 0.166991979 0.300817072 0.952380836 0.046963118 -0.016561640 -0.918860614 0.728922784 -5.199920177 0.000000000 0.000000000 -12.000000000 0.121343441 1.216470003
1776612783.424612761 0.583147585 0.190167755 0.167085052 0.300805807 0.952380061 0.047075253 -0.016492579 -0.955177903 0.703188062 -5.240199089 0.000000000 0.000000000 -12.000000000 0.121452577 1.216726184
1776612783.429713488 0.582389832 0.191862226 0.167288005 0.300718963 0.952390432 0.047568481 -0.016056787 -0.992677629 0.679073989 -5.279441357 0.000000000 0.000000000 -12.000000000 0.121561408 1.216983557
1776612783.434564829 0.582389832 0.191862226 0.167288005 0.300718963 0.952390432 0.047568481 -0.016056787 -1.031096697 0.656531096 -5.317739964 0.000000000 0.000000000 -12.000000000 0.121669695 1.217241406
1776612783.440069437 0.582159758 0.192829251 0.167413116 0.300658733 0.952394485 0.047981441 -0.015712574 -1.070136905 0.635436893 -5.355185509 0.000000000 0.000000000 -12.000000000 0.121777378 1.217496753
1776612783.444581747 0.581983030 0.193809152 0.167522728 0.300610721 0.952392399 0.048446763 -0.015325721 -1.109472632 0.615597069 -5.391860962 0.000000000 0.000000000 -12.000000000 0.121884771 1.217752218
1776612783.449815989 0.581882060 0.194843397 0.167641044 0.300566435 0.952385366 0.048995409 -0.014880328 -1.148759484 0.596752226 -5.427841187 0.000000000 0.000000000 -12.000000000 0.121991076 1.218005061
1776612783.454863310 0.581856310 0.195938393 0.167781115 0.300525665 0.952372491 0.049641628 -0.014377505 -1.187643409 0.578589141 -5.463186741 0.000000000 0.000000000 -12.000000000 0.122096457 1.218255997
1776612783.459603548 0.581883013 0.197087213 0.167933166 0.300496548 0.952351391 0.050366856 -0.013849447 -1.225769162 0.560754061 -5.497945309 0.000000000 0.000000000 -12.000000000 0.122200847 1.218504786
1776612783.465106487 0.581915081 0.198267460 0.168079674 0.300490439 0.952319443 0.051139053 -0.013338705 -1.262788892 0.542866528 -5.532148361 0.000000000 0.000000000 -12.000000000 0.122305058 1.218752861
1776612783.469588041 0.581969321 0.199454337 0.168225259 0.300513297 0.952275813 0.051940825 -0.012831342 -1.298371077 0.524533391 -5.565810680 0.000000000 0.000000000 -12.000000000 0.122408345 1.219002008
1776612783.474951506 0.581981719 0.200675964 0.168352216 0.300541192 0.952228010 0.052756969 -0.012391191 -1.332209110 0.505363226 -5.598931313 0.000000000 0.000000000 -12.000000000 0.122511379 1.219254494
1776612783.479581118 0.581951201 0.201941669 0.168478370 0.300572008 0.952175975 0.053596307 -0.012033161 -1.364033461 0.484981954 -5.631494522 0.000000000 0.000000000 -12.000000000 0.122614138 1.219510555
1776612783.484859467 0.581840336 0.203246906 0.168609619 0.300605446 0.952120483 0.054442860 -0.011788525 -1.393621802 0.463048458 -5.663470745 0.000000000 0.000000000 -12.000000000 0.122716792 1.219772220
1776612783.490102768 0.581679583 0.204570591 0.168760270 0.300630808 0.952066302 0.055279940 -0.011618803 -1.420808315 0.439269215 -5.694819927 0.000000000 0.000000000 -12.000000000 0.122819372 1.220039248
1776612783.494707346 0.581395864 0.205903083 0.168908924 0.300644070 0.952016056 0.056071617 -0.011598074 -1.445489049 0.413411379 -5.725495815 0.000000000 0.000000000 -12.000000000 0.122921981 1.220315099
1776612783.499576092 0.580978334 0.207217038 0.169050425 0.300640345 0.951973259 0.056785170 -0.011734383 -1.467625618 0.385314703 -5.755445004 0.000000000 0.000000000 -12.000000000 0.123025030 1.220599771
1776612783.505092144 0.580475569 0.208478674 0.169181108 0.300618947 0.951939940 0.057403821 -0.011972615 -1.487246275 0.354901910 -5.784615040 0.000000000 0.000000000 -12.000000000 0.123128027 1.220896363
1776612783.510113239 0.579875410 0.209676400 0.169275910 0.300591886 0.951913357 0.057908695 -0.012331635 -1.504443049 0.322186738 -5.812951088 0.000000000 0.000000000 -12.000000000 0.123230763 1.221205711
1776612783.515111923 0.579208672 0.210808694 0.169345468 0.300528526 0.951904118 0.058293380 -0.012769670 -1.519364953 0.287278920 -5.840404034 0.000000000 0.000000000 -12.000000000 0.123333082 1.221529245
1776612783.520484209 0.578500152 0.211847559 0.169393122 0.300420225 0.951916873 0.058537982 -0.013239845 -1.532204747 0.250383765 -5.866929054 0.000000000 0.000000000 -12.000000000 0.123435192 1.221865892
1776612783.525112152 0.577805102 0.212793946 0.169445366 0.300253838 0.951955259 0.058668088 -0.013669765 -1.543180943 0.211796060 -5.892490387 0.000000000 0.000000000 -12.000000000 0.123537153 1.222215772
1776612783.530243635 0.577144325 0.213654950 0.169514507 0.300016165 0.952024043 0.058684666 -0.014023711 -1.552518249 0.171888322 -5.917062283 0.000000000 0.000000000 -12.000000000 0.123638764 1.222578764
1776612783.534731865 0.576531112 0.214440465 0.169565767 0.299722254 0.952117443 0.058604263 -0.014301190 -1.560428381 0.131095096 -5.940632820 0.000000000 0.000000000 -12.000000000 0.123740174 1.222951889
1776612783.539552450 0.575968385 0.215191603 0.169592887 0.299403965 0.952222705 0.058468189 -0.014513348 -1.567096829 0.089894719 -5.963202953 0.000000000 0.000000000 -12.000000000 0.123841129 1.223335147
1776612783.544673681 0.575500906 0.215888336 0.169600695 0.299061686 0.952339947 0.058286577 -0.014610560 -1.572674155 0.048790447 -5.984786987 0.000000000 0.000000000 -12.000000000 0.123941891 1.223724484
1776612783.549594402 0.575148582 0.216495037 0.169597983 0.298717141 0.952464342 0.058032256 -0.014560682 -1.577268600 0.008291625 -6.005414486 0.000000000 0.000000000 -12.000000000 0.124042429 1.224118352
1776612783.554603577 0.574866295 0.217020541 0.169588566 0.298369855 0.952595532 0.057700168 -0.014417219 -1.580940843 -0.031104036 -6.025127888 0.000000000 0.000000000 -12.000000000 0.124142833 1.224515915
1776612783.559692621 0.574692845 0.217495173 0.169598401 0.298053712 0.952719867 0.057346497 -0.014148485 -1.583700061 -0.068926044 -6.043985844 0.000000000 0.000000000 -12.000000000 0.124242932 1.224915147
1776612783.564646959 0.574603736 0.217932999 0.169628859 0.297758073 0.952839732 0.056977961 -0.013786810 -1.585505605 -0.104744315 -6.062061310 0.000000000 0.000000000 -12.000000000 0.124342762 1.225315809
1776612783.569642067 0.574610293 0.218318895 0.169669122 0.297498703 0.952950895 0.056585494 -0.013311693 -1.586268306 -0.138180166 -6.079443455 0.000000000 0.000000000 -12.000000000 0.124442309 1.225716233
1776612783.574534178 0.574718177 0.218676895 0.169716924 0.297287375 0.953047812 0.056197919 -0.012724766 -1.585855603 -0.168915719 -6.096236229 0.000000000 0.000000000 -12.000000000 0.124541603 1.226115108
1776612783.579543591 0.574927390 0.219013065 0.169782996 0.297100216 0.953137934 0.055811595 -0.012026448 -1.584096551 -0.196703002 -6.112558842 0.000000000 0.000000000 -12.000000000 0.124640308 1.226513982
1776612783.584624052 0.575190842 0.219360292 0.169846833 0.296933711 0.953221262 0.055429965 -0.011272840 -1.580787778 -0.221371979 -6.128540993 0.000000000 0.000000000 -12.000000000 0.124738701 1.226909757
1776612783.589677811 0.575504243 0.219723001 0.169917077 0.296790898 0.953295887 0.055067677 -0.010473578 -1.575699568 -0.242835671 -6.144326210 0.000000000 0.000000000 -12.000000000 0.124836475 1.227303386
1776612783.594572783 0.575858533 0.220094934 0.170007825 0.296677738 0.953359544 0.054723904 -0.009651560 -1.568582058 -0.261091590 -6.160065174 0.000000000 0.000000000 -12.000000000 0.124933787 1.227693558
1776612783.599594831 0.576237619 0.220470577 0.170099735 0.296596169 0.953411639 0.054396268 -0.008830366 -1.559172034 -0.276219219 -6.175917625 0.000000000 0.000000000 -12.000000000 0.125030726 1.228080034
1776612783.604652166 0.576598942 0.220826268 0.170171767 0.296535283 0.953457475 0.054043468 -0.008058434 -1.547202945 -0.288372904 -6.192046642 0.000000000 0.000000000 -12.000000000 0.125127167 1.228463888
1776612783.610033989 0.576967418 0.221159905 0.170246184 0.296500772 0.953494906 0.053676847 -0.007316958 -1.532415271 -0.297770172 -6.208617210 0.000000000 0.000000000 -12.000000000 0.125223145 1.228845000
1776612783.615054846 0.577323198 0.221480638 0.170320243 0.296478748 0.953528225 0.053294886 -0.006628737 -1.514568329 -0.304676265 -6.225796223 0.000000000 0.000000000 -12.000000000 0.125318721 1.229223132
1776612783.620119572 0.577605128 0.221785605 0.170383126 0.296454519 0.953563571 0.052864484 -0.006049214 -1.493451715 -0.309389919 -6.243748188 0.000000000 0.000000000 -12.000000000 0.125413984 1.229598880
1776612783.625056982 0.577821732 0.222082168 0.170441836 0.296422988 0.953602135 0.052395754 -0.005571115 -1.468893886 -0.312231094 -6.262635708 0.000000000 0.000000000 -12.000000000 0.125508845 1.229973555
1776612783.629954815 0.577983618 0.222379446 0.170503795 0.296379387 0.953644812 0.051903322 -0.005181574 -1.440769792 -0.313530684 -6.282618046 0.000000000 0.000000000 -12.000000000 0.125603274 1.230348229
1776612783.634934187 0.578054965 0.222667038 0.170552373 0.296311170 0.953696787 0.051360853 -0.004913119 -1.409005046 -0.313622117 -6.303846359 0.000000000 0.000000000 -12.000000000 0.125697374 1.230723858
1776612783.640182018 0.578062117 0.222950682 0.170585454 0.296230435 0.953753769 0.050782584 -0.004738122 -1.373579025 -0.312833995 -6.326462746 0.000000000 0.000000000 -12.000000000 0.125791118 1.231101155
1776612783.644649029 0.578031003 0.223233640 0.170615762 0.296142101 0.953813195 0.050187979 -0.004630624 -1.334526777 -0.311484426 -6.350596905 0.000000000 0.000000000 -12.000000000 0.125884444 1.231480002
1776612783.649665356 0.577926278 0.223504230 0.170644701 0.296043694 0.953876913 0.049553290 -0.004625279 -1.291940689 -0.309877127 -6.376364231 0.000000000 0.000000000 -12.000000000 0.125977367 1.231861949
1776612783.655062914 0.577772379 0.223765224 0.170663327 0.295948178 0.953940511 0.048889041 -0.004692743 -1.245969296 -0.308298856 -6.403862000 0.000000000 0.000000000 -12.000000000 0.126069859 1.232246995
1776612783.660146952 0.577772379 0.223765224 0.170663327 0.295948178 0.953940511 0.048889041 -0.004692743 -1.196814060 -0.307017714 -6.433167934 0.000000000 0.000000000 -12.000000000 0.126161903 1.232632637
1776612783.665056944 0.577498674 0.224244922 0.170699626 0.295796335 0.954053342 0.047567956 -0.004898845 -1.144725204 -0.306282043 -6.464339256 0.000000000 0.000000000 -12.000000000 0.126253352 1.233023643
1776612783.670064688 0.577394307 0.224480703 0.170713395 0.295755506 0.954096735 0.046934575 -0.005023469 -1.089994669 -0.306321502 -6.497410774 0.000000000 0.000000000 -12.000000000 0.126344278 1.233416796
1776612783.674820185 0.577267647 0.224715576 0.170711845 0.295746356 0.954129398 0.046304155 -0.005206681 -1.032949805 -0.307349801 -6.532394886 0.000000000 0.000000000 -12.000000000 0.126434535 1.233812690
1776612783.680095196 0.577204466 0.224944726 0.170727730 0.295785278 0.954144716 0.045717318 -0.005369241 -0.973946512 -0.309567243 -6.569281578 0.000000000 0.000000000 -12.000000000 0.126524225 1.234209418
1776612783.684764385 0.577239335 0.225188583 0.170768112 0.295845807 0.954150498 0.045191426 -0.005464023 -0.913364291 -0.313162476 -6.608039856 0.000000000 0.000000000 -12.000000000 0.126613334 1.234605789
1776612783.689604044 0.577333450 0.225469634 0.170818150 0.295931786 0.954145312 0.044726692 -0.005534019 -0.851598561 -0.318314373 -6.648619652 0.000000000 0.000000000 -12.000000000 0.126701757 1.235000253
1776612783.694544554 0.577447712 0.225777969 0.170871049 0.296012461 0.954140067 0.044293560 -0.005611841 -0.789052129 -0.325193524 -6.690952778 0.000000000 0.000000000 -12.000000000 0.126789466 1.235392332
1776612783.700014591 0.577601969 0.226107880 0.170919895 0.296120048 0.954124033 0.043908358 -0.005684421 -0.726127148 -0.333962888 -6.734956741 0.000000000 0.000000000 -12.000000000 0.126876503 1.235782146
1776612783.704592466 0.577960134 0.226722911 0.170974076 0.296411812 0.954065442 0.043179683 -0.005890208 -0.663218200 -0.344777495 -6.780534744 0.000000000 0.000000000 -12.000000000 0.126962870 1.236169577
1776612783.710013390 0.577960134 0.226722911 0.170974076 0.296411812 0.954065442 0.043179683 -0.005890208 -0.600706100 -0.357783914 -6.827582836 0.000000000 0.000000000 -12.000000000 0.127048537 1.236554742
1776612783.714901209 0.578357220 0.227365583 0.171011657 0.296768188 0.953980386 0.042563159 -0.006201548 -0.538952708 -0.373119563 -6.875988007 0.000000000 0.000000000 -12.000000000 0.127133474 1.236935258
1776612783.719672680 0.578357220 0.227365583 0.171011657 0.296768188 0.953980386 0.042563159 -0.006201548 -0.478296846 -0.390913248 -6.925637245 0.000000000 0.000000000 -12.000000000 0.127217680 1.237316370
1776612783.724781036 0.578554928 0.227710187 0.171034127 0.296939552 0.953938007 0.042287920 -0.006399592 -0.419051528 -0.411286235 -6.976414680 0.000000000 0.000000000 -12.000000000 0.127301127 1.237695813
1776612783.729974747 0.578747630 0.228055254 0.171064824 0.297102422 0.953897476 0.042023055 -0.006617635 -0.361500651 -0.434352219 -7.028209209 0.000000000 0.000000000 -12.000000000 0.127383754 1.238074422
1776612783.734601974 0.578947067 0.228416905 0.171100140 0.297234088 0.953865707 0.041774075 -0.006858493 -0.305896014 -0.460215628 -7.080915451 0.000000000 0.000000000 -12.000000000 0.127465621 1.238451838
1776612783.739854097 0.579176724 0.228784800 0.171164542 0.297356367 0.953835726 0.041549481 -0.007089588 -0.252454311 -0.488968849 -7.134436607 0.000000000 0.000000000 -12.000000000 0.127546638 1.238828063
1776612783.744553566 0.579416633 0.229143694 0.171221077 0.297463119 0.953810096 0.041329712 -0.007336136 -0.201355144 -0.520688951 -7.188689709 0.000000000 0.000000000 -12.000000000 0.127626941 1.239202261
1776612783.749796391 0.579622149 0.229503736 0.171259433 0.297549754 0.953790545 0.041102536 -0.007636037 -0.152739361 -0.555435956 -7.243604183 0.000000000 0.000000000 -12.000000000 0.127706409 1.239576459
1776612783.754997015 0.579780698 0.229835406 0.171273440 0.297632396 0.953772902 0.040841892 -0.008009602 -0.106708579 -0.593252361 -7.299124241 0.000000000 0.000000000 -12.000000000 0.127785057 1.239950538
1776612783.760036707 0.579912901 0.230149731 0.171273053 0.297690213 0.953763664 0.040551703 -0.008423355 -0.063326322 -0.634161711 -7.355210781 0.000000000 0.000000000 -12.000000000 0.127862915 1.240324497
1776612783.765509367 0.580230415 0.230712786 0.171251982 0.297789961 0.953749180 0.039971404 -0.009272345 -0.022620911 -0.678166628 -7.411836624 0.000000000 0.000000000 -12.000000000 0.127939969 1.240696311
1776612783.770119190 0.580230415 0.230712786 0.171251982 0.297789961 0.953749180 0.039971404 -0.009272345 0.015410519 -0.725246012 -7.468990803 0.000000000 0.000000000 -12.000000000 0.128016219 1.241068125
1776612783.774991512 0.580574214 0.231245607 0.171279699 0.297890335 0.953732193 0.039404683 -0.010175931 0.050797526 -0.775353491 -7.526672363 0.000000000 0.000000000 -12.000000000 0.128091663 1.241437793
1776612783.780079365 0.580574214 0.231245607 0.171279699 0.297890335 0.953732193 0.039404683 -0.010175931 0.083591893 -0.828417599 -7.584894180 0.000000000 0.000000000 -12.000000000 0.128166288 1.241807461
1776612783.785071850 0.580784380 0.231501669 0.171331376 0.297952592 0.953718305 0.039151311 -0.010623218 0.113863237 -0.884344518 -7.643678665 0.000000000 0.000000000 -12.000000000 0.128240108 1.242175937
1776612783.790001631 0.580968916 0.231767803 0.171373457 0.298014879 0.953703523 0.038898204 -0.011119095 0.141694188 -0.943022549 -7.703058243 0.000000000 0.000000000 -12.000000000 0.128313094 1.242543578
1776612783.794605494 0.581084728 0.232029244 0.171386153 0.298070818 0.953690827 0.038610455 -0.011696076 0.167175770 -1.004327655 -7.763071537 0.000000000 0.000000000 -12.000000000 0.128385231 1.242911100
1776612783.799657345 0.581165254 0.232285678 0.171384782 0.298131853 0.953675926 0.038310573 -0.012327260 0.190404445 -1.068129539 -7.823764324 0.000000000 0.000000000 -12.000000000 0.128456488 1.243279457
1776612783.804778099 0.581236780 0.232521147 0.171367496 0.298213899 0.953653812 0.038002562 -0.012986867 0.211480469 -1.134296179 -7.885188103 0.000000000 0.000000000 -12.000000000 0.128526896 1.243648171
1776612783.809986591 0.581327558 0.232763678 0.171352655 0.298307180 0.953626752 0.037718464 -0.013643434 0.230506212 -1.202695847 -7.947402000 0.000000000 0.000000000 -12.000000000 0.128596425 1.244017124
1776612783.815042496 0.581447423 0.233038634 0.171356142 0.298413217 0.953593850 0.037473641 -0.014285884 0.247584030 -1.273196220 -8.010471344 0.000000000 0.000000000 -12.000000000 0.128665045 1.244385719
1776612783.819611311 0.581617177 0.233342111 0.171404600 0.298511773 0.953561664 0.037272200 -0.014886090 0.262814581 -1.345665693 -8.074469566 0.000000000 0.000000000 -12.000000000 0.128732771 1.244753361
1776612783.825002670 0.581801176 0.233636424 0.171449959 0.298595101 0.953534126 0.037069488 -0.015474387 0.276296377 -1.419975042 -8.139476776 0.000000000 0.000000000 -12.000000000 0.128799573 1.245120049
1776612783.829579830 0.582067370 0.234165117 0.171482027 0.298735529 0.953487813 0.036567930 -0.016760129 0.288127333 -1.496000290 -8.205581665 0.000000000 0.000000000 -12.000000000 0.128865451 1.245483994
1776612783.834987402 0.582067370 0.234165117 0.171482027 0.298735529 0.953487813 0.036567930 -0.016760129 0.298407793 -1.573626161 -8.272878647 0.000000000 0.000000000 -12.000000000 0.128930375 1.245847940
1776612783.839609623 0.582209766 0.234395027 0.171494961 0.298813701 0.953461826 0.036300559 -0.017412718 0.307242930 -1.652747273 -8.341468811 0.000000000 0.000000000 -12.000000000 0.128994316 1.246211529
1776612783.844996929 0.582389295 0.234621838 0.171506017 0.298894227 0.953434408 0.036050569 -0.018040447 0.314743966 -1.733267188 -8.411460876 0.000000000 0.000000000 -12.000000000 0.129057258 1.246573806
1776612783.849549055 0.582601249 0.234861031 0.171524882 0.298969448 0.953407764 0.035822626 -0.018646229 0.321027100 -1.815096498 -8.482968330 0.000000000 0.000000000 -12.000000000 0.129119113 1.246934414
1776612783.854973555 0.582951844 0.235140845 0.171601504 0.299044222 0.953379929 0.035688777 -0.019119689 0.326212138 -1.898151040 -8.556109428 0.000000000 0.000000000 -12.000000000 0.129179910 1.247291327
1776612783.859601021 0.583324015 0.235417321 0.171676278 0.299119383 0.953351796 0.035566293 -0.019568658 0.330423325 -1.982353687 -8.631003380 0.000000000 0.000000000 -12.000000000 0.129239634 1.247642636
1776612783.865095615 0.583616257 0.235653296 0.171689838 0.299198538 0.953323066 0.035376571 -0.020096462 0.333792537 -2.067640543 -8.707767487 0.000000000 0.000000000 -12.000000000 0.129298255 1.247992635
1776612783.869652748 0.583878934 0.235881314 0.171689928 0.299274743 0.953294873 0.035168231 -0.020655725 0.336463302 -2.153963566 -8.786511421 0.000000000 0.000000000 -12.000000000 0.129355729 1.248342037
1776612783.875006199 0.584155679 0.236109734 0.171689242 0.299348533 0.953267157 0.034963388 -0.021206534 0.338593602 -2.241292000 -8.867338181 0.000000000 0.000000000 -12.000000000 0.129412204 1.248688340
1776612783.879595757 0.584443212 0.236327738 0.171682656 0.299424291 0.953238785 0.034755889 -0.021747518 0.340355784 -2.329607010 -8.950344086 0.000000000 0.000000000 -12.000000000 0.129467487 1.249033570
1776612783.884583235 0.584857821 0.236571461 0.171727568 0.299510837 0.953206539 0.034634482 -0.022159651 0.341934949 -2.418899298 -9.035615921 0.000000000 0.000000000 -12.000000000 0.129521638 1.249376416
1776612783.889531851 0.585339665 0.236822635 0.171817929 0.299596459 0.953174293 0.034562223 -0.022499135 0.343528479 -2.509165287 -9.123229027 0.000000000 0.000000000 -12.000000000 0.129574686 1.249712348
1776612783.895032167 0.585791349 0.237064570 0.171891570 0.299665302 0.953147054 0.034480084 -0.022859674 0.345347971 -2.600410461 -9.213247299 0.000000000 0.000000000 -12.000000000 0.129626527 1.250045419
1776612783.900469303 0.586272717 0.237321228 0.171971351 0.299726844 0.953121483 0.034438066 -0.023179056 0.347622842 -2.692652702 -9.305722237 0.000000000 0.000000000 -12.000000000 0.129677564 1.250373721
1776612783.904938698 0.586776376 0.237579718 0.172045916 0.299784124 0.953097105 0.034411315 -0.023479225 0.350603044 -2.785924911 -9.400691032 0.000000000 0.000000000 -12.000000000 0.129727766 1.250700116
1776612783.910372972 0.587278843 0.237845495 0.172096193 0.299825817 0.953077316 0.034386352 -0.023783535 0.354557991 -2.880274057 -9.498178482 0.000000000 0.000000000 -12.000000000 0.129776627 1.251024485
1776612783.915098906 0.587889373 0.238161802 0.172158122 0.299856812 0.953060091 0.034457579 -0.023980713 0.359771848 -2.975759029 -9.598192215 0.000000000 0.000000000 -12.000000000 0.129824504 1.251342058
1776612783.926709890 0.589335263 0.238910422 0.172340393 0.299904972 0.953027725 0.034820352 -0.024140166 0.366538703 -3.072446346 -9.700728416 0.000000000 0.000000000 -12.000000000 0.129871398 1.251650929
1776612783.927412033 0.590843618 0.239798546 0.172498345 0.300004274 0.952972054 0.035409804 -0.024245972 0.375159740 -3.170412064 -9.805767059 0.000000000 0.000000000 -12.000000000 0.129917562 1.251955152
1776612783.930211782 0.590843618 0.239798546 0.172498345 0.300004274 0.952972054 0.035409804 -0.024245972 0.385944128 -3.269747257 -9.913278580 0.000000000 0.000000000 -12.000000000 0.129962295 1.252259970
1776612783.934889793 0.591672003 0.240251735 0.172564387 0.300100982 0.952927887 0.035779782 -0.024241932 0.399210364 -3.370566607 -10.023229599 0.000000000 0.000000000 -12.000000000 0.130005658 1.252562404
1776612783.939895391 0.591672003 0.240251735 0.172564387 0.300100982 0.952927887 0.035779782 -0.024241932 0.415280014 -3.473002434 -10.135580063 0.000000000 0.000000000 -12.000000000 0.130047515 1.252865314
1776612783.945029259 0.592585266 0.240728617 0.172633946 0.300219566 0.952875733 0.036225848 -0.024159847 0.434465617 -3.577193260 -10.250276566 0.000000000 0.000000000 -12.000000000 0.130088046 1.253167510
1776612783.949771166 0.593611956 0.241272330 0.172745883 0.300341666 0.952820659 0.036786992 -0.023966119 0.457060248 -3.683269262 -10.367253304 0.000000000 0.000000000 -12.000000000 0.130127981 1.253465772
1776612783.955034733 0.594678044 0.241850168 0.172885686 0.300468147 0.952762485 0.037410922 -0.023727726 0.483331174 -3.791343689 -10.486431122 0.000000000 0.000000000 -12.000000000 0.130166471 1.253763676
1776612783.959646702 0.595693529 0.242427751 0.172998607 0.300599009 0.952701509 0.038027294 -0.023535959 0.513515711 -3.901508331 -10.607727051 0.000000000 0.000000000 -12.000000000 0.130202994 1.254061580
1776612783.965017796 0.596667230 0.243000433 0.173106402 0.300730467 0.952639461 0.038631380 -0.023383699 0.547817111 -4.013830185 -10.731048584 0.000000000 0.000000000 -12.000000000 0.130238384 1.254362941
1776612783.969624043 0.597609341 0.243575051 0.173213959 0.300862700 0.952576041 0.039230466 -0.023269955 0.586398661 -4.128343582 -10.856302261 0.000000000 0.000000000 -12.000000000 0.130272210 1.254665852
1776612783.974577904 0.598565757 0.244159490 0.173310429 0.301002890 0.952508807 0.039854385 -0.023150023 0.629376531 -4.245044708 -10.983394623 0.000000000 0.000000000 -12.000000000 0.130305097 1.254971862
1776612783.982626677 0.599524498 0.244747519 0.173430890 0.301141560 0.952440858 0.040491149 -0.023035286 0.676813066 -4.363882065 -11.112229347 0.000000000 0.000000000 -12.000000000 0.130336687 1.255280256
1776612783.984554529 0.600486398 0.245345220 0.173590064 0.301285326 0.952369809 0.041150093 -0.022925571 0.728712261 -4.484750748 -11.242714882 0.000000000 0.000000000 -12.000000000 0.130366102 1.255590916
1776612783.989550829 0.601339340 0.245919451 0.173727423 0.301428318 0.952298045 0.041757718 -0.022927182 0.785017073 -4.607491493 -11.374761581 0.000000000 0.000000000 -12.000000000 0.130394027 1.255905747
1776612783.994555712 0.602079690 0.246452093 0.173837543 0.301578492 0.952224076 0.042290576 -0.023049746 0.845608830 -4.731893063 -11.508279800 0.000000000 0.000000000 -12.000000000 0.130419344 1.256224394
1776612783.999920130 0.602779508 0.246957853 0.173960745 0.301750898 0.952142477 0.042798180 -0.023225076 0.910307348 -4.857692242 -11.643182755 0.000000000 0.000000000 -12.000000000 0.130442679 1.256547689
1776612784.005035400 0.603448927 0.247440979 0.174083620 0.301941365 0.952054620 0.043284331 -0.023450710 0.978871405 -4.984575272 -11.779385567 0.000000000 0.000000000 -12.000000000 0.130464032 1.256875277
1776612784.010019541 0.604079247 0.247896984 0.174213737 0.302144021 0.951962709 0.043738239 -0.023725605 1.051001191 -5.112181187 -11.916805267 0.000000000 0.000000000 -12.000000000 0.130482823 1.257206321
1776612784.014659643 0.604717374 0.248358727 0.174379587 0.302361041 0.951864779 0.044214107 -0.024008010 1.126341939 -5.240102768 -12.055361748 0.000000000 0.000000000 -12.000000000 0.130498648 1.257539034
1776612784.019589424 0.605326056 0.248820305 0.174549520 0.302568257 0.951769173 0.044680785 -0.024321873 1.204489112 -5.367896080 -12.194972992 0.000000000 0.000000000 -12.000000000 0.130512714 1.257875323
1776612784.024633646 0.605818570 0.249254823 0.174673110 0.302749485 0.951682210 0.045069661 -0.024748173 1.284995317 -5.495085716 -12.335546494 0.000000000 0.000000000 -12.000000000 0.130524904 1.258215904
1776612784.029548645 0.606226146 0.249659196 0.174782693 0.302923322 0.951597512 0.045402717 -0.025263913 1.367378354 -5.621177673 -12.476979256 0.000000000 0.000000000 -12.000000000 0.130534738 1.258560896
1776612784.034635067 0.606607735 0.250017494 0.174876511 0.303093970 0.951514542 0.045692097 -0.025814189 1.451129079 -5.745667458 -12.619153976 0.000000000 0.000000000 -12.000000000 0.130542532 1.258910418
1776612784.040007114 0.607038200 0.250353873 0.174962968 0.303266406 0.951430798 0.046002898 -0.026317840 1.535721660 -5.868052483 -12.761932373 0.000000000 0.000000000 -12.000000000 0.130546108 1.259261608
1776612784.044535875 0.607516468 0.250696152 0.175068945 0.303425521 0.951350152 0.046352133 -0.026783640 1.620625496 -5.987836361 -12.905158997 0.000000000 0.000000000 -12.000000000 0.130547941 1.259614587
1776612784.049625397 0.608057380 0.251051605 0.175210208 0.303555697 0.951278448 0.046744499 -0.027170694 1.705318332 -6.104541302 -13.048655510 0.000000000 0.000000000 -12.000000000 0.130546719 1.259969354
1776612784.054589033 0.608620763 0.251404881 0.175337642 0.303656012 0.951216698 0.047146514 -0.027514266 1.789300919 -6.217716217 -13.192224503 0.000000000 0.000000000 -12.000000000 0.130543157 1.260325670
1776612784.059612513 0.609154224 0.251731247 0.175429821 0.303745538 0.951158822 0.047522720 -0.027877500 1.872108459 -6.326946735 -13.335644722 0.000000000 0.000000000 -12.000000000 0.130536824 1.260682821
1776612784.064950705 0.609727263 0.252001464 0.175513685 0.303852141 0.951097727 0.047875103 -0.028194712 1.953320265 -6.431863308 -13.478669167 0.000000000 0.000000000 -12.000000000 0.130527928 1.261041284
1776612784.069533587 0.610393465 0.252272308 0.175610542 0.303964257 0.951035678 0.048268784 -0.028407471 2.032568216 -6.532140732 -13.621028900 0.000000000 0.000000000 -12.000000000 0.130516633 1.261399746
1776612784.074908018 0.611116052 0.252562791 0.175703079 0.304073989 0.950974643 0.048694521 -0.028549990 2.109542608 -6.627496243 -13.762429237 0.000000000 0.000000000 -12.000000000 0.130502969 1.261758804
1776612784.079876184 0.611918390 0.252858341 0.175828278 0.304178983 0.950916409 0.049147878 -0.028593633 2.183997154 -6.717682838 -13.902551651 0.000000000 0.000000000 -12.000000000 0.130487084 1.262118816
1776612784.084581614 0.612817764 0.253143638 0.175976694 0.304284483 0.950859308 0.049639467 -0.028521240 2.255753040 -6.802493095 -14.041060448 0.000000000 0.000000000 -12.000000000 0.130470395 1.262479424
1776612784.089584827 0.613709629 0.253361732 0.176085025 0.304393679 0.950804055 0.050075602 -0.028434845 2.324700117 -6.881755352 -14.177603722 0.000000000 0.000000000 -12.000000000 0.130451843 1.262840509
1776612784.094578505 0.614577413 0.253541917 0.176147789 0.304512352 0.950747967 0.050458416 -0.028362870 2.390798092 -6.955338478 -14.311812401 0.000000000 0.000000000 -12.000000000 0.130432323 1.263201833
1776612784.099596024 0.615488172 0.253712118 0.176213324 0.304646790 0.950687945 0.050847698 -0.028236641 2.454072714 -7.023148060 -14.443305969 0.000000000 0.000000000 -12.000000000 0.130411610 1.263563395
1776612784.104650736 0.616443574 0.253852129 0.176257789 0.304797381 0.950624526 0.051225983 -0.028061623 2.514610529 -7.085121155 -14.571696281 0.000000000 0.000000000 -12.000000000 0.130390644 1.263925552
1776612784.109588146 0.618466198 0.254093528 0.176377296 0.305146545 0.950482965 0.052023571 -0.027590608 2.572551012 -7.141222000 -14.696598053 0.000000000 0.000000000 -12.000000000 0.130371094 1.264288187
1776612784.114576578 0.618466198 0.254093528 0.176377296 0.305146545 0.950482965 0.052023571 -0.027590608 2.628076315 -7.191433430 -14.817630768 0.000000000 0.000000000 -12.000000000 0.130349755 1.264651537
1776612784.119627714 0.619484961 0.254225016 0.176460981 0.305324614 0.950410366 0.052434035 -0.027343301 2.681400061 -7.235753059 -14.934426308 0.000000000 0.000000000 -12.000000000 0.130327314 1.265015721
1776612784.124679089 0.620453537 0.254348606 0.176530331 0.305508107 0.950335503 0.052823994 -0.027145432 2.732757568 -7.274188042 -15.046632767 0.000000000 0.000000000 -12.000000000 0.130304426 1.265381455
1776612784.129608631 0.621331990 0.254446387 0.176592469 0.305701435 0.950256407 0.053174257 -0.027054379 2.782394171 -7.306753159 -15.153916359 0.000000000 0.000000000 -12.000000000 0.130281657 1.265748620
1776612784.135185242 0.622090280 0.254554331 0.176653504 0.305896908 0.950173140 0.053504687 -0.027116822 2.830554962 -7.333468914 -15.255967140 0.000000000 0.000000000 -12.000000000 0.130257860 1.266117454
1776612784.139923334 0.622810304 0.254678994 0.176714152 0.306087166 0.950088799 0.053850554 -0.027239589 2.877471209 -7.354358196 -15.352500916 0.000000000 0.000000000 -12.000000000 0.130234540 1.266489029
1776612784.145174742 0.624086857 0.254916281 0.176878899 0.306493223 0.949904799 0.054530501 -0.027734129 2.923346758 -7.369442463 -15.443266869 0.000000000 0.000000000 -12.000000000 0.130214095 1.266865849
1776612784.149589300 0.624086857 0.254916281 0.176878899 0.306493223 0.949904799 0.054530501 -0.027734129 2.968346596 -7.378735542 -15.528046608 0.000000000 0.000000000 -12.000000000 0.130192384 1.267242670
1776612784.154963255 0.624629259 0.255054623 0.176984310 0.306693345 0.949809372 0.054873008 -0.028111968 3.012588501 -7.382242680 -15.606660843 0.000000000 0.000000000 -12.000000000 0.130171895 1.267622828
1776612784.159625292 0.625059664 0.255183339 0.177061886 0.306899905 0.949709415 0.055185169 -0.028620528 3.056144714 -7.379964352 -15.678964615 0.000000000 0.000000000 -12.000000000 0.130150348 1.268005490
1776612784.164639473 0.625389218 0.255286157 0.177115023 0.307115704 0.949604571 0.055451773 -0.029260173 3.099044561 -7.371901035 -15.744849205 0.000000000 0.000000000 -12.000000000 0.130128324 1.268389702
1776612784.170685530 0.625650883 0.255382121 0.177160650 0.307334542 0.949496508 0.055702001 -0.029986482 3.141280651 -7.358061314 -15.804236412 0.000000000 0.000000000 -12.000000000 0.130105346 1.268775344
1776612784.174565315 0.626182318 0.255557418 0.177217811 0.307754666 0.949280918 0.056230716 -0.031478807 3.182812214 -7.338463783 -15.857077599 0.000000000 0.000000000 -12.000000000 0.130081832 1.269161701
1776612784.179883718 0.626182318 0.255557418 0.177217811 0.307754666 0.949280918 0.056230716 -0.031478807 3.223571301 -7.313139915 -15.903356552 0.000000000 0.000000000 -12.000000000 0.130057514 1.269548059
1776612784.184605360 0.626472712 0.255648106 0.177269697 0.307969511 0.949168861 0.056526773 -0.032216787 3.263467550 -7.282138348 -15.943082809 0.000000000 0.000000000 -12.000000000 0.130031690 1.269934654
1776612784.189548969 0.626788020 0.255726665 0.177338123 0.308176786 0.949057937 0.056848139 -0.032930244 3.302398205 -7.245531082 -15.976292610 0.000000000 0.000000000 -12.000000000 0.130005911 1.270321250
1776612784.195057869 0.627090096 0.255791306 0.177402854 0.308384478 0.948945463 0.057174034 -0.033655129 3.340255022 -7.203418255 -16.003044128 0.000000000 0.000000000 -12.000000000 0.129979521 1.270707726
1776612784.199596643 0.627354920 0.255829871 0.177449316 0.308615446 0.948824346 0.057478130 -0.034426581 3.376933098 -7.155933857 -16.023410797 0.000000000 0.000000000 -12.000000000 0.129952610 1.271093488
1776612784.205013990 0.627645731 0.255850405 0.177479088 0.308869004 0.948695004 0.057794865 -0.035178121 3.412338018 -7.103247643 -16.037485123 0.000000000 0.000000000 -12.000000000 0.129925594 1.271477818
1776612784.209619999 0.627994359 0.255878150 0.177490443 0.309108257 0.948569059 0.058154389 -0.035873745 3.446388721 -7.045567989 -16.045370102 0.000000000 0.000000000 -12.000000000 0.129898503 1.271860123
1776612784.214946985 0.628415227 0.255894840 0.177503198 0.309362948 0.948437512 0.058557637 -0.036494087 3.479020834 -6.983137131 -16.047174454 0.000000000 0.000000000 -12.000000000 0.129870281 1.272239923
1776612784.220309734 0.629418850 0.255982876 0.177603751 0.309886545 0.948164701 0.059524551 -0.037561513 3.510190964 -6.916232109 -16.043016434 0.000000000 0.000000000 -12.000000000 0.129840985 1.272617579
1776612784.224951506 0.629418850 0.255982876 0.177603751 0.309886545 0.948164701 0.059524551 -0.037561513 3.539880514 -6.845164776 -16.033020020 0.000000000 0.000000000 -12.000000000 0.129811481 1.272995234
1776612784.229536057 0.629944980 0.256023645 0.177654743 0.310121983 0.948035359 0.060042076 -0.038056366 3.568100214 -6.770278931 -16.017316818 0.000000000 0.000000000 -12.000000000 0.129780874 1.273372054
1776612784.235024214 0.630507231 0.256040663 0.177708298 0.310392827 0.947893798 0.060583577 -0.038512729 3.594893694 -6.691949368 -15.996044159 0.000000000 0.000000000 -12.000000000 0.129749760 1.273747563
1776612784.240016699 0.631119728 0.256059319 0.177751482 0.310673714 0.947748423 0.061157800 -0.038916435 3.620338440 -6.610580444 -15.969345093 0.000000000 0.000000000 -12.000000000 0.129718214 1.274122000
1776612784.244995832 0.632491648 0.256064922 0.177776545 0.311238110 0.947455585 0.062393095 -0.039571181 3.644547462 -6.526597023 -15.937366486 0.000000000 0.000000000 -12.000000000 0.129684240 1.274492383
1776612784.249563456 0.632491648 0.256064922 0.177776545 0.311238110 0.947455585 0.062393095 -0.039571181 3.667666912 -6.440441608 -15.900264740 0.000000000 0.000000000 -12.000000000 0.129650414 1.274862766
1776612784.254774332 0.633293271 0.256065011 0.177807540 0.311541438 0.947301865 0.063083693 -0.039769456 3.689873695 -6.352564812 -15.858202934 0.000000000 0.000000000 -12.000000000 0.129614413 1.275231242
1776612784.259695053 0.634196162 0.256083369 0.177887797 0.311820239 0.947155535 0.063847937 -0.039849639 3.711371422 -6.263419151 -15.811353683 0.000000000 0.000000000 -12.000000000 0.129577637 1.275599599
1776612784.264922380 0.635129631 0.256099284 0.177976608 0.312108934 0.947005391 0.064637057 -0.039885525 3.732386589 -6.173450470 -15.759901047 0.000000000 0.000000000 -12.000000000 0.129540473 1.275968552
1776612784.269823313 0.637085199 0.256102175 0.178079069 0.312697917 0.946702063 0.066248178 -0.039829068 3.753167152 -6.083096504 -15.704040527 0.000000000 0.000000000 -12.000000000 0.129502088 1.276339173
1776612784.274562359 0.637085199 0.256102175 0.178079069 0.312697917 0.946702063 0.066248178 -0.039829068 3.773975849 -5.992777824 -15.643979073 0.000000000 0.000000000 -12.000000000 0.129464254 1.276709795
1776612784.279597521 0.638085485 0.256082892 0.178095281 0.312994540 0.946550786 0.067046024 -0.039760437 3.795087099 -5.902894497 -15.579936028 0.000000000 0.000000000 -12.000000000 0.129426092 1.277081609
1776612784.284587145 0.639102757 0.256036967 0.178080916 0.313290656 0.946401298 0.067828573 -0.039659120 3.816778421 -5.813817501 -15.512146950 0.000000000 0.000000000 -12.000000000 0.129387990 1.277454376
1776612784.289571524 0.640117049 0.255963415 0.178056389 0.313575476 0.946256876 0.068589449 -0.039545476 3.839323521 -5.725882053 -15.440857887 0.000000000 0.000000000 -12.000000000 0.129352346 1.277828813
1776612784.294603348 0.641174197 0.255861938 0.178064495 0.313878566 0.946108043 0.069353364 -0.039369211 3.862984657 -5.639380932 -15.366332054 0.000000000 0.000000000 -12.000000000 0.129318461 1.278204918
1776612784.299533606 0.642260313 0.255742490 0.178112566 0.314166516 0.945965469 0.070119552 -0.039140444 3.888005018 -5.554558754 -15.288843155 0.000000000 0.000000000 -12.000000000 0.129285991 1.278583288
1776612784.304561377 0.643348396 0.255600989 0.178167552 0.314441264 0.945828259 0.070873722 -0.038891163 3.914604425 -5.471606731 -15.208677292 0.000000000 0.000000000 -12.000000000 0.129253164 1.278963685
1776612784.309573889 0.644401431 0.255430579 0.178198040 0.314707637 0.945695639 0.071584985 -0.038657859 3.942975998 -5.390664101 -15.126128197 0.000000000 0.000000000 -12.000000000 0.129221186 1.279346347
1776612784.314556122 0.645394564 0.255246162 0.178193688 0.314956725 0.945569098 0.072254010 -0.038479831 3.973283291 -5.311816216 -15.041497231 0.000000000 0.000000000 -12.000000000 0.129190221 1.279731274
1776612784.319573879 0.646344364 0.255061448 0.178171217 0.315212041 0.945438683 0.072913356 -0.038349811 4.005656242 -5.235098839 -14.955091476 0.000000000 0.000000000 -12.000000000 0.129159734 1.280118346
1776612784.324552536 0.647273302 0.254880130 0.178140670 0.315456688 0.945310891 0.073568463 -0.038236879 4.040186405 -5.160500050 -14.867225647 0.000000000 0.000000000 -12.000000000 0.129131317 1.280508161
1776612784.329799891 0.648219764 0.254681885 0.178133935 0.315699488 0.945183814 0.074230775 -0.038094170 4.076923847 -5.087961674 -14.778218269 0.000000000 0.000000000 -12.000000000 0.129103348 1.280900478
1776612784.334712505 0.649136424 0.254475266 0.178130895 0.315941900 0.945055783 0.074885949 -0.037979126 4.115875721 -5.017383575 -14.688398361 0.000000000 0.000000000 -12.000000000 0.129077464 1.281295419
1776612784.339581013 0.650037348 0.254285455 0.178131938 0.316170841 0.944929779 0.075556636 -0.037880264 4.157009125 -4.948629379 -14.598099709 0.000000000 0.000000000 -12.000000000 0.129053310 1.281693578
1776612784.344547272 0.650938213 0.254095614 0.178149343 0.316404104 0.944801092 0.076238357 -0.037775811 4.200253487 -4.881529808 -14.507658005 0.000000000 0.000000000 -12.000000000 0.129032388 1.282095313
1776612784.349638700 0.651792645 0.253898442 0.178138912 0.316626310 0.944675207 0.076899774 -0.037722625 4.245500088 -4.815888882 -14.417413712 0.000000000 0.000000000 -12.000000000 0.129013598 1.282500148
1776612784.354580164 0.652624130 0.253687114 0.178124905 0.316854149 0.944546938 0.077551119 -0.037687037 4.292606831 -4.751488209 -14.327703476 0.000000000 0.000000000 -12.000000000 0.128997877 1.282907605
1776612784.359935522 0.653384089 0.253451765 0.178068459 0.317086101 0.944417715 0.078157037 -0.037723985 4.341397762 -4.688092709 -14.238863945 0.000000000 0.000000000 -12.000000000 0.128984913 1.283316612
1776612784.364789724 0.654062569 0.253190160 0.177990854 0.317292929 0.944297969 0.078707039 -0.037839130 4.391668320 -4.625454903 -14.151225090 0.000000000 0.000000000 -12.000000000 0.128973082 1.283726215
1776612784.369875669 0.654632270 0.252936691 0.177911460 0.317499548 0.944176078 0.079222165 -0.038070533 4.443185329 -4.563317776 -14.065116882 0.000000000 0.000000000 -12.000000000 0.128963247 1.284136772
1776612784.374560118 0.655122817 0.252689809 0.177838355 0.317680418 0.944060445 0.079719372 -0.038391043 4.495689869 -4.501411915 -13.980864525 0.000000000 0.000000000 -12.000000000 0.128955141 1.284548044
1776612784.379565716 0.655479550 0.252421558 0.177774251 0.317859203 0.943944454 0.080152705 -0.038858056 4.548892975 -4.439452648 -13.898792267 0.000000000 0.000000000 -12.000000000 0.128949031 1.284958839
1776612784.384541988 0.655689895 0.252141774 0.177706569 0.318028390 0.943829119 0.080526933 -0.039496504 4.602475166 -4.377135277 -13.819217682 0.000000000 0.000000000 -12.000000000 0.128945217 1.285368204
1776612784.389778137 0.655807316 0.251838446 0.177653998 0.318202287 0.943709791 0.080864653 -0.040249683 4.656087875 -4.314135075 -13.742455482 0.000000000 0.000000000 -12.000000000 0.128941804 1.285774827
1776612784.394643068 0.655810177 0.251510173 0.177606076 0.318389982 0.943583727 0.081147097 -0.041142575 4.709354401 -4.250104904 -13.668810844 0.000000000 0.000000000 -12.000000000 0.128939748 1.286177754
1776612784.399669170 0.655713141 0.251204997 0.177576512 0.318565309 0.943455696 0.081422262 -0.042165160 4.761874676 -4.184675217 -13.598578453 0.000000000 0.000000000 -12.000000000 0.128938094 1.286577106
1776612784.404611588 0.655579269 0.250932634 0.177589446 0.318741113 0.943321049 0.081729323 -0.043241460 4.813229561 -4.117454052 -13.532035828 0.000000000 0.000000000 -12.000000000 0.128937334 1.286973596
1776612784.409565926 0.655405819 0.250663996 0.177605152 0.318916321 0.943182707 0.082037158 -0.044369876 4.862988949 -4.048030853 -13.469436646 0.000000000 0.000000000 -12.000000000 0.128937408 1.287366867
1776612784.415327787 0.655243337 0.250426501 0.177648991 0.319103748 0.943035007 0.082389146 -0.045494910 4.910717487 -3.975981951 -13.411003113 0.000000000 0.000000000 -12.000000000 0.128938168 1.287757754
1776612784.419823170 0.655078411 0.250192553 0.177666575 0.319282323 0.942888200 0.082745291 -0.046624813 4.955984116 -3.900877953 -13.356924057 0.000000000 0.000000000 -12.000000000 0.128939062 1.288145781
1776612784.424612999 0.654929936 0.249969706 0.177673161 0.319463968 0.942737639 0.083121561 -0.047742177 4.998371124 -3.822294235 -13.307348251 0.000000000 0.000000000 -12.000000000 0.128940523 1.288531065
1776612784.429772139 0.654827237 0.249768138 0.177670598 0.319645643 0.942584157 0.083539464 -0.048814856 5.037477493 -3.739818811 -13.262373924 0.000000000 0.000000000 -12.000000000 0.128941238 1.288914084
1776612784.434570789 0.654778898 0.249556243 0.177666873 0.319844067 0.942424655 0.083983622 -0.049823169 5.072929382 -3.653060913 -13.222045898 0.000000000 0.000000000 -12.000000000 0.128941834 1.289294481
1776612784.439621925 0.654753447 0.249321699 0.177657425 0.320049614 0.942263603 0.084422879 -0.050797075 5.104384422 -3.561656952 -13.186352730 0.000000000 0.000000000 -12.000000000 0.128941864 1.289671779
1776612784.444568872 0.654816508 0.249083281 0.177684993 0.320260912 0.942101061 0.084909357 -0.051661734 5.131536484 -3.465280533 -13.155220985 0.000000000 0.000000000 -12.000000000 0.128942013 1.290046573
1776612784.450020075 0.654925525 0.248840511 0.177709341 0.320467383 0.941939771 0.085422672 -0.052470319 5.154126644 -3.363648415 -13.128512383 0.000000000 0.000000000 -12.000000000 0.128941193 1.290418983
1776612784.455354214 0.655043542 0.248550519 0.177716315 0.320678383 0.941781521 0.085894391 -0.053245474 5.171947002 -3.256530523 -13.106027603 0.000000000 0.000000000 -12.000000000 0.128940433 1.290788174
1776612784.459558725 0.655193210 0.248227656 0.177706152 0.320881188 0.941630185 0.086345136 -0.053966030 5.184851170 -3.143752575 -13.087501526 0.000000000 0.000000000 -12.000000000 0.128939778 1.291154027
1776612784.464561462 0.655373752 0.247867644 0.177700281 0.321072966 0.941487432 0.086770922 -0.054629821 5.192759037 -3.025198221 -13.072608948 0.000000000 0.000000000 -12.000000000 0.128940046 1.291516542
1776612784.469536304 0.655557036 0.247463703 0.177669138 0.321237743 0.941360295 0.087142162 -0.055257130 5.195658684 -2.900806904 -13.060969353 0.000000000 0.000000000 -12.000000000 0.128940389 1.291875243
1776612784.474612713 0.655740976 0.247016788 0.177636325 0.321386069 0.941244841 0.087462924 -0.055851106 5.193609238 -2.770572662 -13.052153587 0.000000000 0.000000000 -12.000000000 0.128940046 1.292229652
1776612784.479943275 0.655929863 0.246526182 0.177599967 0.321506649 0.941146791 0.087723158 -0.056399129 5.186739922 -2.634541512 -13.045686722 0.000000000 0.000000000 -12.000000000 0.128938451 1.292579889
1776612784.484557390 0.656062841 0.245980084 0.177526712 0.321595520 0.941067338 0.087881900 -0.056968447 5.175248623 -2.492809057 -13.041060448 0.000000000 0.000000000 -12.000000000 0.128937036 1.292924762
1776612784.489979506 0.656145573 0.245383233 0.177409828 0.321669728 0.940999031 0.087952122 -0.057566188 5.159395695 -2.345516920 -13.037736893 0.000000000 0.000000000 -12.000000000 0.128934935 1.293264031
1776612784.494603157 0.656209767 0.244742572 0.177286357 0.321728408 0.940941215 0.087963872 -0.058162194 5.139493465 -2.192846775 -13.035161972 0.000000000 0.000000000 -12.000000000 0.128931910 1.293596506
1776612784.499749899 0.656252205 0.244019806 0.177134186 0.321793884 0.940890014 0.087878615 -0.058754392 5.115898132 -2.035013676 -13.032770157 0.000000000 0.000000000 -12.000000000 0.128929779 1.293921709
1776612784.504586697 0.656277120 0.243214414 0.176982015 0.321842730 0.940853477 0.087703742 -0.059329588 5.088997364 -1.872258067 -13.029994011 0.000000000 0.000000000 -12.000000000 0.128927439 1.294237971
1776612784.509569883 0.656286478 0.242345989 0.176832110 0.321898669 0.940820813 0.087461673 -0.059899393 5.059200764 -1.704841495 -13.026277542 0.000000000 0.000000000 -12.000000000 0.128925189 1.294544339
1776612784.514497757 0.656264722 0.241410568 0.176677406 0.321954340 0.940794528 0.087142184 -0.060475469 5.026933193 -1.533043504 -13.021078110 0.000000000 0.000000000 -12.000000000 0.128921598 1.294839501
1776612784.520025253 0.656240225 0.240421072 0.176510364 0.322020471 0.940771282 0.086760990 -0.061030995 4.992626190 -1.357161164 -13.013879776 0.000000000 0.000000000 -12.000000000 0.128917187 1.295124054
1776612784.524588823 0.656166315 0.239401802 0.176329643 0.322064430 0.940759242 0.086314268 -0.061614618 4.956717491 -1.177508116 -13.004193306 0.000000000 0.000000000 -12.000000000 0.128912106 1.295397758
1776612784.529987097 0.656065464 0.238351002 0.176127493 0.322106689 0.940751612 0.085813686 -0.062206775 4.919642448 -0.994414926 -12.991568565 0.000000000 0.000000000 -12.000000000 0.128906786 1.295660734
1776612784.534597158 0.655827463 0.236116707 0.175711274 0.322190166 0.940752268 0.084648527 -0.063350365 4.881827831 -0.808230937 -12.975593567 0.000000000 0.000000000 -12.000000000 0.128899887 1.295901418
1776612784.539717913 0.655827463 0.236116707 0.175711274 0.322190166 0.940752268 0.084648527 -0.063350365 4.843688965 -0.619325757 -12.955902100 0.000000000 0.000000000 -12.000000000 0.128892899 1.296141982
1776612784.544574499 0.655713916 0.234980464 0.175530642 0.322222650 0.940759957 0.084038854 -0.063880913 4.805627346 -0.428090692 -12.932173729 0.000000000 0.000000000 -12.000000000 0.128886580 1.296372175
1776612784.549692869 0.655609906 0.233832598 0.175372899 0.322238088 0.940776587 0.083414346 -0.064374559 4.768028736 -0.234939799 -12.904141426 0.000000000 0.000000000 -12.000000000 0.128879070 1.296593070
1776612784.556019545 0.655519664 0.232681498 0.175229430 0.322236359 0.940801978 0.082783788 -0.064824566 4.731264591 -0.040309843 -12.871588707 0.000000000 0.000000000 -12.000000000 0.128869921 1.296804905
1776612784.559609175 0.655428290 0.230273530 0.174890965 0.322243482 0.940865159 0.081442177 -0.065567173 4.695683956 0.155339897 -12.834350586 0.000000000 0.000000000 -12.000000000 0.128859252 1.296998382
1776612784.564697027 0.655428290 0.230273530 0.174890965 0.322243482 0.940865159 0.081442177 -0.065567173 4.661614418 0.351527721 -12.792306900 0.000000000 0.000000000 -12.000000000 0.128848851 1.297191501
1776612784.569828510 0.655399442 0.229050979 0.174707443 0.322252423 0.940898001 0.080757953 -0.065897606 4.629356384 0.547749579 -12.745384216 0.000000000 0.000000000 -12.000000000 0.128839552 1.297374606
1776612784.574543715 0.655393660 0.227815062 0.174515098 0.322257310 0.940935075 0.080065198 -0.066188738 4.599179745 0.743478954 -12.693549156 0.000000000 0.000000000 -12.000000000 0.128829122 1.297549129
1776612784.579616308 0.655532420 0.226584226 0.174361497 0.322278053 0.940972865 0.079444848 -0.066297792 4.571326733 0.938166320 -12.636809349 0.000000000 0.000000000 -12.000000000 0.128820017 1.297716975
1776612784.584559441 0.655769527 0.225357309 0.174224466 0.322319776 0.941008210 0.078874052 -0.066274844 4.546018124 1.131238580 -12.575209618 0.000000000 0.000000000 -12.000000000 0.128811345 1.297880650
1776612784.589659452 0.656027317 0.224139154 0.174068600 0.322364837 0.941044509 0.078308538 -0.066210717 4.523458481 1.322097778 -12.508833885 0.000000000 0.000000000 -12.000000000 0.128804013 1.298040986
1776612784.594547987 0.656300068 0.222926587 0.173876554 0.322431833 0.941075981 0.077735417 -0.066112883 4.503842831 1.510121346 -12.437796593 0.000000000 0.000000000 -12.000000000 0.128797218 1.298198581
1776612784.599546671 0.656694412 0.221718818 0.173691660 0.322503775 0.941110373 0.077228107 -0.065866195 4.487357140 1.694666028 -12.362243652 0.000000000 0.000000000 -12.000000000 0.128790885 1.298356771
1776612784.604596376 0.657146513 0.220514193 0.173495740 0.322611034 0.941135645 0.076745905 -0.065542705 4.474179268 1.875074863 -12.282348633 0.000000000 0.000000000 -12.000000000 0.128784135 1.298515558
1776612784.609597206 0.657630980 0.219292104 0.173285782 0.322744220 0.941154659 0.076270394 -0.065168612 4.464475632 2.050686359 -12.198310852 0.000000000 0.000000000 -12.000000000 0.128778026 1.298675060
1776612784.615043879 0.658131897 0.218086079 0.173095226 0.322886527 0.941170037 0.075822197 -0.064762823 4.458396912 2.220842600 -12.110353470 0.000000000 0.000000000 -12.000000000 0.128772199 1.298836231
1776612784.619666100 0.658663809 0.216876417 0.172933161 0.323061615 0.941174090 0.075404041 -0.064317904 4.456069469 2.384898663 -12.018720627 0.000000000 0.000000000 -12.000000000 0.128766611 1.299000025
1776612784.625102043 0.659161508 0.215734333 0.172784060 0.323229939 0.941172838 0.075038195 -0.063917063 4.457589149 2.542232752 -11.923675537 0.000000000 0.000000000 -12.000000000 0.128762782 1.299167275
1776612784.629580975 0.659678280 0.214629412 0.172656447 0.323430955 0.941155553 0.074736513 -0.063506760 4.463011265 2.692251921 -11.825496674 0.000000000 0.000000000 -12.000000000 0.128760114 1.299339056
1776612784.634886503 0.660181224 0.213553995 0.172540784 0.323655963 0.941124618 0.074476309 -0.063123263 4.472344875 2.834397316 -11.724477768 0.000000000 0.000000000 -12.000000000 0.128758848 1.299515843
1776612784.639639616 0.660685897 0.212498158 0.172432333 0.323896736 0.941083848 0.074260905 -0.062748544 4.485548973 2.968148947 -11.620922089 0.000000000 0.000000000 -12.000000000 0.128758490 1.299698472
1776612784.644669056 0.661216438 0.211455226 0.172335595 0.324151784 0.941037476 0.074080773 -0.062338825 4.502535343 3.093033075 -11.515142441 0.000000000 0.000000000 -12.000000000 0.128759578 1.299887419
1776612784.649925947 0.661728084 0.210428447 0.172225893 0.324401647 0.940990984 0.073908933 -0.061943620 4.523172379 3.208628178 -11.407448769 0.000000000 0.000000000 -12.000000000 0.128762230 1.300082922
1776612784.654628277 0.662238300 0.209411070 0.172103137 0.324645996 0.940946579 0.073739648 -0.061538819 4.547290802 3.314572334 -11.298150063 0.000000000 0.000000000 -12.000000000 0.128765434 1.300286055
1776612784.659605980 0.662763894 0.208388314 0.171973377 0.324892431 0.940902531 0.073574007 -0.061108388 4.574688435 3.410569906 -11.187549591 0.000000000 0.000000000 -12.000000000 0.128770858 1.300496221
1776612784.664568901 0.663316250 0.207352847 0.171841353 0.325131327 0.940864086 0.073407724 -0.060627542 4.605131626 3.496394396 -11.075939178 0.000000000 0.000000000 -12.000000000 0.128778249 1.300714374
1776612784.669545650 0.663883150 0.206301257 0.171715528 0.325375736 0.940825701 0.073237874 -0.060115643 4.638360023 3.571892977 -10.963603020 0.000000000 0.000000000 -12.000000000 0.128786951 1.300941110
1776612784.675041914 0.664436400 0.205250219 0.171593875 0.325596571 0.940796137 0.073057637 -0.059599541 4.674090385 3.636984825 -10.850811005 0.000000000 0.000000000 -12.000000000 0.128797024 1.301176548
1776612784.680100679 0.665003419 0.204215437 0.171477884 0.325817853 0.940765500 0.072902367 -0.059061036 4.712021828 3.691663265 -10.737821579 0.000000000 0.000000000 -12.000000000 0.128807262 1.301421762
1776612784.685426950 0.665559292 0.203180820 0.171350121 0.326033801 0.940737486 0.072735853 -0.058518544 4.751842022 3.735994101 -10.624883652 0.000000000 0.000000000 -12.000000000 0.128819034 1.301676393
1776612784.690123558 0.666639924 0.201074168 0.171067536 0.326473296 0.940680325 0.072368704 -0.057432413 4.793231487 3.770114183 -10.512232780 0.000000000 0.000000000 -12.000000000 0.128831044 1.301950097
1776612784.695071220 0.666639924 0.201074168 0.171067536 0.326473296 0.940680325 0.072368704 -0.057432413 4.835865021 3.794228792 -10.400093079 0.000000000 0.000000000 -12.000000000 0.128844813 1.302223206
1776612784.700256586 0.667143345 0.200058699 0.170936942 0.326683700 0.940649450 0.072215974 -0.056932192 4.879414082 3.808607340 -10.288681030 0.000000000 0.000000000 -12.000000000 0.128860533 1.302505255
1776612784.705140829 0.667667031 0.199097067 0.170846134 0.326907098 0.940609276 0.072131895 -0.056416985 4.923544884 3.813578606 -10.178197861 0.000000000 0.000000000 -12.000000000 0.128878027 1.302797079
1776612784.709685087 0.668176770 0.198144823 0.170775265 0.327162236 0.940554678 0.072069474 -0.055926505 4.967920780 3.809522390 -10.068835258 0.000000000 0.000000000 -12.000000000 0.128897727 1.303098559
1776612784.715120077 0.668714583 0.197187856 0.170715839 0.327429980 0.940495431 0.072028369 -0.055406164 5.012204647 3.796861410 -9.960768700 0.000000000 0.000000000 -12.000000000 0.128919229 1.303409934
1776612784.719587088 0.669233680 0.196271077 0.170652837 0.327724338 0.940422595 0.072014317 -0.054918498 5.056066990 3.776052952 -9.854163170 0.000000000 0.000000000 -12.000000000 0.128943175 1.303730965
1776612784.724910021 0.669741750 0.195356056 0.170589745 0.328032792 0.940343380 0.072002307 -0.054446917 5.099191189 3.747581482 -9.749161720 0.000000000 0.000000000 -12.000000000 0.128968239 1.304061890
1776612784.729557514 0.670261443 0.194453269 0.170526803 0.328328222 0.940268576 0.072000727 -0.053958531 5.141279697 3.711956024 -9.645894051 0.000000000 0.000000000 -12.000000000 0.128995672 1.304402709
1776612784.734579086 0.670776069 0.193518147 0.170461357 0.328656793 0.940184236 0.071967192 -0.053469725 5.182056427 3.669706821 -9.544469833 0.000000000 0.000000000 -12.000000000 0.129025951 1.304753304
1776612784.739755392 0.671276510 0.192582160 0.170400500 0.328980356 0.940102816 0.071910292 -0.052986465 5.221269131 3.621387482 -9.444980621 0.000000000 0.000000000 -12.000000000 0.129058972 1.305113554
1776612784.744760036 0.671770155 0.191619307 0.170337766 0.329284728 0.940029979 0.071826123 -0.052499477 5.258689880 3.567573071 -9.347503662 0.000000000 0.000000000 -12.000000000 0.129095927 1.305482745
1776612784.749598026 0.672248125 0.190647423 0.170277178 0.329570085 0.939965963 0.071708940 -0.052013151 5.294115067 3.508859873 -9.252095222 0.000000000 0.000000000 -12.000000000 0.129136026 1.305861473
1776612784.754615545 0.672695220 0.189654693 0.170214653 0.329859525 0.939901829 0.071552038 -0.051551078 5.327366829 3.445863008 -9.158797264 0.000000000 0.000000000 -12.000000000 0.129179180 1.306249022
1776612784.759569168 0.673104584 0.188633531 0.170138419 0.330116451 0.939851522 0.071341284 -0.051114116 5.358290672 3.379211903 -9.067631721 0.000000000 0.000000000 -12.000000000 0.129223898 1.306645870
1776612784.765058994 0.673466146 0.187586218 0.170039177 0.330349833 0.939811468 0.071075551 -0.050711986 5.386752605 3.309548378 -8.978602409 0.000000000 0.000000000 -12.000000000 0.129270315 1.307051539
1776612784.769579172 0.673766673 0.186501473 0.169920206 0.330574095 0.939777255 0.070737667 -0.050355427 5.412635326 3.237523556 -8.891697884 0.000000000 0.000000000 -12.000000000 0.129318744 1.307464480
1776612784.774856806 0.673998415 0.185388952 0.169786096 0.330753297 0.939761043 0.070330739 -0.050050177 5.435837269 3.163799047 -8.806890488 0.000000000 0.000000000 -12.000000000 0.129368410 1.307885528
1776612784.779709339 0.674158216 0.184228256 0.169633806 0.330893070 0.939762354 0.069836408 -0.049792808 5.456264019 3.089045525 -8.724140167 0.000000000 0.000000000 -12.000000000 0.129419923 1.308313251
1776612784.784580946 0.674263537 0.183044195 0.169477880 0.331002563 0.939776659 0.069283575 -0.049566831 5.473827839 3.013943195 -8.643397331 0.000000000 0.000000000 -12.000000000 0.129473537 1.308747411
1776612784.789702415 0.674335420 0.181828693 0.169325739 0.331092238 0.939800143 0.068686694 -0.049353663 5.488440990 2.939175606 -8.564606667 0.000000000 0.000000000 -12.000000000 0.129528642 1.309188604
1776612784.794653893 0.674324572 0.180606961 0.169158012 0.331166148 0.939829528 0.068028405 -0.049209539 5.500018120 2.865423203 -8.487711906 0.000000000 0.000000000 -12.000000000 0.129584938 1.309636354
1776612784.799570799 0.674249351 0.179386020 0.168973982 0.331231982 0.939860880 0.067335270 -0.049121007 5.508474350 2.793353081 -8.412657738 0.000000000 0.000000000 -12.000000000 0.129641473 1.310090423
1776612784.805808067 0.674104095 0.178219989 0.168786377 0.331289142 0.939889431 0.066657178 -0.049114335 5.513724327 2.723610878 -8.339396477 0.000000000 0.000000000 -12.000000000 0.129697621 1.310550332
1776612784.810118675 0.673618913 0.176013991 0.168420255 0.331411421 0.939927042 0.065341778 -0.049336065 5.515676022 2.656811953 -8.267894745 0.000000000 0.000000000 -12.000000000 0.129753828 1.311018348
1776612784.814722776 0.673618913 0.176013991 0.168420255 0.331411421 0.939927042 0.065341778 -0.049336065 5.514228344 2.593534231 -8.198135376 0.000000000 0.000000000 -12.000000000 0.129811332 1.311486363
1776612784.819687605 0.673314631 0.174944490 0.168256164 0.331511676 0.939926088 0.064704977 -0.049520008 5.509268761 2.534312248 -8.130123138 0.000000000 0.000000000 -12.000000000 0.129869357 1.311958075
1776612784.825120687 0.673010230 0.173946530 0.168133795 0.331614077 0.939918160 0.064143807 -0.049714494 5.500674248 2.479633093 -8.063889503 0.000000000 0.000000000 -12.000000000 0.129928648 1.312433124
1776612784.829684019 0.672721863 0.173007414 0.168038160 0.331744432 0.939894557 0.063666523 -0.049904089 5.488318920 2.429927588 -7.999493599 0.000000000 0.000000000 -12.000000000 0.129988328 1.312911987
1776612784.834668636 0.672422349 0.172155619 0.167939752 0.331904560 0.939853609 0.063266277 -0.050119251 5.472080231 2.385562897 -7.937023640 0.000000000 0.000000000 -12.000000000 0.130048856 1.313393950
1776612784.840106010 0.672146380 0.171343267 0.167843282 0.332100093 0.939796031 0.062935442 -0.050319914 5.451849461 2.346832514 -7.876593590 0.000000000 0.000000000 -12.000000000 0.130110979 1.313879013
1776612784.845163822 0.671932161 0.170575067 0.167761266 0.332309842 0.939731002 0.062691726 -0.050452992 5.427533627 2.313951015 -7.818343163 0.000000000 0.000000000 -12.000000000 0.130173877 1.314368367
1776612784.850142002 0.671742499 0.169909298 0.167704791 0.332525253 0.939658880 0.062543266 -0.050562061 5.399061203 2.287052870 -7.762432575 0.000000000 0.000000000 -12.000000000 0.130237728 1.314861298
1776612784.855123997 0.671573699 0.169295669 0.167674422 0.332766920 0.939574420 0.062459905 -0.050644718 5.366386414 2.266192675 -7.709037304 0.000000000 0.000000000 -12.000000000 0.130303144 1.315357327
1776612784.859641075 0.671434879 0.168745145 0.167661726 0.333008856 0.939487040 0.062446676 -0.050690956 5.329492092 2.251351595 -7.658339977 0.000000000 0.000000000 -12.000000000 0.130369172 1.315856457
1776612784.865283489 0.671293080 0.168253884 0.167673528 0.333222002 0.939407170 0.062479999 -0.050729342 5.288393497 2.242439508 -7.610524178 0.000000000 0.000000000 -12.000000000 0.130436540 1.316357732
1776612784.870252609 0.671166003 0.167235628 0.167700142 0.333623558 0.939266562 0.062591389 -0.050556667 5.243140697 2.239303589 -7.565765381 0.000000000 0.000000000 -12.000000000 0.130504325 1.316866040
1776612784.875231028 0.671166003 0.167235628 0.167700142 0.333623558 0.939266562 0.062591389 -0.050556667 5.193821430 2.241733789 -7.524224281 0.000000000 0.000000000 -12.000000000 0.130572826 1.317374349
1776612784.879948139 0.671092987 0.166747272 0.167704970 0.333818346 0.939200282 0.062639929 -0.050442457 5.140559673 2.249472380 -7.486038208 0.000000000 0.000000000 -12.000000000 0.130641118 1.317885518
1776612784.885130644 0.671034575 0.166264072 0.167707831 0.334013879 0.939134896 0.062699489 -0.050290935 5.083518505 2.262220621 -7.451315880 0.000000000 0.000000000 -12.000000000 0.130710095 1.318399310
1776612784.889598131 0.670985162 0.165776014 0.167690963 0.334185690 0.939080179 0.062748276 -0.050109290 5.022896290 2.279648542 -7.420130253 0.000000000 0.000000000 -12.000000000 0.130779266 1.318915963
1776612784.894692421 0.670924902 0.165263578 0.167663962 0.334335178 0.939036667 0.062761195 -0.049911037 4.958921432 2.301401138 -7.392517090 0.000000000 0.000000000 -12.000000000 0.130848780 1.319435239
1776612784.900013924 0.670849919 0.164741114 0.167626947 0.334471345 0.938999891 0.062749296 -0.049705967 4.891848564 2.327106237 -7.368471146 0.000000000 0.000000000 -12.000000000 0.130918249 1.319957256
1776612784.905275345 0.670778751 0.164248303 0.167615801 0.334598750 0.938967526 0.062743329 -0.049466323 4.821950912 2.356381655 -7.347945690 0.000000000 0.000000000 -12.000000000 0.130988896 1.320481181
1776612784.910384655 0.670685947 0.163767308 0.167607158 0.334713876 0.938941598 0.062712029 -0.049218383 4.749517441 2.388841391 -7.330851555 0.000000000 0.000000000 -12.000000000 0.131059036 1.321006894
1776612784.914684057 0.670369208 0.162759632 0.167497545 0.334899455 0.938911021 0.062515751 -0.048787821 4.674845695 2.424104214 -7.317058086 0.000000000 0.000000000 -12.000000000 0.131129846 1.321534157
1776612784.919732094 0.670369208 0.162759632 0.167497545 0.334899455 0.938911021 0.062515751 -0.048787821 4.598239899 2.461798429 -7.306394577 0.000000000 0.000000000 -12.000000000 0.131200820 1.322061419
1776612784.924589396 0.670167744 0.162254959 0.167400897 0.334976643 0.938903630 0.062373176 -0.048582003 4.520002842 2.501566648 -7.298655510 0.000000000 0.000000000 -12.000000000 0.131272137 1.322588921
1776612784.929583311 0.669911385 0.161723942 0.167286634 0.335061222 0.938895047 0.062180404 -0.048411611 4.440433502 2.543068647 -7.293605328 0.000000000 0.000000000 -12.000000000 0.131343380 1.323116422
1776612784.934605598 0.669654965 0.161219284 0.167191684 0.335157841 0.938882411 0.062000439 -0.048217900 4.359825134 2.585982561 -7.290985584 0.000000000 0.000000000 -12.000000000 0.131413996 1.323643804
1776612784.939585924 0.669413567 0.160734951 0.167131513 0.335259765 0.938869417 0.061828986 -0.047981527 4.278461456 2.630007744 -7.290521622 0.000000000 0.000000000 -12.000000000 0.131484210 1.324171305
1776612784.944610834 0.669191241 0.160267279 0.167108417 0.335352391 0.938861430 0.061668485 -0.047697071 4.196616650 2.674864292 -7.291929722 0.000000000 0.000000000 -12.000000000 0.131554797 1.324698806
1776612784.949717760 0.668966532 0.159825385 0.167090923 0.335434467 0.938857913 0.061511695 -0.047389973 4.114550114 2.720293522 -7.294925690 0.000000000 0.000000000 -12.000000000 0.131625220 1.325226188
1776612784.954616785 0.668717027 0.159409046 0.167063743 0.335500062 0.938860357 0.061350495 -0.047085933 4.032506943 2.766057253 -7.299226761 0.000000000 0.000000000 -12.000000000 0.131695598 1.325752497
1776612784.960354328 0.668464184 0.159027010 0.167043954 0.335561663 0.938863099 0.061209448 -0.046773985 3.950713158 2.811937332 -7.304556847 0.000000000 0.000000000 -12.000000000 0.131767824 1.326276898
1776612784.965253592 0.667967498 0.158338532 0.167008072 0.335694402 0.938863993 0.060983200 -0.046094600 3.869375944 2.857730627 -7.310647011 0.000000000 0.000000000 -12.000000000 0.131839663 1.326798916
1776612784.970419407 0.667967498 0.158338532 0.167008072 0.335694402 0.938863993 0.060983200 -0.046094600 3.788682938 2.903247833 -7.317236423 0.000000000 0.000000000 -12.000000000 0.131911308 1.327320933
1776612784.975193262 0.667696595 0.158017024 0.166980892 0.335779071 0.938856959 0.060879301 -0.045757104 3.708801985 2.948309183 -7.324072361 0.000000000 0.000000000 -12.000000000 0.131982759 1.327841282
1776612784.979721308 0.667426705 0.157727331 0.166958392 0.335874707 0.938844323 0.060802251 -0.045416545 3.629880190 2.992745161 -7.330909252 0.000000000 0.000000000 -12.000000000 0.132054418 1.328359604
1776612784.984637737 0.667115271 0.157454327 0.166941136 0.335964411 0.938832164 0.060721871 -0.045110542 3.552039385 3.036395550 -7.337512493 0.000000000 0.000000000 -12.000000000 0.132125720 1.328874946
1776612784.989608765 0.666816413 0.157208100 0.166960269 0.336051553 0.938819647 0.060674228 -0.044785280 3.475373268 3.079114199 -7.343656540 0.000000000 0.000000000 -12.000000000 0.132195935 1.329388022
1776612784.994608402 0.666498721 0.156983480 0.166982234 0.336134434 0.938807189 0.060639955 -0.044468794 3.399941444 3.120771646 -7.349128246 0.000000000 0.000000000 -12.000000000 0.132265106 1.329898715
1776612785.000238180 0.666105211 0.156769902 0.167001873 0.336205184 0.938797593 0.060577456 -0.044221610 3.325769186 3.161258698 -7.353728294 0.000000000 0.000000000 -12.000000000 0.132334456 1.330404758
1776612785.005014658 0.665614784 0.156589553 0.167014688 0.336255312 0.938792229 0.060491830 -0.044071022 3.252848148 3.200483561 -7.357267380 0.000000000 0.000000000 -12.000000000 0.132403925 1.330905437
1776612785.009606361 0.665031374 0.156445354 0.167004585 0.336292326 0.938787580 0.060391113 -0.044025935 3.181135178 3.238372087 -7.359568119 0.000000000 0.000000000 -12.000000000 0.132473379 1.331399679
1776612785.014621735 0.664387226 0.156335711 0.166991889 0.336328417 0.938778937 0.060302373 -0.044056140 3.110551834 3.274866819 -7.360463619 0.000000000 0.000000000 -12.000000000 0.132543653 1.331885338
1776612785.019602776 0.663757086 0.156256527 0.167012513 0.336373568 0.938764274 0.060262423 -0.044078611 3.040982723 3.309923649 -7.359797001 0.000000000 0.000000000 -12.000000000 0.132614687 1.332363129
1776612785.024765015 0.663121223 0.156204373 0.167072445 0.336426139 0.938743949 0.060262252 -0.044110544 2.972274542 3.343511820 -7.357425690 0.000000000 0.000000000 -12.000000000 0.132686406 1.332833886
1776612785.029616833 0.662406385 0.156140715 0.167128891 0.336483032 0.938720524 0.060230900 -0.044217061 2.904239893 3.375609636 -7.353220940 0.000000000 0.000000000 -12.000000000 0.132758856 1.333295107
1776612785.034775257 0.661624551 0.156089917 0.167179465 0.336536497 0.938695848 0.060187303 -0.044393327 2.836662531 3.406203032 -7.347067833 0.000000000 0.000000000 -12.000000000 0.132831246 1.333747268
1776612785.039646387 0.660727739 0.156061605 0.167210519 0.336576164 0.938671887 0.060109898 -0.044702992 2.769303083 3.435285330 -7.338860512 0.000000000 0.000000000 -12.000000000 0.132903337 1.334189177
1776612785.044625282 0.659708440 0.156039774 0.167191625 0.336598992 0.938651025 0.059970897 -0.045154329 2.701905727 3.462856054 -7.328501701 0.000000000 0.000000000 -12.000000000 0.132975668 1.334621906
1776612785.049603224 0.658635378 0.156021059 0.167159259 0.336603045 0.938636184 0.059796542 -0.045660499 2.634202003 3.488924980 -7.315900803 0.000000000 0.000000000 -12.000000000 0.133048311 1.335043550
1776612785.054580212 0.657519698 0.156025589 0.167156339 0.336582303 0.938628137 0.059606299 -0.046223838 2.565916538 3.513510942 -7.300975800 0.000000000 0.000000000 -12.000000000 0.133121669 1.335457921
