ply
format ascii 1.0
element vertex 29384
property float x
property float y
property float z
property uchar red
property uchar green
property uchar blue
end_header
0.428062 0.077576 0.150686 0 0 0
0.428063 0.079510 0.150164 0 0 0
0.428100 0.081518 0.149638 0 0 0
0.428824 0.082956 0.149603 0 0 0
0.430609 0.070408 0.151926 0 0 0
0.429848 0.072812 0.150899 0 0 0
0.430564 0.074232 0.150863 0 0 0
0.430596 0.076226 0.150337 0 0 0
0.430628 0.078219 0.149810 0 0 0
0.431384 0.079719 0.149773 0 0 0
0.432138 0.081197 0.149741 0 0 0
0.431662 0.060365 0.153244 0 0 0
0.432364 0.061760 0.153208 0 0 0
0.432385 0.063726 0.152681 0 0 0
0.432408 0.065694 0.152154 0 0 0
0.433115 0.067120 0.152113 0 0 0
0.433141 0.069095 0.151585 0 0 0
0.433168 0.071075 0.151057 0 0 0
0.433879 0.072506 0.151017 0 0 0
0.433910 0.074493 0.150488 0 0 0
0.433908 0.076433 0.149957 0 0 0
0.433941 0.078425 0.149428 0 0 0
0.434694 0.079919 0.149391 0 0 0
0.435445 0.081391 0.149359 0 0 0
0.433456 0.051832 0.154543 0 0 0
0.433466 0.053745 0.154022 0 0 0
0.434201 0.055210 0.153984 0 0 0
0.434937 0.056673 0.153947 0 0 0
0.434989 0.058675 0.153422 0 0 0
0.435686 0.060084 0.153381 0 0 0
0.435706 0.062043 0.152852 0 0 0
0.435691 0.063951 0.152319 0 0 0
0.435714 0.065919 0.151790 0 0 0
0.436417 0.067337 0.151749 0 0 0
0.436444 0.069311 0.151219 0 0 0
0.436472 0.071289 0.150689 0 0 0
0.437180 0.072712 0.150649 0 0 0
0.437211 0.074697 0.150119 0 0 0
0.437243 0.076682 0.149588 0 0 0
0.437990 0.078163 0.149552 0 0 0
0.438775 0.079703 0.149518 0 0 0
0.439519 0.081162 0.149486 0 0 0
0.433002 0.042730 0.154895 0 0 0
0.433687 0.044097 0.154859 0 0 0
0.433721 0.046081 0.154339 0 0 0
0.434450 0.047533 0.154302 0 0 0
0.435222 0.049047 0.154269 0 0 0
0.435951 0.050498 0.154232 0 0 0
0.435997 0.052483 0.153706 0 0 0
0.436730 0.053941 0.153669 0 0 0
0.437463 0.055398 0.153632 0 0 0
0.437513 0.057392 0.153106 0 0 0
0.438248 0.058853 0.153068 0 0 0
0.438982 0.060313 0.153031 0 0 0
0.439000 0.062265 0.152500 0 0 0
0.439023 0.064226 0.151969 0 0 0
0.439720 0.065633 0.151929 0 0 0
0.439783 0.067656 0.151400 0 0 0
0.440483 0.069065 0.151360 0 0 0
0.440512 0.071040 0.150829 0 0 0
0.440542 0.073019 0.150296 0 0 0
0.441246 0.074433 0.150257 0 0 0
0.441314 0.076470 0.149727 0 0 0
0.442056 0.077941 0.149691 0 0 0
0.442837 0.079474 0.149658 0 0 0
0.443577 0.080924 0.149626 0 0 0
0.434009 0.036591 0.155186 0 0 0
0.433999 0.038478 0.154669 0 0 0
0.434683 0.039869 0.154626 0 0 0
0.434714 0.041842 0.154104 0 0 0
0.435440 0.043289 0.154067 0 0 0
0.436217 0.044789 0.154029 0 0 0
0.436984 0.046290 0.153996 0 0 0
0.437749 0.047791 0.153964 0 0 0
0.438517 0.049297 0.153931 0 0 0
0.439243 0.050742 0.153894 0 0 0
0.439291 0.052726 0.153366 0 0 0
0.440021 0.054178 0.153329 0 0 0
0.440750 0.055629 0.153292 0 0 0
0.440802 0.057623 0.152764 0 0 0
0.441534 0.059077 0.152727 0 0 0
0.442265 0.060532 0.152689 0 0 0
0.442284 0.062482 0.152157 0 0 0
0.442305 0.064437 0.151624 0 0 0
0.443040 0.065897 0.151587 0 0 0
0.443774 0.067356 0.151550 0 0 0
0.443800 0.069320 0.151017 0 0 0
0.443827 0.071289 0.150483 0 0 0
0.444564 0.072754 0.150446 0 0 0
0.445302 0.074216 0.150410 0 0 0
0.445371 0.076251 0.149879 0 0 0
0.446071 0.077657 0.149839 0 0 0
0.446146 0.079704 0.149308 0 0 0
0.446845 0.081092 0.149273 0 0 0
0.431981 0.026427 0.155086 0 0 0
0.431961 0.028287 0.154569 0 0 0
0.432682 0.029730 0.154530 0 0 0
0.433446 0.031228 0.154497 0 0 0
0.434208 0.032722 0.154465 0 0 0
0.434970 0.034217 0.154432 0 0 0
0.435722 0.035716 0.154404 0 0 0
0.436494 0.037205 0.154367 0 0 0
0.437259 0.038704 0.154334 0 0 0
0.437991 0.040137 0.154292 0 0 0
0.438021 0.042104 0.153769 0 0 0
0.438744 0.043545 0.153731 0 0 0
0.439509 0.045046 0.153699 0 0 0
0.440273 0.046543 0.153666 0 0 0
0.441039 0.048044 0.153633 0 0 0
0.441772 0.049478 0.153591 0 0 0
0.441810 0.051464 0.153067 0 0 0
0.442534 0.052906 0.153030 0 0 0
0.443303 0.054413 0.152997 0 0 0
0.444027 0.055854 0.152960 0 0 0
0.444081 0.057848 0.152430 0 0 0
0.444807 0.059292 0.152393 0 0 0
0.445577 0.060801 0.152360 0 0 0
0.446303 0.062245 0.152323 0 0 0
0.446324 0.064197 0.151789 0 0 0
0.446350 0.066157 0.151254 0 0 0
0.447040 0.067548 0.151213 0 0 0
0.447108 0.069573 0.150681 0 0 0
0.447799 0.070966 0.150641 0 0 0
0.447868 0.072994 0.150109 0 0 0
0.448600 0.074448 0.150073 0 0 0
0.449374 0.075966 0.150039 0 0 0
0.450107 0.077419 0.150003 0 0 0
0.450178 0.079454 0.149470 0 0 0
0.450915 0.080915 0.149434 0 0 0
0.451659 0.082349 0.149398 0 0 0
0.430776 0.017858 0.154968 0 0 0
0.431491 0.019263 0.154937 0 0 0
0.432211 0.020702 0.154898 0 0 0
0.432227 0.022631 0.154377 0 0 0
0.432944 0.024068 0.154339 0 0 0
0.433695 0.025566 0.154311 0 0 0
0.434466 0.027051 0.154274 0 0 0
0.435226 0.028540 0.154241 0 0 0
0.435986 0.030030 0.154209 0 0 0
0.436745 0.031520 0.154176 0 0 0
0.437505 0.033009 0.154144 0 0 0
0.438265 0.034499 0.154112 0 0 0
0.439027 0.035993 0.154079 0 0 0
0.439745 0.037425 0.154041 0 0 0
0.439775 0.039387 0.153517 0 0 0
0.440505 0.040817 0.153475 0 0 0
0.441268 0.042313 0.153442 0 0 0
0.442029 0.043805 0.153409 0 0 0
0.442793 0.045302 0.153376 0 0 0
0.443523 0.046730 0.153334 0 0 0
0.443549 0.048715 0.152814 0 0 0
0.444281 0.050147 0.152772 0 0 0
0.445046 0.051645 0.152739 0 0 0
0.445808 0.053140 0.152706 0 0 0
0.446570 0.054634 0.152674 0 0 0
0.447332 0.056128 0.152641 0 0 0
0.448097 0.057627 0.152609 0 0 0
0.448818 0.059061 0.152572 0 0 0
0.448878 0.061065 0.152039 0 0 0
0.449560 0.062441 0.151999 0 0 0
0.449625 0.064456 0.151466 0 0 0
0.450309 0.065836 0.151426 0 0 0
0.450377 0.067858 0.150892 0 0 0
0.451063 0.069241 0.150852 0 0 0
0.451094 0.071208 0.150314 0 0 0
0.451125 0.073176 0.149777 0 0 0
0.451854 0.074625 0.149740 0 0 0
0.452626 0.076139 0.149707 0 0 0
0.453355 0.077586 0.149671 0 0 0
0.453392 0.079566 0.149133 0 0 0
0.453423 0.081560 0.148599 0 0 0
0.454124 0.082928 0.148560 0 0 0
0.430230 0.012582 0.154282 0 0 0
0.430942 0.013978 0.154252 0 0 0
0.431703 0.015470 0.154220 0 0 0
0.432448 0.016961 0.154193 0 0 0
0.433205 0.018446 0.154160 0 0 0
0.433966 0.019935 0.154128 0 0 0
0.434706 0.021341 0.154097 0 0 0
0.436295 0.022570 0.154547 0 0 0
0.436288 0.024429 0.154033 0 0 0
0.437003 0.025860 0.153993 0 0 0
0.437762 0.027350 0.153961 0 0 0
0.438520 0.028835 0.153929 0 0 0
0.439277 0.030320 0.153896 0 0 0
0.440035 0.031805 0.153864 0 0 0
0.440792 0.033290 0.153831 0 0 0
0.441563 0.034774 0.153794 0 0 0
0.442279 0.036199 0.153756 0 0 0
0.442308 0.038159 0.153231 0 0 0
0.443024 0.039589 0.153193 0 0 0
0.443785 0.041080 0.153160 0 0 0
0.444546 0.042572 0.153128 0 0 0
0.445262 0.044000 0.153090 0 0 0
0.445298 0.045974 0.152564 0 0 0
0.446027 0.047400 0.152521 0 0 0
0.446790 0.048894 0.152488 0 0 0
0.447550 0.050384 0.152456 0 0 0
0.448309 0.051873 0.152424 0 0 0
0.449069 0.053363 0.152391 0 0 0
0.449829 0.054852 0.152359 0 0 0
0.450589 0.056342 0.152326 0 0 0
0.451351 0.057836 0.152294 0 0 0
0.452069 0.059265 0.152257 0 0 0
0.452131 0.061268 0.151723 0 0 0
0.452809 0.062637 0.151682 0 0 0
0.452874 0.064647 0.151147 0 0 0
0.453597 0.066085 0.151111 0 0 0
0.454321 0.067524 0.151074 0 0 0
0.454349 0.069481 0.150535 0 0 0
0.454381 0.071447 0.149996 0 0 0
0.455064 0.072825 0.149956 0 0 0
0.455138 0.074855 0.149419 0 0 0
0.455865 0.076301 0.149383 0 0 0
0.456594 0.077745 0.149347 0 0 0
0.456669 0.079780 0.148810 0 0 0
0.457399 0.081229 0.148774 0 0 0
0.458126 0.082656 0.148743 0 0 0
0.428268 0.002554 0.154196 0 0 0
0.428976 0.003944 0.154166 0 0 0
0.429722 0.005436 0.154139 0 0 0
0.430477 0.006918 0.154107 0 0 0
0.431232 0.008398 0.154075 0 0 0
0.431987 0.009878 0.154043 0 0 0
0.432742 0.011359 0.154011 0 0 0
0.433497 0.012839 0.153979 0 0 0
0.434252 0.014319 0.153946 0 0 0
0.435007 0.015800 0.153914 0 0 0
0.435762 0.017280 0.153882 0 0 0
0.436517 0.018760 0.153850 0 0 0
0.437272 0.020242 0.153818 0 0 0
0.438016 0.021727 0.153791 0 0 0
0.438782 0.023202 0.153753 0 0 0
0.439538 0.024682 0.153721 0 0 0
0.440293 0.026162 0.153689 0 0 0
0.441048 0.027643 0.153656 0 0 0
0.441803 0.029123 0.153624 0 0 0
0.442560 0.030608 0.153592 0 0 0
0.443272 0.032029 0.153554 0 0 0
0.443299 0.033979 0.153028 0 0 0
0.444013 0.035403 0.152989 0 0 0
0.444783 0.036885 0.152952 0 0 0
0.445540 0.038368 0.152919 0 0 0
0.446296 0.039850 0.152887 0 0 0
0.447052 0.041333 0.152855 0 0 0
0.447810 0.042820 0.152822 0 0 0
0.448524 0.044242 0.152785 0 0 0
0.448573 0.046211 0.152251 0 0 0
0.449288 0.047636 0.152214 0 0 0
0.450048 0.049125 0.152181 0 0 0
0.450805 0.050610 0.152149 0 0 0
0.451563 0.052095 0.152117 0 0 0
0.452320 0.053580 0.152084 0 0 0
0.453077 0.055065 0.152052 0 0 0
0.453837 0.056555 0.152019 0 0 0
0.454552 0.057977 0.151983 0 0 0
0.454614 0.059977 0.151447 0 0 0
0.455288 0.061339 0.151406 0 0 0
0.455354 0.063346 0.150870 0 0 0
0.456074 0.064779 0.150833 0 0 0
0.456794 0.066211 0.150796 0 0 0
0.456822 0.068164 0.150256 0 0 0
0.456852 0.070121 0.149714 0 0 0
0.457573 0.071555 0.149678 0 0 0
0.458338 0.073054 0.149645 0 0 0
0.459103 0.074554 0.149612 0 0 0
0.459822 0.075964 0.149581 0 0 0
0.459119 0.078395 0.148530 0 0 0
0.460599 0.079456 0.148989 0 0 0
0.460666 0.081438 0.148460 0 0 0
0.461347 0.082792 0.148426 0 0 0
0.428573 -0.003057 0.153944 0 0 0
0.428489 -0.001240 0.153499 0 0 0
0.429198 0.000191 0.153458 0 0 0
0.429944 0.001684 0.153431 0 0 0
0.430665 0.003084 0.153405 0 0 0
0.432322 0.004385 0.153863 0 0 0
0.433030 0.005787 0.153842 0 0 0
0.433785 0.007269 0.153810 0 0 0
0.434538 0.008745 0.153778 0 0 0
0.435291 0.010221 0.153746 0 0 0
0.436046 0.011702 0.153714 0 0 0
0.436768 0.013099 0.153688 0 0 0
0.438390 0.014399 0.154156 0 0 0
0.439065 0.015735 0.154123 0 0 0
0.439096 0.017651 0.153592 0 0 0
0.439805 0.019070 0.153553 0 0 0
0.440560 0.020551 0.153521 0 0 0
0.441312 0.022026 0.153489 0 0 0
0.442065 0.023502 0.153457 0 0 0
0.442818 0.024978 0.153424 0 0 0
0.443570 0.026454 0.153392 0 0 0
0.444323 0.027929 0.153360 0 0 0
0.445079 0.029410 0.153328 0 0 0
0.445799 0.030820 0.153284 0 0 0
0.445827 0.032766 0.152756 0 0 0
0.446537 0.034185 0.152718 0 0 0
0.447293 0.035667 0.152686 0 0 0
0.448047 0.037145 0.152654 0 0 0
0.448801 0.038623 0.152622 0 0 0
0.449555 0.040101 0.152589 0 0 0
0.450309 0.041579 0.152557 0 0 0
0.451065 0.043062 0.152525 0 0 0
0.451775 0.044478 0.152488 0 0 0
0.451826 0.046446 0.151952 0 0 0
0.452538 0.047865 0.151915 0 0 0
0.453297 0.049355 0.151882 0 0 0
0.454028 0.050764 0.151858 0 0 0
0.455566 0.051936 0.152318 0 0 0
0.455602 0.053848 0.151791 0 0 0
0.456313 0.055267 0.151754 0 0 0
0.457070 0.056752 0.151721 0 0 0
0.457826 0.058232 0.151689 0 0 0
0.458583 0.059717 0.151657 0 0 0
0.459294 0.061133 0.151620 0 0 0
0.459362 0.063139 0.151082 0 0 0
0.460031 0.064492 0.151042 0 0 0
0.460101 0.066505 0.150503 0 0 0
0.460818 0.067930 0.150466 0 0 0
0.461535 0.069356 0.150430 0 0 0
0.461567 0.071313 0.149887 0 0 0
0.461602 0.073279 0.149343 0 0 0
0.462278 0.074640 0.149304 0 0 0
0.462356 0.076673 0.148763 0 0 0
0.463075 0.078102 0.148727 0 0 0
0.463839 0.079598 0.148695 0 0 0
0.464603 0.081096 0.148662 0 0 0
0.465320 0.082502 0.148631 0 0 0
0.427387 -0.011430 0.153928 0 0 0
0.428091 -0.010048 0.153898 0 0 0
0.428800 -0.008621 0.153858 0 0 0
0.428800 -0.006751 0.153335 0 0 0
0.429461 -0.005378 0.153286 0 0 0
0.429392 -0.003552 0.152842 0 0 0
0.431052 -0.002315 0.153218 0 0 0
0.431771 -0.000921 0.153192 0 0 0
0.432525 0.000558 0.153160 0 0 0
0.433266 0.002043 0.153134 0 0 0
0.433973 0.003444 0.153114 0 0 0
0.435627 0.004740 0.153572 0 0 0
0.436343 0.006131 0.153547 0 0 0
0.437086 0.007619 0.153520 0 0 0
0.437804 0.009011 0.153495 0 0 0
0.439425 0.010310 0.153965 0 0 0
0.440141 0.011698 0.153939 0 0 0
0.440893 0.013173 0.153908 0 0 0
0.441645 0.014646 0.153875 0 0 0
0.442348 0.016056 0.153836 0 0 0
0.442379 0.017966 0.153304 0 0 0
0.443084 0.019379 0.153265 0 0 0
0.443836 0.020855 0.153232 0 0 0
0.444586 0.022326 0.153200 0 0 0
0.445337 0.023797 0.153168 0 0 0
0.446088 0.025268 0.153136 0 0 0
0.446853 0.026738 0.153098 0 0 0
0.447559 0.028147 0.153060 0 0 0
0.447572 0.030094 0.152537 0 0 0
0.448294 0.031506 0.152493 0 0 0
0.449020 0.032908 0.152468 0 0 0
0.450632 0.034164 0.152931 0 0 0
0.451308 0.035495 0.152900 0 0 0
0.451343 0.037457 0.152370 0 0 0
0.452049 0.038868 0.152333 0 0 0
0.452803 0.040346 0.152300 0 0 0
0.453555 0.041820 0.152268 0 0 0
0.454306 0.043293 0.152236 0 0 0
0.455058 0.044767 0.152204 0 0 0
0.455810 0.046240 0.152172 0 0 0
0.456561 0.047713 0.152140 0 0 0
0.457313 0.049187 0.152108 0 0 0
0.458066 0.050665 0.152076 0 0 0
0.458773 0.052073 0.152039 0 0 0
0.458832 0.054056 0.151500 0 0 0
0.459540 0.055467 0.151463 0 0 0
0.460295 0.056947 0.151431 0 0 0
0.461048 0.058423 0.151399 0 0 0
0.461803 0.059904 0.151367 0 0 0
0.462512 0.061313 0.151330 0 0 0
0.462581 0.063319 0.150790 0 0 0
0.463246 0.064664 0.150750 0 0 0
0.463318 0.066677 0.150209 0 0 0
0.464032 0.068097 0.150173 0 0 0
0.464746 0.069517 0.150136 0 0 0
0.464779 0.071471 0.149591 0 0 0
0.464812 0.073430 0.149046 0 0 0
0.465530 0.074856 0.149010 0 0 0
0.466246 0.076280 0.148974 0 0 0
0.466325 0.078310 0.148432 0 0 0
0.467041 0.079732 0.148396 0 0 0
0.467805 0.081231 0.148363 0 0 0
0.468519 0.082630 0.148333 0 0 0
0.427654 -0.016934 0.153768 0 0 0
0.427617 -0.015186 0.153245 0 0 0
0.428320 -0.013763 0.153203 0 0 0
0.429058 -0.012284 0.153176 0 0 0
0.429807 -0.010815 0.153144 0 0 0
0.430557 -0.009347 0.153112 0 0 0
0.431334 -0.007885 0.153068 0 0 0
0.432039 -0.006471 0.153027 0 0 0
0.432038 -0.004600 0.152503 0 0 0
0.432731 -0.003175 0.152468 0 0 0
0.433485 -0.001694 0.152436 0 0 0
0.434202 -0.000304 0.152410 0 0 0
0.435845 0.001005 0.152877 0 0 0
0.436560 0.002392 0.152851 0 0 0
0.437302 0.003879 0.152824 0 0 0
0.438017 0.005267 0.152799 0 0 0
0.439657 0.006569 0.153265 0 0 0
0.440337 0.007872 0.153246 0 0 0
0.441959 0.009176 0.153718 0 0 0
0.442686 0.010552 0.153687 0 0 0
0.443435 0.012020 0.153655 0 0 0
0.444169 0.013491 0.153629 0 0 0
0.444916 0.014956 0.153597 0 0 0
0.445676 0.016414 0.153559 0 0 0
0.446424 0.017877 0.153527 0 0 0
0.447173 0.019346 0.153495 0 0 0
0.447873 0.020749 0.153456 0 0 0
0.447898 0.022680 0.152927 0 0 0
0.448566 0.024017 0.152876 0 0 0
0.448579 0.025961 0.152352 0 0 0
0.449283 0.027368 0.152313 0 0 0
0.450047 0.028835 0.152275 0 0 0
0.450797 0.030304 0.152243 0 0 0
0.451546 0.031774 0.152211 0 0 0
0.452282 0.033249 0.152185 0 0 0
0.453031 0.034716 0.152153 0 0 0
0.453793 0.036179 0.152116 0 0 0
0.454543 0.037648 0.152083 0 0 0
0.455292 0.039117 0.152051 0 0 0
0.456041 0.040585 0.152019 0 0 0
0.456790 0.042054 0.151987 0 0 0
0.457539 0.043523 0.151955 0 0 0
0.458288 0.044992 0.151924 0 0 0
0.459038 0.046461 0.151892 0 0 0
0.459787 0.047929 0.151860 0 0 0
0.460536 0.049398 0.151828 0 0 0
0.461285 0.050867 0.151796 0 0 0
0.462035 0.052335 0.151764 0 0 0
0.462784 0.053804 0.151732 0 0 0
0.463536 0.055278 0.151699 0 0 0
0.464239 0.056679 0.151663 0 0 0
0.464303 0.058670 0.151122 0 0 0
0.465011 0.060079 0.151085 0 0 0
0.465719 0.061487 0.151049 0 0 0
0.465790 0.063493 0.150507 0 0 0
0.466451 0.064830 0.150466 0 0 0
0.466527 0.066849 0.149923 0 0 0
0.467190 0.068188 0.149884 0 0 0
0.467269 0.070213 0.149340 0 0 0
0.467936 0.071556 0.149300 0 0 0
0.468015 0.073582 0.148757 0 0 0
0.468726 0.074995 0.148721 0 0 0
0.469484 0.076481 0.148688 0 0 0
0.470239 0.077961 0.148656 0 0 0
0.470994 0.079442 0.148624 0 0 0
0.471752 0.080929 0.148592 0 0 0
0.472461 0.082318 0.148561 0 0 0
0.425799 -0.026707 0.153728 0 0 0
0.426494 -0.025343 0.153699 0 0 0
0.427244 -0.023873 0.153667 0 0 0
0.427991 -0.022407 0.153635 0 0 0
0.428690 -0.020993 0.153592 0 0 0
0.428665 -0.019244 0.153071 0 0 0
0.430226 -0.018001 0.153515 0 0 0
0.430188 -0.016239 0.153000 0 0 0
0.430888 -0.014823 0.152958 0 0 0
0.431637 -0.013355 0.152926 0 0 0
0.432386 -0.011886 0.152894 0 0 0
0.433086 -0.010476 0.152853 0 0 0
0.433085 -0.008615 0.152327 0 0 0
0.433788 -0.007203 0.152286 0 0 0
0.434567 -0.005737 0.152242 0 0 0
0.435268 -0.004349 0.152222 0 0 0
0.436911 -0.003036 0.152690 0 0 0
0.437623 -0.001655 0.152665 0 0 0
0.438359 -0.000179 0.152639 0 0 0
0.439105 0.001286 0.152607 0 0 0
0.439855 0.002756 0.152575 0 0 0
0.440569 0.004139 0.152550 0 0 0
0.442156 0.005364 0.153030 0 0 0
0.443758 0.006583 0.153504 0 0 0
0.444408 0.007904 0.153477 0 0 0
0.444427 0.009816 0.152949 0 0 0
0.445091 0.011136 0.152917 0 0 0
0.446722 0.012429 0.153383 0 0 0
0.447384 0.013742 0.153351 0 0 0
0.447405 0.015659 0.152822 0 0 0
0.448104 0.017060 0.152783 0 0 0
0.448852 0.018527 0.152751 0 0 0
0.449601 0.019993 0.152718 0 0 0
0.450312 0.021386 0.152674 0 0 0
0.450337 0.023311 0.152142 0 0 0
0.451054 0.024713 0.152098 0 0 0
0.451773 0.026102 0.152073 0 0 0
0.453369 0.027366 0.152546 0 0 0
0.454083 0.028747 0.152521 0 0 0
0.454832 0.030214 0.152489 0 0 0
0.455577 0.031676 0.152458 0 0 0
0.456323 0.033138 0.152426 0 0 0
0.457069 0.034600 0.152394 0 0 0
0.457814 0.036061 0.152362 0 0 0
0.458560 0.037523 0.152330 0 0 0
0.459305 0.038985 0.152299 0 0 0
0.460051 0.040447 0.152267 0 0 0
0.460797 0.041909 0.152235 0 0 0
0.461545 0.043376 0.152203 0 0 0
0.462243 0.044770 0.152166 0 0 0
0.462300 0.046737 0.151625 0 0 0
0.463000 0.048133 0.151588 0 0 0
0.463749 0.049603 0.151556 0 0 0
0.464496 0.051067 0.151524 0 0 0
0.465243 0.052531 0.151492 0 0 0
0.465990 0.053995 0.151460 0 0 0
0.466739 0.055465 0.151428 0 0 0
0.467439 0.056859 0.151392 0 0 0
0.467509 0.058856 0.150848 0 0 0
0.468163 0.060183 0.150808 0 0 0
0.468235 0.062186 0.150264 0 0 0
0.468942 0.063592 0.150227 0 0 0
0.469648 0.064996 0.150191 0 0 0
0.469724 0.067009 0.149646 0 0 0
0.470383 0.068342 0.149606 0 0 0
0.470419 0.070296 0.149057 0 0 0
0.470453 0.072249 0.148509 0 0 0
0.471162 0.073658 0.148472 0 0 0
0.471917 0.075139 0.148440 0 0 0
0.472670 0.076615 0.148408 0 0 0
0.473423 0.078090 0.148376 0 0 0
0.474175 0.079566 0.148344 0 0 0
0.474931 0.081049 0.148311 0 0 0
0.475637 0.082432 0.148281 0 0 0
0.424629 -0.035060 0.153631 0 0 0
0.424566 -0.033351 0.153115 0 0 0
0.425262 -0.031935 0.153071 0 0 0
0.426012 -0.030465 0.153039 0 0 0
0.426718 -0.029092 0.153013 0 0 0
0.428383 -0.027741 0.153483 0 0 0
0.429087 -0.026372 0.153457 0 0 0
0.429820 -0.024903 0.153431 0 0 0
0.430579 -0.023445 0.153393 0 0 0
0.431275 -0.022042 0.153351 0 0 0
0.431264 -0.020207 0.152827 0 0 0
0.431948 -0.018794 0.152791 0 0 0
0.432708 -0.017335 0.152753 0 0 0
0.433453 -0.015876 0.152721 0 0 0
0.434197 -0.014416 0.152689 0 0 0
0.434944 -0.012952 0.152657 0 0 0
0.435641 -0.011547 0.152616 0 0 0
0.435656 -0.009692 0.152083 0 0 0
0.436308 -0.008337 0.152032 0 0 0
0.436283 -0.006548 0.151513 0 0 0
0.437877 -0.005282 0.151973 0 0 0
0.438578 -0.003892 0.151953 0 0 0
0.439291 -0.002508 0.151927 0 0 0
0.440929 -0.001202 0.152397 0 0 0
0.441641 0.000179 0.152372 0 0 0
0.442355 0.001560 0.152346 0 0 0
0.443973 0.002864 0.152822 0 0 0
0.444683 0.004243 0.152798 0 0 0
0.445383 0.005629 0.152779 0 0 0
0.446960 0.006865 0.153238 0 0 0
0.446931 0.008587 0.152720 0 0 0
0.448492 0.009826 0.153185 0 0 0
0.449200 0.011196 0.153160 0 0 0
0.449946 0.012657 0.153128 0 0 0
0.450688 0.014112 0.153097 0 0 0
0.451430 0.015567 0.153065 0 0 0
0.452174 0.017027 0.153033 0 0 0
0.452868 0.018417 0.152994 0 0 0
0.452905 0.020330 0.152456 0 0 0
0.453601 0.021723 0.152417 0 0 0
0.454346 0.023186 0.152385 0 0 0
0.455089 0.024643 0.152353 0 0 0
0.455833 0.026100 0.152322 0 0 0
0.456579 0.027563 0.152290 0 0 0
0.457291 0.028938 0.152266 0 0 0
0.458882 0.030199 0.152740 0 0 0
0.459543 0.031502 0.152710 0 0 0
0.459598 0.033454 0.152170 0 0 0
0.460262 0.034762 0.152140 0 0 0
0.461849 0.036018 0.152614 0 0 0
0.462511 0.037320 0.152584 0 0 0
0.462568 0.039277 0.152042 0 0 0
0.463263 0.040667 0.152005 0 0 0
0.464009 0.042129 0.151973 0 0 0
0.464752 0.043586 0.151941 0 0 0
0.465495 0.045044 0.151909 0 0 0
0.466241 0.046506 0.151877 0 0 0
0.466937 0.047893 0.151841 0 0 0
0.466998 0.049866 0.151297 0 0 0
0.467694 0.051256 0.151260 0 0 0
0.468441 0.052721 0.151228 0 0 0
0.469186 0.054180 0.151197 0 0 0
0.469933 0.055645 0.151165 0 0 0
0.470629 0.057033 0.151128 0 0 0
0.470701 0.059030 0.150583 0 0 0
0.471351 0.060349 0.150542 0 0 0
0.471429 0.062359 0.149996 0 0 0
0.472081 0.063680 0.149956 0 0 0
0.472161 0.065696 0.149410 0 0 0
0.472816 0.067021 0.149370 0 0 0
0.472895 0.069037 0.148823 0 0 0
0.473602 0.070442 0.148787 0 0 0
0.474307 0.071845 0.148751 0 0 0
0.474388 0.073865 0.148203 0 0 0
0.475092 0.075266 0.148168 0 0 0
0.475845 0.076743 0.148135 0 0 0
0.476596 0.078214 0.148103 0 0 0
0.477346 0.079685 0.148071 0 0 0
0.478101 0.081163 0.148039 0 0 0
0.478817 0.082533 0.148003 0 0 0
0.424977 -0.040400 0.153504 0 0 0
0.424926 -0.038715 0.152982 0 0 0
0.425618 -0.037301 0.152937 0 0 0
0.426348 -0.035837 0.152911 0 0 0
0.427104 -0.034388 0.152873 0 0 0
0.427846 -0.032933 0.152841 0 0 0
0.428588 -0.031478 0.152810 0 0 0
0.429330 -0.030022 0.152778 0 0 0
0.430061 -0.028555 0.152753 0 0 0
0.430765 -0.027188 0.152727 0 0 0
0.432389 -0.025898 0.153179 0 0 0
0.432330 -0.024153 0.152670 0 0 0
0.433024 -0.022748 0.152626 0 0 0
0.433783 -0.021294 0.152588 0 0 0
0.434525 -0.019839 0.152556 0 0 0
0.435267 -0.018385 0.152525 0 0 0
0.436009 -0.016930 0.152493 0 0 0
0.436751 -0.015475 0.152461 0 0 0
0.437496 -0.014015 0.152429 0 0 0
0.438189 -0.012616 0.152388 0 0 0
0.438203 -0.010769 0.151854 0 0 0
0.438899 -0.009367 0.151812 0 0 0
0.439645 -0.007905 0.151780 0 0 0
0.440391 -0.006442 0.151749 0 0 0
0.441099 -0.005071 0.151723 0 0 0
0.442721 -0.003755 0.152202 0 0 0
0.443427 -0.002387 0.152176 0 0 0
0.444175 -0.000920 0.152145 0 0 0
0.444882 0.000450 0.152120 0 0 0
0.446501 0.001760 0.152598 0 0 0
0.447170 0.003037 0.152579 0 0 0
0.448801 0.004334 0.153050 0 0 0
0.449490 0.005704 0.153032 0 0 0
0.450233 0.007161 0.153001 0 0 0
0.450973 0.008612 0.152969 0 0 0
0.451712 0.010062 0.152938 0 0 0
0.452452 0.011512 0.152906 0 0 0
0.453192 0.012962 0.152874 0 0 0
0.453931 0.014413 0.152843 0 0 0
0.454671 0.015863 0.152811 0 0 0
0.455411 0.017313 0.152780 0 0 0
0.456150 0.018763 0.152748 0 0 0
0.456890 0.020213 0.152717 0 0 0
0.457630 0.021664 0.152685 0 0 0
0.458370 0.023114 0.152653 0 0 0
0.459110 0.024564 0.152622 0 0 0
0.459849 0.026015 0.152590 0 0 0
0.460589 0.027465 0.152559 0 0 0
0.461328 0.028915 0.152527 0 0 0
0.462068 0.030365 0.152496 0 0 0
0.462808 0.031815 0.152464 0 0 0
0.463548 0.033266 0.152433 0 0 0
0.464287 0.034716 0.152401 0 0 0
0.465030 0.036172 0.152369 0 0 0
0.465720 0.037552 0.152332 0 0 0
0.465775 0.039502 0.151788 0 0 0
0.466470 0.040891 0.151751 0 0 0
0.467185 0.042268 0.151728 0 0 0
0.468719 0.043421 0.152189 0 0 0
0.468741 0.045319 0.151662 0 0 0
0.469384 0.046629 0.151619 0 0 0
0.469448 0.048604 0.151074 0 0 0
0.470142 0.049989 0.151037 0 0 0
0.470887 0.051449 0.151005 0 0 0
0.471629 0.052904 0.150973 0 0 0
0.472371 0.054359 0.150941 0 0 0
0.473113 0.055814 0.150910 0 0 0
0.473858 0.057274 0.150878 0 0 0
0.474552 0.058657 0.150841 0 0 0
0.474578 0.060582 0.150290 0 0 0
0.474605 0.062512 0.149738 0 0 0
0.475305 0.063906 0.149702 0 0 0
0.476004 0.065299 0.149665 0 0 0
0.476037 0.067238 0.149113 0 0 0
0.476071 0.069181 0.148561 0 0 0
0.476771 0.070574 0.148524 0 0 0
0.477520 0.072044 0.148492 0 0 0
0.478270 0.073514 0.148460 0 0 0
0.478970 0.074905 0.148425 0 0 0
0.479055 0.076931 0.147875 0 0 0
0.479759 0.078331 0.147839 0 0 0
0.480463 0.079729 0.147804 0 0 0
0.480542 0.081779 0.147260 0 0 0
0.481209 0.083072 0.147221 0 0 0
0.424883 -0.050476 0.154534 0 0 0
0.425567 -0.049136 0.154505 0 0 0
0.426256 -0.047730 0.154459 0 0 0
0.426197 -0.046009 0.153919 0 0 0
0.426138 -0.044283 0.153378 0 0 0
0.426828 -0.042876 0.153333 0 0 0
0.427519 -0.041472 0.153288 0 0 0
0.427512 -0.039691 0.152759 0 0 0
0.428202 -0.038288 0.152715 0 0 0
0.428944 -0.036833 0.152683 0 0 0
0.429684 -0.035383 0.152651 0 0 0
0.430423 -0.033933 0.152620 0 0 0
0.431167 -0.032476 0.152588 0 0 0
0.431867 -0.031116 0.152563 0 0 0
0.433460 -0.029806 0.153030 0 0 0
0.433429 -0.028087 0.152507 0 0 0
0.434105 -0.026680 0.152468 0 0 0
0.434861 -0.025231 0.152431 0 0 0
0.435601 -0.023781 0.152399 0 0 0
0.436341 -0.022331 0.152367 0 0 0
0.437080 -0.020881 0.152336 0 0 0
0.437820 -0.019431 0.152304 0 0 0
0.438560 -0.017980 0.152273 0 0 0
0.439300 -0.016530 0.152241 0 0 0
0.440039 -0.015080 0.152210 0 0 0
0.440779 -0.013630 0.152178 0 0 0
0.441521 -0.012174 0.152146 0 0 0
0.442212 -0.010782 0.152105 0 0 0
0.442233 -0.008925 0.151568 0 0 0
0.442888 -0.007619 0.151534 0 0 0
0.444512 -0.006297 0.152014 0 0 0
0.445217 -0.004928 0.151989 0 0 0
0.445924 -0.003560 0.151964 0 0 0
0.447540 -0.002251 0.152444 0 0 0
0.448242 -0.000893 0.152419 0 0 0
0.448984 0.000562 0.152387 0 0 0
0.449725 0.002018 0.152356 0 0 0
0.450413 0.003384 0.152338 0 0 0
0.452036 0.004671 0.152811 0 0 0
0.452737 0.006027 0.152786 0 0 0
0.453478 0.007479 0.152755 0 0 0
0.454215 0.008925 0.152723 0 0 0
0.454952 0.010371 0.152692 0 0 0
0.455693 0.011823 0.152660 0 0 0
0.456397 0.013181 0.152637 0 0 0
0.457941 0.014398 0.153105 0 0 0
0.457924 0.016129 0.152585 0 0 0
0.459411 0.017280 0.153042 0 0 0
0.459425 0.019103 0.152511 0 0 0
0.460111 0.020484 0.152472 0 0 0
0.460855 0.021942 0.152440 0 0 0
0.461560 0.023301 0.152417 0 0 0
0.463093 0.024495 0.152886 0 0 0
0.463115 0.026340 0.152354 0 0 0
0.463770 0.027632 0.152323 0 0 0
0.465300 0.028823 0.152792 0 0 0
0.465323 0.030671 0.152259 0 0 0
0.466010 0.032049 0.152220 0 0 0
0.466750 0.033500 0.152188 0 0 0
0.467490 0.034952 0.152157 0 0 0
0.468177 0.036325 0.152119 0 0 0
0.468232 0.038273 0.151574 0 0 0
0.468921 0.039650 0.151537 0 0 0
0.469662 0.041105 0.151505 0 0 0
0.470387 0.042559 0.151480 0 0 0
0.471142 0.044005 0.151442 0 0 0
0.471831 0.045380 0.151405 0 0 0
0.471894 0.047347 0.150858 0 0 0
0.472600 0.048717 0.150814 0 0 0
0.473341 0.050172 0.150782 0 0 0
0.474067 0.051630 0.150757 0 0 0
0.474806 0.053081 0.150726 0 0 0
0.475546 0.054531 0.150695 0 0 0
0.476289 0.055988 0.150662 0 0 0
0.476994 0.057356 0.150620 0 0 0
0.477050 0.059354 0.150078 0 0 0
0.477746 0.060738 0.150041 0 0 0
0.478440 0.062121 0.150005 0 0 0
0.478520 0.064129 0.149455 0 0 0
0.479164 0.065433 0.149415 0 0 0
0.479249 0.067453 0.148865 0 0 0
0.479895 0.068760 0.148825 0 0 0
0.479980 0.070781 0.148274 0 0 0
0.480676 0.072166 0.148238 0 0 0
0.481424 0.073632 0.148206 0 0 0
0.482168 0.075091 0.148175 0 0 0
0.482916 0.076556 0.148143 0 0 0
0.483612 0.077940 0.148107 0 0 0
0.483705 0.079978 0.147555 0 0 0
0.484355 0.081289 0.147517 0 0 0
0.484454 0.083342 0.146964 0 0 0
0.485104 0.084632 0.146931 0 0 0
0.426997 -0.056177 0.155462 0 0 0
0.427619 -0.054903 0.155418 0 0 0
0.427541 -0.053184 0.154884 0 0 0
0.427476 -0.051477 0.154343 0 0 0
0.428159 -0.050079 0.154297 0 0 0
0.428843 -0.048683 0.154251 0 0 0
0.428783 -0.046967 0.153709 0 0 0
0.428725 -0.045245 0.153167 0 0 0
0.429412 -0.043843 0.153121 0 0 0
0.430099 -0.042445 0.153076 0 0 0
0.430093 -0.040668 0.152546 0 0 0
0.430780 -0.039271 0.152501 0 0 0
0.431519 -0.037821 0.152470 0 0 0
0.432257 -0.036375 0.152438 0 0 0
0.432998 -0.034922 0.152407 0 0 0
0.433695 -0.033570 0.152381 0 0 0
0.435339 -0.032210 0.152864 0 0 0
0.436033 -0.030861 0.152838 0 0 0
0.436774 -0.029411 0.152807 0 0 0
0.437510 -0.027968 0.152775 0 0 0
0.438246 -0.026524 0.152744 0 0 0
0.438982 -0.025081 0.152712 0 0 0
0.439720 -0.023633 0.152681 0 0 0
0.440406 -0.022246 0.152639 0 0 0
0.440416 -0.020423 0.152103 0 0 0
0.441103 -0.019033 0.152061 0 0 0
0.441842 -0.017582 0.152029 0 0 0
0.442580 -0.016137 0.151998 0 0 0
0.443317 -0.014691 0.151966 0 0 0
0.444057 -0.013240 0.151934 0 0 0
0.444743 -0.011854 0.151893 0 0 0
0.444766 -0.010000 0.151355 0 0 0
0.445417 -0.008700 0.151321 0 0 0
0.447042 -0.007371 0.151802 0 0 0
0.447703 -0.006108 0.151784 0 0 0
0.449323 -0.004790 0.152266 0 0 0
0.450024 -0.003432 0.152241 0 0 0
0.450727 -0.002072 0.152217 0 0 0
0.452337 -0.000770 0.152698 0 0 0
0.453038 0.000586 0.152674 0 0 0
0.453739 0.001943 0.152650 0 0 0
0.455344 0.003236 0.153131 0 0 0
0.456040 0.004583 0.153107 0 0 0
0.456778 0.006028 0.153076 0 0 0
0.457511 0.007467 0.153044 0 0 0
0.458245 0.008906 0.153013 0 0 0
0.458979 0.010344 0.152982 0 0 0
0.459713 0.011783 0.152950 0 0 0
0.460446 0.013222 0.152919 0 0 0
0.461181 0.014660 0.152888 0 0 0
0.461914 0.016099 0.152856 0 0 0
0.462648 0.017538 0.152825 0 0 0
0.463382 0.018976 0.152794 0 0 0
0.464116 0.020415 0.152762 0 0 0
0.464850 0.021853 0.152731 0 0 0
0.465583 0.023292 0.152700 0 0 0
0.466317 0.024731 0.152669 0 0 0
0.467051 0.026169 0.152637 0 0 0
0.467785 0.027608 0.152606 0 0 0
0.468519 0.029047 0.152575 0 0 0
0.469253 0.030485 0.152543 0 0 0
0.469989 0.031930 0.152512 0 0 0
0.470671 0.033295 0.152474 0 0 0
0.470729 0.035243 0.151927 0 0 0
0.471361 0.036535 0.151884 0 0 0
0.471421 0.038491 0.151337 0 0 0
0.472106 0.039861 0.151299 0 0 0
0.472845 0.041310 0.151267 0 0 0
0.473585 0.042760 0.151236 0 0 0
0.474270 0.044130 0.151198 0 0 0
0.474285 0.046023 0.150645 0 0 0
0.474290 0.047937 0.150098 0 0 0
0.474950 0.049230 0.150070 0 0 0
0.476523 0.050439 0.150541 0 0 0
0.477232 0.051801 0.150519 0 0 0
0.477975 0.053259 0.150487 0 0 0
0.478662 0.054628 0.150451 0 0 0
0.478719 0.056620 0.149908 0 0 0
0.479422 0.057985 0.149865 0 0 0
0.480164 0.059440 0.149833 0 0 0
0.480906 0.060894 0.149801 0 0 0
0.481594 0.062265 0.149765 0 0 0
0.481673 0.064265 0.149214 0 0 0
0.482363 0.065639 0.149178 0 0 0
0.483110 0.067102 0.149145 0 0 0
0.483814 0.068467 0.149103 0 0 0
0.483882 0.070488 0.148558 0 0 0
0.484577 0.071870 0.148522 0 0 0
0.485271 0.073251 0.148486 0 0 0
0.485358 0.075274 0.147933 0 0 0
0.486054 0.076658 0.147897 0 0 0
0.486751 0.078042 0.147862 0 0 0
0.486845 0.080080 0.147308 0 0 0
0.487491 0.081384 0.147269 0 0 0
0.487543 0.083336 0.146718 0 0 0
0.425925 -0.064245 0.155429 0 0 0
0.426596 -0.062930 0.155400 0 0 0
0.427331 -0.061491 0.155368 0 0 0
0.428078 -0.060062 0.155330 0 0 0
0.428754 -0.058683 0.155284 0 0 0
0.428702 -0.056931 0.154771 0 0 0
0.429382 -0.055543 0.154724 0 0 0
0.430076 -0.054161 0.154671 0 0 0
0.430063 -0.052415 0.154143 0 0 0
0.430745 -0.051024 0.154096 0 0 0
0.431441 -0.049639 0.154044 0 0 0
0.431365 -0.047922 0.153507 0 0 0
0.431306 -0.046205 0.152963 0 0 0
0.431988 -0.044813 0.152917 0 0 0
0.432726 -0.043365 0.152885 0 0 0
0.433407 -0.041974 0.152840 0 0 0
0.433371 -0.040289 0.152317 0 0 0
0.434909 -0.039012 0.152770 0 0 0
0.434878 -0.037313 0.152247 0 0 0
0.435519 -0.036016 0.152208 0 0 0
0.437165 -0.034649 0.152692 0 0 0
0.437856 -0.033307 0.152667 0 0 0
0.438594 -0.031861 0.152635 0 0 0
0.439328 -0.030422 0.152604 0 0 0
0.440062 -0.028983 0.152573 0 0 0
0.440795 -0.027544 0.152541 0 0 0
0.441529 -0.026106 0.152510 0 0 0
0.442263 -0.024667 0.152479 0 0 0
0.442997 -0.023229 0.152447 0 0 0
0.443731 -0.021790 0.152416 0 0 0
0.444465 -0.020351 0.152385 0 0 0
0.445198 -0.018913 0.152353 0 0 0
0.445932 -0.017474 0.152322 0 0 0
0.446666 -0.016035 0.152291 0 0 0
0.447402 -0.014591 0.152259 0 0 0
0.448084 -0.013214 0.152218 0 0 0
0.448107 -0.011364 0.151678 0 0 0
0.448752 -0.010077 0.151644 0 0 0
0.450370 -0.008756 0.152127 0 0 0
0.451069 -0.007404 0.152103 0 0 0
0.451768 -0.006051 0.152079 0 0 0
0.453383 -0.004736 0.152562 0 0 0
0.454037 -0.003489 0.152545 0 0 0
0.455648 -0.002180 0.153028 0 0 0
0.456341 -0.000841 0.153004 0 0 0
0.457076 0.000601 0.152973 0 0 0
0.457811 0.002042 0.152942 0 0 0
0.458505 0.003382 0.152918 0 0 0
0.460103 0.004669 0.153401 0 0 0
0.460795 0.006007 0.153377 0 0 0
0.461530 0.007445 0.153346 0 0 0
0.462260 0.008877 0.153315 0 0 0
0.462993 0.010315 0.153284 0 0 0
0.463669 0.011676 0.153245 0 0 0
0.463713 0.013579 0.152700 0 0 0
0.464356 0.014850 0.152670 0 0 0
0.465890 0.016057 0.153141 0 0 0
0.465903 0.017871 0.152607 0 0 0
0.466581 0.019237 0.152568 0 0 0
0.467316 0.020677 0.152536 0 0 0
0.468047 0.022111 0.152505 0 0 0
0.468779 0.023545 0.152474 0 0 0
0.469510 0.024979 0.152442 0 0 0
0.470241 0.026413 0.152411 0 0 0
0.470973 0.027847 0.152380 0 0 0
0.471705 0.029281 0.152349 0 0 0
0.472436 0.030715 0.152318 0 0 0
0.473170 0.032156 0.152286 0 0 0
0.473850 0.033514 0.152248 0 0 0
0.473910 0.035462 0.151700 0 0 0
0.474536 0.036746 0.151657 0 0 0
0.474599 0.038702 0.151107 0 0 0
0.475281 0.040066 0.151070 0 0 0
0.476021 0.041517 0.151038 0 0 0
0.476702 0.042879 0.151001 0 0 0
0.476767 0.044840 0.150451 0 0 0
0.477451 0.046206 0.150414 0 0 0
0.478189 0.047653 0.150382 0 0 0
0.478927 0.049100 0.150351 0 0 0
0.479635 0.050458 0.150330 0 0 0
0.481147 0.051581 0.150795 0 0 0
0.481181 0.053494 0.150262 0 0 0
0.481812 0.054781 0.150220 0 0 0
0.481870 0.056695 0.149681 0 0 0
0.483305 0.057746 0.150145 0 0 0
0.483362 0.059657 0.149606 0 0 0
0.484050 0.061031 0.149569 0 0 0
0.484738 0.062402 0.149533 0 0 0
0.484822 0.064410 0.148980 0 0 0
0.485456 0.065697 0.148940 0 0 0
0.485527 0.067719 0.148392 0 0 0
0.486231 0.069082 0.148350 0 0 0
0.486973 0.070536 0.148318 0 0 0
0.487715 0.071990 0.148286 0 0 0
0.488403 0.073359 0.148251 0 0 0
0.488493 0.075382 0.147696 0 0 0
0.489182 0.076753 0.147661 0 0 0
0.489928 0.078216 0.147628 0 0 0
0.490618 0.079587 0.147593 0 0 0
0.490713 0.081622 0.147038 0 0 0
0.491408 0.083004 0.147002 0 0 0
0.492100 0.084360 0.146973 0 0 0
0.426343 -0.069416 0.155333 0 0 0
0.427011 -0.068107 0.155304 0 0 0
0.427743 -0.066673 0.155273 0 0 0
0.428486 -0.065254 0.155235 0 0 0
0.429198 -0.063820 0.155210 0 0 0
0.429869 -0.062441 0.155164 0 0 0
0.429833 -0.060708 0.154644 0 0 0
0.430508 -0.059329 0.154596 0 0 0
0.431254 -0.057903 0.154558 0 0 0
0.431985 -0.056472 0.154526 0 0 0
0.432675 -0.055100 0.154474 0 0 0
0.432648 -0.053346 0.153950 0 0 0
0.433269 -0.052016 0.153890 0 0 0
0.433247 -0.050248 0.153365 0 0 0
0.433886 -0.048923 0.153299 0 0 0
0.433881 -0.047159 0.152767 0 0 0
0.434560 -0.045775 0.152722 0 0 0
0.435294 -0.044336 0.152690 0 0 0
0.436042 -0.042909 0.152652 0 0 0
0.436775 -0.041477 0.152620 0 0 0
0.437506 -0.040043 0.152589 0 0 0
0.438237 -0.038609 0.152558 0 0 0
0.438952 -0.037168 0.152533 0 0 0
0.439682 -0.035732 0.152503 0 0 0
0.440413 -0.034298 0.152472 0 0 0
0.441145 -0.032864 0.152440 0 0 0
0.441880 -0.031422 0.152409 0 0 0
0.442570 -0.030086 0.152384 0 0 0
0.444205 -0.028732 0.152870 0 0 0
0.444839 -0.027459 0.152834 0 0 0
0.444853 -0.025641 0.152296 0 0 0
0.445531 -0.024265 0.152253 0 0 0
0.446266 -0.022826 0.152222 0 0 0
0.447014 -0.021399 0.152184 0 0 0
0.447746 -0.019967 0.152152 0 0 0
0.448477 -0.018533 0.152121 0 0 0
0.449191 -0.017091 0.152097 0 0 0
0.449922 -0.015656 0.152066 0 0 0
0.450654 -0.014222 0.152035 0 0 0
0.451385 -0.012788 0.152003 0 0 0
0.452120 -0.011346 0.151972 0 0 0
0.452812 -0.010007 0.151948 0 0 0
0.454423 -0.008696 0.152434 0 0 0
0.455117 -0.007353 0.152409 0 0 0
0.455812 -0.006010 0.152385 0 0 0
0.457418 -0.004707 0.152871 0 0 0
0.458111 -0.003367 0.152847 0 0 0
0.458805 -0.002026 0.152823 0 0 0
0.460406 -0.000732 0.153308 0 0 0
0.461094 0.000599 0.153285 0 0 0
0.461830 0.002041 0.153253 0 0 0
0.462520 0.003373 0.153231 0 0 0
0.464058 0.004591 0.153704 0 0 0
0.464061 0.006376 0.153170 0 0 0
0.464735 0.007735 0.153130 0 0 0
0.465465 0.009169 0.153098 0 0 0
0.466193 0.010596 0.153067 0 0 0
0.466922 0.012023 0.153036 0 0 0
0.467650 0.013450 0.153005 0 0 0
0.468377 0.014877 0.152974 0 0 0
0.469106 0.016304 0.152943 0 0 0
0.469851 0.017723 0.152904 0 0 0
0.470580 0.019149 0.152873 0 0 0
0.471309 0.020582 0.152842 0 0 0
0.471967 0.021945 0.152810 0 0 0
0.471989 0.023774 0.152275 0 0 0
0.473467 0.024873 0.152730 0 0 0
0.473473 0.026717 0.152202 0 0 0
0.474148 0.028073 0.152163 0 0 0
0.474880 0.029509 0.152131 0 0 0
0.475612 0.030946 0.152100 0 0 0
0.476288 0.032298 0.152062 0 0 0
0.476345 0.034236 0.151513 0 0 0
0.477025 0.035598 0.151475 0 0 0
0.477706 0.036959 0.151437 0 0 0
0.477767 0.038907 0.150886 0 0 0
0.478445 0.040264 0.150849 0 0 0
0.479181 0.041705 0.150817 0 0 0
0.479929 0.043131 0.150779 0 0 0
0.480664 0.044570 0.150747 0 0 0
0.481343 0.045925 0.150710 0 0 0
0.481394 0.047902 0.150166 0 0 0
0.482073 0.049261 0.150129 0 0 0
0.482794 0.050712 0.150104 0 0 0
0.483540 0.052139 0.150067 0 0 0
0.484274 0.053576 0.150035 0 0 0
0.485010 0.055019 0.150003 0 0 0
0.485690 0.056375 0.149967 0 0 0
0.485767 0.058363 0.149413 0 0 0
0.486449 0.059723 0.149377 0 0 0
0.487186 0.061168 0.149345 0 0 0
0.487923 0.062613 0.149314 0 0 0
0.488605 0.063971 0.149278 0 0 0
0.488692 0.065982 0.148723 0 0 0
0.489323 0.067261 0.148683 0 0 0
0.489413 0.069279 0.148127 0 0 0
0.490097 0.070642 0.148091 0 0 0
0.490837 0.072092 0.148059 0 0 0
0.491573 0.073535 0.148028 0 0 0
0.492313 0.074985 0.147996 0 0 0
0.492997 0.076346 0.147961 0 0 0
0.493091 0.078375 0.147404 0 0 0
0.493778 0.079740 0.147369 0 0 0
0.494523 0.081201 0.147337 0 0 0
0.495206 0.082540 0.147308 0 0 0
0.424597 -0.078816 0.155337 0 0 0
0.425261 -0.077515 0.155308 0 0 0
0.426008 -0.076090 0.155270 0 0 0
0.426734 -0.074673 0.155239 0 0 0
0.427440 -0.073246 0.155215 0 0 0
0.428163 -0.071823 0.155185 0 0 0
0.428887 -0.070403 0.155154 0 0 0
0.429614 -0.068978 0.155122 0 0 0
0.430281 -0.067600 0.155073 0 0 0
0.430204 -0.065983 0.154564 0 0 0
0.431828 -0.064625 0.155025 0 0 0
0.432505 -0.063311 0.154999 0 0 0
0.433236 -0.061877 0.154968 0 0 0
0.433904 -0.060507 0.154921 0 0 0
0.433891 -0.058774 0.154391 0 0 0
0.434506 -0.057451 0.154329 0 0 0
0.434479 -0.055703 0.153805 0 0 0
0.435167 -0.054334 0.153752 0 0 0
0.435898 -0.052899 0.153720 0 0 0
0.436570 -0.051526 0.153674 0 0 0
0.436565 -0.049770 0.153141 0 0 0
0.437201 -0.048453 0.153075 0 0 0
0.437183 -0.046677 0.152547 0 0 0
0.437804 -0.045353 0.152489 0 0 0
0.437785 -0.043572 0.151961 0 0 0
0.438462 -0.042192 0.151917 0 0 0
0.439198 -0.040748 0.151885 0 0 0
0.439885 -0.039414 0.151860 0 0 0
0.441547 -0.038051 0.152341 0 0 0
0.442188 -0.036824 0.152322 0 0 0
0.443847 -0.035467 0.152803 0 0 0
0.444513 -0.034133 0.152785 0 0 0
0.445245 -0.032696 0.152754 0 0 0
0.445973 -0.031269 0.152723 0 0 0
0.446700 -0.029842 0.152692 0 0 0
0.447431 -0.028409 0.152661 0 0 0
0.448105 -0.027043 0.152618 0 0 0
0.448119 -0.025228 0.152079 0 0 0
0.448740 -0.023920 0.152025 0 0 0
0.448738 -0.022089 0.151492 0 0 0
0.449419 -0.020709 0.151450 0 0 0
0.450111 -0.019368 0.151425 0 0 0
0.451747 -0.018050 0.151905 0 0 0
0.452439 -0.016712 0.151880 0 0 0
0.453131 -0.015372 0.151856 0 0 0
0.454745 -0.014054 0.152344 0 0 0
0.455435 -0.012717 0.152320 0 0 0
0.456126 -0.011381 0.152296 0 0 0
0.457735 -0.010070 0.152783 0 0 0
0.458420 -0.008745 0.152759 0 0 0
0.459151 -0.007312 0.152728 0 0 0
0.459877 -0.005887 0.152697 0 0 0
0.460608 -0.004455 0.152666 0 0 0
0.461296 -0.003126 0.152644 0 0 0
0.462857 -0.001925 0.153137 0 0 0
0.464416 -0.000726 0.153631 0 0 0
0.465101 0.000595 0.153609 0 0 0
0.465829 0.002023 0.153578 0 0 0
0.466553 0.003443 0.153547 0 0 0
0.467278 0.004863 0.153516 0 0 0
0.468003 0.006283 0.153485 0 0 0
0.468730 0.007710 0.153454 0 0 0
0.469398 0.009055 0.153414 0 0 0
0.469439 0.010944 0.152867 0 0 0
0.470109 0.012293 0.152828 0 0 0
0.470840 0.013729 0.152796 0 0 0
0.471510 0.015075 0.152758 0 0 0
0.471538 0.016986 0.152217 0 0 0
0.472214 0.018344 0.152179 0 0 0
0.472908 0.019682 0.152156 0 0 0
0.474462 0.020845 0.152616 0 0 0
0.474463 0.022676 0.152086 0 0 0
0.475118 0.024034 0.152054 0 0 0
0.475864 0.025457 0.152015 0 0 0
0.476592 0.026882 0.151984 0 0 0
0.477319 0.028307 0.151953 0 0 0
0.478048 0.029739 0.151922 0 0 0
0.478720 0.031084 0.151884 0 0 0
0.478778 0.033020 0.151333 0 0 0
0.479456 0.034376 0.151295 0 0 0
0.480133 0.035731 0.151257 0 0 0
0.480194 0.037676 0.150705 0 0 0
0.480873 0.039035 0.150667 0 0 0
0.481551 0.040391 0.150630 0 0 0
0.481599 0.042356 0.150084 0 0 0
0.482276 0.043710 0.150047 0 0 0
0.483010 0.045147 0.150016 0 0 0
0.483757 0.046570 0.149977 0 0 0
0.484488 0.048002 0.149946 0 0 0
0.485219 0.049433 0.149915 0 0 0
0.485949 0.050865 0.149883 0 0 0
0.486679 0.052297 0.149852 0 0 0
0.487409 0.053729 0.149821 0 0 0
0.488140 0.055160 0.149790 0 0 0
0.488873 0.056599 0.149758 0 0 0
0.489550 0.057948 0.149723 0 0 0
0.489631 0.059940 0.149166 0 0 0
0.490309 0.061292 0.149130 0 0 0
0.491044 0.062733 0.149099 0 0 0
0.491780 0.064174 0.149067 0 0 0
0.492474 0.065516 0.149024 0 0 0
0.492544 0.067532 0.148474 0 0 0
0.493224 0.068885 0.148439 0 0 0
0.493963 0.070336 0.148407 0 0 0
0.494642 0.071688 0.148372 0 0 0
0.494734 0.073708 0.147813 0 0 0
0.495416 0.075064 0.147778 0 0 0
0.496153 0.076509 0.147747 0 0 0
0.496887 0.077948 0.147715 0 0 0
0.497621 0.079386 0.147684 0 0 0
0.498355 0.080825 0.147653 0 0 0
0.499093 0.082273 0.147621 0 0 0
0.499771 0.083602 0.147592 0 0 0
0.424484 -0.086918 0.155841 0 0 0
0.425085 -0.085670 0.155793 0 0 0
0.425039 -0.083986 0.155278 0 0 0
0.425704 -0.082611 0.155228 0 0 0
0.426445 -0.081196 0.155189 0 0 0
0.427170 -0.079779 0.155157 0 0 0
0.427834 -0.078407 0.155108 0 0 0
0.427774 -0.076697 0.154598 0 0 0
0.428390 -0.075430 0.154555 0 0 0
0.430102 -0.074022 0.155028 0 0 0
0.430774 -0.072715 0.155003 0 0 0
0.431501 -0.071291 0.154972 0 0 0
0.432223 -0.069875 0.154942 0 0 0
0.432945 -0.068460 0.154911 0 0 0
0.433667 -0.067044 0.154880 0 0 0
0.434389 -0.065629 0.154849 0 0 0
0.435111 -0.064213 0.154818 0 0 0
0.435835 -0.062793 0.154787 0 0 0
0.436499 -0.061428 0.154740 0 0 0
0.436468 -0.059688 0.154217 0 0 0
0.437077 -0.058373 0.154155 0 0 0
0.437068 -0.056635 0.153623 0 0 0
0.437737 -0.055265 0.153576 0 0 0
0.438465 -0.053834 0.153544 0 0 0
0.439133 -0.052466 0.153498 0 0 0
0.439073 -0.050768 0.152950 0 0 0
0.438998 -0.049057 0.152408 0 0 0
0.439689 -0.047684 0.152354 0 0 0
0.440363 -0.046308 0.152309 0 0 0
0.440365 -0.044536 0.151773 0 0 0
0.440994 -0.043265 0.151734 0 0 0
0.442637 -0.041891 0.152224 0 0 0
0.443319 -0.040569 0.152199 0 0 0
0.444049 -0.039136 0.152168 0 0 0
0.444779 -0.037701 0.152138 0 0 0
0.445445 -0.036370 0.152120 0 0 0
0.447095 -0.035025 0.152603 0 0 0
0.447776 -0.033705 0.152578 0 0 0
0.448505 -0.032275 0.152547 0 0 0
0.449231 -0.030852 0.152516 0 0 0
0.449959 -0.029424 0.152485 0 0 0
0.450629 -0.028063 0.152442 0 0 0
0.450642 -0.026258 0.151902 0 0 0
0.451314 -0.024894 0.151858 0 0 0
0.452043 -0.023463 0.151827 0 0 0
0.452770 -0.022039 0.151796 0 0 0
0.453497 -0.020614 0.151765 0 0 0
0.454227 -0.019181 0.151734 0 0 0
0.454912 -0.017856 0.151710 0 0 0
0.456525 -0.016535 0.152199 0 0 0
0.457212 -0.015206 0.152176 0 0 0
0.457900 -0.013875 0.152152 0 0 0
0.459512 -0.012554 0.152641 0 0 0
0.460152 -0.011337 0.152625 0 0 0
0.461723 -0.010116 0.153121 0 0 0
0.463285 -0.008908 0.153617 0 0 0
0.463966 -0.007593 0.153595 0 0 0
0.464692 -0.006169 0.153564 0 0 0
0.465414 -0.004754 0.153533 0 0 0
0.466136 -0.003338 0.153502 0 0 0
0.466857 -0.001923 0.153471 0 0 0
0.467584 -0.000499 0.153441 0 0 0
0.468266 0.000816 0.153418 0 0 0
0.469795 0.002030 0.153894 0 0 0
0.469800 0.003803 0.153359 0 0 0
0.470464 0.005148 0.153318 0 0 0
0.471189 0.006570 0.153287 0 0 0
0.471911 0.007986 0.153256 0 0 0
0.472633 0.009401 0.153225 0 0 0
0.473360 0.010824 0.153193 0 0 0
0.474043 0.012153 0.153147 0 0 0
0.474073 0.014064 0.152605 0 0 0
0.474682 0.015329 0.152557 0 0 0
0.474706 0.017147 0.152019 0 0 0
0.476161 0.018259 0.152484 0 0 0
0.476169 0.020091 0.151953 0 0 0
0.476818 0.021331 0.151917 0 0 0
0.478352 0.022502 0.152384 0 0 0
0.478356 0.024336 0.151853 0 0 0
0.479024 0.025680 0.151814 0 0 0
0.479751 0.027107 0.151783 0 0 0
0.480475 0.028527 0.151752 255 0 0
0.481203 0.029955 0.151721 255 0 0
0.481872 0.031294 0.151683 0 0 0
0.481936 0.033238 0.151129 0 0 0
0.482550 0.034498 0.151086 0 0 0
0.482617 0.036449 0.150532 0 0 0
0.483289 0.037794 0.150494 0 0 0
0.484019 0.039226 0.150463 0 0 0
0.484749 0.040657 0.150431 0 0 0
0.485420 0.042000 0.150395 0 0 0
0.485490 0.043960 0.149839 0 0 0
0.486163 0.045306 0.149802 0 0 0
0.486894 0.046740 0.149771 0 0 0
0.487622 0.048167 0.149740 0 0 0
0.488350 0.049594 0.149709 0 0 0
0.489078 0.051021 0.149678 0 0 0
0.489806 0.052448 0.149647 0 0 0
0.490534 0.053875 0.149616 0 0 0
0.491262 0.055302 0.149584 0 0 0
0.491990 0.056729 0.149553 0 0 0
0.492723 0.058164 0.149522 0 0 0
0.493413 0.059497 0.149479 0 0 0
0.493483 0.061509 0.148927 0 0 0
0.494102 0.062768 0.148888 0 0 0
0.494175 0.064786 0.148336 0 0 0
0.494867 0.066125 0.148293 0 0 0
0.495603 0.067564 0.148261 0 0 0
0.496333 0.068996 0.148230 0 0 0
0.497063 0.070427 0.148199 0 0 0
0.497797 0.071866 0.148167 0 0 0
0.498473 0.073212 0.148132 0 0 0
0.498569 0.075235 0.147572 0 0 0
0.499246 0.076584 0.147537 0 0 0
0.499981 0.078025 0.147505 0 0 0
0.500713 0.079459 0.147474 0 0 0
0.501444 0.080893 0.147443 0 0 0
0.502180 0.082337 0.147411 0 0 0
0.502855 0.083659 0.147382 0 0 0
0.424920 -0.091963 0.155777 0 0 0
0.425577 -0.090674 0.155749 0 0 0
0.426242 -0.089294 0.155697 0 0 0
0.426189 -0.087632 0.155183 0 0 0
0.426851 -0.086264 0.155131 0 0 0
0.427592 -0.084849 0.155092 0 0 0
0.428253 -0.083481 0.155041 0 0 0
0.428205 -0.081804 0.154525 0 0 0
0.428868 -0.080432 0.154475 0 0 0
0.429592 -0.079017 0.154442 0 0 0
0.430330 -0.077610 0.154404 0 0 0
0.431051 -0.076194 0.154374 0 0 0
0.431753 -0.074774 0.154351 0 0 0
0.432473 -0.073361 0.154320 0 0 0
0.433194 -0.071948 0.154290 0 0 0
0.433915 -0.070535 0.154259 0 0 0
0.434635 -0.069122 0.154228 0 0 0
0.435356 -0.067708 0.154197 0 0 0
0.436077 -0.066295 0.154167 0 0 0
0.436798 -0.064882 0.154136 0 0 0
0.437519 -0.063469 0.154105 0 0 0
0.438241 -0.062058 0.154073 0 0 0
0.438980 -0.060652 0.154035 0 0 0
0.439701 -0.059239 0.154004 0 0 0
0.440425 -0.057820 0.153973 0 0 0
0.441088 -0.056461 0.153927 0 0 0
0.441080 -0.054724 0.153393 0 0 0
0.441748 -0.053356 0.153346 0 0 0
0.442432 -0.051996 0.153292 0 0 0
0.442356 -0.050292 0.152749 0 0 0
0.442298 -0.048590 0.152199 0 0 0
0.442966 -0.047222 0.152152 0 0 0
0.443693 -0.045796 0.152121 0 0 0
0.444417 -0.044376 0.152090 0 0 0
0.445146 -0.042948 0.152059 0 0 0
0.445825 -0.041632 0.152035 0 0 0
0.447459 -0.040270 0.152527 0 0 0
0.448141 -0.038949 0.152502 0 0 0
0.448823 -0.037627 0.152478 0 0 0
0.450472 -0.036284 0.152961 0 0 0
0.451130 -0.034966 0.152945 0 0 0
0.451873 -0.033547 0.152907 0 0 0
0.452578 -0.032126 0.152883 0 0 0
0.453302 -0.030703 0.152852 0 0 0
0.453986 -0.029358 0.152802 0 0 0
0.453980 -0.027549 0.152268 0 0 0
0.454647 -0.026195 0.152225 0 0 0
0.455373 -0.024771 0.152194 0 0 0
0.456096 -0.023353 0.152163 0 0 0
0.456819 -0.021935 0.152132 0 0 0
0.457542 -0.020517 0.152101 0 0 0
0.458270 -0.019091 0.152070 0 0 0
0.458949 -0.017776 0.152047 0 0 0
0.460563 -0.016449 0.152538 0 0 0
0.461197 -0.015242 0.152522 0 0 0
0.462806 -0.013922 0.153013 0 0 0
0.463488 -0.012604 0.152989 0 0 0
0.464170 -0.011285 0.152967 0 0 0
0.465769 -0.009983 0.153457 0 0 0
0.466446 -0.008677 0.153434 0 0 0
0.467170 -0.007257 0.153403 0 0 0
0.467894 -0.005838 0.153373 0 0 0
0.468571 -0.004531 0.153350 0 0 0
0.470162 -0.003242 0.153840 0 0 0
0.470838 -0.001938 0.153818 0 0 0
0.471561 -0.000521 0.153787 0 0 0
0.472279 0.000888 0.153756 0 0 0
0.472998 0.002296 0.153726 0 0 0
0.473716 0.003705 0.153695 0 0 0
0.474435 0.005113 0.153664 0 0 0
0.475157 0.006529 0.153633 0 0 0
0.475817 0.007861 0.153593 0 0 0
0.475805 0.009672 0.153035 0 0 0
0.475777 0.011497 0.152484 0 0 0
0.476458 0.012826 0.152437 0 0 0
0.477183 0.014246 0.152405 0 0 0
0.477908 0.015667 0.152374 0 0 0
0.478570 0.017000 0.152335 0 0 0
0.478621 0.018905 0.151783 0 0 0
0.479286 0.020243 0.151745 0 0 0
0.479994 0.021673 0.151721 0 0 0
0.480733 0.023080 0.151683 0 0 0
0.481456 0.024495 0.151652 0 0 0
0.482178 0.025911 0.151621 0 0 0
0.482900 0.027326 0.151590 0 0 0
0.483627 0.028749 0.151558 0 0 0
0.484310 0.030074 0.151513 0 0 0
0.484355 0.032024 0.150966 0 0 0
0.484966 0.033276 0.150922 0 0 0
0.485033 0.035224 0.150366 0 0 0
0.485702 0.036563 0.150329 0 0 0
0.486429 0.037991 0.150297 0 0 0
0.487154 0.039411 0.150266 0 0 0
0.487882 0.040838 0.150235 0 0 0
0.488551 0.042175 0.150198 0 0 0
0.488622 0.044134 0.149641 0 0 0
0.489292 0.045473 0.149604 0 0 0
0.490020 0.046903 0.149573 0 0 0
0.490746 0.048326 0.149542 0 0 0
0.491475 0.049755 0.149511 0 0 0
0.492173 0.051088 0.149492 0 0 0
0.493644 0.052200 0.149969 0 0 0
0.493700 0.054091 0.149424 0 0 0
0.494373 0.055438 0.149387 0 0 0
0.495046 0.056781 0.149351 0 0 0
0.495112 0.058780 0.148799 0 0 0
0.495801 0.060110 0.148756 0 0 0
0.496533 0.061543 0.148724 0 0 0
0.497263 0.062975 0.148693 0 0 0
0.497934 0.064312 0.148657 0 0 0
0.498024 0.066317 0.148096 0 0 0
0.498697 0.067659 0.148061 0 0 0
0.499428 0.069093 0.148029 0 0 0
0.500157 0.070520 0.147998 0 0 0
0.500884 0.071947 0.147967 0 0 0
0.501613 0.073374 0.147936 0 0 0
0.502341 0.074801 0.147905 0 0 0
0.503068 0.076228 0.147874 0 0 0
0.503796 0.077655 0.147843 0 0 0
0.504524 0.079082 0.147812 0 0 0
0.505257 0.080519 0.147781 0 0 0
0.505926 0.081831 0.147752 0 0 0
0.424115 -0.101336 0.156339 0 0 0
0.424703 -0.100100 0.156288 0 0 0
0.424670 -0.098468 0.155770 0 0 0
0.425325 -0.097099 0.155716 0 0 0
0.426043 -0.095690 0.155684 0 0 0
0.426759 -0.094286 0.155654 0 0 0
0.427475 -0.092882 0.155623 0 0 0
0.428193 -0.091473 0.155592 0 0 0
0.428848 -0.090110 0.155540 0 0 0
0.428816 -0.088462 0.155018 0 0 0
0.429474 -0.087096 0.154966 0 0 0
0.430195 -0.085679 0.154934 0 0 0
0.430852 -0.084316 0.154883 0 0 0
0.430825 -0.082653 0.154358 0 0 0
0.431484 -0.081286 0.154307 0 0 0
0.432205 -0.079873 0.154275 0 0 0
0.432923 -0.078464 0.154245 0 0 0
0.433641 -0.077056 0.154214 0 0 0
0.434360 -0.075647 0.154184 0 0 0
0.435078 -0.074238 0.154153 0 0 0
0.435797 -0.072830 0.154122 0 0 0
0.436515 -0.071421 0.154092 0 0 0
0.437233 -0.070013 0.154061 0 0 0
0.437952 -0.068604 0.154030 0 0 0
0.438671 -0.067196 0.154000 0 0 0
0.439389 -0.065787 0.153969 0 0 0
0.440107 -0.064379 0.153938 0 0 0
0.440826 -0.062970 0.153908 0 0 0
0.441544 -0.061562 0.153877 0 0 0
0.442263 -0.060153 0.153846 0 0 0
0.443001 -0.058752 0.153808 0 0 0
0.443723 -0.057340 0.153776 0 0 0
0.444383 -0.055986 0.153729 0 0 0
0.444301 -0.054291 0.153187 0 0 0
0.444222 -0.052594 0.152642 0 0 0
0.444902 -0.051240 0.152588 0 0 0
0.445627 -0.049822 0.152557 0 0 0
0.446347 -0.048409 0.152526 0 0 0
0.447068 -0.046996 0.152495 0 0 0
0.447789 -0.045582 0.152464 0 0 0
0.448510 -0.044169 0.152434 0 0 0
0.449231 -0.042756 0.152403 0 0 0
0.449951 -0.041343 0.152372 0 0 0
0.450671 -0.039929 0.152342 0 0 0
0.451396 -0.038506 0.152311 0 0 0
0.452053 -0.037189 0.152295 0 0 0
0.453637 -0.035901 0.152762 0 0 0
0.453553 -0.034314 0.152252 0 0 0
0.455138 -0.033022 0.152718 0 0 0
0.455753 -0.031785 0.152682 0 0 0
0.455753 -0.029972 0.152147 0 0 0
0.456434 -0.028630 0.152096 0 0 0
0.457159 -0.027211 0.152065 0 0 0
0.457880 -0.025798 0.152034 0 0 0
0.458600 -0.024385 0.152003 0 0 0
0.459321 -0.022971 0.151972 0 0 0
0.460046 -0.021550 0.151942 0 0 0
0.460723 -0.020241 0.151918 0 0 0
0.462336 -0.018912 0.152411 0 0 0
0.462966 -0.017714 0.152396 0 0 0
0.464575 -0.016392 0.152888 0 0 0
0.465253 -0.015080 0.152865 0 0 0
0.465932 -0.013768 0.152843 0 0 0
0.467531 -0.012463 0.153335 0 0 0
0.468203 -0.011164 0.153312 0 0 0
0.468925 -0.009749 0.153282 0 0 0
0.469647 -0.008334 0.153251 0 0 0
0.470321 -0.007034 0.153229 0 0 0
0.471912 -0.005743 0.153720 0 0 0
0.472588 -0.004436 0.153698 0 0 0
0.473266 -0.003130 0.153677 0 0 0
0.474851 -0.001848 0.154168 0 0 0
0.475527 -0.000545 0.154145 0 0 0
0.476205 0.000780 0.154096 0 0 0
0.476194 0.002557 0.153568 0 0 0
0.477669 0.003674 0.154024 0 0 0
0.477663 0.005468 0.153494 0 0 0
0.478277 0.006705 0.153437 0 0 0
0.478309 0.008612 0.152893 0 0 0
0.478908 0.009857 0.152845 0 0 0
0.478960 0.011754 0.152291 255 0 0
0.479639 0.013074 0.152244 0 0 0
0.480362 0.014488 0.152213 0 0 0
0.481080 0.015897 0.152182 0 0 0
0.481799 0.017305 0.152151 0 0 0
0.482521 0.018721 0.152120 0 0 0
0.483181 0.020047 0.152082 0 0 0
0.483215 0.021970 0.151536 0 0 0
0.483876 0.023299 0.151498 255 0 0
0.484599 0.024718 0.151467 0 0 0
0.485322 0.026136 0.151436 0 0 0
0.485984 0.027463 0.151398 0 0 0
0.486026 0.029400 0.150850 0 0 0
0.486711 0.030729 0.150804 0 0 0
0.487379 0.032066 0.150766 0 0 0
0.487444 0.034003 0.150209 0 0 0
0.488109 0.035336 0.150171 0 0 0
0.488836 0.036759 0.150140 0 0 0
0.489576 0.038165 0.150101 0 0 0
0.490303 0.039586 0.150069 0 0 0
0.490968 0.040917 0.150033 0 0 0
0.491019 0.042884 0.149483 0 0 0
0.491690 0.044224 0.149446 0 0 0
0.492387 0.045558 0.149426 0 0 0
0.493881 0.046668 0.149896 0 0 0
0.493889 0.048467 0.149373 0 0 0
0.495377 0.049572 0.149843 0 0 0
0.496051 0.050905 0.149832 0 0 0
0.496782 0.052337 0.149800 0 0 0
0.497465 0.053654 0.149757 0 0 0
0.497533 0.055656 0.149203 0 0 0
0.498141 0.056896 0.149163 0 0 0
0.498231 0.058895 0.148601 0 0 0
0.498899 0.060227 0.148565 0 0 0
0.499627 0.061655 0.148534 0 0 0
0.500351 0.063075 0.148503 0 0 0
0.501076 0.064495 0.148472 0 0 0
0.501806 0.065923 0.148440 0 0 0
0.502491 0.067244 0.148397 0 0 0
0.502567 0.069265 0.147842 0 0 0
0.503236 0.070598 0.147807 0 0 0
0.503965 0.072029 0.147775 0 0 0
0.504691 0.073451 0.147745 0 0 0
0.505416 0.074874 0.147714 0 0 0
0.506145 0.076302 0.147683 0 0 0
0.506847 0.077639 0.147665 0 0 0
0.508340 0.078777 0.148150 0 0 0
0.509040 0.080110 0.148132 0 0 0
0.509773 0.081547 0.148101 0 0 0
0.510437 0.082849 0.148072 0 0 0
0.425310 -0.104908 0.156254 0 0 0
0.425955 -0.103642 0.156226 0 0 0
0.426674 -0.102233 0.156196 0 0 0
0.427386 -0.100836 0.156165 0 0 0
0.428099 -0.099439 0.156135 0 0 0
0.428812 -0.098042 0.156104 0 0 0
0.429526 -0.096640 0.156073 0 0 0
0.430176 -0.095283 0.156020 0 0 0
0.430142 -0.093651 0.155499 0 0 0
0.430794 -0.092291 0.155445 0 0 0
0.431511 -0.090882 0.155414 0 0 0
0.432164 -0.089525 0.155362 0 0 0
0.432134 -0.087877 0.154837 0 0 0
0.432789 -0.086517 0.154785 0 0 0
0.433527 -0.085112 0.154746 0 0 0
0.434183 -0.083759 0.154694 0 0 0
0.434136 -0.082084 0.154175 0 0 0
0.434792 -0.080724 0.154125 0 0 0
0.435509 -0.079315 0.154094 0 0 0
0.436226 -0.077911 0.154063 0 0 0
0.436942 -0.076507 0.154033 0 0 0
0.437658 -0.075104 0.154002 0 0 0
0.438379 -0.073690 0.153971 0 0 0
0.439044 -0.072400 0.153947 0 0 0
0.440660 -0.071044 0.154412 0 0 0
0.440581 -0.069449 0.153900 0 0 0
0.441236 -0.068090 0.153850 0 0 0
0.441959 -0.066671 0.153819 0 0 0
0.442625 -0.065380 0.153794 0 0 0
0.444234 -0.064040 0.154260 0 0 0
0.444163 -0.062420 0.153746 0 0 0
0.444758 -0.061120 0.153680 0 0 0
0.444732 -0.059381 0.153152 0 0 0
0.445389 -0.058029 0.153105 0 0 0
0.446113 -0.056614 0.153073 0 0 0
0.446790 -0.055271 0.153019 0 0 0
0.446787 -0.053534 0.152481 0 0 0
0.447447 -0.052181 0.152435 0 0 0
0.448168 -0.050767 0.152404 0 0 0
0.448886 -0.049358 0.152373 0 0 0
0.449605 -0.047950 0.152342 0 0 0
0.450323 -0.046541 0.152312 0 0 0
0.451046 -0.045124 0.152281 0 0 0
0.451717 -0.043824 0.152257 0 0 0
0.453347 -0.042464 0.152753 0 0 0
0.454016 -0.041168 0.152729 0 0 0
0.454738 -0.039753 0.152698 0 0 0
0.455455 -0.038346 0.152668 0 0 0
0.456172 -0.036940 0.152637 0 0 0
0.456890 -0.035534 0.152606 0 0 0
0.457606 -0.034127 0.152576 0 0 0
0.458324 -0.032721 0.152545 0 0 0
0.459041 -0.031315 0.152515 0 0 0
0.459758 -0.029909 0.152484 0 0 0
0.460476 -0.028503 0.152453 0 0 0
0.461193 -0.027096 0.152423 0 0 0
0.461910 -0.025690 0.152392 0 0 0
0.462627 -0.024284 0.152362 0 0 0
0.463345 -0.022878 0.152331 0 0 0
0.464062 -0.021471 0.152300 0 0 0
0.464784 -0.020056 0.152270 0 0 0
0.465456 -0.018756 0.152247 0 0 0
0.467063 -0.017434 0.152741 0 0 0
0.467687 -0.016249 0.152727 0 0 0
0.469313 -0.014943 0.153211 0 0 0
0.469982 -0.013649 0.153189 0 0 0
0.470700 -0.012239 0.153159 0 0 0
0.471395 -0.010828 0.153137 0 0 0
0.472114 -0.009416 0.153107 0 0 0
0.472785 -0.008121 0.153085 0 0 0
0.474373 -0.006832 0.153578 0 0 0
0.475046 -0.005531 0.153557 0 0 0
0.475721 -0.004230 0.153535 0 0 0
0.477328 -0.002952 0.154019 0 0 0
0.477914 -0.001737 0.153996 0 0 0
0.477938 0.000146 0.153453 0 0 0
0.478609 0.001459 0.153406 0 0 0
0.479313 0.002881 0.153381 0 0 0
0.479983 0.004189 0.153334 0 0 0
0.480009 0.006075 0.152789 0 0 0
0.480688 0.007395 0.152741 255 0 0
0.481367 0.008715 0.152692 255 0 0
0.481338 0.010534 0.152138 0 0 0
0.481311 0.012360 0.151584 0 0 0
0.481969 0.013687 0.151545 0 0 0
0.482689 0.015101 0.151514 0 0 0
0.483406 0.016508 0.151483 0 0 0
0.484123 0.017914 0.151453 0 0 0
0.484842 0.019318 0.151421 0 0 0
0.485578 0.020715 0.151383 0 0 0
0.486297 0.022121 0.151352 255 0 0
0.487014 0.023528 0.151321 0 0 0
0.487735 0.024942 0.151290 0 0 0
0.488394 0.026262 0.151252 0 0 0
0.488457 0.028187 0.150694 0 0 0
0.489140 0.029510 0.150648 0 0 0
0.489804 0.030839 0.150609 0 0 0
0.489849 0.032785 0.150060 0 0 0
0.490516 0.034119 0.150021 0 0 0
0.491199 0.035442 0.149976 0 0 0
0.491229 0.037407 0.149433 0 0 0
0.491892 0.038736 0.149396 0 0 0
0.492617 0.040155 0.149364 0 0 0
0.493356 0.041559 0.149326 0 0 0
0.494078 0.042972 0.149295 0 0 0
0.494799 0.044386 0.149264 0 0 0
0.495502 0.045808 0.149241 0 0 0
0.496243 0.047220 0.149203 0 0 0
0.496915 0.048550 0.149191 0 0 0
0.498462 0.049736 0.149672 0 0 0
0.499090 0.050959 0.149648 0 0 0
0.499158 0.052955 0.149093 0 0 0
0.499840 0.054269 0.149049 0 0 0
0.500566 0.055691 0.149018 0 0 0
0.501291 0.057112 0.148987 0 0 0
0.501954 0.058434 0.148951 0 0 0
0.502045 0.060428 0.148387 0 0 0
0.502727 0.061744 0.148343 0 0 0
0.503457 0.063174 0.148311 0 0 0
0.504122 0.064498 0.148276 0 0 0
0.504176 0.066524 0.147728 0 0 0
0.504860 0.067843 0.147685 0 0 0
0.505589 0.069269 0.147654 0 0 0
0.506316 0.070693 0.147623 0 0 0
0.507013 0.072022 0.147605 0 0 0
0.508510 0.073167 0.148092 0 0 0
0.509205 0.074494 0.148074 0 0 0
0.509931 0.075916 0.148043 0 0 0
0.510656 0.077338 0.148013 0 0 0
0.511354 0.078666 0.147995 0 0 0
0.512847 0.079808 0.148481 0 0 0
0.513479 0.081009 0.148466 0 0 0
0.423669 -0.114022 0.156297 0 0 0
0.424311 -0.112763 0.156269 0 0 0
0.425027 -0.111358 0.156239 0 0 0
0.425738 -0.109966 0.156208 0 0 0
0.426448 -0.108574 0.156178 0 0 0
0.427158 -0.107181 0.156148 0 0 0
0.427867 -0.105789 0.156117 0 0 0
0.428583 -0.104385 0.156087 0 0 0
0.429236 -0.103115 0.156062 0 0 0
0.430852 -0.101684 0.156531 0 0 0
0.430771 -0.100194 0.156024 0 0 0
0.431417 -0.098832 0.155967 0 0 0
0.432128 -0.097435 0.155936 0 0 0
0.432839 -0.096042 0.155905 0 0 0
0.433551 -0.094645 0.155874 0 0 0
0.434198 -0.093295 0.155821 0 0 0
0.434169 -0.091654 0.155297 0 0 0
0.434756 -0.090345 0.155222 0 0 0
0.434730 -0.088690 0.154695 0 0 0
0.435319 -0.087381 0.154622 0 0 0
0.435273 -0.085712 0.154103 0 0 0
0.435926 -0.084360 0.154050 0 0 0
0.436662 -0.082961 0.154012 0 0 0
0.437376 -0.081562 0.153981 0 0 0
0.438090 -0.080163 0.153950 0 0 0
0.438804 -0.078764 0.153920 0 0 0
0.439517 -0.077365 0.153890 0 0 0
0.440231 -0.075965 0.153859 0 0 0
0.440944 -0.074566 0.153829 0 0 0
0.441657 -0.073164 0.153799 0 0 0
0.442352 -0.071760 0.153775 0 0 0
0.443085 -0.070368 0.153738 0 0 0
0.443799 -0.068969 0.153707 0 0 0
0.444513 -0.067570 0.153676 0 0 0
0.445226 -0.066168 0.153647 0 0 0
0.445921 -0.064764 0.153623 0 0 0
0.446653 -0.063372 0.153585 0 0 0
0.447368 -0.061973 0.153555 0 0 0
0.448082 -0.060573 0.153524 0 0 0
0.448798 -0.059168 0.153493 0 0 0
0.449451 -0.057827 0.153446 0 0 0
0.449448 -0.056097 0.152908 0 0 0
0.450102 -0.054753 0.152861 0 0 0
0.450819 -0.053345 0.152830 0 0 0
0.451535 -0.051944 0.152800 0 0 0
0.452250 -0.050542 0.152769 0 0 0
0.452965 -0.049141 0.152739 0 0 0
0.453679 -0.047739 0.152708 0 0 0
0.454394 -0.046337 0.152678 0 0 0
0.455109 -0.044936 0.152647 0 0 0
0.455823 -0.043534 0.152617 0 0 0
0.456538 -0.042132 0.152586 0 0 0
0.457258 -0.040721 0.152556 0 0 0
0.457926 -0.039431 0.152533 0 0 0
0.459482 -0.038135 0.153010 0 0 0
0.459418 -0.036576 0.152491 0 0 0
0.460972 -0.035284 0.152968 0 0 0
0.461638 -0.033997 0.152946 0 0 0
0.462357 -0.032588 0.152915 0 0 0
0.463070 -0.031189 0.152885 0 0 0
0.463784 -0.029790 0.152854 0 0 0
0.464498 -0.028390 0.152824 0 0 0
0.465211 -0.026991 0.152793 0 0 0
0.465925 -0.025592 0.152763 0 0 0
0.466639 -0.024193 0.152732 0 0 0
0.467353 -0.022793 0.152702 0 0 0
0.468066 -0.021394 0.152671 0 0 0
0.468780 -0.019995 0.152641 0 0 0
0.469493 -0.018596 0.152611 0 0 0
0.470206 -0.017194 0.152581 0 0 0
0.470900 -0.015786 0.152559 0 0 0
0.471617 -0.014378 0.152529 0 0 0
0.472285 -0.013087 0.152507 0 0 0
0.473898 -0.011799 0.152993 0 0 0
0.474570 -0.010504 0.152971 0 0 0
0.475242 -0.009206 0.152949 0 0 0
0.476849 -0.007929 0.153435 0 0 0
0.477495 -0.006634 0.153422 0 0 0
0.478214 -0.005218 0.153393 0 0 0
0.478862 -0.003922 0.153381 0 0 0
0.480421 -0.002740 0.153843 0 0 0
0.480402 -0.000975 0.153313 0 0 0
0.481052 0.000342 0.153272 0 0 0
0.481767 0.001744 0.153241 0 0 0
0.482483 0.003147 0.153209 0 0 0
0.483153 0.004451 0.153161 0 0 0
0.483122 0.006259 0.152606 255 0 0
0.483094 0.008081 0.152050 255 0 0
0.483705 0.009306 0.151993 0 0 0
0.483766 0.011212 0.151437 0 0 0
0.484380 0.012425 0.151407 0 0 0
0.485945 0.013685 0.151900 0 0 0
0.486618 0.014978 0.151880 0 0 0
0.487342 0.016394 0.151848 0 0 0
0.488015 0.017698 0.151802 0 0 0
0.488051 0.019615 0.151252 0 0 0
0.488705 0.020931 0.151214 0 0 0
0.489425 0.022341 0.151183 0 0 0
0.490164 0.023740 0.151143 0 0 0
0.490820 0.025055 0.151104 0 0 0
0.490805 0.026909 0.150548 0 0 0
0.490792 0.028766 0.149990 0 0 0
0.491451 0.030087 0.149951 0 0 0
0.492195 0.031500 0.149911 0 0 0
0.492855 0.032819 0.149873 0 0 0
0.492904 0.034767 0.149321 0 0 0
0.493583 0.036080 0.149276 0 0 0
0.494308 0.037497 0.149244 0 0 0
0.495044 0.038895 0.149205 0 0 0
0.495744 0.040313 0.149182 0 0 0
0.496462 0.041723 0.149152 0 0 0
0.497180 0.043131 0.149121 0 0 0
0.497903 0.044547 0.149091 0 0 0
0.498588 0.045859 0.149072 0 0 0
0.500112 0.047050 0.149563 0 0 0
0.500796 0.048359 0.149544 0 0 0
0.501521 0.049781 0.149513 0 0 0
0.502179 0.051095 0.149477 0 0 0
0.502264 0.053074 0.148913 0 0 0
0.502924 0.054391 0.148877 0 0 0
0.503652 0.055816 0.148845 0 0 0
0.504330 0.057124 0.148800 0 0 0
0.504344 0.059039 0.148239 0 0 0
0.504361 0.060960 0.147677 0 0 0
0.505024 0.062285 0.147641 0 0 0
0.505749 0.063704 0.147609 0 0 0
0.506489 0.065108 0.147571 0 0 0
0.507211 0.066521 0.147540 0 0 0
0.507932 0.067934 0.147509 0 0 0
0.508656 0.069354 0.147478 0 0 0
0.509351 0.070678 0.147461 0 0 0
0.510849 0.071829 0.147949 0 0 0
0.511515 0.073058 0.147945 0 0 0
0.513009 0.074203 0.148433 0 0 0
0.513701 0.075521 0.148416 0 0 0
0.514423 0.076936 0.148386 0 0 0
0.515145 0.078351 0.148355 0 0 0
0.515839 0.079670 0.148339 0 0 0
0.517324 0.080806 0.148825 0 0 0
0.517951 0.081994 0.148812 0 0 0
0.425060 -0.119032 0.156796 0 0 0
0.425631 -0.117816 0.156741 0 0 0
0.425590 -0.116237 0.156227 0 0 0
0.426233 -0.114879 0.156169 0 0 0
0.426942 -0.113486 0.156138 0 0 0
0.427649 -0.112099 0.156107 0 0 0
0.428357 -0.110711 0.156077 0 0 0
0.429071 -0.109312 0.156047 0 0 0
0.429719 -0.108050 0.156022 0 0 0
0.431408 -0.106578 0.156523 0 0 0
0.432055 -0.105320 0.156498 0 0 0
0.432767 -0.103923 0.156468 0 0 0
0.433474 -0.102537 0.156438 0 0 0
0.434181 -0.101152 0.156408 0 0 0
0.434887 -0.099767 0.156377 0 0 0
0.435594 -0.098381 0.156347 0 0 0
0.436302 -0.096990 0.156316 0 0 0
0.436943 -0.095648 0.156262 0 0 0
0.436851 -0.094060 0.155715 0 0 0
0.436761 -0.092460 0.155166 0 0 0
0.437342 -0.091157 0.155090 0 0 0
0.437317 -0.089511 0.154563 0 0 0
0.437964 -0.088162 0.154510 0 0 0
0.438677 -0.086765 0.154479 0 0 0
0.439411 -0.085374 0.154440 0 0 0
0.440059 -0.084033 0.154388 0 0 0
0.440014 -0.082361 0.153867 0 0 0
0.440663 -0.081014 0.153816 0 0 0
0.441381 -0.079603 0.153785 0 0 0
0.442038 -0.078328 0.153761 0 0 0
0.443721 -0.076921 0.154251 0 0 0
0.444354 -0.075640 0.154236 0 0 0
0.445068 -0.074234 0.154206 0 0 0
0.445778 -0.072842 0.154176 0 0 0
0.446489 -0.071449 0.154146 0 0 0
0.447198 -0.070057 0.154115 0 0 0
0.447909 -0.068665 0.154085 0 0 0
0.448619 -0.067272 0.154055 0 0 0
0.449329 -0.065880 0.154025 0 0 0
0.450040 -0.064488 0.153994 0 0 0
0.450774 -0.063097 0.153955 0 0 0
0.451423 -0.061767 0.153907 0 0 0
0.451395 -0.060037 0.153378 0 0 0
0.452045 -0.058701 0.153330 0 0 0
0.452780 -0.057307 0.153291 0 0 0
0.453496 -0.055910 0.153259 0 0 0
0.454145 -0.054576 0.153213 0 0 0
0.454123 -0.052828 0.152681 0 0 0
0.454773 -0.051491 0.152635 0 0 0
0.455488 -0.050088 0.152604 0 0 0
0.456201 -0.048691 0.152574 0 0 0
0.456919 -0.047284 0.152543 0 0 0
0.457581 -0.046002 0.152520 0 0 0
0.459207 -0.044644 0.153019 0 0 0
0.459867 -0.043363 0.152996 0 0 0
0.460583 -0.041959 0.152965 0 0 0
0.461294 -0.040564 0.152935 0 0 0
0.462005 -0.039169 0.152905 0 0 0
0.462717 -0.037775 0.152874 0 0 0
0.463428 -0.036380 0.152844 0 0 0
0.464145 -0.034976 0.152814 0 0 0
0.464808 -0.033694 0.152791 0 0 0
0.466378 -0.032434 0.153263 0 0 0
0.466339 -0.030732 0.152738 0 0 0
0.466939 -0.029518 0.152701 0 0 0
0.468508 -0.028259 0.153172 0 0 0
0.468467 -0.026557 0.152646 0 0 0
0.469116 -0.025230 0.152602 0 0 0
0.469830 -0.023828 0.152571 0 0 0
0.470542 -0.022433 0.152541 0 0 0
0.471253 -0.021039 0.152510 0 0 0
0.471964 -0.019644 0.152480 0 0 0
0.472676 -0.018250 0.152450 0 0 0
0.473392 -0.016846 0.152419 0 0 0
0.474057 -0.015563 0.152397 0 0 0
0.475669 -0.014274 0.152886 0 0 0
0.476312 -0.012983 0.152872 0 0 0
0.477048 -0.011589 0.152834 0 0 0
0.477762 -0.010188 0.152804 0 0 0
0.478385 -0.008887 0.152800 0 0 0
0.480009 -0.007622 0.153279 0 0 0
0.480650 -0.006334 0.153266 0 0 0
0.481363 -0.004930 0.153237 255 0 0
0.482052 -0.003533 0.153215 255 0 0
0.482780 -0.002152 0.153177 255 0 0
0.483490 -0.000762 0.153146 255 0 0
0.484203 0.000636 0.153115 255 0 0
0.484849 0.001941 0.153075 0 0 0
0.484878 0.003830 0.152527 255 0 0
0.485484 0.005043 0.152470 255 0 0
0.485538 0.006930 0.151913 0 0 0
0.486188 0.008241 0.151873 0 0 0
0.486903 0.009643 0.151842 0 0 0
0.487616 0.011038 0.151812 0 0 0
0.488348 0.012423 0.151773 0 0 0
0.489062 0.013823 0.151742 0 0 0
0.489691 0.015141 0.151712 0 0 0
0.489726 0.017053 0.151162 0 0 0
0.490397 0.018354 0.151115 0 0 0
0.491119 0.019768 0.151083 0 0 0
0.491769 0.021076 0.151045 0 0 0
0.491810 0.023003 0.150494 0 0 0
0.492468 0.024321 0.150455 0 0 0
0.493145 0.025631 0.150408 0 0 0
0.493212 0.027554 0.149847 0 0 0
0.493868 0.028869 0.149808 0 0 0
0.494611 0.030277 0.149769 0 0 0
0.495267 0.031587 0.149731 0 0 0
0.495314 0.033536 0.149178 0 0 0
0.495975 0.034861 0.149140 0 0 0
0.496634 0.036185 0.149102 0 0 0
0.496661 0.038050 0.148562 255 0 0
0.498151 0.039163 0.149036 255 0 0
0.498835 0.040468 0.149017 0 0 0
0.499559 0.041888 0.148987 0 0 0
0.500242 0.043193 0.148968 0 0 0
0.501785 0.044373 0.149453 0 0 0
0.502446 0.045687 0.149442 0 0 0
0.503164 0.047098 0.149412 0 0 0
0.503881 0.048499 0.149381 0 0 0
0.504620 0.049899 0.149342 0 0 0
0.505275 0.051205 0.149305 0 0 0
0.505345 0.053206 0.148748 0 0 0
0.505939 0.054420 0.148707 0 0 0
0.506013 0.056425 0.148148 0 0 0
0.506690 0.057728 0.148104 0 0 0
0.507413 0.059143 0.148073 0 0 0
0.508130 0.060549 0.148042 0 0 0
0.508848 0.061956 0.148012 0 0 0
0.509565 0.063362 0.147981 0 0 0
0.510282 0.064768 0.147950 0 0 0
0.511000 0.066174 0.147920 0 0 0
0.511717 0.067580 0.147889 0 0 0
0.512434 0.068987 0.147859 0 0 0
0.513155 0.070400 0.147828 0 0 0
0.513845 0.071715 0.147812 0 0 0
0.515331 0.072852 0.148301 0 0 0
0.516025 0.074170 0.148284 0 0 0
0.516720 0.075488 0.148268 0 0 0
0.518218 0.076604 0.148749 0 0 0
0.518893 0.077931 0.148740 0 0 0
0.519590 0.079251 0.148727 0 0 0
0.520996 0.080253 0.149213 0 0 0
0.422515 -0.128043 0.156318 0 0 0
0.424156 -0.126661 0.156823 0 0 0
0.424805 -0.125398 0.156798 0 0 0
0.425454 -0.124135 0.156773 0 0 0
0.427080 -0.122663 0.157239 0 0 0
0.426985 -0.121241 0.156742 0 0 0
0.427622 -0.119875 0.156678 0 0 0
0.428260 -0.118521 0.156619 0 0 0
0.428214 -0.116960 0.156104 0 0 0
0.428860 -0.115596 0.156045 0 0 0
0.429506 -0.114336 0.156020 0 0 0
0.431198 -0.112854 0.156522 0 0 0
0.431841 -0.111603 0.156498 0 0 0
0.432552 -0.110210 0.156468 0 0 0
0.433256 -0.108829 0.156438 0 0 0
0.433966 -0.107437 0.156407 0 0 0
0.434610 -0.106185 0.156383 0 0 0
0.436294 -0.104722 0.156885 0 0 0
0.436936 -0.103470 0.156861 0 0 0
0.437645 -0.102080 0.156831 0 0 0
0.438348 -0.100701 0.156801 0 0 0
0.439053 -0.099317 0.156770 0 0 0
0.439689 -0.097983 0.156716 0 0 0
0.439660 -0.096359 0.156191 0 0 0
0.440233 -0.095068 0.156114 0 0 0
0.440208 -0.093429 0.155586 0 0 0
0.440783 -0.092137 0.155510 0 0 0
0.440761 -0.090489 0.154981 0 0 0
0.441337 -0.089196 0.154905 0 0 0
0.441253 -0.087589 0.154355 0 0 0
0.441146 -0.085969 0.153811 0 0 0
0.441792 -0.084628 0.153758 0 0 0
0.442529 -0.083229 0.153719 0 0 0
0.443184 -0.081960 0.153695 0 0 0
0.444775 -0.080580 0.154171 0 0 0
0.444718 -0.079018 0.153652 0 0 0
0.445286 -0.077785 0.153614 0 0 0
0.446966 -0.076374 0.154106 0 0 0
0.447618 -0.075109 0.154082 0 0 0
0.448337 -0.073700 0.154052 0 0 0
0.448990 -0.072433 0.154028 0 0 0
0.450595 -0.071082 0.154494 0 0 0
0.450476 -0.069616 0.153994 0 0 0
0.452008 -0.068321 0.154436 0 0 0
0.451935 -0.066720 0.153921 0 0 0
0.452515 -0.065444 0.153853 0 0 0
0.452488 -0.063718 0.153323 0 0 0
0.453135 -0.062389 0.153274 0 0 0
0.453870 -0.060993 0.153234 0 0 0
0.454517 -0.059664 0.153187 0 0 0
0.454493 -0.057930 0.152656 0 0 0
0.455140 -0.056597 0.152609 0 0 0
0.455855 -0.055202 0.152577 0 0 0
0.456586 -0.053817 0.152538 0 0 0
0.457296 -0.052425 0.152507 0 0 0
0.458007 -0.051032 0.152477 0 0 0
0.458717 -0.049640 0.152447 0 0 0
0.459432 -0.048238 0.152417 0 0 0
0.460091 -0.046960 0.152394 0 0 0
0.461714 -0.045602 0.152895 0 0 0
0.462371 -0.044330 0.152872 0 0 0
0.463086 -0.042930 0.152841 0 0 0
0.463795 -0.041540 0.152811 0 0 0
0.464503 -0.040150 0.152781 0 0 0
0.465213 -0.038760 0.152751 0 0 0
0.465922 -0.037370 0.152720 0 0 0
0.466630 -0.035980 0.152690 0 0 0
0.467338 -0.034587 0.152661 0 0 0
0.468027 -0.033191 0.152638 0 0 0
0.468756 -0.031810 0.152600 0 0 0
0.469465 -0.030417 0.152570 0 0 0
0.470154 -0.029021 0.152547 0 0 0
0.470883 -0.027640 0.152509 0 0 0
0.471593 -0.026250 0.152478 0 0 0
0.472302 -0.024860 0.152448 0 0 0
0.473011 -0.023470 0.152418 0 0 0
0.473720 -0.022080 0.152388 0 0 0
0.474429 -0.020690 0.152357 0 0 0
0.475138 -0.019300 0.152327 0 0 0
0.475847 -0.017910 0.152297 0 0 0
0.476560 -0.016508 0.152267 0 0 0
0.477203 -0.015220 0.152255 0 0 0
0.478770 -0.014019 0.152720 0 0 0
0.478725 -0.012260 0.152198 0 0 0
0.479323 -0.011059 0.152165 0 0 0
0.480937 -0.009761 0.152654 0 0 0
0.481529 -0.008591 0.152651 0 0 0
0.483160 -0.007321 0.153130 255 0 0
0.483818 -0.006050 0.153110 255 0 0
0.484507 -0.004644 0.153088 255 0 0
0.485213 -0.003257 0.153059 255 0 0
0.485919 -0.001871 0.153029 255 0 0
0.486630 -0.000477 0.152998 255 0 0
0.487273 0.000821 0.152958 255 0 0
0.487324 0.002699 0.152401 255 0 0
0.487905 0.003913 0.152351 255 0 0
0.487959 0.005797 0.151793 0 0 0
0.488605 0.007102 0.151753 0 0 0
0.489322 0.008509 0.151722 0 0 0
0.489967 0.009810 0.151683 0 0 0
0.490004 0.011722 0.151133 0 0 0
0.490612 0.012920 0.151105 0 0 0
0.492127 0.014082 0.151579 0 0 0
0.492153 0.015875 0.151033 0 0 0
0.492801 0.017183 0.150993 0 0 0
0.493515 0.018584 0.150962 0 0 0
0.494229 0.019984 0.150931 0 0 0
0.494878 0.021286 0.150893 0 0 0
0.494949 0.023211 0.150330 255 0 0
0.495555 0.024414 0.150276 255 0 0
0.495608 0.026365 0.149721 255 0 0
0.496197 0.027580 0.149676 255 0 0
0.496248 0.029530 0.149121 0 0 0
0.496903 0.030839 0.149083 0 0 0
0.497641 0.032236 0.149044 0 0 0
0.498356 0.033636 0.149013 0 0 0
0.499069 0.035035 0.148983 0 0 0
0.499784 0.036434 0.148952 255 0 0
0.500497 0.037833 0.148922 255 0 0
0.501211 0.039233 0.148891 0 0 0
0.501924 0.040632 0.148861 0 0 0
0.502641 0.042040 0.148831 0 0 0
0.503302 0.043351 0.148820 0 0 0
0.504840 0.044528 0.149306 0 0 0
0.505524 0.045833 0.149287 0 0 0
0.506200 0.047132 0.149243 0 0 0
0.506241 0.049125 0.148694 0 0 0
0.506894 0.050429 0.148657 0 0 0
0.507632 0.051826 0.148618 0 0 0
0.508354 0.053234 0.148586 0 0 0
0.509027 0.054527 0.148542 0 0 0
0.509098 0.056524 0.147982 0 0 0
0.509753 0.057830 0.147946 0 0 0
0.510492 0.059230 0.147906 0 0 0
0.511208 0.060630 0.147875 0 0 0
0.511920 0.062031 0.147845 0 0 0
0.512615 0.063444 0.147823 0 0 0
0.513330 0.064847 0.147793 0 0 0
0.514045 0.066248 0.147763 0 0 0
0.514764 0.067657 0.147732 0 0 0
0.515451 0.068965 0.147716 0 0 0
0.516936 0.070105 0.148207 0 0 0
0.517622 0.071409 0.148191 0 0 0
0.518340 0.072815 0.148160 0 0 0
0.519057 0.074222 0.148130 0 0 0
0.519726 0.075540 0.148123 0 0 0
0.521225 0.076659 0.148604 0 0 0
0.521885 0.077868 0.148604 0 0 0
0.523383 0.078980 0.149084 0 0 0
0.524075 0.080293 0.149068 0 0 0
0.524725 0.081563 0.149040 0 0 0
0.420806 -0.135388 0.155802 0 0 0
0.421374 -0.134281 0.155780 0 0 0
0.423099 -0.132735 0.156284 0 0 0
0.423674 -0.131624 0.156264 0 0 0
0.425389 -0.130101 0.156768 0 0 0
0.426025 -0.128854 0.156744 0 0 0
0.426733 -0.127466 0.156714 0 0 0
0.427441 -0.126078 0.156684 0 0 0
0.428079 -0.124831 0.156660 0 0 0
0.429782 -0.123329 0.157163 0 0 0
0.430350 -0.122122 0.157109 0 0 0
0.430310 -0.120561 0.156595 0 0 0
0.430943 -0.119215 0.156535 0 0 0
0.431647 -0.117834 0.156504 0 0 0
0.432349 -0.116457 0.156475 0 0 0
0.433050 -0.115081 0.156445 0 0 0
0.433752 -0.113705 0.156415 0 0 0
0.434454 -0.112329 0.156385 0 0 0
0.435156 -0.110953 0.156355 0 0 0
0.435858 -0.109577 0.156325 0 0 0
0.436566 -0.108189 0.156295 0 0 0
0.437205 -0.106940 0.156272 0 0 0
0.438888 -0.105477 0.156775 0 0 0
0.439526 -0.104235 0.156751 0 0 0
0.440233 -0.102849 0.156721 0 0 0
0.440934 -0.101476 0.156691 0 0 0
0.441636 -0.100096 0.156660 0 0 0
0.442269 -0.098768 0.156606 0 0 0
0.442240 -0.097154 0.156081 0 0 0
0.442877 -0.095816 0.156025 0 0 0
0.443514 -0.094481 0.155971 0 0 0
0.443490 -0.092847 0.155443 0 0 0
0.444059 -0.091564 0.155366 0 0 0
0.443974 -0.089965 0.154813 0 0 0
0.443888 -0.088366 0.154261 0 0 0
0.444528 -0.087029 0.154207 0 0 0
0.445236 -0.085640 0.154176 0 0 0
0.445941 -0.084257 0.154146 0 0 0
0.446646 -0.082874 0.154116 0 0 0
0.447352 -0.081491 0.154086 0 0 0
0.448058 -0.080108 0.154056 0 0 0
0.448763 -0.078725 0.154026 0 0 0
0.449468 -0.077342 0.153996 0 0 0
0.450173 -0.075959 0.153966 0 0 0
0.450879 -0.074576 0.153935 0 0 0
0.451583 -0.073190 0.153906 0 0 0
0.452268 -0.071802 0.153884 0 0 0
0.452993 -0.070423 0.153846 0 0 0
0.453679 -0.069036 0.153823 0 0 0
0.454408 -0.067654 0.153785 0 0 0
0.455049 -0.066331 0.153736 0 0 0
0.455044 -0.064627 0.153197 0 0 0
0.455687 -0.063300 0.153148 0 0 0
0.456400 -0.061902 0.153116 0 0 0
0.457064 -0.060586 0.153061 0 0 0
0.457042 -0.058858 0.152528 0 0 0
0.457686 -0.057531 0.152480 0 0 0
0.458402 -0.056127 0.152449 0 0 0
0.459057 -0.054859 0.152426 0 0 0
0.460687 -0.053488 0.152928 0 0 0
0.461360 -0.052230 0.152898 0 0 0
0.462051 -0.050828 0.152875 0 0 0
0.462757 -0.049440 0.152846 0 0 0
0.463463 -0.048055 0.152816 0 0 0
0.464169 -0.046669 0.152786 0 0 0
0.464876 -0.045283 0.152755 0 0 0
0.465588 -0.043888 0.152725 0 0 0
0.466244 -0.042621 0.152703 0 0 0
0.467790 -0.041335 0.153186 0 0 0
0.467770 -0.039673 0.152652 0 0 0
0.468360 -0.038474 0.152613 0 0 0
0.469973 -0.037124 0.153115 0 0 0
0.470626 -0.035861 0.153093 0 0 0
0.471337 -0.034468 0.153063 0 0 0
0.472043 -0.033085 0.153032 0 0 0
0.472752 -0.031694 0.153002 0 0 0
0.473392 -0.030387 0.152958 0 0 0
0.473416 -0.028592 0.152408 0 0 0
0.474059 -0.027282 0.152364 0 0 0
0.474769 -0.025888 0.152333 0 0 0
0.475475 -0.024503 0.152303 0 0 0
0.476182 -0.023118 0.152273 0 0 0
0.476889 -0.021732 0.152243 0 0 0
0.477595 -0.020347 0.152213 0 0 0
0.478302 -0.018962 0.152183 0 0 0
0.479008 -0.017576 0.152152 0 0 0
0.479714 -0.016189 0.152123 0 0 0
0.480400 -0.014796 0.152101 0 0 0
0.481132 -0.013411 0.152062 0 0 0
0.481792 -0.012138 0.152041 0 0 0
0.483372 -0.010849 0.152542 0 0 0
0.484029 -0.009580 0.152521 0 0 0
0.484722 -0.008167 0.152500 255 0 0
0.485379 -0.006898 0.152480 255 0 0
0.486976 -0.005632 0.152970 255 0 0
0.487633 -0.004368 0.152950 255 0 0
0.488343 -0.002977 0.152920 255 0 0
0.489051 -0.001588 0.152889 255 0 0
0.489690 -0.000295 0.152849 255 0 0
0.489743 0.001580 0.152290 255 0 0
0.490319 0.002786 0.152240 0 0 0
0.490374 0.004668 0.151680 0 0 0
0.491017 0.005967 0.151640 0 0 0
0.491728 0.007360 0.151610 0 0 0
0.492434 0.008746 0.151579 0 0 0
0.493141 0.010131 0.151549 0 0 0
0.493848 0.011516 0.151519 0 0 0
0.494554 0.012902 0.151489 255 0 0
0.495261 0.014287 0.151459 255 0 0
0.495968 0.015673 0.151429 255 0 0
0.496679 0.017067 0.151398 0 0 0
0.497321 0.018362 0.151359 255 0 0
0.497325 0.020187 0.150787 255 0 0
0.497271 0.021929 0.150209 255 0 0
0.497258 0.023774 0.149645 255 0 0
0.497927 0.025068 0.149597 255 0 0
0.498648 0.026478 0.149565 255 0 0
0.499318 0.027767 0.149519 255 0 0
0.499367 0.029707 0.148962 255 0 0
0.500016 0.031011 0.148925 0 0 0
0.500731 0.032414 0.148894 0 0 0
0.501442 0.033809 0.148864 0 0 0
0.502154 0.035203 0.148834 255 0 0
0.502865 0.036598 0.148803 255 0 0
0.503581 0.038000 0.148773 255 0 0
0.504257 0.039293 0.148755 0 0 0
0.505776 0.040486 0.149251 0 0 0
0.506450 0.041776 0.149233 0 0 0
0.507169 0.043186 0.149202 0 0 0
0.507816 0.044481 0.149166 0 0 0
0.507880 0.046457 0.148606 0 0 0
0.508550 0.047746 0.148561 0 0 0
0.509267 0.049150 0.148530 0 0 0
0.509983 0.050553 0.148499 0 0 0
0.510631 0.051850 0.148464 0 0 0
0.510702 0.053842 0.147902 0 0 0
0.511377 0.055141 0.147858 0 0 0
0.512033 0.056449 0.147821 0 0 0
0.512107 0.058452 0.147260 0 0 0
0.512764 0.059762 0.147224 0 0 0
0.513452 0.061074 0.147207 0 0 0
0.514968 0.062216 0.147691 0 0 0
0.515650 0.063515 0.147674 0 0 0
0.516371 0.064927 0.147644 0 0 0
0.517056 0.066227 0.147628 0 0 0
0.518560 0.067356 0.148112 0 0 0
0.519223 0.068666 0.148104 0 0 0
0.519938 0.070069 0.148075 0 0 0
0.520649 0.071464 0.148044 0 0 0
0.521364 0.072865 0.148014 0 0 0
0.522049 0.074165 0.147999 0 0 0
0.523545 0.075276 0.148481 0 0 0
0.524225 0.076573 0.148467 0 0 0
0.524899 0.077997 0.148453 0 0 0
0.525606 0.079390 0.148425 0 0 0
0.526323 0.080793 0.148394 0 0 0
0.526986 0.082041 0.148358 0 0 0
0.422236 -0.140268 0.156326 0 0 0
0.422794 -0.139060 0.156266 0 0 0
0.422751 -0.137534 0.155758 0 0 0
0.423319 -0.136312 0.155700 0 0 0
0.425030 -0.134786 0.156206 0 0 0
0.425672 -0.133535 0.156181 0 0 0
0.426314 -0.132279 0.156157 0 0 0
0.427962 -0.130893 0.156668 0 0 0
0.429607 -0.129507 0.157179 0 0 0
0.430240 -0.128274 0.157155 0 0 0
0.430945 -0.126892 0.157125 0 0 0
0.431643 -0.125523 0.157096 0 0 0
0.432341 -0.124153 0.157066 0 0 0
0.433040 -0.122784 0.157036 0 0 0
0.433739 -0.121415 0.157006 0 0 0
0.434437 -0.120046 0.156976 0 0 0
0.435135 -0.118677 0.156947 0 0 0
0.435834 -0.117308 0.156917 0 0 0
0.436532 -0.115939 0.156887 0 0 0
0.437230 -0.114570 0.156857 0 0 0
0.437929 -0.113201 0.156827 0 0 0
0.438627 -0.111831 0.156798 0 0 0
0.439326 -0.110462 0.156768 0 0 0
0.440024 -0.109093 0.156738 0 0 0
0.440722 -0.107724 0.156708 0 0 0
0.441427 -0.106342 0.156678 0 0 0
0.442062 -0.105107 0.156655 0 0 0
0.443739 -0.103646 0.157161 0 0 0
0.444372 -0.102415 0.157137 0 0 0
0.445076 -0.101035 0.157107 0 0 0
0.445775 -0.099662 0.157077 0 0 0
0.446403 -0.098343 0.157022 0 0 0
0.446378 -0.096723 0.156495 0 0 0
0.446938 -0.095450 0.156415 0 0 0
0.446850 -0.093865 0.155863 0 0 0
0.446762 -0.092273 0.155308 0 0 0
0.447327 -0.090998 0.155231 0 0 0
0.447308 -0.089355 0.154700 0 0 0
0.447943 -0.088028 0.154646 0 0 0
0.448647 -0.086646 0.154616 0 0 0
0.449349 -0.085270 0.154586 0 0 0
0.450053 -0.083887 0.154555 0 0 0
0.450689 -0.082565 0.154503 0 0 0
0.450679 -0.080893 0.153969 0 0 0
0.451257 -0.079697 0.153925 0 0 0
0.452912 -0.078276 0.154429 0 0 0
0.453555 -0.077025 0.154406 0 0 0
0.454286 -0.075646 0.154367 0 0 0
0.454993 -0.074267 0.154335 0 0 0
0.455628 -0.072950 0.154286 0 0 0
0.455596 -0.071252 0.153757 0 0 0
0.456255 -0.069940 0.153699 0 0 0
0.456963 -0.068559 0.153667 0 0 0
0.457669 -0.067173 0.153636 0 0 0
0.458305 -0.065857 0.153588 0 0 0
0.458280 -0.064132 0.153056 0 0 0
0.458853 -0.062877 0.152990 0 0 0
0.458833 -0.061148 0.152455 0 0 0
0.459496 -0.059834 0.152399 0 0 0
0.460205 -0.058444 0.152368 0 0 0
0.460916 -0.057051 0.152338 0 0 0
0.461567 -0.055786 0.152316 0 0 0
0.463123 -0.054468 0.152797 0 0 0
0.463021 -0.052960 0.152289 0 0 0
0.464600 -0.051656 0.152760 0 0 0
0.465257 -0.050387 0.152737 0 0 0
0.465913 -0.049118 0.152715 0 0 0
0.467559 -0.047771 0.153209 0 0 0
0.468205 -0.046515 0.153187 0 0 0
0.468890 -0.045116 0.153166 0 0 0
0.469592 -0.043735 0.153137 0 0 0
0.470295 -0.042356 0.153107 0 0 0
0.470999 -0.040978 0.153077 0 0 0
0.471702 -0.039600 0.153047 0 0 0
0.472404 -0.038221 0.153017 0 0 0
0.473107 -0.036843 0.152987 0 0 0
0.473810 -0.035464 0.152957 0 0 0
0.474513 -0.034086 0.152927 0 0 0
0.475218 -0.032707 0.152897 0 0 0
0.475946 -0.031331 0.152858 0 0 0
0.476563 -0.030024 0.152822 0 0 0
0.476588 -0.028225 0.152271 0 0 0
0.477226 -0.026922 0.152227 0 0 0
0.477934 -0.025533 0.152197 0 0 0
0.478638 -0.024153 0.152166 0 0 0
0.479342 -0.022772 0.152136 0 0 0
0.480047 -0.021391 0.152106 0 0 0
0.480751 -0.020010 0.152076 0 0 0
0.481455 -0.018630 0.152046 0 0 0
0.482159 -0.017249 0.152016 0 0 0
0.482869 -0.015858 0.151986 0 0 0
0.483525 -0.014595 0.151965 0 0 0
0.485130 -0.013315 0.152457 0 0 0
0.485782 -0.012055 0.152437 0 0 0
0.486472 -0.010645 0.152417 0 0 0
0.487127 -0.009382 0.152397 255 0 0
0.488725 -0.008114 0.152888 255 0 0
0.489378 -0.006855 0.152868 255 0 0
0.490085 -0.005469 0.152838 255 0 0
0.490785 -0.004094 0.152809 255 0 0
0.491469 -0.002697 0.152787 255 0 0
0.492127 -0.001419 0.152739 255 0 0
0.492152 0.000455 0.152188 0 0 0
0.492790 0.001744 0.152148 0 0 0
0.493501 0.003140 0.152117 0 0 0
0.494138 0.004427 0.152077 0 0 0
0.494193 0.006305 0.151516 0 0 0
0.494832 0.007596 0.151476 0 0 0
0.495546 0.008995 0.151445 0 0 0
0.496206 0.010262 0.151426 255 0 0
0.497754 0.011507 0.151926 255 0 0
0.498417 0.012780 0.151907 255 0 0
0.499060 0.014074 0.151868 255 0 0
0.499128 0.015983 0.151303 255 0 0
0.499700 0.017174 0.151257 0 0 0
0.499774 0.019101 0.150691 255 0 0
0.500351 0.020297 0.150644 255 0 0
0.500364 0.022133 0.150070 255 0 0
0.500377 0.023974 0.149496 255 0 0
0.500956 0.025175 0.149450 255 0 0
0.501009 0.027119 0.148891 255 0 0
0.501677 0.028406 0.148845 255 0 0
0.502392 0.029805 0.148814 255 0 0
0.503101 0.031195 0.148784 0 0 0
0.503810 0.032585 0.148753 0 0 0
0.504519 0.033975 0.148723 255 0 0
0.505227 0.035365 0.148693 255 0 0
0.505941 0.036764 0.148663 255 0 0
0.506614 0.038050 0.148645 0 0 0
0.508130 0.039244 0.149143 0 0 0
0.508801 0.040526 0.149125 0 0 0
0.509514 0.041922 0.149095 0 0 0
0.510222 0.043310 0.149064 0 0 0
0.510934 0.044707 0.149034 0 0 0
0.511577 0.045995 0.148998 0 0 0
0.511668 0.047965 0.148427 0 0 0
0.512313 0.049256 0.148391 0 0 0
0.513031 0.050665 0.148360 0 0 0
0.513676 0.051954 0.148324 0 0 0
0.513771 0.053937 0.147752 0 0 0
0.514418 0.055230 0.147716 0 0 0
0.515133 0.056632 0.147685 0 0 0
0.515843 0.058024 0.147655 0 0 0
0.516553 0.059416 0.147625 0 0 0
0.517263 0.060809 0.147595 0 0 0
0.517973 0.062201 0.147564 0 0 0
0.518684 0.063593 0.147534 0 0 0
0.519397 0.064994 0.147504 0 0 0
0.520059 0.066302 0.147497 0 0 0
0.521559 0.067427 0.147982 0 0 0
0.522239 0.068718 0.147967 0 0 0
0.522952 0.070115 0.147937 0 0 0
0.523661 0.071505 0.147906 0 0 0
0.524369 0.072896 0.147876 0 0 0
0.525062 0.074306 0.147855 0 0 0
0.525742 0.075600 0.147841 0 0 0
0.527231 0.076705 0.148324 0 0 0
0.527912 0.077994 0.148309 0 0 0
0.528629 0.079397 0.148280 0 0 0
0.529317 0.080690 0.148267 0 0 0
0.530729 0.081660 0.148746 0 0 0
0.423888 -0.146545 0.157442 0 0 0
0.424508 -0.145325 0.157415 0 0 0
0.425139 -0.143966 0.157349 0 0 0
0.425082 -0.142487 0.156845 0 0 0
0.425707 -0.141138 0.156779 0 0 0
0.426406 -0.139766 0.156748 0 0 0
0.427103 -0.138400 0.156718 0 0 0
0.427800 -0.137033 0.156689 0 0 0
0.428497 -0.135666 0.156659 0 0 0
0.429201 -0.134286 0.156629 0 0 0
0.429832 -0.133057 0.156605 0 0 0
0.431542 -0.131529 0.157113 0 0 0
0.432103 -0.130446 0.157095 0 0 0
0.433812 -0.128924 0.157603 0 0 0
0.434439 -0.127703 0.157579 0 0 0
0.435141 -0.126327 0.157549 0 0 0
0.435837 -0.124959 0.157518 0 0 0
0.436460 -0.123631 0.157458 0 0 0
0.436416 -0.122091 0.156943 0 0 0
0.437041 -0.120760 0.156882 0 0 0
0.437738 -0.119390 0.156851 0 0 0
0.438434 -0.118025 0.156822 0 0 0
0.439131 -0.116661 0.156792 0 0 0
0.439827 -0.115296 0.156762 0 0 0
0.440523 -0.113932 0.156733 0 0 0
0.441219 -0.112567 0.156703 0 0 0
0.441915 -0.111203 0.156673 0 0 0
0.442611 -0.109838 0.156643 0 0 0
0.443313 -0.108461 0.156614 0 0 0
0.443945 -0.107233 0.156590 0 0 0
0.445621 -0.105769 0.157098 0 0 0
0.446251 -0.104545 0.157075 0 0 0
0.446952 -0.103169 0.157045 0 0 0
0.447647 -0.101807 0.157015 0 0 0
0.448344 -0.100438 0.156985 0 0 0
0.448968 -0.099126 0.156930 0 0 0
0.448944 -0.097509 0.156402 0 0 0
0.449500 -0.096244 0.156322 0 0 0
0.449479 -0.094618 0.155792 0 0 0
0.450109 -0.093294 0.155737 0 0 0
0.450739 -0.091973 0.155682 0 0 0
0.450721 -0.090334 0.155151 0 0 0
0.451282 -0.089070 0.155074 0 0 0
0.451266 -0.087422 0.154541 0 0 0
0.451897 -0.086103 0.154488 0 0 0
0.452601 -0.084718 0.154456 0 0 0
0.453233 -0.083402 0.154404 0 0 0
0.453225 -0.081733 0.153869 0 0 0
0.453798 -0.080542 0.153825 0 0 0
0.455454 -0.079112 0.154330 0 0 0
0.456025 -0.077932 0.154287 0 0 0
0.455995 -0.076235 0.153759 0 0 0
0.456629 -0.074918 0.153709 0 0 0
0.457337 -0.073535 0.153676 0 0 0
0.457994 -0.072230 0.153617 0 0 0
0.457964 -0.070531 0.153087 0 0 0
0.458599 -0.069214 0.153038 0 0 0
0.459304 -0.067831 0.153007 0 0 0
0.460032 -0.066467 0.152966 0 0 0
0.460759 -0.065104 0.152926 0 0 0
0.461465 -0.063720 0.152895 0 0 0
0.462100 -0.062403 0.152846 0 0 0
0.462033 -0.060798 0.152325 0 0 0
0.463618 -0.059487 0.152798 0 0 0
0.464264 -0.058234 0.152776 0 0 0
0.464971 -0.056848 0.152746 0 0 0
0.465648 -0.055462 0.152726 0 0 0
0.466350 -0.054083 0.152697 0 0 0
0.467075 -0.052715 0.152658 0 0 0
0.467778 -0.051344 0.152627 0 0 0
0.468454 -0.049954 0.152607 0 0 0
0.469136 -0.048554 0.152587 0 0 0
0.469782 -0.047301 0.152566 0 0 0
0.471422 -0.045960 0.153061 0 0 0
0.472068 -0.044712 0.153039 0 0 0
0.472774 -0.043327 0.153009 0 0 0
0.473475 -0.041953 0.152980 0 0 0
0.474176 -0.040580 0.152950 0 0 0
0.474877 -0.039206 0.152920 0 0 0
0.475577 -0.037832 0.152890 0 0 0
0.476278 -0.036458 0.152860 0 0 0
0.476982 -0.035076 0.152829 0 0 0
0.477615 -0.033777 0.152784 0 0 0
0.477575 -0.032093 0.152256 0 0 0
0.479083 -0.030933 0.152704 0 0 0
0.479045 -0.029247 0.152174 0 0 0
0.479682 -0.027945 0.152128 0 0 0
0.480412 -0.026570 0.152088 0 0 0
0.481115 -0.025198 0.152057 0 0 0
0.481817 -0.023821 0.152027 0 0 0
0.482519 -0.022445 0.151997 0 0 0
0.483221 -0.021069 0.151967 0 0 0
0.483923 -0.019693 0.151937 0 0 0
0.484625 -0.018317 0.151907 0 0 0
0.485327 -0.016941 0.151877 0 0 0
0.486025 -0.015563 0.151849 0 0 0
0.486686 -0.014154 0.151838 0 0 0
0.487336 -0.012894 0.151819 0 0 0
0.488935 -0.011622 0.152312 0 0 0
0.489585 -0.010364 0.152293 255 0 0
0.490268 -0.008969 0.152272 255 0 0
0.490966 -0.007595 0.152243 255 0 0
0.491673 -0.006212 0.152213 255 0 0
0.492327 -0.004954 0.152194 0 0 0
0.493845 -0.003778 0.152671 0 0 0
0.493834 -0.002026 0.152134 255 0 0
0.494491 -0.000749 0.152084 0 0 0
0.495197 0.000634 0.152053 0 0 0
0.495898 0.002008 0.152023 0 0 0
0.496603 0.003391 0.151992 0 0 0
0.497236 0.004671 0.151953 0 0 0
0.497300 0.006560 0.151389 0 0 0
0.497889 0.007726 0.151361 0 0 0
0.499442 0.008984 0.151862 255 0 0
0.500097 0.010241 0.151843 255 0 0
0.500807 0.011634 0.151813 255 0 0
0.501440 0.012911 0.151774 255 0 0
0.501504 0.014808 0.151209 255 0 0
0.502147 0.016099 0.151169 0 0 0
0.502811 0.017379 0.151120 255 0 0
0.502792 0.019211 0.150554 255 0 0
0.502737 0.020944 0.149972 255 0 0
0.502746 0.022774 0.149396 255 0 0
0.503392 0.024074 0.149356 255 0 0
0.504037 0.025369 0.149318 255 0 0
0.504111 0.027295 0.148749 255 0 0
0.504753 0.028585 0.148712 255 0 0
0.505464 0.029980 0.148681 255 0 0
0.506170 0.031365 0.148651 0 0 0
0.506882 0.032759 0.148621 255 0 0
0.507551 0.034038 0.148603 255 0 0
0.509069 0.035237 0.149103 255 0 0
0.509736 0.036512 0.149085 255 0 0
0.510446 0.037904 0.149055 0 0 0
0.511151 0.039287 0.149025 0 0 0
0.511857 0.040670 0.148995 0 0 0
0.512562 0.042053 0.148965 0 0 0
0.513268 0.043437 0.148935 0 0 0
0.513973 0.044820 0.148905 0 0 0
0.514684 0.046212 0.148874 0 0 0
0.515324 0.047493 0.148838 0 0 0
0.515417 0.049467 0.148265 0 0 0
0.516059 0.050751 0.148229 0 0 0
0.516771 0.052145 0.148199 0 0 0
0.517482 0.053541 0.148168 0 0 0
0.518123 0.054823 0.148133 0 0 0
0.518223 0.056812 0.147558 0 0 0
0.518866 0.058098 0.147523 0 0 0
0.519578 0.059495 0.147492 0 0 0
0.520286 0.060883 0.147462 0 0 0
0.520998 0.062279 0.147432 0 0 0
0.521677 0.063566 0.147416 0 0 0
0.523156 0.064707 0.147912 0 0 0
0.523832 0.065992 0.147897 0 0 0
0.524543 0.067385 0.147867 0 0 0
0.525249 0.068770 0.147837 0 0 0
0.525960 0.070163 0.147807 0 0 0
0.526640 0.071450 0.147792 0 0 0
0.528106 0.072573 0.148287 0 0 0
0.528784 0.073855 0.148272 0 0 0
0.529493 0.075246 0.148242 0 0 0
0.530199 0.076630 0.148212 0 0 0
0.530904 0.078013 0.148182 0 0 0
0.531609 0.079397 0.148153 0 0 0
0.532301 0.080804 0.148131 0 0 0
0.532954 0.082036 0.148096 0 0 0
0.427433 -0.147232 0.157902 0 0 0
0.427974 -0.146049 0.157839 0 0 0
0.427925 -0.144559 0.157334 0 0 0
0.428472 -0.143239 0.157231 0 0 0
0.428417 -0.141754 0.156725 0 0 0
0.429039 -0.140412 0.156659 0 0 0
0.429734 -0.139045 0.156628 0 0 0
0.430429 -0.137682 0.156598 0 0 0
0.431131 -0.136307 0.156568 0 0 0
0.431759 -0.135085 0.156545 0 0 0
0.433401 -0.133698 0.157060 0 0 0
0.435069 -0.132329 0.157564 0 0 0
0.435667 -0.131104 0.157551 0 0 0
0.436364 -0.129727 0.157522 0 0 0
0.437056 -0.128370 0.157493 0 0 0
0.437749 -0.127013 0.157463 0 0 0
0.438441 -0.125655 0.157434 0 0 0
0.439134 -0.124298 0.157404 0 0 0
0.439827 -0.122941 0.157374 0 0 0
0.440546 -0.121584 0.157335 0 0 0
0.441167 -0.120270 0.157274 0 0 0
0.441102 -0.118708 0.156766 0 0 0
0.441722 -0.117386 0.156706 0 0 0
0.442417 -0.116020 0.156675 0 0 0
0.443111 -0.114660 0.156646 0 0 0
0.443805 -0.113300 0.156616 0 0 0
0.444498 -0.111940 0.156587 0 0 0
0.445199 -0.110567 0.156557 0 0 0
0.445827 -0.109347 0.156534 0 0 0
0.447533 -0.107894 0.157032 0 0 0
0.448157 -0.106675 0.157009 0 0 0
0.448830 -0.105296 0.156989 0 0 0
0.449521 -0.103934 0.156961 0 0 0
0.450213 -0.102576 0.156932 0 0 0
0.450905 -0.101219 0.156902 0 0 0
0.451600 -0.099854 0.156872 0 0 0
0.452221 -0.098548 0.156816 0 0 0
0.452200 -0.096930 0.156287 0 0 0
0.452751 -0.095675 0.156207 0 0 0
0.452732 -0.094047 0.155676 0 0 0
0.453358 -0.092730 0.155620 0 0 0
0.453985 -0.091415 0.155565 0 0 0
0.453967 -0.089783 0.155033 0 0 0
0.454593 -0.088472 0.154979 0 0 0
0.455294 -0.087093 0.154948 0 0 0
0.455921 -0.085785 0.154895 0 0 0
0.455907 -0.084137 0.154360 0 0 0
0.456535 -0.082826 0.154308 0 0 0
0.457234 -0.081452 0.154277 0 0 0
0.457931 -0.080085 0.154247 0 0 0
0.458629 -0.078719 0.154217 0 0 0
0.459354 -0.077353 0.154178 0 0 0
0.459985 -0.076052 0.154126 0 0 0
0.459955 -0.074355 0.153595 0 0 0
0.460539 -0.073118 0.153517 0 0 0
0.460513 -0.071417 0.152984 0 0 0
0.461148 -0.070100 0.152933 0 0 0
0.461781 -0.068785 0.152883 0 0 0
0.461755 -0.067076 0.152350 0 0 0
0.462388 -0.065764 0.152301 0 0 0
0.463091 -0.064383 0.152271 0 0 0
0.463794 -0.063013 0.152239 0 0 0
0.464517 -0.061645 0.152201 0 0 0
0.465194 -0.060261 0.152181 0 0 0
0.465900 -0.058877 0.152151 0 0 0
0.466544 -0.057628 0.152129 0 0 0
0.468197 -0.056260 0.152626 0 0 0
0.468772 -0.055089 0.152587 0 0 0
0.468768 -0.053320 0.152049 0 0 0
0.469346 -0.052140 0.152011 0 0 0
0.470941 -0.050899 0.152515 0 0 0
0.472533 -0.049670 0.153019 0 0 0
0.473176 -0.048427 0.152998 0 0 0
0.473878 -0.047047 0.152969 0 0 0
0.474551 -0.045667 0.152949 0 0 0
0.475248 -0.044294 0.152920 0 0 0
0.475946 -0.042925 0.152890 0 0 0
0.476645 -0.041556 0.152860 0 0 0
0.477343 -0.040187 0.152830 0 0 0
0.478043 -0.038818 0.152800 0 0 0
0.478765 -0.037458 0.152761 0 0 0
0.479465 -0.036093 0.152730 0 0 0
0.480167 -0.034715 0.152700 0 0 0
0.480798 -0.033427 0.152657 0 0 0
0.480775 -0.031617 0.152121 0 0 0
0.481432 -0.030327 0.152068 0 0 0
0.482070 -0.029029 0.152023 0 0 0
0.482074 -0.027219 0.151477 0 0 0
0.482708 -0.025925 0.151434 0 0 0
0.483412 -0.024543 0.151404 0 0 0
0.484113 -0.023169 0.151374 0 0 0
0.484814 -0.021795 0.151344 0 0 0
0.485514 -0.020422 0.151314 0 0 0
0.486215 -0.019048 0.151284 0 0 0
0.486921 -0.017664 0.151254 0 0 0
0.487572 -0.016409 0.151234 0 0 0
0.489180 -0.015118 0.151729 0 0 0
0.489777 -0.013991 0.151719 0 0 0
0.491383 -0.012707 0.152213 0 0 0
0.492029 -0.011460 0.152194 255 0 0
0.492708 -0.010068 0.152174 255 0 0
0.493411 -0.008686 0.152145 255 0 0
0.494061 -0.007439 0.152126 0 0 0
0.495623 -0.006166 0.152630 0 0 0
0.496276 -0.004910 0.152610 0 0 0
0.496935 -0.003637 0.152561 255 0 0
0.496962 -0.001767 0.152007 0 0 0
0.497591 -0.000491 0.151967 0 0 0
0.498294 0.000887 0.151937 0 0 0
0.498992 0.002257 0.151907 0 0 0
0.499690 0.003626 0.151877 0 0 0
0.500389 0.004995 0.151847 255 0 0
0.501088 0.006364 0.151817 255 0 0
0.501786 0.007733 0.151788 255 0 0
0.502484 0.009102 0.151758 255 0 0
0.503182 0.010471 0.151728 255 0 0
0.503881 0.011840 0.151698 255 0 0
0.504589 0.013224 0.151667 255 0 0
0.505238 0.014437 0.151630 0 0 0
0.504505 0.016808 0.150503 255 0 0
0.505088 0.017928 0.150459 255 0 0
0.505173 0.019862 0.149888 255 0 0
0.505743 0.021042 0.149842 255 0 0
0.505820 0.022968 0.149272 255 0 0
0.506463 0.024259 0.149233 255 0 0
0.507128 0.025537 0.149185 255 0 0
0.507186 0.027485 0.148625 255 0 0
0.507783 0.028656 0.148599 255 0 0
0.509332 0.029859 0.149091 255 0 0
0.509973 0.031140 0.149083 0 0 0
0.510685 0.032538 0.149053 255 0 0
0.511350 0.033807 0.149036 255 0 0
0.512862 0.035002 0.149537 255 0 0
0.513525 0.036268 0.149520 0 0 0
0.514232 0.037653 0.149490 0 0 0
0.514934 0.039030 0.149460 0 0 0
0.515635 0.040406 0.149431 0 0 0
0.516342 0.041792 0.149400 0 0 0
0.516977 0.043063 0.149364 0 0 0
0.517069 0.045029 0.148790 0 0 0
0.517706 0.046304 0.148754 0 0 0
0.518419 0.047702 0.148723 0 0 0
0.519056 0.048976 0.148687 0 0 0
0.519152 0.050953 0.148112 0 0 0
0.519790 0.052230 0.148076 0 0 0
0.520499 0.053621 0.148046 0 0 0
0.521204 0.055001 0.148016 0 0 0
0.521908 0.056382 0.147986 0 0 0
0.522612 0.057763 0.147955 0 0 0
0.523317 0.059143 0.147925 0 0 0
0.524021 0.060524 0.147895 0 0 0
0.524730 0.061913 0.147866 0 0 0
0.525403 0.063191 0.147851 0 0 0
0.526877 0.064329 0.148348 0 0 0
0.527549 0.065603 0.148333 0 0 0
0.528257 0.066990 0.148303 0 0 0
0.528960 0.068368 0.148273 0 0 0
0.529663 0.069747 0.148243 0 0 0
0.530366 0.071125 0.148213 0 0 0
0.531069 0.072504 0.148183 0 0 0
0.531772 0.073882 0.148153 0 0 0
0.532475 0.075260 0.148123 0 0 0
0.533178 0.076639 0.148093 0 0 0
0.533881 0.078017 0.148063 0 0 0
0.534584 0.079396 0.148033 0 0 0
0.535297 0.080788 0.148002 0 0 0
0.535953 0.082013 0.147965 0 0 0
0.430700 -0.146519 0.157739 0 0 0
0.430563 -0.145197 0.157260 0 0 0
0.431176 -0.143851 0.157188 0 0 0
0.431869 -0.142490 0.157157 0 0 0
0.432560 -0.141135 0.157128 0 0 0
0.433251 -0.139780 0.157098 0 0 0
0.433943 -0.138424 0.157069 0 0 0
0.434634 -0.137069 0.157039 0 0 0
0.435325 -0.135714 0.157010 0 0 0
0.436021 -0.134340 0.156982 0 0 0
0.436617 -0.133119 0.156968 0 0 0
0.438374 -0.131637 0.157457 0 0 0
0.438994 -0.130428 0.157433 0 0 0
0.439691 -0.129061 0.157404 0 0 0
0.440381 -0.127708 0.157374 0 0 0
0.441071 -0.126356 0.157345 0 0 0
0.441763 -0.124996 0.157314 0 0 0
0.442378 -0.123681 0.157255 0 0 0
0.442283 -0.122118 0.156757 0 0 0
0.442928 -0.120812 0.156686 0 0 0
0.443649 -0.119464 0.156645 0 0 0
0.444341 -0.118109 0.156615 0 0 0
0.445032 -0.116753 0.156585 0 0 0
0.445724 -0.115398 0.156556 0 0 0
0.446415 -0.114043 0.156526 0 0 0
0.447105 -0.112688 0.156497 0 0 0
0.447769 -0.111324 0.156477 0 0 0
0.448457 -0.109959 0.156451 0 0 0
0.449129 -0.108582 0.156431 0 0 0
0.449752 -0.107367 0.156408 0 0 0
0.451483 -0.105934 0.156896 0 0 0
0.452106 -0.104722 0.156874 0 0 0
0.452803 -0.103356 0.156844 0 0 0
0.453492 -0.102003 0.156815 0 0 0
0.454158 -0.100634 0.156794 0 0 0
0.454798 -0.099337 0.156732 0 0 0
0.454751 -0.097722 0.156211 0 0 0
0.455372 -0.096411 0.156154 0 0 0
0.455993 -0.095104 0.156099 0 0 0
0.455974 -0.093483 0.155567 0 0 0
0.456595 -0.092179 0.155512 0 0 0
0.457292 -0.090808 0.155481 0 0 0
0.457913 -0.089507 0.155427 0 0 0
0.457901 -0.087863 0.154892 0 0 0
0.458452 -0.086618 0.154816 0 0 0
0.458442 -0.084965 0.154279 0 0 0
0.459066 -0.083660 0.154225 0 0 0
0.459764 -0.082290 0.154195 0 0 0
0.460462 -0.080921 0.154164 0 0 0
0.461086 -0.079621 0.154113 0 0 0
0.461051 -0.077941 0.153584 0 0 0
0.461682 -0.076634 0.153531 0 0 0
0.462336 -0.075333 0.153470 0 0 0
0.462309 -0.073648 0.152937 0 0 0
0.462961 -0.072351 0.152878 0 0 0
0.463662 -0.070977 0.152847 0 0 0
0.464363 -0.069603 0.152816 0 0 0
0.465015 -0.068304 0.152756 0 0 0
0.464949 -0.066723 0.152235 0 0 0
0.466459 -0.065464 0.152685 0 0 0
0.466396 -0.063858 0.152165 0 0 0
0.466967 -0.062681 0.152122 0 0 0
0.468622 -0.061306 0.152621 0 0 0
0.469236 -0.060058 0.152608 0 0 0
0.469963 -0.058685 0.152570 0 0 0
0.470664 -0.057315 0.152538 0 0 0
0.471266 -0.056003 0.152499 0 0 0
0.471232 -0.054395 0.151965 0 0 0
0.472775 -0.053091 0.152452 0 0 0
0.473415 -0.051850 0.152432 0 0 0
0.474093 -0.050461 0.152412 0 0 0
0.474794 -0.049083 0.152383 0 0 0
0.475435 -0.047843 0.152361 0 0 0
0.477100 -0.046521 0.152848 0 0 0
0.477739 -0.045284 0.152827 0 0 0
0.478441 -0.043908 0.152797 0 0 0
0.479137 -0.042544 0.152767 0 0 0
0.479836 -0.041172 0.152737 0 0 0
0.480469 -0.039883 0.152688 0 0 0
0.480459 -0.038102 0.152149 0 0 0
0.481088 -0.036815 0.152104 0 0 0
0.481789 -0.035439 0.152074 0 0 0
0.482487 -0.034076 0.152043 0 0 0
0.483209 -0.032719 0.152004 0 0 0
0.483912 -0.031344 0.151973 0 0 0
0.484540 -0.030060 0.151930 0 0 0
0.484544 -0.028252 0.151383 0 0 0
0.485175 -0.026965 0.151339 0 0 0
0.485877 -0.025587 0.151309 0 0 0
0.486575 -0.024218 0.151279 0 0 0
0.487274 -0.022849 0.151249 0 0 0
0.487972 -0.021480 0.151219 0 0 0
0.488676 -0.020100 0.151190 0 0 0
0.489324 -0.018854 0.151170 0 0 0
0.490924 -0.017573 0.151667 0 0 0
0.491544 -0.016317 0.151657 0 0 0
0.492245 -0.014934 0.151628 0 0 0
0.492923 -0.013545 0.151609 0 0 0
0.493567 -0.012301 0.151590 255 0 0
0.495190 -0.011048 0.152074 255 0 0
0.495838 -0.009796 0.152056 0 0 0
0.496465 -0.008531 0.152047 0 0 0
0.498057 -0.007261 0.152541 0 0 0
0.498629 -0.006120 0.152513 0 0 0
0.498634 -0.004228 0.151969 255 0 0
0.499285 -0.002968 0.151919 0 0 0
0.499988 -0.001594 0.151888 0 0 0
0.500684 -0.000230 0.151858 0 0 0
0.501380 0.001135 0.151829 0 0 0
0.502076 0.002499 0.151799 0 0 0
0.502772 0.003864 0.151769 255 0 0
0.503468 0.005228 0.151740 255 0 0
0.504164 0.006593 0.151710 255 0 0
0.504860 0.007957 0.151680 255 0 0
0.505556 0.009322 0.151650 255 0 0
0.506258 0.010696 0.151619 255 0 0
0.506909 0.011949 0.151571 255 0 0
0.506929 0.013878 0.151022 0 0 0
0.507513 0.015033 0.150965 255 0 0
0.507595 0.016957 0.150394 255 0 0
0.508157 0.018127 0.150346 255 0 0
0.508170 0.019955 0.149767 255 0 0
0.508185 0.021788 0.149188 255 0 0
0.508751 0.022963 0.149141 255 0 0
0.508807 0.024906 0.148578 255 0 0
0.509466 0.026172 0.148531 255 0 0
0.510178 0.027569 0.148501 255 0 0
0.510818 0.028847 0.148493 255 0 0
0.512358 0.030037 0.148986 0 0 0
0.513023 0.031307 0.148969 0 0 0
0.513689 0.032580 0.148953 0 0 0
0.515200 0.033774 0.149455 255 0 0
0.515860 0.035033 0.149438 255 0 0
0.516569 0.036423 0.149409 0 0 0
0.517231 0.037682 0.149393 0 0 0
0.518742 0.038877 0.149893 0 0 0
0.519355 0.040014 0.149861 0 0 0
0.519432 0.042007 0.149296 0 0 0
0.519993 0.043163 0.149254 0 0 0
0.520093 0.045141 0.148677 0 0 0
0.520731 0.046419 0.148640 0 0 0
0.521368 0.047698 0.148603 0 0 0
0.521445 0.049572 0.148047 0 0 0
0.522791 0.050542 0.148525 0 0 0
0.522871 0.052422 0.147968 0 0 0
0.523505 0.053694 0.147932 0 0 0
0.524212 0.055080 0.147901 0 0 0
0.524914 0.056457 0.147871 0 0 0
0.525616 0.057833 0.147841 0 0 0
0.526323 0.059217 0.147812 0 0 0
0.526993 0.060488 0.147797 0 0 0
0.528466 0.061628 0.148296 0 0 0
0.529135 0.062896 0.148281 0 0 0
0.529840 0.064278 0.148252 0 0 0
0.530541 0.065652 0.148222 0 0 0
0.531242 0.067025 0.148192 0 0 0
0.531943 0.068399 0.148162 0 0 0
0.532643 0.069773 0.148132 0 0 0
0.533344 0.071147 0.148102 0 0 0
0.534045 0.072521 0.148072 0 0 0
0.534745 0.073894 0.148042 0 0 0
0.535446 0.075268 0.148012 0 0 0
0.536146 0.076642 0.147983 0 0 0
0.536853 0.078027 0.147952 0 0 0
0.537484 0.079286 0.147919 0 0 0
0.537593 0.081356 0.147346 0 0 0
0.538178 0.082461 0.147306 0 0 0
0.432472 -0.147023 0.157179 0 0 0
0.433106 -0.145835 0.157144 0 0 0
0.433804 -0.144470 0.157114 0 0 0
0.434493 -0.143119 0.157085 0 0 0
0.435182 -0.141768 0.157055 0 0 0
0.435870 -0.140418 0.157026 0 0 0
0.436559 -0.139067 0.156996 0 0 0
0.437248 -0.137717 0.156967 0 0 0
0.437937 -0.136366 0.156938 0 0 0
0.438626 -0.135016 0.156908 0 0 0
0.439313 -0.133660 0.156880 0 0 0
0.439975 -0.132301 0.156861 0 0 0
0.440662 -0.130950 0.156832 0 0 0
0.441351 -0.129599 0.156802 0 0 0
0.442040 -0.128249 0.156773 0 0 0
0.442729 -0.126898 0.156743 0 0 0
0.443418 -0.125548 0.156714 0 0 0
0.444113 -0.124197 0.156681 0 0 0
0.444751 -0.122892 0.156612 0 0 0
0.444688 -0.121341 0.156102 0 0 0
0.445302 -0.120025 0.156042 0 0 0
0.445994 -0.118666 0.156012 0 0 0
0.446684 -0.117313 0.155982 0 0 0
0.447374 -0.115960 0.155953 0 0 0
0.448071 -0.114594 0.155923 0 0 0
0.448693 -0.113383 0.155900 0 0 0
0.450400 -0.111928 0.156401 0 0 0
0.451019 -0.110718 0.156379 0 0 0
0.451715 -0.109354 0.156350 0 0 0
0.452402 -0.107998 0.156322 0 0 0
0.453064 -0.106639 0.156302 0 0 0
0.453751 -0.105288 0.156273 0 0 0
0.454447 -0.103924 0.156244 0 0 0
0.455069 -0.102714 0.156222 0 0 0
0.456680 -0.101321 0.156689 0 0 0
0.456584 -0.099855 0.156184 0 0 0
0.457222 -0.098555 0.156116 0 0 0
0.457915 -0.097198 0.156085 0 0 0
0.458606 -0.095840 0.156055 0 0 0
0.459222 -0.094546 0.156000 0 0 0
0.459206 -0.092925 0.155467 0 0 0
0.459825 -0.091620 0.155411 0 0 0
0.460445 -0.090319 0.155356 0 0 0
0.460432 -0.088686 0.154821 0 0 0
0.461051 -0.087388 0.154767 0 0 0
0.461749 -0.086018 0.154735 0 0 0
0.462393 -0.084732 0.154674 0 0 0
0.462358 -0.083073 0.154145 0 0 0
0.462979 -0.081776 0.154092 0 0 0
0.463674 -0.080411 0.154062 0 0 0
0.464367 -0.079053 0.154032 0 0 0
0.465067 -0.077681 0.154002 0 0 0
0.465681 -0.076473 0.153974 0 0 0
0.464850 -0.074443 0.152828 0 0 0
0.465468 -0.073228 0.152800 0 0 0
0.466173 -0.071843 0.152769 0 0 0
0.466797 -0.070548 0.152720 0 0 0
0.466774 -0.068849 0.152183 0 0 0
0.467423 -0.067554 0.152126 0 0 0
0.468100 -0.066176 0.152103 0 0 0
0.468819 -0.064821 0.152065 0 0 0
0.469521 -0.063441 0.152035 0 0 0
0.470134 -0.062196 0.152024 0 0 0
0.471707 -0.060894 0.152501 0 0 0
0.471650 -0.059281 0.151977 0 0 0
0.472216 -0.058111 0.151936 0 0 0
0.473866 -0.056746 0.152436 0 0 0
0.474502 -0.055517 0.152414 0 0 0
0.475203 -0.054142 0.152385 0 0 0
0.475898 -0.052780 0.152355 0 0 0
0.476592 -0.051418 0.152325 0 0 0
0.477287 -0.050056 0.152296 0 0 0
0.477981 -0.048691 0.152267 0 0 0
0.478649 -0.047317 0.152247 0 0 0
0.479342 -0.045955 0.152218 0 0 0
0.480037 -0.044593 0.152189 0 0 0
0.480732 -0.043231 0.152159 0 0 0
0.481431 -0.041860 0.152128 0 0 0
0.482057 -0.040580 0.152083 0 0 0
0.482077 -0.038815 0.151531 0 0 0
0.482710 -0.037525 0.151482 0 0 0
0.483411 -0.036153 0.151451 0 0 0
0.484132 -0.034799 0.151412 0 0 0
0.484828 -0.033438 0.151382 0 0 0
0.485499 -0.032061 0.151362 0 0 0
0.486222 -0.030708 0.151322 0 0 0
0.486945 -0.029358 0.151281 0 0 0
0.487642 -0.027994 0.151251 0 0 0
0.488338 -0.026629 0.151221 0 0 0
0.489032 -0.025265 0.151192 0 0 0
0.489702 -0.023888 0.151172 0 0 0
0.490397 -0.022521 0.151144 0 0 0
0.491093 -0.021157 0.151114 0 0 0
0.491793 -0.019778 0.151085 0 0 0
0.492412 -0.018526 0.151075 0 0 0
0.494009 -0.017247 0.151574 0 0 0
0.494651 -0.016012 0.151554 0 0 0
0.495352 -0.014639 0.151525 0 0 0
0.496045 -0.013274 0.151496 255 0 0
0.496720 -0.011888 0.151476 255 0 0
0.497362 -0.010650 0.151458 0 0 0
0.498950 -0.009385 0.151956 0 0 0
0.499573 -0.008129 0.151947 0 0 0
0.500221 -0.006885 0.151928 0 0 0
0.501835 -0.005634 0.152414 255 0 0
0.502380 -0.004490 0.152394 0 0 0
0.502441 -0.002617 0.151829 0 0 0
0.503063 -0.001354 0.151789 0 0 0
0.503761 0.000016 0.151759 0 0 0
0.504455 0.001376 0.151729 0 0 0
0.505149 0.002736 0.151699 255 0 0
0.505842 0.004095 0.151670 255 0 0
0.506538 0.005455 0.151640 255 0 0
0.507258 0.006803 0.151600 255 0 0
0.507958 0.008170 0.151568 255 0 0
0.508578 0.009427 0.151531 255 0 0
0.508592 0.011346 0.150982 255 0 0
0.509246 0.012606 0.150933 0 0 0
0.509877 0.013876 0.150893 255 0 0
0.509953 0.015787 0.150321 255 0 0
0.510511 0.016947 0.150274 255 0 0
0.510594 0.018876 0.149701 255 0 0
0.511153 0.020038 0.149654 255 0 0
0.511235 0.021964 0.149081 255 0 0
0.511865 0.023232 0.149043 255 0 0
0.512568 0.024611 0.149012 255 0 0
0.513267 0.025980 0.148983 255 0 0
0.513970 0.027359 0.148953 255 0 0
0.514628 0.028614 0.148936 255 0 0
0.516139 0.029814 0.149440 0 0 0
0.516795 0.031066 0.149424 0 0 0
0.517503 0.032452 0.149395 255 0 0
0.518163 0.033706 0.149380 255 0 0
0.519623 0.034787 0.149859 255 0 0
0.519629 0.036533 0.149334 0 0 0
0.520982 0.037524 0.149810 0 0 0
0.521021 0.039383 0.149264 0 0 0
0.521673 0.040633 0.149217 0 0 0
0.522377 0.042011 0.149186 0 0 0
0.523080 0.043388 0.149156 0 0 0
0.523707 0.044645 0.149120 0 0 0
0.523806 0.046616 0.148542 0 0 0
0.524435 0.047876 0.148506 0 0 0
0.525138 0.049256 0.148476 0 0 0
0.525837 0.050625 0.148446 0 0 0
0.526535 0.051994 0.148416 0 0 0
0.527234 0.053363 0.148387 0 0 0
0.527932 0.054732 0.148357 0 0 0
0.528630 0.056101 0.148327 0 0 0
0.529329 0.057471 0.148297 0 0 0
0.530027 0.058840 0.148267 0 0 0
0.530725 0.060209 0.148238 0 0 0
0.531423 0.061578 0.148208 0 0 0
0.532122 0.062947 0.148178 0 0 0
0.532820 0.064317 0.148148 0 0 0
0.533518 0.065686 0.148118 0 0 0
0.534217 0.067055 0.148089 0 0 0
0.534915 0.068424 0.148059 0 0 0
0.535613 0.069793 0.148029 0 0 0
0.536312 0.071162 0.147999 0 0 0
0.537015 0.072540 0.147970 0 0 0
0.537690 0.073807 0.147959 0 0 0
0.539092 0.074793 0.148435 0 0 0
0.539170 0.076742 0.147885 0 0 0
0.539804 0.078008 0.147850 0 0 0
0.540440 0.079274 0.147815 0 0 0
0.540502 0.081213 0.147227 0 0 0
0.540503 0.083020 0.146645 0 0 0
0.435125 -0.147638 0.157105 0 0 0
0.435729 -0.146453 0.157079 0 0 0
0.436425 -0.145091 0.157049 0 0 0
0.437111 -0.143745 0.157020 0 0 0
0.437798 -0.142399 0.156991 0 0 0
0.438484 -0.141053 0.156962 0 0 0
0.439171 -0.139707 0.156932 0 0 0
0.439857 -0.138361 0.156903 0 0 0
0.440544 -0.137015 0.156874 0 0 0
0.441230 -0.135669 0.156844 0 0 0
0.441924 -0.134309 0.156815 0 0 0
0.442540 -0.133112 0.156792 0 0 0
0.444266 -0.131619 0.157295 0 0 0
0.444880 -0.130417 0.157271 0 0 0
0.445495 -0.129096 0.157209 0 0 0
0.445425 -0.127564 0.156703 0 0 0
0.446034 -0.126254 0.156640 0 0 0
0.446724 -0.124902 0.156610 0 0 0
0.447439 -0.123557 0.156570 0 0 0
0.448052 -0.122258 0.156508 0 0 0
0.447988 -0.120704 0.155997 0 0 0
0.448599 -0.119396 0.155936 0 0 0
0.449289 -0.118042 0.155906 0 0 0
0.449976 -0.116693 0.155877 0 0 0
0.450671 -0.115331 0.155847 0 0 0
0.451289 -0.114125 0.155825 0 0 0
0.452996 -0.112670 0.156327 0 0 0
0.453611 -0.111470 0.156305 0 0 0
0.454277 -0.110101 0.156286 0 0 0
0.454961 -0.108749 0.156258 0 0 0
0.455655 -0.107389 0.156229 0 0 0
0.456273 -0.106190 0.156207 0 0 0
0.457971 -0.104748 0.156709 0 0 0
0.458586 -0.103550 0.156687 0 0 0
0.459279 -0.102192 0.156658 0 0 0
0.459964 -0.100849 0.156629 0 0 0
0.460650 -0.099505 0.156599 0 0 0
0.461338 -0.098154 0.156569 0 0 0
0.461947 -0.096868 0.156515 0 0 0
0.461900 -0.095240 0.155992 0 0 0
0.462515 -0.093944 0.155936 0 0 0
0.463154 -0.092657 0.155871 0 0 0
0.463044 -0.091076 0.155319 0 0 0
0.462960 -0.089499 0.154758 0 0 0
0.463578 -0.088198 0.154702 0 0 0
0.464195 -0.086902 0.154648 0 0 0
0.464161 -0.085250 0.154118 0 0 0
0.464803 -0.083965 0.154056 0 0 0
0.465497 -0.082605 0.154025 0 0 0
0.466189 -0.081253 0.153995 0 0 0
0.466906 -0.079909 0.153956 0 0 0
0.467602 -0.078553 0.153924 0 0 0
0.468219 -0.077266 0.153874 0 0 0
0.468192 -0.075573 0.153340 0 0 0
0.468765 -0.074360 0.153259 0 0 0
0.468742 -0.072664 0.152722 0 0 0
0.469363 -0.071372 0.152672 0 0 0
0.470058 -0.070007 0.152641 0 0 0
0.470751 -0.068650 0.152612 0 0 0
0.471443 -0.067292 0.152582 0 0 0
0.472136 -0.065934 0.152553 0 0 0
0.472828 -0.064577 0.152523 0 0 0
0.473521 -0.063219 0.152494 0 0 0
0.474213 -0.061862 0.152464 0 0 0
0.474906 -0.060504 0.152435 0 0 0
0.475598 -0.059146 0.152405 0 0 0
0.476290 -0.057789 0.152376 0 0 0
0.476984 -0.056431 0.152346 0 0 0
0.477703 -0.055084 0.152306 0 0 0
0.478398 -0.053731 0.152275 0 0 0
0.479090 -0.052373 0.152245 0 0 0
0.479783 -0.051015 0.152216 0 0 0
0.480475 -0.049658 0.152186 0 0 0
0.481166 -0.048301 0.152157 0 0 0
0.481832 -0.046932 0.152138 0 0 0
0.482550 -0.045581 0.152099 0 0 0
0.483244 -0.044228 0.152069 0 0 0
0.483940 -0.042861 0.152038 0 0 0
0.484561 -0.041585 0.151994 0 0 0
0.484559 -0.039806 0.151447 0 0 0
0.485188 -0.038518 0.151401 0 0 0
0.485840 -0.037244 0.151347 0 0 0
0.485822 -0.035430 0.150808 0 0 0
0.486393 -0.034278 0.150774 0 0 0
0.487968 -0.033051 0.151243 0 0 0
0.487900 -0.031359 0.150720 0 0 0
0.488524 -0.030075 0.150675 0 0 0
0.489222 -0.028704 0.150645 0 0 0
0.489923 -0.027331 0.150615 0 0 0
0.490565 -0.026095 0.150596 0 0 0
0.492171 -0.024804 0.151095 0 0 0
0.492816 -0.023560 0.151076 0 0 0
0.493463 -0.022317 0.151056 0 0 0
0.495065 -0.021033 0.151556 0 0 0
0.495701 -0.019804 0.151537 255 0 0
0.496372 -0.018422 0.151518 255 0 0
0.497070 -0.017050 0.151489 0 0 0
0.497710 -0.015821 0.151470 0 0 0
0.499303 -0.014552 0.151969 255 0 0
0.499939 -0.013325 0.151951 255 0 0
0.500609 -0.011945 0.151932 0 0 0
0.501299 -0.010587 0.151903 0 0 0
0.501990 -0.009232 0.151874 0 0 0
0.502686 -0.007862 0.151845 0 0 0
0.503303 -0.006619 0.151837 255 0 0
0.504836 -0.005474 0.152308 0 0 0
0.504822 -0.003727 0.151769 0 0 0
0.505442 -0.002465 0.151727 0 0 0
0.506137 -0.001100 0.151697 0 0 0
0.506831 0.000255 0.151666 0 0 0
0.507549 0.001598 0.151627 255 0 0
0.508247 0.002960 0.151595 255 0 0
0.508866 0.004214 0.151556 255 0 0
0.508872 0.006123 0.151009 255 0 0
0.509499 0.007390 0.150970 255 0 0
0.510152 0.008635 0.150952 255 0 0
0.511667 0.009749 0.151423 255 0 0
0.511672 0.011536 0.150880 0 0 0
0.512299 0.012805 0.150839 0 0 0
0.512951 0.014059 0.150789 255 0 0
0.512931 0.015877 0.150218 255 0 0
0.512940 0.017686 0.149636 0 0 0
0.513570 0.018959 0.149596 0 0 0
0.514199 0.020226 0.149557 255 0 0
0.514279 0.022142 0.148983 255 0 0
0.514904 0.023403 0.148945 255 0 0
0.515605 0.024778 0.148914 255 0 0
0.516306 0.026153 0.148885 255 0 0
0.516961 0.027402 0.148869 255 0 0
0.518470 0.028602 0.149375 255 0 0
0.519123 0.029846 0.149358 255 0 0
0.519823 0.031218 0.149329 255 0 0
0.520516 0.032583 0.149300 255 0 0
0.521193 0.033966 0.149280 0 0 0
0.521873 0.035202 0.149257 0 0 0
0.523298 0.036286 0.149748 0 0 0
0.523361 0.038124 0.149190 0 0 0
0.523986 0.039381 0.149152 0 0 0
0.524686 0.040754 0.149121 0 0 0
0.525381 0.042116 0.149092 0 0 0
0.526076 0.043478 0.149062 0 0 0
0.526777 0.044851 0.149032 0 0 0
0.527400 0.046101 0.148996 0 0 0
0.527503 0.048075 0.148416 0 0 0
0.528128 0.049329 0.148380 0 0 0
0.528829 0.050704 0.148350 0 0 0
0.529525 0.052069 0.148320 0 0 0
0.530221 0.053433 0.148291 0 0 0
0.530917 0.054798 0.148261 0 0 0
0.531613 0.056162 0.148231 0 0 0
0.532309 0.057527 0.148202 0 0 0
0.533005 0.058891 0.148172 0 0 0
0.533701 0.060256 0.148142 0 0 0
0.534397 0.061620 0.148113 0 0 0
0.535093 0.062985 0.148083 0 0 0
0.535789 0.064349 0.148053 0 0 0
0.536485 0.065714 0.148023 0 0 0
0.537181 0.067078 0.147994 0 0 0
0.537876 0.068443 0.147964 0 0 0
0.538572 0.069808 0.147934 0 0 0
0.539268 0.071172 0.147905 0 0 0
0.539963 0.072538 0.147875 0 0 0
0.540637 0.073915 0.147855 0 0 0
0.541353 0.075265 0.147816 0 0 0
0.542058 0.076642 0.147785 0 0 0
0.542685 0.077888 0.147751 0 0 0
0.542818 0.079941 0.147166 0 0 0
0.543375 0.081072 0.147128 0 0 0
0.543449 0.082998 0.146546 0 0 0
0.438430 -0.146904 0.157019 0 0 0
0.439031 -0.145726 0.156993 0 0 0
0.439724 -0.144368 0.156964 0 0 0
0.440408 -0.143027 0.156935 0 0 0
0.441092 -0.141686 0.156905 0 0 0
0.441776 -0.140344 0.156876 0 0 0
0.442460 -0.139003 0.156847 0 0 0
0.443145 -0.137661 0.156818 0 0 0
0.443829 -0.136320 0.156789 0 0 0
0.444513 -0.134979 0.156759 0 0 0
0.445195 -0.133632 0.156732 0 0 0
0.445850 -0.132282 0.156713 0 0 0
0.446534 -0.130940 0.156684 0 0 0
0.447222 -0.129606 0.156652 0 0 0
0.447933 -0.128271 0.156614 0 0 0
0.448620 -0.126924 0.156583 0 0 0
0.449226 -0.125623 0.156521 0 0 0
0.449161 -0.124081 0.156011 0 0 0
0.449772 -0.122783 0.155948 0 0 0
0.450486 -0.121440 0.155908 0 0 0
0.451173 -0.120097 0.155879 0 0 0
0.451858 -0.118753 0.155849 0 0 0
0.452543 -0.117410 0.155820 0 0 0
0.453228 -0.116066 0.155791 0 0 0
0.453912 -0.114717 0.155763 0 0 0
0.454576 -0.113350 0.155744 0 0 0
0.455190 -0.112153 0.155722 0 0 0
0.456924 -0.110716 0.156214 0 0 0
0.457538 -0.109522 0.156192 0 0 0
0.458228 -0.108167 0.156163 0 0 0
0.458881 -0.106811 0.156146 0 0 0
0.459534 -0.105454 0.156129 0 0 0
0.460216 -0.104113 0.156100 0 0 0
0.460901 -0.102772 0.156071 0 0 0
0.461585 -0.101430 0.156042 0 0 0
0.462269 -0.100089 0.156013 0 0 0
0.462953 -0.098747 0.155984 0 0 0
0.463641 -0.097412 0.155952 0 0 0
0.464357 -0.096072 0.155912 0 0 0
0.464992 -0.094800 0.155848 0 0 0
0.464925 -0.093163 0.155330 0 0 0
0.465565 -0.091880 0.155265 0 0 0
0.466206 -0.090600 0.155200 0 0 0
0.466169 -0.088959 0.154671 0 0 0
0.466785 -0.087667 0.154616 0 0 0
0.467425 -0.086378 0.154550 0 0 0
0.467344 -0.084863 0.154035 0 0 0
0.468851 -0.083569 0.154478 0 0 0
0.468699 -0.082100 0.153942 0 0 0
0.468592 -0.080480 0.153384 0 0 0
0.469207 -0.079191 0.153331 0 0 0
0.469904 -0.077830 0.153298 0 0 0
0.470547 -0.076556 0.153237 0 0 0
0.470522 -0.074875 0.152701 0 0 0
0.471166 -0.073597 0.152641 0 0 0
0.471860 -0.072237 0.152610 0 0 0
0.472550 -0.070884 0.152580 0 0 0
0.473240 -0.069531 0.152551 0 0 0
0.473930 -0.068178 0.152522 0 0 0
0.474620 -0.066825 0.152492 0 0 0
0.475310 -0.065472 0.152463 0 0 0
0.476000 -0.064119 0.152433 0 0 0
0.476690 -0.062766 0.152404 0 0 0
0.477381 -0.061413 0.152374 0 0 0
0.478071 -0.060061 0.152345 0 0 0
0.478766 -0.058699 0.152314 0 0 0
0.479410 -0.057433 0.152257 0 0 0
0.479369 -0.055684 0.151725 0 0 0
0.479988 -0.054405 0.151678 0 0 0
0.480682 -0.053041 0.151648 0 0 0
0.481373 -0.051686 0.151618 0 0 0
0.482071 -0.050318 0.151589 0 0 0
0.482705 -0.049095 0.151568 0 0 0
0.484291 -0.047848 0.152038 0 0 0
0.484209 -0.046199 0.151518 0 0 0
0.484855 -0.044929 0.151461 0 0 0
0.485552 -0.043569 0.151429 0 0 0
0.486245 -0.042217 0.151398 0 0 0
0.486966 -0.040863 0.151358 0 0 0
0.487587 -0.039593 0.151314 0 0 0
0.487561 -0.037797 0.150774 0 0 0
0.488208 -0.036533 0.150720 0 0 0
0.488905 -0.035163 0.150690 0 0 0
0.489572 -0.033798 0.150670 0 0 0
0.490289 -0.032452 0.150631 0 0 0
0.490983 -0.031094 0.150601 0 0 0
0.491676 -0.029736 0.150571 0 0 0
0.492374 -0.028367 0.150542 0 0 0
0.493012 -0.027137 0.150523 0 0 0
0.494615 -0.025848 0.151024 0 0 0
0.495224 -0.024610 0.151015 0 0 0
0.495919 -0.023237 0.150988 0 0 0
0.496590 -0.021858 0.150969 0 0 0
0.497225 -0.020631 0.150950 255 0 0
0.498853 -0.019370 0.151439 255 0 0
0.499486 -0.018148 0.151420 255 0 0
0.500153 -0.016766 0.151403 0 0 0
0.500821 -0.015386 0.151385 255 0 0
0.501455 -0.014162 0.151367 255 0 0
0.503044 -0.012898 0.151867 0 0 0
0.503679 -0.011679 0.151848 0 0 0
0.504374 -0.010316 0.151819 0 0 0
0.505063 -0.008966 0.151790 0 0 0
0.505751 -0.007612 0.151761 255 0 0
0.506414 -0.006252 0.151741 0 0 0
0.507128 -0.004914 0.151702 0 0 0
0.507819 -0.003563 0.151672 0 0 0
0.508512 -0.002202 0.151642 0 0 0
0.509127 -0.000955 0.151602 0 0 0
0.509161 0.000928 0.151043 0 0 0
0.509778 0.002180 0.151003 0 0 0
0.510477 0.003540 0.150971 255 0 0
0.511222 0.004868 0.150921 255 0 0
0.511916 0.006217 0.150890 0 0 0
0.512605 0.007573 0.150861 0 0 0
0.513270 0.008936 0.150841 0 0 0
0.513989 0.010287 0.150801 0 0 0
0.514609 0.011534 0.150762 0 0 0
0.514623 0.013458 0.150211 255 0 0
0.515269 0.014696 0.150162 0 0 0
0.515973 0.016073 0.150131 0 0 0
0.516591 0.017321 0.150093 0 0 0
0.516671 0.019232 0.149517 0 0 0
0.517291 0.020483 0.149479 255 0 0
0.517989 0.021851 0.149449 255 0 0
0.518682 0.023209 0.149419 255 0 0
0.519374 0.024566 0.149390 255 0 0
0.520067 0.025924 0.149360 255 0 0
0.520764 0.027292 0.149331 255 0 0
0.521415 0.028530 0.149315 255 0 0
0.522944 0.029707 0.149812 255 0 0
0.523567 0.030958 0.149806 255 0 0
0.524263 0.032325 0.149777 255 0 0
0.524954 0.033680 0.149748 0 0 0
0.525645 0.035036 0.149718 0 0 0
0.526337 0.036391 0.149689 0 0 0
0.527028 0.037746 0.149659 0 0 0
0.527719 0.039101 0.149630 0 0 0
0.528416 0.040468 0.149600 0 0 0
0.529034 0.041712 0.149563 0 0 0
0.529112 0.043569 0.149004 0 0 0
0.530441 0.044527 0.149483 0 0 0
0.530521 0.046387 0.148925 0 0 0
0.531140 0.047633 0.148888 0 0 0
0.531838 0.049002 0.148858 0 0 0
0.532531 0.050360 0.148828 0 0 0
0.533223 0.051717 0.148799 0 0 0
0.533916 0.053075 0.148769 0 0 0
0.534608 0.054432 0.148740 0 0 0
0.535303 0.055791 0.148709 0 0 0
0.536028 0.057145 0.148669 0 0 0
0.536649 0.058383 0.148633 0 0 0
0.536734 0.060401 0.148061 0 0 0
0.537355 0.061644 0.148026 0 0 0
0.538059 0.063024 0.147996 0 0 0
0.538722 0.064274 0.147984 0 0 0
0.540204 0.065378 0.148474 0 0 0
0.540865 0.066625 0.148461 0 0 0
0.541563 0.067992 0.148432 0 0 0
0.542255 0.069349 0.148402 0 0 0
0.542943 0.070706 0.148374 0 0 0
0.543611 0.072080 0.148355 0 0 0
0.544308 0.073451 0.148325 0 0 0
0.544929 0.074689 0.148290 0 0 0
0.544990 0.076614 0.147700 0 0 0
0.545053 0.078543 0.147109 0 0 0
0.545683 0.079800 0.147074 0 0 0
0.546312 0.081055 0.147039 0 0 0
0.546382 0.082967 0.146456 0 0 0
0.441043 -0.147512 0.156970 0 0 0
0.441640 -0.146342 0.156945 0 0 0
0.442331 -0.144988 0.156915 0 0 0
0.443012 -0.143651 0.156886 0 0 0
0.443694 -0.142315 0.156857 0 0 0
0.444376 -0.140978 0.156828 0 0 0
0.445058 -0.139641 0.156799 0 0 0
0.445740 -0.138305 0.156770 0 0 0
0.446421 -0.136968 0.156741 0 0 0
0.447103 -0.135631 0.156712 0 0 0
0.447785 -0.134294 0.156683 0 0 0
0.448467 -0.132958 0.156654 0 0 0
0.449149 -0.131621 0.156625 0 0 0
0.449831 -0.130284 0.156595 0 0 0
0.450512 -0.128947 0.156566 0 0 0
0.451196 -0.127604 0.156536 0 0 0
0.451799 -0.126308 0.156473 0 0 0
0.451765 -0.124785 0.155953 0 0 0
0.452370 -0.123486 0.155890 0 0 0
0.453055 -0.122140 0.155859 0 0 0
0.453738 -0.120801 0.155830 0 0 0
0.454421 -0.119462 0.155801 0 0 0
0.455104 -0.118123 0.155772 0 0 0
0.455787 -0.116784 0.155743 0 0 0
0.456470 -0.115445 0.155714 0 0 0
0.457153 -0.114106 0.155685 0 0 0
0.457834 -0.112762 0.155657 0 0 0
0.458487 -0.111413 0.155638 0 0 0
0.459177 -0.110060 0.155609 0 0 0
0.459788 -0.108869 0.155588 0 0 0
0.461485 -0.107422 0.156094 0 0 0
0.462095 -0.106238 0.156072 0 0 0
0.462785 -0.104887 0.156043 0 0 0
0.463467 -0.103550 0.156014 0 0 0
0.464149 -0.102213 0.155985 0 0 0
0.464830 -0.100876 0.155955 0 0 0
0.465512 -0.099540 0.155926 0 0 0
0.466197 -0.098195 0.155896 0 0 0
0.466800 -0.096920 0.155841 0 0 0
0.466762 -0.095299 0.155313 0 0 0
0.467427 -0.094029 0.155237 0 0 0
0.468040 -0.092753 0.155180 0 0 0
0.467972 -0.091103 0.154661 0 0 0
0.468638 -0.089833 0.154587 0 0 0
0.469253 -0.088555 0.154531 0 0 0
0.469189 -0.086893 0.154010 0 0 0
0.469851 -0.085626 0.153939 0 0 0
0.470521 -0.084267 0.153914 0 0 0
0.471157 -0.083000 0.153853 0 0 0
0.471125 -0.081331 0.153320 0 0 0
0.471737 -0.080051 0.153268 0 0 0
0.472429 -0.078689 0.153236 0 0 0
0.473042 -0.077412 0.153185 0 0 0
0.473044 -0.075743 0.152639 0 0 0
0.473665 -0.074449 0.152587 0 0 0
0.474292 -0.073234 0.152565 0 0 0
0.475917 -0.071838 0.153083 0 0 0
0.476539 -0.070635 0.153062 0 0 0
0.477233 -0.069276 0.153032 0 0 0
0.477919 -0.067930 0.153003 0 0 0
0.478606 -0.066584 0.152974 0 0 0
0.479296 -0.065229 0.152944 0 0 0
0.479907 -0.063960 0.152895 0 0 0
0.479921 -0.062253 0.152343 0 0 0
0.480538 -0.060971 0.152293 0 0 0
0.481155 -0.059693 0.152244 0 0 0
0.481144 -0.057964 0.151700 0 0 0
0.481787 -0.056700 0.151642 0 0 0
0.482481 -0.055341 0.151611 0 0 0
0.483170 -0.053990 0.151582 0 0 0
0.483859 -0.052640 0.151553 0 0 0
0.484548 -0.051289 0.151523 0 0 0
0.485235 -0.049935 0.151495 0 0 0
0.485904 -0.048568 0.151473 0 0 0
0.486572 -0.047322 0.151408 0 0 0
0.486542 -0.045546 0.150870 0 0 0
0.487161 -0.044275 0.150824 0 0 0
0.487883 -0.042924 0.150783 0 0 0
0.488574 -0.041575 0.150753 0 0 0
0.489267 -0.040226 0.150722 0 0 0
0.489984 -0.038884 0.150682 0 0 0
0.490676 -0.037531 0.150652 0 0 0
0.491366 -0.036178 0.150623 0 0 0
0.492056 -0.034825 0.150593 0 0 0
0.492746 -0.033472 0.150564 0 0 0
0.493436 -0.032119 0.150534 0 0 0
0.494126 -0.030767 0.150505 0 0 0
0.494816 -0.029414 0.150475 0 0 0
0.495509 -0.028046 0.150448 0 0 0
0.496089 -0.026798 0.150449 0 0 0
0.497687 -0.025509 0.150954 0 0 0
0.498319 -0.024289 0.150935 0 0 0
0.499014 -0.022926 0.150906 0 0 0
0.499702 -0.021573 0.150877 255 0 0
0.500371 -0.020193 0.150858 255 0 0
0.500977 -0.018998 0.150834 255 0 0
0.503395 -0.017987 0.151915 0 0 0
0.504002 -0.016798 0.151889 0 0 0
0.504722 -0.015449 0.151850 0 0 0
0.505381 -0.014093 0.151830 0 0 0
0.506067 -0.012744 0.151802 0 0 0
0.506753 -0.011398 0.151773 0 0 0
0.507440 -0.010052 0.151743 0 0 0
0.508126 -0.008706 0.151714 0 0 0
0.508813 -0.007360 0.151685 0 0 0
0.509499 -0.006014 0.151656 0 0 0
0.510186 -0.004668 0.151626 0 0 0
0.510875 -0.003322 0.151596 0 0 0
0.511590 -0.001989 0.151556 0 0 0
0.512282 -0.000636 0.151525 0 0 0
0.512894 0.000608 0.151485 0 0 0
0.512861 0.002398 0.150914 0 0 0
0.512829 0.004193 0.150342 255 0 0
0.513445 0.005442 0.150302 0 0 0
0.514139 0.006803 0.150272 0 0 0
0.514829 0.008154 0.150242 0 0 0
0.515516 0.009505 0.150213 0 0 0
0.516207 0.010853 0.150182 0 0 0
0.516923 0.012190 0.150142 255 0 0
0.517614 0.013541 0.150112 0 0 0
0.518303 0.014892 0.150083 0 0 0
0.518993 0.016242 0.150053 0 0 0
0.519682 0.017592 0.150024 0 0 0
0.520376 0.018954 0.149994 255 0 0
0.520991 0.020194 0.149956 255 0 0
0.521075 0.022112 0.149378 255 0 0
0.521692 0.023356 0.149340 255 0 0
0.522387 0.024720 0.149310 255 0 0
0.523077 0.026073 0.149281 255 0 0
0.523772 0.027438 0.149252 255 0 0
0.524394 0.028685 0.149247 255 0 0
0.525919 0.029860 0.149745 255 0 0
0.526564 0.031088 0.149730 255 0 0
0.527259 0.032449 0.149701 0 0 0
0.527948 0.033800 0.149671 0 0 0
0.528637 0.035150 0.149642 0 0 0
0.529326 0.036501 0.149613 0 0 0
0.530015 0.037852 0.149583 0 0 0
0.530704 0.039202 0.149554 0 0 0
0.531392 0.040553 0.149524 0 0 0
0.532087 0.041916 0.149494 0 0 0
0.532701 0.043148 0.149459 0 0 0
0.532805 0.045118 0.148876 0 0 0
0.533423 0.046355 0.148840 0 0 0
0.534118 0.047720 0.148810 0 0 0
0.534808 0.049073 0.148780 0 0 0
0.535499 0.050426 0.148751 0 0 0
0.536189 0.051778 0.148721 0 0 0
0.536888 0.053143 0.148690 0 0 0
0.537532 0.054363 0.148645 0 0 0
0.537585 0.056387 0.148083 0 0 0
0.538205 0.057622 0.148047 0 0 0
0.538928 0.058974 0.148007 0 0 0
0.539622 0.060330 0.147976 0 0 0
0.540313 0.061685 0.147947 0 0 0
0.541003 0.063042 0.147918 0 0 0
0.541670 0.064413 0.147898 0 0 0
0.542356 0.065767 0.147870 0 0 0
0.543048 0.067123 0.147841 0 0 0
0.543745 0.068487 0.147812 0 0 0
0.544407 0.069733 0.147800 0 0 0
0.545875 0.070821 0.148290 0 0 0
0.546544 0.072076 0.148278 0 0 0
0.547193 0.073299 0.148234 0 0 0
0.547292 0.075348 0.147657 0 0 0
0.547918 0.076593 0.147622 0 0 0
0.548541 0.077836 0.147588 0 0 0
0.548682 0.079895 0.146998 0 0 0
0.549227 0.081005 0.146960 0 0 0
0.549304 0.082930 0.146375 0 0 0
0.444330 -0.146785 0.156901 0 0 0
0.444923 -0.145623 0.156876 0 0 0
0.445611 -0.144273 0.156846 0 0 0
0.446291 -0.142941 0.156817 0 0 0
0.446970 -0.141609 0.156788 0 0 0
0.447649 -0.140277 0.156759 0 0 0
0.448329 -0.138944 0.156730 0 0 0
0.449008 -0.137612 0.156701 0 0 0
0.449688 -0.136280 0.156672 0 0 0
0.450367 -0.134948 0.156643 0 0 0
0.451047 -0.133616 0.156614 0 0 0
0.451726 -0.132284 0.156585 0 0 0
0.452406 -0.130952 0.156556 0 0 0
0.453085 -0.129620 0.156527 0 0 0
0.453764 -0.128288 0.156498 0 0 0
0.454444 -0.126956 0.156469 0 0 0
0.455126 -0.125617 0.156439 0 0 0
0.455726 -0.124329 0.156376 0 0 0
0.455695 -0.122800 0.155854 0 0 0
0.456296 -0.121509 0.155791 0 0 0
0.456979 -0.120168 0.155761 0 0 0
0.457660 -0.118833 0.155732 0 0 0
0.458340 -0.117499 0.155703 0 0 0
0.459021 -0.116164 0.155674 0 0 0
0.459701 -0.114830 0.155645 0 0 0
0.460382 -0.113496 0.155616 0 0 0
0.461071 -0.112146 0.155586 0 0 0
0.461679 -0.110965 0.155564 0 0 0
0.463342 -0.109499 0.156085 0 0 0
0.463948 -0.108322 0.156064 0 0 0
0.464636 -0.106974 0.156034 0 0 0
0.465315 -0.105642 0.156005 0 0 0
0.465994 -0.104310 0.155976 0 0 0
0.466673 -0.102978 0.155948 0 0 0
0.467353 -0.101646 0.155919 0 0 0
0.468033 -0.100314 0.155890 0 0 0
0.468712 -0.098982 0.155861 0 0 0
0.469402 -0.097633 0.155830 0 0 0
0.470025 -0.096474 0.155793 0 0 0
0.469113 -0.094482 0.154656 0 0 0
0.469719 -0.093305 0.154625 0 0 0
0.470388 -0.092034 0.154551 0 0 0
0.470322 -0.090383 0.154030 0 0 0
0.470935 -0.089106 0.153973 0 0 0
0.471600 -0.087843 0.153900 0 0 0
0.471537 -0.086179 0.153377 0 0 0
0.472146 -0.084903 0.153324 0 0 0
0.472835 -0.083559 0.153292 0 0 0
0.473548 -0.082227 0.153253 0 0 0
0.474233 -0.080885 0.153223 0 0 0
0.474920 -0.079535 0.153193 0 0 0
0.475529 -0.078265 0.153141 0 0 0
0.475539 -0.076584 0.152594 0 0 0
0.476085 -0.075456 0.152550 0 0 0
0.477713 -0.074047 0.153069 0 0 0
0.478330 -0.072851 0.153048 0 0 0
0.479022 -0.071496 0.153019 0 0 0
0.479706 -0.070154 0.152990 0 0 0
0.480390 -0.068813 0.152960 0 0 0
0.481074 -0.067472 0.152931 0 0 0
0.481759 -0.066131 0.152902 0 0 0
0.482447 -0.064780 0.152872 0 0 0
0.483055 -0.063518 0.152823 0 0 0
0.483071 -0.061810 0.152269 0 0 0
0.483685 -0.060535 0.152219 0 0 0
0.484299 -0.059263 0.152170 0 0 0
0.484319 -0.057544 0.151615 0 0 0
0.484931 -0.056277 0.151567 0 0 0
0.485621 -0.054922 0.151536 0 0 0
0.486308 -0.053576 0.151507 0 0 0
0.486996 -0.052230 0.151477 0 0 0
0.487715 -0.050886 0.151437 0 0 0
0.488330 -0.049629 0.151389 0 0 0
0.488298 -0.047858 0.150851 0 0 0
0.488971 -0.046604 0.150784 0 0 0
0.489593 -0.045337 0.150736 0 0 0
0.489560 -0.043550 0.150197 0 0 0
0.490176 -0.042283 0.150152 0 0 0
0.490868 -0.040923 0.150122 0 0 0
0.491556 -0.039572 0.150093 0 0 0
0.492245 -0.038222 0.150064 0 0 0
0.492934 -0.036871 0.150035 0 0 0
0.493623 -0.035520 0.150005 0 0 0
0.494312 -0.034170 0.149976 0 0 0
0.495001 -0.032819 0.149946 0 0 0
0.495690 -0.031469 0.149917 0 0 0
0.496385 -0.030106 0.149888 0 0 0
0.497020 -0.028886 0.149869 0 0 0
0.498571 -0.027717 0.150384 0 0 0
0.500117 -0.026553 0.150898 0 0 0
0.500720 -0.025326 0.150891 0 0 0
0.501412 -0.023964 0.150863 0 0 0
0.502105 -0.022606 0.150833 0 0 0
0.502738 -0.021394 0.150816 255 0 0
0.504247 -0.020226 0.151342 255 0 0
0.505792 -0.019067 0.151854 255 0 0
0.506344 -0.017957 0.151824 255 0 0
0.506297 -0.016213 0.151296 0 0 0
0.507835 -0.015056 0.151769 0 0 0
0.508437 -0.013833 0.151762 0 0 0
0.509126 -0.012476 0.151734 0 0 0
0.509810 -0.011135 0.151705 0 0 0
0.510494 -0.009794 0.151676 0 0 0
0.511178 -0.008453 0.151647 0 0 0
0.511863 -0.007111 0.151618 0 0 0
0.512554 -0.005759 0.151587 0 0 0
0.513191 -0.004536 0.151536 0 0 0
0.513196 -0.002648 0.150985 0 0 0
0.513835 -0.001421 0.150935 0 0 0
0.514529 -0.000075 0.150902 0 0 0
0.515248 0.001267 0.150861 0 0 0
0.515861 0.002504 0.150821 0 0 0
0.515900 0.004397 0.150258 0 0 0
0.516517 0.005647 0.150219 0 0 0
0.517159 0.006875 0.150202 0 0 0
0.518716 0.008091 0.150702 0 0 0
0.519352 0.009306 0.150686 0 0 0
0.520040 0.010660 0.150658 0 0 0
0.520705 0.012031 0.150638 0 0 0
0.521342 0.013253 0.150590 0 0 0
0.521392 0.015168 0.150023 0 0 0
0.522003 0.016403 0.149985 0 0 0
0.522694 0.017761 0.149955 0 0 0
0.523381 0.019107 0.149925 255 0 0
0.524068 0.020452 0.149896 255 0 0
0.524757 0.021799 0.149866 255 0 0
0.525473 0.023131 0.149826 255 0 0
0.526161 0.024473 0.149795 255 0 0
0.526847 0.025819 0.149766 255 0 0
0.527534 0.027165 0.149736 255 0 0
0.528216 0.028511 0.149709 255 0 0
0.528874 0.029873 0.149690 255 0 0
0.529560 0.031221 0.149662 0 0 0
0.530252 0.032577 0.149633 0 0 0
0.530901 0.033803 0.149620 0 0 0
0.532337 0.034855 0.150104 0 0 0
0.532382 0.036719 0.149553 0 0 0
0.532951 0.037826 0.149532 0 0 0
0.534444 0.039022 0.150039 0 0 0
0.535010 0.040119 0.150019 0 0 0
0.535122 0.042096 0.149435 0 0 0
0.535733 0.043322 0.149399 0 0 0
0.536426 0.044680 0.149369 0 0 0
0.537112 0.046026 0.149339 0 0 0
0.537804 0.047385 0.149309 0 0 0
0.538417 0.048610 0.149274 0 0 0
0.538534 0.050606 0.148687 0 0 0
0.539069 0.051709 0.148647 0 0 0
0.539160 0.053727 0.148070 0 0 0
0.539802 0.054943 0.148025 0 0 0
0.540499 0.056307 0.147994 0 0 0
0.541189 0.057657 0.147965 0 0 0
0.541878 0.059007 0.147935 0 0 0
0.542567 0.060358 0.147906 0 0 0
0.543256 0.061709 0.147876 0 0 0
0.543944 0.063059 0.147847 0 0 0
0.544633 0.064410 0.147818 0 0 0
0.545322 0.065761 0.147788 0 0 0
0.546017 0.067120 0.147759 0 0 0
0.546675 0.068360 0.147749 0 0 0
0.548144 0.069460 0.148241 0 0 0
0.548699 0.070583 0.148235 0 0 0
0.548805 0.072640 0.147658 0 0 0
0.549446 0.073851 0.147613 0 0 0
0.550145 0.075215 0.147582 0 0 0
0.550840 0.076578 0.147552 0 0 0
0.551453 0.077801 0.147519 0 0 0
0.551602 0.079862 0.146925 0 0 0
0.552169 0.080948 0.146878 0 0 0
0.552217 0.082886 0.146302 0 0 0
0.446929 -0.147391 0.156869 0 0 0
0.447518 -0.146237 0.156843 0 0 0
0.448204 -0.144891 0.156814 0 0 0
0.448881 -0.143564 0.156785 0 0 0
0.449558 -0.142236 0.156756 0 0 0
0.450235 -0.140909 0.156728 0 0 0
0.450912 -0.139581 0.156699 0 0 0
0.451590 -0.138254 0.156670 0 0 0
0.452267 -0.136926 0.156641 0 0 0
0.452944 -0.135599 0.156612 0 0 0
0.453621 -0.134271 0.156583 0 0 0
0.454298 -0.132944 0.156554 0 0 0
0.454975 -0.131617 0.156525 0 0 0
0.455652 -0.130289 0.156496 0 0 0
0.456329 -0.128962 0.156468 0 0 0
0.457006 -0.127634 0.156439 0 0 0
0.457687 -0.126300 0.156408 0 0 0
0.458311 -0.125026 0.156336 0 0 0
0.458253 -0.123492 0.155822 0 0 0
0.458851 -0.122207 0.155759 0 0 0
0.459531 -0.120870 0.155728 0 0 0
0.460209 -0.119540 0.155700 0 0 0
0.460887 -0.118211 0.155671 0 0 0
0.461566 -0.116881 0.155642 0 0 0
0.462244 -0.115551 0.155613 0 0 0
0.462930 -0.114206 0.155584 0 0 0
0.463535 -0.113033 0.155562 0 0 0
0.465234 -0.111581 0.156071 0 0 0
0.465836 -0.110409 0.156050 0 0 0
0.466520 -0.109067 0.156021 0 0 0
0.467173 -0.107713 0.156004 0 0 0
0.467775 -0.106536 0.155984 0 0 0
0.469469 -0.105089 0.156491 0 0 0
0.469989 -0.103983 0.156443 0 0 0
0.469949 -0.102360 0.155919 0 0 0
0.470545 -0.101094 0.155862 0 0 0
0.471229 -0.099750 0.155830 0 0 0
0.471855 -0.098495 0.155765 0 0 0
0.471791 -0.096862 0.155244 0 0 0
0.472367 -0.095677 0.155142 0 0 0
0.472260 -0.094103 0.154583 0 0 0
0.472149 -0.092531 0.154025 0 0 0
0.472782 -0.091259 0.153959 0 0 0
0.473388 -0.089984 0.153903 0 0 0
0.473356 -0.088342 0.153369 0 0 0
0.473988 -0.087079 0.153306 0 0 0
0.474675 -0.085735 0.153275 0 0 0
0.475357 -0.084398 0.153246 0 0 0
0.476039 -0.083061 0.153217 0 0 0
0.476721 -0.081725 0.153188 0 0 0
0.477402 -0.080388 0.153159 0 0 0
0.478084 -0.079051 0.153130 0 0 0
0.478766 -0.077715 0.153101 0 0 0
0.479456 -0.076364 0.153071 0 0 0
0.480070 -0.075175 0.153051 0 0 0
0.481691 -0.073777 0.153572 0 0 0
0.482304 -0.072592 0.153552 0 0 0
0.482992 -0.071244 0.153523 0 0 0
0.483677 -0.069900 0.153493 0 0 0
0.484280 -0.068645 0.153442 0 0 0
0.484294 -0.066952 0.152890 0 0 0
0.484898 -0.065693 0.152840 0 0 0
0.485584 -0.064347 0.152810 0 0 0
0.486270 -0.063001 0.152780 0 0 0
0.486875 -0.061747 0.152731 0 0 0
0.486898 -0.060024 0.152174 0 0 0
0.487429 -0.058851 0.152107 0 0 0
0.487454 -0.057120 0.151548 0 0 0
0.488063 -0.055860 0.151500 0 0 0
0.488757 -0.054500 0.151468 0 0 0
0.489394 -0.053255 0.151411 0 0 0
0.489357 -0.051492 0.150874 0 0 0
0.489976 -0.050227 0.150824 0 0 0
0.490647 -0.048982 0.150757 0 0 0
0.490616 -0.047208 0.150217 0 0 0
0.491232 -0.045951 0.150169 0 0 0
0.491980 -0.044618 0.150118 0 0 0
0.492671 -0.043278 0.150086 0 0 0
0.493358 -0.041931 0.150057 0 0 0
0.494044 -0.040585 0.150027 0 0 0
0.494731 -0.039239 0.149998 0 0 0
0.495418 -0.037894 0.149969 0 0 0
0.496104 -0.036548 0.149940 0 0 0
0.496791 -0.035202 0.149910 0 0 0
0.497477 -0.033856 0.149881 0 0 0
0.498164 -0.032510 0.149852 0 0 0
0.498854 -0.031152 0.149823 0 0 0
0.499454 -0.029926 0.149816 0 0 0
0.501055 -0.028616 0.150325 0 0 0
0.501570 -0.027519 0.150338 0 0 0
0.503201 -0.026235 0.150834 0 0 0
0.503798 -0.025016 0.150826 0 0 0
0.504494 -0.023646 0.150798 0 0 0
0.505121 -0.022439 0.150781 255 0 0
0.506677 -0.021148 0.151298 255 0 0
0.507274 -0.019930 0.151292 255 0 0
0.507962 -0.018583 0.151263 255 0 0
0.508680 -0.017241 0.151224 0 0 0
0.509281 -0.016023 0.151216 0 0 0
0.510860 -0.014763 0.151721 0 0 0
0.511486 -0.013565 0.151704 0 0 0
0.512174 -0.012215 0.151675 0 0 0
0.512857 -0.010879 0.151646 0 0 0
0.513539 -0.009542 0.151617 0 0 0
0.514225 -0.008194 0.151587 0 0 0
0.514831 -0.006964 0.151546 0 0 0
0.514873 -0.005086 0.150981 0 0 0
0.515460 -0.003988 0.150909 0 0 0
0.515472 -0.002086 0.150355 0 0 0
0.516081 -0.000850 0.150315 0 0 0
0.516769 0.000503 0.150286 0 0 0
0.517455 0.001841 0.150255 0 0 0
0.518168 0.003168 0.150215 0 0 0
0.518855 0.004510 0.150185 0 0 0
0.519538 0.005854 0.150157 0 0 0
0.520193 0.007210 0.150139 0 0 0
0.520880 0.008562 0.150111 0 0 0
0.521518 0.009777 0.150096 0 0 0
0.523022 0.010865 0.150569 0 0 0
0.522999 0.012667 0.150033 0 0 0
0.523636 0.013888 0.149982 0 0 0
0.524328 0.015241 0.149952 0 0 0
0.525012 0.016582 0.149922 0 0 0
0.525696 0.017923 0.149893 255 0 0
0.526389 0.019277 0.149862 255 0 0
0.527026 0.020489 0.149814 255 0 0
0.527050 0.022439 0.149256 255 0 0
0.527661 0.023669 0.149219 255 0 0
0.528351 0.025024 0.149189 255 0 0
0.529043 0.026379 0.149160 255 0 0
0.529684 0.027598 0.149145 255 0 0
0.531237 0.028751 0.149633 255 0 0
0.531849 0.029982 0.149630 255 0 0
0.532538 0.031337 0.149601 0 0 0
0.533227 0.032691 0.149573 0 0 0
0.533843 0.033922 0.149570 0 0 0
0.535352 0.035079 0.150069 0 0 0
0.535992 0.036293 0.150056 0 0 0
0.536680 0.037644 0.150027 0 0 0
0.537363 0.038983 0.149998 0 0 0
0.538053 0.040334 0.149968 0 0 0
0.538660 0.041550 0.149932 0 0 0
0.538767 0.043519 0.149346 0 0 0
0.539374 0.044738 0.149310 0 0 0
0.540070 0.046104 0.149280 0 0 0
0.540679 0.047323 0.149244 0 0 0
0.540789 0.049302 0.148657 0 0 0
0.541400 0.050525 0.148621 0 0 0
0.542092 0.051880 0.148591 0 0 0
0.542783 0.053236 0.148561 0 0 0
0.543394 0.054456 0.148526 0 0 0
0.543512 0.056453 0.147937 0 0 0
0.544122 0.057675 0.147903 0 0 0
0.544814 0.059034 0.147873 0 0 0
0.545507 0.060389 0.147844 0 0 0
0.546160 0.061619 0.147833 0 0 0
0.547642 0.062732 0.148326 0 0 0
0.548216 0.063832 0.148310 0 0 0
0.548318 0.065877 0.147732 0 0 0
0.548932 0.067108 0.147699 0 0 0
0.549569 0.068370 0.147698 0 0 0
0.551030 0.069453 0.148190 0 0 0
0.551719 0.070680 0.148169 0 0 0
0.552336 0.071901 0.148135 0 0 0
0.552437 0.073955 0.147555 0 0 0
0.553050 0.075173 0.147521 0 0 0
0.553779 0.076532 0.147479 0 0 0
0.554388 0.077716 0.147452 0 0 0
0.553780 0.080319 0.146296 0 0 0
0.554426 0.081513 0.146259 0 0 0
0.555046 0.082722 0.146231 0 0 0
0.449521 -0.147994 0.156844 0 0 0
0.450108 -0.146848 0.156819 0 0 0
0.450823 -0.145514 0.156780 0 0 0
0.451503 -0.144200 0.156748 0 0 0
0.452178 -0.142877 0.156719 0 0 0
0.452853 -0.141554 0.156690 0 0 0
0.453526 -0.140232 0.156662 0 0 0
0.454168 -0.138899 0.156644 0 0 0
0.454840 -0.137569 0.156617 0 0 0
0.455514 -0.136246 0.156589 0 0 0
0.456189 -0.134924 0.156560 0 0 0
0.456864 -0.133601 0.156531 0 0 0
0.457539 -0.132278 0.156502 0 0 0
0.458213 -0.130955 0.156474 0 0 0
0.458888 -0.129632 0.156445 0 0 0
0.459566 -0.128303 0.156414 0 0 0
0.460187 -0.127034 0.156342 0 0 0
0.460100 -0.125499 0.155836 0 0 0
0.460722 -0.124227 0.155764 0 0 0
0.461401 -0.122894 0.155733 0 0 0
0.462077 -0.121569 0.155704 0 0 0
0.462753 -0.120244 0.155675 0 0 0
0.463429 -0.118919 0.155647 0 0 0
0.464105 -0.117594 0.155618 0 0 0
0.464781 -0.116269 0.155589 0 0 0
0.465456 -0.114944 0.155560 0 0 0
0.466130 -0.113613 0.155533 0 0 0
0.466773 -0.112277 0.155515 0 0 0
0.467456 -0.110937 0.155487 0 0 0
0.468057 -0.109767 0.155466 0 0 0
0.469786 -0.108343 0.155963 0 0 0
0.470350 -0.107161 0.155955 0 0 0
0.470998 -0.105804 0.155940 0 0 0
0.471677 -0.104490 0.155908 0 0 0
0.472414 -0.103185 0.155858 0 0 0
0.473097 -0.101862 0.155825 0 0 0
0.473689 -0.100604 0.155770 0 0 0
0.473620 -0.098969 0.155251 0 0 0
0.474192 -0.097792 0.155149 0 0 0
0.474134 -0.096148 0.154624 0 0 0
0.474709 -0.094970 0.154523 0 0 0
0.474678 -0.093336 0.153989 0 0 0
0.475277 -0.092071 0.153933 0 0 0
0.475958 -0.090733 0.153903 0 0 0
0.476640 -0.089394 0.153873 0 0 0
0.477239 -0.088134 0.153819 0 0 0
0.477239 -0.086497 0.153274 0 0 0
0.477840 -0.085233 0.153220 0 0 0
0.478530 -0.083878 0.153189 0 0 0
0.479141 -0.082697 0.153169 0 0 0
0.480769 -0.081287 0.153692 0 0 0
0.481377 -0.080110 0.153672 0 0 0
0.482063 -0.078765 0.153643 0 0 0
0.482749 -0.077421 0.153614 0 0 0
0.483359 -0.076242 0.153594 0 0 0
0.484977 -0.074845 0.154117 0 0 0
0.485585 -0.073670 0.154097 0 0 0
0.486274 -0.072318 0.154067 0 0 0
0.486871 -0.071072 0.154016 0 0 0
0.486886 -0.069386 0.153463 0 0 0
0.487485 -0.068136 0.153412 0 0 0
0.488168 -0.066797 0.153382 0 0 0
0.488850 -0.065457 0.153352 0 0 0
0.489449 -0.064212 0.153303 0 0 0
0.489472 -0.062496 0.152746 0 0 0
0.489996 -0.061333 0.152677 0 0 0
0.490026 -0.059598 0.152117 0 0 0
0.490551 -0.058434 0.152050 0 0 0
0.490583 -0.056692 0.151488 0 0 0
0.491111 -0.055526 0.151422 0 0 0
0.491111 -0.053776 0.150871 0 0 0
0.491753 -0.052522 0.150812 0 0 0
0.492395 -0.051272 0.150754 0 0 0
0.492364 -0.049509 0.150212 0 0 0
0.493007 -0.048254 0.150154 0 0 0
0.493650 -0.047002 0.150097 0 0 0
0.493619 -0.045223 0.149555 0 0 0
0.494230 -0.043965 0.149510 0 0 0
0.494919 -0.042612 0.149480 0 0 0
0.495604 -0.041268 0.149450 0 0 0
0.496289 -0.039925 0.149421 0 0 0
0.496975 -0.038581 0.149392 0 0 0
0.497660 -0.037237 0.149363 0 0 0
0.498345 -0.035893 0.149333 0 0 0
0.499031 -0.034550 0.149304 0 0 0
0.499723 -0.033194 0.149275 0 0 0
0.500350 -0.031985 0.149256 0 0 0
0.501991 -0.030691 0.149753 0 0 0
0.502531 -0.029613 0.149754 0 0 0
0.504135 -0.028301 0.150262 0 0 0
0.504644 -0.027205 0.150279 0 0 0
0.506241 -0.025908 0.150789 0 0 0
0.506870 -0.024696 0.150771 0 0 0
0.507503 -0.023481 0.150755 0 0 0
0.509007 -0.022322 0.151284 0 0 0
0.510540 -0.021178 0.151802 255 0 0
0.511132 -0.019970 0.151797 0 0 0
0.511817 -0.018621 0.151769 0 0 0
0.512496 -0.017289 0.151740 0 0 0
0.513182 -0.015944 0.151711 0 0 0
0.513808 -0.014750 0.151695 0 0 0
0.515305 -0.013592 0.152181 0 0 0
0.515288 -0.011869 0.151639 0 0 0
0.515888 -0.010640 0.151596 0 0 0
0.516577 -0.009284 0.151565 0 0 0
0.517179 -0.008058 0.151523 0 0 0
0.517173 -0.006308 0.150937 0 0 0
0.517138 -0.004538 0.150360 0 0 0
0.517772 -0.003319 0.150307 0 0 0
0.518461 -0.001971 0.150277 0 0 0
0.519143 -0.000634 0.150248 0 0 0
0.519825 0.000702 0.150218 0 0 0
0.520506 0.002039 0.150189 0 0 0
0.521188 0.003376 0.150160 0 0 0
0.521870 0.004712 0.150131 0 0 0
0.522552 0.006049 0.150102 0 0 0
0.523234 0.007386 0.150073 0 0 0
0.523914 0.008725 0.150045 0 0 0
0.524568 0.010074 0.150026 0 0 0
0.525275 0.011396 0.149987 0 0 0
0.525960 0.012733 0.149957 0 0 0
0.526642 0.014070 0.149928 0 0 0
0.527325 0.015406 0.149898 255 0 0
0.528012 0.016755 0.149869 255 0 0
0.528615 0.017974 0.149831 255 0 0
0.528673 0.019903 0.149259 255 0 0
0.529309 0.021113 0.149211 255 0 0
0.530000 0.022464 0.149180 255 0 0
0.530684 0.023803 0.149151 255 0 0
0.531367 0.025142 0.149122 255 0 0
0.532054 0.026494 0.149094 255 0 0
0.532665 0.027723 0.149090 255 0 0
0.534181 0.028891 0.149592 255 0 0
0.534818 0.030099 0.149578 0 0 0
0.535512 0.031458 0.149550 0 0 0
0.536151 0.032670 0.149537 0 0 0
0.537637 0.033855 0.150049 0 0 0
0.538233 0.034934 0.150054 0 0 0
0.539631 0.036001 0.150550 0 0 0
0.539707 0.037837 0.149987 0 0 0
0.540315 0.039063 0.149949 0 0 0
0.540922 0.040285 0.149912 0 0 0
0.541031 0.042252 0.149325 0 0 0
0.541636 0.043465 0.149288 0 0 0
0.542330 0.044828 0.149258 0 0 0
0.542933 0.046038 0.149223 0 0 0
0.543047 0.048017 0.148634 0 0 0
0.543654 0.049232 0.148598 0 0 0
0.544347 0.050584 0.148567 0 0 0
0.545066 0.051920 0.148526 0 0 0
0.545673 0.053130 0.148490 0 0 0
0.545761 0.055143 0.147912 0 0 0
0.546399 0.056344 0.147865 0 0 0
0.547085 0.057693 0.147836 0 0 0
0.547742 0.059052 0.147818 0 0 0
0.548423 0.060397 0.147790 0 0 0
0.549084 0.061757 0.147771 0 0 0
0.549788 0.063077 0.147733 0 0 0
0.550475 0.064417 0.147702 0 0 0
0.551167 0.065771 0.147673 0 0 0
0.551825 0.067000 0.147666 0 0 0
0.553205 0.067966 0.148146 0 0 0
0.553251 0.069917 0.147604 0 0 0
0.553860 0.071129 0.147569 0 0 0
0.554589 0.072481 0.147526 0 0 0
0.555228 0.073676 0.147481 0 0 0
0.555301 0.075749 0.146911 0 0 0
0.555917 0.076974 0.146876 0 0 0
0.556562 0.078185 0.146831 0 0 0
0.556707 0.080233 0.146235 0 0 0
0.557317 0.081449 0.146202 0 0 0
0.558022 0.082825 0.146170 0 0 0
0.558657 0.083995 0.146133 0 0 0
0.452682 -0.147300 0.156747 0 0 0
0.452545 -0.146008 0.156266 0 0 0
0.453128 -0.144705 0.156192 0 0 0
0.453804 -0.143377 0.156162 0 0 0
0.454486 -0.142040 0.156133 0 0 0
0.455079 -0.140881 0.156111 0 0 0
0.456806 -0.139378 0.156624 0 0 0
0.457398 -0.138226 0.156602 0 0 0
0.458079 -0.136891 0.156574 0 0 0
0.458752 -0.135573 0.156545 0 0 0
0.459424 -0.134255 0.156516 0 0 0
0.460096 -0.132936 0.156487 0 0 0
0.460769 -0.131618 0.156459 0 0 0
0.461443 -0.130292 0.156429 0 0 0
0.462031 -0.129021 0.156364 0 0 0
0.461974 -0.127502 0.155850 0 0 0
0.462593 -0.126234 0.155776 0 0 0
0.463270 -0.124906 0.155746 0 0 0
0.463944 -0.123586 0.155717 0 0 0
0.464617 -0.122266 0.155688 0 0 0
0.465291 -0.120945 0.155659 0 0 0
0.465964 -0.119625 0.155631 0 0 0
0.466638 -0.118304 0.155602 0 0 0
0.467311 -0.116984 0.155573 0 0 0
0.467985 -0.115663 0.155545 0 0 0
0.468658 -0.114343 0.155516 0 0 0
0.469331 -0.113022 0.155487 0 0 0
0.470005 -0.111702 0.155458 0 0 0
0.470684 -0.110359 0.155431 0 0 0
0.471249 -0.109186 0.155422 0 0 0
0.472939 -0.107744 0.155935 0 0 0
0.473538 -0.106580 0.155913 0 0 0
0.474135 -0.105310 0.155854 0 0 0
0.474089 -0.103708 0.155329 0 0 0
0.474680 -0.102449 0.155272 0 0 0
0.475366 -0.101120 0.155238 0 0 0
0.476018 -0.099884 0.155161 0 0 0
0.475957 -0.098255 0.154637 0 0 0
0.476528 -0.097084 0.154535 0 0 0
0.476466 -0.095445 0.154010 0 0 0
0.477091 -0.094196 0.153945 0 0 0
0.477771 -0.092862 0.153914 0 0 0
0.478447 -0.091537 0.153885 0 0 0
0.479123 -0.090212 0.153857 0 0 0
0.479799 -0.088887 0.153828 0 0 0
0.480476 -0.087562 0.153799 0 0 0
0.481151 -0.086237 0.153770 0 0 0
0.481827 -0.084912 0.153741 0 0 0
0.482503 -0.083586 0.153712 0 0 0
0.483178 -0.082261 0.153684 0 0 0
0.483854 -0.080936 0.153655 0 0 0
0.484538 -0.079595 0.153626 0 0 0
0.485144 -0.078425 0.153606 0 0 0
0.486763 -0.077024 0.154131 0 0 0
0.487366 -0.075857 0.154111 0 0 0
0.488049 -0.074519 0.154082 0 0 0
0.488723 -0.073196 0.154053 0 0 0
0.489398 -0.071873 0.154025 0 0 0
0.490077 -0.070540 0.153995 0 0 0
0.490671 -0.069302 0.153944 0 0 0
0.490689 -0.067611 0.153389 0 0 0
0.491285 -0.066369 0.153339 0 0 0
0.491969 -0.065024 0.153308 0 0 0
0.492565 -0.063786 0.153258 0 0 0
0.492588 -0.062079 0.152701 0 0 0
0.493190 -0.060827 0.152650 0 0 0
0.493792 -0.059577 0.152600 0 0 0
0.493822 -0.057849 0.152040 0 0 0
0.494343 -0.056692 0.151971 0 0 0
0.494301 -0.055033 0.151389 0 0 0
0.494182 -0.053464 0.150791 0 0 0
0.494107 -0.051794 0.150219 0 0 0
0.494746 -0.050542 0.150159 0 0 0
0.495356 -0.049285 0.150111 0 0 0
0.495361 -0.047528 0.149556 0 0 0
0.496028 -0.046299 0.149488 0 0 0
0.496720 -0.044956 0.149456 0 0 0
0.497403 -0.043617 0.149427 0 0 0
0.498086 -0.042278 0.149398 0 0 0
0.498769 -0.040939 0.149368 0 0 0
0.499452 -0.039600 0.149339 0 0 0
0.500135 -0.038261 0.149310 0 0 0
0.500818 -0.036922 0.149281 0 0 0
0.501501 -0.035583 0.149252 0 0 0
0.502184 -0.034244 0.149223 0 0 0
0.502865 -0.032901 0.149195 0 0 0
0.503521 -0.031536 0.149178 0 0 0
0.504117 -0.030314 0.149176 0 0 0
0.505625 -0.029137 0.149707 0 0 0
0.507112 -0.028107 0.150236 0 0 0
0.508651 -0.026953 0.150757 0 0 0
0.509249 -0.025733 0.150751 0 0 0
0.509875 -0.024522 0.150736 0 0 0
0.511435 -0.023217 0.151257 0 0 0
0.511964 -0.022156 0.151263 255 0 0
0.513587 -0.020894 0.151759 0 0 0
0.514173 -0.019693 0.151753 0 0 0
0.514856 -0.018348 0.151726 0 0 0
0.515533 -0.017021 0.151697 0 0 0
0.516209 -0.015690 0.151669 0 0 0
0.516856 -0.014352 0.151650 0 0 0
0.517561 -0.013039 0.151611 0 0 0
0.518241 -0.011711 0.151581 0 0 0
0.518927 -0.010372 0.151551 0 0 0
0.519555 -0.009166 0.151497 0 0 0
0.519517 -0.007405 0.150921 0 0 0
0.519512 -0.005653 0.150332 0 0 0
0.520114 -0.004427 0.150289 0 0 0
0.520798 -0.003084 0.150259 0 0 0
0.521478 -0.001752 0.150230 0 0 0
0.522157 -0.000419 0.150201 0 0 0
0.522837 0.000913 0.150172 0 0 0
0.523516 0.002245 0.150143 0 0 0
0.524195 0.003577 0.150114 0 0 0
0.524875 0.004909 0.150085 0 0 0
0.525561 0.006253 0.150057 0 0 0
0.526190 0.007450 0.150042 0 0 0
0.527737 0.008656 0.150545 0 0 0
0.528364 0.009851 0.150530 0 0 0
0.529055 0.011205 0.150501 0 0 0
0.529654 0.012417 0.150462 0 0 0
0.529705 0.014339 0.149893 255 0 0
0.530305 0.015553 0.149854 255 0 0
0.530990 0.016898 0.149825 255 0 0
0.531670 0.018229 0.149796 255 0 0
0.532355 0.019574 0.149766 255 0 0
0.532955 0.020785 0.149728 255 0 0
0.533050 0.022709 0.149143 255 0 0
0.533659 0.023935 0.149105 255 0 0
0.534300 0.025152 0.149091 255 0 0
0.535787 0.026339 0.149605 255 0 0
0.536426 0.027554 0.149593 255 0 0
0.537067 0.028768 0.149580 0 0 0
0.538547 0.029946 0.150093 0 0 0
0.539180 0.031147 0.150081 0 0 0
0.539871 0.032500 0.150053 0 0 0
0.540505 0.033702 0.150041 0 0 0
0.541983 0.034884 0.150552 0 0 0
0.542537 0.035950 0.150532 0 0 0
0.542652 0.037921 0.149944 0 0 0
0.543249 0.039124 0.149908 0 0 0
0.543934 0.040467 0.149879 0 0 0
0.544619 0.041810 0.149849 0 0 0
0.545219 0.043012 0.149813 0 0 0
0.545339 0.045000 0.149222 0 0 0
0.545860 0.046074 0.149180 0 0 0
0.545990 0.048084 0.148588 0 0 0
0.546510 0.049159 0.148547 0 0 0
0.546601 0.051180 0.147967 0 0 0
0.547214 0.052401 0.147931 0 0 0
0.547851 0.053606 0.147884 0 0 0
0.547951 0.055632 0.147304 0 0 0
0.548522 0.056725 0.147287 0 0 0
0.550003 0.057843 0.147783 0 0 0
0.550656 0.059072 0.147772 0 0 0
0.551265 0.060290 0.147737 0 0 0
0.551340 0.062207 0.147181 0 0 0
0.552724 0.063185 0.147664 0 0 0
0.553377 0.064405 0.147656 0 0 0
0.554064 0.065754 0.147628 0 0 0
0.554719 0.067106 0.147609 0 0 0
0.555425 0.068424 0.147570 0 0 0
0.556117 0.069776 0.147540 0 0 0
0.556719 0.070979 0.147506 0 0 0
0.556826 0.073030 0.146922 0 0 0
0.557460 0.074221 0.146878 0 0 0
0.558164 0.075589 0.146845 0 0 0
0.558798 0.076779 0.146800 0 0 0
0.558907 0.078841 0.146216 0 0 0
0.559522 0.080065 0.146182 0 0 0
0.560137 0.081287 0.146148 0 0 0
0.560259 0.083376 0.145562 0 0 0
0.560811 0.084407 0.145522 0 0 0
0.455256 -0.147887 0.156729 0 0 0
0.455103 -0.146788 0.156265 0 0 0
0.456626 -0.145295 0.156660 0 0 0
0.456445 -0.144152 0.156204 0 0 0
0.458071 -0.142656 0.156659 0 0 0
0.458659 -0.141508 0.156638 0 0 0
0.459338 -0.140177 0.156609 0 0 0
0.460007 -0.138864 0.156581 0 0 0
0.460642 -0.137540 0.156564 0 0 0
0.461309 -0.136218 0.156538 0 0 0
0.461978 -0.134905 0.156509 0 0 0
0.462648 -0.133592 0.156481 0 0 0
0.463318 -0.132278 0.156452 0 0 0
0.463988 -0.130965 0.156423 0 0 0
0.464659 -0.129651 0.156395 0 0 0
0.465333 -0.128330 0.156364 0 0 0
0.465948 -0.127075 0.156291 0 0 0
0.465893 -0.125550 0.155774 0 0 0
0.466479 -0.124283 0.155710 0 0 0
0.467152 -0.122959 0.155680 0 0 0
0.467823 -0.121643 0.155652 0 0 0
0.468494 -0.120327 0.155623 0 0 0
0.469165 -0.119011 0.155594 0 0 0
0.469837 -0.117695 0.155566 0 0 0
0.470517 -0.116363 0.155537 0 0 0
0.471110 -0.115212 0.155516 0 0 0
0.472768 -0.113739 0.156044 0 0 0
0.473360 -0.112592 0.156023 0 0 0
0.474039 -0.111262 0.155995 0 0 0
0.474709 -0.109948 0.155966 0 0 0
0.475378 -0.108634 0.155937 0 0 0
0.476048 -0.107321 0.155909 0 0 0
0.476721 -0.105998 0.155879 0 0 0
0.477308 -0.104750 0.155820 0 0 0
0.477303 -0.103155 0.155280 0 0 0
0.477807 -0.101973 0.155194 0 0 0
0.477775 -0.100349 0.154659 0 0 0
0.478313 -0.099175 0.154565 0 0 0
0.478282 -0.097553 0.154030 0 0 0
0.478904 -0.096308 0.153964 0 0 0
0.479583 -0.094979 0.153933 0 0 0
0.480257 -0.093659 0.153904 0 0 0
0.480930 -0.092338 0.153876 0 0 0
0.481603 -0.091018 0.153847 0 0 0
0.482277 -0.089697 0.153818 0 0 0
0.482950 -0.088377 0.153790 0 0 0
0.483624 -0.087056 0.153761 0 0 0
0.484306 -0.085720 0.153732 0 0 0
0.484907 -0.084557 0.153712 0 0 0
0.486531 -0.083145 0.154239 0 0 0
0.487130 -0.081987 0.154219 0 0 0
0.487811 -0.080652 0.154190 0 0 0
0.488483 -0.079334 0.154162 0 0 0
0.489163 -0.078000 0.154133 0 0 0
0.489764 -0.076840 0.154114 0 0 0
0.491379 -0.075444 0.154640 0 0 0
0.491978 -0.074288 0.154621 0 0 0
0.492661 -0.072946 0.154591 0 0 0
0.493250 -0.071715 0.154539 0 0 0
0.493269 -0.070033 0.153985 0 0 0
0.493863 -0.068789 0.153932 0 0 0
0.494456 -0.067548 0.153881 0 0 0
0.494478 -0.065852 0.153324 0 0 0
0.495076 -0.064608 0.153272 0 0 0
0.495706 -0.063377 0.153210 0 0 0
0.495704 -0.061647 0.152660 0 0 0
0.496247 -0.060514 0.152581 0 0 0
0.496249 -0.058765 0.152029 0 0 0
0.496766 -0.057617 0.151959 0 0 0
0.496724 -0.055965 0.151378 0 0 0
0.496683 -0.054308 0.150794 0 0 0
0.497206 -0.053155 0.150726 0 0 0
0.497241 -0.051408 0.150161 0 0 0
0.497854 -0.050148 0.150112 0 0 0
0.498484 -0.048983 0.150074 0 0 0
0.497663 -0.046819 0.148917 0 0 0
0.498263 -0.045645 0.148890 0 0 0
0.498953 -0.044292 0.148861 0 0 0
0.499635 -0.042955 0.148832 0 0 0
0.500316 -0.041618 0.148803 0 0 0
0.500998 -0.040281 0.148773 0 0 0
0.501680 -0.038944 0.148744 0 0 0
0.502362 -0.037608 0.148715 0 0 0
0.503044 -0.036271 0.148686 0 0 0
0.503725 -0.034934 0.148657 0 0 0
0.504414 -0.033585 0.148628 0 0 0
0.505040 -0.032385 0.148610 0 0 0
0.506585 -0.031218 0.149134 0 0 0
0.508036 -0.030175 0.149677 0 0 0
0.509581 -0.029001 0.150201 0 0 0
0.510080 -0.027927 0.150217 0 0 0
0.511714 -0.026635 0.150718 0 0 0
0.512238 -0.025579 0.150723 0 0 0
0.513829 -0.024291 0.151234 0 0 0
0.514418 -0.023076 0.151230 0 0 0
0.515010 -0.021861 0.151226 0 0 0
0.516622 -0.020617 0.151723 0 0 0
0.517208 -0.019422 0.151717 0 0 0
0.517918 -0.018097 0.151679 0 0 0
0.518562 -0.016764 0.151661 0 0 0
0.519235 -0.015437 0.151633 0 0 0
0.519912 -0.014114 0.151603 0 0 0
0.520625 -0.012794 0.151562 0 0 0
0.521222 -0.011589 0.151520 0 0 0
0.521224 -0.009698 0.150965 0 0 0
0.521771 -0.008612 0.150902 0 0 0
0.521849 -0.006749 0.150322 0 0 0
0.522447 -0.005533 0.150280 0 0 0
0.523133 -0.004193 0.150249 0 0 0
0.523842 -0.002880 0.150209 0 0 0
0.524522 -0.001557 0.150178 0 0 0
0.525195 -0.000231 0.150151 0 0 0
0.525840 0.001114 0.150134 0 0 0
0.526515 0.002444 0.150106 0 0 0
0.527192 0.003772 0.150077 0 0 0
0.527869 0.005099 0.150048 0 0 0
0.528545 0.006429 0.150020 0 0 0
0.529191 0.007774 0.150003 0 0 0
0.529863 0.009100 0.149975 0 0 0
0.530541 0.010428 0.149947 0 0 0
0.531220 0.011751 0.149916 0 0 0
0.531929 0.013064 0.149876 0 0 0
0.532609 0.014391 0.149846 255 0 0
0.533289 0.015719 0.149816 255 0 0
0.533999 0.017031 0.149775 255 0 0
0.534673 0.018353 0.149746 255 0 0
0.535325 0.019711 0.149729 255 0 0
0.535922 0.020919 0.149691 0 0 0
0.536026 0.022855 0.149105 255 0 0
0.536576 0.023930 0.149084 255 0 0
0.538066 0.025130 0.149598 255 0 0
0.538702 0.026338 0.149586 255 0 0
0.539340 0.027548 0.149574 255 0 0
0.540818 0.028727 0.150089 0 0 0
0.541454 0.029930 0.150077 0 0 0
0.542093 0.031134 0.150065 0 0 0
0.543564 0.032304 0.150579 0 0 0
0.544199 0.033509 0.150567 0 0 0
0.544800 0.034714 0.150530 0 0 0
0.544907 0.036670 0.149941 0 0 0
0.545504 0.037867 0.149904 0 0 0
0.546186 0.039205 0.149875 0 0 0
0.546872 0.040545 0.149844 0 0 0
0.547499 0.041723 0.149797 0 0 0
0.547589 0.043726 0.149216 0 0 0
0.548136 0.044776 0.149163 0 0 0
0.548229 0.046785 0.148581 0 0 0
0.548866 0.047983 0.148533 0 0 0
0.549474 0.049191 0.148496 0 0 0
0.549563 0.051201 0.147914 0 0 0
0.550192 0.052386 0.147868 0 0 0
0.550880 0.053728 0.147837 0 0 0
0.551560 0.055060 0.147808 0 0 0
0.552239 0.056392 0.147779 0 0 0
0.552918 0.057725 0.147750 0 0 0
0.553597 0.059057 0.147721 0 0 0
0.554277 0.060388 0.147692 0 0 0
0.554957 0.061721 0.147663 0 0 0
0.555630 0.063052 0.147636 0 0 0
0.556280 0.064403 0.147619 0 0 0
0.556963 0.065738 0.147589 0 0 0
0.557667 0.067051 0.147550 0 0 0
0.558323 0.068400 0.147530 0 0 0
0.559038 0.069730 0.147490 0 0 0
0.559640 0.070924 0.147455 0 0 0
0.559753 0.072996 0.146870 0 0 0
0.560271 0.074057 0.146833 0 0 0
0.560389 0.076132 0.146246 0 0 0
0.561021 0.077319 0.146202 0 0 0
0.561721 0.078684 0.146170 0 0 0
0.562323 0.079885 0.146137 0 0 0
0.562470 0.081939 0.145538 0 0 0
0.563086 0.083163 0.145504 0 0 0
0.563692 0.084349 0.145478 0 0 0
0.457720 -0.147078 0.156193 0 0 0
0.458268 -0.145952 0.156176 0 0 0
0.458975 -0.144620 0.156139 0 0 0
0.459610 -0.143299 0.156122 0 0 0
0.460278 -0.141989 0.156094 0 0 0
0.460956 -0.140660 0.156065 0 0 0
0.461543 -0.139516 0.156044 0 0 0
0.463306 -0.138038 0.156545 0 0 0
0.463891 -0.136897 0.156525 0 0 0
0.464568 -0.135571 0.156496 0 0 0
0.465236 -0.134262 0.156467 0 0 0
0.465902 -0.132954 0.156439 0 0 0
0.466535 -0.131634 0.156422 0 0 0
0.467235 -0.130317 0.156384 0 0 0
0.467819 -0.129069 0.156318 0 0 0
0.467727 -0.127532 0.155813 0 0 0
0.468339 -0.126279 0.155739 0 0 0
0.469012 -0.124960 0.155709 0 0 0
0.469681 -0.123649 0.155680 0 0 0
0.470349 -0.122338 0.155652 0 0 0
0.471018 -0.121026 0.155623 0 0 0
0.471687 -0.119715 0.155595 0 0 0
0.472365 -0.118387 0.155566 0 0 0
0.472955 -0.117243 0.155545 0 0 0
0.474615 -0.115773 0.156074 0 0 0
0.475200 -0.114627 0.156055 0 0 0
0.475877 -0.113301 0.156026 0 0 0
0.476544 -0.111992 0.155998 0 0 0
0.477212 -0.110683 0.155969 0 0 0
0.477880 -0.109374 0.155941 0 0 0
0.478547 -0.108066 0.155912 0 0 0
0.479220 -0.106748 0.155882 0 0 0
0.479834 -0.105516 0.155813 0 0 0
0.479795 -0.103924 0.155284 0 0 0
0.480384 -0.102670 0.155223 0 0 0
0.481004 -0.101428 0.155154 0 0 0
0.480968 -0.099822 0.154622 0 0 0
0.481556 -0.098568 0.154563 0 0 0
0.482146 -0.097315 0.154505 0 0 0
0.482146 -0.095708 0.153961 0 0 0
0.482742 -0.094445 0.153904 0 0 0
0.483342 -0.093281 0.153883 0 0 0
0.484879 -0.091903 0.154371 0 0 0
0.484777 -0.090601 0.153867 0 0 0
0.486311 -0.089227 0.154354 0 0 0
0.486907 -0.088076 0.154335 0 0 0
0.487586 -0.086746 0.154306 0 0 0
0.488265 -0.085416 0.154277 0 0 0
0.488861 -0.084264 0.154258 0 0 0
0.490482 -0.082859 0.154785 0 0 0
0.491075 -0.081706 0.154767 0 0 0
0.491752 -0.080378 0.154739 0 0 0
0.492421 -0.079067 0.154710 0 0 0
0.493090 -0.077756 0.154681 0 0 0
0.493758 -0.076444 0.154653 0 0 0
0.494427 -0.075133 0.154624 0 0 0
0.495102 -0.073811 0.154594 0 0 0
0.495720 -0.072599 0.154532 0 0 0
0.495705 -0.070907 0.153987 0 0 0
0.496291 -0.069680 0.153936 0 0 0
0.496965 -0.068356 0.153906 0 0 0
0.497646 -0.067023 0.153877 0 0 0
0.498224 -0.065888 0.153850 0 0 0
0.497422 -0.063780 0.152677 0 0 0
0.497953 -0.062741 0.152620 0 0 0
0.497959 -0.061000 0.152067 0 0 0
0.498587 -0.059769 0.152006 0 0 0
0.499187 -0.058527 0.151954 0 0 0
0.499140 -0.056891 0.151373 0 0 0
0.499100 -0.055236 0.150788 0 0 0
0.499618 -0.054091 0.150719 0 0 0
0.499659 -0.052337 0.150152 0 0 0
0.500179 -0.051193 0.150086 0 0 0
0.500190 -0.049419 0.149528 0 0 0
0.500744 -0.048285 0.149453 0 0 0
0.500788 -0.046525 0.148883 0 0 0
0.501389 -0.045285 0.148836 0 0 0
0.502073 -0.043942 0.148806 0 0 0
0.502752 -0.042610 0.148777 0 0 0
0.503434 -0.041278 0.148747 0 0 0
0.504146 -0.039959 0.148707 0 0 0
0.504825 -0.038633 0.148677 0 0 0
0.505479 -0.037272 0.148660 0 0 0
0.506096 -0.036080 0.148643 0 0 0
0.507695 -0.034784 0.149156 0 0 0
0.508286 -0.033569 0.149150 0 0 0
0.508909 -0.032362 0.149134 0 0 0
0.510474 -0.031041 0.149660 0 0 0
0.510996 -0.029986 0.149666 0 0 0
0.512599 -0.028670 0.150180 0 0 0
0.513120 -0.027623 0.150186 0 0 0
0.514720 -0.026315 0.150699 0 0 0
0.515240 -0.025268 0.150706 0 0 0
0.516830 -0.023985 0.151217 0 0 0
0.517447 -0.022792 0.151202 0 0 0
0.518039 -0.021585 0.151199 0 0 0
0.519530 -0.020417 0.151685 0 0 0
0.519463 -0.018858 0.151164 0 0 0
0.520955 -0.017694 0.151650 0 0 0
0.521574 -0.016506 0.151634 0 0 0
0.522171 -0.015289 0.151593 0 0 0
0.522201 -0.013433 0.151028 0 0 0
0.522796 -0.012230 0.150985 0 0 0
0.523517 -0.010899 0.150941 0 0 0
0.524145 -0.009707 0.150888 0 0 0
0.524184 -0.007844 0.150319 0 0 0
0.524817 -0.006637 0.150265 0 0 0
0.525419 -0.005422 0.150223 0 0 0
0.525419 -0.003524 0.149668 0 0 0
0.526022 -0.002300 0.149628 0 0 0
0.526649 -0.001101 0.149612 0 0 0
0.528241 0.000099 0.150106 0 0 0
0.528860 0.001282 0.150091 0 0 0
0.529543 0.002618 0.150062 0 0 0
0.530217 0.003941 0.150033 0 0 0
0.530892 0.005263 0.150004 0 0 0
0.531567 0.006586 0.149976 0 0 0
0.532241 0.007909 0.149947 0 0 0
0.532916 0.009232 0.149918 0 0 0
0.533591 0.010554 0.149889 0 0 0
0.534266 0.011878 0.149860 0 0 0
0.534941 0.013213 0.149832 255 0 0
0.535502 0.014429 0.149806 255 0 0
0.535564 0.016374 0.149234 255 0 0
0.536110 0.017442 0.149211 255 0 0
0.537650 0.018651 0.149714 255 0 0
0.538193 0.019709 0.149692 0 0 0
0.538304 0.021656 0.149105 255 0 0
0.538851 0.022724 0.149083 255 0 0
0.540348 0.023939 0.149600 255 0 0
0.540926 0.024990 0.149603 255 0 0
0.542412 0.026184 0.150120 255 0 0
0.543037 0.027371 0.150109 0 0 0
0.543723 0.028716 0.150081 0 0 0
0.544351 0.029904 0.150070 0 0 0
0.545820 0.031074 0.150585 0 0 0
0.546453 0.032270 0.150573 0 0 0
0.547048 0.033468 0.150537 0 0 0
0.547159 0.035423 0.149946 0 0 0
0.547752 0.036613 0.149909 0 0 0
0.548443 0.037962 0.149877 0 0 0
0.549067 0.039133 0.149830 0 0 0
0.549123 0.041148 0.149259 0 0 0
0.549694 0.042173 0.149195 0 0 0
0.549765 0.044209 0.148621 0 0 0
0.550339 0.045236 0.148558 0 0 0
0.550399 0.047268 0.147987 0 0 0
0.551004 0.048475 0.147950 0 0 0
0.551639 0.049668 0.147902 0 0 0
0.551729 0.051677 0.147320 0 0 0
0.552329 0.052877 0.147285 0 0 0
0.553013 0.054220 0.147255 0 0 0
0.553691 0.055550 0.147226 0 0 0
0.554370 0.056879 0.147197 0 0 0
0.555048 0.058209 0.147168 0 0 0
0.555726 0.059539 0.147139 0 0 0
0.556411 0.060879 0.147111 0 0 0
0.557056 0.062088 0.147101 0 0 0
0.558559 0.063167 0.147585 0 0 0
0.559120 0.064237 0.147570 0 0 0
0.559178 0.066198 0.147028 0 0 0
0.560495 0.067012 0.147485 0 0 0
0.560547 0.068967 0.146943 0 0 0
0.561147 0.070161 0.146907 0 0 0
0.561863 0.071486 0.146866 0 0 0
0.562545 0.072817 0.146836 0 0 0
0.563224 0.074146 0.146807 0 0 0
0.563902 0.075476 0.146778 0 0 0
0.564587 0.076820 0.146749 0 0 0
0.565187 0.078012 0.146715 0 0 0
0.565336 0.080065 0.146114 0 0 0
0.565934 0.081259 0.146081 0 0 0
0.566630 0.082623 0.146051 0 0 0
0.567222 0.083785 0.146026 0 0 0
0.460331 -0.147700 0.156184 0 0 0
0.460905 -0.146588 0.156157 0 0 0
0.461582 -0.145260 0.156129 0 0 0
0.462248 -0.143953 0.156100 0 0 0
0.462915 -0.142647 0.156072 0 0 0
0.463580 -0.141341 0.156044 0 0 0
0.464206 -0.140015 0.156030 0 0 0
0.464834 -0.138689 0.156015 0 0 0
0.465499 -0.137384 0.155987 0 0 0
0.466165 -0.136077 0.155959 0 0 0
0.466841 -0.134753 0.155930 0 0 0
0.467425 -0.133615 0.155910 0 0 0
0.469080 -0.132190 0.156366 0 0 0
0.468921 -0.130821 0.155887 0 0 0
0.469501 -0.129561 0.155815 0 0 0
0.470203 -0.128255 0.155774 0 0 0
0.470871 -0.126949 0.155745 0 0 0
0.471537 -0.125642 0.155717 0 0 0
0.472204 -0.124336 0.155688 0 0 0
0.472870 -0.123029 0.155660 0 0 0
0.473537 -0.121722 0.155632 0 0 0
0.474203 -0.120416 0.155603 0 0 0
0.474878 -0.119092 0.155575 0 0 0
0.475463 -0.117950 0.155556 0 0 0
0.477123 -0.116485 0.156085 0 0 0
0.477705 -0.115346 0.156066 0 0 0
0.478379 -0.114024 0.156037 0 0 0
0.479045 -0.112720 0.156009 0 0 0
0.479710 -0.111416 0.155980 0 0 0
0.480375 -0.110111 0.155952 0 0 0
0.481044 -0.108797 0.155922 0 0 0
0.481622 -0.107561 0.155863 0 0 0
0.481583 -0.105976 0.155333 0 0 0
0.482199 -0.104736 0.155263 0 0 0
0.482784 -0.103490 0.155202 0 0 0
0.482748 -0.101892 0.154670 0 0 0
0.483362 -0.100661 0.154602 0 0 0
0.484038 -0.099333 0.154570 0 0 0
0.484622 -0.098097 0.154513 0 0 0
0.484631 -0.096475 0.153967 0 0 0
0.485140 -0.095402 0.153919 0 0 0
0.486776 -0.093963 0.154448 0 0 0
0.487365 -0.092815 0.154429 0 0 0
0.488042 -0.091490 0.154400 0 0 0
0.488709 -0.090181 0.154372 0 0 0
0.489376 -0.088872 0.154344 0 0 0
0.490044 -0.087563 0.154315 0 0 0
0.490720 -0.086238 0.154287 0 0 0
0.491312 -0.085088 0.154268 0 0 0
0.492932 -0.083687 0.154796 0 0 0
0.493521 -0.082541 0.154778 0 0 0
0.494199 -0.081218 0.154749 0 0 0
0.494898 -0.079924 0.154710 0 0 0
0.495532 -0.078611 0.154692 0 0 0
0.496198 -0.077298 0.154664 0 0 0
0.496904 -0.075993 0.154622 0 0 0
0.497488 -0.074783 0.154570 0 0 0
0.497434 -0.073076 0.154037 0 0 0
0.498049 -0.071866 0.153975 0 0 0
0.498723 -0.070547 0.153945 0 0 0
0.499393 -0.069238 0.153916 0 0 0
0.500100 -0.067932 0.153874 0 0 0
0.500694 -0.066712 0.153814 0 0 0
0.500633 -0.065102 0.153240 0 0 0
0.500544 -0.063466 0.152670 0 0 0
0.501136 -0.062230 0.152617 0 0 0
0.501760 -0.061008 0.152554 0 0 0
0.501679 -0.059366 0.151982 0 0 0
0.501635 -0.057722 0.151397 0 0 0
0.502145 -0.056585 0.151326 0 0 0
0.502108 -0.054933 0.150739 0 0 0
0.502069 -0.053275 0.150153 0 0 0
0.502582 -0.052138 0.150085 0 0 0
0.502628 -0.050376 0.149515 0 0 0
0.503146 -0.049239 0.149449 0 0 0
0.503189 -0.047482 0.148879 0 0 0
0.503788 -0.046248 0.148832 0 0 0
0.504469 -0.044910 0.148802 0 0 0
0.505151 -0.043571 0.148772 0 0 0
0.505749 -0.042341 0.148726 0 0 0
0.505765 -0.040544 0.148167 0 0 0
0.506301 -0.039454 0.148133 0 0 0
0.507909 -0.038139 0.148647 0 0 0
0.508529 -0.036941 0.148630 0 0 0
0.509121 -0.035729 0.148624 0 0 0
0.510724 -0.034423 0.149138 0 0 0
0.511275 -0.033386 0.149134 0 0 0
0.512786 -0.032204 0.149671 0 0 0
0.514319 -0.031052 0.150196 0 0 0
0.514905 -0.029847 0.150192 0 0 0
0.515523 -0.028653 0.150177 0 0 0
0.517081 -0.027346 0.150703 0 0 0
0.517627 -0.026322 0.150699 0 0 0
0.519182 -0.025021 0.151224 0 0 0
0.519798 -0.023838 0.151209 0 0 0
0.520418 -0.022652 0.151195 0 0 0
0.521911 -0.021486 0.151681 0 0 0
0.521843 -0.019933 0.151160 0 0 0
0.523329 -0.018772 0.151647 0 0 0
0.523910 -0.017587 0.151643 0 0 0
0.524626 -0.016258 0.151603 0 0 0
0.525214 -0.015066 0.151560 0 0 0
0.525252 -0.013194 0.150992 0 0 0
0.525757 -0.012113 0.150939 0 0 0
0.525805 -0.010227 0.150367 0 0 0
0.526343 -0.009157 0.150303 0 0 0
0.526389 -0.007271 0.149732 0 0 0
0.526985 -0.006071 0.149690 0 0 0
0.527697 -0.004753 0.149648 0 0 0
0.528374 -0.003432 0.149619 0 0 0
0.529046 -0.002109 0.149591 0 0 0
0.529687 -0.000771 0.149574 0 0 0
0.530355 0.000549 0.149547 0 0 0
0.531029 0.001870 0.149518 0 0 0
0.531703 0.003190 0.149489 0 0 0
0.532376 0.004511 0.149461 0 0 0
0.533049 0.005832 0.149432 0 0 0
0.533723 0.007152 0.149403 0 0 0
0.534396 0.008473 0.149374 0 0 0
0.535070 0.009793 0.149346 0 0 0
0.535751 0.011126 0.149317 0 0 0
0.536373 0.012310 0.149304 255 0 0
0.537905 0.013498 0.149810 255 0 0
0.538526 0.014675 0.149797 255 0 0
0.539206 0.016006 0.149769 255 0 0
0.539884 0.017339 0.149739 255 0 0
0.540472 0.018533 0.149700 255 0 0
0.540537 0.020321 0.149134 0 0 0
0.541934 0.021402 0.149636 255 0 0
0.542566 0.022598 0.149625 255 0 0
0.543198 0.023794 0.149614 255 0 0
0.544681 0.024989 0.150133 255 0 0
0.545254 0.026027 0.150138 0 0 0
0.546733 0.027218 0.150656 0 0 0
0.547355 0.028392 0.150645 0 0 0
0.548032 0.029719 0.150616 0 0 0
0.548702 0.031032 0.150588 0 0 0
0.549383 0.032361 0.150557 0 0 0
0.550003 0.033522 0.150509 0 0 0
0.550092 0.035512 0.149926 0 0 0
0.550626 0.036540 0.149872 0 0 0
0.550683 0.038566 0.149300 0 0 0
0.551221 0.039599 0.149247 0 0 0
0.551326 0.041615 0.148659 0 0 0
0.551897 0.042634 0.148595 0 0 0
0.551957 0.044657 0.148022 0 0 0
0.552586 0.045832 0.147974 0 0 0
0.553311 0.047165 0.147930 0 0 0
0.553906 0.048350 0.147894 0 0 0
0.553991 0.050359 0.147312 0 0 0
0.554587 0.051552 0.147276 0 0 0
0.555270 0.052891 0.147247 0 0 0
0.555946 0.054216 0.147218 0 0 0
0.556622 0.055541 0.147189 0 0 0
0.557297 0.056866 0.147160 0 0 0
0.557973 0.058191 0.147131 0 0 0
0.558649 0.059516 0.147102 0 0 0
0.559324 0.060844 0.147074 0 0 0
0.559970 0.062188 0.147057 0 0 0
0.560641 0.063509 0.147029 0 0 0
0.561347 0.064818 0.146989 0 0 0
0.561999 0.066161 0.146970 0 0 0
0.562700 0.067466 0.146931 0 0 0
0.563381 0.068793 0.146900 0 0 0
0.564056 0.070118 0.146872 0 0 0
0.564732 0.071443 0.146843 0 0 0
0.565408 0.072768 0.146814 0 0 0
0.566084 0.074093 0.146785 0 0 0
0.566767 0.075433 0.146756 0 0 0
0.567363 0.076618 0.146722 0 0 0
0.567510 0.078668 0.146121 0 0 0
0.568108 0.079857 0.146087 0 0 0
0.568792 0.081198 0.146057 0 0 0
0.569478 0.082544 0.146028 0 0 0
0.570068 0.083698 0.146003 0 0 0
0.461936 -0.148188 0.155650 0 0 0
0.462508 -0.147072 0.155625 0 0 0
0.463183 -0.145747 0.155596 0 0 0
0.463849 -0.144443 0.155567 0 0 0
0.464524 -0.143121 0.155539 0 0 0
0.465104 -0.141988 0.155518 0 0 0
0.466868 -0.140508 0.156023 0 0 0
0.467410 -0.139368 0.156014 0 0 0
0.468081 -0.138039 0.155988 0 0 0
0.468744 -0.136737 0.155960 0 0 0
0.469408 -0.135436 0.155931 0 0 0
0.470069 -0.134125 0.155905 0 0 0
0.470702 -0.132822 0.155886 0 0 0
0.471399 -0.131529 0.155847 0 0 0
0.472065 -0.130227 0.155818 0 0 0
0.472729 -0.128925 0.155790 0 0 0
0.473393 -0.127623 0.155761 0 0 0
0.474057 -0.126321 0.155733 0 0 0
0.474721 -0.125019 0.155705 0 0 0
0.475385 -0.123717 0.155676 0 0 0
0.476049 -0.122415 0.155648 0 0 0
0.476713 -0.121113 0.155620 0 0 0
0.477386 -0.119794 0.155591 0 0 0
0.477966 -0.118659 0.155572 0 0 0
0.479623 -0.117187 0.156105 0 0 0
0.480204 -0.116062 0.156085 0 0 0
0.480876 -0.114744 0.156056 0 0 0
0.481539 -0.113445 0.156028 0 0 0
0.482202 -0.112145 0.156000 0 0 0
0.482865 -0.110845 0.155971 0 0 0
0.483531 -0.109536 0.155942 0 0 0
0.484107 -0.108305 0.155881 0 0 0
0.484102 -0.106734 0.155342 0 0 0
0.484683 -0.105489 0.155280 0 0 0
0.485262 -0.104250 0.155219 0 0 0
0.485260 -0.102664 0.154677 0 0 0
0.485840 -0.101430 0.154617 0 0 0
0.486512 -0.100106 0.154586 0 0 0
0.487092 -0.098875 0.154528 0 0 0
0.487102 -0.097256 0.153982 0 0 0
0.487605 -0.096186 0.153935 0 0 0
0.489239 -0.094747 0.154465 0 0 0
0.489826 -0.093612 0.154446 0 0 0
0.490501 -0.092290 0.154417 0 0 0
0.491166 -0.090986 0.154389 0 0 0
0.491831 -0.089682 0.154360 0 0 0
0.492496 -0.088377 0.154332 0 0 0
0.493170 -0.087056 0.154304 0 0 0
0.493758 -0.085914 0.154286 0 0 0
0.495419 -0.084530 0.154801 0 0 0
0.496010 -0.083382 0.154781 0 0 0
0.496594 -0.082142 0.154726 0 0 0
0.496473 -0.080607 0.154219 0 0 0
0.498075 -0.079310 0.154686 0 0 0
0.498576 -0.078264 0.154646 0 0 0
0.498525 -0.076542 0.154116 0 0 0
0.499110 -0.075333 0.154061 0 0 0
0.499850 -0.074042 0.154008 0 0 0
0.500520 -0.072746 0.153977 0 0 0
0.501190 -0.071430 0.153947 0 0 0
0.501768 -0.070218 0.153898 0 0 0
0.501721 -0.068479 0.153361 0 0 0
0.502252 -0.067374 0.153279 0 0 0
0.502243 -0.065665 0.152731 0 0 0
0.502873 -0.064441 0.152662 0 0 0
0.503463 -0.063217 0.152610 0 0 0
0.503464 -0.061485 0.152056 0 0 0
0.503999 -0.060375 0.151976 0 0 0
0.504042 -0.058637 0.151407 0 0 0
0.504547 -0.057511 0.151336 0 0 0
0.504508 -0.055863 0.150750 0 0 0
0.504467 -0.054220 0.150162 0 0 0
0.505063 -0.052982 0.150111 0 0 0
0.505657 -0.051747 0.150061 0 0 0
0.505621 -0.050095 0.149473 0 0 0
0.505586 -0.048438 0.148885 0 0 0
0.506181 -0.047207 0.148836 0 0 0
0.506860 -0.045874 0.148806 0 0 0
0.507539 -0.044540 0.148776 0 0 0
0.508132 -0.043309 0.148728 0 0 0
0.508131 -0.041690 0.148174 0 0 0
0.509614 -0.040449 0.148679 0 0 0
0.510226 -0.039274 0.148662 0 0 0
0.510915 -0.037923 0.148633 0 0 0
0.511526 -0.036745 0.148617 0 0 0
0.513094 -0.035417 0.149145 0 0 0
0.513639 -0.034395 0.149140 0 0 0
0.515209 -0.033053 0.149671 0 0 0
0.515721 -0.032020 0.149677 0 0 0
0.517325 -0.030707 0.150193 0 0 0
0.517867 -0.029692 0.150189 0 0 0
0.519434 -0.028366 0.150717 0 0 0
0.519975 -0.027356 0.150713 0 0 0
0.521570 -0.026073 0.151225 0 0 0
0.522176 -0.024912 0.151209 0 0 0
0.522846 -0.023583 0.151183 0 0 0
0.523448 -0.022243 0.151178 0 0 0
0.524151 -0.020925 0.151141 0 0 0
0.524731 -0.019744 0.151138 0 0 0
0.526250 -0.018616 0.151616 0 0 0
0.526197 -0.016891 0.151083 0 0 0
0.526819 -0.015711 0.151026 0 0 0
0.527536 -0.014396 0.150981 0 0 0
0.528125 -0.013201 0.150939 0 0 0
0.528157 -0.011339 0.150371 0 0 0
0.528753 -0.010129 0.150328 0 0 0
0.529380 -0.008937 0.150274 0 0 0
0.529421 -0.007069 0.149702 0 0 0
0.530008 -0.005871 0.149661 0 0 0
0.530685 -0.004542 0.149632 0 0 0
0.531356 -0.003227 0.149603 0 0 0
0.532035 -0.001897 0.149575 0 0 0
0.532654 -0.000724 0.149562 0 0 0
0.534116 0.000382 0.150053 0 0 0
0.534128 0.002156 0.149502 0 0 0
0.534659 0.003208 0.149476 0 0 0
0.536207 0.004428 0.149984 0 0 0
0.536824 0.005599 0.149970 0 0 0
0.537502 0.006925 0.149942 0 0 0
0.538166 0.008238 0.149915 0 0 0
0.538802 0.009570 0.149899 0 0 0
0.539470 0.010887 0.149871 255 0 0
0.540140 0.012201 0.149843 255 0 0
0.540809 0.013514 0.149814 255 0 0
0.541479 0.014828 0.149785 255 0 0
0.542149 0.016142 0.149757 255 0 0
0.542819 0.017455 0.149728 255 0 0
0.543497 0.018781 0.149700 255 0 0
0.544117 0.019955 0.149688 255 0 0
0.545594 0.021145 0.150208 255 0 0
0.546220 0.022327 0.150197 255 0 0
0.546847 0.023511 0.150187 255 0 0
0.548317 0.024690 0.150705 0 0 0
0.548935 0.025860 0.150695 0 0 0
0.549610 0.027182 0.150667 0 0 0
0.550277 0.028490 0.150638 0 0 0
0.550956 0.029815 0.150608 0 0 0
0.551573 0.030969 0.150559 0 0 0
0.551623 0.032971 0.149988 0 0 0
0.552186 0.033974 0.149922 0 0 0
0.552239 0.035982 0.149350 0 0 0
0.552870 0.037159 0.149299 0 0 0
0.553500 0.038336 0.149248 0 0 0
0.553505 0.040196 0.148658 0 0 0
0.553512 0.042061 0.148067 0 0 0
0.554141 0.043245 0.148018 0 0 0
0.554739 0.044441 0.147981 0 0 0
0.554826 0.046444 0.147397 0 0 0
0.555419 0.047627 0.147360 0 0 0
0.556132 0.048943 0.147319 0 0 0
0.556811 0.050265 0.147289 0 0 0
0.557484 0.051585 0.147260 0 0 0
0.558158 0.052905 0.147231 0 0 0
0.558831 0.054226 0.147203 0 0 0
0.559505 0.055546 0.147174 0 0 0
0.560178 0.056867 0.147145 0 0 0
0.560852 0.058187 0.147116 0 0 0
0.561525 0.059508 0.147088 0 0 0
0.562198 0.060829 0.147059 0 0 0
0.562872 0.062149 0.147030 0 0 0
0.563546 0.063469 0.147001 0 0 0
0.564220 0.064790 0.146973 0 0 0
0.564893 0.066110 0.146944 0 0 0
0.565566 0.067431 0.146915 0 0 0
0.566239 0.068752 0.146886 0 0 0
0.566913 0.070072 0.146858 0 0 0
0.567586 0.071393 0.146829 0 0 0
0.568260 0.072713 0.146800 0 0 0
0.568941 0.074048 0.146771 0 0 0
0.569534 0.075226 0.146737 0 0 0
0.569682 0.077275 0.146134 0 0 0
0.570276 0.078457 0.146100 0 0 0
0.570958 0.079794 0.146071 0 0 0
0.571633 0.081117 0.146042 0 0 0
0.572317 0.082459 0.146013 0 0 0
0.572903 0.083605 0.145988 0 0 0
0.464536 -0.148801 0.155655 0 0 0
0.465101 -0.147694 0.155630 0 0 0
0.465775 -0.146373 0.155602 0 0 0
0.466438 -0.145073 0.155573 0 0 0
0.467101 -0.143774 0.155545 0 0 0
0.467770 -0.142447 0.155519 0 0 0
0.468310 -0.141311 0.155511 0 0 0
0.470074 -0.139834 0.156016 0 0 0
0.470649 -0.138712 0.155996 0 0 0
0.471321 -0.137396 0.155967 0 0 0
0.471982 -0.136099 0.155940 0 0 0
0.472604 -0.134790 0.155924 0 0 0
0.473263 -0.133484 0.155898 0 0 0
0.473924 -0.132187 0.155870 0 0 0
0.474586 -0.130889 0.155842 0 0 0
0.475247 -0.129592 0.155814 0 0 0
0.475909 -0.128295 0.155785 0 0 0
0.476571 -0.126997 0.155757 0 0 0
0.477233 -0.125700 0.155729 0 0 0
0.477894 -0.124403 0.155701 0 0 0
0.478566 -0.123087 0.155672 0 0 0
0.479144 -0.121966 0.155652 0 0 0
0.480803 -0.120489 0.156186 0 0 0
0.481377 -0.119365 0.156168 0 0 0
0.482047 -0.118051 0.156140 0 0 0
0.482707 -0.116756 0.156111 0 0 0
0.483368 -0.115461 0.156083 0 0 0
0.484028 -0.114166 0.156055 0 0 0
0.484689 -0.112871 0.156027 0 0 0
0.485349 -0.111576 0.155999 0 0 0
0.486013 -0.110271 0.155969 0 0 0
0.486584 -0.109047 0.155908 0 0 0
0.486581 -0.107478 0.155368 0 0 0
0.487155 -0.106250 0.155307 0 0 0
0.487824 -0.104932 0.155276 0 0 0
0.488397 -0.103709 0.155217 0 0 0
0.488398 -0.102122 0.154672 0 0 0
0.488977 -0.100885 0.154612 0 0 0
0.489554 -0.099640 0.154548 0 0 0
0.489501 -0.098209 0.154023 0 0 0
0.491035 -0.096833 0.154518 0 0 0
0.491619 -0.095704 0.154499 0 0 0
0.492291 -0.094387 0.154470 0 0 0
0.492954 -0.093087 0.154442 0 0 0
0.493617 -0.091788 0.154414 0 0 0
0.494280 -0.090488 0.154385 0 0 0
0.494943 -0.089188 0.154357 0 0 0
0.495606 -0.087889 0.154329 0 0 0
0.496266 -0.086583 0.154302 0 0 0
0.496891 -0.085268 0.154287 0 0 0
0.497551 -0.083969 0.154260 0 0 0
0.498221 -0.082679 0.154228 0 0 0
0.498955 -0.081396 0.154177 0 0 0
0.499587 -0.080091 0.154158 0 0 0
0.500251 -0.078799 0.154128 0 0 0
0.500953 -0.077500 0.154087 0 0 0
0.501530 -0.076292 0.154036 0 0 0
0.501474 -0.074582 0.153502 0 0 0
0.502085 -0.073382 0.153440 0 0 0
0.502757 -0.072076 0.153408 0 0 0
0.503430 -0.070770 0.153376 0 0 0
0.504043 -0.069575 0.153315 0 0 0
0.504002 -0.067854 0.152774 0 0 0
0.504649 -0.066667 0.152701 0 0 0
0.505330 -0.065348 0.152667 0 0 0
0.505908 -0.064139 0.152619 0 0 0
0.505904 -0.062401 0.152066 0 0 0
0.506402 -0.061288 0.151996 0 0 0
0.506444 -0.059551 0.151426 0 0 0
0.506945 -0.058436 0.151357 0 0 0
0.506989 -0.056691 0.150786 0 0 0
0.507493 -0.055575 0.150718 0 0 0
0.507536 -0.053833 0.150147 0 0 0
0.508127 -0.052605 0.150098 0 0 0
0.508720 -0.051376 0.150048 0 0 0
0.508685 -0.049726 0.149459 0 0 0
0.508651 -0.048069 0.148868 0 0 0
0.509240 -0.046846 0.148819 0 0 0
0.509917 -0.045516 0.148789 0 0 0
0.510589 -0.044198 0.148761 0 0 0
0.511263 -0.042880 0.148732 0 0 0
0.511942 -0.041547 0.148703 0 0 0
0.512550 -0.040380 0.148686 0 0 0
0.514120 -0.039044 0.149218 0 0 0
0.514659 -0.038036 0.149212 0 0 0
0.516234 -0.036688 0.149743 0 0 0
0.516772 -0.035684 0.149738 0 0 0
0.518343 -0.034341 0.150269 0 0 0
0.518880 -0.033341 0.150265 0 0 0
0.520438 -0.032020 0.150795 0 0 0
0.521041 -0.030866 0.150779 0 0 0
0.521716 -0.029542 0.150750 0 0 0
0.522381 -0.028229 0.150723 0 0 0
0.523013 -0.026903 0.150707 0 0 0
0.523685 -0.025581 0.150680 0 0 0
0.524290 -0.024422 0.150665 0 0 0
0.525911 -0.023183 0.151163 0 0 0
0.526514 -0.022029 0.151148 0 0 0
0.527186 -0.020703 0.151120 0 0 0
0.527824 -0.019371 0.151103 0 0 0
0.528435 -0.018199 0.151051 0 0 0
0.528431 -0.016329 0.150494 0 0 0
0.529013 -0.015136 0.150453 0 0 0
0.529692 -0.013819 0.150421 0 0 0
0.530437 -0.012529 0.150366 0 0 0
0.531026 -0.011346 0.150323 0 0 0
0.531025 -0.009462 0.149765 0 0 0
0.531643 -0.008285 0.149712 0 0 0
0.532321 -0.006960 0.149682 0 0 0
0.532990 -0.005649 0.149653 0 0 0
0.533659 -0.004338 0.149625 0 0 0
0.534327 -0.003027 0.149596 0 0 0
0.534995 -0.001712 0.149569 0 0 0
0.535635 -0.000387 0.149550 0 0 0
0.536370 0.000890 0.149498 0 0 0
0.537043 0.002200 0.149467 0 0 0
0.537672 0.003529 0.149453 0 0 0
0.538301 0.004858 0.149439 0 0 0
0.538976 0.006186 0.149412 0 0 0
0.539591 0.007355 0.149399 0 0 0
0.541125 0.008547 0.149908 0 0 0
0.541737 0.009712 0.149895 255 0 0
0.542412 0.011034 0.149867 255 0 0
0.543088 0.012357 0.149839 255 0 0
0.543703 0.013522 0.149827 255 0 0
0.545185 0.014724 0.150350 255 0 0
0.545799 0.015885 0.150338 255 0 0
0.546473 0.017205 0.150310 255 0 0
0.547140 0.018511 0.150282 255 0 0
0.547806 0.019818 0.150253 255 0 0
0.548479 0.021138 0.150225 255 0 0
0.549096 0.022304 0.150215 255 0 0
0.550599 0.023459 0.150722 0 0 0
0.551180 0.024641 0.150724 0 0 0
0.551851 0.025961 0.150697 0 0 0
0.552528 0.027281 0.150666 0 0 0
0.553142 0.028429 0.150617 0 0 0
0.553185 0.030426 0.150047 0 0 0
0.553713 0.031438 0.149991 0 0 0
0.553802 0.033425 0.149405 0 0 0
0.554425 0.034594 0.149356 0 0 0
0.555020 0.035781 0.149317 0 0 0
0.555108 0.037776 0.148732 0 0 0
0.555641 0.038794 0.148677 0 0 0
0.555772 0.040779 0.148077 0 0 0
0.556360 0.041956 0.148040 0 0 0
0.557037 0.043284 0.148011 0 0 0
0.557707 0.044597 0.147982 0 0 0
0.558384 0.045926 0.147953 0 0 0
0.558968 0.047099 0.147918 0 0 0
0.559099 0.049090 0.147317 0 0 0
0.559685 0.050267 0.147282 0 0 0
0.560364 0.051597 0.147253 0 0 0
0.561035 0.052913 0.147224 0 0 0
0.561706 0.054229 0.147196 0 0 0
0.562384 0.055557 0.147168 0 0 0
0.563019 0.056744 0.147161 0 0 0
0.564445 0.057868 0.147674 0 0 0
0.564990 0.058905 0.147661 0 0 0
0.565140 0.060936 0.147058 0 0 0
0.565726 0.062109 0.147025 0 0 0
0.566411 0.063451 0.146996 0 0 0
0.567049 0.064641 0.146990 0 0 0
0.568454 0.065731 0.147502 0 0 0
0.569090 0.066916 0.147496 0 0 0
0.569772 0.068242 0.147466 0 0 0
0.570477 0.069536 0.147425 0 0 0
0.571155 0.070861 0.147395 0 0 0
0.571741 0.072031 0.147361 0 0 0
0.571774 0.073967 0.146766 0 0 0
0.571848 0.075883 0.146157 0 0 0
0.572439 0.077060 0.146122 0 0 0
0.573119 0.078393 0.146093 0 0 0
0.573791 0.079711 0.146064 0 0 0
0.574464 0.081029 0.146035 0 0 0
0.575146 0.082367 0.146006 0 0 0
0.575727 0.083505 0.145981 0 0 0
0.467748 -0.148098 0.155655 0 0 0
0.468309 -0.146999 0.155631 0 0 0
0.468981 -0.145682 0.155602 0 0 0
0.469642 -0.144387 0.155574 0 0 0
0.470302 -0.143093 0.155546 0 0 0
0.470959 -0.141788 0.155520 0 0 0
0.471580 -0.140482 0.155505 0 0 0
0.472240 -0.139187 0.155477 0 0 0
0.472910 -0.137874 0.155448 0 0 0
0.473484 -0.136755 0.155428 0 0 0
0.475243 -0.135288 0.155935 0 0 0
0.475776 -0.134162 0.155928 0 0 0
0.476444 -0.132841 0.155901 0 0 0
0.477138 -0.131559 0.155862 0 0 0
0.477763 -0.130265 0.155844 0 0 0
0.478420 -0.128962 0.155818 0 0 0
0.479079 -0.127670 0.155789 0 0 0
0.479738 -0.126378 0.155761 0 0 0
0.480398 -0.125085 0.155733 0 0 0
0.481066 -0.123774 0.155705 0 0 0
0.481640 -0.122654 0.155687 0 0 0
0.483298 -0.121181 0.156221 0 0 0
0.483869 -0.120065 0.156203 0 0 0
0.484537 -0.118756 0.156175 0 0 0
0.485195 -0.117465 0.156147 0 0 0
0.485853 -0.116175 0.156119 0 0 0
0.486511 -0.114885 0.156090 0 0 0
0.487169 -0.113594 0.156062 0 0 0
0.487828 -0.112304 0.156034 0 0 0
0.488486 -0.111014 0.156006 0 0 0
0.489148 -0.109713 0.155977 0 0 0
0.489715 -0.108496 0.155916 0 0 0
0.489715 -0.106925 0.155374 0 0 0
0.490285 -0.105705 0.155313 0 0 0
0.490951 -0.104391 0.155282 0 0 0
0.491521 -0.103175 0.155222 0 0 0
0.491525 -0.101587 0.154677 0 0 0
0.492096 -0.100367 0.154617 0 0 0
0.492760 -0.099061 0.154588 0 0 0
0.493421 -0.097766 0.154559 0 0 0
0.494081 -0.096472 0.154531 0 0 0
0.494742 -0.095177 0.154503 0 0 0
0.495403 -0.093882 0.154475 0 0 0
0.496063 -0.092586 0.154447 0 0 0
0.496724 -0.091291 0.154419 0 0 0
0.497384 -0.089996 0.154390 0 0 0
0.498045 -0.088701 0.154362 0 0 0
0.498705 -0.087406 0.154334 0 0 0
0.499366 -0.086111 0.154306 0 0 0
0.500030 -0.084805 0.154276 0 0 0
0.500602 -0.083599 0.154222 0 0 0
0.500579 -0.081931 0.153679 0 0 0
0.501154 -0.080721 0.153626 0 0 0
0.501822 -0.079413 0.153596 0 0 0
0.502520 -0.078127 0.153555 0 0 0
0.503193 -0.076836 0.153521 0 0 0
0.503812 -0.075635 0.153451 0 0 0
0.503789 -0.073947 0.152909 0 0 0
0.504366 -0.072742 0.152857 0 0 0
0.505033 -0.071430 0.152828 0 0 0
0.505703 -0.070126 0.152796 0 0 0
0.506314 -0.068935 0.152735 0 0 0
0.506265 -0.067203 0.152197 0 0 0
0.506844 -0.065995 0.152147 0 0 0
0.507554 -0.064703 0.152102 0 0 0
0.508263 -0.063410 0.152058 0 0 0
0.508842 -0.062205 0.152009 0 0 0
0.508844 -0.060462 0.151452 0 0 0
0.509373 -0.059369 0.151373 0 0 0
0.509382 -0.057612 0.150812 0 0 0
0.509881 -0.056504 0.150743 0 0 0
0.509924 -0.054765 0.150172 0 0 0
0.510513 -0.053543 0.150122 0 0 0
0.511102 -0.052323 0.150073 0 0 0
0.511149 -0.050572 0.149499 0 0 0
0.511651 -0.049457 0.149431 0 0 0
0.511653 -0.047847 0.148876 0 0 0
0.513136 -0.046586 0.149381 0 0 0
0.513654 -0.045529 0.149345 0 0 0
0.513663 -0.043904 0.148789 0 0 0
0.515136 -0.042666 0.149296 0 0 0
0.515748 -0.041494 0.149280 0 0 0
0.516358 -0.040322 0.149264 0 0 0
0.517925 -0.038987 0.149797 0 0 0
0.518457 -0.037993 0.149792 0 0 0
0.520029 -0.036647 0.150325 0 0 0
0.520560 -0.035656 0.150320 0 0 0
0.522119 -0.034332 0.150852 0 0 0
0.522717 -0.033186 0.150837 0 0 0
0.523391 -0.031866 0.150808 0 0 0
0.524056 -0.030562 0.150780 0 0 0
0.524722 -0.029257 0.150752 0 0 0
0.525387 -0.027953 0.150723 0 0 0
0.526052 -0.026649 0.150695 0 0 0
0.526715 -0.025340 0.150668 0 0 0
0.527344 -0.024018 0.150652 0 0 0
0.528005 -0.022715 0.150625 0 0 0
0.528674 -0.021410 0.150596 0 0 0
0.529378 -0.020122 0.150554 255 0 0
0.530048 -0.018830 0.150522 255 0 0
0.530750 -0.017541 0.150481 0 0 0
0.531424 -0.016223 0.150451 0 0 0
0.532003 -0.015040 0.150410 0 0 0
0.531995 -0.013158 0.149854 0 0 0
0.532578 -0.011977 0.149811 0 0 0
0.533290 -0.010673 0.149768 0 0 0
0.533997 -0.009383 0.149726 0 0 0
0.534666 -0.008082 0.149695 0 0 0
0.535333 -0.006775 0.149667 0 0 0
0.535999 -0.005469 0.149638 0 0 0
0.536666 -0.004162 0.149610 0 0 0
0.537338 -0.002842 0.149581 0 0 0
0.537919 -0.001661 0.149541 0 0 0
0.537923 0.000255 0.148981 0 0 0
0.538514 0.001453 0.148942 0 0 0
0.539133 0.002630 0.148927 255 0 0
0.540706 0.003810 0.149426 0 0 0
0.541289 0.005002 0.149426 0 0 0
0.541907 0.006183 0.149415 0 0 0
0.543397 0.007394 0.149940 0 0 0
0.544007 0.008553 0.149928 255 0 0
0.544687 0.009885 0.149900 255 0 0
0.545299 0.011042 0.149889 255 0 0
0.546781 0.012248 0.150413 255 0 0
0.547390 0.013402 0.150402 255 0 0
0.548062 0.014717 0.150374 255 0 0
0.548726 0.016019 0.150345 255 0 0
0.549390 0.017321 0.150317 255 0 0
0.550055 0.018623 0.150289 255 0 0
0.550718 0.019925 0.150260 255 0 0
0.551388 0.021244 0.150234 255 0 0
0.551968 0.022423 0.150236 0 0 0
0.553467 0.023578 0.150744 0 0 0
0.554086 0.024746 0.150733 0 0 0
0.554670 0.025919 0.150697 0 0 0
0.554744 0.027878 0.150114 0 0 0
0.555363 0.029039 0.150063 0 0 0
0.555952 0.030217 0.150024 0 0 0
0.556068 0.032167 0.149427 0 0 0
0.556654 0.033348 0.149389 0 0 0
0.557241 0.034528 0.149352 0 0 0
0.557367 0.036505 0.148752 0 0 0
0.557864 0.037530 0.148708 0 0 0
0.557992 0.039514 0.148108 0 0 0
0.558575 0.040685 0.148072 0 0 0
0.559250 0.042008 0.148042 0 0 0
0.559922 0.043318 0.148012 0 0 0
0.560626 0.044607 0.147971 0 0 0
0.561295 0.045912 0.147941 0 0 0
0.561970 0.047236 0.147912 0 0 0
0.562553 0.048403 0.147877 0 0 0
0.562645 0.050420 0.147289 0 0 0
0.563233 0.051601 0.147255 0 0 0
0.563872 0.052795 0.147248 0 0 0
0.565291 0.053907 0.147763 0 0 0
0.565920 0.055086 0.147757 0 0 0
0.566594 0.056406 0.147729 0 0 0
0.567269 0.057731 0.147700 0 0 0
0.567853 0.058894 0.147665 0 0 0
0.568003 0.060924 0.147061 0 0 0
0.568548 0.061960 0.147050 0 0 0
0.569960 0.063069 0.147563 0 0 0
0.570598 0.064250 0.147556 0 0 0
0.571307 0.065564 0.147517 0 0 0
0.571860 0.066743 0.147494 0 0 0
0.571965 0.068803 0.146904 0 0 0
0.572549 0.069969 0.146870 0 0 0
0.573226 0.071292 0.146840 0 0 0
0.573929 0.072583 0.146799 0 0 0
0.574612 0.073911 0.146768 0 0 0
0.575193 0.075072 0.146736 0 0 0
0.575352 0.077128 0.146127 0 0 0
0.575935 0.078293 0.146094 0 0 0
0.576614 0.079622 0.146065 0 0 0
0.577284 0.080936 0.146037 0 0 0
0.577964 0.082269 0.146008 0 0 0
0.578541 0.083399 0.145983 0 0 0
0.470291 -0.148692 0.155692 0 0 0
0.470848 -0.147601 0.155668 0 0 0
0.471518 -0.146288 0.155639 0 0 0
0.472176 -0.144998 0.155611 0 0 0
0.472834 -0.143707 0.155583 0 0 0
0.473492 -0.142417 0.155555 0 0 0
0.474151 -0.141126 0.155527 0 0 0
0.474809 -0.139836 0.155499 0 0 0
0.475466 -0.138546 0.155471 0 0 0
0.476131 -0.137227 0.155445 0 0 0
0.476663 -0.136104 0.155438 0 0 0
0.478423 -0.134630 0.155943 0 0 0
0.478895 -0.133569 0.155884 0 0 0
0.478742 -0.132190 0.155403 0 0 0
0.480391 -0.130778 0.155861 0 0 0
0.480961 -0.129668 0.155842 0 0 0
0.481626 -0.128362 0.155814 0 0 0
0.482242 -0.127061 0.155800 0 0 0
0.482896 -0.125763 0.155774 0 0 0
0.483562 -0.124457 0.155746 0 0 0
0.484131 -0.123344 0.155728 0 0 0
0.485831 -0.121890 0.156249 0 0 0
0.486359 -0.120771 0.156244 0 0 0
0.487022 -0.119457 0.156218 0 0 0
0.487677 -0.118172 0.156190 0 0 0
0.488333 -0.116886 0.156162 0 0 0
0.488989 -0.115600 0.156134 0 0 0
0.489644 -0.114314 0.156106 0 0 0
0.490300 -0.113029 0.156078 0 0 0
0.490956 -0.111743 0.156050 0 0 0
0.491612 -0.110457 0.156022 0 0 0
0.492271 -0.109160 0.155992 0 0 0
0.492835 -0.107951 0.155932 0 0 0
0.492838 -0.106378 0.155388 0 0 0
0.493404 -0.105165 0.155327 0 0 0
0.494064 -0.103867 0.155297 0 0 0
0.494722 -0.102579 0.155269 0 0 0
0.495383 -0.101280 0.155240 0 0 0
0.495948 -0.100073 0.155181 0 0 0
0.495957 -0.098475 0.154632 0 0 0
0.496524 -0.097264 0.154574 0 0 0
0.497186 -0.095963 0.154544 0 0 0
0.497845 -0.094673 0.154516 0 0 0
0.498503 -0.093382 0.154488 0 0 0
0.499161 -0.092092 0.154460 0 0 0
0.499819 -0.090801 0.154432 0 0 0
0.500478 -0.089511 0.154404 0 0 0
0.501136 -0.088221 0.154375 0 0 0
0.501794 -0.086930 0.154347 0 0 0
0.502459 -0.085629 0.154317 0 0 0
0.503064 -0.084441 0.154251 0 0 0
0.503046 -0.082783 0.153705 0 0 0
0.503623 -0.081568 0.153649 0 0 0
0.504234 -0.080369 0.153583 0 0 0
0.504181 -0.078678 0.153047 0 0 0
0.504793 -0.077475 0.152981 0 0 0
0.505383 -0.076266 0.152918 0 0 0
0.505390 -0.074603 0.152369 0 0 0
0.505976 -0.073394 0.152309 0 0 0
0.506640 -0.072085 0.152280 0 0 0
0.507302 -0.070787 0.152252 0 0 0
0.507966 -0.069497 0.152222 0 0 0
0.508666 -0.068200 0.152181 0 0 0
0.509245 -0.067002 0.152130 0 0 0
0.509197 -0.065264 0.151590 0 0 0
0.509773 -0.064060 0.151541 0 0 0
0.510485 -0.062758 0.151496 0 0 0
0.511101 -0.061579 0.151433 0 0 0
0.511063 -0.059832 0.150888 0 0 0
0.511684 -0.058630 0.150825 0 0 0
0.512305 -0.057432 0.150763 0 0 0
0.512308 -0.055694 0.150204 0 0 0
0.512893 -0.054477 0.150154 0 0 0
0.513476 -0.053264 0.150105 0 0 0
0.513522 -0.051528 0.149531 0 0 0
0.514105 -0.050322 0.149483 0 0 0
0.514777 -0.049004 0.149453 0 0 0
0.515442 -0.047697 0.149425 0 0 0
0.516108 -0.046391 0.149396 0 0 0
0.516784 -0.045068 0.149368 0 0 0
0.517382 -0.043920 0.149352 0 0 0
0.518940 -0.042595 0.149886 0 0 0
0.519546 -0.041435 0.149870 0 0 0
0.520152 -0.040273 0.149854 0 0 0
0.521714 -0.038939 0.150388 0 0 0
0.522240 -0.037960 0.150384 0 0 0
0.523799 -0.036632 0.150918 0 0 0
0.524393 -0.035493 0.150902 0 0 0
0.525064 -0.034177 0.150874 0 0 0
0.525727 -0.032877 0.150846 0 0 0
0.526390 -0.031578 0.150818 0 0 0
0.527054 -0.030278 0.150789 0 0 0
0.527717 -0.028979 0.150761 0 0 0
0.528380 -0.027679 0.150733 0 0 0
0.529042 -0.026380 0.150705 0 0 0
0.529709 -0.025080 0.150675 0 0 0
0.530416 -0.023783 0.150633 0 0 0
0.530995 -0.022611 0.150589 0 0 0
0.530982 -0.020747 0.150033 255 0 0
0.531559 -0.019564 0.149991 0 0 0
0.532227 -0.018248 0.149963 0 0 0
0.532891 -0.016945 0.149934 0 0 0
0.533558 -0.015649 0.149904 0 0 0
0.534259 -0.014364 0.149863 0 0 0
0.534937 -0.013047 0.149831 0 0 0
0.535550 -0.011887 0.149778 0 0 0
0.535549 -0.010001 0.149217 0 0 0
0.536128 -0.008819 0.149177 0 0 0
0.536799 -0.007501 0.149147 0 0 0
0.537465 -0.006197 0.149119 0 0 0
0.538130 -0.004893 0.149091 0 0 0
0.538795 -0.003588 0.149062 0 0 0
0.539463 -0.002289 0.149032 0 0 0
0.540165 -0.001002 0.148991 0 0 0
0.540834 0.000303 0.148961 0 0 0
0.541505 0.001624 0.148934 0 0 0
0.542080 0.002800 0.148934 255 0 0
0.543654 0.003990 0.149436 0 0 0
0.544169 0.005014 0.149452 0 0 0
0.545701 0.006223 0.149967 0 0 0
0.546280 0.007407 0.149968 255 0 0
0.546895 0.008575 0.149958 255 0 0
0.548377 0.009781 0.150484 255 0 0
0.548982 0.010931 0.150473 255 0 0
0.549651 0.012242 0.150445 255 0 0
0.550312 0.013540 0.150417 255 0 0
0.550974 0.014837 0.150389 255 0 0
0.551636 0.016134 0.150361 255 0 0
0.552298 0.017432 0.150332 255 0 0
0.552968 0.018743 0.150305 255 0 0
0.553577 0.019893 0.150295 255 0 0
0.555041 0.021075 0.150818 0 0 0
0.555649 0.022221 0.150809 0 0 0
0.556325 0.023545 0.150780 0 0 0
0.556897 0.024698 0.150742 0 0 0
0.557010 0.026638 0.150145 0 0 0
0.557592 0.027810 0.150107 255 0 0
0.558173 0.028981 0.150068 255 0 0
0.558290 0.030930 0.149470 0 0 0
0.558878 0.032106 0.149430 0 0 0
0.559497 0.033259 0.149381 0 0 0
0.559590 0.035254 0.148791 0 0 0
0.560115 0.036251 0.148736 0 0 0
0.560205 0.038253 0.148147 0 0 0
0.560785 0.039416 0.148111 0 0 0
0.561470 0.040751 0.148079 0 0 0
0.562084 0.041893 0.148031 0 0 0
0.562131 0.043914 0.147457 0 0 0
0.562711 0.045079 0.147422 0 0 0
0.563384 0.046401 0.147393 0 0 0
0.564060 0.047715 0.147364 0 0 0
0.564727 0.048872 0.147346 0 0 0
0.566064 0.049866 0.147845 0 0 0
0.566149 0.051604 0.147301 0 0 0
0.567506 0.052568 0.147789 0 0 0
0.568105 0.053764 0.147796 0 0 0
0.568776 0.055083 0.147769 0 0 0
0.569448 0.056402 0.147740 0 0 0
0.570028 0.057563 0.147704 0 0 0
0.570148 0.059450 0.147131 0 0 0
0.571461 0.060414 0.147629 0 0 0
0.572103 0.061608 0.147626 0 0 0
0.572689 0.062778 0.147591 0 0 0
0.572783 0.064706 0.147033 0 0 0
0.574073 0.065479 0.147488 0 0 0
0.574167 0.067413 0.146930 0 0 0
0.574749 0.068575 0.146895 0 0 0
0.575423 0.069897 0.146866 0 0 0
0.576089 0.071204 0.146837 0 0 0
0.576756 0.072510 0.146809 0 0 0
0.577422 0.073816 0.146780 0 0 0
0.578103 0.075140 0.146749 0 0 0
0.578717 0.076274 0.146704 0 0 0
0.578839 0.078353 0.146108 0 0 0
0.579418 0.079510 0.146075 0 0 0
0.580093 0.080836 0.146046 0 0 0
0.580771 0.082165 0.146017 0 0 0
0.581345 0.083288 0.145993 0 0 0
0.472828 -0.149282 0.155736 0 0 0
0.473381 -0.148199 0.155713 0 0 0
0.474049 -0.146891 0.155684 0 0 0
0.474705 -0.145605 0.155656 0 0 0
0.475361 -0.144319 0.155628 0 0 0
0.476016 -0.143033 0.155600 0 0 0
0.476672 -0.141748 0.155572 0 0 0
0.477328 -0.140462 0.155544 0 0 0
0.477984 -0.139176 0.155516 0 0 0
0.478639 -0.137891 0.155488 0 0 0
0.479292 -0.136595 0.155463 0 0 0
0.479907 -0.135296 0.155448 0 0 0
0.480567 -0.134024 0.155417 0 0 0
0.481257 -0.132737 0.155379 0 0 0
0.481874 -0.131439 0.155364 0 0 0
0.482538 -0.130136 0.155337 0 0 0
0.483106 -0.129030 0.155317 0 0 0
0.484860 -0.127582 0.155825 0 0 0
0.485423 -0.126482 0.155807 0 0 0
0.486045 -0.125166 0.155792 0 0 0
0.486703 -0.123844 0.155769 0 0 0
0.487229 -0.122730 0.155763 0 0 0
0.488929 -0.121278 0.156286 0 0 0
0.489529 -0.120186 0.156257 0 0 0
0.490156 -0.118884 0.156239 0 0 0
0.490807 -0.117593 0.156213 0 0 0
0.491460 -0.116312 0.156185 0 0 0
0.492113 -0.115031 0.156157 0 0 0
0.492767 -0.113750 0.156130 0 0 0
0.493420 -0.112469 0.156102 0 0 0
0.494074 -0.111188 0.156074 0 0 0
0.494727 -0.109907 0.156046 0 0 0
0.495385 -0.108614 0.156016 0 0 0
0.495945 -0.107413 0.155956 0 0 0
0.495950 -0.105838 0.155410 0 0 0
0.496512 -0.104632 0.155349 0 0 0
0.497171 -0.103338 0.155320 0 0 0
0.497825 -0.102055 0.155292 0 0 0
0.498480 -0.100771 0.155264 0 0 0
0.499139 -0.099476 0.155234 0 0 0
0.499701 -0.098278 0.155176 0 0 0
0.499713 -0.096674 0.154625 0 0 0
0.500277 -0.095471 0.154567 0 0 0
0.500936 -0.094174 0.154537 0 0 0
0.501593 -0.092889 0.154509 0 0 0
0.502249 -0.091603 0.154481 0 0 0
0.502905 -0.090317 0.154453 0 0 0
0.503561 -0.089032 0.154425 0 0 0
0.504221 -0.087734 0.154396 0 0 0
0.504785 -0.086540 0.154340 0 0 0
0.504768 -0.084888 0.153794 0 0 0
0.505375 -0.083690 0.153726 0 0 0
0.505948 -0.082484 0.153670 0 0 0
0.505938 -0.080807 0.153119 0 0 0
0.506454 -0.079716 0.153030 0 0 0
0.506452 -0.078011 0.152475 0 0 0
0.506971 -0.076923 0.152388 0 0 0
0.506954 -0.075233 0.151841 0 0 0
0.507538 -0.074022 0.151782 0 0 0
0.508240 -0.072730 0.151740 0 0 0
0.508904 -0.071444 0.151709 0 0 0
0.509575 -0.070139 0.151670 0 0 0
0.510293 -0.068896 0.151531 0 0 0
0.510888 -0.067573 0.151613 0 0 0
0.511592 -0.066272 0.151580 0 0 0
0.512176 -0.065070 0.151523 0 0 0
0.512161 -0.063349 0.150974 0 0 0
0.512739 -0.062161 0.150923 0 0 0
0.513447 -0.060853 0.150879 0 0 0
0.514024 -0.059659 0.150831 0 0 0
0.513985 -0.057905 0.150284 0 0 0
0.514597 -0.056721 0.150224 0 0 0
0.515267 -0.055409 0.150194 0 0 0
0.515935 -0.054097 0.150164 0 0 0
0.516511 -0.052904 0.150116 0 0 0
0.516560 -0.051164 0.149541 0 0 0
0.517146 -0.049951 0.149493 0 0 0
0.517745 -0.048798 0.149475 0 0 0
0.519307 -0.047464 0.150012 0 0 0
0.519908 -0.046312 0.149996 0 0 0
0.520510 -0.045158 0.149980 0 0 0
0.522065 -0.043832 0.150516 0 0 0
0.522666 -0.042682 0.150500 0 0 0
0.523268 -0.041532 0.150484 0 0 0
0.524817 -0.040214 0.151020 0 0 0
0.525417 -0.039067 0.151004 0 0 0
0.526017 -0.037919 0.150990 0 0 0
0.527563 -0.036610 0.151524 0 0 0
0.528153 -0.035482 0.151509 0 0 0
0.528828 -0.034159 0.151480 0 0 0
0.529396 -0.032987 0.151436 0 0 0
0.529464 -0.031191 0.150853 0 0 0
0.530035 -0.030016 0.150808 0 0 0
0.530705 -0.028707 0.150778 0 0 0
0.531411 -0.027414 0.150735 0 0 0
0.531986 -0.026248 0.150691 0 0 0
0.531968 -0.024390 0.150136 0 0 0
0.532544 -0.023220 0.150092 0 0 0
0.533254 -0.021925 0.150048 0 0 0
0.533958 -0.020644 0.150005 0 0 0
0.534623 -0.019354 0.149975 0 0 0
0.535285 -0.018056 0.149947 0 0 0
0.535946 -0.016759 0.149919 0 0 0
0.536612 -0.015446 0.149890 0 0 0
0.537186 -0.014274 0.149850 0 0 0
0.537188 -0.012394 0.149286 0 0 0
0.537838 -0.011252 0.149220 0 0 0
0.538515 -0.009945 0.149187 0 0 0
0.539177 -0.008645 0.149159 0 0 0
0.539840 -0.007345 0.149131 0 0 0
0.540503 -0.006046 0.149102 0 0 0
0.541166 -0.004746 0.149074 0 0 0
0.541829 -0.003446 0.149046 0 0 0
0.542492 -0.002147 0.149017 0 0 0
0.543155 -0.000847 0.148989 0 0 0
0.543818 0.000453 0.148961 0 0 0
0.544480 0.001769 0.148936 0 0 0
0.545015 0.002960 0.148950 0 0 0
0.546581 0.004153 0.149455 0 0 0
0.547058 0.005188 0.149484 0 0 0
0.548633 0.006386 0.149988 255 0 0
0.549142 0.007400 0.150006 255 0 0
0.550629 0.008622 0.150534 255 0 0
0.551239 0.009779 0.150525 255 0 0
0.551855 0.010938 0.150517 255 0 0
0.553231 0.012013 0.151024 255 0 0
0.553301 0.013777 0.150453 255 0 0
0.553869 0.014935 0.150413 255 0 0
0.554544 0.016257 0.150384 255 0 0
0.555151 0.017399 0.150375 255 0 0
0.556614 0.018582 0.150900 255 0 0
0.557217 0.019724 0.150891 0 0 0
0.557884 0.021028 0.150863 0 0 0
0.558549 0.022335 0.150834 0 0 0
0.559118 0.023480 0.150797 0 0 0
0.559233 0.025419 0.150198 0 0 0
0.559816 0.026586 0.150158 255 0 0
0.560430 0.027729 0.150107 0 0 0
0.560514 0.029714 0.149519 0 0 0
0.560998 0.030718 0.149474 0 0 0
0.561094 0.032726 0.148884 0 0 0
0.561614 0.033715 0.148828 0 0 0
0.561710 0.035712 0.148236 0 0 0
0.562321 0.036850 0.148188 0 0 0
0.563004 0.038182 0.148156 0 0 0
0.563576 0.039335 0.148121 0 0 0
0.563667 0.041330 0.147530 0 0 0
0.564280 0.042469 0.147482 0 0 0
0.564956 0.043787 0.147451 0 0 0
0.565621 0.045089 0.147423 0 0 0
0.566292 0.046403 0.147395 0 0 0
0.566921 0.047574 0.147391 0 0 0
0.568283 0.048535 0.147881 0 0 0
0.568360 0.050441 0.147320 0 0 0
0.568866 0.051484 0.147317 0 0 0
0.570320 0.052588 0.147823 0 0 0
0.570944 0.053750 0.147817 0 0 0
0.571622 0.055078 0.147789 0 0 0
0.572194 0.056229 0.147754 0 0 0
0.572317 0.058117 0.147179 0 0 0
0.573626 0.059080 0.147678 0 0 0
0.574266 0.060264 0.147675 0 0 0
0.574850 0.061425 0.147641 0 0 0
0.574994 0.063453 0.147034 0 0 0
0.575541 0.064624 0.147011 0 0 0
0.576240 0.065919 0.146971 0 0 0
0.576910 0.067223 0.146941 0 0 0
0.577574 0.068524 0.146913 0 0 0
0.578238 0.069826 0.146885 0 0 0
0.578902 0.071128 0.146856 0 0 0
0.579574 0.072447 0.146827 0 0 0
0.580147 0.073594 0.146795 0 0 0
0.580270 0.075669 0.146197 0 0 0
0.580882 0.076799 0.146152 0 0 0
0.581562 0.078121 0.146121 0 0 0
0.582227 0.079425 0.146093 0 0 0
0.582892 0.080730 0.146064 0 0 0
0.583568 0.082054 0.146035 0 0 0
0.584138 0.083169 0.146011 0 0 0
0.476013 -0.148589 0.155761 0 0 0
0.476562 -0.147513 0.155738 0 0 0
0.477228 -0.146209 0.155709 0 0 0
0.477881 -0.144928 0.155682 0 0 0
0.478535 -0.143647 0.155654 0 0 0
0.479188 -0.142366 0.155626 0 0 0
0.479842 -0.141084 0.155598 0 0 0
0.480495 -0.139803 0.155570 0 0 0
0.481148 -0.138522 0.155542 0 0 0
0.481802 -0.137241 0.155514 0 0 0
0.482455 -0.135960 0.155486 0 0 0
0.483109 -0.134679 0.155459 0 0 0
0.483762 -0.133398 0.155431 0 0 0
0.484416 -0.132117 0.155403 0 0 0
0.485069 -0.130836 0.155375 0 0 0
0.485719 -0.129545 0.155349 0 0 0
0.486340 -0.128231 0.155335 0 0 0
0.486901 -0.127134 0.155317 0 0 0
0.488604 -0.125665 0.155843 0 0 0
0.489177 -0.124556 0.155824 0 0 0
0.489751 -0.123436 0.155806 0 0 0
0.491338 -0.122027 0.156277 0 0 0
0.491120 -0.120819 0.155819 0 0 0
0.492703 -0.119414 0.156290 0 0 0
0.493265 -0.118317 0.156273 0 0 0
0.493926 -0.117021 0.156245 0 0 0
0.494577 -0.115745 0.156217 0 0 0
0.495228 -0.114468 0.156189 0 0 0
0.495879 -0.113192 0.156162 0 0 0
0.496530 -0.111915 0.156134 0 0 0
0.497181 -0.110639 0.156106 0 0 0
0.497832 -0.109363 0.156078 0 0 0
0.498490 -0.108075 0.156048 0 0 0
0.499086 -0.106892 0.155976 0 0 0
0.499054 -0.105304 0.155440 0 0 0
0.499610 -0.104106 0.155380 0 0 0
0.500266 -0.102815 0.155350 0 0 0
0.500919 -0.101537 0.155323 0 0 0
0.501571 -0.100258 0.155295 0 0 0
0.502223 -0.098979 0.155267 0 0 0
0.502876 -0.097701 0.155239 0 0 0
0.503533 -0.096410 0.155210 0 0 0
0.504092 -0.095219 0.155152 0 0 0
0.504109 -0.093607 0.154598 0 0 0
0.504669 -0.092414 0.154540 0 0 0
0.505326 -0.091121 0.154511 0 0 0
0.505980 -0.089840 0.154483 0 0 0
0.506637 -0.088546 0.154453 0 0 0
0.507199 -0.087358 0.154397 0 0 0
0.507221 -0.085723 0.153839 0 0 0
0.507792 -0.084518 0.153781 0 0 0
0.508397 -0.083330 0.153713 0 0 0
0.508390 -0.081656 0.153161 0 0 0
0.508901 -0.080570 0.153069 0 0 0
0.508808 -0.078973 0.152491 0 0 0
0.508716 -0.077384 0.151911 0 0 0
0.509363 -0.076199 0.151831 0 0 0
0.509952 -0.074995 0.151768 0 0 0
0.509931 -0.073304 0.151222 0 0 0
0.510517 -0.072092 0.151158 0 0 0
0.511172 -0.070902 0.150979 0 0 0
0.510976 -0.069308 0.150710 0 0 0
0.512541 -0.068077 0.151069 0 0 0
0.513136 -0.066929 0.151056 0 0 0
0.513727 -0.065717 0.150999 0 0 0
0.513748 -0.064025 0.150441 0 0 0
0.514332 -0.062825 0.150383 0 0 0
0.514995 -0.061518 0.150354 0 0 0
0.515660 -0.060231 0.150323 0 0 0
0.516360 -0.058950 0.150282 0 0 0
0.517019 -0.057656 0.150254 0 0 0
0.517639 -0.056343 0.150240 0 0 0
0.518297 -0.055042 0.150213 0 0 0
0.518962 -0.053735 0.150184 0 0 0
0.519534 -0.052541 0.150133 0 0 0
0.519533 -0.050960 0.149578 0 0 0
0.521010 -0.049697 0.150088 0 0 0
0.521526 -0.048734 0.150085 0 0 0
0.523105 -0.047366 0.150623 0 0 0
0.523619 -0.046410 0.150620 0 0 0
0.525182 -0.045064 0.151157 0 0 0
0.525778 -0.043925 0.151142 0 0 0
0.526374 -0.042785 0.151127 0 0 0
0.527922 -0.041466 0.151664 0 0 0
0.528507 -0.040347 0.151649 0 0 0
0.529174 -0.039042 0.151621 0 0 0
0.529830 -0.037753 0.151593 0 0 0
0.530487 -0.036465 0.151565 0 0 0
0.531144 -0.035177 0.151537 0 0 0
0.531808 -0.033875 0.151508 0 0 0
0.532376 -0.032709 0.151463 0 0 0
0.532451 -0.030899 0.150877 0 0 0
0.532929 -0.029855 0.150818 0 0 0
0.532959 -0.028014 0.150246 0 0 0
0.533533 -0.026848 0.150201 0 0 0
0.534237 -0.025559 0.150158 0 0 0
0.534910 -0.024251 0.150127 0 0 0
0.535518 -0.023100 0.150072 0 0 0
0.535508 -0.021240 0.149512 0 0 0
0.536079 -0.020068 0.149470 0 0 0
0.536746 -0.018759 0.149441 0 0 0
0.537410 -0.017464 0.149411 0 0 0
0.538110 -0.016186 0.149370 0 0 0
0.538784 -0.014890 0.149336 0 0 0
0.539394 -0.013739 0.149283 0 0 0
0.539391 -0.011848 0.148721 0 0 0
0.539965 -0.010676 0.148680 0 0 0
0.540632 -0.009365 0.148651 0 0 0
0.541294 -0.008067 0.148623 0 0 0
0.541956 -0.006770 0.148594 0 0 0
0.542618 -0.005473 0.148566 0 0 0
0.543279 -0.004175 0.148538 0 0 0
0.543941 -0.002878 0.148510 0 0 0
0.544603 -0.001580 0.148481 0 0 0
0.545273 -0.000269 0.148453 0 0 0
0.545878 0.000879 0.148441 0 0 0
0.547417 0.002095 0.148958 0 0 0
0.547925 0.003105 0.148975 255 0 0
0.549462 0.004331 0.149495 0 0 0
0.549972 0.005340 0.149514 255 0 0
0.551448 0.006401 0.150048 255 0 0
0.552882 0.007480 0.150593 255 0 0
0.553425 0.008461 0.150602 255 0 0
0.554908 0.009677 0.151130 255 0 0
0.555513 0.010826 0.151120 255 0 0
0.556087 0.011983 0.151081 255 0 0
0.556197 0.013896 0.150483 255 0 0
0.556769 0.015055 0.150445 255 0 0
0.557378 0.016209 0.150436 255 0 0
0.558887 0.017366 0.150945 255 0 0
0.559489 0.018500 0.150936 255 0 0
0.560153 0.019799 0.150908 0 0 0
0.560816 0.021101 0.150879 0 0 0
0.561380 0.022241 0.150843 0 0 0
0.561463 0.024221 0.150255 0 0 0
0.561975 0.025195 0.150197 255 0 0
0.562018 0.027195 0.149621 255 0 0
0.562630 0.028336 0.149571 0 0 0
0.563212 0.029497 0.149532 0 0 0
0.563341 0.031468 0.148928 0 0 0
0.563819 0.032464 0.148884 0 0 0
0.563954 0.034443 0.148278 0 0 0
0.564527 0.035593 0.148241 0 0 0
0.565195 0.036904 0.148212 0 0 0
0.565863 0.038215 0.148183 0 0 0
0.566436 0.039362 0.148147 0 0 0
0.566569 0.041340 0.147541 0 0 0
0.567139 0.042489 0.147506 0 0 0
0.567809 0.043803 0.147477 0 0 0
0.568470 0.045100 0.147449 0 0 0
0.569137 0.046413 0.147422 0 0 0
0.569724 0.047591 0.147427 0 0 0
0.571175 0.048687 0.147936 0 0 0
0.571793 0.049841 0.147930 0 0 0
0.572461 0.051149 0.147902 0 0 0
0.573121 0.052444 0.147874 0 0 0
0.573782 0.053739 0.147846 0 0 0
0.574442 0.055034 0.147818 0 0 0
0.575104 0.056329 0.147790 0 0 0
0.575764 0.057624 0.147761 0 0 0
0.576432 0.058936 0.147732 0 0 0
0.577000 0.060075 0.147699 0 0 0
0.577151 0.062102 0.147089 0 0 0
0.577726 0.063247 0.147054 0 0 0
0.578396 0.064560 0.147025 0 0 0
0.579058 0.065858 0.146997 0 0 0
0.579720 0.067155 0.146969 0 0 0
0.580381 0.068452 0.146940 0 0 0
0.581043 0.069750 0.146912 0 0 0
0.581705 0.071047 0.146884 0 0 0
0.582375 0.072362 0.146855 0 0 0
0.582945 0.073500 0.146823 0 0 0
0.583112 0.075559 0.146208 0 0 0
0.583683 0.076702 0.146176 0 0 0
0.584354 0.078019 0.146147 0 0 0
0.585018 0.079318 0.146119 0 0 0
0.585681 0.080617 0.146090 0 0 0
0.586344 0.081917 0.146062 0 0 0
0.587018 0.083237 0.146033 0 0 0
0.587583 0.084345 0.146009 0 0 0
0.478536 -0.149177 0.155822 0 0 0
0.479081 -0.148110 0.155799 0 0 0
0.479745 -0.146810 0.155771 0 0 0
0.480396 -0.145533 0.155743 0 0 0
0.481047 -0.144257 0.155715 0 0 0
0.481698 -0.142980 0.155687 0 0 0
0.482349 -0.141704 0.155660 0 0 0
0.483000 -0.140427 0.155632 0 0 0
0.483652 -0.139151 0.155604 0 0 0
0.484303 -0.137874 0.155576 0 0 0
0.484954 -0.136598 0.155549 0 0 0
0.485605 -0.135321 0.155521 0 0 0
0.486256 -0.134045 0.155493 0 0 0
0.486907 -0.132768 0.155465 0 0 0
0.487558 -0.131492 0.155437 0 0 0
0.488220 -0.130195 0.155409 0 0 0
0.488781 -0.129110 0.155390 0 0 0
0.490487 -0.127638 0.155917 0 0 0
0.491042 -0.126553 0.155900 0 0 0
0.491657 -0.125244 0.155886 0 0 0
0.492300 -0.123949 0.155863 0 0 0
0.492923 -0.122655 0.155845 0 0 0
0.493518 -0.121573 0.155817 0 0 0
0.495217 -0.120128 0.156342 0 0 0
0.495731 -0.119030 0.156338 0 0 0
0.496386 -0.117727 0.156312 0 0 0
0.497034 -0.116455 0.156285 0 0 0
0.497683 -0.115184 0.156257 0 0 0
0.498332 -0.113912 0.156229 0 0 0
0.498981 -0.112640 0.156202 0 0 0
0.499629 -0.111368 0.156174 0 0 0
0.500285 -0.110085 0.156144 0 0 0
0.500876 -0.108907 0.156072 0 0 0
0.500804 -0.107314 0.155547 0 0 0
0.501396 -0.106132 0.155475 0 0 0
0.502052 -0.104847 0.155445 0 0 0
0.502702 -0.103573 0.155417 0 0 0
0.503352 -0.102299 0.155389 0 0 0
0.504002 -0.101025 0.155362 0 0 0
0.504652 -0.099751 0.155334 0 0 0
0.505301 -0.098476 0.155306 0 0 0
0.505956 -0.097190 0.155277 0 0 0
0.506510 -0.096007 0.155219 0 0 0
0.506528 -0.094397 0.154664 0 0 0
0.507085 -0.093209 0.154606 0 0 0
0.507741 -0.091921 0.154576 0 0 0
0.508393 -0.090644 0.154548 0 0 0
0.509048 -0.089355 0.154519 0 0 0
0.509606 -0.088174 0.154463 0 0 0
0.509634 -0.086527 0.153901 0 0 0
0.510099 -0.085440 0.153820 0 0 0
0.510094 -0.083756 0.153265 0 0 0
0.510602 -0.082680 0.153174 0 0 0
0.510601 -0.080991 0.152617 0 0 0
0.511111 -0.079910 0.152524 0 0 0
0.511063 -0.078327 0.151932 0 0 0
0.510970 -0.076713 0.151351 0 0 0
0.511485 -0.075634 0.151262 0 0 0
0.511480 -0.073928 0.150708 0 0 0
0.512004 -0.072832 0.150618 0 0 0
0.511930 -0.071094 0.150189 0 0 0
0.512503 -0.070087 0.150034 0 0 0
0.514142 -0.068725 0.150539 0 0 0
0.514730 -0.067591 0.150521 0 0 0
0.515308 -0.066389 0.150471 0 0 0
0.515295 -0.064671 0.149920 0 0 0
0.515875 -0.063471 0.149863 0 0 0
0.516538 -0.062167 0.149833 0 0 0
0.517197 -0.060874 0.149805 0 0 0
0.517864 -0.059564 0.149778 0 0 0
0.518450 -0.058437 0.149762 0 0 0
0.520065 -0.057115 0.150285 0 0 0
0.520648 -0.055989 0.150269 0 0 0
0.521315 -0.054682 0.150242 0 0 0
0.521972 -0.053392 0.150213 0 0 0
0.522641 -0.052084 0.150185 0 0 0
0.523225 -0.050962 0.150170 0 0 0
0.524795 -0.049608 0.150710 0 0 0
0.525304 -0.048660 0.150708 0 0 0
0.526804 -0.047467 0.151260 0 0 0
0.528290 -0.046299 0.151809 0 0 0
0.528882 -0.045164 0.151796 0 0 0
0.529472 -0.044034 0.151782 0 0 0
0.531019 -0.042714 0.152320 0 0 0
0.531598 -0.041606 0.152306 0 0 0
0.532261 -0.040307 0.152278 0 0 0
0.532915 -0.039026 0.152250 0 0 0
0.533575 -0.037730 0.152221 0 0 0
0.534134 -0.036574 0.152176 0 0 0
0.534210 -0.034770 0.151590 0 0 0
0.534679 -0.033738 0.151529 0 0 0
0.534761 -0.031913 0.150940 0 0 0
0.535235 -0.030878 0.150880 0 0 0
0.535314 -0.029062 0.150292 0 0 0
0.535882 -0.027896 0.150247 0 0 0
0.536551 -0.026580 0.150216 0 0 0
0.537118 -0.025418 0.150173 0 0 0
0.537153 -0.023587 0.149598 0 0 0
0.537759 -0.022437 0.149542 0 0 0
0.538428 -0.021132 0.149511 0 0 0
0.539097 -0.019827 0.149481 0 0 0
0.539704 -0.018682 0.149426 0 0 0
0.539699 -0.016810 0.148863 0 0 0
0.540269 -0.015642 0.148822 0 0 0
0.540936 -0.014341 0.148791 0 0 0
0.541635 -0.013066 0.148750 0 0 0
0.542298 -0.011773 0.148720 0 0 0
0.542957 -0.010481 0.148692 0 0 0
0.543617 -0.009188 0.148664 0 0 0
0.544276 -0.007895 0.148636 0 0 0
0.544935 -0.006603 0.148608 0 0 0
0.545595 -0.005310 0.148580 0 0 0
0.546254 -0.004017 0.148552 0 0 0
0.546913 -0.002725 0.148523 0 0 0
0.547581 -0.001417 0.148496 0 0 0
0.548181 -0.000276 0.148485 0 0 0
0.549677 0.000958 0.149017 0 0 0
0.550215 0.001942 0.149023 0 0 0
0.551716 0.003186 0.149555 0 0 0
0.552256 0.004168 0.149564 255 0 0
0.553690 0.005253 0.150113 255 0 0
0.555123 0.006328 0.150660 255 0 0
0.555661 0.007302 0.150670 255 0 0
0.557142 0.008516 0.151199 255 0 0
0.557744 0.009659 0.151189 255 0 0
0.558311 0.010807 0.151152 255 0 0
0.558422 0.012720 0.150552 255 0 0
0.558986 0.013859 0.150513 255 0 0
0.559646 0.015162 0.150485 255 0 0
0.560262 0.016468 0.150471 255 0 0
0.560909 0.017750 0.150445 0 0 0
0.561564 0.019034 0.150417 0 0 0
0.562218 0.020318 0.150389 0 0 0
0.562890 0.021612 0.150357 0 0 0
0.563530 0.022707 0.150293 0 0 0
0.563568 0.024686 0.149717 255 0 0
0.564171 0.025804 0.149667 0 0 0
0.564847 0.027124 0.149635 0 0 0
0.565412 0.028260 0.149598 0 0 0
0.565535 0.030212 0.148994 0 0 0
0.566116 0.031370 0.148955 0 0 0
0.566729 0.032504 0.148904 0 0 0
0.566815 0.034488 0.148312 0 0 0
0.567380 0.035628 0.148277 0 0 0
0.568053 0.036952 0.148247 0 0 0
0.568618 0.038091 0.148212 0 0 0
0.568752 0.040067 0.147604 0 0 0
0.569324 0.041211 0.147568 0 0 0
0.569991 0.042520 0.147539 0 0 0
0.570658 0.043825 0.147511 0 0 0
0.571275 0.044976 0.147506 0 0 0
0.572727 0.046070 0.148014 0 0 0
0.573306 0.047242 0.148021 0 0 0
0.573969 0.048548 0.147995 0 0 0
0.574633 0.049840 0.147965 0 0 0
0.575331 0.051108 0.147923 0 0 0
0.575991 0.052393 0.147894 0 0 0
0.576650 0.053685 0.147866 0 0 0
0.577299 0.054974 0.147840 0 0 0
0.577920 0.056288 0.147825 0 0 0
0.578577 0.057581 0.147798 0 0 0
0.579250 0.058890 0.147768 0 0 0
0.579855 0.060001 0.147721 0 0 0
0.579967 0.062051 0.147123 0 0 0
0.580532 0.063186 0.147089 0 0 0
0.581200 0.064496 0.147060 0 0 0
0.581859 0.065789 0.147032 0 0 0
0.582519 0.067081 0.147004 0 0 0
0.583178 0.068374 0.146976 0 0 0
0.583837 0.069667 0.146948 0 0 0
0.584497 0.070959 0.146920 0 0 0
0.585156 0.072252 0.146892 0 0 0
0.585816 0.073544 0.146864 0 0 0
0.586484 0.074854 0.146835 0 0 0
0.587055 0.075987 0.146801 0 0 0
0.587223 0.078052 0.146186 0 0 0
0.587790 0.079186 0.146154 0 0 0
0.588459 0.080498 0.146125 0 0 0
0.589138 0.081816 0.146094 0 0 0
0.589740 0.082896 0.146056 0 0 0
0.481703 -0.148491 0.155864 0 0 0
0.482244 -0.147432 0.155841 0 0 0
0.482905 -0.146136 0.155812 0 0 0
0.483554 -0.144864 0.155785 0 0 0
0.484203 -0.143592 0.155757 0 0 0
0.484851 -0.142320 0.155729 0 0 0
0.485500 -0.141048 0.155702 0 0 0
0.486149 -0.139777 0.155674 0 0 0
0.486798 -0.138505 0.155646 0 0 0
0.487446 -0.137233 0.155619 0 0 0
0.488095 -0.135961 0.155591 0 0 0
0.488744 -0.134689 0.155563 0 0 0
0.489392 -0.133417 0.155536 0 0 0
0.490041 -0.132145 0.155508 0 0 0
0.490689 -0.130874 0.155480 0 0 0
0.491334 -0.129592 0.155455 0 0 0
0.491949 -0.128286 0.155441 0 0 0
0.492504 -0.127203 0.155424 0 0 0
0.494207 -0.125744 0.155951 0 0 0
0.494760 -0.124661 0.155934 0 0 0
0.495418 -0.123371 0.155906 0 0 0
0.496072 -0.122071 0.155881 0 0 0
0.496585 -0.120976 0.155877 0 0 0
0.498328 -0.119552 0.156388 0 0 0
0.498882 -0.118475 0.156370 0 0 0
0.499540 -0.117188 0.156343 0 0 0
0.500186 -0.115921 0.156315 0 0 0
0.500833 -0.114653 0.156287 0 0 0
0.501479 -0.113386 0.156260 0 0 0
0.502129 -0.112107 0.156231 0 0 0
0.502675 -0.110923 0.156171 0 0 0
0.502593 -0.109323 0.155650 0 0 0
0.503182 -0.108147 0.155578 0 0 0
0.503836 -0.106867 0.155547 0 0 0
0.504484 -0.105597 0.155520 0 0 0
0.505131 -0.104328 0.155492 0 0 0
0.505779 -0.103058 0.155464 0 0 0
0.506427 -0.101789 0.155437 0 0 0
0.507074 -0.100519 0.155409 0 0 0
0.507722 -0.099250 0.155381 0 0 0
0.508369 -0.097980 0.155354 0 0 0
0.509017 -0.096711 0.155326 0 0 0
0.509670 -0.095428 0.155297 0 0 0
0.510220 -0.094254 0.155239 0 0 0
0.510243 -0.092637 0.154682 0 0 0
0.510796 -0.091459 0.154624 0 0 0
0.511454 -0.090161 0.154593 0 0 0
0.512006 -0.088987 0.154537 0 0 0
0.512032 -0.087355 0.153976 0 0 0
0.512593 -0.086163 0.153918 0 0 0
0.513154 -0.084972 0.153859 0 0 0
0.513096 -0.083416 0.153269 0 0 0
0.513043 -0.081842 0.152674 0 0 0
0.513548 -0.080768 0.152580 0 0 0
0.513454 -0.079169 0.151995 0 0 0
0.513315 -0.077686 0.151379 0 0 0
0.513230 -0.076080 0.150790 0 0 0
0.513790 -0.075006 0.150682 0 0 0
0.513788 -0.073318 0.150125 0 0 0
0.514393 -0.072146 0.150061 0 0 0
0.515055 -0.070839 0.150032 0 0 0
0.515673 -0.069535 0.150017 0 0 0
0.516326 -0.068247 0.149990 0 0 0
0.516988 -0.066967 0.149960 0 0 0
0.517684 -0.065693 0.149919 0 0 0
0.518339 -0.064406 0.149891 0 0 0
0.518954 -0.063100 0.149878 0 0 0
0.519608 -0.061805 0.149851 0 0 0
0.520274 -0.060500 0.149823 0 0 0
0.520854 -0.059378 0.149808 0 0 0
0.522422 -0.058029 0.150350 0 0 0
0.523011 -0.056900 0.150334 0 0 0
0.523601 -0.055768 0.150318 0 0 0
0.525164 -0.054423 0.150860 0 0 0
0.525743 -0.053314 0.150845 0 0 0
0.526416 -0.051995 0.150817 0 0 0
0.526995 -0.050883 0.150802 0 0 0
0.528561 -0.049531 0.151344 0 0 0
0.529060 -0.048594 0.151342 0 0 0
0.530633 -0.047232 0.151883 0 0 0
0.531133 -0.046305 0.151881 0 0 0
0.532703 -0.044944 0.152422 0 0 0
0.533202 -0.044020 0.152421 0 0 0
0.534757 -0.042689 0.152960 0 0 0
0.535338 -0.041571 0.152946 0 0 0
0.535903 -0.040404 0.152900 0 0 0
0.535971 -0.038628 0.152316 0 0 0
0.536533 -0.037462 0.152269 0 0 0
0.537098 -0.036297 0.152222 0 0 0
0.537175 -0.034493 0.151634 0 0 0
0.537642 -0.033470 0.151573 0 0 0
0.537727 -0.031643 0.150982 0 0 0
0.538196 -0.030618 0.150922 0 0 0
0.538277 -0.028798 0.150332 0 0 0
0.538844 -0.027627 0.150286 0 0 0
0.539414 -0.026456 0.150241 0 0 0
0.539491 -0.024644 0.149652 0 0 0
0.540057 -0.023484 0.149608 0 0 0
0.540725 -0.022169 0.149577 0 0 0
0.541290 -0.021013 0.149534 0 0 0
0.541329 -0.019169 0.148956 0 0 0
0.541935 -0.018026 0.148901 0 0 0
0.542603 -0.016723 0.148870 0 0 0
0.543260 -0.015435 0.148842 0 0 0
0.543917 -0.014147 0.148814 0 0 0
0.544574 -0.012859 0.148786 0 0 0
0.545231 -0.011571 0.148758 0 0 0
0.545888 -0.010282 0.148730 0 0 0
0.546544 -0.008994 0.148702 0 0 0
0.547201 -0.007706 0.148674 0 0 0
0.547858 -0.006418 0.148646 0 0 0
0.548515 -0.005130 0.148618 0 0 0
0.549172 -0.003842 0.148590 0 0 0
0.549838 -0.002539 0.148562 0 0 0
0.550435 -0.001406 0.148552 0 0 0
0.551969 -0.000195 0.149072 0 0 0
0.552469 0.000801 0.149092 0 0 0
0.553903 0.001888 0.149643 0 0 0
0.555376 0.002950 0.150180 255 0 0
0.555872 0.003939 0.150202 255 0 0
0.557403 0.005155 0.150722 255 0 0
0.557896 0.006138 0.150744 255 0 0
0.559422 0.007332 0.151260 255 0 0
0.560014 0.008450 0.151250 255 0 0
0.560682 0.009758 0.151222 255 0 0
0.561239 0.010886 0.151184 255 0 0
0.561303 0.012827 0.150599 255 0 0
0.561859 0.013957 0.150561 255 0 0
0.562518 0.015253 0.150532 255 0 0
0.563177 0.016533 0.150502 255 0 0
0.563863 0.017788 0.150462 255 0 0
0.564491 0.019103 0.150445 0 0 0
0.565088 0.020214 0.150395 0 0 0
0.565118 0.022189 0.149820 0 0 0
0.565717 0.023301 0.149770 255 0 0
0.566384 0.024599 0.149739 0 0 0
0.567051 0.025898 0.149708 0 0 0
0.567651 0.027007 0.149659 0 0 0
0.567740 0.028996 0.149066 0 0 0
0.568211 0.029975 0.149021 0 0 0
0.568303 0.031971 0.148427 0 0 0
0.568905 0.033086 0.148378 0 0 0
0.569574 0.034389 0.148347 0 0 0
0.570230 0.035675 0.148319 0 0 0
0.570894 0.036978 0.148290 0 0 0
0.571456 0.038108 0.148255 0 0 0
0.571596 0.040089 0.147645 0 0 0
0.572158 0.041224 0.147610 0 0 0
0.572823 0.042529 0.147581 0 0 0
0.573486 0.043833 0.147554 0 0 0
0.574066 0.045001 0.147562 0 0 0
0.575519 0.046091 0.148069 0 0 0
0.576179 0.047230 0.148050 0 0 0
0.576753 0.048366 0.148015 0 0 0
0.576803 0.050420 0.147436 0 0 0
0.577368 0.051554 0.147402 0 0 0
0.578041 0.052871 0.147374 0 0 0
0.578660 0.054020 0.147370 0 0 0
0.580099 0.055089 0.147874 0 0 0
0.580724 0.056252 0.147870 0 0 0
0.581296 0.057391 0.147836 0 0 0
0.581405 0.059435 0.147238 0 0 0
0.582007 0.060543 0.147191 0 0 0
0.582679 0.061850 0.147160 0 0 0
0.583336 0.063137 0.147132 0 0 0
0.583993 0.064426 0.147104 0 0 0
0.584650 0.065714 0.147076 0 0 0
0.585307 0.067002 0.147048 0 0 0
0.585964 0.068290 0.147020 0 0 0
0.586621 0.069578 0.146992 0 0 0
0.587278 0.070865 0.146964 0 0 0
0.587942 0.072155 0.146934 0 0 0
0.588647 0.073437 0.146891 0 0 0
0.589213 0.074558 0.146858 0 0 0
0.589333 0.076647 0.146258 0 0 0
0.589902 0.077776 0.146225 0 0 0
0.590584 0.079103 0.146193 0 0 0
0.591188 0.080207 0.146147 0 0 0
0.591287 0.082348 0.145558 0 0 0
0.591788 0.083256 0.145519 0 0 0
0.484213 -0.149078 0.155941 0 0 0
0.484749 -0.148027 0.155918 0 0 0
0.485408 -0.146735 0.155890 0 0 0
0.486055 -0.145468 0.155862 0 0 0
0.486701 -0.144201 0.155835 0 0 0
0.487348 -0.142934 0.155807 0 0 0
0.487994 -0.141666 0.155780 0 0 0
0.488640 -0.140399 0.155752 0 0 0
0.489287 -0.139132 0.155724 0 0 0
0.489933 -0.137865 0.155697 0 0 0
0.490579 -0.136597 0.155669 0 0 0
0.491225 -0.135330 0.155642 0 0 0
0.491871 -0.134062 0.155614 0 0 0
0.492517 -0.132795 0.155587 0 0 0
0.493164 -0.131528 0.155559 0 0 0
0.493810 -0.130261 0.155531 0 0 0
0.494467 -0.128973 0.155504 0 0 0
0.495018 -0.127893 0.155487 0 0 0
0.496670 -0.126406 0.156034 0 0 0
0.497221 -0.125339 0.156015 0 0 0
0.497878 -0.124053 0.155988 0 0 0
0.498522 -0.122788 0.155960 0 0 0
0.499164 -0.121513 0.155935 0 0 0
0.499763 -0.120232 0.155922 0 0 0
0.500405 -0.118969 0.155896 0 0 0
0.501050 -0.117703 0.155868 0 0 0
0.501695 -0.116439 0.155841 0 0 0
0.502341 -0.115174 0.155813 0 0 0
0.502986 -0.113909 0.155786 0 0 0
0.503631 -0.112643 0.155758 0 0 0
0.504283 -0.111391 0.155726 0 0 0
0.504972 -0.110138 0.155686 0 0 0
0.505620 -0.108874 0.155657 0 0 0
0.506265 -0.107609 0.155630 0 0 0
0.506910 -0.106344 0.155602 0 0 0
0.507555 -0.105079 0.155575 0 0 0
0.508201 -0.103814 0.155547 0 0 0
0.508846 -0.102549 0.155520 0 0 0
0.509491 -0.101285 0.155492 0 0 0
0.510136 -0.100020 0.155465 0 0 0
0.510781 -0.098755 0.155437 0 0 0
0.511426 -0.097490 0.155410 0 0 0
0.512072 -0.096225 0.155382 0 0 0
0.512722 -0.094947 0.155353 0 0 0
0.513271 -0.093779 0.155295 0 0 0
0.513296 -0.092162 0.154736 0 0 0
0.513844 -0.090991 0.154678 0 0 0
0.514500 -0.089697 0.154647 0 0 0
0.515051 -0.088530 0.154591 0 0 0
0.515084 -0.086882 0.154026 0 0 0
0.515539 -0.085810 0.153941 0 0 0
0.515483 -0.084241 0.153346 0 0 0
0.515337 -0.082774 0.152727 0 0 0
0.515245 -0.081183 0.152139 0 0 0
0.515799 -0.080118 0.152024 0 0 0
0.515745 -0.078549 0.151433 0 0 0
0.515559 -0.077041 0.150825 0 0 0
0.515375 -0.075531 0.150218 0 0 0
0.515315 -0.073948 0.149628 0 0 0
0.515888 -0.072748 0.149567 0 0 0
0.516549 -0.071452 0.149538 0 0 0
0.517207 -0.070167 0.149509 0 0 0
0.517863 -0.068881 0.149481 0 0 0
0.518518 -0.067595 0.149453 0 0 0
0.519182 -0.066291 0.149426 0 0 0
0.519760 -0.065176 0.149410 0 0 0
0.521426 -0.063865 0.149921 0 0 0
0.521971 -0.062718 0.149919 0 0 0
0.522556 -0.061584 0.149906 0 0 0
0.524123 -0.060233 0.150449 0 0 0
0.524708 -0.059104 0.150434 0 0 0
0.525293 -0.057980 0.150419 0 0 0
0.526855 -0.056631 0.150963 0 0 0
0.527440 -0.055511 0.150947 0 0 0
0.528026 -0.054390 0.150933 0 0 0
0.529583 -0.053055 0.151475 0 0 0
0.530166 -0.051932 0.151461 0 0 0
0.530751 -0.050814 0.151447 0 0 0
0.532313 -0.049468 0.151989 0 0 0
0.532807 -0.048545 0.151988 0 0 0
0.534366 -0.047204 0.152529 0 0 0
0.534946 -0.046087 0.152517 0 0 0
0.535528 -0.044970 0.152504 0 0 0
0.537122 -0.043686 0.153026 0 0 0
0.537698 -0.042575 0.153012 0 0 0
0.538262 -0.041416 0.152967 0 0 0
0.538278 -0.039616 0.152398 0 0 0
0.538838 -0.038456 0.152351 0 0 0
0.539399 -0.037297 0.152303 0 0 0
0.539481 -0.035497 0.151713 0 0 0
0.539984 -0.034497 0.151639 0 0 0
0.540030 -0.032656 0.151059 0 0 0
0.540534 -0.031655 0.150987 0 0 0
0.540571 -0.029823 0.150409 0 0 0
0.541142 -0.028656 0.150362 0 0 0
0.541749 -0.027510 0.150304 0 0 0
0.541782 -0.025681 0.149727 0 0 0
0.542344 -0.024529 0.149683 0 0 0
0.543010 -0.023218 0.149652 0 0 0
0.543572 -0.022068 0.149609 0 0 0
0.543655 -0.020243 0.149016 0 0 0
0.544219 -0.019089 0.148973 0 0 0
0.544880 -0.017791 0.148944 0 0 0
0.545534 -0.016508 0.148916 0 0 0
0.546189 -0.015224 0.148888 0 0 0
0.546844 -0.013941 0.148860 0 0 0
0.547498 -0.012657 0.148832 0 0 0
0.548153 -0.011374 0.148804 0 0 0
0.548807 -0.010090 0.148776 0 0 0
0.549462 -0.008807 0.148748 0 0 0
0.550117 -0.007524 0.148720 0 0 0
0.550771 -0.006240 0.148692 0 0 0
0.551426 -0.004957 0.148664 0 0 0
0.552080 -0.003673 0.148636 0 0 0
0.552741 -0.002370 0.148610 0 0 0
0.553300 -0.001220 0.148615 0 0 0
0.554767 -0.000171 0.149152 0 0 0
0.556195 0.000918 0.149705 0 0 0
0.556689 0.001902 0.149727 255 0 0
0.558220 0.003122 0.150250 255 0 0
0.558711 0.004100 0.150271 255 0 0
0.560228 0.005298 0.150792 0 0 0
0.560777 0.006435 0.150797 0 0 0
0.561427 0.007723 0.150773 255 0 0
0.562078 0.008998 0.150745 255 0 0
0.562730 0.010265 0.150715 255 0 0
0.563429 0.011519 0.150671 0 0 0
0.564128 0.012773 0.150627 0 0 0
0.564788 0.014056 0.150597 255 0 0
0.565343 0.015184 0.150559 255 0 0
0.565329 0.017016 0.150018 255 0 0
0.566675 0.017870 0.150475 0 0 0
0.566667 0.019701 0.149932 0 0 0
0.567263 0.020809 0.149880 255 0 0
0.567934 0.022106 0.149848 255 0 0
0.568636 0.023376 0.149805 0 0 0
0.569195 0.024493 0.149767 0 0 0
0.569232 0.026489 0.149189 0 0 0
0.569870 0.027588 0.149127 0 0 0
0.570408 0.028749 0.149099 0 0 0
0.570533 0.030709 0.148493 0 0 0
0.571094 0.031838 0.148456 0 0 0
0.571755 0.033136 0.148427 0 0 0
0.572409 0.034417 0.148399 0 0 0
0.573062 0.035699 0.148371 0 0 0
0.573716 0.036980 0.148343 0 0 0
0.574370 0.038260 0.148315 0 0 0
0.575024 0.039541 0.148287 0 0 0
0.575685 0.040840 0.148258 0 0 0
0.576247 0.041968 0.148222 0 0 0
0.576371 0.043822 0.147646 0 0 0
0.577620 0.044630 0.148117 0 0 0
0.577647 0.046544 0.147573 0 0 0
0.578211 0.047669 0.147536 0 0 0
0.578914 0.048946 0.147493 0 0 0
0.579575 0.050232 0.147463 0 0 0
0.580238 0.051527 0.147436 0 0 0
0.580852 0.052669 0.147433 0 0 0
0.582292 0.053737 0.147938 0 0 0
0.582914 0.054893 0.147934 0 0 0
0.583482 0.056026 0.147901 0 0 0
0.583586 0.058074 0.147303 0 0 0
0.584149 0.059198 0.147269 0 0 0
0.584812 0.060499 0.147240 0 0 0
0.585467 0.061782 0.147212 0 0 0
0.586121 0.063065 0.147184 0 0 0
0.586776 0.064349 0.147156 0 0 0
0.587431 0.065632 0.147128 0 0 0
0.588085 0.066915 0.147100 0 0 0
0.588747 0.068201 0.147070 0 0 0
0.589451 0.069477 0.147027 0 0 0
0.590014 0.070592 0.146994 0 0 0
0.590085 0.072701 0.146409 0 0 0
0.590650 0.073820 0.146375 0 0 0
0.591353 0.075099 0.146332 0 0 0
0.592025 0.076405 0.146302 0 0 0
0.592590 0.077526 0.146269 0 0 0
0.592718 0.079617 0.145665 0 0 0
0.593319 0.080718 0.145619 0 0 0
0.594004 0.082048 0.145588 0 0 0
0.594560 0.083135 0.145564 0 0 0
0.486716 -0.149662 0.156026 0 0 0
0.487249 -0.148619 0.156004 0 0 0
0.487906 -0.147332 0.155976 0 0 0
0.488550 -0.146069 0.155948 0 0 0
0.489194 -0.144806 0.155921 0 0 0
0.489838 -0.143544 0.155893 0 0 0
0.490482 -0.142281 0.155866 0 0 0
0.491126 -0.141019 0.155838 0 0 0
0.491770 -0.139756 0.155811 0 0 0
0.492426 -0.138471 0.155783 0 0 0
0.492974 -0.137410 0.155765 0 0 0
0.494635 -0.135904 0.156313 0 0 0
0.495179 -0.134836 0.156297 0 0 0
0.495833 -0.133554 0.156269 0 0 0
0.496476 -0.132294 0.156242 0 0 0
0.497118 -0.131034 0.156214 0 0 0
0.497761 -0.129773 0.156187 0 0 0
0.498404 -0.128513 0.156160 0 0 0
0.499046 -0.127252 0.156132 0 0 0
0.499688 -0.125992 0.156105 0 0 0
0.500331 -0.124732 0.156077 0 0 0
0.500974 -0.123471 0.156050 0 0 0
0.501617 -0.122211 0.156022 0 0 0
0.502260 -0.120951 0.155995 0 0 0
0.502903 -0.119691 0.155968 0 0 0
0.503545 -0.118430 0.155940 0 0 0
0.504188 -0.117170 0.155913 0 0 0
0.504831 -0.115910 0.155885 0 0 0
0.505474 -0.114649 0.155858 0 0 0
0.506117 -0.113389 0.155830 0 0 0
0.506759 -0.112129 0.155803 0 0 0
0.507402 -0.110869 0.155775 0 0 0
0.508045 -0.109608 0.155748 0 0 0
0.508688 -0.108348 0.155721 0 0 0
0.509334 -0.107089 0.155692 0 0 0
0.510022 -0.105841 0.155651 0 0 0
0.510673 -0.104594 0.155620 0 0 0
0.511312 -0.103335 0.155593 0 0 0
0.511906 -0.102057 0.155581 0 0 0
0.512545 -0.100786 0.155556 0 0 0
0.513188 -0.099526 0.155529 0 0 0
0.513830 -0.098266 0.155501 0 0 0
0.514476 -0.097006 0.155473 0 0 0
0.515170 -0.095746 0.155430 0 0 0
0.515719 -0.094598 0.155370 0 0 0
0.515692 -0.092956 0.154826 0 0 0
0.516237 -0.091791 0.154768 0 0 0
0.516894 -0.090502 0.154736 0 0 0
0.517483 -0.089355 0.154668 0 0 0
0.517472 -0.087695 0.154115 0 0 0
0.517923 -0.086631 0.154029 0 0 0
0.517868 -0.085066 0.153432 0 0 0
0.517720 -0.083601 0.152809 0 0 0
0.517572 -0.082129 0.152184 0 0 0
0.517383 -0.080633 0.151574 0 0 0
0.517329 -0.079065 0.150980 0 0 0
0.517885 -0.078006 0.150867 0 0 0
0.517896 -0.076301 0.150301 0 0 0
0.518404 -0.075242 0.150213 0 0 0
0.518406 -0.073537 0.149650 0 0 0
0.518965 -0.072359 0.149597 0 0 0
0.519623 -0.071065 0.149568 0 0 0
0.520277 -0.069784 0.149540 0 0 0
0.520930 -0.068503 0.149512 0 0 0
0.521583 -0.067222 0.149484 0 0 0
0.522243 -0.065916 0.149458 0 0 0
0.522776 -0.064789 0.149457 0 0 0
0.524401 -0.063435 0.149988 0 0 0
0.524892 -0.062508 0.149985 0 0 0
0.526481 -0.061116 0.150530 0 0 0
0.526973 -0.060200 0.150527 0 0 0
0.528546 -0.058828 0.151073 0 0 0
0.529116 -0.057733 0.151058 0 0 0
0.529785 -0.056422 0.151030 0 0 0
0.530357 -0.055320 0.151017 0 0 0
0.531912 -0.053984 0.151560 0 0 0
0.532493 -0.052875 0.151546 0 0 0
0.533074 -0.051758 0.151533 0 0 0
0.534635 -0.050416 0.152076 0 0 0
0.535124 -0.049498 0.152076 0 0 0
0.536735 -0.048186 0.152601 0 0 0
0.537304 -0.047096 0.152587 0 0 0
0.537951 -0.045806 0.152563 0 0 0
0.538512 -0.044495 0.152565 0 0 0
0.539189 -0.043241 0.152528 0 0 0
0.539799 -0.041972 0.152510 0 0 0
0.540492 -0.040714 0.152468 0 0 0
0.541194 -0.039450 0.152424 0 0 0
0.541748 -0.038320 0.152375 0 0 0
0.541679 -0.036628 0.151786 0 0 0
0.541625 -0.034925 0.151191 0 0 0
0.542125 -0.033928 0.151116 0 0 0
0.542166 -0.032100 0.150536 0 0 0
0.542770 -0.030957 0.150477 0 0 0
0.543337 -0.029799 0.150430 0 0 0
0.543371 -0.027976 0.149852 0 0 0
0.543970 -0.026847 0.149795 0 0 0
0.544632 -0.025555 0.149765 0 0 0
0.545290 -0.024263 0.149735 0 0 0
0.545848 -0.023120 0.149692 0 0 0
0.545932 -0.021297 0.149098 0 0 0
0.546491 -0.020150 0.149054 0 0 0
0.547150 -0.018855 0.149025 0 0 0
0.547803 -0.017577 0.148997 0 0 0
0.548455 -0.016298 0.148970 0 0 0
0.549108 -0.015020 0.148942 0 0 0
0.549760 -0.013741 0.148914 0 0 0
0.550412 -0.012462 0.148886 0 0 0
0.551065 -0.011183 0.148858 0 0 0
0.551717 -0.009904 0.148830 0 0 0
0.552369 -0.008626 0.148803 0 0 0
0.553021 -0.007347 0.148775 0 0 0
0.553674 -0.006068 0.148747 0 0 0
0.554326 -0.004789 0.148719 0 0 0
0.554987 -0.003495 0.148692 0 0 0
0.555581 -0.002373 0.148684 0 0 0
0.557003 -0.001302 0.149237 255 0 0
0.558475 -0.000244 0.149776 255 0 0
0.558964 0.000731 0.149799 255 0 0
0.560452 0.001977 0.150337 255 0 0
0.560975 0.002925 0.150347 255 0 0
0.562496 0.004117 0.150867 255 0 0
0.563041 0.005247 0.150872 255 0 0
0.563695 0.006538 0.150846 255 0 0
0.564343 0.007807 0.150819 255 0 0
0.564998 0.009094 0.150790 0 0 0
0.565546 0.010209 0.150752 0 0 0
0.565613 0.012151 0.150164 0 0 0
0.566167 0.013273 0.150126 255 0 0
0.566826 0.014555 0.150095 255 0 0
0.567516 0.015810 0.150054 0 0 0
0.568132 0.017100 0.150038 0 0 0
0.568822 0.018349 0.149996 0 0 0
0.569529 0.019617 0.149951 255 0 0
0.570084 0.020727 0.149913 255 0 0
0.570107 0.022722 0.149338 0 0 0
0.570679 0.023854 0.149297 0 0 0
0.571324 0.024951 0.149231 0 0 0
0.571335 0.026805 0.148684 0 0 0
0.572663 0.027629 0.149141 0 0 0
0.572714 0.029467 0.148581 0 0 0
0.573272 0.030593 0.148543 0 0 0
0.573931 0.031887 0.148514 0 0 0
0.574582 0.033163 0.148487 0 0 0
0.575233 0.034440 0.148459 0 0 0
0.575884 0.035716 0.148431 0 0 0
0.576535 0.036993 0.148403 0 0 0
0.577186 0.038269 0.148375 0 0 0
0.577853 0.039565 0.148345 0 0 0
0.578450 0.040658 0.148296 0 0 0
0.578541 0.042671 0.147699 0 0 0
0.579066 0.043811 0.147676 0 0 0
0.579758 0.045082 0.147635 0 0 0
0.580417 0.046363 0.147606 0 0 0
0.581069 0.047642 0.147578 0 0 0
0.581721 0.048920 0.147550 0 0 0
0.582373 0.050199 0.147522 0 0 0
0.583023 0.051481 0.147495 0 0 0
0.583637 0.052786 0.147481 0 0 0
0.584280 0.054063 0.147457 0 0 0
0.584934 0.055337 0.147427 0 0 0
0.585627 0.056593 0.147385 0 0 0
0.586287 0.057873 0.147355 0 0 0
0.586939 0.059151 0.147327 0 0 0
0.587592 0.060430 0.147300 0 0 0
0.588244 0.061709 0.147272 0 0 0
0.588896 0.062987 0.147244 0 0 0
0.589548 0.064266 0.147216 0 0 0
0.590209 0.065563 0.147187 0 0 0
0.590769 0.066676 0.147154 0 0 0
0.590885 0.068751 0.146552 0 0 0
0.591447 0.069863 0.146518 0 0 0
0.592149 0.071137 0.146475 0 0 0
0.592810 0.072421 0.146445 0 0 0
0.593463 0.073701 0.146417 0 0 0
0.594133 0.075002 0.146386 0 0 0
0.594732 0.076091 0.146340 0 0 0
0.594858 0.078183 0.145736 0 0 0
0.595421 0.079300 0.145703 0 0 0
0.596085 0.080602 0.145674 0 0 0
0.596751 0.081908 0.145645 0 0 0
0.597303 0.082987 0.145622 0 0 0
0.489909 -0.149003 0.156076 0 0 0
0.490441 -0.147978 0.156051 0 0 0
0.491096 -0.146693 0.156023 0 0 0
0.491738 -0.145435 0.155996 0 0 0
0.492377 -0.144178 0.155969 0 0 0
0.492970 -0.142905 0.155957 0 0 0
0.493607 -0.141634 0.155932 0 0 0
0.494248 -0.140377 0.155905 0 0 0
0.494900 -0.139097 0.155878 0 0 0
0.495443 -0.138033 0.155861 0 0 0
0.497155 -0.136557 0.156393 0 0 0
0.497649 -0.135487 0.156390 0 0 0
0.498297 -0.134196 0.156366 0 0 0
0.498936 -0.132941 0.156339 0 0 0
0.499577 -0.131686 0.156311 0 0 0
0.500217 -0.130430 0.156284 0 0 0
0.500858 -0.129174 0.156257 0 0 0
0.501498 -0.127919 0.156229 0 0 0
0.502139 -0.126663 0.156202 0 0 0
0.502779 -0.125407 0.156175 0 0 0
0.503420 -0.124152 0.156147 0 0 0
0.504060 -0.122896 0.156120 0 0 0
0.504700 -0.121641 0.156093 0 0 0
0.505341 -0.120385 0.156065 0 0 0
0.505981 -0.119129 0.156038 0 0 0
0.506625 -0.117874 0.156010 0 0 0
0.507312 -0.116631 0.155969 0 0 0
0.507960 -0.115390 0.155937 0 0 0
0.508601 -0.114134 0.155910 0 0 0
0.509241 -0.112878 0.155882 0 0 0
0.509882 -0.111623 0.155855 0 0 0
0.510522 -0.110367 0.155828 0 0 0
0.511164 -0.109097 0.155799 0 0 0
0.511701 -0.107934 0.155741 0 0 0
0.511614 -0.106308 0.155218 0 0 0
0.512165 -0.105120 0.155159 0 0 0
0.512718 -0.104042 0.155141 0 0 0
0.514447 -0.102660 0.155653 0 0 0
0.514994 -0.101598 0.155637 0 0 0
0.515646 -0.100322 0.155609 0 0 0
0.516290 -0.099053 0.155580 0 0 0
0.516826 -0.097896 0.155525 0 0 0
0.516746 -0.096237 0.154996 0 0 0
0.517296 -0.095090 0.154935 0 0 0
0.518035 -0.093847 0.154878 0 0 0
0.518691 -0.092589 0.154844 0 0 0
0.519232 -0.091433 0.154789 0 0 0
0.519163 -0.089766 0.154254 0 0 0
0.519757 -0.088607 0.154183 0 0 0
0.520349 -0.087448 0.154111 0 0 0
0.520247 -0.085887 0.153526 0 0 0
0.520098 -0.084428 0.152901 0 0 0
0.519950 -0.082961 0.152274 0 0 0
0.519805 -0.081489 0.151646 0 0 0
0.519663 -0.080016 0.151022 0 0 0
0.519572 -0.078415 0.150431 0 0 0
0.520073 -0.077360 0.150339 0 0 0
0.520078 -0.075663 0.149775 0 0 0
0.520677 -0.074504 0.149710 0 0 0
0.521336 -0.073214 0.149679 0 0 0
0.521987 -0.071938 0.149651 0 0 0
0.522638 -0.070661 0.149624 0 0 0
0.523289 -0.069385 0.149596 0 0 0
0.523949 -0.068090 0.149568 0 0 0
0.524521 -0.066993 0.149553 0 0 0
0.526102 -0.065606 0.150101 0 0 0
0.526588 -0.064696 0.150098 0 0 0
0.528176 -0.063293 0.150646 0 0 0
0.528662 -0.062387 0.150643 0 0 0
0.530236 -0.061011 0.151191 0 0 0
0.530812 -0.059905 0.151176 0 0 0
0.531390 -0.058799 0.151162 0 0 0
0.532948 -0.057451 0.151708 0 0 0
0.533514 -0.056367 0.151694 0 0 0
0.534170 -0.055081 0.151667 0 0 0
0.534826 -0.053795 0.151639 0 0 0
0.535393 -0.052704 0.151626 0 0 0
0.536989 -0.051407 0.152154 0 0 0
0.537508 -0.050294 0.152157 0 0 0
0.538114 -0.048981 0.152147 0 0 0
0.538763 -0.047700 0.152121 0 0 0
0.539335 -0.046610 0.152109 0 0 0
0.540876 -0.045454 0.152585 0 0 0
0.540729 -0.043985 0.152083 0 0 0
0.542270 -0.042814 0.152558 0 0 0
0.542741 -0.041862 0.152529 0 0 0
0.542716 -0.040012 0.151974 0 0 0
0.543275 -0.038872 0.151925 0 0 0
0.543874 -0.037742 0.151864 0 0 0
0.543960 -0.035940 0.151271 0 0 0
0.544416 -0.034939 0.151208 0 0 0
0.544499 -0.033130 0.150615 0 0 0
0.545064 -0.031975 0.150567 0 0 0
0.545666 -0.030842 0.150508 0 0 0
0.545704 -0.029020 0.149928 0 0 0
0.546302 -0.027899 0.149869 0 0 0
0.546962 -0.026621 0.149837 0 0 0
0.547617 -0.025333 0.149808 0 0 0
0.548171 -0.024189 0.149764 0 0 0
0.548155 -0.022505 0.149211 0 0 0
0.549612 -0.021368 0.149710 0 0 0
0.550057 -0.020382 0.149699 0 0 0
0.550155 -0.018521 0.149103 0 0 0
0.550709 -0.017386 0.149061 0 0 0
0.551366 -0.016096 0.149032 0 0 0
0.552015 -0.014821 0.149004 0 0 0
0.552665 -0.013546 0.148976 0 0 0
0.553315 -0.012272 0.148948 0 0 0
0.553966 -0.010999 0.148921 0 0 0
0.554616 -0.009725 0.148893 0 0 0
0.555266 -0.008450 0.148865 0 0 0
0.555916 -0.007176 0.148838 0 0 0
0.556566 -0.005902 0.148810 0 0 0
0.557224 -0.004612 0.148783 0 0 0
0.557811 -0.003499 0.148774 0 0 0
0.559294 -0.002259 0.149313 0 0 0
0.559779 -0.001290 0.149336 0 0 0
0.561248 -0.000237 0.149878 0 0 0
0.562704 0.000795 0.150417 255 0 0
0.563256 0.001944 0.150426 255 0 0
0.563806 0.003092 0.150433 255 0 0
0.565358 0.004237 0.150939 255 0 0
0.565899 0.005360 0.150944 255 0 0
0.566551 0.006647 0.150919 255 0 0
0.567195 0.007911 0.150891 0 0 0
0.567849 0.009194 0.150862 0 0 0
0.568398 0.010303 0.150824 0 0 0
0.568519 0.012220 0.150217 255 0 0
0.569065 0.013331 0.150179 255 0 0
0.569726 0.014617 0.150148 0 0 0
0.570425 0.015879 0.150104 0 0 0
0.570977 0.016982 0.150066 0 0 0
0.570996 0.018972 0.149492 255 0 0
0.571556 0.020080 0.149451 0 0 0
0.572308 0.021340 0.149392 0 0 0
0.572865 0.022447 0.149353 0 0 0
0.572897 0.024440 0.148774 0 0 0
0.573489 0.025539 0.148725 0 0 0
0.574113 0.026849 0.148707 0 0 0
0.574796 0.028095 0.148667 0 0 0
0.575452 0.029369 0.148638 0 0 0
0.576100 0.030640 0.148610 0 0 0
0.576749 0.031912 0.148582 0 0 0
0.577398 0.033184 0.148555 0 0 0
0.578047 0.034456 0.148527 0 0 0
0.578695 0.035728 0.148499 0 0 0
0.579353 0.037017 0.148471 0 0 0
0.579906 0.038128 0.148435 0 0 0
0.580001 0.040132 0.147836 0 0 0
0.580597 0.041223 0.147787 0 0 0
0.581262 0.042517 0.147756 0 0 0
0.581912 0.043790 0.147728 0 0 0
0.582562 0.045065 0.147701 0 0 0
0.583212 0.046339 0.147673 0 0 0
0.583862 0.047613 0.147645 0 0 0
0.584520 0.048901 0.147618 0 0 0
0.585136 0.050032 0.147620 0 0 0
0.586414 0.050978 0.148124 0 0 0
0.586560 0.052869 0.147543 0 0 0
0.587077 0.053837 0.147538 0 0 0
0.588357 0.054795 0.148041 0 0 0
0.588500 0.056678 0.147459 0 0 0
0.589051 0.057788 0.147424 0 0 0
0.589709 0.059081 0.147396 0 0 0
0.590360 0.060355 0.147368 0 0 0
0.591010 0.061629 0.147340 0 0 0
0.591660 0.062903 0.147312 0 0 0
0.592319 0.064196 0.147284 0 0 0
0.592875 0.065302 0.147250 0 0 0
0.593040 0.067347 0.146630 0 0 0
0.593598 0.068457 0.146597 0 0 0
0.594258 0.069752 0.146568 0 0 0
0.594909 0.071028 0.146540 0 0 0
0.595577 0.072325 0.146509 0 0 0
0.596173 0.073406 0.146463 0 0 0
0.596253 0.075518 0.145872 0 0 0
0.596850 0.076604 0.145826 0 0 0
0.597519 0.077903 0.145795 0 0 0
0.598171 0.079182 0.145767 0 0 0
0.598824 0.080460 0.145739 0 0 0
0.599476 0.081739 0.145711 0 0 0
0.600141 0.083041 0.145683 0 0 0
0.600688 0.084113 0.145660 0 0 0
0.491431 -0.149463 0.155614 0 0 0
0.491962 -0.148430 0.155591 0 0 0
0.492616 -0.147150 0.155563 0 0 0
0.493269 -0.145872 0.155535 0 0 0
0.493810 -0.144817 0.155518 0 0 0
0.495584 -0.143349 0.156035 0 0 0
0.496074 -0.142284 0.156032 0 0 0
0.496720 -0.140994 0.156007 0 0 0
0.497358 -0.139742 0.155980 0 0 0
0.498004 -0.138453 0.155956 0 0 0
0.498496 -0.137387 0.155953 0 0 0
0.500204 -0.135902 0.156489 0 0 0
0.500742 -0.134860 0.156471 0 0 0
0.501393 -0.133586 0.156444 0 0 0
0.502031 -0.132335 0.156417 0 0 0
0.502669 -0.131084 0.156389 0 0 0
0.503307 -0.129833 0.156362 0 0 0
0.503945 -0.128582 0.156335 0 0 0
0.504583 -0.127331 0.156308 0 0 0
0.505221 -0.126080 0.156280 0 0 0
0.505859 -0.124829 0.156253 0 0 0
0.506497 -0.123578 0.156226 0 0 0
0.507135 -0.122327 0.156199 0 0 0
0.507774 -0.121076 0.156171 0 0 0
0.508415 -0.119812 0.156142 0 0 0
0.508951 -0.118647 0.156077 0 0 0
0.508908 -0.117084 0.155546 0 0 0
0.509444 -0.115914 0.155483 0 0 0
0.510087 -0.114648 0.155454 0 0 0
0.510726 -0.113395 0.155426 0 0 0
0.511365 -0.112142 0.155399 0 0 0
0.512007 -0.110889 0.155371 0 0 0
0.512695 -0.109648 0.155329 0 0 0
0.513349 -0.108422 0.155294 0 0 0
0.514036 -0.107182 0.155252 0 0 0
0.514674 -0.105931 0.155225 0 0 0
0.515259 -0.104649 0.155216 0 0 0
0.515844 -0.103366 0.155207 0 0 0
0.516478 -0.102115 0.155181 0 0 0
0.517118 -0.100861 0.155154 0 0 0
0.517761 -0.099608 0.155125 0 0 0
0.518456 -0.098382 0.155080 0 0 0
0.519154 -0.097143 0.155033 0 0 0
0.519694 -0.095992 0.154976 0 0 0
0.519612 -0.094325 0.154446 0 0 0
0.520151 -0.093169 0.154390 0 0 0
0.520806 -0.091913 0.154356 0 0 0
0.521546 -0.090674 0.154298 0 0 0
0.522109 -0.089527 0.154228 0 0 0
0.522086 -0.087868 0.153682 0 0 0
0.522573 -0.086838 0.153586 0 0 0
0.522469 -0.085248 0.152999 0 0 0
0.522321 -0.083790 0.152373 0 0 0
0.522175 -0.082324 0.151743 0 0 0
0.522030 -0.080856 0.151117 0 0 0
0.521984 -0.079273 0.150512 0 0 0
0.522440 -0.078213 0.150431 0 0 0
0.522487 -0.076532 0.149854 0 0 0
0.523043 -0.075364 0.149800 0 0 0
0.523696 -0.074079 0.149771 0 0 0
0.524345 -0.072808 0.149743 0 0 0
0.525004 -0.071517 0.149715 0 0 0
0.525571 -0.070428 0.149700 0 0 0
0.527142 -0.069054 0.150250 0 0 0
0.527717 -0.067950 0.150235 0 0 0
0.528296 -0.066842 0.150221 0 0 0
0.529788 -0.065644 0.150782 0 0 0
0.531276 -0.064448 0.151343 0 0 0
0.531852 -0.063349 0.151330 0 0 0
0.532426 -0.062250 0.151316 0 0 0
0.533984 -0.060895 0.151864 0 0 0
0.534546 -0.059819 0.151850 0 0 0
0.535200 -0.058537 0.151823 0 0 0
0.535844 -0.057274 0.151795 0 0 0
0.536488 -0.056011 0.151768 0 0 0
0.537132 -0.054750 0.151740 0 0 0
0.537782 -0.053460 0.151715 0 0 0
0.538302 -0.052357 0.151716 0 0 0
0.539895 -0.051056 0.152247 0 0 0
0.540458 -0.049983 0.152233 0 0 0
0.541111 -0.048703 0.152206 0 0 0
0.541751 -0.047435 0.152181 0 0 0
0.542351 -0.046163 0.152166 0 0 0
0.543032 -0.044916 0.152127 0 0 0
0.543632 -0.043631 0.152114 0 0 0
0.544273 -0.042384 0.152085 0 0 0
0.544964 -0.041141 0.152043 0 0 0
0.545618 -0.039865 0.152013 0 0 0
0.546163 -0.038739 0.151967 0 0 0
0.546245 -0.036939 0.151374 0 0 0
0.546696 -0.035946 0.151311 0 0 0
0.546788 -0.034122 0.150714 0 0 0
0.547241 -0.033128 0.150653 0 0 0
0.547288 -0.031277 0.150068 0 0 0
0.547781 -0.030301 0.149997 0 0 0
0.547825 -0.028449 0.149414 0 0 0
0.548377 -0.027312 0.149370 0 0 0
0.549031 -0.026026 0.149342 0 0 0
0.549682 -0.024766 0.149312 0 0 0
0.550382 -0.023493 0.149271 0 0 0
0.550922 -0.022369 0.149273 0 0 0
0.552478 -0.021116 0.149799 0 0 0
0.552955 -0.020170 0.149773 0 0 0
0.553072 -0.018295 0.149174 0 0 0
0.553552 -0.017340 0.149149 0 0 0
0.555055 -0.016068 0.149689 0 0 0
0.555646 -0.014957 0.149676 0 0 0
0.556250 -0.013836 0.149621 0 0 0
0.556301 -0.011963 0.149034 0 0 0
0.556849 -0.010837 0.148993 0 0 0
0.557504 -0.009551 0.148964 255 0 0
0.558152 -0.008281 0.148936 255 0 0
0.558799 -0.007012 0.148909 0 0 0
0.559456 -0.005726 0.148882 255 0 0
0.560040 -0.004620 0.148873 0 0 0
0.561525 -0.003385 0.149412 255 0 0
0.562040 -0.002449 0.149422 255 0 0
0.563572 -0.001225 0.149949 255 0 0
0.564008 -0.000248 0.149985 255 0 0
0.565569 0.000925 0.150496 255 0 0
0.566113 0.002067 0.150504 255 0 0
0.566660 0.003209 0.150512 0 0 0
0.568209 0.004350 0.151018 0 0 0
0.568746 0.005466 0.151025 0 0 0
0.569402 0.006750 0.150998 0 0 0
0.570099 0.008005 0.150954 0 0 0
0.570646 0.009100 0.150914 255 0 0
0.570710 0.011044 0.150324 255 0 0
0.571265 0.012168 0.150284 255 0 0
0.571819 0.013290 0.150244 255 0 0
0.571889 0.015242 0.149653 255 0 0
0.572446 0.016345 0.149612 255 0 0
0.573198 0.017600 0.149552 0 0 0
0.573752 0.018700 0.149512 0 0 0
0.573783 0.020695 0.148933 0 0 0
0.574378 0.021776 0.148880 0 0 0
0.575078 0.023031 0.148835 0 0 0
0.575731 0.024301 0.148806 0 0 0
0.576381 0.025567 0.148778 0 0 0
0.577017 0.026832 0.148753 0 0 0
0.577620 0.028126 0.148740 0 0 0
0.578264 0.029397 0.148714 0 0 0
0.578911 0.030664 0.148686 0 0 0
0.579557 0.031931 0.148659 0 0 0
0.580203 0.033199 0.148631 0 0 0
0.580850 0.034466 0.148603 0 0 0
0.581505 0.035752 0.148575 0 0 0
0.582050 0.036853 0.148540 0 0 0
0.582196 0.038836 0.147924 0 0 0
0.582748 0.039943 0.147887 0 0 0
0.583405 0.041231 0.147859 0 0 0
0.584052 0.042501 0.147831 0 0 0
0.584700 0.043770 0.147803 0 0 0
0.585348 0.045039 0.147776 0 0 0
0.585996 0.046309 0.147748 0 0 0
0.586651 0.047592 0.147721 0 0 0
0.587256 0.048715 0.147721 0 0 0
0.588640 0.049810 0.148245 0 0 0
0.589244 0.050925 0.148244 0 0 0
0.589900 0.052206 0.148217 0 0 0
0.590545 0.053474 0.148190 0 0 0
0.591192 0.054741 0.148162 0 0 0
0.591839 0.056007 0.148135 0 0 0
0.592503 0.057296 0.148104 0 0 0
0.593094 0.058366 0.148056 0 0 0
0.593211 0.060426 0.147450 0 0 0
0.593757 0.061523 0.147418 0 0 0
0.594423 0.062831 0.147388 0 0 0
0.594975 0.063930 0.147354 0 0 0
0.595142 0.065975 0.146733 0 0 0
0.595696 0.067077 0.146699 0 0 0
0.596362 0.068370 0.146668 0 0 0
0.597062 0.069634 0.146625 0 0 0
0.597616 0.070729 0.146591 0 0 0
0.597691 0.072843 0.146001 0 0 0
0.598285 0.073921 0.145955 0 0 0
0.598952 0.075217 0.145924 0 0 0
0.599602 0.076490 0.145896 0 0 0
0.600252 0.077764 0.145869 0 0 0
0.600902 0.079039 0.145841 0 0 0
0.601552 0.080313 0.145813 0 0 0
0.602214 0.081610 0.145785 0 0 0
0.602763 0.082677 0.145760 0 0 0
0.494616 -0.148817 0.155675 0 0 0
0.495138 -0.147795 0.155653 0 0 0
0.495789 -0.146518 0.155625 0 0 0
0.496434 -0.145230 0.155601 0 0 0
0.496923 -0.144168 0.155598 0 0 0
0.498641 -0.142681 0.156134 0 0 0
0.499174 -0.141632 0.156118 0 0 0
0.499835 -0.140337 0.156091 0 0 0
0.500372 -0.139299 0.156073 0 0 0
0.502029 -0.137790 0.156627 0 0 0
0.502560 -0.136743 0.156611 0 0 0
0.503207 -0.135474 0.156584 0 0 0
0.503843 -0.134228 0.156557 0 0 0
0.504478 -0.132981 0.156530 0 0 0
0.505113 -0.131734 0.156502 0 0 0
0.505749 -0.130488 0.156475 0 0 0
0.506386 -0.129242 0.156448 0 0 0
0.507022 -0.127996 0.156421 0 0 0
0.507657 -0.126750 0.156394 0 0 0
0.508293 -0.125503 0.156367 0 0 0
0.508929 -0.124257 0.156340 0 0 0
0.509565 -0.123010 0.156313 0 0 0
0.510200 -0.121764 0.156286 0 0 0
0.510840 -0.120504 0.156256 0 0 0
0.511373 -0.119345 0.156190 0 0 0
0.511385 -0.117813 0.155643 0 0 0
0.511920 -0.116649 0.155577 0 0 0
0.512561 -0.115387 0.155547 0 0 0
0.513198 -0.114138 0.155520 0 0 0
0.513839 -0.112876 0.155491 0 0 0
0.514372 -0.111720 0.155428 0 0 0
0.514339 -0.110135 0.154889 0 0 0
0.514873 -0.108973 0.154829 0 0 0
0.515524 -0.107687 0.154800 0 0 0
0.516067 -0.106633 0.154784 0 0 0
0.517800 -0.105249 0.155299 0 0 0
0.518342 -0.104199 0.155283 0 0 0
0.518991 -0.102929 0.155256 0 0 0
0.519631 -0.101666 0.155227 0 0 0
0.520161 -0.100518 0.155171 0 0 0
0.520081 -0.098865 0.154640 0 0 0
0.520613 -0.097713 0.154584 0 0 0
0.521262 -0.096462 0.154551 0 0 0
0.521952 -0.095226 0.154509 0 0 0
0.522647 -0.093976 0.154464 0 0 0
0.523189 -0.092845 0.154406 0 0 0
0.523115 -0.091150 0.153869 0 0 0
0.523555 -0.090115 0.153785 0 0 0
0.523582 -0.088475 0.153224 0 0 0
0.524150 -0.087313 0.153152 0 0 0
0.524800 -0.086167 0.153054 0 0 0
0.524739 -0.084636 0.152462 0 0 0
0.524542 -0.083157 0.151850 0 0 0
0.524492 -0.081585 0.151246 0 0 0
0.524941 -0.080536 0.151163 0 0 0
0.524994 -0.078844 0.150583 0 0 0
0.525446 -0.077799 0.150504 0 0 0
0.525496 -0.076114 0.149926 0 0 0
0.526045 -0.074955 0.149872 0 0 0
0.526707 -0.073654 0.149843 0 0 0
0.527271 -0.072573 0.149828 0 0 0
0.528853 -0.071174 0.150380 0 0 0
0.529328 -0.070287 0.150377 0 0 0
0.530919 -0.068873 0.150929 0 0 0
0.531397 -0.067987 0.150928 0 0 0
0.532898 -0.066771 0.151492 0 0 0
0.534384 -0.065584 0.152053 0 0 0
0.534955 -0.064488 0.152041 0 0 0
0.535523 -0.063400 0.152028 0 0 0
0.537079 -0.062044 0.152578 0 0 0
0.537635 -0.060980 0.152564 0 0 0
0.538287 -0.059704 0.152537 0 0 0
0.538938 -0.058433 0.152506 0 0 0
0.539524 -0.057311 0.152440 0 0 0
0.539482 -0.055745 0.151896 0 0 0
0.540976 -0.054548 0.152392 0 0 0
0.541537 -0.053474 0.152380 0 0 0
0.542188 -0.052199 0.152353 0 0 0
0.542828 -0.050943 0.152326 0 0 0
0.543468 -0.049688 0.152298 0 0 0
0.544109 -0.048432 0.152271 0 0 0
0.544749 -0.047176 0.152244 0 0 0
0.545390 -0.045920 0.152216 0 0 0
0.546024 -0.044667 0.152191 0 0 0
0.546620 -0.043387 0.152178 0 0 0
0.547306 -0.042143 0.152137 0 0 0
0.547958 -0.040885 0.152105 0 0 0
0.548510 -0.039754 0.152051 0 0 0
0.548582 -0.037961 0.151466 0 0 0
0.549028 -0.036980 0.151404 0 0 0
0.549064 -0.035126 0.150823 0 0 0
0.549512 -0.034142 0.150761 0 0 0
0.549601 -0.032328 0.150164 0 0 0
0.550148 -0.031201 0.150119 0 0 0
0.550800 -0.029923 0.150090 0 0 0
0.551444 -0.028660 0.150062 0 0 0
0.552088 -0.027398 0.150035 0 0 0
0.552732 -0.026135 0.150007 0 0 0
0.553375 -0.024872 0.149980 0 0 0
0.554019 -0.023610 0.149952 0 0 0
0.554661 -0.022346 0.149925 0 0 0
0.555306 -0.021084 0.149897 0 0 0
0.555952 -0.019822 0.149870 0 0 0
0.556596 -0.018560 0.149842 0 0 0
0.557246 -0.017280 0.149814 0 0 0
0.557792 -0.016162 0.149771 0 0 0
0.557842 -0.014297 0.149184 0 0 0
0.558434 -0.013195 0.149129 0 0 0
0.559092 -0.011913 0.149098 0 0 0
0.559737 -0.010648 0.149071 0 0 0
0.560382 -0.009383 0.149043 0 0 0
0.561027 -0.008119 0.149016 0 0 0
0.561682 -0.006837 0.148989 0 0 0
0.562262 -0.005739 0.148981 0 0 0
0.563781 -0.004549 0.149505 0 0 0
0.564322 -0.003408 0.149513 255 0 0
0.564867 -0.002267 0.149520 255 0 0
0.566429 -0.001091 0.150033 255 0 0
0.566860 -0.000122 0.150070 255 0 0
0.568430 0.001048 0.150578 255 0 0
0.569004 0.002157 0.150575 0 0 0
0.569506 0.003314 0.150597 0 0 0
0.571069 0.004476 0.151102 0 0 0
0.571544 0.005401 0.151084 0 0 0
0.571561 0.007385 0.150511 0 0 0
0.572106 0.008477 0.150472 255 0 0
0.572809 0.009731 0.150426 255 0 0
0.573513 0.010985 0.150380 255 0 0
0.574059 0.012074 0.150341 255 0 0
0.574143 0.014048 0.149744 255 0 0
0.574628 0.014965 0.149684 255 0 0
0.574670 0.016964 0.149100 0 0 0
0.575271 0.018056 0.149045 0 0 0
0.575870 0.019146 0.148992 0 0 0
0.575912 0.021143 0.148408 0 0 0
0.576502 0.022228 0.148357 0 0 0
0.577149 0.023502 0.148330 0 0 0
0.577759 0.024809 0.148318 0 0 0
0.578349 0.025920 0.148314 0 0 0
0.579877 0.027011 0.148812 0 0 0
0.580459 0.028110 0.148809 0 0 0
0.581069 0.029415 0.148797 0 0 0
0.581710 0.030682 0.148771 0 0 0
0.582354 0.031944 0.148743 0 0 0
0.582998 0.033207 0.148716 0 0 0
0.583642 0.034470 0.148688 0 0 0
0.584286 0.035732 0.148661 0 0 0
0.584931 0.036994 0.148633 0 0 0
0.585576 0.038257 0.148606 0 0 0
0.586220 0.039519 0.148578 0 0 0
0.586873 0.040802 0.148550 0 0 0
0.587413 0.041892 0.148516 0 0 0
0.587582 0.043909 0.147896 0 0 0
0.588078 0.044848 0.147887 0 0 0
0.589475 0.045973 0.148414 0 0 0
0.590074 0.047080 0.148413 0 0 0
0.590727 0.048358 0.148386 0 0 0
0.591370 0.049621 0.148359 0 0 0
0.592014 0.050883 0.148331 0 0 0
0.592658 0.052146 0.148304 0 0 0
0.593302 0.053408 0.148276 0 0 0
0.593955 0.054690 0.148248 0 0 0
0.594502 0.055780 0.148213 0 0 0
0.594615 0.057833 0.147608 0 0 0
0.595204 0.058900 0.147560 0 0 0
0.595867 0.060186 0.147529 0 0 0
0.596530 0.061472 0.147498 0 0 0
0.597119 0.062537 0.147451 0 0 0
0.597238 0.064605 0.146844 0 0 0
0.597806 0.065722 0.146807 0 0 0
0.598406 0.066808 0.146759 0 0 0
0.598477 0.068917 0.146168 0 0 0
0.599029 0.070009 0.146134 0 0 0
0.599728 0.071271 0.146091 0 0 0
0.600384 0.072543 0.146061 0 0 0
0.601032 0.073811 0.146033 0 0 0
0.601679 0.075081 0.146006 0 0 0
0.602327 0.076350 0.145978 0 0 0
0.602983 0.077622 0.145948 0 0 0
0.603675 0.078864 0.145905 0 0 0
0.604333 0.080148 0.145876 0 0 0
0.604882 0.081242 0.145844 0 0 0
0.605029 0.083383 0.145234 0 0 0
0.605473 0.084265 0.145207 0 0 0
0.497094 -0.149399 0.155791 0 0 0
0.497612 -0.148384 0.155769 0 0 0
0.498261 -0.147111 0.155741 0 0 0
0.498909 -0.145842 0.155714 0 0 0
0.499440 -0.144796 0.155699 0 0 0
0.501105 -0.143286 0.156252 0 0 0
0.501634 -0.142244 0.156236 0 0 0
0.502292 -0.140954 0.156209 0 0 0
0.502823 -0.139912 0.156194 0 0 0
0.504481 -0.138412 0.156747 0 0 0
0.505009 -0.137373 0.156732 0 0 0
0.505667 -0.136084 0.156705 0 0 0
0.506199 -0.135057 0.156688 0 0 0
0.507910 -0.133581 0.157225 0 0 0
0.508442 -0.132537 0.157206 0 0 0
0.508978 -0.131355 0.157139 0 0 0
0.508926 -0.129832 0.156614 0 0 0
0.509451 -0.128671 0.156545 0 0 0
0.510088 -0.127416 0.156516 0 0 0
0.510721 -0.126174 0.156489 0 0 0
0.511355 -0.124933 0.156462 0 0 0
0.511988 -0.123691 0.156435 0 0 0
0.512621 -0.122449 0.156408 0 0 0
0.513259 -0.121194 0.156378 0 0 0
0.513788 -0.120040 0.156312 0 0 0
0.513802 -0.118511 0.155764 0 0 0
0.514333 -0.117353 0.155697 0 0 0
0.514971 -0.116096 0.155668 0 0 0
0.515609 -0.114853 0.155640 0 0 0
0.516298 -0.113608 0.155596 0 0 0
0.516835 -0.112474 0.155531 0 0 0
0.516797 -0.110886 0.154993 0 0 0
0.517329 -0.109733 0.154930 0 0 0
0.517968 -0.108474 0.154900 0 0 0
0.518600 -0.107216 0.154876 0 0 0
0.519184 -0.105951 0.154865 0 0 0
0.519815 -0.104706 0.154839 0 0 0
0.520451 -0.103459 0.154812 0 0 0
0.521091 -0.102213 0.154783 0 0 0
0.521784 -0.100995 0.154737 0 0 0
0.522477 -0.099778 0.154692 0 0 0
0.523117 -0.098531 0.154663 0 0 0
0.523757 -0.097271 0.154634 0 0 0
0.524287 -0.096131 0.154579 0 0 0
0.524205 -0.094460 0.154046 0 0 0
0.524748 -0.093330 0.153986 0 0 0
0.525494 -0.092083 0.153925 0 0 0
0.526038 -0.090956 0.153865 0 0 0
0.526022 -0.089283 0.153311 0 0 0
0.526457 -0.088247 0.153224 0 0 0
0.526351 -0.086671 0.152638 0 0 0
0.526294 -0.085128 0.152042 0 0 0
0.526795 -0.084089 0.151935 0 0 0
0.526845 -0.082429 0.151358 0 0 0
0.527395 -0.081265 0.151300 0 0 0
0.527944 -0.080103 0.151243 0 0 0
0.527990 -0.078441 0.150668 0 0 0
0.528534 -0.077292 0.150614 0 0 0
0.529182 -0.076017 0.150584 0 0 0
0.529836 -0.074737 0.150557 0 0 0
0.530393 -0.073667 0.150542 0 0 0
0.531973 -0.072266 0.151096 0 0 0
0.532441 -0.071394 0.151094 0 0 0
0.534019 -0.069998 0.151647 0 0 0
0.534583 -0.068916 0.151633 0 0 0
0.535148 -0.067824 0.151620 0 0 0
0.536720 -0.066443 0.152172 0 0 0
0.537187 -0.065579 0.152171 0 0 0
0.538757 -0.064198 0.152723 0 0 0
0.539309 -0.063141 0.152710 0 0 0
0.539958 -0.061869 0.152683 0 0 0
0.540603 -0.060603 0.152654 0 0 0
0.541140 -0.059480 0.152604 0 0 0
0.541153 -0.057738 0.152033 0 0 0
0.541735 -0.056620 0.151972 0 0 0
0.542336 -0.055328 0.151957 0 0 0
0.542968 -0.054077 0.151932 0 0 0
0.543608 -0.052823 0.151905 0 0 0
0.544247 -0.051570 0.151877 0 0 0
0.544887 -0.050316 0.151850 0 0 0
0.545526 -0.049063 0.151823 0 0 0
0.546165 -0.047809 0.151795 0 0 0
0.546816 -0.046538 0.151768 0 0 0
0.547379 -0.045464 0.151758 0 0 0
0.548858 -0.044308 0.152254 0 0 0
0.548817 -0.042686 0.151709 0 0 0
0.549363 -0.041542 0.151659 0 0 0
0.549909 -0.040413 0.151611 0 0 0
0.549977 -0.038639 0.151026 0 0 0
0.550535 -0.037519 0.150968 0 0 0
0.551237 -0.036252 0.150922 0 0 0
0.551784 -0.035135 0.150875 0 0 0
0.551868 -0.033341 0.150280 0 0 0
0.552411 -0.032221 0.150234 0 0 0
0.553059 -0.030946 0.150205 0 0 0
0.553701 -0.029688 0.150178 0 0 0
0.554353 -0.028412 0.150151 0 0 0
0.554926 -0.027331 0.150142 0 0 0
0.556324 -0.026179 0.150654 0 0 0
0.556318 -0.024701 0.150118 0 0 0
0.557598 -0.023684 0.150601 255 0 0
0.557646 -0.022020 0.150033 255 0 0
0.558191 -0.020900 0.149986 255 0 0
0.558889 -0.019646 0.149941 0 0 0
0.559542 -0.018381 0.149910 0 0 0
0.560084 -0.017269 0.149869 0 0 0
0.560126 -0.015394 0.149284 0 0 0
0.560671 -0.014280 0.149242 0 0 0
0.561321 -0.013003 0.149213 0 0 0
0.561964 -0.011743 0.149185 0 0 0
0.562607 -0.010482 0.149158 0 0 0
0.563250 -0.009222 0.149131 0 0 0
0.563892 -0.007962 0.149103 0 0 0
0.564542 -0.006679 0.149078 0 0 0
0.565076 -0.005565 0.149084 0 0 0
0.566649 -0.004405 0.149591 255 0 0
0.567221 -0.003298 0.149588 255 0 0
0.567720 -0.002142 0.149609 255 0 0
0.569268 -0.000983 0.150123 0 0 0
0.569764 0.000170 0.150145 0 0 0
0.570337 0.001277 0.150142 0 0 0
0.571894 0.002423 0.150650 0 0 0
0.572380 0.003558 0.150672 0 0 0
0.573018 0.004823 0.150648 0 0 0
0.573706 0.006053 0.150605 255 0 0
0.574361 0.007326 0.150574 255 0 0
0.574900 0.008417 0.150536 255 0 0
0.574967 0.010362 0.149942 255 0 0
0.575526 0.011467 0.149899 255 0 0
0.576175 0.012543 0.149822 0 0 0
0.576265 0.014493 0.149226 0 0 0
0.576750 0.015404 0.149166 0 0 0
0.576794 0.017415 0.148581 0 0 0
0.577393 0.018504 0.148527 0 0 0
0.577990 0.019590 0.148474 0 0 0
0.578036 0.021605 0.147891 0 0 0
0.578526 0.022545 0.147876 0 0 0
0.580062 0.023662 0.148377 0 0 0
0.580649 0.024766 0.148372 0 0 0
0.581258 0.026080 0.148363 0 0 0
0.581795 0.027206 0.148376 0 0 0
0.583315 0.028294 0.148877 0 0 0
0.583904 0.029391 0.148872 0 0 0
0.584558 0.030663 0.148844 0 0 0
0.585188 0.031918 0.148820 0 0 0
0.585785 0.033204 0.148807 0 0 0
0.586432 0.034469 0.148779 0 0 0
0.587122 0.035700 0.148736 0 0 0
0.587766 0.036951 0.148707 0 0 0
0.588408 0.038210 0.148680 0 0 0
0.589049 0.039467 0.148652 0 0 0
0.589691 0.040725 0.148625 0 0 0
0.590334 0.041983 0.148597 0 0 0
0.590976 0.043241 0.148570 0 0 0
0.591604 0.044498 0.148546 0 0 0
0.592202 0.045785 0.148534 0 0 0
0.592841 0.047047 0.148508 0 0 0
0.593482 0.048305 0.148480 0 0 0
0.594124 0.049563 0.148453 0 0 0
0.594765 0.050820 0.148425 0 0 0
0.595416 0.052080 0.148396 0 0 0
0.596113 0.053330 0.148352 0 0 0
0.596657 0.054406 0.148317 0 0 0
0.596765 0.056467 0.147712 0 0 0
0.597309 0.057552 0.147678 0 0 0
0.597980 0.058854 0.147646 0 0 0
0.598566 0.059911 0.147599 0 0 0
0.598634 0.062001 0.147006 0 0 0
0.599240 0.063085 0.146955 0 0 0
0.599846 0.064166 0.146905 0 0 0
0.599918 0.066265 0.146311 0 0 0
0.600507 0.067329 0.146264 0 0 0
0.601170 0.068616 0.146233 0 0 0
0.601815 0.069880 0.146206 0 0 0
0.602460 0.071144 0.146178 0 0 0
0.603115 0.072412 0.146148 0 0 0
0.603805 0.073648 0.146105 0 0 0
0.604460 0.074928 0.146076 0 0 0
0.605003 0.076017 0.146045 0 0 0
0.605084 0.078153 0.145452 0 0 0
0.605633 0.079244 0.145420 0 0 0
0.606289 0.080527 0.145391 0 0 0
0.606992 0.081789 0.145347 0 0 0
0.607545 0.082848 0.145320 0 0 0
0.499564 -0.149977 0.155915 0 0 0
0.500079 -0.148970 0.155893 0 0 0
0.500727 -0.147701 0.155865 0 0 0
0.501372 -0.146436 0.155838 0 0 0
0.501899 -0.145398 0.155823 0 0 0
0.503619 -0.143909 0.156361 0 0 0
0.504148 -0.142880 0.156344 0 0 0
0.504803 -0.141596 0.156317 0 0 0
0.505280 -0.140546 0.156317 0 0 0
0.506987 -0.139054 0.156858 0 0 0
0.507512 -0.138029 0.156842 0 0 0
0.508101 -0.136754 0.156831 0 0 0
0.508722 -0.135488 0.156810 0 0 0
0.509298 -0.134234 0.156800 0 0 0
0.509926 -0.132998 0.156773 0 0 0
0.510567 -0.131778 0.156741 0 0 0
0.511248 -0.130552 0.156700 0 0 0
0.511882 -0.129316 0.156673 0 0 0
0.512513 -0.128079 0.156646 0 0 0
0.513144 -0.126842 0.156619 0 0 0
0.513775 -0.125605 0.156592 0 0 0
0.514406 -0.124368 0.156565 0 0 0
0.515037 -0.123131 0.156538 0 0 0
0.515672 -0.121880 0.156509 0 0 0
0.516197 -0.120733 0.156442 0 0 0
0.516213 -0.119206 0.155893 0 0 0
0.516744 -0.118056 0.155825 0 0 0
0.517435 -0.116802 0.155779 0 0 0
0.517967 -0.115674 0.155714 0 0 0
0.517870 -0.114065 0.155192 0 0 0
0.518404 -0.112932 0.155126 0 0 0
0.519091 -0.111690 0.155083 0 0 0
0.519728 -0.110449 0.155055 0 0 0
0.520361 -0.109208 0.155028 0 0 0
0.520994 -0.107966 0.155001 0 0 0
0.521632 -0.106724 0.154973 0 0 0
0.522312 -0.105499 0.154932 0 0 0
0.522908 -0.104239 0.154914 0 0 0
0.523479 -0.103103 0.154844 0 0 0
0.523403 -0.101470 0.154310 0 0 0
0.523929 -0.100326 0.154253 0 0 0
0.524567 -0.099068 0.154224 0 0 0
0.525202 -0.097823 0.154197 0 0 0
0.525848 -0.096595 0.154165 0 0 0
0.526589 -0.095366 0.154106 0 0 0
0.527129 -0.094246 0.154046 0 0 0
0.527048 -0.092567 0.153511 0 0 0
0.527586 -0.091442 0.153451 0 0 0
0.528281 -0.090182 0.153406 0 0 0
0.528819 -0.089046 0.153347 0 0 0
0.528864 -0.087398 0.152774 0 0 0
0.529300 -0.086368 0.152687 0 0 0
0.529252 -0.084810 0.152083 0 0 0
0.529199 -0.083261 0.151480 0 0 0
0.529743 -0.082099 0.151419 0 0 0
0.530286 -0.080946 0.151363 0 0 0
0.530333 -0.079285 0.150786 0 0 0
0.530875 -0.078141 0.150731 0 0 0
0.531532 -0.076850 0.150702 0 0 0
0.532086 -0.075788 0.150688 0 0 0
0.533668 -0.074383 0.151243 0 0 0
0.534130 -0.073522 0.151241 0 0 0
0.535720 -0.072101 0.151797 0 0 0
0.536181 -0.071243 0.151795 0 0 0
0.537769 -0.069827 0.152351 0 0 0
0.538229 -0.068974 0.152350 0 0 0
0.539799 -0.067585 0.152904 0 0 0
0.540347 -0.066537 0.152891 0 0 0
0.540993 -0.065269 0.152864 0 0 0
0.541629 -0.064022 0.152837 0 0 0
0.542265 -0.062776 0.152810 0 0 0
0.542907 -0.061513 0.152781 0 0 0
0.543439 -0.060399 0.152731 0 0 0
0.543506 -0.058675 0.152145 0 0 0
0.544043 -0.057554 0.152094 0 0 0
0.544686 -0.056290 0.152065 0 0 0
0.545323 -0.055041 0.152038 0 0 0
0.545960 -0.053793 0.152011 0 0 0
0.546597 -0.052544 0.151984 0 0 0
0.547234 -0.051295 0.151956 0 0 0
0.547871 -0.050047 0.151929 0 0 0
0.548508 -0.048798 0.151902 0 0 0
0.549155 -0.047530 0.151875 0 0 0
0.549714 -0.046463 0.151866 0 0 0
0.551192 -0.045308 0.152365 0 0 0
0.551150 -0.043691 0.151818 0 0 0
0.551692 -0.042554 0.151766 0 0 0
0.552235 -0.041429 0.151718 0 0 0
0.552316 -0.039651 0.151123 0 0 0
0.552854 -0.038538 0.151076 0 0 0
0.553506 -0.037253 0.151046 0 0 0
0.554040 -0.036145 0.151001 0 0 0
0.554127 -0.034350 0.150403 0 0 0
0.554667 -0.033237 0.150357 0 0 0
0.555313 -0.031967 0.150328 0 0 0
0.555952 -0.030713 0.150301 0 0 0
0.556602 -0.029442 0.150274 0 0 0
0.557171 -0.028362 0.150267 0 0 0
0.558559 -0.027212 0.150781 0 0 0
0.558554 -0.025741 0.150245 0 0 0
0.559829 -0.024726 0.150728 0 0 0
0.559887 -0.023053 0.150156 255 0 0
0.560325 -0.022092 0.150096 255 0 0
0.560375 -0.020208 0.149508 255 0 0
0.560916 -0.019097 0.149466 0 0 0
0.561568 -0.017835 0.149435 0 0 0
0.562265 -0.016600 0.149390 0 0 0
0.562952 -0.015368 0.149348 0 0 0
0.563548 -0.014096 0.149334 0 0 0
0.564185 -0.012833 0.149308 0 0 0
0.564826 -0.011578 0.149281 0 0 0
0.565466 -0.010322 0.149254 0 0 0
0.566106 -0.009067 0.149226 255 0 0
0.566747 -0.007812 0.149199 0 0 0
0.567384 -0.006550 0.149173 0 0 0
0.567988 -0.005252 0.149162 255 0 0
0.568554 -0.004168 0.149157 255 0 0
0.570082 -0.002962 0.149683 255 0 0
0.570544 -0.002030 0.149709 255 0 0
0.572108 -0.000867 0.150221 0 0 0
0.572641 0.000259 0.150231 0 0 0
0.573178 0.001388 0.150241 0 0 0
0.574676 0.002554 0.150765 0 0 0
0.575248 0.003630 0.150760 255 0 0
0.575894 0.004895 0.150733 255 0 0
0.576548 0.006164 0.150703 0 0 0
0.577130 0.007225 0.150650 0 0 0
0.577209 0.009181 0.150051 0 0 0
0.577646 0.010106 0.150001 255 0 0
0.577632 0.011928 0.149392 0 0 0
0.577663 0.013695 0.148775 0 0 0
0.578229 0.014815 0.148723 0 0 0
0.578870 0.015878 0.148654 0 0 0
0.578911 0.017864 0.148067 0 0 0
0.579500 0.018930 0.148014 0 0 0
0.580201 0.020173 0.147968 0 0 0
0.580847 0.021438 0.147940 0 0 0
0.581444 0.022724 0.147928 0 0 0
0.582073 0.023993 0.147907 0 0 0
0.582621 0.025116 0.147916 0 0 0
0.584137 0.026213 0.148421 0 0 0
0.584683 0.027333 0.148430 0 0 0
0.585310 0.028600 0.148409 0 0 0
0.585915 0.029899 0.148398 0 0 0
0.586502 0.031000 0.148396 0 0 0
0.587971 0.032119 0.148910 0 0 0
0.588456 0.033037 0.148899 0 0 0
0.588556 0.035062 0.148298 0 0 0
0.589095 0.036149 0.148263 0 0 0
0.589744 0.037424 0.148235 0 0 0
0.590384 0.038679 0.148207 0 0 0
0.591025 0.039935 0.148180 0 0 0
0.591665 0.041191 0.148153 0 0 0
0.592315 0.042460 0.148126 0 0 0
0.592911 0.043561 0.148125 0 0 0
0.594347 0.044631 0.148637 0 0 0
0.594940 0.045724 0.148636 0 0 0
0.595589 0.046992 0.148610 0 0 0
0.596228 0.048245 0.148583 0 0 0
0.596886 0.049521 0.148552 0 0 0
0.597469 0.050568 0.148503 0 0 0
0.597523 0.052648 0.147914 0 0 0
0.598064 0.053720 0.147879 0 0 0
0.598770 0.054971 0.147833 0 0 0
0.599476 0.056221 0.147786 0 0 0
0.600017 0.057291 0.147752 0 0 0
0.600089 0.059386 0.147158 0 0 0
0.600727 0.060434 0.147094 0 0 0
0.601289 0.061529 0.147057 0 0 0
0.601355 0.063632 0.146464 0 0 0
0.601941 0.064687 0.146417 0 0 0
0.602611 0.065973 0.146384 0 0 0
0.603297 0.067205 0.146342 0 0 0
0.603942 0.068460 0.146313 0 0 0
0.604594 0.069742 0.146285 0 0 0
0.605136 0.070822 0.146253 0 0 0
0.605212 0.072949 0.145659 0 0 0
0.605765 0.074036 0.145625 0 0 0
0.606463 0.075287 0.145580 0 0 0
0.607153 0.076516 0.145536 0 0 0
0.607807 0.077782 0.145507 0 0 0
0.608450 0.079044 0.145479 0 0 0
0.609104 0.080327 0.145451 0 0 0
0.609647 0.081412 0.145418 0 0 0
0.609692 0.083336 0.144813 0 0 0
0.502690 -0.149304 0.155995 0 0 0
0.503299 -0.148379 0.155827 0 0 0
0.503870 -0.147092 0.155938 0 0 0
0.504507 -0.145831 0.155926 0 0 0
0.505084 -0.144577 0.155916 0 0 0
0.505720 -0.143319 0.155891 0 0 0
0.506195 -0.142275 0.155889 0 0 0
0.507958 -0.140792 0.156418 0 0 0
0.508440 -0.139731 0.156417 0 0 0
0.508921 -0.138670 0.156417 0 0 0
0.510686 -0.137209 0.156941 0 0 0
0.511154 -0.136173 0.156941 0 0 0
0.511790 -0.134901 0.156918 0 0 0
0.512417 -0.133669 0.156891 0 0 0
0.513046 -0.132437 0.156864 0 0 0
0.513675 -0.131204 0.156837 0 0 0
0.514303 -0.129972 0.156811 0 0 0
0.514932 -0.128739 0.156784 0 0 0
0.515560 -0.127507 0.156757 0 0 0
0.516189 -0.126275 0.156730 0 0 0
0.516818 -0.125042 0.156703 0 0 0
0.517446 -0.123810 0.156676 0 0 0
0.518083 -0.122564 0.156646 0 0 0
0.518652 -0.121437 0.156567 0 0 0
0.518627 -0.119883 0.156025 0 0 0
0.519089 -0.118848 0.155911 0 0 0
0.519004 -0.117252 0.155382 0 0 0
0.519534 -0.116124 0.155316 0 0 0
0.520220 -0.114886 0.155272 0 0 0
0.520855 -0.113650 0.155244 0 0 0
0.521489 -0.112414 0.155216 0 0 0
0.522172 -0.111191 0.155174 0 0 0
0.522812 -0.109971 0.155143 0 0 0
0.523448 -0.108718 0.155113 0 0 0
0.523968 -0.107571 0.155050 0 0 0
0.523810 -0.106131 0.154552 0 0 0
0.525301 -0.104925 0.154977 0 0 0
0.525159 -0.103495 0.154472 0 0 0
0.525780 -0.102374 0.154380 0 0 0
0.526430 -0.101138 0.154345 0 0 0
0.527063 -0.099898 0.154318 0 0 0
0.527696 -0.098642 0.154290 0 0 0
0.528220 -0.097511 0.154234 0 0 0
0.528140 -0.095843 0.153699 0 0 0
0.528678 -0.094724 0.153638 0 0 0
0.529419 -0.093498 0.153579 0 0 0
0.530061 -0.092271 0.153547 0 0 0
0.530699 -0.091013 0.153518 0 0 0
0.531227 -0.089884 0.153463 0 0 0
0.531222 -0.088207 0.152903 0 0 0
0.531698 -0.087205 0.152806 0 0 0
0.531696 -0.085534 0.152243 0 0 0
0.532236 -0.084384 0.152184 0 0 0
0.532772 -0.083240 0.152127 0 0 0
0.532822 -0.081584 0.151550 0 0 0
0.533356 -0.080450 0.151494 0 0 0
0.534010 -0.079165 0.151465 0 0 0
0.534559 -0.078115 0.151451 0 0 0
0.536128 -0.076728 0.152008 0 0 0
0.536684 -0.075660 0.151994 0 0 0
0.537243 -0.074591 0.151981 0 0 0
0.538819 -0.073189 0.152538 0 0 0
0.539273 -0.072348 0.152537 0 0 0
0.540860 -0.070929 0.153094 0 0 0
0.541312 -0.070092 0.153094 0 0 0
0.542887 -0.068702 0.153648 0 0 0
0.543481 -0.067682 0.153620 0 0 0
0.544133 -0.066436 0.153589 0 0 0
0.544766 -0.065196 0.153562 0 0 0
0.545404 -0.063940 0.153533 0 0 0
0.545931 -0.062832 0.153485 0 0 0
0.545942 -0.061063 0.152913 0 0 0
0.546364 -0.060092 0.152842 0 0 0
0.546441 -0.058345 0.152250 0 0 0
0.546971 -0.057235 0.152200 0 0 0
0.547612 -0.055974 0.152172 0 0 0
0.548247 -0.054730 0.152145 0 0 0
0.548881 -0.053486 0.152117 0 0 0
0.549516 -0.052242 0.152090 0 0 0
0.550150 -0.050998 0.152063 0 0 0
0.550785 -0.049754 0.152036 0 0 0
0.551419 -0.048510 0.152009 0 0 0
0.552050 -0.047257 0.151984 0 0 0
0.552639 -0.046000 0.151970 0 0 0
0.553317 -0.044778 0.151929 0 0 0
0.553965 -0.043515 0.151899 0 0 0
0.554493 -0.042416 0.151853 0 0 0
0.554578 -0.040637 0.151256 0 0 0
0.555112 -0.039531 0.151209 0 0 0
0.555756 -0.038268 0.151181 0 0 0
0.556392 -0.037022 0.151153 0 0 0
0.557029 -0.035777 0.151126 0 0 0
0.557665 -0.034530 0.151099 0 0 0
0.558301 -0.033284 0.151072 0 0 0
0.558936 -0.032037 0.151045 0 0 0
0.559572 -0.030791 0.151018 0 0 0
0.560207 -0.029545 0.150991 0 0 0
0.560841 -0.028297 0.150963 0 0 0
0.561479 -0.027052 0.150936 0 0 0
0.562121 -0.025787 0.150908 0 0 0
0.562656 -0.024692 0.150864 0 0 0
0.562757 -0.022863 0.150260 0 0 0
0.563298 -0.021748 0.150215 0 0 0
0.563841 -0.020632 0.150171 0 0 0
0.563953 -0.018772 0.149563 0 0 0
0.564382 -0.017824 0.149505 0 0 0
0.564386 -0.016095 0.148943 0 0 0
0.565878 -0.015040 0.149428 0 0 0
0.566452 -0.013972 0.149419 0 0 0
0.567101 -0.012703 0.149392 0 0 0
0.567739 -0.011452 0.149364 0 0 0
0.568377 -0.010201 0.149337 0 0 0
0.569016 -0.008949 0.149310 0 0 0
0.569644 -0.007700 0.149285 0 0 0
0.570242 -0.006405 0.149275 0 0 0
0.570811 -0.005320 0.149270 255 0 0
0.572320 -0.004141 0.149797 255 0 0
0.572850 -0.003017 0.149808 255 0 0
0.573383 -0.001892 0.149818 255 0 0
0.574945 -0.000734 0.150331 255 0 0
0.575402 0.000188 0.150359 255 0 0
0.576907 0.001376 0.150887 255 0 0
0.577429 0.002472 0.150897 255 0 0
0.578087 0.003761 0.150869 0 0 0
0.578666 0.004814 0.150815 0 0 0
0.578682 0.006770 0.150233 0 0 0
0.579270 0.007846 0.150179 0 0 0
0.579821 0.008951 0.150135 0 0 0
0.579856 0.010718 0.149509 0 0 0
0.579901 0.012511 0.148880 0 0 0
0.580338 0.013433 0.148830 0 0 0
0.580436 0.015425 0.148225 0 0 0
0.580917 0.016323 0.148164 0 0 0
0.581014 0.018309 0.147560 0 0 0
0.581552 0.019403 0.147523 0 0 0
0.582200 0.020677 0.147495 0 0 0
0.582853 0.021946 0.147468 0 0 0
0.583439 0.023039 0.147463 0 0 0
0.584964 0.024133 0.147966 0 0 0
0.585493 0.025247 0.147979 0 0 0
0.586096 0.026557 0.147972 0 0 0
0.586682 0.027654 0.147970 0 0 0
0.588151 0.028776 0.148489 0 0 0
0.588680 0.029701 0.148511 0 0 0
0.590146 0.030835 0.149032 0 0 0
0.590580 0.031773 0.149033 0 0 0
0.590708 0.033616 0.148452 0 0 0
0.591992 0.034588 0.148962 0 0 0
0.592586 0.035676 0.148964 0 0 0
0.593232 0.036941 0.148938 0 0 0
0.593869 0.038189 0.148911 0 0 0
0.594506 0.039438 0.148884 0 0 0
0.595143 0.040687 0.148857 0 0 0
0.595780 0.041935 0.148829 0 0 0
0.596416 0.043184 0.148802 0 0 0
0.597061 0.044435 0.148773 0 0 0
0.597748 0.045655 0.148729 0 0 0
0.598397 0.046917 0.148699 0 0 0
0.598930 0.047987 0.148666 0 0 0
0.598982 0.050063 0.148076 0 0 0
0.599562 0.051107 0.148027 0 0 0
0.600239 0.052404 0.147993 0 0 0
0.600820 0.053446 0.147944 0 0 0
0.600878 0.055534 0.147353 0 0 0
0.601437 0.056624 0.147314 0 0 0
0.602074 0.057664 0.147250 0 0 0
0.602147 0.059762 0.146654 0 0 0
0.602688 0.060832 0.146620 0 0 0
0.603394 0.062082 0.146574 0 0 0
0.604100 0.063330 0.146527 0 0 0
0.604642 0.064408 0.146487 0 0 0
0.604766 0.066484 0.145881 0 0 0
0.605306 0.067565 0.145849 0 0 0
0.605956 0.068844 0.145821 0 0 0
0.606597 0.070098 0.145793 0 0 0
0.607294 0.071347 0.145749 0 0 0
0.607847 0.072433 0.145708 0 0 0
0.607980 0.074526 0.145100 0 0 0
0.608519 0.075609 0.145069 0 0 0
0.609170 0.076890 0.145041 0 0 0
0.609813 0.078150 0.145014 0 0 0
0.610456 0.079411 0.144986 0 0 0
0.611100 0.080667 0.144958 0 0 0
0.611800 0.081923 0.144914 0 0 0
0.612347 0.082968 0.144888 0 0 0
0.503800 -0.148605 0.155162 0 0 0
0.505512 -0.147372 0.155493 0 0 0
0.505990 -0.146329 0.155491 0 0 0
0.506641 -0.145033 0.155467 0 0 0
0.507164 -0.144011 0.155451 0 0 0
0.508929 -0.142537 0.155979 0 0 0
0.509360 -0.141464 0.155992 0 0 0
0.509887 -0.140407 0.155980 0 0 0
0.511602 -0.138890 0.156526 0 0 0
0.511965 -0.138071 0.156536 0 0 0
0.513684 -0.136576 0.157077 0 0 0
0.514201 -0.135560 0.157063 0 0 0
0.514840 -0.134308 0.157037 0 0 0
0.515466 -0.133080 0.157010 0 0 0
0.516092 -0.131852 0.156983 0 0 0
0.516719 -0.130624 0.156956 0 0 0
0.517345 -0.129396 0.156930 0 0 0
0.517971 -0.128169 0.156903 0 0 0
0.518601 -0.126942 0.156875 0 0 0
0.519281 -0.125727 0.156834 0 0 0
0.519921 -0.124504 0.156799 0 0 0
0.520435 -0.123369 0.156736 0 0 0
0.520345 -0.121786 0.156210 0 0 0
0.520799 -0.120759 0.156095 0 0 0
0.520779 -0.119201 0.155550 0 0 0
0.521348 -0.118074 0.155471 0 0 0
0.521985 -0.116829 0.155441 0 0 0
0.522614 -0.115597 0.155414 0 0 0
0.523247 -0.114350 0.155385 0 0 0
0.523767 -0.113218 0.155321 0 0 0
0.523732 -0.111632 0.154780 0 0 0
0.524253 -0.110494 0.154718 0 0 0
0.524888 -0.109244 0.154689 0 0 0
0.525525 -0.108027 0.154658 0 0 0
0.526204 -0.106793 0.154619 0 0 0
0.526800 -0.105541 0.154599 0 0 0
0.527417 -0.104443 0.154513 0 0 0
0.527342 -0.102812 0.153977 0 0 0
0.527865 -0.101679 0.153919 0 0 0
0.528504 -0.100428 0.153888 0 0 0
0.529189 -0.099206 0.153846 0 0 0
0.529837 -0.097999 0.153811 0 0 0
0.530525 -0.096763 0.153766 0 0 0
0.531049 -0.095637 0.153711 0 0 0
0.530973 -0.093961 0.153172 0 0 0
0.531550 -0.092848 0.153102 0 0 0
0.532196 -0.091608 0.153068 0 0 0
0.532842 -0.090367 0.153035 0 0 0
0.533418 -0.089259 0.152966 0 0 0
0.533354 -0.087576 0.152421 0 0 0
0.533930 -0.086464 0.152352 0 0 0
0.534573 -0.085208 0.152322 0 0 0
0.535207 -0.083967 0.152295 0 0 0
0.535842 -0.082725 0.152268 0 0 0
0.536475 -0.081484 0.152241 0 0 0
0.537108 -0.080242 0.152214 0 0 0
0.537754 -0.078978 0.152187 0 0 0
0.538294 -0.077938 0.152173 0 0 0
0.539875 -0.076530 0.152732 0 0 0
0.540323 -0.075700 0.152731 0 0 0
0.541899 -0.074305 0.153288 0 0 0
0.542449 -0.073242 0.153277 0 0 0
0.542999 -0.072187 0.153264 0 0 0
0.544563 -0.070796 0.153819 0 0 0
0.544995 -0.069901 0.153782 0 0 0
0.545006 -0.068150 0.153215 0 0 0
0.545531 -0.067041 0.153165 0 0 0
0.546168 -0.065787 0.153136 0 0 0
0.546799 -0.064549 0.153109 0 0 0
0.547437 -0.063326 0.153078 0 0 0
0.548126 -0.062108 0.153034 0 0 0
0.548823 -0.060873 0.152988 0 0 0
0.549356 -0.059786 0.152937 0 0 0
0.549365 -0.058023 0.152364 0 0 0
0.549889 -0.056921 0.152315 0 0 0
0.550527 -0.055665 0.152286 0 0 0
0.551165 -0.054425 0.152258 0 0 0
0.551851 -0.053206 0.152215 0 0 0
0.552490 -0.051979 0.152184 0 0 0
0.553114 -0.050741 0.152160 0 0 0
0.553692 -0.049476 0.152149 0 0 0
0.554321 -0.048228 0.152124 0 0 0
0.554959 -0.046988 0.152096 0 0 0
0.555645 -0.045769 0.152053 0 0 0
0.556275 -0.044546 0.152025 0 0 0
0.556859 -0.043278 0.152013 0 0 0
0.557550 -0.042035 0.151970 0 0 0
0.558083 -0.040954 0.151923 0 0 0
0.558108 -0.039135 0.151342 0 0 0
0.558634 -0.038040 0.151296 0 0 0
0.559275 -0.036781 0.151268 0 0 0
0.559908 -0.035539 0.151241 0 0 0
0.560541 -0.034297 0.151214 0 0 0
0.561175 -0.033055 0.151187 0 0 0
0.561819 -0.031794 0.151160 0 0 0
0.562380 -0.030740 0.151152 0 0 0
0.563829 -0.029632 0.151654 0 0 0
0.563809 -0.027961 0.151099 0 0 0
0.564342 -0.026847 0.151051 0 0 0
0.564880 -0.025740 0.151006 0 0 0
0.564979 -0.023914 0.150401 0 0 0
0.565519 -0.022803 0.150356 0 0 0
0.566059 -0.021695 0.150311 0 0 0
0.566161 -0.019858 0.149705 0 0 0
0.566704 -0.018746 0.149660 0 0 0
0.567246 -0.017637 0.149616 0 0 0
0.567297 -0.015755 0.149024 0 0 0
0.567825 -0.014662 0.148985 0 0 0
0.568470 -0.013394 0.148956 0 0 0
0.569107 -0.012146 0.148929 0 0 0
0.569743 -0.010897 0.148902 255 0 0
0.570390 -0.009630 0.148875 255 0 0
0.570960 -0.008557 0.148868 0 0 0
0.572484 -0.007370 0.149394 0 0 0
0.573057 -0.006276 0.149390 0 0 0
0.573589 -0.005162 0.149399 0 0 0
0.575146 -0.004016 0.149912 0 0 0
0.575671 -0.002899 0.149923 255 0 0
0.576200 -0.001779 0.149934 255 0 0
0.577706 -0.000586 0.150465 0 0 0
0.578159 0.000327 0.150494 0 0 0
0.579733 0.001499 0.151003 0 0 0
0.580191 0.002390 0.150986 0 0 0
0.580215 0.004368 0.150406 255 0 0
0.580792 0.005417 0.150352 0 0 0
0.581459 0.006702 0.150318 0 0 0
0.582037 0.007753 0.150263 0 0 0
0.582018 0.009542 0.149651 0 0 0
0.582072 0.011331 0.149019 0 0 0
0.582549 0.012221 0.148955 0 0 0
0.582645 0.014213 0.148349 0 0 0
0.583080 0.015125 0.148301 0 0 0
0.583223 0.017079 0.147680 0 0 0
0.583768 0.018166 0.147640 0 0 0
0.584467 0.019410 0.147595 0 0 0
0.585096 0.020649 0.147569 0 0 0
0.585684 0.021936 0.147559 0 0 0
0.586283 0.023237 0.147549 0 0 0
0.586858 0.024320 0.147548 0 0 0
0.588333 0.025449 0.148070 0 0 0
0.588857 0.026367 0.148091 0 0 0
0.590318 0.027486 0.148614 0 0 0
0.590860 0.028616 0.148629 0 0 0
0.591405 0.029748 0.148644 0 0 0
0.592847 0.030845 0.149165 0 0 0
0.593430 0.031918 0.149164 0 0 0
0.594073 0.033179 0.149137 0 0 0
0.594708 0.034423 0.149110 0 0 0
0.595342 0.035667 0.149083 0 0 0
0.595977 0.036911 0.149056 0 0 0
0.596611 0.038155 0.149029 0 0 0
0.597246 0.039399 0.149002 0 0 0
0.597880 0.040643 0.148975 0 0 0
0.598535 0.041910 0.148944 0 0 0
0.599112 0.042944 0.148895 0 0 0
0.599159 0.045011 0.148304 0 0 0
0.599691 0.046079 0.148270 0 0 0
0.600338 0.047339 0.148241 0 0 0
0.601023 0.048556 0.148197 0 0 0
0.601678 0.049826 0.148167 0 0 0
0.602211 0.050889 0.148132 0 0 0
0.602325 0.052940 0.147521 0 0 0
0.602925 0.054003 0.147469 0 0 0
0.603525 0.055064 0.147417 0 0 0
0.603589 0.057151 0.146821 0 0 0
0.604168 0.058192 0.146773 0 0 0
0.604847 0.059490 0.146738 0 0 0
0.605428 0.060529 0.146691 0 0 0
0.605515 0.062657 0.146090 0 0 0
0.605991 0.063519 0.146040 0 0 0
0.606129 0.065610 0.145429 0 0 0
0.606672 0.066693 0.145389 0 0 0
0.607332 0.067970 0.145358 0 0 0
0.608020 0.069196 0.145315 0 0 0
0.608669 0.070467 0.145286 0 0 0
0.609207 0.071552 0.145249 0 0 0
0.609398 0.073602 0.144625 0 0 0
0.609940 0.074689 0.144587 0 0 0
0.610589 0.075967 0.144559 0 0 0
0.611231 0.077226 0.144532 0 0 0
0.611872 0.078484 0.144505 0 0 0
0.612514 0.079742 0.144477 0 0 0
0.613153 0.081002 0.144451 0 0 0
0.613795 0.082256 0.144423 0 0 0
0.614496 0.083508 0.144379 0 0 0
0.615042 0.084550 0.144353 0 0 0
0.506519 -0.149033 0.155063 0 0 0
0.506872 -0.148249 0.155064 0 0 0
0.508665 -0.146749 0.155590 0 0 0
0.509181 -0.145738 0.155575 0 0 0
0.509770 -0.144427 0.155568 0 0 0
0.510232 -0.143381 0.155570 0 0 0
0.512010 -0.141899 0.156099 0 0 0
0.512372 -0.141088 0.156107 0 0 0
0.514102 -0.139546 0.156654 0 0 0
0.514516 -0.138752 0.156649 0 0 0
0.516162 -0.137230 0.157206 0 0 0
0.516686 -0.136222 0.157196 0 0 0
0.517326 -0.134975 0.157169 0 0 0
0.517951 -0.133753 0.157142 0 0 0
0.518575 -0.132530 0.157115 0 0 0
0.519199 -0.131307 0.157089 0 0 0
0.519823 -0.130084 0.157062 0 0 0
0.520450 -0.128846 0.157033 0 0 0
0.520955 -0.127715 0.156969 0 0 0
0.520848 -0.126144 0.156453 0 0 0
0.521360 -0.125009 0.156388 0 0 0
0.522002 -0.123789 0.156353 0 0 0
0.522736 -0.122590 0.156296 0 0 0
0.523380 -0.121371 0.156261 0 0 0
0.523894 -0.120241 0.156197 0 0 0
0.523853 -0.118676 0.155660 0 0 0
0.524367 -0.117546 0.155594 0 0 0
0.524998 -0.116304 0.155565 0 0 0
0.525633 -0.115061 0.155535 0 0 0
0.526200 -0.113949 0.155458 0 0 0
0.526176 -0.112382 0.154912 0 0 0
0.526695 -0.111251 0.154848 0 0 0
0.527326 -0.110007 0.154818 0 0 0
0.527954 -0.108777 0.154791 0 0 0
0.528591 -0.107532 0.154761 0 0 0
0.529159 -0.106424 0.154687 0 0 0
0.529089 -0.104814 0.154148 0 0 0
0.529662 -0.103701 0.154073 0 0 0
0.530359 -0.102455 0.154026 0 0 0
0.530887 -0.101350 0.153964 0 0 0
0.530802 -0.099690 0.153429 0 0 0
0.531322 -0.098563 0.153372 0 0 0
0.531958 -0.097312 0.153343 0 0 0
0.532655 -0.096094 0.153294 0 0 0
0.533237 -0.095005 0.153219 0 0 0
0.533162 -0.093325 0.152679 0 0 0
0.533686 -0.092200 0.152623 0 0 0
0.534321 -0.090946 0.152594 0 0 0
0.534957 -0.089724 0.152564 0 0 0
0.535645 -0.088503 0.152521 0 0 0
0.536335 -0.087283 0.152477 0 0 0
0.536968 -0.086064 0.152448 0 0 0
0.537542 -0.084803 0.152438 0 0 0
0.538170 -0.083554 0.152413 0 0 0
0.538800 -0.082318 0.152386 0 0 0
0.539443 -0.081058 0.152360 0 0 0
0.539981 -0.080027 0.152346 0 0 0
0.541548 -0.078637 0.152906 0 0 0
0.542094 -0.077588 0.152893 0 0 0
0.542642 -0.076528 0.152882 0 0 0
0.544219 -0.075131 0.153441 0 0 0
0.544660 -0.074315 0.153441 0 0 0
0.546231 -0.072915 0.154001 0 0 0
0.546771 -0.071877 0.153986 0 0 0
0.547305 -0.070757 0.153933 0 0 0
0.547368 -0.069064 0.153349 0 0 0
0.547891 -0.067962 0.153295 0 0 0
0.548526 -0.066713 0.153266 0 0 0
0.549160 -0.065480 0.153238 0 0 0
0.549850 -0.064250 0.153193 0 0 0
0.550377 -0.063170 0.153141 0 0 0
0.550319 -0.061383 0.152588 0 0 0
0.550848 -0.060298 0.152536 0 0 0
0.551544 -0.059065 0.152490 0 0 0
0.552226 -0.057852 0.152448 0 0 0
0.552820 -0.056588 0.152431 0 0 0
0.553391 -0.055503 0.152370 0 0 0
0.553347 -0.053711 0.151810 0 0 0
0.553884 -0.052592 0.151763 0 0 0
0.554436 -0.051531 0.151750 0 0 0
0.556094 -0.050280 0.152264 0 0 0
0.556635 -0.049225 0.152254 0 0 0
0.557119 -0.048089 0.152223 0 0 0
0.557144 -0.046263 0.151647 0 0 0
0.557591 -0.045360 0.151619 0 0 0
0.559129 -0.044233 0.152100 0 0 0
0.559027 -0.042577 0.151568 0 0 0
0.559556 -0.041490 0.151517 0 0 0
0.560248 -0.040257 0.151472 0 0 0
0.560885 -0.039019 0.151444 0 0 0
0.561516 -0.037782 0.151417 0 0 0
0.562147 -0.036545 0.151390 0 0 0
0.562778 -0.035308 0.151363 0 0 0
0.563409 -0.034071 0.151336 0 0 0
0.564038 -0.032833 0.151309 0 0 0
0.564667 -0.031588 0.151284 0 0 0
0.565249 -0.030334 0.151271 0 0 0
0.565926 -0.029123 0.151230 0 0 0
0.566572 -0.027866 0.151200 0 0 0
0.567099 -0.026785 0.151156 0 0 0
0.567207 -0.024961 0.150548 0 0 0
0.567795 -0.023878 0.150487 0 0 0
0.568336 -0.022789 0.150440 0 0 0
0.568377 -0.020919 0.149851 0 0 0
0.568914 -0.019814 0.149807 0 0 0
0.569452 -0.018710 0.149762 0 0 0
0.569560 -0.016865 0.149153 0 0 0
0.570092 -0.015776 0.149110 0 0 0
0.570735 -0.014513 0.149081 0 0 0
0.571380 -0.013251 0.149055 0 0 0
0.571950 -0.012187 0.149050 0 0 0
0.573363 -0.011120 0.149551 255 0 0
0.573324 -0.009568 0.149022 0 0 0
0.574720 -0.008514 0.149523 0 0 0
0.575241 -0.007422 0.149534 0 0 0
0.575888 -0.006130 0.149512 0 0 0
0.576406 -0.005040 0.149520 255 0 0
0.577985 -0.003879 0.150033 255 0 0
0.578477 -0.002998 0.150047 0 0 0
0.579932 -0.001792 0.150585 0 0 0
0.580495 -0.000712 0.150590 0 0 0
0.581088 0.000570 0.150579 0 0 0
0.581713 0.001796 0.150553 255 0 0
0.582398 0.003007 0.150509 0 0 0
0.583044 0.004265 0.150479 0 0 0
0.583569 0.005331 0.150442 0 0 0
0.583599 0.007323 0.149854 0 0 0
0.584115 0.008178 0.149777 0 0 0
0.584108 0.009985 0.149160 0 0 0
0.584097 0.011782 0.148544 0 0 0
0.584686 0.012855 0.148488 0 0 0
0.585236 0.013950 0.148446 0 0 0
0.585381 0.015903 0.147824 0 0 0
0.585813 0.016808 0.147776 0 0 0
0.585911 0.018818 0.147172 0 0 0
0.586387 0.019731 0.147159 0 0 0
0.587869 0.020875 0.147680 0 0 0
0.588457 0.021964 0.147678 0 0 0
0.589047 0.023062 0.147678 0 0 0
0.590452 0.024203 0.148215 0 0 0
0.591037 0.025301 0.148216 0 0 0
0.591586 0.026425 0.148232 0 0 0
0.592984 0.027368 0.148779 0 0 0
0.594394 0.028314 0.149322 0 0 0
0.594974 0.029388 0.149322 0 0 0
0.595617 0.030643 0.149296 0 0 0
0.596249 0.031882 0.149269 0 0 0
0.596881 0.033122 0.149242 0 0 0
0.597513 0.034361 0.149215 0 0 0
0.598144 0.035601 0.149189 0 0 0
0.598773 0.036842 0.149163 0 0 0
0.599405 0.038082 0.149136 0 0 0
0.600046 0.039343 0.149108 0 0 0
0.600572 0.040398 0.149074 0 0 0
0.600620 0.042461 0.148482 0 0 0
0.601196 0.043492 0.148432 0 0 0
0.601849 0.044756 0.148401 0 0 0
0.602492 0.046000 0.148372 0 0 0
0.603173 0.047214 0.148329 0 0 0
0.603818 0.048470 0.148300 0 0 0
0.604347 0.049527 0.148266 0 0 0
0.604481 0.051608 0.147650 0 0 0
0.604952 0.052453 0.147596 0 0 0
0.605024 0.054559 0.146997 0 0 0
0.605612 0.055596 0.146947 0 0 0
0.606328 0.056857 0.146898 0 0 0
0.606863 0.057911 0.146864 0 0 0
0.606947 0.060038 0.146263 0 0 0
0.607463 0.060863 0.146198 0 0 0
0.607559 0.062985 0.145593 0 0 0
0.608147 0.064029 0.145543 0 0 0
0.608864 0.065294 0.145495 0 0 0
0.609401 0.066353 0.145462 0 0 0
0.609473 0.068480 0.144864 0 0 0
0.610030 0.069573 0.144829 0 0 0
0.610619 0.070635 0.144781 0 0 0
0.610753 0.072723 0.144169 0 0 0
0.611306 0.073807 0.144128 0 0 0
0.612004 0.075051 0.144083 0 0 0
0.612645 0.076302 0.144055 0 0 0
0.613283 0.077560 0.144028 0 0 0
0.613923 0.078816 0.144001 0 0 0
0.614564 0.080071 0.143974 0 0 0
0.615205 0.081327 0.143946 0 0 0
0.615846 0.082584 0.143919 0 0 0
0.616500 0.083860 0.143890 0 0 0
0.617065 0.084863 0.143855 0 0 0
0.509026 -0.149673 0.155192 0 0 0
0.509523 -0.148690 0.155173 0 0 0
0.510061 -0.147370 0.155179 0 0 0
0.510569 -0.146346 0.155167 0 0 0
0.512352 -0.144884 0.155693 0 0 0
0.512877 -0.143839 0.155679 0 0 0
0.513358 -0.142790 0.155678 0 0 0
0.515047 -0.141296 0.156222 0 0 0
0.515523 -0.140249 0.156230 0 0 0
0.516000 -0.139199 0.156238 0 0 0
0.517687 -0.137710 0.156782 0 0 0
0.518204 -0.136711 0.156766 0 0 0
0.518780 -0.135447 0.156756 0 0 0
0.519397 -0.134210 0.156733 0 0 0
0.520018 -0.132990 0.156706 0 0 0
0.520641 -0.131770 0.156680 0 0 0
0.521264 -0.130549 0.156653 0 0 0
0.521891 -0.129328 0.156625 0 0 0
0.522580 -0.128140 0.156578 0 0 0
0.523269 -0.126952 0.156531 0 0 0
0.523900 -0.125717 0.156501 0 0 0
0.524408 -0.124594 0.156437 0 0 0
0.524299 -0.123009 0.155919 0 0 0
0.524808 -0.121880 0.155855 0 0 0
0.525446 -0.120661 0.155820 0 0 0
0.526125 -0.119452 0.155779 0 0 0
0.526757 -0.118230 0.155750 0 0 0
0.527441 -0.117007 0.155705 0 0 0
0.527961 -0.115906 0.155639 0 0 0
0.527872 -0.114308 0.155110 0 0 0
0.528435 -0.113199 0.155033 0 0 0
0.529074 -0.111960 0.155002 0 0 0
0.529755 -0.110750 0.154959 0 0 0
0.530394 -0.109528 0.154925 0 0 0
0.530907 -0.108409 0.154866 0 0 0
0.530823 -0.106786 0.154332 0 0 0
0.531394 -0.105665 0.154255 0 0 0
0.531921 -0.104532 0.154190 0 0 0
0.531894 -0.102914 0.153640 0 0 0
0.532421 -0.101808 0.153577 0 0 0
0.533112 -0.100579 0.153531 0 0 0
0.533804 -0.099350 0.153486 0 0 0
0.534330 -0.098252 0.153425 0 0 0
0.534247 -0.096577 0.152887 0 0 0
0.534771 -0.095472 0.152827 0 0 0
0.535458 -0.094241 0.152783 0 0 0
0.536091 -0.093009 0.152755 0 0 0
0.536725 -0.091777 0.152727 0 0 0
0.537414 -0.090546 0.152682 0 0 0
0.537942 -0.089449 0.152624 0 0 0
0.537874 -0.087724 0.152081 0 0 0
0.538302 -0.086811 0.152042 0 0 0
0.539948 -0.085435 0.152579 0 0 0
0.540480 -0.084404 0.152567 0 0 0
0.541133 -0.083127 0.152540 0 0 0
0.541668 -0.082103 0.152527 0 0 0
0.543250 -0.080694 0.153088 0 0 0
0.543685 -0.079877 0.153090 0 0 0
0.545262 -0.078474 0.153650 0 0 0
0.545805 -0.077425 0.153639 0 0 0
0.546348 -0.076386 0.153627 0 0 0
0.547976 -0.075045 0.154166 0 0 0
0.548505 -0.074025 0.154154 0 0 0
0.549148 -0.072760 0.154125 0 0 0
0.549660 -0.071667 0.154076 0 0 0
0.549662 -0.069942 0.153507 0 0 0
0.550180 -0.068848 0.153454 0 0 0
0.550819 -0.067585 0.153423 0 0 0
0.551337 -0.066495 0.153372 0 0 0
0.551342 -0.064753 0.152801 0 0 0
0.551873 -0.063672 0.152746 0 0 0
0.552619 -0.062464 0.152685 0 0 0
0.553266 -0.061232 0.152651 0 0 0
0.553784 -0.060131 0.152600 0 0 0
0.553668 -0.058523 0.152075 0 0 0
0.555100 -0.057502 0.152523 0 0 0
0.554995 -0.055902 0.151993 0 0 0
0.555566 -0.054820 0.151927 0 0 0
0.556207 -0.053570 0.151897 0 0 0
0.556832 -0.052329 0.151872 0 0 0
0.557418 -0.051050 0.151862 0 0 0
0.557956 -0.050011 0.151855 0 0 0
0.559495 -0.048894 0.152337 0 0 0
0.559450 -0.047290 0.151789 0 0 0
0.559969 -0.046183 0.151739 0 0 0
0.560555 -0.044919 0.151724 0 0 0
0.561230 -0.043711 0.151684 0 0 0
0.561865 -0.042477 0.151655 0 0 0
0.562494 -0.041245 0.151628 0 0 0
0.563123 -0.040013 0.151601 0 0 0
0.563751 -0.038780 0.151575 0 0 0
0.564380 -0.037548 0.151548 0 0 0
0.565020 -0.036295 0.151522 0 0 0
0.565573 -0.035256 0.151514 0 0 0
0.567022 -0.034134 0.152013 0 0 0
0.566950 -0.032669 0.151495 0 0 0
0.568271 -0.031691 0.151962 0 0 0
0.568255 -0.030022 0.151408 0 0 0
0.568780 -0.028921 0.151360 0 0 0
0.569311 -0.027822 0.151312 0 0 0
0.569316 -0.026143 0.150689 0 0 0
0.569259 -0.024423 0.150082 0 0 0
0.569789 -0.023349 0.150035 0 0 0
0.570489 -0.022116 0.149988 0 0 0
0.571189 -0.020883 0.149941 0 0 0
0.571720 -0.019816 0.149897 0 0 0
0.571772 -0.017937 0.149304 0 0 0
0.572352 -0.016878 0.149245 0 0 0
0.572998 -0.015633 0.149213 0 0 0
0.573630 -0.014393 0.149186 0 0 0
0.574259 -0.013146 0.149161 0 0 0
0.574844 -0.011887 0.149148 0 0 0
0.575514 -0.010652 0.149113 0 0 0
0.575986 -0.009535 0.149136 0 0 0
0.577556 -0.008379 0.149650 0 0 0
0.578117 -0.007323 0.149643 0 0 0
0.578744 -0.006064 0.149622 0 0 0
0.579280 -0.004750 0.149629 0 0 0
0.579831 -0.003672 0.149637 0 0 0
0.581344 -0.002517 0.150155 0 0 0
0.581893 -0.001466 0.150152 0 0 0
0.582484 -0.000185 0.150142 0 0 0
0.583111 0.001057 0.150116 0 0 0
0.583737 0.002293 0.150091 0 0 0
0.584366 0.003529 0.150064 0 0 0
0.585019 0.004774 0.150031 0 0 0
0.585645 0.005786 0.149961 0 0 0
0.585671 0.007750 0.149372 0 0 0
0.586264 0.008812 0.149315 0 0 0
0.586859 0.009871 0.149258 0 0 0
0.586950 0.011845 0.148651 0 0 0
0.587368 0.012735 0.148604 0 0 0
0.587524 0.014711 0.147978 0 0 0
0.587946 0.015608 0.147929 0 0 0
0.588062 0.017404 0.147341 0 0 0
0.589364 0.018414 0.147858 0 0 0
0.589944 0.019487 0.147858 0 0 0
0.590598 0.020762 0.147833 0 0 0
0.591174 0.021835 0.147832 0 0 0
0.592627 0.022943 0.148356 0 0 0
0.593165 0.024058 0.148370 0 0 0
0.593749 0.025153 0.148373 0 0 0
0.595139 0.026290 0.148912 0 0 0
0.595667 0.027388 0.148927 0 0 0
0.596293 0.028640 0.148906 0 0 0
0.596925 0.029878 0.148879 0 0 0
0.597556 0.031115 0.148852 0 0 0
0.598187 0.032352 0.148825 0 0 0
0.598818 0.033588 0.148798 0 0 0
0.599459 0.034827 0.148768 0 0 0
0.600143 0.036034 0.148724 0 0 0
0.600777 0.037264 0.148696 0 0 0
0.601405 0.038504 0.148670 0 0 0
0.602039 0.039735 0.148641 0 0 0
0.602722 0.040941 0.148597 0 0 0
0.603370 0.042188 0.148554 0 0 0
0.604092 0.043419 0.148369 0 0 0
0.604627 0.044453 0.148310 0 0 0
0.604641 0.046529 0.147892 0 0 0
0.605165 0.047593 0.147860 0 0 0
0.605819 0.048867 0.147829 0 0 0
0.606390 0.049892 0.147781 0 0 0
0.606458 0.051980 0.147182 0 0 0
0.607055 0.053031 0.147129 0 0 0
0.607648 0.054082 0.147078 0 0 0
0.607710 0.056179 0.146481 0 0 0
0.608253 0.057251 0.146445 0 0 0
0.608842 0.058301 0.146394 0 0 0
0.608977 0.060373 0.145775 0 0 0
0.609577 0.061430 0.145723 0 0 0
0.610176 0.062483 0.145671 0 0 0
0.610243 0.064600 0.145073 0 0 0
0.610779 0.065657 0.145039 0 0 0
0.611496 0.066920 0.144991 0 0 0
0.612086 0.067955 0.144941 0 0 0
0.612179 0.070075 0.144335 0 0 0
0.612811 0.071106 0.144272 0 0 0
0.613366 0.072188 0.144237 0 0 0
0.613448 0.074327 0.143635 0 0 0
0.613995 0.075397 0.143601 0 0 0
0.614692 0.076641 0.143556 0 0 0
0.615334 0.077889 0.143528 0 0 0
0.615973 0.079143 0.143500 0 0 0
0.616597 0.080395 0.143477 0 0 0
0.617194 0.081681 0.143465 0 0 0
0.617839 0.082950 0.143440 0 0 0
0.618465 0.084066 0.143454 0 0 0
0.619686 0.084833 0.143943 0 0 0
0.510504 -0.150088 0.154778 0 0 0
0.510900 -0.149330 0.154766 0 0 0
0.512708 -0.147838 0.155291 0 0 0
0.513214 -0.146817 0.155279 0 0 0
0.513789 -0.145553 0.155270 0 0 0
0.514362 -0.144289 0.155262 0 0 0
0.514884 -0.143265 0.155254 0 0 0
0.516530 -0.141734 0.155815 0 0 0
0.516937 -0.140949 0.155810 0 0 0
0.518720 -0.139461 0.156341 0 0 0
0.519188 -0.138426 0.156341 0 0 0
0.519653 -0.137387 0.156343 0 0 0
0.521415 -0.135930 0.156874 0 0 0
0.521924 -0.134936 0.156859 0 0 0
0.522558 -0.133695 0.156832 0 0 0
0.523179 -0.132478 0.156806 0 0 0
0.523803 -0.131247 0.156776 0 0 0
0.524306 -0.130127 0.156711 0 0 0
0.524201 -0.128562 0.156193 0 0 0
0.524702 -0.127436 0.156128 0 0 0
0.525328 -0.126202 0.156099 0 0 0
0.525960 -0.125004 0.156067 0 0 0
0.526638 -0.123799 0.156025 0 0 0
0.527263 -0.122581 0.155998 0 0 0
0.527885 -0.121363 0.155971 0 0 0
0.528511 -0.120128 0.155942 0 0 0
0.529017 -0.119015 0.155876 0 0 0
0.528981 -0.117442 0.155335 0 0 0
0.529501 -0.116341 0.155267 0 0 0
0.530185 -0.115120 0.155223 0 0 0
0.530817 -0.113883 0.155192 0 0 0
0.531325 -0.112772 0.155129 0 0 0
0.531293 -0.111179 0.154584 0 0 0
0.531807 -0.110059 0.154522 0 0 0
0.532445 -0.108840 0.154488 0 0 0
0.533129 -0.107632 0.154445 0 0 0
0.533819 -0.106412 0.154398 0 0 0
0.534360 -0.105304 0.154321 0 0 0
0.534378 -0.103724 0.153765 0 0 0
0.534902 -0.102602 0.153699 0 0 0
0.535418 -0.101473 0.153641 0 0 0
0.535331 -0.099808 0.153104 0 0 0
0.535855 -0.098710 0.153042 0 0 0
0.536541 -0.097484 0.152997 0 0 0
0.537177 -0.096256 0.152968 0 0 0
0.537855 -0.095044 0.152927 0 0 0
0.538495 -0.093817 0.152894 0 0 0
0.539011 -0.092708 0.152839 0 0 0
0.538933 -0.091015 0.152296 0 0 0
0.539459 -0.089919 0.152237 0 0 0
0.540158 -0.088669 0.152192 0 0 0
0.540694 -0.087641 0.152179 0 0 0
0.542327 -0.086283 0.152723 0 0 0
0.542802 -0.085240 0.152726 0 0 0
0.543448 -0.083955 0.152702 0 0 0
0.543977 -0.082930 0.152691 0 0 0
0.545615 -0.081561 0.153235 0 0 0
0.545995 -0.080725 0.153252 0 0 0
0.547636 -0.079349 0.153795 0 0 0
0.548154 -0.078335 0.153786 0 0 0
0.548727 -0.077053 0.153779 0 0 0
0.549288 -0.075792 0.153773 0 0 0
0.549903 -0.074573 0.153748 0 0 0
0.550533 -0.073347 0.153720 0 0 0
0.551223 -0.072160 0.153673 0 0 0
0.551908 -0.070973 0.153626 0 0 0
0.552554 -0.069736 0.153581 0 0 0
0.553257 -0.068534 0.153401 0 0 0
0.553781 -0.067462 0.153329 0 0 0
0.553761 -0.065706 0.152922 0 0 0
0.554167 -0.064749 0.152853 0 0 0
0.554116 -0.062949 0.152293 0 0 0
0.554633 -0.061859 0.152245 0 0 0
0.555271 -0.060629 0.152212 0 0 0
0.555951 -0.059410 0.152171 0 0 0
0.556532 -0.058170 0.152157 0 0 0
0.557206 -0.056966 0.152116 0 0 0
0.557839 -0.055737 0.152088 0 0 0
0.558466 -0.054510 0.152061 0 0 0
0.559092 -0.053282 0.152034 0 0 0
0.559718 -0.052055 0.152008 0 0 0
0.560340 -0.050816 0.151983 0 0 0
0.560922 -0.049575 0.151968 0 0 0
0.561650 -0.048391 0.151912 0 0 0
0.562280 -0.047178 0.151882 0 0 0
0.562860 -0.045923 0.151870 0 0 0
0.563540 -0.044709 0.151829 0 0 0
0.564173 -0.043496 0.151798 0 0 0
0.564800 -0.042266 0.151771 0 0 0
0.565416 -0.041041 0.151747 0 0 0
0.565985 -0.039784 0.151738 0 0 0
0.566608 -0.038547 0.151713 0 0 0
0.567233 -0.037320 0.151687 0 0 0
0.567856 -0.036083 0.151662 0 0 0
0.568431 -0.034840 0.151649 0 0 0
0.569101 -0.033628 0.151610 0 0 0
0.569684 -0.032383 0.151596 0 0 0
0.570364 -0.031181 0.151553 0 0 0
0.571063 -0.029957 0.151506 0 0 0
0.571582 -0.028896 0.151459 0 0 0
0.571525 -0.027184 0.150852 0 0 0
0.571531 -0.025504 0.150226 0 0 0
0.572062 -0.024405 0.150178 0 0 0
0.572592 -0.023315 0.150133 0 0 0
0.572636 -0.021444 0.149541 0 0 0
0.573181 -0.020359 0.149493 0 0 0
0.573817 -0.019313 0.149419 0 0 0
0.573813 -0.017409 0.148839 0 0 0
0.574339 -0.016331 0.148798 0 0 0
0.574978 -0.015075 0.148769 255 0 0
0.575609 -0.013838 0.148742 0 0 0
0.576254 -0.012585 0.148715 0 0 0
0.576811 -0.011526 0.148709 0 0 0
0.578328 -0.010327 0.149243 0 0 0
0.578836 -0.009252 0.149252 0 0 0
0.579475 -0.007983 0.149230 0 0 0
0.580037 -0.006930 0.149224 0 0 0
0.581605 -0.005790 0.149736 0 0 0
0.582110 -0.004705 0.149748 255 0 0
0.582708 -0.003401 0.149740 0 0 0
0.583257 -0.002353 0.149738 0 0 0
0.584813 -0.001222 0.150250 0 0 0
0.585321 -0.000146 0.150261 0 0 0
0.585956 0.001110 0.150237 0 0 0
0.586592 0.002360 0.150208 0 0 0
0.587113 0.003416 0.150169 0 0 0
0.587188 0.005351 0.149565 0 0 0
0.587778 0.006407 0.149507 0 0 0
0.588369 0.007459 0.149450 0 0 0
0.588388 0.009431 0.148862 0 0 0
0.588971 0.010486 0.148807 0 0 0
0.589513 0.011568 0.148765 0 0 0
0.589652 0.013497 0.148142 0 0 0
0.590188 0.014563 0.148101 0 0 0
0.590872 0.015788 0.148059 0 0 0
0.591454 0.017049 0.148047 0 0 0
0.592082 0.018293 0.148021 0 0 0
0.592712 0.019529 0.147994 0 0 0
0.593349 0.020789 0.147970 0 0 0
0.593876 0.021886 0.147983 0 0 0
0.595336 0.023011 0.148511 0 0 0
0.595849 0.023899 0.148536 0 0 0
0.597254 0.025048 0.149076 0 0 0
0.597825 0.026109 0.149077 0 0 0
0.598464 0.027358 0.149051 0 0 0
0.599093 0.028591 0.149025 0 0 0
0.599722 0.029822 0.148998 0 0 0
0.600360 0.031058 0.148969 0 0 0
0.601052 0.032281 0.148924 0 0 0
0.601572 0.033321 0.148888 0 0 0
0.601612 0.035378 0.148296 0 0 0
0.602144 0.036431 0.148259 0 0 0
0.602836 0.037656 0.148214 0 0 0
0.603466 0.038886 0.148186 0 0 0
0.604102 0.040144 0.148159 0 0 0
0.604622 0.041201 0.148128 0 0 0
0.604637 0.043269 0.147708 0 0 0
0.605172 0.044304 0.147648 0 0 0
0.605894 0.045535 0.147463 0 0 0
0.606532 0.046780 0.147422 0 0 0
0.607174 0.048019 0.147392 0 0 0
0.607854 0.049222 0.147349 0 0 0
0.608549 0.050441 0.147302 0 0 0
0.609088 0.051502 0.147259 0 0 0
0.609209 0.053550 0.146647 0 0 0
0.609782 0.054574 0.146599 0 0 0
0.610445 0.055859 0.146567 0 0 0
0.610971 0.056908 0.146535 0 0 0
0.611111 0.059012 0.145914 0 0 0
0.611580 0.059847 0.145862 0 0 0
0.611661 0.061975 0.145258 0 0 0
0.612238 0.063002 0.145210 0 0 0
0.612904 0.064291 0.145178 0 0 0
0.613437 0.065346 0.145144 0 0 0
0.613592 0.067458 0.144519 0 0 0
0.614107 0.068271 0.144454 0 0 0
0.614217 0.070426 0.143844 0 0 0
0.614800 0.071452 0.143795 0 0 0
0.615508 0.072706 0.143748 0 0 0
0.616052 0.073770 0.143715 0 0 0
0.616131 0.075916 0.143112 0 0 0
0.616666 0.076980 0.143081 0 0 0
0.617323 0.078264 0.143054 0 0 0
0.617936 0.079372 0.143061 0 0 0
0.619285 0.080346 0.143566 0 0 0
0.619904 0.081463 0.143577 0 0 0
0.620526 0.082583 0.143590 0 0 0
0.621826 0.083603 0.144108 0 0 0
0.622317 0.084474 0.144123 0 0 0
0.513613 -0.149477 0.154901 0 0 0
0.514054 -0.148492 0.154895 0 0 0
0.514701 -0.147218 0.154869 0 0 0
0.515218 -0.146220 0.154852 0 0 0
0.516947 -0.144708 0.155400 0 0 0
0.517342 -0.143924 0.155398 0 0 0
0.519076 -0.142421 0.155944 0 0 0
0.519574 -0.141415 0.155934 0 0 0
0.520100 -0.140110 0.155941 0 0 0
0.520601 -0.139102 0.155930 0 0 0
0.522365 -0.137643 0.156463 0 0 0
0.522816 -0.136636 0.156463 0 0 0
0.523444 -0.135398 0.156438 0 0 0
0.524063 -0.134184 0.156412 0 0 0
0.524683 -0.132970 0.156385 0 0 0
0.525302 -0.131755 0.156359 0 0 0
0.525933 -0.130560 0.156327 0 0 0
0.526609 -0.129361 0.156285 0 0 0
0.527232 -0.128148 0.156258 0 0 0
0.527852 -0.126934 0.156231 0 0 0
0.528475 -0.125722 0.156203 0 0 0
0.529095 -0.124509 0.156177 0 0 0
0.529714 -0.123295 0.156150 0 0 0
0.530334 -0.122081 0.156124 0 0 0
0.530953 -0.120867 0.156097 0 0 0
0.531577 -0.119638 0.156068 0 0 0
0.532081 -0.118529 0.156005 0 0 0
0.532044 -0.116954 0.155464 0 0 0
0.532548 -0.115844 0.155398 0 0 0
0.533178 -0.114612 0.155367 0 0 0
0.533862 -0.113396 0.155323 0 0 0
0.534379 -0.112309 0.155256 0 0 0
0.534347 -0.110711 0.154710 0 0 0
0.534858 -0.109587 0.154643 0 0 0
0.535373 -0.108465 0.154578 0 0 0
0.535349 -0.106841 0.154025 0 0 0
0.535755 -0.105851 0.153930 0 0 0
0.535778 -0.104259 0.153370 0 0 0
0.536315 -0.103130 0.153295 0 0 0
0.537010 -0.101928 0.153245 0 0 0
0.537696 -0.100740 0.153198 0 0 0
0.538344 -0.099504 0.153153 0 0 0
0.539045 -0.098306 0.152972 0 0 0
0.539569 -0.097214 0.152891 0 0 0
0.539453 -0.095535 0.152521 0 0 0
0.539967 -0.094415 0.152467 0 0 0
0.540606 -0.093191 0.152434 0 0 0
0.541284 -0.091982 0.152392 0 0 0
0.541913 -0.090756 0.152365 0 0 0
0.542542 -0.089533 0.152337 0 0 0
0.543166 -0.088275 0.152315 0 0 0
0.543584 -0.087211 0.152335 0 0 0
0.545279 -0.085875 0.152862 0 0 0
0.545796 -0.084863 0.152852 0 0 0
0.546380 -0.083557 0.152846 0 0 0
0.546847 -0.082505 0.152853 0 0 0
0.548464 -0.081150 0.153400 0 0 0
0.548945 -0.080090 0.153406 0 0 0
0.549474 -0.079057 0.153397 0 0 0
0.551171 -0.077749 0.153918 0 0 0
0.551695 -0.076741 0.153906 0 0 0
0.552336 -0.075483 0.153878 0 0 0
0.552845 -0.074402 0.153827 0 0 0
0.552789 -0.072649 0.153272 0 0 0
0.553356 -0.071567 0.153205 0 0 0
0.553894 -0.070458 0.153140 0 0 0
0.553847 -0.068732 0.152743 0 0 0
0.554374 -0.067663 0.152669 0 0 0
0.555085 -0.066462 0.152490 0 0 0
0.555732 -0.065244 0.152443 0 0 0
0.556431 -0.064032 0.152382 0 0 0
0.557137 -0.062844 0.152193 0 0 0
0.557752 -0.061650 0.152148 0 0 0
0.558377 -0.060422 0.152122 0 0 0
0.559000 -0.059199 0.152095 0 0 0
0.559629 -0.057972 0.152067 0 0 0
0.560227 -0.056776 0.152061 0 0 0
0.560784 -0.055492 0.152197 0 0 0
0.561411 -0.054256 0.152185 0 0 0
0.562033 -0.053033 0.152159 0 0 0
0.562664 -0.051794 0.152130 0 0 0
0.563192 -0.050708 0.152073 0 0 0
0.563214 -0.048902 0.151500 0 0 0
0.563650 -0.048026 0.151472 0 0 0
0.565110 -0.046881 0.151966 0 0 0
0.565007 -0.045221 0.151443 0 0 0
0.565522 -0.044138 0.151395 0 0 0
0.566166 -0.042874 0.151367 0 0 0
0.566708 -0.041845 0.151358 0 0 0
0.568345 -0.040623 0.151875 0 0 0
0.568884 -0.039599 0.151866 0 0 0
0.569520 -0.038355 0.151840 0 0 0
0.570148 -0.037134 0.151812 0 0 0
0.570768 -0.035910 0.151786 0 0 0
0.571392 -0.034686 0.151760 0 0 0
0.572023 -0.033443 0.151732 0 0 0
0.572537 -0.032381 0.151689 0 0 0
0.572516 -0.030497 0.151116 0 0 0
0.573102 -0.029449 0.151051 0 0 0
0.573687 -0.028402 0.150988 0 0 0
0.573733 -0.026541 0.150395 0 0 0
0.574268 -0.025453 0.150347 0 0 0
0.574848 -0.024393 0.150287 0 0 0
0.574906 -0.022514 0.149688 0 0 0
0.575321 -0.021611 0.149631 0 0 0
0.575382 -0.019725 0.149030 0 0 0
0.575956 -0.018677 0.148973 0 0 0
0.576601 -0.017424 0.148942 0 0 0
0.577229 -0.016192 0.148916 0 0 0
0.577868 -0.014940 0.148889 0 0 0
0.578425 -0.013898 0.148884 0 0 0
0.579884 -0.012671 0.149435 255 0 0
0.580436 -0.011624 0.149431 255 0 0
0.581074 -0.010375 0.149405 255 0 0
0.581701 -0.009146 0.149378 0 0 0
0.582336 -0.007889 0.149354 0 0 0
0.582843 -0.006814 0.149365 0 0 0
0.584341 -0.005643 0.149897 0 0 0
0.584895 -0.004600 0.149894 0 0 0
0.585540 -0.003328 0.149871 0 0 0
0.586047 -0.002255 0.149882 0 0 0
0.587603 -0.001129 0.150395 0 0 0
0.588162 -0.000091 0.150389 0 0 0
0.588808 0.001173 0.150361 0 0 0
0.589323 0.002222 0.150323 0 0 0
0.589398 0.004191 0.149719 0 0 0
0.589810 0.005063 0.149670 0 0 0
0.589896 0.007027 0.149061 0 0 0
0.590467 0.008055 0.149007 0 0 0
0.591123 0.009329 0.148975 0 0 0
0.591643 0.010380 0.148936 0 0 0
0.591793 0.012333 0.148310 0 0 0
0.592204 0.013210 0.148261 0 0 0
0.592257 0.015040 0.147688 0 0 0
0.593617 0.016010 0.148189 0 0 0
0.594191 0.017067 0.148190 0 0 0
0.594841 0.018334 0.148166 0 0 0
0.595410 0.019390 0.148165 0 0 0
0.596810 0.020540 0.148708 0 0 0
0.597387 0.021608 0.148709 0 0 0
0.597968 0.022683 0.148711 0 0 0
0.599359 0.023816 0.149251 0 0 0
0.599927 0.024870 0.149252 0 0 0
0.600563 0.026115 0.149227 0 0 0
0.601190 0.027342 0.149200 0 0 0
0.601837 0.028594 0.149169 0 0 0
0.602402 0.029606 0.149119 0 0 0
0.602450 0.031652 0.148522 0 0 0
0.603025 0.032659 0.148469 0 0 0
0.603731 0.033892 0.148420 0 0 0
0.604260 0.034938 0.148384 0 0 0
0.604309 0.037003 0.147787 0 0 0
0.604881 0.038019 0.147737 0 0 0
0.605522 0.039266 0.147707 0 0 0
0.606151 0.040494 0.147680 0 0 0
0.606829 0.041698 0.147637 0 0 0
0.607468 0.042932 0.147608 0 0 0
0.608099 0.044162 0.147580 0 0 0
0.608736 0.045417 0.147552 0 0 0
0.609264 0.046466 0.147510 0 0 0
0.609377 0.048513 0.146901 0 0 0
0.609904 0.049584 0.146868 0 0 0
0.610434 0.050652 0.146834 0 0 0
0.610549 0.052708 0.146224 0 0 0
0.611075 0.053768 0.146184 0 0 0
0.611715 0.055026 0.146156 0 0 0
0.612372 0.056279 0.146123 0 0 0
0.612997 0.057265 0.146058 0 0 0
0.613085 0.059370 0.145450 0 0 0
0.613711 0.060360 0.145385 0 0 0
0.614368 0.061616 0.145352 0 0 0
0.615009 0.062877 0.145325 0 0 0
0.615535 0.063929 0.145291 0 0 0
0.615567 0.065854 0.144667 0 0 0
0.615619 0.067797 0.144036 0 0 0
0.616090 0.068635 0.143984 0 0 0
0.616248 0.070762 0.143357 0 0 0
0.616777 0.071823 0.143326 0 0 0
0.617424 0.073085 0.143297 0 0 0
0.618109 0.074299 0.143253 0 0 0
0.618756 0.075549 0.143224 0 0 0
0.619401 0.076807 0.143198 0 0 0
0.620010 0.077910 0.143209 0 0 0
0.621300 0.078912 0.143730 0 0 0
0.621916 0.080023 0.143742 0 0 0
0.622536 0.081136 0.143755 0 0 0
0.623871 0.082108 0.144264 0 0 0
0.624427 0.083095 0.144330 0 0 0
0.625634 0.083861 0.144824 0 0 0
0.516121 -0.150091 0.155051 0 0 0
0.516619 -0.149143 0.155027 0 0 0
0.517262 -0.147871 0.155002 0 0 0
0.517710 -0.146854 0.155004 0 0 0
0.519417 -0.145358 0.155557 0 0 0
0.519856 -0.144332 0.155563 0 0 0
0.520434 -0.143029 0.155558 0 0 0
0.520936 -0.142044 0.155544 0 0 0
0.522724 -0.140600 0.156071 0 0 0
0.523223 -0.139598 0.156059 0 0 0
0.523793 -0.138342 0.156050 0 0 0
0.524410 -0.137133 0.156024 0 0 0
0.525029 -0.135921 0.155997 0 0 0
0.525647 -0.134709 0.155971 0 0 0
0.526265 -0.133498 0.155944 0 0 0
0.526883 -0.132286 0.155918 0 0 0
0.527500 -0.131073 0.155892 0 0 0
0.528115 -0.129861 0.155866 0 0 0
0.528733 -0.128648 0.155840 0 0 0
0.529346 -0.127439 0.155815 0 0 0
0.529900 -0.126205 0.155807 0 0 0
0.530511 -0.124977 0.155784 0 0 0
0.531128 -0.123766 0.155758 0 0 0
0.531746 -0.122555 0.155731 0 0 0
0.532364 -0.121343 0.155705 0 0 0
0.532982 -0.120130 0.155678 0 0 0
0.533611 -0.118939 0.155646 0 0 0
0.534288 -0.117743 0.155604 0 0 0
0.534916 -0.116515 0.155574 0 0 0
0.535419 -0.115415 0.155509 0 0 0
0.535385 -0.113829 0.154964 0 0 0
0.535900 -0.112742 0.154896 0 0 0
0.536587 -0.111529 0.154850 0 0 0
0.537275 -0.110318 0.154803 0 0 0
0.537811 -0.109222 0.154723 0 0 0
0.537832 -0.107637 0.154165 0 0 0
0.538234 -0.106658 0.154069 0 0 0
0.538220 -0.105009 0.153508 0 0 0
0.538668 -0.104037 0.153402 0 0 0
0.538604 -0.102382 0.152854 0 0 0
0.539168 -0.101277 0.152778 0 0 0
0.539709 -0.100148 0.152704 0 0 0
0.539629 -0.098517 0.152324 0 0 0
0.540109 -0.097409 0.152267 0 0 0
0.540857 -0.096218 0.152069 0 0 0
0.541453 -0.094979 0.152037 0 0 0
0.542076 -0.093744 0.152011 0 0 0
0.542755 -0.092538 0.151970 0 0 0
0.543381 -0.091334 0.151940 0 0 0
0.543957 -0.090062 0.151931 0 0 0
0.544478 -0.089035 0.151922 0 0 0
0.546111 -0.087664 0.152469 0 0 0
0.546590 -0.086605 0.152474 0 0 0
0.547118 -0.085572 0.152465 0 0 0
0.548770 -0.084198 0.153009 0 0 0
0.549191 -0.083397 0.153013 0 0 0
0.550839 -0.082029 0.153556 0 0 0
0.551361 -0.081025 0.153544 0 0 0
0.551990 -0.079775 0.153520 0 0 0
0.552549 -0.078532 0.153512 0 0 0
0.553161 -0.077318 0.153487 0 0 0
0.553779 -0.076098 0.153462 0 0 0
0.554413 -0.074882 0.153429 0 0 0
0.554994 -0.073811 0.153350 0 0 0
0.554994 -0.072077 0.152783 0 0 0
0.555399 -0.071149 0.152708 0 0 0
0.555401 -0.069409 0.152141 0 0 0
0.555927 -0.068312 0.152079 0 0 0
0.556557 -0.067074 0.152049 0 0 0
0.557240 -0.065855 0.152004 0 0 0
0.557751 -0.064779 0.151956 0 0 0
0.557668 -0.063002 0.151571 0 0 0
0.558201 -0.061905 0.151518 0 0 0
0.558829 -0.060667 0.151491 0 0 0
0.559453 -0.059444 0.151464 0 0 0
0.560088 -0.058204 0.151436 0 0 0
0.560629 -0.057155 0.151433 0 0 0
0.562287 -0.055938 0.151777 0 0 0
0.562829 -0.054916 0.151764 0 0 0
0.563464 -0.053675 0.151738 0 0 0
0.564098 -0.052437 0.151709 0 0 0
0.564612 -0.051372 0.151661 0 0 0
0.564631 -0.049567 0.151089 0 0 0
0.565077 -0.048666 0.151059 0 0 0
0.566666 -0.047407 0.151582 0 0 0
0.567257 -0.046409 0.151557 0 0 0
0.567900 -0.045167 0.151529 0 0 0
0.568522 -0.043947 0.151502 0 0 0
0.569141 -0.042717 0.151478 0 0 0
0.569705 -0.041467 0.151469 0 0 0
0.570319 -0.040248 0.151445 0 0 0
0.570931 -0.039029 0.151421 0 0 0
0.571502 -0.037777 0.151410 0 0 0
0.572181 -0.036572 0.151368 0 0 0
0.572809 -0.035365 0.151338 0 0 0
0.573432 -0.034142 0.151312 0 0 0
0.574070 -0.032915 0.151280 0 0 0
0.574637 -0.031881 0.151221 0 0 0
0.574616 -0.029993 0.150646 0 0 0
0.575140 -0.028942 0.150600 0 0 0
0.575897 -0.027729 0.150535 0 0 0
0.576424 -0.026683 0.150488 0 0 0
0.576412 -0.024792 0.149909 0 0 0
0.577046 -0.023757 0.149833 0 0 0
0.577585 -0.022690 0.149784 0 0 0
0.577628 -0.020812 0.149189 0 0 0
0.578147 -0.019748 0.149146 0 0 0
0.578793 -0.018481 0.149119 0 0 0
0.579351 -0.017443 0.149115 0 0 0
0.580765 -0.016381 0.149617 0 0 0
0.580714 -0.014850 0.149091 0 0 0
0.582118 -0.013801 0.149590 0 0 0
0.582675 -0.012759 0.149587 0 0 0
0.583312 -0.011515 0.149560 0 0 0
0.583938 -0.010289 0.149534 0 0 0
0.584559 -0.009047 0.149512 0 0 0
0.585059 -0.007976 0.149525 0 0 0
0.586568 -0.006800 0.150057 0 0 0
0.587120 -0.005762 0.150052 0 0 0
0.587756 -0.004522 0.150026 0 0 0
0.588377 -0.003290 0.150001 0 0 0
0.588932 -0.002037 0.149995 0 0 0
0.589487 -0.000784 0.149989 0 0 0
0.590108 0.000448 0.149964 0 0 0
0.590745 0.001661 0.149933 0 0 0
0.591495 0.002849 0.149870 0 0 0
0.592022 0.003883 0.149827 0 0 0
0.592090 0.005837 0.149224 0 0 0
0.592606 0.006883 0.149184 0 0 0
0.593261 0.008153 0.149152 0 0 0
0.593831 0.009170 0.149098 0 0 0
0.593910 0.011126 0.148490 0 0 0
0.594429 0.012174 0.148451 0 0 0
0.595066 0.013422 0.148423 0 0 0
0.595692 0.014651 0.148396 0 0 0
0.596328 0.015897 0.148371 0 0 0
0.596895 0.016943 0.148370 0 0 0
0.598348 0.018056 0.148899 0 0 0
0.598861 0.019136 0.148913 0 0 0
0.599503 0.020403 0.148891 0 0 0
0.600069 0.021452 0.148892 0 0 0
0.601528 0.022549 0.149413 0 0 0
0.602094 0.023595 0.149413 0 0 0
0.602729 0.024835 0.149387 0 0 0
0.603363 0.026079 0.149359 0 0 0
0.603883 0.027124 0.149315 0 0 0
0.603987 0.029142 0.148707 0 0 0
0.604440 0.029962 0.148651 0 0 0
0.604493 0.032042 0.148052 0 0 0
0.605007 0.033084 0.148018 0 0 0
0.605668 0.034348 0.147984 0 0 0
0.606289 0.035328 0.147918 0 0 0
0.606345 0.037387 0.147317 0 0 0
0.606875 0.038431 0.147280 0 0 0
0.607567 0.039652 0.147235 0 0 0
0.608195 0.040876 0.147207 0 0 0
0.608806 0.042105 0.147185 0 0 0
0.609394 0.043373 0.147172 0 0 0
0.610067 0.044595 0.147132 0 0 0
0.610541 0.045662 0.147112 0 0 0
0.610714 0.047675 0.146483 0 0 0
0.611240 0.048729 0.146441 0 0 0
0.611882 0.049974 0.146411 0 0 0
0.612560 0.051177 0.146368 0 0 0
0.613200 0.052412 0.146339 0 0 0
0.613839 0.053666 0.146311 0 0 0
0.614362 0.054705 0.146277 0 0 0
0.614498 0.056800 0.145654 0 0 0
0.614951 0.057615 0.145603 0 0 0
0.615104 0.059728 0.144976 0 0 0
0.615630 0.060773 0.144943 0 0 0
0.616270 0.062033 0.144916 0 0 0
0.616928 0.063285 0.144882 0 0 0
0.617557 0.064276 0.144810 0 0 0
0.617772 0.066347 0.144169 0 0 0
0.618193 0.067203 0.144133 0 0 0
0.618333 0.069332 0.143510 0 0 0
0.618863 0.070382 0.143477 0 0 0
0.619507 0.071646 0.143448 0 0 0
0.620140 0.072888 0.143421 0 0 0
0.620773 0.074129 0.143394 0 0 0
0.621416 0.075384 0.143369 0 0 0
0.622022 0.076478 0.143380 0 0 0
0.623375 0.077448 0.143884 0 0 0
0.623962 0.078536 0.143898 0 0 0
0.624564 0.079840 0.143890 0 0 0
0.625128 0.080968 0.143915 0 0 0
0.626499 0.081906 0.144414 0 0 0
0.627011 0.082914 0.144493 0 0 0
0.628258 0.083642 0.144974 0 0 0
0.517561 -0.150522 0.154656 0 0 0
0.518072 -0.149539 0.154633 0 0 0
0.518591 -0.148519 0.154618 0 0 0
0.520315 -0.146974 0.155175 0 0 0
0.520651 -0.146212 0.155184 0 0 0
0.522376 -0.144689 0.155738 0 0 0
0.522878 -0.143719 0.155723 0 0 0
0.523503 -0.142464 0.155700 0 0 0
0.524056 -0.141235 0.155691 0 0 0
0.524669 -0.140029 0.155666 0 0 0
0.525290 -0.138820 0.155638 0 0 0
0.525908 -0.137611 0.155612 0 0 0
0.526524 -0.136402 0.155586 0 0 0
0.527141 -0.135192 0.155559 0 0 0
0.527758 -0.133983 0.155533 0 0 0
0.528375 -0.132774 0.155507 0 0 0
0.528992 -0.131564 0.155480 0 0 0
0.529608 -0.130355 0.155454 0 0 0
0.530240 -0.129121 0.155427 0 0 0
0.530745 -0.128137 0.155413 0 0 0
0.532513 -0.126722 0.155942 0 0 0
0.533012 -0.125746 0.155929 0 0 0
0.533576 -0.124491 0.155921 0 0 0
0.534186 -0.123267 0.155898 0 0 0
0.534800 -0.122061 0.155872 0 0 0
0.535416 -0.120854 0.155845 0 0 0
0.536032 -0.119647 0.155819 0 0 0
0.536652 -0.118441 0.155792 0 0 0
0.537334 -0.117233 0.155747 0 0 0
0.537843 -0.116159 0.155679 0 0 0
0.537808 -0.114573 0.155133 0 0 0
0.538314 -0.113458 0.155065 0 0 0
0.538821 -0.112347 0.154997 0 0 0
0.538795 -0.110733 0.154444 0 0 0
0.539191 -0.109758 0.154346 0 0 0
0.539214 -0.108176 0.153786 0 0 0
0.539760 -0.107065 0.153702 0 0 0
0.540400 -0.105969 0.153595 0 0 0
0.540392 -0.104381 0.153038 0 0 0
0.540859 -0.103407 0.152920 0 0 0
0.540835 -0.101752 0.152365 0 0 0
0.541239 -0.100772 0.152269 0 0 0
0.541143 -0.099333 0.151753 0 0 0
0.542641 -0.098137 0.152147 0 0 0
0.542470 -0.096920 0.151671 0 0 0
0.543988 -0.095621 0.152153 0 0 0
0.544405 -0.094730 0.152121 0 0 0
0.544352 -0.092993 0.151574 0 0 0
0.544764 -0.092109 0.151534 0 0 0
0.546478 -0.090729 0.152063 0 0 0
0.546848 -0.089914 0.152078 0 0 0
0.548494 -0.088516 0.152629 0 0 0
0.549020 -0.087493 0.152619 0 0 0
0.549495 -0.086440 0.152625 0 0 0
0.551123 -0.085075 0.153174 0 0 0
0.551632 -0.084066 0.153166 0 0 0
0.552141 -0.082776 0.153175 0 0 0
0.552746 -0.081552 0.153154 0 0 0
0.553366 -0.080339 0.153127 0 0 0
0.553990 -0.079127 0.153099 0 0 0
0.554615 -0.077913 0.153071 0 0 0
0.555291 -0.076719 0.153029 0 0 0
0.555924 -0.075504 0.152996 0 0 0
0.556447 -0.074420 0.152932 0 0 0
0.556492 -0.072748 0.152361 0 0 0
0.557026 -0.071677 0.152292 0 0 0
0.557705 -0.070464 0.152248 0 0 0
0.558337 -0.069230 0.152218 0 0 0
0.558860 -0.068144 0.152156 0 0 0
0.558855 -0.066409 0.151590 0 0 0
0.559374 -0.065352 0.151535 0 0 0
0.560057 -0.064135 0.151491 0 0 0
0.560685 -0.062916 0.151463 0 0 0
0.561306 -0.061698 0.151436 0 0 0
0.561928 -0.060480 0.151410 0 0 0
0.562549 -0.059262 0.151383 0 0 0
0.563166 -0.058033 0.151359 0 0 0
0.563732 -0.056789 0.151349 0 0 0
0.564346 -0.055571 0.151324 0 0 0
0.564962 -0.054356 0.151299 0 0 0
0.565524 -0.053108 0.151290 0 0 0
0.566148 -0.051893 0.151263 0 0 0
0.566823 -0.050697 0.151220 0 0 0
0.567448 -0.049468 0.151194 0 0 0
0.568013 -0.048222 0.151185 0 0 0
0.568621 -0.047005 0.151162 0 0 0
0.569243 -0.045785 0.151135 0 0 0
0.569864 -0.044567 0.151109 0 0 0
0.570487 -0.043349 0.151082 0 0 0
0.571112 -0.042132 0.151054 0 0 0
0.571747 -0.040893 0.151028 0 0 0
0.572288 -0.039871 0.151021 0 0 0
0.573796 -0.038798 0.151510 0 0 0
0.573704 -0.037125 0.150970 0 0 0
0.574213 -0.036059 0.150923 0 0 0
0.574842 -0.034821 0.150895 0 0 0
0.575463 -0.033600 0.150869 0 0 0
0.576095 -0.032393 0.150838 0 0 0
0.576844 -0.031205 0.150775 0 0 0
0.577363 -0.030164 0.150729 0 0 0
0.577335 -0.028266 0.150154 0 0 0
0.577862 -0.027203 0.150107 0 0 0
0.578433 -0.026156 0.150046 0 0 0
0.578490 -0.024283 0.149447 0 0 0
0.579011 -0.023237 0.149402 0 0 0
0.579702 -0.022020 0.149357 0 0 0
0.580334 -0.020795 0.149328 0 0 0
0.580957 -0.019573 0.149302 0 0 0
0.581577 -0.018341 0.149277 0 0 0
0.582149 -0.017099 0.149265 0 0 0
0.582816 -0.015897 0.149225 0 0 0
0.583393 -0.014640 0.149214 0 0 0
0.584004 -0.013420 0.149191 0 0 0
0.584629 -0.012196 0.149164 0 0 0
0.585264 -0.010955 0.149138 0 0 0
0.585816 -0.009918 0.149134 0 0 0
0.587325 -0.008737 0.149668 0 0 0
0.587820 -0.007673 0.149681 0 0 0
0.588439 -0.006436 0.149659 0 0 0
0.589063 -0.005214 0.149632 0 0 0
0.589698 -0.003976 0.149606 0 0 0
0.590255 -0.002944 0.149601 0 0 0
0.591820 -0.001819 0.150113 0 0 0
0.592380 -0.000768 0.150108 0 0 0
0.592901 0.000287 0.150071 0 0 0
0.592903 0.002271 0.149485 0 0 0
0.593418 0.003301 0.149445 0 0 0
0.594108 0.004514 0.149399 0 0 0
0.594750 0.005759 0.149369 0 0 0
0.595256 0.006793 0.149332 0 0 0
0.595342 0.008748 0.148720 0 0 0
0.595911 0.009761 0.148667 0 0 0
0.596555 0.011008 0.148636 0 0 0
0.597179 0.012230 0.148609 0 0 0
0.597801 0.013454 0.148583 0 0 0
0.598424 0.014677 0.148556 0 0 0
0.599055 0.015925 0.148532 0 0 0
0.599569 0.017001 0.148548 0 0 0
0.601018 0.018112 0.149077 0 0 0
0.601578 0.019147 0.149077 0 0 0
0.602209 0.020393 0.149053 0 0 0
0.602779 0.021648 0.149044 0 0 0
0.603385 0.022866 0.149021 0 0 0
0.604009 0.024088 0.148995 0 0 0
0.604643 0.025331 0.148966 0 0 0
0.605155 0.026362 0.148930 0 0 0
0.605316 0.028326 0.148304 0 0 0
0.605837 0.029364 0.148259 0 0 0
0.606538 0.030579 0.148210 0 0 0
0.607239 0.031795 0.148162 0 0 0
0.607753 0.032817 0.148127 0 0 0
0.607805 0.034877 0.147525 0 0 0
0.608435 0.035875 0.147457 0 0 0
0.608972 0.036924 0.147418 0 0 0
0.609016 0.038999 0.146820 0 0 0
0.609543 0.040051 0.146787 0 0 0
0.610140 0.041137 0.146792 0 0 0
0.611498 0.041992 0.147269 0 0 0
0.611508 0.043753 0.146761 0 0 0
0.612735 0.044431 0.147212 0 0 0
0.612835 0.046328 0.146642 0 0 0
0.613354 0.047368 0.146606 0 0 0
0.613991 0.048617 0.146577 0 0 0
0.614617 0.049845 0.146551 0 0 0
0.615243 0.051073 0.146524 0 0 0
0.615880 0.052324 0.146496 0 0 0
0.616399 0.053356 0.146462 0 0 0
0.616583 0.055397 0.145822 0 0 0
0.617115 0.056456 0.145787 0 0 0
0.617648 0.057512 0.145752 0 0 0
0.617842 0.059567 0.145110 0 0 0
0.618367 0.060624 0.145076 0 0 0
0.618891 0.061683 0.145043 0 0 0
0.618920 0.063610 0.144415 0 0 0
0.619024 0.065490 0.143772 0 0 0
0.619554 0.066540 0.143730 0 0 0
0.620249 0.067763 0.143684 0 0 0
0.620892 0.069004 0.143654 0 0 0
0.621523 0.070240 0.143627 0 0 0
0.622154 0.071477 0.143600 0 0 0
0.622785 0.072714 0.143573 0 0 0
0.623416 0.073951 0.143546 0 0 0
0.624044 0.075192 0.143520 0 0 0
0.624639 0.076477 0.143510 0 0 0
0.625227 0.077562 0.143525 0 0 0
0.626572 0.078526 0.144029 0 0 0
0.627180 0.079627 0.144044 0 0 0
0.627753 0.080760 0.144072 0 0 0
0.629076 0.081730 0.144583 0 0 0
0.629625 0.082698 0.144652 0 0 0
0.630870 0.083416 0.145132 0 0 0
0.520581 -0.150128 0.154807 0 0 0
0.522201 -0.148830 0.155362 0 0 0
0.522593 -0.148087 0.155357 0 0 0
0.524238 -0.146532 0.155926 0 0 0
0.524746 -0.145556 0.155918 0 0 0
0.525373 -0.144325 0.155893 0 0 0
0.525988 -0.143120 0.155866 0 0 0
0.526598 -0.141918 0.155841 0 0 0
0.527149 -0.140693 0.155832 0 0 0
0.527818 -0.139482 0.155794 0 0 0
0.528445 -0.138303 0.155762 0 0 0
0.529059 -0.137097 0.155735 0 0 0
0.529670 -0.135891 0.155710 0 0 0
0.530283 -0.134685 0.155685 0 0 0
0.530897 -0.133480 0.155658 0 0 0
0.531512 -0.132276 0.155632 0 0 0
0.532126 -0.131071 0.155606 0 0 0
0.532745 -0.129868 0.155579 0 0 0
0.533348 -0.128650 0.155557 0 0 0
0.533845 -0.127374 0.155567 0 0 0
0.534335 -0.126382 0.155558 0 0 0
0.536100 -0.124980 0.156088 0 0 0
0.536537 -0.123986 0.156091 0 0 0
0.537157 -0.122739 0.156069 0 0 0
0.537769 -0.121538 0.156043 0 0 0
0.538388 -0.120319 0.156014 0 0 0
0.538883 -0.119229 0.155947 0 0 0
0.538848 -0.117654 0.155402 0 0 0
0.539355 -0.116580 0.155333 0 0 0
0.540035 -0.115375 0.155288 0 0 0
0.540666 -0.114154 0.155256 0 0 0
0.541221 -0.113081 0.155178 0 0 0
0.541213 -0.111490 0.154619 0 0 0
0.541655 -0.110530 0.154506 0 0 0
0.541654 -0.108916 0.153939 0 0 0
0.542112 -0.107936 0.153813 0 0 0
0.541983 -0.106445 0.153228 0 0 0
0.541845 -0.104929 0.152641 0 0 0
0.542331 -0.103943 0.152506 0 0 0
0.542358 -0.102366 0.151945 0 0 0
0.542893 -0.101276 0.151868 0 0 0
0.543572 -0.100033 0.151823 0 0 0
0.544047 -0.098895 0.151760 0 0 0
0.543983 -0.097500 0.151254 0 0 0
0.545444 -0.096197 0.151742 0 0 0
0.545984 -0.095200 0.151732 0 0 0
0.546674 -0.093981 0.151691 0 0 0
0.547307 -0.092727 0.151666 0 0 0
0.547775 -0.091702 0.151669 0 0 0
0.549390 -0.090332 0.152216 0 0 0
0.549864 -0.089280 0.152230 0 0 0
0.550326 -0.088234 0.152238 0 0 0
0.552026 -0.086888 0.152770 0 0 0
0.552488 -0.085846 0.152778 0 0 0
0.552950 -0.084803 0.152786 0 0 0
0.554648 -0.083476 0.153315 0 0 0
0.555163 -0.082482 0.153304 0 0 0
0.555793 -0.081249 0.153278 0 0 0
0.556416 -0.080024 0.153248 0 0 0
0.556936 -0.078940 0.153183 0 0 0
0.556924 -0.077240 0.152621 0 0 0
0.557437 -0.076155 0.152565 0 0 0
0.557950 -0.075072 0.152511 0 0 0
0.557932 -0.073355 0.151949 0 0 0
0.558460 -0.072266 0.151884 0 0 0
0.559143 -0.071057 0.151839 0 0 0
0.559776 -0.069843 0.151805 0 0 0
0.560299 -0.068763 0.151743 0 0 0
0.560350 -0.067073 0.151166 0 0 0
0.560877 -0.065991 0.151103 0 0 0
0.561500 -0.064757 0.151075 0 0 0
0.562116 -0.063539 0.151049 0 0 0
0.562740 -0.062324 0.151022 0 0 0
0.563361 -0.061108 0.150995 0 0 0
0.563982 -0.059892 0.150969 0 0 0
0.564603 -0.058677 0.150942 0 0 0
0.565228 -0.057461 0.150915 0 0 0
0.565850 -0.056226 0.150891 0 0 0
0.566322 -0.055186 0.150899 0 0 0
0.567974 -0.053932 0.151424 0 0 0
0.568502 -0.052922 0.151415 0 0 0
0.569134 -0.051687 0.151389 0 0 0
0.569753 -0.050473 0.151362 0 0 0
0.570372 -0.049259 0.151336 0 0 0
0.570991 -0.048045 0.151309 0 0 0
0.571611 -0.046832 0.151283 0 0 0
0.572230 -0.045618 0.151256 0 0 0
0.572849 -0.044404 0.151230 0 0 0
0.573468 -0.043190 0.151204 0 0 0
0.574087 -0.041977 0.151177 0 0 0
0.574702 -0.040752 0.151153 0 0 0
0.575267 -0.039521 0.151141 0 0 0
0.575936 -0.038335 0.151100 0 0 0
0.576564 -0.037120 0.151072 0 0 0
0.577182 -0.035906 0.151045 0 0 0
0.577805 -0.034670 0.151018 0 0 0
0.578315 -0.033624 0.150975 0 0 0
0.578288 -0.031734 0.150399 0 0 0
0.578861 -0.030721 0.150336 0 0 0
0.579558 -0.029526 0.150286 0 0 0
0.580186 -0.028307 0.150258 0 0 0
0.580814 -0.027071 0.150230 0 0 0
0.581325 -0.026024 0.150188 0 0 0
0.581370 -0.024147 0.149590 0 0 0
0.581875 -0.023100 0.149548 0 0 0
0.582506 -0.021861 0.149520 0 0 0
0.583127 -0.020642 0.149493 0 0 0
0.583749 -0.019424 0.149467 0 0 0
0.584370 -0.018205 0.149440 0 0 0
0.584992 -0.016986 0.149414 0 0 0
0.585614 -0.015768 0.149387 0 0 0
0.586235 -0.014549 0.149361 0 0 0
0.586857 -0.013331 0.149334 0 0 0
0.587489 -0.012093 0.149308 0 0 0
0.588037 -0.011064 0.149306 0 0 0
0.589553 -0.009892 0.149838 0 0 0
0.590099 -0.008867 0.149834 0 0 0
0.590732 -0.007632 0.149808 0 0 0
0.591352 -0.006416 0.149781 0 0 0
0.591972 -0.005200 0.149755 0 0 0
0.592589 -0.003976 0.149730 0 0 0
0.593152 -0.002726 0.149721 0 0 0
0.593758 -0.001511 0.149699 0 0 0
0.594384 -0.000306 0.149669 0 0 0
0.595065 0.000881 0.149625 0 0 0
0.595695 0.002099 0.149596 0 0 0
0.596315 0.003314 0.149570 0 0 0
0.596935 0.004530 0.149543 0 0 0
0.597565 0.005768 0.149515 0 0 0
0.598074 0.006799 0.149478 0 0 0
0.598152 0.008769 0.148869 0 0 0
0.598667 0.009818 0.148833 0 0 0
0.599235 0.010870 0.148831 0 0 0
0.600711 0.011993 0.149358 0 0 0
0.601268 0.013025 0.149357 0 0 0
0.601900 0.014259 0.149332 0 0 0
0.602520 0.015475 0.149305 0 0 0
0.603139 0.016692 0.149279 0 0 0
0.603759 0.017909 0.149252 0 0 0
0.604381 0.019126 0.149225 0 0 0
0.604984 0.020339 0.149203 0 0 0
0.605548 0.021590 0.149194 0 0 0
0.606177 0.022817 0.149167 0 0 0
0.606867 0.024022 0.149121 0 0 0
0.607378 0.025035 0.149083 0 0 0
0.607468 0.027051 0.148470 0 0 0
0.608001 0.028103 0.148430 0 0 0
0.608576 0.029119 0.148377 0 0 0
0.608620 0.031174 0.147776 0 0 0
0.609202 0.032185 0.147721 0 0 0
0.609783 0.033194 0.147666 0 0 0
0.609837 0.035269 0.147065 0 0 0
0.610409 0.036261 0.147012 0 0 0
0.611104 0.037464 0.146964 0 0 0
0.611739 0.038690 0.146934 0 0 0
0.612360 0.039919 0.146909 0 0 0
0.612934 0.041169 0.146897 0 0 0
0.613595 0.042362 0.146859 0 0 0
0.614183 0.043617 0.146844 0 0 0
0.614846 0.044803 0.146804 0 0 0
0.615483 0.046030 0.146775 0 0 0
0.616107 0.047253 0.146748 0 0 0
0.616712 0.048472 0.146726 0 0 0
0.617297 0.049736 0.146713 0 0 0
0.617986 0.050953 0.146669 0 0 0
0.618501 0.051968 0.146634 0 0 0
0.618617 0.054050 0.146014 0 0 0
0.619145 0.055101 0.145979 0 0 0
0.619673 0.056151 0.145943 0 0 0
0.619861 0.058201 0.145302 0 0 0
0.620380 0.059233 0.145268 0 0 0
0.621029 0.060507 0.145238 0 0 0
0.621540 0.061530 0.145207 0 0 0
0.621760 0.063626 0.144558 0 0 0
0.622158 0.064448 0.144523 0 0 0
0.622379 0.066550 0.143873 0 0 0
0.622892 0.067582 0.143842 0 0 0
0.623532 0.068838 0.143814 0 0 0
0.624161 0.070070 0.143787 0 0 0
0.624791 0.071302 0.143760 0 0 0
0.625420 0.072534 0.143733 0 0 0
0.626048 0.073767 0.143706 0 0 0
0.626685 0.075013 0.143681 0 0 0
0.627287 0.076097 0.143695 0 0 0
0.628565 0.077095 0.144218 0 0 0
0.629174 0.078184 0.144232 0 0 0
0.629786 0.079279 0.144249 0 0 0
0.631054 0.080265 0.144769 0 0 0
0.631661 0.081360 0.144787 0 0 0
0.632242 0.082485 0.144821 0 0 0
0.633494 0.083185 0.145293 0 0 0
0.523074 -0.150462 0.154997 0 0 0
0.523508 -0.149478 0.154994 0 0 0
0.524027 -0.148472 0.154987 0 0 0
0.525653 -0.146940 0.155558 0 0 0
0.526159 -0.145979 0.155541 0 0 0
0.526786 -0.144749 0.155515 0 0 0
0.527415 -0.143521 0.155488 0 0 0
0.527914 -0.142549 0.155475 0 0 0
0.529493 -0.141154 0.155955 0 0 0
0.529361 -0.139881 0.155466 0 0 0
0.529849 -0.138753 0.155387 0 0 0
0.530470 -0.137537 0.155357 0 0 0
0.531146 -0.136349 0.155315 0 0 0
0.531772 -0.135170 0.155282 0 0 0
0.532386 -0.133966 0.155256 0 0 0
0.533001 -0.132764 0.155229 0 0 0
0.533608 -0.131563 0.155205 0 0 0
0.534168 -0.130313 0.155197 0 0 0
0.534663 -0.129322 0.155187 0 0 0
0.536358 -0.127881 0.155738 0 0 0
0.536862 -0.126863 0.155730 0 0 0
0.537311 -0.125846 0.155734 0 0 0
0.539077 -0.124447 0.156264 0 0 0
0.539574 -0.123481 0.156251 0 0 0
0.540200 -0.122258 0.156225 0 0 0
0.540815 -0.121043 0.156196 0 0 0
0.541306 -0.119958 0.156132 0 0 0
0.541267 -0.118384 0.155587 0 0 0
0.541761 -0.117297 0.155520 0 0 0
0.542389 -0.116064 0.155486 0 0 0
0.542936 -0.114996 0.155409 0 0 0
0.542873 -0.113395 0.154861 0 0 0
0.543363 -0.112457 0.154736 0 0 0
0.543309 -0.110833 0.154180 0 0 0
0.543822 -0.109875 0.154039 0 0 0
0.543691 -0.108391 0.153452 0 0 0
0.543566 -0.106900 0.152862 0 0 0
0.544077 -0.105937 0.152723 0 0 0
0.543908 -0.104402 0.152133 0 0 0
0.543834 -0.102924 0.151535 0 0 0
0.544415 -0.101826 0.151443 0 0 0
0.545053 -0.100602 0.151406 0 0 0
0.545586 -0.099490 0.151326 0 0 0
0.545528 -0.098093 0.150816 0 0 0
0.546987 -0.096795 0.151306 0 0 0
0.547516 -0.095784 0.151302 0 0 0
0.548143 -0.094545 0.151277 0 0 0
0.548765 -0.093311 0.151254 0 0 0
0.549234 -0.092278 0.151266 0 0 0
0.550859 -0.090884 0.151816 0 0 0
0.551223 -0.090083 0.151832 0 0 0
0.552915 -0.088706 0.152373 0 0 0
0.553329 -0.087642 0.152394 0 0 0
0.553845 -0.086615 0.152387 0 0 0
0.555540 -0.085284 0.152919 0 0 0
0.555999 -0.084271 0.152924 0 0 0
0.556619 -0.083044 0.152900 0 0 0
0.557236 -0.081836 0.152873 0 0 0
0.557858 -0.080610 0.152845 0 0 0
0.558360 -0.079551 0.152791 0 0 0
0.558342 -0.077849 0.152230 0 0 0
0.558863 -0.076762 0.152164 0 0 0
0.559493 -0.075555 0.152131 0 0 0
0.560182 -0.074346 0.152084 0 0 0
0.560748 -0.073302 0.152016 0 0 0
0.560693 -0.071554 0.151453 0 0 0
0.561211 -0.070466 0.151398 0 0 0
0.561781 -0.069409 0.151329 0 0 0
0.561783 -0.067690 0.150757 0 0 0
0.562304 -0.066606 0.150694 0 0 0
0.562937 -0.065375 0.150664 0 0 0
0.563609 -0.064186 0.150622 0 0 0
0.564174 -0.062959 0.150610 0 0 0
0.564788 -0.061732 0.150586 0 0 0
0.565407 -0.060519 0.150560 0 0 0
0.566026 -0.059305 0.150533 0 0 0
0.566658 -0.058070 0.150507 0 0 0
0.567186 -0.057061 0.150498 0 0 0
0.568764 -0.055766 0.151046 0 0 0
0.569230 -0.054732 0.151056 0 0 0
0.569848 -0.053501 0.151033 0 0 0
0.570467 -0.052288 0.151007 0 0 0
0.571085 -0.051077 0.150980 0 0 0
0.571703 -0.049865 0.150954 0 0 0
0.572321 -0.048653 0.150927 0 0 0
0.572939 -0.047442 0.150901 0 0 0
0.573557 -0.046230 0.150875 0 0 0
0.574175 -0.045018 0.150848 0 0 0
0.574793 -0.043807 0.150822 0 0 0
0.575411 -0.042595 0.150796 0 0 0
0.576030 -0.041384 0.150769 0 0 0
0.576651 -0.040174 0.150742 0 0 0
0.577266 -0.038960 0.150716 0 0 0
0.577883 -0.037749 0.150690 0 0 0
0.578510 -0.036536 0.150662 0 0 0
0.579180 -0.035353 0.150620 0 0 0
0.579767 -0.034118 0.150601 0 0 0
0.580386 -0.033113 0.150527 0 0 0
0.580371 -0.031237 0.149944 0 0 0
0.580874 -0.030187 0.149902 0 0 0
0.581500 -0.028953 0.149875 0 0 0
0.582119 -0.027738 0.149848 0 0 0
0.582744 -0.026538 0.149818 0 0 0
0.583425 -0.025351 0.149774 0 0 0
0.584053 -0.024135 0.149746 0 0 0
0.584672 -0.022922 0.149719 0 0 0
0.585291 -0.021708 0.149693 0 0 0
0.585910 -0.020494 0.149666 0 0 0
0.586530 -0.019280 0.149640 0 0 0
0.587149 -0.018066 0.149614 0 0 0
0.587768 -0.016853 0.149587 0 0 0
0.588396 -0.015637 0.149559 0 0 0
0.589079 -0.014451 0.149514 0 0 0
0.589689 -0.013256 0.149488 0 0 0
0.590245 -0.011997 0.149481 0 0 0
0.590802 -0.010740 0.149475 0 0 0
0.591406 -0.009530 0.149452 0 0 0
0.592026 -0.008316 0.149425 0 0 0
0.592645 -0.007102 0.149399 0 0 0
0.593265 -0.005888 0.149373 0 0 0
0.593884 -0.004674 0.149346 0 0 0
0.594508 -0.003463 0.149318 0 0 0
0.595128 -0.002249 0.149292 0 0 0
0.595747 -0.001034 0.149265 0 0 0
0.596362 0.000182 0.149240 0 0 0
0.596980 0.001396 0.149214 0 0 0
0.597599 0.002610 0.149188 0 0 0
0.598218 0.003824 0.149161 0 0 0
0.598837 0.005040 0.149135 0 0 0
0.599461 0.006242 0.149106 0 0 0
0.600141 0.007424 0.149061 0 0 0
0.600770 0.008641 0.149032 0 0 0
0.601386 0.009861 0.149008 0 0 0
0.601949 0.011110 0.148999 0 0 0
0.602551 0.012321 0.148976 0 0 0
0.603172 0.013536 0.148950 0 0 0
0.603791 0.014750 0.148923 0 0 0
0.604410 0.015964 0.148897 0 0 0
0.605029 0.017178 0.148871 0 0 0
0.605659 0.018410 0.148845 0 0 0
0.606218 0.019443 0.148846 0 0 0
0.607686 0.020566 0.149370 0 0 0
0.608119 0.021387 0.149363 0 0 0
0.608227 0.023420 0.148749 0 0 0
0.608739 0.024428 0.148711 0 0 0
0.609451 0.025658 0.148661 0 0 0
0.610026 0.026648 0.148606 0 0 0
0.610085 0.028709 0.147999 0 0 0
0.610584 0.029478 0.147927 0 0 0
0.610645 0.031556 0.147321 0 0 0
0.611167 0.032595 0.147283 0 0 0
0.611742 0.033610 0.147230 0 0 0
0.611861 0.035645 0.146608 0 0 0
0.612369 0.036674 0.146574 0 0 0
0.613000 0.037918 0.146547 0 0 0
0.613623 0.039139 0.146520 0 0 0
0.614250 0.040358 0.146492 0 0 0
0.614869 0.041580 0.146466 0 0 0
0.615494 0.042800 0.146439 0 0 0
0.616115 0.044023 0.146413 0 0 0
0.616737 0.045244 0.146387 0 0 0
0.617370 0.046480 0.146362 0 0 0
0.617961 0.047540 0.146372 0 0 0
0.619227 0.048387 0.146863 0 0 0
0.619327 0.050301 0.146290 0 0 0
0.619841 0.051318 0.146254 0 0 0
0.620532 0.052528 0.146208 0 0 0
0.621180 0.053776 0.146177 0 0 0
0.621684 0.054790 0.146145 0 0 0
0.621881 0.056844 0.145500 0 0 0
0.622396 0.057867 0.145466 0 0 0
0.623032 0.059114 0.145438 0 0 0
0.623669 0.060360 0.145410 0 0 0
0.624176 0.061376 0.145379 0 0 0
0.624387 0.063449 0.144729 0 0 0
0.624897 0.064468 0.144698 0 0 0
0.625535 0.065718 0.144670 0 0 0
0.626171 0.066968 0.144642 0 0 0
0.626679 0.067986 0.144611 0 0 0
0.626896 0.070075 0.143960 0 0 0
0.627416 0.071110 0.143931 0 0 0
0.628025 0.072206 0.143943 0 0 0
0.629306 0.073211 0.144468 0 0 0
0.629900 0.074283 0.144482 0 0 0
0.630534 0.075523 0.144457 0 0 0
0.631168 0.076762 0.144432 0 0 0
0.631768 0.077837 0.144447 0 0 0
0.633033 0.078822 0.144968 0 0 0
0.633630 0.079893 0.144983 0 0 0
0.634261 0.081134 0.144960 0 0 0
0.634855 0.082419 0.144947 0 0 0
0.635383 0.083354 0.144915 0 0 0
0.526006 -0.150068 0.155184 0 0 0
0.527609 -0.148806 0.155741 0 0 0
0.528102 -0.147839 0.155728 0 0 0
0.528723 -0.146617 0.155703 0 0 0
0.529264 -0.145397 0.155695 0 0 0
0.529881 -0.144152 0.155673 0 0 0
0.530373 -0.143182 0.155662 0 0 0
0.531979 -0.141774 0.156124 0 0 0
0.531892 -0.140553 0.155637 0 0 0
0.532391 -0.139429 0.155546 0 0 0
0.532884 -0.138314 0.155474 0 0 0
0.532764 -0.136767 0.154956 0 0 0
0.533253 -0.135665 0.154887 0 0 0
0.533869 -0.134449 0.154858 0 0 0
0.534496 -0.133223 0.154832 0 0 0
0.534993 -0.132255 0.154818 0 0 0
0.536781 -0.130811 0.155352 0 0 0
0.537167 -0.130072 0.155350 0 0 0
0.538789 -0.128573 0.155917 0 0 0
0.539287 -0.127610 0.155913 0 0 0
0.539832 -0.126346 0.155911 0 0 0
0.540366 -0.125107 0.155908 0 0 0
0.540968 -0.123915 0.155883 0 0 0
0.541578 -0.122719 0.155857 0 0 0
0.542189 -0.121523 0.155831 0 0 0
0.542811 -0.120351 0.155799 0 0 0
0.543490 -0.119172 0.155755 0 0 0
0.544175 -0.117980 0.155707 0 0 0
0.544699 -0.116909 0.155623 0 0 0
0.544659 -0.115329 0.155079 0 0 0
0.545094 -0.114395 0.154967 0 0 0
0.545023 -0.112749 0.154415 0 0 0
0.545511 -0.111817 0.154289 0 0 0
0.545330 -0.110295 0.153701 0 0 0
0.545271 -0.108843 0.153095 0 0 0
0.545782 -0.107887 0.152955 0 0 0
0.545733 -0.106245 0.152394 0 0 0
0.546229 -0.105308 0.152270 0 0 0
0.546123 -0.103797 0.151665 0 0 0
0.545999 -0.102276 0.151067 0 0 0
0.546508 -0.101164 0.151003 0 0 0
0.547020 -0.100053 0.150932 0 0 0
0.546986 -0.098657 0.150410 0 0 0
0.548447 -0.097343 0.150908 0 0 0
0.548966 -0.096342 0.150897 0 0 0
0.549610 -0.095083 0.150871 0 0 0
0.550125 -0.094087 0.150859 0 0 0
0.551834 -0.092718 0.151398 0 0 0
0.552138 -0.091899 0.151429 0 0 0
0.553849 -0.090497 0.151972 0 0 0
0.554206 -0.089703 0.151988 0 0 0
0.555837 -0.088333 0.152534 0 0 0
0.556351 -0.087324 0.152534 0 0 0
0.556903 -0.086071 0.152530 0 0 0
0.557447 -0.084842 0.152523 0 0 0
0.558057 -0.083623 0.152500 0 0 0
0.558671 -0.082419 0.152474 0 0 0
0.559285 -0.081213 0.152447 0 0 0
0.559915 -0.080027 0.152415 0 0 0
0.560653 -0.078862 0.152356 0 0 0
0.561284 -0.077677 0.152323 0 0 0
0.561904 -0.076453 0.152294 0 0 0
0.562403 -0.075393 0.152244 0 0 0
0.562345 -0.073646 0.151680 0 0 0
0.562973 -0.072606 0.151594 0 0 0
0.563498 -0.071547 0.151535 0 0 0
0.563449 -0.069788 0.150968 0 0 0
0.564067 -0.068765 0.150886 0 0 0
0.564714 -0.067537 0.150849 0 0 0
0.565215 -0.066466 0.150796 0 0 0
0.565086 -0.064879 0.150266 0 0 0
0.566637 -0.063741 0.150754 0 0 0
0.567152 -0.062743 0.150748 0 0 0
0.567717 -0.061481 0.150740 0 0 0
0.568329 -0.060259 0.150716 0 0 0
0.568958 -0.059028 0.150691 0 0 0
0.569481 -0.058026 0.150684 0 0 0
0.571075 -0.056746 0.151227 0 0 0
0.571586 -0.055752 0.151222 0 0 0
0.572150 -0.054493 0.151214 0 0 0
0.572770 -0.053272 0.151189 0 0 0
0.573438 -0.052094 0.151147 0 0 0
0.574004 -0.050872 0.151134 0 0 0
0.574681 -0.049677 0.151092 0 0 0
0.575304 -0.048488 0.151062 0 0 0
0.575919 -0.047279 0.151035 0 0 0
0.576535 -0.046072 0.151009 0 0 0
0.577151 -0.044865 0.150983 0 0 0
0.577766 -0.043658 0.150956 0 0 0
0.578382 -0.042451 0.150930 0 0 0
0.578997 -0.041244 0.150904 0 0 0
0.579613 -0.040037 0.150878 0 0 0
0.580236 -0.038810 0.150850 0 0 0
0.580736 -0.037763 0.150804 0 0 0
0.580646 -0.036073 0.150265 0 0 0
0.582023 -0.035174 0.150720 0 0 0
0.581938 -0.033491 0.150178 0 0 0
0.582498 -0.032467 0.150115 0 0 0
0.583132 -0.031236 0.150085 0 0 0
0.583749 -0.030027 0.150059 0 0 0
0.584366 -0.028818 0.150032 0 0 0
0.584982 -0.027609 0.150006 0 0 0
0.585609 -0.026397 0.149977 0 0 0
0.586277 -0.025220 0.149936 0 0 0
0.586837 -0.023991 0.149925 0 0 0
0.587450 -0.022771 0.149901 0 0 0
0.588066 -0.021563 0.149874 0 0 0
0.588693 -0.020352 0.149846 0 0 0
0.589374 -0.019171 0.149801 0 0 0
0.590005 -0.017955 0.149770 0 0 0
0.590508 -0.016923 0.149730 0 0 0
0.590497 -0.014959 0.149148 0 0 0
0.590925 -0.014119 0.149131 0 0 0
0.592450 -0.012921 0.149665 0 0 0
0.592989 -0.011908 0.149663 0 0 0
0.593618 -0.010678 0.149638 0 0 0
0.594235 -0.009469 0.149611 0 0 0
0.594851 -0.008260 0.149585 0 0 0
0.595468 -0.007050 0.149559 0 0 0
0.596085 -0.005841 0.149532 0 0 0
0.596702 -0.004632 0.149506 0 0 0
0.597319 -0.003423 0.149480 0 0 0
0.597936 -0.002213 0.149453 0 0 0
0.598552 -0.001004 0.149427 0 0 0
0.599169 0.000205 0.149401 0 0 0
0.599786 0.001415 0.149374 0 0 0
0.600403 0.002624 0.149348 0 0 0
0.601020 0.003833 0.149322 0 0 0
0.601636 0.005042 0.149295 0 0 0
0.602265 0.006255 0.149266 0 0 0
0.602929 0.007428 0.149226 0 0 0
0.603491 0.008662 0.149215 0 0 0
0.604104 0.009880 0.149190 0 0 0
0.604721 0.011089 0.149164 0 0 0
0.605337 0.012298 0.149137 0 0 0
0.605954 0.013508 0.149111 0 0 0
0.606583 0.014736 0.149086 0 0 0
0.607137 0.015754 0.149088 0 0 0
0.608595 0.016860 0.149616 0 0 0
0.609152 0.017878 0.149616 0 0 0
0.609779 0.019103 0.149591 0 0 0
0.610403 0.020334 0.149563 0 0 0
0.610904 0.021342 0.149528 0 0 0
0.611010 0.023383 0.148908 0 0 0
0.611393 0.024191 0.148865 0 0 0
0.611515 0.026246 0.148240 0 0 0
0.611960 0.027033 0.148181 0 0 0
0.612086 0.029071 0.147555 0 0 0
0.612648 0.030056 0.147503 0 0 0
0.613315 0.031323 0.147467 0 0 0
0.613879 0.032305 0.147416 0 0 0
0.613996 0.034333 0.146791 0 0 0
0.614563 0.035321 0.146738 0 0 0
0.615200 0.036549 0.146707 0 0 0
0.615802 0.037763 0.146686 0 0 0
0.616378 0.039035 0.146678 0 0 0
0.616956 0.040085 0.146689 0 0 0
0.618245 0.040952 0.147184 0 0 0
0.618333 0.042848 0.146608 0 0 0
0.618834 0.043864 0.146573 0 0 0
0.619476 0.045120 0.146547 0 0 0
0.620050 0.046169 0.146556 0 0 0
0.621376 0.047231 0.147091 0 0 0
0.621950 0.048273 0.147100 0 0 0
0.622606 0.049531 0.147071 0 0 0
0.623168 0.050505 0.147021 0 0 0
0.623296 0.052585 0.146393 0 0 0
0.623796 0.053593 0.146361 0 0 0
0.624429 0.054832 0.146334 0 0 0
0.625076 0.056077 0.146302 0 0 0
0.625639 0.057052 0.146253 0 0 0
0.625774 0.059148 0.145624 0 0 0
0.626287 0.060182 0.145591 0 0 0
0.626802 0.061214 0.145559 0 0 0
0.627016 0.063291 0.144907 0 0 0
0.627519 0.064304 0.144876 0 0 0
0.628154 0.065549 0.144848 0 0 0
0.628789 0.066795 0.144820 0 0 0
0.629295 0.067804 0.144790 0 0 0
0.629526 0.069909 0.144139 0 0 0
0.629998 0.070768 0.144148 0 0 0
0.631288 0.071800 0.144673 0 0 0
0.631880 0.072860 0.144687 0 0 0
0.632513 0.074096 0.144662 0 0 0
0.633145 0.075330 0.144637 0 0 0
0.633742 0.076398 0.144654 0 0 0
0.635006 0.077387 0.145176 0 0 0
0.635600 0.078447 0.145191 0 0 0
0.636232 0.079679 0.145167 0 0 0
0.636853 0.080898 0.145140 0 0 0
0.637491 0.082147 0.145113 0 0 0
0.637984 0.083112 0.145092 0 0 0
0.528488 -0.150394 0.155390 0 0 0
0.528898 -0.149452 0.155386 0 0 0
0.529532 -0.148200 0.155361 0 0 0
0.530024 -0.147240 0.155347 0 0 0
0.531748 -0.145762 0.155901 0 0 0
0.532233 -0.144801 0.155889 0 0 0
0.532852 -0.143543 0.155863 0 0 0
0.533279 -0.142440 0.155803 0 0 0
0.533267 -0.140993 0.155274 0 0 0
0.533783 -0.139869 0.155182 0 0 0
0.534410 -0.138686 0.155146 0 0 0
0.535083 -0.137505 0.155104 0 0 0
0.535703 -0.136311 0.155076 0 0 0
0.536377 -0.135131 0.155034 0 0 0
0.537001 -0.133961 0.155001 0 0 0
0.537597 -0.132749 0.154980 0 0 0
0.538080 -0.131478 0.154993 0 0 0
0.538572 -0.130495 0.154992 0 0 0
0.540190 -0.128995 0.155562 0 0 0
0.540571 -0.128265 0.155561 0 0 0
0.542357 -0.126834 0.156095 0 0 0
0.542848 -0.125880 0.156082 0 0 0
0.543470 -0.124663 0.156056 0 0 0
0.544078 -0.123472 0.156030 0 0 0
0.544685 -0.122281 0.156004 0 0 0
0.545297 -0.121073 0.155976 0 0 0
0.545780 -0.120002 0.155913 0 0 0
0.545675 -0.118367 0.155376 0 0 0
0.546050 -0.117422 0.155274 0 0 0
0.546078 -0.115866 0.154714 0 0 0
0.546611 -0.114774 0.154625 0 0 0
0.547227 -0.113717 0.154528 0 0 0
0.547168 -0.112109 0.153975 0 0 0
0.547652 -0.111181 0.153848 0 0 0
0.547544 -0.109689 0.153242 0 0 0
0.547435 -0.108189 0.152635 0 0 0
0.547928 -0.107260 0.152510 0 0 0
0.547879 -0.105611 0.151947 0 0 0
0.548377 -0.104684 0.151825 0 0 0
0.548386 -0.103062 0.151252 0 0 0
0.548955 -0.101977 0.151171 0 0 0
0.549470 -0.100886 0.151099 0 0 0
0.549374 -0.099454 0.150572 0 0 0
0.550903 -0.098183 0.151071 0 0 0
0.551408 -0.097197 0.151062 0 0 0
0.551969 -0.095939 0.151055 0 0 0
0.552587 -0.094677 0.151035 0 0 0
0.553037 -0.093665 0.151041 0 0 0
0.554662 -0.092290 0.151598 0 0 0
0.555120 -0.091253 0.151606 0 0 0
0.555645 -0.090237 0.151606 0 0 0
0.557189 -0.088841 0.152174 0 0 0
0.557719 -0.087846 0.152162 0 0 0
0.558248 -0.086840 0.152150 0 0 0
0.559878 -0.085492 0.152701 0 0 0
0.560385 -0.084511 0.152692 0 0 0
0.561010 -0.083286 0.152667 0 0 0
0.561629 -0.082067 0.152638 0 0 0
0.562125 -0.081013 0.152583 0 0 0
0.562121 -0.079304 0.152008 0 0 0
0.562618 -0.078243 0.151955 0 0 0
0.563237 -0.077020 0.151927 0 0 0
0.563868 -0.075819 0.151893 0 0 0
0.564428 -0.074785 0.151823 0 0 0
0.564438 -0.073056 0.151243 0 0 0
0.564955 -0.071996 0.151184 0 0 0
0.565523 -0.070944 0.151112 0 0 0
0.565536 -0.069204 0.150530 0 0 0
0.566038 -0.068141 0.150479 0 0 0
0.566667 -0.066934 0.150446 0 0 0
0.567343 -0.065738 0.150405 0 0 0
0.567914 -0.064477 0.150396 0 0 0
0.568424 -0.063485 0.150389 0 0 0
0.570091 -0.062232 0.150918 0 0 0
0.570547 -0.061212 0.150926 0 0 0
0.571169 -0.059972 0.150903 0 0 0
0.571778 -0.058755 0.150879 0 0 0
0.572340 -0.057497 0.150872 0 0 0
0.572849 -0.056505 0.150867 0 0 0
0.574446 -0.055200 0.151411 0 0 0
0.574844 -0.054376 0.151378 0 0 0
0.574821 -0.052752 0.150826 0 0 0
0.576148 -0.051757 0.151294 0 0 0
0.576112 -0.050165 0.150744 0 0 0
0.576611 -0.049109 0.150693 0 0 0
0.577232 -0.047884 0.150665 0 0 0
0.577847 -0.046680 0.150639 0 0 0
0.578461 -0.045475 0.150612 0 0 0
0.579076 -0.044270 0.150586 0 0 0
0.579690 -0.043065 0.150560 0 0 0
0.580305 -0.041861 0.150534 0 0 0
0.580919 -0.040656 0.150508 0 0 0
0.581534 -0.039450 0.150481 0 0 0
0.582155 -0.038262 0.150451 0 0 0
0.582830 -0.037072 0.150409 0 0 0
0.583396 -0.035848 0.150396 0 0 0
0.584063 -0.034675 0.150355 0 0 0
0.584687 -0.033468 0.150326 0 0 0
0.585301 -0.032265 0.150300 0 0 0
0.585925 -0.031058 0.150272 0 0 0
0.586605 -0.029882 0.150227 0 0 0
0.587234 -0.028672 0.150195 0 0 0
0.587733 -0.027634 0.150152 0 0 0
0.587641 -0.025911 0.149608 0 0 0
0.589133 -0.024900 0.150095 0 0 0
0.589671 -0.023894 0.150092 0 0 0
0.590307 -0.022647 0.150064 0 0 0
0.590806 -0.021622 0.150024 0 0 0
0.590776 -0.019687 0.149442 0 0 0
0.591277 -0.018656 0.149402 0 0 0
0.591906 -0.017443 0.149370 0 0 0
0.592609 -0.016244 0.149325 0 0 0
0.593230 -0.015253 0.149301 0 0 0
0.594747 -0.014129 0.149645 0 0 0
0.595264 -0.013117 0.149673 0 0 0
0.595830 -0.011845 0.149812 0 0 0
0.596445 -0.010622 0.149803 0 0 0
0.597057 -0.009418 0.149778 0 0 0
0.597672 -0.008213 0.149752 0 0 0
0.598286 -0.007009 0.149725 0 0 0
0.598901 -0.005804 0.149699 0 0 0
0.599515 -0.004599 0.149673 0 0 0
0.600130 -0.003395 0.149647 0 0 0
0.600744 -0.002190 0.149620 0 0 0
0.601358 -0.000985 0.149594 0 0 0
0.601972 0.000219 0.149568 0 0 0
0.602582 0.001426 0.149543 0 0 0
0.603200 0.002630 0.149516 0 0 0
0.603820 0.003859 0.149490 0 0 0
0.604318 0.004877 0.149451 0 0 0
0.604277 0.006702 0.148899 0 0 0
0.605707 0.007616 0.149382 0 0 0
0.606260 0.008634 0.149384 0 0 0
0.606882 0.009859 0.149360 0 0 0
0.607496 0.011064 0.149334 0 0 0
0.608112 0.012269 0.149307 0 0 0
0.608731 0.013470 0.149280 0 0 0
0.609343 0.014683 0.149255 0 0 0
0.609880 0.015922 0.149251 0 0 0
0.610417 0.017162 0.149247 0 0 0
0.611029 0.018375 0.149223 0 0 0
0.611643 0.019580 0.149197 0 0 0
0.612274 0.020775 0.149165 0 0 0
0.613026 0.021934 0.149099 0 0 0
0.613544 0.022944 0.149050 0 0 0
0.613720 0.024930 0.148416 0 0 0
0.614107 0.025740 0.148373 0 0 0
0.614225 0.027789 0.147749 0 0 0
0.614798 0.028791 0.147694 0 0 0
0.615315 0.029810 0.147655 0 0 0
0.615358 0.031900 0.147051 0 0 0
0.615803 0.032682 0.146994 0 0 0
0.615929 0.034745 0.146367 0 0 0
0.616448 0.035778 0.146333 0 0 0
0.617027 0.036841 0.146337 0 0 0
0.618443 0.037889 0.146858 0 0 0
0.619005 0.038931 0.146866 0 0 0
0.619583 0.040189 0.146856 0 0 0
0.620242 0.041361 0.146816 0 0 0
0.620874 0.042577 0.146787 0 0 0
0.621503 0.043804 0.146762 0 0 0
0.622074 0.044845 0.146772 0 0 0
0.623397 0.045908 0.147308 0 0 0
0.623978 0.046971 0.147317 0 0 0
0.624483 0.047984 0.147286 0 0 0
0.624613 0.050060 0.146657 0 0 0
0.625173 0.051031 0.146607 0 0 0
0.625818 0.052270 0.146576 0 0 0
0.626448 0.053506 0.146548 0 0 0
0.626943 0.054504 0.146517 0 0 0
0.627079 0.056597 0.145886 0 0 0
0.627640 0.057569 0.145837 0 0 0
0.628287 0.058810 0.145806 0 0 0
0.628906 0.060023 0.145779 0 0 0
0.629527 0.061236 0.145753 0 0 0
0.630147 0.062450 0.145727 0 0 0
0.630778 0.063689 0.145699 0 0 0
0.631275 0.064688 0.145668 0 0 0
0.631496 0.066777 0.145014 0 0 0
0.632009 0.067793 0.144985 0 0 0
0.632610 0.068872 0.144999 0 0 0
0.633883 0.069878 0.145525 0 0 0
0.634470 0.070931 0.145540 0 0 0
0.635115 0.072164 0.145512 0 0 0
0.635794 0.073339 0.145467 0 0 0
0.636415 0.074545 0.145439 0 0 0
0.637033 0.075761 0.145412 0 0 0
0.637652 0.076975 0.145386 0 0 0
0.638271 0.078189 0.145360 0 0 0
0.638890 0.079403 0.145333 0 0 0
0.639509 0.080617 0.145307 0 0 0
0.640142 0.081861 0.145280 0 0 0
0.640644 0.082824 0.145257 0 0 0
0.530891 -0.150980 0.155605 0 0 0
0.531360 -0.150065 0.155585 0 0 0
0.531999 -0.148814 0.155559 0 0 0
0.532483 -0.147855 0.155547 0 0 0
0.534210 -0.146379 0.156102 0 0 0
0.534695 -0.145431 0.156089 0 0 0
0.535321 -0.144200 0.156059 0 0 0
0.535802 -0.143108 0.155988 0 0 0
0.535748 -0.141615 0.155457 0 0 0
0.536233 -0.140522 0.155381 0 0 0
0.536849 -0.139316 0.155350 0 0 0
0.537526 -0.138123 0.155305 0 0 0
0.538022 -0.137063 0.155231 0 0 0
0.537896 -0.135503 0.154711 0 0 0
0.538395 -0.134387 0.154642 0 0 0
0.538891 -0.133414 0.154626 0 0 0
0.540688 -0.131973 0.155160 0 0 0
0.541067 -0.131249 0.155159 0 0 0
0.542677 -0.129747 0.155732 0 0 0
0.543175 -0.128773 0.155730 0 0 0
0.543724 -0.127535 0.155724 0 0 0
0.544324 -0.126349 0.155699 0 0 0
0.544931 -0.125160 0.155673 0 0 0
0.545537 -0.123971 0.155647 0 0 0
0.546143 -0.122783 0.155621 0 0 0
0.546750 -0.121593 0.155595 0 0 0
0.547369 -0.120428 0.155563 0 0 0
0.548047 -0.119240 0.155518 0 0 0
0.548536 -0.118172 0.155453 0 0 0
0.548511 -0.116570 0.154896 0 0 0
0.548938 -0.115639 0.154781 0 0 0
0.548875 -0.114021 0.154224 0 0 0
0.549384 -0.113085 0.154081 0 0 0
0.549378 -0.111502 0.153518 0 0 0
0.549834 -0.110559 0.153388 0 0 0
0.549758 -0.109086 0.152787 0 0 0
0.549570 -0.107552 0.152195 0 0 0
0.550004 -0.106615 0.152083 0 0 0
0.550012 -0.104979 0.151507 0 0 0
0.550452 -0.104044 0.151398 0 0 0
0.550442 -0.102394 0.150829 0 0 0
0.550950 -0.101334 0.150765 0 0 0
0.551629 -0.100115 0.150722 0 0 0
0.552194 -0.098859 0.150714 0 0 0
0.552694 -0.097878 0.150704 0 0 0
0.554343 -0.096496 0.151259 0 0 0
0.554864 -0.095501 0.151247 0 0 0
0.555388 -0.094489 0.151239 0 0 0
0.556860 -0.093290 0.151830 0 0 0
0.558330 -0.092094 0.152419 0 0 0
0.558836 -0.091114 0.152411 0 0 0
0.559457 -0.089890 0.152385 0 0 0
0.560081 -0.088668 0.152360 0 0 0
0.560587 -0.087690 0.152351 0 0 0
0.562214 -0.086351 0.152904 0 0 0
0.562660 -0.085350 0.152911 0 0 0
0.563346 -0.084136 0.152870 0 0 0
0.563971 -0.082944 0.152837 0 0 0
0.564462 -0.081892 0.152784 0 0 0
0.564456 -0.080182 0.152209 0 0 0
0.564950 -0.079131 0.152154 0 0 0
0.565568 -0.077914 0.152125 0 0 0
0.566186 -0.076696 0.152096 0 0 0
0.566681 -0.075648 0.152041 0 0 0
0.566761 -0.073961 0.151443 0 0 0
0.567266 -0.072889 0.151385 0 0 0
0.567765 -0.071824 0.151330 0 0 0
0.567851 -0.070121 0.150728 0 0 0
0.568350 -0.069068 0.150674 0 0 0
0.568970 -0.067846 0.150645 0 0 0
0.569583 -0.066644 0.150619 0 0 0
0.570196 -0.065442 0.150593 0 0 0
0.570817 -0.064203 0.150570 0 0 0
0.571273 -0.063186 0.150579 0 0 0
0.572857 -0.061889 0.151132 0 0 0
0.573372 -0.060914 0.151124 0 0 0
0.574012 -0.059665 0.151099 0 0 0
0.574530 -0.058688 0.151091 0 0 0
0.576107 -0.057405 0.151642 0 0 0
0.576557 -0.056391 0.151652 0 0 0
0.577176 -0.055157 0.151629 0 0 0
0.577796 -0.053939 0.151601 0 0 0
0.578290 -0.052906 0.151552 255 0 0
0.578390 -0.051146 0.150941 0 0 0
0.578887 -0.050110 0.150891 0 0 0
0.579507 -0.048889 0.150863 0 0 0
0.580119 -0.047689 0.150837 0 0 0
0.580732 -0.046489 0.150811 0 0 0
0.581343 -0.045289 0.150785 0 0 0
0.581956 -0.044089 0.150758 0 0 0
0.582568 -0.042889 0.150732 0 0 0
0.583180 -0.041689 0.150706 0 0 0
0.583792 -0.040489 0.150680 0 0 0
0.584404 -0.039289 0.150654 0 0 0
0.585016 -0.038089 0.150628 0 0 0
0.585628 -0.036889 0.150602 0 0 0
0.586240 -0.035689 0.150576 0 0 0
0.586852 -0.034488 0.150550 0 0 0
0.587474 -0.033266 0.150521 0 0 0
0.587963 -0.032247 0.150478 0 0 0
0.588008 -0.030379 0.149877 0 0 0
0.588507 -0.029349 0.149834 0 0 0
0.589135 -0.028143 0.149802 0 0 0
0.589810 -0.026959 0.149760 0 0 0
0.590369 -0.025719 0.149750 0 0 0
0.590967 -0.024521 0.149728 0 0 0
0.591582 -0.023316 0.149701 0 0 0
0.592201 -0.022130 0.149672 0 0 0
0.592890 -0.020955 0.149625 0 0 0
0.593581 -0.019781 0.149578 0 0 0
0.594209 -0.018573 0.149546 0 0 0
0.594706 -0.017552 0.149507 0 0 0
0.594677 -0.015583 0.148945 0 0 0
0.595129 -0.014492 0.149062 0 0 0
0.595654 -0.013463 0.149091 0 0 0
0.597155 -0.012325 0.149443 0 0 0
0.597704 -0.011314 0.149438 0 0 0
0.598328 -0.010092 0.149413 0 0 0
0.598941 -0.008889 0.149387 0 0 0
0.599554 -0.007687 0.149361 0 0 0
0.600168 -0.006484 0.149335 0 0 0
0.600781 -0.005282 0.149309 0 0 0
0.601394 -0.004080 0.149283 0 0 0
0.602008 -0.002877 0.149256 0 0 0
0.602621 -0.001676 0.149230 0 0 0
0.603246 -0.000470 0.149201 0 0 0
0.603909 0.000694 0.149160 0 0 0
0.604477 0.001925 0.149147 0 0 0
0.605153 0.003105 0.149104 0 0 0
0.605759 0.004279 0.149076 0 0 0
0.606371 0.005494 0.149052 0 0 0
0.606931 0.006745 0.149043 0 0 0
0.607538 0.007944 0.149018 0 0 0
0.608218 0.009113 0.148973 0 0 0
0.608838 0.010305 0.148944 0 0 0
0.609433 0.011505 0.148922 0 0 0
0.609985 0.012747 0.148914 0 0 0
0.610607 0.013974 0.148891 0 0 0
0.611161 0.014983 0.148891 0 0 0
0.612689 0.016045 0.149402 0 0 0
0.613236 0.017054 0.149403 0 0 0
0.613871 0.018296 0.149376 0 0 0
0.614366 0.019294 0.149341 0 0 0
0.614409 0.021371 0.148736 0 0 0
0.614843 0.022140 0.148679 0 0 0
0.614948 0.024160 0.148063 0 0 0
0.615483 0.025190 0.148010 0 0 0
0.616112 0.026150 0.147938 0 0 0
0.616150 0.028209 0.147333 0 0 0
0.616668 0.029208 0.147293 0 0 0
0.617432 0.030392 0.147227 0 0 0
0.617948 0.031389 0.147187 0 0 0
0.618047 0.033430 0.146566 0 0 0
0.618562 0.034455 0.146532 0 0 0
0.619138 0.035511 0.146537 0 0 0
0.620533 0.036557 0.147064 0 0 0
0.621044 0.037622 0.147086 0 0 0
0.621667 0.038853 0.147063 0 0 0
0.622282 0.040060 0.147037 0 0 0
0.622897 0.041267 0.147010 0 0 0
0.623524 0.042490 0.146986 0 0 0
0.624092 0.043522 0.146995 0 0 0
0.625492 0.044546 0.147513 0 0 0
0.626060 0.045574 0.147520 0 0 0
0.626686 0.046795 0.147495 0 0 0
0.627312 0.048023 0.147468 0 0 0
0.627813 0.049018 0.147435 0 0 0
0.627953 0.051114 0.146803 0 0 0
0.628481 0.052066 0.146759 0 0 0
0.629058 0.053330 0.146746 0 0 0
0.629684 0.054567 0.146720 0 0 0
0.630187 0.055563 0.146687 0 0 0
0.630393 0.057627 0.146035 0 0 0
0.630886 0.058622 0.146003 0 0 0
0.631515 0.059857 0.145976 0 0 0
0.632132 0.061066 0.145949 0 0 0
0.632749 0.062276 0.145923 0 0 0
0.633378 0.063511 0.145895 0 0 0
0.633872 0.064501 0.145865 0 0 0
0.634108 0.066607 0.145211 0 0 0
0.634568 0.067441 0.145221 0 0 0
0.635855 0.068474 0.145748 0 0 0
0.636451 0.069541 0.145762 0 0 0
0.636966 0.070551 0.145731 0 0 0
0.637105 0.072689 0.145100 0 0 0
0.637608 0.073688 0.145069 0 0 0
0.638237 0.074925 0.145042 0 0 0
0.638855 0.076136 0.145015 0 0 0
0.639473 0.077348 0.144989 0 0 0
0.640091 0.078560 0.144963 0 0 0
0.640709 0.079771 0.144936 0 0 0
0.641327 0.080984 0.144910 0 0 0
0.641964 0.082218 0.144881 0 0 0
0.642505 0.083134 0.144844 0 0 0
0.533883 -0.150355 0.155809 0 0 0
0.534344 -0.149450 0.155790 0 0 0
0.534959 -0.148207 0.155767 0 0 0
0.535491 -0.146998 0.155760 0 0 0
0.536090 -0.145815 0.155736 0 0 0
0.536697 -0.144627 0.155709 0 0 0
0.537317 -0.143468 0.155677 0 0 0
0.537988 -0.142296 0.155635 0 0 0
0.538609 -0.141095 0.155603 0 0 0
0.539148 -0.140028 0.155517 0 0 0
0.539038 -0.138505 0.154993 0 0 0
0.539531 -0.137444 0.154917 0 0 0
0.540213 -0.136255 0.154870 0 0 0
0.540892 -0.135082 0.154827 0 0 0
0.541497 -0.133905 0.154799 0 0 0
0.541972 -0.132637 0.154813 0 0 0
0.542458 -0.131665 0.154813 0 0 0
0.544132 -0.130224 0.155366 0 0 0
0.544559 -0.129256 0.155369 0 0 0
0.545174 -0.128024 0.155347 0 0 0
0.545778 -0.126839 0.155321 0 0 0
0.546383 -0.125653 0.155295 0 0 0
0.546988 -0.124467 0.155269 0 0 0
0.547593 -0.123280 0.155243 0 0 0
0.548198 -0.122094 0.155218 0 0 0
0.548802 -0.120906 0.155192 0 0 0
0.549402 -0.119717 0.155168 0 0 0
0.550026 -0.118539 0.155132 0 0 0
0.550574 -0.117492 0.155049 0 0 0
0.550570 -0.115912 0.154485 0 0 0
0.550995 -0.114983 0.154365 0 0 0
0.550871 -0.113491 0.153762 0 0 0
0.550792 -0.112025 0.153158 0 0 0
0.551185 -0.111067 0.153040 0 0 0
0.551232 -0.109512 0.152468 0 0 0
0.551820 -0.108421 0.152368 0 0 0
0.552384 -0.107356 0.152286 0 0 0
0.552378 -0.105738 0.151716 0 0 0
0.552759 -0.104794 0.151618 0 0 0
0.552819 -0.103186 0.151032 0 0 0
0.553330 -0.102086 0.150969 0 0 0
0.553840 -0.101102 0.150954 0 0 0
0.555427 -0.099641 0.151536 0 0 0
0.555822 -0.098913 0.151538 0 0 0
0.557405 -0.097470 0.152117 0 0 0
0.557903 -0.096496 0.152107 0 0 0
0.558538 -0.095250 0.152082 0 0 0
0.559038 -0.094275 0.152073 0 0 0
0.560614 -0.092843 0.152651 0 0 0
0.561007 -0.092121 0.152654 0 0 0
0.562588 -0.090662 0.153231 0 0 0
0.562966 -0.089858 0.153191 0 0 0
0.563058 -0.088140 0.152600 0 0 0
0.563385 -0.087288 0.152578 0 0 0
0.564877 -0.086040 0.153081 0 0 0
0.564798 -0.084577 0.152545 0 0 0
0.565286 -0.083511 0.152485 0 0 0
0.565910 -0.082320 0.152452 0 0 0
0.566587 -0.081149 0.152408 0 0 0
0.567203 -0.079955 0.152380 0 0 0
0.567811 -0.078763 0.152354 0 0 0
0.568427 -0.077549 0.152326 0 0 0
0.568913 -0.076511 0.152271 0 0 0
0.568998 -0.074822 0.151671 0 0 0
0.569491 -0.073777 0.151616 0 0 0
0.570111 -0.072563 0.151587 0 0 0
0.570722 -0.071368 0.151561 0 0 0
0.571332 -0.070173 0.151535 0 0 0
0.571942 -0.068978 0.151509 0 0 0
0.572552 -0.067782 0.151483 0 0 0
0.573162 -0.066587 0.151457 0 0 0
0.573771 -0.065391 0.151431 0 0 0
0.574381 -0.064196 0.151405 0 0 0
0.574989 -0.062999 0.151379 0 0 0
0.575598 -0.061804 0.151353 0 0 0
0.576205 -0.060609 0.151327 0 0 0
0.576822 -0.059376 0.151304 0 0 0
0.577273 -0.058366 0.151315 0 0 0
0.578847 -0.057084 0.151868 0 0 0
0.579359 -0.056119 0.151860 255 0 0
0.579991 -0.054879 0.151833 255 0 0
0.580476 -0.053857 0.151784 255 0 0
0.580582 -0.052095 0.151171 0 0 0
0.581077 -0.051066 0.151121 0 0 0
0.581695 -0.049850 0.151093 0 0 0
0.582305 -0.048655 0.151067 0 0 0
0.582924 -0.047458 0.151039 0 0 0
0.583603 -0.046291 0.150994 0 0 0
0.584221 -0.045114 0.150964 0 0 0
0.584831 -0.043917 0.150938 0 0 0
0.585442 -0.042720 0.150912 0 0 0
0.586037 -0.041529 0.150889 0 0 0
0.586579 -0.040298 0.150882 0 0 0
0.587184 -0.039091 0.150859 0 0 0
0.587793 -0.037896 0.150833 0 0 0
0.588402 -0.036701 0.150807 0 0 0
0.589012 -0.035505 0.150781 0 0 0
0.589622 -0.034310 0.150755 0 0 0
0.590241 -0.033093 0.150727 0 0 0
0.590736 -0.032078 0.150682 0 0 0
0.590863 -0.030249 0.150058 0 0 0
0.591351 -0.029233 0.150014 0 0 0
0.591971 -0.028012 0.149986 0 0 0
0.592582 -0.026816 0.149959 0 0 0
0.593203 -0.025616 0.149931 0 0 0
0.593883 -0.024448 0.149886 0 0 0
0.594509 -0.023245 0.149855 0 0 0
0.595002 -0.022229 0.149814 0 0 0
0.594970 -0.020289 0.149230 0 0 0
0.595465 -0.019269 0.149190 0 0 0
0.596091 -0.018063 0.149158 0 0 0
0.596770 -0.016893 0.149114 0 0 0
0.597405 -0.015670 0.149087 0 0 0
0.597938 -0.014671 0.149086 0 0 0
0.599452 -0.013503 0.149624 0 0 0
0.599985 -0.012506 0.149621 0 0 0
0.600609 -0.011289 0.149596 0 0 0
0.601220 -0.010091 0.149570 0 0 0
0.601831 -0.008893 0.149544 0 0 0
0.602442 -0.007696 0.149518 0 0 0
0.603053 -0.006498 0.149492 0 0 0
0.603664 -0.005300 0.149465 0 0 0
0.604275 -0.004102 0.149439 0 0 0
0.604895 -0.002882 0.149412 0 0 0
0.605388 -0.001871 0.149372 0 0 0
0.605346 -0.000059 0.148824 0 0 0
0.606647 0.000695 0.149280 0 0 0
0.606619 0.002533 0.148732 0 0 0
0.607043 0.003350 0.148718 0 0 0
0.608608 0.004458 0.149230 0 0 0
0.609158 0.005484 0.149228 0 0 0
0.609664 0.006502 0.149193 0 0 0
0.609667 0.008523 0.148597 0 0 0
0.610173 0.009544 0.148562 0 0 0
0.610729 0.010575 0.148561 0 0 0
0.612269 0.011643 0.149073 0 0 0
0.612814 0.012646 0.149074 0 0 0
0.613431 0.013870 0.149051 0 0 0
0.613977 0.015109 0.149044 0 0 0
0.614569 0.016305 0.149023 0 0 0
0.615181 0.017505 0.148997 0 0 0
0.615808 0.018714 0.148966 0 0 0
0.616361 0.019675 0.148914 0 0 0
0.616405 0.021717 0.148305 0 0 0
0.616980 0.022710 0.148249 0 0 0
0.617553 0.023700 0.148194 0 0 0
0.617590 0.025741 0.147586 0 0 0
0.618170 0.026735 0.147530 0 0 0
0.618752 0.027725 0.147473 0 0 0
0.618778 0.029792 0.146869 0 0 0
0.619279 0.030783 0.146833 0 0 0
0.619967 0.031975 0.146786 0 0 0
0.620595 0.033183 0.146757 0 0 0
0.621216 0.034411 0.146734 0 0 0
0.621726 0.035473 0.146757 0 0 0
0.623117 0.036516 0.147284 0 0 0
0.623677 0.037538 0.147292 0 0 0
0.624302 0.038757 0.147268 0 0 0
0.624930 0.039965 0.147239 0 0 0
0.625586 0.041124 0.147199 0 0 0
0.626142 0.042364 0.147189 0 0 0
0.626695 0.043615 0.147182 0 0 0
0.627286 0.044813 0.147161 0 0 0
0.627901 0.046016 0.147135 0 0 0
0.628514 0.047220 0.147109 0 0 0
0.629144 0.048437 0.147079 0 0 0
0.629690 0.049390 0.147029 0 0 0
0.629817 0.051319 0.146447 0 0 0
0.631069 0.052140 0.146936 0 0 0
0.631662 0.053196 0.146951 0 0 0
0.632161 0.054195 0.146921 0 0 0
0.632370 0.056260 0.146268 0 0 0
0.632872 0.057251 0.146234 0 0 0
0.633499 0.058480 0.146207 0 0 0
0.634113 0.059685 0.146180 0 0 0
0.634728 0.060890 0.146154 0 0 0
0.635342 0.062094 0.146128 0 0 0
0.635956 0.063298 0.146102 0 0 0
0.636588 0.064506 0.146072 0 0 0
0.637266 0.065670 0.146027 0 0 0
0.637882 0.066867 0.145999 0 0 0
0.638509 0.068097 0.145970 0 0 0
0.639006 0.069095 0.145931 0 0 0
0.639222 0.071177 0.145284 0 0 0
0.639723 0.072174 0.145253 0 0 0
0.640351 0.073405 0.145225 0 0 0
0.640967 0.074612 0.145198 0 0 0
0.641582 0.075819 0.145172 0 0 0
0.642198 0.077025 0.145146 0 0 0
0.642811 0.078233 0.145120 0 0 0
0.643423 0.079443 0.145095 0 0 0
0.644040 0.080650 0.145069 0 0 0
0.644658 0.081855 0.145041 0 0 0
0.645291 0.083095 0.145015 0 0 0
0.645765 0.084035 0.144996 0 0 0
0.536264 -0.150920 0.156045 0 0 0
0.536786 -0.150029 0.156010 0 0 0
0.537423 -0.148848 0.155977 0 0 0
0.538025 -0.147661 0.155952 0 0 0
0.538628 -0.146480 0.155926 0 0 0
0.539231 -0.145298 0.155900 0 0 0
0.539838 -0.144118 0.155873 0 0 0
0.540441 -0.142920 0.155845 0 0 0
0.540913 -0.141841 0.155774 0 0 0
0.540806 -0.140326 0.155250 0 0 0
0.541349 -0.139261 0.155162 0 0 0
0.542036 -0.138059 0.155111 0 0 0
0.542526 -0.137012 0.155037 0 0 0
0.542411 -0.135420 0.154513 0 0 0
0.542775 -0.134584 0.154460 0 0 0
0.544568 -0.133155 0.154991 0 0 0
0.545047 -0.132168 0.154985 0 0 0
0.545419 -0.131153 0.155006 0 0 0
0.547171 -0.129725 0.155552 0 0 0
0.547652 -0.128785 0.155540 0 0 0
0.548270 -0.127576 0.155515 0 0 0
0.548873 -0.126395 0.155489 0 0 0
0.549478 -0.125212 0.155463 0 0 0
0.550077 -0.124036 0.155438 0 0 0
0.550605 -0.122830 0.155431 0 0 0
0.551208 -0.121628 0.155408 0 0 0
0.551879 -0.120465 0.155365 0 0 0
0.552495 -0.119294 0.155330 0 0 0
0.552997 -0.118214 0.155249 0 0 0
0.553029 -0.116659 0.154687 0 0 0
0.553395 -0.115735 0.154581 0 0 0
0.553255 -0.114228 0.153979 0 0 0
0.553204 -0.112765 0.153357 0 0 0
0.553632 -0.111842 0.153238 0 0 0
0.553637 -0.110222 0.152663 0 0 0
0.554066 -0.109303 0.152550 0 0 0
0.553996 -0.107671 0.151993 0 0 0
0.554550 -0.106603 0.151913 0 0 0
0.555050 -0.105525 0.151845 0 0 0
0.555124 -0.103907 0.151261 0 0 0
0.555510 -0.103078 0.151214 0 0 0
0.557087 -0.101620 0.151793 0 0 0
0.557596 -0.100641 0.151781 0 0 0
0.558112 -0.099641 0.151774 0 0 0
0.559581 -0.098438 0.152368 0 0 0
0.561050 -0.097225 0.152963 0 0 0
0.561563 -0.096248 0.152954 0 0 0
0.562075 -0.095272 0.152944 0 0 0
0.563633 -0.093851 0.153525 0 0 0
0.564126 -0.092906 0.153515 0 0 0
0.564744 -0.091691 0.153489 0 0 0
0.565350 -0.090506 0.153463 0 0 0
0.565958 -0.089320 0.153438 0 0 0
0.566571 -0.088114 0.153409 0 0 0
0.567050 -0.087078 0.153352 0 0 0
0.567127 -0.085424 0.152757 0 0 0
0.567615 -0.084381 0.152698 0 0 0
0.568228 -0.083173 0.152669 0 0 0
0.568834 -0.081984 0.152644 0 0 0
0.569440 -0.080796 0.152618 0 0 0
0.570046 -0.079608 0.152592 0 0 0
0.570653 -0.078419 0.152566 0 0 0
0.571261 -0.077232 0.152540 0 0 0
0.571877 -0.076024 0.152512 0 0 0
0.572365 -0.074991 0.152457 0 0 0
0.572454 -0.073296 0.151854 0 0 0
0.572938 -0.072263 0.151800 0 0 0
0.573553 -0.071051 0.151772 0 0 0
0.574160 -0.069860 0.151746 0 0 0
0.574768 -0.068669 0.151720 0 0 0
0.575375 -0.067479 0.151694 0 0 0
0.575982 -0.066288 0.151668 0 0 0
0.576589 -0.065097 0.151642 0 0 0
0.577209 -0.063881 0.151617 0 0 0
0.577718 -0.062919 0.151609 0 0 0
0.579229 -0.061577 0.152185 0 0 0
0.579736 -0.060620 0.152178 0 0 0
0.580356 -0.059406 0.152153 255 0 0
0.580961 -0.058217 0.152127 255 0 0
0.581566 -0.057028 0.152101 0 0 0
0.582173 -0.055840 0.152075 0 0 0
0.582798 -0.054630 0.152044 0 0 0
0.583351 -0.053638 0.151980 0 0 0
0.583387 -0.051848 0.151382 0 0 0
0.583869 -0.050831 0.151334 0 0 0
0.584504 -0.049595 0.151300 0 0 0
0.585056 -0.048604 0.151238 0 0 0
0.585010 -0.046758 0.150659 0 0 0
0.585499 -0.045735 0.150614 0 0 0
0.586115 -0.044521 0.150586 0 0 0
0.586737 -0.043306 0.150560 0 0 0
0.587256 -0.042325 0.150555 0 0 0
0.588885 -0.041136 0.151082 0 0 0
0.589337 -0.040126 0.151094 0 0 0
0.589952 -0.038900 0.151072 0 0 0
0.590559 -0.037709 0.151046 0 0 0
0.591166 -0.036519 0.151020 0 0 0
0.591774 -0.035328 0.150994 0 0 0
0.592391 -0.034115 0.150966 0 0 0
0.592880 -0.033106 0.150921 0 0 0
0.593003 -0.031283 0.150297 0 0 0
0.593494 -0.030270 0.150252 0 0 0
0.594112 -0.029054 0.150223 0 0 0
0.594731 -0.027839 0.150195 0 0 0
0.595221 -0.026831 0.150152 0 0 0
0.595268 -0.024946 0.149547 0 0 0
0.595760 -0.023930 0.149505 0 0 0
0.596384 -0.022729 0.149473 0 0 0
0.597062 -0.021564 0.149429 0 0 0
0.597683 -0.020366 0.149400 0 0 0
0.598292 -0.019172 0.149374 0 0 0
0.598902 -0.017976 0.149348 0 0 0
0.599511 -0.016781 0.149322 0 0 0
0.600116 -0.015576 0.149298 0 0 0
0.600662 -0.014343 0.149291 0 0 0
0.601254 -0.013151 0.149269 0 0 0
0.601865 -0.011955 0.149243 0 0 0
0.602475 -0.010759 0.149217 0 0 0
0.603085 -0.009564 0.149191 0 0 0
0.603694 -0.008368 0.149165 0 0 0
0.604304 -0.007173 0.149139 0 0 0
0.604914 -0.005978 0.149113 0 0 0
0.605524 -0.004782 0.149087 0 0 0
0.606133 -0.003585 0.149061 0 0 0
0.606748 -0.002405 0.149032 0 0 0
0.607422 -0.001233 0.148988 0 0 0
0.607985 -0.000009 0.148975 0 0 0
0.608644 0.001147 0.148935 0 0 0
0.609263 0.002355 0.148908 0 0 0
0.609810 0.003589 0.148900 0 0 0
0.610400 0.004782 0.148879 0 0 0
0.611017 0.005964 0.148850 0 0 0
0.611694 0.007124 0.148804 0 0 0
0.612329 0.008327 0.148773 0 0 0
0.612983 0.009488 0.148734 0 0 0
0.613474 0.010753 0.148742 0 0 0
0.614059 0.011952 0.148722 0 0 0
0.614684 0.013150 0.148693 0 0 0
0.615366 0.014307 0.148647 0 0 0
0.615982 0.015489 0.148618 0 0 0
0.616592 0.016686 0.148592 0 0 0
0.617201 0.017884 0.148566 0 0 0
0.617811 0.019070 0.148538 0 0 0
0.618496 0.020252 0.148491 0 0 0
0.619003 0.021260 0.148444 0 0 0
0.619104 0.023254 0.147827 0 0 0
0.619666 0.024238 0.147773 0 0 0
0.620183 0.025256 0.147734 0 0 0
0.620206 0.027319 0.147129 0 0 0
0.620761 0.028279 0.147077 0 0 0
0.621399 0.029507 0.147046 0 0 0
0.622010 0.030706 0.147020 0 0 0
0.622623 0.031906 0.146994 0 0 0
0.623246 0.033124 0.146970 0 0 0
0.623805 0.034142 0.146979 0 0 0
0.625196 0.035184 0.147507 0 0 0
0.625699 0.036236 0.147530 0 0 0
0.626344 0.037488 0.147502 0 0 0
0.626898 0.038441 0.147450 0 0 0
0.626910 0.040367 0.146893 0 0 0
0.628178 0.041209 0.147387 0 0 0
0.628749 0.042233 0.147401 0 0 0
0.629371 0.043448 0.147377 0 0 0
0.629982 0.044646 0.147351 0 0 0
0.630593 0.045843 0.147325 0 0 0
0.631204 0.047041 0.147299 0 0 0
0.631815 0.048239 0.147273 0 0 0
0.632427 0.049435 0.147247 0 0 0
0.633037 0.050633 0.147221 0 0 0
0.633663 0.051836 0.147191 0 0 0
0.634351 0.053018 0.147145 0 0 0
0.634848 0.053987 0.147111 0 0 0
0.634979 0.056102 0.146478 0 0 0
0.635464 0.057080 0.146447 0 0 0
0.636089 0.058307 0.146420 0 0 0
0.636701 0.059507 0.146393 0 0 0
0.637313 0.060707 0.146367 0 0 0
0.637937 0.061932 0.146340 0 0 0
0.638435 0.062914 0.146307 0 0 0
0.638567 0.065041 0.145674 0 0 0
0.639063 0.066027 0.145643 0 0 0
0.639700 0.067281 0.145614 0 0 0
0.640184 0.068264 0.145585 0 0 0
0.640415 0.070349 0.144933 0 0 0
0.640914 0.071347 0.144894 0 0 0
0.641541 0.072576 0.144865 0 0 0
0.642156 0.073780 0.144839 0 0 0
0.642771 0.074985 0.144813 0 0 0
0.643385 0.076188 0.144787 0 0 0
0.644017 0.077397 0.144756 0 0 0
0.644694 0.078561 0.144712 0 0 0
0.645286 0.079755 0.144690 0 0 0
0.645865 0.081009 0.144677 0 0 0
0.646527 0.082204 0.144639 0 0 0
0.646957 0.083186 0.144634 0 0 0
0.538398 -0.150210 0.155633 0 0 0
0.538875 -0.149324 0.155608 0 0 0
0.539492 -0.148109 0.155583 0 0 0
0.540095 -0.146929 0.155557 0 0 0
0.540690 -0.145753 0.155532 0 0 0
0.541220 -0.144550 0.155525 0 0 0
0.541883 -0.143364 0.155487 0 0 0
0.542516 -0.142240 0.155447 0 0 0
0.543191 -0.141059 0.155401 0 0 0
0.543667 -0.139989 0.155331 0 0 0
0.543534 -0.138433 0.154810 0 0 0
0.544022 -0.137386 0.154735 0 0 0
0.544696 -0.136204 0.154689 0 0 0
0.545297 -0.135001 0.154666 0 0 0
0.545840 -0.133768 0.154660 0 0 0
0.546315 -0.132831 0.154649 0 0 0
0.548093 -0.131406 0.155191 0 0 0
0.548507 -0.130447 0.155196 0 0 0
0.549115 -0.129243 0.155172 0 0 0
0.549717 -0.128063 0.155146 0 0 0
0.550320 -0.126883 0.155120 0 0 0
0.550926 -0.125679 0.155097 0 0 0
0.551340 -0.124716 0.155103 0 0 0
0.553104 -0.123291 0.155641 0 0 0
0.553459 -0.122483 0.155594 0 0 0
0.553363 -0.120840 0.155057 0 0 0
0.553913 -0.119783 0.154973 0 0 0
0.554414 -0.118750 0.154898 0 0 0
0.554352 -0.117164 0.154359 0 0 0
0.554874 -0.116096 0.154269 0 0 0
0.555425 -0.115041 0.154178 0 0 0
0.555372 -0.113601 0.153562 0 0 0
0.555253 -0.112113 0.152950 0 0 0
0.555672 -0.111200 0.152833 0 0 0
0.555677 -0.109592 0.152260 0 0 0
0.556225 -0.108548 0.152181 0 0 0
0.556844 -0.107341 0.152150 0 0 0
0.557451 -0.106154 0.152125 0 0 0
0.558058 -0.104966 0.152099 0 0 0
0.558679 -0.103749 0.152073 0 0 0
0.559173 -0.102803 0.152062 0 0 0
0.560759 -0.101339 0.152648 0 0 0
0.561139 -0.100637 0.152650 0 0 0
0.562732 -0.099149 0.153236 0 0 0
0.563110 -0.098451 0.153239 0 0 0
0.564689 -0.096997 0.153823 0 0 0
0.565195 -0.096033 0.153814 0 0 0
0.565699 -0.095068 0.153804 0 0 0
0.567256 -0.093648 0.154386 0 0 0
0.567753 -0.092694 0.154373 0 0 0
0.568243 -0.091639 0.154315 0 0 0
0.568323 -0.089995 0.153721 0 0 0
0.568799 -0.088963 0.153662 0 0 0
0.569411 -0.087762 0.153633 0 0 0
0.570016 -0.086582 0.153608 0 0 0
0.570619 -0.085400 0.153582 0 0 0
0.571222 -0.084219 0.153556 0 0 0
0.571825 -0.083037 0.153531 0 0 0
0.572427 -0.081856 0.153505 0 0 0
0.573037 -0.080653 0.153476 0 0 0
0.573514 -0.079631 0.153421 0 0 0
0.573604 -0.077946 0.152819 0 0 0
0.574092 -0.076900 0.152761 0 0 0
0.574584 -0.075854 0.152703 0 0 0
0.574671 -0.074164 0.152100 0 0 0
0.575157 -0.073134 0.152045 0 0 0
0.575770 -0.071927 0.152016 0 0 0
0.576374 -0.070741 0.151990 0 0 0
0.576977 -0.069554 0.151964 0 0 0
0.577582 -0.068367 0.151938 0 0 0
0.578202 -0.067156 0.151913 0 0 0
0.578706 -0.066203 0.151906 0 0 0
0.580220 -0.064854 0.152484 0 0 0
0.580722 -0.063905 0.152477 255 0 0
0.581338 -0.062694 0.152451 255 0 0
0.581942 -0.061510 0.152426 255 0 0
0.582546 -0.060327 0.152400 255 0 0
0.583150 -0.059143 0.152374 255 0 0
0.583754 -0.057959 0.152348 255 0 0
0.584366 -0.056753 0.152320 255 0 0
0.584849 -0.055742 0.152270 255 0 0
0.584882 -0.053961 0.151673 255 0 0
0.585431 -0.052972 0.151608 0 0 0
0.586074 -0.051739 0.151573 0 0 0
0.586623 -0.050755 0.151509 0 0 0
0.586586 -0.048933 0.150925 0 0 0
0.587147 -0.047940 0.150860 0 0 0
0.587830 -0.046762 0.150814 0 0 0
0.588373 -0.045557 0.150803 0 0 0
0.588974 -0.044355 0.150780 0 0 0
0.589587 -0.043131 0.150758 0 0 0
0.590039 -0.042124 0.150771 0 0 0
0.591580 -0.040896 0.151321 0 0 0
0.592092 -0.039924 0.151318 0 0 0
0.592710 -0.038715 0.151293 0 0 0
0.593315 -0.037529 0.151268 0 0 0
0.593920 -0.036343 0.151242 0 0 0
0.594534 -0.035134 0.151213 0 0 0
0.595020 -0.034132 0.151168 0 0 0
0.595145 -0.032310 0.150543 0 0 0
0.595632 -0.031304 0.150498 0 0 0
0.596248 -0.030094 0.150469 0 0 0
0.596876 -0.028881 0.150439 0 0 0
0.597428 -0.027908 0.150379 0 0 0
0.597482 -0.026040 0.149769 0 0 0
0.597971 -0.025035 0.149725 0 0 0
0.598600 -0.023819 0.149694 0 0 0
0.599278 -0.022660 0.149649 0 0 0
0.599892 -0.021487 0.149619 0 0 0
0.600500 -0.020295 0.149594 0 0 0
0.601107 -0.019104 0.149568 0 0 0
0.601716 -0.017912 0.149542 0 0 0
0.602305 -0.016726 0.149520 0 0 0
0.602845 -0.015496 0.149513 0 0 0
0.603460 -0.014292 0.149487 0 0 0
0.604137 -0.013135 0.149442 0 0 0
0.604751 -0.011961 0.149412 0 0 0
0.605359 -0.010769 0.149386 0 0 0
0.605966 -0.009578 0.149360 0 0 0
0.606573 -0.008387 0.149334 0 0 0
0.607181 -0.007197 0.149309 0 0 0
0.607788 -0.006006 0.149283 0 0 0
0.608395 -0.004815 0.149257 0 0 0
0.609003 -0.003624 0.149231 0 0 0
0.609610 -0.002434 0.149205 0 0 0
0.610219 -0.001242 0.149179 0 0 0
0.610806 -0.000055 0.149158 0 0 0
0.611348 0.001177 0.149151 0 0 0
0.611951 0.002377 0.149127 0 0 0
0.612558 0.003566 0.149101 0 0 0
0.613178 0.004760 0.149072 0 0 0
0.613866 0.005939 0.149025 0 0 0
0.614359 0.006918 0.148984 0 0 0
0.614311 0.008762 0.148430 0 0 0
0.615730 0.009647 0.148914 0 0 0
0.616287 0.010670 0.148917 0 0 0
0.616786 0.011675 0.148883 0 0 0
0.616793 0.013717 0.148283 0 0 0
0.617282 0.014706 0.148247 0 0 0
0.617900 0.015924 0.148219 0 0 0
0.618509 0.017117 0.148193 0 0 0
0.619117 0.018310 0.148167 0 0 0
0.619747 0.019533 0.148138 0 0 0
0.620295 0.020484 0.148086 0 0 0
0.620397 0.022479 0.147467 0 0 0
0.620891 0.023484 0.147422 0 0 0
0.621529 0.024693 0.147388 0 0 0
0.622276 0.025816 0.147324 0 0 0
0.622881 0.026996 0.147297 0 0 0
0.623444 0.028239 0.147286 0 0 0
0.624119 0.029404 0.147242 0 0 0
0.624710 0.030582 0.147219 0 0 0
0.625258 0.031822 0.147211 0 0 0
0.625871 0.033049 0.147191 0 0 0
0.626373 0.034099 0.147215 0 0 0
0.627772 0.035165 0.147743 0 0 0
0.628196 0.035953 0.147744 0 0 0
0.628346 0.038044 0.147115 0 0 0
0.628842 0.038813 0.147101 0 0 0
0.630191 0.039907 0.147638 0 0 0
0.630747 0.040919 0.147649 0 0 0
0.631368 0.042129 0.147625 0 0 0
0.631976 0.043323 0.147599 0 0 0
0.632585 0.044516 0.147573 0 0 0
0.633193 0.045709 0.147547 0 0 0
0.633802 0.046902 0.147521 0 0 0
0.634410 0.048095 0.147495 0 0 0
0.635031 0.049315 0.147468 0 0 0
0.635511 0.050283 0.147437 0 0 0
0.635641 0.052391 0.146803 0 0 0
0.636135 0.053359 0.146769 0 0 0
0.636823 0.054538 0.146722 0 0 0
0.637449 0.055738 0.146693 0 0 0
0.638058 0.056932 0.146667 0 0 0
0.638668 0.058126 0.146641 0 0 0
0.639295 0.059327 0.146611 0 0 0
0.639982 0.060506 0.146564 0 0 0
0.640475 0.061470 0.146531 0 0 0
0.640605 0.063599 0.145898 0 0 0
0.641117 0.064583 0.145861 0 0 0
0.641806 0.065763 0.145814 0 0 0
0.642431 0.066978 0.145786 0 0 0
0.642924 0.067954 0.145755 0 0 0
0.643071 0.070103 0.145117 0 0 0
0.643556 0.071076 0.145087 0 0 0
0.644181 0.072304 0.145060 0 0 0
0.644792 0.073502 0.145033 0 0 0
0.645436 0.074734 0.145002 0 0 0
0.645988 0.075670 0.144954 0 0 0
0.646081 0.077878 0.144338 0 0 0
0.646562 0.078701 0.144353 0 0 0
0.647824 0.079426 0.144814 0 0 0
0.647913 0.081309 0.144318 0 0 0
0.649152 0.082006 0.144778 0 0 0
0.649771 0.083079 0.144800 0 0 0
0.650272 0.084031 0.144779 0 0 0
0.539871 -0.150657 0.155265 0 0 0
0.540335 -0.149765 0.155244 0 0 0
0.540952 -0.148553 0.155218 0 0 0
0.541568 -0.147348 0.155192 0 0 0
0.542046 -0.146418 0.155180 0 0 0
0.543689 -0.145061 0.155653 0 0 0
0.543484 -0.143775 0.155174 0 0 0
0.543948 -0.142684 0.155094 0 0 0
0.544547 -0.141487 0.155066 0 0 0
0.545168 -0.140341 0.155032 0 0 0
0.545911 -0.139193 0.154973 0 0 0
0.546533 -0.138048 0.154939 0 0 0
0.547134 -0.136870 0.154913 0 0 0
0.547734 -0.135693 0.154887 0 0 0
0.548334 -0.134517 0.154862 0 0 0
0.548918 -0.133323 0.154842 0 0 0
0.549367 -0.132092 0.154855 0 0 0
0.549955 -0.130899 0.154834 0 0 0
0.550556 -0.129723 0.154808 0 0 0
0.551156 -0.128546 0.154783 0 0 0
0.551772 -0.127342 0.154757 0 0 0
0.552251 -0.126407 0.154746 0 0 0
0.554009 -0.124994 0.155291 0 0 0
0.554424 -0.124040 0.155296 0 0 0
0.555051 -0.122850 0.155262 0 0 0
0.555591 -0.121821 0.155183 0 0 0
0.555482 -0.120198 0.154645 0 0 0
0.555966 -0.119173 0.154575 0 0 0
0.556644 -0.117995 0.154529 0 0 0
0.557329 -0.116821 0.154480 0 0 0
0.557841 -0.115779 0.154390 0 0 0
0.557750 -0.114342 0.153793 0 0 0
0.557611 -0.112864 0.153190 0 0 0
0.558089 -0.111809 0.153121 0 0 0
0.558699 -0.110609 0.153092 0 0 0
0.559302 -0.109428 0.153066 0 0 0
0.559904 -0.108246 0.153040 0 0 0
0.560507 -0.107065 0.153015 0 0 0
0.561109 -0.105883 0.152989 0 0 0
0.561712 -0.104702 0.152963 0 0 0
0.562328 -0.103491 0.152938 0 0 0
0.562819 -0.102552 0.152929 0 0 0
0.564283 -0.101337 0.153528 0 0 0
0.565745 -0.100124 0.154127 0 0 0
0.566232 -0.099193 0.154119 0 0 0
0.566861 -0.097959 0.154094 0 0 0
0.567349 -0.097030 0.154084 0 0 0
0.568907 -0.095606 0.154668 0 0 0
0.569391 -0.094681 0.154659 0 0 0
0.570006 -0.093479 0.154634 0 0 0
0.570606 -0.092304 0.154608 0 0 0
0.571214 -0.091109 0.154580 0 0 0
0.571685 -0.090090 0.154521 0 0 0
0.571768 -0.088439 0.153924 0 0 0
0.572241 -0.087417 0.153866 0 0 0
0.572850 -0.086219 0.153837 0 0 0
0.573451 -0.085043 0.153812 0 0 0
0.574052 -0.083866 0.153786 0 0 0
0.574652 -0.082689 0.153761 0 0 0
0.575252 -0.081513 0.153735 0 0 0
0.575870 -0.080315 0.153704 0 0 0
0.576416 -0.079321 0.153634 0 0 0
0.576438 -0.077592 0.153042 0 0 0
0.576794 -0.076736 0.152961 0 0 0
0.576888 -0.075025 0.152353 0 0 0
0.577371 -0.074002 0.152297 0 0 0
0.577996 -0.072774 0.152269 0 0 0
0.578496 -0.071830 0.152262 0 0 0
0.580015 -0.070480 0.152840 0 0 0
0.580511 -0.069526 0.152835 0 0 0
0.581126 -0.068322 0.152810 0 0 0
0.581727 -0.067142 0.152784 0 0 0
0.582327 -0.065962 0.152758 255 0 0
0.582928 -0.064783 0.152733 255 0 0
0.583529 -0.063604 0.152707 255 0 0
0.584131 -0.062424 0.152681 255 0 0
0.584732 -0.061245 0.152656 255 0 0
0.585333 -0.060067 0.152630 255 0 0
0.585945 -0.058886 0.152602 0 0 0
0.586629 -0.057713 0.152555 0 0 0
0.587118 -0.056729 0.152503 0 0 0
0.587146 -0.054926 0.151907 0 0 0
0.587705 -0.053922 0.151837 0 0 0
0.588205 -0.052917 0.151783 0 0 0
0.588162 -0.051076 0.151201 255 0 0
0.588788 -0.050097 0.151117 255 0 0
0.589298 -0.049080 0.151060 255 0 0
0.589170 -0.047419 0.150520 255 0 0
0.590697 -0.046372 0.151010 0 0 0
0.591196 -0.045408 0.151010 0 0 0
0.591755 -0.044141 0.151006 0 0 0
0.592261 -0.043160 0.151005 0 0 0
0.593802 -0.041934 0.151557 0 0 0
0.594245 -0.040937 0.151571 0 0 0
0.594868 -0.039715 0.151546 0 0 0
0.595527 -0.038570 0.151505 0 0 0
0.596066 -0.037368 0.151495 0 0 0
0.596673 -0.036149 0.151469 0 0 0
0.597154 -0.035155 0.151423 0 0 0
0.597280 -0.033336 0.150798 0 0 0
0.597775 -0.032334 0.150749 0 0 0
0.598471 -0.031137 0.150700 0 0 0
0.598960 -0.030160 0.150654 0 0 0
0.598927 -0.028247 0.150065 0 0 0
0.599488 -0.027274 0.150003 0 0 0
0.600179 -0.026077 0.149955 0 0 0
0.600606 -0.025061 0.149927 0 0 0
0.600647 -0.023152 0.149320 0 0 0
0.601133 -0.022151 0.149279 0 0 0
0.601748 -0.020940 0.149252 0 0 0
0.602354 -0.019751 0.149226 0 0 0
0.602974 -0.018542 0.149201 0 0 0
0.603500 -0.017560 0.149199 0 0 0
0.605111 -0.016413 0.149717 0 0 0
0.605513 -0.015631 0.149701 0 0 0
0.605497 -0.013639 0.149111 0 0 0
0.605983 -0.012644 0.149072 0 0 0
0.606597 -0.011432 0.149045 0 0 0
0.607204 -0.010243 0.149019 0 0 0
0.607810 -0.009055 0.148993 0 0 0
0.608416 -0.007866 0.148967 0 0 0
0.609022 -0.006678 0.148941 0 0 0
0.609629 -0.005489 0.148915 0 0 0
0.610235 -0.004301 0.148889 0 0 0
0.610841 -0.003112 0.148864 0 0 0
0.611461 -0.001904 0.148839 0 0 0
0.611995 -0.000915 0.148840 0 0 0
0.613475 0.000209 0.149377 0 0 0
0.614005 0.001194 0.149380 0 0 0
0.614634 0.002426 0.149354 0 0 0
0.615110 0.003402 0.149317 0 0 0
0.615192 0.005388 0.148695 0 0 0
0.615683 0.006359 0.148655 0 0 0
0.616367 0.007543 0.148610 0 0 0
0.616923 0.008777 0.148600 0 0 0
0.617508 0.009960 0.148579 0 0 0
0.618134 0.011138 0.148547 0 0 0
0.618882 0.012255 0.148482 0 0 0
0.619507 0.013431 0.148451 0 0 0
0.620113 0.014620 0.148425 0 0 0
0.620719 0.015809 0.148399 0 0 0
0.621335 0.017022 0.148372 0 0 0
0.621822 0.018001 0.148336 0 0 0
0.621857 0.020051 0.147726 0 0 0
0.622467 0.020968 0.147656 0 0 0
0.623116 0.022196 0.147621 0 0 0
0.623603 0.023177 0.147587 0 0 0
0.623628 0.025272 0.146985 0 0 0
0.624067 0.026074 0.146984 0 0 0
0.625450 0.026931 0.147465 0 0 0
0.625452 0.028848 0.146908 0 0 0
0.625884 0.029648 0.146903 0 0 0
0.627402 0.030679 0.147408 0 0 0
0.627940 0.031695 0.147421 0 0 0
0.628446 0.032760 0.147450 0 0 0
0.629848 0.033808 0.147977 0 0 0
0.630415 0.034833 0.147982 0 0 0
0.630916 0.035825 0.147949 0 0 0
0.631005 0.037720 0.147375 0 0 0
0.632195 0.038598 0.147884 0 0 0
0.632801 0.039567 0.147888 0 0 0
0.633363 0.040806 0.147880 0 0 0
0.633965 0.042003 0.147855 0 0 0
0.634571 0.043191 0.147829 0 0 0
0.635177 0.044379 0.147804 0 0 0
0.635783 0.045566 0.147778 0 0 0
0.636406 0.046760 0.147748 0 0 0
0.637082 0.047906 0.147703 0 0 0
0.637691 0.049083 0.147675 0 0 0
0.638310 0.050298 0.147648 0 0 0
0.638796 0.051265 0.147616 0 0 0
0.638946 0.053380 0.146976 0 0 0
0.639486 0.054305 0.146927 0 0 0
0.640111 0.055510 0.146897 0 0 0
0.640729 0.056729 0.146870 0 0 0
0.641214 0.057697 0.146839 0 0 0
0.641261 0.059869 0.146227 0 0 0
0.641752 0.060830 0.146194 0 0 0
0.642451 0.062032 0.146145 0 0 0
0.642960 0.063008 0.146109 0 0 0
0.643094 0.065140 0.145473 0 0 0
0.643584 0.066115 0.145442 0 0 0
0.644207 0.067328 0.145413 0 0 0
0.644882 0.068480 0.145368 0 0 0
0.645509 0.069680 0.145338 0 0 0
0.646137 0.070879 0.145308 0 0 0
0.646824 0.072057 0.145262 0 0 0
0.647316 0.073018 0.145230 0 0 0
0.647385 0.075214 0.144612 0 0 0
0.647954 0.076154 0.144560 0 0 0
0.648630 0.077337 0.144517 0 0 0
0.649155 0.078614 0.144517 0 0 0
0.649860 0.079731 0.144462 0 0 0
0.650435 0.080971 0.144448 0 0 0
0.651018 0.082169 0.144429 0 0 0
0.651652 0.083391 0.144400 0 0 0
0.652168 0.084280 0.144366 0 0 0
0.542329 -0.151257 0.155496 0 0 0
0.542852 -0.150385 0.155461 0 0 0
0.543488 -0.149217 0.155426 0 0 0
0.544084 -0.148041 0.155402 0 0 0
0.544673 -0.146844 0.155380 0 0 0
0.545209 -0.145676 0.155367 0 0 0
0.545867 -0.144520 0.155328 0 0 0
0.546475 -0.143348 0.155300 0 0 0
0.547077 -0.142160 0.155271 0 0 0
0.547539 -0.141099 0.155202 0 0 0
0.547406 -0.139544 0.154680 0 0 0
0.547873 -0.138479 0.154610 0 0 0
0.548476 -0.137287 0.154581 0 0 0
0.549075 -0.136112 0.154555 0 0 0
0.549691 -0.134911 0.154530 0 0 0
0.550169 -0.133983 0.154517 0 0 0
0.551958 -0.132576 0.155058 0 0 0
0.552437 -0.131654 0.155045 0 0 0
0.553054 -0.130456 0.155019 0 0 0
0.553652 -0.129284 0.154993 0 0 0
0.554249 -0.128113 0.154968 0 0 0
0.554839 -0.126919 0.154946 0 0 0
0.555352 -0.125724 0.154942 0 0 0
0.555867 -0.124527 0.154937 0 0 0
0.556457 -0.123330 0.154916 0 0 0
0.557069 -0.122186 0.154883 0 0 0
0.557815 -0.121049 0.154823 0 0 0
0.558439 -0.119889 0.154786 0 0 0
0.558909 -0.118847 0.154724 0 0 0
0.558789 -0.117187 0.154180 0 0 0
0.559141 -0.116289 0.154079 0 0 0
0.559194 -0.114747 0.153505 0 0 0
0.559763 -0.113697 0.153406 0 0 0
0.560377 -0.112506 0.153375 0 0 0
0.560977 -0.111330 0.153349 0 0 0
0.561578 -0.110153 0.153323 0 0 0
0.562178 -0.108976 0.153298 0 0 0
0.562778 -0.107799 0.153272 0 0 0
0.563394 -0.106594 0.153247 0 0 0
0.563878 -0.105667 0.153236 0 0 0
0.565463 -0.104195 0.153825 0 0 0
0.565829 -0.103520 0.153829 0 0 0
0.567424 -0.102025 0.154418 0 0 0
0.567788 -0.101354 0.154422 0 0 0
0.569366 -0.099893 0.155010 0 0 0
0.569847 -0.098977 0.155000 0 0 0
0.570459 -0.097778 0.154975 0 0 0
0.571052 -0.096606 0.154949 0 0 0
0.571648 -0.095436 0.154924 0 0 0
0.572245 -0.094266 0.154898 0 0 0
0.572843 -0.093096 0.154873 0 0 0
0.573441 -0.091927 0.154848 0 0 0
0.574038 -0.090758 0.154822 0 0 0
0.574644 -0.089566 0.154794 0 0 0
0.575111 -0.088557 0.154736 0 0 0
0.575199 -0.086899 0.154137 0 0 0
0.575667 -0.085885 0.154078 0 0 0
0.576275 -0.084692 0.154050 0 0 0
0.576873 -0.083521 0.154024 0 0 0
0.577489 -0.082327 0.153994 0 0 0
0.578029 -0.081339 0.153924 0 0 0
0.577967 -0.079616 0.153352 0 0 0
0.578516 -0.078603 0.153279 0 0 0
0.579003 -0.077573 0.153219 0 0 0
0.579097 -0.075883 0.152614 0 0 0
0.579576 -0.074866 0.152558 0 0 0
0.580197 -0.073643 0.152530 0 0 0
0.580691 -0.072693 0.152525 0 0 0
0.582210 -0.071341 0.153104 0 0 0
0.582703 -0.070409 0.153097 0 0 0
0.583318 -0.069208 0.153073 0 0 0
0.583917 -0.068033 0.153047 0 0 0
0.584516 -0.066859 0.153021 255 0 0
0.585115 -0.065684 0.152996 255 0 0
0.585714 -0.064510 0.152970 255 0 0
0.586313 -0.063335 0.152945 255 0 0
0.586912 -0.062160 0.152919 0 0 0
0.587520 -0.060964 0.152891 0 0 0
0.587996 -0.059965 0.152841 0 0 0
0.588012 -0.058171 0.152247 0 0 0
0.588509 -0.057167 0.152191 0 0 0
0.589064 -0.056172 0.152122 0 0 0
0.589095 -0.054366 0.151523 0 0 0
0.589595 -0.053359 0.151468 0 0 0
0.590145 -0.052368 0.151401 0 0 0
0.590185 -0.050547 0.150798 0 0 0
0.590676 -0.049562 0.150748 0 0 0
0.591355 -0.048374 0.150703 255 0 0
0.591911 -0.047131 0.150696 0 0 0
0.592404 -0.046173 0.150695 0 0 0
0.593968 -0.044938 0.151244 0 0 0
0.594481 -0.043941 0.151245 0 0 0
0.594936 -0.042924 0.151260 0 0 0
0.596576 -0.041721 0.151787 0 0 0
0.596959 -0.040943 0.151763 0 0 0
0.596851 -0.039230 0.151221 0 0 0
0.598362 -0.038219 0.151710 0 0 0
0.598884 -0.037235 0.151706 0 0 0
0.599376 -0.036223 0.151664 0 0 0
0.599435 -0.034332 0.151052 0 0 0
0.599857 -0.033559 0.150976 0 0 0
0.599830 -0.031633 0.150383 0 0 0
0.600329 -0.030655 0.150334 0 0 0
0.601098 -0.029490 0.150265 0 0 0
0.601595 -0.028508 0.150216 0 0 0
0.601501 -0.026769 0.149672 0 0 0
0.602852 -0.025959 0.150126 0 0 0
0.602848 -0.024266 0.149560 0 0 0
0.603331 -0.023264 0.149513 0 0 0
0.603945 -0.022057 0.149485 0 0 0
0.604549 -0.020873 0.149459 0 0 0
0.605152 -0.019690 0.149434 0 0 0
0.605751 -0.018495 0.149410 0 0 0
0.606287 -0.017269 0.149404 0 0 0
0.606878 -0.016107 0.149379 0 0 0
0.607556 -0.014957 0.149333 0 0 0
0.608185 -0.013767 0.149302 0 0 0
0.608862 -0.012619 0.149257 0 0 0
0.609474 -0.011452 0.149227 0 0 0
0.610058 -0.010271 0.149206 0 0 0
0.610593 -0.009045 0.149200 0 0 0
0.611192 -0.007850 0.149176 0 0 0
0.611795 -0.006667 0.149150 0 0 0
0.612399 -0.005484 0.149124 0 0 0
0.613003 -0.004300 0.149099 0 0 0
0.613619 -0.003095 0.149075 0 0 0
0.614146 -0.002112 0.149079 0 0 0
0.615538 -0.000936 0.149639 0 0 0
0.616066 0.000034 0.149643 0 0 0
0.616682 0.001237 0.149618 0 0 0
0.617285 0.002417 0.149593 0 0 0
0.617916 0.003627 0.149562 0 0 0
0.618464 0.004565 0.149507 0 0 0
0.618556 0.006541 0.148880 0 0 0
0.619029 0.007511 0.148843 0 0 0
0.619671 0.008750 0.148810 0 0 0
0.620219 0.009688 0.148756 0 0 0
0.620224 0.011720 0.148151 0 0 0
0.620706 0.012700 0.148116 0 0 0
0.621321 0.013911 0.148089 0 0 0
0.621926 0.015097 0.148063 0 0 0
0.622531 0.016285 0.148037 0 0 0
0.623154 0.017480 0.148006 0 0 0
0.623706 0.018420 0.147951 0 0 0
0.623814 0.020442 0.147321 0 0 0
0.624300 0.021423 0.147286 0 0 0
0.624921 0.022623 0.147256 0 0 0
0.625596 0.023771 0.147210 0 0 0
0.626229 0.024978 0.147180 0 0 0
0.626847 0.026156 0.147150 0 0 0
0.627482 0.027284 0.147113 0 0 0
0.628036 0.028531 0.147104 0 0 0
0.628589 0.029787 0.147099 0 0 0
0.629116 0.030783 0.147111 0 0 0
0.630614 0.031788 0.147619 0 0 0
0.631081 0.032822 0.147648 0 0 0
0.631610 0.034070 0.147648 0 0 0
0.632229 0.035268 0.147623 0 0 0
0.632858 0.036237 0.147621 0 0 0
0.634141 0.037075 0.148110 0 0 0
0.634114 0.038828 0.147607 0 0 0
0.635462 0.039617 0.148079 0 0 0
0.636027 0.040619 0.148092 0 0 0
0.636643 0.041820 0.148068 0 0 0
0.637247 0.043004 0.148042 0 0 0
0.637862 0.044214 0.148015 0 0 0
0.638343 0.045174 0.147983 0 0 0
0.638373 0.047319 0.147373 0 0 0
0.638856 0.048283 0.147341 0 0 0
0.639472 0.049496 0.147314 0 0 0
0.640113 0.050699 0.147280 0 0 0
0.640723 0.051584 0.147213 0 0 0
0.640786 0.053731 0.146593 0 0 0
0.641273 0.054697 0.146561 0 0 0
0.641890 0.055912 0.146534 0 0 0
0.642517 0.057094 0.146502 0 0 0
0.643260 0.058199 0.146437 0 0 0
0.643887 0.059380 0.146406 0 0 0
0.644504 0.060596 0.146379 0 0 0
0.644989 0.061558 0.146348 0 0 0
0.645120 0.063691 0.145711 0 0 0
0.645628 0.064664 0.145674 0 0 0
0.646316 0.065836 0.145627 0 0 0
0.646926 0.067017 0.145599 0 0 0
0.647545 0.068237 0.145572 0 0 0
0.648031 0.069200 0.145542 0 0 0
0.648089 0.071402 0.144926 0 0 0
0.648579 0.072360 0.144894 0 0 0
0.649278 0.073562 0.144846 0 0 0
0.649789 0.074538 0.144809 0 0 0
0.649957 0.076537 0.144238 0 0 0
0.651065 0.077028 0.144667 0 0 0
0.651157 0.079082 0.144117 0 0 0
0.651669 0.080058 0.144082 0 0 0
0.652329 0.081230 0.144042 0 0 0
0.652923 0.082500 0.144026 0 0 0
0.653454 0.083402 0.143990 0 0 0
0.544355 -0.150522 0.155123 0 0 0
0.544817 -0.149635 0.155101 0 0 0
0.545429 -0.148432 0.155076 0 0 0
0.546027 -0.147263 0.155050 0 0 0
0.546634 -0.146094 0.155022 0 0 0
0.547288 -0.144939 0.154983 0 0 0
0.547826 -0.143774 0.154969 0 0 0
0.548421 -0.142579 0.154946 0 0 0
0.549096 -0.141457 0.154899 0 0 0
0.549711 -0.140311 0.154868 0 0 0
0.550381 -0.139133 0.154828 0 0 0
0.550987 -0.137995 0.154796 0 0 0
0.551583 -0.136822 0.154771 0 0 0
0.552179 -0.135652 0.154746 0 0 0
0.552774 -0.134461 0.154723 0 0 0
0.553285 -0.133268 0.154719 0 0 0
0.553792 -0.132074 0.154715 0 0 0
0.554381 -0.130880 0.154694 0 0 0
0.554976 -0.129711 0.154668 0 0 0
0.555573 -0.128542 0.154643 0 0 0
0.556188 -0.127346 0.154617 0 0 0
0.556668 -0.126426 0.154604 0 0 0
0.558442 -0.125036 0.155147 0 0 0
0.558919 -0.124099 0.155133 0 0 0
0.559401 -0.123035 0.155069 0 0 0
0.559280 -0.121412 0.154531 0 0 0
0.559746 -0.120369 0.154468 0 0 0
0.560362 -0.119210 0.154432 0 0 0
0.561041 -0.118059 0.154388 0 0 0
0.561727 -0.116890 0.154340 0 0 0
0.562211 -0.115883 0.154271 0 0 0
0.562182 -0.114275 0.153709 0 0 0
0.562649 -0.113240 0.153644 0 0 0
0.563253 -0.112048 0.153615 0 0 0
0.563851 -0.110876 0.153589 0 0 0
0.564449 -0.109703 0.153563 0 0 0
0.565062 -0.108502 0.153538 0 0 0
0.565542 -0.107583 0.153528 0 0 0
0.567128 -0.106107 0.154119 0 0 0
0.567489 -0.105443 0.154123 0 0 0
0.569088 -0.103960 0.154711 0 0 0
0.569446 -0.103283 0.154718 0 0 0
0.571105 -0.101879 0.155284 0 0 0
0.571505 -0.100927 0.155294 0 0 0
0.572123 -0.099684 0.155274 0 0 0
0.572600 -0.098776 0.155265 0 0 0
0.574255 -0.097409 0.155825 0 0 0
0.574737 -0.096468 0.155814 0 0 0
0.575219 -0.095433 0.155757 0 0 0
0.575203 -0.093750 0.155184 0 0 0
0.575662 -0.092744 0.155124 0 0 0
0.576265 -0.091556 0.155096 0 0 0
0.576860 -0.090392 0.155070 0 0 0
0.577455 -0.089228 0.155045 0 0 0
0.578069 -0.088041 0.155014 0 0 0
0.578607 -0.087059 0.154942 0 0 0
0.578618 -0.085374 0.154357 0 0 0
0.579089 -0.084349 0.154296 0 0 0
0.579566 -0.083322 0.154236 0 0 0
0.579579 -0.081629 0.153650 0 0 0
0.580118 -0.080643 0.153578 0 0 0
0.580733 -0.079451 0.153548 0 0 0
0.581330 -0.078282 0.153522 0 0 0
0.581928 -0.077113 0.153497 0 0 0
0.582525 -0.075944 0.153471 0 0 0
0.583133 -0.074772 0.153444 0 0 0
0.583793 -0.073633 0.153403 0 0 0
0.584320 -0.072450 0.153392 0 0 0
0.584911 -0.071261 0.153369 255 0 0
0.585506 -0.070092 0.153344 0 0 0
0.586103 -0.068922 0.153318 255 0 0
0.586700 -0.067752 0.153293 0 0 0
0.587297 -0.066582 0.153267 255 0 0
0.587893 -0.065413 0.153242 255 0 0
0.588500 -0.064242 0.153214 0 0 0
0.589175 -0.063100 0.153170 0 0 0
0.589790 -0.061932 0.153136 0 0 0
0.590262 -0.060936 0.153089 0 0 0
0.590275 -0.059143 0.152494 0 0 0
0.590757 -0.058125 0.152441 0 0 0
0.591241 -0.057109 0.152388 0 0 0
0.591351 -0.055354 0.151770 0 0 0
0.591828 -0.054356 0.151719 0 0 0
0.592446 -0.053136 0.151688 0 0 0
0.592917 -0.052147 0.151640 0 0 0
0.593041 -0.050367 0.151016 0 0 0
0.593513 -0.049374 0.150968 0 0 0
0.594138 -0.048150 0.150941 0 0 0
0.594642 -0.047194 0.150939 0 0 0
0.596114 -0.045915 0.151512 0 0 0
0.596615 -0.044962 0.151510 0 0 0
0.597222 -0.043750 0.151489 0 0 0
0.597748 -0.042534 0.151483 0 0 0
0.598337 -0.041386 0.151457 0 0 0
0.599008 -0.040228 0.151414 0 0 0
0.599546 -0.039011 0.151406 0 0 0
0.600127 -0.037841 0.151385 0 0 0
0.600760 -0.036662 0.151349 0 0 0
0.601376 -0.035737 0.151270 0 0 0
0.601360 -0.033858 0.150673 0 0 0
0.601929 -0.032875 0.150607 0 0 0
0.602497 -0.031896 0.150542 0 0 0
0.602461 -0.029985 0.149950 0 0 0
0.602957 -0.029012 0.149902 0 0 0
0.603695 -0.027866 0.149842 0 0 0
0.604180 -0.026639 0.149845 0 0 0
0.604832 -0.025487 0.149806 0 0 0
0.605460 -0.024300 0.149775 0 0 0
0.606118 -0.023161 0.149734 0 0 0
0.606655 -0.021959 0.149724 0 0 0
0.607251 -0.020766 0.149701 0 0 0
0.607852 -0.019588 0.149675 0 0 0
0.608454 -0.018409 0.149650 0 0 0
0.609055 -0.017229 0.149624 0 0 0
0.609667 -0.016024 0.149596 0 0 0
0.610138 -0.015052 0.149556 0 0 0
0.610203 -0.013115 0.148938 0 0 0
0.610700 -0.012112 0.148900 0 0 0
0.611234 -0.011113 0.148898 0 0 0
0.612731 -0.009967 0.149440 0 0 0
0.613252 -0.008997 0.149443 0 0 0
0.613866 -0.007796 0.149419 0 0 0
0.614468 -0.006616 0.149393 0 0 0
0.615083 -0.005416 0.149369 0 0 0
0.615609 -0.004451 0.149372 0 0 0
0.617071 -0.003319 0.149917 0 0 0
0.617529 -0.002308 0.149937 0 0 0
0.618136 -0.001099 0.149915 0 0 0
0.618736 0.000076 0.149889 0 0 0
0.619363 0.001282 0.149858 0 0 0
0.619908 0.002212 0.149804 0 0 0
0.619911 0.004213 0.149197 0 0 0
0.620456 0.005146 0.149142 0 0 0
0.621111 0.006384 0.149105 0 0 0
0.621657 0.007314 0.149051 0 0 0
0.621665 0.009327 0.148442 0 0 0
0.622226 0.010267 0.148385 0 0 0
0.622932 0.011440 0.148334 0 0 0
0.623516 0.012599 0.148310 0 0 0
0.624051 0.013827 0.148303 0 0 0
0.624665 0.015022 0.148276 0 0 0
0.625349 0.016189 0.148230 0 0 0
0.625830 0.017144 0.148193 0 0 0
0.625942 0.019167 0.147560 0 0 0
0.626494 0.020102 0.147505 0 0 0
0.627116 0.021295 0.147473 0 0 0
0.627730 0.022506 0.147446 0 0 0
0.628212 0.023475 0.147412 0 0 0
0.628239 0.025577 0.146807 0 0 0
0.628660 0.026360 0.146804 0 0 0
0.630180 0.027391 0.147312 0 0 0
0.630727 0.028382 0.147317 0 0 0
0.631314 0.029586 0.147301 0 0 0
0.631804 0.030879 0.147313 0 0 0
0.632329 0.031872 0.147327 0 0 0
0.633817 0.032869 0.147835 0 0 0
0.634367 0.033859 0.147842 0 0 0
0.634956 0.035058 0.147825 0 0 0
0.635438 0.036321 0.147832 0 0 0
0.636077 0.037469 0.147796 0 0 0
0.636635 0.038702 0.147785 0 0 0
0.637212 0.039878 0.147765 0 0 0
0.637816 0.041061 0.147740 0 0 0
0.638418 0.042242 0.147714 0 0 0
0.639021 0.043425 0.147688 0 0 0
0.639627 0.044595 0.147660 0 0 0
0.640300 0.045733 0.147615 0 0 0
0.640920 0.046919 0.147585 0 0 0
0.641554 0.048131 0.147554 0 0 0
0.642090 0.049046 0.147506 0 0 0
0.642149 0.051176 0.146885 0 0 0
0.642709 0.052099 0.146832 0 0 0
0.643415 0.053270 0.146780 0 0 0
0.644031 0.054469 0.146752 0 0 0
0.644506 0.055429 0.146722 0 0 0
0.644557 0.057599 0.146105 0 0 0
0.645039 0.058559 0.146074 0 0 0
0.645654 0.059774 0.146047 0 0 0
0.646262 0.060950 0.146020 0 0 0
0.646949 0.062118 0.145973 0 0 0
0.647454 0.063082 0.145936 0 0 0
0.647589 0.065220 0.145297 0 0 0
0.648074 0.066182 0.145266 0 0 0
0.648691 0.067399 0.145239 0 0 0
0.649300 0.068578 0.145211 0 0 0
0.649973 0.069722 0.145166 0 0 0
0.650598 0.070914 0.145136 0 0 0
0.651238 0.072134 0.145104 0 0 0
0.651785 0.073049 0.145056 0 0 0
0.651927 0.075208 0.144414 0 0 0
0.652388 0.076214 0.144392 0 0 0
0.653124 0.077365 0.144332 0 0 0
0.653631 0.078325 0.144296 0 0 0
0.653732 0.080386 0.143746 0 0 0
0.654814 0.080866 0.144176 0 0 0
0.654928 0.082920 0.143622 0 0 0
0.655488 0.083878 0.143574 0 0 0
0.655990 0.084830 0.143549 0 0 0
0.546895 -0.151148 0.155346 0 0 0
0.547346 -0.150296 0.155324 0 0 0
0.547959 -0.149092 0.155298 0 0 0
0.548557 -0.147912 0.155268 0 0 0
0.549046 -0.146813 0.155164 0 0 0
0.548892 -0.145586 0.154687 0 0 0
0.550436 -0.144199 0.155164 0 0 0
0.550818 -0.143351 0.155091 0 0 0
0.550680 -0.142075 0.154611 0 0 0
0.552062 -0.140813 0.155023 0 0 0
0.551868 -0.139495 0.154552 0 0 0
0.552399 -0.138441 0.154459 0 0 0
0.553018 -0.137285 0.154422 0 0 0
0.553607 -0.136119 0.154397 0 0 0
0.554138 -0.134897 0.154392 0 0 0
0.554605 -0.133959 0.154383 0 0 0
0.556389 -0.132554 0.154929 0 0 0
0.556858 -0.131641 0.154917 0 0 0
0.557469 -0.130448 0.154892 0 0 0
0.558063 -0.129282 0.154867 0 0 0
0.558656 -0.128119 0.154841 0 0 0
0.559242 -0.126931 0.154820 0 0 0
0.559756 -0.125737 0.154815 0 0 0
0.560343 -0.124572 0.154791 0 0 0
0.560945 -0.123436 0.154761 0 0 0
0.561539 -0.122266 0.154736 0 0 0
0.562133 -0.121079 0.154713 0 0 0
0.562740 -0.119897 0.154683 0 0 0
0.563266 -0.118885 0.154604 0 0 0
0.563168 -0.117271 0.154056 0 0 0
0.563647 -0.116265 0.153987 0 0 0
0.564323 -0.115098 0.153941 0 0 0
0.564927 -0.113930 0.153914 0 0 0
0.565522 -0.112763 0.153888 0 0 0
0.566118 -0.111595 0.153863 0 0 0
0.566730 -0.110399 0.153838 0 0 0
0.567208 -0.109488 0.153828 0 0 0
0.568779 -0.108050 0.154416 0 0 0
0.569264 -0.107098 0.154409 0 0 0
0.569753 -0.106145 0.154403 0 0 0
0.571402 -0.104778 0.154967 0 0 0
0.571808 -0.103781 0.154981 0 0 0
0.572216 -0.102784 0.154996 0 0 0
0.573858 -0.101424 0.155560 0 0 0
0.574328 -0.100507 0.155553 0 0 0
0.574928 -0.099298 0.155532 0 0 0
0.575438 -0.098103 0.155528 0 0 0
0.576017 -0.096944 0.155505 0 0 0
0.576643 -0.095785 0.155473 0 0 0
0.577197 -0.094898 0.155449 0 0 0
0.578703 -0.093671 0.155956 0 0 0
0.578617 -0.092229 0.155420 0 0 0
0.579082 -0.091215 0.155353 0 0 0
0.579768 -0.090035 0.155303 0 0 0
0.580243 -0.089064 0.155243 0 0 0
0.580154 -0.087336 0.154679 0 0 0
0.580697 -0.086357 0.154605 0 0 0
0.581395 -0.085176 0.154553 0 0 0
0.581872 -0.084205 0.154494 0 0 0
0.581865 -0.082485 0.153911 0 0 0
0.582342 -0.081483 0.153853 0 0 0
0.583022 -0.080322 0.153805 0 0 0
0.583623 -0.079181 0.153776 0 0 0
0.584216 -0.078011 0.153750 0 0 0
0.584817 -0.076824 0.153722 0 0 0
0.585281 -0.075817 0.153667 0 0 0
0.585120 -0.074253 0.153139 0 0 0
0.586683 -0.073142 0.153628 0 0 0
0.587179 -0.072213 0.153621 255 0 0
0.587791 -0.071024 0.153596 0 0 0
0.588386 -0.069859 0.153571 0 0 0
0.588980 -0.068694 0.153545 255 0 0
0.589575 -0.067528 0.153520 255 0 0
0.590176 -0.066341 0.153492 255 0 0
0.590643 -0.065353 0.153444 0 0 0
0.590556 -0.063521 0.152873 0 0 0
0.591025 -0.062527 0.152825 0 0 0
0.591638 -0.061361 0.152791 0 0 0
0.592311 -0.060222 0.152747 0 0 0
0.592927 -0.059030 0.152716 0 0 0
0.593398 -0.058044 0.152666 0 0 0
0.593510 -0.056290 0.152046 0 0 0
0.593983 -0.055300 0.151996 0 0 0
0.594589 -0.054107 0.151967 0 0 0
0.595186 -0.052938 0.151942 0 0 0
0.595806 -0.051744 0.151911 0 0 0
0.596348 -0.050787 0.151847 0 0 0
0.596404 -0.048953 0.151240 0 0 0
0.596774 -0.048193 0.151217 0 0 0
0.598344 -0.046931 0.151767 0 0 0
0.598849 -0.045990 0.151762 0 0 0
0.599461 -0.044798 0.151737 0 0 0
0.600051 -0.043625 0.151713 0 0 0
0.600647 -0.042454 0.151688 0 0 0
0.601245 -0.041284 0.151662 0 0 0
0.601848 -0.040117 0.151635 0 0 0
0.602453 -0.038925 0.151608 0 0 0
0.602917 -0.037945 0.151566 0 0 0
0.602881 -0.036051 0.150974 0 0 0
0.603445 -0.035074 0.150908 0 0 0
0.604011 -0.034101 0.150843 0 0 0
0.603983 -0.032214 0.150246 0 0 0
0.604537 -0.031239 0.150183 0 0 0
0.605036 -0.030224 0.150131 0 0 0
0.605024 -0.028547 0.149562 0 0 0
0.606416 -0.027526 0.150074 0 0 0
0.606943 -0.026538 0.150075 0 0 0
0.607433 -0.025530 0.150029 0 0 0
0.607424 -0.023834 0.149460 0 0 0
0.608810 -0.022830 0.149971 0 0 0
0.609329 -0.021864 0.149975 0 0 0
0.609941 -0.020667 0.149951 0 0 0
0.610540 -0.019492 0.149925 0 0 0
0.611140 -0.018318 0.149899 0 0 0
0.611739 -0.017143 0.149874 0 0 0
0.612349 -0.015943 0.149846 0 0 0
0.612818 -0.014978 0.149806 0 0 0
0.612996 -0.013060 0.149163 0 0 0
0.613384 -0.012298 0.149152 0 0 0
0.614801 -0.011074 0.149716 0 0 0
0.615319 -0.010119 0.149719 0 0 0
0.615932 -0.008921 0.149695 0 0 0
0.616531 -0.007747 0.149669 0 0 0
0.617130 -0.006573 0.149644 0 0 0
0.617736 -0.005366 0.149622 0 0 0
0.618196 -0.004359 0.149643 0 0 0
0.619652 -0.003237 0.150187 0 0 0
0.620172 -0.002275 0.150192 0 0 0
0.620811 -0.001052 0.150163 0 0 0
0.621354 -0.000128 0.150108 0 0 0
0.621354 0.001869 0.149500 0 0 0
0.621896 0.002797 0.149445 0 0 0
0.622534 0.004025 0.149412 0 0 0
0.623010 0.004986 0.149373 0 0 0
0.623099 0.006961 0.148744 0 0 0
0.623671 0.007920 0.148684 0 0 0
0.624243 0.008875 0.148624 0 0 0
0.624257 0.010929 0.148019 0 0 0
0.624668 0.011697 0.148012 0 0 0
0.626232 0.012784 0.148523 0 0 0
0.626642 0.013545 0.148516 0 0 0
0.626667 0.015631 0.147910 0 0 0
0.627233 0.016570 0.147851 0 0 0
0.627796 0.017507 0.147793 0 0 0
0.627812 0.019584 0.147183 0 0 0
0.628294 0.020552 0.147148 0 0 0
0.628907 0.021761 0.147121 0 0 0
0.629514 0.022929 0.147093 0 0 0
0.630189 0.024069 0.147047 0 0 0
0.630803 0.025263 0.147020 0 0 0
0.631341 0.026489 0.147012 0 0 0
0.631932 0.027683 0.146994 0 0 0
0.632481 0.028673 0.147001 0 0 0
0.633986 0.029666 0.147509 0 0 0
0.634525 0.030659 0.147517 0 0 0
0.635076 0.031902 0.147512 0 0 0
0.635639 0.033093 0.147500 0 0 0
0.636127 0.034126 0.147526 0 0 0
0.637614 0.035110 0.148033 0 0 0
0.638161 0.036097 0.148041 0 0 0
0.638746 0.037286 0.148024 0 0 0
0.639282 0.038511 0.148016 0 0 0
0.639878 0.039695 0.147992 0 0 0
0.640478 0.040870 0.147967 0 0 0
0.641097 0.042053 0.147937 0 0 0
0.641770 0.043185 0.147892 0 0 0
0.642374 0.044349 0.147864 0 0 0
0.642988 0.045553 0.147835 0 0 0
0.643464 0.046514 0.147793 0 0 0
0.643595 0.048594 0.147162 0 0 0
0.644145 0.049534 0.147111 0 0 0
0.644652 0.050515 0.147075 0 0 0
0.644689 0.052678 0.146459 0 0 0
0.645187 0.053638 0.146424 0 0 0
0.645875 0.054791 0.146375 0 0 0
0.646549 0.055918 0.146328 0 0 0
0.647165 0.057109 0.146300 0 0 0
0.647767 0.058289 0.146274 0 0 0
0.648370 0.059471 0.146248 0 0 0
0.648984 0.060680 0.146222 0 0 0
0.649462 0.061630 0.146191 0 0 0
0.649603 0.063768 0.145548 0 0 0
0.650088 0.064723 0.145516 0 0 0
0.650705 0.065931 0.145488 0 0 0
0.651329 0.067122 0.145458 0 0 0
0.652003 0.068259 0.145413 0 0 0
0.652620 0.069460 0.145384 0 0 0
0.653101 0.070413 0.145354 0 0 0
0.653164 0.072615 0.144732 0 0 0
0.653722 0.073555 0.144682 0 0 0
0.654227 0.074535 0.144648 0 0 0
0.654390 0.076712 0.144000 0 0 0
0.654876 0.077658 0.143969 0 0 0
0.655577 0.078840 0.143920 0 0 0
0.656217 0.080025 0.143885 0 0 0
0.656863 0.081155 0.143846 0 0 0
0.657502 0.082384 0.143816 0 0 0
0.657977 0.083304 0.143795 0 0 0
0.548326 -0.151580 0.155004 0 0 0
0.548789 -0.150730 0.154980 0 0 0
0.549399 -0.149529 0.154954 0 0 0
0.549998 -0.148347 0.154924 0 0 0
0.550462 -0.147293 0.154840 0 0 0
0.550305 -0.146053 0.154379 0 0 0
0.551870 -0.144629 0.154836 0 0 0
0.552221 -0.143833 0.154769 0 0 0
0.552087 -0.142550 0.154302 0 0 0
0.553675 -0.141172 0.154751 0 0 0
0.554081 -0.140395 0.154684 0 0 0
0.553979 -0.138810 0.154150 0 0 0
0.554457 -0.137733 0.154080 0 0 0
0.554929 -0.136802 0.154065 0 0 0
0.556717 -0.135393 0.154612 0 0 0
0.557175 -0.134461 0.154605 0 0 0
0.557702 -0.133241 0.154600 0 0 0
0.558287 -0.132081 0.154577 0 0 0
0.558882 -0.130917 0.154551 0 0 0
0.559475 -0.129754 0.154526 0 0 0
0.560068 -0.128592 0.154500 0 0 0
0.560663 -0.127430 0.154475 0 0 0
0.561262 -0.126269 0.154448 0 0 0
0.561871 -0.125079 0.154423 0 0 0
0.562358 -0.124160 0.154409 0 0 0
0.564099 -0.122828 0.154740 0 0 0
0.564581 -0.121863 0.154741 0 0 0
0.565084 -0.120798 0.154672 0 0 0
0.564976 -0.119222 0.154326 0 0 0
0.565502 -0.118194 0.154250 0 0 0
0.566110 -0.117014 0.154219 0 0 0
0.566703 -0.115852 0.154193 0 0 0
0.567296 -0.114689 0.154168 0 0 0
0.567891 -0.113525 0.154142 0 0 0
0.568473 -0.112367 0.154120 0 0 0
0.568995 -0.111143 0.154116 0 0 0
0.569460 -0.110200 0.154112 0 0 0
0.571115 -0.108825 0.154679 0 0 0
0.571508 -0.107883 0.154689 0 0 0
0.572113 -0.106621 0.154673 0 0 0
0.572509 -0.105679 0.154683 0 0 0
0.574244 -0.104326 0.155233 0 0 0
0.574534 -0.103634 0.155255 0 0 0
0.576187 -0.102220 0.155825 0 0 0
0.576657 -0.101313 0.155818 0 0 0
0.577263 -0.100130 0.155793 0 0 0
0.577853 -0.098974 0.155768 0 0 0
0.578443 -0.097818 0.155742 0 0 0
0.579031 -0.096663 0.155717 0 0 0
0.579614 -0.095485 0.155695 0 0 0
0.580142 -0.094323 0.155683 0 0 0
0.580806 -0.093177 0.155639 0 0 0
0.581267 -0.092181 0.155584 0 0 0
0.581162 -0.090435 0.155024 0 0 0
0.581635 -0.089467 0.154964 0 0 0
0.582320 -0.088290 0.154913 0 0 0
0.582791 -0.087297 0.154854 0 0 0
0.582783 -0.085588 0.154272 0 0 0
0.583268 -0.084616 0.154210 0 0 0
0.584035 -0.083462 0.154141 0 0 0
0.584521 -0.082496 0.154081 0 0 0
0.584429 -0.080719 0.153515 0 0 0
0.584969 -0.079749 0.153444 0 0 0
0.585583 -0.078590 0.153410 0 0 0
0.586177 -0.077423 0.153385 0 0 0
0.586781 -0.076284 0.153354 0 0 0
0.587448 -0.075132 0.153313 0 0 0
0.587956 -0.073935 0.153309 255 0 0
0.588453 -0.072738 0.153308 255 0 0
0.589040 -0.071557 0.153285 255 0 0
0.589632 -0.070395 0.153260 255 0 0
0.590225 -0.069232 0.153235 255 0 0
0.590819 -0.068069 0.153210 0 0 0
0.591412 -0.066904 0.153184 0 0 0
0.592017 -0.065766 0.153154 0 0 0
0.592689 -0.064632 0.153109 0 0 0
0.593293 -0.063467 0.153082 0 0 0
0.593886 -0.062305 0.153056 0 0 0
0.594479 -0.061142 0.153031 0 0 0
0.595082 -0.059956 0.153002 0 0 0
0.595549 -0.058976 0.152951 0 0 0
0.595663 -0.057224 0.152331 0 0 0
0.596132 -0.056240 0.152280 0 0 0
0.596736 -0.055053 0.152252 0 0 0
0.597352 -0.053862 0.152221 0 0 0
0.597893 -0.052912 0.152157 0 0 0
0.597861 -0.051085 0.151564 0 0 0
0.598476 -0.050158 0.151482 0 0 0
0.599100 -0.048977 0.151448 0 0 0
0.599601 -0.047771 0.151447 0 0 0
0.600101 -0.046568 0.151446 0 0 0
0.600704 -0.045383 0.151420 0 0 0
0.601378 -0.044250 0.151375 0 0 0
0.601985 -0.043102 0.151345 0 0 0
0.602562 -0.041936 0.151324 0 0 0
0.603080 -0.040728 0.151318 0 0 0
0.603682 -0.039542 0.151293 0 0 0
0.604364 -0.038430 0.151244 0 0 0
0.605050 -0.037289 0.151193 0 0 0
0.605529 -0.036312 0.151149 0 0 0
0.605493 -0.034413 0.150555 0 0 0
0.606046 -0.033465 0.150492 0 0 0
0.606747 -0.032276 0.150440 0 0 0
0.607226 -0.031314 0.150391 0 0 0
0.607214 -0.029637 0.149823 0 0 0
0.608603 -0.028617 0.150334 0 0 0
0.609129 -0.027637 0.150333 0 0 0
0.609621 -0.026638 0.150289 0 0 0
0.609608 -0.024944 0.149721 0 0 0
0.610999 -0.023943 0.150229 0 0 0
0.611494 -0.022990 0.150236 0 0 0
0.612031 -0.021755 0.150232 0 0 0
0.612623 -0.020572 0.150208 0 0 0
0.613219 -0.019403 0.150183 0 0 0
0.613815 -0.018233 0.150158 0 0 0
0.614412 -0.017063 0.150132 0 0 0
0.615009 -0.015893 0.150107 0 0 0
0.615608 -0.014725 0.150082 0 0 0
0.616205 -0.013554 0.150056 0 0 0
0.616800 -0.012383 0.150030 0 0 0
0.617396 -0.011213 0.150005 0 0 0
0.617992 -0.010043 0.149979 0 0 0
0.618589 -0.008874 0.149954 0 0 0
0.619186 -0.007703 0.149929 0 0 0
0.619796 -0.006512 0.149905 0 0 0
0.620315 -0.005552 0.149910 0 0 0
0.621772 -0.004433 0.150456 0 0 0
0.622251 -0.003405 0.150472 0 0 0
0.622799 -0.002456 0.150420 0 0 0
0.622795 -0.000463 0.149812 0 0 0
0.623335 0.000458 0.149756 0 0 0
0.623959 0.001656 0.149725 0 0 0
0.624584 0.002854 0.149694 0 0 0
0.625119 0.003774 0.149640 0 0 0
0.625243 0.005774 0.149001 0 0 0
0.625659 0.006483 0.148938 0 0 0
0.625678 0.008525 0.148322 0 0 0
0.626220 0.009447 0.148267 0 0 0
0.626842 0.010661 0.148238 0 0 0
0.627374 0.011883 0.148231 0 0 0
0.627968 0.013062 0.148206 0 0 0
0.628503 0.013977 0.148153 0 0 0
0.628626 0.016002 0.147515 0 0 0
0.629106 0.016950 0.147478 0 0 0
0.629789 0.018110 0.147431 0 0 0
0.630423 0.019299 0.147398 0 0 0
0.631073 0.020426 0.147358 0 0 0
0.631611 0.021636 0.147349 0 0 0
0.632206 0.022824 0.147325 0 0 0
0.632806 0.023998 0.147299 0 0 0
0.633425 0.025182 0.147270 0 0 0
0.634074 0.026309 0.147230 0 0 0
0.634607 0.027529 0.147222 0 0 0
0.635138 0.028762 0.147217 0 0 0
0.635712 0.029933 0.147197 0 0 0
0.636332 0.031125 0.147172 0 0 0
0.636880 0.032111 0.147182 0 0 0
0.638268 0.033151 0.147712 0 0 0
0.638749 0.034178 0.147742 0 0 0
0.639345 0.035384 0.147728 0 0 0
0.639894 0.036368 0.147737 0 0 0
0.641382 0.037333 0.148241 0 0 0
0.641927 0.038312 0.148250 0 0 0
0.642549 0.039529 0.148226 0 0 0
0.643021 0.040471 0.148194 0 0 0
0.643042 0.042617 0.147580 0 0 0
0.643516 0.043563 0.147548 0 0 0
0.644139 0.044791 0.147519 0 0 0
0.644614 0.045740 0.147486 0 0 0
0.644833 0.047775 0.146831 0 0 0
0.645307 0.048740 0.146790 0 0 0
0.645940 0.049935 0.146756 0 0 0
0.646696 0.051051 0.146689 0 0 0
0.647187 0.051991 0.146653 0 0 0
0.647239 0.054157 0.146033 0 0 0
0.647729 0.055113 0.145999 0 0 0
0.648413 0.056274 0.145952 0 0 0
0.649017 0.057443 0.145924 0 0 0
0.649619 0.058624 0.145899 0 0 0
0.650220 0.059804 0.145873 0 0 0
0.650825 0.060974 0.145846 0 0 0
0.651496 0.062107 0.145800 0 0 0
0.652118 0.063291 0.145770 0 0 0
0.652731 0.064497 0.145744 0 0 0
0.653208 0.065441 0.145713 0 0 0
0.653258 0.067647 0.145093 0 0 0
0.653737 0.068597 0.145063 0 0 0
0.654353 0.069796 0.145035 0 0 0
0.655025 0.070931 0.144989 0 0 0
0.655649 0.072117 0.144959 0 0 0
0.656288 0.073329 0.144926 0 0 0
0.656831 0.074240 0.144869 0 0 0
0.657102 0.076371 0.144200 0 0 0
0.657447 0.077087 0.144170 0 0 0
0.657532 0.079343 0.143543 0 0 0
0.658010 0.080296 0.143515 0 0 0
0.658646 0.081517 0.143484 0 0 0
0.659332 0.082675 0.143436 0 0 0
0.659877 0.083580 0.143387 0 0 0
0.659958 0.085531 0.142740 0 0 0
0.549770 -0.152021 0.154661 0 0 0
0.550221 -0.151157 0.154641 0 0 0
0.550831 -0.149962 0.154615 0 0 0
0.551424 -0.148799 0.154589 0 0 0
0.552036 -0.147673 0.154556 0 0 0
0.552768 -0.146517 0.154502 0 0 0
0.553309 -0.145366 0.154486 0 0 0
0.553909 -0.144236 0.154455 0 0 0
0.554563 -0.143068 0.154418 0 0 0
0.555084 -0.141881 0.154410 0 0 0
0.555683 -0.140751 0.154380 0 0 0
0.556343 -0.139613 0.154339 0 0 0
0.556861 -0.138426 0.154332 0 0 0
0.557513 -0.137233 0.154298 0 0 0
0.558037 -0.136079 0.154286 0 0 0
0.558624 -0.134921 0.154261 0 0 0
0.559222 -0.133762 0.154235 0 0 0
0.559815 -0.132601 0.154209 0 0 0
0.560406 -0.131440 0.154184 0 0 0
0.560992 -0.130278 0.154160 0 0 0
0.561582 -0.129115 0.154136 0 0 0
0.562174 -0.127954 0.154110 0 0 0
0.562767 -0.126793 0.154085 0 0 0
0.563347 -0.125634 0.154063 0 0 0
0.563873 -0.124437 0.154075 0 0 0
0.564394 -0.123173 0.154241 0 0 0
0.564944 -0.122052 0.154247 0 0 0
0.565525 -0.120917 0.154191 0 0 0
0.566190 -0.119797 0.153987 0 0 0
0.566806 -0.118615 0.153936 0 0 0
0.567398 -0.117458 0.153910 0 0 0
0.567990 -0.116297 0.153885 0 0 0
0.568582 -0.115136 0.153860 0 0 0
0.569188 -0.113948 0.153834 0 0 0
0.569658 -0.113034 0.153825 0 0 0
0.571329 -0.111634 0.154393 0 0 0
0.571806 -0.110689 0.154388 0 0 0
0.572214 -0.109721 0.154399 0 0 0
0.573971 -0.108392 0.154942 0 0 0
0.574436 -0.107488 0.154933 0 0 0
0.575039 -0.106254 0.154915 0 0 0
0.575445 -0.105306 0.154924 0 0 0
0.577100 -0.104040 0.155307 0 0 0
0.577444 -0.102994 0.155488 0 0 0
0.578038 -0.101806 0.155488 0 0 0
0.578632 -0.100653 0.155464 0 0 0
0.579221 -0.099501 0.155439 0 0 0
0.579810 -0.098347 0.155414 0 0 0
0.580400 -0.097193 0.155388 0 0 0
0.580976 -0.096043 0.155366 0 0 0
0.581492 -0.094859 0.155359 0 0 0
0.582077 -0.093681 0.155336 0 0 0
0.582752 -0.092580 0.155288 0 0 0
0.583435 -0.091478 0.155238 0 0 0
0.584034 -0.090322 0.155211 0 0 0
0.584629 -0.089147 0.155183 0 0 0
0.585087 -0.088160 0.155128 0 0 0
0.585104 -0.086433 0.154535 0 0 0
0.585505 -0.085636 0.154437 0 0 0
0.585427 -0.083870 0.153862 0 0 0
0.585908 -0.082883 0.153799 0 0 0
0.586445 -0.081902 0.153723 0 0 0
0.586469 -0.080174 0.153131 0 0 0
0.586936 -0.079181 0.153077 0 0 0
0.587535 -0.077999 0.153049 0 0 0
0.588126 -0.076836 0.153024 255 0 0
0.588729 -0.075650 0.153001 255 0 0
0.589217 -0.074730 0.152994 255 0 0
0.590820 -0.073432 0.153555 255 0 0
0.591299 -0.072511 0.153551 255 0 0
0.591904 -0.071326 0.153527 255 0 0
0.592495 -0.070168 0.153502 0 0 0
0.593086 -0.069010 0.153476 0 0 0
0.593677 -0.067851 0.153451 0 0 0
0.594268 -0.066693 0.153426 0 0 0
0.594858 -0.065534 0.153401 0 0 0
0.595449 -0.064376 0.153376 0 0 0
0.596040 -0.063218 0.153350 0 0 0
0.596631 -0.062059 0.153325 0 0 0
0.597231 -0.060876 0.153297 0 0 0
0.597687 -0.059909 0.153247 0 0 0
0.597807 -0.058152 0.152624 0 0 0
0.598273 -0.057175 0.152573 0 0 0
0.598886 -0.055969 0.152541 0 0 0
0.599351 -0.054997 0.152492 0 0 0
0.599398 -0.053180 0.151880 0 0 0
0.599809 -0.052418 0.151797 0 0 0
0.599856 -0.050570 0.151184 0 0 0
0.600340 -0.049567 0.151139 0 0 0
0.600850 -0.048610 0.151131 0 0 0
0.602516 -0.047401 0.151661 0 0 0
0.602882 -0.046658 0.151639 0 0 0
0.602837 -0.044741 0.151053 0 0 0
0.603319 -0.043744 0.151010 0 0 0
0.603826 -0.042782 0.151005 0 0 0
0.605471 -0.041581 0.151536 0 0 0
0.605841 -0.040843 0.151515 0 0 0
0.605823 -0.038911 0.150922 0 0 0
0.606359 -0.037968 0.150862 0 0 0
0.606980 -0.036819 0.150826 0 0 0
0.607657 -0.035662 0.150778 0 0 0
0.608152 -0.034674 0.150719 0 0 0
0.608186 -0.032809 0.150118 0 0 0
0.608664 -0.031860 0.150071 0 0 0
0.609342 -0.030691 0.150026 0 0 0
0.609876 -0.029477 0.150018 0 0 0
0.610432 -0.028317 0.150001 0 0 0
0.610960 -0.027125 0.149992 0 0 0
0.611622 -0.025967 0.149951 0 0 0
0.612171 -0.024732 0.149944 0 0 0
0.612659 -0.023788 0.149949 0 0 0
0.614178 -0.022619 0.150496 0 0 0
0.614684 -0.021673 0.150499 0 0 0
0.615292 -0.020485 0.150475 0 0 0
0.615886 -0.019320 0.150450 0 0 0
0.616481 -0.018154 0.150424 0 0 0
0.617075 -0.016989 0.150399 0 0 0
0.617669 -0.015824 0.150373 0 0 0
0.618263 -0.014658 0.150348 0 0 0
0.618858 -0.013493 0.150323 0 0 0
0.619452 -0.012328 0.150297 0 0 0
0.620046 -0.011162 0.150272 0 0 0
0.620641 -0.009997 0.150247 0 0 0
0.621235 -0.008832 0.150221 0 0 0
0.621829 -0.007667 0.150196 0 0 0
0.622431 -0.006468 0.150175 0 0 0
0.622890 -0.005470 0.150199 0 0 0
0.624294 -0.004586 0.150693 0 0 0
0.624235 -0.002791 0.150133 0 0 0
0.624789 -0.001866 0.150072 0 0 0
0.625490 -0.000711 0.150021 0 0 0
0.626096 0.000462 0.149990 0 0 0
0.626572 0.001428 0.149940 0 0 0
0.626669 0.003409 0.149316 0 0 0
0.627071 0.004112 0.149256 0 0 0
0.627100 0.006165 0.148638 0 0 0
0.627659 0.007086 0.148580 0 0 0
0.628365 0.008246 0.148528 0 0 0
0.628941 0.009391 0.148505 0 0 0
0.629484 0.010616 0.148496 0 0 0
0.630154 0.011754 0.148452 0 0 0
0.630766 0.012932 0.148421 0 0 0
0.631239 0.013883 0.148386 0 0 0
0.631334 0.015912 0.147753 0 0 0
0.631827 0.016889 0.147712 0 0 0
0.632382 0.017834 0.147655 0 0 0
0.632354 0.019709 0.147093 0 0 0
0.633741 0.020527 0.147575 0 0 0
0.634287 0.021505 0.147585 0 0 0
0.634908 0.022722 0.147560 0 0 0
0.635381 0.023677 0.147525 0 0 0
0.635353 0.025586 0.146966 0 0 0
0.636728 0.026387 0.147446 0 0 0
0.637250 0.027362 0.147464 0 0 0
0.637794 0.028602 0.147459 0 0 0
0.638400 0.029801 0.147438 0 0 0
0.638940 0.030778 0.147451 0 0 0
0.640345 0.031803 0.147978 0 0 0
0.640887 0.032780 0.147988 0 0 0
0.641468 0.033961 0.147972 0 0 0
0.641993 0.035190 0.147966 0 0 0
0.642519 0.036417 0.147961 0 0 0
0.643087 0.037581 0.147942 0 0 0
0.643685 0.038755 0.147917 0 0 0
0.644285 0.039909 0.147889 0 0 0
0.644976 0.041039 0.147839 0 0 0
0.645660 0.042173 0.147791 0 0 0
0.646274 0.043354 0.147760 0 0 0
0.646747 0.044307 0.147717 0 0 0
0.646967 0.046340 0.147061 0 0 0
0.647449 0.047314 0.147027 0 0 0
0.647930 0.048282 0.146995 0 0 0
0.647991 0.050449 0.146370 0 0 0
0.648533 0.051340 0.146319 0 0 0
0.649228 0.052514 0.146270 0 0 0
0.649719 0.053461 0.146235 0 0 0
0.649773 0.055632 0.145612 0 0 0
0.650248 0.056576 0.145581 0 0 0
0.650860 0.057780 0.145554 0 0 0
0.651460 0.058957 0.145529 0 0 0
0.652060 0.060135 0.145503 0 0 0
0.652655 0.061315 0.145479 0 0 0
0.653253 0.062493 0.145454 0 0 0
0.653853 0.063671 0.145428 0 0 0
0.654456 0.064837 0.145401 0 0 0
0.655127 0.065967 0.145355 0 0 0
0.655749 0.067148 0.145325 0 0 0
0.656371 0.068330 0.145295 0 0 0
0.657043 0.069458 0.145249 0 0 0
0.657658 0.070653 0.145221 0 0 0
0.658135 0.071596 0.145190 0 0 0
0.658081 0.073614 0.144561 0 0 0
0.658211 0.075510 0.143895 0 0 0
0.658688 0.076461 0.143853 0 0 0
0.659397 0.077627 0.143800 0 0 0
0.660102 0.078795 0.143750 0 0 0
0.660579 0.079730 0.143720 0 0 0
0.660685 0.081968 0.143085 0 0 0
0.661243 0.082898 0.143037 0 0 0
0.661792 0.083785 0.142995 0 0 0
0.552804 -0.151461 0.154900 0 0 0
0.553318 -0.150618 0.154865 0 0 0
0.553953 -0.149452 0.154826 0 0 0
0.554403 -0.148405 0.154755 0 0 0
0.554255 -0.146866 0.154233 0 0 0
0.554713 -0.145822 0.154159 0 0 0
0.555306 -0.144644 0.154130 0 0 0
0.555893 -0.143485 0.154106 0 0 0
0.556489 -0.142328 0.154079 0 0 0
0.557096 -0.141139 0.154055 0 0 0
0.557554 -0.140232 0.154046 0 0 0
0.559207 -0.138925 0.154523 0 0 0
0.558983 -0.137609 0.154036 0 0 0
0.559439 -0.136556 0.153957 0 0 0
0.560035 -0.135379 0.153928 0 0 0
0.560626 -0.134220 0.153903 0 0 0
0.561216 -0.133062 0.153877 0 0 0
0.561815 -0.131905 0.153851 0 0 0
0.562484 -0.130767 0.153808 0 0 0
0.563087 -0.129637 0.153777 0 0 0
0.563677 -0.128475 0.153752 0 0 0
0.564283 -0.127289 0.153727 0 0 0
0.564756 -0.126384 0.153715 0 0 0
0.566420 -0.124964 0.154278 0 0 0
0.566897 -0.124056 0.154278 0 0 0
0.567500 -0.122872 0.154255 0 0 0
0.568090 -0.121716 0.154229 0 0 0
0.568681 -0.120560 0.154204 0 0 0
0.569277 -0.119406 0.154177 0 0 0
0.569871 -0.118251 0.154151 0 0 0
0.570462 -0.117070 0.154130 0 0 0
0.570851 -0.116150 0.154139 0 0 0
0.572506 -0.114716 0.154716 0 0 0
0.572968 -0.113813 0.154707 0 0 0
0.573573 -0.112631 0.154682 0 0 0
0.574147 -0.111482 0.154659 0 0 0
0.574650 -0.110275 0.154657 0 0 0
0.575144 -0.109065 0.154657 0 0 0
0.575727 -0.107919 0.154632 0 0 0
0.576392 -0.106788 0.154591 0 0 0
0.577020 -0.105627 0.154580 0 0 0
0.577441 -0.104604 0.154738 0 0 0
0.579132 -0.103399 0.154923 0 0 0
0.579580 -0.102493 0.154951 0 0 0
0.580099 -0.101244 0.155091 0 0 0
0.580692 -0.100077 0.155084 0 0 0
0.581278 -0.098926 0.155060 0 0 0
0.581881 -0.097750 0.155036 0 0 0
0.582370 -0.096843 0.155026 0 0 0
0.584074 -0.095561 0.155361 0 0 0
0.584446 -0.094769 0.155331 0 0 0
0.584352 -0.093047 0.154966 0 0 0
0.584795 -0.092038 0.154915 0 0 0
0.585387 -0.090866 0.154887 0 0 0
0.585975 -0.089712 0.154862 0 0 0
0.586585 -0.088567 0.154827 0 0 0
0.587117 -0.087610 0.154756 0 0 0
0.587057 -0.085878 0.154179 0 0 0
0.587679 -0.084903 0.154090 0 0 0
0.588158 -0.084049 0.154059 0 0 0
0.589355 -0.079787 0.153343 0 0 0
0.589790 -0.078935 0.153324 255 0 0
0.590411 -0.077738 0.153296 255 0 0
0.591080 -0.076589 0.153257 255 0 0
0.591493 -0.075662 0.153266 255 0 0
0.593086 -0.074345 0.153833 255 0 0
0.593563 -0.073432 0.153828 255 0 0
0.594169 -0.072253 0.153803 0 0 0
0.594763 -0.071102 0.153776 0 0 0
0.595347 -0.069947 0.153752 0 0 0
0.595941 -0.068795 0.153726 0 0 0
0.596532 -0.067643 0.153700 0 0 0
0.597120 -0.066490 0.153675 0 0 0
0.597709 -0.065336 0.153650 0 0 0
0.598297 -0.064182 0.153625 0 0 0
0.598885 -0.063029 0.153600 0 0 0
0.599474 -0.061875 0.153574 0 0 0
0.600063 -0.060722 0.153549 0 0 0
0.600661 -0.059545 0.153522 0 0 0
0.601119 -0.058580 0.153475 255 0 0
0.601147 -0.056738 0.152867 255 0 0
0.601477 -0.055966 0.152797 0 0 0
0.601612 -0.054151 0.152162 0 0 0
0.601945 -0.053377 0.152093 0 0 0
0.602081 -0.051574 0.151459 0 0 0
0.602548 -0.050604 0.151409 0 0 0
0.603144 -0.049405 0.151384 0 0 0
0.603657 -0.048200 0.151379 0 0 0
0.604252 -0.047068 0.151350 0 0 0
0.605011 -0.045970 0.151285 0 0 0
0.605623 -0.044833 0.151253 0 0 0
0.606201 -0.043654 0.151232 0 0 0
0.606714 -0.042447 0.151227 0 0 0
0.607307 -0.041288 0.151199 0 0 0
0.607847 -0.040356 0.151138 0 0 0
0.607815 -0.038446 0.150541 0 0 0
0.608293 -0.037476 0.150496 0 0 0
0.608980 -0.036297 0.150447 0 0 0
0.609455 -0.035356 0.150400 0 0 0
0.609487 -0.033489 0.149798 0 0 0
0.609970 -0.032502 0.149741 0 0 0
0.610569 -0.031314 0.149713 0 0 0
0.611183 -0.030129 0.149688 0 0 0
0.611689 -0.029186 0.149687 0 0 0
0.613309 -0.028052 0.150216 0 0 0
0.613814 -0.027110 0.150215 0 0 0
0.614410 -0.025907 0.150198 0 0 0
0.614844 -0.024920 0.150219 0 0 0
0.616328 -0.023744 0.150776 0 0 0
0.616760 -0.022761 0.150796 0 0 0
0.617360 -0.021563 0.150775 0 0 0
0.617951 -0.020403 0.150749 0 0 0
0.618543 -0.019243 0.150724 0 0 0
0.619135 -0.018083 0.150699 0 0 0
0.619742 -0.016919 0.150671 0 0 0
0.620417 -0.015797 0.150625 0 0 0
0.621017 -0.014657 0.150595 0 0 0
0.621609 -0.013494 0.150570 0 0 0
0.622203 -0.012332 0.150545 0 0 0
0.622769 -0.011179 0.150525 0 0 0
0.623301 -0.009966 0.150517 0 0 0
0.623970 -0.008833 0.150473 0 0 0
0.624568 -0.007694 0.150444 0 0 0
0.625154 -0.006519 0.150421 0 0 0
0.625676 -0.005327 0.150413 0 0 0
0.626329 -0.004182 0.150372 0 0 0
0.626809 -0.003235 0.150332 0 0 0
0.626807 -0.001206 0.149722 0 0 0
0.627357 -0.000271 0.149665 0 0 0
0.627836 0.000684 0.149624 0 0 0
0.627935 0.002659 0.149000 0 0 0
0.628487 0.003572 0.148930 0 0 0
0.629182 0.004731 0.148877 0 0 0
0.629664 0.005683 0.148838 0 0 0
0.629670 0.007753 0.148232 0 0 0
0.630078 0.008503 0.148229 0 0 0
0.631496 0.009367 0.148714 0 0 0
0.631441 0.011232 0.148155 0 0 0
0.631910 0.012189 0.148118 0 0 0
0.632521 0.013365 0.148088 0 0 0
0.633226 0.014521 0.148036 0 0 0
0.633784 0.015431 0.147979 0 0 0
0.633795 0.017479 0.147362 0 0 0
0.634331 0.018396 0.147310 0 0 0
0.634889 0.019646 0.147298 0 0 0
0.635459 0.020809 0.147278 0 0 0
0.636058 0.021982 0.147253 0 0 0
0.636658 0.023136 0.147225 0 0 0
0.637327 0.024272 0.147181 0 0 0
0.637886 0.025514 0.147172 0 0 0
0.638397 0.026482 0.147188 0 0 0
0.639810 0.027525 0.147719 0 0 0
0.640344 0.028485 0.147731 0 0 0
0.640948 0.029681 0.147710 0 0 0
0.641477 0.030899 0.147703 0 0 0
0.642057 0.032078 0.147686 0 0 0
0.642601 0.033051 0.147696 0 0 0
0.644093 0.034017 0.148203 0 0 0
0.644627 0.034988 0.148214 0 0 0
0.645236 0.036172 0.148191 0 0 0
0.645834 0.037334 0.148164 0 0 0
0.646437 0.038528 0.148137 0 0 0
0.646905 0.039473 0.148094 0 0 0
0.647030 0.041550 0.147461 0 0 0
0.647505 0.042517 0.147429 0 0 0
0.647976 0.043484 0.147398 0 0 0
0.648105 0.045571 0.146763 0 0 0
0.648595 0.046528 0.146717 0 0 0
0.649292 0.047695 0.146666 0 0 0
0.649835 0.048577 0.146614 0 0 0
0.649925 0.050743 0.145981 0 0 0
0.650460 0.051644 0.145932 0 0 0
0.651072 0.052824 0.145902 0 0 0
0.651744 0.053952 0.145857 0 0 0
0.652366 0.055126 0.145826 0 0 0
0.652961 0.056299 0.145801 0 0 0
0.653564 0.057468 0.145774 0 0 0
0.654162 0.058639 0.145749 0 0 0
0.654760 0.059811 0.145723 0 0 0
0.655358 0.060984 0.145698 0 0 0
0.655956 0.062156 0.145672 0 0 0
0.656554 0.063328 0.145647 0 0 0
0.657152 0.064501 0.145621 0 0 0
0.657761 0.065702 0.145595 0 0 0
0.658233 0.066634 0.145565 0 0 0
0.658282 0.068851 0.144941 0 0 0
0.658755 0.069790 0.144912 0 0 0
0.659384 0.071007 0.144881 0 0 0
0.659929 0.071900 0.144831 0 0 0
0.660188 0.074021 0.144154 0 0 0
0.660706 0.074997 0.144115 0 0 0
0.661264 0.075913 0.144065 0 0 0
0.661355 0.078141 0.143431 0 0 0
0.661912 0.079056 0.143381 0 0 0
0.662469 0.079970 0.143331 0 0 0
0.662567 0.082216 0.142696 0 0 0
0.663043 0.083151 0.142667 0 0 0
0.663769 0.084350 0.142614 0 0 0
0.664331 0.085219 0.142570 0 0 0
0.554788 -0.150733 0.154553 0 0 0
0.555239 -0.149874 0.154532 0 0 0
0.555869 -0.148722 0.154496 0 0 0
0.556619 -0.147598 0.154437 0 0 0
0.557234 -0.146482 0.154402 0 0 0
0.557822 -0.145328 0.154377 0 0 0
0.558405 -0.144172 0.154353 0 0 0
0.558998 -0.143018 0.154327 0 0 0
0.559588 -0.141866 0.154301 0 0 0
0.560157 -0.140691 0.154282 0 0 0
0.560598 -0.139510 0.154289 0 0 0
0.561320 -0.138373 0.154238 0 0 0
0.561850 -0.137227 0.154223 0 0 0
0.562507 -0.136061 0.154185 0 0 0
0.563116 -0.134944 0.154152 0 0 0
0.563712 -0.133770 0.154122 0 0 0
0.564164 -0.132748 0.154055 0 0 0
0.564039 -0.131151 0.153516 0 0 0
0.564570 -0.130144 0.153432 0 0 0
0.565184 -0.129000 0.153395 0 0 0
0.565787 -0.127815 0.153372 0 0 0
0.566271 -0.126904 0.153370 0 0 0
0.567805 -0.125440 0.153954 0 0 0
0.568293 -0.124535 0.153951 0 0 0
0.568896 -0.123355 0.153927 0 0 0
0.569487 -0.122201 0.153901 0 0 0
0.570064 -0.121051 0.153879 0 0 0
0.570564 -0.119863 0.153875 0 0 0
0.571160 -0.118659 0.153854 0 0 0
0.571621 -0.117756 0.153846 0 0 0
0.573390 -0.116389 0.154395 0 0 0
0.573775 -0.115462 0.154404 0 0 0
0.574359 -0.114284 0.154384 0 0 0
0.574968 -0.113106 0.154358 0 0 0
0.575450 -0.112202 0.154346 0 0 0
0.577172 -0.110907 0.154672 0 0 0
0.577648 -0.109955 0.154677 0 0 0
0.578141 -0.108917 0.154619 0 0 0
0.578025 -0.107265 0.154266 0 0 0
0.578469 -0.106247 0.154212 0 0 0
0.579070 -0.105061 0.154201 0 0 0
0.579594 -0.103813 0.154341 0 0 0
0.580042 -0.102907 0.154369 0 0 0
0.581767 -0.101673 0.154528 0 0 0
0.582252 -0.100735 0.154527 0 0 0
0.582858 -0.099560 0.154498 0 0 0
0.583404 -0.098447 0.154503 0 0 0
0.583921 -0.097207 0.154664 0 0 0
0.584434 -0.095957 0.154837 0 0 0
0.584965 -0.094887 0.154816 0 0 0
0.585650 -0.093775 0.154615 0 0 0
0.586266 -0.092610 0.154564 0 0 0
0.586852 -0.091464 0.154538 0 0 0
0.587438 -0.090314 0.154513 0 0 0
0.588023 -0.089161 0.154488 0 0 0
0.588626 -0.088019 0.154454 0 0 0
0.589182 -0.087046 0.154364 0 0 0
0.589168 -0.085340 0.153790 0 0 0
0.589641 -0.084398 0.153729 0 0 0
0.590324 -0.083253 0.153680 0 0 0
0.590915 -0.082098 0.153655 0 0 0
0.591506 -0.080947 0.153628 255 0 0
0.592101 -0.079775 0.153600 0 0 0
0.592554 -0.078787 0.153544 255 0 0
0.592370 -0.077222 0.153016 255 0 0
0.593926 -0.076107 0.153512 255 0 0
0.594335 -0.075161 0.153526 255 0 0
0.594922 -0.073987 0.153505 0 0 0
0.595494 -0.072840 0.153483 0 0 0
0.596009 -0.071645 0.153477 0 0 0
0.596657 -0.070511 0.153439 0 0 0
0.597170 -0.069345 0.153429 0 0 0
0.597749 -0.068174 0.153408 0 0 0
0.598335 -0.067023 0.153383 0 0 0
0.598923 -0.065872 0.153358 0 0 0
0.599510 -0.064721 0.153333 0 0 0
0.600097 -0.063569 0.153307 0 0 0
0.600684 -0.062418 0.153282 0 0 0
0.601272 -0.061266 0.153257 255 0 0
0.601859 -0.060113 0.153232 255 0 0
0.602470 -0.058987 0.153199 255 0 0
0.603237 -0.057874 0.153132 0 0 0
0.603716 -0.056939 0.153078 0 0 0
0.603734 -0.055119 0.152473 0 0 0
0.604216 -0.054135 0.152417 255 0 0
0.604777 -0.053159 0.152333 255 0 0
0.604913 -0.051419 0.151710 255 0 0
0.605367 -0.050465 0.151662 255 0 0
0.605974 -0.049259 0.151631 255 0 0
0.606427 -0.048296 0.151589 0 0 0
0.606360 -0.046400 0.151001 255 0 0
0.606834 -0.045434 0.150954 0 0 0
0.607516 -0.044288 0.150906 0 0 0
0.608117 -0.043151 0.150876 0 0 0
0.608708 -0.041986 0.150851 0 0 0
0.609303 -0.040846 0.150823 0 0 0
0.609982 -0.039698 0.150776 0 0 0
0.610458 -0.038739 0.150731 0 0 0
0.610410 -0.036817 0.150136 0 0 0
0.610881 -0.035876 0.150089 0 0 0
0.611556 -0.034723 0.150043 0 0 0
0.612162 -0.033559 0.150015 0 0 0
0.612754 -0.032400 0.149990 0 0 0
0.613345 -0.031241 0.149965 0 0 0
0.613931 -0.030066 0.149942 0 0 0
0.614446 -0.028860 0.149937 0 0 0
0.615029 -0.027683 0.149918 0 0 0
0.615532 -0.026739 0.149918 0 0 0
0.617058 -0.025525 0.150477 0 0 0
0.617404 -0.024783 0.150518 0 0 0
0.618986 -0.023652 0.151059 0 0 0
0.619431 -0.022673 0.151075 0 0 0
0.620089 -0.021524 0.151039 0 0 0
0.620606 -0.020344 0.151030 0 0 0
0.621219 -0.019142 0.151001 0 0 0
0.621754 -0.018238 0.150944 0 0 0
0.621720 -0.016265 0.150340 0 0 0
0.622182 -0.015318 0.150301 0 0 0
0.622782 -0.014134 0.150274 0 0 0
0.623388 -0.012955 0.150250 0 0 0
0.623906 -0.012009 0.150255 0 0 0
0.625359 -0.011122 0.150744 0 0 0
0.625265 -0.009319 0.150190 0 0 0
0.625726 -0.008368 0.150150 0 0 0
0.626327 -0.007186 0.150122 0 0 0
0.626940 -0.006027 0.150092 0 0 0
0.627601 -0.004902 0.150049 0 0 0
0.628217 -0.003752 0.150015 0 0 0
0.628754 -0.002850 0.149960 0 0 0
0.628780 -0.000818 0.149342 0 0 0
0.629337 0.000095 0.149281 0 0 0
0.629883 0.001010 0.149223 0 0 0
0.629911 0.003055 0.148605 0 0 0
0.630446 0.003964 0.148551 0 0 0
0.631065 0.005121 0.148517 0 0 0
0.631710 0.006237 0.148477 0 0 0
0.632242 0.007464 0.148470 0 0 0
0.632780 0.008672 0.148459 0 0 0
0.633508 0.009746 0.148399 0 0 0
0.634126 0.010895 0.148366 0 0 0
0.634729 0.012086 0.148339 0 0 0
0.635195 0.013025 0.148305 0 0 0
0.635193 0.015089 0.147691 0 0 0
0.635731 0.015990 0.147637 0 0 0
0.636356 0.017187 0.147606 0 0 0
0.636951 0.018351 0.147580 0 0 0
0.637545 0.019516 0.147555 0 0 0
0.638139 0.020681 0.147530 0 0 0
0.638734 0.021847 0.147504 0 0 0
0.639342 0.023032 0.147481 0 0 0
0.639875 0.023989 0.147493 0 0 0
0.641292 0.025032 0.148026 0 0 0
0.641824 0.025996 0.148036 0 0 0
0.642430 0.027177 0.148012 0 0 0
0.643023 0.028340 0.147987 0 0 0
0.643618 0.029505 0.147962 0 0 0
0.644180 0.030661 0.147943 0 0 0
0.644699 0.031883 0.147938 0 0 0
0.645238 0.033110 0.147929 0 0 0
0.645881 0.034222 0.147890 0 0 0
0.646451 0.035367 0.147869 0 0 0
0.646995 0.036588 0.147858 0 0 0
0.647671 0.037739 0.147813 0 0 0
0.648131 0.038659 0.147780 0 0 0
0.648262 0.040733 0.147145 0 0 0
0.648751 0.041685 0.147097 0 0 0
0.649435 0.042820 0.147046 0 0 0
0.650117 0.043967 0.146978 0 0 0
0.650705 0.044922 0.146770 0 0 0
0.650734 0.046991 0.146315 0 0 0
0.651212 0.047957 0.146282 0 0 0
0.651757 0.048870 0.146231 0 0 0
0.651850 0.051039 0.145596 0 0 0
0.652383 0.051935 0.145548 0 0 0
0.652965 0.053120 0.145526 0 0 0
0.653521 0.054345 0.145514 0 0 0
0.654153 0.055472 0.145478 0 0 0
0.654693 0.056679 0.145467 0 0 0
0.655285 0.057856 0.145443 0 0 0
0.655881 0.059025 0.145418 0 0 0
0.656478 0.060195 0.145392 0 0 0
0.657075 0.061365 0.145367 0 0 0
0.657671 0.062535 0.145341 0 0 0
0.658268 0.063705 0.145316 0 0 0
0.658865 0.064877 0.145291 0 0 0
0.659464 0.066034 0.145263 0 0 0
0.660158 0.067161 0.145213 0 0 0
0.660853 0.068287 0.145162 0 0 0
0.661463 0.069473 0.145134 0 0 0
0.661932 0.070402 0.145104 0 0 0
0.662089 0.072605 0.144452 0 0 0
0.662445 0.073299 0.144417 0 0 0
0.662629 0.075519 0.143758 0 0 0
0.663041 0.076175 0.143708 0 0 0
0.663239 0.078387 0.143047 0 0 0
0.663713 0.079316 0.143016 0 0 0
0.664417 0.080479 0.142965 0 0 0
0.665125 0.081640 0.142914 0 0 0
0.665599 0.082564 0.142884 0 0 0
0.665694 0.084841 0.142251 0 0 0
0.666084 0.085457 0.142213 0 0 0
0.557226 -0.151329 0.154830 0 0 0
0.557660 -0.150471 0.154808 0 0 0
0.558130 -0.149402 0.154727 0 0 0
0.558076 -0.147916 0.154186 0 0 0
0.558526 -0.146878 0.154112 0 0 0
0.559125 -0.145708 0.154081 0 0 0
0.559786 -0.144578 0.154040 0 0 0
0.560303 -0.143431 0.154027 0 0 0
0.560898 -0.142224 0.154007 0 0 0
0.561357 -0.141331 0.153997 0 0 0
0.562997 -0.140005 0.154466 0 0 0
0.562699 -0.138949 0.154027 0 0 0
0.564218 -0.137711 0.154392 0 0 0
0.564040 -0.136446 0.153918 0 0 0
0.564411 -0.135390 0.153856 0 0 0
0.564992 -0.134190 0.153831 0 0 0
0.565611 -0.133057 0.153792 0 0 0
0.566217 -0.132073 0.153691 0 0 0
0.566115 -0.130507 0.153143 0 0 0
0.566568 -0.129483 0.153076 0 0 0
0.567175 -0.128281 0.153049 0 0 0
0.567650 -0.127376 0.153049 0 0 0
0.569310 -0.125964 0.153615 0 0 0
0.569696 -0.125040 0.153623 0 0 0
0.570286 -0.123834 0.153604 0 0 0
0.570889 -0.122655 0.153579 0 0 0
0.571350 -0.121761 0.153570 0 0 0
0.573124 -0.120396 0.154120 0 0 0
0.573585 -0.119505 0.154111 0 0 0
0.574172 -0.118313 0.154091 0 0 0
0.574587 -0.117097 0.154106 0 0 0
0.575167 -0.115931 0.154085 0 0 0
0.575826 -0.114809 0.154044 0 0 0
0.576337 -0.113656 0.154034 0 0 0
0.576926 -0.112470 0.154033 0 0 0
0.577450 -0.111243 0.154198 0 0 0
0.578001 -0.110134 0.154203 0 0 0
0.578640 -0.109034 0.154119 0 0 0
0.579328 -0.107955 0.153913 0 0 0
0.579976 -0.106764 0.153833 0 0 0
0.580615 -0.105701 0.153676 0 0 0
0.581112 -0.104510 0.153791 0 0 0
0.581712 -0.103326 0.153805 0 0 0
0.582215 -0.102099 0.153948 0 0 0
0.582763 -0.100986 0.153952 0 0 0
0.583375 -0.099813 0.153921 0 0 0
0.583854 -0.098880 0.153924 0 0 0
0.585466 -0.097584 0.154292 0 0 0
0.585959 -0.096671 0.154293 0 0 0
0.586557 -0.095499 0.154270 0 0 0
0.587137 -0.094350 0.154245 0 0 0
0.587720 -0.093202 0.154220 0 0 0
0.588305 -0.092056 0.154195 0 0 0
0.588890 -0.090909 0.154170 0 0 0
0.589475 -0.089762 0.154145 0 0 0
0.590066 -0.088590 0.154117 0 0 0
0.590516 -0.087624 0.154063 0 0 0
0.590497 -0.085924 0.153488 0 0 0
0.590973 -0.084923 0.153417 0 0 0
0.591571 -0.083750 0.153386 0 0 0
0.592227 -0.082635 0.153345 0 0 0
0.592739 -0.081474 0.153335 255 0 0
0.593318 -0.080300 0.153314 255 0 0
0.593914 -0.079184 0.153283 255 0 0
0.594592 -0.078041 0.153239 255 0 0
0.595167 -0.076886 0.153218 255 0 0
0.595676 -0.075733 0.153209 255 0 0
0.596275 -0.074537 0.153187 0 0 0
0.596754 -0.073629 0.153184 0 0 0
0.598299 -0.072529 0.153673 0 0 0
0.598067 -0.071199 0.153184 0 0 0
0.599609 -0.070102 0.153673 0 0 0
0.600087 -0.069197 0.153670 0 0 0
0.600689 -0.068025 0.153645 0 0 0
0.601274 -0.066878 0.153620 0 0 0
0.601859 -0.065731 0.153595 0 0 0
0.602444 -0.064584 0.153571 0 0 0
0.603029 -0.063437 0.153546 255 0 0
0.603614 -0.062290 0.153521 255 0 0
0.604206 -0.061119 0.153493 255 0 0
0.604658 -0.060167 0.153446 0 0 0
0.604578 -0.058302 0.152862 0 0 0
0.605054 -0.057370 0.152809 0 0 0
0.605822 -0.056236 0.152738 0 0 0
0.606317 -0.055280 0.152665 0 0 0
0.606208 -0.053650 0.152051 255 0 0
0.606091 -0.052011 0.151437 255 0 0
0.606567 -0.051027 0.151371 255 0 0
0.607178 -0.049848 0.151339 255 0 0
0.607856 -0.048749 0.151291 0 0 0
0.608546 -0.047627 0.151239 0 0 0
0.609018 -0.046668 0.151192 0 0 0
0.608978 -0.044771 0.150595 0 0 0
0.609516 -0.043845 0.150533 0 0 0
0.610127 -0.042689 0.150500 0 0 0
0.610716 -0.041529 0.150475 0 0 0
0.611301 -0.040366 0.150451 0 0 0
0.611878 -0.039237 0.150426 0 0 0
0.612482 -0.038072 0.150399 0 0 0
0.613166 -0.036933 0.150353 0 0 0
0.613765 -0.035802 0.150323 0 0 0
0.614332 -0.034649 0.150303 0 0 0
0.614840 -0.033447 0.150298 0 0 0
0.615424 -0.032275 0.150276 0 0 0
0.616013 -0.031120 0.150251 0 0 0
0.616618 -0.029940 0.150227 0 0 0
0.617117 -0.029020 0.150229 0 0 0
0.618615 -0.027841 0.150788 0 0 0
0.619036 -0.026871 0.150808 0 0 0
0.619639 -0.025640 0.150791 0 0 0
0.620074 -0.024665 0.150814 0 0 0
0.621525 -0.023735 0.151306 0 0 0
0.621353 -0.022196 0.150804 0 0 0
0.622836 -0.021243 0.151288 0 0 0
0.623212 -0.020525 0.151278 0 0 0
0.623189 -0.018533 0.150675 0 0 0
0.623723 -0.017631 0.150617 0 0 0
0.624339 -0.016447 0.150586 0 0 0
0.624928 -0.015295 0.150561 0 0 0
0.625515 -0.014142 0.150536 0 0 0
0.626098 -0.012973 0.150513 0 0 0
0.626616 -0.011792 0.150504 0 0 0
0.627280 -0.010681 0.150460 0 0 0
0.627970 -0.009563 0.150412 0 0 0
0.628570 -0.008404 0.150381 0 0 0
0.629039 -0.007451 0.150329 0 0 0
0.629116 -0.005501 0.149709 0 0 0
0.629571 -0.004561 0.149673 0 0 0
0.630180 -0.003364 0.149642 0 0 0
0.630714 -0.002467 0.149587 0 0 0
0.630738 -0.000430 0.148968 0 0 0
0.631290 0.000480 0.148908 0 0 0
0.631838 0.001387 0.148849 0 0 0
0.631849 0.003435 0.148233 0 0 0
0.632327 0.004395 0.148198 0 0 0
0.632852 0.005375 0.148204 0 0 0
0.634409 0.006440 0.148723 0 0 0
0.634796 0.007161 0.148718 0 0 0
0.634803 0.009245 0.148107 0 0 0
0.635265 0.010182 0.148072 0 0 0
0.635867 0.011372 0.148046 0 0 0
0.636465 0.012515 0.148017 0 0 0
0.637137 0.013632 0.147971 0 0 0
0.637748 0.014798 0.147942 0 0 0
0.638339 0.015957 0.147917 0 0 0
0.638931 0.017118 0.147892 0 0 0
0.639523 0.018278 0.147866 0 0 0
0.640115 0.019439 0.147841 0 0 0
0.640708 0.020600 0.147816 0 0 0
0.641299 0.021760 0.147791 0 0 0
0.641885 0.022930 0.147767 0 0 0
0.642405 0.024143 0.147761 0 0 0
0.642970 0.025297 0.147742 0 0 0
0.643564 0.026459 0.147717 0 0 0
0.644156 0.027619 0.147692 0 0 0
0.644762 0.028798 0.147669 0 0 0
0.645298 0.029761 0.147680 0 0 0
0.646710 0.030805 0.148209 0 0 0
0.647114 0.031528 0.148212 0 0 0
0.647258 0.033641 0.147575 0 0 0
0.647678 0.034376 0.147583 0 0 0
0.649019 0.035159 0.148061 0 0 0
0.649044 0.037105 0.147492 0 0 0
0.649584 0.037979 0.147437 0 0 0
0.650276 0.039134 0.147386 0 0 0
0.650755 0.040081 0.147340 0 0 0
0.650894 0.042190 0.146699 0 0 0
0.651224 0.042916 0.146657 0 0 0
0.651339 0.044950 0.146181 0 0 0
0.651922 0.045891 0.145979 0 0 0
0.652536 0.047093 0.145930 0 0 0
0.653148 0.048283 0.145880 0 0 0
0.653793 0.049192 0.145649 0 0 0
0.653862 0.051277 0.145196 0 0 0
0.654317 0.052052 0.145206 0 0 0
0.655615 0.052791 0.145465 0 0 0
0.655613 0.054580 0.145183 0 0 0
0.656802 0.055330 0.145659 0 0 0
0.657373 0.056348 0.145699 0 0 0
0.657977 0.057528 0.145677 0 0 0
0.658572 0.058693 0.145652 0 0 0
0.659166 0.059858 0.145626 0 0 0
0.659761 0.061023 0.145601 0 0 0
0.660356 0.062189 0.145576 0 0 0
0.660953 0.063354 0.145550 0 0 0
0.661564 0.064544 0.145522 0 0 0
0.662028 0.065465 0.145492 0 0 0
0.662076 0.067688 0.144865 0 0 0
0.662543 0.068614 0.144836 0 0 0
0.663153 0.069798 0.144807 0 0 0
0.663863 0.070951 0.144755 0 0 0
0.664422 0.071833 0.144702 0 0 0
0.664587 0.074027 0.144045 0 0 0
0.664944 0.074716 0.144009 0 0 0
0.665224 0.076875 0.143324 0 0 0
0.665781 0.077790 0.143273 0 0 0
0.666270 0.078733 0.143240 0 0 0
0.666332 0.080986 0.142611 0 0 0
0.666830 0.081914 0.142576 0 0 0
0.667588 0.083018 0.142509 0 0 0
0.668228 0.084224 0.142477 0 0 0
0.668666 0.085110 0.142462 0 0 0
0.559641 -0.151918 0.155121 0 0 0
0.560074 -0.151087 0.155096 0 0 0
0.560536 -0.150016 0.155021 0 0 0
0.560497 -0.148535 0.154477 0 0 0
0.561030 -0.147501 0.154375 0 0 0
0.561496 -0.146478 0.154283 0 0 0
0.561267 -0.145185 0.153798 0 0 0
0.562912 -0.143862 0.154278 0 0 0
0.563364 -0.142978 0.154268 0 0 0
0.563956 -0.141774 0.154248 0 0 0
0.564471 -0.140632 0.154235 0 0 0
0.565128 -0.139462 0.154194 0 0 0
0.565500 -0.138414 0.154131 0 0 0
0.565324 -0.137155 0.153654 0 0 0
0.567005 -0.135835 0.154103 0 0 0
0.567465 -0.134929 0.154089 0 0 0
0.567929 -0.133887 0.154021 0 0 0
0.567816 -0.132321 0.153476 0 0 0
0.568339 -0.131323 0.153391 0 0 0
0.568939 -0.130155 0.153359 0 0 0
0.569524 -0.129007 0.153335 0 0 0
0.570116 -0.127803 0.153315 0 0 0
0.570501 -0.126889 0.153322 0 0 0
0.572269 -0.125515 0.153878 0 0 0
0.572725 -0.124628 0.153868 0 0 0
0.573325 -0.123455 0.153844 0 0 0
0.573900 -0.122283 0.153823 0 0 0
0.574398 -0.121101 0.153819 0 0 0
0.574974 -0.119933 0.153799 0 0 0
0.575363 -0.119016 0.153807 0 0 0
0.577129 -0.117622 0.154357 0 0 0
0.577447 -0.116871 0.154308 0 0 0
0.577262 -0.115436 0.153797 0 0 0
0.578864 -0.114207 0.154285 0 0 0
0.579324 -0.113323 0.154277 0 0 0
0.579960 -0.112112 0.154219 0 0 0
0.580508 -0.111140 0.153993 0 0 0
0.580386 -0.109534 0.153604 0 0 0
0.580853 -0.108482 0.153517 0 0 0
0.581411 -0.107464 0.153300 0 0 0
0.581186 -0.106064 0.153121 0 0 0
0.582770 -0.104925 0.153233 0 0 0
0.583258 -0.103988 0.153233 0 0 0
0.583870 -0.102815 0.153201 0 0 0
0.584418 -0.101711 0.153198 0 0 0
0.584940 -0.100459 0.153352 0 0 0
0.585427 -0.099538 0.153373 0 0 0
0.586925 -0.098152 0.153950 0 0 0
0.587407 -0.097249 0.153953 0 0 0
0.588012 -0.096082 0.153929 0 0 0
0.588598 -0.094939 0.153904 0 0 0
0.589182 -0.093795 0.153879 0 0 0
0.589765 -0.092651 0.153854 0 0 0
0.590349 -0.091506 0.153829 0 0 0
0.590931 -0.090362 0.153804 0 0 0
0.591509 -0.089212 0.153781 0 0 0
0.592104 -0.088092 0.153751 0 0 0
0.592766 -0.086974 0.153708 0 0 0
0.593367 -0.085806 0.153678 0 0 0
0.593814 -0.084826 0.153620 255 0 0
0.593641 -0.083293 0.153090 255 0 0
0.595206 -0.082177 0.153585 255 0 0
0.595678 -0.081278 0.153581 255 0 0
0.596286 -0.080088 0.153552 255 0 0
0.596763 -0.079085 0.153473 255 0 0
0.596674 -0.077602 0.152940 255 0 0
0.598115 -0.076479 0.153442 0 0 0
0.598599 -0.075558 0.153454 0 0 0
0.599188 -0.074366 0.153435 0 0 0
0.599697 -0.073208 0.153426 0 0 0
0.600342 -0.072081 0.153388 0 0 0
0.600853 -0.070892 0.153382 0 0 0
0.601419 -0.069754 0.153360 0 0 0
0.602006 -0.068608 0.153335 0 0 0
0.602596 -0.067467 0.153309 0 0 0
0.603181 -0.066324 0.153283 0 0 0
0.603764 -0.065179 0.153259 0 0 0
0.604341 -0.064032 0.153235 255 0 0
0.604923 -0.062886 0.153211 255 0 0
0.605507 -0.061739 0.153186 255 0 0
0.606103 -0.060619 0.153156 0 0 0
0.606781 -0.059488 0.153106 0 0 0
0.607264 -0.058517 0.153040 0 0 0
0.607272 -0.056688 0.152444 0 0 0
0.607600 -0.055942 0.152378 0 0 0
0.607653 -0.054137 0.151769 0 0 0
0.608283 -0.053219 0.151669 255 0 0
0.608907 -0.052052 0.151629 255 0 0
0.609379 -0.051079 0.151567 255 0 0
0.609403 -0.049257 0.150968 255 0 0
0.609855 -0.048302 0.150923 0 0 0
0.610472 -0.047126 0.150888 0 0 0
0.611008 -0.046207 0.150825 255 0 0
0.610956 -0.044300 0.150229 255 0 0
0.611415 -0.043346 0.150185 0 0 0
0.612012 -0.042167 0.150158 0 0 0
0.612616 -0.040990 0.150134 0 0 0
0.613115 -0.040061 0.150135 0 0 0
0.614616 -0.039089 0.150632 0 0 0
0.614478 -0.037379 0.150083 0 0 0
0.614951 -0.036396 0.150038 0 0 0
0.615455 -0.035445 0.150035 0 0 0
0.617101 -0.034312 0.150566 0 0 0
0.617569 -0.033396 0.150571 0 0 0
0.618089 -0.032174 0.150567 0 0 0
0.618669 -0.031008 0.150545 0 0 0
0.619263 -0.029818 0.150525 0 0 0
0.619686 -0.028852 0.150544 0 0 0
0.621293 -0.027739 0.151078 0 0 0
0.621760 -0.026826 0.151084 0 0 0
0.622274 -0.025588 0.151084 0 0 0
0.622781 -0.024399 0.151077 0 0 0
0.623421 -0.023283 0.151039 0 0 0
0.623945 -0.022076 0.151032 0 0 0
0.624514 -0.020958 0.151008 0 0 0
0.625188 -0.019849 0.150962 0 0 0
0.625808 -0.018691 0.150930 0 0 0
0.626480 -0.017585 0.150885 0 0 0
0.627073 -0.016459 0.150856 0 0 0
0.627651 -0.015303 0.150833 0 0 0
0.628237 -0.014152 0.150808 0 0 0
0.628833 -0.012976 0.150781 0 0 0
0.629288 -0.012049 0.150743 0 0 0
0.629274 -0.010033 0.150132 0 0 0
0.629820 -0.009114 0.150073 0 0 0
0.630294 -0.008179 0.150029 0 0 0
0.630362 -0.006224 0.149410 0 0 0
0.630849 -0.005269 0.149354 0 0 0
0.631532 -0.004132 0.149305 0 0 0
0.632141 -0.002985 0.149272 0 0 0
0.632669 -0.002089 0.149219 0 0 0
0.632693 -0.000046 0.148598 0 0 0
0.633233 0.000833 0.148540 0 0 0
0.633923 0.001953 0.148489 0 0 0
0.634527 0.003114 0.148461 0 0 0
0.635104 0.004283 0.148439 0 0 0
0.635618 0.005492 0.148434 0 0 0
0.636188 0.006627 0.148411 0 0 0
0.636863 0.007741 0.148365 0 0 0
0.637478 0.008896 0.148334 0 0 0
0.638068 0.010049 0.148309 0 0 0
0.638655 0.011206 0.148284 0 0 0
0.639240 0.012366 0.148260 0 0 0
0.639836 0.013519 0.148234 0 0 0
0.640426 0.014673 0.148208 0 0 0
0.641016 0.015829 0.148183 0 0 0
0.641608 0.016987 0.148158 0 0 0
0.642166 0.018137 0.148140 0 0 0
0.642682 0.019346 0.148134 0 0 0
0.643281 0.020533 0.148113 0 0 0
0.643819 0.021483 0.148132 0 0 0
0.645087 0.022317 0.148633 0 0 0
0.645163 0.024186 0.148047 0 0 0
0.645611 0.025106 0.148012 0 0 0
0.646214 0.026291 0.147985 0 0 0
0.646817 0.027467 0.147962 0 0 0
0.647347 0.028421 0.147978 0 0 0
0.648751 0.029471 0.148510 0 0 0
0.649148 0.030185 0.148513 0 0 0
0.649275 0.032278 0.147871 0 0 0
0.649754 0.033215 0.147834 0 0 0
0.650386 0.034412 0.147799 0 0 0
0.650892 0.035267 0.147753 0 0 0
0.650936 0.037418 0.147126 0 0 0
0.651428 0.038372 0.147087 0 0 0
0.651967 0.039294 0.147026 0 0 0
0.652220 0.041315 0.146363 0 0 0
0.652553 0.042039 0.146309 0 0 0
0.652798 0.044082 0.145649 0 0 0
0.653254 0.045031 0.145609 0 0 0
0.653871 0.046247 0.145579 0 0 0
0.654331 0.047187 0.145550 0 0 0
0.654360 0.049260 0.145099 0 0 0
0.654931 0.050209 0.144888 0 0 0
0.655538 0.051455 0.144868 0 0 0
0.656063 0.052616 0.144993 0 0 0
0.656693 0.053587 0.144877 0 0 0
0.658052 0.054535 0.145356 0 0 0
0.658591 0.055506 0.145375 0 0 0
0.659197 0.056687 0.145353 0 0 0
0.659791 0.057850 0.145328 0 0 0
0.660384 0.059013 0.145302 0 0 0
0.660977 0.060176 0.145277 0 0 0
0.661571 0.061341 0.145252 0 0 0
0.662131 0.062500 0.145234 0 0 0
0.662657 0.063717 0.145227 0 0 0
0.663272 0.064879 0.145196 0 0 0
0.664020 0.065942 0.145130 0 0 0
0.664639 0.067098 0.145098 0 0 0
0.665244 0.068290 0.145072 0 0 0
0.665708 0.069206 0.145042 0 0 0
0.665763 0.071429 0.144411 0 0 0
0.666336 0.072336 0.144356 0 0 0
0.666910 0.073245 0.144300 0 0 0
0.666956 0.075199 0.143637 0 0 0
0.666996 0.077171 0.142977 0 0 0
0.667470 0.078088 0.142944 0 0 0
0.668194 0.079271 0.142891 0 0 0
0.668755 0.080154 0.142838 0 0 0
0.668826 0.082397 0.142204 0 0 0
0.669307 0.083341 0.142178 0 0 0
0.669917 0.084371 0.142211 0 0 0
0.671099 0.084958 0.142676 0 0 0
0.560929 -0.152298 0.154836 0 0 0
0.561452 -0.151479 0.154797 0 0 0
0.562105 -0.150362 0.154750 0 0 0
0.562624 -0.149353 0.154661 0 0 0
0.562472 -0.147807 0.154133 0 0 0
0.562940 -0.146823 0.154051 0 0 0
0.563687 -0.145664 0.153992 0 0 0
0.564207 -0.144529 0.153978 0 0 0
0.564783 -0.143388 0.153954 0 0 0
0.565371 -0.142243 0.153928 0 0 0
0.565949 -0.141104 0.153904 0 0 0
0.566446 -0.139925 0.153899 0 0 0
0.567124 -0.138809 0.153853 0 0 0
0.567794 -0.137694 0.153809 0 0 0
0.568295 -0.136516 0.153803 0 0 0
0.568869 -0.135374 0.153779 0 0 0
0.569474 -0.134262 0.153747 0 0 0
0.570143 -0.133139 0.153703 0 0 0
0.570735 -0.131996 0.153677 0 0 0
0.571318 -0.130852 0.153652 0 0 0
0.571902 -0.129708 0.153627 0 0 0
0.572484 -0.128565 0.153602 0 0 0
0.573057 -0.127395 0.153582 0 0 0
0.573550 -0.126217 0.153578 0 0 0
0.574122 -0.125076 0.153556 0 0 0
0.574707 -0.123931 0.153530 0 0 0
0.575293 -0.122788 0.153505 0 0 0
0.575899 -0.121618 0.153479 0 0 0
0.576364 -0.120732 0.153469 0 0 0
0.577990 -0.119306 0.154044 0 0 0
0.578377 -0.118384 0.154064 0 0 0
0.579008 -0.117232 0.154010 0 0 0
0.579742 -0.116129 0.153786 0 0 0
0.580243 -0.114996 0.153764 0 0 0
0.580818 -0.113835 0.153742 0 0 0
0.581287 -0.112808 0.153684 0 0 0
0.581118 -0.111219 0.153486 0 0 0
0.581709 -0.110198 0.153233 0 0 0
0.582296 -0.109180 0.152988 0 0 0
0.582127 -0.107607 0.152739 0 0 0
0.582690 -0.106609 0.152545 0 0 0
0.583229 -0.105350 0.152657 0 0 0
0.583775 -0.104240 0.152660 0 0 0
0.584369 -0.103069 0.152634 0 0 0
0.584782 -0.102111 0.152667 0 0 0
0.586487 -0.100798 0.153020 0 0 0
0.586876 -0.100129 0.153032 0 0 0
0.588450 -0.098843 0.153429 0 0 0
0.588851 -0.097849 0.153596 0 0 0
0.589363 -0.096630 0.153616 0 0 0
0.589934 -0.095465 0.153597 0 0 0
0.590515 -0.094324 0.153572 0 0 0
0.591097 -0.093182 0.153547 0 0 0
0.591680 -0.092041 0.153522 0 0 0
0.592274 -0.090898 0.153495 0 0 0
0.592944 -0.089785 0.153451 0 0 0
0.593539 -0.088671 0.153420 0 0 0
0.594109 -0.087521 0.153398 0 0 0
0.594689 -0.086375 0.153374 0 0 0
0.595284 -0.085262 0.153343 255 0 0
0.595945 -0.084130 0.153303 255 0 0
0.596451 -0.082946 0.153297 255 0 0
0.597017 -0.081809 0.153275 255 0 0
0.597609 -0.080642 0.153247 255 0 0
0.598060 -0.079678 0.153188 255 0 0
0.597974 -0.078171 0.152674 255 0 0
0.599439 -0.077021 0.153154 0 0 0
0.599915 -0.076125 0.153150 0 0 0
0.600515 -0.074958 0.153125 0 0 0
0.601103 -0.073817 0.153099 0 0 0
0.601682 -0.072673 0.153075 0 0 0
0.602270 -0.071534 0.153049 0 0 0
0.602855 -0.070391 0.153024 0 0 0
0.603420 -0.069253 0.153003 0 0 0
0.603923 -0.068072 0.152997 0 0 0
0.604497 -0.066913 0.152975 255 0 0
0.605091 -0.065770 0.152948 255 0 0
0.605753 -0.064659 0.152905 255 0 0
0.606348 -0.063541 0.152875 255 0 0
0.606931 -0.062397 0.152850 255 0 0
0.607513 -0.061253 0.152826 0 0 0
0.608098 -0.060086 0.152798 0 0 0
0.608570 -0.059128 0.152733 0 0 0
0.608672 -0.057395 0.152128 0 0 0
0.609166 -0.056432 0.152056 0 0 0
0.609696 -0.055492 0.151990 0 0 0
0.609647 -0.053608 0.151394 255 0 0
0.610190 -0.052666 0.151327 255 0 0
0.610660 -0.051723 0.151275 255 0 0
0.610683 -0.049899 0.150674 255 0 0
0.611156 -0.048928 0.150612 0 0 0
0.611750 -0.047753 0.150583 0 0 0
0.612340 -0.046626 0.150554 255 0 0
0.613011 -0.045512 0.150510 255 0 0
0.613612 -0.044360 0.150482 0 0 0
0.614198 -0.043212 0.150457 0 0 0
0.614782 -0.042064 0.150432 0 0 0
0.615363 -0.040897 0.150410 0 0 0
0.615875 -0.039725 0.150400 0 0 0
0.616525 -0.038620 0.150360 0 0 0
0.617127 -0.037467 0.150332 0 0 0
0.617707 -0.036303 0.150310 0 0 0
0.618226 -0.035084 0.150306 0 0 0
0.618694 -0.034171 0.150311 0 0 0
0.620338 -0.033044 0.150843 0 0 0
0.620832 -0.032128 0.150843 0 0 0
0.621406 -0.030967 0.150824 0 0 0
0.621901 -0.029755 0.150823 0 0 0
0.622413 -0.028521 0.150822 0 0 0
0.622880 -0.027611 0.150829 0 0 0
0.624506 -0.026498 0.151360 0 0 0
0.625004 -0.025589 0.151359 0 0 0
0.625605 -0.024423 0.151335 0 0 0
0.626189 -0.023279 0.151310 0 0 0
0.626770 -0.022134 0.151286 0 0 0
0.627356 -0.020959 0.151261 0 0 0
0.627805 -0.020035 0.151222 0 0 0
0.627760 -0.018039 0.150617 0 0 0
0.628230 -0.017107 0.150575 0 0 0
0.628910 -0.015977 0.150527 0 0 0
0.629498 -0.014847 0.150500 0 0 0
0.630082 -0.013694 0.150475 0 0 0
0.630688 -0.012541 0.150444 0 0 0
0.631219 -0.011657 0.150387 0 0 0
0.631214 -0.009641 0.149772 0 0 0
0.631693 -0.008730 0.149728 0 0 0
0.632456 -0.007602 0.149660 0 0 0
0.632933 -0.006695 0.149617 0 0 0
0.632915 -0.004666 0.149004 0 0 0
0.633387 -0.003730 0.148964 0 0 0
0.634085 -0.002586 0.148911 0 0 0
0.634624 -0.001718 0.148853 0 0 0
0.634620 0.000332 0.148237 0 0 0
0.635073 0.001263 0.148201 0 0 0
0.635688 0.002448 0.148171 0 0 0
0.636360 0.003556 0.148125 0 0 0
0.636956 0.004692 0.148097 0 0 0
0.637546 0.005851 0.148072 0 0 0
0.638103 0.007005 0.148054 0 0 0
0.638619 0.008206 0.148047 0 0 0
0.639201 0.009368 0.148024 0 0 0
0.639808 0.010526 0.147995 0 0 0
0.640447 0.011633 0.147957 0 0 0
0.640972 0.012819 0.147947 0 0 0
0.641555 0.013984 0.147924 0 0 0
0.642143 0.015138 0.147899 0 0 0
0.642746 0.016310 0.147876 0 0 0
0.643270 0.017256 0.147885 0 0 0
0.644796 0.018253 0.148401 0 0 0
0.645291 0.019183 0.148415 0 0 0
0.645813 0.020417 0.148413 0 0 0
0.646347 0.021620 0.148402 0 0 0
0.647072 0.022672 0.148342 0 0 0
0.647689 0.023813 0.148310 0 0 0
0.648242 0.024956 0.148292 0 0 0
0.648777 0.026169 0.148282 0 0 0
0.649438 0.027290 0.148239 0 0 0
0.649956 0.028478 0.148231 0 0 0
0.650518 0.029613 0.148210 0 0 0
0.651200 0.030746 0.148162 0 0 0
0.651677 0.031661 0.148126 0 0 0
0.651685 0.033805 0.147504 0 0 0
0.652164 0.034711 0.147466 0 0 0
0.652939 0.035824 0.147395 0 0 0
0.653418 0.036748 0.147344 0 0 0
0.653431 0.038613 0.146698 0 0 0
0.653465 0.040516 0.146044 0 0 0
0.653858 0.041180 0.145981 0 0 0
0.654035 0.043282 0.145327 0 0 0
0.654566 0.044177 0.145267 0 0 0
0.655177 0.045352 0.145236 0 0 0
0.655774 0.046503 0.145208 0 0 0
0.656437 0.047619 0.145165 0 0 0
0.657052 0.048784 0.145135 0 0 0
0.657650 0.049939 0.145108 0 0 0
0.658244 0.051099 0.145082 0 0 0
0.658795 0.052260 0.145067 0 0 0
0.659260 0.053528 0.145075 0 0 0
0.659816 0.054689 0.145059 0 0 0
0.660409 0.055851 0.145034 0 0 0
0.661001 0.057012 0.145008 0 0 0
0.661593 0.058172 0.144983 0 0 0
0.662185 0.059333 0.144958 0 0 0
0.662791 0.060509 0.144935 0 0 0
0.663349 0.061483 0.144955 0 0 0
0.664775 0.062393 0.145453 0 0 0
0.665196 0.063118 0.145465 0 0 0
0.665256 0.065359 0.144839 0 0 0
0.665716 0.066273 0.144810 0 0 0
0.666319 0.067465 0.144784 0 0 0
0.666914 0.068612 0.144756 0 0 0
0.667625 0.069756 0.144703 0 0 0
0.668186 0.070625 0.144650 0 0 0
0.668292 0.072866 0.144004 0 0 0
0.668752 0.073454 0.143940 0 0 0
0.668950 0.075657 0.143272 0 0 0
0.669439 0.076605 0.143239 0 0 0
0.669926 0.077552 0.143205 0 0 0
0.670085 0.079739 0.142547 0 0 0
0.670619 0.080610 0.142499 0 0 0
0.671255 0.081814 0.142467 0 0 0
0.671858 0.083002 0.142446 0 0 0
0.672399 0.084050 0.142501 0 0 0
0.673452 0.084673 0.142981 0 0 0
0.563018 -0.151630 0.154477 0 0 0
0.563454 -0.150793 0.154457 0 0 0
0.564066 -0.149654 0.154425 0 0 0
0.564746 -0.148511 0.154376 0 0 0
0.565270 -0.147515 0.154284 0 0 0
0.565142 -0.146001 0.153749 0 0 0
0.565589 -0.144983 0.153674 0 0 0
0.566176 -0.143820 0.153645 0 0 0
0.566776 -0.142649 0.153620 0 0 0
0.567227 -0.141770 0.153611 0 0 0
0.568870 -0.140470 0.154095 0 0 0
0.568644 -0.139158 0.153603 0 0 0
0.569077 -0.138128 0.153526 0 0 0
0.569669 -0.136968 0.153496 0 0 0
0.570253 -0.135825 0.153471 0 0 0
0.570833 -0.134680 0.153447 0 0 0
0.571408 -0.133536 0.153423 0 0 0
0.571989 -0.132394 0.153399 0 0 0
0.572572 -0.131252 0.153374 0 0 0
0.573154 -0.130109 0.153349 0 0 0
0.573737 -0.128968 0.153324 0 0 0
0.574322 -0.127828 0.153299 0 0 0
0.574912 -0.126688 0.153272 0 0 0
0.575496 -0.125546 0.153247 0 0 0
0.576078 -0.124404 0.153222 0 0 0
0.576661 -0.123262 0.153197 0 0 0
0.577257 -0.122091 0.153175 0 0 0
0.577726 -0.121200 0.153177 0 0 0
0.579381 -0.119805 0.153745 0 0 0
0.579853 -0.118909 0.153730 0 0 0
0.580300 -0.117870 0.153674 0 0 0
0.580174 -0.116246 0.153329 0 0 0
0.580651 -0.115236 0.153257 0 0 0
0.581237 -0.114069 0.153230 0 0 0
0.581813 -0.112964 0.153174 0 0 0
0.582560 -0.111865 0.152951 0 0 0
0.583068 -0.110847 0.152844 0 0 0
0.583002 -0.109287 0.152434 0 0 0
0.583564 -0.108332 0.152216 0 0 0
0.584178 -0.107148 0.152160 0 0 0
0.584765 -0.106007 0.152134 0 0 0
0.585367 -0.104836 0.152110 0 0 0
0.585840 -0.103949 0.152101 0 0 0
0.587441 -0.102568 0.152672 0 0 0
0.587822 -0.101642 0.152698 0 0 0
0.588341 -0.100403 0.152722 0 0 0
0.588762 -0.099381 0.152897 0 0 0
0.590197 -0.098342 0.153315 0 0 0
0.591852 -0.097263 0.153883 0 0 0
0.592318 -0.096382 0.153877 0 0 0
0.592918 -0.095220 0.153852 0 0 0
0.593497 -0.094083 0.153827 0 0 0
0.594076 -0.092919 0.153801 0 0 0
0.594517 -0.091956 0.153747 0 0 0
0.594414 -0.090198 0.153175 0 0 0
0.594870 -0.089233 0.153118 0 0 0
0.595548 -0.088100 0.153071 0 0 0
0.596145 -0.086990 0.153039 255 0 0
0.596725 -0.085846 0.153015 255 0 0
0.597302 -0.084706 0.152991 255 0 0
0.597889 -0.083568 0.152965 255 0 0
0.598471 -0.082429 0.152940 255 0 0
0.599053 -0.081286 0.152915 0 0 0
0.599646 -0.080174 0.152885 255 0 0
0.600300 -0.079045 0.152845 255 0 0
0.600812 -0.077866 0.152838 0 0 0
0.601376 -0.076731 0.152816 0 0 0
0.601959 -0.075590 0.152791 255 0 0
0.602541 -0.074450 0.152766 255 0 0
0.603122 -0.073310 0.152741 255 0 0
0.603704 -0.072170 0.152717 255 0 0
0.604301 -0.071004 0.152693 255 0 0
0.604773 -0.070113 0.152689 255 0 0
0.606342 -0.068852 0.153244 255 0 0
0.606850 -0.067904 0.153224 255 0 0
0.607409 -0.066930 0.152994 255 0 0
0.607325 -0.065186 0.152591 255 0 0
0.607765 -0.064214 0.152546 255 0 0
0.608354 -0.063052 0.152518 255 0 0
0.608936 -0.061912 0.152493 0 0 0
0.609524 -0.060747 0.152466 0 0 0
0.609966 -0.059808 0.152420 0 0 0
0.609972 -0.058005 0.151824 0 0 0
0.610452 -0.057033 0.151758 0 0 0
0.611141 -0.055902 0.151703 0 0 0
0.611683 -0.055017 0.151635 0 0 0
0.611646 -0.053131 0.151034 255 0 0
0.612191 -0.052242 0.150965 255 0 0
0.612879 -0.051133 0.150913 255 0 0
0.613477 -0.049984 0.150885 0 0 0
0.614060 -0.048841 0.150860 0 0 0
0.614644 -0.047697 0.150835 0 0 0
0.615227 -0.046552 0.150810 0 0 0
0.615811 -0.045408 0.150786 255 0 0
0.616395 -0.044264 0.150761 0 0 0
0.616979 -0.043119 0.150736 0 0 0
0.617562 -0.041975 0.150711 0 0 0
0.618146 -0.040830 0.150686 0 0 0
0.618730 -0.039686 0.150661 0 0 0
0.619313 -0.038542 0.150636 0 0 0
0.619897 -0.037397 0.150611 0 0 0
0.620482 -0.036252 0.150586 0 0 0
0.621032 -0.035100 0.150570 0 0 0
0.621450 -0.033854 0.150586 0 0 0
0.622016 -0.032679 0.150570 0 0 0
0.622508 -0.031765 0.150571 0 0 0
0.624136 -0.030645 0.151105 0 0 0
0.624625 -0.029738 0.151106 0 0 0
0.625227 -0.028561 0.151083 0 0 0
0.625701 -0.027376 0.151084 0 0 0
0.626173 -0.026188 0.151085 0 0 0
0.626750 -0.025030 0.151063 0 0 0
0.627332 -0.023890 0.151038 0 0 0
0.627931 -0.022745 0.151010 0 0 0
0.628595 -0.021640 0.150966 0 0 0
0.629196 -0.020539 0.150933 0 0 0
0.629876 -0.019409 0.150885 0 0 0
0.630343 -0.018487 0.150843 0 0 0
0.630330 -0.016489 0.150229 0 0 0
0.630859 -0.015606 0.150171 0 0 0
0.631458 -0.014454 0.150141 0 0 0
0.632040 -0.013302 0.150117 0 0 0
0.632626 -0.012173 0.150090 0 0 0
0.633305 -0.011048 0.150041 0 0 0
0.633784 -0.010108 0.149985 0 0 0
0.633844 -0.008149 0.149365 0 0 0
0.634302 -0.007245 0.149324 0 0 0
0.634994 -0.006088 0.149274 0 0 0
0.635464 -0.005165 0.149234 0 0 0
0.635445 -0.003127 0.148619 0 0 0
0.635917 -0.002217 0.148577 0 0 0
0.636684 -0.001126 0.148509 0 0 0
0.637299 0.000037 0.148476 0 0 0
0.637754 0.000959 0.148441 0 0 0
0.637764 0.003012 0.147819 0 0 0
0.638299 0.003895 0.147764 0 0 0
0.638919 0.005073 0.147735 0 0 0
0.639452 0.006021 0.147739 0 0 0
0.640942 0.007022 0.148062 0 0 0
0.641466 0.008016 0.148079 0 0 0
0.641958 0.008984 0.148030 0 0 0
0.641945 0.010809 0.147666 0 0 0
0.643248 0.011583 0.147994 0 0 0
0.643723 0.012606 0.148174 0 0 0
0.644322 0.013801 0.148177 0 0 0
0.644905 0.014948 0.148154 0 0 0
0.645487 0.016109 0.148131 0 0 0
0.645982 0.017326 0.148134 0 0 0
0.646408 0.018308 0.148167 0 0 0
0.647932 0.019335 0.148685 0 0 0
0.648316 0.020032 0.148686 0 0 0
0.648332 0.022166 0.148067 0 0 0
0.648799 0.023097 0.148036 0 0 0
0.649348 0.024073 0.148051 0 0 0
0.650702 0.024835 0.148532 0 0 0
0.650675 0.026757 0.147968 0 0 0
0.651136 0.027669 0.147932 0 0 0
0.651735 0.028847 0.147905 0 0 0
0.652315 0.030003 0.147882 0 0 0
0.652902 0.031134 0.147855 0 0 0
0.653611 0.032268 0.147802 0 0 0
0.654163 0.033134 0.147746 0 0 0
0.654218 0.035295 0.147110 0 0 0
0.654608 0.035928 0.147057 0 0 0
0.654806 0.038026 0.146395 0 0 0
0.655272 0.038653 0.146303 0 0 0
0.655473 0.040756 0.145638 0 0 0
0.655862 0.041412 0.145577 0 0 0
0.656032 0.043530 0.144925 0 0 0
0.656488 0.044453 0.144895 0 0 0
0.657088 0.045643 0.144869 0 0 0
0.657680 0.046804 0.144844 0 0 0
0.658235 0.047958 0.144827 0 0 0
0.658755 0.049171 0.144820 0 0 0
0.659354 0.050353 0.144799 0 0 0
0.659904 0.051318 0.144816 0 0 0
0.661352 0.052219 0.145317 0 0 0
0.661901 0.053184 0.145334 0 0 0
0.662467 0.054350 0.145320 0 0 0
0.662989 0.055563 0.145313 0 0 0
0.663573 0.056727 0.145289 0 0 0
0.664162 0.057882 0.145264 0 0 0
0.664752 0.059038 0.145239 0 0 0
0.665336 0.060201 0.145215 0 0 0
0.665860 0.061413 0.145208 0 0 0
0.666441 0.062556 0.145184 0 0 0
0.667193 0.063611 0.145117 0 0 0
0.667810 0.064759 0.145085 0 0 0
0.668399 0.065915 0.145060 0 0 0
0.669001 0.067101 0.145034 0 0 0
0.669459 0.068005 0.145005 0 0 0
0.669527 0.070260 0.144366 0 0 0
0.669927 0.070879 0.144317 0 0 0
0.670126 0.073082 0.143648 0 0 0
0.670657 0.073944 0.143599 0 0 0
0.671305 0.075171 0.143565 0 0 0
0.671775 0.076081 0.143534 0 0 0
0.672021 0.078221 0.142852 0 0 0
0.672491 0.079137 0.142821 0 0 0
0.673099 0.080328 0.142794 0 0 0
0.673705 0.081506 0.142772 0 0 0
0.674280 0.082497 0.142805 0 0 0
0.675563 0.083401 0.143310 0 0 0
0.675966 0.084092 0.143344 0 0 0
0.565441 -0.152224 0.154782 0 0 0
0.565944 -0.151419 0.154747 0 0 0
0.566574 -0.150278 0.154707 0 0 0
0.567007 -0.149259 0.154635 0 0 0
0.566870 -0.147745 0.154101 0 0 0
0.567385 -0.146750 0.154010 0 0 0
0.567979 -0.145593 0.153978 0 0 0
0.568567 -0.144457 0.153951 0 0 0
0.569234 -0.143339 0.153909 0 0 0
0.569825 -0.142212 0.153880 0 0 0
0.570333 -0.141077 0.153868 0 0 0
0.570990 -0.139963 0.153827 0 0 0
0.571580 -0.138826 0.153801 0 0 0
0.572160 -0.137689 0.153776 0 0 0
0.572740 -0.136552 0.153751 0 0 0
0.573320 -0.135414 0.153726 0 0 0
0.573900 -0.134277 0.153702 0 0 0
0.574479 -0.133139 0.153677 0 0 0
0.575052 -0.131999 0.153654 0 0 0
0.575629 -0.130859 0.153630 0 0 0
0.576209 -0.129721 0.153605 0 0 0
0.576789 -0.128584 0.153580 0 0 0
0.577370 -0.127446 0.153556 0 0 0
0.577950 -0.126309 0.153531 0 0 0
0.578530 -0.125171 0.153506 0 0 0
0.579112 -0.124034 0.153481 0 0 0
0.579700 -0.122899 0.153455 0 0 0
0.580257 -0.121746 0.153436 0 0 0
0.580660 -0.120538 0.153452 0 0 0
0.581227 -0.119378 0.153432 0 0 0
0.581913 -0.118296 0.153382 0 0 0
0.582594 -0.117216 0.153332 0 0 0
0.583183 -0.116077 0.153306 0 0 0
0.583760 -0.114919 0.153277 0 0 0
0.584230 -0.113912 0.153196 0 0 0
0.584194 -0.112276 0.152628 0 0 0
0.584520 -0.111477 0.152531 0 0 0
0.584486 -0.109829 0.151961 0 0 0
0.585036 -0.108843 0.151863 0 0 0
0.585635 -0.107713 0.151827 0 0 0
0.586219 -0.106565 0.151802 0 0 0
0.586804 -0.105401 0.151782 0 0 0
0.587194 -0.104469 0.151805 0 0 0
0.588825 -0.103072 0.152379 0 0 0
0.589178 -0.102442 0.152384 0 0 0
0.590828 -0.101041 0.152956 0 0 0
0.591184 -0.100398 0.152976 0 0 0
0.592706 -0.098966 0.153573 0 0 0
0.593073 -0.098044 0.153602 0 0 0
0.593551 -0.096844 0.153605 0 0 0
0.594122 -0.095684 0.153584 0 0 0
0.594711 -0.094550 0.153557 0 0 0
0.595383 -0.093443 0.153513 0 0 0
0.595996 -0.092370 0.153475 0 0 0
0.596672 -0.091239 0.153427 0 0 0
0.597125 -0.090282 0.153372 0 0 0
0.597011 -0.088511 0.152798 0 0 0
0.597454 -0.087552 0.152745 255 0 0
0.598041 -0.086391 0.152717 0 0 0
0.598621 -0.085253 0.152692 255 0 0
0.599202 -0.084116 0.152667 255 0 0
0.599782 -0.082978 0.152642 255 0 0
0.600362 -0.081840 0.152618 0 0 0
0.600940 -0.080701 0.152593 255 0 0
0.601515 -0.079562 0.152570 255 0 0
0.602101 -0.078428 0.152544 0 0 0
0.602683 -0.077290 0.152519 0 0 0
0.603263 -0.076153 0.152494 255 0 0
0.603843 -0.075015 0.152469 255 0 0
0.604423 -0.073878 0.152444 255 0 0
0.605004 -0.072740 0.152420 255 0 0
0.605597 -0.071577 0.152398 255 0 0
0.606075 -0.070669 0.152409 255 0 0
0.607650 -0.069384 0.152964 255 0 0
0.607978 -0.068669 0.152941 255 0 0
0.607906 -0.066903 0.152538 255 0 0
0.608452 -0.065952 0.152306 255 0 0
0.609064 -0.064775 0.152248 255 0 0
0.609645 -0.063640 0.152222 255 0 0
0.610225 -0.062504 0.152197 0 0 0
0.610820 -0.061362 0.152169 0 0 0
0.611501 -0.060284 0.152120 0 0 0
0.612179 -0.059183 0.152068 0 0 0
0.612657 -0.058219 0.152001 0 0 0
0.612674 -0.056411 0.151402 0 0 0
0.613138 -0.055477 0.151347 0 0 0
0.613677 -0.054548 0.151281 0 0 0
0.613611 -0.052654 0.150685 255 0 0
0.614054 -0.051710 0.150641 255 0 0
0.614643 -0.050542 0.150614 255 0 0
0.615225 -0.049400 0.150589 0 0 0
0.615808 -0.048258 0.150564 0 0 0
0.616390 -0.047116 0.150539 0 0 0
0.616973 -0.045974 0.150514 0 0 0
0.617556 -0.044831 0.150489 0 0 0
0.618138 -0.043689 0.150465 0 0 0
0.618721 -0.042547 0.150440 0 0 0
0.619303 -0.041405 0.150415 0 0 0
0.619886 -0.040263 0.150390 0 0 0
0.620469 -0.039121 0.150365 0 0 0
0.621051 -0.037978 0.150340 0 0 0
0.621650 -0.036814 0.150317 0 0 0
0.622138 -0.035906 0.150317 0 0 0
0.623785 -0.034784 0.150851 0 0 0
0.624269 -0.033880 0.150852 0 0 0
0.624859 -0.032702 0.150831 0 0 0
0.625357 -0.031511 0.150827 0 0 0
0.625888 -0.030381 0.150813 0 0 0
0.626401 -0.029168 0.150810 0 0 0
0.626890 -0.028250 0.150813 0 0 0
0.628506 -0.027141 0.151346 0 0 0
0.629015 -0.026214 0.151321 0 0 0
0.629668 -0.025093 0.151141 0 0 0
0.630061 -0.024158 0.151228 0 0 0
0.630118 -0.022206 0.150649 0 0 0
0.630562 -0.021289 0.150609 0 0 0
0.631145 -0.020115 0.150584 0 0 0
0.631740 -0.018967 0.150554 0 0 0
0.632269 -0.018090 0.150497 0 0 0
0.632275 -0.016087 0.149877 0 0 0
0.632808 -0.015209 0.149819 0 0 0
0.633410 -0.014062 0.149787 0 0 0
0.633985 -0.012912 0.149765 0 0 0
0.634572 -0.011741 0.149738 0 0 0
0.635031 -0.010809 0.149686 0 0 0
0.635206 -0.008933 0.149048 0 0 0
0.635669 -0.007997 0.148996 0 0 0
0.636258 -0.006822 0.148969 0 0 0
0.636845 -0.005696 0.148941 0 0 0
0.637520 -0.004565 0.148895 0 0 0
0.637989 -0.003645 0.148855 0 0 0
0.637984 -0.001598 0.148235 0 0 0
0.638515 -0.000718 0.148180 0 0 0
0.639134 0.000447 0.148144 0 0 0
0.639664 0.001325 0.148090 0 0 0
0.639675 0.003382 0.147466 0 0 0
0.640128 0.004299 0.147431 0 0 0
0.640744 0.005511 0.147426 0 0 0
0.641326 0.006671 0.147554 0 0 0
0.641892 0.007783 0.147556 0 0 0
0.642473 0.008884 0.147503 0 0 0
0.643170 0.010058 0.147328 0 0 0
0.643620 0.011096 0.147487 0 0 0
0.644996 0.012067 0.147852 0 0 0
0.645537 0.013037 0.147873 0 0 0
0.646132 0.014201 0.147851 0 0 0
0.646735 0.015368 0.147828 0 0 0
0.647255 0.016294 0.147838 0 0 0
0.648662 0.017327 0.148366 0 0 0
0.649117 0.018342 0.148411 0 0 0
0.649685 0.019482 0.148394 0 0 0
0.650355 0.020580 0.148348 0 0 0
0.650955 0.021732 0.148320 0 0 0
0.651539 0.022883 0.148296 0 0 0
0.652053 0.024066 0.148287 0 0 0
0.652690 0.025155 0.148248 0 0 0
0.653298 0.026306 0.148219 0 0 0
0.653882 0.027448 0.148194 0 0 0
0.654465 0.028593 0.148169 0 0 0
0.655060 0.029767 0.148142 0 0 0
0.655510 0.030667 0.148110 0 0 0
0.655562 0.032826 0.147473 0 0 0
0.656022 0.033410 0.147403 0 0 0
0.656140 0.035579 0.146748 0 0 0
0.656594 0.036172 0.146678 0 0 0
0.656537 0.038127 0.146029 0 0 0
0.656662 0.039961 0.145353 0 0 0
0.656989 0.040662 0.145303 0 0 0
0.657233 0.042716 0.144630 0 0 0
0.657717 0.043654 0.144582 0 0 0
0.658370 0.044780 0.144540 0 0 0
0.658907 0.045995 0.144534 0 0 0
0.659447 0.046965 0.144552 0 0 0
0.660896 0.047882 0.145059 0 0 0
0.661403 0.048832 0.145083 0 0 0
0.661930 0.050068 0.145080 0 0 0
0.662445 0.051286 0.145075 0 0 0
0.663010 0.052449 0.145061 0 0 0
0.663561 0.053412 0.145079 0 0 0
0.665003 0.054301 0.145579 0 0 0
0.665550 0.055258 0.145598 0 0 0
0.666151 0.056426 0.145575 0 0 0
0.666738 0.057577 0.145550 0 0 0
0.667326 0.058729 0.145525 0 0 0
0.667925 0.059910 0.145499 0 0 0
0.668381 0.060809 0.145469 0 0 0
0.668416 0.063039 0.144837 0 0 0
0.668871 0.063942 0.144808 0 0 0
0.669471 0.065125 0.144782 0 0 0
0.670059 0.066282 0.144757 0 0 0
0.670650 0.067421 0.144730 0 0 0
0.671363 0.068557 0.144676 0 0 0
0.671919 0.069414 0.144623 0 0 0
0.672068 0.071585 0.143962 0 0 0
0.672559 0.072500 0.143926 0 0 0
0.673257 0.073658 0.143876 0 0 0
0.673718 0.074548 0.143846 0 0 0
0.673865 0.076752 0.143187 0 0 0
0.674332 0.077660 0.143156 0 0 0
0.674938 0.078847 0.143129 0 0 0
0.675528 0.080005 0.143103 0 0 0
0.676114 0.081169 0.143080 0 0 0
0.676656 0.082401 0.143075 0 0 0
0.677206 0.083374 0.143119 0 0 0
0.678423 0.083944 0.143576 0 0 0
0.567372 -0.151504 0.154467 0 0 0
0.567807 -0.150679 0.154447 0 0 0
0.568424 -0.149551 0.154413 0 0 0
0.569090 -0.148434 0.154371 0 0 0
0.569676 -0.147302 0.154344 0 0 0
0.570269 -0.146150 0.154313 0 0 0
0.570783 -0.145168 0.154223 0 0 0
0.570649 -0.143638 0.153684 0 0 0
0.571087 -0.142632 0.153611 0 0 0
0.571674 -0.141477 0.153581 0 0 0
0.572247 -0.140339 0.153558 0 0 0
0.572824 -0.139204 0.153533 0 0 0
0.573403 -0.138068 0.153509 0 0 0
0.573982 -0.136933 0.153484 0 0 0
0.574561 -0.135798 0.153459 0 0 0
0.575140 -0.134664 0.153434 0 0 0
0.575729 -0.133529 0.153408 0 0 0
0.576398 -0.132417 0.153365 0 0 0
0.576998 -0.131319 0.153332 0 0 0
0.577578 -0.130182 0.153307 0 0 0
0.578157 -0.129046 0.153282 0 0 0
0.578736 -0.127911 0.153257 0 0 0
0.579315 -0.126776 0.153233 0 0 0
0.579896 -0.125640 0.153208 0 0 0
0.580462 -0.124509 0.153185 0 0 0
0.580961 -0.123309 0.153183 0 0 0
0.581401 -0.122412 0.153178 0 0 0
0.583193 -0.121042 0.153729 0 0 0
0.583503 -0.120332 0.153686 0 0 0
0.583390 -0.118640 0.153129 0 0 0
0.583821 -0.117657 0.153068 0 0 0
0.584414 -0.116501 0.153037 0 0 0
0.585093 -0.115369 0.152989 0 0 0
0.585560 -0.114442 0.152918 0 0 0
0.585507 -0.112819 0.152356 0 0 0
0.586003 -0.111825 0.152263 0 0 0
0.586532 -0.110851 0.152176 0 0 0
0.586541 -0.109219 0.151589 0 0 0
0.587075 -0.108260 0.151509 0 0 0
0.587681 -0.107108 0.151477 0 0 0
0.588054 -0.106186 0.151489 0 0 0
0.589765 -0.104838 0.152057 0 0 0
0.590073 -0.103857 0.152090 0 0 0
0.590528 -0.102915 0.152105 0 0 0
0.592145 -0.101546 0.152681 0 0 0
0.592419 -0.100876 0.152717 0 0 0
0.593952 -0.099419 0.153317 0 0 0
0.594291 -0.098795 0.153327 0 0 0
0.596063 -0.097481 0.153881 0 0 0
0.596523 -0.096588 0.153871 0 0 0
0.596977 -0.095609 0.153817 0 0 0
0.596857 -0.093851 0.153246 0 0 0
0.597294 -0.092892 0.153191 0 0 0
0.597870 -0.091731 0.153165 0 0 0
0.598475 -0.090632 0.153131 0 0 0
0.599240 -0.089555 0.153067 255 0 0
0.599846 -0.088458 0.153033 0 0 0
0.600423 -0.087323 0.153009 0 0 0
0.600992 -0.086187 0.152986 255 0 0
0.601568 -0.085052 0.152962 255 0 0
0.602145 -0.083918 0.152937 255 0 0
0.602723 -0.082786 0.152913 255 0 0
0.603301 -0.081653 0.152888 255 0 0
0.603881 -0.080520 0.152863 255 0 0
0.604467 -0.079391 0.152836 255 0 0
0.605047 -0.078260 0.152811 255 0 0
0.605625 -0.077128 0.152787 255 0 0
0.606203 -0.075995 0.152762 255 0 0
0.606781 -0.074862 0.152737 255 0 0
0.607358 -0.073729 0.152713 255 0 0
0.607935 -0.072598 0.152688 255 0 0
0.608504 -0.071446 0.152667 255 0 0
0.608998 -0.070270 0.152662 255 0 0
0.609569 -0.069167 0.152636 255 0 0
0.610224 -0.068062 0.152594 255 0 0
0.610813 -0.066925 0.152567 255 0 0
0.611390 -0.065793 0.152543 255 0 0
0.611968 -0.064660 0.152518 255 0 0
0.612554 -0.063502 0.152490 255 0 0
0.612997 -0.062571 0.152444 0 0 0
0.612932 -0.060703 0.151848 0 0 0
0.613464 -0.059774 0.151780 0 0 0
0.613932 -0.058851 0.151725 0 0 0
0.613938 -0.057040 0.151126 0 0 0
0.614402 -0.056078 0.151061 0 0 0
0.615011 -0.054943 0.151025 0 0 0
0.615776 -0.053874 0.150960 255 0 0
0.616383 -0.052765 0.150927 255 0 0
0.616963 -0.051626 0.150902 255 0 0
0.617543 -0.050489 0.150877 0 0 0
0.618126 -0.049349 0.150852 0 0 0
0.618680 -0.048219 0.150833 0 0 0
0.619171 -0.047032 0.150829 0 0 0
0.619744 -0.045876 0.150807 0 0 0
0.620323 -0.044740 0.150783 0 0 0
0.620903 -0.043602 0.150758 0 0 0
0.621484 -0.042465 0.150733 0 0 0
0.622064 -0.041327 0.150708 0 0 0
0.622644 -0.040190 0.150684 0 0 0
0.623224 -0.039052 0.150659 0 0 0
0.623803 -0.037916 0.150634 0 0 0
0.624376 -0.036761 0.150612 0 0 0
0.624870 -0.035573 0.150608 0 0 0
0.625423 -0.034443 0.150589 0 0 0
0.626007 -0.033305 0.150564 0 0 0
0.626611 -0.032149 0.150539 0 0 0
0.627099 -0.031246 0.150540 0 0 0
0.628724 -0.030135 0.151077 0 0 0
0.629194 -0.029218 0.151083 0 0 0
0.629712 -0.027983 0.151078 0 0 0
0.630125 -0.027043 0.151044 0 0 0
0.630042 -0.025293 0.150724 0 0 0
0.631314 -0.024600 0.150947 0 0 0
0.631348 -0.022903 0.150377 0 0 0
0.631808 -0.021960 0.150318 0 0 0
0.632417 -0.020795 0.150286 0 0 0
0.633080 -0.019693 0.150242 0 0 0
0.633690 -0.018572 0.150206 0 0 0
0.634210 -0.017697 0.150151 0 0 0
0.634195 -0.015689 0.149533 0 0 0
0.634662 -0.014771 0.149491 0 0 0
0.635344 -0.013649 0.149443 0 0 0
0.635945 -0.012503 0.149412 0 0 0
0.636391 -0.011589 0.149374 0 0 0
0.636448 -0.009630 0.148752 0 0 0
0.636907 -0.008697 0.148699 0 0 0
0.637501 -0.007532 0.148671 0 0 0
0.638102 -0.006384 0.148642 0 0 0
0.638768 -0.005282 0.148598 0 0 0
0.639375 -0.004153 0.148564 0 0 0
0.639900 -0.003278 0.148510 0 0 0
0.639924 -0.001228 0.147882 0 0 0
0.640455 -0.000352 0.147827 0 0 0
0.641055 0.000787 0.147795 0 0 0
0.641724 0.001888 0.147749 0 0 0
0.642346 0.003075 0.147693 0 0 0
0.642896 0.004005 0.147482 0 0 0
0.642893 0.005967 0.147035 0 0 0
0.643341 0.006901 0.147001 0 0 0
0.643937 0.008074 0.146974 0 0 0
0.644530 0.009242 0.146953 0 0 0
0.645043 0.010200 0.146980 0 0 0
0.646371 0.011270 0.147517 0 0 0
0.646879 0.012228 0.147544 0 0 0
0.647479 0.013393 0.147522 0 0 0
0.648047 0.014547 0.147507 0 0 0
0.648496 0.015565 0.147554 0 0 0
0.649865 0.016598 0.148090 0 0 0
0.650309 0.017565 0.148119 0 0 0
0.650900 0.018739 0.148099 0 0 0
0.651500 0.019892 0.148071 0 0 0
0.652135 0.020978 0.148033 0 0 0
0.652645 0.022160 0.148024 0 0 0
0.653228 0.023310 0.148000 0 0 0
0.653805 0.024456 0.147976 0 0 0
0.654386 0.025599 0.147952 0 0 0
0.654968 0.026741 0.147927 0 0 0
0.655550 0.027883 0.147902 0 0 0
0.656133 0.029026 0.147878 0 0 0
0.656762 0.030181 0.147842 0 0 0
0.657369 0.030987 0.147772 0 0 0
0.657460 0.033130 0.147122 0 0 0
0.657923 0.033708 0.147052 0 0 0
0.658030 0.035882 0.146398 0 0 0
0.658491 0.036463 0.146328 0 0 0
0.658697 0.038605 0.145652 0 0 0
0.659096 0.039226 0.145597 0 0 0
0.659278 0.041376 0.144926 0 0 0
0.659677 0.042003 0.144871 0 0 0
0.659710 0.043991 0.144296 0 0 0
0.661016 0.044700 0.144773 0 0 0
0.661528 0.045660 0.144804 0 0 0
0.662002 0.046963 0.144821 0 0 0
0.662505 0.047921 0.144848 0 0 0
0.663919 0.048822 0.145360 0 0 0
0.664395 0.049825 0.145395 0 0 0
0.664988 0.051001 0.145375 0 0 0
0.665568 0.052157 0.145352 0 0 0
0.666086 0.053364 0.145345 0 0 0
0.666633 0.054507 0.145328 0 0 0
0.667221 0.055658 0.145303 0 0 0
0.667807 0.056807 0.145278 0 0 0
0.668393 0.057956 0.145253 0 0 0
0.668979 0.059108 0.145228 0 0 0
0.669568 0.060243 0.145201 0 0 0
0.670236 0.061336 0.145155 0 0 0
0.670849 0.062494 0.145125 0 0 0
0.671435 0.063641 0.145100 0 0 0
0.672022 0.064790 0.145075 0 0 0
0.672623 0.065968 0.145048 0 0 0
0.673083 0.066863 0.145016 0 0 0
0.673232 0.069036 0.144354 0 0 0
0.673775 0.069909 0.144304 0 0 0
0.674280 0.070845 0.144266 0 0 0
0.674426 0.073040 0.143606 0 0 0
0.674885 0.073928 0.143575 0 0 0
0.675566 0.075055 0.143527 0 0 0
0.676182 0.076218 0.143497 0 0 0
0.676770 0.077369 0.143472 0 0 0
0.677359 0.078523 0.143447 0 0 0
0.677947 0.079676 0.143422 0 0 0
0.678536 0.080829 0.143397 0 0 0
0.679119 0.081991 0.143373 0 0 0
0.679667 0.083229 0.143362 0 0 0
0.680131 0.084019 0.143334 0 0 0
0.569791 -0.152100 0.154786 0 0 0
0.570210 -0.151299 0.154767 0 0 0
0.570898 -0.150147 0.154724 0 0 0
0.571497 -0.149063 0.154690 0 0 0
0.572078 -0.147912 0.154660 0 0 0
0.572508 -0.146915 0.154588 0 0 0
0.572369 -0.145387 0.154049 0 0 0
0.572880 -0.144406 0.153959 0 0 0
0.573472 -0.143255 0.153927 0 0 0
0.574048 -0.142126 0.153902 0 0 0
0.574634 -0.140996 0.153876 0 0 0
0.575305 -0.139883 0.153833 0 0 0
0.575891 -0.138802 0.153802 0 0 0
0.576368 -0.137634 0.153799 0 0 0
0.576934 -0.136471 0.153779 0 0 0
0.577514 -0.135320 0.153750 0 0 0
0.577951 -0.134334 0.153675 0 0 0
0.577919 -0.132784 0.153112 0 0 0
0.578357 -0.131792 0.153042 0 0 0
0.578939 -0.130638 0.153013 0 0 0
0.579516 -0.129504 0.152988 0 0 0
0.580094 -0.128372 0.152964 0 0 0
0.580672 -0.127238 0.152939 0 0 0
0.581268 -0.126077 0.152914 0 0 0
0.581714 -0.125211 0.152906 0 0 0
0.583499 -0.123854 0.153466 0 0 0
0.583933 -0.122965 0.153462 0 0 0
0.584432 -0.121766 0.153459 0 0 0
0.585023 -0.120677 0.153428 0 0 0
0.585694 -0.119573 0.153383 0 0 0
0.586278 -0.118419 0.153354 0 0 0
0.586712 -0.117447 0.153294 0 0 0
0.586586 -0.115771 0.152733 0 0 0
0.587038 -0.114832 0.152665 0 0 0
0.587717 -0.113698 0.152617 0 0 0
0.588405 -0.112567 0.152567 0 0 0
0.588862 -0.111630 0.152496 0 0 0
0.588706 -0.110131 0.151873 0 0 0
0.588579 -0.108606 0.151246 0 0 0
0.588900 -0.107881 0.151202 0 0 0
0.590552 -0.106445 0.151786 0 0 0
0.590806 -0.105787 0.151813 0 0 0
0.592450 -0.104410 0.152398 0 0 0
0.592907 -0.103479 0.152399 0 0 0
0.593299 -0.102542 0.152414 0 0 0
0.594809 -0.101428 0.153017 0 0 0
0.596348 -0.100319 0.153613 0 0 0
0.596773 -0.099432 0.153616 0 0 0
0.597174 -0.098186 0.153635 0 0 0
0.597720 -0.097039 0.153618 0 0 0
0.598325 -0.095947 0.153584 0 0 0
0.599092 -0.094873 0.153521 0 0 0
0.599695 -0.093782 0.153487 0 0 0
0.600269 -0.092624 0.153460 255 0 0
0.600702 -0.091677 0.153407 0 0 0
0.600584 -0.089903 0.152832 0 0 0
0.601021 -0.088954 0.152778 0 0 0
0.601616 -0.087799 0.152748 0 0 0
0.602288 -0.086701 0.152703 0 0 0
0.602882 -0.085602 0.152672 0 0 0
0.603459 -0.084469 0.152647 255 0 0
0.604036 -0.083338 0.152623 0 0 0
0.604615 -0.082206 0.152598 255 0 0
0.605171 -0.081081 0.152577 255 0 0
0.605652 -0.079905 0.152574 255 0 0
0.606218 -0.078752 0.152553 255 0 0
0.606793 -0.077623 0.152529 255 0 0
0.607370 -0.076492 0.152504 255 0 0
0.607947 -0.075362 0.152480 255 0 0
0.608523 -0.074231 0.152455 255 0 0
0.609100 -0.073101 0.152431 255 0 0
0.609679 -0.071973 0.152405 255 0 0
0.610263 -0.070847 0.152379 255 0 0
0.610854 -0.069712 0.152352 255 0 0
0.611509 -0.068612 0.152310 255 0 0
0.612097 -0.067508 0.152281 255 0 0
0.612674 -0.066375 0.152256 255 0 0
0.613251 -0.065244 0.152231 255 0 0
0.613828 -0.064111 0.152207 255 0 0
0.614429 -0.062984 0.152173 255 0 0
0.614954 -0.062091 0.152108 0 0 0
0.614891 -0.060219 0.151509 0 0 0
0.615344 -0.059317 0.151458 0 0 0
0.616030 -0.058188 0.151409 0 0 0
0.616725 -0.057063 0.151358 0 0 0
0.617171 -0.056166 0.151309 0 0 0
0.617084 -0.054266 0.150714 0 0 0
0.617526 -0.053335 0.150669 0 0 0
0.618113 -0.052174 0.150641 255 0 0
0.618692 -0.051038 0.150617 255 0 0
0.619288 -0.049880 0.150593 0 0 0
0.619764 -0.048985 0.150593 0 0 0
0.621444 -0.047837 0.151132 0 0 0
0.621890 -0.046953 0.151137 0 0 0
0.622393 -0.045745 0.151134 0 0 0
0.622964 -0.044593 0.151113 0 0 0
0.623541 -0.043461 0.151088 0 0 0
0.624118 -0.042330 0.151063 0 0 0
0.624714 -0.041193 0.151036 0 0 0
0.625387 -0.040101 0.150990 0 0 0
0.625976 -0.038997 0.150960 0 0 0
0.626554 -0.037861 0.150936 0 0 0
0.627132 -0.036728 0.150911 0 0 0
0.627710 -0.035595 0.150886 0 0 0
0.628288 -0.034462 0.150862 0 0 0
0.628867 -0.033329 0.150837 0 0 0
0.629407 -0.032190 0.150821 0 0 0
0.629829 -0.030945 0.150834 0 0 0
0.630464 -0.029849 0.150797 0 0 0
0.631054 -0.028737 0.150768 0 0 0
0.631641 -0.027622 0.150739 0 0 0
0.632295 -0.026512 0.150698 0 0 0
0.632821 -0.025351 0.150685 0 0 0
0.633458 -0.024266 0.150644 0 0 0
0.634080 -0.023087 0.150585 0 0 0
0.634632 -0.022155 0.150351 0 0 0
0.634557 -0.020285 0.149939 0 0 0
0.634931 -0.019291 0.149918 0 0 0
0.635612 -0.018180 0.149869 0 0 0
0.636295 -0.017088 0.149819 0 0 0
0.636748 -0.016170 0.149780 0 0 0
0.636713 -0.014153 0.149164 0 0 0
0.637158 -0.013241 0.149126 0 0 0
0.637755 -0.012099 0.149095 0 0 0
0.638436 -0.010997 0.149048 0 0 0
0.639117 -0.009896 0.149001 0 0 0
0.639716 -0.008754 0.148970 0 0 0
0.640161 -0.007847 0.148933 0 0 0
0.640137 -0.005808 0.148314 0 0 0
0.640602 -0.004891 0.148274 0 0 0
0.641298 -0.003761 0.148221 0 0 0
0.641828 -0.002914 0.148164 0 0 0
0.641851 -0.000857 0.147534 0 0 0
0.642375 0.000015 0.147481 0 0 0
0.642984 0.001193 0.147447 0 0 0
0.643437 0.002142 0.147401 0 0 0
0.643515 0.004034 0.146935 0 0 0
0.644083 0.004954 0.146725 0 0 0
0.644684 0.006141 0.146675 0 0 0
0.645271 0.007284 0.146649 0 0 0
0.645873 0.008444 0.146626 0 0 0
0.646381 0.009401 0.146654 0 0 0
0.647705 0.010471 0.147194 0 0 0
0.648212 0.011428 0.147222 0 0 0
0.648790 0.012607 0.147210 0 0 0
0.649237 0.013582 0.147237 0 0 0
0.650750 0.014622 0.147772 0 0 0
0.651123 0.015373 0.147832 0 0 0
0.652519 0.016410 0.148369 0 0 0
0.653049 0.017393 0.148397 0 0 0
0.653506 0.018309 0.148366 0 0 0
0.653477 0.020218 0.147798 0 0 0
0.654838 0.020977 0.148282 0 0 0
0.655367 0.021906 0.148299 0 0 0
0.655962 0.023062 0.148276 0 0 0
0.656543 0.024200 0.148252 0 0 0
0.657123 0.025338 0.148227 0 0 0
0.657703 0.026475 0.148202 0 0 0
0.658294 0.027642 0.148176 0 0 0
0.658739 0.028532 0.148144 0 0 0
0.658790 0.030693 0.147502 0 0 0
0.659245 0.031260 0.147433 0 0 0
0.659322 0.033433 0.146783 0 0 0
0.659715 0.034042 0.146727 0 0 0
0.659923 0.036180 0.146050 0 0 0
0.660386 0.036755 0.145979 0 0 0
0.660495 0.038939 0.145323 0 0 0
0.660959 0.039515 0.145253 0 0 0
0.661027 0.041682 0.144607 0 0 0
0.661555 0.042544 0.144557 0 0 0
0.662123 0.043805 0.144546 0 0 0
0.662629 0.044750 0.144572 0 0 0
0.663978 0.045714 0.145099 0 0 0
0.664523 0.046689 0.145128 0 0 0
0.665012 0.047708 0.145167 0 0 0
0.666426 0.048603 0.145678 0 0 0
0.666967 0.049549 0.145697 0 0 0
0.667566 0.050712 0.145675 0 0 0
0.668110 0.051848 0.145659 0 0 0
0.668649 0.053061 0.145647 0 0 0
0.669313 0.054157 0.145602 0 0 0
0.669896 0.055286 0.145576 0 0 0
0.670473 0.056438 0.145553 0 0 0
0.671060 0.057583 0.145527 0 0 0
0.671650 0.058722 0.145501 0 0 0
0.672234 0.059866 0.145475 0 0 0
0.672818 0.061010 0.145451 0 0 0
0.673402 0.062155 0.145426 0 0 0
0.673986 0.063299 0.145401 0 0 0
0.674581 0.064475 0.145375 0 0 0
0.675031 0.065361 0.145345 0 0 0
0.675170 0.067547 0.144685 0 0 0
0.675672 0.068478 0.144646 0 0 0
0.676214 0.069340 0.144596 0 0 0
0.676363 0.071523 0.143932 0 0 0
0.676824 0.072417 0.143900 0 0 0
0.677425 0.073596 0.143873 0 0 0
0.678011 0.074745 0.143848 0 0 0
0.678597 0.075891 0.143823 0 0 0
0.679214 0.077052 0.143793 0 0 0
0.679838 0.078135 0.143757 0 0 0
0.680361 0.079334 0.143746 0 0 0
0.680942 0.080491 0.143723 0 0 0
0.681528 0.081640 0.143698 0 0 0
0.682134 0.082827 0.143672 0 0 0
0.682564 0.083666 0.143654 0 0 0
0.572081 -0.152625 0.155131 0 0 0
0.572427 -0.151972 0.155054 0 0 0
0.572303 -0.150431 0.154515 0 0 0
0.572730 -0.149431 0.154440 0 0 0
0.573309 -0.148282 0.154410 0 0 0
0.573906 -0.147200 0.154376 0 0 0
0.574582 -0.146093 0.154332 0 0 0
0.575259 -0.144986 0.154288 0 0 0
0.575855 -0.143905 0.154255 0 0 0
0.576427 -0.142753 0.154226 0 0 0
0.576860 -0.141767 0.154156 0 0 0
0.576711 -0.140147 0.153615 0 0 0
0.577011 -0.139427 0.153565 0 0 0
0.578835 -0.138023 0.154118 0 0 0
0.579271 -0.137171 0.154110 0 0 0
0.579869 -0.135994 0.154081 0 0 0
0.580301 -0.135012 0.154011 0 0 0
0.580266 -0.133462 0.153447 0 0 0
0.580711 -0.132479 0.153370 0 0 0
0.581387 -0.131350 0.153322 0 0 0
0.581984 -0.130264 0.153289 0 0 0
0.582561 -0.129134 0.153264 0 0 0
0.583136 -0.128006 0.153239 0 0 0
0.583710 -0.126879 0.153215 0 0 0
0.584273 -0.125723 0.153195 0 0 0
0.584750 -0.124557 0.153192 0 0 0
0.585316 -0.123434 0.153169 0 0 0
0.585885 -0.122312 0.153146 0 0 0
0.586360 -0.121143 0.153143 0 0 0
0.586926 -0.119984 0.153123 0 0 0
0.587594 -0.118882 0.153079 0 0 0
0.588211 -0.117826 0.153040 0 0 0
0.588880 -0.116722 0.152996 0 0 0
0.589472 -0.115572 0.152965 0 0 0
0.589906 -0.114608 0.152905 0 0 0
0.589756 -0.112909 0.152345 0 0 0
0.590220 -0.111956 0.152273 0 0 0
0.590756 -0.110990 0.152183 0 0 0
0.590871 -0.109379 0.151577 0 0 0
0.591192 -0.108663 0.151534 0 0 0
0.592756 -0.107206 0.152135 0 0 0
0.593077 -0.106582 0.152148 0 0 0
0.594732 -0.105211 0.152734 0 0 0
0.595104 -0.104278 0.152749 0 0 0
0.595557 -0.103348 0.152751 0 0 0
0.597172 -0.101989 0.153339 0 0 0
0.597463 -0.101017 0.153372 0 0 0
0.597895 -0.100106 0.153376 0 0 0
0.599670 -0.098829 0.153927 0 0 0
0.600122 -0.097944 0.153918 0 0 0
0.600572 -0.096974 0.153864 0 0 0
0.600434 -0.095211 0.153293 0 0 0
0.600879 -0.094263 0.153236 0 0 0
0.601557 -0.093143 0.153187 0 0 0
0.602165 -0.092083 0.153149 0 0 0
0.602828 -0.090983 0.153106 0 0 0
0.603428 -0.089834 0.153075 0 0 0
0.603863 -0.088896 0.153022 0 0 0
0.603746 -0.087110 0.152443 0 0 0
0.604182 -0.086167 0.152390 0 0 0
0.604764 -0.085015 0.152362 0 0 0
0.605340 -0.083886 0.152337 0 0 0
0.605932 -0.082732 0.152314 0 0 0
0.606389 -0.081860 0.152310 255 0 0
0.608109 -0.080617 0.152862 255 0 0
0.608572 -0.079752 0.152857 255 0 0
0.609166 -0.078603 0.152833 255 0 0
0.609741 -0.077477 0.152808 255 0 0
0.610315 -0.076351 0.152783 0 0 0
0.610887 -0.075225 0.152759 0 0 0
0.611452 -0.074096 0.152737 255 0 0
0.612025 -0.072967 0.152713 255 0 0
0.612608 -0.071819 0.152683 255 0 0
0.613067 -0.070870 0.152614 255 0 0
0.613072 -0.069102 0.152018 0 0 0
0.613512 -0.068180 0.151968 255 0 0
0.614097 -0.067027 0.151940 255 0 0
0.614673 -0.065898 0.151915 255 0 0
0.615248 -0.064770 0.151891 255 0 0
0.615822 -0.063637 0.151867 255 0 0
0.616404 -0.062534 0.151838 255 0 0
0.617073 -0.061443 0.151793 0 0 0
0.617672 -0.060287 0.151763 255 0 0
0.618110 -0.059366 0.151717 0 0 0
0.618024 -0.057472 0.151120 0 0 0
0.618567 -0.056609 0.151050 0 0 0
0.619263 -0.055522 0.150995 0 0 0
0.619856 -0.054386 0.150968 0 0 0
0.620435 -0.053255 0.150943 255 0 0
0.620985 -0.052133 0.150924 255 0 0
0.621467 -0.050952 0.150921 0 0 0
0.622029 -0.049782 0.150902 0 0 0
0.622530 -0.048578 0.150900 0 0 0
0.622976 -0.047697 0.150905 0 0 0
0.624647 -0.046549 0.151447 0 0 0
0.625125 -0.045670 0.151446 0 0 0
0.625720 -0.044520 0.151422 0 0 0
0.626304 -0.043365 0.151395 0 0 0
0.626743 -0.042454 0.151353 0 0 0
0.626653 -0.040505 0.150752 0 0 0
0.627094 -0.039590 0.150709 0 0 0
0.627679 -0.038433 0.150682 0 0 0
0.628255 -0.037302 0.150658 0 0 0
0.628832 -0.036171 0.150633 0 0 0
0.629409 -0.035040 0.150608 0 0 0
0.630002 -0.033888 0.150585 0 0 0
0.630493 -0.032990 0.150590 0 0 0
0.631976 -0.032077 0.151089 0 0 0
0.631877 -0.030340 0.150524 0 0 0
0.632395 -0.029459 0.150463 0 0 0
0.632993 -0.028324 0.150432 0 0 0
0.633564 -0.027188 0.150408 0 0 0
0.634144 -0.026059 0.150383 0 0 0
0.634728 -0.024900 0.150356 0 0 0
0.635166 -0.023975 0.150319 0 0 0
0.635140 -0.022067 0.149883 0 0 0
0.635524 -0.021428 0.149689 0 0 0
0.636975 -0.018592 0.149581 0 0 0
0.637419 -0.017755 0.149559 0 0 0
0.638115 -0.016655 0.149509 0 0 0
0.638793 -0.015591 0.149459 0 0 0
0.639385 -0.014449 0.149431 0 0 0
0.639983 -0.013275 0.149376 0 0 0
0.640529 -0.012349 0.149149 0 0 0
0.640496 -0.010436 0.148721 0 0 0
0.640934 -0.009505 0.148686 0 0 0
0.641532 -0.008365 0.148655 0 0 0
0.642211 -0.007249 0.148607 0 0 0
0.642669 -0.006341 0.148569 0 0 0
0.642663 -0.004288 0.147943 0 0 0
0.643201 -0.003418 0.147883 0 0 0
0.643758 -0.002532 0.147807 0 0 0
0.643868 -0.000551 0.147168 0 0 0
0.644320 0.000387 0.147131 0 0 0
0.644775 0.001321 0.147093 0 0 0
0.644866 0.003311 0.146460 0 0 0
0.645339 0.004243 0.146406 0 0 0
0.646014 0.005368 0.146357 0 0 0
0.646575 0.006489 0.146335 0 0 0
0.647096 0.007701 0.146332 0 0 0
0.647607 0.008669 0.146361 0 0 0
0.649035 0.009706 0.146894 0 0 0
0.649549 0.010644 0.146908 0 0 0
0.650102 0.011598 0.146917 0 0 0
0.651540 0.012541 0.147266 0 0 0
0.651937 0.013621 0.147480 0 0 0
0.652425 0.014617 0.147546 0 0 0
0.653737 0.015665 0.148082 0 0 0
0.654242 0.016616 0.148113 0 0 0
0.654847 0.017749 0.148088 0 0 0
0.655474 0.018834 0.148051 0 0 0
0.655919 0.020096 0.148061 0 0 0
0.656454 0.021232 0.148046 0 0 0
0.657034 0.022368 0.148021 0 0 0
0.657613 0.023503 0.147996 0 0 0
0.658192 0.024639 0.147972 0 0 0
0.658771 0.025774 0.147947 0 0 0
0.659350 0.026910 0.147922 0 0 0
0.659978 0.028057 0.147886 0 0 0
0.660586 0.028850 0.147816 0 0 0
0.660627 0.030969 0.147174 0 0 0
0.661193 0.031843 0.147114 0 0 0
0.661763 0.032736 0.147039 0 0 0
0.661876 0.034514 0.146362 0 0 0
0.661780 0.036473 0.145713 0 0 0
0.662172 0.037083 0.145657 0 0 0
0.662338 0.039204 0.144988 0 0 0
0.662892 0.040060 0.144932 0 0 0
0.663607 0.041188 0.144879 0 0 0
0.664166 0.042326 0.144863 0 0 0
0.664633 0.043333 0.144905 0 0 0
0.665933 0.044301 0.145441 0 0 0
0.666400 0.045298 0.145479 0 0 0
0.666985 0.046477 0.145461 0 0 0
0.667495 0.047678 0.145454 0 0 0
0.668038 0.048814 0.145438 0 0 0
0.668636 0.049975 0.145417 0 0 0
0.669194 0.050926 0.145443 0 0 0
0.670483 0.051583 0.145911 0 0 0
0.670491 0.053602 0.145347 0 0 0
0.670967 0.054500 0.145310 0 0 0
0.671650 0.055617 0.145263 0 0 0
0.672197 0.056742 0.145244 0 0 0
0.672706 0.057946 0.145238 0 0 0
0.673283 0.059096 0.145215 0 0 0
0.673865 0.060237 0.145190 0 0 0
0.674447 0.061379 0.145165 0 0 0
0.675030 0.062522 0.145140 0 0 0
0.675612 0.063666 0.145115 0 0 0
0.676197 0.064792 0.145088 0 0 0
0.676912 0.065915 0.145034 0 0 0
0.677464 0.066750 0.144981 0 0 0
0.677513 0.068974 0.144337 0 0 0
0.678067 0.069815 0.144284 0 0 0
0.678782 0.070938 0.144230 0 0 0
0.679368 0.072067 0.144203 0 0 0
0.679952 0.073214 0.144179 0 0 0
0.680547 0.074389 0.144153 0 0 0
0.680994 0.075276 0.144124 0 0 0
0.681058 0.077366 0.143563 0 0 0
0.682264 0.077962 0.144018 0 0 0
0.682844 0.078927 0.144053 0 0 0
0.683442 0.080087 0.144032 0 0 0
0.684026 0.081232 0.144007 0 0 0
0.684626 0.082413 0.143982 0 0 0
0.685073 0.083254 0.143961 0 0 0
0.574022 -0.151977 0.154830 0 0 0
0.574520 -0.151188 0.154797 0 0 0
0.575133 -0.150031 0.154768 0 0 0
0.575800 -0.148927 0.154726 0 0 0
0.576398 -0.147831 0.154688 0 0 0
0.576816 -0.146844 0.154617 0 0 0
0.576649 -0.145269 0.154080 0 0 0
0.577086 -0.144282 0.154007 0 0 0
0.577747 -0.143162 0.153961 0 0 0
0.578273 -0.142088 0.153939 0 0 0
0.579023 -0.140970 0.153883 0 0 0
0.579612 -0.139862 0.153853 0 0 0
0.580085 -0.138702 0.153850 0 0 0
0.580646 -0.137582 0.153828 0 0 0
0.581222 -0.136455 0.153803 0 0 0
0.581818 -0.135370 0.153770 0 0 0
0.582489 -0.134249 0.153722 0 0 0
0.582927 -0.133275 0.153655 0 0 0
0.582761 -0.131647 0.153107 0 0 0
0.583191 -0.130669 0.153041 0 0 0
0.583769 -0.129521 0.153012 0 0 0
0.584344 -0.128395 0.152988 0 0 0
0.584919 -0.127270 0.152963 0 0 0
0.585496 -0.126147 0.152938 0 0 0
0.586078 -0.125023 0.152912 0 0 0
0.586672 -0.123869 0.152887 0 0 0
0.587113 -0.123012 0.152880 0 0 0
0.588916 -0.121652 0.153433 0 0 0
0.589218 -0.120956 0.153392 0 0 0
0.589088 -0.119256 0.152831 0 0 0
0.589517 -0.118287 0.152769 0 0 0
0.590088 -0.117136 0.152742 0 0 0
0.590662 -0.116007 0.152718 0 0 0
0.591255 -0.114921 0.152685 0 0 0
0.591925 -0.113820 0.152642 0 0 0
0.592518 -0.112670 0.152611 0 0 0
0.592956 -0.111711 0.152543 0 0 0
0.593059 -0.110100 0.151939 0 0 0
0.593374 -0.109393 0.151896 0 0 0
0.594921 -0.107963 0.152495 0 0 0
0.595371 -0.107038 0.152497 0 0 0
0.595743 -0.106109 0.152512 0 0 0
0.597379 -0.104767 0.153097 0 0 0
0.597828 -0.103846 0.153099 0 0 0
0.598201 -0.102921 0.153114 0 0 0
0.599828 -0.101586 0.153698 0 0 0
0.600262 -0.100698 0.153699 0 0 0
0.600748 -0.099503 0.153698 0 0 0
0.601300 -0.098386 0.153677 0 0 0
0.601893 -0.097301 0.153645 0 0 0
0.602571 -0.096184 0.153596 0 0 0
0.603016 -0.095247 0.153534 0 0 0
0.603014 -0.093547 0.152937 0 0 0
0.603460 -0.092600 0.152878 0 0 0
0.604111 -0.091487 0.152835 0 0 0
0.604600 -0.090349 0.152826 0 0 0
0.605193 -0.089235 0.152796 0 0 0
0.605962 -0.088172 0.152732 255 0 0
0.606565 -0.087086 0.152698 255 0 0
0.607138 -0.085960 0.152673 0 0 0
0.607711 -0.084836 0.152649 0 0 0
0.608283 -0.083714 0.152625 0 0 0
0.608848 -0.082566 0.152604 0 0 0
0.609302 -0.081402 0.152605 0 0 0
0.609755 -0.080236 0.152607 255 0 0
0.610320 -0.079088 0.152586 255 0 0
0.610891 -0.077966 0.152561 255 0 0
0.611464 -0.076843 0.152537 0 0 0
0.612053 -0.075718 0.152510 255 0 0
0.612725 -0.074631 0.152465 255 0 0
0.613314 -0.073539 0.152434 255 0 0
0.613896 -0.072387 0.152406 0 0 0
0.614334 -0.071472 0.152356 0 0 0
0.614325 -0.069699 0.151761 0 0 0
0.614785 -0.068748 0.151692 255 0 0
0.615368 -0.067601 0.151662 255 0 0
0.615942 -0.066475 0.151637 255 0 0
0.616516 -0.065349 0.151613 255 0 0
0.617090 -0.064223 0.151588 255 0 0
0.617663 -0.063094 0.151564 255 0 0
0.618228 -0.061965 0.151542 255 0 0
0.618800 -0.060836 0.151518 255 0 0
0.619418 -0.059718 0.151480 255 0 0
0.620032 -0.058865 0.151397 0 0 0
0.619977 -0.057004 0.150790 0 0 0
0.620409 -0.056079 0.150745 0 0 0
0.620990 -0.054924 0.150718 0 0 0
0.621583 -0.053772 0.150695 0 0 0
0.622052 -0.052889 0.150694 255 0 0
0.623727 -0.051731 0.151240 255 0 0
0.624194 -0.050854 0.151240 0 0 0
0.624784 -0.049704 0.151216 0 0 0
0.625355 -0.048558 0.151194 0 0 0
0.625818 -0.047391 0.151195 255 0 0
0.626274 -0.046220 0.151196 0 0 0
0.626842 -0.045074 0.151175 0 0 0
0.627415 -0.043946 0.151150 0 0 0
0.628001 -0.042850 0.151120 0 0 0
0.628672 -0.041767 0.151075 0 0 0
0.629283 -0.040632 0.151044 0 0 0
0.629956 -0.039550 0.150998 0 0 0
0.630539 -0.038454 0.150969 0 0 0
0.631104 -0.037321 0.150946 0 0 0
0.631677 -0.036193 0.150922 0 0 0
0.632250 -0.035068 0.150898 0 0 0
0.632816 -0.033923 0.150876 0 0 0
0.633324 -0.032746 0.150863 0 0 0
0.633839 -0.031871 0.150791 0 0 0
0.633915 -0.029975 0.150165 0 0 0
0.634354 -0.029074 0.150124 0 0 0
0.634940 -0.027919 0.150097 0 0 0
0.635518 -0.026788 0.150072 0 0 0
0.636064 -0.025665 0.150053 0 0 0
0.636579 -0.024503 0.150042 0 0 0
0.637330 -0.023440 0.149979 0 0 0
0.637933 -0.022339 0.149947 0 0 0
0.638510 -0.021210 0.149923 0 0 0
0.639093 -0.020052 0.149896 0 0 0
0.639529 -0.019155 0.149858 0 0 0
0.639476 -0.017134 0.149242 0 0 0
0.639928 -0.016227 0.149202 0 0 0
0.640616 -0.015091 0.149152 0 0 0
0.641054 -0.014188 0.149115 0 0 0
0.641025 -0.012278 0.148684 0 0 0
0.641572 -0.011352 0.148456 0 0 0
0.642172 -0.010177 0.148401 0 0 0
0.642751 -0.009047 0.148375 0 0 0
0.643341 -0.007902 0.148349 0 0 0
0.644025 -0.006812 0.148296 0 0 0
0.644571 -0.005960 0.148222 0 0 0
0.644685 -0.003958 0.147580 0 0 0
0.644986 -0.003284 0.147537 0 0 0
0.645100 -0.001277 0.146893 0 0 0
0.645633 -0.000394 0.146824 0 0 0
0.646244 0.000729 0.146787 0 0 0
0.646927 0.001865 0.146714 0 0 0
0.647497 0.002797 0.146485 0 0 0
0.647505 0.004765 0.146049 0 0 0
0.647898 0.005484 0.146045 0 0 0
0.649356 0.006460 0.146393 0 0 0
0.649807 0.007476 0.146586 0 0 0
0.650327 0.008716 0.146611 0 0 0
0.650877 0.009848 0.146595 0 0 0
0.651441 0.011028 0.146605 0 0 0
0.651825 0.012092 0.146815 0 0 0
0.653278 0.013046 0.147171 0 0 0
0.653740 0.013786 0.147228 0 0 0
0.655065 0.014852 0.147770 0 0 0
0.655535 0.015794 0.147808 0 0 0
0.656065 0.017020 0.147808 0 0 0
0.656565 0.017951 0.147824 0 0 0
0.658079 0.018920 0.148346 0 0 0
0.658592 0.019832 0.148358 0 0 0
0.659192 0.020976 0.148334 0 0 0
0.659770 0.022106 0.148309 0 0 0
0.660347 0.023236 0.148284 0 0 0
0.660924 0.024367 0.148260 0 0 0
0.661511 0.025527 0.148234 0 0 0
0.661948 0.026406 0.148202 0 0 0
0.661949 0.028544 0.147568 0 0 0
0.662511 0.029412 0.147510 0 0 0
0.663079 0.030282 0.147449 0 0 0
0.662956 0.032207 0.146805 0 0 0
0.663068 0.033985 0.146126 0 0 0
0.663612 0.034870 0.146056 0 0 0
0.664104 0.035792 0.146013 0 0 0
0.664340 0.037867 0.145327 0 0 0
0.664666 0.038510 0.145286 0 0 0
0.664807 0.040673 0.144629 0 0 0
0.665205 0.041372 0.144638 0 0 0
0.666578 0.042396 0.145177 0 0 0
0.666998 0.043179 0.145256 0 0 0
0.668389 0.044095 0.145784 0 0 0
0.668855 0.045083 0.145821 0 0 0
0.669442 0.046250 0.145802 0 0 0
0.670022 0.047386 0.145777 0 0 0
0.670601 0.048523 0.145752 0 0 0
0.671176 0.049671 0.145729 0 0 0
0.671687 0.050854 0.145720 0 0 0
0.672358 0.051964 0.145675 0 0 0
0.672912 0.052800 0.145621 0 0 0
0.672965 0.055017 0.144984 0 0 0
0.673371 0.055705 0.144999 0 0 0
0.674760 0.056604 0.145509 0 0 0
0.675237 0.057598 0.145549 0 0 0
0.675824 0.058762 0.145529 0 0 0
0.676404 0.059899 0.145505 0 0 0
0.676984 0.061036 0.145480 0 0 0
0.677564 0.062171 0.145455 0 0 0
0.678191 0.063349 0.145423 0 0 0
0.678710 0.064168 0.145375 0 0 0
0.678759 0.066392 0.144729 0 0 0
0.679328 0.067255 0.144674 0 0 0
0.679898 0.068115 0.144618 0 0 0
0.679940 0.070363 0.143975 0 0 0
0.680388 0.071243 0.143947 0 0 0
0.680983 0.072417 0.143920 0 0 0
0.681565 0.073559 0.143896 0 0 0
0.682179 0.074694 0.143863 0 0 0
0.682920 0.075732 0.143799 0 0 0
0.683472 0.076923 0.143783 0 0 0
0.684009 0.078061 0.143768 0 0 0
0.684587 0.079210 0.143745 0 0 0
0.685169 0.080353 0.143720 0 0 0
0.685752 0.081498 0.143695 0 0 0
0.686356 0.082663 0.143668 0 0 0
0.686872 0.083450 0.143629 0 0 0
0.576402 -0.152527 0.155180 0 0 0
0.576899 -0.151734 0.155141 0 0 0
0.577362 -0.150772 0.155060 0 0 0
0.577187 -0.149201 0.154525 0 0 0
0.577620 -0.148216 0.154450 0 0 0
0.578315 -0.147139 0.154394 0 0 0
0.579009 -0.146063 0.154338 0 0 0
0.579429 -0.145064 0.154258 0 0 0
0.579189 -0.143755 0.153766 0 0 0
0.580663 -0.142590 0.154177 0 0 0
0.580417 -0.141274 0.153684 0 0 0
0.580839 -0.140278 0.153606 0 0 0
0.581422 -0.139137 0.153575 0 0 0
0.581996 -0.138016 0.153550 0 0 0
0.582567 -0.136894 0.153526 0 0 0
0.583136 -0.135769 0.153502 0 0 0
0.583701 -0.134643 0.153479 0 0 0
0.584293 -0.133566 0.153446 0 0 0
0.584974 -0.132465 0.153401 0 0 0
0.585639 -0.131371 0.153360 0 0 0
0.586127 -0.130258 0.153348 0 0 0
0.586690 -0.129101 0.153328 0 0 0
0.587259 -0.127981 0.153304 0 0 0
0.587831 -0.126860 0.153279 0 0 0
0.588403 -0.125739 0.153255 0 0 0
0.588973 -0.124619 0.153231 0 0 0
0.589534 -0.123466 0.153211 0 0 0
0.590004 -0.122303 0.153208 0 0 0
0.590580 -0.121231 0.153178 0 0 0
0.591251 -0.120132 0.153135 0 0 0
0.591835 -0.119010 0.153109 0 0 0
0.592406 -0.117890 0.153084 0 0 0
0.592978 -0.116768 0.153060 0 0 0
0.593550 -0.115647 0.153035 0 0 0
0.594122 -0.114525 0.153011 0 0 0
0.594701 -0.113379 0.152982 0 0 0
0.595128 -0.112432 0.152915 0 0 0
0.595237 -0.110817 0.152308 0 0 0
0.595546 -0.110119 0.152265 0 0 0
0.597094 -0.108665 0.152869 0 0 0
0.597551 -0.107801 0.152865 0 0 0
0.598010 -0.106908 0.152863 0 0 0
0.599548 -0.105506 0.153469 0 0 0
0.600002 -0.104619 0.153468 0 0 0
0.600457 -0.103733 0.153467 0 0 0
0.602117 -0.102399 0.154047 0 0 0
0.602558 -0.101548 0.154042 0 0 0
0.603146 -0.100404 0.154018 0 0 0
0.603716 -0.099287 0.153994 0 0 0
0.604286 -0.098170 0.153970 0 0 0
0.604861 -0.097029 0.153941 0 0 0
0.605288 -0.096096 0.153886 255 0 0
0.605275 -0.094363 0.153282 255 0 0
0.605572 -0.093600 0.153186 0 0 0
0.605489 -0.092129 0.152628 0 0 0
0.607087 -0.091002 0.153120 0 0 0
0.607403 -0.090328 0.153091 0 0 0
0.607282 -0.088509 0.152511 255 0 0
0.607712 -0.087575 0.152459 0 0 0
0.608290 -0.086430 0.152431 0 0 0
0.608862 -0.085308 0.152406 0 0 0
0.609434 -0.084187 0.152382 0 0 0
0.610027 -0.083042 0.152358 0 0 0
0.610486 -0.082184 0.152353 0 0 0
0.612223 -0.080955 0.152905 255 0 0
0.612673 -0.080095 0.152902 255 0 0
0.613262 -0.078950 0.152878 255 0 0
0.613839 -0.077806 0.152851 0 0 0
0.614268 -0.076886 0.152802 0 0 0
0.614156 -0.075049 0.152212 0 0 0
0.614587 -0.074127 0.152163 255 0 0
0.615167 -0.072977 0.152135 0 0 0
0.615752 -0.071887 0.152105 0 0 0
0.616412 -0.070798 0.152062 0 0 0
0.616999 -0.069674 0.152035 0 0 0
0.617571 -0.068554 0.152011 255 0 0
0.618143 -0.067434 0.151986 255 0 0
0.618731 -0.066310 0.151959 255 0 0
0.619401 -0.065225 0.151914 255 0 0
0.619979 -0.064135 0.151885 255 0 0
0.620549 -0.063008 0.151862 255 0 0
0.621129 -0.061860 0.151834 0 0 0
0.621563 -0.060949 0.151788 0 0 0
0.621507 -0.059092 0.151179 0 0 0
0.622121 -0.058243 0.151096 0 0 0
0.622739 -0.057129 0.151058 0 0 0
0.623312 -0.056003 0.151033 0 0 0
0.623883 -0.054881 0.151009 0 0 0
0.624447 -0.053738 0.150988 255 0 0
0.624925 -0.052563 0.150984 255 0 0
0.625473 -0.051445 0.150965 0 0 0
0.626051 -0.050318 0.150940 0 0 0
0.626613 -0.049176 0.150923 255 0 0
0.627001 -0.048254 0.150941 255 0 0
0.628645 -0.047088 0.151493 255 0 0
0.629110 -0.046214 0.151494 0 0 0
0.629699 -0.045068 0.151471 0 0 0
0.630271 -0.043946 0.151447 0 0 0
0.630852 -0.042798 0.151419 0 0 0
0.631284 -0.041900 0.151378 0 0 0
0.631204 -0.039948 0.150770 0 0 0
0.631658 -0.039042 0.150725 0 0 0
0.632340 -0.037936 0.150677 0 0 0
0.632926 -0.036839 0.150647 0 0 0
0.633499 -0.035713 0.150623 0 0 0
0.634074 -0.034590 0.150598 0 0 0
0.634663 -0.033441 0.150569 0 0 0
0.635093 -0.032544 0.150529 0 0 0
0.635130 -0.030643 0.149910 0 0 0
0.635582 -0.029721 0.149852 0 0 0
0.636168 -0.028571 0.149823 0 0 0
0.636758 -0.027422 0.149800 0 0 0
0.637249 -0.026528 0.149808 0 0 0
0.638704 -0.025640 0.150309 0 0 0
0.638582 -0.023869 0.149747 0 0 0
0.639017 -0.022962 0.149705 0 0 0
0.639600 -0.021809 0.149678 0 0 0
0.640174 -0.020681 0.149654 0 0 0
0.640779 -0.019579 0.149621 0 0 0
0.641556 -0.018513 0.149552 0 0 0
0.642017 -0.017642 0.149508 0 0 0
0.641999 -0.015614 0.148883 0 0 0
0.642534 -0.014783 0.148822 0 0 0
0.643218 -0.013697 0.148770 0 0 0
0.643810 -0.012561 0.148743 0 0 0
0.644377 -0.011429 0.148720 0 0 0
0.644963 -0.010274 0.148692 0 0 0
0.645411 -0.009365 0.148639 0 0 0
0.645492 -0.007366 0.148003 0 0 0
0.645792 -0.006703 0.147959 0 0 0
0.645906 -0.004701 0.147314 0 0 0
0.646467 -0.003825 0.147236 0 0 0
0.647013 -0.002947 0.147160 0 0 0
0.647125 -0.000962 0.146518 0 0 0
0.647577 -0.000036 0.146479 0 0 0
0.648022 0.000916 0.146445 0 0 0
0.648000 0.002871 0.146008 0 0 0
0.648548 0.003798 0.145784 0 0 0
0.649161 0.005026 0.145762 0 0 0
0.649622 0.006031 0.145952 0 0 0
0.651078 0.006971 0.146300 0 0 0
0.651618 0.007894 0.146304 0 0 0
0.652191 0.009064 0.146291 0 0 0
0.652624 0.010035 0.146321 0 0 0
0.654134 0.011057 0.146855 0 0 0
0.654552 0.012029 0.146892 0 0 0
0.654972 0.013049 0.146949 0 0 0
0.656394 0.014097 0.147488 0 0 0
0.656811 0.014789 0.147537 0 0 0
0.658236 0.015816 0.148071 0 0 0
0.658742 0.016770 0.148104 0 0 0
0.659253 0.017976 0.148103 0 0 0
0.659762 0.019090 0.148092 0 0 0
0.660256 0.020279 0.148087 0 0 0
0.660825 0.021419 0.148064 0 0 0
0.661400 0.022546 0.148040 0 0 0
0.661975 0.023674 0.148015 0 0 0
0.662550 0.024803 0.147991 0 0 0
0.663158 0.025917 0.147958 0 0 0
0.663935 0.026969 0.147889 0 0 0
0.664404 0.027827 0.147849 0 0 0
0.664414 0.030000 0.147210 0 0 0
0.664799 0.030584 0.147154 0 0 0
0.665064 0.032653 0.146461 0 0 0
0.665526 0.033562 0.146424 0 0 0
0.665987 0.034471 0.146386 0 0 0
0.666222 0.036550 0.145700 0 0 0
0.666526 0.037180 0.145660 0 0 0
0.666764 0.039065 0.145045 0 0 0
0.667934 0.039824 0.145544 0 0 0
0.668405 0.040806 0.145587 0 0 0
0.668997 0.042002 0.145573 0 0 0
0.669461 0.042990 0.145612 0 0 0
0.670760 0.043942 0.146147 0 0 0
0.671289 0.044872 0.146173 0 0 0
0.671881 0.046024 0.146152 0 0 0
0.672459 0.047157 0.146128 0 0 0
0.673037 0.048287 0.146103 0 0 0
0.673660 0.049460 0.146071 0 0 0
0.674179 0.050276 0.146022 0 0 0
0.674212 0.052467 0.145377 0 0 0
0.674733 0.053287 0.145328 0 0 0
0.675365 0.054489 0.145302 0 0 0
0.675843 0.055479 0.145344 0 0 0
0.677178 0.056336 0.145858 0 0 0
0.677653 0.057326 0.145900 0 0 0
0.678238 0.058483 0.145881 0 0 0
0.678847 0.059626 0.145851 0 0 0
0.679526 0.060728 0.145803 0 0 0
0.679971 0.061580 0.145772 0 0 0
0.680039 0.063823 0.145122 0 0 0
0.680652 0.064622 0.145054 0 0 0
0.681143 0.065511 0.145015 0 0 0
0.681184 0.067758 0.144370 0 0 0
0.681736 0.068586 0.144317 0 0 0
0.682452 0.069701 0.144263 0 0 0
0.683030 0.070823 0.144237 0 0 0
0.683619 0.071998 0.144211 0 0 0
0.684057 0.072887 0.144170 0 0 0
0.684189 0.075078 0.143521 0 0 0
0.684572 0.076008 0.143507 0 0 0
0.685193 0.077192 0.143476 0 0 0
0.685860 0.078271 0.143431 0 0 0
0.686444 0.079400 0.143404 0 0 0
0.687025 0.080542 0.143380 0 0 0
0.687606 0.081685 0.143355 0 0 0
0.688203 0.082852 0.143329 0 0 0
0.688720 0.083637 0.143290 0 0 0
0.578301 -0.151821 0.154890 0 0 0
0.578835 -0.151085 0.154846 0 0 0
0.579551 -0.149980 0.154789 0 0 0
0.579972 -0.149003 0.154716 0 0 0
0.579808 -0.147432 0.154176 0 0 0
0.580231 -0.146452 0.154103 0 0 0
0.580924 -0.145380 0.154047 0 0 0
0.581603 -0.144294 0.154000 0 0 0
0.582103 -0.143182 0.153986 0 0 0
0.582757 -0.142093 0.153946 0 0 0
0.583338 -0.140976 0.153919 0 0 0
0.583907 -0.139861 0.153895 0 0 0
0.584477 -0.138744 0.153871 0 0 0
0.585047 -0.137627 0.153847 0 0 0
0.585616 -0.136511 0.153822 0 0 0
0.586186 -0.135394 0.153798 0 0 0
0.586758 -0.134255 0.153769 0 0 0
0.587169 -0.133272 0.153697 0 0 0
0.586916 -0.131909 0.153194 0 0 0
0.588579 -0.130685 0.153683 0 0 0
0.589014 -0.129840 0.153676 0 0 0
0.589603 -0.128695 0.153652 0 0 0
0.590172 -0.127578 0.153628 0 0 0
0.590742 -0.126461 0.153603 0 0 0
0.591312 -0.125345 0.153579 0 0 0
0.591881 -0.124228 0.153555 0 0 0
0.592451 -0.123111 0.153531 0 0 0
0.593020 -0.121995 0.153506 0 0 0
0.593590 -0.120878 0.153482 0 0 0
0.594159 -0.119762 0.153458 0 0 0
0.594729 -0.118645 0.153433 0 0 0
0.595299 -0.117528 0.153409 0 0 0
0.595868 -0.116412 0.153385 0 0 0
0.596438 -0.115295 0.153360 0 0 0
0.597007 -0.114178 0.153336 0 0 0
0.597578 -0.113063 0.153312 0 0 0
0.598153 -0.111945 0.153287 0 0 0
0.598702 -0.110836 0.153267 0 0 0
0.599163 -0.109674 0.153264 0 0 0
0.599737 -0.108497 0.153246 0 0 0
0.600172 -0.107645 0.153243 0 0 0
0.601813 -0.106308 0.153830 0 0 0
0.602154 -0.105424 0.153845 0 0 0
0.602717 -0.104219 0.153830 0 0 0
0.603180 -0.103061 0.153828 0 0 0
0.603728 -0.101955 0.153808 0 0 0
0.604299 -0.100839 0.153783 0 0 0
0.604867 -0.099724 0.153759 0 0 0
0.605436 -0.098610 0.153735 0 0 0
0.606004 -0.097494 0.153710 255 0 0
0.606604 -0.096419 0.153676 255 0 0
0.607375 -0.095339 0.153608 255 0 0
0.607866 -0.094418 0.153517 0 0 0
0.607909 -0.092768 0.152927 0 0 0
0.608159 -0.091754 0.152905 0 0 0
0.608716 -0.090634 0.152878 255 0 0
0.609403 -0.089546 0.152831 255 0 0
0.610090 -0.088459 0.152785 0 0 0
0.610676 -0.087384 0.152753 0 0 0
0.611249 -0.086262 0.152728 0 0 0
0.611795 -0.085154 0.152708 255 0 0
0.612259 -0.083989 0.152706 255 0 0
0.612811 -0.082820 0.152689 255 0 0
0.613277 -0.081656 0.152687 255 0 0
0.613823 -0.080548 0.152667 255 0 0
0.614395 -0.079430 0.152642 0 0 0
0.614965 -0.078311 0.152618 0 0 0
0.615566 -0.077230 0.152584 0 0 0
0.616341 -0.076180 0.152519 0 0 0
0.616942 -0.075100 0.152486 0 0 0
0.617511 -0.073981 0.152461 0 0 0
0.618081 -0.072865 0.152437 0 0 0
0.618650 -0.071748 0.152412 0 0 0
0.619220 -0.070631 0.152388 0 0 0
0.619789 -0.069514 0.152364 0 0 0
0.620366 -0.068372 0.152336 255 0 0
0.620795 -0.067463 0.152290 255 0 0
0.620694 -0.065587 0.151692 255 0 0
0.621220 -0.064710 0.151626 255 0 0
0.621817 -0.063599 0.151591 255 0 0
0.622386 -0.062473 0.151567 0 0 0
0.622974 -0.061356 0.151535 0 0 0
0.623495 -0.060484 0.151471 0 0 0
0.623416 -0.058590 0.150867 0 0 0
0.623849 -0.057678 0.150821 0 0 0
0.624429 -0.056531 0.150794 0 0 0
0.625001 -0.055410 0.150770 0 0 0
0.625575 -0.054291 0.150745 0 0 0
0.626155 -0.053174 0.150718 255 0 0
0.626730 -0.052052 0.150694 255 0 0
0.627319 -0.050906 0.150671 255 0 0
0.627784 -0.050032 0.150672 255 0 0
0.629429 -0.048863 0.151226 255 0 0
0.629806 -0.047946 0.151246 255 0 0
0.630363 -0.046807 0.151229 0 0 0
0.630937 -0.045686 0.151204 0 0 0
0.631507 -0.044567 0.151180 0 0 0
0.632078 -0.043445 0.151156 0 0 0
0.632662 -0.042353 0.151126 0 0 0
0.633340 -0.041250 0.151078 0 0 0
0.633789 -0.040355 0.151033 0 0 0
0.633723 -0.038399 0.150421 0 0 0
0.634156 -0.037503 0.150379 0 0 0
0.634737 -0.036354 0.150352 0 0 0
0.635309 -0.035233 0.150328 0 0 0
0.635881 -0.034108 0.150303 0 0 0
0.636462 -0.033015 0.150274 0 0 0
0.637142 -0.031929 0.150227 0 0 0
0.637821 -0.030843 0.150181 0 0 0
0.638404 -0.029751 0.150152 0 0 0
0.638975 -0.028628 0.150127 0 0 0
0.639539 -0.027488 0.150106 0 0 0
0.640030 -0.026336 0.150098 0 0 0
0.640669 -0.025267 0.150058 0 0 0
0.641264 -0.024140 0.150030 0 0 0
0.641838 -0.023023 0.150004 0 0 0
0.642441 -0.021852 0.149943 0 0 0
0.642953 -0.020986 0.149737 0 0 0
0.642825 -0.018978 0.149315 0 0 0
0.643369 -0.018111 0.149251 0 0 0
0.643913 -0.017267 0.149188 0 0 0
0.643882 -0.015229 0.148563 0 0 0
0.644313 -0.014336 0.148527 0 0 0
0.644915 -0.013178 0.148497 0 0 0
0.645578 -0.012097 0.148452 0 0 0
0.646174 -0.010966 0.148420 0 0 0
0.646621 -0.010059 0.148368 0 0 0
0.646812 -0.008172 0.147720 0 0 0
0.647276 -0.007252 0.147663 0 0 0
0.647804 -0.006377 0.147605 0 0 0
0.647836 -0.004294 0.146964 0 0 0
0.648206 -0.003672 0.146905 0 0 0
0.648319 -0.001684 0.146258 0 0 0
0.648771 -0.000768 0.146206 0 0 0
0.649368 0.000367 0.146174 0 0 0
0.650055 0.001464 0.146126 0 0 0
0.650715 0.002543 0.146083 0 0 0
0.651213 0.003711 0.146074 0 0 0
0.651779 0.004872 0.146054 0 0 0
0.652282 0.006057 0.146047 0 0 0
0.652842 0.007203 0.146032 0 0 0
0.653349 0.008118 0.146043 0 0 0
0.654884 0.009124 0.146574 0 0 0
0.655287 0.010104 0.146613 0 0 0
0.655699 0.011083 0.146651 0 0 0
0.657213 0.012097 0.147184 0 0 0
0.657664 0.013070 0.147216 0 0 0
0.658143 0.014027 0.147259 0 0 0
0.659437 0.015073 0.147797 0 0 0
0.659935 0.016013 0.147831 0 0 0
0.660508 0.017170 0.147820 0 0 0
0.660948 0.018128 0.147850 0 0 0
0.662450 0.019104 0.148376 0 0 0
0.662963 0.020003 0.148388 0 0 0
0.663553 0.021144 0.148366 0 0 0
0.664127 0.022268 0.148342 0 0 0
0.664711 0.023422 0.148316 0 0 0
0.665147 0.024289 0.148283 0 0 0
0.665125 0.026456 0.147652 0 0 0
0.665564 0.027304 0.147617 0 0 0
0.666288 0.028441 0.147561 0 0 0
0.666837 0.029267 0.147505 0 0 0
0.666949 0.031349 0.146843 0 0 0
0.667435 0.032261 0.146801 0 0 0
0.667973 0.033107 0.146747 0 0 0
0.668088 0.035205 0.146084 0 0 0
0.668548 0.036112 0.146047 0 0 0
0.668990 0.037006 0.146013 0 0 0
0.669139 0.038949 0.145414 0 0 0
0.670298 0.039686 0.145912 0 0 0
0.670853 0.040630 0.145949 0 0 0
0.671396 0.041576 0.145978 0 0 0
0.672745 0.042526 0.146507 0 0 0
0.673272 0.043449 0.146528 0 0 0
0.673863 0.044595 0.146506 0 0 0
0.674438 0.045724 0.146482 0 0 0
0.675021 0.046884 0.146456 0 0 0
0.675454 0.047753 0.146427 0 0 0
0.675514 0.049954 0.145777 0 0 0
0.676118 0.050721 0.145709 0 0 0
0.676749 0.051870 0.145673 0 0 0
0.677279 0.052993 0.145658 0 0 0
0.677788 0.054216 0.145658 0 0 0
0.678255 0.055210 0.145701 0 0 0
0.679639 0.056062 0.146209 0 0 0
0.680190 0.057021 0.146231 0 0 0
0.680642 0.057898 0.146206 0 0 0
0.680659 0.060153 0.145565 0 0 0
0.681151 0.061036 0.145525 0 0 0
0.681765 0.061825 0.145457 0 0 0
0.681834 0.064068 0.144805 0 0 0
0.682309 0.064929 0.144768 0 0 0
0.683092 0.066006 0.144698 0 0 0
0.683565 0.066863 0.144662 0 0 0
0.683595 0.069133 0.144018 0 0 0
0.684068 0.070010 0.143984 0 0 0
0.684762 0.071145 0.143935 0 0 0
0.685203 0.072014 0.143906 0 0 0
0.685396 0.074011 0.143328 0 0 0
0.686615 0.074642 0.143770 0 0 0
0.687048 0.075329 0.143797 0 0 0
0.687118 0.077629 0.143155 0 0 0
0.687560 0.078498 0.143127 0 0 0
0.688154 0.079667 0.143101 0 0 0
0.688734 0.080805 0.143077 0 0 0
0.689314 0.081947 0.143052 0 0 0
0.689912 0.083112 0.143026 0 0 0
0.690402 0.083878 0.142991 0 0 0
0.580628 -0.152563 0.155139 0 0 0
0.580357 -0.151358 0.154648 0 0 0
0.580768 -0.150357 0.154560 0 0 0
0.581463 -0.149288 0.154504 0 0 0
0.582158 -0.148221 0.154447 0 0 0
0.582577 -0.147250 0.154375 0 0 0
0.582413 -0.145670 0.153832 0 0 0
0.582827 -0.144698 0.153761 0 0 0
0.583403 -0.143561 0.153731 0 0 0
0.583963 -0.142444 0.153709 0 0 0
0.584530 -0.141330 0.153685 0 0 0
0.585099 -0.140215 0.153660 0 0 0
0.585667 -0.139101 0.153636 0 0 0
0.586235 -0.137987 0.153612 0 0 0
0.586804 -0.136872 0.153588 0 0 0
0.587372 -0.135759 0.153563 0 0 0
0.587954 -0.134642 0.153536 0 0 0
0.588630 -0.133600 0.153488 0 0 0
0.589199 -0.132484 0.153463 0 0 0
0.589661 -0.131291 0.153463 0 0 0
0.590211 -0.130188 0.153442 0 0 0
0.590782 -0.129072 0.153418 0 0 0
0.591350 -0.127958 0.153394 0 0 0
0.591919 -0.126843 0.153369 0 0 0
0.592487 -0.125729 0.153345 0 0 0
0.593055 -0.124614 0.153321 0 0 0
0.593624 -0.123500 0.153297 0 0 0
0.594192 -0.122386 0.153272 0 0 0
0.594760 -0.121271 0.153248 0 0 0
0.595329 -0.120157 0.153224 0 0 0
0.595897 -0.119043 0.153200 0 0 0
0.596466 -0.117928 0.153175 0 0 0
0.597034 -0.116814 0.153151 0 0 0
0.597603 -0.115700 0.153127 0 0 0
0.598171 -0.114585 0.153103 0 0 0
0.598740 -0.113470 0.153079 0 0 0
0.599326 -0.112328 0.153055 0 0 0
0.599762 -0.111483 0.153049 0 0 0
0.601540 -0.110198 0.153612 0 0 0
0.601875 -0.109319 0.153626 0 0 0
0.602452 -0.108083 0.153614 0 0 0
0.602791 -0.107203 0.153629 0 0 0
0.604549 -0.105920 0.154194 0 0 0
0.604982 -0.105084 0.154189 0 0 0
0.605567 -0.103946 0.154165 0 0 0
0.606133 -0.102836 0.154141 0 0 0
0.606699 -0.101726 0.154117 0 0 0
0.607266 -0.100616 0.154093 0 0 0
0.607832 -0.099506 0.154069 255 0 0
0.608405 -0.098376 0.154039 255 0 0
0.608857 -0.097428 0.153960 255 0 0
0.608824 -0.095714 0.153372 255 0 0
0.609122 -0.094986 0.153282 0 0 0
0.608987 -0.093520 0.152751 0 0 0
0.610630 -0.092410 0.153217 0 0 0
0.611079 -0.091535 0.153211 0 0 0
0.611512 -0.090588 0.153161 255 0 0
0.611379 -0.088788 0.152577 0 0 0
0.611806 -0.087865 0.152524 0 0 0
0.612398 -0.086700 0.152497 0 0 0
0.612844 -0.085847 0.152494 0 0 0
0.614588 -0.084616 0.153051 255 0 0
0.615030 -0.083769 0.153048 255 0 0
0.615616 -0.082630 0.153024 255 0 0
0.616183 -0.081518 0.153000 255 0 0
0.616751 -0.080406 0.152976 0 0 0
0.617325 -0.079268 0.152948 0 0 0
0.617749 -0.078361 0.152899 0 0 0
0.617632 -0.076522 0.152307 0 0 0
0.618057 -0.075608 0.152257 0 0 0
0.618632 -0.074469 0.152230 0 0 0
0.619200 -0.073354 0.152205 0 0 0
0.619769 -0.072240 0.152181 0 0 0
0.620337 -0.071125 0.152157 0 0 0
0.620906 -0.070011 0.152133 0 0 0
0.621474 -0.068894 0.152108 0 0 0
0.622089 -0.067791 0.152070 0 0 0
0.622702 -0.066952 0.151986 0 0 0
0.622639 -0.065113 0.151377 255 0 0
0.623069 -0.064206 0.151329 255 0 0
0.623664 -0.063061 0.151298 0 0 0
0.624333 -0.061979 0.151254 0 0 0
0.624926 -0.060921 0.151219 0 0 0
0.625594 -0.059842 0.151174 0 0 0
0.626181 -0.058723 0.151147 0 0 0
0.626748 -0.057608 0.151123 0 0 0
0.627310 -0.056487 0.151100 0 0 0
0.627884 -0.055373 0.151075 0 0 0
0.628446 -0.054253 0.151052 255 0 0
0.629014 -0.053135 0.151029 255 0 0
0.629582 -0.052019 0.151004 255 0 0
0.630142 -0.050883 0.150983 255 0 0
0.630618 -0.049715 0.150980 255 0 0
0.631168 -0.048609 0.150959 255 0 0
0.631744 -0.047490 0.150934 0 0 0
0.632322 -0.046378 0.150908 0 0 0
0.632894 -0.045263 0.150883 0 0 0
0.633463 -0.044147 0.150858 0 0 0
0.634031 -0.043028 0.150835 0 0 0
0.634593 -0.041905 0.150812 0 0 0
0.635173 -0.040816 0.150783 0 0 0
0.635840 -0.039744 0.150738 0 0 0
0.636420 -0.038620 0.150712 0 0 0
0.636987 -0.037502 0.150688 0 0 0
0.637557 -0.036386 0.150664 0 0 0
0.638129 -0.035271 0.150638 0 0 0
0.638724 -0.034111 0.150579 0 0 0
0.639256 -0.033199 0.150346 0 0 0
0.639201 -0.031346 0.149925 0 0 0
0.639625 -0.030428 0.149888 0 0 0
0.640203 -0.029284 0.149861 0 0 0
0.640768 -0.028162 0.149838 0 0 0
0.641343 -0.027044 0.149813 0 0 0
0.641908 -0.025921 0.149790 0 0 0
0.642477 -0.024801 0.149766 0 0 0
0.643058 -0.023657 0.149739 0 0 0
0.643483 -0.022737 0.149700 0 0 0
0.643395 -0.021038 0.149353 0 0 0
0.644779 -0.020392 0.149572 0 0 0
0.644709 -0.018587 0.149004 0 0 0
0.645167 -0.017712 0.148956 0 0 0
0.645945 -0.016655 0.148887 0 0 0
0.646552 -0.015527 0.148852 0 0 0
0.646995 -0.014622 0.148798 0 0 0
0.647073 -0.012669 0.148163 0 0 0
0.647516 -0.011756 0.148123 0 0 0
0.647960 -0.010843 0.148084 0 0 0
0.648045 -0.008867 0.147445 0 0 0
0.648574 -0.008000 0.147374 0 0 0
0.649198 -0.006851 0.147309 0 0 0
0.649828 -0.005974 0.147061 0 0 0
0.649850 -0.004067 0.146613 0 0 0
0.650362 -0.003196 0.146561 0 0 0
0.650974 -0.002039 0.146529 0 0 0
0.651559 -0.000884 0.146502 0 0 0
0.651999 0.000010 0.146465 0 0 0
0.651908 0.001881 0.145897 0 0 0
0.653324 0.002669 0.146390 0 0 0
0.653835 0.003580 0.146404 0 0 0
0.654429 0.004730 0.146382 0 0 0
0.654965 0.005849 0.146365 0 0 0
0.655448 0.007053 0.146362 0 0 0
0.655949 0.008274 0.146362 0 0 0
0.656422 0.009168 0.146379 0 0 0
0.657960 0.010166 0.146910 0 0 0
0.658347 0.011120 0.146947 0 0 0
0.658830 0.012336 0.146955 0 0 0
0.659341 0.013290 0.146989 0 0 0
0.660762 0.014290 0.147518 0 0 0
0.661270 0.015210 0.147536 0 0 0
0.661778 0.016133 0.147556 0 0 0
0.663169 0.017145 0.148088 0 0 0
0.663566 0.018132 0.148147 0 0 0
0.664023 0.019328 0.148154 0 0 0
0.664590 0.020464 0.148132 0 0 0
0.665161 0.021584 0.148108 0 0 0
0.665733 0.022709 0.148084 0 0 0
0.666311 0.023808 0.148056 0 0 0
0.666979 0.024873 0.148010 0 0 0
0.667594 0.026036 0.147978 0 0 0
0.668011 0.026883 0.147947 0 0 0
0.668141 0.028978 0.147279 0 0 0
0.668679 0.029821 0.147226 0 0 0
0.669140 0.030712 0.147187 0 0 0
0.669275 0.032813 0.146519 0 0 0
0.669798 0.033626 0.146468 0 0 0
0.670417 0.034791 0.146436 0 0 0
0.670991 0.035914 0.146411 0 0 0
0.671568 0.037038 0.146387 0 0 0
0.672141 0.038166 0.146362 0 0 0
0.672713 0.039291 0.146338 0 0 0
0.673281 0.040428 0.146315 0 0 0
0.673778 0.041618 0.146308 0 0 0
0.674308 0.042737 0.146293 0 0 0
0.674884 0.043865 0.146269 0 0 0
0.675458 0.044988 0.146244 0 0 0
0.676063 0.046124 0.146214 0 0 0
0.676752 0.047202 0.146163 0 0 0
0.677276 0.047994 0.146112 0 0 0
0.677315 0.050225 0.145465 0 0 0
0.677769 0.051107 0.145439 0 0 0
0.678317 0.052067 0.145462 0 0 0
0.679632 0.052986 0.145984 0 0 0
0.680158 0.053918 0.146016 0 0 0
0.680673 0.055129 0.146014 0 0 0
0.681200 0.056250 0.145999 0 0 0
0.681778 0.057359 0.145973 0 0 0
0.682496 0.058464 0.145918 0 0 0
0.683045 0.059272 0.145865 0 0 0
0.683083 0.061492 0.145214 0 0 0
0.683647 0.062337 0.145159 0 0 0
0.684215 0.063177 0.145103 0 0 0
0.684248 0.065429 0.144456 0 0 0
0.684687 0.066275 0.144425 0 0 0
0.685416 0.067415 0.144370 0 0 0
0.685968 0.068227 0.144317 0 0 0
0.686017 0.070484 0.143666 0 0 0
0.686459 0.071335 0.143636 0 0 0
0.687122 0.072450 0.143592 0 0 0
0.687660 0.073660 0.143579 0 0 0
0.688192 0.074767 0.143562 0 0 0
0.688892 0.075849 0.143511 0 0 0
0.689590 0.076928 0.143460 0 0 0
0.690167 0.078049 0.143434 0 0 0
0.690751 0.079180 0.143408 0 0 0
0.691329 0.080312 0.143383 0 0 0
0.691907 0.081445 0.143358 0 0 0
0.692483 0.082578 0.143334 0 0 0
0.693075 0.083747 0.143310 0 0 0
0.693508 0.084575 0.143291 0 0 0
0.582060 -0.152858 0.154976 0 0 0
0.582652 -0.152088 0.154921 0 0 0
0.583121 -0.151148 0.154838 0 0 0
0.582948 -0.149571 0.154297 0 0 0
0.583365 -0.148599 0.154223 0 0 0
0.584061 -0.147535 0.154167 0 0 0
0.584754 -0.146493 0.154115 0 0 0
0.585332 -0.145383 0.154088 0 0 0
0.585897 -0.144274 0.154064 0 0 0
0.586463 -0.143164 0.154040 0 0 0
0.587029 -0.142055 0.154016 0 0 0
0.587595 -0.140945 0.153992 0 0 0
0.588162 -0.139835 0.153968 0 0 0
0.588728 -0.138726 0.153943 0 0 0
0.589294 -0.137616 0.153919 0 0 0
0.589864 -0.136483 0.153890 0 0 0
0.590277 -0.135511 0.153816 0 0 0
0.590018 -0.134158 0.153313 0 0 0
0.591675 -0.132933 0.153805 0 0 0
0.592104 -0.132097 0.153798 0 0 0
0.592689 -0.130959 0.153774 0 0 0
0.593256 -0.129848 0.153750 0 0 0
0.593822 -0.128739 0.153726 0 0 0
0.594388 -0.127629 0.153702 0 0 0
0.594954 -0.126519 0.153678 0 0 0
0.595520 -0.125410 0.153654 0 0 0
0.596086 -0.124300 0.153629 0 0 0
0.596652 -0.123190 0.153605 0 0 0
0.597218 -0.122081 0.153581 0 0 0
0.597784 -0.120971 0.153557 0 0 0
0.598350 -0.119862 0.153533 0 0 0
0.598919 -0.118750 0.153508 0 0 0
0.599465 -0.117649 0.153488 0 0 0
0.599921 -0.116495 0.153486 0 0 0
0.600476 -0.115352 0.153466 0 0 0
0.601040 -0.114244 0.153442 0 0 0
0.601603 -0.113136 0.153418 0 0 0
0.602174 -0.111963 0.153400 0 0 0
0.602511 -0.111086 0.153414 0 0 0
0.604276 -0.109796 0.153982 0 0 0
0.604705 -0.108966 0.153977 0 0 0
0.605276 -0.107801 0.153958 0 0 0
0.605736 -0.106648 0.153955 0 0 0
0.606281 -0.105547 0.153935 0 0 0
0.606848 -0.104438 0.153910 0 0 0
0.607413 -0.103331 0.153886 0 0 0
0.607978 -0.102223 0.153862 0 0 0
0.608542 -0.101116 0.153838 0 0 0
0.609107 -0.100008 0.153814 255 0 0
0.609681 -0.098875 0.153785 255 0 0
0.610107 -0.097973 0.153727 255 0 0
0.610079 -0.096284 0.153143 0 0 0
0.610544 -0.095373 0.153059 0 0 0
0.611202 -0.094243 0.153014 0 0 0
0.611676 -0.093084 0.153009 0 0 0
0.612234 -0.091980 0.152987 255 0 0
0.612928 -0.090941 0.152935 255 0 0
0.613617 -0.089904 0.152884 0 0 0
0.614199 -0.088790 0.152857 0 0 0
0.614763 -0.087683 0.152833 0 0 0
0.615317 -0.086548 0.152812 0 0 0
0.615779 -0.085389 0.152810 255 0 0
0.616322 -0.084285 0.152790 255 0 0
0.616890 -0.083174 0.152766 255 0 0
0.617456 -0.082064 0.152742 255 0 0
0.618022 -0.080955 0.152717 0 0 0
0.618589 -0.079842 0.152693 0 0 0
0.619172 -0.078767 0.152662 0 0 0
0.619842 -0.077695 0.152618 0 0 0
0.620425 -0.076584 0.152591 0 0 0
0.620990 -0.075476 0.152567 0 0 0
0.621556 -0.074366 0.152542 0 0 0
0.622122 -0.073256 0.152518 0 0 0
0.622688 -0.072147 0.152494 0 0 0
0.623254 -0.071037 0.152470 0 0 0
0.623827 -0.069901 0.152443 0 0 0
0.624252 -0.069001 0.152395 0 0 0
0.624171 -0.067158 0.151788 0 0 0
0.624785 -0.066322 0.151703 0 0 0
0.625404 -0.065196 0.151662 255 0 0
0.625820 -0.064293 0.151617 0 0 0
0.625724 -0.062404 0.151014 0 0 0
0.626149 -0.061501 0.150968 0 0 0
0.626716 -0.060356 0.150942 0 0 0
0.627282 -0.059243 0.150918 0 0 0
0.627870 -0.058125 0.150891 0 0 0
0.628516 -0.057061 0.150851 0 0 0
0.629016 -0.055920 0.150839 0 0 0
0.629680 -0.054825 0.150797 255 0 0
0.630261 -0.053744 0.150767 255 0 0
0.630828 -0.052626 0.150743 255 0 0
0.631389 -0.051510 0.150720 255 0 0
0.631964 -0.050397 0.150695 255 0 0
0.632540 -0.049281 0.150670 255 0 0
0.633087 -0.048177 0.150649 255 0 0
0.633559 -0.047009 0.150646 0 0 0
0.634118 -0.045875 0.150624 0 0 0
0.634685 -0.044762 0.150600 0 0 0
0.635253 -0.043648 0.150576 0 0 0
0.635822 -0.042533 0.150552 0 0 0
0.636388 -0.041419 0.150528 0 0 0
0.636968 -0.040296 0.150502 0 0 0
0.637635 -0.039228 0.150457 0 0 0
0.638208 -0.038138 0.150430 0 0 0
0.638775 -0.037019 0.150406 0 0 0
0.639353 -0.035879 0.150379 0 0 0
0.639774 -0.034969 0.150341 0 0 0
0.639727 -0.033124 0.149917 0 0 0
0.640260 -0.032211 0.149684 0 0 0
0.640855 -0.031053 0.149625 0 0 0
0.641449 -0.029934 0.149595 0 0 0
0.642120 -0.028866 0.149549 0 0 0
0.642702 -0.027776 0.149520 0 0 0
0.643271 -0.026657 0.149496 0 0 0
0.643841 -0.025540 0.149472 0 0 0
0.644410 -0.024421 0.149447 0 0 0
0.644990 -0.023328 0.149419 0 0 0
0.645641 -0.022238 0.149378 0 0 0
0.646149 -0.021084 0.149366 0 0 0
0.646796 -0.019995 0.149324 0 0 0
0.647250 -0.019111 0.149283 0 0 0
0.647205 -0.017073 0.148657 0 0 0
0.647737 -0.016209 0.148598 0 0 0
0.648181 -0.015326 0.148555 0 0 0
0.648256 -0.013367 0.147919 0 0 0
0.648701 -0.012463 0.147864 0 0 0
0.649332 -0.011314 0.147822 0 0 0
0.649942 -0.010492 0.147733 0 0 0
0.650071 -0.008527 0.147081 0 0 0
0.650367 -0.007857 0.147037 0 0 0
0.650339 -0.005891 0.146597 0 0 0
0.650878 -0.004973 0.146371 0 0 0
0.651463 -0.003801 0.146318 0 0 0
0.652037 -0.002676 0.146292 0 0 0
0.652611 -0.001547 0.146268 0 0 0
0.653192 -0.000447 0.146239 0 0 0
0.653858 0.000641 0.146195 0 0 0
0.654369 0.001836 0.146187 0 0 0
0.654906 0.002951 0.146170 0 0 0
0.655499 0.004099 0.146147 0 0 0
0.656000 0.005004 0.146160 0 0 0
0.657433 0.006053 0.146711 0 0 0
0.657929 0.006951 0.146727 0 0 0
0.658510 0.008110 0.146708 0 0 0
0.659015 0.009315 0.146705 0 0 0
0.659487 0.010203 0.146724 0 0 0
0.660984 0.011178 0.147259 0 0 0
0.661400 0.012143 0.147292 0 0 0
0.661903 0.013358 0.147291 0 0 0
0.662450 0.014488 0.147279 0 0 0
0.662963 0.015429 0.147314 0 0 0
0.664341 0.016439 0.147855 0 0 0
0.664695 0.017163 0.147922 0 0 0
0.666224 0.018148 0.148455 0 0 0
0.666727 0.019042 0.148470 0 0 0
0.667315 0.020180 0.148448 0 0 0
0.667840 0.021285 0.148433 0 0 0
0.668354 0.022478 0.148422 0 0 0
0.669017 0.023548 0.148378 0 0 0
0.669591 0.024641 0.148351 0 0 0
0.670172 0.025792 0.148325 0 0 0
0.670604 0.026645 0.148293 0 0 0
0.670720 0.028767 0.147628 0 0 0
0.671149 0.029642 0.147594 0 0 0
0.671604 0.030530 0.147558 0 0 0
0.671848 0.032589 0.146866 0 0 0
0.672265 0.033438 0.146835 0 0 0
0.672851 0.034592 0.146808 0 0 0
0.673423 0.035714 0.146783 0 0 0
0.673995 0.036832 0.146759 0 0 0
0.674598 0.037964 0.146729 0 0 0
0.675268 0.039023 0.146683 0 0 0
0.675844 0.040124 0.146656 0 0 0
0.676416 0.041249 0.146632 0 0 0
0.676988 0.042371 0.146607 0 0 0
0.677571 0.043523 0.146581 0 0 0
0.678000 0.044378 0.146552 0 0 0
0.678013 0.046603 0.145908 0 0 0
0.678443 0.047446 0.145877 0 0 0
0.679118 0.048540 0.145831 0 0 0
0.679737 0.049692 0.145805 0 0 0
0.680267 0.050610 0.145836 0 0 0
0.681588 0.051529 0.146360 0 0 0
0.682071 0.052439 0.146394 0 0 0
0.682581 0.053645 0.146391 0 0 0
0.683148 0.054774 0.146368 0 0 0
0.683770 0.055936 0.146336 0 0 0
0.684286 0.056726 0.146288 0 0 0
0.684315 0.058947 0.145637 0 0 0
0.684881 0.059784 0.145581 0 0 0
0.685449 0.060617 0.145524 0 0 0
0.685482 0.062847 0.144873 0 0 0
0.685998 0.063641 0.144825 0 0 0
0.686675 0.064851 0.144784 0 0 0
0.687194 0.065643 0.144736 0 0 0
0.687232 0.067885 0.144084 0 0 0
0.687783 0.068695 0.144030 0 0 0
0.688502 0.069799 0.143976 0 0 0
0.689079 0.070910 0.143949 0 0 0
0.689655 0.072041 0.143925 0 0 0
0.690243 0.073202 0.143899 0 0 0
0.690685 0.074057 0.143870 0 0 0
0.690757 0.076356 0.143215 0 0 0
0.691227 0.077154 0.143179 0 0 0
0.691749 0.078370 0.143168 0 0 0
0.692319 0.079508 0.143145 0 0 0
0.692896 0.080638 0.143120 0 0 0
0.693472 0.081766 0.143095 0 0 0
0.694084 0.082908 0.143065 0 0 0
0.694766 0.083996 0.143017 0 0 0
0.695276 0.084753 0.142978 0 0 0
0.584046 -0.152167 0.154683 0 0 0
0.584578 -0.151450 0.154639 0 0 0
0.585296 -0.150357 0.154581 0 0 0
0.585710 -0.149395 0.154508 0 0 0
0.585539 -0.147815 0.153964 0 0 0
0.585944 -0.146850 0.153893 0 0 0
0.586510 -0.145720 0.153864 0 0 0
0.587075 -0.144613 0.153840 0 0 0
0.587640 -0.143505 0.153816 0 0 0
0.588204 -0.142398 0.153792 0 0 0
0.588769 -0.141291 0.153768 0 0 0
0.589334 -0.140183 0.153743 0 0 0
0.589899 -0.139076 0.153719 0 0 0
0.590464 -0.137968 0.153695 0 0 0
0.591030 -0.136859 0.153670 0 0 0
0.591616 -0.135801 0.153638 0 0 0
0.592271 -0.134680 0.153600 0 0 0
0.592737 -0.133531 0.153596 0 0 0
0.593285 -0.132433 0.153575 0 0 0
0.593853 -0.131324 0.153551 0 0 0
0.594418 -0.130217 0.153527 0 0 0
0.594982 -0.129109 0.153503 0 0 0
0.595547 -0.128002 0.153478 0 0 0
0.596112 -0.126895 0.153454 0 0 0
0.596676 -0.125787 0.153430 0 0 0
0.597241 -0.124680 0.153406 0 0 0
0.597806 -0.123572 0.153382 0 0 0
0.598371 -0.122465 0.153358 0 0 0
0.598936 -0.121357 0.153334 0 0 0
0.599501 -0.120249 0.153310 0 0 0
0.600085 -0.119114 0.153286 0 0 0
0.600513 -0.118281 0.153280 0 0 0
0.602318 -0.116971 0.153846 0 0 0
0.602744 -0.116145 0.153840 0 0 0
0.603327 -0.115011 0.153817 0 0 0
0.603891 -0.113905 0.153793 0 0 0
0.604452 -0.112802 0.153769 0 0 0
0.605003 -0.111667 0.153749 0 0 0
0.605460 -0.110517 0.153747 0 0 0
0.606004 -0.109419 0.153726 0 0 0
0.606573 -0.108315 0.153701 0 0 0
0.607145 -0.107213 0.153676 0 0 0
0.607710 -0.106108 0.153651 0 0 0
0.608274 -0.105003 0.153627 0 0 0
0.608838 -0.103898 0.153603 0 0 0
0.609403 -0.102793 0.153579 0 0 0
0.609976 -0.101691 0.153553 255 0 0
0.610542 -0.100588 0.153528 255 0 0
0.611106 -0.099481 0.153504 255 0 0
0.611686 -0.098411 0.153474 255 0 0
0.612337 -0.097333 0.153433 0 0 0
0.612922 -0.096228 0.153405 0 0 0
0.613488 -0.095126 0.153381 0 0 0
0.614058 -0.093997 0.153353 0 0 0
0.614475 -0.093088 0.153300 255 0 0
0.614336 -0.091291 0.152714 255 0 0
0.614747 -0.090375 0.152663 0 0 0
0.615316 -0.089243 0.152635 0 0 0
0.615881 -0.088136 0.152611 0 0 0
0.616448 -0.087031 0.152586 0 0 0
0.617023 -0.085928 0.152560 255 0 0
0.617590 -0.084821 0.152536 255 0 0
0.618155 -0.083713 0.152512 255 0 0
0.618720 -0.082606 0.152487 255 0 0
0.619284 -0.081498 0.152463 0 0 0
0.619849 -0.080390 0.152439 0 0 0
0.620411 -0.079280 0.152416 0 0 0
0.620967 -0.078169 0.152394 0 0 0
0.621529 -0.077061 0.152370 0 0 0
0.622094 -0.075954 0.152346 0 0 0
0.622658 -0.074846 0.152322 0 0 0
0.623223 -0.073739 0.152298 0 0 0
0.623788 -0.072632 0.152274 0 0 0
0.624353 -0.071524 0.152249 0 0 0
0.624918 -0.070414 0.152225 0 0 0
0.625531 -0.069319 0.152187 0 0 0
0.626147 -0.068492 0.152102 0 0 0
0.626064 -0.066648 0.151493 255 0 0
0.626506 -0.065743 0.151442 255 0 0
0.627202 -0.064682 0.151388 255 0 0
0.627890 -0.063648 0.151336 255 0 0
0.628474 -0.062532 0.151309 255 0 0
0.629040 -0.061424 0.151285 0 0 0
0.629613 -0.060287 0.151258 0 0 0
0.630037 -0.059384 0.151209 0 0 0
0.629868 -0.057717 0.150658 0 0 0
0.631223 -0.056942 0.151116 0 0 0
0.631068 -0.055272 0.150562 0 0 0
0.631492 -0.054370 0.150513 255 0 0
0.632086 -0.053229 0.150483 255 0 0
0.632747 -0.052156 0.150439 255 0 0
0.633329 -0.051070 0.150410 255 0 0
0.633883 -0.049934 0.150393 255 0 0
0.634263 -0.049028 0.150413 255 0 0
0.635906 -0.047872 0.150969 0 0 0
0.636364 -0.047015 0.150972 0 0 0
0.636948 -0.045881 0.150950 0 0 0
0.637514 -0.044771 0.150926 0 0 0
0.638080 -0.043661 0.150902 0 0 0
0.638655 -0.042524 0.150874 0 0 0
0.639082 -0.041646 0.150833 0 0 0
0.639032 -0.039684 0.150211 0 0 0
0.639550 -0.038844 0.150151 0 0 0
0.640135 -0.037731 0.150119 0 0 0
0.640704 -0.036611 0.150095 0 0 0
0.641292 -0.035528 0.150065 0 0 0
0.641953 -0.034461 0.150021 0 0 0
0.642541 -0.033346 0.149993 0 0 0
0.643116 -0.032208 0.149966 0 0 0
0.643544 -0.031331 0.149927 0 0 0
0.643467 -0.029329 0.149308 0 0 0
0.643894 -0.028450 0.149268 0 0 0
0.644472 -0.027307 0.149241 0 0 0
0.645040 -0.026193 0.149216 0 0 0
0.645608 -0.025078 0.149192 0 0 0
0.646175 -0.023962 0.149168 0 0 0
0.646736 -0.022844 0.149146 0 0 0
0.647309 -0.021733 0.149120 0 0 0
0.647871 -0.020612 0.149098 0 0 0
0.648487 -0.019497 0.149061 0 0 0
0.649102 -0.018709 0.148985 0 0 0
0.649112 -0.016698 0.148344 0 0 0
0.649647 -0.015889 0.148283 0 0 0
0.650331 -0.014819 0.148231 0 0 0
0.650932 -0.013668 0.148199 0 0 0
0.651363 -0.012766 0.148144 0 0 0
0.651305 -0.011016 0.147495 0 0 0
0.651242 -0.009259 0.146845 0 0 0
0.651694 -0.008377 0.146785 0 0 0
0.652366 -0.007276 0.146737 0 0 0
0.652961 -0.006148 0.146709 0 0 0
0.653533 -0.005029 0.146684 0 0 0
0.654104 -0.003908 0.146660 0 0 0
0.654676 -0.002786 0.146635 0 0 0
0.655248 -0.001665 0.146611 0 0 0
0.655820 -0.000544 0.146587 0 0 0
0.656392 0.000577 0.146562 0 0 0
0.656965 0.001699 0.146538 0 0 0
0.657551 0.002842 0.146517 0 0 0
0.658047 0.003741 0.146535 0 0 0
0.659351 0.004854 0.147109 0 0 0
0.659845 0.005748 0.147127 0 0 0
0.660430 0.006890 0.147106 0 0 0
0.661000 0.008008 0.147082 0 0 0
0.661578 0.009163 0.147063 0 0 0
0.662001 0.010113 0.147095 0 0 0
0.663507 0.011074 0.147628 0 0 0
0.664008 0.011968 0.147642 0 0 0
0.664549 0.013094 0.147629 0 0 0
0.665039 0.014313 0.147630 0 0 0
0.665466 0.015270 0.147665 0 0 0
0.666887 0.016232 0.148207 0 0 0
0.667233 0.017246 0.148258 0 0 0
0.667760 0.018388 0.148249 0 0 0
0.668347 0.019522 0.148228 0 0 0
0.668866 0.020422 0.148250 0 0 0
0.670225 0.021123 0.148733 0 0 0
0.670164 0.023070 0.148164 0 0 0
0.670593 0.023929 0.148130 0 0 0
0.671172 0.025078 0.148104 0 0 0
0.671745 0.026168 0.148076 0 0 0
0.672444 0.027232 0.148025 0 0 0
0.673155 0.028326 0.147972 0 0 0
0.673586 0.029151 0.147938 0 0 0
0.673687 0.031271 0.147274 0 0 0
0.674152 0.032135 0.147234 0 0 0
0.674837 0.033218 0.147186 0 0 0
0.675407 0.034315 0.147159 0 0 0
0.675980 0.035473 0.147135 0 0 0
0.676407 0.036322 0.147105 0 0 0
0.676406 0.038525 0.146462 0 0 0
0.676838 0.039379 0.146431 0 0 0
0.677420 0.040529 0.146405 0 0 0
0.677991 0.041649 0.146381 0 0 0
0.678562 0.042768 0.146356 0 0 0
0.679169 0.043874 0.146324 0 0 0
0.679935 0.044874 0.146256 0 0 0
0.680541 0.045980 0.146224 0 0 0
0.681111 0.047100 0.146199 0 0 0
0.681683 0.048220 0.146175 0 0 0
0.682197 0.049340 0.146163 0 0 0
0.682628 0.050616 0.146178 0 0 0
0.683104 0.051528 0.146213 0 0 0
0.684549 0.052376 0.146717 0 0 0
0.685090 0.053316 0.146740 0 0 0
0.685535 0.054176 0.146715 0 0 0
0.685548 0.056413 0.146066 0 0 0
0.686115 0.057243 0.146010 0 0 0
0.686681 0.058070 0.145954 0 0 0
0.686709 0.060297 0.145301 0 0 0
0.687224 0.061084 0.145253 0 0 0
0.687900 0.062290 0.145211 0 0 0
0.688417 0.063074 0.145164 0 0 0
0.688450 0.065317 0.144510 0 0 0
0.688983 0.066137 0.144460 0 0 0
0.689476 0.067032 0.144421 0 0 0
0.689619 0.069243 0.143747 0 0 0
0.690054 0.070097 0.143719 0 0 0
0.690641 0.071255 0.143693 0 0 0
0.691216 0.072385 0.143668 0 0 0
0.691811 0.073523 0.143639 0 0 0
0.692338 0.074325 0.143589 0 0 0
0.692558 0.076354 0.142991 0 0 0
0.693757 0.076917 0.143444 0 0 0
0.694278 0.077847 0.143493 0 0 0
0.694833 0.079070 0.143484 0 0 0
0.695505 0.080166 0.143438 0 0 0
0.695942 0.081002 0.143409 0 0 0
0.696039 0.083324 0.142747 0 0 0
0.696568 0.084144 0.142700 0 0 0
0.697099 0.084924 0.142658 0 0 0
0.586365 -0.152915 0.154950 0 0 0
0.586085 -0.151711 0.154456 0 0 0
0.586489 -0.150724 0.154368 0 0 0
0.587184 -0.149668 0.154311 0 0 0
0.587868 -0.148633 0.154262 0 0 0
0.588439 -0.147526 0.154236 0 0 0
0.589000 -0.146423 0.154212 0 0 0
0.589563 -0.145320 0.154188 0 0 0
0.590125 -0.144218 0.154164 0 0 0
0.590688 -0.143115 0.154140 0 0 0
0.591250 -0.142012 0.154116 0 0 0
0.591815 -0.140909 0.154091 0 0 0
0.592387 -0.139810 0.154066 0 0 0
0.592953 -0.138710 0.154041 0 0 0
0.593516 -0.137609 0.154017 0 0 0
0.594082 -0.136505 0.153992 0 0 0
0.594626 -0.135411 0.153971 0 0 0
0.595074 -0.134266 0.153970 0 0 0
0.595624 -0.133125 0.153951 0 0 0
0.596184 -0.132024 0.153927 0 0 0
0.596746 -0.130922 0.153903 0 0 0
0.597308 -0.129820 0.153879 0 0 0
0.597884 -0.128717 0.153853 0 0 0
0.598553 -0.127638 0.153810 0 0 0
0.599140 -0.126585 0.153777 0 0 0
0.599703 -0.125480 0.153753 0 0 0
0.600264 -0.124377 0.153729 0 0 0
0.600816 -0.123271 0.153707 0 0 0
0.601375 -0.122165 0.153684 0 0 0
0.601937 -0.121061 0.153660 0 0 0
0.602498 -0.119960 0.153636 0 0 0
0.603046 -0.118826 0.153617 0 0 0
0.603500 -0.117678 0.153614 0 0 0
0.604043 -0.116582 0.153594 0 0 0
0.604608 -0.115477 0.153569 0 0 0
0.605171 -0.114375 0.153545 0 0 0
0.605734 -0.113273 0.153521 0 0 0
0.606299 -0.112173 0.153497 0 0 0
0.606870 -0.111073 0.153471 0 0 0
0.607434 -0.109970 0.153447 0 0 0
0.607997 -0.108868 0.153423 0 0 0
0.608559 -0.107765 0.153399 0 0 0
0.609122 -0.106662 0.153375 0 0 0
0.609684 -0.105559 0.153351 0 0 0
0.610251 -0.104455 0.153326 0 0 0
0.610800 -0.103362 0.153305 0 0 0
0.611257 -0.102214 0.153302 255 0 0
0.611807 -0.101082 0.153282 255 0 0
0.612366 -0.099982 0.153258 255 0 0
0.612944 -0.098873 0.153232 255 0 0
0.613583 -0.097808 0.153194 0 0 0
0.614053 -0.096695 0.153185 0 0 0
0.614603 -0.095561 0.153165 0 0 0
0.615164 -0.094458 0.153141 0 0 0
0.615761 -0.093397 0.153107 255 0 0
0.616542 -0.092357 0.153043 255 0 0
0.617140 -0.091298 0.153009 0 0 0
0.617703 -0.090193 0.152984 255 0 0
0.618268 -0.089088 0.152960 255 0 0
0.618804 -0.087997 0.152941 255 0 0
0.619274 -0.086838 0.152936 255 0 0
0.619933 -0.085742 0.152896 255 0 0
0.620501 -0.084679 0.152867 255 0 0
0.621061 -0.083570 0.152844 255 0 0
0.621624 -0.082466 0.152820 255 0 0
0.622186 -0.081363 0.152796 0 0 0
0.622748 -0.080261 0.152772 0 0 0
0.623311 -0.079158 0.152748 0 0 0
0.623873 -0.078055 0.152724 0 0 0
0.624436 -0.076953 0.152700 0 0 0
0.624998 -0.075850 0.152676 0 0 0
0.625561 -0.074747 0.152652 0 0 0
0.626123 -0.073645 0.152628 0 0 0
0.626686 -0.072541 0.152604 0 0 0
0.627256 -0.071412 0.152576 0 0 0
0.627674 -0.070525 0.152528 0 0 0
0.627582 -0.068686 0.151920 0 0 0
0.628124 -0.067801 0.151846 255 0 0
0.628668 -0.066920 0.151774 255 0 0
0.628578 -0.065068 0.151163 255 0 0
0.628990 -0.064171 0.151118 255 0 0
0.629560 -0.063037 0.151091 255 0 0
0.630124 -0.061929 0.151067 255 0 0
0.630689 -0.060818 0.151043 0 0 0
0.631266 -0.059751 0.151013 0 0 0
0.631951 -0.058653 0.150968 0 0 0
0.632549 -0.057566 0.150936 0 0 0
0.633198 -0.056539 0.150892 0 0 0
0.633793 -0.055397 0.150859 255 0 0
0.634236 -0.054490 0.150794 255 0 0
0.634264 -0.052654 0.150177 255 0 0
0.634702 -0.051750 0.150133 255 0 0
0.635198 -0.050853 0.150129 255 0 0
0.636713 -0.049771 0.150497 255 0 0
0.637048 -0.048751 0.150711 0 0 0
0.637597 -0.047601 0.150724 0 0 0
0.638161 -0.046492 0.150702 0 0 0
0.638726 -0.045384 0.150678 0 0 0
0.639291 -0.044277 0.150654 0 0 0
0.639856 -0.043166 0.150630 0 0 0
0.640447 -0.042062 0.150597 0 0 0
0.640967 -0.041230 0.150536 0 0 0
0.640942 -0.039265 0.149907 0 0 0
0.641467 -0.038428 0.149846 0 0 0
0.642026 -0.037329 0.149819 0 0 0
0.642491 -0.036154 0.149817 0 0 0
0.643039 -0.035020 0.149797 0 0 0
0.643600 -0.033911 0.149774 0 0 0
0.644166 -0.032797 0.149750 0 0 0
0.644743 -0.031720 0.149721 0 0 0
0.645414 -0.030661 0.149675 0 0 0
0.646027 -0.029538 0.149644 0 0 0
0.646700 -0.028480 0.149598 0 0 0
0.647277 -0.027403 0.149569 0 0 0
0.647843 -0.026289 0.149544 0 0 0
0.648409 -0.025179 0.149520 0 0 0
0.648975 -0.024070 0.149496 0 0 0
0.649540 -0.022960 0.149472 0 0 0
0.650112 -0.021821 0.149446 0 0 0
0.650531 -0.020950 0.149409 0 0 0
0.650524 -0.018917 0.148767 0 0 0
0.650977 -0.018360 0.148687 0 0 0
0.650974 -0.016322 0.148043 0 0 0
0.651396 -0.015447 0.148007 0 0 0
0.652011 -0.014271 0.147973 0 0 0
0.652529 -0.013449 0.147916 0 0 0
0.652627 -0.011534 0.147269 0 0 0
0.653176 -0.010675 0.147192 0 0 0
0.653889 -0.009580 0.147137 0 0 0
0.654466 -0.008493 0.147108 0 0 0
0.655036 -0.007373 0.147084 0 0 0
0.655605 -0.006256 0.147059 0 0 0
0.656175 -0.005140 0.147035 0 0 0
0.656747 -0.004021 0.147011 0 0 0
0.657275 -0.002913 0.146994 0 0 0
0.657754 -0.001732 0.146990 0 0 0
0.658316 -0.000600 0.146968 0 0 0
0.658885 0.000516 0.146944 0 0 0
0.659469 0.001655 0.146923 0 0 0
0.659962 0.002545 0.146941 0 0 0
0.661353 0.003586 0.147501 0 0 0
0.661790 0.004539 0.147528 0 0 0
0.662471 0.005634 0.147488 0 0 0
0.663048 0.006724 0.147460 0 0 0
0.663571 0.007832 0.147444 0 0 0
0.664043 0.009027 0.147442 0 0 0
0.664517 0.010222 0.147439 0 0 0
0.665058 0.011346 0.147426 0 0 0
0.665561 0.012238 0.147441 0 0 0
0.667057 0.013187 0.147974 0 0 0
0.667481 0.014165 0.148013 0 0 0
0.667911 0.015144 0.148052 0 0 0
0.669403 0.016086 0.148585 0 0 0
0.669856 0.016958 0.148608 0 0 0
0.670381 0.018167 0.148602 0 0 0
0.670990 0.019231 0.148569 0 0 0
0.671424 0.020442 0.148571 0 0 0
0.672143 0.021442 0.148514 0 0 0
0.672746 0.022535 0.148482 0 0 0
0.673311 0.023646 0.148458 0 0 0
0.673884 0.024788 0.148433 0 0 0
0.674299 0.025635 0.148403 0 0 0
0.674280 0.027818 0.147762 0 0 0
0.674742 0.028650 0.147722 0 0 0
0.675537 0.029706 0.147650 0 0 0
0.675995 0.030536 0.147612 0 0 0
0.675972 0.032732 0.146971 0 0 0
0.676429 0.033588 0.146935 0 0 0
0.677098 0.034679 0.146889 0 0 0
0.677679 0.035760 0.146859 0 0 0
0.678344 0.036815 0.146814 0 0 0
0.678944 0.037937 0.146784 0 0 0
0.679512 0.039048 0.146760 0 0 0
0.680081 0.040163 0.146736 0 0 0
0.680661 0.041309 0.146710 0 0 0
0.681087 0.042151 0.146680 0 0 0
0.681096 0.044374 0.146032 0 0 0
0.681522 0.045222 0.146003 0 0 0
0.682102 0.046370 0.145977 0 0 0
0.682688 0.047504 0.145957 0 0 0
0.683218 0.048412 0.145981 0 0 0
0.684611 0.049264 0.146496 0 0 0
0.685059 0.050237 0.146540 0 0 0
0.685557 0.051451 0.146539 0 0 0
0.686073 0.052560 0.146525 0 0 0
0.686646 0.053656 0.146499 0 0 0
0.687366 0.054746 0.146444 0 0 0
0.687914 0.055535 0.146391 0 0 0
0.687936 0.057756 0.145736 0 0 0
0.688485 0.058550 0.145683 0 0 0
0.689217 0.059673 0.145627 0 0 0
0.689650 0.060494 0.145596 0 0 0
0.689667 0.062757 0.144945 0 0 0
0.690181 0.063537 0.144897 0 0 0
0.690859 0.064742 0.144855 0 0 0
0.691374 0.065520 0.144808 0 0 0
0.691519 0.067718 0.144130 0 0 0
0.691960 0.068567 0.144098 0 0 0
0.692548 0.069719 0.144071 0 0 0
0.693121 0.070837 0.144047 0 0 0
0.693747 0.072002 0.144014 0 0 0
0.694258 0.072785 0.143968 0 0 0
0.694404 0.075009 0.143290 0 0 0
0.694798 0.075941 0.143278 0 0 0
0.695335 0.076901 0.143328 0 0 0
0.696537 0.077446 0.143780 0 0 0
0.696591 0.079564 0.143215 0 0 0
0.697084 0.080436 0.143176 0 0 0
0.697694 0.081199 0.143110 0 0 0
0.697793 0.083506 0.142444 0 0 0
0.698250 0.084381 0.142414 0 0 0
0.698745 0.085155 0.142379 0 0 0
0.587778 -0.153201 0.154803 0 0 0
0.588361 -0.152445 0.154749 0 0 0
0.588832 -0.151519 0.154665 0 0 0
0.588669 -0.149941 0.154117 0 0 0
0.589167 -0.149007 0.154028 0 0 0
0.589762 -0.147933 0.153989 0 0 0
0.590325 -0.146831 0.153964 0 0 0
0.590886 -0.145730 0.153940 0 0 0
0.591447 -0.144630 0.153916 0 0 0
0.592009 -0.143529 0.153892 0 0 0
0.592572 -0.142427 0.153868 0 0 0
0.593118 -0.141333 0.153847 0 0 0
0.593564 -0.140190 0.153845 0 0 0
0.594109 -0.139053 0.153827 0 0 0
0.594668 -0.137954 0.153803 0 0 0
0.595249 -0.136825 0.153780 0 0 0
0.595667 -0.136006 0.153773 0 0 0
0.597525 -0.134667 0.154341 0 0 0
0.597921 -0.133860 0.154337 0 0 0
0.598383 -0.132691 0.154336 0 0 0
0.598944 -0.131552 0.154315 0 0 0
0.599613 -0.130457 0.154268 0 0 0
0.600037 -0.129576 0.154197 0 0 0
0.599864 -0.127907 0.153633 0 0 0
0.600276 -0.126974 0.153569 0 0 0
0.600841 -0.125851 0.153540 0 0 0
0.601416 -0.124751 0.153514 0 0 0
0.602085 -0.123680 0.153470 0 0 0
0.602672 -0.122624 0.153438 0 0 0
0.603234 -0.121521 0.153414 0 0 0
0.603794 -0.120421 0.153390 0 0 0
0.604349 -0.119320 0.153367 0 0 0
0.604916 -0.118220 0.153342 0 0 0
0.605479 -0.117119 0.153318 0 0 0
0.606040 -0.116018 0.153294 0 0 0
0.606601 -0.114918 0.153270 0 0 0
0.607162 -0.113818 0.153246 0 0 0
0.607724 -0.112717 0.153222 0 0 0
0.608285 -0.111617 0.153198 0 0 0
0.608846 -0.110516 0.153174 0 0 0
0.609410 -0.109416 0.153150 0 0 0
0.609980 -0.108319 0.153124 0 0 0
0.610544 -0.107221 0.153100 0 0 0
0.611109 -0.106119 0.153075 0 0 0
0.611662 -0.104996 0.153057 0 0 0
0.611993 -0.104127 0.153072 0 0 0
0.613743 -0.102825 0.153647 255 0 0
0.614174 -0.102003 0.153642 255 0 0
0.614754 -0.100851 0.153615 255 0 0
0.615171 -0.099933 0.153554 255 0 0
0.614938 -0.098433 0.153019 0 0 0
0.616531 -0.097337 0.153526 0 0 0
0.616965 -0.096509 0.153524 0 0 0
0.617550 -0.095358 0.153497 0 0 0
0.617963 -0.094460 0.153444 255 0 0
0.617821 -0.092664 0.152854 255 0 0
0.618235 -0.091761 0.152802 255 0 0
0.618802 -0.090635 0.152774 255 0 0
0.619383 -0.089508 0.152751 255 0 0
0.619823 -0.088671 0.152750 255 0 0
0.621418 -0.087622 0.153256 255 0 0
0.621210 -0.086073 0.152711 255 0 0
0.621726 -0.085196 0.152635 255 0 0
0.622317 -0.084110 0.152599 255 0 0
0.622879 -0.083006 0.152575 0 0 0
0.623440 -0.081906 0.152551 0 0 0
0.624002 -0.080805 0.152527 0 0 0
0.624563 -0.079705 0.152503 0 0 0
0.625124 -0.078605 0.152480 0 0 0
0.625686 -0.077504 0.152456 0 0 0
0.626247 -0.076404 0.152432 0 0 0
0.626808 -0.075303 0.152408 0 0 0
0.627369 -0.074203 0.152384 0 0 0
0.627931 -0.073102 0.152360 0 0 0
0.628492 -0.071999 0.152336 0 0 0
0.629071 -0.070933 0.152305 0 0 0
0.629748 -0.069848 0.152257 255 0 0
0.630184 -0.068961 0.152207 255 0 0
0.630096 -0.067111 0.151595 255 0 0
0.630714 -0.066294 0.151510 255 0 0
0.631326 -0.065205 0.151471 255 0 0
0.631889 -0.064100 0.151447 255 0 0
0.632451 -0.062997 0.151423 255 0 0
0.633013 -0.061894 0.151399 0 0 0
0.633580 -0.060764 0.151372 0 0 0
0.633992 -0.059881 0.151329 0 0 0
0.633911 -0.057966 0.150714 0 0 0
0.634425 -0.057119 0.150651 0 0 0
0.635021 -0.055994 0.150615 255 0 0
0.635434 -0.055113 0.150571 255 0 0
0.635457 -0.053275 0.149952 255 0 0
0.635897 -0.052365 0.149889 255 0 0
0.636494 -0.051188 0.149893 255 0 0
0.636920 -0.050226 0.150085 255 0 0
0.638460 -0.049168 0.150448 255 0 0
0.638943 -0.048307 0.150448 255 0 0
0.639522 -0.047179 0.150425 0 0 0
0.640086 -0.046073 0.150401 0 0 0
0.640650 -0.044968 0.150377 0 0 0
0.641213 -0.043863 0.150353 0 0 0
0.641775 -0.042752 0.150330 0 0 0
0.642357 -0.041647 0.150298 0 0 0
0.642871 -0.040819 0.150239 0 0 0
0.642837 -0.038827 0.149615 0 0 0
0.643162 -0.038199 0.149602 0 0 0
0.644808 -0.037071 0.150151 0 0 0
0.645272 -0.036217 0.150155 0 0 0
0.645863 -0.035094 0.150131 0 0 0
0.646428 -0.033991 0.150107 0 0 0
0.646989 -0.032886 0.150083 0 0 0
0.647552 -0.031747 0.150058 0 0 0
0.647970 -0.030881 0.150019 0 0 0
0.647890 -0.028869 0.149396 0 0 0
0.648314 -0.028001 0.149357 0 0 0
0.648887 -0.026865 0.149330 0 0 0
0.649452 -0.025757 0.149306 0 0 0
0.650017 -0.024649 0.149282 0 0 0
0.650582 -0.023544 0.149258 0 0 0
0.651171 -0.022428 0.149230 0 0 0
0.651869 -0.021375 0.149176 0 0 0
0.652400 -0.020585 0.149115 0 0 0
0.652394 -0.018566 0.148473 0 0 0
0.653011 -0.017786 0.148397 0 0 0
0.653638 -0.016649 0.148357 0 0 0
0.654063 -0.015782 0.148320 0 0 0
0.654017 -0.013753 0.147686 0 0 0
0.654563 -0.012895 0.147624 0 0 0
0.655122 -0.012044 0.147561 0 0 0
0.655066 -0.010003 0.146927 0 0 0
0.655495 -0.009134 0.146890 0 0 0
0.656073 -0.007990 0.146864 0 0 0
0.656642 -0.006875 0.146840 0 0 0
0.657211 -0.005761 0.146815 0 0 0
0.657796 -0.004626 0.146794 0 0 0
0.658285 -0.003742 0.146804 0 0 0
0.659824 -0.002751 0.147347 0 0 0
0.660227 -0.001815 0.147376 0 0 0
0.660801 -0.000663 0.147358 0 0 0
0.661366 0.000447 0.147334 0 0 0
0.661940 0.001598 0.147315 0 0 0
0.662363 0.002543 0.147352 0 0 0
0.663727 0.003290 0.147852 0 0 0
0.663627 0.005186 0.147281 0 0 0
0.664071 0.006071 0.147248 0 0 0
0.664575 0.006984 0.147259 0 0 0
0.666137 0.007946 0.147788 0 0 0
0.666631 0.008829 0.147801 0 0 0
0.667167 0.009947 0.147789 0 0 0
0.667650 0.011163 0.147790 0 0 0
0.668062 0.012118 0.147826 0 0 0
0.669505 0.013059 0.148368 0 0 0
0.669914 0.014012 0.148404 0 0 0
0.670413 0.015245 0.148409 0 0 0
0.670879 0.016123 0.148439 0 0 0
0.672257 0.016833 0.148922 0 0 0
0.672169 0.018551 0.148430 0 0 0
0.673362 0.019024 0.148868 0 0 0
0.673310 0.020980 0.148305 0 0 0
0.673731 0.021830 0.148271 0 0 0
0.674306 0.022965 0.148245 0 0 0
0.674902 0.024083 0.148216 0 0 0
0.675577 0.025108 0.148167 0 0 0
0.676259 0.026165 0.148117 0 0 0
0.676702 0.027018 0.148083 0 0 0
0.676687 0.029206 0.147438 0 0 0
0.677144 0.030034 0.147399 0 0 0
0.677938 0.031084 0.147326 0 0 0
0.678389 0.031931 0.147274 0 0 0
0.678519 0.034040 0.146615 0 0 0
0.678937 0.034889 0.146586 0 0 0
0.679510 0.036037 0.146561 0 0 0
0.680074 0.037150 0.146537 0 0 0
0.680640 0.038262 0.146513 0 0 0
0.681207 0.039374 0.146489 0 0 0
0.681775 0.040489 0.146465 0 0 0
0.682347 0.041584 0.146438 0 0 0
0.683012 0.042633 0.146393 0 0 0
0.683613 0.043752 0.146363 0 0 0
0.684185 0.044861 0.146338 0 0 0
0.684761 0.045969 0.146312 0 0 0
0.685281 0.047100 0.146305 0 0 0
0.685660 0.048133 0.146364 0 0 0
0.687032 0.048996 0.146883 0 0 0
0.687555 0.049895 0.146910 0 0 0
0.688137 0.051022 0.146890 0 0 0
0.688716 0.052165 0.146864 0 0 0
0.689138 0.052995 0.146835 0 0 0
0.689162 0.055235 0.146180 0 0 0
0.689690 0.056039 0.146130 0 0 0
0.690175 0.056918 0.146090 0 0 0
0.690306 0.059117 0.145415 0 0 0
0.690736 0.059938 0.145384 0 0 0
0.691413 0.061014 0.145336 0 0 0
0.692074 0.062184 0.145297 0 0 0
0.692587 0.062954 0.145250 0 0 0
0.692615 0.065200 0.144592 0 0 0
0.693165 0.065991 0.144539 0 0 0
0.693887 0.067081 0.144484 0 0 0
0.694459 0.068179 0.144457 0 0 0
0.695041 0.069331 0.144432 0 0 0
0.695474 0.070169 0.144403 0 0 0
0.695544 0.072453 0.143740 0 0 0
0.696143 0.073183 0.143676 0 0 0
0.696717 0.074313 0.143651 0 0 0
0.697209 0.075514 0.143645 0 0 0
0.697704 0.076699 0.143636 0 0 0
0.698329 0.077769 0.143600 0 0 0
0.698808 0.078626 0.143563 0 0 0
0.698973 0.080855 0.142880 0 0 0
0.699482 0.081635 0.142834 0 0 0
0.700109 0.082801 0.142801 0 0 0
0.700702 0.083960 0.142776 0 0 0
0.701107 0.084748 0.142759 0 0 0
0.589865 -0.152557 0.154501 0 0 0
0.590309 -0.151844 0.154465 0 0 0
0.590826 -0.150877 0.154376 0 0 0
0.590669 -0.149302 0.153824 0 0 0
0.591076 -0.148354 0.153751 0 0 0
0.591639 -0.147233 0.153722 0 0 0
0.592199 -0.146135 0.153698 0 0 0
0.592760 -0.145037 0.153674 0 0 0
0.593320 -0.143938 0.153650 0 0 0
0.593900 -0.142810 0.153626 0 0 0
0.594313 -0.141999 0.153619 0 0 0
0.596148 -0.140628 0.154196 0 0 0
0.596562 -0.139819 0.154189 0 0 0
0.597124 -0.138700 0.154168 0 0 0
0.597576 -0.137570 0.154164 0 0 0
0.598110 -0.136397 0.154150 0 0 0
0.598569 -0.135232 0.154149 0 0 0
0.598964 -0.134428 0.154146 0 0 0
0.600808 -0.133064 0.154711 0 0 0
0.601077 -0.132425 0.154667 0 0 0
0.600934 -0.130743 0.154098 0 0 0
0.601468 -0.129885 0.154008 0 0 0
0.602159 -0.128839 0.153953 0 0 0
0.602729 -0.127737 0.153927 0 0 0
0.603292 -0.126617 0.153898 0 0 0
0.603700 -0.125697 0.153835 0 0 0
0.603547 -0.124022 0.153264 0 0 0
0.603956 -0.123098 0.153201 0 0 0
0.604521 -0.121978 0.153172 0 0 0
0.605095 -0.120879 0.153146 0 0 0
0.605753 -0.119809 0.153104 0 0 0
0.606334 -0.118751 0.153073 0 0 0
0.606895 -0.117649 0.153049 0 0 0
0.607455 -0.116551 0.153025 0 0 0
0.608015 -0.115453 0.153001 0 0 0
0.608575 -0.114355 0.152977 0 0 0
0.609135 -0.113257 0.152953 0 0 0
0.609695 -0.112159 0.152929 0 0 0
0.610257 -0.111059 0.152905 0 0 0
0.610797 -0.109966 0.152885 0 0 0
0.611258 -0.108826 0.152881 0 0 0
0.611805 -0.107698 0.152861 0 0 0
0.612382 -0.106573 0.152838 0 0 0
0.612805 -0.105749 0.152835 0 0 0
0.614560 -0.104443 0.153412 0 0 0
0.614866 -0.103588 0.153430 0 0 0
0.615331 -0.102422 0.153429 0 0 0
0.615970 -0.101335 0.153393 255 0 0
0.616468 -0.100278 0.153374 255 0 0
0.617227 -0.099183 0.153319 0 0 0
0.617708 -0.098083 0.153307 0 0 0
0.618244 -0.096992 0.153287 0 0 0
0.618806 -0.095891 0.153262 0 0 0
0.619384 -0.094835 0.153232 255 0 0
0.620042 -0.093772 0.153190 255 0 0
0.620617 -0.092672 0.153163 255 0 0
0.621183 -0.091581 0.153138 255 0 0
0.621735 -0.090486 0.153115 255 0 0
0.622290 -0.089361 0.153094 255 0 0
0.622770 -0.088229 0.153080 255 0 0
0.623259 -0.087382 0.153015 255 0 0
0.623142 -0.085558 0.152415 255 0 0
0.623558 -0.084666 0.152364 255 0 0
0.624125 -0.083542 0.152336 0 0 0
0.624685 -0.082443 0.152312 0 0 0
0.625245 -0.081345 0.152288 0 0 0
0.625805 -0.080247 0.152264 0 0 0
0.626365 -0.079149 0.152240 0 0 0
0.626925 -0.078051 0.152216 0 0 0
0.627485 -0.076952 0.152192 0 0 0
0.628046 -0.075854 0.152168 0 0 0
0.628606 -0.074756 0.152144 0 0 0
0.629166 -0.073658 0.152121 0 0 0
0.629726 -0.072559 0.152097 0 0 0
0.630283 -0.071458 0.152073 0 0 0
0.630833 -0.070353 0.152051 0 0 0
0.631442 -0.069269 0.152013 0 0 0
0.632059 -0.068460 0.151929 255 0 0
0.631971 -0.066606 0.151314 255 0 0
0.632389 -0.065721 0.151267 255 0 0
0.632957 -0.064594 0.151239 255 0 0
0.633518 -0.063493 0.151215 255 0 0
0.634079 -0.062395 0.151191 0 0 0
0.634661 -0.061287 0.151164 0 0 0
0.635362 -0.060241 0.151109 255 0 0
0.635895 -0.059440 0.151040 255 0 0
0.635807 -0.057519 0.150424 255 0 0
0.636248 -0.056634 0.150375 255 0 0
0.636942 -0.055579 0.150322 255 0 0
0.637619 -0.054552 0.150273 255 0 0
0.638200 -0.053443 0.150245 255 0 0
0.638758 -0.052343 0.150222 255 0 0
0.639303 -0.051215 0.150203 255 0 0
0.639781 -0.050064 0.150196 255 0 0
0.640317 -0.048968 0.150177 255 0 0
0.640882 -0.047864 0.150153 0 0 0
0.641444 -0.046761 0.150129 0 0 0
0.642003 -0.045658 0.150105 0 0 0
0.642560 -0.044551 0.150083 0 0 0
0.643129 -0.043450 0.150057 0 0 0
0.643692 -0.042344 0.150033 0 0 0
0.644260 -0.041268 0.150006 0 0 0
0.644926 -0.040215 0.149961 0 0 0
0.645501 -0.039089 0.149936 0 0 0
0.645964 -0.037925 0.149933 0 0 0
0.646457 -0.036836 0.149922 0 0 0
0.646919 -0.035669 0.149919 0 0 0
0.647471 -0.034548 0.149898 0 0 0
0.648056 -0.033443 0.149870 0 0 0
0.648729 -0.032388 0.149825 0 0 0
0.649317 -0.031345 0.149791 0 0 0
0.649988 -0.030290 0.149745 0 0 0
0.650574 -0.029183 0.149717 0 0 0
0.651132 -0.028082 0.149694 0 0 0
0.651684 -0.026974 0.149672 0 0 0
0.652245 -0.025868 0.149648 0 0 0
0.652817 -0.024736 0.149622 0 0 0
0.653236 -0.023881 0.149584 0 0 0
0.653175 -0.021844 0.148953 0 0 0
0.653638 -0.020982 0.148904 0 0 0
0.654259 -0.020183 0.148827 0 0 0
0.654226 -0.018162 0.148188 0 0 0
0.654650 -0.017295 0.148150 0 0 0
0.655233 -0.016191 0.148119 0 0 0
0.655947 -0.015100 0.148065 0 0 0
0.656491 -0.014282 0.148005 0 0 0
0.656448 -0.012274 0.147365 0 0 0
0.656966 -0.011461 0.147309 0 0 0
0.657573 -0.010315 0.147278 0 0 0
0.658139 -0.009207 0.147253 0 0 0
0.658705 -0.008098 0.147229 0 0 0
0.659271 -0.006988 0.147205 0 0 0
0.659836 -0.005879 0.147181 0 0 0
0.660407 -0.004729 0.147162 0 0 0
0.660808 -0.003792 0.147193 0 0 0
0.662209 -0.002724 0.147760 0 0 0
0.662691 -0.001865 0.147776 0 0 0
0.663273 -0.000733 0.147756 0 0 0
0.663837 0.000373 0.147732 0 0 0
0.664395 0.001499 0.147710 0 0 0
0.664876 0.002648 0.147702 0 0 0
0.665502 0.003687 0.147664 0 0 0
0.666097 0.004805 0.147636 0 0 0
0.666654 0.005925 0.147614 0 0 0
0.667129 0.007101 0.147609 0 0 0
0.667665 0.008218 0.147596 0 0 0
0.668162 0.009100 0.147611 0 0 0
0.669665 0.010047 0.148148 0 0 0
0.670081 0.011018 0.148187 0 0 0
0.670503 0.011991 0.148228 0 0 0
0.671946 0.012928 0.148771 0 0 0
0.672356 0.013860 0.148806 0 0 0
0.672918 0.015018 0.148790 0 0 0
0.673396 0.016165 0.148781 0 0 0
0.674008 0.017212 0.148747 0 0 0
0.674521 0.018372 0.148733 0 0 0
0.675174 0.019409 0.148692 0 0 0
0.675877 0.020462 0.148641 0 0 0
0.676452 0.021568 0.148612 0 0 0
0.676862 0.022409 0.148583 0 0 0
0.676849 0.024585 0.147936 0 0 0
0.677291 0.025436 0.147901 0 0 0
0.677970 0.026490 0.147851 0 0 0
0.678646 0.027549 0.147802 0 0 0
0.679097 0.028393 0.147765 0 0 0
0.679136 0.030607 0.147105 0 0 0
0.679488 0.031160 0.147043 0 0 0
0.679791 0.033169 0.146357 0 0 0
0.680207 0.034035 0.146313 0 0 0
0.680781 0.035178 0.146287 0 0 0
0.681347 0.036289 0.146263 0 0 0
0.681916 0.037398 0.146238 0 0 0
0.682487 0.038504 0.146213 0 0 0
0.683050 0.039617 0.146189 0 0 0
0.683622 0.040723 0.146164 0 0 0
0.684182 0.041837 0.146141 0 0 0
0.684746 0.042949 0.146118 0 0 0
0.685261 0.044054 0.146104 0 0 0
0.685758 0.045251 0.146102 0 0 0
0.686273 0.046158 0.146128 0 0 0
0.687706 0.047023 0.146642 0 0 0
0.688149 0.047981 0.146684 0 0 0
0.688678 0.049102 0.146673 0 0 0
0.689245 0.050212 0.146650 0 0 0
0.689814 0.051322 0.146625 0 0 0
0.690391 0.052407 0.146597 0 0 0
0.691056 0.053447 0.146551 0 0 0
0.691668 0.054595 0.146520 0 0 0
0.692091 0.055421 0.146490 0 0 0
0.692262 0.057622 0.145805 0 0 0
0.692783 0.058396 0.145755 0 0 0
0.693384 0.059547 0.145724 0 0 0
0.693808 0.060380 0.145696 0 0 0
0.693822 0.062645 0.145041 0 0 0
0.694390 0.063458 0.144984 0 0 0
0.694957 0.064269 0.144929 0 0 0
0.694978 0.066543 0.144272 0 0 0
0.695405 0.067378 0.144244 0 0 0
0.695986 0.068528 0.144219 0 0 0
0.696576 0.069654 0.144189 0 0 0
0.697098 0.070431 0.144140 0 0 0
0.697307 0.072676 0.143458 0 0 0
0.697712 0.073323 0.143482 0 0 0
0.699107 0.074131 0.143976 0 0 0
0.699655 0.075047 0.144009 0 0 0
0.700250 0.076210 0.143988 0 0 0
0.700673 0.077043 0.143961 0 0 0
0.700826 0.079289 0.143279 0 0 0
0.701305 0.080141 0.143242 0 0 0
0.701987 0.081216 0.143194 0 0 0
0.702558 0.082319 0.143168 0 0 0
0.703142 0.083477 0.143144 0 0 0
0.703567 0.084274 0.143124 0 0 0
0.591209 -0.152958 0.154258 0 0 0
0.591697 -0.152222 0.154223 0 0 0
0.592326 -0.151191 0.154182 0 0 0
0.592986 -0.150112 0.154142 0 0 0
0.593555 -0.149020 0.154116 0 0 0
0.594113 -0.147927 0.154092 0 0 0
0.594671 -0.146834 0.154068 0 0 0
0.595228 -0.145740 0.154045 0 0 0
0.595786 -0.144647 0.154021 0 0 0
0.596341 -0.143556 0.153997 0 0 0
0.596883 -0.142425 0.153979 0 0 0
0.597327 -0.141288 0.153976 0 0 0
0.597896 -0.140175 0.153954 0 0 0
0.598326 -0.139369 0.153945 0 0 0
0.599995 -0.137953 0.154534 0 0 0
0.600426 -0.137146 0.154543 0 0 0
0.600995 -0.136025 0.154523 0 0 0
0.601536 -0.134897 0.154504 0 0 0
0.601978 -0.133759 0.154501 0 0 0
0.602549 -0.132697 0.154466 0 0 0
0.603052 -0.131802 0.154381 0 0 0
0.602925 -0.130151 0.153811 0 0 0
0.603415 -0.129249 0.153731 0 0 0
0.604003 -0.128175 0.153694 0 0 0
0.604563 -0.127076 0.153669 0 0 0
0.605146 -0.126028 0.153637 0 0 0
0.605812 -0.124964 0.153595 0 0 0
0.606381 -0.123869 0.153568 0 0 0
0.606939 -0.122755 0.153535 0 0 0
0.607379 -0.121810 0.153447 0 0 0
0.607323 -0.120199 0.152880 0 0 0
0.607741 -0.119299 0.152814 0 0 0
0.608308 -0.118179 0.152784 0 0 0
0.608867 -0.117082 0.152760 0 0 0
0.609426 -0.115987 0.152736 0 0 0
0.609985 -0.114891 0.152713 0 0 0
0.610544 -0.113795 0.152689 0 0 0
0.611103 -0.112699 0.152665 0 0 0
0.611678 -0.111576 0.152642 0 0 0
0.612123 -0.110750 0.152635 0 0 0
0.613825 -0.109484 0.152968 0 0 0
0.614210 -0.108675 0.153018 0 0 0
0.614735 -0.107485 0.153182 0 0 0
0.615296 -0.106348 0.153190 0 0 0
0.615761 -0.105179 0.153190 0 0 0
0.616190 -0.104372 0.153189 0 0 0
0.617627 -0.103198 0.153693 0 0 0
0.617332 -0.101971 0.153241 255 0 0
0.618751 -0.101026 0.153678 255 0 0
0.618519 -0.099523 0.153144 0 0 0
0.618933 -0.098614 0.153081 0 0 0
0.619499 -0.097495 0.153052 0 0 0
0.620056 -0.096401 0.153028 0 0 0
0.620629 -0.095303 0.153003 255 0 0
0.621289 -0.094242 0.152961 255 0 0
0.621833 -0.093193 0.152936 255 0 0
0.622306 -0.092042 0.152929 0 0 0
0.622938 -0.090967 0.152894 0 0 0
0.623404 -0.089864 0.152884 255 0 0
0.623957 -0.088738 0.152862 255 0 0
0.624543 -0.087686 0.152830 255 0 0
0.625327 -0.086661 0.152767 255 0 0
0.625921 -0.085612 0.152733 0 0 0
0.626476 -0.084516 0.152709 0 0 0
0.627023 -0.083418 0.152687 0 0 0
0.627578 -0.082322 0.152664 0 0 0
0.628135 -0.081227 0.152640 0 0 0
0.628693 -0.080134 0.152617 0 0 0
0.629251 -0.079041 0.152593 0 0 0
0.629811 -0.077950 0.152567 0 0 0
0.630405 -0.076823 0.152503 0 0 0
0.630984 -0.075807 0.152324 0 0 0
0.631472 -0.074702 0.152462 0 0 0
0.632044 -0.073575 0.152471 0 0 0
0.632597 -0.072479 0.152450 0 0 0
0.633162 -0.071359 0.152422 0 0 0
0.633573 -0.070487 0.152375 0 0 0
0.633476 -0.068638 0.151761 255 0 0
0.633984 -0.067801 0.151695 255 0 0
0.634575 -0.066676 0.151663 255 0 0
0.635158 -0.065574 0.151636 255 0 0
0.635799 -0.064534 0.151598 255 0 0
0.636296 -0.063386 0.151581 255 0 0
0.636799 -0.062527 0.151520 0 0 0
0.636703 -0.060647 0.150902 255 0 0
0.637144 -0.059804 0.150849 255 0 0
0.637946 -0.058735 0.150777 0 0 0
0.638397 -0.057900 0.150724 255 0 0
0.638281 -0.055965 0.150110 255 0 0
0.638688 -0.055087 0.150067 255 0 0
0.639253 -0.053961 0.150040 255 0 0
0.639839 -0.052855 0.150013 255 0 0
0.640483 -0.051812 0.149973 255 0 0
0.640962 -0.050689 0.149963 255 0 0
0.641516 -0.049564 0.149941 0 0 0
0.642076 -0.048465 0.149917 0 0 0
0.642637 -0.047366 0.149893 0 0 0
0.643223 -0.046260 0.149866 0 0 0
0.643862 -0.045215 0.149827 0 0 0
0.644333 -0.044086 0.149818 0 0 0
0.644884 -0.042960 0.149798 0 0 0
0.645442 -0.041859 0.149774 0 0 0
0.645993 -0.040754 0.149752 0 0 0
0.646554 -0.039655 0.149728 0 0 0
0.647142 -0.038537 0.149705 0 0 0
0.647603 -0.037689 0.149710 0 0 0
0.649243 -0.036596 0.150264 0 0 0
0.649709 -0.035724 0.150267 0 0 0
0.650142 -0.034846 0.150229 0 0 0
0.650069 -0.032844 0.149601 0 0 0
0.650484 -0.031984 0.149562 0 0 0
0.651045 -0.030850 0.149537 0 0 0
0.651602 -0.029751 0.149513 0 0 0
0.652188 -0.028646 0.149485 0 0 0
0.652861 -0.027599 0.149440 0 0 0
0.653435 -0.026528 0.149411 0 0 0
0.653996 -0.025421 0.149387 0 0 0
0.654570 -0.024348 0.149358 0 0 0
0.655250 -0.023273 0.149310 0 0 0
0.655693 -0.022414 0.149269 0 0 0
0.655655 -0.020398 0.148629 0 0 0
0.656270 -0.019631 0.148553 0 0 0
0.656886 -0.018531 0.148516 0 0 0
0.657457 -0.017397 0.148489 0 0 0
0.657874 -0.016543 0.148453 0 0 0
0.657811 -0.014505 0.147817 0 0 0
0.658327 -0.013699 0.147761 0 0 0
0.658932 -0.012557 0.147729 0 0 0
0.659495 -0.011454 0.147705 0 0 0
0.660059 -0.010349 0.147681 0 0 0
0.660623 -0.009244 0.147656 0 0 0
0.661187 -0.008138 0.147633 0 0 0
0.661768 -0.007009 0.147612 0 0 0
0.662247 -0.006155 0.147628 0 0 0
0.663704 -0.005086 0.148189 0 0 0
0.664181 -0.004215 0.148201 0 0 0
0.664759 -0.003092 0.148180 0 0 0
0.665322 -0.001989 0.148156 0 0 0
0.665887 -0.000883 0.148132 0 0 0
0.666404 0.000209 0.148116 0 0 0
0.666872 0.001381 0.148112 0 0 0
0.667426 0.002501 0.148090 0 0 0
0.667987 0.003602 0.148066 0 0 0
0.668550 0.004705 0.148042 0 0 0
0.669112 0.005808 0.148018 0 0 0
0.669674 0.006909 0.147995 0 0 0
0.670243 0.008051 0.147977 0 0 0
0.670653 0.008982 0.148011 0 0 0
0.672102 0.009923 0.148556 0 0 0
0.672516 0.010890 0.148597 0 0 0
0.672933 0.011858 0.148638 0 0 0
0.674432 0.012791 0.149174 0 0 0
0.674872 0.013645 0.149199 0 0 0
0.675389 0.014845 0.149192 0 0 0
0.676047 0.015897 0.149150 0 0 0
0.676618 0.017004 0.149121 0 0 0
0.677038 0.017832 0.149089 0 0 0
0.676994 0.020006 0.148445 0 0 0
0.677443 0.020848 0.148408 0 0 0
0.678130 0.021894 0.148357 0 0 0
0.678812 0.022942 0.148307 0 0 0
0.679255 0.023786 0.148272 0 0 0
0.679277 0.025966 0.147616 0 0 0
0.679772 0.026753 0.147568 0 0 0
0.680375 0.027886 0.147506 0 0 0
0.680996 0.028715 0.147269 0 0 0
0.680917 0.030515 0.146790 0 0 0
0.680911 0.032400 0.146122 0 0 0
0.681362 0.033266 0.146069 0 0 0
0.682035 0.034343 0.146021 0 0 0
0.682614 0.035432 0.145993 0 0 0
0.683128 0.036536 0.145979 0 0 0
0.683649 0.037718 0.145966 0 0 0
0.684257 0.038766 0.145932 0 0 0
0.684743 0.039923 0.145924 0 0 0
0.685301 0.041043 0.145901 0 0 0
0.685881 0.042167 0.145881 0 0 0
0.686399 0.043059 0.145906 0 0 0
0.687838 0.043928 0.146422 0 0 0
0.688346 0.044826 0.146449 0 0 0
0.688843 0.046016 0.146446 0 0 0
0.689364 0.047111 0.146430 0 0 0
0.689933 0.048218 0.146406 0 0 0
0.690499 0.049326 0.146382 0 0 0
0.691016 0.050426 0.146367 0 0 0
0.691504 0.051596 0.146359 0 0 0
0.692052 0.052716 0.146339 0 0 0
0.692611 0.053822 0.146315 0 0 0
0.693233 0.054942 0.146280 0 0 0
0.693818 0.055656 0.146217 0 0 0
0.693883 0.057908 0.145550 0 0 0
0.694310 0.058738 0.145521 0 0 0
0.694890 0.059861 0.145493 0 0 0
0.695572 0.060929 0.145445 0 0 0
0.696039 0.061769 0.145407 0 0 0
0.696184 0.063959 0.144723 0 0 0
0.696733 0.064737 0.144670 0 0 0
0.697457 0.065819 0.144615 0 0 0
0.698024 0.066908 0.144589 0 0 0
0.698597 0.068056 0.144565 0 0 0
0.699012 0.068887 0.144538 0 0 0
0.699165 0.071116 0.143855 0 0 0
0.699593 0.071956 0.143825 0 0 0
0.700103 0.073172 0.143815 0 0 0
0.700613 0.074277 0.143802 0 0 0
0.701181 0.075391 0.143778 0 0 0
0.701792 0.076496 0.143745 0 0 0
0.702567 0.077505 0.143677 0 0 0
0.703033 0.078325 0.143642 0 0 0
0.703059 0.080658 0.142984 0 0 0
0.703486 0.081489 0.142957 0 0 0
0.704067 0.082637 0.142931 0 0 0
0.704704 0.083778 0.142897 0 0 0
0.705300 0.084455 0.142839 0 0 0
0.593332 -0.152374 0.153951 0 0 0
0.593745 -0.151645 0.153929 0 0 0
0.594307 -0.150509 0.153907 0 0 0
0.594853 -0.149414 0.153885 0 0 0
0.595406 -0.148320 0.153862 0 0 0
0.595962 -0.147227 0.153838 0 0 0
0.596519 -0.146136 0.153814 0 0 0
0.597075 -0.145045 0.153791 0 0 0
0.597632 -0.143955 0.153767 0 0 0
0.598195 -0.142865 0.153742 0 0 0
0.598743 -0.141781 0.153720 0 0 0
0.599211 -0.140621 0.153718 0 0 0
0.599629 -0.139778 0.153732 0 0 0
0.601274 -0.138350 0.154323 0 0 0
0.601696 -0.137554 0.154315 0 0 0
0.602272 -0.136437 0.154294 0 0 0
0.602829 -0.135352 0.154269 0 0 0
0.603395 -0.134268 0.154243 0 0 0
0.603985 -0.133150 0.154185 0 0 0
0.604649 -0.132128 0.153982 0 0 0
0.605152 -0.131246 0.153845 0 0 0
0.605035 -0.129657 0.153499 0 0 0
0.605433 -0.128707 0.153437 0 0 0
0.605994 -0.127593 0.153408 0 0 0
0.606548 -0.126499 0.153385 0 0 0
0.607096 -0.125408 0.153361 0 0 0
0.607691 -0.124294 0.153304 0 0 0
0.608340 -0.123229 0.153098 0 0 0
0.608773 -0.122351 0.152991 0 0 0
0.608721 -0.120795 0.152636 0 0 0
0.609155 -0.119818 0.152554 0 0 0
0.609719 -0.118706 0.152523 0 0 0
0.610276 -0.117612 0.152499 0 0 0
0.610834 -0.116519 0.152476 0 0 0
0.611392 -0.115425 0.152452 0 0 0
0.611950 -0.114332 0.152428 0 0 0
0.612507 -0.113238 0.152404 0 0 0
0.613061 -0.112144 0.152383 0 0 0
0.613632 -0.111034 0.152384 0 0 0
0.614130 -0.109831 0.152547 0 0 0
0.614516 -0.109018 0.152594 0 0 0
0.616085 -0.107721 0.152948 0 0 0
0.616549 -0.106883 0.152955 0 0 0
0.617115 -0.105745 0.152941 0 0 0
0.617464 -0.104868 0.152974 0 0 0
0.619081 -0.103566 0.153551 0 0 0
0.619590 -0.102755 0.153536 255 0 0
0.620091 -0.101628 0.153525 255 0 0
0.620735 -0.100583 0.153485 0 0 0
0.621310 -0.099491 0.153459 0 0 0
0.621865 -0.098403 0.153435 0 0 0
0.622426 -0.097288 0.153407 255 0 0
0.622835 -0.096405 0.153353 255 0 0
0.622737 -0.094593 0.152753 255 0 0
0.623143 -0.093987 0.152707 255 0 0
0.624647 -0.092998 0.152970 0 0 0
0.624298 -0.091653 0.152733 0 0 0
0.625860 -0.090541 0.153243 255 0 0
0.626295 -0.089694 0.153240 255 0 0
0.626720 -0.088790 0.153190 255 0 0
0.626576 -0.086962 0.152591 255 0 0
0.626983 -0.086081 0.152540 255 0 0
0.627564 -0.084962 0.152510 0 0 0
0.628224 -0.083907 0.152467 0 0 0
0.628798 -0.082853 0.152437 0 0 0
0.629355 -0.081758 0.152413 0 0 0
0.629912 -0.080667 0.152390 0 0 0
0.630469 -0.079575 0.152366 0 0 0
0.631034 -0.078460 0.152338 0 0 0
0.631435 -0.077540 0.152288 0 0 0
0.631280 -0.075988 0.151993 0 0 0
0.632768 -0.074985 0.152246 0 0 0
0.633236 -0.074145 0.152245 0 0 0
0.633807 -0.073029 0.152223 0 0 0
0.634364 -0.071934 0.152200 0 0 0
0.634939 -0.070880 0.152169 0 0 0
0.635608 -0.069832 0.152125 0 0 0
0.636185 -0.068738 0.152098 255 0 0
0.636748 -0.067621 0.152071 255 0 0
0.637157 -0.066744 0.152020 0 0 0
0.636962 -0.065090 0.151467 0 0 0
0.638346 -0.064332 0.151923 0 0 0
0.638201 -0.062717 0.151358 255 0 0
0.638829 -0.061883 0.151267 255 0 0
0.639291 -0.061032 0.151208 255 0 0
0.639159 -0.059095 0.150595 255 0 0
0.639586 -0.058264 0.150545 255 0 0
0.640265 -0.057188 0.150497 255 0 0
0.640870 -0.056080 0.150466 255 0 0
0.641552 -0.055005 0.150418 255 0 0
0.641981 -0.054168 0.150365 255 0 0
0.641794 -0.052472 0.149802 255 0 0
0.643315 -0.051554 0.150312 255 0 0
0.643764 -0.050705 0.150320 0 0 0
0.644350 -0.049587 0.150296 0 0 0
0.644919 -0.048465 0.150269 0 0 0
0.645331 -0.047593 0.150224 0 0 0
0.645157 -0.045877 0.149658 0 0 0
0.646661 -0.044979 0.150168 0 0 0
0.647114 -0.044129 0.150177 0 0 0
0.647689 -0.043007 0.150156 0 0 0
0.648248 -0.041911 0.150132 0 0 0
0.648806 -0.040815 0.150108 0 0 0
0.649364 -0.039721 0.150084 0 0 0
0.649913 -0.038604 0.150063 0 0 0
0.650369 -0.037446 0.150060 0 0 0
0.650891 -0.036354 0.150043 0 0 0
0.651467 -0.035287 0.150014 0 0 0
0.652135 -0.034242 0.149969 0 0 0
0.652719 -0.033142 0.149941 0 0 0
0.653279 -0.032048 0.149917 0 0 0
0.653851 -0.030923 0.149890 0 0 0
0.654275 -0.030080 0.149850 0 0 0
0.654191 -0.028057 0.149220 0 0 0
0.654606 -0.027206 0.149181 0 0 0
0.655175 -0.026078 0.149154 0 0 0
0.655734 -0.024977 0.149130 0 0 0
0.656284 -0.023871 0.149108 0 0 0
0.656896 -0.022775 0.149072 0 0 0
0.657514 -0.022017 0.148996 0 0 0
0.657471 -0.019997 0.148355 0 0 0
0.657890 -0.019143 0.148317 0 0 0
0.658459 -0.018012 0.148290 0 0 0
0.659058 -0.016938 0.148257 0 0 0
0.659844 -0.015942 0.148190 0 0 0
0.660442 -0.014869 0.148157 0 0 0
0.661002 -0.013767 0.148133 0 0 0
0.661563 -0.012666 0.148109 0 0 0
0.662128 -0.011563 0.148085 0 0 0
0.662644 -0.010474 0.148070 0 0 0
0.663108 -0.009304 0.148066 0 0 0
0.663659 -0.008186 0.148044 0 0 0
0.664211 -0.007070 0.148023 0 0 0
0.664676 -0.005900 0.148019 0 0 0
0.665193 -0.004810 0.148003 0 0 0
0.665757 -0.003708 0.147979 0 0 0
0.666319 -0.002607 0.147955 0 0 0
0.666896 -0.001486 0.147934 0 0 0
0.667377 -0.000616 0.147948 0 0 0
0.668814 0.000435 0.148507 0 0 0
0.669292 0.001282 0.148525 0 0 0
0.669870 0.002404 0.148505 0 0 0
0.670430 0.003503 0.148481 0 0 0
0.670990 0.004601 0.148457 0 0 0
0.671551 0.005699 0.148433 0 0 0
0.672110 0.006796 0.148410 0 0 0
0.672677 0.007932 0.148392 0 0 0
0.673083 0.008859 0.148427 0 0 0
0.674530 0.009793 0.148973 0 0 0
0.674926 0.010733 0.149010 0 0 0
0.675416 0.011960 0.149015 0 0 0
0.675870 0.012821 0.149047 0 0 0
0.677241 0.013517 0.149536 0 0 0
0.677203 0.015450 0.148955 0 0 0
0.677669 0.016222 0.148910 0 0 0
0.678192 0.017376 0.148891 0 0 0
0.678962 0.018405 0.148826 0 0 0
0.679412 0.019209 0.148787 0 0 0
0.679393 0.021382 0.148136 0 0 0
0.679830 0.022224 0.148101 0 0 0
0.680519 0.023299 0.148048 0 0 0
0.681035 0.024068 0.147980 0 0 0
0.681215 0.026177 0.147303 0 0 0
0.681480 0.026793 0.147258 0 0 0
0.681613 0.028795 0.146771 0 0 0
0.682164 0.029639 0.146556 0 0 0
0.682847 0.030771 0.146450 0 0 0
0.683415 0.031662 0.146208 0 0 0
0.683390 0.033693 0.145771 0 0 0
0.683779 0.034638 0.145756 0 0 0
0.684385 0.035510 0.145772 0 0 0
0.685572 0.036159 0.146228 0 0 0
0.685588 0.038001 0.145764 0 0 0
0.686902 0.038578 0.146055 0 0 0
0.687352 0.039477 0.146238 0 0 0
0.687930 0.040654 0.146260 0 0 0
0.688481 0.041767 0.146239 0 0 0
0.688959 0.042939 0.146233 0 0 0
0.689472 0.044035 0.146219 0 0 0
0.690043 0.045135 0.146193 0 0 0
0.690610 0.046237 0.146169 0 0 0
0.691174 0.047340 0.146145 0 0 0
0.691750 0.048460 0.146125 0 0 0
0.692303 0.049359 0.146149 0 0 0
0.693631 0.050142 0.146479 0 0 0
0.694085 0.051123 0.146656 0 0 0
0.694763 0.052319 0.146466 0 0 0
0.695191 0.053096 0.146386 0 0 0
0.695263 0.055271 0.145977 0 0 0
0.695707 0.056041 0.145943 0 0 0
0.696281 0.057268 0.145921 0 0 0
0.696934 0.058308 0.145878 0 0 0
0.697507 0.059427 0.145849 0 0 0
0.697912 0.060268 0.145807 0 0 0
0.698221 0.062404 0.145106 0 0 0
0.698504 0.062964 0.145075 0 0 0
0.698530 0.065291 0.144414 0 0 0
0.698952 0.066111 0.144386 0 0 0
0.699570 0.067263 0.144354 0 0 0
0.700238 0.068285 0.144306 0 0 0
0.700904 0.069308 0.144259 0 0 0
0.701509 0.070427 0.144228 0 0 0
0.702074 0.071531 0.144204 0 0 0
0.702639 0.072638 0.144180 0 0 0
0.703214 0.073779 0.144155 0 0 0
0.703633 0.074601 0.144128 0 0 0
0.703662 0.076933 0.143468 0 0 0
0.704084 0.077742 0.143439 0 0 0
0.704757 0.078807 0.143393 0 0 0
0.705410 0.079945 0.143354 0 0 0
0.706086 0.081009 0.143308 0 0 0
0.706512 0.081816 0.143279 0 0 0
0.706575 0.084177 0.142613 0 0 0
0.706902 0.084628 0.142581 0 0 0
0.594642 -0.152766 0.153720 0 0 0
0.595033 -0.152030 0.153702 0 0 0
0.595620 -0.150901 0.153676 0 0 0
0.596286 -0.149835 0.153634 0 0 0
0.596873 -0.148798 0.153601 0 0 0
0.597428 -0.147707 0.153577 0 0 0
0.597975 -0.146615 0.153554 0 0 0
0.598536 -0.145526 0.153530 0 0 0
0.599095 -0.144438 0.153506 0 0 0
0.599667 -0.143323 0.153483 0 0 0
0.600099 -0.142513 0.153473 0 0 0
0.601818 -0.141178 0.153802 0 0 0
0.602232 -0.140301 0.153823 0 0 0
0.602733 -0.139156 0.153826 0 0 0
0.603218 -0.138132 0.153843 0 0 0
0.603756 -0.136914 0.153970 0 0 0
0.604357 -0.135927 0.153828 0 0 0
0.604854 -0.134742 0.153921 0 0 0
0.605377 -0.133799 0.153723 0 0 0
0.605205 -0.132283 0.153532 0 0 0
0.605614 -0.131355 0.153441 0 0 0
0.606257 -0.130298 0.153237 0 0 0
0.606855 -0.129185 0.153178 0 0 0
0.607410 -0.128100 0.153153 0 0 0
0.607966 -0.127011 0.153129 0 0 0
0.608527 -0.125900 0.153100 0 0 0
0.608923 -0.124960 0.153041 0 0 0
0.608797 -0.123342 0.152694 0 0 0
0.609230 -0.122447 0.152587 0 0 0
0.609965 -0.121396 0.152354 0 0 0
0.610585 -0.120330 0.152289 0 0 0
0.611140 -0.119239 0.152264 0 0 0
0.611686 -0.118144 0.152242 0 0 0
0.612240 -0.117050 0.152219 0 0 0
0.612796 -0.115958 0.152195 0 0 0
0.613352 -0.114867 0.152172 0 0 0
0.613909 -0.113776 0.152148 0 0 0
0.614466 -0.112685 0.152124 0 0 0
0.615024 -0.111594 0.152101 0 0 0
0.615602 -0.110477 0.152082 0 0 0
0.616052 -0.109655 0.152090 0 0 0
0.617514 -0.108263 0.152688 0 0 0
0.617978 -0.107416 0.152698 0 0 0
0.618421 -0.106582 0.152698 0 0 0
0.620008 -0.105225 0.153290 0 0 0
0.620357 -0.104364 0.153320 0 0 0
0.620897 -0.103255 0.153304 0 0 0
0.621459 -0.102168 0.153280 0 0 0
0.622005 -0.101077 0.153258 0 0 0
0.622554 -0.099990 0.153235 0 0 0
0.623098 -0.098900 0.153213 0 0 0
0.623650 -0.097806 0.153189 255 0 0
0.624236 -0.096737 0.153154 255 0 0
0.624746 -0.095892 0.153083 255 0 0
0.624651 -0.094039 0.152530 255 0 0
0.624888 -0.093355 0.152652 0 0 0
0.626649 -0.092179 0.153026 0 0 0
0.626996 -0.091317 0.153040 0 0 0
0.627541 -0.090210 0.153022 255 0 0
0.628121 -0.089163 0.152990 255 0 0
0.628787 -0.088117 0.152947 0 0 0
0.629357 -0.087002 0.152916 0 0 0
0.629789 -0.086097 0.152840 0 0 0
0.629776 -0.084357 0.152237 0 0 0
0.630187 -0.083493 0.152183 0 0 0
0.630752 -0.082378 0.152155 0 0 0
0.631308 -0.081288 0.152131 0 0 0
0.631863 -0.080199 0.152107 0 0 0
0.632419 -0.079108 0.152083 0 0 0
0.632988 -0.078055 0.152054 0 0 0
0.633625 -0.076975 0.152017 0 0 0
0.634107 -0.075836 0.152009 0 0 0
0.634637 -0.074756 0.151989 0 0 0
0.635195 -0.073667 0.151965 0 0 0
0.635750 -0.072577 0.151941 0 0 0
0.636303 -0.071486 0.151918 0 0 0
0.636849 -0.070393 0.151896 0 0 0
0.637402 -0.069303 0.151873 255 0 0
0.637957 -0.068211 0.151849 255 0 0
0.638529 -0.067161 0.151820 0 0 0
0.639188 -0.066089 0.151778 0 0 0
0.639680 -0.064948 0.151763 255 0 0
0.640162 -0.064138 0.151705 255 0 0
0.640050 -0.062212 0.151087 255 0 0
0.640496 -0.061385 0.151033 255 0 0
0.641281 -0.060347 0.150966 255 0 0
0.641873 -0.059289 0.150933 255 0 0
0.642438 -0.058168 0.150906 255 0 0
0.642847 -0.057311 0.150862 255 0 0
0.642729 -0.055367 0.150243 255 0 0
0.643156 -0.054544 0.150194 255 0 0
0.643827 -0.053447 0.150149 255 0 0
0.644325 -0.052278 0.150139 255 0 0
0.644928 -0.051255 0.150106 255 0 0
0.645395 -0.050131 0.150098 255 0 0
0.645941 -0.049008 0.150077 0 0 0
0.646536 -0.047950 0.150044 0 0 0
0.647279 -0.046941 0.149988 0 0 0
0.647684 -0.045743 0.149992 0 0 0
0.648309 -0.044689 0.149957 0 0 0
0.648884 -0.043628 0.149928 0 0 0
0.649441 -0.042531 0.149904 0 0 0
0.649999 -0.041438 0.149880 0 0 0
0.650557 -0.040344 0.149856 0 0 0
0.651116 -0.039253 0.149832 0 0 0
0.651680 -0.038164 0.149807 0 0 0
0.652234 -0.037066 0.149784 0 0 0
0.652798 -0.035973 0.149759 0 0 0
0.653349 -0.034877 0.149737 0 0 0
0.653904 -0.033783 0.149713 0 0 0
0.654464 -0.032688 0.149690 0 0 0
0.654982 -0.031597 0.149673 0 0 0
0.655445 -0.030475 0.149665 0 0 0
0.656134 -0.029407 0.149618 0 0 0
0.656833 -0.028361 0.149569 0 0 0
0.657401 -0.027306 0.149540 0 0 0
0.657959 -0.026207 0.149516 0 0 0
0.658525 -0.025084 0.149490 0 0 0
0.658936 -0.024241 0.149453 0 0 0
0.658863 -0.022220 0.148815 0 0 0
0.659372 -0.021427 0.148759 0 0 0
0.660001 -0.020285 0.148723 0 0 0
0.660687 -0.019215 0.148674 0 0 0
0.661079 -0.018422 0.148639 0 0 0
0.661015 -0.016330 0.147999 0 0 0
0.661430 -0.015484 0.147962 0 0 0
0.662002 -0.014359 0.147937 0 0 0
0.662562 -0.013260 0.147913 0 0 0
0.663137 -0.012139 0.147891 0 0 0
0.663611 -0.011278 0.147903 0 0 0
0.665074 -0.010199 0.148469 0 0 0
0.665544 -0.009361 0.148485 0 0 0
0.666120 -0.008241 0.148465 0 0 0
0.666680 -0.007145 0.148441 0 0 0
0.667239 -0.006049 0.148417 0 0 0
0.667798 -0.004953 0.148393 0 0 0
0.668375 -0.003832 0.148373 0 0 0
0.668851 -0.002990 0.148392 0 0 0
0.670296 -0.001939 0.148952 0 0 0
0.670770 -0.001079 0.148966 0 0 0
0.671343 0.000034 0.148945 0 0 0
0.671901 0.001128 0.148921 0 0 0
0.672462 0.002224 0.148898 0 0 0
0.672969 0.003307 0.148883 0 0 0
0.673430 0.004474 0.148878 0 0 0
0.673980 0.005585 0.148857 0 0 0
0.674535 0.006676 0.148833 0 0 0
0.675100 0.007808 0.148816 0 0 0
0.675501 0.008728 0.148851 0 0 0
0.676990 0.009669 0.149392 0 0 0
0.677472 0.010523 0.149410 0 0 0
0.678038 0.011652 0.149392 0 0 0
0.678523 0.012820 0.149381 0 0 0
0.678983 0.013581 0.149337 0 0 0
0.678985 0.015521 0.148760 0 0 0
0.680150 0.015998 0.149176 0 0 0
0.680240 0.017850 0.148610 0 0 0
0.680655 0.018663 0.148573 0 0 0
0.681348 0.019750 0.148521 0 0 0
0.681791 0.020596 0.148468 0 0 0
0.681926 0.022702 0.147801 0 0 0
0.682181 0.023275 0.147768 0 0 0
0.682369 0.025412 0.147085 0 0 0
0.682718 0.025966 0.147008 0 0 0
0.683020 0.027967 0.146318 0 0 0
0.683437 0.028852 0.146272 0 0 0
0.683847 0.029742 0.146241 0 0 0
0.683890 0.031793 0.145785 0 0 0
0.684376 0.032463 0.145621 0 0 0
0.685690 0.033166 0.146063 0 0 0
0.685652 0.034994 0.145604 0 0 0
0.686852 0.035668 0.146061 0 0 0
0.687291 0.036247 0.146070 0 0 0
0.687244 0.038348 0.145740 0 0 0
0.688454 0.038950 0.146003 0 0 0
0.689015 0.039851 0.146029 0 0 0
0.689595 0.040967 0.146009 0 0 0
0.690173 0.042056 0.145981 0 0 0
0.690739 0.043154 0.145956 0 0 0
0.691302 0.044255 0.145932 0 0 0
0.691863 0.045355 0.145908 0 0 0
0.692424 0.046455 0.145884 0 0 0
0.692983 0.047554 0.145862 0 0 0
0.693551 0.048720 0.145877 0 0 0
0.693986 0.049705 0.146087 0 0 0
0.695021 0.050282 0.146386 0 0 0
0.695114 0.052302 0.146086 0 0 0
0.695544 0.053086 0.146003 0 0 0
0.696226 0.054238 0.145779 0 0 0
0.696755 0.055160 0.145794 0 0 0
0.697999 0.055728 0.146256 0 0 0
0.698056 0.057793 0.145676 0 0 0
0.698578 0.058583 0.145626 0 0 0
0.699007 0.059420 0.145595 0 0 0
0.699168 0.061620 0.144922 0 0 0
0.699614 0.062446 0.144873 0 0 0
0.700397 0.063442 0.144802 0 0 0
0.701010 0.064569 0.144769 0 0 0
0.701420 0.065389 0.144743 0 0 0
0.701456 0.067691 0.144078 0 0 0
0.701867 0.068514 0.144052 0 0 0
0.702439 0.069654 0.144028 0 0 0
0.703001 0.070759 0.144004 0 0 0
0.703565 0.071864 0.143980 0 0 0
0.704128 0.072970 0.143956 0 0 0
0.704738 0.074069 0.143923 0 0 0
0.705439 0.075021 0.143869 0 0 0
0.706015 0.076211 0.143845 0 0 0
0.706684 0.077280 0.143799 0 0 0
0.707104 0.078079 0.143771 0 0 0
0.707125 0.080430 0.143110 0 0 0
0.707548 0.081234 0.143081 0 0 0
0.708223 0.082300 0.143035 0 0 0
0.708855 0.083458 0.143002 0 0 0
0.709287 0.084238 0.142980 0 0 0
0.597011 -0.153366 0.154132 0 0 0
0.597484 -0.152627 0.154094 0 0 0
0.597934 -0.151726 0.154013 0 0 0
0.597752 -0.150133 0.153457 0 0 0
0.598149 -0.149205 0.153384 0 0 0
0.598721 -0.148094 0.153353 0 0 0
0.599371 -0.147038 0.153314 0 0 0
0.599834 -0.145961 0.153302 0 0 0
0.600372 -0.144831 0.153283 0 0 0
0.600918 -0.143744 0.153263 0 0 0
0.601497 -0.142651 0.153267 0 0 0
0.602007 -0.141474 0.153448 0 0 0
0.602503 -0.140454 0.153461 0 0 0
0.603081 -0.139337 0.153422 0 0 0
0.603510 -0.138483 0.153432 0 0 0
0.605042 -0.137242 0.153694 0 0 0
0.604761 -0.136214 0.153469 0 0 0
0.606192 -0.135083 0.153620 0 0 0
0.606044 -0.133897 0.153280 0 0 0
0.606569 -0.132997 0.153042 0 0 0
0.607169 -0.131864 0.152975 0 0 0
0.607717 -0.130779 0.152949 0 0 0
0.608269 -0.129692 0.152925 0 0 0
0.608823 -0.128605 0.152902 0 0 0
0.609377 -0.127519 0.152878 0 0 0
0.609933 -0.126430 0.152854 0 0 0
0.610512 -0.125385 0.152823 0 0 0
0.611173 -0.124301 0.152777 0 0 0
0.611597 -0.123402 0.152712 0 0 0
0.611430 -0.121707 0.152133 0 0 0
0.611830 -0.120801 0.152070 0 0 0
0.612406 -0.119688 0.152039 0 0 0
0.613075 -0.118631 0.151996 0 0 0
0.613657 -0.117589 0.151964 0 0 0
0.614213 -0.116497 0.151940 0 0 0
0.614769 -0.115408 0.151916 0 0 0
0.615324 -0.114319 0.151892 0 0 0
0.615879 -0.113231 0.151869 0 0 0
0.616438 -0.112139 0.151845 0 0 0
0.616980 -0.111028 0.151830 0 0 0
0.617309 -0.110159 0.151861 0 0 0
0.618896 -0.108802 0.152458 0 0 0
0.619228 -0.107924 0.152477 0 0 0
0.619663 -0.107041 0.152498 0 0 0
0.621254 -0.105724 0.153088 0 0 0
0.621582 -0.104884 0.153102 0 0 0
0.622137 -0.103735 0.153085 0 0 0
0.622688 -0.102652 0.153061 0 0 0
0.623241 -0.101569 0.153038 255 0 0
0.623812 -0.100484 0.153011 255 0 0
0.624482 -0.099437 0.152968 0 0 0
0.625058 -0.098397 0.152937 255 0 0
0.625606 -0.097303 0.152914 255 0 0
0.626162 -0.096254 0.152886 255 0 0
0.626822 -0.095207 0.152844 0 0 0
0.627382 -0.094088 0.152822 0 0 0
0.627799 -0.092961 0.152823 0 0 0
0.628227 -0.091839 0.152822 0 0 0
0.628773 -0.090723 0.152802 0 0 0
0.629321 -0.089639 0.152779 255 0 0
0.629883 -0.088547 0.152754 0 0 0
0.630560 -0.087478 0.152706 0 0 0
0.630990 -0.086663 0.152646 0 0 0
0.630960 -0.084913 0.152043 0 0 0
0.631395 -0.084009 0.151966 0 0 0
0.631958 -0.082901 0.151936 0 0 0
0.632512 -0.081814 0.151912 0 0 0
0.633066 -0.080727 0.151889 0 0 0
0.633620 -0.079642 0.151865 0 0 0
0.634195 -0.078548 0.151839 0 0 0
0.634829 -0.077511 0.151801 0 0 0
0.635294 -0.076411 0.151791 0 0 0
0.635839 -0.075293 0.151770 0 0 0
0.636392 -0.074208 0.151747 0 0 0
0.636946 -0.073121 0.151723 0 0 0
0.637500 -0.072035 0.151700 0 0 0
0.638054 -0.070948 0.151676 0 0 0
0.638608 -0.069861 0.151652 255 0 0
0.639162 -0.068774 0.151629 255 0 0
0.639714 -0.067685 0.151606 0 0 0
0.640260 -0.066596 0.151583 0 0 0
0.640819 -0.065509 0.151559 0 0 0
0.641405 -0.064458 0.151527 0 0 0
0.642206 -0.063432 0.151456 0 0 0
0.642672 -0.062590 0.151379 255 0 0
0.642659 -0.060751 0.150761 255 0 0
0.643068 -0.059899 0.150714 0 0 0
0.643632 -0.058778 0.150687 255 0 0
0.644205 -0.057725 0.150657 255 0 0
0.644876 -0.056684 0.150612 255 0 0
0.645455 -0.055592 0.150585 255 0 0
0.646017 -0.054477 0.150558 255 0 0
0.646427 -0.053612 0.150512 255 0 0
0.646235 -0.051913 0.149946 255 0 0
0.647760 -0.051009 0.150458 255 0 0
0.648220 -0.050146 0.150462 0 0 0
0.648649 -0.049260 0.150418 0 0 0
0.648466 -0.047531 0.149857 0 0 0
0.649821 -0.046861 0.150317 0 0 0
0.649650 -0.045129 0.149753 0 0 0
0.650060 -0.044267 0.149707 0 0 0
0.650625 -0.043147 0.149680 0 0 0
0.651182 -0.042055 0.149657 0 0 0
0.651738 -0.040964 0.149633 0 0 0
0.652294 -0.039875 0.149609 0 0 0
0.652879 -0.038777 0.149581 0 0 0
0.653513 -0.037746 0.149543 0 0 0
0.653976 -0.036622 0.149535 0 0 0
0.654523 -0.035506 0.149514 0 0 0
0.655078 -0.034416 0.149490 0 0 0
0.655652 -0.033302 0.149469 0 0 0
0.656108 -0.032464 0.149477 0 0 0
0.657745 -0.031373 0.150031 0 0 0
0.658054 -0.030785 0.150022 0 0 0
0.657979 -0.028733 0.149392 0 0 0
0.658391 -0.027891 0.149354 0 0 0
0.658956 -0.026770 0.149327 0 0 0
0.659513 -0.025676 0.149303 0 0 0
0.660108 -0.024616 0.149270 0 0 0
0.660893 -0.023627 0.149205 0 0 0
0.661488 -0.022531 0.149171 0 0 0
0.661900 -0.021692 0.149134 0 0 0
0.661831 -0.019610 0.148501 0 0 0
0.662157 -0.019035 0.148493 0 0 0
0.663806 -0.017953 0.149039 0 0 0
0.664129 -0.017356 0.149034 0 0 0
0.664228 -0.015303 0.148378 0 0 0
0.664535 -0.014731 0.148377 0 0 0
0.666021 -0.013620 0.148943 0 0 0
0.666491 -0.012767 0.148955 0 0 0
0.667014 -0.011665 0.148942 0 0 0
0.667468 -0.010500 0.148938 0 0 0
0.668016 -0.009389 0.148916 0 0 0
0.668571 -0.008300 0.148893 0 0 0
0.669128 -0.007208 0.148869 0 0 0
0.669684 -0.006117 0.148845 0 0 0
0.670239 -0.005028 0.148822 0 0 0
0.670787 -0.003918 0.148800 0 0 0
0.671247 -0.002755 0.148796 0 0 0
0.671754 -0.001675 0.148781 0 0 0
0.672314 -0.000581 0.148757 0 0 0
0.672871 0.000510 0.148733 0 0 0
0.673446 0.001621 0.148713 0 0 0
0.673925 0.002475 0.148728 0 0 0
0.675502 0.003422 0.149264 0 0 0
0.675980 0.004270 0.149279 0 0 0
0.676553 0.005378 0.149258 0 0 0
0.677106 0.006466 0.149235 0 0 0
0.677648 0.007571 0.149214 0 0 0
0.678097 0.008737 0.149211 0 0 0
0.678603 0.009821 0.149196 0 0 0
0.679162 0.010911 0.149173 0 0 0
0.679725 0.011999 0.149148 0 0 0
0.680286 0.013066 0.149120 0 0 0
0.680951 0.014155 0.149044 0 0 0
0.681428 0.015069 0.148838 0 0 0
0.681504 0.016991 0.148376 0 0 0
0.681915 0.017863 0.148328 0 0 0
0.682491 0.019016 0.148299 0 0 0
0.682892 0.019838 0.148267 0 0 0
0.683060 0.021917 0.147596 0 0 0
0.683584 0.022711 0.147523 0 0 0
0.684106 0.023506 0.147449 0 0 0
0.684127 0.025360 0.146771 0 0 0
0.684119 0.027211 0.146098 0 0 0
0.684564 0.028069 0.146043 0 0 0
0.685242 0.029117 0.145992 0 0 0
0.685900 0.030136 0.145947 0 0 0
0.686485 0.031259 0.145920 0 0 0
0.686962 0.032406 0.145911 0 0 0
0.687568 0.033441 0.145877 0 0 0
0.688084 0.034619 0.145865 0 0 0
0.688598 0.035693 0.145848 0 0 0
0.689256 0.036738 0.145805 0 0 0
0.689781 0.037901 0.145790 0 0 0
0.690298 0.038992 0.145775 0 0 0
0.690806 0.040087 0.145761 0 0 0
0.691277 0.041258 0.145755 0 0 0
0.691829 0.042367 0.145733 0 0 0
0.692388 0.043464 0.145709 0 0 0
0.692948 0.044563 0.145685 0 0 0
0.693509 0.045661 0.145661 0 0 0
0.694069 0.046759 0.145637 0 0 0
0.694644 0.047870 0.145620 0 0 0
0.695171 0.048806 0.145679 0 0 0
0.696488 0.049650 0.146179 0 0 0
0.697064 0.050468 0.146195 0 0 0
0.697678 0.051590 0.146170 0 0 0
0.698236 0.052682 0.146146 0 0 0
0.698787 0.053790 0.146124 0 0 0
0.699283 0.054975 0.146113 0 0 0
0.699729 0.055714 0.146077 0 0 0
0.699798 0.057997 0.145405 0 0 0
0.700221 0.058787 0.145374 0 0 0
0.700946 0.059898 0.145320 0 0 0
0.701491 0.060653 0.145268 0 0 0
0.701503 0.062929 0.144603 0 0 0
0.701956 0.063756 0.144569 0 0 0
0.702636 0.064800 0.144520 0 0 0
0.703303 0.065813 0.144473 0 0 0
0.703906 0.066925 0.144443 0 0 0
0.704467 0.068022 0.144419 0 0 0
0.705028 0.069123 0.144395 0 0 0
0.705590 0.070224 0.144371 0 0 0
0.706161 0.071357 0.144346 0 0 0
0.706576 0.072173 0.144318 0 0 0
0.706647 0.074298 0.143762 0 0 0
0.707652 0.074572 0.144165 0 0 0
0.707714 0.076707 0.143609 0 0 0
0.708135 0.077504 0.143579 0 0 0
0.708856 0.078578 0.143525 0 0 0
0.709563 0.079617 0.143473 0 0 0
0.710120 0.080703 0.143448 0 0 0
0.710688 0.081850 0.143425 0 0 0
0.711104 0.082664 0.143397 0 0 0
0.711114 0.084634 0.142720 0 0 0
0.598952 -0.152722 0.153871 0 0 0
0.599393 -0.152060 0.153840 0 0 0
0.600064 -0.150960 0.153800 0 0 0
0.600628 -0.149848 0.153769 0 0 0
0.601016 -0.148909 0.153689 0 0 0
0.600740 -0.147608 0.153184 0 0 0
0.602407 -0.146366 0.153686 0 0 0
0.602811 -0.145575 0.153681 0 0 0
0.603383 -0.144464 0.153657 0 0 0
0.603935 -0.143381 0.153634 0 0 0
0.604487 -0.142299 0.153610 0 0 0
0.605039 -0.141217 0.153587 0 0 0
0.605587 -0.140138 0.153564 0 0 0
0.606122 -0.139016 0.153544 0 0 0
0.606586 -0.137942 0.153530 0 0 0
0.607209 -0.136830 0.153489 0 0 0
0.607572 -0.135876 0.153408 0 0 0
0.607565 -0.134391 0.152859 0 0 0
0.608016 -0.133466 0.152757 0 0 0
0.608574 -0.132361 0.152725 0 0 0
0.609129 -0.131277 0.152702 0 0 0
0.609690 -0.130196 0.152677 0 0 0
0.610239 -0.129112 0.152654 0 0 0
0.610799 -0.128029 0.152629 0 0 0
0.611354 -0.126946 0.152605 0 0 0
0.611908 -0.125858 0.152581 0 0 0
0.612430 -0.124776 0.152563 0 0 0
0.612898 -0.123694 0.152550 0 0 0
0.613669 -0.122627 0.152495 0 0 0
0.614254 -0.121571 0.152457 0 0 0
0.614651 -0.120670 0.152396 0 0 0
0.614492 -0.118960 0.151812 0 0 0
0.614894 -0.118060 0.151750 0 0 0
0.615453 -0.116949 0.151722 0 0 0
0.616007 -0.115862 0.151698 0 0 0
0.616562 -0.114775 0.151674 0 0 0
0.617116 -0.113688 0.151651 0 0 0
0.617690 -0.112573 0.151628 0 0 0
0.618103 -0.111766 0.151625 0 0 0
0.619856 -0.110444 0.152220 0 0 0
0.619975 -0.109836 0.152262 0 0 0
0.621722 -0.108508 0.152858 0 0 0
0.622109 -0.107660 0.152865 0 0 0
0.622350 -0.106744 0.152898 0 0 0
0.624079 -0.105453 0.153488 0 0 0
0.624489 -0.104655 0.153487 0 0 0
0.625059 -0.103547 0.153464 255 0 0
0.625616 -0.102440 0.153436 255 0 0
0.626015 -0.101568 0.153381 255 0 0
0.625867 -0.099784 0.152783 0 0 0
0.626267 -0.098910 0.152728 255 0 0
0.626844 -0.097799 0.152697 255 0 0
0.627511 -0.096753 0.152654 255 0 0
0.628078 -0.095713 0.152625 0 0 0
0.628648 -0.094602 0.152602 0 0 0
0.629082 -0.093805 0.152599 0 0 0
0.630668 -0.092519 0.153183 0 0 0
0.631102 -0.091700 0.153201 0 0 0
0.631673 -0.090565 0.153178 0 0 0
0.632073 -0.089702 0.153126 0 0 0
0.631936 -0.087872 0.152520 0 0 0
0.632373 -0.087046 0.152459 0 0 0
0.633161 -0.086007 0.152393 0 0 0
0.633753 -0.084973 0.152359 0 0 0
0.634304 -0.083889 0.152336 0 0 0
0.634852 -0.082807 0.152313 0 0 0
0.635393 -0.081719 0.152291 0 0 0
0.635949 -0.080607 0.152264 0 0 0
0.636349 -0.079733 0.152210 0 0 0
0.636135 -0.078141 0.151653 0 0 0
0.637696 -0.077146 0.152169 0 0 0
0.638129 -0.076333 0.152172 0 0 0
0.638700 -0.075225 0.152150 0 0 0
0.639252 -0.074142 0.152127 0 0 0
0.639804 -0.073060 0.152103 0 0 0
0.640356 -0.071979 0.152080 0 0 0
0.640907 -0.070897 0.152056 0 0 0
0.641459 -0.069815 0.152033 255 0 0
0.642011 -0.068733 0.152009 0 0 0
0.642563 -0.067651 0.151986 0 0 0
0.643123 -0.066541 0.151958 0 0 0
0.643525 -0.065693 0.151913 0 0 0
0.643405 -0.063748 0.151286 0 0 0
0.643673 -0.063129 0.151220 255 0 0
0.643829 -0.061357 0.150569 255 0 0
0.644260 -0.060472 0.150498 0 0 0
0.644825 -0.059361 0.150469 0 0 0
0.645377 -0.058271 0.150445 255 0 0
0.645921 -0.057179 0.150424 255 0 0
0.646471 -0.056092 0.150401 255 0 0
0.647025 -0.055001 0.150377 255 0 0
0.647592 -0.053957 0.150347 255 0 0
0.648255 -0.052893 0.150306 255 0 0
0.648723 -0.051735 0.150300 255 0 0
0.649238 -0.050658 0.150283 0 0 0
0.649808 -0.049610 0.150253 0 0 0
0.650471 -0.048544 0.150211 0 0 0
0.650954 -0.047426 0.150199 0 0 0
0.651613 -0.046397 0.150157 0 0 0
0.652317 -0.045351 0.150109 0 0 0
0.652884 -0.044309 0.150079 255 0 0
0.653434 -0.043217 0.150056 255 0 0
0.653977 -0.042124 0.150035 0 0 0
0.654538 -0.041005 0.150008 0 0 0
0.654944 -0.040156 0.149965 0 0 0
0.654789 -0.038411 0.149390 0 0 0
0.656268 -0.037548 0.149904 0 0 0
0.656727 -0.036713 0.149915 0 0 0
0.657299 -0.035603 0.149893 0 0 0
0.657852 -0.034517 0.149870 0 0 0
0.658395 -0.033410 0.149849 0 0 0
0.658844 -0.032253 0.149846 0 0 0
0.659371 -0.031206 0.149824 0 0 0
0.660043 -0.030172 0.149779 0 0 0
0.660625 -0.029081 0.149752 0 0 0
0.661179 -0.027996 0.149728 0 0 0
0.661743 -0.026880 0.149701 0 0 0
0.662153 -0.026050 0.149663 0 0 0
0.662098 -0.024001 0.149020 0 0 0
0.662614 -0.023210 0.148963 0 0 0
0.663165 -0.022162 0.148934 0 0 0
0.663725 -0.021065 0.148910 0 0 0
0.664292 -0.019924 0.148887 0 0 0
0.664743 -0.018764 0.148883 0 0 0
0.665262 -0.017721 0.148863 0 0 0
0.665935 -0.016689 0.148818 0 0 0
0.666512 -0.015571 0.148792 0 0 0
0.666966 -0.014413 0.148788 0 0 0
0.667492 -0.013315 0.148776 0 0 0
0.667963 -0.012468 0.148788 0 0 0
0.669578 -0.011485 0.149332 0 0 0
0.670039 -0.010643 0.149344 0 0 0
0.670600 -0.009530 0.149325 0 0 0
0.671153 -0.008440 0.149302 0 0 0
0.671707 -0.007353 0.149278 0 0 0
0.672261 -0.006267 0.149255 0 0 0
0.672816 -0.005180 0.149231 0 0 0
0.673371 -0.004094 0.149207 0 0 0
0.673930 -0.003008 0.149183 0 0 0
0.674495 -0.001928 0.149158 0 0 0
0.675051 -0.000844 0.149134 0 0 0
0.675607 0.000244 0.149110 0 0 0
0.676098 0.001334 0.149098 0 0 0
0.676458 0.002576 0.149112 0 0 0
0.676950 0.003667 0.149100 0 0 0
0.677507 0.004755 0.149076 0 0 0
0.678061 0.005838 0.149053 0 0 0
0.678649 0.006929 0.149024 0 0 0
0.679313 0.007951 0.148979 0 0 0
0.679881 0.009014 0.148951 0 0 0
0.680436 0.010104 0.148928 0 0 0
0.680990 0.011191 0.148904 0 0 0
0.681556 0.012307 0.148878 0 0 0
0.681952 0.013151 0.148849 0 0 0
0.681991 0.015148 0.148381 0 0 0
0.682600 0.015962 0.148141 0 0 0
0.683182 0.017070 0.148081 0 0 0
0.683744 0.018161 0.148053 0 0 0
0.684323 0.019270 0.147994 0 0 0
0.684929 0.020081 0.147758 0 0 0
0.684984 0.022133 0.147278 0 0 0
0.685240 0.022733 0.147232 0 0 0
0.685537 0.024727 0.146543 0 0 0
0.686041 0.025545 0.146476 0 0 0
0.686498 0.026417 0.146419 0 0 0
0.686642 0.028511 0.145748 0 0 0
0.687042 0.029341 0.145720 0 0 0
0.687610 0.030468 0.145694 0 0 0
0.688175 0.031560 0.145669 0 0 0
0.688732 0.032659 0.145646 0 0 0
0.689295 0.033750 0.145621 0 0 0
0.689858 0.034849 0.145597 0 0 0
0.690357 0.035943 0.145584 0 0 0
0.690829 0.037108 0.145578 0 0 0
0.691400 0.038232 0.145560 0 0 0
0.691909 0.039106 0.145585 0 0 0
0.693358 0.039970 0.146107 0 0 0
0.693865 0.040840 0.146133 0 0 0
0.694440 0.041952 0.146114 0 0 0
0.694999 0.043046 0.146090 0 0 0
0.695560 0.044138 0.146065 0 0 0
0.696123 0.045226 0.146040 0 0 0
0.696678 0.046323 0.146017 0 0 0
0.697236 0.047420 0.145994 0 0 0
0.697714 0.048581 0.145986 0 0 0
0.698213 0.049674 0.145973 0 0 0
0.698769 0.050772 0.145950 0 0 0
0.699325 0.051865 0.145926 0 0 0
0.699884 0.052957 0.145902 0 0 0
0.700447 0.054049 0.145878 0 0 0
0.701002 0.055132 0.145853 0 0 0
0.701651 0.056161 0.145811 0 0 0
0.702261 0.057298 0.145779 0 0 0
0.702671 0.058096 0.145751 0 0 0
0.702690 0.060369 0.145083 0 0 0
0.703255 0.061153 0.145027 0 0 0
0.703817 0.061936 0.144973 0 0 0
0.703845 0.064218 0.144303 0 0 0
0.704252 0.065031 0.144277 0 0 0
0.704819 0.066164 0.144252 0 0 0
0.705377 0.067263 0.144229 0 0 0
0.705937 0.068361 0.144205 0 0 0
0.706498 0.069459 0.144181 0 0 0
0.707058 0.070557 0.144157 0 0 0
0.707665 0.071649 0.144125 0 0 0
0.708359 0.072602 0.144073 0 0 0
0.708811 0.073836 0.144069 0 0 0
0.709448 0.074867 0.144030 0 0 0
0.710168 0.075937 0.143978 0 0 0
0.710580 0.076721 0.143950 0 0 0
0.710602 0.079071 0.143283 0 0 0
0.711062 0.079889 0.143250 0 0 0
0.711738 0.080949 0.143203 0 0 0
0.712305 0.082025 0.143176 0 0 0
0.712982 0.083091 0.143131 0 0 0
0.713439 0.083871 0.143104 0 0 0
0.600254 -0.153109 0.153653 0 0 0
0.600649 -0.152383 0.153634 0 0 0
0.601326 -0.151288 0.153594 0 0 0
0.601911 -0.150260 0.153560 0 0 0
0.602492 -0.149233 0.153527 0 0 0
0.603136 -0.148139 0.153491 0 0 0
0.603566 -0.147012 0.153489 0 0 0
0.604096 -0.145936 0.153469 0 0 0
0.604657 -0.144857 0.153444 0 0 0
0.605201 -0.143777 0.153422 0 0 0
0.605749 -0.142696 0.153399 0 0 0
0.606298 -0.141615 0.153375 0 0 0
0.606848 -0.140540 0.153350 0 0 0
0.607438 -0.139437 0.153290 0 0 0
0.608083 -0.138408 0.153099 0 0 0
0.608616 -0.137347 0.153040 0 0 0
0.609062 -0.136426 0.152958 0 0 0
0.609000 -0.134927 0.152602 0 0 0
0.609427 -0.133955 0.152513 0 0 0
0.609986 -0.132855 0.152482 0 0 0
0.610518 -0.131779 0.152462 0 0 0
0.610979 -0.130654 0.152455 0 0 0
0.611608 -0.129573 0.152421 0 0 0
0.612065 -0.128495 0.152411 0 0 0
0.612602 -0.127372 0.152392 0 0 0
0.613170 -0.126263 0.152369 0 0 0
0.613582 -0.125465 0.152366 0 0 0
0.615225 -0.124310 0.152877 0 0 0
0.614962 -0.122900 0.152348 0 0 0
0.615465 -0.122012 0.152261 0 0 0
0.616069 -0.121001 0.152217 0 0 0
0.616734 -0.119945 0.152175 0 0 0
0.617302 -0.118861 0.152149 0 0 0
0.617853 -0.117781 0.152125 0 0 0
0.618405 -0.116699 0.152102 0 0 0
0.618957 -0.115617 0.152078 0 0 0
0.619509 -0.114535 0.152055 0 0 0
0.620061 -0.113452 0.152031 0 0 0
0.620583 -0.112314 0.152019 0 0 0
0.620801 -0.111420 0.152051 0 0 0
0.622526 -0.110095 0.152648 0 0 0
0.622820 -0.109227 0.152670 0 0 0
0.623125 -0.108365 0.152690 0 0 0
0.624881 -0.107043 0.153280 0 0 0
0.625185 -0.106202 0.153297 255 0 0
0.625722 -0.105103 0.153280 0 0 0
0.626275 -0.104023 0.153257 255 0 0
0.626825 -0.102942 0.153233 255 0 0
0.627399 -0.101910 0.153202 0 0 0
0.628067 -0.100871 0.153159 0 0 0
0.628641 -0.099765 0.153128 0 0 0
0.629038 -0.098901 0.153074 0 0 0
0.628891 -0.097105 0.152472 255 0 0
0.629291 -0.096234 0.152418 0 0 0
0.629861 -0.095100 0.152394 0 0 0
0.630295 -0.094280 0.152412 0 0 0
0.631880 -0.092995 0.152998 0 0 0
0.632301 -0.092201 0.152997 0 0 0
0.632869 -0.091092 0.152975 0 0 0
0.633442 -0.090058 0.152944 0 0 0
0.634116 -0.088995 0.152897 0 0 0
0.634534 -0.088135 0.152843 0 0 0
0.634380 -0.086293 0.152236 0 0 0
0.634779 -0.085430 0.152186 0 0 0
0.635335 -0.084325 0.152158 0 0 0
0.635907 -0.083243 0.152131 0 0 0
0.636579 -0.082208 0.152087 0 0 0
0.637152 -0.081167 0.152057 0 0 0
0.637722 -0.080127 0.152026 0 0 0
0.638379 -0.079064 0.151986 0 0 0
0.638833 -0.077921 0.151981 0 0 0
0.639351 -0.076851 0.151963 0 0 0
0.639902 -0.075769 0.151940 0 0 0
0.640442 -0.074685 0.151918 0 0 0
0.640990 -0.073602 0.151895 0 0 0
0.641541 -0.072522 0.151872 0 0 0
0.642094 -0.071443 0.151848 0 0 0
0.642655 -0.070368 0.151822 255 0 0
0.643209 -0.069291 0.151798 0 0 0
0.643759 -0.068213 0.151775 0 0 0
0.644307 -0.067129 0.151752 0 0 0
0.644866 -0.066083 0.151724 0 0 0
0.645543 -0.065024 0.151674 255 0 0
0.645992 -0.064144 0.151599 255 0 0
0.646146 -0.062401 0.150954 255 0 0
0.646554 -0.061562 0.150903 0 0 0
0.647123 -0.060450 0.150874 0 0 0
0.647634 -0.059380 0.150857 255 0 0
0.648071 -0.058234 0.150854 255 0 0
0.648642 -0.057114 0.150830 255 0 0
0.649273 -0.056096 0.150793 255 0 0
0.649726 -0.054990 0.150784 255 0 0
0.650268 -0.053875 0.150763 255 0 0
0.650818 -0.052795 0.150740 0 0 0
0.651369 -0.051716 0.150716 0 0 0
0.651948 -0.050627 0.150689 0 0 0
0.652621 -0.049595 0.150645 0 0 0
0.653192 -0.048527 0.150613 0 0 0
0.653585 -0.047681 0.150573 0 0 0
0.653466 -0.045693 0.149944 0 0 0
0.653872 -0.044854 0.149903 255 0 0
0.654460 -0.043737 0.149872 255 0 0
0.655133 -0.042706 0.149827 0 0 0
0.655698 -0.041653 0.149798 0 0 0
0.656254 -0.040595 0.149772 0 0 0
0.656910 -0.039540 0.149731 0 0 0
0.657381 -0.038384 0.149723 0 0 0
0.657895 -0.037310 0.149706 0 0 0
0.658455 -0.036224 0.149682 0 0 0
0.659018 -0.035146 0.149657 0 0 0
0.659575 -0.034066 0.149632 0 0 0
0.660134 -0.032987 0.149607 0 0 0
0.660682 -0.031896 0.149585 0 0 0
0.661234 -0.030809 0.149562 0 0 0
0.661781 -0.029726 0.149539 0 0 0
0.662324 -0.028637 0.149517 0 0 0
0.662879 -0.027546 0.149493 0 0 0
0.663468 -0.026472 0.149460 0 0 0
0.663980 -0.025696 0.149404 0 0 0
0.663941 -0.023624 0.148762 0 0 0
0.664257 -0.023037 0.148756 0 0 0
0.665884 -0.021979 0.149309 0 0 0
0.666303 -0.021165 0.149325 0 0 0
0.666770 -0.019988 0.149323 0 0 0
0.667314 -0.018882 0.149302 0 0 0
0.667865 -0.017799 0.149279 0 0 0
0.668418 -0.016715 0.149255 0 0 0
0.668971 -0.015631 0.149232 0 0 0
0.669523 -0.014548 0.149208 0 0 0
0.670067 -0.013444 0.149187 0 0 0
0.670518 -0.012289 0.149183 0 0 0
0.671053 -0.011210 0.149163 0 0 0
0.671728 -0.010186 0.149118 0 0 0
0.672293 -0.009131 0.149090 0 0 0
0.672845 -0.008043 0.149066 0 0 0
0.673398 -0.006959 0.149043 0 0 0
0.673952 -0.005875 0.149019 0 0 0
0.674507 -0.004788 0.148996 0 0 0
0.675011 -0.003711 0.148981 0 0 0
0.675460 -0.002553 0.148976 0 0 0
0.676004 -0.001451 0.148955 0 0 0
0.676574 -0.000349 0.148935 0 0 0
0.677049 0.000493 0.148951 0 0 0
0.678616 0.001446 0.149492 0 0 0
0.679086 0.002284 0.149508 0 0 0
0.679656 0.003387 0.149488 0 0 0
0.680220 0.004498 0.149458 0 0 0
0.680623 0.005328 0.149405 0 0 0
0.680726 0.007377 0.148748 0 0 0
0.681127 0.008189 0.148715 0 0 0
0.681692 0.009304 0.148689 0 0 0
0.682246 0.010389 0.148665 0 0 0
0.682799 0.011477 0.148642 0 0 0
0.683380 0.012565 0.148609 0 0 0
0.683873 0.013340 0.148544 0 0 0
0.684022 0.015412 0.147873 0 0 0
0.684425 0.016226 0.147841 0 0 0
0.685007 0.017369 0.147810 0 0 0
0.685408 0.018228 0.147765 0 0 0
0.685540 0.020166 0.147278 0 0 0
0.686081 0.021047 0.147064 0 0 0
0.686499 0.021909 0.147004 0 0 0
0.686664 0.024006 0.146326 0 0 0
0.687173 0.024815 0.146260 0 0 0
0.687590 0.025642 0.146224 0 0 0
0.687729 0.027743 0.145552 0 0 0
0.688138 0.028579 0.145505 0 0 0
0.688711 0.029702 0.145476 0 0 0
0.689269 0.030796 0.145453 0 0 0
0.689827 0.031889 0.145429 0 0 0
0.690385 0.032983 0.145405 0 0 0
0.690960 0.034095 0.145385 0 0 0
0.691464 0.034964 0.145411 0 0 0
0.692924 0.035836 0.145936 0 0 0
0.693427 0.036701 0.145961 0 0 0
0.693996 0.037821 0.145943 0 0 0
0.694468 0.038981 0.145936 0 0 0
0.694967 0.040070 0.145922 0 0 0
0.695533 0.041159 0.145898 0 0 0
0.696092 0.042252 0.145874 0 0 0
0.696591 0.043334 0.145860 0 0 0
0.697099 0.044513 0.145848 0 0 0
0.697698 0.045535 0.145816 0 0 0
0.698171 0.046683 0.145807 0 0 0
0.698728 0.047781 0.145783 0 0 0
0.699289 0.048870 0.145759 0 0 0
0.699847 0.049962 0.145735 0 0 0
0.700403 0.051053 0.145711 0 0 0
0.700960 0.052144 0.145687 0 0 0
0.701517 0.053232 0.145663 0 0 0
0.702113 0.054333 0.145633 0 0 0
0.702754 0.055363 0.145592 0 0 0
0.703311 0.056443 0.145568 0 0 0
0.703871 0.057521 0.145542 0 0 0
0.704546 0.058572 0.145496 0 0 0
0.705000 0.059379 0.145461 0 0 0
0.705068 0.061654 0.144781 0 0 0
0.705666 0.062333 0.144718 0 0 0
0.706293 0.063443 0.144681 0 0 0
0.706848 0.064537 0.144658 0 0 0
0.707400 0.065632 0.144635 0 0 0
0.707949 0.066732 0.144613 0 0 0
0.708506 0.067828 0.144589 0 0 0
0.709077 0.068955 0.144564 0 0 0
0.709488 0.069757 0.144536 0 0 0
0.709541 0.071873 0.143963 0 0 0
0.710737 0.072418 0.144420 0 0 0
0.711140 0.073020 0.144457 0 0 0
0.711186 0.075371 0.143796 0 0 0
0.711642 0.076165 0.143761 0 0 0
0.712422 0.077188 0.143694 0 0 0
0.712881 0.077982 0.143659 0 0 0
0.712931 0.080324 0.142985 0 0 0
0.713343 0.081126 0.142959 0 0 0
0.713909 0.082269 0.142936 0 0 0
0.714462 0.083355 0.142912 0 0 0
0.715148 0.084413 0.142866 0 0 0
0.715575 0.085177 0.142843 0 0 0
0.603107 -0.152813 0.153951 0 0 0
0.602805 -0.151608 0.153443 0 0 0
0.603183 -0.150666 0.153357 0 0 0
0.603733 -0.149562 0.153327 0 0 0
0.604289 -0.148486 0.153302 0 0 0
0.604968 -0.147437 0.153259 0 0 0
0.605533 -0.146424 0.153229 0 0 0
0.605971 -0.145298 0.153224 0 0 0
0.606617 -0.144206 0.153189 0 0 0
0.607185 -0.143182 0.153158 0 0 0
0.607732 -0.142102 0.153133 0 0 0
0.608326 -0.140981 0.153067 0 0 0
0.608826 -0.140065 0.152842 0 0 0
0.608661 -0.138591 0.152644 0 0 0
0.609083 -0.137616 0.152579 0 0 0
0.609616 -0.136561 0.152520 0 0 0
0.610250 -0.135528 0.152326 0 0 0
0.610842 -0.134424 0.152268 0 0 0
0.611408 -0.133321 0.152244 0 0 0
0.611847 -0.132515 0.152238 0 0 0
0.613363 -0.131387 0.152520 0 0 0
0.612982 -0.130228 0.152295 0 0 0
0.614596 -0.128989 0.152805 0 0 0
0.614999 -0.128195 0.152802 0 0 0
0.615566 -0.127091 0.152780 0 0 0
0.616100 -0.125971 0.152761 0 0 0
0.616562 -0.124871 0.152744 0 0 0
0.617047 -0.124018 0.152669 0 0 0
0.616919 -0.122320 0.152077 0 0 0
0.617422 -0.121455 0.151998 0 0 0
0.617989 -0.120395 0.151963 0 0 0
0.618535 -0.119308 0.151940 0 0 0
0.619085 -0.118227 0.151917 0 0 0
0.619635 -0.117148 0.151894 0 0 0
0.620186 -0.116068 0.151870 0 0 0
0.620737 -0.114988 0.151846 0 0 0
0.621306 -0.113881 0.151824 0 0 0
0.621725 -0.113086 0.151820 0 0 0
0.623343 -0.111726 0.152417 0 0 0
0.623680 -0.110851 0.152450 0 0 0
0.624110 -0.110026 0.152452 0 0 0
0.625724 -0.108806 0.152851 0 0 0
0.626011 -0.107841 0.153053 0 0 0
0.626566 -0.106738 0.153065 255 0 0
0.627119 -0.105660 0.153043 0 0 0
0.627675 -0.104589 0.153018 255 0 0
0.628216 -0.103512 0.152996 255 0 0
0.628758 -0.102432 0.152974 0 0 0
0.629296 -0.101352 0.152952 0 0 0
0.629842 -0.100273 0.152929 0 0 0
0.630414 -0.099244 0.152898 255 0 0
0.631082 -0.098209 0.152855 255 0 0
0.631650 -0.097132 0.152829 0 0 0
0.632196 -0.096061 0.152806 0 0 0
0.632733 -0.094956 0.152786 0 0 0
0.633182 -0.093836 0.152780 0 0 0
0.633696 -0.092766 0.152762 0 0 0
0.634244 -0.091686 0.152739 0 0 0
0.634792 -0.090607 0.152716 0 0 0
0.635341 -0.089528 0.152692 0 0 0
0.635913 -0.088501 0.152662 0 0 0
0.636583 -0.087470 0.152618 0 0 0
0.637152 -0.086392 0.152592 0 0 0
0.637706 -0.085292 0.152564 0 0 0
0.638105 -0.084440 0.152515 0 0 0
0.637948 -0.082578 0.151904 0 0 0
0.638346 -0.081723 0.151854 0 0 0
0.638900 -0.080616 0.151827 0 0 0
0.639441 -0.079537 0.151805 0 0 0
0.639998 -0.078464 0.151780 0 0 0
0.640550 -0.077389 0.151756 0 0 0
0.641123 -0.076309 0.151729 0 0 0
0.641794 -0.075277 0.151685 0 0 0
0.642364 -0.074243 0.151655 0 0 0
0.642918 -0.073159 0.151631 0 0 0
0.643432 -0.072091 0.151614 0 0 0
0.643863 -0.070950 0.151611 255 0 0
0.644399 -0.069844 0.151591 0 0 0
0.644946 -0.068771 0.151568 0 0 0
0.645520 -0.067689 0.151541 0 0 0
0.646189 -0.066657 0.151498 255 0 0
0.646757 -0.065588 0.151466 255 0 0
0.647157 -0.064749 0.151419 255 0 0
0.647135 -0.062912 0.150799 255 0 0
0.647560 -0.062038 0.150730 0 0 0
0.648140 -0.060910 0.150702 0 0 0
0.648574 -0.060095 0.150705 255 0 0
0.650307 -0.058965 0.151266 255 0 0
0.650595 -0.058374 0.151247 255 0 0
0.650383 -0.056655 0.150683 255 0 0
0.651940 -0.055767 0.151196 255 0 0
0.652382 -0.054948 0.151203 255 0 0
0.652951 -0.053846 0.151182 255 0 0
0.653508 -0.052740 0.151155 255 0 0
0.653907 -0.051907 0.151114 0 0 0
0.653766 -0.049927 0.150486 0 0 0
0.654195 -0.049081 0.150441 0 0 0
0.654888 -0.048063 0.150388 0 0 0
0.655565 -0.047068 0.150340 0 0 0
0.656148 -0.045947 0.150309 255 0 0
0.656550 -0.045119 0.150268 255 0 0
0.656453 -0.043132 0.149633 0 0 0
0.656882 -0.042293 0.149588 0 0 0
0.657558 -0.041234 0.149541 0 0 0
0.658112 -0.040180 0.149514 0 0 0
0.658678 -0.039102 0.149488 0 0 0
0.659238 -0.038020 0.149464 0 0 0
0.659749 -0.036947 0.149447 0 0 0
0.660190 -0.035796 0.149444 0 0 0
0.660730 -0.034694 0.149423 0 0 0
0.661312 -0.033606 0.149396 0 0 0
0.661941 -0.032589 0.149358 0 0 0
0.662396 -0.031474 0.149350 0 0 0
0.662967 -0.030361 0.149325 0 0 0
0.663640 -0.029336 0.149280 0 0 0
0.664161 -0.028295 0.149259 0 0 0
0.664601 -0.027134 0.149256 0 0 0
0.665174 -0.026057 0.149228 0 0 0
0.665961 -0.025086 0.149163 0 0 0
0.666547 -0.024015 0.149133 0 0 0
0.666957 -0.022844 0.149141 0 0 0
0.667271 -0.021952 0.149177 0 0 0
0.668882 -0.020920 0.149734 0 0 0
0.669335 -0.020092 0.149746 0 0 0
0.669903 -0.018990 0.149725 0 0 0
0.670454 -0.017910 0.149702 0 0 0
0.671005 -0.016831 0.149678 0 0 0
0.671556 -0.015751 0.149655 0 0 0
0.672107 -0.014671 0.149631 0 0 0
0.672668 -0.013561 0.149605 0 0 0
0.673070 -0.012750 0.149570 0 0 0
0.673007 -0.010655 0.148920 0 0 0
0.673411 -0.009841 0.148885 0 0 0
0.673973 -0.008728 0.148859 0 0 0
0.674525 -0.007645 0.148835 0 0 0
0.675077 -0.006563 0.148811 0 0 0
0.675647 -0.005460 0.148791 0 0 0
0.676115 -0.004624 0.148807 0 0 0
0.677680 -0.003651 0.149354 0 0 0
0.678145 -0.002818 0.149369 0 0 0
0.678713 -0.001719 0.149350 0 0 0
0.679254 -0.000622 0.149329 0 0 0
0.679703 0.000530 0.149324 0 0 0
0.680204 0.001603 0.149309 0 0 0
0.680761 0.002683 0.149283 0 0 0
0.681329 0.003808 0.149226 0 0 0
0.681858 0.004644 0.149012 0 0 0
0.681978 0.006539 0.148531 0 0 0
0.682380 0.007400 0.148483 0 0 0
0.682947 0.008506 0.148454 0 0 0
0.683499 0.009589 0.148431 0 0 0
0.684051 0.010672 0.148407 0 0 0
0.684617 0.011784 0.148379 0 0 0
0.685010 0.012616 0.148333 0 0 0
0.685266 0.014585 0.147655 0 0 0
0.685670 0.015417 0.147607 0 0 0
0.686252 0.016561 0.147576 0 0 0
0.686655 0.017370 0.147544 0 0 0
0.686814 0.019452 0.146872 0 0 0
0.687311 0.020233 0.146805 0 0 0
0.687917 0.021328 0.146765 0 0 0
0.688407 0.022088 0.146719 0 0 0
0.688465 0.024285 0.146043 0 0 0
0.688983 0.025015 0.145991 0 0 0
0.689661 0.026046 0.145941 0 0 0
0.690252 0.027146 0.145912 0 0 0
0.690807 0.028232 0.145889 0 0 0
0.691362 0.029321 0.145865 0 0 0
0.691917 0.030410 0.145841 0 0 0
0.692473 0.031499 0.145817 0 0 0
0.693027 0.032586 0.145794 0 0 0
0.693574 0.033687 0.145772 0 0 0
0.694036 0.034852 0.145766 0 0 0
0.694538 0.035937 0.145753 0 0 0
0.695039 0.037018 0.145739 0 0 0
0.695553 0.038189 0.145726 0 0 0
0.696157 0.039209 0.145692 0 0 0
0.696628 0.040356 0.145684 0 0 0
0.697192 0.041476 0.145667 0 0 0
0.697717 0.042349 0.145703 0 0 0
0.698979 0.042951 0.146179 0 0 0
0.698971 0.044754 0.145686 0 0 0
0.700226 0.045351 0.146160 0 0 0
0.700752 0.046222 0.146197 0 0 0
0.701324 0.047326 0.146178 0 0 0
0.701878 0.048413 0.146154 0 0 0
0.702432 0.049499 0.146131 0 0 0
0.702987 0.050587 0.146107 0 0 0
0.703558 0.051704 0.146078 0 0 0
0.703951 0.052517 0.146036 0 0 0
0.704137 0.054688 0.145352 0 0 0
0.704536 0.055496 0.145326 0 0 0
0.705104 0.056618 0.145300 0 0 0
0.705652 0.057717 0.145278 0 0 0
0.706223 0.058820 0.145251 0 0 0
0.706723 0.059552 0.145206 0 0 0
0.706765 0.061864 0.144530 0 0 0
0.707177 0.062664 0.144503 0 0 0
0.707744 0.063785 0.144477 0 0 0
0.708347 0.064886 0.144446 0 0 0
0.709011 0.065900 0.144401 0 0 0
0.709568 0.066975 0.144376 0 0 0
0.710119 0.068074 0.144354 0 0 0
0.710670 0.069155 0.144329 0 0 0
0.711321 0.070180 0.144287 0 0 0
0.711841 0.071360 0.144272 0 0 0
0.712340 0.072429 0.144257 0 0 0
0.713018 0.073478 0.144210 0 0 0
0.713451 0.074300 0.144163 0 0 0
0.713658 0.076531 0.143474 0 0 0
0.714054 0.077331 0.143449 0 0 0
0.714717 0.078386 0.143405 0 0 0
0.715322 0.079491 0.143374 0 0 0
0.715882 0.080581 0.143350 0 0 0
0.716443 0.081674 0.143325 0 0 0
0.717020 0.082801 0.143300 0 0 0
0.717422 0.083564 0.143282 0 0 0
0.604447 -0.153068 0.153851 0 0 0
0.604932 -0.152374 0.153819 0 0 0
0.605643 -0.151281 0.153775 0 0 0
0.606223 -0.150249 0.153736 0 0 0
0.606601 -0.149339 0.153665 0 0 0
0.606425 -0.147699 0.153098 0 0 0
0.606674 -0.147081 0.153050 0 0 0
0.608346 -0.145837 0.153549 0 0 0
0.608077 -0.144523 0.153035 0 0 0
0.608572 -0.143624 0.152939 0 0 0
0.609163 -0.142564 0.152892 0 0 0
0.609579 -0.141589 0.152800 0 0 0
0.609498 -0.140147 0.152403 0 0 0
0.610027 -0.139281 0.152170 0 0 0
0.610623 -0.138159 0.152103 0 0 0
0.611161 -0.137080 0.152079 0 0 0
0.611701 -0.135998 0.152055 0 0 0
0.612248 -0.134918 0.152031 0 0 0
0.612798 -0.133837 0.152010 0 0 0
0.613363 -0.132723 0.152022 0 0 0
0.613613 -0.131788 0.152208 0 0 0
0.615426 -0.130536 0.152603 0 0 0
0.615728 -0.129694 0.152616 0 0 0
0.616268 -0.128598 0.152597 0 0 0
0.616821 -0.127522 0.152574 0 0 0
0.617373 -0.126449 0.152550 0 0 0
0.617928 -0.125371 0.152525 0 0 0
0.618505 -0.124319 0.152489 0 0 0
0.619010 -0.123465 0.152411 0 0 0
0.618861 -0.121756 0.151818 0 0 0
0.619370 -0.120899 0.151739 0 0 0
0.619954 -0.119850 0.151701 0 0 0
0.620493 -0.118764 0.151679 0 0 0
0.621039 -0.117683 0.151656 0 0 0
0.621588 -0.116605 0.151633 0 0 0
0.622138 -0.115527 0.151609 0 0 0
0.622704 -0.114421 0.151590 0 0 0
0.623146 -0.113619 0.151600 0 0 0
0.624587 -0.112224 0.152208 0 0 0
0.625026 -0.111425 0.152221 0 0 0
0.625630 -0.110283 0.152232 0 0 0
0.625998 -0.109364 0.152407 0 0 0
0.627474 -0.108127 0.152821 0 0 0
0.627931 -0.107309 0.152833 255 0 0
0.628463 -0.106217 0.152817 255 0 0
0.628919 -0.105094 0.152810 255 0 0
0.629560 -0.104023 0.152774 255 0 0
0.630127 -0.102996 0.152744 255 0 0
0.630676 -0.101920 0.152720 0 0 0
0.631222 -0.100846 0.152697 0 0 0
0.631766 -0.099771 0.152674 255 0 0
0.632303 -0.098694 0.152653 255 0 0
0.632847 -0.097621 0.152630 255 0 0
0.633397 -0.096547 0.152606 0 0 0
0.633919 -0.095485 0.152587 0 0 0
0.634387 -0.094365 0.152577 0 0 0
0.635032 -0.093299 0.152540 0 0 0
0.635606 -0.092267 0.152510 0 0 0
0.636132 -0.091205 0.152489 0 0 0
0.636560 -0.090074 0.152487 0 0 0
0.637089 -0.088966 0.152468 0 0 0
0.637622 -0.087890 0.152447 0 0 0
0.638166 -0.086817 0.152424 0 0 0
0.638713 -0.085740 0.152400 0 0 0
0.639281 -0.084719 0.152369 0 0 0
0.639952 -0.083687 0.152327 0 0 0
0.640522 -0.082609 0.152300 0 0 0
0.641069 -0.081542 0.152277 0 0 0
0.641640 -0.080464 0.152250 0 0 0
0.642313 -0.079433 0.152207 0 0 0
0.642886 -0.078385 0.152172 0 0 0
0.643281 -0.077536 0.152125 0 0 0
0.643131 -0.075646 0.151507 0 0 0
0.643529 -0.074800 0.151459 0 0 0
0.644103 -0.073672 0.151434 0 0 0
0.644527 -0.072871 0.151436 0 0 0
0.646260 -0.071721 0.152010 255 0 0
0.646674 -0.070918 0.152014 0 0 0
0.647245 -0.069790 0.151989 0 0 0
0.647641 -0.068953 0.151943 0 0 0
0.647517 -0.067040 0.151318 255 0 0
0.647915 -0.066197 0.151272 255 0 0
0.648486 -0.065135 0.151239 255 0 0
0.649143 -0.064101 0.151197 0 0 0
0.649715 -0.063020 0.151170 0 0 0
0.650260 -0.061950 0.151147 0 0 0
0.650798 -0.060846 0.151127 255 0 0
0.651230 -0.059698 0.151124 255 0 0
0.651751 -0.058683 0.151101 255 0 0
0.652418 -0.057626 0.151061 255 0 0
0.652876 -0.056476 0.151054 255 0 0
0.653382 -0.055416 0.151037 255 0 0
0.653935 -0.054339 0.151014 255 0 0
0.654482 -0.053261 0.150990 255 0 0
0.655073 -0.052226 0.150957 0 0 0
0.655882 -0.051218 0.150889 0 0 0
0.656323 -0.050429 0.150838 0 0 0
0.656227 -0.048442 0.150200 0 0 0
0.656725 -0.047655 0.150142 0 0 0
0.657289 -0.046579 0.150111 0 0 0
0.657853 -0.045530 0.150083 255 0 0
0.658531 -0.044477 0.150035 0 0 0
0.658961 -0.043646 0.149991 0 0 0
0.658899 -0.041652 0.149347 0 0 0
0.659370 -0.040880 0.149294 0 0 0
0.659836 -0.039739 0.149282 0 0 0
0.660394 -0.038609 0.149264 0 0 0
0.660837 -0.037791 0.149272 0 0 0
0.662483 -0.036725 0.149836 0 0 0
0.662935 -0.035880 0.149841 0 0 0
0.663353 -0.035027 0.149802 0 0 0
0.663200 -0.033254 0.149222 0 0 0
0.664674 -0.032399 0.149735 0 0 0
0.664985 -0.031825 0.149732 0 0 0
0.664935 -0.029752 0.149095 0 0 0
0.665241 -0.029178 0.149089 0 0 0
0.666880 -0.028085 0.149644 0 0 0
0.667183 -0.027519 0.149639 0 0 0
0.667105 -0.025442 0.148999 0 0 0
0.667526 -0.024601 0.148964 0 0 0
0.667997 -0.023750 0.148971 0 0 0
0.669598 -0.022706 0.149533 0 0 0
0.669953 -0.021818 0.149561 0 0 0
0.670470 -0.020724 0.149549 0 0 0
0.671023 -0.019644 0.149526 0 0 0
0.671573 -0.018566 0.149502 0 0 0
0.672122 -0.017489 0.149479 0 0 0
0.672672 -0.016412 0.149455 0 0 0
0.673221 -0.015335 0.149432 0 0 0
0.673770 -0.014253 0.149409 0 0 0
0.674332 -0.013207 0.149381 0 0 0
0.674999 -0.012191 0.149336 0 0 0
0.675582 -0.011108 0.149308 0 0 0
0.676131 -0.010033 0.149285 0 0 0
0.676680 -0.008956 0.149261 0 0 0
0.677229 -0.007879 0.149238 0 0 0
0.677777 -0.006803 0.149214 0 0 0
0.678317 -0.005708 0.149193 0 0 0
0.678763 -0.004557 0.149189 0 0 0
0.679262 -0.003487 0.149174 0 0 0
0.679815 -0.002408 0.149151 0 0 0
0.680366 -0.001333 0.149127 0 0 0
0.680925 -0.000261 0.149102 0 0 0
0.681479 0.000816 0.149077 0 0 0
0.682042 0.001921 0.149051 0 0 0
0.682438 0.002751 0.149019 0 0 0
0.682461 0.004729 0.148550 0 0 0
0.683065 0.005534 0.148311 0 0 0
0.683645 0.006630 0.148249 0 0 0
0.684198 0.007711 0.148224 0 0 0
0.684749 0.008791 0.148200 0 0 0
0.685300 0.009871 0.148177 0 0 0
0.685866 0.010979 0.148148 0 0 0
0.686266 0.011802 0.148100 0 0 0
0.686514 0.013778 0.147423 0 0 0
0.686916 0.014606 0.147375 0 0 0
0.687483 0.015720 0.147346 0 0 0
0.688062 0.016807 0.147314 0 0 0
0.688559 0.017580 0.147246 0 0 0
0.688665 0.019653 0.146582 0 0 0
0.689018 0.020543 0.146560 0 0 0
0.689702 0.021614 0.146511 0 0 0
0.690213 0.022334 0.146460 0 0 0
0.690209 0.024546 0.145792 0 0 0
0.690612 0.025357 0.145762 0 0 0
0.691172 0.026477 0.145737 0 0 0
0.691724 0.027564 0.145714 0 0 0
0.692279 0.028651 0.145690 0 0 0
0.692833 0.029737 0.145666 0 0 0
0.693387 0.030824 0.145643 0 0 0
0.693941 0.031910 0.145619 0 0 0
0.694497 0.032995 0.145595 0 0 0
0.695061 0.034074 0.145570 0 0 0
0.695638 0.035178 0.145550 0 0 0
0.696159 0.036046 0.145584 0 0 0
0.697440 0.036664 0.146065 0 0 0
0.697411 0.038446 0.145568 0 0 0
0.698700 0.039049 0.146045 0 0 0
0.699221 0.039913 0.146079 0 0 0
0.699780 0.041028 0.146062 0 0 0
0.700242 0.042173 0.146054 0 0 0
0.700827 0.043194 0.146024 0 0 0
0.701333 0.044369 0.146012 0 0 0
0.701827 0.045444 0.145998 0 0 0
0.702381 0.046531 0.145975 0 0 0
0.702934 0.047615 0.145951 0 0 0
0.703487 0.048699 0.145928 0 0 0
0.704041 0.049784 0.145904 0 0 0
0.704608 0.050901 0.145879 0 0 0
0.705003 0.051701 0.145852 0 0 0
0.705187 0.053873 0.145167 0 0 0
0.705580 0.054686 0.145124 0 0 0
0.706151 0.055803 0.145096 0 0 0
0.706706 0.056891 0.145072 0 0 0
0.707259 0.057983 0.145049 0 0 0
0.707808 0.059055 0.145025 0 0 0
0.708463 0.060064 0.144981 0 0 0
0.709064 0.061162 0.144950 0 0 0
0.709685 0.062292 0.144916 0 0 0
0.710189 0.063010 0.144871 0 0 0
0.710204 0.065308 0.144196 0 0 0
0.710611 0.066096 0.144169 0 0 0
0.711228 0.067229 0.144136 0 0 0
0.711889 0.068242 0.144092 0 0 0
0.712440 0.069319 0.144067 0 0 0
0.712998 0.070407 0.144043 0 0 0
0.713554 0.071496 0.144019 0 0 0
0.714112 0.072625 0.143996 0 0 0
0.714498 0.073435 0.143974 0 0 0
0.714711 0.075659 0.143282 0 0 0
0.715147 0.076483 0.143235 0 0 0
0.715819 0.077532 0.143187 0 0 0
0.716373 0.078611 0.143163 0 0 0
0.716928 0.079708 0.143140 0 0 0
0.717418 0.080792 0.143128 0 0 0
0.717941 0.081976 0.143113 0 0 0
0.718610 0.083017 0.143069 0 0 0
0.719096 0.083697 0.143032 0 0 0
0.606767 -0.153593 0.154296 0 0 0
0.607061 -0.153066 0.154225 0 0 0
0.606913 -0.151493 0.153654 0 0 0
0.607314 -0.150581 0.153576 0 0 0
0.608019 -0.149571 0.153520 0 0 0
0.608717 -0.148588 0.153470 0 0 0
0.609260 -0.147469 0.153448 0 0 0
0.609713 -0.146386 0.153430 0 0 0
0.610182 -0.145519 0.153350 0 0 0
0.610009 -0.143891 0.152775 0 0 0
0.610424 -0.142967 0.152695 0 0 0
0.610935 -0.142094 0.152598 0 0 0
0.610880 -0.140594 0.152031 0 0 0
0.611305 -0.139653 0.151930 0 0 0
0.611871 -0.138559 0.151896 0 0 0
0.612539 -0.137513 0.151854 0 0 0
0.613119 -0.136493 0.151821 0 0 0
0.613672 -0.135412 0.151797 0 0 0
0.614212 -0.134315 0.151779 0 0 0
0.614501 -0.133486 0.151794 0 0 0
0.616133 -0.132023 0.152422 0 0 0
0.616420 -0.131188 0.152438 0 0 0
0.616960 -0.130097 0.152420 0 0 0
0.617514 -0.129021 0.152396 0 0 0
0.618061 -0.127948 0.152372 0 0 0
0.618608 -0.126875 0.152349 0 0 0
0.619155 -0.125801 0.152326 0 0 0
0.619699 -0.124722 0.152302 0 0 0
0.620291 -0.123681 0.152263 0 0 0
0.620905 -0.122851 0.152167 0 0 0
0.620776 -0.121195 0.151569 0 0 0
0.621188 -0.120309 0.151503 0 0 0
0.621863 -0.119244 0.151455 0 0 0
0.622440 -0.118220 0.151424 0 0 0
0.622989 -0.117141 0.151400 0 0 0
0.623541 -0.116063 0.151376 0 0 0
0.624073 -0.114967 0.151362 0 0 0
0.624386 -0.114116 0.151394 0 0 0
0.625994 -0.112747 0.151996 0 0 0
0.626380 -0.111968 0.151997 0 0 0
0.626848 -0.110791 0.152000 0 0 0
0.627263 -0.109958 0.152023 0 0 0
0.628882 -0.108638 0.152612 0 0 0
0.629307 -0.107832 0.152611 0 0 0
0.629765 -0.107004 0.152610 255 0 0
0.631305 -0.105930 0.152868 255 0 0
0.631105 -0.104488 0.152583 255 0 0
0.631486 -0.103572 0.152523 0 0 0
0.632039 -0.102479 0.152495 0 0 0
0.632585 -0.101408 0.152471 0 0 0
0.633131 -0.100337 0.152448 255 0 0
0.633677 -0.099267 0.152425 255 0 0
0.634223 -0.098196 0.152402 255 0 0
0.634785 -0.097100 0.152380 0 0 0
0.635231 -0.096296 0.152379 0 0 0
0.636751 -0.095260 0.152637 0 0 0
0.636566 -0.093772 0.152345 0 0 0
0.636935 -0.092845 0.152296 0 0 0
0.637257 -0.091987 0.152308 0 0 0
0.638997 -0.090751 0.152896 0 0 0
0.639404 -0.089964 0.152897 0 0 0
0.639968 -0.088869 0.152875 0 0 0
0.640513 -0.087800 0.152852 0 0 0
0.641058 -0.086732 0.152829 0 0 0
0.641602 -0.085664 0.152805 0 0 0
0.642147 -0.084596 0.152782 0 0 0
0.642692 -0.083527 0.152759 0 0 0
0.643243 -0.082432 0.152731 0 0 0
0.643635 -0.081595 0.152683 0 0 0
0.643475 -0.079716 0.152065 0 0 0
0.643871 -0.078869 0.152017 0 0 0
0.644466 -0.077820 0.151979 0 0 0
0.645269 -0.076831 0.151916 0 0 0
0.645858 -0.075810 0.151882 0 0 0
0.646407 -0.074736 0.151859 0 0 0
0.646898 -0.073653 0.151845 0 0 0
0.647227 -0.072438 0.151860 255 0 0
0.647833 -0.071397 0.151828 255 0 0
0.648399 -0.070360 0.151799 0 0 0
0.648966 -0.069328 0.151769 0 0 0
0.649634 -0.068306 0.151726 255 0 0
0.650205 -0.067232 0.151699 255 0 0
0.650751 -0.066164 0.151675 255 0 0
0.651301 -0.065094 0.151652 255 0 0
0.651859 -0.064029 0.151626 0 0 0
0.652413 -0.062960 0.151602 0 0 0
0.652915 -0.061905 0.151586 255 0 0
0.653342 -0.060764 0.151583 255 0 0
0.653877 -0.059663 0.151563 255 0 0
0.654420 -0.058594 0.151540 255 0 0
0.654966 -0.057524 0.151516 255 0 0
0.655512 -0.056454 0.151493 255 0 0
0.656058 -0.055386 0.151470 255 0 0
0.656644 -0.054280 0.151438 255 0 0
0.657133 -0.053503 0.151380 0 0 0
0.657031 -0.051561 0.150740 0 0 0
0.657485 -0.050748 0.150684 0 0 0
0.658117 -0.049982 0.150602 0 0 0
0.658084 -0.048043 0.149950 0 0 0
0.658597 -0.047263 0.149889 0 0 0
0.659173 -0.046198 0.149856 255 0 0
0.659711 -0.045108 0.149834 0 0 0
0.660285 -0.044042 0.149802 0 0 0
0.660797 -0.043257 0.149740 0 0 0
0.660637 -0.041508 0.149159 0 0 0
0.662145 -0.040669 0.149674 0 0 0
0.662595 -0.039848 0.149685 0 0 0
0.663150 -0.038728 0.149668 0 0 0
0.663585 -0.037582 0.149664 0 0 0
0.664089 -0.036511 0.149648 0 0 0
0.664655 -0.035470 0.149620 0 0 0
0.665313 -0.034432 0.149578 0 0 0
0.665773 -0.033275 0.149571 0 0 0
0.666281 -0.032239 0.149552 0 0 0
0.666950 -0.031219 0.149508 0 0 0
0.667517 -0.030116 0.149484 0 0 0
0.667955 -0.028969 0.149480 0 0 0
0.668472 -0.027936 0.149459 0 0 0
0.669148 -0.026918 0.149414 0 0 0
0.669733 -0.025845 0.149385 0 0 0
0.670262 -0.024748 0.149366 0 0 0
0.670706 -0.023602 0.149361 0 0 0
0.671227 -0.022547 0.149342 0 0 0
0.671785 -0.021472 0.149318 0 0 0
0.672334 -0.020398 0.149294 0 0 0
0.672883 -0.019323 0.149271 0 0 0
0.673431 -0.018248 0.149247 0 0 0
0.673979 -0.017173 0.149224 0 0 0
0.674528 -0.016098 0.149201 0 0 0
0.675076 -0.015023 0.149177 0 0 0
0.675622 -0.013945 0.149154 0 0 0
0.676161 -0.012865 0.149132 0 0 0
0.676705 -0.011789 0.149110 0 0 0
0.677252 -0.010714 0.149086 0 0 0
0.677800 -0.009639 0.149063 0 0 0
0.678349 -0.008564 0.149040 0 0 0
0.678897 -0.007490 0.149016 0 0 0
0.679447 -0.006417 0.148992 0 0 0
0.680005 -0.005348 0.148967 0 0 0
0.680557 -0.004274 0.148944 0 0 0
0.681101 -0.003198 0.148921 0 0 0
0.681639 -0.002117 0.148899 0 0 0
0.682186 -0.001040 0.148876 0 0 0
0.682734 0.000036 0.148853 0 0 0
0.683283 0.001114 0.148829 0 0 0
0.683860 0.002190 0.148796 0 0 0
0.684353 0.002957 0.148729 0 0 0
0.684499 0.004996 0.148056 0 0 0
0.684887 0.005805 0.148023 0 0 0
0.685447 0.006915 0.147997 0 0 0
0.685996 0.007994 0.147974 0 0 0
0.686546 0.009072 0.147950 0 0 0
0.687111 0.010177 0.147922 0 0 0
0.687509 0.010999 0.147874 0 0 0
0.687769 0.012964 0.147193 0 0 0
0.688160 0.013794 0.147146 0 0 0
0.688725 0.014905 0.147118 0 0 0
0.689287 0.016019 0.147092 0 0 0
0.689676 0.016834 0.147061 0 0 0
0.689796 0.018682 0.146482 0 0 0
0.690940 0.019115 0.146902 0 0 0
0.690902 0.021091 0.146324 0 0 0
0.691305 0.021875 0.146290 0 0 0
0.691977 0.022917 0.146244 0 0 0
0.692569 0.024009 0.146214 0 0 0
0.693163 0.025100 0.146185 0 0 0
0.693832 0.026108 0.146140 0 0 0
0.694389 0.027162 0.146113 0 0 0
0.694941 0.028248 0.146090 0 0 0
0.695491 0.029330 0.146067 0 0 0
0.696038 0.030413 0.146044 0 0 0
0.696584 0.031501 0.146021 0 0 0
0.697139 0.032579 0.145997 0 0 0
0.697683 0.033665 0.145975 0 0 0
0.698230 0.034763 0.145953 0 0 0
0.698705 0.035898 0.145943 0 0 0
0.699239 0.036898 0.145921 0 0 0
0.699652 0.038161 0.145925 0 0 0
0.700132 0.039240 0.145914 0 0 0
0.700686 0.040318 0.145891 0 0 0
0.701291 0.041403 0.145859 0 0 0
0.701954 0.042414 0.145815 0 0 0
0.702516 0.043470 0.145788 0 0 0
0.703071 0.044554 0.145764 0 0 0
0.703624 0.045636 0.145741 0 0 0
0.704176 0.046718 0.145717 0 0 0
0.704728 0.047800 0.145693 0 0 0
0.705280 0.048882 0.145670 0 0 0
0.705830 0.049966 0.145647 0 0 0
0.706382 0.051033 0.145622 0 0 0
0.707021 0.052053 0.145581 0 0 0
0.707613 0.053146 0.145552 0 0 0
0.708165 0.054224 0.145528 0 0 0
0.708717 0.055306 0.145505 0 0 0
0.709269 0.056388 0.145481 0 0 0
0.709820 0.057470 0.145457 0 0 0
0.710372 0.058552 0.145434 0 0 0
0.710937 0.059669 0.145409 0 0 0
0.711339 0.060450 0.145382 0 0 0
0.711348 0.062747 0.144705 0 0 0
0.711851 0.063462 0.144660 0 0 0
0.712489 0.064626 0.144623 0 0 0
0.712909 0.065411 0.144592 0 0 0
0.713059 0.067654 0.143893 0 0 0
0.713464 0.068442 0.143866 0 0 0
0.714031 0.069563 0.143841 0 0 0
0.714587 0.070646 0.143817 0 0 0
0.715191 0.071746 0.143786 0 0 0
0.715856 0.072740 0.143740 0 0 0
0.716519 0.073774 0.143694 0 0 0
0.716968 0.074572 0.143662 0 0 0
0.716990 0.076923 0.142985 0 0 0
0.717397 0.077711 0.142959 0 0 0
0.717983 0.078850 0.142939 0 0 0
0.718547 0.079739 0.142993 0 0 0
0.719694 0.080219 0.143441 0 0 0
0.719827 0.082368 0.142856 0 0 0
0.720318 0.083084 0.142813 0 0 0
0.721020 0.084151 0.142764 0 0 0
0.721400 0.084893 0.142748 0 0 0
0.608729 -0.153037 0.154061 0 0 0
0.609217 -0.152352 0.154021 0 0 0
0.609629 -0.151412 0.153947 0 0 0
0.609429 -0.149798 0.153379 0 0 0
0.609803 -0.148899 0.153309 0 0 0
0.610351 -0.147810 0.153279 0 0 0
0.610919 -0.146739 0.153251 0 0 0
0.611610 -0.145753 0.153203 0 0 0
0.612301 -0.144744 0.153149 0 0 0
0.612697 -0.143843 0.153076 0 0 0
0.612548 -0.142267 0.152496 0 0 0
0.613043 -0.141392 0.152407 0 0 0
0.613742 -0.140297 0.152351 0 0 0
0.614161 -0.139469 0.152276 0 0 0
0.613958 -0.137809 0.151697 0 0 0
0.614348 -0.136914 0.151630 0 0 0
0.614919 -0.135787 0.151601 0 0 0
0.615313 -0.135001 0.151599 0 0 0
0.616854 -0.133836 0.152243 0 0 0
0.618425 -0.132750 0.152875 0 0 0
0.618823 -0.131976 0.152873 0 0 0
0.619389 -0.130879 0.152851 0 0 0
0.619934 -0.129810 0.152827 0 0 0
0.620482 -0.128742 0.152804 0 0 0
0.621039 -0.127678 0.152779 0 0 0
0.621588 -0.126614 0.152755 0 0 0
0.622134 -0.125523 0.152726 0 0 0
0.622511 -0.124643 0.152665 0 0 0
0.622356 -0.122979 0.152069 0 0 0
0.622876 -0.122103 0.151981 0 0 0
0.623388 -0.121228 0.151894 0 0 0
0.623254 -0.119560 0.151294 0 0 0
0.623646 -0.118681 0.151233 0 0 0
0.624199 -0.117582 0.151204 0 0 0
0.624766 -0.116480 0.151181 0 0 0
0.625167 -0.115694 0.151179 0 0 0
0.626948 -0.114388 0.151776 0 0 0
0.627270 -0.113538 0.151790 0 0 0
0.627672 -0.112736 0.151793 0 0 0
0.629300 -0.111409 0.152388 0 0 0
0.629707 -0.110585 0.152409 0 0 0
0.630154 -0.109439 0.152409 0 0 0
0.630669 -0.108375 0.152392 0 0 0
0.631230 -0.107275 0.152401 255 0 0
0.631682 -0.106172 0.152527 255 0 0
0.632259 -0.105200 0.152364 0 0 0
0.632854 -0.104099 0.152298 0 0 0
0.633400 -0.103035 0.152273 0 0 0
0.633945 -0.101967 0.152250 0 0 0
0.634489 -0.100899 0.152227 0 0 0
0.635034 -0.099831 0.152204 0 0 0
0.635579 -0.098763 0.152180 255 0 0
0.636119 -0.097694 0.152159 255 0 0
0.636676 -0.096592 0.152169 0 0 0
0.637129 -0.095495 0.152295 0 0 0
0.637728 -0.094491 0.152130 0 0 0
0.638185 -0.093675 0.152093 0 0 0
0.639761 -0.092380 0.152685 0 0 0
0.640075 -0.091523 0.152723 0 0 0
0.640595 -0.090437 0.152710 0 0 0
0.641143 -0.089369 0.152686 0 0 0
0.641686 -0.088303 0.152663 0 0 0
0.642230 -0.087237 0.152640 0 0 0
0.642774 -0.086172 0.152617 0 0 0
0.643317 -0.085106 0.152594 0 0 0
0.643861 -0.084040 0.152571 0 0 0
0.644404 -0.082970 0.152547 0 0 0
0.644971 -0.081950 0.152517 0 0 0
0.645639 -0.080930 0.152474 0 0 0
0.646213 -0.079833 0.152443 0 0 0
0.646604 -0.079004 0.152396 0 0 0
0.646447 -0.077112 0.151774 0 0 0
0.646839 -0.076274 0.151727 0 0 0
0.647409 -0.075155 0.151701 0 0 0
0.647838 -0.074358 0.151705 0 0 0
0.649446 -0.073387 0.152186 255 0 0
0.649355 -0.071870 0.151633 255 0 0
0.649750 -0.071033 0.151578 0 0 0
0.650302 -0.069934 0.151550 0 0 0
0.650836 -0.068860 0.151529 255 0 0
0.651378 -0.067791 0.151506 255 0 0
0.651926 -0.066721 0.151483 255 0 0
0.652431 -0.065662 0.151466 255 0 0
0.652853 -0.064525 0.151463 255 0 0
0.653403 -0.063404 0.151446 0 0 0
0.653825 -0.062608 0.151450 255 0 0
0.655548 -0.061499 0.152023 255 0 0
0.655970 -0.060708 0.152028 255 0 0
0.656532 -0.059618 0.152007 255 0 0
0.657076 -0.058551 0.151984 255 0 0
0.657620 -0.057485 0.151961 255 0 0
0.658174 -0.056395 0.151931 255 0 0
0.658585 -0.055549 0.151863 0 0 0
0.658611 -0.053713 0.151225 0 0 0
0.659121 -0.052919 0.151159 0 0 0
0.659559 -0.052069 0.151108 0 0 0
0.659503 -0.050111 0.150451 0 0 0
0.659936 -0.049604 0.150368 0 0 0
0.659899 -0.047640 0.149709 0 0 0
0.660299 -0.046817 0.149667 0 0 0
0.660854 -0.045714 0.149640 0 0 0
0.661399 -0.044632 0.149617 0 0 0
0.661947 -0.043599 0.149590 0 0 0
0.662605 -0.042554 0.149549 0 0 0
0.663067 -0.041400 0.149542 0 0 0
0.663567 -0.040345 0.149526 0 0 0
0.664121 -0.039272 0.149502 0 0 0
0.664680 -0.038206 0.149477 0 0 0
0.665231 -0.037133 0.149453 0 0 0
0.665777 -0.036057 0.149430 0 0 0
0.666315 -0.034984 0.149408 0 0 0
0.666900 -0.033911 0.149379 0 0 0
0.667572 -0.032896 0.149335 0 0 0
0.668121 -0.031854 0.149309 0 0 0
0.668660 -0.030773 0.149287 0 0 0
0.669224 -0.029709 0.149260 0 0 0
0.669779 -0.028634 0.149236 0 0 0
0.670269 -0.027567 0.149222 0 0 0
0.670730 -0.026414 0.149215 0 0 0
0.671397 -0.025382 0.149173 0 0 0
0.671917 -0.024360 0.149151 0 0 0
0.672357 -0.023209 0.149147 0 0 0
0.672893 -0.022114 0.149126 0 0 0
0.673439 -0.021043 0.149103 0 0 0
0.673986 -0.019971 0.149079 0 0 0
0.674533 -0.018898 0.149056 0 0 0
0.675080 -0.017825 0.149033 0 0 0
0.675627 -0.016753 0.149009 0 0 0
0.676174 -0.015680 0.148986 0 0 0
0.676721 -0.014607 0.148963 0 0 0
0.677269 -0.013535 0.148939 0 0 0
0.677816 -0.012462 0.148916 0 0 0
0.678363 -0.011390 0.148893 0 0 0
0.678910 -0.010317 0.148869 0 0 0
0.679457 -0.009244 0.148846 0 0 0
0.680004 -0.008172 0.148823 0 0 0
0.680551 -0.007099 0.148799 0 0 0
0.681098 -0.006026 0.148776 0 0 0
0.681645 -0.004957 0.148752 0 0 0
0.682229 -0.003877 0.148724 0 0 0
0.682899 -0.002871 0.148680 0 0 0
0.683457 -0.001829 0.148652 0 0 0
0.684003 -0.000752 0.148629 0 0 0
0.684549 0.000321 0.148606 0 0 0
0.685102 0.001429 0.148581 0 0 0
0.685480 0.002236 0.148551 0 0 0
0.685624 0.004279 0.147875 0 0 0
0.686132 0.005038 0.147805 0 0 0
0.686704 0.006110 0.147773 0 0 0
0.687242 0.007196 0.147751 0 0 0
0.687790 0.008274 0.147728 0 0 0
0.688350 0.009381 0.147702 0 0 0
0.688745 0.010177 0.147669 0 0 0
0.688893 0.012248 0.146992 0 0 0
0.689385 0.013011 0.146927 0 0 0
0.689963 0.014091 0.146894 0 0 0
0.690513 0.015175 0.146871 0 0 0
0.691070 0.016230 0.146844 0 0 0
0.691712 0.017262 0.146804 0 0 0
0.692206 0.018400 0.146790 0 0 0
0.692816 0.019396 0.146755 0 0 0
0.693407 0.020484 0.146726 0 0 0
0.693957 0.021559 0.146703 0 0 0
0.694519 0.022669 0.146677 0 0 0
0.694924 0.023457 0.146646 0 0 0
0.694872 0.025677 0.145981 0 0 0
0.695277 0.026472 0.145951 0 0 0
0.695837 0.027584 0.145925 0 0 0
0.696389 0.028662 0.145901 0 0 0
0.696984 0.029752 0.145872 0 0 0
0.697592 0.030747 0.145837 0 0 0
0.698094 0.031893 0.145822 0 0 0
0.698755 0.032916 0.145780 0 0 0
0.699252 0.033965 0.145764 0 0 0
0.699731 0.035141 0.145761 0 0 0
0.700219 0.036010 0.145792 0 0 0
0.701684 0.036851 0.146318 0 0 0
0.702180 0.037699 0.146346 0 0 0
0.702761 0.038828 0.146325 0 0 0
0.703165 0.039609 0.146296 0 0 0
0.703153 0.041870 0.145624 0 0 0
0.703554 0.042655 0.145595 0 0 0
0.704116 0.043768 0.145569 0 0 0
0.704667 0.044848 0.145546 0 0 0
0.705218 0.045928 0.145522 0 0 0
0.705769 0.047008 0.145499 0 0 0
0.706319 0.048087 0.145475 0 0 0
0.706870 0.049163 0.145452 0 0 0
0.707467 0.050254 0.145421 0 0 0
0.708121 0.051262 0.145379 0 0 0
0.708672 0.052323 0.145354 0 0 0
0.709220 0.053406 0.145331 0 0 0
0.709771 0.054485 0.145307 0 0 0
0.710322 0.055565 0.145284 0 0 0
0.710872 0.056645 0.145260 0 0 0
0.711423 0.057724 0.145237 0 0 0
0.711973 0.058807 0.145213 0 0 0
0.712528 0.059869 0.145188 0 0 0
0.713187 0.060870 0.145144 0 0 0
0.713780 0.061961 0.145114 0 0 0
0.714334 0.063079 0.145090 0 0 0
0.714733 0.063857 0.145064 0 0 0
0.714881 0.066098 0.144362 0 0 0
0.715345 0.066900 0.144325 0 0 0
0.716020 0.067931 0.144279 0 0 0
0.716579 0.069036 0.144253 0 0 0
0.716979 0.069819 0.144227 0 0 0
0.717009 0.072161 0.143547 0 0 0
0.717405 0.072953 0.143522 0 0 0
0.717965 0.074051 0.143496 0 0 0
0.718677 0.075068 0.143444 0 0 0
0.719392 0.076083 0.143392 0 0 0
0.719944 0.077144 0.143367 0 0 0
0.720489 0.078242 0.143345 0 0 0
0.720976 0.079426 0.143334 0 0 0
0.721399 0.080135 0.143303 0 0 0
0.721488 0.082510 0.142614 0 0 0
0.721912 0.083337 0.142588 0 0 0
0.722283 0.084126 0.142574 0 0 0
0.609959 -0.153356 0.153877 0 0 0
0.610432 -0.152674 0.153844 0 0 0
0.611066 -0.151695 0.153803 0 0 0
0.611727 -0.150648 0.153763 0 0 0
0.612284 -0.149585 0.153738 0 0 0
0.612829 -0.148498 0.153708 0 0 0
0.613209 -0.147610 0.153638 0 0 0
0.613029 -0.145986 0.153062 0 0 0
0.613505 -0.145114 0.152977 0 0 0
0.614117 -0.144132 0.152931 0 0 0
0.614789 -0.143068 0.152883 0 0 0
0.615187 -0.142184 0.152813 0 0 0
0.614980 -0.140532 0.152234 0 0 0
0.615396 -0.139703 0.152159 0 0 0
0.616070 -0.138635 0.152111 0 0 0
0.616652 -0.137531 0.152087 0 0 0
0.617044 -0.136790 0.152083 0 0 0
0.618741 -0.135371 0.152705 0 0 0
0.619122 -0.134565 0.152704 0 0 0
0.619558 -0.133422 0.152702 0 0 0
0.620079 -0.132365 0.152682 0 0 0
0.620626 -0.131298 0.152659 0 0 0
0.621173 -0.130230 0.152635 0 0 0
0.621692 -0.129173 0.152616 0 0 0
0.622101 -0.128052 0.152614 0 0 0
0.622625 -0.126946 0.152596 0 0 0
0.623184 -0.125879 0.152570 0 0 0
0.623872 -0.124899 0.152521 0 0 0
0.624573 -0.123897 0.152464 0 0 0
0.625017 -0.122983 0.152369 0 0 0
0.624980 -0.121410 0.151778 0 0 0
0.625477 -0.120589 0.151696 0 0 0
0.626048 -0.119491 0.151664 0 0 0
0.626592 -0.118422 0.151640 0 0 0
0.627134 -0.117357 0.151617 0 0 0
0.627662 -0.116251 0.151599 0 0 0
0.628084 -0.115131 0.151596 0 0 0
0.628625 -0.114046 0.151579 0 0 0
0.629057 -0.113250 0.151593 0 0 0
0.630497 -0.111860 0.152203 0 0 0
0.630925 -0.111075 0.152216 0 0 0
0.631493 -0.109985 0.152195 0 0 0
0.632040 -0.108918 0.152172 0 0 0
0.632584 -0.107854 0.152149 255 0 0
0.633132 -0.106789 0.152128 255 0 0
0.633673 -0.105722 0.152103 0 0 0
0.634218 -0.104655 0.152079 0 0 0
0.634772 -0.103594 0.152054 0 0 0
0.635319 -0.102532 0.152030 0 0 0
0.635860 -0.101468 0.152007 0 0 0
0.636392 -0.100397 0.151985 0 0 0
0.636932 -0.099328 0.151963 255 0 0
0.637476 -0.098262 0.151940 255 0 0
0.638020 -0.097197 0.151917 0 0 0
0.638568 -0.096130 0.151896 0 0 0
0.639126 -0.095036 0.151875 0 0 0
0.639560 -0.094239 0.151891 0 0 0
0.640966 -0.092911 0.152494 0 0 0
0.641399 -0.092118 0.152511 0 0 0
0.641959 -0.091026 0.152492 0 0 0
0.642502 -0.089962 0.152469 0 0 0
0.643044 -0.088899 0.152446 0 0 0
0.643587 -0.087835 0.152423 0 0 0
0.644129 -0.086772 0.152399 0 0 0
0.644671 -0.085709 0.152376 0 0 0
0.645214 -0.084645 0.152353 0 0 0
0.645756 -0.083581 0.152330 0 0 0
0.646295 -0.082514 0.152307 0 0 0
0.646826 -0.081446 0.152286 0 0 0
0.647365 -0.080378 0.152263 0 0 0
0.647930 -0.079361 0.152233 0 0 0
0.648599 -0.078345 0.152191 0 0 0
0.649166 -0.077278 0.152164 0 0 0
0.649706 -0.076218 0.152141 0 0 0
0.650239 -0.075093 0.152118 0 0 0
0.650522 -0.074220 0.152086 0 0 0
0.650472 -0.072432 0.151474 255 0 0
0.650897 -0.071564 0.151395 255 0 0
0.651451 -0.070475 0.151364 255 0 0
0.651995 -0.069409 0.151341 255 0 0
0.652539 -0.068342 0.151318 255 0 0
0.653102 -0.067252 0.151297 255 0 0
0.653522 -0.066462 0.151301 255 0 0
0.655236 -0.065333 0.151880 255 0 0
0.655653 -0.064548 0.151884 255 0 0
0.656205 -0.063431 0.151866 255 0 0
0.656638 -0.062305 0.151861 255 0 0
0.657142 -0.061254 0.151844 255 0 0
0.657688 -0.060189 0.151821 255 0 0
0.658227 -0.059125 0.151798 255 0 0
0.658758 -0.058055 0.151777 255 0 0
0.659310 -0.056963 0.151747 255 0 0
0.659725 -0.056130 0.151680 0 0 0
0.659889 -0.054371 0.151037 0 0 0
0.660293 -0.053524 0.150972 0 0 0
0.660867 -0.052445 0.150932 0 0 0
0.661392 -0.051647 0.150848 0 0 0
0.661472 -0.049808 0.150197 0 0 0
0.661976 -0.049047 0.150135 0 0 0
0.662564 -0.047946 0.150103 0 0 0
0.663109 -0.046880 0.150080 0 0 0
0.663654 -0.045812 0.150057 0 0 0
0.664198 -0.044744 0.150033 0 0 0
0.664743 -0.043676 0.150010 0 0 0
0.665288 -0.042608 0.149987 0 0 0
0.665833 -0.041540 0.149964 0 0 0
0.666377 -0.040472 0.149940 0 0 0
0.666921 -0.039405 0.149917 0 0 0
0.667461 -0.038336 0.149895 0 0 0
0.667994 -0.037261 0.149873 0 0 0
0.668545 -0.036159 0.149847 0 0 0
0.668939 -0.035354 0.149809 0 0 0
0.668844 -0.033321 0.149160 0 0 0
0.669272 -0.032503 0.149117 0 0 0
0.669907 -0.031473 0.149077 0 0 0
0.670354 -0.030362 0.149068 0 0 0
0.670907 -0.029243 0.149051 0 0 0
0.671363 -0.028426 0.149067 0 0 0
0.672816 -0.027636 0.149584 0 0 0
0.672682 -0.025814 0.149002 0 0 0
0.672983 -0.025248 0.148996 0 0 0
0.674608 -0.024206 0.149556 0 0 0
0.675053 -0.023397 0.149568 0 0 0
0.675616 -0.022307 0.149548 0 0 0
0.676162 -0.021238 0.149525 0 0 0
0.676706 -0.020170 0.149502 0 0 0
0.677251 -0.019102 0.149479 0 0 0
0.677796 -0.018035 0.149456 0 0 0
0.678340 -0.016967 0.149432 0 0 0
0.678885 -0.015899 0.149409 0 0 0
0.679430 -0.014831 0.149386 0 0 0
0.679975 -0.013763 0.149363 0 0 0
0.680519 -0.012695 0.149339 0 0 0
0.681064 -0.011627 0.149316 0 0 0
0.681609 -0.010559 0.149293 0 0 0
0.682153 -0.009491 0.149270 0 0 0
0.682698 -0.008423 0.149246 0 0 0
0.683243 -0.007354 0.149223 0 0 0
0.683798 -0.006254 0.149197 0 0 0
0.684192 -0.005467 0.149164 0 0 0
0.684128 -0.003333 0.148502 0 0 0
0.684524 -0.002542 0.148469 0 0 0
0.685080 -0.001440 0.148442 0 0 0
0.685626 -0.000372 0.148419 0 0 0
0.686210 0.000711 0.148390 0 0 0
0.686899 0.001716 0.148340 0 0 0
0.687390 0.002426 0.148290 0 0 0
0.687371 0.004585 0.147620 0 0 0
0.687809 0.005385 0.147581 0 0 0
0.688484 0.006420 0.147535 0 0 0
0.689031 0.007471 0.147509 0 0 0
0.689581 0.008551 0.147484 0 0 0
0.690154 0.009645 0.147421 0 0 0
0.690758 0.010447 0.147169 0 0 0
0.690810 0.012422 0.146704 0 0 0
0.691204 0.013249 0.146674 0 0 0
0.691765 0.014351 0.146647 0 0 0
0.692312 0.015429 0.146624 0 0 0
0.692853 0.016508 0.146602 0 0 0
0.693404 0.017580 0.146578 0 0 0
0.693947 0.018660 0.146556 0 0 0
0.694491 0.019736 0.146533 0 0 0
0.695038 0.020811 0.146510 0 0 0
0.695589 0.021892 0.146487 0 0 0
0.696084 0.022937 0.146471 0 0 0
0.696647 0.024007 0.146444 0 0 0
0.697274 0.025127 0.146410 0 0 0
0.697943 0.026122 0.146366 0 0 0
0.698506 0.027200 0.146337 0 0 0
0.698909 0.027997 0.146306 0 0 0
0.698873 0.030007 0.145733 0 0 0
0.699996 0.030358 0.146170 0 0 0
0.699981 0.032390 0.145600 0 0 0
0.700326 0.032961 0.145615 0 0 0
0.701819 0.033833 0.146145 0 0 0
0.702305 0.034689 0.146173 0 0 0
0.702774 0.035862 0.146172 0 0 0
0.703260 0.036932 0.146158 0 0 0
0.703812 0.038016 0.146136 0 0 0
0.704302 0.039061 0.146121 0 0 0
0.704915 0.040148 0.146087 0 0 0
0.705621 0.041172 0.146038 0 0 0
0.706171 0.042216 0.146012 0 0 0
0.706719 0.043295 0.145989 0 0 0
0.707265 0.044370 0.145966 0 0 0
0.707807 0.045446 0.145943 0 0 0
0.708351 0.046527 0.145919 0 0 0
0.708904 0.047662 0.145857 0 0 0
0.709410 0.048460 0.145653 0 0 0
0.709307 0.050690 0.145190 0 0 0
0.709705 0.051482 0.145163 0 0 0
0.710265 0.052592 0.145138 0 0 0
0.710815 0.053671 0.145114 0 0 0
0.711365 0.054748 0.145091 0 0 0
0.711915 0.055825 0.145067 0 0 0
0.712464 0.056902 0.145044 0 0 0
0.713013 0.057980 0.145020 0 0 0
0.713561 0.059059 0.144997 0 0 0
0.714102 0.060139 0.144975 0 0 0
0.714697 0.061228 0.144945 0 0 0
0.715355 0.062226 0.144902 0 0 0
0.715906 0.063271 0.144875 0 0 0
0.716571 0.064312 0.144831 0 0 0
0.717021 0.065097 0.144797 0 0 0
0.717082 0.067429 0.144108 0 0 0
0.717580 0.068143 0.144065 0 0 0
0.718155 0.069220 0.144035 0 0 0
0.718815 0.070222 0.143991 0 0 0
0.719415 0.071312 0.143960 0 0 0
0.719971 0.072424 0.143936 0 0 0
0.720363 0.073204 0.143912 0 0 0
0.720377 0.075567 0.143231 0 0 0
0.720780 0.076345 0.143205 0 0 0
0.721344 0.077460 0.143180 0 0 0
0.721905 0.078537 0.143155 0 0 0
0.722510 0.079616 0.143122 0 0 0
0.723275 0.080541 0.143059 0 0 0
0.723876 0.081614 0.143026 0 0 0
0.724422 0.082699 0.143004 0 0 0
0.724989 0.083830 0.142981 0 0 0
0.725320 0.084548 0.142972 0 0 0
0.612038 -0.152804 0.153619 0 0 0
0.612428 -0.152124 0.153599 0 0 0
0.612975 -0.151016 0.153577 0 0 0
0.613515 -0.149954 0.153554 0 0 0
0.614058 -0.148894 0.153528 0 0 0
0.614689 -0.147844 0.153447 0 0 0
0.615276 -0.146975 0.153171 0 0 0
0.615130 -0.145505 0.152796 0 0 0
0.615493 -0.144569 0.152729 0 0 0
0.616030 -0.143475 0.152700 0 0 0
0.616604 -0.142469 0.152668 0 0 0
0.617269 -0.141436 0.152628 0 0 0
0.617828 -0.140373 0.152602 0 0 0
0.618373 -0.139311 0.152579 0 0 0
0.618924 -0.138254 0.152554 0 0 0
0.619456 -0.137149 0.152535 0 0 0
0.619842 -0.136046 0.152537 0 0 0
0.620229 -0.134943 0.152537 0 0 0
0.620768 -0.133837 0.152517 0 0 0
0.621310 -0.132775 0.152494 0 0 0
0.621853 -0.131710 0.152471 0 0 0
0.622415 -0.130618 0.152449 0 0 0
0.622807 -0.129853 0.152445 0 0 0
0.624645 -0.128551 0.153042 0 0 0
0.625042 -0.127768 0.153030 0 0 0
0.625485 -0.126837 0.152938 0 0 0
0.625413 -0.125221 0.152354 0 0 0
0.625797 -0.124343 0.152284 0 0 0
0.626197 -0.123471 0.152213 0 0 0
0.626149 -0.121845 0.151621 0 0 0
0.626687 -0.120968 0.151514 0 0 0
0.627268 -0.119938 0.151475 0 0 0
0.627812 -0.118868 0.151451 0 0 0
0.628356 -0.117804 0.151428 0 0 0
0.628900 -0.116741 0.151404 0 0 0
0.629444 -0.115675 0.151381 0 0 0
0.630000 -0.114576 0.151363 0 0 0
0.630423 -0.113786 0.151377 0 0 0
0.631879 -0.112402 0.151986 0 0 0
0.632301 -0.111617 0.152000 0 0 0
0.632858 -0.110524 0.151981 0 0 0
0.633401 -0.109460 0.151958 0 0 0
0.633943 -0.108397 0.151935 255 0 0
0.634486 -0.107333 0.151912 255 0 0
0.635035 -0.106267 0.151888 0 0 0
0.635557 -0.105218 0.151868 0 0 0
0.635973 -0.104098 0.151865 0 0 0
0.636499 -0.103000 0.151846 0 0 0
0.637061 -0.101937 0.151820 0 0 0
0.637732 -0.100916 0.151778 0 0 0
0.638301 -0.099904 0.151747 255 0 0
0.638844 -0.098836 0.151724 255 0 0
0.639386 -0.097773 0.151701 0 0 0
0.639933 -0.096706 0.151677 0 0 0
0.640451 -0.095624 0.151665 0 0 0
0.640759 -0.094768 0.151703 0 0 0
0.642332 -0.093470 0.152301 0 0 0
0.642739 -0.092696 0.152302 0 0 0
0.643302 -0.091607 0.152281 0 0 0
0.643855 -0.090550 0.152256 0 0 0
0.644400 -0.089492 0.152232 0 0 0
0.644938 -0.088432 0.152209 0 0 0
0.645468 -0.087366 0.152188 0 0 0
0.646009 -0.086301 0.152165 255 0 0
0.646561 -0.085245 0.152140 255 0 0
0.647106 -0.084187 0.152117 0 0 0
0.647648 -0.083127 0.152093 0 0 0
0.648188 -0.082066 0.152070 0 0 0
0.648725 -0.081004 0.152048 0 0 0
0.649252 -0.079935 0.152027 0 0 0
0.649779 -0.078865 0.152006 0 0 0
0.650320 -0.077803 0.151983 0 0 0
0.650872 -0.076748 0.151958 0 0 0
0.651416 -0.075689 0.151935 0 0 0
0.651977 -0.074670 0.151906 0 0 0
0.652632 -0.073650 0.151865 255 0 0
0.653197 -0.072584 0.151839 255 0 0
0.653738 -0.071526 0.151816 255 0 0
0.654280 -0.070465 0.151792 255 0 0
0.654826 -0.069404 0.151769 255 0 0
0.655377 -0.068351 0.151744 255 0 0
0.655908 -0.067264 0.151724 255 0 0
0.656325 -0.066135 0.151721 255 0 0
0.656830 -0.065081 0.151704 255 0 0
0.657336 -0.064030 0.151686 0 0 0
0.657763 -0.062904 0.151682 0 0 0
0.658295 -0.061814 0.151662 255 0 0
0.658834 -0.060757 0.151638 255 0 0
0.659404 -0.059691 0.151612 255 0 0
0.660070 -0.058684 0.151569 255 0 0
0.660630 -0.057631 0.151538 255 0 0
0.661016 -0.056821 0.151494 0 0 0
0.661026 -0.054955 0.150856 0 0 0
0.661464 -0.054105 0.150785 0 0 0
0.662154 -0.053042 0.150731 0 0 0
0.662557 -0.052273 0.150684 0 0 0
0.662559 -0.050382 0.150045 255 0 0
0.662959 -0.049534 0.149980 0 0 0
0.663510 -0.048443 0.149951 0 0 0
0.664052 -0.047377 0.149928 0 0 0
0.664596 -0.046311 0.149904 0 0 0
0.665140 -0.045245 0.149881 0 0 0
0.665683 -0.044180 0.149858 0 0 0
0.666227 -0.043114 0.149835 0 0 0
0.666770 -0.042048 0.149812 0 0 0
0.667314 -0.040982 0.149788 0 0 0
0.667857 -0.039919 0.149765 0 0 0
0.668432 -0.038848 0.149738 0 0 0
0.669106 -0.037843 0.149694 0 0 0
0.669665 -0.036812 0.149665 0 0 0
0.670220 -0.035777 0.149638 0 0 0
0.670888 -0.034736 0.149593 0 0 0
0.671308 -0.033916 0.149547 0 0 0
0.671147 -0.032131 0.148962 0 0 0
0.672615 -0.031332 0.149480 0 0 0
0.673071 -0.030528 0.149495 0 0 0
0.673613 -0.029411 0.149479 0 0 0
0.674055 -0.028301 0.149470 0 0 0
0.674673 -0.027308 0.149435 0 0 0
0.675241 -0.026211 0.149410 0 0 0
0.675672 -0.025073 0.149405 0 0 0
0.676166 -0.024016 0.149390 0 0 0
0.676713 -0.022948 0.149367 0 0 0
0.677256 -0.021882 0.149344 0 0 0
0.677800 -0.020816 0.149320 0 0 0
0.678344 -0.019751 0.149297 0 0 0
0.678887 -0.018685 0.149274 0 0 0
0.679431 -0.017619 0.149251 0 0 0
0.679974 -0.016554 0.149228 0 0 0
0.680518 -0.015488 0.149204 0 0 0
0.681061 -0.014422 0.149181 0 0 0
0.681605 -0.013357 0.149158 0 0 0
0.682148 -0.012291 0.149135 0 0 0
0.682692 -0.011225 0.149112 0 0 0
0.683236 -0.010160 0.149088 0 0 0
0.683779 -0.009094 0.149065 0 0 0
0.684323 -0.008028 0.149042 0 0 0
0.684866 -0.006958 0.149019 0 0 0
0.685421 -0.005924 0.148992 0 0 0
0.686088 -0.004926 0.148948 0 0 0
0.686669 -0.003853 0.148920 0 0 0
0.687213 -0.002789 0.148896 0 0 0
0.687767 -0.001692 0.148870 0 0 0
0.688164 -0.000910 0.148837 0 0 0
0.688142 0.001248 0.148165 0 0 0
0.688643 0.001951 0.148113 0 0 0
0.689332 0.002984 0.148062 0 0 0
0.689765 0.003784 0.148024 0 0 0
0.689752 0.005942 0.147350 0 0 0
0.690242 0.006676 0.147302 0 0 0
0.690825 0.007778 0.147270 0 0 0
0.691212 0.008601 0.147240 0 0 0
0.691215 0.010587 0.146783 0 0 0
0.691720 0.011441 0.146549 0 0 0
0.692274 0.012563 0.146488 0 0 0
0.692827 0.013633 0.146462 0 0 0
0.693374 0.014706 0.146438 0 0 0
0.693921 0.015779 0.146415 0 0 0
0.694468 0.016851 0.146392 0 0 0
0.695015 0.017924 0.146368 0 0 0
0.695562 0.018997 0.146345 0 0 0
0.696110 0.020070 0.146322 0 0 0
0.696675 0.021161 0.146303 0 0 0
0.697157 0.021999 0.146328 0 0 0
0.698665 0.022906 0.146866 0 0 0
0.698995 0.023455 0.146880 0 0 0
0.698962 0.025698 0.146217 0 0 0
0.699362 0.026487 0.146187 0 0 0
0.699923 0.027562 0.146158 0 0 0
0.700582 0.028578 0.146116 0 0 0
0.701082 0.029720 0.146100 0 0 0
0.701731 0.030715 0.146061 0 0 0
0.702369 0.031724 0.146025 0 0 0
0.702731 0.032945 0.146030 0 0 0
0.703203 0.034020 0.146020 0 0 0
0.703761 0.035086 0.145996 0 0 0
0.704315 0.036159 0.145972 0 0 0
0.704882 0.037250 0.145953 0 0 0
0.705397 0.038101 0.145992 0 0 0
0.706676 0.038667 0.146473 0 0 0
0.706622 0.040715 0.145889 0 0 0
0.707022 0.041498 0.145860 0 0 0
0.707579 0.042604 0.145834 0 0 0
0.708127 0.043674 0.145811 0 0 0
0.708720 0.044756 0.145781 0 0 0
0.709383 0.045784 0.145737 0 0 0
0.709781 0.046579 0.145707 0 0 0
0.709822 0.048487 0.145351 0 0 0
0.711134 0.049055 0.145575 0 0 0
0.711715 0.049929 0.145609 0 0 0
0.712287 0.051016 0.145591 0 0 0
0.712771 0.052070 0.145578 0 0 0
0.713230 0.053229 0.145569 0 0 0
0.713768 0.054314 0.145547 0 0 0
0.714315 0.055381 0.145524 0 0 0
0.714911 0.056469 0.145494 0 0 0
0.715564 0.057466 0.145452 0 0 0
0.716129 0.058547 0.145424 0 0 0
0.716517 0.059322 0.145398 0 0 0
0.716530 0.061643 0.144715 0 0 0
0.716975 0.062426 0.144682 0 0 0
0.717643 0.063463 0.144638 0 0 0
0.718210 0.064535 0.144609 0 0 0
0.718703 0.065242 0.144566 0 0 0
0.718760 0.067583 0.143876 0 0 0
0.719163 0.068356 0.143848 0 0 0
0.719717 0.069475 0.143825 0 0 0
0.720261 0.070552 0.143802 0 0 0
0.720861 0.071642 0.143771 0 0 0
0.721525 0.072619 0.143726 0 0 0
0.722188 0.073598 0.143680 0 0 0
0.722787 0.074688 0.143649 0 0 0
0.723330 0.075764 0.143627 0 0 0
0.723884 0.076884 0.143603 0 0 0
0.724281 0.077653 0.143578 0 0 0
0.724306 0.080028 0.142893 0 0 0
0.724704 0.080799 0.142868 0 0 0
0.725321 0.081924 0.142835 0 0 0
0.725995 0.082956 0.142791 0 0 0
0.726377 0.083698 0.142774 0 0 0
0.613467 -0.153245 0.153407 0 0 0
0.613841 -0.152585 0.153387 0 0 0
0.614395 -0.151476 0.153365 0 0 0
0.614934 -0.150414 0.153342 0 0 0
0.615478 -0.149331 0.153312 0 0 0
0.615842 -0.148406 0.153244 0 0 0
0.615693 -0.146941 0.152868 0 0 0
0.616273 -0.146069 0.152593 0 0 0
0.616900 -0.145015 0.152513 0 0 0
0.617453 -0.143956 0.152486 0 0 0
0.617995 -0.142894 0.152463 0 0 0
0.618526 -0.141832 0.152441 0 0 0
0.619069 -0.140768 0.152418 0 0 0
0.619586 -0.139717 0.152398 0 0 0
0.619991 -0.138603 0.152396 0 0 0
0.620536 -0.137472 0.152378 0 0 0
0.620932 -0.136717 0.152373 0 0 0
0.622788 -0.135400 0.152973 0 0 0
0.623176 -0.134642 0.152968 0 0 0
0.623749 -0.133559 0.152944 0 0 0
0.624295 -0.132504 0.152920 0 0 0
0.624832 -0.131450 0.152897 0 0 0
0.625349 -0.130349 0.152880 0 0 0
0.625743 -0.129229 0.152879 0 0 0
0.626261 -0.128149 0.152854 0 0 0
0.626659 -0.127308 0.152787 0 0 0
0.626613 -0.125703 0.152197 0 0 0
0.627157 -0.124826 0.152086 0 0 0
0.627762 -0.123824 0.152035 0 0 0
0.628248 -0.122986 0.151959 0 0 0
0.628087 -0.121261 0.151356 0 0 0
0.628474 -0.120398 0.151295 0 0 0
0.629021 -0.119309 0.151266 0 0 0
0.629563 -0.118247 0.151243 0 0 0
0.630125 -0.117183 0.151217 0 0 0
0.630783 -0.116152 0.151177 0 0 0
0.631364 -0.115109 0.151152 0 0 0
0.631786 -0.114318 0.151166 0 0 0
0.633234 -0.112931 0.151772 0 0 0
0.633656 -0.112149 0.151787 0 0 0
0.634216 -0.111061 0.151771 0 0 0
0.634758 -0.110000 0.151748 0 0 0
0.635300 -0.108939 0.151725 255 0 0
0.635849 -0.107875 0.151702 255 0 0
0.636383 -0.106798 0.151684 255 0 0
0.636672 -0.105978 0.151700 255 0 0
0.638440 -0.104709 0.152300 0 0 0
0.638840 -0.103911 0.152295 0 0 0
0.639243 -0.103046 0.152242 255 0 0
0.639077 -0.101240 0.151627 255 0 0
0.639463 -0.100398 0.151573 255 0 0
0.640010 -0.099310 0.151545 255 0 0
0.640552 -0.098247 0.151521 255 0 0
0.641113 -0.097160 0.151500 0 0 0
0.641514 -0.096383 0.151501 0 0 0
0.643265 -0.095146 0.152098 0 0 0
0.643571 -0.094327 0.152113 0 0 0
0.644111 -0.093249 0.152095 0 0 0
0.644622 -0.092201 0.152077 0 0 0
0.645033 -0.091078 0.152074 0 0 0
0.645556 -0.089986 0.152055 0 0 0
0.646118 -0.088926 0.152029 0 0 0
0.646794 -0.087912 0.151987 0 0 0
0.647322 -0.086913 0.151962 255 0 0
0.647732 -0.085784 0.151959 255 0 0
0.648256 -0.084690 0.151940 0 0 0
0.648794 -0.083633 0.151917 0 0 0
0.649334 -0.082577 0.151894 0 0 0
0.649900 -0.081515 0.151868 0 0 0
0.650570 -0.080505 0.151825 0 0 0
0.651133 -0.079492 0.151796 0 0 0
0.651626 -0.078431 0.151779 0 0 0
0.652051 -0.077312 0.151775 0 0 0
0.652603 -0.076218 0.151752 0 0 0
0.653268 -0.075208 0.151710 0 0 0
0.653816 -0.074192 0.151683 255 0 0
0.654341 -0.073122 0.151662 255 0 0
0.654881 -0.072060 0.151639 255 0 0
0.655436 -0.071004 0.151614 255 0 0
0.655938 -0.069958 0.151597 255 0 0
0.656351 -0.068830 0.151594 255 0 0
0.656879 -0.067744 0.151574 255 0 0
0.657430 -0.066693 0.151549 255 0 0
0.657993 -0.065610 0.151528 255 0 0
0.658411 -0.064828 0.151533 0 0 0
0.660124 -0.063712 0.152115 0 0 0
0.660538 -0.062934 0.152120 255 0 0
0.661104 -0.061824 0.152095 255 0 0
0.661494 -0.061019 0.152052 255 0 0
0.661396 -0.059062 0.151406 255 0 0
0.661897 -0.058299 0.151346 255 0 0
0.662476 -0.057289 0.151309 255 0 0
0.663136 -0.056242 0.151264 255 0 0
0.663549 -0.055434 0.151219 0 0 0
0.663425 -0.053454 0.150574 0 0 0
0.663829 -0.052689 0.150527 0 0 0
0.664493 -0.051648 0.150482 255 0 0
0.665063 -0.050581 0.150455 255 0 0
0.665637 -0.049514 0.150428 0 0 0
0.666316 -0.048506 0.150385 0 0 0
0.666822 -0.047510 0.150364 0 0 0
0.667242 -0.046365 0.150360 0 0 0
0.667772 -0.045278 0.150340 0 0 0
0.668344 -0.044209 0.150313 0 0 0
0.669017 -0.043206 0.150270 0 0 0
0.669568 -0.042192 0.150241 0 0 0
0.670105 -0.041088 0.150217 0 0 0
0.670492 -0.040288 0.150178 0 0 0
0.670385 -0.038259 0.149527 0 0 0
0.670776 -0.037461 0.149488 0 0 0
0.671357 -0.036358 0.149457 0 0 0
0.672018 -0.035345 0.149415 0 0 0
0.672587 -0.034358 0.149383 0 0 0
0.673249 -0.033327 0.149342 0 0 0
0.673655 -0.032194 0.149342 0 0 0
0.674063 -0.031059 0.149341 0 0 0
0.674731 -0.030036 0.149299 0 0 0
0.675294 -0.029015 0.149270 0 0 0
0.675825 -0.027941 0.149249 0 0 0
0.676355 -0.026873 0.149228 0 0 0
0.676905 -0.025813 0.149203 0 0 0
0.677451 -0.024750 0.149180 0 0 0
0.677995 -0.023686 0.149156 0 0 0
0.678537 -0.022623 0.149133 0 0 0
0.679079 -0.021559 0.149110 0 0 0
0.679622 -0.020496 0.149087 0 0 0
0.680164 -0.019433 0.149064 0 0 0
0.680706 -0.018369 0.149041 0 0 0
0.681249 -0.017306 0.149018 0 0 0
0.681791 -0.016243 0.148994 0 0 0
0.682334 -0.015179 0.148971 0 0 0
0.682876 -0.014116 0.148948 0 0 0
0.683418 -0.013053 0.148925 0 0 0
0.683961 -0.011989 0.148902 0 0 0
0.684503 -0.010926 0.148879 0 0 0
0.685045 -0.009862 0.148856 0 0 0
0.685588 -0.008799 0.148832 0 0 0
0.686130 -0.007735 0.148809 0 0 0
0.686671 -0.006670 0.148786 0 0 0
0.687203 -0.005600 0.148765 0 0 0
0.687740 -0.004536 0.148743 0 0 0
0.688281 -0.003473 0.148720 0 0 0
0.688824 -0.002404 0.148696 0 0 0
0.689393 -0.001343 0.148666 0 0 0
0.689897 -0.000624 0.148615 0 0 0
0.689918 0.001529 0.147934 0 0 0
0.690402 0.002268 0.147887 0 0 0
0.690995 0.003332 0.147847 0 0 0
0.691497 0.004079 0.147779 0 0 0
0.691653 0.006129 0.147096 0 0 0
0.692035 0.006927 0.147065 0 0 0
0.692601 0.008004 0.147036 0 0 0
0.693252 0.009009 0.146994 0 0 0
0.693834 0.010085 0.146966 0 0 0
0.694379 0.011149 0.146942 0 0 0
0.694923 0.012217 0.146919 0 0 0
0.695468 0.013285 0.146896 0 0 0
0.696013 0.014353 0.146873 0 0 0
0.696558 0.015421 0.146849 0 0 0
0.697104 0.016489 0.146826 0 0 0
0.697658 0.017560 0.146802 0 0 0
0.698147 0.018603 0.146788 0 0 0
0.698636 0.019768 0.146775 0 0 0
0.699287 0.020791 0.146735 0 0 0
0.699730 0.021912 0.146727 0 0 0
0.700216 0.022955 0.146711 0 0 0
0.700873 0.023957 0.146669 0 0 0
0.701460 0.025036 0.146640 0 0 0
0.702005 0.026101 0.146617 0 0 0
0.702550 0.027170 0.146594 0 0 0
0.703106 0.028271 0.146568 0 0 0
0.703500 0.029049 0.146537 0 0 0
0.703442 0.031064 0.145949 0 0 0
0.704748 0.031650 0.146436 0 0 0
0.705256 0.032490 0.146472 0 0 0
0.705826 0.033576 0.146453 0 0 0
0.706382 0.034636 0.146428 0 0 0
0.706929 0.035703 0.146406 0 0 0
0.707393 0.036770 0.146395 0 0 0
0.707798 0.038004 0.146395 0 0 0
0.708494 0.038927 0.146346 0 0 0
0.709096 0.039977 0.146313 0 0 0
0.709633 0.041051 0.146291 0 0 0
0.710193 0.042152 0.146263 0 0 0
0.710572 0.042937 0.146218 0 0 0
0.710731 0.045115 0.145530 0 0 0
0.711124 0.045875 0.145501 0 0 0
0.711774 0.046918 0.145459 0 0 0
0.712273 0.048079 0.145445 0 0 0
0.712754 0.049146 0.145433 0 0 0
0.713253 0.050232 0.145426 0 0 0
0.713683 0.051150 0.145475 0 0 0
0.715097 0.051943 0.145994 0 0 0
0.715604 0.052785 0.146030 0 0 0
0.716184 0.053900 0.146007 0 0 0
0.716565 0.054685 0.145961 0 0 0
0.716647 0.056900 0.145288 0 0 0
0.717011 0.057755 0.145267 0 0 0
0.717664 0.058777 0.145224 0 0 0
0.718343 0.059783 0.145176 0 0 0
0.718786 0.060559 0.145143 0 0 0
0.718799 0.062885 0.144457 0 0 0
0.719194 0.063657 0.144431 0 0 0
0.719747 0.064750 0.144405 0 0 0
0.720400 0.065734 0.144363 0 0 0
0.721056 0.066841 0.144324 0 0 0
0.721719 0.067822 0.144280 0 0 0
0.722279 0.068908 0.144254 0 0 0
0.722675 0.069677 0.144228 0 0 0
0.722678 0.072041 0.143544 0 0 0
0.723067 0.072814 0.143519 0 0 0
0.723622 0.073922 0.143495 0 0 0
0.724224 0.075007 0.143464 0 0 0
0.724885 0.076000 0.143420 0 0 0
0.725437 0.077044 0.143394 0 0 0
0.726093 0.078039 0.143351 0 0 0
0.726702 0.079161 0.143319 0 0 0
0.727091 0.079927 0.143295 0 0 0
0.727128 0.082307 0.142605 0 0 0
0.727584 0.083071 0.142571 0 0 0
0.728383 0.084067 0.142507 0 0 0
0.728752 0.084767 0.142489 0 0 0
0.614721 -0.153627 0.153223 0 0 0
0.615197 -0.152960 0.153191 0 0 0
0.615796 -0.151932 0.153158 0 0 0
0.616333 -0.150864 0.153136 0 0 0
0.616874 -0.149805 0.153112 0 0 0
0.617452 -0.148784 0.153072 0 0 0
0.617981 -0.147889 0.152955 0 0 0
0.617916 -0.146361 0.152383 0 0 0
0.618287 -0.145518 0.152311 0 0 0
0.618696 -0.144384 0.152301 0 0 0
0.619214 -0.143277 0.152284 0 0 0
0.619752 -0.142219 0.152261 0 0 0
0.620312 -0.141131 0.152239 0 0 0
0.620696 -0.140374 0.152235 0 0 0
0.622556 -0.139051 0.152837 0 0 0
0.622939 -0.138299 0.152833 0 0 0
0.623490 -0.137174 0.152814 0 0 0
0.623902 -0.136064 0.152811 0 0 0
0.624390 -0.135028 0.152795 0 0 0
0.624794 -0.133913 0.152793 0 0 0
0.625311 -0.132812 0.152775 0 0 0
0.625847 -0.131761 0.152752 0 0 0
0.626410 -0.130709 0.152726 0 0 0
0.627092 -0.129691 0.152683 0 0 0
0.627665 -0.128689 0.152651 0 0 0
0.628228 -0.127652 0.152616 0 0 0
0.628713 -0.126820 0.152539 0 0 0
0.628567 -0.125108 0.151934 0 0 0
0.629068 -0.124274 0.151855 0 0 0
0.629669 -0.123300 0.151811 0 0 0
0.630333 -0.122275 0.151770 0 0 0
0.630879 -0.121211 0.151746 0 0 0
0.631415 -0.120149 0.151723 0 0 0
0.631960 -0.119068 0.151692 0 0 0
0.632378 -0.118179 0.151604 0 0 0
0.632313 -0.116525 0.151008 0 0 0
0.632716 -0.115663 0.150949 0 0 0
0.633166 -0.114839 0.150956 0 0 0
0.634716 -0.113544 0.151328 0 0 0
0.635073 -0.112779 0.151382 0 0 0
0.635562 -0.111614 0.151534 0 0 0
0.636118 -0.110540 0.151540 0 0 0
0.636662 -0.109477 0.151519 255 0 0
0.637194 -0.108403 0.151502 255 0 0
0.637478 -0.107581 0.151518 255 0 0
0.639219 -0.106275 0.152127 255 0 0
0.639501 -0.105453 0.152143 255 0 0
0.640032 -0.104377 0.152125 0 0 0
0.640605 -0.103373 0.152094 255 0 0
0.641262 -0.102357 0.152054 255 0 0
0.641820 -0.101294 0.152029 255 0 0
0.642358 -0.100238 0.152006 255 0 0
0.642896 -0.099182 0.151983 255 0 0
0.643433 -0.098128 0.151960 255 0 0
0.643956 -0.097035 0.151941 0 0 0
0.644376 -0.095917 0.151937 0 0 0
0.644867 -0.094889 0.151921 0 0 0
0.645304 -0.093742 0.151919 0 0 0
0.645691 -0.092939 0.151924 0 0 0
0.647461 -0.091748 0.152517 0 0 0
0.647867 -0.090956 0.152513 0 0 0
0.648268 -0.090109 0.152465 0 0 0
0.648127 -0.088229 0.151840 0 0 0
0.648383 -0.087681 0.151817 255 0 0
0.650147 -0.086480 0.152401 255 0 0
0.650548 -0.085714 0.152403 255 0 0
0.651106 -0.084633 0.152382 0 0 0
0.651651 -0.083550 0.152354 0 0 0
0.652033 -0.082735 0.152306 0 0 0
0.651881 -0.080851 0.151676 0 0 0
0.652310 -0.080007 0.151625 0 0 0
0.652880 -0.079233 0.151606 0 0 0
0.654440 -0.078185 0.151972 0 0 0
0.654696 -0.077518 0.152133 0 0 0
0.654574 -0.075567 0.151559 0 0 0
0.654985 -0.074748 0.151509 255 0 0
0.655669 -0.073712 0.151462 255 0 0
0.656189 -0.072712 0.151438 255 0 0
0.656618 -0.071555 0.151437 255 0 0
0.657017 -0.070748 0.151446 255 0 0
0.658741 -0.069620 0.152031 255 0 0
0.659151 -0.068848 0.152036 255 0 0
0.659708 -0.067769 0.152015 255 0 0
0.660244 -0.066716 0.151992 255 0 0
0.660767 -0.065631 0.151973 0 0 0
0.661179 -0.064506 0.151969 0 0 0
0.661674 -0.063462 0.151953 255 0 0
0.662216 -0.062399 0.151930 255 0 0
0.662787 -0.061364 0.151896 255 0 0
0.663293 -0.060612 0.151836 255 0 0
0.663227 -0.058652 0.151182 255 0 0
0.663728 -0.057894 0.151122 255 0 0
0.664277 -0.056840 0.151092 255 0 0
0.664828 -0.055817 0.151064 0 0 0
0.665497 -0.054816 0.151021 0 0 0
0.666066 -0.053755 0.150995 0 0 0
0.666604 -0.052700 0.150971 255 0 0
0.667151 -0.051614 0.150944 255 0 0
0.667537 -0.050818 0.150904 0 0 0
0.667412 -0.048796 0.150261 0 0 0
0.667694 -0.048250 0.150251 0 0 0
0.669412 -0.047181 0.150820 0 0 0
0.669846 -0.046367 0.150824 0 0 0
0.670249 -0.045550 0.150788 0 0 0
0.670093 -0.043519 0.150141 0 0 0
0.670513 -0.042714 0.150098 0 0 0
0.671178 -0.041677 0.150053 0 0 0
0.671752 -0.040693 0.150020 0 0 0
0.672421 -0.039690 0.149977 0 0 0
0.673003 -0.038594 0.149946 0 0 0
0.673391 -0.037806 0.149908 0 0 0
0.673284 -0.035765 0.149253 0 0 0
0.673672 -0.034968 0.149215 0 0 0
0.674231 -0.033851 0.149193 0 0 0
0.674688 -0.033051 0.149208 0 0 0
0.676158 -0.032265 0.149729 0 0 0
0.675990 -0.030469 0.149140 0 0 0
0.676379 -0.029669 0.149099 0 0 0
0.676965 -0.028571 0.149067 0 0 0
0.677637 -0.027574 0.149024 0 0 0
0.678193 -0.026551 0.148996 0 0 0
0.678733 -0.025485 0.148973 0 0 0
0.679269 -0.024423 0.148951 0 0 0
0.679799 -0.023355 0.148929 0 0 0
0.680338 -0.022292 0.148907 0 0 0
0.680879 -0.021230 0.148884 0 0 0
0.681420 -0.020169 0.148860 0 0 0
0.681961 -0.019108 0.148837 0 0 0
0.682502 -0.018047 0.148814 0 0 0
0.683044 -0.016986 0.148791 0 0 0
0.683585 -0.015925 0.148768 0 0 0
0.684126 -0.014864 0.148745 0 0 0
0.684667 -0.013803 0.148722 0 0 0
0.685208 -0.012742 0.148699 0 0 0
0.685750 -0.011681 0.148676 0 0 0
0.686291 -0.010620 0.148653 0 0 0
0.686832 -0.009559 0.148630 0 0 0
0.687373 -0.008498 0.148606 0 0 0
0.687914 -0.007437 0.148583 0 0 0
0.688456 -0.006376 0.148560 0 0 0
0.688997 -0.005315 0.148537 0 0 0
0.689538 -0.004254 0.148514 0 0 0
0.690079 -0.003192 0.148491 0 0 0
0.690619 -0.002123 0.148468 0 0 0
0.691179 -0.001062 0.148436 0 0 0
0.691676 -0.000324 0.148367 0 0 0
0.691815 0.001728 0.147687 0 0 0
0.692214 0.002543 0.147651 0 0 0
0.692605 0.003360 0.147617 0 0 0
0.692757 0.005412 0.146933 0 0 0
0.693247 0.006161 0.146866 0 0 0
0.693818 0.007228 0.146833 0 0 0
0.694352 0.008305 0.146812 0 0 0
0.694891 0.009372 0.146789 0 0 0
0.695433 0.010437 0.146766 0 0 0
0.695976 0.011503 0.146743 0 0 0
0.696520 0.012568 0.146720 0 0 0
0.697063 0.013634 0.146697 0 0 0
0.697608 0.014700 0.146673 0 0 0
0.698160 0.015768 0.146650 0 0 0
0.698666 0.016841 0.146640 0 0 0
0.699064 0.017752 0.146686 0 0 0
0.700394 0.018377 0.147185 0 0 0
0.700304 0.020359 0.146595 0 0 0
0.700710 0.021131 0.146561 0 0 0
0.701313 0.022240 0.146529 0 0 0
0.701966 0.023238 0.146488 0 0 0
0.702503 0.024284 0.146464 0 0 0
0.703043 0.025356 0.146441 0 0 0
0.703586 0.026422 0.146418 0 0 0
0.704129 0.027492 0.146395 0 0 0
0.704679 0.028532 0.146369 0 0 0
0.705333 0.029534 0.146328 0 0 0
0.705824 0.030693 0.146315 0 0 0
0.706311 0.031750 0.146301 0 0 0
0.706800 0.032805 0.146288 0 0 0
0.707243 0.033954 0.146281 0 0 0
0.707796 0.035050 0.146265 0 0 0
0.708309 0.035891 0.146302 0 0 0
0.709595 0.036478 0.146752 0 0 0
0.709657 0.038386 0.146182 0 0 0
0.709999 0.039253 0.146160 0 0 0
0.710647 0.040294 0.146119 0 0 0
0.711214 0.041368 0.146088 0 0 0
0.711585 0.042168 0.146047 0 0 0
0.711937 0.044209 0.145340 0 0 0
0.712304 0.045016 0.145299 0 0 0
0.712857 0.046120 0.145272 0 0 0
0.713406 0.047184 0.145248 0 0 0
0.713969 0.048267 0.145230 0 0 0
0.714514 0.049125 0.145262 0 0 0
0.715783 0.049865 0.145597 0 0 0
0.716151 0.050868 0.145827 0 0 0
0.716634 0.051999 0.145859 0 0 0
0.717193 0.053094 0.145833 0 0 0
0.717567 0.053897 0.145790 0 0 0
0.717926 0.055753 0.145213 0 0 0
0.718792 0.056060 0.145548 0 0 0
0.719003 0.058121 0.145021 0 0 0
0.719380 0.058909 0.144996 0 0 0
0.719936 0.059993 0.144969 0 0 0
0.720592 0.060978 0.144926 0 0 0
0.721190 0.062057 0.144896 0 0 0
0.721735 0.063122 0.144872 0 0 0
0.722293 0.064224 0.144847 0 0 0
0.722685 0.064981 0.144821 0 0 0
0.722679 0.067335 0.144136 0 0 0
0.723076 0.068103 0.144110 0 0 0
0.723634 0.069182 0.144083 0 0 0
0.724353 0.070183 0.144031 0 0 0
0.725069 0.071180 0.143980 0 0 0
0.725621 0.072263 0.143955 0 0 0
0.726006 0.073032 0.143931 0 0 0
0.726032 0.075400 0.143241 0 0 0
0.726426 0.076163 0.143215 0 0 0
0.726978 0.077274 0.143191 0 0 0
0.727577 0.078364 0.143161 0 0 0
0.728236 0.079334 0.143116 0 0 0
0.728907 0.080339 0.143070 0 0 0
0.729352 0.081117 0.143038 0 0 0
0.729384 0.083543 0.142348 0 0 0
0.729596 0.083990 0.142335 0 0 0
0.616784 -0.153076 0.152979 0 0 0
0.617174 -0.152412 0.152958 0 0 0
0.617728 -0.151314 0.152935 0 0 0
0.618265 -0.150256 0.152912 0 0 0
0.618805 -0.149172 0.152882 0 0 0
0.619187 -0.148325 0.152808 0 0 0
0.619110 -0.146767 0.152235 0 0 0
0.619381 -0.146148 0.152160 0 0 0
0.621255 -0.144794 0.152752 0 0 0
0.621634 -0.144045 0.152747 0 0 0
0.622195 -0.142962 0.152725 0 0 0
0.622743 -0.141913 0.152700 0 0 0
0.623265 -0.140818 0.152682 0 0 0
0.623669 -0.139710 0.152679 0 0 0
0.624156 -0.138676 0.152663 0 0 0
0.624562 -0.137568 0.152660 0 0 0
0.625111 -0.136442 0.152641 0 0 0
0.625494 -0.135692 0.152638 0 0 0
0.627349 -0.134386 0.153242 0 0 0
0.627730 -0.133636 0.153238 0 0 0
0.628290 -0.132530 0.153210 0 0 0
0.628667 -0.131677 0.153147 0 0 0
0.628473 -0.129979 0.152550 0 0 0
0.628868 -0.129120 0.152484 0 0 0
0.629538 -0.128068 0.152437 0 0 0
0.630140 -0.127102 0.152392 0 0 0
0.630639 -0.126279 0.152315 0 0 0
0.630448 -0.124552 0.151712 0 0 0
0.630826 -0.123693 0.151651 0 0 0
0.631376 -0.122605 0.151621 0 0 0
0.632045 -0.121587 0.151580 0 0 0
0.632613 -0.120588 0.151549 0 0 0
0.633150 -0.119501 0.151519 0 0 0
0.633580 -0.118636 0.151428 0 0 0
0.633647 -0.117085 0.150832 0 0 0
0.634079 -0.116220 0.150743 0 0 0
0.634643 -0.115125 0.150740 0 0 0
0.635129 -0.113957 0.150890 0 0 0
0.635486 -0.113191 0.150944 0 0 0
0.637014 -0.111897 0.151323 0 0 0
0.637462 -0.111100 0.151336 0 0 0
0.638004 -0.110002 0.151323 255 0 0
0.638285 -0.109182 0.151340 255 0 0
0.640035 -0.107876 0.151950 255 0 0
0.640329 -0.107062 0.151964 255 0 0
0.640829 -0.106007 0.151951 255 0 0
0.641239 -0.104888 0.151948 255 0 0
0.641779 -0.103787 0.151927 0 0 0
0.642435 -0.102775 0.151887 255 0 0
0.642999 -0.101775 0.151857 255 0 0
0.643536 -0.100717 0.151834 255 0 0
0.644074 -0.099663 0.151811 255 0 0
0.644612 -0.098610 0.151788 255 0 0
0.645159 -0.097556 0.151764 0 0 0
0.645685 -0.096488 0.151747 0 0 0
0.645971 -0.095665 0.151765 0 0 0
0.647719 -0.094436 0.152366 0 0 0
0.648097 -0.093635 0.152372 0 0 0
0.648521 -0.092490 0.152371 0 0 0
0.649021 -0.091443 0.152353 0 0 0
0.649588 -0.090440 0.152322 0 0 0
0.650254 -0.089437 0.152281 0 0 0
0.650800 -0.088347 0.152259 0 0 0
0.651205 -0.087230 0.152256 0 0 0
0.651703 -0.086189 0.152239 255 0 0
0.652244 -0.085134 0.152215 255 0 0
0.652781 -0.084078 0.152192 0 0 0
0.653343 -0.083075 0.152162 0 0 0
0.654023 -0.082045 0.152116 0 0 0
0.654440 -0.081233 0.152064 0 0 0
0.654298 -0.079290 0.151492 0 0 0
0.654553 -0.078619 0.151652 0 0 0
0.656114 -0.077576 0.152019 0 0 0
0.656685 -0.076808 0.152000 0 0 0
0.657126 -0.075979 0.151950 255 0 0
0.656977 -0.074046 0.151317 255 0 0
0.657239 -0.073507 0.151299 255 0 0
0.658994 -0.072366 0.151879 255 0 0
0.659387 -0.071562 0.151887 255 0 0
0.659813 -0.070414 0.151886 255 0 0
0.660308 -0.069371 0.151869 255 0 0
0.660848 -0.068317 0.151846 255 0 0
0.661380 -0.067265 0.151824 255 0 0
0.661908 -0.066211 0.151802 0 0 0
0.662453 -0.065161 0.151778 0 0 0
0.662993 -0.064109 0.151755 255 0 0
0.663530 -0.063056 0.151732 255 0 0
0.664063 -0.061995 0.151709 255 0 0
0.664622 -0.060957 0.151677 255 0 0
0.665122 -0.060210 0.151618 255 0 0
0.665055 -0.058247 0.150962 255 0 0
0.665548 -0.057491 0.150903 0 0 0
0.666114 -0.056446 0.150871 0 0 0
0.666644 -0.055382 0.150849 0 0 0
0.667185 -0.054332 0.150825 255 0 0
0.667718 -0.053276 0.150803 255 0 0
0.668265 -0.052221 0.150779 255 0 0
0.668825 -0.051212 0.150750 0 0 0
0.669499 -0.050217 0.150707 0 0 0
0.670001 -0.049147 0.150691 0 0 0
0.670296 -0.047929 0.150705 0 0 0
0.670765 -0.046860 0.150693 0 0 0
0.671353 -0.045849 0.150660 0 0 0
0.672161 -0.044873 0.150593 0 0 0
0.672607 -0.044090 0.150520 0 0 0
0.672653 -0.042183 0.149866 0 0 0
0.673035 -0.041392 0.149826 0 0 0
0.673572 -0.040299 0.149800 0 0 0
0.674102 -0.039236 0.149779 0 0 0
0.674644 -0.038213 0.149752 0 0 0
0.675312 -0.037215 0.149710 0 0 0
0.675891 -0.036152 0.149682 0 0 0
0.676440 -0.035108 0.149657 0 0 0
0.676969 -0.034027 0.149636 0 0 0
0.677403 -0.032930 0.149627 0 0 0
0.678024 -0.031947 0.149592 0 0 0
0.678607 -0.030851 0.149561 0 0 0
0.678992 -0.030068 0.149525 0 0 0
0.678874 -0.027990 0.148867 0 0 0
0.679261 -0.027204 0.148830 0 0 0
0.679810 -0.026118 0.148803 0 0 0
0.680388 -0.025051 0.148775 0 0 0
0.681059 -0.024058 0.148732 0 0 0
0.681614 -0.023037 0.148704 0 0 0
0.682152 -0.021974 0.148681 0 0 0
0.682687 -0.020914 0.148659 0 0 0
0.683216 -0.019849 0.148638 0 0 0
0.683753 -0.018787 0.148615 0 0 0
0.684293 -0.017728 0.148592 0 0 0
0.684833 -0.016669 0.148569 0 0 0
0.685373 -0.015610 0.148546 0 0 0
0.685913 -0.014552 0.148523 0 0 0
0.686453 -0.013493 0.148500 0 0 0
0.686993 -0.012434 0.148477 0 0 0
0.687533 -0.011376 0.148454 0 0 0
0.688073 -0.010317 0.148431 0 0 0
0.688613 -0.009258 0.148408 0 0 0
0.689153 -0.008199 0.148385 0 0 0
0.689693 -0.007141 0.148362 0 0 0
0.690233 -0.006082 0.148339 0 0 0
0.690773 -0.005023 0.148316 0 0 0
0.691313 -0.003965 0.148293 0 0 0
0.691854 -0.002905 0.148270 0 0 0
0.692407 -0.001815 0.148241 0 0 0
0.692785 -0.001011 0.148191 0 0 0
0.693052 0.000916 0.147505 0 0 0
0.693432 0.001729 0.147456 0 0 0
0.694016 0.002820 0.147418 0 0 0
0.694503 0.003563 0.147350 0 0 0
0.694664 0.005611 0.146664 0 0 0
0.695046 0.006394 0.146632 0 0 0
0.695590 0.007496 0.146607 0 0 0
0.696132 0.008562 0.146584 0 0 0
0.696674 0.009626 0.146561 0 0 0
0.697218 0.010689 0.146538 0 0 0
0.697766 0.011752 0.146514 0 0 0
0.698319 0.012808 0.146489 0 0 0
0.698866 0.013873 0.146466 0 0 0
0.699359 0.014950 0.146458 0 0 0
0.699735 0.015851 0.146499 0 0 0
0.701215 0.016770 0.147051 0 0 0
0.701599 0.017642 0.147088 0 0 0
0.702215 0.018640 0.147060 0 0 0
0.702815 0.019747 0.147029 0 0 0
0.703210 0.020508 0.146998 0 0 0
0.703219 0.022730 0.146311 0 0 0
0.703711 0.023433 0.146265 0 0 0
0.704268 0.024505 0.146237 0 0 0
0.704811 0.025576 0.146214 0 0 0
0.705357 0.026639 0.146190 0 0 0
0.705903 0.027698 0.146167 0 0 0
0.706430 0.028771 0.146146 0 0 0
0.706984 0.029833 0.146122 0 0 0
0.707487 0.030902 0.146113 0 0 0
0.707884 0.031807 0.146158 0 0 0
0.709337 0.032659 0.146696 0 0 0
0.709819 0.033484 0.146726 0 0 0
0.710378 0.034612 0.146708 0 0 0
0.710678 0.035458 0.146691 0 0 0
0.710777 0.037371 0.146129 0 0 0
0.711832 0.037727 0.146501 0 0 0
0.712017 0.039645 0.145920 0 0 0
0.712405 0.040461 0.145890 0 0 0
0.712802 0.041263 0.145860 0 0 0
0.713014 0.043438 0.145159 0 0 0
0.713491 0.044153 0.145099 0 0 0
0.714052 0.045229 0.145068 0 0 0
0.714595 0.046301 0.145045 0 0 0
0.715137 0.047366 0.145024 0 0 0
0.715694 0.048504 0.145046 0 0 0
0.716097 0.049429 0.145255 0 0 0
0.717267 0.050174 0.145592 0 0 0
0.717814 0.051083 0.145651 0 0 0
0.718386 0.052190 0.145630 0 0 0
0.718761 0.052987 0.145587 0 0 0
0.719082 0.054938 0.145057 0 0 0
0.719842 0.055258 0.145375 0 0 0
0.720192 0.057183 0.144837 0 0 0
0.720558 0.057992 0.144795 0 0 0
0.721116 0.059090 0.144767 0 0 0
0.721652 0.060164 0.144746 0 0 0
0.722189 0.061231 0.144723 0 0 0
0.722730 0.062297 0.144700 0 0 0
0.723273 0.063366 0.144677 0 0 0
0.723820 0.064414 0.144652 0 0 0
0.724478 0.065395 0.144609 0 0 0
0.725078 0.066472 0.144578 0 0 0
0.725634 0.067568 0.144553 0 0 0
0.726025 0.068320 0.144528 0 0 0
0.726024 0.070683 0.143838 0 0 0
0.726472 0.071457 0.143805 0 0 0
0.727149 0.072454 0.143758 0 0 0
0.727808 0.073419 0.143714 0 0 0
0.728403 0.074505 0.143684 0 0 0
0.728951 0.075611 0.143660 0 0 0
0.729342 0.076366 0.143635 0 0 0
0.729370 0.078746 0.142942 0 0 0
0.729756 0.079510 0.142918 0 0 0
0.730368 0.080609 0.142884 0 0 0
0.731140 0.081512 0.142822 0 0 0
0.731756 0.082612 0.142789 0 0 0
0.732143 0.083336 0.142771 0 0 0
0.618202 -0.153513 0.152779 0 0 0
0.618572 -0.152865 0.152760 0 0 0
0.619121 -0.151763 0.152737 0 0 0
0.619658 -0.150708 0.152715 0 0 0
0.620195 -0.149651 0.152691 0 0 0
0.620763 -0.148656 0.152660 0 0 0
0.621412 -0.147634 0.152622 0 0 0
0.621943 -0.146535 0.152603 0 0 0
0.622343 -0.145432 0.152600 0 0 0
0.622871 -0.144391 0.152578 0 0 0
0.623391 -0.143351 0.152558 0 0 0
0.623787 -0.142249 0.152555 0 0 0
0.624307 -0.141152 0.152537 0 0 0
0.624873 -0.140077 0.152513 0 0 0
0.625255 -0.139329 0.152510 0 0 0
0.627119 -0.138017 0.153116 0 0 0
0.627493 -0.137274 0.153113 0 0 0
0.628028 -0.136150 0.153096 0 0 0
0.628425 -0.135043 0.153093 0 0 0
0.628936 -0.134003 0.153074 0 0 0
0.629488 -0.132952 0.153048 0 0 0
0.630064 -0.131966 0.153016 0 0 0
0.630734 -0.130929 0.152970 0 0 0
0.631115 -0.130078 0.152907 0 0 0
0.630911 -0.128361 0.152307 0 0 0
0.631284 -0.127501 0.152244 0 0 0
0.631842 -0.126488 0.152207 0 0 0
0.632531 -0.125463 0.152165 0 0 0
0.633227 -0.124416 0.152117 0 0 0
0.633622 -0.123634 0.152051 0 0 0
0.633427 -0.121893 0.151444 0 0 0
0.633825 -0.121042 0.151380 0 0 0
0.634506 -0.119974 0.151327 0 0 0
0.634915 -0.119199 0.151259 0 0 0
0.634840 -0.117539 0.150659 0 0 0
0.635257 -0.116653 0.150571 0 0 0
0.635804 -0.115576 0.150541 0 0 0
0.636363 -0.114493 0.150527 0 0 0
0.636778 -0.113716 0.150545 0 0 0
0.638408 -0.112395 0.151143 0 0 0
0.638797 -0.111622 0.151147 0 0 0
0.639091 -0.110780 0.151165 0 0 0
0.640851 -0.109467 0.151777 255 0 0
0.641103 -0.108667 0.151797 255 0 0
0.641516 -0.107514 0.151800 255 0 0
0.641901 -0.106715 0.151804 255 0 0
0.643701 -0.105469 0.152397 255 0 0
0.643943 -0.104929 0.152368 0 0 0
0.643783 -0.103099 0.151748 0 0 0
0.644162 -0.102270 0.151694 0 0 0
0.644704 -0.101191 0.151665 255 0 0
0.645241 -0.100139 0.151642 255 0 0
0.645778 -0.099086 0.151619 255 0 0
0.646334 -0.098008 0.151599 255 0 0
0.646728 -0.097242 0.151600 255 0 0
0.648483 -0.096010 0.152203 0 0 0
0.648762 -0.095195 0.152221 0 0 0
0.649278 -0.094131 0.152205 0 0 0
0.649830 -0.093083 0.152181 0 0 0
0.650368 -0.092032 0.152158 0 0 0
0.650900 -0.090979 0.152135 0 0 0
0.651425 -0.089925 0.152114 0 0 0
0.651964 -0.088879 0.152090 0 0 0
0.652523 -0.087841 0.152064 0 0 0
0.653066 -0.086795 0.152040 255 0 0
0.653602 -0.085747 0.152017 255 0 0
0.654137 -0.084697 0.151995 255 0 0
0.654673 -0.083641 0.151972 255 0 0
0.655155 -0.082593 0.151957 255 0 0
0.655600 -0.081526 0.151944 0 0 0
0.656398 -0.080533 0.151888 0 0 0
0.656964 -0.079509 0.151858 0 0 0
0.657384 -0.078389 0.151853 0 0 0
0.657827 -0.077346 0.151843 0 0 0
0.658248 -0.076277 0.151833 255 0 0
0.658902 -0.075246 0.151796 255 0 0
0.659451 -0.074154 0.151773 255 0 0
0.659857 -0.073034 0.151769 255 0 0
0.660348 -0.072006 0.151752 255 0 0
0.660901 -0.070959 0.151728 255 0 0
0.661442 -0.069909 0.151704 255 0 0
0.661977 -0.068862 0.151681 255 0 0
0.662541 -0.067809 0.151655 255 0 0
0.663196 -0.066809 0.151615 0 0 0
0.663751 -0.065802 0.151587 255 0 0
0.664287 -0.064747 0.151564 255 0 0
0.664822 -0.063698 0.151541 255 0 0
0.665357 -0.062648 0.151518 255 0 0
0.665889 -0.061589 0.151495 255 0 0
0.666449 -0.060557 0.151461 255 0 0
0.666971 -0.059782 0.151375 255 0 0
0.667028 -0.057929 0.150724 0 0 0
0.667417 -0.057138 0.150679 0 0 0
0.667916 -0.056070 0.150658 0 0 0
0.668361 -0.054933 0.150651 255 0 0
0.668972 -0.053922 0.150619 255 0 0
0.669398 -0.052839 0.150609 255 0 0
0.669918 -0.051748 0.150590 0 0 0
0.670460 -0.050670 0.150572 0 0 0
0.670879 -0.049891 0.150580 0 0 0
0.672579 -0.048838 0.151160 0 0 0
0.673010 -0.048039 0.151162 0 0 0
0.673425 -0.047202 0.151099 0 0 0
0.673450 -0.045269 0.150441 0 0 0
0.673678 -0.044738 0.150390 0 0 0
0.673721 -0.042803 0.149729 0 0 0
0.674121 -0.041983 0.149664 0 0 0
0.674671 -0.040907 0.149634 0 0 0
0.675244 -0.039845 0.149606 0 0 0
0.675914 -0.038851 0.149564 0 0 0
0.676461 -0.037829 0.149537 0 0 0
0.676941 -0.036778 0.149523 0 0 0
0.677354 -0.035645 0.149519 0 0 0
0.677881 -0.034568 0.149498 0 0 0
0.678426 -0.033520 0.149474 0 0 0
0.678957 -0.032459 0.149452 0 0 0
0.679489 -0.031401 0.149430 0 0 0
0.680076 -0.030387 0.149397 0 0 0
0.680889 -0.029452 0.149335 0 0 0
0.681476 -0.028438 0.149302 0 0 0
0.682021 -0.027350 0.149276 0 0 0
0.682408 -0.026570 0.149240 0 0 0
0.682286 -0.024477 0.148578 0 0 0
0.682672 -0.023697 0.148542 0 0 0
0.683220 -0.022613 0.148516 0 0 0
0.683798 -0.021548 0.148488 0 0 0
0.684469 -0.020559 0.148445 0 0 0
0.685021 -0.019541 0.148417 0 0 0
0.685554 -0.018478 0.148395 0 0 0
0.686081 -0.017415 0.148374 0 0 0
0.686618 -0.016356 0.148351 0 0 0
0.687156 -0.015299 0.148328 0 0 0
0.687695 -0.014243 0.148305 0 0 0
0.688234 -0.013186 0.148282 0 0 0
0.688773 -0.012130 0.148259 0 0 0
0.689312 -0.011073 0.148236 0 0 0
0.689851 -0.010017 0.148213 0 0 0
0.690389 -0.008961 0.148190 0 0 0
0.690928 -0.007904 0.148167 0 0 0
0.691467 -0.006848 0.148144 0 0 0
0.692006 -0.005791 0.148121 0 0 0
0.692545 -0.004735 0.148098 0 0 0
0.693084 -0.003677 0.148075 0 0 0
0.693635 -0.002590 0.148049 0 0 0
0.694019 -0.001818 0.148016 0 0 0
0.694156 0.000232 0.147332 0 0 0
0.694655 0.000966 0.147263 0 0 0
0.695225 0.002059 0.147228 0 0 0
0.695596 0.002846 0.147198 0 0 0
0.695706 0.004898 0.146518 0 0 0
0.696135 0.005704 0.146460 0 0 0
0.696821 0.006719 0.146410 0 0 0
0.697373 0.007750 0.146383 0 0 0
0.697914 0.008816 0.146361 0 0 0
0.698458 0.009880 0.146338 0 0 0
0.698935 0.010933 0.146325 0 0 0
0.699369 0.012079 0.146319 0 0 0
0.699917 0.013177 0.146303 0 0 0
0.700386 0.013994 0.146327 0 0 0
0.701888 0.014896 0.146879 0 0 0
0.702262 0.015785 0.146919 0 0 0
0.702761 0.016853 0.146909 0 0 0
0.703299 0.017921 0.146888 0 0 0
0.703835 0.018987 0.146865 0 0 0
0.704399 0.020047 0.146836 0 0 0
0.704899 0.020742 0.146789 0 0 0
0.704963 0.022965 0.146091 0 0 0
0.705465 0.023663 0.146043 0 0 0
0.706034 0.024728 0.146015 0 0 0
0.706508 0.025784 0.146002 0 0 0
0.706993 0.026941 0.145989 0 0 0
0.707652 0.027940 0.145948 0 0 0
0.708146 0.028988 0.145938 0 0 0
0.708534 0.029899 0.145984 0 0 0
0.709976 0.030766 0.146527 0 0 0
0.710365 0.031669 0.146572 0 0 0
0.710851 0.032741 0.146565 0 0 0
0.711395 0.033805 0.146543 0 0 0
0.711951 0.034836 0.146516 0 0 0
0.712605 0.035870 0.146474 0 0 0
0.712950 0.036713 0.146452 0 0 0
0.713089 0.038863 0.145765 0 0 0
0.713572 0.039584 0.145701 0 0 0
0.714156 0.040665 0.145665 0 0 0
0.714637 0.041366 0.145623 0 0 0
0.714731 0.043647 0.144918 0 0 0
0.715227 0.044337 0.144873 0 0 0
0.715787 0.045408 0.144845 0 0 0
0.716321 0.046487 0.144825 0 0 0
0.716812 0.047561 0.144820 0 0 0
0.717243 0.048526 0.144902 0 0 0
0.718513 0.049360 0.145411 0 0 0
0.718982 0.050188 0.145455 0 0 0
0.719555 0.051297 0.145433 0 0 0
0.719926 0.052096 0.145389 0 0 0
0.720261 0.054024 0.144857 0 0 0
0.721036 0.054323 0.145189 0 0 0
0.721249 0.056385 0.144661 0 0 0
0.721714 0.057105 0.144601 0 0 0
0.722284 0.058179 0.144570 0 0 0
0.722827 0.059246 0.144546 0 0 0
0.723369 0.060309 0.144523 0 0 0
0.723912 0.061373 0.144500 0 0 0
0.724454 0.062436 0.144477 0 0 0
0.724996 0.063501 0.144454 0 0 0
0.725529 0.064571 0.144432 0 0 0
0.726066 0.065636 0.144410 0 0 0
0.726605 0.066703 0.144387 0 0 0
0.727151 0.067750 0.144362 0 0 0
0.727823 0.068761 0.144318 0 0 0
0.728266 0.069521 0.144285 0 0 0
0.728284 0.071884 0.143590 0 0 0
0.728667 0.072638 0.143566 0 0 0
0.729276 0.073752 0.143534 0 0 0
0.729933 0.074732 0.143491 0 0 0
0.730478 0.075765 0.143465 0 0 0
0.731128 0.076750 0.143424 0 0 0
0.731734 0.077869 0.143392 0 0 0
0.732124 0.078615 0.143367 0 0 0
0.732141 0.081010 0.142673 0 0 0
0.732530 0.081767 0.142649 0 0 0
0.733144 0.082862 0.142615 0 0 0
0.733941 0.083796 0.142552 0 0 0
0.734403 0.084508 0.142523 0 0 0
0.619442 -0.153890 0.152607 0 0 0
0.619916 -0.153235 0.152575 0 0 0
0.620513 -0.152217 0.152543 0 0 0
0.621046 -0.151155 0.152521 0 0 0
0.621581 -0.150104 0.152499 0 0 0
0.622114 -0.149050 0.152476 0 0 0
0.622650 -0.148003 0.152453 0 0 0
0.623198 -0.146959 0.152429 0 0 0
0.623721 -0.145926 0.152408 0 0 0
0.624135 -0.144791 0.152406 0 0 0
0.624491 -0.144000 0.152407 0 0 0
0.626359 -0.142679 0.153017 0 0 0
0.626734 -0.141939 0.153013 0 0 0
0.627285 -0.140866 0.152992 0 0 0
0.627798 -0.139769 0.152974 0 0 0
0.628192 -0.138666 0.152971 0 0 0
0.628700 -0.137631 0.152952 0 0 0
0.629243 -0.136585 0.152928 0 0 0
0.629792 -0.135540 0.152903 0 0 0
0.630303 -0.134500 0.152884 0 0 0
0.630713 -0.133403 0.152879 0 0 0
0.631221 -0.132308 0.152862 0 0 0
0.631760 -0.131254 0.152837 0 0 0
0.632463 -0.130305 0.152789 0 0 0
0.633168 -0.129357 0.152741 0 0 0
0.633723 -0.128305 0.152715 0 0 0
0.634259 -0.127234 0.152686 0 0 0
0.634634 -0.126391 0.152626 0 0 0
0.634418 -0.124648 0.152018 0 0 0
0.634951 -0.123892 0.151935 0 0 0
0.635655 -0.122888 0.151875 0 0 0
0.636050 -0.122037 0.151812 0 0 0
0.635883 -0.120294 0.151198 0 0 0
0.636411 -0.119535 0.151116 0 0 0
0.637107 -0.118555 0.151062 0 0 0
0.637655 -0.117493 0.151037 0 0 0
0.638200 -0.116443 0.151013 0 0 0
0.638738 -0.115396 0.150990 0 0 0
0.639262 -0.114305 0.150971 0 0 0
0.639655 -0.113181 0.150974 0 0 0
0.639896 -0.112370 0.150994 0 0 0
0.641655 -0.111051 0.151610 0 0 0
0.641911 -0.110221 0.151632 255 0 0
0.642184 -0.109403 0.151652 255 0 0
0.643971 -0.108139 0.152260 255 0 0
0.644340 -0.107345 0.152265 255 0 0
0.644756 -0.106201 0.152263 255 0 0
0.645285 -0.105219 0.152237 255 0 0
0.645959 -0.104213 0.152196 0 0 0
0.646517 -0.103163 0.152171 0 0 0
0.647051 -0.102118 0.152148 0 0 0
0.647585 -0.101071 0.152125 0 0 0
0.648119 -0.100024 0.152102 255 0 0
0.648651 -0.098979 0.152080 255 0 0
0.649167 -0.097895 0.152061 255 0 0
0.649571 -0.096786 0.152057 0 0 0
0.650079 -0.095754 0.152038 0 0 0
0.650621 -0.094704 0.152015 0 0 0
0.651156 -0.093657 0.151992 0 0 0
0.651690 -0.092610 0.151969 0 0 0
0.652225 -0.091562 0.151946 0 0 0
0.652767 -0.090513 0.151923 0 0 0
0.653273 -0.089481 0.151904 0 0 0
0.653676 -0.088369 0.151900 0 0 0
0.654193 -0.087285 0.151881 0 0 0
0.654725 -0.086241 0.151859 255 0 0
0.655259 -0.085192 0.151836 255 0 0
0.655813 -0.084120 0.151815 255 0 0
0.656221 -0.083353 0.151822 255 0 0
0.657802 -0.082414 0.152355 255 0 0
0.657527 -0.080799 0.151782 0 0 0
0.657907 -0.079979 0.151729 0 0 0
0.658478 -0.078886 0.151702 0 0 0
0.658885 -0.078123 0.151706 255 0 0
0.660633 -0.076985 0.152299 255 0 0
0.661033 -0.076227 0.152303 255 0 0
0.661585 -0.075158 0.152283 255 0 0
0.662119 -0.074112 0.152260 255 0 0
0.662652 -0.073068 0.152238 255 0 0
0.663185 -0.072023 0.152215 255 0 0
0.663719 -0.070977 0.152192 255 0 0
0.664263 -0.069908 0.152161 255 0 0
0.664663 -0.069083 0.152089 255 0 0
0.664667 -0.067256 0.151449 255 0 0
0.665036 -0.066466 0.151404 255 0 0
0.665577 -0.065386 0.151376 255 0 0
0.666111 -0.064337 0.151354 255 0 0
0.666645 -0.063290 0.151331 255 0 0
0.667179 -0.062241 0.151308 255 0 0
0.667720 -0.061160 0.151281 255 0 0
0.668090 -0.060375 0.151238 255 0 0
0.668105 -0.058516 0.150592 255 0 0
0.668525 -0.057669 0.150525 255 0 0
0.668963 -0.056865 0.150530 255 0 0
0.670485 -0.055997 0.151055 255 0 0
0.670193 -0.054568 0.150538 255 0 0
0.671708 -0.053706 0.151062 0 0 0
0.672133 -0.052929 0.151074 0 0 0
0.672686 -0.051860 0.151054 0 0 0
0.673212 -0.050783 0.151034 0 0 0
0.673631 -0.049666 0.151028 0 0 0
0.674123 -0.048601 0.151008 0 0 0
0.674498 -0.047818 0.150968 0 0 0
0.674571 -0.045912 0.150307 0 0 0
0.675113 -0.045188 0.150220 0 0 0
0.675801 -0.044219 0.150167 0 0 0
0.676364 -0.043156 0.150140 0 0 0
0.676894 -0.042072 0.150115 0 0 0
0.677273 -0.041290 0.150077 0 0 0
0.677155 -0.039247 0.149417 0 0 0
0.677557 -0.038443 0.149382 0 0 0
0.677994 -0.037631 0.149390 0 0 0
0.679648 -0.036604 0.149968 0 0 0
0.680074 -0.035825 0.149979 0 0 0
0.680628 -0.034753 0.149960 0 0 0
0.681165 -0.033702 0.149937 0 0 0
0.681708 -0.032622 0.149911 0 0 0
0.682090 -0.031849 0.149874 0 0 0
0.681964 -0.029769 0.149211 0 0 0
0.682346 -0.028988 0.149175 0 0 0
0.682888 -0.027901 0.149149 0 0 0
0.683437 -0.026897 0.149121 0 0 0
0.684150 -0.025900 0.149073 0 0 0
0.684865 -0.024903 0.149026 0 0 0
0.685419 -0.023871 0.148995 0 0 0
0.685801 -0.023089 0.148961 0 0 0
0.685686 -0.020981 0.148294 0 0 0
0.686070 -0.020210 0.148259 0 0 0
0.686657 -0.019117 0.148227 0 0 0
0.687327 -0.018132 0.148185 0 0 0
0.687873 -0.017114 0.148158 0 0 0
0.688399 -0.016048 0.148137 0 0 0
0.688935 -0.014991 0.148114 0 0 0
0.689472 -0.013936 0.148091 0 0 0
0.690010 -0.012882 0.148068 0 0 0
0.690547 -0.011828 0.148045 0 0 0
0.691085 -0.010774 0.148023 0 0 0
0.691623 -0.009720 0.148000 0 0 0
0.692160 -0.008666 0.147977 0 0 0
0.692698 -0.007612 0.147954 0 0 0
0.693236 -0.006558 0.147931 0 0 0
0.693773 -0.005504 0.147908 0 0 0
0.694311 -0.004450 0.147885 0 0 0
0.694849 -0.003391 0.147862 0 0 0
0.695414 -0.002336 0.147832 0 0 0
0.695901 -0.001627 0.147784 0 0 0
0.695923 0.000532 0.147094 0 0 0
0.696428 0.001240 0.147043 0 0 0
0.697004 0.002265 0.147010 0 0 0
0.697661 0.003293 0.146967 0 0 0
0.698074 0.004072 0.146932 0 0 0
0.698009 0.006255 0.146254 0 0 0
0.698397 0.007022 0.146222 0 0 0
0.698948 0.008114 0.146196 0 0 0
0.699506 0.009193 0.146178 0 0 0
0.699973 0.010005 0.146201 0 0 0
0.701502 0.010898 0.146755 0 0 0
0.701965 0.011705 0.146778 0 0 0
0.702511 0.012798 0.146762 0 0 0
0.702946 0.013937 0.146755 0 0 0
0.703431 0.014979 0.146740 0 0 0
0.703983 0.016036 0.146717 0 0 0
0.704528 0.017087 0.146693 0 0 0
0.705058 0.018149 0.146671 0 0 0
0.705594 0.019215 0.146649 0 0 0
0.706148 0.020279 0.146621 0 0 0
0.706636 0.020971 0.146576 0 0 0
0.706644 0.023202 0.145884 0 0 0
0.707055 0.023980 0.145858 0 0 0
0.707564 0.024838 0.145892 0 0 0
0.708867 0.025427 0.146388 0 0 0
0.708828 0.027443 0.145800 0 0 0
0.709156 0.027983 0.145816 0 0 0
0.710630 0.028866 0.146360 0 0 0
0.711019 0.029762 0.146404 0 0 0
0.711520 0.030824 0.146395 0 0 0
0.712078 0.031875 0.146370 0 0 0
0.712618 0.032929 0.146347 0 0 0
0.713149 0.033989 0.146325 0 0 0
0.713670 0.035062 0.146305 0 0 0
0.714236 0.036124 0.146276 0 0 0
0.714721 0.036812 0.146232 0 0 0
0.714807 0.039085 0.145527 0 0 0
0.715297 0.039777 0.145483 0 0 0
0.715866 0.040861 0.145451 0 0 0
0.716349 0.041552 0.145409 0 0 0
0.716388 0.043837 0.144710 0 0 0
0.716831 0.044602 0.144675 0 0 0
0.717518 0.045632 0.144636 0 0 0
0.718059 0.046464 0.144666 0 0 0
0.719338 0.047259 0.144946 0 0 0
0.719759 0.048152 0.145055 0 0 0
0.720185 0.049256 0.145227 0 0 0
0.720727 0.050428 0.145209 0 0 0
0.721234 0.051193 0.145035 0 0 0
0.721360 0.053218 0.144664 0 0 0
0.722492 0.053724 0.144868 0 0 0
0.722912 0.054227 0.144842 0 0 0
0.723049 0.056468 0.144404 0 0 0
0.723435 0.057246 0.144378 0 0 0
0.723990 0.058337 0.144353 0 0 0
0.724531 0.059399 0.144330 0 0 0
0.725073 0.060460 0.144307 0 0 0
0.725614 0.061521 0.144284 0 0 0
0.726155 0.062582 0.144261 0 0 0
0.726696 0.063643 0.144237 0 0 0
0.727237 0.064704 0.144214 0 0 0
0.727778 0.065765 0.144191 0 0 0
0.728319 0.066828 0.144168 0 0 0
0.728851 0.067899 0.144147 0 0 0
0.729389 0.068946 0.144123 0 0 0
0.730044 0.069920 0.144081 0 0 0
0.730656 0.071026 0.144048 0 0 0
0.731044 0.071766 0.144023 0 0 0
0.731062 0.074141 0.143326 0 0 0
0.731451 0.074885 0.143300 0 0 0
0.732059 0.076002 0.143268 0 0 0
0.732708 0.076981 0.143227 0 0 0
0.733245 0.078015 0.143202 0 0 0
0.733892 0.079001 0.143161 0 0 0
0.734507 0.080112 0.143129 0 0 0
0.734896 0.080852 0.143104 0 0 0
0.734913 0.083266 0.142407 0 0 0
0.735327 0.084034 0.142380 0 0 0
0.735782 0.084687 0.142349 0 0 0
0.621513 -0.153353 0.152373 0 0 0
0.621903 -0.152703 0.152352 0 0 0
0.622453 -0.151614 0.152329 0 0 0
0.622992 -0.150562 0.152306 0 0 0
0.623501 -0.149526 0.152287 0 0 0
0.623891 -0.148424 0.152284 0 0 0
0.624422 -0.147295 0.152268 0 0 0
0.624793 -0.146558 0.152264 0 0 0
0.626679 -0.145241 0.152875 0 0 0
0.627024 -0.144454 0.152877 0 0 0
0.627429 -0.143322 0.152875 0 0 0
0.627936 -0.142283 0.152856 0 0 0
0.628474 -0.141238 0.152833 0 0 0
0.629015 -0.140197 0.152809 0 0 0
0.629569 -0.139161 0.152784 0 0 0
0.630100 -0.138116 0.152761 0 0 0
0.630643 -0.137071 0.152737 0 0 0
0.631198 -0.136001 0.152716 0 0 0
0.631590 -0.135265 0.152712 0 0 0
0.633222 -0.133883 0.153327 0 0 0
0.633629 -0.133113 0.153338 0 0 0
0.634012 -0.132245 0.153280 0 0 0
0.633802 -0.130528 0.152677 0 0 0
0.634162 -0.129682 0.152615 0 0 0
0.634694 -0.128611 0.152587 0 0 0
0.635227 -0.127563 0.152563 0 0 0
0.635825 -0.126564 0.152521 0 0 0
0.636434 -0.125778 0.152429 0 0 0
0.636322 -0.124108 0.151809 0 0 0
0.636815 -0.123293 0.151731 0 0 0
0.637429 -0.122317 0.151680 0 0 0
0.637929 -0.121511 0.151605 0 0 0
0.637733 -0.119753 0.150991 0 0 0
0.638124 -0.118904 0.150930 0 0 0
0.638768 -0.117878 0.150889 0 0 0
0.639193 -0.116825 0.150877 0 0 0
0.639710 -0.115729 0.150858 0 0 0
0.640268 -0.114660 0.150837 0 0 0
0.640665 -0.113906 0.150835 0 0 0
0.642466 -0.112633 0.151445 0 0 0
0.642763 -0.111806 0.151461 0 0 0
0.643151 -0.111041 0.151466 0 0 0
0.644728 -0.109694 0.152081 255 0 0
0.645016 -0.108871 0.152118 0 0 0
0.645526 -0.107811 0.152105 0 0 0
0.646076 -0.106766 0.152081 255 0 0
0.646608 -0.105717 0.152058 255 0 0
0.647129 -0.104667 0.152037 255 0 0
0.647659 -0.103622 0.152015 0 0 0
0.648191 -0.102578 0.151992 0 0 0
0.648724 -0.101533 0.151969 0 0 0
0.649257 -0.100488 0.151947 0 0 0
0.649790 -0.099444 0.151924 255 0 0
0.650328 -0.098404 0.151900 255 0 0
0.650873 -0.097364 0.151876 0 0 0
0.651409 -0.096319 0.151853 0 0 0
0.651942 -0.095274 0.151830 0 0 0
0.652476 -0.094229 0.151807 0 0 0
0.653013 -0.093184 0.151784 0 0 0
0.653563 -0.092141 0.151759 0 0 0
0.654073 -0.091084 0.151745 0 0 0
0.654350 -0.090268 0.151764 0 0 0
0.656094 -0.089064 0.152369 0 0 0
0.656484 -0.088308 0.152372 0 0 0
0.657035 -0.087240 0.152351 0 0 0
0.657568 -0.086197 0.152329 255 0 0
0.658097 -0.085156 0.152306 255 0 0
0.658612 -0.084073 0.152287 255 0 0
0.659034 -0.083011 0.152276 255 0 0
0.659663 -0.082031 0.152241 255 0 0
0.660227 -0.080981 0.152215 255 0 0
0.660756 -0.079944 0.152193 255 0 0
0.661271 -0.078866 0.152174 255 0 0
0.661669 -0.077751 0.152170 255 0 0
0.662157 -0.076720 0.152153 255 0 0
0.662693 -0.075674 0.152130 255 0 0
0.663225 -0.074632 0.152108 255 0 0
0.663757 -0.073589 0.152085 255 0 0
0.664289 -0.072547 0.152062 255 0 0
0.664821 -0.071503 0.152040 255 0 0
0.665362 -0.070432 0.152012 255 0 0
0.665743 -0.069654 0.151965 255 0 0
0.665784 -0.067829 0.151317 255 0 0
0.666316 -0.067053 0.151228 255 0 0
0.666886 -0.066037 0.151191 255 0 0
0.667418 -0.064986 0.151168 255 0 0
0.667946 -0.063940 0.151146 255 0 0
0.668467 -0.062889 0.151125 255 0 0
0.668996 -0.061836 0.151102 255 0 0
0.669548 -0.060831 0.151075 255 0 0
0.670201 -0.059839 0.151035 255 0 0
0.670762 -0.058791 0.151008 255 0 0
0.671280 -0.057715 0.150989 255 0 0
0.671702 -0.056640 0.150979 255 0 0
0.672310 -0.055636 0.150947 255 0 0
0.672752 -0.054505 0.150939 0 0 0
0.673240 -0.053474 0.150923 0 0 0
0.673794 -0.052431 0.150898 0 0 0
0.674281 -0.051403 0.150882 0 0 0
0.674697 -0.050290 0.150876 0 0 0
0.675257 -0.049203 0.150851 0 0 0
0.675957 -0.048235 0.150800 0 0 0
0.676461 -0.047550 0.150742 0 0 0
0.676344 -0.045511 0.150079 0 0 0
0.676716 -0.044728 0.150040 0 0 0
0.677288 -0.043644 0.150009 0 0 0
0.677960 -0.042657 0.149967 0 0 0
0.678525 -0.041694 0.149935 0 0 0
0.679182 -0.040701 0.149894 0 0 0
0.679748 -0.039644 0.149868 0 0 0
0.680267 -0.038573 0.149848 0 0 0
0.680679 -0.037446 0.149843 0 0 0
0.681165 -0.036409 0.149827 0 0 0
0.681714 -0.035366 0.149803 0 0 0
0.682245 -0.034321 0.149780 0 0 0
0.682768 -0.033263 0.149759 0 0 0
0.683321 -0.032253 0.149731 0 0 0
0.684004 -0.031279 0.149687 0 0 0
0.684580 -0.030229 0.149659 0 0 0
0.685112 -0.029185 0.149637 0 0 0
0.685648 -0.028107 0.149611 0 0 0
0.686017 -0.027333 0.149577 0 0 0
0.685884 -0.025229 0.148911 0 0 0
0.686268 -0.024453 0.148875 0 0 0
0.686862 -0.023412 0.148839 0 0 0
0.687671 -0.022487 0.148778 0 0 0
0.688254 -0.021438 0.148744 0 0 0
0.688633 -0.020666 0.148710 0 0 0
0.688537 -0.018558 0.148038 0 0 0
0.688958 -0.017780 0.147998 0 0 0
0.689633 -0.016768 0.147953 0 0 0
0.690173 -0.015746 0.147927 0 0 0
0.690707 -0.014686 0.147905 0 0 0
0.691243 -0.013633 0.147882 0 0 0
0.691780 -0.012582 0.147859 0 0 0
0.692316 -0.011530 0.147836 0 0 0
0.692853 -0.010478 0.147813 0 0 0
0.693389 -0.009426 0.147790 0 0 0
0.693926 -0.008375 0.147767 0 0 0
0.694462 -0.007323 0.147744 0 0 0
0.694999 -0.006271 0.147721 0 0 0
0.695535 -0.005219 0.147699 0 0 0
0.696072 -0.004167 0.147676 0 0 0
0.696606 -0.003107 0.147653 0 0 0
0.697160 -0.002053 0.147624 0 0 0
0.697651 -0.001356 0.147577 0 0 0
0.697625 0.000812 0.146890 0 0 0
0.698013 0.001575 0.146857 0 0 0
0.698594 0.002682 0.146828 0 0 0
0.699271 0.003629 0.146782 0 0 0
0.699949 0.004573 0.146736 0 0 0
0.700531 0.005642 0.146707 0 0 0
0.701068 0.006692 0.146684 0 0 0
0.701602 0.007744 0.146661 0 0 0
0.702121 0.008817 0.146641 0 0 0
0.702540 0.009966 0.146637 0 0 0
0.703014 0.011013 0.146623 0 0 0
0.703562 0.012062 0.146600 0 0 0
0.704103 0.013114 0.146576 0 0 0
0.704654 0.014171 0.146553 0 0 0
0.705136 0.015206 0.146538 0 0 0
0.705612 0.016355 0.146525 0 0 0
0.706262 0.017348 0.146485 0 0 0
0.706797 0.018379 0.146461 0 0 0
0.707331 0.019446 0.146439 0 0 0
0.707868 0.020480 0.146414 0 0 0
0.708525 0.021456 0.146372 0 0 0
0.709108 0.022518 0.146343 0 0 0
0.709635 0.023587 0.146322 0 0 0
0.710076 0.024704 0.146312 0 0 0
0.710669 0.025667 0.146281 0 0 0
0.711250 0.026750 0.146253 0 0 0
0.711692 0.027883 0.146245 0 0 0
0.712182 0.028919 0.146230 0 0 0
0.712658 0.029966 0.146217 0 0 0
0.713093 0.031109 0.146210 0 0 0
0.713620 0.032174 0.146189 0 0 0
0.714210 0.033237 0.146159 0 0 0
0.714875 0.034208 0.146116 0 0 0
0.715415 0.035242 0.146092 0 0 0
0.715960 0.036315 0.146065 0 0 0
0.716439 0.036999 0.146023 0 0 0
0.716525 0.039280 0.145315 0 0 0
0.717014 0.039967 0.145271 0 0 0
0.717566 0.041019 0.145243 0 0 0
0.718232 0.042035 0.145200 0 0 0
0.718672 0.042793 0.145165 0 0 0
0.718709 0.045088 0.144468 0 0 0
0.719127 0.045814 0.144470 0 0 0
0.719555 0.047008 0.144660 0 0 0
0.720030 0.047857 0.144739 0 0 0
0.721344 0.048650 0.145018 0 0 0
0.721705 0.049253 0.145028 0 0 0
0.721993 0.051120 0.144619 0 0 0
0.722991 0.051357 0.144635 0 0 0
0.722921 0.053597 0.144543 0 0 0
0.723391 0.054223 0.144456 0 0 0
0.724081 0.055290 0.144239 0 0 0
0.724605 0.056376 0.144189 0 0 0
0.725150 0.057432 0.144164 0 0 0
0.725690 0.058490 0.144140 0 0 0
0.726233 0.059549 0.144117 0 0 0
0.726780 0.060607 0.144093 0 0 0
0.727326 0.061657 0.144069 0 0 0
0.727860 0.062716 0.144047 0 0 0
0.728391 0.063782 0.144025 0 0 0
0.728930 0.064843 0.144002 0 0 0
0.729470 0.065901 0.143979 0 0 0
0.730010 0.066960 0.143956 0 0 0
0.730549 0.068020 0.143933 0 0 0
0.731081 0.069086 0.143912 0 0 0
0.731614 0.070151 0.143890 0 0 0
0.732154 0.071192 0.143865 0 0 0
0.732811 0.072163 0.143823 0 0 0
0.733424 0.073268 0.143790 0 0 0
0.733810 0.074003 0.143765 0 0 0
0.733831 0.076382 0.143065 0 0 0
0.734274 0.077139 0.143032 0 0 0
0.734931 0.078153 0.142990 0 0 0
0.735459 0.079211 0.142968 0 0 0
0.735998 0.080261 0.142944 0 0 0
0.736653 0.081233 0.142902 0 0 0
0.737258 0.082307 0.142871 0 0 0
0.737815 0.083403 0.142847 0 0 0
0.738205 0.084106 0.142828 0 0 0
0.622727 -0.153711 0.152212 0 0 0
0.623087 -0.153046 0.152196 0 0 0
0.623642 -0.151961 0.152173 0 0 0
0.624196 -0.150885 0.152151 0 0 0
0.624567 -0.150149 0.152147 0 0 0
0.626477 -0.148830 0.152759 0 0 0
0.626849 -0.148093 0.152755 0 0 0
0.627348 -0.146991 0.152742 0 0 0
0.627612 -0.145827 0.152756 0 0 0
0.628234 -0.144786 0.152725 0 0 0
0.628818 -0.143813 0.152692 0 0 0
0.629354 -0.142767 0.152668 0 0 0
0.629890 -0.141721 0.152645 0 0 0
0.630394 -0.140692 0.152626 0 0 0
0.630802 -0.139588 0.152620 0 0 0
0.631422 -0.138540 0.152590 0 0 0
0.631842 -0.137506 0.152578 0 0 0
0.632366 -0.136380 0.152565 0 0 0
0.632766 -0.135636 0.152583 0 0 0
0.634404 -0.134258 0.153199 0 0 0
0.634803 -0.133527 0.153194 0 0 0
0.635391 -0.132525 0.153164 0 0 0
0.636047 -0.131520 0.153126 0 0 0
0.636593 -0.130473 0.153101 0 0 0
0.637123 -0.129432 0.153079 0 0 0
0.637660 -0.128371 0.153047 0 0 0
0.638071 -0.127494 0.152950 0 0 0
0.638036 -0.125909 0.152339 0 0 0
0.638374 -0.125330 0.152231 0 0 0
0.638183 -0.123565 0.151604 0 0 0
0.638554 -0.122722 0.151542 0 0 0
0.639130 -0.121713 0.151504 0 0 0
0.639951 -0.120706 0.151441 0 0 0
0.640373 -0.119922 0.151367 0 0 0
0.640053 -0.118456 0.150812 0 0 0
0.641719 -0.117403 0.151343 0 0 0
0.642113 -0.116643 0.151343 0 0 0
0.642626 -0.115596 0.151327 0 0 0
0.643028 -0.114428 0.151325 0 0 0
0.643510 -0.113335 0.151313 0 0 0
0.643919 -0.112274 0.151311 0 0 0
0.644319 -0.111461 0.151335 0 0 0
0.645939 -0.110171 0.151943 0 0 0
0.646345 -0.109433 0.151941 0 0 0
0.646896 -0.108365 0.151919 0 0 0
0.647416 -0.107316 0.151898 0 0 0
0.647947 -0.106269 0.151876 255 0 0
0.648487 -0.105231 0.151852 255 0 0
0.649014 -0.104187 0.151830 255 0 0
0.649551 -0.103147 0.151807 255 0 0
0.650074 -0.102102 0.151785 0 0 0
0.650602 -0.101057 0.151763 0 0 0
0.651134 -0.100013 0.151740 0 0 0
0.651669 -0.098971 0.151717 0 0 0
0.652209 -0.097933 0.151693 0 0 0
0.652733 -0.096889 0.151672 0 0 0
0.653265 -0.095844 0.151649 0 0 0
0.653814 -0.094803 0.151625 0 0 0
0.654309 -0.093775 0.151607 0 0 0
0.654721 -0.092637 0.151606 0 0 0
0.655095 -0.091844 0.151613 0 0 0
0.656840 -0.090640 0.152220 0 0 0
0.657112 -0.089830 0.152239 0 0 0
0.657615 -0.088772 0.152225 0 0 0
0.658150 -0.087728 0.152202 0 0 0
0.658682 -0.086688 0.152179 0 0 0
0.659217 -0.085649 0.152156 0 0 0
0.659764 -0.084618 0.152131 0 0 0
0.660307 -0.083583 0.152107 0 0 0
0.660830 -0.082539 0.152085 255 0 0
0.661357 -0.081498 0.152063 255 0 0
0.661887 -0.080460 0.152041 255 0 0
0.662417 -0.079422 0.152018 255 0 0
0.662951 -0.078382 0.151995 255 0 0
0.663494 -0.077345 0.151971 255 0 0
0.664025 -0.076307 0.151948 255 0 0
0.664543 -0.075262 0.151927 255 0 0
0.665070 -0.074217 0.151905 255 0 0
0.665600 -0.073176 0.151882 255 0 0
0.666130 -0.072136 0.151860 255 0 0
0.666662 -0.071090 0.151837 255 0 0
0.667225 -0.070067 0.151804 255 0 0
0.667709 -0.069328 0.151745 255 0 0
0.667589 -0.067381 0.151090 255 0 0
0.667968 -0.066594 0.151045 255 0 0
0.668506 -0.065526 0.151018 255 0 0
0.669071 -0.064477 0.150991 255 0 0
0.669738 -0.063492 0.150950 255 0 0
0.670279 -0.062492 0.150923 255 0 0
0.670804 -0.061437 0.150901 255 0 0
0.671324 -0.060388 0.150880 255 0 0
0.671852 -0.059345 0.150858 255 0 0
0.672391 -0.058306 0.150834 0 0 0
0.672944 -0.057274 0.150809 255 0 0
0.673476 -0.056232 0.150786 0 0 0
0.674020 -0.055193 0.150762 0 0 0
0.674504 -0.054161 0.150747 0 0 0
0.674924 -0.053015 0.150745 0 0 0
0.675325 -0.052221 0.150758 0 0 0
0.677017 -0.051142 0.151342 0 0 0
0.677279 -0.050637 0.151333 0 0 0
0.677156 -0.048595 0.150676 0 0 0
0.677570 -0.047861 0.150628 0 0 0
0.678373 -0.046895 0.150567 0 0 0
0.678963 -0.045863 0.150531 0 0 0
0.679340 -0.045091 0.150492 0 0 0
0.679212 -0.043058 0.149828 0 0 0
0.679623 -0.042273 0.149785 0 0 0
0.680293 -0.041259 0.149741 0 0 0
0.680840 -0.040257 0.149714 0 0 0
0.681375 -0.039210 0.149690 0 0 0
0.681924 -0.038169 0.149666 0 0 0
0.682405 -0.037135 0.149651 0 0 0
0.682812 -0.036010 0.149646 0 0 0
0.683368 -0.034931 0.149621 0 0 0
0.684030 -0.033946 0.149581 0 0 0
0.684530 -0.032952 0.149561 0 0 0
0.684929 -0.031814 0.149557 0 0 0
0.685442 -0.030743 0.149538 0 0 0
0.685971 -0.029704 0.149515 0 0 0
0.686544 -0.028646 0.149488 0 0 0
0.687233 -0.027712 0.149441 0 0 0
0.687921 -0.026777 0.149394 0 0 0
0.688499 -0.025689 0.149364 0 0 0
0.688881 -0.024926 0.149328 0 0 0
0.688784 -0.022810 0.148653 0 0 0
0.689284 -0.022098 0.148602 0 0 0
0.689854 -0.021099 0.148567 0 0 0
0.690522 -0.020079 0.148523 0 0 0
0.690944 -0.019305 0.148483 0 0 0
0.690890 -0.017194 0.147802 0 0 0
0.691375 -0.016483 0.147753 0 0 0
0.691939 -0.015438 0.147722 0 0 0
0.692476 -0.014383 0.147699 0 0 0
0.693015 -0.013334 0.147676 0 0 0
0.693556 -0.012291 0.147652 0 0 0
0.694082 -0.011237 0.147630 0 0 0
0.694616 -0.010186 0.147608 0 0 0
0.695151 -0.009136 0.147585 0 0 0
0.695686 -0.008086 0.147562 0 0 0
0.696221 -0.007037 0.147539 0 0 0
0.696757 -0.005987 0.147516 0 0 0
0.697293 -0.004938 0.147493 0 0 0
0.697835 -0.003889 0.147470 0 0 0
0.698377 -0.002840 0.147446 0 0 0
0.698910 -0.001818 0.147421 0 0 0
0.699560 -0.000835 0.147381 0 0 0
0.700147 0.000258 0.147351 0 0 0
0.700528 0.001009 0.147319 0 0 0
0.700452 0.003195 0.146637 0 0 0
0.700826 0.003960 0.146606 0 0 0
0.701365 0.005045 0.146582 0 0 0
0.701900 0.006097 0.146559 0 0 0
0.702437 0.007145 0.146536 0 0 0
0.703023 0.008203 0.146507 0 0 0
0.703707 0.009171 0.146463 0 0 0
0.704192 0.010178 0.146445 0 0 0
0.704666 0.011333 0.146433 0 0 0
0.705326 0.012326 0.146393 0 0 0
0.705817 0.013360 0.146382 0 0 0
0.706199 0.014260 0.146431 0 0 0
0.707524 0.014880 0.146938 0 0 0
0.707489 0.016859 0.146330 0 0 0
0.707978 0.017552 0.146282 0 0 0
0.708530 0.018609 0.146255 0 0 0
0.709063 0.019672 0.146232 0 0 0
0.709589 0.020731 0.146211 0 0 0
0.710120 0.021784 0.146189 0 0 0
0.710656 0.022833 0.146166 0 0 0
0.711201 0.023880 0.146142 0 0 0
0.711734 0.024937 0.146120 0 0 0
0.712271 0.025992 0.146097 0 0 0
0.712751 0.027028 0.146082 0 0 0
0.713217 0.028178 0.146079 0 0 0
0.713688 0.029002 0.146112 0 0 0
0.715164 0.029832 0.146654 0 0 0
0.715651 0.030671 0.146683 0 0 0
0.716050 0.031429 0.146661 0 0 0
0.716013 0.033704 0.145968 0 0 0
0.716396 0.034444 0.145940 0 0 0
0.716996 0.035549 0.145908 0 0 0
0.717667 0.036527 0.145863 0 0 0
0.718154 0.037182 0.145818 0 0 0
0.718239 0.039471 0.145108 0 0 0
0.718726 0.040150 0.145064 0 0 0
0.719270 0.041228 0.145039 0 0 0
0.719823 0.042296 0.145012 0 0 0
0.720311 0.042977 0.144967 0 0 0
0.720356 0.045038 0.144365 0 0 0
0.721598 0.045559 0.144845 0 0 0
0.722101 0.046397 0.144892 0 0 0
0.722583 0.047582 0.144887 0 0 0
0.722901 0.048329 0.144870 0 0 0
0.723137 0.050614 0.144243 0 0 0
0.723522 0.051115 0.144335 0 0 0
0.724712 0.051550 0.144393 0 0 0
0.724838 0.053602 0.144057 0 0 0
0.725221 0.054385 0.144027 0 0 0
0.725778 0.055468 0.144000 0 0 0
0.726327 0.056518 0.143975 0 0 0
0.726867 0.057572 0.143952 0 0 0
0.727407 0.058632 0.143931 0 0 0
0.727865 0.059683 0.143919 0 0 0
0.728309 0.060825 0.143910 0 0 0
0.728900 0.061905 0.143881 0 0 0
0.729559 0.062870 0.143839 0 0 0
0.730100 0.063906 0.143814 0 0 0
0.730639 0.064967 0.143791 0 0 0
0.731178 0.066023 0.143768 0 0 0
0.731716 0.067080 0.143745 0 0 0
0.732255 0.068136 0.143722 0 0 0
0.732790 0.069192 0.143700 0 0 0
0.733321 0.070253 0.143678 0 0 0
0.733843 0.071324 0.143658 0 0 0
0.734373 0.072387 0.143636 0 0 0
0.734912 0.073428 0.143612 0 0 0
0.735583 0.074428 0.143568 0 0 0
0.736033 0.075175 0.143534 0 0 0
0.736126 0.077556 0.142820 0 0 0
0.736605 0.078221 0.142781 0 0 0
0.737158 0.079296 0.142755 0 0 0
0.737681 0.080374 0.142735 0 0 0
0.738213 0.081437 0.142713 0 0 0
0.738750 0.082501 0.142690 0 0 0
0.739313 0.083578 0.142665 0 0 0
0.739794 0.084207 0.142631 0 0 0
0.625596 -0.153278 0.152707 0 0 0
0.626056 -0.152641 0.152680 0 0 0
0.626624 -0.151660 0.152650 0 0 0
0.626984 -0.150500 0.152650 0 0 0
0.627345 -0.149343 0.152652 0 0 0
0.627865 -0.148298 0.152635 0 0 0
0.628249 -0.147558 0.152631 0 0 0
0.629956 -0.146405 0.153158 0 0 0
0.629631 -0.145065 0.152625 0 0 0
0.629990 -0.144198 0.152548 0 0 0
0.630524 -0.143130 0.152518 0 0 0
0.631075 -0.142061 0.152496 0 0 0
0.631452 -0.141323 0.152494 0 0 0
0.633122 -0.140163 0.153013 0 0 0
0.632707 -0.139112 0.152544 0 0 0
0.634373 -0.137956 0.153062 0 0 0
0.634746 -0.137222 0.153060 0 0 0
0.635283 -0.136109 0.153043 0 0 0
0.635666 -0.135035 0.153040 0 0 0
0.636026 -0.133951 0.153040 0 0 0
0.636555 -0.132854 0.153020 0 0 0
0.637208 -0.131854 0.152983 0 0 0
0.637772 -0.130881 0.152952 0 0 0
0.638302 -0.129839 0.152928 0 0 0
0.638835 -0.128774 0.152899 0 0 0
0.639204 -0.127968 0.152835 0 0 0
0.639117 -0.126335 0.152236 0 0 0
0.639570 -0.125524 0.152133 0 0 0
0.640394 -0.124525 0.152068 0 0 0
0.640977 -0.123530 0.152029 0 0 0
0.641335 -0.122698 0.151970 0 0 0
0.641107 -0.120927 0.151354 0 0 0
0.641502 -0.120164 0.151289 0 0 0
0.642164 -0.119083 0.151247 0 0 0
0.642576 -0.117969 0.151241 0 0 0
0.643091 -0.116921 0.151225 0 0 0
0.643486 -0.116165 0.151225 0 0 0
0.645142 -0.115108 0.151750 0 0 0
0.644747 -0.113941 0.151258 0 0 0
0.646383 -0.112875 0.151784 0 0 0
0.646719 -0.112103 0.151794 0 0 0
0.647024 -0.110913 0.151807 0 0 0
0.647500 -0.109847 0.151793 0 0 0
0.648057 -0.108804 0.151768 0 0 0
0.648733 -0.107806 0.151727 0 0 0
0.649257 -0.106838 0.151702 0 0 0
0.649675 -0.105720 0.151695 255 0 0
0.650288 -0.104696 0.151664 255 0 0
0.650731 -0.103645 0.151650 255 0 0
0.651382 -0.102607 0.151614 0 0 0
0.651927 -0.101622 0.151586 0 0 0
0.652462 -0.100570 0.151563 0 0 0
0.652964 -0.099547 0.151544 0 0 0
0.653386 -0.098438 0.151537 0 0 0
0.654045 -0.097405 0.151500 0 0 0
0.654562 -0.096434 0.151476 0 0 0
0.654970 -0.095291 0.151474 0 0 0
0.655343 -0.094506 0.151481 0 0 0
0.657121 -0.093336 0.152086 0 0 0
0.657493 -0.092556 0.152092 0 0 0
0.657908 -0.091426 0.152089 0 0 0
0.658408 -0.090402 0.152071 0 0 0
0.658951 -0.089362 0.152047 0 0 0
0.659494 -0.088330 0.152023 0 0 0
0.660032 -0.087293 0.152000 0 0 0
0.660518 -0.086268 0.151983 0 0 0
0.660908 -0.085156 0.151979 0 0 0
0.661419 -0.084080 0.151960 0 0 0
0.661946 -0.083045 0.151938 255 0 0
0.662475 -0.082007 0.151915 255 0 0
0.663004 -0.080972 0.151893 255 0 0
0.663568 -0.079926 0.151866 255 0 0
0.664196 -0.078954 0.151832 255 0 0
0.664612 -0.077898 0.151821 255 0 0
0.665156 -0.076813 0.151798 255 0 0
0.665820 -0.075833 0.151759 255 0 0
0.666362 -0.074842 0.151731 255 0 0
0.666888 -0.073795 0.151709 255 0 0
0.667421 -0.072756 0.151686 255 0 0
0.667959 -0.071723 0.151662 255 0 0
0.668479 -0.070674 0.151640 255 0 0
0.669025 -0.069684 0.151613 255 0 0
0.669681 -0.068700 0.151574 255 0 0
0.670239 -0.067653 0.151548 255 0 0
0.670775 -0.066588 0.151521 255 0 0
0.671152 -0.065811 0.151477 255 0 0
0.671037 -0.063847 0.150817 255 0 0
0.671533 -0.063118 0.150758 255 0 0
0.672087 -0.062096 0.150726 255 0 0
0.672614 -0.061045 0.150703 255 0 0
0.673148 -0.060001 0.150681 255 0 0
0.673633 -0.058970 0.150664 255 0 0
0.674047 -0.057861 0.150658 255 0 0
0.674563 -0.056790 0.150638 0 0 0
0.675111 -0.055729 0.150619 0 0 0
0.675522 -0.054968 0.150628 0 0 0
0.677218 -0.053909 0.151219 0 0 0
0.677612 -0.053122 0.151231 0 0 0
0.678030 -0.051975 0.151230 0 0 0
0.678527 -0.050992 0.151209 0 0 0
0.679215 -0.049990 0.151160 0 0 0
0.679639 -0.049183 0.151089 0 0 0
0.679660 -0.047280 0.150431 0 0 0
0.680027 -0.046506 0.150391 0 0 0
0.680572 -0.045474 0.150361 0 0 0
0.681249 -0.044464 0.150316 0 0 0
0.681659 -0.043691 0.150273 0 0 0
0.681531 -0.041651 0.149606 0 0 0
0.681908 -0.040882 0.149568 0 0 0
0.682448 -0.039809 0.149541 0 0 0
0.683000 -0.038743 0.149522 0 0 0
0.683423 -0.037972 0.149535 0 0 0
0.685092 -0.036938 0.150110 0 0 0
0.685379 -0.036399 0.150078 0 0 0
0.685396 -0.034429 0.149436 0 0 0
0.685575 -0.033858 0.149443 0 0 0
0.687201 -0.032804 0.150026 0 0 0
0.687623 -0.032030 0.150040 0 0 0
0.688181 -0.030937 0.150018 0 0 0
0.688557 -0.030180 0.149982 0 0 0
0.688439 -0.028085 0.149309 0 0 0
0.688806 -0.027318 0.149274 0 0 0
0.689339 -0.026240 0.149249 0 0 0
0.689942 -0.025213 0.149212 0 0 0
0.690548 -0.024560 0.149146 0 0 0
0.690514 -0.022502 0.148459 0 0 0
0.690932 -0.021729 0.148418 0 0 0
0.691584 -0.020705 0.148377 0 0 0
0.692159 -0.019707 0.148339 0 0 0
0.692663 -0.018979 0.148266 0 0 0
0.692790 -0.016983 0.147581 0 0 0
0.693159 -0.016214 0.147546 0 0 0
0.693706 -0.015129 0.147521 0 0 0
0.694186 -0.014093 0.147505 0 0 0
0.694654 -0.012962 0.147493 0 0 0
0.695300 -0.011962 0.147455 0 0 0
0.695852 -0.010954 0.147428 0 0 0
0.696383 -0.009899 0.147405 0 0 0
0.696926 -0.008857 0.147381 0 0 0
0.697463 -0.007812 0.147358 0 0 0
0.697997 -0.006765 0.147335 0 0 0
0.698535 -0.005715 0.147313 0 0 0
0.699003 -0.004677 0.147299 0 0 0
0.699420 -0.003545 0.147293 0 0 0
0.699986 -0.002465 0.147267 0 0 0
0.700644 -0.001490 0.147227 0 0 0
0.701183 -0.000471 0.147201 0 0 0
0.701724 0.000547 0.147175 0 0 0
0.702386 0.001517 0.147134 0 0 0
0.702954 0.002582 0.147107 0 0 0
0.703486 0.003628 0.147084 0 0 0
0.704020 0.004677 0.147062 0 0 0
0.704564 0.005756 0.147036 0 0 0
0.704945 0.006504 0.147005 0 0 0
0.704896 0.008719 0.146326 0 0 0
0.705221 0.009241 0.146345 0 0 0
0.706579 0.009886 0.146853 0 0 0
0.706500 0.011860 0.146259 0 0 0
0.706811 0.012386 0.146271 0 0 0
0.708327 0.013308 0.146829 0 0 0
0.708713 0.014189 0.146863 0 0 0
0.709159 0.014878 0.146831 0 0 0
0.709216 0.017102 0.146126 0 0 0
0.709717 0.017782 0.146079 0 0 0
0.710278 0.018829 0.146050 0 0 0
0.710813 0.019884 0.146027 0 0 0
0.711346 0.020933 0.146005 0 0 0
0.711875 0.021985 0.145983 0 0 0
0.712399 0.023042 0.145961 0 0 0
0.712935 0.024094 0.145939 0 0 0
0.713494 0.025164 0.145922 0 0 0
0.713947 0.025960 0.145957 0 0 0
0.715272 0.026828 0.146490 0 0 0
0.715744 0.027709 0.146554 0 0 0
0.716185 0.028863 0.146555 0 0 0
0.716645 0.029908 0.146543 0 0 0
0.717189 0.030932 0.146518 0 0 0
0.717852 0.031896 0.146476 0 0 0
0.718452 0.032987 0.146444 0 0 0
0.718838 0.033719 0.146415 0 0 0
0.718858 0.036010 0.145712 0 0 0
0.719357 0.036688 0.145665 0 0 0
0.719860 0.037365 0.145618 0 0 0
0.719947 0.039660 0.144904 0 0 0
0.720435 0.040332 0.144861 0 0 0
0.720984 0.041401 0.144834 0 0 0
0.721516 0.042444 0.144811 0 0 0
0.722159 0.043424 0.144771 0 0 0
0.722648 0.044576 0.144757 0 0 0
0.723110 0.045615 0.144744 0 0 0
0.723659 0.046667 0.144721 0 0 0
0.724227 0.047729 0.144692 0 0 0
0.724704 0.048401 0.144649 0 0 0
0.724802 0.050791 0.144011 0 0 0
0.725193 0.051405 0.144065 0 0 0
0.725853 0.052429 0.143897 0 0 0
0.726385 0.053522 0.143846 0 0 0
0.726856 0.054566 0.143831 0 0 0
0.727306 0.055703 0.143821 0 0 0
0.727834 0.056768 0.143800 0 0 0
0.728390 0.057837 0.143784 0 0 0
0.728897 0.058664 0.143827 0 0 0
0.730297 0.059437 0.144349 0 0 0
0.730644 0.059954 0.144381 0 0 0
0.730662 0.062319 0.143690 0 0 0
0.731046 0.063055 0.143664 0 0 0
0.731596 0.064144 0.143639 0 0 0
0.732134 0.065199 0.143616 0 0 0
0.732671 0.066253 0.143593 0 0 0
0.733209 0.067307 0.143570 0 0 0
0.733748 0.068357 0.143547 0 0 0
0.734350 0.069423 0.143516 0 0 0
0.735009 0.070384 0.143474 0 0 0
0.735548 0.071419 0.143450 0 0 0
0.736084 0.072479 0.143427 0 0 0
0.736610 0.073545 0.143406 0 0 0
0.737154 0.074617 0.143381 0 0 0
0.737622 0.075282 0.143343 0 0 0
0.737712 0.077668 0.142627 0 0 0
0.738165 0.078415 0.142593 0 0 0
0.738839 0.079413 0.142550 0 0 0
0.739375 0.080453 0.142526 0 0 0
0.739906 0.081516 0.142504 0 0 0
0.740436 0.082587 0.142482 0 0 0
0.740993 0.083670 0.142458 0 0 0
0.741478 0.084298 0.142424 0 0 0
0.627651 -0.154006 0.153148 0 0 0
0.627286 -0.152764 0.152616 0 0 0
0.627493 -0.152187 0.152557 0 0 0
0.629411 -0.150854 0.153162 0 0 0
0.629773 -0.150125 0.153158 0 0 0
0.630331 -0.149066 0.153136 0 0 0
0.630839 -0.147977 0.153117 0 0 0
0.631247 -0.146954 0.153105 0 0 0
0.631882 -0.145954 0.153072 0 0 0
0.632432 -0.144914 0.153047 0 0 0
0.632963 -0.143880 0.153024 0 0 0
0.633502 -0.142851 0.153000 0 0 0
0.634013 -0.141766 0.152981 0 0 0
0.634429 -0.140744 0.152969 0 0 0
0.635047 -0.139703 0.152939 0 0 0
0.635450 -0.138606 0.152933 0 0 0
0.635955 -0.137579 0.152914 0 0 0
0.636474 -0.136528 0.152897 0 0 0
0.636730 -0.135751 0.152909 0 0 0
0.638559 -0.134397 0.153523 0 0 0
0.638771 -0.133866 0.153486 0 0 0
0.638574 -0.132131 0.152875 0 0 0
0.638938 -0.131302 0.152811 0 0 0
0.639469 -0.130242 0.152782 0 0 0
0.640019 -0.129200 0.152756 0 0 0
0.640702 -0.128256 0.152712 0 0 0
0.641393 -0.127286 0.152661 0 0 0
0.641780 -0.126461 0.152597 0 0 0
0.641551 -0.124715 0.151982 0 0 0
0.641940 -0.123882 0.151919 0 0 0
0.642647 -0.122923 0.151866 0 0 0
0.643340 -0.121985 0.151820 0 0 0
0.643888 -0.120935 0.151795 0 0 0
0.644416 -0.119897 0.151772 0 0 0
0.644946 -0.118860 0.151750 0 0 0
0.645472 -0.117824 0.151727 0 0 0
0.645982 -0.116737 0.151709 0 0 0
0.646396 -0.115698 0.151697 0 0 0
0.647013 -0.114667 0.151667 0 0 0
0.647445 -0.113535 0.151662 0 0 0
0.647802 -0.112812 0.151666 0 0 0
0.649447 -0.111521 0.152274 0 0 0
0.649852 -0.110745 0.152291 255 0 0
0.650233 -0.109910 0.152242 0 0 0
0.650058 -0.108085 0.151614 0 0 0
0.650322 -0.107543 0.151586 0 0 0
0.651986 -0.106570 0.151874 255 0 0
0.651575 -0.105343 0.151608 255 0 0
0.652980 -0.104467 0.152071 255 0 0
0.652723 -0.102930 0.151501 0 0 0
0.653227 -0.102144 0.151425 0 0 0
0.653769 -0.101124 0.151397 0 0 0
0.654041 -0.100307 0.151416 0 0 0
0.655627 -0.099286 0.151963 0 0 0
0.655352 -0.097712 0.151391 255 0 0
0.655587 -0.097177 0.151360 0 0 0
0.657375 -0.095978 0.151961 0 0 0
0.657743 -0.095200 0.151967 0 0 0
0.658151 -0.094068 0.151965 0 0 0
0.658642 -0.093047 0.151948 0 0 0
0.659192 -0.092014 0.151923 0 0 0
0.659743 -0.090981 0.151898 0 0 0
0.660232 -0.089962 0.151881 0 0 0
0.660620 -0.088853 0.151876 0 0 0
0.661150 -0.087753 0.151860 0 0 0
0.661537 -0.087012 0.151864 0 0 0
0.663309 -0.085865 0.152469 255 0 0
0.663697 -0.085125 0.152473 255 0 0
0.664244 -0.084067 0.152453 255 0 0
0.664772 -0.083032 0.152430 255 0 0
0.665305 -0.081970 0.152402 255 0 0
0.665673 -0.081174 0.152351 255 0 0
0.665409 -0.079548 0.151767 255 0 0
0.666986 -0.078618 0.152301 255 0 0
0.667241 -0.078110 0.152286 255 0 0
0.667125 -0.076169 0.151634 255 0 0
0.667610 -0.075430 0.151573 255 0 0
0.668181 -0.074413 0.151539 255 0 0
0.668674 -0.073392 0.151521 255 0 0
0.669105 -0.072274 0.151513 255 0 0
0.669713 -0.071276 0.151482 255 0 0
0.670151 -0.070207 0.151469 255 0 0
0.670777 -0.069179 0.151434 255 0 0
0.671319 -0.068190 0.151407 255 0 0
0.671847 -0.067143 0.151384 255 0 0
0.672411 -0.066132 0.151351 255 0 0
0.672914 -0.065410 0.151292 255 0 0
0.672837 -0.063445 0.150623 255 0 0
0.673343 -0.062720 0.150564 255 0 0
0.673909 -0.061706 0.150530 255 0 0
0.674456 -0.060636 0.150511 255 0 0
0.674858 -0.059884 0.150522 255 0 0
0.676363 -0.058748 0.151111 0 0 0
0.676785 -0.057957 0.151147 0 0 0
0.677324 -0.056899 0.151131 0 0 0
0.677839 -0.055831 0.151112 0 0 0
0.678239 -0.054716 0.151106 0 0 0
0.678725 -0.053701 0.151090 0 0 0
0.679260 -0.052666 0.151067 0 0 0
0.679789 -0.051623 0.151044 0 0 0
0.680315 -0.050550 0.151019 0 0 0
0.680680 -0.049792 0.150978 0 0 0
0.680717 -0.047896 0.150317 0 0 0
0.681140 -0.047089 0.150246 0 0 0
0.681802 -0.046081 0.150199 0 0 0
0.682339 -0.045070 0.150174 0 0 0
0.682882 -0.044073 0.150146 0 0 0
0.683551 -0.043101 0.150105 0 0 0
0.684119 -0.042056 0.150078 0 0 0
0.684648 -0.041022 0.150056 0 0 0
0.685175 -0.039986 0.150033 0 0 0
0.685691 -0.038919 0.150013 0 0 0
0.686102 -0.037767 0.150004 0 0 0
0.686418 -0.037008 0.149969 0 0 0
0.686404 -0.035337 0.149386 0 0 0
0.687876 -0.034524 0.149880 0 0 0
0.688197 -0.033673 0.149913 0 0 0
0.688681 -0.032621 0.149903 0 0 0
0.689215 -0.031573 0.149881 0 0 0
0.689761 -0.030577 0.149853 0 0 0
0.690430 -0.029609 0.149812 0 0 0
0.691001 -0.028562 0.149785 0 0 0
0.691544 -0.027502 0.149755 0 0 0
0.691924 -0.026720 0.149694 0 0 0
0.692005 -0.024775 0.149016 0 0 0
0.692495 -0.024049 0.148958 0 0 0
0.692930 -0.023225 0.148889 0 0 0
0.693012 -0.021241 0.148212 0 0 0
0.693386 -0.020448 0.148174 0 0 0
0.693753 -0.019650 0.148137 0 0 0
0.693876 -0.017648 0.147451 0 0 0
0.694385 -0.016924 0.147377 0 0 0
0.694967 -0.015871 0.147348 0 0 0
0.695404 -0.015075 0.147377 0 0 0
0.696664 -0.014310 0.147836 0 0 0
0.696623 -0.012510 0.147305 0 0 0
0.696939 -0.011654 0.147276 0 0 0
0.697541 -0.010640 0.147243 0 0 0
0.697966 -0.009542 0.147233 0 0 0
0.698486 -0.008471 0.147212 0 0 0
0.699018 -0.007427 0.147190 0 0 0
0.699570 -0.006363 0.147172 0 0 0
0.700017 -0.005575 0.147193 0 0 0
0.701598 -0.004630 0.147760 0 0 0
0.701891 -0.004128 0.147768 0 0 0
0.701826 -0.001941 0.147088 0 0 0
0.702204 -0.001192 0.147056 0 0 0
0.702745 -0.000115 0.147031 0 0 0
0.703315 0.000948 0.147004 0 0 0
0.703980 0.001914 0.146963 0 0 0
0.704522 0.002923 0.146936 0 0 0
0.705054 0.003974 0.146914 0 0 0
0.705586 0.005024 0.146891 0 0 0
0.706128 0.006036 0.146865 0 0 0
0.706788 0.007000 0.146824 0 0 0
0.707345 0.008085 0.146799 0 0 0
0.707774 0.009189 0.146789 0 0 0
0.708368 0.010142 0.146758 0 0 0
0.708942 0.011218 0.146731 0 0 0
0.709365 0.012346 0.146724 0 0 0
0.709837 0.013384 0.146710 0 0 0
0.710395 0.014436 0.146682 0 0 0
0.710881 0.015110 0.146637 0 0 0
0.710876 0.017338 0.145937 0 0 0
0.711262 0.018082 0.145907 0 0 0
0.711807 0.019162 0.145881 0 0 0
0.712342 0.020206 0.145858 0 0 0
0.712924 0.021263 0.145829 0 0 0
0.713574 0.022236 0.145789 0 0 0
0.714127 0.023260 0.145764 0 0 0
0.714608 0.024313 0.145759 0 0 0
0.714991 0.025267 0.145835 0 0 0
0.716302 0.026150 0.146373 0 0 0
0.716741 0.026947 0.146409 0 0 0
0.717301 0.028005 0.146392 0 0 0
0.717841 0.029050 0.146368 0 0 0
0.718375 0.030097 0.146346 0 0 0
0.718897 0.031149 0.146324 0 0 0
0.719424 0.032202 0.146303 0 0 0
0.719979 0.033248 0.146274 0 0 0
0.720471 0.033911 0.146230 0 0 0
0.720552 0.036200 0.145516 0 0 0
0.721048 0.036880 0.145469 0 0 0
0.721558 0.037551 0.145421 0 0 0
0.721645 0.039845 0.144706 0 0 0
0.722125 0.040519 0.144664 0 0 0
0.722684 0.041578 0.144636 0 0 0
0.723211 0.042638 0.144614 0 0 0
0.723750 0.043682 0.144591 0 0 0
0.724289 0.044730 0.144567 0 0 0
0.724827 0.045779 0.144544 0 0 0
0.725366 0.046833 0.144519 0 0 0
0.725908 0.047920 0.144456 0 0 0
0.726514 0.048621 0.144239 0 0 0
0.726515 0.050863 0.143737 0 0 0
0.727005 0.051546 0.143691 0 0 0
0.727578 0.052622 0.143671 0 0 0
0.728036 0.053447 0.143719 0 0 0
0.729292 0.054233 0.144230 0 0 0
0.729799 0.055120 0.144303 0 0 0
0.730346 0.056183 0.144290 0 0 0
0.730871 0.057244 0.144269 0 0 0
0.731310 0.058390 0.144260 0 0 0
0.731768 0.059414 0.144247 0 0 0
0.732426 0.060375 0.144207 0 0 0
0.733024 0.061437 0.144176 0 0 0
0.733559 0.062481 0.144153 0 0 0
0.734095 0.063531 0.144130 0 0 0
0.734630 0.064580 0.144107 0 0 0
0.735166 0.065631 0.144085 0 0 0
0.735713 0.066715 0.144060 0 0 0
0.736093 0.067442 0.144035 0 0 0
0.736097 0.069822 0.143329 0 0 0
0.736479 0.070552 0.143304 0 0 0
0.737027 0.071638 0.143279 0 0 0
0.737566 0.072687 0.143256 0 0 0
0.738168 0.073757 0.143225 0 0 0
0.738816 0.074704 0.143184 0 0 0
0.739472 0.075683 0.143141 0 0 0
0.739903 0.076435 0.143110 0 0 0
0.739920 0.078835 0.142402 0 0 0
0.740304 0.079560 0.142377 0 0 0
0.740924 0.080663 0.142344 0 0 0
0.741582 0.081623 0.142302 0 0 0
0.742130 0.082669 0.142277 0 0 0
0.742576 0.083753 0.142266 0 0 0
0.742925 0.084440 0.142251 0 0 0
0.628886 -0.154217 0.153111 0 0 0
0.629339 -0.153593 0.153087 0 0 0
0.629920 -0.152455 0.153065 0 0 0
0.630436 -0.151406 0.153045 0 0 0
0.630953 -0.150464 0.153021 0 0 0
0.631333 -0.149374 0.153015 0 0 0
0.631859 -0.148286 0.152996 0 0 0
0.632533 -0.147288 0.152957 0 0 0
0.633092 -0.146321 0.152927 0 0 0
0.633622 -0.145282 0.152903 0 0 0
0.634120 -0.144261 0.152884 0 0 0
0.634495 -0.143169 0.152881 0 0 0
0.635001 -0.142086 0.152863 0 0 0
0.635534 -0.141055 0.152840 0 0 0
0.636056 -0.140023 0.152818 0 0 0
0.636594 -0.138993 0.152794 0 0 0
0.637145 -0.137932 0.152773 0 0 0
0.637509 -0.137202 0.152771 0 0 0
0.639341 -0.135869 0.153398 0 0 0
0.639583 -0.135092 0.153409 0 0 0
0.640125 -0.134107 0.153384 0 0 0
0.640795 -0.133113 0.153338 0 0 0
0.641386 -0.132044 0.153264 0 0 0
0.641959 -0.131022 0.153056 0 0 0
0.642340 -0.130216 0.152941 0 0 0
0.642210 -0.128602 0.152589 0 0 0
0.642552 -0.127727 0.152529 0 0 0
0.643117 -0.126735 0.152492 0 0 0
0.643790 -0.125714 0.152447 0 0 0
0.644180 -0.124896 0.152385 0 0 0
0.643992 -0.123145 0.151762 0 0 0
0.644478 -0.122359 0.151688 0 0 0
0.645043 -0.121363 0.151652 0 0 0
0.645558 -0.120318 0.151630 0 0 0
0.646082 -0.119277 0.151608 0 0 0
0.646613 -0.118242 0.151585 0 0 0
0.647156 -0.117214 0.151561 0 0 0
0.647688 -0.116180 0.151538 0 0 0
0.648222 -0.115145 0.151515 0 0 0
0.648777 -0.114088 0.151496 0 0 0
0.649188 -0.113337 0.151516 0 0 0
0.650565 -0.111955 0.152138 0 0 0
0.650972 -0.111202 0.152158 0 0 0
0.651545 -0.110199 0.152133 0 0 0
0.652217 -0.109186 0.152089 0 0 0
0.652591 -0.108309 0.152027 0 0 0
0.652240 -0.106775 0.151697 0 0 0
0.653879 -0.105804 0.152004 0 0 0
0.654207 -0.105023 0.152008 0 0 0
0.654681 -0.104252 0.151947 255 0 0
0.654542 -0.102402 0.151308 0 0 0
0.654776 -0.101879 0.151282 0 0 0
0.656546 -0.100626 0.151891 0 0 0
0.656833 -0.099885 0.151901 0 0 0
0.657475 -0.098886 0.151870 255 0 0
0.658016 -0.097804 0.151848 255 0 0
0.658401 -0.096704 0.151844 255 0 0
0.658890 -0.095686 0.151826 0 0 0
0.659435 -0.094656 0.151802 0 0 0
0.659969 -0.093620 0.151779 0 0 0
0.660458 -0.092593 0.151762 0 0 0
0.660880 -0.091472 0.151758 0 0 0
0.661251 -0.090697 0.151765 0 0 0
0.663028 -0.089544 0.152371 0 0 0
0.663410 -0.088811 0.152376 0 0 0
0.663938 -0.087717 0.152360 0 0 0
0.664324 -0.086610 0.152356 255 0 0
0.664804 -0.085591 0.152340 255 0 0
0.665335 -0.084557 0.152317 255 0 0
0.665861 -0.083526 0.152294 255 0 0
0.666387 -0.082489 0.152272 255 0 0
0.666936 -0.081515 0.152243 255 0 0
0.667589 -0.080503 0.152207 255 0 0
0.668007 -0.079384 0.152198 255 0 0
0.668524 -0.078402 0.152167 255 0 0
0.669055 -0.077637 0.152076 255 0 0
0.669075 -0.075818 0.151428 255 0 0
0.669420 -0.075033 0.151389 255 0 0
0.669727 -0.074191 0.151407 255 0 0
0.671264 -0.073261 0.151946 255 0 0
0.670932 -0.071887 0.151433 255 0 0
0.672329 -0.071192 0.151859 255 0 0
0.672235 -0.069636 0.151297 255 0 0
0.672605 -0.068855 0.151245 255 0 0
0.673141 -0.067792 0.151217 255 0 0
0.673666 -0.066746 0.151195 255 0 0
0.674216 -0.065732 0.151163 255 0 0
0.674709 -0.065015 0.151105 255 0 0
0.674591 -0.063042 0.150439 255 0 0
0.674968 -0.062268 0.150396 255 0 0
0.675516 -0.061180 0.150376 255 0 0
0.675939 -0.060387 0.150412 255 0 0
0.677447 -0.059253 0.151003 0 0 0
0.677844 -0.058507 0.151014 0 0 0
0.678390 -0.057450 0.150995 0 0 0
0.678924 -0.056416 0.150972 0 0 0
0.679414 -0.055401 0.150954 0 0 0
0.679863 -0.054292 0.150943 0 0 0
0.680502 -0.053286 0.150907 0 0 0
0.681047 -0.052297 0.150880 0 0 0
0.681574 -0.051255 0.150857 0 0 0
0.682124 -0.050265 0.150827 0 0 0
0.682797 -0.049238 0.150740 0 0 0
0.683293 -0.048403 0.150491 0 0 0
0.683237 -0.046598 0.150048 0 0 0
0.683595 -0.045789 0.150010 0 0 0
0.684130 -0.044724 0.149984 0 0 0
0.684646 -0.043681 0.149963 0 0 0
0.685167 -0.042644 0.149940 0 0 0
0.685691 -0.041606 0.149914 0 0 0
0.686219 -0.040572 0.149891 0 0 0
0.686753 -0.039540 0.149872 0 0 0
0.687296 -0.038508 0.149848 0 0 0
0.687844 -0.037513 0.149821 0 0 0
0.688483 -0.036512 0.149785 0 0 0
0.688923 -0.035389 0.149775 0 0 0
0.689404 -0.034374 0.149758 0 0 0
0.689942 -0.033336 0.149735 0 0 0
0.690472 -0.032300 0.149713 0 0 0
0.690997 -0.031261 0.149691 0 0 0
0.691515 -0.030218 0.149669 0 0 0
0.692042 -0.029181 0.149647 0 0 0
0.692586 -0.028122 0.149620 0 0 0
0.692949 -0.027369 0.149584 0 0 0
0.693063 -0.025387 0.148901 0 0 0
0.693567 -0.024633 0.148823 0 0 0
0.693954 -0.023890 0.148778 0 0 0
0.694027 -0.021900 0.148099 0 0 0
0.694448 -0.021102 0.148034 0 0 0
0.695146 -0.020108 0.147980 0 0 0
0.695642 -0.019446 0.147928 0 0 0
0.695583 -0.017316 0.147240 0 0 0
0.695978 -0.016541 0.147212 0 0 0
0.696455 -0.015656 0.147270 0 0 0
0.697692 -0.014916 0.147770 0 0 0
0.697664 -0.013441 0.147280 0 0 0
0.698904 -0.012951 0.147699 0 0 0
0.698728 -0.011322 0.147183 0 0 0
0.700136 -0.010633 0.147702 0 0 0
0.700591 -0.009846 0.147727 0 0 0
0.701140 -0.008786 0.147709 0 0 0
0.701670 -0.007747 0.147687 0 0 0
0.702188 -0.006685 0.147667 0 0 0
0.702599 -0.005551 0.147660 0 0 0
0.703075 -0.004555 0.147643 0 0 0
0.703746 -0.003590 0.147602 0 0 0
0.704325 -0.002539 0.147574 0 0 0
0.704865 -0.001471 0.147548 0 0 0
0.705241 -0.000731 0.147517 0 0 0
0.705158 0.001458 0.146827 0 0 0
0.705535 0.002202 0.146795 0 0 0
0.706077 0.003276 0.146770 0 0 0
0.706609 0.004320 0.146747 0 0 0
0.707139 0.005362 0.146725 0 0 0
0.707710 0.006422 0.146697 0 0 0
0.708376 0.007381 0.146656 0 0 0
0.708922 0.008384 0.146629 0 0 0
0.709444 0.009439 0.146608 0 0 0
0.709969 0.010488 0.146586 0 0 0
0.710517 0.011517 0.146561 0 0 0
0.711050 0.012558 0.146539 0 0 0
0.711570 0.013615 0.146518 0 0 0
0.712100 0.014637 0.146493 0 0 0
0.712757 0.015599 0.146453 0 0 0
0.713339 0.016651 0.146424 0 0 0
0.713878 0.017687 0.146398 0 0 0
0.714404 0.018785 0.146332 0 0 0
0.714891 0.019610 0.146090 0 0 0
0.714936 0.021612 0.145623 0 0 0
0.715249 0.022406 0.145610 0 0 0
0.715629 0.023321 0.145653 0 0 0
0.717089 0.024187 0.146209 0 0 0
0.717467 0.025061 0.146252 0 0 0
0.717947 0.026116 0.146245 0 0 0
0.718483 0.027163 0.146222 0 0 0
0.719015 0.028205 0.146200 0 0 0
0.719547 0.029248 0.146177 0 0 0
0.720078 0.030290 0.146154 0 0 0
0.720610 0.031333 0.146132 0 0 0
0.721141 0.032384 0.146109 0 0 0
0.721691 0.033433 0.146078 0 0 0
0.722155 0.034112 0.146018 0 0 0
0.722368 0.036291 0.145305 0 0 0
0.722760 0.037040 0.145270 0 0 0
0.723235 0.037753 0.145209 0 0 0
0.723470 0.039921 0.144492 0 0 0
0.723835 0.040674 0.144466 0 0 0
0.724381 0.041755 0.144441 0 0 0
0.724915 0.042804 0.144418 0 0 0
0.725449 0.043851 0.144395 0 0 0
0.725984 0.044900 0.144372 0 0 0
0.726532 0.045976 0.144347 0 0 0
0.726903 0.046751 0.144321 0 0 0
0.726971 0.048668 0.143966 0 0 0
0.728030 0.048938 0.144148 0 0 0
0.728119 0.051040 0.143549 0 0 0
0.728521 0.051794 0.143529 0 0 0
0.729040 0.052715 0.143601 0 0 0
0.730299 0.053501 0.144114 0 0 0
0.730753 0.054313 0.144162 0 0 0
0.731303 0.055380 0.144147 0 0 0
0.731839 0.056426 0.144124 0 0 0
0.732383 0.057466 0.144100 0 0 0
0.732923 0.058513 0.144077 0 0 0
0.733451 0.059568 0.144055 0 0 0
0.733977 0.060617 0.144033 0 0 0
0.734508 0.061664 0.144011 0 0 0
0.735042 0.062711 0.143988 0 0 0
0.735577 0.063758 0.143965 0 0 0
0.736111 0.064805 0.143942 0 0 0
0.736644 0.065857 0.143920 0 0 0
0.737182 0.066885 0.143895 0 0 0
0.737838 0.067839 0.143854 0 0 0
0.738438 0.068898 0.143823 0 0 0
0.738972 0.069941 0.143800 0 0 0
0.739519 0.071023 0.143776 0 0 0
0.739897 0.071745 0.143751 0 0 0
0.739905 0.074138 0.143041 0 0 0
0.740341 0.074888 0.143010 0 0 0
0.741009 0.075860 0.142966 0 0 0
0.741677 0.076801 0.142922 0 0 0
0.742176 0.077889 0.142902 0 0 0
0.742450 0.078694 0.142892 0 0 0
0.742646 0.081047 0.142158 0 0 0
0.743050 0.081808 0.142132 0 0 0
0.743403 0.082556 0.142118 0 0 0
0.631847 -0.153777 0.153609 0 0 0
0.632032 -0.153350 0.153557 0 0 0
0.631816 -0.151645 0.152953 0 0 0
0.632024 -0.151108 0.152907 0 0 0
0.633913 -0.149746 0.153509 0 0 0
0.634118 -0.149219 0.153466 0 0 0
0.633905 -0.147540 0.152863 0 0 0
0.634264 -0.146704 0.152794 0 0 0
0.634813 -0.145619 0.152765 0 0 0
0.635176 -0.144899 0.152762 0 0 0
0.637065 -0.143597 0.153385 0 0 0
0.637426 -0.142881 0.153382 0 0 0
0.637971 -0.141825 0.153361 0 0 0
0.638496 -0.140795 0.153339 0 0 0
0.639021 -0.139767 0.153316 0 0 0
0.639542 -0.138741 0.153294 0 0 0
0.640043 -0.137662 0.153277 0 0 0
0.640425 -0.136578 0.153272 0 0 0
0.640929 -0.135567 0.153250 0 0 0
0.641501 -0.134501 0.153187 0 0 0
0.642095 -0.133494 0.152992 0 0 0
0.642466 -0.132653 0.152890 0 0 0
0.642355 -0.131118 0.152742 0 0 0
0.642732 -0.130280 0.152635 0 0 0
0.643338 -0.129270 0.152425 0 0 0
0.643911 -0.128208 0.152360 0 0 0
0.644434 -0.127176 0.152336 0 0 0
0.644948 -0.126135 0.152314 0 0 0
0.645512 -0.125143 0.152276 0 0 0
0.646003 -0.124368 0.152198 0 0 0
0.645826 -0.122622 0.151577 0 0 0
0.646216 -0.121804 0.151514 0 0 0
0.646873 -0.120782 0.151470 0 0 0
0.647436 -0.119802 0.151441 0 0 0
0.647931 -0.118775 0.151422 0 0 0
0.648356 -0.117681 0.151413 0 0 0
0.648957 -0.116652 0.151384 0 0 0
0.649382 -0.115619 0.151371 0 0 0
0.649905 -0.114511 0.151359 0 0 0
0.650302 -0.113766 0.151382 0 0 0
0.651932 -0.112474 0.151995 0 0 0
0.652324 -0.111752 0.151995 0 0 0
0.652863 -0.110692 0.151973 0 0 0
0.653361 -0.109648 0.151950 0 0 0
0.653909 -0.108672 0.151920 0 0 0
0.654554 -0.107641 0.151884 0 0 0
0.654970 -0.106545 0.151878 0 0 0
0.655461 -0.105521 0.151860 255 0 0
0.656014 -0.104543 0.151830 255 0 0
0.656680 -0.103563 0.151790 255 0 0
0.657217 -0.102489 0.151774 0 0 0
0.657603 -0.101393 0.151770 0 0 0
0.658094 -0.100376 0.151749 0 0 0
0.658619 -0.099337 0.151730 0 0 0
0.659146 -0.098311 0.151709 0 0 0
0.659685 -0.097286 0.151685 255 0 0
0.660215 -0.096255 0.151662 255 0 0
0.660741 -0.095223 0.151640 255 0 0
0.661283 -0.094169 0.151620 0 0 0
0.661708 -0.093418 0.151620 255 0 0
0.663318 -0.092258 0.151944 255 0 0
0.663650 -0.091506 0.152020 255 0 0
0.664030 -0.090310 0.152225 255 0 0
0.664525 -0.089268 0.152244 255 0 0
0.665059 -0.088239 0.152223 255 0 0
0.665610 -0.087223 0.152198 255 0 0
0.666144 -0.086199 0.152174 255 0 0
0.666669 -0.085172 0.152152 255 0 0
0.667188 -0.084143 0.152130 255 0 0
0.667699 -0.083107 0.152109 255 0 0
0.668216 -0.082071 0.152088 255 0 0
0.668732 -0.081039 0.152066 255 0 0
0.669264 -0.080014 0.152043 255 0 0
0.669801 -0.078957 0.152012 255 0 0
0.670191 -0.078159 0.151937 255 0 0
0.670358 -0.076448 0.151295 255 0 0
0.670629 -0.075930 0.151256 255 0 0
0.672143 -0.074693 0.151850 255 0 0
0.672452 -0.073901 0.151891 255 0 0
0.673074 -0.072854 0.151860 255 0 0
0.673380 -0.071986 0.151798 255 0 0
0.673467 -0.070278 0.151166 255 0 0
0.673874 -0.069477 0.151087 255 0 0
0.674412 -0.068421 0.151056 255 0 0
0.674938 -0.067388 0.151034 0 0 0
0.675460 -0.066348 0.151012 255 0 0
0.675997 -0.065362 0.150985 255 0 0
0.676662 -0.064392 0.150945 255 0 0
0.677222 -0.063355 0.150919 255 0 0
0.677745 -0.062329 0.150897 255 0 0
0.678256 -0.061268 0.150877 255 0 0
0.678662 -0.060167 0.150871 0 0 0
0.679141 -0.059145 0.150854 0 0 0
0.679671 -0.058110 0.150832 0 0 0
0.680212 -0.057058 0.150813 0 0 0
0.680670 -0.056283 0.150825 0 0 0
0.682063 -0.055450 0.151073 0 0 0
0.681931 -0.053798 0.150767 0 0 0
0.682290 -0.052982 0.150724 0 0 0
0.682825 -0.051925 0.150697 0 0 0
0.683357 -0.050864 0.150670 0 0 0
0.683707 -0.050055 0.150629 0 0 0
0.683689 -0.048264 0.150181 0 0 0
0.684273 -0.047482 0.149920 0 0 0
0.684848 -0.046444 0.149847 0 0 0
0.685379 -0.045408 0.149821 0 0 0
0.685910 -0.044378 0.149796 0 0 0
0.686454 -0.043319 0.149736 0 0 0
0.687089 -0.042289 0.149520 0 0 0
0.687552 -0.041396 0.149501 0 0 0
0.688014 -0.040283 0.149668 0 0 0
0.688546 -0.039208 0.149684 0 0 0
0.689066 -0.038172 0.149664 0 0 0
0.689583 -0.037135 0.149643 0 0 0
0.690117 -0.036108 0.149620 0 0 0
0.690648 -0.035076 0.149597 0 0 0
0.691176 -0.034042 0.149574 0 0 0
0.691703 -0.033009 0.149551 0 0 0
0.692231 -0.031976 0.149529 0 0 0
0.692760 -0.030939 0.149507 0 0 0
0.693231 -0.029917 0.149491 0 0 0
0.693687 -0.028794 0.149479 0 0 0
0.694355 -0.027812 0.149434 0 0 0
0.694853 -0.027159 0.149382 0 0 0
0.694825 -0.025050 0.148687 0 0 0
0.695326 -0.024390 0.148634 0 0 0
0.696023 -0.023404 0.148579 0 0 0
0.696438 -0.022615 0.148515 0 0 0
0.696509 -0.020617 0.147834 0 0 0
0.696873 -0.019893 0.147798 0 0 0
0.697544 -0.018895 0.147754 0 0 0
0.698115 -0.017848 0.147727 0 0 0
0.698632 -0.016789 0.147706 0 0 0
0.699064 -0.015706 0.147695 0 0 0
0.699645 -0.014719 0.147666 0 0 0
0.700110 -0.013618 0.147651 0 0 0
0.700708 -0.012649 0.147620 0 0 0
0.701175 -0.011519 0.147607 0 0 0
0.701634 -0.010495 0.147594 0 0 0
0.702155 -0.009447 0.147573 0 0 0
0.702683 -0.008407 0.147551 0 0 0
0.703214 -0.007371 0.147528 0 0 0
0.703755 -0.006341 0.147504 0 0 0
0.704289 -0.005301 0.147481 0 0 0
0.704808 -0.004255 0.147460 0 0 0
0.705331 -0.003216 0.147438 0 0 0
0.705858 -0.002173 0.147416 0 0 0
0.706399 -0.001171 0.147389 0 0 0
0.707067 -0.000213 0.147348 0 0 0
0.707646 0.000835 0.147320 0 0 0
0.708175 0.001869 0.147297 0 0 0
0.708705 0.002908 0.147275 0 0 0
0.709244 0.003978 0.147249 0 0 0
0.709618 0.004712 0.147219 0 0 0
0.709539 0.006921 0.146524 0 0 0
0.709915 0.007655 0.146494 0 0 0
0.710510 0.008741 0.146462 0 0 0
0.711105 0.009689 0.146432 0 0 0
0.711531 0.010786 0.146421 0 0 0
0.712098 0.011860 0.146394 0 0 0
0.712746 0.012824 0.146355 0 0 0
0.713284 0.013838 0.146330 0 0 0
0.713804 0.014890 0.146309 0 0 0
0.714328 0.015934 0.146287 0 0 0
0.714870 0.017000 0.146262 0 0 0
0.715236 0.017774 0.146234 0 0 0
0.715276 0.019772 0.145763 0 0 0
0.715781 0.020616 0.145526 0 0 0
0.716244 0.021469 0.145515 0 0 0
0.717733 0.022318 0.146068 0 0 0
0.718099 0.023193 0.146111 0 0 0
0.718580 0.024239 0.146103 0 0 0
0.719120 0.025282 0.146081 0 0 0
0.719653 0.026322 0.146058 0 0 0
0.720183 0.027362 0.146035 0 0 0
0.720714 0.028403 0.146013 0 0 0
0.721244 0.029443 0.145990 0 0 0
0.721775 0.030483 0.145968 0 0 0
0.722306 0.031525 0.145945 0 0 0
0.722852 0.032596 0.145917 0 0 0
0.723194 0.033365 0.145874 0 0 0
0.723558 0.035392 0.145157 0 0 0
0.723914 0.036198 0.145113 0 0 0
0.724291 0.036974 0.145081 0 0 0
0.724528 0.039143 0.144362 0 0 0
0.724997 0.039822 0.144302 0 0 0
0.725550 0.040868 0.144271 0 0 0
0.726073 0.041927 0.144250 0 0 0
0.726604 0.042974 0.144228 0 0 0
0.727137 0.044019 0.144205 0 0 0
0.727670 0.045067 0.144182 0 0 0
0.728211 0.046091 0.144157 0 0 0
0.728841 0.047072 0.144120 0 0 0
0.729338 0.048197 0.144102 0 0 0
0.729914 0.049142 0.144073 0 0 0
0.730506 0.050201 0.144043 0 0 0
0.731028 0.051252 0.144022 0 0 0
0.731471 0.052381 0.144012 0 0 0
0.731931 0.053419 0.143999 0 0 0
0.732466 0.054467 0.143977 0 0 0
0.732999 0.055512 0.143955 0 0 0
0.733535 0.056557 0.143932 0 0 0
0.734076 0.057600 0.143908 0 0 0
0.734615 0.058637 0.143884 0 0 0
0.735142 0.059682 0.143862 0 0 0
0.735665 0.060734 0.143841 0 0 0
0.736197 0.061781 0.143818 0 0 0
0.736730 0.062826 0.143796 0 0 0
0.737263 0.063871 0.143773 0 0 0
0.737796 0.064916 0.143750 0 0 0
0.738328 0.065962 0.143728 0 0 0
0.738851 0.067015 0.143706 0 0 0
0.739377 0.068062 0.143684 0 0 0
0.739906 0.069106 0.143662 0 0 0
0.740442 0.070155 0.143639 0 0 0
0.740988 0.071182 0.143613 0 0 0
0.741668 0.072156 0.143569 0 0 0
0.742127 0.072888 0.143535 0 0 0
0.742089 0.075301 0.142827 0 0 0
0.742480 0.076066 0.142802 0 0 0
0.742822 0.076811 0.142788 0 0 0
0.632822 -0.154064 0.153510 0 0 0
0.633335 -0.153514 0.153473 0 0 0
0.634069 -0.152565 0.153428 0 0 0
0.634586 -0.151468 0.153409 0 0 0
0.634970 -0.150386 0.153403 0 0 0
0.635515 -0.149446 0.153374 0 0 0
0.636189 -0.148455 0.153336 0 0 0
0.636733 -0.147429 0.153312 0 0 0
0.637252 -0.146408 0.153290 0 0 0
0.637750 -0.145327 0.153273 0 0 0
0.638119 -0.144240 0.153269 0 0 0
0.638613 -0.143224 0.153250 0 0 0
0.639141 -0.142195 0.153227 0 0 0
0.639664 -0.141169 0.153205 0 0 0
0.640184 -0.140143 0.153183 0 0 0
0.640694 -0.139114 0.153162 0 0 0
0.641218 -0.138087 0.153140 0 0 0
0.641754 -0.137063 0.153116 0 0 0
0.642287 -0.136019 0.153084 0 0 0
0.642678 -0.135121 0.152992 0 0 0
0.642632 -0.133613 0.152626 0 0 0
0.643028 -0.132827 0.152505 0 0 0
0.643637 -0.131821 0.152313 0 0 0
0.644207 -0.130760 0.152249 0 0 0
0.644728 -0.129736 0.152221 0 0 0
0.645248 -0.128705 0.152197 0 0 0
0.645768 -0.127677 0.152171 0 0 0
0.646294 -0.126648 0.152145 0 0 0
0.646860 -0.125581 0.152080 0 0 0
0.647483 -0.124643 0.151876 0 0 0
0.648089 -0.123683 0.151776 0 0 0
0.648515 -0.122821 0.151701 0 0 0
0.648405 -0.121191 0.151343 0 0 0
0.648772 -0.120312 0.151287 0 0 0
0.649198 -0.119538 0.151280 0 0 0
0.650721 -0.118442 0.151516 0 0 0
0.650444 -0.117403 0.151312 0 0 0
0.651832 -0.116205 0.151850 0 0 0
0.652237 -0.115459 0.151876 0 0 0
0.652762 -0.114357 0.151864 0 0 0
0.653120 -0.113281 0.151861 0 0 0
0.653471 -0.112205 0.151857 0 0 0
0.654047 -0.111093 0.151797 0 0 0
0.654793 -0.110149 0.151567 0 0 0
0.655307 -0.109241 0.151510 0 0 0
0.655827 -0.108188 0.151500 0 0 0
0.656359 -0.107161 0.151476 0 0 0
0.656886 -0.106131 0.151453 0 0 0
0.657420 -0.105090 0.151428 0 0 0
0.657876 -0.104116 0.151452 0 0 0
0.658341 -0.103009 0.151602 0 0 0
0.658946 -0.101930 0.151564 255 0 0
0.659492 -0.100994 0.151408 0 0 0
0.659929 -0.099946 0.151529 0 0 0
0.660470 -0.098879 0.151546 0 0 0
0.660990 -0.097849 0.151526 0 0 0
0.661514 -0.096820 0.151504 0 0 0
0.662040 -0.095791 0.151481 0 0 0
0.662569 -0.094758 0.151461 0 0 0
0.663076 -0.093721 0.151479 255 0 0
0.663457 -0.092528 0.151683 255 0 0
0.663789 -0.091775 0.151759 255 0 0
0.665398 -0.090624 0.152085 255 0 0
0.665825 -0.089876 0.152086 255 0 0
0.666322 -0.088836 0.152071 0 0 0
0.666718 -0.087742 0.152064 0 0 0
0.667224 -0.086678 0.152046 0 0 0
0.667744 -0.085658 0.152023 0 0 0
0.668298 -0.084627 0.151998 0 0 0
0.668953 -0.083651 0.151960 255 0 0
0.669501 -0.082676 0.151932 255 0 0
0.670024 -0.081644 0.151910 255 0 0
0.670548 -0.080616 0.151887 255 0 0
0.671081 -0.079561 0.151859 255 0 0
0.671447 -0.078803 0.151811 255 0 0
0.671433 -0.076964 0.151172 255 0 0
0.671716 -0.076406 0.151152 255 0 0
0.673264 -0.075211 0.151744 255 0 0
0.673661 -0.074482 0.151751 255 0 0
0.674211 -0.073403 0.151724 255 0 0
0.674614 -0.072619 0.151650 255 0 0
0.674770 -0.070902 0.151001 255 0 0
0.675161 -0.070114 0.150928 255 0 0
0.675684 -0.069054 0.150899 255 0 0
0.676210 -0.068020 0.150876 0 0 0
0.676742 -0.066996 0.150853 255 0 0
0.677254 -0.065961 0.150832 255 0 0
0.677762 -0.064923 0.150812 255 0 0
0.678281 -0.063893 0.150790 255 0 0
0.678805 -0.062865 0.150768 0 0 0
0.679333 -0.061841 0.150745 0 0 0
0.679871 -0.060819 0.150721 0 0 0
0.680401 -0.059791 0.150698 0 0 0
0.680926 -0.058762 0.150676 0 0 0
0.681446 -0.057732 0.150656 0 0 0
0.681978 -0.056649 0.150676 0 0 0
0.682416 -0.055631 0.150794 0 0 0
0.682986 -0.054680 0.150632 0 0 0
0.683546 -0.053615 0.150566 0 0 0
0.684078 -0.052593 0.150539 0 0 0
0.684636 -0.051524 0.150473 0 0 0
0.685235 -0.050581 0.150302 0 0 0
0.685653 -0.049878 0.150337 0 0 0
0.685719 -0.047900 0.149732 0 0 0
0.686086 -0.047149 0.149691 0 0 0
0.686622 -0.046087 0.149664 0 0 0
0.687158 -0.045029 0.149637 0 0 0
0.687517 -0.044239 0.149599 0 0 0
0.687495 -0.042309 0.149195 0 0 0
0.687809 -0.041714 0.149187 0 0 0
0.689304 -0.040690 0.149509 0 0 0
0.689756 -0.039920 0.149519 0 0 0
0.690295 -0.038869 0.149501 0 0 0
0.690823 -0.037837 0.149480 0 0 0
0.691353 -0.036807 0.149461 0 0 0
0.691880 -0.035777 0.149439 0 0 0
0.692406 -0.034747 0.149417 0 0 0
0.692932 -0.033716 0.149394 0 0 0
0.693459 -0.032684 0.149372 0 0 0
0.693999 -0.031633 0.149354 0 0 0
0.694478 -0.030846 0.149372 0 0 0
0.695803 -0.030104 0.149616 0 0 0
0.695711 -0.028340 0.149301 0 0 0
0.696093 -0.027558 0.149252 0 0 0
0.696600 -0.026825 0.149169 0 0 0
0.696703 -0.024826 0.148489 0 0 0
0.697075 -0.024046 0.148450 0 0 0
0.697449 -0.023271 0.148411 0 0 0
0.697576 -0.021282 0.147721 0 0 0
0.698071 -0.020561 0.147647 0 0 0
0.698632 -0.019538 0.147613 0 0 0
0.699156 -0.018500 0.147591 0 0 0
0.699680 -0.017466 0.147569 0 0 0
0.700210 -0.016429 0.147546 0 0 0
0.700739 -0.015393 0.147524 0 0 0
0.701266 -0.014353 0.147502 0 0 0
0.701727 -0.013321 0.147488 0 0 0
0.702151 -0.012215 0.147479 0 0 0
0.702719 -0.011150 0.147453 0 0 0
0.703379 -0.010192 0.147413 0 0 0
0.703912 -0.009188 0.147388 0 0 0
0.704437 -0.008144 0.147366 0 0 0
0.704967 -0.007108 0.147343 0 0 0
0.705502 -0.006073 0.147320 0 0 0
0.706042 -0.005046 0.147296 0 0 0
0.706573 -0.004013 0.147273 0 0 0
0.707099 -0.002978 0.147250 0 0 0
0.707618 -0.001938 0.147229 0 0 0
0.708123 -0.000887 0.147209 0 0 0
0.708642 0.000153 0.147188 0 0 0
0.709168 0.001188 0.147166 0 0 0
0.709697 0.002224 0.147143 0 0 0
0.710224 0.003265 0.147121 0 0 0
0.710764 0.004266 0.147095 0 0 0
0.711431 0.005221 0.147054 0 0 0
0.712020 0.006298 0.147023 0 0 0
0.712395 0.007032 0.146990 0 0 0
0.712286 0.008998 0.146383 0 0 0
0.713648 0.009617 0.146890 0 0 0
0.713953 0.010140 0.146892 0 0 0
0.714110 0.012242 0.146199 0 0 0
0.714468 0.012986 0.146170 0 0 0
0.714998 0.014062 0.146146 0 0 0
0.715526 0.015104 0.146124 0 0 0
0.716055 0.016146 0.146101 0 0 0
0.716596 0.017158 0.146076 0 0 0
0.717241 0.018120 0.146037 0 0 0
0.717819 0.019166 0.146009 0 0 0
0.718336 0.020216 0.145988 0 0 0
0.718757 0.021345 0.145980 0 0 0
0.719220 0.022367 0.145966 0 0 0
0.719759 0.023407 0.145943 0 0 0
0.720290 0.024445 0.145920 0 0 0
0.720820 0.025483 0.145898 0 0 0
0.721349 0.026521 0.145875 0 0 0
0.721878 0.027559 0.145853 0 0 0
0.722408 0.028597 0.145830 0 0 0
0.722937 0.029635 0.145807 0 0 0
0.723467 0.030674 0.145785 0 0 0
0.724011 0.031744 0.145760 0 0 0
0.724378 0.032477 0.145732 0 0 0
0.724588 0.034645 0.145016 0 0 0
0.725046 0.035331 0.144957 0 0 0
0.725630 0.036381 0.144919 0 0 0
0.726101 0.037045 0.144880 0 0 0
0.726123 0.039341 0.144165 0 0 0
0.726563 0.040080 0.144130 0 0 0
0.727239 0.041064 0.144086 0 0 0
0.727769 0.042084 0.144062 0 0 0
0.728290 0.043139 0.144041 0 0 0
0.728820 0.044184 0.144019 0 0 0
0.729350 0.045229 0.143996 0 0 0
0.729874 0.046277 0.143975 0 0 0
0.730407 0.047315 0.143952 0 0 0
0.730933 0.048364 0.143930 0 0 0
0.731460 0.049408 0.143908 0 0 0
0.731990 0.050448 0.143885 0 0 0
0.732532 0.051483 0.143861 0 0 0
0.733074 0.052524 0.143837 0 0 0
0.733616 0.053565 0.143813 0 0 0
0.734158 0.054599 0.143789 0 0 0
0.734692 0.055643 0.143768 0 0 0
0.735137 0.056680 0.143757 0 0 0
0.735568 0.057814 0.143747 0 0 0
0.736151 0.058880 0.143718 0 0 0
0.736791 0.059837 0.143680 0 0 0
0.737328 0.060861 0.143656 0 0 0
0.737859 0.061907 0.143633 0 0 0
0.738391 0.062949 0.143610 0 0 0
0.738923 0.063992 0.143588 0 0 0
0.739455 0.065034 0.143565 0 0 0
0.739986 0.066077 0.143542 0 0 0
0.740518 0.067119 0.143520 0 0 0
0.741055 0.068163 0.143496 0 0 0
0.741607 0.069205 0.143471 0 0 0
0.742039 0.070231 0.143459 0 0 0
0.742463 0.071395 0.143453 0 0 0
0.743007 0.072461 0.143429 0 0 0
0.743431 0.073040 0.143401 0 0 0
0.634884 -0.153554 0.153315 0 0 0
0.635260 -0.152939 0.153295 0 0 0
0.635770 -0.151892 0.153276 0 0 0
0.636147 -0.150807 0.153270 0 0 0
0.636639 -0.149718 0.153254 0 0 0
0.637143 -0.148691 0.153233 0 0 0
0.637662 -0.147668 0.153211 0 0 0
0.638185 -0.146648 0.153189 0 0 0
0.638713 -0.145629 0.153166 0 0 0
0.639250 -0.144610 0.153142 0 0 0
0.639776 -0.143585 0.153120 0 0 0
0.640298 -0.142561 0.153097 0 0 0
0.640820 -0.141539 0.153075 0 0 0
0.641365 -0.140515 0.153050 0 0 0
0.642031 -0.139528 0.153014 0 0 0
0.642582 -0.138571 0.152984 0 0 0
0.643100 -0.137537 0.152961 0 0 0
0.643631 -0.136490 0.152928 0 0 0
0.644050 -0.135663 0.152829 0 0 0
0.644087 -0.134162 0.152244 0 0 0
0.644495 -0.133334 0.152145 0 0 0
0.645017 -0.132281 0.152110 0 0 0
0.645537 -0.131251 0.152087 0 0 0
0.646062 -0.130229 0.152062 0 0 0
0.646633 -0.129172 0.151996 0 0 0
0.647232 -0.128182 0.151790 0 0 0
0.647740 -0.127191 0.151722 0 0 0
0.648080 -0.126359 0.151699 0 0 0
0.647905 -0.124693 0.151561 0 0 0
0.648402 -0.123814 0.151470 0 0 0
0.648917 -0.122880 0.151393 0 0 0
0.649517 -0.121879 0.151189 0 0 0
0.650089 -0.120814 0.151126 0 0 0
0.650611 -0.119775 0.151142 0 0 0
0.650951 -0.118632 0.151297 0 0 0
0.651302 -0.117941 0.151207 0 0 0
0.652967 -0.116592 0.151752 0 0 0
0.653348 -0.115874 0.151752 0 0 0
0.653916 -0.114790 0.151730 0 0 0
0.654254 -0.114120 0.151716 0 0 0
0.655243 -0.110129 0.151216 0 0 0
0.655724 -0.109441 0.151139 0 0 0
0.656285 -0.108431 0.151105 0 0 0
0.656811 -0.107396 0.151083 0 0 0
0.657336 -0.106366 0.151060 0 0 0
0.657876 -0.105318 0.151038 0 0 0
0.658270 -0.104535 0.151059 0 0 0
0.659757 -0.103283 0.151429 0 0 0
0.660023 -0.102689 0.151415 0 0 0
0.659832 -0.101206 0.151133 255 0 0
0.661325 -0.100211 0.151389 0 0 0
0.661748 -0.099461 0.151392 0 0 0
0.662287 -0.098411 0.151372 0 0 0
0.662816 -0.097383 0.151349 0 0 0
0.663359 -0.096358 0.151325 0 0 0
0.663854 -0.095322 0.151311 0 0 0
0.664110 -0.094527 0.151331 0 0 0
0.665865 -0.093334 0.151951 255 0 0
0.666224 -0.092567 0.151958 255 0 0
0.666641 -0.091451 0.151954 255 0 0
0.667145 -0.090408 0.151939 255 0 0
0.667543 -0.089687 0.151944 255 0 0
0.669106 -0.088475 0.152552 0 0 0
0.669509 -0.087723 0.152582 0 0 0
0.670051 -0.086653 0.152557 0 0 0
0.670440 -0.085846 0.152479 255 0 0
0.670406 -0.084052 0.151836 255 0 0
0.670770 -0.083296 0.151787 255 0 0
0.671301 -0.082242 0.151758 255 0 0
0.671824 -0.081217 0.151736 255 0 0
0.672346 -0.080188 0.151714 255 0 0
0.672892 -0.079213 0.151686 255 0 0
0.673542 -0.078244 0.151649 255 0 0
0.674079 -0.077180 0.151626 255 0 0
0.674476 -0.076091 0.151619 255 0 0
0.674954 -0.075075 0.151602 255 0 0
0.675490 -0.074019 0.151575 255 0 0
0.675853 -0.073268 0.151529 255 0 0
0.675837 -0.071432 0.150876 255 0 0
0.676259 -0.070626 0.150798 0 0 0
0.676949 -0.069635 0.150750 0 0 0
0.677444 -0.068678 0.150729 0 0 0
0.677861 -0.067557 0.150719 255 0 0
0.678517 -0.066557 0.150683 255 0 0
0.679057 -0.065586 0.150655 255 0 0
0.679572 -0.064548 0.150634 0 0 0
0.680106 -0.063524 0.150610 0 0 0
0.680632 -0.062501 0.150588 0 0 0
0.681150 -0.061475 0.150566 0 0 0
0.681660 -0.060442 0.150545 0 0 0
0.682180 -0.059412 0.150523 0 0 0
0.682703 -0.058385 0.150501 0 0 0
0.683228 -0.057359 0.150480 0 0 0
0.683753 -0.056332 0.150460 0 0 0
0.684275 -0.055306 0.150435 0 0 0
0.684798 -0.054278 0.150412 0 0 0
0.685330 -0.053227 0.150385 0 0 0
0.685687 -0.052421 0.150343 0 0 0
0.685580 -0.050724 0.150043 0 0 0
0.686768 -0.050149 0.150195 0 0 0
0.686951 -0.048622 0.149609 0 0 0
0.687327 -0.047825 0.149540 0 0 0
0.687862 -0.046766 0.149510 0 0 0
0.688391 -0.045735 0.149485 0 0 0
0.688951 -0.044721 0.149419 0 0 0
0.689660 -0.043733 0.149171 0 0 0
0.690175 -0.042770 0.149103 0 0 0
0.690624 -0.041673 0.149124 0 0 0
0.691106 -0.040647 0.149109 0 0 0
0.691644 -0.039610 0.149081 0 0 0
0.692124 -0.038642 0.149103 0 0 0
0.692585 -0.037551 0.149267 0 0 0
0.693114 -0.036479 0.149283 0 0 0
0.693633 -0.035450 0.149264 0 0 0
0.694158 -0.034421 0.149241 0 0 0
0.694683 -0.033393 0.149219 0 0 0
0.695203 -0.032364 0.149199 0 0 0
0.695730 -0.031272 0.149221 0 0 0
0.696167 -0.030271 0.149338 0 0 0
0.696754 -0.029311 0.149169 0 0 0
0.697318 -0.028194 0.149060 0 0 0
0.697801 -0.027418 0.148855 0 0 0
0.697922 -0.025619 0.148357 0 0 0
0.698292 -0.024801 0.148300 0 0 0
0.698864 -0.023761 0.148259 0 0 0
0.699356 -0.023046 0.148184 0 0 0
0.699390 -0.021041 0.147507 0 0 0
0.699667 -0.020233 0.147483 0 0 0
0.700186 -0.019147 0.147459 0 0 0
0.700759 -0.018102 0.147432 0 0 0
0.701350 -0.017152 0.147401 0 0 0
0.701827 -0.016062 0.147385 0 0 0
0.702497 -0.015057 0.147352 0 0 0
0.702917 -0.014328 0.147373 0 0 0
0.704365 -0.013287 0.147875 0 0 0
0.704727 -0.012739 0.147759 0 0 0
0.704611 -0.010642 0.147285 0 0 0
0.705085 -0.009938 0.147239 0 0 0
0.705637 -0.008912 0.147210 0 0 0
0.706167 -0.007870 0.147188 0 0 0
0.706631 -0.006844 0.147173 0 0 0
0.707051 -0.005730 0.147165 0 0 0
0.707564 -0.004676 0.147144 0 0 0
0.708090 -0.003648 0.147122 0 0 0
0.708665 -0.002606 0.147094 0 0 0
0.709313 -0.001645 0.147056 0 0 0
0.709853 -0.000645 0.147030 0 0 0
0.710381 0.000393 0.147007 0 0 0
0.710908 0.001426 0.146985 0 0 0
0.711435 0.002460 0.146963 0 0 0
0.711960 0.003496 0.146940 0 0 0
0.712475 0.004537 0.146919 0 0 0
0.712995 0.005577 0.146898 0 0 0
0.713528 0.006575 0.146872 0 0 0
0.714183 0.007544 0.146834 0 0 0
0.714656 0.008714 0.146817 0 0 0
0.714948 0.009437 0.146796 0 0 0
0.715086 0.011524 0.146096 0 0 0
0.715499 0.012291 0.146037 0 0 0
0.716176 0.013271 0.145991 0 0 0
0.716704 0.014281 0.145966 0 0 0
0.717230 0.015326 0.145944 0 0 0
0.717756 0.016364 0.145922 0 0 0
0.718273 0.017407 0.145901 0 0 0
0.718795 0.018445 0.145879 0 0 0
0.719322 0.019477 0.145857 0 0 0
0.719862 0.020504 0.145833 0 0 0
0.720397 0.021539 0.145809 0 0 0
0.720927 0.022575 0.145787 0 0 0
0.721456 0.023610 0.145764 0 0 0
0.721984 0.024646 0.145742 0 0 0
0.722512 0.025681 0.145719 0 0 0
0.723040 0.026717 0.145696 0 0 0
0.723568 0.027752 0.145674 0 0 0
0.724096 0.028788 0.145651 0 0 0
0.724625 0.029824 0.145629 0 0 0
0.725154 0.030865 0.145606 0 0 0
0.725711 0.031902 0.145575 0 0 0
0.726162 0.032579 0.145516 0 0 0
0.726389 0.034736 0.144796 0 0 0
0.726746 0.035484 0.144770 0 0 0
0.727285 0.036539 0.144743 0 0 0
0.727950 0.037523 0.144702 0 0 0
0.728379 0.038254 0.144668 0 0 0
0.728342 0.040557 0.143958 0 0 0
0.728776 0.041292 0.143924 0 0 0
0.729451 0.042273 0.143881 0 0 0
0.729979 0.043290 0.143857 0 0 0
0.730499 0.044343 0.143836 0 0 0
0.731028 0.045386 0.143814 0 0 0
0.731561 0.046426 0.143791 0 0 0
0.732100 0.047465 0.143767 0 0 0
0.732641 0.048497 0.143743 0 0 0
0.733173 0.049535 0.143721 0 0 0
0.733704 0.050575 0.143698 0 0 0
0.734235 0.051618 0.143677 0 0 0
0.734678 0.052653 0.143666 0 0 0
0.735107 0.053791 0.143656 0 0 0
0.735646 0.054860 0.143643 0 0 0
0.736143 0.055665 0.143687 0 0 0
0.737556 0.056420 0.144213 0 0 0
0.737861 0.056935 0.144231 0 0 0
0.738089 0.059173 0.143522 0 0 0
0.738444 0.059913 0.143499 0 0 0
0.738985 0.060987 0.143474 0 0 0
0.739517 0.062029 0.143452 0 0 0
0.740047 0.063069 0.143429 0 0 0
0.740581 0.064110 0.143406 0 0 0
0.741121 0.065148 0.143382 0 0 0
0.741663 0.066180 0.143358 0 0 0
0.742207 0.067222 0.143334 0 0 0
0.742643 0.068291 0.143323 0 0 0
0.742888 0.069085 0.143323 0 0 0
0.636071 -0.153903 0.153185 0 0 0
0.636431 -0.153251 0.153171 0 0 0
0.636803 -0.152505 0.153167 0 0 0
0.638714 -0.151190 0.153799 0 0 0
0.639066 -0.150488 0.153796 0 0 0
0.639606 -0.149441 0.153775 0 0 0
0.640127 -0.148420 0.153753 0 0 0
0.640647 -0.147401 0.153731 0 0 0
0.641167 -0.146382 0.153708 0 0 0
0.641687 -0.145362 0.153686 0 0 0
0.642207 -0.144343 0.153664 0 0 0
0.642727 -0.143323 0.153642 0 0 0
0.643250 -0.142277 0.153612 0 0 0
0.643605 -0.141468 0.153547 0 0 0
0.643397 -0.139776 0.152927 0 0 0
0.643872 -0.138994 0.152850 0 0 0
0.644436 -0.138012 0.152813 0 0 0
0.644965 -0.136955 0.152781 0 0 0
0.645334 -0.136173 0.152714 0 0 0
0.645260 -0.134571 0.152109 0 0 0
0.645795 -0.133749 0.151997 0 0 0
0.646352 -0.132773 0.151958 0 0 0
0.646870 -0.131737 0.151935 0 0 0
0.647397 -0.130688 0.151906 0 0 0
0.647744 -0.129836 0.151846 0 0 0
0.647624 -0.128235 0.151489 0 0 0
0.648065 -0.127352 0.151407 0 0 0
0.648532 -0.126631 0.151362 0 0 0
0.650093 -0.125630 0.151633 0 0 0
0.649850 -0.124149 0.151116 0 0 0
0.650346 -0.123362 0.151031 0 0 0
0.650919 -0.122374 0.150990 0 0 0
0.651415 -0.121325 0.150973 0 0 0
0.651654 -0.120543 0.150989 0 0 0
0.653458 -0.119271 0.151619 0 0 0
0.653807 -0.118505 0.151623 0 0 0
0.654225 -0.117402 0.151618 0 0 0
0.654705 -0.116382 0.151600 0 0 0
0.655244 -0.115313 0.151578 0 0 0
0.655611 -0.114679 0.151560 0 0 0
0.657164 -0.112049 0.151461 0 0 0
0.657368 -0.111547 0.151389 0 0 0
0.657329 -0.109829 0.150771 0 0 0
0.657694 -0.109053 0.150712 0 0 0
0.658224 -0.107999 0.150683 0 0 0
0.658748 -0.106968 0.150661 0 0 0
0.659282 -0.105914 0.150645 0 0 0
0.659679 -0.105167 0.150668 0 0 0
0.661083 -0.103833 0.151276 0 0 0
0.661504 -0.103143 0.151296 0 0 0
0.662152 -0.102099 0.151271 0 0 0
0.662574 -0.101009 0.151262 0 0 0
0.663057 -0.099996 0.151244 255 0 0
0.663586 -0.098966 0.151222 0 0 0
0.664067 -0.097949 0.151205 0 0 0
0.664479 -0.096836 0.151200 0 0 0
0.664838 -0.096066 0.151208 0 0 0
0.666596 -0.094872 0.151823 0 0 0
0.666848 -0.094083 0.151848 0 0 0
0.667340 -0.093052 0.151835 0 0 0
0.667886 -0.092027 0.151812 0 0 0
0.668377 -0.090988 0.151801 0 0 0
0.668666 -0.090172 0.151845 255 0 0
0.670193 -0.088921 0.152461 255 0 0
0.670571 -0.088199 0.152467 255 0 0
0.671119 -0.087130 0.152439 255 0 0
0.671516 -0.086347 0.152361 255 0 0
0.671645 -0.084673 0.151721 255 0 0
0.672043 -0.083884 0.151643 255 0 0
0.672576 -0.082838 0.151611 255 0 0
0.673097 -0.081815 0.151589 255 0 0
0.673618 -0.080792 0.151567 255 0 0
0.674135 -0.079766 0.151545 255 0 0
0.674643 -0.078740 0.151524 255 0 0
0.675163 -0.077722 0.151502 0 0 0
0.675697 -0.076707 0.151478 0 0 0
0.676223 -0.075685 0.151455 255 0 0
0.676745 -0.074658 0.151433 255 0 0
0.677290 -0.073684 0.151406 255 0 0
0.677949 -0.072688 0.151363 255 0 0
0.678344 -0.071928 0.151316 0 0 0
0.678187 -0.069950 0.150652 0 0 0
0.678439 -0.069457 0.150642 255 0 0
0.679999 -0.068594 0.151186 255 0 0
0.679737 -0.066909 0.150586 255 0 0
0.680140 -0.066128 0.150534 255 0 0
0.680767 -0.065152 0.150497 0 0 0
0.681171 -0.064097 0.150485 0 0 0
0.681676 -0.063035 0.150466 0 0 0
0.682232 -0.062007 0.150440 0 0 0
0.682886 -0.061041 0.150402 0 0 0
0.683429 -0.060064 0.150375 0 0 0
0.683951 -0.059034 0.150353 0 0 0
0.684474 -0.058010 0.150331 0 0 0
0.684996 -0.056986 0.150308 0 0 0
0.685518 -0.055962 0.150286 0 0 0
0.686041 -0.054938 0.150264 0 0 0
0.686563 -0.053910 0.150241 0 0 0
0.687105 -0.052930 0.150215 0 0 0
0.687746 -0.051904 0.150176 0 0 0
0.688045 -0.051095 0.150142 0 0 0
0.688039 -0.049185 0.149480 0 0 0
0.688563 -0.048458 0.149394 0 0 0
0.689117 -0.047459 0.149359 0 0 0
0.689636 -0.046392 0.149334 0 0 0
0.689987 -0.045600 0.149297 0 0 0
0.689957 -0.043696 0.148902 0 0 0
0.690396 -0.042888 0.148833 0 0 0
0.690985 -0.041901 0.148774 0 0 0
0.691423 -0.040838 0.148781 0 0 0
0.691954 -0.039765 0.148765 0 0 0
0.692379 -0.038952 0.148795 0 0 0
0.693866 -0.037965 0.149121 0 0 0
0.694319 -0.037199 0.149133 0 0 0
0.694857 -0.036152 0.149115 0 0 0
0.695381 -0.035125 0.149092 0 0 0
0.695905 -0.034099 0.149070 0 0 0
0.696428 -0.033073 0.149048 0 0 0
0.696954 -0.032047 0.149026 0 0 0
0.697482 -0.031023 0.149004 0 0 0
0.698021 -0.029952 0.148936 0 0 0
0.698501 -0.029140 0.148728 0 0 0
0.698490 -0.027394 0.148418 0 0 0
0.698973 -0.026580 0.148211 0 0 0
0.699516 -0.025506 0.148146 0 0 0
0.700054 -0.024449 0.148112 0 0 0
0.700419 -0.023666 0.148048 0 0 0
0.700660 -0.022046 0.147449 0 0 0
0.701903 -0.021342 0.147672 0 0 0
0.702360 -0.020480 0.147709 0 0 0
0.702790 -0.019660 0.147647 0 0 0
0.702750 -0.017953 0.147343 0 0 0
0.703788 -0.017457 0.147787 0 0 0
0.703716 -0.015490 0.147239 0 0 0
0.704114 -0.014997 0.147266 0 0 0
0.705198 -0.014209 0.147747 0 0 0
0.705066 -0.012714 0.147541 0 0 0
0.706343 -0.012235 0.147698 0 0 0
0.706469 -0.010457 0.147097 0 0 0
0.706833 -0.009703 0.147061 0 0 0
0.707387 -0.008626 0.147039 0 0 0
0.707861 -0.007834 0.147060 0 0 0
0.709261 -0.006935 0.147372 0 0 0
0.709706 -0.006105 0.147408 0 0 0
0.710252 -0.005040 0.147388 0 0 0
0.710657 -0.004265 0.147334 0 0 0
0.710670 -0.002212 0.146912 0 0 0
0.711030 -0.001447 0.146882 0 0 0
0.711567 -0.000390 0.146856 0 0 0
0.712093 0.000642 0.146834 0 0 0
0.712619 0.001673 0.146811 0 0 0
0.713145 0.002704 0.146789 0 0 0
0.713671 0.003735 0.146766 0 0 0
0.714197 0.004766 0.146744 0 0 0
0.714721 0.005799 0.146722 0 0 0
0.715237 0.006835 0.146700 0 0 0
0.715768 0.007864 0.146677 0 0 0
0.716310 0.008866 0.146652 0 0 0
0.716970 0.009853 0.146610 0 0 0
0.717392 0.010583 0.146572 0 0 0
0.717373 0.012811 0.145863 0 0 0
0.717846 0.013473 0.145821 0 0 0
0.718401 0.014505 0.145792 0 0 0
0.718929 0.015544 0.145769 0 0 0
0.719456 0.016577 0.145747 0 0 0
0.719983 0.017610 0.145724 0 0 0
0.720510 0.018644 0.145702 0 0 0
0.721037 0.019677 0.145679 0 0 0
0.721564 0.020710 0.145657 0 0 0
0.722091 0.021743 0.145634 0 0 0
0.722618 0.022777 0.145612 0 0 0
0.723145 0.023810 0.145589 0 0 0
0.723672 0.024843 0.145567 0 0 0
0.724199 0.025876 0.145544 0 0 0
0.724726 0.026909 0.145522 0 0 0
0.725253 0.027943 0.145499 0 0 0
0.725780 0.028976 0.145477 0 0 0
0.726308 0.030011 0.145454 0 0 0
0.726847 0.031079 0.145429 0 0 0
0.727202 0.031813 0.145403 0 0 0
0.727435 0.033971 0.144680 0 0 0
0.727905 0.034638 0.144620 0 0 0
0.728456 0.035671 0.144588 0 0 0
0.728966 0.036729 0.144568 0 0 0
0.729484 0.037750 0.144545 0 0 0
0.730153 0.038727 0.144503 0 0 0
0.730584 0.039456 0.144470 0 0 0
0.730547 0.041766 0.143757 0 0 0
0.730980 0.042497 0.143723 0 0 0
0.731659 0.043474 0.143680 0 0 0
0.732193 0.044487 0.143656 0 0 0
0.732723 0.045533 0.143635 0 0 0
0.733165 0.046565 0.143623 0 0 0
0.733590 0.047702 0.143614 0 0 0
0.734108 0.048753 0.143593 0 0 0
0.734636 0.049790 0.143570 0 0 0
0.735186 0.050844 0.143555 0 0 0
0.735679 0.051645 0.143599 0 0 0
0.737109 0.052370 0.144132 0 0 0
0.737596 0.053167 0.144173 0 0 0
0.738125 0.054233 0.144160 0 0 0
0.738553 0.055411 0.144150 0 0 0
0.738833 0.056135 0.144136 0 0 0
0.739123 0.058355 0.143404 0 0 0
0.739574 0.059013 0.143348 0 0 0
0.740121 0.060056 0.143318 0 0 0
0.740641 0.061108 0.143297 0 0 0
0.741174 0.062150 0.143274 0 0 0
0.741724 0.063187 0.143249 0 0 0
0.742153 0.064206 0.143237 0 0 0
0.742582 0.065353 0.143229 0 0 0
0.743124 0.066437 0.143206 0 0 0
0.743452 0.067127 0.143194 0 0 0
0.638547 -0.154588 0.153734 0 0 0
0.638864 -0.154012 0.153719 0 0 0
0.639368 -0.152886 0.153702 0 0 0
0.639729 -0.151801 0.153698 0 0 0
0.640217 -0.150795 0.153679 0 0 0
0.640741 -0.149776 0.153657 0 0 0
0.641259 -0.148759 0.153635 0 0 0
0.641778 -0.147742 0.153612 0 0 0
0.642297 -0.146725 0.153590 0 0 0
0.642816 -0.145708 0.153568 0 0 0
0.643334 -0.144690 0.153546 0 0 0
0.643853 -0.143673 0.153524 0 0 0
0.644373 -0.142651 0.153500 0 0 0
0.644944 -0.141689 0.153460 0 0 0
0.645483 -0.140868 0.153344 0 0 0
0.645412 -0.139292 0.152743 0 0 0
0.645771 -0.138511 0.152674 0 0 0
0.646294 -0.137452 0.152643 0 0 0
0.646855 -0.136469 0.152606 0 0 0
0.647333 -0.135697 0.152531 0 0 0
0.647158 -0.133983 0.151900 0 0 0
0.647653 -0.133212 0.151824 0 0 0
0.648223 -0.132238 0.151786 0 0 0
0.648747 -0.131207 0.151762 0 0 0
0.649299 -0.130245 0.151733 0 0 0
0.649939 -0.129230 0.151692 0 0 0
0.650309 -0.128403 0.151623 0 0 0
0.650010 -0.126929 0.151111 0 0 0
0.651504 -0.125862 0.151608 0 0 0
0.651845 -0.125382 0.151568 0 0 0
0.651651 -0.123598 0.150932 0 0 0
0.652034 -0.122769 0.150874 0 0 0
0.652401 -0.122020 0.150869 0 0 0
0.654239 -0.120763 0.151500 0 0 0
0.654480 -0.119979 0.151513 0 0 0
0.654939 -0.118963 0.151502 0 0 0
0.655352 -0.117868 0.151493 0 0 0
0.656007 -0.116843 0.151459 0 0 0
0.656558 -0.115881 0.151430 0 0 0
0.657102 -0.114924 0.151403 0 0 0
0.657734 -0.113892 0.151367 0 0 0
0.658171 -0.112725 0.151303 0 0 0
0.658567 -0.112022 0.151110 0 0 0
0.658452 -0.110371 0.150670 0 0 0
0.658974 -0.109523 0.150566 0 0 0
0.659524 -0.108542 0.150530 0 0 0
0.660042 -0.107506 0.150507 0 0 0
0.660574 -0.106456 0.150491 0 0 0
0.661014 -0.105692 0.150512 0 0 0
0.662414 -0.104517 0.150936 0 0 0
0.662757 -0.103656 0.151120 0 0 0
0.663302 -0.102590 0.151141 0 0 0
0.663828 -0.101570 0.151121 0 0 0
0.664353 -0.100547 0.151098 0 0 0
0.664890 -0.099502 0.151079 255 0 0
0.665309 -0.098764 0.151079 255 0 0
0.666907 -0.097606 0.151411 0 0 0
0.667301 -0.096780 0.151437 0 0 0
0.667673 -0.095765 0.151500 0 0 0
0.668106 -0.094674 0.151672 0 0 0
0.668654 -0.093625 0.151687 0 0 0
0.669187 -0.092578 0.151671 0 0 0
0.669563 -0.091856 0.151677 0 0 0
0.671115 -0.090611 0.152286 0 0 0
0.671399 -0.089804 0.152334 255 0 0
0.671883 -0.088769 0.152325 255 0 0
0.672415 -0.087724 0.152289 255 0 0
0.672808 -0.086944 0.152211 255 0 0
0.672920 -0.085258 0.151577 255 0 0
0.673316 -0.084474 0.151499 255 0 0
0.673847 -0.083432 0.151468 255 0 0
0.674368 -0.082412 0.151446 255 0 0
0.674888 -0.081392 0.151423 0 0 0
0.675408 -0.080373 0.151401 0 0 0
0.675927 -0.079354 0.151379 0 0 0
0.676447 -0.078334 0.151357 0 0 0
0.676967 -0.077315 0.151335 0 0 0
0.677487 -0.076296 0.151313 255 0 0
0.678007 -0.075275 0.151290 255 0 0
0.678523 -0.074251 0.151269 0 0 0
0.679029 -0.073219 0.151248 0 0 0
0.679569 -0.072256 0.151220 0 0 0
0.680237 -0.071301 0.151182 255 0 0
0.680776 -0.070233 0.151159 255 0 0
0.681178 -0.069187 0.151147 255 0 0
0.681801 -0.068215 0.151110 255 0 0
0.682200 -0.067441 0.151058 0 0 0
0.681943 -0.065748 0.150457 0 0 0
0.683492 -0.064918 0.150996 0 0 0
0.683903 -0.064156 0.151003 0 0 0
0.684302 -0.063355 0.150940 0 0 0
0.684305 -0.061477 0.150279 0 0 0
0.684666 -0.060735 0.150236 0 0 0
0.685197 -0.059684 0.150209 0 0 0
0.685718 -0.058661 0.150187 0 0 0
0.686240 -0.057639 0.150164 0 0 0
0.686761 -0.056618 0.150142 0 0 0
0.687282 -0.055596 0.150120 0 0 0
0.687802 -0.054573 0.150098 0 0 0
0.688321 -0.053549 0.150076 0 0 0
0.688833 -0.052517 0.150054 0 0 0
0.689393 -0.051519 0.150022 0 0 0
0.689877 -0.050831 0.149970 0 0 0
0.689767 -0.048797 0.149283 0 0 0
0.690176 -0.048044 0.149239 0 0 0
0.690852 -0.047056 0.149196 0 0 0
0.691404 -0.046115 0.149165 0 0 0
0.692058 -0.045113 0.149124 0 0 0
0.692461 -0.044353 0.149079 0 0 0
0.692247 -0.042571 0.148479 0 0 0
0.693735 -0.041820 0.149012 0 0 0
0.694154 -0.041068 0.149031 0 0 0
0.694681 -0.039996 0.149015 0 0 0
0.695088 -0.038895 0.149007 0 0 0
0.695554 -0.037879 0.148992 0 0 0
0.696079 -0.036851 0.148970 0 0 0
0.696601 -0.035827 0.148947 0 0 0
0.697123 -0.034803 0.148925 0 0 0
0.697646 -0.033779 0.148903 0 0 0
0.698168 -0.032754 0.148880 0 0 0
0.698702 -0.031708 0.148849 0 0 0
0.699067 -0.030905 0.148789 0 0 0
0.699174 -0.029107 0.148298 0 0 0
0.699664 -0.028333 0.148091 0 0 0
0.700206 -0.027258 0.148023 0 0 0
0.700737 -0.026236 0.147994 0 0 0
0.701277 -0.025157 0.147926 0 0 0
0.701778 -0.024367 0.147698 0 0 0
0.701814 -0.022529 0.147286 0 0 0
0.702058 -0.021600 0.147426 0 0 0
0.702547 -0.020580 0.147461 0 0 0
0.703064 -0.019621 0.147393 0 0 0
0.703569 -0.018764 0.147260 0 0 0
0.705033 -0.017784 0.147760 0 0 0
0.705399 -0.017358 0.147756 0 0 0
0.705310 -0.015391 0.147197 0 0 0
0.706590 -0.014740 0.147685 0 0 0
0.707123 -0.013984 0.147704 0 0 0
0.707449 -0.013150 0.147681 0 0 0
0.707519 -0.011121 0.146994 0 0 0
0.707953 -0.010442 0.146929 0 0 0
0.708428 -0.009322 0.146907 0 0 0
0.709085 -0.008296 0.146910 0 0 0
0.709541 -0.007252 0.147065 0 0 0
0.710020 -0.006267 0.147092 0 0 0
0.710555 -0.005212 0.147072 0 0 0
0.711062 -0.004277 0.147007 0 0 0
0.711697 -0.003250 0.146792 0 0 0
0.712222 -0.002195 0.146734 0 0 0
0.712751 -0.001169 0.146709 0 0 0
0.713276 -0.000141 0.146686 0 0 0
0.713801 0.000888 0.146664 0 0 0
0.714325 0.001917 0.146642 0 0 0
0.714850 0.002945 0.146619 0 0 0
0.715375 0.003974 0.146597 0 0 0
0.715899 0.005002 0.146574 0 0 0
0.716424 0.006031 0.146552 0 0 0
0.716949 0.007060 0.146530 0 0 0
0.717471 0.008091 0.146508 0 0 0
0.717990 0.009132 0.146484 0 0 0
0.718524 0.010175 0.146417 0 0 0
0.719127 0.010914 0.146163 0 0 0
0.719206 0.012894 0.145674 0 0 0
0.719560 0.013666 0.145646 0 0 0
0.720096 0.014726 0.145621 0 0 0
0.720622 0.015759 0.145598 0 0 0
0.721148 0.016790 0.145576 0 0 0
0.721674 0.017821 0.145553 0 0 0
0.722200 0.018852 0.145531 0 0 0
0.722726 0.019883 0.145508 0 0 0
0.723251 0.020914 0.145486 0 0 0
0.723777 0.021945 0.145464 0 0 0
0.724303 0.022975 0.145441 0 0 0
0.724829 0.024006 0.145419 0 0 0
0.725355 0.025037 0.145396 0 0 0
0.725881 0.026068 0.145374 0 0 0
0.726406 0.027099 0.145351 0 0 0
0.726932 0.028130 0.145329 0 0 0
0.727458 0.029161 0.145306 0 0 0
0.727985 0.030198 0.145284 0 0 0
0.728536 0.031233 0.145256 0 0 0
0.729003 0.031879 0.145217 0 0 0
0.729011 0.034175 0.144496 0 0 0
0.729390 0.034885 0.144468 0 0 0
0.729987 0.035963 0.144436 0 0 0
0.730633 0.036917 0.144398 0 0 0
0.731164 0.037938 0.144374 0 0 0
0.731699 0.038944 0.144349 0 0 0
0.732363 0.039914 0.144308 0 0 0
0.732784 0.040645 0.144276 0 0 0
0.732741 0.042971 0.143561 0 0 0
0.733114 0.043686 0.143534 0 0 0
0.733673 0.044772 0.143517 0 0 0
0.734159 0.045569 0.143558 0 0 0
0.735591 0.046322 0.144098 0 0 0
0.736083 0.047114 0.144138 0 0 0
0.736641 0.048154 0.144122 0 0 0
0.737169 0.049185 0.144101 0 0 0
0.737588 0.050216 0.144093 0 0 0
0.737917 0.051470 0.144092 0 0 0
0.738338 0.052496 0.144083 0 0 0
0.738929 0.053539 0.144055 0 0 0
0.739581 0.054483 0.144017 0 0 0
0.740147 0.055504 0.143987 0 0 0
0.740614 0.056147 0.143950 0 0 0
0.740660 0.058504 0.143222 0 0 0
0.741106 0.059226 0.143188 0 0 0
0.741783 0.060197 0.143145 0 0 0
0.742326 0.061215 0.143120 0 0 0
0.742758 0.062285 0.143108 0 0 0
0.742996 0.063074 0.143109 0 0 0
0.639479 -0.154841 0.153640 0 0 0
0.639964 -0.154251 0.153610 0 0 0
0.640553 -0.153294 0.153580 0 0 0
0.641072 -0.152264 0.153558 0 0 0
0.641592 -0.151244 0.153536 0 0 0
0.642109 -0.150229 0.153514 0 0 0
0.642627 -0.149214 0.153492 0 0 0
0.643145 -0.148200 0.153470 0 0 0
0.643662 -0.147185 0.153447 0 0 0
0.644180 -0.146170 0.153425 0 0 0
0.644697 -0.145156 0.153403 0 0 0
0.645215 -0.144141 0.153381 0 0 0
0.645732 -0.143123 0.153359 0 0 0
0.646250 -0.142076 0.153329 0 0 0
0.646607 -0.141302 0.153260 0 0 0
0.646532 -0.139726 0.152657 0 0 0
0.647058 -0.138901 0.152542 0 0 0
0.647621 -0.137930 0.152503 0 0 0
0.648137 -0.136895 0.152479 0 0 0
0.648691 -0.135921 0.152443 0 0 0
0.649177 -0.135158 0.152368 0 0 0
0.648972 -0.133435 0.151737 0 0 0
0.649329 -0.132632 0.151675 0 0 0
0.649850 -0.131586 0.151645 0 0 0
0.650389 -0.130558 0.151621 0 0 0
0.651035 -0.129569 0.151585 0 0 0
0.651641 -0.128686 0.151548 0 0 0
0.652253 -0.127684 0.151519 0 0 0
0.652506 -0.126513 0.151525 0 0 0
0.653015 -0.125529 0.151502 0 0 0
0.653807 -0.124594 0.151458 0 0 0
0.654221 -0.123590 0.151441 0 0 0
0.654705 -0.122452 0.151426 0 0 0
0.655071 -0.121369 0.151420 0 0 0
0.655580 -0.120351 0.151404 0 0 0
0.655963 -0.119627 0.151406 0 0 0
0.657625 -0.118611 0.151958 0 0 0
0.657293 -0.117129 0.151383 0 0 0
0.657645 -0.116323 0.151319 0 0 0
0.658192 -0.115271 0.151288 0 0 0
0.658847 -0.114271 0.151246 0 0 0
0.659227 -0.113479 0.151178 0 0 0
0.659000 -0.112119 0.150859 0 0 0
0.660550 -0.111328 0.151057 0 0 0
0.660300 -0.109804 0.150473 0 0 0
0.660794 -0.109043 0.150398 0 0 0
0.661347 -0.108057 0.150363 0 0 0
0.661869 -0.107018 0.150343 0 0 0
0.662383 -0.105972 0.150367 0 0 0
0.662635 -0.105049 0.150577 0 0 0
0.664178 -0.103903 0.150997 0 0 0
0.664588 -0.103166 0.150998 0 0 0
0.665123 -0.102123 0.150978 0 0 0
0.665643 -0.101103 0.150956 0 0 0
0.666161 -0.100078 0.150937 0 0 0
0.666656 -0.099044 0.150957 255 0 0
0.667034 -0.097880 0.151160 255 0 0
0.667492 -0.096895 0.151191 255 0 0
0.667889 -0.096101 0.151206 255 0 0
0.669500 -0.094950 0.151544 0 0 0
0.669914 -0.094216 0.151547 0 0 0
0.670456 -0.093153 0.151534 0 0 0
0.670895 -0.092386 0.151561 0 0 0
0.672266 -0.091249 0.151990 0 0 0
0.672617 -0.090413 0.152162 0 0 0
0.673199 -0.089326 0.152142 0 0 0
0.673800 -0.088310 0.151945 255 0 0
0.674187 -0.087590 0.151836 255 0 0
0.674210 -0.085900 0.151434 255 0 0
0.674588 -0.085060 0.151359 255 0 0
0.675116 -0.084025 0.151329 255 0 0
0.675635 -0.083007 0.151306 255 0 0
0.676154 -0.081990 0.151284 0 0 0
0.676673 -0.080973 0.151262 0 0 0
0.677191 -0.079956 0.151240 0 0 0
0.677710 -0.078939 0.151218 0 0 0
0.678229 -0.077922 0.151196 0 0 0
0.678748 -0.076905 0.151174 255 0 0
0.679266 -0.075887 0.151152 255 0 0
0.679785 -0.074870 0.151129 0 0 0
0.680303 -0.073852 0.151107 0 0 0
0.680818 -0.072831 0.151086 0 0 0
0.681324 -0.071808 0.151065 255 0 0
0.681841 -0.070794 0.151043 255 0 0
0.682367 -0.069780 0.151020 0 0 0
0.682878 -0.068753 0.150994 0 0 0
0.683437 -0.067769 0.150925 0 0 0
0.684154 -0.066775 0.150698 0 0 0
0.684582 -0.065756 0.150665 0 0 0
0.685013 -0.064765 0.150700 0 0 0
0.685342 -0.063935 0.150775 0 0 0
0.685519 -0.062146 0.150170 0 0 0
0.685906 -0.061374 0.150100 0 0 0
0.686440 -0.060330 0.150069 0 0 0
0.686960 -0.059310 0.150047 0 0 0
0.687480 -0.058290 0.150024 0 0 0
0.688000 -0.057271 0.150002 0 0 0
0.688520 -0.056252 0.149980 0 0 0
0.689040 -0.055232 0.149958 0 0 0
0.689560 -0.054213 0.149936 0 0 0
0.690079 -0.053193 0.149913 0 0 0
0.690595 -0.052163 0.149892 0 0 0
0.691125 -0.051187 0.149866 0 0 0
0.691798 -0.050207 0.149823 0 0 0
0.692205 -0.049462 0.149780 0 0 0
0.692097 -0.047418 0.149089 0 0 0
0.692586 -0.046734 0.149037 0 0 0
0.693115 -0.045717 0.149008 0 0 0
0.693644 -0.044734 0.148982 0 0 0
0.694298 -0.043753 0.148946 0 0 0
0.694726 -0.042633 0.148935 0 0 0
0.695184 -0.041628 0.148920 0 0 0
0.695713 -0.040607 0.148898 0 0 0
0.696248 -0.039593 0.148874 0 0 0
0.696775 -0.038572 0.148851 0 0 0
0.697297 -0.037550 0.148829 0 0 0
0.697818 -0.036528 0.148806 0 0 0
0.698339 -0.035506 0.148784 0 0 0
0.698861 -0.034485 0.148762 0 0 0
0.699386 -0.033465 0.148737 0 0 0
0.699925 -0.032396 0.148670 0 0 0
0.700409 -0.031623 0.148459 0 0 0
0.700518 -0.029833 0.147968 0 0 0
0.700883 -0.029027 0.147907 0 0 0
0.701417 -0.027980 0.147876 0 0 0
0.701950 -0.026929 0.147850 0 0 0
0.702304 -0.026157 0.147816 0 0 0
0.702295 -0.024245 0.147339 0 0 0
0.702661 -0.023699 0.147172 0 0 0
0.704296 -0.022708 0.147696 0 0 0
0.704717 -0.021955 0.147714 0 0 0
0.705257 -0.020913 0.147697 0 0 0
0.705769 -0.019863 0.147676 0 0 0
0.706181 -0.018748 0.147667 0 0 0
0.706655 -0.017778 0.147649 0 0 0
0.707312 -0.016811 0.147612 0 0 0
0.707765 -0.015692 0.147599 0 0 0
0.708213 -0.014672 0.147585 0 0 0
0.708766 -0.013657 0.147556 0 0 0
0.709237 -0.012979 0.147509 0 0 0
0.709147 -0.011065 0.146897 0 0 0
0.710363 -0.010693 0.147369 0 0 0
0.710230 -0.008779 0.146763 0 0 0
0.710645 -0.008036 0.146728 0 0 0
0.711307 -0.007054 0.146687 0 0 0
0.711845 -0.006062 0.146661 0 0 0
0.712366 -0.005030 0.146638 0 0 0
0.712888 -0.004000 0.146612 0 0 0
0.713410 -0.002974 0.146588 0 0 0
0.713933 -0.001948 0.146565 0 0 0
0.714456 -0.000922 0.146543 0 0 0
0.714980 0.000105 0.146521 0 0 0
0.715503 0.001131 0.146498 0 0 0
0.716027 0.002157 0.146476 0 0 0
0.716550 0.003183 0.146454 0 0 0
0.717073 0.004210 0.146431 0 0 0
0.717597 0.005236 0.146409 0 0 0
0.718120 0.006262 0.146387 0 0 0
0.718645 0.007290 0.146364 0 0 0
0.719180 0.008344 0.146339 0 0 0
0.719535 0.009101 0.146311 0 0 0
0.719550 0.011086 0.145834 0 0 0
0.720080 0.011912 0.145585 0 0 0
0.720744 0.012903 0.145502 0 0 0
0.721276 0.013896 0.145474 0 0 0
0.721788 0.014939 0.145453 0 0 0
0.722311 0.015971 0.145431 0 0 0
0.722835 0.017000 0.145409 0 0 0
0.723360 0.018028 0.145386 0 0 0
0.723885 0.019057 0.145364 0 0 0
0.724409 0.020085 0.145342 0 0 0
0.724934 0.021114 0.145319 0 0 0
0.725458 0.022143 0.145297 0 0 0
0.725983 0.023171 0.145275 0 0 0
0.726508 0.024200 0.145252 0 0 0
0.727032 0.025228 0.145230 0 0 0
0.727557 0.026257 0.145207 0 0 0
0.728082 0.027286 0.145185 0 0 0
0.728606 0.028314 0.145163 0 0 0
0.729131 0.029343 0.145140 0 0 0
0.729653 0.030379 0.145118 0 0 0
0.730176 0.031387 0.145095 0 0 0
0.730830 0.032327 0.145056 0 0 0
0.731431 0.033396 0.145020 0 0 0
0.731776 0.034125 0.144972 0 0 0
0.731958 0.036291 0.144256 0 0 0
0.732232 0.037011 0.144240 0 0 0
0.732657 0.038173 0.144228 0 0 0
0.733228 0.039249 0.144201 0 0 0
0.733888 0.040155 0.144160 0 0 0
0.734554 0.041062 0.144119 0 0 0
0.735145 0.042111 0.144089 0 0 0
0.735670 0.043135 0.144067 0 0 0
0.736184 0.044180 0.144046 0 0 0
0.736603 0.045313 0.144038 0 0 0
0.736948 0.046335 0.144037 0 0 0
0.737366 0.047470 0.144029 0 0 0
0.737902 0.048530 0.144015 0 0 0
0.738389 0.049321 0.144057 0 0 0
0.739834 0.050039 0.144591 0 0 0
0.740299 0.050886 0.144592 0 0 0
0.740803 0.051710 0.144357 0 0 0
0.740898 0.053800 0.143870 0 0 0
0.741257 0.054553 0.143846 0 0 0
0.741803 0.055599 0.143820 0 0 0
0.742348 0.056555 0.143790 0 0 0
0.742656 0.057360 0.143771 0 0 0
0.742830 0.059675 0.143028 0 0 0
0.743223 0.060413 0.143001 0 0 0
0.743559 0.061132 0.142987 0 0 0
0.641358 -0.154286 0.153479 0 0 0
0.641839 -0.153671 0.153450 0 0 0
0.642421 -0.152709 0.153421 0 0 0
0.642935 -0.151681 0.153399 0 0 0
0.643454 -0.150669 0.153377 0 0 0
0.643981 -0.149661 0.153354 0 0 0
0.644489 -0.148649 0.153333 0 0 0
0.645001 -0.147634 0.153311 0 0 0
0.645516 -0.146619 0.153289 0 0 0
0.646033 -0.145607 0.153267 0 0 0
0.646549 -0.144594 0.153245 0 0 0
0.647065 -0.143582 0.153223 0 0 0
0.647583 -0.142563 0.153200 0 0 0
0.648145 -0.141599 0.153160 0 0 0
0.648668 -0.140782 0.153046 0 0 0
0.648595 -0.139203 0.152441 0 0 0
0.648951 -0.138430 0.152372 0 0 0
0.649469 -0.137380 0.152342 0 0 0
0.649981 -0.136352 0.152319 0 0 0
0.650526 -0.135406 0.152291 0 0 0
0.651191 -0.134432 0.152255 0 0 0
0.651734 -0.133415 0.152230 0 0 0
0.652259 -0.132382 0.152198 0 0 0
0.652668 -0.131530 0.152090 0 0 0
0.652530 -0.129923 0.151494 0 0 0
0.652770 -0.129064 0.151444 0 0 0
0.653100 -0.128273 0.151441 0 0 0
0.654980 -0.127025 0.152064 0 0 0
0.655195 -0.126518 0.152024 0 0 0
0.654828 -0.125029 0.151453 0 0 0
0.656548 -0.124029 0.152004 0 0 0
0.656915 -0.123310 0.152005 0 0 0
0.657454 -0.122272 0.151985 0 0 0
0.657969 -0.121259 0.151963 0 0 0
0.658463 -0.120188 0.151945 0 0 0
0.658860 -0.119171 0.151931 0 0 0
0.659487 -0.118215 0.151900 0 0 0
0.660030 -0.117166 0.151866 0 0 0
0.660419 -0.116336 0.151775 0 0 0
0.660357 -0.114657 0.151148 0 0 0
0.660747 -0.113955 0.151084 0 0 0
0.661372 -0.112897 0.151044 0 0 0
0.661803 -0.111841 0.151022 0 0 0
0.662256 -0.111115 0.150959 0 0 0
0.662113 -0.109297 0.150303 0 0 0
0.662599 -0.108549 0.150236 0 0 0
0.663133 -0.107543 0.150209 0 0 0
0.663392 -0.106762 0.150225 0 0 0
0.665141 -0.105502 0.150853 0 0 0
0.665397 -0.104729 0.150875 0 0 0
0.665888 -0.103693 0.150862 0 0 0
0.666412 -0.102672 0.150840 0 0 0
0.666931 -0.101654 0.150818 0 0 0
0.667465 -0.100614 0.150799 0 0 0
0.667878 -0.099883 0.150801 0 0 0
0.669490 -0.098722 0.151140 0 0 0
0.669881 -0.097934 0.151155 0 0 0
0.670338 -0.096955 0.151187 0 0 0
0.670717 -0.095797 0.151390 255 0 0
0.671209 -0.094767 0.151411 255 0 0
0.671726 -0.093745 0.151395 0 0 0
0.672286 -0.092690 0.151414 0 0 0
0.672628 -0.091849 0.151588 0 0 0
0.673998 -0.090697 0.152011 0 0 0
0.674301 -0.090102 0.151985 0 0 0
0.674341 -0.088411 0.151584 0 0 0
0.674731 -0.087691 0.151474 0 0 0
0.675334 -0.086680 0.151278 0 0 0
0.675868 -0.085632 0.151218 255 0 0
0.676383 -0.084616 0.151193 255 0 0
0.676900 -0.083600 0.151171 255 0 0
0.677417 -0.082585 0.151149 255 0 0
0.677935 -0.081571 0.151127 255 0 0
0.678452 -0.080556 0.151105 255 0 0
0.678970 -0.079541 0.151083 255 0 0
0.679487 -0.078527 0.151061 255 0 0
0.680003 -0.077511 0.151038 255 0 0
0.680517 -0.076497 0.151011 255 0 0
0.681033 -0.075481 0.150988 255 0 0
0.681552 -0.074463 0.150966 255 0 0
0.682068 -0.073451 0.150944 255 0 0
0.682586 -0.072436 0.150922 0 0 0
0.683106 -0.071422 0.150901 0 0 0
0.683630 -0.070410 0.150880 0 0 0
0.684179 -0.069350 0.150811 0 0 0
0.684648 -0.068534 0.150595 0 0 0
0.684611 -0.066863 0.150359 0 0 0
0.685015 -0.066020 0.150299 0 0 0
0.685473 -0.065179 0.150318 0 0 0
0.686770 -0.064388 0.150360 0 0 0
0.686780 -0.062856 0.150034 0 0 0
0.687151 -0.062013 0.149963 0 0 0
0.687680 -0.060975 0.149933 0 0 0
0.688199 -0.059957 0.149911 0 0 0
0.688718 -0.058940 0.149888 0 0 0
0.689237 -0.057923 0.149866 0 0 0
0.689755 -0.056906 0.149844 0 0 0
0.690274 -0.055889 0.149822 0 0 0
0.690793 -0.054872 0.149800 0 0 0
0.691312 -0.053855 0.149778 0 0 0
0.691830 -0.052837 0.149756 0 0 0
0.692345 -0.051816 0.149734 0 0 0
0.692850 -0.050784 0.149713 0 0 0
0.693397 -0.049792 0.149680 0 0 0
0.693895 -0.049120 0.149620 0 0 0
0.693835 -0.047073 0.148930 0 0 0
0.694317 -0.046389 0.148879 0 0 0
0.694869 -0.045384 0.148848 0 0 0
0.695380 -0.044356 0.148826 0 0 0
0.695907 -0.043343 0.148803 0 0 0
0.696432 -0.042324 0.148781 0 0 0
0.696953 -0.041305 0.148758 0 0 0
0.697473 -0.040285 0.148736 0 0 0
0.697993 -0.039266 0.148714 0 0 0
0.698513 -0.038247 0.148692 0 0 0
0.699033 -0.037227 0.148670 0 0 0
0.699553 -0.036208 0.148647 0 0 0
0.700073 -0.035187 0.148625 0 0 0
0.700604 -0.034146 0.148594 0 0 0
0.700966 -0.033346 0.148532 0 0 0
0.701073 -0.031560 0.148041 0 0 0
0.701558 -0.030787 0.147829 0 0 0
0.702097 -0.029718 0.147763 0 0 0
0.702623 -0.028698 0.147738 0 0 0
0.703144 -0.027672 0.147715 0 0 0
0.703683 -0.026689 0.147689 0 0 0
0.704329 -0.025738 0.147653 0 0 0
0.704880 -0.024681 0.147628 0 0 0
0.705272 -0.023570 0.147620 0 0 0
0.705729 -0.022560 0.147606 0 0 0
0.706268 -0.021544 0.147582 0 0 0
0.706800 -0.020526 0.147560 0 0 0
0.707260 -0.019523 0.147545 0 0 0
0.707654 -0.018403 0.147537 0 0 0
0.708152 -0.017350 0.147518 0 0 0
0.708677 -0.016338 0.147495 0 0 0
0.709203 -0.015321 0.147472 0 0 0
0.709774 -0.014278 0.147445 0 0 0
0.710438 -0.013374 0.147404 0 0 0
0.711088 -0.012441 0.147366 0 0 0
0.711543 -0.011339 0.147349 0 0 0
0.712153 -0.010389 0.147311 0 0 0
0.712566 -0.009631 0.147250 0 0 0
0.712652 -0.007578 0.146551 0 0 0
0.713010 -0.006853 0.146519 0 0 0
0.713543 -0.005799 0.146493 0 0 0
0.714066 -0.004773 0.146471 0 0 0
0.714589 -0.003749 0.146448 0 0 0
0.715111 -0.002725 0.146426 0 0 0
0.715633 -0.001701 0.146404 0 0 0
0.716155 -0.000677 0.146382 0 0 0
0.716678 0.000347 0.146359 0 0 0
0.717200 0.001371 0.146337 0 0 0
0.717722 0.002395 0.146315 0 0 0
0.718245 0.003419 0.146292 0 0 0
0.718767 0.004443 0.146270 0 0 0
0.719289 0.005467 0.146248 0 0 0
0.719811 0.006491 0.146226 0 0 0
0.720334 0.007519 0.146203 0 0 0
0.720870 0.008514 0.146178 0 0 0
0.721525 0.009492 0.146138 0 0 0
0.721941 0.010212 0.146104 0 0 0
0.721858 0.012449 0.145391 0 0 0
0.722281 0.013174 0.145356 0 0 0
0.722963 0.014142 0.145313 0 0 0
0.723493 0.015134 0.145288 0 0 0
0.724008 0.016168 0.145267 0 0 0
0.724519 0.017203 0.145246 0 0 0
0.725041 0.018232 0.145224 0 0 0
0.725564 0.019259 0.145201 0 0 0
0.726087 0.020285 0.145179 0 0 0
0.726611 0.021311 0.145157 0 0 0
0.727137 0.022338 0.145134 0 0 0
0.727669 0.023363 0.145111 0 0 0
0.728204 0.024380 0.145087 0 0 0
0.728730 0.025403 0.145065 0 0 0
0.729250 0.026429 0.145043 0 0 0
0.729768 0.027458 0.145021 0 0 0
0.730288 0.028491 0.144999 0 0 0
0.730822 0.029511 0.144976 0 0 0
0.731345 0.030538 0.144953 0 0 0
0.731859 0.031573 0.144932 0 0 0
0.732387 0.032634 0.144908 0 0 0
0.732740 0.033355 0.144882 0 0 0
0.732916 0.035540 0.144175 0 0 0
0.733210 0.036045 0.144184 0 0 0
0.734715 0.036846 0.144731 0 0 0
0.735033 0.037326 0.144757 0 0 0
0.734973 0.039674 0.144050 0 0 0
0.735331 0.040388 0.144025 0 0 0
0.735857 0.041452 0.144001 0 0 0
0.736378 0.042481 0.143979 0 0 0
0.736905 0.043507 0.143956 0 0 0
0.737462 0.044542 0.143940 0 0 0
0.737953 0.045328 0.143982 0 0 0
0.739410 0.046054 0.144525 0 0 0
0.739889 0.046839 0.144565 0 0 0
0.740422 0.047895 0.144551 0 0 0
0.740848 0.049051 0.144539 0 0 0
0.741124 0.049790 0.144525 0 0 0
0.741179 0.051889 0.144042 0 0 0
0.741661 0.052696 0.143800 0 0 0
0.742161 0.053791 0.143732 0 0 0
0.742715 0.054853 0.143705 0 0 0
0.743029 0.055547 0.143694 0 0 0
0.643377 -0.153765 0.153308 0 0 0
0.643743 -0.153171 0.153289 0 0 0
0.644276 -0.152117 0.153267 0 0 0
0.644761 -0.151116 0.153248 0 0 0
0.645158 -0.150052 0.153238 0 0 0
0.645781 -0.149019 0.153209 0 0 0
0.646332 -0.148080 0.153180 0 0 0
0.646850 -0.147067 0.153157 0 0 0
0.647365 -0.146056 0.153135 0 0 0
0.647880 -0.145046 0.153113 0 0 0
0.648395 -0.144036 0.153091 0 0 0
0.648910 -0.143023 0.153069 0 0 0
0.649426 -0.141980 0.153038 0 0 0
0.649780 -0.141216 0.152971 0 0 0
0.649707 -0.139634 0.152363 0 0 0
0.650249 -0.138821 0.152247 0 0 0
0.650819 -0.137867 0.152207 0 0 0
0.651336 -0.136847 0.152184 0 0 0
0.651846 -0.135829 0.152162 0 0 0
0.652348 -0.134812 0.152141 0 0 0
0.652861 -0.133798 0.152120 0 0 0
0.653383 -0.132759 0.152089 0 0 0
0.653749 -0.131977 0.152016 0 0 0
0.653516 -0.130667 0.151490 0 0 0
0.655278 -0.129591 0.151983 0 0 0
0.655623 -0.128820 0.151987 0 0 0
0.655958 -0.127722 0.151987 0 0 0
0.656301 -0.126734 0.151978 0 0 0
0.656939 -0.125642 0.151950 0 0 0
0.657319 -0.124553 0.151942 0 0 0
0.657790 -0.123566 0.151925 0 0 0
0.658313 -0.122549 0.151903 0 0 0
0.658830 -0.121539 0.151880 0 0 0
0.659351 -0.120530 0.151858 0 0 0
0.659877 -0.119520 0.151835 0 0 0
0.660414 -0.118497 0.151811 0 0 0
0.661092 -0.117509 0.151767 0 0 0
0.661492 -0.116822 0.151703 0 0 0
0.661403 -0.115133 0.151075 0 0 0
0.661821 -0.114299 0.150980 0 0 0
0.662475 -0.113305 0.150935 0 0 0
0.663032 -0.112349 0.150903 0 0 0
0.663622 -0.111342 0.150822 0 0 0
0.664197 -0.110551 0.150552 0 0 0
0.664113 -0.108940 0.150127 0 0 0
0.664351 -0.108379 0.150097 0 0 0
0.665968 -0.107141 0.150447 0 0 0
0.666197 -0.106376 0.150552 0 0 0
0.666638 -0.105274 0.150712 0 0 0
0.667184 -0.104237 0.150725 0 0 0
0.667698 -0.103221 0.150706 0 0 0
0.668215 -0.102206 0.150684 0 0 0
0.668728 -0.101189 0.150665 0 0 0
0.669274 -0.100146 0.150680 0 0 0
0.669704 -0.099059 0.150851 0 0 0
0.670068 -0.098049 0.150916 0 0 0
0.670460 -0.097224 0.150944 0 0 0
0.672059 -0.096080 0.151277 0 0 0
0.672491 -0.095354 0.151278 0 0 0
0.672978 -0.094338 0.151264 255 0 0
0.673355 -0.093220 0.151268 255 0 0
0.673732 -0.092435 0.151309 255 0 0
0.675314 -0.091217 0.151909 255 0 0
0.675539 -0.090765 0.151888 255 0 0
0.675508 -0.088962 0.151252 255 0 0
0.675892 -0.088169 0.151169 255 0 0
0.676450 -0.087129 0.151128 255 0 0
0.677100 -0.086167 0.151090 255 0 0
0.677644 -0.085209 0.151063 255 0 0
0.678162 -0.084192 0.151040 255 0 0
0.678678 -0.083179 0.151018 255 0 0
0.679194 -0.082167 0.150996 255 0 0
0.679711 -0.081155 0.150974 255 0 0
0.680227 -0.080142 0.150952 255 0 0
0.680747 -0.079134 0.150927 255 0 0
0.681292 -0.078092 0.150863 255 0 0
0.681893 -0.077095 0.150653 255 0 0
0.682386 -0.076164 0.150587 0 0 0
0.682902 -0.075137 0.150570 0 0 0
0.683422 -0.074122 0.150553 0 0 0
0.683950 -0.073098 0.150523 0 0 0
0.684410 -0.072151 0.150546 0 0 0
0.684881 -0.071046 0.150705 0 0 0
0.685274 -0.070184 0.150664 0 0 0
0.685270 -0.068533 0.150212 0 0 0
0.685617 -0.067698 0.150018 0 0 0
0.686130 -0.066587 0.149952 0 0 0
0.686668 -0.065530 0.149973 0 0 0
0.687160 -0.064536 0.150081 0 0 0
0.687841 -0.063638 0.149894 0 0 0
0.688403 -0.062641 0.149825 0 0 0
0.688924 -0.061619 0.149800 0 0 0
0.689450 -0.060610 0.149777 0 0 0
0.689964 -0.059593 0.149755 0 0 0
0.690491 -0.058583 0.149732 0 0 0
0.691006 -0.057571 0.149711 0 0 0
0.691509 -0.056550 0.149690 0 0 0
0.692023 -0.055531 0.149668 0 0 0
0.692540 -0.054515 0.149646 0 0 0
0.693058 -0.053500 0.149624 0 0 0
0.693576 -0.052486 0.149602 0 0 0
0.694097 -0.051473 0.149577 0 0 0
0.694628 -0.050419 0.149515 0 0 0
0.695251 -0.049432 0.149297 0 0 0
0.695726 -0.048779 0.149161 0 0 0
0.695733 -0.046867 0.148756 0 0 0
0.696085 -0.046088 0.148718 0 0 0
0.696612 -0.045045 0.148692 0 0 0
0.697132 -0.044027 0.148670 0 0 0
0.697650 -0.043010 0.148647 0 0 0
0.698169 -0.041993 0.148625 0 0 0
0.698688 -0.040976 0.148603 0 0 0
0.699207 -0.039959 0.148581 0 0 0
0.699725 -0.038942 0.148559 0 0 0
0.700244 -0.037925 0.148537 0 0 0
0.700761 -0.036908 0.148513 0 0 0
0.701281 -0.035890 0.148484 0 0 0
0.701818 -0.034825 0.148417 0 0 0
0.702302 -0.034062 0.148211 0 0 0
0.702413 -0.032278 0.147718 0 0 0
0.702775 -0.031477 0.147657 0 0 0
0.703306 -0.030436 0.147626 0 0 0
0.703826 -0.029415 0.147603 0 0 0
0.704346 -0.028395 0.147581 0 0 0
0.704863 -0.027372 0.147559 0 0 0
0.705370 -0.026346 0.147538 0 0 0
0.705887 -0.025329 0.147516 0 0 0
0.706422 -0.024314 0.147493 0 0 0
0.706884 -0.023307 0.147478 0 0 0
0.707289 -0.022201 0.147469 0 0 0
0.707814 -0.021137 0.147454 0 0 0
0.708234 -0.020390 0.147475 0 0 0
0.709853 -0.019468 0.148068 0 0 0
0.710272 -0.018722 0.148088 0 0 0
0.710812 -0.017684 0.148071 0 0 0
0.711339 -0.016636 0.148045 0 0 0
0.711707 -0.015923 0.148010 0 0 0
0.711638 -0.013753 0.147300 0 0 0
0.712102 -0.013094 0.147257 0 0 0
0.712655 -0.012086 0.147227 0 0 0
0.713184 -0.011027 0.147198 0 0 0
0.713533 -0.010279 0.147146 0 0 0
0.713841 -0.008377 0.146440 0 0 0
0.714189 -0.007620 0.146387 0 0 0
0.714722 -0.006568 0.146358 0 0 0
0.715244 -0.005544 0.146335 0 0 0
0.715765 -0.004522 0.146313 0 0 0
0.716286 -0.003501 0.146291 0 0 0
0.716807 -0.002479 0.146269 0 0 0
0.717328 -0.001458 0.146247 0 0 0
0.717850 -0.000436 0.146224 0 0 0
0.718371 0.000586 0.146202 0 0 0
0.718892 0.001607 0.146180 0 0 0
0.719413 0.002629 0.146158 0 0 0
0.719934 0.003651 0.146135 0 0 0
0.720455 0.004672 0.146113 0 0 0
0.720976 0.005694 0.146091 0 0 0
0.721497 0.006716 0.146069 0 0 0
0.722016 0.007741 0.146047 0 0 0
0.722525 0.008777 0.146026 0 0 0
0.723050 0.009767 0.146001 0 0 0
0.723724 0.010729 0.145960 0 0 0
0.724145 0.011447 0.145925 0 0 0
0.724059 0.013695 0.145210 0 0 0
0.724425 0.014400 0.145180 0 0 0
0.725020 0.015469 0.145149 0 0 0
0.725689 0.016401 0.145110 0 0 0
0.726220 0.017390 0.145085 0 0 0
0.726741 0.018420 0.145063 0 0 0
0.727264 0.019444 0.145040 0 0 0
0.727786 0.020468 0.145018 0 0 0
0.728311 0.021496 0.144997 0 0 0
0.728745 0.022512 0.144985 0 0 0
0.729151 0.023638 0.144975 0 0 0
0.729660 0.024679 0.144955 0 0 0
0.730182 0.025698 0.144932 0 0 0
0.730771 0.026737 0.144904 0 0 0
0.731345 0.027656 0.144877 0 0 0
0.731762 0.028754 0.144864 0 0 0
0.732271 0.029800 0.144843 0 0 0
0.732792 0.030822 0.144821 0 0 0
0.733314 0.031852 0.144799 0 0 0
0.733843 0.032845 0.144774 0 0 0
0.734483 0.033779 0.144738 0 0 0
0.735056 0.034842 0.144710 0 0 0
0.735472 0.035976 0.144699 0 0 0
0.735901 0.036943 0.144686 0 0 0
0.736638 0.037890 0.144642 0 0 0
0.737376 0.038833 0.144596 0 0 0
0.737900 0.039817 0.144571 0 0 0
0.738422 0.040848 0.144549 0 0 0
0.738944 0.041874 0.144529 0 0 0
0.739364 0.042880 0.144519 0 0 0
0.739771 0.044034 0.144508 0 0 0
0.740179 0.045186 0.144497 0 0 0
0.740601 0.046192 0.144487 0 0 0
0.741125 0.047215 0.144467 0 0 0
0.741659 0.048234 0.144444 0 0 0
0.742192 0.049234 0.144418 0 0 0
0.742857 0.050212 0.144378 0 0 0
0.743233 0.050858 0.144358 0 0 0
0.644753 -0.154188 0.153176 0 0 0
0.645101 -0.153616 0.153159 0 0 0
0.645632 -0.152540 0.153139 0 0 0
0.646018 -0.151818 0.153137 0 0 0
0.647579 -0.150665 0.153388 0 0 0
0.647335 -0.149418 0.153135 0 0 0
0.647662 -0.148544 0.153059 0 0 0
0.648180 -0.147513 0.153029 0 0 0
0.648694 -0.146505 0.153007 0 0 0
0.649208 -0.145497 0.152985 0 0 0
0.649722 -0.144489 0.152963 0 0 0
0.650237 -0.143481 0.152941 0 0 0
0.650752 -0.142467 0.152918 0 0 0
0.651311 -0.141503 0.152882 0 0 0
0.651781 -0.140746 0.152807 0 0 0
0.651562 -0.139035 0.152173 0 0 0
0.651912 -0.138242 0.152108 0 0 0
0.652429 -0.137206 0.152079 0 0 0
0.652944 -0.136195 0.152057 0 0 0
0.653460 -0.135185 0.152035 0 0 0
0.653975 -0.134174 0.152013 0 0 0
0.654491 -0.133158 0.151990 0 0 0
0.655032 -0.132226 0.151961 0 0 0
0.655667 -0.131185 0.151931 0 0 0
0.656047 -0.130101 0.151922 0 0 0
0.656545 -0.129098 0.151907 0 0 0
0.656919 -0.128397 0.151905 0 0 0
0.658821 -0.127183 0.152543 0 0 0
0.659179 -0.126485 0.152542 0 0 0
0.659716 -0.125458 0.152522 0 0 0
0.660231 -0.124449 0.152500 0 0 0
0.660745 -0.123441 0.152478 0 0 0
0.661259 -0.122433 0.152456 0 0 0
0.661773 -0.121425 0.152434 0 0 0
0.662283 -0.120391 0.152406 0 0 0
0.662620 -0.119615 0.152352 0 0 0
0.662379 -0.117803 0.151701 0 0 0
0.662784 -0.117096 0.151637 0 0 0
0.663601 -0.116106 0.151571 0 0 0
0.664048 -0.115355 0.151472 0 0 0
0.663987 -0.113669 0.150839 0 0 0
0.664350 -0.112895 0.150774 0 0 0
0.664683 -0.112035 0.150713 0 0 0
0.664581 -0.110435 0.150284 0 0 0
0.665158 -0.109642 0.150017 0 0 0
0.665773 -0.108628 0.149971 0 0 0
0.666233 -0.107499 0.150133 0 0 0
0.666548 -0.106791 0.150196 0 0 0
0.668029 -0.105553 0.150569 0 0 0
0.668454 -0.104805 0.150591 0 0 0
0.668980 -0.103769 0.150576 0 0 0
0.669497 -0.102755 0.150554 0 0 0
0.670019 -0.101738 0.150532 0 0 0
0.670505 -0.100710 0.150520 0 0 0
0.670758 -0.099939 0.150543 0 0 0
0.672532 -0.098753 0.151170 0 0 0
0.672883 -0.097997 0.151177 0 0 0
0.673239 -0.096905 0.151177 0 0 0
0.673592 -0.095808 0.151177 0 0 0
0.673947 -0.095055 0.151185 0 0 0
0.675744 -0.093928 0.151815 0 0 0
0.676093 -0.093182 0.151823 0 0 0
0.676492 -0.092074 0.151817 0 0 0
0.676991 -0.091136 0.151792 0 0 0
0.677677 -0.090142 0.151709 0 0 0
0.678260 -0.089103 0.151475 255 0 0
0.678632 -0.088393 0.151369 255 0 0
0.678556 -0.086615 0.150988 255 0 0
0.678898 -0.085817 0.150941 255 0 0
0.679420 -0.084783 0.150913 255 0 0
0.679936 -0.083772 0.150891 255 0 0
0.680451 -0.082762 0.150869 255 0 0
0.680966 -0.081752 0.150847 255 0 0
0.681482 -0.080740 0.150825 255 0 0
0.682005 -0.079707 0.150798 255 0 0
0.682348 -0.078919 0.150754 0 0 0
0.682276 -0.077119 0.150361 0 0 0
0.682674 -0.076326 0.150296 0 0 0
0.683227 -0.075283 0.150264 0 0 0
0.683820 -0.074330 0.150211 0 0 0
0.684257 -0.073283 0.150220 0 0 0
0.684646 -0.072463 0.150257 0 0 0
0.686200 -0.071376 0.150588 0 0 0
0.686473 -0.070892 0.150567 0 0 0
0.686370 -0.069319 0.150001 0 0 0
0.687962 -0.068462 0.150501 0 0 0
0.688357 -0.067733 0.150513 0 0 0
0.688897 -0.066673 0.150490 0 0 0
0.689260 -0.065938 0.150449 0 0 0
0.689128 -0.063940 0.149759 0 0 0
0.689630 -0.063258 0.149704 0 0 0
0.690121 -0.062295 0.149678 0 0 0
0.690537 -0.061172 0.149667 0 0 0
0.691132 -0.060207 0.149639 0 0 0
0.691522 -0.059165 0.149626 0 0 0
0.692064 -0.058102 0.149603 0 0 0
0.692730 -0.057161 0.149566 0 0 0
0.693261 -0.056198 0.149540 0 0 0
0.693781 -0.055182 0.149517 0 0 0
0.694286 -0.054165 0.149496 0 0 0
0.694800 -0.053148 0.149474 0 0 0
0.695325 -0.052110 0.149448 0 0 0
0.695672 -0.051340 0.149410 0 0 0
0.695633 -0.049423 0.149009 0 0 0
0.696039 -0.048731 0.148900 0 0 0
0.696756 -0.047737 0.148653 0 0 0
0.697308 -0.046741 0.148588 0 0 0
0.697830 -0.045724 0.148563 0 0 0
0.698347 -0.044709 0.148540 0 0 0
0.698865 -0.043694 0.148518 0 0 0
0.699382 -0.042680 0.148496 0 0 0
0.699900 -0.041665 0.148474 0 0 0
0.700418 -0.040650 0.148452 0 0 0
0.700935 -0.039636 0.148430 0 0 0
0.701457 -0.038624 0.148405 0 0 0
0.701984 -0.037585 0.148345 0 0 0
0.702601 -0.036558 0.148144 0 0 0
0.702980 -0.035837 0.148052 0 0 0
0.702973 -0.034026 0.147794 0 0 0
0.703449 -0.033223 0.147587 0 0 0
0.703985 -0.032163 0.147520 0 0 0
0.704508 -0.031148 0.147495 0 0 0
0.705027 -0.030131 0.147473 0 0 0
0.705546 -0.029114 0.147451 0 0 0
0.706064 -0.028097 0.147429 0 0 0
0.706585 -0.027079 0.147406 0 0 0
0.707112 -0.026062 0.147384 0 0 0
0.707661 -0.025031 0.147366 0 0 0
0.708060 -0.024295 0.147390 0 0 0
0.709483 -0.023308 0.147970 0 0 0
0.709916 -0.022511 0.148023 0 0 0
0.710440 -0.021448 0.148011 0 0 0
0.710837 -0.020345 0.148002 0 0 0
0.711280 -0.019345 0.147988 0 0 0
0.711795 -0.018326 0.147967 0 0 0
0.712304 -0.017298 0.147943 0 0 0
0.712846 -0.016279 0.147873 0 0 0
0.713445 -0.015542 0.147619 0 0 0
0.713482 -0.013630 0.147133 0 0 0
0.713835 -0.012867 0.147100 0 0 0
0.714375 -0.011794 0.147069 0 0 0
0.714732 -0.011078 0.147032 0 0 0
0.714872 -0.009024 0.146328 0 0 0
0.715344 -0.008346 0.146260 0 0 0
0.715898 -0.007339 0.146226 0 0 0
0.716419 -0.006314 0.146204 0 0 0
0.716939 -0.005294 0.146182 0 0 0
0.717459 -0.004275 0.146160 0 0 0
0.717979 -0.003256 0.146138 0 0 0
0.718498 -0.002236 0.146115 0 0 0
0.719018 -0.001217 0.146093 0 0 0
0.719538 -0.000198 0.146071 0 0 0
0.720058 0.000822 0.146049 0 0 0
0.720578 0.001841 0.146027 0 0 0
0.721098 0.002860 0.146005 0 0 0
0.721618 0.003880 0.145982 0 0 0
0.722138 0.004899 0.145960 0 0 0
0.722658 0.005918 0.145938 0 0 0
0.723178 0.006938 0.145916 0 0 0
0.723698 0.007958 0.145894 0 0 0
0.724215 0.008980 0.145872 0 0 0
0.724723 0.010014 0.145851 0 0 0
0.725246 0.011000 0.145826 0 0 0
0.725909 0.011929 0.145788 0 0 0
0.726499 0.012991 0.145757 0 0 0
0.726863 0.013688 0.145729 0 0 0
0.726776 0.015952 0.145010 0 0 0
0.727140 0.016656 0.144981 0 0 0
0.727671 0.017710 0.144956 0 0 0
0.728193 0.018734 0.144934 0 0 0
0.728714 0.019756 0.144912 0 0 0
0.729255 0.020795 0.144897 0 0 0
0.729712 0.021563 0.144931 0 0 0
0.731214 0.022363 0.145497 0 0 0
0.731669 0.023130 0.145531 0 0 0
0.732218 0.024199 0.145513 0 0 0
0.732584 0.024904 0.145484 0 0 0
0.732498 0.026947 0.144867 0 0 0
0.733788 0.027451 0.145375 0 0 0
0.734267 0.028225 0.145420 0 0 0
0.734808 0.029262 0.145405 0 0 0
0.735328 0.030282 0.145383 0 0 0
0.735848 0.031301 0.145361 0 0 0
0.736368 0.032321 0.145338 0 0 0
0.736887 0.033340 0.145316 0 0 0
0.737408 0.034361 0.145294 0 0 0
0.737938 0.035413 0.145269 0 0 0
0.738301 0.036105 0.145243 0 0 0
0.738214 0.038448 0.144520 0 0 0
0.738580 0.039146 0.144494 0 0 0
0.739110 0.040201 0.144470 0 0 0
0.739652 0.041240 0.144455 0 0 0
0.740128 0.042019 0.144495 0 0 0
0.741598 0.042745 0.145044 0 0 0
0.742095 0.043520 0.145084 0 0 0
0.742523 0.044518 0.145079 0 0 0
0.742939 0.045665 0.145069 0 0 0
0.743471 0.046744 0.145047 0 0 0
0.743783 0.047359 0.145033 0 0 0
0.645877 -0.154534 0.153073 0 0 0
0.646230 -0.153932 0.153057 0 0 0
0.646908 -0.152919 0.153025 0 0 0
0.647489 -0.151964 0.153034 0 0 0
0.647899 -0.150897 0.153154 0 0 0
0.648408 -0.150009 0.153005 0 0 0
0.648993 -0.148957 0.152929 0 0 0
0.649508 -0.147957 0.152905 0 0 0
0.650021 -0.146951 0.152883 0 0 0
0.650534 -0.145946 0.152861 0 0 0
0.651047 -0.144940 0.152839 0 0 0
0.651560 -0.143935 0.152817 0 0 0
0.652071 -0.142927 0.152795 0 0 0
0.652579 -0.141911 0.152773 0 0 0
0.653122 -0.140978 0.152745 0 0 0
0.653787 -0.140013 0.152710 0 0 0
0.654326 -0.139007 0.152686 0 0 0
0.654838 -0.138004 0.152664 0 0 0
0.655351 -0.136998 0.152642 0 0 0
0.655864 -0.135993 0.152621 0 0 0
0.656377 -0.134987 0.152599 0 0 0
0.656889 -0.133982 0.152577 0 0 0
0.657402 -0.132976 0.152555 0 0 0
0.657915 -0.131971 0.152533 0 0 0
0.658429 -0.130965 0.152511 0 0 0
0.658950 -0.129958 0.152489 0 0 0
0.659402 -0.128925 0.152475 0 0 0
0.659603 -0.127764 0.152482 0 0 0
0.660042 -0.126729 0.152469 0 0 0
0.660558 -0.125720 0.152447 0 0 0
0.661071 -0.124715 0.152425 0 0 0
0.661584 -0.123710 0.152404 0 0 0
0.662097 -0.122704 0.152382 0 0 0
0.662609 -0.121701 0.152360 0 0 0
0.663153 -0.120688 0.152334 0 0 0
0.663868 -0.119803 0.152292 0 0 0
0.664583 -0.118900 0.152240 0 0 0
0.664987 -0.118071 0.152145 0 0 0
0.664883 -0.116359 0.151502 0 0 0
0.665095 -0.115854 0.151419 0 0 0
0.665021 -0.114147 0.150773 0 0 0
0.665444 -0.113319 0.150677 0 0 0
0.666152 -0.112369 0.150619 0 0 0
0.666658 -0.111699 0.150549 0 0 0
0.666470 -0.109873 0.149889 0 0 0
0.666857 -0.109094 0.149832 0 0 0
0.667553 -0.108084 0.149800 0 0 0
0.667981 -0.107422 0.149818 0 0 0
0.669343 -0.106080 0.150438 0 0 0
0.669732 -0.105352 0.150465 0 0 0
0.670259 -0.104315 0.150450 0 0 0
0.670776 -0.103301 0.150428 0 0 0
0.671310 -0.102265 0.150409 0 0 0
0.671678 -0.101559 0.150414 0 0 0
0.673239 -0.100284 0.151044 0 0 0
0.673499 -0.099484 0.151086 0 0 0
0.674008 -0.098450 0.151079 0 0 0
0.674402 -0.097754 0.151083 0 0 0
0.675969 -0.096534 0.151704 0 0 0
0.676346 -0.095760 0.151741 0 0 0
0.676730 -0.094656 0.151740 0 0 0
0.677201 -0.093672 0.151723 0 0 0
0.677734 -0.092669 0.151699 0 0 0
0.678248 -0.091636 0.151672 0 0 0
0.678566 -0.090827 0.151628 0 0 0
0.678526 -0.089075 0.151246 0 0 0
0.678989 -0.088382 0.151102 255 0 0
0.679612 -0.087419 0.150881 255 0 0
0.680159 -0.086375 0.150815 255 0 0
0.680676 -0.085371 0.150790 0 0 0
0.681190 -0.084363 0.150768 0 0 0
0.681704 -0.083355 0.150746 0 0 0
0.682218 -0.082347 0.150724 0 0 0
0.682732 -0.081340 0.150703 0 0 0
0.683247 -0.080327 0.150680 0 0 0
0.683789 -0.079372 0.150653 0 0 0
0.684439 -0.078418 0.150618 0 0 0
0.684994 -0.077378 0.150588 0 0 0
0.685347 -0.076630 0.150539 0 0 0
0.685060 -0.074959 0.149940 0 0 0
0.686672 -0.074088 0.150407 0 0 0
0.687043 -0.073401 0.150316 0 0 0
0.687401 -0.072305 0.150454 0 0 0
0.687895 -0.071314 0.150475 0 0 0
0.688527 -0.070322 0.150446 0 0 0
0.688929 -0.069220 0.150435 0 0 0
0.689383 -0.068229 0.150420 0 0 0
0.689902 -0.067209 0.150397 0 0 0
0.690455 -0.066235 0.150365 0 0 0
0.690950 -0.065563 0.150311 0 0 0
0.690832 -0.063547 0.149623 0 0 0
0.691085 -0.063077 0.149617 0 0 0
0.692637 -0.062251 0.150153 0 0 0
0.692282 -0.060821 0.149627 0 0 0
0.693820 -0.059998 0.150172 0 0 0
0.694073 -0.059535 0.150168 0 0 0
0.693964 -0.057497 0.149478 0 0 0
0.694384 -0.056834 0.149433 0 0 0
0.694848 -0.055760 0.149411 0 0 0
0.695484 -0.054775 0.149377 0 0 0
0.696019 -0.053814 0.149351 0 0 0
0.696536 -0.052795 0.149329 0 0 0
0.697074 -0.051829 0.149303 0 0 0
0.697735 -0.050859 0.149258 0 0 0
0.698143 -0.050096 0.149186 0 0 0
0.698165 -0.048168 0.148505 0 0 0
0.698518 -0.047446 0.148464 0 0 0
0.699043 -0.046404 0.148438 0 0 0
0.699560 -0.045390 0.148415 0 0 0
0.700077 -0.044377 0.148393 0 0 0
0.700593 -0.043365 0.148371 0 0 0
0.701109 -0.042353 0.148349 0 0 0
0.701626 -0.041340 0.148327 0 0 0
0.702143 -0.040327 0.148305 0 0 0
0.702672 -0.039294 0.148275 0 0 0
0.703031 -0.038503 0.148216 0 0 0
0.703137 -0.036642 0.147773 0 0 0
0.703524 -0.035955 0.147675 0 0 0
0.704144 -0.034929 0.147479 0 0 0
0.704671 -0.033885 0.147417 0 0 0
0.705190 -0.032874 0.147391 0 0 0
0.705707 -0.031859 0.147369 0 0 0
0.706225 -0.030845 0.147346 0 0 0
0.706744 -0.029830 0.147324 0 0 0
0.707269 -0.028816 0.147302 0 0 0
0.707805 -0.027806 0.147279 0 0 0
0.708251 -0.026806 0.147265 0 0 0
0.708645 -0.025673 0.147265 0 0 0
0.709063 -0.024846 0.147321 0 0 0
0.710509 -0.023874 0.147902 0 0 0
0.710907 -0.023137 0.147925 0 0 0
0.711366 -0.022119 0.147917 0 0 0
0.711761 -0.021015 0.147907 0 0 0
0.712270 -0.019980 0.147887 0 0 0
0.712841 -0.018957 0.147860 0 0 0
0.713514 -0.018003 0.147819 0 0 0
0.713870 -0.017284 0.147784 0 0 0
0.713894 -0.015364 0.147297 0 0 0
0.714489 -0.014627 0.147043 0 0 0
0.715025 -0.013607 0.146971 0 0 0
0.715544 -0.012554 0.146910 0 0 0
0.716185 -0.011549 0.146701 0 0 0
0.716656 -0.010926 0.146571 0 0 0
0.716705 -0.008875 0.146134 0 0 0
0.717061 -0.008125 0.146102 0 0 0
0.717590 -0.007083 0.146077 0 0 0
0.718109 -0.006064 0.146055 0 0 0
0.718628 -0.005047 0.146033 0 0 0
0.719147 -0.004030 0.146011 0 0 0
0.719666 -0.003013 0.145988 0 0 0
0.720184 -0.001996 0.145966 0 0 0
0.720703 -0.000979 0.145944 0 0 0
0.721222 0.000038 0.145922 0 0 0
0.721741 0.001055 0.145900 0 0 0
0.722259 0.002072 0.145878 0 0 0
0.722778 0.003089 0.145856 0 0 0
0.723297 0.004106 0.145833 0 0 0
0.723816 0.005123 0.145811 0 0 0
0.724334 0.006140 0.145789 0 0 0
0.724853 0.007157 0.145767 0 0 0
0.725372 0.008174 0.145745 0 0 0
0.725890 0.009191 0.145723 0 0 0
0.726407 0.010211 0.145701 0 0 0
0.726914 0.011237 0.145680 0 0 0
0.727424 0.012262 0.145659 0 0 0
0.727950 0.013243 0.145634 0 0 0
0.728616 0.014167 0.145596 0 0 0
0.729198 0.015196 0.145568 0 0 0
0.729720 0.016209 0.145545 0 0 0
0.730248 0.017225 0.145522 0 0 0
0.730779 0.018232 0.145499 0 0 0
0.731298 0.019243 0.145477 0 0 0
0.731805 0.020278 0.145456 0 0 0
0.732203 0.021398 0.145446 0 0 0
0.732633 0.022408 0.145434 0 0 0
0.733153 0.023434 0.145413 0 0 0
0.733679 0.024419 0.145388 0 0 0
0.734327 0.025355 0.145352 0 0 0
0.734785 0.026490 0.145336 0 0 0
0.735202 0.027504 0.145325 0 0 0
0.735722 0.028527 0.145305 0 0 0
0.736240 0.029545 0.145283 0 0 0
0.736759 0.030562 0.145260 0 0 0
0.737278 0.031579 0.145238 0 0 0
0.737796 0.032596 0.145216 0 0 0
0.738315 0.033613 0.145194 0 0 0
0.738833 0.034635 0.145172 0 0 0
0.739359 0.035623 0.145148 0 0 0
0.740020 0.036541 0.145110 0 0 0
0.740610 0.037571 0.145081 0 0 0
0.741133 0.038584 0.145058 0 0 0
0.741661 0.039598 0.145035 0 0 0
0.742181 0.040619 0.145013 0 0 0
0.742602 0.041740 0.145001 0 0 0
0.742926 0.042779 0.144999 0 0 0
0.743137 0.043559 0.145000 0 0 0
0.648170 -0.155126 0.153663 0 0 0
0.648423 -0.154734 0.153602 0 0 0
0.648273 -0.153143 0.152973 0 0 0
0.648750 -0.152373 0.152891 0 0 0
0.649306 -0.151425 0.152856 0 0 0
0.649814 -0.150410 0.152829 0 0 0
0.650322 -0.149402 0.152807 0 0 0
0.650833 -0.148399 0.152785 0 0 0
0.651345 -0.147396 0.152763 0 0 0
0.651856 -0.146393 0.152741 0 0 0
0.652368 -0.145390 0.152719 0 0 0
0.652880 -0.144387 0.152697 0 0 0
0.653391 -0.143384 0.152676 0 0 0
0.653902 -0.142378 0.152654 0 0 0
0.654407 -0.141369 0.152633 0 0 0
0.654905 -0.140361 0.152612 0 0 0
0.655416 -0.139358 0.152590 0 0 0
0.655942 -0.138360 0.152567 0 0 0
0.656461 -0.137362 0.152545 0 0 0
0.656974 -0.136362 0.152523 0 0 0
0.657486 -0.135359 0.152501 0 0 0
0.657997 -0.134356 0.152479 0 0 0
0.658509 -0.133353 0.152457 0 0 0
0.659021 -0.132350 0.152435 0 0 0
0.659539 -0.131342 0.152413 0 0 0
0.660021 -0.130329 0.152398 0 0 0
0.660238 -0.129575 0.152410 0 0 0
0.662092 -0.128310 0.153060 0 0 0
0.662437 -0.127616 0.153061 0 0 0
0.662978 -0.126587 0.153041 0 0 0
0.663455 -0.125613 0.153023 0 0 0
0.663837 -0.124541 0.153013 0 0 0
0.664469 -0.123512 0.152983 0 0 0
0.665010 -0.122562 0.152948 0 0 0
0.665357 -0.121798 0.152891 0 0 0
0.665108 -0.119989 0.152236 0 0 0
0.665483 -0.119192 0.152170 0 0 0
0.665960 -0.118469 0.152090 0 0 0
0.665979 -0.116857 0.151449 0 0 0
0.666547 -0.116141 0.151338 0 0 0
0.667246 -0.115212 0.151277 0 0 0
0.667657 -0.114385 0.151183 0 0 0
0.667581 -0.112683 0.150545 0 0 0
0.667954 -0.111997 0.150484 0 0 0
0.668627 -0.110982 0.150434 0 0 0
0.669005 -0.110211 0.150377 0 0 0
0.668793 -0.108354 0.149725 0 0 0
0.669031 -0.107860 0.149723 0 0 0
0.670636 -0.106589 0.150337 0 0 0
0.671004 -0.105892 0.150345 0 0 0
0.671536 -0.104858 0.150328 0 0 0
0.672052 -0.103848 0.150306 0 0 0
0.672578 -0.102813 0.150291 0 0 0
0.672967 -0.102086 0.150320 0 0 0
0.674338 -0.100776 0.150944 0 0 0
0.674690 -0.100068 0.150975 0 0 0
0.675093 -0.098940 0.150981 0 0 0
0.675468 -0.098165 0.151018 0 0 0
0.677033 -0.096946 0.151642 0 0 0
0.677358 -0.096265 0.151652 0 0 0
0.677761 -0.095174 0.151646 0 0 0
0.678259 -0.094124 0.151627 0 0 0
0.678768 -0.093127 0.151605 0 0 0
0.679316 -0.092113 0.151580 0 0 0
0.680015 -0.091201 0.151530 0 0 0
0.680550 -0.090518 0.151434 0 0 0
0.680566 -0.088738 0.150776 0 0 0
0.680923 -0.088013 0.150721 0 0 0
0.681437 -0.086979 0.150692 0 0 0
0.681935 -0.085965 0.150671 0 0 0
0.682443 -0.084954 0.150649 0 0 0
0.682955 -0.083947 0.150628 0 0 0
0.683468 -0.082942 0.150606 0 0 0
0.683981 -0.081936 0.150584 0 0 0
0.684493 -0.080929 0.150562 0 0 0
0.685002 -0.079919 0.150541 0 0 0
0.685500 -0.078906 0.150520 0 0 0
0.686006 -0.077894 0.150498 0 0 0
0.686547 -0.076955 0.150468 0 0 0
0.687226 -0.075920 0.150380 0 0 0
0.687595 -0.075004 0.150161 0 0 0
0.687398 -0.073639 0.150049 0 0 0
0.688641 -0.072683 0.150321 0 0 0
0.689095 -0.071899 0.150358 0 0 0
0.689607 -0.070871 0.150344 0 0 0
0.690129 -0.069870 0.150322 0 0 0
0.690647 -0.068866 0.150299 0 0 0
0.691160 -0.067859 0.150278 0 0 0
0.691668 -0.066842 0.150256 0 0 0
0.692194 -0.065888 0.150230 0 0 0
0.692862 -0.064956 0.150191 0 0 0
0.693413 -0.063864 0.150119 0 0 0
0.693888 -0.062829 0.149917 0 0 0
0.694383 -0.062014 0.149877 0 0 0
0.694784 -0.060831 0.150066 0 0 0
0.695292 -0.059812 0.150041 0 0 0
0.695883 -0.059040 0.149779 0 0 0
0.695884 -0.057558 0.149390 0 0 0
0.696980 -0.056936 0.149573 0 0 0
0.696900 -0.055298 0.149278 0 0 0
0.697233 -0.054500 0.149236 0 0 0
0.697751 -0.053463 0.149210 0 0 0
0.698263 -0.052447 0.149188 0 0 0
0.698776 -0.051407 0.149159 0 0 0
0.699139 -0.050659 0.149094 0 0 0
0.699370 -0.048878 0.148412 0 0 0
0.699729 -0.048122 0.148347 0 0 0
0.700254 -0.047081 0.148316 0 0 0
0.700770 -0.046069 0.148294 0 0 0
0.701285 -0.045059 0.148272 0 0 0
0.701800 -0.044049 0.148250 0 0 0
0.702316 -0.043039 0.148228 0 0 0
0.702831 -0.042029 0.148206 0 0 0
0.703347 -0.041017 0.148184 0 0 0
0.703876 -0.039982 0.148154 0 0 0
0.704241 -0.039239 0.148093 0 0 0
0.704462 -0.037394 0.147410 0 0 0
0.704827 -0.036647 0.147349 0 0 0
0.705355 -0.035608 0.147314 0 0 0
0.705873 -0.034594 0.147290 0 0 0
0.706394 -0.033583 0.147268 0 0 0
0.706918 -0.032577 0.147245 0 0 0
0.707432 -0.031561 0.147223 0 0 0
0.707964 -0.030551 0.147201 0 0 0
0.708408 -0.029553 0.147187 0 0 0
0.708806 -0.028422 0.147183 0 0 0
0.709204 -0.027656 0.147205 0 0 0
0.710844 -0.026725 0.147810 0 0 0
0.711169 -0.025985 0.147837 0 0 0
0.711473 -0.024761 0.147844 0 0 0
0.711920 -0.023725 0.147838 0 0 0
0.712338 -0.022986 0.147859 0 0 0
0.713969 -0.022068 0.148460 0 0 0
0.714389 -0.021306 0.148477 0 0 0
0.714771 -0.020586 0.148449 0 0 0
0.714694 -0.018416 0.147729 0 0 0
0.715197 -0.017786 0.147679 0 0 0
0.715703 -0.017158 0.147628 0 0 0
0.715691 -0.014984 0.146903 0 0 0
0.716184 -0.014320 0.146850 0 0 0
0.716562 -0.013556 0.146789 0 0 0
0.716723 -0.011608 0.146334 0 0 0
0.717095 -0.010943 0.146247 0 0 0
0.717721 -0.009902 0.146037 0 0 0
0.718237 -0.008859 0.145979 0 0 0
0.718760 -0.007848 0.145954 0 0 0
0.719277 -0.006833 0.145932 0 0 0
0.719795 -0.005818 0.145910 0 0 0
0.720312 -0.004804 0.145887 0 0 0
0.720830 -0.003789 0.145865 0 0 0
0.721348 -0.002774 0.145843 0 0 0
0.721865 -0.001760 0.145821 0 0 0
0.722383 -0.000745 0.145799 0 0 0
0.722900 0.000270 0.145777 0 0 0
0.723418 0.001285 0.145755 0 0 0
0.723935 0.002299 0.145733 0 0 0
0.724453 0.003314 0.145711 0 0 0
0.724973 0.004329 0.145689 0 0 0
0.725499 0.005342 0.145666 0 0 0
0.726030 0.006348 0.145642 0 0 0
0.726550 0.007359 0.145620 0 0 0
0.727068 0.008373 0.145598 0 0 0
0.727585 0.009388 0.145576 0 0 0
0.728103 0.010403 0.145554 0 0 0
0.728620 0.011418 0.145532 0 0 0
0.729136 0.012435 0.145510 0 0 0
0.729641 0.013459 0.145489 0 0 0
0.730150 0.014476 0.145468 0 0 0
0.730668 0.015493 0.145447 0 0 0
0.731094 0.016501 0.145435 0 0 0
0.731488 0.017620 0.145424 0 0 0
0.731992 0.018654 0.145404 0 0 0
0.732510 0.019664 0.145382 0 0 0
0.733040 0.020668 0.145359 0 0 0
0.733567 0.021682 0.145336 0 0 0
0.734088 0.022698 0.145313 0 0 0
0.734603 0.023715 0.145292 0 0 0
0.735112 0.024732 0.145270 0 0 0
0.735704 0.025751 0.145241 0 0 0
0.736375 0.026665 0.145203 0 0 0
0.736902 0.027646 0.145178 0 0 0
0.737418 0.028667 0.145156 0 0 0
0.737932 0.029681 0.145134 0 0 0
0.738441 0.030699 0.145113 0 0 0
0.738950 0.031723 0.145092 0 0 0
0.739475 0.032739 0.145069 0 0 0
0.740004 0.033744 0.145046 0 0 0
0.740522 0.034759 0.145024 0 0 0
0.741029 0.035782 0.145003 0 0 0
0.741540 0.036801 0.144981 0 0 0
0.742067 0.037816 0.144958 0 0 0
0.742468 0.038818 0.144946 0 0 0
0.742868 0.039950 0.144937 0 0 0
0.743409 0.041003 0.144914 0 0 0
0.743725 0.041665 0.144902 0 0 0
0.649980 -0.154614 0.153528 0 0 0
0.650296 -0.154247 0.153462 0 0 0
0.650103 -0.152563 0.152830 0 0 0
0.650570 -0.151800 0.152751 0 0 0
0.651131 -0.150846 0.152714 0 0 0
0.651645 -0.149841 0.152690 0 0 0
0.652155 -0.148841 0.152669 0 0 0
0.652666 -0.147840 0.152647 0 0 0
0.653176 -0.146839 0.152625 0 0 0
0.653687 -0.145838 0.152603 0 0 0
0.654197 -0.144837 0.152582 0 0 0
0.654708 -0.143837 0.152560 0 0 0
0.655218 -0.142836 0.152538 0 0 0
0.655729 -0.141835 0.152516 0 0 0
0.656243 -0.140831 0.152494 0 0 0
0.656716 -0.139840 0.152476 0 0 0
0.657083 -0.138781 0.152467 0 0 0
0.657567 -0.137725 0.152449 0 0 0
0.658073 -0.136726 0.152428 0 0 0
0.658583 -0.135725 0.152406 0 0 0
0.659093 -0.134725 0.152385 0 0 0
0.659604 -0.133724 0.152363 0 0 0
0.660116 -0.132721 0.152341 0 0 0
0.660646 -0.131696 0.152321 0 0 0
0.660989 -0.131002 0.152322 0 0 0
0.662828 -0.129726 0.152976 0 0 0
0.663042 -0.128979 0.152988 0 0 0
0.663541 -0.127968 0.152972 0 0 0
0.664031 -0.126963 0.152956 0 0 0
0.664275 -0.126186 0.152969 0 0 0
0.666019 -0.125134 0.153239 0 0 0
0.665758 -0.123853 0.152935 0 0 0
0.666070 -0.122995 0.152870 0 0 0
0.666619 -0.122044 0.152835 0 0 0
0.667296 -0.121070 0.152790 0 0 0
0.667708 -0.120257 0.152692 0 0 0
0.667675 -0.118625 0.152045 0 0 0
0.667983 -0.118148 0.151951 0 0 0
0.667812 -0.116312 0.151270 0 0 0
0.668288 -0.115561 0.151196 0 0 0
0.668684 -0.114863 0.151127 0 0 0
0.668654 -0.113167 0.150483 0 0 0
0.669170 -0.112391 0.150381 0 0 0
0.669712 -0.111423 0.150339 0 0 0
0.670295 -0.110455 0.150264 0 0 0
0.671008 -0.109504 0.150034 0 0 0
0.671512 -0.108512 0.149965 0 0 0
0.671859 -0.107510 0.150031 0 0 0
0.672280 -0.106427 0.150192 0 0 0
0.672816 -0.105401 0.150207 0 0 0
0.673325 -0.104392 0.150188 0 0 0
0.673851 -0.103360 0.150174 0 0 0
0.674237 -0.102638 0.150202 0 0 0
0.675635 -0.101320 0.150834 0 0 0
0.675882 -0.100885 0.150880 0 0 0
0.677480 -0.099653 0.151518 0 0 0
0.677847 -0.098889 0.151554 0 0 0
0.678248 -0.097767 0.151557 0 0 0
0.678569 -0.097083 0.151568 0 0 0
0.680161 -0.095877 0.152191 0 0 0
0.680548 -0.095155 0.152225 0 0 0
0.681078 -0.094111 0.152201 0 0 0
0.681453 -0.093331 0.152119 0 0 0
0.681397 -0.091521 0.151451 0 0 0
0.681596 -0.091053 0.151383 0 0 0
0.681561 -0.089253 0.150713 0 0 0
0.681938 -0.088472 0.150631 0 0 0
0.682496 -0.087441 0.150596 0 0 0
0.683152 -0.086492 0.150562 0 0 0
0.683691 -0.085547 0.150535 0 0 0
0.684203 -0.084537 0.150513 0 0 0
0.684715 -0.083534 0.150491 0 0 0
0.685226 -0.082531 0.150469 0 0 0
0.685738 -0.081528 0.150447 0 0 0
0.686250 -0.080525 0.150425 0 0 0
0.686761 -0.079522 0.150404 0 0 0
0.687273 -0.078516 0.150382 0 0 0
0.687789 -0.077486 0.150355 0 0 0
0.688121 -0.076699 0.150311 0 0 0
0.688096 -0.074961 0.149846 0 0 0
0.688541 -0.074459 0.149682 0 0 0
0.689944 -0.073284 0.150199 0 0 0
0.690331 -0.072527 0.150243 0 0 0
0.690854 -0.071498 0.150229 0 0 0
0.691366 -0.070494 0.150207 0 0 0
0.691878 -0.069490 0.150185 0 0 0
0.692389 -0.068487 0.150163 0 0 0
0.692901 -0.067483 0.150142 0 0 0
0.693409 -0.066474 0.150120 0 0 0
0.693915 -0.065442 0.150095 0 0 0
0.694253 -0.064671 0.150055 0 0 0
0.694234 -0.062827 0.149656 0 0 0
0.694562 -0.062247 0.149638 0 0 0
0.696105 -0.061292 0.149785 0 0 0
0.696310 -0.060741 0.149892 0 0 0
0.696245 -0.058894 0.149513 0 0 0
0.696700 -0.058029 0.149313 0 0 0
0.697186 -0.057023 0.149394 0 0 0
0.697749 -0.056066 0.149210 0 0 0
0.698452 -0.055089 0.149122 0 0 0
0.698985 -0.054143 0.149093 0 0 0
0.699484 -0.053121 0.149072 0 0 0
0.700002 -0.052081 0.149046 0 0 0
0.700356 -0.051368 0.149006 0 0 0
0.700425 -0.049439 0.148312 0 0 0
0.700936 -0.048750 0.148233 0 0 0
0.701481 -0.047776 0.148198 0 0 0
0.701981 -0.046752 0.148177 0 0 0
0.702491 -0.045739 0.148155 0 0 0
0.703005 -0.044731 0.148134 0 0 0
0.703519 -0.043723 0.148112 0 0 0
0.704033 -0.042715 0.148090 0 0 0
0.704547 -0.041706 0.148067 0 0 0
0.705074 -0.040672 0.148035 0 0 0
0.705438 -0.039933 0.147970 0 0 0
0.705655 -0.038088 0.147286 0 0 0
0.706021 -0.037344 0.147224 0 0 0
0.706550 -0.036309 0.147194 0 0 0
0.707068 -0.035294 0.147172 0 0 0
0.707519 -0.034297 0.147157 0 0 0
0.707968 -0.033189 0.147143 0 0 0
0.708549 -0.032244 0.147117 0 0 0
0.708961 -0.031164 0.147109 0 0 0
0.709356 -0.030397 0.147130 0 0 0
0.711003 -0.029463 0.147737 0 0 0
0.711404 -0.028703 0.147757 0 0 0
0.711829 -0.027566 0.147759 0 0 0
0.712150 -0.026850 0.147789 0 0 0
0.713629 -0.025893 0.148374 0 0 0
0.714054 -0.025109 0.148427 0 0 0
0.714564 -0.024054 0.148416 0 0 0
0.714936 -0.022948 0.148407 0 0 0
0.715362 -0.021942 0.148394 0 0 0
0.715901 -0.020951 0.148362 0 0 0
0.716387 -0.020290 0.148292 0 0 0
0.716529 -0.018255 0.147578 0 0 0
0.716894 -0.017559 0.147535 0 0 0
0.717382 -0.016870 0.147462 0 0 0
0.717524 -0.014805 0.146741 0 0 0
0.717734 -0.014380 0.146702 0 0 0
0.717882 -0.012311 0.145989 0 0 0
0.718370 -0.011651 0.145917 0 0 0
0.718911 -0.010659 0.145879 0 0 0
0.719413 -0.009629 0.145856 0 0 0
0.719926 -0.008613 0.145835 0 0 0
0.720442 -0.007600 0.145813 0 0 0
0.720959 -0.006588 0.145791 0 0 0
0.721475 -0.005575 0.145768 0 0 0
0.721991 -0.004563 0.145746 0 0 0
0.722508 -0.003551 0.145724 0 0 0
0.723027 -0.002538 0.145702 0 0 0
0.723552 -0.001527 0.145679 0 0 0
0.724081 -0.000523 0.145656 0 0 0
0.724600 0.000485 0.145634 0 0 0
0.725117 0.001497 0.145612 0 0 0
0.725633 0.002509 0.145590 0 0 0
0.726153 0.003525 0.145569 0 0 0
0.726581 0.004528 0.145556 0 0 0
0.726970 0.005645 0.145546 0 0 0
0.727472 0.006680 0.145526 0 0 0
0.727987 0.007691 0.145504 0 0 0
0.728503 0.008703 0.145482 0 0 0
0.729020 0.009716 0.145460 0 0 0
0.729536 0.010728 0.145438 0 0 0
0.730052 0.011741 0.145416 0 0 0
0.730569 0.012753 0.145394 0 0 0
0.731086 0.013766 0.145372 0 0 0
0.731623 0.014795 0.145357 0 0 0
0.732069 0.015550 0.145390 0 0 0
0.733590 0.016353 0.145967 0 0 0
0.734039 0.017105 0.146000 0 0 0
0.734585 0.018134 0.145986 0 0 0
0.735012 0.019115 0.145974 0 0 0
0.735415 0.020230 0.145961 0 0 0
0.735993 0.021287 0.145934 0 0 0
0.736657 0.022193 0.145898 0 0 0
0.737183 0.023192 0.145870 0 0 0
0.737543 0.023887 0.145844 0 0 0
0.737430 0.026206 0.145115 0 0 0
0.737788 0.026892 0.145088 0 0 0
0.738314 0.027936 0.145063 0 0 0
0.738833 0.028946 0.145041 0 0 0
0.739423 0.029973 0.145012 0 0 0
0.740086 0.030885 0.144977 0 0 0
0.740513 0.031859 0.144963 0 0 0
0.740913 0.032985 0.144952 0 0 0
0.741416 0.034014 0.144931 0 0 0
0.741931 0.035025 0.144909 0 0 0
0.742443 0.036040 0.144886 0 0 0
0.742979 0.037089 0.144862 0 0 0
0.743287 0.037746 0.144850 0 0 0
0.651345 -0.154956 0.153363 0 0 0
0.651761 -0.154457 0.153202 0 0 0
0.652242 -0.153667 0.153030 0 0 0
0.652125 -0.152143 0.152678 0 0 0
0.652452 -0.151300 0.152609 0 0 0
0.652965 -0.150280 0.152579 0 0 0
0.653475 -0.149280 0.152557 0 0 0
0.653988 -0.148281 0.152535 0 0 0
0.654512 -0.147288 0.152512 0 0 0
0.655029 -0.146295 0.152489 0 0 0
0.655540 -0.145300 0.152468 0 0 0
0.656050 -0.144302 0.152446 0 0 0
0.656559 -0.143304 0.152424 0 0 0
0.657069 -0.142303 0.152402 0 0 0
0.657591 -0.141283 0.152383 0 0 0
0.657979 -0.140582 0.152380 0 0 0
0.659620 -0.139307 0.152722 0 0 0
0.659920 -0.138646 0.152795 0 0 0
0.660441 -0.137547 0.152988 0 0 0
0.660993 -0.136543 0.153011 0 0 0
0.661493 -0.135542 0.152994 0 0 0
0.662001 -0.134546 0.152972 0 0 0
0.662509 -0.133550 0.152950 0 0 0
0.663013 -0.132557 0.152929 0 0 0
0.663495 -0.131503 0.152911 0 0 0
0.663856 -0.130438 0.152902 0 0 0
0.664303 -0.129479 0.152887 0 0 0
0.664679 -0.128385 0.152881 0 0 0
0.665006 -0.127635 0.152888 0 0 0
0.666645 -0.126561 0.153457 0 0 0
0.666256 -0.125188 0.153086 0 0 0
0.666631 -0.124447 0.152868 0 0 0
0.667363 -0.123419 0.152763 0 0 0
0.667911 -0.122498 0.152731 0 0 0
0.668408 -0.121470 0.152699 0 0 0
0.668794 -0.120695 0.152607 0 0 0
0.668867 -0.119123 0.151984 0 0 0
0.669303 -0.118398 0.151878 0 0 0
0.669828 -0.117618 0.151765 0 0 0
0.669771 -0.115909 0.151120 0 0 0
0.670169 -0.115217 0.151048 0 0 0
0.670691 -0.114430 0.150939 0 0 0
0.670652 -0.112728 0.150288 0 0 0
0.671046 -0.111944 0.150182 0 0 0
0.671502 -0.111092 0.149956 0 0 0
0.671421 -0.109564 0.149737 0 0 0
0.671816 -0.108703 0.149672 0 0 0
0.672194 -0.107929 0.149687 0 0 0
0.673652 -0.106703 0.150059 0 0 0
0.674072 -0.105964 0.150087 0 0 0
0.674595 -0.104936 0.150074 0 0 0
0.675126 -0.103906 0.150060 0 0 0
0.675522 -0.103192 0.150088 0 0 0
0.676891 -0.101867 0.150728 0 0 0
0.677160 -0.101408 0.150797 0 0 0
0.678518 -0.100087 0.151435 0 0 0
0.678906 -0.099375 0.151464 0 0 0
0.679461 -0.098331 0.151456 0 0 0
0.679862 -0.097614 0.151487 0 0 0
0.681187 -0.096320 0.152110 0 0 0
0.681569 -0.095602 0.152141 0 0 0
0.682100 -0.094558 0.152117 0 0 0
0.682489 -0.093802 0.152035 0 0 0
0.682638 -0.092158 0.151385 0 0 0
0.683050 -0.091457 0.151301 0 0 0
0.683700 -0.090486 0.151257 0 0 0
0.684251 -0.089451 0.151222 0 0 0
0.684624 -0.088678 0.151141 0 0 0
0.684595 -0.086888 0.150478 0 0 0
0.684934 -0.086164 0.150430 0 0 0
0.685448 -0.085129 0.150402 0 0 0
0.685958 -0.084125 0.150380 0 0 0
0.686469 -0.083124 0.150358 0 0 0
0.686979 -0.082123 0.150337 0 0 0
0.687490 -0.081123 0.150315 0 0 0
0.688000 -0.080122 0.150293 0 0 0
0.688511 -0.079121 0.150271 0 0 0
0.689023 -0.078114 0.150249 0 0 0
0.689572 -0.077142 0.150217 0 0 0
0.690045 -0.076450 0.150159 0 0 0
0.689810 -0.074732 0.149589 0 0 0
0.691172 -0.073852 0.150121 0 0 0
0.691554 -0.073142 0.150136 0 0 0
0.692083 -0.072117 0.150119 0 0 0
0.692595 -0.071115 0.150097 0 0 0
0.693105 -0.070114 0.150075 0 0 0
0.693616 -0.069113 0.150054 0 0 0
0.694126 -0.068112 0.150032 0 0 0
0.694636 -0.067111 0.150010 0 0 0
0.695148 -0.066106 0.149988 0 0 0
0.695684 -0.065154 0.149962 0 0 0
0.696336 -0.064190 0.149923 0 0 0
0.696717 -0.063411 0.149876 0 0 0
0.696418 -0.061587 0.149548 0 0 0
0.697785 -0.060917 0.149830 0 0 0
0.698352 -0.060231 0.149837 0 0 0
0.698926 -0.059206 0.149815 0 0 0
0.699443 -0.058180 0.149788 0 0 0
0.699794 -0.057467 0.149750 0 0 0
0.699612 -0.055425 0.149048 0 0 0
0.700008 -0.054700 0.149005 0 0 0
0.700683 -0.053742 0.148965 0 0 0
0.701206 -0.052780 0.148939 0 0 0
0.701747 -0.051788 0.148908 0 0 0
0.702220 -0.051130 0.148860 0 0 0
0.702097 -0.049072 0.148150 0 0 0
0.702503 -0.048347 0.148108 0 0 0
0.703187 -0.047390 0.148067 0 0 0
0.703721 -0.046439 0.148041 0 0 0
0.704225 -0.045425 0.148019 0 0 0
0.704724 -0.044411 0.147998 0 0 0
0.705233 -0.043401 0.147977 0 0 0
0.705751 -0.042397 0.147952 0 0 0
0.706283 -0.041338 0.147880 0 0 0
0.706760 -0.040572 0.147654 0 0 0
0.706889 -0.038849 0.147167 0 0 0
0.707244 -0.038050 0.147107 0 0 0
0.707772 -0.037022 0.147077 0 0 0
0.708300 -0.035995 0.147060 0 0 0
0.708779 -0.035230 0.147083 0 0 0
0.709995 -0.034560 0.147361 0 0 0
0.709697 -0.032926 0.147111 0 0 0
0.711162 -0.032204 0.147663 0 0 0
0.711577 -0.031442 0.147688 0 0 0
0.711977 -0.030321 0.147684 0 0 0
0.712338 -0.029340 0.147678 0 0 0
0.712740 -0.028220 0.147678 0 0 0
0.713161 -0.027395 0.147738 0 0 0
0.714384 -0.026318 0.148333 0 0 0
0.714766 -0.025596 0.148365 0 0 0
0.715294 -0.024573 0.148351 0 0 0
0.715820 -0.023583 0.148328 0 0 0
0.716400 -0.022565 0.148300 0 0 0
0.717078 -0.021617 0.148260 0 0 0
0.717433 -0.020955 0.148225 0 0 0
0.717553 -0.018914 0.147510 0 0 0
0.718046 -0.018229 0.147432 0 0 0
0.718409 -0.017512 0.147368 0 0 0
0.718688 -0.015590 0.146659 0 0 0
0.719067 -0.014868 0.146598 0 0 0
0.719551 -0.014210 0.146548 0 0 0
0.719484 -0.012028 0.145821 0 0 0
0.719899 -0.011316 0.145783 0 0 0
0.720559 -0.010355 0.145744 0 0 0
0.721089 -0.009381 0.145719 0 0 0
0.721604 -0.008366 0.145697 0 0 0
0.722120 -0.007356 0.145675 0 0 0
0.722637 -0.006345 0.145653 0 0 0
0.723161 -0.005336 0.145631 0 0 0
0.723690 -0.004335 0.145607 0 0 0
0.724212 -0.003326 0.145586 0 0 0
0.724640 -0.002326 0.145573 0 0 0
0.725024 -0.001211 0.145563 0 0 0
0.725525 -0.000177 0.145543 0 0 0
0.726038 0.000831 0.145521 0 0 0
0.726554 0.001842 0.145499 0 0 0
0.727089 0.002870 0.145484 0 0 0
0.727524 0.003617 0.145513 0 0 0
0.729095 0.004449 0.146101 0 0 0
0.729540 0.005185 0.146128 0 0 0
0.730077 0.006205 0.146113 0 0 0
0.730591 0.007213 0.146091 0 0 0
0.731105 0.008220 0.146069 0 0 0
0.731619 0.009228 0.146047 0 0 0
0.732129 0.010235 0.146025 0 0 0
0.732634 0.011244 0.146004 0 0 0
0.733139 0.012263 0.145983 0 0 0
0.733659 0.013272 0.145961 0 0 0
0.734172 0.014290 0.145939 0 0 0
0.734565 0.015400 0.145928 0 0 0
0.734988 0.016404 0.145917 0 0 0
0.735425 0.017426 0.145913 0 0 0
0.735760 0.018281 0.145957 0 0 0
0.737285 0.019093 0.146534 0 0 0
0.737573 0.019537 0.146558 0 0 0
0.737469 0.021852 0.145838 0 0 0
0.737831 0.022546 0.145811 0 0 0
0.738356 0.023537 0.145784 0 0 0
0.739098 0.024467 0.145741 0 0 0
0.739840 0.025392 0.145699 0 0 0
0.740354 0.026353 0.145674 0 0 0
0.740870 0.027404 0.145650 0 0 0
0.741227 0.028091 0.145625 0 0 0
0.741150 0.030424 0.144903 0 0 0
0.741458 0.030874 0.144934 0 0 0
0.742834 0.031628 0.145497 0 0 0
0.743199 0.032494 0.145552 0 0 0
0.743740 0.033587 0.145540 0 0 0
0.744043 0.034184 0.145527 0 0 0
0.652238 -0.155357 0.153192 0 0 0
0.652250 -0.154493 0.152915 0 0 0
0.652636 -0.153719 0.152768 0 0 0
0.653207 -0.152737 0.152564 0 0 0
0.653772 -0.151706 0.152495 0 0 0
0.654283 -0.150714 0.152470 0 0 0
0.654795 -0.149715 0.152449 0 0 0
0.655269 -0.148730 0.152430 0 0 0
0.655628 -0.147677 0.152421 0 0 0
0.656107 -0.146621 0.152403 0 0 0
0.656611 -0.145626 0.152382 0 0 0
0.657119 -0.144631 0.152360 0 0 0
0.657627 -0.143634 0.152339 0 0 0
0.658135 -0.142638 0.152317 0 0 0
0.658635 -0.141637 0.152299 0 0 0
0.659187 -0.140634 0.152323 0 0 0
0.659707 -0.139533 0.152515 0 0 0
0.660007 -0.138871 0.152589 0 0 0
0.661648 -0.137607 0.152932 0 0 0
0.662034 -0.136911 0.152930 0 0 0
0.662553 -0.135894 0.152911 0 0 0
0.663061 -0.134899 0.152889 0 0 0
0.663568 -0.133905 0.152868 0 0 0
0.664076 -0.132914 0.152846 0 0 0
0.664595 -0.131920 0.152824 0 0 0
0.665087 -0.130915 0.152807 0 0 0
0.665316 -0.130183 0.152817 0 0 0
0.667158 -0.128923 0.153460 0 0 0
0.667471 -0.128185 0.153469 0 0 0
0.667871 -0.127167 0.153463 0 0 0
0.668495 -0.126211 0.153422 0 0 0
0.668872 -0.125453 0.153359 0 0 0
0.668617 -0.123660 0.152712 0 0 0
0.668957 -0.122908 0.152655 0 0 0
0.669510 -0.121859 0.152614 0 0 0
0.669979 -0.121170 0.152542 0 0 0
0.669942 -0.119557 0.151904 0 0 0
0.670361 -0.118720 0.151793 0 0 0
0.670882 -0.117972 0.151678 0 0 0
0.671019 -0.116471 0.151050 0 0 0
0.671411 -0.115668 0.150947 0 0 0
0.671798 -0.114871 0.150849 0 0 0
0.671887 -0.113269 0.150203 0 0 0
0.672154 -0.112640 0.150060 0 0 0
0.672162 -0.111106 0.149589 0 0 0
0.672626 -0.110343 0.149372 0 0 0
0.673189 -0.109264 0.149305 0 0 0
0.673637 -0.108526 0.149324 0 0 0
0.674982 -0.107366 0.149747 0 0 0
0.675321 -0.106528 0.149936 0 0 0
0.675872 -0.105477 0.149962 0 0 0
0.676339 -0.104457 0.149956 0 0 0
0.676600 -0.103673 0.149997 0 0 0
0.678180 -0.102393 0.150647 0 0 0
0.678429 -0.101964 0.150693 0 0 0
0.679810 -0.100651 0.151327 0 0 0
0.680212 -0.099938 0.151356 0 0 0
0.680688 -0.098912 0.151355 0 0 0
0.680932 -0.098115 0.151399 0 0 0
0.682484 -0.096867 0.152033 0 0 0
0.682841 -0.096177 0.152040 0 0 0
0.683374 -0.095130 0.152015 0 0 0
0.683721 -0.094416 0.151965 0 0 0
0.683666 -0.092633 0.151305 0 0 0
0.684074 -0.091844 0.151219 0 0 0
0.684742 -0.090882 0.151175 0 0 0
0.685280 -0.089926 0.151142 0 0 0
0.685620 -0.089201 0.151094 0 0 0
0.685633 -0.087407 0.150424 0 0 0
0.686163 -0.086685 0.150331 0 0 0
0.686719 -0.085736 0.150294 0 0 0
0.687227 -0.084730 0.150271 0 0 0
0.687731 -0.083730 0.150250 0 0 0
0.688229 -0.082725 0.150229 0 0 0
0.688743 -0.081728 0.150207 0 0 0
0.689241 -0.080726 0.150186 0 0 0
0.689746 -0.079723 0.150165 0 0 0
0.690254 -0.078722 0.150143 0 0 0
0.690759 -0.077712 0.150121 0 0 0
0.691279 -0.076772 0.150096 0 0 0
0.691927 -0.075801 0.150064 0 0 0
0.692342 -0.074718 0.150051 0 0 0
0.692796 -0.073735 0.150034 0 0 0
0.693311 -0.072733 0.150013 0 0 0
0.693820 -0.071734 0.149991 0 0 0
0.694329 -0.070736 0.149969 0 0 0
0.694839 -0.069737 0.149948 0 0 0
0.695348 -0.068739 0.149926 0 0 0
0.695857 -0.067740 0.149904 0 0 0
0.696366 -0.066741 0.149882 0 0 0
0.696871 -0.065737 0.149861 0 0 0
0.697366 -0.064726 0.149840 0 0 0
0.697894 -0.063787 0.149814 0 0 0
0.698544 -0.062825 0.149781 0 0 0
0.698966 -0.061733 0.149768 0 0 0
0.699407 -0.060741 0.149753 0 0 0
0.699920 -0.059745 0.149731 0 0 0
0.700416 -0.058737 0.149710 0 0 0
0.700947 -0.057792 0.149684 0 0 0
0.701628 -0.056838 0.149644 0 0 0
0.702028 -0.056120 0.149601 0 0 0
0.701895 -0.054076 0.148890 0 0 0
0.702370 -0.053419 0.148842 0 0 0
0.702911 -0.052431 0.148811 0 0 0
0.703432 -0.051470 0.148786 0 0 0
0.704105 -0.050515 0.148746 0 0 0
0.704502 -0.049799 0.148705 0 0 0
0.704326 -0.047728 0.147996 0 0 0
0.704679 -0.047021 0.147959 0 0 0
0.705248 -0.045980 0.147928 0 0 0
0.705923 -0.045054 0.147893 0 0 0
0.706449 -0.044104 0.147867 0 0 0
0.706954 -0.043061 0.147842 0 0 0
0.707291 -0.042301 0.147806 0 0 0
0.707244 -0.040454 0.147328 0 0 0
0.707690 -0.039659 0.147092 0 0 0
0.708209 -0.038603 0.147016 0 0 0
0.708728 -0.037599 0.146990 0 0 0
0.709236 -0.036589 0.146972 0 0 0
0.709784 -0.035504 0.147013 0 0 0
0.710159 -0.034764 0.147190 0 0 0
0.711772 -0.033882 0.147590 0 0 0
0.712038 -0.033064 0.147623 0 0 0
0.712350 -0.031962 0.147626 0 0 0
0.712885 -0.030915 0.147611 0 0 0
0.713299 -0.030189 0.147632 0 0 0
0.714873 -0.029249 0.148261 0 0 0
0.715089 -0.028718 0.148331 0 0 0
0.716521 -0.027659 0.148964 0 0 0
0.716924 -0.026930 0.148987 0 0 0
0.717455 -0.025911 0.148971 0 0 0
0.717972 -0.024882 0.148946 0 0 0
0.718322 -0.024192 0.148913 0 0 0
0.718175 -0.022021 0.148191 0 0 0
0.718611 -0.021346 0.148147 0 0 0
0.719212 -0.020742 0.148089 0 0 0
0.719238 -0.018615 0.147338 0 0 0
0.719549 -0.018231 0.147270 0 0 0
0.719853 -0.016342 0.146552 0 0 0
0.720198 -0.015603 0.146496 0 0 0
0.720730 -0.014606 0.146464 0 0 0
0.721407 -0.013660 0.146420 0 0 0
0.721807 -0.012923 0.146356 0 0 0
0.721919 -0.010887 0.145642 0 0 0
0.722266 -0.010183 0.145610 0 0 0
0.722791 -0.009146 0.145584 0 0 0
0.723306 -0.008137 0.145562 0 0 0
0.723824 -0.007125 0.145541 0 0 0
0.724250 -0.006128 0.145528 0 0 0
0.724632 -0.005014 0.145518 0 0 0
0.725151 -0.003963 0.145504 0 0 0
0.725577 -0.003223 0.145532 0 0 0
0.727158 -0.002373 0.146126 0 0 0
0.727593 -0.001635 0.146153 0 0 0
0.728139 -0.000622 0.146137 0 0 0
0.728656 0.000380 0.146114 0 0 0
0.729167 0.001383 0.146093 0 0 0
0.729668 0.002413 0.146074 0 0 0
0.729960 0.003516 0.146072 0 0 0
0.730253 0.004621 0.146070 0 0 0
0.730754 0.005652 0.146051 0 0 0
0.731265 0.006656 0.146029 0 0 0
0.731778 0.007661 0.146007 0 0 0
0.732291 0.008666 0.145985 0 0 0
0.732805 0.009668 0.145963 0 0 0
0.733388 0.010686 0.145935 0 0 0
0.734057 0.011594 0.145901 0 0 0
0.734487 0.012554 0.145886 0 0 0
0.734873 0.013670 0.145874 0 0 0
0.735385 0.014687 0.145853 0 0 0
0.735927 0.015707 0.145838 0 0 0
0.736373 0.016457 0.145873 0 0 0
0.737871 0.017266 0.146454 0 0 0
0.738200 0.018113 0.146498 0 0 0
0.738646 0.019094 0.146491 0 0 0
0.739321 0.020000 0.146456 0 0 0
0.739914 0.021007 0.146427 0 0 0
0.740426 0.022035 0.146403 0 0 0
0.740769 0.022717 0.146377 0 0 0
0.740644 0.025045 0.145642 0 0 0
0.741004 0.025721 0.145616 0 0 0
0.741610 0.026781 0.145584 0 0 0
0.742171 0.027633 0.145554 0 0 0
0.742704 0.028613 0.145528 0 0 0
0.743286 0.029735 0.145501 0 0 0
0.743512 0.030460 0.145494 0 0 0
0.653663 -0.154782 0.152495 0 0 0
0.654075 -0.154179 0.152441 0 0 0
0.654587 -0.153146 0.152411 0 0 0
0.655091 -0.152142 0.152388 0 0 0
0.655598 -0.151146 0.152366 0 0 0
0.656122 -0.150128 0.152347 0 0 0
0.656474 -0.149457 0.152346 0 0 0
0.658145 -0.148090 0.152993 0 0 0
0.658514 -0.147418 0.153018 0 0 0
0.659032 -0.146400 0.153004 0 0 0
0.659539 -0.145406 0.152983 0 0 0
0.660045 -0.144414 0.152961 0 0 0
0.660551 -0.143423 0.152939 0 0 0
0.661056 -0.142431 0.152918 0 0 0
0.661562 -0.141440 0.152896 0 0 0
0.662063 -0.140451 0.152875 0 0 0
0.662542 -0.139403 0.152857 0 0 0
0.662901 -0.138353 0.152847 0 0 0
0.663368 -0.137369 0.152829 0 0 0
0.663878 -0.136375 0.152808 0 0 0
0.664384 -0.135383 0.152786 0 0 0
0.664889 -0.134392 0.152764 0 0 0
0.665396 -0.133398 0.152743 0 0 0
0.665915 -0.132385 0.152724 0 0 0
0.666296 -0.131689 0.152723 0 0 0
0.667925 -0.130417 0.153090 0 0 0
0.668189 -0.129622 0.153143 0 0 0
0.668601 -0.128709 0.153171 0 0 0
0.669114 -0.127589 0.153290 0 0 0
0.669702 -0.126607 0.153131 0 0 0
0.670219 -0.125738 0.153054 0 0 0
0.670782 -0.124846 0.153047 0 0 0
0.671306 -0.123745 0.153204 0 0 0
0.671719 -0.122940 0.153146 0 0 0
0.671667 -0.121326 0.152527 0 0 0
0.672141 -0.120620 0.152442 0 0 0
0.672563 -0.119794 0.152323 0 0 0
0.672326 -0.118352 0.151653 0 0 0
0.672128 -0.116905 0.150968 0 0 0
0.672651 -0.116120 0.150848 0 0 0
0.673086 -0.115399 0.150745 0 0 0
0.673162 -0.113782 0.150098 0 0 0
0.673414 -0.113265 0.149987 0 0 0
0.673375 -0.111535 0.149325 0 0 0
0.673920 -0.110782 0.149218 0 0 0
0.674422 -0.109848 0.149187 0 0 0
0.674804 -0.108722 0.149228 0 0 0
0.675161 -0.107839 0.149436 0 0 0
0.676711 -0.106748 0.149854 0 0 0
0.677137 -0.106015 0.149859 0 0 0
0.677522 -0.105308 0.149867 0 0 0
0.679072 -0.104026 0.150509 0 0 0
0.679291 -0.103235 0.150562 0 0 0
0.679509 -0.102437 0.150616 0 0 0
0.681017 -0.101170 0.151258 0 0 0
0.681269 -0.100403 0.151279 0 0 0
0.681614 -0.099637 0.151292 0 0 0
0.683397 -0.098474 0.151943 0 0 0
0.683633 -0.097724 0.151958 0 0 0
0.684101 -0.096719 0.151944 0 0 0
0.684613 -0.095715 0.151922 0 0 0
0.685150 -0.094783 0.151896 0 0 0
0.685806 -0.093820 0.151857 0 0 0
0.686184 -0.093091 0.151807 0 0 0
0.685958 -0.091174 0.151120 0 0 0
0.686338 -0.090433 0.151069 0 0 0
0.687038 -0.089505 0.151019 0 0 0
0.687541 -0.088885 0.150960 0 0 0
0.687361 -0.086947 0.150265 0 0 0
0.687712 -0.086219 0.150218 0 0 0
0.688224 -0.085199 0.150191 0 0 0
0.688780 -0.084191 0.150166 0 0 0
0.689396 -0.083279 0.150138 0 0 0
0.689813 -0.082253 0.150120 0 0 0
0.690455 -0.081264 0.150088 0 0 0
0.691001 -0.080336 0.150061 0 0 0
0.691513 -0.079339 0.150039 0 0 0
0.692014 -0.078342 0.150018 0 0 0
0.692503 -0.077335 0.149997 0 0 0
0.692996 -0.076331 0.149977 0 0 0
0.693512 -0.075340 0.149955 0 0 0
0.694025 -0.074345 0.149933 0 0 0
0.694535 -0.073348 0.149911 0 0 0
0.695043 -0.072352 0.149889 0 0 0
0.695551 -0.071356 0.149867 0 0 0
0.696059 -0.070360 0.149846 0 0 0
0.696567 -0.069364 0.149824 0 0 0
0.697075 -0.068367 0.149802 0 0 0
0.697583 -0.067371 0.149781 0 0 0
0.698091 -0.066375 0.149759 0 0 0
0.698600 -0.065378 0.149737 0 0 0
0.699112 -0.064378 0.149715 0 0 0
0.699625 -0.063387 0.149693 0 0 0
0.700152 -0.062400 0.149671 0 0 0
0.700595 -0.061425 0.149656 0 0 0
0.700995 -0.060323 0.149643 0 0 0
0.701628 -0.059353 0.149611 0 0 0
0.702152 -0.058406 0.149586 0 0 0
0.702645 -0.057387 0.149565 0 0 0
0.703188 -0.056428 0.149530 0 0 0
0.703695 -0.055749 0.149449 0 0 0
0.703786 -0.053847 0.148751 0 0 0
0.704136 -0.053143 0.148711 0 0 0
0.704651 -0.052111 0.148684 0 0 0
0.705146 -0.051096 0.148663 0 0 0
0.705671 -0.050152 0.148638 0 0 0
0.706342 -0.049231 0.148603 0 0 0
0.706898 -0.048195 0.148573 0 0 0
0.707237 -0.047489 0.148538 0 0 0
0.707055 -0.045399 0.147825 0 0 0
0.707456 -0.044682 0.147784 0 0 0
0.708139 -0.043729 0.147744 0 0 0
0.708685 -0.042827 0.147715 0 0 0
0.709318 -0.041882 0.147682 0 0 0
0.709872 -0.040867 0.147656 0 0 0
0.710383 -0.039869 0.147635 0 0 0
0.710893 -0.038869 0.147613 0 0 0
0.711403 -0.037868 0.147591 0 0 0
0.711911 -0.036869 0.147569 0 0 0
0.712408 -0.035832 0.147550 0 0 0
0.712727 -0.034724 0.147553 0 0 0
0.712956 -0.033939 0.147586 0 0 0
0.714601 -0.032981 0.148204 0 0 0
0.714999 -0.032258 0.148226 0 0 0
0.715522 -0.031184 0.148219 0 0 0
0.715784 -0.030377 0.148255 0 0 0
0.717146 -0.029387 0.148845 0 0 0
0.717436 -0.028517 0.148917 0 0 0
0.717873 -0.027514 0.148915 0 0 0
0.718387 -0.026514 0.148894 0 0 0
0.718894 -0.025510 0.148872 0 0 0
0.719424 -0.024566 0.148841 0 0 0
0.720097 -0.023607 0.148748 0 0 0
0.720589 -0.022820 0.148511 0 0 0
0.720601 -0.020934 0.148001 0 0 0
0.720905 -0.020509 0.147922 0 0 0
0.720890 -0.018714 0.147154 0 0 0
0.721016 -0.017096 0.146451 0 0 0
0.721363 -0.016361 0.146391 0 0 0
0.721888 -0.015326 0.146361 0 0 0
0.722398 -0.014283 0.146336 0 0 0
0.722734 -0.013585 0.146305 0 0 0
0.722838 -0.011544 0.145589 0 0 0
0.723184 -0.010817 0.145530 0 0 0
0.723711 -0.009786 0.145500 0 0 0
0.724226 -0.008777 0.145478 0 0 0
0.724759 -0.007754 0.145463 0 0 0
0.725183 -0.007017 0.145489 0 0 0
0.726775 -0.006160 0.146089 0 0 0
0.727204 -0.005427 0.146114 0 0 0
0.727735 -0.004392 0.146100 0 0 0
0.728120 -0.003285 0.146090 0 0 0
0.728453 -0.002300 0.146085 0 0 0
0.728833 -0.001186 0.146075 0 0 0
0.729331 -0.000158 0.146055 0 0 0
0.729841 0.000843 0.146034 0 0 0
0.730376 0.001858 0.146018 0 0 0
0.730818 0.002588 0.146047 0 0 0
0.732393 0.003413 0.146639 0 0 0
0.732822 0.004147 0.146669 0 0 0
0.733352 0.005165 0.146654 0 0 0
0.733864 0.006167 0.146633 0 0 0
0.734375 0.007170 0.146611 0 0 0
0.734893 0.008201 0.146586 0 0 0
0.735246 0.008877 0.146558 0 0 0
0.735155 0.011156 0.145834 0 0 0
0.735438 0.011594 0.145854 0 0 0
0.736979 0.012416 0.146439 0 0 0
0.737415 0.013155 0.146473 0 0 0
0.737945 0.014170 0.146458 0 0 0
0.738442 0.015192 0.146438 0 0 0
0.738831 0.016298 0.146426 0 0 0
0.739257 0.017282 0.146413 0 0 0
0.739781 0.018292 0.146393 0 0 0
0.740196 0.019293 0.146380 0 0 0
0.740586 0.020389 0.146368 0 0 0
0.741154 0.021429 0.146342 0 0 0
0.741826 0.022289 0.146304 0 0 0
0.742515 0.023157 0.146265 0 0 0
0.742976 0.024186 0.146243 0 0 0
0.743191 0.024954 0.146223 0 0 0
0.743101 0.026903 0.145489 0 0 0
0.654872 -0.155077 0.152362 0 0 0
0.655344 -0.154517 0.152335 0 0 0
0.655931 -0.153597 0.152307 0 0 0
0.656433 -0.152591 0.152286 0 0 0
0.656940 -0.151594 0.152265 0 0 0
0.657456 -0.150576 0.152249 0 0 0
0.657844 -0.149897 0.152270 0 0 0
0.659193 -0.148412 0.152922 0 0 0
0.659579 -0.147737 0.152943 0 0 0
0.660094 -0.146721 0.152928 0 0 0
0.660600 -0.145730 0.152906 0 0 0
0.661105 -0.144741 0.152885 0 0 0
0.661609 -0.143751 0.152863 0 0 0
0.662114 -0.142762 0.152842 0 0 0
0.662618 -0.141773 0.152820 0 0 0
0.663125 -0.140787 0.152798 0 0 0
0.663636 -0.139804 0.152776 0 0 0
0.664156 -0.138820 0.152754 0 0 0
0.664665 -0.137831 0.152732 0 0 0
0.665170 -0.136841 0.152710 0 0 0
0.665675 -0.135852 0.152689 0 0 0
0.666180 -0.134863 0.152667 0 0 0
0.666684 -0.133874 0.152646 0 0 0
0.667182 -0.132881 0.152628 0 0 0
0.667720 -0.131876 0.152645 0 0 0
0.668135 -0.130794 0.152815 0 0 0
0.668466 -0.129821 0.152877 0 0 0
0.668838 -0.129018 0.152907 0 0 0
0.670264 -0.127953 0.153173 0 0 0
0.670112 -0.126659 0.152871 0 0 0
0.670607 -0.125855 0.152762 0 0 0
0.671038 -0.125133 0.152767 0 0 0
0.672553 -0.123947 0.152899 0 0 0
0.672845 -0.123409 0.152858 0 0 0
0.672857 -0.121871 0.152465 0 0 0
0.673259 -0.120968 0.152319 0 0 0
0.673729 -0.120206 0.152082 0 0 0
0.673776 -0.118783 0.151614 0 0 0
0.674151 -0.118166 0.151445 0 0 0
0.674105 -0.116442 0.150769 0 0 0
0.674354 -0.115930 0.150657 0 0 0
0.674430 -0.114314 0.150008 0 0 0
0.674863 -0.113586 0.149908 0 0 0
0.675348 -0.112861 0.149834 0 0 0
0.675159 -0.111004 0.149158 0 0 0
0.675367 -0.110543 0.149132 0 0 0
0.677204 -0.109371 0.149776 0 0 0
0.677537 -0.108637 0.149782 0 0 0
0.677935 -0.107543 0.149775 0 0 0
0.678363 -0.106548 0.149769 0 0 0
0.678612 -0.105763 0.149811 0 0 0
0.680170 -0.104473 0.150460 0 0 0
0.680395 -0.104070 0.150487 0 0 0
0.681984 -0.102782 0.151142 0 0 0
0.682123 -0.102308 0.151200 0 0 0
0.683655 -0.101084 0.151850 0 0 0
0.684014 -0.100329 0.151889 0 0 0
0.684373 -0.099235 0.151888 0 0 0
0.684835 -0.098266 0.151871 0 0 0
0.685352 -0.097273 0.151849 0 0 0
0.685857 -0.096282 0.151828 0 0 0
0.686356 -0.095286 0.151807 0 0 0
0.686845 -0.094283 0.151785 0 0 0
0.687378 -0.093363 0.151759 0 0 0
0.688061 -0.092415 0.151715 0 0 0
0.688469 -0.091643 0.151629 0 0 0
0.688424 -0.089851 0.150961 0 0 0
0.688780 -0.089198 0.150910 0 0 0
0.689449 -0.088239 0.150870 0 0 0
0.689996 -0.087234 0.150845 0 0 0
0.690505 -0.086220 0.150817 0 0 0
0.690849 -0.085485 0.150768 0 0 0
0.690543 -0.083824 0.150150 0 0 0
0.692000 -0.083184 0.150586 0 0 0
0.691806 -0.081690 0.150032 0 0 0
0.692016 -0.080886 0.149987 0 0 0
0.692502 -0.079819 0.149962 0 0 0
0.693047 -0.078819 0.149937 0 0 0
0.693701 -0.077887 0.149904 0 0 0
0.694235 -0.076951 0.149878 0 0 0
0.694742 -0.075950 0.149856 0 0 0
0.695249 -0.074956 0.149834 0 0 0
0.695756 -0.073962 0.149813 0 0 0
0.696263 -0.072969 0.149791 0 0 0
0.696769 -0.071975 0.149770 0 0 0
0.697276 -0.070981 0.149748 0 0 0
0.697783 -0.069987 0.149726 0 0 0
0.698290 -0.068993 0.149705 0 0 0
0.698797 -0.067999 0.149683 0 0 0
0.699304 -0.067005 0.149661 0 0 0
0.699817 -0.066008 0.149640 0 0 0
0.700262 -0.065026 0.149624 0 0 0
0.700633 -0.063947 0.149613 0 0 0
0.701141 -0.062896 0.149599 0 0 0
0.701529 -0.062187 0.149615 0 0 0
0.703102 -0.061401 0.150134 0 0 0
0.703006 -0.059800 0.149540 0 0 0
0.703350 -0.059085 0.149494 0 0 0
0.703866 -0.058060 0.149467 0 0 0
0.704378 -0.057030 0.149440 0 0 0
0.704710 -0.056329 0.149401 0 0 0
0.704731 -0.054418 0.148707 0 0 0
0.705090 -0.053675 0.148638 0 0 0
0.705610 -0.052656 0.148606 0 0 0
0.706119 -0.051656 0.148585 0 0 0
0.706623 -0.050654 0.148563 0 0 0
0.707117 -0.049654 0.148542 0 0 0
0.707668 -0.048640 0.148517 0 0 0
0.708365 -0.047781 0.148478 0 0 0
0.709060 -0.046894 0.148436 0 0 0
0.709445 -0.046171 0.148397 0 0 0
0.709263 -0.044075 0.147680 0 0 0
0.709661 -0.043359 0.147640 0 0 0
0.710331 -0.042406 0.147601 0 0 0
0.710855 -0.041460 0.147576 0 0 0
0.711358 -0.040456 0.147554 0 0 0
0.711860 -0.039455 0.147533 0 0 0
0.712356 -0.038448 0.147512 0 0 0
0.712869 -0.037446 0.147491 0 0 0
0.713404 -0.036441 0.147473 0 0 0
0.713867 -0.035703 0.147492 0 0 0
0.715227 -0.034805 0.147882 0 0 0
0.715515 -0.033880 0.148113 0 0 0
0.715959 -0.032831 0.148151 0 0 0
0.716479 -0.031817 0.148142 0 0 0
0.716956 -0.031029 0.148192 0 0 0
0.718199 -0.030117 0.148596 0 0 0
0.718542 -0.029302 0.148779 0 0 0
0.719072 -0.028245 0.148811 0 0 0
0.719579 -0.027248 0.148791 0 0 0
0.720089 -0.026258 0.148767 0 0 0
0.720605 -0.025215 0.148697 0 0 0
0.721061 -0.024426 0.148496 0 0 0
0.721090 -0.022702 0.148140 0 0 0
0.721667 -0.021862 0.147741 0 0 0
0.722047 -0.021168 0.147596 0 0 0
0.722063 -0.019535 0.147100 0 0 0
0.722171 -0.017838 0.146354 0 0 0
0.722522 -0.017109 0.146290 0 0 0
0.723048 -0.016081 0.146259 0 0 0
0.723559 -0.015073 0.146237 0 0 0
0.724086 -0.014111 0.146213 0 0 0
0.724733 -0.013191 0.146179 0 0 0
0.725300 -0.012179 0.146152 0 0 0
0.725810 -0.011184 0.146130 0 0 0
0.726320 -0.010183 0.146109 0 0 0
0.726829 -0.009184 0.146087 0 0 0
0.727327 -0.008157 0.146067 0 0 0
0.727716 -0.007048 0.146056 0 0 0
0.728060 -0.006077 0.146050 0 0 0
0.728445 -0.004973 0.146040 0 0 0
0.728974 -0.003940 0.146025 0 0 0
0.729406 -0.003209 0.146053 0 0 0
0.730988 -0.002370 0.146652 0 0 0
0.731410 -0.001641 0.146680 0 0 0
0.731940 -0.000625 0.146665 0 0 0
0.732448 0.000373 0.146644 0 0 0
0.732942 0.001395 0.146624 0 0 0
0.733321 0.002501 0.146612 0 0 0
0.733737 0.003490 0.146599 0 0 0
0.734250 0.004492 0.146579 0 0 0
0.734759 0.005491 0.146557 0 0 0
0.735268 0.006490 0.146535 0 0 0
0.735777 0.007495 0.146513 0 0 0
0.736297 0.008454 0.146489 0 0 0
0.736961 0.009352 0.146454 0 0 0
0.737526 0.010385 0.146428 0 0 0
0.737908 0.011487 0.146416 0 0 0
0.738321 0.012477 0.146403 0 0 0
0.738834 0.013478 0.146383 0 0 0
0.739345 0.014473 0.146361 0 0 0
0.739867 0.015462 0.146338 0 0 0
0.740387 0.016460 0.146316 0 0 0
0.740916 0.017481 0.146303 0 0 0
0.741323 0.018217 0.146346 0 0 0
0.742668 0.019099 0.146812 0 0 0
0.742973 0.019590 0.146729 0 0 0
0.742869 0.021852 0.146232 0 0 0
0.743229 0.022581 0.146206 0 0 0
0.743525 0.023262 0.146192 0 0 0
0.656633 -0.154523 0.152248 0 0 0
0.656977 -0.153920 0.152233 0 0 0
0.657493 -0.152895 0.152211 0 0 0
0.658000 -0.151899 0.152189 0 0 0
0.658517 -0.150884 0.152176 0 0 0
0.658885 -0.150214 0.152201 0 0 0
0.660558 -0.148851 0.152853 0 0 0
0.660904 -0.148191 0.152851 0 0 0
0.661425 -0.147177 0.152832 0 0 0
0.661930 -0.146188 0.152811 0 0 0
0.662433 -0.145201 0.152789 0 0 0
0.662936 -0.144215 0.152768 0 0 0
0.663440 -0.143228 0.152746 0 0 0
0.663943 -0.142241 0.152725 0 0 0
0.664447 -0.141254 0.152703 0 0 0
0.664950 -0.140267 0.152682 0 0 0
0.665453 -0.139280 0.152660 0 0 0
0.665957 -0.138293 0.152639 0 0 0
0.666460 -0.137306 0.152617 0 0 0
0.666963 -0.136319 0.152596 0 0 0
0.667467 -0.135332 0.152574 0 0 0
0.667970 -0.134346 0.152553 0 0 0
0.668475 -0.133357 0.152532 0 0 0
0.668991 -0.132348 0.152515 0 0 0
0.669372 -0.131661 0.152520 0 0 0
0.671023 -0.130448 0.152869 0 0 0
0.671369 -0.129670 0.152905 0 0 0
0.671808 -0.128659 0.152902 0 0 0
0.672256 -0.127900 0.152803 0 0 0
0.672168 -0.126285 0.152439 0 0 0
0.672517 -0.125467 0.152414 0 0 0
0.672962 -0.124356 0.152558 0 0 0
0.673376 -0.123492 0.152540 0 0 0
0.673972 -0.122512 0.152332 0 0 0
0.674379 -0.121644 0.152192 0 0 0
0.674356 -0.120166 0.151747 0 0 0
0.674863 -0.119357 0.151459 0 0 0
0.675360 -0.118549 0.151169 0 0 0
0.675366 -0.117071 0.150708 0 0 0
0.675620 -0.116443 0.150562 0 0 0
0.675696 -0.114834 0.149912 0 0 0
0.676081 -0.114061 0.149822 0 0 0
0.676621 -0.113114 0.149785 0 0 0
0.677286 -0.112175 0.149752 0 0 0
0.677803 -0.111122 0.149731 0 0 0
0.678150 -0.110051 0.149721 0 0 0
0.678633 -0.109079 0.149703 0 0 0
0.679124 -0.108085 0.149689 0 0 0
0.679340 -0.107320 0.149703 0 0 0
0.681101 -0.106082 0.150366 0 0 0
0.681345 -0.105303 0.150388 0 0 0
0.681699 -0.104588 0.150425 0 0 0
0.683043 -0.103261 0.151071 0 0 0
0.683313 -0.102819 0.151142 0 0 0
0.684673 -0.101509 0.151778 0 0 0
0.685049 -0.100810 0.151813 0 0 0
0.685580 -0.099806 0.151801 0 0 0
0.686091 -0.098817 0.151780 0 0 0
0.686595 -0.097830 0.151758 0 0 0
0.687099 -0.096843 0.151737 0 0 0
0.687602 -0.095856 0.151715 0 0 0
0.688105 -0.094868 0.151694 0 0 0
0.688604 -0.093873 0.151673 0 0 0
0.689098 -0.092852 0.151645 0 0 0
0.689440 -0.092152 0.151594 0 0 0
0.689452 -0.090372 0.150922 0 0 0
0.689952 -0.089648 0.150830 0 0 0
0.690487 -0.088694 0.150795 0 0 0
0.690986 -0.087698 0.150773 0 0 0
0.691489 -0.086702 0.150751 0 0 0
0.692023 -0.085782 0.150725 0 0 0
0.692678 -0.084782 0.150688 0 0 0
0.692924 -0.083978 0.150639 0 0 0
0.692714 -0.082497 0.150080 0 0 0
0.694368 -0.081616 0.150587 0 0 0
0.694753 -0.080896 0.150588 0 0 0
0.695136 -0.080121 0.150513 0 0 0
0.695132 -0.078295 0.149834 0 0 0
0.695477 -0.077594 0.149788 0 0 0
0.695990 -0.076576 0.149760 0 0 0
0.696489 -0.075581 0.149739 0 0 0
0.696979 -0.074582 0.149718 0 0 0
0.697480 -0.073585 0.149697 0 0 0
0.697985 -0.072592 0.149676 0 0 0
0.698492 -0.071600 0.149654 0 0 0
0.699005 -0.070609 0.149632 0 0 0
0.699527 -0.069625 0.149609 0 0 0
0.700038 -0.068639 0.149587 0 0 0
0.700545 -0.067648 0.149566 0 0 0
0.701068 -0.066633 0.149549 0 0 0
0.701433 -0.065942 0.149565 0 0 0
0.702928 -0.064846 0.150181 0 0 0
0.703324 -0.064107 0.150227 0 0 0
0.703829 -0.063028 0.150207 0 0 0
0.704057 -0.062214 0.150143 0 0 0
0.704200 -0.060480 0.149479 0 0 0
0.704575 -0.059743 0.149403 0 0 0
0.705093 -0.058728 0.149372 0 0 0
0.705593 -0.057727 0.149350 0 0 0
0.706114 -0.056779 0.149326 0 0 0
0.706777 -0.055858 0.149292 0 0 0
0.707333 -0.054863 0.149267 0 0 0
0.707839 -0.053878 0.149245 0 0 0
0.708344 -0.052887 0.149224 0 0 0
0.708848 -0.051895 0.149202 0 0 0
0.709350 -0.050874 0.149176 0 0 0
0.709685 -0.050172 0.149141 0 0 0
0.709487 -0.048075 0.148423 0 0 0
0.709870 -0.047353 0.148383 0 0 0
0.710559 -0.046467 0.148341 0 0 0
0.711248 -0.045575 0.148299 0 0 0
0.711642 -0.044858 0.148260 0 0 0
0.711463 -0.042758 0.147539 0 0 0
0.711813 -0.042061 0.147504 0 0 0
0.712327 -0.041041 0.147477 0 0 0
0.712892 -0.040032 0.147451 0 0 0
0.713573 -0.039116 0.147417 0 0 0
0.714022 -0.038194 0.147399 0 0 0
0.714436 -0.037067 0.147388 0 0 0
0.715031 -0.036076 0.147417 0 0 0
0.715332 -0.035200 0.147640 0 0 0
0.716683 -0.034304 0.148034 0 0 0
0.717141 -0.033568 0.148054 0 0 0
0.717660 -0.032556 0.148041 0 0 0
0.718182 -0.031499 0.148070 0 0 0
0.718582 -0.030654 0.148254 0 0 0
0.719829 -0.029864 0.148485 0 0 0
0.720246 -0.028997 0.148624 0 0 0
0.720827 -0.027997 0.148528 0 0 0
0.721264 -0.027003 0.148581 0 0 0
0.721716 -0.026165 0.148422 0 0 0
0.721756 -0.024418 0.148076 0 0 0
0.722064 -0.023863 0.147870 0 0 0
0.722219 -0.021910 0.147346 0 0 0
0.722606 -0.021243 0.147227 0 0 0
0.723054 -0.020502 0.147012 0 0 0
0.723328 -0.018571 0.146252 0 0 0
0.723679 -0.017851 0.146190 0 0 0
0.724201 -0.016829 0.146155 0 0 0
0.724709 -0.015827 0.146134 0 0 0
0.725217 -0.014823 0.146118 0 0 0
0.725715 -0.013817 0.146098 0 0 0
0.726216 -0.012817 0.146077 0 0 0
0.726722 -0.011819 0.146056 0 0 0
0.727231 -0.010821 0.146034 0 0 0
0.727744 -0.009822 0.146012 0 0 0
0.728270 -0.008825 0.145990 0 0 0
0.728728 -0.007835 0.145982 0 0 0
0.729038 -0.007012 0.146018 0 0 0
0.730608 -0.006141 0.146624 0 0 0
0.731022 -0.005413 0.146651 0 0 0
0.731535 -0.004375 0.146638 0 0 0
0.731910 -0.003269 0.146626 0 0 0
0.732326 -0.002283 0.146613 0 0 0
0.732838 -0.001283 0.146593 0 0 0
0.733346 -0.000288 0.146571 0 0 0
0.733860 0.000705 0.146549 0 0 0
0.734387 0.001690 0.146526 0 0 0
0.734909 0.002677 0.146503 0 0 0
0.735409 0.003679 0.146482 0 0 0
0.735915 0.004678 0.146461 0 0 0
0.736423 0.005675 0.146439 0 0 0
0.736931 0.006672 0.146417 0 0 0
0.737437 0.007671 0.146396 0 0 0
0.737932 0.008676 0.146375 0 0 0
0.738434 0.009671 0.146354 0 0 0
0.738951 0.010657 0.146331 0 0 0
0.739468 0.011652 0.146309 0 0 0
0.739980 0.012648 0.146287 0 0 0
0.740488 0.013644 0.146266 0 0 0
0.741000 0.014641 0.146244 0 0 0
0.741519 0.015636 0.146221 0 0 0
0.742052 0.016640 0.146210 0 0 0
0.742593 0.017484 0.146288 0 0 0
0.743439 0.017996 0.146539 0 0 0
0.743194 0.019586 0.146530 0 0 0
0.659143 -0.155236 0.152567 0 0 0
0.659362 -0.154758 0.152604 0 0 0
0.659885 -0.153643 0.152801 0 0 0
0.660441 -0.152653 0.152828 0 0 0
0.660930 -0.151669 0.152811 0 0 0
0.661402 -0.150622 0.152793 0 0 0
0.661752 -0.149579 0.152782 0 0 0
0.662218 -0.148603 0.152764 0 0 0
0.662725 -0.147616 0.152743 0 0 0
0.663227 -0.146631 0.152721 0 0 0
0.663729 -0.145646 0.152700 0 0 0
0.664231 -0.144662 0.152678 0 0 0
0.664734 -0.143677 0.152657 0 0 0
0.665236 -0.142693 0.152635 0 0 0
0.665738 -0.141708 0.152614 0 0 0
0.666240 -0.140723 0.152593 0 0 0
0.666742 -0.139739 0.152571 0 0 0
0.667245 -0.138754 0.152550 0 0 0
0.667747 -0.137770 0.152528 0 0 0
0.668249 -0.136785 0.152507 0 0 0
0.668751 -0.135801 0.152485 0 0 0
0.669253 -0.134816 0.152464 0 0 0
0.669756 -0.133831 0.152443 0 0 0
0.670251 -0.132844 0.152425 0 0 0
0.670784 -0.131842 0.152444 0 0 0
0.671231 -0.130761 0.152611 0 0 0
0.671658 -0.129852 0.152638 0 0 0
0.672172 -0.128839 0.152609 0 0 0
0.672649 -0.127923 0.152544 0 0 0
0.673222 -0.126969 0.152343 0 0 0
0.673771 -0.125951 0.152277 0 0 0
0.674279 -0.124970 0.152257 0 0 0
0.674787 -0.123989 0.152231 0 0 0
0.675336 -0.122952 0.152145 0 0 0
0.675791 -0.122196 0.151907 0 0 0
0.675770 -0.120725 0.151466 0 0 0
0.675960 -0.120058 0.151344 0 0 0
0.675853 -0.118463 0.150880 0 0 0
0.676418 -0.117683 0.150607 0 0 0
0.676890 -0.116938 0.150458 0 0 0
0.676988 -0.115363 0.149817 0 0 0
0.677380 -0.114606 0.149727 0 0 0
0.677889 -0.113587 0.149694 0 0 0
0.678381 -0.112590 0.149674 0 0 0
0.678895 -0.111600 0.149652 0 0 0
0.679361 -0.110630 0.149635 0 0 0
0.679719 -0.109530 0.149628 0 0 0
0.680044 -0.108785 0.149635 0 0 0
0.681846 -0.107599 0.150298 0 0 0
0.682073 -0.106845 0.150310 0 0 0
0.682512 -0.105848 0.150309 0 0 0
0.682762 -0.105064 0.150351 0 0 0
0.684328 -0.103788 0.151009 0 0 0
0.684612 -0.103345 0.151057 0 0 0
0.685965 -0.102207 0.151496 0 0 0
0.686298 -0.101389 0.151682 0 0 0
0.686836 -0.100360 0.151711 0 0 0
0.687333 -0.099371 0.151693 0 0 0
0.687835 -0.098386 0.151671 0 0 0
0.688337 -0.097402 0.151650 0 0 0
0.688839 -0.096417 0.151628 0 0 0
0.689341 -0.095433 0.151607 0 0 0
0.689844 -0.094448 0.151585 0 0 0
0.690351 -0.093459 0.151560 0 0 0
0.690920 -0.092487 0.151478 0 0 0
0.691473 -0.091734 0.151215 0 0 0
0.691418 -0.090087 0.150759 0 0 0
0.691748 -0.089312 0.150709 0 0 0
0.692247 -0.088300 0.150683 0 0 0
0.692747 -0.087306 0.150661 0 0 0
0.693245 -0.086314 0.150640 0 0 0
0.693738 -0.085318 0.150619 0 0 0
0.694274 -0.084400 0.150593 0 0 0
0.694910 -0.083428 0.150563 0 0 0
0.695293 -0.082339 0.150550 0 0 0
0.695740 -0.081345 0.150528 0 0 0
0.696089 -0.080647 0.150482 0 0 0
0.696079 -0.078822 0.149802 0 0 0
0.696445 -0.078066 0.149722 0 0 0
0.696959 -0.077059 0.149690 0 0 0
0.697511 -0.076059 0.149665 0 0 0
0.698180 -0.075140 0.149633 0 0 0
0.698699 -0.074211 0.149608 0 0 0
0.699200 -0.073209 0.149586 0 0 0
0.699718 -0.072214 0.149564 0 0 0
0.700166 -0.071248 0.149548 0 0 0
0.700517 -0.070168 0.149537 0 0 0
0.701001 -0.069136 0.149518 0 0 0
0.701503 -0.068147 0.149496 0 0 0
0.702019 -0.067136 0.149484 0 0 0
0.702417 -0.066396 0.149530 0 0 0
0.703916 -0.065302 0.150149 0 0 0
0.704278 -0.064617 0.150164 0 0 0
0.704812 -0.063585 0.150142 0 0 0
0.705164 -0.062900 0.150100 0 0 0
0.705168 -0.060999 0.149408 0 0 0
0.705528 -0.060260 0.149335 0 0 0
0.706042 -0.059253 0.149303 0 0 0
0.706605 -0.058246 0.149278 0 0 0
0.707202 -0.057346 0.149252 0 0 0
0.707560 -0.056306 0.149238 0 0 0
0.708037 -0.055270 0.149218 0 0 0
0.708536 -0.054284 0.149197 0 0 0
0.709041 -0.053295 0.149175 0 0 0
0.709545 -0.052310 0.149154 0 0 0
0.710098 -0.051305 0.149128 0 0 0
0.710772 -0.050446 0.149092 0 0 0
0.711478 -0.049558 0.149050 0 0 0
0.711881 -0.048853 0.149010 0 0 0
0.711751 -0.046761 0.148282 0 0 0
0.712229 -0.046123 0.148237 0 0 0
0.712777 -0.045220 0.148204 0 0 0
0.713432 -0.044295 0.148170 0 0 0
0.713990 -0.043284 0.148145 0 0 0
0.714501 -0.042268 0.148119 0 0 0
0.714849 -0.041580 0.148081 0 0 0
0.714690 -0.039454 0.147367 0 0 0
0.714946 -0.039016 0.147374 0 0 0
0.716438 -0.038318 0.147927 0 0 0
0.716121 -0.036763 0.147384 0 0 0
0.717577 -0.036063 0.147932 0 0 0
0.717872 -0.035263 0.147969 0 0 0
0.718316 -0.034260 0.147961 0 0 0
0.718826 -0.033264 0.147940 0 0 0
0.719331 -0.032269 0.147923 0 0 0
0.719852 -0.031219 0.147956 0 0 0
0.720264 -0.030364 0.148139 0 0 0
0.721349 -0.029701 0.148251 0 0 0
0.721391 -0.028251 0.148213 0 0 0
0.722338 -0.027757 0.148203 0 0 0
0.722396 -0.026140 0.147982 0 0 0
0.722973 -0.025315 0.147604 0 0 0
0.723365 -0.024638 0.147456 0 0 0
0.723509 -0.022709 0.146946 0 0 0
0.723957 -0.021927 0.146728 0 0 0
0.724340 -0.021269 0.146615 0 0 0
0.724502 -0.019354 0.146145 0 0 0
0.724839 -0.018563 0.146050 0 0 0
0.725474 -0.017535 0.145832 0 0 0
0.725928 -0.016695 0.145813 0 0 0
0.726377 -0.015637 0.145978 0 0 0
0.726886 -0.014584 0.146001 0 0 0
0.727389 -0.013587 0.145982 0 0 0
0.727897 -0.012591 0.145961 0 0 0
0.728408 -0.011594 0.145939 0 0 0
0.728930 -0.010594 0.145918 0 0 0
0.729374 -0.009598 0.145910 0 0 0
0.729670 -0.008773 0.145947 0 0 0
0.731215 -0.007874 0.146558 0 0 0
0.731508 -0.007049 0.146594 0 0 0
0.731937 -0.006046 0.146588 0 0 0
0.732452 -0.005051 0.146567 0 0 0
0.732972 -0.004067 0.146545 0 0 0
0.733488 -0.003074 0.146522 0 0 0
0.733998 -0.002080 0.146501 0 0 0
0.734505 -0.001086 0.146479 0 0 0
0.735013 -0.000088 0.146458 0 0 0
0.735437 0.000893 0.146444 0 0 0
0.735891 0.001993 0.146426 0 0 0
0.736521 0.002923 0.146395 0 0 0
0.737039 0.003878 0.146371 0 0 0
0.737546 0.004877 0.146349 0 0 0
0.738053 0.005871 0.146327 0 0 0
0.738560 0.006865 0.146306 0 0 0
0.739067 0.007859 0.146284 0 0 0
0.739574 0.008853 0.146263 0 0 0
0.740081 0.009847 0.146241 0 0 0
0.740588 0.010840 0.146219 0 0 0
0.741099 0.011835 0.146197 0 0 0
0.741619 0.012829 0.146175 0 0 0
0.742153 0.013814 0.146151 0 0 0
0.742542 0.014786 0.146137 0 0 0
0.742911 0.015909 0.146131 0 0 0
0.743432 0.017030 0.146173 0 0 0
0.743694 0.017656 0.146309 0 0 0
0.659281 -0.155315 0.152382 0 0 0
0.659442 -0.154970 0.152410 0 0 0
0.661100 -0.153657 0.152766 0 0 0
0.661473 -0.152975 0.152764 0 0 0
0.661987 -0.151974 0.152744 0 0 0
0.662497 -0.150996 0.152722 0 0 0
0.663013 -0.150019 0.152700 0 0 0
0.663519 -0.149037 0.152678 0 0 0
0.664020 -0.148054 0.152657 0 0 0
0.664522 -0.147072 0.152636 0 0 0
0.665023 -0.146090 0.152614 0 0 0
0.665524 -0.145107 0.152593 0 0 0
0.666025 -0.144125 0.152572 0 0 0
0.666526 -0.143143 0.152550 0 0 0
0.667027 -0.142161 0.152529 0 0 0
0.667528 -0.141178 0.152507 0 0 0
0.668029 -0.140196 0.152486 0 0 0
0.668530 -0.139214 0.152465 0 0 0
0.669031 -0.138232 0.152443 0 0 0
0.669532 -0.137249 0.152422 0 0 0
0.670033 -0.136267 0.152401 0 0 0
0.670534 -0.135285 0.152379 0 0 0
0.671035 -0.134303 0.152358 0 0 0
0.671536 -0.133320 0.152337 0 0 0
0.672037 -0.132339 0.152318 0 0 0
0.672540 -0.131355 0.152302 0 0 0
0.673044 -0.130375 0.152281 0 0 0
0.673544 -0.129395 0.152259 0 0 0
0.674044 -0.128412 0.152236 0 0 0
0.674545 -0.127428 0.152210 0 0 0
0.675044 -0.126444 0.152187 0 0 0
0.675545 -0.125461 0.152165 0 0 0
0.676050 -0.124457 0.152137 0 0 0
0.676369 -0.123662 0.152078 0 0 0
0.676255 -0.122103 0.151634 0 0 0
0.676815 -0.121345 0.151368 0 0 0
0.677485 -0.120398 0.151222 0 0 0
0.678038 -0.119639 0.150957 0 0 0
0.677931 -0.118044 0.150498 0 0 0
0.678111 -0.117507 0.150414 0 0 0
0.678019 -0.115786 0.149750 0 0 0
0.678394 -0.114998 0.149657 0 0 0
0.678906 -0.113988 0.149624 0 0 0
0.679412 -0.112996 0.149602 0 0 0
0.679936 -0.111984 0.149584 0 0 0
0.680284 -0.111304 0.149588 0 0 0
0.682135 -0.110163 0.150249 0 0 0
0.682465 -0.109435 0.150255 0 0 0
0.682848 -0.108348 0.150247 0 0 0
0.683269 -0.107379 0.150238 0 0 0
0.683486 -0.106616 0.150252 0 0 0
0.685247 -0.105390 0.150920 0 0 0
0.685477 -0.104635 0.150937 0 0 0
0.685921 -0.103620 0.150976 0 0 0
0.686160 -0.102721 0.151188 0 0 0
0.687659 -0.101625 0.151622 0 0 0
0.688055 -0.100928 0.151627 0 0 0
0.688569 -0.099925 0.151610 0 0 0
0.689071 -0.098941 0.151588 0 0 0
0.689572 -0.097959 0.151567 0 0 0
0.690073 -0.096976 0.151545 0 0 0
0.690574 -0.095994 0.151524 0 0 0
0.691076 -0.095010 0.151503 0 0 0
0.691582 -0.094005 0.151475 0 0 0
0.691904 -0.093229 0.151426 0 0 0
0.691847 -0.091579 0.150965 0 0 0
0.692366 -0.090852 0.150712 0 0 0
0.692809 -0.089792 0.150637 0 0 0
0.693471 -0.088820 0.150602 0 0 0
0.694001 -0.087911 0.150576 0 0 0
0.694496 -0.086918 0.150554 0 0 0
0.694981 -0.085924 0.150534 0 0 0
0.695474 -0.084929 0.150513 0 0 0
0.695965 -0.083941 0.150492 0 0 0
0.696476 -0.082964 0.150470 0 0 0
0.696983 -0.081973 0.150448 0 0 0
0.697515 -0.081048 0.150423 0 0 0
0.698166 -0.080125 0.150391 0 0 0
0.698712 -0.079132 0.150366 0 0 0
0.699218 -0.078124 0.150339 0 0 0
0.699565 -0.077422 0.150297 0 0 0
0.699398 -0.075433 0.149582 0 0 0
0.699893 -0.074788 0.149531 0 0 0
0.700446 -0.073841 0.149499 0 0 0
0.700890 -0.072837 0.149488 0 0 0
0.701119 -0.072059 0.149508 0 0 0
0.702847 -0.070992 0.150158 0 0 0
0.703210 -0.070298 0.150169 0 0 0
0.703734 -0.069293 0.150152 0 0 0
0.704243 -0.068309 0.150131 0 0 0
0.704740 -0.067295 0.150110 0 0 0
0.705109 -0.066232 0.150098 0 0 0
0.705545 -0.065262 0.150082 0 0 0
0.706045 -0.064266 0.150061 0 0 0
0.706556 -0.063328 0.150037 0 0 0
0.707201 -0.062406 0.150006 0 0 0
0.707751 -0.061409 0.149981 0 0 0
0.708258 -0.060402 0.149954 0 0 0
0.708600 -0.059698 0.149912 0 0 0
0.708309 -0.057932 0.149272 0 0 0
0.709852 -0.057215 0.149850 0 0 0
0.710240 -0.056513 0.149868 0 0 0
0.710762 -0.055510 0.149852 0 0 0
0.711274 -0.054525 0.149827 0 0 0
0.711781 -0.053483 0.149744 0 0 0
0.712204 -0.052689 0.149494 0 0 0
0.712172 -0.050919 0.149027 0 0 0
0.712481 -0.050150 0.148989 0 0 0
0.713005 -0.049167 0.148955 0 0 0
0.713490 -0.048543 0.148911 0 0 0
0.713363 -0.046452 0.148180 0 0 0
0.713763 -0.045747 0.148140 0 0 0
0.714423 -0.044804 0.148103 0 0 0
0.714929 -0.043861 0.148079 0 0 0
0.715431 -0.042856 0.148054 0 0 0
0.715962 -0.041892 0.147986 0 0 0
0.716702 -0.040934 0.147733 0 0 0
0.717162 -0.040088 0.147710 0 0 0
0.717544 -0.038972 0.147865 0 0 0
0.718193 -0.037969 0.147688 0 0 0
0.718612 -0.036986 0.147650 0 0 0
0.719059 -0.036002 0.147646 0 0 0
0.719576 -0.035011 0.147622 0 0 0
0.720083 -0.034019 0.147600 0 0 0
0.720587 -0.033033 0.147578 0 0 0
0.721092 -0.032043 0.147560 0 0 0
0.721597 -0.031006 0.147585 0 0 0
0.722024 -0.030038 0.147688 0 0 0
0.722589 -0.029044 0.147582 0 0 0
0.723040 -0.028043 0.147639 0 0 0
0.723476 -0.027331 0.147473 0 0 0
0.723526 -0.025388 0.147201 0 0 0
0.723901 -0.024696 0.147093 0 0 0
0.724348 -0.023924 0.146876 0 0 0
0.724495 -0.021988 0.146370 0 0 0
0.724880 -0.021346 0.146264 0 0 0
0.725514 -0.020271 0.146009 0 0 0
0.725954 -0.019526 0.145792 0 0 0
0.725862 -0.017555 0.145553 0 0 0
0.726166 -0.016985 0.145559 0 0 0
0.727548 -0.016094 0.145884 0 0 0
0.728011 -0.015352 0.145909 0 0 0
0.728532 -0.014341 0.145893 0 0 0
0.729040 -0.013346 0.145872 0 0 0
0.729550 -0.012347 0.145851 0 0 0
0.729991 -0.011340 0.145843 0 0 0
0.730298 -0.010530 0.145879 0 0 0
0.731846 -0.009629 0.146492 0 0 0
0.732141 -0.008813 0.146529 0 0 0
0.732581 -0.007822 0.146522 0 0 0
0.733101 -0.006826 0.146501 0 0 0
0.733610 -0.005834 0.146479 0 0 0
0.734115 -0.004843 0.146457 0 0 0
0.734621 -0.003851 0.146436 0 0 0
0.735127 -0.002860 0.146414 0 0 0
0.735633 -0.001867 0.146393 0 0 0
0.736155 -0.000859 0.146378 0 0 0
0.736652 -0.000103 0.146416 0 0 0
0.737828 0.000465 0.146643 0 0 0
0.737814 0.002341 0.146319 0 0 0
0.738152 0.003065 0.146288 0 0 0
0.738665 0.004078 0.146261 0 0 0
0.739169 0.005072 0.146234 0 0 0
0.739674 0.006067 0.146212 0 0 0
0.740180 0.007059 0.146190 0 0 0
0.740690 0.008049 0.146167 0 0 0
0.741207 0.009041 0.146147 0 0 0
0.741728 0.010023 0.146130 0 0 0
0.742254 0.011011 0.146109 0 0 0
0.742641 0.011985 0.146095 0 0 0
0.743031 0.013137 0.146083 0 0 0
0.743310 0.013789 0.146072 0 0 0
0.661534 -0.155945 0.152732 0 0 0
0.661950 -0.155350 0.152715 0 0 0
0.662361 -0.154395 0.152700 0 0 0
0.662811 -0.153402 0.152682 0 0 0
0.663314 -0.152411 0.152661 0 0 0
0.663814 -0.151431 0.152640 0 0 0
0.664314 -0.150451 0.152618 0 0 0
0.664813 -0.149471 0.152597 0 0 0
0.665313 -0.148491 0.152576 0 0 0
0.665813 -0.147512 0.152554 0 0 0
0.666313 -0.146532 0.152533 0 0 0
0.666813 -0.145552 0.152512 0 0 0
0.667313 -0.144572 0.152490 0 0 0
0.667812 -0.143592 0.152469 0 0 0
0.668312 -0.142612 0.152448 0 0 0
0.668812 -0.141632 0.152426 0 0 0
0.669312 -0.140652 0.152405 0 0 0
0.669812 -0.139672 0.152384 0 0 0
0.670312 -0.138692 0.152362 0 0 0
0.670812 -0.137712 0.152341 0 0 0
0.671311 -0.136732 0.152320 0 0 0
0.671811 -0.135752 0.152298 0 0 0
0.672311 -0.134772 0.152277 0 0 0
0.672811 -0.133792 0.152256 0 0 0
0.673311 -0.132812 0.152234 0 0 0
0.673811 -0.131832 0.152213 0 0 0
0.674310 -0.130852 0.152192 0 0 0
0.674810 -0.129872 0.152170 0 0 0
0.675310 -0.128892 0.152149 0 0 0
0.675810 -0.127912 0.152128 0 0 0
0.676310 -0.126933 0.152106 0 0 0
0.676810 -0.125952 0.152085 0 0 0
0.677312 -0.124967 0.152063 0 0 0
0.677861 -0.124039 0.152025 0 0 0
0.678369 -0.123299 0.151922 0 0 0
0.678313 -0.121606 0.151254 0 0 0
0.678525 -0.121026 0.151136 0 0 0
0.678524 -0.119550 0.150677 0 0 0
0.678974 -0.118793 0.150443 0 0 0
0.679552 -0.117820 0.150359 0 0 0
0.680208 -0.116883 0.150325 0 0 0
0.680744 -0.115895 0.150301 0 0 0
0.681247 -0.114913 0.150280 0 0 0
0.681755 -0.113929 0.150258 0 0 0
0.682264 -0.112954 0.150236 0 0 0
0.682736 -0.111913 0.150218 0 0 0
0.683085 -0.110844 0.150207 0 0 0
0.683486 -0.109900 0.150194 0 0 0
0.683856 -0.108812 0.150186 0 0 0
0.684182 -0.108074 0.150194 0 0 0
0.685984 -0.106898 0.150861 0 0 0
0.686200 -0.106150 0.150874 0 0 0
0.686628 -0.105154 0.150869 0 0 0
0.686862 -0.104403 0.150885 0 0 0
0.688622 -0.103195 0.151551 0 0 0
0.688850 -0.102454 0.151565 0 0 0
0.689324 -0.101467 0.151551 0 0 0
0.689836 -0.100487 0.151529 0 0 0
0.690335 -0.099510 0.151508 0 0 0
0.690829 -0.098529 0.151487 0 0 0
0.691318 -0.097543 0.151466 0 0 0
0.691821 -0.096563 0.151444 0 0 0
0.692310 -0.095580 0.151424 0 0 0
0.692807 -0.094589 0.151402 0 0 0
0.693349 -0.093646 0.151370 0 0 0
0.693816 -0.092971 0.151311 0 0 0
0.693529 -0.091337 0.150688 0 0 0
0.694959 -0.090754 0.151196 0 0 0
0.694628 -0.089106 0.150571 0 0 0
0.694965 -0.088384 0.150520 0 0 0
0.695514 -0.087369 0.150489 0 0 0
0.696179 -0.086451 0.150458 0 0 0
0.696702 -0.085532 0.150433 0 0 0
0.697199 -0.084539 0.150411 0 0 0
0.697699 -0.083555 0.150390 0 0 0
0.698199 -0.082571 0.150368 0 0 0
0.698695 -0.081583 0.150347 0 0 0
0.699181 -0.080593 0.150327 0 0 0
0.699674 -0.079610 0.150306 0 0 0
0.700174 -0.078619 0.150284 0 0 0
0.700717 -0.077682 0.150252 0 0 0
0.701209 -0.077044 0.150202 0 0 0
0.701042 -0.075048 0.149484 0 0 0
0.701407 -0.074327 0.149446 0 0 0
0.701774 -0.073608 0.149452 0 0 0
0.703520 -0.072538 0.150104 0 0 0
0.703759 -0.071774 0.150122 0 0 0
0.704205 -0.070790 0.150111 0 0 0
0.704721 -0.069800 0.150091 0 0 0
0.705147 -0.068834 0.150076 0 0 0
0.705490 -0.067758 0.150064 0 0 0
0.705985 -0.066740 0.150043 0 0 0
0.706491 -0.065765 0.150022 0 0 0
0.707042 -0.064772 0.149997 0 0 0
0.707689 -0.063853 0.149966 0 0 0
0.708200 -0.062919 0.149942 0 0 0
0.708693 -0.061929 0.149921 0 0 0
0.709191 -0.060939 0.149899 0 0 0
0.709715 -0.060022 0.149874 0 0 0
0.710369 -0.059079 0.149844 0 0 0
0.710766 -0.057985 0.149828 0 0 0
0.711190 -0.057022 0.149814 0 0 0
0.711698 -0.056034 0.149793 0 0 0
0.712207 -0.055031 0.149767 0 0 0
0.712533 -0.054285 0.149728 0 0 0
0.712505 -0.052525 0.149259 0 0 0
0.712929 -0.051735 0.149008 0 0 0
0.713491 -0.050680 0.148922 0 0 0
0.714160 -0.049767 0.148886 0 0 0
0.714683 -0.048884 0.148858 0 0 0
0.715349 -0.047941 0.148821 0 0 0
0.715750 -0.047246 0.148782 0 0 0
0.715623 -0.045152 0.148047 0 0 0
0.716107 -0.044534 0.148003 0 0 0
0.716639 -0.043550 0.147970 0 0 0
0.716965 -0.042801 0.147934 0 0 0
0.716969 -0.040868 0.147520 0 0 0
0.717279 -0.040315 0.147518 0 0 0
0.718486 -0.039547 0.147747 0 0 0
0.718616 -0.037997 0.147398 0 0 0
0.719000 -0.037245 0.147332 0 0 0
0.719510 -0.036237 0.147305 0 0 0
0.720017 -0.035244 0.147282 0 0 0
0.720523 -0.034253 0.147261 0 0 0
0.721026 -0.033266 0.147239 0 0 0
0.721531 -0.032280 0.147217 0 0 0
0.722041 -0.031293 0.147196 0 0 0
0.722553 -0.030302 0.147180 0 0 0
0.723058 -0.029313 0.147154 0 0 0
0.723567 -0.028313 0.147135 0 0 0
0.724054 -0.027393 0.147031 0 0 0
0.724755 -0.026376 0.146645 0 0 0
0.725250 -0.025444 0.146546 0 0 0
0.725630 -0.024704 0.146487 0 0 0
0.725788 -0.022807 0.146031 0 0 0
0.726131 -0.022029 0.145972 0 0 0
0.726480 -0.021269 0.145924 0 0 0
0.726397 -0.019570 0.145552 0 0 0
0.727864 -0.018942 0.145821 0 0 0
0.728335 -0.018168 0.145851 0 0 0
0.728739 -0.017072 0.145844 0 0 0
0.729167 -0.016087 0.145830 0 0 0
0.729675 -0.015092 0.145809 0 0 0
0.730184 -0.014099 0.145787 0 0 0
0.730713 -0.013092 0.145771 0 0 0
0.731201 -0.012354 0.145799 0 0 0
0.732469 -0.011540 0.146179 0 0 0
0.732777 -0.010623 0.146415 0 0 0
0.733214 -0.009578 0.146457 0 0 0
0.733727 -0.008585 0.146440 0 0 0
0.734235 -0.007595 0.146418 0 0 0
0.734739 -0.006606 0.146397 0 0 0
0.735244 -0.005617 0.146375 0 0 0
0.735748 -0.004628 0.146354 0 0 0
0.736253 -0.003638 0.146332 0 0 0
0.736757 -0.002649 0.146311 0 0 0
0.737257 -0.001660 0.146292 0 0 0
0.737760 -0.000584 0.146323 0 0 0
0.738177 0.000335 0.146428 0 0 0
0.738763 0.001269 0.146264 0 0 0
0.739272 0.002298 0.146194 0 0 0
0.739771 0.003315 0.146134 0 0 0
0.740392 0.004310 0.145937 0 0 0
0.740885 0.005203 0.145867 0 0 0
0.741387 0.006211 0.145838 0 0 0
0.741907 0.007213 0.145807 0 0 0
0.742304 0.008113 0.145838 0 0 0
0.742604 0.009255 0.146021 0 0 0
0.743117 0.010370 0.146042 0 0 0
0.743402 0.010993 0.146033 0 0 0
0.663038 -0.155313 0.152654 0 0 0
0.663538 -0.154744 0.152630 0 0 0
0.664113 -0.153833 0.152604 0 0 0
0.664609 -0.152838 0.152583 0 0 0
0.665107 -0.151860 0.152562 0 0 0
0.665606 -0.150882 0.152541 0 0 0
0.666105 -0.149905 0.152519 0 0 0
0.666603 -0.148927 0.152498 0 0 0
0.667102 -0.147949 0.152477 0 0 0
0.667601 -0.146972 0.152456 0 0 0
0.668099 -0.145994 0.152434 0 0 0
0.668598 -0.145017 0.152413 0 0 0
0.669096 -0.144039 0.152392 0 0 0
0.669595 -0.143061 0.152371 0 0 0
0.670094 -0.142084 0.152349 0 0 0
0.670592 -0.141106 0.152328 0 0 0
0.671091 -0.140128 0.152307 0 0 0
0.671590 -0.139151 0.152285 0 0 0
0.672088 -0.138173 0.152264 0 0 0
0.672587 -0.137195 0.152243 0 0 0
0.673086 -0.136218 0.152222 0 0 0
0.673584 -0.135240 0.152200 0 0 0
0.674083 -0.134263 0.152179 0 0 0
0.674582 -0.133285 0.152158 0 0 0
0.675080 -0.132307 0.152136 0 0 0
0.675579 -0.131330 0.152115 0 0 0
0.676078 -0.130352 0.152094 0 0 0
0.676576 -0.129374 0.152073 0 0 0
0.677075 -0.128397 0.152051 0 0 0
0.677574 -0.127419 0.152030 0 0 0
0.678072 -0.126441 0.152009 0 0 0
0.678569 -0.125460 0.151987 0 0 0
0.679069 -0.124453 0.151952 0 0 0
0.679448 -0.123713 0.151855 0 0 0
0.679518 -0.122136 0.151215 0 0 0
0.679767 -0.121643 0.151099 0 0 0
0.679707 -0.119936 0.150431 0 0 0
0.680227 -0.119199 0.150321 0 0 0
0.680767 -0.118264 0.150283 0 0 0
0.681252 -0.117267 0.150261 0 0 0
0.681747 -0.116284 0.150240 0 0 0
0.682252 -0.115299 0.150219 0 0 0
0.682704 -0.114332 0.150201 0 0 0
0.683097 -0.113270 0.150188 0 0 0
0.683703 -0.112314 0.150164 0 0 0
0.684098 -0.111311 0.150150 0 0 0
0.684424 -0.110580 0.150156 0 0 0
0.686273 -0.109451 0.150823 0 0 0
0.686593 -0.108730 0.150829 0 0 0
0.686954 -0.107644 0.150821 0 0 0
0.687444 -0.106668 0.150807 0 0 0
0.687808 -0.106001 0.150814 0 0 0
0.689334 -0.104733 0.151463 0 0 0
0.689573 -0.103962 0.151507 0 0 0
0.689975 -0.102994 0.151503 0 0 0
0.690338 -0.101934 0.151491 0 0 0
0.690814 -0.100904 0.151471 0 0 0
0.691308 -0.099934 0.151450 0 0 0
0.691850 -0.098946 0.151427 0 0 0
0.692448 -0.098041 0.151401 0 0 0
0.692872 -0.097048 0.151382 0 0 0
0.693499 -0.096073 0.151354 0 0 0
0.694027 -0.095160 0.151329 0 0 0
0.694521 -0.094164 0.151306 0 0 0
0.695036 -0.093256 0.151281 0 0 0
0.695679 -0.092286 0.151252 0 0 0
0.696086 -0.091282 0.151233 0 0 0
0.696704 -0.090392 0.151204 0 0 0
0.697287 -0.089328 0.151108 0 0 0
0.697644 -0.088634 0.150906 0 0 0
0.697422 -0.086779 0.150421 0 0 0
0.697894 -0.086077 0.150366 0 0 0
0.698418 -0.085142 0.150335 0 0 0
0.698913 -0.084146 0.150313 0 0 0
0.699412 -0.083164 0.150292 0 0 0
0.699912 -0.082184 0.150271 0 0 0
0.700413 -0.081204 0.150249 0 0 0
0.700919 -0.080225 0.150228 0 0 0
0.701426 -0.079251 0.150206 0 0 0
0.701911 -0.078255 0.150185 0 0 0
0.702431 -0.077333 0.150160 0 0 0
0.703113 -0.076429 0.150128 0 0 0
0.703663 -0.075450 0.150104 0 0 0
0.704148 -0.074430 0.150085 0 0 0
0.704417 -0.073374 0.150079 0 0 0
0.704692 -0.072317 0.150072 0 0 0
0.705186 -0.071285 0.150052 0 0 0
0.705704 -0.070289 0.150036 0 0 0
0.706069 -0.069605 0.150048 0 0 0
0.707832 -0.068599 0.150699 0 0 0
0.708196 -0.067916 0.150711 0 0 0
0.708725 -0.066899 0.150684 0 0 0
0.709077 -0.066169 0.150609 0 0 0
0.709095 -0.064289 0.149912 0 0 0
0.709431 -0.063610 0.149870 0 0 0
0.709939 -0.062604 0.149843 0 0 0
0.710440 -0.061621 0.149821 0 0 0
0.710936 -0.060637 0.149800 0 0 0
0.711425 -0.059654 0.149779 0 0 0
0.711932 -0.058681 0.149758 0 0 0
0.712438 -0.057702 0.149736 0 0 0
0.712937 -0.056722 0.149715 0 0 0
0.713428 -0.055736 0.149694 0 0 0
0.713938 -0.054800 0.149670 0 0 0
0.714581 -0.053883 0.149639 0 0 0
0.715136 -0.052866 0.149610 0 0 0
0.715483 -0.052192 0.149573 0 0 0
0.715340 -0.050105 0.148837 0 0 0
0.715806 -0.049479 0.148794 0 0 0
0.716327 -0.048508 0.148764 0 0 0
0.716857 -0.047552 0.148735 0 0 0
0.717351 -0.046942 0.148691 0 0 0
0.717288 -0.044845 0.147948 0 0 0
0.717778 -0.044226 0.147903 0 0 0
0.718326 -0.043318 0.147871 0 0 0
0.718975 -0.042398 0.147836 0 0 0
0.719508 -0.041309 0.147754 0 0 0
0.719855 -0.040497 0.147537 0 0 0
0.719907 -0.038770 0.147067 0 0 0
0.720252 -0.037992 0.147002 0 0 0
0.720768 -0.036989 0.146971 0 0 0
0.721273 -0.036000 0.146950 0 0 0
0.721776 -0.035014 0.146928 0 0 0
0.722281 -0.034024 0.146907 0 0 0
0.722783 -0.033040 0.146885 0 0 0
0.723287 -0.032053 0.146864 0 0 0
0.723792 -0.031065 0.146842 0 0 0
0.724296 -0.030076 0.146820 0 0 0
0.724809 -0.029068 0.146791 0 0 0
0.725141 -0.028315 0.146734 0 0 0
0.725302 -0.026431 0.146263 0 0 0
0.725675 -0.025690 0.146208 0 0 0
0.726169 -0.024774 0.146142 0 0 0
0.726775 -0.023778 0.145943 0 0 0
0.727277 -0.022758 0.145882 0 0 0
0.727803 -0.021816 0.145854 0 0 0
0.728431 -0.020879 0.145824 0 0 0
0.728854 -0.019774 0.145807 0 0 0
0.729273 -0.018802 0.145793 0 0 0
0.729793 -0.017820 0.145772 0 0 0
0.730306 -0.016831 0.145750 0 0 0
0.730814 -0.015842 0.145728 0 0 0
0.731320 -0.014848 0.145707 0 0 0
0.731738 -0.013867 0.145696 0 0 0
0.732145 -0.012710 0.145745 0 0 0
0.732558 -0.011874 0.145970 0 0 0
0.733857 -0.011087 0.146346 0 0 0
0.734337 -0.010354 0.146376 0 0 0
0.734858 -0.009351 0.146361 0 0 0
0.735362 -0.008363 0.146340 0 0 0
0.735866 -0.007376 0.146318 0 0 0
0.736369 -0.006389 0.146297 0 0 0
0.736873 -0.005402 0.146275 0 0 0
0.737376 -0.004415 0.146254 0 0 0
0.737879 -0.003429 0.146230 0 0 0
0.738380 -0.002444 0.146203 0 0 0
0.738887 -0.001459 0.146178 0 0 0
0.739376 -0.000441 0.146125 0 0 0
0.739994 0.000555 0.145928 0 0 0
0.740496 0.001464 0.145856 0 0 0
0.740871 0.002223 0.145806 0 0 0
0.740975 0.004199 0.145572 0 0 0
0.741260 0.004937 0.145549 0 0 0
0.741667 0.006043 0.145570 0 0 0
0.742178 0.007074 0.145548 0 0 0
0.742497 0.007765 0.145564 0 0 0
0.665038 -0.154821 0.152547 0 0 0
0.665390 -0.154279 0.152531 0 0 0
0.665898 -0.153266 0.152510 0 0 0
0.666397 -0.152287 0.152488 0 0 0
0.666892 -0.151310 0.152466 0 0 0
0.667389 -0.150337 0.152439 0 0 0
0.667889 -0.149357 0.152415 0 0 0
0.668389 -0.148384 0.152394 0 0 0
0.668885 -0.147410 0.152379 0 0 0
0.669382 -0.146435 0.152361 0 0 0
0.669880 -0.145460 0.152340 0 0 0
0.670378 -0.144485 0.152319 0 0 0
0.670875 -0.143509 0.152297 0 0 0
0.671373 -0.142534 0.152276 0 0 0
0.671870 -0.141559 0.152255 0 0 0
0.672367 -0.140583 0.152234 0 0 0
0.672865 -0.139608 0.152213 0 0 0
0.673362 -0.138633 0.152191 0 0 0
0.673860 -0.137657 0.152170 0 0 0
0.674357 -0.136682 0.152149 0 0 0
0.674855 -0.135707 0.152128 0 0 0
0.675352 -0.134731 0.152106 0 0 0
0.675850 -0.133756 0.152085 0 0 0
0.676347 -0.132781 0.152064 0 0 0
0.676845 -0.131805 0.152043 0 0 0
0.677342 -0.130830 0.152021 0 0 0
0.677840 -0.129855 0.152000 0 0 0
0.678337 -0.128879 0.151979 0 0 0
0.678835 -0.127904 0.151958 0 0 0
0.679332 -0.126929 0.151937 0 0 0
0.679833 -0.125957 0.151912 0 0 0
0.680374 -0.124927 0.151831 0 0 0
0.680828 -0.124194 0.151602 0 0 0
0.680810 -0.122724 0.151151 0 0 0
0.681215 -0.121945 0.151045 0 0 0
0.681738 -0.121194 0.150931 0 0 0
0.681704 -0.119515 0.150271 0 0 0
0.682052 -0.118815 0.150213 0 0 0
0.682559 -0.117810 0.150183 0 0 0
0.683061 -0.116826 0.150161 0 0 0
0.683577 -0.115824 0.150143 0 0 0
0.683936 -0.115150 0.150152 0 0 0
0.685300 -0.114116 0.150695 0 0 0
0.684851 -0.112873 0.150207 0 0 0
0.686510 -0.111943 0.150790 0 0 0
0.686836 -0.111212 0.150799 0 0 0
0.687187 -0.110126 0.150791 0 0 0
0.687657 -0.109173 0.150773 0 0 0
0.688125 -0.108220 0.150756 0 0 0
0.688467 -0.107129 0.150753 0 0 0
0.688818 -0.106383 0.150792 0 0 0
0.690403 -0.105172 0.151438 0 0 0
0.690790 -0.104503 0.151448 0 0 0
0.691165 -0.103828 0.151459 0 0 0
0.692728 -0.102621 0.152103 0 0 0
0.693104 -0.101929 0.152141 0 0 0
0.693622 -0.100912 0.152118 0 0 0
0.693984 -0.100136 0.152024 0 0 0
0.693908 -0.098654 0.151431 0 0 0
0.695076 -0.098016 0.151594 0 0 0
0.694954 -0.096546 0.151317 0 0 0
0.695267 -0.095756 0.151263 0 0 0
0.695754 -0.094752 0.151236 0 0 0
0.696242 -0.093764 0.151215 0 0 0
0.696727 -0.092784 0.151194 0 0 0
0.697229 -0.091807 0.151173 0 0 0
0.697722 -0.090806 0.151146 0 0 0
0.698036 -0.090018 0.151093 0 0 0
0.697878 -0.088625 0.150762 0 0 0
0.699336 -0.088014 0.150971 0 0 0
0.699110 -0.086342 0.150331 0 0 0
0.699611 -0.085684 0.150273 0 0 0
0.700154 -0.084758 0.150241 0 0 0
0.700652 -0.083772 0.150219 0 0 0
0.701143 -0.082793 0.150198 0 0 0
0.701628 -0.081803 0.150177 0 0 0
0.702060 -0.080834 0.150161 0 0 0
0.702460 -0.079765 0.150146 0 0 0
0.703103 -0.078804 0.150118 0 0 0
0.703565 -0.077906 0.150098 0 0 0
0.703889 -0.076821 0.150086 0 0 0
0.704359 -0.075797 0.150067 0 0 0
0.704877 -0.074813 0.150050 0 0 0
0.705250 -0.074139 0.150061 0 0 0
0.707037 -0.073123 0.150716 0 0 0
0.707396 -0.072447 0.150727 0 0 0
0.707910 -0.071457 0.150711 0 0 0
0.708386 -0.070434 0.150692 0 0 0
0.708722 -0.069357 0.150679 0 0 0
0.709144 -0.068396 0.150664 0 0 0
0.709655 -0.067390 0.150637 0 0 0
0.709990 -0.066717 0.150596 0 0 0
0.710003 -0.064837 0.149896 0 0 0
0.710354 -0.064109 0.149821 0 0 0
0.710864 -0.063109 0.149789 0 0 0
0.711364 -0.062129 0.149768 0 0 0
0.711863 -0.061152 0.149746 0 0 0
0.712361 -0.060174 0.149725 0 0 0
0.712860 -0.059197 0.149704 0 0 0
0.713359 -0.058219 0.149683 0 0 0
0.713857 -0.057246 0.149661 0 0 0
0.714408 -0.056257 0.149637 0 0 0
0.715054 -0.055348 0.149607 0 0 0
0.715561 -0.054417 0.149583 0 0 0
0.716051 -0.053421 0.149561 0 0 0
0.716590 -0.052488 0.149527 0 0 0
0.717088 -0.051845 0.149451 0 0 0
0.717184 -0.049913 0.148734 0 0 0
0.717511 -0.049232 0.148697 0 0 0
0.718011 -0.048202 0.148670 0 0 0
0.718534 -0.047248 0.148641 0 0 0
0.719020 -0.046641 0.148597 0 0 0
0.718950 -0.044539 0.147852 0 0 0
0.719425 -0.043916 0.147808 0 0 0
0.719954 -0.042933 0.147776 0 0 0
0.720284 -0.042192 0.147739 0 0 0
0.720312 -0.040367 0.147239 0 0 0
0.720904 -0.039660 0.146988 0 0 0
0.721437 -0.038689 0.146912 0 0 0
0.721928 -0.037688 0.146887 0 0 0
0.722426 -0.036698 0.146866 0 0 0
0.722928 -0.035713 0.146844 0 0 0
0.723430 -0.034728 0.146823 0 0 0
0.723933 -0.033744 0.146801 0 0 0
0.724435 -0.032759 0.146780 0 0 0
0.724937 -0.031775 0.146758 0 0 0
0.725440 -0.030788 0.146737 0 0 0
0.725958 -0.029780 0.146707 0 0 0
0.726295 -0.029075 0.146648 0 0 0
0.726581 -0.027207 0.145941 0 0 0
0.726909 -0.026492 0.145884 0 0 0
0.727420 -0.025477 0.145852 0 0 0
0.727924 -0.024485 0.145825 0 0 0
0.728426 -0.023498 0.145802 0 0 0
0.728926 -0.022507 0.145780 0 0 0
0.729419 -0.021516 0.145759 0 0 0
0.729927 -0.020536 0.145737 0 0 0
0.730437 -0.019551 0.145716 0 0 0
0.730943 -0.018564 0.145694 0 0 0
0.731446 -0.017577 0.145673 0 0 0
0.731950 -0.016589 0.145651 0 0 0
0.732468 -0.015585 0.145636 0 0 0
0.732932 -0.014851 0.145664 0 0 0
0.734308 -0.013991 0.145983 0 0 0
0.734685 -0.013253 0.146082 0 0 0
0.735064 -0.012135 0.146273 0 0 0
0.735486 -0.011101 0.146304 0 0 0
0.735985 -0.010114 0.146287 0 0 0
0.736488 -0.009129 0.146266 0 0 0
0.736990 -0.008144 0.146244 0 0 0
0.737492 -0.007160 0.146223 0 0 0
0.737994 -0.006175 0.146201 0 0 0
0.738502 -0.005194 0.146176 0 0 0
0.738990 -0.004183 0.146115 0 0 0
0.739600 -0.003184 0.145916 0 0 0
0.740101 -0.002280 0.145845 0 0 0
0.740475 -0.001521 0.145795 0 0 0
0.740569 0.000445 0.145566 0 0 0
0.740954 0.001209 0.145518 0 0 0
0.741358 0.002102 0.145473 0 0 0
0.741843 0.003249 0.145291 0 0 0
0.742095 0.003936 0.145249 0 0 0
0.666371 -0.155232 0.152475 0 0 0
0.666687 -0.154714 0.152461 0 0 0
0.667189 -0.153698 0.152440 0 0 0
0.667689 -0.152717 0.152416 0 0 0
0.668242 -0.151707 0.152344 0 0 0
0.668801 -0.150765 0.152141 0 0 0
0.669275 -0.149847 0.152067 0 0 0
0.669689 -0.148941 0.152097 0 0 0
0.670135 -0.147862 0.152267 0 0 0
0.670670 -0.146878 0.152288 0 0 0
0.671160 -0.145902 0.152271 0 0 0
0.671656 -0.144929 0.152250 0 0 0
0.672152 -0.143956 0.152228 0 0 0
0.672648 -0.142983 0.152207 0 0 0
0.673145 -0.142010 0.152186 0 0 0
0.673641 -0.141037 0.152165 0 0 0
0.674137 -0.140064 0.152144 0 0 0
0.674634 -0.139091 0.152123 0 0 0
0.675130 -0.138118 0.152101 0 0 0
0.675626 -0.137145 0.152080 0 0 0
0.676122 -0.136172 0.152059 0 0 0
0.676619 -0.135199 0.152038 0 0 0
0.677115 -0.134226 0.152017 0 0 0
0.677611 -0.133253 0.151995 0 0 0
0.678108 -0.132280 0.151974 0 0 0
0.678604 -0.131307 0.151953 0 0 0
0.679100 -0.130334 0.151932 0 0 0
0.679597 -0.129361 0.151911 0 0 0
0.680093 -0.128388 0.151890 0 0 0
0.680590 -0.127413 0.151868 0 0 0
0.681094 -0.126425 0.151836 0 0 0
0.681451 -0.125595 0.151742 0 0 0
0.681444 -0.124147 0.151289 0 0 0
0.681889 -0.123410 0.151063 0 0 0
0.682424 -0.122344 0.150975 0 0 0
0.682755 -0.121646 0.150914 0 0 0
0.682668 -0.119963 0.150257 0 0 0
0.683038 -0.119185 0.150162 0 0 0
0.683546 -0.118185 0.150128 0 0 0
0.684046 -0.117204 0.150106 0 0 0
0.684557 -0.116202 0.150094 0 0 0
0.684933 -0.115501 0.150136 0 0 0
0.686574 -0.114351 0.150772 0 0 0
0.687044 -0.113688 0.150775 0 0 0
0.687446 -0.112608 0.150763 0 0 0
0.687907 -0.111658 0.150746 0 0 0
0.688368 -0.110705 0.150729 0 0 0
0.688713 -0.109618 0.150720 0 0 0
0.689029 -0.108897 0.150727 0 0 0
0.690879 -0.107783 0.151401 0 0 0
0.691209 -0.107068 0.151408 0 0 0
0.691522 -0.106020 0.151403 0 0 0
0.691807 -0.104948 0.151403 0 0 0
0.692164 -0.104199 0.151445 0 0 0
0.693719 -0.102997 0.152090 0 0 0
0.694063 -0.102341 0.152098 0 0 0
0.694582 -0.101323 0.152074 0 0 0
0.694920 -0.100642 0.152024 0 0 0
0.694900 -0.098826 0.151424 0 0 0
0.695234 -0.098107 0.151462 0 0 0
0.695697 -0.097195 0.151294 0 0 0
0.696274 -0.096156 0.151207 0 0 0
0.696934 -0.095245 0.151174 0 0 0
0.697463 -0.094340 0.151149 0 0 0
0.697959 -0.093360 0.151127 0 0 0
0.698456 -0.092386 0.151106 0 0 0
0.698953 -0.091409 0.151084 0 0 0
0.699478 -0.090501 0.151060 0 0 0
0.700103 -0.089528 0.151031 0 0 0
0.700518 -0.088508 0.151005 0 0 0
0.700942 -0.087890 0.150960 0 0 0
0.700754 -0.085925 0.150239 0 0 0
0.701096 -0.085229 0.150195 0 0 0
0.701596 -0.084232 0.150167 0 0 0
0.702146 -0.083244 0.150143 0 0 0
0.702836 -0.082325 0.150118 0 0 0
0.703298 -0.081683 0.150127 0 0 0
0.704637 -0.080813 0.150362 0 0 0
0.704437 -0.079287 0.150092 0 0 0
0.704514 -0.078723 0.150079 0 0 0
0.706252 -0.077635 0.150737 0 0 0
0.706604 -0.076956 0.150747 0 0 0
0.707116 -0.075968 0.150731 0 0 0
0.707591 -0.074945 0.150712 0 0 0
0.707923 -0.073871 0.150699 0 0 0
0.708343 -0.072915 0.150684 0 0 0
0.708847 -0.071939 0.150663 0 0 0
0.709348 -0.070972 0.150641 0 0 0
0.709861 -0.070007 0.150619 0 0 0
0.710365 -0.069035 0.150598 0 0 0
0.710863 -0.068054 0.150576 0 0 0
0.711385 -0.067140 0.150552 0 0 0
0.712034 -0.066236 0.150522 0 0 0
0.712580 -0.065255 0.150498 0 0 0
0.713076 -0.064287 0.150477 0 0 0
0.713573 -0.063314 0.150456 0 0 0
0.714069 -0.062341 0.150435 0 0 0
0.714565 -0.061368 0.150414 0 0 0
0.715061 -0.060395 0.150392 0 0 0
0.715559 -0.059420 0.150371 0 0 0
0.716065 -0.058425 0.150339 0 0 0
0.716409 -0.057715 0.150267 0 0 0
0.716412 -0.055783 0.149560 0 0 0
0.716743 -0.055113 0.149521 0 0 0
0.717249 -0.054107 0.149494 0 0 0
0.717751 -0.053096 0.149467 0 0 0
0.718075 -0.052422 0.149428 0 0 0
0.718163 -0.050491 0.148711 0 0 0
0.718639 -0.049840 0.148636 0 0 0
0.719179 -0.048895 0.148602 0 0 0
0.719676 -0.047894 0.148580 0 0 0
0.720201 -0.046950 0.148546 0 0 0
0.720689 -0.046315 0.148472 0 0 0
0.720776 -0.044348 0.147751 0 0 0
0.721116 -0.043668 0.147713 0 0 0
0.721661 -0.042686 0.147680 0 0 0
0.722127 -0.042074 0.147638 0 0 0
0.721998 -0.039956 0.146896 0 0 0
0.722405 -0.039267 0.146854 0 0 0
0.723077 -0.038346 0.146818 0 0 0
0.723586 -0.037412 0.146794 0 0 0
0.724082 -0.036416 0.146772 0 0 0
0.724583 -0.035433 0.146751 0 0 0
0.725084 -0.034450 0.146730 0 0 0
0.725585 -0.033468 0.146708 0 0 0
0.726086 -0.032486 0.146687 0 0 0
0.726588 -0.031501 0.146666 0 0 0
0.727100 -0.030490 0.146640 0 0 0
0.727438 -0.029821 0.146606 0 0 0
0.727564 -0.027800 0.145874 0 0 0
0.728056 -0.027173 0.145804 0 0 0
0.728594 -0.026225 0.145770 0 0 0
0.729097 -0.025230 0.145748 0 0 0
0.729599 -0.024246 0.145727 0 0 0
0.730097 -0.023262 0.145706 0 0 0
0.730590 -0.022275 0.145685 0 0 0
0.731077 -0.021281 0.145664 0 0 0
0.731576 -0.020291 0.145643 0 0 0
0.732078 -0.019306 0.145621 0 0 0
0.732580 -0.018321 0.145600 0 0 0
0.733085 -0.017337 0.145578 0 0 0
0.733592 -0.016353 0.145560 0 0 0
0.734109 -0.015317 0.145582 0 0 0
0.734566 -0.014280 0.145742 0 0 0
0.734918 -0.013564 0.145838 0 0 0
0.736117 -0.012674 0.146167 0 0 0
0.736595 -0.011875 0.146228 0 0 0
0.737108 -0.010877 0.146217 0 0 0
0.737609 -0.009893 0.146195 0 0 0
0.738110 -0.008912 0.146171 0 0 0
0.738612 -0.007927 0.146147 0 0 0
0.739111 -0.006944 0.146127 0 0 0
0.739630 -0.005945 0.146092 0 0 0
0.739949 -0.005212 0.146040 0 0 0
0.740154 -0.003253 0.145571 0 0 0
0.740545 -0.002526 0.145516 0 0 0
0.740958 -0.001641 0.145467 0 0 0
0.741424 -0.000530 0.145289 0 0 0
0.741909 0.000547 0.145226 0 0 0
0.742195 0.001167 0.145211 0 0 0
0.667453 -0.155557 0.152420 0 0 0
0.667904 -0.155030 0.152400 0 0 0
0.668479 -0.154125 0.152374 0 0 0
0.668974 -0.153117 0.152345 0 0 0
0.669281 -0.152312 0.152277 0 0 0
0.669148 -0.150796 0.151916 0 0 0
0.669535 -0.149985 0.151835 0 0 0
0.669884 -0.149250 0.151855 0 0 0
0.671562 -0.147999 0.152226 0 0 0
0.671927 -0.147336 0.152224 0 0 0
0.672435 -0.146344 0.152206 0 0 0
0.672931 -0.145371 0.152185 0 0 0
0.673426 -0.144400 0.152163 0 0 0
0.673921 -0.143430 0.152142 0 0 0
0.674417 -0.142459 0.152121 0 0 0
0.674912 -0.141488 0.152100 0 0 0
0.675407 -0.140518 0.152079 0 0 0
0.675902 -0.139547 0.152058 0 0 0
0.676397 -0.138576 0.152037 0 0 0
0.676892 -0.137606 0.152016 0 0 0
0.677387 -0.136635 0.151994 0 0 0
0.677882 -0.135664 0.151973 0 0 0
0.678377 -0.134694 0.151952 0 0 0
0.678872 -0.133723 0.151931 0 0 0
0.679368 -0.132752 0.151910 0 0 0
0.679863 -0.131782 0.151889 0 0 0
0.680358 -0.130811 0.151868 0 0 0
0.680853 -0.129840 0.151847 0 0 0
0.681348 -0.128870 0.151825 0 0 0
0.681844 -0.127897 0.151804 0 0 0
0.682345 -0.126902 0.151774 0 0 0
0.682686 -0.126209 0.151714 0 0 0
0.682613 -0.124527 0.151064 0 0 0
0.683128 -0.123799 0.150954 0 0 0
0.683674 -0.122875 0.150914 0 0 0
0.684211 -0.121972 0.150888 0 0 0
0.684864 -0.121048 0.150859 0 0 0
0.685396 -0.120071 0.150836 0 0 0
0.685892 -0.119101 0.150815 0 0 0
0.686388 -0.118129 0.150794 0 0 0
0.686880 -0.117159 0.150773 0 0 0
0.687349 -0.116130 0.150754 0 0 0
0.687690 -0.115074 0.150741 0 0 0
0.688071 -0.114125 0.150728 0 0 0
0.688431 -0.113079 0.150715 0 0 0
0.688926 -0.112032 0.150699 0 0 0
0.689261 -0.111371 0.150704 0 0 0
0.691120 -0.110255 0.151381 0 0 0
0.691432 -0.109541 0.151387 0 0 0
0.691785 -0.108455 0.151378 0 0 0
0.692188 -0.107506 0.151369 0 0 0
0.692406 -0.106775 0.151380 0 0 0
0.694220 -0.105621 0.152059 0 0 0
0.694529 -0.104908 0.152067 0 0 0
0.694890 -0.103840 0.152058 0 0 0
0.695328 -0.102882 0.152041 0 0 0
0.695828 -0.101902 0.152019 0 0 0
0.696356 -0.101003 0.151994 0 0 0
0.697006 -0.100093 0.151966 0 0 0
0.697543 -0.099117 0.151942 0 0 0
0.698048 -0.098131 0.151909 0 0 0
0.698405 -0.097387 0.151822 0 0 0
0.698363 -0.095616 0.151142 0 0 0
0.698692 -0.094940 0.151093 0 0 0
0.699178 -0.093936 0.151065 0 0 0
0.699668 -0.092956 0.151044 0 0 0
0.700161 -0.091982 0.151023 0 0 0
0.700652 -0.091007 0.151002 0 0 0
0.701136 -0.090033 0.150981 0 0 0
0.701633 -0.089055 0.150959 0 0 0
0.702154 -0.088153 0.150934 0 0 0
0.702821 -0.087251 0.150905 0 0 0
0.703365 -0.086270 0.150881 0 0 0
0.703862 -0.085278 0.150854 0 0 0
0.704195 -0.084593 0.150812 0 0 0
0.703941 -0.082602 0.150095 0 0 0
0.704310 -0.081862 0.150105 0 0 0
0.704794 -0.080893 0.150225 0 0 0
0.705120 -0.080273 0.150122 0 0 0
0.706907 -0.079147 0.150701 0 0 0
0.707118 -0.078390 0.150717 0 0 0
0.707549 -0.077413 0.150707 0 0 0
0.708054 -0.076438 0.150686 0 0 0
0.708561 -0.075474 0.150664 0 0 0
0.709080 -0.074519 0.150642 0 0 0
0.709573 -0.073547 0.150621 0 0 0
0.710065 -0.072571 0.150600 0 0 0
0.710559 -0.071599 0.150579 0 0 0
0.711055 -0.070628 0.150558 0 0 0
0.711550 -0.069658 0.150537 0 0 0
0.712043 -0.068686 0.150515 0 0 0
0.712533 -0.067708 0.150492 0 0 0
0.713013 -0.066732 0.150466 0 0 0
0.713500 -0.065756 0.150443 0 0 0
0.713993 -0.064786 0.150424 0 0 0
0.714487 -0.063816 0.150409 0 0 0
0.714983 -0.062846 0.150390 0 0 0
0.715479 -0.061876 0.150369 0 0 0
0.715973 -0.060905 0.150348 0 0 0
0.716470 -0.059932 0.150324 0 0 0
0.716979 -0.058942 0.150289 0 0 0
0.717321 -0.058243 0.150225 0 0 0
0.717558 -0.056470 0.149532 0 0 0
0.717905 -0.055765 0.149463 0 0 0
0.718415 -0.054769 0.149432 0 0 0
0.718918 -0.053788 0.149406 0 0 0
0.719454 -0.052825 0.149327 0 0 0
0.720017 -0.052120 0.149081 0 0 0
0.720009 -0.050310 0.148581 0 0 0
0.720335 -0.049583 0.148542 0 0 0
0.720841 -0.048583 0.148516 0 0 0
0.721349 -0.047576 0.148485 0 0 0
0.721676 -0.046870 0.148422 0 0 0
0.721944 -0.045071 0.147716 0 0 0
0.722272 -0.044360 0.147652 0 0 0
0.722775 -0.043340 0.147622 0 0 0
0.723284 -0.042408 0.147598 0 0 0
0.723955 -0.041489 0.147563 0 0 0
0.724359 -0.040810 0.147525 0 0 0
0.724241 -0.038682 0.146774 0 0 0
0.724731 -0.038085 0.146733 0 0 0
0.725262 -0.037144 0.146704 0 0 0
0.725753 -0.036151 0.146683 0 0 0
0.726237 -0.035162 0.146662 0 0 0
0.726733 -0.034177 0.146641 0 0 0
0.727233 -0.033196 0.146620 0 0 0
0.727732 -0.032215 0.146598 0 0 0
0.728233 -0.031226 0.146577 0 0 0
0.728765 -0.030270 0.146549 0 0 0
0.729230 -0.029672 0.146510 0 0 0
0.729119 -0.027504 0.145755 0 0 0
0.729469 -0.026835 0.145722 0 0 0
0.729976 -0.025825 0.145697 0 0 0
0.730477 -0.024841 0.145675 0 0 0
0.730980 -0.023863 0.145654 0 0 0
0.731543 -0.022869 0.145628 0 0 0
0.732192 -0.021972 0.145598 0 0 0
0.732710 -0.021036 0.145574 0 0 0
0.733211 -0.020047 0.145553 0 0 0
0.733712 -0.019064 0.145531 0 0 0
0.734215 -0.018078 0.145511 0 0 0
0.734631 -0.017105 0.145496 0 0 0
0.735010 -0.016026 0.145484 0 0 0
0.735503 -0.014996 0.145486 0 0 0
0.735920 -0.014224 0.145555 0 0 0
0.737346 -0.013339 0.146121 0 0 0
0.737714 -0.012637 0.146156 0 0 0
0.738225 -0.011638 0.146146 0 0 0
0.738733 -0.010662 0.146116 0 0 0
0.739233 -0.009644 0.146055 0 0 0
0.739822 -0.008713 0.145911 0 0 0
0.740235 -0.007762 0.145962 0 0 0
0.740837 -0.006674 0.145800 0 0 0
0.741195 -0.006059 0.145704 0 0 0
0.741443 -0.004125 0.145253 0 0 0
0.741659 -0.003361 0.145211 0 0 0
0.741827 -0.002605 0.145205 0 0 0
0.669416 -0.155110 0.152328 0 0 0
0.669758 -0.154579 0.152313 0 0 0
0.670255 -0.153568 0.152291 0 0 0
0.670799 -0.152670 0.152266 0 0 0
0.671444 -0.151738 0.152238 0 0 0
0.671962 -0.150772 0.152216 0 0 0
0.672424 -0.149742 0.152197 0 0 0
0.672760 -0.148712 0.152184 0 0 0
0.673211 -0.147752 0.152166 0 0 0
0.673710 -0.146781 0.152145 0 0 0
0.674204 -0.145812 0.152123 0 0 0
0.674698 -0.144844 0.152102 0 0 0
0.675192 -0.143875 0.152081 0 0 0
0.675685 -0.142907 0.152060 0 0 0
0.676179 -0.141939 0.152039 0 0 0
0.676673 -0.140970 0.152018 0 0 0
0.677167 -0.140002 0.151997 0 0 0
0.677661 -0.139034 0.151976 0 0 0
0.678155 -0.138065 0.151955 0 0 0
0.678649 -0.137097 0.151934 0 0 0
0.679143 -0.136128 0.151913 0 0 0
0.679637 -0.135160 0.151892 0 0 0
0.680131 -0.134192 0.151871 0 0 0
0.680625 -0.133223 0.151850 0 0 0
0.681119 -0.132255 0.151828 0 0 0
0.681613 -0.131287 0.151807 0 0 0
0.682107 -0.130318 0.151786 0 0 0
0.682600 -0.129350 0.151765 0 0 0
0.683094 -0.128382 0.151744 0 0 0
0.683593 -0.127409 0.151718 0 0 0
0.684175 -0.126464 0.151631 0 0 0
0.684710 -0.125709 0.151366 0 0 0
0.684613 -0.124187 0.150920 0 0 0
0.684918 -0.123394 0.150860 0 0 0
0.685409 -0.122393 0.150832 0 0 0
0.685888 -0.121414 0.150811 0 0 0
0.686377 -0.120443 0.150790 0 0 0
0.686871 -0.119473 0.150769 0 0 0
0.687366 -0.118502 0.150748 0 0 0
0.687863 -0.117534 0.150727 0 0 0
0.688374 -0.116568 0.150705 0 0 0
0.688913 -0.115594 0.150686 0 0 0
0.689323 -0.114917 0.150691 0 0 0
0.690791 -0.113846 0.151111 0 0 0
0.691179 -0.113046 0.151326 0 0 0
0.691699 -0.111988 0.151370 0 0 0
0.692018 -0.110925 0.151361 0 0 0
0.692481 -0.109980 0.151344 0 0 0
0.692950 -0.109018 0.151331 0 0 0
0.693143 -0.108274 0.151342 0 0 0
0.694904 -0.107057 0.152028 0 0 0
0.695091 -0.106318 0.152039 0 0 0
0.695534 -0.105352 0.152027 0 0 0
0.696052 -0.104387 0.152005 0 0 0
0.696552 -0.103421 0.151984 0 0 0
0.697045 -0.102452 0.151963 0 0 0
0.697532 -0.101479 0.151942 0 0 0
0.698008 -0.100506 0.151922 0 0 0
0.698494 -0.099537 0.151901 0 0 0
0.698992 -0.098546 0.151872 0 0 0
0.699325 -0.097877 0.151823 0 0 0
0.699284 -0.096108 0.151141 0 0 0
0.699684 -0.095357 0.151051 0 0 0
0.700348 -0.094429 0.151011 0 0 0
0.700876 -0.093528 0.150986 0 0 0
0.701370 -0.092552 0.150964 0 0 0
0.701864 -0.091584 0.150943 0 0 0
0.702358 -0.090615 0.150922 0 0 0
0.702851 -0.089645 0.150901 0 0 0
0.703339 -0.088670 0.150880 0 0 0
0.703817 -0.087694 0.150860 0 0 0
0.704303 -0.086724 0.150839 0 0 0
0.704794 -0.085749 0.150817 0 0 0
0.705322 -0.084856 0.150792 0 0 0
0.705997 -0.083960 0.150764 0 0 0
0.706542 -0.082982 0.150740 0 0 0
0.707031 -0.082022 0.150719 0 0 0
0.707502 -0.081005 0.150699 0 0 0
0.707835 -0.079943 0.150686 0 0 0
0.708268 -0.078999 0.150669 0 0 0
0.708777 -0.078027 0.150648 0 0 0
0.709276 -0.077054 0.150627 0 0 0
0.709703 -0.076101 0.150611 0 0 0
0.710100 -0.075039 0.150594 0 0 0
0.710727 -0.074095 0.150567 0 0 0
0.711247 -0.073190 0.150543 0 0 0
0.711742 -0.072216 0.150522 0 0 0
0.712236 -0.071248 0.150501 0 0 0
0.712730 -0.070280 0.150480 0 0 0
0.713230 -0.069315 0.150455 0 0 0
0.713741 -0.068313 0.150387 0 0 0
0.714320 -0.067341 0.150177 0 0 0
0.714802 -0.066462 0.150106 0 0 0
0.715239 -0.065551 0.150139 0 0 0
0.715687 -0.064515 0.150303 0 0 0
0.716194 -0.063503 0.150329 0 0 0
0.716682 -0.062533 0.150311 0 0 0
0.717180 -0.061568 0.150286 0 0 0
0.717700 -0.060561 0.150218 0 0 0
0.718243 -0.059633 0.150073 0 0 0
0.718531 -0.058975 0.150091 0 0 0
0.718724 -0.057116 0.149473 0 0 0
0.719071 -0.056418 0.149405 0 0 0
0.719580 -0.055424 0.149373 0 0 0
0.720087 -0.054434 0.149340 0 0 0
0.720418 -0.053670 0.149268 0 0 0
0.720528 -0.051985 0.148777 0 0 0
0.720984 -0.051253 0.148557 0 0 0
0.721496 -0.050227 0.148481 0 0 0
0.722001 -0.049253 0.148456 0 0 0
0.722506 -0.048253 0.148430 0 0 0
0.722841 -0.047590 0.148393 0 0 0
0.722929 -0.045624 0.147667 0 0 0
0.723427 -0.044995 0.147593 0 0 0
0.723955 -0.044061 0.147559 0 0 0
0.724433 -0.043061 0.147538 0 0 0
0.724911 -0.042060 0.147518 0 0 0
0.725435 -0.041119 0.147489 0 0 0
0.725920 -0.040529 0.147449 0 0 0
0.725796 -0.038394 0.146695 0 0 0
0.726145 -0.037729 0.146661 0 0 0
0.726711 -0.036714 0.146631 0 0 0
0.727378 -0.035822 0.146601 0 0 0
0.727883 -0.034896 0.146578 0 0 0
0.728377 -0.033905 0.146556 0 0 0
0.728875 -0.032926 0.146535 0 0 0
0.729373 -0.031947 0.146514 0 0 0
0.729867 -0.030957 0.146492 0 0 0
0.730373 -0.030026 0.146469 0 0 0
0.731034 -0.029140 0.146439 0 0 0
0.731597 -0.028150 0.146414 0 0 0
0.732096 -0.027178 0.146393 0 0 0
0.732596 -0.026198 0.146371 0 0 0
0.733107 -0.025197 0.146340 0 0 0
0.733434 -0.024502 0.146277 0 0 0
0.733532 -0.022480 0.145545 0 0 0
0.733859 -0.021812 0.145512 0 0 0
0.734358 -0.020804 0.145487 0 0 0
0.734845 -0.019810 0.145466 0 0 0
0.735356 -0.018809 0.145452 0 0 0
0.735814 -0.018082 0.145480 0 0 0
0.737176 -0.017223 0.145803 0 0 0
0.737585 -0.016450 0.145842 0 0 0
0.738080 -0.015432 0.145822 0 0 0
0.738506 -0.014379 0.145831 0 0 0
0.738910 -0.013480 0.145875 0 0 0
0.739351 -0.012431 0.145993 0 0 0
0.739955 -0.011359 0.145822 0 0 0
0.740312 -0.010703 0.145728 0 0 0
0.740455 -0.008958 0.145606 0 0 0
0.741177 -0.008652 0.145630 0 0 0
0.741192 -0.006698 0.145544 0 0 0
0.741547 -0.006054 0.145444 0 0 0
0.742139 -0.004977 0.145209 0 0 0
0.742395 -0.004320 0.145156 0 0 0
0.670515 -0.155416 0.152278 0 0 0
0.670962 -0.154896 0.152259 0 0 0
0.671533 -0.153996 0.152235 0 0 0
0.672014 -0.153003 0.152214 0 0 0
0.672490 -0.152031 0.152194 0 0 0
0.672980 -0.151070 0.152173 0 0 0
0.673480 -0.150111 0.152151 0 0 0
0.673989 -0.149150 0.152130 0 0 0
0.674487 -0.148184 0.152109 0 0 0
0.674980 -0.147218 0.152088 0 0 0
0.675473 -0.146252 0.152067 0 0 0
0.675966 -0.145286 0.152046 0 0 0
0.676459 -0.144319 0.152024 0 0 0
0.676951 -0.143353 0.152003 0 0 0
0.677444 -0.142387 0.151982 0 0 0
0.677937 -0.141421 0.151961 0 0 0
0.678430 -0.140455 0.151940 0 0 0
0.678922 -0.139489 0.151919 0 0 0
0.679415 -0.138523 0.151898 0 0 0
0.679908 -0.137557 0.151877 0 0 0
0.680401 -0.136591 0.151856 0 0 0
0.680893 -0.135625 0.151835 0 0 0
0.681386 -0.134659 0.151814 0 0 0
0.681879 -0.133693 0.151793 0 0 0
0.682372 -0.132727 0.151772 0 0 0
0.682864 -0.131761 0.151751 0 0 0
0.683357 -0.130795 0.151730 0 0 0
0.683850 -0.129829 0.151709 0 0 0
0.684343 -0.128861 0.151688 0 0 0
0.684839 -0.127872 0.151659 0 0 0
0.685142 -0.127088 0.151599 0 0 0
0.685041 -0.125569 0.151152 0 0 0
0.685579 -0.124814 0.150886 0 0 0
0.686162 -0.123870 0.150799 0 0 0
0.686660 -0.122897 0.150773 0 0 0
0.687154 -0.121929 0.150752 0 0 0
0.687648 -0.120960 0.150731 0 0 0
0.688142 -0.119992 0.150710 0 0 0
0.688637 -0.119023 0.150689 0 0 0
0.689146 -0.118051 0.150668 0 0 0
0.689593 -0.117107 0.150650 0 0 0
0.689908 -0.116047 0.150641 0 0 0
0.690426 -0.114989 0.150685 0 0 0
0.690814 -0.114189 0.150900 0 0 0
0.692283 -0.113125 0.151323 0 0 0
0.692689 -0.112449 0.151328 0 0 0
0.693154 -0.111483 0.151314 0 0 0
0.693515 -0.110417 0.151303 0 0 0
0.693823 -0.109702 0.151311 0 0 0
0.695634 -0.108546 0.151997 0 0 0
0.695826 -0.107822 0.152007 0 0 0
0.696277 -0.106859 0.151994 0 0 0
0.696785 -0.105889 0.151973 0 0 0
0.697278 -0.104925 0.151952 0 0 0
0.697769 -0.103961 0.151931 0 0 0
0.698261 -0.102997 0.151910 0 0 0
0.698752 -0.102033 0.151889 0 0 0
0.699244 -0.101070 0.151868 0 0 0
0.699734 -0.100106 0.151847 0 0 0
0.700225 -0.099134 0.151823 0 0 0
0.700758 -0.098242 0.151791 0 0 0
0.701419 -0.097322 0.151743 0 0 0
0.701818 -0.096580 0.151654 0 0 0
0.701740 -0.094782 0.150987 0 0 0
0.702073 -0.094112 0.150939 0 0 0
0.702573 -0.093121 0.150910 0 0 0
0.703067 -0.092153 0.150889 0 0 0
0.703560 -0.091187 0.150868 0 0 0
0.704052 -0.090221 0.150847 0 0 0
0.704545 -0.089255 0.150826 0 0 0
0.705038 -0.088288 0.150805 0 0 0
0.705531 -0.087322 0.150784 0 0 0
0.706023 -0.086355 0.150763 0 0 0
0.706510 -0.085382 0.150742 0 0 0
0.706986 -0.084408 0.150722 0 0 0
0.707471 -0.083441 0.150701 0 0 0
0.707963 -0.082478 0.150680 0 0 0
0.708461 -0.081518 0.150659 0 0 0
0.708970 -0.080560 0.150637 0 0 0
0.709471 -0.079594 0.150616 0 0 0
0.709967 -0.078626 0.150595 0 0 0
0.710472 -0.077643 0.150579 0 0 0
0.710896 -0.076944 0.150595 0 0 0
0.712259 -0.076146 0.150847 0 0 0
0.712105 -0.074570 0.150543 0 0 0
0.712422 -0.073820 0.150495 0 0 0
0.712921 -0.072834 0.150469 0 0 0
0.713415 -0.071866 0.150448 0 0 0
0.713908 -0.070897 0.150426 0 0 0
0.714408 -0.069911 0.150400 0 0 0
0.714724 -0.069188 0.150360 0 0 0
0.714672 -0.067339 0.149942 0 0 0
0.715061 -0.066597 0.149879 0 0 0
0.715444 -0.065838 0.149913 0 0 0
0.716929 -0.064845 0.150260 0 0 0
0.717342 -0.064156 0.150274 0 0 0
0.717849 -0.063171 0.150258 0 0 0
0.718354 -0.062187 0.150227 0 0 0
0.718690 -0.061411 0.150154 0 0 0
0.718773 -0.059842 0.149811 0 0 0
0.719811 -0.059418 0.149765 0 0 0
0.719898 -0.057843 0.149423 0 0 0
0.720235 -0.057066 0.149350 0 0 0
0.720746 -0.056083 0.149315 0 0 0
0.721256 -0.055064 0.149239 0 0 0
0.721709 -0.054345 0.149027 0 0 0
0.721817 -0.052644 0.148527 0 0 0
0.722152 -0.051886 0.148455 0 0 0
0.722659 -0.050899 0.148422 0 0 0
0.723155 -0.049926 0.148400 0 0 0
0.723651 -0.048946 0.148379 0 0 0
0.724181 -0.048006 0.148350 0 0 0
0.724646 -0.047408 0.148310 0 0 0
0.724504 -0.045298 0.147556 0 0 0
0.724902 -0.044622 0.147518 0 0 0
0.725560 -0.043702 0.147484 0 0 0
0.726079 -0.042778 0.147460 0 0 0
0.726570 -0.041785 0.147438 0 0 0
0.727074 -0.040863 0.147415 0 0 0
0.727738 -0.039976 0.147386 0 0 0
0.728302 -0.038964 0.147356 0 0 0
0.728648 -0.038309 0.147323 0 0 0
0.728529 -0.036162 0.146564 0 0 0
0.729017 -0.035575 0.146525 0 0 0
0.729549 -0.034639 0.146496 0 0 0
0.730047 -0.033653 0.146474 0 0 0
0.730545 -0.032677 0.146453 0 0 0
0.731042 -0.031701 0.146432 0 0 0
0.731536 -0.030721 0.146411 0 0 0
0.732018 -0.029736 0.146390 0 0 0
0.732506 -0.028758 0.146369 0 0 0
0.732996 -0.027784 0.146349 0 0 0
0.733485 -0.026804 0.146328 0 0 0
0.733977 -0.025792 0.146303 0 0 0
0.734301 -0.025127 0.146270 0 0 0
0.734394 -0.023103 0.145536 0 0 0
0.734722 -0.022412 0.145473 0 0 0
0.735299 -0.021400 0.145438 0 0 0
0.735947 -0.020505 0.145408 0 0 0
0.736458 -0.019573 0.145388 0 0 0
0.736958 -0.018529 0.145414 0 0 0
0.737403 -0.017505 0.145574 0 0 0
0.737799 -0.016604 0.145620 0 0 0
0.738225 -0.015552 0.145628 0 0 0
0.738720 -0.014534 0.145609 0 0 0
0.739153 -0.013750 0.145653 0 0 0
0.740316 -0.013164 0.145923 0 0 0
0.740306 -0.011363 0.145574 0 0 0
0.740656 -0.010732 0.145474 0 0 0
0.741248 -0.009590 0.145312 0 0 0
0.741491 -0.008958 0.145400 0 0 0
0.672447 -0.154966 0.152197 0 0 0
0.672795 -0.154439 0.152182 0 0 0
0.673297 -0.153440 0.152161 0 0 0
0.673791 -0.152472 0.152139 0 0 0
0.674282 -0.151508 0.152118 0 0 0
0.674774 -0.150544 0.152098 0 0 0
0.675265 -0.149581 0.152077 0 0 0
0.675757 -0.148617 0.152056 0 0 0
0.676248 -0.147653 0.152035 0 0 0
0.676740 -0.146689 0.152014 0 0 0
0.677232 -0.145726 0.151993 0 0 0
0.677723 -0.144762 0.151972 0 0 0
0.678215 -0.143798 0.151951 0 0 0
0.678706 -0.142834 0.151930 0 0 0
0.679198 -0.141871 0.151909 0 0 0
0.679689 -0.140907 0.151888 0 0 0
0.680181 -0.139943 0.151867 0 0 0
0.680673 -0.138980 0.151846 0 0 0
0.681164 -0.138016 0.151825 0 0 0
0.681656 -0.137052 0.151804 0 0 0
0.682147 -0.136088 0.151783 0 0 0
0.682639 -0.135125 0.151762 0 0 0
0.683130 -0.134161 0.151741 0 0 0
0.683622 -0.133197 0.151720 0 0 0
0.684113 -0.132233 0.151699 0 0 0
0.684605 -0.131270 0.151678 0 0 0
0.685097 -0.130306 0.151657 0 0 0
0.685588 -0.129342 0.151636 0 0 0
0.686082 -0.128373 0.151614 0 0 0
0.686625 -0.127467 0.151575 0 0 0
0.687141 -0.126754 0.151464 0 0 0
0.687062 -0.125068 0.150810 0 0 0
0.687400 -0.124384 0.150750 0 0 0
0.687899 -0.123393 0.150720 0 0 0
0.688394 -0.122425 0.150698 0 0 0
0.688892 -0.121459 0.150677 0 0 0
0.689397 -0.120500 0.150656 0 0 0
0.689895 -0.119527 0.150635 0 0 0
0.690345 -0.118558 0.150621 0 0 0
0.690531 -0.117834 0.150630 0 0 0
0.692362 -0.116650 0.151322 0 0 0
0.692683 -0.115994 0.151327 0 0 0
0.693167 -0.114957 0.151311 0 0 0
0.693516 -0.113912 0.151297 0 0 0
0.693984 -0.112946 0.151283 0 0 0
0.694331 -0.112305 0.151290 0 0 0
0.695894 -0.111088 0.151946 0 0 0
0.696235 -0.110361 0.151988 0 0 0
0.696564 -0.109290 0.151983 0 0 0
0.697005 -0.108350 0.151966 0 0 0
0.697510 -0.107385 0.151945 0 0 0
0.698002 -0.106423 0.151924 0 0 0
0.698492 -0.105461 0.151903 0 0 0
0.698982 -0.104500 0.151882 0 0 0
0.699473 -0.103539 0.151862 0 0 0
0.699963 -0.102577 0.151841 0 0 0
0.700454 -0.101616 0.151820 0 0 0
0.700949 -0.100658 0.151795 0 0 0
0.701470 -0.099659 0.151724 0 0 0
0.702028 -0.098700 0.151521 0 0 0
0.702479 -0.097799 0.151452 0 0 0
0.702852 -0.097062 0.151380 0 0 0
0.702955 -0.095476 0.150973 0 0 0
0.703297 -0.094680 0.150891 0 0 0
0.703782 -0.093695 0.150860 0 0 0
0.704269 -0.092722 0.150839 0 0 0
0.704759 -0.091757 0.150818 0 0 0
0.705251 -0.090793 0.150797 0 0 0
0.705742 -0.089829 0.150776 0 0 0
0.706234 -0.088865 0.150755 0 0 0
0.706725 -0.087902 0.150734 0 0 0
0.707217 -0.086938 0.150713 0 0 0
0.707709 -0.085974 0.150692 0 0 0
0.708200 -0.085010 0.150671 0 0 0
0.708692 -0.084047 0.150650 0 0 0
0.709183 -0.083083 0.150629 0 0 0
0.709675 -0.082119 0.150608 0 0 0
0.710166 -0.081155 0.150587 0 0 0
0.710658 -0.080192 0.150566 0 0 0
0.711149 -0.079228 0.150545 0 0 0
0.711635 -0.078262 0.150528 0 0 0
0.712141 -0.077236 0.150558 0 0 0
0.712557 -0.076299 0.150665 0 0 0
0.713071 -0.075416 0.150518 0 0 0
0.713601 -0.074405 0.150444 0 0 0
0.714099 -0.073445 0.150420 0 0 0
0.714593 -0.072481 0.150399 0 0 0
0.715094 -0.071518 0.150377 0 0 0
0.715600 -0.070559 0.150355 0 0 0
0.716118 -0.069660 0.150332 0 0 0
0.716746 -0.068762 0.150305 0 0 0
0.717281 -0.067785 0.150282 0 0 0
0.717750 -0.066782 0.150261 0 0 0
0.718100 -0.065729 0.150244 0 0 0
0.718518 -0.064778 0.150221 0 0 0
0.719014 -0.063803 0.150199 0 0 0
0.719518 -0.062823 0.150167 0 0 0
0.719865 -0.062133 0.150099 0 0 0
0.720051 -0.060279 0.149490 0 0 0
0.720339 -0.059625 0.149507 0 0 0
0.720882 -0.058701 0.149360 0 0 0
0.721403 -0.057692 0.149285 0 0 0
0.721911 -0.056717 0.149248 0 0 0
0.722241 -0.055961 0.149181 0 0 0
0.722352 -0.054267 0.148682 0 0 0
0.722805 -0.053548 0.148470 0 0 0
0.723314 -0.052530 0.148395 0 0 0
0.723814 -0.051563 0.148369 0 0 0
0.724308 -0.050595 0.148348 0 0 0
0.724801 -0.049625 0.148327 0 0 0
0.725290 -0.048643 0.148306 0 0 0
0.725795 -0.047727 0.148282 0 0 0
0.726471 -0.046823 0.148244 0 0 0
0.726862 -0.046114 0.148171 0 0 0
0.726922 -0.044164 0.147446 0 0 0
0.727246 -0.043504 0.147410 0 0 0
0.727738 -0.042505 0.147384 0 0 0
0.728215 -0.041517 0.147364 0 0 0
0.728691 -0.040531 0.147343 0 0 0
0.729176 -0.039546 0.147322 0 0 0
0.729703 -0.038616 0.147294 0 0 0
0.730189 -0.038035 0.147256 0 0 0
0.730067 -0.035884 0.146493 0 0 0
0.730413 -0.035224 0.146460 0 0 0
0.730914 -0.034224 0.146434 0 0 0
0.731412 -0.033248 0.146413 0 0 0
0.731908 -0.032275 0.146392 0 0 0
0.732404 -0.031302 0.146370 0 0 0
0.732900 -0.030329 0.146349 0 0 0
0.733396 -0.029356 0.146328 0 0 0
0.733895 -0.028388 0.146307 0 0 0
0.734456 -0.027404 0.146282 0 0 0
0.735104 -0.026510 0.146253 0 0 0
0.735642 -0.025636 0.146224 0 0 0
0.736275 -0.024703 0.146145 0 0 0
0.736884 -0.023648 0.145896 0 0 0
0.737227 -0.023043 0.145790 0 0 0
0.737278 -0.021059 0.145362 0 0 0
0.737596 -0.020347 0.145331 0 0 0
0.738089 -0.019341 0.145308 0 0 0
0.738597 -0.018343 0.145300 0 0 0
0.739064 -0.017619 0.145330 0 0 0
0.740388 -0.016758 0.145636 0 0 0
0.740813 -0.015974 0.145671 0 0 0
0.741205 -0.015081 0.145712 0 0 0
0.741482 -0.013863 0.145926 0 0 0
0.741775 -0.013310 0.145955 0 0 0
0.673767 -0.155372 0.152145 0 0 0
0.674076 -0.154872 0.152132 0 0 0
0.674570 -0.153869 0.152111 0 0 0
0.675061 -0.152894 0.152090 0 0 0
0.675552 -0.151933 0.152069 0 0 0
0.676042 -0.150971 0.152048 0 0 0
0.676533 -0.150010 0.152027 0 0 0
0.677023 -0.149049 0.152007 0 0 0
0.677513 -0.148087 0.151986 0 0 0
0.678004 -0.147126 0.151965 0 0 0
0.678494 -0.146164 0.151944 0 0 0
0.678985 -0.145203 0.151923 0 0 0
0.679475 -0.144241 0.151902 0 0 0
0.679965 -0.143280 0.151881 0 0 0
0.680456 -0.142319 0.151860 0 0 0
0.680946 -0.141357 0.151839 0 0 0
0.681437 -0.140396 0.151818 0 0 0
0.681934 -0.139434 0.151797 0 0 0
0.682441 -0.138479 0.151776 0 0 0
0.682940 -0.137524 0.151755 0 0 0
0.683431 -0.136568 0.151734 0 0 0
0.683915 -0.135606 0.151713 0 0 0
0.684388 -0.134639 0.151692 0 0 0
0.684871 -0.133669 0.151672 0 0 0
0.685360 -0.132704 0.151651 0 0 0
0.685850 -0.131743 0.151630 0 0 0
0.686340 -0.130782 0.151609 0 0 0
0.686831 -0.129820 0.151588 0 0 0
0.687325 -0.128858 0.151563 0 0 0
0.687856 -0.127834 0.151478 0 0 0
0.688288 -0.127106 0.151244 0 0 0
0.688310 -0.125705 0.150797 0 0 0
0.688653 -0.124873 0.150702 0 0 0
0.689163 -0.123894 0.150669 0 0 0
0.689674 -0.122928 0.150647 0 0 0
0.690104 -0.121999 0.150629 0 0 0
0.690449 -0.120921 0.150613 0 0 0
0.691064 -0.119949 0.150595 0 0 0
0.691275 -0.119311 0.150602 0 0 0
0.693044 -0.118048 0.151300 0 0 0
0.693218 -0.117317 0.151309 0 0 0
0.693655 -0.116354 0.151296 0 0 0
0.694168 -0.115388 0.151275 0 0 0
0.694618 -0.114445 0.151257 0 0 0
0.694966 -0.113381 0.151251 0 0 0
0.695309 -0.112655 0.151294 0 0 0
0.696876 -0.111442 0.151952 0 0 0
0.697215 -0.110809 0.151959 0 0 0
0.697737 -0.109836 0.151942 0 0 0
0.698235 -0.108874 0.151921 0 0 0
0.698725 -0.107915 0.151900 0 0 0
0.699214 -0.106956 0.151880 0 0 0
0.699704 -0.105996 0.151859 0 0 0
0.700193 -0.105037 0.151838 0 0 0
0.700682 -0.104078 0.151817 0 0 0
0.701171 -0.103119 0.151796 0 0 0
0.701660 -0.102158 0.151775 0 0 0
0.702154 -0.101179 0.151745 0 0 0
0.702470 -0.100444 0.151690 0 0 0
0.702377 -0.098712 0.151297 0 0 0
0.702748 -0.097951 0.151228 0 0 0
0.703202 -0.097063 0.151151 0 0 0
0.703727 -0.096086 0.150929 0 0 0
0.704284 -0.095079 0.150849 0 0 0
0.704937 -0.094184 0.150818 0 0 0
0.705464 -0.093292 0.150794 0 0 0
0.705957 -0.092325 0.150772 0 0 0
0.706456 -0.091363 0.150751 0 0 0
0.706963 -0.090410 0.150729 0 0 0
0.707458 -0.089456 0.150708 0 0 0
0.707941 -0.088496 0.150688 0 0 0
0.708414 -0.087527 0.150667 0 0 0
0.708899 -0.086558 0.150646 0 0 0
0.709388 -0.085595 0.150626 0 0 0
0.709879 -0.084634 0.150605 0 0 0
0.710369 -0.083672 0.150584 0 0 0
0.710859 -0.082711 0.150563 0 0 0
0.711350 -0.081749 0.150542 0 0 0
0.711842 -0.080787 0.150521 0 0 0
0.712342 -0.079826 0.150500 0 0 0
0.712848 -0.078876 0.150478 0 0 0
0.713336 -0.077919 0.150460 0 0 0
0.713807 -0.076948 0.150444 0 0 0
0.714294 -0.075983 0.150419 0 0 0
0.714783 -0.075019 0.150396 0 0 0
0.715275 -0.074057 0.150374 0 0 0
0.715791 -0.073091 0.150353 0 0 0
0.716204 -0.072165 0.150335 0 0 0
0.716520 -0.071094 0.150320 0 0 0
0.717037 -0.070067 0.150298 0 0 0
0.717679 -0.069177 0.150271 0 0 0
0.718188 -0.068286 0.150250 0 0 0
0.718685 -0.067323 0.150225 0 0 0
0.719204 -0.066338 0.150158 0 0 0
0.719786 -0.065376 0.149954 0 0 0
0.720260 -0.064512 0.149889 0 0 0
0.720754 -0.063511 0.149872 0 0 0
0.721124 -0.062805 0.149809 0 0 0
0.721238 -0.061048 0.149367 0 0 0
0.721569 -0.060295 0.149296 0 0 0
0.722086 -0.059293 0.149211 0 0 0
0.722665 -0.058322 0.149021 0 0 0
0.723144 -0.057428 0.148951 0 0 0
0.723517 -0.056712 0.148888 0 0 0
0.723632 -0.054927 0.148447 0 0 0
0.723967 -0.054179 0.148376 0 0 0
0.724471 -0.053196 0.148343 0 0 0
0.724964 -0.052228 0.148321 0 0 0
0.725457 -0.051262 0.148300 0 0 0
0.725950 -0.050296 0.148279 0 0 0
0.726442 -0.049329 0.148258 0 0 0
0.726932 -0.048355 0.148237 0 0 0
0.727417 -0.047353 0.148211 0 0 0
0.727735 -0.046699 0.148176 0 0 0
0.727783 -0.044743 0.147449 0 0 0
0.728115 -0.044050 0.147380 0 0 0
0.728687 -0.043047 0.147345 0 0 0
0.729353 -0.042167 0.147317 0 0 0
0.729855 -0.041253 0.147293 0 0 0
0.730343 -0.040269 0.147272 0 0 0
0.730832 -0.039285 0.147251 0 0 0
0.731334 -0.038368 0.147228 0 0 0
0.731996 -0.037491 0.147200 0 0 0
0.732555 -0.036511 0.147175 0 0 0
0.733049 -0.035548 0.147154 0 0 0
0.733542 -0.034580 0.147133 0 0 0
0.734036 -0.033612 0.147112 0 0 0
0.734530 -0.032643 0.147091 0 0 0
0.735024 -0.031675 0.147070 0 0 0
0.735520 -0.030704 0.147048 0 0 0
0.736026 -0.029713 0.147017 0 0 0
0.736346 -0.029029 0.146955 0 0 0
0.736423 -0.027004 0.146216 0 0 0
0.736741 -0.026320 0.146180 0 0 0
0.737056 -0.025575 0.146144 0 0 0
0.737092 -0.023585 0.145714 0 0 0
0.737433 -0.022980 0.145608 0 0 0
0.737985 -0.021941 0.145367 0 0 0
0.738529 -0.020915 0.145289 0 0 0
0.739187 -0.020033 0.145256 0 0 0
0.739723 -0.019104 0.145235 0 0 0
0.740118 -0.018094 0.145266 0 0 0
0.740477 -0.016971 0.145465 0 0 0
0.740943 -0.016039 0.145501 0 0 0
0.741267 -0.015352 0.145517 0 0 0
0.674825 -0.155689 0.152107 0 0 0
0.675273 -0.155180 0.152089 0 0 0
0.675850 -0.154294 0.152066 0 0 0
0.676353 -0.153321 0.152044 0 0 0
0.676850 -0.152368 0.152023 0 0 0
0.677336 -0.151414 0.152003 0 0 0
0.677807 -0.150450 0.151982 0 0 0
0.678288 -0.149482 0.151962 0 0 0
0.678776 -0.148520 0.151941 0 0 0
0.679265 -0.147560 0.151920 0 0 0
0.679754 -0.146601 0.151899 0 0 0
0.680243 -0.145642 0.151878 0 0 0
0.680732 -0.144683 0.151857 0 0 0
0.681222 -0.143724 0.151836 0 0 0
0.681718 -0.142764 0.151815 0 0 0
0.682224 -0.141811 0.151794 0 0 0
0.682730 -0.140855 0.151773 0 0 0
0.683166 -0.139922 0.151756 0 0 0
0.683465 -0.138879 0.151741 0 0 0
0.683918 -0.137845 0.151722 0 0 0
0.684402 -0.136890 0.151701 0 0 0
0.684929 -0.135927 0.151679 0 0 0
0.685605 -0.135020 0.151653 0 0 0
0.686140 -0.134157 0.151629 0 0 0
0.686612 -0.133185 0.151607 0 0 0
0.687094 -0.132218 0.151586 0 0 0
0.687581 -0.131256 0.151565 0 0 0
0.688071 -0.130295 0.151544 0 0 0
0.688564 -0.129316 0.151515 0 0 0
0.688864 -0.128548 0.151455 0 0 0
0.688715 -0.127013 0.151005 0 0 0
0.689150 -0.126227 0.150749 0 0 0
0.689783 -0.125269 0.150657 0 0 0
0.690162 -0.124310 0.150634 0 0 0
0.690645 -0.123259 0.150613 0 0 0
0.690914 -0.122656 0.150602 0 0 0
0.692066 -0.120325 0.150590 0 0 0
0.693777 -0.119516 0.151275 0 0 0
0.693963 -0.118793 0.151287 0 0 0
0.694412 -0.117836 0.151273 0 0 0
0.694921 -0.116866 0.151252 0 0 0
0.695435 -0.115887 0.151235 0 0 0
0.695780 -0.115255 0.151242 0 0 0
0.697359 -0.114037 0.151905 0 0 0
0.697696 -0.113323 0.151945 0 0 0
0.698036 -0.112266 0.151939 0 0 0
0.698466 -0.111318 0.151922 0 0 0
0.698960 -0.110357 0.151901 0 0 0
0.699448 -0.109400 0.151880 0 0 0
0.699936 -0.108444 0.151860 0 0 0
0.700424 -0.107487 0.151839 0 0 0
0.700912 -0.106530 0.151818 0 0 0
0.701400 -0.105573 0.151797 0 0 0
0.701888 -0.104617 0.151776 0 0 0
0.702376 -0.103660 0.151755 0 0 0
0.702870 -0.102707 0.151731 0 0 0
0.703391 -0.101709 0.151658 0 0 0
0.703977 -0.100813 0.151445 0 0 0
0.704535 -0.099982 0.151338 0 0 0
0.705066 -0.098990 0.151309 0 0 0
0.705499 -0.098130 0.151343 0 0 0
0.706038 -0.097059 0.151471 0 0 0
0.706453 -0.096258 0.151269 0 0 0
0.706354 -0.094624 0.150808 0 0 0
0.706657 -0.093874 0.150757 0 0 0
0.707166 -0.092889 0.150730 0 0 0
0.707595 -0.091955 0.150714 0 0 0
0.707914 -0.090900 0.150698 0 0 0
0.708377 -0.089892 0.150678 0 0 0
0.708916 -0.088926 0.150655 0 0 0
0.709592 -0.088041 0.150629 0 0 0
0.710109 -0.087163 0.150605 0 0 0
0.710580 -0.086187 0.150584 0 0 0
0.711065 -0.085220 0.150563 0 0 0
0.711560 -0.084260 0.150542 0 0 0
0.712058 -0.083309 0.150521 0 0 0
0.712536 -0.082348 0.150500 0 0 0
0.713033 -0.081379 0.150479 0 0 0
0.713445 -0.080439 0.150461 0 0 0
0.713774 -0.079386 0.150445 0 0 0
0.714292 -0.078370 0.150423 0 0 0
0.714951 -0.077485 0.150397 0 0 0
0.715471 -0.076599 0.150375 0 0 0
0.715963 -0.075629 0.150354 0 0 0
0.716471 -0.074668 0.150333 0 0 0
0.716879 -0.073693 0.150314 0 0 0
0.717019 -0.073007 0.150307 0 0 0
0.719042 -0.069502 0.150222 0 0 0
0.719366 -0.068947 0.150209 0 0 0
0.719873 -0.067938 0.150182 0 0 0
0.720193 -0.067220 0.150140 0 0 0
0.720188 -0.065366 0.149706 0 0 0
0.720661 -0.064690 0.149609 0 0 0
0.721178 -0.063748 0.149575 0 0 0
0.721652 -0.062872 0.149508 0 0 0
0.722237 -0.061910 0.149310 0 0 0
0.722753 -0.060874 0.149188 0 0 0
0.723196 -0.060107 0.148967 0 0 0
0.723210 -0.058442 0.148707 0 0 0
0.723566 -0.057660 0.148654 0 0 0
0.724051 -0.056778 0.148582 0 0 0
0.724641 -0.055817 0.148388 0 0 0
0.725131 -0.054821 0.148323 0 0 0
0.725630 -0.053858 0.148298 0 0 0
0.726131 -0.052900 0.148277 0 0 0
0.726618 -0.051935 0.148256 0 0 0
0.727112 -0.050975 0.148235 0 0 0
0.727594 -0.050006 0.148214 0 0 0
0.728088 -0.049039 0.148193 0 0 0
0.728585 -0.048075 0.148172 0 0 0
0.729089 -0.047162 0.148149 0 0 0
0.729733 -0.046272 0.148122 0 0 0
0.730289 -0.045270 0.148093 0 0 0
0.730630 -0.044624 0.148059 0 0 0
0.730487 -0.042491 0.147293 0 0 0
0.730952 -0.041904 0.147255 0 0 0
0.731477 -0.040971 0.147227 0 0 0
0.731971 -0.039994 0.147206 0 0 0
0.732460 -0.039022 0.147185 0 0 0
0.732937 -0.038046 0.147164 0 0 0
0.733420 -0.037078 0.147143 0 0 0
0.733909 -0.036113 0.147123 0 0 0
0.734402 -0.035147 0.147101 0 0 0
0.734895 -0.034181 0.147080 0 0 0
0.735387 -0.033215 0.147059 0 0 0
0.735880 -0.032249 0.147038 0 0 0
0.736374 -0.031280 0.147017 0 0 0
0.736876 -0.030288 0.146991 0 0 0
0.737206 -0.029638 0.146955 0 0 0
0.737365 -0.027630 0.146212 0 0 0
0.737821 -0.027010 0.146144 0 0 0
0.738380 -0.026122 0.146106 0 0 0
0.739007 -0.025198 0.146029 0 0 0
0.739624 -0.024157 0.145782 0 0 0
0.740088 -0.023300 0.145711 0 0 0
0.740457 -0.022560 0.145651 0 0 0
0.740528 -0.020586 0.145217 0 0 0
0.740747 -0.019865 0.145191 0 0 0
0.740900 -0.019121 0.145183 0 0 0
0.676754 -0.155246 0.152039 0 0 0
0.677058 -0.154736 0.152028 0 0 0
0.677389 -0.153689 0.152012 0 0 0
0.677842 -0.152656 0.151993 0 0 0
0.678357 -0.151698 0.151971 0 0 0
0.679004 -0.150783 0.151946 0 0 0
0.679544 -0.149911 0.151922 0 0 0
0.680035 -0.148951 0.151900 0 0 0
0.680523 -0.147994 0.151879 0 0 0
0.681011 -0.147037 0.151858 0 0 0
0.681499 -0.146080 0.151837 0 0 0
0.681987 -0.145123 0.151817 0 0 0
0.682481 -0.144162 0.151796 0 0 0
0.682921 -0.143221 0.151778 0 0 0
0.683245 -0.142191 0.151762 0 0 0
0.683718 -0.141147 0.151746 0 0 0
0.684028 -0.140514 0.151747 0 0 0
0.685964 -0.139337 0.152453 0 0 0
0.686277 -0.138702 0.152454 0 0 0
0.686782 -0.137706 0.152427 0 0 0
0.687099 -0.137002 0.152370 0 0 0
0.686791 -0.135209 0.151664 0 0 0
0.687143 -0.134501 0.151605 0 0 0
0.687793 -0.133567 0.151571 0 0 0
0.688329 -0.132689 0.151547 0 0 0
0.688819 -0.131729 0.151525 0 0 0
0.689307 -0.130771 0.151504 0 0 0
0.689797 -0.129810 0.151482 0 0 0
0.690335 -0.128935 0.151454 0 0 0
0.691020 -0.127960 0.151356 0 0 0
0.691436 -0.127140 0.151080 0 0 0
0.691230 -0.126005 0.150722 0 0 0
0.692583 -0.124883 0.151298 0 0 0
0.692966 -0.124188 0.151339 0 0 0
0.693303 -0.123600 0.151334 0 0 0
0.694565 -0.120930 0.151280 0 0 0
0.694699 -0.120260 0.151272 0 0 0
0.695145 -0.119299 0.151255 0 0 0
0.695650 -0.118334 0.151234 0 0 0
0.696147 -0.117369 0.151213 0 0 0
0.696580 -0.116403 0.151205 0 0 0
0.696806 -0.115667 0.151246 0 0 0
0.698335 -0.114390 0.151915 0 0 0
0.698667 -0.113761 0.151923 0 0 0
0.699187 -0.112792 0.151906 0 0 0
0.699683 -0.111835 0.151885 0 0 0
0.700171 -0.110880 0.151864 0 0 0
0.700658 -0.109925 0.151844 0 0 0
0.701144 -0.108971 0.151823 0 0 0
0.701631 -0.108017 0.151802 0 0 0
0.702118 -0.107062 0.151781 0 0 0
0.702605 -0.106108 0.151761 0 0 0
0.703092 -0.105153 0.151740 0 0 0
0.703580 -0.104196 0.151719 0 0 0
0.704071 -0.103223 0.151691 0 0 0
0.704376 -0.102486 0.151642 0 0 0
0.704296 -0.100768 0.151243 0 0 0
0.704680 -0.100031 0.151176 0 0 0
0.705182 -0.099055 0.151156 0 0 0
0.705561 -0.098319 0.151191 0 0 0
0.706814 -0.097397 0.151467 0 0 0
0.706750 -0.096106 0.151071 0 0 0
0.707288 -0.095357 0.150804 0 0 0
0.707854 -0.094412 0.150718 0 0 0
0.708292 -0.093444 0.150701 0 0 0
0.708500 -0.092718 0.150714 0 0 0
0.710287 -0.091629 0.151404 0 0 0
0.710621 -0.090953 0.151407 0 0 0
0.710961 -0.090272 0.151369 0 0 0
0.710696 -0.088292 0.150627 0 0 0
0.711067 -0.087615 0.150582 0 0 0
0.711723 -0.086700 0.150550 0 0 0
0.712251 -0.085806 0.150527 0 0 0
0.712669 -0.084862 0.150509 0 0 0
0.713053 -0.083806 0.150491 0 0 0
0.713684 -0.082865 0.150466 0 0 0
0.714217 -0.081949 0.150442 0 0 0
0.714470 -0.081362 0.150430 0 0 0
0.716300 -0.077773 0.150352 0 0 0
0.716627 -0.077223 0.150339 0 0 0
0.717058 -0.076252 0.150322 0 0 0
0.717475 -0.075164 0.150302 0 0 0
0.717906 -0.074574 0.150287 0 0 0
0.720275 -0.070160 0.150183 0 0 0
0.720521 -0.069571 0.150172 0 0 0
0.721034 -0.068581 0.150146 0 0 0
0.721573 -0.067631 0.150064 0 0 0
0.722116 -0.066921 0.149811 0 0 0
0.722103 -0.065189 0.149327 0 0 0
0.722415 -0.064462 0.149284 0 0 0
0.722914 -0.063483 0.149255 0 0 0
0.723407 -0.062503 0.149223 0 0 0
0.723728 -0.061789 0.149179 0 0 0
0.723714 -0.060004 0.148672 0 0 0
0.724297 -0.059318 0.148434 0 0 0
0.724844 -0.058381 0.148358 0 0 0
0.725243 -0.057433 0.148337 0 0 0
0.725635 -0.056348 0.148311 0 0 0
0.726298 -0.055428 0.148283 0 0 0
0.726719 -0.054559 0.148265 0 0 0
0.727112 -0.053458 0.148245 0 0 0
0.727675 -0.052567 0.148226 0 0 0
0.728081 -0.051548 0.148204 0 0 0
0.728712 -0.050614 0.148178 0 0 0
0.729142 -0.049727 0.148159 0 0 0
0.729551 -0.048650 0.148140 0 0 0
0.730173 -0.047726 0.148114 0 0 0
0.730670 -0.046812 0.148092 0 0 0
0.731151 -0.045833 0.148070 0 0 0
0.731679 -0.044919 0.148037 0 0 0
0.732164 -0.044313 0.147968 0 0 0
0.732289 -0.042342 0.147226 0 0 0
0.732607 -0.041687 0.147191 0 0 0
0.733102 -0.040692 0.147164 0 0 0
0.733594 -0.039724 0.147143 0 0 0
0.734086 -0.038760 0.147122 0 0 0
0.734577 -0.037796 0.147101 0 0 0
0.735069 -0.036832 0.147080 0 0 0
0.735560 -0.035869 0.147059 0 0 0
0.736052 -0.034905 0.147039 0 0 0
0.736543 -0.033941 0.147018 0 0 0
0.737035 -0.032977 0.146997 0 0 0
0.737526 -0.032013 0.146975 0 0 0
0.738024 -0.031044 0.146946 0 0 0
0.738543 -0.030088 0.146865 0 0 0
0.739105 -0.029410 0.146631 0 0 0
0.739140 -0.027511 0.146106 0 0 0
0.739468 -0.026789 0.146069 0 0 0
0.739796 -0.026062 0.146030 0 0 0
0.739897 -0.024084 0.145578 0 0 0
0.740295 -0.023438 0.145505 0 0 0
0.740664 -0.022516 0.145467 0 0 0
0.741217 -0.021425 0.145224 0 0 0
0.741463 -0.020773 0.145166 0 0 0
0.678046 -0.155647 0.152006 0 0 0
0.678249 -0.155407 0.152009 0 0 0
0.679923 -0.154146 0.152388 0 0 0
0.680257 -0.153433 0.152410 0 0 0
0.680632 -0.152650 0.152329 0 0 0
0.680505 -0.151139 0.151961 0 0 0
0.680801 -0.150356 0.151893 0 0 0
0.681290 -0.149381 0.151863 0 0 0
0.681778 -0.148425 0.151842 0 0 0
0.682265 -0.147471 0.151822 0 0 0
0.682752 -0.146516 0.151801 0 0 0
0.683240 -0.145558 0.151780 0 0 0
0.683742 -0.144585 0.151762 0 0 0
0.684065 -0.143958 0.151764 0 0 0
0.685731 -0.142661 0.152426 0 0 0
0.686069 -0.142022 0.152469 0 0 0
0.686527 -0.140976 0.152466 0 0 0
0.686821 -0.139934 0.152450 0 0 0
0.687248 -0.138999 0.152431 0 0 0
0.687743 -0.138040 0.152403 0 0 0
0.688292 -0.137188 0.152369 0 0 0
0.689003 -0.136231 0.152269 0 0 0
0.689421 -0.135458 0.152028 0 0 0
0.689266 -0.133943 0.151581 0 0 0
0.689562 -0.133175 0.151518 0 0 0
0.690051 -0.132200 0.151487 0 0 0
0.690543 -0.131244 0.151462 0 0 0
0.691026 -0.130285 0.151444 0 0 0
0.691508 -0.129303 0.151416 0 0 0
0.691797 -0.128534 0.151352 0 0 0
0.691691 -0.127015 0.150909 0 0 0
0.691943 -0.126513 0.150746 0 0 0
0.693569 -0.125200 0.151312 0 0 0
0.693893 -0.124555 0.151319 0 0 0
0.694436 -0.123689 0.151302 0 0 0
0.695097 -0.122724 0.151276 0 0 0
0.695439 -0.121673 0.151259 0 0 0
0.695875 -0.120751 0.151241 0 0 0
0.696382 -0.119792 0.151219 0 0 0
0.696872 -0.118833 0.151198 0 0 0
0.697373 -0.117859 0.151182 0 0 0
0.697696 -0.117221 0.151189 0 0 0
0.699268 -0.115957 0.151843 0 0 0
0.699485 -0.115227 0.151888 0 0 0
0.699910 -0.114266 0.151882 0 0 0
0.700404 -0.113307 0.151861 0 0 0
0.700892 -0.112356 0.151842 0 0 0
0.701378 -0.111401 0.151829 0 0 0
0.701864 -0.110449 0.151811 0 0 0
0.702350 -0.109497 0.151790 0 0 0
0.702835 -0.108545 0.151770 0 0 0
0.703321 -0.107593 0.151749 0 0 0
0.703807 -0.106640 0.151728 0 0 0
0.704292 -0.105688 0.151707 0 0 0
0.704778 -0.104736 0.151687 0 0 0
0.705264 -0.103779 0.151665 0 0 0
0.705790 -0.102898 0.151639 0 0 0
0.706446 -0.102013 0.151604 0 0 0
0.706969 -0.101052 0.151589 0 0 0
0.707447 -0.100102 0.151573 0 0 0
0.707910 -0.099090 0.151553 0 0 0
0.708293 -0.098110 0.151522 0 0 0
0.708720 -0.097452 0.151438 0 0 0
0.708742 -0.095667 0.150737 0 0 0
0.709086 -0.094996 0.150692 0 0 0
0.709420 -0.094330 0.150697 0 0 0
0.710910 -0.093125 0.151355 0 0 0
0.711122 -0.092351 0.151403 0 0 0
0.711532 -0.091386 0.151393 0 0 0
0.712070 -0.090511 0.151362 0 0 0
0.712755 -0.089616 0.151316 0 0 0
0.713152 -0.088895 0.151230 0 0 0
0.713090 -0.087057 0.150544 0 0 0
0.713430 -0.086389 0.150505 0 0 0
0.713784 -0.085712 0.150516 0 0 0
0.715193 -0.084844 0.150994 0 0 0
0.715037 -0.083254 0.150465 0 0 0
0.715376 -0.082557 0.150415 0 0 0
0.715704 -0.081993 0.150396 0 0 0
0.717536 -0.078403 0.150317 0 0 0
0.717800 -0.077806 0.150312 0 0 0
0.718165 -0.077121 0.150333 0 0 0
0.719534 -0.076337 0.150865 0 0 0
0.719297 -0.074634 0.150280 0 0 0
0.719825 -0.074077 0.150233 0 0 0
0.720260 -0.073091 0.150205 0 0 0
0.720775 -0.072004 0.150182 0 0 0
0.721250 -0.071041 0.150160 0 0 0
0.721686 -0.070167 0.150140 0 0 0
0.722190 -0.069183 0.150112 0 0 0
0.722499 -0.068460 0.150068 0 0 0
0.722485 -0.066734 0.149573 0 0 0
0.723031 -0.066024 0.149320 0 0 0
0.723568 -0.065079 0.149238 0 0 0
0.724064 -0.064118 0.149212 0 0 0
0.724560 -0.063157 0.149187 0 0 0
0.725111 -0.062197 0.149099 0 0 0
0.725606 -0.061577 0.148895 0 0 0
0.725387 -0.059613 0.148365 0 0 0
0.725730 -0.058891 0.148328 0 0 0
0.726105 -0.058196 0.148345 0 0 0
0.727660 -0.057542 0.148955 0 0 0
0.727349 -0.055736 0.148286 0 0 0
0.727577 -0.055329 0.148288 0 0 0
0.729121 -0.054653 0.148886 0 0 0
0.728738 -0.053140 0.148308 0 0 0
0.730080 -0.052717 0.148776 0 0 0
0.730067 -0.051078 0.148173 0 0 0
0.730358 -0.050645 0.148175 0 0 0
0.731574 -0.049922 0.148408 0 0 0
0.731518 -0.048263 0.148100 0 0 0
0.731822 -0.047527 0.148060 0 0 0
0.732314 -0.046541 0.148035 0 0 0
0.732807 -0.045546 0.148008 0 0 0
0.733124 -0.044897 0.147970 0 0 0
0.733236 -0.042928 0.147230 0 0 0
0.733697 -0.042311 0.147160 0 0 0
0.734229 -0.041387 0.147128 0 0 0
0.734721 -0.040417 0.147106 0 0 0
0.735212 -0.039456 0.147085 0 0 0
0.735702 -0.038494 0.147064 0 0 0
0.736192 -0.037533 0.147043 0 0 0
0.736683 -0.036571 0.147022 0 0 0
0.737173 -0.035610 0.147002 0 0 0
0.737663 -0.034648 0.146981 0 0 0
0.738154 -0.033687 0.146960 0 0 0
0.738651 -0.032727 0.146934 0 0 0
0.739143 -0.031721 0.146860 0 0 0
0.739585 -0.030957 0.146654 0 0 0
0.739653 -0.029298 0.146318 0 0 0
0.740119 -0.028538 0.146105 0 0 0
0.740628 -0.027529 0.146028 0 0 0
0.741145 -0.026555 0.145936 0 0 0
0.741576 -0.025946 0.145731 0 0 0
0.741230 -0.024156 0.145241 0 0 0
0.679311 -0.156060 0.151975 0 0 0
0.679661 -0.155563 0.152000 0 0 0
0.680105 -0.154458 0.152170 0 0 0
0.680504 -0.153564 0.152204 0 0 0
0.680966 -0.152672 0.152128 0 0 0
0.681512 -0.151747 0.151928 0 0 0
0.682055 -0.150755 0.151855 0 0 0
0.682545 -0.149807 0.151830 0 0 0
0.683030 -0.148855 0.151810 0 0 0
0.683516 -0.147903 0.151789 0 0 0
0.684002 -0.146951 0.151768 0 0 0
0.684489 -0.145996 0.151747 0 0 0
0.684979 -0.145026 0.151735 0 0 0
0.685394 -0.144358 0.151765 0 0 0
0.686688 -0.143114 0.152234 0 0 0
0.687000 -0.142335 0.152409 0 0 0
0.687545 -0.141366 0.152440 0 0 0
0.688044 -0.140421 0.152419 0 0 0
0.688580 -0.139436 0.152348 0 0 0
0.689130 -0.138506 0.152159 0 0 0
0.689580 -0.137611 0.152086 0 0 0
0.689910 -0.136783 0.152021 0 0 0
0.689847 -0.135415 0.151798 0 0 0
0.690258 -0.134623 0.151567 0 0 0
0.690796 -0.133621 0.151476 0 0 0
0.691350 -0.132627 0.151391 0 0 0
0.691823 -0.131778 0.151267 0 0 0
0.692236 -0.130798 0.151360 0 0 0
0.692796 -0.129782 0.151328 0 0 0
0.693379 -0.128917 0.151139 0 0 0
0.693960 -0.128060 0.151030 0 0 0
0.694385 -0.127123 0.151069 0 0 0
0.694712 -0.126009 0.151249 0 0 0
0.695168 -0.125051 0.151275 0 0 0
0.695648 -0.124088 0.151259 0 0 0
0.696122 -0.123141 0.151239 0 0 0
0.696619 -0.122196 0.151218 0 0 0
0.697117 -0.121242 0.151198 0 0 0
0.697600 -0.120290 0.151185 0 0 0
0.698086 -0.119336 0.151167 0 0 0
0.698576 -0.118365 0.151155 0 0 0
0.698984 -0.117681 0.151190 0 0 0
0.700353 -0.116474 0.151587 0 0 0
0.700703 -0.115784 0.151614 0 0 0
0.701206 -0.114822 0.151594 0 0 0
0.701710 -0.113856 0.151570 0 0 0
0.702123 -0.112979 0.151601 0 0 0
0.702564 -0.111944 0.151753 0 0 0
0.703074 -0.110973 0.151778 0 0 0
0.703552 -0.110021 0.151762 0 0 0
0.704037 -0.109071 0.151741 0 0 0
0.704521 -0.108121 0.151720 0 0 0
0.705006 -0.107172 0.151700 0 0 0
0.705490 -0.106222 0.151679 0 0 0
0.705975 -0.105272 0.151658 0 0 0
0.706463 -0.104324 0.151634 0 0 0
0.706993 -0.103316 0.151556 0 0 0
0.707462 -0.102452 0.151419 0 0 0
0.707863 -0.101509 0.151522 0 0 0
0.708370 -0.100512 0.151552 0 0 0
0.708855 -0.099560 0.151534 0 0 0
0.709356 -0.098586 0.151505 0 0 0
0.709674 -0.097937 0.151458 0 0 0
0.709624 -0.096145 0.150756 0 0 0
0.709976 -0.095408 0.150681 0 0 0
0.710354 -0.094711 0.150714 0 0 0
0.711902 -0.093572 0.151372 0 0 0
0.712248 -0.092948 0.151377 0 0 0
0.712779 -0.091951 0.151309 0 0 0
0.713337 -0.090994 0.151127 0 0 0
0.713791 -0.090101 0.151058 0 0 0
0.714154 -0.089392 0.150989 0 0 0
0.714250 -0.087746 0.150555 0 0 0
0.714594 -0.086960 0.150482 0 0 0
0.715048 -0.086200 0.150528 0 0 0
0.716204 -0.085359 0.150789 0 0 0
0.716182 -0.083976 0.150483 0 0 0
0.716527 -0.083162 0.150390 0 0 0
0.717052 -0.082270 0.150359 0 0 0
0.717711 -0.081390 0.150334 0 0 0
0.718226 -0.080381 0.150312 0 0 0
0.718553 -0.079330 0.150295 0 0 0
0.718971 -0.078382 0.150286 0 0 0
0.719416 -0.077642 0.150340 0 0 0
0.720721 -0.076639 0.150686 0 0 0
0.721067 -0.076179 0.150650 0 0 0
0.721030 -0.074635 0.150298 0 0 0
0.722306 -0.073850 0.150584 0 0 0
0.722577 -0.073344 0.150577 0 0 0
0.722529 -0.071511 0.150158 0 0 0
0.722845 -0.070800 0.150116 0 0 0
0.723344 -0.069824 0.150081 0 0 0
0.723885 -0.068890 0.149994 0 0 0
0.724431 -0.068202 0.149756 0 0 0
0.724407 -0.066441 0.149252 0 0 0
0.724720 -0.065729 0.149209 0 0 0
0.725213 -0.064753 0.149182 0 0 0
0.725707 -0.063776 0.149156 0 0 0
0.726013 -0.063037 0.149110 0 0 0
0.725866 -0.061539 0.148752 0 0 0
0.727438 -0.060813 0.149042 0 0 0
0.727869 -0.060120 0.149063 0 0 0
0.728352 -0.059103 0.149048 0 0 0
0.728700 -0.058102 0.149028 0 0 0
0.729277 -0.057257 0.149009 0 0 0
0.729814 -0.056234 0.148986 0 0 0
0.730159 -0.055236 0.148965 0 0 0
0.730719 -0.054318 0.148941 0 0 0
0.730970 -0.053570 0.148903 0 0 0
0.730884 -0.051633 0.148194 0 0 0
0.731253 -0.050869 0.148172 0 0 0
0.731724 -0.049981 0.148288 0 0 0
0.732264 -0.049050 0.148115 0 0 0
0.732920 -0.048122 0.148030 0 0 0
0.733443 -0.047224 0.148004 0 0 0
0.733938 -0.046255 0.147977 0 0 0
0.734458 -0.045309 0.147897 0 0 0
0.735016 -0.044626 0.147655 0 0 0
0.735030 -0.042793 0.147135 0 0 0
0.735348 -0.042089 0.147098 0 0 0
0.735844 -0.041111 0.147073 0 0 0
0.736334 -0.040150 0.147049 0 0 0
0.736825 -0.039189 0.147021 0 0 0
0.737310 -0.038234 0.146999 0 0 0
0.737801 -0.037269 0.146978 0 0 0
0.738288 -0.036314 0.146957 0 0 0
0.738779 -0.035351 0.146936 0 0 0
0.739275 -0.034391 0.146914 0 0 0
0.739798 -0.033422 0.146885 0 0 0
0.740109 -0.032698 0.146829 0 0 0
0.740306 -0.030935 0.146288 0 0 0
0.740641 -0.030250 0.146109 0 0 0
0.740963 -0.029102 0.146035 0 0 0
0.741457 -0.028082 0.145999 0 0 0
0.741739 -0.027370 0.145956 0 0 0
0.741803 -0.025923 0.145555 0 0 0
0.680366 -0.156369 0.151944 0 0 0
0.680826 -0.155875 0.151931 0 0 0
0.681385 -0.155019 0.151916 0 0 0
0.681860 -0.154042 0.151896 0 0 0
0.682344 -0.153081 0.151872 0 0 0
0.682830 -0.152135 0.151845 0 0 0
0.683312 -0.151183 0.151822 0 0 0
0.683795 -0.150234 0.151802 0 0 0
0.684280 -0.149284 0.151781 0 0 0
0.684764 -0.148334 0.151760 0 0 0
0.685249 -0.147384 0.151740 0 0 0
0.685733 -0.146434 0.151719 0 0 0
0.686218 -0.145473 0.151703 0 0 0
0.686691 -0.144516 0.151740 0 0 0
0.686899 -0.143659 0.151944 0 0 0
0.688438 -0.142484 0.152403 0 0 0
0.688793 -0.141833 0.152410 0 0 0
0.689288 -0.140851 0.152381 0 0 0
0.689642 -0.140048 0.152278 0 0 0
0.689628 -0.138574 0.151896 0 0 0
0.690004 -0.137840 0.151809 0 0 0
0.690464 -0.136940 0.151734 0 0 0
0.691012 -0.136017 0.151553 0 0 0
0.691550 -0.135036 0.151473 0 0 0
0.692081 -0.134039 0.151384 0 0 0
0.692499 -0.133230 0.151154 0 0 0
0.692305 -0.132114 0.151021 0 0 0
0.693609 -0.130956 0.151241 0 0 0
0.693940 -0.130425 0.151102 0 0 0
0.693876 -0.128989 0.150873 0 0 0
0.694240 -0.128183 0.150811 0 0 0
0.694616 -0.127452 0.150828 0 0 0
0.696080 -0.126314 0.150971 0 0 0
0.696461 -0.125599 0.150991 0 0 0
0.696952 -0.124639 0.150973 0 0 0
0.697442 -0.123682 0.150951 0 0 0
0.697945 -0.122718 0.150923 0 0 0
0.698347 -0.121849 0.150950 0 0 0
0.698789 -0.120811 0.151111 0 0 0
0.699306 -0.119843 0.151136 0 0 0
0.699776 -0.118886 0.151124 0 0 0
0.700286 -0.117918 0.151148 0 0 0
0.700725 -0.116879 0.151300 0 0 0
0.701138 -0.116003 0.151330 0 0 0
0.701641 -0.115037 0.151307 0 0 0
0.702135 -0.114075 0.151288 0 0 0
0.702475 -0.113376 0.151320 0 0 0
0.703862 -0.112195 0.151701 0 0 0
0.704264 -0.111511 0.151735 0 0 0
0.704749 -0.110548 0.151725 0 0 0
0.705234 -0.109599 0.151706 0 0 0
0.705718 -0.108648 0.151693 0 0 0
0.706201 -0.107701 0.151675 0 0 0
0.706685 -0.106754 0.151655 0 0 0
0.707169 -0.105804 0.151634 0 0 0
0.707656 -0.104838 0.151606 0 0 0
0.707958 -0.104086 0.151550 0 0 0
0.707758 -0.102628 0.151254 0 0 0
0.709174 -0.101755 0.151514 0 0 0
0.709572 -0.101086 0.151526 0 0 0
0.710067 -0.100123 0.151510 0 0 0
0.710551 -0.099165 0.151489 0 0 0
0.711070 -0.098293 0.151466 0 0 0
0.711718 -0.097409 0.151442 0 0 0
0.712246 -0.096456 0.151416 0 0 0
0.712711 -0.095464 0.151384 0 0 0
0.713039 -0.094430 0.151364 0 0 0
0.713479 -0.093454 0.151292 0 0 0
0.713903 -0.092689 0.151090 0 0 0
0.713879 -0.091124 0.150835 0 0 0
0.714227 -0.090341 0.150776 0 0 0
0.714693 -0.089468 0.150703 0 0 0
0.715259 -0.088521 0.150510 0 0 0
0.715764 -0.087535 0.150446 0 0 0
0.716197 -0.086551 0.150476 0 0 0
0.716537 -0.085536 0.150598 0 0 0
0.717149 -0.084670 0.150436 0 0 0
0.717702 -0.083745 0.150359 0 0 0
0.718186 -0.082786 0.150334 0 0 0
0.718653 -0.081830 0.150314 0 0 0
0.719135 -0.080885 0.150293 0 0 0
0.719638 -0.079942 0.150273 0 0 0
0.720052 -0.079008 0.150260 0 0 0
0.720462 -0.077914 0.150296 0 0 0
0.721033 -0.076914 0.150452 0 0 0
0.721464 -0.076185 0.150427 0 0 0
0.722050 -0.075178 0.150270 0 0 0
0.722512 -0.074116 0.150389 0 0 0
0.722918 -0.073341 0.150368 0 0 0
0.723498 -0.072380 0.150160 0 0 0
0.724006 -0.071395 0.150085 0 0 0
0.724513 -0.070404 0.150003 0 0 0
0.724934 -0.069637 0.149795 0 0 0
0.724940 -0.068107 0.149476 0 0 0
0.725376 -0.067336 0.149258 0 0 0
0.725893 -0.066347 0.149180 0 0 0
0.726382 -0.065401 0.149156 0 0 0
0.726852 -0.064437 0.149135 0 0 0
0.727358 -0.063540 0.149112 0 0 0
0.727979 -0.062617 0.149088 0 0 0
0.728356 -0.061546 0.149068 0 0 0
0.728752 -0.060613 0.149052 0 0 0
0.729245 -0.059662 0.149032 0 0 0
0.729742 -0.058713 0.149011 0 0 0
0.730222 -0.057754 0.148990 0 0 0
0.730705 -0.056805 0.148970 0 0 0
0.731200 -0.055858 0.148949 0 0 0
0.731684 -0.054896 0.148928 0 0 0
0.732209 -0.054013 0.148900 0 0 0
0.732874 -0.053102 0.148819 0 0 0
0.733439 -0.052171 0.148645 0 0 0
0.733885 -0.051254 0.148690 0 0 0
0.734308 -0.050444 0.148516 0 0 0
0.734255 -0.048613 0.148018 0 0 0
0.734565 -0.047911 0.147980 0 0 0
0.735069 -0.046924 0.147941 0 0 0
0.735385 -0.046182 0.147871 0 0 0
0.735528 -0.044481 0.147364 0 0 0
0.735977 -0.043765 0.147146 0 0 0
0.736471 -0.042755 0.147069 0 0 0
0.736973 -0.041803 0.147040 0 0 0
0.737456 -0.040817 0.146974 0 0 0
0.738038 -0.039848 0.146778 0 0 0
0.738510 -0.038994 0.146710 0 0 0
0.738998 -0.038020 0.146691 0 0 0
0.739492 -0.037058 0.146668 0 0 0
0.739981 -0.036097 0.146641 0 0 0
0.740480 -0.035118 0.146608 0 0 0
0.740849 -0.034233 0.146644 0 0 0
0.740961 -0.033472 0.146770 0 0 0
0.741238 -0.031435 0.146098 0 0 0
0.741368 -0.031084 0.146048 0 0 0
0.682074 -0.155858 0.151897 0 0 0
0.682553 -0.155332 0.151881 0 0 0
0.683114 -0.154469 0.151859 0 0 0
0.683593 -0.153501 0.151839 0 0 0
0.684076 -0.152553 0.151818 0 0 0
0.684560 -0.151606 0.151797 0 0 0
0.685043 -0.150658 0.151777 0 0 0
0.685526 -0.149711 0.151756 0 0 0
0.686010 -0.148763 0.151736 0 0 0
0.686493 -0.147816 0.151715 0 0 0
0.686978 -0.146865 0.151694 0 0 0
0.687475 -0.145898 0.151678 0 0 0
0.687789 -0.145273 0.151683 0 0 0
0.689465 -0.143875 0.152261 0 0 0
0.689642 -0.143286 0.152237 0 0 0
0.690007 -0.142292 0.152337 0 0 0
0.690583 -0.141272 0.152293 0 0 0
0.691013 -0.140567 0.152075 0 0 0
0.690972 -0.139159 0.151634 0 0 0
0.691318 -0.138351 0.151533 0 0 0
0.691809 -0.137398 0.151497 0 0 0
0.692296 -0.136445 0.151469 0 0 0
0.692784 -0.135483 0.151434 0 0 0
0.693125 -0.134677 0.151334 0 0 0
0.693117 -0.133244 0.150876 0 0 0
0.693427 -0.132809 0.150743 0 0 0
0.694675 -0.131542 0.151142 0 0 0
0.694549 -0.130436 0.150825 0 0 0
0.694994 -0.129707 0.150598 0 0 0
0.695518 -0.128705 0.150520 0 0 0
0.696039 -0.127737 0.150535 0 0 0
0.696475 -0.126699 0.150677 0 0 0
0.696887 -0.125819 0.150708 0 0 0
0.697385 -0.124862 0.150685 0 0 0
0.697879 -0.123902 0.150663 0 0 0
0.698322 -0.122953 0.150655 0 0 0
0.698564 -0.122197 0.150718 0 0 0
0.700128 -0.121011 0.151108 0 0 0
0.700496 -0.120358 0.151113 0 0 0
0.700991 -0.119393 0.151097 0 0 0
0.701475 -0.118443 0.151079 0 0 0
0.701959 -0.117493 0.151065 0 0 0
0.702444 -0.116547 0.151046 0 0 0
0.702930 -0.115596 0.151026 0 0 0
0.703413 -0.114633 0.151015 0 0 0
0.703816 -0.113948 0.151050 0 0 0
0.705197 -0.112767 0.151430 0 0 0
0.705533 -0.112072 0.151462 0 0 0
0.706037 -0.111108 0.151443 0 0 0
0.706455 -0.110225 0.151474 0 0 0
0.706891 -0.109201 0.151615 0 0 0
0.707399 -0.108228 0.151637 0 0 0
0.707876 -0.107281 0.151622 0 0 0
0.708358 -0.106336 0.151601 0 0 0
0.708840 -0.105390 0.151580 0 0 0
0.709365 -0.104522 0.151556 0 0 0
0.709982 -0.103583 0.151533 0 0 0
0.710350 -0.102547 0.151524 0 0 0
0.710765 -0.101616 0.151510 0 0 0
0.711251 -0.100668 0.151490 0 0 0
0.711733 -0.099720 0.151470 0 0 0
0.712207 -0.098768 0.151449 0 0 0
0.712675 -0.097817 0.151422 0 0 0
0.713178 -0.096842 0.151349 0 0 0
0.713739 -0.095914 0.151169 0 0 0
0.714220 -0.095044 0.151092 0 0 0
0.714574 -0.094270 0.151029 0 0 0
0.714553 -0.092714 0.150774 0 0 0
0.714973 -0.091952 0.150572 0 0 0
0.715486 -0.090965 0.150494 0 0 0
0.715975 -0.090015 0.150466 0 0 0
0.716460 -0.089068 0.150439 0 0 0
0.716955 -0.088106 0.150421 0 0 0
0.717365 -0.087427 0.150440 0 0 0
0.718731 -0.086618 0.150696 0 0 0
0.718563 -0.085091 0.150392 0 0 0
0.718869 -0.084352 0.150340 0 0 0
0.719356 -0.083387 0.150313 0 0 0
0.719840 -0.082437 0.150292 0 0 0
0.720325 -0.081487 0.150272 0 0 0
0.720820 -0.080525 0.150256 0 0 0
0.721238 -0.079844 0.150276 0 0 0
0.722580 -0.079068 0.150531 0 0 0
0.722426 -0.077501 0.150232 0 0 0
0.722729 -0.076768 0.150185 0 0 0
0.723225 -0.075808 0.150153 0 0 0
0.723704 -0.074857 0.150138 0 0 0
0.724188 -0.073906 0.150117 0 0 0
0.724675 -0.072960 0.150088 0 0 0
0.725168 -0.071999 0.150051 0 0 0
0.725494 -0.071256 0.149972 0 0 0
0.725585 -0.069610 0.149472 0 0 0
0.726029 -0.068905 0.149266 0 0 0
0.726455 -0.067927 0.149188 0 0 0
0.726795 -0.066886 0.149162 0 0 0
0.727316 -0.065881 0.149139 0 0 0
0.727961 -0.065010 0.149115 0 0 0
0.728469 -0.064120 0.149093 0 0 0
0.728942 -0.063160 0.149072 0 0 0
0.729433 -0.062218 0.149051 0 0 0
0.729924 -0.061269 0.149030 0 0 0
0.730411 -0.060319 0.149009 0 0 0
0.730896 -0.059369 0.148989 0 0 0
0.731380 -0.058419 0.148968 0 0 0
0.731865 -0.057469 0.148947 0 0 0
0.732349 -0.056519 0.148927 0 0 0
0.732834 -0.055566 0.148906 0 0 0
0.733326 -0.054596 0.148875 0 0 0
0.733632 -0.053830 0.148804 0 0 0
0.733785 -0.052269 0.148461 0 0 0
0.734698 -0.051816 0.148431 0 0 0
0.734750 -0.050351 0.148257 0 0 0
0.735194 -0.049566 0.148031 0 0 0
0.735697 -0.048566 0.147940 0 0 0
0.736194 -0.047570 0.147861 0 0 0
0.736637 -0.046870 0.147661 0 0 0
0.736777 -0.045145 0.147145 0 0 0
0.737098 -0.044413 0.147074 0 0 0
0.737598 -0.043442 0.147040 0 0 0
0.738099 -0.042471 0.147005 0 0 0
0.738418 -0.041748 0.146937 0 0 0
0.738575 -0.039913 0.146477 0 0 0
0.738952 -0.039225 0.146415 0 0 0
0.739461 -0.038263 0.146386 0 0 0
0.739971 -0.037303 0.146359 0 0 0
0.740362 -0.036365 0.146360 0 0 0
0.740736 -0.035284 0.146382 0 0 0
0.741022 -0.034585 0.146412 0 0 0
0.684008 -0.155401 0.151852 0 0 0
0.684349 -0.154899 0.151839 0 0 0
0.684839 -0.153922 0.151818 0 0 0
0.685323 -0.152972 0.151797 0 0 0
0.685806 -0.152027 0.151777 0 0 0
0.686288 -0.151081 0.151756 0 0 0
0.686770 -0.150136 0.151736 0 0 0
0.687252 -0.149191 0.151715 0 0 0
0.687734 -0.148246 0.151694 0 0 0
0.688218 -0.147297 0.151674 0 0 0
0.688702 -0.146337 0.151661 0 0 0
0.689116 -0.145663 0.151694 0 0 0
0.690358 -0.144469 0.152001 0 0 0
0.690064 -0.143633 0.152021 0 0 0
0.691403 -0.142417 0.152220 0 0 0
0.691717 -0.141890 0.152086 0 0 0
0.691617 -0.140568 0.151800 0 0 0
0.692023 -0.139787 0.151577 0 0 0
0.692552 -0.138790 0.151493 0 0 0
0.693037 -0.137848 0.151468 0 0 0
0.693520 -0.136901 0.151447 0 0 0
0.694011 -0.135939 0.151412 0 0 0
0.694387 -0.135232 0.151314 0 0 0
0.694432 -0.133685 0.150686 0 0 0
0.694701 -0.133247 0.150650 0 0 0
0.695960 -0.132118 0.151098 0 0 0
0.695859 -0.130886 0.150632 0 0 0
0.696257 -0.130152 0.150514 0 0 0
0.696749 -0.129186 0.150477 0 0 0
0.697232 -0.128237 0.150459 0 0 0
0.697713 -0.127291 0.150445 0 0 0
0.698200 -0.126341 0.150426 0 0 0
0.698686 -0.125389 0.150406 0 0 0
0.699178 -0.124423 0.150390 0 0 0
0.699494 -0.123792 0.150398 0 0 0
0.701078 -0.122516 0.151048 0 0 0
0.701290 -0.121801 0.151093 0 0 0
0.701709 -0.120842 0.151094 0 0 0
0.702197 -0.119890 0.151077 0 0 0
0.702679 -0.118944 0.151057 0 0 0
0.703162 -0.117999 0.151036 0 0 0
0.703644 -0.117054 0.151016 0 0 0
0.704126 -0.116109 0.150995 0 0 0
0.704602 -0.115161 0.150979 0 0 0
0.705109 -0.114195 0.151004 0 0 0
0.705547 -0.113164 0.151155 0 0 0
0.705960 -0.112286 0.151187 0 0 0
0.706463 -0.111323 0.151166 0 0 0
0.706847 -0.110605 0.151189 0 0 0
0.708273 -0.109530 0.151339 0 0 0
0.708655 -0.108815 0.151363 0 0 0
0.709141 -0.107863 0.151346 0 0 0
0.709623 -0.106918 0.151325 0 0 0
0.710105 -0.105968 0.151305 0 0 0
0.710594 -0.105015 0.151285 0 0 0
0.711001 -0.104138 0.151318 0 0 0
0.711443 -0.103127 0.151455 0 0 0
0.711955 -0.102155 0.151477 0 0 0
0.712432 -0.101210 0.151461 0 0 0
0.712911 -0.100272 0.151441 0 0 0
0.713402 -0.099327 0.151414 0 0 0
0.713914 -0.098347 0.151336 0 0 0
0.714327 -0.097587 0.151134 0 0 0
0.714294 -0.096044 0.150881 0 0 0
0.714645 -0.095265 0.150819 0 0 0
0.715110 -0.094391 0.150745 0 0 0
0.715666 -0.093454 0.150562 0 0 0
0.716177 -0.092476 0.150488 0 0 0
0.716662 -0.091533 0.150461 0 0 0
0.717143 -0.090588 0.150440 0 0 0
0.717625 -0.089643 0.150419 0 0 0
0.718100 -0.088695 0.150402 0 0 0
0.718601 -0.087689 0.150435 0 0 0
0.719012 -0.086771 0.150538 0 0 0
0.719505 -0.085908 0.150397 0 0 0
0.720029 -0.084913 0.150320 0 0 0
0.720518 -0.083972 0.150296 0 0 0
0.721000 -0.083027 0.150275 0 0 0
0.721482 -0.082082 0.150255 0 0 0
0.721956 -0.081133 0.150238 0 0 0
0.722455 -0.080123 0.150268 0 0 0
0.722863 -0.079214 0.150367 0 0 0
0.723363 -0.078349 0.150220 0 0 0
0.723887 -0.077349 0.150143 0 0 0
0.724375 -0.076408 0.150121 0 0 0
0.724854 -0.075464 0.150105 0 0 0
0.725337 -0.074522 0.150080 0 0 0
0.725827 -0.073574 0.150052 0 0 0
0.726328 -0.072585 0.149974 0 0 0
0.726765 -0.071891 0.149771 0 0 0
0.726860 -0.070246 0.149270 0 0 0
0.727201 -0.069485 0.149197 0 0 0
0.727542 -0.068831 0.149204 0 0 0
0.729078 -0.067796 0.149818 0 0 0
0.729306 -0.067347 0.149816 0 0 0
0.729285 -0.065411 0.149119 0 0 0
0.729604 -0.064779 0.149080 0 0 0
0.730094 -0.063808 0.149054 0 0 0
0.730579 -0.062858 0.149033 0 0 0
0.731062 -0.061910 0.149012 0 0 0
0.731545 -0.060963 0.148992 0 0 0
0.732029 -0.060015 0.148971 0 0 0
0.732512 -0.059068 0.148950 0 0 0
0.732995 -0.058120 0.148930 0 0 0
0.733478 -0.057173 0.148909 0 0 0
0.733962 -0.056222 0.148888 0 0 0
0.734459 -0.055256 0.148853 0 0 0
0.734793 -0.054595 0.148781 0 0 0
0.734998 -0.052706 0.148156 0 0 0
0.735281 -0.052087 0.148169 0 0 0
0.735825 -0.051181 0.148032 0 0 0
0.736334 -0.050153 0.147910 0 0 0
0.736915 -0.049185 0.147695 0 0 0
0.737258 -0.048558 0.147598 0 0 0
0.737295 -0.046825 0.147326 0 0 0
0.737730 -0.046073 0.147120 0 0 0
0.738222 -0.045078 0.147041 0 0 0
0.738727 -0.044128 0.147002 0 0 0
0.739215 -0.043131 0.146927 0 0 0
0.739662 -0.042427 0.146725 0 0 0
0.739846 -0.040696 0.146206 0 0 0
0.740057 -0.039990 0.146151 0 0 0
0.740388 -0.038890 0.146129 0 0 0
0.740872 -0.037868 0.146108 0 0 0
0.741133 -0.037276 0.146100 0 0 0
0.685285 -0.155791 0.151834 0 0 0
0.685591 -0.155315 0.151822 0 0 0
0.686084 -0.154337 0.151801 0 0 0
0.686568 -0.153389 0.151781 0 0 0
0.687049 -0.152446 0.151760 0 0 0
0.687530 -0.151503 0.151740 0 0 0
0.688011 -0.150560 0.151719 0 0 0
0.688492 -0.149617 0.151699 0 0 0
0.688972 -0.148674 0.151678 0 0 0
0.689453 -0.147731 0.151658 0 0 0
0.689927 -0.146784 0.151642 0 0 0
0.690442 -0.145815 0.151668 0 0 0
0.690848 -0.144820 0.151769 0 0 0
0.691225 -0.144241 0.151721 0 0 0
0.692562 -0.143057 0.151939 0 0 0
0.692359 -0.141982 0.151811 0 0 0
0.692764 -0.141176 0.151590 0 0 0
0.693299 -0.140187 0.151500 0 0 0
0.693783 -0.139245 0.151473 0 0 0
0.694263 -0.138302 0.151452 0 0 0
0.694744 -0.137358 0.151431 0 0 0
0.695231 -0.136393 0.151393 0 0 0
0.695615 -0.135700 0.151290 0 0 0
0.695651 -0.134150 0.150661 0 0 0
0.695963 -0.133680 0.150629 0 0 0
0.697248 -0.132657 0.150883 0 0 0
0.697120 -0.131453 0.150604 0 0 0
0.697476 -0.130620 0.150492 0 0 0
0.697964 -0.129661 0.150459 0 0 0
0.698446 -0.128714 0.150438 0 0 0
0.698929 -0.127769 0.150418 0 0 0
0.699411 -0.126824 0.150397 0 0 0
0.699894 -0.125876 0.150377 0 0 0
0.700380 -0.124913 0.150365 0 0 0
0.700785 -0.124240 0.150400 0 0 0
0.702162 -0.123015 0.150804 0 0 0
0.702439 -0.122391 0.150879 0 0 0
0.702891 -0.121356 0.151022 0 0 0
0.703406 -0.120387 0.151045 0 0 0
0.703881 -0.119442 0.151029 0 0 0
0.704360 -0.118504 0.151009 0 0 0
0.704843 -0.117556 0.150988 0 0 0
0.705326 -0.116613 0.150967 0 0 0
0.705808 -0.115678 0.150949 0 0 0
0.706286 -0.114731 0.150939 0 0 0
0.706767 -0.113784 0.150929 0 0 0
0.707247 -0.112848 0.150911 0 0 0
0.707724 -0.111903 0.150895 0 0 0
0.708231 -0.110932 0.150918 0 0 0
0.708665 -0.109909 0.151058 0 0 0
0.709077 -0.109035 0.151089 0 0 0
0.709571 -0.108085 0.151067 0 0 0
0.710055 -0.107138 0.151046 0 0 0
0.710537 -0.106193 0.151026 0 0 0
0.711022 -0.105242 0.151009 0 0 0
0.711408 -0.104523 0.151033 0 0 0
0.712816 -0.103471 0.151182 0 0 0
0.713201 -0.102755 0.151206 0 0 0
0.713687 -0.101804 0.151188 0 0 0
0.714173 -0.100852 0.151163 0 0 0
0.714646 -0.099900 0.151132 0 0 0
0.714995 -0.099139 0.151065 0 0 0
0.714995 -0.097635 0.150821 0 0 0
0.715395 -0.096864 0.150624 0 0 0
0.715901 -0.095875 0.150546 0 0 0
0.716387 -0.094927 0.150518 0 0 0
0.716868 -0.093988 0.150491 0 0 0
0.717348 -0.093044 0.150468 0 0 0
0.717828 -0.092101 0.150447 0 0 0
0.718309 -0.091158 0.150426 0 0 0
0.718790 -0.090215 0.150406 0 0 0
0.719272 -0.089273 0.150386 0 0 0
0.719753 -0.088329 0.150367 0 0 0
0.720229 -0.087382 0.150352 0 0 0
0.720714 -0.086445 0.150326 0 0 0
0.721196 -0.085501 0.150303 0 0 0
0.721676 -0.084558 0.150283 0 0 0
0.722156 -0.083615 0.150262 0 0 0
0.722636 -0.082672 0.150239 0 0 0
0.723126 -0.081738 0.150206 0 0 0
0.723624 -0.080759 0.150139 0 0 0
0.724176 -0.079819 0.149962 0 0 0
0.724643 -0.078959 0.149888 0 0 0
0.725131 -0.077999 0.149866 0 0 0
0.725563 -0.077117 0.149894 0 0 0
0.726019 -0.076083 0.149987 0 0 0
0.726586 -0.075102 0.149849 0 0 0
0.727050 -0.074232 0.149780 0 0 0
0.727399 -0.073473 0.149722 0 0 0
0.727405 -0.071853 0.149455 0 0 0
0.727833 -0.071097 0.149246 0 0 0
0.728337 -0.070092 0.149178 0 0 0
0.728771 -0.069367 0.149227 0 0 0
0.730019 -0.068324 0.149601 0 0 0
0.730253 -0.067864 0.149597 0 0 0
0.730412 -0.066144 0.149145 0 0 0
0.730734 -0.065401 0.149070 0 0 0
0.731229 -0.064443 0.149040 0 0 0
0.731712 -0.063496 0.149019 0 0 0
0.732194 -0.062550 0.148998 0 0 0
0.732676 -0.061605 0.148978 0 0 0
0.733158 -0.060660 0.148957 0 0 0
0.733641 -0.059715 0.148937 0 0 0
0.734123 -0.058769 0.148916 0 0 0
0.734604 -0.057824 0.148895 0 0 0
0.735093 -0.056880 0.148866 0 0 0
0.735588 -0.055888 0.148783 0 0 0
0.736021 -0.055194 0.148582 0 0 0
0.736160 -0.053503 0.148063 0 0 0
0.736469 -0.052763 0.147997 0 0 0
0.736974 -0.051789 0.147954 0 0 0
0.737296 -0.051103 0.147908 0 0 0
0.737310 -0.049169 0.147460 0 0 0
0.737764 -0.048613 0.147320 0 0 0
0.738367 -0.047697 0.147123 0 0 0
0.738863 -0.046711 0.147047 0 0 0
0.739352 -0.045725 0.146969 0 0 0
0.739929 -0.044749 0.146756 0 0 0
0.740270 -0.044114 0.146653 0 0 0
0.740370 -0.042398 0.146375 0 0 0
0.740704 -0.041639 0.146187 0 0 0
0.740819 -0.040884 0.146128 0 0 0
0.686548 -0.156207 0.151821 0 0 0
0.686847 -0.155739 0.151810 0 0 0
0.687328 -0.154761 0.151789 0 0 0
0.687809 -0.153804 0.151768 0 0 0
0.688289 -0.152863 0.151747 0 0 0
0.688769 -0.151923 0.151727 0 0 0
0.689248 -0.150982 0.151707 0 0 0
0.689728 -0.150042 0.151686 0 0 0
0.690208 -0.149101 0.151666 0 0 0
0.690688 -0.148161 0.151645 0 0 0
0.691168 -0.147220 0.151625 0 0 0
0.691646 -0.146280 0.151608 0 0 0
0.692117 -0.145337 0.151596 0 0 0
0.692635 -0.144372 0.151617 0 0 0
0.693037 -0.143392 0.151710 0 0 0
0.693497 -0.142562 0.151591 0 0 0
0.694047 -0.141573 0.151508 0 0 0
0.694527 -0.140635 0.151482 0 0 0
0.695005 -0.139695 0.151461 0 0 0
0.695485 -0.138755 0.151440 0 0 0
0.695971 -0.137817 0.151416 0 0 0
0.696496 -0.136818 0.151328 0 0 0
0.696920 -0.136114 0.151094 0 0 0
0.696911 -0.134729 0.150647 0 0 0
0.697270 -0.133887 0.150592 0 0 0
0.697677 -0.132909 0.150677 0 0 0
0.698152 -0.132062 0.150547 0 0 0
0.698694 -0.131072 0.150470 0 0 0
0.699178 -0.130133 0.150445 0 0 0
0.699659 -0.129191 0.150425 0 0 0
0.700140 -0.128248 0.150404 0 0 0
0.700620 -0.127305 0.150384 0 0 0
0.701101 -0.126362 0.150363 0 0 0
0.701575 -0.125416 0.150347 0 0 0
0.702086 -0.124454 0.150373 0 0 0
0.702527 -0.123413 0.150529 0 0 0
0.702832 -0.122766 0.150600 0 0 0
0.704294 -0.121651 0.150753 0 0 0
0.704670 -0.120943 0.150776 0 0 0
0.705154 -0.119994 0.150759 0 0 0
0.705635 -0.119051 0.150738 0 0 0
0.706119 -0.118104 0.150716 0 0 0
0.706617 -0.117149 0.150689 0 0 0
0.707014 -0.116291 0.150717 0 0 0
0.707455 -0.115266 0.150877 0 0 0
0.707966 -0.114304 0.150904 0 0 0
0.708439 -0.113359 0.150888 0 0 0
0.708919 -0.112419 0.150868 0 0 0
0.709399 -0.111479 0.150850 0 0 0
0.709875 -0.110540 0.150837 0 0 0
0.710359 -0.109596 0.150818 0 0 0
0.710840 -0.108655 0.150798 0 0 0
0.711317 -0.107719 0.150778 0 0 0
0.711797 -0.106779 0.150757 0 0 0
0.712271 -0.105836 0.150741 0 0 0
0.712775 -0.104864 0.150765 0 0 0
0.713209 -0.103848 0.150904 0 0 0
0.713624 -0.102972 0.150935 0 0 0
0.714120 -0.102026 0.150913 0 0 0
0.714542 -0.101092 0.150906 0 0 0
0.714905 -0.100072 0.150921 0 0 0
0.715327 -0.099177 0.150856 0 0 0
0.715877 -0.098206 0.150640 0 0 0
0.716551 -0.097297 0.150550 0 0 0
0.717074 -0.096435 0.150520 0 0 0
0.717554 -0.095489 0.150499 0 0 0
0.718033 -0.094548 0.150478 0 0 0
0.718513 -0.093608 0.150458 0 0 0
0.718993 -0.092667 0.150437 0 0 0
0.719473 -0.091726 0.150417 0 0 0
0.719952 -0.090786 0.150396 0 0 0
0.720432 -0.089845 0.150376 0 0 0
0.720912 -0.088905 0.150356 0 0 0
0.721392 -0.087964 0.150335 0 0 0
0.721871 -0.087024 0.150315 0 0 0
0.722351 -0.086083 0.150294 0 0 0
0.722831 -0.085143 0.150274 0 0 0
0.723317 -0.084206 0.150249 0 0 0
0.723817 -0.083225 0.150177 0 0 0
0.724369 -0.082272 0.149969 0 0 0
0.724703 -0.081622 0.149864 0 0 0
0.724716 -0.079940 0.149670 0 0 0
0.725065 -0.079184 0.149613 0 0 0
0.725555 -0.078220 0.149592 0 0 0
0.725983 -0.077474 0.149620 0 0 0
0.727142 -0.076696 0.149685 0 0 0
0.727119 -0.075235 0.149568 0 0 0
0.727467 -0.074454 0.149511 0 0 0
0.727934 -0.073590 0.149438 0 0 0
0.728494 -0.072647 0.149254 0 0 0
0.728992 -0.071671 0.149181 0 0 0
0.729471 -0.070730 0.149157 0 0 0
0.729963 -0.069746 0.149184 0 0 0
0.730394 -0.068722 0.149336 0 0 0
0.730801 -0.067942 0.149319 0 0 0
0.731385 -0.066988 0.149123 0 0 0
0.731875 -0.066014 0.149054 0 0 0
0.732362 -0.065074 0.149030 0 0 0
0.732843 -0.064132 0.149009 0 0 0
0.733324 -0.063189 0.148988 0 0 0
0.733805 -0.062246 0.148968 0 0 0
0.734286 -0.061303 0.148947 0 0 0
0.734766 -0.060360 0.148927 0 0 0
0.735247 -0.059417 0.148906 0 0 0
0.735734 -0.058476 0.148877 0 0 0
0.736229 -0.057493 0.148795 0 0 0
0.736648 -0.056743 0.148596 0 0 0
0.736677 -0.055156 0.148258 0 0 0
0.737105 -0.054403 0.148050 0 0 0
0.737601 -0.053418 0.147965 0 0 0
0.738095 -0.052434 0.147887 0 0 0
0.738693 -0.051522 0.147690 0 0 0
0.739146 -0.050970 0.147550 0 0 0
0.739164 -0.049039 0.147102 0 0 0
0.739487 -0.048351 0.147058 0 0 0
0.739998 -0.047369 0.147026 0 0 0
0.740339 -0.046691 0.146991 0 0 0
0.740262 -0.044737 0.146542 0 0 0
0.740599 -0.044134 0.146432 0 0 0
0.741145 -0.043094 0.146207 0 0 0
0.741393 -0.042464 0.146143 0 0 0
0.687570 -0.156509 0.151812 0 0 0
0.688029 -0.156033 0.151800 0 0 0
0.688587 -0.155193 0.151780 0 0 0
0.689050 -0.154229 0.151759 0 0 0
0.689526 -0.153279 0.151739 0 0 0
0.690005 -0.152341 0.151718 0 0 0
0.690483 -0.151403 0.151698 0 0 0
0.690962 -0.150465 0.151678 0 0 0
0.691441 -0.149526 0.151657 0 0 0
0.691919 -0.148588 0.151637 0 0 0
0.692398 -0.147650 0.151616 0 0 0
0.692876 -0.146712 0.151596 0 0 0
0.693355 -0.145773 0.151576 0 0 0
0.693832 -0.144835 0.151559 0 0 0
0.694311 -0.143893 0.151542 0 0 0
0.694793 -0.142960 0.151516 0 0 0
0.695270 -0.142020 0.151494 0 0 0
0.695748 -0.141082 0.151473 0 0 0
0.696226 -0.140144 0.151453 0 0 0
0.696705 -0.139204 0.151432 0 0 0
0.697184 -0.138246 0.151401 0 0 0
0.697482 -0.137503 0.151332 0 0 0
0.697353 -0.135997 0.150870 0 0 0
0.697887 -0.135277 0.150612 0 0 0
0.698462 -0.134370 0.150527 0 0 0
0.698945 -0.133429 0.150505 0 0 0
0.699430 -0.132489 0.150479 0 0 0
0.699910 -0.131546 0.150457 0 0 0
0.700388 -0.130606 0.150436 0 0 0
0.700868 -0.129666 0.150416 0 0 0
0.701348 -0.128725 0.150395 0 0 0
0.701827 -0.127784 0.150375 0 0 0
0.702307 -0.126844 0.150354 0 0 0
0.702787 -0.125903 0.150334 0 0 0
0.703267 -0.124963 0.150317 0 0 0
0.703738 -0.124022 0.150308 0 0 0
0.704250 -0.123059 0.150333 0 0 0
0.704685 -0.122034 0.150473 0 0 0
0.705093 -0.121164 0.150504 0 0 0
0.705586 -0.120216 0.150483 0 0 0
0.706068 -0.119270 0.150462 0 0 0
0.706554 -0.118325 0.150440 0 0 0
0.706985 -0.117384 0.150434 0 0 0
0.707227 -0.116633 0.150498 0 0 0
0.708769 -0.115476 0.150887 0 0 0
0.709136 -0.114829 0.150897 0 0 0
0.709625 -0.113876 0.150881 0 0 0
0.710105 -0.112935 0.150861 0 0 0
0.710583 -0.111996 0.150840 0 0 0
0.711062 -0.111058 0.150820 0 0 0
0.711540 -0.110120 0.150800 0 0 0
0.712019 -0.109182 0.150779 0 0 0
0.712497 -0.108243 0.150759 0 0 0
0.712976 -0.107305 0.150738 0 0 0
0.713455 -0.106367 0.150718 0 0 0
0.713934 -0.105429 0.150701 0 0 0
0.714412 -0.104487 0.150687 0 0 0
0.714893 -0.103547 0.150669 0 0 0
0.715377 -0.102596 0.150654 0 0 0
0.715757 -0.101946 0.150665 0 0 0
0.717297 -0.100879 0.151022 0 0 0
0.717645 -0.100167 0.151053 0 0 0
0.718014 -0.099450 0.150985 0 0 0
0.717939 -0.097717 0.150569 0 0 0
0.718235 -0.097004 0.150521 0 0 0
0.718718 -0.096049 0.150493 0 0 0
0.719197 -0.095108 0.150473 0 0 0
0.719676 -0.094170 0.150452 0 0 0
0.720155 -0.093231 0.150432 0 0 0
0.720632 -0.092293 0.150411 0 0 0
0.721111 -0.091354 0.150388 0 0 0
0.721593 -0.090421 0.150363 0 0 0
0.722068 -0.089479 0.150347 0 0 0
0.722547 -0.088539 0.150330 0 0 0
0.723026 -0.087602 0.150310 0 0 0
0.723505 -0.086664 0.150289 0 0 0
0.723984 -0.085723 0.150268 0 0 0
0.724466 -0.084767 0.150242 0 0 0
0.724765 -0.084067 0.150196 0 0 0
0.724698 -0.082266 0.149769 0 0 0
0.725073 -0.081637 0.149643 0 0 0
0.725754 -0.080719 0.149421 0 0 0
0.726289 -0.079820 0.149349 0 0 0
0.726769 -0.078877 0.149328 0 0 0
0.727262 -0.077875 0.149355 0 0 0
0.727674 -0.076966 0.149437 0 0 0
0.728179 -0.076092 0.149315 0 0 0
0.728691 -0.075106 0.149245 0 0 0
0.729174 -0.074169 0.149218 0 0 0
0.729654 -0.073232 0.149190 0 0 0
0.730133 -0.072291 0.149167 0 0 0
0.730612 -0.071351 0.149146 0 0 0
0.731094 -0.070410 0.149126 0 0 0
0.731574 -0.069469 0.149108 0 0 0
0.732049 -0.068526 0.149092 0 0 0
0.732532 -0.067588 0.149067 0 0 0
0.733012 -0.066647 0.149044 0 0 0
0.733491 -0.065707 0.149024 0 0 0
0.733970 -0.064766 0.149003 0 0 0
0.734450 -0.063826 0.148983 0 0 0
0.734930 -0.062885 0.148962 0 0 0
0.735410 -0.061945 0.148942 0 0 0
0.735889 -0.061004 0.148921 0 0 0
0.736376 -0.060065 0.148896 0 0 0
0.736864 -0.059081 0.148817 0 0 0
0.737288 -0.058332 0.148610 0 0 0
0.737318 -0.056753 0.148271 0 0 0
0.737738 -0.056001 0.148072 0 0 0
0.738239 -0.055020 0.147981 0 0 0
0.738739 -0.054039 0.147891 0 0 0
0.739162 -0.053295 0.147693 0 0 0
0.739200 -0.051577 0.147417 0 0 0
0.739552 -0.050953 0.147317 0 0 0
0.740147 -0.049998 0.147112 0 0 0
0.740653 -0.049017 0.147044 0 0 0
0.741023 -0.048093 0.147022 0 0 0
0.741376 -0.047050 0.146999 0 0 0
0.741734 -0.046560 0.146986 0 0 0
0.689252 -0.156007 0.151787 0 0 0
0.689732 -0.155497 0.151774 0 0 0
0.690288 -0.154651 0.151755 0 0 0
0.690761 -0.153695 0.151734 0 0 0
0.691238 -0.152758 0.151714 0 0 0
0.691716 -0.151822 0.151694 0 0 0
0.692193 -0.150886 0.151673 0 0 0
0.692670 -0.149950 0.151653 0 0 0
0.693148 -0.149014 0.151632 0 0 0
0.693625 -0.148078 0.151612 0 0 0
0.694103 -0.147142 0.151592 0 0 0
0.694580 -0.146206 0.151571 0 0 0
0.695057 -0.145271 0.151551 0 0 0
0.695535 -0.144335 0.151531 0 0 0
0.696012 -0.143399 0.151510 0 0 0
0.696489 -0.142463 0.151490 0 0 0
0.696967 -0.141527 0.151470 0 0 0
0.697443 -0.140591 0.151449 0 0 0
0.697922 -0.139658 0.151422 0 0 0
0.698451 -0.138681 0.151342 0 0 0
0.699033 -0.137830 0.151144 0 0 0
0.699472 -0.137185 0.150986 0 0 0
0.699385 -0.135598 0.150585 0 0 0
0.699679 -0.134850 0.150521 0 0 0
0.700159 -0.133894 0.150492 0 0 0
0.700639 -0.132953 0.150471 0 0 0
0.701117 -0.132015 0.150451 0 0 0
0.701596 -0.131077 0.150431 0 0 0
0.702074 -0.130139 0.150410 0 0 0
0.702553 -0.129200 0.150390 0 0 0
0.703031 -0.128262 0.150369 0 0 0
0.703510 -0.127324 0.150349 0 0 0
0.703988 -0.126386 0.150329 0 0 0
0.704467 -0.125447 0.150308 0 0 0
0.704946 -0.124509 0.150288 0 0 0
0.705424 -0.123571 0.150271 0 0 0
0.705902 -0.122629 0.150258 0 0 0
0.706383 -0.121693 0.150239 0 0 0
0.706862 -0.120754 0.150219 0 0 0
0.707342 -0.119813 0.150199 0 0 0
0.707825 -0.118861 0.150183 0 0 0
0.708196 -0.118211 0.150192 0 0 0
0.709675 -0.117126 0.150644 0 0 0
0.709897 -0.116291 0.150843 0 0 0
0.710333 -0.115330 0.150890 0 0 0
0.710810 -0.114385 0.150878 0 0 0
0.711288 -0.113449 0.150858 0 0 0
0.711766 -0.112513 0.150838 0 0 0
0.712243 -0.111577 0.150818 0 0 0
0.712720 -0.110641 0.150797 0 0 0
0.713198 -0.109705 0.150777 0 0 0
0.713675 -0.108769 0.150757 0 0 0
0.714153 -0.107833 0.150736 0 0 0
0.714630 -0.106897 0.150716 0 0 0
0.715107 -0.105961 0.150696 0 0 0
0.715585 -0.105025 0.150675 0 0 0
0.716062 -0.104090 0.150655 0 0 0
0.716533 -0.103151 0.150638 0 0 0
0.717037 -0.102181 0.150668 0 0 0
0.717477 -0.101163 0.150831 0 0 0
0.717882 -0.100294 0.150866 0 0 0
0.718343 -0.099446 0.150793 0 0 0
0.718892 -0.098508 0.150590 0 0 0
0.719397 -0.097534 0.150516 0 0 0
0.719881 -0.096602 0.150492 0 0 0
0.720359 -0.095666 0.150471 0 0 0
0.720835 -0.094730 0.150451 0 0 0
0.721313 -0.093793 0.150428 0 0 0
0.721797 -0.092866 0.150398 0 0 0
0.722311 -0.091882 0.150327 0 0 0
0.722801 -0.091024 0.150199 0 0 0
0.723211 -0.090105 0.150290 0 0 0
0.723711 -0.089116 0.150316 0 0 0
0.724177 -0.088179 0.150305 0 0 0
0.724654 -0.087242 0.150287 0 0 0
0.725131 -0.086306 0.150265 0 0 0
0.725615 -0.085372 0.150231 0 0 0
0.726151 -0.084473 0.150156 0 0 0
0.726824 -0.083558 0.149934 0 0 0
0.727196 -0.082935 0.149808 0 0 0
0.727135 -0.081132 0.149380 0 0 0
0.727434 -0.080431 0.149334 0 0 0
0.727915 -0.079477 0.149308 0 0 0
0.728396 -0.078534 0.149287 0 0 0
0.728873 -0.077596 0.149263 0 0 0
0.729352 -0.076663 0.149236 0 0 0
0.729830 -0.075723 0.149213 0 0 0
0.730310 -0.074779 0.149192 0 0 0
0.730786 -0.073846 0.149172 0 0 0
0.731265 -0.072908 0.149151 0 0 0
0.731748 -0.071973 0.149126 0 0 0
0.732254 -0.070991 0.149057 0 0 0
0.732763 -0.070114 0.148936 0 0 0
0.733177 -0.069216 0.149020 0 0 0
0.733663 -0.068215 0.149055 0 0 0
0.734138 -0.067275 0.149042 0 0 0
0.734617 -0.066338 0.149022 0 0 0
0.735095 -0.065399 0.149001 0 0 0
0.735574 -0.064461 0.148981 0 0 0
0.736052 -0.063523 0.148960 0 0 0
0.736530 -0.062584 0.148940 0 0 0
0.737011 -0.061644 0.148916 0 0 0
0.737505 -0.060697 0.148877 0 0 0
0.737815 -0.059971 0.148805 0 0 0
0.737938 -0.058291 0.148293 0 0 0
0.738373 -0.057602 0.148091 0 0 0
0.738876 -0.056618 0.148002 0 0 0
0.739373 -0.055634 0.147913 0 0 0
0.739801 -0.054884 0.147698 0 0 0
0.739866 -0.053313 0.147357 0 0 0
0.740308 -0.052558 0.147165 0 0 0
0.740674 -0.051601 0.147097 0 0 0
0.740985 -0.050524 0.147065 0 0 0
0.741466 -0.049511 0.147037 0 0 0
0.741717 -0.048932 0.147024 0 0 0
0.691170 -0.155562 0.151766 0 0 0
0.691507 -0.155076 0.151755 0 0 0
0.691990 -0.154113 0.151734 0 0 0
0.692469 -0.153173 0.151714 0 0 0
0.692945 -0.152240 0.151693 0 0 0
0.693421 -0.151306 0.151673 0 0 0
0.693897 -0.150372 0.151653 0 0 0
0.694373 -0.149439 0.151632 0 0 0
0.694850 -0.148505 0.151612 0 0 0
0.695326 -0.147572 0.151592 0 0 0
0.695802 -0.146638 0.151571 0 0 0
0.696278 -0.145704 0.151551 0 0 0
0.696754 -0.144771 0.151531 0 0 0
0.697231 -0.143837 0.151510 0 0 0
0.697707 -0.142903 0.151490 0 0 0
0.698183 -0.141970 0.151470 0 0 0
0.698663 -0.141039 0.151445 0 0 0
0.699185 -0.140056 0.151360 0 0 0
0.699588 -0.139289 0.151139 0 0 0
0.699509 -0.137896 0.150905 0 0 0
0.699830 -0.137189 0.150790 0 0 0
0.700361 -0.136262 0.150588 0 0 0
0.700886 -0.135286 0.150515 0 0 0
0.701368 -0.134354 0.150490 0 0 0
0.701846 -0.133418 0.150470 0 0 0
0.702323 -0.132482 0.150450 0 0 0
0.702800 -0.131546 0.150429 0 0 0
0.703278 -0.130610 0.150409 0 0 0
0.703755 -0.129674 0.150389 0 0 0
0.704233 -0.128738 0.150368 0 0 0
0.704710 -0.127803 0.150348 0 0 0
0.705187 -0.126867 0.150327 0 0 0
0.705665 -0.125931 0.150307 0 0 0
0.706142 -0.124995 0.150287 0 0 0
0.706619 -0.124059 0.150266 0 0 0
0.707097 -0.123123 0.150246 0 0 0
0.707574 -0.122187 0.150226 0 0 0
0.708052 -0.121251 0.150205 0 0 0
0.708529 -0.120315 0.150185 0 0 0
0.709001 -0.119374 0.150169 0 0 0
0.709517 -0.118403 0.150206 0 0 0
0.709881 -0.117612 0.150387 0 0 0
0.711122 -0.116650 0.150666 0 0 0
0.711487 -0.115866 0.150838 0 0 0
0.711998 -0.114901 0.150875 0 0 0
0.712469 -0.113961 0.150860 0 0 0
0.712945 -0.113028 0.150840 0 0 0
0.713421 -0.112094 0.150819 0 0 0
0.713898 -0.111160 0.150799 0 0 0
0.714374 -0.110227 0.150779 0 0 0
0.714850 -0.109293 0.150759 0 0 0
0.715326 -0.108360 0.150738 0 0 0
0.715803 -0.107426 0.150718 0 0 0
0.716279 -0.106492 0.150698 0 0 0
0.716755 -0.105559 0.150677 0 0 0
0.717231 -0.104625 0.150657 0 0 0
0.717708 -0.103692 0.150637 0 0 0
0.718184 -0.102758 0.150620 0 0 0
0.718657 -0.101819 0.150608 0 0 0
0.719131 -0.100892 0.150590 0 0 0
0.719606 -0.099958 0.150566 0 0 0
0.720090 -0.099023 0.150535 0 0 0
0.720573 -0.098091 0.150506 0 0 0
0.721040 -0.097156 0.150488 0 0 0
0.721521 -0.096228 0.150465 0 0 0
0.721996 -0.095292 0.150443 0 0 0
0.722518 -0.094316 0.150366 0 0 0
0.723012 -0.093447 0.150237 0 0 0
0.723296 -0.092691 0.150235 0 0 0
0.723230 -0.091251 0.149998 0 0 0
0.724477 -0.090391 0.150188 0 0 0
0.724900 -0.089741 0.150156 0 0 0
0.725313 -0.088807 0.150253 0 0 0
0.725814 -0.087830 0.150271 0 0 0
0.726304 -0.086855 0.150204 0 0 0
0.726854 -0.085916 0.150019 0 0 0
0.727185 -0.085250 0.149915 0 0 0
0.727193 -0.083574 0.149718 0 0 0
0.727524 -0.082927 0.149613 0 0 0
0.728074 -0.081978 0.149403 0 0 0
0.728575 -0.081001 0.149322 0 0 0
0.729060 -0.080077 0.149291 0 0 0
0.729553 -0.079104 0.149223 0 0 0
0.730106 -0.078168 0.149043 0 0 0
0.730564 -0.077323 0.148974 0 0 0
0.731039 -0.076373 0.148954 0 0 0
0.731519 -0.075432 0.148934 0 0 0
0.731996 -0.074496 0.148913 0 0 0
0.732475 -0.073558 0.148893 0 0 0
0.732955 -0.072615 0.148868 0 0 0
0.733304 -0.071858 0.148811 0 0 0
0.733305 -0.070381 0.148692 0 0 0
0.734375 -0.069685 0.148819 0 0 0
0.734775 -0.068892 0.148989 0 0 0
0.735266 -0.067909 0.149025 0 0 0
0.735742 -0.066965 0.149010 0 0 0
0.736219 -0.066029 0.148993 0 0 0
0.736692 -0.065094 0.148980 0 0 0
0.737171 -0.064158 0.148959 0 0 0
0.737655 -0.063230 0.148926 0 0 0
0.738139 -0.062254 0.148857 0 0 0
0.738701 -0.061303 0.148671 0 0 0
0.739055 -0.060719 0.148561 0 0 0
0.739177 -0.058943 0.148110 0 0 0
0.739502 -0.058219 0.148034 0 0 0
0.740023 -0.057257 0.147989 0 0 0
0.740350 -0.056531 0.147904 0 0 0
0.740380 -0.054875 0.147403 0 0 0
0.740651 -0.054069 0.147207 0 0 0
0.741120 -0.053003 0.147109 0 0 0
0.741381 -0.052428 0.147086 0 0 0
0.692433 -0.155948 0.151769 0 0 0
0.692732 -0.155488 0.151758 0 0 0
0.693217 -0.154531 0.151738 0 0 0
0.693696 -0.153587 0.151717 0 0 0
0.694171 -0.152656 0.151697 0 0 0
0.694646 -0.151724 0.151677 0 0 0
0.695121 -0.150793 0.151656 0 0 0
0.695596 -0.149862 0.151636 0 0 0
0.696071 -0.148930 0.151616 0 0 0
0.696546 -0.147999 0.151595 0 0 0
0.697021 -0.147068 0.151575 0 0 0
0.697496 -0.146137 0.151555 0 0 0
0.697971 -0.145205 0.151535 0 0 0
0.698446 -0.144274 0.151514 0 0 0
0.698921 -0.143343 0.151494 0 0 0
0.699397 -0.142410 0.151474 0 0 0
0.699880 -0.141466 0.151440 0 0 0
0.700216 -0.140672 0.151336 0 0 0
0.700206 -0.139288 0.150871 0 0 0
0.700622 -0.138604 0.150658 0 0 0
0.701139 -0.137619 0.150569 0 0 0
0.701624 -0.136683 0.150536 0 0 0
0.702099 -0.135748 0.150514 0 0 0
0.702574 -0.134815 0.150493 0 0 0
0.703050 -0.133881 0.150473 0 0 0
0.703525 -0.132948 0.150452 0 0 0
0.704000 -0.132013 0.150429 0 0 0
0.704481 -0.131084 0.150401 0 0 0
0.704958 -0.130152 0.150380 0 0 0
0.705431 -0.129214 0.150367 0 0 0
0.705907 -0.128280 0.150350 0 0 0
0.706383 -0.127346 0.150330 0 0 0
0.706859 -0.126412 0.150310 0 0 0
0.707336 -0.125479 0.150290 0 0 0
0.707812 -0.124545 0.150270 0 0 0
0.708288 -0.123612 0.150249 0 0 0
0.708764 -0.122678 0.150229 0 0 0
0.709240 -0.121744 0.150209 0 0 0
0.709717 -0.120811 0.150188 0 0 0
0.710193 -0.119877 0.150168 0 0 0
0.710664 -0.118938 0.150157 0 0 0
0.711168 -0.117966 0.150199 0 0 0
0.711473 -0.117210 0.150368 0 0 0
0.712773 -0.116093 0.150826 0 0 0
0.713169 -0.115424 0.150871 0 0 0
0.713645 -0.114475 0.150865 0 0 0
0.714122 -0.113541 0.150846 0 0 0
0.714597 -0.112610 0.150825 0 0 0
0.715072 -0.111678 0.150805 0 0 0
0.715547 -0.110747 0.150785 0 0 0
0.716022 -0.109816 0.150764 0 0 0
0.716497 -0.108885 0.150744 0 0 0
0.716972 -0.107953 0.150724 0 0 0
0.717447 -0.107022 0.150704 0 0 0
0.717922 -0.106091 0.150683 0 0 0
0.718397 -0.105159 0.150663 0 0 0
0.718872 -0.104228 0.150643 0 0 0
0.719347 -0.103297 0.150623 0 0 0
0.719822 -0.102365 0.150602 0 0 0
0.720297 -0.101434 0.150582 0 0 0
0.720779 -0.100507 0.150558 0 0 0
0.721299 -0.099523 0.150479 0 0 0
0.721779 -0.098679 0.150338 0 0 0
0.722236 -0.097723 0.150386 0 0 0
0.722734 -0.096818 0.150294 0 0 0
0.723171 -0.095860 0.150340 0 0 0
0.723596 -0.095022 0.150160 0 0 0
0.723581 -0.093734 0.149996 0 0 0
0.724568 -0.093114 0.149961 0 0 0
0.724616 -0.091952 0.149786 0 0 0
0.725585 -0.091159 0.149925 0 0 0
0.725357 -0.090053 0.149945 0 0 0
0.726553 -0.089087 0.150166 0 0 0
0.727042 -0.088372 0.150062 0 0 0
0.727380 -0.087709 0.149960 0 0 0
0.727374 -0.086028 0.149753 0 0 0
0.727711 -0.085368 0.149647 0 0 0
0.728260 -0.084430 0.149462 0 0 0
0.728758 -0.083465 0.149384 0 0 0
0.729268 -0.082505 0.149294 0 0 0
0.729815 -0.081568 0.149110 0 0 0
0.730275 -0.080712 0.149036 0 0 0
0.730622 -0.079963 0.148977 0 0 0
0.730638 -0.078282 0.148767 0 0 0
0.730989 -0.077544 0.148709 0 0 0
0.731470 -0.076601 0.148684 0 0 0
0.731948 -0.075663 0.148663 0 0 0
0.732428 -0.074722 0.148643 0 0 0
0.732905 -0.073786 0.148623 0 0 0
0.733378 -0.072840 0.148603 0 0 0
0.733839 -0.071984 0.148537 0 0 0
0.734404 -0.070995 0.148412 0 0 0
0.734792 -0.070189 0.148538 0 0 0
0.736042 -0.069307 0.148740 0 0 0
0.736452 -0.068581 0.148771 0 0 0
0.736945 -0.067636 0.148756 0 0 0
0.737374 -0.066760 0.148788 0 0 0
0.737815 -0.065778 0.148918 0 0 0
0.738310 -0.064764 0.148898 0 0 0
0.738862 -0.063817 0.148717 0 0 0
0.739201 -0.063182 0.148616 0 0 0
0.739227 -0.061407 0.148398 0 0 0
0.739577 -0.060776 0.148294 0 0 0
0.740166 -0.059835 0.148097 0 0 0
0.740673 -0.058863 0.148028 0 0 0
0.741038 -0.057933 0.147999 0 0 0
0.741154 -0.057198 0.147951 0 0 0
0.741168 -0.055661 0.147291 0 0 0
0.693679 -0.156362 0.151776 0 0 0
0.693970 -0.155909 0.151766 0 0 0
0.694445 -0.154946 0.151745 0 0 0
0.694921 -0.153999 0.151725 0 0 0
0.695395 -0.153070 0.151704 0 0 0
0.695868 -0.152141 0.151684 0 0 0
0.696342 -0.151212 0.151664 0 0 0
0.696816 -0.150283 0.151644 0 0 0
0.697290 -0.149354 0.151624 0 0 0
0.697764 -0.148425 0.151603 0 0 0
0.698238 -0.147496 0.151583 0 0 0
0.698711 -0.146567 0.151563 0 0 0
0.699185 -0.145638 0.151543 0 0 0
0.699659 -0.144709 0.151523 0 0 0
0.700133 -0.143780 0.151502 0 0 0
0.700608 -0.142848 0.151482 0 0 0
0.701087 -0.141899 0.151451 0 0 0
0.701410 -0.141267 0.151392 0 0 0
0.701294 -0.139613 0.150712 0 0 0
0.701819 -0.138930 0.150600 0 0 0
0.702351 -0.138079 0.150563 0 0 0
0.702826 -0.137137 0.150540 0 0 0
0.703301 -0.136206 0.150520 0 0 0
0.703776 -0.135274 0.150500 0 0 0
0.704251 -0.134343 0.150479 0 0 0
0.704732 -0.133416 0.150455 0 0 0
0.705250 -0.132446 0.150381 0 0 0
0.705793 -0.131523 0.150183 0 0 0
0.706166 -0.130750 0.150166 0 0 0
0.706600 -0.129707 0.150323 0 0 0
0.707108 -0.128758 0.150353 0 0 0
0.707576 -0.127824 0.150337 0 0 0
0.708051 -0.126893 0.150317 0 0 0
0.708526 -0.125961 0.150297 0 0 0
0.709001 -0.125030 0.150277 0 0 0
0.709476 -0.124099 0.150256 0 0 0
0.709951 -0.123167 0.150236 0 0 0
0.710426 -0.122236 0.150216 0 0 0
0.710901 -0.121305 0.150196 0 0 0
0.711376 -0.120373 0.150175 0 0 0
0.711853 -0.119440 0.150156 0 0 0
0.712330 -0.118491 0.150149 0 0 0
0.712730 -0.117820 0.150195 0 0 0
0.714016 -0.116709 0.150653 0 0 0
0.714316 -0.115951 0.150831 0 0 0
0.714827 -0.114988 0.150870 0 0 0
0.715296 -0.114053 0.150855 0 0 0
0.715770 -0.113124 0.150835 0 0 0
0.716244 -0.112195 0.150815 0 0 0
0.716717 -0.111266 0.150795 0 0 0
0.717191 -0.110337 0.150774 0 0 0
0.717665 -0.109408 0.150754 0 0 0
0.718139 -0.108479 0.150734 0 0 0
0.718613 -0.107550 0.150714 0 0 0
0.719087 -0.106621 0.150694 0 0 0
0.719560 -0.105692 0.150673 0 0 0
0.720034 -0.104763 0.150653 0 0 0
0.720508 -0.103834 0.150633 0 0 0
0.720982 -0.102905 0.150613 0 0 0
0.721457 -0.101973 0.150592 0 0 0
0.721932 -0.101029 0.150565 0 0 0
0.722226 -0.100299 0.150509 0 0 0
0.722062 -0.098813 0.150202 0 0 0
0.723186 -0.098160 0.150382 0 0 0
0.723018 -0.096974 0.150163 0 0 0
0.724125 -0.096332 0.150346 0 0 0
0.724005 -0.094961 0.149950 0 0 0
0.724406 -0.094160 0.149768 0 0 0
0.724911 -0.093214 0.149800 0 0 0
0.725559 -0.092348 0.149683 0 0 0
0.726049 -0.091450 0.149725 0 0 0
0.726398 -0.090836 0.149698 0 0 0
0.727601 -0.089818 0.150092 0 0 0
0.727538 -0.088439 0.149820 0 0 0
0.727901 -0.087816 0.149697 0 0 0
0.728451 -0.086880 0.149512 0 0 0
0.728948 -0.085908 0.149441 0 0 0
0.729436 -0.084986 0.149404 0 0 0
0.729928 -0.084006 0.149319 0 0 0
0.730340 -0.083252 0.149101 0 0 0
0.730356 -0.081696 0.148836 0 0 0
0.730692 -0.080933 0.148778 0 0 0
0.731153 -0.080077 0.148704 0 0 0
0.731707 -0.079143 0.148525 0 0 0
0.732200 -0.078172 0.148458 0 0 0
0.732681 -0.077242 0.148433 0 0 0
0.733157 -0.076308 0.148412 0 0 0
0.733633 -0.075375 0.148392 0 0 0
0.734107 -0.074446 0.148372 0 0 0
0.734585 -0.073506 0.148351 0 0 0
0.735057 -0.072579 0.148329 0 0 0
0.735533 -0.071643 0.148308 0 0 0
0.736020 -0.070663 0.148339 0 0 0
0.736451 -0.069675 0.148477 0 0 0
0.736877 -0.068800 0.148509 0 0 0
0.737373 -0.067854 0.148494 0 0 0
0.737792 -0.067125 0.148523 0 0 0
0.739053 -0.066195 0.148655 0 0 0
0.739339 -0.065666 0.148648 0 0 0
0.739389 -0.063928 0.148446 0 0 0
0.739728 -0.063284 0.148344 0 0 0
0.740320 -0.062334 0.148156 0 0 0
0.740694 -0.061397 0.148093 0 0 0
0.741001 -0.060340 0.148059 0 0 0
0.741474 -0.059334 0.148031 0 0 0
0.741716 -0.058761 0.148017 0 0 0
0.694678 -0.156657 0.151783 0 0 0
0.695120 -0.156198 0.151767 0 0 0
0.695672 -0.155358 0.151751 0 0 0
0.696142 -0.154411 0.151736 0 0 0
0.696615 -0.153483 0.151716 0 0 0
0.697088 -0.152556 0.151696 0 0 0
0.697561 -0.151630 0.151676 0 0 0
0.698033 -0.150703 0.151656 0 0 0
0.698506 -0.149776 0.151636 0 0 0
0.698978 -0.148850 0.151615 0 0 0
0.699451 -0.147923 0.151595 0 0 0
0.699924 -0.146996 0.151575 0 0 0
0.700396 -0.146070 0.151555 0 0 0
0.700869 -0.145143 0.151535 0 0 0
0.701342 -0.144216 0.151515 0 0 0
0.701813 -0.143290 0.151494 0 0 0
0.702286 -0.142351 0.151469 0 0 0
0.702829 -0.141513 0.151426 0 0 0
0.703347 -0.140836 0.151316 0 0 0
0.703223 -0.139174 0.150640 0 0 0
0.703547 -0.138542 0.150582 0 0 0
0.704026 -0.137593 0.150551 0 0 0
0.704502 -0.136661 0.150531 0 0 0
0.704976 -0.135732 0.150510 0 0 0
0.705450 -0.134800 0.150490 0 0 0
0.705925 -0.133855 0.150461 0 0 0
0.706215 -0.133121 0.150398 0 0 0
0.706154 -0.131527 0.149990 0 0 0
0.706461 -0.131066 0.149944 0 0 0
0.707902 -0.129915 0.150305 0 0 0
0.708293 -0.129249 0.150343 0 0 0
0.708763 -0.128306 0.150334 0 0 0
0.709239 -0.127374 0.150314 0 0 0
0.709715 -0.126440 0.150294 0 0 0
0.710187 -0.125516 0.150274 0 0 0
0.710663 -0.124589 0.150256 0 0 0
0.711135 -0.123655 0.150244 0 0 0
0.711609 -0.122726 0.150227 0 0 0
0.712083 -0.121797 0.150207 0 0 0
0.712557 -0.120868 0.150187 0 0 0
0.713031 -0.119939 0.150167 0 0 0
0.713500 -0.119004 0.150151 0 0 0
0.714010 -0.118040 0.150191 0 0 0
0.714311 -0.117284 0.150368 0 0 0
0.715594 -0.116176 0.150827 0 0 0
0.715991 -0.115509 0.150874 0 0 0
0.716464 -0.114565 0.150868 0 0 0
0.716939 -0.113636 0.150849 0 0 0
0.717411 -0.112709 0.150829 0 0 0
0.717884 -0.111782 0.150809 0 0 0
0.718356 -0.110856 0.150788 0 0 0
0.718829 -0.109929 0.150768 0 0 0
0.719302 -0.109003 0.150748 0 0 0
0.719774 -0.108076 0.150728 0 0 0
0.720246 -0.107149 0.150708 0 0 0
0.720719 -0.106222 0.150687 0 0 0
0.721193 -0.105296 0.150667 0 0 0
0.721665 -0.104370 0.150647 0 0 0
0.722136 -0.103443 0.150627 0 0 0
0.722610 -0.102513 0.150603 0 0 0
0.723093 -0.101601 0.150569 0 0 0
0.723645 -0.100703 0.150491 0 0 0
0.724243 -0.099838 0.150344 0 0 0
0.724643 -0.098881 0.150390 0 0 0
0.725184 -0.098005 0.150300 0 0 0
0.725578 -0.097036 0.150351 0 0 0
0.726190 -0.096117 0.150195 0 0 0
0.726665 -0.095243 0.150111 0 0 0
0.727018 -0.094538 0.150041 0 0 0
0.726949 -0.092782 0.149619 0 0 0
0.727239 -0.092069 0.149586 0 0 0
0.727675 -0.091340 0.149633 0 0 0
0.728853 -0.090521 0.149894 0 0 0
0.728794 -0.089139 0.149597 0 0 0
0.729127 -0.088361 0.149502 0 0 0
0.729615 -0.087428 0.149463 0 0 0
0.730089 -0.086493 0.149438 0 0 0
0.730569 -0.085548 0.149409 0 0 0
0.730875 -0.084860 0.149356 0 0 0
0.730825 -0.083153 0.148849 0 0 0
0.731364 -0.082476 0.148615 0 0 0
0.731898 -0.081578 0.148532 0 0 0
0.732378 -0.080642 0.148503 0 0 0
0.732858 -0.079710 0.148475 0 0 0
0.733333 -0.078778 0.148452 0 0 0
0.733807 -0.077847 0.148431 0 0 0
0.734282 -0.076915 0.148411 0 0 0
0.734757 -0.075984 0.148390 0 0 0
0.735232 -0.075053 0.148370 0 0 0
0.735707 -0.074122 0.148350 0 0 0
0.736182 -0.073190 0.148330 0 0 0
0.736657 -0.072260 0.148310 0 0 0
0.737134 -0.071328 0.148292 0 0 0
0.737607 -0.070393 0.148279 0 0 0
0.738080 -0.069467 0.148262 0 0 0
0.738558 -0.068530 0.148248 0 0 0
0.738949 -0.067566 0.148281 0 0 0
0.739281 -0.066477 0.148453 0 0 0
0.739722 -0.065673 0.148433 0 0 0
0.740450 -0.064780 0.148215 0 0 0
0.740988 -0.063887 0.148143 0 0 0
0.741351 -0.062959 0.148111 0 0 0
0.741450 -0.062272 0.148093 0 0 0
0.696583 -0.156376 0.151589 0 0 0
0.696850 -0.155809 0.151688 0 0 0
0.697365 -0.154829 0.151731 0 0 0
0.697836 -0.153892 0.151717 0 0 0
0.698304 -0.152973 0.151697 0 0 0
0.698775 -0.152049 0.151677 0 0 0
0.699250 -0.151119 0.151657 0 0 0
0.699721 -0.150195 0.151637 0 0 0
0.700190 -0.149276 0.151617 0 0 0
0.700664 -0.148346 0.151596 0 0 0
0.701133 -0.147427 0.151576 0 0 0
0.701604 -0.146503 0.151556 0 0 0
0.702079 -0.145573 0.151536 0 0 0
0.702547 -0.144654 0.151516 0 0 0
0.703022 -0.143735 0.151491 0 0 0
0.703541 -0.142762 0.151419 0 0 0
0.704057 -0.141847 0.151239 0 0 0
0.704397 -0.141220 0.151110 0 0 0
0.704409 -0.139772 0.150703 0 0 0
0.704746 -0.138981 0.150599 0 0 0
0.705226 -0.138043 0.150566 0 0 0
0.705700 -0.137115 0.150545 0 0 0
0.706172 -0.136188 0.150525 0 0 0
0.706644 -0.135262 0.150504 0 0 0
0.707122 -0.134331 0.150475 0 0 0
0.707699 -0.133447 0.150380 0 0 0
0.708216 -0.132727 0.150128 0 0 0
0.708075 -0.131494 0.149784 0 0 0
0.709207 -0.130443 0.150072 0 0 0
0.709543 -0.129760 0.150105 0 0 0
0.710029 -0.128821 0.150086 0 0 0
0.710506 -0.127886 0.150066 0 0 0
0.710974 -0.126969 0.150046 0 0 0
0.711461 -0.126037 0.150023 0 0 0
0.711860 -0.125183 0.150056 0 0 0
0.712294 -0.124160 0.150209 0 0 0
0.712797 -0.123218 0.150238 0 0 0
0.713262 -0.122288 0.150222 0 0 0
0.713735 -0.121361 0.150202 0 0 0
0.714207 -0.120435 0.150182 0 0 0
0.714682 -0.119505 0.150163 0 0 0
0.715155 -0.118562 0.150157 0 0 0
0.715551 -0.117895 0.150204 0 0 0
0.716837 -0.116785 0.150663 0 0 0
0.717139 -0.116036 0.150830 0 0 0
0.717642 -0.115092 0.150868 0 0 0
0.718104 -0.114147 0.150859 0 0 0
0.718588 -0.113217 0.150834 0 0 0
0.719061 -0.112296 0.150810 0 0 0
0.719532 -0.111371 0.150790 0 0 0
0.720007 -0.110445 0.150769 0 0 0
0.720469 -0.109540 0.150749 0 0 0
0.720939 -0.108613 0.150730 0 0 0
0.721409 -0.107689 0.150710 0 0 0
0.721890 -0.106747 0.150689 0 0 0
0.722360 -0.105822 0.150669 0 0 0
0.722823 -0.104916 0.150650 0 0 0
0.723300 -0.103997 0.150625 0 0 0
0.723806 -0.103016 0.150553 0 0 0
0.724333 -0.102099 0.150373 0 0 0
0.724657 -0.101409 0.150264 0 0 0
0.724632 -0.100039 0.150155 0 0 0
0.725618 -0.099323 0.150139 0 0 0
0.725575 -0.098215 0.150115 0 0 0
0.726554 -0.097512 0.150100 0 0 0
0.726551 -0.096146 0.149994 0 0 0
0.726900 -0.095366 0.149932 0 0 0
0.727341 -0.094528 0.149857 0 0 0
0.727883 -0.093597 0.149655 0 0 0
0.728373 -0.092628 0.149586 0 0 0
0.728870 -0.091649 0.149615 0 0 0
0.729277 -0.090744 0.149706 0 0 0
0.729761 -0.089896 0.149577 0 0 0
0.730272 -0.088924 0.149501 0 0 0
0.730750 -0.088000 0.149472 0 0 0
0.731231 -0.087092 0.149439 0 0 0
0.731730 -0.086105 0.149364 0 0 0
0.732302 -0.085237 0.149174 0 0 0
0.732750 -0.084675 0.149028 0 0 0
0.732732 -0.082872 0.148581 0 0 0
0.733031 -0.082181 0.148534 0 0 0
0.733509 -0.081237 0.148508 0 0 0
0.733984 -0.080305 0.148487 0 0 0
0.734458 -0.079376 0.148467 0 0 0
0.734932 -0.078447 0.148447 0 0 0
0.735405 -0.077518 0.148426 0 0 0
0.735879 -0.076589 0.148406 0 0 0
0.736353 -0.075660 0.148386 0 0 0
0.736827 -0.074731 0.148366 0 0 0
0.737301 -0.073802 0.148346 0 0 0
0.737775 -0.072873 0.148325 0 0 0
0.738248 -0.071944 0.148305 0 0 0
0.738722 -0.071015 0.148285 0 0 0
0.739198 -0.070083 0.148265 0 0 0
0.739689 -0.069138 0.148253 0 0 0
0.740014 -0.068518 0.148276 0 0 0
0.741533 -0.067482 0.148827 0 0 0
0.741692 -0.067076 0.148738 0 0 0
0.741459 -0.065059 0.148188 0 0 0
0.741781 -0.064364 0.148145 0 0 0
0.742019 -0.063776 0.148126 0 0 0
0.697039 -0.156696 0.151332 0 0 0
0.698267 -0.156008 0.151448 0 0 0
0.698641 -0.155294 0.151489 0 0 0
0.699116 -0.154354 0.151476 0 0 0
0.699588 -0.153429 0.151456 0 0 0
0.700058 -0.152507 0.151435 0 0 0
0.700528 -0.151585 0.151415 0 0 0
0.700998 -0.150663 0.151395 0 0 0
0.701471 -0.149736 0.151375 0 0 0
0.701941 -0.148814 0.151355 0 0 0
0.702409 -0.147897 0.151335 0 0 0
0.702882 -0.146970 0.151315 0 0 0
0.703352 -0.146048 0.151295 0 0 0
0.703824 -0.145123 0.151275 0 0 0
0.704296 -0.144197 0.151248 0 0 0
0.704636 -0.143423 0.151176 0 0 0
0.704581 -0.141987 0.150996 0 0 0
0.704896 -0.141282 0.150877 0 0 0
0.705430 -0.140374 0.150682 0 0 0
0.705948 -0.139411 0.150608 0 0 0
0.706423 -0.138491 0.150584 0 0 0
0.706895 -0.137567 0.150564 0 0 0
0.707365 -0.136643 0.150543 0 0 0
0.707841 -0.135719 0.150516 0 0 0
0.708359 -0.134754 0.150424 0 0 0
0.708737 -0.133983 0.150214 0 0 0
0.708669 -0.132680 0.149918 0 0 0
0.709082 -0.131898 0.149736 0 0 0
0.709565 -0.130835 0.149823 0 0 0
0.709969 -0.129976 0.149852 0 0 0
0.710455 -0.129044 0.149830 0 0 0
0.710930 -0.128112 0.149810 0 0 0
0.711404 -0.127183 0.149790 0 0 0
0.711886 -0.126247 0.149772 0 0 0
0.712210 -0.125575 0.149805 0 0 0
0.713570 -0.124373 0.150212 0 0 0
0.713963 -0.123721 0.150252 0 0 0
0.714437 -0.122780 0.150242 0 0 0
0.714910 -0.121853 0.150222 0 0 0
0.715381 -0.120929 0.150202 0 0 0
0.715852 -0.120004 0.150182 0 0 0
0.716319 -0.119074 0.150167 0 0 0
0.716823 -0.118119 0.150206 0 0 0
0.717173 -0.117343 0.150378 0 0 0
0.718500 -0.116328 0.150605 0 0 0
0.718818 -0.115691 0.150675 0 0 0
0.719290 -0.114670 0.150768 0 0 0
0.719850 -0.113715 0.150637 0 0 0
0.720295 -0.112861 0.150570 0 0 0
0.720756 -0.111939 0.150545 0 0 0
0.721217 -0.111005 0.150521 0 0 0
0.721684 -0.110087 0.150501 0 0 0
0.722159 -0.109185 0.150484 0 0 0
0.722642 -0.108243 0.150468 0 0 0
0.723104 -0.107333 0.150451 0 0 0
0.723574 -0.106411 0.150430 0 0 0
0.724053 -0.105470 0.150410 0 0 0
0.724519 -0.104548 0.150386 0 0 0
0.724862 -0.103806 0.150323 0 0 0
0.724851 -0.102215 0.150121 0 0 0
0.725176 -0.101544 0.150015 0 0 0
0.725725 -0.100575 0.149878 0 0 0
0.726165 -0.099621 0.149912 0 0 0
0.726662 -0.098739 0.149830 0 0 0
0.727108 -0.097784 0.149867 0 0 0
0.727589 -0.096932 0.149749 0 0 0
0.728102 -0.095959 0.149675 0 0 0
0.728583 -0.095053 0.149638 0 0 0
0.729060 -0.094135 0.149606 0 0 0
0.729531 -0.093212 0.149586 0 0 0
0.729995 -0.092272 0.149577 0 0 0
0.730459 -0.091348 0.149562 0 0 0
0.730950 -0.090427 0.149528 0 0 0
0.731427 -0.089506 0.149497 0 0 0
0.731909 -0.088553 0.149428 0 0 0
0.732451 -0.087615 0.149245 0 0 0
0.732785 -0.086962 0.149137 0 0 0
0.732797 -0.085287 0.148929 0 0 0
0.733137 -0.084662 0.148823 0 0 0
0.733675 -0.083723 0.148624 0 0 0
0.734157 -0.082751 0.148551 0 0 0
0.734636 -0.081826 0.148527 0 0 0
0.735108 -0.080900 0.148507 0 0 0
0.735581 -0.079973 0.148487 0 0 0
0.736054 -0.079046 0.148467 0 0 0
0.736526 -0.078120 0.148446 0 0 0
0.736999 -0.077193 0.148426 0 0 0
0.737472 -0.076266 0.148406 0 0 0
0.737944 -0.075340 0.148386 0 0 0
0.738417 -0.074413 0.148366 0 0 0
0.738893 -0.073486 0.148346 0 0 0
0.739378 -0.072560 0.148325 0 0 0
0.739869 -0.071644 0.148306 0 0 0
0.740350 -0.070722 0.148286 0 0 0
0.740841 -0.069778 0.148278 0 0 0
0.741187 -0.069076 0.148347 0 0 0
0.741870 -0.068048 0.148834 0 0 0
0.741820 -0.067072 0.148638 0 0 0
0.698213 -0.156826 0.151121 0 0 0
0.698605 -0.156295 0.151216 0 0 0
0.699068 -0.155522 0.151240 0 0 0
0.699546 -0.154573 0.151223 0 0 0
0.700017 -0.153649 0.151203 0 0 0
0.700488 -0.152727 0.151183 0 0 0
0.700958 -0.151805 0.151163 0 0 0
0.701428 -0.150883 0.151142 0 0 0
0.701901 -0.149956 0.151122 0 0 0
0.702369 -0.149039 0.151102 0 0 0
0.702839 -0.148117 0.151082 0 0 0
0.703312 -0.147190 0.151062 0 0 0
0.703782 -0.146268 0.151042 0 0 0
0.704252 -0.145345 0.151022 0 0 0
0.704718 -0.144410 0.151001 0 0 0
0.705158 -0.143559 0.150930 0 0 0
0.705683 -0.142661 0.150758 0 0 0
0.706202 -0.141698 0.150682 0 0 0
0.706679 -0.140785 0.150650 0 0 0
0.707147 -0.139862 0.150627 0 0 0
0.707616 -0.138940 0.150607 0 0 0
0.708087 -0.138018 0.150587 0 0 0
0.708562 -0.137098 0.150562 0 0 0
0.709073 -0.136128 0.150475 0 0 0
0.709468 -0.135373 0.150255 0 0 0
0.709390 -0.134058 0.149947 0 0 0
0.709772 -0.133292 0.149737 0 0 0
0.710295 -0.132331 0.149649 0 0 0
0.710769 -0.131402 0.149629 0 0 0
0.711238 -0.130486 0.149611 0 0 0
0.711714 -0.129555 0.149591 0 0 0
0.712185 -0.128631 0.149571 0 0 0
0.712658 -0.127703 0.149551 0 0 0
0.713131 -0.126762 0.149543 0 0 0
0.713467 -0.126137 0.149581 0 0 0
0.714801 -0.124833 0.150234 0 0 0
0.715134 -0.124211 0.150274 0 0 0
0.715610 -0.123269 0.150265 0 0 0
0.716082 -0.122343 0.150245 0 0 0
0.716552 -0.121421 0.150225 0 0 0
0.717022 -0.120499 0.150205 0 0 0
0.717493 -0.119578 0.150186 0 0 0
0.717956 -0.118652 0.150174 0 0 0
0.718453 -0.117701 0.150209 0 0 0
0.718888 -0.116699 0.150353 0 0 0
0.719215 -0.116048 0.150428 0 0 0
0.720439 -0.115135 0.150498 0 0 0
0.720369 -0.113868 0.150392 0 0 0
0.720712 -0.113083 0.150326 0 0 0
0.721122 -0.112168 0.150312 0 0 0
0.721470 -0.111180 0.150327 0 0 0
0.721960 -0.110196 0.150309 0 0 0
0.722554 -0.109327 0.150254 0 0 0
0.723062 -0.108475 0.150219 0 0 0
0.723531 -0.107550 0.150200 0 0 0
0.724004 -0.106623 0.150179 0 0 0
0.724475 -0.105699 0.150159 0 0 0
0.724941 -0.104764 0.150139 0 0 0
0.725389 -0.103927 0.150069 0 0 0
0.725924 -0.103011 0.149893 0 0 0
0.726419 -0.102057 0.149817 0 0 0
0.726917 -0.101136 0.149772 0 0 0
0.727426 -0.100172 0.149697 0 0 0
0.727891 -0.099339 0.149580 0 0 0
0.728301 -0.098431 0.149660 0 0 0
0.728794 -0.097469 0.149680 0 0 0
0.729288 -0.096492 0.149612 0 0 0
0.729822 -0.095572 0.149435 0 0 0
0.730277 -0.094742 0.149366 0 0 0
0.730687 -0.093869 0.149398 0 0 0
0.731125 -0.092889 0.149529 0 0 0
0.731642 -0.091884 0.149507 0 0 0
0.732173 -0.090959 0.149335 0 0 0
0.732619 -0.090119 0.149262 0 0 0
0.732960 -0.089375 0.149201 0 0 0
0.732974 -0.087724 0.148989 0 0 0
0.733322 -0.087071 0.148879 0 0 0
0.733785 -0.086173 0.148709 0 0 0
0.734147 -0.085092 0.148633 0 0 0
0.734783 -0.084195 0.148595 0 0 0
0.735288 -0.083350 0.148572 0 0 0
0.735758 -0.082417 0.148551 0 0 0
0.736230 -0.081492 0.148531 0 0 0
0.736701 -0.080568 0.148511 0 0 0
0.737173 -0.079644 0.148490 0 0 0
0.737644 -0.078719 0.148470 0 0 0
0.738116 -0.077795 0.148450 0 0 0
0.738589 -0.076870 0.148430 0 0 0
0.739074 -0.075946 0.148410 0 0 0
0.739565 -0.075032 0.148390 0 0 0
0.740062 -0.074110 0.148371 0 0 0
0.740416 -0.073221 0.148350 0 0 0
0.740691 -0.072159 0.148325 0 0 0
0.741137 -0.071170 0.148303 0 0 0
0.741614 -0.070225 0.148291 0 0 0
0.741875 -0.069610 0.148319 0 0 0
0.700025 -0.156448 0.151023 0 0 0
0.700361 -0.155989 0.151010 0 0 0
0.700833 -0.155042 0.150988 0 0 0
0.701298 -0.154105 0.150968 0 0 0
0.701770 -0.153179 0.150948 0 0 0
0.702240 -0.152259 0.150928 0 0 0
0.702709 -0.151339 0.150908 0 0 0
0.703178 -0.150420 0.150888 0 0 0
0.703644 -0.149506 0.150868 0 0 0
0.704113 -0.148586 0.150848 0 0 0
0.704585 -0.147661 0.150828 0 0 0
0.705054 -0.146741 0.150808 0 0 0
0.705520 -0.145827 0.150788 0 0 0
0.705989 -0.144907 0.150768 0 0 0
0.706462 -0.143982 0.150744 0 0 0
0.706933 -0.143067 0.150716 0 0 0
0.707401 -0.142145 0.150694 0 0 0
0.707869 -0.141226 0.150673 0 0 0
0.708338 -0.140306 0.150653 0 0 0
0.708807 -0.139387 0.150633 0 0 0
0.709277 -0.138465 0.150613 0 0 0
0.709754 -0.137534 0.150580 0 0 0
0.710081 -0.136757 0.150476 0 0 0
0.710089 -0.135365 0.149998 0 0 0
0.710500 -0.134695 0.149785 0 0 0
0.711011 -0.133721 0.149691 0 0 0
0.711483 -0.132795 0.149662 0 0 0
0.711952 -0.131874 0.149642 0 0 0
0.712423 -0.130952 0.149622 0 0 0
0.712893 -0.130030 0.149602 0 0 0
0.713363 -0.129107 0.149582 0 0 0
0.713837 -0.128182 0.149562 0 0 0
0.714325 -0.127241 0.149554 0 0 0
0.714673 -0.126627 0.149594 0 0 0
0.715964 -0.125307 0.150263 0 0 0
0.716303 -0.124695 0.150302 0 0 0
0.716780 -0.123755 0.150293 0 0 0
0.717251 -0.122832 0.150273 0 0 0
0.717720 -0.121912 0.150253 0 0 0
0.718189 -0.120992 0.150233 0 0 0
0.718658 -0.120073 0.150213 0 0 0
0.719128 -0.119153 0.150194 0 0 0
0.719596 -0.118233 0.150177 0 0 0
0.720054 -0.117312 0.150170 0 0 0
0.720552 -0.116348 0.150200 0 0 0
0.720957 -0.115428 0.150279 0 0 0
0.721422 -0.114585 0.150166 0 0 0
0.721941 -0.113614 0.150098 0 0 0
0.722312 -0.112987 0.150104 0 0 0
0.723851 -0.111910 0.150469 0 0 0
0.724078 -0.111438 0.150453 0 0 0
0.723988 -0.109748 0.150047 0 0 0
0.724277 -0.109047 0.149995 0 0 0
0.724752 -0.108121 0.149968 0 0 0
0.725223 -0.107199 0.149948 0 0 0
0.725692 -0.106279 0.149928 0 0 0
0.726159 -0.105359 0.149907 0 0 0
0.726627 -0.104439 0.149880 0 0 0
0.727120 -0.103522 0.149838 0 0 0
0.727608 -0.102576 0.149761 0 0 0
0.728138 -0.101647 0.149579 0 0 0
0.728468 -0.100954 0.149467 0 0 0
0.728413 -0.099615 0.149355 0 0 0
0.729579 -0.098771 0.149422 0 0 0
0.729984 -0.098040 0.149446 0 0 0
0.730333 -0.097301 0.149388 0 0 0
0.730345 -0.095691 0.149182 0 0 0
0.730693 -0.094953 0.149125 0 0 0
0.731083 -0.094235 0.149148 0 0 0
0.732410 -0.093233 0.149297 0 0 0
0.732675 -0.092707 0.149284 0 0 0
0.732695 -0.091081 0.149081 0 0 0
0.733036 -0.090335 0.149019 0 0 0
0.733493 -0.089493 0.148944 0 0 0
0.734058 -0.088553 0.148767 0 0 0
0.734461 -0.087615 0.148707 0 0 0
0.734656 -0.086900 0.148707 0 0 0
0.736272 -0.086117 0.149292 0 0 0
0.736114 -0.084588 0.148655 0 0 0
0.736410 -0.083963 0.148607 0 0 0
0.736877 -0.083012 0.148579 0 0 0
0.737348 -0.082084 0.148558 0 0 0
0.737819 -0.081162 0.148538 0 0 0
0.738289 -0.080240 0.148518 0 0 0
0.738758 -0.079318 0.148498 0 0 0
0.739240 -0.078390 0.148473 0 0 0
0.739748 -0.077481 0.148446 0 0 0
0.740106 -0.076588 0.148433 0 0 0
0.740388 -0.075532 0.148412 0 0 0
0.740847 -0.074534 0.148390 0 0 0
0.741084 -0.073977 0.148377 0 0 0
0.701056 -0.156722 0.151027 0 0 0
0.701489 -0.156272 0.151020 0 0 0
0.702043 -0.155452 0.151004 0 0 0
0.702507 -0.154511 0.150984 0 0 0
0.702975 -0.153593 0.150964 0 0 0
0.703443 -0.152675 0.150944 0 0 0
0.703911 -0.151758 0.150924 0 0 0
0.704379 -0.150841 0.150904 0 0 0
0.704847 -0.149923 0.150884 0 0 0
0.705315 -0.149006 0.150864 0 0 0
0.705783 -0.148088 0.150844 0 0 0
0.706251 -0.147171 0.150824 0 0 0
0.706719 -0.146254 0.150804 0 0 0
0.707187 -0.145336 0.150784 0 0 0
0.707655 -0.144419 0.150764 0 0 0
0.708123 -0.143501 0.150744 0 0 0
0.708590 -0.142584 0.150724 0 0 0
0.709058 -0.141667 0.150704 0 0 0
0.709526 -0.140749 0.150684 0 0 0
0.709994 -0.139832 0.150664 0 0 0
0.710464 -0.138911 0.150644 0 0 0
0.710937 -0.137975 0.150613 0 0 0
0.711257 -0.137362 0.150558 0 0 0
0.711149 -0.135682 0.149857 0 0 0
0.711697 -0.135030 0.149751 0 0 0
0.712223 -0.134208 0.149716 0 0 0
0.712673 -0.133272 0.149692 0 0 0
0.713134 -0.132342 0.149671 0 0 0
0.713601 -0.131419 0.149651 0 0 0
0.714070 -0.130499 0.149631 0 0 0
0.714541 -0.129578 0.149611 0 0 0
0.715031 -0.128650 0.149592 0 0 0
0.715437 -0.127742 0.149585 0 0 0
0.715611 -0.127037 0.149623 0 0 0
0.717169 -0.125768 0.150333 0 0 0
0.717466 -0.125176 0.150340 0 0 0
0.717947 -0.124240 0.150325 0 0 0
0.718417 -0.123319 0.150305 0 0 0
0.718885 -0.122401 0.150285 0 0 0
0.719353 -0.121484 0.150265 0 0 0
0.719821 -0.120566 0.150245 0 0 0
0.720289 -0.119649 0.150225 0 0 0
0.720757 -0.118732 0.150205 0 0 0
0.721225 -0.117815 0.150185 0 0 0
0.721692 -0.116896 0.150169 0 0 0
0.722154 -0.115980 0.150153 0 0 0
0.722629 -0.115064 0.150128 0 0 0
0.723090 -0.114141 0.150110 0 0 0
0.723590 -0.113193 0.150143 0 0 0
0.724023 -0.112178 0.150304 0 0 0
0.724387 -0.111438 0.150287 0 0 0
0.724927 -0.110519 0.150087 0 0 0
0.725430 -0.109554 0.150010 0 0 0
0.725904 -0.108640 0.149985 0 0 0
0.726372 -0.107723 0.149965 0 0 0
0.726838 -0.106806 0.149945 0 0 0
0.727311 -0.105892 0.149917 0 0 0
0.727820 -0.104933 0.149835 0 0 0
0.728340 -0.104023 0.149653 0 0 0
0.728666 -0.103362 0.149542 0 0 0
0.728657 -0.101762 0.149332 0 0 0
0.728980 -0.101094 0.149227 0 0 0
0.729520 -0.100151 0.149093 0 0 0
0.729985 -0.099127 0.149180 0 0 0
0.730401 -0.098247 0.149208 0 0 0
0.730858 -0.097412 0.149137 0 0 0
0.731395 -0.096490 0.148958 0 0 0
0.731888 -0.095544 0.148888 0 0 0
0.732370 -0.094594 0.148916 0 0 0
0.732798 -0.093594 0.149056 0 0 0
0.733193 -0.092818 0.149039 0 0 0
0.733744 -0.091893 0.148861 0 0 0
0.734227 -0.090945 0.148792 0 0 0
0.734710 -0.090020 0.148764 0 0 0
0.735112 -0.089103 0.148743 0 0 0
0.735292 -0.088396 0.148747 0 0 0
0.737006 -0.087319 0.149481 0 0 0
0.737060 -0.086904 0.149462 0 0 0
0.736983 -0.085081 0.148731 0 0 0
0.737475 -0.084460 0.148643 0 0 0
0.737994 -0.083606 0.148612 0 0 0
0.738464 -0.082674 0.148590 0 0 0
0.738936 -0.081753 0.148570 0 0 0
0.739418 -0.080834 0.148551 0 0 0
0.739922 -0.079926 0.148527 0 0 0
0.740411 -0.078960 0.148441 0 0 0
0.740792 -0.078094 0.148312 0 0 0
0.740856 -0.077496 0.148384 0 0 0
0.702905 -0.156328 0.151047 0 0 0
0.703237 -0.155864 0.151038 0 0 0
0.703707 -0.154931 0.151018 0 0 0
0.704178 -0.154002 0.150998 0 0 0
0.704644 -0.153087 0.150978 0 0 0
0.705111 -0.152172 0.150958 0 0 0
0.705578 -0.151257 0.150938 0 0 0
0.706045 -0.150342 0.150918 0 0 0
0.706511 -0.149426 0.150898 0 0 0
0.706978 -0.148511 0.150878 0 0 0
0.707445 -0.147596 0.150858 0 0 0
0.707912 -0.146681 0.150838 0 0 0
0.708378 -0.145766 0.150818 0 0 0
0.708845 -0.144851 0.150798 0 0 0
0.709312 -0.143936 0.150779 0 0 0
0.709779 -0.143021 0.150759 0 0 0
0.710245 -0.142106 0.150739 0 0 0
0.710712 -0.141191 0.150719 0 0 0
0.711179 -0.140276 0.150699 0 0 0
0.711646 -0.139360 0.150679 0 0 0
0.712114 -0.138433 0.150657 0 0 0
0.712637 -0.137598 0.150630 0 0 0
0.713094 -0.137000 0.150583 0 0 0
0.712786 -0.135171 0.149802 0 0 0
0.713139 -0.134516 0.149749 0 0 0
0.713788 -0.133633 0.149724 0 0 0
0.714309 -0.132811 0.149706 0 0 0
0.714778 -0.131884 0.149684 0 0 0
0.715256 -0.130965 0.149665 0 0 0
0.715754 -0.130046 0.149646 0 0 0
0.716155 -0.129146 0.149632 0 0 0
0.716285 -0.128457 0.149630 0 0 0
0.718085 -0.127235 0.150396 0 0 0
0.718234 -0.126558 0.150395 0 0 0
0.718637 -0.125644 0.150380 0 0 0
0.719113 -0.124720 0.150360 0 0 0
0.719580 -0.123804 0.150340 0 0 0
0.720047 -0.122889 0.150321 0 0 0
0.720514 -0.121974 0.150301 0 0 0
0.720981 -0.121059 0.150281 0 0 0
0.721447 -0.120144 0.150261 0 0 0
0.721914 -0.119229 0.150241 0 0 0
0.722381 -0.118314 0.150221 0 0 0
0.722848 -0.117399 0.150201 0 0 0
0.723314 -0.116483 0.150181 0 0 0
0.723781 -0.115568 0.150161 0 0 0
0.724248 -0.114654 0.150142 0 0 0
0.724714 -0.113738 0.150126 0 0 0
0.725168 -0.112804 0.150117 0 0 0
0.725628 -0.111914 0.150096 0 0 0
0.726116 -0.110993 0.150065 0 0 0
0.726583 -0.110078 0.150042 0 0 0
0.727048 -0.109163 0.150022 0 0 0
0.727514 -0.108248 0.150001 0 0 0
0.727988 -0.107333 0.149973 0 0 0
0.728489 -0.106384 0.149882 0 0 0
0.728879 -0.105641 0.149679 0 0 0
0.728861 -0.104140 0.149410 0 0 0
0.729184 -0.103475 0.149298 0 0 0
0.729708 -0.102563 0.149118 0 0 0
0.730203 -0.101605 0.149044 0 0 0
0.730689 -0.100691 0.149013 0 0 0
0.731141 -0.099781 0.149000 0 0 0
0.731613 -0.098848 0.148981 0 0 0
0.732089 -0.097932 0.148950 0 0 0
0.732614 -0.096982 0.148858 0 0 0
0.733087 -0.096134 0.148738 0 0 0
0.733488 -0.095255 0.148821 0 0 0
0.733953 -0.094277 0.148870 0 0 0
0.734425 -0.093337 0.148858 0 0 0
0.734898 -0.092437 0.148830 0 0 0
0.735372 -0.091514 0.148807 0 0 0
0.735865 -0.090582 0.148794 0 0 0
0.736176 -0.089985 0.148811 0 0 0
0.737646 -0.088856 0.149502 0 0 0
0.737843 -0.088099 0.149547 0 0 0
0.738275 -0.087263 0.149529 0 0 0
0.738772 -0.086663 0.149454 0 0 0
0.738793 -0.084800 0.148694 0 0 0
0.739103 -0.084204 0.148654 0 0 0
0.739579 -0.083265 0.148627 0 0 0
0.740079 -0.082338 0.148607 0 0 0
0.740448 -0.081458 0.148586 0 0 0
0.740732 -0.080398 0.148551 0 0 0
0.740968 -0.079647 0.148492 0 0 0
0.741003 -0.078280 0.148171 0 0 0
0.704168 -0.156716 0.151085 0 0 0
0.704448 -0.156285 0.151077 0 0 0
0.704910 -0.155344 0.151056 0 0 0
0.705377 -0.154409 0.151036 0 0 0
0.705843 -0.153497 0.151016 0 0 0
0.706308 -0.152584 0.150996 0 0 0
0.706774 -0.151671 0.150976 0 0 0
0.707239 -0.150758 0.150956 0 0 0
0.707705 -0.149845 0.150936 0 0 0
0.708171 -0.148933 0.150917 0 0 0
0.708636 -0.148020 0.150897 0 0 0
0.709102 -0.147107 0.150877 0 0 0
0.709567 -0.146194 0.150857 0 0 0
0.710033 -0.145282 0.150837 0 0 0
0.710498 -0.144369 0.150817 0 0 0
0.710964 -0.143456 0.150797 0 0 0
0.711429 -0.142543 0.150777 0 0 0
0.711895 -0.141631 0.150758 0 0 0
0.712361 -0.140718 0.150738 0 0 0
0.712826 -0.139805 0.150718 0 0 0
0.713290 -0.138888 0.150698 0 0 0
0.713746 -0.137958 0.150675 0 0 0
0.714256 -0.137149 0.150657 0 0 0
0.714924 -0.136282 0.150629 0 0 0
0.715308 -0.135574 0.150526 0 0 0
0.715169 -0.133894 0.149807 0 0 0
0.715479 -0.133288 0.149753 0 0 0
0.715956 -0.132346 0.149722 0 0 0
0.716357 -0.131444 0.149703 0 0 0
0.716658 -0.130426 0.149681 0 0 0
0.716913 -0.129753 0.149683 0 0 0
0.718776 -0.128604 0.150456 0 0 0
0.718913 -0.127933 0.150453 0 0 0
0.719320 -0.127036 0.150439 0 0 0
0.719807 -0.126114 0.150420 0 0 0
0.720275 -0.125200 0.150400 0 0 0
0.720741 -0.124288 0.150380 0 0 0
0.721206 -0.123375 0.150360 0 0 0
0.721670 -0.122462 0.150340 0 0 0
0.722137 -0.121549 0.150320 0 0 0
0.722602 -0.120637 0.150300 0 0 0
0.723067 -0.119724 0.150281 0 0 0
0.723532 -0.118810 0.150261 0 0 0
0.723999 -0.117898 0.150241 0 0 0
0.724464 -0.116986 0.150221 0 0 0
0.724931 -0.116072 0.150201 0 0 0
0.725397 -0.115160 0.150182 0 0 0
0.725862 -0.114248 0.150162 0 0 0
0.726329 -0.113335 0.150142 0 0 0
0.726794 -0.112423 0.150122 0 0 0
0.727259 -0.111509 0.150102 0 0 0
0.727724 -0.110596 0.150082 0 0 0
0.728190 -0.109684 0.150062 0 0 0
0.728662 -0.108772 0.150037 0 0 0
0.729153 -0.107816 0.149952 0 0 0
0.729548 -0.107074 0.149737 0 0 0
0.729526 -0.105680 0.149409 0 0 0
0.729913 -0.104928 0.149207 0 0 0
0.730397 -0.103984 0.149123 0 0 0
0.730887 -0.103065 0.149088 0 0 0
0.731354 -0.102150 0.149065 0 0 0
0.731817 -0.101235 0.149044 0 0 0
0.732285 -0.100321 0.149021 0 0 0
0.732776 -0.099402 0.148985 0 0 0
0.733254 -0.098460 0.148903 0 0 0
0.733651 -0.097683 0.148698 0 0 0
0.733612 -0.096423 0.148526 0 0 0
0.734686 -0.095657 0.148657 0 0 0
0.735076 -0.094875 0.148829 0 0 0
0.735558 -0.093919 0.148876 0 0 0
0.736019 -0.092998 0.148865 0 0 0
0.736492 -0.092076 0.148846 0 0 0
0.736872 -0.091154 0.148839 0 0 0
0.737084 -0.090420 0.148886 0 0 0
0.738579 -0.089308 0.149562 0 0 0
0.738881 -0.088706 0.149580 0 0 0
0.739380 -0.087761 0.149552 0 0 0
0.739707 -0.087124 0.149473 0 0 0
0.739919 -0.085437 0.148777 0 0 0
0.740250 -0.084797 0.148701 0 0 0
0.740750 -0.083861 0.148668 0 0 0
0.741103 -0.082954 0.148646 0 0 0
0.741179 -0.082282 0.148626 0 0 0
0.705126 -0.156999 0.151117 0 0 0
0.705559 -0.156560 0.151113 0 0 0
0.706113 -0.155750 0.151099 0 0 0
0.706573 -0.154823 0.151078 0 0 0
0.707038 -0.153905 0.151058 0 0 0
0.707503 -0.152994 0.151038 0 0 0
0.707967 -0.152084 0.151018 0 0 0
0.708431 -0.151173 0.150999 0 0 0
0.708896 -0.150263 0.150979 0 0 0
0.709360 -0.149352 0.150959 0 0 0
0.709824 -0.148442 0.150939 0 0 0
0.710289 -0.147532 0.150919 0 0 0
0.710753 -0.146621 0.150899 0 0 0
0.711218 -0.145711 0.150880 0 0 0
0.711682 -0.144800 0.150860 0 0 0
0.712146 -0.143890 0.150840 0 0 0
0.712611 -0.142979 0.150820 0 0 0
0.713075 -0.142069 0.150800 0 0 0
0.713540 -0.141158 0.150781 0 0 0
0.714004 -0.140248 0.150761 0 0 0
0.714467 -0.139338 0.150741 0 0 0
0.714929 -0.138422 0.150721 0 0 0
0.715385 -0.137499 0.150699 0 0 0
0.715839 -0.136568 0.150659 0 0 0
0.716209 -0.135931 0.150560 0 0 0
0.716278 -0.134400 0.149896 0 0 0
0.716643 -0.133734 0.149799 0 0 0
0.717131 -0.132798 0.149768 0 0 0
0.717428 -0.132208 0.149774 0 0 0
0.719064 -0.131012 0.150463 0 0 0
0.719360 -0.130331 0.150508 0 0 0
0.719629 -0.129308 0.150501 0 0 0
0.720031 -0.128420 0.150484 0 0 0
0.720516 -0.127503 0.150465 0 0 0
0.720976 -0.126609 0.150449 0 0 0
0.721435 -0.125681 0.150439 0 0 0
0.721895 -0.124770 0.150423 0 0 0
0.722359 -0.123859 0.150400 0 0 0
0.722841 -0.122944 0.150371 0 0 0
0.723308 -0.122034 0.150347 0 0 0
0.723761 -0.121144 0.150327 0 0 0
0.724226 -0.120234 0.150307 0 0 0
0.724700 -0.119302 0.150286 0 0 0
0.725166 -0.118391 0.150267 0 0 0
0.725619 -0.117505 0.150251 0 0 0
0.726078 -0.116575 0.150241 0 0 0
0.726542 -0.115665 0.150225 0 0 0
0.727007 -0.114755 0.150206 0 0 0
0.727471 -0.113845 0.150186 0 0 0
0.727936 -0.112934 0.150166 0 0 0
0.728400 -0.112024 0.150147 0 0 0
0.728864 -0.111113 0.150127 0 0 0
0.729330 -0.110200 0.150107 0 0 0
0.729801 -0.109281 0.150074 0 0 0
0.730112 -0.108542 0.149982 0 0 0
0.730169 -0.107046 0.149477 0 0 0
0.730581 -0.106382 0.149269 0 0 0
0.731080 -0.105427 0.149176 0 0 0
0.731553 -0.104514 0.149148 0 0 0
0.732017 -0.103601 0.149127 0 0 0
0.732481 -0.102689 0.149107 0 0 0
0.732953 -0.101780 0.149079 0 0 0
0.733461 -0.100828 0.148995 0 0 0
0.733980 -0.099920 0.148812 0 0 0
0.734299 -0.099265 0.148702 0 0 0
0.734290 -0.097733 0.148434 0 0 0
0.734702 -0.096959 0.148287 0 0 0
0.735096 -0.096163 0.148398 0 0 0
0.736291 -0.095277 0.148683 0 0 0
0.736662 -0.094521 0.148851 0 0 0
0.737144 -0.093564 0.148899 0 0 0
0.737614 -0.092635 0.148894 0 0 0
0.737991 -0.092001 0.148912 0 0 0
0.739446 -0.090962 0.149304 0 0 0
0.739683 -0.090212 0.149370 0 0 0
0.740086 -0.089293 0.149364 0 0 0
0.740552 -0.088352 0.149330 0 0 0
0.740787 -0.087808 0.149300 0 0 0
0.740725 -0.085939 0.148824 0 0 0
0.741033 -0.085205 0.148733 0 0 0
0.741515 -0.084262 0.148698 0 0 0
0.741747 -0.083702 0.148684 0 0 0
0.706990 -0.156624 0.151153 0 0 0
0.707312 -0.156173 0.151145 0 0 0
0.707765 -0.155240 0.151124 0 0 0
0.708230 -0.154311 0.151104 0 0 0
0.708694 -0.153403 0.151084 0 0 0
0.709157 -0.152495 0.151065 0 0 0
0.709620 -0.151587 0.151045 0 0 0
0.710083 -0.150679 0.151025 0 0 0
0.710547 -0.149771 0.151005 0 0 0
0.711010 -0.148863 0.150986 0 0 0
0.711473 -0.147954 0.150966 0 0 0
0.711936 -0.147046 0.150946 0 0 0
0.712399 -0.146138 0.150926 0 0 0
0.712863 -0.145230 0.150907 0 0 0
0.713326 -0.144322 0.150887 0 0 0
0.713789 -0.143414 0.150867 0 0 0
0.714252 -0.142506 0.150847 0 0 0
0.714714 -0.141598 0.150827 0 0 0
0.715177 -0.140686 0.150804 0 0 0
0.715647 -0.139795 0.150775 0 0 0
0.716111 -0.138889 0.150750 0 0 0
0.716592 -0.137959 0.150724 0 0 0
0.717084 -0.137017 0.150638 0 0 0
0.717493 -0.136355 0.150428 0 0 0
0.717494 -0.134958 0.149946 0 0 0
0.717816 -0.134186 0.149842 0 0 0
0.718286 -0.133255 0.149819 0 0 0
0.718684 -0.132612 0.149863 0 0 0
0.719988 -0.131394 0.150282 0 0 0
0.720305 -0.130747 0.150314 0 0 0
0.720793 -0.129847 0.150292 0 0 0
0.721266 -0.128936 0.150269 0 0 0
0.721753 -0.128002 0.150249 0 0 0
0.722142 -0.127169 0.150284 0 0 0
0.722568 -0.126194 0.150419 0 0 0
0.723073 -0.125272 0.150442 0 0 0
0.723563 -0.124322 0.150376 0 0 0
0.724085 -0.123410 0.150203 0 0 0
0.724522 -0.122576 0.150132 0 0 0
0.724979 -0.121660 0.150111 0 0 0
0.725436 -0.120763 0.150092 0 0 0
0.725903 -0.119849 0.150071 0 0 0
0.726386 -0.118919 0.150052 0 0 0
0.726772 -0.118101 0.150086 0 0 0
0.727214 -0.117103 0.150226 0 0 0
0.727691 -0.116174 0.150264 0 0 0
0.728148 -0.115261 0.150254 0 0 0
0.728611 -0.114353 0.150234 0 0 0
0.729074 -0.113445 0.150215 0 0 0
0.729538 -0.112536 0.150195 0 0 0
0.730001 -0.111629 0.150175 0 0 0
0.730466 -0.110717 0.150155 0 0 0
0.730938 -0.109797 0.150121 0 0 0
0.731275 -0.109159 0.150037 0 0 0
0.731392 -0.107519 0.149344 0 0 0
0.731744 -0.106888 0.149253 0 0 0
0.732217 -0.105960 0.149215 0 0 0
0.732681 -0.105047 0.149194 0 0 0
0.733146 -0.104136 0.149174 0 0 0
0.733619 -0.103227 0.149150 0 0 0
0.734107 -0.102266 0.149061 0 0 0
0.734499 -0.101514 0.148837 0 0 0
0.734530 -0.100060 0.148566 0 0 0
0.734851 -0.099394 0.148457 0 0 0
0.735365 -0.098490 0.148282 0 0 0
0.735844 -0.097521 0.148211 0 0 0
0.736323 -0.096562 0.148250 0 0 0
0.736695 -0.095800 0.148418 0 0 0
0.737871 -0.094930 0.148708 0 0 0
0.738235 -0.094166 0.148888 0 0 0
0.738719 -0.093212 0.148936 0 0 0
0.739215 -0.092260 0.148973 0 0 0
0.739663 -0.091297 0.149121 0 0 0
0.740076 -0.090454 0.149149 0 0 0
0.740464 -0.089567 0.149139 0 0 0
0.740783 -0.088515 0.149159 0 0 0
0.741001 -0.087957 0.149152 0 0 0
0.707985 -0.156884 0.151189 0 0 0
0.708420 -0.156451 0.151177 0 0 0
0.708968 -0.155661 0.151158 0 0 0
0.709422 -0.154718 0.151149 0 0 0
0.709882 -0.153810 0.151134 0 0 0
0.710344 -0.152905 0.151115 0 0 0
0.710806 -0.151999 0.151095 0 0 0
0.711268 -0.151093 0.151076 0 0 0
0.711729 -0.150187 0.151056 0 0 0
0.712193 -0.149281 0.151036 0 0 0
0.712654 -0.148376 0.151016 0 0 0
0.713116 -0.147470 0.150997 0 0 0
0.713578 -0.146564 0.150977 0 0 0
0.714040 -0.145658 0.150957 0 0 0
0.714503 -0.144752 0.150938 0 0 0
0.714965 -0.143847 0.150918 0 0 0
0.715425 -0.142942 0.150898 0 0 0
0.715890 -0.142040 0.150870 0 0 0
0.716413 -0.141089 0.150786 0 0 0
0.716915 -0.140216 0.150613 0 0 0
0.717350 -0.139375 0.150539 0 0 0
0.717807 -0.138444 0.150512 0 0 0
0.718135 -0.137688 0.150440 0 0 0
0.718089 -0.136336 0.150188 0 0 0
0.718478 -0.135591 0.149970 0 0 0
0.718980 -0.134636 0.149883 0 0 0
0.719442 -0.133725 0.149863 0 0 0
0.719940 -0.132802 0.149896 0 0 0
0.720359 -0.131805 0.150046 0 0 0
0.720743 -0.130975 0.150081 0 0 0
0.721224 -0.130061 0.150059 0 0 0
0.721692 -0.129145 0.150039 0 0 0
0.722165 -0.128227 0.150021 0 0 0
0.722528 -0.127545 0.150048 0 0 0
0.723907 -0.126459 0.150213 0 0 0
0.724268 -0.125770 0.150234 0 0 0
0.724609 -0.125025 0.150170 0 0 0
0.724600 -0.123542 0.149973 0 0 0
0.724935 -0.122796 0.149905 0 0 0
0.725393 -0.121889 0.149881 0 0 0
0.725856 -0.120980 0.149862 0 0 0
0.726324 -0.120064 0.149841 0 0 0
0.726797 -0.119146 0.149824 0 0 0
0.727169 -0.118462 0.149852 0 0 0
0.728454 -0.117461 0.150084 0 0 0
0.728807 -0.116711 0.150247 0 0 0
0.729291 -0.115773 0.150292 0 0 0
0.729772 -0.114855 0.150271 0 0 0
0.730223 -0.113977 0.150252 0 0 0
0.730673 -0.113049 0.150243 0 0 0
0.731135 -0.112142 0.150227 0 0 0
0.731598 -0.111234 0.150207 0 0 0
0.732068 -0.110312 0.150169 0 0 0
0.732418 -0.109686 0.150078 0 0 0
0.732534 -0.108048 0.149384 0 0 0
0.732872 -0.107410 0.149300 0 0 0
0.733344 -0.106489 0.149265 0 0 0
0.733809 -0.105578 0.149245 0 0 0
0.734274 -0.104666 0.149225 0 0 0
0.734738 -0.103745 0.149198 0 0 0
0.735017 -0.103064 0.149148 0 0 0
0.734896 -0.101425 0.148632 0 0 0
0.735254 -0.100695 0.148402 0 0 0
0.735720 -0.099746 0.148302 0 0 0
0.736282 -0.098829 0.148259 0 0 0
0.736964 -0.098000 0.148245 0 0 0
0.737467 -0.097184 0.148235 0 0 0
0.737949 -0.096219 0.148281 0 0 0
0.738238 -0.095492 0.148448 0 0 0
0.739463 -0.094473 0.148924 0 0 0
0.739892 -0.093805 0.148980 0 0 0
0.740241 -0.092914 0.148973 0 0 0
0.740483 -0.091848 0.148962 0 0 0
0.740922 -0.090863 0.148946 0 0 0
0.741152 -0.090311 0.148938 0 0 0
0.709936 -0.156579 0.150964 0 0 0
0.710150 -0.156169 0.150990 0 0 0
0.710572 -0.155152 0.151138 0 0 0
0.711077 -0.154220 0.151177 0 0 0
0.711528 -0.153312 0.151168 0 0 0
0.711988 -0.152410 0.151149 0 0 0
0.712449 -0.151506 0.151127 0 0 0
0.712936 -0.150600 0.151099 0 0 0
0.713379 -0.149702 0.151085 0 0 0
0.713833 -0.148796 0.151070 0 0 0
0.714294 -0.147892 0.151051 0 0 0
0.714755 -0.146988 0.151032 0 0 0
0.715215 -0.146085 0.151012 0 0 0
0.715676 -0.145181 0.150992 0 0 0
0.716136 -0.144278 0.150972 0 0 0
0.716603 -0.143375 0.150944 0 0 0
0.717116 -0.142437 0.150850 0 0 0
0.717488 -0.141690 0.150640 0 0 0
0.717436 -0.140345 0.150389 0 0 0
0.717766 -0.139588 0.150316 0 0 0
0.718223 -0.138657 0.150289 0 0 0
0.718660 -0.137818 0.150215 0 0 0
0.719163 -0.136944 0.150043 0 0 0
0.719684 -0.135994 0.149959 0 0 0
0.720150 -0.135092 0.149931 0 0 0
0.720611 -0.134187 0.149912 0 0 0
0.721071 -0.133279 0.149896 0 0 0
0.721515 -0.132381 0.149887 0 0 0
0.721991 -0.131452 0.149870 0 0 0
0.722441 -0.130572 0.149851 0 0 0
0.722912 -0.129649 0.149831 0 0 0
0.723366 -0.128742 0.149817 0 0 0
0.723867 -0.127811 0.149845 0 0 0
0.724290 -0.126838 0.149980 0 0 0
0.724672 -0.125992 0.150014 0 0 0
0.725131 -0.125141 0.149941 0 0 0
0.725638 -0.124262 0.149771 0 0 0
0.726144 -0.123297 0.149698 0 0 0
0.726611 -0.122396 0.149673 0 0 0
0.727060 -0.121514 0.149654 0 0 0
0.727531 -0.120590 0.149634 0 0 0
0.727991 -0.119672 0.149620 0 0 0
0.728483 -0.118752 0.149657 0 0 0
0.728842 -0.117996 0.149819 0 0 0
0.730056 -0.117058 0.150113 0 0 0
0.730450 -0.116272 0.150225 0 0 0
0.730989 -0.115332 0.150099 0 0 0
0.731351 -0.114581 0.150087 0 0 0
0.731785 -0.113612 0.150232 0 0 0
0.732274 -0.112659 0.150274 0 0 0
0.732734 -0.111751 0.150254 0 0 0
0.733230 -0.110808 0.150160 0 0 0
0.733635 -0.110156 0.149954 0 0 0
0.733692 -0.108665 0.149446 0 0 0
0.734001 -0.107929 0.149353 0 0 0
0.734470 -0.107016 0.149320 0 0 0
0.734933 -0.106107 0.149300 0 0 0
0.735395 -0.105201 0.149280 0 0 0
0.735859 -0.104289 0.149260 0 0 0
0.736365 -0.103468 0.149243 0 0 0
0.737005 -0.102633 0.149231 0 0 0
0.737531 -0.101712 0.149212 0 0 0
0.737990 -0.100796 0.149185 0 0 0
0.738294 -0.100193 0.149146 0 0 0
0.737951 -0.098191 0.148311 0 0 0
0.738258 -0.097582 0.148273 0 0 0
0.738723 -0.096639 0.148267 0 0 0
0.739059 -0.095982 0.148338 0 0 0
0.740346 -0.094790 0.148998 0 0 0
0.740652 -0.094179 0.149020 0 0 0
0.740884 -0.093621 0.149014 0 0 0
0.710384 -0.156767 0.150738 0 0 0
0.710548 -0.156525 0.150755 0 0 0
0.711882 -0.155402 0.151007 0 0 0
0.712218 -0.154644 0.151166 0 0 0
0.712734 -0.153729 0.151205 0 0 0
0.713178 -0.152825 0.151198 0 0 0
0.713708 -0.151861 0.151119 0 0 0
0.714122 -0.151072 0.150994 0 0 0
0.714506 -0.150157 0.151086 0 0 0
0.715016 -0.149217 0.151125 0 0 0
0.715468 -0.148312 0.151110 0 0 0
0.715928 -0.147411 0.151091 0 0 0
0.716387 -0.146510 0.151071 0 0 0
0.716847 -0.145609 0.151051 0 0 0
0.717311 -0.144710 0.151026 0 0 0
0.717811 -0.143759 0.150937 0 0 0
0.718191 -0.143020 0.150716 0 0 0
0.718119 -0.141754 0.150402 0 0 0
0.718487 -0.141000 0.150195 0 0 0
0.718980 -0.140070 0.150111 0 0 0
0.719459 -0.139145 0.150085 0 0 0
0.719920 -0.138243 0.150060 0 0 0
0.720388 -0.137357 0.150031 0 0 0
0.720849 -0.136450 0.150008 0 0 0
0.721308 -0.135547 0.149988 0 0 0
0.721769 -0.134643 0.149969 0 0 0
0.722229 -0.133740 0.149949 0 0 0
0.722692 -0.132838 0.149930 0 0 0
0.723153 -0.131933 0.149910 0 0 0
0.723613 -0.131031 0.149890 0 0 0
0.724073 -0.130126 0.149870 0 0 0
0.724535 -0.129222 0.149851 0 0 0
0.724994 -0.128316 0.149836 0 0 0
0.725436 -0.127417 0.149826 0 0 0
0.725898 -0.126518 0.149810 0 0 0
0.726372 -0.125591 0.149785 0 0 0
0.726838 -0.124707 0.149756 0 0 0
0.727299 -0.123802 0.149733 0 0 0
0.727759 -0.122894 0.149709 0 0 0
0.728229 -0.122010 0.149680 0 0 0
0.728693 -0.121107 0.149656 0 0 0
0.729152 -0.120204 0.149640 0 0 0
0.729598 -0.119277 0.149640 0 0 0
0.730078 -0.118342 0.149692 0 0 0
0.730463 -0.117567 0.149863 0 0 0
0.731475 -0.116819 0.150045 0 0 0
0.731304 -0.115395 0.149946 0 0 0
0.731552 -0.114833 0.149930 0 0 0
0.733063 -0.113884 0.150147 0 0 0
0.733391 -0.113225 0.150260 0 0 0
0.733889 -0.112237 0.150243 0 0 0
0.734272 -0.111484 0.150037 0 0 0
0.734251 -0.110128 0.149705 0 0 0
0.734640 -0.109387 0.149490 0 0 0
0.735126 -0.108440 0.149404 0 0 0
0.735594 -0.107538 0.149379 0 0 0
0.736055 -0.106635 0.149359 0 0 0
0.736515 -0.105731 0.149339 0 0 0
0.736975 -0.104825 0.149320 0 0 0
0.737428 -0.103912 0.149299 0 0 0
0.737871 -0.103000 0.149278 0 0 0
0.738321 -0.102095 0.149258 0 0 0
0.738780 -0.101182 0.149236 0 0 0
0.739298 -0.100379 0.149220 0 0 0
0.739992 -0.099560 0.149214 0 0 0
0.740545 -0.098637 0.149197 0 0 0
0.740874 -0.097782 0.149174 0 0 0
0.740959 -0.097148 0.149149 0 0 0
0.711344 -0.157061 0.150546 0 0 0
0.711841 -0.156624 0.150582 0 0 0
0.712266 -0.155972 0.150730 0 0 0
0.713617 -0.154838 0.150982 0 0 0
0.713885 -0.154237 0.151056 0 0 0
0.714308 -0.153220 0.151201 0 0 0
0.714619 -0.152475 0.151176 0 0 0
0.714361 -0.151237 0.150894 0 0 0
0.715843 -0.150255 0.151163 0 0 0
0.716189 -0.149650 0.151173 0 0 0
0.716640 -0.148737 0.151167 0 0 0
0.717098 -0.147833 0.151153 0 0 0
0.717555 -0.146934 0.151133 0 0 0
0.718014 -0.146031 0.151110 0 0 0
0.718490 -0.145134 0.151067 0 0 0
0.718812 -0.144380 0.150958 0 0 0
0.718777 -0.142999 0.150490 0 0 0
0.719188 -0.142345 0.150274 0 0 0
0.719702 -0.141406 0.150177 0 0 0
0.720169 -0.140506 0.150149 0 0 0
0.720628 -0.139604 0.150129 0 0 0
0.721086 -0.138702 0.150109 0 0 0
0.721545 -0.137801 0.150089 0 0 0
0.722004 -0.136900 0.150069 0 0 0
0.722464 -0.135999 0.150050 0 0 0
0.722924 -0.135098 0.150030 0 0 0
0.723383 -0.134197 0.150011 0 0 0
0.723843 -0.133295 0.149991 0 0 0
0.724301 -0.132395 0.149971 0 0 0
0.724759 -0.131493 0.149948 0 0 0
0.725240 -0.130586 0.149918 0 0 0
0.725701 -0.129689 0.149897 0 0 0
0.726141 -0.128793 0.149884 0 0 0
0.726620 -0.127884 0.149862 0 0 0
0.727061 -0.126991 0.149849 0 0 0
0.727519 -0.126085 0.149829 0 0 0
0.727995 -0.125184 0.149800 0 0 0
0.728452 -0.124307 0.149771 0 0 0
0.728953 -0.123346 0.149696 0 0 0
0.729462 -0.122453 0.149526 0 0 0
0.729900 -0.121641 0.149455 0 0 0
0.730296 -0.120778 0.149489 0 0 0
0.730721 -0.119820 0.149626 0 0 0
0.731201 -0.118872 0.149677 0 0 0
0.731670 -0.117916 0.149737 0 0 0
0.731988 -0.117257 0.149855 0 0 0
0.733499 -0.116302 0.150073 0 0 0
0.733743 -0.115748 0.150057 0 0 0
0.733580 -0.114325 0.149957 0 0 0
0.734588 -0.113571 0.150133 0 0 0
0.734831 -0.112984 0.150208 0 0 0
0.734883 -0.111458 0.149792 0 0 0
0.735290 -0.110802 0.149586 0 0 0
0.735787 -0.109865 0.149491 0 0 0
0.736255 -0.108963 0.149462 0 0 0
0.736714 -0.108062 0.149442 0 0 0
0.737173 -0.107161 0.149422 0 0 0
0.737633 -0.106260 0.149403 0 0 0
0.738093 -0.105359 0.149383 0 0 0
0.738552 -0.104457 0.149363 0 0 0
0.739015 -0.103556 0.149344 0 0 0
0.739487 -0.102654 0.149325 0 0 0
0.739985 -0.101753 0.149307 0 0 0
0.740334 -0.100888 0.149284 0 0 0
0.740571 -0.099839 0.149249 0 0 0
0.741002 -0.098856 0.149225 0 0 0
0.741222 -0.098296 0.149210 0 0 0
0.713206 -0.156704 0.150576 0 0 0
0.713567 -0.156255 0.150611 0 0 0
0.713998 -0.155227 0.150755 0 0 0
0.714221 -0.154631 0.150838 0 0 0
0.715619 -0.153368 0.151242 0 0 0
0.716100 -0.152819 0.151228 0 0 0
0.716701 -0.151882 0.151041 0 0 0
0.717029 -0.150974 0.150990 0 0 0
0.717343 -0.150168 0.151029 0 0 0
0.717771 -0.149159 0.151179 0 0 0
0.718272 -0.148257 0.151214 0 0 0
0.718726 -0.147357 0.151191 0 0 0
0.719240 -0.146430 0.151108 0 0 0
0.719740 -0.145541 0.150925 0 0 0
0.720079 -0.144948 0.150791 0 0 0
0.720070 -0.143501 0.150381 0 0 0
0.720404 -0.142754 0.150271 0 0 0
0.720867 -0.141845 0.150234 0 0 0
0.721325 -0.140944 0.150213 0 0 0
0.721784 -0.140045 0.150194 0 0 0
0.722242 -0.139146 0.150174 0 0 0
0.722701 -0.138247 0.150154 0 0 0
0.723159 -0.137348 0.150135 0 0 0
0.723618 -0.136449 0.150115 0 0 0
0.724076 -0.135551 0.150096 0 0 0
0.724535 -0.134652 0.150076 0 0 0
0.724992 -0.133754 0.150056 0 0 0
0.725455 -0.132859 0.150028 0 0 0
0.725970 -0.131919 0.149943 0 0 0
0.726486 -0.131028 0.149768 0 0 0
0.726849 -0.130273 0.149747 0 0 0
0.727329 -0.129248 0.149827 0 0 0
0.727792 -0.128420 0.149765 0 0 0
0.728191 -0.127517 0.149840 0 0 0
0.728716 -0.126543 0.149817 0 0 0
0.729218 -0.125644 0.149651 0 0 0
0.729650 -0.124811 0.149574 0 0 0
0.729979 -0.124065 0.149505 0 0 0
0.729977 -0.122580 0.149304 0 0 0
0.730314 -0.121845 0.149240 0 0 0
0.730687 -0.121155 0.149262 0 0 0
0.731958 -0.120154 0.149500 0 0 0
0.732314 -0.119409 0.149664 0 0 0
0.732786 -0.118474 0.149723 0 0 0
0.733258 -0.117535 0.149776 0 0 0
0.733699 -0.116553 0.149922 0 0 0
0.734057 -0.115810 0.149908 0 0 0
0.734593 -0.114873 0.149785 0 0 0
0.734997 -0.114066 0.149902 0 0 0
0.736136 -0.113356 0.150007 0 0 0
0.736125 -0.112033 0.149690 0 0 0
0.736448 -0.111293 0.149586 0 0 0
0.736913 -0.110385 0.149549 0 0 0
0.737371 -0.109483 0.149528 0 0 0
0.737829 -0.108584 0.149509 0 0 0
0.738287 -0.107685 0.149489 0 0 0
0.738750 -0.106785 0.149470 0 0 0
0.739221 -0.105887 0.149451 0 0 0
0.739700 -0.104997 0.149432 0 0 0
0.740186 -0.104101 0.149414 0 0 0
0.740537 -0.103240 0.149392 0 0 0
0.740790 -0.102188 0.149357 0 0 0
0.740983 -0.101580 0.149339 0 0 0
0.714196 -0.156959 0.150610 0 0 0
0.714619 -0.156528 0.150614 0 0 0
0.715154 -0.155731 0.150622 0 0 0
0.715542 -0.155108 0.150659 0 0 0
0.716896 -0.153820 0.151061 0 0 0
0.717074 -0.153307 0.151043 0 0 0
0.717067 -0.151975 0.150866 0 0 0
0.717391 -0.151208 0.150793 0 0 0
0.717689 -0.150555 0.150815 0 0 0
0.719061 -0.149300 0.151222 0 0 0
0.719450 -0.148691 0.151255 0 0 0
0.719944 -0.147749 0.151180 0 0 0
0.720310 -0.147004 0.150975 0 0 0
0.720250 -0.145665 0.150720 0 0 0
0.720550 -0.144991 0.150595 0 0 0
0.721062 -0.144109 0.150403 0 0 0
0.721563 -0.143169 0.150326 0 0 0
0.722026 -0.142277 0.150302 0 0 0
0.722493 -0.141380 0.150283 0 0 0
0.722967 -0.140492 0.150265 0 0 0
0.723425 -0.139604 0.150246 0 0 0
0.723865 -0.138707 0.150225 0 0 0
0.724313 -0.137800 0.150205 0 0 0
0.724768 -0.136898 0.150185 0 0 0
0.725226 -0.136002 0.150165 0 0 0
0.725683 -0.135106 0.150146 0 0 0
0.726147 -0.134210 0.150121 0 0 0
0.726638 -0.133268 0.150032 0 0 0
0.727022 -0.132534 0.149815 0 0 0
0.726993 -0.131173 0.149557 0 0 0
0.727246 -0.130623 0.149534 0 0 0
0.728428 -0.129658 0.149600 0 0 0
0.728302 -0.128731 0.149582 0 0 0
0.729478 -0.127769 0.149650 0 0 0
0.729738 -0.127236 0.149628 0 0 0
0.729736 -0.125769 0.149432 0 0 0
0.730063 -0.125019 0.149362 0 0 0
0.730495 -0.124186 0.149286 0 0 0
0.731006 -0.123291 0.149115 0 0 0
0.731494 -0.122343 0.149049 0 0 0
0.731988 -0.121436 0.149082 0 0 0
0.732351 -0.120686 0.149244 0 0 0
0.733534 -0.119753 0.149549 0 0 0
0.733886 -0.119003 0.149724 0 0 0
0.734376 -0.118078 0.149774 0 0 0
0.734815 -0.117153 0.149772 0 0 0
0.735273 -0.116261 0.149752 0 0 0
0.735737 -0.115378 0.149731 0 0 0
0.736205 -0.114430 0.149771 0 0 0
0.736610 -0.113543 0.149846 0 0 0
0.737067 -0.112735 0.149722 0 0 0
0.737564 -0.111791 0.149643 0 0 0
0.738028 -0.110898 0.149614 0 0 0
0.738513 -0.109997 0.149583 0 0 0
0.738971 -0.109123 0.149558 0 0 0
0.739438 -0.108223 0.149542 0 0 0
0.739915 -0.107315 0.149537 0 0 0
0.740268 -0.106465 0.149520 0 0 0
0.740514 -0.105431 0.149486 0 0 0
0.740945 -0.104445 0.149461 0 0 0
0.741164 -0.103909 0.149447 0 0 0
0.716006 -0.156590 0.150674 0 0 0
0.716327 -0.156149 0.150674 0 0 0
0.716830 -0.155227 0.150709 0 0 0
0.717242 -0.154214 0.150855 0 0 0
0.717575 -0.153466 0.150840 0 0 0
0.718100 -0.152556 0.150669 0 0 0
0.718600 -0.151631 0.150606 0 0 0
0.718990 -0.151023 0.150638 0 0 0
0.720351 -0.149772 0.151047 0 0 0
0.720649 -0.149124 0.151073 0 0 0
0.720979 -0.148379 0.151001 0 0 0
0.720930 -0.147063 0.150749 0 0 0
0.721296 -0.146319 0.150543 0 0 0
0.721785 -0.145399 0.150454 0 0 0
0.722269 -0.144499 0.150418 0 0 0
0.722725 -0.143605 0.150395 0 0 0
0.723185 -0.142706 0.150376 0 0 0
0.723569 -0.141832 0.150355 0 0 0
0.723842 -0.140858 0.150323 0 0 0
0.724309 -0.139871 0.150301 0 0 0
0.724942 -0.139037 0.150293 0 0 0
0.725457 -0.138245 0.150279 0 0 0
0.725916 -0.137346 0.150258 0 0 0
0.726372 -0.136452 0.150239 0 0 0
0.726828 -0.135555 0.150219 0 0 0
0.727289 -0.134653 0.150185 0 0 0
0.727598 -0.133908 0.150081 0 0 0
0.727616 -0.132509 0.149585 0 0 0
0.728011 -0.131857 0.149384 0 0 0
0.728535 -0.130876 0.149347 0 0 0
0.728932 -0.129977 0.149419 0 0 0
0.729389 -0.129154 0.149360 0 0 0
0.729875 -0.128117 0.149440 0 0 0
0.730245 -0.127359 0.149417 0 0 0
0.730764 -0.126463 0.149246 0 0 0
0.731244 -0.125546 0.149170 0 0 0
0.731731 -0.124648 0.149133 0 0 0
0.732189 -0.123755 0.149110 0 0 0
0.732645 -0.122855 0.149092 0 0 0
0.733095 -0.121950 0.149083 0 0 0
0.733577 -0.121021 0.149134 0 0 0
0.733868 -0.120301 0.149302 0 0 0
0.735114 -0.119226 0.149776 0 0 0
0.735496 -0.118585 0.149832 0 0 0
0.735948 -0.117676 0.149829 0 0 0
0.736407 -0.116778 0.149811 0 0 0
0.736861 -0.115884 0.149792 0 0 0
0.737317 -0.114987 0.149776 0 0 0
0.737753 -0.114099 0.149763 0 0 0
0.738232 -0.113199 0.149732 0 0 0
0.738725 -0.112326 0.149690 0 0 0
0.739200 -0.111403 0.149610 0 0 0
0.739689 -0.110469 0.149430 0 0 0
0.740126 -0.109652 0.149354 0 0 0
0.740447 -0.108852 0.149387 0 0 0
0.740699 -0.107781 0.149541 0 0 0
0.740903 -0.107126 0.149571 0 0 0
0.717245 -0.156973 0.150752 0 0 0
0.717512 -0.156567 0.150747 0 0 0
0.717957 -0.155652 0.150731 0 0 0
0.718394 -0.154741 0.150721 0 0 0
0.718854 -0.153854 0.150699 0 0 0
0.719330 -0.152955 0.150670 0 0 0
0.719775 -0.152057 0.150653 0 0 0
0.720275 -0.151157 0.150689 0 0 0
0.720688 -0.150171 0.150837 0 0 0
0.721059 -0.149328 0.150871 0 0 0
0.721498 -0.148502 0.150795 0 0 0
0.721989 -0.147645 0.150625 0 0 0
0.722510 -0.146706 0.150539 0 0 0
0.722969 -0.145819 0.150511 0 0 0
0.723422 -0.144927 0.150491 0 0 0
0.723879 -0.144030 0.150472 0 0 0
0.724340 -0.143137 0.150457 0 0 0
0.724682 -0.142544 0.150465 0 0 0
0.726245 -0.141403 0.150870 0 0 0
0.726449 -0.140949 0.150848 0 0 0
0.726339 -0.139396 0.150429 0 0 0
0.726605 -0.138699 0.150365 0 0 0
0.727058 -0.137796 0.150336 0 0 0
0.727515 -0.136898 0.150312 0 0 0
0.727984 -0.136013 0.150282 0 0 0
0.728452 -0.135113 0.150242 0 0 0
0.728811 -0.134495 0.150150 0 0 0
0.728831 -0.132916 0.149482 0 0 0
0.729201 -0.132297 0.149384 0 0 0
0.729663 -0.131390 0.149348 0 0 0
0.730111 -0.130474 0.149334 0 0 0
0.730574 -0.129601 0.149312 0 0 0
0.731024 -0.128685 0.149299 0 0 0
0.731475 -0.127802 0.149278 0 0 0
0.731952 -0.126920 0.149240 0 0 0
0.732469 -0.125992 0.149151 0 0 0
0.732913 -0.125161 0.149038 0 0 0
0.733300 -0.124294 0.149114 0 0 0
0.733777 -0.123342 0.149156 0 0 0
0.734227 -0.122440 0.149148 0 0 0
0.734680 -0.121533 0.149146 0 0 0
0.735063 -0.120890 0.149202 0 0 0
0.736304 -0.119817 0.149676 0 0 0
0.736595 -0.119103 0.149840 0 0 0
0.737092 -0.118182 0.149882 0 0 0
0.737546 -0.117274 0.149869 0 0 0
0.737987 -0.116408 0.149850 0 0 0
0.738464 -0.115493 0.149829 0 0 0
0.738947 -0.114606 0.149808 0 0 0
0.739406 -0.113680 0.149740 0 0 0
0.739895 -0.112754 0.149535 0 0 0
0.740093 -0.112236 0.149464 0 0 0
0.739996 -0.110505 0.149278 0 0 0
0.740333 -0.109763 0.149212 0 0 0
0.740587 -0.109159 0.149230 0 0 0
0.718160 -0.157242 0.150812 0 0 0
0.718584 -0.156831 0.150815 0 0 0
0.719129 -0.156053 0.150806 0 0 0
0.719581 -0.155140 0.150786 0 0 0
0.720034 -0.154249 0.150766 0 0 0
0.720487 -0.153357 0.150743 0 0 0
0.720966 -0.152463 0.150717 0 0 0
0.721396 -0.151580 0.150708 0 0 0
0.721824 -0.150696 0.150705 0 0 0
0.722293 -0.149781 0.150688 0 0 0
0.722751 -0.148895 0.150664 0 0 0
0.723214 -0.148025 0.150635 0 0 0
0.723667 -0.147132 0.150612 0 0 0
0.724119 -0.146243 0.150592 0 0 0
0.724573 -0.145353 0.150573 0 0 0
0.725026 -0.144463 0.150553 0 0 0
0.725471 -0.143569 0.150538 0 0 0
0.725978 -0.142652 0.150579 0 0 0
0.726400 -0.141663 0.150735 0 0 0
0.726732 -0.140949 0.150716 0 0 0
0.727240 -0.140065 0.150523 0 0 0
0.727741 -0.139122 0.150441 0 0 0
0.728207 -0.138238 0.150408 0 0 0
0.728711 -0.137322 0.150324 0 0 0
0.729211 -0.136440 0.150150 0 0 0
0.729633 -0.135605 0.150071 0 0 0
0.729982 -0.134961 0.149987 0 0 0
0.730028 -0.133493 0.149559 0 0 0
0.730336 -0.132750 0.149456 0 0 0
0.730796 -0.131851 0.149418 0 0 0
0.731276 -0.130951 0.149388 0 0 0
0.731732 -0.130064 0.149363 0 0 0
0.732184 -0.129180 0.149344 0 0 0
0.732650 -0.128278 0.149318 0 0 0
0.733124 -0.127361 0.149234 0 0 0
0.733491 -0.126603 0.149030 0 0 0
0.733427 -0.125465 0.148861 0 0 0
0.734503 -0.124622 0.148998 0 0 0
0.734879 -0.123854 0.149161 0 0 0
0.735376 -0.122938 0.149202 0 0 0
0.735814 -0.122046 0.149198 0 0 0
0.736291 -0.121119 0.149255 0 0 0
0.736632 -0.120360 0.149434 0 0 0
0.737877 -0.119383 0.149674 0 0 0
0.738248 -0.118709 0.149703 0 0 0
0.738703 -0.117831 0.149686 0 0 0
0.739168 -0.116929 0.149664 0 0 0
0.739641 -0.116015 0.149637 0 0 0
0.739937 -0.115208 0.149670 0 0 0
0.740005 -0.114401 0.149752 0 0 0
0.740162 -0.112749 0.149395 0 0 0
0.740302 -0.112415 0.149338 0 0 0
0.719980 -0.156889 0.150876 0 0 0
0.720303 -0.156465 0.150868 0 0 0
0.720750 -0.155564 0.150850 0 0 0
0.721210 -0.154674 0.150825 0 0 0
0.721740 -0.153714 0.150746 0 0 0
0.722150 -0.152924 0.150645 0 0 0
0.722527 -0.152036 0.150716 0 0 0
0.723026 -0.151125 0.150747 0 0 0
0.723488 -0.150210 0.150737 0 0 0
0.723915 -0.149330 0.150729 0 0 0
0.724364 -0.148440 0.150715 0 0 0
0.724817 -0.147552 0.150697 0 0 0
0.725269 -0.146664 0.150677 0 0 0
0.725722 -0.145777 0.150658 0 0 0
0.726174 -0.144890 0.150639 0 0 0
0.726627 -0.144002 0.150620 0 0 0
0.727078 -0.143112 0.150606 0 0 0
0.727499 -0.142220 0.150600 0 0 0
0.727970 -0.141320 0.150577 0 0 0
0.728436 -0.140456 0.150546 0 0 0
0.728896 -0.139566 0.150513 0 0 0
0.729396 -0.138647 0.150416 0 0 0
0.729760 -0.137916 0.150209 0 0 0
0.729733 -0.136565 0.149945 0 0 0
0.730047 -0.135813 0.149873 0 0 0
0.730468 -0.135000 0.149793 0 0 0
0.730982 -0.134121 0.149604 0 0 0
0.731488 -0.133216 0.149511 0 0 0
0.731994 -0.132273 0.149425 0 0 0
0.732489 -0.131393 0.149256 0 0 0
0.732914 -0.130580 0.149185 0 0 0
0.733359 -0.129683 0.149163 0 0 0
0.733811 -0.128782 0.149139 0 0 0
0.734136 -0.128053 0.149069 0 0 0
0.734119 -0.126660 0.148805 0 0 0
0.734515 -0.125907 0.148659 0 0 0
0.734900 -0.125133 0.148761 0 0 0
0.736168 -0.124127 0.148995 0 0 0
0.736544 -0.123450 0.149025 0 0 0
0.736929 -0.122639 0.149064 0 0 0
0.737355 -0.121670 0.149207 0 0 0
0.737863 -0.120722 0.149304 0 0 0
0.738277 -0.119740 0.149460 0 0 0
0.738673 -0.118917 0.149496 0 0 0
0.739148 -0.118051 0.149473 0 0 0
0.739635 -0.117153 0.149446 0 0 0
0.740005 -0.116280 0.149440 0 0 0
0.740120 -0.115594 0.149499 0 0 0
0.721274 -0.157323 0.150700 0 0 0
0.721508 -0.156904 0.150689 0 0 0
0.721953 -0.155998 0.150674 0 0 0
0.722419 -0.155079 0.150646 0 0 0
0.722743 -0.154301 0.150569 0 0 0
0.722645 -0.153244 0.150477 0 0 0
0.723855 -0.152229 0.150548 0 0 0
0.724237 -0.151546 0.150572 0 0 0
0.724609 -0.150734 0.150612 0 0 0
0.725023 -0.149753 0.150761 0 0 0
0.725522 -0.148860 0.150799 0 0 0
0.725965 -0.147970 0.150786 0 0 0
0.726416 -0.147085 0.150766 0 0 0
0.726867 -0.146200 0.150747 0 0 0
0.727319 -0.145315 0.150728 0 0 0
0.727770 -0.144430 0.150709 0 0 0
0.728221 -0.143545 0.150690 0 0 0
0.728675 -0.142662 0.150671 0 0 0
0.729125 -0.141775 0.150651 0 0 0
0.729582 -0.140890 0.150621 0 0 0
0.730083 -0.139974 0.150525 0 0 0
0.730439 -0.139242 0.150315 0 0 0
0.730385 -0.137969 0.149988 0 0 0
0.730745 -0.137231 0.149783 0 0 0
0.731220 -0.136319 0.149697 0 0 0
0.731687 -0.135433 0.149658 0 0 0
0.732212 -0.134514 0.149561 0 0 0
0.732707 -0.133630 0.149377 0 0 0
0.733012 -0.132970 0.149258 0 0 0
0.732999 -0.131525 0.149051 0 0 0
0.733327 -0.130791 0.148982 0 0 0
0.733773 -0.129909 0.148957 0 0 0
0.734224 -0.129003 0.148935 0 0 0
0.734658 -0.128175 0.148862 0 0 0
0.735159 -0.127292 0.148689 0 0 0
0.735649 -0.126372 0.148616 0 0 0
0.736126 -0.125465 0.148649 0 0 0
0.736564 -0.124482 0.148786 0 0 0
0.736948 -0.123672 0.148824 0 0 0
0.737322 -0.122994 0.148853 0 0 0
0.738669 -0.121947 0.149027 0 0 0
0.738965 -0.121345 0.149110 0 0 0
0.739412 -0.120373 0.149281 0 0 0
0.739801 -0.119505 0.149319 0 0 0
0.740020 -0.118471 0.149299 0 0 0
0.740438 -0.117491 0.149277 0 0 0
0.740644 -0.116947 0.149271 0 0 0
0.721699 -0.157514 0.150501 0 0 0
0.721934 -0.157122 0.150486 0 0 0
0.722384 -0.156221 0.150469 0 0 0
0.722825 -0.155302 0.150450 0 0 0
0.723247 -0.154458 0.150382 0 0 0
0.723779 -0.153581 0.150265 0 0 0
0.724252 -0.152585 0.150344 0 0 0
0.724641 -0.151762 0.150377 0 0 0
0.724948 -0.151128 0.150411 0 0 0
0.726280 -0.149882 0.150840 0 0 0
0.726659 -0.149276 0.150886 0 0 0
0.727107 -0.148391 0.150879 0 0 0
0.727560 -0.147504 0.150860 0 0 0
0.728010 -0.146621 0.150841 0 0 0
0.728460 -0.145738 0.150821 0 0 0
0.728911 -0.144856 0.150802 0 0 0
0.729361 -0.143973 0.150783 0 0 0
0.729811 -0.143091 0.150764 0 0 0
0.730266 -0.142209 0.150738 0 0 0
0.730752 -0.141279 0.150647 0 0 0
0.731123 -0.140555 0.150428 0 0 0
0.731070 -0.139302 0.150099 0 0 0
0.731425 -0.138565 0.149889 0 0 0
0.731927 -0.137646 0.149789 0 0 0
0.732408 -0.136776 0.149743 0 0 0
0.732892 -0.135849 0.149651 0 0 0
0.733250 -0.135118 0.149450 0 0 0
0.733216 -0.133751 0.149177 0 0 0
0.733519 -0.133087 0.149056 0 0 0
0.734004 -0.132219 0.148884 0 0 0
0.734503 -0.131265 0.148808 0 0 0
0.734962 -0.130383 0.148783 0 0 0
0.735402 -0.129521 0.148764 0 0 0
0.735857 -0.128634 0.148740 0 0 0
0.736332 -0.127740 0.148710 0 0 0
0.736784 -0.126854 0.148687 0 0 0
0.737235 -0.125965 0.148672 0 0 0
0.737668 -0.125080 0.148664 0 0 0
0.738124 -0.124189 0.148655 0 0 0
0.738639 -0.123281 0.148686 0 0 0
0.739090 -0.122325 0.148814 0 0 0
0.739323 -0.121745 0.148899 0 0 0
0.740276 -0.120499 0.149306 0 0 0
0.740438 -0.120127 0.149353 0 0 0
0.722612 -0.157807 0.150327 0 0 0
0.723044 -0.157411 0.150317 0 0 0
0.723586 -0.156657 0.150304 0 0 0
0.724034 -0.155751 0.150284 0 0 0
0.724501 -0.154842 0.150259 0 0 0
0.724957 -0.153977 0.150235 0 0 0
0.725391 -0.153086 0.150223 0 0 0
0.725844 -0.152190 0.150219 0 0 0
0.726162 -0.151620 0.150259 0 0 0
0.727508 -0.150277 0.150921 0 0 0
0.727820 -0.149707 0.150965 0 0 0
0.728252 -0.148809 0.150970 0 0 0
0.728701 -0.147922 0.150956 0 0 0
0.729150 -0.147041 0.150938 0 0 0
0.729599 -0.146160 0.150919 0 0 0
0.730048 -0.145280 0.150900 0 0 0
0.730495 -0.144400 0.150880 0 0 0
0.730946 -0.143514 0.150856 0 0 0
0.731417 -0.142642 0.150813 0 0 0
0.731727 -0.141911 0.150703 0 0 0
0.731703 -0.140527 0.150219 0 0 0
0.732101 -0.139891 0.150008 0 0 0
0.732609 -0.138979 0.149903 0 0 0
0.733104 -0.138050 0.149814 0 0 0
0.733607 -0.137180 0.149622 0 0 0
0.733907 -0.136531 0.149498 0 0 0
0.733872 -0.135168 0.149228 0 0 0
0.734233 -0.134435 0.149027 0 0 0
0.734718 -0.133509 0.148936 0 0 0
0.735192 -0.132639 0.148901 0 0 0
0.735646 -0.131751 0.148877 0 0 0
0.736095 -0.130866 0.148858 0 0 0
0.736546 -0.129982 0.148838 0 0 0
0.736998 -0.129097 0.148819 0 0 0
0.737448 -0.128211 0.148799 0 0 0
0.737902 -0.127325 0.148780 0 0 0
0.738365 -0.126439 0.148762 0 0 0
0.738858 -0.125557 0.148745 0 0 0
0.739215 -0.124725 0.148724 0 0 0
0.739439 -0.123700 0.148692 0 0 0
0.739832 -0.122699 0.148697 0 0 0
0.740065 -0.122160 0.148731 0 0 0
0.724463 -0.157477 0.150379 0 0 0
0.724793 -0.157072 0.150371 0 0 0
0.725212 -0.156170 0.150358 0 0 0
0.725658 -0.155261 0.150342 0 0 0
0.726106 -0.154379 0.150324 0 0 0
0.726559 -0.153495 0.150305 0 0 0
0.727004 -0.152612 0.150298 0 0 0
0.727383 -0.152007 0.150345 0 0 0
0.728720 -0.150766 0.150776 0 0 0
0.728931 -0.150207 0.150860 0 0 0
0.729350 -0.149232 0.151012 0 0 0
0.729846 -0.148341 0.151052 0 0 0
0.730285 -0.147457 0.151039 0 0 0
0.730734 -0.146579 0.151020 0 0 0
0.731180 -0.145703 0.151000 0 0 0
0.731633 -0.144828 0.150972 0 0 0
0.732148 -0.143900 0.150884 0 0 0
0.732624 -0.143046 0.150705 0 0 0
0.732954 -0.142488 0.150573 0 0 0
0.732956 -0.141025 0.150142 0 0 0
0.733306 -0.140300 0.150020 0 0 0
0.733764 -0.139423 0.149964 0 0 0
0.734074 -0.138690 0.149862 0 0 0
0.734078 -0.137216 0.149440 0 0 0
0.734414 -0.136648 0.149308 0 0 0
0.734897 -0.135785 0.149129 0 0 0
0.735409 -0.134854 0.149043 0 0 0
0.735865 -0.133974 0.149014 0 0 0
0.736312 -0.133092 0.148994 0 0 0
0.736761 -0.132210 0.148974 0 0 0
0.737212 -0.131326 0.148955 0 0 0
0.737665 -0.130444 0.148936 0 0 0
0.738127 -0.129561 0.148918 0 0 0
0.738598 -0.128686 0.148901 0 0 0
0.739078 -0.127805 0.148883 0 0 0
0.739429 -0.126966 0.148860 0 0 0
0.739658 -0.125939 0.148818 0 0 0
0.739833 -0.125331 0.148796 0 0 0
0.725505 -0.157700 0.150372 0 0 0
0.725875 -0.157387 0.150309 0 0 0
0.726305 -0.156590 0.150389 0 0 0
0.726812 -0.155662 0.150440 0 0 0
0.727251 -0.154778 0.150427 0 0 0
0.727698 -0.153900 0.150408 0 0 0
0.728137 -0.153017 0.150394 0 0 0
0.728635 -0.152126 0.150435 0 0 0
0.729051 -0.151151 0.150587 0 0 0
0.729259 -0.150590 0.150671 0 0 0
0.730616 -0.149367 0.151087 0 0 0
0.730994 -0.148771 0.151130 0 0 0
0.731441 -0.147885 0.151122 0 0 0
0.731891 -0.147004 0.151103 0 0 0
0.732340 -0.146140 0.151078 0 0 0
0.732822 -0.145220 0.150991 0 0 0
0.733174 -0.144493 0.150790 0 0 0
0.733127 -0.143163 0.150522 0 0 0
0.733425 -0.142519 0.150393 0 0 0
0.733965 -0.141613 0.150141 0 0 0
0.734521 -0.140686 0.149892 0 0 0
0.734931 -0.139902 0.149809 0 0 0
0.735281 -0.139263 0.149724 0 0 0
0.735298 -0.137794 0.149308 0 0 0
0.735612 -0.137065 0.149202 0 0 0
0.736083 -0.136194 0.149159 0 0 0
0.736534 -0.135308 0.149135 0 0 0
0.736980 -0.134428 0.149115 0 0 0
0.737435 -0.133544 0.149092 0 0 0
0.737915 -0.132692 0.149064 0 0 0
0.738371 -0.131795 0.149053 0 0 0
0.738841 -0.130915 0.149042 0 0 0
0.739191 -0.130086 0.149020 0 0 0
0.739412 -0.129068 0.148977 0 0 0
0.739824 -0.128086 0.148950 0 0 0
0.740032 -0.127561 0.148934 0 0 0
0.726286 -0.157509 0.150156 0 0 0
0.727564 -0.156702 0.150471 0 0 0
0.727949 -0.156063 0.150540 0 0 0
0.728391 -0.155181 0.150534 0 0 0
0.728839 -0.154300 0.150515 0 0 0
0.729286 -0.153423 0.150497 0 0 0
0.729732 -0.152541 0.150483 0 0 0
0.730157 -0.151652 0.150487 0 0 0
0.730538 -0.151056 0.150533 0 0 0
0.731874 -0.149834 0.150948 0 0 0
0.732162 -0.149210 0.150982 0 0 0
0.732616 -0.148332 0.150966 0 0 0
0.733070 -0.147442 0.150947 0 0 0
0.733503 -0.146582 0.150922 0 0 0
0.733820 -0.145851 0.150848 0 0 0
0.733787 -0.144547 0.150584 0 0 0
0.734140 -0.143816 0.150380 0 0 0
0.734624 -0.142905 0.150269 0 0 0
0.734978 -0.142191 0.150141 0 0 0
0.734996 -0.140736 0.149713 0 0 0
0.735339 -0.140096 0.149629 0 0 0
0.735758 -0.139295 0.149546 0 0 0
0.736266 -0.138429 0.149363 0 0 0
0.736750 -0.137509 0.149285 0 0 0
0.737202 -0.136634 0.149260 0 0 0
0.737650 -0.135757 0.149241 0 0 0
0.738110 -0.134881 0.149217 0 0 0
0.738614 -0.133938 0.149126 0 0 0
0.738958 -0.133175 0.149002 0 0 0
0.739159 -0.132230 0.149076 0 0 0
0.739586 -0.131185 0.149106 0 0 0
0.739793 -0.130665 0.149096 0 0 0
0.727667 -0.157899 0.149989 0 0 0
0.728752 -0.157052 0.150583 0 0 0
0.729090 -0.156467 0.150652 0 0 0
0.729529 -0.155577 0.150645 0 0 0
0.729978 -0.154698 0.150626 0 0 0
0.730423 -0.153824 0.150607 0 0 0
0.730868 -0.152951 0.150588 0 0 0
0.731307 -0.152073 0.150575 0 0 0
0.731800 -0.151189 0.150616 0 0 0
0.732205 -0.150225 0.150763 0 0 0
0.732568 -0.149421 0.150800 0 0 0
0.733035 -0.148532 0.150780 0 0 0
0.733482 -0.147656 0.150760 0 0 0
0.733909 -0.146796 0.150739 0 0 0
0.734332 -0.145976 0.150665 0 0 0
0.734816 -0.145115 0.150493 0 0 0
0.735325 -0.144214 0.150397 0 0 0
0.735832 -0.143311 0.150286 0 0 0
0.736223 -0.142691 0.150077 0 0 0
0.736200 -0.141305 0.149587 0 0 0
0.736506 -0.140577 0.149482 0 0 0
0.736959 -0.139699 0.149443 0 0 0
0.737426 -0.138833 0.149413 0 0 0
0.737886 -0.137954 0.149391 0 0 0
0.738351 -0.137086 0.149373 0 0 0
0.738812 -0.136216 0.149355 0 0 0
0.739275 -0.135332 0.149328 0 0 0
0.739466 -0.134689 0.149263 0 0 0
0.739156 -0.133349 0.148915 0 0 0
0.728495 -0.158153 0.150061 0 0 0
0.729893 -0.157288 0.150754 0 0 0
0.730218 -0.156857 0.150775 0 0 0
0.730663 -0.155984 0.150761 0 0 0
0.731113 -0.155094 0.150741 0 0 0
0.731557 -0.154223 0.150722 0 0 0
0.732002 -0.153352 0.150703 0 0 0
0.732446 -0.152480 0.150685 0 0 0
0.732887 -0.151605 0.150672 0 0 0
0.733304 -0.150743 0.150665 0 0 0
0.733765 -0.149844 0.150649 0 0 0
0.734209 -0.148975 0.150631 0 0 0
0.734654 -0.148101 0.150612 0 0 0
0.735082 -0.147260 0.150592 0 0 0
0.735529 -0.146389 0.150567 0 0 0
0.736009 -0.145510 0.150526 0 0 0
0.736505 -0.144611 0.150423 0 0 0
0.736846 -0.143884 0.150213 0 0 0
0.736797 -0.142655 0.149878 0 0 0
0.737164 -0.141936 0.149659 0 0 0
0.737644 -0.141017 0.149567 0 0 0
0.738099 -0.140142 0.149542 0 0 0
0.738573 -0.139262 0.149524 0 0 0
0.738935 -0.138438 0.149502 0 0 0
0.739161 -0.137450 0.149458 0 0 0
0.739564 -0.136472 0.149429 0 0 0
0.740015 -0.135599 0.149408 0 0 0
0.740236 -0.135191 0.149397 0 0 0
0.731112 -0.157645 0.150903 0 0 0
0.731368 -0.157266 0.150901 0 0 0
0.731799 -0.156388 0.150881 0 0 0
0.732245 -0.155489 0.150861 0 0 0
0.732688 -0.154620 0.150842 0 0 0
0.733132 -0.153751 0.150823 0 0 0
0.733575 -0.152882 0.150804 0 0 0
0.734018 -0.152014 0.150785 0 0 0
0.734463 -0.151147 0.150767 0 0 0
0.734906 -0.150277 0.150748 0 0 0
0.735346 -0.149407 0.150728 0 0 0
0.735791 -0.148535 0.150704 0 0 0
0.736250 -0.147691 0.150675 0 0 0
0.736708 -0.146817 0.150648 0 0 0
0.737166 -0.145902 0.150566 0 0 0
0.737524 -0.145172 0.150351 0 0 0
0.737475 -0.143950 0.150016 0 0 0
0.737829 -0.143219 0.149806 0 0 0
0.738345 -0.142327 0.149711 0 0 0
0.738811 -0.141464 0.149684 0 0 0
0.739278 -0.140586 0.149666 0 0 0
0.739618 -0.139744 0.149640 0 0 0
0.739651 -0.139131 0.149603 0 0 0
0.731986 -0.157898 0.150996 0 0 0
0.732401 -0.157516 0.151007 0 0 0
0.732935 -0.156776 0.151005 0 0 0
0.733373 -0.155894 0.150985 0 0 0
0.733817 -0.155015 0.150965 0 0 0
0.734259 -0.154149 0.150946 0 0 0
0.734701 -0.153282 0.150927 0 0 0
0.735143 -0.152416 0.150908 0 0 0
0.735583 -0.151550 0.150889 0 0 0
0.736025 -0.150684 0.150866 0 0 0
0.736504 -0.149816 0.150829 0 0 0
0.736985 -0.148911 0.150746 0 0 0
0.737463 -0.148064 0.150584 0 0 0
0.737807 -0.147329 0.150556 0 0 0
0.738094 -0.146529 0.150575 0 0 0
0.738096 -0.145135 0.150158 0 0 0
0.738515 -0.144510 0.149950 0 0 0
0.738933 -0.143662 0.149849 0 0 0
0.739162 -0.142677 0.149792 0 0 0
0.739559 -0.141704 0.149761 0 0 0
0.740002 -0.140829 0.149742 0 0 0
0.740202 -0.140311 0.149725 0 0 0
0.733741 -0.157564 0.151130 0 0 0
0.734060 -0.157157 0.151131 0 0 0
0.734495 -0.156294 0.151112 0 0 0
0.734942 -0.155410 0.151092 0 0 0
0.735383 -0.154545 0.151074 0 0 0
0.735824 -0.153681 0.151055 0 0 0
0.736264 -0.152817 0.151036 0 0 0
0.736710 -0.151958 0.151012 0 0 0
0.737192 -0.151047 0.150931 0 0 0
0.737683 -0.150197 0.150740 0 0 0
0.737976 -0.149559 0.150613 0 0 0
0.737953 -0.148191 0.150415 0 0 0
0.738207 -0.147656 0.150389 0 0 0
0.739391 -0.146807 0.150418 0 0 0
0.739397 -0.145657 0.150123 0 0 0
0.739618 -0.144959 0.150005 0 0 0
0.739656 -0.144347 0.149949 0 0 0
0.734943 -0.157933 0.151267 0 0 0
0.735193 -0.157563 0.151264 0 0 0
0.735619 -0.156695 0.151244 0 0 0
0.736064 -0.155801 0.151224 0 0 0
0.736504 -0.154940 0.151205 0 0 0
0.736944 -0.154078 0.151186 0 0 0
0.737383 -0.153213 0.151166 0 0 0
0.737827 -0.152347 0.151127 0 0 0
0.738154 -0.151637 0.151009 0 0 0
0.738152 -0.150219 0.150578 0 0 0
0.738497 -0.149675 0.150442 0 0 0
0.738988 -0.148832 0.150282 0 0 0
0.739424 -0.147928 0.150259 0 0 0
0.739631 -0.146958 0.150327 0 0 0
0.739975 -0.146077 0.150176 0 0 0
0.740189 -0.145498 0.150089 0 0 0
0.735813 -0.158184 0.151364 0 0 0
0.736246 -0.157818 0.151364 0 0 0
0.736765 -0.157111 0.151358 0 0 0
0.737185 -0.156208 0.151352 0 0 0
0.737620 -0.155332 0.151339 0 0 0
0.738060 -0.154474 0.151321 0 0 0
0.738509 -0.153612 0.151291 0 0 0
0.739028 -0.152722 0.151182 0 0 0
0.739427 -0.152110 0.150955 0 0 0
0.739272 -0.150796 0.150489 0 0 0
0.739383 -0.149982 0.150355 0 0 0
0.739798 -0.149024 0.150292 0 0 0
0.739999 -0.148493 0.150275 0 0 0
0.737639 -0.157921 0.151240 0 0 0
0.737856 -0.157571 0.151265 0 0 0
0.738275 -0.156637 0.151406 0 0 0
0.738809 -0.155740 0.151450 0 0 0
0.739236 -0.154877 0.151450 0 0 0
0.739695 -0.153986 0.151361 0 0 0
0.740012 -0.153225 0.151113 0 0 0
0.739900 -0.152134 0.150793 0 0 0
0.739902 -0.151666 0.150632 0 0 0
0.737922 -0.158011 0.151116 0 0 0
0.738153 -0.157788 0.151124 0 0 0
0.739571 -0.156804 0.151280 0 0 0
0.739762 -0.156228 0.151364 0 0 0
0.739981 -0.155222 0.151489 0 0 0
0.740189 -0.154414 0.151446 0 0 0
0.740321 -0.153158 0.150974 0 0 0
0.740430 -0.152768 0.150803 0 0 0
0.739602 -0.157673 0.151035 0 0 0
0.739750 -0.157114 0.151143 0 0 0
0.739885 -0.156531 0.151242 0 0 0
0.740199 -0.158155 0.151025 0 0 0
