ply
format ascii 1.0
element vertex 6671
property float x
property float y
property float z
property uchar red
property uchar green
property uchar blue
end_header
0.661902 -0.080671 0.240989 255 0 0
0.663119 -0.081204 0.240938 255 0 0
0.664626 -0.081871 0.240876 255 0 0
0.666103 -0.082521 0.240814 255 0 0
0.667581 -0.083171 0.240753 255 0 0
0.669088 -0.083834 0.240690 255 0 0
0.670310 -0.084381 0.240637 255 0 0
0.659024 -0.082247 0.241434 255 0 0
0.660124 -0.082790 0.241446 255 0 0
0.661203 -0.083882 0.241958 255 0 0
0.663382 -0.084169 0.241261 255 0 0
0.664648 -0.084712 0.241195 255 0 0
0.666143 -0.085369 0.241132 255 0 0
0.667646 -0.086043 0.241065 255 0 0
0.668870 -0.086658 0.240986 255 0 0
0.671241 -0.086860 0.240225 255 0 0
0.672243 -0.087298 0.240171 0 0 0
0.654986 -0.082616 0.241290 255 0 0
0.655994 -0.083668 0.241816 255 0 0
0.657370 -0.084338 0.241826 255 0 0
0.658741 -0.085009 0.241833 255 0 0
0.659749 -0.086152 0.242333 255 0 0
0.661954 -0.086358 0.241650 255 0 0
0.663219 -0.086909 0.241582 255 0 0
0.664735 -0.087575 0.241517 255 0 0
0.665987 -0.088113 0.241453 255 0 0
0.668331 -0.088306 0.240689 255 0 0
0.669550 -0.088922 0.240611 255 0 0
0.671075 -0.089606 0.240542 255 0 0
0.672325 -0.090149 0.240480 255 0 0
0.674677 -0.090447 0.239693 255 0 0
0.675718 -0.090885 0.239628 255 0 0
0.677839 -0.091085 0.238856 255 0 0
0.650706 -0.083598 0.241692 255 0 0
0.651948 -0.084127 0.241656 255 0 0
0.653320 -0.084779 0.241654 255 0 0
0.654546 -0.085948 0.242195 255 0 0
0.655947 -0.086534 0.242215 255 0 0
0.657436 -0.087192 0.242155 255 0 0
0.658891 -0.087845 0.242091 255 0 0
0.660304 -0.088538 0.242019 255 0 0
0.661772 -0.089203 0.241954 255 0 0
0.663233 -0.089846 0.241893 255 0 0
0.664721 -0.090499 0.241830 255 0 0
0.665968 -0.091045 0.241767 255 0 0
0.668323 -0.091231 0.241003 255 0 0
0.669570 -0.091767 0.240939 255 0 0
0.671092 -0.092450 0.240871 255 0 0
0.672299 -0.093066 0.240793 255 0 0
0.674684 -0.093273 0.240023 255 0 0
0.675721 -0.093718 0.239956 255 0 0
0.677876 -0.093914 0.239168 255 0 0
0.680044 -0.094121 0.238376 255 0 0
0.681091 -0.094571 0.238309 255 0 0
0.683263 -0.094771 0.237517 255 0 0
0.685177 -0.094872 0.236743 255 0 0
0.648694 -0.083961 0.240809 0 0 0
0.649702 -0.085019 0.241331 0 0 0
0.651049 -0.085656 0.241342 255 0 0
0.652465 -0.086250 0.241366 255 0 0
0.653541 -0.087531 0.241947 255 0 0
0.654634 -0.088814 0.242526 255 0 0
0.655775 -0.089358 0.242529 255 0 0
0.658157 -0.089481 0.241784 255 0 0
0.659363 -0.090065 0.241711 255 0 0
0.660885 -0.090653 0.241661 255 0 0
0.662351 -0.091291 0.241601 255 0 0
0.663813 -0.091933 0.241540 255 0 0
0.665265 -0.092578 0.241478 255 0 0
0.666688 -0.093311 0.241398 255 0 0
0.668136 -0.094054 0.241316 255 0 0
0.669371 -0.094597 0.241252 255 0 0
0.671768 -0.094697 0.240504 255 0 0
0.672999 -0.095318 0.240424 255 0 0
0.674273 -0.095880 0.240356 255 0 0
0.676627 -0.096192 0.239563 255 0 0
0.677620 -0.096712 0.239483 255 0 0
0.679823 -0.096841 0.238705 255 0 0
0.681982 -0.097026 0.237918 255 0 0
0.683020 -0.097473 0.237852 255 0 0
0.685427 -0.097798 0.237058 255 0 0
0.686409 -0.098225 0.237008 255 0 0
0.644791 -0.084316 0.240584 255 0 0
0.645777 -0.085463 0.241104 255 0 0
0.647129 -0.086117 0.241106 0 0 0
0.648648 -0.086686 0.241068 0 0 0
0.650020 -0.087249 0.241080 0 0 0
0.651209 -0.088577 0.241611 0 0 0
0.652520 -0.089103 0.241698 0 0 0
0.653722 -0.090351 0.242230 255 0 0
0.655064 -0.090999 0.242226 255 0 0
0.656279 -0.091614 0.242148 255 0 0
0.658524 -0.091763 0.241474 255 0 0
0.659488 -0.092977 0.241962 255 0 0
0.660827 -0.093643 0.241965 255 0 0
0.662289 -0.094296 0.241906 255 0 0
0.663770 -0.094946 0.241843 255 0 0
0.665008 -0.095484 0.241780 255 0 0
0.667407 -0.095574 0.241034 255 0 0
0.668642 -0.096116 0.240969 255 0 0
0.670080 -0.096840 0.240891 255 0 0
0.671545 -0.097499 0.240826 255 0 0
0.673034 -0.098155 0.240764 255 0 0
0.674223 -0.098693 0.240712 255 0 0
0.677173 -0.098360 0.239180 255 0 0
0.678112 -0.098863 0.239112 255 0 0
0.680472 -0.099173 0.238321 255 0 0
0.681757 -0.099753 0.238250 255 0 0
0.682983 -0.100379 0.238171 255 0 0
0.685400 -0.100601 0.237396 255 0 0
0.686379 -0.101036 0.237344 255 0 0
0.640495 -0.085395 0.240849 0 0 0
0.641760 -0.085830 0.240947 0 0 0
0.643275 -0.086449 0.240908 0 0 0
0.644821 -0.086956 0.240875 0 0 0
0.646289 -0.087578 0.240822 255 0 0
0.647615 -0.088230 0.240815 255 0 0
0.648807 -0.089564 0.241346 255 0 0
0.650085 -0.090088 0.241422 255 0 0
0.651270 -0.091417 0.241951 255 0 0
0.652631 -0.092005 0.241959 255 0 0
0.654092 -0.092630 0.241905 255 0 0
0.655542 -0.093268 0.241844 255 0 0
0.656957 -0.093977 0.241768 255 0 0
0.658462 -0.094566 0.241719 255 0 0
0.659906 -0.095157 0.241669 255 0 0
0.661408 -0.095728 0.241622 255 0 0
0.662867 -0.096363 0.241563 255 0 0
0.664313 -0.097005 0.241501 255 0 0
0.665721 -0.097720 0.241424 255 0 0
0.667182 -0.098377 0.241360 255 0 0
0.668632 -0.099016 0.241299 255 0 0
0.670093 -0.099674 0.241235 255 0 0
0.671526 -0.100399 0.241157 255 0 0
0.672753 -0.100938 0.241091 255 0 0
0.674923 -0.101024 0.240322 255 0 0
0.676860 -0.101133 0.239523 255 0 0
0.679021 -0.101335 0.238727 255 0 0
0.680038 -0.101773 0.238662 255 0 0
0.682445 -0.101992 0.237885 0 0 0
0.683670 -0.102617 0.237806 0 0 0
0.684946 -0.103180 0.237737 255 0 0
0.687050 -0.103372 0.236962 255 0 0
0.637058 -0.085184 0.239909 0 0 0
0.638356 -0.085597 0.240028 0 0 0
0.639898 -0.086016 0.240214 0 0 0
0.641053 -0.087357 0.240610 0 0 0
0.642245 -0.088000 0.240653 0 0 0
0.643463 -0.089304 0.241185 0 0 0
0.644803 -0.089947 0.241189 0 0 0
0.646282 -0.090595 0.241134 255 0 0
0.647646 -0.091159 0.241147 255 0 0
0.648843 -0.092409 0.241678 255 0 0
0.650226 -0.092962 0.241704 255 0 0
0.651725 -0.093518 0.241665 255 0 0
0.653183 -0.094153 0.241605 255 0 0
0.654635 -0.094791 0.241545 255 0 0
0.656089 -0.095425 0.241485 255 0 0
0.657547 -0.096074 0.241426 255 0 0
0.658871 -0.096726 0.241425 255 0 0
0.660014 -0.098057 0.241940 255 0 0
0.661331 -0.098711 0.241938 255 0 0
0.662789 -0.099356 0.241879 255 0 0
0.664239 -0.099993 0.241819 255 0 0
0.665688 -0.100631 0.241758 255 0 0
0.667162 -0.101277 0.241696 255 0 0
0.668388 -0.101810 0.241633 255 0 0
0.670800 -0.101901 0.240884 255 0 0
0.672022 -0.102437 0.240820 255 0 0
0.673476 -0.103173 0.240740 255 0 0
0.674716 -0.103737 0.240670 255 0 0
0.676842 -0.103943 0.239875 255 0 0
0.679005 -0.104138 0.239080 255 0 0
0.680002 -0.104559 0.239017 255 0 0
0.682383 -0.104869 0.238219 255 0 0
0.683641 -0.105413 0.238155 255 0 0
0.684897 -0.105962 0.238091 255 0 0
0.687010 -0.106168 0.237311 255 0 0
0.635195 -0.085494 0.239092 255 0 0
0.636433 -0.085800 0.239271 255 0 0
0.637491 -0.087134 0.239726 255 0 0
0.638598 -0.088443 0.240310 0 0 0
0.639988 -0.089028 0.240332 0 0 0
0.641334 -0.089644 0.240346 0 0 0
0.642568 -0.090823 0.240888 0 0 0
0.643950 -0.091381 0.240910 0 0 0
0.645426 -0.092027 0.240856 0 0 0
0.646769 -0.092672 0.240863 0 0 0
0.647968 -0.093934 0.241397 255 0 0
0.649190 -0.094505 0.241464 255 0 0
0.650367 -0.095863 0.241988 255 0 0
0.651681 -0.096505 0.241985 255 0 0
0.653138 -0.097149 0.241927 255 0 0
0.654584 -0.097785 0.241867 255 0 0
0.656030 -0.098421 0.241806 255 0 0
0.657483 -0.099053 0.241747 0 0 0
0.658973 -0.099593 0.241706 0 0 0
0.660463 -0.100133 0.241666 0 0 0
0.661916 -0.100765 0.241607 0 0 0
0.663362 -0.101401 0.241546 255 0 0
0.664809 -0.102037 0.241486 255 0 0
0.666257 -0.102674 0.241426 255 0 0
0.667695 -0.103313 0.241364 255 0 0
0.669094 -0.104027 0.241288 0 0 0
0.670548 -0.104683 0.241224 0 0 0
0.672018 -0.105330 0.241161 0 0 0
0.673245 -0.105867 0.241095 0 0 0
0.675361 -0.106040 0.240306 255 0 0
0.677494 -0.106241 0.239507 255 0 0
0.678728 -0.106786 0.239441 255 0 0
0.680226 -0.107453 0.239378 255 0 0
0.681445 -0.107981 0.239317 255 0 0
0.683832 -0.108294 0.238516 255 0 0
0.684821 -0.108713 0.238454 255 0 0
0.686959 -0.108937 0.237670 0 0 0
0.631738 -0.085324 0.238128 255 0 0
0.632841 -0.085826 0.238155 255 0 0
0.634047 -0.086956 0.238769 255 0 0
0.635182 -0.088246 0.239377 255 0 0
0.636457 -0.088826 0.239456 255 0 0
0.637641 -0.090107 0.239873 255 0 0
0.639020 -0.090618 0.240008 255 0 0
0.640442 -0.091194 0.240047 255 0 0
0.641525 -0.092473 0.240638 255 0 0
0.642600 -0.093753 0.241223 255 0 0
0.643938 -0.094390 0.241234 255 0 0
0.645405 -0.095008 0.241185 255 0 0
0.646812 -0.095515 0.241212 255 0 0
0.648022 -0.096737 0.241753 255 0 0
0.649386 -0.097305 0.241770 255 0 0
0.650836 -0.097921 0.241718 0 0 0
0.652281 -0.098557 0.241658 0 0 0
0.653726 -0.099192 0.241597 0 0 0
0.655170 -0.099827 0.241537 0 0 0
0.656623 -0.100471 0.241479 255 0 0
0.657936 -0.101125 0.241479 255 0 0
0.659064 -0.102431 0.241998 255 0 0
0.660423 -0.103008 0.242013 0 0 0
0.661881 -0.103645 0.241957 0 0 0
0.663322 -0.104279 0.241896 255 0 0
0.664764 -0.104913 0.241836 255 0 0
0.666206 -0.105548 0.241776 255 0 0
0.667648 -0.106181 0.241716 255 0 0
0.669090 -0.106815 0.241656 255 0 0
0.670557 -0.107461 0.241593 255 0 0
0.671773 -0.107995 0.241529 255 0 0
0.674094 -0.108274 0.240739 255 0 0
0.675339 -0.108825 0.240673 255 0 0
0.676573 -0.109358 0.240610 255 0 0
0.678924 -0.109662 0.239811 255 0 0
0.680131 -0.110188 0.239750 255 0 0
0.681637 -0.110872 0.239683 255 0 0
0.682810 -0.111480 0.239604 255 0 0
0.685000 -0.111589 0.238822 255 0 0
0.686898 -0.111695 0.238039 255 0 0
0.628301 -0.085118 0.237186 255 0 0
0.629402 -0.085617 0.237211 255 0 0
0.630758 -0.086761 0.237781 255 0 0
0.631980 -0.087365 0.237850 255 0 0
0.633138 -0.088594 0.238463 255 0 0
0.634288 -0.089791 0.239073 255 0 0
0.635648 -0.090399 0.239102 255 0 0
0.637081 -0.090886 0.239251 255 0 0
0.638111 -0.092240 0.239710 255 0 0
0.639208 -0.093519 0.240303 255 0 0
0.640528 -0.094018 0.240408 255 0 0
0.641782 -0.095178 0.240962 255 0 0
0.643104 -0.095806 0.240968 255 0 0
0.644427 -0.096455 0.240971 255 0 0
0.645511 -0.097731 0.241570 255 0 0
0.646590 -0.099005 0.242167 255 0 0
0.647889 -0.099616 0.242174 255 0 0
0.649390 -0.100184 0.242130 0 0 0
0.650834 -0.100812 0.242071 0 0 0
0.652282 -0.101464 0.242008 0 0 0
0.653666 -0.102152 0.241937 0 0 0
0.655146 -0.102715 0.241890 255 0 0
0.656609 -0.103347 0.241835 255 0 0
0.657966 -0.103925 0.241852 255 0 0
0.659080 -0.105203 0.242373 255 0 0
0.660435 -0.105779 0.242391 255 0 0
0.661889 -0.106414 0.242334 255 0 0
0.663326 -0.107045 0.242274 255 0 0
0.664763 -0.107677 0.242215 255 0 0
0.666199 -0.108310 0.242155 255 0 0
0.667637 -0.108942 0.242095 255 0 0
0.669100 -0.109585 0.242032 255 0 0
0.670308 -0.110118 0.241967 255 0 0
0.672632 -0.110421 0.241172 255 0 0
0.673798 -0.111031 0.241092 255 0 0
0.675279 -0.111689 0.241027 0 0 0
0.676485 -0.112219 0.240966 255 0 0
0.678912 -0.112431 0.240186 255 0 0
0.679874 -0.112833 0.240125 255 0 0
0.682298 -0.113054 0.239342 255 0 0
0.683489 -0.113673 0.239264 255 0 0
0.684732 -0.114229 0.239196 255 0 0
0.686840 -0.114441 0.238411 255 0 0
0.626282 -0.085452 0.236303 0 0 0
0.627337 -0.086512 0.236849 0 0 0
0.628591 -0.087068 0.236927 0 0 0
0.629854 -0.088375 0.237478 0 0 0
0.631097 -0.088921 0.237551 0 0 0
0.632282 -0.090133 0.238177 255 0 0
0.633395 -0.091400 0.238778 255 0 0
0.634606 -0.091957 0.238842 255 0 0
0.635831 -0.093311 0.239387 255 0 0
0.637119 -0.093809 0.239478 255 0 0
0.638256 -0.094983 0.240093 255 0 0
0.639189 -0.096339 0.240745 255 0 0
0.640298 -0.097541 0.241347 255 0 0
0.641634 -0.098151 0.241368 255 0 0
0.643005 -0.098717 0.241390 255 0 0
0.644259 -0.099873 0.241943 255 0 0
0.645627 -0.100440 0.241964 255 0 0
0.646936 -0.101056 0.241972 255 0 0
0.648131 -0.102338 0.242503 255 0 0
0.649414 -0.103063 0.242488 255 0 0
0.650625 -0.103597 0.242425 255 0 0
0.652876 -0.103704 0.241757 0 0 0
0.653812 -0.104919 0.242243 0 0 0
0.655112 -0.105551 0.242256 0 0 0
0.656625 -0.106120 0.242216 0 0 0
0.657983 -0.106690 0.242236 0 0 0
0.659098 -0.107988 0.242753 255 0 0
0.660399 -0.108632 0.242757 0 0 0
0.661843 -0.109271 0.242700 0 0 0
0.663269 -0.109873 0.242646 255 0 0
0.664748 -0.110436 0.242599 255 0 0
0.666194 -0.111083 0.242536 255 0 0
0.667601 -0.111807 0.242458 255 0 0
0.668794 -0.112331 0.242394 255 0 0
0.670961 -0.112423 0.241615 255 0 0
0.673129 -0.112517 0.240836 255 0 0
0.674340 -0.113044 0.240772 255 0 0
0.675795 -0.113688 0.240710 255 0 0
0.677181 -0.114402 0.240633 0 0 0
0.678653 -0.115067 0.240567 255 0 0
0.679853 -0.115602 0.240504 255 0 0
0.682202 -0.115904 0.239705 255 0 0
0.683439 -0.116454 0.239638 255 0 0
0.684623 -0.117074 0.239558 255 0 0
0.686774 -0.117204 0.238788 255 0 0
0.622422 -0.085810 0.236091 0 0 0
0.623456 -0.086982 0.236630 0 0 0
0.624796 -0.087600 0.236636 0 0 0
0.626211 -0.088102 0.236658 0 0 0
0.627446 -0.089443 0.237208 0 0 0
0.628703 -0.089936 0.237282 0 0 0
0.629803 -0.091288 0.237884 255 0 0
0.630959 -0.092501 0.238494 255 0 0
0.632193 -0.093048 0.238572 255 0 0
0.633440 -0.094294 0.239126 255 0 0
0.634722 -0.094789 0.239217 255 0 0
0.635795 -0.096134 0.239819 255 0 0
0.636922 -0.097305 0.240431 255 0 0
0.638241 -0.097789 0.240542 255 0 0
0.639501 -0.098957 0.241100 255 0 0
0.640667 -0.099574 0.241164 255 0 0
0.641762 -0.100858 0.241769 255 0 0
0.642843 -0.102126 0.242369 255 0 0
0.644138 -0.102744 0.242380 255 0 0
0.645513 -0.103327 0.242410 255 0 0
0.646503 -0.104442 0.242912 255 0 0
0.648742 -0.104544 0.242244 255 0 0
0.649946 -0.105089 0.242174 255 0 0
0.651319 -0.105886 0.242082 255 0 0
0.652805 -0.106446 0.242040 255 0 0
0.654144 -0.106992 0.242061 255 0 0
0.655276 -0.108321 0.242578 255 0 0
0.656579 -0.108952 0.242582 255 0 0
0.658068 -0.109520 0.242539 0 0 0
0.659492 -0.110121 0.242485 0 0 0
0.660935 -0.110760 0.242429 0 0 0
0.662230 -0.111395 0.242436 0 0 0
0.663382 -0.112639 0.242950 0 0 0
0.664473 -0.113167 0.242964 0 0 0
0.666900 -0.113263 0.242212 0 0 0
0.668119 -0.113822 0.242142 0 0 0
0.669246 -0.114510 0.242048 0 0 0
0.671614 -0.114723 0.241266 0 0 0
0.672815 -0.115253 0.241202 0 0 0
0.674274 -0.115894 0.241140 255 0 0
0.675706 -0.116524 0.241080 255 0 0
0.677165 -0.117166 0.241018 255 0 0
0.678364 -0.117694 0.240954 255 0 0
0.680730 -0.117996 0.240155 255 0 0
0.681697 -0.118424 0.240089 255 0 0
0.684142 -0.118651 0.239303 255 0 0
0.685069 -0.119146 0.239224 255 0 0
0.687192 -0.119365 0.238437 255 0 0
0.620070 -0.086801 0.235840 255 0 0
0.621104 -0.087938 0.236383 0 0 0
0.622530 -0.088443 0.236414 0 0 0
0.623853 -0.089053 0.236414 0 0 0
0.625086 -0.090433 0.236959 255 0 0
0.626340 -0.090914 0.237031 255 0 0
0.627578 -0.092261 0.237584 255 0 0
0.628863 -0.092739 0.237671 255 0 0
0.630155 -0.093928 0.238238 255 0 0
0.631344 -0.094544 0.238305 255 0 0
0.632447 -0.095839 0.238904 255 0 0
0.633538 -0.097098 0.239505 255 0 0
0.634851 -0.097581 0.239616 255 0 0
0.635981 -0.098751 0.240234 255 0 0
0.636950 -0.100019 0.240902 255 0 0
0.638044 -0.101276 0.241515 0 0 0
0.639250 -0.101832 0.241593 0 0 0
0.640477 -0.103100 0.242138 0 0 0
0.641824 -0.103634 0.242160 0 0 0
0.643172 -0.104171 0.242182 255 0 0
0.644332 -0.105526 0.242706 255 0 0
0.645660 -0.106084 0.242719 255 0 0
0.647073 -0.106782 0.242649 0 0 0
0.648288 -0.107320 0.242574 0 0 0
0.650613 -0.107521 0.241810 255 0 0
0.651686 -0.108063 0.241802 255 0 0
0.652802 -0.109393 0.242178 255 0 0
0.654218 -0.109857 0.242331 255 0 0
0.655635 -0.110571 0.242166 255 0 0
0.657062 -0.111093 0.242233 255 0 0
0.658528 -0.111715 0.242192 255 0 0
0.659956 -0.112320 0.242142 255 0 0
0.661335 -0.112893 0.242176 255 0 0
0.662468 -0.114111 0.242692 0 0 0
0.663751 -0.114740 0.242701 0 0 0
0.665164 -0.115470 0.242626 0 0 0
0.666357 -0.116009 0.242560 255 0 0
0.668771 -0.116105 0.241800 0 0 0
0.669909 -0.116700 0.241723 0 0 0
0.671384 -0.117386 0.241653 0 0 0
0.672749 -0.118066 0.241584 0 0 0
0.674220 -0.118623 0.241536 0 0 0
0.675692 -0.119283 0.241471 255 0 0
0.676827 -0.119883 0.241394 255 0 0
0.679245 -0.120115 0.240606 255 0 0
0.680152 -0.120607 0.240529 255 0 0
0.682602 -0.120857 0.239736 255 0 0
0.683517 -0.121350 0.239657 255 0 0
0.685686 -0.121471 0.238885 255 0 0
0.615141 -0.086044 0.234943 255 0 0
0.616213 -0.087120 0.235498 255 0 0
0.617467 -0.087668 0.235578 255 0 0
0.618778 -0.088954 0.236147 255 0 0
0.620029 -0.089426 0.236217 255 0 0
0.621264 -0.090785 0.236769 255 0 0
0.622631 -0.091339 0.236779 255 0 0
0.624001 -0.091898 0.236790 255 0 0
0.625224 -0.093249 0.237340 255 0 0
0.626473 -0.093729 0.237416 255 0 0
0.627568 -0.095079 0.238021 255 0 0
0.628704 -0.096283 0.238629 255 0 0
0.630034 -0.096889 0.238648 255 0 0
0.631469 -0.097382 0.238692 255 0 0
0.632596 -0.098544 0.239307 255 0 0
0.633530 -0.099898 0.239969 255 0 0
0.634519 -0.101081 0.240637 255 0 0
0.635664 -0.102247 0.241269 255 0 0
0.636939 -0.102727 0.241370 0 0 0
0.638115 -0.104035 0.241911 0 0 0
0.639513 -0.104524 0.241943 0 0 0
0.640811 -0.105132 0.241953 0 0 0
0.642016 -0.106382 0.242492 0 0 0
0.643354 -0.106934 0.242512 0 0 0
0.644788 -0.107565 0.242457 255 0 0
0.646194 -0.108284 0.242379 255 0 0
0.647385 -0.108795 0.242317 255 0 0
0.649698 -0.108989 0.241549 255 0 0
0.650946 -0.109507 0.241497 0 0 0
0.652335 -0.110071 0.241650 0 0 0
0.653224 -0.111257 0.241998 0 0 0
0.655336 -0.111410 0.241570 255 0 0
0.656242 -0.112618 0.241895 255 0 0
0.657562 -0.113296 0.241904 255 0 0
0.658860 -0.113934 0.241916 255 0 0
0.659995 -0.115154 0.242434 255 0 0
0.661365 -0.115725 0.242467 255 0 0
0.662788 -0.116334 0.242416 255 0 0
0.664218 -0.116956 0.242358 255 0 0
0.665626 -0.117551 0.242304 255 0 0
0.667057 -0.118208 0.242238 255 0 0
0.668468 -0.118951 0.242157 255 0 0
0.669640 -0.119468 0.242094 255 0 0
0.671951 -0.119601 0.241429 255 0 0
0.672832 -0.120781 0.241900 255 0 0
0.673897 -0.121335 0.241913 255 0 0
0.676372 -0.121450 0.241151 255 0 0
0.677269 -0.121936 0.241075 255 0 0
0.679716 -0.122187 0.240281 255 0 0
0.680617 -0.122676 0.240204 255 0 0
0.683070 -0.122931 0.239409 255 0 0
0.683975 -0.123423 0.239332 255 0 0
0.686400 -0.123812 0.238515 255 0 0
0.687244 -0.124266 0.238454 255 0 0
0.614377 -0.087475 0.234689 255 0 0
0.615304 -0.088554 0.235284 255 0 0
0.616435 -0.089941 0.235901 255 0 0
0.617682 -0.090409 0.235973 255 0 0
0.618988 -0.091698 0.236543 255 0 0
0.620189 -0.092235 0.236603 255 0 0
0.621421 -0.093621 0.237150 255 0 0
0.622725 -0.094227 0.237151 255 0 0
0.624131 -0.094713 0.237176 255 0 0
0.625357 -0.096082 0.237723 255 0 0
0.626579 -0.096610 0.237799 255 0 0
0.627848 -0.097790 0.238361 255 0 0
0.629070 -0.098321 0.238441 255 0 0
0.630153 -0.099692 0.239044 255 0 0
0.631291 -0.100885 0.239656 255 0 0
0.632540 -0.101419 0.239757 255 0 0
0.633665 -0.102593 0.240381 255 0 0
0.634700 -0.103674 0.241065 255 0 0
0.635779 -0.105005 0.241686 255 0 0
0.637010 -0.105492 0.241773 255 0 0
0.638198 -0.106841 0.242313 0 0 0
0.639333 -0.107455 0.242378 0 0 0
0.640567 -0.108627 0.242924 0 0 0
0.641897 -0.109230 0.242945 0 0 0
0.643146 -0.109690 0.242895 0 0 0
0.645476 -0.109884 0.242117 0 0 0
0.646610 -0.110486 0.242036 0 0 0
0.648000 -0.111209 0.241957 0 0 0
0.649430 -0.111855 0.241894 255 0 0
0.650858 -0.112476 0.241836 255 0 0
0.652321 -0.113033 0.241789 255 0 0
0.653696 -0.113706 0.241721 255 0 0
0.655178 -0.114281 0.241672 255 0 0
0.656597 -0.114853 0.241628 255 0 0
0.657975 -0.115415 0.241663 255 0 0
0.659112 -0.116636 0.242183 255 0 0
0.660385 -0.117234 0.242197 255 0 0
0.661869 -0.117797 0.242155 255 0 0
0.663305 -0.118425 0.242099 255 0 0
0.664606 -0.119087 0.242117 255 0 0
0.665477 -0.120248 0.242593 255 0 0
0.667772 -0.120381 0.241925 255 0 0
0.668944 -0.120897 0.241862 255 0 0
0.670343 -0.121615 0.241785 255 0 0
0.671831 -0.122188 0.241735 255 0 0
0.673233 -0.122782 0.241682 255 0 0
0.674626 -0.123507 0.241604 0 0 0
0.675817 -0.124053 0.241535 0 0 0
0.678187 -0.124389 0.240727 0 0 0
0.679077 -0.124874 0.240650 255 0 0
0.681525 -0.125100 0.239859 255 0 0
0.682474 -0.125520 0.239792 255 0 0
0.684638 -0.125719 0.238986 255 0 0
0.686586 -0.125722 0.238212 255 0 0
0.609436 -0.086888 0.233528 255 0 0
0.610587 -0.087247 0.233692 255 0 0
0.611813 -0.088549 0.234336 255 0 0
0.612863 -0.089737 0.235004 255 0 0
0.614075 -0.090931 0.235646 255 0 0
0.615340 -0.091400 0.235733 0 0 0
0.616455 -0.092762 0.236344 0 0 0
0.617613 -0.093974 0.236957 255 0 0
0.618935 -0.094598 0.236964 255 0 0
0.620442 -0.095140 0.236930 255 0 0
0.621780 -0.095663 0.236943 255 0 0
0.622998 -0.097028 0.237488 255 0 0
0.624397 -0.097506 0.237514 255 0 0
0.625728 -0.098112 0.237533 255 0 0
0.626862 -0.099313 0.238145 255 0 0
0.627949 -0.100675 0.238748 255 0 0
0.629163 -0.101206 0.238830 255 0 0
0.630418 -0.102411 0.239385 255 0 0
0.631617 -0.103013 0.239476 255 0 0
0.632683 -0.103977 0.240043 255 0 0
0.633523 -0.106122 0.241487 255 0 0
0.634590 -0.106539 0.241532 255 0 0
0.635814 -0.107791 0.242072 255 0 0
0.637177 -0.108314 0.242110 255 0 0
0.638540 -0.108840 0.242148 255 0 0
0.639735 -0.110115 0.242683 255 0 0
0.640873 -0.110726 0.242756 255 0 0
0.641854 -0.111870 0.243234 255 0 0
0.643775 -0.112077 0.242551 255 0 0
0.645951 -0.112061 0.241782 255 0 0
0.647145 -0.112570 0.241718 255 0 0
0.648593 -0.113202 0.241657 255 0 0
0.650013 -0.113827 0.241598 255 0 0
0.651430 -0.114458 0.241537 255 0 0
0.652853 -0.115079 0.241479 255 0 0
0.654280 -0.115717 0.241422 255 0 0
0.655565 -0.116358 0.241428 255 0 0
0.656680 -0.117671 0.241945 255 0 0
0.658022 -0.118248 0.241968 255 0 0
0.659306 -0.118855 0.241988 255 0 0
0.660427 -0.120074 0.242503 255 0 0
0.661742 -0.120709 0.242527 255 0 0
0.663173 -0.121333 0.242472 255 0 0
0.664635 -0.121882 0.242426 255 0 0
0.665990 -0.122559 0.242357 255 0 0
0.667415 -0.123206 0.242294 255 0 0
0.668829 -0.123829 0.242235 255 0 0
0.670245 -0.124451 0.242176 255 0 0
0.671660 -0.125074 0.242117 255 0 0
0.673105 -0.125707 0.242056 255 0 0
0.674277 -0.126219 0.241993 255 0 0
0.676452 -0.126323 0.241205 0 0 0
0.678624 -0.126426 0.240416 0 0 0
0.679777 -0.127036 0.240335 0 0 0
0.680995 -0.127595 0.240265 0 0 0
0.683370 -0.127908 0.239459 0 0 0
0.684310 -0.128331 0.239394 0 0 0
0.686484 -0.128556 0.238580 0 0 0
0.688368 -0.128674 0.237786 0 0 0
0.606308 -0.086079 0.232048 255 0 0
0.607396 -0.087206 0.232507 255 0 0
0.608703 -0.087431 0.232838 255 0 0
0.609714 -0.089639 0.234060 255 0 0
0.610832 -0.090067 0.234106 255 0 0
0.612045 -0.091270 0.234740 0 0 0
0.613084 -0.092464 0.235411 0 0 0
0.614248 -0.093769 0.236037 0 0 0
0.615481 -0.094290 0.236121 255 0 0
0.616770 -0.095469 0.236689 255 0 0
0.618138 -0.096009 0.236713 255 0 0
0.619443 -0.096639 0.236710 255 0 0
0.620678 -0.098007 0.237260 255 0 0
0.621907 -0.098476 0.237335 255 0 0
0.623143 -0.099855 0.237886 255 0 0
0.624278 -0.100458 0.237940 255 0 0
0.625565 -0.101654 0.238502 255 0 0
0.626937 -0.102209 0.238528 255 0 0
0.628247 -0.102798 0.238548 255 0 0
0.629569 -0.103905 0.239115 255 0 0
0.630628 -0.104386 0.239157 0 0 0
0.631467 -0.106537 0.240608 0 0 0
0.632517 -0.107461 0.241176 255 0 0
0.633758 -0.108005 0.241286 255 0 0
0.634981 -0.109289 0.241829 255 0 0
0.636098 -0.109886 0.241892 255 0 0
0.637301 -0.111155 0.242427 255 0 0
0.638655 -0.111713 0.242461 255 0 0
0.639985 -0.112344 0.242490 255 0 0
0.640925 -0.113482 0.242832 255 0 0
0.643075 -0.113656 0.242305 255 0 0
0.644233 -0.114250 0.242216 255 0 0
0.645679 -0.114909 0.242150 255 0 0
0.647093 -0.115531 0.242091 255 0 0
0.648509 -0.116154 0.242032 255 0 0
0.649924 -0.116776 0.241973 255 0 0
0.651340 -0.117399 0.241914 255 0 0
0.652755 -0.118021 0.241855 255 0 0
0.654177 -0.118639 0.241797 255 0 0
0.655649 -0.119186 0.241752 255 0 0
0.657054 -0.119762 0.241707 255 0 0
0.658426 -0.120322 0.241745 255 0 0
0.659550 -0.121535 0.242263 255 0 0
0.660826 -0.122153 0.242275 255 0 0
0.662251 -0.122786 0.242219 255 0 0
0.663657 -0.123419 0.242158 255 0 0
0.665073 -0.124038 0.242100 255 0 0
0.666487 -0.124658 0.242041 255 0 0
0.667900 -0.125279 0.241982 255 0 0
0.669313 -0.125900 0.241923 255 0 0
0.670726 -0.126522 0.241864 255 0 0
0.672141 -0.127143 0.241805 255 0 0
0.673573 -0.127781 0.241743 255 0 0
0.674687 -0.128375 0.241667 255 0 0
0.677095 -0.128619 0.240872 255 0 0
0.678243 -0.129233 0.240791 255 0 0
0.679427 -0.129757 0.240728 255 0 0
0.681868 -0.129965 0.239939 0 0 0
0.682797 -0.130380 0.239874 255 0 0
0.685209 -0.130709 0.239063 255 0 0
0.686143 -0.131133 0.238997 0 0 0
0.688271 -0.131351 0.238202 0 0 0
0.604376 -0.086470 0.231085 255 0 0
0.605558 -0.087453 0.231681 255 0 0
0.606741 -0.087820 0.231859 0 0 0
0.607621 -0.090092 0.233139 0 0 0
0.608685 -0.091150 0.233600 0 0 0
0.609979 -0.091590 0.233811 0 0 0
0.611176 -0.092894 0.234458 0 0 0
0.612212 -0.094088 0.235130 0 0 0
0.613398 -0.095269 0.235765 255 0 0
0.614626 -0.095796 0.235852 255 0 0
0.615760 -0.097093 0.236463 255 0 0
0.616869 -0.098381 0.237065 0 0 0
0.618197 -0.099002 0.237077 255 0 0
0.619545 -0.099566 0.237087 255 0 0
0.620717 -0.100909 0.237499 255 0 0
0.622112 -0.101350 0.237656 255 0 0
0.623507 -0.101862 0.237706 255 0 0
0.624733 -0.103126 0.238254 255 0 0
0.626081 -0.103678 0.238267 255 0 0
0.627278 -0.104187 0.238241 255 0 0
0.628240 -0.106346 0.239595 255 0 0
0.629287 -0.106831 0.239641 255 0 0
0.630488 -0.107908 0.240283 255 0 0
0.631470 -0.109110 0.240950 255 0 0
0.632490 -0.110428 0.241426 0 0 0
0.633883 -0.110889 0.241590 0 0 0
0.635221 -0.111500 0.241627 255 0 0
0.636359 -0.112747 0.242037 255 0 0
0.637683 -0.113254 0.242171 255 0 0
0.639174 -0.113872 0.242152 255 0 0
0.640583 -0.114395 0.242213 255 0 0
0.641955 -0.115123 0.242031 255 0 0
0.643380 -0.115741 0.241958 255 0 0
0.644793 -0.116362 0.241899 255 0 0
0.646206 -0.116984 0.241840 255 0 0
0.647619 -0.117607 0.241781 255 0 0
0.649028 -0.118234 0.241721 255 0 0
0.650445 -0.118852 0.241663 255 0 0
0.651854 -0.119479 0.241603 255 0 0
0.653268 -0.120103 0.241544 255 0 0
0.654683 -0.120705 0.241493 0 0 0
0.656015 -0.121265 0.241516 0 0 0
0.657124 -0.122566 0.242034 255 0 0
0.658448 -0.123131 0.242056 255 0 0
0.659862 -0.123737 0.242005 255 0 0
0.661268 -0.124324 0.241953 255 0 0
0.662737 -0.124864 0.241909 255 0 0
0.664154 -0.125479 0.241851 255 0 0
0.665564 -0.126099 0.241792 255 0 0
0.666975 -0.126720 0.241734 255 0 0
0.668386 -0.127340 0.241675 255 0 0
0.669796 -0.127961 0.241616 255 0 0
0.671208 -0.128581 0.241557 255 0 0
0.672621 -0.129201 0.241498 255 0 0
0.674052 -0.129832 0.241436 255 0 0
0.675164 -0.130429 0.241358 255 0 0
0.677570 -0.130647 0.240568 255 0 0
0.678734 -0.131187 0.240501 255 0 0
0.680093 -0.132014 0.240404 255 0 0
0.681254 -0.132550 0.240339 0 0 0
0.683698 -0.132757 0.239548 255 0 0
0.684627 -0.133170 0.239482 255 0 0
0.686744 -0.133371 0.238691 255 0 0
0.600917 -0.086298 0.230114 255 0 0
0.601984 -0.087431 0.230558 255 0 0
0.603344 -0.087809 0.230791 255 0 0
0.604527 -0.089101 0.231427 255 0 0
0.605567 -0.090376 0.232101 0 0 0
0.606854 -0.091487 0.232775 0 0 0
0.608010 -0.091839 0.232943 0 0 0
0.609015 -0.094089 0.234162 0 0 0
0.610118 -0.094508 0.234208 255 0 0
0.611374 -0.095610 0.234861 255 0 0
0.612384 -0.096882 0.235535 255 0 0
0.613520 -0.098177 0.236149 255 0 0
0.614743 -0.098695 0.236236 0 0 0
0.616031 -0.099893 0.236801 255 0 0
0.617327 -0.100500 0.236809 255 0 0
0.618805 -0.101145 0.236770 255 0 0
0.620154 -0.101653 0.236908 255 0 0
0.621250 -0.102820 0.237395 255 0 0
0.622372 -0.104222 0.238012 255 0 0
0.623537 -0.104748 0.238081 255 0 0
0.624778 -0.106031 0.238635 255 0 0
0.625957 -0.106631 0.238719 255 0 0
0.627266 -0.107693 0.239298 255 0 0
0.628493 -0.108210 0.239400 255 0 0
0.629598 -0.109488 0.240021 255 0 0
0.630720 -0.110663 0.240646 255 0 0
0.631942 -0.111175 0.240853 255 0 0
0.633024 -0.112520 0.241135 255 0 0
0.634398 -0.113054 0.241282 255 0 0
0.635771 -0.113596 0.241431 255 0 0
0.636846 -0.114947 0.241678 255 0 0
0.638117 -0.115567 0.241693 255 0 0
0.639582 -0.116092 0.241785 255 0 0
0.641028 -0.116700 0.241745 255 0 0
0.642437 -0.117318 0.241687 255 0 0
0.643847 -0.117938 0.241628 255 0 0
0.645260 -0.118560 0.241569 255 0 0
0.646663 -0.119150 0.241516 255 0 0
0.648136 -0.119718 0.241467 255 0 0
0.649495 -0.120387 0.241400 255 0 0
0.650949 -0.120935 0.241353 255 0 0
0.652378 -0.121559 0.241299 255 0 0
0.653651 -0.122193 0.241308 255 0 0
0.654757 -0.123507 0.241826 0 0 0
0.656078 -0.124069 0.241848 0 0 0
0.657481 -0.124634 0.241804 0 0 0
0.658960 -0.125183 0.241763 255 0 0
0.660240 -0.125817 0.241776 255 0 0
0.661314 -0.127129 0.242287 255 0 0
0.662584 -0.127768 0.242298 255 0 0
0.663993 -0.128357 0.242250 255 0 0
0.665460 -0.128894 0.242205 255 0 0
0.666870 -0.129507 0.242148 255 0 0
0.668287 -0.130152 0.242084 255 0 0
0.669632 -0.130865 0.242009 255 0 0
0.671028 -0.131483 0.241949 255 0 0
0.672471 -0.132105 0.241890 255 0 0
0.673624 -0.132607 0.241830 255 0 0
0.676053 -0.132820 0.241038 255 0 0
0.676963 -0.133227 0.240973 255 0 0
0.679402 -0.133436 0.240182 255 0 0
0.680553 -0.133943 0.240121 255 0 0
0.681962 -0.134678 0.240041 0 0 0
0.683136 -0.135220 0.239973 0 0 0
0.685521 -0.135541 0.239162 255 0 0
0.686440 -0.135960 0.239096 255 0 0
0.688567 -0.136185 0.238298 255 0 0
0.598972 -0.086686 0.229139 255 0 0
0.600181 -0.087675 0.229752 255 0 0
0.601361 -0.088040 0.229929 0 0 0
0.602321 -0.090364 0.231000 0 0 0
0.603496 -0.090744 0.231163 0 0 0
0.604669 -0.092011 0.231671 0 0 0
0.605802 -0.093111 0.232508 0 0 0
0.606830 -0.094392 0.233198 0 0 0
0.608094 -0.095493 0.233854 255 0 0
0.609192 -0.095907 0.233900 255 0 0
0.610177 -0.098156 0.235109 0 0 0
0.611328 -0.098491 0.235293 0 0 0
0.612678 -0.099698 0.235885 0 0 0
0.613844 -0.100279 0.235956 255 0 0
0.615132 -0.101475 0.236522 255 0 0
0.616477 -0.101999 0.236546 255 0 0
0.617955 -0.102643 0.236491 255 0 0
0.619127 -0.103153 0.236462 255 0 0
0.620038 -0.105381 0.237654 255 0 0
0.621317 -0.105740 0.237786 255 0 0
0.622666 -0.106322 0.237823 255 0 0
0.623925 -0.107489 0.238383 255 0 0
0.625149 -0.108008 0.238483 255 0 0
0.626233 -0.109290 0.239090 255 0 0
0.627316 -0.110558 0.239696 255 0 0
0.628535 -0.111083 0.239799 255 0 0
0.629763 -0.112249 0.240351 255 0 0
0.631086 -0.112862 0.240388 255 0 0
0.632435 -0.113401 0.240517 255 0 0
0.633505 -0.114730 0.240793 255 0 0
0.634862 -0.115224 0.240956 255 0 0
0.636422 -0.115679 0.241086 255 0 0
0.637695 -0.116280 0.241111 255 0 0
0.638816 -0.117612 0.241475 255 0 0
0.640084 -0.118249 0.241476 255 0 0
0.641501 -0.118881 0.241420 255 0 0
0.642909 -0.119502 0.241361 255 0 0
0.644331 -0.120131 0.241306 255 0 0
0.645607 -0.120759 0.241324 255 0 0
0.646543 -0.121867 0.241796 255 0 0
0.648606 -0.122112 0.241227 255 0 0
0.649527 -0.123204 0.241711 255 0 0
0.650842 -0.123845 0.241745 255 0 0
0.652266 -0.124468 0.241691 255 0 0
0.653718 -0.124975 0.241653 255 0 0
0.655183 -0.125492 0.241617 255 0 0
0.656459 -0.126125 0.241629 255 0 0
0.657547 -0.127437 0.242144 255 0 0
0.658803 -0.128035 0.242162 255 0 0
0.660341 -0.128498 0.242135 255 0 0
0.661753 -0.129081 0.242088 255 0 0
0.663023 -0.129721 0.242102 255 0 0
0.664078 -0.131037 0.242609 255 0 0
0.665372 -0.131687 0.242620 255 0 0
0.666530 -0.132196 0.242563 255 0 0
0.668983 -0.132263 0.241796 255 0 0
0.670144 -0.132793 0.241731 255 0 0
0.671518 -0.133517 0.241653 255 0 0
0.672903 -0.134141 0.241592 255 0 0
0.674280 -0.134860 0.241515 255 0 0
0.675442 -0.135380 0.241452 255 0 0
0.677845 -0.135581 0.240662 255 0 0
0.678999 -0.136094 0.240599 255 0 0
0.680475 -0.136767 0.240530 255 0 0
0.681567 -0.137359 0.240455 255 0 0
0.684007 -0.137572 0.239660 255 0 0
0.684920 -0.137981 0.239593 255 0 0
0.687037 -0.138183 0.238799 255 0 0
0.595636 -0.086567 0.227978 0 0 0
0.596740 -0.086990 0.228125 0 0 0
0.598064 -0.088115 0.228803 255 0 0
0.599131 -0.089318 0.229479 255 0 0
0.600353 -0.090627 0.230131 0 0 0
0.601632 -0.091051 0.230331 0 0 0
0.602935 -0.092327 0.230800 0 0 0
0.604082 -0.092702 0.230964 0 0 0
0.605020 -0.094835 0.232287 0 0 0
0.605993 -0.095901 0.232925 0 0 0
0.607041 -0.097102 0.233611 255 0 0
0.608227 -0.098367 0.234266 0 0 0
0.609553 -0.098734 0.234508 0 0 0
0.610624 -0.100066 0.234989 0 0 0
0.611784 -0.101273 0.235604 255 0 0
0.613002 -0.101789 0.235697 255 0 0
0.614123 -0.103085 0.236310 255 0 0
0.615225 -0.104366 0.236915 255 0 0
0.616517 -0.104987 0.236926 255 0 0
0.617988 -0.105586 0.236895 255 0 0
0.619447 -0.105950 0.237082 255 0 0
0.620644 -0.107174 0.237500 255 0 0
0.621807 -0.107801 0.237568 255 0 0
0.622896 -0.109085 0.238176 255 0 0
0.623985 -0.110359 0.238784 255 0 0
0.625200 -0.110883 0.238886 255 0 0
0.626450 -0.112057 0.239446 255 0 0
0.627615 -0.112636 0.239535 255 0 0
0.628848 -0.113793 0.240088 255 0 0
0.630183 -0.114314 0.240121 255 0 0
0.631654 -0.114942 0.240090 255 0 0
0.632977 -0.115469 0.240237 255 0 0
0.633960 -0.116823 0.240689 255 0 0
0.634953 -0.118180 0.241114 255 0 0
0.636239 -0.118791 0.241118 255 0 0
0.637704 -0.119350 0.241088 255 0 0
0.639089 -0.119931 0.241059 255 0 0
0.640541 -0.120447 0.241138 0 0 0
0.641975 -0.121062 0.241098 0 0 0
0.643390 -0.121687 0.241044 0 0 0
0.644701 -0.122307 0.241080 0 0 0
0.645651 -0.123319 0.241567 255 0 0
0.647749 -0.123550 0.241017 255 0 0
0.648677 -0.124651 0.241487 255 0 0
0.649945 -0.125283 0.241506 255 0 0
0.651366 -0.125883 0.241461 255 0 0
0.652683 -0.126439 0.241485 255 0 0
0.653775 -0.127762 0.242002 255 0 0
0.655043 -0.128387 0.242013 255 0 0
0.656521 -0.128899 0.241983 255 0 0
0.657837 -0.129417 0.242016 255 0 0
0.658912 -0.130735 0.242530 255 0 0
0.660162 -0.131329 0.242549 255 0 0
0.661642 -0.131864 0.242509 255 0 0
0.663110 -0.132390 0.242466 255 0 0
0.664502 -0.132966 0.242416 255 0 0
0.665889 -0.133584 0.242356 255 0 0
0.667268 -0.134340 0.242273 255 0 0
0.668363 -0.134958 0.242193 255 0 0
0.670806 -0.135044 0.241420 255 0 0
0.671950 -0.135544 0.241360 255 0 0
0.673397 -0.136192 0.241296 255 0 0
0.674728 -0.136905 0.241219 255 0 0
0.676060 -0.137618 0.241143 255 0 0
0.677502 -0.138274 0.241077 255 0 0
0.678643 -0.138775 0.241018 255 0 0
0.681116 -0.138858 0.240245 255 0 0
0.682232 -0.139461 0.240167 255 0 0
0.683426 -0.140015 0.240097 255 0 0
0.685827 -0.140344 0.239284 255 0 0
0.686658 -0.140719 0.239237 255 0 0
0.593926 -0.086343 0.226451 0 0 0
0.595043 -0.087248 0.227252 255 0 0
0.596091 -0.088512 0.227809 255 0 0
0.597193 -0.089746 0.228504 255 0 0
0.598287 -0.090939 0.229200 255 0 0
0.599507 -0.092138 0.229845 0 0 0
0.600728 -0.092660 0.229923 0 0 0
0.601903 -0.093968 0.230546 0 0 0
0.602928 -0.095252 0.231225 0 0 0
0.604102 -0.096247 0.231961 0 0 0
0.605146 -0.097521 0.232662 255 0 0
0.606187 -0.098707 0.233347 255 0 0
0.607224 -0.099886 0.234031 255 0 0
0.608379 -0.101155 0.234668 255 0 0
0.609646 -0.101609 0.234772 255 0 0
0.610769 -0.102879 0.235392 255 0 0
0.611887 -0.104138 0.236009 255 0 0
0.613161 -0.104581 0.236117 255 0 0
0.614414 -0.105826 0.236682 0 0 0
0.615741 -0.106349 0.236699 0 0 0
0.617031 -0.106972 0.236702 0 0 0
0.618088 -0.108359 0.237308 0 0 0
0.619215 -0.109535 0.237924 255 0 0
0.620530 -0.110148 0.237945 255 0 0
0.621882 -0.110677 0.237980 255 0 0
0.623128 -0.111812 0.238542 255 0 0
0.624343 -0.112329 0.238643 255 0 0
0.625621 -0.113512 0.239210 255 0 0
0.626761 -0.114105 0.239293 255 0 0
0.627829 -0.115378 0.239900 255 0 0
0.628879 -0.116633 0.240499 255 0 0
0.630160 -0.117253 0.240520 255 0 0
0.631581 -0.117873 0.240467 255 0 0
0.633073 -0.118404 0.240441 255 0 0
0.634520 -0.118885 0.240538 255 0 0
0.635907 -0.119493 0.240501 255 0 0
0.637321 -0.120130 0.240433 255 0 0
0.638609 -0.120767 0.240428 255 0 0
0.639666 -0.122096 0.240675 0 0 0
0.640995 -0.122622 0.240816 0 0 0
0.642453 -0.123247 0.240784 0 0 0
0.643740 -0.123854 0.240810 0 0 0
0.644896 -0.125007 0.241337 0 0 0
0.646135 -0.125696 0.241348 0 0 0
0.647603 -0.126230 0.241310 0 0 0
0.649067 -0.126734 0.241275 0 0 0
0.650343 -0.127354 0.241288 0 0 0
0.651492 -0.128558 0.241822 255 0 0
0.652809 -0.129101 0.241853 255 0 0
0.654223 -0.129692 0.241809 255 0 0
0.655487 -0.130329 0.241822 255 0 0
0.656620 -0.131525 0.242351 255 0 0
0.657948 -0.132081 0.242388 255 0 0
0.659210 -0.132685 0.242413 255 0 0
0.660273 -0.133997 0.242924 255 0 0
0.661526 -0.134633 0.242938 255 0 0
0.662925 -0.135264 0.242882 255 0 0
0.664350 -0.135885 0.242822 255 0 0
0.665490 -0.136372 0.242764 255 0 0
0.667935 -0.136454 0.241991 255 0 0
0.669015 -0.137042 0.241915 255 0 0
0.670482 -0.137712 0.241846 255 0 0
0.671621 -0.138219 0.241783 255 0 0
0.674023 -0.138419 0.240991 255 0 0
0.675169 -0.138910 0.240932 255 0 0
0.676601 -0.139533 0.240872 255 0 0
0.677989 -0.140150 0.240813 255 0 0
0.679325 -0.140862 0.240738 255 0 0
0.680765 -0.141520 0.240672 255 0 0
0.681906 -0.142029 0.240609 255 0 0
0.684268 -0.142340 0.239797 255 0 0
0.685452 -0.142868 0.239733 255 0 0
0.686572 -0.143387 0.239682 255 0 0
0.591174 -0.085014 0.223980 255 0 0
0.592081 -0.086012 0.224562 255 0 0
0.593130 -0.087847 0.226162 255 0 0
0.594117 -0.088972 0.226802 0 0 0
0.595230 -0.090175 0.227509 0 0 0
0.596324 -0.091377 0.228209 0 0 0
0.597420 -0.092566 0.228911 0 0 0
0.598486 -0.093757 0.229596 0 0 0
0.599678 -0.095075 0.230232 0 0 0
0.600910 -0.095587 0.230321 0 0 0
0.602068 -0.096557 0.230924 0 0 0
0.603004 -0.098719 0.232379 0 0 0
0.604095 -0.099128 0.232427 255 0 0
0.605304 -0.100322 0.233069 255 0 0
0.606366 -0.101491 0.233770 255 0 0
0.607398 -0.102662 0.234456 255 0 0
0.608541 -0.103935 0.235093 255 0 0
0.609814 -0.104374 0.235203 255 0 0
0.610983 -0.105533 0.235837 255 0 0
0.612074 -0.106888 0.236455 255 0 0
0.613275 -0.107340 0.236536 255 0 0
0.614503 -0.108709 0.237091 255 0 0
0.615773 -0.109290 0.237099 255 0 0
0.617187 -0.109748 0.237144 255 0 0
0.618410 -0.111006 0.237696 255 0 0
0.619677 -0.111612 0.237701 255 0 0
0.620971 -0.112234 0.237720 255 0 0
0.622071 -0.113411 0.238332 255 0 0
0.623027 -0.114653 0.239016 255 0 0
0.624162 -0.115819 0.239651 255 0 0
0.625462 -0.116432 0.239677 255 0 0
0.626817 -0.116990 0.239709 255 0 0
0.627960 -0.118201 0.240126 255 0 0
0.629275 -0.118701 0.240265 255 0 0
0.630720 -0.119320 0.240228 255 0 0
0.632117 -0.119944 0.240169 255 0 0
0.633518 -0.120569 0.240111 255 0 0
0.634922 -0.121189 0.240052 255 0 0
0.636326 -0.121808 0.239994 255 0 0
0.637760 -0.122397 0.239963 255 0 0
0.639141 -0.122839 0.240128 255 0 0
0.640230 -0.124154 0.240518 255 0 0
0.641493 -0.124762 0.240531 0 0 0
0.642856 -0.125308 0.240573 0 0 0
0.643994 -0.126511 0.241105 255 0 0
0.645315 -0.127034 0.241137 0 0 0
0.646589 -0.127668 0.241155 0 0 0
0.647604 -0.128901 0.241765 0 0 0
0.648624 -0.130132 0.242375 0 0 0
0.649880 -0.130757 0.242390 0 0 0
0.651284 -0.131353 0.242345 0 0 0
0.652599 -0.131896 0.242379 0 0 0
0.653733 -0.133092 0.242910 255 0 0
0.654990 -0.133716 0.242924 255 0 0
0.656391 -0.134337 0.242869 255 0 0
0.657784 -0.134951 0.242810 255 0 0
0.659240 -0.135477 0.242767 255 0 0
0.660619 -0.136011 0.242724 255 0 0
0.662074 -0.136535 0.242681 255 0 0
0.663484 -0.137170 0.242619 255 0 0
0.664802 -0.137883 0.242543 255 0 0
0.666126 -0.138590 0.242467 255 0 0
0.667530 -0.139230 0.242404 0 0 0
0.668951 -0.139853 0.242344 0 0 0
0.670080 -0.140350 0.242284 0 0 0
0.672488 -0.140581 0.241484 0 0 0
0.673570 -0.141178 0.241407 255 0 0
0.674967 -0.141767 0.241353 255 0 0
0.676442 -0.142327 0.241303 255 0 0
0.677778 -0.143035 0.241229 255 0 0
0.679191 -0.143659 0.241167 255 0 0
0.680325 -0.144152 0.241109 255 0 0
0.682754 -0.144347 0.240314 255 0 0
0.683923 -0.144868 0.240250 255 0 0
0.685096 -0.145389 0.240182 255 0 0
0.687178 -0.145585 0.239390 255 0 0
0.588406 -0.083665 0.221511 255 0 0
0.589370 -0.084581 0.222116 255 0 0
0.590380 -0.086531 0.223703 255 0 0
0.591288 -0.087541 0.224288 255 0 0
0.592202 -0.089570 0.225701 255 0 0
0.593280 -0.090588 0.226512 0 0 0
0.594369 -0.091796 0.227217 0 0 0
0.595514 -0.092895 0.227939 0 0 0
0.596580 -0.094177 0.228641 0 0 0
0.597640 -0.095373 0.229325 0 0 0
0.598927 -0.096479 0.229985 0 0 0
0.599983 -0.096960 0.230018 0 0 0
0.600923 -0.099124 0.231480 0 0 0
0.602066 -0.100092 0.232079 255 0 0
0.603288 -0.100605 0.232173 255 0 0
0.604507 -0.101815 0.232826 255 0 0
0.605514 -0.103081 0.233513 255 0 0
0.606537 -0.104266 0.234201 255 0 0
0.607616 -0.105328 0.234907 255 0 0
0.608580 -0.106694 0.235597 255 0 0
0.609750 -0.107888 0.236227 255 0 0
0.610928 -0.108386 0.236311 255 0 0
0.612181 -0.109666 0.236872 255 0 0
0.613535 -0.110198 0.236901 255 0 0
0.614790 -0.110778 0.236909 255 0 0
0.616024 -0.112069 0.237459 255 0 0
0.617361 -0.112597 0.237486 255 0 0
0.618783 -0.113174 0.237445 255 0 0
0.620125 -0.113708 0.237477 255 0 0
0.621227 -0.114966 0.238107 255 0 0
0.622215 -0.116145 0.238786 255 0 0
0.623254 -0.117381 0.239278 255 0 0
0.624565 -0.117880 0.239420 255 0 0
0.626049 -0.118509 0.239404 255 0 0
0.627358 -0.119016 0.239542 255 0 0
0.628500 -0.120256 0.239955 255 0 0
0.629788 -0.120884 0.239969 255 0 0
0.631195 -0.121514 0.239913 0 0 0
0.632595 -0.122131 0.239854 0 0 0
0.633999 -0.122748 0.239796 0 0 0
0.635406 -0.123338 0.239747 255 0 0
0.636718 -0.123874 0.239770 255 0 0
0.637851 -0.125175 0.240306 255 0 0
0.639227 -0.125643 0.240344 255 0 0
0.640492 -0.126234 0.240365 255 0 0
0.641619 -0.127543 0.240902 255 0 0
0.642834 -0.128018 0.241006 255 0 0
0.643962 -0.129285 0.241550 255 0 0
0.645126 -0.129838 0.241648 255 0 0
0.646296 -0.131051 0.242190 255 0 0
0.647602 -0.131592 0.242216 255 0 0
0.649004 -0.132146 0.242179 0 0 0
0.650315 -0.132686 0.242206 0 0 0
0.651399 -0.134011 0.242724 0 0 0
0.652704 -0.134550 0.242751 0 0 0
0.654101 -0.135131 0.242704 0 0 0
0.655486 -0.135703 0.242654 0 0 0
0.656939 -0.136225 0.242611 255 0 0
0.658341 -0.136847 0.242556 255 0 0
0.659589 -0.137484 0.242573 255 0 0
0.660676 -0.138793 0.243083 255 0 0
0.661658 -0.139303 0.243094 255 0 0
0.664122 -0.139429 0.242318 255 0 0
0.665197 -0.140007 0.242244 255 0 0
0.666605 -0.140633 0.242182 255 0 0
0.667998 -0.141243 0.242124 255 0 0
0.669406 -0.141872 0.242063 255 0 0
0.670475 -0.142456 0.241988 255 0 0
0.672966 -0.142564 0.241214 255 0 0
0.673978 -0.143111 0.241238 255 0 0
0.674783 -0.144256 0.241700 0 0 0
0.677130 -0.144391 0.241034 0 0 0
0.678261 -0.144886 0.240974 0 0 0
0.679682 -0.145543 0.240907 255 0 0
0.680949 -0.146355 0.240815 0 0 0
0.682371 -0.147008 0.240749 0 0 0
0.683501 -0.147496 0.240691 255 0 0
0.685976 -0.147758 0.239882 255 0 0
0.686751 -0.148202 0.239813 255 0 0
0.586664 -0.083441 0.219696 255 0 0
0.587481 -0.085176 0.221027 255 0 0
0.588323 -0.087105 0.222535 0 0 0
0.589437 -0.088057 0.223345 0 0 0
0.590532 -0.089280 0.224054 255 0 0
0.591652 -0.090222 0.224886 255 0 0
0.592512 -0.092325 0.226284 255 0 0
0.593414 -0.093311 0.226871 255 0 0
0.594401 -0.095444 0.228210 0 0 0
0.595530 -0.095804 0.228384 0 0 0
0.596736 -0.096784 0.229011 0 0 0
0.597686 -0.098944 0.230472 0 0 0
0.598737 -0.099417 0.230508 0 0 0
0.600014 -0.100523 0.231170 0 0 0
0.601050 -0.101710 0.231856 255 0 0
0.602062 -0.102977 0.232544 255 0 0
0.603277 -0.104183 0.233196 255 0 0
0.604491 -0.104694 0.233295 255 0 0
0.605615 -0.105638 0.233891 255 0 0
0.606532 -0.107782 0.235360 0 0 0
0.607604 -0.108166 0.235414 0 0 0
0.608921 -0.109374 0.235987 0 0 0
0.610061 -0.109943 0.236065 0 0 0
0.611350 -0.111148 0.236630 255 0 0
0.612629 -0.111720 0.236651 255 0 0
0.613979 -0.112255 0.236681 255 0 0
0.615215 -0.113538 0.237233 255 0 0
0.616473 -0.114145 0.237236 255 0 0
0.617738 -0.114752 0.237241 255 0 0
0.618975 -0.116035 0.237794 255 0 0
0.620173 -0.116541 0.237897 255 0 0
0.621454 -0.117705 0.238484 255 0 0
0.622640 -0.118183 0.238690 255 0 0
0.623806 -0.119442 0.239113 255 0 0
0.625088 -0.120046 0.239134 255 0 0
0.626434 -0.120582 0.239172 255 0 0
0.627625 -0.121850 0.239711 255 0 0
0.628859 -0.122410 0.239723 255 0 0
0.630333 -0.122944 0.239684 255 0 0
0.631741 -0.123552 0.239626 255 0 0
0.633151 -0.124177 0.239571 255 0 0
0.634401 -0.124796 0.239579 255 0 0
0.635547 -0.126110 0.240120 255 0 0
0.636754 -0.126574 0.240220 255 0 0
0.637889 -0.127891 0.240759 255 0 0
0.639143 -0.128475 0.240779 255 0 0
0.640520 -0.128943 0.240821 255 0 0
0.641647 -0.130244 0.241360 255 0 0
0.642797 -0.130769 0.241454 255 0 0
0.643930 -0.131987 0.241988 255 0 0
0.645262 -0.132480 0.242037 255 0 0
0.646725 -0.132985 0.242007 255 0 0
0.647982 -0.133605 0.242024 0 0 0
0.649120 -0.134799 0.242556 0 0 0
0.650432 -0.135333 0.242591 0 0 0
0.651817 -0.135919 0.242544 0 0 0
0.653217 -0.136542 0.242489 0 0 0
0.654460 -0.137172 0.242505 0 0 0
0.655520 -0.138486 0.243018 255 0 0
0.656764 -0.139104 0.243035 255 0 0
0.658168 -0.139715 0.242982 255 0 0
0.659619 -0.140236 0.242938 255 0 0
0.661014 -0.140823 0.242884 255 0 0
0.662079 -0.141404 0.242810 255 0 0
0.664535 -0.141519 0.242027 255 0 0
0.665659 -0.142013 0.241967 255 0 0
0.667077 -0.142634 0.241907 255 0 0
0.668468 -0.143244 0.241849 255 0 0
0.669848 -0.143848 0.241791 255 0 0
0.671169 -0.144556 0.241717 255 0 0
0.672574 -0.145191 0.241654 255 0 0
0.674027 -0.145751 0.241603 255 0 0
0.675267 -0.146475 0.241530 0 0 0
0.676753 -0.147048 0.241476 0 0 0
0.677883 -0.147544 0.241415 0 0 0
0.680306 -0.147740 0.240618 0 0 0
0.681445 -0.148261 0.240554 0 0 0
0.682817 -0.149004 0.240472 0 0 0
0.683882 -0.149574 0.240388 0 0 0
0.686096 -0.149722 0.239585 255 0 0
0.687936 -0.149868 0.238793 255 0 0
0.584005 -0.082121 0.217282 0 0 0
0.584882 -0.083308 0.217708 255 0 0
0.585916 -0.085123 0.219331 255 0 0
0.586949 -0.086008 0.220195 255 0 0
0.587791 -0.087935 0.221591 255 0 0
0.588653 -0.089883 0.222979 255 0 0
0.589568 -0.090871 0.223566 255 0 0
0.590489 -0.092926 0.225122 255 0 0
0.591511 -0.093910 0.225786 255 0 0
0.592654 -0.095034 0.226647 255 0 0
0.593817 -0.096147 0.227515 0 0 0
0.594784 -0.097168 0.228030 0 0 0
0.595608 -0.099339 0.229571 0 0 0
0.596775 -0.100334 0.230173 0 0 0
0.597938 -0.100911 0.230251 0 0 0
0.599138 -0.102138 0.230895 255 0 0
0.600206 -0.103302 0.231601 255 0 0
0.601266 -0.104472 0.232306 255 0 0
0.602473 -0.105646 0.232951 255 0 0
0.603547 -0.106039 0.233004 255 0 0
0.604478 -0.108225 0.234469 0 0 0
0.605515 -0.109256 0.234926 0 0 0
0.606706 -0.109747 0.235132 0 0 0
0.608028 -0.110939 0.235728 0 0 0
0.609228 -0.111422 0.235824 0 0 0
0.610504 -0.112736 0.236389 0 0 0
0.611587 -0.113297 0.236445 0 0 0
0.612840 -0.114597 0.237002 0 0 0
0.614167 -0.115120 0.237029 0 0 0
0.615590 -0.115722 0.236983 255 0 0
0.616880 -0.116345 0.236994 255 0 0
0.618064 -0.117602 0.237423 255 0 0
0.619243 -0.118082 0.237625 255 0 0
0.620527 -0.119283 0.238209 255 0 0
0.621665 -0.119854 0.238302 255 0 0
0.622917 -0.121006 0.238864 255 0 0
0.624087 -0.121511 0.238959 255 0 0
0.625268 -0.122838 0.239510 255 0 0
0.626632 -0.123298 0.239546 255 0 0
0.627886 -0.123879 0.239562 255 0 0
0.629034 -0.125244 0.240097 255 0 0
0.630271 -0.125855 0.240102 255 0 0
0.631677 -0.126478 0.240047 255 0 0
0.633095 -0.127096 0.239994 255 0 0
0.634387 -0.127614 0.240020 255 0 0
0.635540 -0.128819 0.240557 255 0 0
0.636893 -0.129353 0.240601 255 0 0
0.638135 -0.129923 0.240624 255 0 0
0.639278 -0.131171 0.241153 255 0 0
0.640620 -0.131717 0.241196 255 0 0
0.641893 -0.132279 0.241237 255 0 0
0.643123 -0.133291 0.241791 255 0 0
0.644247 -0.133902 0.241892 255 0 0
0.645355 -0.135209 0.242430 255 0 0
0.646508 -0.135760 0.242534 255 0 0
0.647658 -0.136966 0.243073 255 0 0
0.648885 -0.137544 0.243096 255 0 0
0.650341 -0.138081 0.243055 0 0 0
0.651730 -0.138682 0.242998 0 0 0
0.653117 -0.139283 0.242942 255 0 0
0.654576 -0.139831 0.242893 255 0 0
0.655889 -0.140494 0.242827 255 0 0
0.657257 -0.141116 0.242767 255 0 0
0.658635 -0.141733 0.242708 255 0 0
0.660020 -0.142343 0.242650 255 0 0
0.661396 -0.142949 0.242592 255 0 0
0.662714 -0.143657 0.242518 255 0 0
0.664106 -0.144296 0.242455 255 0 0
0.665485 -0.144904 0.242397 255 0 0
0.666867 -0.145512 0.242340 255 0 0
0.668250 -0.146119 0.242282 255 0 0
0.669633 -0.146727 0.242224 255 0 0
0.671047 -0.147346 0.242164 255 0 0
0.672164 -0.147835 0.242105 255 0 0
0.674512 -0.147967 0.241440 255 0 0
0.675306 -0.149102 0.241900 255 0 0
0.676302 -0.149631 0.241928 255 0 0
0.678767 -0.149860 0.241131 255 0 0
0.679623 -0.150249 0.241068 0 0 0
0.682112 -0.150487 0.240260 0 0 0
0.682979 -0.150860 0.240201 255 0 0
0.685387 -0.151286 0.239369 0 0 0
0.686153 -0.151811 0.239277 0 0 0
0.688332 -0.151979 0.238477 255 0 0
0.584616 -0.084076 0.217064 255 0 0
0.585350 -0.086055 0.218347 255 0 0
0.586185 -0.087989 0.219725 255 0 0
0.587217 -0.088853 0.220594 255 0 0
0.588149 -0.090876 0.222045 255 0 0
0.589070 -0.091857 0.222644 0 0 0
0.590042 -0.093790 0.224257 0 0 0
0.590996 -0.094698 0.224987 0 0 0
0.591918 -0.096739 0.226431 0 0 0
0.592834 -0.097623 0.227030 0 0 0
0.593674 -0.099759 0.228592 0 0 0
0.594712 -0.100751 0.229250 0 0 0
0.595841 -0.102017 0.229766 0 0 0
0.597101 -0.102424 0.229981 0 0 0
0.598352 -0.103625 0.230659 0 0 0
0.599359 -0.104893 0.231349 0 0 0
0.600449 -0.105963 0.232060 0 0 0
0.601451 -0.107230 0.232753 0 0 0
0.602460 -0.108530 0.233440 0 0 0
0.603629 -0.109636 0.233993 0 0 0
0.604918 -0.109972 0.234337 0 0 0
0.606066 -0.111211 0.234870 0 0 0
0.607077 -0.112398 0.235549 255 0 0
0.608153 -0.113772 0.236168 255 0 0
0.609463 -0.114303 0.236187 255 0 0
0.610744 -0.114871 0.236210 255 0 0
0.612009 -0.116063 0.236769 255 0 0
0.613273 -0.116655 0.236783 255 0 0
0.614689 -0.117280 0.236728 255 0 0
0.616135 -0.117900 0.236691 255 0 0
0.617446 -0.118403 0.236832 255 0 0
0.618492 -0.119640 0.237329 255 0 0
0.619624 -0.120802 0.237961 255 0 0
0.620823 -0.121305 0.238075 255 0 0
0.621887 -0.122573 0.238691 255 0 0
0.622954 -0.123827 0.239303 255 0 0
0.624117 -0.124333 0.239404 255 0 0
0.625302 -0.125573 0.239953 255 0 0
0.626581 -0.126172 0.239976 255 0 0
0.628046 -0.126699 0.239937 255 0 0
0.629431 -0.127275 0.239886 255 0 0
0.630827 -0.127892 0.239828 255 0 0
0.632217 -0.128481 0.239780 255 0 0
0.633550 -0.129010 0.239818 255 0 0
0.634711 -0.130250 0.240353 255 0 0
0.635951 -0.130860 0.240368 255 0 0
0.637234 -0.131470 0.240400 255 0 0
0.638403 -0.132562 0.240938 0 0 0
0.639755 -0.133092 0.240983 0 0 0
0.640892 -0.133569 0.240967 0 0 0
0.641743 -0.135692 0.242337 0 0 0
0.642875 -0.136164 0.242321 0 0 0
0.644198 -0.136691 0.242355 0 0 0
0.645308 -0.137874 0.242882 255 0 0
0.646651 -0.138410 0.242932 255 0 0
0.647895 -0.139018 0.242954 255 0 0
0.648920 -0.140307 0.243326 255 0 0
0.650209 -0.140831 0.243489 255 0 0
0.651665 -0.141453 0.243455 255 0 0
0.652786 -0.141929 0.243385 0 0 0
0.655140 -0.142099 0.242606 255 0 0
0.656322 -0.142499 0.242558 255 0 0
0.657741 -0.143108 0.242500 255 0 0
0.659121 -0.143714 0.242442 255 0 0
0.660502 -0.144320 0.242385 255 0 0
0.661887 -0.144919 0.242329 255 0 0
0.663268 -0.145522 0.242272 255 0 0
0.664648 -0.146128 0.242214 255 0 0
0.666028 -0.146735 0.242156 255 0 0
0.667408 -0.147342 0.242099 255 0 0
0.668788 -0.147949 0.242041 255 0 0
0.670170 -0.148556 0.241984 255 0 0
0.671536 -0.149165 0.241925 255 0 0
0.672852 -0.149870 0.241851 255 0 0
0.674327 -0.150456 0.241796 255 0 0
0.675617 -0.151122 0.241729 255 0 0
0.676957 -0.151842 0.241652 255 0 0
0.678089 -0.152346 0.241578 0 0 0
0.680462 -0.152716 0.240760 255 0 0
0.681321 -0.153092 0.240699 255 0 0
0.683552 -0.153205 0.239890 255 0 0
0.685771 -0.153334 0.239077 255 0 0
0.686578 -0.153801 0.239000 255 0 0
0.688698 -0.154052 0.238191 0 0 0
0.584855 -0.087069 0.217415 0 0 0
0.585671 -0.088808 0.218901 0 0 0
0.586442 -0.090807 0.220121 255 0 0
0.587591 -0.091775 0.221077 255 0 0
0.588582 -0.092859 0.221727 0 0 0
0.589474 -0.094695 0.223278 0 0 0
0.590191 -0.096519 0.224608 0 0 0
0.590909 -0.098338 0.225929 0 0 0
0.591717 -0.100282 0.227447 0 0 0
0.592738 -0.101252 0.228122 0 0 0
0.593966 -0.102431 0.228804 0 0 0
0.595131 -0.102684 0.229105 0 0 0
0.595964 -0.104997 0.230262 0 0 0
0.597105 -0.106027 0.230889 0 0 0
0.598259 -0.106296 0.231086 0 0 0
0.599295 -0.108489 0.232356 0 0 0
0.600413 -0.108804 0.232535 0 0 0
0.601818 -0.110001 0.233159 0 0 0
0.602865 -0.110383 0.233312 0 0 0
0.603760 -0.112509 0.234668 0 0 0
0.604655 -0.113542 0.235297 0 0 0
0.605846 -0.114726 0.235957 255 0 0
0.607175 -0.115236 0.235990 255 0 0
0.608591 -0.115848 0.235944 255 0 0
0.609861 -0.116439 0.235959 255 0 0
0.611121 -0.117635 0.236518 255 0 0
0.612387 -0.118221 0.236533 255 0 0
0.613801 -0.118848 0.236478 255 0 0
0.615211 -0.119484 0.236421 255 0 0
0.616478 -0.120072 0.236444 255 0 0
0.617662 -0.121122 0.237097 255 0 0
0.618606 -0.122363 0.237789 255 0 0
0.619667 -0.123584 0.238412 255 0 0
0.620925 -0.124026 0.238540 255 0 0
0.622135 -0.125226 0.239104 255 0 0
0.623294 -0.125732 0.239203 255 0 0
0.624499 -0.127001 0.239751 255 0 0
0.625720 -0.127597 0.239758 255 0 0
0.627119 -0.128226 0.239702 0 0 0
0.628510 -0.128841 0.239644 0 0 0
0.629906 -0.129423 0.239596 0 0 0
0.631203 -0.129944 0.239620 0 0 0
0.632346 -0.131287 0.240155 255 0 0
0.633631 -0.131823 0.240177 255 0 0
0.635026 -0.132375 0.240140 255 0 0
0.636361 -0.132900 0.240184 255 0 0
0.637373 -0.134173 0.240784 255 0 0
0.638300 -0.135467 0.241233 255 0 0
0.639484 -0.135971 0.241489 0 0 0
0.640744 -0.136971 0.242071 0 0 0
0.642018 -0.137553 0.242109 0 0 0
0.643289 -0.138167 0.242147 0 0 0
0.644431 -0.139291 0.242672 255 0 0
0.645683 -0.139885 0.242706 255 0 0
0.647124 -0.140499 0.242680 255 0 0
0.648423 -0.140986 0.242846 255 0 0
0.649468 -0.142167 0.243225 255 0 0
0.650771 -0.142813 0.243250 255 0 0
0.651899 -0.143297 0.243194 255 0 0
0.654101 -0.143569 0.242512 255 0 0
0.654929 -0.144720 0.242972 0 0 0
0.656164 -0.145374 0.242998 0 0 0
0.657549 -0.145990 0.242944 0 0 0
0.658924 -0.146594 0.242887 255 0 0
0.660299 -0.147199 0.242829 255 0 0
0.661674 -0.147805 0.242772 255 0 0
0.663049 -0.148410 0.242714 255 0 0
0.664424 -0.149015 0.242657 255 0 0
0.665802 -0.149620 0.242600 255 0 0
0.667167 -0.150176 0.242553 255 0 0
0.668611 -0.150690 0.242509 255 0 0
0.670009 -0.151323 0.242446 255 0 0
0.671345 -0.152046 0.242369 255 0 0
0.672433 -0.152537 0.242310 255 0 0
0.674934 -0.152642 0.241520 255 0 0
0.676012 -0.153226 0.241446 255 0 0
0.677145 -0.153716 0.241386 255 0 0
0.679571 -0.153941 0.240590 255 0 0
0.680715 -0.154467 0.240511 255 0 0
0.681738 -0.155147 0.240410 255 0 0
0.684121 -0.155557 0.239581 255 0 0
0.684973 -0.155934 0.239522 255 0 0
0.687494 -0.156164 0.238712 255 0 0
0.688275 -0.156521 0.238668 255 0 0
0.584040 -0.088672 0.217011 0 0 0
0.584929 -0.090519 0.218543 255 0 0
0.585883 -0.091539 0.219278 255 0 0
0.586744 -0.093629 0.220560 255 0 0
0.587715 -0.094554 0.221304 0 0 0
0.588527 -0.096489 0.222686 0 0 0
0.589393 -0.098309 0.224247 0 0 0
0.590383 -0.099127 0.225127 0 0 0
0.591325 -0.101023 0.226754 0 0 0
0.592294 -0.102104 0.227393 255 0 0
0.593354 -0.103092 0.228090 255 0 0
0.594214 -0.105390 0.229269 0 0 0
0.595383 -0.105644 0.229579 0 0 0
0.596522 -0.106682 0.230216 0 0 0
0.597421 -0.108891 0.231403 0 0 0
0.598579 -0.109154 0.231705 0 0 0
0.599665 -0.110476 0.232091 0 0 0
0.600892 -0.111668 0.232749 0 0 0
0.601881 -0.112066 0.232893 0 0 0
0.602915 -0.114074 0.234279 0 0 0
0.603843 -0.115110 0.234928 0 0 0
0.605012 -0.116280 0.235572 0 0 0
0.606218 -0.116875 0.235595 0 0 0
0.607692 -0.117418 0.235677 0 0 0
0.608983 -0.118002 0.235711 0 0 0
0.610244 -0.119191 0.236271 0 0 0
0.611505 -0.119780 0.236288 255 0 0
0.612910 -0.120373 0.236239 255 0 0
0.614397 -0.120916 0.236196 0 0 0
0.615539 -0.121391 0.236172 255 0 0
0.616515 -0.123541 0.237560 255 0 0
0.617563 -0.123915 0.237628 255 0 0
0.618676 -0.125045 0.238247 255 0 0
0.619770 -0.126304 0.238880 255 0 0
0.620919 -0.126806 0.238984 255 0 0
0.622120 -0.128042 0.239538 255 0 0
0.623430 -0.128527 0.239579 255 0 0
0.624880 -0.129023 0.239546 255 0 0
0.626278 -0.129627 0.239490 0 0 0
0.627677 -0.130247 0.239435 0 0 0
0.628907 -0.130857 0.239444 0 0 0
0.630041 -0.132221 0.239980 0 0 0
0.631322 -0.132700 0.240008 0 0 0
0.632786 -0.133201 0.239979 0 0 0
0.634027 -0.133811 0.239990 0 0 0
0.635148 -0.135149 0.240524 0 0 0
0.636473 -0.135639 0.240580 255 0 0
0.637838 -0.136046 0.240780 255 0 0
0.638796 -0.137313 0.241247 255 0 0
0.639824 -0.138495 0.241818 255 0 0
0.641042 -0.139213 0.241727 255 0 0
0.642306 -0.139702 0.241889 255 0 0
0.643491 -0.140812 0.242443 255 0 0
0.644745 -0.141403 0.242479 255 0 0
0.646142 -0.142029 0.242431 255 0 0
0.647394 -0.142630 0.242468 0 0 0
0.648522 -0.143733 0.242989 0 0 0
0.649784 -0.144321 0.243026 0 0 0
0.651156 -0.144937 0.242973 255 0 0
0.652479 -0.145634 0.242901 255 0 0
0.653916 -0.146138 0.242860 255 0 0
0.655348 -0.146602 0.242825 0 0 0
0.656731 -0.147199 0.242770 0 0 0
0.658103 -0.147803 0.242712 255 0 0
0.659476 -0.148407 0.242655 255 0 0
0.660848 -0.149005 0.242597 255 0 0
0.662226 -0.149604 0.242539 255 0 0
0.663599 -0.150208 0.242482 255 0 0
0.664982 -0.150821 0.242429 255 0 0
0.666220 -0.151458 0.242455 255 0 0
0.667305 -0.152639 0.242969 255 0 0
0.668268 -0.153152 0.242993 255 0 0
0.670701 -0.153347 0.242200 255 0 0
0.671815 -0.153850 0.242137 255 0 0
0.672887 -0.154454 0.242058 255 0 0
0.675314 -0.154695 0.241247 255 0 0
0.676415 -0.155219 0.241182 255 0 0
0.677726 -0.156050 0.241087 255 0 0
0.678827 -0.156573 0.241021 255 0 0
0.681104 -0.156535 0.240232 255 0 0
0.683223 -0.156777 0.239414 0 0 0
0.684331 -0.157247 0.239345 0 0 0
0.685671 -0.157973 0.239266 255 0 0
0.687110 -0.158635 0.239201 255 0 0
0.688142 -0.159098 0.239159 255 0 0
0.585103 -0.093532 0.218788 255 0 0
0.586146 -0.094358 0.219690 255 0 0
0.586997 -0.096438 0.220987 255 0 0
0.588019 -0.097277 0.221883 255 0 0
0.588884 -0.099088 0.223448 0 0 0
0.589584 -0.100913 0.224770 0 0 0
0.590396 -0.102849 0.226163 0 0 0
0.591276 -0.103797 0.226758 0 0 0
0.592333 -0.105802 0.228308 0 0 0
0.593469 -0.106082 0.228581 0 0 0
0.594557 -0.107389 0.228968 0 0 0
0.595693 -0.108489 0.229836 0 0 0
0.596824 -0.109580 0.230704 0 0 0
0.597892 -0.110899 0.231093 0 0 0
0.599113 -0.111350 0.231388 0 0 0
0.600263 -0.112566 0.231936 0 0 0
0.601303 -0.113714 0.232646 0 0 0
0.602386 -0.114822 0.233517 0 0 0
0.603411 -0.115964 0.234225 0 0 0
0.604534 -0.117206 0.234753 0 0 0
0.605704 -0.117711 0.234936 0 0 0
0.606890 -0.119068 0.235247 0 0 0
0.608074 -0.119593 0.235435 0 0 0
0.609295 -0.120851 0.235888 0 0 0
0.610607 -0.121353 0.236029 255 0 0
0.611881 -0.121942 0.236056 255 0 0
0.613109 -0.123231 0.236613 255 0 0
0.614243 -0.123803 0.236709 255 0 0
0.615566 -0.124866 0.237293 255 0 0
0.616684 -0.125423 0.237392 255 0 0
0.617817 -0.126634 0.238026 255 0 0
0.618851 -0.127849 0.238517 255 0 0
0.620017 -0.128313 0.238745 255 0 0
0.621289 -0.129486 0.239329 255 0 0
0.622389 -0.130084 0.239409 255 0 0
0.623502 -0.131417 0.239807 255 0 0
0.624786 -0.131934 0.239963 255 0 0
0.626215 -0.132549 0.239932 255 0 0
0.627588 -0.133115 0.239883 255 0 0
0.629120 -0.133543 0.239858 255 0 0
0.630337 -0.134114 0.239875 255 0 0
0.631458 -0.135473 0.240409 255 0 0
0.632687 -0.136074 0.240420 255 0 0
0.634160 -0.136606 0.240385 255 0 0
0.635368 -0.137167 0.240406 255 0 0
0.636519 -0.138406 0.240944 255 0 0
0.637743 -0.138972 0.241076 255 0 0
0.638624 -0.140009 0.241432 255 0 0
0.640767 -0.139989 0.241217 255 0 0
0.641542 -0.141194 0.241611 255 0 0
0.642484 -0.142441 0.242067 255 0 0
0.643769 -0.142927 0.242234 255 0 0
0.645196 -0.143496 0.242216 255 0 0
0.646518 -0.144024 0.242265 255 0 0
0.647617 -0.145229 0.242786 0 0 0
0.648832 -0.145823 0.242807 0 0 0
0.650220 -0.146439 0.242755 255 0 0
0.651594 -0.147006 0.242710 255 0 0
0.652878 -0.147542 0.242743 0 0 0
0.653930 -0.148845 0.243258 0 0 0
0.655145 -0.149475 0.243278 0 0 0
0.656512 -0.150038 0.243234 255 0 0
0.657966 -0.150556 0.243195 255 0 0
0.659200 -0.151174 0.243229 255 0 0
0.660267 -0.152353 0.243748 255 0 0
0.661491 -0.152980 0.243773 255 0 0
0.662867 -0.153591 0.243720 255 0 0
0.664233 -0.154192 0.243663 255 0 0
0.665637 -0.154798 0.243603 255 0 0
0.666725 -0.155272 0.243544 255 0 0
0.669147 -0.155449 0.242743 255 0 0
0.670274 -0.155954 0.242678 255 0 0
0.671401 -0.156458 0.242612 255 0 0
0.673785 -0.156792 0.241786 255 0 0
0.674614 -0.157172 0.241723 255 0 0
0.677082 -0.157380 0.240914 255 0 0
0.678195 -0.157878 0.240852 255 0 0
0.679265 -0.158484 0.240773 255 0 0
0.681646 -0.158891 0.239933 255 0 0
0.682686 -0.159487 0.239856 255 0 0
0.684079 -0.160110 0.239795 255 0 0
0.685443 -0.160664 0.239748 255 0 0
0.686948 -0.161237 0.239695 255 0 0
0.687930 -0.161816 0.239635 255 0 0
0.584660 -0.094225 0.218035 255 0 0
0.585374 -0.096333 0.219214 255 0 0
0.586412 -0.097158 0.220125 0 0 0
0.587220 -0.099065 0.221522 0 0 0
0.587930 -0.100887 0.222848 0 0 0
0.588779 -0.102688 0.224409 0 0 0
0.589883 -0.103610 0.225376 0 0 0
0.590831 -0.104659 0.226026 0 0 0
0.591751 -0.106664 0.227486 0 0 0
0.592818 -0.107794 0.227970 0 0 0
0.593958 -0.108085 0.228262 255 0 0
0.594874 -0.110273 0.229473 0 0 0
0.596008 -0.111319 0.230115 0 0 0
0.597214 -0.111758 0.230409 0 0 0
0.598463 -0.113111 0.230784 0 0 0
0.599535 -0.113451 0.231034 0 0 0
0.600505 -0.115528 0.232288 0 0 0
0.601445 -0.116554 0.232950 0 0 0
0.602629 -0.117719 0.233642 0 0 0
0.603807 -0.118158 0.233939 0 0 0
0.605018 -0.119479 0.234310 0 0 0
0.606238 -0.119883 0.234619 0 0 0
0.607502 -0.121134 0.235105 0 0 0
0.608675 -0.121629 0.235305 0 0 0
0.609880 -0.122891 0.235742 0 0 0
0.611026 -0.123509 0.235822 0 0 0
0.612221 -0.124763 0.236259 255 0 0
0.613395 -0.125258 0.236462 255 0 0
0.614603 -0.126519 0.236917 255 0 0
0.615764 -0.126982 0.237130 255 0 0
0.617070 -0.128119 0.237748 255 0 0
0.618288 -0.128528 0.237993 255 0 0
0.619304 -0.129827 0.238485 255 0 0
0.620375 -0.131012 0.239091 255 0 0
0.621672 -0.131595 0.239144 255 0 0
0.622979 -0.132084 0.239306 255 0 0
0.624103 -0.133304 0.239708 255 0 0
0.625370 -0.133895 0.239736 255 0 0
0.626661 -0.134422 0.239763 255 0 0
0.627788 -0.135788 0.240299 255 0 0
0.629013 -0.136385 0.240310 255 0 0
0.630470 -0.136904 0.240271 255 0 0
0.631840 -0.137470 0.240221 255 0 0
0.633227 -0.138093 0.240167 255 0 0
0.634484 -0.138680 0.240199 255 0 0
0.635646 -0.139807 0.240735 255 0 0
0.636946 -0.140400 0.240792 255 0 0
0.638198 -0.140941 0.240920 255 0 0
0.639186 -0.142309 0.241162 255 0 0
0.640585 -0.142724 0.241377 255 0 0
0.641974 -0.143121 0.241591 255 0 0
0.643026 -0.144399 0.241977 255 0 0
0.644099 -0.145019 0.242063 255 0 0
0.645215 -0.146232 0.242590 255 0 0
0.646529 -0.146762 0.242640 255 0 0
0.647901 -0.147333 0.242595 255 0 0
0.649275 -0.147904 0.242550 255 0 0
0.650557 -0.148438 0.242583 0 0 0
0.651621 -0.149732 0.243104 0 0 0
0.652890 -0.150219 0.243144 0 0 0
0.654343 -0.150695 0.243118 0 0 0
0.655574 -0.151315 0.243143 0 0 0
0.656583 -0.152579 0.243658 255 0 0
0.657873 -0.153105 0.243697 255 0 0
0.659333 -0.153612 0.243659 255 0 0
0.660684 -0.154160 0.243612 0 0 0
0.662050 -0.154760 0.243556 0 0 0
0.663413 -0.155360 0.243499 0 0 0
0.664779 -0.155960 0.243442 0 0 0
0.666127 -0.156563 0.243384 255 0 0
0.667414 -0.157275 0.243309 255 0 0
0.668841 -0.157964 0.243237 255 0 0
0.669852 -0.158544 0.243164 255 0 0
0.672303 -0.158793 0.242346 255 0 0
0.673058 -0.159250 0.242273 0 0 0
0.675511 -0.159507 0.241453 0 0 0
0.676573 -0.160110 0.241375 0 0 0
0.677681 -0.160605 0.241311 255 0 0
0.679874 -0.160667 0.240506 255 0 0
0.682089 -0.160783 0.239686 255 0 0
0.683197 -0.161280 0.239631 255 0 0
0.684496 -0.161969 0.239677 255 0 0
0.685241 -0.162909 0.240129 255 0 0
0.687606 -0.163231 0.239451 255 0 0
0.688298 -0.163654 0.239396 255 0 0
0.584937 -0.097026 0.218473 255 0 0
0.585572 -0.099024 0.219616 255 0 0
0.586436 -0.100833 0.221175 255 0 0
0.587424 -0.101663 0.222052 255 0 0
0.588283 -0.103470 0.223628 255 0 0
0.589032 -0.105435 0.224867 255 0 0
0.590047 -0.106445 0.225669 0 0 0
0.591171 -0.107566 0.226541 0 0 0
0.592166 -0.108576 0.227214 0 0 0
0.593102 -0.110759 0.228441 0 0 0
0.594213 -0.111044 0.228723 0 0 0
0.595399 -0.112252 0.229279 0 0 0
0.596566 -0.113502 0.229816 0 0 0
0.597763 -0.113934 0.230113 0 0 0
0.598874 -0.115181 0.230654 0 0 0
0.599992 -0.116302 0.231523 0 0 0
0.600958 -0.117504 0.232089 0 0 0
0.602031 -0.118644 0.232806 0 0 0
0.603145 -0.119884 0.233342 0 0 0
0.604337 -0.120301 0.233658 0 0 0
0.605455 -0.121559 0.234191 0 0 0
0.606541 -0.122818 0.234698 0 0 0
0.607709 -0.123321 0.234899 0 0 0
0.608928 -0.124566 0.235354 0 0 0
0.610263 -0.125057 0.235517 0 0 0
0.611602 -0.125549 0.235682 255 0 0
0.612809 -0.126792 0.236134 255 0 0
0.613976 -0.127298 0.236343 255 0 0
0.615023 -0.128511 0.236853 255 0 0
0.615999 -0.129719 0.237539 255 0 0
0.617014 -0.131014 0.238033 0 0 0
0.618228 -0.131423 0.238282 0 0 0
0.619481 -0.132545 0.238865 0 0 0
0.620738 -0.133134 0.238897 255 0 0
0.621999 -0.133727 0.238929 255 0 0
0.623219 -0.134886 0.239478 255 0 0
0.624301 -0.135443 0.239572 255 0 0
0.625484 -0.136694 0.240117 255 0 0
0.626798 -0.137199 0.240159 255 0 0
0.628176 -0.137771 0.240113 255 0 0
0.629546 -0.138391 0.240056 255 0 0
0.630920 -0.139001 0.239998 255 0 0
0.632307 -0.139617 0.239945 0 0 0
0.633554 -0.140207 0.239977 0 0 0
0.634721 -0.141333 0.240513 0 0 0
0.635960 -0.141874 0.240553 0 0 0
0.637458 -0.142403 0.240545 0 0 0
0.638748 -0.142907 0.240720 0 0 0
0.639656 -0.144231 0.241162 0 0 0
0.640567 -0.145539 0.241609 255 0 0
0.641913 -0.145982 0.241798 255 0 0
0.643220 -0.146573 0.241861 255 0 0
0.644265 -0.147747 0.242244 255 0 0
0.645539 -0.148231 0.242410 255 0 0
0.646972 -0.148846 0.242386 255 0 0
0.648176 -0.149443 0.242410 255 0 0
0.649265 -0.150636 0.242929 255 0 0
0.650588 -0.151123 0.242993 255 0 0
0.651866 -0.151617 0.243041 0 0 0
0.652909 -0.152930 0.243558 0 0 0
0.654126 -0.153498 0.243594 0 0 0
0.655499 -0.153950 0.243652 0 0 0
0.656502 -0.155148 0.244173 0 0 0
0.657782 -0.155681 0.244214 255 0 0
0.659163 -0.156280 0.244163 255 0 0
0.660520 -0.156877 0.244106 0 0 0
0.661879 -0.157475 0.244050 0 0 0
0.663237 -0.158072 0.243993 0 0 0
0.664592 -0.158670 0.243936 0 0 0
0.666000 -0.159321 0.243870 0 0 0
0.667006 -0.159898 0.243797 0 0 0
0.669508 -0.160019 0.242995 255 0 0
0.670197 -0.160554 0.242913 255 0 0
0.672735 -0.160742 0.242097 255 0 0
0.673426 -0.161282 0.242015 0 0 0
0.675956 -0.161398 0.241213 0 0 0
0.677040 -0.161920 0.241148 0 0 0
0.678297 -0.162758 0.241054 0 0 0
0.679658 -0.163404 0.240992 0 0 0
0.681011 -0.163956 0.240946 255 0 0
0.682454 -0.164464 0.240902 255 0 0
0.683832 -0.165054 0.240845 255 0 0
0.685231 -0.165673 0.240786 255 0 0
0.686268 -0.166160 0.240739 255 0 0
0.585091 -0.100024 0.218696 0 0 0
0.585876 -0.101730 0.220212 0 0 0
0.586588 -0.103545 0.221546 255 0 0
0.587455 -0.105367 0.223121 255 0 0
0.588379 -0.106247 0.223855 0 0 0
0.589290 -0.108224 0.225336 0 0 0
0.590253 -0.109287 0.225986 0 0 0
0.591307 -0.110481 0.226698 0 0 0
0.592461 -0.111523 0.227595 0 0 0
0.593612 -0.112774 0.228106 0 0 0
0.594732 -0.113312 0.228270 0 0 0
0.595974 -0.114451 0.228974 0 0 0
0.596964 -0.115701 0.229533 0 0 0
0.598022 -0.116857 0.230252 0 0 0
0.599209 -0.118017 0.230944 0 0 0
0.600353 -0.118435 0.231250 0 0 0
0.601535 -0.119589 0.231944 0 0 0
0.602590 -0.120714 0.232668 0 0 0
0.603562 -0.121972 0.233231 0 0 0
0.604677 -0.123222 0.233764 0 0 0
0.605883 -0.123601 0.234088 0 0 0
0.607145 -0.124847 0.234576 255 0 0
0.608311 -0.125342 0.234777 255 0 0
0.609507 -0.126604 0.235216 0 0 0
0.610648 -0.127230 0.235298 0 0 0
0.611818 -0.128444 0.235723 255 0 0
0.613047 -0.128833 0.235972 255 0 0
0.614180 -0.130075 0.236639 255 0 0
0.615300 -0.131217 0.237284 255 0 0
0.616455 -0.131678 0.237518 255 0 0
0.617493 -0.132934 0.238009 255 0 0
0.618519 -0.134175 0.238498 255 0 0
0.619806 -0.134668 0.238653 255 0 0
0.621114 -0.135288 0.238698 255 0 0
0.622245 -0.136508 0.239116 0 0 0
0.623412 -0.137006 0.239335 255 0 0
0.624589 -0.138226 0.239747 255 0 0
0.625819 -0.138819 0.239748 255 0 0
0.627179 -0.139426 0.239716 255 0 0
0.628596 -0.139924 0.239815 255 0 0
0.630009 -0.140518 0.239780 255 0 0
0.631383 -0.141087 0.239735 255 0 0
0.632699 -0.141606 0.239779 0 0 0
0.633847 -0.142844 0.240319 0 0 0
0.634910 -0.143454 0.240400 0 0 0
0.635971 -0.144752 0.240786 0 0 0
0.637248 -0.145261 0.240954 0 0 0
0.638783 -0.145776 0.240967 0 0 0
0.640050 -0.146218 0.241139 0 0 0
0.641106 -0.147396 0.241527 0 0 0
0.642407 -0.147982 0.241590 0 0 0
0.643759 -0.148423 0.241779 0 0 0
0.644785 -0.149688 0.242155 255 0 0
0.646000 -0.150288 0.242181 255 0 0
0.647341 -0.150816 0.242240 255 0 0
0.648428 -0.151973 0.242770 255 0 0
0.649544 -0.152496 0.242884 255 0 0
0.650599 -0.153756 0.243416 255 0 0
0.651963 -0.154196 0.243471 0 0 0
0.653183 -0.154769 0.243510 0 0 0
0.654209 -0.156036 0.244036 0 0 0
0.655414 -0.156497 0.244170 0 0 0
0.656487 -0.157610 0.244702 0 0 0
0.657703 -0.158226 0.244739 0 0 0
0.659069 -0.158832 0.244688 255 0 0
0.660423 -0.159427 0.244632 255 0 0
0.661777 -0.160023 0.244575 255 0 0
0.663162 -0.160633 0.244515 255 0 0
0.664238 -0.161119 0.244453 255 0 0
0.666673 -0.161368 0.243633 255 0 0
0.667353 -0.161911 0.243550 255 0 0
0.669887 -0.162093 0.242733 255 0 0
0.670569 -0.162630 0.242651 255 0 0
0.673077 -0.162752 0.241846 255 0 0
0.674135 -0.163385 0.241764 0 0 0
0.675189 -0.164019 0.241683 0 0 0
0.677693 -0.164078 0.240891 0 0 0
0.678786 -0.164559 0.240839 0 0 0
0.680056 -0.165210 0.240872 255 0 0
0.681051 -0.166327 0.241373 255 0 0
0.682287 -0.166965 0.241418 255 0 0
0.683709 -0.167630 0.241357 255 0 0
0.684715 -0.168207 0.241283 255 0 0
0.686855 -0.168276 0.240494 255 0 0
0.584675 -0.100888 0.217845 255 0 0
0.585385 -0.102717 0.219301 255 0 0
0.586158 -0.104402 0.220806 255 0 0
0.586965 -0.106296 0.222219 255 0 0
0.587890 -0.107181 0.222958 255 0 0
0.588794 -0.109194 0.224432 255 0 0
0.589761 -0.110211 0.225102 255 0 0
0.590901 -0.111323 0.225981 255 0 0
0.591888 -0.112582 0.226536 255 0 0
0.593139 -0.113722 0.227242 255 0 0
0.594258 -0.114260 0.227406 0 0 0
0.595409 -0.115496 0.227930 0 0 0
0.596549 -0.116569 0.228814 0 0 0
0.597520 -0.117807 0.229380 0 0 0
0.598604 -0.118946 0.230105 0 0 0
0.599586 -0.120186 0.230675 0 0 0
0.600601 -0.121328 0.231377 0 0 0
0.601694 -0.122376 0.232276 0 0 0
0.602856 -0.123546 0.232945 0 0 0
0.604013 -0.124010 0.233155 0 0 0
0.605101 -0.125276 0.233667 255 0 0
0.606184 -0.126529 0.234172 0 0 0
0.607334 -0.126993 0.234384 0 0 0
0.608629 -0.128171 0.234976 0 0 0
0.609933 -0.128717 0.235024 0 0 0
0.611166 -0.129047 0.235160 0 0 0
0.612002 -0.131328 0.236238 255 0 0
0.613091 -0.131659 0.236435 255 0 0
0.614309 -0.132864 0.236897 255 0 0
0.615457 -0.133324 0.237117 255 0 0
0.616766 -0.134481 0.237731 255 0 0
0.617912 -0.134940 0.237953 255 0 0
0.619057 -0.136161 0.238375 255 0 0
0.620356 -0.136780 0.238420 255 0 0
0.621644 -0.137272 0.238575 0 0 0
0.622795 -0.138477 0.239012 255 0 0
0.624088 -0.138963 0.239180 255 0 0
0.625514 -0.139489 0.239185 255 0 0
0.626767 -0.140086 0.239195 255 0 0
0.627864 -0.141390 0.239554 255 0 0
0.629092 -0.142025 0.239566 255 0 0
0.630326 -0.142661 0.239579 255 0 0
0.631395 -0.143943 0.239967 255 0 0
0.632730 -0.144366 0.240145 255 0 0
0.634188 -0.144931 0.240150 255 0 0
0.635469 -0.145409 0.240318 255 0 0
0.636539 -0.146592 0.240707 255 0 0
0.637789 -0.147192 0.240745 0 0 0
0.639111 -0.147726 0.240799 0 0 0
0.640237 -0.148950 0.241332 0 0 0
0.641277 -0.149526 0.241427 0 0 0
0.642396 -0.150740 0.241960 0 0 0
0.643708 -0.151227 0.242022 0 0 0
0.644989 -0.151711 0.242070 0 0 0
0.646057 -0.152976 0.242606 0 0 0
0.647244 -0.153435 0.242732 255 0 0
0.648305 -0.154653 0.243276 255 0 0
0.649505 -0.155103 0.243407 255 0 0
0.650594 -0.156227 0.243945 0 0 0
0.651831 -0.156841 0.243986 0 0 0
0.653116 -0.157375 0.244038 0 0 0
0.654050 -0.158520 0.244658 0 0 0
0.654996 -0.159716 0.245276 0 0 0
0.656172 -0.160283 0.245314 0 0 0
0.657613 -0.160788 0.245276 255 0 0
0.658971 -0.161373 0.245220 255 0 0
0.660315 -0.161966 0.245164 255 0 0
0.661715 -0.162617 0.245098 255 0 0
0.662708 -0.163193 0.245024 255 0 0
0.664851 -0.163239 0.244215 255 0 0
0.667055 -0.163378 0.243385 255 0 0
0.667765 -0.163804 0.243318 255 0 0
0.670239 -0.164075 0.242487 255 0 0
0.671270 -0.164674 0.242411 255 0 0
0.672392 -0.165218 0.242342 255 0 0
0.674814 -0.165411 0.241531 255 0 0
0.675815 -0.165989 0.241458 255 0 0
0.677234 -0.166652 0.241398 255 0 0
0.678475 -0.167283 0.241446 0 0 0
0.679523 -0.168256 0.241956 0 0 0
0.680794 -0.168901 0.242002 0 0 0
0.681879 -0.169395 0.241947 0 0 0
0.684323 -0.169593 0.241133 255 0 0
0.685380 -0.170234 0.241052 255 0 0
0.686373 -0.170869 0.240984 255 0 0
0.584585 -0.104284 0.218929 255 0 0
0.585320 -0.106290 0.220292 255 0 0
0.586319 -0.107100 0.221200 255 0 0
0.587207 -0.109068 0.222683 0 0 0
0.588227 -0.110072 0.223487 0 0 0
0.589202 -0.111112 0.224162 255 0 0
0.590217 -0.113181 0.225435 255 0 0
0.591273 -0.113530 0.225683 0 0 0
0.592471 -0.114781 0.226233 0 0 0
0.593668 -0.116013 0.226790 0 0 0
0.594711 -0.116359 0.227042 0 0 0
0.595859 -0.118418 0.228271 0 0 0
0.596890 -0.118739 0.228535 0 0 0
0.598102 -0.119897 0.229236 0 0 0
0.599157 -0.121031 0.229976 0 0 0
0.600134 -0.121946 0.230671 0 0 0
0.600912 -0.124044 0.232106 0 0 0
0.601957 -0.125087 0.232684 255 0 0
0.603076 -0.125645 0.232786 255 0 0
0.604392 -0.126853 0.233386 255 0 0
0.605545 -0.127309 0.233596 255 0 0
0.606616 -0.128518 0.234111 255 0 0
0.607767 -0.129717 0.234752 0 0 0
0.608843 -0.130260 0.234837 0 0 0
0.610115 -0.131547 0.235429 0 0 0
0.611340 -0.131922 0.235676 0 0 0
0.612530 -0.133119 0.236125 255 0 0
0.613689 -0.133624 0.236340 255 0 0
0.614735 -0.134871 0.236843 255 0 0
0.615774 -0.136113 0.237342 255 0 0
0.616929 -0.136616 0.237562 255 0 0
0.618098 -0.137837 0.237996 255 0 0
0.619388 -0.138320 0.238161 255 0 0
0.620676 -0.138899 0.238217 255 0 0
0.621884 -0.140054 0.238769 255 0 0
0.622969 -0.140647 0.238859 255 0 0
0.624086 -0.141961 0.239226 255 0 0
0.625331 -0.142553 0.239236 0 0 0
0.626742 -0.143074 0.239236 0 0 0
0.628143 -0.143542 0.239333 255 0 0
0.629598 -0.144134 0.239325 255 0 0
0.630883 -0.144649 0.239479 255 0 0
0.631885 -0.145924 0.239732 255 0 0
0.633179 -0.146450 0.239891 255 0 0
0.634469 -0.147032 0.239955 255 0 0
0.635631 -0.148162 0.240494 255 0 0
0.636706 -0.148728 0.240603 255 0 0
0.637835 -0.149943 0.241141 255 0 0
0.639147 -0.150420 0.241203 255 0 0
0.640467 -0.150903 0.241268 0 0 0
0.641578 -0.152066 0.241806 0 0 0
0.642679 -0.152583 0.241917 0 0 0
0.643761 -0.153867 0.242462 0 0 0
0.644955 -0.154305 0.242589 0 0 0
0.646080 -0.155441 0.243140 0 0 0
0.647209 -0.155972 0.243269 0 0 0
0.648167 -0.157136 0.243900 0 0 0
0.649125 -0.158339 0.244521 0 0 0
0.650311 -0.158911 0.244563 0 0 0
0.651608 -0.159436 0.244617 0 0 0
0.652698 -0.160579 0.245143 0 0 0
0.653972 -0.161054 0.245197 0 0 0
0.655239 -0.161538 0.245249 0 0 0
0.656247 -0.162835 0.245762 255 0 0
0.657437 -0.163451 0.245789 255 0 0
0.658828 -0.164065 0.245735 255 0 0
0.659881 -0.164527 0.245678 255 0 0
0.662356 -0.164575 0.244885 255 0 0
0.663393 -0.165208 0.244803 255 0 0
0.664423 -0.165843 0.244723 255 0 0
0.666848 -0.166057 0.243904 255 0 0
0.667942 -0.166567 0.243840 255 0 0
0.668967 -0.167167 0.243764 255 0 0
0.671141 -0.167241 0.242942 255 0 0
0.673252 -0.167458 0.242104 255 0 0
0.674331 -0.167946 0.242041 255 0 0
0.675721 -0.168566 0.241988 255 0 0
0.676964 -0.169194 0.242037 255 0 0
0.678014 -0.170170 0.242549 255 0 0
0.679276 -0.170812 0.242595 255 0 0
0.680334 -0.171271 0.242546 0 0 0
0.682772 -0.171647 0.241702 0 0 0
0.683535 -0.171990 0.241648 255 0 0
0.686072 -0.172258 0.240818 255 0 0
0.686739 -0.172710 0.240761 255 0 0
0.584891 -0.106957 0.219575 0 0 0
0.585482 -0.108965 0.220690 0 0 0
0.586352 -0.110756 0.222278 0 0 0
0.587306 -0.111777 0.222937 0 0 0
0.588428 -0.112872 0.223820 0 0 0
0.589565 -0.113971 0.224688 0 0 0
0.590656 -0.115270 0.225100 0 0 0
0.591851 -0.115708 0.225391 0 0 0
0.593088 -0.116855 0.226098 0 0 0
0.594058 -0.118086 0.226668 0 0 0
0.595202 -0.119176 0.227549 0 0 0
0.596172 -0.120367 0.228125 0 0 0
0.597231 -0.121559 0.228856 0 0 0
0.598151 -0.122574 0.229507 0 0 0
0.598925 -0.124622 0.230951 0 0 0
0.599970 -0.125494 0.231800 0 0 0
0.601037 -0.126738 0.232325 0 0 0
0.602179 -0.127205 0.232532 0 0 0
0.603559 -0.128259 0.233156 0 0 0
0.604674 -0.128819 0.233257 0 0 0
0.605783 -0.130086 0.233903 0 0 0
0.606890 -0.131245 0.234531 0 0 0
0.607999 -0.131786 0.234632 0 0 0
0.609269 -0.132966 0.235205 0 0 0
0.610379 -0.133555 0.235298 255 0 0
0.611561 -0.134799 0.235734 255 0 0
0.612702 -0.135256 0.235953 255 0 0
0.614015 -0.136417 0.236570 255 0 0
0.615153 -0.136876 0.236792 255 0 0
0.616339 -0.138055 0.237255 255 0 0
0.617558 -0.138489 0.237501 255 0 0
0.618684 -0.139808 0.237913 255 0 0
0.619769 -0.140393 0.238001 255 0 0
0.620978 -0.141544 0.238553 255 0 0
0.622247 -0.142111 0.238606 255 0 0
0.623673 -0.142616 0.238710 255 0 0
0.625028 -0.143217 0.238680 255 0 0
0.626259 -0.143807 0.238685 255 0 0
0.627374 -0.145016 0.239062 255 0 0
0.628625 -0.145633 0.239087 255 0 0
0.630037 -0.146203 0.239069 255 0 0
0.631376 -0.146627 0.239249 255 0 0
0.632447 -0.147915 0.239644 255 0 0
0.633535 -0.148522 0.239745 255 0 0
0.634699 -0.149604 0.240296 255 0 0
0.635888 -0.150095 0.240438 255 0 0
0.637029 -0.151321 0.240984 255 0 0
0.638058 -0.151890 0.241079 255 0 0
0.639191 -0.153137 0.241620 255 0 0
0.640326 -0.153635 0.241750 255 0 0
0.641505 -0.154652 0.242309 255 0 0
0.642670 -0.155180 0.242451 0 0 0
0.643634 -0.156346 0.243086 0 0 0
0.644613 -0.157560 0.243717 0 0 0
0.645655 -0.158146 0.243833 0 0 0
0.646794 -0.159212 0.244369 0 0 0
0.648112 -0.159677 0.244441 0 0 0
0.649374 -0.160153 0.244492 0 0 0
0.650407 -0.161452 0.245011 0 0 0
0.651682 -0.161976 0.245056 0 0 0
0.652864 -0.162528 0.245100 0 0 0
0.653911 -0.163705 0.245610 0 0 0
0.655220 -0.164216 0.245671 255 0 0
0.656563 -0.164760 0.245630 255 0 0
0.657910 -0.165355 0.245574 255 0 0
0.659231 -0.165960 0.245516 255 0 0
0.660528 -0.166683 0.245440 255 0 0
0.661594 -0.167186 0.245377 255 0 0
0.664086 -0.167267 0.244576 255 0 0
0.665039 -0.167965 0.244486 255 0 0
0.666116 -0.168492 0.244418 255 0 0
0.668621 -0.168523 0.243624 0 0 0
0.669599 -0.169100 0.243552 255 0 0
0.671043 -0.169818 0.243478 255 0 0
0.672022 -0.170403 0.243406 255 0 0
0.674330 -0.170688 0.242735 255 0 0
0.675054 -0.171562 0.243187 255 0 0
0.676359 -0.172126 0.243255 255 0 0
0.677745 -0.172759 0.243198 255 0 0
0.679043 -0.173481 0.243123 255 0 0
0.680076 -0.173954 0.243067 255 0 0
0.682607 -0.174238 0.242232 255 0 0
0.683292 -0.174665 0.242167 255 0 0
0.685549 -0.174814 0.241326 255 0 0
0.687347 -0.174880 0.240523 255 0 0
0.585128 -0.109698 0.220032 0 0 0
0.585928 -0.111610 0.221570 255 0 0
0.586775 -0.112552 0.222155 255 0 0
0.587645 -0.114637 0.223468 255 0 0
0.588763 -0.115701 0.224115 255 0 0
0.589973 -0.116138 0.224415 255 0 0
0.591054 -0.117438 0.224818 0 0 0
0.592210 -0.118517 0.225706 0 0 0
0.593238 -0.119663 0.226427 0 0 0
0.594286 -0.120813 0.227157 0 0 0
0.595328 -0.121957 0.227886 0 0 0
0.596368 -0.123094 0.228616 0 0 0
0.597384 -0.124250 0.229349 0 0 0
0.598375 -0.125186 0.230188 0 0 0
0.599314 -0.127228 0.231439 0 0 0
0.600360 -0.127534 0.231723 0 0 0
0.601425 -0.128483 0.232218 0 0 0
0.602290 -0.130668 0.233720 0 0 0
0.603424 -0.131134 0.233704 0 0 0
0.604759 -0.131631 0.233742 0 0 0
0.606018 -0.132774 0.234314 0 0 0
0.607132 -0.133352 0.234408 255 0 0
0.608308 -0.134590 0.234840 255 0 0
0.609627 -0.135077 0.235009 255 0 0
0.610949 -0.135565 0.235184 255 0 0
0.611988 -0.136811 0.235684 255 0 0
0.613009 -0.138006 0.236176 0 0 0
0.614225 -0.138389 0.236439 0 0 0
0.615305 -0.139628 0.237091 0 0 0
0.616334 -0.140853 0.237705 0 0 0
0.617644 -0.141365 0.237756 255 0 0
0.618894 -0.141951 0.237790 255 0 0
0.620017 -0.143156 0.238204 255 0 0
0.621279 -0.143636 0.238353 255 0 0
0.622689 -0.144247 0.238325 255 0 0
0.624066 -0.144857 0.238274 255 0 0
0.625302 -0.145430 0.238308 255 0 0
0.626478 -0.146560 0.238848 255 0 0
0.627727 -0.147145 0.238886 255 0 0
0.628932 -0.147740 0.238909 255 0 0
0.630072 -0.148958 0.239447 0 0 0
0.631379 -0.149430 0.239507 0 0 0
0.632689 -0.149909 0.239571 0 0 0
0.633657 -0.151128 0.240184 0 0 0
0.634618 -0.152343 0.240791 255 0 0
0.635936 -0.152858 0.240852 255 0 0
0.637178 -0.153395 0.240907 255 0 0
0.638337 -0.154459 0.241446 255 0 0
0.639355 -0.154794 0.241535 255 0 0
0.640195 -0.156928 0.242951 255 0 0
0.641105 -0.157350 0.243020 255 0 0
0.642278 -0.158428 0.243558 255 0 0
0.643603 -0.158934 0.243623 0 0 0
0.644835 -0.159463 0.243684 0 0 0
0.645941 -0.160571 0.244209 0 0 0
0.647001 -0.161140 0.244336 0 0 0
0.648071 -0.162334 0.244859 0 0 0
0.649380 -0.162837 0.244917 0 0 0
0.650727 -0.163400 0.244883 0 0 0
0.651961 -0.163981 0.244936 0 0 0
0.653033 -0.165044 0.245443 255 0 0
0.654249 -0.165628 0.245494 255 0 0
0.655602 -0.166230 0.245445 0 0 0
0.656933 -0.166770 0.245398 0 0 0
0.658345 -0.167265 0.245354 0 0 0
0.659701 -0.167835 0.245301 0 0 0
0.661063 -0.168485 0.245234 255 0 0
0.661974 -0.169172 0.245148 255 0 0
0.664475 -0.169250 0.244345 255 0 0
0.665507 -0.169715 0.244286 255 0 0
0.666820 -0.170482 0.244204 255 0 0
0.668132 -0.171252 0.244123 0 0 0
0.669159 -0.171718 0.244065 0 0 0
0.671676 -0.171747 0.243269 0 0 0
0.672672 -0.172325 0.243204 0 0 0
0.674002 -0.172927 0.243247 255 0 0
0.674954 -0.174149 0.243747 255 0 0
0.675862 -0.174646 0.243778 255 0 0
0.678418 -0.174698 0.242989 255 0 0
0.679496 -0.175227 0.242922 255 0 0
0.680439 -0.175916 0.242836 255 0 0
0.682989 -0.176043 0.242020 255 0 0
0.683693 -0.176501 0.241950 255 0 0
0.686165 -0.176980 0.241086 255 0 0
0.686825 -0.177402 0.241021 255 0 0
0.584992 -0.113371 0.220992 255 0 0
0.585995 -0.114323 0.221807 255 0 0
0.587118 -0.115411 0.222698 255 0 0
0.588207 -0.116554 0.223418 255 0 0
0.589321 -0.117852 0.223835 255 0 0
0.590457 -0.118123 0.224124 255 0 0
0.591378 -0.120291 0.225361 255 0 0
0.592356 -0.121324 0.226031 255 0 0
0.593395 -0.122438 0.226765 255 0 0
0.594497 -0.123502 0.227659 255 0 0
0.595506 -0.124645 0.228384 255 0 0
0.596541 -0.125779 0.229118 255 0 0
0.597539 -0.126924 0.229845 255 0 0
0.598658 -0.127987 0.230742 255 0 0
0.599544 -0.128889 0.231265 255 0 0
0.600292 -0.131057 0.232882 255 0 0
0.601372 -0.131945 0.233470 0 0 0
0.602632 -0.132528 0.233507 255 0 0
0.603895 -0.133161 0.233524 255 0 0
0.605059 -0.134401 0.233942 255 0 0
0.606381 -0.134879 0.234121 255 0 0
0.607703 -0.135365 0.234292 255 0 0
0.608875 -0.136600 0.234725 0 0 0
0.609987 -0.137176 0.234823 0 0 0
0.611286 -0.138307 0.235423 0 0 0
0.612348 -0.138589 0.235630 0 0 0
0.613175 -0.140866 0.236722 0 0 0
0.614249 -0.141185 0.236927 0 0 0
0.615460 -0.142367 0.237354 255 0 0
0.616657 -0.142931 0.237391 255 0 0
0.618122 -0.143450 0.237506 255 0 0
0.619433 -0.143964 0.237670 255 0 0
0.620465 -0.145237 0.237941 255 0 0
0.621742 -0.145747 0.238094 255 0 0
0.623168 -0.146356 0.238069 255 0 0
0.624394 -0.146933 0.238103 255 0 0
0.625573 -0.148058 0.238647 255 0 0
0.626807 -0.148592 0.238693 255 0 0
0.628129 -0.149104 0.238747 0 0 0
0.629279 -0.150340 0.239292 0 0 0
0.630297 -0.150908 0.239383 0 0 0
0.631430 -0.152103 0.239937 0 0 0
0.632702 -0.152515 0.240097 0 0 0
0.633877 -0.153541 0.240653 0 0 0
0.635078 -0.154127 0.240689 0 0 0
0.636333 -0.154742 0.240739 0 0 0
0.637332 -0.155842 0.241359 255 0 0
0.638152 -0.157147 0.242092 255 0 0
0.639202 -0.158123 0.242719 255 0 0
0.640306 -0.158660 0.242864 255 0 0
0.641421 -0.159777 0.243393 255 0 0
0.642650 -0.160362 0.243443 255 0 0
0.643887 -0.160948 0.243497 255 0 0
0.644993 -0.162043 0.244023 255 0 0
0.646104 -0.162597 0.244171 255 0 0
0.647214 -0.163673 0.244671 0 0 0
0.648393 -0.164372 0.244599 0 0 0
0.649730 -0.164872 0.244671 0 0 0
0.651021 -0.165496 0.244741 0 0 0
0.652009 -0.166622 0.245118 0 0 0
0.653253 -0.167094 0.245286 0 0 0
0.654657 -0.167696 0.245268 0 0 0
0.655848 -0.168334 0.245295 0 0 0
0.656794 -0.169553 0.245650 0 0 0
0.658067 -0.170081 0.245831 0 0 0
0.659164 -0.170541 0.245807 0 0 0
0.661649 -0.170585 0.245010 255 0 0
0.662613 -0.171152 0.244939 255 0 0
0.664055 -0.171863 0.244863 255 0 0
0.665015 -0.172436 0.244793 255 0 0
0.667526 -0.172463 0.243995 255 0 0
0.668555 -0.172926 0.243937 0 0 0
0.669846 -0.173650 0.243862 0 0 0
0.671204 -0.174283 0.243799 255 0 0
0.672548 -0.174864 0.243744 255 0 0
0.673971 -0.175355 0.243700 255 0 0
0.675294 -0.175931 0.243647 255 0 0
0.676513 -0.176778 0.243557 255 0 0
0.677553 -0.177285 0.243494 255 0 0
0.680091 -0.177388 0.242683 255 0 0
0.681031 -0.178076 0.242597 255 0 0
0.682108 -0.178603 0.242529 255 0 0
0.684329 -0.178700 0.241701 255 0 0
0.686290 -0.178682 0.240875 255 0 0
0.688374 -0.179182 0.240009 255 0 0
0.689017 -0.179560 0.239946 255 0 0
0.584552 -0.114028 0.220282 255 0 0
0.585238 -0.116117 0.221467 0 0 0
0.586200 -0.117150 0.222136 0 0 0
0.587446 -0.118322 0.222853 0 0 0
0.588512 -0.118632 0.223116 0 0 0
0.589607 -0.120789 0.224321 0 0 0
0.590700 -0.121037 0.224623 0 0 0
0.591919 -0.122166 0.225340 255 0 0
0.592857 -0.123201 0.226004 255 0 0
0.593742 -0.125158 0.227500 255 0 0
0.594640 -0.126180 0.228151 255 0 0
0.595684 -0.127325 0.228893 0 0 0
0.596713 -0.128475 0.229632 0 0 0
0.597679 -0.129347 0.230304 0 0 0
0.598420 -0.131467 0.231940 0 0 0
0.599378 -0.132322 0.232604 0 0 0
0.600517 -0.133489 0.233261 0 0 0
0.601750 -0.134063 0.233288 255 0 0
0.603178 -0.134643 0.233266 255 0 0
0.604515 -0.135063 0.233438 255 0 0
0.605664 -0.136411 0.233855 255 0 0
0.606738 -0.136985 0.233934 255 0 0
0.608007 -0.138161 0.234507 0 0 0
0.609101 -0.138702 0.234615 0 0 0
0.610186 -0.139840 0.235244 0 0 0
0.611302 -0.141076 0.235920 0 0 0
0.612516 -0.141443 0.236182 0 0 0
0.613669 -0.142609 0.236623 255 0 0
0.614971 -0.143147 0.236785 255 0 0
0.616178 -0.143720 0.236827 255 0 0
0.617324 -0.144936 0.237217 255 0 0
0.618599 -0.145512 0.237274 255 0 0
0.619948 -0.145926 0.237458 255 0 0
0.621030 -0.147229 0.237854 255 0 0
0.622236 -0.147806 0.237874 0 0 0
0.623559 -0.148308 0.237925 0 0 0
0.624712 -0.149569 0.238473 0 0 0
0.625733 -0.150117 0.238561 0 0 0
0.626882 -0.151368 0.239108 0 0 0
0.628187 -0.151822 0.239169 0 0 0
0.629505 -0.152277 0.239238 0 0 0
0.630539 -0.153370 0.239866 0 0 0
0.631320 -0.154702 0.240575 0 0 0
0.632333 -0.155803 0.241195 0 0 0
0.633575 -0.156416 0.241245 0 0 0
0.634776 -0.156991 0.241284 0 0 0
0.635949 -0.158061 0.241833 0 0 0
0.637130 -0.158539 0.241987 0 0 0
0.638258 -0.159608 0.242533 0 0 0
0.639358 -0.160163 0.242675 255 0 0
0.640480 -0.161257 0.243206 255 0 0
0.641714 -0.161833 0.243260 255 0 0
0.642950 -0.162413 0.243314 255 0 0
0.644051 -0.163506 0.243840 255 0 0
0.645187 -0.164130 0.243988 255 0 0
0.646006 -0.165143 0.244296 255 0 0
0.648098 -0.165300 0.244086 0 0 0
0.648837 -0.166362 0.244266 0 0 0
0.650160 -0.166896 0.244457 0 0 0
0.651473 -0.167415 0.244649 0 0 0
0.652388 -0.168610 0.244899 0 0 0
0.653636 -0.169130 0.245055 0 0 0
0.655085 -0.169716 0.245065 255 0 0
0.656332 -0.170182 0.245251 255 0 0
0.657298 -0.171291 0.245611 255 0 0
0.658519 -0.171926 0.245654 255 0 0
0.659781 -0.172644 0.245589 0 0 0
0.661162 -0.173286 0.245524 0 0 0
0.662192 -0.173740 0.245468 0 0 0
0.664684 -0.173781 0.244667 255 0 0
0.665665 -0.174400 0.244589 255 0 0
0.666967 -0.175179 0.244507 255 0 0
0.668281 -0.175768 0.244450 255 0 0
0.669619 -0.176355 0.244394 255 0 0
0.670954 -0.176942 0.244338 255 0 0
0.672323 -0.177538 0.244280 255 0 0
0.673359 -0.177992 0.244226 255 0 0
0.675909 -0.178027 0.243424 255 0 0
0.676976 -0.178550 0.243358 255 0 0
0.677906 -0.179238 0.243272 0 0 0
0.680447 -0.179341 0.242459 255 0 0
0.681518 -0.179870 0.242392 0 0 0
0.682455 -0.180561 0.242305 0 0 0
0.684663 -0.180719 0.241464 0 0 0
0.686538 -0.180865 0.240614 255 0 0
0.688458 -0.180802 0.239811 255 0 0
0.584877 -0.116847 0.220823 0 0 0
0.585784 -0.117969 0.221444 0 0 0
0.586856 -0.119139 0.222164 0 0 0
0.587842 -0.120363 0.222743 0 0 0
0.589003 -0.121446 0.223644 0 0 0
0.589975 -0.122640 0.224216 0 0 0
0.591047 -0.123829 0.224955 255 0 0
0.592012 -0.124730 0.225622 0 0 0
0.592869 -0.126716 0.227272 0 0 0
0.593788 -0.127723 0.227930 0 0 0
0.594841 -0.128875 0.228682 0 0 0
0.595809 -0.129750 0.229353 0 0 0
0.596549 -0.131877 0.230991 0 0 0
0.597508 -0.132732 0.231661 0 0 0
0.598531 -0.133912 0.232395 255 0 0
0.599587 -0.135112 0.232909 0 0 0
0.600871 -0.135611 0.233060 0 0 0
0.602112 -0.136194 0.233093 0 0 0
0.603327 -0.137417 0.233662 0 0 0
0.604705 -0.137826 0.233718 0 0 0
0.605958 -0.138375 0.233755 0 0 0
0.607159 -0.139630 0.234324 0 0 0
0.608287 -0.140089 0.234432 0 0 0
0.609379 -0.141336 0.235086 0 0 0
0.610457 -0.142470 0.235714 0 0 0
0.611539 -0.143014 0.235827 255 0 0
0.612771 -0.144179 0.236389 255 0 0
0.613995 -0.144715 0.236430 255 0 0
0.615311 -0.145222 0.236481 255 0 0
0.616488 -0.146440 0.237039 255 0 0
0.617576 -0.146907 0.237135 255 0 0
0.618718 -0.148231 0.237696 255 0 0
0.620061 -0.148644 0.237741 255 0 0
0.621269 -0.149196 0.237769 0 0 0
0.622371 -0.150513 0.238319 0 0 0
0.623715 -0.150918 0.238366 0 0 0
0.624974 -0.151460 0.238416 0 0 0
0.626180 -0.152561 0.238976 0 0 0
0.627198 -0.153133 0.239075 0 0 0
0.628227 -0.154372 0.239722 0 0 0
0.629287 -0.155447 0.240371 255 0 0
0.630443 -0.155942 0.240514 255 0 0
0.631534 -0.157084 0.241060 255 0 0
0.632796 -0.157558 0.241107 255 0 0
0.634057 -0.158158 0.241156 0 0 0
0.635138 -0.159349 0.241695 0 0 0
0.636264 -0.159839 0.241830 0 0 0
0.637367 -0.161020 0.242377 0 0 0
0.638498 -0.161504 0.242513 0 0 0
0.639595 -0.162712 0.243046 0 0 0
0.640778 -0.163297 0.243080 0 0 0
0.642008 -0.163884 0.243133 0 0 0
0.643101 -0.164957 0.243653 255 0 0
0.644372 -0.165514 0.243729 255 0 0
0.645695 -0.166001 0.243804 255 0 0
0.647048 -0.166716 0.243649 255 0 0
0.648315 -0.167228 0.243786 255 0 0
0.649259 -0.168434 0.244007 255 0 0
0.650497 -0.169050 0.244081 255 0 0
0.651816 -0.169478 0.244387 0 0 0
0.652761 -0.170655 0.244663 0 0 0
0.654021 -0.171182 0.244832 0 0 0
0.655295 -0.171759 0.244922 0 0 0
0.656339 -0.172809 0.245424 0 0 0
0.657558 -0.173385 0.245481 0 0 0
0.658899 -0.173978 0.245432 0 0 0
0.660232 -0.174559 0.245377 0 0 0
0.661547 -0.175147 0.245321 0 0 0
0.662829 -0.175871 0.245246 0 0 0
0.663874 -0.176372 0.245184 0 0 0
0.666403 -0.176382 0.244385 255 0 0
0.667437 -0.176838 0.244329 255 0 0
0.668805 -0.177435 0.244270 255 0 0
0.670138 -0.178021 0.244215 255 0 0
0.671470 -0.178607 0.244159 255 0 0
0.672798 -0.179242 0.244095 255 0 0
0.674005 -0.180089 0.244005 255 0 0
0.675038 -0.180587 0.243943 255 0 0
0.677572 -0.180699 0.243128 255 0 0
0.678498 -0.181388 0.243042 255 0 0
0.679559 -0.181913 0.242976 255 0 0
0.682135 -0.182039 0.242155 255 0 0
0.682757 -0.182567 0.242078 0 0 0
0.684988 -0.182732 0.241235 255 0 0
0.687156 -0.183000 0.240386 255 0 0
0.687870 -0.183365 0.240336 255 0 0
0.584961 -0.119855 0.220942 0 0 0
0.585977 -0.120840 0.221766 0 0 0
0.586972 -0.122060 0.222349 0 0 0
0.588051 -0.123161 0.223090 0 0 0
0.589175 -0.124234 0.223994 0 0 0
0.590083 -0.125252 0.224648 0 0 0
0.590950 -0.127235 0.226303 0 0 0
0.591905 -0.128132 0.226972 0 0 0
0.592958 -0.129288 0.227727 0 0 0
0.593869 -0.130287 0.228385 0 0 0
0.594640 -0.132325 0.229852 255 0 0
0.595675 -0.133131 0.230720 255 0 0
0.596660 -0.134271 0.231453 255 0 0
0.597838 -0.135428 0.232140 0 0 0
0.598958 -0.135883 0.232357 0 0 0
0.600162 -0.137081 0.232810 0 0 0
0.601333 -0.137575 0.232923 0 0 0
0.602401 -0.138835 0.233558 0 0 0
0.603443 -0.140093 0.234183 0 0 0
0.604690 -0.140639 0.234223 0 0 0
0.606030 -0.141051 0.234265 0 0 0
0.607214 -0.142399 0.234837 0 0 0
0.608324 -0.142865 0.234940 0 0 0
0.609571 -0.143993 0.235516 0 0 0
0.610656 -0.144527 0.235627 0 0 0
0.611901 -0.145695 0.236197 0 0 0
0.612948 -0.146233 0.236294 255 0 0
0.614145 -0.147447 0.236865 255 0 0
0.615338 -0.147850 0.236991 255 0 0
0.616484 -0.149136 0.237566 255 0 0
0.617650 -0.149525 0.237677 255 0 0
0.618828 -0.150713 0.238247 255 0 0
0.620052 -0.151303 0.238277 255 0 0
0.621325 -0.151807 0.238318 255 0 0
0.622315 -0.152998 0.238960 255 0 0
0.623329 -0.154198 0.239610 0 0 0
0.624422 -0.154687 0.239725 0 0 0
0.625593 -0.155870 0.240297 0 0 0
0.626702 -0.156359 0.240412 255 0 0
0.627842 -0.157518 0.240971 255 0 0
0.629124 -0.158010 0.241013 255 0 0
0.630395 -0.158519 0.241055 255 0 0
0.631444 -0.159828 0.241594 255 0 0
0.632630 -0.160369 0.241630 255 0 0
0.633977 -0.160787 0.241687 0 0 0
0.635036 -0.162009 0.242237 0 0 0
0.636195 -0.162434 0.242364 0 0 0
0.637263 -0.163699 0.242908 0 0 0
0.638510 -0.164209 0.242946 0 0 0
0.639844 -0.164720 0.242917 0 0 0
0.641148 -0.165217 0.242977 0 0 0
0.642215 -0.166405 0.243498 0 0 0
0.643380 -0.166978 0.243529 255 0 0
0.644729 -0.167581 0.243480 255 0 0
0.646064 -0.168163 0.243425 255 0 0
0.647439 -0.168743 0.243394 255 0 0
0.648824 -0.169232 0.243488 255 0 0
0.650007 -0.169801 0.243546 255 0 0
0.651064 -0.170934 0.243936 255 0 0
0.652215 -0.171442 0.244197 0 0 0
0.653209 -0.172570 0.244589 0 0 0
0.654331 -0.173183 0.244743 0 0 0
0.655384 -0.174251 0.245257 0 0 0
0.656581 -0.174770 0.245321 0 0 0
0.658004 -0.175256 0.245286 0 0 0
0.659341 -0.175830 0.245232 0 0 0
0.660669 -0.176413 0.245177 0 0 0
0.662008 -0.176985 0.245123 0 0 0
0.663318 -0.177566 0.245067 0 0 0
0.664554 -0.178278 0.244995 0 0 0
0.665922 -0.178959 0.244926 0 0 0
0.667157 -0.179674 0.244854 0 0 0
0.668466 -0.180258 0.244798 255 0 0
0.669835 -0.180846 0.244740 255 0 0
0.670865 -0.181293 0.244686 0 0 0
0.673417 -0.181385 0.243872 255 0 0
0.674391 -0.181963 0.243800 0 0 0
0.675365 -0.182536 0.243729 0 0 0
0.677926 -0.182637 0.242913 255 0 0
0.678986 -0.183164 0.242846 255 0 0
0.679903 -0.183859 0.242761 255 0 0
0.682464 -0.183985 0.241938 0 0 0
0.683141 -0.184429 0.241870 255 0 0
0.685605 -0.184857 0.241009 255 0 0
0.686367 -0.185223 0.240945 255 0 0
0.688468 -0.185443 0.240124 255 0 0
0.584529 -0.120497 0.220249 0 0 0
0.585505 -0.122371 0.221575 255 0 0
0.586424 -0.122857 0.221704 255 0 0
0.587514 -0.123922 0.222327 255 0 0
0.588432 -0.125888 0.223840 255 0 0
0.589203 -0.126797 0.224412 255 0 0
0.590114 -0.128759 0.225929 0 0 0
0.591023 -0.129741 0.226597 0 0 0
0.592126 -0.130806 0.227511 0 0 0
0.593101 -0.131954 0.228245 255 0 0
0.594087 -0.132877 0.229096 255 0 0
0.594871 -0.134905 0.230411 255 0 0
0.595774 -0.135908 0.231077 255 0 0
0.596901 -0.137000 0.231765 0 0 0
0.598062 -0.137382 0.232013 0 0 0
0.599177 -0.138641 0.232677 0 0 0
0.600242 -0.139848 0.233317 0 0 0
0.601465 -0.140235 0.233452 0 0 0
0.602704 -0.141476 0.234033 0 0 0
0.603716 -0.142003 0.234106 0 0 0
0.604935 -0.143300 0.234673 0 0 0
0.606233 -0.143745 0.234724 0 0 0
0.607528 -0.144207 0.234776 0 0 0
0.608730 -0.145440 0.235345 255 0 0
0.609843 -0.145901 0.235455 255 0 0
0.611052 -0.147132 0.236028 255 0 0
0.612167 -0.147596 0.236144 255 0 0
0.613197 -0.148842 0.236778 0 0 0
0.614201 -0.150039 0.237409 255 0 0
0.615406 -0.150420 0.237547 255 0 0
0.616440 -0.151609 0.238201 255 0 0
0.617465 -0.152851 0.238841 255 0 0
0.618637 -0.153404 0.238872 255 0 0
0.619922 -0.153899 0.238917 255 0 0
0.621096 -0.155067 0.239486 255 0 0
0.622261 -0.155455 0.239604 255 0 0
0.623366 -0.156730 0.240172 255 0 0
0.624528 -0.157126 0.240292 255 0 0
0.625623 -0.158394 0.240858 255 0 0
0.626783 -0.158795 0.240980 255 0 0
0.627844 -0.160056 0.241534 255 0 0
0.629103 -0.160538 0.241572 255 0 0
0.630568 -0.161031 0.241540 255 0 0
0.631727 -0.161574 0.241572 255 0 0
0.632791 -0.162875 0.242119 255 0 0
0.633942 -0.163293 0.242245 255 0 0
0.635005 -0.164570 0.242791 255 0 0
0.636255 -0.165064 0.242829 0 0 0
0.637590 -0.165576 0.242799 0 0 0
0.638835 -0.166084 0.242837 0 0 0
0.639885 -0.167389 0.243367 0 0 0
0.641123 -0.167892 0.243405 0 0 0
0.642458 -0.168437 0.243363 0 0 0
0.643794 -0.169024 0.243307 0 0 0
0.645126 -0.169611 0.243252 0 0 0
0.646458 -0.170200 0.243196 0 0 0
0.647799 -0.170803 0.243149 0 0 0
0.649009 -0.171379 0.243203 255 0 0
0.650087 -0.172440 0.243722 255 0 0
0.651190 -0.172994 0.243885 255 0 0
0.652268 -0.174065 0.244412 255 0 0
0.653374 -0.174622 0.244578 255 0 0
0.654432 -0.175633 0.245104 255 0 0
0.655559 -0.176139 0.245261 255 0 0
0.656555 -0.177426 0.245786 255 0 0
0.657694 -0.177980 0.245829 0 0 0
0.659118 -0.178468 0.245790 0 0 0
0.660452 -0.179040 0.245736 0 0 0
0.661774 -0.179621 0.245681 0 0 0
0.663130 -0.180219 0.245622 0 0 0
0.664156 -0.180686 0.245562 0 0 0
0.666604 -0.180854 0.244741 0 0 0
0.667624 -0.181307 0.244685 0 0 0
0.669003 -0.181952 0.244620 0 0 0
0.670258 -0.182684 0.244544 255 0 0
0.671190 -0.183253 0.244475 255 0 0
0.673752 -0.183402 0.243650 0 0 0
0.674691 -0.183965 0.243581 0 0 0
0.675989 -0.184696 0.243504 0 0 0
0.677035 -0.185183 0.243444 255 0 0
0.679569 -0.185240 0.242633 255 0 0
0.680570 -0.185871 0.242554 255 0 0
0.681568 -0.186501 0.242475 255 0 0
0.684061 -0.186717 0.241642 255 0 0
0.684806 -0.187074 0.241581 255 0 0
0.687273 -0.187459 0.240729 255 0 0
0.687967 -0.187815 0.240682 255 0 0
0.585823 -0.124648 0.221364 255 0 0
0.586597 -0.125565 0.221916 255 0 0
0.587585 -0.127417 0.223612 255 0 0
0.588460 -0.128447 0.224262 255 0 0
0.589582 -0.129523 0.225183 255 0 0
0.590495 -0.130491 0.225855 255 0 0
0.591380 -0.132443 0.227368 255 0 0
0.592260 -0.133453 0.228024 255 0 0
0.593260 -0.134596 0.228769 255 0 0
0.594341 -0.135631 0.229679 0 0 0
0.595345 -0.136713 0.230427 0 0 0
0.596266 -0.137693 0.231097 0 0 0
0.597185 -0.139801 0.232485 0 0 0
0.598155 -0.140142 0.232556 0 0 0
0.599281 -0.141250 0.233196 0 0 0
0.600361 -0.142505 0.233847 0 0 0
0.601664 -0.143001 0.233895 0 0 0
0.602884 -0.143536 0.233932 0 0 0
0.604143 -0.144696 0.234504 0 0 0
0.605175 -0.145232 0.234594 255 0 0
0.606405 -0.146517 0.235168 255 0 0
0.607507 -0.146978 0.235276 255 0 0
0.608714 -0.148219 0.235851 255 0 0
0.609826 -0.148673 0.235964 255 0 0
0.611010 -0.149847 0.236542 0 0 0
0.612255 -0.150224 0.236695 0 0 0
0.613330 -0.151284 0.237345 255 0 0
0.614134 -0.152633 0.238061 255 0 0
0.615196 -0.153737 0.238695 255 0 0
0.616491 -0.154177 0.238761 255 0 0
0.617748 -0.154615 0.238804 255 0 0
0.618870 -0.155941 0.239365 255 0 0
0.620015 -0.156338 0.239480 255 0 0
0.621133 -0.157605 0.240051 255 0 0
0.622280 -0.158007 0.240170 255 0 0
0.623388 -0.159266 0.240738 255 0 0
0.624536 -0.159671 0.240859 255 0 0
0.625634 -0.160923 0.241426 255 0 0
0.626779 -0.161328 0.241548 255 0 0
0.627852 -0.162634 0.242098 255 0 0
0.629016 -0.163228 0.242121 255 0 0
0.630393 -0.163832 0.242077 255 0 0
0.631622 -0.164301 0.242120 255 0 0
0.632704 -0.165451 0.242653 255 0 0
0.633998 -0.165941 0.242712 255 0 0
0.635335 -0.166509 0.242675 255 0 0
0.636498 -0.167079 0.242706 255 0 0
0.637576 -0.168263 0.243231 255 0 0
0.638871 -0.168750 0.243292 0 0 0
0.640195 -0.169300 0.243250 0 0 0
0.641520 -0.169902 0.243194 0 0 0
0.642848 -0.170487 0.243138 0 0 0
0.644180 -0.171068 0.243083 0 0 0
0.645519 -0.171648 0.243029 0 0 0
0.646843 -0.172189 0.242989 0 0 0
0.648145 -0.172687 0.243053 0 0 0
0.649192 -0.173865 0.243579 255 0 0
0.650241 -0.174421 0.243720 255 0 0
0.651319 -0.175499 0.244248 255 0 0
0.652413 -0.176052 0.244418 255 0 0
0.653323 -0.177115 0.245024 255 0 0
0.654238 -0.178272 0.245654 255 0 0
0.655526 -0.178724 0.245742 255 0 0
0.656772 -0.179175 0.245804 0 0 0
0.657727 -0.180479 0.246316 0 0 0
0.658884 -0.181092 0.246350 0 0 0
0.660214 -0.181684 0.246301 0 0 0
0.661568 -0.182275 0.246243 0 0 0
0.662580 -0.182722 0.246188 0 0 0
0.665025 -0.182887 0.245366 0 0 0
0.666107 -0.183420 0.245294 0 0 0
0.667068 -0.184006 0.245222 0 0 0
0.669594 -0.184041 0.244412 255 0 0
0.670644 -0.184552 0.244346 255 0 0
0.671549 -0.185239 0.244262 255 0 0
0.674079 -0.185342 0.243442 0 0 0
0.675124 -0.185836 0.243381 0 0 0
0.676384 -0.186560 0.243306 0 0 0
0.677642 -0.187283 0.243232 0 0 0
0.678681 -0.187784 0.243170 0 0 0
0.681235 -0.187877 0.242350 255 0 0
0.682142 -0.188575 0.242265 255 0 0
0.683192 -0.189106 0.242198 255 0 0
0.685723 -0.189363 0.241356 255 0 0
0.686390 -0.189812 0.241287 255 0 0
0.688575 -0.189939 0.240468 255 0 0
0.585079 -0.126080 0.221163 255 0 0
0.585813 -0.127089 0.221720 255 0 0
0.586673 -0.129027 0.223220 255 0 0
0.587670 -0.129975 0.224058 0 0 0
0.588699 -0.131134 0.224810 0 0 0
0.589595 -0.132144 0.225468 0 0 0
0.590468 -0.134043 0.226986 0 0 0
0.591445 -0.134969 0.227821 0 0 0
0.592442 -0.136102 0.228565 0 0 0
0.593453 -0.137223 0.229310 0 0 0
0.594471 -0.138355 0.230064 0 0 0
0.595324 -0.139342 0.230714 0 0 0
0.596322 -0.141268 0.232159 0 0 0
0.597262 -0.141612 0.232337 0 0 0
0.598451 -0.142763 0.233025 0 0 0
0.599570 -0.143884 0.233676 0 0 0
0.600783 -0.144417 0.233717 0 0 0
0.602089 -0.144913 0.233763 0 0 0
0.603302 -0.146146 0.234337 255 0 0
0.604410 -0.146598 0.234445 255 0 0
0.605627 -0.147834 0.235024 255 0 0
0.606738 -0.148280 0.235135 255 0 0
0.608018 -0.149408 0.235721 255 0 0
0.609067 -0.149957 0.235830 255 0 0
0.610151 -0.151088 0.236476 0 0 0
0.610959 -0.152442 0.237193 0 0 0
0.612029 -0.153494 0.237842 0 0 0
0.613270 -0.153869 0.238000 0 0 0
0.614427 -0.155040 0.238572 0 0 0
0.615485 -0.155498 0.238672 0 0 0
0.616645 -0.156888 0.239240 0 0 0
0.617700 -0.157346 0.239341 255 0 0
0.618862 -0.158550 0.239905 255 0 0
0.619971 -0.159003 0.240033 255 0 0
0.621119 -0.160207 0.240595 255 0 0
0.622225 -0.160665 0.240724 255 0 0
0.623362 -0.161862 0.241284 255 0 0
0.624469 -0.162322 0.241417 255 0 0
0.625580 -0.163503 0.241965 255 0 0
0.626867 -0.163982 0.242022 255 0 0
0.628204 -0.164525 0.241981 255 0 0
0.629532 -0.165074 0.241940 255 0 0
0.630820 -0.165564 0.241997 255 0 0
0.631915 -0.166774 0.242529 255 0 0
0.633046 -0.167296 0.242563 255 0 0
0.634485 -0.167791 0.242533 255 0 0
0.635713 -0.168377 0.242583 255 0 0
0.636776 -0.169579 0.243107 255 0 0
0.637920 -0.170161 0.243136 255 0 0
0.639251 -0.170702 0.243095 255 0 0
0.640663 -0.171174 0.243053 255 0 0
0.641998 -0.171748 0.242998 0 0 0
0.643342 -0.172378 0.242937 0 0 0
0.644590 -0.173042 0.242881 0 0 0
0.645821 -0.173544 0.242922 0 0 0
0.646842 -0.174830 0.243447 0 0 0
0.648091 -0.175348 0.243496 0 0 0
0.649296 -0.175876 0.243566 0 0 0
0.650365 -0.176940 0.244087 0 0 0
0.651453 -0.177490 0.244258 0 0 0
0.652410 -0.178549 0.244895 0 0 0
0.653353 -0.179529 0.245526 0 0 0
0.654477 -0.180021 0.245695 0 0 0
0.655453 -0.181236 0.246225 255 0 0
0.656785 -0.181637 0.246286 255 0 0
0.658110 -0.182146 0.246250 0 0 0
0.659428 -0.182723 0.246196 0 0 0
0.660747 -0.183301 0.246141 0 0 0
0.662039 -0.183882 0.246085 255 0 0
0.663320 -0.184668 0.246003 255 0 0
0.664265 -0.185287 0.245928 255 0 0
0.666762 -0.185303 0.245116 0 0 0
0.667746 -0.185942 0.245037 0 0 0
0.668729 -0.186579 0.244958 255 0 0
0.671242 -0.186676 0.244135 255 0 0
0.672142 -0.187368 0.244051 255 0 0
0.673180 -0.187884 0.243985 255 0 0
0.675742 -0.187922 0.243173 0 0 0
0.676763 -0.188360 0.243119 0 0 0
0.678150 -0.189023 0.243050 0 0 0
0.679015 -0.189700 0.242970 0 0 0
0.681580 -0.189798 0.242146 0 0 0
0.682610 -0.190272 0.242087 255 0 0
0.683591 -0.190865 0.242013 0 0 0
0.686100 -0.191140 0.241167 255 0 0
0.686764 -0.191587 0.241097 255 0 0
0.688875 -0.191866 0.240262 255 0 0
0.585182 -0.128907 0.221660 0 0 0
0.586030 -0.129714 0.222385 0 0 0
0.586941 -0.131623 0.223921 0 0 0
0.587842 -0.132640 0.224584 0 0 0
0.588865 -0.133787 0.225338 0 0 0
0.589846 -0.134721 0.226177 0 0 0
0.590655 -0.136727 0.227519 0 0 0
0.591566 -0.137729 0.228195 0 0 0
0.592570 -0.138807 0.228944 0 0 0
0.593648 -0.139836 0.229861 0 0 0
0.594586 -0.140957 0.230591 0 0 0
0.595681 -0.141979 0.231512 0 0 0
0.596592 -0.143118 0.232094 0 0 0
0.597590 -0.144265 0.232830 0 0 0
0.598720 -0.145407 0.233491 0 0 0
0.599751 -0.145926 0.233586 255 0 0
0.600992 -0.147224 0.234165 255 0 0
0.602084 -0.147679 0.234271 0 0 0
0.603292 -0.148870 0.234856 0 0 0
0.604480 -0.149238 0.234984 0 0 0
0.605548 -0.150432 0.235647 0 0 0
0.606599 -0.151635 0.236305 0 0 0
0.607675 -0.152108 0.236411 0 0 0
0.608905 -0.153298 0.237001 0 0 0
0.610094 -0.153671 0.237135 0 0 0
0.611092 -0.154870 0.237774 0 0 0
0.612092 -0.156050 0.238411 0 0 0
0.613268 -0.156441 0.238547 0 0 0
0.614402 -0.157762 0.239115 0 0 0
0.615638 -0.158200 0.239157 255 0 0
0.616927 -0.158638 0.239220 255 0 0
0.618085 -0.159880 0.239776 255 0 0
0.619106 -0.160408 0.239888 255 0 0
0.620295 -0.161543 0.240447 255 0 0
0.621358 -0.162068 0.240581 255 0 0
0.622536 -0.163194 0.241139 255 0 0
0.623599 -0.163720 0.241275 255 0 0
0.624754 -0.164832 0.241821 255 0 0
0.625946 -0.165393 0.241865 255 0 0
0.627293 -0.165950 0.241828 255 0 0
0.628526 -0.166442 0.241864 255 0 0
0.629601 -0.167768 0.242405 255 0 0
0.630832 -0.168216 0.242453 255 0 0
0.632067 -0.168668 0.242503 255 0 0
0.633117 -0.169997 0.243039 255 0 0
0.634285 -0.170581 0.243066 255 0 0
0.635688 -0.171018 0.243037 255 0 0
0.637093 -0.171456 0.243007 255 0 0
0.638264 -0.172047 0.243038 255 0 0
0.639282 -0.173371 0.243565 255 0 0
0.640469 -0.173979 0.243591 255 0 0
0.641512 -0.174442 0.243537 255 0 0
0.643814 -0.174527 0.242857 0 0 0
0.644568 -0.175660 0.243333 0 0 0
0.645821 -0.176182 0.243386 0 0 0
0.647132 -0.176678 0.243360 0 0 0
0.648435 -0.177180 0.243430 0 0 0
0.649456 -0.178298 0.243957 0 0 0
0.650583 -0.178778 0.244123 0 0 0
0.651582 -0.179822 0.244782 0 0 0
0.652371 -0.180870 0.245493 0 0 0
0.653201 -0.182087 0.246133 0 0 0
0.654358 -0.182530 0.246293 0 0 0
0.655302 -0.183689 0.246821 255 0 0
0.656537 -0.184196 0.246875 255 0 0
0.657875 -0.184774 0.246828 255 0 0
0.659180 -0.185351 0.246774 255 0 0
0.660547 -0.185994 0.246708 255 0 0
0.661469 -0.186541 0.246642 255 0 0
0.663963 -0.186577 0.245827 255 0 0
0.664940 -0.187216 0.245747 255 0 0
0.665915 -0.187862 0.245668 0 0 0
0.668451 -0.187958 0.244840 0 0 0
0.669027 -0.188485 0.244766 0 0 0
0.671595 -0.188584 0.243938 255 0 0
0.672603 -0.189086 0.243875 255 0 0
0.673785 -0.189947 0.243787 0 0 0
0.675134 -0.190590 0.243721 0 0 0
0.676142 -0.191038 0.243667 0 0 0
0.678701 -0.191132 0.242842 0 0 0
0.679561 -0.191812 0.242762 0 0 0
0.680944 -0.192478 0.242692 0 0 0
0.681955 -0.192927 0.242638 0 0 0
0.684490 -0.193193 0.241791 0 0 0
0.685136 -0.193639 0.241726 255 0 0
0.687693 -0.193943 0.240872 255 0 0
0.688258 -0.194305 0.240827 255 0 0
0.584461 -0.130292 0.221474 0 0 0
0.585176 -0.131311 0.222032 0 0 0
0.586048 -0.133213 0.223547 0 0 0
0.587031 -0.134159 0.224382 0 0 0
0.588043 -0.135292 0.225128 0 0 0
0.589041 -0.136420 0.225870 0 0 0
0.590127 -0.137455 0.226785 0 0 0
0.591136 -0.138536 0.227538 0 0 0
0.592039 -0.139533 0.228215 0 0 0
0.592843 -0.141579 0.229557 0 0 0
0.593734 -0.142567 0.230231 0 0 0
0.594720 -0.143639 0.230984 0 0 0
0.595781 -0.144656 0.231904 0 0 0
0.596737 -0.145759 0.232639 0 0 0
0.597865 -0.146903 0.233305 0 0 0
0.598924 -0.147425 0.233419 0 0 0
0.600191 -0.148536 0.234007 0 0 0
0.601327 -0.148978 0.234137 0 0 0
0.602441 -0.150100 0.234792 0 0 0
0.603265 -0.151447 0.235509 0 0 0
0.604365 -0.152576 0.236160 0 0 0
0.605460 -0.153018 0.236278 0 0 0
0.606659 -0.154250 0.236854 0 0 0
0.607755 -0.154697 0.236972 0 0 0
0.608921 -0.155872 0.237551 0 0 0
0.610153 -0.156241 0.237709 0 0 0
0.611155 -0.157409 0.238349 0 0 0
0.612143 -0.158641 0.238976 255 0 0
0.613426 -0.159074 0.239042 255 0 0
0.614655 -0.159519 0.239084 255 0 0
0.615776 -0.160885 0.239637 0 0 0
0.617018 -0.161378 0.239674 0 0 0
0.618214 -0.161900 0.239726 255 0 0
0.619392 -0.163017 0.240279 255 0 0
0.620456 -0.163534 0.240415 255 0 0
0.621631 -0.164668 0.240973 255 0 0
0.622687 -0.165194 0.241110 255 0 0
0.623842 -0.166299 0.241656 255 0 0
0.625054 -0.166860 0.241707 255 0 0
0.626219 -0.167428 0.241742 255 0 0
0.627317 -0.168640 0.242277 255 0 0
0.628613 -0.169130 0.242340 255 0 0
0.629750 -0.169656 0.242382 255 0 0
0.630839 -0.170855 0.242914 255 0 0
0.632126 -0.171330 0.242975 255 0 0
0.633464 -0.171876 0.242941 255 0 0
0.634602 -0.172456 0.242972 255 0 0
0.635659 -0.173657 0.243496 255 0 0
0.636874 -0.174242 0.243547 255 0 0
0.638283 -0.174727 0.243511 255 0 0
0.639595 -0.175247 0.243465 255 0 0
0.640899 -0.175833 0.243409 255 0 0
0.642146 -0.176542 0.243339 255 0 0
0.643569 -0.177054 0.243291 255 0 0
0.644871 -0.177530 0.243260 255 0 0
0.646118 -0.178031 0.243307 0 0 0
0.647118 -0.179267 0.243844 0 0 0
0.648268 -0.179702 0.243996 0 0 0
0.649108 -0.180935 0.244641 0 0 0
0.649896 -0.181986 0.245353 0 0 0
0.650867 -0.182952 0.246011 0 0 0
0.652095 -0.183367 0.246199 0 0 0
0.653067 -0.184515 0.246741 255 0 0
0.654219 -0.184962 0.246898 255 0 0
0.655174 -0.186184 0.247422 255 0 0
0.656318 -0.186796 0.247463 255 0 0
0.657663 -0.187406 0.247409 255 0 0
0.658673 -0.187808 0.247341 255 0 0
0.661084 -0.188046 0.246520 255 0 0
0.662051 -0.188608 0.246450 255 0 0
0.663092 -0.189125 0.246385 255 0 0
0.665644 -0.189157 0.245565 255 0 0
0.666276 -0.189590 0.245498 255 0 0
0.668752 -0.189854 0.244652 255 0 0
0.669729 -0.190492 0.244572 0 0 0
0.670701 -0.191124 0.244495 0 0 0
0.673244 -0.191149 0.243678 0 0 0
0.674251 -0.191591 0.243624 255 0 0
0.675628 -0.192256 0.243554 255 0 0
0.676479 -0.192938 0.243475 0 0 0
0.679041 -0.193030 0.242649 0 0 0
0.680049 -0.193479 0.242594 0 0 0
0.681431 -0.194147 0.242524 0 0 0
0.682282 -0.194833 0.242445 0 0 0
0.684862 -0.194948 0.241611 255 0 0
0.685509 -0.195394 0.241543 255 0 0
0.687735 -0.195491 0.240720 255 0 0
0.584647 -0.132999 0.221998 0 0 0
0.585394 -0.133998 0.222558 0 0 0
0.586274 -0.135904 0.224101 0 0 0
0.587181 -0.136897 0.224765 0 0 0
0.588216 -0.138025 0.225517 0 0 0
0.589226 -0.139162 0.226257 0 0 0
0.590224 -0.140225 0.227005 0 0 0
0.591271 -0.141262 0.227918 0 0 0
0.592313 -0.142294 0.228832 0 0 0
0.593309 -0.143362 0.229589 0 0 0
0.594194 -0.144342 0.230264 255 0 0
0.594981 -0.146394 0.231610 0 0 0
0.595857 -0.147372 0.232281 0 0 0
0.596949 -0.148439 0.232962 0 0 0
0.598097 -0.148795 0.233234 0 0 0
0.599187 -0.150046 0.233911 0 0 0
0.600052 -0.151257 0.234614 0 0 0
0.601195 -0.152379 0.235294 0 0 0
0.602336 -0.152802 0.235431 0 0 0
0.603563 -0.153868 0.236016 0 0 0
0.604692 -0.154313 0.236149 0 0 0
0.605896 -0.155532 0.236729 0 0 0
0.606985 -0.155978 0.236850 0 0 0
0.608074 -0.157085 0.237496 0 0 0
0.609054 -0.158448 0.238143 0 0 0
0.610137 -0.158895 0.238269 0 0 0
0.611349 -0.159988 0.238840 255 0 0
0.612358 -0.160510 0.238949 255 0 0
0.613520 -0.161761 0.239504 0 0 0
0.614796 -0.162230 0.239558 0 0 0
0.616126 -0.162738 0.239530 0 0 0
0.617403 -0.163224 0.239583 255 0 0
0.618546 -0.164463 0.240137 0 0 0
0.619561 -0.164986 0.240256 0 0 0
0.620730 -0.166058 0.240817 0 0 0
0.621865 -0.166511 0.240969 255 0 0
0.622990 -0.167738 0.241518 255 0 0
0.624146 -0.168307 0.241551 255 0 0
0.625353 -0.168876 0.241604 255 0 0
0.626488 -0.169955 0.242139 255 0 0
0.627673 -0.170463 0.242201 0 0 0
0.628968 -0.170958 0.242269 0 0 0
0.630045 -0.172171 0.242800 0 0 0
0.631183 -0.172736 0.242829 0 0 0
0.632520 -0.173278 0.242796 0 0 0
0.633811 -0.173754 0.242860 0 0 0
0.634875 -0.174952 0.243387 0 0 0
0.636004 -0.175445 0.243427 0 0 0
0.637419 -0.175928 0.243391 0 0 0
0.638748 -0.176504 0.243336 0 0 0
0.640068 -0.177084 0.243281 0 0 0
0.641392 -0.177653 0.243228 0 0 0
0.642716 -0.178251 0.243178 255 0 0
0.643874 -0.178850 0.243213 255 0 0
0.644948 -0.180000 0.243752 255 0 0
0.646040 -0.180510 0.243898 255 0 0
0.647095 -0.181600 0.244449 255 0 0
0.648246 -0.182104 0.244632 255 0 0
0.649214 -0.183084 0.245293 255 0 0
0.649991 -0.184131 0.246004 0 0 0
0.650827 -0.185431 0.246648 0 0 0
0.651869 -0.185923 0.246795 0 0 0
0.652863 -0.187016 0.247312 0 0 0
0.654158 -0.187510 0.247390 0 0 0
0.655440 -0.187961 0.247362 0 0 0
0.656887 -0.188488 0.247310 0 0 0
0.657816 -0.189033 0.247243 0 0 0
0.660228 -0.189341 0.246411 255 0 0
0.661147 -0.189799 0.246342 255 0 0
0.662558 -0.190332 0.246283 255 0 0
0.663737 -0.191186 0.246195 255 0 0
0.664741 -0.191641 0.246119 255 0 0
0.667117 -0.192060 0.245274 255 0 0
0.667828 -0.192381 0.245219 255 0 0
0.670404 -0.192471 0.244388 255 0 0
0.671248 -0.193159 0.244308 0 0 0
0.672622 -0.193819 0.244238 0 0 0
0.673625 -0.194256 0.244185 255 0 0
0.676177 -0.194352 0.243356 255 0 0
0.677033 -0.195015 0.243279 0 0 0
0.678414 -0.195685 0.243209 0 0 0
0.679409 -0.196128 0.243155 0 0 0
0.681967 -0.196177 0.242333 0 0 0
0.682941 -0.196810 0.242256 0 0 0
0.683912 -0.197444 0.242179 0 0 0
0.686421 -0.197661 0.241336 255 0 0
0.687137 -0.198023 0.241276 255 0 0
0.689254 -0.198288 0.240435 255 0 0
0.585086 -0.134859 0.221843 0 0 0
0.585789 -0.136863 0.223230 0 0 0
0.586698 -0.137828 0.223911 0 0 0
0.587725 -0.138910 0.224677 0 0 0
0.588814 -0.139951 0.225602 0 0 0
0.589695 -0.140944 0.226272 0 0 0
0.590520 -0.142971 0.227633 255 0 0
0.591409 -0.143959 0.228308 255 0 0
0.592413 -0.145094 0.229059 255 0 0
0.593360 -0.146148 0.229797 0 0 0
0.594480 -0.147087 0.230907 0 0 0
0.595430 -0.148145 0.231653 0 0 0
0.596388 -0.148986 0.232369 0 0 0
0.597113 -0.151276 0.233565 0 0 0
0.598140 -0.151535 0.233785 0 0 0
0.599305 -0.152597 0.234481 0 0 0
0.600411 -0.153720 0.235140 0 0 0
0.601456 -0.154241 0.235266 0 0 0
0.602519 -0.155374 0.235904 0 0 0
0.603585 -0.156610 0.236567 0 0 0
0.604664 -0.157052 0.236691 0 0 0
0.605696 -0.158298 0.237331 0 0 0
0.606748 -0.159439 0.237800 0 0 0
0.607990 -0.159909 0.237882 0 0 0
0.609225 -0.160333 0.238083 0 0 0
0.610460 -0.161463 0.238675 255 0 0
0.611533 -0.162019 0.238799 255 0 0
0.612641 -0.163190 0.239217 255 0 0
0.613866 -0.163665 0.239384 255 0 0
0.615087 -0.164278 0.239430 255 0 0
0.616141 -0.165540 0.239822 255 0 0
0.617450 -0.165942 0.240018 0 0 0
0.618679 -0.166447 0.240106 0 0 0
0.619683 -0.167593 0.240720 0 0 0
0.620595 -0.168818 0.241210 255 0 0
0.621884 -0.169222 0.241410 255 0 0
0.623250 -0.169706 0.241409 0 0 0
0.624525 -0.170184 0.241469 0 0 0
0.625635 -0.171416 0.242015 0 0 0
0.626594 -0.171950 0.242123 0 0 0
0.627675 -0.173108 0.242669 0 0 0
0.629044 -0.173476 0.242744 0 0 0
0.630384 -0.174006 0.242712 0 0 0
0.631535 -0.174600 0.242743 0 0 0
0.632550 -0.175871 0.243283 0 0 0
0.633874 -0.176266 0.243342 0 0 0
0.635030 -0.176802 0.243389 0 0 0
0.636020 -0.178077 0.243925 0 0 0
0.637272 -0.178609 0.243963 0 0 0
0.638505 -0.179260 0.243912 0 0 0
0.639890 -0.179725 0.243866 0 0 0
0.641234 -0.180305 0.243819 255 0 0
0.642395 -0.180900 0.243869 255 0 0
0.643433 -0.182001 0.244411 255 0 0
0.644522 -0.182509 0.244561 255 0 0
0.645577 -0.183603 0.245112 255 0 0
0.646661 -0.184102 0.245268 255 0 0
0.647642 -0.185112 0.245917 255 0 0
0.648546 -0.186276 0.246553 255 0 0
0.649769 -0.186695 0.246622 0 0 0
0.651057 -0.187129 0.246712 0 0 0
0.652058 -0.188284 0.247221 0 0 0
0.653175 -0.188801 0.247279 0 0 0
0.654427 -0.189336 0.247350 0 0 0
0.655105 -0.190433 0.247809 255 0 0
0.657462 -0.190618 0.247116 255 0 0
0.658034 -0.191110 0.247044 255 0 0
0.660405 -0.191335 0.246369 255 0 0
0.660803 -0.192245 0.246762 255 0 0
0.663214 -0.192443 0.246089 255 0 0
0.663842 -0.192842 0.246028 255 0 0
0.666301 -0.193098 0.245197 255 0 0
0.667330 -0.193583 0.245117 255 0 0
0.668199 -0.194284 0.245033 255 0 0
0.670745 -0.194365 0.244204 255 0 0
0.671763 -0.194861 0.244142 255 0 0
0.673030 -0.195602 0.244064 255 0 0
0.673941 -0.196126 0.243986 255 0 0
0.676413 -0.196443 0.243147 255 0 0
0.677432 -0.196869 0.243095 255 0 0
0.678759 -0.197462 0.243036 0 0 0
0.680020 -0.198177 0.242965 0 0 0
0.681031 -0.198677 0.242904 0 0 0
0.683599 -0.198783 0.242071 0 0 0
0.684475 -0.199483 0.241989 0 0 0
0.685505 -0.200013 0.241921 255 0 0
0.687694 -0.200087 0.241099 255 0 0
0.585411 -0.137653 0.222467 255 0 0
0.586265 -0.138742 0.223095 255 0 0
0.587156 -0.139760 0.223759 0 0 0
0.588007 -0.141774 0.225137 255 0 0
0.588877 -0.142782 0.225798 255 0 0
0.589956 -0.143818 0.226728 255 0 0
0.590933 -0.144831 0.227487 255 0 0
0.592004 -0.145866 0.228420 255 0 0
0.592859 -0.146841 0.229088 0 0 0
0.593676 -0.148896 0.230465 0 0 0
0.594398 -0.149708 0.231035 0 0 0
0.595388 -0.151656 0.232691 0 0 0
0.596395 -0.151835 0.233014 0 0 0
0.597461 -0.152945 0.233563 0 0 0
0.598455 -0.154140 0.234299 0 0 0
0.599477 -0.155299 0.234826 0 0 0
0.600561 -0.155731 0.235069 0 0 0
0.601697 -0.156839 0.235762 0 0 0
0.602795 -0.157940 0.236420 0 0 0
0.603837 -0.158449 0.236549 0 0 0
0.605097 -0.159579 0.237150 0 0 0
0.606325 -0.160007 0.237348 0 0 0
0.607562 -0.160492 0.237428 0 0 0
0.608547 -0.161753 0.237887 0 0 0
0.609578 -0.162902 0.238503 0 0 0
0.610816 -0.163450 0.238578 0 0 0
0.612049 -0.163923 0.238751 0 0 0
0.613136 -0.165082 0.239158 0 0 0
0.614397 -0.165679 0.239224 0 0 0
0.615642 -0.166189 0.239395 255 0 0
0.616642 -0.167419 0.239666 255 0 0
0.617758 -0.167947 0.239901 255 0 0
0.618916 -0.169093 0.240387 255 0 0
0.620048 -0.169427 0.240769 255 0 0
0.621155 -0.170584 0.241207 0 0 0
0.622177 -0.171160 0.241325 0 0 0
0.623292 -0.172381 0.241871 0 0 0
0.624556 -0.172812 0.241945 0 0 0
0.625832 -0.173241 0.242027 0 0 0
0.626829 -0.174298 0.242655 0 0 0
0.627706 -0.175635 0.243290 0 0 0
0.628840 -0.176229 0.243322 0 0 0
0.630169 -0.176762 0.243290 0 0 0
0.631489 -0.177135 0.243346 0 0 0
0.632479 -0.178345 0.243890 0 0 0
0.633732 -0.178827 0.243943 0 0 0
0.634997 -0.179335 0.244007 0 0 0
0.635713 -0.180459 0.244489 0 0 0
0.637842 -0.180537 0.243934 255 0 0
0.638567 -0.181733 0.244413 255 0 0
0.639695 -0.182277 0.244464 0 0 0
0.641144 -0.182748 0.244434 0 0 0
0.642387 -0.183230 0.244486 0 0 0
0.643350 -0.184417 0.245028 0 0 0
0.644501 -0.184823 0.245185 255 0 0
0.645407 -0.185935 0.245837 255 0 0
0.646291 -0.187029 0.246476 255 0 0
0.647622 -0.187414 0.246550 255 0 0
0.648756 -0.187952 0.246605 255 0 0
0.649719 -0.189254 0.247127 255 0 0
0.650938 -0.189687 0.247191 255 0 0
0.652156 -0.190133 0.247257 255 0 0
0.653128 -0.191394 0.247775 0 0 0
0.654362 -0.191908 0.247818 0 0 0
0.655273 -0.192379 0.247755 0 0 0
0.657680 -0.192694 0.246920 255 0 0
0.658606 -0.193237 0.246854 255 0 0
0.660064 -0.193783 0.246795 0 0 0
0.660951 -0.194278 0.246739 0 0 0
0.663493 -0.194419 0.245902 0 0 0
0.664363 -0.195104 0.245820 255 0 0
0.665371 -0.195619 0.245754 255 0 0
0.667921 -0.195692 0.244924 255 0 0
0.668790 -0.196382 0.244843 255 0 0
0.669807 -0.196893 0.244777 255 0 0
0.672406 -0.197003 0.243941 255 0 0
0.673035 -0.197388 0.243884 255 0 0
0.675514 -0.197742 0.243037 255 0 0
0.676416 -0.198200 0.242970 255 0 0
0.677854 -0.198743 0.242912 255 0 0
0.679094 -0.199428 0.242844 255 0 0
0.680413 -0.200010 0.242786 0 0 0
0.681325 -0.200563 0.242722 0 0 0
0.683927 -0.200664 0.241888 0 0 0
0.684933 -0.201130 0.241830 255 0 0
0.685888 -0.201723 0.241757 255 0 0
0.688338 -0.202176 0.240890 255 0 0
0.688996 -0.202530 0.240844 255 0 0
0.585478 -0.140614 0.222629 255 0 0
0.586351 -0.141583 0.223291 255 0 0
0.587431 -0.142577 0.224230 255 0 0
0.588489 -0.143557 0.225158 255 0 0
0.589476 -0.144696 0.225901 255 0 0
0.590369 -0.145672 0.226580 255 0 0
0.591196 -0.147685 0.227960 255 0 0
0.592043 -0.148683 0.228621 0 0 0
0.593098 -0.149667 0.229572 0 0 0
0.593989 -0.150493 0.230405 0 0 0
0.594822 -0.152443 0.231960 0 0 0
0.595609 -0.153459 0.232463 0 0 0
0.596603 -0.154605 0.233210 0 0 0
0.597721 -0.155679 0.233931 0 0 0
0.598814 -0.156038 0.234292 0 0 0
0.599866 -0.157185 0.234850 0 0 0
0.600848 -0.158359 0.235587 0 0 0
0.601856 -0.159508 0.236112 0 0 0
0.602932 -0.159935 0.236355 0 0 0
0.604198 -0.161083 0.236958 0 0 0
0.605212 -0.161641 0.237062 0 0 0
0.606325 -0.162932 0.237478 0 0 0
0.607493 -0.163339 0.237741 0 0 0
0.608668 -0.164459 0.238174 0 0 0
0.609824 -0.165014 0.238231 0 0 0
0.611081 -0.165536 0.238405 0 0 0
0.612228 -0.166702 0.238815 0 0 0
0.613377 -0.167239 0.238868 0 0 0
0.614807 -0.167739 0.238996 0 0 0
0.616063 -0.168187 0.239188 0 0 0
0.617184 -0.169337 0.239634 255 0 0
0.618274 -0.169818 0.239886 255 0 0
0.619239 -0.171006 0.240397 255 0 0
0.620201 -0.172178 0.240898 0 0 0
0.621302 -0.172651 0.241154 0 0 0
0.622412 -0.173794 0.241606 0 0 0
0.623450 -0.174288 0.241841 0 0 0
0.624383 -0.175568 0.242323 255 0 0
0.625422 -0.176572 0.242998 255 0 0
0.626672 -0.176962 0.243217 255 0 0
0.628032 -0.177432 0.243221 255 0 0
0.629257 -0.177902 0.243264 255 0 0
0.630295 -0.179181 0.243817 0 0 0
0.631422 -0.179578 0.243955 0 0 0
0.632429 -0.180783 0.244507 0 0 0
0.633653 -0.181264 0.244555 0 0 0
0.635061 -0.181726 0.244516 0 0 0
0.636269 -0.182361 0.244460 0 0 0
0.637712 -0.182882 0.244417 0 0 0
0.638826 -0.183409 0.244461 0 0 0
0.639786 -0.184687 0.244994 0 0 0
0.641031 -0.185172 0.245050 0 0 0
0.642275 -0.185663 0.245114 255 0 0
0.643081 -0.186911 0.245754 255 0 0
0.644000 -0.187886 0.246380 255 0 0
0.645207 -0.188280 0.246565 255 0 0
0.646164 -0.189525 0.247103 255 0 0
0.647284 -0.190034 0.247153 255 0 0
0.648823 -0.190463 0.247126 255 0 0
0.649840 -0.191080 0.247169 255 0 0
0.650802 -0.192231 0.247668 255 0 0
0.652095 -0.192707 0.247751 0 0 0
0.653418 -0.193235 0.247711 0 0 0
0.654413 -0.193652 0.247659 0 0 0
0.656834 -0.193895 0.246833 0 0 0
0.657831 -0.194291 0.246765 0 0 0
0.659161 -0.194881 0.246704 0 0 0
0.660471 -0.195470 0.246645 0 0 0
0.661375 -0.196043 0.246575 0 0 0
0.663848 -0.196275 0.245729 0 0 0
0.664857 -0.196793 0.245663 0 0 0
0.665714 -0.197494 0.245582 0 0 0
0.668274 -0.197636 0.244740 255 0 0
0.669191 -0.198222 0.244667 255 0 0
0.670114 -0.198764 0.244586 255 0 0
0.672600 -0.199104 0.243738 255 0 0
0.673229 -0.199486 0.243680 255 0 0
0.675670 -0.199726 0.243009 255 0 0
0.676027 -0.200593 0.243391 255 0 0
0.678443 -0.200828 0.242722 255 0 0
0.679355 -0.201386 0.242657 255 0 0
0.680671 -0.201976 0.242598 255 0 0
0.681888 -0.202680 0.242529 255 0 0
0.683247 -0.203323 0.242465 255 0 0
0.684229 -0.203764 0.242412 255 0 0
0.686772 -0.203959 0.241566 255 0 0
0.687477 -0.204307 0.241504 0 0 0
0.689572 -0.204527 0.240670 255 0 0
0.585132 -0.141282 0.222034 255 0 0
0.585966 -0.142376 0.222661 255 0 0
0.586839 -0.143393 0.223317 255 0 0
0.587684 -0.145403 0.224695 255 0 0
0.588586 -0.146383 0.225379 0 0 0
0.589576 -0.147504 0.226131 0 0 0
0.590620 -0.148471 0.227063 0 0 0
0.591668 -0.149449 0.228004 0 0 0
0.592503 -0.150435 0.228663 0 0 0
0.593327 -0.152357 0.230226 0 0 0
0.594209 -0.153251 0.231047 0 0 0
0.595186 -0.154282 0.231825 0 0 0
0.596160 -0.155357 0.232583 0 0 0
0.597159 -0.156429 0.233338 0 0 0
0.598054 -0.157581 0.233928 0 0 0
0.599037 -0.158755 0.234670 0 0 0
0.600079 -0.159890 0.235228 0 0 0
0.601199 -0.160240 0.235591 0 0 0
0.602251 -0.161429 0.236137 0 0 0
0.603255 -0.162615 0.236647 0 0 0
0.604518 -0.163072 0.236839 0 0 0
0.605809 -0.163565 0.237033 0 0 0
0.606893 -0.164787 0.237314 0 0 0
0.608107 -0.165304 0.237493 0 0 0
0.609329 -0.165806 0.237672 0 0 0
0.610434 -0.167020 0.237985 0 0 0
0.611720 -0.167442 0.238280 0 0 0
0.612928 -0.168030 0.238351 0 0 0
0.613966 -0.169261 0.238608 0 0 0
0.615074 -0.169782 0.238841 0 0 0
0.616207 -0.170938 0.239299 0 0 0
0.617280 -0.171359 0.239554 0 0 0
0.618525 -0.172460 0.240178 255 0 0
0.619616 -0.172923 0.240428 255 0 0
0.620647 -0.174126 0.240751 255 0 0
0.621779 -0.174516 0.241118 255 0 0
0.622923 -0.175646 0.241602 255 0 0
0.623980 -0.176121 0.241888 255 0 0
0.624997 -0.177139 0.242555 255 0 0
0.625923 -0.178243 0.243028 255 0 0
0.627014 -0.178753 0.243168 255 0 0
0.628089 -0.180098 0.243731 255 0 0
0.629117 -0.180543 0.243857 255 0 0
0.630191 -0.181703 0.244407 255 0 0
0.631298 -0.182222 0.244553 0 0 0
0.632250 -0.183401 0.244923 0 0 0
0.633440 -0.183899 0.245124 0 0 0
0.634810 -0.184477 0.245111 0 0 0
0.636112 -0.185053 0.245059 0 0 0
0.637413 -0.185563 0.245023 0 0 0
0.638732 -0.185934 0.245085 0 0 0
0.639680 -0.187113 0.245620 0 0 0
0.640925 -0.187591 0.245681 0 0 0
0.642238 -0.188062 0.245774 0 0 0
0.643133 -0.189039 0.246392 0 0 0
0.643941 -0.190256 0.247031 0 0 0
0.645275 -0.190705 0.247101 0 0 0
0.646323 -0.191344 0.247162 0 0 0
0.646994 -0.192359 0.247598 255 0 0
0.649296 -0.192463 0.247137 255 0 0
0.649998 -0.193447 0.247578 255 0 0
0.651119 -0.194028 0.247636 255 0 0
0.652431 -0.194615 0.247590 0 0 0
0.653706 -0.195193 0.247535 0 0 0
0.654915 -0.195886 0.247468 0 0 0
0.656222 -0.196508 0.247407 0 0 0
0.657510 -0.197076 0.247353 255 0 0
0.658838 -0.197662 0.247293 255 0 0
0.659816 -0.198062 0.247225 255 0 0
0.662201 -0.198466 0.246377 0 0 0
0.662881 -0.198783 0.246322 0 0 0
0.665473 -0.198908 0.245476 0 0 0
0.666008 -0.199421 0.245407 0 0 0
0.668609 -0.199547 0.244560 0 0 0
0.669302 -0.199860 0.244507 0 0 0
0.671702 -0.200347 0.243644 255 0 0
0.672609 -0.200855 0.243566 255 0 0
0.673848 -0.201577 0.243492 255 0 0
0.675282 -0.202119 0.243435 255 0 0
0.676157 -0.202610 0.243381 255 0 0
0.678751 -0.202701 0.242547 255 0 0
0.679733 -0.203143 0.242494 255 0 0
0.681084 -0.203716 0.242437 255 0 0
0.682394 -0.204282 0.242383 255 0 0
0.683679 -0.204853 0.242328 255 0 0
0.684913 -0.205585 0.242256 0 0 0
0.685934 -0.206106 0.242189 0 0 0
0.688385 -0.206482 0.241327 0 0 0
0.688990 -0.206767 0.241287 255 0 0
0.585317 -0.143973 0.222417 255 0 0
0.586108 -0.145075 0.223053 255 0 0
0.587151 -0.146125 0.223964 0 0 0
0.588146 -0.147179 0.224725 0 0 0
0.589160 -0.148285 0.225491 0 0 0
0.590037 -0.149267 0.226165 0 0 0
0.590872 -0.151306 0.227555 0 0 0
0.591580 -0.152118 0.228114 0 0 0
0.592487 -0.153959 0.229890 0 0 0
0.593298 -0.154845 0.230543 0 0 0
0.594363 -0.155918 0.231487 0 0 0
0.595232 -0.157077 0.232071 0 0 0
0.596233 -0.158148 0.232830 0 0 0
0.597198 -0.159212 0.233584 0 0 0
0.598319 -0.160263 0.234314 0 0 0
0.599388 -0.160633 0.234670 0 0 0
0.600445 -0.161828 0.235225 0 0 0
0.601494 -0.163006 0.235774 0 0 0
0.602624 -0.163389 0.236123 0 0 0
0.603733 -0.164606 0.236426 0 0 0
0.604952 -0.165198 0.236463 0 0 0
0.606315 -0.165713 0.236582 0 0 0
0.607520 -0.166217 0.236754 0 0 0
0.608646 -0.167427 0.237085 0 0 0
0.609788 -0.167856 0.237423 0 0 0
0.610844 -0.169065 0.237748 0 0 0
0.612117 -0.169566 0.237931 0 0 0
0.613396 -0.170064 0.238117 0 0 0
0.614441 -0.171264 0.238439 0 0 0
0.615582 -0.171701 0.238789 0 0 0
0.616512 -0.172911 0.239180 0 0 0
0.617578 -0.173999 0.239799 255 0 0
0.618723 -0.174544 0.239903 255 0 0
0.619992 -0.174923 0.240223 255 0 0
0.620970 -0.176082 0.240758 255 0 0
0.621920 -0.177246 0.241262 255 0 0
0.622982 -0.177665 0.241539 255 0 0
0.624029 -0.178731 0.242235 255 0 0
0.624860 -0.179766 0.242954 255 0 0
0.625812 -0.180938 0.243610 255 0 0
0.627089 -0.181405 0.243689 255 0 0
0.628258 -0.181896 0.243760 255 0 0
0.629355 -0.182964 0.244290 255 0 0
0.630571 -0.183446 0.244390 255 0 0
0.631867 -0.183849 0.244615 255 0 0
0.632833 -0.185048 0.244974 255 0 0
0.633975 -0.185665 0.245002 255 0 0
0.635289 -0.186194 0.244969 255 0 0
0.636504 -0.186669 0.245015 0 0 0
0.637579 -0.187828 0.245562 0 0 0
0.638634 -0.188325 0.245711 0 0 0
0.639602 -0.189527 0.246266 0 0 0
0.640649 -0.190036 0.246419 0 0 0
0.641731 -0.191186 0.246974 0 0 0
0.642771 -0.191668 0.247131 0 0 0
0.643484 -0.192611 0.247588 0 0 0
0.645778 -0.192706 0.247129 0 0 0
0.646447 -0.193718 0.247563 0 0 0
0.647499 -0.194406 0.247610 255 0 0
0.648910 -0.194941 0.247566 255 0 0
0.650172 -0.195454 0.247521 255 0 0
0.651464 -0.196022 0.247468 255 0 0
0.652757 -0.196580 0.247415 0 0 0
0.654063 -0.197123 0.247363 0 0 0
0.655356 -0.197682 0.247309 0 0 0
0.656646 -0.198247 0.247256 255 0 0
0.657969 -0.198832 0.247197 255 0 0
0.658962 -0.199222 0.247132 255 0 0
0.661281 -0.199696 0.246290 255 0 0
0.662301 -0.200099 0.246221 255 0 0
0.663219 -0.200672 0.246149 0 0 0
0.665769 -0.200822 0.245304 0 0 0
0.666627 -0.201512 0.245223 0 0 0
0.667644 -0.202000 0.245137 0 0 0
0.669725 -0.202264 0.244269 0 0 0
0.671905 -0.202417 0.243435 0 0 0
0.672909 -0.202833 0.243383 0 0 0
0.674226 -0.203343 0.243336 0 0 0
0.675632 -0.203854 0.243284 255 0 0
0.676735 -0.204611 0.243217 255 0 0
0.678134 -0.205130 0.243162 255 0 0
0.679443 -0.205693 0.243108 255 0 0
0.680740 -0.206264 0.243054 255 0 0
0.682039 -0.206837 0.243000 255 0 0
0.683372 -0.207426 0.242942 0 0 0
0.684358 -0.207884 0.242883 0 0 0
0.686813 -0.208258 0.242020 255 0 0
0.687417 -0.208543 0.241980 255 0 0
0.585371 -0.146847 0.222767 255 0 0
0.586232 -0.147744 0.223438 255 0 0
0.587321 -0.148777 0.224386 0 0 0
0.588295 -0.149876 0.225138 0 0 0
0.589263 -0.150975 0.225891 255 0 0
0.590336 -0.152001 0.226839 255 0 0
0.591225 -0.152759 0.227535 0 0 0
0.592045 -0.154753 0.229255 0 0 0
0.592770 -0.155532 0.229837 0 0 0
0.593755 -0.157545 0.231181 0 0 0
0.594653 -0.157817 0.231473 0 0 0
0.595794 -0.158893 0.232207 0 0 0
0.596764 -0.160008 0.232955 0 0 0
0.597692 -0.161147 0.233552 0 0 0
0.598627 -0.162275 0.234151 0 0 0
0.599741 -0.163382 0.234861 0 0 0
0.600817 -0.163783 0.235206 0 0 0
0.601965 -0.164994 0.235547 0 0 0
0.603193 -0.165496 0.235701 0 0 0
0.604502 -0.166095 0.235696 0 0 0
0.605723 -0.166614 0.235843 0 0 0
0.606853 -0.167819 0.236176 0 0 0
0.607993 -0.168243 0.236514 0 0 0
0.609108 -0.169438 0.236885 0 0 0
0.610241 -0.169880 0.237223 0 0 0
0.611311 -0.171097 0.237513 0 0 0
0.612512 -0.171682 0.237586 0 0 0
0.613794 -0.172110 0.237885 0 0 0
0.614870 -0.173300 0.238239 0 0 0
0.615962 -0.173687 0.238606 0 0 0
0.617183 -0.174738 0.239247 0 0 0
0.618213 -0.175278 0.239382 0 0 0
0.619177 -0.176400 0.239865 255 0 0
0.620258 -0.177523 0.240549 255 0 0
0.621323 -0.177939 0.240822 255 0 0
0.622248 -0.179041 0.241340 255 0 0
0.623140 -0.180140 0.242097 255 0 0
0.624013 -0.181165 0.242853 255 0 0
0.624997 -0.182206 0.243496 255 0 0
0.626165 -0.182760 0.243566 255 0 0
0.627347 -0.183316 0.243632 255 0 0
0.628447 -0.184404 0.244166 255 0 0
0.629454 -0.184987 0.244299 255 0 0
0.630430 -0.186209 0.244670 255 0 0
0.631700 -0.186599 0.244885 255 0 0
0.633070 -0.187122 0.244884 255 0 0
0.634174 -0.187673 0.244931 255 0 0
0.635052 -0.188827 0.245552 0 0 0
0.636033 -0.189871 0.246200 0 0 0
0.637237 -0.190448 0.246282 0 0 0
0.638436 -0.190898 0.246347 0 0 0
0.639441 -0.191991 0.246869 0 0 0
0.640711 -0.192398 0.246962 0 0 0
0.641982 -0.192817 0.247059 0 0 0
0.642960 -0.193986 0.247568 0 0 0
0.643959 -0.194586 0.247610 0 0 0
0.645492 -0.195063 0.247568 0 0 0
0.646677 -0.195688 0.247514 0 0 0
0.647927 -0.196187 0.247470 0 0 0
0.649316 -0.196633 0.247426 0 0 0
0.650611 -0.197190 0.247373 255 0 0
0.651915 -0.197817 0.247312 255 0 0
0.653105 -0.198533 0.247244 0 0 0
0.654370 -0.199103 0.247189 0 0 0
0.655662 -0.199667 0.247136 0 0 0
0.656987 -0.200239 0.247079 255 0 0
0.657967 -0.200649 0.247027 255 0 0
0.660418 -0.200950 0.246185 255 0 0
0.661314 -0.201475 0.246105 255 0 0
0.662652 -0.202038 0.246015 255 0 0
0.663613 -0.202735 0.245756 255 0 0
0.666027 -0.202893 0.245115 255 0 0
0.666727 -0.203175 0.245064 255 0 0
0.668931 -0.203333 0.244227 255 0 0
0.671014 -0.203599 0.243356 255 0 0
0.672018 -0.204017 0.243291 255 0 0
0.673205 -0.204683 0.243351 255 0 0
0.673812 -0.205728 0.243793 255 0 0
0.676056 -0.205941 0.243273 255 0 0
0.676648 -0.206992 0.243713 255 0 0
0.677801 -0.207642 0.243781 255 0 0
0.679087 -0.208148 0.243746 255 0 0
0.680478 -0.208617 0.243699 255 0 0
0.681825 -0.209193 0.243642 255 0 0
0.682768 -0.209597 0.243591 255 0 0
0.685213 -0.209988 0.242718 255 0 0
0.686244 -0.210477 0.242660 255 0 0
0.687156 -0.210897 0.242623 255 0 0
0.585035 -0.147518 0.222194 255 0 0
0.585735 -0.148458 0.222741 255 0 0
0.586537 -0.150495 0.224096 255 0 0
0.587435 -0.151465 0.224790 255 0 0
0.588434 -0.152521 0.225566 255 0 0
0.589368 -0.153402 0.226410 255 0 0
0.590098 -0.155463 0.227922 255 0 0
0.591022 -0.156289 0.228646 0 0 0
0.591979 -0.157382 0.229403 0 0 0
0.593044 -0.158368 0.230348 0 0 0
0.593947 -0.159454 0.230954 0 0 0
0.594925 -0.160580 0.231703 0 0 0
0.596037 -0.161649 0.232428 0 0 0
0.597075 -0.162074 0.232771 0 0 0
0.598137 -0.163207 0.233342 0 0 0
0.599158 -0.164235 0.234114 0 0 0
0.600202 -0.165378 0.234627 0 0 0
0.601389 -0.165891 0.234786 0 0 0
0.602697 -0.166501 0.234778 0 0 0
0.603926 -0.167010 0.234931 0 0 0
0.605071 -0.168197 0.235271 0 0 0
0.606201 -0.168635 0.235604 0 0 0
0.607337 -0.169846 0.235944 0 0 0
0.608406 -0.170348 0.236165 0 0 0
0.609565 -0.171460 0.236666 0 0 0
0.610812 -0.171887 0.236966 0 0 0
0.612005 -0.172424 0.237057 0 0 0
0.613152 -0.173589 0.237481 0 0 0
0.614240 -0.174061 0.237731 0 0 0
0.615192 -0.175172 0.238252 0 0 0
0.616242 -0.176316 0.238908 0 0 0
0.617275 -0.176813 0.239064 0 0 0
0.618303 -0.177882 0.239720 0 0 0
0.619326 -0.178953 0.240375 0 0 0
0.620353 -0.179457 0.240542 0 0 0
0.621364 -0.180525 0.241204 255 0 0
0.622234 -0.181552 0.241960 255 0 0
0.623119 -0.182651 0.242718 255 0 0
0.624015 -0.183734 0.243218 255 0 0
0.625213 -0.184189 0.243410 255 0 0
0.626442 -0.184728 0.243505 255 0 0
0.627529 -0.185802 0.244035 255 0 0
0.628737 -0.186275 0.244137 255 0 0
0.630034 -0.186659 0.244363 255 0 0
0.630996 -0.187871 0.244724 255 0 0
0.632125 -0.188430 0.244768 255 0 0
0.633400 -0.188907 0.244851 255 0 0
0.634340 -0.190136 0.245501 255 0 0
0.635143 -0.191212 0.245950 255 0 0
0.636318 -0.191588 0.246162 255 0 0
0.637649 -0.192064 0.246276 255 0 0
0.638673 -0.193250 0.246808 0 0 0
0.639585 -0.193782 0.246938 0 0 0
0.640605 -0.194956 0.247466 0 0 0
0.641885 -0.195445 0.247551 0 0 0
0.642997 -0.195951 0.247625 0 0 0
0.643688 -0.196946 0.248070 0 0 0
0.646101 -0.197008 0.247436 0 0 0
0.646900 -0.197461 0.247469 255 0 0
0.647872 -0.198774 0.247990 255 0 0
0.649015 -0.199378 0.248030 255 0 0
0.649985 -0.199817 0.247983 255 0 0
0.652523 -0.199820 0.247155 255 0 0
0.653483 -0.200247 0.247101 255 0 0
0.654800 -0.200824 0.247044 255 0 0
0.656108 -0.201451 0.246983 255 0 0
0.657310 -0.202180 0.246912 255 0 0
0.658181 -0.202718 0.246848 255 0 0
0.660772 -0.202875 0.245995 255 0 0
0.661376 -0.203279 0.245936 255 0 0
0.663763 -0.203452 0.245291 255 0 0
0.664718 -0.204157 0.245030 255 0 0
0.666061 -0.204697 0.244915 255 0 0
0.667029 -0.205392 0.244649 255 0 0
0.669294 -0.205729 0.244000 255 0 0
0.670308 -0.206176 0.243942 255 0 0
0.671648 -0.206747 0.243886 255 0 0
0.673015 -0.207215 0.243839 255 0 0
0.674203 -0.207834 0.243784 255 0 0
0.675615 -0.208347 0.243733 0 0 0
0.676907 -0.208844 0.243699 255 0 0
0.678045 -0.209412 0.243762 255 0 0
0.678909 -0.210531 0.244241 255 0 0
0.680113 -0.211147 0.244322 255 0 0
0.681413 -0.211724 0.244278 255 0 0
0.682731 -0.212314 0.244221 255 0 0
0.683698 -0.212704 0.244158 0 0 0
0.686164 -0.213184 0.243289 0 0 0
0.686761 -0.213447 0.243255 0 0 0
0.585164 -0.150178 0.222578 255 0 0
0.586026 -0.151206 0.223396 255 0 0
0.586990 -0.152262 0.224144 255 0 0
0.587888 -0.153228 0.224840 255 0 0
0.588649 -0.155197 0.226211 255 0 0
0.589653 -0.156005 0.227271 255 0 0
0.590586 -0.157047 0.228015 255 0 0
0.591566 -0.158128 0.228781 0 0 0
0.592540 -0.159267 0.229528 0 0 0
0.593459 -0.160402 0.230131 0 0 0
0.594454 -0.161460 0.230900 0 0 0
0.595446 -0.162513 0.231664 0 0 0
0.596506 -0.163650 0.232233 0 0 0
0.597555 -0.164117 0.232567 0 0 0
0.598606 -0.165261 0.233124 0 0 0
0.599762 -0.166288 0.233820 0 0 0
0.600885 -0.166883 0.233862 0 0 0
0.602129 -0.167403 0.234020 0 0 0
0.603287 -0.168617 0.234326 0 0 0
0.604365 -0.169103 0.234546 0 0 0
0.605568 -0.170222 0.235023 0 0 0
0.606746 -0.170741 0.235207 0 0 0
0.607904 -0.171217 0.235412 0 0 0
0.609038 -0.172292 0.236080 0 0 0
0.609956 -0.173503 0.236450 0 0 0
0.611035 -0.173969 0.236699 0 0 0
0.612258 -0.175080 0.237297 0 0 0
0.613287 -0.175579 0.237448 0 0 0
0.614329 -0.176655 0.238110 0 0 0
0.615361 -0.177735 0.238767 0 0 0
0.616380 -0.178238 0.238924 0 0 0
0.617425 -0.179379 0.239583 0 0 0
0.618351 -0.180477 0.240084 0 0 0
0.619415 -0.180887 0.240372 0 0 0
0.620468 -0.181941 0.241074 0 0 0
0.621342 -0.182965 0.241831 255 0 0
0.622381 -0.184022 0.242528 255 0 0
0.623430 -0.184438 0.242803 255 0 0
0.624467 -0.185567 0.243219 255 0 0
0.625520 -0.186136 0.243375 255 0 0
0.626627 -0.187143 0.243924 255 0 0
0.627689 -0.187583 0.244078 255 0 0
0.628732 -0.188909 0.244633 255 0 0
0.629940 -0.189398 0.244684 255 0 0
0.631041 -0.189894 0.244737 255 0 0
0.632083 -0.191061 0.245268 255 0 0
0.633395 -0.191458 0.245385 255 0 0
0.634656 -0.191793 0.245616 255 0 0
0.635434 -0.192982 0.246076 255 0 0
0.636309 -0.194210 0.246692 255 0 0
0.637556 -0.194615 0.246786 255 0 0
0.638817 -0.195026 0.246879 0 0 0
0.639829 -0.196188 0.247399 0 0 0
0.640908 -0.196676 0.247459 0 0 0
0.642209 -0.197153 0.247551 0 0 0
0.643170 -0.198310 0.248056 255 0 0
0.644173 -0.198990 0.248090 255 0 0
0.645500 -0.199626 0.248039 255 0 0
0.646864 -0.200075 0.247994 255 0 0
0.648133 -0.200556 0.247951 255 0 0
0.649398 -0.201117 0.247898 255 0 0
0.650588 -0.201818 0.247832 255 0 0
0.651889 -0.202443 0.247771 255 0 0
0.653202 -0.203017 0.247715 255 0 0
0.654153 -0.203448 0.247661 0 0 0
0.656714 -0.203514 0.246821 0 0 0
0.657612 -0.204065 0.246754 0 0 0
0.658499 -0.204641 0.246685 255 0 0
0.661067 -0.204823 0.245827 255 0 0
0.661587 -0.205317 0.245761 255 0 0
0.664182 -0.205525 0.244898 255 0 0
0.664779 -0.205928 0.244839 255 0 0
0.667171 -0.206038 0.244210 255 0 0
0.668217 -0.206600 0.243957 255 0 0
0.669571 -0.207194 0.243865 255 0 0
0.670744 -0.207832 0.243808 255 0 0
0.672110 -0.208295 0.243760 255 0 0
0.673420 -0.208847 0.243707 255 0 0
0.674700 -0.209422 0.243653 0 0 0
0.675997 -0.210003 0.243609 0 0 0
0.677216 -0.210614 0.243696 0 0 0
0.678165 -0.211519 0.244177 0 0 0
0.679306 -0.212069 0.244254 0 0 0
0.680610 -0.212642 0.244212 255 0 0
0.681930 -0.213226 0.244155 255 0 0
0.682913 -0.213668 0.244099 255 0 0
0.685317 -0.214108 0.243241 0 0 0
0.686315 -0.214581 0.243165 0 0 0
0.687089 -0.215285 0.243097 255 0 0
0.585385 -0.152781 0.223170 255 0 0
0.586136 -0.153957 0.223656 255 0 0
0.587078 -0.155010 0.224398 255 0 0
0.588082 -0.155832 0.225446 255 0 0
0.588838 -0.157796 0.226819 255 0 0
0.589703 -0.158747 0.227506 255 0 0
0.590690 -0.159831 0.228274 255 0 0
0.591823 -0.160902 0.229011 255 0 0
0.592857 -0.161273 0.229361 255 0 0
0.593982 -0.162343 0.230096 0 0 0
0.594955 -0.163458 0.230847 0 0 0
0.595893 -0.164572 0.231452 0 0 0
0.596974 -0.165706 0.232024 0 0 0
0.598028 -0.166154 0.232359 0 0 0
0.599239 -0.167299 0.232875 0 0 0
0.600315 -0.167790 0.233101 0 0 0
0.601459 -0.168990 0.233440 0 0 0
0.602745 -0.169414 0.233730 0 0 0
0.603910 -0.170012 0.233805 0 0 0
0.605081 -0.171138 0.234249 0 0 0
0.606135 -0.171594 0.234491 0 0 0
0.607193 -0.172762 0.235016 0 0 0
0.608217 -0.173926 0.235568 0 0 0
0.609319 -0.174264 0.235942 0 0 0
0.610339 -0.175426 0.236493 0 0 0
0.611315 -0.176595 0.237012 0 0 0
0.612367 -0.177012 0.237276 0 0 0
0.613463 -0.178157 0.237973 0 0 0
0.614387 -0.179185 0.238485 0 0 0
0.615546 -0.179522 0.238781 0 0 0
0.616745 -0.180679 0.239421 0 0 0
0.617831 -0.181040 0.239699 0 0 0
0.618735 -0.182247 0.240214 0 0 0
0.619580 -0.183349 0.240946 255 0 0
0.620449 -0.184378 0.241709 255 0 0
0.621435 -0.185367 0.242373 255 0 0
0.622545 -0.185803 0.242558 255 0 0
0.623635 -0.186944 0.243117 255 0 0
0.624688 -0.187383 0.243273 255 0 0
0.625614 -0.188644 0.243910 255 0 0
0.626421 -0.189831 0.244370 255 0 0
0.627688 -0.190216 0.244583 255 0 0
0.629012 -0.190667 0.244592 0 0 0
0.630279 -0.191123 0.244666 0 0 0
0.631331 -0.192310 0.245205 0 0 0
0.632244 -0.192830 0.245334 255 0 0
0.633279 -0.193952 0.245884 255 0 0
0.634510 -0.194342 0.246089 255 0 0
0.635539 -0.195444 0.246636 255 0 0
0.636450 -0.195964 0.246770 255 0 0
0.637475 -0.197151 0.247303 255 0 0
0.638725 -0.197561 0.247393 255 0 0
0.639912 -0.197974 0.247460 255 0 0
0.640888 -0.199262 0.247993 255 0 0
0.642076 -0.199736 0.248043 255 0 0
0.643365 -0.200234 0.248008 0 0 0
0.644626 -0.200723 0.247965 0 0 0
0.645993 -0.201166 0.247920 255 0 0
0.647278 -0.201725 0.247867 255 0 0
0.648575 -0.202347 0.247807 255 0 0
0.649772 -0.203029 0.247742 255 0 0
0.651031 -0.203590 0.247688 255 0 0
0.652317 -0.204149 0.247635 255 0 0
0.653604 -0.204738 0.247574 255 0 0
0.654478 -0.205260 0.247496 0 0 0
0.656919 -0.205583 0.246648 0 0 0
0.657910 -0.206006 0.246590 0 0 0
0.658825 -0.206530 0.246509 0 0 0
0.661279 -0.206884 0.245654 255 0 0
0.661858 -0.207282 0.245597 255 0 0
0.664437 -0.207368 0.244747 255 0 0
0.665336 -0.207978 0.244675 255 0 0
0.666610 -0.208788 0.244594 255 0 0
0.667542 -0.209221 0.244541 255 0 0
0.669973 -0.209295 0.243863 255 0 0
0.670639 -0.210246 0.244306 255 0 0
0.671700 -0.211020 0.244376 255 0 0
0.672952 -0.211511 0.244343 255 0 0
0.674365 -0.211972 0.244305 0 0 0
0.675525 -0.212576 0.244382 0 0 0
0.676425 -0.213636 0.244879 0 0 0
0.677530 -0.214160 0.244948 0 0 0
0.678967 -0.214693 0.244900 0 0 0
0.680185 -0.215403 0.244833 255 0 0
0.681114 -0.215831 0.244780 255 0 0
0.683685 -0.216100 0.243911 255 0 0
0.684247 -0.216524 0.243852 255 0 0
0.686885 -0.216676 0.242992 255 0 0
0.687337 -0.217190 0.242938 255 0 0
0.585818 -0.154876 0.223109 0 0 0
0.586534 -0.155694 0.223668 0 0 0
0.587391 -0.157614 0.225263 255 0 0
0.588289 -0.158489 0.226101 0 0 0
0.589267 -0.159514 0.226879 0 0 0
0.590245 -0.160591 0.227647 0 0 0
0.591260 -0.161696 0.228402 0 0 0
0.592112 -0.162916 0.228848 0 0 0
0.593119 -0.164022 0.229600 0 0 0
0.594236 -0.165080 0.230335 0 0 0
0.595260 -0.165446 0.230688 0 0 0
0.596431 -0.166536 0.231416 0 0 0
0.597413 -0.167745 0.231825 0 0 0
0.598522 -0.168147 0.232170 0 0 0
0.599745 -0.169297 0.232683 0 0 0
0.600839 -0.169808 0.232907 0 0 0
0.601890 -0.171023 0.233211 0 0 0
0.603161 -0.171527 0.233397 0 0 0
0.604403 -0.171999 0.233590 0 0 0
0.605405 -0.173157 0.234112 0 0 0
0.606431 -0.174315 0.234661 0 0 0
0.607530 -0.174657 0.235036 0 0 0
0.608549 -0.175829 0.235594 0 0 0
0.609555 -0.176985 0.236131 0 0 0
0.610662 -0.177315 0.236525 0 0 0
0.611654 -0.178405 0.237082 0 0 0
0.612768 -0.179542 0.237778 0 0 0
0.613657 -0.179812 0.237985 0 0 0
0.614583 -0.181876 0.239336 0 0 0
0.615426 -0.182162 0.239413 0 0 0
0.616571 -0.183333 0.239982 255 0 0
0.617681 -0.183762 0.240157 255 0 0
0.618679 -0.184755 0.240826 255 0 0
0.619551 -0.185778 0.241591 255 0 0
0.620384 -0.186875 0.242320 255 0 0
0.621266 -0.188065 0.242835 0 0 0
0.622361 -0.188492 0.243113 0 0 0
0.623381 -0.189641 0.243544 0 0 0
0.624715 -0.190023 0.243794 0 0 0
0.625944 -0.190397 0.244031 0 0 0
0.626930 -0.191436 0.244420 255 0 0
0.628008 -0.191943 0.244568 255 0 0
0.629032 -0.193282 0.245123 255 0 0
0.630225 -0.193764 0.245177 0 0 0
0.631380 -0.194234 0.245263 0 0 0
0.632281 -0.195250 0.245870 255 0 0
0.633183 -0.196412 0.246524 255 0 0
0.634441 -0.196887 0.246615 255 0 0
0.635587 -0.197360 0.246699 255 0 0
0.636649 -0.198396 0.247225 255 0 0
0.637613 -0.198904 0.247384 255 0 0
0.638622 -0.200080 0.247915 255 0 0
0.639876 -0.200536 0.247992 255 0 0
0.641146 -0.201036 0.247958 255 0 0
0.642426 -0.201543 0.247923 0 0 0
0.643611 -0.202024 0.247975 0 0 0
0.644557 -0.203315 0.248500 0 0 0
0.645682 -0.203916 0.248536 0 0 0
0.646652 -0.204317 0.248471 255 0 0
0.649078 -0.204547 0.247642 255 0 0
0.650036 -0.204960 0.247589 255 0 0
0.651347 -0.205534 0.247532 255 0 0
0.652661 -0.206108 0.247476 255 0 0
0.653626 -0.206511 0.247424 0 0 0
0.656060 -0.206827 0.246575 0 0 0
0.656978 -0.207344 0.246495 0 0 0
0.657960 -0.207773 0.246436 0 0 0
0.660413 -0.208025 0.245596 0 0 0
0.661359 -0.208406 0.245528 0 0 0
0.662601 -0.209148 0.245452 0 0 0
0.663593 -0.209660 0.245386 0 0 0
0.666074 -0.209815 0.244537 0 0 0
0.667017 -0.210258 0.244491 0 0 0
0.668108 -0.211047 0.244557 0 0 0
0.668758 -0.212028 0.245003 255 0 0
0.671205 -0.212088 0.244334 255 0 0
0.672007 -0.212564 0.244380 0 0 0
0.672878 -0.213850 0.244886 255 0 0
0.673983 -0.214364 0.244952 255 0 0
0.675518 -0.214721 0.244929 255 0 0
0.676634 -0.215270 0.245012 255 0 0
0.677177 -0.216330 0.245453 255 0 0
0.679628 -0.216416 0.244776 0 0 0
0.680606 -0.216938 0.244712 0 0 0
0.681413 -0.217650 0.244637 255 0 0
0.684027 -0.217821 0.243768 255 0 0
0.684513 -0.218338 0.243706 255 0 0
0.687155 -0.218489 0.242843 255 0 0
0.687668 -0.218912 0.242796 0 0 0
0.585088 -0.156323 0.222811 0 0 0
0.585699 -0.157277 0.223349 255 0 0
0.586596 -0.159068 0.225105 255 0 0
0.587431 -0.160086 0.225771 255 0 0
0.588332 -0.161182 0.226364 0 0 0
0.589435 -0.162211 0.227320 0 0 0
0.590471 -0.163356 0.227886 0 0 0
0.591548 -0.163716 0.228244 0 0 0
0.592669 -0.164772 0.228982 0 0 0
0.593674 -0.165872 0.229737 0 0 0
0.594511 -0.167084 0.230175 0 0 0
0.595665 -0.168180 0.230900 0 0 0
0.596726 -0.168528 0.231262 0 0 0
0.597787 -0.169708 0.231829 0 0 0
0.598790 -0.170874 0.232342 0 0 0
0.600045 -0.171335 0.232543 0 0 0
0.601304 -0.171791 0.232736 0 0 0
0.602429 -0.172955 0.233172 0 0 0
0.603473 -0.173498 0.233301 0 0 0
0.604720 -0.174619 0.233911 0 0 0
0.605778 -0.175036 0.234167 0 0 0
0.606755 -0.176147 0.234699 0 0 0
0.607854 -0.177216 0.235398 0 0 0
0.608987 -0.177571 0.235694 0 0 0
0.609917 -0.178787 0.236220 0 0 0
0.610792 -0.179890 0.236946 0 0 0
0.611850 -0.180986 0.237612 0 0 0
0.612651 -0.181339 0.237699 0 0 0
0.613789 -0.183126 0.239232 255 0 0
0.614592 -0.183475 0.239318 0 0 0
0.615780 -0.184593 0.239879 255 0 0
0.616788 -0.185091 0.240040 255 0 0
0.617792 -0.186156 0.240708 255 0 0
0.618681 -0.187243 0.241465 255 0 0
0.619630 -0.188305 0.242025 255 0 0
0.620735 -0.188677 0.242417 0 0 0
0.621758 -0.189832 0.242765 0 0 0
0.622860 -0.190213 0.243153 0 0 0
0.623909 -0.191327 0.243589 0 0 0
0.624944 -0.191890 0.243758 0 0 0
0.625863 -0.192943 0.244379 255 0 0
0.626793 -0.194098 0.245038 255 0 0
0.628028 -0.194475 0.245122 255 0 0
0.629401 -0.194874 0.245104 0 0 0
0.630577 -0.195445 0.245178 0 0 0
0.631477 -0.196612 0.245835 255 0 0
0.632364 -0.197635 0.246440 255 0 0
0.633494 -0.198106 0.246529 255 0 0
0.634759 -0.198585 0.246615 255 0 0
0.635777 -0.199761 0.247151 255 0 0
0.636746 -0.200260 0.247312 255 0 0
0.637793 -0.201297 0.247830 255 0 0
0.638926 -0.201830 0.247902 255 0 0
0.640225 -0.202421 0.247867 255 0 0
0.641339 -0.203040 0.247906 255 0 0
0.642238 -0.204204 0.248261 255 0 0
0.643495 -0.204587 0.248475 255 0 0
0.644865 -0.205042 0.248442 255 0 0
0.645860 -0.205592 0.248233 255 0 0
0.648098 -0.205927 0.247561 255 0 0
0.649092 -0.206313 0.247493 255 0 0
0.650395 -0.206890 0.247434 255 0 0
0.651671 -0.207450 0.247379 255 0 0
0.652960 -0.208034 0.247315 255 0 0
0.653836 -0.208534 0.247238 255 0 0
0.656284 -0.208845 0.246394 0 0 0
0.657221 -0.209269 0.246340 0 0 0
0.658441 -0.209975 0.246272 0 0 0
0.659736 -0.210598 0.246212 0 0 0
0.661044 -0.211170 0.246155 0 0 0
0.661985 -0.211590 0.246102 0 0 0
0.664459 -0.211766 0.245250 0 0 0
0.665415 -0.212212 0.245192 0 0 0
0.666744 -0.212780 0.245134 0 0 0
0.668112 -0.213226 0.245085 255 0 0
0.669254 -0.213845 0.245035 255 0 0
0.670579 -0.214466 0.244975 255 0 0
0.671975 -0.214925 0.244937 255 0 0
0.673072 -0.215457 0.245007 255 0 0
0.673898 -0.216605 0.245509 255 0 0
0.675109 -0.217114 0.245583 255 0 0
0.676522 -0.217629 0.245536 255 0 0
0.677618 -0.218388 0.245472 0 0 0
0.678559 -0.218881 0.245414 0 0 0
0.681180 -0.218923 0.244561 255 0 0
0.681730 -0.219342 0.244504 255 0 0
0.684275 -0.219713 0.243618 255 0 0
0.685081 -0.220411 0.243544 255 0 0
0.686061 -0.220929 0.243478 0 0 0
0.688251 -0.221012 0.242639 0 0 0
0.585094 -0.158719 0.223312 0 0 0
0.585720 -0.160609 0.224779 0 0 0
0.586822 -0.161470 0.225573 255 0 0
0.587761 -0.161742 0.225799 255 0 0
0.588787 -0.163844 0.227024 0 0 0
0.589753 -0.164099 0.227321 255 0 0
0.590837 -0.165230 0.227901 255 0 0
0.591814 -0.166336 0.228656 255 0 0
0.592958 -0.167442 0.229371 0 0 0
0.593978 -0.167860 0.229618 0 0 0
0.595095 -0.168915 0.230325 0 0 0
0.595983 -0.170032 0.230922 0 0 0
0.597123 -0.171175 0.231625 0 0 0
0.598177 -0.171586 0.231874 0 0 0
0.599323 -0.172764 0.232323 0 0 0
0.600364 -0.173308 0.232448 0 0 0
0.601584 -0.174441 0.233030 0 0 0
0.602607 -0.174927 0.233163 0 0 0
0.603819 -0.176068 0.233747 0 0 0
0.604833 -0.176566 0.233890 0 0 0
0.605884 -0.177653 0.234564 0 0 0
0.606759 -0.178679 0.235296 0 0 0
0.607776 -0.179877 0.235983 0 0 0
0.608880 -0.180294 0.236153 0 0 0
0.609915 -0.181305 0.236827 0 0 0
0.610970 -0.182318 0.237494 255 0 0
0.611861 -0.182591 0.237594 0 0 0
0.612782 -0.184648 0.238950 0 0 0
0.613685 -0.184972 0.239153 0 0 0
0.614813 -0.186110 0.239611 0 0 0
0.615855 -0.186511 0.239885 255 0 0
0.616925 -0.187626 0.240582 255 0 0
0.617877 -0.188690 0.241136 255 0 0
0.618969 -0.189075 0.241516 255 0 0
0.620003 -0.190228 0.241877 255 0 0
0.621097 -0.190610 0.242260 0 0 0
0.622038 -0.191668 0.242812 0 0 0
0.623038 -0.192788 0.243465 0 0 0
0.624041 -0.193268 0.243647 255 0 0
0.625023 -0.194307 0.244308 255 0 0
0.625990 -0.195340 0.244956 255 0 0
0.626959 -0.195910 0.245106 255 0 0
0.627913 -0.197139 0.245487 255 0 0
0.629097 -0.197627 0.245692 255 0 0
0.630396 -0.198049 0.245821 255 0 0
0.631447 -0.199030 0.246355 0 0 0
0.632408 -0.199529 0.246514 0 0 0
0.633429 -0.200704 0.247044 0 0 0
0.634684 -0.201171 0.247132 0 0 0
0.635847 -0.201712 0.247213 0 0 0
0.636793 -0.202780 0.247586 0 0 0
0.637945 -0.203212 0.247771 0 0 0
0.639284 -0.203770 0.247763 255 0 0
0.640629 -0.204322 0.247756 255 0 0
0.641792 -0.204749 0.247957 255 0 0
0.642729 -0.205822 0.248305 255 0 0
0.643615 -0.206251 0.248346 255 0 0
0.645870 -0.206578 0.247695 255 0 0
0.646865 -0.207135 0.247479 255 0 0
0.648175 -0.207677 0.247395 255 0 0
0.649445 -0.208249 0.247338 255 0 0
0.650729 -0.208776 0.247260 255 0 0
0.652033 -0.209488 0.247028 255 0 0
0.652931 -0.209910 0.246940 255 0 0
0.655291 -0.210226 0.246314 255 0 0
0.656281 -0.210609 0.246248 255 0 0
0.657592 -0.211182 0.246189 255 0 0
0.658858 -0.211748 0.246136 0 0 0
0.660132 -0.212306 0.246083 0 0 0
0.661385 -0.212871 0.246029 0 0 0
0.662553 -0.213586 0.245963 0 0 0
0.663845 -0.214215 0.245902 255 0 0
0.665112 -0.214774 0.245849 255 0 0
0.666385 -0.215334 0.245796 0 0 0
0.667658 -0.215894 0.245743 0 0 0
0.668931 -0.216454 0.245690 0 0 0
0.670202 -0.217013 0.245637 255 0 0
0.671504 -0.217568 0.245597 255 0 0
0.672707 -0.218005 0.245676 0 0 0
0.673601 -0.219022 0.246158 255 0 0
0.674459 -0.219440 0.246224 255 0 0
0.676965 -0.219715 0.245393 0 0 0
0.677911 -0.220113 0.245342 0 0 0
0.679150 -0.220852 0.245268 0 0 0
0.680116 -0.221295 0.245192 0 0 0
0.682216 -0.221604 0.244334 255 0 0
0.684566 -0.221506 0.243480 255 0 0
0.685539 -0.222023 0.243413 255 0 0
0.686356 -0.222658 0.243325 255 0 0
0.688397 -0.223102 0.242470 255 0 0
0.585201 -0.161357 0.224106 0 0 0
0.585824 -0.163194 0.225341 0 0 0
0.586812 -0.164247 0.226000 0 0 0
0.587969 -0.164547 0.226402 0 0 0
0.589027 -0.165618 0.226983 255 0 0
0.590026 -0.166786 0.227740 255 0 0
0.590928 -0.167908 0.228341 255 0 0
0.592050 -0.168968 0.229047 255 0 0
0.593061 -0.169390 0.229298 255 0 0
0.594195 -0.170488 0.230016 255 0 0
0.595158 -0.171590 0.230772 0 0 0
0.596164 -0.172709 0.231310 0 0 0
0.597215 -0.173124 0.231562 0 0 0
0.598484 -0.174255 0.232181 0 0 0
0.599504 -0.174735 0.232313 0 0 0
0.600726 -0.175870 0.232900 0 0 0
0.601748 -0.176356 0.233036 0 0 0
0.602950 -0.177424 0.233622 0 0 0
0.604058 -0.177828 0.233780 0 0 0
0.605158 -0.178902 0.234481 0 0 0
0.605980 -0.180084 0.235234 0 0 0
0.606987 -0.181154 0.235879 0 0 0
0.607992 -0.181654 0.236034 255 0 0
0.609023 -0.182739 0.236709 0 0 0
0.609876 -0.183753 0.237440 0 0 0
0.610910 -0.184941 0.238161 0 0 0
0.612055 -0.185263 0.238459 0 0 0
0.613146 -0.186320 0.238919 0 0 0
0.614213 -0.186791 0.239186 0 0 0
0.615153 -0.187944 0.239702 255 0 0
0.616123 -0.189082 0.240249 255 0 0
0.617215 -0.189464 0.240629 255 0 0
0.618254 -0.190614 0.240991 255 0 0
0.619346 -0.190990 0.241372 255 0 0
0.620302 -0.192121 0.241927 0 0 0
0.621116 -0.193276 0.242520 0 0 0
0.622104 -0.194255 0.243199 0 0 0
0.623086 -0.194659 0.243498 255 0 0
0.624128 -0.195775 0.244199 255 0 0
0.624992 -0.196820 0.244695 255 0 0
0.626218 -0.197248 0.244928 255 0 0
0.627474 -0.197738 0.245151 255 0 0
0.628370 -0.198863 0.245406 255 0 0
0.629418 -0.199337 0.245679 255 0 0
0.630534 -0.200398 0.246256 0 0 0
0.631575 -0.200955 0.246433 0 0 0
0.632568 -0.202032 0.246785 0 0 0
0.633656 -0.202561 0.246862 0 0 0
0.635037 -0.203032 0.247004 0 0 0
0.636265 -0.203523 0.247214 0 0 0
0.637124 -0.204632 0.247458 0 0 0
0.638291 -0.205130 0.247627 0 0 0
0.639634 -0.205700 0.247626 255 0 0
0.640800 -0.206306 0.247694 255 0 0
0.641771 -0.207360 0.248018 255 0 0
0.642610 -0.207767 0.248045 255 0 0
0.644944 -0.208080 0.247431 255 0 0
0.645933 -0.208462 0.247362 0 0 0
0.647229 -0.209034 0.247302 255 0 0
0.648532 -0.209607 0.247245 255 0 0
0.649496 -0.210019 0.247193 255 0 0
0.651953 -0.210180 0.246586 255 0 0
0.652772 -0.210750 0.246447 255 0 0
0.654051 -0.211465 0.246227 255 0 0
0.655341 -0.211990 0.246153 255 0 0
0.656597 -0.212466 0.246108 255 0 0
0.657976 -0.212896 0.246063 255 0 0
0.659259 -0.213442 0.246011 255 0 0
0.660530 -0.213998 0.245958 255 0 0
0.661811 -0.214544 0.245905 255 0 0
0.663084 -0.215094 0.245853 255 0 0
0.664353 -0.215649 0.245800 255 0 0
0.665623 -0.216208 0.245747 0 0 0
0.666893 -0.216767 0.245694 0 0 0
0.668164 -0.217326 0.245641 0 0 0
0.669434 -0.217885 0.245588 0 0 0
0.670711 -0.218455 0.245546 0 0 0
0.671886 -0.219076 0.245634 0 0 0
0.672780 -0.220203 0.246119 0 0 0
0.673563 -0.220593 0.246174 0 0 0
0.676068 -0.220963 0.245329 0 0 0
0.676919 -0.221467 0.245255 0 0 0
0.678248 -0.222048 0.245190 0 0 0
0.679226 -0.222391 0.245129 255 0 0
0.681575 -0.222939 0.244267 255 0 0
0.682482 -0.223447 0.244189 255 0 0
0.683479 -0.223909 0.244108 255 0 0
0.685709 -0.224042 0.243258 255 0 0
0.687945 -0.224294 0.242391 255 0 0
0.688380 -0.224759 0.242329 0 0 0
0.584529 -0.162864 0.223878 0 0 0
0.585343 -0.163874 0.224701 0 0 0
0.586304 -0.164880 0.225461 0 0 0
0.587222 -0.166010 0.226064 0 0 0
0.588224 -0.167176 0.226822 0 0 0
0.589291 -0.168297 0.227401 0 0 0
0.590351 -0.168655 0.227762 0 0 0
0.591504 -0.169699 0.228506 0 0 0
0.592395 -0.170816 0.229106 0 0 0
0.593356 -0.171918 0.229872 255 0 0
0.594481 -0.173004 0.230587 255 0 0
0.595534 -0.173415 0.230841 255 0 0
0.596537 -0.174532 0.231376 255 0 0
0.597633 -0.175682 0.232049 255 0 0
0.598646 -0.176162 0.232185 255 0 0
0.599868 -0.177305 0.232773 0 0 0
0.600877 -0.177797 0.232913 0 0 0
0.601900 -0.178877 0.233566 0 0 0
0.602737 -0.180049 0.234322 0 0 0
0.603814 -0.181050 0.235023 255 0 0
0.605021 -0.181387 0.235202 0 0 0
0.606143 -0.182510 0.235790 0 0 0
0.607208 -0.182908 0.235936 0 0 0
0.608294 -0.183975 0.236635 0 0 0
0.609095 -0.185149 0.237391 0 0 0
0.610081 -0.186204 0.238035 0 0 0
0.611083 -0.186694 0.238194 0 0 0
0.612246 -0.187805 0.238763 0 0 0
0.613257 -0.188285 0.238920 0 0 0
0.614452 -0.189369 0.239520 0 0 0
0.615489 -0.189773 0.239793 0 0 0
0.616583 -0.190891 0.240255 0 0 0
0.617635 -0.191356 0.240524 255 0 0
0.618563 -0.192503 0.241045 255 0 0
0.619524 -0.193631 0.241594 255 0 0
0.620554 -0.193957 0.242005 255 0 0
0.621587 -0.194919 0.242734 0 0 0
0.622369 -0.195996 0.243327 255 0 0
0.623399 -0.197099 0.244029 255 0 0
0.624422 -0.197494 0.244316 255 0 0
0.625409 -0.198584 0.244716 255 0 0
0.626641 -0.199183 0.244815 255 0 0
0.627802 -0.199617 0.245010 255 0 0
0.628680 -0.200742 0.245507 255 0 0
0.629547 -0.201857 0.245999 255 0 0
0.630747 -0.202270 0.246220 255 0 0
0.632128 -0.202739 0.246372 0 0 0
0.633238 -0.203337 0.246431 0 0 0
0.634127 -0.204456 0.246641 0 0 0
0.635364 -0.204952 0.246857 0 0 0
0.636605 -0.205450 0.247070 0 0 0
0.637458 -0.206550 0.247313 0 0 0
0.638622 -0.207044 0.247490 0 0 0
0.640016 -0.207585 0.247510 255 0 0
0.641317 -0.208031 0.247615 255 0 0
0.642472 -0.208586 0.247562 255 0 0
0.643749 -0.209284 0.247341 255 0 0
0.645025 -0.209810 0.247264 255 0 0
0.646291 -0.210375 0.247211 255 0 0
0.647558 -0.210936 0.247161 255 0 0
0.648835 -0.211522 0.247103 255 0 0
0.649689 -0.212054 0.247043 255 0 0
0.652247 -0.212117 0.246198 255 0 0
0.653183 -0.212536 0.246140 255 0 0
0.654499 -0.213119 0.246090 255 0 0
0.655594 -0.213718 0.246142 255 0 0
0.656466 -0.215018 0.246660 255 0 0
0.657554 -0.215615 0.246710 255 0 0
0.658832 -0.216187 0.246665 255 0 0
0.660098 -0.216744 0.246612 255 0 0
0.661367 -0.217299 0.246562 255 0 0
0.662609 -0.217757 0.246523 255 0 0
0.663995 -0.218188 0.246474 255 0 0
0.665275 -0.218732 0.246422 0 0 0
0.666539 -0.219287 0.246369 0 0 0
0.667805 -0.219844 0.246316 0 0 0
0.669069 -0.220399 0.246263 0 0 0
0.670347 -0.220945 0.246211 0 0 0
0.671717 -0.221396 0.246163 0 0 0
0.672988 -0.221969 0.246109 0 0 0
0.673750 -0.222644 0.246043 0 0 0
0.676343 -0.222711 0.245183 0 0 0
0.677325 -0.223225 0.245119 0 0 0
0.678204 -0.223781 0.245057 0 0 0
0.680711 -0.224128 0.244191 0 0 0
0.681596 -0.224631 0.244114 255 0 0
0.682582 -0.225000 0.244047 255 0 0
0.684964 -0.225586 0.243175 255 0 0
0.685531 -0.225916 0.243113 255 0 0
0.688206 -0.226133 0.242231 255 0 0
0.688637 -0.226633 0.242181 255 0 0
0.584716 -0.165371 0.224510 0 0 0
0.585458 -0.166456 0.225159 0 0 0
0.586400 -0.167576 0.225901 0 0 0
0.587481 -0.168692 0.226484 0 0 0
0.588584 -0.169045 0.226845 0 0 0
0.589640 -0.170163 0.227427 0 0 0
0.590611 -0.171271 0.228196 0 0 0
0.591561 -0.172313 0.228968 0 0 0
0.592508 -0.173356 0.229738 0 0 0
0.593600 -0.174452 0.230425 0 0 0
0.594611 -0.174934 0.230567 0 0 0
0.595698 -0.176024 0.231244 0 0 0
0.596779 -0.177109 0.231922 0 0 0
0.597792 -0.177590 0.232062 0 0 0
0.599004 -0.178660 0.232653 0 0 0
0.600104 -0.179063 0.232810 0 0 0
0.601136 -0.180271 0.233507 0 0 0
0.602011 -0.181294 0.234249 255 0 0
0.602871 -0.182338 0.234992 255 0 0
0.603858 -0.183486 0.235683 255 0 0
0.604998 -0.183830 0.235842 0 0 0
0.605915 -0.185111 0.236525 0 0 0
0.606927 -0.186102 0.237185 0 0 0
0.608131 -0.186438 0.237369 0 0 0
0.609249 -0.187607 0.237951 0 0 0
0.610208 -0.188091 0.238084 0 0 0
0.611367 -0.189199 0.238652 0 0 0
0.612396 -0.189744 0.238800 0 0 0
0.613453 -0.190871 0.239225 0 0 0
0.614510 -0.191340 0.239493 0 0 0
0.615603 -0.192454 0.239951 0 0 0
0.616635 -0.192850 0.240230 0 0 0
0.617856 -0.193918 0.240867 0 0 0
0.618887 -0.194317 0.241152 255 0 0
0.619778 -0.195374 0.241680 255 0 0
0.620642 -0.196458 0.242454 255 0 0
0.621484 -0.197450 0.243222 255 0 0
0.622452 -0.198483 0.243887 255 0 0
0.623450 -0.198962 0.244073 255 0 0
0.624533 -0.200025 0.244606 255 0 0
0.625685 -0.200552 0.244683 255 0 0
0.626835 -0.201082 0.244766 255 0 0
0.627950 -0.202127 0.245334 255 0 0
0.628995 -0.202590 0.245614 255 0 0
0.629883 -0.203717 0.245877 255 0 0
0.631043 -0.204218 0.246054 255 0 0
0.632451 -0.204779 0.246084 255 0 0
0.633590 -0.205208 0.246268 0 0 0
0.634532 -0.206256 0.246645 0 0 0
0.635768 -0.206853 0.246754 0 0 0
0.636929 -0.207289 0.246950 0 0 0
0.637857 -0.208341 0.247320 0 0 0
0.639012 -0.208946 0.247381 255 0 0
0.640298 -0.209481 0.247314 255 0 0
0.641568 -0.210171 0.247099 255 0 0
0.642754 -0.210726 0.247011 255 0 0
0.644028 -0.211288 0.246956 255 0 0
0.645263 -0.211853 0.246932 255 0 0
0.646548 -0.212296 0.247038 255 0 0
0.647881 -0.212835 0.247022 255 0 0
0.649127 -0.213385 0.246971 0 0 0
0.650287 -0.214094 0.246907 0 0 0
0.651569 -0.214728 0.246847 255 0 0
0.652817 -0.215294 0.246796 255 0 0
0.654066 -0.215741 0.246757 255 0 0
0.655572 -0.216042 0.246712 255 0 0
0.656825 -0.216488 0.246673 255 0 0
0.658090 -0.217041 0.246623 255 0 0
0.659354 -0.217596 0.246570 255 0 0
0.660630 -0.218156 0.246524 255 0 0
0.661728 -0.218760 0.246577 0 0 0
0.662573 -0.220072 0.247094 255 0 0
0.663646 -0.220653 0.247149 255 0 0
0.664928 -0.221222 0.247105 255 0 0
0.666189 -0.221776 0.247053 255 0 0
0.667450 -0.222331 0.247000 255 0 0
0.668712 -0.222886 0.246947 0 0 0
0.670011 -0.223452 0.246892 0 0 0
0.670926 -0.223866 0.246842 0 0 0
0.673516 -0.223862 0.245988 255 0 0
0.674404 -0.224509 0.245917 255 0 0
0.675285 -0.225171 0.245846 255 0 0
0.677884 -0.225278 0.244974 0 0 0
0.678343 -0.225771 0.244917 0 0 0
0.681002 -0.225980 0.244032 0 0 0
0.681533 -0.226370 0.243981 255 0 0
0.684080 -0.226740 0.243107 255 0 0
0.684943 -0.227250 0.243029 255 0 0
0.685810 -0.227756 0.242951 255 0 0
0.688353 -0.228165 0.242078 255 0 0
0.688816 -0.228447 0.242045 255 0 0
0.584872 -0.167873 0.225139 0 0 0
0.585785 -0.169001 0.225733 0 0 0
0.586797 -0.169427 0.225962 0 0 0
0.587844 -0.170555 0.226517 0 0 0
0.588820 -0.171658 0.227285 0 0 0
0.589773 -0.172702 0.228061 255 0 0
0.590721 -0.173747 0.228839 0 0 0
0.591665 -0.174789 0.229612 0 0 0
0.592755 -0.175889 0.230298 0 0 0
0.593757 -0.176374 0.230438 0 0 0
0.594846 -0.177451 0.231120 0 0 0
0.595926 -0.178541 0.231799 0 0 0
0.596929 -0.179028 0.231944 0 0 0
0.597960 -0.180105 0.232596 0 0 0
0.598991 -0.181322 0.233284 0 0 0
0.600077 -0.181729 0.233449 0 0 0
0.601119 -0.182745 0.234134 0 0 0
0.602027 -0.183773 0.234909 0 0 0
0.602887 -0.184792 0.235652 0 0 0
0.603892 -0.185995 0.236346 0 0 0
0.604993 -0.186387 0.236521 0 0 0
0.605969 -0.187380 0.237165 0 0 0
0.606944 -0.188581 0.237841 0 0 0
0.608200 -0.189031 0.237918 0 0 0
0.609345 -0.189498 0.237987 0 0 0
0.610479 -0.190582 0.238538 0 0 0
0.611685 -0.191104 0.238630 0 0 0
0.612870 -0.191550 0.238818 0 0 0
0.613957 -0.192659 0.239268 0 0 0
0.615012 -0.193121 0.239543 0 0 0
0.615918 -0.194188 0.240062 0 0 0
0.616930 -0.195314 0.240727 0 0 0
0.617923 -0.195787 0.240906 0 0 0
0.618905 -0.196828 0.241576 255 0 0
0.619748 -0.197823 0.242350 255 0 0
0.620606 -0.198899 0.243126 255 0 0
0.621482 -0.199946 0.243644 0 0 0
0.622532 -0.200406 0.243926 0 0 0
0.623598 -0.201495 0.244329 0 0 0
0.624699 -0.202021 0.244415 0 0 0
0.625907 -0.202533 0.244619 255 0 0
0.626915 -0.203595 0.245044 255 0 0
0.628128 -0.204028 0.245277 255 0 0
0.629348 -0.204457 0.245504 255 0 0
0.630304 -0.205520 0.245885 255 0 0
0.631455 -0.206048 0.245963 255 0 0
0.632704 -0.206512 0.246056 255 0 0
0.633699 -0.207673 0.246575 255 0 0
0.634785 -0.208210 0.246635 255 0 0
0.635936 -0.208743 0.246721 255 0 0
0.636948 -0.209775 0.247224 255 0 0
0.638119 -0.210273 0.247268 0 0 0
0.639140 -0.210829 0.247062 0 0 0
0.641400 -0.210989 0.246606 0 0 0
0.642401 -0.211426 0.246540 255 0 0
0.643685 -0.211934 0.246510 255 0 0
0.644923 -0.212473 0.246566 255 0 0
0.645752 -0.213701 0.246735 255 0 0
0.646833 -0.214184 0.246894 255 0 0
0.648191 -0.214731 0.246889 255 0 0
0.649464 -0.215268 0.246841 255 0 0
0.650714 -0.215732 0.246798 0 0 0
0.652085 -0.216178 0.246761 0 0 0
0.653179 -0.216760 0.246812 255 0 0
0.654046 -0.218065 0.247334 255 0 0
0.655126 -0.218661 0.247387 255 0 0
0.656397 -0.219240 0.247343 255 0 0
0.657665 -0.219818 0.247304 255 0 0
0.658757 -0.220360 0.247397 255 0 0
0.659421 -0.221115 0.247815 0 0 0
0.661966 -0.221293 0.247150 0 0 0
0.662766 -0.221758 0.247103 0 0 0
0.664044 -0.222325 0.247048 255 0 0
0.665316 -0.222875 0.246995 255 0 0
0.666566 -0.223436 0.246943 255 0 0
0.667825 -0.223981 0.246890 0 0 0
0.669097 -0.224522 0.246838 0 0 0
0.670339 -0.225079 0.246785 0 0 0
0.671523 -0.225804 0.246718 0 0 0
0.672458 -0.226290 0.246661 0 0 0
0.675075 -0.226299 0.245798 0 0 0
0.675592 -0.226722 0.245743 0 0 0
0.678152 -0.227122 0.244843 0 0 0
0.678601 -0.227636 0.244785 255 0 0
0.681236 -0.227872 0.243895 255 0 0
0.681691 -0.228371 0.243837 255 0 0
0.684362 -0.228588 0.242950 255 0 0
0.684898 -0.228970 0.242900 255 0 0
0.687464 -0.229287 0.242030 255 0 0
0.688062 -0.229519 0.241982 255 0 0
0.585175 -0.170441 0.225654 0 0 0
0.585902 -0.170920 0.225696 0 0 0
0.587015 -0.172051 0.226375 0 0 0
0.587982 -0.173092 0.227153 0 0 0
0.588933 -0.174137 0.227933 255 0 0
0.589880 -0.175179 0.228714 255 0 0
0.590825 -0.176221 0.229490 255 0 0
0.591904 -0.177248 0.230180 0 0 0
0.592996 -0.177643 0.230336 0 0 0
0.594046 -0.178865 0.231032 0 0 0
0.595071 -0.179888 0.231685 0 0 0
0.596164 -0.180287 0.231846 0 0 0
0.597205 -0.181501 0.232542 0 0 0
0.598218 -0.182505 0.233192 0 0 0
0.599306 -0.182903 0.233357 0 0 0
0.600411 -0.183971 0.234066 0 0 0
0.601315 -0.184989 0.234842 0 0 0
0.602217 -0.186019 0.235620 0 0 0
0.603164 -0.187150 0.236286 0 0 0
0.604194 -0.187563 0.236437 0 0 0
0.605199 -0.188770 0.237127 0 0 0
0.606167 -0.189827 0.237756 0 0 0
0.607305 -0.190376 0.237822 0 0 0
0.608463 -0.190907 0.237885 0 0 0
0.609600 -0.191979 0.238434 0 0 0
0.610760 -0.192507 0.238499 0 0 0
0.611917 -0.193039 0.238567 0 0 0
0.613051 -0.194127 0.239123 0 0 0
0.614049 -0.194600 0.239293 0 0 0
0.615048 -0.195646 0.239961 255 0 0
0.616043 -0.196688 0.240628 255 0 0
0.617036 -0.197160 0.240808 0 0 0
0.618017 -0.198199 0.241483 255 0 0
0.618866 -0.199192 0.242255 255 0 0
0.619878 -0.200215 0.242961 255 0 0
0.620912 -0.200665 0.243244 255 0 0
0.621874 -0.201783 0.243554 0 0 0
0.623101 -0.202197 0.243872 0 0 0
0.624266 -0.202780 0.243974 0 0 0
0.625235 -0.203898 0.244245 0 0 0
0.626315 -0.204273 0.244636 0 0 0
0.627337 -0.205345 0.245079 255 0 0
0.628362 -0.205897 0.245262 255 0 0
0.629428 -0.206958 0.245801 255 0 0
0.630365 -0.207442 0.245965 255 0 0
0.631375 -0.208618 0.246507 255 0 0
0.632607 -0.209068 0.246585 255 0 0
0.633880 -0.209561 0.246562 255 0 0
0.635020 -0.210082 0.246639 255 0 0
0.636059 -0.211122 0.247141 255 0 0
0.636906 -0.211457 0.247192 0 0 0
0.639149 -0.211792 0.246539 0 0 0
0.640128 -0.212345 0.246327 0 0 0
0.641452 -0.212899 0.246254 0 0 0
0.642540 -0.213455 0.246319 255 0 0
0.643210 -0.214419 0.246750 255 0 0
0.645509 -0.214402 0.246478 255 0 0
0.646118 -0.215411 0.246750 255 0 0
0.647226 -0.216049 0.246806 255 0 0
0.648512 -0.216632 0.246770 255 0 0
0.649612 -0.217261 0.246818 255 0 0
0.650451 -0.218397 0.247155 0 0 0
0.651594 -0.218881 0.247375 0 0 0
0.653048 -0.219307 0.247379 0 0 0
0.654290 -0.219765 0.247341 0 0 0
0.655531 -0.220234 0.247300 255 0 0
0.656906 -0.220666 0.247265 255 0 0
0.658094 -0.221239 0.247359 255 0 0
0.658967 -0.222401 0.247846 0 0 0
0.659613 -0.222916 0.247893 0 0 0
0.662214 -0.223002 0.247047 0 0 0
0.663155 -0.223498 0.246989 0 0 0
0.664320 -0.224124 0.246935 0 0 0
0.665664 -0.224554 0.246886 0 0 0
0.666959 -0.225175 0.246826 0 0 0
0.668099 -0.225884 0.246764 0 0 0
0.669338 -0.226428 0.246711 0 0 0
0.670624 -0.226955 0.246659 0 0 0
0.671863 -0.227505 0.246604 0 0 0
0.673049 -0.228176 0.246507 0 0 0
0.674085 -0.228809 0.246234 0 0 0
0.676035 -0.228986 0.245593 0 0 0
0.678410 -0.228983 0.244714 0 0 0
0.678861 -0.229480 0.244657 255 0 0
0.681497 -0.229723 0.243764 255 0 0
0.681941 -0.230237 0.243708 255 0 0
0.684558 -0.230355 0.242831 255 0 0
0.685451 -0.230996 0.242760 255 0 0
0.686331 -0.231651 0.242690 255 0 0
0.688886 -0.231851 0.241818 255 0 0
0.689416 -0.232108 0.241782 0 0 0
0.585384 -0.172541 0.225593 0 0 0
0.586162 -0.173471 0.226228 0 0 0
0.587144 -0.174527 0.227026 0 0 0
0.588096 -0.175568 0.227809 255 0 0
0.589043 -0.176606 0.228592 255 0 0
0.589986 -0.177643 0.229371 255 0 0
0.590884 -0.178685 0.230119 255 0 0
0.591927 -0.179906 0.230817 255 0 0
0.593013 -0.180299 0.230980 0 0 0
0.594041 -0.181321 0.231634 0 0 0
0.595077 -0.182542 0.232327 0 0 0
0.596159 -0.182936 0.232494 0 0 0
0.597168 -0.183958 0.233155 0 0 0
0.597993 -0.185132 0.233925 0 0 0
0.598889 -0.186161 0.234707 0 0 0
0.599789 -0.187174 0.235484 0 0 0
0.600884 -0.188229 0.236185 0 0 0
0.601915 -0.188620 0.236335 0 0 0
0.603056 -0.189801 0.236926 0 0 0
0.604145 -0.190197 0.237094 0 0 0
0.605285 -0.191153 0.237664 0 0 0
0.606521 -0.191562 0.237741 0 0 0
0.607705 -0.192119 0.237806 0 0 0
0.608784 -0.193354 0.238361 0 0 0
0.609883 -0.193886 0.238403 0 0 0
0.611043 -0.194418 0.238468 0 0 0
0.612175 -0.195505 0.239026 255 0 0
0.613169 -0.195975 0.239195 255 0 0
0.614167 -0.197021 0.239867 255 0 0
0.615158 -0.198064 0.240536 255 0 0
0.616148 -0.198533 0.240717 255 0 0
0.617127 -0.199565 0.241389 255 0 0
0.617992 -0.200642 0.242159 255 0 0
0.618862 -0.201677 0.242674 255 0 0
0.620063 -0.202110 0.242904 255 0 0
0.621294 -0.202613 0.243114 255 0 0
0.622200 -0.203726 0.243378 255 0 0
0.623433 -0.204216 0.243590 255 0 0
0.624635 -0.204642 0.243820 255 0 0
0.625512 -0.205755 0.244324 0 0 0
0.626388 -0.206868 0.244834 0 0 0
0.627427 -0.207333 0.245123 255 0 0
0.628448 -0.208398 0.245574 255 0 0
0.629469 -0.208787 0.245874 255 0 0
0.630566 -0.209808 0.246442 255 0 0
0.631678 -0.210323 0.246517 255 0 0
0.632960 -0.210904 0.246485 255 0 0
0.634120 -0.211505 0.246550 255 0 0
0.635097 -0.212554 0.246881 255 0 0
0.635918 -0.212951 0.246909 255 0 0
0.638237 -0.213275 0.246292 255 0 0
0.639214 -0.213652 0.246222 255 0 0
0.640512 -0.214230 0.246171 255 0 0
0.641691 -0.214834 0.246243 255 0 0
0.642589 -0.215869 0.246550 0 0 0
0.643594 -0.216507 0.246611 255 0 0
0.644994 -0.216937 0.246747 255 0 0
0.646295 -0.217400 0.246737 255 0 0
0.647553 -0.217953 0.246692 255 0 0
0.648868 -0.218419 0.246694 255 0 0
0.650120 -0.218791 0.246927 255 0 0
0.650968 -0.219898 0.247267 255 0 0
0.652059 -0.220532 0.247315 0 0 0
0.653316 -0.221032 0.247289 0 0 0
0.654524 -0.221592 0.247345 0 0 0
0.655331 -0.222895 0.247689 0 0 0
0.656364 -0.223359 0.247879 0 0 0
0.657834 -0.223792 0.247890 0 0 0
0.659053 -0.224247 0.247849 0 0 0
0.660236 -0.224963 0.247785 0 0 0
0.661170 -0.225445 0.247727 0 0 0
0.663572 -0.225533 0.247041 0 0 0
0.664158 -0.226602 0.247491 0 0 0
0.664900 -0.227075 0.247556 255 0 0
0.667516 -0.227086 0.246712 255 0 0
0.668446 -0.227572 0.246655 0 0 0
0.669623 -0.228298 0.246589 0 0 0
0.670894 -0.228855 0.246533 0 0 0
0.671858 -0.229237 0.246484 0 0 0
0.674251 -0.229433 0.245831 0 0 0
0.675199 -0.230082 0.245537 0 0 0
0.676130 -0.230751 0.245247 0 0 0
0.678553 -0.230974 0.244580 255 0 0
0.679087 -0.231353 0.244530 255 0 0
0.681726 -0.231458 0.243653 255 0 0
0.682603 -0.232112 0.243582 255 0 0
0.683479 -0.232758 0.243513 255 0 0
0.686089 -0.232744 0.242649 0 0 0
0.686936 -0.233325 0.242589 255 0 0
0.687890 -0.233856 0.242533 0 0 0
0.584685 -0.173842 0.225490 0 0 0
0.585402 -0.174885 0.226139 0 0 0
0.586302 -0.175957 0.226900 0 0 0
0.587259 -0.176993 0.227687 0 0 0
0.588220 -0.178091 0.228464 255 0 0
0.589099 -0.179188 0.229079 255 0 0
0.590080 -0.180216 0.229860 255 0 0
0.591138 -0.181239 0.230571 255 0 0
0.592138 -0.181709 0.230826 255 0 0
0.593193 -0.182863 0.231378 255 0 0
0.594290 -0.183866 0.232088 255 0 0
0.595265 -0.184273 0.232349 255 0 0
0.596376 -0.185350 0.233079 255 0 0
0.597292 -0.186351 0.233859 0 0 0
0.598191 -0.187366 0.234642 0 0 0
0.599103 -0.188457 0.235418 0 0 0
0.600048 -0.189537 0.235959 0 0 0
0.601065 -0.189936 0.236227 0 0 0
0.602292 -0.191036 0.236843 0 0 0
0.603267 -0.191506 0.237000 0 0 0
0.604265 -0.192661 0.237647 0 0 0
0.605137 -0.193854 0.238149 0 0 0
0.606305 -0.194332 0.238351 0 0 0
0.607743 -0.194775 0.238350 0 0 0
0.609024 -0.195278 0.238315 0 0 0
0.610168 -0.195795 0.238374 0 0 0
0.611301 -0.196881 0.238931 0 0 0
0.612289 -0.197348 0.239103 0 0 0
0.613287 -0.198395 0.239778 0 0 0
0.614275 -0.199434 0.240447 255 0 0
0.615260 -0.199897 0.240626 255 0 0
0.616265 -0.201012 0.241293 255 0 0
0.617191 -0.202046 0.241854 255 0 0
0.618258 -0.202426 0.242246 255 0 0
0.619214 -0.203544 0.242557 255 0 0
0.620440 -0.204036 0.242773 255 0 0
0.621670 -0.204531 0.242980 255 0 0
0.622575 -0.205647 0.243251 255 0 0
0.623635 -0.206175 0.243526 255 0 0
0.624707 -0.207233 0.244010 255 0 0
0.625781 -0.207603 0.244407 0 0 0
0.626762 -0.208694 0.244764 0 0 0
0.627830 -0.209060 0.245168 0 0 0
0.628736 -0.210164 0.245716 0 0 0
0.629584 -0.211266 0.246214 255 0 0
0.630706 -0.211688 0.246411 255 0 0
0.632032 -0.212238 0.246403 255 0 0
0.633345 -0.212774 0.246385 255 0 0
0.634641 -0.213223 0.246490 255 0 0
0.635780 -0.213780 0.246440 255 0 0
0.637049 -0.214474 0.246221 255 0 0
0.638315 -0.214997 0.246143 255 0 0
0.639571 -0.215562 0.246092 255 0 0
0.640859 -0.216023 0.246082 255 0 0
0.642274 -0.216437 0.246218 0 0 0
0.643279 -0.217079 0.246280 0 0 0
0.644165 -0.218120 0.246586 255 0 0
0.645335 -0.218734 0.246662 255 0 0
0.646598 -0.219215 0.246638 255 0 0
0.647779 -0.219671 0.246699 255 0 0
0.648689 -0.220928 0.247227 255 0 0
0.649854 -0.221396 0.247287 255 0 0
0.651128 -0.221891 0.247263 255 0 0
0.652209 -0.222443 0.247340 0 0 0
0.652831 -0.223386 0.247770 0 0 0
0.655173 -0.223371 0.247515 0 0 0
0.655742 -0.224335 0.247769 0 0 0
0.656834 -0.224992 0.247829 0 0 0
0.658099 -0.225563 0.247786 0 0 0
0.659363 -0.226102 0.247734 0 0 0
0.660591 -0.226646 0.247681 0 0 0
0.661738 -0.227342 0.247620 0 0 0
0.663127 -0.227838 0.247565 0 0 0
0.664336 -0.228293 0.247523 255 0 0
0.665512 -0.229018 0.247459 255 0 0
0.666431 -0.229502 0.247400 255 0 0
0.669039 -0.229492 0.246541 255 0 0
0.669968 -0.229972 0.246483 255 0 0
0.671169 -0.230704 0.246411 255 0 0
0.671983 -0.231185 0.246338 0 0 0
0.674209 -0.231420 0.245469 0 0 0
0.676313 -0.231474 0.244809 0 0 0
0.677224 -0.232178 0.244550 255 0 0
0.678493 -0.232691 0.244464 255 0 0
0.679680 -0.233401 0.244398 255 0 0
0.680617 -0.233881 0.244341 255 0 0
0.683244 -0.233962 0.243465 0 0 0
0.683969 -0.234658 0.243401 0 0 0
0.685291 -0.235330 0.243332 0 0 0
0.686203 -0.235742 0.243283 0 0 0
0.688795 -0.235929 0.242409 0 0 0
0.689314 -0.236187 0.242374 0 0 0
0.584691 -0.176503 0.226131 255 0 0
0.585444 -0.177370 0.226762 255 0 0
0.586439 -0.178480 0.227561 0 0 0
0.587488 -0.179577 0.228146 255 0 0
0.588519 -0.179921 0.228519 255 0 0
0.589616 -0.180949 0.229273 255 0 0
0.590595 -0.181958 0.230052 255 0 0
0.591647 -0.183105 0.230604 255 0 0
0.592648 -0.183563 0.230864 255 0 0
0.593750 -0.184638 0.231566 255 0 0
0.594550 -0.185807 0.232013 255 0 0
0.595512 -0.186880 0.232788 255 0 0
0.596414 -0.187893 0.233571 255 0 0
0.597321 -0.188907 0.234357 255 0 0
0.598384 -0.189899 0.235108 0 0 0
0.599384 -0.190241 0.235496 0 0 0
0.600391 -0.191381 0.236062 0 0 0
0.601357 -0.192521 0.236595 0 0 0
0.602368 -0.192908 0.236866 0 0 0
0.603631 -0.193994 0.237522 0 0 0
0.604650 -0.194371 0.237806 0 0 0
0.605703 -0.195473 0.238218 0 0 0
0.606848 -0.196070 0.238263 0 0 0
0.608152 -0.196658 0.238224 0 0 0
0.609311 -0.197254 0.238274 0 0 0
0.610342 -0.198357 0.238681 0 0 0
0.611359 -0.198739 0.238973 0 0 0
0.612407 -0.199767 0.239689 255 0 0
0.613391 -0.200801 0.240356 255 0 0
0.614401 -0.201335 0.240528 255 0 0
0.615469 -0.202427 0.240991 0 0 0
0.616515 -0.202741 0.241387 0 0 0
0.617620 -0.203817 0.241892 0 0 0
0.618660 -0.204270 0.242168 0 0 0
0.619653 -0.205346 0.242571 0 0 0
0.620870 -0.205935 0.242676 0 0 0
0.622025 -0.206366 0.242870 0 0 0
0.623059 -0.207431 0.243307 255 0 0
0.624097 -0.207893 0.243597 255 0 0
0.625125 -0.208963 0.244048 0 0 0
0.626155 -0.209424 0.244340 0 0 0
0.627027 -0.210536 0.244857 0 0 0
0.627935 -0.211627 0.245411 0 0 0
0.628978 -0.211933 0.245828 255 0 0
0.629965 -0.212973 0.246255 255 0 0
0.631107 -0.213563 0.246324 255 0 0
0.632370 -0.214129 0.246282 255 0 0
0.633621 -0.214688 0.246233 255 0 0
0.634876 -0.215247 0.246181 255 0 0
0.636123 -0.215809 0.246125 255 0 0
0.637377 -0.216361 0.246073 255 0 0
0.638632 -0.216830 0.246040 255 0 0
0.639818 -0.217303 0.246109 255 0 0
0.640453 -0.218410 0.246584 255 0 0
0.642683 -0.218511 0.246097 255 0 0
0.643313 -0.219391 0.246525 255 0 0
0.644494 -0.219840 0.246619 255 0 0
0.645599 -0.220417 0.246684 255 0 0
0.646498 -0.221703 0.247215 255 0 0
0.647667 -0.222164 0.247273 255 0 0
0.648896 -0.222657 0.247239 255 0 0
0.650161 -0.223224 0.247202 255 0 0
0.651312 -0.223729 0.247295 255 0 0
0.652231 -0.224701 0.247776 255 0 0
0.653268 -0.225350 0.247857 0 0 0
0.654654 -0.225871 0.247817 0 0 0
0.655878 -0.226338 0.247774 0 0 0
0.657121 -0.226889 0.247723 0 0 0
0.658376 -0.227426 0.247671 0 0 0
0.659627 -0.227975 0.247619 0 0 0
0.660880 -0.228517 0.247568 0 0 0
0.662110 -0.229074 0.247515 0 0 0
0.663366 -0.229614 0.247464 255 0 0
0.664628 -0.230158 0.247410 255 0 0
0.665871 -0.230652 0.247330 255 0 0
0.667072 -0.231513 0.247054 255 0 0
0.667924 -0.232000 0.246927 255 0 0
0.670449 -0.232139 0.246351 255 0 0
0.671081 -0.232373 0.246307 255 0 0
0.673599 -0.232782 0.245421 0 0 0
0.674042 -0.233211 0.245355 0 0 0
0.676673 -0.233329 0.244472 255 0 0
0.677568 -0.233744 0.244419 255 0 0
0.678903 -0.234382 0.244355 0 0 0
0.680051 -0.235107 0.244290 0 0 0
0.680840 -0.235655 0.244234 0 0 0
0.683518 -0.235701 0.243359 0 0 0
0.684434 -0.236115 0.243310 0 0 0
0.685699 -0.236672 0.243253 0 0 0
0.686920 -0.237518 0.243178 0 0 0
0.687645 -0.238024 0.243132 255 0 0
0.583991 -0.177738 0.226039 255 0 0
0.584683 -0.178793 0.226682 255 0 0
0.585766 -0.179891 0.227388 255 0 0
0.586810 -0.180292 0.227649 0 0 0
0.587821 -0.181390 0.228205 0 0 0
0.588770 -0.182480 0.228982 255 0 0
0.589718 -0.183573 0.229756 255 0 0
0.590712 -0.184659 0.230302 0 0 0
0.591755 -0.185115 0.230557 0 0 0
0.592963 -0.186256 0.231080 0 0 0
0.593982 -0.186586 0.231456 0 0 0
0.595055 -0.187594 0.232213 0 0 0
0.595963 -0.188602 0.232998 0 0 0
0.596881 -0.189683 0.233775 0 0 0
0.597737 -0.190685 0.234398 0 0 0
0.598693 -0.191755 0.235188 255 0 0
0.599647 -0.192891 0.235749 255 0 0
0.600699 -0.193208 0.236141 0 0 0
0.601694 -0.194343 0.236708 0 0 0
0.602648 -0.195480 0.237236 0 0 0
0.603656 -0.195863 0.237515 0 0 0
0.604850 -0.196946 0.238113 0 0 0
0.605975 -0.197452 0.238173 0 0 0
0.607272 -0.198025 0.238132 0 0 0
0.608597 -0.198516 0.238125 0 0 0
0.609844 -0.198886 0.238342 255 0 0
0.610704 -0.200048 0.238855 255 0 0
0.611550 -0.201214 0.239600 255 0 0
0.612428 -0.202250 0.240112 255 0 0
0.613637 -0.202680 0.240344 0 0 0
0.614846 -0.203114 0.240576 0 0 0
0.615720 -0.204148 0.241091 0 0 0
0.616710 -0.205261 0.241756 0 0 0
0.617716 -0.205798 0.241931 0 0 0
0.618714 -0.206876 0.242332 0 0 0
0.619863 -0.207311 0.242528 0 0 0
0.621082 -0.207904 0.242632 0 0 0
0.622056 -0.208970 0.243030 0 0 0
0.623092 -0.209432 0.243320 255 0 0
0.624126 -0.210496 0.243769 255 0 0
0.625161 -0.210952 0.244059 255 0 0
0.626229 -0.212000 0.244554 255 0 0
0.627261 -0.212306 0.244968 255 0 0
0.628165 -0.213405 0.245530 255 0 0
0.629008 -0.214499 0.246023 255 0 0
0.630130 -0.214913 0.246221 255 0 0
0.631458 -0.215461 0.246214 255 0 0
0.632711 -0.216007 0.246165 255 0 0
0.633948 -0.216474 0.246121 0 0 0
0.635300 -0.216900 0.246076 0 0 0
0.636580 -0.217452 0.246033 0 0 0
0.637643 -0.218024 0.246082 0 0 0
0.638571 -0.219325 0.246622 0 0 0
0.639713 -0.219780 0.246676 255 0 0
0.640885 -0.220419 0.246645 255 0 0
0.642049 -0.220905 0.246712 255 0 0
0.642963 -0.221946 0.247221 255 0 0
0.644122 -0.222512 0.247309 255 0 0
0.645495 -0.222942 0.247275 255 0 0
0.646691 -0.223320 0.247242 255 0 0
0.648054 -0.223739 0.247197 255 0 0
0.649327 -0.224288 0.247157 255 0 0
0.650465 -0.224869 0.247245 255 0 0
0.651366 -0.225997 0.247748 255 0 0
0.652425 -0.226513 0.247810 255 0 0
0.653685 -0.227089 0.247771 0 0 0
0.654894 -0.227553 0.247729 0 0 0
0.656276 -0.228051 0.247674 0 0 0
0.657419 -0.228757 0.247613 0 0 0
0.658641 -0.229304 0.247563 0 0 0
0.659869 -0.229747 0.247522 0 0 0
0.661254 -0.230241 0.247466 0 0 0
0.662396 -0.230947 0.247405 0 0 0
0.663647 -0.231503 0.247350 255 0 0
0.664586 -0.231890 0.247301 255 0 0
0.667099 -0.231985 0.246722 255 0 0
0.667927 -0.232408 0.246619 255 0 0
0.669272 -0.233178 0.246337 255 0 0
0.670430 -0.233858 0.246239 0 0 0
0.671234 -0.234330 0.246165 255 0 0
0.673717 -0.234712 0.245289 255 0 0
0.674533 -0.235242 0.245232 255 0 0
0.675877 -0.235893 0.245165 255 0 0
0.676778 -0.236288 0.245117 255 0 0
0.679438 -0.236279 0.244248 255 0 0
0.680322 -0.236677 0.244199 255 0 0
0.681486 -0.237389 0.244137 0 0 0
0.682775 -0.238026 0.244076 255 0 0
0.684065 -0.238579 0.244014 255 0 0
0.684946 -0.238945 0.243961 255 0 0
0.687194 -0.238966 0.243102 255 0 0
0.584108 -0.180189 0.226701 255 0 0
0.584954 -0.181309 0.227264 255 0 0
0.585896 -0.181784 0.227394 255 0 0
0.587003 -0.182863 0.228087 255 0 0
0.587958 -0.183949 0.228860 255 0 0
0.588988 -0.185026 0.229447 255 0 0
0.590051 -0.185356 0.229821 0 0 0
0.591260 -0.186492 0.230342 0 0 0
0.592302 -0.186947 0.230599 0 0 0
0.593280 -0.188025 0.231150 0 0 0
0.594205 -0.189107 0.231926 0 0 0
0.595128 -0.190191 0.232707 0 0 0
0.596151 -0.191256 0.233296 0 0 0
0.596987 -0.191485 0.233601 0 0 0
0.598086 -0.193376 0.234932 255 0 0
0.598933 -0.193588 0.235252 255 0 0
0.599942 -0.194641 0.235833 255 0 0
0.601034 -0.195764 0.236549 255 0 0
0.602033 -0.196139 0.236829 255 0 0
0.602987 -0.197280 0.237361 255 0 0
0.603920 -0.198409 0.237873 255 0 0
0.605061 -0.198836 0.238058 255 0 0
0.606422 -0.199412 0.238051 255 0 0
0.607493 -0.199926 0.238090 255 0 0
0.608590 -0.201145 0.238656 0 0 0
0.609664 -0.201531 0.238840 0 0 0
0.610836 -0.202531 0.239455 0 0 0
0.611844 -0.202917 0.239736 0 0 0
0.612876 -0.204029 0.240165 0 0 0
0.613872 -0.204569 0.240339 0 0 0
0.614838 -0.205604 0.241007 0 0 0
0.615805 -0.206599 0.241665 0 0 0
0.616997 -0.207101 0.241782 0 0 0
0.618154 -0.207537 0.241979 0 0 0
0.619129 -0.208600 0.242372 0 0 0
0.620347 -0.209187 0.242473 0 0 0
0.621497 -0.209615 0.242673 255 0 0
0.622520 -0.210675 0.243108 255 0 0
0.623575 -0.211203 0.243388 255 0 0
0.624510 -0.212303 0.243708 255 0 0
0.625565 -0.212679 0.244111 255 0 0
0.626451 -0.213678 0.244674 255 0 0
0.627453 -0.214759 0.245377 255 0 0
0.628452 -0.215134 0.245685 255 0 0
0.629392 -0.216181 0.246074 255 0 0
0.630531 -0.216774 0.246143 255 0 0
0.631804 -0.217348 0.246109 255 0 0
0.632888 -0.217953 0.246152 255 0 0
0.633797 -0.219110 0.246462 0 0 0
0.634908 -0.219677 0.246498 255 0 0
0.636139 -0.220234 0.246492 255 0 0
0.637504 -0.220573 0.246641 255 0 0
0.638802 -0.221024 0.246635 255 0 0
0.640052 -0.221487 0.246607 255 0 0
0.641288 -0.221942 0.246696 255 0 0
0.642228 -0.223071 0.247211 255 0 0
0.643282 -0.223585 0.247270 255 0 0
0.644532 -0.224082 0.247247 255 0 0
0.645691 -0.224551 0.247307 255 0 0
0.646580 -0.225838 0.247840 255 0 0
0.647633 -0.226414 0.247895 255 0 0
0.648902 -0.226962 0.247853 255 0 0
0.650250 -0.227384 0.247806 255 0 0
0.651479 -0.227839 0.247766 255 0 0
0.652729 -0.228311 0.247734 255 0 0
0.653896 -0.228809 0.247813 255 0 0
0.654460 -0.229870 0.248263 0 0 0
0.656859 -0.229928 0.247578 0 0 0
0.657772 -0.230350 0.247536 0 0 0
0.658877 -0.230980 0.247609 0 0 0
0.659419 -0.232044 0.248063 0 0 0
0.661828 -0.232113 0.247370 0 0 0
0.662723 -0.232519 0.247319 0 0 0
0.663997 -0.233160 0.247255 0 0 0
0.665045 -0.233996 0.247187 0 0 0
0.666320 -0.234635 0.247124 255 0 0
0.667205 -0.235047 0.247074 255 0 0
0.669863 -0.235134 0.246190 0 0 0
0.670363 -0.235495 0.246143 0 0 0
0.672870 -0.235788 0.245271 0 0 0
0.673779 -0.236126 0.245205 255 0 0
0.675093 -0.236770 0.245138 255 0 0
0.676197 -0.237485 0.245077 255 0 0
0.677304 -0.238206 0.245015 255 0 0
0.678581 -0.238857 0.244953 255 0 0
0.679784 -0.239250 0.244909 255 0 0
0.681240 -0.239689 0.244857 255 0 0
0.682057 -0.240029 0.244823 255 0 0
0.584393 -0.182707 0.227244 255 0 0
0.585068 -0.183184 0.227290 0 0 0
0.586172 -0.184344 0.227966 255 0 0
0.587219 -0.185416 0.228552 255 0 0
0.588282 -0.185747 0.228929 255 0 0
0.589328 -0.186894 0.229507 0 0 0
0.590338 -0.188040 0.230048 255 0 0
0.591349 -0.188432 0.230313 255 0 0
0.592469 -0.189559 0.231035 255 0 0
0.593325 -0.190623 0.231647 255 0 0
0.594439 -0.191608 0.232402 255 0 0
0.595455 -0.192019 0.232774 255 0 0
0.596322 -0.193099 0.233181 255 0 0
0.597449 -0.194018 0.234357 255 0 0
0.598216 -0.195089 0.234944 0 0 0
0.599062 -0.196237 0.235557 0 0 0
0.600105 -0.197223 0.236267 0 0 0
0.601057 -0.197609 0.236549 0 0 0
0.602318 -0.198693 0.237208 255 0 0
0.603324 -0.199071 0.237484 255 0 0
0.604376 -0.200172 0.237903 255 0 0
0.605537 -0.200761 0.237961 255 0 0
0.606703 -0.201359 0.238025 255 0 0
0.607734 -0.202447 0.238437 0 0 0
0.608733 -0.202828 0.238721 0 0 0
0.609916 -0.203914 0.239338 0 0 0
0.610897 -0.204370 0.239514 0 0 0
0.612011 -0.205368 0.240082 0 0 0
0.613095 -0.205744 0.240275 0 0 0
0.614125 -0.206767 0.240976 0 0 0
0.614988 -0.207936 0.241621 0 0 0
0.616055 -0.208458 0.241680 0 0 0
0.617195 -0.208980 0.241760 255 0 0
0.618263 -0.210027 0.242285 255 0 0
0.619393 -0.210539 0.242364 255 0 0
0.620552 -0.211142 0.242442 255 0 0
0.621513 -0.212200 0.242828 0 0 0
0.622713 -0.212626 0.243063 0 0 0
0.623911 -0.213047 0.243303 255 0 0
0.624741 -0.214045 0.243816 255 0 0
0.625587 -0.215195 0.244599 255 0 0
0.626417 -0.216197 0.245115 255 0 0
0.627441 -0.216652 0.245418 255 0 0
0.628442 -0.217693 0.245854 255 0 0
0.629559 -0.218111 0.246044 255 0 0
0.630876 -0.218655 0.246041 255 0 0
0.632187 -0.219186 0.246028 255 0 0
0.633464 -0.219629 0.246145 255 0 0
0.634672 -0.220118 0.246159 255 0 0
0.635866 -0.220589 0.246231 255 0 0
0.636772 -0.221718 0.246529 255 0 0
0.637872 -0.222347 0.246583 255 0 0
0.638934 -0.222879 0.246649 255 0 0
0.639876 -0.224015 0.247167 255 0 0
0.641105 -0.224463 0.247255 255 0 0
0.642361 -0.224941 0.247234 255 0 0
0.643417 -0.225461 0.247295 255 0 0
0.644342 -0.226586 0.247802 255 0 0
0.645583 -0.227023 0.247897 255 0 0
0.646818 -0.227478 0.247867 255 0 0
0.648059 -0.228024 0.247818 255 0 0
0.649287 -0.228584 0.247766 255 0 0
0.650540 -0.229157 0.247723 255 0 0
0.651626 -0.229789 0.247775 255 0 0
0.652480 -0.230867 0.248057 255 0 0
0.653657 -0.231333 0.248131 255 0 0
0.654799 -0.231944 0.248076 0 0 0
0.656023 -0.232569 0.248062 0 0 0
0.657278 -0.233020 0.248189 0 0 0
0.658686 -0.233428 0.248186 0 0 0
0.659781 -0.234028 0.248140 0 0 0
0.661086 -0.234674 0.248071 0 0 0
0.661975 -0.235018 0.248007 0 0 0
0.664453 -0.235293 0.247145 255 0 0
0.665375 -0.235665 0.247096 255 0 0
0.666668 -0.236226 0.247037 255 0 0
0.667455 -0.236774 0.246979 255 0 0
0.670062 -0.236955 0.246090 0 0 0
0.670783 -0.237611 0.246029 0 0 0
0.672090 -0.238280 0.245961 255 0 0
0.672976 -0.238690 0.245912 255 0 0
0.675622 -0.238668 0.245040 255 0 0
0.676525 -0.239047 0.244989 255 0 0
0.677858 -0.239612 0.244929 255 0 0
0.678720 -0.239955 0.244895 255 0 0
0.584688 -0.184551 0.227236 255 0 0
0.585585 -0.185699 0.227826 255 0 0
0.586541 -0.186115 0.228070 255 0 0
0.587571 -0.187272 0.228618 0 0 0
0.588616 -0.188408 0.229195 0 0 0
0.589670 -0.188734 0.229573 0 0 0
0.590706 -0.189868 0.230147 255 0 0
0.591742 -0.191001 0.230729 255 0 0
0.592760 -0.191388 0.231097 255 0 0
0.593809 -0.192461 0.231685 255 0 0
0.594875 -0.193538 0.232278 255 0 0
0.595689 -0.193807 0.232580 255 0 0
0.596611 -0.195735 0.233975 255 0 0
0.597522 -0.196577 0.234630 0 0 0
0.598483 -0.196921 0.235037 0 0 0
0.599571 -0.197889 0.235795 0 0 0
0.600405 -0.199027 0.236395 0 0 0
0.601351 -0.200154 0.236934 255 0 0
0.602372 -0.200603 0.237203 0 0 0
0.603499 -0.201712 0.237626 0 0 0
0.604581 -0.202217 0.237701 0 0 0
0.605939 -0.202629 0.237853 0 0 0
0.607231 -0.202980 0.238104 0 0 0
0.608090 -0.204139 0.238617 0 0 0
0.609049 -0.205275 0.239263 0 0 0
0.610009 -0.205737 0.239442 0 0 0
0.610936 -0.206765 0.240091 255 0 0
0.611689 -0.207892 0.240870 255 0 0
0.612695 -0.208906 0.241559 255 0 0
0.613915 -0.209318 0.241644 255 0 0
0.615182 -0.209812 0.241619 255 0 0
0.616334 -0.210400 0.241678 255 0 0
0.617342 -0.211469 0.242029 255 0 0
0.618409 -0.211975 0.242110 0 0 0
0.619778 -0.212445 0.242262 0 0 0
0.620966 -0.212856 0.242486 0 0 0
0.621936 -0.213917 0.242886 0 0 0
0.622940 -0.214453 0.243080 255 0 0
0.623874 -0.215459 0.243743 255 0 0
0.624851 -0.216457 0.244451 255 0 0
0.625866 -0.216894 0.244750 255 0 0
0.626785 -0.217975 0.245073 255 0 0
0.627859 -0.218427 0.245462 255 0 0
0.628753 -0.219495 0.245761 255 0 0
0.629891 -0.219985 0.245942 255 0 0
0.631206 -0.220533 0.245934 255 0 0
0.632466 -0.221095 0.245898 255 0 0
0.633511 -0.221606 0.245955 255 0 0
0.634472 -0.222748 0.246473 255 0 0
0.635694 -0.223192 0.246559 255 0 0
0.636951 -0.223668 0.246539 255 0 0
0.638080 -0.224170 0.246626 255 0 0
0.639058 -0.225160 0.247125 255 0 0
0.640158 -0.225668 0.247212 255 0 0
0.641422 -0.226242 0.247184 255 0 0
0.642572 -0.226845 0.247262 255 0 0
0.643442 -0.227840 0.247623 255 0 0
0.644549 -0.228257 0.247822 255 0 0
0.645866 -0.228807 0.247818 255 0 0
0.647101 -0.229356 0.247768 255 0 0
0.648337 -0.229910 0.247716 255 0 0
0.649564 -0.230464 0.247669 255 0 0
0.650860 -0.230886 0.247664 255 0 0
0.652218 -0.231215 0.247812 255 0 0
0.653427 -0.231759 0.247807 255 0 0
0.654694 -0.232391 0.247750 255 0 0
0.655738 -0.233118 0.247754 255 0 0
0.656482 -0.234124 0.247915 255 0 0
0.657623 -0.234629 0.248107 255 0 0
0.658977 -0.235123 0.248074 0 0 0
0.660218 -0.235844 0.247889 0 0 0
0.661033 -0.236125 0.247944 0 0 0
0.663590 -0.236375 0.247137 255 0 0
0.664508 -0.236801 0.247061 255 0 0
0.665678 -0.237523 0.246992 255 0 0
0.666919 -0.238034 0.246902 255 0 0
0.667819 -0.238713 0.246638 255 0 0
0.670197 -0.238928 0.245984 255 0 0
0.671136 -0.239321 0.245934 255 0 0
0.672388 -0.239892 0.245878 0 0 0
0.673522 -0.240467 0.245824 0 0 0
0.674489 -0.240780 0.245784 0 0 0
0.584787 -0.187359 0.227591 255 0 0
0.585591 -0.187664 0.227772 255 0 0
0.586853 -0.188798 0.228307 255 0 0
0.587908 -0.189122 0.228681 255 0 0
0.588951 -0.190255 0.229262 255 0 0
0.589987 -0.191383 0.229840 255 0 0
0.591053 -0.191762 0.230204 0 0 0
0.592167 -0.192915 0.230603 0 0 0
0.593175 -0.193314 0.230967 0 0 0
0.594294 -0.194290 0.231732 0 0 0
0.595082 -0.195356 0.232336 0 0 0
0.596058 -0.196370 0.233329 0 0 0
0.596960 -0.197271 0.234116 255 0 0
0.597778 -0.198330 0.234733 255 0 0
0.598693 -0.199487 0.235521 255 0 0
0.599661 -0.200514 0.236098 255 0 0
0.600719 -0.200882 0.236479 0 0 0
0.601774 -0.201993 0.236851 0 0 0
0.602994 -0.202419 0.237164 0 0 0
0.604122 -0.202925 0.237285 0 0 0
0.605004 -0.203977 0.237735 0 0 0
0.605985 -0.205239 0.238427 0 0 0
0.607051 -0.205616 0.238619 0 0 0
0.608162 -0.206536 0.239196 0 0 0
0.609237 -0.206915 0.239390 255 0 0
0.610182 -0.208078 0.240098 255 0 0
0.610994 -0.209137 0.240847 255 0 0
0.611852 -0.210163 0.241362 255 0 0
0.612967 -0.210588 0.241555 255 0 0
0.614291 -0.211147 0.241547 255 0 0
0.615600 -0.211686 0.241529 255 0 0
0.616898 -0.212160 0.241637 255 0 0
0.617967 -0.212668 0.241718 0 0 0
0.618976 -0.213744 0.242081 0 0 0
0.620011 -0.214363 0.242254 0 0 0
0.620985 -0.215426 0.242662 0 0 0
0.622005 -0.215878 0.242959 255 0 0
0.622935 -0.216952 0.243504 255 0 0
0.623905 -0.217866 0.244131 255 0 0
0.624966 -0.218382 0.244288 255 0 0
0.626150 -0.218733 0.244633 255 0 0
0.627195 -0.219756 0.245115 255 0 0
0.628218 -0.220204 0.245414 255 0 0
0.629150 -0.221243 0.245801 255 0 0
0.630281 -0.221830 0.245872 255 0 0
0.631550 -0.222395 0.245844 255 0 0
0.632669 -0.222895 0.245927 0 0 0
0.633663 -0.223894 0.246433 0 0 0
0.634760 -0.224398 0.246517 0 0 0
0.636024 -0.224973 0.246489 0 0 0
0.637165 -0.225574 0.246563 0 0 0
0.638048 -0.226587 0.246928 0 0 0
0.639162 -0.227000 0.247128 255 0 0
0.640477 -0.227540 0.247126 0 0 0
0.641793 -0.228080 0.247124 0 0 0
0.642910 -0.228494 0.247326 0 0 0
0.643769 -0.229496 0.247684 0 0 0
0.644912 -0.230092 0.247759 0 0 0
0.646163 -0.230642 0.247724 0 0 0
0.647381 -0.231095 0.247682 0 0 0
0.648735 -0.231530 0.247645 0 0 0
0.649794 -0.232100 0.247707 0 0 0
0.650647 -0.233380 0.248227 0 0 0
0.651730 -0.233975 0.248281 0 0 0
0.652637 -0.234343 0.248225 255 0 0
0.655168 -0.234480 0.247456 255 0 0
0.656048 -0.234729 0.247644 255 0 0
0.656915 -0.235843 0.247997 255 0 0
0.657682 -0.236297 0.248047 255 0 0
0.660038 -0.236494 0.247621 255 0 0
0.660546 -0.237433 0.247828 255 0 0
0.661578 -0.238182 0.247849 255 0 0
0.662610 -0.238828 0.247576 255 0 0
0.664976 -0.238846 0.246961 255 0 0
0.665704 -0.239026 0.246910 0 0 0
0.668004 -0.239316 0.246260 255 0 0
0.668993 -0.239864 0.245999 255 0 0
0.670282 -0.240343 0.245903 255 0 0
0.671571 -0.240911 0.245844 255 0 0
0.672435 -0.241244 0.245810 0 0 0
0.584393 -0.187917 0.227198 255 0 0
0.585184 -0.189025 0.227588 255 0 0
0.586172 -0.189494 0.227827 255 0 0
0.587197 -0.190635 0.228375 255 0 0
0.588239 -0.191765 0.228954 255 0 0
0.589303 -0.192144 0.229316 255 0 0
0.590420 -0.193296 0.229716 0 0 0
0.591484 -0.193676 0.230083 0 0 0
0.592483 -0.194724 0.230671 0 0 0
0.593425 -0.195883 0.231459 0 0 0
0.594228 -0.196851 0.232070 0 0 0
0.595230 -0.197779 0.233065 0 0 0
0.596077 -0.198869 0.233845 255 0 0
0.596902 -0.199914 0.234464 255 0 0
0.597985 -0.200883 0.235222 255 0 0
0.598985 -0.201257 0.235599 255 0 0
0.600069 -0.202371 0.235992 0 0 0
0.601131 -0.202822 0.236351 0 0 0
0.602151 -0.203946 0.236699 0 0 0
0.603165 -0.204378 0.236973 0 0 0
0.604234 -0.205488 0.237689 0 0 0
0.605147 -0.206505 0.238226 0 0 0
0.606126 -0.206891 0.238517 0 0 0
0.607107 -0.207928 0.239206 0 0 0
0.608052 -0.209098 0.239902 255 0 0
0.609115 -0.209467 0.240101 255 0 0
0.610268 -0.210463 0.240718 255 0 0
0.611253 -0.210840 0.241004 255 0 0
0.612256 -0.211902 0.241418 255 0 0
0.613396 -0.212480 0.241478 0 0 0
0.614662 -0.213042 0.241435 0 0 0
0.615931 -0.213608 0.241397 255 0 0
0.617044 -0.214107 0.241470 255 0 0
0.618099 -0.215144 0.242000 255 0 0
0.619283 -0.215641 0.242115 255 0 0
0.620427 -0.216064 0.242319 255 0 0
0.621443 -0.217119 0.242759 255 0 0
0.622441 -0.217662 0.243055 255 0 0
0.623431 -0.218664 0.243505 255 0 0
0.624408 -0.219089 0.243810 255 0 0
0.625337 -0.220192 0.244336 255 0 0
0.626180 -0.221277 0.244838 255 0 0
0.627197 -0.221722 0.245155 255 0 0
0.628192 -0.222747 0.245589 255 0 0
0.629305 -0.223156 0.245782 255 0 0
0.630633 -0.223711 0.245791 255 0 0
0.631765 -0.224311 0.245866 0 0 0
0.632658 -0.225329 0.246227 0 0 0
0.633769 -0.225736 0.246433 0 0 0
0.635090 -0.226277 0.246432 0 0 0
0.636404 -0.226824 0.246430 0 0 0
0.637510 -0.227240 0.246628 0 0 0
0.638392 -0.228243 0.246995 0 0 0
0.639532 -0.228846 0.247071 0 0 0
0.640781 -0.229423 0.247044 0 0 0
0.641891 -0.229920 0.247136 0 0 0
0.642868 -0.230871 0.247589 0 0 0
0.643958 -0.231526 0.247552 0 0 0
0.645136 -0.231975 0.247647 0 0 0
0.646300 -0.232572 0.247742 0 0 0
0.647142 -0.233666 0.248039 0 0 0
0.648252 -0.234218 0.248090 0 0 0
0.649601 -0.234663 0.248082 0 0 0
0.650823 -0.235133 0.248096 0 0 0
0.651744 -0.235424 0.248170 255 0 0
0.654049 -0.235777 0.247550 255 0 0
0.654612 -0.236776 0.247973 255 0 0
0.655771 -0.237275 0.248055 255 0 0
0.656982 -0.237745 0.248022 255 0 0
0.658125 -0.238416 0.247966 255 0 0
0.659520 -0.238923 0.247908 255 0 0
0.660422 -0.239208 0.247867 255 0 0
0.662788 -0.239349 0.247247 255 0 0
0.663598 -0.239959 0.247122 0 0 0
0.664150 -0.241008 0.247522 0 0 0
0.666484 -0.241384 0.246804 0 0 0
0.667282 -0.241818 0.246750 0 0 0
0.668216 -0.242064 0.246711 0 0 0
0.584617 -0.190480 0.227542 255 0 0
0.585306 -0.190985 0.227582 255 0 0
0.586482 -0.192146 0.228069 255 0 0
0.587553 -0.192526 0.228430 255 0 0
0.588675 -0.193675 0.228831 255 0 0
0.589738 -0.194054 0.229198 0 0 0
0.590745 -0.195105 0.229784 0 0 0
0.591690 -0.196252 0.230567 0 0 0
0.592708 -0.197296 0.231162 0 0 0
0.593542 -0.197512 0.231478 0 0 0
0.594468 -0.199422 0.232882 255 0 0
0.595376 -0.200257 0.233544 0 0 0
0.596322 -0.200595 0.233948 0 0 0
0.597427 -0.201636 0.234694 255 0 0
0.598366 -0.202772 0.235076 0 0 0
0.599372 -0.203259 0.235325 0 0 0
0.600514 -0.204300 0.235863 0 0 0
0.601516 -0.204668 0.236248 0 0 0
0.602498 -0.205778 0.236822 0 0 0
0.603471 -0.206880 0.237401 255 0 0
0.604491 -0.207186 0.237805 255 0 0
0.605431 -0.208200 0.238383 255 0 0
0.606325 -0.209348 0.239171 255 0 0
0.607214 -0.210356 0.239710 255 0 0
0.608191 -0.210738 0.240002 255 0 0
0.609340 -0.211730 0.240619 255 0 0
0.610405 -0.212100 0.240814 255 0 0
0.611464 -0.213309 0.241379 255 0 0
0.612509 -0.213810 0.241421 0 0 0
0.613781 -0.214373 0.241378 0 0 0
0.615049 -0.214931 0.241337 0 0 0
0.616161 -0.215429 0.241408 255 0 0
0.617219 -0.216473 0.241939 255 0 0
0.618332 -0.216982 0.242023 255 0 0
0.619483 -0.217591 0.242102 255 0 0
0.620429 -0.218634 0.242480 255 0 0
0.621599 -0.218963 0.242735 255 0 0
0.622888 -0.219331 0.243014 255 0 0
0.623704 -0.220434 0.243531 255 0 0
0.624632 -0.221427 0.244202 255 0 0
0.625711 -0.221752 0.244546 255 0 0
0.626680 -0.222909 0.244991 255 0 0
0.627656 -0.223461 0.245250 255 0 0
0.628494 -0.224531 0.245501 255 0 0
0.629628 -0.225015 0.245694 0 0 0
0.631006 -0.225461 0.245743 0 0 0
0.632221 -0.225824 0.245969 0 0 0
0.633090 -0.226965 0.246334 0 0 0
0.634158 -0.227576 0.246383 0 0 0
0.635390 -0.228054 0.246361 0 0 0
0.636624 -0.228480 0.246456 0 0 0
0.637565 -0.229614 0.246974 0 0 0
0.638582 -0.230030 0.247040 0 0 0
0.639955 -0.230466 0.247017 255 0 0
0.641098 -0.231045 0.247119 255 0 0
0.641732 -0.232000 0.247566 255 0 0
0.643807 -0.232157 0.247293 255 0 0
0.644405 -0.233115 0.247521 255 0 0
0.645558 -0.233732 0.247622 255 0 0
0.646822 -0.234175 0.247748 255 0 0
0.648011 -0.234728 0.247737 255 0 0
0.649253 -0.235307 0.247680 255 0 0
0.650370 -0.235921 0.247713 255 0 0
0.651156 -0.236917 0.247844 0 0 0
0.652165 -0.237628 0.247894 0 0 0
0.653538 -0.238033 0.248039 255 0 0
0.654813 -0.238461 0.248036 255 0 0
0.656043 -0.239004 0.247989 255 0 0
0.657280 -0.239536 0.247938 0 0 0
0.658502 -0.240080 0.247887 0 0 0
0.659707 -0.240636 0.247835 0 0 0
0.660829 -0.241334 0.247777 0 0 0
0.662100 -0.241976 0.247717 0 0 0
0.663427 -0.242253 0.247667 0 0 0
0.664271 -0.242507 0.247625 0 0 0
0.666548 -0.242586 0.246752 0 0 0
0.584919 -0.192622 0.227263 0 0 0
0.585761 -0.192910 0.227531 0 0 0
0.586928 -0.194056 0.227946 0 0 0
0.587989 -0.194433 0.228310 0 0 0
0.589019 -0.195561 0.228898 0 0 0
0.589888 -0.196684 0.229511 0 0 0
0.590993 -0.197667 0.230274 0 0 0
0.591984 -0.197996 0.230664 0 0 0
0.592928 -0.199051 0.231249 0 0 0
0.593907 -0.200058 0.232241 0 0 0
0.594808 -0.200949 0.233032 0 0 0
0.595647 -0.202084 0.233649 0 0 0
0.596625 -0.203192 0.234218 255 0 0
0.597822 -0.203564 0.234546 255 0 0
0.598900 -0.204078 0.234674 0 0 0
0.599949 -0.205036 0.235338 0 0 0
0.600784 -0.206160 0.235958 0 0 0
0.601752 -0.207261 0.236531 0 0 0
0.602774 -0.207567 0.236936 255 0 0
0.603719 -0.208576 0.237521 255 0 0
0.604611 -0.209723 0.238307 255 0 0
0.605546 -0.210726 0.238889 255 0 0
0.606562 -0.211030 0.239301 255 0 0
0.607487 -0.212043 0.239881 255 0 0
0.608288 -0.213106 0.240636 255 0 0
0.609192 -0.214258 0.241319 255 0 0
0.610404 -0.214668 0.241405 255 0 0
0.611647 -0.215147 0.241375 255 0 0
0.612900 -0.215703 0.241325 0 0 0
0.614161 -0.216264 0.241282 0 0 0
0.615295 -0.216854 0.241345 0 0 0
0.616253 -0.217905 0.241727 0 0 0
0.617372 -0.218323 0.241930 0 0 0
0.618744 -0.218786 0.241977 255 0 0
0.619968 -0.219134 0.242204 255 0 0
0.620703 -0.220275 0.242681 255 0 0
0.621561 -0.221509 0.243343 255 0 0
0.622625 -0.221891 0.243559 255 0 0
0.623498 -0.222900 0.244191 255 0 0
0.624296 -0.224008 0.244705 255 0 0
0.625495 -0.224370 0.244935 255 0 0
0.626852 -0.224740 0.244999 255 0 0
0.628065 -0.225102 0.245222 0 0 0
0.628968 -0.226262 0.245606 0 0 0
0.629832 -0.226818 0.245752 0 0 0
0.630799 -0.227980 0.246294 0 0 0
0.632018 -0.228412 0.246383 0 0 0
0.633249 -0.228795 0.246368 0 0 0
0.634396 -0.229234 0.246428 0 0 0
0.635312 -0.230523 0.246978 255 0 0
0.636467 -0.230980 0.247046 255 0 0
0.637524 -0.231516 0.247114 255 0 0
0.638359 -0.232642 0.247464 255 0 0
0.639463 -0.233127 0.247688 255 0 0
0.640892 -0.233513 0.247659 255 0 0
0.642009 -0.234235 0.247457 255 0 0
0.643251 -0.234633 0.247553 255 0 0
0.644552 -0.235078 0.247554 255 0 0
0.645769 -0.235631 0.247510 255 0 0
0.647000 -0.236172 0.247463 255 0 0
0.648206 -0.236595 0.247426 255 0 0
0.649638 -0.236979 0.247423 255 0 0
0.650892 -0.237441 0.247555 255 0 0
0.651951 -0.238020 0.247656 255 0 0
0.652774 -0.239105 0.247942 255 0 0
0.653838 -0.239726 0.247998 255 0 0
0.655079 -0.240283 0.247957 255 0 0
0.656304 -0.240822 0.247906 255 0 0
0.657530 -0.241367 0.247855 0 0 0
0.658757 -0.241920 0.247803 0 0 0
0.659985 -0.242478 0.247751 0 0 0
0.661228 -0.242869 0.247705 0 0 0
0.662191 -0.243071 0.247674 0 0 0
0.584509 -0.193307 0.226809 0 0 0
0.585226 -0.194426 0.227056 0 0 0
0.586218 -0.194819 0.227412 0 0 0
0.587278 -0.195939 0.228010 0 0 0
0.588317 -0.197059 0.228599 0 0 0
0.589303 -0.197386 0.228983 0 0 0
0.590412 -0.198368 0.229752 0 0 0
0.591251 -0.199418 0.230374 255 0 0
0.592156 -0.200487 0.231176 0 0 0
0.593035 -0.201468 0.231976 0 0 0
0.593939 -0.202542 0.232770 0 0 0
0.594920 -0.203569 0.233358 0 0 0
0.595943 -0.203887 0.233749 0 0 0
0.597066 -0.204986 0.234241 0 0 0
0.598051 -0.205490 0.234405 255 0 0
0.599059 -0.206529 0.235093 255 0 0
0.600117 -0.207553 0.235819 255 0 0
0.601099 -0.207926 0.236110 255 0 0
0.602010 -0.208945 0.236657 255 0 0
0.602907 -0.210094 0.237443 255 0 0
0.603845 -0.211097 0.238027 0 0 0
0.604856 -0.211405 0.238437 0 0 0
0.605789 -0.212409 0.239025 0 0 0
0.606644 -0.213460 0.239816 0 0 0
0.607501 -0.214512 0.240610 255 0 0
0.608404 -0.215494 0.241093 255 0 0
0.609441 -0.216007 0.241186 255 0 0
0.610723 -0.216493 0.241293 255 0 0
0.612023 -0.217033 0.241273 255 0 0
0.613270 -0.217578 0.241226 255 0 0
0.614570 -0.218041 0.241226 0 0 0
0.615796 -0.218405 0.241448 0 0 0
0.616728 -0.219496 0.241843 0 0 0
0.617701 -0.219976 0.241986 0 0 0
0.618688 -0.221224 0.242582 0 0 0
0.619820 -0.221557 0.242770 255 0 0
0.620826 -0.222639 0.243339 255 0 0
0.621752 -0.223190 0.243504 255 0 0
0.622747 -0.224237 0.243950 255 0 0
0.623793 -0.224600 0.244370 255 0 0
0.624689 -0.225665 0.244675 255 0 0
0.625660 -0.226215 0.244946 255 0 0
0.626605 -0.227349 0.245365 255 0 0
0.627828 -0.227714 0.245613 255 0 0
0.629005 -0.228115 0.245752 0 0 0
0.630002 -0.229110 0.246266 0 0 0
0.631098 -0.229623 0.246361 0 0 0
0.632165 -0.230254 0.246423 0 0 0
0.633027 -0.231368 0.246784 255 0 0
0.634247 -0.231719 0.247012 255 0 0
0.635532 -0.232164 0.247022 255 0 0
0.636830 -0.232610 0.247033 255 0 0
0.638043 -0.232982 0.247271 255 0 0
0.638909 -0.234091 0.247620 255 0 0
0.639660 -0.234542 0.247661 255 0 0
0.641939 -0.234727 0.247236 0 0 0
0.642535 -0.235678 0.247456 0 0 0
0.643590 -0.236215 0.247525 0 0 0
0.644943 -0.236644 0.247488 255 0 0
0.646196 -0.237184 0.247448 255 0 0
0.647228 -0.237758 0.247509 255 0 0
0.648069 -0.239055 0.248047 255 0 0
0.649098 -0.239627 0.248108 255 0 0
0.650349 -0.240172 0.248068 255 0 0
0.651678 -0.240589 0.248020 255 0 0
0.652877 -0.241032 0.247978 255 0 0
0.654115 -0.241561 0.247928 255 0 0
0.655340 -0.242113 0.247877 255 0 0
0.656554 -0.242684 0.247825 255 0 0
0.657749 -0.243067 0.247780 0 0 0
0.659164 -0.243474 0.247730 0 0 0
0.660005 -0.243793 0.247697 0 0 0
0.584928 -0.195127 0.226689 255 0 0
0.585581 -0.196309 0.227150 0 0 0
0.586550 -0.197442 0.227703 0 0 0
0.587605 -0.197763 0.228098 0 0 0
0.588610 -0.198799 0.228695 0 0 0
0.589553 -0.199958 0.229490 0 0 0
0.590359 -0.200914 0.230107 0 0 0
0.591368 -0.201835 0.231107 0 0 0
0.592219 -0.202914 0.231890 0 0 0
0.593202 -0.203941 0.232488 0 0 0
0.594223 -0.204259 0.232884 0 0 0
0.595202 -0.205288 0.233473 255 0 0
0.596246 -0.206408 0.234158 255 0 0
0.597197 -0.206840 0.234333 255 0 0
0.598217 -0.207874 0.235027 255 0 0
0.599224 -0.208910 0.235714 255 0 0
0.600172 -0.209340 0.235898 255 0 0
0.601197 -0.210456 0.236581 255 0 0
0.602163 -0.211451 0.237166 255 0 0
0.603160 -0.211773 0.237572 0 0 0
0.604090 -0.212780 0.238157 0 0 0
0.604965 -0.213926 0.238954 0 0 0
0.605737 -0.214935 0.239575 0 0 0
0.606788 -0.215867 0.240277 0 0 0
0.607836 -0.216295 0.240522 255 0 0
0.608947 -0.216724 0.240759 255 0 0
0.610005 -0.217775 0.241158 255 0 0
0.611131 -0.218348 0.241219 255 0 0
0.612406 -0.218926 0.241187 255 0 0
0.613431 -0.219434 0.241234 0 0 0
0.614474 -0.220617 0.241800 0 0 0
0.615476 -0.220998 0.241976 0 0 0
0.616512 -0.222103 0.242555 0 0 0
0.617524 -0.222478 0.242733 0 0 0
0.618515 -0.223583 0.243295 0 0 0
0.619731 -0.224013 0.243383 0 0 0
0.621008 -0.224391 0.243402 0 0 0
0.622239 -0.224744 0.243631 255 0 0
0.623192 -0.225800 0.244073 255 0 0
0.624242 -0.226214 0.244379 255 0 0
0.625208 -0.227269 0.244828 255 0 0
0.626248 -0.227689 0.245144 0 0 0
0.627143 -0.228837 0.245531 0 0 0
0.628101 -0.229487 0.245698 0 0 0
0.629013 -0.230517 0.246087 0 0 0
0.630080 -0.230832 0.246293 255 0 0
0.631620 -0.231317 0.246347 255 0 0
0.632610 -0.231859 0.246545 255 0 0
0.633452 -0.232860 0.246897 255 0 0
0.634614 -0.233462 0.246993 255 0 0
0.635650 -0.233978 0.247066 255 0 0
0.636570 -0.235110 0.247577 0 0 0
0.637791 -0.235544 0.247674 0 0 0
0.638981 -0.236005 0.247645 0 0 0
0.640122 -0.236683 0.247587 0 0 0
0.641491 -0.237186 0.247549 0 0 0
0.642519 -0.237710 0.247613 0 0 0
0.643330 -0.238814 0.247959 0 0 0
0.644410 -0.239310 0.248186 255 0 0
0.645737 -0.239850 0.248193 255 0 0
0.647068 -0.240250 0.248146 255 0 0
0.648270 -0.240674 0.248105 0 0 0
0.649497 -0.241210 0.248059 0 0 0
0.650681 -0.241644 0.248018 255 0 0
0.652056 -0.242143 0.247960 255 0 0
0.653168 -0.242871 0.247903 255 0 0
0.654334 -0.243257 0.247857 255 0 0
0.655754 -0.243660 0.247806 255 0 0
0.656590 -0.243978 0.247773 0 0 0
0.585226 -0.197719 0.227104 255 0 0
0.585884 -0.198125 0.227254 255 0 0
0.586855 -0.199184 0.227805 255 0 0
0.587820 -0.200324 0.228600 255 0 0
0.588849 -0.201359 0.229204 255 0 0
0.589669 -0.201574 0.229518 255 0 0
0.590609 -0.203462 0.230939 0 0 0
0.591520 -0.204291 0.231605 0 0 0
0.592501 -0.204627 0.232006 255 0 0
0.593483 -0.205659 0.232603 255 0 0
0.594401 -0.206808 0.233394 255 0 0
0.595329 -0.207825 0.233944 255 0 0
0.596305 -0.208195 0.234230 255 0 0
0.597386 -0.209305 0.234962 255 0 0
0.598304 -0.210325 0.235505 255 0 0
0.599308 -0.210765 0.235781 255 0 0
0.600474 -0.211850 0.236264 0 0 0
0.601437 -0.212274 0.236539 0 0 0
0.602397 -0.213295 0.237117 0 0 0
0.603268 -0.214332 0.237911 0 0 0
0.604274 -0.215260 0.238678 0 0 0
0.605166 -0.215582 0.239086 0 0 0
0.606345 -0.216583 0.239763 0 0 0
0.607276 -0.217082 0.239945 0 0 0
0.608195 -0.218086 0.240439 255 0 0
0.609164 -0.219181 0.241095 255 0 0
0.610255 -0.219661 0.241175 255 0 0
0.611513 -0.220141 0.241154 255 0 0
0.612730 -0.220556 0.241233 255 0 0
0.613767 -0.221739 0.241802 0 0 0
0.614653 -0.222184 0.241965 0 0 0
0.615734 -0.223241 0.242533 0 0 0
0.616687 -0.223679 0.242724 0 0 0
0.617746 -0.224719 0.243277 0 0 0
0.618824 -0.225136 0.243367 0 0 0
0.619980 -0.225577 0.243433 0 0 0
0.620960 -0.226923 0.244020 0 0 0
0.621878 -0.227312 0.244173 0 0 0
0.622878 -0.228397 0.244737 0 0 0
0.623913 -0.228889 0.244924 0 0 0
0.624797 -0.229934 0.245308 0 0 0
0.625999 -0.230299 0.245537 0 0 0
0.627371 -0.230754 0.245590 0 0 0
0.628458 -0.231158 0.245799 0 0 0
0.629189 -0.232142 0.246281 255 0 0
0.629734 -0.233209 0.246883 255 0 0
0.632016 -0.233223 0.246439 255 0 0
0.632633 -0.234211 0.246881 255 0 0
0.633675 -0.234744 0.246965 0 0 0
0.634831 -0.235354 0.247055 0 0 0
0.635728 -0.236333 0.247362 0 0 0
0.636755 -0.236847 0.247459 0 0 0
0.638025 -0.237262 0.247553 0 0 0
0.639309 -0.237942 0.247403 0 0 0
0.640430 -0.238373 0.247485 0 0 0
0.641808 -0.238789 0.247536 0 0 0
0.643022 -0.239147 0.247777 0 0 0
0.643846 -0.240218 0.248125 0 0 0
0.644874 -0.240721 0.248186 0 0 0
0.646209 -0.241149 0.248148 255 0 0
0.647442 -0.241682 0.248098 255 0 0
0.648675 -0.242241 0.248059 255 0 0
0.649707 -0.242846 0.248138 255 0 0
0.650213 -0.243998 0.248616 255 0 0
0.652660 -0.243965 0.247890 255 0 0
0.653161 -0.244162 0.247858 255 0 0
0.585455 -0.199510 0.227098 0 0 0
0.586143 -0.200671 0.227750 255 0 0
0.587079 -0.201736 0.228315 0 0 0
0.588122 -0.202057 0.228713 0 0 0
0.589067 -0.203096 0.229300 0 0 0
0.590047 -0.204098 0.230295 0 0 0
0.590963 -0.205060 0.231084 0 0 0
0.591729 -0.206176 0.231555 0 0 0
0.592672 -0.207220 0.232349 0 0 0
0.593704 -0.208178 0.233116 0 0 0
0.594666 -0.208487 0.233516 0 0 0
0.595657 -0.209590 0.234100 0 0 0
0.596643 -0.210686 0.234687 0 0 0
0.597671 -0.211047 0.235068 0 0 0
0.598730 -0.212121 0.235449 255 0 0
0.599921 -0.212571 0.235767 255 0 0
0.600969 -0.213078 0.235906 0 0 0
0.601953 -0.214023 0.236572 0 0 0
0.602821 -0.215065 0.237368 0 0 0
0.603640 -0.216079 0.238003 0 0 0
0.604460 -0.217102 0.238636 0 0 0
0.605417 -0.218133 0.239343 0 0 0
0.606325 -0.218489 0.239652 0 0 0
0.607367 -0.219587 0.240381 255 0 0
0.608232 -0.220573 0.240902 255 0 0
0.609338 -0.220996 0.241101 255 0 0
0.610473 -0.221581 0.241185 255 0 0
0.611417 -0.222752 0.241581 255 0 0
0.612636 -0.223115 0.241808 255 0 0
0.613781 -0.223518 0.241938 255 0 0
0.614845 -0.224566 0.242493 0 0 0
0.615792 -0.224995 0.242688 0 0 0
0.616862 -0.226049 0.243256 0 0 0
0.617747 -0.226487 0.243423 0 0 0
0.618751 -0.227675 0.243982 0 0 0
0.619985 -0.228084 0.244083 0 0 0
0.621065 -0.228491 0.244181 0 0 0
0.622083 -0.229511 0.244712 0 0 0
0.623244 -0.230006 0.244842 0 0 0
0.624350 -0.230428 0.245059 0 0 0
0.625257 -0.231430 0.245432 255 0 0
0.626375 -0.231935 0.245526 0 0 0
0.627593 -0.232363 0.245641 0 0 0
0.628451 -0.233473 0.246333 0 0 0
0.629217 -0.234448 0.246934 0 0 0
0.630191 -0.235087 0.247023 0 0 0
0.631564 -0.235597 0.246982 0 0 0
0.632748 -0.236048 0.246945 0 0 0
0.634023 -0.236463 0.246942 0 0 0
0.635389 -0.236797 0.247090 0 0 0
0.636455 -0.237371 0.247194 0 0 0
0.637056 -0.238286 0.247444 0 0 0
0.639146 -0.238567 0.247156 0 0 0
0.639732 -0.239423 0.247393 0 0 0
0.640707 -0.239960 0.247573 0 0 0
0.641602 -0.241248 0.248135 0 0 0
0.642747 -0.241712 0.248214 0 0 0
0.643748 -0.242133 0.248297 0 0 0
0.644628 -0.243247 0.248811 0 0 0
0.645741 -0.243819 0.248908 0 0 0
0.646967 -0.244395 0.248870 255 0 0
0.648138 -0.244759 0.248825 255 0 0
0.649683 -0.245036 0.248765 255 0 0
0.650312 -0.245372 0.248743 255 0 0
0.585624 -0.202192 0.227702 255 0 0
0.586380 -0.202421 0.227870 0 0 0
0.587387 -0.203459 0.228434 0 0 0
0.588320 -0.204603 0.229228 0 0 0
0.589147 -0.205635 0.229858 0 0 0
0.590245 -0.206611 0.230636 0 0 0
0.591156 -0.206932 0.231026 0 0 0
0.592205 -0.207897 0.231807 0 0 0
0.593126 -0.208856 0.232609 0 0 0
0.593954 -0.209971 0.233235 0 0 0
0.594934 -0.211061 0.233822 0 0 0
0.595964 -0.211427 0.234203 0 0 0
0.597048 -0.212531 0.234560 0 0 0
0.598040 -0.213021 0.234811 0 0 0
0.599134 -0.214047 0.235314 255 0 0
0.600075 -0.214472 0.235598 255 0 0
0.601130 -0.215576 0.236330 0 0 0
0.602074 -0.216574 0.236920 0 0 0
0.603014 -0.216892 0.237328 0 0 0
0.604015 -0.217822 0.238099 0 0 0
0.604897 -0.218756 0.238907 0 0 0
0.605674 -0.219861 0.239526 0 0 0
0.606606 -0.220931 0.240113 0 0 0
0.607625 -0.221290 0.240507 0 0 0
0.608604 -0.222359 0.240797 0 0 0
0.609733 -0.222925 0.240913 255 0 0
0.610921 -0.223334 0.241250 255 0 0
0.611844 -0.224394 0.241559 255 0 0
0.612864 -0.224930 0.241842 255 0 0
0.613878 -0.225967 0.242297 255 0 0
0.614850 -0.226315 0.242609 255 0 0
0.615966 -0.227349 0.243215 0 0 0
0.616956 -0.227859 0.243411 0 0 0
0.617909 -0.228883 0.243821 0 0 0
0.619006 -0.229309 0.244027 0 0 0
0.620166 -0.229802 0.244155 0 0 0
0.621183 -0.230819 0.244686 0 0 0
0.622260 -0.231220 0.244785 255 0 0
0.623485 -0.231649 0.244891 255 0 0
0.624460 -0.232830 0.245439 0 0 0
0.625307 -0.233383 0.245586 0 0 0
0.626197 -0.234523 0.245981 0 0 0
0.627264 -0.234842 0.246339 0 0 0
0.628310 -0.235735 0.246918 0 0 0
0.629409 -0.236199 0.247011 0 0 0
0.630620 -0.236653 0.246983 0 0 0
0.631961 -0.237076 0.246945 0 0 0
0.632994 -0.237627 0.247003 0 0 0
0.633863 -0.238958 0.247559 0 0 0
0.634895 -0.239499 0.247616 0 0 0
0.636211 -0.239932 0.247576 0 0 0
0.637336 -0.240521 0.247540 0 0 0
0.638510 -0.241090 0.247605 255 0 0
0.639313 -0.242065 0.247950 255 0 0
0.640520 -0.242418 0.248191 255 0 0
0.641796 -0.242753 0.248220 255 0 0
0.643019 -0.243193 0.248326 0 0 0
0.643910 -0.244318 0.248841 0 0 0
0.644910 -0.244837 0.248906 0 0 0
0.646152 -0.245237 0.248872 0 0 0
0.647115 -0.245421 0.248839 255 0 0
0.584910 -0.203396 0.227609 255 0 0
0.585514 -0.203832 0.227666 255 0 0
0.586575 -0.204980 0.228343 0 0 0
0.587605 -0.205998 0.228954 0 0 0
0.588568 -0.206319 0.229343 0 0 0
0.589666 -0.207289 0.230122 0 0 0
0.590482 -0.208311 0.230749 0 0 0
0.591388 -0.209457 0.231557 0 0 0
0.592197 -0.210476 0.232184 0 0 0
0.593277 -0.211425 0.232955 0 0 0
0.594253 -0.211796 0.233337 0 0 0
0.595315 -0.212882 0.233729 0 0 0
0.596513 -0.213315 0.234041 0 0 0
0.597570 -0.213819 0.234179 0 0 0
0.598612 -0.214751 0.234846 0 0 0
0.599431 -0.215863 0.235466 255 0 0
0.600386 -0.216938 0.236056 255 0 0
0.601400 -0.217309 0.236449 255 0 0
0.602272 -0.218390 0.236883 255 0 0
0.603165 -0.219416 0.237680 0 0 0
0.603992 -0.220367 0.238488 0 0 0
0.604971 -0.221291 0.239253 0 0 0
0.605933 -0.221658 0.239654 0 0 0
0.606941 -0.222711 0.240037 0 0 0
0.608120 -0.223131 0.240356 0 0 0
0.609220 -0.223618 0.240493 0 0 0
0.610285 -0.224665 0.240917 0 0 0
0.611282 -0.225100 0.241206 255 0 0
0.612307 -0.226043 0.241676 255 0 0
0.613396 -0.226428 0.242012 255 0 0
0.614230 -0.227639 0.242540 255 0 0
0.615052 -0.228723 0.242977 255 0 0
0.616142 -0.229213 0.243125 0 0 0
0.617295 -0.229549 0.243473 0 0 0
0.618285 -0.230563 0.243921 0 0 0
0.619265 -0.231080 0.244118 255 0 0
0.620297 -0.232120 0.244669 255 0 0
0.621207 -0.232652 0.244844 255 0 0
0.622102 -0.233804 0.245237 255 0 0
0.623298 -0.234157 0.245466 0 0 0
0.624648 -0.234496 0.245529 0 0 0
0.625838 -0.234846 0.245775 0 0 0
0.626591 -0.235916 0.246279 0 0 0
0.627417 -0.237017 0.246903 0 0 0
0.628495 -0.237507 0.247003 0 0 0
0.629554 -0.238126 0.247070 0 0 0
0.630384 -0.239246 0.247425 0 0 0
0.631467 -0.239716 0.247653 0 0 0
0.632903 -0.240101 0.247660 0 0 0
0.634093 -0.240518 0.247621 0 0 0
0.635302 -0.241064 0.247573 0 0 0
0.636525 -0.241591 0.247527 0 0 0
0.637807 -0.242027 0.247536 255 0 0
0.638991 -0.242399 0.247772 255 0 0
0.639817 -0.243503 0.248133 255 0 0
0.640697 -0.244182 0.248296 255 0 0
0.641523 -0.245329 0.248673 255 0 0
0.642654 -0.245561 0.248894 0 0 0
0.644135 -0.245838 0.248907 0 0 0
0.644961 -0.246145 0.248880 0 0 0
0.585178 -0.205224 0.227647 255 0 0
0.585932 -0.206374 0.228078 255 0 0
0.586885 -0.206757 0.228440 255 0 0
0.587840 -0.207853 0.228895 255 0 0
0.588796 -0.208891 0.229701 255 0 0
0.589689 -0.209845 0.230507 0 0 0
0.590734 -0.210814 0.231285 0 0 0
0.591617 -0.211143 0.231675 0 0 0
0.592715 -0.212172 0.232439 0 0 0
0.593635 -0.213248 0.232873 0 0 0
0.594671 -0.213700 0.233240 0 0 0
0.595695 -0.214792 0.233601 0 0 0
0.596709 -0.215294 0.233867 0 0 0
0.597684 -0.216372 0.234433 0 0 0
0.598741 -0.217303 0.235194 255 0 0
0.599709 -0.217674 0.235584 255 0 0
0.600756 -0.218755 0.235991 255 0 0
0.601721 -0.219128 0.236386 255 0 0
0.602706 -0.220060 0.237159 0 0 0
0.603536 -0.220999 0.237970 0 0 0
0.604422 -0.222022 0.238765 0 0 0
0.605271 -0.223090 0.239193 0 0 0
0.606305 -0.223534 0.239577 0 0 0
0.607269 -0.224601 0.239923 0 0 0
0.608252 -0.225022 0.240211 0 0 0
0.609390 -0.226067 0.240828 0 0 0
0.610324 -0.226482 0.241025 255 0 0
0.611231 -0.227595 0.241670 255 0 0
0.612072 -0.228692 0.242140 255 0 0
0.613248 -0.229103 0.242305 255 0 0
0.614551 -0.229419 0.242589 255 0 0
0.615633 -0.229895 0.242731 255 0 0
0.616486 -0.230861 0.243206 255 0 0
0.617422 -0.231953 0.243877 255 0 0
0.618393 -0.232455 0.244080 255 0 0
0.619334 -0.233472 0.244489 0 0 0
0.620498 -0.233872 0.244734 0 0 0
0.621667 -0.234270 0.244995 0 0 0
0.622577 -0.235287 0.245380 255 0 0
0.623480 -0.235826 0.245557 255 0 0
0.624457 -0.237009 0.246129 0 0 0
0.625513 -0.237377 0.246359 255 0 0
0.626494 -0.238281 0.246889 255 0 0
0.627574 -0.238759 0.246984 255 0 0
0.628877 -0.239200 0.247008 255 0 0
0.630071 -0.239558 0.247246 0 0 0
0.630913 -0.240643 0.247601 0 0 0
0.631939 -0.241251 0.247654 0 0 0
0.633163 -0.241808 0.247613 0 0 0
0.634375 -0.242346 0.247563 0 0 0
0.635601 -0.242898 0.247522 0 0 0
0.636645 -0.243511 0.247578 0 0 0
0.637505 -0.244587 0.247869 0 0 0
0.638621 -0.245055 0.247997 0 0 0
0.639924 -0.245447 0.248190 255 0 0
0.641102 -0.245791 0.248462 255 0 0
0.641683 -0.246241 0.248739 255 0 0
0.585639 -0.207062 0.227737 255 0 0
0.586357 -0.208228 0.227994 255 0 0
0.587255 -0.208615 0.228348 255 0 0
0.588343 -0.209658 0.229131 255 0 0
0.589171 -0.210677 0.229766 255 0 0
0.590136 -0.211624 0.230604 0 0 0
0.590965 -0.212636 0.231236 0 0 0
0.592032 -0.213695 0.231951 0 0 0
0.592929 -0.214118 0.232223 0 0 0
0.594078 -0.215145 0.232777 0 0 0
0.595076 -0.215580 0.233147 255 0 0
0.596140 -0.216663 0.233548 255 0 0
0.597110 -0.217028 0.233940 255 0 0
0.598181 -0.218041 0.234693 0 0 0
0.599067 -0.219121 0.235127 0 0 0
0.600080 -0.219489 0.235524 255 0 0
0.601009 -0.220469 0.236122 255 0 0
0.601859 -0.221505 0.236933 255 0 0
0.602700 -0.222552 0.237737 0 0 0
0.603616 -0.223527 0.238331 0 0 0
0.604605 -0.223817 0.238741 0 0 0
0.605714 -0.224857 0.239269 0 0 0
0.606696 -0.225282 0.239567 255 0 0
0.607562 -0.226267 0.240104 0 0 0
0.608525 -0.227366 0.240789 0 0 0
0.609486 -0.227864 0.240984 0 0 0
0.610509 -0.228888 0.241445 0 0 0
0.611655 -0.229218 0.241799 0 0 0
0.612746 -0.229711 0.241934 255 0 0
0.613738 -0.230752 0.242297 255 0 0
0.614709 -0.231252 0.242497 255 0 0
0.615652 -0.232350 0.243171 255 0 0
0.616505 -0.233290 0.243642 255 0 0
0.617588 -0.233778 0.243802 255 0 0
0.618755 -0.234201 0.244133 255 0 0
0.619640 -0.235226 0.244450 255 0 0
0.620649 -0.235753 0.244750 255 0 0
0.621628 -0.236764 0.245202 255 0 0
0.622624 -0.237202 0.245511 0 0 0
0.623602 -0.238190 0.245979 255 0 0
0.624550 -0.238541 0.246295 255 0 0
0.625596 -0.239556 0.246877 255 0 0
0.626685 -0.240042 0.246982 255 0 0
0.627698 -0.240544 0.247059 255 0 0
0.628627 -0.241686 0.247592 255 0 0
0.629824 -0.242104 0.247684 0 0 0
0.631030 -0.242548 0.247654 0 0 0
0.632244 -0.243091 0.247606 0 0 0
0.633439 -0.243639 0.247555 0 0 0
0.634647 -0.244169 0.247510 0 0 0
0.635916 -0.244564 0.247509 0 0 0
0.637261 -0.244895 0.247665 0 0 0
0.638320 -0.245432 0.247766 0 0 0
0.639266 -0.246293 0.248060 0 0 0
0.640036 -0.246661 0.248172 0 0 0
0.586073 -0.208973 0.227638 0 0 0
0.586635 -0.210108 0.227937 255 0 0
0.587681 -0.211160 0.228684 255 0 0
0.588570 -0.211488 0.229073 255 0 0
0.589634 -0.212539 0.229845 255 0 0
0.590470 -0.213546 0.230480 255 0 0
0.591572 -0.214490 0.231262 255 0 0
0.592415 -0.214933 0.231533 255 0 0
0.593519 -0.215875 0.232259 255 0 0
0.594514 -0.216954 0.232834 255 0 0
0.595496 -0.217379 0.233118 255 0 0
0.596432 -0.218473 0.233667 0 0 0
0.597399 -0.219561 0.234259 0 0 0
0.598387 -0.219858 0.234664 0 0 0
0.599326 -0.220840 0.235268 0 0 0
0.600180 -0.221874 0.236075 0 0 0
0.601031 -0.222914 0.236884 255 0 0
0.601950 -0.223887 0.237482 0 0 0
0.602927 -0.224178 0.237896 0 0 0
0.603867 -0.225258 0.238490 255 0 0
0.604757 -0.226338 0.239028 255 0 0
0.605703 -0.226675 0.239336 255 0 0
0.606732 -0.227769 0.240074 255 0 0
0.607574 -0.228729 0.240598 0 0 0
0.608729 -0.229133 0.240848 255 0 0
0.609892 -0.229544 0.241091 255 0 0
0.610855 -0.230577 0.241504 255 0 0
0.611857 -0.231176 0.241692 255 0 0
0.612821 -0.232213 0.242109 255 0 0
0.613807 -0.232647 0.242404 255 0 0
0.614892 -0.233651 0.242864 0 0 0
0.615956 -0.234063 0.243110 0 0 0
0.617056 -0.234565 0.243340 255 0 0
0.618038 -0.235577 0.243669 255 0 0
0.619048 -0.235923 0.244072 255 0 0
0.620081 -0.236930 0.244575 255 0 0
0.621090 -0.237439 0.244876 255 0 0
0.621979 -0.238458 0.245212 255 0 0
0.622978 -0.238813 0.245629 0 0 0
0.623838 -0.239869 0.246201 0 0 0
0.624636 -0.240917 0.246716 255 0 0
0.625712 -0.241318 0.246939 255 0 0
0.626874 -0.241791 0.247082 255 0 0
0.627839 -0.242768 0.247597 255 0 0
0.628897 -0.243244 0.247687 0 0 0
0.630126 -0.243793 0.247654 0 0 0
0.631316 -0.244224 0.247612 0 0 0
0.632638 -0.244618 0.247562 0 0 0
0.633876 -0.245150 0.247524 0 0 0
0.634894 -0.245700 0.247591 0 0 0
0.635868 -0.246777 0.248123 0 0 0
0.636467 -0.247112 0.248205 0 0 0
0.586333 -0.211027 0.227509 255 0 0
0.587080 -0.211907 0.228133 255 0 0
0.587878 -0.212996 0.228633 255 0 0
0.588986 -0.214026 0.229408 255 0 0
0.589891 -0.214424 0.229783 255 0 0
0.590890 -0.215360 0.230400 255 0 0
0.591839 -0.216375 0.231234 255 0 0
0.592599 -0.217482 0.231848 255 0 0
0.593634 -0.218425 0.232581 255 0 0
0.594566 -0.218862 0.232866 255 0 0
0.595713 -0.219924 0.233406 0 0 0
0.596704 -0.220224 0.233810 0 0 0
0.597641 -0.221204 0.234414 0 0 0
0.598499 -0.222240 0.235223 0 0 0
0.599353 -0.223280 0.236033 255 0 0
0.600276 -0.224252 0.236634 255 0 0
0.601255 -0.224546 0.237050 255 0 0
0.602177 -0.225516 0.237645 255 0 0
0.603214 -0.226605 0.238383 255 0 0
0.604158 -0.226940 0.238690 255 0 0
0.605047 -0.228021 0.239232 255 0 0
0.605974 -0.229084 0.239824 255 0 0
0.606950 -0.229367 0.240237 255 0 0
0.607975 -0.230403 0.240710 255 0 0
0.608969 -0.230997 0.240900 255 0 0
0.609935 -0.232029 0.241309 255 0 0
0.611086 -0.232428 0.241543 255 0 0
0.612277 -0.232902 0.241779 255 0 0
0.613184 -0.233920 0.242093 255 0 0
0.614342 -0.234345 0.242421 255 0 0
0.615420 -0.234833 0.242575 255 0 0
0.616452 -0.235840 0.242980 255 0 0
0.617448 -0.236358 0.243273 255 0 0
0.618215 -0.237414 0.243653 255 0 0
0.619176 -0.238385 0.244276 255 0 0
0.620195 -0.238866 0.244449 255 0 0
0.621326 -0.239191 0.244808 255 0 0
0.622192 -0.240230 0.245375 0 0 0
0.623056 -0.241261 0.245957 0 0 0
0.624030 -0.241530 0.246389 0 0 0
0.624981 -0.242517 0.246845 0 0 0
0.625953 -0.243033 0.247063 0 0 0
0.626923 -0.244040 0.247589 0 0 0
0.627988 -0.244513 0.247681 0 0 0
0.629225 -0.245087 0.247660 255 0 0
0.630250 -0.245726 0.247719 255 0 0
0.631015 -0.246649 0.248042 255 0 0
0.632278 -0.247005 0.248308 0 0 0
0.633150 -0.247328 0.248326 0 0 0
0.585703 -0.212377 0.227299 255 0 0
0.586421 -0.213416 0.227740 255 0 0
0.587287 -0.213749 0.228100 255 0 0
0.588420 -0.214776 0.228883 255 0 0
0.589372 -0.215844 0.229331 255 0 0
0.590151 -0.216133 0.229635 0 0 0
0.591271 -0.217939 0.231032 0 0 0
0.591999 -0.218134 0.231352 0 0 0
0.593112 -0.219145 0.232125 0 0 0
0.594010 -0.220219 0.232560 0 0 0
0.595018 -0.220591 0.232958 0 0 0
0.595957 -0.221572 0.233560 0 0 0
0.596817 -0.222607 0.234372 0 0 0
0.597675 -0.223646 0.235183 255 0 0
0.598601 -0.224614 0.235785 255 0 0
0.599583 -0.224909 0.236202 255 0 0
0.600498 -0.225879 0.236795 255 0 0
0.601369 -0.227024 0.237608 255 0 0
0.602234 -0.227988 0.238156 255 0 0
0.603208 -0.228420 0.238455 255 0 0
0.604304 -0.229454 0.238986 255 0 0
0.605275 -0.229735 0.239399 255 0 0
0.606199 -0.230797 0.239994 255 0 0
0.607063 -0.231860 0.240514 255 0 0
0.608207 -0.232252 0.240754 255 0 0
0.609399 -0.232731 0.240986 255 0 0
0.610295 -0.233765 0.241219 255 0 0
0.611403 -0.234339 0.241342 255 0 0
0.612559 -0.234762 0.241670 255 0 0
0.613471 -0.235784 0.241997 255 0 0
0.614479 -0.236293 0.242293 255 0 0
0.615468 -0.237301 0.242739 255 0 0
0.616627 -0.237701 0.242992 255 0 0
0.617722 -0.238102 0.243256 255 0 0
0.618776 -0.239031 0.243858 255 0 0
0.619691 -0.239518 0.244062 255 0 0
0.620546 -0.240581 0.244546 255 0 0
0.621419 -0.241623 0.245129 0 0 0
0.622373 -0.241888 0.245563 0 0 0
0.623235 -0.242926 0.246153 0 0 0
0.624040 -0.243978 0.246678 0 0 0
0.625014 -0.244406 0.246995 0 0 0
0.625995 -0.245389 0.247392 0 0 0
0.627007 -0.245891 0.247500 0 0 0
0.628199 -0.246203 0.247617 0 0 0
0.629737 -0.246567 0.247662 0 0 0
0.630610 -0.246843 0.247820 255 0 0
0.586004 -0.214330 0.227341 255 0 0
0.586564 -0.215243 0.227650 0 0 0
0.587740 -0.216301 0.228399 0 0 0
0.588613 -0.216646 0.228684 0 0 0
0.589623 -0.217585 0.229451 0 0 0
0.590573 -0.218578 0.230459 0 0 0
0.591360 -0.219575 0.231087 0 0 0
0.592337 -0.220665 0.231694 0 0 0
0.593321 -0.220963 0.232097 0 0 0
0.594273 -0.221943 0.232707 0 0 0
0.595136 -0.222974 0.233520 0 0 0
0.595996 -0.224012 0.234333 0 0 0
0.596928 -0.224983 0.234937 255 0 0
0.597900 -0.225276 0.235349 255 0 0
0.598845 -0.226356 0.235955 255 0 0
0.599626 -0.227437 0.236564 255 0 0
0.600664 -0.228331 0.237353 255 0 0
0.601609 -0.228689 0.237754 255 0 0
0.602624 -0.229736 0.238158 0 0 0
0.603620 -0.230100 0.238564 0 0 0
0.604520 -0.231051 0.239155 0 0 0
0.605534 -0.232137 0.239889 255 0 0
0.606503 -0.232546 0.240181 255 0 0
0.607424 -0.233589 0.240433 255 0 0
0.608522 -0.234153 0.240545 255 0 0
0.609821 -0.234548 0.240810 255 0 0
0.610899 -0.235018 0.240945 255 0 0
0.611938 -0.236028 0.241366 255 0 0
0.612921 -0.236454 0.241664 0 0 0
0.613927 -0.237471 0.242129 0 0 0
0.614930 -0.237991 0.242424 0 0 0
0.615789 -0.239024 0.242719 255 0 0
0.616756 -0.239449 0.243021 255 0 0
0.617833 -0.240479 0.243629 255 0 0
0.618800 -0.240977 0.243842 255 0 0
0.619772 -0.241977 0.244305 255 0 0
0.620739 -0.242248 0.244736 255 0 0
0.621582 -0.243163 0.245325 0 0 0
0.622539 -0.244233 0.246057 0 0 0
0.623495 -0.244645 0.246373 0 0 0
0.624355 -0.245649 0.246689 0 0 0
0.625488 -0.246081 0.247025 0 0 0
0.626578 -0.246582 0.247204 0 0 0
0.627094 -0.247249 0.247458 0 0 0
0.585510 -0.215610 0.227062 255 0 0
0.586054 -0.215984 0.227199 255 0 0
0.587278 -0.217044 0.227844 255 0 0
0.588011 -0.217393 0.227963 255 0 0
0.588945 -0.219257 0.229326 255 0 0
0.589674 -0.220061 0.230037 0 0 0
0.590703 -0.221018 0.230831 0 0 0
0.591632 -0.221326 0.231239 0 0 0
0.592588 -0.222306 0.231853 0 0 0
0.593455 -0.223341 0.232668 0 0 0
0.594318 -0.224378 0.233482 0 0 0
0.595254 -0.225348 0.234089 255 0 0
0.596228 -0.225643 0.234503 255 0 0
0.597166 -0.226613 0.235107 255 0 0
0.598207 -0.227612 0.235853 255 0 0
0.599179 -0.227899 0.236198 255 0 0
0.600150 -0.229038 0.236915 0 0 0
0.600964 -0.230099 0.237317 0 0 0
0.601952 -0.230465 0.237720 0 0 0
0.602855 -0.231411 0.238317 0 0 0
0.603712 -0.232554 0.239129 0 0 0
0.604578 -0.233502 0.239615 0 0 0
0.605643 -0.233970 0.239758 0 0 0
0.606948 -0.234373 0.240023 255 0 0
0.608025 -0.234846 0.240156 255 0 0
0.609021 -0.235872 0.240536 255 0 0
0.609984 -0.236368 0.240729 255 0 0
0.611034 -0.237411 0.241295 255 0 0
0.611995 -0.237918 0.241494 0 0 0
0.612935 -0.238931 0.241902 0 0 0
0.614091 -0.239329 0.242156 255 0 0
0.615233 -0.239713 0.242408 255 0 0
0.616063 -0.240770 0.242934 255 0 0
0.616878 -0.241815 0.243453 0 0 0
0.618018 -0.242201 0.243712 0 0 0
0.619163 -0.242594 0.243977 0 0 0
0.619936 -0.243505 0.244499 0 0 0
0.620738 -0.244665 0.245321 0 0 0
0.621500 -0.245572 0.245839 0 0 0
0.622636 -0.245975 0.246109 0 0 0
0.623786 -0.246341 0.246363 0 0 0
0.624772 -0.247057 0.246761 0 0 0
0.625824 -0.247655 0.247032 0 0 0
0.626428 -0.248323 0.247463 0 0 0
0.585715 -0.217407 0.227070 0 0 0
0.586414 -0.218555 0.227464 0 0 0
0.587220 -0.218921 0.227728 255 0 0
0.588377 -0.219881 0.228701 255 0 0
0.589215 -0.220728 0.229511 255 0 0
0.590127 -0.221682 0.230345 0 0 0
0.590915 -0.222674 0.230990 0 0 0
0.591775 -0.223712 0.231810 0 0 0
0.592641 -0.224748 0.232631 0 0 0
0.593578 -0.225709 0.233240 0 0 0
0.594556 -0.226005 0.233654 255 0 0
0.595485 -0.226972 0.234254 255 0 0
0.596356 -0.228115 0.235076 0 0 0
0.597079 -0.229098 0.235675 0 0 0
0.598057 -0.230138 0.236337 0 0 0
0.599176 -0.230551 0.236531 0 0 0
0.600297 -0.230832 0.236885 0 0 0
0.601199 -0.231779 0.237472 0 0 0
0.602051 -0.232913 0.238287 0 0 0
0.602955 -0.233825 0.238869 0 0 0
0.604070 -0.234177 0.239221 0 0 0
0.605151 -0.234657 0.239370 0 0 0
0.606160 -0.235692 0.239748 0 0 0
0.607122 -0.236183 0.239942 0 0 0
0.608186 -0.237235 0.240512 255 0 0
0.609108 -0.237637 0.240713 255 0 0
0.610155 -0.238665 0.241279 255 0 0
0.611295 -0.239129 0.241409 255 0 0
0.612388 -0.239537 0.241621 255 0 0
0.613326 -0.240556 0.242029 255 0 0
0.614282 -0.241053 0.242238 0 0 0
0.615373 -0.242078 0.242857 0 0 0
0.616311 -0.242414 0.243168 0 0 0
0.617242 -0.243420 0.243595 0 0 0
0.618193 -0.243915 0.243810 0 0 0
0.619097 -0.245005 0.244498 0 0 0
0.619943 -0.245928 0.245088 0 0 0
0.620884 -0.246207 0.245516 0 0 0
0.621842 -0.247237 0.245982 0 0 0
0.622592 -0.247489 0.246092 0 0 0
0.586151 -0.219128 0.227210 0 0 0
0.586705 -0.220173 0.227670 0 0 0
0.587532 -0.221331 0.228459 0 0 0
0.588346 -0.222318 0.229113 255 0 0
0.589256 -0.223261 0.229948 255 0 0
0.590105 -0.224199 0.230771 0 0 0
0.590963 -0.225136 0.231602 0 0 0
0.591977 -0.226053 0.232390 0 0 0
0.592875 -0.226367 0.232794 255 0 0
0.593833 -0.227444 0.233406 255 0 0
0.594632 -0.228514 0.234042 255 0 0
0.595681 -0.229419 0.234833 0 0 0
0.596562 -0.229783 0.235230 0 0 0
0.597672 -0.230754 0.235805 0 0 0
0.598621 -0.231249 0.236064 0 0 0
0.599498 -0.232296 0.236457 0 0 0
0.600401 -0.233302 0.237270 0 0 0
0.601392 -0.234194 0.237994 0 0 0
0.602252 -0.234614 0.238300 0 0 0
0.603289 -0.235594 0.238803 0 0 0
0.604228 -0.236107 0.239092 0 0 0
0.605261 -0.237133 0.239573 255 0 0
0.606228 -0.237562 0.239870 255 0 0
0.607260 -0.238575 0.240359 255 0 0
0.608191 -0.238913 0.240660 255 0 0
0.609285 -0.239947 0.241268 255 0 0
0.610353 -0.240410 0.241364 255 0 0
0.611471 -0.240991 0.241462 255 0 0
0.612406 -0.242002 0.241873 255 0 0
0.613338 -0.242338 0.242182 0 0 0
0.614435 -0.243353 0.242811 0 0 0
0.615357 -0.243748 0.243023 0 0 0
0.616377 -0.244785 0.243584 0 0 0
0.617335 -0.245296 0.243797 0 0 0
0.618300 -0.246308 0.244260 0 0 0
0.619234 -0.246552 0.244686 0 0 0
0.620223 -0.247241 0.245300 0 0 0
0.621231 -0.248235 0.245989 0 0 0
0.621772 -0.248479 0.246068 0 0 0
0.586215 -0.221638 0.227787 0 0 0
0.586906 -0.222660 0.228237 0 0 0
0.587749 -0.222986 0.228617 0 0 0
0.588783 -0.223923 0.229421 0 0 0
0.589639 -0.224858 0.230249 255 0 0
0.590500 -0.225882 0.231066 255 0 0
0.591336 -0.226864 0.231724 255 0 0
0.592172 -0.227852 0.232380 255 0 0
0.593189 -0.228860 0.233159 255 0 0
0.594037 -0.229154 0.233567 0 0 0
0.595106 -0.230153 0.234349 0 0 0
0.595967 -0.231192 0.234784 0 0 0
0.596976 -0.231643 0.235172 0 0 0
0.598013 -0.232664 0.235581 0 0 0
0.598944 -0.233017 0.235978 0 0 0
0.599940 -0.234017 0.236748 0 0 0
0.600872 -0.234985 0.237341 0 0 0
0.601728 -0.235397 0.237650 0 0 0
0.602797 -0.236371 0.238362 255 0 0
0.603646 -0.237397 0.238798 255 0 0
0.604654 -0.237825 0.239191 255 0 0
0.605635 -0.238837 0.239587 255 0 0
0.606639 -0.239277 0.239980 255 0 0
0.607467 -0.240299 0.240416 255 0 0
0.608452 -0.241280 0.241057 255 0 0
0.609387 -0.241753 0.241172 255 0 0
0.610714 -0.242223 0.241340 255 0 0
0.611838 -0.242596 0.241588 255 0 0
0.612640 -0.243525 0.242110 255 0 0
0.613557 -0.244615 0.242801 0 0 0
0.614502 -0.245099 0.243013 0 0 0
0.615433 -0.246114 0.243430 0 0 0
0.616533 -0.246381 0.243676 0 0 0
0.617837 -0.246732 0.243995 0 0 0
0.618506 -0.247320 0.244359 0 0 0
0.586481 -0.223478 0.227894 0 0 0
0.587056 -0.224307 0.228357 0 0 0
0.587966 -0.225351 0.229212 0 0 0
0.588839 -0.226391 0.230034 255 0 0
0.589791 -0.227362 0.230650 255 0 0
0.590692 -0.227677 0.231058 255 0 0
0.591704 -0.228585 0.231851 255 0 0
0.592607 -0.229503 0.232688 255 0 0
0.593371 -0.230468 0.233324 255 0 0
0.594411 -0.231568 0.234088 0 0 0
0.595338 -0.231896 0.234383 0 0 0
0.596420 -0.232935 0.234884 0 0 0
0.597381 -0.233355 0.235179 0 0 0
0.598279 -0.234417 0.235734 0 0 0
0.599215 -0.235470 0.236337 255 0 0
0.600154 -0.235757 0.236752 255 0 0
0.601095 -0.236797 0.237353 255 0 0
0.602028 -0.237833 0.237946 255 0 0
0.602993 -0.238200 0.238346 255 0 0
0.603991 -0.239196 0.238750 255 0 0
0.604993 -0.239652 0.239145 255 0 0
0.605971 -0.240656 0.239547 255 0 0
0.606902 -0.241008 0.239955 0 0 0
0.608045 -0.241944 0.240641 0 0 0
0.608946 -0.242414 0.240835 0 0 0
0.609934 -0.243436 0.241218 0 0 0
0.610877 -0.243918 0.241426 0 0 0
0.611810 -0.245018 0.242119 0 0 0
0.612640 -0.245937 0.242586 0 0 0
0.613703 -0.246422 0.242745 0 0 0
0.614845 -0.246900 0.243096 0 0 0
0.615371 -0.247566 0.243305 0 0 0
0.585799 -0.224733 0.227728 0 0 0
0.586340 -0.225700 0.228375 0 0 0
0.587141 -0.226759 0.229165 0 0 0
0.588119 -0.227718 0.229795 0 0 0
0.589089 -0.228015 0.230207 255 0 0
0.590032 -0.228974 0.230825 255 0 0
0.590890 -0.230001 0.231654 255 0 0
0.591737 -0.231036 0.232481 255 0 0
0.592512 -0.232008 0.233125 255 0 0
0.593509 -0.232921 0.233867 255 0 0
0.594408 -0.233347 0.234169 255 0 0
0.595487 -0.234395 0.234665 255 0 0
0.596450 -0.234810 0.234956 255 0 0
0.597561 -0.235829 0.235497 255 0 0
0.598537 -0.236189 0.235894 255 0 0
0.599401 -0.237207 0.236345 255 0 0
0.600468 -0.238181 0.237060 255 0 0
0.601329 -0.238590 0.237366 255 0 0
0.602439 -0.239551 0.237868 255 0 0
0.603292 -0.239961 0.238162 255 0 0
0.604462 -0.240919 0.238871 255 0 0
0.605345 -0.241337 0.239168 255 0 0
0.606210 -0.242397 0.239725 0 0 0
0.607059 -0.243452 0.240272 0 0 0
0.607988 -0.243769 0.240591 0 0 0
0.609085 -0.244798 0.241206 0 0 0
0.610036 -0.245284 0.241412 0 0 0
0.611030 -0.246299 0.241885 0 0 0
0.612092 -0.246511 0.242235 0 0 0
0.613317 -0.246885 0.242439 0 0 0
0.614432 -0.247767 0.242849 0 0 0
0.615028 -0.248065 0.243030 0 0 0
0.585844 -0.227051 0.228513 0 0 0
0.586528 -0.228045 0.228960 0 0 0
0.587401 -0.228380 0.229342 0 0 0
0.588364 -0.229347 0.229970 0 0 0
0.589226 -0.230375 0.230796 255 0 0
0.590086 -0.231402 0.231628 255 0 0
0.591022 -0.232351 0.232248 255 0 0
0.591923 -0.232641 0.232664 255 0 0
0.592972 -0.233534 0.233456 255 0 0
0.593920 -0.234581 0.234025 255 0 0
0.594909 -0.235070 0.234313 255 0 0
0.595887 -0.236101 0.234676 255 0 0
0.596896 -0.236549 0.235057 0 0 0
0.597903 -0.237568 0.235468 0 0 0
0.598855 -0.238013 0.235855 0 0 0
0.599939 -0.238970 0.236406 0 0 0
0.600833 -0.239467 0.236688 0 0 0
0.601954 -0.240425 0.237193 0 0 0
0.602640 -0.240702 0.237426 0 0 0
0.603660 -0.242489 0.238728 0 0 0
0.604355 -0.242683 0.238967 0 0 0
0.605551 -0.243706 0.239650 0 0 0
0.606472 -0.244020 0.239968 0 0 0
0.607325 -0.245080 0.240515 0 0 0
0.608193 -0.246123 0.240992 0 0 0
0.609254 -0.246617 0.241149 0 0 0
0.610358 -0.246950 0.241518 0 0 0
0.611086 -0.247381 0.241900 0 0 0
0.586071 -0.229024 0.228404 255 0 0
0.586689 -0.229838 0.228898 255 0 0
0.587572 -0.230864 0.229759 0 0 0
0.588424 -0.231783 0.230603 255 0 0
0.589427 -0.232686 0.231399 255 0 0
0.590316 -0.232995 0.231815 255 0 0
0.591238 -0.233941 0.232426 255 0 0
0.592121 -0.235088 0.233257 0 0 0
0.593025 -0.236015 0.233750 0 0 0
0.594090 -0.236491 0.233909 0 0 0
0.595241 -0.236927 0.234235 0 0 0
0.596250 -0.237933 0.234631 0 0 0
0.597234 -0.238282 0.235028 0 0 0
0.598326 -0.239293 0.235565 0 0 0
0.599304 -0.239808 0.235852 0 0 0
0.600273 -0.240808 0.236218 0 0 0
0.601245 -0.241178 0.236630 0 0 0
0.602075 -0.242102 0.237212 0 0 0
0.603017 -0.243055 0.238263 0 0 0
0.603720 -0.243999 0.238893 0 0 0
0.604568 -0.245064 0.239451 0 0 0
0.605513 -0.245487 0.239761 0 0 0
0.606565 -0.246494 0.240274 0 0 0
0.607629 -0.246711 0.240634 0 0 0
0.608871 -0.247087 0.240853 0 0 0
0.609622 -0.247685 0.241184 0 0 0
0.585745 -0.229686 0.227820 255 0 0
0.586383 -0.230353 0.228458 255 0 0
0.587174 -0.231492 0.229299 0 0 0
0.587948 -0.232537 0.230069 0 0 0
0.588764 -0.233396 0.230746 0 0 0
0.589673 -0.234403 0.231601 255 0 0
0.590400 -0.235473 0.232227 255 0 0
0.591472 -0.236361 0.232965 0 0 0
0.592465 -0.236776 0.233214 0 0 0
0.593533 -0.237193 0.233461 0 0 0
0.594670 -0.238211 0.233947 0 0 0
0.595620 -0.238622 0.234243 0 0 0
0.596522 -0.239684 0.234802 0 0 0
0.597430 -0.240734 0.235293 0 0 0
0.598496 -0.241196 0.235450 0 0 0
0.599607 -0.241532 0.235798 0 0 0
0.600516 -0.242567 0.236392 0 0 0
0.601270 -0.243630 0.237045 255 0 0
0.602081 -0.244397 0.237869 255 0 0
0.603120 -0.245326 0.238837 255 0 0
0.603999 -0.245759 0.239132 255 0 0
0.604887 -0.246620 0.239464 0 0 0
0.606036 -0.246923 0.239960 0 0 0
0.606748 -0.247516 0.240352 0 0 0
0.586512 -0.233223 0.229225 255 0 0
0.587229 -0.233967 0.229655 255 0 0
0.587990 -0.234173 0.229994 255 0 0
0.589116 -0.235929 0.231442 255 0 0
0.589793 -0.236102 0.231760 255 0 0
0.591010 -0.237081 0.232475 255 0 0
0.591897 -0.237541 0.232668 0 0 0
0.592846 -0.238597 0.233184 0 0 0
0.593747 -0.239657 0.233733 0 0 0
0.594696 -0.240070 0.234031 255 0 0
0.595789 -0.241071 0.234562 255 0 0
0.596910 -0.241409 0.234908 0 0 0
0.597976 -0.241870 0.235064 0 0 0
0.598880 -0.242919 0.235560 0 0 0
0.599811 -0.243958 0.236171 0 0 0
0.600703 -0.244249 0.236611 0 0 0
0.601486 -0.244955 0.237273 0 0 0
0.602279 -0.246816 0.238693 0 0 0
0.603133 -0.246952 0.238882 0 0 0
0.604253 -0.247070 0.239088 0 0 0
0.586057 -0.234251 0.229129 255 0 0
0.586589 -0.234604 0.229290 255 0 0
0.587397 -0.235584 0.229831 255 0 0
0.588412 -0.236547 0.230901 255 0 0
0.589168 -0.237498 0.231535 255 0 0
0.590079 -0.238567 0.232112 255 0 0
0.590997 -0.238886 0.232416 255 0 0
0.592212 -0.239932 0.233106 255 0 0
0.593160 -0.240334 0.233396 255 0 0
0.594133 -0.241349 0.233765 255 0 0
0.595110 -0.241710 0.234162 255 0 0
0.596154 -0.242725 0.234659 255 0 0
0.597128 -0.243296 0.234852 255 0 0
0.598161 -0.244311 0.235343 0 0 0
0.599107 -0.244582 0.235763 0 0 0
0.599996 -0.245495 0.236390 0 0 0
0.600703 -0.246522 0.237202 0 0 0
0.601789 -0.247187 0.238322 0 0 0
0.602319 -0.247684 0.238735 0 0 0
0.586208 -0.235857 0.229218 255 0 0
0.586760 -0.236905 0.229886 255 0 0
0.587527 -0.237973 0.230692 255 0 0
0.588470 -0.238903 0.231318 255 0 0
0.589419 -0.239176 0.231736 255 0 0
0.590365 -0.240227 0.232343 255 0 0
0.591258 -0.241268 0.232899 255 0 0
0.592382 -0.241661 0.233153 255 0 0
0.593507 -0.242059 0.233397 255 0 0
0.594397 -0.243109 0.233947 255 0 0
0.595271 -0.244141 0.234490 0 0 0
0.596398 -0.244538 0.234744 0 0 0
0.597523 -0.244934 0.235001 0 0 0
0.598341 -0.245877 0.235558 0 0 0
0.599159 -0.246898 0.236410 0 0 0
0.599915 -0.247330 0.237048 0 0 0
0.586091 -0.238528 0.230035 255 0 0
0.586773 -0.239244 0.230459 255 0 0
0.587759 -0.239538 0.230896 255 0 0
0.588718 -0.240584 0.231517 255 0 0
0.589669 -0.241618 0.232133 0 0 0
0.590612 -0.241890 0.232543 0 0 0
0.591667 -0.242910 0.233044 0 0 0
0.592632 -0.243476 0.233236 0 0 0
0.593684 -0.244493 0.233737 0 0 0
0.594627 -0.244764 0.234143 0 0 0
0.595675 -0.245809 0.234652 0 0 0
0.596582 -0.246242 0.234848 0 0 0
0.597689 -0.247007 0.235589 0 0 0
0.598408 -0.247647 0.236277 0 0 0
0.585637 -0.239521 0.229954 255 0 0
0.586154 -0.239845 0.230114 255 0 0
0.587053 -0.240943 0.230674 255 0 0
0.588026 -0.241977 0.231300 255 0 0
0.588959 -0.242248 0.231716 0 0 0
0.589908 -0.243287 0.232335 0 0 0
0.590794 -0.244329 0.232884 0 0 0
0.591915 -0.244736 0.233136 0 0 0
0.593025 -0.245138 0.233388 0 0 0
0.593872 -0.246082 0.233950 0 0 0
0.594828 -0.247027 0.234641 0 0 0
0.595707 -0.247101 0.234759 0 0 0
0.585635 -0.241525 0.230020 0 0 0
0.586325 -0.242326 0.230433 255 0 0
0.587304 -0.242612 0.230877 255 0 0
0.588263 -0.243644 0.231503 255 0 0
0.589214 -0.244677 0.232125 0 0 0
0.590150 -0.244958 0.232540 0 0 0
0.591163 -0.245856 0.233036 0 0 0
0.592258 -0.246196 0.233253 0 0 0
0.593319 -0.247180 0.234031 0 0 0
0.593892 -0.247827 0.234616 0 0 0
0.585210 -0.242484 0.229945 255 0 0
0.585809 -0.242736 0.230134 255 0 0
0.586709 -0.243987 0.230715 255 0 0
0.587564 -0.245034 0.231289 255 0 0
0.588504 -0.245313 0.231717 0 0 0
0.589423 -0.246251 0.232359 0 0 0
0.590166 -0.246810 0.232957 0 0 0
0.586163 -0.245555 0.230566 255 0 0
0.586808 -0.245705 0.230863 255 0 0
0.587766 -0.246611 0.231522 255 0 0
0.588598 -0.247158 0.232187 255 0 0
0.585792 -0.246011 0.230272 255 0 0
0.586349 -0.246650 0.230716 255 0 0
0.587073 -0.247466 0.231404 255 0 0
