# method surf_flowmatch_magnetic_DS
# columns: time_sec px py pz qx qy qz qw real_fx real_fy real_fz desired_fx desired_fy desired_fz e_f e_v u_nx u_e1 adapter_nx adapter_e1
# adapt_gain_nx: 1.000000000000
# adapt_gain_e1: 1.000000000000
# adapt_kp_nx: 0.200000000000
# adapt_kp_e1: 0.200000000000
# adapt_integral_nx_max: 1.500000000000
# adapt_integral_e1_max: 1.500000000000
# eigen_lambda_0: 300.000000000000
# eigen_lambda_1: 300.000000000000
1776849923.295075655 0.630876124 -0.038268294 0.231297046 0.011102910 0.987766564 -0.007985798 0.155338958 -3.212685347 0.409354329 -4.927559376 0.000000000 0.000000000 0.000000000 0.000000000 0.000000000 0.000000000 0.000000000 0.000000000 0.000000000
1776849923.299445391 0.630857646 -0.038266338 0.231292725 0.011100592 0.987735093 -0.007996507 0.155538633 -3.215581417 0.409084678 -4.924393654 0.000000000 0.000000000 -12.000000000 7.738832474 0.374295861 0.005288203 0.000255769 0.000128981 0.000006238
1776849923.303244352 0.630843163 -0.038264658 0.231284142 0.011099248 0.987720430 -0.008001325 0.155631244 -3.218465090 0.408819497 -4.921103954 0.000000000 0.000000000 -12.000000000 7.742847443 0.373731732 0.005419927 0.000261622 0.000258028 0.000012467
1776849923.308380365 0.630843163 -0.038264658 0.231284142 0.011099248 0.987720430 -0.008001325 0.155631244 -3.221341848 0.408556223 -4.917714119 0.000000000 0.000000000 -12.000000000 7.746954918 0.372814655 0.005551781 0.000267224 0.000387144 0.000018681
1776849923.313450336 0.630838990 -0.038263261 0.231285840 0.011097606 0.987703502 -0.008006689 0.155738592 -3.224217415 0.408292592 -4.914250851 0.000000000 0.000000000 -12.000000000 7.751132011 0.371837616 0.005683751 0.000272770 0.000516329 0.000024878
1776849923.318167210 0.630837083 -0.038261879 0.231291771 0.011096077 0.987686098 -0.008012216 0.155848712 -3.227098703 0.408026487 -4.910742760 0.000000000 0.000000000 -12.000000000 7.755353451 0.370745808 0.005815821 0.000278221 0.000645585 0.000031057
1776849923.323381662 0.630822301 -0.038260996 0.231290102 0.011095034 0.987671316 -0.008017835 0.155942082 -3.229993343 0.407755464 -4.907220364 0.000000000 0.000000000 -12.000000000 7.759592056 0.370101511 0.005947974 0.000283960 0.000774912 0.000037225
1776849923.328371763 0.630761027 -0.038282093 0.231255323 0.011105333 0.987665892 -0.008038206 0.155974686 -3.232913971 0.407475919 -4.903715611 0.000000000 0.000000000 -12.000000000 7.756259918 0.370784849 0.006075023 0.000290595 0.000904183 0.000043405
1776849923.333153009 0.630718470 -0.038290668 0.231233925 0.011101563 0.987657785 -0.008053269 0.156025484 -3.235878944 0.407182753 -4.900260925 0.000000000 0.000000000 -12.000000000 7.760439873 0.370513380 0.006207150 0.000296589 0.001033523 0.000049580
1776849923.338160038 0.630685270 -0.038300637 0.231223494 0.011098874 0.987648368 -0.008068153 0.156084567 -3.238912106 0.406869233 -4.896892071 0.000000000 0.000000000 -12.000000000 7.764557838 0.369678080 0.006339305 0.000302194 0.001162933 0.000055742
1776849923.343149424 0.630617917 -0.038310900 0.231198579 0.011098463 0.987645566 -0.008082051 0.156101644 -3.242043018 0.406526864 -4.893645287 0.000000000 0.000000000 -12.000000000 7.762246132 0.369240671 0.006467134 0.000308056 0.001292303 0.000061896
1776849923.348129988 0.630532742 -0.038320839 0.231172800 0.011097677 0.987646341 -0.008095762 0.156096026 -3.245307922 0.406145394 -4.890559196 0.000000000 0.000000000 -12.000000000 7.766147137 0.367518544 0.006599171 0.000313033 0.001421739 0.000068021
1776849923.353361130 0.630444407 -0.038328901 0.231149316 0.011097071 0.987647951 -0.008107587 0.156085566 -3.248749018 0.405712515 -4.887673378 0.000000000 0.000000000 -12.000000000 7.769907951 0.363588452 0.006731177 0.000316473 0.001551238 0.000074081
1776849923.358116150 0.630318403 -0.038336474 0.231103778 0.011096872 0.987657726 -0.008118248 0.156022891 -3.252415419 0.405213892 -4.885028362 0.000000000 0.000000000 -12.000000000 7.773503304 0.352898329 0.006863132 0.000315228 0.001680796 0.000079962
1776849923.363080978 0.630184829 -0.038343746 0.231049955 0.011096505 0.987669468 -0.008128612 0.155948102 -3.256361723 0.404632956 -4.882667065 0.000000000 0.000000000 -12.000000000 7.778333664 0.344219208 0.006995991 0.000315179 0.001810435 0.000085699
1776849923.368120909 0.630052865 -0.038351461 0.230995506 0.011096729 0.987681508 -0.008138563 0.155871451 -3.260646105 0.403951347 -4.880632401 0.000000000 0.000000000 -12.000000000 7.782827377 0.339506924 0.007128701 0.000317696 0.001940149 0.000091358
1776849923.373160362 0.629910707 -0.038361814 0.230933666 0.011097325 0.987695634 -0.008150568 0.155780926 -3.265327692 0.403148890 -4.878972054 0.000000000 0.000000000 -12.000000000 7.785788059 0.335726738 0.007260438 0.000320771 0.002069912 0.000096953
1776849923.378255367 0.629778743 -0.038372796 0.230877608 0.011097549 0.987707555 -0.008163428 0.155704841 -3.270463228 0.402203977 -4.877735615 0.000000000 0.000000000 -12.000000000 7.784903526 0.332910627 0.007389596 0.000324442 0.002199660 0.000102502
1776849923.383093357 0.629650712 -0.038382463 0.230830431 0.011097475 0.987718165 -0.008175511 0.155636713 -3.276105404 0.401093453 -4.876976013 0.000000000 0.000000000 -12.000000000 7.787258148 0.330553651 0.007520953 0.000328380 0.002329448 0.000108011
1776849923.388298035 0.629526794 -0.038390152 0.230787426 0.011097698 0.987728119 -0.008185745 0.155573145 -3.282300949 0.399792492 -4.876749516 0.000000000 0.000000000 -12.000000000 7.781805515 0.328439057 0.007647015 0.000332444 0.002459145 0.000113485
1776849923.393197060 0.629405737 -0.038392812 0.230741054 0.011098907 0.987738132 -0.008190908 0.155509353 -3.289088726 0.398274660 -4.877116203 0.000000000 0.000000000 -12.000000000 7.788120270 0.326670468 0.007781027 0.000336710 0.002588947 0.000118930
1776849923.398094177 0.629286408 -0.038398713 0.230690956 0.011100095 0.987748563 -0.008198444 0.155442327 -3.296500683 0.396511883 -4.878137589 0.000000000 0.000000000 -12.000000000 7.789276123 0.324913502 0.007911619 0.000340954 0.002718768 0.000124345
1776849923.403220654 0.629161596 -0.038404357 0.230630368 0.011101672 0.987760544 -0.008205274 0.155365691 -3.304560184 0.394474775 -4.879879475 0.000000000 0.000000000 -12.000000000 7.780905724 0.322757304 0.008035720 0.000344896 0.002848450 0.000129724
1776849923.408152103 0.629038393 -0.038416218 0.230570644 0.011102565 0.987772405 -0.008217709 0.155289650 -3.313283443 0.392132759 -4.882409096 0.000000000 0.000000000 -12.000000000 7.755208969 0.320456594 0.008147842 0.000348703 0.002977703 0.000135065
1776849923.413188457 0.628931046 -0.038428783 0.230526924 0.011103788 0.987781763 -0.008230480 0.155229360 -3.322679520 0.389454871 -4.885797501 0.000000000 0.000000000 -12.000000000 7.754356384 0.319284558 0.008276513 0.000353243 0.003106942 0.000140386
1776849923.418411732 0.628819168 -0.038438696 0.230481029 0.011106531 0.987792075 -0.008240014 0.155162916 -3.332750559 0.386410356 -4.890118122 0.000000000 0.000000000 -12.000000000 7.751780510 0.317882359 0.008403992 0.000357606 0.003236138 0.000145684
1776849923.423419237 0.628726363 -0.038444426 0.230451405 0.011110575 0.987798810 -0.008245309 0.155119702 -3.343492270 0.382969469 -4.895445347 0.000000000 0.000000000 -12.000000000 7.749381065 0.317254186 0.008531549 0.000362475 0.003365295 0.000150972
1776849923.428207636 0.628633559 -0.038451709 0.230426669 0.011115286 0.987805426 -0.008251483 0.155076891 -3.354892731 0.379104048 -4.901854515 0.000000000 0.000000000 -12.000000000 7.747934341 0.316545159 0.008659717 0.000367278 0.003494427 0.000156248
1776849923.433313370 0.628524840 -0.038460597 0.230385184 0.011119460 0.987815499 -0.008259117 0.155012071 -3.366937160 0.374788314 -4.909420013 0.000000000 0.000000000 -12.000000000 7.744310379 0.315184116 0.008786373 0.000371624 0.003623499 0.000161501
1776849923.438244343 0.628379643 -0.038466431 0.230309784 0.011124051 0.987833798 -0.008263207 0.154894739 -3.379608870 0.369999170 -4.918215275 0.000000000 0.000000000 -12.000000000 7.743710518 0.312411994 0.008915034 0.000374982 0.003752561 0.000166708
1776849923.443206310 0.628265262 -0.038474690 0.230251312 0.011128388 0.987847209 -0.008269244 0.154808432 -3.392893791 0.364716858 -4.928313255 0.000000000 0.000000000 -12.000000000 7.737366199 0.310950875 0.009039761 0.000379191 0.003881517 0.000171890
1776849923.448312521 0.628137052 -0.038482834 0.230190814 0.011134205 0.987863839 -0.008274050 0.154701501 -3.406781673 0.358925253 -4.939784050 0.000000000 0.000000000 -12.000000000 7.732174873 0.309220105 0.009165170 0.000383191 0.004010386 0.000177044
1776849923.453354836 0.627987504 -0.038490664 0.230121344 0.011139770 0.987884939 -0.008278573 0.154566407 -3.421267509 0.352611780 -4.952699184 0.000000000 0.000000000 -12.000000000 7.715342522 0.306589574 0.009282537 0.000386547 0.004138975 0.000182154
1776849923.458223581 0.627838671 -0.038506340 0.230060339 0.011143007 0.987906158 -0.008291149 0.154429480 -3.436350822 0.345767111 -4.967129230 0.000000000 0.000000000 -12.000000000 7.705242157 0.304270744 0.009404223 0.000390072 0.004267396 0.000187225
1776849923.463098288 0.627675772 -0.038507231 0.229993701 0.011147311 0.987931669 -0.008290136 0.154266253 -3.452034712 0.338384807 -4.983143330 0.000000000 0.000000000 -12.000000000 7.693758011 0.301710725 0.009524797 0.000393394 0.004395625 0.000192253
1776849923.468324184 0.627502441 -0.038519107 0.229920238 0.011150318 0.987960339 -0.008298559 0.154081538 -3.468326569 0.330461264 -5.000812054 0.000000000 0.000000000 -12.000000000 7.669422626 0.298745185 0.009636397 0.000396396 0.004523449 0.000197233
1776849923.473152399 0.627312839 -0.038527653 0.229836762 0.011153423 0.987993777 -0.008303758 0.153866619 -3.485235691 0.321996063 -5.020203590 0.000000000 0.000000000 -12.000000000 7.667007923 0.295691937 0.009762570 0.000399289 0.004651232 0.000202161
1776849923.478202581 0.627112806 -0.038535729 0.229746729 0.011156427 0.988030553 -0.008308063 0.153630048 -3.502773762 0.312992185 -5.041386127 0.000000000 0.000000000 -12.000000000 7.647247314 0.292312831 0.009876851 0.000401908 0.004778686 0.000207033
1776849923.483512878 0.626904011 -0.038534269 0.229649365 0.011161975 0.988070250 -0.008302102 0.153374314 -3.520953178 0.303456575 -5.064426899 0.000000000 0.000000000 -12.000000000 7.630204201 0.288821042 0.009992659 0.000404394 0.004905857 0.000211846
1776849923.488531351 0.626702666 -0.038537972 0.229560465 0.011169099 0.988109052 -0.008299225 0.153123543 -3.539787292 0.293400437 -5.089392662 0.000000000 0.000000000 -12.000000000 7.604047298 0.285595864 0.010101955 0.000407003 0.005032591 0.000216606
1776849923.493172169 0.626515269 -0.038542885 0.229486197 0.011176858 0.988145828 -0.008296976 0.152885601 -3.559289694 0.282839686 -5.116349697 0.000000000 0.000000000 -12.000000000 7.582719803 0.283085257 0.010214116 0.000410048 0.005158969 0.000221324
1776849923.498094320 0.626292646 -0.038540669 0.229399592 0.011184503 0.988190055 -0.008288435 0.152599663 -3.579473257 0.271794707 -5.145363808 0.000000000 0.000000000 -12.000000000 7.571587563 0.279556394 0.010332888 0.000412355 0.005285162 0.000225984
1776849923.503186703 0.626117170 -0.038543925 0.229341328 0.011192335 0.988225400 -0.008284513 0.152370229 -3.600346804 0.260290027 -5.176499844 0.000000000 0.000000000 -12.000000000 7.546715736 0.277608573 0.010442085 0.000415683 0.005410941 0.000230610
1776849923.508125544 0.625948489 -0.038556784 0.229285121 0.011198407 0.988259614 -0.008289841 0.152147323 -3.621911049 0.248353407 -5.209821701 0.000000000 0.000000000 -12.000000000 7.519907951 0.275652200 0.010549545 0.000418973 0.005536273 0.000235205
1776849923.513350487 0.625777543 -0.038555648 0.229228467 0.011203930 0.988294423 -0.008283828 0.151920825 -3.644156694 0.236015096 -5.245390892 0.000000000 0.000000000 -12.000000000 7.519629478 0.273899585 0.010674686 0.000422369 0.005661600 0.000239770
1776849923.518449068 0.625610709 -0.038567618 0.229173154 0.011208826 0.988328278 -0.008289032 0.151699901 -3.667062998 0.223307356 -5.283264637 0.000000000 0.000000000 -12.000000000 7.489421368 0.271805793 0.010779371 0.000425504 0.005786424 0.000244300
1776849923.523126602 0.625459373 -0.038576618 0.229125708 0.011213090 0.988359094 -0.008292514 0.151498616 -3.690597534 0.210263997 -5.323493481 0.000000000 0.000000000 -12.000000000 7.450808525 0.270089328 0.010877809 0.000428861 0.005910604 0.000248801
1776849923.528110743 0.625350475 -0.038592815 0.229094982 0.011215602 0.988381207 -0.008303482 0.151353553 -3.714713812 0.196920201 -5.366121769 0.000000000 0.000000000 -12.000000000 7.411550999 0.269515306 0.010975163 0.000432970 0.006034130 0.000253293
1776849923.533109903 0.625250578 -0.038607936 0.229062855 0.011217329 0.988401115 -0.008314257 0.151222453 -3.739352226 0.183312118 -5.411185265 0.000000000 0.000000000 -12.000000000 7.374695301 0.268948764 0.011073506 0.000437075 0.006157042 0.000257776
1776849923.538285255 0.625167310 -0.038624734 0.229036897 0.011218143 0.988417804 -0.008327175 0.151112884 -3.764438868 0.169476673 -5.458709240 0.000000000 0.000000000 -12.000000000 7.335596561 0.268746763 0.011169699 0.000441419 0.006279301 0.000262255
1776849923.543173313 0.625096560 -0.038641144 0.229015857 0.011218875 0.988431871 -0.008339997 0.151019990 -3.789885044 0.155451104 -5.508706570 0.000000000 0.000000000 -12.000000000 7.312262058 0.268967807 0.011276014 0.000446049 0.006401172 0.000266737
1776849923.548159838 0.625092566 -0.038651496 0.229018062 0.011221479 0.988432705 -0.008346892 0.151013806 -3.815586567 0.141272351 -5.561177254 0.000000000 0.000000000 -12.000000000 7.267278671 0.270902157 0.011367146 0.000451854 0.006522294 0.000271253
1776849923.553214312 0.625088573 -0.038664624 0.229012579 0.011225706 0.988433123 -0.008355087 0.151010245 -3.841424942 0.126976684 -5.616106510 0.000000000 0.000000000 -12.000000000 7.221589088 0.272394478 0.011457046 0.000457389 0.006642654 0.000275792
1776849923.558325529 0.625097513 -0.038675621 0.229012579 0.011230700 0.988431096 -0.008361123 0.151023000 -3.867273331 0.112599142 -5.673462391 0.000000000 0.000000000 -12.000000000 7.173580170 0.274152726 0.011544600 0.000463130 0.006762213 0.000280362
1776849923.563141346 0.625118077 -0.038686901 0.229017764 0.011235430 0.988426864 -0.008367539 0.151049882 -3.892999887 0.098172955 -5.733193398 0.000000000 0.000000000 -12.000000000 7.123261929 0.276143223 0.011629775 0.000469060 0.006880934 0.000284964
1776849923.568399668 0.625136495 -0.038698412 0.229021996 0.011240870 0.988422990 -0.008373657 0.151074573 -3.918471098 0.083728701 -5.795228481 0.000000000 0.000000000 -12.000000000 7.072801113 0.277897924 0.011714014 0.000474861 0.006998814 0.000289596
1776849923.573167562 0.625176132 -0.038709804 0.229035646 0.011246659 0.988414764 -0.008379689 0.151127651 -3.943554401 0.069293454 -5.859476089 0.000000000 0.000000000 -12.000000000 6.997284889 0.279986620 0.011780292 0.000480920 0.007115435 0.000294262
1776849923.578465223 0.625211537 -0.038728606 0.229044944 0.011251046 0.988407135 -0.008392810 0.151176512 -3.968118429 0.054890089 -5.925822258 0.000000000 0.000000000 -12.000000000 6.939884663 0.281863749 0.011857690 0.000486869 0.007231100 0.000298960
1776849923.583353043 0.625253081 -0.038743552 0.229057878 0.011255051 0.988398373 -0.008403174 0.151232734 -3.992033720 0.040536594 -5.994133472 0.000000000 0.000000000 -12.000000000 6.881567001 0.283902138 0.011933504 0.000492960 0.007345793 0.000303692
1776849923.588266850 0.625308871 -0.038757231 0.229074568 0.011257755 0.988386810 -0.008413344 0.151307479 -4.015174389 0.026245708 -6.064254284 0.000000000 0.000000000 -12.000000000 6.820225239 0.286261976 0.012006280 0.000499304 0.007459463 0.000308463
1776849923.593148947 0.625367463 -0.038770355 0.229090601 0.011259343 0.988374531 -0.008423876 0.151386917 -4.037418365 0.012024904 -6.136010170 0.000000000 0.000000000 -12.000000000 6.757066727 0.288584262 0.012076792 0.000505662 0.007572081 0.000313272
1776849923.598143578 0.625420630 -0.038776893 0.229103327 0.011260862 0.988363385 -0.008428909 0.151459292 -4.058647633 -0.002123329 -6.209208012 0.000000000 0.000000000 -12.000000000 6.692242622 0.290662974 0.012145113 0.000511892 0.007683618 0.000318117
1776849923.603182793 0.625447035 -0.038795963 0.229102820 0.011260866 0.988357604 -0.008445146 0.151496112 -4.078752518 -0.016201366 -6.283637047 0.000000000 0.000000000 -12.000000000 6.625926971 0.291732460 0.012211336 0.000517467 0.007794050 0.000322979
1776849923.608176470 0.625474930 -0.038810339 0.229105979 0.011260033 0.988351882 -0.008458000 0.151533008 -4.097633362 -0.030216580 -6.359072685 0.000000000 0.000000000 -12.000000000 6.558303833 0.292989701 0.012275558 0.000523189 0.007903355 0.000327862
1776849923.613398075 0.625488639 -0.038817350 0.229102463 0.011261496 0.988348961 -0.008463004 0.151551723 -4.115202904 -0.044181526 -6.435277462 0.000000000 0.000000000 -12.000000000 6.489578247 0.293848932 0.012337901 0.000528659 0.008011515 0.000332760
1776849923.618372679 0.625487983 -0.038827084 0.229093432 0.011265474 0.988348603 -0.008468437 0.151553169 -4.131388664 -0.058113962 -6.512002468 0.000000000 0.000000000 -12.000000000 6.419965744 0.294224620 0.012398493 0.000533813 0.008118515 0.000337663
1776849923.623117208 0.625482500 -0.038837034 0.229084551 0.011269747 0.988349259 -0.008474006 0.151548326 -4.146135807 -0.072036505 -6.588990688 0.000000000 0.000000000 -12.000000000 6.349697113 0.294538289 0.012457474 0.000538931 0.008224343 0.000342572
1776849923.628099680 0.625476062 -0.038845859 0.229077309 0.011272972 0.988350272 -0.008479240 0.151541457 -4.159405231 -0.085975878 -6.665981293 0.000000000 0.000000000 -12.000000000 6.279009819 0.294936925 0.012514999 0.000544112 0.008328993 0.000347488
1776849923.633088827 0.625469148 -0.038854249 0.229069978 0.011276532 0.988351285 -0.008483882 0.151534036 -4.171176910 -0.099961907 -6.742711067 0.000000000 0.000000000 -12.000000000 6.221948147 0.295508742 0.012580657 0.000549419 0.008432692 0.000352413
1776849923.638112068 0.625460744 -0.038863666 0.229062170 0.011280233 0.988352537 -0.008489297 0.151525497 -4.181445599 -0.114026502 -6.818918705 0.000000000 0.000000000 -12.000000000 6.151319504 0.295921594 0.012636093 0.000554626 0.008535214 0.000357345
1776849923.643188477 0.625453711 -0.038873471 0.229055911 0.011284355 0.988353431 -0.008494790 0.151518807 -4.190222263 -0.128202856 -6.894346714 0.000000000 0.000000000 -12.000000000 6.081004143 0.296030283 0.012690566 0.000559632 0.008636564 0.000362279
1776849923.648360968 0.625447810 -0.038882263 0.229050457 0.011288766 0.988354146 -0.008499319 0.151513621 -4.197529316 -0.142524898 -6.968748093 0.000000000 0.000000000 -12.000000000 6.011242867 0.296197027 0.012744246 0.000564680 0.008736751 0.000367215
1776849923.653138638 0.625440955 -0.038889881 0.229044557 0.011292570 0.988355041 -0.008503197 0.151507303 -4.203402042 -0.157026902 -7.041885853 0.000000000 0.000000000 -12.000000000 5.942272186 0.296341777 0.012797303 0.000569716 0.008835789 0.000372154
1776849923.658537865 0.625433922 -0.038896799 0.229038805 0.011295788 0.988355935 -0.008506857 0.151500940 -4.207884312 -0.171743110 -7.113538265 0.000000000 0.000000000 -12.000000000 5.874313354 0.296491593 0.012849903 0.000574757 0.008933694 0.000377096
1776849923.663140774 0.625435114 -0.038906567 0.229038626 0.011299147 0.988355339 -0.008512872 0.151504591 -4.211025715 -0.186707363 -7.183500290 0.000000000 0.000000000 -12.000000000 5.807577610 0.296899319 0.012902206 0.000579977 0.009030487 0.000382044
1776849923.668548107 0.625428259 -0.038915314 0.229033083 0.011302689 0.988356233 -0.008517891 0.151498020 -4.212880611 -0.201952785 -7.251587868 0.000000000 0.000000000 -12.000000000 5.731862545 0.296833724 0.012947260 0.000584881 0.009126019 0.000386992
1776849923.673490763 0.625424325 -0.038924590 0.229029447 0.011306871 0.988356531 -0.008522946 0.151495323 -4.213504314 -0.217511266 -7.317637444 0.000000000 0.000000000 -12.000000000 5.667925835 0.297009557 0.012999101 0.000589948 0.009220484 0.000391942
1776849923.678410769 0.625418782 -0.038933296 0.229024708 0.011310699 0.988357186 -0.008527721 0.151490495 -4.212954044 -0.233413100 -7.381507397 0.000000000 0.000000000 -12.000000000 5.605718613 0.297130734 0.013051057 0.000594981 0.009313912 0.000396894
1776849923.683389664 0.625412464 -0.038941685 0.229019552 0.011314287 0.988358021 -0.008532403 0.151484758 -4.211285114 -0.249686509 -7.443080425 0.000000000 0.000000000 -12.000000000 5.545367241 0.297280967 0.013103247 0.000600036 0.009406335 0.000401849
1776849923.688318729 0.625407219 -0.038949121 0.229014814 0.011317684 0.988358617 -0.008536391 0.151480198 -4.208552837 -0.266357541 -7.502261639 0.000000000 0.000000000 -12.000000000 5.486975670 0.297412932 0.013155768 0.000605081 0.009497784 0.000406805
1776849923.693426609 0.625402868 -0.038955912 0.229010403 0.011320454 0.988359094 -0.008540327 0.151476786 -4.204810619 -0.283450246 -7.558979511 0.000000000 0.000000000 -12.000000000 5.430628300 0.297570795 0.013208713 0.000610146 0.009588295 0.000411765
1776849923.698593616 0.625397861 -0.038975630 0.229005754 0.011320346 0.988359511 -0.008556970 0.151473016 -4.200113297 -0.300987035 -7.613183498 0.000000000 0.000000000 -12.000000000 5.376385689 0.297531068 0.013262158 0.000615078 0.009677901 0.000416724
1776849923.703437805 0.625394225 -0.038990617 0.229002088 0.011318825 0.988359809 -0.008570765 0.151470587 -4.194515705 -0.318989128 -7.664844513 0.000000000 0.000000000 -12.000000000 5.324291229 0.297565639 0.013316167 0.000620060 0.009766639 0.000421683
1776849923.708426952 0.625390768 -0.039005604 0.228998959 0.011317204 0.988360107 -0.008584462 0.151467949 -4.188074589 -0.337476671 -7.713953972 0.000000000 0.000000000 -12.000000000 5.274367332 0.297600359 0.013370790 0.000625044 0.009854545 0.000426643
1776849923.713388205 0.625389278 -0.039021488 0.228997111 0.011315833 0.988360047 -0.008598752 0.151467517 -4.180847168 -0.356468588 -7.760520935 0.000000000 0.000000000 -12.000000000 5.226621628 0.297655582 0.013426069 0.000630041 0.009941655 0.000431604
1776849923.718237638 0.625389457 -0.039037716 0.228996038 0.011313523 0.988359690 -0.008614093 0.151469037 -4.172894955 -0.375982195 -7.804571629 0.000000000 0.000000000 -12.000000000 5.181044102 0.297733933 0.013482035 0.000635056 0.010028006 0.000436566
1776849923.723648071 0.625389218 -0.039053015 0.228994966 0.011310679 0.988359511 -0.008628952 0.151469946 -4.164281368 -0.396032989 -7.846148968 0.000000000 0.000000000 -12.000000000 5.137611866 0.297787338 0.013538707 0.000640054 0.010113632 0.000441530
1776849923.728248835 0.625387490 -0.039067473 0.228993237 0.011307761 0.988359571 -0.008643090 0.151468873 -4.155072212 -0.416634977 -7.885309696 0.000000000 0.000000000 -12.000000000 5.096287727 0.297788143 0.013596096 0.000645018 0.010198571 0.000446493
1776849923.733171225 0.625385642 -0.039080828 0.228991598 0.011305075 0.988359690 -0.008656195 0.151467547 -4.145336151 -0.437800616 -7.922123432 0.000000000 0.000000000 -12.000000000 5.057025433 0.297781467 0.013654205 0.000649977 0.010282855 0.000451456
1776849923.738452673 0.625383198 -0.039093278 0.228989661 0.011302767 0.988359869 -0.008668284 0.151465699 -4.135144234 -0.459541202 -7.956670761 0.000000000 0.000000000 -12.000000000 5.019766331 0.297746420 0.013713028 0.000654916 0.010366517 0.000456418
1776849923.743343115 0.625380516 -0.039104901 0.228987277 0.011300649 0.988360107 -0.008679518 0.151463687 -4.124567986 -0.481866598 -7.989042282 0.000000000 0.000000000 -12.000000000 4.984443188 0.297573954 0.013772553 0.000659760 0.010449591 0.000461378
1776849923.748210669 0.625376582 -0.039116967 0.228984088 0.011298737 0.988360584 -0.008691005 0.151460215 -4.113680840 -0.504785120 -8.019336700 0.000000000 0.000000000 -12.000000000 4.950983047 0.297440439 0.013832763 0.000664629 0.010532107 0.000466335
1776849923.753166199 0.625372052 -0.039129380 0.228980660 0.011296608 0.988361120 -0.008702924 0.151456118 -4.102556229 -0.528303266 -8.047658920 0.000000000 0.000000000 -12.000000000 4.919305325 0.297267526 0.013893632 0.000669468 0.010614095 0.000471290
1776849923.758161545 0.625367403 -0.039141670 0.228977144 0.011294861 0.988361657 -0.008714494 0.151451990 -4.091266155 -0.552424908 -8.074119568 0.000000000 0.000000000 -12.000000000 4.889325619 0.297075152 0.013955135 0.000674291 0.010695584 0.000476241
1776849923.763119459 0.625362515 -0.039152980 0.228973478 0.011292449 0.988362253 -0.008725666 0.151447698 -4.079880714 -0.577151537 -8.098832130 0.000000000 0.000000000 -12.000000000 4.860953808 0.296889096 0.014017235 0.000679115 0.010776600 0.000481189
1776849923.768146753 0.625357151 -0.039164070 0.228969306 0.011290088 0.988362908 -0.008736691 0.151442826 -4.068468094 -0.602481663 -8.121914864 0.000000000 0.000000000 -12.000000000 4.834097862 0.296591282 0.014079900 0.000683860 0.010857169 0.000486132
1776849923.773095131 0.625351846 -0.039174400 0.228965014 0.011287275 0.988363624 -0.008747322 0.151437879 -4.057092667 -0.628411114 -8.143486023 0.000000000 0.000000000 -12.000000000 4.808661461 0.296385050 0.014143087 0.000688662 0.010937313 0.000491072
1776849923.778102875 0.625346541 -0.039184667 0.228960723 0.011284720 0.988364279 -0.008757656 0.151433021 -4.045814037 -0.654932797 -8.163663864 0.000000000 0.000000000 -12.000000000 4.784550667 0.296162933 0.014206756 0.000693450 0.011017055 0.000496008
1776849923.783086300 0.625336528 -0.039203014 0.228952497 0.011279349 0.988365591 -0.008776802 0.151423797 -4.034688473 -0.682036877 -8.182568550 0.000000000 0.000000000 -12.000000000 4.761666298 0.295771271 0.014270861 0.000698118 0.011096416 0.000500938
1776849923.788158417 0.625336528 -0.039203014 0.228952497 0.011279349 0.988365591 -0.008776802 0.151423797 -4.023766041 -0.709710360 -8.200319290 0.000000000 0.000000000 -12.000000000 4.739909172 0.295752734 0.014335354 0.000703035 0.011175415 0.000505867
1776849923.793168783 0.625331759 -0.039211724 0.228948534 0.011276791 0.988366246 -0.008785919 0.151419342 -4.013092041 -0.737937212 -8.217033386 0.000000000 0.000000000 -12.000000000 4.719182014 0.295635194 0.014400189 0.000707884 0.011254068 0.000510794
1776849923.798141241 0.625327349 -0.039220154 0.228944957 0.011274238 0.988366842 -0.008794795 0.151415244 -4.002707005 -0.766698658 -8.232827187 0.000000000 0.000000000 -12.000000000 4.699384689 0.295425534 0.014465314 0.000712668 0.011332391 0.000515718
1776849923.804765701 0.625323415 -0.039228361 0.228941619 0.011271664 0.988367319 -0.008803434 0.151411593 -3.992644787 -0.795972824 -8.247813225 0.000000000 0.000000000 -12.000000000 4.680422783 0.295092493 0.014530679 0.000717364 0.011410397 0.000520636
1776849923.808385611 0.625319481 -0.039236475 0.228938401 0.011268966 0.988367856 -0.008812095 0.151407957 -3.982934713 -0.825735271 -8.262104034 0.000000000 0.000000000 -12.000000000 4.662195206 0.294824600 0.014596230 0.000722099 0.011488101 0.000525550
1776849923.813369513 0.625316203 -0.039244153 0.228935599 0.011266236 0.988368273 -0.008820421 0.151404932 -3.973601103 -0.855959058 -8.275807381 0.000000000 0.000000000 -12.000000000 4.644610405 0.294600368 0.014661918 0.000726860 0.011565511 0.000530460
1776849923.818223953 0.625313342 -0.039252255 0.228933305 0.011263815 0.988368571 -0.008828870 0.151402459 -3.964664698 -0.886614740 -8.289025307 0.000000000 0.000000000 -12.000000000 4.625737190 0.294272959 0.014726432 0.000731546 0.011642607 0.000535364
1776849923.823379993 0.625310898 -0.039260693 0.228931159 0.011261694 0.988368869 -0.008837393 0.151400223 -3.956142187 -0.917670250 -8.301856041 0.000000000 0.000000000 -12.000000000 4.609111786 0.293997258 0.014792167 0.000736262 0.011719425 0.000540264
1776849923.828410149 0.625308871 -0.039269105 0.228929311 0.011259162 0.988369107 -0.008846249 0.151398599 -3.948046684 -0.949091256 -8.314393044 0.000000000 0.000000000 -12.000000000 4.592866421 0.293717802 0.014857884 0.000740971 0.011795973 0.000545160
1776849923.833196878 0.625306845 -0.039277866 0.228927463 0.011256810 0.988369286 -0.008855190 0.151397064 -3.940389633 -0.980840385 -8.326721191 0.000000000 0.000000000 -12.000000000 4.576925755 0.293502539 0.014923539 0.000745720 0.011872255 0.000550051
1776849923.838462353 0.625304222 -0.039286397 0.228925079 0.011254789 0.988369524 -0.008863805 0.151394814 -3.933179140 -1.012877941 -8.338918686 0.000000000 0.000000000 -12.000000000 4.561220169 0.293157727 0.014989089 0.000750376 0.011948275 0.000554937
1776849923.843164206 0.625301242 -0.039294563 0.228922546 0.011252933 0.988369882 -0.008871901 0.151392296 -3.926421642 -1.045161128 -8.351056099 0.000000000 0.000000000 -12.000000000 4.545684814 0.292798847 0.015054493 0.000755016 0.012024037 0.000559817
1776849923.848362684 0.625297785 -0.039304126 0.228919715 0.011250963 0.988370299 -0.008881321 0.151389256 -3.920122147 -1.077644944 -8.363195419 0.000000000 0.000000000 -12.000000000 4.530266762 0.292161494 0.015119718 0.000759461 0.012099541 0.000564687
1776849923.853143454 0.625293791 -0.039313078 0.228916556 0.011249112 0.988370776 -0.008890163 0.151385695 -3.914282322 -1.110281944 -8.375391006 0.000000000 0.000000000 -12.000000000 4.514915943 0.291729689 0.015184734 0.000764035 0.012174790 0.000569549
1776849923.858175039 0.625289738 -0.039322525 0.228913248 0.011247388 0.988371313 -0.008899289 0.151381969 -3.908902884 -1.143022060 -8.387688637 0.000000000 0.000000000 -12.000000000 4.499593735 0.291267633 0.015249511 0.000768582 0.012249783 0.000574403
1776849923.863136530 0.625285566 -0.039332796 0.228909940 0.011245840 0.988371789 -0.008908979 0.151378244 -3.903980732 -1.175813794 -8.400124550 0.000000000 0.000000000 -12.000000000 4.484265327 0.290577233 0.015314030 0.000772964 0.012324520 0.000579246
1776849923.868195772 0.625281394 -0.039343052 0.228906751 0.011244237 0.988372266 -0.008918748 0.151374474 -3.899510860 -1.208604097 -8.412728310 0.000000000 0.000000000 -12.000000000 4.468905926 0.290292263 0.015378272 0.000777612 0.012399002 0.000584084
1776849923.873129845 0.625277400 -0.039353341 0.228903562 0.011242802 0.988372803 -0.008928405 0.151370808 -3.895484924 -1.241339207 -8.425523758 0.000000000 0.000000000 -12.000000000 4.453494072 0.289779156 0.015442222 0.000782100 0.012473227 0.000588914
1776849923.878108263 0.625273645 -0.039363176 0.228900641 0.011241322 0.988373220 -0.008937709 0.151367366 -3.891891241 -1.273965001 -8.438526154 0.000000000 0.000000000 -12.000000000 4.438014030 0.289280117 0.015505869 0.000786589 0.012547193 0.000593735
1776849923.883153439 0.625270069 -0.039372463 0.228897840 0.011239820 0.988373697 -0.008946561 0.151364043 -3.888715267 -1.306427956 -8.451747894 0.000000000 0.000000000 -12.000000000 4.422452450 0.288792819 0.015569203 0.000791077 0.012620901 0.000598549
1776849923.888080120 0.625266671 -0.039381038 0.228895128 0.011238147 0.988374114 -0.008954913 0.151360899 -3.885938883 -1.338675737 -8.465195656 0.000000000 0.000000000 -12.000000000 4.406802654 0.288323581 0.015632216 0.000795570 0.012694348 0.000603354
1776849923.893162489 0.625263572 -0.039389014 0.228892773 0.011236780 0.988374472 -0.008962572 0.151358157 -3.883540869 -1.370658040 -8.478872299 0.000000000 0.000000000 -12.000000000 4.391058922 0.287862718 0.015694905 0.000800060 0.012767532 0.000608152
1776849923.898544788 0.625261068 -0.039396331 0.228890747 0.011235501 0.988374770 -0.008969647 0.151355907 -3.881497145 -1.402326584 -8.492777824 0.000000000 0.000000000 -12.000000000 4.375216007 0.287419230 0.015757263 0.000804555 0.012840453 0.000612942
1776849923.903116703 0.625258744 -0.039403155 0.228888869 0.011234316 0.988375068 -0.008976185 0.151353717 -3.879781485 -1.433636427 -8.506908417 0.000000000 0.000000000 -12.000000000 4.359273911 0.286976993 0.015819289 0.000809043 0.012913107 0.000617725
1776849923.908431768 0.625256717 -0.039409954 0.228887260 0.011233403 0.988375247 -0.008982537 0.151352093 -3.878366232 -1.464545727 -8.521260262 0.000000000 0.000000000 -12.000000000 4.343230724 0.286519170 0.015880981 0.000813513 0.012985494 0.000622500
1776849923.913182974 0.625254989 -0.039416619 0.228885829 0.011232622 0.988375485 -0.008988679 0.151350513 -3.877222300 -1.495016098 -8.535824776 0.000000000 0.000000000 -12.000000000 4.327088833 0.286052734 0.015942339 0.000817969 0.013057612 0.000627268
1776849923.918233156 0.625253320 -0.039423399 0.228884608 0.011232227 0.988375604 -0.008994653 0.151349083 -3.876320839 -1.525012493 -8.550589561 0.000000000 0.000000000 -12.000000000 4.310853481 0.285563797 0.016003363 0.000822403 0.013129460 0.000632027
1776849923.923221588 0.625251830 -0.039430782 0.228883415 0.011232208 0.988375783 -0.009000873 0.151347861 -3.875632524 -1.554503918 -8.565542221 0.000000000 0.000000000 -12.000000000 4.294531345 0.285035014 0.016064057 0.000826801 0.013201036 0.000636778
1776849923.928160429 0.625249922 -0.039438672 0.228882074 0.011232502 0.988375962 -0.009007321 0.151346296 -3.875129223 -1.583462119 -8.580666542 0.000000000 0.000000000 -12.000000000 4.278130531 0.284468830 0.016124424 0.000831165 0.013272338 0.000641519
1776849923.933317900 0.625247896 -0.039446913 0.228880525 0.011232953 0.988376141 -0.009013964 0.151344553 -3.874783039 -1.611861944 -8.595944405 0.000000000 0.000000000 -12.000000000 4.261662006 0.283877611 0.016184473 0.000835502 0.013343365 0.000646250
1776849923.938394070 0.625245631 -0.039455757 0.228878796 0.011233790 0.988376379 -0.009020896 0.151342601 -3.874567986 -1.639681220 -8.611351967 0.000000000 0.000000000 -12.000000000 4.245142937 0.283252954 0.016244212 0.000839806 0.013414118 0.000650971
1776849923.943157434 0.625243187 -0.039464924 0.228877038 0.011234972 0.988376617 -0.009027835 0.151340574 -3.874458551 -1.666899920 -8.626866341 0.000000000 0.000000000 -12.000000000 4.228589535 0.282604575 0.016303655 0.000844084 0.013484594 0.000655681
1776849923.948130846 0.625240326 -0.039474308 0.228875011 0.011236235 0.988376915 -0.009034856 0.151338086 -3.874430656 -1.693500161 -8.642458916 0.000000000 0.000000000 -12.000000000 4.212021828 0.281538129 0.016362809 0.000848065 0.013554795 0.000660373
1776849923.953224897 0.625237405 -0.039483681 0.228872776 0.011237906 0.988377213 -0.009041643 0.151335552 -3.874461651 -1.719466567 -8.658102989 0.000000000 0.000000000 -12.000000000 4.195461750 0.280860096 0.016421694 0.000852294 0.013624719 0.000665054
1776849923.958379745 0.625234544 -0.039493058 0.228870660 0.011239585 0.988377512 -0.009048413 0.151333079 -3.874529600 -1.744785786 -8.673766136 0.000000000 0.000000000 -12.000000000 4.178934097 0.280181885 0.016480325 0.000856512 0.013694368 0.000669724
1776849923.963197708 0.625231504 -0.039502226 0.228868365 0.011241550 0.988377869 -0.009054848 0.151330352 -3.874614000 -1.769446731 -8.689418793 0.000000000 0.000000000 -12.000000000 4.162461281 0.279504508 0.016538717 0.000860719 0.013763743 0.000674382
1776849923.968570709 0.625228763 -0.039511379 0.228866339 0.011243557 0.988378108 -0.009061203 0.151328042 -3.874694586 -1.793440461 -8.705026627 0.000000000 0.000000000 -12.000000000 4.146071434 0.278322011 0.016596891 0.000864569 0.013832844 0.000679021
1776849923.973313808 0.625226140 -0.039520424 0.228864402 0.011245713 0.988378406 -0.009067382 0.151325792 -3.874751568 -1.816760540 -8.720559120 0.000000000 0.000000000 -12.000000000 4.129788399 0.277367026 0.016654866 0.000868555 0.013901673 0.000683644
1776849923.978388548 0.625223637 -0.039529074 0.228862524 0.011248046 0.988378644 -0.009073090 0.151323602 -3.874766111 -1.839402914 -8.735982895 0.000000000 0.000000000 -12.000000000 4.113640308 0.276425302 0.016712660 0.000872535 0.013970234 0.000688251
1776849923.983118534 0.625221133 -0.039537303 0.228860706 0.011250389 0.988378882 -0.009078449 0.151321471 -3.874719620 -1.861366034 -8.751269341 0.000000000 0.000000000 -12.000000000 4.097647190 0.275496930 0.016770292 0.000876507 0.014038527 0.000692843
1776849923.988370657 0.625218987 -0.039545335 0.228859156 0.011252849 0.988379061 -0.009083582 0.151319653 -3.874593735 -1.882651448 -8.766386032 0.000000000 0.000000000 -12.000000000 4.081836700 0.274573952 0.016827783 0.000880468 0.014106558 0.000697419
1776849923.993526459 0.625216961 -0.039553147 0.228857666 0.011255520 0.988379300 -0.009088363 0.151317924 -3.874371767 -1.903263330 -8.781307220 0.000000000 0.000000000 -12.000000000 4.066226482 0.273554653 0.016885146 0.000884348 0.014174328 0.000701978
1776849923.998711824 0.625214934 -0.039561536 0.228856236 0.011258767 0.988379478 -0.009093236 0.151316240 -3.874037027 -1.923209071 -8.796004295 0.000000000 0.000000000 -12.000000000 4.050840855 0.272600532 0.016942404 0.000888255 0.014241843 0.000706521
1776849924.003371000 0.625213027 -0.039570116 0.228854895 0.011262145 0.988379598 -0.009098186 0.151314676 -3.873574972 -1.942498684 -8.810455322 0.000000000 0.000000000 -12.000000000 4.035693169 0.271637142 0.016999567 0.000892140 0.014309105 0.000711049
1776849924.008590460 0.625211060 -0.039579108 0.228853554 0.011266228 0.988379776 -0.009103048 0.151313052 -3.872971773 -1.961144805 -8.824636459 0.000000000 0.000000000 -12.000000000 4.020803928 0.270648599 0.017056653 0.000895992 0.014376118 0.000715559
1776849924.013412237 0.625208855 -0.039588366 0.228851974 0.011270610 0.988379955 -0.009107863 0.151311293 -3.872215509 -1.979162455 -8.838528633 0.000000000 0.000000000 -12.000000000 4.006186962 0.269645393 0.017113680 0.000899817 0.014442888 0.000720054
1776849924.018122196 0.625206470 -0.039598446 0.228850305 0.011275630 0.988380134 -0.009112974 0.151309416 -3.871295691 -1.996568799 -8.852114677 0.000000000 0.000000000 -12.000000000 3.991852760 0.268605381 0.017170655 0.000903601 0.014509419 0.000724530
1776849924.023236752 0.625203669 -0.039609049 0.228848398 0.011281247 0.988380373 -0.009118124 0.151307076 -3.870203733 -2.013382912 -8.865376472 0.000000000 0.000000000 -12.000000000 3.977817059 0.267869949 0.017227594 0.000907575 0.014575716 0.000728995
1776849924.028587103 0.625201166 -0.039620116 0.228846550 0.011287246 0.988380551 -0.009123432 0.151305094 -3.868932962 -2.029625177 -8.878300667 0.000000000 0.000000000 -12.000000000 3.964087963 0.266798377 0.017284509 0.000911307 0.014641784 0.000733441
1776849924.033098698 0.625198126 -0.039631534 0.228844434 0.011293628 0.988380790 -0.009128747 0.151302621 -3.867477894 -2.045317411 -8.890873909 0.000000000 0.000000000 -12.000000000 3.950676918 0.265204847 0.017341413 0.000914665 0.014707629 0.000737862
1776849924.038105488 0.625195086 -0.039643079 0.228842288 0.011300137 0.988381088 -0.009134087 0.151300162 -3.865835667 -2.060482502 -8.903085709 0.000000000 0.000000000 -12.000000000 3.937590599 0.264120519 0.017398316 0.000918344 0.014773255 0.000742264
1776849924.043401957 0.625191748 -0.039655101 0.228839904 0.011306982 0.988381326 -0.009139620 0.151297465 -3.864004135 -2.075144053 -8.914927483 0.000000000 0.000000000 -12.000000000 3.924834251 0.263021022 0.017455226 0.000921995 0.014838669 0.000746647
1776849924.048394680 0.625188231 -0.039667279 0.228837311 0.011314220 0.988381684 -0.009145002 0.151294529 -3.861982584 -2.089325190 -8.926389694 0.000000000 0.000000000 -12.000000000 3.912417412 0.262040794 0.017512154 0.000925708 0.014903876 0.000751015
1776849924.053379297 0.625184536 -0.039679166 0.228834659 0.011321346 0.988381982 -0.009150176 0.151291460 -3.859771729 -2.103050470 -8.937467575 0.000000000 0.000000000 -12.000000000 3.900341034 0.260957420 0.017569110 0.000929335 0.014968881 0.000755364
1776849924.058450460 0.625180960 -0.039690595 0.228831887 0.011328329 0.988382339 -0.009155119 0.151288509 -3.857373714 -2.116343260 -8.948157310 0.000000000 0.000000000 -12.000000000 3.888610840 0.259902447 0.017626099 0.000932964 0.015033691 0.000759696
1776849924.063478708 0.625177205 -0.039702006 0.228829056 0.011335447 0.988382697 -0.009159939 0.151285380 -3.854791403 -2.129227638 -8.958458900 0.000000000 0.000000000 -12.000000000 3.854752064 0.258283734 0.017667770 0.000936189 0.015097937 0.000764000
1776849924.068480492 0.625173211 -0.039713219 0.228826016 0.011342659 0.988383055 -0.009164541 0.151282057 -3.852029085 -2.141727448 -8.968373299 0.000000000 0.000000000 -12.000000000 3.843659401 0.256796122 0.017724438 0.000939478 0.015161998 0.000768280
1776849924.073090315 0.625169218 -0.039724652 0.228822947 0.011350160 0.988383472 -0.009169125 0.151278749 -3.849091291 -2.153866053 -8.977905273 0.000000000 0.000000000 -12.000000000 3.832907200 0.255737007 0.017781151 0.000943034 0.015225880 0.000772542
1776849924.078175068 0.625164986 -0.039735951 0.228819758 0.011357663 0.988383889 -0.009173658 0.151275158 -3.845984936 -2.165667295 -8.987061501 0.000000000 0.000000000 -12.000000000 3.822489738 0.254686087 0.017837914 0.000946578 0.015289588 0.000776787
1776849924.083087444 0.625160694 -0.039747145 0.228816360 0.011365056 0.988384306 -0.009178112 0.151271522 -3.842716455 -2.177154303 -8.995851517 0.000000000 0.000000000 -12.000000000 3.837440014 0.254028648 0.017911838 0.000950373 0.015353546 0.000781021
1776849924.088137388 0.625156224 -0.039758414 0.228813112 0.011372346 0.988384783 -0.009182685 0.151267633 -3.839293957 -2.188350201 -9.004289627 0.000000000 0.000000000 -12.000000000 3.827667236 0.252980977 0.017969118 0.000953891 0.015417340 0.000785237
1776849924.093177080 0.625146747 -0.039772715 0.228806257 0.011379008 0.988386095 -0.009190229 0.151257902 -3.835725784 -2.199278116 -9.012390137 0.000000000 0.000000000 -12.000000000 3.818192482 0.252286136 0.018026438 0.000957633 0.015480977 0.000789442
1776849924.098122358 0.625142455 -0.039784800 0.228802323 0.011385474 0.988386452 -0.009196102 0.151254728 -3.832021236 -2.209960461 -9.020172119 0.000000000 0.000000000 -12.000000000 3.808999538 0.251236677 0.018083794 0.000961121 0.015544460 0.000793629
1776849924.103103161 0.625136375 -0.039796177 0.228797406 0.011391747 0.988387167 -0.009201438 0.151249364 -3.828189850 -2.220419407 -9.027658463 0.000000000 0.000000000 -12.000000000 3.800065994 0.249737948 0.018141173 0.000964284 0.015607795 0.000797792
1776849924.108139992 0.625130296 -0.039806973 0.228792429 0.011397797 0.988387823 -0.009206495 0.151244149 -3.824242353 -2.230676651 -9.034872055 0.000000000 0.000000000 -12.000000000 3.791372299 0.248729214 0.018198567 0.000967757 0.015670985 0.000801937
1776849924.113262415 0.625137746 -0.039817333 0.228794962 0.011403578 0.988386035 -0.009211424 0.151255429 -3.820189714 -2.240752935 -9.041842461 0.000000000 0.000000000 -12.000000000 3.782891273 0.247793868 0.018255960 0.000971263 0.015734034 0.000806067
1776849924.118166447 0.625134349 -0.039827779 0.228790998 0.011409480 0.988386273 -0.009216188 0.151253030 -3.816044092 -2.250668287 -9.048597336 0.000000000 0.000000000 -12.000000000 3.774601936 0.246027946 0.018313346 0.000974186 0.015796944 0.000810168
1776849924.123223782 0.625133157 -0.039837707 0.228789032 0.011415360 0.988386095 -0.009220643 0.151253328 -3.811817408 -2.260441542 -9.055167198 0.000000000 0.000000000 -12.000000000 3.766473770 0.245047718 0.018370703 0.000977617 0.015859719 0.000814252
1776849924.128152609 0.625132740 -0.039847460 0.228787959 0.011420983 0.988385856 -0.009225115 0.151254177 -3.807522297 -2.270090103 -9.061584473 0.000000000 0.000000000 -12.000000000 3.758481026 0.244074807 0.018428015 0.000981036 0.015922360 0.000818320
1776849924.133169174 0.625132322 -0.039856505 0.228786379 0.011426087 0.988385677 -0.009229273 0.151254877 -3.803170681 -2.279630184 -9.067880630 0.000000000 0.000000000 -12.000000000 3.750593185 0.243125185 0.018485267 0.000984455 0.015984870 0.000822372
1776849924.139141798 0.625131488 -0.039864983 0.228784949 0.011431064 0.988385499 -0.009233117 0.151255250 -3.798774004 -2.289076567 -9.074089050 0.000000000 0.000000000 -12.000000000 3.742782593 0.242186561 0.018542439 0.000987866 0.016047250 0.000826408
1776849924.143161058 0.625130594 -0.039873060 0.228783399 0.011435554 0.988385379 -0.009236890 0.151255399 -3.794342995 -2.298442125 -9.080241203 0.000000000 0.000000000 -12.000000000 3.735020638 0.241125360 0.018599514 0.000991177 0.016109500 0.000830427
1776849924.148145437 0.625130177 -0.039881170 0.228782177 0.011440158 0.988385201 -0.009240646 0.151256159 -3.789888144 -2.307738781 -9.086367607 0.000000000 0.000000000 -12.000000000 3.727281570 0.240183443 0.018656475 0.000994552 0.016171621 0.000834430
1776849924.153477430 0.625129282 -0.039888900 0.228780597 0.011444414 0.988385081 -0.009244323 0.151256397 -3.785418987 -2.316976786 -9.092499733 0.000000000 0.000000000 -12.000000000 3.719537258 0.239250213 0.018713305 0.000997918 0.016233614 0.000838418
1776849924.158508062 0.625129104 -0.039896101 0.228779197 0.011448396 0.988384843 -0.009247743 0.151257366 -3.780944824 -2.326164722 -9.098664284 0.000000000 0.000000000 -12.000000000 3.711762428 0.238334030 0.018769983 0.001001279 0.016295476 0.000842390
1776849924.163392782 0.625129998 -0.039902564 0.228778422 0.011451867 0.988384426 -0.009250863 0.151259705 -3.776473522 -2.335310221 -9.104888916 0.000000000 0.000000000 -12.000000000 3.703935623 0.237442881 0.018826498 0.001004642 0.016357208 0.000846347
1776849924.168188334 0.625130832 -0.039908960 0.228777200 0.011455454 0.988384008 -0.009253857 0.151262030 -3.772013187 -2.344419003 -9.111197472 0.000000000 0.000000000 -12.000000000 3.696033001 0.236540213 0.018882832 0.001007983 0.016418809 0.000850289
1776849924.173138618 0.625131667 -0.039915230 0.228775948 0.011459172 0.988383591 -0.009256715 0.151264444 -3.767570496 -2.353496552 -9.117611885 0.000000000 0.000000000 -12.000000000 3.688035488 0.235630468 0.018938966 0.001011304 0.016480276 0.000854217
1776849924.178202391 0.625132263 -0.039921366 0.228774428 0.011462678 0.988383114 -0.009259537 0.151266798 -3.763152361 -2.362546921 -9.124152184 0.000000000 0.000000000 -12.000000000 3.679927826 0.234717980 0.018994894 0.001014607 0.016541608 0.000858129
1776849924.183211565 0.625132263 -0.039927196 0.228772789 0.011465901 0.988382816 -0.009262277 0.151268303 -3.758764505 -2.371573687 -9.130837440 0.000000000 0.000000000 -12.000000000 3.671690941 0.233810380 0.019050598 0.001017899 0.016602803 0.000862025
1776849924.188516140 0.625131845 -0.039933052 0.228770941 0.011469117 0.988382638 -0.009265075 0.151269183 -3.754411459 -2.380579233 -9.137681007 0.000000000 0.000000000 -12.000000000 3.666445255 0.232693002 0.019108208 0.001021032 0.016663911 0.000865904
1776849924.193392038 0.625131130 -0.039938696 0.228768855 0.011472061 0.988382518 -0.009267920 0.151269704 -3.750097990 -2.389565229 -9.144697189 0.000000000 0.000000000 -12.000000000 3.657887936 0.231783450 0.019163467 0.001024289 0.016724875 0.000869767
1776849924.198533058 0.625129998 -0.039944164 0.228766799 0.011474812 0.988382459 -0.009270703 0.151269764 -3.745827675 -2.398532391 -9.151895523 0.000000000 0.000000000 -12.000000000 3.649170876 0.230874419 0.019218475 0.001027531 0.016785694 0.000873615
1776849924.203136921 0.625128925 -0.039949328 0.228764534 0.011477266 0.988382339 -0.009273374 0.151270002 -3.741603374 -2.407480240 -9.159284592 0.000000000 0.000000000 -12.000000000 3.640284538 0.229974210 0.019273223 0.001030764 0.016846366 0.000877447
1776849924.208364248 0.625128567 -0.039954137 0.228762239 0.011479744 0.988382161 -0.009275851 0.151271045 -3.737427950 -2.416406631 -9.166870117 0.000000000 0.000000000 -12.000000000 3.631228447 0.229085982 0.019327706 0.001033990 0.016906887 0.000881266
1776849924.213114500 0.625128806 -0.039958954 0.228760034 0.011481824 0.988381743 -0.009278535 0.151273295 -3.733302832 -2.425309181 -9.174655914 0.000000000 0.000000000 -12.000000000 3.621996880 0.228193402 0.019381918 0.001037198 0.016967254 0.000885069
1776849924.218545914 0.625137210 -0.039965756 0.228761494 0.011483517 0.988379776 -0.009283219 0.151285812 -3.729228497 -2.434183359 -9.182641983 0.000000000 0.000000000 -12.000000000 3.612591743 0.227239788 0.019435858 0.001040349 0.017027464 0.000888856
1776849924.223415852 0.625142395 -0.039971117 0.228760302 0.011485096 0.988378346 -0.009286734 0.151294693 -3.725203753 -2.443025351 -9.190830231 0.000000000 0.000000000 -12.000000000 3.603009224 0.226458505 0.019489519 0.001043603 0.017087514 0.000892630
1776849924.228391409 0.625148654 -0.039976340 0.228759497 0.011486542 0.988376677 -0.009290266 0.151305124 -3.721225977 -2.451829910 -9.199216843 0.000000000 0.000000000 -12.000000000 3.593255043 0.225552708 0.019542905 0.001046758 0.017147401 0.000896390
1776849924.233357430 0.625155985 -0.039981533 0.228759259 0.011487981 0.988374889 -0.009293849 0.151316717 -3.717290640 -2.460592031 -9.207800865 0.000000000 0.000000000 -12.000000000 3.583326817 0.224646196 0.019596009 0.001049898 0.017207123 0.000900134
1776849924.238171339 0.625162303 -0.039986640 0.228758454 0.011488811 0.988373220 -0.009297698 0.151327103 -3.713392496 -2.469307423 -9.216578484 0.000000000 0.000000000 -12.000000000 3.573227882 0.223739639 0.019648829 0.001053023 0.017266678 0.000903863
1776849924.243426561 0.625171185 -0.039991431 0.228758007 0.011489421 0.988371015 -0.009301422 0.151341274 -3.709523678 -2.477971554 -9.225543976 0.000000000 0.000000000 -12.000000000 3.562960625 0.222843945 0.019701367 0.001056139 0.017326061 0.000907577
1776849924.248228073 0.625183403 -0.039995965 0.228758186 0.011489830 0.988368094 -0.009305165 0.151360035 -3.705675125 -2.486580610 -9.234694481 0.000000000 0.000000000 -12.000000000 3.528746605 0.221177816 0.019737372 0.001058715 0.017384874 0.000911263
1776849924.253427744 0.625198126 -0.040000118 0.228758335 0.011489763 0.988364637 -0.009308893 0.151382521 -3.701835632 -2.495131969 -9.244023323 0.000000000 0.000000000 -12.000000000 3.518143654 0.220300719 0.019788940 0.001061802 0.017443510 0.000914935
1776849924.258125067 0.625213802 -0.040004045 0.228758216 0.011489662 0.988360941 -0.009312501 0.151406601 -3.697992086 -2.503623962 -9.253527641 0.000000000 0.000000000 -12.000000000 3.507375240 0.219421983 0.019840214 0.001064873 0.017501965 0.000918592
1776849924.263185263 0.625230789 -0.040008038 0.228758156 0.011489194 0.988356888 -0.009316417 0.151432738 -3.694130182 -2.512056112 -9.263202667 0.000000000 0.000000000 -12.000000000 3.496441364 0.218535066 0.019891201 0.001067924 0.017560240 0.000922234
1776849924.268101454 0.625246882 -0.040012073 0.228757441 0.011488700 0.988353014 -0.009320383 0.151457861 -3.690234184 -2.520429134 -9.273044586 0.000000000 0.000000000 -12.000000000 3.485344410 0.217636243 0.019941891 0.001070952 0.017618328 0.000925861
1776849924.273154497 0.625262141 -0.040015727 0.228756160 0.011488016 0.988349259 -0.009324165 0.151481971 -3.686288834 -2.528745651 -9.283051491 0.000000000 0.000000000 -12.000000000 3.474077702 0.216747418 0.019992283 0.001073972 0.017676231 0.000929474
1776849924.278214455 0.625257432 -0.040020026 0.228745341 0.011487371 0.988349378 -0.009328384 0.151481047 -3.682281017 -2.537009716 -9.293220520 0.000000000 0.000000000 -12.000000000 3.462642670 0.215824217 0.020042369 0.001076954 0.017733941 0.000933071
1776849924.283457279 0.625252604 -0.040023819 0.228737444 0.011486339 0.988349676 -0.009332339 0.151478991 -3.678201437 -2.545226336 -9.303549767 0.000000000 0.000000000 -12.000000000 3.451037407 0.214926898 0.020092148 0.001079938 0.017791457 0.000936653
1776849924.288170815 0.625244379 -0.040027451 0.228728920 0.011485321 0.988350749 -0.009336144 0.151471972 -3.674044847 -2.553402185 -9.314036369 0.000000000 0.000000000 -12.000000000 3.439262390 0.214039385 0.020141620 0.001082913 0.017848779 0.000940220
1776849924.293424606 0.625234425 -0.040031299 0.228719503 0.011484392 0.988352060 -0.009340106 0.151462972 -3.669811249 -2.561544657 -9.324681282 0.000000000 0.000000000 -12.000000000 3.427316666 0.213428646 0.020190779 0.001086063 0.017905900 0.000943777
1776849924.298192739 0.625223875 -0.040036205 0.228709936 0.011482997 0.988353491 -0.009345188 0.151453391 -3.665506124 -2.569660425 -9.335482597 0.000000000 0.000000000 -12.000000000 3.415202141 0.212503687 0.020239621 0.001088988 0.017962821 0.000947319
1776849924.303393126 0.625212789 -0.040041652 0.228699803 0.011482108 0.988355041 -0.009350457 0.151443243 -3.661139965 -2.577756405 -9.346443176 0.000000000 0.000000000 -12.000000000 3.402919769 0.211562380 0.020288149 0.001091887 0.018019537 0.000950845
1776849924.308973789 0.625201344 -0.040048137 0.228689402 0.011482357 0.988356590 -0.009355824 0.151432872 -3.656728506 -2.585837126 -9.357563019 0.000000000 0.000000000 -12.000000000 3.411686897 0.210951328 0.020350855 0.001094995 0.018076397 0.000954361
1776849924.313502550 0.625189781 -0.040054917 0.228679061 0.011483204 0.988358140 -0.009361014 0.151422292 -3.652290583 -2.593906164 -9.368848801 0.000000000 0.000000000 -12.000000000 3.399082184 0.209965810 0.020399103 0.001097838 0.018133048 0.000957860
1776849924.318483829 0.625179052 -0.040060416 0.228669286 0.011484070 0.988359571 -0.009365124 0.151412413 -3.647849798 -2.601965189 -9.380309105 0.000000000 0.000000000 -12.000000000 3.386310577 0.209044740 0.020447027 0.001100708 0.018189486 0.000961345
1776849924.323572874 0.625169098 -0.040065162 0.228660107 0.011484750 0.988360941 -0.009368706 0.151403397 -3.643430948 -2.610014439 -9.391956329 0.000000000 0.000000000 -12.000000000 3.373368263 0.208161235 0.020494621 0.001103588 0.018245708 0.000964814
1776849924.328394651 0.625148416 -0.040073898 0.228641450 0.011486909 0.988363743 -0.009374714 0.151384622 -3.639060259 -2.618052959 -9.403811455 0.000000000 0.000000000 -12.000000000 3.360239983 0.207245827 0.020541873 0.001106432 0.018301712 0.000968268
1776849924.333402157 0.625148416 -0.040073898 0.228641450 0.011486909 0.988363743 -0.009374714 0.151384622 -3.634763479 -2.626079082 -9.415898323 0.000000000 0.000000000 -12.000000000 3.346914291 0.206419349 0.020588771 0.001109321 0.018357495 0.000971708
1776849924.338175535 0.625151217 -0.040077604 0.228639215 0.011487979 0.988362610 -0.009377207 0.151391566 -3.630564451 -2.634089470 -9.428250313 0.000000000 0.000000000 -12.000000000 3.333365440 0.205580696 0.020635294 0.001112188 0.018413050 0.000975135
1776849924.343506336 0.625148773 -0.040081326 0.228633076 0.011489216 0.988362551 -0.009379673 0.151391774 -3.626484156 -2.642081261 -9.440903664 0.000000000 0.000000000 -12.000000000 3.319563866 0.204735607 0.020681418 0.001115037 0.018468376 0.000978547
1776849924.348155022 0.625151157 -0.040086955 0.228626221 0.011490597 0.988361180 -0.009383671 0.151400402 -3.622540951 -2.650049925 -9.453904152 0.000000000 0.000000000 -12.000000000 3.305472374 0.203817084 0.020727117 0.001117822 0.018523468 0.000981944
1776849924.353465319 0.625151157 -0.040086955 0.228626221 0.011490597 0.988361180 -0.009383671 0.151400402 -3.618749619 -2.657991648 -9.467297554 0.000000000 0.000000000 -12.000000000 3.291052818 0.202997074 0.020772355 0.001120659 0.018578319 0.000985327
1776849924.358175993 0.625154257 -0.040088963 0.228624016 0.011490889 0.988360226 -0.009385258 0.151406601 -3.615122795 -2.665901899 -9.481137276 0.000000000 0.000000000 -12.000000000 3.276256561 0.202205926 0.020817094 0.001123501 0.018632922 0.000988697
1776849924.363393068 0.625157714 -0.040091071 0.228622139 0.011491477 0.988359153 -0.009386748 0.151413321 -3.611670017 -2.673776150 -9.495472908 0.000000000 0.000000000 -12.000000000 3.261040688 0.201396495 0.020861300 0.001126318 0.018687272 0.000992054
1776849924.368246078 0.625162303 -0.040093556 0.228620797 0.011492121 0.988357961 -0.009388497 0.151421085 -3.608400345 -2.681610823 -9.510358810 0.000000000 0.000000000 -12.000000000 3.245354652 0.200565591 0.020904932 0.001129107 0.018741362 0.000995397
1776849924.373602629 0.625167966 -0.040096413 0.228619993 0.011492993 0.988356531 -0.009390403 0.151430354 -3.605320692 -2.689401865 -9.525845528 0.000000000 0.000000000 -12.000000000 3.229154587 0.200501174 0.020947952 0.001132406 0.018795181 0.000998738
1776849924.378450155 0.625173330 -0.040099666 0.228619218 0.011494194 0.988355100 -0.009392370 0.151439264 -3.602438450 -2.697145939 -9.541979790 0.000000000 0.000000000 -12.000000000 3.212395668 0.199940726 0.020990318 0.001135365 0.018848721 0.001002071
1776849924.383428574 0.625178874 -0.040103085 0.228618592 0.011495467 0.988353670 -0.009394515 0.151448250 -3.599760771 -2.704840660 -9.558804512 0.000000000 0.000000000 -12.000000000 3.195042610 0.199149162 0.021032000 0.001138156 0.018901972 0.001005390
1776849924.388168573 0.625183940 -0.040106088 0.228617936 0.011496763 0.988352418 -0.009396264 0.151456431 -3.597295046 -2.712484360 -9.576358795 0.000000000 0.000000000 -12.000000000 3.177057266 0.198065847 0.021072961 0.001140735 0.018954923 0.001008691
1776849924.393353462 0.625187933 -0.040108625 0.228616953 0.011497911 0.988351345 -0.009397678 0.151463315 -3.595049143 -2.720076084 -9.594674110 0.000000000 0.000000000 -12.000000000 3.158413887 0.197223872 0.021113172 0.001143461 0.019007564 0.001011978
1776849924.398255110 0.625190139 -0.040111270 0.228615254 0.011499160 0.988350570 -0.009399108 0.151467919 -3.593030691 -2.727616310 -9.613775253 0.000000000 0.000000000 -12.000000000 3.139088631 0.196375370 0.021152608 0.001146168 0.019059882 0.001015251
1776849924.403344154 0.625191748 -0.040113818 0.228613287 0.011500522 0.988349974 -0.009400451 0.151471794 -3.591248035 -2.735106230 -9.633680344 0.000000000 0.000000000 -12.000000000 3.119069099 0.195532367 0.021191245 0.001148865 0.019111866 0.001018510
1776849924.408502817 0.625192940 -0.040116213 0.228611022 0.011501670 0.988349438 -0.009401750 0.151475161 -3.589708805 -2.742548466 -9.654401779 0.000000000 0.000000000 -12.000000000 3.098344803 0.194697067 0.021229070 0.001151553 0.019163506 0.001021755
1776849924.413408995 0.625194013 -0.040117987 0.228608668 0.011502456 0.988348901 -0.009402758 0.151478365 -3.588420630 -2.749946356 -9.675942421 0.000000000 0.000000000 -12.000000000 3.076913834 0.193889871 0.021266064 0.001154246 0.019214788 0.001024986
1776849924.418549776 0.625193894 -0.040119726 0.228606045 0.011503346 0.988348663 -0.009403714 0.151480034 -3.587389946 -2.757304192 -9.698300362 0.000000000 0.000000000 -12.000000000 3.054780960 0.193294629 0.021302223 0.001157071 0.019265702 0.001028208
1776849924.423438787 0.625193417 -0.040121228 0.228603393 0.011504078 0.988348484 -0.009404532 0.151481047 -3.586622715 -2.764627218 -9.721465111 0.000000000 0.000000000 -12.000000000 3.031956673 0.192495719 0.021337539 0.001159747 0.019316234 0.001031416
1776849924.428348303 0.625192821 -0.040122814 0.228600889 0.011504833 0.988348305 -0.009405348 0.151481897 -3.586123466 -2.771921396 -9.745419502 0.000000000 0.000000000 -12.000000000 3.008460045 0.191690668 0.021372015 0.001162405 0.019366374 0.001034611
1776849924.433421612 0.625192821 -0.040124621 0.228598684 0.011505775 0.988348067 -0.009406351 0.151483417 -3.585895777 -2.779192686 -9.770139694 0.000000000 0.000000000 -12.000000000 2.984311104 0.190878242 0.021405654 0.001165044 0.019416112 0.001037792
1776849924.438488483 0.625192940 -0.040126085 0.228596509 0.011506572 0.988347828 -0.009407069 0.151485085 -3.585941315 -2.786448002 -9.795596123 0.000000000 0.000000000 -12.000000000 2.959541321 0.190255344 0.021438466 0.001167800 0.019465439 0.001040963
1776849924.443449259 0.625193357 -0.040128238 0.228594512 0.011507586 0.988347471 -0.009408203 0.151487187 -3.586259842 -2.793694019 -9.821751595 0.000000000 0.000000000 -12.000000000 2.934185028 0.189427420 0.021470467 0.001170405 0.019514343 0.001044120
1776849924.448436737 0.625193954 -0.040130395 0.228592664 0.011508904 0.988347113 -0.009409231 0.151489377 -3.586848736 -2.800937414 -9.848566055 0.000000000 0.000000000 -12.000000000 2.908276558 0.188601926 0.021501666 0.001172998 0.019562814 0.001047264
1776849924.453412294 0.625194252 -0.040132634 0.228590846 0.011510218 0.988346815 -0.009410197 0.151491225 -3.587702751 -2.808184862 -9.875992775 0.000000000 0.000000000 -12.000000000 2.881863594 0.187773779 0.021532087 0.001175576 0.019610845 0.001050393
1776849924.458456516 0.625194788 -0.040134639 0.228589088 0.011511427 0.988346457 -0.009411181 0.151493281 -3.588814020 -2.815443039 -9.903981209 0.000000000 0.000000000 -12.000000000 2.854986191 0.186963096 0.021561751 0.001178151 0.019658428 0.001053509
1776849924.463627577 0.625195861 -0.040136728 0.228587478 0.011512682 0.988345981 -0.009412144 0.151496097 -3.590171337 -2.822717905 -9.932478905 0.000000000 0.000000000 -12.000000000 2.827693939 0.186624616 0.021590685 0.001181036 0.019705556 0.001056620
1776849924.468426704 0.625196815 -0.040138863 0.228585660 0.011513881 0.988345563 -0.009413188 0.151498735 -3.591761112 -2.830015659 -9.961427689 0.000000000 0.000000000 -12.000000000 2.800038338 0.185811847 0.021618916 0.001183591 0.019752223 0.001059717
1776849924.473398447 0.625198185 -0.040140651 0.228584141 0.011514870 0.988345027 -0.009414083 0.151501998 -3.593567371 -2.837341309 -9.990770340 0.000000000 0.000000000 -12.000000000 2.772066116 0.185016155 0.021646468 0.001186144 0.019798424 0.001062800
1776849924.478176117 0.625200510 -0.040142473 0.228583008 0.011515885 0.988344371 -0.009414975 0.151506335 -3.595571280 -2.844699621 -10.020445824 0.000000000 0.000000000 -12.000000000 2.743832588 0.184275776 0.021673376 0.001188722 0.019844154 0.001065871
1776849924.483132839 0.625203848 -0.040144160 0.228582263 0.011516808 0.988343477 -0.009415843 0.151511952 -3.597753286 -2.852094889 -10.050393105 0.000000000 0.000000000 -12.000000000 2.715389252 0.183484375 0.021699671 0.001191252 0.019889411 0.001068930
1776849924.488099098 0.625207841 -0.040145915 0.228581786 0.011517706 0.988342464 -0.009416775 0.151518539 -3.600091457 -2.859530449 -10.080550194 0.000000000 0.000000000 -12.000000000 2.686787605 0.182689935 0.021725383 0.001193768 0.019934190 0.001071974
1776849924.493186712 0.625212252 -0.040147759 0.228581488 0.011518601 0.988341391 -0.009417792 0.151525393 -3.602563143 -2.867009401 -10.110854149 0.000000000 0.000000000 -12.000000000 2.658082008 0.181893080 0.021750547 0.001196268 0.019978492 0.001075006
1776849924.498131752 0.625217497 -0.040149547 0.228581727 0.011519472 0.988340139 -0.009418773 0.151533410 -3.605145216 -2.874533892 -10.141242027 0.000000000 0.000000000 -12.000000000 2.629325867 0.181098178 0.021775197 0.001198756 0.020022314 0.001078024
1776849924.503114700 0.625222325 -0.040151078 0.228581905 0.011520131 0.988339007 -0.009419690 0.151540801 -3.607814550 -2.882106066 -10.171652794 0.000000000 0.000000000 -12.000000000 2.600569725 0.180315733 0.021799371 0.001201240 0.020065658 0.001081030
1776849924.508157015 0.625226557 -0.040152598 0.228581727 0.011521013 0.988337934 -0.009420461 0.151547357 -3.610548019 -2.889726639 -10.202022552 0.000000000 0.000000000 -12.000000000 2.571867943 0.179530486 0.021823101 0.001203709 0.020108523 0.001084022
1776849924.513089180 0.625230074 -0.040154058 0.228581280 0.011521591 0.988337040 -0.009421310 0.151553124 -3.613323689 -2.897396564 -10.232291222 0.000000000 0.000000000 -12.000000000 2.543271065 0.178750202 0.021846425 0.001206168 0.020150911 0.001087001
1776849924.518100739 0.625232935 -0.040155459 0.228580534 0.011522366 0.988336265 -0.009422039 0.151558101 -3.616119862 -2.905115366 -10.262395859 0.000000000 0.000000000 -12.000000000 2.514834404 0.177971706 0.021869380 0.001208615 0.020192824 0.001089967
1776849924.523104429 0.625234962 -0.040156741 0.228579313 0.011523112 0.988335669 -0.009422670 0.151562035 -3.618916273 -2.912882805 -10.292278290 0.000000000 0.000000000 -12.000000000 2.486607552 0.177198857 0.021892007 0.001211053 0.020234268 0.001092920
1776849924.528443813 0.625235438 -0.040158115 0.228577465 0.011523895 0.988335371 -0.009423342 0.151564017 -3.621694326 -2.920697451 -10.321877480 0.000000000 0.000000000 -12.000000000 2.458640099 0.176424667 0.021914341 0.001213477 0.020275246 0.001095861
1776849924.533108234 0.625234962 -0.040159285 0.228575379 0.011524575 0.988335192 -0.009423913 0.151564747 -3.624435902 -2.928558111 -10.351136208 0.000000000 0.000000000 -12.000000000 2.430984497 0.175662249 0.021936418 0.001215897 0.020315763 0.001098789
1776849924.538377285 0.625233829 -0.040160690 0.228572994 0.011525498 0.988335252 -0.009424506 0.151564538 -3.627124786 -2.936461926 -10.379999161 0.000000000 0.000000000 -12.000000000 2.403689384 0.174829528 0.021958284 0.001218255 0.020355824 0.001101702
1776849924.543085337 0.625232220 -0.040161960 0.228570491 0.011526403 0.988335311 -0.009425026 0.151563823 -3.629745483 -2.944406986 -10.408412933 0.000000000 0.000000000 -12.000000000 2.376799583 0.174066275 0.021979971 0.001220648 0.020395437 0.001104604
1776849924.548190117 0.625230372 -0.040163241 0.228567868 0.011527223 0.988335490 -0.009425590 0.151562750 -3.632283449 -2.952389479 -10.436326981 0.000000000 0.000000000 -12.000000000 2.350361824 0.173306748 0.022001518 0.001223030 0.020434611 0.001107492
1776849924.553158998 0.625228286 -0.040164493 0.228565216 0.011528127 0.988335669 -0.009426056 0.151561424 -3.634725809 -2.960406065 -10.463694572 0.000000000 0.000000000 -12.000000000 2.324413300 0.172313377 0.022022959 0.001225239 0.020473350 0.001110364
1776849924.558141947 0.625226080 -0.040165540 0.228562474 0.011528754 0.988335907 -0.009426498 0.151559785 -3.637059927 -2.968452454 -10.490473747 0.000000000 0.000000000 -12.000000000 2.298994064 0.171569780 0.022044329 0.001227603 0.020511666 0.001113223
1776849924.563153028 0.625223875 -0.040166564 0.228559762 0.011529637 0.988336146 -0.009426841 0.151558280 -3.639273882 -2.976523876 -10.516628265 0.000000000 0.000000000 -12.000000000 2.274132729 0.170827731 0.022065658 0.001229956 0.020549569 0.001116071
1776849924.568249226 0.625221789 -0.040167809 0.228557080 0.011530489 0.988336325 -0.009427331 0.151556924 -3.641357422 -2.984615564 -10.542124748 0.000000000 0.000000000 -12.000000000 2.249861717 0.170080632 0.022086974 0.001232292 0.020587066 0.001118905
1776849924.573137283 0.625219822 -0.040168867 0.228554457 0.011531147 0.988336504 -0.009427774 0.151555628 -3.643300295 -2.992721558 -10.566937447 0.000000000 0.000000000 -12.000000000 2.226200104 0.169345349 0.022108303 0.001234625 0.020624170 0.001121728
1776849924.578202724 0.625218332 -0.040169850 0.228552192 0.011531834 0.988336623 -0.009428171 0.151554823 -3.645094156 -3.000835657 -10.591044426 0.000000000 0.000000000 -12.000000000 2.203169823 0.168616191 0.022129670 0.001236949 0.020660890 0.001124538
1776849924.583186150 0.625217199 -0.040170945 0.228550166 0.011532628 0.988336623 -0.009428584 0.151554585 -3.646731853 -3.008951664 -10.614429474 0.000000000 0.000000000 -12.000000000 2.180781364 0.167883918 0.022151090 0.001239259 0.020697236 0.001127336
1776849924.588086128 0.625216722 -0.040171973 0.228548557 0.011533326 0.988336563 -0.009429040 0.151554927 -3.648207903 -3.017061949 -10.637084007 0.000000000 0.000000000 -12.000000000 2.159044266 0.167158589 0.022172583 0.001241561 0.020733221 0.001130122
1776849924.593129635 0.625216126 -0.040173061 0.228546947 0.011534035 0.988336504 -0.009429471 0.151555136 -3.649518728 -3.025159597 -10.659000397 0.000000000 0.000000000 -12.000000000 2.137964249 0.166431993 0.022194162 0.001243850 0.020768853 0.001132896
1776849924.598125219 0.625216246 -0.040174078 0.228545785 0.011534547 0.988336384 -0.009430007 0.151556134 -3.650662661 -3.033236742 -10.680180550 0.000000000 0.000000000 -12.000000000 2.117539406 0.165714115 0.022215838 0.001246134 0.020804144 0.001135658
1776849924.603187561 0.625216246 -0.040175192 0.228544682 0.011535326 0.988336265 -0.009430468 0.151556820 -3.651640177 -3.041285038 -10.700627327 0.000000000 0.000000000 -12.000000000 2.097767830 0.164991900 0.022237619 0.001248402 0.020839108 0.001138408
1776849924.608148336 0.625215769 -0.040176269 0.228543550 0.011536001 0.988336205 -0.009430935 0.151556969 -3.652453899 -3.049296141 -10.720348358 0.000000000 0.000000000 -12.000000000 2.078644753 0.164273500 0.022259515 0.001250661 0.020873751 0.001141145
1776849924.613131523 0.625215173 -0.040177170 0.228542268 0.011536586 0.988336205 -0.009431285 0.151556894 -3.653108120 -3.057261944 -10.739355087 0.000000000 0.000000000 -12.000000000 2.060158730 0.163565382 0.022281528 0.001252915 0.020908087 0.001143871
1776849924.618128300 0.625214636 -0.040178325 0.228541136 0.011537372 0.988336205 -0.009431774 0.151556894 -3.653609753 -3.065173388 -10.757661819 0.000000000 0.000000000 -12.000000000 2.042301178 0.162850022 0.022303659 0.001255152 0.020942125 0.001146586
1776849924.623174429 0.625213623 -0.040179305 0.228539735 0.011538044 0.988336265 -0.009432170 0.151556253 -3.653966904 -3.073022366 -10.775285721 0.000000000 0.000000000 -12.000000000 2.025057793 0.161656201 0.022325914 0.001257051 0.020975877 0.001149280
1776849924.628101826 0.625212371 -0.040180504 0.228538394 0.011538881 0.988336384 -0.009432623 0.151555389 -3.654188871 -3.080799818 -10.792245865 0.000000000 0.000000000 -12.000000000 2.008412361 0.161693722 0.022348292 0.001259771 0.021009350 0.001151975
1776849924.633359432 0.625211120 -0.040181622 0.228536934 0.011539608 0.988336563 -0.009433090 0.151554435 -3.654286861 -3.088497877 -10.808563232 0.000000000 0.000000000 -12.000000000 1.992348671 0.160988674 0.022370787 0.001261984 0.021042556 0.001154658
1776849924.638247967 0.625209689 -0.040182970 0.228535444 0.011540599 0.988336682 -0.009433571 0.151553348 -3.654272318 -3.096108198 -10.824260712 0.000000000 0.000000000 -12.000000000 1.976851463 0.159956411 0.022393405 0.001263962 0.021075504 0.001157324
1776849924.643088818 0.625208378 -0.040184181 0.228533953 0.011541426 0.988336802 -0.009434013 0.151552424 -3.654157877 -3.103622675 -10.839361191 0.000000000 0.000000000 -12.000000000 1.961900711 0.159252182 0.022416137 0.001266146 0.021108203 0.001159978
1776849924.648161888 0.625206769 -0.040185347 0.228532225 0.011542213 0.988337040 -0.009434466 0.151550978 -3.653956890 -3.111033678 -10.853892326 0.000000000 0.000000000 -12.000000000 1.947475433 0.158554360 0.022438979 0.001268324 0.021140661 0.001162621
1776849924.653176785 0.625205338 -0.040186550 0.228530914 0.011543101 0.988337159 -0.009434895 0.151549906 -3.653682470 -3.118334293 -10.867877960 0.000000000 0.000000000 -12.000000000 1.933556557 0.157858461 0.022461925 0.001270491 0.021172887 0.001165252
1776849924.658526659 0.625204027 -0.040187851 0.228529453 0.011543961 0.988337338 -0.009435426 0.151548818 -3.653348684 -3.125517368 -10.881345749 0.000000000 0.000000000 -12.000000000 1.920123100 0.157761186 0.022484971 0.001273055 0.021204889 0.001167881
1776849924.663142204 0.625203013 -0.040189035 0.228528231 0.011544884 0.988337398 -0.009435836 0.151548132 -3.652968884 -3.132576942 -10.894323349 0.000000000 0.000000000 -12.000000000 1.907151222 0.157076597 0.022508109 0.001275217 0.021236675 0.001170499
1776849924.668350458 0.625202119 -0.040190153 0.228527069 0.011545688 0.988337457 -0.009436254 0.151547611 -3.652557373 -3.139506817 -10.906835556 0.000000000 0.000000000 -12.000000000 1.894623756 0.156399101 0.022531334 0.001277372 0.021268252 0.001173106
1776849924.673390150 0.625201166 -0.040191278 0.228525847 0.011546547 0.988337576 -0.009436633 0.151546985 -3.652127743 -3.146302223 -10.918910980 0.000000000 0.000000000 -12.000000000 1.882516861 0.155724376 0.022554638 0.001279517 0.021299627 0.001175701
1776849924.678652525 0.625200689 -0.040192429 0.228525072 0.011547168 0.988337576 -0.009437166 0.151546896 -3.651693821 -3.152958155 -10.930576324 0.000000000 0.000000000 -12.000000000 1.870809555 0.155055016 0.022578014 0.001281655 0.021330807 0.001178285
1776849924.683126211 0.625199914 -0.040193640 0.228524029 0.011547960 0.988337636 -0.009437690 0.151546389 -3.651269197 -3.159470558 -10.941855431 0.000000000 0.000000000 -12.000000000 1.859483719 0.154386714 0.022601454 0.001283783 0.021361798 0.001180858
1776849924.688209772 0.625199318 -0.040194705 0.228523046 0.011548760 0.988337636 -0.009438075 0.151546165 -3.650866747 -3.165836096 -10.952774048 0.000000000 0.000000000 -12.000000000 1.848517418 0.153726727 0.022624951 0.001285905 0.021392606 0.001183421
1776849924.693212986 0.625198483 -0.040196046 0.228522062 0.011549741 0.988337696 -0.009438571 0.151545659 -3.650499105 -3.172051907 -10.963355064 0.000000000 0.000000000 -12.000000000 1.837894440 0.153058723 0.022648500 0.001288011 0.021423237 0.001185972
1776849924.698508024 0.625197530 -0.040197164 0.228520989 0.011550550 0.988337815 -0.009438977 0.151545033 -3.650178432 -3.178116083 -10.973620415 0.000000000 0.000000000 -12.000000000 1.827595711 0.152997673 0.022672094 0.001290520 0.021453697 0.001188522
1776849924.703332186 0.625196517 -0.040198445 0.228519857 0.011551263 0.988337874 -0.009439538 0.151544288 -3.649916410 -3.184026957 -10.983592033 0.000000000 0.000000000 -12.000000000 1.792385101 0.151350349 0.022678494 0.001291944 0.021483570 0.001191044
1776849924.708366871 0.625195384 -0.040200144 0.228518635 0.011552516 0.988337994 -0.009440178 0.151543483 -3.649723530 -3.189784288 -10.993288040 0.000000000 0.000000000 -12.000000000 1.782650948 0.150683790 0.022701716 0.001294011 0.021513281 0.001193555
1776849924.713104010 0.625194013 -0.040201537 0.228517205 0.011553469 0.988338113 -0.009440705 0.151542440 -3.649609804 -3.195387125 -11.002725601 0.000000000 0.000000000 -12.000000000 1.773197174 0.150035933 0.022724966 0.001296080 0.021542834 0.001196056
1776849924.718220472 0.625192523 -0.040203340 0.228515714 0.011554603 0.988338292 -0.009441462 0.151541173 -3.649584293 -3.200834990 -11.011920929 0.000000000 0.000000000 -12.000000000 1.764012337 0.149379134 0.022748243 0.001298132 0.021572234 0.001198546
1776849924.723229170 0.625190675 -0.040205508 0.228513986 0.011556180 0.988338530 -0.009442227 0.151539654 -3.649654627 -3.206127882 -11.020888329 0.000000000 0.000000000 -12.000000000 1.755084038 0.148713201 0.022771541 0.001300166 0.021601485 0.001201024
1776849924.728145123 0.625189006 -0.040208071 0.228512347 0.011557797 0.988338709 -0.009443355 0.151538342 -3.649827242 -3.211264610 -11.029638290 0.000000000 0.000000000 -12.000000000 1.746405602 0.148621678 0.022794863 0.001302582 0.021630593 0.001203501
1776849924.733211756 0.625186384 -0.040215649 0.228510201 0.011559412 0.988338947 -0.009448615 0.151536047 -3.650107861 -3.216245174 -11.038182259 0.000000000 0.000000000 -12.000000000 1.737964630 0.147806093 0.022818202 0.001304502 0.021659559 0.001205965
1776849924.738176346 0.625184119 -0.040220056 0.228508234 0.011561682 0.988339245 -0.009450836 0.151534155 -3.650499821 -3.221068621 -11.046527863 0.000000000 0.000000000 -12.000000000 1.729757309 0.147113055 0.022841560 0.001306492 0.021688389 0.001208417
1776849924.743298531 0.625182033 -0.040224742 0.228506446 0.011564562 0.988339424 -0.009452802 0.151532426 -3.651005983 -3.225734711 -11.054683685 0.000000000 0.000000000 -12.000000000 1.721776009 0.146415889 0.022864936 0.001308468 0.021717085 0.001210857
1776849924.748471022 0.625179768 -0.040230028 0.228504539 0.011567923 0.988339663 -0.009455030 0.151530668 -3.651627302 -3.230243921 -11.062653542 0.000000000 0.000000000 -12.000000000 1.714017868 0.145613149 0.022888331 0.001310359 0.021745652 0.001213284
1776849924.753406048 0.625177503 -0.040235456 0.228502691 0.011571449 0.988339841 -0.009457255 0.151528850 -3.652364016 -3.234597206 -11.070443153 0.000000000 0.000000000 -12.000000000 1.706476212 0.145281389 0.022911744 0.001312560 0.021774093 0.001215705
1776849924.758253336 0.625175357 -0.040241044 0.228500843 0.011575153 0.988340080 -0.009459452 0.151527017 -3.653214693 -3.238795757 -11.078055382 0.000000000 0.000000000 -12.000000000 1.699149132 0.144598663 0.022935178 0.001314514 0.021802412 0.001218115
1776849924.763428926 0.625172973 -0.040246256 0.228498846 0.011578623 0.988340318 -0.009461530 0.151525036 -3.654176712 -3.242842436 -11.085492134 0.000000000 0.000000000 -12.000000000 1.692032814 0.143944725 0.022958634 0.001316478 0.021830613 0.001220514
1776849924.768219233 0.625170887 -0.040251914 0.228497148 0.011582323 0.988340497 -0.009463801 0.151523381 -3.655246496 -3.246740103 -11.092755318 0.000000000 0.000000000 -12.000000000 1.685123444 0.143286183 0.022982113 0.001318427 0.021858698 0.001222903
1776849924.773104668 0.625168622 -0.040257555 0.228495240 0.011586095 0.988340735 -0.009466012 0.151521504 -3.656419277 -3.250492334 -11.099844933 0.000000000 0.000000000 -12.000000000 1.678421021 0.143300056 0.023005618 0.001320824 0.021886671 0.001225291
1776849924.778163671 0.625166237 -0.040263206 0.228493214 0.011589775 0.988340974 -0.009468286 0.151519492 -3.657689810 -3.254103184 -11.106763840 0.000000000 0.000000000 -12.000000000 1.671920776 0.142670184 0.023029150 0.001322782 0.021914536 0.001227669
1776849924.783154726 0.625163913 -0.040268987 0.228491336 0.011593656 0.988341153 -0.009470536 0.151517674 -3.659051418 -3.257577181 -11.113510132 0.000000000 0.000000000 -12.000000000 1.665620804 0.142044902 0.023052711 0.001324733 0.021942297 0.001230036
1776849924.788478136 0.625161290 -0.040274642 0.228489250 0.011597446 0.988341451 -0.009472770 0.151515543 -3.660497189 -3.260918379 -11.120084763 0.000000000 0.000000000 -12.000000000 1.659520149 0.141436383 0.023076301 0.001326684 0.021969955 0.001232393
1776849924.793276787 0.625158787 -0.040280670 0.228487164 0.011601523 0.988341689 -0.009475118 0.151513502 -3.662019730 -3.264131546 -11.126488686 0.000000000 0.000000000 -12.000000000 1.653613091 0.140823722 0.023099924 0.001328623 0.021997515 0.001234740
1776849924.798428059 0.625156522 -0.040286489 0.228485107 0.011605422 0.988341928 -0.009477407 0.151511624 -3.663610935 -3.267220020 -11.132720947 0.000000000 0.000000000 -12.000000000 1.647899628 0.140231788 0.023123579 0.001330566 0.022024980 0.001237078
1776849924.803328991 0.625153899 -0.040292066 0.228483021 0.011609158 0.988342166 -0.009479610 0.151509464 -3.665262699 -3.270188093 -11.138780594 0.000000000 0.000000000 -12.000000000 1.642376900 0.139656514 0.023147272 0.001332510 0.022052353 0.001239405
1776849924.808433056 0.625151396 -0.040297683 0.228480935 0.011613024 0.988342404 -0.009481777 0.151507348 -3.666966677 -3.273038864 -11.144669533 0.000000000 0.000000000 -12.000000000 1.637040138 0.139087439 0.023170996 0.001334448 0.022079637 0.001241723
1776849924.813266993 0.625149131 -0.040302832 0.228478998 0.011616502 0.988342643 -0.009483779 0.151505545 -3.668714285 -3.275775433 -11.150385857 0.000000000 0.000000000 -12.000000000 1.631890297 0.138544455 0.023194762 0.001336396 0.022106836 0.001244033
1776849924.818477154 0.625146568 -0.040307686 0.228476822 0.011619744 0.988342941 -0.009485694 0.151503414 -3.670497179 -3.278399944 -11.155932426 0.000000000 0.000000000 -12.000000000 1.626920700 0.137998790 0.023218565 0.001338332 0.022133950 0.001246333
1776849924.823189974 0.625144064 -0.040312491 0.228474587 0.011622997 0.988343179 -0.009487515 0.151501313 -3.672306776 -3.280915022 -11.161308289 0.000000000 0.000000000 -12.000000000 1.622129440 0.137457430 0.023242407 0.001340262 0.022160986 0.001248623
1776849924.828420639 0.625141323 -0.040316992 0.228472233 0.011626000 0.988343477 -0.009489290 0.151498944 -3.674134731 -3.283321857 -11.166516304 0.000000000 0.000000000 -12.000000000 1.617512703 0.136691496 0.023266286 0.001342029 0.022187945 0.001250902
1776849924.833104849 0.625138402 -0.040321257 0.228469610 0.011629072 0.988343835 -0.009490827 0.151496485 -3.675973654 -3.285622597 -11.171560287 0.000000000 0.000000000 -12.000000000 1.613062859 0.136174455 0.023290204 0.001343954 0.022214828 0.001253171
1776849924.838427782 0.625135362 -0.040325593 0.228466928 0.011632018 0.988344133 -0.009492512 0.151493981 -3.677815676 -3.287818432 -11.176442146 0.000000000 0.000000000 -12.000000000 1.608776093 0.135662079 0.023314158 0.001345874 0.022241641 0.001255432
1776849924.843158722 0.625132263 -0.040329706 0.228464156 0.011634851 0.988344491 -0.009494095 0.151491299 -3.679654121 -3.289911270 -11.181167603 0.000000000 0.000000000 -12.000000000 1.604645729 0.135163382 0.023338148 0.001347794 0.022268385 0.001257685
1776849924.848396063 0.625129104 -0.040334016 0.228461325 0.011637876 0.988344848 -0.009495695 0.151488647 -3.681483269 -3.291903496 -11.185743332 0.000000000 0.000000000 -12.000000000 1.600663185 0.134662002 0.023362171 0.001349704 0.022295061 0.001259929
1776849924.853430748 0.625126004 -0.040338177 0.228458643 0.011640789 0.988345206 -0.009497263 0.151486069 -3.683297157 -3.293797731 -11.190176010 0.000000000 0.000000000 -12.000000000 1.596819878 0.134173259 0.023386221 0.001351614 0.022321675 0.001262166
1776849924.858567953 0.625122845 -0.040342417 0.228455752 0.011643817 0.988345563 -0.009498793 0.151483327 -3.685091257 -3.295597553 -11.194476128 0.000000000 0.000000000 -12.000000000 1.593104362 0.133688986 0.023410296 0.001353520 0.022348227 0.001264394
1776849924.863530397 0.625119984 -0.040346555 0.228453070 0.011646701 0.988345921 -0.009500360 0.151480883 -3.686861992 -3.297307730 -11.198655128 0.000000000 0.000000000 -12.000000000 1.589504242 0.133676246 0.023434389 0.001355739 0.022374719 0.001266622
1776849924.868407726 0.625116944 -0.040350657 0.228450358 0.011649757 0.988346279 -0.009501821 0.151478305 -3.688606024 -3.298933268 -11.202724457 0.000000000 0.000000000 -12.000000000 1.586006165 0.133211419 0.023458490 0.001357650 0.022401152 0.001268842
1776849924.873279572 0.625114143 -0.040354572 0.228447735 0.011652488 0.988346577 -0.009503288 0.151475966 -3.690320969 -3.300480604 -11.206701279 0.000000000 0.000000000 -12.000000000 1.582594872 0.132764280 0.023482593 0.001359564 0.022427529 0.001271055
1776849924.878415823 0.625111103 -0.040358823 0.228445143 0.011655361 0.988346934 -0.009504871 0.151473433 -3.692005157 -3.301957130 -11.210599899 0.000000000 0.000000000 -12.000000000 1.579254150 0.132310852 0.023506686 0.001361467 0.022453850 0.001273260
1776849924.883300304 0.625108063 -0.040363070 0.228442401 0.011658442 0.988347232 -0.009506420 0.151470855 -3.693657875 -3.303370476 -11.214441299 0.000000000 0.000000000 -12.000000000 1.575963974 0.131865993 0.023530757 0.001363368 0.022480115 0.001275458
1776849924.888539314 0.625105143 -0.040367309 0.228439808 0.011661361 0.988347590 -0.009508040 0.151468411 -3.695278883 -3.304729223 -11.218243599 0.000000000 0.000000000 -12.000000000 1.572705269 0.131200239 0.023554796 0.001365111 0.022506326 0.001277644
1776849924.894383907 0.625101984 -0.040371951 0.228437126 0.011664570 0.988347948 -0.009509801 0.151465684 -3.696868658 -3.306042194 -11.222026825 0.000000000 0.000000000 -12.000000000 1.541891098 0.129952475 0.023559952 0.001366445 0.022532025 0.001279810
1776849924.898250818 0.625099182 -0.040376887 0.228434503 0.011668021 0.988348246 -0.009511637 0.151463434 -3.698427916 -3.307318211 -11.225813866 0.000000000 0.000000000 -12.000000000 1.538628578 0.129521027 0.023583421 0.001368316 0.022557668 0.001281969
1776849924.903377771 0.625096381 -0.040381979 0.228431761 0.011671563 0.988348544 -0.009513563 0.151461124 -3.699958563 -3.308565855 -11.229626656 0.000000000 0.000000000 -12.000000000 1.535338402 0.129098773 0.023606816 0.001370186 0.022583257 0.001284120
1776849924.908247709 0.625093579 -0.040387258 0.228429347 0.011675340 0.988348782 -0.009515518 0.151458994 -3.701462507 -3.309793472 -11.233486176 0.000000000 0.000000000 -12.000000000 1.531994820 0.128682479 0.023630120 0.001372053 0.022608791 0.001286265
1776849924.913474321 0.625090480 -0.040392652 0.228426665 0.011679058 0.988349140 -0.009517536 0.151456431 -3.702941895 -3.311009169 -11.237415314 0.000000000 0.000000000 -12.000000000 1.528581619 0.128275588 0.023653323 0.001373920 0.022634268 0.001288403
1776849924.918436050 0.625088096 -0.040398225 0.228424430 0.011682656 0.988349319 -0.009519867 0.151454642 -3.704400063 -3.312220335 -11.241436958 0.000000000 0.000000000 -12.000000000 1.525072098 0.128029972 0.023676401 0.001375890 0.022659685 0.001290537
1776849924.923483133 0.625089407 -0.040411148 0.228424221 0.011685512 0.988348782 -0.009528760 0.151457563 -3.705839872 -3.313433886 -11.245571136 0.000000000 0.000000000 -12.000000000 1.521450043 0.127515972 0.023699343 0.001377673 0.022685044 0.001292662
1776849924.928303003 0.625088096 -0.040419333 0.228422403 0.011688828 0.988348722 -0.009533523 0.151457250 -3.707264662 -3.314656973 -11.249838829 0.000000000 0.000000000 -12.000000000 1.517697334 0.127121165 0.023722136 0.001379528 0.022710338 0.001294781
1776849924.933149815 0.625087261 -0.040427882 0.228421122 0.011692418 0.988348603 -0.009538248 0.151457429 -3.708677053 -3.315895557 -11.254259109 0.000000000 0.000000000 -12.000000000 1.513792992 0.126733586 0.023744764 0.001381382 0.022735568 0.001296893
1776849924.938285112 0.625086725 -0.040437132 0.228419900 0.011696149 0.988348424 -0.009543537 0.151457980 -3.710079908 -3.317156076 -11.258850098 0.000000000 0.000000000 -12.000000000 1.509721756 0.126351178 0.023767211 0.001383233 0.022760730 0.001298999
1776849924.943308592 0.625086248 -0.040446620 0.228418618 0.011698674 0.988348246 -0.009549874 0.151458651 -3.711474657 -3.318444729 -11.263625145 0.000000000 0.000000000 -12.000000000 1.505471230 0.125992760 0.023789469 0.001385094 0.022785822 0.001301099
1776849924.948126554 0.625085652 -0.040456429 0.228417367 0.011700036 0.988348067 -0.009557202 0.151459113 -3.712863445 -3.319767237 -11.268600464 0.000000000 0.000000000 -12.000000000 1.501023293 0.124385804 0.023811521 0.001386096 0.022810839 0.001303172
1776849924.953379154 0.625084817 -0.040467694 0.228415936 0.011699068 0.988347948 -0.009567348 0.151459336 -3.714246511 -3.321129799 -11.273786545 0.000000000 0.000000000 -12.000000000 1.496371269 0.124042749 0.023833359 0.001387934 0.022835778 0.001305239
1776849924.958146095 0.625083864 -0.040481683 0.228414446 0.011694998 0.988347828 -0.009581841 0.151459351 -3.715623856 -3.322538614 -11.279193878 0.000000000 0.000000000 -12.000000000 1.491501808 0.123688266 0.023854971 0.001389760 0.022860637 0.001307301
1776849924.963146210 0.625081897 -0.040496632 0.228412449 0.011688792 0.988347948 -0.009598636 0.151458174 -3.716994524 -3.323999643 -11.284827232 0.000000000 0.000000000 -12.000000000 1.486411095 0.123348698 0.023876350 0.001391589 0.022885410 0.001309357
1776849924.968157053 0.625080049 -0.040510487 0.228410542 0.011683686 0.988348007 -0.009613803 0.151457131 -3.718357086 -3.325518847 -11.290692329 0.000000000 0.000000000 -12.000000000 1.481091499 0.123037890 0.023897490 0.001393432 0.022910096 0.001311407
1776849924.973120928 0.625077426 -0.040525686 0.228408188 0.011677981 0.988348246 -0.009630380 0.151455194 -3.719708681 -3.327101231 -11.296791077 0.000000000 0.000000000 -12.000000000 1.475267410 0.123392999 0.023918195 0.001395726 0.022934683 0.001313464
1776849924.978128672 0.625074029 -0.040546067 0.228405595 0.011668667 0.988348544 -0.009653842 0.151452437 -3.721045494 -3.328752518 -11.303120613 0.000000000 0.000000000 -12.000000000 1.469482422 0.123023689 0.023938829 0.001397530 0.022959175 0.001315514
1776849924.983101845 0.625070274 -0.040570773 0.228402913 0.011654009 0.988348842 -0.009684453 0.151449457 -3.722362995 -3.330477715 -11.309679985 0.000000000 0.000000000 -12.000000000 1.463468552 0.122763440 0.023959212 0.001399403 0.022983566 0.001317560
1776849924.988182545 0.625066161 -0.040599395 0.228400081 0.011633822 0.988349319 -0.009722168 0.151445702 -3.723655462 -3.332283020 -11.316462517 0.000000000 0.000000000 -12.000000000 1.457225800 0.122413605 0.023979336 0.001401210 0.023007853 0.001319600
1776849924.993130684 0.625061333 -0.040629569 0.228397042 0.011610469 0.988349855 -0.009763307 0.151441067 -3.724916220 -3.334175348 -11.323461533 0.000000000 0.000000000 -12.000000000 1.450759888 0.122098401 0.023999205 0.001403034 0.023032032 0.001321635
1776849924.998442650 0.625055552 -0.040663615 0.228393584 0.011583009 0.988350630 -0.009810465 0.151435331 -3.726137161 -3.336162806 -11.330668449 0.000000000 0.000000000 -12.000000000 1.444078445 0.121781155 0.024018819 0.001404852 0.023056099 0.001323665
1776849925.003299236 0.625047982 -0.040697418 0.228388578 0.011555064 0.988351643 -0.009857681 0.151427671 -3.727308989 -3.338255167 -11.338072777 0.000000000 0.000000000 -12.000000000 1.437184334 0.121485308 0.024038175 0.001406680 0.023080053 0.001325690
1776849925.009542942 0.625040770 -0.040734068 0.228384256 0.011525523 0.988352597 -0.009908421 0.151420549 -3.728421450 -3.340462446 -11.345664024 0.000000000 0.000000000 -12.000000000 1.430086136 0.121207394 0.024057278 0.001408515 0.023103887 0.001327710
1776849925.013151646 0.625033259 -0.040772513 0.228379488 0.011494624 0.988353550 -0.009961643 0.151413172 -3.729462862 -3.342795610 -11.353429794 0.000000000 0.000000000 -12.000000000 1.432013512 0.121218607 0.024082430 0.001410543 0.023127753 0.001329730
1776849925.019860268 0.625024736 -0.040812194 0.228373945 0.011462384 0.988354623 -0.010016884 0.151404724 -3.730420589 -3.345265627 -11.361357689 0.000000000 0.000000000 -12.000000000 1.424536705 0.120993629 0.024101188 0.001412409 0.023151496 0.001331747
1776849925.023144245 0.625007808 -0.040890053 0.228362799 0.011398405 0.988356829 -0.010125750 0.151387975 -3.731280327 -3.347883940 -11.369436264 0.000000000 0.000000000 -12.000000000 1.416874886 0.120743431 0.024119694 0.001414255 0.023175111 0.001333759
1776849925.028421640 0.625007808 -0.040890053 0.228362799 0.011398405 0.988356829 -0.010125750 0.151387975 -3.732028008 -3.350661755 -11.377654076 0.000000000 0.000000000 -12.000000000 1.409034729 0.120693497 0.024137951 0.001416233 0.023198595 0.001335771
1776849925.033139944 0.624999404 -0.040928200 0.228357315 0.011366794 0.988357902 -0.010179237 0.151379719 -3.732647896 -3.353609800 -11.385999680 0.000000000 0.000000000 -12.000000000 1.401021957 0.120610669 0.024155959 0.001418188 0.023221945 0.001337781
1776849925.038238764 0.624991357 -0.040965550 0.228352100 0.011336374 0.988358915 -0.010231287 0.151371896 -3.733124256 -3.356738329 -11.394464493 0.000000000 0.000000000 -12.000000000 1.392839432 0.120569661 0.024173720 0.001420170 0.023245160 0.001339790
1776849925.043150425 0.624986768 -0.041002844 0.228349060 0.011306675 0.988359332 -0.010282771 0.151367933 -3.733441114 -3.360055923 -11.403038979 0.000000000 0.000000000 -12.000000000 1.384490013 0.120603070 0.024191227 0.001422202 0.023268234 0.001341800
1776849925.048163891 0.624979436 -0.041039526 0.228344291 0.011278122 0.988360226 -0.010333075 0.151360780 -3.733583212 -3.363569021 -11.411714554 0.000000000 0.000000000 -12.000000000 1.375976562 0.120629504 0.024208484 0.001424231 0.023291167 0.001343811
1776849925.053103447 0.624972880 -0.041075107 0.228340238 0.011250370 0.988361001 -0.010381884 0.151354298 -3.733534813 -3.367283106 -11.420483589 0.000000000 0.000000000 -12.000000000 1.364114761 0.120569766 0.024223313 0.001426200 0.023313902 0.001345820
1776849925.058108091 0.624967098 -0.041109905 0.228336751 0.011222809 0.988361716 -0.010429815 0.151348665 -3.733281374 -3.371200562 -11.429336548 0.000000000 0.000000000 -12.000000000 1.355283737 0.120686740 0.024240013 0.001428289 0.023336491 0.001347832
1776849925.063108683 0.624961078 -0.041142680 0.228332937 0.011196423 0.988362432 -0.010475250 0.151342675 -3.732808352 -3.375322580 -11.438269615 0.000000000 0.000000000 -12.000000000 1.346296310 0.121112809 0.024256459 0.001430592 0.023358928 0.001349850
1776849925.068098783 0.624955595 -0.041173331 0.228329688 0.011171876 0.988363087 -0.010517646 0.151337326 -3.732101917 -3.379647970 -11.447273254 0.000000000 0.000000000 -12.000000000 1.337158203 0.121293262 0.024272654 0.001432734 0.023381215 0.001351872
1776849925.073094845 0.624950469 -0.041202031 0.228326529 0.011149254 0.988363683 -0.010557094 0.151332229 -3.731148958 -3.384173632 -11.456344604 0.000000000 0.000000000 -12.000000000 1.327866554 0.121145174 0.024288591 0.001434654 0.023403347 0.001353891
1776849925.078096390 0.624945045 -0.041230086 0.228323191 0.011128588 0.988364339 -0.010594709 0.151326805 -3.729937553 -3.388894081 -11.465476990 0.000000000 0.000000000 -12.000000000 1.318428040 0.121349491 0.024304273 0.001436813 0.023425320 0.001355913
1776849925.083287477 0.624938250 -0.041253533 0.228318393 0.011110892 0.988365233 -0.010626378 0.151320040 -3.728456736 -3.393801928 -11.474667549 0.000000000 0.000000000 -12.000000000 1.308839798 0.121555902 0.024319693 0.001438977 0.023447134 0.001357939
1776849925.088101149 0.624933064 -0.041276421 0.228314996 0.011095009 0.988365889 -0.010656371 0.151315093 -3.726696730 -3.398887396 -11.483913422 0.000000000 0.000000000 -12.000000000 1.299103737 0.121797189 0.024334854 0.001441167 0.023468785 0.001359969
1776849925.093310833 0.624927580 -0.041297872 0.228311092 0.011080831 0.988366544 -0.010684016 0.151309758 -3.724649906 -3.404137850 -11.493211746 0.000000000 0.000000000 -12.000000000 1.289222717 0.122043975 0.024349755 0.001443366 0.023490272 0.001362003
1776849925.098171949 0.624922097 -0.041316707 0.228307217 0.011068467 0.988367200 -0.010708203 0.151304513 -3.722309351 -3.409538984 -11.502560616 0.000000000 0.000000000 -12.000000000 1.279194832 0.122305736 0.024364389 0.001445579 0.023511592 0.001364042
1776849925.103118181 0.624917090 -0.041333713 0.228303611 0.011057386 0.988367856 -0.010729991 0.151299730 -3.719671011 -3.415074110 -11.511959076 0.000000000 0.000000000 -12.000000000 1.269023895 0.121857777 0.024378758 0.001447311 0.023532743 0.001366073
1776849925.108183146 0.624911726 -0.041349836 0.228299588 0.011047354 0.988368511 -0.010750297 0.151294574 -3.716731548 -3.420724630 -11.521408081 0.000000000 0.000000000 -12.000000000 1.258707047 0.122133896 0.024392860 0.001449531 0.023553722 0.001368108
1776849925.113168001 0.624906600 -0.041364357 0.228295803 0.011038941 0.988369167 -0.010768220 0.151289716 -3.713490486 -3.426470995 -11.530908585 0.000000000 0.000000000 -12.000000000 1.248247147 0.122422896 0.024406690 0.001451764 0.023574525 0.001370149
1776849925.118292809 0.624901712 -0.041377470 0.228292137 0.011031983 0.988369763 -0.010783956 0.151285172 -3.709949017 -3.432291508 -11.540462494 0.000000000 0.000000000 -12.000000000 1.237644196 0.122722149 0.024420248 0.001454009 0.023595152 0.001372194
1776849925.123073578 0.624896884 -0.041389521 0.228288382 0.011025888 0.988370359 -0.010798194 0.151280597 -3.706110477 -3.438164711 -11.550073624 0.000000000 0.000000000 -12.000000000 1.226894379 0.123028196 0.024433531 0.001456263 0.023615601 0.001374244
1776849925.128241777 0.624891758 -0.041400861 0.228284389 0.011020008 0.988371015 -0.010811719 0.151275888 -3.701980114 -3.444067717 -11.559745789 0.000000000 0.000000000 -12.000000000 1.216000557 0.123335794 0.024446536 0.001458524 0.023635868 0.001376300
1776849925.133117914 0.624886751 -0.041411724 0.228280455 0.011013832 0.988371670 -0.010825003 0.151271150 -3.697564840 -3.449977875 -11.569484711 0.000000000 0.000000000 -12.000000000 1.204960823 0.123656549 0.024459258 0.001460799 0.023655951 0.001378361
1776849925.138090849 0.624881446 -0.041422058 0.228276163 0.011007899 0.988372386 -0.010837652 0.151266143 -3.692874670 -3.455873013 -11.579297066 0.000000000 0.000000000 -12.000000000 1.193771362 0.123353496 0.024471695 0.001462652 0.023675848 0.001380417
1776849925.143190145 0.624876440 -0.041431505 0.228272140 0.011002214 0.988372982 -0.010849467 0.151261464 -3.687920332 -3.461731434 -11.589190483 0.000000000 0.000000000 -12.000000000 1.182431221 0.123283133 0.024483843 0.001464660 0.023695555 0.001382472
1776849925.148447037 0.624871373 -0.041439965 0.228267968 0.010996854 0.988373697 -0.010860162 0.151256666 -3.682715654 -3.467533350 -11.599174500 0.000000000 0.000000000 -12.000000000 1.170937538 0.123623021 0.024495695 0.001466947 0.023715070 0.001384532
1776849925.153167009 0.624866247 -0.041448183 0.228263795 0.010991932 0.988374352 -0.010870396 0.151251808 -3.677276373 -3.473259449 -11.609258652 0.000000000 0.000000000 -12.000000000 1.159284592 0.123966455 0.024507247 0.001469242 0.023734391 0.001386598
1776849925.158344030 0.624861240 -0.041456461 0.228259712 0.010987268 0.988375008 -0.010880505 0.151247114 -3.671619654 -3.478892565 -11.619455338 0.000000000 0.000000000 -12.000000000 1.158450127 0.124667883 0.024525998 0.001471788 0.023753699 0.001388676
1776849925.163232803 0.624856293 -0.041464217 0.228255600 0.010983005 0.988375664 -0.010889897 0.151242524 -3.665764332 -3.484416962 -11.629777908 0.000000000 0.000000000 -12.000000000 1.146458626 0.125030965 0.024537113 0.001474114 0.023772806 0.001390760
1776849925.168143034 0.624851525 -0.041471124 0.228251636 0.010979041 0.988376319 -0.010898346 0.151238069 -3.659731150 -3.489818573 -11.640239716 0.000000000 0.000000000 -12.000000000 1.134290695 0.125404745 0.024547903 0.001476453 0.023791710 0.001392850
1776849925.173107624 0.624847054 -0.041477457 0.228247881 0.010975655 0.988376915 -0.010906002 0.151233852 -3.653542042 -3.495085239 -11.650856018 0.000000000 0.000000000 -12.000000000 1.121942520 0.125792310 0.024558371 0.001478808 0.023810409 0.001394946
1776849925.178514242 0.624842942 -0.041483991 0.228244483 0.010972085 0.988377452 -0.010913910 0.151230022 -3.647220135 -3.500207186 -11.661643982 0.000000000 0.000000000 -12.000000000 1.109401703 0.125987798 0.024568500 0.001481038 0.023828899 0.001397046
1776849925.183463573 0.624839306 -0.041490447 0.228241414 0.010968259 0.988377929 -0.010921913 0.151226744 -3.640789747 -3.505176544 -11.672619820 0.000000000 0.000000000 -12.000000000 1.096663475 0.126404986 0.024578286 0.001483423 0.023847178 0.001399153
1776849925.188133478 0.624840379 -0.041497055 0.228241205 0.010964154 0.988377512 -0.010930274 0.151229158 -3.634275436 -3.509988070 -11.683801651 0.000000000 0.000000000 -12.000000000 1.083718300 0.126907095 0.024587719 0.001485873 0.023865240 0.001401268
1776849925.193095446 0.624837995 -0.041503381 0.228238791 0.010960083 0.988377750 -0.010938304 0.151227102 -3.627701759 -3.514638186 -11.695208549 0.000000000 0.000000000 -12.000000000 1.070551872 0.127419919 0.024596782 0.001488338 0.023883082 0.001403392
1776849925.198099852 0.624836743 -0.041509122 0.228237331 0.010956340 0.988377810 -0.010945701 0.151226342 -3.621093273 -3.519125462 -11.706856728 0.000000000 0.000000000 -12.000000000 1.057158470 0.127886951 0.024605474 0.001490781 0.023900701 0.001405523
1776849925.203089476 0.624835730 -0.041514594 0.228236109 0.010952586 0.988377929 -0.010952782 0.151225656 -3.614474535 -3.523450613 -11.718766212 0.000000000 0.000000000 -12.000000000 1.043527603 0.127543688 0.024613777 0.001492678 0.023918092 0.001407649
1776849925.208495855 0.624834538 -0.041520469 0.228234679 0.010948800 0.988377988 -0.010960270 0.151224926 -3.607869864 -3.527616262 -11.730950356 0.000000000 0.000000000 -12.000000000 1.029650688 0.128015190 0.024621686 0.001495126 0.023935253 0.001409782
1776849925.213074923 0.624832988 -0.041526049 0.228233337 0.010944833 0.988378108 -0.010967675 0.151223689 -3.601302862 -3.531625986 -11.743426323 0.000000000 0.000000000 -12.000000000 1.015520096 0.128487587 0.024629192 0.001497582 0.023952179 0.001411924
1776849925.218084574 0.624831855 -0.041532174 0.228232056 0.010940979 0.988378167 -0.010975435 0.151222974 -3.594796896 -3.535485744 -11.756204605 0.000000000 0.000000000 -12.000000000 1.001132011 0.128970653 0.024636285 0.001500054 0.023968864 0.001414073
1776849925.223099470 0.624830604 -0.041538212 0.228230834 0.010937112 0.988378286 -0.010983086 0.151222020 -3.588375092 -3.539201736 -11.769296646 0.000000000 0.000000000 -12.000000000 0.986479759 0.129462123 0.024642959 0.001502539 0.023985306 0.001416231
1776849925.228103638 0.624829292 -0.041543797 0.228229582 0.010933636 0.988378406 -0.010990158 0.151221037 -3.582059622 -3.542781591 -11.782706261 0.000000000 0.000000000 -12.000000000 0.971567154 0.129955143 0.024649208 0.001505034 0.024001498 0.001418397
1776849925.233144045 0.624827683 -0.041549578 0.228228122 0.010930068 0.988378584 -0.010997375 0.151219726 -3.575872183 -3.546233654 -11.796439171 0.000000000 0.000000000 -12.000000000 0.956395149 0.130450726 0.024655035 0.001507538 0.024017438 0.001420571
1776849925.238153696 0.624826312 -0.041555755 0.228226840 0.010926583 0.988378704 -0.011004958 0.151218623 -3.569833279 -3.549565792 -11.810492516 0.000000000 0.000000000 -12.000000000 0.940970421 0.131459862 0.024660435 0.001510402 0.024033122 0.001422762
1776849925.243285418 0.624824822 -0.041561998 0.228225589 0.010923004 0.988378823 -0.011012589 0.151217386 -3.563962460 -3.552786589 -11.824863434 0.000000000 0.000000000 -12.000000000 0.925300598 0.131979316 0.024665410 0.001512948 0.024048543 0.001424962
1776849925.248135090 0.624823391 -0.041568324 0.228224307 0.010919587 0.988378942 -0.011020212 0.151216224 -3.558278084 -3.555904388 -11.839542389 0.000000000 0.000000000 -12.000000000 0.909399033 0.132505536 0.024669966 0.001515507 0.024063699 0.001427170
1776849925.253108501 0.624821544 -0.041574925 0.228222698 0.010916030 0.988379180 -0.011028191 0.151214629 -3.552796602 -3.558927059 -11.854518890 0.000000000 0.000000000 -12.000000000 0.893282890 0.133035764 0.024674108 0.001518078 0.024078587 0.001429388
1776849925.258156538 0.624819756 -0.041581210 0.228221148 0.010912399 0.988379359 -0.011035888 0.151213109 -3.547533035 -3.561862230 -11.869775772 0.000000000 0.000000000 -12.000000000 0.876970291 0.133575439 0.024677850 0.001520664 0.024093203 0.001431614
1776849925.263101101 0.624818146 -0.041587099 0.228219837 0.010909421 0.988379478 -0.011042872 0.151211753 -3.542500496 -3.564717293 -11.885295868 0.000000000 0.000000000 -12.000000000 0.860480309 0.134126812 0.024681197 0.001523267 0.024107544 0.001433849
1776849925.268108606 0.624816656 -0.041593026 0.228218436 0.010906352 0.988379657 -0.011049930 0.151210502 -3.537710190 -3.567498446 -11.901057243 0.000000000 0.000000000 -12.000000000 0.843836784 0.133977056 0.024684167 0.001525400 0.024121609 0.001436082
1776849925.273456097 0.624814928 -0.041598540 0.228216946 0.010903032 0.988379836 -0.011056785 0.151208982 -3.533172131 -3.570212364 -11.917035103 0.000000000 0.000000000 -12.000000000 0.827066422 0.134539634 0.024686771 0.001528018 0.024135392 0.001438324
1776849925.278140068 0.624813259 -0.041604072 0.228215694 0.010899810 0.988380015 -0.011063576 0.151207551 -3.528893471 -3.572864771 -11.933202744 0.000000000 0.000000000 -12.000000000 0.810196877 0.135114282 0.024689028 0.001530653 0.024148896 0.001440576
1776849925.283676386 0.624811769 -0.041609097 0.228214264 0.010896955 0.988380194 -0.011069756 0.151206210 -3.524880171 -3.575460911 -11.949531555 0.000000000 0.000000000 -12.000000000 0.793255806 0.135694295 0.024690954 0.001533301 0.024162117 0.001442838
1776849925.288161516 0.624810636 -0.041614115 0.228213221 0.010894071 0.988380253 -0.011075946 0.151205391 -3.521136284 -3.578005552 -11.965990067 0.000000000 0.000000000 -12.000000000 0.776273727 0.136286199 0.024692571 0.001535967 0.024175055 0.001445109
1776849925.293555975 0.624808967 -0.041619048 0.228211761 0.010891065 0.988380432 -0.011082093 0.151204005 -3.517663956 -3.580503225 -11.982547760 0.000000000 0.000000000 -12.000000000 0.759280205 0.136823773 0.024693897 0.001538606 0.024187710 0.001447390
1776849925.298147678 0.624807417 -0.041624047 0.228210479 0.010888029 0.988380611 -0.011088349 0.151202649 -3.514463663 -3.582957983 -11.999169350 0.000000000 0.000000000 -12.000000000 0.742308617 0.137424558 0.024694955 0.001541296 0.024200082 0.001449680
1776849925.303252220 0.624806046 -0.041628875 0.228209227 0.010884888 0.988380790 -0.011094510 0.151201442 -3.511534691 -3.585373640 -12.015821457 0.000000000 0.000000000 -12.000000000 0.725390434 0.138035715 0.024695765 0.001544005 0.024212172 0.001451981
1776849925.308383703 0.624804795 -0.041633837 0.228208035 0.010881638 0.988380909 -0.011100908 0.151200429 -3.508874178 -3.587754250 -12.032469749 0.000000000 0.000000000 -12.000000000 0.708558083 0.138239160 0.024696354 0.001546444 0.024223981 0.001454285
1776849925.313455343 0.624803185 -0.041638710 0.228206754 0.010878293 0.988381088 -0.011107266 0.151199013 -3.506478548 -3.590102911 -12.049077034 0.000000000 0.000000000 -12.000000000 0.691844940 0.137113705 0.024696743 0.001547979 0.024235513 0.001456570
1776849925.318399429 0.624801636 -0.041643575 0.228205383 0.010875023 0.988381267 -0.011113521 0.151197627 -3.504341602 -3.592423201 -12.065609932 0.000000000 0.000000000 -12.000000000 0.675280571 0.137740836 0.024696954 0.001550693 0.024246767 0.001458866
1776849925.323402643 0.624799907 -0.041648313 0.228203982 0.010871910 0.988381445 -0.011119643 0.151196092 -3.502456903 -3.594718695 -12.082032204 0.000000000 0.000000000 -12.000000000 0.658896446 0.138372019 0.024697013 0.001553420 0.024257749 0.001461172
1776849925.328180075 0.624798238 -0.041653294 0.228202552 0.010868588 0.988381624 -0.011126041 0.151194632 -3.500816345 -3.596993208 -12.098310471 0.000000000 0.000000000 -12.000000000 0.642723083 0.139013231 0.024696944 0.001556164 0.024268461 0.001463489
1776849925.333418369 0.624796927 -0.041658174 0.228201210 0.010865040 0.988381743 -0.011132546 0.151193559 -3.499410391 -3.599250078 -12.114410400 0.000000000 0.000000000 -12.000000000 0.626790047 0.139667571 0.024696767 0.001558928 0.024278907 0.001465817
1776849925.338389635 0.624795258 -0.041663259 0.228199750 0.010861295 0.988381982 -0.011139362 0.151192069 -3.498229265 -3.601493597 -12.130300522 0.000000000 0.000000000 -12.000000000 0.611123085 0.140323311 0.024696507 0.001561704 0.024289092 0.001468155
1776849925.343416214 0.624793351 -0.041668501 0.228198200 0.010857319 0.988382161 -0.011146444 0.151190370 -3.497262001 -3.603727579 -12.145950317 0.000000000 0.000000000 -12.000000000 0.595749855 0.140987843 0.024696188 0.001564497 0.024299022 0.001470505
1776849925.348068953 0.624791741 -0.041673735 0.228196770 0.010853239 0.988382339 -0.011153592 0.151188955 -3.496497393 -3.605956316 -12.161330223 0.000000000 0.000000000 -12.000000000 0.580692291 0.141663119 0.024695829 0.001567308 0.024308700 0.001472866
1776849925.353360415 0.624790013 -0.041679103 0.228195190 0.010849304 0.988382578 -0.011160715 0.151187524 -3.495923281 -3.608183146 -12.176414490 0.000000000 0.000000000 -12.000000000 0.565973282 0.142345101 0.024695449 0.001570135 0.024318133 0.001475238
1776849925.358194828 0.624787807 -0.041684382 0.228193313 0.010845718 0.988382816 -0.011167577 0.151185423 -3.495527506 -3.610411644 -12.191178322 0.000000000 0.000000000 -12.000000000 0.551610947 0.143021107 0.024695067 0.001572970 0.024327327 0.001477622
1776849925.363113403 0.624785542 -0.041689955 0.228191346 0.010842174 0.988383114 -0.011174638 0.151183426 -3.495297432 -3.612643957 -12.205599785 0.000000000 0.000000000 -12.000000000 0.537623405 0.143350944 0.024694704 0.001575579 0.024336288 0.001480011
1776849925.368413210 0.624783516 -0.041695274 0.228189617 0.010838921 0.988383293 -0.011181315 0.151181728 -3.495220184 -3.614882708 -12.219656944 0.000000000 0.000000000 -12.000000000 0.524025917 0.144049957 0.024694372 0.001578446 0.024345022 0.001482412
1776849925.373290777 0.624781668 -0.041700646 0.228187829 0.010835479 0.988383532 -0.011188155 0.151180133 -3.495282888 -3.617128611 -12.233334541 0.000000000 0.000000000 -12.000000000 0.510832787 0.144761890 0.024694091 0.001581333 0.024353536 0.001484825
1776849925.378096581 0.624779463 -0.041705705 0.228185952 0.010831960 0.988383770 -0.011194802 0.151178226 -3.495473385 -3.619382620 -12.246617317 0.000000000 0.000000000 -12.000000000 0.498050690 0.145467728 0.024693869 0.001584228 0.024361836 0.001487249
1776849925.383121252 0.624777019 -0.041710507 0.228183776 0.010828452 0.988384068 -0.011201169 0.151175946 -3.495779037 -3.621644497 -12.259492874 0.000000000 0.000000000 -12.000000000 0.485690117 0.146175146 0.024693724 0.001587136 0.024369931 0.001489686
1776849925.388141632 0.624774933 -0.041715700 0.228181958 0.010825128 0.988384306 -0.011207816 0.151174083 -3.496187925 -3.623913765 -12.271952629 0.000000000 0.000000000 -12.000000000 0.473756790 0.146902427 0.024693664 0.001590069 0.024377827 0.001492134
1776849925.393143654 0.624772549 -0.041720916 0.228179932 0.010821851 0.988384604 -0.011214393 0.151171967 -3.496688843 -3.626189232 -12.283991814 0.000000000 0.000000000 -12.000000000 0.462249756 0.147630170 0.024693698 0.001593015 0.024385531 0.001494595
1776849925.398148298 0.624770284 -0.041726209 0.228177905 0.010818934 0.988384902 -0.011220833 0.151169926 -3.497270823 -3.628469706 -12.295607567 0.000000000 0.000000000 -12.000000000 0.451168060 0.148368821 0.024693828 0.001595980 0.024393050 0.001497067
1776849925.403554678 0.624768138 -0.041731406 0.228175998 0.010815746 0.988385141 -0.011227358 0.151168168 -3.497923613 -3.630752563 -12.306800842 0.000000000 0.000000000 -12.000000000 0.440510750 0.149114937 0.024694066 0.001598962 0.024400393 0.001499553
1776849925.408094883 0.624765992 -0.041736215 0.228174001 0.010812061 0.988385379 -0.011233890 0.151166230 -3.498637676 -3.633035660 -12.317575455 0.000000000 0.000000000 -12.000000000 0.430271149 0.149863571 0.024694411 0.001601959 0.024407564 0.001502050
1776849925.413181543 0.624764085 -0.041740879 0.228172153 0.010808276 0.988385618 -0.011240357 0.151164547 -3.499403715 -3.635316610 -12.327937126 0.000000000 0.000000000 -12.000000000 0.420438766 0.150618777 0.024694864 0.001604973 0.024414571 0.001504560
1776849925.418132782 0.624762058 -0.041745491 0.228170305 0.010804350 0.988385797 -0.011246896 0.151162937 -3.500213146 -3.637592077 -12.337896347 0.000000000 0.000000000 -12.000000000 0.411003113 0.151606023 0.024695424 0.001608158 0.024421422 0.001507087
1776849925.423170805 0.624759793 -0.041750614 0.228168160 0.010800447 0.988386095 -0.011253824 0.151160866 -3.501057863 -3.639859915 -12.347465515 0.000000000 0.000000000 -12.000000000 0.401949883 0.152371883 0.024696087 0.001611208 0.024428122 0.001509627
1776849925.428174734 0.624757946 -0.041755546 0.228166521 0.010796558 0.988386273 -0.011260558 0.151159361 -3.501930714 -3.642117023 -12.356657982 0.000000000 0.000000000 -12.000000000 0.393266678 0.153152794 0.024696855 0.001614281 0.024434676 0.001512179
1776849925.433435440 0.624755979 -0.041760162 0.228164703 0.010793000 0.988386512 -0.011266834 0.151157722 -3.502824783 -3.644360781 -12.365490913 0.000000000 0.000000000 -12.000000000 0.384931564 0.153930113 0.024697712 0.001617365 0.024441091 0.001514745
1776849925.438213110 0.624754190 -0.041764621 0.228162885 0.010789331 0.988386750 -0.011273073 0.151156068 -3.503733635 -3.646589041 -12.373984337 0.000000000 0.000000000 -12.000000000 0.376925468 0.154712647 0.024698658 0.001620465 0.024447374 0.001517323
1776849925.443092346 0.624752223 -0.041769147 0.228161246 0.010785474 0.988386989 -0.011279481 0.151154369 -3.504652023 -3.648799181 -12.382157326 0.000000000 0.000000000 -12.000000000 0.369230270 0.155501828 0.024699682 0.001623583 0.024453528 0.001519915
1776849925.448133945 0.624750137 -0.041773777 0.228159428 0.010781559 0.988387227 -0.011286038 0.151152536 -3.505574703 -3.650988817 -12.390032768 0.000000000 0.000000000 -12.000000000 0.361821175 0.153722510 0.024700774 0.001624959 0.024459559 0.001522477
1776849925.453198671 0.624748349 -0.041778643 0.228157789 0.010777726 0.988387406 -0.011292710 0.151150927 -3.506496906 -3.653156042 -12.397633553 0.000000000 0.000000000 -12.000000000 0.354674339 0.154528886 0.024701921 0.001628072 0.024465472 0.001525053
1776849925.458292723 0.624746501 -0.041783296 0.228156120 0.010773730 0.988387644 -0.011299271 0.151149288 -3.507415056 -3.655299187 -12.404982567 0.000000000 0.000000000 -12.000000000 0.347769737 0.155337527 0.024703115 0.001631200 0.024471268 0.001527642
1776849925.463327885 0.624744773 -0.041788004 0.228154719 0.010769739 0.988387823 -0.011305931 0.151147798 -3.508325338 -3.657416344 -12.412105560 0.000000000 0.000000000 -12.000000000 0.341079712 0.156153291 0.024704339 0.001634346 0.024476953 0.001530244
1776849925.468460798 0.624742985 -0.041792717 0.228153110 0.010765814 0.988388062 -0.011312556 0.151146159 -3.509224892 -3.659506083 -12.419027328 0.000000000 0.000000000 -12.000000000 0.334579468 0.156972945 0.024705583 0.001637509 0.024482530 0.001532860
1776849925.473399878 0.624741256 -0.041797563 0.228151590 0.010762007 0.988388240 -0.011319193 0.151144609 -3.510110378 -3.661566973 -12.425773621 0.000000000 0.000000000 -12.000000000 0.328244209 0.157799318 0.024706829 0.001640690 0.024488000 0.001535490
1776849925.478215456 0.624739408 -0.041802641 0.228149921 0.010757997 0.988388479 -0.011326122 0.151142895 -3.510979891 -3.663597822 -12.432369232 0.000000000 0.000000000 -12.000000000 0.322052002 0.158633009 0.024708070 0.001643889 0.024493368 0.001538134
1776849925.483398199 0.624737501 -0.041807234 0.228148371 0.010753798 0.988388717 -0.011332869 0.151141122 -3.511831284 -3.665597916 -12.438838959 0.000000000 0.000000000 -12.000000000 0.315976143 0.159461275 0.024709284 0.001647099 0.024498634 0.001540792
1776849925.488104343 0.624735832 -0.041812234 0.228147089 0.010749689 0.988388896 -0.011339791 0.151139677 -3.512662888 -3.667566061 -12.445206642 0.000000000 0.000000000 -12.000000000 0.309994698 0.160305202 0.024710463 0.001650334 0.024503801 0.001543464
1776849925.493811131 0.624734104 -0.041816980 0.228145421 0.010745702 0.988389134 -0.011346479 0.151138037 -3.513473749 -3.669501781 -12.451496124 0.000000000 0.000000000 -12.000000000 0.304083824 0.161147282 0.024711592 0.001653581 0.024508869 0.001546149
1776849925.498600006 0.624732316 -0.041821718 0.228144020 0.010741713 0.988389313 -0.011353184 0.151136458 -3.514262676 -3.671403646 -12.457730293 0.000000000 0.000000000 -12.000000000 0.298222542 0.161991864 0.024712654 0.001656844 0.024513839 0.001548849
1776849925.503523111 0.624730706 -0.041826382 0.228142530 0.010737756 0.988389552 -0.011359729 0.151134998 -3.515029430 -3.673271179 -12.463929176 0.000000000 0.000000000 -12.000000000 0.292389870 0.162845045 0.024713637 0.001660127 0.024518711 0.001551563
1776849925.508136988 0.624728978 -0.041830868 0.228141010 0.010733808 0.988389730 -0.011366196 0.151133493 -3.515773535 -3.675103426 -12.470111847 0.000000000 0.000000000 -12.000000000 0.286569595 0.163694814 0.024714533 0.001663422 0.024523487 0.001554292
1776849925.513354063 0.624727309 -0.041835193 0.228139669 0.010730229 0.988389909 -0.011372230 0.151132032 -3.516495228 -3.676899433 -12.476298332 0.000000000 0.000000000 -12.000000000 0.280742645 0.161910251 0.024715329 0.001664930 0.024528166 0.001556990
1776849925.518220901 0.624726057 -0.041839276 0.228138357 0.010726391 0.988390088 -0.011378228 0.151130944 -3.517194748 -3.678658962 -12.482501984 0.000000000 0.000000000 -12.000000000 0.274894714 0.162773609 0.024716012 0.001668219 0.024532748 0.001559703
1776849925.523391485 0.624724090 -0.041843537 0.228136778 0.010722944 0.988390326 -0.011384134 0.151129171 -3.517873049 -3.680381775 -12.488739967 0.000000000 0.000000000 -12.000000000 0.269011497 0.163628906 0.024716573 0.001671516 0.024537232 0.001562430
1776849925.528193235 0.624722600 -0.041847680 0.228135407 0.010719256 0.988390505 -0.011390116 0.151127830 -3.518530846 -3.682067633 -12.495022774 0.000000000 0.000000000 -12.000000000 0.263081551 0.164496586 0.024717005 0.001674836 0.024541616 0.001565172
1776849925.533478737 0.624720991 -0.041851960 0.228134036 0.010715535 0.988390684 -0.011396189 0.151126310 -3.519169569 -3.683716297 -12.501363754 0.000000000 0.000000000 -12.000000000 0.257095337 0.165368319 0.024717297 0.001678173 0.024545901 0.001567928
1776849925.538511276 0.624719143 -0.041856427 0.228132546 0.010711703 0.988390923 -0.011402551 0.151124671 -3.519790649 -3.685328007 -12.507770538 0.000000000 0.000000000 -12.000000000 0.251043320 0.166242510 0.024717446 0.001681527 0.024550084 0.001570699
1776849925.543408394 0.624717593 -0.041861318 0.228131115 0.010707686 0.988391101 -0.011409338 0.151123241 -3.520395279 -3.686903238 -12.514251709 0.000000000 0.000000000 -12.000000000 0.244917870 0.166225553 0.024717445 0.001684286 0.024554165 0.001573469
1776849925.548121691 0.624716043 -0.041866016 0.228129894 0.010703368 0.988391280 -0.011416190 0.151121736 -3.520984888 -3.688441992 -12.520812035 0.000000000 0.000000000 -12.000000000 0.238716125 0.168138623 0.024717288 0.001688364 0.024558144 0.001576271
1776849925.553456545 0.624714613 -0.041870870 0.228128731 0.010698917 0.988391459 -0.011423280 0.151120499 -3.521561384 -3.689945221 -12.527457237 0.000000000 0.000000000 -12.000000000 0.232433319 0.169040963 0.024716973 0.001691783 0.024562018 0.001579089
1776849925.558113337 0.624712884 -0.041876033 0.228127360 0.010694537 0.988391638 -0.011430598 0.151118889 -3.522125483 -3.691413879 -12.534190178 0.000000000 0.000000000 -12.000000000 0.226064682 0.169941813 0.024716496 0.001695216 0.024565786 0.001581921
1776849925.563453913 0.624711335 -0.041881375 0.228126079 0.010689809 0.988391817 -0.011438222 0.151117504 -3.522678852 -3.692848921 -12.541009903 0.000000000 0.000000000 -12.000000000 0.219614029 0.170857638 0.024715856 0.001698674 0.024569446 0.001584769
1776849925.568432570 0.624709964 -0.041886874 0.228124797 0.010684940 0.988391995 -0.011446143 0.151116267 -3.523221970 -3.694252491 -12.547917366 0.000000000 0.000000000 -12.000000000 0.213078499 0.172895849 0.024715051 0.001702914 0.024572998 0.001587650
1776849925.573183060 0.624708235 -0.041892610 0.228123486 0.010680005 0.988392174 -0.011454278 0.151114628 -3.523756027 -3.695626497 -12.554910660 0.000000000 0.000000000 -12.000000000 0.206461906 0.173819318 0.024714081 0.001706427 0.024576439 0.001590547
1776849925.578430414 0.624706626 -0.041897900 0.228122205 0.010675165 0.988392353 -0.011462019 0.151113153 -3.524281740 -3.696972847 -12.561985970 0.000000000 0.000000000 -12.000000000 0.199765205 0.173946336 0.024712944 0.001709411 0.024579767 0.001593446
1776849925.583326340 0.624705136 -0.041903298 0.228120863 0.010670473 0.988392532 -0.011469712 0.151111811 -3.524799109 -3.698294163 -12.569139481 0.000000000 0.000000000 -12.000000000 0.192994118 0.176214859 0.024711646 0.001713860 0.024582984 0.001596383
1776849925.588417053 0.624703646 -0.041908883 0.228119642 0.010665557 0.988392711 -0.011477713 0.151110530 -3.525308609 -3.699593067 -12.576364517 0.000000000 0.000000000 -12.000000000 0.186154366 0.176062301 0.024710190 0.001716693 0.024586087 0.001599318
1776849925.593213558 0.624701917 -0.041914292 0.228118122 0.010660548 0.988392889 -0.011485598 0.151108891 -3.525810480 -3.700872183 -12.583654404 0.000000000 0.000000000 -12.000000000 0.179253578 0.177686155 0.024708577 0.001720737 0.024589075 0.001602279
1776849925.598564863 0.624700546 -0.041920155 0.228117019 0.010655452 0.988393009 -0.011493967 0.151107773 -3.526304483 -3.702133894 -12.591001511 0.000000000 0.000000000 -12.000000000 0.172296524 0.178635404 0.024706811 0.001724347 0.024591947 0.001605256
1776849925.603487730 0.624698877 -0.041925877 0.228115618 0.010650289 0.988393247 -0.011502277 0.151106179 -3.526790380 -3.703381300 -12.598397255 0.000000000 0.000000000 -12.000000000 0.165290833 0.179455772 0.024704896 0.001727885 0.024594702 0.001608247
1776849925.608527184 0.624697208 -0.041931562 0.228114337 0.010645221 0.988393426 -0.011510469 0.151104674 -3.527267694 -3.704617262 -12.605831146 0.000000000 0.000000000 -12.000000000 0.158247948 0.180402756 0.024702838 0.001731523 0.024597339 0.001611254
1776849925.613265514 0.624695837 -0.041937392 0.228113174 0.010640283 0.988393605 -0.011518685 0.151103407 -3.527735949 -3.705844402 -12.613294601 0.000000000 0.000000000 -12.000000000 0.151175499 0.181364238 0.024700643 0.001735186 0.024599859 0.001614277
1776849925.618178844 0.624694467 -0.041943371 0.228112131 0.010635097 0.988393724 -0.011527197 0.151102215 -3.528193712 -3.707065105 -12.620777130 0.000000000 0.000000000 -12.000000000 0.144082069 0.182331324 0.024698315 0.001738870 0.024602260 0.001617316
1776849925.623186827 0.624693036 -0.041949287 0.228110969 0.010629778 0.988393903 -0.011535747 0.151100814 -3.528639555 -3.708281279 -12.628266335 0.000000000 0.000000000 -12.000000000 0.124468803 0.183500290 0.024687314 0.001742708 0.024604335 0.001620374
1776849925.628523350 0.624691486 -0.041955523 0.228109866 0.010624181 0.988394082 -0.011544757 0.151099429 -3.529072046 -3.709494591 -12.635751724 0.000000000 0.000000000 -12.000000000 0.117364883 0.185512036 0.024684535 0.001747141 0.024606291 0.001623466
1776849925.633637428 0.624690115 -0.041962218 0.228108704 0.010618364 0.988394201 -0.011554294 0.151098117 -3.529488802 -3.710706472 -12.643221855 0.000000000 0.000000000 -12.000000000 0.110269547 0.186500281 0.024681643 0.001750908 0.024608130 0.001626574
1776849925.638269901 0.624688804 -0.041968498 0.228107691 0.010612555 0.988394380 -0.011563456 0.151096880 -3.529887438 -3.711917400 -12.650666237 0.000000000 0.000000000 -12.000000000 0.103196144 0.187487155 0.024678646 0.001754690 0.024609849 0.001629699
1776849925.643247366 0.624687493 -0.041974761 0.228106737 0.010607126 0.988394499 -0.011572395 0.151095718 -3.530266285 -3.713127851 -12.658073425 0.000000000 0.000000000 -12.000000000 0.096150398 0.188107848 0.024675552 0.001758239 0.024611451 0.001632834
1776849925.648113966 0.624686182 -0.041981284 0.228105783 0.010601408 0.988394618 -0.011581728 0.151094466 -3.530622482 -3.714338064 -12.665431023 0.000000000 0.000000000 -12.000000000 0.089146614 0.188038945 0.024672369 0.001761327 0.024612937 0.001635968
1776849925.653233290 0.624685764 -0.041991416 0.228105396 0.010594253 0.988394558 -0.011595043 0.151094496 -3.530953884 -3.715547323 -12.672729492 0.000000000 0.000000000 -12.000000000 0.082191467 0.189134657 0.024669100 0.001765210 0.024614306 0.001639121
1776849925.658468485 0.624684811 -0.042000841 0.228104770 0.010585953 0.988394618 -0.011608557 0.151093706 -3.531257629 -3.716756105 -12.679957390 0.000000000 0.000000000 -12.000000000 0.075294495 0.190196514 0.024665758 0.001769088 0.024615562 0.001642291
1776849925.663620949 0.624683380 -0.042010684 0.228103817 0.010577334 0.988394737 -0.011622618 0.151092291 -3.531530857 -3.717963934 -12.687104225 0.000000000 0.000000000 -12.000000000 0.068466187 0.191262826 0.024662348 0.001772987 0.024616703 0.001645478
1776849925.668394089 0.624682307 -0.042021159 0.228103250 0.010568117 0.988394797 -0.011637655 0.151091293 -3.531770706 -3.719171524 -12.694157600 0.000000000 0.000000000 -12.000000000 0.061717987 0.192107871 0.024658877 0.001776752 0.024617732 0.001648680
1776849925.673332691 0.624680877 -0.042032041 0.228102475 0.010558589 0.988394916 -0.011653175 0.151089907 -3.531973600 -3.720379353 -12.701107979 0.000000000 0.000000000 -12.000000000 0.055056572 0.193198740 0.024655355 0.001780699 0.024618650 0.001651900
1776849925.678364038 0.624679267 -0.042042285 0.228101432 0.010549429 0.988395095 -0.011667913 0.151088312 -3.532135248 -3.721588850 -12.707945824 0.000000000 0.000000000 -12.000000000 0.048490524 0.194274068 0.024651784 0.001784654 0.024619458 0.001655138
1776849925.683160067 0.624677658 -0.042052876 0.228100389 0.010540325 0.988395274 -0.011682949 0.151086733 -3.532252312 -3.722800970 -12.714660645 0.000000000 0.000000000 -12.000000000 0.042028427 0.195358574 0.024648178 0.001788633 0.024620159 0.001658394
1776849925.688470602 0.624675870 -0.042064011 0.228099287 0.010530678 0.988395452 -0.011698795 0.151085019 -3.532319784 -3.724017859 -12.721242905 0.000000000 0.000000000 -12.000000000 0.035676003 0.196456462 0.024644537 0.001792639 0.024620753 0.001661668
1776849925.694863319 0.624674022 -0.042075831 0.228098184 0.010520542 0.988395631 -0.011715575 0.151083276 -3.532333851 -3.725240946 -12.727684975 0.000000000 0.000000000 -12.000000000 0.029441833 0.198986515 0.024640871 0.001797642 0.024621243 0.001664985
1776849925.698536873 0.624672234 -0.042088374 0.228097141 0.010509543 0.988395810 -0.011733509 0.151081502 -3.532289982 -3.726471901 -12.733979225 0.000000000 0.000000000 -12.000000000 0.023330688 0.200134933 0.024637185 0.001801743 0.024621632 0.001668320
1776849925.703141928 0.624670506 -0.042101130 0.228096068 0.010498358 0.988395989 -0.011751721 0.151079774 -3.532183886 -3.727712631 -12.740117073 0.000000000 0.000000000 -12.000000000 0.017350197 0.201294333 0.024633488 0.001805871 0.024621921 0.001671675
1776849925.708431244 0.624668658 -0.042114008 0.228094965 0.010487431 0.988396168 -0.011769898 0.151077971 -3.532011509 -3.728964806 -12.746091843 0.000000000 0.000000000 -12.000000000 0.011505127 0.202456772 0.024629783 0.001810020 0.024622113 0.001675049
1776849925.713167429 0.624666810 -0.042126391 0.228093922 0.010476621 0.988396287 -0.011787551 0.151076198 -3.531768560 -3.730229139 -12.751896858 0.000000000 0.000000000 -12.000000000 0.005798340 0.203608274 0.024626074 0.001814182 0.024622209 0.001678443
1776849925.718169451 0.624664724 -0.042139322 0.228092760 0.010465502 0.988396525 -0.011805943 0.151074141 -3.531450987 -3.731506586 -12.757524490 0.000000000 0.000000000 -12.000000000 0.000238419 0.204773098 0.024622371 0.001818371 0.024622213 0.001681856
1776849925.723126173 0.624662757 -0.042152513 0.228091627 0.010454112 0.988396704 -0.011824667 0.151072189 -3.531054497 -3.732796907 -12.762969017 0.000000000 0.000000000 -12.000000000 -0.005170822 0.205948904 0.024618680 0.001822587 0.024622127 0.001685288
1776849925.728091002 0.624660909 -0.042165440 0.228090584 0.010442601 0.988396883 -0.011843233 0.151070356 -3.530574799 -3.734099150 -12.768224716 0.000000000 0.000000000 -12.000000000 -0.010427475 0.207123727 0.024615003 0.001826823 0.024621954 0.001688740
1776849925.733121395 0.624658942 -0.042177320 0.228089273 0.010432042 0.988397121 -0.011860324 0.151068300 -3.530007839 -3.735412121 -12.773283958 0.000000000 0.000000000 -12.000000000 -0.015522003 0.208273560 0.024611346 0.001831060 0.024621695 0.001692211
1776849925.738153696 0.624656796 -0.042188685 0.228087902 0.010422236 0.988397360 -0.011876485 0.151066273 -3.529349566 -3.736734152 -12.778143883 0.000000000 0.000000000 -12.000000000 -0.020453453 0.209412605 0.024607718 0.001835310 0.024621354 0.001695702
1776849925.743108511 0.624654651 -0.042200144 0.228086591 0.010412165 0.988397598 -0.011892878 0.151064157 -3.528595686 -3.738063097 -12.782798767 0.000000000 0.000000000 -12.000000000 -0.025219917 0.210557118 0.024604119 0.001839582 0.024620933 0.001699211
1776849925.748131514 0.624652565 -0.042211767 0.228085279 0.010401828 0.988397777 -0.011909607 0.151062056 -3.527742624 -3.739396334 -12.787245750 0.000000000 0.000000000 -12.000000000 -0.029816628 0.211712942 0.024600558 0.001843881 0.024620436 0.001702740
1776849925.753467560 0.624650598 -0.042222798 0.228084058 0.010392079 0.988398015 -0.011925431 0.151060119 -3.526786089 -3.740730762 -12.791481972 0.000000000 0.000000000 -12.000000000 -0.034244537 0.212860852 0.024597036 0.001848194 0.024619866 0.001706287
1776849925.758182764 0.624648392 -0.042233355 0.228082746 0.010382910 0.988398254 -0.011940468 0.151057944 -3.525722742 -3.742063522 -12.795508385 0.000000000 0.000000000 -12.000000000 -0.038502693 0.213996843 0.024593554 0.001852518 0.024619224 0.001709854
1776849925.763431787 0.624646485 -0.042243239 0.228081465 0.010374289 0.988398492 -0.011954563 0.151056081 -3.524549246 -3.743390799 -12.799323082 0.000000000 0.000000000 -12.000000000 -0.042591095 0.215566278 0.024590120 0.001857157 0.024618514 0.001713447
1776849925.768098116 0.624642849 -0.042261049 0.228079081 0.010358943 0.988398850 -0.011979826 0.151052430 -3.523262262 -3.744708776 -12.802929878 0.000000000 0.000000000 -12.000000000 -0.046513557 0.216837287 0.024586730 0.001861619 0.024617739 0.001717061
1776849925.773113251 0.624642849 -0.042261049 0.228079081 0.010358943 0.988398850 -0.011979826 0.151052430 -3.521858931 -3.746013641 -12.806329727 0.000000000 0.000000000 -12.000000000 -0.050271988 0.217799038 0.024583386 0.001865890 0.024616901 0.001720691
1776849925.778118610 0.624641240 -0.042269088 0.228077918 0.010351767 0.988399029 -0.011991406 0.151050895 -3.520336628 -3.747300625 -12.809528351 0.000000000 0.000000000 -12.000000000 -0.053873062 0.218903914 0.024580088 0.001870275 0.024616003 0.001724339
1776849925.783476830 0.624639452 -0.042277448 0.228076696 0.010344477 0.988399267 -0.012003327 0.151049092 -3.518693447 -3.748565912 -12.812529564 0.000000000 0.000000000 -12.000000000 -0.057319641 0.220015377 0.024576835 0.001874683 0.024615047 0.001728006
1776849925.788449526 0.624637842 -0.042285778 0.228075713 0.010336894 0.988399386 -0.012015466 0.151047587 -3.516927719 -3.749805212 -12.815340996 0.000000000 0.000000000 -12.000000000 -0.060619354 0.221132368 0.024573624 0.001879113 0.024614038 0.001731692
1776849925.793493509 0.624636292 -0.042294160 0.228074610 0.010329627 0.988399625 -0.012027371 0.151045948 -3.515038252 -3.751014948 -12.817969322 0.000000000 0.000000000 -12.000000000 -0.063776016 0.222254142 0.024570458 0.001883565 0.024612974 0.001735396
1776849925.798162460 0.624634445 -0.042301927 0.228073508 0.010322950 0.988399804 -0.012038432 0.151044220 -3.513024569 -3.752191305 -12.820423126 0.000000000 0.000000000 -12.000000000 -0.067803383 0.223000646 0.024566641 0.001887780 0.024611844 0.001739112
1776849925.803506136 0.624632597 -0.042309374 0.228072226 0.010316405 0.988399982 -0.012049042 0.151042432 -3.510886908 -3.753331423 -12.822710037 0.000000000 0.000000000 -12.000000000 -0.070699692 0.224098802 0.024563532 0.001892247 0.024610665 0.001742847
1776849925.808112144 0.624630928 -0.042316705 0.228071034 0.010309985 0.988400221 -0.012059544 0.151040733 -3.508626223 -3.754431963 -12.824841499 0.000000000 0.000000000 -12.000000000 -0.073480606 0.225199625 0.024560453 0.001896734 0.024609441 0.001746601
1776849925.813115358 0.624629438 -0.042323910 0.228070050 0.010303485 0.988400400 -0.012069934 0.151039273 -3.506243944 -3.755490541 -12.826826096 0.000000000 0.000000000 -12.000000000 -0.076150894 0.226306379 0.024557406 0.001901243 0.024608172 0.001750372
1776849925.818857431 0.624627829 -0.042331103 0.228068888 0.010297253 0.988400578 -0.012080218 0.151037678 -3.503742933 -3.756504536 -12.828675270 0.000000000 0.000000000 -12.000000000 -0.078725815 0.227410346 0.024554377 0.001905769 0.024606861 0.001754163
1776849925.823099613 0.624626219 -0.042338047 0.228067786 0.010291190 0.988400757 -0.012090095 0.151036069 -3.501126289 -3.757472515 -12.830400467 0.000000000 0.000000000 -12.000000000 -0.081211090 0.228513330 0.024551366 0.001910313 0.024605507 0.001757971
1776849925.828325510 0.624623299 -0.042343028 0.228065372 0.010286005 0.988401175 -0.012097714 0.151033103 -3.498397827 -3.758392334 -12.832012177 0.000000000 0.000000000 -12.000000000 -0.083616257 0.229533136 0.024548370 0.001914819 0.024604114 0.001761797
1776849925.833097696 0.624621212 -0.042348325 0.228064001 0.010281744 0.988401413 -0.012105044 0.151031077 -3.495562792 -3.759262800 -12.833520889 0.000000000 0.000000000 -12.000000000 -0.085950851 0.230599374 0.024545381 0.001919373 0.024602681 0.001765640
1776849925.838102102 0.624619424 -0.042352971 0.228062510 0.010277571 0.988401651 -0.012111762 0.151029408 -3.492627144 -3.760082483 -12.834939957 0.000000000 0.000000000 -12.000000000 -0.088226318 0.231653184 0.024542395 0.001923936 0.024601212 0.001769501
1776849925.843116522 0.624617457 -0.042357378 0.228060901 0.010273417 0.988401890 -0.012118266 0.151027396 -3.489597082 -3.760851145 -12.836279869 0.000000000 0.000000000 -12.000000000 -0.090448380 0.232700497 0.024539405 0.001928513 0.024599705 0.001773379
1776849925.848443985 0.624615610 -0.042361658 0.228059471 0.010269628 0.988402128 -0.012124414 0.151025653 -3.486480713 -3.761568069 -12.837553024 0.000000000 0.000000000 -12.000000000 -0.092627525 0.233756006 0.024536408 0.001933113 0.024598161 0.001777275
1776849925.853087902 0.624613702 -0.042366069 0.228058010 0.010265661 0.988402367 -0.012130787 0.151023790 -3.483286619 -3.762232780 -12.838769913 0.000000000 0.000000000 -12.000000000 -0.094772339 0.233601376 0.024533400 0.001936903 0.024596581 0.001781169
1776849925.858162403 0.624611974 -0.042370453 0.228056699 0.010261854 0.988402605 -0.012137016 0.151022136 -3.480023623 -3.762845516 -12.839942932 0.000000000 0.000000000 -12.000000000 -0.096890450 0.234665781 0.024530374 0.001941524 0.024594966 0.001785080
1776849925.863107681 0.624610543 -0.042374760 0.228055596 0.010257821 0.988402784 -0.012143333 0.151020780 -3.476701975 -3.763406754 -12.841084480 0.000000000 0.000000000 -12.000000000 -0.098992348 0.235737696 0.024527321 0.001946167 0.024593316 0.001789009
1776849925.868100405 0.624608994 -0.042378858 0.228054464 0.010254086 0.988402963 -0.012149322 0.151019171 -3.473331928 -3.763916969 -12.842205048 0.000000000 0.000000000 -12.000000000 -0.101083755 0.236803621 0.024524244 0.001950825 0.024591632 0.001792955
1776849925.873086214 0.624607623 -0.042382590 0.228053480 0.010250808 0.988403141 -0.012154692 0.151017860 -3.469924688 -3.764377356 -12.843317986 0.000000000 0.000000000 -12.000000000 -0.094289780 0.237821788 0.024527200 0.001955467 0.024590060 0.001796919
1776849925.878147840 0.624606371 -0.042386197 0.228052527 0.010247642 0.988403320 -0.012159813 0.151016623 -3.466490984 -3.764790297 -12.844434738 0.000000000 0.000000000 -12.000000000 -0.096388817 0.237323955 0.024524195 0.001959091 0.024588455 0.001800875
1776849925.883563995 0.624605179 -0.042389233 0.228051633 0.010244742 0.988403440 -0.012164290 0.151015490 -3.463042736 -3.765157938 -12.845565796 0.000000000 0.000000000 -12.000000000 -0.098501205 0.238377303 0.024521146 0.001963766 0.024586814 0.001804848
1776849925.888267756 0.624604046 -0.042392060 0.228050739 0.010242261 0.988403618 -0.012168330 0.151014358 -3.459591389 -3.765483618 -12.846724510 0.000000000 0.000000000 -12.000000000 -0.100638390 0.239425391 0.024518045 0.001968455 0.024585137 0.001808838
1776849925.893398762 0.624602973 -0.042394947 0.228049934 0.010239736 0.988403738 -0.012172482 0.151013255 -3.456148148 -3.765771627 -12.847920418 0.000000000 0.000000000 -12.000000000 -0.102805138 0.240478799 0.024514887 0.001973165 0.024583424 0.001812846
1776849925.898459673 0.624601960 -0.042397495 0.228049159 0.010237209 0.988403857 -0.012176299 0.151012301 -3.452724218 -3.766026497 -12.849166870 0.000000000 0.000000000 -12.000000000 -0.105011940 0.242249131 0.024511665 0.001978383 0.024581673 0.001816883
1776849925.903443575 0.624601245 -0.042398628 0.228048533 0.010235574 0.988403976 -0.012178418 0.151011646 -3.449330807 -3.766253710 -12.850471497 0.000000000 0.000000000 -12.000000000 -0.107263565 0.243266404 0.024508376 0.001983115 0.024579884 0.001820938
1776849925.908428192 0.624600410 -0.042400584 0.228047848 0.010234055 0.988404036 -0.012181020 0.151010901 -3.445978165 -3.766459942 -12.851845741 0.000000000 0.000000000 -12.000000000 -0.109567642 0.244306371 0.024505014 0.001987880 0.024578059 0.001825009
1776849925.913475275 0.624599576 -0.042402316 0.228047132 0.010232370 0.988404155 -0.012183610 0.151010066 -3.442677021 -3.766651630 -12.853297234 0.000000000 0.000000000 -12.000000000 -0.111928940 0.245339721 0.024501573 0.001992658 0.024576193 0.001829098
1776849925.918225765 0.624598742 -0.042403899 0.228046477 0.010230755 0.988404274 -0.012186034 0.151009277 -3.439437151 -3.766836643 -12.854836464 0.000000000 0.000000000 -12.000000000 -0.114355087 0.246370703 0.024498051 0.001997452 0.024574287 0.001833205
1776849925.923460722 0.624597907 -0.042405479 0.228045821 0.010229566 0.988404393 -0.012188187 0.151008472 -3.436268091 -3.767022133 -12.856468201 0.000000000 0.000000000 -12.000000000 -0.116849899 0.247404799 0.024494439 0.002002265 0.024572339 0.001837328
1776849925.928119659 0.624597192 -0.042406838 0.228045225 0.010228093 0.988404512 -0.012190294 0.151007727 -3.433179617 -3.767216682 -12.858201027 0.000000000 0.000000000 -12.000000000 -0.119417191 0.247942299 0.024490736 0.002006755 0.024570348 0.001841460
1776849925.933488369 0.624596477 -0.042408332 0.228044659 0.010226922 0.988404572 -0.012192368 0.151007056 -3.430180550 -3.767428637 -12.860039711 0.000000000 0.000000000 -12.000000000 -0.122061729 0.250631720 0.024486938 0.002012725 0.024568314 0.001845638
1776849925.938182116 0.624595761 -0.042409461 0.228044003 0.010225652 0.988404691 -0.012194138 0.151006326 -3.427279472 -3.767666578 -12.861989021 0.000000000 0.000000000 -12.000000000 -0.124784470 0.251655340 0.024483044 0.002017602 0.024566233 0.001849832
1776849925.943418741 0.624594867 -0.042410687 0.228043348 0.010224522 0.988404810 -0.012195979 0.151005566 -3.424484253 -3.767939329 -12.864053726 0.000000000 0.000000000 -12.000000000 -0.127590179 0.252680659 0.024479046 0.002022497 0.024564106 0.001854043
1776849925.950359344 0.624594092 -0.042412121 0.228042692 0.010223350 0.988404930 -0.012197955 0.151004791 -3.421802759 -3.768255472 -12.866234779 0.000000000 0.000000000 -12.000000000 -0.130475998 0.253716707 0.024474949 0.002027416 0.024561932 0.001858272
1776849925.953396082 0.624593377 -0.042413134 0.228042066 0.010222171 0.988404989 -0.012199592 0.151004091 -3.419241905 -3.768624067 -12.868535042 0.000000000 0.000000000 -12.000000000 -0.133444786 0.254408002 0.024470745 0.002032117 0.024559708 0.001862512
1776849925.958173990 0.624592841 -0.042414434 0.228041589 0.010221126 0.988405049 -0.012201366 0.151003599 -3.416807413 -3.769053698 -12.870954514 0.000000000 0.000000000 -12.000000000 -0.136495590 0.255446196 0.024466436 0.002037067 0.024557434 0.001866769
1776849925.963356495 0.624592066 -0.042415496 0.228040963 0.010220152 0.988405168 -0.012202944 0.151002869 -3.414505482 -3.769553423 -12.873493195 0.000000000 0.000000000 -12.000000000 -0.139626503 0.256475091 0.024462024 0.002042027 0.024555108 0.001871044
1776849925.968141794 0.624591529 -0.042416617 0.228040636 0.010219200 0.988405228 -0.012204529 0.151002347 -3.412340164 -3.770131350 -12.876149178 0.000000000 0.000000000 -12.000000000 -0.142835617 0.257511973 0.024457503 0.002047010 0.024552727 0.001875336
1776849925.973406792 0.624590874 -0.042417578 0.228040159 0.010218265 0.988405287 -0.012205970 0.151001781 -3.410315752 -3.770795822 -12.878919601 0.000000000 0.000000000 -12.000000000 -0.146120071 0.258542627 0.024452880 0.002052007 0.024550293 0.001879645
1776849925.978202581 0.624590456 -0.042418547 0.228039622 0.010217325 0.988405406 -0.012207385 0.151001304 -3.408435345 -3.771553993 -12.881800652 0.000000000 0.000000000 -12.000000000 -0.149476051 0.256024539 0.024448151 0.002054595 0.024547802 0.001883912
1776849925.983103752 0.624589264 -0.042420451 0.228038698 0.010215505 0.988405526 -0.012210156 0.151000172 -3.406701326 -3.772412777 -12.884787560 0.000000000 0.000000000 -12.000000000 -0.152896881 0.257075846 0.024443323 0.002059580 0.024545254 0.001888196
1776849925.988142252 0.624589264 -0.042420451 0.228038698 0.010215505 0.988405526 -0.012210156 0.151000172 -3.405115366 -3.773378372 -12.887872696 0.000000000 0.000000000 -12.000000000 -0.156377792 0.258094460 0.024438396 0.002064561 0.024542648 0.001892498
1776849925.993094444 0.624588728 -0.042421192 0.228038341 0.010214547 0.988405585 -0.012211496 0.150999695 -3.403678417 -3.774456024 -12.891052246 0.000000000 0.000000000 -12.000000000 -0.159914970 0.259124696 0.024433373 0.002069566 0.024539983 0.001896817
1776849925.998181581 0.624588251 -0.042422190 0.228037983 0.010213591 0.988405645 -0.012212973 0.150999233 -3.402390718 -3.775650740 -12.894316673 0.000000000 0.000000000 -12.000000000 -0.163497925 0.260165811 0.024428260 0.002074597 0.024537258 0.001901153
1776849926.003177881 0.624587715 -0.042423300 0.228037417 0.010212764 0.988405764 -0.012214457 0.150998637 -3.401252031 -3.776966095 -12.897658348 0.000000000 0.000000000 -12.000000000 -0.167120934 0.261208892 0.024423059 0.002079645 0.024534473 0.001905506
1776849926.008398771 0.624587238 -0.042424157 0.228037149 0.010211805 0.988405764 -0.012215832 0.150998339 -3.400261641 -3.778405190 -12.901068687 0.000000000 0.000000000 -12.000000000 -0.170776367 0.261458814 0.024417777 0.002084170 0.024531627 0.001909864
1776849926.013430357 0.624586821 -0.042425163 0.228036612 0.010211140 0.988405883 -0.012217147 0.150997803 -3.399418592 -3.779970169 -12.904537201 0.000000000 0.000000000 -12.000000000 -0.174452782 0.262505174 0.024412418 0.002089242 0.024528719 0.001914239
1776849926.018438339 0.624586284 -0.042425863 0.228036314 0.010210196 0.988405943 -0.012218344 0.150997311 -3.398721218 -3.781662703 -12.908054352 0.000000000 0.000000000 -12.000000000 -0.178144455 0.263537794 0.024406988 0.002094323 0.024525750 0.001918631
1776849926.023143768 0.624585807 -0.042426802 0.228035897 0.010209469 0.988406003 -0.012219622 0.150996923 -3.398167610 -3.783483028 -12.911609650 0.000000000 0.000000000 -12.000000000 -0.181840897 0.264582664 0.024401493 0.002099429 0.024522720 0.001923041
1776849926.028383493 0.624585390 -0.042427618 0.228035629 0.010208607 0.988406003 -0.012220903 0.150996536 -3.397755384 -3.785431385 -12.915191650 0.000000000 0.000000000 -12.000000000 -0.185531616 0.265623391 0.024395941 0.002104550 0.024519628 0.001927468
1776849926.033111095 0.624584973 -0.042428449 0.228035182 0.010207859 0.988406122 -0.012222084 0.150996000 -3.397482395 -3.787507296 -12.918788910 0.000000000 0.000000000 -12.000000000 -0.189206123 0.267753333 0.024390336 0.002110433 0.024516474 0.001931931
1776849926.038426161 0.624584615 -0.042429354 0.228035003 0.010207106 0.988406122 -0.012223355 0.150995776 -3.397345781 -3.789709330 -12.922390938 0.000000000 0.000000000 -12.000000000 -0.192856789 0.268800318 0.024384689 0.002115611 0.024513260 0.001936411
1776849926.043096304 0.624584138 -0.042430125 0.228034616 0.010206402 0.988406181 -0.012224481 0.150995359 -3.397342205 -3.792035580 -12.925984383 0.000000000 0.000000000 -12.000000000 -0.196470261 0.269840777 0.024379006 0.002120802 0.024509985 0.001940908
1776849926.048089266 0.624583721 -0.042430744 0.228034258 0.010205715 0.988406241 -0.012225471 0.150994867 -3.397468805 -3.794483662 -12.929558754 0.000000000 0.000000000 -12.000000000 -0.200037003 0.270879090 0.024373293 0.002126009 0.024506651 0.001945423
1776849926.053135157 0.624583304 -0.042431727 0.228033900 0.010204890 0.988406301 -0.012226846 0.150994480 -3.397721767 -3.797050476 -12.933100700 0.000000000 0.000000000 -12.000000000 -0.203544617 0.268832117 0.024367563 0.002129125 0.024503259 0.001949903
1776849926.058122873 0.624583006 -0.042432487 0.228033602 0.010204265 0.988406360 -0.012227903 0.150994256 -3.398097515 -3.799732208 -12.936599731 0.000000000 0.000000000 -12.000000000 -0.206985474 0.269880235 0.024361819 0.002134321 0.024499809 0.001954401
1776849926.063457489 0.624582529 -0.042433113 0.228033245 0.010203451 0.988406420 -0.012228987 0.150993764 -3.398591518 -3.802525282 -12.940043449 0.000000000 0.000000000 -12.000000000 -0.210348129 0.270921290 0.024356071 0.002139531 0.024496304 0.001958917
1776849926.068171501 0.624582231 -0.042433649 0.228032976 0.010202902 0.988406420 -0.012229837 0.150993511 -3.399199247 -3.805424690 -12.943421364 0.000000000 0.000000000 -12.000000000 -0.213623047 0.270948708 0.024350328 0.002144065 0.024492744 0.001963432
1776849926.073451042 0.624581993 -0.042434439 0.228032827 0.010202375 0.988406479 -0.012230821 0.150993228 -3.399915695 -3.808426142 -12.946722031 0.000000000 0.000000000 -12.000000000 -0.216801643 0.272003561 0.024344597 0.002149302 0.024489131 0.001967966
1776849926.078057289 0.624581516 -0.042435028 0.228032440 0.010201717 0.988406539 -0.012231760 0.150992751 -3.400736094 -3.811524153 -12.949936867 0.000000000 0.000000000 -12.000000000 -0.219875336 0.273045421 0.024338884 0.002154547 0.024485467 0.001972517
1776849926.083334446 0.624581277 -0.042435590 0.228032172 0.010201144 0.988406599 -0.012232652 0.150992528 -3.401654243 -3.814713478 -12.953055382 0.000000000 0.000000000 -12.000000000 -0.222836494 0.274092585 0.024333196 0.002159813 0.024481753 0.001977085
1776849926.088102102 0.624580920 -0.042436212 0.228031963 0.010200581 0.988406599 -0.012233531 0.150992244 -3.402664661 -3.817988396 -12.956068039 0.000000000 0.000000000 -12.000000000 -0.225676537 0.275141299 0.024327541 0.002165098 0.024477992 0.001981670
1776849926.093336582 0.624580562 -0.042436779 0.228031605 0.010199949 0.988406658 -0.012234424 0.150991887 -3.403761387 -3.821343184 -12.958967209 0.000000000 0.000000000 -12.000000000 -0.228389740 0.276188850 0.024321925 0.002170399 0.024474185 0.001986273
1776849926.098089933 0.624580145 -0.042437419 0.228031307 0.010199426 0.988406718 -0.012235310 0.150991485 -3.404937744 -3.824771881 -12.961746216 0.000000000 0.000000000 -12.000000000 -0.230971336 0.277236104 0.024316354 0.002175718 0.024470335 0.001990894
1776849926.103076220 0.624579906 -0.042437937 0.228030980 0.010198952 0.988406777 -0.012236099 0.150991216 -3.406187296 -3.828268051 -12.964396477 0.000000000 0.000000000 -12.000000000 -0.233413696 0.278286546 0.024310835 0.002181056 0.024466444 0.001995532
1776849926.108141422 0.624579549 -0.042438507 0.228030682 0.010198373 0.988406777 -0.012236968 0.150990844 -3.407503128 -3.831825495 -12.966913223 0.000000000 0.000000000 -12.000000000 -0.235714912 0.279335558 0.024305372 0.002186412 0.024462515 0.002000188
1776849926.113087893 0.624579430 -0.042439051 0.228030682 0.010197947 0.988406837 -0.012237716 0.150990784 -3.408878803 -3.835437536 -12.969290733 0.000000000 0.000000000 -12.000000000 -0.237870216 0.280390024 0.024299972 0.002191788 0.024458552 0.002004861
1776849926.118151903 0.624579132 -0.042439435 0.228030413 0.010197350 0.988406837 -0.012238424 0.150990516 -3.410307169 -3.839098215 -12.971525192 0.000000000 0.000000000 -12.000000000 -0.239876747 0.281436503 0.024294637 0.002197176 0.024454555 0.002009552
1776849926.123090029 0.624578834 -0.042440087 0.228030115 0.010196830 0.988406897 -0.012239301 0.150990143 -3.411781549 -3.842800856 -12.973610878 0.000000000 0.000000000 -12.000000000 -0.241732597 0.282491058 0.024289371 0.002202587 0.024450526 0.002014260
1776849926.128095865 0.624578476 -0.042440627 0.228029937 0.010196514 0.988406956 -0.012240004 0.150989905 -3.413294792 -3.846539021 -12.975546837 0.000000000 0.000000000 -12.000000000 -0.243436813 0.283541799 0.024284178 0.002208013 0.024446469 0.002018985
1776849926.133095980 0.624578357 -0.042441010 0.228029758 0.010195871 0.988406956 -0.012240727 0.150989786 -3.414840460 -3.850306988 -12.977329254 0.000000000 0.000000000 -12.000000000 -0.244987488 0.284592330 0.024279062 0.002213457 0.024442386 0.002023729
1776849926.138223410 0.624577999 -0.042441491 0.228029460 0.010195605 0.988407016 -0.012241344 0.150989458 -3.416411400 -3.854098082 -12.978957176 0.000000000 0.000000000 -12.000000000 -0.246384621 0.285642982 0.024274023 0.002218918 0.024438279 0.002028489
1776849926.143265963 0.624577641 -0.042441960 0.228029132 0.010195204 0.988407016 -0.012242027 0.150989100 -3.418001413 -3.857906103 -12.980429649 0.000000000 0.000000000 -12.000000000 -0.247632027 0.286693931 0.024269063 0.002224397 0.024434151 0.002033267
1776849926.148327112 0.624577403 -0.042442292 0.228028953 0.010194688 0.988407075 -0.012242605 0.150988892 -3.419604063 -3.861725330 -12.981744766 0.000000000 0.000000000 -12.000000000 -0.248724937 0.287743032 0.024264188 0.002229892 0.024430005 0.002038063
1776849926.153479099 0.624577224 -0.042442828 0.228028834 0.010194390 0.988407075 -0.012243254 0.150988743 -3.421213627 -3.865549326 -12.982903481 0.000000000 0.000000000 -12.000000000 -0.249666214 0.287237823 0.024259400 0.002234342 0.024425844 0.002042850
1776849926.158182383 0.624577045 -0.042443208 0.228028625 0.010193987 0.988407135 -0.012243842 0.150988519 -3.422824383 -3.869372129 -12.983906746 0.000000000 0.000000000 -12.000000000 -0.250460625 0.288291931 0.024254696 0.002239850 0.024421670 0.002047655
1776849926.163233995 0.624576807 -0.042443406 0.228028476 0.010193493 0.988407135 -0.012244363 0.150988311 -3.424431086 -3.873188257 -12.984755516 0.000000000 0.000000000 -12.000000000 -0.251107216 0.289339483 0.024250079 0.002245371 0.024417484 0.002052478
1776849926.168557167 0.624576569 -0.042443823 0.228028268 0.010193116 0.988407195 -0.012244964 0.150988072 -3.426028728 -3.876991987 -12.985450745 0.000000000 0.000000000 -12.000000000 -0.251608849 0.290782273 0.024245553 0.002251179 0.024413291 0.002057324
1776849926.173135042 0.624576330 -0.042444058 0.228027940 0.010192709 0.988407254 -0.012245439 0.150987789 -3.427612782 -3.880778074 -12.985995293 0.000000000 0.000000000 -12.000000000 -0.251970291 0.291832000 0.024241110 0.002256742 0.024409091 0.002062188
1776849926.178099394 0.624576151 -0.042444583 0.228027821 0.010192306 0.988407254 -0.012246107 0.150987700 -3.429178476 -3.884541512 -12.986390114 0.000000000 0.000000000 -12.000000000 -0.252192497 0.292893261 0.024236759 0.002262332 0.024404887 0.002067069
1776849926.183107138 0.624575853 -0.042444970 0.228027582 0.010191947 0.988407254 -0.012246684 0.150987402 -3.430722475 -3.888277531 -12.986639977 0.000000000 0.000000000 -12.000000000 -0.252280235 0.293948889 0.024232496 0.002267934 0.024400683 0.002071969
1776849926.188188076 0.624575496 -0.042445321 0.228027314 0.010191679 0.988407314 -0.012247193 0.150987118 -3.432240725 -3.891981363 -12.986747742 0.000000000 0.000000000 -12.000000000 -0.252237320 0.295002222 0.024228321 0.002273553 0.024396479 0.002076885
1776849926.193424225 0.624575317 -0.042445473 0.228027165 0.010191296 0.988407314 -0.012247577 0.150986955 -3.433730841 -3.895648718 -12.986718178 0.000000000 0.000000000 -12.000000000 -0.252069473 0.296054006 0.024224233 0.002279189 0.024392279 0.002081819
1776849926.198240757 0.624575019 -0.042445987 0.228026897 0.010191127 0.988407373 -0.012248127 0.150986686 -3.435189724 -3.899275303 -12.986553192 0.000000000 0.000000000 -12.000000000 -0.251778603 0.297118068 0.024220230 0.002284850 0.024388082 0.002086771
1776849926.203338385 0.624574900 -0.042446073 0.228026778 0.010190746 0.988407373 -0.012248446 0.150986522 -3.436615705 -3.902857304 -12.986260414 0.000000000 0.000000000 -12.000000000 -0.251370430 0.298169613 0.024216313 0.002290521 0.024383893 0.002091741
1776849926.208349705 0.624574661 -0.042446330 0.228026539 0.010190623 0.988407433 -0.012248790 0.150986359 -3.438006878 -3.906390905 -12.985842705 0.000000000 0.000000000 -12.000000000 -0.250850677 0.299226254 0.024212478 0.002296212 0.024379712 0.002096728
1776849926.213132143 0.624574482 -0.042446595 0.228026420 0.010190263 0.988407433 -0.012249215 0.150986165 -3.439362288 -3.909872532 -12.985304832 0.000000000 0.000000000 -12.000000000 -0.250222206 0.300284982 0.024208726 0.002301923 0.024375541 0.002101733
1776849926.218224525 0.624574542 -0.042446930 0.228026420 0.010190030 0.988407433 -0.012249626 0.150986299 -3.440680981 -3.913299084 -12.984652519 0.000000000 0.000000000 -12.000000000 -0.249491692 0.301298052 0.024205055 0.002307620 0.024371384 0.002106754
1776849926.223150253 0.624574363 -0.042447038 0.228026241 0.010189860 0.988407433 -0.012249864 0.150986075 -3.441962481 -3.916667938 -12.983888626 0.000000000 0.000000000 -12.000000000 -0.248661041 0.302351654 0.024201466 0.002313361 0.024367239 0.002111793
1776849926.228789806 0.624574125 -0.042447366 0.228026152 0.010189687 0.988407493 -0.012250252 0.150985882 -3.443206549 -3.919975758 -12.983018875 0.000000000 0.000000000 -12.000000000 -0.247733116 0.303412437 0.024197955 0.002319125 0.024363110 0.002116850
1776849926.233144283 0.624573946 -0.042447437 0.228025883 0.010189486 0.988407493 -0.012250487 0.150985718 -3.444413185 -3.923220396 -12.982046127 0.000000000 0.000000000 -12.000000000 -0.246714592 0.303255618 0.024194520 0.002324075 0.024358997 0.002121905
1776849926.238395452 0.624573708 -0.042447716 0.228025705 0.010189230 0.988407552 -0.012250856 0.150985464 -3.445582867 -3.926399708 -12.980975151 0.000000000 0.000000000 -12.000000000 -0.245609283 0.304315448 0.024191163 0.002329854 0.024354903 0.002126977
1776849926.243413448 0.624573529 -0.042447813 0.228025556 0.010189075 0.988407552 -0.012251047 0.150985286 -3.446715593 -3.929511547 -12.979809761 0.000000000 0.000000000 -12.000000000 -0.244417191 0.305238783 0.024187885 0.002335557 0.024350829 0.002132064
1776849926.248333693 0.624573469 -0.042448007 0.228025407 0.010188901 0.988407612 -0.012251320 0.150985211 -3.447812080 -3.932553768 -12.978553772 0.000000000 0.000000000 -12.000000000 -0.243144989 0.306298971 0.024184680 0.002341368 0.024346776 0.002137169
1776849926.253318071 0.624573112 -0.042448260 0.228025168 0.010188771 0.988407612 -0.012251632 0.150984988 -3.448873043 -3.935524940 -12.977210045 0.000000000 0.000000000 -12.000000000 -0.241794586 0.307357162 0.024181549 0.002347196 0.024342746 0.002142292
1776849926.258378506 0.624573052 -0.042448360 0.228025019 0.010188622 0.988407612 -0.012251806 0.150984854 -3.449899197 -3.938423395 -12.975783348 0.000000000 0.000000000 -12.000000000 -0.240367889 0.308418453 0.024178494 0.002353044 0.024338739 0.002147432
1776849926.263389111 0.624572694 -0.042448569 0.228024870 0.010188420 0.988407671 -0.012252120 0.150984585 -3.450891495 -3.941247463 -12.974275589 0.000000000 0.000000000 -12.000000000 -0.238867760 0.309476972 0.024175514 0.002358908 0.024334759 0.002152590
1776849926.268423319 0.624572575 -0.042448688 0.228024721 0.010188185 0.988407671 -0.012252392 0.150984481 -3.451850414 -3.943995714 -12.972692490 0.000000000 0.000000000 -12.000000000 -0.237299919 0.310537219 0.024172604 0.002364790 0.024330804 0.002157765
1776849926.273446083 0.624572456 -0.042448916 0.228024483 0.010188041 0.988407731 -0.012252665 0.150984317 -3.452776670 -3.946667194 -12.971035957 0.000000000 0.000000000 -12.000000000 -0.235665321 0.311602831 0.024169765 0.002370694 0.024326876 0.002162958
1776849926.278172255 0.624572158 -0.042449079 0.228024364 0.010187941 0.988407731 -0.012252873 0.150984094 -3.453670979 -3.949260473 -12.969309807 0.000000000 0.000000000 -12.000000000 -0.233967781 0.312662244 0.024166998 0.002376611 0.024322975 0.002168169
1776849926.283429146 0.624572039 -0.042449199 0.228024185 0.010187705 0.988407791 -0.012253142 0.150983945 -3.454534054 -3.951775074 -12.967517853 0.000000000 0.000000000 -12.000000000 -0.232210159 0.313724101 0.024164299 0.002382548 0.024319105 0.002173398
1776849926.288136959 0.624571800 -0.042449400 0.228024006 0.010187637 0.988407791 -0.012253345 0.150983721 -3.455366611 -3.954210043 -12.965662956 0.000000000 0.000000000 -12.000000000 -0.230394363 0.314787626 0.024161668 0.002388503 0.024315264 0.002178645
1776849926.293433666 0.624571562 -0.042449564 0.228023797 0.010187480 0.988407850 -0.012253600 0.150983527 -3.456168890 -3.956564665 -12.963747978 0.000000000 0.000000000 -12.000000000 -0.228524208 0.315851301 0.024159105 0.002394476 0.024311455 0.002183909
1776849926.298463106 0.624571502 -0.042449601 0.228023708 0.010187441 0.988407850 -0.012253677 0.150983498 -3.456942081 -3.958838701 -12.961777687 0.000000000 0.000000000 -12.000000000 -0.226603508 0.316912681 0.024156608 0.002400466 0.024307678 0.002189191
1776849926.303534031 0.624571323 -0.042449743 0.228023559 0.010187307 0.988407850 -0.012253854 0.150983289 -3.457686663 -3.961031675 -12.959753990 0.000000000 0.000000000 -12.000000000 -0.224634171 0.317977250 0.024154177 0.002406475 0.024303934 0.002194490
1776849926.308479309 0.624571264 -0.042449839 0.228023499 0.010187152 0.988407850 -0.012254053 0.150983244 -3.458403349 -3.963143587 -12.957680702 0.000000000 0.000000000 -12.000000000 -0.222619057 0.319041789 0.024151811 0.002412502 0.024300223 0.002199808
1776849926.313536882 0.624571085 -0.042449705 0.228023261 0.010187017 0.988407910 -0.012254037 0.150983065 -3.459092855 -3.965174198 -12.955560684 0.000000000 0.000000000 -12.000000000 -0.220560074 0.320098341 0.024149505 0.002418542 0.024296546 0.002205143
1776849926.318388939 0.624570847 -0.042449970 0.228023082 0.010186892 0.988407910 -0.012254343 0.150982901 -3.459756136 -3.967123508 -12.953398705 0.000000000 0.000000000 -12.000000000 -0.218461990 0.321166277 0.024147263 0.002424606 0.024292905 0.002210496
1776849926.323812723 0.624570668 -0.042450070 0.228022933 0.010186791 0.988407969 -0.012254496 0.150982693 -3.460393667 -3.968991756 -12.951196671 0.000000000 0.000000000 -12.000000000 -0.216326714 0.320810616 0.024145082 0.002429716 0.024289299 0.002215842
1776849926.328204393 0.624570549 -0.042450219 0.228022873 0.010186720 0.988407969 -0.012254661 0.150982618 -3.461006165 -3.970779419 -12.948958397 0.000000000 0.000000000 -12.000000000 -0.214159012 0.321879327 0.024142958 0.002435793 0.024285730 0.002221207
1776849926.333402157 0.624570370 -0.042450290 0.228022665 0.010186642 0.988407969 -0.012254775 0.150982440 -3.461594343 -3.972486973 -12.946686745 0.000000000 0.000000000 -12.000000000 -0.211958885 0.322942913 0.024140891 0.002441885 0.024282197 0.002226589
1776849926.338410378 0.624570191 -0.042450383 0.228022516 0.010186486 0.988408029 -0.012254965 0.150982261 -3.462158680 -3.974115133 -12.944383621 0.000000000 0.000000000 -12.000000000 -0.209730148 0.324008703 0.024138881 0.002447995 0.024278700 0.002231990
1776849926.343378782 0.624570131 -0.042450551 0.228022367 0.010186520 0.988408029 -0.012255068 0.150982246 -3.462699890 -3.975664377 -12.942052841 0.000000000 0.000000000 -12.000000000 -0.207474709 0.325081557 0.024136927 0.002454129 0.024275243 0.002237407
1776849926.348350048 0.624569893 -0.042450570 0.228022158 0.010186308 0.988408029 -0.012255238 0.150982037 -3.463218451 -3.977136135 -12.939697266 0.000000000 0.000000000 -12.000000000 -0.205196381 0.325489163 0.024135025 0.002459825 0.024271823 0.002242832
1776849926.353396416 0.624569774 -0.042450719 0.228022069 0.010186288 0.988408089 -0.012255374 0.150981903 -3.463715076 -3.978531361 -12.937317848 0.000000000 0.000000000 -12.000000000 -0.202895164 0.326560706 0.024133179 0.002465982 0.024268443 0.002248275
1776849926.358314276 0.624569595 -0.042450782 0.228021890 0.010186156 0.988408089 -0.012255523 0.150981724 -3.464190483 -3.979850769 -12.934918404 0.000000000 0.000000000 -12.000000000 -0.200576782 0.327626050 0.024131382 0.002472152 0.024265099 0.002253735
1776849926.363478899 0.624569416 -0.042450782 0.228021741 0.010185970 0.988408089 -0.012255611 0.150981605 -3.464645147 -3.981096268 -12.932500839 0.000000000 0.000000000 -12.000000000 -0.198239326 0.328690886 0.024129635 0.002478341 0.024261795 0.002259213
1776849926.368495941 0.624569178 -0.042451017 0.228021562 0.010185928 0.988408148 -0.012255876 0.150981411 -3.465079784 -3.982269049 -12.930067062 0.000000000 0.000000000 -12.000000000 -0.195886612 0.329763234 0.024127938 0.002484552 0.024258530 0.002264709
1776849926.373450994 0.624568880 -0.042450879 0.228021264 0.010185792 0.988408208 -0.012255855 0.150981113 -3.465494633 -3.983370543 -12.927619934 0.000000000 0.000000000 -12.000000000 -0.193521500 0.330821961 0.024126289 0.002490771 0.024255304 0.002270223
1776849926.378316641 0.624568760 -0.042451132 0.228021204 0.010185802 0.988408208 -0.012256051 0.150981024 -3.465890884 -3.984401941 -12.925161362 0.000000000 0.000000000 -12.000000000 -0.191145897 0.331879914 0.024124688 0.002497008 0.024252119 0.002275754
1776849926.383471727 0.624568641 -0.042451154 0.228021026 0.010185835 0.988408208 -0.012256076 0.150980905 -3.466268539 -3.985365152 -12.922693253 0.000000000 0.000000000 -12.000000000 -0.188760757 0.330831945 0.024123132 0.002501823 0.024248973 0.002281268
1776849926.388278961 0.624568462 -0.042451080 0.228020728 0.010185641 0.988408267 -0.012256121 0.150980666 -3.466629028 -3.986261845 -12.920218468 0.000000000 0.000000000 -12.000000000 -0.186367989 0.331877232 0.024121620 0.002508051 0.024245866 0.002286800
1776849926.393412113 0.624568284 -0.042451251 0.228020638 0.010185548 0.988408267 -0.012256313 0.150980502 -3.466972351 -3.987092972 -12.917737961 0.000000000 0.000000000 -12.000000000 -0.183970451 0.332934022 0.024120152 0.002514305 0.024242800 0.002292349
1776849926.398441315 0.624568105 -0.042451311 0.228020459 0.010185542 0.988408327 -0.012256379 0.150980353 -3.467299223 -3.987860441 -12.915255547 0.000000000 0.000000000 -12.000000000 -0.181571007 0.333986461 0.024118725 0.002520573 0.024239773 0.002297915
1776849926.403387308 0.624567866 -0.042451382 0.228020340 0.010185529 0.988408327 -0.012256474 0.150980145 -3.467610836 -3.988565683 -12.912772179 0.000000000 0.000000000 -12.000000000 -0.179170609 0.332612157 0.024117339 0.002525200 0.024236787 0.002303459
1776849926.408107519 0.624567807 -0.042451479 0.228020161 0.010185315 0.988408327 -0.012256669 0.150980070 -3.467907429 -3.989210129 -12.910290718 0.000000000 0.000000000 -12.000000000 -0.176770210 0.333670437 0.024115993 0.002531467 0.024233840 0.002309020
1776849926.413465500 0.624567568 -0.042451486 0.228019983 0.010185235 0.988408387 -0.012256736 0.150979862 -3.468189716 -3.989795446 -12.907814980 0.000000000 0.000000000 -12.000000000 -0.174374580 0.334724963 0.024114685 0.002537749 0.024230935 0.002314599
1776849926.418118238 0.624567509 -0.042451538 0.228019983 0.010185272 0.988408387 -0.012256804 0.150979862 -3.468459129 -3.990323305 -12.905346870 0.000000000 0.000000000 -12.000000000 -0.171986580 0.335784137 0.024113411 0.002544051 0.024228068 0.002320195
1776849926.423326731 0.624567270 -0.042451605 0.228019714 0.010185107 0.988408387 -0.012256926 0.150979593 -3.468715906 -3.990794659 -12.902889252 0.000000000 0.000000000 -12.000000000 -0.169606209 0.336632073 0.024112171 0.002550227 0.024225241 0.002325805
1776849926.428847790 0.624567032 -0.042451724 0.228019565 0.010185167 0.988408446 -0.012257020 0.150979429 -3.468961477 -3.991211414 -12.900443077 0.000000000 0.000000000 -12.000000000 -0.167236328 0.337692559 0.024110964 0.002556562 0.024222454 0.002331434
1776849926.433143616 0.624566972 -0.042451702 0.228019416 0.010185007 0.988408446 -0.012257069 0.150979370 -3.469196558 -3.991574526 -12.898013115 0.000000000 0.000000000 -12.000000000 -0.164880753 0.338752270 0.024109786 0.002562914 0.024219707 0.002337079
1776849926.438421965 0.624566793 -0.042451851 0.228019297 0.010185042 0.988408446 -0.012257202 0.150979191 -3.469422579 -3.991885900 -12.895600319 0.000000000 0.000000000 -12.000000000 -0.162540436 0.338972270 0.024108639 0.002568711 0.024216998 0.002342729
1776849926.443123341 0.624566615 -0.042451788 0.228019118 0.010184905 0.988408506 -0.012257253 0.150979042 -3.469640732 -3.992146492 -12.893205643 0.000000000 0.000000000 -12.000000000 -0.160216331 0.339779913 0.024107516 0.002574912 0.024214327 0.002348392
1776849926.448432684 0.624566376 -0.042451724 0.228018939 0.010184767 0.988408506 -0.012257264 0.150978833 -3.469852209 -3.992358446 -12.890832901 0.000000000 0.000000000 -12.000000000 -0.157909393 0.340836883 0.024106422 0.002581297 0.024211695 0.002354073
1776849926.453167677 0.624566197 -0.042451844 0.228018701 0.010184771 0.988408566 -0.012257353 0.150978625 -3.470057964 -3.992523193 -12.888482094 0.000000000 0.000000000 -12.000000000 -0.155622482 0.341902494 0.024105355 0.002587706 0.024209103 0.002359771
1776849926.458510160 0.624566019 -0.042451926 0.228018612 0.010184806 0.988408566 -0.012257434 0.150978491 -3.470259666 -3.992642164 -12.886155128 0.000000000 0.000000000 -12.000000000 -0.153354645 0.342716694 0.024104310 0.002593961 0.024206547 0.002365483
1776849926.463336468 0.624565899 -0.042451903 0.228018433 0.010184638 0.988408566 -0.012257501 0.150978401 -3.470458031 -3.992717266 -12.883852959 0.000000000 0.000000000 -12.000000000 -0.151108742 0.343779325 0.024103289 0.002600399 0.024204029 0.002371213
1776849926.468415260 0.624565601 -0.042451989 0.228018194 0.010184670 0.988408625 -0.012257537 0.150978133 -3.470654249 -3.992750645 -12.881574631 0.000000000 0.000000000 -12.000000000 -0.148882866 0.344843090 0.024102293 0.002606855 0.024201548 0.002376960
1776849926.473251104 0.624565482 -0.042452000 0.228018045 0.010184648 0.988408685 -0.012257597 0.150977984 -3.470849514 -3.992743731 -12.879322052 0.000000000 0.000000000 -12.000000000 -0.146677017 0.345906913 0.024101319 0.002613330 0.024199104 0.002382725
1776849926.478425503 0.624565363 -0.042451926 0.228017896 0.010184398 0.988408685 -0.012257695 0.150977865 -3.471044302 -3.992699146 -12.877094269 0.000000000 0.000000000 -12.000000000 -0.144494057 0.346968710 0.024100367 0.002619821 0.024196696 0.002388508
1776849926.483179808 0.624565005 -0.042452093 0.228017628 0.010184354 0.988408685 -0.012257855 0.150977612 -3.471240044 -3.992618322 -12.874891281 0.000000000 0.000000000 -12.000000000 -0.142330170 0.347065568 0.024099436 0.002625670 0.024194323 0.002394293
1776849926.488410234 0.624565005 -0.042452093 0.228017628 0.010184354 0.988408685 -0.012257855 0.150977612 -3.471436977 -3.992503166 -12.872712135 0.000000000 0.000000000 -12.000000000 -0.140186310 0.347444236 0.024098529 0.002631713 0.024191987 0.002400083
1776849926.493441105 0.624564826 -0.042452138 0.228017420 0.010184302 0.988408744 -0.012257926 0.150977403 -3.471636057 -3.992355824 -12.870556831 0.000000000 0.000000000 -12.000000000 -0.138062477 0.348512709 0.024097646 0.002638234 0.024189686 0.002405892
1776849926.498525858 0.624564588 -0.042452190 0.228017271 0.010184306 0.988408744 -0.012257962 0.150977224 -3.471838474 -3.992177725 -12.868424416 0.000000000 0.000000000 -12.000000000 -0.135956764 0.349582553 0.024096781 0.002644773 0.024187420 0.002411718
1776849926.503478765 0.624564528 -0.042452168 0.228017122 0.010184135 0.988408804 -0.012258041 0.150977165 -3.472044706 -3.991970778 -12.866313934 0.000000000 0.000000000 -12.000000000 -0.133867264 0.350651860 0.024095943 0.002651331 0.024185188 0.002417563
1776849926.508343697 0.624564290 -0.042452171 0.228016883 0.010184179 0.988408804 -0.012258070 0.150976956 -3.472256184 -3.991736889 -12.864223480 0.000000000 0.000000000 -12.000000000 -0.131795883 0.351719826 0.024095127 0.002657904 0.024182992 0.002423425
1776849926.513388634 0.624564171 -0.042452268 0.228016734 0.010184146 0.988408864 -0.012258140 0.150976807 -3.472473383 -3.991477489 -12.862154961 0.000000000 0.000000000 -12.000000000 -0.129739761 0.352793157 0.024094336 0.002664500 0.024180830 0.002429304
1776849926.518270016 0.624564052 -0.042452179 0.228016615 0.010184092 0.988408864 -0.012258107 0.150976717 -3.472697496 -3.991194725 -12.860105515 0.000000000 0.000000000 -12.000000000 -0.127697945 0.353860855 0.024093568 0.002671109 0.024178701 0.002435202
1776849926.523352385 0.624563754 -0.042452358 0.228016406 0.010184043 0.988408864 -0.012258287 0.150976464 -3.472928762 -3.990890503 -12.858075142 0.000000000 0.000000000 -12.000000000 -0.125670433 0.354935080 0.024092827 0.002677741 0.024176607 0.002441118
1776849926.528115034 0.624563694 -0.042452276 0.228016317 0.010183989 0.988408923 -0.012258254 0.150976390 -3.473167896 -3.990566015 -12.856063843 0.000000000 0.000000000 -12.000000000 -0.123658180 0.356004357 0.024092108 0.002684387 0.024174547 0.002447051
1776849926.533527136 0.624563336 -0.042452388 0.228016049 0.010183990 0.988408923 -0.012258349 0.150976077 -3.473415375 -3.990223408 -12.854071617 0.000000000 0.000000000 -12.000000000 -0.121659279 0.357075095 0.024091411 0.002691052 0.024172518 0.002453002
1776849926.538137674 0.624563217 -0.042452328 0.228015870 0.010183910 0.988408983 -0.012258355 0.150975972 -3.473671198 -3.989863873 -12.852096558 0.000000000 0.000000000 -12.000000000 -0.119673729 0.358144581 0.024090741 0.002697734 0.024170524 0.002458971
1776849926.543387175 0.624563038 -0.042452414 0.228015691 0.010183888 0.988408983 -0.012258435 0.150975838 -3.473935366 -3.989488602 -12.850141525 0.000000000 0.000000000 -12.000000000 -0.117702484 0.357876271 0.024090094 0.002703520 0.024168562 0.002464936
1776849926.548156500 0.624562860 -0.042452440 0.228015453 0.010183909 0.988409042 -0.012258448 0.150975630 -3.474207401 -3.989098787 -12.848205566 0.000000000 0.000000000 -12.000000000 -0.115746498 0.358950496 0.024089469 0.002710219 0.024166632 0.002470918
1776849926.553377867 0.624562740 -0.042452410 0.228015363 0.010183865 0.988409042 -0.012258486 0.150975510 -3.474487305 -3.988695383 -12.846290588 0.000000000 0.000000000 -12.000000000 -0.113807678 0.360024303 0.024088865 0.002716935 0.024164736 0.002476919
1776849926.558098793 0.624562502 -0.042452503 0.228015184 0.010183832 0.988409042 -0.012258555 0.150975332 -3.474773645 -3.988279343 -12.844397545 0.000000000 0.000000000 -12.000000000 -0.111886024 0.361098588 0.024088280 0.002723670 0.024162872 0.002482937
1776849926.563096523 0.624562383 -0.042452402 0.228015125 0.010183674 0.988409042 -0.012258576 0.150975272 -3.475065947 -3.987850904 -12.842527390 0.000000000 0.000000000 -12.000000000 -0.109984398 0.362169355 0.024087716 0.002730420 0.024161039 0.002488973
1776849926.568166018 0.624562263 -0.042452462 0.228014886 0.010183726 0.988409102 -0.012258596 0.150975093 -3.475362539 -3.987411261 -12.840682030 0.000000000 0.000000000 -12.000000000 -0.108102798 0.363247246 0.024087168 0.002737192 0.024159238 0.002495027
1776849926.573111773 0.624562085 -0.042452514 0.228014827 0.010183736 0.988409102 -0.012258657 0.150975063 -3.475662708 -3.986960888 -12.838863373 0.000000000 0.000000000 -12.000000000 -0.106245995 0.364323407 0.024086636 0.002743982 0.024157466 0.002501099
1776849926.578095198 0.624561906 -0.042452529 0.228014529 0.010183647 0.988409162 -0.012258702 0.150974795 -3.475965023 -3.986500263 -12.837071419 0.000000000 0.000000000 -12.000000000 -0.104413033 0.365398288 0.024086118 0.002750788 0.024155727 0.002507189
1776849926.583091021 0.624561608 -0.042452604 0.228014261 0.010183624 0.988409162 -0.012258775 0.150974527 -3.476268053 -3.986029863 -12.835309982 0.000000000 0.000000000 -12.000000000 -0.102607727 0.366474032 0.024085611 0.002757613 0.024154017 0.002513297
1776849926.588243723 0.624561429 -0.042452615 0.228014082 0.010183544 0.988409221 -0.012258844 0.150974378 -3.476570845 -3.985550880 -12.833578110 0.000000000 0.000000000 -12.000000000 -0.100831032 0.367550343 0.024085116 0.002764456 0.024152337 0.002519423
1776849926.593093634 0.624561310 -0.042452455 0.228014022 0.010183427 0.988409221 -0.012258814 0.150974318 -3.476872206 -3.985063076 -12.831878662 0.000000000 0.000000000 -12.000000000 -0.099083900 0.368621171 0.024084628 0.002771314 0.024150684 0.002525567
1776849926.598872900 0.624561071 -0.042452570 0.228013724 0.010183434 0.988409281 -0.012258890 0.150974050 -3.477171898 -3.984567881 -12.830212593 0.000000000 0.000000000 -12.000000000 -0.097368240 0.369700730 0.024084151 0.002778195 0.024149062 0.002531728
1776849926.603096008 0.624560952 -0.042452559 0.228013575 0.010183436 0.988409281 -0.012258874 0.150973931 -3.477468491 -3.984065056 -12.828579903 0.000000000 0.000000000 -12.000000000 -0.095685005 0.370779395 0.024083678 0.002785094 0.024147468 0.002537908
1776849926.608124971 0.624560714 -0.042452578 0.228013456 0.010183406 0.988409281 -0.012258916 0.150973752 -3.477762222 -3.983556032 -12.826981544 0.000000000 0.000000000 -12.000000000 -0.094034195 0.371856362 0.024083212 0.002792010 0.024145901 0.002544106
1776849926.613154888 0.624560595 -0.042452697 0.228013217 0.010183410 0.988409340 -0.012259008 0.150973588 -3.478052139 -3.983040810 -12.825419426 0.000000000 0.000000000 -12.000000000 -0.092420578 0.372937679 0.024082746 0.002798946 0.024144361 0.002550321
1776849926.618285179 0.624560356 -0.042452499 0.228013158 0.010183327 0.988409340 -0.012258952 0.150973484 -3.478338003 -3.982520103 -12.823893547 0.000000000 0.000000000 -12.000000000 -0.090840340 0.374007165 0.024082286 0.002805893 0.024142846 0.002556555
1776849926.623328924 0.624560118 -0.042452611 0.228012860 0.010183336 0.988409400 -0.012259020 0.150973216 -3.478619576 -3.981994867 -12.822402954 0.000000000 0.000000000 -12.000000000 -0.089295387 0.375087321 0.024081828 0.002812864 0.024141358 0.002562806
1776849926.628414869 0.624559760 -0.042452555 0.228012592 0.010183247 0.988409460 -0.012259008 0.150972888 -3.478896618 -3.981465578 -12.820948601 0.000000000 0.000000000 -12.000000000 -0.087786674 0.376161218 0.024081370 0.002819850 0.024139894 0.002569075
1776849926.633193254 0.624559641 -0.042452537 0.228012413 0.010183185 0.988409460 -0.012259048 0.150972798 -3.479168892 -3.980932236 -12.819529533 0.000000000 0.000000000 -12.000000000 -0.086311340 0.377239227 0.024080915 0.002826856 0.024138456 0.002575363
1776849926.638108730 0.624559224 -0.042452645 0.228012055 0.010183194 0.988409519 -0.012259118 0.150972366 -3.479436398 -3.980395555 -12.818144798 0.000000000 0.000000000 -12.000000000 -0.084869385 0.378319561 0.024080463 0.002833881 0.024137042 0.002581668
1776849926.643122911 0.624559224 -0.042452641 0.228012055 0.010183196 0.988409519 -0.012259110 0.150972396 -3.479698658 -3.979855299 -12.816792488 0.000000000 0.000000000 -12.000000000 -0.083461761 0.379402101 0.024080010 0.002840926 0.024135651 0.002587992
1776849926.648148298 0.624558926 -0.042452641 0.228011668 0.010183172 0.988409579 -0.012259161 0.150972068 -3.479956150 -3.979311466 -12.815473557 0.000000000 0.000000000 -12.000000000 -0.082085609 0.380478770 0.024079559 0.002847985 0.024134284 0.002594333
1776849926.653074980 0.624558926 -0.042452674 0.228011668 0.010183142 0.988409519 -0.012259177 0.150972128 -3.480208635 -3.978763342 -12.814185143 0.000000000 0.000000000 -12.000000000 -0.080739975 0.381563306 0.024079112 0.002855068 0.024132939 0.002600692
1776849926.658138514 0.624558568 -0.042452637 0.228011429 0.010183001 0.988409579 -0.012259238 0.150971800 -3.480456114 -3.978210688 -12.812925339 0.000000000 0.000000000 -12.000000000 -0.079422951 0.381218910 0.024078665 0.002861192 0.024131615 0.002607046
1776849926.663111925 0.624558330 -0.042452686 0.228011191 0.010183092 0.988409638 -0.012259258 0.150971562 -3.480698347 -3.977653027 -12.811692238 0.000000000 0.000000000 -12.000000000 -0.078131676 0.382301688 0.024078226 0.002868285 0.024130313 0.002613418
1776849926.668126583 0.624558091 -0.042452492 0.228010833 0.010183003 0.988409698 -0.012259165 0.150971308 -3.480935097 -3.977089405 -12.810483932 0.000000000 0.000000000 -12.000000000 -0.076865196 0.383375287 0.024077788 0.002875391 0.024129031 0.002619807
1776849926.673167944 0.624557972 -0.042452510 0.228010774 0.010182916 0.988409698 -0.012259213 0.150971279 -3.481166363 -3.976519585 -12.809299469 0.000000000 0.000000000 -12.000000000 -0.075623512 0.384460151 0.024077354 0.002882522 0.024127770 0.002626215
1776849926.678157568 0.624557734 -0.042452589 0.228010565 0.010182895 0.988409698 -0.012259287 0.150971025 -3.481391668 -3.975942373 -12.808135033 0.000000000 0.000000000 -12.000000000 -0.074400902 0.385186046 0.024076929 0.002889425 0.024126530 0.002632635
1776849926.683456421 0.624557436 -0.042452671 0.228010267 0.010182931 0.988409758 -0.012259350 0.150970757 -3.481610775 -3.975357533 -12.806988716 0.000000000 0.000000000 -12.000000000 -0.073197365 0.386271775 0.024076512 0.002896587 0.024125310 0.002639072
1776849926.688132048 0.624557316 -0.042452600 0.228010118 0.010182921 0.988409758 -0.012259270 0.150970623 -3.481823444 -3.974764347 -12.805859566 0.000000000 0.000000000 -12.000000000 -0.072012901 0.387354881 0.024076102 0.002903765 0.024124110 0.002645528
1776849926.693183422 0.624557018 -0.042452704 0.228009820 0.010182844 0.988409817 -0.012259386 0.150970310 -3.482029676 -3.974162340 -12.804744720 0.000000000 0.000000000 -12.000000000 -0.070839882 0.388439447 0.024075702 0.002910962 0.024122929 0.002652002
1776849926.698142767 0.624556899 -0.042452507 0.228009701 0.010182730 0.988409817 -0.012259335 0.150970235 -3.482229233 -3.973551512 -12.803642273 0.000000000 0.000000000 -12.000000000 -0.069683075 0.389516413 0.024075311 0.002918172 0.024121767 0.002658495
1776849926.703381777 0.624556601 -0.042452604 0.228009522 0.010182876 0.988409877 -0.012259333 0.150970086 -3.482422590 -3.972931623 -12.802551270 0.000000000 0.000000000 -12.000000000 -0.068536758 0.390604287 0.024074934 0.002925408 0.024120625 0.002665005
1776849926.708169460 0.624556243 -0.042452466 0.228009045 0.010182725 0.988409936 -0.012259304 0.150969610 -3.482609510 -3.972302437 -12.801468849 0.000000000 0.000000000 -12.000000000 -0.067399979 0.391678572 0.024074569 0.002932652 0.024119502 0.002671533
1776849926.713436127 0.624556184 -0.042452592 0.228008986 0.010182667 0.988409936 -0.012259421 0.150969610 -3.482790470 -3.971664190 -12.800394058 0.000000000 0.000000000 -12.000000000 -0.066271782 0.392771930 0.024074215 0.002939927 0.024118397 0.002678079
1776849926.718138218 0.624555945 -0.042452559 0.228008807 0.010182622 0.988409996 -0.012259456 0.150969401 -3.482966423 -3.971016645 -12.799325943 0.000000000 0.000000000 -12.000000000 -0.065150261 0.393853903 0.024073878 0.002947212 0.024117311 0.002684643
1776849926.723099470 0.624555647 -0.042452544 0.228008598 0.010182620 0.988409996 -0.012259443 0.150969133 -3.483138084 -3.970359802 -12.798261642 0.000000000 0.000000000 -12.000000000 -0.064032555 0.395518124 0.024073556 0.002954914 0.024116244 0.002691235
1776849926.728104115 0.624555349 -0.042452600 0.228008240 0.010182670 0.988410056 -0.012259456 0.150968865 -3.483306170 -3.969693899 -12.797201157 0.000000000 0.000000000 -12.000000000 -0.062919617 0.396606207 0.024073249 0.002962249 0.024115195 0.002697845
1776849926.733077288 0.624555230 -0.042452544 0.228008181 0.010182590 0.988410056 -0.012259467 0.150968805 -3.483472109 -3.969018698 -12.796143532 0.000000000 0.000000000 -12.000000000 -0.061808586 0.397691131 0.024072960 0.002969601 0.024114165 0.002704473
1776849926.738123655 0.624554992 -0.042452525 0.228007823 0.010182588 0.988410115 -0.012259450 0.150968507 -3.483637571 -3.968334675 -12.795087814 0.000000000 0.000000000 -12.000000000 -0.060700417 0.398992777 0.024072686 0.002977118 0.024113154 0.002711123
1776849926.743521452 0.624554694 -0.042452566 0.228007674 0.010182565 0.988410115 -0.012259521 0.150968358 -3.483803749 -3.967641830 -12.794033051 0.000000000 0.000000000 -12.000000000 -0.059589386 0.400079608 0.024072435 0.002984511 0.024112161 0.002717791
1776849926.748373985 0.624554396 -0.042452507 0.228007376 0.010182507 0.988410175 -0.012259495 0.150968060 -3.483972549 -3.966940403 -12.792977333 0.000000000 0.000000000 -12.000000000 -0.058477402 0.401162505 0.024072202 0.002991919 0.024111187 0.002724477
1776849926.753112555 0.624554276 -0.042452551 0.228007197 0.010182515 0.988410175 -0.012259560 0.150967911 -3.484145403 -3.966231108 -12.791922569 0.000000000 0.000000000 -12.000000000 -0.057365417 0.402253091 0.024071988 0.002999350 0.024110232 0.002731181
1776849926.758260012 0.624553978 -0.042452574 0.228006959 0.010182538 0.988410234 -0.012259562 0.150967672 -3.484324694 -3.965513468 -12.790866852 0.000000000 0.000000000 -12.000000000 -0.056249619 0.403339922 0.024071794 0.003006797 0.024109295 0.002737904
1776849926.763184071 0.624553800 -0.042452443 0.228006691 0.010182397 0.988410234 -0.012259518 0.150967494 -3.484511614 -3.964788198 -12.789811134 0.000000000 0.000000000 -12.000000000 -0.055130005 0.404422581 0.024071623 0.003014259 0.024108376 0.002744644
1776849926.768211365 0.624553621 -0.042452578 0.228006452 0.010182451 0.988410294 -0.012259591 0.150967315 -3.484708548 -3.964055777 -12.788754463 0.000000000 0.000000000 -12.000000000 -0.054006577 0.405518413 0.024071472 0.003021748 0.024107477 0.002751403
1776849926.773203135 0.624553263 -0.042452481 0.228006154 0.010182395 0.988410354 -0.012259549 0.150967017 -3.484916925 -3.963315964 -12.787697792 0.000000000 0.000000000 -12.000000000 -0.052880287 0.406598926 0.024071341 0.003029245 0.024106596 0.002758179
1776849926.778445959 0.624552965 -0.042452566 0.228005975 0.010182421 0.988410354 -0.012259606 0.150966778 -3.485139132 -3.962569714 -12.786641121 0.000000000 0.000000000 -12.000000000 -0.051748276 0.407472402 0.024071235 0.003036618 0.024105733 0.002764970
1776849926.783138990 0.624552727 -0.042452425 0.228005737 0.010182285 0.988410413 -0.012259588 0.150966540 -3.485376596 -3.961817265 -12.785587311 0.000000000 0.000000000 -12.000000000 -0.050613403 0.407255173 0.024071148 0.003043261 0.024104889 0.002771758
1776849926.788128138 0.624552488 -0.042452484 0.228005469 0.010182397 0.988410413 -0.012259585 0.150966302 -3.485631466 -3.961059093 -12.784536362 0.000000000 0.000000000 -12.000000000 -0.049476624 0.408348262 0.024071081 0.003050796 0.024104064 0.002778564
1776849926.793145657 0.624552250 -0.042452488 0.228005260 0.010182261 0.988410473 -0.012259648 0.150966033 -3.485905170 -3.960295677 -12.783490181 0.000000000 0.000000000 -12.000000000 -0.048338890 0.409439743 0.024071032 0.003058348 0.024103258 0.002785388
1776849926.798146009 0.624552011 -0.042452477 0.228005111 0.010182254 0.988410473 -0.012259653 0.150965944 -3.486199617 -3.959527493 -12.782451630 0.000000000 0.000000000 -12.000000000 -0.047201157 0.410530001 0.024071004 0.003065916 0.024102472 0.002792230
1776849926.803130388 0.624551833 -0.042452559 0.228004813 0.010182232 0.988410532 -0.012259729 0.150965765 -3.486515999 -3.958755016 -12.781421661 0.000000000 0.000000000 -12.000000000 -0.046065331 0.411625504 0.024070995 0.003073507 0.024101704 0.002799090
1776849926.808548927 0.624551654 -0.042452462 0.228004634 0.010182125 0.988410532 -0.012259718 0.150965586 -3.486855984 -3.957978725 -12.780403137 0.000000000 0.000000000 -12.000000000 -0.044933319 0.412712753 0.024071001 0.003081111 0.024100956 0.002805969
1776849926.813192368 0.624551415 -0.042452488 0.228004396 0.010182202 0.988410592 -0.012259694 0.150965348 -3.487220049 -3.957199335 -12.779398918 0.000000000 0.000000000 -12.000000000 -0.043807030 0.413806260 0.024071021 0.003088736 0.024100225 0.002812865
1776849926.818117142 0.624551177 -0.042452432 0.228004187 0.010182056 0.988410592 -0.012259725 0.150965169 -3.487609148 -3.956417084 -12.778411865 0.000000000 0.000000000 -12.000000000 -0.042690277 0.415015668 0.024071055 0.003096459 0.024099514 0.002819782
1776849926.823134184 0.624550939 -0.042452484 0.228003889 0.010182170 0.988410652 -0.012259713 0.150964960 -3.488024235 -3.955632448 -12.777443886 0.000000000 0.000000000 -12.000000000 -0.041583061 0.416110754 0.024071099 0.003104125 0.024098821 0.002826717
1776849926.828482866 0.624550700 -0.042452451 0.228003681 0.010182059 0.988410652 -0.012259776 0.150964752 -3.488465071 -3.954846382 -12.776497841 0.000000000 0.000000000 -12.000000000 -0.040490150 0.417203277 0.024071153 0.003111806 0.024098147 0.002833671
1776849926.833162308 0.624550283 -0.042452443 0.228003323 0.010182226 0.988410711 -0.012259673 0.150964350 -3.488931894 -3.954059124 -12.775575638 0.000000000 0.000000000 -12.000000000 -0.039411545 0.418342501 0.024071215 0.003119538 0.024097489 0.002840643
1776849926.838206291 0.624549985 -0.042452447 0.228003025 0.010182085 0.988410771 -0.012259747 0.150964111 -3.489424944 -3.953271627 -12.774682045 0.000000000 0.000000000 -12.000000000 -0.038352013 0.419435859 0.024071282 0.003127258 0.024096850 0.002847634
1776849926.843487740 0.624549747 -0.042452466 0.228002727 0.010182112 0.988410830 -0.012259736 0.150963813 -3.489943743 -3.952484131 -12.773817062 0.000000000 0.000000000 -12.000000000 -0.037313461 0.420530647 0.024071353 0.003134996 0.024096228 0.002854643
1776849926.848161697 0.624549508 -0.042452432 0.228002548 0.010182000 0.988410830 -0.012259799 0.150963634 -3.490488052 -3.951698065 -12.772983551 0.000000000 0.000000000 -12.000000000 -0.036296844 0.421622992 0.024071425 0.003142752 0.024095623 0.002861670
1776849926.853146553 0.624549210 -0.042452488 0.228002220 0.010182058 0.988410890 -0.012259793 0.150963336 -3.491057158 -3.950913906 -12.772184372 0.000000000 0.000000000 -12.000000000 -0.035306931 0.422720373 0.024071496 0.003150529 0.024095034 0.002868715
1776849926.858113050 0.624548972 -0.042452533 0.228001982 0.010182004 0.988410950 -0.012259865 0.150963157 -3.491650343 -3.950132847 -12.771421432 0.000000000 0.000000000 -12.000000000 -0.034343719 0.424548537 0.024071567 0.003158823 0.024094462 0.002875791
1776849926.863140583 0.624548614 -0.042452373 0.228001744 0.010181970 0.988410950 -0.012259745 0.150962859 -3.492266655 -3.949355602 -12.770695686 0.000000000 0.000000000 -12.000000000 -0.033410072 0.425635815 0.024071632 0.003166642 0.024093905 0.002882885
1776849926.868281126 0.624548376 -0.042452339 0.228001446 0.010181887 0.988411009 -0.012259801 0.150962621 -3.492905378 -3.948583364 -12.770009041 0.000000000 0.000000000 -12.000000000 -0.032505989 0.426433325 0.024071693 0.003174281 0.024093363 0.002889992
1776849926.873185396 0.624547958 -0.042452354 0.228001118 0.010181908 0.988411069 -0.012259806 0.150962234 -3.493565083 -3.947817087 -12.769363403 0.000000000 0.000000000 -12.000000000 -0.031638145 0.427421987 0.024071744 0.003182064 0.024092836 0.002897116
1776849926.878399372 0.624547839 -0.042452410 0.228000939 0.010181969 0.988411069 -0.012259836 0.150962144 -3.494245052 -3.947057724 -12.768758774 0.000000000 0.000000000 -12.000000000 -0.030802727 0.428416193 0.024071787 0.003189867 0.024092322 0.002904256
1776849926.883150339 0.624547482 -0.042452313 0.228000641 0.010181917 0.988411129 -0.012259786 0.150961906 -3.494944096 -3.946305990 -12.768197060 0.000000000 0.000000000 -12.000000000 -0.030002594 0.429402649 0.024071822 0.003197681 0.024091823 0.002911413
1776849926.888069630 0.624547303 -0.042452220 0.228000432 0.010181800 0.988411129 -0.012259766 0.150961742 -3.495660782 -3.945562601 -12.767677307 0.000000000 0.000000000 -12.000000000 -0.029238701 0.430391431 0.024071842 0.003205514 0.024091335 0.002918586
1776849926.893084764 0.624546945 -0.042452309 0.228000015 0.010181880 0.988411188 -0.012259778 0.150961325 -3.496394396 -3.944827795 -12.767201424 0.000000000 0.000000000 -12.000000000 -0.028511047 0.431386352 0.024071852 0.003213366 0.024090860 0.002925776
1776849926.898247719 0.624546647 -0.042452235 0.227999717 0.010181743 0.988411248 -0.012259815 0.150961116 -3.497143507 -3.944102287 -12.766766548 0.000000000 0.000000000 -12.000000000 -0.027820587 0.432373643 0.024071850 0.003221231 0.024090396 0.002932982
1776849926.903152943 0.624546468 -0.042452332 0.227999508 0.010181827 0.988411248 -0.012259830 0.150960937 -3.497906923 -3.943386078 -12.766374588 0.000000000 0.000000000 -12.000000000 -0.027167320 0.433372915 0.024071831 0.003229120 0.024089944 0.002940205
1776849926.908344507 0.624546051 -0.042452339 0.227999210 0.010181796 0.988411307 -0.012259862 0.150960580 -3.498683453 -3.942679405 -12.766022682 0.000000000 0.000000000 -12.000000000 -0.026547432 0.434364289 0.024071801 0.003237020 0.024089500 0.002947444
1776849926.913147688 0.624545753 -0.042452171 0.227998853 0.010181744 0.988411367 -0.012259791 0.150960311 -3.499471903 -3.941982269 -12.765711784 0.000000000 0.000000000 -12.000000000 -0.025965691 0.435350955 0.024071759 0.003244934 0.024089068 0.002954700
1776849926.918121815 0.624545515 -0.042452298 0.227998644 0.010181794 0.988411367 -0.012259826 0.150960073 -3.500270844 -3.941294909 -12.765439034 0.000000000 0.000000000 -12.000000000 -0.025418282 0.436351717 0.024071699 0.003252874 0.024088645 0.002961973
1776849926.923238516 0.624545038 -0.042452313 0.227998227 0.010181817 0.988411427 -0.012259820 0.150959685 -3.501078606 -3.940617085 -12.765203476 0.000000000 0.000000000 -12.000000000 -0.024903297 0.439457178 0.024071628 0.003262269 0.024088230 0.002969297
1776849926.928216696 0.624544740 -0.042452194 0.227997899 0.010181594 0.988411486 -0.012259855 0.150959328 -3.501893759 -3.939949036 -12.765004158 0.000000000 0.000000000 -12.000000000 -0.024421692 0.440444171 0.024071541 0.003270267 0.024087822 0.002976638
1776849926.933100224 0.624544382 -0.042452309 0.227997541 0.010181652 0.988411546 -0.012259943 0.150959089 -3.502713919 -3.939290762 -12.764839172 0.000000000 0.000000000 -12.000000000 -0.023972511 0.441441715 0.024071440 0.003278290 0.024087422 0.002983995
1776849926.938209295 0.624544084 -0.042452209 0.227997243 0.010181599 0.988411605 -0.012259890 0.150958791 -3.503537655 -3.938642025 -12.764706612 0.000000000 0.000000000 -12.000000000 -0.023553848 0.442431599 0.024071326 0.003286324 0.024087029 0.002991369
1776849926.943091869 0.624543726 -0.042452186 0.227996886 0.010181593 0.988411665 -0.012259885 0.150958493 -3.504362822 -3.938003063 -12.764604568 0.000000000 0.000000000 -12.000000000 -0.023164749 0.443425000 0.024071200 0.003294376 0.024086643 0.002998760
1776849926.948071718 0.624543369 -0.042452257 0.227996558 0.010181569 0.988411665 -0.012259954 0.150958166 -3.505187035 -3.937373400 -12.764532089 0.000000000 0.000000000 -12.000000000 -0.022804260 0.444421768 0.024071060 0.003302448 0.024086263 0.003006167
1776849926.953138828 0.624543130 -0.042452224 0.227996320 0.010181643 0.988411725 -0.012259876 0.150958002 -3.506008387 -3.936753035 -12.764487267 0.000000000 0.000000000 -12.000000000 -0.022473335 0.445050538 0.024070906 0.003310284 0.024085889 0.003013584
1776849926.958095551 0.624542773 -0.042452127 0.227995962 0.010181581 0.988411784 -0.012259849 0.150957644 -3.506824732 -3.936141729 -12.764470100 0.000000000 0.000000000 -12.000000000 -0.022169113 0.446040392 0.024070740 0.003318378 0.024085520 0.003021018
1776849926.963079691 0.624542654 -0.042452171 0.227995783 0.010181531 0.988411784 -0.012259915 0.150957555 -3.507634640 -3.935539484 -12.764477730 0.000000000 0.000000000 -12.000000000 -0.021891594 0.447041929 0.024070561 0.003326497 0.024085155 0.003028469
1776849926.968427181 0.624542296 -0.042452075 0.227995515 0.010181474 0.988411844 -0.012259881 0.150957227 -3.508436680 -3.934945583 -12.764511108 0.000000000 0.000000000 -12.000000000 -0.021641731 0.448034286 0.024070365 0.003334626 0.024084793 0.003035936
1776849926.973150492 0.624542117 -0.042452063 0.227995276 0.010181530 0.988411844 -0.012259864 0.150957108 -3.509229422 -3.934359789 -12.764568329 0.000000000 0.000000000 -12.000000000 -0.021419525 0.449033827 0.024070157 0.003342776 0.024084436 0.003043420
1776849926.978370667 0.624541879 -0.042452101 0.227995038 0.010181477 0.988411903 -0.012259936 0.150956899 -3.510012150 -3.933781862 -12.764649391 0.000000000 0.000000000 -12.000000000 -0.021222115 0.451397866 0.024069933 0.003351875 0.024084082 0.003050943
1776849926.983172417 0.624541581 -0.042452082 0.227994621 0.010181415 0.988411963 -0.012259925 0.150956541 -3.510784388 -3.933211565 -12.764754295 0.000000000 0.000000000 -12.000000000 -0.021050453 0.452395082 0.024069699 0.003360080 0.024083732 0.003058483
1776849926.988351107 0.624541223 -0.042452060 0.227994353 0.010181411 0.988411963 -0.012259913 0.150956303 -3.511545897 -3.932648420 -12.764883041 0.000000000 0.000000000 -12.000000000 -0.020905495 0.453391999 0.024069447 0.003368301 0.024083383 0.003066040
1776849926.993140697 0.624540985 -0.042452078 0.227994055 0.010181438 0.988412023 -0.012259904 0.150956064 -3.512296915 -3.932092190 -12.765035629 0.000000000 0.000000000 -12.000000000 -0.020788193 0.454392850 0.024069179 0.003376542 0.024083037 0.003073613
1776849926.998369932 0.624540627 -0.042452049 0.227993786 0.010181380 0.988412023 -0.012259929 0.150955826 -3.513037682 -3.931542158 -12.765212059 0.000000000 0.000000000 -12.000000000 -0.020694733 0.455390513 0.024068896 0.003384797 0.024082692 0.003081203
1776849927.003409386 0.624540389 -0.042451952 0.227993488 0.010181385 0.988412082 -0.012259877 0.150955573 -3.513768911 -3.930997849 -12.765412331 0.000000000 0.000000000 -12.000000000 -0.020628929 0.456387103 0.024068596 0.003393068 0.024082348 0.003088809
1776849927.008332968 0.624540091 -0.042451933 0.227993131 0.010181323 0.988412142 -0.012259872 0.150955305 -3.514491081 -3.930459261 -12.765637398 0.000000000 0.000000000 -12.000000000 -0.020589828 0.457387269 0.024068279 0.003401357 0.024082005 0.003096432
1776849927.013271809 0.624539733 -0.042451970 0.227992833 0.010181329 0.988412201 -0.012259929 0.150955006 -3.515204906 -3.929925442 -12.765887260 0.000000000 0.000000000 -12.000000000 -0.020576477 0.458389163 0.024067944 0.003409665 0.024081662 0.003104072
1776849927.018359423 0.624539375 -0.042451892 0.227992564 0.010181317 0.988412201 -0.012259842 0.150954708 -3.515911102 -3.929395914 -12.766161919 0.000000000 0.000000000 -12.000000000 -0.020588875 0.460421532 0.024067594 0.003418694 0.024081320 0.003111746
1776849927.023097992 0.624539018 -0.042451926 0.227992266 0.010181325 0.988412261 -0.012259897 0.150954351 -3.516610622 -3.928870440 -12.766463280 0.000000000 0.000000000 -12.000000000 -0.020631790 0.461422741 0.024067221 0.003427051 0.024080975 0.003119436
1776849927.028109550 0.624538720 -0.042451978 0.227991849 0.010181320 0.988412321 -0.012259900 0.150954083 -3.517304420 -3.928348064 -12.766790390 0.000000000 0.000000000 -12.000000000 -0.020699501 0.462423861 0.024066830 0.003435426 0.024080630 0.003127143
1776849927.033157587 0.624538422 -0.042451996 0.227991521 0.010181341 0.988412380 -0.012259910 0.150953814 -3.517992973 -3.927828789 -12.767145157 0.000000000 0.000000000 -12.000000000 -0.020794868 0.463426143 0.024066420 0.003443818 0.024080284 0.003134867
1776849927.038085461 0.624538183 -0.042451821 0.227991343 0.010181240 0.988412380 -0.012259861 0.150953636 -3.518677711 -3.927311659 -12.767527580 0.000000000 0.000000000 -12.000000000 -0.020916939 0.464420736 0.024065992 0.003452221 0.024079936 0.003142608
1776849927.043083668 0.624537885 -0.042451762 0.227990985 0.010181144 0.988412440 -0.012259861 0.150953367 -3.519359112 -3.926796198 -12.767938614 0.000000000 0.000000000 -12.000000000 -0.021069527 0.465418458 0.024065537 0.003460644 0.024079584 0.003150365
1776849927.048408031 0.624537647 -0.042451918 0.227990776 0.010181175 0.988412440 -0.012259963 0.150953129 -3.520038843 -3.926281691 -12.768378258 0.000000000 0.000000000 -12.000000000 -0.021248817 0.466429353 0.024065064 0.003469091 0.024079230 0.003158138
1776849927.053102255 0.624537289 -0.042451836 0.227990419 0.010181281 0.988412499 -0.012259856 0.150952816 -3.520717382 -3.925767660 -12.768846512 0.000000000 0.000000000 -12.000000000 -0.021456718 0.467427492 0.024064567 0.003477547 0.024078872 0.003165929
1776849927.058153391 0.624537110 -0.042451840 0.227990299 0.010181146 0.988412499 -0.012259917 0.150952712 -3.521396160 -3.925252914 -12.769345284 0.000000000 0.000000000 -12.000000000 -0.021692276 0.468432248 0.024064049 0.003486024 0.024078511 0.003173736
1776849927.063166380 0.624536932 -0.042451829 0.227989942 0.010181144 0.988412559 -0.012259904 0.150952488 -3.522075891 -3.924736738 -12.769873619 0.000000000 0.000000000 -12.000000000 -0.021956444 0.469437420 0.024063507 0.003494519 0.024078146 0.003181560
1776849927.068552971 0.624536574 -0.042451806 0.227989614 0.010181135 0.988412619 -0.012259908 0.150952190 -3.522757530 -3.924217701 -12.770432472 0.000000000 0.000000000 -12.000000000 -0.022248268 0.470438480 0.024062943 0.003503026 0.024077775 0.003189401
1776849927.073394775 0.624536276 -0.042451691 0.227989376 0.010181159 0.988412619 -0.012259789 0.150951922 -3.523441792 -3.923694611 -12.771021843 0.000000000 0.000000000 -12.000000000 -0.022568703 0.471439123 0.024062352 0.003511551 0.024077399 0.003197258
1776849927.078491211 0.624536037 -0.042451654 0.227989078 0.010181054 0.988412678 -0.012259831 0.150951713 -3.524129868 -3.923166275 -12.771643639 0.000000000 0.000000000 -12.000000000 -0.022917747 0.472440183 0.024061738 0.003520092 0.024077017 0.003205132
1776849927.083120346 0.624535561 -0.042451799 0.227988720 0.010181142 0.988412738 -0.012259917 0.150951326 -3.524822235 -3.922631264 -12.772296906 0.000000000 0.000000000 -12.000000000 -0.023296356 0.473447323 0.024061099 0.003528655 0.024076629 0.003213023
1776849927.090508223 0.624535322 -0.042451672 0.227988511 0.010181056 0.988412738 -0.012259874 0.150951147 -3.525519848 -3.922088146 -12.772982597 0.000000000 0.000000000 -12.000000000 -0.023701668 0.474447668 0.024060434 0.003537229 0.024076235 0.003220930
1776849927.093156815 0.624534667 -0.042451754 0.227987766 0.010180994 0.988412857 -0.012259958 0.150950462 -3.526223421 -3.921536207 -12.773700714 0.000000000 0.000000000 -12.000000000 -0.024137497 0.475452721 0.024059741 0.003545823 0.024075832 0.003228855
1776849927.098414183 0.624534667 -0.042451754 0.227987766 0.010180994 0.988412857 -0.012259958 0.150950462 -3.526933670 -3.920973778 -12.774450302 0.000000000 0.000000000 -12.000000000 -0.024599075 0.476458907 0.024059024 0.003554435 0.024075422 0.003236796
1776849927.103273392 0.624534488 -0.042451702 0.227987587 0.010180964 0.988412857 -0.012259938 0.150950372 -3.527651548 -3.920400143 -12.775233269 0.000000000 0.000000000 -12.000000000 -0.025090218 0.477465093 0.024058277 0.003563063 0.024075003 0.003244753
1776849927.108469009 0.624534249 -0.042451590 0.227987230 0.010180955 0.988412917 -0.012259834 0.150950149 -3.528377533 -3.919813871 -12.776049614 0.000000000 0.000000000 -12.000000000 -0.025610924 0.479383916 0.024057502 0.003572332 0.024074577 0.003252743
1776849927.113108873 0.624534011 -0.042451594 0.227987021 0.010180895 0.988412976 -0.012259916 0.150949955 -3.529112339 -3.919214249 -12.776896477 0.000000000 0.000000000 -12.000000000 -0.026154518 0.480389237 0.024056705 0.003581009 0.024074141 0.003260750
1776849927.118215322 0.624533653 -0.042451687 0.227986634 0.010181041 0.988412976 -0.012259902 0.150949642 -3.529856682 -3.918600321 -12.777775764 0.000000000 0.000000000 -12.000000000 -0.026725769 0.481398433 0.024055878 0.003589705 0.024073696 0.003268773
1776849927.123086214 0.624533355 -0.042451620 0.227986395 0.010180898 0.988413036 -0.012259922 0.150949404 -3.530610323 -3.917971373 -12.778686523 0.000000000 0.000000000 -12.000000000 -0.027323723 0.482401788 0.024055025 0.003598414 0.024073241 0.003276813
1776849927.128157139 0.624533057 -0.042451534 0.227986097 0.010180953 0.988413095 -0.012259844 0.150949135 -3.531373978 -3.917327166 -12.779625893 0.000000000 0.000000000 -12.000000000 -0.027944565 0.483267248 0.024054145 0.003607046 0.024072776 0.003284868
1776849927.133529663 0.624532700 -0.042451546 0.227985710 0.010180979 0.988413095 -0.012259831 0.150948808 -3.532147408 -3.916666985 -12.780593872 0.000000000 0.000000000 -12.000000000 -0.028590202 0.484275579 0.024053238 0.003615789 0.024072299 0.003292939
1776849927.138111591 0.624532342 -0.042451400 0.227985352 0.010180838 0.988413155 -0.012259819 0.150948510 -3.532930851 -3.915990829 -12.781589508 0.000000000 0.000000000 -12.000000000 -0.029255867 0.485277355 0.024052307 0.003624545 0.024071811 0.003301027
1776849927.143085957 0.624532044 -0.042451534 0.227985084 0.010180889 0.988413215 -0.012259852 0.150948241 -3.533723831 -3.915298223 -12.782609940 0.000000000 0.000000000 -12.000000000 -0.029941559 0.486294866 0.024051350 0.003633328 0.024071312 0.003309132
1776849927.148110628 0.624531746 -0.042451516 0.227984846 0.010180945 0.988413215 -0.012259834 0.150948063 -3.534526348 -3.914589167 -12.783653259 0.000000000 0.000000000 -12.000000000 -0.030644417 0.487304598 0.024050372 0.003642123 0.024070801 0.003317254
1776849927.153131247 0.624531448 -0.042451456 0.227984548 0.010180917 0.988413274 -0.012259803 0.150947750 -3.535338402 -3.913863420 -12.784719467 0.000000000 0.000000000 -12.000000000 -0.031365395 0.488313437 0.024049368 0.003650934 0.024070278 0.003325392
1776849927.158581257 0.624531388 -0.042451374 0.227984369 0.010180854 0.988413274 -0.012259791 0.150947720 -3.536159277 -3.913121223 -12.785803795 0.000000000 0.000000000 -12.000000000 -0.032100677 0.489324868 0.024048343 0.003659764 0.024069743 0.003333548
1776849927.163602352 0.624531269 -0.042451456 0.227984190 0.010180802 0.988413334 -0.012259874 0.150947586 -3.536989212 -3.912362337 -12.786906242 0.000000000 0.000000000 -12.000000000 -0.032848358 0.490342796 0.024047296 0.003668615 0.024069196 0.003341720
1776849927.168380499 0.624530911 -0.042451471 0.227983922 0.010180800 0.988413334 -0.012259867 0.150947273 -3.537827253 -3.911587000 -12.788023949 0.000000000 0.000000000 -12.000000000 -0.033607483 0.494356334 0.024046229 0.003679530 0.024068635 0.003349959
1776849927.173305750 0.624530613 -0.042451341 0.227983564 0.010180708 0.988413393 -0.012259839 0.150947005 -3.538673162 -3.910795450 -12.789154053 0.000000000 0.000000000 -12.000000000 -0.034373283 0.495358944 0.024045145 0.003688454 0.024068061 0.003358215
1776849927.178377151 0.624530375 -0.042451367 0.227983326 0.010180735 0.988413453 -0.012259833 0.150946796 -3.539526701 -3.909987450 -12.790296555 0.000000000 0.000000000 -12.000000000 -0.035148621 0.499006867 0.024044042 0.003699203 0.024067475 0.003366532
1776849927.183165312 0.624530137 -0.042451341 0.227983117 0.010180737 0.988413453 -0.012259852 0.150946647 -3.540386915 -3.909163713 -12.791447639 0.000000000 0.000000000 -12.000000000 -0.035928726 0.500015378 0.024042925 0.003708209 0.024066877 0.003374865
1776849927.188398838 0.624529898 -0.042451248 0.227982849 0.010180682 0.988413513 -0.012259811 0.150946409 -3.541253805 -3.908324480 -12.792608261 0.000000000 0.000000000 -12.000000000 -0.036714554 0.501021028 0.024041787 0.003717229 0.024066264 0.003383216
1776849927.193474531 0.624529541 -0.042451300 0.227982491 0.010180731 0.988413513 -0.012259822 0.150946081 -3.542126179 -3.907469988 -12.793774605 0.000000000 0.000000000 -12.000000000 -0.037504196 0.502031922 0.024040636 0.003726271 0.024065638 0.003391583
1776849927.198549032 0.624529362 -0.042451210 0.227982253 0.010180618 0.988413572 -0.012259792 0.150945872 -3.543003321 -3.906601191 -12.794948578 0.000000000 0.000000000 -12.000000000 -0.038297653 0.503041029 0.024039468 0.003735327 0.024064999 0.003399967
1776849927.203450680 0.624528885 -0.042451181 0.227981895 0.010180614 0.988413632 -0.012259773 0.150945500 -3.543884516 -3.905718803 -12.796126366 0.000000000 0.000000000 -12.000000000 -0.039093018 0.504326463 0.024038285 0.003744590 0.024064347 0.003408372
1776849927.208545208 0.624528706 -0.042451207 0.227981657 0.010180641 0.988413632 -0.012259768 0.150945351 -3.544768572 -3.904823542 -12.797308922 0.000000000 0.000000000 -12.000000000 -0.039890289 0.505340695 0.024037089 0.003753688 0.024063682 0.003416795
1776849927.213274956 0.624528348 -0.042451147 0.227981329 0.010180609 0.988413692 -0.012259749 0.150945053 -3.545654297 -3.903916836 -12.798494339 0.000000000 0.000000000 -12.000000000 -0.040688515 0.506348133 0.024035878 0.003762799 0.024063004 0.003425234
1776849927.218253136 0.624528170 -0.042451303 0.227981120 0.010180646 0.988413751 -0.012259834 0.150944874 -3.546540737 -3.902999878 -12.799682617 0.000000000 0.000000000 -12.000000000 -0.041489601 0.507981360 0.024034653 0.003772354 0.024062313 0.003433700
1776849927.223385572 0.624527812 -0.042451240 0.227980793 0.010180547 0.988413751 -0.012259842 0.150944546 -3.547426224 -3.902073622 -12.800872803 0.000000000 0.000000000 -12.000000000 -0.042291641 0.508988798 0.024033414 0.003781509 0.024061609 0.003442183
1776849927.228944778 0.624527574 -0.042451151 0.227980494 0.010180551 0.988413811 -0.012259793 0.150944367 -3.548309326 -3.901139498 -12.802065849 0.000000000 0.000000000 -12.000000000 -0.043095589 0.509998381 0.024032159 0.003790682 0.024060890 0.003450683
1776849927.233328819 0.624527276 -0.042451203 0.227980196 0.010180607 0.988413870 -0.012259789 0.150944099 -3.549188852 -3.900198936 -12.803259850 0.000000000 0.000000000 -12.000000000 -0.043901443 0.511013150 0.024030890 0.003799876 0.024060158 0.003459200
1776849927.238130093 0.624527097 -0.042451113 0.227980077 0.010180604 0.988413870 -0.012259766 0.150944009 -3.550062895 -3.899253130 -12.804454803 0.000000000 0.000000000 -12.000000000 -0.044710159 0.512024224 0.024029607 0.003809083 0.024059413 0.003467734
1776849927.243323088 0.624526918 -0.042451106 0.227979809 0.010180542 0.988413870 -0.012259766 0.150943860 -3.550930500 -3.898303986 -12.805650711 0.000000000 0.000000000 -12.000000000 -0.045519829 0.513040721 0.024028309 0.003818312 0.024058655 0.003476285
1776849927.248188972 0.624526799 -0.042451099 0.227979571 0.010180540 0.988413930 -0.012259759 0.150943741 -3.551789761 -3.897352934 -12.806846619 0.000000000 0.000000000 -12.000000000 -0.046333313 0.514056861 0.024026994 0.003827557 0.024057882 0.003484852
1776849927.253377914 0.624526680 -0.042451106 0.227979392 0.010180516 0.988413930 -0.012259822 0.150943682 -3.552640200 -3.896401405 -12.808042526 0.000000000 0.000000000 -12.000000000 -0.047148705 0.515072584 0.024025664 0.003836819 0.024057096 0.003493437
1776849927.258111000 0.624526501 -0.042451091 0.227979213 0.010180513 0.988413930 -0.012259813 0.150943503 -3.553480387 -3.895450830 -12.809238434 0.000000000 0.000000000 -12.000000000 -0.047967911 0.516087294 0.024024319 0.003846097 0.024056297 0.003502038
1776849927.263253927 0.624526203 -0.042451035 0.227978915 0.010180488 0.988413990 -0.012259775 0.150943235 -3.554310322 -3.894503355 -12.810435295 0.000000000 0.000000000 -12.000000000 -0.048789978 0.517100573 0.024022955 0.003855390 0.024055483 0.003510657
1776849927.268142700 0.624526024 -0.042451024 0.227978766 0.010180486 0.988413990 -0.012259770 0.150943145 -3.555129528 -3.893559933 -12.811631203 0.000000000 0.000000000 -12.000000000 -0.049614906 0.517864287 0.024021579 0.003864531 0.024054656 0.003519288
1776849927.273186207 0.624525726 -0.042451043 0.227978468 0.010180513 0.988414049 -0.012259760 0.150942862 -3.555937767 -3.892622471 -12.812826157 0.000000000 0.000000000 -12.000000000 -0.050442696 0.520295143 0.024020188 0.003874823 0.024053816 0.003527959
1776849927.278125763 0.624525666 -0.042450979 0.227978349 0.010180321 0.988414049 -0.012259813 0.150942773 -3.556735992 -3.891692400 -12.814021111 0.000000000 0.000000000 -12.000000000 -0.051274300 0.521063328 0.024018778 0.003884019 0.024052961 0.003536644
1776849927.283143282 0.624525309 -0.042450998 0.227978051 0.010180341 0.988414109 -0.012259821 0.150942475 -3.557524443 -3.890771627 -12.815215111 0.000000000 0.000000000 -12.000000000 -0.052108765 0.521833003 0.024017354 0.003893230 0.024052093 0.003545341
1776849927.288344383 0.624525011 -0.042450976 0.227977753 0.010180339 0.988414168 -0.012259807 0.150942177 -3.558303833 -3.889861345 -12.816408157 0.000000000 0.000000000 -12.000000000 -0.052946091 0.522602141 0.024015913 0.003902452 0.024051210 0.003554051
1776849927.293423653 0.624524891 -0.042451035 0.227977604 0.010180341 0.988414168 -0.012259848 0.150942147 -3.559075117 -3.888963461 -12.817598343 0.000000000 0.000000000 -12.000000000 -0.053782463 0.523378611 0.024014460 0.003911693 0.024050314 0.003562774
1776849927.298336029 0.624524593 -0.042450983 0.227977306 0.010180422 0.988414168 -0.012259784 0.150941879 -3.559839725 -3.888079166 -12.818785667 0.000000000 0.000000000 -12.000000000 -0.054620743 0.524147630 0.024012988 0.003920942 0.024049403 0.003571510
1776849927.303097248 0.624524295 -0.042450927 0.227977008 0.010180390 0.988414228 -0.012259766 0.150941610 -3.560598373 -3.887209654 -12.819968224 0.000000000 0.000000000 -12.000000000 -0.055457115 0.524263322 0.024011508 0.003929756 0.024048479 0.003580247
1776849927.308169365 0.624524057 -0.042450890 0.227976739 0.010180406 0.988414228 -0.012259689 0.150941461 -3.561352491 -3.886356592 -12.821146011 0.000000000 0.000000000 -12.000000000 -0.056291580 0.525043726 0.024010012 0.003939027 0.024047541 0.003588998
1776849927.313098669 0.624523818 -0.042450856 0.227976441 0.010180301 0.988414288 -0.012259730 0.150941223 -3.562103271 -3.885520458 -12.822318077 0.000000000 0.000000000 -12.000000000 -0.057122231 0.525823414 0.024008507 0.003948311 0.024046589 0.003597762
1776849927.318113804 0.624523640 -0.042450845 0.227976263 0.010180297 0.988414288 -0.012259722 0.150941104 -3.562851906 -3.884702444 -12.823481560 0.000000000 0.000000000 -12.000000000 -0.057947159 0.526606321 0.024006991 0.003957610 0.024045622 0.003606539
1776849927.323499680 0.624523342 -0.042450853 0.227975965 0.010180269 0.988414347 -0.012259751 0.150940865 -3.563599586 -3.883903265 -12.824636459 0.000000000 0.000000000 -12.000000000 -0.058765411 0.527389944 0.024005465 0.003966921 0.024044642 0.003615328
1776849927.328313589 0.624523103 -0.042450950 0.227975756 0.010180344 0.988414347 -0.012259792 0.150940657 -3.564347506 -3.883122921 -12.825780869 0.000000000 0.000000000 -12.000000000 -0.059576035 0.528179467 0.024003932 0.003976251 0.024043649 0.003624131
1776849927.333227873 0.624522984 -0.042450789 0.227975518 0.010180295 0.988414407 -0.012259718 0.150940523 -3.565096378 -3.882362366 -12.826913834 0.000000000 0.000000000 -12.000000000 -0.060377121 0.528959692 0.024002392 0.003985587 0.024042644 0.003632947
1776849927.338135242 0.624522746 -0.042450808 0.227975339 0.010180264 0.988414407 -0.012259722 0.150940344 -3.565847874 -3.881621122 -12.828034401 0.000000000 0.000000000 -12.000000000 -0.061164856 0.529747725 0.024000848 0.003994942 0.024041625 0.003641777
1776849927.343114853 0.624522626 -0.042450860 0.227975100 0.010180211 0.988414466 -0.012259797 0.150940210 -3.566602468 -3.880899191 -12.829140663 0.000000000 0.000000000 -12.000000000 -0.061941147 0.530538201 0.023999298 0.004004311 0.024040593 0.003650619
1776849927.348090172 0.624522448 -0.042450812 0.227974921 0.010180179 0.988414466 -0.012259785 0.150940105 -3.567361355 -3.880196333 -12.830233574 0.000000000 0.000000000 -12.000000000 -0.062705040 0.532130003 0.023997745 0.004014241 0.024039548 0.003659487
1776849927.353399277 0.624522209 -0.042450868 0.227974653 0.010180228 0.988414466 -0.012259802 0.150939897 -3.568125248 -3.879512310 -12.831309319 0.000000000 0.000000000 -12.000000000 -0.063454628 0.532921612 0.023996187 0.004023651 0.024038490 0.003668369
1776849927.359391212 0.624521971 -0.042450856 0.227974504 0.010180167 0.988414526 -0.012259805 0.150939777 -3.568894386 -3.878846407 -12.832369804 0.000000000 0.000000000 -12.000000000 -0.064187050 0.533711493 0.023994630 0.004033072 0.024037421 0.003677265
1776849927.363591909 0.624521852 -0.042450652 0.227974236 0.010180181 0.988414526 -0.012259701 0.150939599 -3.569669247 -3.878197670 -12.833412170 0.000000000 0.000000000 -12.000000000 -0.064902306 0.534495056 0.023993071 0.004042503 0.024036339 0.003686173
1776849927.368115187 0.624521554 -0.042450771 0.227973998 0.010180092 0.988414586 -0.012259813 0.150939360 -3.570449829 -3.877565145 -12.834437370 0.000000000 0.000000000 -12.000000000 -0.065601349 0.535291135 0.023991510 0.004051955 0.024035245 0.003695095
1776849927.373364449 0.624521494 -0.042450629 0.227973878 0.010180141 0.988414586 -0.012259710 0.150939301 -3.571236134 -3.876947880 -12.835444450 0.000000000 0.000000000 -12.000000000 -0.066283226 0.536080837 0.023989951 0.004061417 0.024034141 0.003704029
1776849927.378240347 0.624521196 -0.042450815 0.227973521 0.010180143 0.988414645 -0.012259814 0.150939062 -3.572027683 -3.876344442 -12.836432457 0.000000000 0.000000000 -12.000000000 -0.066945076 0.536880970 0.023988394 0.004070898 0.024033025 0.003712977
1776849927.383401871 0.624521017 -0.042450771 0.227973312 0.010180112 0.988414645 -0.012259800 0.150938883 -3.572823763 -3.875753641 -12.837401390 0.000000000 0.000000000 -12.000000000 -0.067587852 0.537674665 0.023986839 0.004080388 0.024031898 0.003721938
1776849927.388457060 0.624520779 -0.042450611 0.227973104 0.010180055 0.988414705 -0.012259708 0.150938705 -3.573624134 -3.875173807 -12.838352203 0.000000000 0.000000000 -12.000000000 -0.068214417 0.538462877 0.023985285 0.004089888 0.024030762 0.003730913
1776849927.393504381 0.624520481 -0.042450618 0.227972776 0.010180116 0.988414705 -0.012259719 0.150938407 -3.574428082 -3.874603510 -12.839284897 0.000000000 0.000000000 -12.000000000 -0.068823814 0.539913952 0.023983732 0.004099854 0.024029614 0.003739912
1776849927.398277760 0.624520302 -0.042450711 0.227972627 0.010180051 0.988414705 -0.012259799 0.150938377 -3.575235367 -3.874041319 -12.840197563 0.000000000 0.000000000 -12.000000000 -0.069413185 0.540717602 0.023982182 0.004109402 0.024028458 0.003748924
1776849927.403408051 0.624520123 -0.042450596 0.227972478 0.010180023 0.988414764 -0.012259721 0.150938198 -3.576045275 -3.873485088 -12.841092110 0.000000000 0.000000000 -12.000000000 -0.069984436 0.541513443 0.023980636 0.004118958 0.024027292 0.003757949
1776849927.408174038 0.624519944 -0.042450722 0.227972150 0.010180077 0.988414764 -0.012259785 0.150938049 -3.576857805 -3.872933388 -12.841969490 0.000000000 0.000000000 -12.000000000 -0.070538521 0.545300007 0.023979090 0.004130570 0.024026116 0.003767037
1776849927.413435936 0.624519706 -0.042450562 0.227971941 0.010180016 0.988414824 -0.012259700 0.150937855 -3.577672720 -3.872384787 -12.842827797 0.000000000 0.000000000 -12.000000000 -0.071075439 0.546087623 0.023977548 0.004140197 0.024024932 0.003776138
1776849927.418214083 0.624519527 -0.042450614 0.227971733 0.010180074 0.988414824 -0.012259739 0.150937706 -3.578489304 -3.871837378 -12.843667984 0.000000000 0.000000000 -12.000000000 -0.071595192 0.546885908 0.023976007 0.004149844 0.024023738 0.003785253
1776849927.423519850 0.624519169 -0.042450555 0.227971345 0.010180045 0.988414884 -0.012259706 0.150937349 -3.579307556 -3.871289730 -12.844491005 0.000000000 0.000000000 -12.000000000 -0.072096825 0.550894439 0.023974473 0.004161698 0.024022536 0.003794435
1776849927.428203821 0.624518991 -0.042450543 0.227971166 0.010179983 0.988414884 -0.012259710 0.150937259 -3.580127239 -3.870740414 -12.845295906 0.000000000 0.000000000 -12.000000000 -0.072581291 0.551686406 0.023972940 0.004171421 0.024021327 0.003803630
1776849927.433426619 0.624518633 -0.042450406 0.227970868 0.010179960 0.988414943 -0.012259643 0.150936961 -3.580947876 -3.870187998 -12.846083641 0.000000000 0.000000000 -12.000000000 -0.073047638 0.552468896 0.023971410 0.004181150 0.024020109 0.003812837
1776849927.438189030 0.624518573 -0.042450570 0.227970630 0.010179928 0.988414943 -0.012259770 0.150936902 -3.581769705 -3.869631529 -12.846853256 0.000000000 0.000000000 -12.000000000 -0.073496819 0.553271055 0.023969885 0.004190906 0.024018884 0.003822059
1776849927.443422318 0.624518514 -0.042450450 0.227970570 0.010179845 0.988414943 -0.012259729 0.150936931 -3.582592010 -3.869069815 -12.847604752 0.000000000 0.000000000 -12.000000000 -0.073927879 0.554060340 0.023968367 0.004200667 0.024017652 0.003831293
1776849927.448210478 0.624518216 -0.042450547 0.227970213 0.010179951 0.988415003 -0.012259752 0.150936663 -3.583414793 -3.868501902 -12.848338127 0.000000000 0.000000000 -12.000000000 -0.074341774 0.556631923 0.023966853 0.004211658 0.024016414 0.003840570
1776849927.453558922 0.624517918 -0.042450413 0.227970093 0.010179900 0.988415003 -0.012259694 0.150936425 -3.584237337 -3.867927074 -12.849053383 0.000000000 0.000000000 -12.000000000 -0.074737549 0.557420015 0.023965342 0.004221474 0.024015168 0.003849861
1776849927.458224058 0.624517679 -0.042450435 0.227969795 0.010179863 0.988415062 -0.012259708 0.150936276 -3.585059166 -3.867344618 -12.849749565 0.000000000 0.000000000 -12.000000000 -0.075115204 0.558216870 0.023963839 0.004231309 0.024013916 0.003859164
1776849927.463434219 0.624517500 -0.042450309 0.227969468 0.010179834 0.988415062 -0.012259663 0.150936082 -3.585879564 -3.866753578 -12.850427628 0.000000000 0.000000000 -12.000000000 -0.075474739 0.559008420 0.023962343 0.004241153 0.024012659 0.003868481
1776849927.468161106 0.624517500 -0.042450231 0.227969468 0.010179720 0.988415062 -0.012259646 0.150936112 -3.586697817 -3.866153955 -12.851088524 0.000000000 0.000000000 -12.000000000 -0.075818062 0.559805810 0.023960851 0.004251015 0.024011396 0.003877811
1776849927.473409176 0.624517202 -0.042450361 0.227969110 0.010179800 0.988415122 -0.012259671 0.150935814 -3.587512970 -3.865545034 -12.851731300 0.000000000 0.000000000 -12.000000000 -0.076144218 0.565792978 0.023959365 0.004264436 0.024010127 0.003887241
1776849927.478528023 0.624516964 -0.042450346 0.227968931 0.010179827 0.988415122 -0.012259661 0.150935695 -3.588323832 -3.864927292 -12.852355957 0.000000000 0.000000000 -12.000000000 -0.076453209 0.566587329 0.023957884 0.004274409 0.024008853 0.003896684
1776849927.483438253 0.624516904 -0.042450335 0.227968812 0.010179824 0.988415122 -0.012259657 0.150935635 -3.589129448 -3.864300728 -12.852964401 0.000000000 0.000000000 -12.000000000 -0.076746941 0.567383766 0.023956409 0.004284396 0.024007574 0.003906140
1776849927.488458633 0.624516666 -0.042450383 0.227968514 0.010179831 0.988415182 -0.012259719 0.150935456 -3.589928627 -3.863666058 -12.853556633 0.000000000 0.000000000 -12.000000000 -0.077028275 0.568181634 0.023954939 0.004294398 0.024006290 0.003915610
1776849927.493532181 0.624516487 -0.042450290 0.227968246 0.010179710 0.988415182 -0.012259707 0.150935248 -3.590719700 -3.863023758 -12.854131699 0.000000000 0.000000000 -12.000000000 -0.077294350 0.568973184 0.023953471 0.004304409 0.024005001 0.003925093
1776849927.498574972 0.624516368 -0.042450391 0.227968067 0.010179793 0.988415241 -0.012259726 0.150935188 -3.591500998 -3.862375021 -12.854690552 0.000000000 0.000000000 -12.000000000 -0.077546120 0.569776654 0.023952011 0.004314440 0.024003709 0.003934589
1776849927.503467560 0.624516249 -0.042450197 0.227967888 0.010179650 0.988415241 -0.012259672 0.150935188 -3.592271566 -3.861720800 -12.855234146 0.000000000 0.000000000 -12.000000000 -0.077787399 0.570567131 0.023950554 0.004324477 0.024002412 0.003944098
1776849927.508257866 0.624516070 -0.042450182 0.227967709 0.010179648 0.988415241 -0.012259665 0.150935039 -3.593029022 -3.861062527 -12.855762482 0.000000000 0.000000000 -12.000000000 -0.078018188 0.571367025 0.023949100 0.004334533 0.024001112 0.003953621
1776849927.513494015 0.624515951 -0.042450204 0.227967471 0.010179679 0.988415241 -0.012259691 0.150934979 -3.593772173 -3.860401154 -12.856276512 0.000000000 0.000000000 -12.000000000 -0.078237534 0.572167933 0.023947651 0.004344603 0.023999808 0.003963158
1776849927.518387079 0.624515772 -0.042450164 0.227967352 0.010179643 0.988415241 -0.012259654 0.150934860 -3.594499111 -3.859738350 -12.856775284 0.000000000 0.000000000 -12.000000000 -0.078448296 0.572535515 0.023946201 0.004354390 0.023998501 0.003972700
1776849927.523095846 0.624515653 -0.042450156 0.227967113 0.010179699 0.988415301 -0.012259637 0.150934741 -3.595208645 -3.859075069 -12.857261658 0.000000000 0.000000000 -12.000000000 -0.078650475 0.573339224 0.023944756 0.004364482 0.023997189 0.003982256
1776849927.528090954 0.624515533 -0.042450096 0.227966994 0.010179649 0.988415301 -0.012259639 0.150934622 -3.595899105 -3.858412981 -12.857734680 0.000000000 0.000000000 -12.000000000 -0.078847885 0.574140429 0.023943309 0.004374585 0.023995874 0.003991825
1776849927.533114672 0.624515414 -0.042450160 0.227966726 0.010179610 0.988415301 -0.012259672 0.150934502 -3.596569538 -3.857752800 -12.858196259 0.000000000 0.000000000 -12.000000000 -0.079038620 0.574948192 0.023941865 0.004384706 0.023994558 0.004001407
1776849927.538122177 0.624515176 -0.042450152 0.227966607 0.010179607 0.988415301 -0.012259671 0.150934473 -3.597218513 -3.857096195 -12.858647346 0.000000000 0.000000000 -12.000000000 -0.079227448 0.575752079 0.023940418 0.004394838 0.023993237 0.004011003
1776849927.543137789 0.624515057 -0.042450044 0.227966428 0.010179509 0.988415360 -0.012259677 0.150934294 -3.597844839 -3.856443882 -12.859087944 0.000000000 0.000000000 -12.000000000 -0.079411507 0.576552629 0.023938973 0.004404981 0.023991913 0.004020612
1776849927.548360586 0.624514997 -0.042450115 0.227966249 0.010179499 0.988415360 -0.012259715 0.150934353 -3.598447800 -3.855796814 -12.859519958 0.000000000 0.000000000 -12.000000000 -0.079595566 0.577363968 0.023937523 0.004415144 0.023990586 0.004030235
1776849927.553241253 0.624514818 -0.042449914 0.227966130 0.010179359 0.988415360 -0.012259654 0.150934145 -3.599026442 -3.855155706 -12.859944344 0.000000000 0.000000000 -12.000000000 -0.079779625 0.579154670 0.023936071 0.004425991 0.023989256 0.004039888
1776849927.558113337 0.624514759 -0.042450096 0.227966011 0.010179502 0.988415360 -0.012259685 0.150934145 -3.599580288 -3.854521275 -12.860361099 0.000000000 0.000000000 -12.000000000 -0.079965591 0.579974532 0.023934612 0.004436204 0.023987923 0.004049554
1776849927.563117266 0.624514580 -0.042450048 0.227965772 0.010179467 0.988415420 -0.012259684 0.150934055 -3.600108624 -3.853894234 -12.860770226 0.000000000 0.000000000 -12.000000000 -0.080150604 0.580780864 0.023933154 0.004446421 0.023986587 0.004059234
1776849927.568098545 0.624514461 -0.042449933 0.227965593 0.010179436 0.988415420 -0.012259607 0.150933951 -3.600611687 -3.853275299 -12.861173630 0.000000000 0.000000000 -12.000000000 -0.080338478 0.582462013 0.023931690 0.004457249 0.023985248 0.004068941
1776849927.573135614 0.624514341 -0.042449988 0.227965415 0.010179436 0.988415420 -0.012259656 0.150933817 -3.601089478 -3.852664709 -12.861571312 0.000000000 0.000000000 -12.000000000 -0.080529213 0.583274722 0.023930218 0.004467512 0.023983905 0.004078662
1776849927.578522682 0.624514103 -0.042450011 0.227965176 0.010179459 0.988415480 -0.012259658 0.150933623 -3.601542234 -3.852063179 -12.861963272 0.000000000 0.000000000 -12.000000000 -0.080722809 0.584085047 0.023928745 0.004477787 0.023982560 0.004088397
1776849927.583097935 0.624513924 -0.042449959 0.227964908 0.010179429 0.988415480 -0.012259638 0.150933534 -3.601971149 -3.851470947 -12.862351418 0.000000000 0.000000000 -12.000000000 -0.080920219 0.587190926 0.023927266 0.004489644 0.023981212 0.004098183
1776849927.588341951 0.624513805 -0.042449947 0.227964789 0.010179427 0.988415480 -0.012259631 0.150933415 -3.602376938 -3.850888014 -12.862735748 0.000000000 0.000000000 -12.000000000 -0.081121445 0.588001668 0.023925779 0.004499984 0.023979859 0.004107983
1776849927.593324423 0.624513626 -0.042449962 0.227964610 0.010179345 0.988415480 -0.012259703 0.150933325 -3.602760792 -3.850314856 -12.863116264 0.000000000 0.000000000 -12.000000000 -0.081325531 0.588813126 0.023924286 0.004510339 0.023978503 0.004117797
1776849927.598126411 0.624513447 -0.042449873 0.227964431 0.010179346 0.988415539 -0.012259668 0.150933176 -3.603124619 -3.849751234 -12.863494873 0.000000000 0.000000000 -12.000000000 -0.081535339 0.589620650 0.023922786 0.004520704 0.023977144 0.004127624
1776849927.603114367 0.624513328 -0.042449839 0.227964252 0.010179427 0.988415539 -0.012259574 0.150933057 -3.603469849 -3.849196911 -12.863870621 0.000000000 0.000000000 -12.000000000 -0.081748009 0.590433598 0.023921283 0.004531086 0.023975782 0.004137464
1776849927.608284950 0.624513149 -0.042449828 0.227964044 0.010179363 0.988415599 -0.012259585 0.150932908 -3.603798389 -3.848651648 -12.864244461 0.000000000 0.000000000 -12.000000000 -0.081965446 0.591607630 0.023919772 0.004541729 0.023974417 0.004147324
1776849927.613549471 0.624512970 -0.042449839 0.227963775 0.010179346 0.988415599 -0.012259622 0.150932729 -3.604112148 -3.848114729 -12.864616394 0.000000000 0.000000000 -12.000000000 -0.082184792 0.592421174 0.023918258 0.004552145 0.023973048 0.004157198
1776849927.618102074 0.624512851 -0.042449716 0.227963716 0.010179261 0.988415599 -0.012259590 0.150932729 -3.604413271 -3.847585917 -12.864988327 0.000000000 0.000000000 -12.000000000 -0.082408905 0.593230009 0.023916736 0.004562572 0.023971675 0.004167085
1776849927.623125792 0.624512672 -0.042449743 0.227963448 0.010179223 0.988415599 -0.012259612 0.150932550 -3.604703903 -3.847064018 -12.865358353 0.000000000 0.000000000 -12.000000000 -0.082634926 0.595565915 0.023915209 0.004574055 0.023970298 0.004177011
1776849927.628117085 0.624512494 -0.042449825 0.227963299 0.010179199 0.988415658 -0.012259694 0.150932491 -3.604985714 -3.846548796 -12.865728378 0.000000000 0.000000000 -12.000000000 -0.082863808 0.596386194 0.023913676 0.004584542 0.023968918 0.004186951
1776849927.634211063 0.624512434 -0.042449780 0.227963120 0.010179226 0.988415658 -0.012259676 0.150932431 -3.605260849 -3.846039295 -12.866097450 0.000000000 0.000000000 -12.000000000 -0.083095551 0.597201824 0.023912136 0.004595038 0.023967532 0.004196904
1776849927.638210297 0.624512315 -0.042449810 0.227962971 0.010179195 0.988415658 -0.012259685 0.150932372 -3.605531454 -3.845534801 -12.866466522 0.000000000 0.000000000 -12.000000000 -0.083327293 0.598020911 0.023910591 0.004605552 0.023966143 0.004206871
1776849927.643472433 0.624512255 -0.042449735 0.227962792 0.010179098 0.988415658 -0.012259652 0.150932372 -3.605799198 -3.845034838 -12.866834641 0.000000000 0.000000000 -12.000000000 -0.083559990 0.598836780 0.023909044 0.004616076 0.023964750 0.004216852
1776849927.648139715 0.624512136 -0.042449653 0.227962673 0.010179132 0.988415658 -0.012259603 0.150932223 -3.606065989 -3.844538450 -12.867201805 0.000000000 0.000000000 -12.000000000 -0.083792686 0.599652886 0.023907490 0.004626615 0.023963353 0.004226846
1776849927.653537273 0.624511898 -0.042449664 0.227962464 0.010179164 0.988415718 -0.012259626 0.150932074 -3.606333733 -3.844044924 -12.867568016 0.000000000 0.000000000 -12.000000000 -0.084024429 0.600471735 0.023905935 0.004637168 0.023961952 0.004236854
1776849927.658195257 0.624511659 -0.042449698 0.227962196 0.010179238 0.988415718 -0.012259603 0.150931895 -3.606604099 -3.843554258 -12.867932320 0.000000000 0.000000000 -12.000000000 -0.084252357 0.601292253 0.023904379 0.004647736 0.023960548 0.004246875
1776849927.663601875 0.624511540 -0.042449713 0.227962017 0.010179151 0.988415718 -0.012259651 0.150931895 -3.606878519 -3.843065500 -12.868295670 0.000000000 0.000000000 -12.000000000 -0.084479332 0.601784825 0.023902820 0.004658095 0.023959139 0.004256905
1776849927.668138981 0.624511242 -0.042449620 0.227961719 0.010179155 0.988415778 -0.012259598 0.150931612 -3.607158899 -3.842578411 -12.868657112 0.000000000 0.000000000 -12.000000000 -0.084702492 0.602938294 0.023901260 0.004668913 0.023957727 0.004266954
1776849927.673563004 0.624511123 -0.042449642 0.227961481 0.010179182 0.988415778 -0.012259593 0.150931433 -3.607446671 -3.842092752 -12.869017601 0.000000000 0.000000000 -12.000000000 -0.084923744 0.603433430 0.023899697 0.004679300 0.023956312 0.004277011
1776849927.678217649 0.624510944 -0.042449594 0.227961302 0.010179150 0.988415837 -0.012259583 0.150931343 -3.607743025 -3.841608286 -12.869377136 0.000000000 0.000000000 -12.000000000 -0.085141182 0.604621053 0.023898132 0.004690169 0.023954893 0.004287088
1776849927.683279276 0.624510646 -0.042449605 0.227960974 0.010179121 0.988415837 -0.012259611 0.150931105 -3.608049631 -3.841125011 -12.869734764 0.000000000 0.000000000 -12.000000000 -0.085353851 0.605115891 0.023896568 0.004700584 0.023953469 0.004297174
1776849927.688089371 0.624510467 -0.042449519 0.227960795 0.010179001 0.988415897 -0.012259604 0.150930986 -3.608367205 -3.840642691 -12.870091438 0.000000000 0.000000000 -12.000000000 -0.085562706 0.605757713 0.023895001 0.004711108 0.023952043 0.004307270
1776849927.693158150 0.624510348 -0.042449553 0.227960557 0.010179081 0.988415897 -0.012259564 0.150930867 -3.608696461 -3.840161324 -12.870446205 0.000000000 0.000000000 -12.000000000 -0.085765839 0.606258869 0.023893436 0.004721547 0.023950614 0.004317374
1776849927.698144436 0.624509931 -0.042449594 0.227960289 0.010179142 0.988415897 -0.012259588 0.150930598 -3.609038591 -3.839680672 -12.870800972 0.000000000 0.000000000 -12.000000000 -0.085966110 0.606757104 0.023891872 0.004731991 0.023949182 0.004327487
1776849927.703253984 0.624509692 -0.042449616 0.227959931 0.010179103 0.988415956 -0.012259607 0.150930360 -3.609393597 -3.839200735 -12.871154785 0.000000000 0.000000000 -12.000000000 -0.086161613 0.607257605 0.023890305 0.004742446 0.023947746 0.004337608
1776849927.708107710 0.624509692 -0.042449418 0.227959812 0.010178967 0.988415956 -0.012259535 0.150930390 -3.609761953 -3.838721514 -12.871508598 0.000000000 0.000000000 -12.000000000 -0.086352348 0.607752442 0.023888737 0.004752905 0.023946306 0.004347737
1776849927.713089705 0.624509335 -0.042449437 0.227959514 0.010179051 0.988416016 -0.012259525 0.150930092 -3.610143900 -3.838242769 -12.871862411 0.000000000 0.000000000 -12.000000000 -0.086540222 0.608256221 0.023887170 0.004763379 0.023944864 0.004357874
1776849927.718125820 0.624509156 -0.042449422 0.227959335 0.010179048 0.988416016 -0.012259519 0.150929973 -3.610539198 -3.837764740 -12.872215271 0.000000000 0.000000000 -12.000000000 -0.086723328 0.608760118 0.023885604 0.004773860 0.023943419 0.004368020
1776849927.723121881 0.624508977 -0.042449333 0.227958977 0.010178925 0.988416076 -0.012259508 0.150929809 -3.610947847 -3.837287188 -12.872569084 0.000000000 0.000000000 -12.000000000 -0.086902618 0.609260261 0.023884034 0.004784348 0.023941969 0.004378174
1776849927.728110552 0.624508739 -0.042449288 0.227958769 0.010178948 0.988416076 -0.012259456 0.150929600 -3.611369848 -3.836810112 -12.872923851 0.000000000 0.000000000 -12.000000000 -0.087079048 0.609765589 0.023882465 0.004794847 0.023940518 0.004388337
1776849927.733076334 0.624508500 -0.042449303 0.227958471 0.010178921 0.988416135 -0.012259485 0.150929391 -3.611804485 -3.836333752 -12.873278618 0.000000000 0.000000000 -12.000000000 -0.087251663 0.610273838 0.023880895 0.004805358 0.023939064 0.004398508
1776849927.738441706 0.624508500 -0.042449258 0.227958411 0.010178891 0.988416076 -0.012259472 0.150929451 -3.612251282 -3.835857391 -12.873636246 0.000000000 0.000000000 -12.000000000 -0.087424278 0.611777663 0.023879325 0.004816556 0.023937607 0.004408705
1776849927.743151665 0.624508142 -0.042449314 0.227958053 0.010178947 0.988416135 -0.012259467 0.150929183 -3.612709761 -3.835381746 -12.873995781 0.000000000 0.000000000 -12.000000000 -0.087594986 0.612288177 0.023877751 0.004827102 0.023936147 0.004418910
1776849927.748367071 0.624507964 -0.042449221 0.227957815 0.010178884 0.988416135 -0.012259450 0.150929064 -3.613179207 -3.834906340 -12.874358177 0.000000000 0.000000000 -12.000000000 -0.087765694 0.612793446 0.023876173 0.004837652 0.023934685 0.004429123
1776849927.753136396 0.624507904 -0.042449143 0.227957696 0.010178884 0.988416135 -0.012259420 0.150929064 -3.613658905 -3.834431648 -12.874725342 0.000000000 0.000000000 -12.000000000 -0.087937355 0.613303244 0.023874594 0.004848213 0.023933219 0.004439345
1776849927.758150578 0.624507666 -0.042449147 0.227957398 0.010178804 0.988416195 -0.012259478 0.150928885 -3.614147902 -3.833957434 -12.875098228 0.000000000 0.000000000 -12.000000000 -0.088111877 0.613815308 0.023873011 0.004858785 0.023931751 0.004449575
1776849927.763279915 0.624507427 -0.042449258 0.227957070 0.010178964 0.988416255 -0.012259429 0.150928617 -3.614645243 -3.833484173 -12.875477791 0.000000000 0.000000000 -12.000000000 -0.088290215 0.614334226 0.023871420 0.004869370 0.023930280 0.004459814
1776849927.768539429 0.624507070 -0.042449184 0.227956772 0.010178854 0.988416255 -0.012259471 0.150928408 -3.615150452 -3.833012104 -12.875864029 0.000000000 0.000000000 -12.000000000 -0.088473320 0.616715372 0.023869822 0.004881236 0.023928804 0.004470092
1776849927.773274422 0.624506950 -0.042449281 0.227956533 0.010178878 0.988416314 -0.012259493 0.150928229 -3.615662336 -3.832540989 -12.876259804 0.000000000 0.000000000 -12.000000000 -0.088664055 0.617236376 0.023868218 0.004891871 0.023927327 0.004480380
1776849927.778229713 0.624506593 -0.042449072 0.227956206 0.010178733 0.988416314 -0.012259436 0.150927946 -3.616180182 -3.832071543 -12.876665115 0.000000000 0.000000000 -12.000000000 -0.088861465 0.617740750 0.023866605 0.004902503 0.023925846 0.004490675
1776849927.783140421 0.624506354 -0.042449094 0.227955967 0.010178757 0.988416374 -0.012259440 0.150927737 -3.616703510 -3.831603527 -12.877081871 0.000000000 0.000000000 -12.000000000 -0.089068413 0.618260801 0.023864983 0.004913154 0.023924362 0.004500980
1776849927.788190842 0.624506176 -0.042449120 0.227955729 0.010178784 0.988416374 -0.012259436 0.150927618 -3.617231607 -3.831137180 -12.877511024 0.000000000 0.000000000 -12.000000000 -0.089285851 0.618781626 0.023863349 0.004923814 0.023922874 0.004511293
1776849927.793295860 0.624505877 -0.042449117 0.227955431 0.010178700 0.988416433 -0.012259502 0.150927410 -3.617763758 -3.830672741 -12.877955437 0.000000000 0.000000000 -12.000000000 -0.089517593 0.619299114 0.023861703 0.004934480 0.023921382 0.004521614
1776849927.798293114 0.624505758 -0.042449135 0.227955192 0.010178670 0.988416433 -0.012259535 0.150927305 -3.618299484 -3.830209970 -12.878414154 0.000000000 0.000000000 -12.000000000 -0.089761734 0.619820297 0.023860045 0.004945158 0.023919886 0.004531945
1776849927.803494930 0.624505460 -0.042448912 0.227954805 0.010178634 0.988416493 -0.012259359 0.150927022 -3.618838549 -3.829748869 -12.878890991 0.000000000 0.000000000 -12.000000000 -0.090022087 0.620332837 0.023858370 0.004955839 0.023918385 0.004542284
1776849927.808379889 0.624505043 -0.042448945 0.227954388 0.010178611 0.988416553 -0.012259415 0.150926605 -3.619380713 -3.829289675 -12.879386902 0.000000000 0.000000000 -12.000000000 -0.090298653 0.620854855 0.023856681 0.004966534 0.023916880 0.004552631
1776849927.813390970 0.624504864 -0.042448893 0.227954179 0.010178640 0.988416553 -0.012259389 0.150926575 -3.619925737 -3.828831911 -12.879902840 0.000000000 0.000000000 -12.000000000 -0.090595245 0.621378303 0.023854973 0.004977240 0.023915369 0.004562987
1776849927.818203926 0.624504626 -0.042448897 0.227954060 0.010178743 0.988416553 -0.012259320 0.150926456 -3.620473385 -3.828375340 -12.880440712 0.000000000 0.000000000 -12.000000000 -0.090911865 0.621905923 0.023853246 0.004987956 0.023913855 0.004573353
1776849927.823170662 0.624504387 -0.042448841 0.227953702 0.010178655 0.988416612 -0.012259299 0.150926173 -3.621023893 -3.827919483 -12.881003380 0.000000000 0.000000000 -12.000000000 -0.091251373 0.622431278 0.023851499 0.004998681 0.023912333 0.004583727
1776849927.828575611 0.624504268 -0.042448815 0.227953523 0.010178572 0.988416612 -0.012259361 0.150926083 -3.621577263 -3.827463865 -12.881590843 0.000000000 0.000000000 -12.000000000 -0.091612816 0.622957349 0.023849729 0.005009415 0.023910806 0.004594109
1776849927.833741665 0.624503970 -0.042448722 0.227953345 0.010178488 0.988416672 -0.012259329 0.150925905 -3.622134209 -3.827008009 -12.882205963 0.000000000 0.000000000 -12.000000000 -0.092000008 0.623482466 0.023847939 0.005020156 0.023909273 0.004604501
1776849927.838390827 0.624503732 -0.042448778 0.227952898 0.010178536 0.988416672 -0.012259341 0.150925636 -3.622694969 -3.826550961 -12.882848740 0.000000000 0.000000000 -12.000000000 -0.092411995 0.624962926 0.023846123 0.005031559 0.023907732 0.004614917
1776849927.843369246 0.624503553 -0.042448688 0.227952719 0.010178484 0.988416731 -0.012259297 0.150925517 -3.623260260 -3.826091766 -12.883522034 0.000000000 0.000000000 -12.000000000 -0.092852592 0.625875652 0.023844283 0.005042599 0.023906184 0.004625348
1776849927.848392010 0.624503136 -0.042448662 0.227952242 0.010178534 0.988416791 -0.012259278 0.150925189 -3.623830318 -3.825629473 -12.884225845 0.000000000 0.000000000 -12.000000000 -0.093320847 0.626402676 0.023842415 0.005053390 0.023904629 0.004635788
1776849927.853316545 0.624503016 -0.042448577 0.227952123 0.010178480 0.988416791 -0.012259246 0.150925100 -3.624406099 -3.825163126 -12.884962082 0.000000000 0.000000000 -12.000000000 -0.093815804 0.626933217 0.023840522 0.005064193 0.023903066 0.004646237
1776849927.858335733 0.624502718 -0.042448558 0.227951854 0.010178478 0.988416791 -0.012259232 0.150924832 -3.624988317 -3.824691296 -12.885731697 0.000000000 0.000000000 -12.000000000 -0.094343185 0.627736807 0.023838598 0.005075191 0.023901494 0.004656699
1776849927.863309383 0.624502540 -0.042448573 0.227951556 0.010178450 0.988416851 -0.012259264 0.150924683 -3.625577211 -3.824212790 -12.886535645 0.000000000 0.000000000 -12.000000000 -0.094898224 0.628271461 0.023836648 0.005086019 0.023899913 0.004667171
1776849927.868550062 0.624502540 -0.042448573 0.227951497 0.010178387 0.988416851 -0.012259277 0.150924802 -3.626173258 -3.823726654 -12.887374878 0.000000000 0.000000000 -12.000000000 -0.095485687 0.628810048 0.023834664 0.005096858 0.023898322 0.004677651
1776849927.873465061 0.624502242 -0.042448550 0.227951199 0.010178384 0.988416851 -0.012259259 0.150924474 -3.626777172 -3.823230982 -12.888248444 0.000000000 0.000000000 -12.000000000 -0.096102715 0.629342258 0.023832651 0.005107702 0.023896720 0.004688140
1776849927.878487110 0.624502063 -0.042448536 0.227951020 0.010178441 0.988416910 -0.012259244 0.150924370 -3.627388954 -3.822724819 -12.889157295 0.000000000 0.000000000 -12.000000000 -0.096749306 0.629879415 0.023830608 0.005118558 0.023895107 0.004698638
1776849927.883372784 0.624501824 -0.042448483 0.227950752 0.010178349 0.988416910 -0.012259238 0.150924191 -3.628009081 -3.822206736 -12.890101433 0.000000000 0.000000000 -12.000000000 -0.097426414 0.630414724 0.023828533 0.005129421 0.023893483 0.004709145
1776849927.888353109 0.624501407 -0.042448491 0.227950335 0.010178434 0.988416970 -0.012259213 0.150923803 -3.628637791 -3.821675539 -12.891078949 0.000000000 0.000000000 -12.000000000 -0.098133087 0.630950928 0.023826426 0.005140295 0.023891848 0.004719661
1776849927.893147707 0.624501109 -0.042448435 0.227950037 0.010178434 0.988417029 -0.012259182 0.150923565 -3.629274845 -3.821130276 -12.892090797 0.000000000 0.000000000 -12.000000000 -0.098867416 0.632149398 0.023824288 0.005151629 0.023890199 0.004730197
1776849927.898410320 0.624500811 -0.042448342 0.227949709 0.010178284 0.988417029 -0.012259172 0.150923297 -3.629920244 -3.820569992 -12.893134117 0.000000000 0.000000000 -12.000000000 -0.099629402 0.632685661 0.023822119 0.005162532 0.023888540 0.004740742
1776849927.903515816 0.624500632 -0.042448457 0.227949500 0.010178289 0.988417089 -0.012259256 0.150923178 -3.630573750 -3.819993734 -12.894208908 0.000000000 0.000000000 -12.000000000 -0.100416183 0.633232355 0.023819922 0.005173450 0.023886865 0.004751295
1776849927.908416510 0.624500394 -0.042448308 0.227949172 0.010178342 0.988417089 -0.012259125 0.150922984 -3.631235361 -3.819400787 -12.895313263 0.000000000 0.000000000 -12.000000000 -0.101227760 0.633769035 0.023817692 0.005184371 0.023885177 0.004761858
1776849927.913429022 0.624500096 -0.042448215 0.227948874 0.010178220 0.988417149 -0.012259114 0.150922775 -3.631904364 -3.818790436 -12.896445274 0.000000000 0.000000000 -12.000000000 -0.102063179 0.634635985 0.023815434 0.005195526 0.023883477 0.004772435
1776849927.918292999 0.624499798 -0.042448249 0.227948576 0.010178168 0.988417208 -0.012259181 0.150922477 -3.632580519 -3.818162680 -12.897603035 0.000000000 0.000000000 -12.000000000 -0.102919579 0.635181904 0.023813149 0.005206476 0.023881761 0.004783022
1776849927.923227072 0.624499559 -0.042448163 0.227948397 0.010178171 0.988417208 -0.012259134 0.150922328 -3.633263111 -3.817516565 -12.898785591 0.000000000 0.000000000 -12.000000000 -0.103796959 0.636571169 0.023810834 0.005218012 0.023880031 0.004793631
1776849927.928190708 0.624499440 -0.042448111 0.227948129 0.010178135 0.988417208 -0.012259132 0.150922209 -3.633951664 -3.816852093 -12.899989128 0.000000000 0.000000000 -12.000000000 -0.104688644 0.637116015 0.023808492 0.005228994 0.023878286 0.004804250
1776849927.933351517 0.624499142 -0.042448130 0.227947831 0.010178225 0.988417268 -0.012259101 0.150921881 -3.634645462 -3.816169262 -12.901213646 0.000000000 0.000000000 -12.000000000 -0.105598450 0.637664914 0.023806127 0.005239988 0.023876525 0.004814878
1776849927.938231707 0.624498963 -0.042448118 0.227947652 0.010178103 0.988417268 -0.012259114 0.150921792 -3.635343313 -3.815467834 -12.902457237 0.000000000 0.000000000 -12.000000000 -0.106523514 0.638213634 0.023803735 0.005250990 0.023874750 0.004825515
1776849927.943239927 0.624498785 -0.042448044 0.227947295 0.010178209 0.988417327 -0.012259012 0.150921613 -3.636044741 -3.814748287 -12.903717041 0.000000000 0.000000000 -12.000000000 -0.107461929 0.638760567 0.023801317 0.005262001 0.023872958 0.004836161
1776849927.948097467 0.624498546 -0.042448085 0.227947086 0.010178156 0.988417327 -0.012259086 0.150921464 -3.636748791 -3.814011097 -12.904992104 0.000000000 0.000000000 -12.000000000 -0.108413696 0.639312208 0.023798876 0.005273024 0.023871152 0.004846816
1776849927.953112841 0.624498367 -0.042447962 0.227946877 0.010178016 0.988417387 -0.012259044 0.150921315 -3.637454748 -3.813257456 -12.906280518 0.000000000 0.000000000 -12.000000000 -0.109375000 0.639858484 0.023796411 0.005284052 0.023869328 0.004857480
1776849927.958113670 0.624498129 -0.042447984 0.227946669 0.010178039 0.988417387 -0.012259049 0.150921166 -3.638162136 -3.812487841 -12.907579422 0.000000000 0.000000000 -12.000000000 -0.110344887 0.640662074 0.023793926 0.005295266 0.023867490 0.004868158
1776849927.963284254 0.624498188 -0.042447925 0.227946490 0.010177959 0.988417387 -0.012259099 0.150921226 -3.638870955 -3.811704159 -12.908886909 0.000000000 0.000000000 -12.000000000 -0.111321449 0.641213655 0.023791421 0.005306320 0.023865635 0.004878845
1776849927.968077183 0.624498069 -0.042447913 0.227946460 0.010177896 0.988417387 -0.012259109 0.150921255 -3.639581203 -3.810907364 -12.910201073 0.000000000 0.000000000 -12.000000000 -0.112303734 0.641769171 0.023788894 0.005317387 0.023863763 0.004889541
1776849927.973133564 0.624497771 -0.042447835 0.227946013 0.010178003 0.988417447 -0.012259000 0.150920942 -3.640292645 -3.810099363 -12.911518097 0.000000000 0.000000000 -12.000000000 -0.113286018 0.642320693 0.023786349 0.005328460 0.023861874 0.004900246
1776849927.978170872 0.624497652 -0.042447828 0.227945894 0.010178001 0.988417447 -0.012258995 0.150920853 -3.641006470 -3.809281826 -12.912836075 0.000000000 0.000000000 -12.000000000 -0.114268303 0.642878175 0.023783792 0.005339547 0.023859970 0.004910961
1776849927.983169317 0.624497294 -0.042447880 0.227945596 0.010177968 0.988417506 -0.012259001 0.150920525 -3.641722918 -3.808456898 -12.914151192 0.000000000 0.000000000 -12.000000000 -0.115247726 0.643436730 0.023781218 0.005350643 0.023858050 0.004921685
1776849927.988233089 0.624496937 -0.042447802 0.227945268 0.010177914 0.988417506 -0.012259042 0.150920287 -3.642443180 -3.807626486 -12.915461540 0.000000000 0.000000000 -12.000000000 -0.116219521 0.643987775 0.023778632 0.005361743 0.023856113 0.004932418
1776849927.993236065 0.624496758 -0.042447750 0.227944911 0.010177829 0.988417566 -0.012259015 0.150920048 -3.643167973 -3.806792974 -12.916762352 0.000000000 0.000000000 -12.000000000 -0.117180824 0.644545496 0.023776038 0.005372857 0.023854159 0.004943160
1776849927.998488665 0.624496579 -0.042447701 0.227944732 0.010177855 0.988417566 -0.012258995 0.150919959 -3.643898249 -3.805958271 -12.918051720 0.000000000 0.000000000 -12.000000000 -0.118128777 0.645103991 0.023773437 0.005383981 0.023852190 0.004953912
1776849928.004048347 0.624496222 -0.042447753 0.227944434 0.010177915 0.988417625 -0.012258982 0.150919721 -3.644634724 -3.805124998 -12.919324875 0.000000000 0.000000000 -12.000000000 -0.119061470 0.645668447 0.023770832 0.005395119 0.023850206 0.004964673
1776849928.008420944 0.624496162 -0.042447530 0.227944225 0.010177733 0.988417625 -0.012258912 0.150919646 -3.645378351 -3.804294825 -12.920580864 0.000000000 0.000000000 -12.000000000 -0.119975090 0.646162271 0.023768222 0.005406217 0.023848206 0.004975442
1776849928.013254642 0.624495804 -0.042447653 0.227943867 0.010177901 0.988417685 -0.012258925 0.150919348 -3.646130085 -3.803470373 -12.921815872 0.000000000 0.000000000 -12.000000000 -0.120866776 0.646730661 0.023765614 0.005417375 0.023846192 0.004986221
1776849928.018162727 0.624495625 -0.042447556 0.227943689 0.010177732 0.988417685 -0.012258933 0.150919199 -3.646891117 -3.802653790 -12.923027992 0.000000000 0.000000000 -12.000000000 -0.121734619 0.647291183 0.023763007 0.005428536 0.023844164 0.004997009
1776849928.023134947 0.624495447 -0.042447578 0.227943420 0.010177816 0.988417685 -0.012258921 0.150919080 -3.647662163 -3.801846743 -12.924213409 0.000000000 0.000000000 -12.000000000 -0.122575760 0.647858739 0.023760403 0.005439713 0.023842121 0.005007807
1776849928.028443575 0.624495089 -0.042447556 0.227943063 0.010177842 0.988417745 -0.012258899 0.150918752 -3.648443937 -3.801051617 -12.925373077 0.000000000 0.000000000 -12.000000000 -0.123389244 0.648061156 0.023757804 0.005450649 0.023840064 0.005018608
1776849928.033438206 0.624494851 -0.042447429 0.227942824 0.010177725 0.988417804 -0.012258872 0.150918603 -3.649237633 -3.800270319 -12.926503181 0.000000000 0.000000000 -12.000000000 -0.124171257 0.648262978 0.023755213 0.005461588 0.023837995 0.005029412
1776849928.038085699 0.624494612 -0.042447411 0.227942526 0.010177721 0.988417804 -0.012258860 0.150918394 -3.650043726 -3.799504042 -12.927604675 0.000000000 0.000000000 -12.000000000 -0.124924660 0.648469687 0.023752630 0.005472533 0.023835912 0.005040220
1776849928.043097019 0.624494255 -0.042447295 0.227942169 0.010177745 0.988417864 -0.012258739 0.150918111 -3.650863171 -3.798754454 -12.928675652 0.000000000 0.000000000 -12.000000000 -0.125645638 0.648673892 0.023750056 0.005483481 0.023833819 0.005051031
1776849928.048193693 0.624494135 -0.042447455 0.227941960 0.010177712 0.988417864 -0.012258867 0.150918007 -3.651696205 -3.798022509 -12.929716110 0.000000000 0.000000000 -12.000000000 -0.126336098 0.648892820 0.023747491 0.005494441 0.023831714 0.005061846
1776849928.053179502 0.624493837 -0.042447351 0.227941662 0.010177600 0.988417923 -0.012258863 0.150917798 -3.652543545 -3.797309160 -12.930726051 0.000000000 0.000000000 -12.000000000 -0.126995087 0.649098158 0.023744935 0.005505397 0.023829598 0.005072664
1776849928.058630466 0.624493599 -0.042447291 0.227941364 0.010177630 0.988417923 -0.012258826 0.150917545 -3.653404951 -3.796615362 -12.931707382 0.000000000 0.000000000 -12.000000000 -0.127623558 0.649307966 0.023742389 0.005516359 0.023827471 0.005083486
1776849928.063344479 0.624493241 -0.042447306 0.227940977 0.010177653 0.988417983 -0.012258824 0.150917247 -3.654280901 -3.795941591 -12.932659149 0.000000000 0.000000000 -12.000000000 -0.128221512 0.649574459 0.023739854 0.005527362 0.023825334 0.005094313
1776849928.068091631 0.624493122 -0.042447187 0.227940857 0.010177601 0.988417983 -0.012258775 0.150917217 -3.655170918 -3.795287848 -12.933584213 0.000000000 0.000000000 -12.000000000 -0.128789902 0.649787247 0.023737328 0.005538334 0.023823189 0.005105142
1776849928.073096275 0.624493003 -0.042447254 0.227940649 0.010177623 0.988418043 -0.012258799 0.150917068 -3.656074524 -3.794654369 -12.934482574 0.000000000 0.000000000 -12.000000000 -0.129331589 0.650008917 0.023734812 0.005549315 0.023821034 0.005115976
1776849928.078104973 0.624492705 -0.042447194 0.227940470 0.010177530 0.988418043 -0.012258794 0.150916889 -3.656991720 -3.794040680 -12.935358047 0.000000000 0.000000000 -12.000000000 -0.129850388 0.650223732 0.023732303 0.005560296 0.023818869 0.005126813
1776849928.083156824 0.624492466 -0.042447139 0.227940083 0.010177497 0.988418102 -0.012258776 0.150916651 -3.657921314 -3.793446779 -12.936212540 0.000000000 0.000000000 -12.000000000 -0.130345345 0.650727570 0.023729801 0.005571477 0.023816697 0.005137658
1776849928.088306427 0.624492288 -0.042447127 0.227939904 0.010177501 0.988418102 -0.012258749 0.150916532 -3.658862591 -3.792871714 -12.937047958 0.000000000 0.000000000 -12.000000000 -0.130821228 0.650948703 0.023727302 0.005582473 0.023814516 0.005148507
1776849928.093343496 0.624491990 -0.042447031 0.227939636 0.010177438 0.988418162 -0.012258728 0.150916293 -3.659814596 -3.792315006 -12.937868118 0.000000000 0.000000000 -12.000000000 -0.131279945 0.651164591 0.023724807 0.005593469 0.023812328 0.005159360
1776849928.098420620 0.624491751 -0.042447031 0.227939367 0.010177545 0.988418162 -0.012258643 0.150916100 -3.660776377 -3.791775227 -12.938675880 0.000000000 0.000000000 -12.000000000 -0.131726265 0.651390016 0.023722313 0.005604476 0.023810131 0.005170216
1776849928.103092909 0.624491513 -0.042446919 0.227939010 0.010177441 0.988418221 -0.012258655 0.150915861 -3.661746979 -3.791251659 -12.939474106 0.000000000 0.000000000 -12.000000000 -0.132163048 0.651606560 0.023719819 0.005615481 0.023807928 0.005181076
1776849928.108132362 0.624491215 -0.042446941 0.227938801 0.010177465 0.988418221 -0.012258661 0.150915682 -3.662724733 -3.790743113 -12.940266609 0.000000000 0.000000000 -12.000000000 -0.132592201 0.651833892 0.023717323 0.005626496 0.023805719 0.005191940
1776849928.113182545 0.624490917 -0.042446919 0.227938443 0.010177399 0.988418281 -0.012258665 0.150915414 -3.663708925 -3.790248156 -12.941055298 0.000000000 0.000000000 -12.000000000 -0.133016586 0.652059197 0.023714826 0.005637514 0.023803502 0.005202808
1776849928.118361235 0.624490678 -0.042446826 0.227938205 0.010177343 0.988418281 -0.012258625 0.150915176 -3.664697647 -3.789765835 -12.941843033 0.000000000 0.000000000 -12.000000000 -0.133440971 0.652282894 0.023712318 0.005648535 0.023801278 0.005213679
1776849928.123632908 0.624490380 -0.042446882 0.227937907 0.010177395 0.988418341 -0.012258631 0.150914967 -3.665689468 -3.789294720 -12.942633629 0.000000000 0.000000000 -12.000000000 -0.133867264 0.652514875 0.023709802 0.005659564 0.023799047 0.005224554
1776849928.128424406 0.624490142 -0.042446785 0.227937549 0.010177336 0.988418400 -0.012258600 0.150914758 -3.666683197 -3.788833380 -12.943428040 0.000000000 0.000000000 -12.000000000 -0.134297371 0.652739942 0.023707276 0.005670593 0.023796808 0.005235433
1776849928.133479595 0.624489784 -0.042446807 0.227937222 0.010177299 0.988418400 -0.012258610 0.150914505 -3.667677164 -3.788380623 -12.944230080 0.000000000 0.000000000 -12.000000000 -0.134735107 0.652972937 0.023704737 0.005681632 0.023794562 0.005246316
1776849928.138444185 0.624489546 -0.042446669 0.227936924 0.010177276 0.988418460 -0.012258545 0.150914267 -3.668669939 -3.787935495 -12.945040703 0.000000000 0.000000000 -12.000000000 -0.135183334 0.653199613 0.023702186 0.005692669 0.023792308 0.005257203
1776849928.143624544 0.624489367 -0.042446658 0.227936625 0.010177265 0.988418460 -0.012258558 0.150914177 -3.669660330 -3.787496090 -12.945861816 0.000000000 0.000000000 -12.000000000 -0.135641098 0.653433681 0.023699619 0.005703716 0.023790047 0.005268093
1776849928.148386240 0.624488890 -0.042446684 0.227936357 0.010177219 0.988418519 -0.012258601 0.150913790 -3.670646906 -3.787061453 -12.946694374 0.000000000 0.000000000 -12.000000000 -0.136112213 0.653550208 0.023697037 0.005714686 0.023787778 0.005278985
1776849928.153443575 0.624488592 -0.042446531 0.227935821 0.010177271 0.988418579 -0.012258462 0.150913447 -3.671628952 -3.786630154 -12.947540283 0.000000000 0.000000000 -12.000000000 -0.136597633 0.653780341 0.023694437 0.005725735 0.023785502 0.005289882
1776849928.158391953 0.624488413 -0.042446535 0.227935761 0.010177182 0.988418579 -0.012258557 0.150913402 -3.672605276 -3.786200523 -12.948400497 0.000000000 0.000000000 -12.000000000 -0.137098312 0.654603124 0.023691818 0.005737194 0.023783216 0.005300792
1776849928.163393259 0.624487996 -0.042446420 0.227935314 0.010177148 0.988418639 -0.012258438 0.150913000 -3.673575401 -3.785771370 -12.949274063 0.000000000 0.000000000 -12.000000000 -0.137614250 0.654837728 0.023689181 0.005748264 0.023780923 0.005311706
1776849928.168406963 0.624487758 -0.042446494 0.227934957 0.010177116 0.988418698 -0.012258533 0.150912806 -3.674538851 -3.785341501 -12.950161934 0.000000000 0.000000000 -12.000000000 -0.138144493 0.655080438 0.023686524 0.005759344 0.023778621 0.005322624
1776849928.173576832 0.624487400 -0.042446434 0.227934688 0.010177090 0.988418698 -0.012258493 0.150912493 -3.675495148 -3.784909487 -12.951065063 0.000000000 0.000000000 -12.000000000 -0.138692856 0.655598402 0.023683848 0.005770616 0.023776310 0.005333551
1776849928.178339243 0.624487102 -0.042446487 0.227934271 0.010177115 0.988418758 -0.012258492 0.150912255 -3.676443815 -3.784474850 -12.951983452 0.000000000 0.000000000 -12.000000000 -0.139256477 0.655842841 0.023681151 0.005781710 0.023773989 0.005344482
1776849928.183442116 0.624486864 -0.042446319 0.227934062 0.010177029 0.988418818 -0.012258441 0.150912076 -3.677384377 -3.784036160 -12.952917099 0.000000000 0.000000000 -12.000000000 -0.139836311 0.655981362 0.023678435 0.005792735 0.023771659 0.005355414
1776849928.188367128 0.624486446 -0.042446252 0.227933556 0.010177055 0.988418877 -0.012258407 0.150911689 -3.678316593 -3.783593416 -12.953866005 0.000000000 0.000000000 -12.000000000 -0.140433311 0.656222641 0.023675695 0.005803833 0.023769317 0.005366351
1776849928.193376780 0.624486148 -0.042446230 0.227933228 0.010176995 0.988418877 -0.012258394 0.150911450 -3.679239988 -3.783146143 -12.954831123 0.000000000 0.000000000 -12.000000000 -0.141048431 0.656467676 0.023672935 0.005814938 0.023766967 0.005377293
1776849928.198190451 0.624485850 -0.042446211 0.227932900 0.010176988 0.988418937 -0.012258387 0.150911167 -3.680154562 -3.782693863 -12.955813408 0.000000000 0.000000000 -12.000000000 -0.141681671 0.656715691 0.023670150 0.005826049 0.023764605 0.005388238
1776849928.203321934 0.624485493 -0.042446148 0.227932513 0.010176959 0.988418996 -0.012258356 0.150910839 -3.681060076 -3.782237291 -12.956812859 0.000000000 0.000000000 -12.000000000 -0.142333031 0.656961083 0.023667343 0.005837162 0.023762232 0.005399188
1776849928.208147287 0.624485195 -0.042446226 0.227932304 0.010176994 0.988418996 -0.012258426 0.150910720 -3.681956053 -3.781775951 -12.957830429 0.000000000 0.000000000 -12.000000000 -0.143004417 0.657216132 0.023664512 0.005848285 0.023759848 0.005410141
1776849928.213135242 0.624485016 -0.042446114 0.227932066 0.010177007 0.988418996 -0.012258339 0.150910541 -3.682842493 -3.781311035 -12.958868027 0.000000000 0.000000000 -12.000000000 -0.143697739 0.657463193 0.023661654 0.005859408 0.023757452 0.005421099
1776849928.218512297 0.624484658 -0.042446129 0.227931708 0.010177063 0.988419056 -0.012258324 0.150910243 -3.683719397 -3.780842781 -12.959926605 0.000000000 0.000000000 -12.000000000 -0.144413948 0.657716751 0.023658769 0.005870539 0.023755046 0.005432061
1776849928.223227262 0.624484539 -0.042446084 0.227931529 0.010176945 0.988419056 -0.012258317 0.150910154 -3.684586287 -3.780372143 -12.961005211 0.000000000 0.000000000 -12.000000000 -0.145151138 0.658039927 0.023655858 0.005881722 0.023752626 0.005443029
1776849928.228557110 0.624484241 -0.042446025 0.227931231 0.010176912 0.988419116 -0.012258302 0.150909975 -3.685442924 -3.779899597 -12.962106705 0.000000000 0.000000000 -12.000000000 -0.145913124 0.658292055 0.023652919 0.005892862 0.023750193 0.005454000
1776849928.233221769 0.624484062 -0.042445973 0.227930963 0.010176886 0.988419116 -0.012258268 0.150909811 -3.686289787 -3.779425859 -12.963231087 0.000000000 0.000000000 -12.000000000 -0.146699905 0.658069432 0.023649948 0.005903681 0.023747748 0.005464968
1776849928.238219500 0.624483705 -0.042445969 0.227930605 0.010176810 0.988419175 -0.012258310 0.150909483 -3.687126160 -3.778951645 -12.964377403 0.000000000 0.000000000 -12.000000000 -0.147510529 0.657848179 0.023646949 0.005914497 0.023745289 0.005475932
1776849928.243537664 0.624483407 -0.042446010 0.227930307 0.010176990 0.988419235 -0.012258261 0.150909334 -3.687952757 -3.778477430 -12.965548515 0.000000000 0.000000000 -12.000000000 -0.148346901 0.657055676 0.023643920 0.005924920 0.023742817 0.005486883
1776849928.248194695 0.624483287 -0.042445883 0.227930129 0.010176908 0.988419235 -0.012258212 0.150909215 -3.688769341 -3.778003931 -12.966744423 0.000000000 0.000000000 -12.000000000 -0.149211884 0.656257808 0.023640856 0.005935325 0.023740331 0.005497820
1776849928.253580809 0.624482989 -0.042445883 0.227929711 0.010176858 0.988419294 -0.012258260 0.150908947 -3.689576626 -3.777531385 -12.967965126 0.000000000 0.000000000 -12.000000000 -0.150101662 0.655463636 0.023637762 0.005945720 0.023737829 0.005508745
1776849928.258410454 0.624482751 -0.042445861 0.227929443 0.010176824 0.988419294 -0.012258253 0.150908738 -3.690374851 -3.777060270 -12.969210625 0.000000000 0.000000000 -12.000000000 -0.151019096 0.654669583 0.023634633 0.005956103 0.023735313 0.005519656
1776849928.263517380 0.624482453 -0.042445749 0.227929145 0.010176783 0.988419354 -0.012258162 0.150908470 -3.691164255 -3.776590586 -12.970482826 0.000000000 0.000000000 -12.000000000 -0.151963234 0.653874040 0.023631470 0.005966470 0.023732780 0.005530554
1776849928.268352985 0.624482214 -0.042445749 0.227928907 0.010176762 0.988419354 -0.012258208 0.150908262 -3.691945791 -3.776122570 -12.971780777 0.000000000 0.000000000 -12.000000000 -0.152935028 0.653082311 0.023628274 0.005976827 0.023730231 0.005541439
1776849928.273126364 0.624482095 -0.042445607 0.227928609 0.010176756 0.988419414 -0.012258092 0.150908187 -3.692719698 -3.775655985 -12.973105431 0.000000000 0.000000000 -12.000000000 -0.153933525 0.652288198 0.023625044 0.005987169 0.023727667 0.005552310
1776849928.278253555 0.624481738 -0.042445645 0.227928370 0.010176703 0.988419414 -0.012258162 0.150907949 -3.693486691 -3.775190353 -12.974455833 0.000000000 0.000000000 -12.000000000 -0.154959679 0.651499450 0.023621777 0.005997501 0.023725083 0.005563168
1776849928.283334970 0.624481440 -0.042445622 0.227928042 0.010176699 0.988419473 -0.012258151 0.150907740 -3.694247723 -3.774725676 -12.975831985 0.000000000 0.000000000 -12.000000000 -0.156012535 0.650708616 0.023618475 0.006007819 0.023722483 0.005574014
1776849928.288435221 0.624481320 -0.042445611 0.227927864 0.010176696 0.988419473 -0.012258146 0.150907680 -3.695003748 -3.774261475 -12.977233887 0.000000000 0.000000000 -12.000000000 -0.157090187 0.649922490 0.023615137 0.006018127 0.023719864 0.005584846
1776849928.293132067 0.624481082 -0.042445444 0.227927566 0.010176581 0.988419533 -0.012258096 0.150907442 -3.695755720 -3.773797274 -12.978661537 0.000000000 0.000000000 -12.000000000 -0.158195496 0.649126709 0.023611763 0.006028416 0.023717226 0.005595664
1776849928.298108578 0.624480903 -0.042445369 0.227927327 0.010176628 0.988419533 -0.012258003 0.150907263 -3.696504593 -3.773332596 -12.980112076 0.000000000 0.000000000 -12.000000000 -0.159322739 0.648339033 0.023608355 0.006038696 0.023714570 0.005606470
1776849928.303144693 0.624480605 -0.042445272 0.227927029 0.010176516 0.988419592 -0.012257963 0.150907069 -3.697251558 -3.772866964 -12.981586456 0.000000000 0.000000000 -12.000000000 -0.160471916 0.647540033 0.023604915 0.006048955 0.023711896 0.005617262
1776849928.308317423 0.624480426 -0.042445380 0.227926761 0.010176593 0.988419592 -0.012257997 0.150906920 -3.697997570 -3.772400141 -12.983082771 0.000000000 0.000000000 -12.000000000 -0.161643028 0.646761298 0.023601441 0.006059215 0.023709202 0.005628041
1776849928.313132048 0.624480247 -0.042445306 0.227926582 0.010176519 0.988419592 -0.012258019 0.150906771 -3.698743343 -3.771931410 -12.984599113 0.000000000 0.000000000 -12.000000000 -0.162834167 0.645972669 0.023597931 0.006069456 0.023706488 0.005638808
1776849928.318430662 0.624480188 -0.042445261 0.227926403 0.010176428 0.988419592 -0.012258022 0.150906771 -3.699489832 -3.771460772 -12.986135483 0.000000000 0.000000000 -12.000000000 -0.164042473 0.645188332 0.023594392 0.006079686 0.023703754 0.005649561
1776849928.323160172 0.624479949 -0.042445175 0.227926224 0.010176373 0.988419652 -0.012257986 0.150906622 -3.700237751 -3.770987272 -12.987688065 0.000000000 0.000000000 -12.000000000 -0.165266037 0.644393504 0.023590822 0.006089896 0.023700999 0.005660301
1776849928.328250647 0.624479711 -0.042445231 0.227925986 0.010176482 0.988419652 -0.012257993 0.150906414 -3.700987339 -3.770510674 -12.989255905 0.000000000 0.000000000 -12.000000000 -0.166503906 0.643614054 0.023587221 0.006100104 0.023698224 0.005671028
1776849928.333210707 0.624479771 -0.042445119 0.227925867 0.010176400 0.988419652 -0.012257953 0.150906503 -3.701738834 -3.770030499 -12.990837097 0.000000000 0.000000000 -12.000000000 -0.167753220 0.642550766 0.023583593 0.006110104 0.023695428 0.005681737
1776849928.338200569 0.624479592 -0.042445146 0.227925688 0.010176364 0.988419652 -0.012257971 0.150906414 -3.702492952 -3.769546509 -12.992430687 0.000000000 0.000000000 -12.000000000 -0.169013023 0.641492903 0.023579936 0.006120090 0.023692612 0.005692428
1776849928.343171597 0.624479473 -0.042445131 0.227925539 0.010176370 0.988419652 -0.012257983 0.150906324 -3.703249216 -3.769057512 -12.994033813 0.000000000 0.000000000 -12.000000000 -0.170281410 0.640681982 0.023576252 0.006130228 0.023689773 0.005703107
1776849928.348385334 0.624479234 -0.042445123 0.227925241 0.010176418 0.988419712 -0.012257945 0.150906116 -3.704007864 -3.768563747 -12.995644569 0.000000000 0.000000000 -12.000000000 -0.171555519 0.639648914 0.023572544 0.006140200 0.023686914 0.005713767
1776849928.353141308 0.624479115 -0.042445101 0.227925062 0.010176365 0.988419712 -0.012257964 0.150905997 -3.704768419 -3.768064260 -12.997260094 0.000000000 0.000000000 -12.000000000 -0.172834396 0.638589263 0.023568811 0.006150137 0.023684034 0.005724411
1776849928.358145952 0.624479175 -0.042445138 0.227925062 0.010176389 0.988419712 -0.012257984 0.150906146 -3.705530882 -3.767559052 -12.998878479 0.000000000 0.000000000 -12.000000000 -0.174113274 0.637534261 0.023565056 0.006160059 0.023681132 0.005735036
1776849928.363310337 0.624478936 -0.042445056 0.227924824 0.010176325 0.988419712 -0.012257928 0.150905967 -3.706294537 -3.767047882 -13.000497818 0.000000000 0.000000000 -12.000000000 -0.175393105 0.636470854 0.023561280 0.006169958 0.023678210 0.005745644
1776849928.368486404 0.624478817 -0.042445075 0.227924585 0.010176298 0.988419771 -0.012257963 0.150905877 -3.707059145 -3.766530514 -13.002114296 0.000000000 0.000000000 -12.000000000 -0.176669121 0.635391712 0.023557486 0.006179828 0.023675265 0.005756234
1776849928.373335600 0.624478638 -0.042445064 0.227924466 0.010176296 0.988419771 -0.012257953 0.150905669 -3.707823992 -3.766006947 -13.003725052 0.000000000 0.000000000 -12.000000000 -0.177939415 0.634332895 0.023553673 0.006189695 0.023672299 0.005766806
1776849928.378197193 0.624478459 -0.042444825 0.227924228 0.010176128 0.988419771 -0.012257881 0.150905594 -3.708588600 -3.765477180 -13.005328178 0.000000000 0.000000000 -12.000000000 -0.179203033 0.633262515 0.023549845 0.006199535 0.023669314 0.005777360
1776849928.383375645 0.624478340 -0.042444929 0.227924109 0.010176211 0.988419771 -0.012257904 0.150905594 -3.709352255 -3.764941454 -13.006919861 0.000000000 0.000000000 -12.000000000 -0.180453300 0.632469654 0.023546003 0.006209548 0.023666305 0.005787902
1776849928.388138294 0.624478161 -0.042444840 0.227923810 0.010176151 0.988419831 -0.012257874 0.150905415 -3.710114002 -3.764399767 -13.008498192 0.000000000 0.000000000 -12.000000000 -0.181692123 0.631407499 0.023542149 0.006219363 0.023663277 0.005798425
1776849928.393106937 0.624477923 -0.042444713 0.227923542 0.010176125 0.988419831 -0.012257823 0.150905237 -3.710872889 -3.763852358 -13.010062218 0.000000000 0.000000000 -12.000000000 -0.182917595 0.630344272 0.023538282 0.006229160 0.023660228 0.005808931
1776849928.398397684 0.624477863 -0.042444777 0.227923334 0.010176175 0.988419890 -0.012257845 0.150905147 -3.711627960 -3.763299465 -13.011609077 0.000000000 0.000000000 -12.000000000 -0.184127808 0.629291296 0.023534406 0.006238947 0.023657158 0.005819419
1776849928.403151512 0.624477625 -0.042444762 0.227923065 0.010176112 0.988419890 -0.012257846 0.150905028 -3.712378025 -3.762741327 -13.013137817 0.000000000 0.000000000 -12.000000000 -0.185321808 0.628233373 0.023530522 0.006248712 0.023654070 0.005829889
1776849928.408441544 0.624477386 -0.042444743 0.227922827 0.010176115 0.988419890 -0.012257816 0.150904849 -3.713121653 -3.762178421 -13.014646530 0.000000000 0.000000000 -12.000000000 -0.186497688 0.627175868 0.023526629 0.006258459 0.023650961 0.005840342
1776849928.413452625 0.624477386 -0.042444646 0.227922767 0.010176002 0.988419890 -0.012257874 0.150904939 -3.713858128 -3.761611223 -13.016134262 0.000000000 0.000000000 -12.000000000 -0.187654495 0.626114905 0.023522731 0.006268187 0.023647834 0.005850777
1776849928.418349028 0.624477267 -0.042444620 0.227922469 0.010176083 0.988419890 -0.012257777 0.150904790 -3.714585543 -3.761039734 -13.017601013 0.000000000 0.000000000 -12.000000000 -0.188795090 0.625294805 0.023518825 0.006278062 0.023644688 0.005861199
1776849928.423557520 0.624477148 -0.042444497 0.227922469 0.010175936 0.988419890 -0.012257765 0.150904819 -3.715302944 -3.760464907 -13.019044876 0.000000000 0.000000000 -12.000000000 -0.189916611 0.624235153 0.023514912 0.006287760 0.023641523 0.005871603
1776849928.428157806 0.624477029 -0.042444453 0.227922171 0.010175877 0.988419950 -0.012257746 0.150904685 -3.716008663 -3.759886742 -13.020465851 0.000000000 0.000000000 -12.000000000 -0.191018105 0.623178840 0.023510994 0.006297442 0.023638340 0.005881989
1776849928.433137894 0.624476850 -0.042444509 0.227921963 0.010175964 0.988419950 -0.012257741 0.150904506 -3.716701508 -3.759306192 -13.021862030 0.000000000 0.000000000 -12.000000000 -0.192100525 0.622126758 0.023507072 0.006307109 0.023635138 0.005892358
1776849928.438140392 0.624476552 -0.042444415 0.227921695 0.010175901 0.988420010 -0.012257722 0.150904328 -3.717380285 -3.758723259 -13.023233414 0.000000000 0.000000000 -12.000000000 -0.193161964 0.621066511 0.023503145 0.006316753 0.023631919 0.005902709
1776849928.443329573 0.624476552 -0.042444490 0.227921665 0.010175957 0.988419950 -0.012257735 0.150904447 -3.718043327 -3.758138657 -13.024578094 0.000000000 0.000000000 -12.000000000 -0.194204330 0.620017350 0.023499213 0.006326387 0.023628682 0.005913042
1776849928.448221922 0.624476194 -0.042444449 0.227921367 0.010175846 0.988420010 -0.012257791 0.150904119 -3.718689919 -3.757552862 -13.025897980 0.000000000 0.000000000 -12.000000000 -0.195226669 0.618958235 0.023495277 0.006335997 0.023625428 0.005923358
1776849928.453169107 0.624476075 -0.042444460 0.227921188 0.010175952 0.988420010 -0.012257713 0.150904030 -3.719319105 -3.756966352 -13.027189255 0.000000000 0.000000000 -12.000000000 -0.196227074 0.617906928 0.023491340 0.006345595 0.023622157 0.005933657
1776849928.458176613 0.624475956 -0.042444371 0.227920949 0.010175890 0.988420069 -0.012257696 0.150903910 -3.719929218 -3.756380081 -13.028451920 0.000000000 0.000000000 -12.000000000 -0.197205544 0.616848469 0.023487398 0.006355170 0.023618869 0.005943938
1776849928.463768959 0.624475837 -0.042444289 0.227920711 0.010175922 0.988420069 -0.012257650 0.150903851 -3.720519781 -3.755794525 -13.029685974 0.000000000 0.000000000 -12.000000000 -0.198162079 0.615972221 0.023483459 0.006364852 0.023615567 0.005954204
1776849928.468189955 0.624475658 -0.042444274 0.227920443 0.010175831 0.988420069 -0.012257653 0.150903702 -3.721089363 -3.755210638 -13.030890465 0.000000000 0.000000000 -12.000000000 -0.199096680 0.614919424 0.023479519 0.006374399 0.023612250 0.005964453
1776849928.473461390 0.624475420 -0.042444255 0.227920234 0.010175827 0.988420129 -0.012257648 0.150903583 -3.721637249 -3.754628897 -13.032062531 0.000000000 0.000000000 -12.000000000 -0.200008392 0.613864243 0.023475576 0.006383927 0.023608916 0.005974684
1776849928.478422403 0.624475241 -0.042444244 0.227920055 0.010175885 0.988420129 -0.012257628 0.150903374 -3.722162724 -3.754050255 -13.033203125 0.000000000 0.000000000 -12.000000000 -0.200896263 0.612811685 0.023471635 0.006393438 0.023605566 0.005984897
1776849928.483362198 0.624475241 -0.042444125 0.227919877 0.010175801 0.988420129 -0.012257586 0.150903478 -3.722664833 -3.753475189 -13.034311295 0.000000000 0.000000000 -12.000000000 -0.201758385 0.611754060 0.023467699 0.006402929 0.023602204 0.005995093
1776849928.488211393 0.624474823 -0.042444177 0.227919489 0.010175789 0.988420188 -0.012257615 0.150903121 -3.723143339 -3.752904415 -13.035385132 0.000000000 0.000000000 -12.000000000 -0.202596664 0.610703230 0.023463763 0.006412407 0.023598827 0.006005272
1776849928.493525028 0.624474645 -0.042444184 0.227919310 0.010175771 0.988420188 -0.012257659 0.150903016 -3.723598003 -3.752338171 -13.036424637 0.000000000 0.000000000 -12.000000000 -0.203410149 0.609613717 0.023459831 0.006421841 0.023595437 0.006015432
1776849928.498154640 0.624474466 -0.042444132 0.227919072 0.010175680 0.988420248 -0.012257654 0.150902852 -3.724028587 -3.751776934 -13.037428856 0.000000000 0.000000000 -12.000000000 -0.204195976 0.608559370 0.023455903 0.006431281 0.023592034 0.006025575
1776849928.503462791 0.624474108 -0.042443953 0.227918684 0.010175686 0.988420248 -0.012257569 0.150902495 -3.724435568 -3.751221418 -13.038398743 0.000000000 0.000000000 -12.000000000 -0.204957008 0.607553661 0.023451980 0.006440736 0.023588618 0.006035700
1776849928.508198261 0.624473929 -0.042444095 0.227918476 0.010175765 0.988420308 -0.012257607 0.150902435 -3.724819422 -3.750671625 -13.039332390 0.000000000 0.000000000 -12.000000000 -0.205691338 0.606509984 0.023448063 0.006450149 0.023585191 0.006045809
1776849928.513317347 0.624473751 -0.042444076 0.227918208 0.010175732 0.988420308 -0.012257600 0.150902256 -3.725181103 -3.750127792 -13.040231705 0.000000000 0.000000000 -12.000000000 -0.206398964 0.605457664 0.023444152 0.006459538 0.023581751 0.006055900
1776849928.518209696 0.624473572 -0.042443916 0.227918029 0.010175616 0.988420308 -0.012257557 0.150902167 -3.725521803 -3.749590635 -13.041095734 0.000000000 0.000000000 -12.000000000 -0.207080841 0.604399800 0.023440246 0.006468906 0.023578299 0.006065973
1776849928.523231506 0.624473453 -0.042444058 0.227917850 0.010175725 0.988420308 -0.012257591 0.150902107 -3.725842714 -3.749060154 -13.041926384 0.000000000 0.000000000 -12.000000000 -0.207736015 0.603660285 0.023436345 0.006478474 0.023574837 0.006076034
1776849928.528213978 0.624473274 -0.042443968 0.227917552 0.010175692 0.988420367 -0.012257570 0.150902018 -3.726145744 -3.748536587 -13.042724609 0.000000000 0.000000000 -12.000000000 -0.208366394 0.602605104 0.023432454 0.006487814 0.023571365 0.006086078
1776849928.533374310 0.624473095 -0.042443879 0.227917373 0.010175608 0.988420367 -0.012257537 0.150901839 -3.726432562 -3.748020172 -13.043491364 0.000000000 0.000000000 -12.000000000 -0.208971977 0.601552188 0.023428567 0.006497138 0.023567881 0.006096103
1776849928.538509369 0.624472737 -0.042443968 0.227917045 0.010175717 0.988420427 -0.012257549 0.150901511 -3.726704597 -3.747511148 -13.044228554 0.000000000 0.000000000 -12.000000000 -0.209554672 0.600505829 0.023424685 0.006506449 0.023564389 0.006106112
1776849928.543377638 0.624472678 -0.042443849 0.227916867 0.010175602 0.988420427 -0.012257519 0.150901526 -3.726964474 -3.747009277 -13.044937134 0.000000000 0.000000000 -12.000000000 -0.210114479 0.599451721 0.023420811 0.006515737 0.023560887 0.006116102
1776849928.548097372 0.624472499 -0.042443838 0.227916688 0.010175540 0.988420427 -0.012257520 0.150901377 -3.727213621 -3.746514797 -13.045619965 0.000000000 0.000000000 -12.000000000 -0.210653305 0.598402798 0.023416940 0.006525011 0.023557376 0.006126076
1776849928.553135633 0.624472320 -0.042443842 0.227916390 0.010175463 0.988420486 -0.012257571 0.150901273 -3.727454424 -3.746027470 -13.046279907 0.000000000 0.000000000 -12.000000000 -0.211172104 0.597353101 0.023413075 0.006534267 0.023553856 0.006136032
1776849928.558129311 0.624472141 -0.042443700 0.227916211 0.010175504 0.988420486 -0.012257484 0.150901169 -3.727688551 -3.745547056 -13.046917915 0.000000000 0.000000000 -12.000000000 -0.211673737 0.596298099 0.023409212 0.006543502 0.023550328 0.006145970
1776849928.563132524 0.624472022 -0.042443722 0.227915972 0.010175535 0.988420486 -0.012257462 0.150901079 -3.727918148 -3.745073318 -13.047537804 0.000000000 0.000000000 -12.000000000 -0.212159157 0.595252037 0.023405353 0.006552726 0.023546793 0.006155891
1776849928.568265915 0.624471724 -0.042443667 0.227915674 0.010175502 0.988420546 -0.012257446 0.150900871 -3.728145361 -3.744606018 -13.048140526 0.000000000 0.000000000 -12.000000000 -0.212630272 0.594200194 0.023401495 0.006561927 0.023543248 0.006165794
1776849928.573129177 0.624471605 -0.042443581 0.227915496 0.010175387 0.988420546 -0.012257420 0.150900781 -3.728371859 -3.744144201 -13.048728943 0.000000000 0.000000000 -12.000000000 -0.213087082 0.593149662 0.023397638 0.006571113 0.023539696 0.006175680
1776849928.578125954 0.624471307 -0.042443715 0.227915108 0.010175552 0.988420606 -0.012257446 0.150900543 -3.728599548 -3.743687153 -13.049305916 0.000000000 0.000000000 -12.000000000 -0.213535309 0.592108250 0.023393780 0.006580287 0.023536136 0.006185548
1776849928.583200932 0.624471068 -0.042443544 0.227914929 0.010175381 0.988420606 -0.012257398 0.150900364 -3.728830099 -3.743233919 -13.049873352 0.000000000 0.000000000 -12.000000000 -0.213972092 0.590979278 0.023389921 0.006589384 0.023532569 0.006195398
1776849928.588190079 0.624470830 -0.042443566 0.227914572 0.010175467 0.988420665 -0.012257380 0.150900140 -3.729065657 -3.742783308 -13.050434113 0.000000000 0.000000000 -12.000000000 -0.214401245 0.589933038 0.023386063 0.006598519 0.023528997 0.006205230
1776849928.593478203 0.624470532 -0.042443544 0.227914363 0.010175405 0.988420665 -0.012257379 0.150899932 -3.729307175 -3.742333412 -13.050990105 0.000000000 0.000000000 -12.000000000 -0.214824677 0.588886261 0.023382200 0.006607636 0.023525417 0.006215045
1776849928.598466396 0.624470353 -0.042443514 0.227914065 0.010175295 0.988420725 -0.012257431 0.150899753 -3.729556322 -3.741883039 -13.051543236 0.000000000 0.000000000 -12.000000000 -0.215243340 0.587836981 0.023378333 0.006616734 0.023521829 0.006224843
1776849928.603497744 0.624470174 -0.042443503 0.227913916 0.010175382 0.988420725 -0.012257412 0.150899664 -3.729814291 -3.741430044 -13.052097321 0.000000000 0.000000000 -12.000000000 -0.215660095 0.586791575 0.023374461 0.006625817 0.023518234 0.006234623
1776849928.608371019 0.624469936 -0.042443428 0.227913588 0.010175398 0.988420725 -0.012257325 0.150899515 -3.730081797 -3.740972996 -13.052655220 0.000000000 0.000000000 -12.000000000 -0.216076851 0.585742593 0.023370583 0.006634880 0.023514634 0.006244385
1776849928.613336563 0.624469817 -0.042443398 0.227913350 0.010175283 0.988420725 -0.012257394 0.150899485 -3.730360031 -3.740509748 -13.053217888 0.000000000 0.000000000 -12.000000000 -0.216494560 0.584693611 0.023366697 0.006643926 0.023511026 0.006254130
1776849928.618384600 0.624469876 -0.042443320 0.227913260 0.010175168 0.988420725 -0.012257377 0.150899574 -3.730649710 -3.740038872 -13.053788185 0.000000000 0.000000000 -12.000000000 -0.216916084 0.583608329 0.023362800 0.006652929 0.023507411 0.006263857
1776849928.623235703 0.624469519 -0.042443335 0.227912843 0.010175305 0.988420784 -0.012257364 0.150899246 -3.730951548 -3.739558458 -13.054368973 0.000000000 0.000000000 -12.000000000 -0.217343330 0.582562208 0.023358893 0.006661941 0.023503788 0.006273566
1776849928.628150463 0.624469519 -0.042443369 0.227912784 0.010175279 0.988420784 -0.012257363 0.150899366 -3.731266260 -3.739067554 -13.054964066 0.000000000 0.000000000 -12.000000000 -0.217779160 0.581521630 0.023354972 0.006670939 0.023500158 0.006283258
1776849928.633498430 0.624469161 -0.042443424 0.227912456 0.010175330 0.988420784 -0.012257374 0.150899038 -3.731594324 -3.738564968 -13.055575371 0.000000000 0.000000000 -12.000000000 -0.218226433 0.580479324 0.023351036 0.006679919 0.023496520 0.006292933
1776849928.638166904 0.624469042 -0.042443223 0.227912158 0.010175184 0.988420844 -0.012257325 0.150898948 -3.731935978 -3.738049507 -13.056205750 0.000000000 0.000000000 -12.000000000 -0.218686104 0.579424024 0.023347083 0.006688872 0.023492875 0.006302590
1776849928.643087626 0.624468803 -0.042443324 0.227911919 0.010175299 0.988420844 -0.012257326 0.150898829 -3.732291460 -3.737520695 -13.056857109 0.000000000 0.000000000 -12.000000000 -0.219161034 0.578385711 0.023343114 0.006697820 0.023489222 0.006312229
1776849928.648152351 0.624468684 -0.042443197 0.227911741 0.010175180 0.988420844 -0.012257304 0.150898769 -3.732660532 -3.736977816 -13.057533264 0.000000000 0.000000000 -12.000000000 -0.219654083 0.577301681 0.023339126 0.006706718 0.023485562 0.006321851
1776849928.653146267 0.624468267 -0.042443175 0.227911383 0.010175174 0.988420904 -0.012257295 0.150898427 -3.733043194 -3.736420870 -13.058235168 0.000000000 0.000000000 -12.000000000 -0.220166206 0.576424718 0.023335114 0.006715741 0.023481892 0.006331458
1776849928.658173084 0.624467969 -0.042443227 0.227911025 0.010175232 0.988420963 -0.012257282 0.150898188 -3.733438730 -3.735849619 -13.058965683 0.000000000 0.000000000 -12.000000000 -0.220701218 0.575383186 0.023331080 0.006724637 0.023478214 0.006341048
1776849928.663383484 0.624467909 -0.042443164 0.227910787 0.010175209 0.988420963 -0.012257235 0.150898188 -3.733846664 -3.735264301 -13.059725761 0.000000000 0.000000000 -12.000000000 -0.221260071 0.574338019 0.023327019 0.006733512 0.023474526 0.006350620
1776849928.668195009 0.624467671 -0.042443048 0.227910578 0.010175113 0.988420963 -0.012257231 0.150898010 -3.734266758 -3.734665155 -13.060518265 0.000000000 0.000000000 -12.000000000 -0.221844673 0.573289752 0.023322932 0.006742368 0.023470828 0.006360175
1776849928.673564672 0.624467432 -0.042443052 0.227910280 0.010175209 0.988421023 -0.012257176 0.150897801 -3.734698057 -3.734052658 -13.061344147 0.000000000 0.000000000 -12.000000000 -0.222456932 0.572248876 0.023318816 0.006751211 0.023467120 0.006369712
1776849928.678112745 0.624467015 -0.042443100 0.227909803 0.010175077 0.988421082 -0.012257307 0.150897473 -3.735140085 -3.733427763 -13.062203407 0.000000000 0.000000000 -12.000000000 -0.223096848 0.571207166 0.023314672 0.006760037 0.023463402 0.006379232
1776849928.683199644 0.624467015 -0.042443100 0.227909803 0.010175077 0.988421082 -0.012257307 0.150897473 -3.735591888 -3.732790709 -13.063097954 0.000000000 0.000000000 -12.000000000 -0.223766327 0.570166886 0.023310496 0.006768846 0.023459673 0.006388735
1776849928.688142538 0.624466777 -0.042443022 0.227909535 0.010175063 0.988421082 -0.012257228 0.150897354 -3.736052752 -3.732142925 -13.064028740 0.000000000 0.000000000 -12.000000000 -0.224468231 0.569121420 0.023306286 0.006777635 0.023455931 0.006398221
1776849928.693389177 0.624466479 -0.042442925 0.227909118 0.010175125 0.988421142 -0.012257165 0.150897101 -3.736521959 -3.731485128 -13.064995766 0.000000000 0.000000000 -12.000000000 -0.225198746 0.568075776 0.023302045 0.006786406 0.023452178 0.006407688
1776849928.698482275 0.624466240 -0.042442910 0.227908880 0.010175003 0.988421142 -0.012257171 0.150896892 -3.736998320 -3.730818272 -13.065999031 0.000000000 0.000000000 -12.000000000 -0.225963593 0.567034006 0.023297768 0.006795161 0.023448411 0.006417139
1776849928.703395128 0.624466062 -0.042442899 0.227908641 0.010175058 0.988421142 -0.012257158 0.150896862 -3.737481594 -3.730143785 -13.067038536 0.000000000 0.000000000 -12.000000000 -0.226758957 0.565993965 0.023293460 0.006803902 0.023444632 0.006426572
1776849928.708650589 0.624465823 -0.042442881 0.227908373 0.010175053 0.988421142 -0.012257150 0.150896743 -3.737971067 -3.729462624 -13.068115234 0.000000000 0.000000000 -12.000000000 -0.227587700 0.564951837 0.023289114 0.006812623 0.023440840 0.006435988
1776849928.713361263 0.624465764 -0.042442825 0.227908105 0.010174853 0.988421202 -0.012257176 0.150896713 -3.738466263 -3.728776217 -13.069227219 0.000000000 0.000000000 -12.000000000 -0.228447914 0.563917100 0.023284733 0.006821331 0.023437032 0.006445386
1776849928.718285322 0.624465525 -0.042442806 0.227907836 0.010174967 0.988421202 -0.012257149 0.150896534 -3.738967419 -3.728085756 -13.070375443 0.000000000 0.000000000 -12.000000000 -0.229341507 0.562875867 0.023280315 0.006830018 0.023433210 0.006454768
1776849928.723331213 0.624465108 -0.042442825 0.227907419 0.010174982 0.988421261 -0.012257127 0.150896177 -3.739474058 -3.727392912 -13.071557045 0.000000000 0.000000000 -12.000000000 -0.230264664 0.561836898 0.023275863 0.006838690 0.023429373 0.006464132
1776849928.728376389 0.624464869 -0.042442761 0.227907181 0.010174953 0.988421261 -0.012257139 0.150895998 -3.739986420 -3.726699352 -13.072772026 0.000000000 0.000000000 -12.000000000 -0.231216431 0.560793757 0.023271374 0.006847341 0.023425519 0.006473478
1776849928.733316898 0.624464691 -0.042442646 0.227906883 0.010174924 0.988421321 -0.012257055 0.150895938 -3.740504503 -3.726006508 -13.074018478 0.000000000 0.000000000 -12.000000000 -0.232198715 0.559750676 0.023266850 0.006855974 0.023421649 0.006482807
1776849928.738122463 0.624464393 -0.042442650 0.227906495 0.010174953 0.988421321 -0.012257072 0.150895670 -3.741028070 -3.725316286 -13.075295448 0.000000000 0.000000000 -12.000000000 -0.233206749 0.558945656 0.023262290 0.006864754 0.023417762 0.006492123
1776849928.743102074 0.624463916 -0.042442683 0.227906138 0.010174836 0.988421381 -0.012257115 0.150895253 -3.741558075 -3.724630356 -13.076601028 0.000000000 0.000000000 -12.000000000 -0.234241486 0.557907999 0.023257697 0.006873360 0.023413857 0.006501421
1776849928.748662949 0.624463856 -0.042442467 0.227905840 0.010174829 0.988421381 -0.012256984 0.150895268 -3.742094517 -3.723950386 -13.077933311 0.000000000 0.000000000 -12.000000000 -0.235301018 0.556861460 0.023253068 0.006881943 0.023409937 0.006510702
1776849928.753132820 0.624463558 -0.042442553 0.227905542 0.010174793 0.988421440 -0.012257050 0.150895059 -3.742637873 -3.723278284 -13.079292297 0.000000000 0.000000000 -12.000000000 -0.236383438 0.555800498 0.023248408 0.006890499 0.023405997 0.006519966
1776849928.758225203 0.624463201 -0.042442493 0.227905154 0.010174824 0.988421440 -0.012257001 0.150894791 -3.743189096 -3.722615480 -13.080674171 0.000000000 0.000000000 -12.000000000 -0.237486839 0.554760158 0.023243714 0.006899052 0.023402039 0.006529212
1776849928.763437033 0.624463022 -0.042442515 0.227904797 0.010174787 0.988421500 -0.012257019 0.150894731 -3.743748665 -3.721963406 -13.082077026 0.000000000 0.000000000 -12.000000000 -0.238608360 0.553724885 0.023238990 0.006907591 0.023398062 0.006538441
1776849928.768546343 0.624462724 -0.042442486 0.227904558 0.010174732 0.988421500 -0.012257032 0.150894463 -3.744317055 -3.721323252 -13.083500862 0.000000000 0.000000000 -12.000000000 -0.239748955 0.552687049 0.023234235 0.006916110 0.023394067 0.006547652
1776849928.773215532 0.624462426 -0.042442359 0.227904111 0.010174696 0.988421559 -0.012256956 0.150894165 -3.744895220 -3.720696449 -13.084940910 0.000000000 0.000000000 -12.000000000 -0.240901947 0.551644802 0.023229450 0.006924610 0.023390051 0.006556846
1776849928.778090239 0.624462128 -0.042442348 0.227903813 0.010174803 0.988421619 -0.012256908 0.150893971 -3.745483398 -3.720083952 -13.086397171 0.000000000 0.000000000 -12.000000000 -0.242069244 0.550609291 0.023224637 0.006933096 0.023386016 0.006566023
1776849928.783133984 0.624461651 -0.042442344 0.227903366 0.010174715 0.988421679 -0.012256937 0.150893554 -3.746082783 -3.719486475 -13.087864876 0.000000000 0.000000000 -12.000000000 -0.243246078 0.549571753 0.023219798 0.006941564 0.023381962 0.006575183
1776849928.788339615 0.624461234 -0.042442277 0.227902889 0.010174743 0.988421738 -0.012256894 0.150893196 -3.746693373 -3.718904734 -13.089343071 0.000000000 0.000000000 -12.000000000 -0.244429588 0.548532188 0.023214934 0.006950013 0.023377888 0.006584325
1776849928.793280602 0.624460936 -0.042442258 0.227902561 0.010174680 0.988421738 -0.012256891 0.150892988 -3.747316122 -3.718339443 -13.090827942 0.000000000 0.000000000 -12.000000000 -0.224130630 0.547550082 0.023224734 0.006958484 0.023374153 0.006593451
1776849928.798132658 0.624460638 -0.042442195 0.227902144 0.010174647 0.988421798 -0.012256864 0.150892779 -3.747951269 -3.717791319 -13.092317581 0.000000000 0.000000000 -12.000000000 -0.225317955 0.546805739 0.023220187 0.006967102 0.023370398 0.006602564
1776849928.803102016 0.624460280 -0.042442173 0.227901846 0.010174702 0.988421798 -0.012256840 0.150892511 -3.748599052 -3.717260361 -13.093810081 0.000000000 0.000000000 -12.000000000 -0.226506233 0.545772016 0.023215618 0.006975509 0.023366623 0.006611661
1776849928.808097124 0.624459803 -0.042442139 0.227901399 0.010174697 0.988421857 -0.012256821 0.150892124 -3.749259233 -3.716747284 -13.095304489 0.000000000 0.000000000 -12.000000000 -0.227693558 0.544735432 0.023211032 0.006983897 0.023362828 0.006620740
1776849928.813665152 0.624459445 -0.042442076 0.227900863 0.010174668 0.988421917 -0.012256779 0.150891840 -3.749932528 -3.716252089 -13.096799850 0.000000000 0.000000000 -12.000000000 -0.228879929 0.543698847 0.023206428 0.006992267 0.023359014 0.006629801
1776849928.818158865 0.624459267 -0.042442102 0.227900565 0.010174685 0.988421917 -0.012256800 0.150891870 -3.750618219 -3.715774298 -13.098294258 0.000000000 0.000000000 -12.000000000 -0.230061531 0.542667747 0.023201805 0.007000624 0.023355179 0.006638846
1776849928.823374271 0.624465644 -0.042441681 0.227903485 0.010174145 0.988420606 -0.012256887 0.150900379 -3.751316309 -3.715314150 -13.099787712 0.000000000 0.000000000 -12.000000000 -0.252749443 0.541585267 0.023182465 0.007008929 0.023350965 0.006647872
1776849928.828474760 0.624468446 -0.042441804 0.227903873 0.010174108 0.988420010 -0.012257033 0.150904313 -3.752026558 -3.714871168 -13.101280212 0.000000000 0.000000000 -12.000000000 -0.253928185 0.540554404 0.023177449 0.007017251 0.023346733 0.006656881
1776849928.833458900 0.624472439 -0.042441931 0.227905095 0.010173948 0.988419235 -0.012257253 0.150909603 -3.752748013 -3.714444876 -13.102770805 0.000000000 0.000000000 -12.000000000 -0.255105019 0.539483130 0.023172410 0.007025528 0.023342481 0.006665873
1776849928.838869095 0.624475837 -0.042441774 0.227906197 0.010173838 0.988418519 -0.012257252 0.150914177 -3.753479004 -3.714035273 -13.104261398 0.000000000 0.000000000 -12.000000000 -0.256278992 0.538444936 0.023167357 0.007033810 0.023338210 0.006674847
1776849928.843140602 0.624479413 -0.042442102 0.227907181 0.010173851 0.988417804 -0.012257497 0.150918990 -3.754216909 -3.713641644 -13.105749130 0.000000000 0.000000000 -12.000000000 -0.257451057 0.537425458 0.023162285 0.007042088 0.023333918 0.006683804
1776849928.848152637 0.624482334 -0.042442188 0.227907866 0.010173678 0.988417149 -0.012257718 0.150923014 -3.754958391 -3.713264227 -13.107234955 0.000000000 0.000000000 -12.000000000 -0.258620262 0.536387503 0.023157194 0.007050335 0.023329608 0.006692744
1776849928.853107214 0.624480069 -0.042442407 0.227905452 0.010173936 0.988417506 -0.012257746 0.150920704 -3.755699873 -3.712902546 -13.108716011 0.000000000 0.000000000 -12.000000000 -0.259786606 0.535328150 0.023152087 0.007058552 0.023325277 0.006701666
1776849928.858441830 0.624479949 -0.042442463 0.227905184 0.010173933 0.988417506 -0.012257793 0.150920823 -3.756437302 -3.712556839 -13.110190392 0.000000000 0.000000000 -12.000000000 -0.260949135 0.534292817 0.023146963 0.007066766 0.023320928 0.006710571
1776849928.863406658 0.624479294 -0.042442270 0.227904379 0.010173866 0.988417566 -0.012257690 0.150920287 -3.757167101 -3.712226868 -13.111654282 0.000000000 0.000000000 -12.000000000 -0.262105942 0.533241272 0.023141824 0.007074952 0.023316560 0.006719458
1776849928.868191242 0.624477863 -0.042442311 0.227902949 0.010173856 0.988417804 -0.012257732 0.150918990 -3.757886171 -3.711912870 -13.113101006 0.000000000 0.000000000 -12.000000000 -0.263249397 0.532195866 0.023136672 0.007083125 0.023312172 0.006728328
1776849928.873375416 0.624476910 -0.042442136 0.227901995 0.010173763 0.988417923 -0.012257657 0.150918216 -3.758592129 -3.711615086 -13.114526749 0.000000000 0.000000000 -12.000000000 -0.264378548 0.531150162 0.023131512 0.007091281 0.023307765 0.006737181
1776849928.878127098 0.624476075 -0.042442113 0.227901161 0.010173721 0.988417983 -0.012257641 0.150917470 -3.759282827 -3.711333275 -13.115924835 0.000000000 0.000000000 -12.000000000 -0.265487671 0.530482352 0.023126347 0.007099677 0.023303339 0.006746022
1776849928.883339643 0.624474645 -0.042442076 0.227899849 0.010173757 0.988418221 -0.012257623 0.150916144 -3.759956360 -3.711066723 -13.117290497 0.000000000 0.000000000 -12.000000000 -0.266571999 0.529443622 0.023121182 0.007107809 0.023298897 0.006754846
1776849928.888152599 0.624473214 -0.042441931 0.227898508 0.010173763 0.988418400 -0.012257488 0.150914848 -3.760610580 -3.710815430 -13.118619919 0.000000000 0.000000000 -12.000000000 -0.267627716 0.528403103 0.023116017 0.007115921 0.023294436 0.006763653
1776849928.893410683 0.624471903 -0.042441841 0.227897286 0.010173754 0.988418579 -0.012257424 0.150913566 -3.761243343 -3.710578203 -13.119910240 0.000000000 0.000000000 -12.000000000 -0.268653870 0.527152240 0.023110855 0.007123874 0.023289958 0.006772439
1776849928.898182154 0.624470353 -0.042441703 0.227895766 0.010173714 0.988418818 -0.012257339 0.150912210 -3.761852264 -3.710354090 -13.121161461 0.000000000 0.000000000 -12.000000000 -0.269650459 0.526112735 0.023105696 0.007131949 0.023285463 0.006781207
1776849928.903140068 0.624468565 -0.042441607 0.227894217 0.010173562 0.988419056 -0.012257344 0.150910616 -3.762434244 -3.710141897 -13.122376442 0.000000000 0.000000000 -12.000000000 -0.270622253 0.525074244 0.023100540 0.007140008 0.023280954 0.006789959
1776849928.908114910 0.624467134 -0.042441513 0.227892786 0.010173608 0.988419235 -0.012257267 0.150909305 -3.762986422 -3.709939957 -13.123558998 0.000000000 0.000000000 -12.000000000 -0.271572113 0.524126947 0.023095381 0.007148112 0.023276428 0.006798694
1776849928.913281202 0.624466002 -0.042441513 0.227891654 0.010173592 0.988419414 -0.012257248 0.150908455 -3.763506174 -3.709747314 -13.124714851 0.000000000 0.000000000 -12.000000000 -0.272506714 0.523046136 0.023090215 0.007156109 0.023271887 0.006807412
1776849928.918185711 0.624465346 -0.042441424 0.227890730 0.010173609 0.988419473 -0.012257205 0.150907978 -3.763990641 -3.709562063 -13.125853539 0.000000000 0.000000000 -12.000000000 -0.273435593 0.521963835 0.023085039 0.007164087 0.023267329 0.006816111
1776849928.923500299 0.624464512 -0.042441368 0.227889746 0.010173598 0.988419592 -0.012257166 0.150907278 -3.764438629 -3.709383249 -13.126982689 0.000000000 0.000000000 -12.000000000 -0.274367332 0.520882010 0.023079844 0.007172047 0.023262756 0.006824792
1776849928.928745747 0.624463677 -0.042441312 0.227889001 0.010173531 0.988419652 -0.012257139 0.150906593 -3.764849186 -3.709208727 -13.128112793 0.000000000 0.000000000 -12.000000000 -0.253732681 0.519853830 0.023089373 0.007180026 0.023258528 0.006833456
1776849928.933391809 0.624462605 -0.042441186 0.227888018 0.010173691 0.988419831 -0.012256992 0.150905684 -3.765222788 -3.709037304 -13.129256248 0.000000000 0.000000000 -12.000000000 -0.254696846 0.518768907 0.023084484 0.007187949 0.023254283 0.006842102
1776849928.938458920 0.624461949 -0.042441025 0.227887303 0.010173486 0.988419890 -0.012256940 0.150905147 -3.765559912 -3.708867073 -13.130424500 0.000000000 0.000000000 -12.000000000 -0.255696297 0.517684817 0.023079557 0.007195854 0.023250021 0.006850731
1776849928.943361282 0.624461055 -0.042440988 0.227886468 0.010173397 0.988420010 -0.012256977 0.150904402 -3.765862465 -3.708696604 -13.131631851 0.000000000 0.000000000 -12.000000000 -0.256742477 0.516603291 0.023074580 0.007203743 0.023245743 0.006859341
1776849928.948327541 0.624460042 -0.042441033 0.227885485 0.010173529 0.988420129 -0.012256953 0.150903493 -3.766131639 -3.708524227 -13.132890701 0.000000000 0.000000000 -12.000000000 -0.257848740 0.515550733 0.023069546 0.007211633 0.023241445 0.006867933
1776849928.953501225 0.624459684 -0.042440832 0.227884829 0.010173428 0.988420188 -0.012256834 0.150903314 -3.766369343 -3.708348274 -13.134218216 0.000000000 0.000000000 -12.000000000 -0.259028435 0.514465809 0.023064442 0.007219485 0.023237128 0.006876507
1776849928.958862305 0.624465406 -0.042440630 0.227887452 0.010173030 0.988418996 -0.012256997 0.150911137 -3.766576290 -3.708167553 -13.135627747 0.000000000 0.000000000 -12.000000000 -0.281886101 0.513349712 0.023044506 0.007227296 0.023232430 0.006885063
1776849928.963507175 0.624467492 -0.042440802 0.227887601 0.010173047 0.988418519 -0.012257146 0.150914207 -3.766752243 -3.707980394 -13.137137413 0.000000000 0.000000000 -12.000000000 -0.283259392 0.512276113 0.023038870 0.007235118 0.023227708 0.006893601
1776849928.968156099 0.624470711 -0.042440917 0.227888405 0.010173049 0.988417864 -0.012257284 0.150918424 -3.766896486 -3.707785606 -13.138763428 0.000000000 0.000000000 -12.000000000 -0.284750938 0.511207163 0.023033129 0.007242926 0.023222962 0.006902121
1776849928.973177910 0.624473929 -0.042440981 0.227889508 0.010172976 0.988417208 -0.012257388 0.150922775 -3.767007351 -3.707581282 -13.140522003 0.000000000 0.000000000 -12.000000000 -0.286378860 0.510134101 0.023027271 0.007250712 0.023218190 0.006910623
1776849928.978252649 0.624477506 -0.042441156 0.227890402 0.010172993 0.988416493 -0.012257578 0.150927648 -3.767082930 -3.707366467 -13.142430305 0.000000000 0.000000000 -12.000000000 -0.288158417 0.509073496 0.023021283 0.007258490 0.023213388 0.006919107
1776849928.983421087 0.624480844 -0.042441409 0.227891088 0.010172931 0.988415778 -0.012257847 0.150932178 -3.767122030 -3.707140207 -13.144502640 0.000000000 0.000000000 -12.000000000 -0.290103912 0.507997155 0.023015151 0.007266239 0.023208553 0.006927574
1776849928.988366127 0.624478638 -0.042441554 0.227888882 0.010173013 0.988416076 -0.012257930 0.150930032 -3.767123699 -3.706901550 -13.146750450 0.000000000 0.000000000 -12.000000000 -0.292226791 0.506886840 0.023008864 0.007273946 0.023203682 0.006936022
1776849928.993212938 0.624478698 -0.042441398 0.227888703 0.010172847 0.988416076 -0.012257875 0.150930360 -3.767088175 -3.706650019 -13.149184227 0.000000000 0.000000000 -12.000000000 -0.294536591 0.505795360 0.023002416 0.007281649 0.023198774 0.006944452
1776849928.998151064 0.624477863 -0.042441491 0.227887839 0.010173002 0.988416135 -0.012257882 0.150929630 -3.767017365 -3.706385374 -13.151810646 0.000000000 0.000000000 -12.000000000 -0.297039986 0.504708409 0.022995796 0.007289336 0.023193823 0.006952864
1776849929.003142357 0.624476552 -0.042441349 0.227886558 0.010173040 0.988416314 -0.012257739 0.150928438 -3.766913414 -3.706107616 -13.154631615 0.000000000 0.000000000 -12.000000000 -0.299736023 0.503237903 0.022989003 0.007296743 0.023188828 0.006961251
1776849929.008182049 0.624475598 -0.042441323 0.227885514 0.010172877 0.988416493 -0.012257832 0.150927633 -3.766780138 -3.705817223 -13.157649994 0.000000000 0.000000000 -12.000000000 -0.302628517 0.502147675 0.022982031 0.007304386 0.023183784 0.006969620
1776849929.013219357 0.624474347 -0.042441145 0.227884322 0.010172837 0.988416672 -0.012257674 0.150926426 -3.766622305 -3.705514193 -13.160861015 0.000000000 0.000000000 -12.000000000 -0.305710793 0.501054585 0.022974882 0.007312008 0.023178689 0.006977971
1776849929.018563271 0.624472916 -0.042441115 0.227883101 0.010172776 0.988416851 -0.012257691 0.150925159 -3.766444445 -3.705199242 -13.164261818 0.000000000 0.000000000 -12.000000000 -0.308979988 0.499965489 0.022967553 0.007319614 0.023173539 0.006986304
1776849929.023224354 0.624471486 -0.042441059 0.227881789 0.010172850 0.988417029 -0.012257637 0.150923789 -3.766251564 -3.704873562 -13.167847633 0.000000000 0.000000000 -12.000000000 -0.312426567 0.498878717 0.022960046 0.007327205 0.023168331 0.006994619
1776849929.028161764 0.624470055 -0.042440891 0.227880448 0.010172720 0.988417268 -0.012257568 0.150922433 -3.766048193 -3.704538345 -13.171612740 0.000000000 0.000000000 -12.000000000 -0.316047668 0.497787625 0.022952365 0.007334774 0.023163063 0.007002915
1776849929.033100128 0.624468744 -0.042440958 0.227879256 0.010172823 0.988417447 -0.012257545 0.150921255 -3.765838385 -3.704194784 -13.175550461 0.000000000 0.000000000 -12.000000000 -0.319834709 0.496711373 0.022944510 0.007342335 0.023157733 0.007011194
1776849929.038184881 0.624467432 -0.042440716 0.227877975 0.010172765 0.988417625 -0.012257417 0.150920048 -3.765625238 -3.703844547 -13.179655075 0.000000000 0.000000000 -12.000000000 -0.323781013 0.495619774 0.022936482 0.007349867 0.023152336 0.007019454
1776849929.043273211 0.624466240 -0.042440712 0.227876872 0.010172837 0.988417804 -0.012257386 0.150918975 -3.765411854 -3.703489542 -13.183919907 0.000000000 0.000000000 -12.000000000 -0.306251526 0.495005876 0.022943065 0.007357708 0.023147233 0.007027704
1776849929.048213005 0.624465585 -0.042440623 0.227876127 0.010172722 0.988417864 -0.012257372 0.150918409 -3.765201092 -3.703130960 -13.188340187 0.000000000 0.000000000 -12.000000000 -0.310493469 0.494031727 0.022935063 0.007365292 0.023142058 0.007035938
1776849929.053218126 0.624465287 -0.042440645 0.227875620 0.010172732 0.988417864 -0.012257359 0.150918320 -3.764996052 -3.702770710 -13.192908287 0.000000000 0.000000000 -12.000000000 -0.314874649 0.492964387 0.022926895 0.007372797 0.023136811 0.007044154
1776849929.058095217 0.624464691 -0.042440608 0.227874905 0.010172782 0.988417983 -0.012257325 0.150917888 -3.764800072 -3.702409506 -13.197618484 0.000000000 0.000000000 -12.000000000 -0.319389343 0.491890132 0.022918561 0.007380279 0.023131488 0.007052352
1776849929.063138485 0.624464035 -0.042440563 0.227874339 0.010172718 0.988418043 -0.012257304 0.150917321 -3.764616966 -3.702048779 -13.202464104 0.000000000 0.000000000 -12.000000000 -0.324028969 0.490816593 0.022910070 0.007387743 0.023126088 0.007060532
1776849929.068093777 0.624463916 -0.042440411 0.227873981 0.010172707 0.988418043 -0.012257191 0.150917351 -3.764450788 -3.701688528 -13.207438469 0.000000000 0.000000000 -12.000000000 -0.328784943 0.489739478 0.022901418 0.007395187 0.023120608 0.007068695
1776849929.073312521 0.624469340 -0.042440295 0.227876276 0.010172342 0.988416910 -0.012257433 0.150924787 -3.764306307 -3.701329470 -13.212533951 0.000000000 0.000000000 -12.000000000 -0.355303764 0.488509297 0.022877818 0.007402509 0.023114687 0.007076836
1776849929.078114748 0.624470770 -0.042440366 0.227876216 0.010172446 0.988416612 -0.012257455 0.150926918 -3.764187574 -3.700971365 -13.217742920 0.000000000 0.000000000 -12.000000000 -0.360274315 0.487434745 0.022868499 0.007409917 0.023108682 0.007084960
1776849929.083545923 0.624472499 -0.042440325 0.227876693 0.010172147 0.988416195 -0.012257597 0.150929347 -3.764099121 -3.700613737 -13.223058701 0.000000000 0.000000000 -12.000000000 -0.365337372 0.486359715 0.022859035 0.007417306 0.023102593 0.007093066
1776849929.088208675 0.624473453 -0.042440407 0.227876931 0.010172161 0.988416016 -0.012257669 0.150930732 -3.764044285 -3.700256348 -13.228472710 0.000000000 0.000000000 -12.000000000 -0.370485306 0.485332549 0.022849428 0.007424710 0.023096418 0.007101155
1776849929.093382359 0.624474287 -0.042440459 0.227876931 0.010172346 0.988415837 -0.012257629 0.150931954 -3.764025927 -3.699898720 -13.233977318 0.000000000 0.000000000 -12.000000000 -0.375707626 0.484259516 0.022839684 0.007432065 0.023090156 0.007109226
1776849929.098146677 0.624472618 -0.042440660 0.227874517 0.010172481 0.988416016 -0.012257719 0.150930554 -3.764045954 -3.699540138 -13.239563942 0.000000000 0.000000000 -12.000000000 -0.380998611 0.483160496 0.022829806 0.007439385 0.023083806 0.007117278
1776849929.103358746 0.624472618 -0.042440660 0.227874517 0.010172481 0.988416016 -0.012257719 0.150930554 -3.764106274 -3.699180365 -13.245224953 0.000000000 0.000000000 -12.000000000 -0.386348724 0.482084602 0.022819800 0.007446703 0.023077367 0.007125313
1776849929.108176708 0.624471962 -0.042440500 0.227873921 0.010172334 0.988416076 -0.012257660 0.150930047 -3.764208078 -3.698819160 -13.250950813 0.000000000 0.000000000 -12.000000000 -0.391747475 0.480999261 0.022809673 0.007453996 0.023070838 0.007133330
1776849929.113411188 0.624471128 -0.042440511 0.227873057 0.010172355 0.988416195 -0.012257676 0.150929436 -3.764353514 -3.698456287 -13.256729126 0.000000000 0.000000000 -12.000000000 -0.397183418 0.479918569 0.022799430 0.007461274 0.023064218 0.007141328
1776849929.118247032 0.624469876 -0.042440392 0.227871805 0.010172292 0.988416374 -0.012257601 0.150928155 -3.764543772 -3.698091745 -13.262548447 0.000000000 0.000000000 -12.000000000 -0.402645111 0.478833079 0.022789078 0.007468531 0.023057507 0.007149309
1776849929.123289108 0.624468982 -0.042440444 0.227871090 0.010172274 0.988416493 -0.012257620 0.150927410 -3.764781475 -3.697725534 -13.268395424 0.000000000 0.000000000 -12.000000000 -0.386414528 0.477817923 0.022793457 0.007475818 0.023051066 0.007157273
1776849929.128457785 0.624467969 -0.042440310 0.227870107 0.010172244 0.988416672 -0.012257541 0.150926501 -3.765068531 -3.697357655 -13.274257660 0.000000000 0.000000000 -12.000000000 -0.391881943 0.476737410 0.022783279 0.007483043 0.023044534 0.007165218
1776849929.133337975 0.624466717 -0.042440288 0.227869004 0.010172245 0.988416851 -0.012257552 0.150925279 -3.765407085 -3.696987629 -13.280121803 0.000000000 0.000000000 -12.000000000 -0.397336006 0.475659013 0.022773022 0.007490252 0.023037912 0.007173146
1776849929.138204336 0.624465644 -0.042440139 0.227867961 0.010172178 0.988416970 -0.012257488 0.150924221 -3.765798569 -3.696615219 -13.285978317 0.000000000 0.000000000 -12.000000000 -0.402767181 0.474577963 0.022762688 0.007497441 0.023031199 0.007181055
1776849929.143103123 0.624464571 -0.042440046 0.227867007 0.010172253 0.988417149 -0.012257353 0.150923252 -3.766244650 -3.696240425 -13.291815758 0.000000000 0.000000000 -12.000000000 -0.408164978 0.473502874 0.022752287 0.007504615 0.023024397 0.007188947
1776849929.148265600 0.624463797 -0.042439919 0.227866143 0.010172183 0.988417208 -0.012257311 0.150922656 -3.766745806 -3.695862532 -13.297627449 0.000000000 0.000000000 -12.000000000 -0.413518906 0.472424984 0.022741826 0.007511771 0.023017505 0.007196821
1776849929.153424025 0.624467671 -0.042439811 0.227867782 0.010171882 0.988416433 -0.012257417 0.150928020 -3.767301798 -3.695481539 -13.303408623 0.000000000 0.000000000 -12.000000000 -0.418829918 0.471370161 0.022731304 0.007518924 0.023010524 0.007204677
1776849929.158159733 0.624467909 -0.042439818 0.227867365 0.010171914 0.988416374 -0.012257422 0.150928497 -3.767911673 -3.695096970 -13.309153557 0.000000000 0.000000000 -12.000000000 -0.424088478 0.470299661 0.022720730 0.007526048 0.023003455 0.007212515
1776849929.163348913 0.624469161 -0.042439833 0.227867782 0.010171881 0.988416076 -0.012257499 0.150930241 -3.768573284 -3.694708586 -13.314861298 0.000000000 0.000000000 -12.000000000 -0.429297447 0.469150364 0.022710102 0.007533102 0.022996301 0.007220335
1776849929.168136835 0.624470711 -0.042439882 0.227868289 0.010171889 0.988415778 -0.012257544 0.150932312 -3.769284964 -3.694316864 -13.320529938 0.000000000 0.000000000 -12.000000000 -0.456224442 0.467914373 0.022684548 0.007540076 0.022988698 0.007228133
1776849929.173402071 0.624472022 -0.042439852 0.227868497 0.010171891 0.988415480 -0.012257533 0.150934219 -3.770043612 -3.693921566 -13.326158524 0.000000000 0.000000000 -12.000000000 -0.461337090 0.466843218 0.022673450 0.007547143 0.022981009 0.007235914
1776849929.179181337 0.624473572 -0.042439923 0.227868885 0.010171877 0.988415182 -0.012257608 0.150936261 -3.770846128 -3.693523169 -13.331747055 0.000000000 0.000000000 -12.000000000 -0.466397285 0.465777397 0.022662304 0.007554195 0.022973236 0.007243677
1776849929.183389664 0.624475062 -0.042439997 0.227869362 0.010171860 0.988414824 -0.012257691 0.150938302 -3.771689177 -3.693121910 -13.337294579 0.000000000 0.000000000 -12.000000000 -0.471407890 0.464710772 0.022651108 0.007561230 0.022965379 0.007251422
1776849929.188386679 0.624476850 -0.042440083 0.227869809 0.010171838 0.988414466 -0.012257791 0.150940746 -3.772568703 -3.692718506 -13.342800140 0.000000000 0.000000000 -12.000000000 -0.476366997 0.463642418 0.022639863 0.007568244 0.022957440 0.007259150
1776849929.193362713 0.624477923 -0.042440094 0.227869868 0.010171792 0.988414228 -0.012257844 0.150942236 -3.773480892 -3.692313194 -13.348261833 0.000000000 0.000000000 -12.000000000 -0.481272697 0.462566763 0.022628572 0.007575237 0.022949420 0.007266859
1776849929.198541880 0.624475300 -0.042440139 0.227867544 0.010171833 0.988414645 -0.012257854 0.150939450 -3.774421453 -3.691907167 -13.353677750 0.000000000 0.000000000 -12.000000000 -0.486128807 0.461467177 0.022617232 0.007582195 0.022941317 0.007274550
1776849929.203748465 0.624474525 -0.042440198 0.227867007 0.010171864 0.988414764 -0.012257874 0.150938824 -3.775385618 -3.691501379 -13.359044075 0.000000000 0.000000000 -12.000000000 -0.490930557 0.460521072 0.022605848 0.007589240 0.022933135 0.007282226
1776849929.208414793 0.624473631 -0.042440210 0.227865905 0.010171912 0.988414884 -0.012257837 0.150937989 -3.776369333 -3.691096783 -13.364358902 0.000000000 0.000000000 -12.000000000 -0.495676994 0.459442765 0.022594422 0.007596178 0.022924874 0.007289883
1776849929.213412523 0.624472141 -0.042440079 0.227864534 0.010171870 0.988415122 -0.012257773 0.150936633 -3.777367830 -3.690695047 -13.369617462 0.000000000 0.000000000 -12.000000000 -0.500365257 0.458116770 0.022582958 0.007602930 0.022916535 0.007297519
1776849929.218374491 0.624471188 -0.042440146 0.227863669 0.010171870 0.988415241 -0.012257822 0.150935799 -3.778376818 -3.690297365 -13.374817848 0.000000000 0.000000000 -12.000000000 -0.504996300 0.457046270 0.022571454 0.007609833 0.022908118 0.007305136
1776849929.223481655 0.624470115 -0.042439967 0.227862626 0.010171714 0.988415420 -0.012257762 0.150934741 -3.779391527 -3.689905405 -13.379955292 0.000000000 0.000000000 -12.000000000 -0.487701416 0.456023633 0.022574855 0.007616752 0.022899989 0.007312736
1776849929.228758574 0.624469340 -0.042439915 0.227862000 0.010171771 0.988415480 -0.012257711 0.150934085 -3.780408621 -3.689520597 -13.385026932 0.000000000 0.000000000 -12.000000000 -0.492198944 0.454955935 0.022563653 0.007623623 0.022891786 0.007320319
1776849929.233416796 0.624468565 -0.042439900 0.227861285 0.010171738 0.988415599 -0.012257678 0.150933370 -3.781424046 -3.689143658 -13.390031815 0.000000000 0.000000000 -12.000000000 -0.496634483 0.453890115 0.022552419 0.007630477 0.022883508 0.007327884
1776849929.238123655 0.624467731 -0.042439926 0.227860540 0.010171845 0.988415718 -0.012257660 0.150932640 -3.782434940 -3.688775539 -13.394967079 0.000000000 0.000000000 -12.000000000 -0.501006126 0.452825844 0.022541154 0.007637315 0.022875158 0.007335431
1776849929.246527433 0.624467134 -0.042439751 0.227859974 0.010171830 0.988415778 -0.012257541 0.150932074 -3.783438683 -3.688417196 -13.399831772 0.000000000 0.000000000 -12.000000000 -0.505312920 0.452290744 0.022529861 0.007644496 0.022866737 0.007342969
1776849929.248190880 0.624466717 -0.042439457 0.227859437 0.010171572 0.988415837 -0.012257454 0.150931820 -3.784433126 -3.688068628 -13.404625893 0.000000000 0.000000000 -12.000000000 -0.509555817 0.451214850 0.022518542 0.007651299 0.022858245 0.007350489
1776849929.253571510 0.624471128 -0.042439379 0.227861434 0.010171323 0.988414884 -0.012257595 0.150937915 -3.785416603 -3.687730312 -13.409349442 0.000000000 0.000000000 -12.000000000 -0.513735771 0.450203598 0.022507193 0.007658129 0.022849683 0.007357993
1776849929.258375883 0.624471724 -0.042439409 0.227861166 0.010171385 0.988414764 -0.012257608 0.150938928 -3.786387444 -3.687402010 -13.414005280 0.000000000 0.000000000 -12.000000000 -0.539779663 0.449088186 0.022480832 0.007664870 0.022840686 0.007365477
1776849929.263392687 0.624472916 -0.042439569 0.227861464 0.010171372 0.988414526 -0.012257736 0.150940493 -3.787343979 -3.687083960 -13.418593407 0.000000000 0.000000000 -12.000000000 -0.543848038 0.448035568 0.022469057 0.007671635 0.022831623 0.007372945
1776849929.268228769 0.624473691 -0.042439535 0.227861822 0.010171308 0.988414347 -0.012257764 0.150941581 -3.788284779 -3.686775923 -13.423116684 0.000000000 0.000000000 -12.000000000 -0.547861099 0.447198212 0.022457251 0.007678530 0.022822492 0.007380398
1776849929.273386002 0.624474823 -0.042439554 0.227861971 0.010171321 0.988414109 -0.012257775 0.150943130 -3.789207935 -3.686477661 -13.427577972 0.000000000 0.000000000 -12.000000000 -0.551819801 0.446136117 0.022445414 0.007685258 0.022813294 0.007387834
1776849929.278137207 0.624475598 -0.042439550 0.227862060 0.010171277 0.988413930 -0.012257820 0.150944158 -3.790111780 -3.686188698 -13.431980133 0.000000000 0.000000000 -12.000000000 -0.555728912 0.445071697 0.022433545 0.007691966 0.022804031 0.007395252
1776849929.283454657 0.624476135 -0.042439681 0.227862149 0.010171358 0.988413811 -0.012257905 0.150945023 -3.790994406 -3.685908556 -13.436325073 0.000000000 0.000000000 -12.000000000 -0.559590340 0.444012046 0.022421645 0.007698660 0.022794705 0.007402652
1776849929.288462639 0.624473453 -0.042439833 0.227859735 0.010171614 0.988414228 -0.012257840 0.150942177 -3.791854382 -3.685636997 -13.440614700 0.000000000 0.000000000 -12.000000000 -0.563405991 0.442927420 0.022409711 0.007705319 0.022785315 0.007410034
1776849929.294100761 0.624472976 -0.042439733 0.227859378 0.010171493 0.988414347 -0.012257866 0.150941700 -3.792690516 -3.685373545 -13.444849968 0.000000000 0.000000000 -12.000000000 -0.567177773 0.441858917 0.022397744 0.007711971 0.022775862 0.007417399
1776849929.298215389 0.624472499 -0.042439770 0.227858812 0.010171414 0.988414347 -0.012257904 0.150941432 -3.793502808 -3.685117960 -13.449030876 0.000000000 0.000000000 -12.000000000 -0.570906639 0.440793365 0.022385744 0.007718607 0.022766348 0.007424745
1776849929.303124905 0.624471605 -0.042439751 0.227857828 0.010171496 0.988414526 -0.012257854 0.150940567 -3.794290543 -3.684870243 -13.453156471 0.000000000 0.000000000 -12.000000000 -0.552598953 0.439776719 0.022388738 0.007725259 0.022757137 0.007432075
1776849929.308403969 0.624470949 -0.042439695 0.227857292 0.010171327 0.988414586 -0.012257896 0.150939971 -3.795054674 -3.684630156 -13.457224846 0.000000000 0.000000000 -12.000000000 -0.556228638 0.438711554 0.022377048 0.007731861 0.022747867 0.007439387
1776849929.313140631 0.624470115 -0.042439565 0.227856547 0.010171320 0.988414705 -0.012257841 0.150939241 -3.795795441 -3.684397697 -13.461236000 0.000000000 0.000000000 -12.000000000 -0.559809685 0.437642157 0.022365330 0.007738442 0.022738537 0.007446681
1776849929.318224192 0.624469161 -0.042439554 0.227855623 0.010171453 0.988414884 -0.012257724 0.150938272 -3.796514511 -3.684171915 -13.465187073 0.000000000 0.000000000 -12.000000000 -0.563341141 0.436579496 0.022353586 0.007745010 0.022729147 0.007453957
1776849929.323112488 0.624468505 -0.042439539 0.227855116 0.010171307 0.988414943 -0.012257792 0.150937706 -3.797212839 -3.683952808 -13.469078064 0.000000000 0.000000000 -12.000000000 -0.566823006 0.435520113 0.022341818 0.007751563 0.022719700 0.007461216
1776849929.328166246 0.624468207 -0.042439416 0.227854729 0.010171263 0.988414943 -0.012257695 0.150937557 -3.797892094 -3.683739662 -13.472908974 0.000000000 0.000000000 -12.000000000 -0.570253372 0.434457660 0.022330025 0.007758095 0.022710195 0.007468457
1776849929.333103895 0.624472141 -0.042439200 0.227856427 0.010170992 0.988414168 -0.012257776 0.150942832 -3.798553228 -3.683531284 -13.476680756 0.000000000 0.000000000 -12.000000000 -0.573632240 0.433406770 0.022318212 0.007764618 0.022700634 0.007475680
1776849929.339032173 0.624472380 -0.042439245 0.227856129 0.010171065 0.988414049 -0.012257800 0.150943398 -3.799197674 -3.683326960 -13.480394363 0.000000000 0.000000000 -12.000000000 -0.576961517 0.432347566 0.022306375 0.007771118 0.022691017 0.007482886
1776849929.343203306 0.624473095 -0.042439222 0.227856368 0.010171051 0.988413930 -0.012257757 0.150944382 -3.799826384 -3.683125973 -13.484050751 0.000000000 0.000000000 -12.000000000 -0.602282524 0.431153536 0.022279458 0.007777507 0.022680979 0.007490072
1776849929.348333120 0.624473751 -0.042439256 0.227856576 0.010171100 0.988413811 -0.012257796 0.150945291 -3.800439835 -3.682926655 -13.487653732 0.000000000 0.000000000 -12.000000000 -0.605521202 0.430099458 0.022267208 0.007783973 0.022670887 0.007497240
1776849929.353103161 0.624474645 -0.042439371 0.227856785 0.010171088 0.988413572 -0.012257863 0.150946498 -3.801038504 -3.682728767 -13.491205215 0.000000000 0.000000000 -12.000000000 -0.608716011 0.429047167 0.022254931 0.007790423 0.022660742 0.007504391
1776849929.358147383 0.624475479 -0.042439356 0.227856964 0.010171003 0.988413453 -0.012257960 0.150947660 -3.801621914 -3.682530880 -13.494707108 0.000000000 0.000000000 -12.000000000 -0.611867905 0.427987516 0.022242632 0.007796849 0.022650544 0.007511524
1776849929.363292933 0.624476135 -0.042439364 0.227857113 0.010171073 0.988413274 -0.012257917 0.150948524 -3.802189827 -3.682332039 -13.498160362 0.000000000 0.000000000 -12.000000000 -0.614977837 0.426504552 0.022230309 0.007802969 0.022640293 0.007518632
1776849929.368234396 0.624476492 -0.042439342 0.227857053 0.010170978 0.988413215 -0.012257940 0.150949016 -3.802741766 -3.682131529 -13.501566887 0.000000000 0.000000000 -12.000000000 -0.618047714 0.425442338 0.022217961 0.007809351 0.022629993 0.007525723
1776849929.373428822 0.624473929 -0.042439550 0.227854937 0.010171195 0.988413632 -0.012257981 0.150946230 -3.803276777 -3.681928635 -13.504926682 0.000000000 0.000000000 -12.000000000 -0.621077538 0.424369007 0.022205591 0.007815708 0.022619642 0.007532796
1776849929.378254652 0.624473512 -0.042439505 0.227854699 0.010171030 0.988413692 -0.012258032 0.150945991 -3.803794622 -3.681722879 -13.508239746 0.000000000 0.000000000 -12.000000000 -0.624068260 0.423307747 0.022193195 0.007822056 0.022609241 0.007539851
1776849929.383162975 0.624472916 -0.042439461 0.227853894 0.010171106 0.988413751 -0.012257999 0.150945485 -3.804294109 -3.681514025 -13.511505127 0.000000000 0.000000000 -12.000000000 -0.604934692 0.422296286 0.022195868 0.007828420 0.022599159 0.007546890
1776849929.388099909 0.624471784 -0.042439431 0.227852970 0.010171039 0.988413930 -0.012257971 0.150944367 -3.804774523 -3.681301832 -13.514722824 0.000000000 0.000000000 -12.000000000 -0.607839584 0.421275735 0.022183802 0.007834761 0.022589028 0.007553911
1776849929.393103361 0.624471366 -0.042439476 0.227852464 0.010171152 0.988413990 -0.012257950 0.150943980 -3.805234909 -3.681086063 -13.517893791 0.000000000 0.000000000 -12.000000000 -0.610705376 0.420223087 0.022171713 0.007841063 0.022578850 0.007560914
1776849929.398327351 0.624470651 -0.042439308 0.227851838 0.010171009 0.988414049 -0.012257923 0.150943384 -3.805674314 -3.680866718 -13.521017075 0.000000000 0.000000000 -12.000000000 -0.613532066 0.419157505 0.022159602 0.007847339 0.022568624 0.007567900
1776849929.403249264 0.624470115 -0.042439193 0.227851301 0.010170895 0.988414168 -0.012257871 0.150942743 -3.806091547 -3.680643559 -13.524094582 0.000000000 0.000000000 -12.000000000 -0.616322517 0.417884946 0.022147471 0.007853455 0.022558352 0.007574865
1776849929.408115864 0.624470115 -0.042439308 0.227851242 0.010170971 0.988414109 -0.012257916 0.150943026 -3.806486368 -3.680416107 -13.527128220 0.000000000 0.000000000 -12.000000000 -0.619074821 0.416840971 0.022135317 0.007859706 0.022548035 0.007581812
1776849929.413093805 0.624474645 -0.042439122 0.227853179 0.010170693 0.988413215 -0.012258036 0.150948986 -3.806858063 -3.680184603 -13.530121803 0.000000000 0.000000000 -12.000000000 -0.643907547 0.415740848 0.022108030 0.007865902 0.022537302 0.007588741
1776849929.418098688 0.624475241 -0.042439170 0.227853119 0.010170781 0.988413095 -0.012257981 0.150949940 -3.807207346 -3.679948807 -13.533078194 0.000000000 0.000000000 -12.000000000 -0.646605492 0.414687335 0.022095455 0.007872111 0.022526525 0.007595653
1776849929.423127174 0.624476135 -0.042439140 0.227853298 0.010170771 0.988412917 -0.012258013 0.150951147 -3.807534456 -3.679708242 -13.536002159 0.000000000 0.000000000 -12.000000000 -0.649277687 0.413633466 0.022082850 0.007878303 0.022515703 0.007602547
1776849929.428164244 0.624476850 -0.042439006 0.227853626 0.010170494 0.988412738 -0.012258065 0.150952011 -3.807840586 -3.679462910 -13.538896561 0.000000000 0.000000000 -12.000000000 -0.651926994 0.412574232 0.022070220 0.007884473 0.022504838 0.007609423
1776849929.433517933 0.624477565 -0.042439174 0.227853864 0.010170618 0.988412619 -0.012258080 0.150953114 -3.808126926 -3.679212809 -13.541766167 0.000000000 0.000000000 -12.000000000 -0.654558182 0.411530703 0.022057556 0.007890636 0.022493929 0.007616282
1776849929.438556671 0.624477386 -0.042439219 0.227853537 0.010170617 0.988412619 -0.012258161 0.150952950 -3.808394670 -3.678957939 -13.544611931 0.000000000 0.000000000 -12.000000000 -0.657172203 0.410473257 0.022044862 0.007896772 0.022482976 0.007623123
1776849929.443253279 0.624474883 -0.042439368 0.227851361 0.010170798 0.988413036 -0.012258125 0.150950193 -3.808644772 -3.678698540 -13.547438622 0.000000000 0.000000000 -12.000000000 -0.659773827 0.409401625 0.022032131 0.007902881 0.022471979 0.007629946
1776849929.448112249 0.624474466 -0.042439371 0.227850974 0.010170911 0.988413095 -0.012258096 0.150949821 -3.808878899 -3.678435087 -13.550244331 0.000000000 0.000000000 -12.000000000 -0.662358284 0.408347785 0.022019368 0.007908984 0.022460939 0.007636752
1776849929.453233242 0.624473631 -0.042439207 0.227850229 0.010170762 0.988413215 -0.012258037 0.150949135 -3.809098005 -3.678168535 -13.553030014 0.000000000 0.000000000 -12.000000000 -0.642787933 0.407338113 0.022021700 0.007915099 0.022450225 0.007643541
1776849929.458202600 0.624472678 -0.042439144 0.227849275 0.010170815 0.988413334 -0.012257979 0.150948197 -3.809303284 -3.677899599 -13.555793762 0.000000000 0.000000000 -12.000000000 -0.645338058 0.406256586 0.022009246 0.007921149 0.022439471 0.007650312
1776849929.463429213 0.624471962 -0.042439185 0.227848619 0.010170676 0.988413453 -0.012258078 0.150947526 -3.809494972 -3.677629232 -13.558535576 0.000000000 0.000000000 -12.000000000 -0.647871017 0.405206561 0.021996759 0.007927203 0.022428673 0.007657065
1776849929.468414068 0.624471307 -0.042439103 0.227848053 0.010170697 0.988413513 -0.012258043 0.150946915 -3.809673548 -3.677358627 -13.561252594 0.000000000 0.000000000 -12.000000000 -0.650383949 0.404153168 0.021984242 0.007933237 0.022417832 0.007663801
1776849929.473429680 0.624470770 -0.042439185 0.227847546 0.010170720 0.988413632 -0.012258050 0.150946438 -3.809838533 -3.677088261 -13.563945770 0.000000000 0.000000000 -12.000000000 -0.652877808 0.403110206 0.021971699 0.007939260 0.022406951 0.007670519
1776849929.478350878 0.624470890 -0.042438865 0.227847517 0.010170544 0.988413572 -0.012257904 0.150946707 -3.809989691 -3.676818848 -13.566614151 0.000000000 0.000000000 -12.000000000 -0.655352592 0.402053744 0.021959126 0.007945256 0.022396028 0.007677220
1776849929.483171940 0.624474585 -0.042438675 0.227849126 0.010170332 0.988412857 -0.012257978 0.150951579 -3.810127020 -3.676550388 -13.569258690 0.000000000 0.000000000 -12.000000000 -0.657809258 0.401012838 0.021946525 0.007951246 0.022385065 0.007683904
1776849929.488269567 0.624475002 -0.042438805 0.227849126 0.010170349 0.988412738 -0.012258037 0.150952280 -3.810250759 -3.676283360 -13.571881294 0.000000000 0.000000000 -12.000000000 -0.682409286 0.399914175 0.021918751 0.007957178 0.022373691 0.007690569
1776849929.493282795 0.624475956 -0.042438705 0.227849394 0.010170282 0.988412499 -0.012258053 0.150953591 -3.810361385 -3.676017761 -13.574484825 0.000000000 0.000000000 -12.000000000 -0.684836388 0.399083704 0.021905720 0.007963276 0.022362277 0.007697220
1776849929.498284817 0.624476790 -0.042438779 0.227849752 0.010170246 0.988412380 -0.012258112 0.150954649 -3.810459852 -3.675753355 -13.577070236 0.000000000 0.000000000 -12.000000000 -0.687251091 0.398043483 0.021892656 0.007969217 0.022350824 0.007703855
1776849929.503509521 0.624477327 -0.042438779 0.227849782 0.010170322 0.988412261 -0.012258093 0.150955424 -3.810547829 -3.675490379 -13.579640388 0.000000000 0.000000000 -12.000000000 -0.689654350 0.396744132 0.021879559 0.007974964 0.022339329 0.007710467
1776849929.508323193 0.624478042 -0.042438850 0.227849990 0.010170281 0.988412082 -0.012258155 0.150956362 -3.810627222 -3.675228357 -13.582198143 0.000000000 0.000000000 -12.000000000 -0.692048073 0.395699680 0.021866430 0.007980862 0.022327796 0.007717062
1776849929.513442278 0.624478221 -0.042438898 0.227849871 0.010170369 0.988412082 -0.012258152 0.150956661 -3.810700178 -3.674966812 -13.584741592 0.000000000 0.000000000 -12.000000000 -0.694430351 0.394653618 0.021853268 0.007986742 0.022316221 0.007723640
1776849929.518149137 0.624475718 -0.042439088 0.227847874 0.010170594 0.988412440 -0.012258166 0.150953934 -3.810769320 -3.674705267 -13.587271690 0.000000000 0.000000000 -12.000000000 -0.696800232 0.393772513 0.021840073 0.007992717 0.022304608 0.007730203
1776849929.523132563 0.624475300 -0.042438861 0.227847487 0.010170350 0.988412559 -0.012258110 0.150953487 -3.810837507 -3.674442768 -13.589788437 0.000000000 0.000000000 -12.000000000 -0.699158669 0.392716140 0.021826848 0.007998559 0.022292955 0.007736748
1776849929.528475523 0.624474525 -0.042438924 0.227846891 0.010170480 0.988412619 -0.012258115 0.150952965 -3.810906887 -3.674178839 -13.592290878 0.000000000 0.000000000 -12.000000000 -0.679321289 0.391723514 0.021828752 0.008004426 0.022281634 0.007743277
1776849929.533291340 0.624473274 -0.042438883 0.227845758 0.010170504 0.988412797 -0.012258055 0.150951654 -3.810979366 -3.673912525 -13.594776154 0.000000000 0.000000000 -12.000000000 -0.681645393 0.390669465 0.021815844 0.008010235 0.022270273 0.007749788
1776849929.538258553 0.624472678 -0.042438824 0.227845013 0.010170391 0.988412917 -0.012258089 0.150951117 -3.811055899 -3.673642635 -13.597244263 0.000000000 0.000000000 -12.000000000 -0.683951378 0.389619946 0.021802906 0.008016028 0.022258874 0.007756282
1776849929.543165684 0.624471664 -0.042438794 0.227844238 0.010170410 0.988413036 -0.012258057 0.150950208 -3.811137676 -3.673367977 -13.599692345 0.000000000 0.000000000 -12.000000000 -0.686235428 0.388572007 0.021789948 0.008021806 0.022247437 0.007762758
1776849929.548101664 0.624470830 -0.042438630 0.227843434 0.010170326 0.988413155 -0.012257974 0.150949404 -3.811224461 -3.673087835 -13.602120399 0.000000000 0.000000000 -12.000000000 -0.688500404 0.387522161 0.021776961 0.008027565 0.022235962 0.007769217
1776849929.553169012 0.624470711 -0.042438637 0.227843195 0.010170422 0.988413155 -0.012257922 0.150949493 -3.811315775 -3.672800779 -13.604527473 0.000000000 0.000000000 -12.000000000 -0.690741539 0.386487603 0.021763954 0.008033317 0.022224449 0.007775658
1776849929.558153152 0.624474466 -0.042438433 0.227844894 0.010170018 0.988412380 -0.012258069 0.150954470 -3.811409473 -3.672505617 -13.606914520 0.000000000 0.000000000 -12.000000000 -0.692964554 0.385453582 0.021750921 0.008039052 0.022212898 0.007782083
1776849929.563444376 0.624474406 -0.042438462 0.227844626 0.010170040 0.988412380 -0.012258076 0.150954649 -3.811503649 -3.672201157 -13.609282494 0.000000000 0.000000000 -12.000000000 -0.695167542 0.384413928 0.021737868 0.008044765 0.022201313 0.007788490
1776849929.568159580 0.624475181 -0.042438518 0.227844834 0.010170079 0.988412201 -0.012258062 0.150955632 -3.811594963 -3.671885967 -13.611633301 0.000000000 0.000000000 -12.000000000 -0.697354317 0.383494616 0.021724787 0.008050544 0.022189690 0.007794881
1776849929.573218346 0.624475956 -0.042438366 0.227845103 0.010169987 0.988412082 -0.012258059 0.150956556 -3.811679363 -3.671559095 -13.613970757 0.000000000 0.000000000 -12.000000000 -0.721731186 0.382394820 0.021696506 0.008056184 0.022177661 0.007801254
1776849929.578166723 0.624476671 -0.042438447 0.227845252 0.010170002 0.988411903 -0.012258078 0.150957584 -3.811753750 -3.671219587 -13.616294861 0.000000000 0.000000000 -12.000000000 -0.723896980 0.381360263 0.021682998 0.008061850 0.022165596 0.007807610
1776849929.583128691 0.624477148 -0.042438470 0.227845401 0.010169996 0.988411784 -0.012258109 0.150958329 -3.811814547 -3.670866251 -13.618610382 0.000000000 0.000000000 -12.000000000 -0.726058006 0.380323231 0.021669457 0.008067498 0.022153495 0.007813949
1776849929.588166237 0.624477506 -0.042438485 0.227845401 0.010170050 0.988411725 -0.012258116 0.150958747 -3.811858892 -3.670498848 -13.620917320 0.000000000 0.000000000 -12.000000000 -0.728214264 0.379283309 0.021655882 0.008073127 0.022141358 0.007820271
1776849929.593482971 0.624477863 -0.042438544 0.227845550 0.010169983 0.988411665 -0.012258168 0.150959328 -3.811883926 -3.670117378 -13.623217583 0.000000000 0.000000000 -12.000000000 -0.730369568 0.378248304 0.021642273 0.008078741 0.022129185 0.007826575
1776849929.598600149 0.624477744 -0.042438418 0.227845371 0.010169985 0.988411665 -0.012258121 0.150959134 -3.811887741 -3.669721365 -13.625512123 0.000000000 0.000000000 -12.000000000 -0.732522964 0.377200454 0.021628628 0.008084329 0.022116976 0.007832862
1776849929.603367329 0.624475062 -0.042438667 0.227843195 0.010170225 0.988412142 -0.012258142 0.150956184 -3.811868429 -3.669311047 -13.627799988 0.000000000 0.000000000 -12.000000000 -0.712463379 0.376206815 0.021630125 0.008089935 0.022105101 0.007839131
1776849929.608410835 0.624474347 -0.042438645 0.227842689 0.010170087 0.988412261 -0.012258187 0.150955498 -3.811825037 -3.668887377 -13.630082130 0.000000000 0.000000000 -12.000000000 -0.714615822 0.374731719 0.021616781 0.008095197 0.022093192 0.007845377
1776849929.613361597 0.624473572 -0.042438477 0.227841824 0.010170051 0.988412321 -0.012258121 0.150954917 -3.811756611 -3.668450594 -13.632359505 0.000000000 0.000000000 -12.000000000 -0.716770172 0.373679936 0.021603398 0.008100725 0.022081245 0.007851604
1776849929.618415356 0.624472320 -0.042438410 0.227840632 0.010170151 0.988412499 -0.012257986 0.150953680 -3.811662197 -3.668001652 -13.634630203 0.000000000 0.000000000 -12.000000000 -0.718923569 0.372632831 0.021589980 0.008106237 0.022069262 0.007857815
1776849929.623498201 0.624471366 -0.042438295 0.227839708 0.010170004 0.988412619 -0.012258009 0.150952816 -3.811542034 -3.667542219 -13.636894226 0.000000000 0.000000000 -12.000000000 -0.721078873 0.371588230 0.021576526 0.008111734 0.022057245 0.007864009
1776849929.628471613 0.624470830 -0.042438291 0.227839172 0.010169966 0.988412678 -0.012258003 0.150952458 -3.811395407 -3.667073011 -13.639152527 0.000000000 0.000000000 -12.000000000 -0.723236084 0.370554388 0.021563035 0.008117220 0.022045191 0.007870184
1776849929.633414030 0.624474525 -0.042437840 0.227840811 0.010169479 0.988411963 -0.012257997 0.150957450 -3.811223030 -3.666595936 -13.641405106 0.000000000 0.000000000 -12.000000000 -0.725394249 0.369520038 0.021549504 0.008122690 0.022033101 0.007876343
1776849929.638662577 0.624474466 -0.042437904 0.227840424 0.010169519 0.988411903 -0.012258035 0.150957599 -3.811025620 -3.666112423 -13.643651962 0.000000000 0.000000000 -12.000000000 -0.727553368 0.368488967 0.021535940 0.008128144 0.022020975 0.007882484
1776849929.643117428 0.624474883 -0.042437907 0.227840602 0.010169654 0.988411844 -0.012257976 0.150958225 -3.810804367 -3.665623903 -13.645895958 0.000000000 0.000000000 -12.000000000 -0.729716301 0.367464602 0.021522336 0.008133585 0.022008814 0.007888609
1776849929.648160219 0.624475539 -0.042437974 0.227840781 0.010169676 0.988411665 -0.012258016 0.150959104 -3.810561419 -3.665132523 -13.648138046 0.000000000 0.000000000 -12.000000000 -0.731884956 0.366777927 0.021508692 0.008139241 0.021996615 0.007894722
1776849929.653423786 0.624476254 -0.042438008 0.227840871 0.010169718 0.988411546 -0.012258065 0.150960088 -3.810298920 -3.664640188 -13.650379181 0.000000000 0.000000000 -12.000000000 -0.734056473 0.365411222 0.021495011 0.008144420 0.021984382 0.007900812
1776849929.658865452 0.624477029 -0.042437941 0.227841198 0.010169565 0.988411367 -0.012258059 0.150961146 -3.810019016 -3.664148808 -13.652621269 0.000000000 0.000000000 -12.000000000 -0.758460999 0.364319474 0.021466099 0.008149764 0.021971740 0.007906884
1776849929.663449049 0.624477983 -0.042438023 0.227841437 0.010169643 0.988411188 -0.012258107 0.150962427 -3.809724331 -3.663660526 -13.654865265 0.000000000 0.000000000 -12.000000000 -0.760644913 0.363292634 0.021451967 0.008155134 0.021959063 0.007912938
1776849929.668436766 0.624479234 -0.042438153 0.227841854 0.010169568 0.988410890 -0.012258251 0.150964141 -3.809417486 -3.663177252 -13.657111168 0.000000000 0.000000000 -12.000000000 -0.762837410 0.362141103 0.021437790 0.008160402 0.021946348 0.007918974
1776849929.673429728 0.624479771 -0.042438105 0.227841884 0.010169501 0.988410771 -0.012258266 0.150964990 -3.809100628 -3.662701368 -13.659356117 0.000000000 0.000000000 -12.000000000 -0.765031815 0.361104101 0.021423576 0.008165728 0.021933598 0.007924993
1776849929.678255081 0.624480486 -0.042438135 0.227842063 0.010169556 0.988410652 -0.012258286 0.150965914 -3.808776855 -3.662235498 -13.661600113 0.000000000 0.000000000 -12.000000000 -0.767227173 0.360146165 0.021409327 0.008171093 0.021920811 0.007930995
1776849929.683439970 0.624480486 -0.042438228 0.227841765 0.010169530 0.988410652 -0.012258369 0.150965974 -3.808448076 -3.661782026 -13.663840294 0.000000000 0.000000000 -12.000000000 -0.769421577 0.359115094 0.021395039 0.008176391 0.021907987 0.007936981
1776849929.688288689 0.624477625 -0.042438343 0.227839440 0.010169806 0.988411069 -0.012258281 0.150963008 -3.808116913 -3.661342859 -13.666072845 0.000000000 0.000000000 -12.000000000 -0.771610260 0.358061522 0.021380721 0.008181656 0.021895127 0.007942948
1776849929.693348885 0.624476731 -0.042438220 0.227838635 0.010169610 0.988411188 -0.012258287 0.150962174 -3.807786226 -3.660920382 -13.668292999 0.000000000 0.000000000 -12.000000000 -0.751563072 0.357091844 0.021381559 0.008186961 0.021882601 0.007948900
1776849929.698505878 0.624475837 -0.042438235 0.227837652 0.010169711 0.988411307 -0.012258265 0.150961429 -3.807459116 -3.660516500 -13.670498848 0.000000000 0.000000000 -12.000000000 -0.753727913 0.356057465 0.021367554 0.008192206 0.021870039 0.007954834
1776849929.703140974 0.624474406 -0.042438183 0.227836281 0.010169732 0.988411546 -0.012258200 0.150960043 -3.807138681 -3.660132885 -13.672683716 0.000000000 0.000000000 -12.000000000 -0.755871773 0.355020940 0.021353528 0.008197431 0.021857442 0.007960751
1776849929.708311319 0.624473572 -0.042438108 0.227835536 0.010169615 0.988411665 -0.012258236 0.150959328 -3.806828260 -3.659770966 -13.674844742 0.000000000 0.000000000 -12.000000000 -0.757993698 0.353789866 0.021339480 0.008202507 0.021844810 0.007966647
1776849929.713147640 0.624472380 -0.042437956 0.227834433 0.010169555 0.988411844 -0.012258149 0.150958151 -3.806531668 -3.659431934 -13.676977158 0.000000000 0.000000000 -12.000000000 -0.760084152 0.352755189 0.021325419 0.008207696 0.021832142 0.007972526
1776849929.718432188 0.624471962 -0.042437926 0.227833927 0.010169546 0.988411844 -0.012258136 0.150957972 -3.806252718 -3.659116507 -13.679078102 0.000000000 0.000000000 -12.000000000 -0.762142181 0.351719618 0.021311345 0.008212868 0.021819439 0.007978388
1776849929.723412752 0.624475718 -0.042437818 0.227835625 0.010169243 0.988411069 -0.012258253 0.150963098 -3.805995464 -3.658825159 -13.681144714 0.000000000 0.000000000 -12.000000000 -0.764163971 0.350712180 0.021297259 0.008218042 0.021806702 0.007984233
1776849929.730526924 0.624475837 -0.042437740 0.227835268 0.010169469 0.988411009 -0.012258116 0.150963515 -3.805763483 -3.658557892 -13.683176994 0.000000000 0.000000000 -12.000000000 -0.766145706 0.349686652 0.021283170 0.008223185 0.021793934 0.007990061
1776849929.733377218 0.624476492 -0.042437784 0.227835447 0.010169332 0.988410890 -0.012258207 0.150964350 -3.805560112 -3.658314705 -13.685174942 0.000000000 0.000000000 -12.000000000 -0.768088341 0.348922610 0.021269072 0.008228492 0.021781132 0.007995876
1776849929.738384008 0.624476969 -0.042437792 0.227835715 0.010169313 0.988410771 -0.012258191 0.150965199 -3.805388212 -3.658094883 -13.687138557 0.000000000 0.000000000 -12.000000000 -0.769992828 0.347907543 0.021254970 0.008233613 0.021768298 0.008001675
1776849929.743095160 0.624477565 -0.042437747 0.227835685 0.010169332 0.988410652 -0.012258159 0.150965944 -3.805250168 -3.657897949 -13.689070702 0.000000000 0.000000000 -12.000000000 -0.771857262 0.346886754 0.021240864 0.008238714 0.021755435 0.008007457
1776849929.748445511 0.624478400 -0.042437743 0.227835953 0.010169235 0.988410473 -0.012258250 0.150967136 -3.805147171 -3.657723427 -13.690972328 0.000000000 0.000000000 -12.000000000 -0.795918465 0.345789403 0.021211557 0.008243746 0.021742169 0.008013220
1776849929.753195047 0.624479353 -0.042437792 0.227836162 0.010169285 0.988410294 -0.012258285 0.150968432 -3.805080175 -3.657570362 -13.692847252 0.000000000 0.000000000 -12.000000000 -0.797714233 0.345025361 0.021197064 0.008248987 0.021728873 0.008018970
1776849929.758487225 0.624480128 -0.042437825 0.227836370 0.010169271 0.988410115 -0.012258341 0.150969580 -3.805049181 -3.657437801 -13.694696426 0.000000000 0.000000000 -12.000000000 -0.799473763 0.344007522 0.021182565 0.008254041 0.021715548 0.008024703
1776849929.763479948 0.624480605 -0.042437881 0.227836341 0.010169293 0.988409996 -0.012258370 0.150970235 -3.805053711 -3.657325506 -13.696521759 0.000000000 0.000000000 -12.000000000 -0.801203728 0.342989266 0.021168059 0.008259078 0.021702195 0.008030419
1776849929.768517494 0.624481559 -0.042437851 0.227836549 0.010169164 0.988409758 -0.012258415 0.150971606 -3.805092573 -3.657232046 -13.698324203 0.000000000 0.000000000 -12.000000000 -0.802903175 0.341968358 0.021153545 0.008264097 0.021688813 0.008036119
1776849929.773340225 0.624482095 -0.042438008 0.227836549 0.010169219 0.988409638 -0.012258537 0.150972426 -3.805164814 -3.657156467 -13.700104713 0.000000000 0.000000000 -12.000000000 -0.804573059 0.340954483 0.021139022 0.008269105 0.021675404 0.008041802
1776849929.778215408 0.624479413 -0.042438187 0.227834165 0.010169444 0.988410115 -0.012258534 0.150969580 -3.805268288 -3.657098055 -13.701864243 0.000000000 0.000000000 -12.000000000 -0.806216240 0.339914799 0.021124490 0.008274077 0.021661967 0.008047467
1776849929.786406279 0.624478638 -0.042438079 0.227833599 0.010169257 0.988410175 -0.012258528 0.150968835 -3.805401802 -3.657055140 -13.703600883 0.000000000 0.000000000 -12.000000000 -0.785579681 0.338972449 0.021125155 0.008279098 0.021648875 0.008053117
1776849929.788470268 0.624476492 -0.042437978 0.227831513 0.010169322 0.988410473 -0.012258441 0.150966883 -3.805563211 -3.657026529 -13.705315590 0.000000000 0.000000000 -12.000000000 -0.787162781 0.337940216 0.021110980 0.008284043 0.021635756 0.008058749
1776849929.793490410 0.624476492 -0.042437978 0.227831513 0.010169322 0.988410473 -0.012258441 0.150966883 -3.805750847 -3.657010794 -13.707006454 0.000000000 0.000000000 -12.000000000 -0.788716316 0.336926281 0.021096800 0.008288982 0.021622611 0.008064365
1776849929.798175335 0.624475896 -0.042437863 0.227830917 0.010169259 0.988410592 -0.012258399 0.150966436 -3.805963039 -3.657006502 -13.708672523 0.000000000 0.000000000 -12.000000000 -0.790239334 0.335909009 0.021082614 0.008293903 0.021609440 0.008069963
1776849929.803421021 0.624475062 -0.042437803 0.227830112 0.010169256 0.988410711 -0.012258347 0.150965616 -3.806198120 -3.657011986 -13.710313797 0.000000000 0.000000000 -12.000000000 -0.791733742 0.334894717 0.021068422 0.008298808 0.021596245 0.008075545
1776849929.808131695 0.624474287 -0.042437825 0.227829456 0.010169250 0.988410830 -0.012258376 0.150964901 -3.806454659 -3.657025814 -13.711931229 0.000000000 0.000000000 -12.000000000 -0.793198586 0.334228665 0.021054227 0.008303934 0.021583026 0.008081115
1776849929.813505411 0.624474049 -0.042437736 0.227829069 0.010169241 0.988410830 -0.012258314 0.150964811 -3.806730270 -3.657046318 -13.713524818 0.000000000 0.000000000 -12.000000000 -0.794636726 0.332797885 0.021040024 0.008308527 0.021569783 0.008086662
1776849929.818785429 0.624478400 -0.042437486 0.227831006 0.010168902 0.988409936 -0.012258346 0.150970653 -3.807023048 -3.657071352 -13.715098381 0.000000000 0.000000000 -12.000000000 -0.796050072 0.331798732 0.021025816 0.008313391 0.021556515 0.008092192
1776849929.823437452 0.624478817 -0.042437688 0.227830738 0.010169080 0.988409817 -0.012258424 0.150971428 -3.807328939 -3.657099009 -13.716655731 0.000000000 0.000000000 -12.000000000 -0.797444344 0.330795586 0.021011597 0.008318236 0.021543225 0.008097705
1776849929.828435421 0.624480009 -0.042437728 0.227831155 0.010168897 0.988409519 -0.012258579 0.150973186 -3.807644367 -3.657127619 -13.718200684 0.000000000 0.000000000 -12.000000000 -0.821096420 0.330331504 0.020982143 0.008323433 0.021529540 0.008103211
1776849929.833402634 0.624481320 -0.042437658 0.227831602 0.010168856 0.988409281 -0.012258538 0.150974914 -3.807963610 -3.657154560 -13.719740868 0.000000000 0.000000000 -12.000000000 -0.822473526 0.329327345 0.020967517 0.008328252 0.021515833 0.008108701
1776849929.838471889 0.624482989 -0.042437796 0.227832049 0.010168965 0.988408923 -0.012258591 0.150977194 -3.808280945 -3.657178640 -13.721281052 0.000000000 0.000000000 -12.000000000 -0.823850632 0.328327179 0.020952867 0.008333058 0.021502102 0.008114173
1776849929.843908310 0.624485075 -0.042437825 0.227832705 0.010168976 0.988408506 -0.012258674 0.150979981 -3.808589697 -3.657197714 -13.722828865 0.000000000 0.000000000 -12.000000000 -0.825237274 0.327323347 0.020938190 0.008337844 0.021488348 0.008119629
1776849929.848179579 0.624486744 -0.042437963 0.227833122 0.010168788 0.988408148 -0.012258865 0.150982216 -3.808882952 -3.657210112 -13.724390984 0.000000000 0.000000000 -12.000000000 -0.826642036 0.326319873 0.020923475 0.008342614 0.021474570 0.008125068
1776849929.853374958 0.624488175 -0.042438220 0.227833390 0.010169025 0.988407850 -0.012258983 0.150984317 -3.809153795 -3.657214403 -13.725974083 0.000000000 0.000000000 -12.000000000 -0.828072548 0.325321168 0.020908721 0.008347371 0.021460770 0.008130490
1776849929.858117580 0.624485910 -0.042438116 0.227831125 0.010169033 0.988408208 -0.012258892 0.150981858 -3.809396267 -3.657209158 -13.727581978 0.000000000 0.000000000 -12.000000000 -0.829533577 0.324278772 0.020893920 0.008352080 0.021446943 0.008135894
1776849929.863304853 0.624485373 -0.042438209 0.227830648 0.010168975 0.988408267 -0.012258976 0.150981352 -3.809604406 -3.657193184 -13.729219437 0.000000000 0.000000000 -12.000000000 -0.831032753 0.323274851 0.020879071 0.008356798 0.021433093 0.008141282
1776849929.868088007 0.624484777 -0.042438276 0.227830052 0.010169057 0.988408327 -0.012259005 0.150980964 -3.809774160 -3.657165766 -13.730888367 0.000000000 0.000000000 -12.000000000 -0.832571030 0.322267652 0.020864168 0.008361498 0.021419216 0.008146653
1776849929.873415470 0.624483645 -0.042438168 0.227829069 0.010169020 0.988408506 -0.012258948 0.150979936 -3.809902430 -3.657125711 -13.732591629 0.000000000 0.000000000 -12.000000000 -0.834155083 0.321253747 0.020849209 0.008366176 0.021405313 0.008152007
1776849929.878437281 0.624483168 -0.042438131 0.227828443 0.010169017 0.988408566 -0.012258914 0.150979519 -3.809986591 -3.657072544 -13.734327316 0.000000000 0.000000000 -12.000000000 -0.835781097 0.320250690 0.020834196 0.008370845 0.021391384 0.008157345
1776849929.883568287 0.624482453 -0.042438012 0.227827758 0.010168898 0.988408685 -0.012258868 0.150978774 -3.810026169 -3.657006025 -13.736097336 0.000000000 0.000000000 -12.000000000 -0.837450981 0.319246054 0.020819128 0.008375496 0.021377428 0.008162665
1776849929.888150454 0.624481857 -0.042437911 0.227827281 0.010168818 0.988408804 -0.012258887 0.150978163 -3.810021162 -3.656926394 -13.737897873 0.000000000 0.000000000 -12.000000000 -0.839160919 0.318243802 0.020804001 0.008380132 0.021363441 0.008167969
1776849929.893102646 0.624481082 -0.042437986 0.227826774 0.010168899 0.988408864 -0.012258882 0.150977567 -3.809972048 -3.656833649 -13.739728928 0.000000000 0.000000000 -12.000000000 -0.840913773 0.317250729 0.020788817 0.008384757 0.021349426 0.008173256
1776849929.898126602 0.624480128 -0.042437822 0.227825671 0.010168909 0.988409042 -0.012258751 0.150976539 -3.809879780 -3.656728745 -13.741588593 0.000000000 0.000000000 -12.000000000 -0.820400238 0.316341966 0.020788819 0.008389423 0.021335753 0.008178528
1776849929.903618097 0.624479115 -0.042437796 0.227824777 0.010168931 0.988409162 -0.012258714 0.150975704 -3.809745073 -3.656612635 -13.743474007 0.000000000 0.000000000 -12.000000000 -0.822226524 0.315342814 0.020773899 0.008394012 0.021322049 0.008183784
1776849929.908160925 0.624477863 -0.042437769 0.227823734 0.010168872 0.988409340 -0.012258737 0.150974542 -3.809569120 -3.656487226 -13.745385170 0.000000000 0.000000000 -12.000000000 -0.824087143 0.314341336 0.020758923 0.008398583 0.021308314 0.008189023
1776849929.914019823 0.624476671 -0.042437658 0.227822572 0.010168834 0.988409519 -0.012258674 0.150973395 -3.809352160 -3.656355143 -13.747316360 0.000000000 0.000000000 -12.000000000 -0.825980186 0.312836766 0.020743893 0.008402794 0.021294547 0.008194236
1776849929.918452263 0.624475360 -0.042437438 0.227821350 0.010168826 0.988409698 -0.012258485 0.150972247 -3.809095144 -3.656219721 -13.749265671 0.000000000 0.000000000 -12.000000000 -0.827900887 0.311831355 0.020728815 0.008407321 0.021280749 0.008199433
1776849929.923264980 0.624474645 -0.042437427 0.227820307 0.010168890 0.988409758 -0.012258438 0.150971711 -3.808798790 -3.656085253 -13.751222610 0.000000000 0.000000000 -12.000000000 -0.829841614 0.310826600 0.020713691 0.008411830 0.021266919 0.008204613
1776849929.928373098 0.624481082 -0.042437240 0.227822721 0.010168493 0.988408446 -0.012258586 0.150980517 -3.808464050 -3.655956745 -13.753176689 0.000000000 0.000000000 -12.000000000 -0.831791878 0.309840858 0.020698527 0.008416338 0.021253055 0.008209777
1776849929.933113337 0.624484241 -0.042437516 0.227823079 0.010168504 0.988407731 -0.012258871 0.150984958 -3.808092356 -3.655839682 -13.755115509 0.000000000 0.000000000 -12.000000000 -0.856047630 0.308736265 0.020668089 0.008420747 0.021238787 0.008214923
1776849929.938135862 0.624486923 -0.042437457 0.227823645 0.010168332 0.988407195 -0.012258968 0.150988623 -3.807684422 -3.655740023 -13.757022858 0.000000000 0.000000000 -12.000000000 -0.857976913 0.307733446 0.020652503 0.008425207 0.021224488 0.008220051
1776849929.943232059 0.624487758 -0.042437442 0.227823913 0.010168315 0.988407016 -0.012258944 0.150989786 -3.807240725 -3.655664444 -13.758879662 0.000000000 0.000000000 -12.000000000 -0.859869957 0.305982053 0.020636911 0.008429140 0.021210156 0.008225151
1776849929.948382378 0.624486744 -0.042437591 0.227823317 0.010168375 0.988407135 -0.012259016 0.150988743 -3.806758642 -3.655618906 -13.760669708 0.000000000 0.000000000 -12.000000000 -0.861713409 0.304975957 0.020621320 0.008433552 0.021195795 0.008230234
1776849929.953383684 0.624484777 -0.042437315 0.227821767 0.010168319 0.988407493 -0.012258869 0.150986612 -3.806230783 -3.655609369 -13.762380600 0.000000000 0.000000000 -12.000000000 -0.863496780 0.304078698 0.020605739 0.008438022 0.021181405 0.008235303
1776849929.959091663 0.624479949 -0.042437106 0.227818340 0.010168365 0.988408267 -0.012258655 0.150981456 -3.805642605 -3.655641794 -13.764000893 0.000000000 0.000000000 -12.000000000 -0.842906952 0.303148746 0.020605419 0.008442454 0.021167357 0.008240355
1776849929.963167906 0.624459624 -0.042436391 0.227803379 0.010168554 0.988411546 -0.012257889 0.150959939 -3.804967642 -3.655721426 -13.765530586 0.000000000 0.000000000 -12.000000000 -0.847813606 0.302472711 0.020588018 0.008447045 0.021153226 0.008245396
1776849929.968250990 0.624459624 -0.042436391 0.227803379 0.010168554 0.988411546 -0.012257889 0.150959939 -3.804166794 -3.655853033 -13.766977310 0.000000000 0.000000000 -12.000000000 -0.849439621 0.301299691 0.020572776 0.008451285 0.021139069 0.008250418
1776849929.973217249 0.624447882 -0.042435747 0.227793992 0.010168475 0.988413393 -0.012257353 0.150947988 -3.803184986 -3.656041145 -13.768362045 0.000000000 0.000000000 -12.000000000 -0.851064682 0.300202459 0.020557508 0.008455556 0.021124884 0.008255421
1776849929.978407145 0.624434948 -0.042434882 0.227783173 0.010168307 0.988415360 -0.012256783 0.150935262 -3.801949978 -3.656289101 -13.769720078 0.000000000 0.000000000 -12.000000000 -0.852745056 0.299094558 0.020542176 0.008459803 0.021110673 0.008260407
1776849929.983238459 0.624421537 -0.042434148 0.227771819 0.010168377 0.988417327 -0.012256161 0.150922403 -3.800371408 -3.656599045 -13.771099091 0.000000000 0.000000000 -12.000000000 -0.854552269 0.298007250 0.020526730 0.008464045 0.021096431 0.008265373
1776849929.988188982 0.624412298 -0.042433545 0.227763563 0.010168170 0.988418460 -0.012255854 0.150914922 -3.798342705 -3.656972170 -13.772565842 0.000000000 0.000000000 -12.000000000 -0.856582642 0.296974391 0.020511098 0.008468307 0.021082154 0.008270323
1776849929.993102789 0.624403417 -0.042434350 0.227755457 0.010168410 0.988419533 -0.012256405 0.150907949 -3.795741320 -3.657407999 -13.774197578 0.000000000 0.000000000 -12.000000000 -0.858945847 0.296006978 0.020495206 0.008472594 0.021067837 0.008275256
1776849929.998147964 0.624394536 -0.042433638 0.227747530 0.010168212 0.988420725 -0.012256022 0.150900349 -3.792432785 -3.657904625 -13.776089668 0.000000000 0.000000000 -12.000000000 -0.861772537 0.294998169 0.020478960 0.008476838 0.021053474 0.008280173
1776849930.003215551 0.624390900 -0.042433579 0.227743655 0.010168210 0.988420963 -0.012256018 0.150898501 -3.788275003 -3.658457756 -13.778342247 0.000000000 0.000000000 -12.000000000 -0.865199089 0.294074655 0.020462254 0.008481124 0.021039054 0.008285074
1776849930.008166313 0.624389648 -0.042433649 0.227742046 0.010168187 0.988420963 -0.012256118 0.150898710 -3.783124685 -3.659061432 -13.781065941 0.000000000 0.000000000 -12.000000000 -0.869375229 0.293761641 0.020444980 0.008485812 0.021024564 0.008289970
1776849930.013286829 0.624389589 -0.042433623 0.227741480 0.010168159 0.988420844 -0.012256150 0.150899604 -3.776840687 -3.659707546 -13.784369469 0.000000000 0.000000000 -12.000000000 -0.874443054 0.292026967 0.020427030 0.008489522 0.021009991 0.008294838
1776849930.018540859 0.624391198 -0.042433798 0.227742255 0.010168177 0.988420427 -0.012256340 0.150902197 -3.769291878 -3.660385609 -13.788359642 0.000000000 0.000000000 -12.000000000 -0.880543709 0.291145205 0.020408286 0.008493787 0.020995315 0.008299690
1776849930.023093700 0.624393821 -0.042433832 0.227742940 0.010167919 0.988419890 -0.012256554 0.150905654 -3.760360479 -3.661082745 -13.793136597 0.000000000 0.000000000 -12.000000000 -0.887805939 0.291156948 0.020388648 0.008498646 0.020980518 0.008304542
1776849930.028292656 0.624396741 -0.042433821 0.227743715 0.010167779 0.988419294 -0.012256661 0.150909662 -3.749947309 -3.661785126 -13.798787117 0.000000000 0.000000000 -12.000000000 -0.896342278 0.289816022 0.020368019 0.008502582 0.020965580 0.008309372
1776849930.033149242 0.624399602 -0.042434011 0.227744162 0.010167751 0.988418698 -0.012256886 0.150913507 -3.737975359 -3.662476063 -13.805385590 0.000000000 0.000000000 -12.000000000 -0.906243324 0.288882494 0.020346314 0.008506775 0.020950476 0.008314187
1776849930.038161516 0.624402881 -0.042434134 0.227744550 0.010167621 0.988418043 -0.012257056 0.150917754 -3.724391460 -3.663138628 -13.812989235 0.000000000 0.000000000 -12.000000000 -0.917576790 0.288405210 0.020323465 0.008511264 0.020935183 0.008318993
1776849930.043463230 0.624407768 -0.042434402 0.227745414 0.010167652 0.988417029 -0.012257305 0.150924146 -3.709169149 -3.663754225 -13.821635246 0.000000000 0.000000000 -12.000000000 -0.930388451 0.287458181 0.020299418 0.008515423 0.020919677 0.008323784
1776849930.048361063 0.624413490 -0.042434566 0.227746665 0.010167444 0.988415897 -0.012257589 0.150931790 -3.692307949 -3.664304733 -13.831347466 0.000000000 0.000000000 -12.000000000 -0.944696426 0.286498517 0.020274134 0.008519558 0.020903932 0.008328559
1776849930.053387880 0.624419451 -0.042434968 0.227748275 0.010167409 0.988414645 -0.012257975 0.150939777 -3.673834324 -3.664771318 -13.842125893 0.000000000 0.000000000 -12.000000000 -0.960490227 0.285544217 0.020247597 0.008523681 0.020887924 0.008333318
1776849930.058474541 0.624425232 -0.042435132 0.227749884 0.010167266 0.988413513 -0.012258249 0.150947496 -3.653800964 -3.665136099 -13.853956223 0.000000000 0.000000000 -12.000000000 -0.977742195 0.284747928 0.020219799 0.008527895 0.020871628 0.008338064
1776849930.063570023 0.624430299 -0.042435460 0.227751225 0.010167317 0.988412440 -0.012258559 0.150954336 -3.632284164 -3.665381908 -13.866801262 0.000000000 0.000000000 -12.000000000 -0.996390343 0.283776611 0.020190760 0.008531977 0.020855021 0.008342793
1776849930.068522692 0.624434173 -0.042435609 0.227752209 0.010167192 0.988411605 -0.012258752 0.150959685 -3.609384060 -3.665492773 -13.880606651 0.000000000 0.000000000 -12.000000000 -1.016354561 0.283045113 0.020160513 0.008536207 0.020838082 0.008347510
1776849930.073460340 0.624436855 -0.042435754 0.227752924 0.010167133 0.988411009 -0.012258985 0.150963470 -3.585219622 -3.665454865 -13.895299911 0.000000000 0.000000000 -12.000000000 -1.037527084 0.282056987 0.020129105 0.008540249 0.020820789 0.008352212
1776849930.078125954 0.624438167 -0.042435717 0.227753103 0.010167075 0.988410711 -0.012258977 0.150965437 -3.559926987 -3.665254831 -13.910793304 0.000000000 0.000000000 -12.000000000 -1.059782982 0.281062603 0.020096604 0.008544271 0.020803126 0.008356896
1776849930.083101988 0.624437749 -0.042435814 0.227752507 0.010167063 0.988410711 -0.012259082 0.150965452 -3.533655405 -3.664881945 -13.926982880 0.000000000 0.000000000 -12.000000000 -1.082978249 0.280065715 0.020063091 0.008548275 0.020785077 0.008361564
1776849930.088133335 0.624435961 -0.042435661 0.227750987 0.010167082 0.988411009 -0.012258988 0.150963828 -3.506562948 -3.664326429 -13.943754196 0.000000000 0.000000000 -12.000000000 -1.106956482 0.279055893 0.020028656 0.008552252 0.020766627 0.008366215
1776849930.093099117 0.624433339 -0.042435776 0.227748692 0.010167120 0.988411367 -0.012259022 0.150961399 -3.478812456 -3.663580656 -13.960982323 0.000000000 0.000000000 -12.000000000 -1.131549835 0.278051883 0.019993402 0.008556217 0.020747768 0.008370849
1776849930.098097801 0.624429941 -0.042435586 0.227745771 0.010167074 0.988411844 -0.012258903 0.150958166 -3.450567722 -3.662638187 -13.978536606 0.000000000 0.000000000 -12.000000000 -1.156583786 0.277036041 0.019957436 0.008560157 0.020728491 0.008375467
1776849930.103072882 0.624426246 -0.042435501 0.227742374 0.010167160 0.988412380 -0.012258765 0.150954738 -3.421990395 -3.661494017 -13.996284485 0.000000000 0.000000000 -12.000000000 -1.181883812 0.276028752 0.019920871 0.008564087 0.020708794 0.008380068
1776849930.108363390 0.624423027 -0.042435318 0.227739424 0.010167116 0.988412857 -0.012258682 0.150951743 -3.393236637 -3.660144329 -14.014092445 0.000000000 0.000000000 -12.000000000 -1.207278252 0.275033921 0.019883819 0.008568007 0.020688672 0.008384652
1776849930.113086700 0.624420166 -0.042435206 0.227736712 0.010167156 0.988413274 -0.012258550 0.150948972 -3.364454031 -3.658586979 -14.031829834 0.000000000 0.000000000 -12.000000000 -1.232594490 0.274055868 0.019846398 0.008571923 0.020668129 0.008389219
1776849930.118257999 0.624417961 -0.042435125 0.227734715 0.010167031 0.988413572 -0.012258540 0.150946975 -3.335780621 -3.656820297 -14.049373627 0.000000000 0.000000000 -12.000000000 -1.257678986 0.273091167 0.019808713 0.008575831 0.020647166 0.008393770
1776849930.123118877 0.624416351 -0.042435054 0.227733195 0.010167103 0.988413811 -0.012258467 0.150945470 -3.307343721 -3.654844046 -14.066608429 0.000000000 0.000000000 -12.000000000 -1.282381058 0.271948516 0.019770872 0.008579602 0.020625792 0.008398303
1776849930.128104448 0.624415278 -0.042435024 0.227732241 0.010167126 0.988413930 -0.012258422 0.150944471 -3.279257774 -3.652658939 -14.083427429 0.000000000 0.000000000 -12.000000000 -1.306565285 0.271003723 0.019732973 0.008583489 0.020604016 0.008402820
1776849930.133084536 0.624414623 -0.042434968 0.227731586 0.010167005 0.988414049 -0.012258436 0.150943875 -3.251625061 -3.650267124 -14.099737167 0.000000000 0.000000000 -12.000000000 -1.330113411 0.270061016 0.019695105 0.008587361 0.020581847 0.008407321
1776849930.138453245 0.624414206 -0.042434871 0.227731198 0.010167004 0.988414109 -0.012258400 0.150943518 -3.224535227 -3.647672176 -14.115454674 0.000000000 0.000000000 -12.000000000 -1.352919579 0.269118786 0.019657351 0.008591219 0.020559298 0.008411806
1776849930.143148422 0.624414206 -0.042434938 0.227731079 0.010167060 0.988414109 -0.012258406 0.150943488 -3.198065758 -3.644879580 -14.130511284 0.000000000 0.000000000 -12.000000000 -1.374897003 0.268183708 0.019619785 0.008595064 0.020536384 0.008416275
1776849930.148088932 0.624413967 -0.042434812 0.227730781 0.010166881 0.988414109 -0.012258386 0.150943339 -3.172282457 -3.641895771 -14.144848824 0.000000000 0.000000000 -12.000000000 -1.395968437 0.267233759 0.019582471 0.008598885 0.020513117 0.008420729
1776849930.153386354 0.624413490 -0.042434786 0.227730453 0.010166906 0.988414168 -0.012258371 0.150942922 -3.147239685 -3.638729572 -14.158422470 0.000000000 0.000000000 -12.000000000 -1.416078568 0.266286522 0.019545464 0.008602691 0.020489516 0.008425167
1776849930.158150911 0.624413311 -0.042434901 0.227730095 0.010167001 0.988414168 -0.012258432 0.150942862 -3.122982502 -3.635391235 -14.171196938 0.000000000 0.000000000 -12.000000000 -1.435180664 0.265343606 0.019508809 0.008606485 0.020465596 0.008429590
1776849930.163385153 0.624413073 -0.042434726 0.227729619 0.010166850 0.988414228 -0.012258391 0.150942579 -3.099546909 -3.631893635 -14.183147430 0.000000000 0.000000000 -12.000000000 -1.453239441 0.264385462 0.019472549 0.008610252 0.020441376 0.008433996
1776849930.168179750 0.624413192 -0.042434689 0.227729440 0.010166755 0.988414168 -0.012258401 0.150943011 -3.076962233 -3.628250360 -14.194253922 0.000000000 0.000000000 -12.000000000 -1.470232010 0.263436615 0.019436717 0.008614010 0.020416873 0.008438386
1776849930.173438311 0.624413729 -0.042434670 0.227729380 0.010166713 0.988414049 -0.012258431 0.150943905 -3.055251360 -3.624477386 -14.204504013 0.000000000 0.000000000 -12.000000000 -1.486138344 0.262488604 0.019401344 0.008617753 0.020392103 0.008442760
1776849930.178340673 0.624415040 -0.042434696 0.227729678 0.010166674 0.988413751 -0.012258478 0.150945649 -3.034433842 -3.620591879 -14.213889122 0.000000000 0.000000000 -12.000000000 -1.500945091 0.262474954 0.019366458 0.008622118 0.020367088 0.008447135
1776849930.183534861 0.624416828 -0.042434864 0.227730155 0.010166707 0.988413393 -0.012258606 0.150948107 -3.014525414 -3.616612196 -14.222401619 0.000000000 0.000000000 -12.000000000 -1.514644623 0.261538714 0.019332081 0.008625853 0.020341843 0.008451493
1776849930.188181400 0.624419272 -0.042434976 0.227730811 0.010166679 0.988412917 -0.012258741 0.150951385 -2.995540380 -3.612557411 -14.230036736 0.000000000 0.000000000 -12.000000000 -1.527228355 0.260597646 0.019298239 0.008629569 0.020316390 0.008455837
1776849930.193346739 0.624421954 -0.042435188 0.227731645 0.010166703 0.988412321 -0.012258918 0.150954992 -2.977492809 -3.608447790 -14.236785889 0.000000000 0.000000000 -12.000000000 -1.538684845 0.259660393 0.019264955 0.008633272 0.020290745 0.008460165
1776849930.198152781 0.624425054 -0.042435117 0.227732509 0.010166569 0.988411665 -0.012258996 0.150959209 -2.960396051 -3.604303360 -14.242640495 0.000000000 0.000000000 -12.000000000 -1.549005508 0.258665442 0.019232258 0.008636920 0.020264929 0.008464476
1776849930.203479767 0.624429464 -0.042435352 0.227733791 0.010166384 0.988410830 -0.012259322 0.150965005 -2.944264889 -3.600144863 -14.247589111 0.000000000 0.000000000 -12.000000000 -1.558174133 0.257726371 0.019200178 0.008640589 0.020238960 0.008468771
1776849930.208528280 0.624434769 -0.042435575 0.227735281 0.010166298 0.988409698 -0.012259607 0.150972068 -2.929115057 -3.595992565 -14.251616478 0.000000000 0.000000000 -12.000000000 -1.566176414 0.258389175 0.019168740 0.008645337 0.020212857 0.008473078
1776849930.213295698 0.624441028 -0.042435829 0.227737069 0.010166283 0.988408446 -0.012259861 0.150980279 -2.914964199 -3.591867208 -14.254703522 0.000000000 0.000000000 -12.000000000 -1.572987556 0.257453710 0.019137982 0.008649005 0.020186640 0.008477368
1776849930.218163490 0.624448180 -0.042436086 0.227739125 0.010166049 0.988407016 -0.012260284 0.150989711 -2.901830912 -3.587788582 -14.256830215 0.000000000 0.000000000 -12.000000000 -1.578587532 0.256512672 0.019107938 0.008652652 0.020160330 0.008481643
1776849930.223183155 0.624456584 -0.042436391 0.227741599 0.010165932 0.988405287 -0.012260721 0.151000872 -2.889736414 -3.583776474 -14.257971764 0.000000000 0.000000000 -12.000000000 -1.582944870 0.255574316 0.019078651 0.008656286 0.020133948 0.008485903
1776849930.228295088 0.624465883 -0.042436965 0.227744341 0.010165865 0.988403440 -0.012261253 0.151013210 -2.878702879 -3.579849958 -14.258100510 0.000000000 0.000000000 -12.000000000 -1.586030960 0.254644156 0.019050159 0.008659909 0.020107513 0.008490147
1776849930.233204365 0.624475539 -0.042437445 0.227747232 0.010165825 0.988401473 -0.012261773 0.151026025 -2.868752718 -3.576027632 -14.257186890 0.000000000 0.000000000 -12.000000000 -1.587811470 0.253706425 0.019022509 0.008663513 0.020081051 0.008494375
1776849930.238418341 0.624485731 -0.042438023 0.227750391 0.010165774 0.988399386 -0.012262351 0.151039571 -2.859909058 -3.572327614 -14.255198479 0.000000000 0.000000000 -12.000000000 -1.583425522 0.252114117 0.018999044 0.008666653 0.020054661 0.008498577
1776849930.243542910 0.624495566 -0.042438578 0.227753282 0.010165615 0.988397360 -0.012262946 0.151052713 -2.852194786 -3.568767071 -14.252102852 0.000000000 0.000000000 -12.000000000 -1.582475662 0.251171261 0.018973302 0.008670211 0.020028286 0.008502764
1776849930.248450518 0.624504387 -0.042438984 0.227755815 0.010165544 0.988395572 -0.012263392 0.151064545 -2.845630884 -3.565363169 -14.247865677 0.000000000 0.000000000 -12.000000000 -1.599113464 0.250012934 0.018935557 0.008673606 0.020001633 0.008506930
1776849930.253385544 0.624512255 -0.042439476 0.227757782 0.010165595 0.988393903 -0.012263849 0.151075169 -2.840235710 -3.562131405 -14.242451668 0.000000000 0.000000000 -12.000000000 -1.595267296 0.249056101 0.018911535 0.008677118 0.019975046 0.008511081
1776849930.258510590 0.624518514 -0.042439658 0.227759212 0.010165375 0.988392591 -0.012264168 0.151083872 -2.836025238 -3.559087992 -14.235827446 0.000000000 0.000000000 -12.000000000 -1.589936256 0.248084396 0.018888589 0.008680606 0.019948546 0.008515216
1776849930.263510227 0.624523342 -0.042439863 0.227759987 0.010165380 0.988391519 -0.012264375 0.151090771 -2.833010435 -3.556247234 -14.227961540 0.000000000 0.000000000 -12.000000000 -1.583089828 0.247114569 0.018866768 0.008684078 0.019922161 0.008519335
1776849930.268498182 0.624520719 -0.042438522 0.227756858 0.010164626 0.988391936 -0.012263779 0.151088372 -2.831198215 -3.553623438 -14.218822479 0.000000000 0.000000000 -12.000000000 -1.574696541 0.246054053 0.018846119 0.008687471 0.019895917 0.008523435
1776849930.273492098 0.624519348 -0.042438835 0.227755308 0.010165084 0.988392055 -0.012263772 0.151087329 -2.830589294 -3.551230431 -14.208384514 0.000000000 0.000000000 -12.000000000 -1.564732552 0.245102704 0.018826682 0.008690922 0.019869838 0.008527520
1776849930.278425932 0.624514163 -0.042438854 0.227750778 0.010165248 0.988392889 -0.012263620 0.151081875 -2.831178427 -3.549080610 -14.196626663 0.000000000 0.000000000 -12.000000000 -1.553180695 0.244182140 0.018808497 0.008694378 0.019843951 0.008531590
1776849930.283374071 0.624511003 -0.042438373 0.227748066 0.010165175 0.988393366 -0.012263312 0.151079014 -2.832953453 -3.547185659 -14.183532715 0.000000000 0.000000000 -12.000000000 -1.540030479 0.243210644 0.018791597 0.008697784 0.019818284 0.008535643
1776849930.288373709 0.624507964 -0.042438246 0.227745175 0.010165265 0.988393784 -0.012263182 0.151076332 -2.835894346 -3.545555830 -14.169095039 0.000000000 0.000000000 -12.000000000 -1.525280952 0.242260262 0.018776009 0.008701188 0.019792862 0.008539680
1776849930.293417692 0.624504507 -0.042438120 0.227742046 0.010165157 0.988394260 -0.012263127 0.151072949 -2.839972496 -3.544200182 -14.153315544 0.000000000 0.000000000 -12.000000000 -1.495251656 0.241790608 0.018771108 0.008704904 0.019767942 0.008543710
1776849930.298564672 0.624501884 -0.042438004 0.227739573 0.010165026 0.988394618 -0.012263096 0.151070580 -2.845151663 -3.543126106 -14.136207581 0.000000000 0.000000000 -12.000000000 -1.477348328 0.240865856 0.018758420 0.008708302 0.019743320 0.008547724
1776849930.303460836 0.624499381 -0.042437766 0.227737159 0.010165013 0.988395035 -0.012262938 0.151068211 -2.851386309 -3.542339325 -14.117797852 0.000000000 0.000000000 -12.000000000 -1.452761650 0.239693671 0.018750599 0.008711514 0.019719107 0.008551719
1776849930.308246374 0.624497175 -0.042437669 0.227735221 0.010165052 0.988395333 -0.012262854 0.151066169 -2.858623028 -3.541843414 -14.098125458 0.000000000 0.000000000 -12.000000000 -1.431854248 0.238791525 0.018740673 0.008714893 0.019695243 0.008555698
1776849930.313453197 0.624495625 -0.042437721 0.227733910 0.010165123 0.988395512 -0.012262825 0.151064783 -2.866800547 -3.541640997 -14.077242851 0.000000000 0.000000000 -12.000000000 -1.409540176 0.237906173 0.018732058 0.008718267 0.019671751 0.008559663
1776849930.318308592 0.624494553 -0.042437412 0.227732658 0.010164948 0.988395691 -0.012262697 0.151063815 -2.875849724 -3.541731596 -14.055218697 0.000000000 0.000000000 -12.000000000 -1.390794754 0.237672254 0.018721374 0.008722072 0.019648571 0.008563624
1776849930.323512316 0.624498785 -0.042437594 0.227734625 0.010164882 0.988394797 -0.012262944 0.151069611 -2.885695219 -3.542114019 -14.032132149 0.000000000 0.000000000 -12.000000000 -1.361043930 0.236162141 0.018718524 0.008725001 0.019625887 0.008567560
1776849930.328391552 0.624498129 -0.042437479 0.227733821 0.010164850 0.988394856 -0.012262878 0.151069045 -2.896255493 -3.542784452 -14.008077621 0.000000000 0.000000000 -12.000000000 -1.335073471 0.235269427 0.018713588 0.008728326 0.019603636 0.008571480
1776849930.333436012 0.624497890 -0.042436875 0.227733523 0.010164362 0.988394916 -0.012262709 0.151068702 -2.907444000 -3.543738127 -13.983157158 0.000000000 0.000000000 -12.000000000 -1.308115959 0.234151155 0.018709756 0.008731483 0.019581834 0.008575383
1776849930.338392735 0.624498129 -0.042436916 0.227733582 0.010164602 0.988394856 -0.012262632 0.151069120 -2.919169903 -3.544968128 -13.957485199 0.000000000 0.000000000 -12.000000000 -1.280306816 0.233276039 0.018706957 0.008734789 0.019560495 0.008579271
1776849930.343417168 0.624497652 -0.042436995 0.227732986 0.010164594 0.988394916 -0.012262637 0.151068732 -2.931338549 -3.546467066 -13.931181908 0.000000000 0.000000000 -12.000000000 -1.251785278 0.232388496 0.018705109 0.008738070 0.019539632 0.008583144
1776849930.348591328 0.624501288 -0.042437959 0.227734387 0.010164942 0.988394141 -0.012263236 0.151073679 -2.943852425 -3.548225641 -13.904373169 0.000000000 0.000000000 -12.000000000 -1.227893829 0.231814623 0.018700572 0.008741550 0.019519167 0.008587007
1776849930.353316784 0.624498904 -0.042436693 0.227731884 0.010163984 0.988394558 -0.012262844 0.151071221 -2.956611156 -3.550233841 -13.877191544 0.000000000 0.000000000 -12.000000000 -1.198408127 0.230393231 0.018700255 0.008744443 0.019499194 0.008590847
1776849930.358165741 0.624498010 -0.042437073 0.227731198 0.010164316 0.988394678 -0.012262909 0.151070446 -2.969514132 -3.552480936 -13.849767685 0.000000000 0.000000000 -12.000000000 -1.163464546 0.229257405 0.018704159 0.008747507 0.019479802 0.008594668
1776849930.363561153 0.624496937 -0.042436805 0.227730215 0.010164364 0.988394797 -0.012262678 0.151069537 -2.982460022 -3.554955006 -13.822235107 0.000000000 0.000000000 -12.000000000 -1.138561249 0.229052261 0.018701784 0.008751187 0.019460825 0.008598486
1776849930.368193388 0.624495685 -0.042436786 0.227728933 0.010164353 0.988394976 -0.012262678 0.151068285 -2.995348692 -3.557644367 -13.794727325 0.000000000 0.000000000 -12.000000000 -1.108783722 0.228159890 0.018703157 0.008754395 0.019442346 0.008602289
1776849930.373657465 0.624494314 -0.042436853 0.227727771 0.010164456 0.988395214 -0.012262655 0.151067108 -3.008081436 -3.560536146 -13.767372131 0.000000000 0.000000000 -12.000000000 -1.079214096 0.227275759 0.018704882 0.008757593 0.019424358 0.008606076
1776849930.378108501 0.624493718 -0.042437226 0.227727085 0.010164741 0.988395274 -0.012262774 0.151066586 -3.020561695 -3.563617229 -13.740300179 0.000000000 0.000000000 -12.000000000 -1.050005913 0.226414084 0.018706854 0.008760793 0.019406859 0.008609850
1776849930.383195877 0.624492168 -0.042437017 0.227725774 0.010164652 0.988395452 -0.012262658 0.151065141 -3.032695293 -3.566874027 -13.713633537 0.000000000 0.000000000 -12.000000000 -1.021302223 0.225519389 0.018708970 0.008763955 0.019389838 0.008613609
1776849930.388374329 0.624490678 -0.042436719 0.227724373 0.010164279 0.988395691 -0.012262663 0.151063725 -3.044391632 -3.570292234 -13.687494278 0.000000000 0.000000000 -12.000000000 -0.993242264 0.224624157 0.018711124 0.008767102 0.019373285 0.008617353
1776849930.393191099 0.624492586 -0.042437904 0.227725178 0.010164862 0.988395274 -0.012263256 0.151066512 -3.055563688 -3.573858023 -13.661996841 0.000000000 0.000000000 -12.000000000 -0.965960503 0.223409772 0.018713212 0.008770016 0.019357186 0.008621076
1776849930.398406744 0.624491870 -0.042437594 0.227724254 0.010164544 0.988395393 -0.012263203 0.151065797 -3.066128731 -3.577556849 -13.637252808 0.000000000 0.000000000 -12.000000000 -0.939589500 0.222519830 0.018715134 0.008773131 0.019341527 0.008624785
1776849930.403239250 0.624491334 -0.042437635 0.227723807 0.010164652 0.988395452 -0.012263200 0.151065379 -3.076009035 -3.581374168 -13.613366127 0.000000000 0.000000000 -12.000000000 -0.914245605 0.221655637 0.018716792 0.008776249 0.019326288 0.008628479
1776849930.408085108 0.624491155 -0.042437620 0.227723628 0.010164646 0.988395452 -0.012263202 0.151065230 -3.085131884 -3.585296392 -13.590434074 0.000000000 0.000000000 -12.000000000 -0.890045166 0.220791876 0.018718090 0.008779353 0.019311454 0.008632159
1776849930.413199425 0.624490619 -0.042437583 0.227723062 0.010164644 0.988395512 -0.012263166 0.151064739 -3.093430996 -3.589309216 -13.568548203 0.000000000 0.000000000 -12.000000000 -0.867092133 0.219924808 0.018718941 0.008782441 0.019297002 0.008635825
1776849930.418166876 0.624490321 -0.042437702 0.227722794 0.010164586 0.988395572 -0.012263266 0.151064575 -3.100845575 -3.593399525 -13.547788620 0.000000000 0.000000000 -12.000000000 -0.845479012 0.219067127 0.018719258 0.008785520 0.019282911 0.008639475
1776849930.423158646 0.624490023 -0.042437829 0.227722466 0.010164747 0.988395572 -0.012263300 0.151064336 -3.107321978 -3.597553968 -13.528230667 0.000000000 0.000000000 -12.000000000 -0.825295448 0.218399495 0.018718958 0.008788714 0.019269155 0.008643115
1776849930.428338289 0.624489546 -0.042437680 0.227721930 0.010164600 0.988395691 -0.012263251 0.151063874 -3.112812757 -3.601759911 -13.509936333 0.000000000 0.000000000 -12.000000000 -0.806611061 0.217653617 0.018717973 0.008791845 0.019255713 0.008646742
1776849930.433120012 0.624488711 -0.042437635 0.227721244 0.010164595 0.988395810 -0.012263215 0.151063129 -3.117277861 -3.606005192 -13.492961884 0.000000000 0.000000000 -12.000000000 -0.789489746 0.216792703 0.018716229 0.008794884 0.019242555 0.008650356
1776849930.438168764 0.624487996 -0.042437609 0.227720618 0.010164570 0.988395870 -0.012263251 0.151062474 -3.120684147 -3.610277891 -13.477351189 0.000000000 0.000000000 -12.000000000 -0.773983955 0.215251803 0.018713666 0.008797444 0.019229656 0.008653943
1776849930.443099499 0.624487519 -0.042437650 0.227720082 0.010164561 0.988395929 -0.012263256 0.151062086 -3.123005390 -3.614566803 -13.463139534 0.000000000 0.000000000 -12.000000000 -0.760133743 0.214403033 0.018710231 0.008800453 0.019216986 0.008657517
1776849930.448133707 0.624487102 -0.042437412 0.227719635 0.010164497 0.988395989 -0.012263109 0.151061743 -3.124222994 -3.618860245 -13.450351715 0.000000000 0.000000000 -12.000000000 -0.747965813 0.213548630 0.018705877 0.008803442 0.019204520 0.008661076
1776849930.453196526 0.624486625 -0.042437453 0.227719098 0.010164544 0.988396049 -0.012263115 0.151061356 -3.124325991 -3.623147964 -13.439002037 0.000000000 0.000000000 -12.000000000 -0.737498283 0.212704360 0.018700562 0.008806424 0.019192228 0.008664621
1776849930.458462954 0.624486208 -0.042437479 0.227718472 0.010164485 0.988396108 -0.012263179 0.151061058 -3.123310804 -3.627419233 -13.429095268 0.000000000 0.000000000 -12.000000000 -0.728734016 0.211860001 0.018694259 0.008809391 0.019180082 0.008668152
1776849930.463289261 0.624486089 -0.042437464 0.227718234 0.010164539 0.988396108 -0.012263164 0.151060998 -3.121182442 -3.631664038 -13.420623779 0.000000000 0.000000000 -12.000000000 -0.721665382 0.211023331 0.018686945 0.008812350 0.019168055 0.008671668
1776849930.468381882 0.624486566 -0.042437427 0.227718145 0.010164521 0.988395989 -0.012263116 0.151061714 -3.117954016 -3.635872602 -13.413571358 0.000000000 0.000000000 -12.000000000 -0.716270447 0.210191980 0.018678604 0.008815300 0.019156117 0.008675172
1776849930.473386049 0.624487162 -0.042437457 0.227718323 0.010164511 0.988395870 -0.012263156 0.151062682 -3.113647223 -3.640036106 -13.407911301 0.000000000 0.000000000 -12.000000000 -0.712516785 0.209364504 0.018669231 0.008818238 0.019144243 0.008678662
1776849930.478329182 0.624487996 -0.042437419 0.227718413 0.010164506 0.988395691 -0.012263165 0.151063845 -3.108293295 -3.644145966 -13.403603554 0.000000000 0.000000000 -12.000000000 -0.710357666 0.208535165 0.018658832 0.008821161 0.019132404 0.008682137
1776849930.483287096 0.624488950 -0.042437524 0.227718621 0.010164443 0.988395452 -0.012263301 0.151065171 -3.101931572 -3.648194075 -13.400601387 0.000000000 0.000000000 -12.000000000 -0.709734917 0.207712978 0.018647417 0.008824075 0.019120574 0.008685599
1776849930.488404989 0.624489725 -0.042437557 0.227718800 0.010164374 0.988395333 -0.012263352 0.151066214 -3.094609976 -3.652173519 -13.398844719 0.000000000 0.000000000 -12.000000000 -0.710577011 0.206887141 0.018635014 0.008826972 0.019108731 0.008689047
1776849930.493428707 0.624490082 -0.042437464 0.227718800 0.010164339 0.988395214 -0.012263348 0.151066720 -3.086384058 -3.656078339 -13.398267746 0.000000000 0.000000000 -12.000000000 -0.712802887 0.205657095 0.018621650 0.008829579 0.019096851 0.008692474
1776849930.498424530 0.624490201 -0.042437594 0.227718621 0.010164465 0.988395214 -0.012263328 0.151067004 -3.077316999 -3.659903049 -13.398793221 0.000000000 0.000000000 -12.000000000 -0.716323853 0.204835236 0.018607363 0.008832445 0.019084912 0.008695888
1776849930.503320456 0.624490142 -0.042437475 0.227718532 0.010164442 0.988395214 -0.012263276 0.151067048 -3.067477703 -3.663643599 -13.400339127 0.000000000 0.000000000 -12.000000000 -0.721036911 0.204008669 0.018592203 0.008835294 0.019072894 0.008699289
1776849930.508115292 0.624489903 -0.042437572 0.227718264 0.010164458 0.988395214 -0.012263317 0.151066869 -3.056940317 -3.667296886 -13.402815819 0.000000000 0.000000000 -12.000000000 -0.726836205 0.203189671 0.018576222 0.008838135 0.019060779 0.008702675
1776849930.513300896 0.624489546 -0.042437546 0.227717847 0.010164454 0.988395274 -0.012263298 0.151066542 -3.045783043 -3.670860291 -13.406130791 0.000000000 0.000000000 -12.000000000 -0.733610153 0.202367723 0.018559480 0.008840960 0.019048553 0.008706048
1776849930.518212080 0.624489069 -0.042437516 0.227717400 0.010164450 0.988395333 -0.012263278 0.151066124 -3.034086704 -3.674332619 -13.410186768 0.000000000 0.000000000 -12.000000000 -0.741240501 0.201661840 0.018542038 0.008843850 0.019036198 0.008709409
1776849930.523353100 0.624488711 -0.042437494 0.227717012 0.010164505 0.988395393 -0.012263251 0.151065826 -3.021934748 -3.677713394 -13.414884567 0.000000000 0.000000000 -12.000000000 -0.749609947 0.200850040 0.018523965 0.008846656 0.019023705 0.008712756
1776849930.528512001 0.624488711 -0.042437617 0.227716744 0.010164443 0.988395333 -0.012263364 0.151066005 -3.009411335 -3.681003332 -13.420124054 0.000000000 0.000000000 -12.000000000 -0.758599281 0.200368911 0.018505329 0.008849676 0.019011062 0.008716096
1776849930.533432961 0.624488652 -0.042437553 0.227716446 0.010164549 0.988395333 -0.012263266 0.151066154 -2.996601105 -3.684203148 -13.425801277 0.000000000 0.000000000 -12.000000000 -0.768082619 0.199563861 0.018486205 0.008852464 0.018998260 0.008719422
1776849930.538118839 0.624488890 -0.042437654 0.227716297 0.010164455 0.988395274 -0.012263393 0.151066527 -2.983589172 -3.687314749 -13.431817055 0.000000000 0.000000000 -12.000000000 -0.777938843 0.198302552 0.018466668 0.008854929 0.018985294 0.008722727
1776849930.543323278 0.624489069 -0.042437598 0.227716058 0.010164499 0.988395214 -0.012263316 0.151066944 -2.970459461 -3.690340281 -13.438068390 0.000000000 0.000000000 -12.000000000 -0.788047791 0.197505444 0.018446796 0.008857689 0.018972160 0.008726018
1776849930.548204899 0.624489665 -0.042437680 0.227716088 0.010164498 0.988395095 -0.012263420 0.151067778 -2.957295179 -3.693282366 -13.444456100 0.000000000 0.000000000 -12.000000000 -0.798291206 0.196717516 0.018426660 0.008860442 0.018958855 0.008729297
1776849930.553353548 0.624490142 -0.042437851 0.227716178 0.010164593 0.988394916 -0.012263511 0.151068628 -2.944177628 -3.696143150 -13.450882912 0.000000000 0.000000000 -12.000000000 -0.808549881 0.195935190 0.018406346 0.008863186 0.018945379 0.008732562
1776849930.558486700 0.624491334 -0.042437911 0.227716506 0.010164581 0.988394678 -0.012263576 0.151070192 -2.931187153 -3.698925734 -13.457251549 0.000000000 0.000000000 -12.000000000 -0.818708420 0.195156485 0.018385928 0.008865918 0.018931733 0.008735814
1776849930.563398838 0.624492645 -0.042437933 0.227716714 0.010164479 0.988394439 -0.012263640 0.151071951 -2.918401480 -3.701632023 -13.463471413 0.000000000 0.000000000 -12.000000000 -0.828659058 0.194081545 0.018365482 0.008868436 0.018917922 0.008739049
1776849930.568485737 0.624493837 -0.042438071 0.227717072 0.010164574 0.988394201 -0.012263737 0.151073575 -2.905895710 -3.704264641 -13.469451904 0.000000000 0.000000000 -12.000000000 -0.838292122 0.193306997 0.018345090 0.008871142 0.018903950 0.008742270
1776849930.573382616 0.624495029 -0.042438053 0.227717400 0.010164448 0.988393903 -0.012263784 0.151075229 -2.893742800 -3.706825733 -13.475109100 0.000000000 0.000000000 -12.000000000 -0.847507477 0.192529440 0.018324820 0.008873831 0.018889826 0.008745478
1776849930.578173637 0.624496043 -0.042438142 0.227717638 0.010164465 0.988393724 -0.012263846 0.151076615 -2.882012129 -3.709317207 -13.480365753 0.000000000 0.000000000 -12.000000000 -0.856208801 0.191951573 0.018304750 0.008876645 0.018875556 0.008748678
1776849930.583353043 0.624497056 -0.042438187 0.227717847 0.010164511 0.988393486 -0.012263893 0.151078016 -2.870769501 -3.711740732 -13.485145569 0.000000000 0.000000000 -12.000000000 -0.864306450 0.191181034 0.018284947 0.008879318 0.018861150 0.008751864
1776849930.588383198 0.624498487 -0.042438183 0.227718353 0.010164441 0.988393188 -0.012263954 0.151079938 -2.860077381 -3.714097977 -13.489382744 0.000000000 0.000000000 -12.000000000 -0.871718407 0.190414965 0.018265476 0.008881981 0.018846622 0.008755038
1776849930.593326569 0.624499679 -0.042438313 0.227718532 0.010164422 0.988392949 -0.012264045 0.151081532 -2.849993706 -3.716390610 -13.493014336 0.000000000 0.000000000 -12.000000000 -0.878367424 0.189652145 0.018246405 0.008884633 0.018831983 0.008758198
1776849930.598186493 0.624501467 -0.042438358 0.227719098 0.010164377 0.988392591 -0.012264170 0.151083991 -2.840572834 -3.718620062 -13.495985031 0.000000000 0.000000000 -12.000000000 -0.877788544 0.188240200 0.018232161 0.008886830 0.018817354 0.008761336
1776849930.603379726 0.624503016 -0.042438485 0.227719545 0.010164444 0.988392234 -0.012264226 0.151086122 -2.831863642 -3.720788240 -13.498245239 0.000000000 0.000000000 -12.000000000 -0.882684708 0.187487245 0.018214187 0.008889453 0.018802643 0.008764461
1776849930.608156681 0.624504149 -0.042438492 0.227719784 0.010164401 0.988392055 -0.012264279 0.151087537 -2.823910713 -3.722896576 -13.499752045 0.000000000 0.000000000 -12.000000000 -0.886633873 0.186730444 0.018196777 0.008892060 0.018787866 0.008767573
1776849930.613352537 0.624504685 -0.042438589 0.227719933 0.010164400 0.988391936 -0.012264358 0.151088372 -2.816753149 -3.724946737 -13.500470161 0.000000000 0.000000000 -12.000000000 -0.895362854 0.186211497 0.018176034 0.008894817 0.018772943 0.008770676
1776849930.618530989 0.624504924 -0.042438492 0.227719814 0.010164299 0.988391876 -0.012264329 0.151088730 -2.810423851 -3.726940155 -13.500370026 0.000000000 0.000000000 -12.000000000 -0.897301674 0.185454935 0.018159786 0.008897404 0.018757988 0.008773767
1776849930.623388052 0.624504089 -0.042438421 0.227719098 0.010164434 0.988391995 -0.012264202 0.151087895 -2.804949284 -3.728878736 -13.499431610 0.000000000 0.000000000 -12.000000000 -0.892401695 0.184467256 0.018148180 0.008899820 0.018743115 0.008776842
1776849930.628424406 0.624501109 -0.042437475 0.227716506 0.010163831 0.988392472 -0.012263789 0.151084691 -2.800348282 -3.730763912 -13.497640610 0.000000000 0.000000000 -12.000000000 -0.898756981 0.184306145 0.018128963 0.008902784 0.018728135 0.008779913
1776849930.633352757 0.624499917 -0.042437524 0.227715522 0.010164137 0.988392651 -0.012263619 0.151083574 -2.796632051 -3.732597351 -13.494994164 0.000000000 0.000000000 -12.000000000 -0.897500992 0.183569133 0.018114842 0.008905352 0.018713176 0.008782973
1776849930.638374329 0.624498427 -0.042437404 0.227714092 0.010164203 0.988392830 -0.012263474 0.151082277 -2.793802500 -3.734381199 -13.491495132 0.000000000 0.000000000 -12.000000000 -0.895164490 0.183184057 0.018101480 0.008908148 0.018698256 0.008786025
1776849930.643372774 0.624496996 -0.042437635 0.227712780 0.010164388 0.988393068 -0.012263576 0.151080847 -2.791853905 -3.736116648 -13.487158775 0.000000000 0.000000000 -12.000000000 -0.891766548 0.182167917 0.018088883 0.008910507 0.018683394 0.008789062
1776849930.648237228 0.624495804 -0.042437632 0.227711707 0.010164437 0.988393247 -0.012263535 0.151079893 -2.790771008 -3.737805843 -13.482006073 0.000000000 0.000000000 -12.000000000 -0.887329102 0.181443632 0.018077053 0.008913048 0.018668605 0.008792086
1776849930.653326035 0.624494553 -0.042437240 0.227710426 0.010163972 0.988393366 -0.012263539 0.151078776 -2.790529966 -3.739449739 -13.476068497 0.000000000 0.000000000 -12.000000000 -0.881890297 0.180709809 0.018065980 0.008915571 0.018653907 0.008795097
1776849930.658154964 0.624496102 -0.042438589 0.227711171 0.010164761 0.988393009 -0.012264142 0.151081026 -2.791099072 -3.741050005 -13.469388008 0.000000000 0.000000000 -12.000000000 -0.875500679 0.180067524 0.018055648 0.008918143 0.018639315 0.008798098
1776849930.663393736 0.624495983 -0.042438149 0.227710754 0.010164407 0.988393068 -0.012264025 0.151080966 -2.792439461 -3.742606640 -13.462013245 0.000000000 0.000000000 -12.000000000 -0.868217468 0.179352850 0.018046033 0.008920657 0.018624844 0.008801088
1776849930.668127060 0.624495864 -0.042438388 0.227710634 0.010164494 0.988393068 -0.012264153 0.151080877 -2.794504881 -3.744120598 -13.454000473 0.000000000 0.000000000 -12.000000000 -0.860108376 0.178667068 0.018037103 0.008923177 0.018610509 0.008804065
1776849930.673359156 0.624495804 -0.042438652 0.227710634 0.010164686 0.988393068 -0.012264227 0.151080921 -2.797244072 -3.745591640 -13.445411682 0.000000000 0.000000000 -12.000000000 -0.851246834 0.177985519 0.018028824 0.008925688 0.018596321 0.008807031
1776849930.678144217 0.624495745 -0.042438492 0.227710515 0.010164572 0.988393068 -0.012264186 0.151080906 -2.800600767 -3.747019768 -13.436315536 0.000000000 0.000000000 -12.000000000 -0.841714859 0.177291453 0.018021148 0.008928181 0.018582292 0.008809987
1776849930.683565617 0.624495924 -0.042438727 0.227710515 0.010164675 0.988393009 -0.012264267 0.151081070 -2.804514885 -3.748405218 -13.426784515 0.000000000 0.000000000 -12.000000000 -0.831599236 0.176780403 0.018014032 0.008930787 0.018568432 0.008812933
1776849930.688107729 0.624496043 -0.042438660 0.227710485 0.010164679 0.988393009 -0.012264237 0.151081279 -2.808924675 -3.749748230 -13.416893959 0.000000000 0.000000000 -12.000000000 -0.820991516 0.176097780 0.018007422 0.008933267 0.018554749 0.008815868
1776849930.693528652 0.624496222 -0.042438719 0.227710515 0.010164565 0.988392949 -0.012264340 0.151081607 -2.813766479 -3.751049042 -13.406718254 0.000000000 0.000000000 -12.000000000 -0.809979439 0.175420389 0.018001262 0.008935738 0.018541249 0.008818791
1776849930.698175669 0.624496698 -0.042438574 0.227710575 0.010164520 0.988392830 -0.012264272 0.151082292 -2.818976879 -3.752308607 -13.396337509 0.000000000 0.000000000 -12.000000000 -0.798659325 0.174743816 0.017995499 0.008938199 0.018527938 0.008821703
1776849930.703339100 0.624497712 -0.042438813 0.227710813 0.010164709 0.988392651 -0.012264360 0.151083648 -2.824493885 -3.753526926 -13.385824203 0.000000000 0.000000000 -12.000000000 -0.787117958 0.174082071 0.017990075 0.008940659 0.018514819 0.008824605
1776849930.708129644 0.624499321 -0.042438686 0.227711290 0.010164358 0.988392293 -0.012264474 0.151085809 -2.830257654 -3.754705191 -13.375253677 0.000000000 0.000000000 -12.000000000 -0.775445938 0.173416078 0.017984930 0.008943105 0.018501895 0.008827494
1776849930.713475227 0.624501646 -0.042438984 0.227711916 0.010164564 0.988391817 -0.012264628 0.151088879 -2.836213350 -3.755843878 -13.364693642 0.000000000 0.000000000 -12.000000000 -0.763723373 0.172268808 0.017980017 0.008945212 0.018489165 0.008830366
1776849930.718513250 0.624504566 -0.042439003 0.227712929 0.010164524 0.988391221 -0.012264704 0.151092857 -2.842309475 -3.756943703 -13.354207993 0.000000000 0.000000000 -12.000000000 -0.745302200 0.170995384 0.017979875 0.008947212 0.018476743 0.008833216
1776849930.723513126 0.624507666 -0.042439397 0.227713764 0.010164639 0.988390625 -0.012264995 0.151096925 -2.848501444 -3.758004904 -13.343855858 0.000000000 0.000000000 -12.000000000 -0.739576340 0.170566425 0.017971365 0.008949769 0.018464416 0.008836058
1776849930.728395939 0.624511123 -0.042439472 0.227714837 0.010164568 0.988389909 -0.012265095 0.151101455 -2.854749203 -3.759027719 -13.333684921 0.000000000 0.000000000 -12.000000000 -0.728128433 0.169921845 0.017966863 0.008952172 0.018452281 0.008838890
1776849930.733347416 0.624514461 -0.042439580 0.227715790 0.010164393 0.988389194 -0.012265350 0.151105985 -2.861020088 -3.760012388 -13.323740959 0.000000000 0.000000000 -12.000000000 -0.716888428 0.169277221 0.017962407 0.008954562 0.018440332 0.008841711
1776849930.738149405 0.624517202 -0.042439722 0.227716595 0.010164304 0.988388658 -0.012265511 0.151109681 -2.867286205 -3.760959148 -13.314056396 0.000000000 0.000000000 -12.000000000 -0.718438148 0.168056831 0.017949400 0.008956550 0.018428359 0.008844512
1776849930.743492126 0.624519587 -0.042439625 0.227717131 0.010164279 0.988388181 -0.012265493 0.151112884 -2.873526096 -3.761867762 -13.304658890 0.000000000 0.000000000 -12.000000000 -0.707734108 0.168539554 0.017944740 0.008959680 0.018416563 0.008847320
1776849930.748404026 0.624518275 -0.042438924 0.227715582 0.010163781 0.988388360 -0.012265214 0.151111573 -2.879723787 -3.762738466 -13.295569420 0.000000000 0.000000000 -12.000000000 -0.697332382 0.167847857 0.017940052 0.008962017 0.018404940 0.008850118
1776849930.753478765 0.624519050 -0.042439561 0.227715939 0.010164385 0.988388181 -0.012265379 0.151112765 -2.885869026 -3.763571024 -13.286798477 0.000000000 0.000000000 -12.000000000 -0.687248230 0.167237401 0.017935321 0.008964397 0.018393487 0.008852906
1776849930.758512497 0.624518871 -0.042439222 0.227715552 0.010164244 0.988388181 -0.012265186 0.151112601 -2.891956091 -3.764365911 -13.278351784 0.000000000 0.000000000 -12.000000000 -0.677485466 0.166596651 0.017930537 0.008966747 0.018382195 0.008855682
1776849930.763521671 0.624517977 -0.042439491 0.227714807 0.010164415 0.988388300 -0.012265290 0.151111737 -2.897984028 -3.765123129 -13.270227432 0.000000000 0.000000000 -12.000000000 -0.668045044 0.165973857 0.017925696 0.008969097 0.018371060 0.008858448
1776849930.768450022 0.624514341 -0.042439304 0.227711648 0.010164340 0.988388956 -0.012265125 0.151107803 -2.903955936 -3.765842915 -13.262416840 0.000000000 0.000000000 -12.000000000 -0.646285057 0.165897503 0.017929433 0.008971811 0.018360289 0.008861213
1776849930.773456573 0.624513328 -0.042439237 0.227710783 0.010164391 0.988389075 -0.012265074 0.151106939 -2.909878492 -3.766525269 -13.254907608 0.000000000 0.000000000 -12.000000000 -0.637438774 0.165288270 0.017924706 0.008974160 0.018349664 0.008863968
1776849930.778390646 0.624512196 -0.042439237 0.227709651 0.010164439 0.988389194 -0.012265032 0.151106000 -2.915761948 -3.767170906 -13.247681618 0.000000000 0.000000000 -12.000000000 -0.628872871 0.164682984 0.017919935 0.008976501 0.018339183 0.008866712
1776849930.783498287 0.624510288 -0.042438984 0.227708042 0.010164361 0.988389492 -0.012264855 0.151104048 -2.921618462 -3.767779827 -13.240718842 0.000000000 0.000000000 -12.000000000 -0.620561600 0.164071530 0.017915132 0.008978828 0.018328840 0.008869447
1776849930.788388968 0.624508977 -0.042439036 0.227706760 0.010164352 0.988389671 -0.012264906 0.151102945 -2.927462101 -3.768352747 -13.233995438 0.000000000 0.000000000 -12.000000000 -0.612479210 0.163482770 0.017910313 0.008981161 0.018318633 0.008872172
1776849930.793476105 0.624507785 -0.042439103 0.227705568 0.010164510 0.988389850 -0.012264884 0.151102006 -2.933307648 -3.768889904 -13.227487564 0.000000000 0.000000000 -12.000000000 -0.598706245 0.162702173 0.017909518 0.008983352 0.018308654 0.008874884
1776849930.798356533 0.624511182 -0.042439278 0.227706939 0.010164478 0.988389134 -0.012265083 0.151106641 -2.939169884 -3.769391775 -13.221171379 0.000000000 0.000000000 -12.000000000 -0.596891403 0.162374556 0.017900778 0.008985840 0.018298706 0.008877590
1776849930.803257704 0.624510407 -0.042439137 0.227706075 0.010164364 0.988389254 -0.012265049 0.151105851 -2.945062399 -3.769858360 -13.215023994 0.000000000 0.000000000 -12.000000000 -0.589335442 0.161802560 0.017895995 0.008988156 0.018288884 0.008880287
1776849930.808381557 0.624510229 -0.042439241 0.227705956 0.010164382 0.988389254 -0.012265095 0.151105762 -2.950997353 -3.770290136 -13.209023476 0.000000000 0.000000000 -12.000000000 -0.581902504 0.163659066 0.017891251 0.008992122 0.018279186 0.008883015
1776849930.813412905 0.624510407 -0.042439215 0.227706045 0.010164352 0.988389194 -0.012265094 0.151106060 -2.956984997 -3.770686865 -13.203153610 0.000000000 0.000000000 -12.000000000 -0.574575424 0.163118020 0.017886559 0.008994479 0.018269610 0.008885734
1776849930.818382263 0.624510169 -0.042439245 0.227705717 0.010164488 0.988389194 -0.012265052 0.151105911 -2.963033676 -3.771048307 -13.197397232 0.000000000 0.000000000 -12.000000000 -0.567335129 0.162708268 0.017881932 0.008996918 0.018260155 0.008888446
1776849930.823339462 0.624509931 -0.042438954 0.227705359 0.010164208 0.988389254 -0.012264962 0.151105642 -2.969149828 -3.771374941 -13.191740036 0.000000000 0.000000000 -12.000000000 -0.560167313 0.162162870 0.017877374 0.008999257 0.018250819 0.008891148
1776849930.828399658 0.624510348 -0.042439528 0.227705568 0.010164767 0.988389134 -0.012265112 0.151106313 -2.975338221 -3.771666527 -13.186172485 0.000000000 0.000000000 -12.000000000 -0.553060532 0.161651462 0.017872894 0.009001611 0.018241601 0.008893843
1776849930.833462238 0.624510288 -0.042439505 0.227705389 0.010164690 0.988389134 -0.012265160 0.151106343 -2.981600761 -3.771923065 -13.180684090 0.000000000 0.000000000 -12.000000000 -0.546004295 0.160979450 0.017868496 0.009003846 0.018232500 0.008896526
1776849930.838456392 0.624510229 -0.042439494 0.227705151 0.010164657 0.988389134 -0.012265160 0.151106313 -2.987938881 -3.772144318 -13.175270081 0.000000000 0.000000000 -12.000000000 -0.538991928 0.160455614 0.017864188 0.009006171 0.018223517 0.008899200
1776849930.843452215 0.624510467 -0.042439532 0.227705151 0.010164627 0.988389075 -0.012265215 0.151106670 -2.994350910 -3.772330284 -13.169924736 0.000000000 0.000000000 -12.000000000 -0.532022476 0.160259843 0.017859969 0.009008710 0.018214650 0.008901871
1776849930.848381281 0.624510348 -0.042439524 0.227705032 0.010164622 0.988389075 -0.012265214 0.151106700 -3.000834465 -3.772480726 -13.164646149 0.000000000 0.000000000 -12.000000000 -0.525092125 0.159747794 0.017855838 0.009011032 0.018205900 0.008904533
1776849930.853848934 0.624510407 -0.042439532 0.227704912 0.010164619 0.988389075 -0.012265218 0.151106849 -3.007385492 -3.772595167 -13.159434319 0.000000000 0.000000000 -12.000000000 -0.518201828 0.158657461 0.017851794 0.009012949 0.018197263 0.008907177
1776849930.858365774 0.624510407 -0.042439565 0.227704883 0.010164588 0.988389075 -0.012265234 0.151106909 -3.013998747 -3.772673845 -13.154291153 0.000000000 0.000000000 -12.000000000 -0.511354446 0.158161849 0.017847836 0.009015255 0.018188739 0.008909813
1776849930.863312960 0.624510407 -0.042439558 0.227704704 0.010164643 0.988389075 -0.012265224 0.151106939 -3.020668030 -3.772716045 -13.149220467 0.000000000 0.000000000 -12.000000000 -0.504559517 0.157669425 0.017843956 0.009017554 0.018180329 0.008912441
1776849930.868313074 0.624510527 -0.042439532 0.227704644 0.010164605 0.988389015 -0.012265198 0.151107118 -3.027386427 -3.772721767 -13.144226074 0.000000000 0.000000000 -12.000000000 -0.497817039 0.157187372 0.017840154 0.009019853 0.018172033 0.008915061
1776849930.873349190 0.624510825 -0.042439654 0.227704763 0.010164686 0.988388956 -0.012265289 0.151107609 -3.034146070 -3.772691250 -13.139315605 0.000000000 0.000000000 -12.000000000 -0.491141319 0.156918913 0.017836420 0.009022289 0.018163847 0.008917676
1776849930.878381491 0.624510825 -0.042439662 0.227704614 0.010164792 0.988388956 -0.012265254 0.151107699 -3.040939093 -3.772624493 -13.134495735 0.000000000 0.000000000 -12.000000000 -0.484537125 0.156444967 0.017832745 0.009024581 0.018155770 0.008920284
1776849930.883090496 0.624510944 -0.042439658 0.227704495 0.010164677 0.988388896 -0.012265297 0.151107907 -3.047756433 -3.772521973 -13.129772186 0.000000000 0.000000000 -12.000000000 -0.478014946 0.155979618 0.017829128 0.009026870 0.018147804 0.008922883
1776849930.888219118 0.624511182 -0.042439736 0.227704495 0.010164666 0.988388836 -0.012265348 0.151108265 -3.054589272 -3.772384167 -13.125153542 0.000000000 0.000000000 -12.000000000 -0.471586227 0.155521870 0.017825553 0.009029157 0.018139943 0.008925475
1776849930.893107176 0.624511003 -0.042439897 0.227704257 0.010164761 0.988388896 -0.012265426 0.151108146 -3.061428547 -3.772212505 -13.120647430 0.000000000 0.000000000 -12.000000000 -0.465259552 0.153141201 0.017822016 0.009030122 0.018132189 0.008928028
1776849930.898173332 0.624510646 -0.042439871 0.227703929 0.010164751 0.988388896 -0.012265431 0.151107848 -3.068264961 -3.772007465 -13.116258621 0.000000000 0.000000000 -12.000000000 -0.459042549 0.152682289 0.017818511 0.009032360 0.018124539 0.008930572
1776849930.903096914 0.624510467 -0.042440012 0.227703720 0.010164860 0.988388956 -0.012265461 0.151107728 -3.075089216 -3.771771193 -13.111995697 0.000000000 0.000000000 -12.000000000 -0.452945709 0.152238637 0.017815026 0.009034602 0.018116990 0.008933109
1776849930.908416748 0.624510288 -0.042439956 0.227703393 0.010164826 0.988388956 -0.012265445 0.151107550 -3.081891775 -3.771504641 -13.107863426 0.000000000 0.000000000 -12.000000000 -0.446977615 0.151797205 0.017811555 0.009036838 0.018109541 0.008935640
1776849930.913404942 0.624509931 -0.042439993 0.227703094 0.010164957 0.988389015 -0.012265375 0.151107341 -3.088662386 -3.771209717 -13.103865623 0.000000000 0.000000000 -12.000000000 -0.435289383 0.151190743 0.017812094 0.009038954 0.018102286 0.008938160
1776849930.918299675 0.624509752 -0.042440265 0.227702916 0.010165012 0.988389015 -0.012265524 0.151107207 -3.095391035 -3.770889044 -13.100008011 0.000000000 0.000000000 -12.000000000 -0.429603577 0.150773823 0.017808724 0.009041188 0.018095126 0.008940673
1776849930.923476696 0.624509513 -0.042440228 0.227702558 0.010164957 0.988389075 -0.012265574 0.151106969 -3.102066994 -3.770544291 -13.096294403 0.000000000 0.000000000 -12.000000000 -0.424068451 0.150355637 0.017805345 0.009043416 0.018088058 0.008943179
1776849930.928237438 0.624509215 -0.042440187 0.227702290 0.010165031 0.988389075 -0.012265493 0.151106715 -3.108679056 -3.770178080 -13.092726707 0.000000000 0.000000000 -12.000000000 -0.418689728 0.149945542 0.017801953 0.009045641 0.018081080 0.008945677
1776849930.933433533 0.624508977 -0.042440176 0.227702051 0.010165029 0.988389134 -0.012265481 0.151106477 -3.115214825 -3.769792795 -13.089311600 0.000000000 0.000000000 -12.000000000 -0.413476944 0.148955584 0.017798537 0.009047464 0.018074188 0.008948160
1776849930.938549995 0.624508440 -0.042440161 0.227701545 0.010164981 0.988389194 -0.012265426 0.151106000 -3.121661663 -3.769391537 -13.086050034 0.000000000 0.000000000 -12.000000000 -0.408434868 0.148555741 0.017795090 0.009049674 0.018067380 0.008950637
1776849930.943460941 0.624507666 -0.042439777 0.227700859 0.010164849 0.988389313 -0.012265224 0.151105210 -3.128006458 -3.768977165 -13.082949638 0.000000000 0.000000000 -12.000000000 -0.403575897 0.148153618 0.017791605 0.009051874 0.018060654 0.008953106
1776849930.948103428 0.624507010 -0.042439926 0.227700263 0.010165007 0.988389432 -0.012265257 0.151104555 -3.134234905 -3.768552303 -13.080013275 0.000000000 0.000000000 -12.000000000 -0.398906708 0.147771776 0.017788069 0.009054082 0.018054007 0.008955568
1776849930.953409910 0.624506474 -0.042439759 0.227699816 0.010165007 0.988389492 -0.012265107 0.151104152 -3.140331984 -3.768120289 -13.077247620 0.000000000 0.000000000 -12.000000000 -0.400745392 0.147956401 0.017780164 0.009056672 0.018047327 0.008958034
1776849930.958157539 0.624506056 -0.042439729 0.227699459 0.010165056 0.988389552 -0.012265096 0.151103735 -3.146282196 -3.767684221 -13.074659348 0.000000000 0.000000000 -12.000000000 -0.396474838 0.147588402 0.017776402 0.009058886 0.018040719 0.008960494
1776849930.963498592 0.624505579 -0.042439781 0.227699012 0.010165107 0.988389611 -0.012265105 0.151103348 -3.152070045 -3.767246962 -13.072257042 0.000000000 0.000000000 -12.000000000 -0.392428398 0.147230685 0.017772559 0.009061102 0.018034179 0.008962948
1776849930.968201399 0.624505281 -0.042439755 0.227698654 0.010165103 0.988389671 -0.012265085 0.151102990 -3.157679796 -3.766811848 -13.070048332 0.000000000 0.000000000 -12.000000000 -0.388620377 0.146879792 0.017768621 0.009063317 0.018027702 0.008965396
1776849930.973482847 0.624504924 -0.042439736 0.227698386 0.010165047 0.988389671 -0.012265064 0.151102751 -3.163095951 -3.766381264 -13.068042755 0.000000000 0.000000000 -12.000000000 -0.385062218 0.146536604 0.017764578 0.009065529 0.018021286 0.008967838
1776849930.978467464 0.624504924 -0.042439967 0.227698207 0.010165130 0.988389671 -0.012265244 0.151102811 -3.168303013 -3.765958309 -13.066248894 0.000000000 0.000000000 -12.000000000 -0.381769180 0.146206737 0.017760409 0.009067746 0.018014923 0.008970275
1776849930.983389378 0.624508440 -0.042441297 0.227699816 0.010165589 0.988388956 -0.012266071 0.151107594 -3.173287153 -3.765545368 -13.064676285 0.000000000 0.000000000 -12.000000000 -0.372530937 0.145383388 0.017760361 0.009069620 0.018008715 0.008972698
1776849930.988109350 0.624508917 -0.042441297 0.227699727 0.010165473 0.988388836 -0.012266161 0.151108325 -3.178034782 -3.765144348 -13.063335419 0.000000000 0.000000000 -12.000000000 -0.369819641 0.145060316 0.017756004 0.009071822 0.018002551 0.008975116
1776849930.993445396 0.624509573 -0.042441539 0.227699876 0.010165464 0.988388717 -0.012266336 0.151109248 -3.182533741 -3.764757633 -13.062233925 0.000000000 0.000000000 -12.000000000 -0.367411613 0.146708369 0.017751485 0.009075366 0.017996427 0.008977560
1776849930.998306036 0.624510109 -0.042441614 0.227700084 0.010165418 0.988388598 -0.012266464 0.151109919 -3.186773062 -3.764386415 -13.061381340 0.000000000 0.000000000 -12.000000000 -0.365317345 0.146408528 0.017746793 0.009077606 0.017990338 0.008980000
1776849931.003383636 0.624510407 -0.042441912 0.227700144 0.010165708 0.988388479 -0.012266500 0.151110411 -3.190743208 -3.764032364 -13.060783386 0.000000000 0.000000000 -12.000000000 -0.363547325 0.146112651 0.017741913 0.009079845 0.017984279 0.008982436
1776849931.008515835 0.624510407 -0.042441662 0.227699906 0.010165529 0.988388538 -0.012266377 0.151110396 -3.194435358 -3.763696194 -13.060448647 0.000000000 0.000000000 -12.000000000 -0.362112045 0.145818666 0.017736835 0.009082079 0.017978244 0.008984867
1776849931.013439178 0.624508619 -0.042440943 0.227698296 0.010165189 0.988388836 -0.012266040 0.151108459 -3.197843075 -3.763378382 -13.060379028 0.000000000 0.000000000 -12.000000000 -0.361014366 0.145494744 0.017731551 0.009084288 0.017972227 0.008987292
1776849931.018157959 0.624508321 -0.042441078 0.227698088 0.010165472 0.988388836 -0.012265963 0.151108220 -3.200961113 -3.763078690 -13.060578346 0.000000000 0.000000000 -12.000000000 -0.360260010 0.145225257 0.017726049 0.009086529 0.017966222 0.008989712
1776849931.023244381 0.624507904 -0.042441003 0.227697551 0.010165387 0.988388896 -0.012265920 0.151107863 -3.203785896 -3.762797594 -13.061046600 0.000000000 0.000000000 -12.000000000 -0.359848022 0.142965764 0.017720325 0.009087405 0.017960224 0.008992095
1776849931.028189182 0.624507248 -0.042441018 0.227696896 0.010165563 0.988389015 -0.012265859 0.151107281 -3.206316233 -3.762534142 -13.061782837 0.000000000 0.000000000 -12.000000000 -0.359781265 0.142704576 0.017714374 0.009089610 0.017954228 0.008994473
1776849931.033170938 0.624506950 -0.042441133 0.227696717 0.010165510 0.988389015 -0.012265951 0.151107132 -3.208551645 -3.762288094 -13.062783241 0.000000000 0.000000000 -12.000000000 -0.360053062 0.144175559 0.017708192 0.009092993 0.017948227 0.008996876
1776849931.038401604 0.624506593 -0.042441107 0.227696300 0.010165567 0.988389075 -0.012265920 0.151106685 -3.210494041 -3.762058735 -13.064043999 0.000000000 0.000000000 -12.000000000 -0.360662460 0.143934622 0.017701775 0.009095231 0.017942216 0.008999275
1776849931.043313265 0.624506176 -0.042441063 0.227695942 0.010165644 0.988389134 -0.012265824 0.151106298 -3.212146521 -3.761845350 -13.065557480 0.000000000 0.000000000 -12.000000000 -0.361598969 0.143702865 0.017695123 0.009097473 0.017936189 0.009001670
1776849931.048181534 0.624505877 -0.042441085 0.227695704 0.010165665 0.988389194 -0.012265833 0.151106030 -3.213514328 -3.761647463 -13.067317009 0.000000000 0.000000000 -12.000000000 -0.368950844 0.143977359 0.017684072 0.009100055 0.017930040 0.009004070
1776849931.053407669 0.624505699 -0.042441107 0.227695584 0.010165693 0.988389194 -0.012265831 0.151105881 -3.214602947 -3.761463881 -13.069312096 0.000000000 0.000000000 -12.000000000 -0.370508194 0.143760324 0.017676860 0.009102307 0.017923865 0.009006467
1776849931.058285475 0.624505281 -0.042441159 0.227695197 0.010165746 0.988389254 -0.012265830 0.151105493 -3.215419531 -3.761294365 -13.071533203 0.000000000 0.000000000 -12.000000000 -0.372363091 0.143547103 0.017669417 0.009104557 0.017917659 0.009008859
1776849931.063508511 0.624504626 -0.042441286 0.227694482 0.010165712 0.988389373 -0.012265928 0.151104808 -3.215972424 -3.761137724 -13.073969841 0.000000000 0.000000000 -12.000000000 -0.374502182 0.142796159 0.017661748 0.009106436 0.017911417 0.009011239
1776849931.068273783 0.624504089 -0.042441048 0.227694154 0.010165651 0.988389432 -0.012265778 0.151104376 -3.216269493 -3.760993004 -13.076611519 0.000000000 0.000000000 -12.000000000 -0.376914024 0.142599493 0.017653858 0.009108682 0.017905135 0.009013616
1776849931.073347092 0.624503732 -0.042441409 0.227693737 0.010165787 0.988389492 -0.012265982 0.151104152 -3.216319323 -3.760859251 -13.079445839 0.000000000 0.000000000 -12.000000000 -0.379582405 0.142872453 0.017645754 0.009111245 0.017898809 0.009015997
1776849931.078380585 0.624505997 -0.042442791 0.227694899 0.010166401 0.988388956 -0.012266760 0.151107192 -3.216129780 -3.760735512 -13.082461357 0.000000000 0.000000000 -12.000000000 -0.376428604 0.142257720 0.017641583 0.009113207 0.017892536 0.009018368
1776849931.083354235 0.624505758 -0.042442802 0.227694631 0.010166186 0.988389015 -0.012266931 0.151107043 -3.215708017 -3.760620594 -13.085649490 0.000000000 0.000000000 -12.000000000 -0.379579544 0.142079979 0.017633157 0.009115457 0.017886210 0.009020736
1776849931.088497400 0.624505579 -0.042442963 0.227694422 0.010166216 0.988389015 -0.012267043 0.151106805 -3.215059996 -3.760513544 -13.088998795 0.000000000 0.000000000 -12.000000000 -0.382951736 0.141918898 0.017624525 0.009117715 0.017879827 0.009023102
1776849931.093283415 0.624505639 -0.042443071 0.227694422 0.010166242 0.988389015 -0.012267116 0.151106879 -3.214190483 -3.760412931 -13.092501640 0.000000000 0.000000000 -12.000000000 -0.386536598 0.141766816 0.017615693 0.009119976 0.017873384 0.009025465
1776849931.098242521 0.624505401 -0.042443208 0.227694243 0.010166353 0.988389075 -0.012267147 0.151106760 -3.213103056 -3.760318041 -13.096152306 0.000000000 0.000000000 -12.000000000 -0.390325546 0.141619787 0.017606661 0.009122238 0.017866878 0.009027825
1776849931.103440523 0.624504864 -0.042443052 0.227693796 0.010166402 0.988389134 -0.012266977 0.151106060 -3.211799860 -3.760227919 -13.099945068 0.000000000 0.000000000 -12.000000000 -0.394313812 0.141476646 0.017597431 0.009124501 0.017860306 0.009030183
1776849931.108448505 0.624502659 -0.042442299 0.227692038 0.010165917 0.988389552 -0.012266680 0.151103616 -3.210282326 -3.760142326 -13.103876114 0.000000000 0.000000000 -12.000000000 -0.404554367 0.141754225 0.017583860 0.009127049 0.017853564 0.009032546
1776849931.113924980 0.624502063 -0.042442512 0.227691472 0.010166449 0.988389611 -0.012266533 0.151103139 -3.208550692 -3.760060549 -13.107941628 0.000000000 0.000000000 -12.000000000 -0.408930779 0.141652584 0.017574128 0.009129342 0.017846748 0.009034907
1776849931.118180275 0.624501407 -0.042442258 0.227690846 0.010166232 0.988389671 -0.012266407 0.151102588 -3.206604481 -3.759982586 -13.112140656 0.000000000 0.000000000 -12.000000000 -0.413496971 0.141527683 0.017564192 0.009131617 0.017839856 0.009037266
1776849931.123371601 0.624500751 -0.042442270 0.227690130 0.010166176 0.988389790 -0.012266454 0.151101932 -3.204443932 -3.759908915 -13.116470337 0.000000000 0.000000000 -12.000000000 -0.418251991 0.141414940 0.017554052 0.009133900 0.017832886 0.009039623
1776849931.128413200 0.624500453 -0.042442515 0.227689862 0.010166422 0.988389790 -0.012266516 0.151101783 -3.202069283 -3.759839296 -13.120929718 0.000000000 0.000000000 -12.000000000 -0.423194885 0.141320974 0.017543703 0.009136192 0.017825833 0.009041978
1776849931.133431673 0.624500453 -0.042442597 0.227689713 0.010166283 0.988389790 -0.012266649 0.151101857 -3.199481726 -3.759774685 -13.125516891 0.000000000 0.000000000 -12.000000000 -0.428322792 0.141238898 0.017533144 0.009138492 0.017818693 0.009044332
1776849931.138381720 0.624503553 -0.042443927 0.227691174 0.010166910 0.988389134 -0.012267387 0.151106030 -3.196684599 -3.759715319 -13.130228043 0.000000000 0.000000000 -12.000000000 -0.427573204 0.140367702 0.017526519 0.009140250 0.017811567 0.009046672
1776849931.143129349 0.624504447 -0.042443935 0.227691323 0.010166628 0.988388956 -0.012267571 0.151107237 -3.193682671 -3.759661674 -13.135059357 0.000000000 0.000000000 -12.000000000 -0.433055878 0.140304744 0.017515644 0.009142547 0.017804349 0.009049010
1776849931.148382187 0.624505401 -0.042444330 0.227691621 0.010166799 0.988388777 -0.012267798 0.151108533 -3.190483809 -3.759613991 -13.140005112 0.000000000 0.000000000 -12.000000000 -0.438705444 0.140249923 0.017504567 0.009144848 0.017797038 0.009051348
1776849931.153502464 0.624506295 -0.042444453 0.227691889 0.010166781 0.988388598 -0.012267895 0.151109710 -3.187098026 -3.759572983 -13.145059586 0.000000000 0.000000000 -12.000000000 -0.444514275 0.140203610 0.017493287 0.009147154 0.017789630 0.009053685
1776849931.158398628 0.624507129 -0.042444680 0.227692068 0.010166961 0.988388419 -0.012268002 0.151110858 -3.183539391 -3.759539127 -13.150210381 0.000000000 0.000000000 -12.000000000 -0.450468063 0.140161514 0.017481809 0.009149462 0.017782122 0.009056021
1776849931.163527727 0.624507427 -0.042444523 0.227692068 0.010166927 0.988388360 -0.012267895 0.151111290 -3.179824829 -3.759513378 -13.155446053 0.000000000 0.000000000 -12.000000000 -0.456547737 0.140308619 0.017470147 0.009151898 0.017774513 0.009058359
1776849931.168421030 0.624506056 -0.042443719 0.227690816 0.010166353 0.988388598 -0.012267586 0.151109725 -3.175973892 -3.759496450 -13.160754204 0.000000000 0.000000000 -12.000000000 -0.462738037 0.140484586 0.017458308 0.009154357 0.017766800 0.009060700
1776849931.173384428 0.624505699 -0.042444047 0.227690637 0.010166895 0.988388658 -0.012267500 0.151109323 -3.172008991 -3.759489536 -13.166115761 0.000000000 0.000000000 -12.000000000 -0.469014168 0.140464723 0.017446306 0.009156685 0.017758982 0.009063042
1776849931.178160191 0.624505341 -0.042443782 0.227690220 0.010166856 0.988388717 -0.012267313 0.151108995 -3.167954445 -3.759494305 -13.171515465 0.000000000 0.000000000 -12.000000000 -0.475354195 0.140451223 0.017434157 0.009159016 0.017751060 0.009065382
1776849931.183282614 0.624504924 -0.042443849 0.227689743 0.010166951 0.988388777 -0.012267267 0.151108652 -3.163835287 -3.759511948 -13.176932335 0.000000000 0.000000000 -12.000000000 -0.481729507 0.140445471 0.017421879 0.009161353 0.017743032 0.009067723
1776849931.189203262 0.624504447 -0.042443909 0.227689445 0.010166934 0.988388836 -0.012267360 0.151108190 -3.159676790 -3.759543896 -13.182349205 0.000000000 0.000000000 -12.000000000 -0.488118172 0.140451819 0.017409485 0.009163697 0.017734896 0.009070063
1776849931.193413496 0.624503791 -0.042444054 0.227688849 0.010167005 0.988388896 -0.012267401 0.151107624 -3.155505180 -3.759591103 -13.187745094 0.000000000 0.000000000 -12.000000000 -0.494491577 0.140466943 0.017396994 0.009166049 0.017726654 0.009072404
1776849931.198496103 0.624503791 -0.042444054 0.227688849 0.010167005 0.988388896 -0.012267401 0.151107624 -3.151346207 -3.759654999 -13.193100929 0.000000000 0.000000000 -12.000000000 -0.500823975 0.140496522 0.017384425 0.009168410 0.017718308 0.009074746
1776849931.203454494 0.624503613 -0.042444099 0.227688670 0.010166953 0.988388956 -0.012267474 0.151107445 -3.147225380 -3.759736061 -13.198397636 0.000000000 0.000000000 -12.000000000 -0.507091522 0.140324399 0.017371796 0.009170634 0.017709857 0.009077084
1776849931.208400726 0.624503434 -0.042444177 0.227688462 0.010167114 0.988388956 -0.012267460 0.151107326 -3.143167734 -3.759835482 -13.203617096 0.000000000 0.000000000 -12.000000000 -0.513267517 0.140372604 0.017359123 0.009173006 0.017701302 0.009079424
1776849931.213212490 0.624503493 -0.042444147 0.227688432 0.010167137 0.988388956 -0.012267424 0.151107445 -3.139198780 -3.759953737 -13.208737373 0.000000000 0.000000000 -12.000000000 -0.519325256 0.140432358 0.017346429 0.009175385 0.017692646 0.009081764
1776849931.218312502 0.624503314 -0.042444259 0.227688283 0.010167209 0.988388956 -0.012267432 0.151107326 -3.135343552 -3.760091066 -13.213739395 0.000000000 0.000000000 -12.000000000 -0.525237083 0.140495956 0.017333733 0.009177770 0.017683892 0.009084105
1776849931.223150492 0.624503255 -0.042444360 0.227688164 0.010167302 0.988388956 -0.012267470 0.151107296 -3.131627321 -3.760247946 -13.218602180 0.000000000 0.000000000 -12.000000000 -0.530977249 0.140572324 0.017321058 0.009180164 0.017675042 0.009086449
1776849931.228427887 0.624503255 -0.042444337 0.227688104 0.010167132 0.988388956 -0.012267551 0.151107296 -3.128075600 -3.760423899 -13.223300934 0.000000000 0.000000000 -12.000000000 -0.536514282 0.140657142 0.017308423 0.009182564 0.017666100 0.009088793
1776849931.233942986 0.624503374 -0.042444464 0.227688164 0.010167237 0.988388896 -0.012267559 0.151107475 -3.124713898 -3.760619164 -13.227815628 0.000000000 0.000000000 -12.000000000 -0.541821480 0.140751034 0.017295856 0.009184973 0.017657069 0.009091139
1776849931.238425493 0.624503374 -0.042444430 0.227688044 0.010167351 0.988388956 -0.012267500 0.151107386 -3.121567249 -3.760832787 -13.232120514 0.000000000 0.000000000 -12.000000000 -0.546865463 0.140851825 0.017283378 0.009187388 0.017647956 0.009093487
1776849931.243320227 0.624503136 -0.042444516 0.227687985 0.010167327 0.988388956 -0.012267589 0.151107237 -3.118660212 -3.761063814 -13.236195564 0.000000000 0.000000000 -12.000000000 -0.551622391 0.141599000 0.017271014 0.009190246 0.017638762 0.009095847
1776849931.248327017 0.624502897 -0.042444583 0.227687806 0.010167321 0.988389015 -0.012267616 0.151106998 -3.116016150 -3.761311293 -13.240017891 0.000000000 0.000000000 -12.000000000 -0.556062698 0.141708553 0.017258784 0.009192681 0.017629493 0.009098209
1776849931.253192663 0.624502778 -0.042444594 0.227687746 0.010167400 0.988389015 -0.012267543 0.151106909 -3.113655806 -3.761573553 -13.243569374 0.000000000 0.000000000 -12.000000000 -0.560161591 0.141979247 0.017246716 0.009195228 0.017620157 0.009100575
1776849931.258446217 0.624502480 -0.042444650 0.227687478 0.010167482 0.988389075 -0.012267550 0.151106551 -3.111597776 -3.761849403 -13.246834755 0.000000000 0.000000000 -12.000000000 -0.563900948 0.142097890 0.017234825 0.009197676 0.017610759 0.009102943
1776849931.263392210 0.624502242 -0.042444881 0.227687240 0.010167622 0.988389134 -0.012267679 0.151106253 -3.109856606 -3.762136459 -13.249800682 0.000000000 0.000000000 -12.000000000 -0.567261696 0.142225206 0.017223129 0.009200131 0.017601304 0.009105314
1776849931.268415451 0.624501824 -0.042444874 0.227686971 0.010167663 0.988389134 -0.012267621 0.151105955 -3.108442783 -3.762433290 -13.252459526 0.000000000 0.000000000 -12.000000000 -0.576394081 0.142706484 0.017207436 0.009202830 0.017591698 0.009107692
1776849931.273273945 0.624501169 -0.042444963 0.227686346 0.010167662 0.988389254 -0.012267694 0.151105240 -3.107362509 -3.762738228 -13.254810333 0.000000000 0.000000000 -12.000000000 -0.578976631 0.142840132 0.017196063 0.009205299 0.017582048 0.009110073
1776849931.278230190 0.624500453 -0.042445153 0.227685839 0.010167878 0.988389313 -0.012267735 0.151104704 -3.106616497 -3.763049364 -13.256852150 0.000000000 0.000000000 -12.000000000 -0.581166267 0.142981380 0.017184917 0.009207777 0.017572362 0.009112456
1776849931.283219814 0.624499917 -0.042445265 0.227685332 0.010167985 0.988389432 -0.012267747 0.151104227 -3.106200695 -3.763365507 -13.258593559 0.000000000 0.000000000 -12.000000000 -0.582972527 0.143135831 0.017173998 0.009210266 0.017562646 0.009114842
1776849931.288254976 0.624499321 -0.042445451 0.227684766 0.010168143 0.988389492 -0.012267792 0.151103631 -3.106105804 -3.763684988 -13.260042191 0.000000000 0.000000000 -12.000000000 -0.584405899 0.142931193 0.017163303 0.009212512 0.017552907 0.009117224
1776849931.293495178 0.624498904 -0.042445727 0.227684408 0.010168111 0.988389552 -0.012268021 0.151103348 -3.106318474 -3.764007092 -13.261214256 0.000000000 0.000000000 -12.000000000 -0.585483551 0.143039435 0.017152825 0.009214968 0.017543148 0.009119608
1776849931.298241615 0.624500751 -0.042447615 0.227685422 0.010168984 0.988389134 -0.012269027 0.151105985 -3.106820107 -3.764330387 -13.262124062 0.000000000 0.000000000 -12.000000000 -0.580065727 0.142909795 0.017146770 0.009217263 0.017533481 0.009121990
1776849931.303462744 0.624500513 -0.042448018 0.227685124 0.010169091 0.988389134 -0.012269292 0.151105791 -3.107588530 -3.764654160 -13.262792587 0.000000000 0.000000000 -12.000000000 -0.580500603 0.142663985 0.017136807 0.009219477 0.017523807 0.009124367
1776849931.308409214 0.624500513 -0.042448170 0.227685183 0.010169193 0.988389134 -0.012269358 0.151105791 -3.108597279 -3.764977694 -13.263240814 0.000000000 0.000000000 -12.000000000 -0.580653191 0.142877430 0.017127026 0.009222001 0.017514128 0.009126749
1776849931.313137054 0.624500573 -0.042448696 0.227685183 0.010169580 0.988389134 -0.012269551 0.151105925 -3.109817982 -3.765300274 -13.263493538 0.000000000 0.000000000 -12.000000000 -0.580559731 0.143094495 0.017117413 0.009224530 0.017504452 0.009129134
1776849931.318337202 0.624500573 -0.042448744 0.227685124 0.010169656 0.988389134 -0.012269538 0.151105925 -3.111218691 -3.765621662 -13.263574600 0.000000000 0.000000000 -12.000000000 -0.580247879 0.143322587 0.017107949 0.009227071 0.017494781 0.009131523
1776849931.323236942 0.624500394 -0.042448908 0.227685064 0.010169807 0.988389134 -0.012269542 0.151105747 -3.112767220 -3.765941620 -13.263511658 0.000000000 0.000000000 -12.000000000 -0.579755783 0.143556461 0.017098613 0.009229620 0.017485118 0.009133915
1776849931.328334808 0.624498606 -0.042448029 0.227683455 0.010169328 0.988389492 -0.012269164 0.151103571 -3.114429951 -3.766259670 -13.263332367 0.000000000 0.000000000 -12.000000000 -0.579118729 0.143774778 0.017089386 0.009232162 0.017475465 0.009136312
1776849931.333466768 0.624498487 -0.042448506 0.227683425 0.010169752 0.988389432 -0.012269264 0.151103660 -3.116173029 -3.766576052 -13.263063431 0.000000000 0.000000000 -12.000000000 -0.578372002 0.144024372 0.017080246 0.009234728 0.017465826 0.009138712
1776849931.338338137 0.624498427 -0.042448256 0.227683187 0.010169713 0.988389492 -0.012269098 0.151103571 -3.117963314 -3.766891479 -13.262734413 0.000000000 0.000000000 -12.000000000 -0.577555656 0.144287840 0.017071163 0.009237308 0.017456200 0.009141116
1776849931.343416929 0.624498367 -0.042448327 0.227683067 0.010169771 0.988389492 -0.012269101 0.151103482 -3.119768858 -3.767206192 -13.262372971 0.000000000 0.000000000 -12.000000000 -0.576702118 0.144557759 0.017062120 0.009239897 0.017446589 0.009143526
1776849931.348442793 0.624498248 -0.042448398 0.227683067 0.010169823 0.988389492 -0.012269129 0.151103452 -3.121559620 -3.767521143 -13.262004852 0.000000000 0.000000000 -12.000000000 -0.575847626 0.144835234 0.017053092 0.009242496 0.017436991 0.009145940
1776849931.353358030 0.624498129 -0.042448469 0.227683008 0.010169875 0.988389492 -0.012269154 0.151103392 -3.123307467 -3.767837524 -13.261655807 0.000000000 0.000000000 -12.000000000 -0.575023651 0.144970506 0.017044058 0.009245003 0.017427407 0.009148356
1776849931.358931303 0.624498010 -0.042448565 0.227682948 0.010169902 0.988389492 -0.012269218 0.151103273 -3.124987364 -3.768156290 -13.261348724 0.000000000 0.000000000 -12.000000000 -0.574260712 0.145257771 0.017034996 0.009247615 0.017417837 0.009150776
1776849931.363430023 0.624498129 -0.042448681 0.227682948 0.010169990 0.988389492 -0.012269236 0.151103392 -3.126576900 -3.768479109 -13.261105537 0.000000000 0.000000000 -12.000000000 -0.573585510 0.145555764 0.017025888 0.009250239 0.017408278 0.009153202
1776849931.368497849 0.624497950 -0.042448681 0.227682889 0.010169978 0.988389492 -0.012269222 0.151103273 -3.128056765 -3.768807173 -13.260944366 0.000000000 0.000000000 -12.000000000 -0.573019981 0.145858765 0.017016714 0.009252872 0.017398728 0.009155633
1776849931.373396397 0.624497771 -0.042448785 0.227682769 0.010170120 0.988389552 -0.012269239 0.151103094 -3.129411221 -3.769141912 -13.260880470 0.000000000 0.000000000 -12.000000000 -0.572585106 0.146166474 0.017007463 0.009255514 0.017389186 0.009158069
1776849931.378368378 0.624497712 -0.042448856 0.227682680 0.010170110 0.988389552 -0.012269283 0.151103035 -3.130627155 -3.769484758 -13.260925293 0.000000000 0.000000000 -12.000000000 -0.572296143 0.145653397 0.016998116 0.009257600 0.017379647 0.009160497
1776849931.383442640 0.624497592 -0.042448957 0.227682501 0.010170076 0.988389552 -0.012269354 0.151102930 -3.131695032 -3.769837141 -13.261089325 0.000000000 0.000000000 -12.000000000 -0.572164536 0.145978183 0.016988667 0.009260248 0.017370110 0.009162930
1776849931.388438463 0.624497414 -0.042449053 0.227682412 0.010170215 0.988389611 -0.012269381 0.151102751 -3.132607937 -3.770200491 -13.261376381 0.000000000 0.000000000 -12.000000000 -0.572196007 0.146308303 0.016979109 0.009262907 0.017360574 0.009165368
1776849931.393437862 0.624497235 -0.042449199 0.227682263 0.010170385 0.988389611 -0.012269399 0.151102573 -3.133362055 -3.770576239 -13.261790276 0.000000000 0.000000000 -12.000000000 -0.572396278 0.146646991 0.016969435 0.009265576 0.017351033 0.009167812
1776849931.398416519 0.624496996 -0.042449228 0.227682084 0.010170458 0.988389671 -0.012269385 0.151102334 -3.133955717 -3.770965099 -13.262332916 0.000000000 0.000000000 -12.000000000 -0.572769165 0.146991700 0.016959641 0.009268257 0.017341487 0.009170262
1776849931.403224707 0.624496698 -0.042449504 0.227681816 0.010170560 0.988389671 -0.012269509 0.151102036 -3.134388685 -3.771368265 -13.263002396 0.000000000 0.000000000 -12.000000000 -0.573309898 0.147341475 0.016949724 0.009270946 0.017331932 0.009172718
1776849931.408367634 0.624496698 -0.042449538 0.227681726 0.010170642 0.988389730 -0.012269522 0.151102006 -3.134663343 -3.771786451 -13.263798714 0.000000000 0.000000000 -12.000000000 -0.574019432 0.147708058 0.016939685 0.009273652 0.017322365 0.009175180
1776849931.413233280 0.624496520 -0.042449839 0.227681756 0.010170856 0.988389671 -0.012269625 0.151101992 -3.134782791 -3.772220135 -13.264717102 0.000000000 0.000000000 -12.000000000 -0.574892998 0.148074985 0.016929522 0.009276364 0.017312784 0.009177648
1776849931.418217182 0.624496460 -0.042450137 0.227681637 0.010171069 0.988389730 -0.012269726 0.151101932 -3.134751081 -3.772669792 -13.265755653 0.000000000 0.000000000 -12.000000000 -0.575926781 0.148449868 0.016919235 0.009279089 0.017303186 0.009180122
1776849931.423128366 0.624496400 -0.042450398 0.227681518 0.010171195 0.988389730 -0.012269828 0.151101843 -3.134573936 -3.773135424 -13.266909599 0.000000000 0.000000000 -12.000000000 -0.577115059 0.148835182 0.016908823 0.009281826 0.017293567 0.009182603
1776849931.428104401 0.624496460 -0.042450704 0.227681577 0.010171408 0.988389730 -0.012269937 0.151101917 -3.134258270 -3.773617506 -13.268174171 0.000000000 0.000000000 -12.000000000 -0.578450203 0.149225563 0.016898293 0.009284574 0.017283926 0.009185090
1776849931.433112860 0.624496341 -0.042451043 0.227681458 0.010171763 0.988389730 -0.012270042 0.151101857 -3.133811712 -3.774115801 -13.269544601 0.000000000 0.000000000 -12.000000000 -0.579925537 0.149621889 0.016887644 0.009287332 0.017274261 0.009187584
1776849931.438321352 0.624496341 -0.042451505 0.227681488 0.010172077 0.988389671 -0.012270179 0.151101932 -3.133243561 -3.774630308 -13.271014214 0.000000000 0.000000000 -12.000000000 -0.581533432 0.150023475 0.016876880 0.009290100 0.017264569 0.009190084
1776849931.443150043 0.624496281 -0.042451989 0.227681488 0.010172310 0.988389671 -0.012270398 0.151101917 -3.132565022 -3.775161028 -13.272574425 0.000000000 0.000000000 -12.000000000 -0.583261490 0.151142925 0.016866008 0.009293365 0.017254848 0.009192604
1776849931.448169947 0.624496222 -0.042452641 0.227681428 0.010172870 0.988389671 -0.012270598 0.151101813 -3.131788254 -3.775707960 -13.274218559 0.000000000 0.000000000 -12.000000000 -0.585099220 0.151548281 0.016855031 0.009296161 0.017245097 0.009195129
1776849931.453509092 0.624496222 -0.042453315 0.227681488 0.010173293 0.988389671 -0.012270886 0.151101947 -3.130926609 -3.776271343 -13.275936127 0.000000000 0.000000000 -12.000000000 -0.587033272 0.151962459 0.016843958 0.009298970 0.017235313 0.009197662
1776849931.458410025 0.624496043 -0.042454138 0.227681339 0.010173880 0.988389671 -0.012271166 0.151101679 -3.129995108 -3.776851654 -13.277714729 0.000000000 0.000000000 -12.000000000 -0.589048386 0.151387259 0.016832795 0.009301109 0.017225495 0.009200185
1776849931.463113308 0.624495983 -0.042455126 0.227681398 0.010174566 0.988389671 -0.012271537 0.151101723 -3.129009247 -3.777448893 -13.279543877 0.000000000 0.000000000 -12.000000000 -0.591127396 0.151808769 0.016821558 0.009303921 0.017215643 0.009202715
1776849931.468113899 0.624495864 -0.042456053 0.227681398 0.010175124 0.988389671 -0.012271941 0.151101634 -3.127984285 -3.778064013 -13.281410217 0.000000000 0.000000000 -12.000000000 -0.593255997 0.152240217 0.016810251 0.009306746 0.017205756 0.009205252
1776849931.473114014 0.624495625 -0.042457070 0.227681339 0.010175777 0.988389671 -0.012272327 0.151101515 -3.126935959 -3.778697968 -13.283300400 0.000000000 0.000000000 -12.000000000 -0.595414162 0.153194547 0.016798889 0.009309935 0.017195832 0.009207806
1776849931.478283882 0.624495506 -0.042457860 0.227681249 0.010176387 0.988389671 -0.012272619 0.151101381 -3.125879288 -3.779351950 -13.285202026 0.000000000 0.000000000 -12.000000000 -0.597589493 0.153642505 0.016787479 0.009312795 0.017185872 0.009210367
1776849931.483208418 0.624495268 -0.042458817 0.227681130 0.010177094 0.988389730 -0.012272914 0.151101232 -3.124828577 -3.780028343 -13.287101746 0.000000000 0.000000000 -12.000000000 -0.599761009 0.154092476 0.016776035 0.009315664 0.017175876 0.009212935
1776849931.488354921 0.624495149 -0.042459857 0.227681011 0.010177788 0.988389730 -0.012273350 0.151101157 -3.123797178 -3.780729294 -13.288987160 0.000000000 0.000000000 -12.000000000 -0.601917267 0.154548615 0.016764564 0.009318544 0.017165843 0.009215511
1776849931.493140459 0.624495029 -0.042460553 0.227680922 0.010178366 0.988389730 -0.012273546 0.151101053 -3.122796535 -3.781457663 -13.290848732 0.000000000 0.000000000 -12.000000000 -0.604042053 0.155018389 0.016753081 0.009321440 0.017155776 0.009218095
1776849931.498201370 0.624494851 -0.042461529 0.227680862 0.010178995 0.988389730 -0.012273909 0.151100934 -3.121837139 -3.782216787 -13.292674065 0.000000000 0.000000000 -12.000000000 -0.606123924 0.155410156 0.016741591 0.009324292 0.017145673 0.009220685
1776849931.503402472 0.624494791 -0.042462297 0.227680802 0.010179630 0.988389730 -0.012274163 0.151100889 -3.120928526 -3.783011436 -13.294454575 0.000000000 0.000000000 -12.000000000 -0.608148575 0.155892730 0.016730104 0.009327211 0.017135536 0.009223283
1776849931.508161545 0.624494791 -0.042463467 0.227680802 0.010180337 0.988389730 -0.012274640 0.151100919 -3.120078325 -3.783845663 -13.296181679 0.000000000 0.000000000 -12.000000000 -0.610111237 0.156372547 0.016718628 0.009330138 0.017125368 0.009225889
1776849931.513438463 0.624494731 -0.042464375 0.227680832 0.010180971 0.988389671 -0.012274981 0.151100948 -3.119293451 -3.784724951 -13.297845840 0.000000000 0.000000000 -12.000000000 -0.611996651 0.156863630 0.016707171 0.009333079 0.017115168 0.009228503
1776849931.518157005 0.624494672 -0.042465515 0.227680832 0.010181761 0.988389671 -0.012275405 0.151100948 -3.118580103 -3.785655022 -13.299441338 0.000000000 0.000000000 -12.000000000 -0.613799095 0.157355338 0.016695740 0.009336029 0.017104939 0.009231126
1776849931.523099422 0.624494731 -0.042466324 0.227680892 0.010182370 0.988389671 -0.012275672 0.151101053 -3.117944002 -3.786641598 -13.300958633 0.000000000 0.000000000 -12.000000000 -0.615509987 0.157862306 0.016684340 0.009338998 0.017094681 0.009233757
1776849931.528179169 0.624494433 -0.042467367 0.227680773 0.010183061 0.988389671 -0.012276076 0.151100844 -3.117390394 -3.787691355 -13.302392960 0.000000000 0.000000000 -12.000000000 -0.617120743 0.158364862 0.016672982 0.009341973 0.017084396 0.009236396
1776849931.533298731 0.624494493 -0.042468507 0.227680832 0.010183913 0.988389671 -0.012276496 0.151100904 -3.116924047 -3.788810492 -13.303734779 0.000000000 0.000000000 -12.000000000 -0.618624687 0.158876300 0.016661670 0.009344961 0.017074086 0.009239044
1776849931.538345814 0.624494374 -0.042469680 0.227680802 0.010184730 0.988389611 -0.012276933 0.151100874 -3.116549730 -3.790005207 -13.304980278 0.000000000 0.000000000 -12.000000000 -0.620015144 0.159389645 0.016650409 0.009347960 0.017063752 0.009241700
1776849931.543164730 0.624494433 -0.042470790 0.227680892 0.010185496 0.988389611 -0.012277350 0.151100993 -3.116271496 -3.791281939 -13.306121826 0.000000000 0.000000000 -12.000000000 -0.621285439 0.159914419 0.016639207 0.009350975 0.017053397 0.009244366
1776849931.548412323 0.624494314 -0.042471923 0.227680862 0.010186284 0.988389611 -0.012277782 0.151100934 -3.116093159 -3.792647362 -13.307153702 0.000000000 0.000000000 -12.000000000 -0.622427940 0.160439849 0.016628072 0.009353999 0.017043024 0.009247039
1776849931.553500414 0.624494135 -0.042473245 0.227680773 0.010187208 0.988389611 -0.012278273 0.151100844 -3.116018772 -3.794107914 -13.308070183 0.000000000 0.000000000 -12.000000000 -0.623436928 0.160967261 0.016617009 0.009357034 0.017032634 0.009249723
1776849931.558475733 0.624494076 -0.042474613 0.227680773 0.010188161 0.988389611 -0.012278772 0.151100814 -3.116051435 -3.795669794 -13.308868408 0.000000000 0.000000000 -12.000000000 -0.624310493 0.161501288 0.016606024 0.009360082 0.017022230 0.009252414
1776849931.563441515 0.624494016 -0.042475943 0.227680892 0.010189082 0.988389552 -0.012279280 0.151100829 -3.116194725 -3.797339916 -13.309541702 0.000000000 0.000000000 -12.000000000 -0.625040054 0.162041634 0.016595118 0.009363143 0.017011812 0.009255115
1776849931.568373203 0.624493957 -0.042477377 0.227680773 0.010190089 0.988389552 -0.012279801 0.151100710 -3.116451025 -3.799124002 -13.310086250 0.000000000 0.000000000 -12.000000000 -0.625623703 0.162342697 0.016584303 0.009366048 0.017001385 0.009257820
1776849931.573469877 0.624493778 -0.042479157 0.227680802 0.010191337 0.988389552 -0.012280448 0.151100665 -3.116823435 -3.801028490 -13.310499191 0.000000000 0.000000000 -12.000000000 -0.626056671 0.162686825 0.016573580 0.009368990 0.016990950 0.009260532
1776849931.578618765 0.624493599 -0.042480800 0.227680773 0.010192524 0.988389552 -0.012281029 0.151100621 -3.117313862 -3.803059340 -13.310776711 0.000000000 0.000000000 -12.000000000 -0.626336098 0.163438261 0.016562955 0.009372215 0.016980512 0.009263256
1776849931.583444357 0.624493480 -0.042482726 0.227680802 0.010193760 0.988389552 -0.012281784 0.151100546 -3.117924452 -3.805222034 -13.310914993 0.000000000 0.000000000 -12.000000000 -0.626457214 0.163989738 0.016552433 0.009375315 0.016970072 0.009265989
1776849931.588412046 0.624493420 -0.042484514 0.227680832 0.010195114 0.988389492 -0.012282404 0.151100531 -3.118656397 -3.807522297 -13.310911179 0.000000000 0.000000000 -12.000000000 -0.626418114 0.164550155 0.016542019 0.009378432 0.016959632 0.009268732
1776849931.593413353 0.624493301 -0.042486519 0.227680832 0.010196517 0.988389492 -0.012283184 0.151100561 -3.119510651 -3.809965849 -13.310764313 0.000000000 0.000000000 -12.000000000 -0.626217842 0.165111959 0.016531717 0.009381559 0.016949195 0.009271484
1776849931.598229408 0.624493122 -0.042488489 0.227680773 0.010197834 0.988389492 -0.012283917 0.151100487 -3.120486975 -3.812557697 -13.310471535 0.000000000 0.000000000 -12.000000000 -0.625855446 0.165679038 0.016521528 0.009384698 0.016938765 0.009274245
1776849931.603440046 0.624493122 -0.042490277 0.227680862 0.010199011 0.988389432 -0.012284604 0.151100531 -3.121584892 -3.815303564 -13.310033798 0.000000000 0.000000000 -12.000000000 -0.625329971 0.166257963 0.016511457 0.009387854 0.016928343 0.009277016
1776849931.608447790 0.624492884 -0.042492203 0.227680832 0.010200421 0.988389432 -0.012285300 0.151100338 -3.122802019 -3.818207979 -13.309452057 0.000000000 0.000000000 -12.000000000 -0.624645233 0.166944146 0.016501503 0.009391095 0.016917933 0.009279799
1776849931.613457680 0.624492645 -0.042494055 0.227680683 0.010201653 0.988389432 -0.012286006 0.151100203 -3.124135017 -3.821276426 -13.308728218 0.000000000 0.000000000 -12.000000000 -0.623804092 0.167529136 0.016491666 0.009394277 0.016907535 0.009282591
1776849931.618440866 0.624492586 -0.042495739 0.227680832 0.010202925 0.988389432 -0.012286596 0.151100248 -3.125578880 -3.824513674 -13.307868958 0.000000000 0.000000000 -12.000000000 -0.622814178 0.168126583 0.016481945 0.009397478 0.016897155 0.009285393
1776849931.623563766 0.624492407 -0.042497508 0.227680683 0.010204114 0.988389432 -0.012287282 0.151100114 -3.127127171 -3.827924728 -13.306879044 0.000000000 0.000000000 -12.000000000 -0.621683121 0.168723240 0.016472338 0.009400687 0.016886793 0.009288205
1776849931.628552437 0.624492288 -0.042499326 0.227680713 0.010205325 0.988389432 -0.012287962 0.151100099 -3.128771067 -3.831514120 -13.305768013 0.000000000 0.000000000 -12.000000000 -0.620421410 0.169324070 0.016462840 0.009403910 0.016876454 0.009291027
1776849931.633493185 0.624492168 -0.042500954 0.227680653 0.010206517 0.988389432 -0.012288566 0.151099965 -3.130500317 -3.835286856 -13.304546356 0.000000000 0.000000000 -12.000000000 -0.619044304 0.170259744 0.016453439 0.009407371 0.016866136 0.009293864
1776849931.638389111 0.624492049 -0.042502586 0.227680713 0.010207658 0.988389373 -0.012289157 0.151099980 -3.132302761 -3.839246750 -13.303227425 0.000000000 0.000000000 -12.000000000 -0.617568016 0.169903785 0.016444132 0.009409966 0.016855843 0.009296697
1776849931.643503428 0.624491751 -0.042504102 0.227680653 0.010208704 0.988389373 -0.012289707 0.151099771 -3.134164333 -3.843398333 -13.301823616 0.000000000 0.000000000 -12.000000000 -0.616006851 0.170524359 0.016434906 0.009413222 0.016845576 0.009299539
1776849931.648611546 0.624491751 -0.042505529 0.227680653 0.010209779 0.988389373 -0.012290189 0.151099816 -3.136069775 -3.847745180 -13.300351143 0.000000000 0.000000000 -12.000000000 -0.614384651 0.171155617 0.016425747 0.009416495 0.016835338 0.009302392
1776849931.653209448 0.624491632 -0.042507138 0.227680653 0.010210818 0.988389373 -0.012290834 0.151099831 -3.138001919 -3.852290869 -13.298827171 0.000000000 0.000000000 -12.000000000 -0.612720490 0.171738192 0.016416645 0.009419746 0.016825125 0.009305254
1776849931.658338785 0.624491513 -0.042508539 0.227680594 0.010211847 0.988389373 -0.012291363 0.151099741 -3.139943123 -3.857038260 -13.297268867 0.000000000 0.000000000 -12.000000000 -0.611037254 0.172376335 0.016407583 0.009423045 0.016814942 0.009308127
1776849931.663277149 0.624491453 -0.042509980 0.227680713 0.010212854 0.988389313 -0.012291892 0.151099712 -3.141874313 -3.861989498 -13.295693398 0.000000000 0.000000000 -12.000000000 -0.609354973 0.173019350 0.016398549 0.009426356 0.016804786 0.009311010
1776849931.668121815 0.624491215 -0.042511493 0.227680564 0.010213906 0.988389313 -0.012292462 0.151099578 -3.143776417 -3.867146969 -13.294120789 0.000000000 0.000000000 -12.000000000 -0.607702255 0.173659861 0.016389523 0.009429678 0.016794657 0.009313905
1776849931.673186541 0.624491215 -0.042513065 0.227680534 0.010215038 0.988389313 -0.012292978 0.151099563 -3.145629644 -3.872511625 -13.292569160 0.000000000 0.000000000 -12.000000000 -0.606099129 0.174626380 0.016380491 0.009433232 0.016784556 0.009316815
1776849931.678357601 0.624491096 -0.042514622 0.227680564 0.010216114 0.988389313 -0.012293580 0.151099592 -3.147415161 -3.878083944 -13.291056633 0.000000000 0.000000000 -12.000000000 -0.604570389 0.175274521 0.016371433 0.009436586 0.016774479 0.009319737
1776849931.683507204 0.624490976 -0.042516254 0.227680534 0.010217315 0.988389313 -0.012294158 0.151099518 -3.149113894 -3.883864164 -13.289601326 0.000000000 0.000000000 -12.000000000 -0.603137970 0.175924450 0.016362336 0.009439952 0.016764427 0.009322668
1776849931.688145638 0.624490976 -0.042518023 0.227680653 0.010218454 0.988389254 -0.012294881 0.151099592 -3.150707960 -3.889851093 -13.288219452 0.000000000 0.000000000 -12.000000000 -0.601821899 0.176578552 0.016353182 0.009443331 0.016754396 0.009325611
1776849931.693564415 0.624490857 -0.042519767 0.227680594 0.010219605 0.988389254 -0.012295550 0.151099548 -3.152180910 -3.896043777 -13.286928177 0.000000000 0.000000000 -12.000000000 -0.600645065 0.177231640 0.016343957 0.009446720 0.016744386 0.009328566
1776849931.698148012 0.624490798 -0.042521439 0.227680773 0.010220828 0.988389194 -0.012296160 0.151099652 -3.153518200 -3.902440310 -13.285739899 0.000000000 0.000000000 -12.000000000 -0.599621773 0.177895159 0.016334645 0.009450127 0.016734393 0.009331531
1776849931.703160286 0.624490678 -0.042522993 0.227680683 0.010221911 0.988389194 -0.012296737 0.151099578 -3.154707909 -3.909037828 -13.284668922 0.000000000 0.000000000 -12.000000000 -0.598770142 0.178562611 0.016325234 0.009453549 0.016724413 0.009334507
1776849931.708260298 0.624490559 -0.042524718 0.227680713 0.010223201 0.988389194 -0.012297322 0.151099563 -3.155739784 -3.915833235 -13.283722878 0.000000000 0.000000000 -12.000000000 -0.598098755 0.179228187 0.016315712 0.009456980 0.016714444 0.009337494
1776849931.713138819 0.624490559 -0.042526394 0.227680773 0.010224308 0.988389134 -0.012297946 0.151099592 -3.156607389 -3.922822952 -13.282910347 0.000000000 0.000000000 -12.000000000 -0.597619057 0.179902077 0.016306072 0.009460427 0.016704485 0.009340492
1776849931.718142271 0.624490440 -0.042527754 0.227680713 0.010225314 0.988389134 -0.012298455 0.151099548 -3.157306194 -3.930002928 -13.282237053 0.000000000 0.000000000 -12.000000000 -0.597336769 0.180328310 0.016296305 0.009463716 0.016694529 0.009343497
1776849931.723347425 0.624490440 -0.042529311 0.227680713 0.010226461 0.988389134 -0.012299009 0.151099607 -3.157835245 -3.937367678 -13.281705856 0.000000000 0.000000000 -12.000000000 -0.597253799 0.181012779 0.016286407 0.009467189 0.016684575 0.009346514
1776849931.728245020 0.624490261 -0.042530641 0.227680713 0.010227319 0.988389134 -0.012299532 0.151099563 -3.158196449 -3.944912195 -13.281313896 0.000000000 0.000000000 -12.000000000 -0.597367287 0.181705713 0.016276374 0.009470680 0.016674619 0.009349543
1776849931.733297586 0.624490321 -0.042532049 0.227680802 0.010228240 0.988389075 -0.012300060 0.151099652 -3.158394337 -3.952630043 -13.281061172 0.000000000 0.000000000 -12.000000000 -0.597676277 0.182402223 0.016266206 0.009474184 0.016664658 0.009352583
1776849931.738243341 0.624490261 -0.042533487 0.227680743 0.010229304 0.988389075 -0.012300579 0.151099637 -3.158436298 -3.960514545 -13.280940056 0.000000000 0.000000000 -12.000000000 -0.598169327 0.183096975 0.016255910 0.009477699 0.016654689 0.009355634
1776849931.743491650 0.624490082 -0.042534851 0.227680802 0.010230249 0.988389075 -0.012301106 0.151099578 -3.158332348 -3.968558073 -13.280942917 0.000000000 0.000000000 -12.000000000 -0.598835945 0.183798343 0.016245484 0.009481230 0.016644709 0.009358698
1776849931.748298407 0.624490082 -0.042536486 0.227680832 0.010231328 0.988389015 -0.012301717 0.151099622 -3.158095598 -3.976752520 -13.281059265 0.000000000 0.000000000 -12.000000000 -0.599660873 0.184495211 0.016234940 0.009484770 0.016634714 0.009361773
1776849931.753308296 0.624489844 -0.042537995 0.227680802 0.010232391 0.988389015 -0.012302258 0.151099473 -3.157740355 -3.985089064 -13.281274796 0.000000000 0.000000000 -12.000000000 -0.600627899 0.185196042 0.016224286 0.009488324 0.016624704 0.009364859
1776849931.758218527 0.624489844 -0.042539518 0.227680802 0.010233503 0.988389015 -0.012302826 0.151099488 -3.157283783 -3.993558168 -13.281577110 0.000000000 0.000000000 -12.000000000 -0.601716995 0.185903683 0.016213531 0.009491893 0.016614676 0.009367958
1776849931.763300657 0.624489725 -0.042541109 0.227680802 0.010234552 0.988389015 -0.012303427 0.151099414 -3.156743288 -4.002149105 -13.281950951 0.000000000 0.000000000 -12.000000000 -0.602907181 0.186568871 0.016202688 0.009495446 0.016604627 0.009371067
1776849931.768205643 0.624489665 -0.042542782 0.227680981 0.010235715 0.988388956 -0.012304056 0.151099488 -3.156137705 -4.010850906 -13.282378197 0.000000000 0.000000000 -12.000000000 -0.604178429 0.187276989 0.016191771 0.009499040 0.016594557 0.009374188
1776849931.773447990 0.624489605 -0.042544510 0.227680981 0.010236884 0.988388956 -0.012304754 0.151099533 -3.155485868 -4.019649982 -13.282843590 0.000000000 0.000000000 -12.000000000 -0.605505943 0.188628808 0.016180795 0.009503085 0.016584465 0.009377332
1776849931.778507233 0.624489307 -0.042546775 0.227680832 0.010238416 0.988388956 -0.012305582 0.151099280 -3.154806376 -4.028532028 -13.283331871 0.000000000 0.000000000 -12.000000000 -0.606870651 0.189318389 0.016169772 0.009506700 0.016574351 0.009380488
1776849931.783535957 0.624489188 -0.042549737 0.227680802 0.010240533 0.988388956 -0.012306678 0.151099294 -3.154117346 -4.037479401 -13.283824921 0.000000000 0.000000000 -12.000000000 -0.608248711 0.189995259 0.016158713 0.009510318 0.016564213 0.009383654
1776849931.788385630 0.624488831 -0.042553324 0.227680832 0.010242945 0.988388896 -0.012308014 0.151099086 -3.153434992 -4.046471596 -13.284307480 0.000000000 0.000000000 -12.000000000 -0.609616280 0.190656334 0.016147641 0.009513936 0.016554052 0.009386832
1776849931.793147087 0.624488533 -0.042557493 0.227680743 0.010245848 0.988388896 -0.012309569 0.151098996 -3.152774572 -4.055485725 -13.284765244 0.000000000 0.000000000 -12.000000000 -0.610957146 0.191307545 0.016136564 0.009517559 0.016543869 0.009390021
1776849931.798416376 0.624488294 -0.042561971 0.227680773 0.010248967 0.988388836 -0.012311228 0.151098922 -3.152149916 -4.064494610 -13.285183907 0.000000000 0.000000000 -12.000000000 -0.612249374 0.191925108 0.016125498 0.009521170 0.016533665 0.009393220
1776849931.805798769 0.624487936 -0.042566288 0.227680743 0.010251980 0.988388836 -0.012312827 0.151098743 -3.151571989 -4.073468685 -13.285549164 0.000000000 0.000000000 -12.000000000 -0.613472939 0.192010671 0.016114458 0.009524427 0.016523441 0.009396420
1776849931.808482885 0.624487400 -0.042574480 0.227680773 0.010257745 0.988388777 -0.012315862 0.151098579 -3.151050568 -4.082376003 -13.285848618 0.000000000 0.000000000 -12.000000000 -0.614613533 0.192618400 0.016103456 0.009528043 0.016513199 0.009399630
1776849931.813254595 0.624487400 -0.042574480 0.227680773 0.010257745 0.988388777 -0.012315862 0.151098579 -3.150592566 -4.091182232 -13.286071777 0.000000000 0.000000000 -12.000000000 -0.615654945 0.193378210 0.016092502 0.009531773 0.016502937 0.009402853
1776849931.818117619 0.624487102 -0.042578612 0.227680773 0.010260563 0.988388717 -0.012317411 0.151098460 -3.150203228 -4.099852085 -13.286207199 0.000000000 0.000000000 -12.000000000 -0.616580009 0.194067478 0.016081607 0.009535466 0.016492661 0.009406088
1776849931.823179245 0.624486864 -0.042582057 0.227680802 0.010262939 0.988388658 -0.012318692 0.151098415 -3.149884462 -4.108349323 -13.286247253 0.000000000 0.000000000 -12.000000000 -0.617381096 0.195195287 0.016070785 0.009539471 0.016482372 0.009409341
1776849931.828331709 0.624486685 -0.042585194 0.227680802 0.010265047 0.988388658 -0.012319945 0.151098356 -3.149636984 -4.116637707 -13.286185265 0.000000000 0.000000000 -12.000000000 -0.618048668 0.196184546 0.016060039 0.009543400 0.016472071 0.009412611
1776849931.833146095 0.624486506 -0.042587865 0.227680802 0.010267057 0.988388658 -0.012320871 0.151098296 -3.149458647 -4.124680996 -13.286013603 0.000000000 0.000000000 -12.000000000 -0.618570328 0.196925730 0.016049381 0.009547177 0.016461762 0.009415893
1776849931.838532686 0.624486327 -0.042590518 0.227680802 0.010268906 0.988388598 -0.012321860 0.151098192 -3.149345160 -4.132444382 -13.285728455 0.000000000 0.000000000 -12.000000000 -0.618944168 0.197667316 0.016038816 0.009550965 0.016451446 0.009419187
1776849931.843368530 0.624486208 -0.042593021 0.227680802 0.010270588 0.988388598 -0.012322802 0.151098162 -3.149291515 -4.139893532 -13.285326004 0.000000000 0.000000000 -12.000000000 -0.619162560 0.198413521 0.016028352 0.009554770 0.016441127 0.009422494
1776849931.848409653 0.624485910 -0.042596050 0.227680743 0.010272710 0.988388598 -0.012323902 0.151098058 -3.149290085 -4.146996021 -13.284803391 0.000000000 0.000000000 -12.000000000 -0.619223595 0.199139401 0.016017990 0.009558573 0.016430806 0.009425813
1776849931.853780031 0.624485731 -0.042599067 0.227680773 0.010274778 0.988388538 -0.012325078 0.151097998 -3.149333000 -4.153722286 -13.284159660 0.000000000 0.000000000 -12.000000000 -0.619127274 0.199871272 0.016007736 0.009562392 0.016420487 0.009429145
1776849931.858424187 0.624485552 -0.042602442 0.227680802 0.010277066 0.988388538 -0.012326355 0.151097924 -3.149411201 -4.160044670 -13.283393860 0.000000000 0.000000000 -12.000000000 -0.618873596 0.200591832 0.015997589 0.009566216 0.016410172 0.009432488
1776849931.863895893 0.624485314 -0.042606179 0.227680892 0.010279763 0.988388479 -0.012327671 0.151097879 -3.149515152 -4.165937424 -13.282505035 0.000000000 0.000000000 -12.000000000 -0.618459702 0.201301172 0.015987558 0.009570044 0.016399864 0.009435843
1776849931.868422270 0.624484658 -0.042614229 0.227680832 0.010285339 0.988388419 -0.012330731 0.151097581 -3.149634361 -4.171379089 -13.281495094 0.000000000 0.000000000 -12.000000000 -0.617891312 0.201929346 0.015977638 0.009573828 0.016389566 0.009439209
1776849931.873389006 0.624484658 -0.042614229 0.227680832 0.010285339 0.988388419 -0.012330731 0.151097581 -3.149758577 -4.176349163 -13.280364037 0.000000000 0.000000000 -12.000000000 -0.617168427 0.202712566 0.015967835 0.009577729 0.016379280 0.009442587
1776849931.878359556 0.624484301 -0.042618357 0.227680683 0.010288222 0.988388419 -0.012332246 0.151097402 -3.149876356 -4.180830956 -13.279114723 0.000000000 0.000000000 -12.000000000 -0.616297722 0.203668326 0.015958142 0.009581761 0.016369008 0.009445982
1776849931.883366108 0.624484241 -0.042622466 0.227680862 0.010291011 0.988388360 -0.012333803 0.151097521 -3.149976492 -4.184811592 -13.277750969 0.000000000 0.000000000 -12.000000000 -0.615283012 0.204386696 0.015948566 0.009585647 0.016358754 0.009449389
1776849931.888262749 0.624483824 -0.042626552 0.227680802 0.010293926 0.988388360 -0.012335303 0.151097253 -3.150047302 -4.188279629 -13.276276588 0.000000000 0.000000000 -12.000000000 -0.614130974 0.205100119 0.015939098 0.009589540 0.016348518 0.009452807
1776849931.893431902 0.624483585 -0.042630155 0.227680773 0.010296371 0.988388300 -0.012336667 0.151097208 -3.150076151 -4.191227913 -13.274697304 0.000000000 0.000000000 -12.000000000 -0.612850189 0.205837131 0.015929736 0.009593463 0.016338304 0.009456238
1776849931.899968386 0.624483407 -0.042633664 0.227680802 0.010298898 0.988388240 -0.012337923 0.151097149 -3.150051355 -4.193653584 -13.273019791 0.000000000 0.000000000 -12.000000000 -0.611452103 0.206577867 0.015920479 0.009597399 0.016328113 0.009459681
1776849931.903541088 0.624482989 -0.042640585 0.227680773 0.010303688 0.988388181 -0.012340548 0.151097059 -3.149960518 -4.195555210 -13.271252632 0.000000000 0.000000000 -12.000000000 -0.609945297 0.207271934 0.015911316 0.009601316 0.016317947 0.009463135
1776849931.908645391 0.624482989 -0.042640585 0.227680773 0.010303688 0.988388181 -0.012340548 0.151097059 -3.149791479 -4.196938038 -13.269401550 0.000000000 0.000000000 -12.000000000 -0.608341217 0.208065659 0.015902247 0.009605313 0.016307808 0.009466602
1776849931.913449287 0.624482632 -0.042643633 0.227680743 0.010305842 0.988388181 -0.012341637 0.151096836 -3.149533272 -4.197809219 -13.267477036 0.000000000 0.000000000 -12.000000000 -0.606654167 0.208821461 0.015893262 0.009609297 0.016297698 0.009470083
1776849931.918370247 0.624482512 -0.042646553 0.227680892 0.010307875 0.988388121 -0.012342732 0.151096910 -3.149174929 -4.198180676 -13.265485764 0.000000000 0.000000000 -12.000000000 -0.604892731 0.209584966 0.015884355 0.009613300 0.016287617 0.009473576
1776849931.923408508 0.624482274 -0.042649206 0.227680743 0.010309693 0.988388121 -0.012343720 0.151096731 -3.148706913 -4.198067188 -13.263438225 0.000000000 0.000000000 -12.000000000 -0.603073120 0.210354656 0.015875518 0.009617318 0.016277567 0.009477082
1776849931.928502321 0.624482095 -0.042651616 0.227680832 0.010311306 0.988388121 -0.012344684 0.151096687 -3.148120880 -4.197487831 -13.261341095 0.000000000 0.000000000 -12.000000000 -0.601203918 0.211132705 0.015866745 0.009621356 0.016267547 0.009480600
1776849931.933752060 0.624482036 -0.042653911 0.227680802 0.010313000 0.988388121 -0.012345462 0.151096702 -3.147410393 -4.196464539 -13.259204865 0.000000000 0.000000000 -12.000000000 -0.599299431 0.211912319 0.015858026 0.009625407 0.016257560 0.009484132
1776849931.938554287 0.624481857 -0.042656265 0.227680832 0.010314692 0.988388062 -0.012346339 0.151096642 -3.146570444 -4.195024014 -13.257037163 0.000000000 0.000000000 -12.000000000 -0.597370148 0.212688103 0.015849357 0.009629468 0.016247604 0.009487676
1776849931.943121910 0.624481738 -0.042658918 0.227680892 0.010316491 0.988388062 -0.012347314 0.151096657 -3.145598173 -4.193193436 -13.254844666 0.000000000 0.000000000 -12.000000000 -0.595425606 0.213525474 0.015840730 0.009633586 0.016237680 0.009491235
1776849931.948148012 0.624481678 -0.042661466 0.227680862 0.010318220 0.988388002 -0.012348295 0.151096657 -3.144492149 -4.191005230 -13.252635956 0.000000000 0.000000000 -12.000000000 -0.593477249 0.214295387 0.015832137 0.009637671 0.016227789 0.009494807
1776849931.953094482 0.624481320 -0.042664185 0.227680773 0.010320154 0.988388002 -0.012349290 0.151096404 -3.143253803 -4.188491344 -13.250416756 0.000000000 0.000000000 -12.000000000 -0.591531754 0.215054601 0.015823577 0.009641761 0.016217930 0.009498391
1776849931.958147526 0.624481142 -0.042667124 0.227680773 0.010322110 0.988388002 -0.012350447 0.151096359 -3.141885996 -4.185687065 -13.248193741 0.000000000 0.000000000 -12.000000000 -0.589599609 0.215811491 0.015815036 0.009645863 0.016208103 0.009501988
1776849931.963141918 0.624480903 -0.042670920 0.227680862 0.010324763 0.988387942 -0.012351825 0.151096329 -3.140393019 -4.182626724 -13.245971680 0.000000000 0.000000000 -12.000000000 -0.587683678 0.217235044 0.015806518 0.009650433 0.016198307 0.009505609
1776849931.968097925 0.624480605 -0.042675279 0.227680862 0.010327799 0.988387883 -0.012353450 0.151096210 -3.138781071 -4.179344177 -13.243756294 0.000000000 0.000000000 -12.000000000 -0.585792542 0.217944741 0.015798016 0.009654538 0.016188543 0.009509241
1776849931.973098993 0.624480247 -0.042679824 0.227680773 0.010331029 0.988387883 -0.012355124 0.151096046 -3.137056828 -4.175871849 -13.241550446 0.000000000 0.000000000 -12.000000000 -0.583929062 0.218652695 0.015789526 0.009658654 0.016178811 0.009512885
1776849931.978127241 0.624480009 -0.042684108 0.227680832 0.010334016 0.988387823 -0.012356714 0.151095986 -3.135229111 -4.172242641 -13.239359856 0.000000000 0.000000000 -12.000000000 -0.582096100 0.219378680 0.015781045 0.009662794 0.016169108 0.009516542
1776849931.983104944 0.624479771 -0.042687904 0.227680802 0.010336594 0.988387823 -0.012358146 0.151095897 -3.133306742 -4.168486595 -13.237186432 0.000000000 0.000000000 -12.000000000 -0.580300331 0.220124394 0.015772570 0.009666960 0.016159438 0.009520210
1776849931.988210201 0.624479473 -0.042691618 0.227680832 0.010339190 0.988387764 -0.012359502 0.151095793 -3.131299973 -4.164631367 -13.235032082 0.000000000 0.000000000 -12.000000000 -0.578538895 0.220493317 0.015764102 0.009670881 0.016149795 0.009523885
1776849931.993143797 0.624479294 -0.042694993 0.227680862 0.010341596 0.988387764 -0.012360764 0.151095778 -3.129218817 -4.160705566 -13.232899666 0.000000000 0.000000000 -12.000000000 -0.567765236 0.221586943 0.015761822 0.009675303 0.016140332 0.009527578
1776849931.998423338 0.624478996 -0.042698551 0.227680892 0.010344022 0.988387704 -0.012362089 0.151095629 -3.127074003 -4.156734467 -13.230790138 0.000000000 0.000000000 -12.000000000 -0.566085815 0.222341895 0.015753508 0.009679512 0.016130898 0.009531284
1776849932.003280640 0.624478817 -0.042701665 0.227680832 0.010346150 0.988387704 -0.012363270 0.151095539 -3.124875784 -4.152741432 -13.228705406 0.000000000 0.000000000 -12.000000000 -0.564443588 0.223115295 0.015745195 0.009683746 0.016121490 0.009535003
1776849932.008092642 0.624478757 -0.042704441 0.227680951 0.010348163 0.988387644 -0.012364307 0.151095673 -3.122634649 -4.148748875 -13.226642609 0.000000000 0.000000000 -12.000000000 -0.562834740 0.224067450 0.015736887 0.009688116 0.016112110 0.009538737
1776849932.013135672 0.624478459 -0.042706974 0.227680832 0.010349931 0.988387644 -0.012365248 0.151095495 -3.120360613 -4.144776344 -13.224602699 0.000000000 0.000000000 -12.000000000 -0.561258316 0.224851400 0.015728584 0.009692386 0.016102755 0.009542485
1776849932.018162489 0.624478817 -0.042709544 0.227681160 0.010351581 0.988387525 -0.012366242 0.151096046 -3.118064642 -4.140842438 -13.222582817 0.000000000 0.000000000 -12.000000000 -0.559711456 0.225648090 0.015720285 0.009696677 0.016093427 0.009546245
1776849932.023326159 0.624482751 -0.042712454 0.227683097 0.010353481 0.988386691 -0.012367473 0.151101425 -3.115756989 -4.136962414 -13.220580101 0.000000000 0.000000000 -12.000000000 -0.558189392 0.226493746 0.015711997 0.009701016 0.016084123 0.009550020
1776849932.028533697 0.624482930 -0.042715330 0.227683157 0.010355383 0.988386571 -0.012368609 0.151101828 -3.113448381 -4.133149147 -13.218590736 0.000000000 0.000000000 -12.000000000 -0.556683540 0.227262154 0.015703723 0.009705316 0.016074846 0.009553808
1776849932.033402205 0.624483109 -0.042718060 0.227683216 0.010357175 0.988386452 -0.012369703 0.151102319 -3.111150503 -4.129414558 -13.216609955 0.000000000 0.000000000 -12.000000000 -0.555189133 0.228037745 0.015695466 0.009709634 0.016065592 0.009557609
1776849932.038433313 0.624483347 -0.042720940 0.227683365 0.010359322 0.988386393 -0.012370702 0.151102722 -3.108874798 -4.125768185 -13.214632034 0.000000000 0.000000000 -12.000000000 -0.553699493 0.228809908 0.015687231 0.009713963 0.016056364 0.009561422
1776849932.043130636 0.624483347 -0.042724289 0.227683425 0.010361581 0.988386273 -0.012371970 0.151103050 -3.106632471 -4.122218132 -13.212650299 0.000000000 0.000000000 -12.000000000 -0.552202225 0.229561329 0.015679026 0.009718289 0.016047161 0.009565248
1776849932.048521042 0.624483228 -0.042727593 0.227683485 0.010363815 0.988386214 -0.012373223 0.151103050 -3.104435444 -4.118770123 -13.210658073 0.000000000 0.000000000 -12.000000000 -0.550691605 0.230316624 0.015670855 0.009722631 0.016037982 0.009569087
1776849932.053198099 0.624483228 -0.042730469 0.227683574 0.010365870 0.988386154 -0.012374236 0.151103273 -3.102294922 -4.115428448 -13.208650589 0.000000000 0.000000000 -12.000000000 -0.549156189 0.231088966 0.015662724 0.009726997 0.016028829 0.009572938
1776849932.058486223 0.624483347 -0.042733230 0.227683574 0.010367717 0.988386095 -0.012375341 0.151103586 -3.100221395 -4.112197399 -13.206618309 0.000000000 0.000000000 -12.000000000 -0.547585487 0.231869295 0.015654646 0.009731382 0.016019702 0.009576802
1776849932.063561678 0.624483287 -0.042736389 0.227683693 0.010369940 0.988386035 -0.012376514 0.151103809 -3.098224640 -4.109077454 -13.204555511 0.000000000 0.000000000 -12.000000000 -0.545973778 0.232366234 0.015646620 0.009735585 0.016010603 0.009580675
1776849932.068411112 0.624483228 -0.042739868 0.227683723 0.010372349 0.988385975 -0.012377872 0.151103929 -3.096313953 -4.106069565 -13.202454567 0.000000000 0.000000000 -12.000000000 -0.544307709 0.233121082 0.015638661 0.009739975 0.016001532 0.009584560
1776849932.073200464 0.624483228 -0.042743653 0.227683842 0.010375008 0.988385916 -0.012379226 0.151104063 -3.094497442 -4.103171825 -13.200308800 0.000000000 0.000000000 -12.000000000 -0.542580605 0.233867154 0.015630769 0.009744369 0.015992489 0.009588458
1776849932.078488111 0.624483228 -0.042747661 0.227683872 0.010377700 0.988385797 -0.012380795 0.151104376 -3.092782497 -4.100381374 -13.198111534 0.000000000 0.000000000 -12.000000000 -0.540781021 0.234609768 0.015622955 0.009748775 0.015983475 0.009592368
1776849932.083416224 0.624483347 -0.042751379 0.227684081 0.010380420 0.988385677 -0.012382124 0.151104763 -3.091176271 -4.097693443 -13.195855141 0.000000000 0.000000000 -12.000000000 -0.538901329 0.235398561 0.015615226 0.009753224 0.015974494 0.009596292
1776849932.089046955 0.624483466 -0.042755328 0.227684230 0.010383058 0.988385558 -0.012383673 0.151105285 -3.089684963 -4.095102310 -13.193532944 0.000000000 0.000000000 -12.000000000 -0.536932945 0.236149043 0.015607590 0.009757660 0.015965546 0.009600228
1776849932.093192101 0.624483824 -0.042759527 0.227684349 0.010385897 0.988385439 -0.012385267 0.151105911 -3.088314056 -4.092601776 -13.191138268 0.000000000 0.000000000 -12.000000000 -0.534867287 0.236894503 0.015600053 0.009762106 0.015956631 0.009604176
1776849932.098480225 0.624484062 -0.042764217 0.227684498 0.010389202 0.988385260 -0.012387007 0.151106566 -3.087069035 -4.090182781 -13.188663483 0.000000000 0.000000000 -12.000000000 -0.532693863 0.237623677 0.015592624 0.009766552 0.015947754 0.009608136
1776849932.103552580 0.624484539 -0.042769369 0.227684826 0.010392619 0.988385081 -0.012389004 0.151107550 -3.085955143 -4.087837219 -13.186101913 0.000000000 0.000000000 -12.000000000 -0.530405045 0.238310933 0.015585310 0.009770982 0.015938913 0.009612108
1776849932.108179092 0.624485016 -0.042774569 0.227685124 0.010396283 0.988384843 -0.012390977 0.151108518 -3.084977627 -4.085553169 -13.183445930 0.000000000 0.000000000 -12.000000000 -0.527989388 0.239036590 0.015578121 0.009775450 0.015930114 0.009616092
1776849932.113122702 0.624485493 -0.042779919 0.227685273 0.010399881 0.988384604 -0.012393015 0.151109532 -3.084141731 -4.083320141 -13.180685997 0.000000000 0.000000000 -12.000000000 -0.525436401 0.239758581 0.015571065 0.009779927 0.015921356 0.009620088
1776849932.118154764 0.624486208 -0.042785700 0.227685720 0.010403897 0.988384366 -0.012395179 0.151110843 -3.083453178 -4.081125259 -13.177812576 0.000000000 0.000000000 -12.000000000 -0.522735596 0.240474343 0.015564154 0.009784412 0.015912645 0.009624096
1776849932.123492956 0.624486625 -0.042791575 0.227685988 0.010407944 0.988384128 -0.012397428 0.151111752 -3.082917690 -4.078954220 -13.174818039 0.000000000 0.000000000 -12.000000000 -0.519875526 0.241251692 0.015557396 0.009788951 0.015903980 0.009628116
1776849932.128457308 0.624487042 -0.042798050 0.227686226 0.010412325 0.988383889 -0.012399914 0.151112810 -3.082540751 -4.076792717 -13.171689987 0.000000000 0.000000000 -12.000000000 -0.516841888 0.241944879 0.015550803 0.009793445 0.015895365 0.009632149
1776849932.133417368 0.624487579 -0.042804807 0.227686524 0.010416994 0.988383651 -0.012402452 0.151113972 -3.082328796 -4.074625015 -13.168417931 0.000000000 0.000000000 -12.000000000 -0.513621330 0.242634028 0.015544390 0.009797948 0.015886804 0.009636193
1776849932.138191462 0.624488533 -0.042811967 0.227686971 0.010421913 0.988383293 -0.012405180 0.151115626 -3.082287788 -4.072434902 -13.164991379 0.000000000 0.000000000 -12.000000000 -0.510201454 0.243079796 0.015538167 0.009802297 0.015878301 0.009640244
1776849932.143174171 0.624489486 -0.042819586 0.227687389 0.010427156 0.988382936 -0.012408061 0.151117325 -3.082424641 -4.070205688 -13.161396027 0.000000000 0.000000000 -12.000000000 -0.506564140 0.243758172 0.015532148 0.009806812 0.015869858 0.009644306
1776849932.148169279 0.624490082 -0.042827308 0.227687746 0.010432531 0.988382638 -0.012410982 0.151118696 -3.082746029 -4.067917824 -13.157619476 0.000000000 0.000000000 -12.000000000 -0.502696037 0.244431823 0.015526349 0.009811334 0.015861480 0.009648380
1776849932.153341532 0.624490678 -0.042835161 0.227688074 0.010437907 0.988382339 -0.012413980 0.151119947 -3.083259344 -4.065554142 -13.153649330 0.000000000 0.000000000 -12.000000000 -0.498579025 0.245420679 0.015520784 0.009816084 0.015853170 0.009652470
1776849932.158474922 0.624490738 -0.042843089 0.227688342 0.010443380 0.988382161 -0.012416947 0.151120603 -3.083971262 -4.063095093 -13.149470329 0.000000000 0.000000000 -12.000000000 -0.494196892 0.246083677 0.015515469 0.009820628 0.015844934 0.009656572
1776849932.163348198 0.624490678 -0.042851418 0.227688372 0.010449163 0.988381982 -0.012420049 0.151121050 -3.084888935 -4.060521126 -13.145069122 0.000000000 0.000000000 -12.000000000 -0.489533424 0.246735021 0.015510419 0.009825174 0.015836775 0.009660684
1776849932.168463469 0.624490321 -0.042859722 0.227688402 0.010454888 0.988381922 -0.012423191 0.151121095 -3.086018562 -4.057814598 -13.140431404 0.000000000 0.000000000 -12.000000000 -0.484570503 0.247387022 0.015505652 0.009829732 0.015828699 0.009664807
1776849932.173150063 0.624489903 -0.042868651 0.227688551 0.010461140 0.988381803 -0.012426499 0.151121199 -3.087365389 -4.054956913 -13.135545731 0.000000000 0.000000000 -12.000000000 -0.475142479 0.248064026 0.015504017 0.009834317 0.015820779 0.009668941
1776849932.178138256 0.624489367 -0.042877935 0.227688581 0.010467615 0.988381684 -0.012429985 0.151121110 -3.088933229 -4.051932812 -13.130399704 0.000000000 0.000000000 -12.000000000 -0.469543457 0.248689711 0.015499925 0.009838878 0.015812954 0.009673085
1776849932.183218002 0.624488831 -0.042887922 0.227688581 0.010474542 0.988381565 -0.012433709 0.151121005 -3.090723515 -4.048727512 -13.124983788 0.000000000 0.000000000 -12.000000000 -0.463609695 0.249296397 0.015496154 0.009843437 0.015805228 0.009677240
1776849932.188646317 0.624488354 -0.042898666 0.227688700 0.010482008 0.988381445 -0.012437734 0.151121080 -3.092736006 -4.045328617 -13.119289398 0.000000000 0.000000000 -12.000000000 -0.457329750 0.249933273 0.015492720 0.009848027 0.015797606 0.009681405
1776849932.193695307 0.624487519 -0.042909984 0.227688611 0.010489978 0.988381326 -0.012441888 0.151120737 -3.094967127 -4.041726112 -13.113310814 0.000000000 0.000000000 -12.000000000 -0.450696945 0.250552535 0.015489629 0.009852616 0.015790094 0.009685582
1776849932.198537827 0.624486804 -0.042921700 0.227688640 0.010498132 0.988381207 -0.012446268 0.151120529 -3.097411871 -4.037912846 -13.107046127 0.000000000 0.000000000 -12.000000000 -0.443714142 0.251170397 0.015486890 0.009857215 0.015782699 0.009689768
1776849932.203125715 0.624485791 -0.042933192 0.227688342 0.010506049 0.988381207 -0.012450614 0.151119992 -3.100061893 -4.033884525 -13.100492477 0.000000000 0.000000000 -12.000000000 -0.436377525 0.251796722 0.015484507 0.009861829 0.015775425 0.009693964
1776849932.208356619 0.624485016 -0.042944819 0.227688313 0.010514230 0.988381088 -0.012454884 0.151119694 -3.102906704 -4.029638767 -13.093653679 0.000000000 0.000000000 -12.000000000 -0.428694725 0.252512395 0.015482483 0.009866514 0.015768280 0.009698173
1776849932.213159800 0.624484420 -0.042956352 0.227688462 0.010522225 0.988380969 -0.012459199 0.151119694 -3.105932951 -4.025178432 -13.086531639 0.000000000 0.000000000 -12.000000000 -0.420671463 0.253160298 0.015480822 0.009871165 0.015761269 0.009702392
1776849932.218340874 0.624483466 -0.042967990 0.227688432 0.010530360 0.988380849 -0.012463526 0.151119262 -3.109125614 -4.020506382 -13.079134941 0.000000000 0.000000000 -12.000000000 -0.412321091 0.253800035 0.015479517 0.009875822 0.015754398 0.009706622
1776849932.223526955 0.624482810 -0.042980172 0.227688402 0.010538857 0.988380730 -0.012468036 0.151119128 -3.112467766 -4.015630722 -13.071472168 0.000000000 0.000000000 -12.000000000 -0.399234772 0.254658639 0.015481588 0.009880639 0.015747745 0.009710866
1776849932.228263855 0.624482036 -0.042992454 0.227688521 0.010547356 0.988380611 -0.012472657 0.151118934 -3.115940571 -4.010560513 -13.063553810 0.000000000 0.000000000 -12.000000000 -0.390262604 0.255291849 0.015481065 0.009885316 0.015741240 0.009715121
1776849932.233455658 0.624481082 -0.043004971 0.227688432 0.010556149 0.988380551 -0.012477287 0.151118547 -3.119524717 -4.005307198 -13.055392265 0.000000000 0.000000000 -12.000000000 -0.381011963 0.255915046 0.015480882 0.009889997 0.015734890 0.009719387
1776849932.238129377 0.624480307 -0.043017600 0.227688402 0.010564946 0.988380432 -0.012481977 0.151118323 -3.123199701 -3.999882936 -13.047002792 0.000000000 0.000000000 -12.000000000 -0.371502876 0.256753266 0.015481031 0.009894835 0.015728699 0.009723666
1776849932.243437767 0.624479532 -0.043030292 0.227688372 0.010573734 0.988380313 -0.012486751 0.151118115 -3.126944780 -3.994302273 -13.038400650 0.000000000 0.000000000 -12.000000000 -0.361760139 0.257382989 0.015481496 0.009899545 0.015722670 0.009727956
1776849932.248505116 0.624479055 -0.043043096 0.227688640 0.010582684 0.988380075 -0.012491539 0.151118353 -3.130739212 -3.988580227 -13.029602051 0.000000000 0.000000000 -12.000000000 -0.351803780 0.258020043 0.015482270 0.009904269 0.015716806 0.009732256
1776849932.253567934 0.624483407 -0.043056320 0.227690995 0.010591514 0.988378942 -0.012496715 0.151124910 -3.134562731 -3.982731819 -13.020624161 0.000000000 0.000000000 -12.000000000 -0.341657639 0.258753717 0.015483340 0.009909071 0.015711112 0.009736569
1776849932.258107424 0.624483943 -0.043069359 0.227691382 0.010600521 0.988378525 -0.012501641 0.151126593 -3.138395071 -3.976773739 -13.011483192 0.000000000 0.000000000 -12.000000000 -0.331346512 0.259323925 0.015484692 0.009913773 0.015705589 0.009740891
1776849932.263451099 0.624484479 -0.043082386 0.227691829 0.010609486 0.988378108 -0.012506569 0.151128128 -3.142216682 -3.970722437 -13.002199173 0.000000000 0.000000000 -12.000000000 -0.320894241 0.259971052 0.015486312 0.009918538 0.015700242 0.009745223
1776849932.268419504 0.624485135 -0.043094486 0.227692366 0.010617835 0.988377750 -0.012511152 0.151129767 -3.146008730 -3.964594841 -12.992788315 0.000000000 0.000000000 -12.000000000 -0.310323715 0.260654211 0.015488187 0.009923338 0.015695069 0.009749568
1776849932.273176908 0.624485373 -0.043105982 0.227692634 0.010625801 0.988377392 -0.012515459 0.151130930 -3.149753094 -3.958407640 -12.983270645 0.000000000 0.000000000 -12.000000000 -0.299662590 0.261339813 0.015490300 0.009928150 0.015690075 0.009753924
1776849932.278176308 0.624485075 -0.043116618 0.227692723 0.010633100 0.988377213 -0.012519450 0.151131153 -3.153431892 -3.952177763 -12.973664284 0.000000000 0.000000000 -12.000000000 -0.288932800 0.262040526 0.015492639 0.009932985 0.015685260 0.009758291
1776849932.283558607 0.624484897 -0.043126434 0.227692932 0.010639987 0.988377035 -0.012523094 0.151131585 -3.157027483 -3.945920944 -12.963986397 0.000000000 0.000000000 -12.000000000 -0.278158188 0.262763113 0.015495186 0.009937845 0.015680624 0.009762670
1776849932.288484573 0.624484777 -0.043135751 0.227692991 0.010646458 0.988376856 -0.012526555 0.151132032 -3.160522699 -3.939652920 -12.954257011 0.000000000 0.000000000 -12.000000000 -0.267364502 0.263708681 0.015497926 0.009942871 0.015676169 0.009767065
1776849932.293300629 0.624484360 -0.043144125 0.227692962 0.010652261 0.988376796 -0.012529728 0.151132032 -3.163899899 -3.933388948 -12.944494247 0.000000000 0.000000000 -12.000000000 -0.256573677 0.264453948 0.015500843 0.009947775 0.015671892 0.009771473
1776849932.298421144 0.624483943 -0.043151792 0.227692991 0.010657530 0.988376677 -0.012532610 0.151132032 -3.167142153 -3.927143812 -12.934716225 0.000000000 0.000000000 -12.000000000 -0.245811462 0.265213817 0.015503922 0.009952702 0.015667796 0.009775893
1776849932.303329706 0.624483705 -0.043158971 0.227693081 0.010662517 0.988376558 -0.012535295 0.151132181 -3.170231581 -3.920932055 -12.924943924 0.000000000 0.000000000 -12.000000000 -0.235103607 0.265980184 0.015507141 0.009957646 0.015663877 0.009780326
1776849932.308411598 0.624483347 -0.043165687 0.227693111 0.010667222 0.988376498 -0.012537788 0.151132151 -3.173151255 -3.914768219 -12.915194511 0.000000000 0.000000000 -12.000000000 -0.224471092 0.266992807 0.015510487 0.009962771 0.015660135 0.009784776
1776849932.313591719 0.624482930 -0.043178104 0.227693200 0.010675875 0.988376319 -0.012542439 0.151132435 -3.175883293 -3.908666611 -12.905488968 0.000000000 0.000000000 -12.000000000 -0.245545387 0.266791582 0.015492346 0.009967083 0.015656043 0.009789222
1776849932.318540096 0.624482930 -0.043178104 0.227693200 0.010675875 0.988376319 -0.012542439 0.151132435 -3.178411007 -3.902641773 -12.895845413 0.000000000 0.000000000 -12.000000000 -0.235114098 0.267612755 0.015495381 0.009972091 0.015652124 0.009793682
1776849932.323325396 0.624482989 -0.043183371 0.227693409 0.010679595 0.988376141 -0.012544381 0.151132867 -3.180717468 -3.896708250 -12.886283875 0.000000000 0.000000000 -12.000000000 -0.224832535 0.268406272 0.015498488 0.009977093 0.015648376 0.009798155
1776849932.328396559 0.624483109 -0.043188278 0.227693498 0.010682942 0.988376021 -0.012546260 0.151133448 -3.182787418 -3.890880108 -12.876821518 0.000000000 0.000000000 -12.000000000 -0.214727402 0.269198418 0.015501646 0.009982107 0.015644798 0.009802641
1776849932.333346128 0.624483526 -0.043193128 0.227693737 0.010686235 0.988375843 -0.012548088 0.151134327 -3.184606791 -3.885171652 -12.867477417 0.000000000 0.000000000 -12.000000000 -0.204817772 0.269988537 0.015504839 0.009987134 0.015641384 0.009807141
1776849932.338123083 0.624483407 -0.043198008 0.227693737 0.010689655 0.988375723 -0.012549946 0.151134476 -3.186162710 -3.879596233 -12.858266830 0.000000000 0.000000000 -12.000000000 -0.195124626 0.270755887 0.015508048 0.009992158 0.015638132 0.009811654
1776849932.343167543 0.624482274 -0.043206085 0.227693081 0.010693817 0.988375783 -0.012553877 0.151133463 -3.187444925 -3.874166012 -12.849205971 0.000000000 0.000000000 -12.000000000 -0.185667992 0.271401525 0.015511259 0.009997112 0.015635038 0.009816177
1776849932.348202705 0.624481797 -0.043212429 0.227693111 0.010698092 0.988375723 -0.012556350 0.151133269 -3.188445568 -3.868893862 -12.840308189 0.000000000 0.000000000 -12.000000000 -0.176464081 0.272116840 0.015514454 0.010002124 0.015632097 0.009820713
1776849932.353141785 0.624481559 -0.043218866 0.227693319 0.010702481 0.988375664 -0.012558804 0.151133448 -3.189158678 -3.863790751 -12.831584930 0.000000000 0.000000000 -12.000000000 -0.167525291 0.272832751 0.015517621 0.010007149 0.015629305 0.009825260
1776849932.358119965 0.624480963 -0.043225206 0.227693141 0.010706873 0.988375604 -0.012561211 0.151133090 -3.189581633 -3.858867645 -12.823046684 0.000000000 0.000000000 -12.000000000 -0.158864975 0.273538888 0.015520748 0.010012179 0.015626658 0.009829819
1776849932.363197327 0.624480546 -0.043231189 0.227693111 0.010710994 0.988375604 -0.012563469 0.151132867 -3.189712763 -3.854134321 -12.814702988 0.000000000 0.000000000 -12.000000000 -0.150490761 0.274312139 0.015523823 0.010017266 0.015624150 0.009834391
1776849932.368261099 0.624480188 -0.043236516 0.227693111 0.010714560 0.988375545 -0.012565506 0.151132762 -3.189553976 -3.849600315 -12.806561470 0.000000000 0.000000000 -12.000000000 -0.142413139 0.275046170 0.015526834 0.010022339 0.015621776 0.009838975
1776849932.373165607 0.624479771 -0.043241609 0.227693081 0.010718024 0.988375485 -0.012567452 0.151132509 -3.189108372 -3.845273495 -12.798627853 0.000000000 0.000000000 -12.000000000 -0.134636879 0.275780261 0.015529774 0.010027424 0.015619532 0.009843571
1776849932.378421545 0.624479413 -0.043246269 0.227693111 0.010721271 0.988375485 -0.012569194 0.151132450 -3.188380957 -3.841160774 -12.790907860 0.000000000 0.000000000 -12.000000000 -0.127164841 0.276520133 0.015532636 0.010032527 0.015617413 0.009848180
1776849932.383409977 0.624479175 -0.043250211 0.227693141 0.010723870 0.988375425 -0.012570722 0.151132345 -3.187378407 -3.837268114 -12.783409119 0.000000000 0.000000000 -12.000000000 -0.120003700 0.277280450 0.015535410 0.010037655 0.015615412 0.009852801
1776849932.388104439 0.624478698 -0.043253608 0.227692932 0.010726338 0.988375425 -0.012571959 0.151132032 -3.186109543 -3.833599806 -12.776134491 0.000000000 0.000000000 -12.000000000 -0.113154411 0.278035462 0.015538090 0.010042793 0.015613526 0.009857436
1776849932.393229008 0.624478638 -0.043256551 0.227693021 0.010728294 0.988375366 -0.012573120 0.151132062 -3.184582949 -3.830159426 -12.769089699 0.000000000 0.000000000 -12.000000000 -0.106619835 0.278807759 0.015540670 0.010047954 0.015611749 0.009862082
1776849932.398536682 0.624478340 -0.043259200 0.227693021 0.010730111 0.988375366 -0.012574113 0.151131973 -3.182808876 -3.826949596 -12.762277603 0.000000000 0.000000000 -12.000000000 -0.100399971 0.279568434 0.015543142 0.010053121 0.015610076 0.009866741
1776849932.403187037 0.624478161 -0.043261722 0.227692872 0.010731800 0.988375366 -0.012575123 0.151131809 -3.180798292 -3.823971748 -12.755704880 0.000000000 0.000000000 -12.000000000 -0.094497681 0.279907167 0.015545502 0.010058011 0.015608501 0.009871406
1776849932.408511877 0.624478102 -0.043264206 0.227692962 0.010733446 0.988375306 -0.012576095 0.151131839 -3.178562403 -3.821226120 -12.749372482 0.000000000 0.000000000 -12.000000000 -0.088909149 0.280663550 0.015547746 0.010063194 0.015607019 0.009876085
1776849932.413283348 0.624477744 -0.043266416 0.227692872 0.010735083 0.988375306 -0.012576845 0.151131660 -3.176112413 -3.818712711 -12.743286133 0.000000000 0.000000000 -12.000000000 -0.083638191 0.281408727 0.015549866 0.010068380 0.015605625 0.009880775
1776849932.418170214 0.624477804 -0.043268643 0.227692991 0.010736597 0.988375306 -0.012577734 0.151131809 -3.173460484 -3.816430807 -12.737447739 0.000000000 0.000000000 -12.000000000 -0.078683853 0.282157332 0.015551858 0.010073582 0.015604313 0.009885477
1776849932.423473120 0.624477565 -0.043270461 0.227692872 0.010737739 0.988375306 -0.012578445 0.151131675 -3.170619249 -3.814379215 -12.731861115 0.000000000 0.000000000 -12.000000000 -0.074045181 0.282900214 0.015553716 0.010078792 0.015603079 0.009890192
1776849932.428192377 0.624477267 -0.043272767 0.227692813 0.010739415 0.988375306 -0.012579269 0.151131436 -3.167601109 -3.812556505 -12.726527214 0.000000000 0.000000000 -12.000000000 -0.069718361 0.283986270 0.015555439 0.010084249 0.015601917 0.009894925
1776849932.433218479 0.624477208 -0.043275200 0.227692872 0.010741105 0.988375247 -0.012580178 0.151131466 -3.164419174 -3.810961008 -12.721448898 0.000000000 0.000000000 -12.000000000 -0.065701485 0.284701407 0.015557021 0.010089471 0.015600822 0.009899670
1776849932.438446045 0.624477029 -0.043277241 0.227692813 0.010742586 0.988375247 -0.012580940 0.151131392 -3.161087513 -3.809591532 -12.716626167 0.000000000 0.000000000 -12.000000000 -0.061992645 0.285414338 0.015558461 0.010094704 0.015599789 0.009904427
1776849932.443583012 0.624476969 -0.043279484 0.227692902 0.010744087 0.988375187 -0.012581779 0.151131451 -3.157619953 -3.808446646 -12.712059021 0.000000000 0.000000000 -12.000000000 -0.058586121 0.285681844 0.015559755 0.010099643 0.015598813 0.009909188
1776849932.448539972 0.624476731 -0.043281518 0.227692842 0.010745520 0.988375187 -0.012582556 0.151131332 -3.154031277 -3.807526112 -12.707747459 0.000000000 0.000000000 -12.000000000 -0.055477142 0.286700338 0.015560904 0.010105100 0.015597888 0.009913967
1776849932.453375816 0.624476671 -0.043283425 0.227692753 0.010746825 0.988375187 -0.012583265 0.151131317 -3.150336504 -3.806829214 -12.703689575 0.000000000 0.000000000 -12.000000000 -0.052659988 0.287399828 0.015561905 0.010110357 0.015597011 0.009918757
1776849932.458112955 0.624476612 -0.043285593 0.227692932 0.010748337 0.988375127 -0.012584060 0.151131436 -3.146551371 -3.806356430 -12.699884415 0.000000000 0.000000000 -12.000000000 -0.050128937 0.287822366 0.015562756 0.010115435 0.015596176 0.009923554
1776849932.463168621 0.624476552 -0.043287292 0.227692872 0.010749463 0.988375127 -0.012584751 0.151131362 -3.142692089 -3.806108713 -12.696326256 0.000000000 0.000000000 -12.000000000 -0.047874451 0.288513273 0.015563461 0.010120705 0.015595377 0.009928362
1776849932.468446493 0.624476314 -0.043289028 0.227692783 0.010750684 0.988375127 -0.012585375 0.151131198 -3.138776302 -3.806087494 -12.693012238 0.000000000 0.000000000 -12.000000000 -0.045886993 0.289189279 0.015564022 0.010125975 0.015594613 0.009933182
1776849932.473476887 0.624476314 -0.043290325 0.227692902 0.010751634 0.988375068 -0.012585872 0.151131287 -3.134820938 -3.806295156 -12.689936638 0.000000000 0.000000000 -12.000000000 -0.044158936 0.289876372 0.015564438 0.010131265 0.015593877 0.009938014
1776849932.480272532 0.624476135 -0.043291401 0.227692842 0.010752296 0.988375127 -0.012586332 0.151131198 -3.130845308 -3.806734324 -12.687092781 0.000000000 0.000000000 -12.000000000 -0.042675972 0.290552855 0.015564715 0.010136559 0.015593166 0.009942857
1776849932.483366013 0.624476135 -0.043292139 0.227692813 0.010752842 0.988375068 -0.012586555 0.151131183 -3.126867771 -3.807407856 -12.684473038 0.000000000 0.000000000 -12.000000000 -0.041425705 0.291619807 0.015564858 0.010142131 0.015592475 0.009947717
1776849932.488223314 0.624476075 -0.043292940 0.227692813 0.010753396 0.988375068 -0.012586854 0.151131183 -3.122908354 -3.808319569 -12.682066917 0.000000000 0.000000000 -12.000000000 -0.040393829 0.292283207 0.015564873 0.010147444 0.015591802 0.009952589
1776849932.493107080 0.624475956 -0.043293577 0.227692783 0.010753846 0.988375068 -0.012587091 0.151131079 -3.118986607 -3.809473753 -12.679863930 0.000000000 0.000000000 -12.000000000 -0.039566040 0.292938143 0.015564766 0.010152763 0.015591143 0.009957471
1776849932.498110533 0.624475896 -0.043294221 0.227692783 0.010754295 0.988375068 -0.012587328 0.151131004 -3.115121841 -3.810875177 -12.677851677 0.000000000 0.000000000 -12.000000000 -0.038921356 0.293583840 0.015564546 0.010158086 0.015590494 0.009962364
1776849932.503138542 0.624475777 -0.043294773 0.227692783 0.010754582 0.988375068 -0.012587612 0.151130989 -3.111333370 -3.812527418 -12.676018715 0.000000000 0.000000000 -12.000000000 -0.038446426 0.294221103 0.015564222 0.010163415 0.015589853 0.009967268
1776849932.508134842 0.624475777 -0.043295264 0.227692842 0.010754923 0.988375068 -0.012587800 0.151131034 -3.107638597 -3.814434767 -12.674351692 0.000000000 0.000000000 -12.000000000 -0.038123131 0.294849247 0.015563802 0.010168748 0.015589218 0.009972182
1776849932.513131142 0.624475658 -0.043295901 0.227692723 0.010755498 0.988375068 -0.012587993 0.151130840 -3.104054451 -3.816599846 -12.672840118 0.000000000 0.000000000 -12.000000000 -0.037935257 0.295531303 0.015563295 0.010174129 0.015588585 0.009977108
1776849932.518128633 0.624475598 -0.043296203 0.227692693 0.010755703 0.988375127 -0.012588123 0.151130781 -3.100595236 -3.819025278 -12.671472549 0.000000000 0.000000000 -12.000000000 -0.037870407 0.296140492 0.015562707 0.010179471 0.015587954 0.009982044
1776849932.523200512 0.624475539 -0.043296654 0.227692574 0.010755963 0.988375127 -0.012588290 0.151130736 -3.097273350 -3.821712255 -12.670238495 0.000000000 0.000000000 -12.000000000 -0.037913322 0.296732545 0.015562047 0.010184810 0.015587322 0.009986989
1776849932.528557777 0.624475598 -0.043297134 0.227692783 0.010756357 0.988375068 -0.012588413 0.151130930 -3.094098330 -3.824661016 -12.669130325 0.000000000 0.000000000 -12.000000000 -0.038055420 0.297323585 0.015561318 0.010190161 0.015586688 0.009991945
1776849932.533284187 0.624475420 -0.043297552 0.227692634 0.010756542 0.988375127 -0.012588665 0.151130676 -3.091077805 -3.827871323 -12.668140411 0.000000000 0.000000000 -12.000000000 -0.038285255 0.297893405 0.015560526 0.010195505 0.015586050 0.009996910
1776849932.538288116 0.624475241 -0.043297954 0.227692604 0.010756909 0.988375127 -0.012588710 0.151130527 -3.088216066 -3.831341028 -12.667262077 0.000000000 0.000000000 -12.000000000 -0.038595200 0.298451066 0.015559676 0.010200852 0.015585407 0.010001884
1776849932.543651581 0.624475300 -0.043298505 0.227692634 0.010757259 0.988375068 -0.012588974 0.151130691 -3.085515738 -3.835067034 -12.666490555 0.000000000 0.000000000 -12.000000000 -0.038981438 0.299002588 0.015558769 0.010206202 0.015584757 0.010006867
1776849932.548379898 0.624475479 -0.043299008 0.227692664 0.010757602 0.988375068 -0.012589162 0.151130795 -3.082977533 -3.839045286 -12.665821075 0.000000000 0.000000000 -12.000000000 -0.039436340 0.299549043 0.015557808 0.010211560 0.015584099 0.010011860
1776849932.553251028 0.624475360 -0.043299429 0.227692723 0.010757885 0.988375068 -0.012589340 0.151130840 -3.080600739 -3.843270063 -12.665250778 0.000000000 0.000000000 -12.000000000 -0.039958000 0.300072998 0.015556795 0.010216910 0.015583433 0.010016861
1776849932.558084726 0.624475479 -0.043299656 0.227692753 0.010758046 0.988375008 -0.012589420 0.151130959 -3.078384161 -3.847734451 -12.664772987 0.000000000 0.000000000 -12.000000000 -0.040542603 0.300612807 0.015555728 0.010222280 0.015582757 0.010021872
1776849932.563104391 0.624475539 -0.043299966 0.227692783 0.010758194 0.988375008 -0.012589556 0.151131034 -3.076327085 -3.852430582 -12.664382935 0.000000000 0.000000000 -12.000000000 -0.041180611 0.301117897 0.015554617 0.010227636 0.015582071 0.010026891
1776849932.568159819 0.624475539 -0.043300234 0.227692634 0.010758438 0.988375008 -0.012589643 0.151131004 -3.074428797 -3.857349396 -12.664072990 0.000000000 0.000000000 -12.000000000 -0.041867256 0.301613331 0.015553461 0.010232993 0.015581373 0.010031918
1776849932.573379040 0.624475598 -0.043300655 0.227692723 0.010758668 0.988375008 -0.012589814 0.151131138 -3.072690248 -3.862479925 -12.663836479 0.000000000 0.000000000 -12.000000000 -0.042593956 0.302092791 0.015552267 0.010238348 0.015580663 0.010036953
1776849932.578369141 0.624475598 -0.043300804 0.227692664 0.010758832 0.988375008 -0.012589861 0.151131138 -3.071113110 -3.867811203 -12.663661003 0.000000000 0.000000000 -12.000000000 -0.043346405 0.302556038 0.015551043 0.010243699 0.015579941 0.010041995
1776849932.583419800 0.624475598 -0.043301068 0.227692604 0.010759016 0.988375008 -0.012589958 0.151131094 -3.069700956 -3.873329878 -12.663537025 0.000000000 0.000000000 -12.000000000 -0.044116020 0.303005487 0.015549796 0.010249048 0.015579206 0.010047045
1776849932.588362932 0.624475539 -0.043301258 0.227692664 0.010759089 0.988375008 -0.012590039 0.151131123 -3.068458557 -3.879022121 -12.663452148 0.000000000 0.000000000 -12.000000000 -0.044886589 0.303440511 0.015548534 0.010254395 0.015578458 0.010052102
1776849932.593444586 0.624475539 -0.043301359 0.227692664 0.010759176 0.988375008 -0.012590099 0.151131123 -3.067391634 -3.884872437 -12.663393974 0.000000000 0.000000000 -12.000000000 -0.045644760 0.303861111 0.015547267 0.010259740 0.015577697 0.010057166
1776849932.598150730 0.624475539 -0.043301448 0.227692664 0.010759277 0.988375008 -0.012590110 0.151131123 -3.066505671 -3.890864372 -12.663351059 0.000000000 0.000000000 -12.000000000 -0.046373367 0.304289341 0.015546009 0.010265097 0.015576924 0.010062237
1776849932.603402853 0.624475479 -0.043301370 0.227692634 0.010759219 0.988375008 -0.012590099 0.151131064 -3.065807343 -3.896980286 -12.663309097 0.000000000 0.000000000 -12.000000000 -0.047058105 0.304678142 0.015544767 0.010270434 0.015576140 0.010067315
1776849932.608434677 0.624475360 -0.043301471 0.227692574 0.010759249 0.988375008 -0.012590152 0.151130944 -3.065301895 -3.903201818 -12.663260460 0.000000000 0.000000000 -12.000000000 -0.047688484 0.305044442 0.015543553 0.010275762 0.015575346 0.010072399
1776849932.613419771 0.624475360 -0.043301564 0.227692574 0.010759219 0.988375008 -0.012590268 0.151130930 -3.064994097 -3.909508467 -12.663192749 0.000000000 0.000000000 -12.000000000 -0.048248291 0.305399954 0.015542377 0.010281089 0.015574542 0.010077489
1776849932.618176699 0.624475241 -0.043302067 0.227692515 0.010759494 0.988375008 -0.012590487 0.151130855 -3.064887285 -3.915878057 -12.663097382 0.000000000 0.000000000 -12.000000000 -0.048728943 0.305731565 0.015541243 0.010286405 0.015573730 0.010082584
1776849932.623182297 0.624475121 -0.043303426 0.227692455 0.010760393 0.988375008 -0.012591020 0.151130795 -3.064982653 -3.922285318 -12.662966728 0.000000000 0.000000000 -12.000000000 -0.049118042 0.306043684 0.015540166 0.010291714 0.015572911 0.010087685
1776849932.628263950 0.624475002 -0.043305300 0.227692425 0.010761554 0.988375008 -0.012591779 0.151130736 -3.065280199 -3.928703070 -12.662792206 0.000000000 0.000000000 -12.000000000 -0.049405098 0.306339324 0.015539151 0.010297016 0.015572088 0.010092790
1776849932.633203268 0.624475002 -0.043307047 0.227692485 0.010762768 0.988374949 -0.012592436 0.151130840 -3.065778255 -3.935100555 -12.662566185 0.000000000 0.000000000 -12.000000000 -0.049582481 0.306624085 0.015538206 0.010302316 0.015571262 0.010097900
1776849932.638405323 0.624474823 -0.043308809 0.227692425 0.010763908 0.988374949 -0.012593141 0.151130736 -3.066473722 -3.941443920 -12.662282944 0.000000000 0.000000000 -12.000000000 -0.049642563 0.306886196 0.015537339 0.010307606 0.015570435 0.010103015
1776849932.643444538 0.624474823 -0.043308809 0.227692425 0.010763908 0.988374949 -0.012593141 0.151130736 -3.067361832 -3.947697401 -12.661931992 0.000000000 0.000000000 -12.000000000 -0.049572945 0.306977510 0.015536560 0.010312784 0.015569609 0.010108132
1776849932.648282766 0.624474347 -0.043313626 0.227692306 0.010767194 0.988374949 -0.012595005 0.151130497 -3.068437576 -3.953821659 -12.661507607 0.000000000 0.000000000 -12.000000000 -0.049366951 0.307197273 0.015535875 0.010318050 0.015568786 0.010113252
1776849932.653398991 0.624474168 -0.043316528 0.227692366 0.010769062 0.988374889 -0.012596167 0.151130453 -3.069694281 -3.959775925 -12.661000252 0.000000000 0.000000000 -12.000000000 -0.049014091 0.307414234 0.015535293 0.010323319 0.015567970 0.010118376
1776849932.658336163 0.624473929 -0.043319292 0.227692276 0.010771047 0.988374889 -0.012597187 0.151130348 -3.071125269 -3.965517998 -12.660404205 0.000000000 0.000000000 -12.000000000 -0.048505783 0.307612985 0.015534824 0.010328578 0.015567161 0.010123502
1776849932.663150072 0.624473631 -0.043322004 0.227692187 0.010772837 0.988374889 -0.012598234 0.151130125 -3.072722435 -3.971004248 -12.659709930 0.000000000 0.000000000 -12.000000000 -0.047834396 0.307790518 0.015534475 0.010333826 0.015566364 0.010128632
1776849932.668492079 0.624473512 -0.043324191 0.227692217 0.010774259 0.988374829 -0.012599128 0.151130125 -3.074477434 -3.976191282 -12.658911705 0.000000000 0.000000000 -12.000000000 -0.046990395 0.307957888 0.015534254 0.010339070 0.015565581 0.010133765
1776849932.673427582 0.624473333 -0.043326192 0.227692127 0.010775716 0.988374829 -0.012599865 0.151130021 -3.076380968 -3.981036425 -12.658001900 0.000000000 0.000000000 -12.000000000 -0.045968056 0.308101416 0.015534169 0.010344301 0.015564814 0.010138900
1776849932.679060936 0.624473214 -0.043327633 0.227692097 0.010776710 0.988374829 -0.012600429 0.151129946 -3.078423738 -3.985498190 -12.656975746 0.000000000 0.000000000 -12.000000000 -0.044760704 0.308228403 0.015534228 0.010349523 0.015564068 0.010144037
1776849932.683416843 0.624472916 -0.043330397 0.227692008 0.010778634 0.988374829 -0.012601467 0.151129797 -3.080595970 -3.989537477 -12.655828476 0.000000000 0.000000000 -12.000000000 -0.043364525 0.308587879 0.015534435 0.010354905 0.015563346 0.010149180
1776849932.688153505 0.624472916 -0.043330397 0.227692008 0.010778634 0.988374829 -0.012601467 0.151129797 -3.082887411 -3.993117809 -12.654556274 0.000000000 0.000000000 -12.000000000 -0.041774750 0.308676839 0.015534799 0.010360109 0.015562649 0.010154325
1776849932.693385124 0.624472797 -0.043331344 0.227691919 0.010779231 0.988374829 -0.012601835 0.151129708 -3.085287809 -3.996206760 -12.653158188 0.000000000 0.000000000 -12.000000000 -0.039992332 0.308742315 0.015535320 0.010365298 0.015561982 0.010159470
1776849932.698474407 0.624472737 -0.043332290 0.227691978 0.010779890 0.988374829 -0.012602190 0.151129708 -3.087786674 -3.998775482 -12.651631355 0.000000000 0.000000000 -12.000000000 -0.038012505 0.308867514 0.015536007 0.010370529 0.015561349 0.010164618
1776849932.703338146 0.624472618 -0.043333005 0.227691859 0.010780451 0.988374829 -0.012602444 0.151129603 -3.090374470 -4.000800133 -12.649974823 0.000000000 0.000000000 -12.000000000 -0.035838127 0.308891714 0.015536860 0.010375693 0.015560752 0.010169766
1776849932.708157539 0.624472558 -0.043333419 0.227691859 0.010780741 0.988374829 -0.012602601 0.151129618 -3.093040705 -4.002260685 -12.648187637 0.000000000 0.000000000 -12.000000000 -0.033468246 0.308893740 0.015537881 0.010380844 0.015560194 0.010174914
1776849932.713381767 0.624472499 -0.043333627 0.227691859 0.010780727 0.988374829 -0.012602775 0.151129588 -3.095776081 -4.003143787 -12.646270752 0.000000000 0.000000000 -12.000000000 -0.030904770 0.308875233 0.015539076 0.010385979 0.015559679 0.010180063
1776849932.718178749 0.624472439 -0.043333925 0.227691799 0.010781003 0.988374829 -0.012602857 0.151129514 -3.098570824 -4.003439426 -12.644221306 0.000000000 0.000000000 -12.000000000 -0.028150558 0.308835387 0.015540442 0.010391100 0.015559210 0.010185210
1776849932.723425388 0.624472260 -0.043333746 0.227691680 0.010780965 0.988374889 -0.012602753 0.151129320 -3.101415396 -4.003143311 -12.642042160 0.000000000 0.000000000 -12.000000000 -0.025204659 0.308845371 0.015541987 0.010396254 0.015558789 0.010190357
1776849932.728366137 0.624472082 -0.043333694 0.227691501 0.010780937 0.988374889 -0.012602728 0.151129112 -3.104300499 -4.002256870 -12.639733315 0.000000000 0.000000000 -12.000000000 -0.022075653 0.308755875 0.015543705 0.010401340 0.015558422 0.010195503
1776849932.733462811 0.624471724 -0.043333694 0.227691174 0.010780852 0.988374949 -0.012602797 0.151128754 -3.107215643 -4.000784874 -12.637296677 0.000000000 0.000000000 -12.000000000 -0.018765450 0.308641374 0.015545598 0.010406408 0.015558109 0.010200647
1776849932.738507271 0.624471605 -0.043333516 0.227691054 0.010780820 0.988374949 -0.012602675 0.151128605 -3.110150576 -3.998738050 -12.634737015 0.000000000 0.000000000 -12.000000000 -0.015284538 0.308516085 0.015547664 0.010411466 0.015557854 0.010205789
1776849932.743472815 0.624471307 -0.043333441 0.227690816 0.010780679 0.988375008 -0.012602730 0.151128337 -3.113093853 -3.996130705 -12.632058144 0.000000000 0.000000000 -12.000000000 -0.011640549 0.308364093 0.015549899 0.010416504 0.015557660 0.010210928
1776849932.748492956 0.624471188 -0.043333434 0.227690756 0.010780678 0.988375008 -0.012602726 0.151128277 -3.116033077 -3.992981434 -12.629267693 0.000000000 0.000000000 -12.000000000 -0.007845879 0.308204353 0.015552299 0.010421534 0.015557529 0.010216065
1776849932.753409624 0.624471068 -0.043333143 0.227690578 0.010780565 0.988375068 -0.012602562 0.151128143 -3.118954659 -3.989312887 -12.626375198 0.000000000 0.000000000 -12.000000000 -0.003914833 0.308017850 0.015554855 0.010426544 0.015557464 0.010221198
1776849932.758469820 0.624470830 -0.043333180 0.227690250 0.010780514 0.988375127 -0.012602627 0.151127815 -3.121844769 -3.985150576 -12.623392105 0.000000000 0.000000000 -12.000000000 0.000133514 0.307811230 0.015557555 0.010431536 0.015557466 0.010226328
1776849932.763453960 0.624470592 -0.043333091 0.227690190 0.010780402 0.988375127 -0.012602599 0.151127607 -3.124687672 -3.980524063 -12.620333672 0.000000000 0.000000000 -12.000000000 0.004279137 0.307587773 0.015560390 0.010436513 0.015557538 0.010231454
1776849932.768379450 0.624470472 -0.043332875 0.227690011 0.010780404 0.988375127 -0.012602443 0.151127473 -3.127466679 -3.975465059 -12.617215157 0.000000000 0.000000000 -12.000000000 0.008500099 0.307345450 0.015563346 0.010441473 0.015557679 0.010236576
1776849932.773335934 0.624470294 -0.043332744 0.227689832 0.010780257 0.988375187 -0.012602421 0.151127324 -3.130164862 -3.970007896 -12.614058495 0.000000000 0.000000000 -12.000000000 0.012766838 0.307082385 0.015566403 0.010446415 0.015557892 0.010241694
1776849932.778280258 0.624469876 -0.043332648 0.227689505 0.010780204 0.988375247 -0.012602374 0.151126936 -3.132763624 -3.964188814 -12.610882759 0.000000000 0.000000000 -12.000000000 0.017051697 0.306522667 0.015569543 0.010451150 0.015558176 0.010246802
1776849932.783160686 0.624469757 -0.043332487 0.227689385 0.010780152 0.988375247 -0.012602313 0.151126862 -3.135245085 -3.958045959 -12.607710838 0.000000000 0.000000000 -12.000000000 0.021326065 0.306227207 0.015572749 0.010456057 0.015558532 0.010251906
1776849932.788331747 0.624469459 -0.043332331 0.227689087 0.010779965 0.988375306 -0.012602317 0.151126534 -3.137591362 -3.951618671 -12.604566574 0.000000000 0.000000000 -12.000000000 0.025557518 0.305905879 0.015575996 0.010460941 0.015558957 0.010257004
1776849932.793417931 0.624469399 -0.043332331 0.227689028 0.010779967 0.988375306 -0.012602308 0.151126564 -3.139785290 -3.944947004 -12.601471901 0.000000000 0.000000000 -12.000000000 0.029718399 0.305582583 0.015579265 0.010465819 0.015559453 0.010262097
1776849932.798504829 0.624469399 -0.043332018 0.227688879 0.010779744 0.988375306 -0.012602219 0.151126504 -3.141811132 -3.938071966 -12.598450661 0.000000000 0.000000000 -12.000000000 0.033775330 0.305233002 0.015582532 0.010470673 0.015560015 0.010267184
1776849932.803381920 0.624469280 -0.043331735 0.227688819 0.010779569 0.988375306 -0.012602077 0.151126429 -3.143654823 -3.931034088 -12.595523834 0.000000000 0.000000000 -12.000000000 0.037703514 0.304866582 0.015585779 0.010475510 0.015560644 0.010272265
1776849932.808394909 0.624469221 -0.043331616 0.227688640 0.010779548 0.988375366 -0.012602020 0.151126340 -3.145304441 -3.923873901 -12.592710495 0.000000000 0.000000000 -12.000000000 0.041475296 0.304459661 0.015588985 0.010480314 0.015561335 0.010277340
1776849932.813228846 0.624469221 -0.043331329 0.227688700 0.010779195 0.988375366 -0.012602004 0.151126340 -3.146750450 -3.916630983 -12.590028763 0.000000000 0.000000000 -12.000000000 0.045067787 0.304038286 0.015592132 0.010485100 0.015562086 0.010282408
1776849932.818396091 0.624469280 -0.043331102 0.227688640 0.010779096 0.988375366 -0.012601909 0.151126355 -3.147985697 -3.909344196 -12.587493896 0.000000000 0.000000000 -12.000000000 0.048460960 0.303631216 0.015595201 0.010489889 0.015562894 0.010287468
1776849932.823115110 0.624469042 -0.043330766 0.227688581 0.010778954 0.988375366 -0.012601737 0.151126131 -3.149005651 -3.902050972 -12.585120201 0.000000000 0.000000000 -12.000000000 0.051639557 0.303197145 0.015598181 0.010494653 0.015563754 0.010292522
1776849932.828393936 0.624469042 -0.043330461 0.227688462 0.010778739 0.988375366 -0.012601633 0.151126131 -3.149808645 -3.894786358 -12.582920074 0.000000000 0.000000000 -12.000000000 0.054583549 0.302754134 0.015601053 0.010499404 0.015564664 0.010297568
1776849932.833063602 0.624469042 -0.043330245 0.227688372 0.010778497 0.988375425 -0.012601630 0.151126042 -3.150394678 -3.887584448 -12.580902100 0.000000000 0.000000000 -12.000000000 0.057285309 0.302297086 0.015603809 0.010504138 0.015565619 0.010302606
1776849932.838515282 0.624468863 -0.043330088 0.227688223 0.010778387 0.988375425 -0.012601575 0.151125893 -3.150766850 -3.880476713 -12.579076767 0.000000000 0.000000000 -12.000000000 0.059733391 0.301823795 0.015606437 0.010508852 0.015566614 0.010307636
1776849932.843277693 0.624468863 -0.043329611 0.227688193 0.010778081 0.988375425 -0.012601366 0.151125908 -3.150930166 -3.873493195 -12.577449799 0.000000000 0.000000000 -12.000000000 0.061920166 0.301332474 0.015608926 0.010513547 0.015567646 0.010312659
1776849932.848388433 0.624468744 -0.043329339 0.227688164 0.010777951 0.988375425 -0.012601262 0.151125804 -3.150892496 -3.866660833 -12.576026917 0.000000000 0.000000000 -12.000000000 0.063838959 0.300831258 0.015611270 0.010518227 0.015568710 0.010317673
1776849932.853517056 0.624468803 -0.043328922 0.227688104 0.010777654 0.988375425 -0.012601126 0.151125833 -3.150663376 -3.860004902 -12.574810028 0.000000000 0.000000000 -12.000000000 0.065490723 0.300314605 0.015613462 0.010522888 0.015569801 0.010322678
1776849932.858567715 0.624468982 -0.043328535 0.227688193 0.010777461 0.988375425 -0.012600936 0.151126057 -3.150255442 -3.853547335 -12.573800087 0.000000000 0.000000000 -12.000000000 0.066875458 0.299673617 0.015615500 0.010527455 0.015570916 0.010327673
1776849932.863574028 0.624468923 -0.043328322 0.227688074 0.010777161 0.988375425 -0.012600942 0.151125938 -3.149683714 -3.847308397 -12.572993279 0.000000000 0.000000000 -12.000000000 0.067998886 0.299135268 0.015617382 0.010532081 0.015572050 0.010332658
1776849932.868801832 0.624468982 -0.043327942 0.227688074 0.010776978 0.988375425 -0.012600810 0.151126072 -3.148966074 -3.841305494 -12.572385788 0.000000000 0.000000000 -12.000000000 0.068870544 0.298581392 0.015619110 0.010536688 0.015573197 0.010337634
1776849932.873187542 0.624469101 -0.043327466 0.227688134 0.010776654 0.988375425 -0.012600616 0.151126117 -3.148122311 -3.835552931 -12.571967125 0.000000000 0.000000000 -12.000000000 0.069503784 0.298014879 0.015620692 0.010541277 0.015574356 0.010342601
1776849932.878229380 0.624469101 -0.043327063 0.227688074 0.010776401 0.988375425 -0.012600473 0.151126146 -3.147175074 -3.830063343 -12.571728706 0.000000000 0.000000000 -12.000000000 0.069911957 0.297436208 0.015622129 0.010545849 0.015575521 0.010347558
1776849932.883211613 0.624469161 -0.043326758 0.227688164 0.010776190 0.988375425 -0.012600362 0.151126191 -3.146148920 -3.824846029 -12.571654320 0.000000000 0.000000000 -12.000000000 0.070118904 0.296850979 0.015623435 0.010550406 0.015576690 0.010352505
1776849932.888198853 0.624469221 -0.043326419 0.227688164 0.010775946 0.988375425 -0.012600256 0.151126251 -3.145069838 -3.819908381 -12.571729660 0.000000000 0.000000000 -12.000000000 0.070143700 0.296252996 0.015624621 0.010554945 0.015577858 0.010357443
1776849932.893504381 0.624469340 -0.043326005 0.227688044 0.010775591 0.988375425 -0.012600119 0.151126295 -3.143965483 -3.815254927 -12.571937561 0.000000000 0.000000000 -12.000000000 0.070010185 0.295641303 0.015625698 0.010559465 0.015579025 0.010362371
1776849932.898532867 0.624469161 -0.043325771 0.227688104 0.010775493 0.988375425 -0.012600021 0.151126176 -3.142863512 -3.810887814 -12.572258949 0.000000000 0.000000000 -12.000000000 0.069745064 0.295022607 0.015626684 0.010563970 0.015580188 0.010367288
1776849932.903406620 0.624469221 -0.043325242 0.227688074 0.010775114 0.988375425 -0.012599854 0.151126221 -3.141792059 -3.806807280 -12.572674751 0.000000000 0.000000000 -12.000000000 0.069375992 0.294385672 0.015627595 0.010568451 0.015581344 0.010372194
1776849932.908229589 0.624469340 -0.043324951 0.227688104 0.010774957 0.988375425 -0.012599707 0.151126295 -3.140778542 -3.803010464 -12.573164940 0.000000000 0.000000000 -12.000000000 0.068927765 0.293750763 0.015628446 0.010572924 0.015582494 0.010377090
1776849932.913413286 0.624469340 -0.043324564 0.227688104 0.010774632 0.988375425 -0.012599620 0.151126295 -3.139849186 -3.799493313 -12.573709488 0.000000000 0.000000000 -12.000000000 0.068430901 0.293098837 0.015629254 0.010577374 0.015583634 0.010381975
1776849932.918401241 0.624469280 -0.043324228 0.227688015 0.010774473 0.988375425 -0.012599467 0.151126221 -3.139028788 -3.796249390 -12.574290276 0.000000000 0.000000000 -12.000000000 0.067909241 0.292439818 0.015630038 0.010581809 0.015584766 0.010386849
1776849932.923446178 0.624469221 -0.043323845 0.227687985 0.010774179 0.988375485 -0.012599327 0.151126146 -3.138339281 -3.793271065 -12.574889183 0.000000000 0.000000000 -12.000000000 0.067385674 0.291910738 0.015630813 0.010586321 0.015585889 0.010391714
1776849932.928590059 0.624469340 -0.043323394 0.227688015 0.010773797 0.988375485 -0.012599188 0.151126206 -3.137800455 -3.790548801 -12.575490952 0.000000000 0.000000000 -12.000000000 0.066883087 0.291232467 0.015631592 0.010590723 0.015587004 0.010396568
1776849932.933464527 0.624469340 -0.043323204 0.227688015 0.010773812 0.988375485 -0.012599095 0.151126221 -3.137428999 -3.788072348 -12.576080322 0.000000000 0.000000000 -12.000000000 0.066420555 0.290554851 0.015632391 0.010595114 0.015588111 0.010401411
1776849932.938272953 0.624469340 -0.043322518 0.227688015 0.010773271 0.988375485 -0.012598868 0.151126206 -3.137238264 -3.785829782 -12.576646805 0.000000000 0.000000000 -12.000000000 0.066015244 0.289848387 0.015633222 0.010599474 0.015589211 0.010406242
1776849932.943463802 0.624469399 -0.043322068 0.227688015 0.010772918 0.988375485 -0.012598724 0.151126266 -3.137237787 -3.783808708 -12.577179909 0.000000000 0.000000000 -12.000000000 0.065679550 0.289146006 0.015634092 0.010603825 0.015590305 0.010411060
1776849932.948114634 0.624469459 -0.043321803 0.227688015 0.010772733 0.988375485 -0.012598626 0.151126310 -3.137434483 -3.781996250 -12.577672005 0.000000000 0.000000000 -12.000000000 0.065423012 0.288444698 0.015635012 0.010608165 0.015591396 0.010415868
1776849932.953272343 0.624469399 -0.043321230 0.227687955 0.010772332 0.988375485 -0.012598428 0.151126206 -3.137831211 -3.780377865 -12.578118324 0.000000000 0.000000000 -12.000000000 0.065253258 0.287554264 0.015635986 0.010612363 0.015592484 0.010420660
1776849932.958334684 0.624469399 -0.043320738 0.227687955 0.010771984 0.988375485 -0.012598252 0.151126191 -3.138428211 -3.778939486 -12.578513145 0.000000000 0.000000000 -12.000000000 0.065176964 0.286826253 0.015637022 0.010616658 0.015593570 0.010425441
1776849932.963101387 0.624469638 -0.043320294 0.227688015 0.010771664 0.988375485 -0.012598102 0.151126400 -3.139222622 -3.777666330 -12.578855515 0.000000000 0.000000000 -12.000000000 0.065196991 0.286097765 0.015638120 0.010620941 0.015594657 0.010430209
1776849932.968235016 0.624469697 -0.043319501 0.227688044 0.010771129 0.988375485 -0.012597832 0.151126474 -3.140209198 -3.776542902 -12.579142570 0.000000000 0.000000000 -12.000000000 0.065312386 0.285344601 0.015639286 0.010625195 0.015595745 0.010434965
1776849932.973122597 0.624469757 -0.043319046 0.227688044 0.010770783 0.988375485 -0.012597666 0.151126489 -3.141380072 -3.775553942 -12.579374313 0.000000000 0.000000000 -12.000000000 0.065524101 0.284509748 0.015640520 0.010629380 0.015596838 0.010439707
1776849932.978262424 0.624469995 -0.043318469 0.227688134 0.010770460 0.988375425 -0.012597404 0.151126683 -3.142726183 -3.774684191 -12.579550743 0.000000000 0.000000000 -12.000000000 0.065831184 0.283758104 0.015641822 0.010633608 0.015597935 0.010444436
1776849932.983161449 0.624470115 -0.043317739 0.227688164 0.010769842 0.988375425 -0.012597232 0.151126787 -3.144237041 -3.773917675 -12.579671860 0.000000000 0.000000000 -12.000000000 0.066229820 0.282990813 0.015643192 0.010637813 0.015599038 0.010449152
1776849932.988524675 0.624470174 -0.043317094 0.227688164 0.010769397 0.988375425 -0.012596982 0.151126802 -3.145900726 -3.773238420 -12.579738617 0.000000000 0.000000000 -12.000000000 0.066719055 0.282222509 0.015644630 0.010642005 0.015600150 0.010453857
1776849932.993386507 0.624470174 -0.043316312 0.227688044 0.010768938 0.988375485 -0.012596648 0.151126802 -3.147704840 -3.772630930 -12.579752922 0.000000000 0.000000000 -12.000000000 0.067294121 0.281584501 0.015646135 0.010646272 0.015601272 0.010458549
1776849932.998151302 0.624470353 -0.043315470 0.227688253 0.010768241 0.988375425 -0.012596439 0.151126996 -3.149636507 -3.772079229 -12.579714775 0.000000000 0.000000000 -12.000000000 0.067952156 0.280803621 0.015647706 0.010650432 0.015602404 0.010463229
1776849933.003098726 0.624470413 -0.043314803 0.227688253 0.010767875 0.988375425 -0.012596110 0.151126981 -3.151681423 -3.771568298 -12.579627037 0.000000000 0.000000000 -12.000000000 0.068688393 0.280026257 0.015649341 0.010654581 0.015603549 0.010467896
1776849933.009026289 0.624470592 -0.043314096 0.227688342 0.010767394 0.988375425 -0.012595874 0.151127174 -3.153825760 -3.771082401 -12.579491615 0.000000000 0.000000000 -12.000000000 0.069497108 0.279242963 0.015651038 0.010658712 0.015604707 0.010472550
1776849933.013415575 0.624470532 -0.043313142 0.227688223 0.010766705 0.988375485 -0.012595518 0.151127055 -3.156053782 -3.770606995 -12.579313278 0.000000000 0.000000000 -12.000000000 0.070370674 0.278440058 0.015652794 0.010662817 0.015605880 0.010477191
1776849933.018456459 0.624470651 -0.043312386 0.227688283 0.010766173 0.988375425 -0.012595248 0.151127130 -3.158349514 -3.770127535 -12.579094887 0.000000000 0.000000000 -12.000000000 0.071301460 0.277645856 0.015654603 0.010666916 0.015607068 0.010481819
1776849933.023434639 0.624470711 -0.043311518 0.227688223 0.010765563 0.988375485 -0.012594932 0.151127160 -3.160695553 -3.769629955 -12.578843117 0.000000000 0.000000000 -12.000000000 0.072281837 0.276638776 0.015656462 0.010670856 0.015608273 0.010486430
1776849933.028403997 0.624470711 -0.043311097 0.227688283 0.010765274 0.988375485 -0.012594777 0.151127130 -3.163073778 -3.769100666 -12.578563690 0.000000000 0.000000000 -12.000000000 0.073301315 0.275845706 0.015658364 0.010674924 0.015609495 0.010491027
1776849933.033903837 0.624470830 -0.043310381 0.227688342 0.010764766 0.988375485 -0.012594531 0.151127234 -3.165465117 -3.768526793 -12.578266144 0.000000000 0.000000000 -12.000000000 0.074345589 0.275035471 0.015660297 0.010678967 0.015610734 0.010495611
1776849933.038572788 0.624471188 -0.043309145 0.227688491 0.010763890 0.988375425 -0.012594088 0.151127562 -3.167849779 -3.767896175 -12.577957153 0.000000000 0.000000000 -12.000000000 0.075402260 0.274218917 0.015662258 0.010682994 0.015611990 0.010500181
1776849933.043468952 0.624471188 -0.043309145 0.227688491 0.010763890 0.988375425 -0.012594088 0.151127562 -3.170207500 -3.767197609 -12.577645302 0.000000000 0.000000000 -12.000000000 0.076460838 0.273439825 0.015664238 0.010687031 0.015613264 0.010504737
1776849933.048547029 0.624471307 -0.043308504 0.227688491 0.010763440 0.988375425 -0.012593852 0.151127696 -3.172518730 -3.766420364 -12.577341080 0.000000000 0.000000000 -12.000000000 0.077502251 0.272623032 0.015666224 0.010691030 0.015614556 0.010509281
1776849933.053569555 0.624471545 -0.043307908 0.227688551 0.010763013 0.988375366 -0.012593646 0.151127949 -3.174764395 -3.765555143 -12.577049255 0.000000000 0.000000000 -12.000000000 0.078522682 0.271805674 0.015668213 0.010695015 0.015615865 0.010513811
1776849933.058210611 0.624471784 -0.043307010 0.227688670 0.010762371 0.988375366 -0.012593338 0.151128247 -3.176926374 -3.764592886 -12.576778412 0.000000000 0.000000000 -12.000000000 0.079504967 0.270971596 0.015670193 0.010698975 0.015617190 0.010518327
1776849933.063375950 0.624472320 -0.043305937 0.227688819 0.010761577 0.988375306 -0.012593028 0.151128799 -3.178988457 -3.763525486 -12.576531410 0.000000000 0.000000000 -12.000000000 0.080444336 0.270129561 0.015672160 0.010702915 0.015618531 0.010522829
1776849933.068158627 0.624472678 -0.043305419 0.227688938 0.010761208 0.988375247 -0.012592835 0.151129171 -3.180936337 -3.762345791 -12.576313019 0.000000000 0.000000000 -12.000000000 0.081332207 0.269311130 0.015674107 0.010706859 0.015619886 0.010527318
1776849933.073619127 0.624473095 -0.043304648 0.227689028 0.010760638 0.988375187 -0.012592594 0.151129603 -3.182759047 -3.761047125 -12.576122284 0.000000000 0.000000000 -12.000000000 0.082165718 0.268475950 0.015676033 0.010710778 0.015621255 0.010531793
1776849933.078197241 0.624473274 -0.043303784 0.227689117 0.010760029 0.988375127 -0.012592277 0.151129827 -3.184447289 -3.759623766 -12.575960159 0.000000000 0.000000000 -12.000000000 0.082943916 0.267632633 0.015677933 0.010714675 0.015622637 0.010536253
1776849933.083487511 0.624473453 -0.043302990 0.227689147 0.010759504 0.988375127 -0.012591980 0.151129931 -3.185995340 -3.758070230 -12.575824738 0.000000000 0.000000000 -12.000000000 0.083664894 0.266790241 0.015679808 0.010718560 0.015624031 0.010540700
1776849933.088386059 0.624473691 -0.043302089 0.227689177 0.010758772 0.988375127 -0.012591684 0.151130229 -3.187399149 -3.756381989 -12.575712204 0.000000000 0.000000000 -12.000000000 0.084332466 0.265532255 0.015681660 0.010722146 0.015625438 0.010545125
1776849933.093383074 0.624474049 -0.043301083 0.227689385 0.010758118 0.988375068 -0.012591311 0.151130602 -3.188657761 -3.754555464 -12.575619698 0.000000000 0.000000000 -12.000000000 0.084949493 0.264675885 0.015683487 0.010725987 0.015626853 0.010549537
1776849933.098402500 0.624474168 -0.043300182 0.227689385 0.010757471 0.988375068 -0.012591016 0.151130781 -3.189771652 -3.752587080 -12.575543404 0.000000000 0.000000000 -12.000000000 0.085520744 0.263819069 0.015685292 0.010729813 0.015628278 0.010553934
1776849933.103122950 0.624474347 -0.043298565 0.227689385 0.010756327 0.988375068 -0.012590602 0.151130840 -3.190743208 -3.750474215 -12.575479507 0.000000000 0.000000000 -12.000000000 0.086049080 0.262925059 0.015687078 0.010733599 0.015629712 0.010558316
1776849933.108151436 0.624474466 -0.043297470 0.227689385 0.010755547 0.988375068 -0.012590233 0.151130915 -3.191576004 -3.748214722 -12.575424194 0.000000000 0.000000000 -12.000000000 0.086540222 0.261915207 0.015688848 0.010737291 0.015631154 0.010562681
1776849933.113197565 0.624474883 -0.043296617 0.227689683 0.010754874 0.988375008 -0.012589957 0.151131362 -3.192274570 -3.745806932 -12.575373650 0.000000000 0.000000000 -12.000000000 0.086999893 0.261064231 0.015690602 0.010741075 0.015632603 0.010567032
1776849933.118397236 0.624475121 -0.043295756 0.227689594 0.010754257 0.988374949 -0.012589659 0.151131615 -3.192845106 -3.743249893 -12.575323105 0.000000000 0.000000000 -12.000000000 0.087433815 0.260205328 0.015692350 0.010744839 0.015634060 0.010571369
1776849933.123263359 0.624475241 -0.043294735 0.227689683 0.010753483 0.988374949 -0.012589299 0.151131690 -3.193294048 -3.740542889 -12.575269699 0.000000000 0.000000000 -12.000000000 0.087847710 0.259337723 0.015694089 0.010748583 0.015635524 0.010575691
1776849933.128128767 0.624475718 -0.043293696 0.227689892 0.010752790 0.988374889 -0.012588944 0.151132226 -3.193628788 -3.737685919 -12.575207710 0.000000000 0.000000000 -12.000000000 0.088247299 0.258469939 0.015695827 0.010752312 0.015636995 0.010579999
1776849933.133158445 0.624475956 -0.043293077 0.227689862 0.010752265 0.988374889 -0.012588772 0.151132479 -3.193857431 -3.734678745 -12.575132370 0.000000000 0.000000000 -12.000000000 0.088641167 0.257616699 0.015697567 0.010756036 0.015638473 0.010584292
1776849933.138458014 0.624476373 -0.043292034 0.227690071 0.010751457 0.988374829 -0.012588426 0.151133001 -3.193988562 -3.731522322 -12.575035095 0.000000000 0.000000000 -12.000000000 0.089039803 0.256743699 0.015699318 0.010759734 0.015639957 0.010588571
1776849933.143483639 0.624476612 -0.043291233 0.227690071 0.010751032 0.988374770 -0.012588073 0.151133299 -3.194031477 -3.728216887 -12.574910164 0.000000000 0.000000000 -12.000000000 0.089451790 0.255879581 0.015701082 0.010763423 0.015641447 0.010592836
1776849933.148452044 0.624476969 -0.043290600 0.227690190 0.010750579 0.988374710 -0.012587857 0.151133642 -3.193995476 -3.724763393 -12.574748039 0.000000000 0.000000000 -12.000000000 0.089886665 0.255021483 0.015702870 0.010767100 0.015642945 0.010597087
1776849933.153481007 0.624477267 -0.043289803 0.227690279 0.010749907 0.988374710 -0.012587663 0.151133925 -3.193890095 -3.721162796 -12.574542999 0.000000000 0.000000000 -12.000000000 0.090354919 0.254150599 0.015704686 0.010770756 0.015644450 0.010601322
1776849933.158392906 0.624477506 -0.043289244 0.227690399 0.010749569 0.988374650 -0.012587455 0.151134223 -3.193724871 -3.717416048 -12.574285507 0.000000000 0.000000000 -12.000000000 0.090867043 0.253029764 0.015706543 0.010774226 0.015645964 0.010605539
1776849933.163516045 0.624477625 -0.043288514 0.227690369 0.010749083 0.988374650 -0.012587133 0.151134372 -3.193508148 -3.713525057 -12.573969841 0.000000000 0.000000000 -12.000000000 0.091430664 0.252118766 0.015708441 0.010777821 0.015647488 0.010609741
1776849933.168136835 0.624477983 -0.043287903 0.227690488 0.010748553 0.988374591 -0.012586986 0.151134759 -3.193248272 -3.709491014 -12.573590279 0.000000000 0.000000000 -12.000000000 0.092055321 0.251273990 0.015710393 0.010781446 0.015649023 0.010613929
1776849933.173352242 0.624478102 -0.043287300 0.227690518 0.010748156 0.988374591 -0.012586768 0.151134834 -3.192951918 -3.705315828 -12.573143005 0.000000000 0.000000000 -12.000000000 0.092745781 0.250426501 0.015712399 0.010785054 0.015650569 0.010618104
1776849933.178436518 0.624478281 -0.043286845 0.227690607 0.010747693 0.988374591 -0.012586664 0.151134998 -3.192625284 -3.701002121 -12.572625160 0.000000000 0.000000000 -12.000000000 0.093505859 0.249583915 0.015714465 0.010788652 0.015652128 0.010622263
1776849933.183451653 0.624478579 -0.043286003 0.227690756 0.010747154 0.988374472 -0.012586438 0.151135460 -3.192273140 -3.696552277 -12.572035789 0.000000000 0.000000000 -12.000000000 0.094337463 0.248720407 0.015716592 0.010792222 0.015653700 0.010626408
1776849933.188602209 0.624478877 -0.043285333 0.227690846 0.010746656 0.988374472 -0.012586258 0.151135653 -3.191899061 -3.691969633 -12.571374893 0.000000000 0.000000000 -12.000000000 0.095241547 0.247865394 0.015718780 0.010795783 0.015655287 0.010630540
1776849933.193449020 0.624479055 -0.043284815 0.227690876 0.010746262 0.988374472 -0.012586138 0.151135892 -3.191505671 -3.687258244 -12.570644379 0.000000000 0.000000000 -12.000000000 0.096217155 0.247015432 0.015721034 0.010799334 0.015656890 0.010634657
1776849933.198689699 0.624479532 -0.043284610 0.227691054 0.010746188 0.988374352 -0.012586065 0.151136488 -3.191095352 -3.682422161 -12.569846153 0.000000000 0.000000000 -12.000000000 0.097263336 0.246181563 0.015723353 0.010802882 0.015658511 0.010638760
1776849933.203399897 0.624480188 -0.043284185 0.227691263 0.010745800 0.988374233 -0.012585956 0.151137277 -3.190669060 -3.677467108 -12.568983078 0.000000000 0.000000000 -12.000000000 0.098375320 0.245195135 0.015725734 0.010806311 0.015660150 0.010642847
1776849933.208420753 0.624480486 -0.043283783 0.227691323 0.010745502 0.988374174 -0.012585827 0.151137695 -3.190227985 -3.672398329 -12.568057060 0.000000000 0.000000000 -12.000000000 0.099553108 0.244345933 0.015728178 0.010809817 0.015661810 0.010646920
1776849933.213388920 0.624481082 -0.043283515 0.227691591 0.010745339 0.988374054 -0.012585761 0.151138529 -3.189773321 -3.667222500 -12.567072868 0.000000000 0.000000000 -12.000000000 0.100790977 0.243503436 0.015730683 0.010813314 0.015663490 0.010650978
1776849933.218402386 0.624482095 -0.043283165 0.227691829 0.010745049 0.988373876 -0.012585623 0.151139721 -3.189306498 -3.661946297 -12.566029549 0.000000000 0.000000000 -12.000000000 0.102088928 0.242657438 0.015733249 0.010816795 0.015665190 0.010655023
1776849933.223394394 0.624482930 -0.043282811 0.227692217 0.010744611 0.988373697 -0.012585610 0.151140794 -3.188828468 -3.656577587 -12.564930916 0.000000000 0.000000000 -12.000000000 0.103446007 0.241807446 0.015735880 0.010820258 0.015666915 0.010659053
1776849933.228383780 0.624483585 -0.043282464 0.227692425 0.010744399 0.988373578 -0.012585494 0.151141614 -3.188341618 -3.651124001 -12.563776016 0.000000000 0.000000000 -12.000000000 0.104860306 0.240956768 0.015738569 0.010823707 0.015668662 0.010663069
1776849933.233484745 0.624484122 -0.043282188 0.227692515 0.010744177 0.988373518 -0.012585427 0.151142269 -3.187847376 -3.645593405 -12.562566757 0.000000000 0.000000000 -12.000000000 0.106330872 0.240106910 0.015741320 0.010827142 0.015670434 0.010667071
1776849933.238233805 0.624484301 -0.043281820 0.227692634 0.010743909 0.988373458 -0.012585307 0.151142538 -3.187347651 -3.639993906 -12.561302185 0.000000000 0.000000000 -12.000000000 0.107857704 0.239209637 0.015744137 0.010830531 0.015672231 0.010671058
1776849933.243438244 0.624484420 -0.043281294 0.227692604 0.010743534 0.988373458 -0.012585121 0.151142642 -3.186844110 -3.634334326 -12.559986115 0.000000000 0.000000000 -12.000000000 0.109436989 0.238348141 0.015747013 0.010833928 0.015674055 0.010675030
1776849933.248143673 0.624484539 -0.043280907 0.227692664 0.010743152 0.988373458 -0.012585039 0.151142731 -3.186336756 -3.628622532 -12.558619499 0.000000000 0.000000000 -12.000000000 0.111067772 0.237107784 0.015749952 0.010837053 0.015675906 0.010678981
1776849933.253408670 0.624484599 -0.043280467 0.227692664 0.010743005 0.988373458 -0.012584826 0.151142776 -3.185825109 -3.622867107 -12.557209969 0.000000000 0.000000000 -12.000000000 0.112742424 0.236291960 0.015752947 0.010840448 0.015677786 0.010682920
1776849933.258164406 0.624484777 -0.043279674 0.227692753 0.010742385 0.988373458 -0.012584565 0.151142940 -3.185306787 -3.617076397 -12.555763245 0.000000000 0.000000000 -12.000000000 0.114452362 0.235421211 0.015755994 0.010843791 0.015679693 0.010686844
1776849933.263351202 0.624484777 -0.043278843 0.227692753 0.010741794 0.988373458 -0.012584284 0.151143000 -3.184777260 -3.611258268 -12.554290771 0.000000000 0.000000000 -12.000000000 0.116188049 0.234549016 0.015759088 0.010847119 0.015681630 0.010690752
1776849933.268118858 0.624484897 -0.043278318 0.227692783 0.010741425 0.988373458 -0.012584087 0.151143044 -3.184229851 -3.605421543 -12.552803040 0.000000000 0.000000000 -12.000000000 0.117932320 0.233694315 0.015762217 0.010850444 0.015683595 0.010694647
1776849933.273510695 0.624485016 -0.043277934 0.227692872 0.010741044 0.988373399 -0.012584006 0.151143163 -3.183656693 -3.599574327 -12.551315308 0.000000000 0.000000000 -12.000000000 0.119670868 0.232845187 0.015765371 0.010853758 0.015685590 0.010698528
1776849933.278259516 0.624485195 -0.043277495 0.227692872 0.010740836 0.988373399 -0.012583807 0.151143327 -3.183047295 -3.593724728 -12.549843788 0.000000000 0.000000000 -12.000000000 0.121382713 0.231994033 0.015768535 0.010857058 0.015687613 0.010702395
1776849933.283368111 0.624485493 -0.043277316 0.227693021 0.010740676 0.988373339 -0.012583786 0.151143745 -3.182390213 -3.587881088 -12.548401833 0.000000000 0.000000000 -12.000000000 0.123051643 0.231153592 0.015771698 0.010860350 0.015689664 0.010706248
1776849933.288205624 0.624486208 -0.043277055 0.227693230 0.010740536 0.988373220 -0.012583689 0.151144639 -3.181674004 -3.582051516 -12.547006607 0.000000000 0.000000000 -12.000000000 0.124658585 0.230310276 0.015774846 0.010863627 0.015691740 0.010710087
1776849933.293362617 0.624486983 -0.043276906 0.227693558 0.010740395 0.988373041 -0.012583669 0.151145622 -3.180886745 -3.576243877 -12.545671463 0.000000000 0.000000000 -12.000000000 0.126184464 0.229492754 0.015777966 0.010866906 0.015693843 0.010713912
1776849933.298248291 0.624487817 -0.043276686 0.227693856 0.010740140 0.988372862 -0.012583638 0.151146755 -3.180017471 -3.570466280 -12.544406891 0.000000000 0.000000000 -12.000000000 0.127615929 0.228649169 0.015781049 0.010870155 0.015695971 0.010717723
1776849933.303461790 0.624489069 -0.043276522 0.227694273 0.010740028 0.988372624 -0.012583611 0.151148349 -3.179056406 -3.564726353 -12.543224335 0.000000000 0.000000000 -12.000000000 0.128938675 0.227808893 0.015784079 0.010873392 0.015698120 0.010721520
1776849933.308572054 0.624490738 -0.043276303 0.227694780 0.010739679 0.988372326 -0.012583616 0.151150525 -3.177995920 -3.559031963 -12.542127609 0.000000000 0.000000000 -12.000000000 0.130147934 0.226966247 0.015787056 0.010876614 0.015700290 0.010725303
1776849933.313467026 0.624492168 -0.043276098 0.227695197 0.010739482 0.988372028 -0.012583622 0.151152387 -3.176830769 -3.553390503 -12.541123390 0.000000000 0.000000000 -12.000000000 0.131232262 0.226122931 0.015789965 0.010879820 0.015702477 0.010729072
1776849933.318674326 0.624493718 -0.043275692 0.227695674 0.010739199 0.988371730 -0.012583510 0.151154384 -3.175557375 -3.547808886 -12.540208817 0.000000000 0.000000000 -12.000000000 0.132195473 0.225271881 0.015792811 0.010883007 0.015704680 0.010732826
1776849933.323388815 0.624495327 -0.043275435 0.227696180 0.010738852 0.988371432 -0.012583494 0.151156485 -3.174175262 -3.542294025 -12.539384842 0.000000000 0.000000000 -12.000000000 0.133033752 0.224428430 0.015795587 0.010886185 0.015706897 0.010736566
1776849933.328416824 0.624496996 -0.043275245 0.227696657 0.010738711 0.988371074 -0.012583513 0.151158661 -3.172686338 -3.536851883 -12.538644791 0.000000000 0.000000000 -12.000000000 0.133753777 0.223587528 0.015798295 0.010889350 0.015709126 0.010740292
1776849933.334244728 0.624498665 -0.043274842 0.227697223 0.010738345 0.988370776 -0.012583396 0.151160687 -3.171093702 -3.531488419 -12.537983894 0.000000000 0.000000000 -12.000000000 0.134360313 0.222663373 0.015800938 0.010892446 0.015711365 0.010744004
1776849933.338488102 0.624499977 -0.043274339 0.227697551 0.010737933 0.988370538 -0.012583265 0.151162386 -3.169403791 -3.526209354 -12.537392616 0.000000000 0.000000000 -12.000000000 0.134865761 0.221806660 0.015803523 0.010895571 0.015713613 0.010747700
1776849933.343502522 0.624501586 -0.043273818 0.227698117 0.010737517 0.988370180 -0.012583143 0.151164532 -3.167623758 -3.521019936 -12.536864281 0.000000000 0.000000000 -12.000000000 0.135276794 0.220951214 0.015806051 0.010898683 0.015715867 0.010751382
1776849933.348404646 0.624503493 -0.043273266 0.227698684 0.010736953 0.988369823 -0.012583038 0.151166975 -3.165763140 -3.515924931 -12.536386490 0.000000000 0.000000000 -12.000000000 0.135607719 0.220096678 0.015808532 0.010901782 0.015718127 0.010755051
1776849933.353447676 0.624505639 -0.043272808 0.227699459 0.010736504 0.988369405 -0.012582958 0.151169762 -3.163832903 -3.510928869 -12.535948753 0.000000000 0.000000000 -12.000000000 0.135871887 0.219248891 0.015810972 0.010904871 0.015720392 0.010758705
1776849933.358181715 0.624507904 -0.043272570 0.227700084 0.010736333 0.988368988 -0.012582976 0.151172698 -3.161845684 -3.506035805 -12.535537720 0.000000000 0.000000000 -12.000000000 0.136083603 0.218411326 0.015813382 0.010907954 0.015722660 0.010762346
1776849933.363436460 0.624510467 -0.043272182 0.227700979 0.010735959 0.988368452 -0.012582902 0.151176155 -3.159815550 -3.501249790 -12.535140991 0.000000000 0.000000000 -12.000000000 0.136261940 0.217213362 0.015815772 0.010910775 0.015724931 0.010765966
1776849933.368287086 0.624513745 -0.043271773 0.227701962 0.010735380 0.988367796 -0.012582937 0.151180416 -3.157758474 -3.496573925 -12.534741402 0.000000000 0.000000000 -12.000000000 0.136423111 0.216369018 0.015818154 0.010913818 0.015727205 0.010769572
1776849933.373847246 0.624517441 -0.043271538 0.227703094 0.010735046 0.988367081 -0.012582995 0.151185274 -3.155691147 -3.492011786 -12.534322739 0.000000000 0.000000000 -12.000000000 0.136591911 0.215535745 0.015820542 0.010916855 0.015729481 0.010773164
1776849933.378229856 0.624521554 -0.043271340 0.227704346 0.010734761 0.988366246 -0.012583048 0.151190683 -3.153631449 -3.487565517 -12.533864021 0.000000000 0.000000000 -12.000000000 0.136790276 0.215067938 0.015822954 0.010920128 0.015731761 0.010776749
1776849933.383418560 0.624525964 -0.043271177 0.227705836 0.010734457 0.988365352 -0.012583181 0.151196539 -3.151598215 -3.483237743 -12.533346176 0.000000000 0.000000000 -12.000000000 0.137042999 0.214238346 0.015825408 0.010923145 0.015734045 0.010780320
1776849933.388472795 0.624530435 -0.043270841 0.227707267 0.010734057 0.988364458 -0.012583216 0.151202351 -3.149610043 -3.479030371 -12.532745361 0.000000000 0.000000000 -12.000000000 0.137377739 0.213401660 0.015827918 0.010926144 0.015736334 0.010783876
1776849933.393485785 0.624535084 -0.043270737 0.227708668 0.010733826 0.988363504 -0.012583344 0.151208460 -3.147686720 -3.474945068 -12.532036781 0.000000000 0.000000000 -12.000000000 0.137824059 0.212576374 0.015830513 0.010929137 0.015738631 0.010787419
1776849933.398468494 0.624540031 -0.043270446 0.227710187 0.010733284 0.988362551 -0.012583482 0.151214957 -3.145846367 -3.470982313 -12.531197548 0.000000000 0.000000000 -12.000000000 0.138408661 0.211741865 0.015833208 0.010932109 0.015740937 0.010790948
1776849933.403435230 0.624544859 -0.043270282 0.227711618 0.010733054 0.988361537 -0.012583555 0.151221260 -3.144107342 -3.467142820 -12.530202866 0.000000000 0.000000000 -12.000000000 0.139162064 0.211218938 0.015836030 0.010935280 0.015743256 0.010794468
1776849933.408590317 0.624549568 -0.043269906 0.227712989 0.010732458 0.988360643 -0.012583660 0.151227430 -3.142486572 -3.463426352 -12.529028893 0.000000000 0.000000000 -12.000000000 0.140109062 0.210386828 0.015838997 0.010938233 0.015745591 0.010797975
1776849933.413468599 0.624554038 -0.043269653 0.227714449 0.010732147 0.988359749 -0.012583703 0.151233330 -3.140999317 -3.459832191 -12.527652740 0.000000000 0.000000000 -12.000000000 0.141278267 0.209564433 0.015842130 0.010941177 0.015747946 0.010801467
1776849933.418478489 0.624558806 -0.043269735 0.227715820 0.010731909 0.988358796 -0.012583938 0.151239604 -3.139659166 -3.456359386 -12.526053429 0.000000000 0.000000000 -12.000000000 0.142693520 0.208756641 0.015845453 0.010944118 0.015750324 0.010804947
1776849933.423211575 0.624564290 -0.043269604 0.227717668 0.010731614 0.988357663 -0.012584063 0.151246876 -3.138477564 -3.453006744 -12.524210930 0.000000000 0.000000000 -12.000000000 0.144377708 0.207940415 0.015848983 0.010947039 0.015752731 0.010808412
1776849933.428188801 0.624570131 -0.043269321 0.227719396 0.010731091 0.988356471 -0.012584237 0.151254579 -3.137464046 -3.449772835 -12.522108078 0.000000000 0.000000000 -12.000000000 0.146348000 0.207115114 0.015852734 0.010949940 0.015755169 0.010811863
1776849933.433228493 0.624577224 -0.043269299 0.227721661 0.010730783 0.988355041 -0.012584483 0.151263908 -3.136625767 -3.446655750 -12.519727707 0.000000000 0.000000000 -12.000000000 0.148626328 0.206305116 0.015856730 0.010952839 0.015757646 0.010815302
1776849933.438711405 0.624584615 -0.043269116 0.227723956 0.010730325 0.988353550 -0.012584675 0.151273623 -3.135967731 -3.443654299 -12.517053604 0.000000000 0.000000000 -12.000000000 0.151226044 0.205488294 0.015860984 0.010955718 0.015760167 0.010818726
1776849933.443709135 0.624592185 -0.043269120 0.227726281 0.010729984 0.988352060 -0.012584945 0.151283637 -3.135492802 -3.440767288 -12.514071465 0.000000000 0.000000000 -12.000000000 0.154164314 0.204681829 0.015865512 0.010958592 0.015762735 0.010822138
1776849933.449108839 0.624600708 -0.043268912 0.227728933 0.010729442 0.988350332 -0.012585185 0.151294887 -3.135201454 -3.437992811 -12.510765076 0.000000000 0.000000000 -12.000000000 0.157455444 0.203889728 0.015870329 0.010961463 0.015765360 0.010825536
1776849933.453269720 0.624609888 -0.043268904 0.227731824 0.010729102 0.988348424 -0.012585469 0.151307061 -3.135092974 -3.435330153 -12.507121086 0.000000000 0.000000000 -12.000000000 0.161113739 0.203085124 0.015875455 0.010964311 0.015768046 0.010828921
1776849933.458164454 0.624618888 -0.043268807 0.227734625 0.010728532 0.988346636 -0.012585832 0.151318938 -3.135163546 -3.432778120 -12.503124237 0.000000000 0.000000000 -12.000000000 0.165151596 0.202275813 0.015880900 0.010967143 0.015770799 0.010832292
1776849933.463133574 0.624626756 -0.043268636 0.227737069 0.010728072 0.988345027 -0.012586077 0.151329279 -3.135408401 -3.430335760 -12.498759270 0.000000000 0.000000000 -12.000000000 0.169580460 0.201467022 0.015886677 0.010969961 0.015773624 0.010835649
1776849933.468343496 0.624633133 -0.043268468 0.227739036 0.010727633 0.988343775 -0.012586250 0.151337698 -3.135819674 -3.428002596 -12.494011879 0.000000000 0.000000000 -12.000000000 0.174414635 0.200663030 0.015892807 0.010972769 0.015776532 0.010838994
1776849933.473351002 0.624638259 -0.043268032 0.227740526 0.010727042 0.988342762 -0.012586330 0.151344389 -3.136387587 -3.425777912 -12.488867760 0.000000000 0.000000000 -12.000000000 0.179662704 0.199848786 0.015899302 0.010975556 0.015779527 0.010842324
1776849933.478140831 0.624643087 -0.043267757 0.227741957 0.010726733 0.988341808 -0.012586361 0.151350707 -3.137100220 -3.423661470 -12.483312607 0.000000000 0.000000000 -12.000000000 0.185337067 0.198842913 0.015906174 0.010978200 0.015782615 0.010845638
1776849933.483168602 0.624647558 -0.043267414 0.227743328 0.010726227 0.988340914 -0.012586412 0.151356578 -3.137943029 -3.421652079 -12.477333069 0.000000000 0.000000000 -12.000000000 0.191443443 0.198040038 0.015913434 0.010980966 0.015785806 0.010848938
1776849933.488221645 0.624651849 -0.043267053 0.227744609 0.010725731 0.988340020 -0.012586473 0.151362255 -3.138899803 -3.419749260 -12.470918655 0.000000000 0.000000000 -12.000000000 0.197988510 0.197237432 0.015921099 0.010983718 0.015789106 0.010852226
1776849933.493263006 0.624656022 -0.043266732 0.227745891 0.010725312 0.988339186 -0.012586522 0.151367709 -3.139950991 -3.417951584 -12.464059830 0.000000000 0.000000000 -12.000000000 0.204975128 0.196439117 0.015929172 0.010986459 0.015792523 0.010855500
1776849933.498528004 0.624660492 -0.043266274 0.227747202 0.010724782 0.988338292 -0.012586532 0.151373580 -3.141075134 -3.416257381 -12.456750870 0.000000000 0.000000000 -12.000000000 0.212403297 0.195635781 0.015937665 0.010989184 0.015796063 0.010858760
1776849933.503578901 0.624664724 -0.043265961 0.227748513 0.010724364 0.988337457 -0.012586579 0.151379213 -3.142248154 -3.414665222 -12.448985100 0.000000000 0.000000000 -12.000000000 0.220271111 0.194841474 0.015946582 0.010991902 0.015799735 0.010862008
1776849933.508470774 0.624669254 -0.043265894 0.227750063 0.010724158 0.988336504 -0.012586690 0.151385173 -3.143444300 -3.413172960 -12.440764427 0.000000000 0.000000000 -12.000000000 0.228569984 0.194059983 0.015955923 0.010994616 0.015803544 0.010865242
1776849933.513445139 0.624673247 -0.043265793 0.227751195 0.010723937 0.988335729 -0.012586785 0.151390478 -3.144634962 -3.411777973 -12.432089806 0.000000000 0.000000000 -12.000000000 0.237290382 0.193277597 0.015965693 0.010997316 0.015807498 0.010868464
1776849933.518374443 0.624676943 -0.043265704 0.227752388 0.010723567 0.988334954 -0.012586948 0.151395336 -3.145790815 -3.410478115 -12.422966957 0.000000000 0.000000000 -12.000000000 0.246418953 0.192496702 0.015975885 0.011000004 0.015811605 0.010871672
1776849933.523315907 0.624680042 -0.043265373 0.227753311 0.010723302 0.988334358 -0.012586938 0.151399449 -3.146880865 -3.409270525 -12.413404465 0.000000000 0.000000000 -12.000000000 0.255939484 0.191707373 0.015986497 0.011002672 0.015815871 0.010874867
1776849933.528426409 0.624682784 -0.043265205 0.227754176 0.010723004 0.988333821 -0.012586983 0.151403010 -3.147873878 -3.408152342 -12.403412819 0.000000000 0.000000000 -12.000000000 0.265830040 0.191083863 0.015997522 0.011005442 0.015820302 0.010878053
1776849933.533535480 0.624685407 -0.043264955 0.227754980 0.010722707 0.988333285 -0.012587004 0.151406422 -3.148738146 -3.407120705 -12.393005371 0.000000000 0.000000000 -12.000000000 0.276071548 0.190309525 0.016008951 0.011008098 0.015824903 0.010881225
1776849933.538447618 0.624687672 -0.043264728 0.227755696 0.010722445 0.988332808 -0.012587002 0.151409417 -3.149443150 -3.406172514 -12.382199287 0.000000000 0.000000000 -12.000000000 0.286636353 0.189549461 0.016020771 0.011010750 0.015829680 0.010884384
1776849933.543202877 0.624689639 -0.043264639 0.227756321 0.010722293 0.988332450 -0.012587040 0.151411995 -3.149958134 -3.405303717 -12.371011734 0.000000000 0.000000000 -12.000000000 0.297501564 0.188787788 0.016032973 0.011013389 0.015834639 0.010887530
1776849933.548362494 0.624691546 -0.043264352 0.227756947 0.010722005 0.988332033 -0.012587015 0.151414558 -3.150254726 -3.404511213 -12.359462738 0.000000000 0.000000000 -12.000000000 0.308637619 0.188018560 0.016045542 0.011016009 0.015839783 0.010890664
1776849933.553163767 0.624693394 -0.043264296 0.227757394 0.010721966 0.988331676 -0.012587052 0.151416928 -3.150304794 -3.403791189 -12.347574234 0.000000000 0.000000000 -12.000000000 0.320018768 0.187260866 0.016058462 0.011018625 0.015845116 0.010893784
1776849933.558370352 0.624694943 -0.043264266 0.227757990 0.010721842 0.988331378 -0.012587104 0.151418999 -3.150082350 -3.403139353 -12.335370064 0.000000000 0.000000000 -12.000000000 0.331612587 0.186507478 0.016071718 0.011021231 0.015850643 0.010896893
1776849933.563423157 0.624696255 -0.043264102 0.227758378 0.010721611 0.988331139 -0.012587097 0.151420683 -3.149563074 -3.402552128 -12.322876930 0.000000000 0.000000000 -12.000000000 0.343385696 0.185749710 0.016085291 0.011023822 0.015856367 0.010899989
1776849933.568441629 0.624697268 -0.043264128 0.227758616 0.010721628 0.988330901 -0.012587102 0.151422024 -3.148724318 -3.402024746 -12.310121536 0.000000000 0.000000000 -12.000000000 0.355309486 0.185004324 0.016099161 0.011026409 0.015862288 0.010903073
1776849933.573446512 0.624699295 -0.043263916 0.227759331 0.010721341 0.988330483 -0.012587137 0.151424691 -3.147545338 -3.401553392 -12.297133446 0.000000000 0.000000000 -12.000000000 0.367347717 0.184255406 0.016113309 0.011028980 0.015868410 0.010906143
1776849933.578394890 0.624699295 -0.043263916 0.227759331 0.010721341 0.988330483 -0.012587137 0.151424691 -3.146007299 -3.401133776 -12.283945084 0.000000000 0.000000000 -12.000000000 0.379466057 0.183503911 0.016127711 0.011031537 0.015874734 0.010909202
1776849933.583838463 0.624700308 -0.043263700 0.227759600 0.010721137 0.988330305 -0.012587120 0.151425943 -3.144093752 -3.400761127 -12.270589828 0.000000000 0.000000000 -12.000000000 0.391626358 0.183249816 0.016142346 0.011034422 0.015881261 0.010912255
1776849933.588207006 0.624701798 -0.043263331 0.227760077 0.010720916 0.988330007 -0.012586997 0.151427910 -3.141789913 -3.400431633 -12.257100105 0.000000000 0.000000000 -12.000000000 0.403796196 0.182507753 0.016157188 0.011036969 0.015887991 0.010915297
1776849933.593139410 0.624701798 -0.043263331 0.227760077 0.010720916 0.988330007 -0.012586997 0.151427910 -3.139084101 -3.400140524 -12.243514061 0.000000000 0.000000000 -12.000000000 0.415932655 0.181769311 0.016172212 0.011039507 0.015894923 0.010918327
1776849933.598459721 0.624702394 -0.043263171 0.227760285 0.010720719 0.988329887 -0.012586965 0.151428655 -3.135966539 -3.399883747 -12.229866982 0.000000000 0.000000000 -12.000000000 0.428002357 0.180950582 0.016187392 0.011041976 0.015902057 0.010921342
1776849933.603386402 0.624703109 -0.043262903 0.227760524 0.010720497 0.988329768 -0.012586903 0.151429608 -3.132429600 -3.399656534 -12.216197014 0.000000000 0.000000000 -12.000000000 0.439967155 0.180211574 0.016202701 0.011044486 0.015909391 0.010924346
1776849933.608364582 0.624703467 -0.043262873 0.227760583 0.010720419 0.988329709 -0.012586925 0.151430085 -3.128468275 -3.399455309 -12.202542305 0.000000000 0.000000000 -12.000000000 0.451787949 0.179487303 0.016218113 0.011046995 0.015916921 0.010927337
1776849933.613151550 0.624704361 -0.043262802 0.227760941 0.010720328 0.988329530 -0.012586939 0.151431173 -3.124079943 -3.399275780 -12.188942909 0.000000000 0.000000000 -12.000000000 0.463427544 0.178761229 0.016233597 0.011049490 0.015924646 0.010930317
1776849933.618235350 0.624704897 -0.043262646 0.227761030 0.010720127 0.988329411 -0.012586916 0.151431918 -3.119264603 -3.399113655 -12.175436974 0.000000000 0.000000000 -12.000000000 0.474849701 0.177882731 0.016249126 0.011051869 0.015932560 0.010933281
1776849933.623225927 0.624705553 -0.043262638 0.227761239 0.010720156 0.988329291 -0.012586921 0.151432812 -3.114024401 -3.398965120 -12.162063599 0.000000000 0.000000000 -12.000000000 0.486018181 0.177169919 0.016264673 0.011054347 0.015940661 0.010936234
1776849933.628478765 0.624706268 -0.043262519 0.227761567 0.010720131 0.988329113 -0.012586898 0.151433676 -3.108364105 -3.398826599 -12.148859978 0.000000000 0.000000000 -12.000000000 0.496898651 0.177193582 0.016280208 0.011057316 0.015948942 0.010939187
1776849933.633426905 0.624706745 -0.043262511 0.227761716 0.010720099 0.988329053 -0.012586911 0.151434317 -3.102291346 -3.398694038 -12.135865211 0.000000000 0.000000000 -12.000000000 0.507457733 0.176491931 0.016295705 0.011059790 0.015957400 0.010942128
1776849933.638174772 0.624707401 -0.043262545 0.227761924 0.010720093 0.988328934 -0.012586948 0.151435181 -3.095815897 -3.398563862 -12.123113632 0.000000000 0.000000000 -12.000000000 0.517664909 0.175794899 0.016311139 0.011062255 0.015966028 0.010945058
1776849933.643183947 0.624708056 -0.043262444 0.227762192 0.010719814 0.988328755 -0.012587011 0.151436090 -3.088950396 -3.398432493 -12.110639572 0.000000000 0.000000000 -12.000000000 0.527493477 0.175730005 0.016326481 0.011065140 0.015974820 0.010947987
1776849933.648141384 0.624708891 -0.043262370 0.227762341 0.010719724 0.988328636 -0.012587021 0.151437134 -3.081709623 -3.398296595 -12.098476410 0.000000000 0.000000000 -12.000000000 0.536913872 0.175038666 0.016341710 0.011067597 0.015983768 0.010950904
1776849933.653195620 0.624709964 -0.043262392 0.227762878 0.010719684 0.988328397 -0.012587082 0.151438639 -3.074111700 -3.398152590 -12.086651802 0.000000000 0.000000000 -12.000000000 0.545907021 0.174813956 0.016356805 0.011070360 0.015992867 0.010953818
1776849933.658458948 0.624711156 -0.043262355 0.227763146 0.010719699 0.988328159 -0.012587037 0.151440129 -3.066176891 -3.397997618 -12.075194359 0.000000000 0.000000000 -12.000000000 0.554450989 0.174132481 0.016371742 0.011072808 0.016002107 0.010956720
1776849933.663401842 0.624712944 -0.043262407 0.227763712 0.010719651 0.988327801 -0.012587130 0.151442438 -3.057928562 -3.397829056 -12.064126968 0.000000000 0.000000000 -12.000000000 0.562532425 0.173454866 0.016386503 0.011075247 0.016011482 0.010959610
1776849933.668390751 0.624714673 -0.043262459 0.227764189 0.010719610 0.988327444 -0.012587197 0.151444629 -3.049393177 -3.397644043 -12.053468704 0.000000000 0.000000000 -12.000000000 0.570140839 0.172781736 0.016401079 0.011077678 0.016020985 0.010962490
1776849933.673130989 0.624716759 -0.043262530 0.227764964 0.010719560 0.988327026 -0.012587312 0.151447445 -3.040599108 -3.397440672 -12.043235779 0.000000000 0.000000000 -12.000000000 0.577269554 0.172111928 0.016415453 0.011080100 0.016030606 0.010965358
1776849933.678169250 0.624718487 -0.043262638 0.227765381 0.010719527 0.988326669 -0.012587452 0.151449680 -3.031577826 -3.397216797 -12.033440590 0.000000000 0.000000000 -12.000000000 0.583915710 0.171449065 0.016429616 0.011082515 0.016040338 0.010968216
1776849933.683256865 0.624720335 -0.043262593 0.227765977 0.010719443 0.988326311 -0.012587464 0.151452124 -3.022361994 -3.396970987 -12.024091721 0.000000000 0.000000000 -12.000000000 0.590080261 0.170787156 0.016443560 0.011084920 0.016050173 0.010971062
1776849933.688203812 0.624722004 -0.043262742 0.227766633 0.010719405 0.988325953 -0.012587636 0.151454329 -3.012986422 -3.396702766 -12.015192032 0.000000000 0.000000000 -12.000000000 0.595773697 0.170135111 0.016457286 0.011087321 0.016060103 0.010973898
1776849933.693574429 0.624723196 -0.043262877 0.227766961 0.010719419 0.988325715 -0.012587728 0.151455984 -3.003486395 -3.396411419 -12.006744385 0.000000000 0.000000000 -12.000000000 0.601000786 0.169523388 0.016470788 0.011089739 0.016070120 0.010976723
1776849933.698411226 0.624724448 -0.043262862 0.227767318 0.010719351 0.988325477 -0.012587771 0.151457474 -2.993897438 -3.396097422 -11.998744965 0.000000000 0.000000000 -12.000000000 0.605779648 0.168874204 0.016484069 0.011092121 0.016080216 0.010979538
1776849933.703241348 0.624725342 -0.043262817 0.227767617 0.010719365 0.988325298 -0.012587730 0.151458740 -2.984254122 -3.395761490 -11.991190910 0.000000000 0.000000000 -12.000000000 0.610116959 0.168232024 0.016497128 0.011094497 0.016090384 0.010982342
1776849933.708378077 0.624726117 -0.043262891 0.227767855 0.010719387 0.988325119 -0.012587775 0.151459724 -2.974590540 -3.395405293 -11.984074593 0.000000000 0.000000000 -12.000000000 0.614036560 0.167597771 0.016509974 0.011096867 0.016100617 0.010985135
1776849933.713116407 0.624726892 -0.043262854 0.227768034 0.010719323 0.988325000 -0.012587798 0.151460722 -2.964939117 -3.395030499 -11.977387428 0.000000000 0.000000000 -12.000000000 0.617551804 0.166963160 0.016522611 0.011099227 0.016110910 0.010987918
1776849933.718224764 0.624727488 -0.043262925 0.227768332 0.010719343 0.988324881 -0.012587849 0.151461586 -2.955329895 -3.394639015 -11.971119881 0.000000000 0.000000000 -12.000000000 0.620682716 0.167402148 0.016535044 0.011102309 0.016121255 0.010990708
1776849933.723329306 0.624728203 -0.043262959 0.227768570 0.010719395 0.988324702 -0.012587876 0.151462451 -2.945790529 -3.394233942 -11.965260506 0.000000000 0.000000000 -12.000000000 0.623448372 0.166784406 0.016547279 0.011104678 0.016131647 0.010993488
1776849933.728158474 0.624728739 -0.043262988 0.227768779 0.010719270 0.988324583 -0.012587927 0.151463240 -2.936346531 -3.393817902 -11.959798813 0.000000000 0.000000000 -12.000000000 0.625864029 0.166171283 0.016559320 0.011107039 0.016142078 0.010996258
1776849933.733108997 0.624729514 -0.043262988 0.227768928 0.010719296 0.988324463 -0.012587947 0.151464254 -2.927020311 -3.393393755 -11.954720497 0.000000000 0.000000000 -12.000000000 0.627951622 0.165560484 0.016571179 0.011109391 0.016152544 0.010999017
1776849933.738128901 0.624730527 -0.043263078 0.227769345 0.010719314 0.988324225 -0.012588010 0.151465639 -2.917831898 -3.392964840 -11.950012207 0.000000000 0.000000000 -12.000000000 0.629727364 0.164956465 0.016582858 0.011111737 0.016163040 0.011001767
1776849933.743175745 0.624731779 -0.043263160 0.227769703 0.010719222 0.988323987 -0.012588151 0.151467174 -2.908798933 -3.392534256 -11.945658684 0.000000000 0.000000000 -12.000000000 0.631213188 0.164354503 0.016594369 0.011114076 0.016173560 0.011004506
1776849933.748538971 0.624733150 -0.043263175 0.227770090 0.010719318 0.988323748 -0.012588136 0.151468977 -2.899936676 -3.392105341 -11.941646576 0.000000000 0.000000000 -12.000000000 0.632425308 0.163756430 0.016605718 0.011116406 0.016184101 0.011007235
1776849933.753546000 0.624734521 -0.043263305 0.227770567 0.010719195 0.988323450 -0.012588304 0.151470810 -2.891259193 -3.391681433 -11.937955856 0.000000000 0.000000000 -12.000000000 0.633386612 0.164264888 0.016616914 0.011119483 0.016194656 0.011009973
1776849933.758417606 0.624735713 -0.043263365 0.227770954 0.010719183 0.988323212 -0.012588369 0.151472345 -2.882778406 -3.391265631 -11.934572220 0.000000000 0.000000000 -12.000000000 0.634113312 0.163685933 0.016627967 0.011121825 0.016205225 0.011012701
1776849933.763441324 0.624736607 -0.043263353 0.227771163 0.010719224 0.988323033 -0.012588332 0.151473448 -2.874504805 -3.390860558 -11.931476593 0.000000000 0.000000000 -12.000000000 0.634627342 0.163111150 0.016638888 0.011124161 0.016215803 0.011015420
1776849933.768159151 0.624737024 -0.043263413 0.227771372 0.010719190 0.988322973 -0.012588372 0.151474044 -2.866447687 -3.390469074 -11.928650856 0.000000000 0.000000000 -12.000000000 0.634947777 0.162547648 0.016649684 0.011126494 0.016226385 0.011018129
1776849933.773352385 0.624737144 -0.043263420 0.227771372 0.010719332 0.988322914 -0.012588370 0.151474312 -2.858614206 -3.390093565 -11.926076889 0.000000000 0.000000000 -12.000000000 0.635093689 0.161988184 0.016660366 0.011128821 0.016236970 0.011020829
1776849933.778140306 0.624737561 -0.043263461 0.227771580 0.010719166 0.988322854 -0.012588467 0.151474684 -2.851009607 -3.389735699 -11.923738480 0.000000000 0.000000000 -12.000000000 0.635083199 0.161429957 0.016670944 0.011131139 0.016247556 0.011023520
1776849933.783407211 0.624737859 -0.043263458 0.227771729 0.010719240 0.988322794 -0.012588418 0.151475102 -2.843637466 -3.389397383 -11.921618462 0.000000000 0.000000000 -12.000000000 0.634931564 0.160880879 0.016681425 0.011133455 0.016258137 0.011026201
1776849933.788317919 0.624737978 -0.043263480 0.227771759 0.010719161 0.988322735 -0.012588491 0.151475251 -2.836498499 -3.389080524 -11.919700623 0.000000000 0.000000000 -12.000000000 0.634656906 0.160360232 0.016691821 0.011135780 0.016268715 0.011028874
1776849933.793120384 0.624738276 -0.043263651 0.227771878 0.010719271 0.988322675 -0.012588547 0.151475668 -2.829591990 -3.388786316 -11.917972565 0.000000000 0.000000000 -12.000000000 0.634267807 0.159825057 0.016702130 0.011138087 0.016279286 0.011031537
1776849933.798129559 0.624738514 -0.043263588 0.227771997 0.010719150 0.988322675 -0.012588561 0.151475996 -2.822915077 -3.388516665 -11.916419029 0.000000000 0.000000000 -12.000000000 0.633779526 0.159286618 0.016712369 0.011140384 0.016289849 0.011034193
1776849933.803117514 0.624738932 -0.043263584 0.227772027 0.010719289 0.988322556 -0.012588482 0.151476443 -2.816462994 -3.388272524 -11.915026665 0.000000000 0.000000000 -12.000000000 0.633201599 0.158757553 0.016722538 0.011142677 0.016300403 0.011036838
1776849933.808161497 0.624739408 -0.043263674 0.227772295 0.010719286 0.988322437 -0.012588607 0.151477203 -2.810229301 -3.388055325 -11.913784981 0.000000000 0.000000000 -12.000000000 0.632544518 0.158233017 0.016732641 0.011144965 0.016310945 0.011039476
1776849933.813183069 0.624740005 -0.043263681 0.227772534 0.010719306 0.988322377 -0.012588560 0.151477888 -2.804207087 -3.387866497 -11.912679672 0.000000000 0.000000000 -12.000000000 0.631816864 0.157713503 0.016742686 0.011147247 0.016321475 0.011042104
1776849933.818405628 0.624740779 -0.043263815 0.227772713 0.010719275 0.988322198 -0.012588695 0.151478827 -2.798388004 -3.387707233 -11.911699295 0.000000000 0.000000000 -12.000000000 0.631029129 0.157201499 0.016752677 0.011149525 0.016331991 0.011044724
1776849933.823511839 0.624741733 -0.043263771 0.227773070 0.010719345 0.988322020 -0.012588654 0.151480108 -2.792763948 -3.387578249 -11.910830498 0.000000000 0.000000000 -12.000000000 0.630192757 0.156690478 0.016762624 0.011151795 0.016342495 0.011047335
1776849933.828360558 0.624742627 -0.043263853 0.227773428 0.010719396 0.988321841 -0.012588704 0.151481286 -2.787326813 -3.387480736 -11.910061836 0.000000000 0.000000000 -12.000000000 0.629311562 0.156189531 0.016772524 0.011154065 0.016352983 0.011049938
1776849933.833381414 0.624743342 -0.043263894 0.227773637 0.010719241 0.988321662 -0.012588765 0.151482239 -2.782068729 -3.387415409 -11.909379005 0.000000000 0.000000000 -12.000000000 0.628400803 0.155695856 0.016782390 0.011156330 0.016363457 0.011052533
1776849933.838183641 0.624743938 -0.043263923 0.227773845 0.010719287 0.988321543 -0.012588808 0.151482999 -2.776982307 -3.387382984 -11.908766747 0.000000000 0.000000000 -12.000000000 0.627470016 0.156057879 0.016792228 0.011159173 0.016373916 0.011055134
1776849933.843134403 0.624744415 -0.043264046 0.227773935 0.010719208 0.988321483 -0.012588913 0.151483685 -2.772060871 -3.387383699 -11.908214569 0.000000000 0.000000000 -12.000000000 0.626529694 0.155585885 0.016802045 0.011161451 0.016384358 0.011057727
1776849933.848204374 0.624744773 -0.043263908 0.227773994 0.010719153 0.988321424 -0.012588879 0.151484013 -2.767297745 -3.387417793 -11.907706261 0.000000000 0.000000000 -12.000000000 0.625592232 0.155112997 0.016811846 0.011163721 0.016394785 0.011060312
1776849933.853370905 0.624745011 -0.043264113 0.227774173 0.010719287 0.988321364 -0.012588955 0.151484326 -2.762686729 -3.387485504 -11.907231331 0.000000000 0.000000000 -12.000000000 0.624664307 0.154658914 0.016821638 0.011165996 0.016405195 0.011062890
1776849933.858231306 0.624745131 -0.043264117 0.227774203 0.010719286 0.988321364 -0.012588960 0.151484445 -2.758221626 -3.387586355 -11.906778336 0.000000000 0.000000000 -12.000000000 0.623757362 0.154204547 0.016831428 0.011168264 0.016415590 0.011065461
1776849933.863112926 0.624745190 -0.043264121 0.227774203 0.010719197 0.988321364 -0.012588976 0.151484504 -2.753895044 -3.387720108 -11.906338692 0.000000000 0.000000000 -12.000000000 0.622874260 0.153757527 0.016841220 0.011170529 0.016425971 0.011068024
1776849933.868148804 0.624745369 -0.043264128 0.227774322 0.010719282 0.988321304 -0.012588982 0.151484743 -2.749699354 -3.387886524 -11.905905724 0.000000000 0.000000000 -12.000000000 0.622022629 0.153315276 0.016851021 0.011172789 0.016436338 0.011070579
1776849933.873152018 0.624745488 -0.043264158 0.227774382 0.010719385 0.988321245 -0.012588929 0.151484981 -2.745625973 -3.388084888 -11.905474663 0.000000000 0.000000000 -12.000000000 0.621203423 0.152882516 0.016860826 0.011175049 0.016446691 0.011073127
1776849933.878704309 0.624745548 -0.043264348 0.227774382 0.010719404 0.988321245 -0.012589095 0.151485026 -2.741664886 -3.388314724 -11.905045509 0.000000000 0.000000000 -12.000000000 0.620411873 0.151583955 0.016870638 0.011176710 0.016457031 0.011075654
1776849933.883518696 0.624745607 -0.043264430 0.227774441 0.010719397 0.988321245 -0.012589134 0.151485056 -2.737804890 -3.388575315 -11.904618263 0.000000000 0.000000000 -12.000000000 0.619647026 0.151160836 0.016880456 0.011178947 0.016467359 0.011078173
1776849933.888432980 0.624745727 -0.043264378 0.227774471 0.010719446 0.988321245 -0.012589059 0.151485205 -2.734033346 -3.388866425 -11.904195786 0.000000000 0.000000000 -12.000000000 0.618901253 0.150741115 0.016890274 0.011181180 0.016477674 0.011080686
1776849933.893408298 0.624745727 -0.043264437 0.227774471 0.010719456 0.988321245 -0.012589131 0.151485205 -2.730335951 -3.389187336 -11.903782845 0.000000000 0.000000000 -12.000000000 0.618165016 0.150330275 0.016900087 0.011183412 0.016487977 0.011083191
1776849933.898463488 0.624745786 -0.043264590 0.227774560 0.010719539 0.988321185 -0.012589178 0.151485294 -2.726696968 -3.389537573 -11.903387070 0.000000000 0.000000000 -12.000000000 0.617427826 0.149930984 0.016909886 0.011185644 0.016498268 0.011085690
1776849933.903166533 0.624745846 -0.043264557 0.227774560 0.010719505 0.988321185 -0.012589185 0.151485354 -2.723099709 -3.389916658 -11.903016090 0.000000000 0.000000000 -12.000000000 0.616677284 0.149344355 0.016919663 0.011187742 0.016508546 0.011088179
1776849933.908479691 0.624745905 -0.043264635 0.227774560 0.010719773 0.988321185 -0.012589073 0.151485443 -2.719525576 -3.390323877 -11.902680397 0.000000000 0.000000000 -12.000000000 0.615897179 0.148956597 0.016929409 0.011189966 0.016518811 0.011090662
1776849933.913438797 0.624745905 -0.043264598 0.227774560 0.010719681 0.988321185 -0.012589086 0.151485413 -2.715954304 -3.390758753 -11.902391434 0.000000000 0.000000000 -12.000000000 0.615072250 0.146760613 0.016939111 0.011190948 0.016529063 0.011093108
1776849933.918327570 0.624745905 -0.043264654 0.227774560 0.010719690 0.988321185 -0.012589159 0.151485443 -2.712365627 -3.391220808 -11.902163506 0.000000000 0.000000000 -12.000000000 0.614180565 0.146375686 0.016948754 0.011193131 0.016539300 0.011095547
1776849933.923372507 0.624745965 -0.043264851 0.227774650 0.010719772 0.988321185 -0.012589216 0.151485562 -2.708737612 -3.391709328 -11.902009964 0.000000000 0.000000000 -12.000000000 0.613204956 0.146001756 0.016958324 0.011195315 0.016549520 0.011097981
1776849933.928199053 0.624746144 -0.043264743 0.227774739 0.010719624 0.988321126 -0.012589218 0.151485711 -2.705048323 -3.392223597 -11.901948929 0.000000000 0.000000000 -12.000000000 0.612120628 0.145625770 0.016967803 0.011197492 0.016559722 0.011100408
1776849933.933391094 0.624746203 -0.043264978 0.227774769 0.010719854 0.988321126 -0.012589259 0.151485786 -2.701276064 -3.392762899 -11.901994705 0.000000000 0.000000000 -12.000000000 0.610908508 0.145268261 0.016977176 0.011199675 0.016569903 0.011102829
1776849933.938108444 0.624746323 -0.043264985 0.227774769 0.010719850 0.988321126 -0.012589275 0.151485935 -2.697399616 -3.393326044 -11.902167320 0.000000000 0.000000000 -12.000000000 0.609540939 0.144911811 0.016986422 0.011201852 0.016580062 0.011105244
1776849933.943457365 0.624746680 -0.043265041 0.227774978 0.010719879 0.988321066 -0.012589298 0.151486352 -2.693399191 -3.393912077 -11.902482986 0.000000000 0.000000000 -12.000000000 0.608000755 0.144561604 0.016995529 0.011204028 0.016590195 0.011107653
1776849933.948569775 0.624746919 -0.043265104 0.227775037 0.010719823 0.988321006 -0.012589400 0.151486620 -2.689257383 -3.394519329 -11.902958870 0.000000000 0.000000000 -12.000000000 0.606264114 0.144218862 0.017004475 0.011206203 0.016600300 0.011110057
1776849933.953382015 0.624747574 -0.043265142 0.227775365 0.010719817 0.988320887 -0.012589439 0.151487499 -2.684958935 -3.395146608 -11.903611183 0.000000000 0.000000000 -12.000000000 0.604310036 0.143001378 0.017013244 0.011207774 0.016610371 0.011112440
1776849933.958453655 0.624747992 -0.043265279 0.227775425 0.010719894 0.988320768 -0.012589493 0.151488036 -2.680491924 -3.395792246 -11.904451370 0.000000000 0.000000000 -12.000000000 0.602126122 0.143733904 0.017021824 0.011210659 0.016620407 0.011114836
1776849933.963377237 0.624748588 -0.043265212 0.227775723 0.010720001 0.988320649 -0.012589426 0.151488781 -2.675848007 -3.396454573 -11.905489922 0.000000000 0.000000000 -12.000000000 0.599699974 0.142264515 0.017030202 0.011212050 0.016630402 0.011117207
1776849933.968372107 0.624748826 -0.043265320 0.227775693 0.010719827 0.988320589 -0.012589549 0.151489124 -2.671022654 -3.397131681 -11.906736374 0.000000000 0.000000000 -12.000000000 0.597020149 0.141946539 0.017038366 0.011214203 0.016640352 0.011119572
1776849933.973152161 0.624749184 -0.043265417 0.227775991 0.010719938 0.988320529 -0.012589591 0.151489601 -2.666015148 -3.397821903 -11.908191681 0.000000000 0.000000000 -12.000000000 0.594086647 0.141632929 0.017046312 0.011216355 0.016650254 0.011121933
1776849933.978506565 0.624749362 -0.043265484 0.227775961 0.010719883 0.988320529 -0.012589689 0.151489794 -2.660828114 -3.398523569 -11.909858704 0.000000000 0.000000000 -12.000000000 0.590897560 0.141328648 0.017054033 0.011218508 0.016660102 0.011124289
1776849933.983442783 0.624749541 -0.043265626 0.227776021 0.010720014 0.988320470 -0.012589669 0.151490033 -2.655467749 -3.399234533 -11.911732674 0.000000000 0.000000000 -12.000000000 0.587458611 0.141037062 0.017061532 0.011220664 0.016669892 0.011126639
1776849933.988360405 0.624749601 -0.043265555 0.227776051 0.010720045 0.988320470 -0.012589641 0.151490152 -2.649943113 -3.399953127 -11.913809776 0.000000000 0.000000000 -12.000000000 0.583777428 0.140747651 0.017068807 0.011222817 0.016679622 0.011128985
1776849933.993316889 0.624749720 -0.043265600 0.227776140 0.010720042 0.988320410 -0.012589665 0.151490271 -2.644265890 -3.400677443 -11.916079521 0.000000000 0.000000000 -12.000000000 0.579867363 0.141741574 0.017075866 0.011225843 0.016689287 0.011131348
1776849933.998247385 0.624749959 -0.043265820 0.227776170 0.010720098 0.988320410 -0.012589808 0.151490599 -2.638450146 -3.401405573 -11.918531418 0.000000000 0.000000000 -12.000000000 0.575741768 0.141484439 0.017082712 0.011228030 0.016698884 0.011133706
1776849934.003446341 0.624750137 -0.043265771 0.227776289 0.010720144 0.988320351 -0.012589743 0.151490778 -2.632511377 -3.402135611 -11.921154022 0.000000000 0.000000000 -12.000000000 0.571418762 0.141230687 0.017089354 0.011230214 0.016708408 0.011136060
1776849934.008533239 0.624750257 -0.043265954 0.227776378 0.010720176 0.988320351 -0.012589867 0.151490971 -2.626466274 -3.402865410 -11.923932076 0.000000000 0.000000000 -12.000000000 0.566915512 0.139644772 0.017095800 0.011231484 0.016717857 0.011138387
1776849934.013414383 0.624750376 -0.043265902 0.227776468 0.010720314 0.988320291 -0.012589781 0.151491180 -2.620332479 -3.403593063 -11.926850319 0.000000000 0.000000000 -12.000000000 0.562251091 0.140685111 0.017102063 0.011234522 0.016727228 0.011140732
1776849934.018217802 0.624750674 -0.043266028 0.227776587 0.010720303 0.988320231 -0.012589850 0.151491448 -2.614128828 -3.404316902 -11.929894447 0.000000000 0.000000000 -12.000000000 0.557448387 0.140458927 0.017108152 0.011236712 0.016736519 0.011143073
1776849934.023243904 0.624750733 -0.043266032 0.227776587 0.010720303 0.988320231 -0.012589850 0.151491478 -2.607873917 -3.405035019 -11.933047295 0.000000000 0.000000000 -12.000000000 0.552526474 0.140242279 0.017114079 0.011238906 0.016745728 0.011145411
1776849934.028196812 0.624751151 -0.043266125 0.227776736 0.010720355 0.988320172 -0.012589891 0.151492015 -2.601587296 -3.405745745 -11.936292648 0.000000000 0.000000000 -12.000000000 0.547508240 0.140032277 0.017119858 0.011241100 0.016754853 0.011147745
1776849934.033225775 0.624751270 -0.043266274 0.227776855 0.010720357 0.988320112 -0.012590013 0.151492238 -2.595288277 -3.406447172 -11.939614296 0.000000000 0.000000000 -12.000000000 0.542413712 0.137303069 0.017125500 0.011241568 0.016763892 0.011150033
1776849934.038172960 0.624751508 -0.043266360 0.227776945 0.010720414 0.988320053 -0.012590033 0.151492536 -2.588996410 -3.407137871 -11.942996025 0.000000000 0.000000000 -12.000000000 0.537266731 0.137095988 0.017131023 0.011243715 0.016772846 0.011152318
1776849934.043401003 0.624751925 -0.043266498 0.227777064 0.010720490 0.988319993 -0.012590098 0.151493073 -2.582731485 -3.407816648 -11.946421623 0.000000000 0.000000000 -12.000000000 0.532086372 0.136896372 0.017136438 0.011245864 0.016781714 0.011154599
1776849934.048512220 0.624752343 -0.043266594 0.227777213 0.010720542 0.988319933 -0.012590141 0.151493624 -2.576512337 -3.408482313 -11.949873924 0.000000000 0.000000000 -12.000000000 0.526894569 0.137993932 0.017141759 0.011248895 0.016790496 0.011156899
1776849934.053214550 0.624752939 -0.043266814 0.227777451 0.010720698 0.988319755 -0.012590242 0.151494429 -2.570358992 -3.409133911 -11.953337669 0.000000000 0.000000000 -12.000000000 0.521713257 0.137821898 0.017146999 0.011251077 0.016799191 0.011159196
1776849934.058133125 0.624753535 -0.043266848 0.227777690 0.010720664 0.988319695 -0.012590278 0.151495159 -2.564290047 -3.409770727 -11.956796646 0.000000000 0.000000000 -12.000000000 0.516564369 0.136533737 0.017152177 0.011252494 0.016807800 0.011161471
1776849934.063190937 0.624753952 -0.043266945 0.227777839 0.010720715 0.988319576 -0.012590320 0.151495725 -2.558324575 -3.410392761 -11.960233688 0.000000000 0.000000000 -12.000000000 0.511466980 0.136371702 0.017157303 0.011254658 0.016816325 0.011163743
1776849934.068171024 0.624754429 -0.043267112 0.227778077 0.010720795 0.988319457 -0.012590427 0.151496366 -2.552481174 -3.410999537 -11.963634491 0.000000000 0.000000000 -12.000000000 0.506441116 0.136217624 0.017162394 0.011256825 0.016824767 0.011166014
1776849934.073422432 0.624754786 -0.043267179 0.227778256 0.010720840 0.988319397 -0.012590439 0.151496843 -2.546777964 -3.411591291 -11.966980934 0.000000000 0.000000000 -12.000000000 0.501509666 0.136074722 0.017167464 0.011258998 0.016833125 0.011168282
1776849934.078312635 0.624755085 -0.043267220 0.227778167 0.010720805 0.988319337 -0.012590509 0.151497111 -2.541231394 -3.412168026 -11.970259666 0.000000000 0.000000000 -12.000000000 0.496691704 0.136719495 0.017172530 0.011261707 0.016841402 0.011170560
1776849934.083153963 0.624755263 -0.043267354 0.227778316 0.010720941 0.988319337 -0.012590519 0.151497394 -2.535857916 -3.412729979 -11.973453522 0.000000000 0.000000000 -12.000000000 0.492007256 0.136602104 0.017177606 0.011263906 0.016849602 0.011172838
1776849934.088716745 0.624755383 -0.043267362 0.227778435 0.010720882 0.988319278 -0.012590535 0.151497543 -2.530671835 -3.413278103 -11.976550102 0.000000000 0.000000000 -12.000000000 0.487471581 0.136491597 0.017182708 0.011266107 0.016857726 0.011175113
1776849934.093167543 0.624755383 -0.043267362 0.227778375 0.010720940 0.988319278 -0.012590525 0.151497543 -2.525685310 -3.413812637 -11.979536057 0.000000000 0.000000000 -12.000000000 0.483102798 0.136391848 0.017187847 0.011268314 0.016865779 0.011177386
1776849934.098108053 0.624755502 -0.043267585 0.227778524 0.010721056 0.988319278 -0.012590619 0.151497781 -2.520909071 -3.414334536 -11.982399940 0.000000000 0.000000000 -12.000000000 0.478912354 0.136303946 0.017193034 0.011270527 0.016873760 0.011179658
1776849934.103345156 0.624755681 -0.043267604 0.227778554 0.010721103 0.988319218 -0.012590609 0.151497960 -2.516350746 -3.414844513 -11.985133171 0.000000000 0.000000000 -12.000000000 0.474912643 0.136220142 0.017198283 0.011272741 0.016881675 0.011181928
1776849934.108125687 0.624755740 -0.043267608 0.227778554 0.010721102 0.988319218 -0.012590611 0.151498020 -2.512015343 -3.415344000 -11.987727165 0.000000000 0.000000000 -12.000000000 0.471113205 0.136148125 0.017203601 0.011274963 0.016889526 0.011184197
1776849934.113368511 0.624755859 -0.043267764 0.227778643 0.010721238 0.988319218 -0.012590668 0.151498094 -2.507905483 -3.415834188 -11.990178108 0.000000000 0.000000000 -12.000000000 0.467515945 0.135695130 0.017208993 0.011276921 0.016897317 0.011186458
1776849934.118131876 0.624755859 -0.043267958 0.227778733 0.010721349 0.988319159 -0.012590722 0.151498243 -2.504019976 -3.416316032 -11.992483139 0.000000000 0.000000000 -12.000000000 0.464127541 0.135641545 0.017214471 0.011279146 0.016905053 0.011188718
1776849934.123355150 0.624755979 -0.043267950 0.227778703 0.010721228 0.988319159 -0.012590787 0.151498303 -2.500355959 -3.416791201 -11.994641304 0.000000000 0.000000000 -12.000000000 0.460944176 0.135593697 0.017220030 0.011281375 0.016912734 0.011190979
1776849934.128179550 0.624756217 -0.043268122 0.227778882 0.010721401 0.988319099 -0.012590824 0.151498690 -2.496907234 -3.417260885 -11.996653557 0.000000000 0.000000000 -12.000000000 0.457963943 0.135553271 0.017225677 0.011283607 0.016920367 0.011193238
1776849934.133211136 0.624756575 -0.043268248 0.227779031 0.010721479 0.988319039 -0.012590883 0.151499063 -2.493666410 -3.417727232 -11.998521805 0.000000000 0.000000000 -12.000000000 0.455183029 0.135356233 0.017231409 0.011285732 0.016927954 0.011195494
1776849934.139345646 0.624756873 -0.043268379 0.227779031 0.010721584 0.988318980 -0.012590935 0.151499420 -2.490623236 -3.418191433 -12.000251770 0.000000000 0.000000000 -12.000000000 0.452590942 0.135338679 0.017237226 0.011287975 0.016935498 0.011197750
1776849934.143390656 0.624757111 -0.043268468 0.227779210 0.010721665 0.988318920 -0.012590974 0.151499748 -2.487767458 -3.418654919 -12.001847267 0.000000000 0.000000000 -12.000000000 0.450183868 0.135330051 0.017243123 0.011290225 0.016943000 0.011200005
1776849934.148571014 0.624757588 -0.043268610 0.227779359 0.010721684 0.988318861 -0.012591044 0.151500419 -2.485086679 -3.419119358 -12.003314018 0.000000000 0.000000000 -12.000000000 0.447952271 0.135329410 0.017249100 0.011292481 0.016950466 0.011202261
1776849934.153467178 0.624758244 -0.043268796 0.227779627 0.010721871 0.988318682 -0.012591124 0.151501268 -2.482568741 -3.419586182 -12.004657745 0.000000000 0.000000000 -12.000000000 0.445885658 0.135337621 0.017255155 0.011294741 0.016957898 0.011204517
1776849934.158572674 0.624758661 -0.043268967 0.227779776 0.010721828 0.988318622 -0.012591214 0.151501775 -2.480201244 -3.420056343 -12.005885124 0.000000000 0.000000000 -12.000000000 0.443972588 0.135357365 0.017261280 0.011297011 0.016965298 0.011206772
1776849934.163487196 0.624759138 -0.043269146 0.227779984 0.010722050 0.988318503 -0.012591274 0.151502475 -2.477972031 -3.420531034 -12.007001877 0.000000000 0.000000000 -12.000000000 0.442207336 0.135387063 0.017267473 0.011299287 0.016972668 0.011209029
1776849934.168621540 0.624760032 -0.043269306 0.227780312 0.010722065 0.988318324 -0.012591365 0.151503637 -2.475870371 -3.421010971 -12.008011818 0.000000000 0.000000000 -12.000000000 0.440581322 0.135339960 0.017273732 0.011301511 0.016980011 0.011211284
1776849934.173605680 0.624761820 -0.043269679 0.227780849 0.010722156 0.988317966 -0.012591626 0.151505902 -2.473886251 -3.421496630 -12.008921623 0.000000000 0.000000000 -12.000000000 0.439083099 0.135387301 0.017280051 0.011303799 0.016987329 0.011213541
1776849934.178444147 0.624761820 -0.043269679 0.227780849 0.010722156 0.988317966 -0.012591626 0.151505902 -2.472011328 -3.421988487 -12.009733200 0.000000000 0.000000000 -12.000000000 0.437712669 0.135443941 0.017286433 0.011306095 0.016994625 0.011215799
1776849934.183425426 0.624762893 -0.043269776 0.227781147 0.010722172 0.988317788 -0.012591702 0.151507348 -2.470239162 -3.422486782 -12.010447502 0.000000000 0.000000000 -12.000000000 0.436462402 0.135508552 0.017292874 0.011308396 0.017001899 0.011218057
1776849934.188248634 0.624764264 -0.043269865 0.227781683 0.010722291 0.988317490 -0.012591721 0.151509151 -2.468565226 -3.422991037 -12.011066437 0.000000000 0.000000000 -12.000000000 0.435333252 0.135580391 0.017299376 0.011310703 0.017009154 0.011220316
1776849934.193216801 0.624765515 -0.043270044 0.227782100 0.010722334 0.988317251 -0.012591817 0.151510775 -2.466986895 -3.423501492 -12.011587143 0.000000000 0.000000000 -12.000000000 0.434325218 0.135664940 0.017305942 0.011313021 0.017016392 0.011222578
1776849934.198213100 0.624766588 -0.043270342 0.227782428 0.010722404 0.988317013 -0.012592031 0.151512221 -2.465503216 -3.424017668 -12.012008667 0.000000000 0.000000000 -12.000000000 0.433438301 0.135873601 0.017312575 0.011315425 0.017023616 0.011224843
1776849934.203776836 0.624767184 -0.043270413 0.227782637 0.010722425 0.988316894 -0.012592079 0.151513055 -2.464115381 -3.424539566 -12.012326241 0.000000000 0.000000000 -12.000000000 0.432679176 0.135981157 0.017319281 0.011317763 0.017030828 0.011227109
1776849934.208479643 0.624768138 -0.043270666 0.227782935 0.010722504 0.988316715 -0.012592250 0.151514173 -2.462825298 -3.425066710 -12.012535095 0.000000000 0.000000000 -12.000000000 0.432051659 0.136096463 0.017326063 0.011320109 0.017038029 0.011229377
1776849934.213452578 0.624768555 -0.043270659 0.227783173 0.010722434 0.988316596 -0.012592299 0.151514843 -2.461635590 -3.425599337 -12.012631416 0.000000000 0.000000000 -12.000000000 0.431561470 0.136222452 0.017332930 0.011322463 0.017045222 0.011231648
1776849934.218709707 0.624768734 -0.043270774 0.227783144 0.010722580 0.988316596 -0.012592310 0.151515022 -2.460549116 -3.426137447 -12.012609482 0.000000000 0.000000000 -12.000000000 0.431212425 0.135909855 0.017339883 0.011324519 0.017052408 0.011233913
1776849934.223611593 0.624769032 -0.043270946 0.227783203 0.010722626 0.988316536 -0.012592382 0.151515409 -2.459568501 -3.426681042 -12.012464523 0.000000000 0.000000000 -12.000000000 0.431012154 0.135590777 0.017346933 0.011326566 0.017059593 0.011236172
1776849934.228480339 0.624769270 -0.043271072 0.227783412 0.010722701 0.988316476 -0.012592449 0.151515722 -2.458695412 -3.427230358 -12.012192726 0.000000000 0.000000000 -12.000000000 0.430963516 0.135744974 0.017354084 0.011328931 0.017066775 0.011238434
1776849934.233572960 0.624769449 -0.043271270 0.227783442 0.010722896 0.988316417 -0.012592504 0.151516020 -2.457930326 -3.427786350 -12.011791229 0.000000000 0.000000000 -12.000000000 0.431071281 0.135910243 0.017361339 0.011331306 0.017073959 0.011240699
1776849934.238484144 0.624769688 -0.043271586 0.227783412 0.010723047 0.988316417 -0.012592632 0.151516184 -2.457272530 -3.428349018 -12.011257172 0.000000000 0.000000000 -12.000000000 0.431335449 0.136083096 0.017368706 0.011333689 0.017081149 0.011242967
1776849934.244208813 0.624769986 -0.043271869 0.227783769 0.010723229 0.988316298 -0.012592758 0.151516750 -2.456720114 -3.428919554 -12.010591507 0.000000000 0.000000000 -12.000000000 0.431756973 0.136264026 0.017376183 0.011336082 0.017088344 0.011245239
1776849934.248112202 0.624770224 -0.043272033 0.227783799 0.010723335 0.988316238 -0.012592817 0.151517034 -2.456269264 -3.429498196 -12.009793282 0.000000000 0.000000000 -12.000000000 0.432332039 0.136454538 0.017383771 0.011338483 0.017095549 0.011247513
1776849934.253497362 0.624770522 -0.043272268 0.227783918 0.010723446 0.988316178 -0.012592927 0.151517451 -2.455915451 -3.430085659 -12.008864403 0.000000000 0.000000000 -12.000000000 0.433059692 0.136652902 0.017391473 0.011340892 0.017102767 0.011249790
1776849934.258204937 0.624770880 -0.043272324 0.227783948 0.010723461 0.988316119 -0.012592978 0.151517883 -2.455652475 -3.430682182 -12.007808685 0.000000000 0.000000000 -12.000000000 0.433935165 0.136860222 0.017399289 0.011343311 0.017109999 0.011252071
1776849934.263662100 0.624771357 -0.043272577 0.227784276 0.010723623 0.988316000 -0.012593071 0.151518509 -2.455472708 -3.431287766 -12.006628990 0.000000000 0.000000000 -12.000000000 0.434952736 0.137073755 0.017407218 0.011345738 0.017117249 0.011254355
1776849934.268524647 0.624771833 -0.043272756 0.227784425 0.010723725 0.988315940 -0.012593153 0.151519090 -2.455368280 -3.431902170 -12.005332947 0.000000000 0.000000000 -12.000000000 0.436100960 0.137298450 0.017415252 0.011348176 0.017124517 0.011256644
1776849934.273624659 0.624772131 -0.043272972 0.227784544 0.010723915 0.988315880 -0.012593187 0.151519537 -2.455329657 -3.432525158 -12.003924370 0.000000000 0.000000000 -12.000000000 0.437376022 0.137532622 0.017423391 0.011350624 0.017131807 0.011258936
1776849934.278583765 0.624772668 -0.043273307 0.227784693 0.010723993 0.988315761 -0.012593423 0.151520208 -2.455346823 -3.433156252 -12.002411842 0.000000000 0.000000000 -12.000000000 0.438766479 0.137774885 0.017431632 0.011353082 0.017139120 0.011261232
1776849934.283482313 0.624773085 -0.043273658 0.227784872 0.010724310 0.988315642 -0.012593489 0.151520789 -2.455409050 -3.433794737 -12.000803947 0.000000000 0.000000000 -12.000000000 0.440259933 0.138025373 0.017439963 0.011355549 0.017146457 0.011263533
1776849934.288376093 0.624773622 -0.043273799 0.227785051 0.010724465 0.988315523 -0.012593568 0.151521519 -2.455505371 -3.434439898 -11.999107361 0.000000000 0.000000000 -12.000000000 0.441846848 0.138083190 0.017448386 0.011357890 0.017153822 0.011265834
1776849934.293591261 0.624773979 -0.043273970 0.227785081 0.010724541 0.988315463 -0.012593635 0.151521936 -2.455625057 -3.435091496 -11.997332573 0.000000000 0.000000000 -12.000000000 0.443515778 0.138351947 0.017456891 0.011360374 0.017161215 0.011268140
1776849934.298420191 0.624774456 -0.043274183 0.227785289 0.010724613 0.988315403 -0.012593736 0.151522607 -2.455756664 -3.435749054 -11.995489120 0.000000000 0.000000000 -12.000000000 0.445252419 0.138627559 0.017465470 0.011362868 0.017168636 0.011270450
1776849934.303507805 0.624774873 -0.043274451 0.227785408 0.010724691 0.988315284 -0.012593909 0.151523098 -2.455889940 -3.436412334 -11.993585587 0.000000000 0.000000000 -12.000000000 0.447045326 0.138726100 0.017474117 0.011365247 0.017176086 0.011272763
1776849934.308422089 0.624775469 -0.043274898 0.227785617 0.010724984 0.988315165 -0.012594070 0.151523918 -2.456013680 -3.437081814 -11.991633415 0.000000000 0.000000000 -12.000000000 0.448882103 0.139019161 0.017482823 0.011367760 0.017183568 0.011275080
1776849934.313575506 0.624775887 -0.043275040 0.227785945 0.010725001 0.988315046 -0.012594151 0.151524574 -2.456118107 -3.437757730 -11.989641190 0.000000000 0.000000000 -12.000000000 0.450751305 0.139322013 0.017491581 0.011370284 0.017191080 0.011277402
1776849934.318217278 0.624776363 -0.043275252 0.227786094 0.010725188 0.988314986 -0.012594235 0.151525095 -2.456192732 -3.438440800 -11.987618446 0.000000000 0.000000000 -12.000000000 0.452638626 0.139633417 0.017500384 0.011372818 0.017198624 0.011279729
1776849934.323548555 0.624776602 -0.043275416 0.227786154 0.010725291 0.988314927 -0.012594304 0.151525393 -2.456227779 -3.439132214 -11.985576630 0.000000000 0.000000000 -12.000000000 0.454531670 0.139956370 0.017509220 0.011375367 0.017206199 0.011282062
1776849934.328202963 0.624776721 -0.043275781 0.227786154 0.010725451 0.988314927 -0.012594508 0.151525587 -2.456213236 -3.439833164 -11.983524323 0.000000000 0.000000000 -12.000000000 0.456419945 0.140286714 0.017518086 0.011377925 0.017213807 0.011284401
1776849934.333506584 0.624776900 -0.043275811 0.227786213 0.010725552 0.988314867 -0.012594463 0.151525795 -2.456138611 -3.440544844 -11.981472015 0.000000000 0.000000000 -12.000000000 0.458289146 0.140626535 0.017526971 0.011380496 0.017221445 0.011286745
1776849934.338359356 0.624776900 -0.043275986 0.227786154 0.010725583 0.988314867 -0.012594579 0.151525855 -2.455993891 -3.441268921 -11.979429245 0.000000000 0.000000000 -12.000000000 0.460127831 0.140974000 0.017535865 0.011383077 0.017229114 0.011289095
1776849934.343236685 0.624777198 -0.043276340 0.227786422 0.010725823 0.988314807 -0.012594716 0.151526228 -2.455768347 -3.442006588 -11.977407455 0.000000000 0.000000000 -12.000000000 0.461919785 0.141325191 0.017544759 0.011385667 0.017236812 0.011291450
1776849934.348354816 0.624777198 -0.043276686 0.227786392 0.010726118 0.988314748 -0.012594836 0.151526302 -2.455451250 -3.442759991 -11.975418091 0.000000000 0.000000000 -12.000000000 0.463653564 0.141687274 0.017553642 0.011388270 0.017244540 0.011293812
1776849934.353160620 0.624777317 -0.043276917 0.227786392 0.010726216 0.988314748 -0.012594935 0.151526421 -2.455031633 -3.443530560 -11.973472595 0.000000000 0.000000000 -12.000000000 0.465313911 0.142058119 0.017562505 0.011390884 0.017252296 0.011296179
1776849934.358178616 0.624777496 -0.043277219 0.227786571 0.010726382 0.988314688 -0.012595068 0.151526675 -2.454499245 -3.444319725 -11.971582413 0.000000000 0.000000000 -12.000000000 0.466885567 0.142434284 0.017571336 0.011393509 0.017260078 0.011298553
1776849934.363377810 0.624777675 -0.043277632 0.227786630 0.010726566 0.988314688 -0.012595289 0.151526958 -2.453843117 -3.445129156 -11.969761848 0.000000000 0.000000000 -12.000000000 0.468353271 0.142283365 0.017580120 0.011395779 0.017267885 0.011300924
1776849934.368418455 0.624778032 -0.043277919 0.227786869 0.010726778 0.988314569 -0.012595406 0.151527464 -2.453053474 -3.445960522 -11.968021393 0.000000000 0.000000000 -12.000000000 0.469702721 0.143318087 0.017588848 0.011398858 0.017275713 0.011303313
1776849934.373502493 0.624778509 -0.043278318 0.227786958 0.010727018 0.988314509 -0.012595546 0.151528016 -2.452121258 -3.446815014 -11.966374397 0.000000000 0.000000000 -12.000000000 0.470917702 0.143711343 0.017597508 0.011401516 0.017283563 0.011305708
1776849934.378341198 0.624779046 -0.043278653 0.227787167 0.010727227 0.988314390 -0.012595683 0.151528805 -2.451038361 -3.447693825 -11.964832306 0.000000000 0.000000000 -12.000000000 0.471987724 0.144110098 0.017606087 0.011404184 0.017291429 0.011308110
1776849934.383811235 0.624779403 -0.043279052 0.227787346 0.010727487 0.988314271 -0.012595847 0.151529297 -2.449797630 -3.448598385 -11.963403702 0.000000000 0.000000000 -12.000000000 0.472900391 0.144117236 0.017614577 0.011406590 0.017299309 0.011310512
1776849934.388231516 0.624779999 -0.043279540 0.227787495 0.010727800 0.988314152 -0.012596038 0.151530057 -2.448394060 -3.449529648 -11.962100029 0.000000000 0.000000000 -12.000000000 0.473643303 0.144533098 0.017622966 0.011409277 0.017307203 0.011312922
1776849934.393479586 0.624780416 -0.043279864 0.227787673 0.010728013 0.988314033 -0.012596162 0.151530728 -2.446823835 -3.450489044 -11.960929871 0.000000000 0.000000000 -12.000000000 0.474207878 0.144961074 0.017631246 0.011411978 0.017315106 0.011315337
1776849934.398460865 0.624781013 -0.043280214 0.227787852 0.010728077 0.988313973 -0.012596401 0.151531428 -2.445084810 -3.451477766 -11.959897995 0.000000000 0.000000000 -12.000000000 0.474586487 0.145396307 0.017639408 0.011414692 0.017323017 0.011317761
1776849934.403429747 0.624781489 -0.043280587 0.227787971 0.010728371 0.988313854 -0.012596537 0.151532099 -2.443176746 -3.452497005 -11.959011078 0.000000000 0.000000000 -12.000000000 0.474776268 0.145836771 0.017647447 0.011417416 0.017330930 0.011320191
1776849934.408093929 0.624781966 -0.043281063 0.227788150 0.010728694 0.988313735 -0.012596701 0.151532650 -2.441101074 -3.453547716 -11.958272934 0.000000000 0.000000000 -12.000000000 0.474771500 0.146286562 0.017655356 0.011420154 0.017338842 0.011322630
1776849934.413269758 0.624782622 -0.043281443 0.227788329 0.010728923 0.988313615 -0.012596870 0.151533619 -2.438860655 -3.454631567 -11.957685471 0.000000000 0.000000000 -12.000000000 0.474570274 0.146741912 0.017663131 0.011422903 0.017346751 0.011325075
1776849934.418164968 0.624782860 -0.043282025 0.227788389 0.010729378 0.988313556 -0.012597079 0.151533991 -2.436460257 -3.455749273 -11.957250595 0.000000000 0.000000000 -12.000000000 0.474175453 0.147206694 0.017670771 0.011425667 0.017354654 0.011327528
1776849934.423376799 0.624783099 -0.043282535 0.227788568 0.010729663 0.988313496 -0.012597278 0.151534334 -2.433905363 -3.456902504 -11.956966400 0.000000000 0.000000000 -12.000000000 0.473586082 0.147676453 0.017678272 0.011428441 0.017362548 0.011329990
1776849934.428485870 0.624783337 -0.043283038 0.227788717 0.010730010 0.988313437 -0.012597459 0.151534677 -2.431203365 -3.458092451 -11.956831932 0.000000000 0.000000000 -12.000000000 0.472808838 0.148809627 0.017685635 0.011431676 0.017370429 0.011332470
1776849934.433387518 0.624783516 -0.043283574 0.227788717 0.010730382 0.988313377 -0.012597695 0.151534960 -2.428361654 -3.459320068 -11.956844330 0.000000000 0.000000000 -12.000000000 0.471847534 0.149296150 0.017692858 0.011434489 0.017378293 0.011334958
1776849934.438301086 0.624783993 -0.043284088 0.227788925 0.010730667 0.988313258 -0.012597895 0.151535571 -2.425388813 -3.460586786 -11.956999779 0.000000000 0.000000000 -12.000000000 0.470706940 0.149788067 0.017699944 0.011437314 0.017386138 0.011337455
1776849934.443351746 0.624784589 -0.043284692 0.227789134 0.010731054 0.988313138 -0.012598151 0.151536345 -2.422294140 -3.461894035 -11.957293510 0.000000000 0.000000000 -12.000000000 0.469395638 0.150288001 0.017706892 0.011440152 0.017393962 0.011339961
1776849934.448212147 0.624784589 -0.043284692 0.227789134 0.010731054 0.988313138 -0.012598151 0.151536345 -2.419087648 -3.463242531 -11.957720757 0.000000000 0.000000000 -12.000000000 0.467920303 0.150798991 0.017713707 0.011443007 0.017401760 0.011342474
1776849934.453804493 0.624785066 -0.043285195 0.227789283 0.010731293 0.988313019 -0.012598409 0.151537046 -2.415779114 -3.464633226 -11.958272934 0.000000000 0.000000000 -12.000000000 0.466291428 0.151310131 0.017720392 0.011445870 0.017409531 0.011344996
1776849934.458575249 0.624785304 -0.043285619 0.227789342 0.010731518 0.988312960 -0.012598594 0.151537299 -2.412379503 -3.466067314 -11.958943367 0.000000000 0.000000000 -12.000000000 0.464521408 0.151833072 0.017726954 0.011448748 0.017417273 0.011347527
1776849934.463435888 0.624785721 -0.043285836 0.227789521 0.010731705 0.988312900 -0.012598683 0.151537955 -2.408899784 -3.467544794 -11.959722519 0.000000000 0.000000000 -12.000000000 0.462618828 0.152362376 0.017733395 0.011451641 0.017424982 0.011350066
1776849934.468488693 0.624786198 -0.043286312 0.227789700 0.010732020 0.988312781 -0.012598868 0.151538536 -2.405350924 -3.469065905 -11.960602760 0.000000000 0.000000000 -12.000000000 0.460596085 0.152893484 0.017739723 0.011454543 0.017432658 0.011352614
1776849934.473422766 0.624786675 -0.043286778 0.227789909 0.010732239 0.988312662 -0.012599093 0.151539221 -2.401744127 -3.470630884 -11.961572647 0.000000000 0.000000000 -12.000000000 0.458466530 0.153430879 0.017745944 0.011457459 0.017440299 0.011355172
1776849934.478293657 0.624787211 -0.043287221 0.227790087 0.010732523 0.988312542 -0.012599280 0.151539952 -2.398091316 -3.472239017 -11.962620735 0.000000000 0.000000000 -12.000000000 0.456247330 0.153976530 0.017752066 0.011460390 0.017447902 0.011357739
1776849934.483228445 0.624787867 -0.043287769 0.227790236 0.010732909 0.988312423 -0.012599438 0.151540861 -2.394403458 -3.473890066 -11.963736534 0.000000000 0.000000000 -12.000000000 0.453948975 0.154808477 0.017758101 0.011463524 0.017455468 0.011360318
1776849934.488670826 0.624788344 -0.043288335 0.227790505 0.010733202 0.988312304 -0.012599759 0.151541501 -2.390692949 -3.475583315 -11.964907646 0.000000000 0.000000000 -12.000000000 0.451585770 0.155366197 0.017764052 0.011466485 0.017462995 0.011362907
1776849934.493558884 0.624788821 -0.043288969 0.227790594 0.010733624 0.988312185 -0.012599995 0.151542187 -2.386971951 -3.477318048 -11.966123581 0.000000000 0.000000000 -12.000000000 0.449175835 0.155931816 0.017769931 0.011469461 0.017470481 0.011365507
1776849934.498615742 0.624789417 -0.043289494 0.227790743 0.010733961 0.988312066 -0.012600210 0.151542947 -2.383252859 -3.479093552 -11.967370987 0.000000000 0.000000000 -12.000000000 0.446731567 0.156500816 0.017775746 0.011472450 0.017477926 0.011368115
1776849934.503438950 0.624790013 -0.043290135 0.227790952 0.010734377 0.988311946 -0.012600472 0.151543766 -2.379548311 -3.480908871 -11.968637466 0.000000000 0.000000000 -12.000000000 0.444270134 0.157074764 0.017781509 0.011475449 0.017485330 0.011370733
1776849934.508411169 0.624790311 -0.043290868 0.227791131 0.010734914 0.988311827 -0.012600731 0.151544303 -2.375870705 -3.482763529 -11.969912529 0.000000000 0.000000000 -12.000000000 0.441805840 0.157507077 0.017787229 0.011478364 0.017492693 0.011373359
1776849934.513187885 0.624790668 -0.043291487 0.227791190 0.010735247 0.988311768 -0.012601020 0.151544794 -2.372232676 -3.484656811 -11.971184731 0.000000000 0.000000000 -12.000000000 0.439352989 0.158098191 0.017792918 0.011481392 0.017500015 0.011375993
1776849934.518357515 0.624790967 -0.043292232 0.227791339 0.010735830 0.988311708 -0.012601264 0.151545167 -2.368645668 -3.486588478 -11.972443581 0.000000000 0.000000000 -12.000000000 0.436923981 0.158691496 0.017798580 0.011484433 0.017507298 0.011378638
1776849934.523547411 0.624791026 -0.043293096 0.227791339 0.010736305 0.988311648 -0.012601647 0.151545376 -2.365121126 -3.488557577 -11.973677635 0.000000000 0.000000000 -12.000000000 0.434535027 0.159290314 0.017804230 0.011487487 0.017514540 0.011381294
1776849934.528440475 0.624791265 -0.043293864 0.227791518 0.010736831 0.988311589 -0.012601946 0.151545703 -2.361669302 -3.490564108 -11.974879265 0.000000000 0.000000000 -12.000000000 0.432195663 0.159894675 0.017809873 0.011490555 0.017521743 0.011383958
1776849934.533365488 0.624791563 -0.043294646 0.227791607 0.010737356 0.988311529 -0.012602245 0.151546106 -2.358298779 -3.492607832 -11.976040840 0.000000000 0.000000000 -12.000000000 0.429913521 0.160503477 0.017815517 0.011493635 0.017528908 0.011386633
1776849934.538559914 0.624791622 -0.043295473 0.227791667 0.010737982 0.988311470 -0.012602551 0.151546329 -2.355017662 -3.494689226 -11.977153778 0.000000000 0.000000000 -12.000000000 0.427701950 0.161121517 0.017821170 0.011496732 0.017536037 0.011389318
1776849934.543150187 0.624791801 -0.043296106 0.227791756 0.010738362 0.988311410 -0.012602787 0.151546597 -2.351831436 -3.496808767 -11.978212357 0.000000000 0.000000000 -12.000000000 0.425567627 0.161746085 0.017826842 0.011499844 0.017543130 0.011392014
1776849934.548390627 0.624791861 -0.043296743 0.227791756 0.010738757 0.988311410 -0.012603057 0.151546672 -2.348745108 -3.498967171 -11.979211807 0.000000000 0.000000000 -12.000000000 0.423515320 0.162379280 0.017832533 0.011502974 0.017550189 0.011394721
1776849934.554482460 0.624791980 -0.043297481 0.227791756 0.010739315 0.988311350 -0.012603289 0.151546896 -2.345761538 -3.501165628 -11.980149269 0.000000000 0.000000000 -12.000000000 0.421549797 0.163136512 0.017838249 0.011506197 0.017557215 0.011397439
1776849934.560879230 0.624792516 -0.043298949 0.227791965 0.010740260 0.988311231 -0.012603889 0.151547715 -2.342882395 -3.503405333 -11.981020927 0.000000000 0.000000000 -12.000000000 0.419673920 0.163765341 0.017843992 0.011509346 0.017564209 0.011400169
1776849934.563427925 0.624792516 -0.043298949 0.227791965 0.010740260 0.988311231 -0.012603889 0.151547715 -2.340108156 -3.505688190 -11.981825829 0.000000000 0.000000000 -12.000000000 0.417889595 0.164418906 0.017849768 0.011512522 0.017571174 0.011402909
1776849934.568398476 0.624792814 -0.043299645 0.227792054 0.010740757 0.988311172 -0.012604166 0.151548117 -2.337439060 -3.508015633 -11.982562065 0.000000000 0.000000000 -12.000000000 0.416198730 0.165215775 0.017855575 0.011515806 0.017578110 0.011405663
1776849934.573507786 0.624793589 -0.043300293 0.227792382 0.010741097 0.988310993 -0.012604411 0.151549101 -2.334873676 -3.510390043 -11.983230591 0.000000000 0.000000000 -12.000000000 0.414596558 0.165867418 0.017861418 0.011519006 0.017585021 0.011408427
1776849934.578203201 0.624794364 -0.043300770 0.227792680 0.010741358 0.988310814 -0.012604683 0.151550248 -2.332411051 -3.512812853 -11.983829498 0.000000000 0.000000000 -12.000000000 0.413089752 0.166530222 0.017867299 0.011522222 0.017591905 0.011411202
1776849934.583149433 0.624795377 -0.043301165 0.227792948 0.010741590 0.988310575 -0.012604849 0.151551649 -2.330050468 -3.515285969 -11.984358788 0.000000000 0.000000000 -12.000000000 0.411673546 0.167438477 0.017873216 0.011525618 0.017598767 0.011413992
1776849934.588368177 0.624796867 -0.043301620 0.227793396 0.010741809 0.988310277 -0.012605076 0.151553541 -2.327791214 -3.517811298 -11.984819412 0.000000000 0.000000000 -12.000000000 0.410350800 0.167938888 0.017879173 0.011528750 0.017605606 0.011416791
1776849934.593137264 0.624798119 -0.043301951 0.227793783 0.010742010 0.988310039 -0.012605241 0.151555225 -2.325633287 -3.520389795 -11.985210419 0.000000000 0.000000000 -12.000000000 0.409117699 0.168621480 0.017885171 0.011532016 0.017612426 0.011419602
1776849934.598105907 0.624799609 -0.043302406 0.227794319 0.010742258 0.988309741 -0.012605466 0.151557192 -2.323578119 -3.523022890 -11.985528946 0.000000000 0.000000000 -12.000000000 0.407980919 0.170076311 0.017891213 0.011535821 0.017619226 0.011422437
1776849934.603097200 0.624801159 -0.043303005 0.227794796 0.010742507 0.988309383 -0.012605808 0.151559368 -2.321627855 -3.525711060 -11.985775948 0.000000000 0.000000000 -12.000000000 0.404354095 0.171139717 0.017895535 0.011539383 0.017625965 0.011425289
1776849934.608755827 0.624802649 -0.043303572 0.227795213 0.010742835 0.988309085 -0.012606074 0.151561305 -2.319786072 -3.528455257 -11.985946655 0.000000000 0.000000000 -12.000000000 0.403417587 0.171829686 0.017901635 0.011542706 0.017632689 0.011428153
1776849934.613135099 0.624803901 -0.043304205 0.227795690 0.010743219 0.988308787 -0.012606350 0.151563033 -2.318056583 -3.531255960 -11.986040115 0.000000000 0.000000000 -12.000000000 0.402582169 0.172721073 0.017907787 0.011546180 0.017639399 0.011431032
1776849934.618608475 0.624805093 -0.043304913 0.227796048 0.010743662 0.988308549 -0.012606638 0.151564613 -2.316443682 -3.534113169 -11.986051559 0.000000000 0.000000000 -12.000000000 0.401855469 0.173419282 0.017914001 0.011549534 0.017646097 0.011433922
1776849934.623456478 0.624806285 -0.043305542 0.227796406 0.010744045 0.988308311 -0.012606916 0.151566178 -2.314951897 -3.537027597 -11.985979080 0.000000000 0.000000000 -12.000000000 0.401238441 0.174124330 0.017920276 0.011552907 0.017652784 0.011436824
1776849934.628520966 0.624807358 -0.043306321 0.227796763 0.010744540 0.988308072 -0.012607233 0.151567757 -2.313585520 -3.539999247 -11.985816956 0.000000000 0.000000000 -12.000000000 0.400739670 0.174831077 0.017926622 0.011556292 0.017659463 0.011439738
1776849934.633522272 0.624806523 -0.043306690 0.227795929 0.010744768 0.988308191 -0.012607347 0.151566759 -2.312347889 -3.543027878 -11.985562325 0.000000000 0.000000000 -12.000000000 0.400362015 0.175522551 0.017933043 0.011559678 0.017666135 0.011442663
1776849934.638212442 0.624806941 -0.043307528 0.227796257 0.010745313 0.988308132 -0.012607706 0.151567221 -2.311241388 -3.546113253 -11.985213280 0.000000000 0.000000000 -12.000000000 0.400108337 0.176229388 0.017939541 0.011563087 0.017672803 0.011445601
1776849934.643150330 0.624806881 -0.043308038 0.227796137 0.010745786 0.988308132 -0.012607831 0.151567206 -2.310267687 -3.549255133 -11.984766006 0.000000000 0.000000000 -12.000000000 0.399984360 0.176960826 0.017946126 0.011566523 0.017679470 0.011448550
1776849934.648100853 0.624806821 -0.043308798 0.227796137 0.010746284 0.988308132 -0.012608118 0.151567191 -2.309426546 -3.552453041 -11.984218597 0.000000000 0.000000000 -12.000000000 0.399988174 0.177952349 0.017952794 0.011570151 0.017686136 0.011451516
1776849934.653396845 0.624806881 -0.043309525 0.227796227 0.010746786 0.988308072 -0.012608392 0.151567295 -2.308717012 -3.555705786 -11.983570099 0.000000000 0.000000000 -12.000000000 0.400122643 0.178678334 0.017959552 0.011573614 0.017692804 0.011454495
1776849934.658202410 0.624806762 -0.043310411 0.227796167 0.010747349 0.988308072 -0.012608767 0.151567206 -2.308135986 -3.559012890 -11.982819557 0.000000000 0.000000000 -12.000000000 0.400387764 0.179407969 0.017966403 0.011577090 0.017699478 0.011457485
1776849934.663117647 0.624806702 -0.043311264 0.227796137 0.010748009 0.988308072 -0.012609011 0.151567191 -2.307679892 -3.562373161 -11.981967926 0.000000000 0.000000000 -12.000000000 0.400781631 0.180139527 0.017973345 0.011580581 0.017706158 0.011460488
1776849934.668119192 0.624806702 -0.043312140 0.227796167 0.010748613 0.988308072 -0.012609348 0.151567221 -2.307344198 -3.565785408 -11.981015205 0.000000000 0.000000000 -12.000000000 0.401302338 0.180874884 0.017980382 0.011584085 0.017712846 0.011463502
1776849934.673258543 0.624806762 -0.043313079 0.227796346 0.010749235 0.988308012 -0.012609739 0.151567459 -2.307122946 -3.569248199 -11.979963303 0.000000000 0.000000000 -12.000000000 0.401948929 0.181610897 0.017987512 0.011587603 0.017719546 0.011466529
1776849934.678206921 0.624806762 -0.043313835 0.227796167 0.010749790 0.988308012 -0.012610014 0.151567414 -2.307010412 -3.572760344 -11.978816032 0.000000000 0.000000000 -12.000000000 0.411956787 0.183090389 0.018001050 0.011591641 0.017726412 0.011469581
1776849934.683465958 0.624806941 -0.043314531 0.227796227 0.010750175 0.988308012 -0.012610291 0.151567608 -2.307000160 -3.576320410 -11.977574348 0.000000000 0.000000000 -12.000000000 0.412854195 0.183842510 0.018008528 0.011595207 0.017733293 0.011472645
1776849934.688594580 0.624807000 -0.043315485 0.227796346 0.010750833 0.988307953 -0.012610655 0.151567817 -2.307085752 -3.579926968 -11.976242065 0.000000000 0.000000000 -12.000000000 0.413863182 0.185757026 0.018016098 0.011599579 0.017740190 0.011475741
1776849934.693401575 0.624806941 -0.043316357 0.227796257 0.010751476 0.988307953 -0.012610958 0.151567832 -2.307260275 -3.583578348 -11.974825859 0.000000000 0.000000000 -12.000000000 0.414973259 0.186513811 0.018023755 0.011603192 0.017747106 0.011478850
1776849934.698141813 0.624806881 -0.043317251 0.227796227 0.010751913 0.988307893 -0.012611374 0.151567832 -2.307517052 -3.587273359 -11.973330498 0.000000000 0.000000000 -12.000000000 0.416180611 0.187274233 0.018031497 0.011606820 0.017754043 0.011481971
1776849934.703100443 0.624806643 -0.043317884 0.227796108 0.010752602 0.988307953 -0.012611472 0.151567549 -2.307848930 -3.591010332 -11.971761703 0.000000000 0.000000000 -12.000000000 0.417476654 0.188045919 0.018039320 0.011610469 0.017761001 0.011485104
1776849934.708262682 0.624805212 -0.043317415 0.227794737 0.010752517 0.988308251 -0.012611123 0.151565582 -2.308248997 -3.594788074 -11.970127106 0.000000000 0.000000000 -12.000000000 0.418851852 0.188868105 0.018047217 0.011614164 0.017767983 0.011488252
1776849934.713213682 0.624805272 -0.043317784 0.227794975 0.010752867 0.988308251 -0.012611186 0.151565701 -2.308709860 -3.598605394 -11.968436241 0.000000000 0.000000000 -12.000000000 0.420294762 0.189641491 0.018055184 0.011617841 0.017774988 0.011491413
1776849934.718652248 0.624805331 -0.043317765 0.227794975 0.010752972 0.988308251 -0.012611117 0.151565790 -2.309224606 -3.602461576 -11.966697693 0.000000000 0.000000000 -12.000000000 0.421795845 0.190433681 0.018063216 0.011621543 0.017782018 0.011494587
1776849934.723592758 0.624805212 -0.043317866 0.227794856 0.010752969 0.988308251 -0.012611183 0.151565641 -2.309785366 -3.606355429 -11.964920998 0.000000000 0.000000000 -12.000000000 0.423343658 0.192094311 0.018071303 0.011625852 0.017789073 0.011497789
1776849934.728395224 0.624805450 -0.043318249 0.227795035 0.010753185 0.988308191 -0.012611354 0.151565894 -2.310383797 -3.610285759 -11.963117599 0.000000000 0.000000000 -12.000000000 0.424925804 0.192876711 0.018079439 0.011629589 0.017796155 0.011501004
1776849934.733308554 0.624805212 -0.043318551 0.227794915 0.010753442 0.988308251 -0.012611452 0.151565671 -2.311010838 -3.614251137 -11.961300850 0.000000000 0.000000000 -12.000000000 0.426525116 0.193672493 0.018087612 0.011633347 0.017803263 0.011504232
1776849934.738357067 0.624805152 -0.043318965 0.227794915 0.010753742 0.988308251 -0.012611575 0.151565611 -2.311656237 -3.618249893 -11.959481239 0.000000000 0.000000000 -12.000000000 0.428130150 0.194527760 0.018095819 0.011637159 0.017810399 0.011507474
1776849934.743124723 0.624805033 -0.043319494 0.227794856 0.010754163 0.988308251 -0.012611781 0.151565567 -2.312309742 -3.622280359 -11.957674980 0.000000000 0.000000000 -12.000000000 0.429723740 0.195319697 0.018104043 0.011640942 0.017817561 0.011510729
1776849934.748308182 0.624805152 -0.043320142 0.227794915 0.010754559 0.988308191 -0.012612015 0.151565641 -2.312959194 -3.626339912 -11.955893517 0.000000000 0.000000000 -12.000000000 0.431288719 0.196110398 0.018112274 0.011644738 0.017824749 0.011513998
1776849934.753231525 0.624805093 -0.043320410 0.227794915 0.010754744 0.988308191 -0.012612114 0.151565626 -2.313592911 -3.630426168 -11.954152107 0.000000000 0.000000000 -12.000000000 0.432809830 0.197125286 0.018120503 0.011648701 0.017831963 0.011517284
1776849934.758163691 0.624805093 -0.043321054 0.227794975 0.010755137 0.988308191 -0.012612359 0.151565701 -2.314198732 -3.634536028 -11.952461243 0.000000000 0.000000000 -12.000000000 0.434272766 0.197923660 0.018128715 0.011652531 0.017839201 0.011520582
1776849934.763335943 0.624805093 -0.043321662 0.227794915 0.010755621 0.988308191 -0.012612564 0.151565656 -2.314765215 -3.638666153 -11.950834274 0.000000000 0.000000000 -12.000000000 0.435660362 0.198726788 0.018136902 0.011656378 0.017846461 0.011523894
1776849934.768120527 0.624805093 -0.043322232 0.227794975 0.010756017 0.988308191 -0.012612779 0.151565701 -2.315282345 -3.642813206 -11.949278831 0.000000000 0.000000000 -12.000000000 0.436965942 0.199533522 0.018145055 0.011660242 0.017853744 0.011527220
1776849934.773096085 0.624805033 -0.043323129 0.227794826 0.010756657 0.988308191 -0.012613134 0.151565656 -2.315741062 -3.646973848 -11.947803497 0.000000000 0.000000000 -12.000000000 0.438175201 0.199879706 0.018153165 0.011663804 0.017861048 0.011530551
1776849934.778495312 0.624804974 -0.043324262 0.227794886 0.010757348 0.988308132 -0.012613568 0.151565716 -2.316134214 -3.651144028 -11.946413040 0.000000000 0.000000000 -12.000000000 0.439284325 0.200676933 0.018161226 0.011667680 0.017868370 0.011533896
1776849934.783410311 0.624804854 -0.043325040 0.227794856 0.010757999 0.988308132 -0.012613820 0.151565626 -2.316457272 -3.655320406 -11.945113182 0.000000000 0.000000000 -12.000000000 0.440285683 0.201490119 0.018169232 0.011671580 0.017875709 0.011537254
1776849934.788429499 0.624804854 -0.043325856 0.227794886 0.010758486 0.988308132 -0.012614156 0.151565641 -2.316706896 -3.659498930 -11.943904877 0.000000000 0.000000000 -12.000000000 0.441178322 0.202305317 0.018177181 0.011675496 0.017883062 0.011540625
1776849934.793133020 0.624804735 -0.043326553 0.227794796 0.010759033 0.988308132 -0.012614359 0.151565567 -2.316882849 -3.663676739 -11.942790031 0.000000000 0.000000000 -12.000000000 0.441961288 0.203128070 0.018185070 0.011679430 0.017890429 0.011544011
1776849934.798422098 0.624804735 -0.043327332 0.227794856 0.010759485 0.988308132 -0.012614712 0.151565596 -2.316986084 -3.667850256 -11.941769600 0.000000000 0.000000000 -12.000000000 0.442631721 0.204713374 0.018192895 0.011683898 0.017897807 0.011547422
1776849934.803140402 0.624804735 -0.043328129 0.227794796 0.010760039 0.988308132 -0.012615005 0.151565522 -2.317020178 -3.672017097 -11.940843582 0.000000000 0.000000000 -12.000000000 0.443193436 0.205538511 0.018200656 0.011687873 0.017905194 0.011550847
1776849934.808476686 0.624804556 -0.043328788 0.227794737 0.010760680 0.988308132 -0.012615173 0.151565388 -2.316989422 -3.676174641 -11.940011024 0.000000000 0.000000000 -12.000000000 0.443649292 0.206371680 0.018208355 0.011691868 0.017912589 0.011554287
1776849934.813333511 0.624804497 -0.043329421 0.227794737 0.010761077 0.988308132 -0.012615442 0.151565403 -2.316899538 -3.680321217 -11.939270973 0.000000000 0.000000000 -12.000000000 0.443997383 0.208499327 0.018215988 0.011696761 0.017919989 0.011557762
1776849934.818306208 0.624804378 -0.043330301 0.227794707 0.010761740 0.988308132 -0.012615727 0.151565298 -2.316756964 -3.684454679 -11.938623428 0.000000000 0.000000000 -12.000000000 0.444244385 0.209326208 0.018223556 0.011700802 0.017927393 0.011561250
1776849934.823142767 0.624804378 -0.043331005 0.227794766 0.010762108 0.988308132 -0.012616057 0.151565328 -2.316569328 -3.688574314 -11.938066483 0.000000000 0.000000000 -12.000000000 0.444395065 0.210160777 0.018231062 0.011704860 0.017934799 0.011564753
1776849934.828769207 0.624804318 -0.043331955 0.227794707 0.010762708 0.988308132 -0.012616419 0.151565313 -2.316344023 -3.692678928 -11.937598228 0.000000000 0.000000000 -12.000000000 0.444448471 0.210993186 0.018238505 0.011708932 0.017942207 0.011568270
1776849934.833167076 0.624804199 -0.043332897 0.227794647 0.010763368 0.988308132 -0.012616769 0.151565224 -2.316088676 -3.696768284 -11.937216759 0.000000000 0.000000000 -12.000000000 0.444413185 0.211827546 0.018245891 0.011713019 0.017949615 0.011571800
1776849934.838099480 0.624804139 -0.043333888 0.227794677 0.010764147 0.988308132 -0.012617115 0.151565194 -2.315811396 -3.700841904 -11.936920166 0.000000000 0.000000000 -12.000000000 0.444291115 0.212692142 0.018253213 0.011717140 0.017957019 0.011575345
1776849934.843271971 0.624804020 -0.043334775 0.227794677 0.010764774 0.988308132 -0.012617379 0.151565149 -2.315519810 -3.704900026 -11.936706543 0.000000000 0.000000000 -12.000000000 0.444087029 0.213532180 0.018260479 0.011721258 0.017964421 0.011578904
1776849934.848098755 0.624804080 -0.043335728 0.227794737 0.010765492 0.988308072 -0.012617731 0.151565269 -2.315222025 -3.708943129 -11.936572075 0.000000000 0.000000000 -12.000000000 0.443806648 0.214372396 0.018267689 0.011725391 0.017971817 0.011582476
1776849934.853180170 0.624803901 -0.043336518 0.227794647 0.010766011 0.988308072 -0.012618045 0.151565135 -2.314924717 -3.712972164 -11.936514854 0.000000000 0.000000000 -12.000000000 0.443454742 0.214373201 0.018274846 0.011728964 0.017979208 0.011586049
1776849934.858158112 0.624803841 -0.043337654 0.227794707 0.010766780 0.988308072 -0.012618455 0.151565075 -2.314634562 -3.716987133 -11.936530113 0.000000000 0.000000000 -12.000000000 0.443037033 0.215213716 0.018281950 0.011733111 0.017986592 0.011589635
1776849934.863175631 0.624803782 -0.043338642 0.227794647 0.010767529 0.988308072 -0.012618802 0.151565030 -2.314357042 -3.720989227 -11.936617851 0.000000000 0.000000000 -12.000000000 0.442554474 0.216062725 0.018289004 0.011737279 0.017993968 0.011593237
1776849934.868448019 0.624803662 -0.043339588 0.227794647 0.010768126 0.988308072 -0.012619174 0.151565000 -2.314096928 -3.724979162 -11.936774254 0.000000000 0.000000000 -12.000000000 0.442012787 0.218597263 0.018296011 0.011742611 0.018001335 0.011596880
1776849934.873191595 0.624803603 -0.043340717 0.227794558 0.010768870 0.988308072 -0.012619614 0.151564941 -2.313857079 -3.728957415 -11.937000275 0.000000000 0.000000000 -12.000000000 0.441411018 0.219443902 0.018302966 0.011746833 0.018008692 0.011600537
1776849934.878599167 0.624803305 -0.043341614 0.227794558 0.010769503 0.988308072 -0.012619944 0.151564702 -2.313638926 -3.732924938 -11.937295914 0.000000000 0.000000000 -12.000000000 0.440751076 0.220301449 0.018309873 0.011751076 0.018016038 0.011604208
1776849934.883517981 0.624803364 -0.043342508 0.227794558 0.010770165 0.988308072 -0.012620240 0.151564837 -2.313442707 -3.736882210 -11.937664032 0.000000000 0.000000000 -12.000000000 0.437157631 0.220725328 0.018314764 0.011755037 0.018023325 0.011607887
1776849934.888280392 0.624803126 -0.043343440 0.227794468 0.010770884 0.988308072 -0.012620574 0.151564583 -2.313266516 -3.740830183 -11.938110352 0.000000000 0.000000000 -12.000000000 0.436357498 0.221586853 0.018321501 0.011759304 0.018030597 0.011611580
1776849934.893119097 0.624803066 -0.043344524 0.227794468 0.010771488 0.988308072 -0.012621046 0.151564553 -2.313106060 -3.744769573 -11.938640594 0.000000000 0.000000000 -12.000000000 0.435482025 0.222443342 0.018328177 0.011763583 0.018037856 0.011615288
1776849934.898148775 0.624802768 -0.043346457 0.227794468 0.010772890 0.988308072 -0.012621724 0.151564315 -2.312955856 -3.748701811 -11.939262390 0.000000000 0.000000000 -12.000000000 0.434523582 0.223288596 0.018334780 0.011767868 0.018045098 0.011619009
1776849934.903405905 0.624802768 -0.043346457 0.227794468 0.010772890 0.988308072 -0.012621724 0.151564315 -2.312807322 -3.752627850 -11.939987183 0.000000000 0.000000000 -12.000000000 0.433468819 0.224170893 0.018341303 0.011772193 0.018052323 0.011622746
1776849934.908405304 0.624802947 -0.043347791 0.227794558 0.010773825 0.988308012 -0.012622234 0.151564673 -2.312650204 -3.756548882 -11.940825462 0.000000000 0.000000000 -12.000000000 0.432302475 0.225024581 0.018347729 0.011776512 0.018059528 0.011626496
1776849934.913100481 0.624804497 -0.043349847 0.227795571 0.010775086 0.988307714 -0.012623082 0.151566699 -2.312472820 -3.760466337 -11.941789627 0.000000000 0.000000000 -12.000000000 0.431011200 0.225843251 0.018354053 0.011780823 0.018066712 0.011630260
1776849934.918492794 0.624804258 -0.043351509 0.227795392 0.010776272 0.988307714 -0.012623702 0.151566565 -2.312260866 -3.764381647 -11.942892075 0.000000000 0.000000000 -12.000000000 0.429578781 0.226702899 0.018360257 0.011785174 0.018073872 0.011634039
1776849934.923192024 0.624803960 -0.043353297 0.227795243 0.010777499 0.988307714 -0.012624405 0.151566282 -2.311999083 -3.768297195 -11.944149017 0.000000000 0.000000000 -12.000000000 0.427984238 0.227559835 0.018366329 0.011789538 0.018081006 0.011637831
1776849934.928273678 0.624804080 -0.043355115 0.227795541 0.010778516 0.988307655 -0.012625176 0.151566550 -2.311671019 -3.772215128 -11.945572853 0.000000000 0.000000000 -12.000000000 0.426210403 0.228413045 0.018372251 0.011793913 0.018088110 0.011641638
1776849934.933220148 0.624803841 -0.043357003 0.227795392 0.010779893 0.988307655 -0.012625869 0.151566416 -2.311258793 -3.776137590 -11.947180748 0.000000000 0.000000000 -12.000000000 0.424238205 0.229273319 0.018378006 0.011798308 0.018095180 0.011645460
1776849934.938492060 0.624803782 -0.043358691 0.227795392 0.010781007 0.988307655 -0.012626555 0.151566371 -2.310744047 -3.780067444 -11.948987961 0.000000000 0.000000000 -12.000000000 0.422042847 0.230622470 0.018383576 0.011803051 0.018102214 0.011649303
1776849934.943413258 0.624803662 -0.043360308 0.227795333 0.010782193 0.988307655 -0.012627087 0.151566267 -2.310107708 -3.784007549 -11.951009750 0.000000000 0.000000000 -12.000000000 0.419607162 0.231488705 0.018388946 0.011807487 0.018109208 0.011653162
1776849934.948567629 0.624803424 -0.043361858 0.227795422 0.010783271 0.988307595 -0.012627677 0.151566237 -2.309330940 -3.787960768 -11.953262329 0.000000000 0.000000000 -12.000000000 0.416910172 0.232363880 0.018394096 0.011811944 0.018116156 0.011657034
1776849934.953428268 0.624803305 -0.043363389 0.227795333 0.010784490 0.988307595 -0.012628175 0.151566073 -2.308394194 -3.791929722 -11.955762863 0.000000000 0.000000000 -12.000000000 0.413928032 0.233238012 0.018399008 0.011816413 0.018123055 0.011660921
1776849934.958324194 0.624803245 -0.043365311 0.227795422 0.010785677 0.988307595 -0.012628957 0.151566178 -2.307279110 -3.795918226 -11.958525658 0.000000000 0.000000000 -12.000000000 0.410641670 0.234102041 0.018403659 0.011820891 0.018129898 0.011664823
1776849934.963405609 0.624803185 -0.043367058 0.227795392 0.010786887 0.988307536 -0.012629617 0.151566163 -2.305968046 -3.799928665 -11.961565971 0.000000000 0.000000000 -12.000000000 0.407031059 0.234981716 0.018408036 0.011825393 0.018136682 0.011668739
1776849934.968223095 0.624803066 -0.043368880 0.227795452 0.010788154 0.988307536 -0.012630300 0.151566178 -2.304445505 -3.803964615 -11.964900017 0.000000000 0.000000000 -12.000000000 0.403078079 0.235854030 0.018412119 0.011829906 0.018143401 0.011672670
1776849934.973460913 0.624803007 -0.043370545 0.227795333 0.010789318 0.988307536 -0.012630908 0.151566073 -2.302697897 -3.808029175 -11.968541145 0.000000000 0.000000000 -12.000000000 0.398761749 0.236734316 0.018415887 0.011834439 0.018150046 0.011676616
1776849934.978538036 0.624803066 -0.043372422 0.227795601 0.010790608 0.988307476 -0.012631628 0.151566371 -2.300714493 -3.812125683 -11.972500801 0.000000000 0.000000000 -12.000000000 0.394070625 0.237674236 0.018419327 0.011839027 0.018156614 0.011680577
1776849934.983447313 0.624803007 -0.043374129 0.227795422 0.010791796 0.988307476 -0.012632253 0.151566342 -2.298488617 -3.816257238 -11.976789474 0.000000000 0.000000000 -12.000000000 0.388992310 0.238558710 0.018422427 0.011843592 0.018163098 0.011684553
1776849934.988494158 0.624803066 -0.043375943 0.227795690 0.010793139 0.988307357 -0.012632881 0.151566640 -2.296018600 -3.820427179 -11.981413841 0.000000000 0.000000000 -12.000000000 0.383519173 0.239419401 0.018425170 0.011848156 0.018169491 0.011688543
1776849934.993443966 0.624803007 -0.043377914 0.227795631 0.010794510 0.988307357 -0.012633617 0.151566625 -2.293307781 -3.824638128 -11.986373901 0.000000000 0.000000000 -12.000000000 0.377652168 0.240281761 0.018427553 0.011852736 0.018175784 0.011692548
1776849934.998230696 0.624803364 -0.043379746 0.227795839 0.010795699 0.988307238 -0.012634375 0.151567280 -2.290365696 -3.828893661 -11.991667747 0.000000000 0.000000000 -12.000000000 0.371395111 0.241146967 0.018429570 0.011857332 0.018181974 0.011696567
1776849935.003505468 0.624803364 -0.043381568 0.227795750 0.010796933 0.988307178 -0.012635062 0.151567355 -2.287207603 -3.833196640 -11.997286797 0.000000000 0.000000000 -12.000000000 0.364760399 0.241975397 0.018431228 0.011861917 0.018188054 0.011700599
1776849935.008439064 0.624803603 -0.043383714 0.227795839 0.010798503 0.988307118 -0.012635842 0.151567817 -2.283855438 -3.837549448 -12.003217697 0.000000000 0.000000000 -12.000000000 0.357768059 0.242834747 0.018432528 0.011866537 0.018194016 0.011704647
1776849935.013417006 0.624803782 -0.043385815 0.227795988 0.010799860 0.988306999 -0.012636661 0.151568174 -2.280335903 -3.841954947 -12.009443283 0.000000000 0.000000000 -12.000000000 0.350440979 0.243697673 0.018433485 0.011871174 0.018199857 0.011708708
1776849935.018175840 0.624803901 -0.043387894 0.227796137 0.010801390 0.988306940 -0.012637376 0.151568413 -2.276682138 -3.846415281 -12.015941620 0.000000000 0.000000000 -12.000000000 0.342810631 0.244565874 0.018434111 0.011875829 0.018205570 0.011712785
1776849935.023337841 0.624803841 -0.043389812 0.227796048 0.010802571 0.988306940 -0.012638161 0.151568457 -2.272930622 -3.850932598 -12.022686958 0.000000000 0.000000000 -12.000000000 0.334911346 0.245444909 0.018434426 0.011880505 0.018211152 0.011716875
1776849935.028208971 0.624803782 -0.043391846 0.227796078 0.010804135 0.988306880 -0.012638845 0.151568517 -2.269122601 -3.855509281 -12.029648781 0.000000000 0.000000000 -12.000000000 0.326783180 0.246316284 0.018434454 0.011885191 0.018216599 0.011720981
1776849935.033201218 0.624803782 -0.043393884 0.227796257 0.010805542 0.988306820 -0.012639669 0.151568711 -2.265301466 -3.860146761 -12.036796570 0.000000000 0.000000000 -12.000000000 0.318470001 0.247193009 0.018434221 0.011889896 0.018221907 0.011725101
1776849935.038423300 0.624803662 -0.043395687 0.227796197 0.010806798 0.988306820 -0.012640286 0.151568726 -2.261512756 -3.864846945 -12.044095993 0.000000000 0.000000000 -12.000000000 0.310017586 0.248079732 0.018433753 0.011894622 0.018227074 0.011729236
1776849935.043179989 0.624803841 -0.043397445 0.227796197 0.010808067 0.988306761 -0.012640939 0.151568994 -2.257803679 -3.869611502 -12.051513672 0.000000000 0.000000000 -12.000000000 0.301470757 0.248966843 0.018433081 0.011899362 0.018232100 0.011733385
1776849935.048159361 0.624804139 -0.043399271 0.227796435 0.010809196 0.988306642 -0.012641709 0.151569486 -2.254221916 -3.874442101 -12.059012413 0.000000000 0.000000000 -12.000000000 0.292878151 0.248643368 0.018432233 0.011903292 0.018236982 0.011737529
1776849935.053132772 0.624804020 -0.043401033 0.227796435 0.010810482 0.988306642 -0.012642318 0.151569590 -2.250814915 -3.879340172 -12.066558838 0.000000000 0.000000000 -12.000000000 0.284287453 0.249535769 0.018431244 0.011908046 0.018241720 0.011741688
1776849935.058233738 0.624803901 -0.043403134 0.227796465 0.010811863 0.988306582 -0.012643143 0.151569501 -2.247629166 -3.884306669 -12.074116707 0.000000000 0.000000000 -12.000000000 0.275745392 0.250418276 0.018430145 0.011912807 0.018246315 0.011745862
1776849935.063201427 0.624803841 -0.043405153 0.227796525 0.010813262 0.988306582 -0.012643897 0.151569545 -2.244709253 -3.889342546 -12.081653595 0.000000000 0.000000000 -12.000000000 0.267295837 0.251302749 0.018428968 0.011917586 0.018250771 0.011750050
1776849935.068519354 0.624803662 -0.043407142 0.227796376 0.010814740 0.988306582 -0.012644568 0.151569501 -2.242096424 -3.894448996 -12.089138985 0.000000000 0.000000000 -12.000000000 0.258980751 0.252192765 0.018427741 0.011922382 0.018255087 0.011754253
1776849935.073549271 0.624803543 -0.043409493 0.227796495 0.010816376 0.988306522 -0.012645446 0.151569441 -2.239828587 -3.899626017 -12.096546173 0.000000000 0.000000000 -12.000000000 0.250834465 0.253071368 0.018426489 0.011927186 0.018259266 0.011758471
1776849935.078615665 0.624803305 -0.043411821 0.227796406 0.010818172 0.988306522 -0.012646257 0.151569292 -2.237937689 -3.904873848 -12.103851318 0.000000000 0.000000000 -12.000000000 0.242893219 0.253951848 0.018425243 0.011932005 0.018263314 0.011762704
1776849935.083470345 0.624803066 -0.043414455 0.227796376 0.010819805 0.988306522 -0.012647295 0.151569128 -2.236450195 -3.910192013 -12.111036301 0.000000000 0.000000000 -12.000000000 0.235178947 0.254826009 0.018424019 0.011936835 0.018267233 0.011766951
1776849935.088575125 0.624802828 -0.043416843 0.227796495 0.010821497 0.988306463 -0.012648186 0.151569128 -2.235386133 -3.915580034 -12.118089676 0.000000000 0.000000000 -12.000000000 0.227709770 0.255710304 0.018422835 0.011941686 0.018271029 0.011771212
1776849935.093223095 0.624802649 -0.043419573 0.227796376 0.010823338 0.988306463 -0.012649211 0.151569024 -2.234757900 -3.921036005 -12.125002861 0.000000000 0.000000000 -12.000000000 0.220498085 0.256584555 0.018421702 0.011946545 0.018274704 0.011775489
1776849935.098332644 0.624802411 -0.043422416 0.227796376 0.010825378 0.988306463 -0.012650261 0.151568890 -2.234571457 -3.926558495 -12.131774902 0.000000000 0.000000000 -12.000000000 0.213543892 0.257462680 0.018420625 0.011951421 0.018278264 0.011779780
1776849935.103368998 0.624802232 -0.043425210 0.227796465 0.010827257 0.988306403 -0.012651358 0.151568860 -2.234825373 -3.932145119 -12.138408661 0.000000000 0.000000000 -12.000000000 0.206848145 0.258340716 0.018419610 0.011956312 0.018281711 0.011784085
1776849935.108421803 0.624802113 -0.043428127 0.227796406 0.010829260 0.988306403 -0.012652453 0.151568830 -2.235511541 -3.937793493 -12.144913673 0.000000000 0.000000000 -12.000000000 0.200397491 0.259216994 0.018418649 0.011961217 0.018285051 0.011788405
1776849935.113167763 0.624801815 -0.043431126 0.227796376 0.010831348 0.988306403 -0.012653559 0.151568726 -2.236615419 -3.943501234 -12.151304245 0.000000000 0.000000000 -12.000000000 0.194172859 0.260093093 0.018417735 0.011966136 0.018288286 0.011792741
1776849935.118404388 0.624801636 -0.043433953 0.227796435 0.010833400 0.988306344 -0.012654564 0.151568696 -2.238117218 -3.949265242 -12.157598495 0.000000000 0.000000000 -12.000000000 0.188155174 0.260976493 0.018416859 0.011971074 0.018291423 0.011797090
1776849935.123216152 0.624801517 -0.043436952 0.227796495 0.010835545 0.988306284 -0.012655675 0.151568681 -2.239991188 -3.955083132 -12.163817406 0.000000000 0.000000000 -12.000000000 0.182312965 0.261856258 0.018416002 0.011976025 0.018294461 0.011801454
1776849935.128209114 0.624801278 -0.043439623 0.227796435 0.010837525 0.988306284 -0.012656606 0.151568577 -2.242207527 -3.960952520 -12.169985771 0.000000000 0.000000000 -12.000000000 0.176616669 0.262750238 0.018415149 0.011981000 0.018297404 0.011805833
1776849935.133430719 0.624801040 -0.043442503 0.227796376 0.010839442 0.988306284 -0.012657692 0.151568443 -2.244733095 -3.966871500 -12.176129341 0.000000000 0.000000000 -12.000000000 0.171030998 0.263669312 0.018414274 0.011986008 0.018300254 0.011810228
1776849935.138382435 0.624800920 -0.043445431 0.227796435 0.010841562 0.988306224 -0.012658772 0.151568487 -2.247531652 -3.972838879 -12.182276726 0.000000000 0.000000000 -12.000000000 0.165518761 0.264555454 0.018413357 0.011991007 0.018303012 0.011814637
1776849935.143241882 0.624800682 -0.043448538 0.227796435 0.010843697 0.988306224 -0.012659935 0.151568383 -2.250564575 -3.978853941 -12.188455582 0.000000000 0.000000000 -12.000000000 0.160041809 0.265439421 0.018412374 0.011996021 0.018305680 0.011819061
1776849935.148142815 0.624800444 -0.043451607 0.227796376 0.010845776 0.988306165 -0.012661088 0.151568279 -2.253792286 -3.984916449 -12.194695473 0.000000000 0.000000000 -12.000000000 0.154560089 0.265686303 0.018411295 0.012000614 0.018308256 0.011823489
1776849935.153170347 0.624800324 -0.043455064 0.227796406 0.010848179 0.988306165 -0.012662371 0.151568308 -2.257174253 -3.991027594 -12.201024055 0.000000000 0.000000000 -12.000000000 0.149035454 0.266560405 0.018410098 0.012005638 0.018310741 0.011827932
1776849935.158165455 0.624799967 -0.043458395 0.227796316 0.010850500 0.988306165 -0.012663616 0.151568010 -2.260669708 -3.997188568 -12.207468033 0.000000000 0.000000000 -12.000000000 0.143431664 0.267777860 0.018408751 0.012010913 0.018313130 0.011832395
1776849935.163317442 0.624799669 -0.043461777 0.227796376 0.010852925 0.988306105 -0.012664860 0.151567861 -2.264237881 -4.003401756 -12.214053154 0.000000000 0.000000000 -12.000000000 0.137709618 0.268660814 0.018407231 0.012015980 0.018315425 0.011836872
1776849935.168382168 0.624799371 -0.043465484 0.227796316 0.010855436 0.988306105 -0.012666258 0.151567772 -2.267838001 -4.009669781 -12.220805168 0.000000000 0.000000000 -12.000000000 0.131834984 0.269533813 0.018405514 0.012021054 0.018317623 0.011841364
1776849935.173101902 0.624799132 -0.043469127 0.227796316 0.010858022 0.988306046 -0.012667627 0.151567712 -2.271430492 -4.015995502 -12.227747917 0.000000000 0.000000000 -12.000000000 0.125771523 0.270413369 0.018403566 0.012026146 0.018319719 0.011845871
1776849935.178153753 0.624799013 -0.043473039 0.227796376 0.010860687 0.988305986 -0.012669079 0.151567727 -2.274976492 -4.022381306 -12.234901428 0.000000000 0.000000000 -12.000000000 0.119487762 0.271282494 0.018401368 0.012031248 0.018321710 0.011850392
1776849935.183105469 0.624798477 -0.043477867 0.227796286 0.010863963 0.988305986 -0.012670937 0.151567474 -2.278438091 -4.028828621 -12.242285728 0.000000000 0.000000000 -12.000000000 0.112954140 0.272124916 0.018398896 0.012036345 0.018323593 0.011854928
1776849935.188236952 0.624798059 -0.043483671 0.227796376 0.010868004 0.988305926 -0.012673095 0.151567385 -2.281778812 -4.035336494 -12.249918938 0.000000000 0.000000000 -12.000000000 0.106143951 0.272934377 0.018396124 0.012041433 0.018325362 0.011859477
1776849935.193150043 0.624797523 -0.043490797 0.227796316 0.010872914 0.988305867 -0.012675738 0.151567087 -2.284963608 -4.041902065 -12.257813454 0.000000000 0.000000000 -12.000000000 0.099035263 0.273812056 0.018393036 0.012046581 0.018327013 0.011864040
1776849935.198127985 0.624797165 -0.043498617 0.227796376 0.010878412 0.988305807 -0.012678640 0.151567042 -2.287959337 -4.048519611 -12.265979767 0.000000000 0.000000000 -12.000000000 0.091605186 0.274564862 0.018389611 0.012051660 0.018328540 0.011868617
1776849935.203137875 0.624796569 -0.043506011 0.227796376 0.010883557 0.988305748 -0.012681407 0.151566818 -2.290734529 -4.055181026 -12.274426460 0.000000000 0.000000000 -12.000000000 0.083841324 0.274570525 0.018385831 0.012056240 0.018329937 0.011873193
1776849935.208128452 0.624796033 -0.043513328 0.227796257 0.010888652 0.988305688 -0.012684125 0.151566610 -2.293260336 -4.061875820 -12.283157349 0.000000000 0.000000000 -12.000000000 0.075729370 0.275365710 0.018381687 0.012061359 0.018331200 0.011877783
1776849935.213202000 0.624795616 -0.043520864 0.227796316 0.010893987 0.988305628 -0.012686855 0.151566476 -2.295510054 -4.068590164 -12.292173386 0.000000000 0.000000000 -12.000000000 0.067263603 0.276154757 0.018377164 0.012066488 0.018332321 0.011882385
1776849935.218151093 0.624795079 -0.043528054 0.227796376 0.010898889 0.988305509 -0.012689629 0.151566371 -2.297459841 -4.075309753 -12.301473618 0.000000000 0.000000000 -12.000000000 0.058437347 0.276967138 0.018372254 0.012071647 0.018333295 0.011887002
1776849935.223183155 0.624794602 -0.043535125 0.227796286 0.010903755 0.988305509 -0.012692309 0.151566103 -2.299088240 -4.082017422 -12.311051369 0.000000000 0.000000000 -12.000000000 0.049253464 0.277787030 0.018366953 0.012076823 0.018334117 0.011891631
1776849935.228590250 0.624793947 -0.043541983 0.227796227 0.010908502 0.988305449 -0.012694865 0.151565760 -2.300376654 -4.088693619 -12.320899010 0.000000000 0.000000000 -12.000000000 0.039714813 0.278617978 0.018361254 0.012082021 0.018334778 0.011896275
1776849935.233513355 0.624793589 -0.043548666 0.227796286 0.010913080 0.988305390 -0.012697399 0.151565701 -2.301309347 -4.095318317 -12.331006050 0.000000000 0.000000000 -12.000000000 0.029829025 0.279454559 0.018355161 0.012087235 0.018335275 0.011900933
1776849935.238209248 0.624793053 -0.043555051 0.227796286 0.010917682 0.988305330 -0.012699691 0.151565477 -2.301872730 -4.101870060 -12.341361046 0.000000000 0.000000000 -12.000000000 0.019601822 0.280537665 0.018348670 0.012092633 0.018335601 0.011905608
1776849935.243158817 0.624792457 -0.043560747 0.227796137 0.010921745 0.988305330 -0.012701745 0.151565075 -2.302055120 -4.108327389 -12.351948738 0.000000000 0.000000000 -12.000000000 0.009050369 0.281415343 0.018341785 0.012097908 0.018335752 0.011910298
1776849935.248193741 0.624792039 -0.043566130 0.227796078 0.010925489 0.988305271 -0.012703760 0.151564837 -2.301847219 -4.114668846 -12.362755775 0.000000000 0.000000000 -12.000000000 -0.001816750 0.282299578 0.018334512 0.012103203 0.018335722 0.011915003
1776849935.253208399 0.624791622 -0.043571740 0.227796078 0.010929340 0.988305271 -0.012705851 0.151564673 -2.301240683 -4.120872974 -12.373765945 0.000000000 0.000000000 -12.000000000 -0.012983322 0.283172905 0.018326851 0.012108505 0.018335506 0.011919723
1776849935.258251429 0.624791026 -0.043577418 0.227796018 0.010933356 0.988305211 -0.012707963 0.151564255 -2.300227404 -4.126920223 -12.384966850 0.000000000 0.000000000 -12.000000000 -0.024439812 0.284044623 0.018318806 0.012113820 0.018335098 0.011924457
1776849935.263492107 0.624790430 -0.043583252 0.227795899 0.010937459 0.988305211 -0.012710107 0.151563898 -2.298800230 -4.132793903 -12.396345139 0.000000000 0.000000000 -12.000000000 -0.036171913 0.284725398 0.018310381 0.012119018 0.018334495 0.011929202
1776849935.268418074 0.624789953 -0.043589316 0.227795869 0.010941646 0.988305211 -0.012712390 0.151563659 -2.296950817 -4.138477802 -12.407891273 0.000000000 0.000000000 -12.000000000 -0.048173904 0.285581619 0.018301576 0.012124349 0.018333692 0.011933962
1776849935.273170948 0.624789417 -0.043595303 0.227795869 0.010945875 0.988305151 -0.012714614 0.151563451 -2.294670820 -4.143959045 -12.419597626 0.000000000 0.000000000 -12.000000000 -0.060439110 0.286441386 0.018292392 0.012129697 0.018332684 0.011938736
1776849935.278417110 0.624789000 -0.043601461 0.227796018 0.010950204 0.988305092 -0.012716884 0.151563346 -2.291950703 -4.149227619 -12.431459427 0.000000000 0.000000000 -12.000000000 -0.072964668 0.287292600 0.018282825 0.012135052 0.018331468 0.011943524
1776849935.283221006 0.624788404 -0.043608252 0.227796018 0.010954739 0.988305032 -0.012719523 0.151563048 -2.288779259 -4.154276848 -12.443473816 0.000000000 0.000000000 -12.000000000 -0.085750580 0.288124830 0.018272873 0.012140409 0.018330039 0.011948326
1776849935.288443089 0.624787986 -0.043614987 0.227796078 0.010959459 0.988304973 -0.012721968 0.151562974 -2.285145044 -4.159102440 -12.455641747 0.000000000 0.000000000 -12.000000000 -0.098801613 0.288754046 0.018262526 0.012145640 0.018328393 0.011953138
1776849935.293422222 0.624787509 -0.043622389 0.227796108 0.010964663 0.988304913 -0.012724726 0.151562780 -2.281034946 -4.163704395 -12.467965126 0.000000000 0.000000000 -12.000000000 -0.112124443 0.289567351 0.018251775 0.012151008 0.018326525 0.011957964
1776849935.298379421 0.624786854 -0.043629967 0.227796018 0.010969942 0.988304853 -0.012727549 0.151562467 -2.276435375 -4.168084145 -12.480451584 0.000000000 0.000000000 -12.000000000 -0.125726700 0.290381014 0.018240612 0.012156392 0.018324429 0.011962804
1776849935.303131342 0.624786258 -0.043637738 0.227795959 0.010975355 0.988304794 -0.012730438 0.151562244 -2.271333218 -4.172247887 -12.493108749 0.000000000 0.000000000 -12.000000000 -0.139623642 0.291190743 0.018229021 0.012161784 0.018322103 0.011967657
1776849935.308461905 0.624785841 -0.043645367 0.227796108 0.010980657 0.988304734 -0.012733296 0.151562169 -2.265715361 -4.176203251 -12.505944252 0.000000000 0.000000000 -12.000000000 -0.153824806 0.292383403 0.018216990 0.012167452 0.018319540 0.011972530
1776849935.313184261 0.624785304 -0.043652117 0.227796108 0.010985385 0.988304675 -0.012735810 0.151561990 -2.259569883 -4.179960251 -12.518971443 0.000000000 0.000000000 -12.000000000 -0.168349266 0.293239355 0.018204501 0.012172910 0.018316735 0.011977417
1776849935.318432808 0.624785006 -0.043658268 0.227796018 0.010989630 0.988304615 -0.012738107 0.151561901 -2.252887249 -4.183532238 -12.532199860 0.000000000 0.000000000 -12.000000000 -0.183208466 0.293755710 0.018191542 0.012178151 0.018313682 0.011982313
1776849935.323449373 0.624784708 -0.043664157 0.227796197 0.010993660 0.988304496 -0.012740320 0.151561975 -2.245661259 -4.186933041 -12.545640945 0.000000000 0.000000000 -12.000000000 -0.198415756 0.294641495 0.018178098 0.012183652 0.018310376 0.011987224
1776849935.328453779 0.624784350 -0.043669727 0.227796167 0.010997688 0.988304436 -0.012742372 0.151561782 -2.237889528 -4.190179348 -12.559304237 0.000000000 0.000000000 -12.000000000 -0.213984489 0.295740515 0.018164152 0.012189313 0.018306809 0.011992153
1776849935.333365440 0.624784052 -0.043675240 0.227796108 0.011001480 0.988304377 -0.012744406 0.151561782 -2.229574442 -4.193287373 -12.573196411 0.000000000 0.000000000 -12.000000000 -0.212289810 0.296894312 0.018161744 0.012195030 0.018303270 0.011997101
1776849935.338359833 0.624783814 -0.043680791 0.227796286 0.011005269 0.988304317 -0.012746502 0.151561886 -2.220724821 -4.196274757 -12.587323189 0.000000000 0.000000000 -12.000000000 -0.228590965 0.297786504 0.018147066 0.012200588 0.018299460 0.012002064
1776849935.343313932 0.624783516 -0.043686241 0.227796197 0.011009112 0.988304257 -0.012748533 0.151561797 -2.211355209 -4.199157715 -12.601685524 0.000000000 0.000000000 -12.000000000 -0.245262146 0.298682213 0.018131863 0.012206163 0.018295372 0.012007042
1776849935.348575830 0.624783218 -0.043691445 0.227796257 0.011012725 0.988304198 -0.012750484 0.151561752 -2.201486826 -4.201952457 -12.616281509 0.000000000 0.000000000 -12.000000000 -0.262295723 0.299584866 0.018116137 0.012211758 0.018291000 0.012012035
1776849935.353296280 0.624782860 -0.043696828 0.227796197 0.011016482 0.988304138 -0.012752466 0.151561677 -2.191148520 -4.204675198 -12.631103516 0.000000000 0.000000000 -12.000000000 -0.279680252 0.300479054 0.018099885 0.012217361 0.018286338 0.012017042
1776849935.358435869 0.624782622 -0.043702170 0.227796435 0.011020240 0.988304079 -0.012754436 0.151561722 -2.180375576 -4.207339287 -12.646138191 0.000000000 0.000000000 -12.000000000 -0.297389030 0.301371396 0.018083122 0.012222979 0.018281382 0.012022065
1776849935.363315821 0.624782264 -0.043705977 0.227796227 0.011022985 0.988304079 -0.012755780 0.151561484 -2.169209957 -4.209956646 -12.661371231 0.000000000 0.000000000 -12.000000000 -0.315400124 0.302326798 0.018065859 0.012228655 0.018276125 0.012027103
1776849935.368183374 0.624781966 -0.043710262 0.227796227 0.011026148 0.988304019 -0.012757258 0.151561409 -2.157700062 -4.212537766 -12.676779747 0.000000000 0.000000000 -12.000000000 -0.333677292 0.303254128 0.018048111 0.012234327 0.018270563 0.012032158
1776849935.373354673 0.624781728 -0.043714702 0.227796316 0.011029182 0.988303959 -0.012758909 0.151561409 -2.145899296 -4.215090752 -12.692339897 0.000000000 0.000000000 -12.000000000 -0.352183342 0.304109573 0.018029906 0.012239966 0.018264694 0.012037226
1776849935.378120899 0.624781311 -0.043719012 0.227796167 0.011032251 0.988303959 -0.012760499 0.151561037 -2.133865595 -4.217621803 -12.708021164 0.000000000 0.000000000 -12.000000000 -0.370871544 0.304971069 0.018011265 0.012245623 0.018258512 0.012042309
1776849935.383188248 0.624781132 -0.043723468 0.227796346 0.011035397 0.988303900 -0.012762118 0.151561126 -2.121659994 -4.220136166 -12.723793030 0.000000000 0.000000000 -12.000000000 -0.389696121 0.305626154 0.017992219 0.012251154 0.018252017 0.012047403
1776849935.388776779 0.624780595 -0.043728121 0.227796316 0.011038557 0.988303840 -0.012763903 0.151560858 -2.109345913 -4.222635746 -12.739620209 0.000000000 0.000000000 -12.000000000 -0.408603668 0.306453615 0.017972805 0.012256812 0.018245207 0.012052510
1776849935.393713236 0.624780357 -0.043732647 0.227796316 0.011041772 0.988303840 -0.012765576 0.151560798 -2.096986771 -4.225121498 -12.755467415 0.000000000 0.000000000 -12.000000000 -0.427541733 0.307364941 0.017953053 0.012262543 0.018238081 0.012057633
1776849935.398162603 0.624779880 -0.043737225 0.227796257 0.011044973 0.988303781 -0.012767261 0.151560515 -2.084646225 -4.227593422 -12.771297455 0.000000000 0.000000000 -12.000000000 -0.446456909 0.308213651 0.017933002 0.012268246 0.018230639 0.012062770
1776849935.403247833 0.624779463 -0.043741584 0.227796227 0.011048009 0.988303781 -0.012768882 0.151560277 -2.072386026 -4.230050087 -12.787075043 0.000000000 0.000000000 -12.000000000 -0.465298653 0.309070766 0.017912686 0.012273968 0.018222885 0.012067921
1776849935.408153534 0.624779224 -0.043745700 0.227796257 0.011050984 0.988303721 -0.012770373 0.151560232 -2.060265779 -4.232489109 -12.802764893 0.000000000 0.000000000 -12.000000000 -0.484012604 0.309935927 0.017892143 0.012279712 0.018214818 0.012073088
1776849935.413615704 0.624778986 -0.043750197 0.227796257 0.011053999 0.988303721 -0.012772096 0.151560158 -2.048341513 -4.234908581 -12.818330765 0.000000000 0.000000000 -12.000000000 -0.502551079 0.310786217 0.017871408 0.012285458 0.018206442 0.012078268
1776849935.418520689 0.624778628 -0.043754671 0.227796197 0.011057143 0.988303661 -0.012773760 0.151560009 -2.036665678 -4.237306118 -12.833741188 0.000000000 0.000000000 -12.000000000 -0.520864487 0.311638713 0.017850516 0.012291221 0.018197760 0.012083462
1776849935.423449993 0.624778330 -0.043759055 0.227796257 0.011060245 0.988303602 -0.012775358 0.151559919 -2.025286436 -4.239679337 -12.848966599 0.000000000 0.000000000 -12.000000000 -0.538912773 0.312493742 0.017829504 0.012296999 0.018188778 0.012088669
1776849935.428438663 0.624778032 -0.043763377 0.227796197 0.011063254 0.988303602 -0.012776968 0.151559785 -2.014248133 -4.242028236 -12.863976479 0.000000000 0.000000000 -12.000000000 -0.556653023 0.313353539 0.017808398 0.012302794 0.018179500 0.012093892
1776849935.433333158 0.624777853 -0.043767687 0.227796257 0.011066249 0.988303542 -0.012778535 0.151559860 -2.003590584 -4.244352818 -12.878745079 0.000000000 0.000000000 -12.000000000 -0.574048996 0.314156890 0.017787233 0.012308566 0.018169932 0.012099128
1776849935.438135147 0.624777555 -0.043771707 0.227796197 0.011069135 0.988303483 -0.012780019 0.151559755 -1.993350029 -4.246654034 -12.893246651 0.000000000 0.000000000 -12.000000000 -0.591064453 0.315030247 0.017766038 0.012314399 0.018160081 0.012104379
1776849935.443109512 0.624777496 -0.043775704 0.227796406 0.011071903 0.988303423 -0.012781527 0.151559919 -1.983559132 -4.248934746 -12.907459259 0.000000000 0.000000000 -12.000000000 -0.607671738 0.315900147 0.017744839 0.012320244 0.018149953 0.012109644
1776849935.449792385 0.624777257 -0.043779593 0.227796316 0.011074513 0.988303363 -0.012783047 0.151559845 -1.974247336 -4.251198292 -12.921357155 0.000000000 0.000000000 -12.000000000 -0.623835564 0.316779912 0.017723667 0.012326110 0.018139556 0.012114923
1776849935.453414440 0.624776959 -0.043789115 0.227796555 0.011081045 0.988303185 -0.012786635 0.151560128 -1.965442061 -4.253448486 -12.934921265 0.000000000 0.000000000 -12.000000000 -0.639530182 0.317510337 0.017702544 0.012331889 0.018128898 0.012120215
1776849935.458228350 0.624776959 -0.043789115 0.227796555 0.011081045 0.988303185 -0.012786635 0.151560128 -1.957169294 -4.255688190 -12.948125839 0.000000000 0.000000000 -12.000000000 -0.654724121 0.318461359 0.017681504 0.012337831 0.018117987 0.012125523
1776849935.463147402 0.624776542 -0.043795221 0.227796465 0.011085294 0.988303185 -0.012788911 0.151559949 -1.949454665 -4.257918358 -12.960950851 0.000000000 0.000000000 -12.000000000 -0.669391632 0.319257647 0.017660568 0.012343682 0.018106829 0.012130843
1776849935.468174934 0.624776363 -0.043801755 0.227796674 0.011089833 0.988303065 -0.012791356 0.151560038 -1.942322969 -4.260138035 -12.973371506 0.000000000 0.000000000 -12.000000000 -0.683500290 0.320040166 0.017639771 0.012349538 0.018095437 0.012136177
1776849935.473138094 0.624775708 -0.043808486 0.227796495 0.011094457 0.988303006 -0.012793869 0.151559755 -1.935798287 -4.262344837 -12.985365868 0.000000000 0.000000000 -12.000000000 -0.697021484 0.320870012 0.017619139 0.012355438 0.018083820 0.012141525
1776849935.478151798 0.624775410 -0.043815412 0.227796614 0.011099346 0.988302946 -0.012796414 0.151559815 -1.929903388 -4.264534950 -12.996909142 0.000000000 0.000000000 -12.000000000 -0.709926605 0.321650445 0.017598704 0.012361319 0.018071989 0.012146886
1776849935.483474731 0.624774873 -0.043822806 0.227796555 0.011104492 0.988302886 -0.012799170 0.151559591 -1.924660206 -4.266700268 -13.007978439 0.000000000 0.000000000 -12.000000000 -0.722186089 0.322423995 0.017578496 0.012367208 0.018059952 0.012152259
1776849935.488369942 0.624774456 -0.043830432 0.227796674 0.011109744 0.988302767 -0.012802007 0.151559487 -1.920089364 -4.268833637 -13.018551826 0.000000000 0.000000000 -12.000000000 -0.733770370 0.323193192 0.017558541 0.012373108 0.018047722 0.012157646
1776849935.493135929 0.624773979 -0.043837570 0.227796674 0.011114756 0.988302708 -0.012804689 0.151559368 -1.916210055 -4.270923615 -13.028605461 0.000000000 0.000000000 -12.000000000 -0.744652748 0.323988795 0.017538875 0.012379038 0.018035311 0.012163046
1776849935.498151541 0.624773383 -0.043845028 0.227796614 0.011119899 0.988302648 -0.012807508 0.151559114 -1.913039327 -4.272959232 -13.038118362 0.000000000 0.000000000 -12.000000000 -0.754806519 0.325498223 0.017519526 0.012385470 0.018022731 0.012168471
1776849935.503370285 0.624772966 -0.043852516 0.227796763 0.011125154 0.988302588 -0.012810268 0.151559100 -1.910592079 -4.274926662 -13.047070503 0.000000000 0.000000000 -12.000000000 -0.764206886 0.326285303 0.017500523 0.012391432 0.018009994 0.012173909
1776849935.508147001 0.624772370 -0.043859828 0.227796614 0.011130244 0.988302529 -0.012812999 0.151558772 -1.908879995 -4.276812077 -13.055444717 0.000000000 0.000000000 -12.000000000 -0.772831917 0.327088445 0.017481893 0.012397419 0.017997114 0.012179360
1776849935.513480425 0.624771893 -0.043867566 0.227796644 0.011135602 0.988302469 -0.012815879 0.151558578 -1.907911301 -4.278600693 -13.063225746 0.000000000 0.000000000 -12.000000000 -0.780666351 0.327873081 0.017463660 0.012403407 0.017984103 0.012184825
1776849935.518454075 0.624771178 -0.043875415 0.227796584 0.011141033 0.988302410 -0.012818815 0.151558250 -1.907690048 -4.280277729 -13.070401192 0.000000000 0.000000000 -12.000000000 -0.787693024 0.328632116 0.017445847 0.012409390 0.017970975 0.012190302
1776849935.523096561 0.624770641 -0.043883152 0.227796584 0.011146479 0.988302350 -0.012821686 0.151558116 -1.908215880 -4.281828880 -13.076964378 0.000000000 0.000000000 -12.000000000 -0.793907166 0.329424709 0.017428473 0.012415408 0.017957743 0.012195792
1776849935.528278112 0.624770045 -0.043890711 0.227796435 0.011151775 0.988302290 -0.012824449 0.151557803 -1.909483314 -4.283241749 -13.082910538 0.000000000 0.000000000 -12.000000000 -0.799302101 0.330227613 0.017411554 0.012421448 0.017944422 0.012201296
1776849935.533174992 0.624769628 -0.043898150 0.227796614 0.011156998 0.988302171 -0.012827249 0.151557758 -1.911481857 -4.284504414 -13.088239670 0.000000000 0.000000000 -12.000000000 -0.803881645 0.331035227 0.017395103 0.012427503 0.017931024 0.012206813
1776849935.538515806 0.624769032 -0.043906517 0.227796644 0.011162727 0.988302112 -0.012830426 0.151557520 -1.914195776 -4.285607338 -13.092957497 0.000000000 0.000000000 -12.000000000 -0.807656288 0.331808925 0.017379126 0.012433549 0.017917562 0.012212344
1776849935.543203354 0.624768376 -0.043915123 0.227796555 0.011168665 0.988302052 -0.012833627 0.151557297 -1.917603970 -4.286542892 -13.097071648 0.000000000 0.000000000 -12.000000000 -0.810636520 0.332575917 0.017363628 0.012439604 0.017904053 0.012217887
1776849935.548544884 0.624767780 -0.043923829 0.227796644 0.011174934 0.988301992 -0.012836786 0.151557103 -1.921680689 -4.287303925 -13.100597382 0.000000000 0.000000000 -12.000000000 -0.812845230 0.333342880 0.017348608 0.012445671 0.017890505 0.012223442
1776849935.553183079 0.624767184 -0.043932326 0.227796614 0.011180784 0.988301873 -0.012839971 0.151556849 -1.926395535 -4.287885666 -13.103552818 0.000000000 0.000000000 -12.000000000 -0.814309120 0.333022654 0.017334061 0.012451008 0.017876934 0.012228993
1776849935.558173418 0.624766707 -0.043940675 0.227796614 0.011186534 0.988301814 -0.012843088 0.151556790 -1.931714535 -4.288284779 -13.105957031 0.000000000 0.000000000 -12.000000000 -0.815052986 0.335105389 0.017319981 0.012457982 0.017863350 0.012234578
1776849935.563113213 0.624766231 -0.043949179 0.227796733 0.011192533 0.988301694 -0.012846252 0.151556745 -1.937600374 -4.288498402 -13.107835770 0.000000000 0.000000000 -12.000000000 -0.815115929 0.334874332 0.017306354 0.012463409 0.017849764 0.012240159
1776849935.568296909 0.624765575 -0.043957230 0.227796674 0.011198112 0.988301635 -0.012849303 0.151556432 -1.944013953 -4.288526058 -13.109214783 0.000000000 0.000000000 -12.000000000 -0.814532280 0.335682750 0.017293168 0.012469542 0.017836189 0.012245754
1776849935.573152304 0.624765217 -0.043964900 0.227796733 0.011203304 0.988301575 -0.012852161 0.151556402 -1.950914025 -4.288369179 -13.110122681 0.000000000 0.000000000 -12.000000000 -0.813342094 0.337262034 0.017280405 0.012476217 0.017822633 0.012251375
1776849935.578564882 0.624764800 -0.043972414 0.227796733 0.011208519 0.988301456 -0.012854994 0.151556298 -1.958259106 -4.288028240 -13.110589981 0.000000000 0.000000000 -12.000000000 -0.811585426 0.338088512 0.017268049 0.012482402 0.017809106 0.012257010
1776849935.583429337 0.624764323 -0.043980431 0.227796882 0.011214091 0.988301396 -0.012857980 0.151556328 -1.966007352 -4.287505627 -13.110646248 0.000000000 0.000000000 -12.000000000 -0.809304237 0.338890851 0.017256081 0.012488586 0.017795617 0.012262658
1776849935.588106155 0.624763846 -0.043988515 0.227796942 0.011219705 0.988301277 -0.012861018 0.151556268 -1.974117875 -4.286803246 -13.110322952 0.000000000 0.000000000 -12.000000000 -0.806541443 0.339693695 0.017244481 0.012494782 0.017782174 0.012268320
1776849935.593447924 0.624763608 -0.043996263 0.227796942 0.011225144 0.988301158 -0.012863906 0.151556373 -1.982551098 -4.285923004 -13.109649658 0.000000000 0.000000000 -12.000000000 -0.803335190 0.340510696 0.017233228 0.012501002 0.017768785 0.012273995
1776849935.598154545 0.624763668 -0.044004176 0.227797270 0.011230585 0.988300979 -0.012866890 0.151556939 -1.991269469 -4.284866333 -13.108656883 0.000000000 0.000000000 -12.000000000 -0.799727440 0.341316283 0.017222304 0.012507228 0.017755456 0.012279684
1776849935.603130817 0.624763370 -0.044012040 0.227797300 0.011236046 0.988300860 -0.012869831 0.151557058 -2.000237703 -4.283634186 -13.107371330 0.000000000 0.000000000 -12.000000000 -0.795751572 0.342129111 0.017211692 0.012513473 0.017742194 0.012285386
1776849935.608157396 0.624763191 -0.044019844 0.227797538 0.011241500 0.988300681 -0.012872741 0.151557460 -2.009423494 -4.282227039 -13.105819702 0.000000000 0.000000000 -12.000000000 -0.791444778 0.342944086 0.017201373 0.012519731 0.017729003 0.012291102
1776849935.613399982 0.624762952 -0.044028204 0.227797538 0.011247305 0.988300562 -0.012875858 0.151557654 -2.018797159 -4.280645847 -13.104026794 0.000000000 0.000000000 -12.000000000 -0.786840439 0.343736947 0.017191328 0.012525989 0.017715888 0.012296830
1776849935.618125200 0.624762654 -0.044036642 0.227797627 0.011253103 0.988300443 -0.012879025 0.151557863 -2.028332710 -4.278890133 -13.102014542 0.000000000 0.000000000 -12.000000000 -0.781965256 0.344329685 0.017181545 0.012532122 0.017702855 0.012302569
1776849935.623108149 0.624762416 -0.044045299 0.227797776 0.011259125 0.988300264 -0.012882287 0.151558071 -2.038006783 -4.276960850 -13.099803925 0.000000000 0.000000000 -12.000000000 -0.776845932 0.345116198 0.017172011 0.012538399 0.017689908 0.012308321
1776849935.628111601 0.624761879 -0.044053759 0.227797747 0.011265009 0.988300204 -0.012885444 0.151557952 -2.047799110 -4.274857521 -13.097414017 0.000000000 0.000000000 -12.000000000 -0.771508217 0.345915765 0.017162710 0.012544696 0.017677050 0.012314086
1776849935.633187771 0.624761343 -0.044062451 0.227797836 0.011271059 0.988300085 -0.012888669 0.151557848 -2.057691813 -4.272580624 -13.094860077 0.000000000 0.000000000 -12.000000000 -0.765970230 0.347113609 0.017153637 0.012551281 0.017664284 0.012319871
1776849935.638244867 0.624760807 -0.044071253 0.227797836 0.011277180 0.988299966 -0.012891955 0.151557744 -2.067668915 -4.270130634 -13.092160225 0.000000000 0.000000000 -12.000000000 -0.760255814 0.347901046 0.017144775 0.012557603 0.017651612 0.012325670
1776849935.643818140 0.624760211 -0.044079684 0.227797836 0.011283120 0.988299906 -0.012895063 0.151557520 -2.077716112 -4.267508030 -13.089328766 0.000000000 0.000000000 -12.000000000 -0.754382133 0.348307133 0.017136117 0.012563679 0.017639039 0.012331475
1776849935.648588181 0.624759853 -0.044087656 0.227797955 0.011288638 0.988299787 -0.012898033 0.151557624 -2.087820768 -4.264714718 -13.086378098 0.000000000 0.000000000 -12.000000000 -0.748364449 0.349130571 0.017127657 0.012570047 0.017626567 0.012337293
1776849935.653344870 0.624759316 -0.044095464 0.227797955 0.011293957 0.988299727 -0.012901005 0.151557505 -2.097970486 -4.261752605 -13.083323479 0.000000000 0.000000000 -12.000000000 -0.742220879 0.349960983 0.017119383 0.012576434 0.017614197 0.012343126
1776849935.658287764 0.624758840 -0.044103518 0.227797985 0.011299698 0.988299608 -0.012903949 0.151557416 -2.108154058 -4.258624554 -13.080177307 0.000000000 0.000000000 -12.000000000 -0.735966682 0.350778878 0.017111287 0.012582825 0.017601931 0.012348972
1776849935.663393497 0.624758482 -0.044111226 0.227798045 0.011305029 0.988299549 -0.012906826 0.151557460 -2.118360281 -4.255334854 -13.076950073 0.000000000 0.000000000 -12.000000000 -0.729616165 0.351276755 0.017103361 0.012589011 0.017589772 0.012354827
1776849935.668175697 0.624758065 -0.044118546 0.227798164 0.011310059 0.988299429 -0.012909580 0.151557386 -2.128579140 -4.251887321 -13.073655128 0.000000000 0.000000000 -12.000000000 -0.723186493 0.352123857 0.017095594 0.012595445 0.017577719 0.012360696
1776849935.673386812 0.624757767 -0.044126257 0.227798164 0.011315473 0.988299310 -0.012912451 0.151557431 -2.138800144 -4.248287678 -13.070302010 0.000000000 0.000000000 -12.000000000 -0.716687202 0.352952182 0.017087983 0.012601879 0.017565774 0.012366578
1776849935.678335905 0.624757409 -0.044134431 0.227798253 0.011321233 0.988299191 -0.012915497 0.151557639 -2.149013996 -4.244542122 -13.066899300 0.000000000 0.000000000 -12.000000000 -0.710133553 0.353761494 0.017080516 0.012608315 0.017553939 0.012372474
1776849935.683291912 0.624757230 -0.044142514 0.227798402 0.011326711 0.988299072 -0.012918569 0.151557907 -2.159211636 -4.240656853 -13.063457489 0.000000000 0.000000000 -12.000000000 -0.703534126 0.354574949 0.017073190 0.012614767 0.017542213 0.012378383
1776849935.688092947 0.624757051 -0.044150513 0.227798492 0.011332301 0.988298893 -0.012921534 0.151558176 -2.169385910 -4.236639023 -13.059983253 0.000000000 0.000000000 -12.000000000 -0.696902275 0.355322778 0.017065996 0.012621188 0.017530598 0.012384306
1776849935.694194555 0.624757111 -0.044158958 0.227798730 0.011338155 0.988298714 -0.012924747 0.151558816 -2.179529428 -4.232496262 -13.056482315 0.000000000 0.000000000 -12.000000000 -0.690243721 0.356123149 0.017058931 0.012627657 0.017519094 0.012390241
1776849935.698292255 0.624756992 -0.044168174 0.227798909 0.011344528 0.988298535 -0.012928183 0.151559293 -2.189636469 -4.228236198 -13.052959442 0.000000000 0.000000000 -12.000000000 -0.683565140 0.356894851 0.017051991 0.012634119 0.017507702 0.012396189
1776849935.703562737 0.624756634 -0.044177745 0.227798969 0.011351175 0.988298357 -0.012931763 0.151559457 -2.199702501 -4.223868370 -13.049420357 0.000000000 0.000000000 -12.000000000 -0.676876068 0.357521474 0.017045170 0.012640496 0.017496420 0.012402148
1776849935.708425760 0.624756575 -0.044187490 0.227799267 0.011357956 0.988298118 -0.012935418 0.151560068 -2.209722996 -4.219400883 -13.045865059 0.000000000 0.000000000 -12.000000000 -0.670176506 0.358141989 0.017038465 0.012646878 0.017485250 0.012408117
1776849935.713191986 0.624756098 -0.044197123 0.227799267 0.011364575 0.988297999 -0.012939052 0.151560083 -2.219695091 -4.214843750 -13.042296410 0.000000000 0.000000000 -12.000000000 -0.663472176 0.358778715 0.017031876 0.012653283 0.017474191 0.012414097
1776849935.718164206 0.624755561 -0.044207297 0.227799386 0.011371645 0.988297880 -0.012942858 0.151560172 -2.229615211 -4.210206985 -13.038715363 0.000000000 0.000000000 -12.000000000 -0.656764984 0.359395504 0.017025402 0.012659684 0.017463244 0.012420087
1776849935.723112822 0.624755204 -0.044218212 0.227799475 0.011379358 0.988297701 -0.012946893 0.151560292 -2.239480972 -4.205501556 -13.035121918 0.000000000 0.000000000 -12.000000000 -0.650056839 0.360094428 0.017019039 0.012666152 0.017452409 0.012426089
1776849935.728149414 0.624754369 -0.044229545 0.227799505 0.011387049 0.988297582 -0.012951173 0.151560023 -2.249288797 -4.200737000 -13.031514168 0.000000000 0.000000000 -12.000000000 -0.643347740 0.360751033 0.017012788 0.012672602 0.017441686 0.012432101
1776849935.733235359 0.624753594 -0.044240929 0.227799535 0.011395048 0.988297462 -0.012955425 0.151559815 -2.259035826 -4.195924759 -13.027894974 0.000000000 0.000000000 -12.000000000 -0.636641502 0.361341059 0.017006647 0.012679017 0.017431075 0.012438123
1776849935.738269806 0.624752879 -0.044253003 0.227799535 0.011403467 0.988297343 -0.012959890 0.151559725 -2.268717051 -4.191075325 -13.024262428 0.000000000 0.000000000 -12.000000000 -0.629940033 0.361908853 0.017000616 0.012685427 0.017420575 0.012444155
1776849935.743267059 0.624752164 -0.044265453 0.227799565 0.011412064 0.988297224 -0.012964547 0.151559576 -2.278327465 -4.186200619 -13.020619392 0.000000000 0.000000000 -12.000000000 -0.623246193 0.362467855 0.016994689 0.012691842 0.017410187 0.012450197
1776849935.748103142 0.624751329 -0.044278353 0.227799594 0.011421096 0.988297105 -0.012969351 0.151559368 -2.287860870 -4.181311607 -13.016966820 0.000000000 0.000000000 -12.000000000 -0.616566658 0.363019228 0.016988866 0.012698259 0.017399911 0.012456247
1776849935.753274918 0.624750495 -0.044291779 0.227799624 0.011430496 0.988296926 -0.012974353 0.151559114 -2.297309637 -4.176419735 -13.013308525 0.000000000 0.000000000 -12.000000000 -0.609905243 0.363556266 0.016983142 0.012704677 0.017389746 0.012462306
1776849935.758156776 0.624749541 -0.044305891 0.227799594 0.011440251 0.988296807 -0.012979636 0.151558831 -2.306665182 -4.171537399 -13.009647369 0.000000000 0.000000000 -12.000000000 -0.603271484 0.364075303 0.016977511 0.012711090 0.017379692 0.012468373
1776849935.763203382 0.624748588 -0.044321485 0.227799714 0.011451035 0.988296628 -0.012985477 0.151558638 -2.315917969 -4.166676521 -13.005986214 0.000000000 0.000000000 -12.000000000 -0.596666336 0.364327073 0.016971970 0.012717331 0.017369747 0.012474446
1776849935.768330574 0.624747694 -0.044337966 0.227799803 0.011462539 0.988296449 -0.012991642 0.151558578 -2.325057745 -4.161849976 -13.002331734 0.000000000 0.000000000 -12.000000000 -0.593848228 0.364989340 0.016963949 0.012723856 0.017359849 0.012480529
1776849935.773540735 0.624746919 -0.044354402 0.227799922 0.011473969 0.988296211 -0.012997767 0.151558667 -2.334073782 -4.157070160 -12.998686790 0.000000000 0.000000000 -12.000000000 -0.587368011 0.365452588 0.016958481 0.012730255 0.017350059 0.012486620
1776849935.778428078 0.624746025 -0.044370834 0.227800041 0.011485346 0.988295972 -0.013003927 0.151558653 -2.342955828 -4.152348042 -12.995055199 0.000000000 0.000000000 -12.000000000 -0.580942154 0.365927249 0.016953083 0.012736671 0.017340377 0.012492719
1776849935.783381462 0.624745250 -0.044387475 0.227800161 0.011496956 0.988295734 -0.013010108 0.151558757 -2.351693630 -4.147695065 -12.991439819 0.000000000 0.000000000 -12.000000000 -0.574581146 0.366402954 0.016947746 0.012743094 0.017330801 0.012498826
1776849935.788607836 0.624744654 -0.044403803 0.227800310 0.011508187 0.988295496 -0.013016256 0.151559055 -2.360277653 -4.143122196 -12.987843513 0.000000000 0.000000000 -12.000000000 -0.568288803 0.366899997 0.016942471 0.012749541 0.017321330 0.012504941
1776849935.793262005 0.624743998 -0.044420477 0.227800459 0.011519827 0.988295257 -0.013022485 0.151559338 -2.368699551 -4.138637543 -12.984268188 0.000000000 0.000000000 -12.000000000 -0.562070847 0.367389023 0.016937248 0.012755990 0.017311962 0.012511064
1776849935.798345804 0.624742925 -0.044437334 0.227800369 0.011531594 0.988295078 -0.013028744 0.151559055 -2.376951694 -4.134249687 -12.980712891 0.000000000 0.000000000 -12.000000000 -0.555929184 0.367879033 0.016932078 0.012762448 0.017302698 0.012517195
1776849935.803419590 0.624740839 -0.044454232 0.227799535 0.011543389 0.988295078 -0.013035012 0.151557580 -2.385027885 -4.129963875 -12.977179527 0.000000000 0.000000000 -12.000000000 -0.549867630 0.368386656 0.016926955 0.012768926 0.017293533 0.012523335
1776849935.808498621 0.624739468 -0.044470757 0.227799565 0.011554901 0.988294959 -0.013041168 0.151556835 -2.392922163 -4.125783920 -12.973666191 0.000000000 0.000000000 -12.000000000 -0.543885231 0.368897498 0.016921878 0.012775416 0.017284468 0.012529484
1776849935.813531637 0.624738455 -0.044486202 0.227799684 0.011565649 0.988294780 -0.013046912 0.151556581 -2.400630236 -4.121712208 -12.970170975 0.000000000 0.000000000 -12.000000000 -0.537983894 0.369453967 0.016916845 0.012781944 0.017275501 0.012535642
1776849935.818485022 0.624737382 -0.044499945 0.227799654 0.011575329 0.988294661 -0.013051990 0.151556179 -2.408147335 -4.117749214 -12.966693878 0.000000000 0.000000000 -12.000000000 -0.532164574 0.370079309 0.016911855 0.012788530 0.017266631 0.012541810
1776849935.823470592 0.624736607 -0.044512615 0.227799773 0.011584056 0.988294542 -0.013056734 0.151555970 -2.415468454 -4.113893509 -12.963233948 0.000000000 0.000000000 -12.000000000 -0.526427269 0.370737135 0.016906906 0.012795147 0.017257858 0.012547989
1776849935.828195095 0.624735713 -0.044523839 0.227799714 0.011591934 0.988294482 -0.013060888 0.151555598 -2.422588587 -4.110142231 -12.959790230 0.000000000 0.000000000 -12.000000000 -0.519216537 0.371523142 0.016903060 0.012801864 0.017249204 0.012554182
1776849935.833465576 0.624734938 -0.044533618 0.227799565 0.011598737 0.988294423 -0.013064547 0.151555166 -2.429502010 -4.106492519 -12.956364632 0.000000000 0.000000000 -12.000000000 -0.513653755 0.372277498 0.016898207 0.012808572 0.017240644 0.012560386
1776849935.838299036 0.624734163 -0.044543117 0.227799654 0.011605298 0.988294303 -0.013068119 0.151554927 -2.436202049 -4.102940559 -12.952960968 0.000000000 0.000000000 -12.000000000 -0.508182526 0.373181880 0.016893385 0.012815394 0.017232174 0.012566606
1776849935.843384743 0.624733508 -0.044552010 0.227799654 0.011611547 0.988294244 -0.013071380 0.151554689 -2.442680120 -4.099482059 -12.949582100 0.000000000 0.000000000 -12.000000000 -0.502805710 0.373939753 0.016888591 0.012822131 0.017223794 0.012572838
1776849935.848117828 0.624732971 -0.044560257 0.227799535 0.011617223 0.988294184 -0.013074520 0.151554480 -2.448927879 -4.096112728 -12.946236610 0.000000000 0.000000000 -12.000000000 -0.497535706 0.374713302 0.016883811 0.012828892 0.017215502 0.012579083
1776849935.853407621 0.624732435 -0.044567693 0.227799624 0.011622391 0.988294065 -0.013077312 0.151554286 -2.454934597 -4.092828274 -12.942930222 0.000000000 0.000000000 -12.000000000 -0.492378235 0.375503808 0.016879043 0.012835678 0.017207295 0.012585342
1776849935.858157158 0.624731600 -0.044574592 0.227799386 0.011627304 0.988294065 -0.013079795 0.151553735 -2.460689306 -4.089624882 -12.939674377 0.000000000 0.000000000 -12.000000000 -0.487350464 0.376306653 0.016874271 0.012842485 0.017199172 0.012591613
1776849935.863210917 0.624731183 -0.044581272 0.227799445 0.011631944 0.988294005 -0.013082303 0.151553527 -2.466180563 -4.086500168 -12.936478615 0.000000000 0.000000000 -12.000000000 -0.482462883 0.376904368 0.016869489 0.012849165 0.017191131 0.012597895
1776849935.868550062 0.624730766 -0.044587970 0.227799475 0.011636609 0.988293946 -0.013084737 0.151553452 -2.471396923 -4.083451271 -12.933353424 0.000000000 0.000000000 -12.000000000 -0.477727890 0.377687931 0.016864683 0.012855982 0.017183168 0.012604190
1776849935.873415709 0.624730289 -0.044593994 0.227799356 0.011640867 0.988293886 -0.013086963 0.151553199 -2.476326704 -4.080476761 -12.930310249 0.000000000 0.000000000 -12.000000000 -0.473160744 0.379080892 0.016859841 0.012863229 0.017175281 0.012610508
1776849935.878259182 0.624729872 -0.044600043 0.227799416 0.011645054 0.988293827 -0.013089254 0.151553139 -2.480959654 -4.077576637 -12.927361488 0.000000000 0.000000000 -12.000000000 -0.468776703 0.379873872 0.016854949 0.012870088 0.017167468 0.012616839
1776849935.883243561 0.624729335 -0.044605974 0.227799267 0.011649213 0.988293827 -0.013091409 0.151552841 -2.485286474 -4.074750423 -12.924517632 0.000000000 0.000000000 -12.000000000 -0.464587212 0.380667627 0.016850000 0.012876961 0.017159725 0.012623183
1776849935.888155699 0.624729037 -0.044612184 0.227799386 0.011653380 0.988293707 -0.013093797 0.151552796 -2.489298820 -4.071999550 -12.921789169 0.000000000 0.000000000 -12.000000000 -0.460603714 0.381440073 0.016844980 0.012883834 0.017152049 0.012629541
1776849935.893471956 0.624728560 -0.044618115 0.227799386 0.011657748 0.988293648 -0.013095927 0.151552647 -2.492990971 -4.069325924 -12.919187546 0.000000000 0.000000000 -12.000000000 -0.456842422 0.381909430 0.016839873 0.012890512 0.017144434 0.012635906
1776849935.898277521 0.624728203 -0.044623941 0.227799475 0.011661719 0.988293588 -0.013098137 0.151552618 -2.496359110 -4.066730022 -12.916724205 0.000000000 0.000000000 -12.000000000 -0.453311920 0.382691979 0.016834671 0.012897413 0.017136879 0.012642285
1776849935.903586149 0.624727845 -0.044628929 0.227799386 0.011665184 0.988293588 -0.013099965 0.151552424 -2.499402046 -4.064215183 -12.914407730 0.000000000 0.000000000 -12.000000000 -0.450023651 0.383504927 0.016829362 0.012904347 0.017129378 0.012648677
1776849935.908560514 0.624727488 -0.044633765 0.227799356 0.011668487 0.988293529 -0.013101825 0.151552334 -2.502120733 -4.061782360 -12.912247658 0.000000000 0.000000000 -12.000000000 -0.446986198 0.384320438 0.016823936 0.012911296 0.017121928 0.012655082
1776849935.913425446 0.624727368 -0.044638433 0.227799505 0.011671714 0.988293469 -0.013103549 0.151552394 -2.504519463 -4.059434414 -12.910251617 0.000000000 0.000000000 -12.000000000 -0.444205284 0.385133445 0.016818387 0.012918256 0.017114524 0.012661501
1776849935.918542862 0.624727011 -0.044642683 0.227799505 0.011674669 0.988293409 -0.013105137 0.151552364 -2.506605148 -4.057172298 -12.908427238 0.000000000 0.000000000 -12.000000000 -0.441684723 0.385961175 0.016812706 0.012925241 0.017107163 0.012667933
1776849935.923462152 0.624726772 -0.044646874 0.227799565 0.011677525 0.988293350 -0.013106756 0.151552260 -2.508388042 -4.054997444 -12.906776428 0.000000000 0.000000000 -12.000000000 -0.439425468 0.386787474 0.016806889 0.012932238 0.017099839 0.012674380
1776849935.928349733 0.624726474 -0.044650950 0.227799535 0.011680427 0.988293350 -0.013108211 0.151552126 -2.509880543 -4.052911282 -12.905303955 0.000000000 0.000000000 -12.000000000 -0.437426567 0.387612432 0.016800931 0.012939249 0.017092548 0.012680841
1776849935.933487654 0.624726236 -0.044655010 0.227799565 0.011683342 0.988293290 -0.013109704 0.151552111 -2.511098385 -4.050912857 -12.904008865 0.000000000 0.000000000 -12.000000000 -0.435684204 0.388821185 0.016794832 0.012946535 0.017085288 0.012687321
1776849935.938621521 0.624725580 -0.044663161 0.227799505 0.011688990 0.988293231 -0.013112737 0.151551843 -2.512059689 -4.049001217 -12.902889252 0.000000000 0.000000000 -12.000000000 -0.434191704 0.389566809 0.016788591 0.012953525 0.017078051 0.012693814
1776849935.943403721 0.624725580 -0.044663161 0.227799505 0.011688990 0.988293231 -0.013112737 0.151551843 -2.512784719 -4.047173500 -12.901939392 0.000000000 0.000000000 -12.000000000 -0.432934761 0.390461385 0.016782213 0.012960630 0.017070835 0.012700322
1776849935.948126078 0.624725342 -0.044667337 0.227799445 0.011691866 0.988293171 -0.013114285 0.151551709 -2.513294935 -4.045426846 -12.901153564 0.000000000 0.000000000 -12.000000000 -0.431904793 0.391273886 0.016775699 0.012967693 0.017063636 0.012706843
1776849935.953158855 0.624725044 -0.044671431 0.227799535 0.011694697 0.988293111 -0.013115792 0.151551664 -2.513613701 -4.043756485 -12.900523186 0.000000000 0.000000000 -12.000000000 -0.431082726 0.392089009 0.016769063 0.012974771 0.017056452 0.012713378
1776849935.958192348 0.624724746 -0.044675186 0.227799445 0.011697309 0.988293111 -0.013117190 0.151551545 -2.513764620 -4.042158127 -12.900037766 0.000000000 0.000000000 -12.000000000 -0.430455208 0.392918646 0.016762307 0.012981873 0.017049277 0.012719927
1776849935.963459015 0.624724448 -0.044678800 0.227799535 0.011700016 0.988293052 -0.013118446 0.151551396 -2.513771534 -4.040626049 -12.899686813 0.000000000 0.000000000 -12.000000000 -0.430002213 0.393564522 0.016755441 0.012988863 0.017042110 0.012726487
1776849935.968446016 0.624724209 -0.044682570 0.227799565 0.011702594 0.988293052 -0.013119792 0.151551366 -2.513657331 -4.039155960 -12.899459839 0.000000000 0.000000000 -12.000000000 -0.429707527 0.394387275 0.016748477 0.012995984 0.017034948 0.012733060
1776849935.973443985 0.624724090 -0.044685565 0.227799475 0.011704628 0.988292992 -0.013120888 0.151551291 -2.513444424 -4.037742138 -12.899344444 0.000000000 0.000000000 -12.000000000 -0.429553032 0.395242929 0.016741419 0.013003143 0.017027788 0.012739647
1776849935.978344917 0.624723852 -0.044688188 0.227799535 0.011706457 0.988292992 -0.013121848 0.151551276 -2.513154507 -4.036379814 -12.899330139 0.000000000 0.000000000 -12.000000000 -0.429520607 0.395867974 0.016734283 0.013010156 0.017020630 0.012746245
1776849935.983235598 0.624723792 -0.044690635 0.227799565 0.011708310 0.988292933 -0.013122685 0.151551306 -2.512807369 -4.035066128 -12.899405479 0.000000000 0.000000000 -12.000000000 -0.429594040 0.396166056 0.016727073 0.013016959 0.017013470 0.012752848
1776849935.988327026 0.624723554 -0.044692941 0.227799475 0.011709917 0.988292933 -0.013123550 0.151551098 -2.512423277 -4.033797264 -12.899559975 0.000000000 0.000000000 -12.000000000 -0.398156166 0.397103637 0.016741395 0.013024202 0.017006833 0.012759466
1776849935.993354797 0.624723315 -0.044695411 0.227799565 0.011711636 0.988292873 -0.013124463 0.151551098 -2.512020588 -4.032570839 -12.899781227 0.000000000 0.000000000 -12.000000000 -0.398400307 0.397726327 0.016734593 0.013031246 0.017000193 0.012766095
1776849935.998308182 0.624723256 -0.044698279 0.227799565 0.011713506 0.988292873 -0.013125611 0.151551142 -2.511617661 -4.031385899 -12.900058746 0.000000000 0.000000000 -12.000000000 -0.398701668 0.397925347 0.016727746 0.013038010 0.016993547 0.012772727
1776849936.003273726 0.624723077 -0.044701241 0.227799654 0.011715594 0.988292813 -0.013126713 0.151551127 -2.511231422 -4.030241489 -12.900381088 0.000000000 0.000000000 -12.000000000 -0.399044991 0.398526669 0.016720865 0.013045054 0.016986895 0.012779369
1776849936.010539293 0.624723077 -0.044701241 0.227799654 0.011715594 0.988292813 -0.013126713 0.151551127 -2.510878563 -4.029136658 -12.900734901 0.000000000 0.000000000 -12.000000000 -0.399408340 0.399192572 0.016713966 0.013052151 0.016980238 0.012786022
1776849936.013457060 0.624723077 -0.044701241 0.227799654 0.011715594 0.988292813 -0.013126713 0.151551127 -2.510574102 -4.028070450 -12.901109695 0.000000000 0.000000000 -12.000000000 -0.399783134 0.399859607 0.016707053 0.013059260 0.016973576 0.012792687
1776849936.018491507 0.624723077 -0.044701241 0.227799654 0.011715594 0.988292813 -0.013126713 0.151551127 -2.510332584 -4.027042389 -12.901494026 0.000000000 0.000000000 -12.000000000 -0.400150299 0.400527835 0.016700141 0.013066381 0.016966907 0.012799363
1776849936.023504019 0.624722242 -0.044713013 0.227799654 0.011725151 0.988292694 -0.013130152 0.151550889 -2.510167122 -4.026050091 -12.901874542 0.000000000 0.000000000 -12.000000000 -0.400493622 0.400946259 0.016693236 0.013073342 0.016960232 0.012806045
1776849936.028444529 0.624722004 -0.044715721 0.227799594 0.011727095 0.988292694 -0.013131117 0.151550815 -2.510090113 -4.025090694 -12.902241707 0.000000000 0.000000000 -12.000000000 -0.400799751 0.401563764 0.016686352 0.013080447 0.016953552 0.012812737
1776849936.033189058 0.624721825 -0.044718318 0.227799475 0.011728843 0.988292694 -0.013132134 0.151550606 -2.510112047 -4.024161339 -12.902585030 0.000000000 0.000000000 -12.000000000 -0.401058197 0.402187794 0.016679496 0.013087565 0.016946867 0.012819440
1776849936.038225412 0.624721766 -0.044720866 0.227799684 0.011730551 0.988292575 -0.013133104 0.151550800 -2.510242701 -4.023258209 -12.902893066 0.000000000 0.000000000 -12.000000000 -0.401251793 0.403290093 0.016672678 0.013095021 0.016940180 0.012826161
1776849936.043314219 0.624721527 -0.044723365 0.227799624 0.011732317 0.988292575 -0.013134046 0.151550621 -2.510490417 -4.022377968 -12.903157234 0.000000000 0.000000000 -12.000000000 -0.401370049 0.402718723 0.016665911 0.013101352 0.016933491 0.012832874
1776849936.048182249 0.624721408 -0.044725947 0.227799624 0.011734052 0.988292575 -0.013135020 0.151550621 -2.510862112 -4.021516323 -12.903368950 0.000000000 0.000000000 -12.000000000 -0.401404381 0.403341293 0.016659198 0.013108490 0.016926801 0.012839596
1776849936.053158998 0.624721229 -0.044728354 0.227799684 0.011735912 0.988292515 -0.013135827 0.151550621 -2.511363506 -4.020669937 -12.903520584 0.000000000 0.000000000 -12.000000000 -0.401344299 0.403970033 0.016652549 0.013115642 0.016920112 0.012846328
1776849936.058125496 0.624721110 -0.044730030 0.227799684 0.011737064 0.988292515 -0.013136479 0.151550576 -2.511998892 -4.019835472 -12.903604507 0.000000000 0.000000000 -12.000000000 -0.401181221 0.404630840 0.016645972 0.013122826 0.016913425 0.012853072
1776849936.063161135 0.624721110 -0.044731304 0.227799743 0.011738039 0.988292515 -0.013136896 0.151550636 -2.512771130 -4.019009590 -12.903614998 0.000000000 0.000000000 -12.000000000 -0.400909424 0.405301660 0.016639471 0.013130028 0.016906744 0.012859827
1776849936.068119049 0.624720991 -0.044732399 0.227799684 0.011738771 0.988292515 -0.013137318 0.151550546 -2.513681650 -4.018190861 -12.903545380 0.000000000 0.000000000 -12.000000000 -0.400519371 0.405491292 0.016633056 0.013136913 0.016900068 0.012866586
1776849936.073142052 0.624720812 -0.044733763 0.227799565 0.011739723 0.988292515 -0.013137811 0.151550382 -2.514730692 -4.017377853 -12.903391838 0.000000000 0.000000000 -12.000000000 -0.400010109 0.406493008 0.016626729 0.013144355 0.016893402 0.012873360
1776849936.078168154 0.624720693 -0.044735558 0.227799565 0.011740890 0.988292456 -0.013138534 0.151550338 -2.515917063 -4.016570091 -12.903152466 0.000000000 0.000000000 -12.000000000 -0.399378777 0.407140225 0.016620493 0.013151572 0.016886745 0.012880146
1776849936.083999157 0.624720573 -0.044737265 0.227799565 0.011742055 0.988292456 -0.013139157 0.151550323 -2.517237425 -4.015768528 -12.902823448 0.000000000 0.000000000 -12.000000000 -0.398623466 0.407791644 0.016614351 0.013158804 0.016880101 0.012886942
1776849936.088567257 0.624720454 -0.044738881 0.227799624 0.011743318 0.988292456 -0.013139711 0.151550353 -2.518687248 -4.014975548 -12.902404785 0.000000000 0.000000000 -12.000000000 -0.397745132 0.408446610 0.016608307 0.013166047 0.016873471 0.012893749
1776849936.093609333 0.624720275 -0.044740621 0.227799624 0.011744600 0.988292456 -0.013140328 0.151550189 -2.520260811 -4.014194489 -12.901896477 0.000000000 0.000000000 -12.000000000 -0.396746635 0.409096360 0.016602362 0.013173299 0.016866859 0.012900568
1776849936.098239660 0.624720097 -0.044742174 0.227799535 0.011745616 0.988292456 -0.013140934 0.151550084 -2.521950483 -4.013430119 -12.901300430 0.000000000 0.000000000 -12.000000000 -0.395630836 0.409757584 0.016596511 0.013180569 0.016860265 0.012907397
1776849936.103183746 0.624720097 -0.044743843 0.227799624 0.011746755 0.988292396 -0.013141545 0.151550129 -2.523747921 -4.012689114 -12.900617599 0.000000000 0.000000000 -12.000000000 -0.394402504 0.410410106 0.016590757 0.013187844 0.016853692 0.012914238
1776849936.108145714 0.624720097 -0.044745144 0.227799714 0.011747675 0.988292396 -0.013142047 0.151550248 -2.525643587 -4.011979103 -12.899850845 0.000000000 0.000000000 -12.000000000 -0.393067360 0.411079168 0.016585097 0.013195142 0.016847141 0.012921089
1776849936.113322020 0.624719977 -0.044746399 0.227799743 0.011748542 0.988292336 -0.013142524 0.151550218 -2.527627945 -4.011309147 -12.899003029 0.000000000 0.000000000 -12.000000000 -0.391632080 0.411408007 0.016579526 0.013202217 0.016840614 0.012927946
1776849936.118165731 0.624719858 -0.044747613 0.227799684 0.011749441 0.988292336 -0.013142938 0.151550129 -2.529690981 -4.010689259 -12.898076057 0.000000000 0.000000000 -12.000000000 -0.390101433 0.412081778 0.016574044 0.013209535 0.016834112 0.012934813
1776849936.123123646 0.624719918 -0.044748645 0.227799743 0.011750160 0.988292336 -0.013143308 0.151550248 -2.531823158 -4.010130882 -12.897071838 0.000000000 0.000000000 -12.000000000 -0.388480186 0.412759751 0.016568651 0.013216866 0.016827637 0.012941693
1776849936.128389597 0.624719739 -0.044749513 0.227799594 0.011750731 0.988292336 -0.013143650 0.151550099 -2.534015656 -4.009645939 -12.895992279 0.000000000 0.000000000 -12.000000000 -0.386776924 0.413448095 0.016563339 0.013224216 0.016821191 0.012948584
1776849936.133357286 0.624719739 -0.044750236 0.227799684 0.011751317 0.988292277 -0.013143920 0.151550204 -2.536260128 -4.009247780 -12.894839287 0.000000000 0.000000000 -12.000000000 -0.384991646 0.413573742 0.016558113 0.013231193 0.016814774 0.012955477
1776849936.138466120 0.624719858 -0.044750966 0.227799863 0.011751760 0.988292277 -0.013144204 0.151550308 -2.538550377 -4.008949757 -12.893612862 0.000000000 0.000000000 -12.000000000 -0.383131027 0.413663864 0.016552968 0.013238147 0.016808389 0.012962371
1776849936.143133640 0.624719799 -0.044751760 0.227799773 0.011752310 0.988292277 -0.013144510 0.151550278 -2.540880203 -4.008764744 -12.892313957 0.000000000 0.000000000 -12.000000000 -0.381196022 0.414353043 0.016547905 0.013245512 0.016802035 0.012969277
1776849936.148149252 0.624719858 -0.044752412 0.227799714 0.011752822 0.988292277 -0.013144733 0.151550323 -2.543246031 -4.008707523 -12.890940666 0.000000000 0.000000000 -12.000000000 -0.379190445 0.415044159 0.016542921 0.013252891 0.016795715 0.012976195
1776849936.153397322 0.624719739 -0.044752978 0.227799803 0.011753158 0.988292217 -0.013144959 0.151550367 -2.545644760 -4.008790493 -12.889492989 0.000000000 0.000000000 -12.000000000 -0.377112389 0.415741801 0.016538022 0.013260285 0.016789431 0.012983124
1776849936.158454657 0.624719799 -0.044753782 0.227799892 0.011753715 0.988292217 -0.013145250 0.151550442 -2.548074722 -4.009027004 -12.887969971 0.000000000 0.000000000 -12.000000000 -0.374964714 0.416427106 0.016533205 0.013267682 0.016783182 0.012990064
1776849936.163345337 0.624719799 -0.044754088 0.227799833 0.011753919 0.988292217 -0.013145383 0.151550457 -2.550535917 -4.009428978 -12.886369705 0.000000000 0.000000000 -12.000000000 -0.372745514 0.417134613 0.016528472 0.013275106 0.016776970 0.012997016
1776849936.168426037 0.624719799 -0.044754539 0.227799803 0.011754235 0.988292217 -0.013145553 0.151550442 -2.553028584 -4.010009289 -12.884691238 0.000000000 0.000000000 -12.000000000 -0.370453835 0.417835295 0.016523825 0.013282537 0.016770795 0.013003980
1776849936.173143864 0.624719620 -0.044755768 0.227799803 0.011755249 0.988292217 -0.013145920 0.151550338 -2.555554628 -4.010777473 -12.882934570 0.000000000 0.000000000 -12.000000000 -0.368092537 0.418517619 0.016519265 0.013289968 0.016764659 0.013010955
1776849936.178343773 0.624719620 -0.044755768 0.227799803 0.011755249 0.988292217 -0.013145920 0.151550338 -2.558115482 -4.011743546 -12.881095886 0.000000000 0.000000000 -12.000000000 -0.365653992 0.419224143 0.016514795 0.013297425 0.016758565 0.013017942
1776849936.183220387 0.624719620 -0.044756416 0.227799863 0.011755635 0.988292217 -0.013146183 0.151550367 -2.560713530 -4.012916088 -12.879176140 0.000000000 0.000000000 -12.000000000 -0.363142014 0.419917703 0.016510418 0.013304886 0.016752513 0.013024941
1776849936.188429832 0.624719501 -0.044757061 0.227799863 0.011756141 0.988292217 -0.013146422 0.151550323 -2.563350677 -4.014302731 -12.877175331 0.000000000 0.000000000 -12.000000000 -0.360556602 0.420613229 0.016506134 0.013312360 0.016746504 0.013031951
1776849936.193369389 0.624719501 -0.044757798 0.227799863 0.011756568 0.988292217 -0.013146747 0.151550278 -2.566028118 -4.015908718 -12.875091553 0.000000000 0.000000000 -12.000000000 -0.357895851 0.421307087 0.016501943 0.013319844 0.016740540 0.013038973
1776849936.198188305 0.624719441 -0.044758387 0.227799833 0.011757066 0.988292158 -0.013146905 0.151550263 -2.568746805 -4.017739296 -12.872927666 0.000000000 0.000000000 -12.000000000 -0.355160713 0.421651810 0.016497847 0.013327102 0.016734621 0.013046001
1776849936.203179598 0.624719441 -0.044758864 0.227799952 0.011757249 0.988292158 -0.013147158 0.151550338 -2.571506023 -4.019796848 -12.870683670 0.000000000 0.000000000 -12.000000000 -0.352354050 0.422001809 0.016493846 0.013334369 0.016728748 0.013053034
1776849936.208118916 0.624719262 -0.044759195 0.227799773 0.011757484 0.988292217 -0.013147282 0.151550099 -2.574304342 -4.022084236 -12.868363380 0.000000000 0.000000000 -12.000000000 -0.349476814 0.421806663 0.016489938 0.013341269 0.016722923 0.013060065
1776849936.213345289 0.624719262 -0.044759668 0.227799773 0.011757909 0.988292217 -0.013147381 0.151550114 -2.577138186 -4.024601460 -12.865970612 0.000000000 0.000000000 -12.000000000 -0.346537590 0.422158092 0.016486121 0.013348540 0.016717147 0.013067101
1776849936.218588591 0.624719203 -0.044760313 0.227799803 0.011758503 0.988292158 -0.013147608 0.151550099 -2.580002546 -4.027348042 -12.863511086 0.000000000 0.000000000 -12.000000000 -0.343541145 0.422505260 0.016482394 0.013355813 0.016711421 0.013074143
1776849936.223728418 0.624719143 -0.044760883 0.227799803 0.011758813 0.988292158 -0.013147824 0.151550084 -2.582890272 -4.030322075 -12.860990524 0.000000000 0.000000000 -12.000000000 -0.340495110 0.422856867 0.016478749 0.013363095 0.016705746 0.013081190
1776849936.228360653 0.624719143 -0.044761389 0.227799803 0.011759205 0.988292158 -0.013147990 0.151550040 -2.585792780 -4.033520699 -12.858419418 0.000000000 0.000000000 -12.000000000 -0.337411880 0.423211217 0.016475182 0.013370384 0.016700123 0.013088244
1776849936.233181715 0.624719083 -0.044761918 0.227799803 0.011759512 0.988292158 -0.013148208 0.151550055 -2.588699102 -4.036939621 -12.855807304 0.000000000 0.000000000 -12.000000000 -0.334303856 0.423568189 0.016471682 0.013377682 0.016694551 0.013095303
1776849936.238141060 0.624719083 -0.044762682 0.227799922 0.011760040 0.988292158 -0.013148495 0.151550099 -2.591597319 -4.040573120 -12.853164673 0.000000000 0.000000000 -12.000000000 -0.331183434 0.423915118 0.016468244 0.013384978 0.016689032 0.013102368
1776849936.243152142 0.624719024 -0.044763289 0.227799863 0.011760524 0.988292158 -0.013148704 0.151550114 -2.594473600 -4.044416428 -12.850506783 0.000000000 0.000000000 -12.000000000 -0.328068733 0.423567653 0.016464852 0.013391807 0.016683564 0.013109428
1776849936.248509884 0.624719024 -0.044763710 0.227799863 0.011760863 0.988292158 -0.013148840 0.151550040 -2.597313166 -4.048462391 -12.847846031 0.000000000 0.000000000 -12.000000000 -0.324975967 0.423934370 0.016461497 0.013399117 0.016678147 0.013116494
1776849936.253425121 0.624718904 -0.044764154 0.227799803 0.011761131 0.988292158 -0.013149026 0.151550025 -2.600100279 -4.052702904 -12.845197678 0.000000000 0.000000000 -12.000000000 -0.321925163 0.424302101 0.016458163 0.013406433 0.016672781 0.013123565
1776849936.258245945 0.624719024 -0.044764429 0.227799892 0.011761224 0.988292098 -0.013149153 0.151550144 -2.602819204 -4.057130337 -12.842578888 0.000000000 0.000000000 -12.000000000 -0.318934441 0.424674332 0.016454842 0.013413760 0.016667465 0.013130643
1776849936.263138294 0.624719083 -0.044764690 0.227799892 0.011761357 0.988292098 -0.013149282 0.151550189 -2.605453968 -4.061734676 -12.840003014 0.000000000 0.000000000 -12.000000000 -0.316020966 0.425049007 0.016451517 0.013421094 0.016662197 0.013137728
1776849936.268135548 0.624718964 -0.044764832 0.227799833 0.011761639 0.988292098 -0.013149306 0.151550099 -2.607990026 -4.066506863 -12.837486267 0.000000000 0.000000000 -12.000000000 -0.313204765 0.425283968 0.016448174 0.013428339 0.016656976 0.013144816
1776849936.273106098 0.624719024 -0.044765078 0.227799952 0.011761702 0.988292098 -0.013149392 0.151550189 -2.610413074 -4.071436405 -12.835041046 0.000000000 0.000000000 -12.000000000 -0.310500145 0.425221384 0.016444802 0.013435384 0.016651802 0.013151904
1776849936.278161287 0.624719024 -0.044765387 0.227799892 0.011762023 0.988292098 -0.013149469 0.151550174 -2.612710714 -4.076511383 -12.832680702 0.000000000 0.000000000 -12.000000000 -0.307924271 0.425598502 0.016441388 0.013442729 0.016646670 0.013158997
1776849936.283524990 0.624719024 -0.044765867 0.227799952 0.011762263 0.988292098 -0.013149712 0.151550278 -2.614872456 -4.081719875 -12.830414772 0.000000000 0.000000000 -12.000000000 -0.305485725 0.426065028 0.016437922 0.013450141 0.016641580 0.013166098
1776849936.288362980 0.624719024 -0.044766054 0.227799892 0.011762396 0.988292098 -0.013149778 0.151550189 -2.616889715 -4.087049484 -12.828251839 0.000000000 0.000000000 -12.000000000 -0.303197861 0.426451743 0.016434394 0.013457507 0.016636526 0.013173206
1776849936.293125391 0.624719024 -0.044766176 0.227799892 0.011762437 0.988292098 -0.013149807 0.151550189 -2.618754864 -4.092486858 -12.826198578 0.000000000 0.000000000 -12.000000000 -0.301065445 0.426839411 0.016430797 0.013464880 0.016631508 0.013180320
1776849936.298130989 0.624719024 -0.044766441 0.227799952 0.011762653 0.988292098 -0.013149904 0.151550204 -2.620463371 -4.098018169 -12.824259758 0.000000000 0.000000000 -12.000000000 -0.299094200 0.427221447 0.016427128 0.013472254 0.016626524 0.013187440
1776849936.303123236 0.624718904 -0.044766627 0.227799892 0.011762843 0.988292098 -0.013149960 0.151550084 -2.622011423 -4.103629589 -12.822440147 0.000000000 0.000000000 -12.000000000 -0.297289848 0.427612007 0.016423376 0.013479642 0.016621569 0.013194567
1776849936.308238506 0.624718904 -0.044766821 0.227799892 0.011762972 0.988292098 -0.013150042 0.151550114 -2.623396635 -4.109306812 -12.820742607 0.000000000 0.000000000 -12.000000000 -0.295653343 0.427999914 0.016419541 0.013487033 0.016616642 0.013201700
1776849936.313652515 0.624718845 -0.044767048 0.227799952 0.011763131 0.988292098 -0.013150126 0.151550069 -2.624617815 -4.115035534 -12.819168091 0.000000000 0.000000000 -12.000000000 -0.294187546 0.428387523 0.016415615 0.013494431 0.016611740 0.013208839
1776849936.318225145 0.624718726 -0.044767257 0.227799863 0.011763242 0.988292098 -0.013150221 0.151549920 -2.625674725 -4.120800018 -12.817717552 0.000000000 0.000000000 -12.000000000 -0.292887688 0.428232282 0.016411599 0.013501465 0.016606858 0.013215977
1776849936.323525429 0.624718726 -0.044767410 0.227799863 0.011763346 0.988292098 -0.013150279 0.151549980 -2.626566410 -4.126586914 -12.816391945 0.000000000 0.000000000 -12.000000000 -0.291759491 0.428625405 0.016407488 0.013508871 0.016601995 0.013223121
1776849936.328232527 0.624718904 -0.044767506 0.227799952 0.011763451 0.988292098 -0.013150290 0.151550144 -2.627293587 -4.132381916 -12.815193176 0.000000000 0.000000000 -12.000000000 -0.290800095 0.429018259 0.016403282 0.013516284 0.016597148 0.013230272
1776849936.333910704 0.624718785 -0.044767767 0.227799892 0.011763635 0.988292098 -0.013150386 0.151550084 -2.627856255 -4.138170242 -12.814120293 0.000000000 0.000000000 -12.000000000 -0.290007591 0.429411322 0.016398976 0.013523703 0.016592314 0.013237429
1776849936.338194132 0.624718785 -0.044767998 0.227800012 0.011763880 0.988292098 -0.013150469 0.151550114 -2.628255129 -4.143939018 -12.813173294 0.000000000 0.000000000 -12.000000000 -0.289381981 0.429804206 0.016394570 0.013531129 0.016587492 0.013244593
1776849936.343150139 0.624718785 -0.044768263 0.227799952 0.011763976 0.988292098 -0.013150580 0.151550069 -2.628491402 -4.149673939 -12.812351227 0.000000000 0.000000000 -12.000000000 -0.288922310 0.430198848 0.016390063 0.013538562 0.016582677 0.013251763
1776849936.348387957 0.624718785 -0.044768631 0.227799952 0.011764190 0.988292098 -0.013150741 0.151550114 -2.628566980 -4.155363560 -12.811653137 0.000000000 0.000000000 -12.000000000 -0.288623810 0.430591822 0.016385451 0.013546001 0.016577866 0.013258940
1776849936.353144884 0.624718726 -0.044768866 0.227799892 0.011764401 0.988292098 -0.013150795 0.151550055 -2.628484488 -4.160994530 -12.811075211 0.000000000 0.000000000 -12.000000000 -0.288481712 0.430990696 0.016380737 0.013553450 0.016573058 0.013266123
1776849936.358201265 0.624718785 -0.044769213 0.227800071 0.011764520 0.988292038 -0.013150948 0.151550159 -2.628247738 -4.166556358 -12.810614586 0.000000000 0.000000000 -12.000000000 -0.288492203 0.431280673 0.016375924 0.013560832 0.016568251 0.013273311
1776849936.363287687 0.624718785 -0.044769268 0.227800012 0.011764768 0.988292038 -0.013150887 0.151550114 -2.627861738 -4.172038078 -12.810264587 0.000000000 0.000000000 -12.000000000 -0.288646698 0.431490213 0.016371008 0.013568163 0.016563440 0.013280503
1776849936.368266344 0.624718785 -0.044769652 0.227800012 0.011764972 0.988292038 -0.013151042 0.151550189 -2.627332926 -4.177430153 -12.810019493 0.000000000 0.000000000 -12.000000000 -0.288937569 0.431887865 0.016365999 0.013575626 0.016558625 0.013287701
1776849936.373363018 0.624718845 -0.044769924 0.227800131 0.011765127 0.988292038 -0.013151150 0.151550263 -2.626669168 -4.182723045 -12.809869766 0.000000000 0.000000000 -12.000000000 -0.289351463 0.432290196 0.016360901 0.013583099 0.016553802 0.013294905
1776849936.378306627 0.624718845 -0.044770036 0.227800012 0.011765294 0.988292038 -0.013151178 0.151550263 -2.625880003 -4.187908649 -12.809806824 0.000000000 0.000000000 -12.000000000 -0.289876938 0.432703465 0.016355719 0.013590586 0.016548971 0.013302118
1776849936.383635044 0.624718785 -0.044770263 0.227800071 0.011765542 0.988292038 -0.013151247 0.151550204 -2.624975681 -4.192979813 -12.809818268 0.000000000 0.000000000 -12.000000000 -0.290500641 0.433110803 0.016350463 0.013598077 0.016544130 0.013309336
1776849936.388590813 0.624718785 -0.044770565 0.227800071 0.011765665 0.988292038 -0.013151375 0.151550218 -2.623968840 -4.197929382 -12.809894562 0.000000000 0.000000000 -12.000000000 -0.291206360 0.433516979 0.016345138 0.013605573 0.016539276 0.013316561
1776849936.393751144 0.624718785 -0.044770852 0.227800071 0.011765711 0.988292038 -0.013151560 0.151550204 -2.622871876 -4.202751160 -12.810021400 0.000000000 0.000000000 -12.000000000 -0.291978836 0.433519065 0.016339757 0.013612799 0.016534409 0.013323787
1776849936.398335695 0.624718785 -0.044770833 0.227800071 0.011765843 0.988292038 -0.013151493 0.151550218 -2.621699333 -4.207440376 -12.810188293 0.000000000 0.000000000 -12.000000000 -0.292802811 0.432806313 0.016334327 0.013619537 0.016529528 0.013331000
1776849936.403175592 0.624718845 -0.044771027 0.227800071 0.011765975 0.988292038 -0.013151566 0.151550263 -2.620465755 -4.211991787 -12.810379982 0.000000000 0.000000000 -12.000000000 -0.293658257 0.432814479 0.016328862 0.013626757 0.016524633 0.013338214
1776849936.408174515 0.624718845 -0.044771068 0.227800131 0.011765915 0.988292038 -0.013151588 0.151550323 -2.619185925 -4.216402054 -12.810584068 0.000000000 0.000000000 -12.000000000 -0.294529915 0.432830036 0.016323373 0.013633981 0.016519725 0.013345428
1776849936.413423061 0.624718785 -0.044771183 0.227800071 0.011765956 0.988292038 -0.013151705 0.151550204 -2.617875099 -4.220668316 -12.810788155 0.000000000 0.000000000 -12.000000000 -0.295399666 0.432846606 0.016317869 0.013641207 0.016514802 0.013352642
1776849936.418578625 0.624718785 -0.044771347 0.227800131 0.011766116 0.988292038 -0.013151727 0.151550233 -2.616548538 -4.224787235 -12.810980797 0.000000000 0.000000000 -12.000000000 -0.296254158 0.432858795 0.016312363 0.013648428 0.016509864 0.013359856
1776849936.423228264 0.624718785 -0.044771384 0.227800041 0.011766080 0.988292038 -0.013151758 0.151550204 -2.615220547 -4.228757381 -12.811148643 0.000000000 0.000000000 -12.000000000 -0.297075272 0.432899594 0.016306864 0.013655671 0.016504914 0.013367071
1776849936.428145647 0.624718726 -0.044771459 0.227800131 0.011766133 0.988292038 -0.013151788 0.151550218 -2.613904715 -4.232577324 -12.811282158 0.000000000 0.000000000 -12.000000000 -0.297849655 0.432920367 0.016301382 0.013662899 0.016499950 0.013374286
1776849936.433284760 0.624718726 -0.044771705 0.227800041 0.011766457 0.988292038 -0.013151799 0.151550189 -2.612613440 -4.236246586 -12.811371803 0.000000000 0.000000000 -12.000000000 -0.298563004 0.432934344 0.016295932 0.013670124 0.016494974 0.013381502
1776849936.438276052 0.624718726 -0.044771839 0.227800101 0.011766452 0.988292038 -0.013151931 0.151550218 -2.611358166 -4.239764214 -12.811408997 0.000000000 0.000000000 -12.000000000 -0.299207687 0.432957411 0.016290516 0.013677356 0.016489988 0.013388718
1776849936.443132401 0.624718726 -0.044772029 0.227800101 0.011766588 0.988292038 -0.013151990 0.151550189 -2.610148430 -4.243131161 -12.811386108 0.000000000 0.000000000 -12.000000000 -0.299770355 0.432977587 0.016285146 0.013684585 0.016484993 0.013395933
1776849936.448395014 0.624718666 -0.044772141 0.227800041 0.011766665 0.988292038 -0.013152041 0.151550144 -2.608991861 -4.246348381 -12.811297417 0.000000000 0.000000000 -12.000000000 -0.300244331 0.433003843 0.016279824 0.013691819 0.016479988 0.013403150
1776849936.453438044 0.624718666 -0.044772163 0.227800041 0.011766770 0.988292038 -0.013151979 0.151550174 -2.607895613 -4.249417782 -12.811138153 0.000000000 0.000000000 -12.000000000 -0.300623894 0.433033317 0.016274562 0.013699056 0.016474977 0.013410367
1776849936.458170891 0.624718726 -0.044772126 0.227800131 0.011766741 0.988291979 -0.013151977 0.151550233 -2.606864691 -4.252340317 -12.810904503 0.000000000 0.000000000 -12.000000000 -0.300903320 0.432544768 0.016269362 0.013705940 0.016469963 0.013417576
1776849936.463587999 0.624718845 -0.044772245 0.227800220 0.011766824 0.988291979 -0.013152015 0.151550323 -2.605902910 -4.255118847 -12.810593605 0.000000000 0.000000000 -12.000000000 -0.301078796 0.432571083 0.016264226 0.013713166 0.016464945 0.013424786
1776849936.468259573 0.624718726 -0.044772334 0.227800131 0.011766885 0.988291979 -0.013152104 0.151550263 -2.605013132 -4.257757187 -12.810204506 0.000000000 0.000000000 -12.000000000 -0.301148415 0.432606757 0.016259160 0.013720401 0.016459925 0.013431996
1776849936.473412037 0.624718726 -0.044772446 0.227800131 0.011766879 0.988291979 -0.013152149 0.151550233 -2.604196787 -4.260257721 -12.809735298 0.000000000 0.000000000 -12.000000000 -0.301111221 0.432638973 0.016254166 0.013727632 0.016454907 0.013439206
1776849936.478384733 0.624718845 -0.044772435 0.227800280 0.011766956 0.988291979 -0.013152087 0.151550353 -2.603455067 -4.262624741 -12.809185982 0.000000000 0.000000000 -12.000000000 -0.300967216 0.433148801 0.016249247 0.013735192 0.016449891 0.013446426
1776849936.483459473 0.624718666 -0.044772580 0.227800041 0.011767088 0.988292038 -0.013152138 0.151550144 -2.602787733 -4.264862061 -12.808559418 0.000000000 0.000000000 -12.000000000 -0.300718307 0.433185756 0.016244400 0.013742436 0.016444879 0.013453646
1776849936.488387346 0.624718726 -0.044772811 0.227800131 0.011767223 0.988291979 -0.013152213 0.151550218 -2.602193594 -4.266974926 -12.807857513 0.000000000 0.000000000 -12.000000000 -0.300366402 0.433214545 0.016239628 0.013749676 0.016439872 0.013460866
1776849936.493438244 0.624718666 -0.044772845 0.227800131 0.011767243 0.988291979 -0.013152245 0.151550189 -2.601670504 -4.268967628 -12.807084084 0.000000000 0.000000000 -12.000000000 -0.299919128 0.433257639 0.016234927 0.013756925 0.016434873 0.013468087
1776849936.498264313 0.624718666 -0.044773076 0.227800131 0.011767404 0.988291979 -0.013152322 0.151550218 -2.601214170 -4.270845890 -12.806246758 0.000000000 0.000000000 -12.000000000 -0.299382210 0.433294833 0.016230294 0.013764172 0.016429882 0.013475308
1776849936.503426790 0.624718666 -0.044773076 0.227800131 0.011767404 0.988291979 -0.013152322 0.151550218 -2.600820065 -4.272615433 -12.805351257 0.000000000 0.000000000 -12.000000000 -0.298765182 0.433077127 0.016225727 0.013771244 0.016424904 0.013482526
1776849936.508662939 0.624718785 -0.044773176 0.227800190 0.011767377 0.988291979 -0.013152432 0.151550293 -2.600481749 -4.274282932 -12.804406166 0.000000000 0.000000000 -12.000000000 -0.298077583 0.433118224 0.016221218 0.013778490 0.016419936 0.013489745
1776849936.513466597 0.624718726 -0.044773258 0.227800131 0.011767574 0.988291979 -0.013152405 0.151550218 -2.600191832 -4.275854111 -12.803421021 0.000000000 0.000000000 -12.000000000 -0.297329903 0.433165073 0.016216761 0.013785741 0.016414981 0.013496964
1776849936.518482447 0.624718726 -0.044773269 0.227800250 0.011767534 0.988291979 -0.013152406 0.151550263 -2.599941969 -4.277335644 -12.802406311 0.000000000 0.000000000 -12.000000000 -0.296537399 0.433213055 0.016212348 0.013792994 0.016410040 0.013504185
1776849936.523510456 0.624718785 -0.044773273 0.227800280 0.011767534 0.988291979 -0.013152408 0.151550323 -2.599723101 -4.278735161 -12.801372528 0.000000000 0.000000000 -12.000000000 -0.295710564 0.433263838 0.016207971 0.013800249 0.016405111 0.013511406
1776849936.528150797 0.624718785 -0.044773385 0.227800250 0.011767613 0.988291979 -0.013152450 0.151550323 -2.599526167 -4.280058384 -12.800331116 0.000000000 0.000000000 -12.000000000 -0.294865608 0.433312535 0.016203620 0.013807503 0.016400198 0.013518628
1776849936.533495188 0.624718666 -0.044773512 0.227800131 0.011767703 0.988291979 -0.013152542 0.151550233 -2.599341393 -4.281313419 -12.799291611 0.000000000 0.000000000 -12.000000000 -0.294014931 0.433365285 0.016199287 0.013814760 0.016395297 0.013525850
1776849936.538429499 0.624718845 -0.044773526 0.227800280 0.011767608 0.988291979 -0.013152585 0.151550442 -2.599159241 -4.282505512 -12.798264503 0.000000000 0.000000000 -12.000000000 -0.293169975 0.433416992 0.016194964 0.013822018 0.016390411 0.013533073
1776849936.543532372 0.624718785 -0.044773690 0.227800250 0.011767830 0.988291979 -0.013152544 0.151550323 -2.598969936 -4.283642292 -12.797260284 0.000000000 0.000000000 -12.000000000 -0.292346001 0.433469594 0.016190641 0.013829278 0.016385539 0.013540298
1776849936.548293591 0.624718785 -0.044773705 0.227800250 0.011767930 0.988291979 -0.013152500 0.151550293 -2.598764181 -4.284729481 -12.796287537 0.000000000 0.000000000 -12.000000000 -0.291552544 0.433527172 0.016186310 0.013836541 0.016380679 0.013547523
1776849936.553115606 0.624718785 -0.044773731 0.227800280 0.011767939 0.988291979 -0.013152566 0.151550353 -2.598532915 -4.285772324 -12.795356750 0.000000000 0.000000000 -12.000000000 -0.290804863 0.433588147 0.016181963 0.013843807 0.016375832 0.013554749
1776849936.558592796 0.624718666 -0.044773668 0.227800131 0.011767893 0.988291979 -0.013152511 0.151550233 -2.598267794 -4.286777020 -12.794473648 0.000000000 0.000000000 -12.000000000 -0.290108681 0.433656573 0.016177591 0.013851081 0.016370997 0.013561977
1776849936.563164711 0.624718904 -0.044773676 0.227800339 0.011767895 0.988291979 -0.013152521 0.151550412 -2.597960472 -4.287748337 -12.793648720 0.000000000 0.000000000 -12.000000000 -0.289477348 0.433713853 0.016173188 0.013858348 0.016366173 0.013569206
1776849936.568452835 0.624718785 -0.044773731 0.227800280 0.011767844 0.988291979 -0.013152600 0.151550382 -2.597603798 -4.288690567 -12.792886734 0.000000000 0.000000000 -12.000000000 -0.288920403 0.433780670 0.016168743 0.013865623 0.016361358 0.013576436
1776849936.573351622 0.624718785 -0.044773787 0.227800280 0.011768098 0.988291979 -0.013152524 0.151550382 -2.597192049 -4.289608955 -12.792194366 0.000000000 0.000000000 -12.000000000 -0.288443565 0.433844715 0.016164254 0.013872896 0.016356550 0.013583667
1776849936.578445196 0.624718785 -0.044773791 0.227800250 0.011767973 0.988291979 -0.013152559 0.151550353 -2.596719980 -4.290505886 -12.791576385 0.000000000 0.000000000 -12.000000000 -0.288053513 0.434635371 0.016159715 0.013880667 0.016351750 0.013590910
1776849936.583142757 0.624718785 -0.044773880 0.227800190 0.011768048 0.988291979 -0.013152611 0.151550308 -2.596183777 -4.291385651 -12.791035652 0.000000000 0.000000000 -12.000000000 -0.287755013 0.434544325 0.016155116 0.013887849 0.016346954 0.013598152
1776849936.588344336 0.624718785 -0.044773865 0.227800280 0.011767967 0.988291979 -0.013152598 0.151550367 -2.595581055 -4.292251587 -12.790575027 0.000000000 0.000000000 -12.000000000 -0.287551880 0.434614420 0.016150460 0.013895139 0.016342161 0.013605396
1776849936.593187809 0.624718785 -0.044773936 0.227800250 0.011768078 0.988291979 -0.013152616 0.151550338 -2.594910383 -4.293105602 -12.790197372 0.000000000 0.000000000 -12.000000000 -0.287446976 0.434819788 0.016145740 0.013902523 0.016337370 0.013612643
1776849936.598188639 0.624718785 -0.044774055 0.227800339 0.011768165 0.988291979 -0.013152642 0.151550397 -2.594170809 -4.293950081 -12.789902687 0.000000000 0.000000000 -12.000000000 -0.287439346 0.434501350 0.016140953 0.013909552 0.016332580 0.013619885
1776849936.603436470 0.624718785 -0.044774052 0.227800190 0.011768254 0.988291979 -0.013152624 0.151550308 -2.593361855 -4.294787884 -12.789690971 0.000000000 0.000000000 -12.000000000 -0.287532806 0.434191704 0.016136099 0.013916583 0.016327787 0.013627121
1776849936.608436823 0.624718726 -0.044774182 0.227800250 0.011768168 0.988291979 -0.013152748 0.151550308 -2.592483997 -4.295619488 -12.789563179 0.000000000 0.000000000 -12.000000000 -0.287723541 0.433878034 0.016131176 0.013923605 0.016322991 0.013634353
1776849936.613218307 0.624718785 -0.044774264 0.227800339 0.011768161 0.988291979 -0.013152790 0.151550397 -2.591536522 -4.296446800 -12.789518356 0.000000000 0.000000000 -12.000000000 -0.288016319 0.433564186 0.016126180 0.013930622 0.016318191 0.013641579
1776849936.618433475 0.624718785 -0.044774152 0.227800339 0.011768132 0.988291979 -0.013152768 0.151550397 -2.590519190 -4.297270775 -12.789555550 0.000000000 0.000000000 -12.000000000 -0.288406372 0.433262587 0.016121112 0.013937642 0.016313383 0.013648801
1776849936.623217106 0.624718785 -0.044774134 0.227800339 0.011768331 0.988291979 -0.013152672 0.151550397 -2.589430809 -4.298091888 -12.789676666 0.000000000 0.000000000 -12.000000000 -0.288896561 0.432957232 0.016115971 0.013944655 0.016308568 0.013656016
1776849936.628246784 0.624718785 -0.044774301 0.227800339 0.011768240 0.988291979 -0.013152814 0.151550397 -2.588270426 -4.298910618 -12.789879799 0.000000000 0.000000000 -12.000000000 -0.289485931 0.432648957 0.016110754 0.013951660 0.016303744 0.013663228
1776849936.633409262 0.624718845 -0.044774268 0.227800339 0.011768211 0.988291979 -0.013152811 0.151550427 -2.587036371 -4.299727440 -12.790164948 0.000000000 0.000000000 -12.000000000 -0.290174484 0.432346523 0.016105460 0.013958665 0.016298909 0.013670433
1776849936.638460159 0.624718785 -0.044774320 0.227800339 0.011768350 0.988291979 -0.013152742 0.151550397 -2.585727215 -4.300542355 -12.790531158 0.000000000 0.000000000 -12.000000000 -0.290963173 0.432043552 0.016100084 0.013965664 0.016294060 0.013677634
1776849936.643511534 0.624718845 -0.044774175 0.227800429 0.011768349 0.988291919 -0.013152708 0.151550457 -2.584342003 -4.301354885 -12.790976524 0.000000000 0.000000000 -12.000000000 -0.291850090 0.432136774 0.016094631 0.013972928 0.016289197 0.013684836
1776849936.648373127 0.624718845 -0.044774305 0.227800429 0.011768237 0.988291919 -0.013152827 0.151550442 -2.582879782 -4.302165031 -12.791499138 0.000000000 0.000000000 -12.000000000 -0.292831421 0.431833446 0.016089097 0.013979922 0.016284317 0.013692033
1776849936.653521299 0.624718964 -0.044774257 0.227800429 0.011768290 0.988291919 -0.013152741 0.151550576 -2.581341267 -4.302971840 -12.792095184 0.000000000 0.000000000 -12.000000000 -0.293905258 0.431535602 0.016083481 0.013986916 0.016279418 0.013699226
1776849936.658246040 0.624718964 -0.044774234 0.227800429 0.011768274 0.988291919 -0.013152787 0.151550516 -2.579727650 -4.303774834 -12.792761803 0.000000000 0.000000000 -12.000000000 -0.295069695 0.431241095 0.016077787 0.013993907 0.016274501 0.013706413
1776849936.663434744 0.624719024 -0.044774257 0.227800459 0.011768290 0.988291919 -0.013152743 0.151550606 -2.578042269 -4.304573536 -12.793494225 0.000000000 0.000000000 -12.000000000 -0.296315193 0.430944681 0.016072020 0.014000892 0.016269563 0.013713595
1776849936.668390989 0.624719024 -0.044774257 0.227800459 0.011768290 0.988291919 -0.013152743 0.151550606 -2.576288462 -4.305366993 -12.794285774 0.000000000 0.000000000 -12.000000000 -0.297638893 0.430651963 0.016066177 0.014007875 0.016264603 0.013720773
1776849936.674619913 0.624719083 -0.044774301 0.227800518 0.011768314 0.988291919 -0.013152767 0.151550636 -2.574471474 -4.306153774 -12.795131683 0.000000000 0.000000000 -12.000000000 -0.299031258 0.430357695 0.016060265 0.014014851 0.016259618 0.013727946
1776849936.678551674 0.624718964 -0.044774391 0.227800459 0.011768299 0.988291919 -0.013152833 0.151550591 -2.572597504 -4.306932926 -12.796025276 0.000000000 0.000000000 -12.000000000 -0.300486565 0.430066943 0.016054286 0.014021825 0.016254609 0.013735114
1776849936.683542252 0.624718904 -0.044774294 0.227800429 0.011768314 0.988291919 -0.013152762 0.151550516 -2.570673227 -4.307703018 -12.796958923 0.000000000 0.000000000 -12.000000000 -0.301993370 0.429783881 0.016048247 0.014028799 0.016249577 0.013742276
1776849936.688195944 0.624718964 -0.044774219 0.227800488 0.011768262 0.988291919 -0.013152737 0.151550576 -2.568706274 -4.308463573 -12.797926903 0.000000000 0.000000000 -12.000000000 -0.303544044 0.430013567 0.016042154 0.014036119 0.016244518 0.013749443
1776849936.693250418 0.624718964 -0.044774354 0.227800488 0.011768265 0.988291919 -0.013152845 0.151550531 -2.566704035 -4.309212685 -12.798920631 0.000000000 0.000000000 -12.000000000 -0.305130005 0.429723442 0.016036013 0.014043087 0.016239433 0.013756605
1776849936.698814392 0.624718964 -0.044774216 0.227800548 0.011768262 0.988291919 -0.013152736 0.151550546 -2.564674377 -4.309949398 -12.799933434 0.000000000 0.000000000 -12.000000000 -0.306740761 0.429444551 0.016029825 0.014050058 0.016234320 0.013763762
1776849936.703317881 0.624718964 -0.044774354 0.227800488 0.011768353 0.988291919 -0.013152831 0.151550531 -2.562624931 -4.310673237 -12.800959587 0.000000000 0.000000000 -12.000000000 -0.308368683 0.429617465 0.016023602 0.014057334 0.016229181 0.013770922
1776849936.708176374 0.624718904 -0.044774294 0.227800488 0.011768315 0.988291919 -0.013152761 0.151550487 -2.560562611 -4.311383724 -12.801990509 0.000000000 0.000000000 -12.000000000 -0.310005188 0.429337800 0.016017344 0.014064303 0.016224014 0.013778077
1776849936.713156700 0.624718904 -0.044774346 0.227800459 0.011768266 0.988291979 -0.013152841 0.151550412 -2.558492661 -4.312079430 -12.803020477 0.000000000 0.000000000 -12.000000000 -0.311640739 0.429056555 0.016011057 0.014071266 0.016218819 0.013785228
1776849936.718257427 0.624718904 -0.044774331 0.227800548 0.011768287 0.988291919 -0.013152775 0.151550487 -2.556420088 -4.312760353 -12.804045677 0.000000000 0.000000000 -12.000000000 -0.313272476 0.428775847 0.016004749 0.014078225 0.016213598 0.013792374
1776849936.723469973 0.624718904 -0.044774175 0.227800459 0.011768322 0.988291979 -0.013152711 0.151550397 -2.554347038 -4.313426018 -12.805061340 0.000000000 0.000000000 -12.000000000 -0.314893723 0.428506374 0.015998419 0.014085187 0.016208349 0.013799516
1776849936.728175163 0.624718785 -0.044774249 0.227800429 0.011768321 0.988291979 -0.013152736 0.151550308 -2.552273989 -4.314075947 -12.806065559 0.000000000 0.000000000 -12.000000000 -0.316502571 0.428811729 0.015992071 0.014092537 0.016203074 0.013806663
1776849936.734008312 0.624718726 -0.044774249 0.227800429 0.011768288 0.988291979 -0.013152747 0.151550248 -2.550199032 -4.314710617 -12.807057381 0.000000000 0.000000000 -12.000000000 -0.318099976 0.428956568 0.015985707 0.014099782 0.016197773 0.013813811
1776849936.738434553 0.624718726 -0.044774279 0.227800369 0.011768317 0.988291979 -0.013152751 0.151550248 -2.548117638 -4.315329075 -12.808038712 0.000000000 0.000000000 -12.000000000 -0.319687843 0.428681880 0.015979318 0.014106744 0.016192444 0.013820956
1776849936.743508339 0.624718726 -0.044774324 0.227800429 0.011768430 0.988291979 -0.013152763 0.151550278 -2.546023130 -4.315932274 -12.809012413 0.000000000 0.000000000 -12.000000000 -0.321270943 0.428437263 0.015972909 0.014113721 0.016187089 0.013828097
1776849936.748174906 0.624718666 -0.044774242 0.227800369 0.011768288 0.988291979 -0.013152744 0.151550189 -2.543906212 -4.316519737 -12.809985161 0.000000000 0.000000000 -12.000000000 -0.322858810 0.428395241 0.015966468 0.014120833 0.016181707 0.013835236
1776849936.753570795 0.624718785 -0.044774380 0.227800488 0.011768410 0.988291979 -0.013152838 0.151550218 -2.541755676 -4.317091465 -12.810963631 0.000000000 0.000000000 -12.000000000 -0.324460030 0.428118199 0.015959993 0.014127783 0.016176300 0.013842371
1776849936.758314848 0.624718845 -0.044774290 0.227800488 0.011768318 0.988291979 -0.013152758 0.151550367 -2.539559126 -4.317648411 -12.811956406 0.000000000 0.000000000 -12.000000000 -0.326088905 0.427851409 0.015953472 0.014134737 0.016170865 0.013849502
1776849936.763601780 0.624718845 -0.044774290 0.227800488 0.011768318 0.988291979 -0.013152758 0.151550367 -2.537302494 -4.318190098 -12.812974930 0.000000000 0.000000000 -12.000000000 -0.327758789 0.427586973 0.015946897 0.014141687 0.016165402 0.013856629
1776849936.768608093 0.624718845 -0.044774309 0.227800488 0.011768327 0.988291979 -0.013152820 0.151550338 -2.534971237 -4.318717003 -12.814027786 0.000000000 0.000000000 -12.000000000 -0.329481125 0.426982164 0.015940256 0.014148400 0.016159911 0.013863745
1776849936.773602247 0.624718845 -0.044774257 0.227800548 0.011768319 0.988291979 -0.013152749 0.151550367 -2.532550812 -4.319230080 -12.815127373 0.000000000 0.000000000 -12.000000000 -0.331274033 0.426379919 0.015933540 0.014155105 0.016154390 0.013870851
1776849936.778476238 0.624718845 -0.044774368 0.227800548 0.011768371 0.988291979 -0.013152787 0.151550367 -2.530027151 -4.319728851 -12.816285133 0.000000000 0.000000000 -12.000000000 -0.333151817 0.425773740 0.015926735 0.014161797 0.016148837 0.013877948
1776849936.783266544 0.624718964 -0.044774223 0.227800608 0.011768348 0.988291919 -0.013152739 0.151550457 -2.527386904 -4.320214272 -12.817509651 0.000000000 0.000000000 -12.000000000 -0.335125923 0.425175905 0.015919834 0.014168485 0.016143251 0.013885034
1776849936.788715839 0.624718964 -0.044774294 0.227800578 0.011768318 0.988291979 -0.013152760 0.151550427 -2.524617910 -4.320686817 -12.818810463 0.000000000 0.000000000 -12.000000000 -0.337209702 0.424574494 0.015912825 0.014175160 0.016137632 0.013892110
1776849936.793501377 0.624719024 -0.044774264 0.227800667 0.011768376 0.988291919 -0.013152749 0.151550576 -2.521710873 -4.321146011 -12.820197105 0.000000000 0.000000000 -12.000000000 -0.339415550 0.423975646 0.015905697 0.014181827 0.016131975 0.013899176
1776849936.799220800 0.624719143 -0.044774402 0.227800697 0.011768379 0.988291919 -0.013152863 0.151550651 -2.518657923 -4.321592331 -12.821674347 0.000000000 0.000000000 -12.000000000 -0.341748238 0.423076212 0.015898447 0.014188278 0.016126279 0.013906227
1776849936.803396225 0.624719203 -0.044774275 0.227800697 0.011768227 0.988291919 -0.013152780 0.151550740 -2.515454292 -4.322026253 -12.823246956 0.000000000 0.000000000 -12.000000000 -0.344217300 0.422484577 0.015891064 0.014194925 0.016120542 0.013913269
1776849936.808468103 0.624719203 -0.044774275 0.227800697 0.011768227 0.988291919 -0.013152780 0.151550740 -2.512098312 -4.322447777 -12.824917793 0.000000000 0.000000000 -12.000000000 -0.346822739 0.421889901 0.015883546 0.014201561 0.016114762 0.013920301
1776849936.813579798 0.624719143 -0.044774327 0.227800697 0.011768326 0.988291919 -0.013152835 0.151550651 -2.508590221 -4.322856426 -12.826687813 0.000000000 0.000000000 -12.000000000 -0.349565506 0.421296597 0.015875893 0.014208186 0.016108936 0.013927322
1776849936.818315268 0.624719083 -0.044774115 0.227800757 0.011768266 0.988291919 -0.013152717 0.151550665 -2.504933119 -4.323251724 -12.828557014 0.000000000 0.000000000 -12.000000000 -0.352446556 0.421248704 0.015868096 0.014215176 0.016103061 0.013934343
1776849936.823480844 0.624719024 -0.044774286 0.227800667 0.011768209 0.988291919 -0.013152838 0.151550502 -2.501132011 -4.323633671 -12.830521584 0.000000000 0.000000000 -12.000000000 -0.355460167 0.420653045 0.015860163 0.014221789 0.016097136 0.013941354
1776849936.828461647 0.624719024 -0.044774190 0.227800727 0.011768325 0.988291919 -0.013152720 0.151550546 -2.497193813 -4.324001789 -12.832578659 0.000000000 0.000000000 -12.000000000 -0.358599663 0.420065761 0.015852092 0.014228399 0.016091159 0.013948355
1776849936.833385706 0.624719143 -0.044774082 0.227800816 0.011768240 0.988291919 -0.013152702 0.151550636 -2.493126154 -4.324354649 -12.834725380 0.000000000 0.000000000 -12.000000000 -0.361863136 0.419478834 0.015843885 0.014234999 0.016085127 0.013955346
1776849936.838240147 0.624719143 -0.044774197 0.227800757 0.011768230 0.988291919 -0.013152756 0.151550606 -2.488937140 -4.324691296 -12.836956978 0.000000000 0.000000000 -12.000000000 -0.365241051 0.419108063 0.015835546 0.014241736 0.016079040 0.013962331
1776849936.843442917 0.624719143 -0.044774085 0.227800816 0.011768240 0.988291919 -0.013152704 0.151550665 -2.484635353 -4.325010777 -12.839268684 0.000000000 0.000000000 -12.000000000 -0.368727684 0.418058932 0.015827077 0.014248004 0.016072895 0.013969298
1776849936.848220110 0.624719083 -0.044774119 0.227800786 0.011768267 0.988291919 -0.013152714 0.151550576 -2.480229378 -4.325312138 -12.841656685 0.000000000 0.000000000 -12.000000000 -0.372315407 0.417473912 0.015818480 0.014254572 0.016066691 0.013976256
1776849936.853557110 0.624719143 -0.044774253 0.227800816 0.011768186 0.988291919 -0.013152820 0.151550621 -2.475727320 -4.325594425 -12.844118118 0.000000000 0.000000000 -12.000000000 -0.376001358 0.417431295 0.015809758 0.014261501 0.016060425 0.013983213
1776849936.858300209 0.624719083 -0.044774175 0.227800786 0.011768217 0.988291919 -0.013152795 0.151550576 -2.471136808 -4.325856209 -12.846648216 0.000000000 0.000000000 -12.000000000 -0.379776001 0.416853130 0.015800912 0.014268063 0.016054096 0.013990161
1776849936.863601446 0.624719143 -0.044774197 0.227800816 0.011768326 0.988291919 -0.013152727 0.151550665 -2.466464996 -4.326097012 -12.849244118 0.000000000 0.000000000 -12.000000000 -0.383637428 0.415985346 0.015791943 0.014274417 0.016047701 0.013997094
1776849936.868360996 0.624719143 -0.044774309 0.227800876 0.011768408 0.988291919 -0.013152761 0.151550695 -2.461718321 -4.326315880 -12.851902008 0.000000000 0.000000000 -12.000000000 -0.387577057 0.415117681 0.015782857 0.014280758 0.016041242 0.014004013
1776849936.873400927 0.624719203 -0.044774126 0.227800876 0.011768267 0.988291919 -0.013152721 0.151550725 -2.456903219 -4.326512337 -12.854616165 0.000000000 0.000000000 -12.000000000 -0.391590118 0.414377302 0.015773654 0.014287171 0.016034715 0.014010919
1776849936.878141642 0.624719143 -0.044774197 0.227800816 0.011768326 0.988291919 -0.013152727 0.151550665 -2.452025414 -4.326686382 -12.857383728 0.000000000 0.000000000 -12.000000000 -0.395668983 0.413514555 0.015764343 0.014293487 0.016028121 0.014017811
1776849936.883229256 0.624719262 -0.044774089 0.227800876 0.011768270 0.988291919 -0.013152702 0.151550725 -2.447090864 -4.326836586 -12.860198021 0.000000000 0.000000000 -12.000000000 -0.399808884 0.412654132 0.015754919 0.014299791 0.016021458 0.014024689
1776849936.888519764 0.624719203 -0.044774182 0.227800876 0.011768220 0.988291919 -0.013152795 0.151550755 -2.442106247 -4.326963902 -12.863052368 0.000000000 0.000000000 -12.000000000 -0.403999329 0.411791265 0.015745392 0.014306080 0.016014725 0.014031552
1776849936.895777464 0.624719262 -0.044774126 0.227800876 0.011768178 0.988291919 -0.013152734 0.151550725 -2.437077999 -4.327066898 -12.865942001 0.000000000 0.000000000 -12.000000000 -0.408234596 0.410933018 0.015735764 0.014312356 0.016007921 0.014038401
1776849936.898410559 0.624719381 -0.044774175 0.227800995 0.011768294 0.988291860 -0.013152742 0.151550874 -2.432013988 -4.327147007 -12.868857384 0.000000000 0.000000000 -12.000000000 -0.412503242 0.410069019 0.015726043 0.014318614 0.016001046 0.014045235
1776849936.903411627 0.624719381 -0.044774175 0.227800995 0.011768294 0.988291860 -0.013152742 0.151550874 -2.426922321 -4.327203274 -12.871791840 0.000000000 0.000000000 -12.000000000 -0.416797638 0.409210950 0.015716234 0.014324863 0.015994100 0.014052055
1776849936.908190727 0.624719501 -0.044773974 0.227801055 0.011768238 0.988291860 -0.013152611 0.151551023 -2.421812773 -4.327235699 -12.874735832 0.000000000 0.000000000 -12.000000000 -0.421103477 0.408284277 0.015706345 0.014331049 0.015987081 0.014058860
1776849936.913183212 0.624719441 -0.044774082 0.227801055 0.011768318 0.988291860 -0.013152649 0.151550934 -2.416695595 -4.327245235 -12.877681732 0.000000000 0.000000000 -12.000000000 -0.425413132 0.407568216 0.015696382 0.014337366 0.015979990 0.014065653
1776849936.918552637 0.624719441 -0.044774026 0.227800995 0.011768181 0.988291860 -0.013152708 0.151550964 -2.411582232 -4.327231407 -12.880619049 0.000000000 0.000000000 -12.000000000 -0.429710388 0.406551301 0.015686356 0.014343464 0.015972828 0.014072429
1776849936.923537970 0.624719381 -0.044774063 0.227800995 0.011768212 0.988291860 -0.013152710 0.151550904 -2.406484604 -4.327194691 -12.883540154 0.000000000 0.000000000 -12.000000000 -0.433987617 0.405531019 0.015676271 0.014349542 0.015965596 0.014079188
1776849936.928428650 0.624719441 -0.044774067 0.227801114 0.011768241 0.988291860 -0.013152711 0.151550993 -2.401415348 -4.327135086 -12.886433601 0.000000000 0.000000000 -12.000000000 -0.438227654 0.404511571 0.015666140 0.014355605 0.015958292 0.014085930
1776849936.933554888 0.624719441 -0.044773951 0.227801055 0.011768136 0.988291860 -0.013152662 0.151550964 -2.396387339 -4.327053547 -12.889292717 0.000000000 0.000000000 -12.000000000 -0.442420959 0.403496921 0.015655970 0.014361653 0.015950918 0.014092655
1776849936.938292503 0.624719501 -0.044774029 0.227801114 0.011768218 0.988291860 -0.013152689 0.151551023 -2.391412973 -4.326949596 -12.892106056 0.000000000 0.000000000 -12.000000000 -0.446553230 0.402475446 0.015645772 0.014367680 0.015943475 0.014099363
1776849936.943369150 0.624719560 -0.044773843 0.227801114 0.011768077 0.988291860 -0.013152649 0.151551053 -2.386505365 -4.326824665 -12.894865990 0.000000000 0.000000000 -12.000000000 -0.450614929 0.401315719 0.015635556 0.014373596 0.015935965 0.014106052
1776849936.948435545 0.624719620 -0.044774003 0.227801204 0.011768162 0.988291860 -0.013152686 0.151551172 -2.381677389 -4.326678276 -12.897562981 0.000000000 0.000000000 -12.000000000 -0.454589844 0.400291085 0.015625328 0.014379584 0.015928388 0.014112723
1776849936.953624487 0.624719560 -0.044773825 0.227801114 0.011768003 0.988291860 -0.013152697 0.151551053 -2.376940966 -4.326511383 -12.900187492 0.000000000 0.000000000 -12.000000000 -0.458469391 0.399284571 0.015615101 0.014385567 0.015920747 0.014119377
1776849936.958537340 0.624719620 -0.044774000 0.227801174 0.011768071 0.988291860 -0.013152708 0.151551142 -2.372308254 -4.326324463 -12.902731895 0.000000000 0.000000000 -12.000000000 -0.462240219 0.398581117 0.015604883 0.014391741 0.015913043 0.014126020
1776849936.963193417 0.624719560 -0.044773884 0.227801174 0.011768078 0.988291860 -0.013152658 0.151551053 -2.367790699 -4.326117992 -12.905185699 0.000000000 0.000000000 -12.000000000 -0.465888977 0.397571713 0.015594685 0.014397695 0.015905278 0.014132647
1776849936.968316078 0.624719679 -0.044773966 0.227801204 0.011768136 0.988291860 -0.013152672 0.151551172 -2.363398790 -4.325892448 -12.907541275 0.000000000 0.000000000 -12.000000000 -0.469407082 0.396552563 0.015584516 0.014403624 0.015897455 0.014139256
1776849936.973109722 0.624719679 -0.044773854 0.227801263 0.011768048 0.988291860 -0.013152659 0.151551172 -2.359142780 -4.325649261 -12.909791946 0.000000000 0.000000000 -12.000000000 -0.472784042 0.395542681 0.015574386 0.014409544 0.015889576 0.014145849
1776849936.978185892 0.624719679 -0.044773795 0.227801263 0.011768097 0.988291860 -0.013152578 0.151551202 -2.355031967 -4.325388432 -12.911928177 0.000000000 0.000000000 -12.000000000 -0.476007462 0.394532263 0.015564305 0.014415446 0.015881643 0.014152424
1776849936.983182907 0.624719799 -0.044773839 0.227801353 0.011768164 0.988291800 -0.013152566 0.151551321 -2.351075649 -4.325111866 -12.913944244 0.000000000 0.000000000 -12.000000000 -0.479069710 0.393514067 0.015554278 0.014421325 0.015873658 0.014158983
1776849936.988247871 0.624719858 -0.044773921 0.227801442 0.011768276 0.988291800 -0.013152587 0.151551381 -2.347281933 -4.324819565 -12.915831566 0.000000000 0.000000000 -12.000000000 -0.481960297 0.392498076 0.015544317 0.014427190 0.015865624 0.014165524
1776849936.993449450 0.624719858 -0.044773728 0.227801412 0.011768079 0.988291800 -0.013152542 0.151551291 -2.343658924 -4.324513435 -12.917584419 0.000000000 0.000000000 -12.000000000 -0.484671593 0.391281307 0.015534432 0.014432900 0.015857546 0.014172046
1776849936.998137712 0.624719858 -0.044773865 0.227801412 0.011768085 0.988291800 -0.013152644 0.151551351 -2.340214014 -4.324193478 -12.919196129 0.000000000 0.000000000 -12.000000000 -0.487195969 0.390264630 0.015524630 0.014438726 0.015849426 0.014178550
1776849937.003150702 0.624719858 -0.044773862 0.227801353 0.011768058 0.988291800 -0.013152638 0.151551351 -2.336953878 -4.323861599 -12.920662880 0.000000000 0.000000000 -12.000000000 -0.489527702 0.389256030 0.015514916 0.014444541 0.015841268 0.014185037
1776849937.008264065 0.624719977 -0.044773798 0.227801502 0.011768026 0.988291800 -0.013152640 0.151551440 -2.333884478 -4.323518276 -12.921977997 0.000000000 0.000000000 -12.000000000 -0.491657257 0.388244212 0.015505303 0.014450338 0.015833074 0.014191508
1776849937.013158321 0.624719918 -0.044773679 0.227801502 0.011767946 0.988291800 -0.013152597 0.151551440 -2.331010103 -4.323164940 -12.923140526 0.000000000 0.000000000 -12.000000000 -0.493583679 0.387241542 0.015495791 0.014456123 0.015824847 0.014197962
1776849937.018531561 0.624720037 -0.044773873 0.227801561 0.011768059 0.988291800 -0.013152649 0.151551530 -2.328334570 -4.322802067 -12.924146652 0.000000000 0.000000000 -12.000000000 -0.495302200 0.385998666 0.015486390 0.014461729 0.015816592 0.014204396
1776849937.023436308 0.624719977 -0.044773679 0.227801502 0.011767946 0.988291800 -0.013152598 0.151551470 -2.325859547 -4.322431087 -12.924996376 0.000000000 0.000000000 -12.000000000 -0.496811867 0.384999245 0.015477104 0.014467479 0.015808312 0.014210813
1776849937.028134346 0.624720037 -0.044773631 0.227801561 0.011768056 0.988291800 -0.013152511 0.151551530 -2.323585987 -4.322052956 -12.925688744 0.000000000 0.000000000 -12.000000000 -0.498111725 0.383943737 0.015467936 0.014473175 0.015800010 0.014217212
1776849937.033570528 0.624720037 -0.044773687 0.227801561 0.011767917 0.988291800 -0.013152606 0.151551530 -2.321512938 -4.321668625 -12.926225662 0.000000000 0.000000000 -12.000000000 -0.499205589 0.382888287 0.015458887 0.014478852 0.015791690 0.014223593
1776849937.038630247 0.624720037 -0.044773631 0.227801561 0.011767968 0.988291800 -0.013152525 0.151551530 -2.319637775 -4.321279049 -12.926609039 0.000000000 0.000000000 -12.000000000 -0.500093460 0.381836057 0.015449959 0.014484514 0.015783355 0.014229957
1776849937.043447256 0.624719977 -0.044773683 0.227801561 0.011767918 0.988291800 -0.013152604 0.151551470 -2.317956209 -4.320885658 -12.926841736 0.000000000 0.000000000 -12.000000000 -0.500781059 0.380717635 0.015441154 0.014490114 0.015775008 0.014236302
1776849937.048647404 0.624719977 -0.044773590 0.227801681 0.011767940 0.988291800 -0.013152520 0.151551500 -2.316462040 -4.320489407 -12.926929474 0.000000000 0.000000000 -12.000000000 -0.501275063 0.379666924 0.015432470 0.014495741 0.015766654 0.014242630
1776849937.053580284 0.624719918 -0.044773720 0.227801621 0.011767942 0.988291800 -0.013152627 0.151551440 -2.315147161 -4.320091248 -12.926877022 0.000000000 0.000000000 -12.000000000 -0.501583099 0.378612995 0.015423906 0.014501349 0.015758295 0.014248940
1776849937.058489561 0.624719977 -0.044773646 0.227801681 0.011767889 0.988291800 -0.013152602 0.151551500 -2.314001799 -4.319692612 -12.926692009 0.000000000 0.000000000 -12.000000000 -0.501713753 0.377561510 0.015415457 0.014506941 0.015749933 0.014255233
1776849937.063426018 0.624719977 -0.044773571 0.227801681 0.011767866 0.988291800 -0.013152570 0.151551500 -2.313014269 -4.319294453 -12.926383018 0.000000000 0.000000000 -12.000000000 -0.501681328 0.376512736 0.015407117 0.014512517 0.015741572 0.014261508
1776849937.068203449 0.624720037 -0.044773594 0.227801681 0.011767940 0.988291800 -0.013152522 0.151551530 -2.312171459 -4.318899155 -12.925958633 0.000000000 0.000000000 -12.000000000 -0.501497269 0.375347316 0.015398882 0.014517996 0.015733214 0.014267764
1776849937.073410034 0.624720097 -0.044773482 0.227801621 0.011767864 0.988291800 -0.013152468 0.151551515 -2.311458588 -4.318507195 -12.925431252 0.000000000 0.000000000 -12.000000000 -0.501175880 0.374299645 0.015390744 0.014523535 0.015724862 0.014274002
1776849937.078137398 0.624720156 -0.044773445 0.227801681 0.011767863 0.988291800 -0.013152465 0.151551634 -2.310860157 -4.318119526 -12.924812317 0.000000000 0.000000000 -12.000000000 -0.500733376 0.373304814 0.015382695 0.014529094 0.015716517 0.014280224
1776849937.083391905 0.624720275 -0.044773456 0.227801859 0.011767768 0.988291740 -0.013152505 0.151551768 -2.310359955 -4.317737579 -12.924114227 0.000000000 0.000000000 -12.000000000 -0.500188828 0.372250915 0.015374721 0.014534596 0.015708180 0.014286429
1776849937.088495255 0.624720216 -0.044773545 0.227801681 0.011767836 0.988291800 -0.013152571 0.151551649 -2.309941769 -4.317361832 -12.923350334 0.000000000 0.000000000 -12.000000000 -0.499556541 0.371201128 0.015366817 0.014540083 0.015699854 0.014292615
1776849937.093230009 0.624720275 -0.044773493 0.227801800 0.011767857 0.988291740 -0.013152500 0.151551768 -2.309589863 -4.316992760 -12.922533989 0.000000000 0.000000000 -12.000000000 -0.498855591 0.370151103 0.015358969 0.014545552 0.015691539 0.014298785
1776849937.098303556 0.624720335 -0.044773422 0.227801800 0.011767804 0.988291740 -0.013152475 0.151551872 -2.309289694 -4.316630840 -12.921677589 0.000000000 0.000000000 -12.000000000 -0.498103142 0.369104683 0.015351169 0.014551005 0.015683237 0.014304936
1776849937.103171825 0.624720454 -0.044773400 0.227801889 0.011767858 0.988291740 -0.013152434 0.151551962 -2.309028864 -4.316275597 -12.920790672 0.000000000 0.000000000 -12.000000000 -0.497309685 0.368055582 0.015343409 0.014556441 0.015674949 0.014311071
1776849937.108090401 0.624720573 -0.044773363 0.227802008 0.011767802 0.988291681 -0.013152434 0.151552141 -2.308796406 -4.315927029 -12.919884682 0.000000000 0.000000000 -12.000000000 -0.496489525 0.367008120 0.015335680 0.014561860 0.015666673 0.014317187
1776849937.113613367 0.624720693 -0.044773441 0.227802128 0.011767804 0.988291681 -0.013152495 0.151552245 -2.308584929 -4.315584183 -12.918965340 0.000000000 0.000000000 -12.000000000 -0.495650291 0.365955532 0.015327979 0.014567257 0.015658412 0.014323287
1776849937.118624926 0.624720633 -0.044773363 0.227802008 0.011767748 0.988291681 -0.013152470 0.151552126 -2.308388948 -4.315247059 -12.918038368 0.000000000 0.000000000 -12.000000000 -0.494800568 0.364913672 0.015320299 0.014572644 0.015650166 0.014329368
1776849937.123413801 0.624720752 -0.044773340 0.227802187 0.011767773 0.988291681 -0.013152438 0.151552320 -2.308206558 -4.314914227 -12.917105675 0.000000000 0.000000000 -12.000000000 -0.493942261 0.363866210 0.015312638 0.014578011 0.015641933 0.014335433
1776849937.128410816 0.624720752 -0.044773303 0.227802128 0.011767747 0.988291681 -0.013152422 0.151552290 -2.308037996 -4.314585209 -12.916169167 0.000000000 0.000000000 -12.000000000 -0.493076324 0.362823129 0.015304998 0.014583362 0.015633715 0.014341480
1776849937.133363485 0.624720752 -0.044773407 0.227802187 0.011767804 0.988291681 -0.013152491 0.151552364 -2.307886600 -4.314258575 -12.915225029 0.000000000 0.000000000 -12.000000000 -0.492197990 0.361775368 0.015297380 0.014588693 0.015625512 0.014347509
1776849937.138560295 0.624720752 -0.044773340 0.227802128 0.011767773 0.988291681 -0.013152436 0.151552290 -2.307757616 -4.313933849 -12.914270401 0.000000000 0.000000000 -12.000000000 -0.491302490 0.360704929 0.015289789 0.014593991 0.015617324 0.014353521
1776849937.143172979 0.624720693 -0.044773407 0.227802187 0.011767776 0.988291681 -0.013152491 0.151552245 -2.307658195 -4.313609123 -12.913300514 0.000000000 0.000000000 -12.000000000 -0.490384102 0.359659851 0.015282228 0.014599289 0.015609151 0.014359515
1776849937.148429394 0.624720693 -0.044773329 0.227802128 0.011767723 0.988291681 -0.013152461 0.151552215 -2.307596207 -4.313284397 -12.912308693 0.000000000 0.000000000 -12.000000000 -0.489435196 0.358620048 0.015274704 0.014604572 0.015600993 0.014365492
1776849937.153481960 0.624720812 -0.044773303 0.227802187 0.011767696 0.988291681 -0.013152454 0.151552364 -2.307580709 -4.312957764 -12.911288261 0.000000000 0.000000000 -12.000000000 -0.488443375 0.357575893 0.015267224 0.014609836 0.015592853 0.014371452
1776849937.158284664 0.624720812 -0.044773415 0.227802247 0.011767775 0.988291681 -0.013152498 0.151552394 -2.307621241 -4.312628269 -12.910232544 0.000000000 0.000000000 -12.000000000 -0.487401962 0.356582403 0.015259795 0.014615117 0.015584730 0.014377395
1776849937.163280487 0.624720812 -0.044773296 0.227802247 0.011767697 0.988291681 -0.013152452 0.151552320 -2.307726383 -4.312295914 -12.909134865 0.000000000 0.000000000 -12.000000000 -0.486302376 0.355678886 0.015252423 0.014620442 0.015576624 0.014383323
1776849937.168370962 0.624720812 -0.044773340 0.227802247 0.011767723 0.988291681 -0.013152470 0.151552394 -2.307904482 -4.311959267 -12.907987595 0.000000000 0.000000000 -12.000000000 -0.485132217 0.354635060 0.015245117 0.014625656 0.015568539 0.014389233
1776849937.173379660 0.624720871 -0.044773303 0.227802366 0.011767785 0.988291621 -0.013152445 0.151552469 -2.308163166 -4.311618328 -12.906785011 0.000000000 0.000000000 -12.000000000 -0.483887672 0.353594184 0.015237882 0.014630856 0.015560473 0.014395126
1776849937.178454638 0.624720812 -0.044773187 0.227802306 0.011767525 0.988291681 -0.013152435 0.151552379 -2.308508158 -4.311272621 -12.905522346 0.000000000 0.000000000 -12.000000000 -0.482558250 0.352558851 0.015230725 0.014636041 0.015552430 0.014401002
1776849937.183453083 0.624720812 -0.044773340 0.227802306 0.011767720 0.988291681 -0.013152478 0.151552364 -2.308943748 -4.310922623 -12.904195786 0.000000000 0.000000000 -12.000000000 -0.481141090 0.351514220 0.015223651 0.014641204 0.015544412 0.014406861
1776849937.188647509 0.624720812 -0.044773072 0.227802247 0.011767530 0.988291681 -0.013152396 0.151552320 -2.309472799 -4.310568333 -12.902801514 0.000000000 0.000000000 -12.000000000 -0.479631424 0.350484490 0.015216663 0.014646359 0.015536418 0.014412702
1776849937.193600893 0.624720931 -0.044773228 0.227802306 0.011767644 0.988291681 -0.013152430 0.151552439 -2.310095787 -4.310209274 -12.901340485 0.000000000 0.000000000 -12.000000000 -0.478031158 0.349182993 0.015209763 0.014651311 0.015528451 0.014418522
1776849937.198522568 0.624720931 -0.044773228 0.227802306 0.011767644 0.988291681 -0.013152430 0.151552439 -2.310811758 -4.309846401 -12.899811745 0.000000000 0.000000000 -12.000000000 -0.476338387 0.348144650 0.015202953 0.014656421 0.015520512 0.014424324
1776849937.203603506 0.624720931 -0.044773191 0.227802366 0.011767645 0.988291681 -0.013152420 0.151552409 -2.311617374 -4.309480190 -12.898218155 0.000000000 0.000000000 -12.000000000 -0.474558830 0.347108752 0.015196230 0.014661515 0.015512602 0.014430109
1776849937.208432198 0.624720931 -0.044773269 0.227802426 0.011767675 0.988291621 -0.013152436 0.151552469 -2.312507868 -4.309111118 -12.896562576 0.000000000 0.000000000 -12.000000000 -0.472693443 0.346068531 0.015189596 0.014666590 0.015504724 0.014435877
1776849937.213410616 0.624720991 -0.044773232 0.227802426 0.011767555 0.988291621 -0.013152449 0.151552543 -2.313476086 -4.308739185 -12.894851685 0.000000000 0.000000000 -12.000000000 -0.470752716 0.345035285 0.015183044 0.014671652 0.015496879 0.014441628
1776849937.218697071 0.624720931 -0.044773228 0.227802306 0.011767644 0.988291681 -0.013152430 0.151552439 -2.314513445 -4.308365822 -12.893091202 0.000000000 0.000000000 -12.000000000 -0.468744278 0.344002604 0.015176570 0.014676697 0.015489066 0.014447361
1776849937.223601341 0.624720991 -0.044773206 0.227802485 0.011767730 0.988291621 -0.013152384 0.151552498 -2.315609694 -4.307991028 -12.891289711 0.000000000 0.000000000 -12.000000000 -0.466679573 0.342965990 0.015170168 0.014681722 0.015481288 0.014453078
1776849937.228594780 0.624720991 -0.044773169 0.227802485 0.011767700 0.988291621 -0.013152381 0.151552558 -2.316753387 -4.307616711 -12.889456749 0.000000000 0.000000000 -12.000000000 -0.464570045 0.341934234 0.015163831 0.014686733 0.015473545 0.014458776
1776849937.233210802 0.624721050 -0.044773173 0.227802485 0.011767641 0.988291621 -0.013152391 0.151552558 -2.317931652 -4.307243347 -12.887601852 0.000000000 0.000000000 -12.000000000 -0.462431908 0.340900928 0.015157549 0.014691725 0.015465837 0.014464458
1776849937.238523006 0.624720991 -0.044773161 0.227802485 0.011767589 0.988291621 -0.013152417 0.151552528 -2.319131374 -4.306871891 -12.885734558 0.000000000 0.000000000 -12.000000000 -0.460273743 0.339870840 0.015151316 0.014696703 0.015458166 0.014470123
1776849937.243887901 0.624721110 -0.044773214 0.227802545 0.011767671 0.988291621 -0.013152400 0.151552647 -2.320338964 -4.306504250 -12.883866310 0.000000000 0.000000000 -12.000000000 -0.458113670 0.338774800 0.015145121 0.014701619 0.015450531 0.014475769
1776849937.248441458 0.624721050 -0.044773206 0.227802485 0.011767616 0.988291621 -0.013152433 0.151552588 -2.321540833 -4.306140423 -12.882005692 0.000000000 0.000000000 -12.000000000 -0.455961227 0.337746948 0.015138957 0.014706563 0.015442931 0.014481398
1776849937.253227711 0.624721229 -0.044773184 0.227802575 0.011767673 0.988291621 -0.013152388 0.151552796 -2.322724342 -4.305782795 -12.880161285 0.000000000 0.000000000 -12.000000000 -0.453831673 0.336406678 0.015132813 0.014711276 0.015435367 0.014487005
1776849937.258176804 0.624721289 -0.044773102 0.227802634 0.011767619 0.988291621 -0.013152407 0.151552796 -2.323877096 -4.305430889 -12.878339767 0.000000000 0.000000000 -12.000000000 -0.451733589 0.335378617 0.015126683 0.014716180 0.015427838 0.014492595
1776849937.263155460 0.624721289 -0.044773109 0.227802634 0.011767648 0.988291621 -0.013152366 0.151552796 -2.324988604 -4.305087090 -12.876547813 0.000000000 0.000000000 -12.000000000 -0.449674606 0.334350169 0.015120560 0.014721067 0.015420344 0.014498167
1776849937.268209934 0.624721289 -0.044773217 0.227802664 0.011767616 0.988291562 -0.013152447 0.151552871 -2.326050043 -4.304751396 -12.874790192 0.000000000 0.000000000 -12.000000000 -0.447664261 0.333318532 0.015114440 0.014725935 0.015412883 0.014503722
1776849937.273167849 0.624721289 -0.044773076 0.227802664 0.011767585 0.988291562 -0.013152379 0.151552886 -2.327054024 -4.304424286 -12.873068810 0.000000000 0.000000000 -12.000000000 -0.445706367 0.332296371 0.015108317 0.014730792 0.015405455 0.014509261
1776849937.278618813 0.624721408 -0.044773035 0.227802753 0.011767508 0.988291562 -0.013152393 0.151552916 -2.327995539 -4.304106236 -12.871385574 0.000000000 0.000000000 -12.000000000 -0.443803787 0.331270218 0.015102189 0.014735628 0.015398058 0.014514782
1776849937.283164501 0.624721408 -0.044773035 0.227802813 0.011767508 0.988291562 -0.013152396 0.151552975 -2.328871965 -4.303798199 -12.869741440 0.000000000 0.000000000 -12.000000000 -0.441957474 0.330243945 0.015096053 0.014740448 0.015390692 0.014520286
1776849937.288609028 0.624721587 -0.044773042 0.227802813 0.011767477 0.988291562 -0.013152407 0.151553124 -2.329682589 -4.303500175 -12.868135452 0.000000000 0.000000000 -12.000000000 -0.440168381 0.329120934 0.015089910 0.014745185 0.015383356 0.014525771
1776849937.294159174 0.624721706 -0.044772979 0.227802992 0.011767418 0.988291502 -0.013152406 0.151553258 -2.330428600 -4.303212166 -12.866564751 0.000000000 0.000000000 -12.000000000 -0.438432693 0.328091919 0.015083761 0.014749967 0.015376049 0.014531239
1776849937.298304319 0.624721766 -0.044773053 0.227802992 0.011767508 0.988291502 -0.013152411 0.151553288 -2.331114292 -4.302933693 -12.865026474 0.000000000 0.000000000 -12.000000000 -0.436744690 0.327064306 0.015077607 0.014754733 0.015368770 0.014536690
1776849937.303519249 0.624721706 -0.044773012 0.227802992 0.011767448 0.988291502 -0.013152409 0.151553258 -2.331744671 -4.302665710 -12.863514900 0.000000000 0.000000000 -12.000000000 -0.435100555 0.326041728 0.015071452 0.014759486 0.015361519 0.014542124
1776849937.308624983 0.624721706 -0.044772945 0.227802932 0.011767451 0.988291562 -0.013152342 0.151553214 -2.332326889 -4.302407742 -12.862026215 0.000000000 0.000000000 -12.000000000 -0.433493614 0.325020283 0.015065297 0.014764221 0.015354293 0.014547541
1776849937.313532352 0.624721885 -0.044772986 0.227803141 0.011767425 0.988291502 -0.013152396 0.151553467 -2.332869291 -4.302158356 -12.860550880 0.000000000 0.000000000 -12.000000000 -0.431910515 0.323991954 0.015059154 0.014768935 0.015347095 0.014552941
1776849937.318478346 0.624721766 -0.044772938 0.227802992 0.011767426 0.988291502 -0.013152378 0.151553273 -2.333381891 -4.301918507 -12.859083176 0.000000000 0.000000000 -12.000000000 -0.430343628 0.322973460 0.015053027 0.014773639 0.015339923 0.014558324
1776849937.323544979 0.624721885 -0.044772845 0.227803111 0.011767365 0.988291502 -0.013152332 0.151553452 -2.333874464 -4.301686764 -12.857614517 0.000000000 0.000000000 -12.000000000 -0.428782463 0.321951330 0.015046922 0.014778324 0.015332777 0.014563690
1776849937.328438759 0.624721825 -0.044772837 0.227803200 0.011767315 0.988291502 -0.013152359 0.151553452 -2.334357738 -4.301463127 -12.856135368 0.000000000 0.000000000 -12.000000000 -0.427215576 0.320930630 0.015040847 0.014782992 0.015325657 0.014569039
1776849937.333532095 0.624721885 -0.044772986 0.227803111 0.011767427 0.988291502 -0.013152393 0.151553378 -2.334842205 -4.301246166 -12.854638100 0.000000000 0.000000000 -12.000000000 -0.425630569 0.319905132 0.015034810 0.014787640 0.015318563 0.014574370
1776849937.338544846 0.624721885 -0.044772893 0.227803171 0.011767264 0.988291502 -0.013152441 0.151553437 -2.335337400 -4.301034927 -12.853114128 0.000000000 0.000000000 -12.000000000 -0.424017906 0.318165630 0.015028818 0.014791784 0.015311496 0.014579673
1776849937.343454599 0.624721885 -0.044772923 0.227803171 0.011767512 0.988291502 -0.013152335 0.151553392 -2.335851908 -4.300828934 -12.851558685 0.000000000 0.000000000 -12.000000000 -0.422369003 0.317145765 0.015022877 0.014796390 0.015304456 0.014584959
1776849937.348417044 0.624721825 -0.044772834 0.227803171 0.011767316 0.988291502 -0.013152354 0.151553333 -2.336392641 -4.300627232 -12.849965096 0.000000000 0.000000000 -12.000000000 -0.420678139 0.316132098 0.015016994 0.014800983 0.015297445 0.014590228
1776849937.353332043 0.624721885 -0.044772759 0.227803171 0.011767263 0.988291502 -0.013152326 0.151553363 -2.336964369 -4.300428391 -12.848332405 0.000000000 0.000000000 -12.000000000 -0.418938637 0.314553052 0.015011171 0.014805173 0.015290463 0.014595470
1776849937.358455420 0.624721885 -0.044772960 0.227803230 0.011767476 0.988291502 -0.013152371 0.151553452 -2.337569237 -4.300231934 -12.846658707 0.000000000 0.000000000 -12.000000000 -0.417152405 0.313368469 0.015005410 0.014809606 0.015283511 0.014600693
1776849937.363211870 0.624721885 -0.044772696 0.227803230 0.011767351 0.988291502 -0.013152262 0.151553422 -2.338207722 -4.300036907 -12.844944954 0.000000000 0.000000000 -12.000000000 -0.415316582 0.312362403 0.014999712 0.014814141 0.015276589 0.014605899
1776849937.368455887 0.624721885 -0.044772770 0.227803230 0.011767348 0.988291502 -0.013152287 0.151553363 -2.338877201 -4.299843311 -12.843195915 0.000000000 0.000000000 -12.000000000 -0.413439751 0.311125159 0.014994072 0.014818502 0.015269699 0.014611085
1776849937.373424768 0.624721944 -0.044772737 0.227803260 0.011767346 0.988291502 -0.013152284 0.151553512 -2.339574099 -4.299650192 -12.841415405 0.000000000 0.000000000 -12.000000000 -0.411525726 0.310112357 0.014988489 0.014822995 0.015262839 0.014616254
1776849937.378185511 0.624722004 -0.044772740 0.227803320 0.011767318 0.988291502 -0.013152289 0.151553512 -2.340292454 -4.299457073 -12.839610100 0.000000000 0.000000000 -12.000000000 -0.409579277 0.309097558 0.014982960 0.014827471 0.015256013 0.014621406
1776849937.383440733 0.624721944 -0.044772703 0.227803320 0.011767318 0.988291502 -0.013152278 0.151553452 -2.341025829 -4.299263954 -12.837787628 0.000000000 0.000000000 -12.000000000 -0.407613754 0.307779282 0.014977477 0.014831722 0.015249219 0.014626536
1776849937.388222933 0.624722004 -0.044772882 0.227803320 0.011767409 0.988291502 -0.013152351 0.151553541 -2.341767073 -4.299070835 -12.835954666 0.000000000 0.000000000 -12.000000000 -0.405634880 0.306761980 0.014972035 0.014836157 0.015242458 0.014631649
1776849937.393575907 0.624722004 -0.044772740 0.227803320 0.011767318 0.988291502 -0.013152291 0.151553541 -2.342507839 -4.298877716 -12.834120750 0.000000000 0.000000000 -12.000000000 -0.403656006 0.305756897 0.014966627 0.014840582 0.015235730 0.014636745
1776849937.398480177 0.624722004 -0.044772774 0.227803320 0.011767323 0.988291502 -0.013152326 0.151553541 -2.343240023 -4.298684120 -12.832292557 0.000000000 0.000000000 -12.000000000 -0.401684761 0.304746687 0.014961246 0.014844988 0.015229036 0.014641824
1776849937.403490543 0.624722064 -0.044772632 0.227803379 0.011767210 0.988291502 -0.013152257 0.151553601 -2.343955517 -4.298490524 -12.830479622 0.000000000 0.000000000 -12.000000000 -0.399732590 0.303742290 0.014955886 0.014849382 0.015222374 0.014646887
1776849937.408933878 0.624722183 -0.044772673 0.227803439 0.011767233 0.988291442 -0.013152284 0.151553690 -2.344645739 -4.298296452 -12.828689575 0.000000000 0.000000000 -12.000000000 -0.397809982 0.302731901 0.014950538 0.014853754 0.015215744 0.014651933
1776849937.413460493 0.624722123 -0.044772737 0.227803379 0.011767237 0.988291502 -0.013152326 0.151553601 -2.345302582 -4.298101902 -12.826929092 0.000000000 0.000000000 -12.000000000 -0.395926476 0.301725447 0.014945195 0.014858112 0.015209146 0.014656962
1776849937.418163538 0.624722064 -0.044772625 0.227803379 0.011767156 0.988291502 -0.013152289 0.151553541 -2.345917463 -4.297905922 -12.825207710 0.000000000 0.000000000 -12.000000000 -0.394090652 0.300723612 0.014939850 0.014862456 0.015202577 0.014661974
1776849937.423428297 0.624722123 -0.044772636 0.227803439 0.011767299 0.988291502 -0.013152245 0.151553631 -2.346482515 -4.297707558 -12.823534012 0.000000000 0.000000000 -12.000000000 -0.392314911 0.299569815 0.014934495 0.014866680 0.015196038 0.014666967
1776849937.428286314 0.624722123 -0.044772588 0.227803439 0.011767156 0.988291502 -0.013152283 0.151553571 -2.346988678 -4.297506809 -12.821917534 0.000000000 0.000000000 -12.000000000 -0.390611649 0.298568487 0.014929120 0.014870989 0.015189528 0.014671943
1776849937.433440685 0.624722123 -0.044772599 0.227803499 0.011767241 0.988291502 -0.013152246 0.151553661 -2.347427368 -4.297301769 -12.820366859 0.000000000 0.000000000 -12.000000000 -0.388990402 0.297563612 0.014923719 0.014875278 0.015183046 0.014676902
1776849937.438509226 0.624722123 -0.044772636 0.227803439 0.011767211 0.988291502 -0.013152258 0.151553631 -2.347788572 -4.297092438 -12.818892479 0.000000000 0.000000000 -12.000000000 -0.387463570 0.296377003 0.014918279 0.014879427 0.015176588 0.014681842
1776849937.443484783 0.624722123 -0.044772599 0.227803499 0.011767242 0.988291502 -0.013152243 0.151553571 -2.348062515 -4.296877861 -12.817504883 0.000000000 0.000000000 -12.000000000 -0.386046410 0.295377314 0.014912789 0.014883683 0.015170153 0.014686765
1776849937.448520184 0.624722064 -0.044772558 0.227803439 0.011767154 0.988291502 -0.013152243 0.151553482 -2.348238230 -4.296656609 -12.816215515 0.000000000 0.000000000 -12.000000000 -0.384749413 0.294380844 0.014907242 0.014887925 0.015163741 0.014691671
1776849937.453421593 0.624721944 -0.044772513 0.227803439 0.011767219 0.988291502 -0.013152204 0.151553452 -2.348304272 -4.296428680 -12.815034866 0.000000000 0.000000000 -12.000000000 -0.383588791 0.293385506 0.014901621 0.014892152 0.015157348 0.014696561
1776849937.458395481 0.624722123 -0.044772483 0.227803499 0.011767159 0.988291502 -0.013152211 0.151553601 -2.348248959 -4.296194077 -12.813973427 0.000000000 0.000000000 -12.000000000 -0.382576942 0.291920364 0.014895921 0.014896040 0.015150972 0.014701426
1776849937.463444948 0.624722004 -0.044772517 0.227803469 0.011767131 0.988291502 -0.013152217 0.151553422 -2.348060369 -4.295951843 -12.813040733 0.000000000 0.000000000 -12.000000000 -0.381725311 0.290924430 0.014890126 0.014900224 0.015144610 0.014706274
1776849937.468459845 0.624722064 -0.044772509 0.227803558 0.011767076 0.988291502 -0.013152257 0.151553482 -2.347726107 -4.295702457 -12.812249184 0.000000000 0.000000000 -12.000000000 -0.381051064 0.289921105 0.014884225 0.014904387 0.015138259 0.014711106
1776849937.473531008 0.624722064 -0.044772483 0.227803558 0.011767191 0.988291502 -0.013152205 0.151553541 -2.347234011 -4.295445442 -12.811605453 0.000000000 0.000000000 -12.000000000 -0.380563736 0.288966566 0.014878208 0.014908566 0.015131917 0.014715922
1776849937.478520870 0.624722064 -0.044772405 0.227803499 0.011767049 0.988291502 -0.013152188 0.151553482 -2.346571684 -4.295181751 -12.811120987 0.000000000 0.000000000 -12.000000000 -0.380278587 0.288017422 0.014872060 0.014912734 0.015125579 0.014720722
1776849937.483408928 0.624722064 -0.044772469 0.227803499 0.011767083 0.988291502 -0.013152228 0.151553482 -2.345726728 -4.294911861 -12.810804367 0.000000000 0.000000000 -12.000000000 -0.380205154 0.287064493 0.014865773 0.014916883 0.015119242 0.014725506
1776849937.488413572 0.624722123 -0.044772483 0.227803558 0.011767131 0.988291502 -0.013152212 0.151553512 -2.344687462 -4.294635296 -12.810665131 0.000000000 0.000000000 -12.000000000 -0.380358696 0.286111832 0.014859331 0.014921016 0.015112903 0.014730275
1776849937.493467093 0.624722004 -0.044772401 0.227803528 0.011767057 0.988291502 -0.013152164 0.151553407 -2.343441486 -4.294353485 -12.810710907 0.000000000 0.000000000 -12.000000000 -0.380746841 0.285167038 0.014852726 0.014925139 0.015106557 0.014735027
1776849937.498614073 0.624722123 -0.044772297 0.227803558 0.011767053 0.988291502 -0.013152152 0.151553527 -2.341977119 -4.294066429 -12.810951233 0.000000000 0.000000000 -12.000000000 -0.381385803 0.284219444 0.014845943 0.014929243 0.015100201 0.014739764
1776849937.503951073 0.624721885 -0.044772305 0.227803499 0.011767105 0.988291562 -0.013152078 0.151553258 -2.340282917 -4.293775082 -12.811394691 0.000000000 0.000000000 -12.000000000 -0.382284164 0.283378243 0.014838973 0.014933405 0.015093829 0.014744487
1776849937.510666847 0.624721885 -0.044772170 0.227803469 0.011766972 0.988291562 -0.013152107 0.151553228 -2.338346958 -4.293478966 -12.812050819 0.000000000 0.000000000 -12.000000000 -0.383457184 0.282437235 0.014831801 0.014937485 0.015087439 0.014749194
1776849937.513449907 0.624721885 -0.044772208 0.227803469 0.011767009 0.988291562 -0.013152092 0.151553228 -2.336158037 -4.293179035 -12.812929153 0.000000000 0.000000000 -12.000000000 -0.384915352 0.281489253 0.014824414 0.014941544 0.015081024 0.014753885
1776849937.518543005 0.624721885 -0.044772208 0.227803469 0.011767009 0.988291562 -0.013152092 0.151553228 -2.333704710 -4.292875290 -12.814038277 0.000000000 0.000000000 -12.000000000 -0.386670113 0.280545712 0.014816799 0.014945591 0.015074579 0.014758561
1776849937.523456812 0.624721944 -0.044772286 0.227803528 0.011767060 0.988291502 -0.013152125 0.151553348 -2.330976725 -4.292568207 -12.815385818 0.000000000 0.000000000 -12.000000000 -0.388733864 0.279601723 0.014808943 0.014949623 0.015068100 0.014763221
1776849937.528116226 0.624722123 -0.044772182 0.227803618 0.011766972 0.988291502 -0.013152119 0.151553497 -2.327963352 -4.292257786 -12.816979408 0.000000000 0.000000000 -12.000000000 -0.391115189 0.278660566 0.014800838 0.014953639 0.015061582 0.014767866
1776849937.533461809 0.624722123 -0.044772144 0.227803618 0.011766860 0.988291502 -0.013152108 0.151553467 -2.324656963 -4.291944027 -12.818826675 0.000000000 0.000000000 -12.000000000 -0.393823624 0.277140141 0.014792468 0.014957245 0.015055018 0.014772485
1776849937.538194180 0.624722123 -0.044772219 0.227803618 0.011767002 0.988291502 -0.013152122 0.151553467 -2.321050644 -4.291627407 -12.820931435 0.000000000 0.000000000 -12.000000000 -0.396865845 0.276199430 0.014783826 0.014961221 0.015048403 0.014777089
1776849937.543163776 0.624722183 -0.044772115 0.227803677 0.011766979 0.988291502 -0.013152086 0.151553586 -2.317140341 -4.291308403 -12.823293686 0.000000000 0.000000000 -12.000000000 -0.400242805 0.275262386 0.014774904 0.014965184 0.015041732 0.014781676
1776849937.548105478 0.624722183 -0.044772141 0.227803677 0.011766894 0.988291502 -0.013152137 0.151553616 -2.312924862 -4.290987015 -12.825915337 0.000000000 0.000000000 -12.000000000 -0.403954506 0.274326563 0.014765697 0.014969133 0.015035000 0.014786248
1776849937.553132296 0.624722242 -0.044772111 0.227803618 0.011766833 0.988291502 -0.013152098 0.151553586 -2.308405876 -4.290663719 -12.828790665 0.000000000 0.000000000 -12.000000000 -0.407999039 0.273391396 0.014756201 0.014973066 0.015028200 0.014790805
1776849937.558197021 0.624722302 -0.044772040 0.227803737 0.011766803 0.988291502 -0.013152090 0.151553676 -2.303587675 -4.290338516 -12.831914902 0.000000000 0.000000000 -12.000000000 -0.412366867 0.272458345 0.014746415 0.014976985 0.015021327 0.014795346
1776849937.563608885 0.624722242 -0.044771869 0.227803677 0.011766837 0.988291502 -0.013151944 0.151553616 -2.298477888 -4.290011406 -12.835279465 0.000000000 0.000000000 -12.000000000 -0.417050362 0.271531016 0.014736343 0.014980892 0.015014376 0.014799871
1776849937.568498135 0.624722242 -0.044772007 0.227803737 0.011766751 0.988291502 -0.013152069 0.151553646 -2.293087006 -4.289682388 -12.838871956 0.000000000 0.000000000 -12.000000000 -0.422032356 0.270595968 0.014725987 0.014984779 0.015007342 0.014804382
1776849937.573460340 0.624722302 -0.044771872 0.227803737 0.011766749 0.988291502 -0.013151961 0.151553676 -2.287428379 -4.289351940 -12.842679977 0.000000000 0.000000000 -12.000000000 -0.427297592 0.269669205 0.014715355 0.014988656 0.015000220 0.014808876
1776849937.578339577 0.624722302 -0.044771932 0.227803737 0.011766699 0.988291502 -0.013152042 0.151553676 -2.281517506 -4.289020061 -12.846687317 0.000000000 0.000000000 -12.000000000 -0.432829857 0.268738985 0.014704453 0.014992515 0.014993006 0.014813355
1776849937.583733559 0.624722362 -0.044771895 0.227803797 0.011766670 0.988291502 -0.013152039 0.151553676 -2.275373220 -4.288687229 -12.850876808 0.000000000 0.000000000 -12.000000000 -0.438601494 0.267287135 0.014693296 0.014996001 0.014985696 0.014817810
1776849937.589626551 0.624722362 -0.044771973 0.227803856 0.011766722 0.988291442 -0.013152069 0.151553735 -2.269015312 -4.288352966 -12.855230331 0.000000000 0.000000000 -12.000000000 -0.444592476 0.266358614 0.014681892 0.014999822 0.014978287 0.014822249
1776849937.593494177 0.624722362 -0.044771761 0.227803797 0.011766756 0.988291502 -0.013151915 0.151553690 -2.262465477 -4.288017750 -12.859726906 0.000000000 0.000000000 -12.000000000 -0.450777054 0.265440166 0.014670256 0.015003633 0.014970774 0.014826673
1776849937.598223686 0.624722362 -0.044771761 0.227803797 0.011766756 0.988291502 -0.013151915 0.151553690 -2.255746603 -4.287682056 -12.864346504 0.000000000 0.000000000 -12.000000000 -0.457126617 0.263595998 0.014658404 0.015006796 0.014963155 0.014831066
1776849937.603161573 0.624722242 -0.044771761 0.227803797 0.011766697 0.988291502 -0.013151923 0.151553646 -2.248881817 -4.287346363 -12.869069099 0.000000000 0.000000000 -12.000000000 -0.463619232 0.262674063 0.014646348 0.015010560 0.014955427 0.014835444
1776849937.608144522 0.624722421 -0.044771653 0.227803856 0.011766586 0.988291502 -0.013151899 0.151553750 -2.241894960 -4.287011147 -12.873873711 0.000000000 0.000000000 -12.000000000 -0.470224380 0.261752546 0.014634107 0.015014309 0.014947590 0.014839807
1776849937.613125324 0.624722421 -0.044771690 0.227803916 0.011766667 0.988291442 -0.013151915 0.151553765 -2.234808922 -4.286676884 -12.878737450 0.000000000 0.000000000 -12.000000000 -0.476916313 0.260268301 0.014621697 0.015017657 0.014939642 0.014844145
1776849937.618173361 0.624722421 -0.044771671 0.227803916 0.011766598 0.988291442 -0.013151955 0.151553765 -2.227647781 -4.286345005 -12.883641243 0.000000000 0.000000000 -12.000000000 -0.483666420 0.259019017 0.014609136 0.015021141 0.014931580 0.014848461
1776849937.623146296 0.624722362 -0.044771649 0.227803797 0.011766671 0.988291502 -0.013151892 0.151553690 -2.220433950 -4.286015511 -12.888564110 0.000000000 0.000000000 -12.000000000 -0.490450859 0.258102179 0.014596439 0.015024832 0.014923406 0.014852763
1776849937.628431797 0.624722302 -0.044771627 0.227803856 0.011766510 0.988291502 -0.013151953 0.151553616 -2.213189840 -4.285689831 -12.893486023 0.000000000 0.000000000 -12.000000000 -0.497244835 0.257186621 0.014583621 0.015028507 0.014915118 0.014857050
1776849937.633414984 0.624722421 -0.044771466 0.227803975 0.011766510 0.988291442 -0.013151834 0.151553839 -2.205936670 -4.285368919 -12.898387909 0.000000000 0.000000000 -12.000000000 -0.504021645 0.256272405 0.014570703 0.015032169 0.014906717 0.014861321
1776849937.638357401 0.624722481 -0.044771563 0.227804035 0.011766430 0.988291442 -0.013151933 0.151553884 -2.198694468 -4.285053253 -12.903250694 0.000000000 0.000000000 -12.000000000 -0.510759354 0.255353957 0.014557699 0.015035813 0.014898205 0.014865577
1776849937.643162012 0.624722481 -0.044771411 0.227803975 0.011766262 0.988291442 -0.013151891 0.151553839 -2.191483021 -4.284743786 -12.908057213 0.000000000 0.000000000 -12.000000000 -0.517434120 0.254445583 0.014544625 0.015039448 0.014889581 0.014869818
1776849937.648120642 0.624722540 -0.044771302 0.227803975 0.011766272 0.988291442 -0.013151838 0.151553899 -2.184320450 -4.284440517 -12.912791252 0.000000000 0.000000000 -12.000000000 -0.524025917 0.253536463 0.014531497 0.015043067 0.014880847 0.014874043
1776849937.653184652 0.624722600 -0.044771321 0.227804035 0.011766435 0.988291442 -0.013151777 0.151553929 -2.177224874 -4.284143925 -12.917435646 0.000000000 0.000000000 -12.000000000 -0.530513763 0.252623647 0.014518329 0.015046669 0.014872005 0.014878253
1776849937.658212423 0.624722719 -0.044771105 0.227804124 0.011766265 0.988291442 -0.013151729 0.151554108 -2.170213699 -4.283854961 -12.921975136 0.000000000 0.000000000 -12.000000000 -0.536875725 0.251718611 0.014505140 0.015050261 0.014863057 0.014882449
1776849937.663437605 0.624722719 -0.044771213 0.227804065 0.011766414 0.988291442 -0.013151730 0.151554048 -2.163304329 -4.283572674 -12.926395416 0.000000000 0.000000000 -12.000000000 -0.543096542 0.250810415 0.014491941 0.015053836 0.014854006 0.014886629
1776849937.668577671 0.624722838 -0.044771034 0.227804184 0.011766182 0.988291383 -0.013151711 0.151554227 -2.156514645 -4.283298016 -12.930682182 0.000000000 0.000000000 -12.000000000 -0.549154282 0.249907464 0.014478751 0.015057399 0.014844853 0.014890794
1776849937.673176765 0.624722898 -0.044771038 0.227804184 0.011766218 0.988291383 -0.013151689 0.151554286 -2.149863005 -4.283030033 -12.934820175 0.000000000 0.000000000 -12.000000000 -0.555029869 0.248395503 0.014465583 0.015060530 0.014835603 0.014894933
1776849937.678169489 0.624723077 -0.044771045 0.227804244 0.011766218 0.988291383 -0.013151698 0.151554465 -2.143368483 -4.282768726 -12.938796997 0.000000000 0.000000000 -12.000000000 -0.560707092 0.247488126 0.014452453 0.015064050 0.014826258 0.014899058
1776849937.683124781 0.624723077 -0.044770896 0.227804303 0.011766106 0.988291383 -0.013151661 0.151554495 -2.137051105 -4.282514572 -12.942597389 0.000000000 0.000000000 -12.000000000 -0.566164970 0.246591419 0.014439378 0.015067562 0.014816822 0.014903168
1776849937.688130140 0.624723196 -0.044770904 0.227804422 0.011766024 0.988291323 -0.013151662 0.151554614 -2.130931854 -4.282266140 -12.946206093 0.000000000 0.000000000 -12.000000000 -0.571381569 0.245689213 0.014426378 0.015071056 0.014807299 0.014907263
1776849937.693321943 0.624723315 -0.044770829 0.227804482 0.011766055 0.988291323 -0.013151641 0.151554659 -2.125032902 -4.282023907 -12.949610710 0.000000000 0.000000000 -12.000000000 -0.576339722 0.244791180 0.014413467 0.015074537 0.014797693 0.014911343
1776849937.698193073 0.624723315 -0.044770837 0.227804482 0.011765965 0.988291323 -0.013151658 0.151554704 -2.119376659 -4.281786442 -12.952795029 0.000000000 0.000000000 -12.000000000 -0.581017494 0.243895546 0.014400664 0.015078005 0.014788009 0.014915409
1776849937.703173161 0.624723315 -0.044770870 0.227804571 0.011766087 0.988291323 -0.013151642 0.151554748 -2.113985777 -4.281553268 -12.955745697 0.000000000 0.000000000 -12.000000000 -0.585393906 0.243000388 0.014387990 0.015081459 0.014778253 0.014919459
1776849937.708134174 0.624723315 -0.044770725 0.227804482 0.011765947 0.988291323 -0.013151605 0.151554689 -2.108882666 -4.281323433 -12.958449364 0.000000000 0.000000000 -12.000000000 -0.589450836 0.242110878 0.014375461 0.015084902 0.014768428 0.014923494
1776849937.713097572 0.624723315 -0.044770643 0.227804542 0.011765921 0.988291323 -0.013151583 0.151554689 -2.104087830 -4.281096458 -12.960894585 0.000000000 0.000000000 -12.000000000 -0.593171120 0.241223380 0.014363095 0.015088330 0.014758542 0.014927515
1776849937.718117714 0.624723315 -0.044770494 0.227804542 0.011765726 0.988291323 -0.013151539 0.151554659 -2.099620819 -4.280869961 -12.963070869 0.000000000 0.000000000 -12.000000000 -0.596540451 0.240326345 0.014350906 0.015091738 0.014748599 0.014931520
1776849937.723397017 0.624723256 -0.044770487 0.227804452 0.011765727 0.988291383 -0.013151534 0.151554570 -2.095498085 -4.280643940 -12.964970589 0.000000000 0.000000000 -12.000000000 -0.599545479 0.239441007 0.014338911 0.015095139 0.014738607 0.014935511
1776849937.728127718 0.624723315 -0.044770304 0.227804601 0.011765680 0.988291323 -0.013151464 0.151554659 -2.091733932 -4.280416489 -12.966588020 0.000000000 0.000000000 -12.000000000 -0.602173805 0.238557413 0.014327122 0.015098525 0.014728571 0.014939487
1776849937.733156204 0.624723315 -0.044770304 0.227804542 0.011765683 0.988291323 -0.013151454 0.151554659 -2.088339567 -4.280186653 -12.967918396 0.000000000 0.000000000 -12.000000000 -0.604420662 0.237673074 0.014315550 0.015101897 0.014718497 0.014943448
1776849937.738278866 0.624723434 -0.044770282 0.227804691 0.011765706 0.988291323 -0.013151430 0.151554778 -2.085322857 -4.279953480 -12.968960762 0.000000000 0.000000000 -12.000000000 -0.606282234 0.236786932 0.014304204 0.015105252 0.014708392 0.014947394
1776849937.743106842 0.624723375 -0.044770192 0.227804542 0.011765512 0.988291323 -0.013151436 0.151554689 -2.082689047 -4.279715061 -12.969715118 0.000000000 0.000000000 -12.000000000 -0.607756615 0.234472126 0.014293092 0.015107617 0.014698263 0.014951302
1776849937.748094559 0.624723494 -0.044770095 0.227804631 0.011765482 0.988291323 -0.013151381 0.151554793 -2.080440283 -4.279471397 -12.970185280 0.000000000 0.000000000 -12.000000000 -0.608846664 0.233589590 0.014282218 0.015110921 0.014688116 0.014955195
1776849937.753383160 0.624723554 -0.044769958 0.227804691 0.011765515 0.988291323 -0.013151290 0.151554912 -2.078576326 -4.279220581 -12.970374107 0.000000000 0.000000000 -12.000000000 -0.609555244 0.232711658 0.014271586 0.015114214 0.014677957 0.014959074
1776849937.758152246 0.624723613 -0.044769954 0.227804750 0.011765403 0.988291323 -0.013151339 0.151554972 -2.077094316 -4.278962612 -12.970287323 0.000000000 0.000000000 -12.000000000 -0.609889984 0.232395172 0.014261199 0.015117877 0.014667792 0.014962947
1776849937.763156652 0.624723673 -0.044769883 0.227804750 0.011765324 0.988291323 -0.013151307 0.151555002 -2.075989246 -4.278696060 -12.969932556 0.000000000 0.000000000 -12.000000000 -0.609857559 0.231518760 0.014251056 0.015121152 0.014657628 0.014966805
1776849937.768258333 0.624723732 -0.044769883 0.227804869 0.011765413 0.988291264 -0.013151298 0.151555091 -2.075254202 -4.278420448 -12.969317436 0.000000000 0.000000000 -12.000000000 -0.609466553 0.230006367 0.014241159 0.015123976 0.014647470 0.014970639
1776849937.773173332 0.624723673 -0.044769764 0.227804750 0.011765301 0.988291323 -0.013151262 0.151554942 -2.074879885 -4.278134823 -12.968453407 0.000000000 0.000000000 -12.000000000 -0.608732224 0.229236498 0.014231503 0.015127284 0.014637324 0.014974459
1776849937.778186560 0.624723613 -0.044769645 0.227804750 0.011765187 0.988291323 -0.013151240 0.151554853 -2.074854374 -4.277838707 -12.967352867 0.000000000 0.000000000 -12.000000000 -0.607669830 0.228468224 0.014222083 0.015130579 0.014627196 0.014978267
1776849937.783168554 0.624723673 -0.044769637 0.227804869 0.011765303 0.988291323 -0.013151147 0.151555017 -2.075164080 -4.277529716 -12.966031075 0.000000000 0.000000000 -12.000000000 -0.606297493 0.227694154 0.014212892 0.015133859 0.014617091 0.014982062
1776849937.788423777 0.624723732 -0.044769503 0.227804929 0.011765052 0.988291323 -0.013151198 0.151555032 -2.075792074 -4.277207851 -12.964503288 0.000000000 0.000000000 -12.000000000 -0.604634285 0.226928264 0.014203925 0.015137130 0.014607014 0.014985844
1776849937.793446779 0.624723673 -0.044769499 0.227804810 0.011765112 0.988291323 -0.013151181 0.151554897 -2.076719522 -4.276870251 -12.962790489 0.000000000 0.000000000 -12.000000000 -0.602706909 0.226162568 0.014195165 0.015140388 0.014596969 0.014989614
1776849937.798129797 0.624723673 -0.044769537 0.227804929 0.011765145 0.988291323 -0.013151180 0.151554957 -2.077924252 -4.276516914 -12.960911751 0.000000000 0.000000000 -12.000000000 -0.600538254 0.225622922 0.014186601 0.015143789 0.014586960 0.014993374
1776849937.803114653 0.624723852 -0.044769388 0.227805018 0.011765007 0.988291323 -0.013151181 0.151555106 -2.079381943 -4.276145458 -12.958889008 0.000000000 0.000000000 -12.000000000 -0.598156929 0.224860966 0.014178220 0.015147029 0.014576991 0.014997122
1776849937.808148623 0.624723673 -0.044769462 0.227804929 0.011765181 0.988291323 -0.013151139 0.151554987 -2.081066370 -4.275755405 -12.956745148 0.000000000 0.000000000 -12.000000000 -0.595592499 0.224821687 0.014170002 0.015150750 0.014567064 0.015000869
1776849937.813415051 0.624723673 -0.044769313 0.227804929 0.011764980 0.988291323 -0.013151114 0.151554957 -2.082948923 -4.275345325 -12.954504013 0.000000000 0.000000000 -12.000000000 -0.592875481 0.224066839 0.014161932 0.015153981 0.014557183 0.015004603
1776849937.818574429 0.624723852 -0.044769220 0.227805048 0.011764982 0.988291264 -0.013151051 0.151555166 -2.084999561 -4.274915695 -12.952189445 0.000000000 0.000000000 -12.000000000 -0.590037346 0.223308206 0.014153991 0.015157197 0.014547349 0.015008325
1776849937.823316097 0.624723792 -0.044769242 0.227804959 0.011764957 0.988291323 -0.013151086 0.151555076 -2.087186813 -4.274466038 -12.949823380 0.000000000 0.000000000 -12.000000000 -0.587109566 0.222556964 0.014146158 0.015160405 0.014537564 0.015012034
1776849937.828419685 0.624723852 -0.044769056 0.227805108 0.011764790 0.988291264 -0.013151044 0.151555136 -2.089479208 -4.273996353 -12.947427750 0.000000000 0.000000000 -12.000000000 -0.584120750 0.221807092 0.014138415 0.015163602 0.014527828 0.015015731
1776849937.833190680 0.624723792 -0.044769205 0.227805018 0.011764842 0.988291323 -0.013151086 0.151555046 -2.091843605 -4.273507118 -12.945023537 0.000000000 0.000000000 -12.000000000 -0.581102371 0.221055791 0.014130742 0.015166786 0.014518144 0.015019415
1776849937.838192225 0.624723792 -0.044768922 0.227805018 0.011764728 0.988291323 -0.013150940 0.151555091 -2.094247341 -4.272999763 -12.942630768 0.000000000 0.000000000 -12.000000000 -0.578082085 0.219690830 0.014123121 0.015169538 0.014508509 0.015023077
1776849937.843255520 0.624723911 -0.044768944 0.227805018 0.011764739 0.988291323 -0.013150996 0.151555136 -2.096657753 -4.272475719 -12.940268517 0.000000000 0.000000000 -12.000000000 -0.575086594 0.220908493 0.014115533 0.015174030 0.014498924 0.015026758
1776849937.848206282 0.624723911 -0.044768695 0.227805138 0.011764662 0.988291323 -0.013150834 0.151555121 -2.099042416 -4.271935463 -12.937953949 0.000000000 0.000000000 -12.000000000 -0.572143555 0.220169842 0.014107959 0.015177208 0.014489388 0.015030428
1776849937.853321314 0.624723911 -0.044768583 0.227805078 0.011764576 0.988291323 -0.013150811 0.151555151 -2.101369858 -4.271380901 -12.935704231 0.000000000 0.000000000 -12.000000000 -0.569279671 0.218268782 0.014100380 0.015179578 0.014479900 0.015034066
1776849937.858427763 0.624723911 -0.044768415 0.227805048 0.011764609 0.988291323 -0.013150669 0.151555166 -2.103609562 -4.270813465 -12.933535576 0.000000000 0.000000000 -12.000000000 -0.566515923 0.217534035 0.014092781 0.015182714 0.014470458 0.015037691
1776849937.866630793 0.624724150 -0.044768296 0.227805167 0.011764391 0.988291264 -0.013150712 0.151555344 -2.105733633 -4.270235062 -12.931463242 0.000000000 0.000000000 -12.000000000 -0.563877106 0.216794774 0.014085142 0.015185835 0.014461060 0.015041305
1776849937.868402243 0.624724209 -0.044768129 0.227805257 0.011764088 0.988291264 -0.013150746 0.151555419 -2.107715607 -4.269646168 -12.929500580 0.000000000 0.000000000 -12.000000000 -0.561385155 0.218110994 0.014077447 0.015190347 0.014451704 0.015044940
1776849937.873156309 0.624724209 -0.044768129 0.227805257 0.011764088 0.988291264 -0.013150746 0.151555419 -2.109531879 -4.269048691 -12.927659988 0.000000000 0.000000000 -12.000000000 -0.559057236 0.217379525 0.014069681 0.015193482 0.014442386 0.015048563
1776849937.878272772 0.624724269 -0.044768039 0.227805346 0.011764170 0.988291264 -0.013150647 0.151555583 -2.111162186 -4.268443584 -12.925951958 0.000000000 0.000000000 -12.000000000 -0.556909561 0.216651052 0.014061832 0.015196607 0.014433105 0.015052173
1776849937.883228779 0.624724269 -0.044767924 0.227805376 0.011764062 0.988291264 -0.013150609 0.151555553 -2.112589359 -4.267832279 -12.924384117 0.000000000 0.000000000 -12.000000000 -0.554954529 0.215927422 0.014053886 0.015199724 0.014423856 0.015055772
1776849937.888399601 0.624724209 -0.044767879 0.227805257 0.011763977 0.988291264 -0.013150598 0.151555434 -2.113800287 -4.267215729 -12.922962189 0.000000000 0.000000000 -12.000000000 -0.553201675 0.215205207 0.014045835 0.015202829 0.014414635 0.015059358
1776849937.893263578 0.624724209 -0.044767916 0.227805257 0.011764098 0.988291264 -0.013150579 0.151555434 -2.114784718 -4.266594887 -12.921690941 0.000000000 0.000000000 -12.000000000 -0.551657677 0.211979136 0.014037670 0.015204212 0.014405441 0.015062892
1776849937.898149729 0.624724269 -0.044767775 0.227805316 0.011763986 0.988291264 -0.013150547 0.151555523 -2.115536928 -4.265970230 -12.920569420 0.000000000 0.000000000 -12.000000000 -0.550324440 0.212631851 0.014029386 0.015208190 0.014396270 0.015066436
1776849937.903211355 0.624724269 -0.044767696 0.227805406 0.011763933 0.988291264 -0.013150520 0.151555553 -2.116054296 -4.265343189 -12.919598579 0.000000000 0.000000000 -12.000000000 -0.549204826 0.211911887 0.014020980 0.015211241 0.014387117 0.015069967
1776849937.908099890 0.624724388 -0.044767607 0.227805406 0.011763928 0.988291264 -0.013150428 0.151555568 -2.116336823 -4.264713764 -12.918773651 0.000000000 0.000000000 -12.000000000 -0.548293114 0.208853990 0.014012450 0.015212685 0.014377979 0.015073448
1776849937.913188219 0.624724329 -0.044767320 0.227805436 0.011763576 0.988291264 -0.013150410 0.151555508 -2.116388321 -4.264082432 -12.918089867 0.000000000 0.000000000 -12.000000000 -0.547582626 0.209528968 0.014003797 0.015216627 0.014368853 0.015076941
1776849937.918108463 0.624724329 -0.044767320 0.227805465 0.011763671 0.988291264 -0.013150380 0.151555568 -2.116213799 -4.263450146 -12.917539597 0.000000000 0.000000000 -12.000000000 -0.547064781 0.208810091 0.013995025 0.015219628 0.014359735 0.015080421
1776849937.923036575 0.624724329 -0.044767320 0.227805465 0.011763671 0.988291264 -0.013150380 0.151555568 -2.115820408 -4.262816906 -12.917115211 0.000000000 0.000000000 -12.000000000 -0.546731949 0.208094046 0.013986135 0.015222619 0.014350623 0.015083889
1776849937.928111315 0.624724448 -0.044767059 0.227805465 0.011763480 0.988291264 -0.013150301 0.151555598 -2.115216970 -4.262183189 -12.916807175 0.000000000 0.000000000 -12.000000000 -0.546572685 0.207385048 0.013977132 0.015225602 0.014341514 0.015087346
1776849937.933174610 0.624724388 -0.044767056 0.227805436 0.011763540 0.988291264 -0.013150285 0.151555464 -2.114412308 -4.261548519 -12.916608810 0.000000000 0.000000000 -12.000000000 -0.546575546 0.206674159 0.013968021 0.015228573 0.014332404 0.015090791
1776849937.938143730 0.624724448 -0.044766948 0.227805465 0.011763401 0.988291264 -0.013150258 0.151555583 -2.113416195 -4.260913849 -12.916509628 0.000000000 0.000000000 -12.000000000 -0.546729088 0.205967084 0.013958806 0.015231535 0.014323292 0.015094223
1776849937.943123341 0.624724448 -0.044766944 0.227805525 0.011763399 0.988291264 -0.013150269 0.151555613 -2.112238646 -4.260279179 -12.916502953 0.000000000 0.000000000 -12.000000000 -0.547023773 0.205307305 0.013949493 0.015234517 0.014314176 0.015097645
1776849937.948361635 0.624724448 -0.044766776 0.227805465 0.011763369 0.988291264 -0.013150143 0.151555583 -2.110889673 -4.259643555 -12.916581154 0.000000000 0.000000000 -12.000000000 -0.547450066 0.204604298 0.013940085 0.015237458 0.014305051 0.015101056
1776849937.953296661 0.624724567 -0.044766743 0.227805585 0.011763406 0.988291264 -0.013150115 0.151555672 -2.109379530 -4.259008408 -12.916737556 0.000000000 0.000000000 -12.000000000 -0.547997475 0.203897655 0.013930586 0.015240386 0.014295918 0.015104454
1776849937.958131075 0.624724448 -0.044766586 0.227805525 0.011763237 0.988291264 -0.013150075 0.151555613 -2.107717991 -4.258372784 -12.916965485 0.000000000 0.000000000 -12.000000000 -0.548658371 0.203202903 0.013921001 0.015243309 0.014286773 0.015107840
1776849937.963190794 0.624724507 -0.044766404 0.227805585 0.011763166 0.988291264 -0.013149996 0.151555657 -2.105915546 -4.257737637 -12.917259216 0.000000000 0.000000000 -12.000000000 -0.549422264 0.202503458 0.013911335 0.015246218 0.014277617 0.015111215
1776849937.968231201 0.624724567 -0.044766214 0.227805644 0.011762972 0.988291264 -0.013149950 0.151555747 -2.103982210 -4.257102966 -12.917614937 0.000000000 0.000000000 -12.000000000 -0.550285339 0.201725930 0.013901588 0.015249061 0.014268445 0.015114577
1776849937.973231077 0.624724567 -0.044766176 0.227805585 0.011762944 0.988291264 -0.013149935 0.151555747 -2.101928473 -4.256469727 -12.918025017 0.000000000 0.000000000 -12.000000000 -0.551234245 0.201034680 0.013891768 0.015251951 0.014259257 0.015117928
1776849937.978502989 0.624724686 -0.044766031 0.227805674 0.011762898 0.988291204 -0.013149871 0.151555806 -2.099764585 -4.255838394 -12.918486595 0.000000000 0.000000000 -12.000000000 -0.552265167 0.200343922 0.013881876 0.015254830 0.014250053 0.015121267
1776849937.983350515 0.624724686 -0.044765878 0.227805644 0.011762730 0.988291264 -0.013149832 0.151555777 -2.097501516 -4.255209446 -12.918992043 0.000000000 0.000000000 -12.000000000 -0.553366661 0.199659795 0.013871919 0.015257701 0.014240830 0.015124595
1776849937.988387346 0.624724686 -0.044765688 0.227805585 0.011762588 0.988291264 -0.013149789 0.151555762 -2.095149994 -4.254583359 -12.919537544 0.000000000 0.000000000 -12.000000000 -0.554533005 0.198977679 0.013861899 0.015260563 0.014231588 0.015127911
1776849937.993165016 0.624724805 -0.044765502 0.227805704 0.011762403 0.988291204 -0.013149715 0.151555911 -2.092720747 -4.253960133 -12.920117378 0.000000000 0.000000000 -12.000000000 -0.555754662 0.198295161 0.013851821 0.015263413 0.014222325 0.015131216
1776849937.998333931 0.624724984 -0.044765364 0.227805853 0.011762355 0.988291204 -0.013149668 0.151556090 -2.090225458 -4.253340721 -12.920725822 0.000000000 0.000000000 -12.000000000 -0.557024002 0.197612032 0.013841692 0.015266251 0.014213041 0.015134510
1776849938.003186941 0.624724984 -0.044765215 0.227805912 0.011762153 0.988291204 -0.013149648 0.151556149 -2.087675810 -4.252724171 -12.921355247 0.000000000 0.000000000 -12.000000000 -0.558328629 0.196938232 0.013831517 0.015269084 0.014203736 0.015137792
1776849938.008474350 0.624724984 -0.044765156 0.227805853 0.011762302 0.988291204 -0.013149518 0.151556045 -2.085084200 -4.252110004 -12.922000885 0.000000000 0.000000000 -12.000000000 -0.559661865 0.196263865 0.013821299 0.015271905 0.014194408 0.015141062
1776849938.013351917 0.624724984 -0.044765059 0.227805853 0.011762199 0.988291204 -0.013149554 0.151556075 -2.082464218 -4.251498222 -12.922655106 0.000000000 0.000000000 -12.000000000 -0.561010361 0.197513357 0.013811050 0.015276031 0.014185057 0.015144355
1776849938.018265486 0.624725103 -0.044764876 0.227805853 0.011761977 0.988291204 -0.013149504 0.151556224 -2.079830170 -4.250886917 -12.923310280 0.000000000 0.000000000 -12.000000000 -0.562364578 0.196846038 0.013800775 0.015278867 0.014175684 0.015147636
1776849938.023084879 0.624725163 -0.044764694 0.227806032 0.011761807 0.988291144 -0.013149471 0.151556313 -2.077197552 -4.250275612 -12.923958778 0.000000000 0.000000000 -12.000000000 -0.563713074 0.196181372 0.013790480 0.015281693 0.014166289 0.015150906
1776849938.028126240 0.624725282 -0.044764511 0.227806032 0.011761734 0.988291144 -0.013149394 0.151556373 -2.074583054 -4.249662876 -12.924591064 0.000000000 0.000000000 -12.000000000 -0.565039635 0.195520774 0.013780179 0.015284511 0.014156871 0.015154164
1776849938.033186436 0.624725342 -0.044764400 0.227806091 0.011761656 0.988291144 -0.013149354 0.151556417 -2.072003603 -4.249046803 -12.925197601 0.000000000 0.000000000 -12.000000000 -0.566331863 0.194862351 0.013769878 0.015287320 0.014147433 0.015157412
1776849938.038220167 0.624725521 -0.044764124 0.227806240 0.011761552 0.988291144 -0.013149186 0.151556596 -2.069477558 -4.248426914 -12.925768852 0.000000000 0.000000000 -12.000000000 -0.567573547 0.193391412 0.013759591 0.015289563 0.014137973 0.015160635
1776849938.043512344 0.624725521 -0.044764012 0.227806240 0.011761470 0.988291144 -0.013149153 0.151556596 -2.067023754 -4.247800827 -12.926295280 0.000000000 0.000000000 -12.000000000 -0.568750381 0.192741409 0.013749328 0.015292342 0.014128494 0.015163847
1776849938.048604727 0.624725521 -0.044763859 0.227806240 0.011761331 0.988291144 -0.013149108 0.151556537 -2.064660549 -4.247167587 -12.926766396 0.000000000 0.000000000 -12.000000000 -0.569849968 0.192041516 0.013739096 0.015295076 0.014118996 0.015167048
1776849938.053230762 0.624725580 -0.044763729 0.227806240 0.011761244 0.988291144 -0.013149089 0.151556611 -2.062407255 -4.246524334 -12.927171707 0.000000000 0.000000000 -12.000000000 -0.570852280 0.191394895 0.013728914 0.015297835 0.014109482 0.015170238
1776849938.058152437 0.624725759 -0.044763494 0.227806419 0.011761069 0.988291144 -0.013148976 0.151556730 -2.060281992 -4.245870113 -12.927500725 0.000000000 0.000000000 -12.000000000 -0.571743965 0.190746099 0.013718790 0.015300581 0.014099953 0.015173418
1776849938.063177824 0.624725819 -0.044763427 0.227806538 0.011761100 0.988291085 -0.013148913 0.151556849 -2.058303356 -4.245203495 -12.927742958 0.000000000 0.000000000 -12.000000000 -0.572507858 0.191529423 0.013708740 0.015304296 0.014090411 0.015176610
1776849938.068302155 0.624725938 -0.044763308 0.227806479 0.011760906 0.988291085 -0.013148919 0.151556909 -2.056488752 -4.244522095 -12.927888870 0.000000000 0.000000000 -12.000000000 -0.573132515 0.190893054 0.013698771 0.015307054 0.014080859 0.015179791
1776849938.073200703 0.624725997 -0.044763241 0.227806538 0.011760972 0.988291085 -0.013148878 0.151557028 -2.054856062 -4.243824959 -12.927927971 0.000000000 0.000000000 -12.000000000 -0.573599815 0.189598128 0.013688899 0.015309351 0.014071299 0.015182951
1776849938.078370333 0.624726176 -0.044763140 0.227806717 0.011760834 0.988291025 -0.013148856 0.151557267 -2.053422213 -4.243110180 -12.927849770 0.000000000 0.000000000 -12.000000000 -0.573897362 0.188960746 0.013679136 0.015312075 0.014061734 0.015186101
1776849938.083390713 0.624726295 -0.044762954 0.227806747 0.011760691 0.988291025 -0.013148816 0.151557341 -2.052203894 -4.242376804 -12.927642822 0.000000000 0.000000000 -12.000000000 -0.574006081 0.188962147 0.013669496 0.015315225 0.014052168 0.015189251
1776849938.088212490 0.624726415 -0.044762775 0.227806866 0.011760561 0.988291025 -0.013148753 0.151557490 -2.051217794 -4.241622925 -12.927295685 0.000000000 0.000000000 -12.000000000 -0.573912621 0.188331604 0.013659993 0.015317944 0.014042602 0.015192389
1776849938.093250036 0.624726713 -0.044762678 0.227807045 0.011760541 0.988290966 -0.013148714 0.151557729 -2.050480127 -4.240848064 -12.926796913 0.000000000 0.000000000 -12.000000000 -0.573598862 0.187701002 0.013650643 0.015320652 0.014033042 0.015195518
1776849938.098299980 0.624726832 -0.044762421 0.227807164 0.011760292 0.988290966 -0.013148648 0.151557818 -2.050006866 -4.240051270 -12.926133156 0.000000000 0.000000000 -12.000000000 -0.573049545 0.187079608 0.013641458 0.015323356 0.014023491 0.015198636
1776849938.103212595 0.624727130 -0.044762131 0.227807373 0.011760084 0.988290906 -0.013148538 0.151558101 -2.049813271 -4.239231110 -12.925292015 0.000000000 0.000000000 -12.000000000 -0.572248459 0.186457187 0.013632455 0.015326048 0.014013954 0.015201744
1776849938.108796835 0.624727190 -0.044761870 0.227807403 0.011759897 0.988290906 -0.013148451 0.151558161 -2.049914122 -4.238387108 -12.924261093 0.000000000 0.000000000 -12.000000000 -0.571178436 0.185842976 0.013623648 0.015328737 0.014004434 0.015204841
1776849938.113456011 0.624727249 -0.044761658 0.227807492 0.011759791 0.988290906 -0.013148345 0.151558265 -2.050323963 -4.237518787 -12.923026085 0.000000000 0.000000000 -12.000000000 -0.569820404 0.185231924 0.013615057 0.015331416 0.013994937 0.015207929
1776849938.118422031 0.624727488 -0.044761367 0.227807671 0.011759577 0.988290906 -0.013148251 0.151558444 -2.051055431 -4.236624718 -12.921575546 0.000000000 0.000000000 -12.000000000 -0.568161964 0.184620216 0.013606693 0.015334086 0.013985467 0.015211006
1776849938.123133183 0.624727607 -0.044761069 0.227807671 0.011759366 0.988290906 -0.013148140 0.151558504 -2.052120924 -4.235704899 -12.919897079 0.000000000 0.000000000 -12.000000000 -0.566185951 0.183800399 0.013598573 0.015336602 0.013976031 0.015214069
1776849938.128150463 0.624727666 -0.044760771 0.227807790 0.011759152 0.988290846 -0.013148041 0.151558608 -2.053530455 -4.234758854 -12.917979240 0.000000000 0.000000000 -12.000000000 -0.563879013 0.183197990 0.013590714 0.015339253 0.013966633 0.015217122
1776849938.133229017 0.624727726 -0.044760585 0.227807850 0.011759073 0.988290846 -0.013147983 0.151558638 -2.055293322 -4.233786106 -12.915813446 0.000000000 0.000000000 -12.000000000 -0.561230659 0.182597443 0.013583125 0.015341897 0.013957279 0.015220165
1776849938.139225721 0.624727845 -0.044760402 0.227807879 0.011758948 0.988290846 -0.013147896 0.151558727 -2.057416439 -4.232786179 -12.913390160 0.000000000 0.000000000 -12.000000000 -0.558230400 0.181997865 0.013575821 0.015344530 0.013947975 0.015223199
1776849938.143489122 0.624727905 -0.044759948 0.227807939 0.011758622 0.988290846 -0.013147759 0.151558802 -2.059904099 -4.231758595 -12.910704613 0.000000000 0.000000000 -12.000000000 -0.554869652 0.181439921 0.013568814 0.015347183 0.013938727 0.015226223
1776849938.148709774 0.624727905 -0.044759762 0.227807939 0.011758434 0.988290846 -0.013147688 0.151558802 -2.062758684 -4.230704308 -12.907752991 0.000000000 0.000000000 -12.000000000 -0.551146507 0.180942357 0.013562110 0.015349867 0.013929541 0.015229238
1776849938.153699398 0.624727905 -0.044759482 0.227807999 0.011758195 0.988290846 -0.013147624 0.151558787 -2.065979958 -4.229622841 -12.904532433 0.000000000 0.000000000 -12.000000000 -0.547058105 0.180448920 0.013555719 0.015352544 0.013920424 0.015232245
1776849938.158182621 0.624728024 -0.044759043 0.227807999 0.011758044 0.988290846 -0.013147421 0.151558861 -2.069564581 -4.228514194 -12.901043892 0.000000000 0.000000000 -12.000000000 -0.542604446 0.179957092 0.013549645 0.015355215 0.013911380 0.015235244
1776849938.163583755 0.624728143 -0.044758819 0.227808058 0.011757827 0.988290846 -0.013147350 0.151558951 -2.073507071 -4.227378368 -12.897288322 0.000000000 0.000000000 -12.000000000 -0.537791252 0.179465741 0.013543890 0.015357880 0.013902417 0.015238236
1776849938.168281555 0.624728262 -0.044758603 0.227808148 0.011757669 0.988290846 -0.013147271 0.151559070 -2.077799559 -4.226216316 -12.893270493 0.000000000 0.000000000 -12.000000000 -0.532622337 0.178976551 0.013538458 0.015360536 0.013893540 0.015241219
1776849938.173450708 0.624728262 -0.044758391 0.227808088 0.011757554 0.988290846 -0.013147141 0.151559055 -2.082431793 -4.225027084 -12.888995171 0.000000000 0.000000000 -12.000000000 -0.527106285 0.178510994 0.013533351 0.015363201 0.013884755 0.015244194
1776849938.178346872 0.624728262 -0.044758122 0.227808088 0.011757429 0.988290846 -0.013147033 0.151559055 -2.087391138 -4.223812103 -12.884469032 0.000000000 0.000000000 -12.000000000 -0.521254539 0.178030699 0.013528564 0.015365848 0.013876067 0.015247162
1776849938.183125496 0.624728382 -0.044757832 0.227808177 0.011757149 0.988290846 -0.013146962 0.151559159 -2.092663050 -4.222570419 -12.879699707 0.000000000 0.000000000 -12.000000000 -0.515076637 0.177549526 0.013524098 0.015368487 0.013867483 0.015250120
1776849938.188311815 0.624728441 -0.044757739 0.227808267 0.011757003 0.988290787 -0.013146965 0.151559308 -2.098230362 -4.221303463 -12.874697685 0.000000000 0.000000000 -12.000000000 -0.508589745 0.176897064 0.013519946 0.015371000 0.013859006 0.015253069
1776849938.193151236 0.624728501 -0.044757396 0.227808237 0.011756786 0.988290846 -0.013146858 0.151559219 -2.104073763 -4.220010281 -12.869473457 0.000000000 0.000000000 -12.000000000 -0.501807213 0.176427707 0.013516104 0.015373628 0.013850642 0.015256009
1776849938.198263407 0.624728441 -0.044757072 0.227808237 0.011756622 0.988290846 -0.013146680 0.151559174 -2.110172510 -4.218692303 -12.864040375 0.000000000 0.000000000 -12.000000000 -0.494749069 0.175962627 0.013512564 0.015376250 0.013842396 0.015258942
1776849938.203679800 0.624728501 -0.044756770 0.227808237 0.011756470 0.988290846 -0.013146560 0.151559234 -2.116503000 -4.217349529 -12.858413696 0.000000000 0.000000000 -12.000000000 -0.487437248 0.175498173 0.013509315 0.015378865 0.013834273 0.015261867
1776849938.208449602 0.624728441 -0.044756465 0.227808297 0.011756198 0.988290846 -0.013146462 0.151559159 -2.123040199 -4.215982437 -12.852609634 0.000000000 0.000000000 -12.000000000 -0.479893684 0.175038159 0.013506345 0.015381476 0.013826274 0.015264784
1776849938.213440418 0.624728620 -0.044756055 0.227808297 0.011755904 0.988290846 -0.013146322 0.151559293 -2.129757404 -4.214591503 -12.846646309 0.000000000 0.000000000 -12.000000000 -0.472144127 0.174577281 0.013503643 0.015384078 0.013818406 0.015267693
1776849938.218485594 0.624728620 -0.044755660 0.227808356 0.011755772 0.988290846 -0.013146116 0.151559353 -2.136626244 -4.213177204 -12.840544701 0.000000000 0.000000000 -12.000000000 -0.464216232 0.174122378 0.013501192 0.015386677 0.013810669 0.015270595
1776849938.223507881 0.624728560 -0.044755138 0.227808297 0.011755267 0.988290846 -0.013145989 0.151559249 -2.143617153 -4.211740494 -12.834326744 0.000000000 0.000000000 -12.000000000 -0.456140518 0.173673600 0.013498973 0.015389272 0.013803067 0.015273490
1776849938.228384018 0.624728739 -0.044754636 0.227808416 0.011755090 0.988290846 -0.013145731 0.151559383 -2.150699615 -4.210281372 -12.828014374 0.000000000 0.000000000 -12.000000000 -0.447945595 0.173641220 0.013496971 0.015392144 0.013795601 0.015276384
1776849938.233307600 0.624728739 -0.044754099 0.227808356 0.011754570 0.988290846 -0.013145560 0.151559308 -2.157842159 -4.208800793 -12.821633339 0.000000000 0.000000000 -12.000000000 -0.439666748 0.172925353 0.013495162 0.015394550 0.013788274 0.015279266
1776849938.238400221 0.624728739 -0.044753719 0.227808297 0.011754424 0.988290846 -0.013145399 0.151559293 -2.165012836 -4.207298756 -12.815207481 0.000000000 0.000000000 -12.000000000 -0.431335449 0.172477812 0.013493528 0.015397126 0.013781085 0.015282141
1776849938.243387938 0.624728858 -0.044753160 0.227808416 0.011753969 0.988290846 -0.013145206 0.151559487 -2.172179699 -4.205775738 -12.808762550 0.000000000 0.000000000 -12.000000000 -0.422986031 0.172029689 0.013492044 0.015399695 0.013774035 0.015285009
1776849938.248335361 0.624728799 -0.044752605 0.227808356 0.011753549 0.988290846 -0.013145061 0.151559308 -2.179310322 -4.204231739 -12.802324295 0.000000000 0.000000000 -12.000000000 -0.414651871 0.171590015 0.013490690 0.015402262 0.013767124 0.015287869
1776849938.253125429 0.624728918 -0.044752270 0.227808505 0.011753312 0.988290846 -0.013144944 0.151559502 -2.186372280 -4.202666283 -12.795918465 0.000000000 0.000000000 -12.000000000 -0.406367302 0.171146303 0.013489440 0.015404819 0.013760352 0.015290721
1776849938.258109093 0.624728858 -0.044751599 0.227808416 0.011752933 0.988290846 -0.013144650 0.151559398 -2.193333149 -4.201078892 -12.789569855 0.000000000 0.000000000 -12.000000000 -0.398164749 0.170713916 0.013488273 0.015407376 0.013753716 0.015293567
1776849938.263117313 0.624728918 -0.044751219 0.227808326 0.011752619 0.988290906 -0.013144485 0.151559353 -2.200160980 -4.199469090 -12.783307076 0.000000000 0.000000000 -12.000000000 -0.390081406 0.170279622 0.013487160 0.015409924 0.013747214 0.015296404
1776849938.268212318 0.624728978 -0.044750653 0.227808446 0.011752274 0.988290846 -0.013144296 0.151559427 -2.206823826 -4.197834969 -12.777153969 0.000000000 0.000000000 -12.000000000 -0.382150650 0.169518217 0.013486078 0.015412242 0.013740845 0.015299230
1776849938.273198128 0.624729037 -0.044750161 0.227808446 0.011751868 0.988290846 -0.013144133 0.151559502 -2.213290453 -4.196175575 -12.771136284 0.000000000 0.000000000 -12.000000000 -0.374403954 0.169088557 0.013485002 0.015414773 0.013734605 0.015302048
1776849938.278102875 0.624729156 -0.044749640 0.227808505 0.011751495 0.988290846 -0.013143951 0.151559621 -2.219530821 -4.194489479 -12.765279770 0.000000000 0.000000000 -12.000000000 -0.366875648 0.168659449 0.013483907 0.015417298 0.013728491 0.015304859
1776849938.283097029 0.624729156 -0.044749182 0.227808446 0.011751179 0.988290846 -0.013143776 0.151559547 -2.225516081 -4.192773819 -12.759606361 0.000000000 0.000000000 -12.000000000 -0.359594345 0.168237031 0.013482768 0.015419821 0.013722498 0.015307663
1776849938.288211107 0.624729216 -0.044748653 0.227808505 0.011750869 0.988290846 -0.013143574 0.151559651 -2.231220007 -4.191026688 -12.754139900 0.000000000 0.000000000 -12.000000000 -0.352591515 0.167815998 0.013481560 0.015422337 0.013716621 0.015310460
1776849938.293142080 0.624729276 -0.044748053 0.227808416 0.011750554 0.988290906 -0.013143316 0.151559576 -2.236618042 -4.189245224 -12.748898506 0.000000000 0.000000000 -12.000000000 -0.345890045 0.167395204 0.013480263 0.015424847 0.013710856 0.015313250
1776849938.298200369 0.624729276 -0.044747591 0.227808475 0.011750064 0.988290906 -0.013143205 0.151559651 -2.241689205 -4.187426090 -12.743902206 0.000000000 0.000000000 -12.000000000 -0.339514732 0.166980341 0.013478855 0.015427353 0.013705198 0.015316033
1776849938.303143501 0.624729455 -0.044747293 0.227808565 0.011749912 0.988290846 -0.013143088 0.151559770 -2.246415377 -4.185567379 -12.739165306 0.000000000 0.000000000 -12.000000000 -0.333485603 0.166564032 0.013477316 0.015429852 0.013699640 0.015318809
1776849938.310186863 0.624729455 -0.044746876 0.227808595 0.011749624 0.988290846 -0.013142923 0.151559785 -2.250782013 -4.183664799 -12.734700203 0.000000000 0.000000000 -12.000000000 -0.327817917 0.166154191 0.013475630 0.015432348 0.013694176 0.015321578
1776849938.313287497 0.624729514 -0.044746388 0.227808595 0.011749272 0.988290846 -0.013142769 0.151559830 -2.254778624 -4.181715965 -12.730519295 0.000000000 0.000000000 -12.000000000 -0.322526932 0.165745765 0.013473782 0.015434837 0.013688800 0.015324340
1776849938.318114281 0.624729574 -0.044746004 0.227808565 0.011748956 0.988290906 -0.013142616 0.151559815 -2.258397579 -4.179718018 -12.726628304 0.000000000 0.000000000 -12.000000000 -0.317619324 0.165342212 0.013471760 0.015437325 0.013683506 0.015327096
1776849938.323470592 0.624729514 -0.044745546 0.227808565 0.011748632 0.988290906 -0.013142463 0.151559755 -2.261635542 -4.177667141 -12.723032951 0.000000000 0.000000000 -12.000000000 -0.313102722 0.165450782 0.013469553 0.015440154 0.013678288 0.015329854
1776849938.328127384 0.624729633 -0.044745069 0.227808684 0.011748400 0.988290846 -0.013142250 0.151559889 -2.264492512 -4.175561428 -12.719735146 0.000000000 0.000000000 -12.000000000 -0.308976173 0.165049359 0.013467154 0.015442638 0.013673139 0.015332605
1776849938.334170103 0.624729633 -0.044744611 0.227808565 0.011748143 0.988290906 -0.013142069 0.151559874 -2.266970873 -4.173398495 -12.716734886 0.000000000 0.000000000 -12.000000000 -0.305240631 0.164653361 0.013464558 0.015445118 0.013668052 0.015335349
1776849938.338303804 0.624729753 -0.044743363 0.227808565 0.011747084 0.988290906 -0.013141656 0.151559874 -2.269076586 -4.171175480 -12.714029312 0.000000000 0.000000000 -12.000000000 -0.301892281 0.164265245 0.013461758 0.015447598 0.013663020 0.015338087
1776849938.343125820 0.624729753 -0.044743363 0.227808565 0.011747084 0.988290906 -0.013141656 0.151559874 -2.270817280 -4.168891907 -12.711614609 0.000000000 0.000000000 -12.000000000 -0.298922539 0.163869083 0.013458757 0.015450065 0.013658038 0.015340819
1776849938.348331690 0.624729633 -0.044742852 0.227808565 0.011746809 0.988290906 -0.013141477 0.151559770 -2.272202253 -4.166544914 -12.709485054 0.000000000 0.000000000 -12.000000000 -0.296325684 0.163483158 0.013455549 0.015452533 0.013653100 0.015343544
1776849938.353139639 0.624729633 -0.044742394 0.227808446 0.011746489 0.988290966 -0.013141309 0.151559636 -2.273242712 -4.164134026 -12.707634926 0.000000000 0.000000000 -12.000000000 -0.294090271 0.163099378 0.013452138 0.015454995 0.013648198 0.015346263
1776849938.358126879 0.624729753 -0.044741753 0.227808625 0.011745981 0.988290906 -0.013141088 0.151559860 -2.273950815 -4.161658287 -12.706056595 0.000000000 0.000000000 -12.000000000 -0.292209625 0.162715748 0.013448521 0.015457451 0.013643328 0.015348975
1776849938.363491058 0.624729872 -0.044741008 0.227808565 0.011745560 0.988290906 -0.013140780 0.151559904 -2.274339676 -4.159116268 -12.704742432 0.000000000 0.000000000 -12.000000000 -0.290667534 0.162336200 0.013444705 0.015459904 0.013638483 0.015351680
1776849938.368479967 0.624729872 -0.044740248 0.227808535 0.011744973 0.988290966 -0.013140503 0.151559860 -2.274423361 -4.156507492 -12.703681946 0.000000000 0.000000000 -12.000000000 -0.289452553 0.162635133 0.013440691 0.015462814 0.013633659 0.015354390
1776849938.373450994 0.624729931 -0.044739608 0.227808684 0.011744585 0.988290966 -0.013140259 0.151559964 -2.274217367 -4.153830528 -12.702864647 0.000000000 0.000000000 -12.000000000 -0.288551331 0.162261650 0.013436482 0.015465269 0.013628850 0.015357095
1776849938.378401279 0.624730051 -0.044738736 0.227808565 0.011743970 0.988290966 -0.013139950 0.151559964 -2.273737431 -4.151085854 -12.702280998 0.000000000 0.000000000 -12.000000000 -0.287946701 0.161891982 0.013432086 0.015467721 0.013624051 0.015359793
1776849938.383517981 0.624730110 -0.044738017 0.227808565 0.011743468 0.988290966 -0.013139685 0.151560038 -2.273001194 -4.148272038 -12.701917648 0.000000000 0.000000000 -12.000000000 -0.287623405 0.161526173 0.013427508 0.015470169 0.013619257 0.015362485
1776849938.388439178 0.624730289 -0.044737268 0.227808654 0.011742934 0.988290906 -0.013139426 0.151560172 -2.272027254 -4.145389080 -12.701760292 0.000000000 0.000000000 -12.000000000 -0.287561417 0.161161110 0.013422757 0.015472612 0.013614465 0.015365171
1776849938.395475388 0.624730349 -0.044736542 0.227808625 0.011742373 0.988290966 -0.013139167 0.151560187 -2.270835876 -4.142436028 -12.701794624 0.000000000 0.000000000 -12.000000000 -0.287740707 0.160802752 0.013417842 0.015475053 0.013609669 0.015367852
1776849938.398694992 0.624730527 -0.044735149 0.227808744 0.011741395 0.988290906 -0.013138651 0.151560411 -2.269448757 -4.139412880 -12.702002525 0.000000000 0.000000000 -12.000000000 -0.288138390 0.159832314 0.013412775 0.015477070 0.013604867 0.015370515
1776849938.403925657 0.624730527 -0.044735149 0.227808744 0.011741395 0.988290906 -0.013138651 0.151560411 -2.267889738 -4.136318684 -12.702365875 0.000000000 0.000000000 -12.000000000 -0.288729668 0.159472182 0.013407568 0.015479488 0.013600055 0.015373173
1776849938.408443928 0.624730706 -0.044734437 0.227808833 0.011740947 0.988290906 -0.013138397 0.151560515 -2.266184092 -4.133153439 -12.702865601 0.000000000 0.000000000 -12.000000000 -0.289489746 0.159118116 0.013402237 0.015481904 0.013595230 0.015375826
1776849938.413412809 0.624730825 -0.044733755 0.227808774 0.011740413 0.988290906 -0.013138151 0.151560530 -2.264359236 -4.129916668 -12.703478813 0.000000000 0.000000000 -12.000000000 -0.290387154 0.158771142 0.013396799 0.015484319 0.013590390 0.015378471
1776849938.418251038 0.624731064 -0.044733047 0.227808923 0.011739912 0.988290906 -0.013137896 0.151560813 -2.262444496 -4.126607418 -12.704182625 0.000000000 0.000000000 -12.000000000 -0.291392326 0.158422410 0.013391271 0.015486727 0.013585533 0.015381112
1776849938.423401117 0.624731362 -0.044732381 0.227809072 0.011739493 0.988290846 -0.013137646 0.151561156 -2.260471344 -4.123225689 -12.704952240 0.000000000 0.000000000 -12.000000000 -0.292472839 0.158011496 0.013385677 0.015489087 0.013580658 0.015383746
1776849938.428164244 0.624731660 -0.044731554 0.227809131 0.011738852 0.988290846 -0.013137355 0.151561409 -2.258473396 -4.119770050 -12.705760956 0.000000000 0.000000000 -12.000000000 -0.293592453 0.157668069 0.013380037 0.015491486 0.013575765 0.015386374
1776849938.433340311 0.624731839 -0.044730656 0.227809250 0.011738271 0.988290787 -0.013137032 0.151561588 -2.256485224 -4.116240501 -12.706580162 0.000000000 0.000000000 -12.000000000 -0.294714928 0.157328159 0.013374377 0.015493881 0.013570854 0.015388995
1776849938.440036774 0.624731779 -0.044730045 0.227809191 0.011737849 0.988290846 -0.013136803 0.151561543 -2.254543304 -4.112636089 -12.707381248 0.000000000 0.000000000 -12.000000000 -0.295801163 0.156998754 0.013368722 0.015496278 0.013565923 0.015391612
1776849938.443503141 0.624731898 -0.044728488 0.227809072 0.011736766 0.988290846 -0.013136218 0.151561499 -2.252683878 -4.108955860 -12.708136559 0.000000000 0.000000000 -12.000000000 -0.296813965 0.156677261 0.013363100 0.015498675 0.013560976 0.015394224
1776849938.448117971 0.624731898 -0.044728488 0.227809072 0.011736766 0.988290846 -0.013136218 0.151561499 -2.250942945 -4.105199814 -12.708816528 0.000000000 0.000000000 -12.000000000 -0.297716141 0.156341523 0.013357536 0.015501058 0.013556014 0.015396830
1776849938.453268290 0.624731958 -0.044727657 0.227809221 0.011736181 0.988290846 -0.013135931 0.151561573 -2.249354362 -4.101366043 -12.709392548 0.000000000 0.000000000 -12.000000000 -0.298466682 0.156013966 0.013352062 0.015503439 0.013551040 0.015399430
1776849938.458521605 0.624732077 -0.044726767 0.227809310 0.011735651 0.988290846 -0.013135539 0.151561633 -2.247950792 -4.097454548 -12.709839821 0.000000000 0.000000000 -12.000000000 -0.299036980 0.156318367 0.013346698 0.015506247 0.013546056 0.015402035
1776849938.463353157 0.624732137 -0.044725817 0.227809310 0.011734988 0.988290846 -0.013135196 0.151561648 -2.246761084 -4.093462944 -12.710134506 0.000000000 0.000000000 -12.000000000 -0.299393654 0.155999869 0.013341471 0.015508635 0.013541066 0.015404635
1776849938.468446970 0.624732137 -0.044725005 0.227809250 0.011734327 0.988290846 -0.013134960 0.151561648 -2.245810986 -4.089392185 -12.710253716 0.000000000 0.000000000 -12.000000000 -0.299507141 0.155683950 0.013336402 0.015511019 0.013536074 0.015407230
1776849938.473433018 0.624732196 -0.044724189 0.227809191 0.011733790 0.988290906 -0.013134604 0.151561663 -2.245121717 -4.085240841 -12.710179329 0.000000000 0.000000000 -12.000000000 -0.299353600 0.155371845 0.013331516 0.015513400 0.013531085 0.015409819
1776849938.478310347 0.624732316 -0.044723235 0.227809191 0.011733186 0.988290906 -0.013134249 0.151561663 -2.244710445 -4.081009388 -12.709896088 0.000000000 0.000000000 -12.000000000 -0.298914909 0.155061141 0.013326827 0.015515777 0.013526103 0.015412403
1776849938.483366966 0.624732256 -0.044722401 0.227809072 0.011732602 0.988290906 -0.013133941 0.151561558 -2.244590044 -4.076697350 -12.709392548 0.000000000 0.000000000 -12.000000000 -0.298174858 0.153904602 0.013322351 0.015517571 0.013521134 0.015414968
1776849938.488531590 0.624732435 -0.044721454 0.227809280 0.011731946 0.988290906 -0.013133588 0.151561767 -2.244768858 -4.072304726 -12.708660126 0.000000000 0.000000000 -12.000000000 -0.297123909 0.153594881 0.013318099 0.015519924 0.013516182 0.015417528
1776849938.493484020 0.624732494 -0.044720583 0.227809280 0.011731280 0.988290906 -0.013133271 0.151561752 -2.245250940 -4.067831039 -12.707694054 0.000000000 0.000000000 -12.000000000 -0.295754433 0.153292120 0.013314083 0.015522278 0.013511253 0.015420083
1776849938.498527527 0.624732554 -0.044719618 0.227809280 0.011730753 0.988290906 -0.013132852 0.151561812 -2.246036768 -4.063277245 -12.706491470 0.000000000 0.000000000 -12.000000000 -0.294065475 0.152992204 0.013310308 0.015524628 0.013506351 0.015422633
1776849938.503409386 0.624732733 -0.044718746 0.227809280 0.011730089 0.988290906 -0.013132527 0.151561901 -2.247123718 -4.058642387 -12.705053329 0.000000000 0.000000000 -12.000000000 -0.292057991 0.152694046 0.013306778 0.015526975 0.013501483 0.015425178
1776849938.508096933 0.624732733 -0.044717856 0.227809310 0.011729435 0.988290906 -0.013132258 0.151561946 -2.248506069 -4.053926945 -12.703382492 0.000000000 0.000000000 -12.000000000 -0.289737701 0.152399272 0.013303496 0.015529318 0.013496654 0.015427718
1776849938.513442039 0.624732852 -0.044716839 0.227809250 0.011728712 0.988290906 -0.013131903 0.151561946 -2.250175953 -4.049130440 -12.701486588 0.000000000 0.000000000 -12.000000000 -0.287111282 0.152105048 0.013300462 0.015531656 0.013491869 0.015430253
1776849938.518638611 0.624732912 -0.044715814 0.227809310 0.011727999 0.988290906 -0.013131524 0.151562020 -2.252123833 -4.044252396 -12.699371338 0.000000000 0.000000000 -12.000000000 -0.284190178 0.151858017 0.013297672 0.015534023 0.013487132 0.015432784
1776849938.523386240 0.624733090 -0.044714756 0.227809310 0.011727260 0.988290906 -0.013131132 0.151562139 -2.254338503 -4.039292336 -12.697046280 0.000000000 0.000000000 -12.000000000 -0.280983925 0.151570082 0.013295127 0.015536357 0.013482450 0.015435310
1776849938.528372526 0.624733210 -0.044713624 0.227809399 0.011726468 0.988290906 -0.013130713 0.151562288 -2.256808043 -4.034249783 -12.694521904 0.000000000 0.000000000 -12.000000000 -0.277507782 0.151285395 0.013292819 0.015538688 0.013477825 0.015437831
1776849938.533169270 0.624733329 -0.044712484 0.227809370 0.011725758 0.988290966 -0.013130293 0.151562288 -2.259520292 -4.029123783 -12.691807747 0.000000000 0.000000000 -12.000000000 -0.273774147 0.151005313 0.013290746 0.015541018 0.013473262 0.015440348
1776849938.538179874 0.624733388 -0.044711459 0.227809310 0.011724956 0.988290966 -0.013129923 0.151562288 -2.262462616 -4.023913860 -12.688916206 0.000000000 0.000000000 -12.000000000 -0.269799232 0.150728911 0.013288899 0.015543345 0.013468766 0.015442859
1776849938.543182611 0.624733508 -0.044710532 0.227809310 0.011724220 0.988290966 -0.013129640 0.151562393 -2.265623093 -4.018619537 -12.685855865 0.000000000 0.000000000 -12.000000000 -0.265592575 0.150454283 0.013287277 0.015545669 0.013464339 0.015445367
1776849938.548114061 0.624733686 -0.044709422 0.227809429 0.011723589 0.988290906 -0.013129162 0.151562601 -2.268989801 -4.013240337 -12.682638168 0.000000000 0.000000000 -12.000000000 -0.261169434 0.150180459 0.013285873 0.015547990 0.013459986 0.015447870
1776849938.553434134 0.624733865 -0.044708498 0.227809399 0.011722792 0.988290906 -0.013128890 0.151562735 -2.272551775 -4.007776260 -12.679271698 0.000000000 0.000000000 -12.000000000 -0.256541252 0.149911627 0.013284683 0.015550310 0.013455710 0.015450369
1776849938.558496714 0.624734044 -0.044707213 0.227809399 0.011722070 0.988290906 -0.013128298 0.151562810 -2.276298761 -4.002227306 -12.675765038 0.000000000 0.000000000 -12.000000000 -0.251719475 0.149643302 0.013283702 0.015552625 0.013451515 0.015452863
1776849938.563158274 0.624734104 -0.044706132 0.227809459 0.011721165 0.988290906 -0.013127980 0.151562944 -2.280221224 -3.996593475 -12.672126770 0.000000000 0.000000000 -12.000000000 -0.246715546 0.149379909 0.013282926 0.015554938 0.013447403 0.015455352
1776849938.568449974 0.624734163 -0.044704918 0.227809429 0.011720381 0.988290966 -0.013127514 0.151562899 -2.284309387 -3.990875006 -12.668363571 0.000000000 0.000000000 -12.000000000 -0.241537094 0.149119437 0.013282353 0.015557251 0.013443378 0.015457838
1776849938.573630333 0.624734223 -0.044703476 0.227809429 0.011719372 0.988290966 -0.013126995 0.151562899 -2.288553953 -3.985071421 -12.664484024 0.000000000 0.000000000 -12.000000000 -0.236198425 0.148859426 0.013281976 0.015559559 0.013439441 0.015460319
1776849938.578452587 0.624734223 -0.044702277 0.227809280 0.011718451 0.988291025 -0.013126600 0.151562721 -2.292944431 -3.979183435 -12.660494804 0.000000000 0.000000000 -12.000000000 -0.230703354 0.148517773 0.013281793 0.015561806 0.013435596 0.015462794
1776849938.583509684 0.624734402 -0.044699296 0.227809340 0.011716496 0.988291025 -0.013125437 0.151562855 -2.297469139 -3.973210812 -12.656407356 0.000000000 0.000000000 -12.000000000 -0.225072861 0.148437336 0.013281796 0.015564227 0.013431844 0.015465268
1776849938.588497877 0.624734402 -0.044699296 0.227809340 0.011716496 0.988291025 -0.013125437 0.151562855 -2.302114487 -3.967153549 -12.652230263 0.000000000 0.000000000 -12.000000000 -0.219312668 0.148182109 0.013281981 0.015566526 0.013428189 0.015467738
1776849938.593529463 0.624734402 -0.044697929 0.227809340 0.011715513 0.988291025 -0.013124940 0.151562840 -2.306865454 -3.961011171 -12.647975922 0.000000000 0.000000000 -12.000000000 -0.213443756 0.147940785 0.013282335 0.015568831 0.013424631 0.015470204
1776849938.598259687 0.624734879 -0.044694945 0.227809399 0.011713424 0.988291025 -0.013123841 0.151563123 -2.311705351 -3.954784155 -12.643656731 0.000000000 0.000000000 -12.000000000 -0.207481384 0.147741303 0.013282852 0.015571160 0.013421173 0.015472666
1776849938.603392124 0.624734879 -0.044694945 0.227809399 0.011713424 0.988291025 -0.013123841 0.151563123 -2.316615820 -3.948471546 -12.639287949 0.000000000 0.000000000 -12.000000000 -0.201444626 0.147906512 0.013283519 0.015573736 0.013417816 0.015475132
1776849938.608233213 0.624734819 -0.044693701 0.227809280 0.011712478 0.988291085 -0.013123426 0.151563004 -2.321577549 -3.942073345 -12.634882927 0.000000000 0.000000000 -12.000000000 -0.226217270 0.148424119 0.013263234 0.015576554 0.013414046 0.015477605
1776849938.613150120 0.624735057 -0.044692174 0.227809399 0.011711500 0.988291085 -0.013122799 0.151563182 -2.326570511 -3.935589075 -12.630456924 0.000000000 0.000000000 -12.000000000 -0.220047951 0.148228317 0.013263680 0.015578895 0.013410378 0.015480076
1776849938.618424416 0.624735117 -0.044690441 0.227809340 0.011710202 0.988291085 -0.013122233 0.151563168 -2.331575155 -3.929017782 -12.626025200 0.000000000 0.000000000 -12.000000000 -0.213861465 0.148038149 0.013264240 0.015581235 0.013406814 0.015482543
1776849938.623289824 0.624735117 -0.044688869 0.227809370 0.011709200 0.988291085 -0.013121574 0.151563182 -2.336571932 -3.922358751 -12.621601105 0.000000000 0.000000000 -12.000000000 -0.207678795 0.147853374 0.013264900 0.015583577 0.013403352 0.015485007
1776849938.628482342 0.624735475 -0.044687305 0.227809459 0.011708014 0.988291085 -0.013121056 0.151563436 -2.341542959 -3.915610552 -12.617197990 0.000000000 0.000000000 -12.000000000 -0.201516151 0.147664487 0.013265650 0.015585911 0.013399994 0.015487469
1776849938.633166552 0.624735534 -0.044685699 0.227809280 0.011706664 0.988291144 -0.013120635 0.151563406 -2.346471548 -3.908771992 -12.612829208 0.000000000 0.000000000 -12.000000000 -0.195392609 0.147482052 0.013266476 0.015588248 0.013396737 0.015489927
1776849938.638193369 0.624735534 -0.044686757 0.227809399 0.011706649 0.988291085 -0.013121496 0.151563421 -2.351342916 -3.901841164 -12.608504295 0.000000000 0.000000000 -12.000000000 -0.189319611 0.147325948 0.013267369 0.015590600 0.013393582 0.015492382
1776849938.643120766 0.624735475 -0.044686068 0.227809250 0.011705988 0.988291144 -0.013121373 0.151563287 -2.356144190 -3.894816637 -12.604232788 0.000000000 0.000000000 -12.000000000 -0.183311462 0.147152111 0.013268320 0.015592936 0.013390527 0.015494835
1776849938.648349762 0.624735534 -0.044685919 0.227809310 0.011705942 0.988291144 -0.013121312 0.151563376 -2.360864878 -3.887696743 -12.600024223 0.000000000 0.000000000 -12.000000000 -0.177380562 0.146984473 0.013269317 0.015595274 0.013387571 0.015497284
1776849938.653414011 0.624735594 -0.044685625 0.227809221 0.011705719 0.988291144 -0.013121190 0.151563376 -2.365496635 -3.880480528 -12.595883369 0.000000000 0.000000000 -12.000000000 -0.171530724 0.146814510 0.013270359 0.015597607 0.013384712 0.015499731
1776849938.658114433 0.624735653 -0.044685174 0.227809250 0.011705402 0.988291144 -0.013121023 0.151563451 -2.370033264 -3.873167038 -12.591815948 0.000000000 0.000000000 -12.000000000 -0.165773392 0.146642461 0.013271433 0.015599936 0.013381949 0.015502174
1776849938.663407564 0.624735594 -0.044684816 0.227809221 0.011705107 0.988291144 -0.013120937 0.151563376 -2.374470234 -3.865756273 -12.587825775 0.000000000 0.000000000 -12.000000000 -0.160110474 0.146474198 0.013272540 0.015602265 0.013379280 0.015504615
1776849938.668205738 0.624735594 -0.044684436 0.227809161 0.011704849 0.988291144 -0.013120774 0.151563317 -2.378805161 -3.858249426 -12.583914757 0.000000000 0.000000000 -12.000000000 -0.154546738 0.145701200 0.013273673 0.015604177 0.013376704 0.015507043
1776849938.673374414 0.624735594 -0.044684097 0.227809250 0.011704612 0.988291144 -0.013120650 0.151563391 -2.383036613 -3.850647688 -12.580084801 0.000000000 0.000000000 -12.000000000 -0.149081230 0.145536259 0.013274832 0.015606493 0.013374220 0.015509469
1776849938.678206444 0.624735594 -0.044683408 0.227809250 0.011704130 0.988291144 -0.013120412 0.151563346 -2.387164354 -3.842954159 -12.576335907 0.000000000 0.000000000 -12.000000000 -0.143717766 0.145368963 0.013276013 0.015608803 0.013371824 0.015511891
1776849938.683367729 0.624735475 -0.044683177 0.227809191 0.011703970 0.988291204 -0.013120332 0.151563242 -2.391188383 -3.835172892 -12.572668076 0.000000000 0.000000000 -12.000000000 -0.138455391 0.145211443 0.013277213 0.015611119 0.013369516 0.015514311
1776849938.688255310 0.624735475 -0.044682909 0.227809131 0.011703781 0.988291204 -0.013120240 0.151563182 -2.395108461 -3.827308655 -12.569081306 0.000000000 0.000000000 -12.000000000 -0.133293152 0.145052820 0.013278433 0.015613431 0.013367295 0.015516729
1776849938.693159819 0.624735475 -0.044682186 0.227809131 0.011703278 0.988291204 -0.013119978 0.151563138 -2.398923635 -3.819367647 -12.565577507 0.000000000 0.000000000 -12.000000000 -0.128236771 0.144888729 0.013279667 0.015615736 0.013365158 0.015519144
1776849938.698196173 0.624735355 -0.044681530 0.227809012 0.011702830 0.988291264 -0.013119726 0.151562884 -2.402630806 -3.811357260 -12.562156677 0.000000000 0.000000000 -12.000000000 -0.123284340 0.144732162 0.013280914 0.015618044 0.013363103 0.015521556
1776849938.703112364 0.624735415 -0.044680621 0.227809101 0.011702194 0.988291264 -0.013119399 0.151562974 -2.406225443 -3.803285837 -12.558822632 0.000000000 0.000000000 -12.000000000 -0.118442535 0.144130915 0.013282168 0.015620045 0.013361129 0.015523958
1776849938.708606243 0.624735296 -0.044679664 0.227808982 0.011701531 0.988291323 -0.013119045 0.151562795 -2.409699917 -3.795162439 -12.555579185 0.000000000 0.000000000 -12.000000000 -0.113718987 0.143977180 0.013283421 0.015622343 0.013359234 0.015526358
1776849938.713157892 0.624735236 -0.044678867 0.227808952 0.011700978 0.988291323 -0.013118744 0.151562721 -2.413043976 -3.786997557 -12.552432060 0.000000000 0.000000000 -12.000000000 -0.109121323 0.143582255 0.013284667 0.015624473 0.013357415 0.015528752
1776849938.718405485 0.624735355 -0.044677805 0.227808952 0.011700233 0.988291323 -0.013118368 0.151562750 -2.416244745 -3.778801203 -12.549389839 0.000000000 0.000000000 -12.000000000 -0.104663849 0.143428087 0.013285895 0.015626760 0.013355670 0.015531142
1776849938.723143816 0.624735355 -0.044676986 0.227808952 0.011699629 0.988291323 -0.013118128 0.151562646 -2.419285536 -3.770584822 -12.546463013 0.000000000 0.000000000 -12.000000000 -0.100361824 0.143281549 0.013287090 0.015629051 0.013353998 0.015533530
1776849938.728631020 0.624735355 -0.044676013 0.227808803 0.011698972 0.988291383 -0.013117748 0.151562557 -2.422147751 -3.762359619 -12.543663025 0.000000000 0.000000000 -12.000000000 -0.096231461 0.143137515 0.013288240 0.015631340 0.013352394 0.015535916
