ply
format ascii 1.0
element vertex 4266
property float x
property float y
property float z
property uchar red
property uchar green
property uchar blue
end_header
0.730002 0.083242 0.336084 0 0 0
0.730720 0.082222 0.336326 255 0 0
0.726995 0.082415 0.335077 0 0 0
0.727913 0.081125 0.335388 0 0 0
0.729057 0.079492 0.335778 255 0 0
0.729951 0.078198 0.336084 255 0 0
0.723497 0.080931 0.334473 0 0 0
0.724669 0.080319 0.334433 0 0 0
0.725484 0.077718 0.335219 0 0 0
0.726489 0.076441 0.335511 0 0 0
0.728159 0.075447 0.335580 0 0 0
0.729383 0.074058 0.335850 255 0 0
0.731008 0.072999 0.335882 255 0 0
0.731949 0.071819 0.336136 0 0 0
0.721547 0.078442 0.333814 0 0 0
0.722939 0.077669 0.333812 0 0 0
0.724162 0.076232 0.334164 0 0 0
0.725234 0.074675 0.334527 255 0 0
0.726327 0.073124 0.334912 255 0 0
0.727424 0.071562 0.335302 255 0 0
0.728505 0.070005 0.335680 0 0 0
0.729647 0.068547 0.336004 0 0 0
0.731227 0.067521 0.336033 0 0 0
0.732388 0.066028 0.336366 0 0 0
0.733247 0.064778 0.336671 0 0 0
0.718584 0.077604 0.332839 0 0 0
0.720113 0.076999 0.332840 0 0 0
0.721833 0.076075 0.332829 0 0 0
0.723016 0.074557 0.333156 0 0 0
0.723952 0.073204 0.333496 0 0 0
0.724614 0.070527 0.334365 255 0 0
0.725528 0.069189 0.334703 255 0 0
0.726621 0.067617 0.335093 255 0 0
0.727681 0.066066 0.335473 0 0 0
0.728746 0.064513 0.335853 0 0 0
0.729875 0.063067 0.336177 0 0 0
0.731478 0.062007 0.336219 0 0 0
0.732380 0.060864 0.336469 0 0 0
0.717327 0.075900 0.331901 0 0 0
0.718215 0.074544 0.332196 0 0 0
0.719322 0.072950 0.332583 0 0 0
0.720410 0.071397 0.332966 0 0 0
0.721514 0.069821 0.333358 0 0 0
0.722425 0.068489 0.333697 255 0 0
0.723087 0.065778 0.334549 255 0 0
0.723996 0.064464 0.334679 255 0 0
0.725682 0.063583 0.334927 0 0 0
0.726842 0.062132 0.335276 0 0 0
0.727899 0.060594 0.335659 0 0 0
0.728947 0.059053 0.336043 0 0 0
0.730000 0.057517 0.336428 0 0 0
0.731151 0.056065 0.336750 0 0 0
0.732448 0.055301 0.336740 0 0 0
0.714822 0.075836 0.330389 0 0 0
0.715408 0.073487 0.331248 0 0 0
0.716360 0.072119 0.331606 0 0 0
0.717460 0.070543 0.331995 0 0 0
0.718506 0.068927 0.332345 0 0 0
0.719555 0.067382 0.332711 0 0 0
0.720661 0.065829 0.333111 0 0 0
0.721882 0.064442 0.333502 0 0 0
0.723379 0.063771 0.333743 0 0 0
0.723975 0.061029 0.334295 0 0 0
0.724866 0.059698 0.334636 0 0 0
0.725932 0.058144 0.335031 0 0 0
0.727027 0.056685 0.335462 0 0 0
0.728105 0.055147 0.335866 0 0 0
0.729208 0.053723 0.336191 0 0 0
0.730790 0.052657 0.336241 0 0 0
0.731663 0.051545 0.336487 0 0 0
0.712528 0.075667 0.328959 0 0 0
0.712959 0.073500 0.329774 0 0 0
0.713498 0.071001 0.330618 0 0 0
0.714482 0.069712 0.331007 0 0 0
0.715683 0.068221 0.331362 0 0 0
0.717313 0.067271 0.331439 0 0 0
0.718464 0.065815 0.331778 0 0 0
0.719542 0.064267 0.332164 0 0 0
0.720580 0.062726 0.332532 0 0 0
0.721634 0.061121 0.332903 0 0 0
0.722739 0.059654 0.333333 0 0 0
0.723809 0.058100 0.333731 0 0 0
0.724690 0.056788 0.334074 0 0 0
0.725238 0.054048 0.334902 0 0 0
0.726150 0.052814 0.335285 0 0 0
0.727222 0.051259 0.335699 0 0 0
0.728256 0.049731 0.336088 0 0 0
0.729351 0.048312 0.336414 255 0 0
0.730893 0.047271 0.336455 255 0 0
0.732048 0.045886 0.336685 255 0 0
0.733362 0.045175 0.336705 0 0 0
0.710660 0.073262 0.328357 0 0 0
0.711283 0.070886 0.329246 0 0 0
0.712113 0.069792 0.329600 0 0 0
0.712742 0.067031 0.330432 0 0 0
0.713731 0.065779 0.330729 0 0 0
0.715372 0.064806 0.330814 0 0 0
0.716524 0.063349 0.331150 0 0 0
0.717597 0.061805 0.331538 255 0 0
0.718622 0.060199 0.331892 255 0 0
0.719650 0.058670 0.332263 0 0 0
0.720751 0.057205 0.332695 0 0 0
0.721787 0.055602 0.333066 0 0 0
0.722845 0.054055 0.333463 0 0 0
0.723809 0.052886 0.333889 0 0 0
0.724374 0.050155 0.334742 0 0 0
0.725276 0.048929 0.335125 0 0 0
0.726312 0.047304 0.335506 0 0 0
0.727363 0.045910 0.335816 0 0 0
0.729058 0.045039 0.335854 0 0 0
0.730730 0.044158 0.335872 0 0 0
0.731873 0.042781 0.336098 0 0 0
0.733132 0.042020 0.336088 0 0 0
0.708335 0.073097 0.326894 0 0 0
0.708800 0.070923 0.327751 0 0 0
0.709393 0.068497 0.328648 0 0 0
0.710325 0.067077 0.328991 0 0 0
0.711489 0.065648 0.329454 0 0 0
0.712563 0.064106 0.329843 0 0 0
0.713598 0.062500 0.330198 0 0 0
0.714669 0.060953 0.330586 255 0 0
0.715771 0.059451 0.330890 255 0 0
0.717446 0.058531 0.331012 0 0 0
0.718412 0.057310 0.331313 0 0 0
0.719088 0.054693 0.332081 0 0 0
0.720587 0.053948 0.332194 0 0 0
0.721556 0.052737 0.332493 0 0 0
0.722162 0.049977 0.333362 0 0 0
0.722932 0.049033 0.333729 0 0 0
0.723616 0.046407 0.334531 0 0 0
0.725082 0.045689 0.334646 0 0 0
0.726167 0.044279 0.334967 0 0 0
0.727152 0.042688 0.335322 0 0 0
0.728227 0.041280 0.335648 0 0 0
0.729767 0.040249 0.335698 0 0 0
0.730935 0.038933 0.335956 0 0 0
0.732278 0.038153 0.335936 0 0 0
0.734803 0.037856 0.335392 0 0 0
0.706609 0.073607 0.324944 0 0 0
0.706481 0.070629 0.326297 0 0 0
0.706909 0.068448 0.327120 0 0 0
0.707547 0.066060 0.327775 0 0 0
0.708908 0.065567 0.328030 0 0 0
0.709669 0.062940 0.328833 0 0 0
0.710622 0.061669 0.329221 0 0 0
0.711702 0.060036 0.329602 255 0 0
0.712818 0.058605 0.329927 255 0 0
0.714463 0.057703 0.330038 0 0 0
0.715523 0.056140 0.330311 0 0 0
0.716577 0.054599 0.330699 0 0 0
0.717641 0.053139 0.331113 0 0 0
0.718642 0.051551 0.331471 0 0 0
0.719723 0.049998 0.331891 0 0 0
0.720635 0.048767 0.332279 0 0 0
0.721191 0.046065 0.332963 0 0 0
0.722140 0.044914 0.333548 0 0 0
0.723186 0.043372 0.333984 0 0 0
0.724230 0.041862 0.334400 0 0 0
0.725237 0.040348 0.334795 0 0 0
0.726198 0.038764 0.335151 0 0 0
0.727228 0.037381 0.335461 0 0 0
0.728909 0.036513 0.335500 0 0 0
0.730589 0.035688 0.335422 0 0 0
0.732256 0.034858 0.335337 0 0 0
0.733938 0.034020 0.335255 0 0 0
0.735568 0.033036 0.335251 0 0 0
0.736376 0.032017 0.335486 0 0 0
0.705405 0.071975 0.323887 0 0 0
0.705264 0.068892 0.325103 0 0 0
0.705944 0.066613 0.326221 0 0 0
0.706762 0.065532 0.326690 0 0 0
0.707422 0.062771 0.327418 0 0 0
0.708215 0.061683 0.327769 0 0 0
0.709005 0.059111 0.328593 0 0 0
0.710435 0.058342 0.328676 0 0 0
0.711559 0.056865 0.328975 0 0 0
0.712613 0.055259 0.329113 0 0 0
0.714259 0.054419 0.329364 255 0 0
0.715393 0.052991 0.329719 255 0 0
0.716497 0.051536 0.330159 0 0 0
0.717570 0.050017 0.330577 0 0 0
0.718606 0.048499 0.330975 0 0 0
0.719619 0.046877 0.331369 0 0 0
0.720571 0.045713 0.331956 0 0 0
0.720956 0.043207 0.332598 0 0 0
0.721225 0.040958 0.333387 0 0 0
0.721755 0.038594 0.334018 0 0 0
0.723206 0.037961 0.334209 0 0 0
0.725009 0.037145 0.334321 0 0 0
0.726051 0.035767 0.334637 0 0 0
0.727079 0.034312 0.334925 0 0 0
0.728671 0.033378 0.334913 0 0 0
0.730271 0.032431 0.334900 0 0 0
0.731391 0.031160 0.335158 0 0 0
0.732908 0.030109 0.335215 0 0 0
0.733987 0.028689 0.335558 0 0 0
0.734733 0.027561 0.335861 0 0 0
0.703717 0.072362 0.321974 0 0 0
0.704200 0.070269 0.322837 0 0 0
0.704725 0.068178 0.323902 0 0 0
0.704687 0.064782 0.325001 0 0 0
0.705463 0.063750 0.325441 0 0 0
0.706176 0.061071 0.326230 0 0 0
0.707003 0.059979 0.326729 0 0 0
0.707760 0.057394 0.327421 0 0 0
0.709193 0.056674 0.327635 0 0 0
0.710461 0.055264 0.327933 0 0 0
0.712060 0.054390 0.328148 0 0 0
0.713130 0.052826 0.328319 0 0 0
0.714066 0.051564 0.328696 0 0 0
0.714652 0.048835 0.329563 0 0 0
0.715534 0.047510 0.329899 0 0 0
0.716637 0.045960 0.330085 0 0 0
0.718057 0.045304 0.330309 255 0 0
0.718831 0.042768 0.331185 255 0 0
0.719548 0.041735 0.331547 0 0 0
0.720254 0.039169 0.332545 0 0 0
0.721144 0.037983 0.333070 0 0 0
0.722111 0.036479 0.333327 0 0 0
0.723101 0.034863 0.333691 0 0 0
0.724087 0.033362 0.334086 0 0 0
0.725036 0.031786 0.334447 0 0 0
0.726051 0.030411 0.334761 0 0 0
0.727649 0.029435 0.334876 0 0 0
0.728770 0.028181 0.335142 0 0 0
0.730287 0.027139 0.335203 0 0 0
0.731326 0.025765 0.335535 0 0 0
0.732318 0.024243 0.335947 0 0 0
0.733076 0.023027 0.336287 0 0 0
0.733719 0.020396 0.337288 0 0 0
0.734254 0.019551 0.337540 0 0 0
0.702593 0.073642 0.319515 0 0 0
0.702507 0.070636 0.320765 0 0 0
0.702979 0.068452 0.321626 0 0 0
0.703436 0.066206 0.322489 0 0 0
0.704002 0.064089 0.323626 0 0 0
0.704553 0.061595 0.324370 0 0 0
0.705423 0.060580 0.325011 0 0 0
0.706108 0.057923 0.325812 0 0 0
0.707075 0.056652 0.326317 0 0 0
0.708035 0.054956 0.326389 0 0 0
0.709207 0.053610 0.326875 0 0 0
0.710849 0.052633 0.327002 0 0 0
0.711818 0.051408 0.327301 0 0 0
0.712422 0.048678 0.328172 0 0 0
0.713347 0.047450 0.328565 0 0 0
0.714492 0.045993 0.328923 0 0 0
0.716089 0.045090 0.329153 255 0 0
0.716939 0.043770 0.329284 0 0 0
0.717660 0.041186 0.330233 0 0 0
0.718370 0.040162 0.330592 0 0 0
0.719035 0.037478 0.331544 0 0 0
0.719719 0.036509 0.331870 0 0 0
0.720338 0.033821 0.332811 0 0 0
0.721143 0.032497 0.333141 0 0 0
0.722234 0.031170 0.333506 0 0 0
0.723864 0.030201 0.333641 0 0 0
0.724881 0.028836 0.333960 0 0 0
0.725821 0.027260 0.334324 0 0 0
0.726792 0.025763 0.334723 0 0 0
0.727829 0.024397 0.335054 0 0 0
0.729338 0.023363 0.335124 0 0 0
0.730403 0.021964 0.335471 0 0 0
0.731163 0.020837 0.335796 0 0 0
0.731227 0.017545 0.337214 0 0 0
0.732198 0.017018 0.337217 0 0 0
0.732756 0.014896 0.338017 0 0 0
0.701432 0.071947 0.318505 0 0 0
0.701971 0.069860 0.319565 0 0 0
0.702461 0.067626 0.320457 0 0 0
0.702947 0.065396 0.321353 0 0 0
0.703358 0.063066 0.322035 0 0 0
0.703881 0.060846 0.322993 0 0 0
0.704272 0.058533 0.323669 0 0 0
0.704875 0.056130 0.324584 0 0 0
0.705836 0.054891 0.324895 0 0 0
0.707379 0.054267 0.325331 0 0 0
0.708057 0.051611 0.325945 0 0 0
0.708871 0.050126 0.326079 0 0 0
0.709927 0.048636 0.326474 0 0 0
0.711089 0.047277 0.327139 0 0 0
0.712140 0.045744 0.327562 0 0 0
0.713229 0.044339 0.327898 0 0 0
0.714856 0.043370 0.328018 0 0 0
0.715794 0.042151 0.328329 0 0 0
0.716251 0.039710 0.329185 0 0 0
0.716653 0.037198 0.329851 0 0 0
0.717430 0.036266 0.330395 0 0 0
0.717897 0.033802 0.331309 0 0 0
0.718438 0.031451 0.331948 0 0 0
0.719636 0.030974 0.332205 0 0 0
0.720408 0.028543 0.333108 0 0 0
0.721202 0.027187 0.333458 0 0 0
0.722221 0.025808 0.333782 0 0 0
0.723815 0.024844 0.333906 0 0 0
0.724864 0.023486 0.334247 0 0 0
0.725836 0.022003 0.334652 0 0 0
0.726790 0.020514 0.335060 0 0 0
0.727764 0.019019 0.335478 0 0 0
0.728551 0.017808 0.335842 0 0 0
0.729141 0.015217 0.336836 0 0 0
0.729883 0.014025 0.337181 0 0 0
0.730843 0.012535 0.337602 0 0 0
0.731803 0.011015 0.338026 0 0 0
0.732474 0.009948 0.338324 0 0 0
0.699716 0.072384 0.316564 0 0 0
0.700234 0.070302 0.317444 0 0 0
0.700734 0.068055 0.318341 0 0 0
0.701226 0.065819 0.319234 0 0 0
0.701804 0.063300 0.319981 0 0 0
0.702629 0.062205 0.320451 0 0 0
0.703259 0.059806 0.321417 0 0 0
0.703721 0.057614 0.322326 0 0 0
0.704342 0.055223 0.323302 0 0 0
0.705131 0.054192 0.323760 0 0 0
0.705787 0.051422 0.324517 0 0 0
0.706804 0.050253 0.324884 0 0 0
0.708483 0.049377 0.325199 0 0 0
0.709450 0.048144 0.325534 0 0 0
0.710031 0.045406 0.326200 0 0 0
0.710897 0.044096 0.326552 0 0 0
0.711914 0.042566 0.326945 0 0 0
0.712955 0.041075 0.327361 0 0 0
0.714033 0.039550 0.327802 0 0 0
0.715079 0.038019 0.328249 0 0 0
0.716023 0.036882 0.328854 0 0 0
0.716463 0.034465 0.329583 0 0 0
0.716916 0.032017 0.330490 0 0 0
0.717812 0.030830 0.331013 0 0 0
0.718590 0.029646 0.331242 0 0 0
0.718511 0.026102 0.332289 0 0 0
0.719925 0.025489 0.332594 0 0 0
0.720842 0.024447 0.332922 0 0 0
0.721367 0.021676 0.333827 0 0 0
0.722155 0.020458 0.334178 0 0 0
0.723298 0.019141 0.334575 255 0 0
0.724576 0.018339 0.334632 255 0 0
0.725307 0.015871 0.335550 0 0 0
0.726077 0.014638 0.335908 0 0 0
0.726838 0.013433 0.336263 0 0 0
0.727436 0.010808 0.337278 0 0 0
0.728127 0.009550 0.337585 0 0 0
0.729192 0.008261 0.337948 0 0 0
0.730439 0.007439 0.338019 0 0 0
0.730930 0.005357 0.338828 0 0 0
0.698546 0.070758 0.315534 255 0 0
0.699040 0.068583 0.316404 0 0 0
0.699475 0.066258 0.317100 0 0 0
0.700137 0.063885 0.318093 0 0 0
0.701186 0.062650 0.318788 0 0 0
0.702105 0.061294 0.319160 0 0 0
0.702716 0.058900 0.320088 0 0 0
0.703170 0.056693 0.320985 0 0 0
0.703649 0.054470 0.321910 0 0 0
0.703961 0.052091 0.322399 0 0 0
0.704570 0.049733 0.323371 0 0 0
0.705470 0.048504 0.323877 0 0 0
0.706502 0.046881 0.324279 0 0 0
0.707569 0.045354 0.324701 0 0 0
0.708656 0.043916 0.325151 0 0 0
0.709765 0.042463 0.325616 0 0 0
0.710653 0.041182 0.325993 0 0 0
0.711205 0.038405 0.326830 0 0 0
0.712079 0.037168 0.326971 0 0 0
0.713577 0.036543 0.327265 0 0 0
0.714092 0.034152 0.328052 0 0 0
0.714626 0.031812 0.329000 0 0 0
0.715508 0.030572 0.329421 0 0 0
0.716385 0.029381 0.329829 0 0 0
0.716960 0.026633 0.330786 0 0 0
0.717883 0.025551 0.331353 0 0 0
0.718677 0.024328 0.331595 0 0 0
0.719282 0.021613 0.332535 0 0 0
0.720109 0.020369 0.332920 0 0 0
0.720923 0.019224 0.333303 0 0 0
0.721480 0.016524 0.334263 0 0 0
0.722185 0.015246 0.334574 0 0 0
0.723192 0.013811 0.335029 0 0 0
0.723967 0.012623 0.335396 0 0 0
0.724531 0.009931 0.336373 0 0 0
0.725383 0.008961 0.336674 0 0 0
0.726768 0.008193 0.336809 0 0 0
0.727362 0.005658 0.337668 0 0 0
0.728072 0.004482 0.338014 0 0 0
0.729000 0.003006 0.338439 0 0 0
0.729920 0.001545 0.338853 0 0 0
0.730946 0.000212 0.339181 0 0 0
0.732061 -0.000491 0.339200 0 0 0
0.696771 0.071190 0.313549 0 0 0
0.697331 0.069112 0.314459 0 0 0
0.697924 0.066623 0.315231 0 0 0
0.698839 0.065575 0.315887 0 0 0
0.699438 0.063096 0.316671 0 0 0
0.700054 0.060600 0.317445 0 0 0
0.700818 0.059438 0.317761 0 0 0
0.701459 0.057022 0.318724 0 0 0
0.701903 0.054806 0.319602 0 0 0
0.702522 0.052435 0.320607 0 0 0
0.703335 0.051459 0.321228 0 0 0
0.703958 0.049078 0.322236 0 0 0
0.704397 0.046515 0.322737 0 0 0
0.705286 0.045224 0.323123 0 0 0
0.706424 0.043756 0.323739 0 0 0
0.707337 0.042523 0.324155 0 0 0
0.707916 0.039798 0.325045 0 0 0
0.708809 0.038515 0.325423 0 0 0
0.710017 0.037159 0.325845 0 0 0
0.711451 0.036530 0.326118 0 0 0
0.712052 0.033770 0.326725 0 0 0
0.712761 0.032784 0.327082 0 0 0
0.713385 0.030151 0.327862 0 0 0
0.714149 0.029263 0.328400 0 0 0
0.714732 0.026489 0.329366 0 0 0
0.715603 0.025303 0.329775 0 0 0
0.716466 0.024112 0.330184 0 0 0
0.716894 0.021680 0.331102 0 0 0
0.717432 0.019390 0.331912 0 0 0
0.718573 0.018981 0.332004 0 0 0
0.718546 0.015559 0.333325 0 0 0
0.719374 0.014564 0.333608 0 0 0
0.720836 0.013855 0.333785 0 0 0
0.721285 0.011571 0.334592 0 0 0
0.721760 0.009292 0.335400 0 0 0
0.722932 0.008837 0.335527 0 0 0
0.723507 0.006229 0.336349 0 0 0
0.724255 0.005137 0.336721 0 0 0
0.725237 0.003651 0.337175 0 0 0
0.726151 0.002209 0.337593 0 0 0
0.727060 0.000766 0.338011 0 0 0
0.727978 -0.000683 0.338428 0 0 0
0.728946 -0.001990 0.338759 0 0 0
0.730387 -0.003050 0.338845 0 0 0
0.731416 -0.004316 0.339058 0 0 0
0.732578 -0.004970 0.339104 0 0 0
0.694575 0.070798 0.311942 0 0 0
0.695453 0.069823 0.312457 0 0 0
0.696287 0.067210 0.313473 0 0 0
0.697166 0.066089 0.313981 0 0 0
0.697910 0.063433 0.314794 0 0 0
0.698735 0.062320 0.315262 0 0 0
0.699503 0.059675 0.316110 0 0 0
0.700270 0.058515 0.316414 0 0 0
0.700906 0.056111 0.317378 0 0 0
0.701419 0.054004 0.318491 0 0 0
0.701811 0.051699 0.319193 0 0 0
0.702213 0.049402 0.319911 0 0 0
0.702787 0.047044 0.320883 0 0 0
0.703798 0.045873 0.321612 0 0 0
0.704699 0.044550 0.322026 0 0 0
0.705189 0.042109 0.322731 0 0 0
0.705698 0.039661 0.323644 0 0 0
0.706612 0.038434 0.324068 0 0 0
0.707654 0.036915 0.324492 0 0 0
0.708695 0.035495 0.324927 0 0 0
0.709730 0.033916 0.325342 0 0 0
0.710795 0.032500 0.325801 0 0 0
0.711782 0.030890 0.326212 0 0 0
0.712674 0.029841 0.326780 0 0 0
0.712537 0.026277 0.327990 0 0 0
0.713384 0.025154 0.328389 0 0 0
0.714264 0.023962 0.328808 0 0 0
0.714693 0.021532 0.329727 0 0 0
0.715113 0.019103 0.330647 0 0 0
0.715980 0.018015 0.331079 0 0 0
0.716786 0.016668 0.331469 0 0 0
0.717488 0.014181 0.332527 0 0 0
0.718029 0.013234 0.332798 0 0 0
0.718499 0.010441 0.333714 0 0 0
0.719367 0.009302 0.334152 0 0 0
0.720182 0.008168 0.334560 0 0 0
0.720767 0.005571 0.335385 0 0 0
0.721931 0.005132 0.335514 0 0 0
0.722577 0.002611 0.336391 0 0 0
0.723280 0.001448 0.336738 0 0 0
0.724214 -0.000021 0.337170 0 0 0
0.725122 -0.001468 0.337592 0 0 0
0.726030 -0.002915 0.338009 0 0 0
0.726993 -0.004199 0.338337 0 0 0
0.728524 -0.005112 0.338355 0 0 0
0.730109 -0.005985 0.338397 0 0 0
0.731128 -0.007230 0.338605 0 0 0
0.732224 -0.007942 0.338619 0 0 0
0.694029 0.070248 0.310873 0 0 0
0.694420 0.067919 0.311484 0 0 0
0.695092 0.065512 0.312418 0 0 0
0.695897 0.064308 0.312758 0 0 0
0.696626 0.061692 0.313546 0 0 0
0.697651 0.060373 0.314099 0 0 0
0.698773 0.058801 0.314549 0 0 0
0.699733 0.057568 0.315068 0 0 0
0.700336 0.055246 0.316005 0 0 0
0.700301 0.051880 0.317178 0 0 0
0.701091 0.050961 0.317774 0 0 0
0.701708 0.048595 0.318788 0 0 0
0.702170 0.046402 0.319723 0 0 0
0.702619 0.043866 0.320267 0 0 0
0.703451 0.042881 0.320823 0 0 0
0.704048 0.040496 0.321831 0 0 0
0.704546 0.038069 0.322724 0 0 0
0.705417 0.036758 0.323096 0 0 0
0.706330 0.035536 0.323506 0 0 0
0.706892 0.032807 0.324404 0 0 0
0.707750 0.031511 0.324749 0 0 0
0.708804 0.030025 0.324942 0 0 0
0.710270 0.029434 0.325241 0 0 0
0.710848 0.027122 0.326117 0 0 0
0.711373 0.024771 0.327078 0 0 0
0.712039 0.023834 0.327418 0 0 0
0.712494 0.021377 0.328353 0 0 0
0.712945 0.018929 0.329295 0 0 0
0.713637 0.018103 0.329671 0 0 0
0.714172 0.015319 0.330612 0 0 0
0.714813 0.014442 0.330955 0 0 0
0.715454 0.011835 0.331989 0 0 0
0.716238 0.010526 0.332360 0 0 0
0.717078 0.009474 0.332788 0 0 0
0.717534 0.006737 0.333706 0 0 0
0.718385 0.005593 0.334142 0 0 0
0.719193 0.004486 0.334551 0 0 0
0.719728 0.001797 0.335550 0 0 0
0.720453 0.000615 0.335909 0 0 0
0.721168 -0.000575 0.336267 0 0 0
0.721762 -0.003104 0.337137 0 0 0
0.723044 -0.003820 0.337255 0 0 0
0.724051 -0.005125 0.337598 0 0 0
0.724959 -0.006580 0.338011 0 0 0
0.725876 -0.007988 0.338293 0 0 0
0.727358 -0.008928 0.338285 0 0 0
0.728869 -0.009829 0.338305 0 0 0
0.729891 -0.011013 0.338520 0 0 0
0.731134 -0.011772 0.338535 0 0 0
0.734143 -0.012148 0.338029 0 0 0
0.734980 -0.012539 0.337979 0 0 0
0.691525 0.069844 0.309081 0 0 0
0.692147 0.067460 0.309826 0 0 0
0.693074 0.066382 0.310382 0 0 0
0.693891 0.063829 0.311384 0 0 0
0.694864 0.062427 0.311783 0 0 0
0.695901 0.061118 0.312342 0 0 0
0.696670 0.058507 0.312889 0 0 0
0.697961 0.057988 0.313204 0 0 0
0.698653 0.055613 0.313928 255 0 0
0.699096 0.053408 0.314818 0 0 0
0.699651 0.051299 0.315975 0 0 0
0.700028 0.049012 0.316678 0 0 0
0.700466 0.046822 0.317589 0 0 0
0.701082 0.044418 0.318581 0 0 0
0.701845 0.043442 0.319069 0 0 0
0.701716 0.040128 0.320337 0 0 0
0.702249 0.037851 0.321257 0 0 0
0.703174 0.036585 0.321690 0 0 0
0.704038 0.035289 0.322060 0 0 0
0.704695 0.032670 0.323019 0 0 0
0.705607 0.031432 0.323426 0 0 0
0.706669 0.029949 0.323646 0 0 0
0.708135 0.029410 0.324078 0 0 0
0.708557 0.026901 0.324654 0 0 0
0.709107 0.024546 0.325634 0 0 0
0.709828 0.023663 0.326031 0 0 0
0.710219 0.021117 0.326919 0 0 0
0.710657 0.018730 0.327676 0 0 0
0.711390 0.017869 0.328221 0 0 0
0.712022 0.015181 0.329250 0 0 0
0.712658 0.014270 0.329604 0 0 0
0.713058 0.011823 0.330515 0 0 0
0.713533 0.009578 0.331176 0 0 0
0.714753 0.009180 0.331503 0 0 0
0.715422 0.006546 0.332389 0 0 0
0.716015 0.005686 0.332716 0 0 0
0.716424 0.003379 0.333661 0 0 0
0.716766 0.000925 0.334624 0 0 0
0.717549 -0.000152 0.335029 0 0 0
0.718465 -0.001709 0.335451 0 0 0
0.719433 -0.003057 0.335921 0 0 0
0.720395 -0.004406 0.336389 0 0 0
0.721232 -0.005922 0.336770 0 0 0
0.722075 -0.007462 0.337144 0 0 0
0.722994 -0.008772 0.337440 0 0 0
0.724600 -0.009561 0.337533 0 0 0
0.726259 -0.010236 0.337534 0 0 0
0.727830 -0.011156 0.337562 0 0 0
0.728816 -0.012319 0.337776 0 0 0
0.730307 -0.013211 0.337790 0 0 0
0.731824 -0.014116 0.337662 0 0 0
0.733376 -0.015128 0.337671 0 0 0
0.734016 -0.015970 0.337874 0 0 0
0.689323 0.069470 0.307498 0 0 0
0.690379 0.068294 0.308073 0 0 0
0.691454 0.066947 0.308661 0 0 0
0.692040 0.064499 0.309407 0 0 0
0.692625 0.062055 0.310163 0 0 0
0.693657 0.060769 0.310722 0 0 0
0.694782 0.059187 0.311173 0 0 0
0.695951 0.057726 0.311748 255 0 0
0.696833 0.056312 0.311980 255 0 0
0.697463 0.053921 0.312917 255 0 0
0.697927 0.051721 0.313831 255 0 0
0.698315 0.049438 0.314539 0 0 0
0.698859 0.047331 0.315701 255 0 0
0.699269 0.045146 0.316592 0 0 0
0.699808 0.042700 0.317370 0 0 0
0.700575 0.041809 0.317869 0 0 0
0.700554 0.038533 0.319401 0 0 0
0.701015 0.036201 0.320118 0 0 0
0.701971 0.034956 0.320698 0 0 0
0.702888 0.033708 0.321148 0 0 0
0.703559 0.031053 0.322088 0 0 0
0.704423 0.029811 0.322249 0 0 0
0.705899 0.029248 0.322670 0 0 0
0.706542 0.026515 0.323342 0 0 0
0.707233 0.025550 0.323703 0 0 0
0.707763 0.023225 0.324657 0 0 0
0.708202 0.020791 0.325587 0 0 0
0.709077 0.019575 0.326051 0 0 0
0.709978 0.018387 0.326651 0 0 0
0.710361 0.015996 0.327378 0 0 0
0.710762 0.013594 0.328137 0 0 0
0.711434 0.012658 0.328650 0 0 0
0.712111 0.010064 0.329755 0 0 0
0.712756 0.009174 0.330237 0 0 0
0.713241 0.006448 0.331007 0 0 0
0.714070 0.005280 0.331445 0 0 0
0.714851 0.004238 0.331851 0 0 0
0.714710 0.000694 0.333341 0 0 0
0.715321 0.000022 0.333700 0 0 0
0.715940 -0.002598 0.334562 0 0 0
0.717051 -0.003019 0.334690 0 0 0
0.717657 -0.005537 0.335555 0 0 0
0.718336 -0.006792 0.335886 0 0 0
0.719269 -0.008092 0.336217 0 0 0
0.720925 -0.008986 0.336443 0 0 0
0.721925 -0.010123 0.336694 0 0 0
0.723324 -0.011159 0.336772 0 0 0
0.724271 -0.012550 0.336930 0 0 0
0.725667 -0.013589 0.337008 0 0 0
0.726658 -0.014753 0.337232 0 0 0
0.728195 -0.015633 0.337275 0 0 0
0.729856 -0.016347 0.337254 0 0 0
0.731370 -0.017261 0.337274 0 0 0
0.732289 -0.018530 0.337603 255 0 0
0.733184 -0.020016 0.338045 255 0 0
0.733762 -0.020976 0.338336 255 0 0
0.688738 0.068829 0.306360 0 0 0
0.689282 0.066341 0.306894 0 0 0
0.690176 0.065200 0.307405 0 0 0
0.691010 0.062615 0.308436 0 0 0
0.691887 0.061497 0.308947 0 0 0
0.692563 0.058785 0.309549 0 0 0
0.693515 0.057452 0.309939 255 0 0
0.694699 0.055955 0.310547 255 0 0
0.695640 0.054597 0.310948 255 0 0
0.696264 0.052241 0.311904 255 0 0
0.696908 0.049840 0.312894 255 0 0
0.697668 0.048847 0.313359 255 0 0
0.697678 0.045597 0.314732 255 0 0
0.698252 0.043271 0.315673 0 0 0
0.699021 0.042288 0.316167 0 0 0
0.698848 0.038884 0.317227 0 0 0
0.699536 0.036743 0.318480 0 0 0
0.700277 0.035723 0.318975 0 0 0
0.700770 0.033315 0.319729 0 0 0
0.701277 0.030826 0.320630 0 0 0
0.702203 0.029653 0.320866 0 0 0
0.703676 0.029095 0.321284 0 0 0
0.704305 0.026384 0.321943 0 0 0
0.705202 0.025183 0.322364 0 0 0
0.706032 0.023884 0.322753 0 0 0
0.706542 0.021568 0.323719 0 0 0
0.707050 0.019258 0.324688 0 0 0
0.707856 0.017963 0.325076 0 0 0
0.708653 0.016682 0.325460 0 0 0
0.709336 0.014140 0.326521 0 0 0
0.710012 0.013202 0.327034 0 0 0
0.710399 0.010799 0.327794 0 0 0
0.710777 0.008413 0.328542 0 0 0
0.711483 0.007571 0.329111 0 0 0
0.712097 0.004891 0.330167 0 0 0
0.712693 0.004047 0.330497 0 0 0
0.712992 0.001455 0.331423 0 0 0
0.713412 -0.000335 0.332424 0 0 0
0.713678 -0.002906 0.333339 0 0 0
0.714418 -0.004003 0.333724 0 0 0
0.715170 -0.005182 0.334117 0 0 0
0.715783 -0.007685 0.335012 0 0 0
0.717156 -0.008324 0.335195 0 0 0
0.718101 -0.009617 0.335518 0 0 0
0.718901 -0.011248 0.335855 0 0 0
0.719799 -0.012569 0.336142 0 0 0
0.721341 -0.013472 0.336173 0 0 0
0.722993 -0.014141 0.336176 0 0 0
0.724608 -0.014944 0.336266 0 0 0
0.725551 -0.016169 0.336460 0 0 0
0.726983 -0.017133 0.336581 0 0 0
0.727834 -0.018629 0.336829 0 0 0
0.728715 -0.019892 0.337137 255 0 0
0.730233 -0.020890 0.337307 255 0 0
0.731101 -0.022213 0.337611 255 0 0
0.732010 -0.023584 0.338072 255 0 0
0.732617 -0.024557 0.338390 0 0 0
0.686422 0.068269 0.304495 0 0 0
0.687418 0.067032 0.304923 0 0 0
0.688545 0.065758 0.305649 255 0 0
0.689082 0.063231 0.306231 0 0 0
0.689772 0.060836 0.307203 0 0 0
0.690708 0.059499 0.307588 0 0 0
0.691967 0.058080 0.308383 255 0 0
0.692919 0.056745 0.308790 255 0 0
0.693656 0.054102 0.309584 255 0 0
0.694431 0.052934 0.309929 255 0 0
0.695069 0.050550 0.310894 255 0 0
0.695633 0.048101 0.311673 255 0 0
0.696396 0.047110 0.312139 0 0 0
0.696417 0.043824 0.313517 255 0 0
0.697012 0.041547 0.314499 255 0 0
0.697731 0.040500 0.314954 255 0 0
0.698376 0.038293 0.316159 255 0 0
0.698302 0.034917 0.317294 255 0 0
0.698937 0.033908 0.317572 0 0 0
0.699532 0.031524 0.318577 0 0 0
0.700233 0.029304 0.319514 0 0 0
0.701363 0.028873 0.319824 0 0 0
0.702095 0.026252 0.320546 0 0 0
0.702978 0.025053 0.320973 0 0 0
0.704012 0.023531 0.321421 0 0 0
0.704880 0.022344 0.321850 0 0 0
0.705328 0.019910 0.322787 0 0 0
0.705746 0.017550 0.323522 0 0 0
0.706643 0.016361 0.324111 0 0 0
0.707502 0.015154 0.324567 0 0 0
0.708031 0.012443 0.325362 0 0 0
0.708692 0.011538 0.325839 0 0 0
0.709386 0.008946 0.326958 0 0 0
0.710065 0.008179 0.327494 0 0 0
0.709900 0.004588 0.328780 0 0 0
0.710519 0.003888 0.329135 0 0 0
0.711088 0.001101 0.330149 0 0 0
0.711700 0.000423 0.330507 0 0 0
0.711467 -0.003156 0.331766 0 0 0
0.712323 -0.004127 0.332390 0 0 0
0.713121 -0.005243 0.332842 0 0 0
0.713574 -0.007993 0.333811 0 0 0
0.714342 -0.008964 0.334227 0 0 0
0.715204 -0.010606 0.334616 0 0 0
0.716108 -0.011879 0.334935 0 0 0
0.717754 -0.012767 0.335165 0 0 0
0.718752 -0.013884 0.335413 0 0 0
0.720248 -0.014777 0.335437 0 0 0
0.721724 -0.015721 0.335425 0 0 0
0.722666 -0.017089 0.335579 0 0 0
0.724116 -0.018116 0.335664 0 0 0
0.724961 -0.019360 0.335702 0 0 0
0.726624 -0.020153 0.336110 255 0 0
0.727505 -0.021507 0.336419 255 0 0
0.728359 -0.022834 0.336696 0 0 0
0.729732 -0.023486 0.336894 0 0 0
0.730256 -0.025980 0.337794 0 0 0
0.730865 -0.027056 0.338138 0 0 0
0.731722 -0.028501 0.338589 0 0 0
0.732587 -0.029955 0.339042 0 0 0
0.733134 -0.030877 0.339330 0 0 0
0.685118 0.069629 0.301993 0 0 0
0.685915 0.067448 0.303198 0 0 0
0.686746 0.066242 0.303513 255 0 0
0.687549 0.063593 0.304382 0 0 0
0.688445 0.062548 0.305009 0 0 0
0.689282 0.059989 0.306063 0 0 0
0.690100 0.058805 0.306410 0 0 0
0.690792 0.056083 0.307031 255 0 0
0.691649 0.054979 0.307543 255 0 0
0.692466 0.052409 0.308574 255 0 0
0.693236 0.051255 0.308920 255 0 0
0.694043 0.048683 0.309957 255 0 0
0.694870 0.047604 0.310475 0 0 0
0.695390 0.045171 0.311234 0 0 0
0.695896 0.043074 0.312373 255 0 0
0.696304 0.040818 0.313123 255 0 0
0.696763 0.038647 0.314085 255 0 0
0.697126 0.036468 0.314964 0 0 0
0.697734 0.034128 0.316016 255 0 0
0.698461 0.033132 0.316491 0 0 0
0.699027 0.030751 0.317487 0 0 0
0.699531 0.028331 0.318257 0 0 0
0.700219 0.027262 0.318608 0 0 0
0.700870 0.024572 0.319402 0 0 0
0.701716 0.023319 0.319810 0 0 0
0.702613 0.022133 0.320371 0 0 0
0.703246 0.019510 0.321382 0 0 0
0.704124 0.018295 0.321845 0 0 0
0.705021 0.017101 0.322433 0 0 0
0.705434 0.014737 0.323173 0 0 0
0.705934 0.012342 0.323832 0 0 0
0.707149 0.011945 0.324284 0 0 0
0.707669 0.009694 0.324996 0 0 0
0.707965 0.007612 0.325909 0 0 0
0.708178 0.005386 0.326825 0 0 0
0.708525 0.003426 0.327796 0 0 0
0.708919 0.000973 0.328767 0 0 0
0.709513 0.000112 0.329121 0 0 0
0.710105 -0.002571 0.330196 0 0 0
0.710773 -0.003375 0.330762 0 0 0
0.711107 -0.005711 0.331496 0 0 0
0.711368 -0.008172 0.332214 0 0 0
0.712082 -0.008875 0.332823 0 0 0
0.712561 -0.011629 0.333501 0 0 0
0.713882 -0.012190 0.333828 0 0 0
0.714899 -0.013390 0.334218 0 0 0
0.715747 -0.015068 0.334563 0 0 0
0.716613 -0.016451 0.334653 0 0 0
0.718093 -0.017346 0.334615 0 0 0
0.719646 -0.018133 0.334575 0 0 0
0.721332 -0.018720 0.334770 0 0 0
0.723051 -0.019423 0.334817 0 0 0
0.724413 -0.019910 0.335045 0 0 0
0.724891 -0.022437 0.335506 0 0 0
0.726269 -0.023139 0.335707 0 0 0
0.726961 -0.024065 0.335961 0 0 0
0.727411 -0.026796 0.336994 0 0 0
0.727840 -0.027559 0.337268 0 0 0
0.728343 -0.030166 0.338365 0 0 0
0.728981 -0.031252 0.338736 0 0 0
0.729841 -0.032677 0.339184 0 0 0
0.730737 -0.033907 0.339515 0 0 0
0.732187 -0.034824 0.339537 0 0 0
0.733801 -0.035626 0.339463 0 0 0
0.734897 -0.036160 0.339408 255 0 0
0.684624 0.068783 0.300699 0 0 0
0.685312 0.066426 0.301646 0 0 0
0.686173 0.065293 0.302113 0 0 0
0.686842 0.062807 0.302942 0 0 0
0.687336 0.060503 0.303693 0 0 0
0.687992 0.058147 0.304666 0 0 0
0.689009 0.056844 0.305231 0 0 0
0.690052 0.055530 0.305820 255 0 0
0.690622 0.053113 0.306595 255 0 0
0.691276 0.050728 0.307569 255 0 0
0.692044 0.049568 0.307915 255 0 0
0.692775 0.046944 0.308743 255 0 0
0.693596 0.045868 0.309260 0 0 0
0.694219 0.043499 0.310258 0 0 0
0.694846 0.041106 0.311265 0 0 0
0.695573 0.040134 0.311717 0 0 0
0.695519 0.036809 0.312910 0 0 0
0.696096 0.034493 0.313883 0 0 0
0.696831 0.033489 0.314362 255 0 0
0.697428 0.031163 0.315414 0 0 0
0.697971 0.028790 0.316396 0 0 0
0.698710 0.027783 0.316902 0 0 0
0.699363 0.025182 0.317765 0 0 0
0.700280 0.023965 0.318347 255 0 0
0.701127 0.022715 0.318762 255 0 0
0.701576 0.020282 0.319505 0 0 0
0.702021 0.017854 0.320247 0 0 0
0.702843 0.016616 0.320660 0 0 0
0.703720 0.015423 0.321241 0 0 0
0.704402 0.012848 0.322301 0 0 0
0.705197 0.011648 0.322700 0 0 0
0.705975 0.010437 0.323078 0 0 0
0.706465 0.008064 0.324072 0 0 0
0.706676 0.005872 0.324771 0 0 0
0.707005 0.003785 0.325756 0 0 0
0.707343 0.001792 0.326940 0 0 0
0.707686 -0.000574 0.327706 0 0 0
0.708303 -0.001481 0.328204 0 0 0
0.708859 -0.004106 0.329090 0 0 0
0.709454 -0.004994 0.329583 0 0 0
0.710102 -0.007571 0.330735 0 0 0
0.710730 -0.008281 0.331283 0 0 0
0.710522 -0.011789 0.332221 0 0 0
0.711863 -0.012256 0.332706 0 0 0
0.712584 -0.013344 0.332857 0 0 0
0.713110 -0.015981 0.333446 0 0 0
0.714534 -0.016491 0.333729 0 0 0
0.716224 -0.017087 0.333948 0 0 0
0.717832 -0.017810 0.333964 0 0 0
0.719330 -0.018708 0.333930 0 0 0
0.720242 -0.020077 0.333899 0 0 0
0.721595 -0.021129 0.333954 0 0 0
0.722492 -0.022505 0.334256 0 0 0
0.723450 -0.023743 0.334754 0 0 0
0.724249 -0.025345 0.335155 0 0 0
0.724913 -0.026353 0.335533 0 0 0
0.725362 -0.029041 0.336580 0 0 0
0.725833 -0.029625 0.336866 0 0 0
0.725741 -0.032971 0.338390 0 0 0
0.726613 -0.033338 0.338458 0 0 0
0.727411 -0.035515 0.339275 0 0 0
0.728628 -0.036163 0.339282 0 0 0
0.730216 -0.036957 0.339217 0 0 0
0.731684 -0.037886 0.339237 0 0 0
0.732680 -0.038991 0.339465 0 0 0
0.733685 -0.039671 0.339498 0 0 0
0.683365 0.069789 0.297953 0 0 0
0.684001 0.067775 0.299086 0 0 0
0.684589 0.065558 0.300059 0 0 0
0.685226 0.063083 0.300863 0 0 0
0.686130 0.062022 0.301497 0 0 0
0.686818 0.059660 0.302520 0 0 0
0.687372 0.057451 0.303481 0 0 0
0.687928 0.054926 0.304091 255 0 0
0.688779 0.053798 0.304594 0 0 0
0.689433 0.051421 0.305587 255 0 0
0.690074 0.049070 0.306561 255 0 0
0.691021 0.047702 0.306976 0 0 0
0.692031 0.046418 0.307554 0 0 0
0.692572 0.044007 0.308334 255 0 0
0.693027 0.041827 0.309266 255 0 0
0.693570 0.039395 0.310058 0 0 0
0.694338 0.038351 0.310558 0 0 0
0.694998 0.036078 0.311780 0 0 0
0.695618 0.033708 0.312795 0 0 0
0.696260 0.032699 0.313078 0 0 0
0.696185 0.029337 0.314250 0 0 0
0.696730 0.027084 0.315231 0 0 0
0.697432 0.026099 0.315719 0 0 0
0.698167 0.023515 0.316759 0 0 0
0.698946 0.022171 0.316998 0 0 0
0.699840 0.020979 0.317544 255 0 0
0.700539 0.018450 0.318624 0 0 0
0.701433 0.017256 0.319211 0 0 0
0.702259 0.016024 0.319629 0 0 0
0.702687 0.013593 0.320375 0 0 0
0.703245 0.011287 0.321074 0 0 0
0.704379 0.010858 0.321467 0 0 0
0.704944 0.008576 0.322191 0 0 0
0.705350 0.006171 0.323007 0 0 0
0.706054 0.005330 0.323685 0 0 0
0.706498 0.003125 0.324709 0 0 0
0.706267 -0.000263 0.325894 0 0 0
0.706839 -0.001023 0.326344 0 0 0
0.707436 -0.003711 0.327258 0 0 0
0.708023 -0.004540 0.327737 0 0 0
0.708474 -0.006837 0.328818 0 0 0
0.708574 -0.008974 0.329433 0 0 0
0.708993 -0.011413 0.330487 0 0 0
0.709773 -0.012373 0.331068 0 0 0
0.710587 -0.013819 0.331340 0 0 0
0.711578 -0.015271 0.331984 0 0 0
0.712462 -0.016626 0.332452 0 0 0
0.713367 -0.017866 0.332753 0 0 0
0.714795 -0.018983 0.332841 0 0 0
0.715715 -0.020345 0.332825 0 0 0
0.717175 -0.021244 0.332816 0 0 0
0.718838 -0.021815 0.333032 0 0 0
0.720519 -0.022621 0.333187 0 0 0
0.721252 -0.023597 0.333460 0 0 0
0.721730 -0.026191 0.334279 0 0 0
0.722800 -0.026571 0.334429 0 0 0
0.723331 -0.029173 0.335318 0 0 0
0.723852 -0.029703 0.335638 0 0 0
0.723540 -0.033277 0.337220 0 0 0
0.724160 -0.034186 0.337589 0 0 0
0.724825 -0.035276 0.337985 0 0 0
0.725215 -0.037978 0.339015 0 0 0
0.725875 -0.038851 0.339280 0 0 0
0.727459 -0.039728 0.339383 0 0 0
0.729009 -0.040494 0.339318 0 0 0
0.730554 -0.041250 0.339241 0 0 0
0.732098 -0.042018 0.339171 0 0 0
0.733552 -0.043000 0.339197 0 0 0
0.734094 -0.043889 0.339341 0 0 0
0.682903 0.069030 0.296830 255 0 0
0.683444 0.066835 0.297714 0 0 0
0.683950 0.064527 0.298463 0 0 0
0.684605 0.062389 0.299655 0 0 0
0.685070 0.060094 0.300383 0 0 0
0.685606 0.057873 0.301325 0 0 0
0.686227 0.055388 0.302123 0 0 0
0.687109 0.054295 0.302651 0 0 0
0.687779 0.051938 0.303671 0 0 0
0.688247 0.049743 0.304585 255 0 0
0.688892 0.047363 0.305546 255 0 0
0.689776 0.045953 0.305797 0 0 0
0.690761 0.044682 0.306343 0 0 0
0.691380 0.042336 0.307341 255 0 0
0.692008 0.039967 0.308352 0 0 0
0.692812 0.038909 0.308877 0 0 0
0.693343 0.036492 0.309672 0 0 0
0.693771 0.034327 0.310608 0 0 0
0.694306 0.031908 0.311424 255 0 0
0.695033 0.030882 0.311907 0 0 0
0.695670 0.028616 0.313144 0 0 0
0.696105 0.026478 0.314125 0 0 0
0.696421 0.024243 0.314843 0 0 0
0.697046 0.021924 0.315576 255 0 0
0.698218 0.021475 0.315951 255 0 0
0.698808 0.019167 0.316665 0 0 0
0.699339 0.016804 0.317627 0 0 0
0.700096 0.015473 0.317870 0 0 0
0.700969 0.014299 0.318418 0 0 0
0.701659 0.011774 0.319512 0 0 0
0.702522 0.010614 0.320064 0 0 0
0.703303 0.009402 0.320353 0 0 0
0.703924 0.006701 0.321370 0 0 0
0.704584 0.005798 0.321868 0 0 0
0.704979 0.003417 0.322664 0 0 0
0.705218 0.001336 0.323568 0 0 0
0.705782 -0.000900 0.324873 0 0 0
0.706293 -0.001822 0.325153 0 0 0
0.706988 -0.004418 0.326277 0 0 0
0.707458 -0.005245 0.326528 0 0 0
0.707391 -0.008827 0.327821 0 0 0
0.707956 -0.009472 0.328406 0 0 0
0.708586 -0.012041 0.329568 0 0 0
0.709225 -0.013288 0.329773 0 0 0
0.710023 -0.014385 0.330335 0 0 0
0.710601 -0.016974 0.330869 0 0 0
0.711637 -0.017371 0.331285 0 0 0
0.712274 -0.019799 0.331668 0 0 0
0.713630 -0.020359 0.331911 0 0 0
0.715335 -0.021000 0.332117 0 0 0
0.716845 -0.021813 0.332186 0 0 0
0.717703 -0.023186 0.332278 0 0 0
0.718469 -0.024850 0.332600 0 0 0
0.719303 -0.026245 0.333026 0 0 0
0.720253 -0.027453 0.333538 0 0 0
0.721091 -0.029060 0.333973 0 0 0
0.721803 -0.029968 0.334391 0 0 0
0.721937 -0.032491 0.335341 0 0 0
0.722383 -0.034577 0.336414 0 0 0
0.722845 -0.035310 0.336744 0 0 0
0.723199 -0.038103 0.337776 0 0 0
0.723868 -0.039066 0.338177 0 0 0
0.724657 -0.040536 0.338565 0 0 0
0.725416 -0.041968 0.338669 0 0 0
0.726866 -0.042748 0.338864 0 0 0
0.728465 -0.043464 0.338867 0 0 0
0.730077 -0.044132 0.338840 0 0 0
0.731663 -0.044924 0.338755 0 0 0
0.733166 -0.045659 0.338699 0 0 0
0.734585 -0.046605 0.338731 0 0 0
0.735143 -0.047544 0.338864 0 0 0
0.681038 0.069296 0.294448 0 0 0
0.681649 0.067202 0.295424 255 0 0
0.682358 0.064795 0.296419 0 0 0
0.683252 0.063790 0.297032 0 0 0
0.683389 0.060532 0.298465 0 0 0
0.683831 0.058305 0.299156 0 0 0
0.684520 0.055943 0.300179 0 0 0
0.685606 0.054709 0.300919 0 0 0
0.686520 0.053426 0.301293 0 0 0
0.686552 0.050102 0.302485 255 0 0
0.687093 0.048062 0.303611 255 0 0
0.687784 0.045705 0.304343 0 0 0
0.689038 0.045203 0.304671 0 0 0
0.689727 0.042848 0.305411 0 0 0
0.690195 0.040674 0.306354 0 0 0
0.690757 0.038254 0.307173 0 0 0
0.691546 0.037194 0.307681 0 0 0
0.692158 0.034829 0.308697 255 0 0
0.692692 0.032365 0.309492 255 0 0
0.693480 0.031359 0.310023 255 0 0
0.694072 0.029035 0.311066 255 0 0
0.694443 0.026883 0.311986 255 0 0
0.694834 0.024739 0.312937 255 0 0
0.695398 0.022375 0.313935 255 0 0
0.696240 0.021127 0.314333 255 0 0
0.697073 0.019884 0.314730 255 0 0
0.697613 0.017512 0.315723 0 0 0
0.698203 0.015213 0.316441 0 0 0
0.699365 0.014788 0.316838 0 0 0
0.699940 0.012481 0.317553 0 0 0
0.700366 0.010081 0.318329 0 0 0
0.701052 0.009165 0.318845 0 0 0
0.701681 0.006518 0.319898 0 0 0
0.702525 0.005359 0.320348 0 0 0
0.703363 0.004201 0.320800 0 0 0
0.703776 0.001792 0.321780 0 0 0
0.704051 -0.000251 0.322700 255 0 0
0.704511 -0.002584 0.323715 255 0 0
0.705053 -0.003554 0.324043 0 0 0
0.705632 -0.006238 0.324865 0 0 0
0.706146 -0.007145 0.325149 0 0 0
0.706793 -0.009269 0.326778 0 0 0
0.706820 -0.011503 0.327170 0 0 0
0.707448 -0.013681 0.328182 0 0 0
0.708415 -0.014040 0.328555 0 0 0
0.709104 -0.016587 0.329334 0 0 0
0.709783 -0.017680 0.329713 255 0 0
0.710675 -0.019068 0.330191 0 0 0
0.711648 -0.020445 0.330809 0 0 0
0.712484 -0.021741 0.330978 0 0 0
0.713943 -0.022736 0.331109 0 0 0
0.714808 -0.024222 0.331370 0 0 0
0.715695 -0.025467 0.331689 0 0 0
0.717349 -0.026373 0.331957 0 0 0
0.718062 -0.027305 0.332246 0 0 0
0.718537 -0.029902 0.333075 0 0 0
0.719594 -0.030274 0.333225 0 0 0
0.720108 -0.032858 0.334124 0 0 0
0.720658 -0.033511 0.334512 0 0 0
0.720898 -0.035877 0.335485 0 0 0
0.721135 -0.038211 0.336454 0 0 0
0.721805 -0.039221 0.336888 0 0 0
0.722652 -0.040622 0.337353 0 0 0
0.723561 -0.041819 0.337736 0 0 0
0.725065 -0.042640 0.338112 0 0 0
0.725873 -0.043877 0.338137 0 0 0
0.727273 -0.044898 0.338242 0 0 0
0.728153 -0.046250 0.338370 0 0 0
0.729221 -0.046985 0.338360 0 0 0
0.732146 -0.047411 0.338045 0 0 0
0.732695 -0.048376 0.338162 0 0 0
0.734289 -0.049173 0.338267 0 0 0
0.735775 -0.050015 0.338163 0 0 0
0.736862 -0.050588 0.338092 0 0 0
0.679840 0.070478 0.291927 0 0 0
0.680508 0.068478 0.293100 0 0 0
0.681083 0.066250 0.294036 0 0 0
0.681730 0.064095 0.295196 0 0 0
0.682124 0.061773 0.295699 0 0 0
0.682320 0.058604 0.297329 255 0 0
0.683226 0.057690 0.297994 255 0 0
0.683948 0.055314 0.299058 0 0 0
0.684521 0.052770 0.299787 0 0 0
0.685297 0.051607 0.300120 0 0 0
0.686009 0.049383 0.301291 0 0 0
0.686023 0.046045 0.302483 0 0 0
0.686967 0.044882 0.303006 0 0 0
0.687912 0.043547 0.303435 0 0 0
0.688542 0.041169 0.304423 0 0 0
0.689110 0.038711 0.305225 0 0 0
0.689932 0.037666 0.305758 0 0 0
0.690494 0.035241 0.306582 0 0 0
0.691075 0.032924 0.307600 255 0 0
0.692082 0.031748 0.308349 0 0 0
0.692902 0.030539 0.308720 255 0 0
0.692832 0.027207 0.309910 255 0 0
0.693220 0.025153 0.310836 255 0 0
0.693679 0.023102 0.312017 255 0 0
0.694264 0.020782 0.312717 255 0 0
0.695431 0.020331 0.313088 255 0 0
0.696047 0.018037 0.313830 0 0 0
0.696582 0.015703 0.314851 0 0 0
0.697467 0.014518 0.315406 0 0 0
0.698218 0.013198 0.315648 255 0 0
0.698931 0.010638 0.316716 255 0 0
0.699673 0.009764 0.317296 0 0 0
0.700027 0.007271 0.318042 0 0 0
0.700452 0.004920 0.318805 0 0 0
0.701122 0.004003 0.319321 0 0 0
0.701647 0.001294 0.320139 0 0 0
0.702359 0.000445 0.320739 0 0 0
0.702828 -0.001863 0.321788 0 0 0
0.703292 -0.004132 0.322805 255 0 0
0.704028 -0.005357 0.323224 0 0 0
0.705080 -0.006763 0.323915 0 0 0
0.705771 -0.007690 0.324313 0 0 0
0.705603 -0.011315 0.325505 0 0 0
0.706207 -0.012011 0.326120 0 0 0
0.706763 -0.014587 0.327046 0 0 0
0.707288 -0.015506 0.327378 0 0 0
0.707969 -0.018063 0.328158 255 0 0
0.708988 -0.018438 0.328570 0 0 0
0.709544 -0.020957 0.329102 0 0 0
0.710312 -0.022048 0.329689 0 0 0
0.711167 -0.023505 0.330143 0 0 0
0.712058 -0.024825 0.330472 0 0 0
0.713670 -0.025708 0.330718 0 0 0
0.714543 -0.026950 0.331042 0 0 0
0.715289 -0.028558 0.331397 0 0 0
0.716118 -0.029954 0.331828 0 0 0
0.717064 -0.031151 0.332345 0 0 0
0.717896 -0.032755 0.332786 0 0 0
0.718604 -0.033648 0.333204 0 0 0
0.718993 -0.036396 0.334253 0 0 0
0.719517 -0.037033 0.334628 0 0 0
0.719971 -0.039654 0.335704 0 0 0
0.720561 -0.040725 0.336056 0 0 0
0.721385 -0.042139 0.336515 0 0 0
0.722150 -0.043525 0.336923 0 0 0
0.722964 -0.044803 0.337239 0 0 0
0.724506 -0.045718 0.337470 0 0 0
0.725402 -0.046807 0.337685 0 0 0
0.726941 -0.047640 0.337757 0 0 0
0.728441 -0.048344 0.337713 0 0 0
0.729890 -0.049219 0.337586 0 0 0
0.731416 -0.050126 0.337620 0 0 0
0.732205 -0.051296 0.337786 0 0 0
0.733629 -0.052329 0.337941 0 0 0
0.734540 -0.053451 0.338147 0 0 0
0.735573 -0.054057 0.338216 0 0 0
0.679388 0.069712 0.290809 0 0 0
0.679935 0.067518 0.291690 0 0 0
0.680503 0.065346 0.292625 0 0 0
0.680629 0.062016 0.293895 255 0 0
0.681484 0.061076 0.294474 255 0 0
0.681664 0.057964 0.296092 255 0 0
0.681518 0.054862 0.297327 0 0 0
0.682108 0.052526 0.298107 0 0 0
0.683194 0.051276 0.298728 0 0 0
0.684157 0.049903 0.299146 0 0 0
0.684782 0.047555 0.300111 0 0 0
0.685513 0.045276 0.301333 0 0 0
0.686288 0.044129 0.301680 0 0 0
0.686883 0.041687 0.302487 0 0 0
0.687511 0.039342 0.303497 0 0 0
0.688494 0.038070 0.304080 0 0 0
0.689370 0.036771 0.304460 0 0 0
0.689983 0.034437 0.305469 0 0 0
0.690453 0.032278 0.306447 255 0 0
0.690918 0.029772 0.307041 0 0 0
0.691666 0.028751 0.307545 0 0 0
0.692314 0.026483 0.308800 0 0 0
0.692707 0.024445 0.309731 0 0 0
0.692594 0.021132 0.310947 0 0 0
0.693519 0.020098 0.311639 255 0 0
0.694311 0.018737 0.311913 255 0 0
0.694853 0.016399 0.312892 255 0 0
0.695385 0.014097 0.313892 255 0 0
0.696206 0.012815 0.314296 0 0 0
0.697084 0.011641 0.314749 0 0 0
0.697527 0.009242 0.315697 0 0 0
0.698055 0.006959 0.316718 0 0 0
0.698933 0.005764 0.317212 0 0 0
0.699815 0.004613 0.317836 0 0 0
0.700408 0.001992 0.318714 0 0 0
0.701066 0.001102 0.319248 0 0 0
0.701467 -0.001277 0.320056 0 0 0
0.701714 -0.003349 0.320986 0 0 0
0.702084 -0.005744 0.321930 255 0 0
0.702830 -0.006950 0.322313 0 0 0
0.703565 -0.008144 0.322690 0 0 0
0.704157 -0.010851 0.323740 0 0 0
0.704743 -0.011664 0.324128 0 0 0
0.705382 -0.014233 0.325236 0 0 0
0.705871 -0.015133 0.325536 0 0 0
0.706428 -0.017758 0.326422 255 0 0
0.707132 -0.018740 0.326949 0 0 0
0.708051 -0.020174 0.327493 0 0 0
0.708835 -0.021315 0.328095 0 0 0
0.709308 -0.023848 0.328929 0 0 0
0.709970 -0.025010 0.329311 0 0 0
0.710795 -0.026429 0.329733 0 0 0
0.711618 -0.028007 0.330101 0 0 0
0.712460 -0.029298 0.330280 0 0 0
0.714127 -0.030071 0.330734 0 0 0
0.714886 -0.031006 0.331059 0 0 0
0.715360 -0.033593 0.331898 0 0 0
0.716401 -0.033972 0.332046 0 0 0
0.716810 -0.036608 0.332693 0 0 0
0.717376 -0.037238 0.333200 0 0 0
0.717825 -0.039888 0.334323 0 0 0
0.718498 -0.040893 0.334762 0 0 0
0.719332 -0.042277 0.335235 0 0 0
0.720143 -0.043655 0.335687 0 0 0
0.720945 -0.045012 0.336137 0 0 0
0.721759 -0.046275 0.336598 0 0 0
0.722488 -0.047873 0.336992 0 0 0
0.723277 -0.049035 0.337295 0 0 0
0.724835 -0.049860 0.337398 0 0 0
0.726370 -0.050618 0.337334 0 0 0
0.727888 -0.051370 0.337257 0 0 0
0.729428 -0.052129 0.337192 0 0 0
0.730940 -0.052966 0.337255 0 0 0
0.731797 -0.054045 0.337458 0 0 0
0.733238 -0.055061 0.337625 0 0 0
0.734072 -0.056143 0.337819 0 0 0
0.735563 -0.057114 0.337841 0 0 0
0.736597 -0.057641 0.337795 0 0 0
0.678044 0.070712 0.287851 0 0 0
0.678146 0.067820 0.289425 0 0 0
0.678717 0.065650 0.290351 255 0 0
0.679272 0.063409 0.291274 255 0 0
0.679915 0.061277 0.292445 0 0 0
0.680432 0.059131 0.293353 0 0 0
0.680409 0.056179 0.294860 0 0 0
0.680570 0.053042 0.296426 0 0 0
0.681343 0.051940 0.296754 0 0 0
0.682130 0.049342 0.297619 0 0 0
0.682962 0.048253 0.298122 0 0 0
0.683628 0.045876 0.299139 0 0 0
0.684216 0.043453 0.299951 0 0 0
0.685053 0.042373 0.300481 0 0 0
0.685704 0.040014 0.301504 0 0 0
0.686267 0.037579 0.302288 0 0 0
0.687189 0.036274 0.302708 0 0 0
0.688160 0.035015 0.303290 0 0 0
0.688760 0.032683 0.304306 0 0 0
0.689377 0.030328 0.305341 0 0 0
0.690161 0.029301 0.305873 0 0 0
0.690679 0.026903 0.306686 0 0 0
0.691089 0.024743 0.307644 0 0 0
0.691390 0.022531 0.308336 0 0 0
0.691985 0.020581 0.309833 255 0 0
0.692377 0.018101 0.310389 255 0 0
0.693109 0.017114 0.310917 255 0 0
0.693657 0.014765 0.311955 255 0 0
0.694118 0.012398 0.312751 0 0 0
0.694881 0.011535 0.313320 0 0 0
0.695415 0.008718 0.314144 0 0 0
0.696170 0.008035 0.314708 0 0 0
0.696043 0.004454 0.316034 0 0 0
0.696677 0.003624 0.316531 0 0 0
0.697291 0.000970 0.317415 0 0 0
0.697936 0.000085 0.317941 0 0 0
0.698630 -0.002504 0.319083 0 0 0
0.699203 -0.003438 0.319418 0 0 0
0.699886 -0.005974 0.320526 255 0 0
0.700679 -0.007077 0.320963 0 0 0
0.701642 -0.008553 0.321438 0 0 0
0.702366 -0.009755 0.321827 0 0 0
0.703074 -0.012220 0.322599 0 0 0
0.704024 -0.012506 0.322949 0 0 0
0.704299 -0.015773 0.324084 0 0 0
0.705164 -0.016048 0.324392 0 0 0
0.705981 -0.018445 0.325480 0 0 0
0.706488 -0.019357 0.325795 0 0 0
0.706928 -0.022060 0.326421 0 0 0
0.707497 -0.022903 0.326930 0 0 0
0.707979 -0.025478 0.327820 0 0 0
0.708740 -0.026535 0.328418 0 0 0
0.709638 -0.027989 0.328914 0 0 0
0.710635 -0.029226 0.329316 0 0 0
0.711910 -0.029785 0.329659 0 0 0
0.712245 -0.032519 0.330245 0 0 0
0.712932 -0.033626 0.330643 0 0 0
0.713828 -0.034934 0.331124 0 0 0
0.714843 -0.036161 0.331544 0 0 0
0.716184 -0.036814 0.331973 0 0 0
0.716415 -0.039051 0.332601 0 0 0
0.716679 -0.041275 0.333557 0 0 0
0.717271 -0.042391 0.333940 0 0 0
0.718099 -0.043791 0.334409 0 0 0
0.718926 -0.045181 0.334880 0 0 0
0.719578 -0.046141 0.335287 0 0 0
0.719993 -0.048690 0.336173 0 0 0
0.721289 -0.049309 0.336390 0 0 0
0.722083 -0.050599 0.336675 0 0 0
0.722827 -0.051874 0.336939 0 0 0
0.724366 -0.052713 0.337033 0 0 0
0.725894 -0.053468 0.336970 0 0 0
0.727413 -0.054234 0.336900 0 0 0
0.728861 -0.055146 0.336933 0 0 0
0.729763 -0.056162 0.337161 0 0 0
0.731147 -0.057238 0.337304 0 0 0
0.732039 -0.058245 0.337529 0 0 0
0.733488 -0.059172 0.337571 0 0 0
0.734899 -0.060094 0.337618 0 0 0
0.735713 -0.061263 0.337950 0 0 0
0.736514 -0.062677 0.338423 0 0 0
0.736970 -0.063514 0.338703 0 0 0
0.677409 0.072595 0.284803 0 0 0
0.677544 0.069850 0.286540 0 0 0
0.677583 0.066873 0.288039 0 0 0
0.678147 0.064700 0.288955 0 0 0
0.678779 0.062564 0.290110 0 0 0
0.679311 0.060390 0.291016 0 0 0
0.679278 0.057369 0.292369 0 0 0
0.679242 0.054494 0.293858 0 0 0
0.679463 0.051433 0.295205 0 0 0
0.680689 0.051011 0.295491 0 0 0
0.681488 0.048649 0.296441 0 0 0
0.681944 0.046401 0.297191 0 0 0
0.682615 0.044022 0.298217 0 0 0
0.683457 0.042935 0.298746 0 0 0
0.684045 0.040525 0.299567 0 0 0
0.684602 0.038120 0.300386 0 0 0
0.685662 0.036920 0.301154 0 0 0
0.686585 0.035613 0.301592 0 0 0
0.687134 0.033189 0.302385 0 0 0
0.687579 0.031034 0.303342 0 0 0
0.688117 0.028631 0.304161 0 0 0
0.688893 0.027600 0.304690 0 0 0
0.689490 0.025258 0.305729 0 0 0
0.690097 0.022905 0.306784 0 0 0
0.690826 0.022072 0.307310 0 0 0
0.690819 0.018517 0.308532 0 0 0
0.691606 0.017665 0.309214 0 0 0
0.692091 0.015283 0.310056 0 0 0
0.692659 0.012936 0.311115 0 0 0
0.693391 0.012120 0.311670 0 0 0
0.693375 0.008657 0.312706 0 0 0
0.694612 0.008426 0.313182 0 0 0
0.694653 0.004998 0.314473 0 0 0
0.695412 0.004300 0.315085 0 0 0
0.695979 0.001624 0.315935 0 0 0
0.696709 0.000777 0.316525 0 0 0
0.697127 -0.001572 0.317333 255 0 0
0.697447 -0.004053 0.318078 0 0 0
0.698088 -0.004928 0.318576 255 0 0
0.698666 -0.007588 0.319431 255 0 0
0.699398 -0.008727 0.319829 0 0 0
0.700416 -0.010084 0.320513 255 0 0
0.701344 -0.011545 0.321016 255 0 0
0.702339 -0.012894 0.321641 255 0 0
0.702937 -0.014103 0.321839 0 0 0
0.703569 -0.016627 0.322908 0 0 0
0.704094 -0.017517 0.323249 0 0 0
0.704601 -0.020160 0.324102 0 0 0
0.705406 -0.021279 0.324746 0 0 0
0.706201 -0.022392 0.325389 0 0 0
0.706690 -0.024966 0.326289 0 0 0
0.707248 -0.025789 0.326799 0 0 0
0.707734 -0.028339 0.327666 0 0 0
0.708385 -0.029490 0.328050 0 0 0
0.709201 -0.030914 0.328478 0 0 0
0.710040 -0.032383 0.328920 0 0 0
0.711040 -0.033596 0.329480 0 0 0
0.711885 -0.035080 0.329936 0 0 0
0.712517 -0.036063 0.330305 0 0 0
0.712854 -0.038905 0.331246 0 0 0
0.713527 -0.039928 0.331382 0 0 0
0.714764 -0.040559 0.331715 0 0 0
0.715324 -0.042867 0.332473 0 0 0
0.716041 -0.043948 0.333047 0 0 0
0.716800 -0.045434 0.333392 0 0 0
0.717455 -0.046371 0.333899 0 0 0
0.717781 -0.049041 0.334770 0 0 0
0.718480 -0.050025 0.335349 0 0 0
0.719240 -0.051468 0.335537 0 0 0
0.720715 -0.052282 0.335928 0 0 0
0.721549 -0.053459 0.336270 0 0 0
0.722361 -0.054793 0.336556 0 0 0
0.723797 -0.055646 0.336628 0 0 0
0.725402 -0.056337 0.336616 0 0 0
0.726846 -0.057254 0.336649 0 0 0
0.727683 -0.058338 0.336846 0 0 0
0.729119 -0.059328 0.337024 0 0 0
0.730023 -0.060324 0.337255 0 0 0
0.731465 -0.061232 0.337300 0 0 0
0.732894 -0.062156 0.337350 0 0 0
0.733709 -0.063317 0.337684 0 0 0
0.734484 -0.064703 0.338132 0 0 0
0.735280 -0.065955 0.338435 0 0 0
0.736246 -0.066535 0.338515 0 0 0
0.676905 0.071724 0.283482 0 0 0
0.676938 0.068792 0.284950 0 0 0
0.676983 0.065831 0.286472 0 0 0
0.677582 0.063796 0.287558 0 0 0
0.677543 0.060618 0.288749 0 0 0
0.678068 0.058527 0.289650 0 0 0
0.678111 0.055672 0.291371 0 0 0
0.678089 0.052738 0.292884 0 0 0
0.678609 0.050618 0.293804 0 0 0
0.679214 0.048100 0.294614 0 0 0
0.680088 0.047069 0.295170 0 0 0
0.680770 0.044706 0.296202 0 0 0
0.681381 0.042305 0.297042 0 0 0
0.682213 0.041211 0.297557 0 0 0
0.682957 0.038603 0.298457 0 0 0
0.683851 0.037599 0.299158 0 0 0
0.684513 0.034937 0.299849 0 0 0
0.685327 0.033887 0.300381 0 0 0
0.685956 0.031541 0.301420 0 0 0
0.686572 0.029186 0.302458 0 0 0
0.687354 0.028153 0.302988 0 0 0
0.687883 0.025758 0.303813 0 0 0
0.688301 0.023618 0.304778 0 0 0
0.688715 0.021510 0.305733 0 0 0
0.689246 0.019058 0.306756 0 0 0
0.690026 0.018132 0.307325 0 0 0
0.690591 0.015863 0.308215 0 0 0
0.690896 0.013632 0.309145 0 0 0
0.691272 0.011568 0.310083 0 0 0
0.691768 0.009118 0.311116 0 0 0
0.692515 0.008268 0.311673 0 0 0
0.692888 0.005780 0.312455 0 0 0
0.693301 0.003825 0.313464 0 0 0
0.693754 0.001379 0.314466 0 0 0
0.694381 0.000487 0.314836 0 0 0
0.694816 -0.001931 0.315811 0 0 0
0.695355 -0.004127 0.316565 255 0 0
0.696621 -0.004457 0.317100 255 0 0
0.697248 -0.006999 0.317869 255 0 0
0.698078 -0.008125 0.318456 255 0 0
0.698889 -0.009189 0.318947 255 0 0
0.699394 -0.011962 0.319688 255 0 0
0.700040 -0.013167 0.319892 255 0 0
0.701038 -0.014504 0.320530 255 0 0
0.701967 -0.015984 0.321048 0 0 0
0.702753 -0.017074 0.321634 0 0 0
0.703290 -0.019643 0.322551 0 0 0
0.703874 -0.020498 0.323064 0 0 0
0.704298 -0.023131 0.323718 0 0 0
0.704867 -0.023978 0.324228 0 0 0
0.705369 -0.026570 0.325148 0 0 0
0.705929 -0.027391 0.325664 0 0 0
0.706423 -0.030039 0.326538 0 0 0
0.707086 -0.031097 0.326955 0 0 0
0.708054 -0.032453 0.327653 0 0 0
0.708696 -0.033590 0.328050 0 0 0
0.709188 -0.036157 0.328717 0 0 0
0.710177 -0.036521 0.329026 0 0 0
0.710772 -0.039057 0.329733 0 0 0
0.711561 -0.039942 0.330148 0 0 0
0.713027 -0.040679 0.330696 0 0 0
0.713888 -0.042084 0.330941 0 0 0
0.714618 -0.043188 0.331511 0 0 0
0.715087 -0.045665 0.332035 0 0 0
0.716061 -0.045992 0.332502 0 0 0
0.716541 -0.048599 0.333052 0 0 0
0.717047 -0.049321 0.333572 0 0 0
0.717614 -0.051725 0.334429 0 0 0
0.718710 -0.052205 0.334863 0 0 0
0.719555 -0.053537 0.335080 0 0 0
0.720381 -0.054972 0.335503 0 0 0
0.721206 -0.056202 0.335819 0 0 0
0.722543 -0.057163 0.335989 0 0 0
0.723433 -0.058203 0.336204 0 0 0
0.724944 -0.059124 0.336274 0 0 0
0.726421 -0.059956 0.336356 0 0 0
0.727209 -0.061216 0.336660 0 0 0
0.728039 -0.062418 0.336992 0 0 0
0.729367 -0.063482 0.337144 0 0 0
0.730251 -0.064496 0.337378 0 0 0
0.731632 -0.065577 0.337532 0 0 0
0.732512 -0.066536 0.337768 0 0 0
0.733953 -0.067543 0.337955 0 0 0
0.734757 -0.068592 0.338146 0 0 0
0.736156 -0.069537 0.338186 0 0 0
0.737605 -0.070532 0.338252 0 0 0
0.738086 -0.071150 0.338418 0 0 0
0.675610 0.072687 0.280739 0 0 0
0.676274 0.070702 0.281849 0 0 0
0.676336 0.067741 0.283375 0 0 0
0.676377 0.064847 0.284898 0 0 0
0.676367 0.061823 0.286244 0 0 0
0.677020 0.059821 0.287548 0 0 0
0.677555 0.057689 0.288469 0 0 0
0.676945 0.053981 0.290372 0 0 0
0.677036 0.050814 0.291771 0 0 0
0.677893 0.049839 0.292391 0 0 0
0.678627 0.047492 0.293496 0 0 0
0.679084 0.045235 0.294250 0 0 0
0.679763 0.042825 0.295262 0 0 0
0.680557 0.041685 0.295636 0 0 0
0.681318 0.039101 0.296532 0 0 0
0.682188 0.038107 0.297211 0 0 0
0.682933 0.035496 0.298124 0 0 0
0.683757 0.034436 0.298658 0 0 0
0.684256 0.031947 0.299276 0 0 0
0.684734 0.029783 0.300249 0 0 0
0.685346 0.027472 0.301304 0 0 0
0.686088 0.026458 0.301807 0 0 0
0.686698 0.024109 0.302862 0 0 0
0.687117 0.021983 0.303838 0 0 0
0.687527 0.019849 0.304810 0 0 0
0.688042 0.017473 0.305634 0 0 0
0.688795 0.016643 0.306182 0 0 0
0.688861 0.013118 0.307787 0 0 0
0.689514 0.012247 0.308147 0 0 0
0.690081 0.009915 0.309185 0 0 0
0.690536 0.007553 0.309992 0 0 0
0.691237 0.006597 0.310536 0 0 0
0.691779 0.004286 0.311610 0 0 0
0.692100 0.002180 0.312577 0 0 0
0.692532 -0.000171 0.313403 0 0 0
0.693197 -0.001092 0.313931 0 0 0
0.693892 -0.003657 0.315094 0 0 0
0.694532 -0.004533 0.315590 0 0 0
0.695051 -0.007223 0.316428 255 0 0
0.695871 -0.008352 0.316885 255 0 0
0.696684 -0.009438 0.317326 255 0 0
0.697210 -0.012241 0.318293 0 0 0
0.698025 -0.013230 0.318517 0 0 0
0.699422 -0.013738 0.319037 255 0 0
0.700016 -0.016312 0.319751 255 0 0
0.700743 -0.017498 0.320141 0 0 0
0.701456 -0.018708 0.320541 0 0 0
0.701970 -0.021231 0.321398 0 0 0
0.702770 -0.022356 0.322037 0 0 0
0.703566 -0.023470 0.322681 0 0 0
0.704064 -0.026038 0.323591 0 0 0
0.704629 -0.026863 0.324109 0 0 0
0.705115 -0.029427 0.325024 0 0 0
0.705858 -0.030523 0.325627 0 0 0
0.706530 -0.031612 0.326054 0 0 0
0.706905 -0.034262 0.326646 0 0 0
0.707657 -0.035335 0.327280 0 0 0
0.708592 -0.036633 0.327973 0 0 0
0.709340 -0.038075 0.328269 0 0 0
0.710269 -0.039433 0.328938 0 0 0
0.711053 -0.040704 0.329341 0 0 0
0.711825 -0.042204 0.329599 0 0 0
0.712655 -0.043622 0.330034 0 0 0
0.713476 -0.045020 0.330528 0 0 0
0.714358 -0.046255 0.331154 0 0 0
0.715084 -0.047683 0.331473 0 0 0
0.715997 -0.049038 0.332153 0 0 0
0.716567 -0.049915 0.332562 0 0 0
0.717022 -0.052535 0.333618 0 0 0
0.717530 -0.053634 0.333806 0 0 0
0.718414 -0.054999 0.334297 0 0 0
0.719199 -0.056466 0.334742 0 0 0
0.719974 -0.057635 0.335043 0 0 0
0.721174 -0.058273 0.335244 0 0 0
0.721624 -0.060695 0.335941 0 0 0
0.722792 -0.061375 0.336105 0 0 0
0.723738 -0.062411 0.336353 0 0 0
0.725103 -0.063500 0.336498 0 0 0
0.725926 -0.064567 0.336702 0 0 0
0.727348 -0.065555 0.336885 0 0 0
0.728241 -0.066552 0.337124 0 0 0
0.729574 -0.067615 0.337283 0 0 0
0.730386 -0.068807 0.337618 0 0 0
0.731143 -0.070039 0.337917 0 0 0
0.732614 -0.070875 0.338004 0 0 0
0.734047 -0.071780 0.338061 0 0 0
0.734903 -0.072734 0.338281 0 0 0
0.736280 -0.073876 0.338459 0 0 0
0.736753 -0.074521 0.338633 0 0 0
0.675517 0.075370 0.277274 0 0 0
0.675103 0.071815 0.279414 0 0 0
0.675720 0.069748 0.280462 0 0 0
0.675782 0.066789 0.281992 0 0 0
0.675768 0.063806 0.283309 0 0 0
0.675811 0.060934 0.284866 0 0 0
0.675801 0.057896 0.286221 0 0 0
0.676307 0.055810 0.287089 0 0 0
0.675750 0.052156 0.289215 0 0 0
0.676391 0.050169 0.290548 0 0 0
0.676806 0.047840 0.291124 0 0 0
0.677368 0.045638 0.292125 0 0 0
0.677882 0.043452 0.293082 0 0 0
0.678691 0.041196 0.294067 0 0 0
0.679854 0.040698 0.294332 0 0 0
0.680678 0.038439 0.295344 0 0 0
0.681105 0.036193 0.296108 0 0 0
0.681696 0.033779 0.296931 0 0 0
0.682618 0.032460 0.297364 0 0 0
0.683631 0.031285 0.298113 0 0 0
0.684285 0.029076 0.299228 0 0 0
0.684710 0.026831 0.300185 0 0 0
0.685085 0.024622 0.300936 0 0 0
0.685519 0.022485 0.301918 0 0 0
0.685934 0.020354 0.302896 0 0 0
0.686538 0.018018 0.303964 0 0 0
0.687300 0.017166 0.304523 0 0 0
0.687078 0.013802 0.305817 0 0 0
0.687627 0.011623 0.306677 0 0 0
0.688342 0.010649 0.307206 0 0 0
0.689084 0.008102 0.308358 0 0 0
0.689838 0.007218 0.308947 0 0 0
0.690231 0.004738 0.309731 0 0 0
0.690504 0.002602 0.310451 255 0 0
0.691131 0.000350 0.311796 0 0 0
0.691766 -0.000563 0.312296 0 0 0
0.692186 -0.002915 0.313121 0 0 0
0.692694 -0.005217 0.314170 0 0 0
0.693304 -0.006100 0.314553 255 0 0
0.693938 -0.008754 0.315631 0 0 0
0.694469 -0.009667 0.315926 0 0 0
0.695090 -0.012298 0.316990 0 0 0
0.695996 -0.013265 0.317385 0 0 0
0.697326 -0.013849 0.317715 0 0 0
0.697830 -0.016568 0.318374 255 0 0
0.698601 -0.017640 0.318796 255 0 0
0.699534 -0.019059 0.319272 255 0 0
0.700454 -0.020515 0.319770 255 0 0
0.701243 -0.021604 0.320367 0 0 0
0.701656 -0.024207 0.320997 0 0 0
0.702237 -0.025053 0.321525 0 0 0
0.702748 -0.027639 0.322456 0 0 0
0.703311 -0.028464 0.322974 0 0 0
0.703794 -0.031027 0.323886 0 0 0
0.704545 -0.032077 0.324491 0 0 0
0.705439 -0.033562 0.325043 0 0 0
0.706188 -0.034599 0.325645 0 0 0
0.706567 -0.037253 0.326249 0 0 0
0.707193 -0.038315 0.326647 0 0 0
0.708119 -0.039623 0.327335 0 0 0
0.708950 -0.041029 0.327826 0 0 0
0.709776 -0.042404 0.328287 0 0 0
0.710604 -0.043768 0.328748 0 0 0
0.711425 -0.045134 0.329209 0 0 0
0.712238 -0.046499 0.329668 0 0 0
0.713046 -0.047871 0.330128 0 0 0
0.713865 -0.049269 0.330599 0 0 0
0.714443 -0.050327 0.330960 0 0 0
0.714753 -0.052939 0.331768 0 0 0
0.715512 -0.053897 0.332460 0 0 0
0.716100 -0.054987 0.332881 0 0 0
0.716486 -0.057544 0.333536 0 0 0
0.717709 -0.058086 0.333957 0 0 0
0.718629 -0.059162 0.334371 0 0 0
0.719391 -0.060725 0.334821 0 0 0
0.720185 -0.061859 0.335296 0 0 0
0.720871 -0.063424 0.335701 0 0 0
0.721632 -0.064633 0.335985 0 0 0
0.723080 -0.065470 0.336085 0 0 0
0.724646 -0.066198 0.336225 0 0 0
0.725428 -0.067425 0.336534 0 0 0
0.726254 -0.068613 0.336872 0 0 0
0.727582 -0.069673 0.337034 0 0 0
0.728466 -0.070657 0.337271 0 0 0
0.729880 -0.071650 0.337461 0 0 0
0.730676 -0.072686 0.337661 0 0 0
0.732002 -0.073782 0.337823 0 0 0
0.732810 -0.074941 0.338162 0 0 0
0.733616 -0.076092 0.338492 0 0 0
0.735057 -0.077029 0.338537 0 0 0
0.736025 -0.077507 0.338498 0 0 0
0.674373 0.073652 0.276123 0 0 0
0.674480 0.070801 0.277793 0 0 0
0.674500 0.067817 0.279121 0 0 0
0.674560 0.064866 0.280653 0 0 0
0.675204 0.062904 0.281917 0 0 0
0.675203 0.059896 0.283282 0 0 0
0.675241 0.056966 0.284852 0 0 0
0.675816 0.054973 0.285941 0 0 0
0.675198 0.051276 0.287860 0 0 0
0.675390 0.048196 0.289311 0 0 0
0.676148 0.047073 0.289759 0 0 0
0.676810 0.044714 0.290772 0 0 0
0.677383 0.042633 0.291953 0 0 0
0.678002 0.040222 0.292782 0 0 0
0.678786 0.039076 0.293146 0 0 0
0.679448 0.036691 0.294168 0 0 0
0.680095 0.034330 0.295184 0 0 0
0.681021 0.033029 0.295622 0 0 0
0.682003 0.031810 0.296209 0 0 0
0.682543 0.029464 0.297001 0 0 0
0.682528 0.026195 0.298409 0 0 0
0.683277 0.025309 0.298924 0 0 0
0.683906 0.022958 0.299991 0 0 0
0.684267 0.020767 0.300751 0 0 0
0.684780 0.018704 0.301987 0 0 0
0.685089 0.016533 0.302699 0 0 0
0.685526 0.014390 0.303909 0 0 0
0.686140 0.012166 0.305007 0 0 0
0.686858 0.011180 0.305537 0 0 0
0.687337 0.008797 0.306371 0 0 0
0.687631 0.006631 0.307096 0 0 0
0.688134 0.004258 0.308137 0 0 0
0.689055 0.003149 0.308804 0 0 0
0.689871 0.002067 0.309372 0 0 0
0.689901 -0.001367 0.310703 0 0 0
0.690477 -0.002198 0.311146 0 0 0
0.690997 -0.004517 0.312232 0 0 0
0.691313 -0.006562 0.313199 0 0 0
0.691648 -0.008991 0.313984 255 0 0
0.692550 -0.010060 0.314652 0 0 0
0.693357 -0.011192 0.315134 0 0 0
0.693850 -0.013849 0.315979 0 0 0
0.694611 -0.014922 0.316506 0 0 0
0.695532 -0.016482 0.316983 0 0 0
0.696520 -0.017793 0.317499 255 0 0
0.697492 -0.019109 0.318005 255 0 0
0.698379 -0.020620 0.318444 255 0 0
0.699231 -0.022022 0.318870 255 0 0
0.700145 -0.023468 0.319374 0 0 0
0.700995 -0.024458 0.320044 0 0 0
0.701428 -0.027139 0.320910 0 0 0
0.701996 -0.027940 0.321409 0 0 0
0.702510 -0.030521 0.322352 0 0 0
0.703062 -0.031336 0.322866 0 0 0
0.703551 -0.033929 0.323718 0 0 0
0.704144 -0.035160 0.323931 0 0 0
0.705002 -0.036578 0.324375 0 0 0
0.705924 -0.037829 0.325096 0 0 0
0.706642 -0.038798 0.325724 0 0 0
0.707020 -0.041535 0.326331 0 0 0
0.707645 -0.042578 0.326741 0 0 0
0.708558 -0.043889 0.327432 0 0 0
0.709381 -0.045277 0.327927 0 0 0
0.710199 -0.046644 0.328392 0 0 0
0.711010 -0.048011 0.328854 0 0 0
0.711816 -0.049358 0.329316 0 0 0
0.712705 -0.050619 0.329840 0 0 0
0.713496 -0.052126 0.330349 0 0 0
0.714197 -0.053028 0.330988 0 0 0
0.714491 -0.055644 0.331806 0 0 0
0.715067 -0.056734 0.332212 0 0 0
0.715946 -0.057997 0.332875 0 0 0
0.716502 -0.058922 0.333130 0 0 0
0.716922 -0.061567 0.333989 0 0 0
0.717909 -0.061894 0.334164 0 0 0
0.718402 -0.064220 0.334911 0 0 0
0.719710 -0.064844 0.335145 0 0 0
0.720543 -0.065899 0.335354 0 0 0
0.721880 -0.066827 0.335532 0 0 0
0.722650 -0.068162 0.335829 0 0 0
0.723348 -0.069646 0.336236 0 0 0
0.724072 -0.070770 0.336546 0 0 0
0.725538 -0.071761 0.336782 0 0 0
0.726353 -0.072806 0.336992 0 0 0
0.727731 -0.073784 0.337189 0 0 0
0.728518 -0.074939 0.337532 0 0 0
0.729203 -0.076409 0.337950 0 0 0
0.729906 -0.077498 0.338249 0 0 0
0.731459 -0.078288 0.338381 0 0 0
0.733033 -0.079033 0.338322 0 0 0
0.733997 -0.079502 0.338274 0 0 0
0.674190 0.076114 0.272424 0 0 0
0.673806 0.072671 0.274706 0 0 0
0.673875 0.069749 0.276203 0 0 0
0.674016 0.066968 0.277795 0 0 0
0.674070 0.064069 0.279322 0 0 0
0.674084 0.061052 0.280665 0 0 0
0.674605 0.058911 0.281725 0 0 0
0.674631 0.055983 0.283273 0 0 0
0.674582 0.053038 0.284601 0 0 0
0.674614 0.050199 0.286321 0 0 0
0.675084 0.047954 0.287249 0 0 0
0.675690 0.045913 0.288280 0 0 0
0.676257 0.043847 0.289418 0 0 0
0.676324 0.040530 0.290687 0 0 0
0.677121 0.039529 0.291169 0 0 0
0.677761 0.037112 0.292053 0 0 0
0.678259 0.034954 0.293031 255 0 0
0.679035 0.032699 0.294006 255 0 0
0.680202 0.032210 0.294301 0 0 0
0.680919 0.029886 0.295095 0 0 0
0.681362 0.027737 0.296054 0 0 0
0.681849 0.025613 0.297085 0 0 0
0.682318 0.023490 0.298085 0 0 0
0.682915 0.021120 0.299128 0 0 0
0.683609 0.020202 0.299603 0 0 0
0.683815 0.016785 0.301169 0 0 0
0.684428 0.015982 0.301581 0 0 0
0.684367 0.012698 0.302846 0 0 0
0.684924 0.010488 0.303894 0 0 0
0.685594 0.009528 0.304381 0 0 0
0.686345 0.006963 0.305544 0 0 0
0.687003 0.006035 0.306039 0 0 0
0.687583 0.003749 0.307157 0 0 0
0.687962 0.001295 0.307740 0 0 0
0.688615 0.000348 0.308243 0 0 0
0.689168 -0.001962 0.309356 0 0 0
0.689531 -0.004027 0.310386 0 0 0
0.689745 -0.006174 0.311110 0 0 0
0.690274 -0.008544 0.312211 0 0 0
0.690890 -0.009388 0.312725 0 0 0
0.691323 -0.011739 0.313570 0 0 0
0.691885 -0.014004 0.314512 0 0 0
0.692948 -0.014329 0.314941 0 0 0
0.693670 -0.016786 0.315732 0 0 0
0.694337 -0.018029 0.315986 255 0 0
0.695124 -0.019118 0.316527 255 0 0
0.695676 -0.021701 0.317241 255 0 0
0.696982 -0.022295 0.317603 255 0 0
0.698030 -0.023610 0.318024 255 0 0
0.698721 -0.024744 0.318394 0 0 0
0.699258 -0.027344 0.319469 0 0 0
0.700015 -0.028398 0.319932 0 0 0
0.700768 -0.029466 0.320396 255 0 0
0.701195 -0.032146 0.321256 255 0 0
0.701746 -0.032930 0.321747 255 0 0
0.702378 -0.035402 0.322586 255 0 0
0.703611 -0.035936 0.323094 255 0 0
0.704588 -0.037232 0.323527 0 0 0
0.705254 -0.038354 0.323916 0 0 0
0.705733 -0.041030 0.324780 0 0 0
0.706378 -0.042094 0.325228 0 0 0
0.707082 -0.043045 0.325823 0 0 0
0.707533 -0.045724 0.326663 0 0 0
0.708068 -0.046850 0.326900 0 0 0
0.708965 -0.048131 0.327541 0 0 0
0.709803 -0.049534 0.328060 0 0 0
0.710469 -0.050480 0.328482 0 0 0
0.710932 -0.053033 0.329395 0 0 0
0.711925 -0.053366 0.329559 0 0 0
0.712382 -0.055923 0.330477 0 0 0
0.713025 -0.056863 0.330893 0 0 0
0.713852 -0.058234 0.331401 0 0 0
0.714482 -0.059155 0.331813 0 0 0
0.714776 -0.061917 0.332891 0 0 0
0.715337 -0.062809 0.333261 0 0 0
0.716098 -0.064281 0.333736 0 0 0
0.716885 -0.065542 0.334205 0 0 0
0.717653 -0.066753 0.334536 0 0 0
0.719133 -0.067667 0.334793 0 0 0
0.719852 -0.069014 0.335074 0 0 0
0.720614 -0.070149 0.335391 0 0 0
0.722218 -0.071027 0.335715 0 0 0
0.722975 -0.072151 0.336034 0 0 0
0.723742 -0.073413 0.336340 0 0 0
0.725069 -0.074412 0.336530 0 0 0
0.725749 -0.075766 0.336800 0 0 0
0.726475 -0.076891 0.337109 0 0 0
0.728090 -0.077774 0.337448 0 0 0
0.728819 -0.078930 0.337781 0 0 0
0.729196 -0.079805 0.338019 0 0 0
0.673747 0.075321 0.271139 0 0 0
0.673268 0.071710 0.273168 0 0 0
0.673359 0.068763 0.274712 0 0 0
0.673830 0.066437 0.275562 0 0 0
0.673893 0.063496 0.277102 255 0 0
0.673932 0.060611 0.278639 255 0 0
0.674028 0.057837 0.280197 0 0 0
0.674039 0.054959 0.281721 0 0 0
0.674041 0.052103 0.283250 255 0 0
0.674035 0.049169 0.284792 255 0 0
0.674575 0.047056 0.285773 255 0 0
0.675103 0.044931 0.286725 0 0 0
0.675039 0.041880 0.288106 0 0 0
0.675770 0.039670 0.289339 0 0 0
0.676520 0.038555 0.289661 0 0 0
0.677214 0.036197 0.290729 0 0 0
0.677711 0.034051 0.291715 255 0 0
0.678375 0.031725 0.292761 0 0 0
0.679104 0.030618 0.293104 0 0 0
0.679755 0.028245 0.294143 0 0 0
0.680397 0.025893 0.295205 0 0 0
0.681110 0.024940 0.295670 0 0 0
0.681097 0.021667 0.296948 0 0 0
0.681709 0.019439 0.298008 0 0 0
0.682363 0.018530 0.298442 0 0 0
0.682569 0.015127 0.300020 0 0 0
0.683199 0.014229 0.300454 0 0 0
0.683848 0.011967 0.301754 0 0 0
0.684212 0.009788 0.302553 0 0 0
0.684566 0.007596 0.303348 0 0 0
0.685129 0.005315 0.304437 0 0 0
0.685776 0.004379 0.304920 0 0 0
0.686509 0.001813 0.306088 0 0 0
0.687203 0.000895 0.306623 0 0 0
0.687850 -0.001712 0.307558 0 0 0
0.688435 -0.002543 0.308000 0 0 0
0.688490 -0.006072 0.309362 0 0 0
0.689042 -0.006812 0.309792 0 0 0
0.689838 -0.009253 0.311257 0 0 0
0.690333 -0.010173 0.311525 0 0 0
0.690835 -0.012484 0.312598 0 0 0
0.691255 -0.014816 0.313440 0 0 0
0.691814 -0.015758 0.313788 0 0 0
0.692558 -0.018306 0.314608 255 0 0
0.693594 -0.018664 0.315024 0 0 0
0.694302 -0.021137 0.315865 0 0 0
0.695079 -0.022204 0.316436 0 0 0
0.695916 -0.023669 0.316725 255 0 0
0.696847 -0.025148 0.317182 0 0 0
0.697594 -0.026192 0.317628 0 0 0
0.698142 -0.028818 0.318718 0 0 0
0.698610 -0.029673 0.319007 255 0 0
0.699191 -0.032191 0.319778 0 0 0
0.700386 -0.032473 0.320346 0 0 0
0.700934 -0.034977 0.321141 0 0 0
0.701656 -0.035983 0.321673 255 0 0
0.702463 -0.037487 0.321953 255 0 0
0.703263 -0.038986 0.322234 255 0 0
0.703965 -0.040009 0.322784 255 0 0
0.704588 -0.042456 0.323620 0 0 0
0.705549 -0.042771 0.324074 0 0 0
0.705974 -0.044973 0.324824 0 0 0
0.706383 -0.047164 0.325554 0 0 0
0.707341 -0.047462 0.326022 0 0 0
0.707957 -0.049909 0.326842 0 0 0
0.708342 -0.050708 0.327134 0 0 0
0.708772 -0.053347 0.328250 0 0 0
0.709365 -0.054300 0.328651 0 0 0
0.710158 -0.055773 0.329128 0 0 0
0.711034 -0.057030 0.329654 0 0 0
0.711830 -0.058394 0.330134 0 0 0
0.712389 -0.059433 0.330498 0 0 0
0.712674 -0.062048 0.331341 0 0 0
0.713410 -0.062933 0.332014 0 0 0
0.714184 -0.064313 0.332542 0 0 0
0.714942 -0.065624 0.333016 0 0 0
0.715781 -0.066866 0.333539 0 0 0
0.716463 -0.068323 0.333948 0 0 0
0.717147 -0.069538 0.334231 0 0 0
0.718727 -0.070447 0.334539 0 0 0
0.719396 -0.071654 0.334823 0 0 0
0.720086 -0.072992 0.335246 0 0 0
0.720818 -0.074470 0.335703 0 0 0
0.721557 -0.075641 0.335990 0 0 0
0.722974 -0.076468 0.336100 0 0 0
0.724624 -0.077184 0.336294 0 0 0
0.725331 -0.078292 0.336600 0 0 0
0.725947 -0.079877 0.337003 0 0 0
0.726374 -0.080559 0.337277 0 0 0
0.673510 0.077705 0.267244 0 0 0
0.673627 0.074830 0.268939 0 0 0
0.673163 0.071239 0.271012 0 0 0
0.673175 0.068237 0.272476 0 0 0
0.673316 0.065454 0.274074 0 0 0
0.673370 0.062556 0.275591 0 0 0
0.673410 0.059675 0.277119 0 0 0
0.673438 0.056801 0.278649 0 0 0
0.673452 0.053928 0.280181 255 0 0
0.673527 0.051181 0.281768 255 0 0
0.673531 0.048268 0.283335 255 0 0
0.673999 0.046028 0.284250 255 0 0
0.674516 0.043910 0.285181 0 0 0
0.674592 0.041095 0.286876 0 0 0
0.675191 0.038646 0.287814 0 0 0
0.675942 0.037548 0.288146 0 0 0
0.676632 0.035183 0.289209 0 0 0
0.677122 0.033021 0.290183 0 0 0
0.677650 0.030881 0.291225 0 0 0
0.678086 0.028661 0.292026 0 0 0
0.678558 0.026519 0.293015 0 0 0
0.679199 0.024159 0.294055 0 0 0
0.679860 0.023098 0.294359 0 0 0
0.680600 0.020923 0.295862 0 0 0
0.680986 0.018726 0.296641 0 0 0
0.681361 0.016513 0.297421 0 0 0
0.681867 0.014485 0.298674 0 0 0
0.682271 0.012405 0.299664 0 0 0
0.682821 0.010050 0.300715 0 0 0
0.683497 0.009085 0.301206 0 0 0
0.684068 0.006809 0.302300 0 0 0
0.684416 0.004627 0.303102 0 0 0
0.684753 0.002449 0.303899 0 0 0
0.685311 0.000121 0.304967 0 0 0
0.685883 -0.000856 0.305273 0 0 0
0.686642 -0.003417 0.306433 0 0 0
0.687163 -0.004347 0.306701 0 0 0
0.688037 -0.006731 0.308371 0 0 0
0.688514 -0.007552 0.308613 0 0 0
0.688575 -0.011131 0.309927 0 0 0
0.689066 -0.011961 0.310197 0 0 0
0.689757 -0.014488 0.311413 0 0 0
0.690419 -0.015272 0.312087 0 0 0
0.691010 -0.017902 0.313035 0 0 0
0.691739 -0.019033 0.313445 255 0 0
0.692462 -0.020166 0.313854 0 0 0
0.693004 -0.022754 0.314733 0 0 0
0.693803 -0.023835 0.315340 0 0 0
0.694736 -0.025317 0.315855 255 0 0
0.695428 -0.026444 0.316238 0 0 0
0.695870 -0.029069 0.317068 0 0 0
0.696708 -0.030056 0.317740 0 0 0
0.697620 -0.031532 0.318296 255 0 0
0.698379 -0.032551 0.318873 0 0 0
0.698799 -0.035194 0.319728 0 0 0
0.699511 -0.036233 0.320171 255 0 0
0.700415 -0.037689 0.320630 255 0 0
0.701337 -0.039055 0.320867 0 0 0
0.702542 -0.039567 0.321325 0 0 0
0.703153 -0.041995 0.322164 0 0 0
0.703861 -0.043050 0.322724 0 0 0
0.704421 -0.044187 0.322983 0 0 0
0.704974 -0.046739 0.324123 0 0 0
0.705661 -0.047736 0.324681 0 0 0
0.706267 -0.048770 0.324990 0 0 0
0.706626 -0.051520 0.325830 0 0 0
0.707106 -0.052209 0.326304 0 0 0
0.707636 -0.054701 0.327514 0 0 0
0.708207 -0.055778 0.327907 0 0 0
0.709013 -0.057151 0.328393 0 0 0
0.709796 -0.058504 0.328860 0 0 0
0.710582 -0.059844 0.329335 0 0 0
0.711370 -0.061241 0.329861 255 0 0
0.712038 -0.062227 0.330479 255 0 0
0.712271 -0.064756 0.331086 255 0 0
0.712948 -0.065750 0.331723 0 0 0
0.713576 -0.066709 0.332195 0 0 0
0.713937 -0.069244 0.333122 0 0 0
0.715198 -0.069839 0.333361 0 0 0
0.715942 -0.071093 0.333651 0 0 0
0.716680 -0.072335 0.333938 0 0 0
0.717953 -0.072941 0.334186 0 0 0
0.718373 -0.075337 0.334898 0 0 0
0.719567 -0.075956 0.335116 0 0 0
0.720389 -0.076883 0.335344 0 0 0
0.721778 -0.077826 0.335567 0 0 0
0.722478 -0.079253 0.335828 0 0 0
0.723251 -0.080371 0.336141 0 0 0
0.724513 -0.080832 0.336372 0 0 0
0.673328 0.080241 0.263584 0 0 0
0.673465 0.077357 0.265303 0 0 0
0.673582 0.074449 0.266816 0 0 0
0.673054 0.070761 0.268833 0 0 0
0.672717 0.067393 0.271027 0 0 0
0.672716 0.064391 0.272486 0 0 0
0.672846 0.061618 0.274083 0 0 0
0.672891 0.058745 0.275621 0 0 0
0.672845 0.055764 0.277090 0 0 0
0.672877 0.052849 0.278660 0 0 0
0.673350 0.050669 0.279546 0 0 0
0.673355 0.047750 0.281100 0 0 0
0.673436 0.044931 0.282725 0 0 0
0.674025 0.042973 0.283750 0 0 0
0.674406 0.040607 0.284624 0 0 0
0.674708 0.037698 0.286397 0 0 0
0.675397 0.036547 0.286670 0 0 0
0.676058 0.034190 0.287704 0 0 0
0.676600 0.032112 0.288891 0 0 0
0.677025 0.029891 0.289674 0 0 0
0.677543 0.027754 0.290718 0 0 0
0.678007 0.025609 0.291697 0 0 0
0.678672 0.023294 0.292815 0 0 0
0.679368 0.022371 0.293264 0 0 0
0.679597 0.018925 0.294831 0 0 0
0.680259 0.018012 0.295269 0 0 0
0.680880 0.015721 0.296371 0 0 0
0.681275 0.013680 0.297320 0 0 0
0.681048 0.010590 0.298546 0 0 0
0.681621 0.008398 0.299616 0 0 0
0.682293 0.007438 0.300106 0 0 0
0.683046 0.004877 0.301276 0 0 0
0.683704 0.003942 0.301765 0 0 0
0.684262 0.001680 0.302865 0 0 0
0.684768 -0.000683 0.303768 0 0 0
0.685418 -0.001588 0.304259 0 0 0
0.686107 -0.004216 0.305250 0 0 0
0.686707 -0.005006 0.305707 0 0 0
0.686768 -0.008587 0.307038 0 0 0
0.687247 -0.009424 0.307283 0 0 0
0.688057 -0.011850 0.308776 0 0 0
0.688614 -0.012667 0.309220 0 0 0
0.689146 -0.015019 0.310356 0 0 0
0.689276 -0.017235 0.310856 0 0 0
0.689961 -0.019389 0.311921 0 0 0
0.690920 -0.019750 0.312285 0 0 0
0.691660 -0.022244 0.313157 0 0 0
0.692262 -0.023114 0.313680 0 0 0
0.692718 -0.025697 0.314356 0 0 0
0.693509 -0.026782 0.314962 0 0 0
0.694426 -0.028273 0.315509 0 0 0
0.695212 -0.029328 0.316133 0 0 0
0.695719 -0.031838 0.317006 0 0 0
0.696403 -0.033000 0.317422 255 0 0
0.697142 -0.034073 0.317884 255 0 0
0.697571 -0.036708 0.318757 255 0 0
0.698334 -0.037779 0.319296 255 0 0
0.699242 -0.039186 0.319563 0 0 0
0.700697 -0.039916 0.320040 0 0 0
0.701425 -0.040895 0.320269 0 0 0
0.701841 -0.043608 0.321103 0 0 0
0.702573 -0.044622 0.321680 0 0 0
0.703210 -0.045790 0.322122 0 0 0
0.703658 -0.048307 0.323037 0 0 0
0.704160 -0.049051 0.323527 0 0 0
0.704662 -0.051547 0.324353 0 0 0
0.705819 -0.051814 0.324960 0 0 0
0.706087 -0.054028 0.325665 0 0 0
0.706297 -0.056255 0.326465 0 0 0
0.706980 -0.057247 0.327073 0 0 0
0.707779 -0.058653 0.327596 0 0 0
0.708564 -0.059991 0.328072 0 0 0
0.709346 -0.061331 0.328544 0 0 0
0.710123 -0.062668 0.329021 255 0 0
0.710911 -0.064039 0.329556 0 0 0
0.711638 -0.064933 0.330233 255 0 0
0.711701 -0.067258 0.330988 0 0 0
0.711747 -0.069578 0.331729 0 0 0
0.712422 -0.070463 0.332369 0 0 0
0.713185 -0.071731 0.332763 0 0 0
0.714742 -0.072635 0.333077 0 0 0
0.715424 -0.073839 0.333366 0 0 0
0.716116 -0.075306 0.333782 0 0 0
0.716961 -0.076324 0.334176 255 0 0
0.718397 -0.077220 0.334451 255 0 0
0.719112 -0.078633 0.334677 0 0 0
0.719709 -0.079883 0.334788 0 0 0
0.721280 -0.080668 0.335268 0 0 0
0.722008 -0.081915 0.335611 0 0 0
0.722388 -0.082685 0.335852 0 0 0
0.673277 0.079881 0.261616 0 0 0
0.673413 0.076968 0.263148 0 0 0
0.673535 0.074063 0.264688 0 0 0
0.672591 0.069909 0.267367 0 0 0
0.672540 0.066814 0.268783 0 0 0
0.672203 0.063406 0.271004 0 0 0
0.672666 0.061094 0.271856 0 0 0
0.672725 0.058174 0.273414 0 0 0
0.672332 0.054842 0.275614 0 0 0
0.672296 0.051816 0.277132 0 0 0
0.672842 0.049755 0.278078 0 0 0
0.672930 0.046959 0.279715 0 0 0
0.673066 0.043853 0.281302 0 0 0
0.673726 0.042642 0.281527 0 0 0
0.673931 0.039610 0.283209 0 0 0
0.674374 0.037378 0.284131 0 0 0
0.674963 0.035362 0.285202 0 0 0
0.675469 0.033250 0.286172 0 0 0
0.675566 0.030019 0.287668 0 0 0
0.676291 0.029063 0.288104 0 0 0
0.676957 0.026742 0.289197 0 0 0
0.677481 0.024693 0.290408 0 0 0
0.677897 0.022477 0.291206 0 0 0
0.678346 0.020441 0.292193 0 0 0
0.678375 0.017263 0.293696 0 0 0
0.679063 0.016340 0.294163 0 0 0
0.679680 0.013983 0.295251 0 0 0
0.680004 0.011814 0.295997 0 0 0
0.680563 0.009877 0.297491 0 0 0
0.680920 0.007708 0.298292 0 0 0
0.681271 0.005507 0.299078 0 0 0
0.681855 0.003185 0.300156 0 0 0
0.682450 0.002191 0.300468 0 0 0
0.683205 -0.000380 0.301636 0 0 0
0.683859 -0.001275 0.302127 0 0 0
0.684544 -0.003893 0.303111 0 0 0
0.685188 -0.004790 0.303605 0 0 0
0.685641 -0.007142 0.304477 0 0 0
0.686246 -0.009305 0.305873 0 0 0
0.686823 -0.010148 0.306327 0 0 0
0.687293 -0.012585 0.307214 0 0 0
0.687560 -0.014729 0.308007 0 0 0
0.688050 -0.016981 0.309164 0 0 0
0.688664 -0.017759 0.309800 0 0 0
0.689280 -0.020358 0.310748 0 0 0
0.689765 -0.021338 0.310915 0 0 0
0.690432 -0.023837 0.312083 0 0 0
0.691177 -0.024953 0.312670 0 0 0
0.691982 -0.026076 0.313317 0 0 0
0.692518 -0.028579 0.314215 0 0 0
0.693213 -0.029766 0.314627 0 0 0
0.693901 -0.030950 0.315038 0 0 0
0.694424 -0.033475 0.315936 0 0 0
0.694998 -0.034266 0.316455 0 0 0
0.695585 -0.036859 0.317258 0 0 0
0.696670 -0.037174 0.317761 255 0 0
0.697368 -0.039496 0.318273 255 0 0
0.698593 -0.040066 0.318726 255 0 0
0.699299 -0.041143 0.318901 0 0 0
0.699883 -0.043744 0.319614 0 0 0
0.700941 -0.044042 0.320119 0 0 0
0.701462 -0.046427 0.320722 255 0 0
0.702201 -0.047518 0.321379 0 0 0
0.702926 -0.048584 0.322040 0 0 0
0.703367 -0.051120 0.323000 0 0 0
0.703857 -0.051852 0.323478 0 0 0
0.704102 -0.054534 0.324112 0 0 0
0.704872 -0.055521 0.324837 0 0 0
0.705570 -0.056562 0.325497 0 0 0
0.705855 -0.059085 0.326134 0 0 0
0.706540 -0.060083 0.326757 255 0 0
0.707331 -0.061477 0.327283 255 0 0
0.708119 -0.062809 0.327764 255 0 0
0.708915 -0.064176 0.328254 0 0 0
0.709458 -0.065206 0.328619 0 0 0
0.709726 -0.067805 0.329465 0 0 0
0.710468 -0.068718 0.330218 0 0 0
0.711202 -0.069654 0.330976 0 0 0
0.711344 -0.072297 0.331582 0 0 0
0.711932 -0.073285 0.332057 0 0 0
0.712650 -0.074709 0.332262 0 0 0
0.714077 -0.075496 0.332680 0 0 0
0.714914 -0.076619 0.333079 0 0 0
0.715618 -0.078027 0.333468 255 0 0
0.716315 -0.079341 0.333612 0 0 0
0.717915 -0.080054 0.333939 0 0 0
0.719112 -0.080463 0.334224 0 0 0
0.719421 -0.082784 0.334484 0 0 0
0.720425 -0.082986 0.334868 0 0 0
0.673612 0.083055 0.257211 0 0 0
0.673229 0.079518 0.259601 0 0 0
0.673361 0.076579 0.261006 0 0 0
0.673421 0.073575 0.262492 0 0 0
0.672479 0.069427 0.265184 0 0 0
0.672081 0.065968 0.267339 0 0 0
0.672020 0.062880 0.268767 0 0 0
0.672156 0.060115 0.270377 0 0 0
0.672206 0.057241 0.271924 0 0 0
0.672167 0.054270 0.273403 0 0 0
0.671706 0.050782 0.275579 0 0 0
0.672263 0.048666 0.276535 0 0 0
0.672752 0.046435 0.277472 0 0 0
0.672775 0.043461 0.279083 0 0 0
0.673356 0.041569 0.280104 0 0 0
0.673439 0.038706 0.281774 0 0 0
0.673882 0.036493 0.282705 0 0 0
0.674396 0.034331 0.283686 0 0 0
0.674890 0.032253 0.284655 0 0 0
0.675028 0.029153 0.286379 0 0 0
0.675753 0.028194 0.286817 0 0 0
0.676401 0.025901 0.287865 0 0 0
0.676430 0.022631 0.289196 0 0 0
0.677164 0.021827 0.289789 0 0 0
0.677156 0.018554 0.291103 0 0 0
0.677680 0.016607 0.292353 0 0 0
0.678049 0.014405 0.293121 0 0 0
0.678668 0.012106 0.294252 0 0 0
0.679381 0.011278 0.294872 0 0 0
0.679506 0.007764 0.296247 0 0 0
0.680138 0.006925 0.296690 0 0 0
0.680801 0.004733 0.298059 0 0 0
0.681306 0.002370 0.298941 0 0 0
0.681977 0.001453 0.299439 0 0 0
0.682734 -0.001112 0.300614 0 0 0
0.683311 -0.002082 0.300922 0 0 0
0.684079 -0.004625 0.302101 0 0 0
0.684641 -0.005589 0.302410 0 0 0
0.685181 -0.007892 0.303500 0 0 0
0.685466 -0.010049 0.304281 0 0 0
0.685962 -0.012473 0.305197 0 0 0
0.686531 -0.013309 0.305649 0 0 0
0.687112 -0.015466 0.307060 0 0 0
0.687354 -0.017582 0.307843 0 0 0
0.687775 -0.020006 0.308699 0 0 0
0.688540 -0.021064 0.309299 0 0 0
0.689314 -0.022109 0.309922 0 0 0
0.689732 -0.024484 0.310804 0 0 0
0.690160 -0.026796 0.311722 0 0 0
0.690685 -0.027652 0.312191 0 0 0
0.691220 -0.030194 0.313134 0 0 0
0.692006 -0.031261 0.313753 0 0 0
0.692916 -0.032725 0.314309 0 0 0
0.693757 -0.033702 0.314996 0 0 0
0.694187 -0.036334 0.315879 255 0 0
0.694921 -0.037336 0.316432 255 0 0
0.695717 -0.038795 0.316761 0 0 0
0.696661 -0.040131 0.317377 0 0 0
0.697440 -0.041529 0.317678 0 0 0
0.698309 -0.042988 0.318159 0 0 0
0.699232 -0.044233 0.318816 0 0 0
0.699997 -0.045678 0.319144 0 0 0
0.700735 -0.046779 0.319728 255 0 0
0.701092 -0.049334 0.320408 255 0 0
0.701593 -0.050120 0.320919 0 0 0
0.702016 -0.052643 0.321862 0 0 0
0.702739 -0.053704 0.322546 0 0 0
0.703454 -0.054745 0.323221 0 0 0
0.703857 -0.057226 0.324117 0 0 0
0.704448 -0.058346 0.324568 0 0 0
0.705216 -0.059274 0.325263 0 0 0
0.705526 -0.061882 0.326122 255 0 0
0.706091 -0.062913 0.326492 255 0 0
0.706900 -0.064357 0.326953 0 0 0
0.707596 -0.065706 0.327263 0 0 0
0.708452 -0.066949 0.327967 0 0 0
0.709180 -0.067896 0.328702 0 0 0
0.709143 -0.070309 0.329194 0 0 0
0.709559 -0.072442 0.330171 0 0 0
0.710444 -0.072700 0.330660 0 0 0
0.711039 -0.074917 0.331158 0 0 0
0.712151 -0.075475 0.331614 0 0 0
0.712862 -0.076792 0.331679 0 0 0
0.713719 -0.078136 0.332245 0 0 0
0.714527 -0.079399 0.332485 0 0 0
0.715814 -0.080255 0.332787 0 0 0
0.716562 -0.081362 0.332847 0 0 0
0.717982 -0.082350 0.333310 0 0 0
0.718638 -0.082993 0.333729 0 0 0
0.673376 0.085607 0.253668 0 0 0
0.673553 0.082684 0.255215 0 0 0
0.673705 0.079737 0.256608 0 0 0
0.673307 0.076185 0.258860 0 0 0
0.672948 0.072707 0.261011 0 0 0
0.672361 0.068929 0.262979 0 0 0
0.671903 0.065381 0.265087 0 0 0
0.671491 0.061934 0.267253 0 0 0
0.671555 0.059059 0.268791 0 0 0
0.671611 0.056199 0.270357 0 0 0
0.671653 0.053349 0.271922 0 0 0
0.671197 0.049853 0.274099 0 0 0
0.671763 0.047751 0.275091 0 0 0
0.672249 0.045513 0.276011 0 0 0
0.672346 0.042687 0.277701 0 0 0
0.672800 0.040455 0.278584 0 0 0
0.673248 0.038240 0.279491 0 0 0
0.673314 0.035417 0.281189 0 0 0
0.673820 0.033323 0.282165 0 0 0
0.674314 0.031244 0.283135 0 0 0
0.674294 0.028310 0.284812 0 0 0
0.674722 0.026174 0.285592 0 0 0
0.675187 0.024039 0.286578 0 0 0
0.675790 0.022052 0.288029 0 0 0
0.676095 0.019804 0.288577 0 0 0
0.676682 0.017822 0.290039 0 0 0
0.677046 0.015641 0.290802 0 0 0
0.677568 0.013607 0.292066 0 0 0
0.677955 0.011419 0.292881 0 0 0
0.678320 0.009241 0.293667 0 0 0
0.679037 0.007064 0.295201 0 0 0
0.679604 0.006157 0.295473 0 0 0
0.679743 0.002610 0.296824 0 0 0
0.680392 0.001767 0.297297 0 0 0
0.680922 -0.000598 0.298213 0 0 0
0.681482 -0.002854 0.299326 0 0 0
0.682121 -0.003779 0.299814 0 0 0
0.682789 -0.006355 0.300787 0 0 0
0.683450 -0.007269 0.301306 0 0 0
0.684164 -0.009820 0.302505 0 0 0
0.684764 -0.010702 0.302984 0 0 0
0.685509 -0.013195 0.304212 0 0 0
0.686008 -0.014024 0.304488 0 0 0
0.686068 -0.017594 0.305866 0 0 0
0.686575 -0.018313 0.306268 0 0 0
0.687360 -0.020726 0.307782 0 0 0
0.687867 -0.021628 0.308086 0 0 0
0.688480 -0.024269 0.309042 0 0 0
0.689023 -0.025126 0.309514 0 0 0
0.689455 -0.027412 0.310441 0 0 0
0.689932 -0.029701 0.311599 0 0 0
0.690471 -0.030526 0.312090 0 0 0
0.691031 -0.033085 0.313031 0 0 0
0.691497 -0.033948 0.313341 0 0 0
0.692048 -0.036651 0.314415 0 0 0
0.692691 -0.037680 0.314702 0 0 0
0.693651 -0.038969 0.315374 0 0 0
0.694518 -0.040367 0.315878 0 0 0
0.695381 -0.041742 0.316356 0 0 0
0.696242 -0.043109 0.316833 0 0 0
0.697095 -0.044475 0.317309 0 0 0
0.697944 -0.045844 0.317785 0 0 0
0.698786 -0.047207 0.318263 255 0 0
0.699632 -0.048626 0.318786 255 0 0
0.700355 -0.049631 0.319403 255 0 0
0.700812 -0.052135 0.320381 255 0 0
0.701367 -0.052825 0.320957 0 0 0
0.701731 -0.055478 0.321856 0 0 0
0.702109 -0.056261 0.322152 0 0 0
0.702658 -0.058765 0.323344 0 0 0
0.703017 -0.059512 0.323633 0 0 0
0.703445 -0.062134 0.324782 0 0 0
0.704076 -0.063079 0.325226 255 0 0
0.704911 -0.064493 0.325698 0 0 0
0.705752 -0.065791 0.325945 0 0 0
0.706885 -0.066301 0.326428 0 0 0
0.707117 -0.068484 0.326852 0 0 0
0.707560 -0.070681 0.327905 0 0 0
0.708358 -0.070906 0.328332 0 0 0
0.708936 -0.073128 0.329241 0 0 0
0.709495 -0.074249 0.329647 0 0 0
0.710275 -0.075680 0.330098 0 0 0
0.711047 -0.076846 0.330321 0 0 0
0.712187 -0.077439 0.330835 255 0 0
0.712772 -0.079722 0.331224 255 0 0
0.713882 -0.080254 0.331494 0 0 0
0.715299 -0.081037 0.331821 0 0 0
0.716118 -0.082139 0.332137 0 0 0
0.716828 -0.083585 0.332436 0 0 0
0.717304 -0.084319 0.332724 0 0 0
0.673492 0.082311 0.253211 0 0 0
0.673658 0.079403 0.254779 0 0 0
0.673251 0.075782 0.256693 0 0 0
0.672832 0.072215 0.258810 0 0 0
0.671919 0.068132 0.261667 0 0 0
0.671443 0.064539 0.263637 0 0 0
0.670964 0.060988 0.265735 0 0 0
0.671034 0.058128 0.267294 0 0 0
0.671015 0.055156 0.268789 0 0 0
0.671059 0.052308 0.270361 0 0 0
0.671029 0.049289 0.271891 0 0 0
0.671579 0.047243 0.272851 0 0 0
0.671766 0.044504 0.274583 0 0 0
0.672156 0.042208 0.275426 0 0 0
0.672323 0.039482 0.277167 0 0 0
0.672834 0.037471 0.278140 0 0 0
0.672824 0.034505 0.279745 0 0 0
0.673334 0.032414 0.280717 0 0 0
0.673829 0.030365 0.281709 0 0 0
0.673697 0.027313 0.283289 0 0 0
0.674181 0.025263 0.284283 0 0 0
0.674646 0.023190 0.285259 0 0 0
0.674732 0.019966 0.286789 255 0 0
0.675404 0.019143 0.287219 255 0 0
0.675656 0.015720 0.288823 255 0 0
0.676297 0.014909 0.289233 0 0 0
0.676535 0.011501 0.290859 255 0 0
0.677188 0.010628 0.291297 0 0 0
0.677794 0.008401 0.292391 0 0 0
0.677805 0.005197 0.293897 0 0 0
0.678364 0.004317 0.294163 0 0 0
0.679275 0.001921 0.295795 0 0 0
0.679850 0.000952 0.296086 0 0 0
0.680433 -0.001369 0.297179 0 0 0
0.680775 -0.003521 0.297997 0 0 0
0.681292 -0.005944 0.298896 0 0 0
0.681950 -0.006841 0.299411 0 0 0
0.682432 -0.009188 0.300313 0 0 0
0.682963 -0.011428 0.301435 0 0 0
0.683563 -0.012326 0.301917 0 0 0
0.684217 -0.014968 0.302868 0 0 0
0.684757 -0.015894 0.303179 0 0 0
0.685542 -0.018313 0.304669 0 0 0
0.686059 -0.019019 0.305087 0 0 0
0.686094 -0.022523 0.306514 0 0 0
0.686618 -0.023280 0.306955 0 0 0
0.687215 -0.025826 0.307936 0 0 0
0.688025 -0.026983 0.308579 0 0 0
0.688727 -0.027996 0.309126 0 0 0
0.688685 -0.031386 0.310538 0 0 0
0.689177 -0.032109 0.310981 0 0 0
0.689729 -0.034681 0.311953 0 0 0
0.690308 -0.035508 0.312500 0 0 0
0.690978 -0.037902 0.313390 0 0 0
0.692054 -0.038184 0.313902 0 0 0
0.692648 -0.040744 0.314668 0 0 0
0.693306 -0.041849 0.315057 0 0 0
0.694182 -0.043252 0.315546 0 0 0
0.695037 -0.044617 0.316021 0 0 0
0.695903 -0.046056 0.316471 0 0 0
0.696662 -0.047445 0.316763 0 0 0
0.697582 -0.048688 0.317424 255 0 0
0.698429 -0.050109 0.317949 255 0 0
0.699034 -0.051222 0.318353 255 0 0
0.699286 -0.053482 0.319122 0 0 0
0.699588 -0.055764 0.320270 0 0 0
0.700301 -0.056675 0.320915 0 0 0
0.700906 -0.057798 0.321375 0 0 0
0.701335 -0.060290 0.322322 0 0 0
0.701804 -0.061023 0.322832 0 0 0
0.702201 -0.063534 0.323808 255 0 0
0.702897 -0.064578 0.324395 0 0 0
0.703737 -0.065900 0.324688 0 0 0
0.705101 -0.066613 0.325175 0 0 0
0.705923 -0.067961 0.325467 0 0 0
0.706532 -0.068974 0.325992 0 0 0
0.706914 -0.071385 0.326951 0 0 0
0.707491 -0.072515 0.327372 0 0 0
0.708063 -0.073670 0.327798 0 0 0
0.708628 -0.075968 0.328661 0 0 0
0.709661 -0.076542 0.329105 0 0 0
0.710438 -0.077709 0.329332 0 0 0
0.711233 -0.079113 0.329786 255 0 0
0.712059 -0.080341 0.330183 0 0 0
0.713295 -0.081123 0.330519 0 0 0
0.714112 -0.082342 0.330726 0 0 0
0.714997 -0.083663 0.331257 0 0 0
0.715540 -0.084451 0.331614 0 0 0
0.673199 0.075415 0.254717 0 0 0
0.672779 0.071816 0.256651 0 0 0
0.672338 0.068229 0.258639 0 0 0
0.671333 0.064048 0.261430 255 0 0
0.670860 0.060506 0.263561 0 0 0
0.670933 0.057653 0.265128 0 0 0
0.670498 0.054228 0.267303 0 0 0
0.670466 0.051269 0.268800 0 0 0
0.670518 0.048372 0.270414 0 0 0
0.671082 0.046256 0.271383 0 0 0
0.671576 0.044026 0.272317 0 0 0
0.671678 0.041207 0.274016 0 0 0
0.672144 0.038974 0.274929 0 0 0
0.672673 0.036899 0.275928 0 0 0
0.672664 0.033952 0.277552 0 0 0
0.673196 0.031945 0.278740 0 0 0
0.673678 0.029875 0.279704 255 0 0
0.673125 0.026314 0.281794 255 0 0
0.673603 0.024267 0.282775 0 0 0
0.674110 0.022287 0.283950 0 0 0
0.674199 0.019081 0.285480 0 0 0
0.674816 0.018190 0.285738 0 0 0
0.675131 0.014831 0.287525 0 0 0
0.675719 0.013973 0.287773 0 0 0
0.676014 0.010619 0.289572 255 0 0
0.676619 0.009705 0.289857 0 0 0
0.677272 0.007525 0.291124 0 0 0
0.677293 0.004328 0.292661 0 0 0
0.677847 0.003518 0.292923 0 0 0
0.678047 0.000057 0.294494 0 0 0
0.678615 -0.000822 0.294784 0 0 0
0.679371 -0.003361 0.295985 0 0 0
0.680059 -0.004192 0.296633 0 0 0
0.680820 -0.006688 0.297880 0 0 0
0.681389 -0.007646 0.298195 0 0 0
0.681938 -0.009958 0.299295 0 0 0
0.682246 -0.012084 0.300112 0 0 0
0.682726 -0.014479 0.301007 0 0 0
0.683535 -0.015563 0.301625 0 0 0
0.684329 -0.016621 0.302238 0 0 0
0.684848 -0.018949 0.303363 0 0 0
0.684973 -0.021134 0.303867 0 0 0
0.685411 -0.023086 0.305234 0 0 0
0.685811 -0.025467 0.306096 0 0 0
0.686386 -0.026283 0.306597 0 0 0
0.686985 -0.028822 0.307612 0 0 0
0.687481 -0.029631 0.308061 0 0 0
0.688047 -0.031826 0.309507 0 0 0
0.688404 -0.034139 0.310384 0 0 0
0.689045 -0.034898 0.310986 0 0 0
0.689517 -0.037548 0.311925 0 0 0
0.690137 -0.038243 0.312455 0 0 0
0.690423 -0.041055 0.313088 0 0 0
0.691239 -0.042000 0.313729 0 0 0
0.692117 -0.043399 0.314254 0 0 0
0.692978 -0.044762 0.314735 0 0 0
0.693864 -0.046201 0.315188 0 0 0
0.694753 -0.047467 0.315454 255 0 0
0.696038 -0.047948 0.315979 255 0 0
0.696474 -0.050526 0.316517 255 0 0
0.697192 -0.051529 0.317093 255 0 0
0.698055 -0.052972 0.317682 255 0 0
0.698767 -0.053857 0.318316 0 0 0
0.699068 -0.056134 0.319469 0 0 0
0.699306 -0.058387 0.320248 0 0 0
0.699899 -0.059532 0.320699 0 0 0
0.700599 -0.060548 0.321337 0 0 0
0.701004 -0.063063 0.322320 0 0 0
0.701473 -0.063818 0.322834 0 0 0
0.701980 -0.066249 0.323388 0 0 0
0.703032 -0.066894 0.323674 0 0 0
0.703851 -0.068204 0.323865 0 0 0
0.704628 -0.069501 0.324339 0 0 0
0.705479 -0.070790 0.325102 0 0 0
0.706111 -0.071808 0.325740 0 0 0
0.706586 -0.074203 0.326353 0 0 0
0.707355 -0.074491 0.326755 0 0 0
0.707978 -0.076879 0.327593 255 0 0
0.708574 -0.077836 0.327778 255 0 0
0.709690 -0.078458 0.328280 255 0 0
0.710268 -0.080738 0.328755 0 0 0
0.711344 -0.081252 0.329232 0 0 0
0.712183 -0.082654 0.329455 0 0 0
0.712610 -0.083619 0.329561 0 0 0
0.672731 0.071451 0.254682 0 0 0
0.672298 0.067867 0.256636 255 0 0
0.671299 0.063694 0.259461 255 0 0
0.670823 0.060125 0.261443 0 0 0
0.670828 0.057164 0.262944 0 0 0
0.670400 0.053750 0.265133 0 0 0
0.669952 0.050343 0.267321 0 0 0
0.670007 0.047434 0.268916 0 0 0
0.670579 0.045335 0.269927 0 0 0
0.671075 0.043117 0.270870 0 0 0
0.671099 0.040170 0.272487 0 0 0
0.671645 0.038078 0.273490 0 0 0
0.672177 0.035987 0.274475 0 0 0
0.672160 0.033115 0.276100 0 0 0
0.672104 0.030168 0.277533 0 0 0
0.672562 0.028176 0.278450 0 0 0
0.672546 0.025302 0.280278 0 0 0
0.673018 0.023338 0.281252 0 0 0
0.672907 0.020341 0.282703 0 0 0
0.673600 0.018136 0.283943 0 0 0
0.674257 0.017183 0.284251 0 0 0
0.674642 0.013954 0.286126 0 0 0
0.675201 0.012981 0.286340 0 0 0
0.675537 0.009740 0.288184 0 0 0
0.676081 0.008789 0.288405 0 0 0
0.676057 0.005583 0.289882 0 0 0
0.676706 0.003407 0.291159 0 0 0
0.677282 0.002533 0.291438 0 0 0
0.677537 -0.000815 0.293275 0 0 0
0.678085 -0.001675 0.293534 0 0 0
0.678774 -0.003935 0.294917 0 0 0
0.678975 -0.006152 0.295434 0 0 0
0.679587 -0.008483 0.296574 0 0 0
0.680151 -0.009418 0.296887 0 0 0
0.680957 -0.011879 0.298340 0 0 0
0.681526 -0.012748 0.298792 0 0 0
0.682268 -0.015223 0.300025 0 0 0
0.682844 -0.016173 0.300372 0 0 0
0.683295 -0.018550 0.301237 0 0 0
0.683715 -0.020875 0.302147 0 0 0
0.684389 -0.021667 0.302850 0 0 0
0.684834 -0.023909 0.303974 0 0 0
0.685350 -0.026169 0.305133 0 0 0
0.685833 -0.027056 0.305436 0 0 0
0.686366 -0.029346 0.306608 0 0 0
0.686538 -0.031412 0.307374 0 0 0
0.686770 -0.033460 0.308410 0 0 0
0.687012 -0.035408 0.309413 0 0 0
0.687374 -0.037799 0.310498 0 0 0
0.687902 -0.038576 0.310867 0 0 0
0.688525 -0.041139 0.311652 0 0 0
0.689589 -0.041416 0.312168 0 0 0
0.690261 -0.043745 0.313029 0 0 0
0.690906 -0.044880 0.313435 0 0 0
0.691805 -0.046335 0.313904 0 0 0
0.692723 -0.047675 0.314155 0 0 0
0.693899 -0.048178 0.314571 0 0 0
0.694530 -0.050681 0.315033 0 0 0
0.695569 -0.050964 0.315540 255 0 0
0.696213 -0.053322 0.316421 255 0 0
0.696616 -0.054149 0.316726 255 0 0
0.696999 -0.056792 0.317642 255 0 0
0.697547 -0.057447 0.318216 0 0 0
0.698096 -0.059997 0.319420 0 0 0
0.698613 -0.061077 0.319686 0 0 0
0.699272 -0.062084 0.320251 0 0 0
0.699673 -0.064567 0.321220 255 0 0
0.700382 -0.065645 0.321853 0 0 0
0.701257 -0.066868 0.322301 0 0 0
0.702543 -0.067676 0.322679 0 0 0
0.703459 -0.068890 0.323088 0 0 0
0.704067 -0.069942 0.323498 0 0 0
0.704346 -0.072519 0.324141 0 0 0
0.705011 -0.073606 0.324770 0 0 0
0.705760 -0.074857 0.325298 0 0 0
0.706502 -0.076159 0.325783 0 0 0
0.707279 -0.077614 0.326284 255 0 0
0.707970 -0.078698 0.326729 255 0 0
0.708750 -0.080115 0.327251 255 0 0
0.709495 -0.081492 0.327703 0 0 0
0.710169 -0.082836 0.327957 0 0 0
0.711012 -0.083924 0.328369 0 0 0
0.712093 -0.084225 0.328907 0 0 0
0.672253 0.067502 0.254660 255 0 0
0.671799 0.063896 0.256461 255 0 0
0.670785 0.059738 0.259295 0 0 0
0.670377 0.056320 0.261498 0 0 0
0.670371 0.053374 0.263022 0 0 0
0.669857 0.049861 0.265155 0 0 0
0.669909 0.046975 0.266762 0 0 0
0.670397 0.044819 0.267685 0 0 0
0.670496 0.042031 0.269327 0 0 0
0.670516 0.039151 0.270957 0 0 0
0.671061 0.037055 0.271950 0 0 0
0.671596 0.034968 0.272941 0 0 0
0.671566 0.032089 0.274541 0 0 0
0.671551 0.029249 0.276199 0 0 0
0.672023 0.027249 0.277133 0 0 0
0.672022 0.024388 0.278989 0 0 0
0.672406 0.022338 0.279703 0 0 0
0.672396 0.019419 0.281415 0 0 0
0.673097 0.017288 0.282528 0 0 0
0.673752 0.016134 0.282832 0 0 0
0.674293 0.013660 0.283839 0 0 0
0.674811 0.011739 0.284931 0 0 0
0.675192 0.009453 0.285901 0 0 0
0.675678 0.007620 0.286967 0 0 0
0.675552 0.004721 0.288654 0 0 0
0.676149 0.002443 0.289701 0 0 0
0.676722 0.001549 0.289970 0 0 0
0.676975 -0.001753 0.291848 0 0 0
0.677542 -0.002485 0.292244 0 0 0
0.677689 -0.005963 0.293717 0 0 0
0.678346 -0.006728 0.294332 0 0 0
0.679052 -0.009287 0.295387 0 0 0
0.679659 -0.010091 0.295853 0 0 0
0.679752 -0.013551 0.297280 0 0 0
0.680321 -0.014374 0.297728 0 0 0
0.680962 -0.016947 0.298710 0 0 0
0.681611 -0.017830 0.299250 0 0 0
0.682317 -0.020351 0.300480 0 0 0
0.682945 -0.021229 0.301019 0 0 0
0.683360 -0.023526 0.301911 0 0 0
0.683642 -0.025568 0.302934 0 0 0
0.684038 -0.027867 0.303825 0 0 0
0.684640 -0.028711 0.304363 0 0 0
0.685096 -0.031020 0.305511 0 0 0
0.685270 -0.033055 0.306280 0 0 0
0.685641 -0.034977 0.307639 0 0 0
0.685825 -0.036977 0.308623 0 0 0
0.686159 -0.039223 0.309500 0 0 0
0.686917 -0.040297 0.310149 0 0 0
0.687962 -0.041549 0.310937 0 0 0
0.688581 -0.042659 0.311202 0 0 0
0.688955 -0.045381 0.312001 0 0 0
0.689732 -0.046429 0.312574 0 0 0
0.690639 -0.047813 0.312860 0 0 0
0.692051 -0.048521 0.313328 0 0 0
0.692935 -0.049876 0.313602 0 0 0
0.693894 -0.051207 0.314253 0 0 0
0.694431 -0.052320 0.314488 255 0 0
0.694891 -0.054868 0.315363 0 0 0
0.695619 -0.055916 0.316043 0 0 0
0.696344 -0.056997 0.316733 0 0 0
0.696481 -0.059303 0.317304 0 0 0
0.697035 -0.061393 0.318396 0 0 0
0.697870 -0.061644 0.318817 0 0 0
0.698478 -0.064085 0.319727 0 0 0
0.698951 -0.064850 0.320245 255 0 0
0.699417 -0.067282 0.320848 0 0 0
0.700533 -0.067794 0.321315 0 0 0
0.701388 -0.069075 0.321578 255 0 0
0.702192 -0.070473 0.322037 0 0 0
0.702969 -0.071843 0.322574 0 0 0
0.703632 -0.072818 0.323194 0 0 0
0.704094 -0.075213 0.323797 0 0 0
0.704947 -0.075531 0.324251 0 0 0
0.705577 -0.077825 0.324763 0 0 0
0.706683 -0.078388 0.325301 255 0 0
0.707345 -0.079284 0.325666 0 0 0
0.707813 -0.081766 0.326230 0 0 0
0.708894 -0.082298 0.326766 0 0 0
0.709768 -0.083475 0.327226 0 0 0
0.710373 -0.084204 0.327631 0 0 0
0.671766 0.063571 0.254667 0 0 0
0.670750 0.059380 0.257353 0 0 0
0.670280 0.055864 0.259464 0 0 0
0.670342 0.052995 0.260904 0 0 0
0.669832 0.049483 0.263050 0 0 0
0.669873 0.046659 0.264641 0 0 0
0.669900 0.043828 0.266218 0 0 0
0.669992 0.041123 0.267874 0 0 0
0.669930 0.038126 0.269415 0 0 0
0.670479 0.036038 0.270424 0 0 0
0.671008 0.033942 0.271404 0 0 0
0.671030 0.031167 0.273228 0 0 0
0.670962 0.028250 0.274667 0 0 0
0.671484 0.026329 0.275812 0 0 0
0.670981 0.022421 0.277776 0 0 0
0.671715 0.021601 0.278338 0 0 0
0.671954 0.018269 0.279965 0 0 0
0.672631 0.017201 0.280407 0 0 0
0.673311 0.014954 0.281382 0 0 0
0.673815 0.012824 0.282448 0 0 0
0.674266 0.010717 0.283464 0 0 0
0.674718 0.008622 0.284522 0 0 0
0.675129 0.006610 0.285490 0 0 0
0.674986 0.003731 0.287176 0 0 0
0.675585 0.001519 0.288277 0 0 0
0.676208 0.000684 0.288714 0 0 0
0.676237 -0.002515 0.290316 0 0 0
0.676521 -0.004589 0.291052 0 0 0
0.677001 -0.006555 0.292377 0 0 0
0.677483 -0.008967 0.293234 0 0 0
0.678133 -0.009854 0.293743 0 0 0
0.678666 -0.012109 0.294890 0 0 0
0.679015 -0.014133 0.295926 0 0 0
0.679572 -0.016419 0.297090 0 0 0
0.680192 -0.017319 0.297603 0 0 0
0.680629 -0.019635 0.298492 0 0 0
0.681055 -0.021943 0.299378 0 0 0
0.681689 -0.022841 0.299923 0 0 0
0.682104 -0.025188 0.300806 0 0 0
0.682618 -0.027420 0.302010 0 0 0
0.683274 -0.028216 0.302712 0 0 0
0.683579 -0.030575 0.303372 0 0 0
0.684167 -0.032802 0.304827 0 0 0
0.684620 -0.033508 0.305237 0 0 0
0.684391 -0.036712 0.306593 0 0 0
0.684792 -0.038819 0.307724 0 0 0
0.685397 -0.039565 0.308420 0 0 0
0.685733 -0.041812 0.309317 0 0 0
0.686035 -0.044185 0.310351 0 0 0
0.686842 -0.045156 0.310735 0 0 0
0.688227 -0.045729 0.311187 0 0 0
0.688794 -0.048151 0.311620 0 0 0
0.689966 -0.048658 0.312033 0 0 0
0.690883 -0.049998 0.312289 0 0 0
0.691756 -0.051418 0.312748 0 0 0
0.692598 -0.052774 0.313236 0 0 0
0.693448 -0.054147 0.313772 0 0 0
0.694235 -0.055090 0.314460 0 0 0
0.694502 -0.057728 0.315106 0 0 0
0.695223 -0.058773 0.315752 0 0 0
0.695870 -0.059781 0.316364 0 0 0
0.696419 -0.062180 0.317577 0 0 0
0.696734 -0.063038 0.317737 0 0 0
0.697157 -0.065595 0.318631 255 0 0
0.697842 -0.066596 0.319301 0 0 0
0.698711 -0.067870 0.320009 0 0 0
0.699415 -0.069201 0.320329 255 0 0
0.700210 -0.070609 0.320790 255 0 0
0.700985 -0.071921 0.321277 0 0 0
0.701748 -0.073236 0.321766 0 0 0
0.702526 -0.074673 0.322264 0 0 0
0.703273 -0.075870 0.322747 0 0 0
0.704031 -0.077179 0.323239 0 0 0
0.704805 -0.078571 0.323701 255 0 0
0.705473 -0.079864 0.323972 0 0 0
0.706232 -0.081286 0.324459 0 0 0
0.707031 -0.082496 0.325114 0 0 0
0.707702 -0.083727 0.325490 0 0 0
0.708339 -0.084446 0.326032 0 0 0
0.670793 0.056107 0.256660 0 0 0
0.670312 0.052604 0.258767 0 0 0
0.669807 0.049106 0.260938 255 0 0
0.669776 0.046172 0.262451 255 0 0
0.669402 0.042852 0.264770 0 0 0
0.669811 0.040581 0.265605 255 0 0
0.669428 0.037224 0.267972 255 0 0
0.669895 0.035012 0.268896 0 0 0
0.670469 0.033021 0.270075 255 0 0
0.669853 0.029342 0.272128 0 0 0
0.670320 0.027354 0.273055 0 0 0
0.670261 0.024431 0.274516 0 0 0
0.670288 0.021691 0.276406 0 0 0
0.670691 0.019560 0.277153 0 0 0
0.671250 0.017503 0.278409 0 0 0
0.671863 0.015115 0.279317 0 0 0
0.672597 0.014111 0.279805 0 0 0
0.673249 0.011827 0.280956 0 0 0
0.673706 0.009736 0.281992 0 0 0
0.674155 0.007636 0.283035 0 0 0
0.674572 0.005634 0.284027 0 0 0
0.674431 0.002752 0.285720 0 0 0
0.674860 0.000751 0.286747 0 0 0
0.675195 -0.001401 0.287550 0 0 0
0.675636 -0.003393 0.288800 0 0 0
0.676080 -0.005357 0.290077 0 0 0
0.676371 -0.007488 0.290847 0 0 0
0.677046 -0.009719 0.292250 0 0 0
0.677563 -0.010582 0.292517 0 0 0
0.677678 -0.014055 0.293965 0 0 0
0.678267 -0.014710 0.294534 0 0 0
0.678369 -0.018117 0.296041 0 0 0
0.678925 -0.018911 0.296493 0 0 0
0.679648 -0.021440 0.297738 0 0 0
0.680283 -0.022313 0.298279 0 0 0
0.680906 -0.024867 0.299281 0 0 0
0.681477 -0.025720 0.299777 0 0 0
0.682000 -0.027932 0.300962 0 0 0
0.682412 -0.030312 0.301865 0 0 0
0.682925 -0.031057 0.302315 0 0 0
0.682930 -0.034430 0.303780 0 0 0
0.683441 -0.035038 0.304240 0 0 0
0.683884 -0.037359 0.305633 0 0 0
0.684177 -0.039312 0.306704 0 0 0
0.684327 -0.041376 0.307493 0 0 0
0.684547 -0.043389 0.308540 0 0 0
0.684892 -0.045679 0.309398 0 0 0
0.685535 -0.046808 0.309775 0 0 0
0.686457 -0.048178 0.310171 0 0 0
0.687965 -0.048875 0.310744 0 0 0
0.688832 -0.050132 0.311010 0 0 0
0.689713 -0.051562 0.311471 0 0 0
0.690558 -0.052913 0.311957 0 0 0
0.691416 -0.054299 0.312459 0 0 0
0.692037 -0.055376 0.312851 0 0 0
0.692558 -0.057810 0.313643 0 0 0
0.693694 -0.058055 0.314239 0 0 0
0.694225 -0.060520 0.315073 0 0 0
0.694605 -0.061304 0.315374 0 0 0
0.695154 -0.063780 0.316589 0 0 0
0.695731 -0.064853 0.317038 0 0 0
0.696509 -0.065789 0.317750 0 0 0
0.696723 -0.068424 0.318391 0 0 0
0.697417 -0.069456 0.318956 255 0 0
0.698124 -0.070839 0.319309 255 0 0
0.699000 -0.072118 0.319960 255 0 0
0.699687 -0.073472 0.320310 0 0 0
0.700562 -0.074755 0.320942 0 0 0
0.701383 -0.076052 0.321233 255 0 0
0.702481 -0.076553 0.321713 0 0 0
0.703095 -0.078840 0.322210 0 0 0
0.704206 -0.079438 0.322707 255 0 0
0.705011 -0.080613 0.323011 0 0 0
0.705826 -0.081832 0.323667 0 0 0
0.706577 -0.083212 0.324197 0 0 0
0.707096 -0.084083 0.324576 0 0 0
0.670283 0.052248 0.256834 255 0 0
0.669780 0.048723 0.258798 255 0 0
0.669339 0.045354 0.261035 0 0 0
0.669214 0.042290 0.262480 255 0 0
0.669396 0.039741 0.264252 0 0 0
0.669243 0.036687 0.265689 255 0 0
0.669347 0.034073 0.267557 0 0 0
0.669251 0.031143 0.268762 0 0 0
0.668941 0.027586 0.271162 0 0 0
0.669648 0.026607 0.271690 0 0 0
0.669772 0.023615 0.273416 0 0 0
0.669685 0.020662 0.274844 0 0 0
0.670255 0.018767 0.275948 0 0 0
0.670749 0.016633 0.276981 0 0 0
0.671435 0.014326 0.278110 0 0 0
0.672125 0.013298 0.278465 0 0 0
0.672692 0.010836 0.279493 0 0 0
0.673144 0.008755 0.280518 0 0 0
0.673595 0.006657 0.281566 0 0 0
0.674014 0.004658 0.282562 0 0 0
0.673875 0.001779 0.284263 0 0 0
0.674273 -0.000212 0.285258 0 0 0
0.674695 -0.002275 0.286331 0 0 0
0.675071 -0.004271 0.287322 0 0 0
0.675072 -0.007472 0.288908 0 0 0
0.675626 -0.008183 0.289303 0 0 0
0.675821 -0.011586 0.290968 0 0 0
0.676320 -0.012414 0.291220 0 0 0
0.677051 -0.014564 0.292879 0 0 0
0.677194 -0.016741 0.293367 0 0 0
0.677673 -0.018704 0.294740 0 0 0
0.677995 -0.020714 0.295775 0 0 0
0.678395 -0.023029 0.296642 0 0 0
0.679027 -0.023923 0.297183 0 0 0
0.679644 -0.026463 0.298181 0 0 0
0.680264 -0.027340 0.298722 0 0 0
0.680666 -0.029689 0.299611 0 0 0
0.681201 -0.031882 0.300815 0 0 0
0.681761 -0.032595 0.301325 0 0 0
0.682256 -0.034831 0.302718 0 0 0
0.681919 -0.038071 0.303936 0 0 0
0.682457 -0.038700 0.304446 0 0 0
0.682913 -0.040980 0.305634 0 0 0
0.683063 -0.042982 0.306409 0 0 0
0.683594 -0.045225 0.307833 0 0 0
0.684199 -0.046246 0.308242 0 0 0
0.685145 -0.047468 0.308970 0 0 0
0.686006 -0.048830 0.309445 0 0 0
0.686807 -0.050282 0.309731 0 0 0
0.687670 -0.051706 0.310193 255 0 0
0.688517 -0.053055 0.310682 0 0 0
0.689365 -0.054403 0.311173 0 0 0
0.690205 -0.055760 0.311668 0 0 0
0.691054 -0.057136 0.312212 0 0 0
0.691843 -0.058020 0.312875 0 0 0
0.692113 -0.060775 0.313733 0 0 0
0.692809 -0.061747 0.314195 0 0 0
0.693413 -0.062807 0.314619 0 0 0
0.693975 -0.065250 0.315846 0 0 0
0.694416 -0.065894 0.316195 0 0 0
0.694951 -0.068455 0.317240 0 0 0
0.695981 -0.068743 0.317624 0 0 0
0.696510 -0.071036 0.318097 255 0 0
0.697489 -0.071305 0.318578 255 0 0
0.698076 -0.073766 0.319056 255 0 0
0.698956 -0.074051 0.319479 0 0 0
0.699608 -0.076347 0.319995 255 0 0
0.700702 -0.076846 0.320469 255 0 0
0.701536 -0.078220 0.320731 255 0 0
0.702350 -0.079589 0.321155 255 0 0
0.703163 -0.080764 0.321349 255 0 0
0.704195 -0.081436 0.321656 255 0 0
0.704748 -0.083882 0.322497 0 0 0
0.705240 -0.084777 0.322901 0 0 0
0.705796 -0.085435 0.323436 0 0 0
0.669755 0.048374 0.256873 255 0 0
0.669243 0.044895 0.259038 255 0 0
0.668822 0.041481 0.261271 0 0 0
0.669288 0.039305 0.262042 0 0 0
0.668822 0.035900 0.264309 0 0 0
0.668257 0.032343 0.266480 0 0 0
0.668790 0.030396 0.267513 0 0 0
0.668607 0.027285 0.268999 0 0 0
0.668699 0.024708 0.270560 0 0 0
0.668657 0.021877 0.272192 0 0 0
0.669244 0.019538 0.273360 0 0 0
0.669921 0.018379 0.273650 0 0 0
0.670590 0.016067 0.274768 0 0 0
0.671265 0.013735 0.275872 0 0 0
0.671938 0.012773 0.276209 0 0 0
0.672139 0.009789 0.278025 0 0 0
0.672579 0.007769 0.279028 0 0 0
0.673031 0.005670 0.280078 0 0 0
0.673455 0.003682 0.281097 0 0 0
0.673315 0.000799 0.282785 0 0 0
0.673718 -0.001179 0.283804 0 0 0
0.674132 -0.003259 0.284862 0 0 0
0.674513 -0.005230 0.285859 0 0 0
0.674563 -0.008333 0.287663 0 0 0
0.675055 -0.009100 0.287875 0 0 0
0.675315 -0.012389 0.289815 255 0 0
0.675851 -0.013081 0.290208 255 0 0
0.675970 -0.016564 0.291700 0 0 0
0.676595 -0.017295 0.292319 0 0 0
0.677089 -0.019470 0.293433 0 0 0
0.676960 -0.022667 0.294838 0 0 0
0.677614 -0.023380 0.295503 0 0 0
0.678243 -0.025948 0.296543 0 0 0
0.678868 -0.026821 0.297083 0 0 0
0.679486 -0.029366 0.298098 0 0 0
0.680045 -0.030212 0.298596 0 0 0
0.680553 -0.032334 0.299760 0 0 0
0.680252 -0.035610 0.301027 0 0 0
0.680752 -0.036250 0.301491 0 0 0
0.681350 -0.038414 0.302998 0 0 0
0.681511 -0.040438 0.303767 0 0 0
0.681954 -0.042739 0.304948 0 0 0
0.682420 -0.043422 0.305392 0 0 0
0.682533 -0.046643 0.306781 0 0 0
0.683449 -0.046853 0.307192 0 0 0
0.683998 -0.049428 0.307783 0 0 0
0.684762 -0.050514 0.308349 255 0 0
0.685553 -0.051928 0.308709 255 0 0
0.686481 -0.053171 0.309374 255 0 0
0.687337 -0.054621 0.309866 0 0 0
0.688098 -0.055983 0.310191 0 0 0
0.689026 -0.057260 0.310868 0 0 0
0.689635 -0.058350 0.311286 0 0 0
0.690013 -0.060928 0.312189 0 0 0
0.690799 -0.061834 0.312887 0 0 0
0.691631 -0.063239 0.313445 0 0 0
0.692208 -0.064297 0.313858 0 0 0
0.692549 -0.066459 0.314959 0 0 0
0.692662 -0.068778 0.315782 0 0 0
0.693391 -0.069743 0.316416 0 0 0
0.694225 -0.071161 0.316689 0 0 0
0.695437 -0.071615 0.317183 0 0 0
0.695966 -0.073982 0.317659 0 0 0
0.697190 -0.074438 0.318215 0 0 0
0.698016 -0.075724 0.318497 0 0 0
0.698826 -0.077106 0.318926 0 0 0
0.699525 -0.078422 0.319197 255 0 0
0.700387 -0.079652 0.319603 255 0 0
0.701774 -0.080464 0.320164 255 0 0
0.702669 -0.081588 0.320327 255 0 0
0.703617 -0.082209 0.320572 255 0 0
0.704240 -0.084498 0.321487 0 0 0
0.704720 -0.084940 0.322068 0 0 0
0.669260 0.041667 0.258355 255 0 0
0.669201 0.038744 0.259882 255 0 0
0.668738 0.035441 0.262303 0 0 0
0.668725 0.032582 0.263578 0 0 0
0.668712 0.029866 0.265380 0 0 0
0.668205 0.026473 0.267653 0 0 0
0.668550 0.024219 0.268502 0 0 0
0.668591 0.021528 0.270231 0 0 0
0.668821 0.018611 0.271999 0 0 0
0.669527 0.017611 0.272349 0 0 0
0.670210 0.015288 0.273460 0 0 0
0.670884 0.012971 0.274584 0 0 0
0.671507 0.011898 0.274846 0 0 0
0.671672 0.008911 0.276635 0 0 0
0.672117 0.006897 0.277650 0 0 0
0.672568 0.004832 0.278723 0 0 0
0.672905 0.002689 0.279649 0 0 0
0.672856 -0.000025 0.281439 0 0 0
0.673171 -0.002157 0.282368 0 0 0
0.673579 -0.004224 0.283411 0 0 0
0.673962 -0.006192 0.284413 0 0 0
0.673998 -0.009257 0.286246 0 0 0
0.674544 -0.009960 0.286630 255 0 0
0.674566 -0.013153 0.288274 255 0 0
0.674836 -0.015176 0.289034 255 0 0
0.675283 -0.017151 0.290370 0 0 0
0.675569 -0.019255 0.291187 0 0 0
0.675874 -0.021278 0.292199 0 0 0
0.676346 -0.023161 0.293773 0 0 0
0.676503 -0.025303 0.294310 0 0 0
0.677053 -0.027552 0.295506 0 0 0
0.677616 -0.028408 0.295994 0 0 0
0.678249 -0.030945 0.297028 0 0 0
0.678841 -0.031801 0.297555 0 0 0
0.679269 -0.034084 0.298673 0 0 0
0.679590 -0.036038 0.299799 0 0 0
0.679879 -0.038028 0.300878 0 0 0
0.680007 -0.040121 0.301633 0 0 0
0.680303 -0.042108 0.302742 0 0 0
0.680745 -0.044287 0.303928 0 0 0
0.681186 -0.045064 0.304367 0 0 0
0.681733 -0.047218 0.305805 0 0 0
0.682083 -0.049568 0.306314 0 0 0
0.683109 -0.049896 0.306801 255 0 0
0.683888 -0.052176 0.307397 255 0 0
0.684813 -0.052525 0.307812 255 0 0
0.685435 -0.055040 0.308423 0 0 0
0.686215 -0.056018 0.308815 0 0 0
0.687384 -0.056583 0.309312 0 0 0
0.687941 -0.058996 0.309958 0 0 0
0.688644 -0.060086 0.310611 0 0 0
0.689358 -0.061149 0.311291 0 0 0
0.689710 -0.063629 0.311996 0 0 0
0.690422 -0.064673 0.312636 0 0 0
0.691005 -0.065767 0.313091 0 0 0
0.691544 -0.068231 0.314370 0 0 0
0.692018 -0.068964 0.314904 0 0 0
0.692506 -0.071376 0.315523 0 0 0
0.693622 -0.071858 0.316006 0 0 0
0.694466 -0.073173 0.316296 0 0 0
0.695358 -0.074448 0.316942 0 0 0
0.696071 -0.075850 0.317217 0 0 0
0.696890 -0.077200 0.317435 0 0 0
0.698233 -0.077924 0.317978 0 0 0
0.699104 -0.079075 0.318424 255 0 0
0.699899 -0.080428 0.318829 255 0 0
0.700640 -0.081805 0.318888 255 0 0
0.701980 -0.082575 0.319347 255 0 0
0.702783 -0.083841 0.319653 255 0 0
0.703480 -0.084637 0.320268 0 0 0
0.669801 0.041927 0.255699 255 0 0
0.668812 0.037912 0.258690 0 0 0
0.669270 0.035709 0.259264 0 0 0
0.668730 0.032283 0.261846 0 0 0
0.668715 0.029468 0.263263 0 0 0
0.668118 0.026076 0.265636 0 0 0
0.668174 0.023327 0.267180 0 0 0
0.668585 0.021228 0.268112 0 0 0
0.668729 0.018124 0.269846 0 0 0
0.669388 0.017028 0.270133 0 0 0
0.670055 0.014664 0.271194 0 0 0
0.670627 0.012745 0.272374 0 0 0
0.671107 0.010643 0.273411 0 0 0
0.671502 0.008393 0.274364 0 0 0
0.671964 0.006326 0.275435 0 0 0
0.672399 0.004321 0.276446 0 0 0
0.672372 0.001579 0.278242 0 0 0
0.672680 -0.000475 0.279129 0 0 0
0.672630 -0.003196 0.280945 0 0 0
0.673025 -0.005186 0.281958 0 0 0
0.673410 -0.007156 0.282967 0 0 0
0.673266 -0.010018 0.284733 0 0 0
0.673551 -0.012042 0.285489 0 0 0
0.673970 -0.014033 0.286766 0 0 0
0.674346 -0.016035 0.287849 0 0 0
0.674692 -0.018091 0.288889 0 0 0
0.675051 -0.020112 0.289973 0 0 0
0.675376 -0.022036 0.290998 255 0 0
0.675290 -0.025240 0.292592 0 0 0
0.675810 -0.025958 0.293012 0 0 0
0.676393 -0.028182 0.294272 0 0 0
0.676810 -0.030570 0.295145 0 0 0
0.677400 -0.031392 0.295667 0 0 0
0.677853 -0.033670 0.296642 0 0 0
0.678302 -0.035916 0.297809 0 0 0
0.678840 -0.036575 0.298406 0 0 0
0.678861 -0.039959 0.300006 0 0 0
0.679382 -0.040607 0.300599 0 0 0
0.679811 -0.042827 0.301800 0 0 0
0.680031 -0.044864 0.302660 0 0 0
0.680298 -0.046837 0.303764 0 0 0
0.680591 -0.049188 0.304616 0 0 0
0.681339 -0.050114 0.305267 0 0 0
0.682202 -0.051526 0.305789 255 0 0
0.683076 -0.052962 0.306253 0 0 0
0.683825 -0.054257 0.306578 0 0 0
0.684852 -0.055579 0.307473 0 0 0
0.685609 -0.056936 0.307770 0 0 0
0.686407 -0.058416 0.308065 0 0 0
0.687123 -0.059441 0.308667 0 0 0
0.687606 -0.061867 0.309708 0 0 0
0.688257 -0.062901 0.310327 0 0 0
0.688968 -0.063947 0.311005 0 0 0
0.689435 -0.066413 0.311996 0 0 0
0.689798 -0.067233 0.312315 0 0 0
0.690239 -0.069699 0.313304 0 0 0
0.690914 -0.070701 0.313962 0 0 0
0.691784 -0.071970 0.314678 0 0 0
0.692488 -0.073285 0.315005 0 0 0
0.693292 -0.074765 0.315443 0 0 0
0.694031 -0.076181 0.315739 0 0 0
0.694892 -0.077313 0.316131 0 0 0
0.696250 -0.078023 0.316679 0 0 0
0.697066 -0.079353 0.316903 0 0 0
0.697822 -0.080851 0.317171 0 0 0
0.698659 -0.081976 0.317553 255 0 0
0.700016 -0.082695 0.318109 255 0 0
0.700852 -0.083957 0.318393 255 0 0
0.701465 -0.084742 0.318752 255 0 0
0.669281 0.035336 0.257574 0 0 0
0.669292 0.032518 0.258986 0 0 0
0.668717 0.029124 0.261353 0 0 0
0.668687 0.026288 0.262647 0 0 0
0.668109 0.022857 0.265203 0 0 0
0.668587 0.020887 0.266056 0 0 0
0.668584 0.017948 0.267721 0 0 0
0.669151 0.016084 0.268838 0 0 0
0.669825 0.013774 0.270085 0 0 0
0.670413 0.012506 0.270167 0 0 0
0.670664 0.009671 0.272046 0 0 0
0.671128 0.007658 0.273085 0 0 0
0.671597 0.005561 0.274154 0 0 0
0.672032 0.003595 0.275183 0 0 0
0.671818 0.000576 0.276779 0 0 0
0.672219 -0.001302 0.277777 0 0 0
0.672076 -0.004175 0.279491 0 0 0
0.672472 -0.006152 0.280507 0 0 0
0.672859 -0.008119 0.281521 0 0 0
0.672680 -0.010974 0.283255 0 0 0
0.673056 -0.012904 0.284287 0 0 0
0.673424 -0.014967 0.285337 0 0 0
0.673791 -0.017004 0.286402 0 0 0
0.674149 -0.019036 0.287467 0 0 0
0.674499 -0.021071 0.288537 255 0 0
0.674818 -0.022989 0.289542 255 0 0
0.674781 -0.026007 0.291429 255 0 0
0.675294 -0.026750 0.291835 0 0 0
0.675748 -0.029118 0.292738 0 0 0
0.676375 -0.031282 0.294213 0 0 0
0.676844 -0.032170 0.294497 0 0 0
0.677287 -0.034498 0.295398 0 0 0
0.677711 -0.036415 0.296809 0 0 0
0.677826 -0.038495 0.297529 0 0 0
0.678128 -0.040480 0.298647 0 0 0
0.678418 -0.042429 0.299757 0 0 0
0.678827 -0.044714 0.300903 0 0 0
0.679291 -0.045401 0.301340 0 0 0
0.679259 -0.048751 0.302881 0 0 0
0.680001 -0.049696 0.303598 0 0 0
0.680629 -0.050829 0.303917 0 0 0
0.681356 -0.053248 0.304789 0 0 0
0.682450 -0.053806 0.305226 0 0 0
0.683248 -0.054797 0.305625 0 0 0
0.683864 -0.057289 0.306244 0 0 0
0.684998 -0.057839 0.306719 0 0 0
0.685980 -0.059100 0.307199 0 0 0
0.686573 -0.060156 0.307571 0 0 0
0.687002 -0.062381 0.308770 0 0 0
0.687185 -0.064673 0.309411 0 0 0
0.687674 -0.065449 0.309942 0 0 0
0.688123 -0.067927 0.310972 0 0 0
0.688819 -0.068954 0.311651 0 0 0
0.689503 -0.070007 0.312324 0 0 0
0.689831 -0.072471 0.313051 0 0 0
0.690517 -0.073546 0.313650 0 0 0
0.691241 -0.074916 0.314021 0 0 0
0.692221 -0.076023 0.314604 0 0 0
0.693566 -0.076865 0.315056 0 0 0
0.694367 -0.078006 0.315393 0 0 0
0.695130 -0.079511 0.315662 0 0 0
0.695946 -0.080835 0.315887 0 0 0
0.697295 -0.081544 0.316437 0 0 0
0.698131 -0.082674 0.316822 255 0 0
0.698876 -0.084251 0.317090 255 0 0
0.699325 -0.085199 0.317218 0 0 0
0.669844 0.032793 0.256351 0 0 0
0.669277 0.029359 0.258546 0 0 0
0.668692 0.025942 0.260725 0 0 0
0.668659 0.023155 0.262192 0 0 0
0.668540 0.020278 0.263891 0 0 0
0.668593 0.017634 0.265815 0 0 0
0.669245 0.015373 0.266723 0 0 0
0.669902 0.014213 0.266901 0 0 0
0.670181 0.011479 0.268949 0 0 0
0.670512 0.009102 0.269772 0 0 0
0.671048 0.007226 0.270939 0 0 0
0.671447 0.004984 0.271941 0 0 0
0.671882 0.003004 0.272946 0 0 0
0.671354 -0.000265 0.275409 0 0 0
0.671667 -0.002290 0.276317 0 0 0
0.671521 -0.005144 0.278037 0 0 0
0.671919 -0.007118 0.279057 0 0 0
0.672307 -0.009083 0.280074 0 0 0
0.672120 -0.011945 0.281797 0 0 0
0.672497 -0.013873 0.282834 255 0 0
0.672877 -0.015922 0.283905 0 0 0
0.673246 -0.017956 0.284974 0 0 0
0.673606 -0.019985 0.286043 0 0 0
0.673958 -0.022017 0.287118 255 0 0
0.674278 -0.023931 0.288127 255 0 0
0.674057 -0.026753 0.289924 0 0 0
0.674494 -0.028963 0.290832 0 0 0
0.675071 -0.029679 0.291434 0 0 0
0.675136 -0.033101 0.292929 0 0 0
0.675802 -0.034122 0.293345 0 0 0
0.676612 -0.035077 0.294098 0 0 0
0.676432 -0.038229 0.295535 0 0 0
0.676865 -0.040351 0.296684 0 0 0
0.677395 -0.040997 0.297282 0 0 0
0.677207 -0.044161 0.298754 0 0 0
0.677648 -0.046324 0.299859 0 0 0
0.678050 -0.047126 0.300135 0 0 0
0.678608 -0.049301 0.301638 0 0 0
0.679158 -0.051456 0.302381 0 0 0
0.679891 -0.051862 0.302559 0 0 0
0.680732 -0.054175 0.303713 0 0 0
0.681300 -0.055310 0.303915 0 0 0
0.682172 -0.056782 0.304412 0 0 0
0.683089 -0.058020 0.305095 0 0 0
0.683861 -0.059416 0.305412 0 0 0
0.684697 -0.060766 0.305923 0 0 0
0.685381 -0.061748 0.306541 0 0 0
0.685937 -0.064243 0.307862 0 0 0
0.686427 -0.064958 0.308387 0 0 0
0.686896 -0.067462 0.309447 0 0 0
0.687374 -0.068221 0.309969 0 0 0
0.687731 -0.070704 0.310730 0 0 0
0.688416 -0.071752 0.311404 0 0 0
0.689101 -0.072802 0.312080 0 0 0
0.689618 -0.075185 0.312730 0 0 0
0.690492 -0.075492 0.313180 0 0 0
0.691146 -0.077806 0.313609 0 0 0
0.692175 -0.078550 0.313781 0 0 0
0.693081 -0.079773 0.314150 0 0 0
0.693978 -0.080928 0.314600 0 0 0
0.695314 -0.081650 0.315143 0 0 0
0.696112 -0.082905 0.315402 0 0 0
0.696934 -0.084279 0.315877 0 0 0
0.697951 -0.085304 0.316365 0 0 0
0.698885 -0.085761 0.316645 0 0 0
0.668691 0.025595 0.258821 0 0 0
0.668667 0.022815 0.260261 0 0 0
0.668329 0.019305 0.262746 0 0 0
0.668959 0.018208 0.262772 0 0 0
0.669118 0.015154 0.264687 0 0 0
0.669608 0.013148 0.265704 0 0 0
0.670008 0.010937 0.266600 0 0 0
0.670279 0.008127 0.268557 0 0 0
0.670831 0.007009 0.268735 255 0 0
0.670995 0.004052 0.270588 255 0 0
0.671416 0.002135 0.271561 255 0 0
0.671212 -0.000727 0.273369 0 0 0
0.671118 -0.003328 0.274873 0 0 0
0.670966 -0.006114 0.276581 0 0 0
0.671356 -0.008101 0.277587 0 0 0
0.671746 -0.010058 0.278611 0 0 0
0.671620 -0.012815 0.280592 0 0 0
0.671916 -0.014823 0.281361 0 0 0
0.672332 -0.016877 0.282474 0 0 0
0.672702 -0.018907 0.283546 0 0 0
0.673063 -0.020933 0.284620 255 0 0
0.673417 -0.022963 0.285698 0 0 0
0.673739 -0.024874 0.286712 0 0 0
0.673479 -0.027697 0.288474 0 0 0
0.673832 -0.029593 0.289554 0 0 0
0.674053 -0.031678 0.290339 0 0 0
0.674618 -0.033818 0.291794 0 0 0
0.675203 -0.034632 0.292308 0 0 0
0.675530 -0.037059 0.292956 0 0 0
0.675910 -0.038951 0.294324 0 0 0
0.676275 -0.040866 0.295687 0 0 0
0.676314 -0.042999 0.296159 0 0 0
0.676687 -0.044885 0.297562 0 0 0
0.677162 -0.047134 0.298753 0 0 0
0.677587 -0.047906 0.299041 0 0 0
0.678031 -0.050196 0.300208 0 0 0
0.678642 -0.052255 0.301287 0 0 0
0.679373 -0.052652 0.301464 0 0 0
0.680161 -0.055113 0.302347 0 0 0
0.680808 -0.056107 0.302804 0 0 0
0.681747 -0.057465 0.303506 0 0 0
0.682516 -0.058860 0.303849 0 0 0
0.683447 -0.060124 0.304552 0 0 0
0.684106 -0.061235 0.305016 0 0 0
0.684312 -0.063582 0.305617 0 0 0
0.684720 -0.065750 0.306864 0 0 0
0.685145 -0.066472 0.307339 0 0 0
0.685603 -0.068954 0.308386 0 0 0
0.686301 -0.069987 0.309068 0 0 0
0.686992 -0.071035 0.309743 0 0 0
0.687333 -0.073487 0.310491 0 0 0
0.688009 -0.074505 0.311153 0 0 0
0.688876 -0.075756 0.311876 0 0 0
0.689604 -0.077175 0.312213 0 0 0
0.690507 -0.078393 0.312625 0 0 0
0.691755 -0.079184 0.312994 0 0 0
0.692667 -0.080427 0.313371 0 0 0
0.693401 -0.081812 0.313628 0 0 0
0.694118 -0.083191 0.313888 0 0 0
0.694924 -0.084636 0.314371 0 0 0
0.695405 -0.085439 0.314684 0 0 0
0.668669 0.022466 0.258369 255 0 0
0.668648 0.019582 0.259669 0 0 0
0.669051 0.017519 0.260783 0 0 0
0.669027 0.014703 0.262438 0 0 0
0.669151 0.012146 0.264296 255 0 0
0.669632 0.010161 0.265352 255 0 0
0.669970 0.007777 0.266264 255 0 0
0.670500 0.005958 0.267381 255 0 0
0.670430 0.003049 0.269095 255 0 0
0.670852 0.001151 0.270071 0 0 0
0.670117 -0.002422 0.272211 0 0 0
0.670545 -0.004243 0.273375 0 0 0
0.670411 -0.007068 0.275128 0 0 0
0.670849 -0.008968 0.276364 0 0 0
0.671212 -0.010920 0.277355 255 0 0
0.670607 -0.014801 0.279406 0 0 0
0.671188 -0.015596 0.279834 0 0 0
0.671787 -0.017834 0.281048 0 0 0
0.672158 -0.019858 0.282118 0 0 0
0.672521 -0.021882 0.283196 255 0 0
0.672876 -0.023909 0.284279 0 0 0
0.673199 -0.025817 0.285296 0 0 0
0.672945 -0.028633 0.287074 0 0 0
0.673241 -0.030545 0.288064 0 0 0
0.673571 -0.032520 0.289191 0 0 0
0.673904 -0.034532 0.290290 0 0 0
0.674354 -0.036889 0.291240 0 0 0
0.674893 -0.037675 0.291728 0 0 0
0.675359 -0.039798 0.292885 0 0 0
0.675201 -0.042886 0.294558 0 0 0
0.675722 -0.043522 0.295153 0 0 0
0.676103 -0.045794 0.296112 0 0 0
0.676624 -0.048067 0.297361 0 0 0
0.677051 -0.048837 0.297650 0 0 0
0.677508 -0.051091 0.298843 0 0 0
0.677953 -0.053292 0.299978 0 0 0
0.678528 -0.054445 0.300211 0 0 0
0.679472 -0.055771 0.300950 0 0 0
0.680185 -0.056745 0.301597 0 0 0
0.680818 -0.059246 0.302275 0 0 0
0.681704 -0.059593 0.302683 0 0 0
0.682298 -0.061988 0.303345 0 0 0
0.683042 -0.063074 0.304049 0 0 0
0.683697 -0.064085 0.304673 0 0 0
0.684109 -0.066202 0.305924 0 0 0
0.684371 -0.068482 0.306849 0 0 0
0.684855 -0.069251 0.307381 0 0 0
0.685224 -0.071726 0.308155 0 0 0
0.685914 -0.072773 0.308832 0 0 0
0.686600 -0.073806 0.309508 0 0 0
0.686972 -0.076342 0.310237 0 0 0
0.687589 -0.077399 0.310659 0 0 0
0.688499 -0.078596 0.311081 0 0 0
0.689764 -0.079477 0.311409 0 0 0
0.690593 -0.080727 0.311636 0 0 0
0.691492 -0.081951 0.312053 0 0 0
0.692836 -0.082778 0.312600 0 0 0
0.693627 -0.083952 0.312900 0 0 0
0.694499 -0.085197 0.313607 0 0 0
0.695025 -0.085898 0.314008 0 0 0
0.668641 0.019347 0.257943 0 0 0
0.668697 0.016757 0.259654 0 0 0
0.668644 0.013907 0.261157 0 0 0
0.668979 0.011600 0.262015 0 0 0
0.669456 0.009612 0.263049 255 0 0
0.669497 0.006862 0.264881 255 0 0
0.669941 0.004933 0.265866 0 0 0
0.669867 0.002065 0.267618 0 0 0
0.670291 0.000170 0.268597 0 0 0
0.669597 -0.003309 0.270959 0 0 0
0.669988 -0.005201 0.271916 0 0 0
0.669842 -0.007971 0.273638 0 0 0
0.669663 -0.010813 0.275161 255 0 0
0.670004 -0.012669 0.276096 0 0 0
0.670085 -0.015603 0.278198 0 0 0
0.670671 -0.016413 0.278628 0 0 0
0.671207 -0.018784 0.279578 255 0 0
0.671603 -0.020827 0.280673 0 0 0
0.671978 -0.022826 0.281774 0 0 0
0.672334 -0.024854 0.282859 0 0 0
0.672659 -0.026760 0.283881 0 0 0
0.672420 -0.029621 0.285644 0 0 0
0.672808 -0.031304 0.286786 0 0 0
0.673030 -0.033495 0.287771 0 0 0
0.673330 -0.035457 0.288844 0 0 0
0.673862 -0.037714 0.290056 0 0 0
0.674339 -0.038551 0.290357 0 0 0
0.674821 -0.040733 0.291477 0 0 0
0.674665 -0.043368 0.293429 0 0 0
0.675038 -0.045574 0.294281 0 0 0
0.675466 -0.046487 0.294706 0 0 0
0.676102 -0.048984 0.295992 0 0 0
0.676529 -0.049749 0.296282 0 0 0
0.676987 -0.052000 0.297478 0 0 0
0.677414 -0.054154 0.298692 0 0 0
0.678119 -0.055223 0.299263 0 0 0
0.678743 -0.056417 0.299547 0 0 0
0.679320 -0.058981 0.300546 0 0 0
0.679992 -0.059873 0.301134 0 0 0
0.680853 -0.061212 0.301736 0 0 0
0.681654 -0.062220 0.302445 0 0 0
0.682071 -0.064804 0.303394 0 0 0
0.682467 -0.065589 0.303710 0 0 0
0.682839 -0.067812 0.304889 0 0 0
0.683114 -0.069963 0.305816 0 0 0
0.683794 -0.071017 0.306490 0 0 0
0.684479 -0.072064 0.307155 0 0 0
0.684873 -0.074583 0.307898 0 0 0
0.685472 -0.075650 0.308354 0 0 0
0.686348 -0.076912 0.309108 0 0 0
0.687137 -0.078152 0.309648 0 0 0
0.687996 -0.079334 0.310052 0 0 0
0.689266 -0.080226 0.310421 0 0 0
0.690181 -0.081447 0.310814 0 0 0
0.690951 -0.082822 0.311090 0 0 0
0.691786 -0.084108 0.311301 0 0 0
0.692844 -0.084683 0.311787 255 0 0
0.693358 -0.086350 0.312592 255 0 0
0.668556 0.013456 0.258925 255 0 0
0.668602 0.010779 0.260719 255 0 0
0.669069 0.008857 0.261754 255 0 0
0.669017 0.005991 0.263486 0 0 0
0.669384 0.003938 0.264400 0 0 0
0.669304 0.001081 0.266141 0 0 0
0.669729 -0.000811 0.267124 0 0 0
0.669029 -0.004302 0.269475 0 0 0
0.669421 -0.006191 0.270437 0 0 0
0.669282 -0.008935 0.272170 0 0 0
0.669130 -0.011681 0.273906 0 0 0
0.669490 -0.013545 0.274870 0 0 0
0.669355 -0.016377 0.276670 0 0 0
0.669868 -0.018653 0.277565 255 0 0
0.670486 -0.019534 0.278049 0 0 0
0.671108 -0.021693 0.279483 0 0 0
0.671399 -0.023768 0.280311 0 0 0
0.671783 -0.025818 0.281422 0 0 0
0.672119 -0.027698 0.282467 0 0 0
0.672055 -0.030787 0.284279 0 0 0
0.672449 -0.031592 0.284439 0 0 0
0.672619 -0.034330 0.286550 0 0 0
0.672807 -0.036389 0.287473 0 0 0
0.673323 -0.038657 0.288648 0 0 0
0.673805 -0.039480 0.288958 0 0 0
0.674303 -0.041732 0.290129 0 0 0
0.674490 -0.043938 0.291083 0 0 0
0.674837 -0.045625 0.292356 0 0 0
0.675098 -0.047576 0.293462 0 0 0
0.675578 -0.049892 0.294619 0 0 0
0.676008 -0.050660 0.294914 0 0 0
0.676467 -0.052916 0.296119 0 0 0
0.676732 -0.054864 0.297247 0 0 0
0.677273 -0.057013 0.298093 0 0 0
0.678039 -0.057315 0.298417 0 0 0
0.678870 -0.059713 0.299605 0 0 0
0.679269 -0.060564 0.299794 0 0 0
0.679669 -0.062811 0.300699 0 0 0
0.679972 -0.065173 0.301791 0 0 0
0.680642 -0.066130 0.302269 0 0 0
0.681273 -0.067169 0.302718 0 0 0
0.681857 -0.069681 0.304046 0 0 0
0.682301 -0.070328 0.304538 0 0 0
0.682850 -0.072837 0.305568 0 0 0
0.683452 -0.073734 0.306045 0 0 0
0.684304 -0.075175 0.306822 0 0 0
0.685018 -0.076393 0.307295 0 0 0
0.685810 -0.077734 0.307799 0 0 0
0.686605 -0.079056 0.308307 0 0 0
0.687390 -0.080352 0.308771 0 0 0
0.688146 -0.081753 0.309086 0 0 0
0.689046 -0.082962 0.309476 0 0 0
0.690333 -0.083870 0.309856 0 0 0
0.691202 -0.084923 0.310301 255 0 0
0.691820 -0.085677 0.310746 255 0 0
0.668565 0.013122 0.257060 255 0 0
0.668525 0.010329 0.258752 255 0 0
0.668901 0.008226 0.259468 255 0 0
0.668845 0.005452 0.261188 0 0 0
0.668833 0.002885 0.262946 0 0 0
0.668741 0.000097 0.264664 0 0 0
0.669167 -0.001792 0.265650 0 0 0
0.668470 -0.005262 0.268011 0 0 0
0.668908 -0.007069 0.269196 0 0 0
0.668722 -0.009898 0.270702 0 0 0
0.668556 -0.012656 0.272422 0 0 0
0.668974 -0.014424 0.273632 0 0 0
0.668766 -0.017328 0.275178 0 0 0
0.669348 -0.019485 0.276351 0 0 0
0.669941 -0.020274 0.276814 0 0 0
0.670112 -0.023749 0.278346 0 0 0
0.670673 -0.024509 0.278789 0 0 0
0.671291 -0.026679 0.280244 0 0 0
0.671541 -0.028636 0.281010 0 0 0
0.671555 -0.031654 0.282971 0 0 0
0.672068 -0.032369 0.283389 0 0 0
0.672420 -0.034787 0.284167 0 0 0
0.672286 -0.037400 0.286115 0 0 0
0.672789 -0.039588 0.287248 0 0 0
0.673267 -0.040422 0.287552 0 0 0
0.673784 -0.042656 0.288767 255 0 0
0.674230 -0.044854 0.289965 255 0 0
0.674619 -0.045676 0.290312 0 0 0
0.674589 -0.048628 0.292082 0 0 0
0.675051 -0.050806 0.293227 0 0 0
0.675484 -0.051574 0.293537 0 0 0
0.675947 -0.053827 0.294757 0 0 0
0.676169 -0.055752 0.295838 0 0 0
0.676633 -0.057964 0.297021 0 0 0
0.677004 -0.058796 0.297174 0 0 0
0.677829 -0.061218 0.298354 0 0 0
0.678579 -0.061516 0.298680 0 0 0
0.679097 -0.063627 0.299522 0 0 0
0.679560 -0.065825 0.300817 0 0 0
0.680162 -0.066896 0.301200 0 0 0
0.680760 -0.067941 0.301594 0 0 0
0.681371 -0.070465 0.302924 0 0 0
0.681711 -0.071150 0.303179 0 0 0
0.682484 -0.073546 0.304444 0 0 0
0.683030 -0.074004 0.304567 0 0 0
0.683867 -0.076213 0.305519 0 0 0
0.684489 -0.077299 0.305937 0 0 0
0.685298 -0.078629 0.306463 0 0 0
0.686087 -0.079965 0.306967 0 0 0
0.686851 -0.081186 0.307509 0 0 0
0.687741 -0.082467 0.308230 0 0 0
0.688547 -0.083715 0.308485 0 0 0
0.689855 -0.084710 0.308771 0 0 0
0.690435 -0.085515 0.308901 0 0 0
0.668552 0.007481 0.258403 255 0 0
0.668354 0.004565 0.259767 0 0 0
0.668251 0.001861 0.261421 0 0 0
0.668178 -0.000887 0.263186 0 0 0
0.668605 -0.002774 0.264177 255 0 0
0.667895 -0.006169 0.266508 255 0 0
0.667723 -0.008998 0.268017 255 0 0
0.668152 -0.010797 0.269209 0 0 0
0.668034 -0.013454 0.271167 0 0 0
0.667779 -0.016342 0.272444 0 0 0
0.668204 -0.018202 0.273709 0 0 0
0.668676 -0.020176 0.275053 0 0 0
0.668905 -0.022307 0.275644 0 0 0
0.669569 -0.024499 0.277113 0 0 0
0.670139 -0.025245 0.277570 0 0 0
0.670308 -0.028735 0.279118 0 0 0
0.670808 -0.029392 0.279503 0 0 0
0.670833 -0.032384 0.281469 0 0 0
0.671302 -0.034648 0.282375 0 0 0
0.671815 -0.035372 0.282809 0 0 0
0.671753 -0.038346 0.284720 0 0 0
0.672249 -0.040451 0.285897 0 0 0
0.672774 -0.041264 0.286368 255 0 0
0.673211 -0.043580 0.287324 255 0 0
0.673592 -0.045619 0.288515 255 0 0
0.673887 -0.047373 0.289428 0 0 0
0.674077 -0.049547 0.290670 0 0 0
0.674625 -0.051571 0.291987 0 0 0
0.675021 -0.052487 0.292238 0 0 0
0.675427 -0.054734 0.293392 0 0 0
0.675649 -0.056651 0.294479 0 0 0
0.676100 -0.058911 0.295700 0 0 0
0.676497 -0.059640 0.295985 0 0 0
0.677175 -0.062132 0.297280 0 0 0
0.677711 -0.063209 0.297543 0 0 0
0.678462 -0.064245 0.298319 0 0 0
0.678961 -0.066675 0.299419 0 0 0
0.679680 -0.067682 0.300083 0 0 0
0.680265 -0.068740 0.300504 0 0 0
0.680874 -0.071224 0.301820 0 0 0
0.681231 -0.071952 0.302111 0 0 0
0.681760 -0.074444 0.303143 0 0 0
0.682392 -0.075523 0.303605 0 0 0
0.683175 -0.076909 0.304139 0 0 0
0.684037 -0.078127 0.304834 0 0 0
0.684761 -0.079472 0.305203 0 0 0
0.685632 -0.080705 0.305917 0 0 0
0.686227 -0.081764 0.306376 0 0 0
0.686809 -0.084204 0.306974 0 0 0
0.687841 -0.084877 0.307240 0 0 0
0.688770 -0.085885 0.307450 0 0 0
0.689863 -0.086248 0.307931 0 0 0
0.667902 0.003770 0.258577 255 0 0
0.667808 0.001085 0.260259 255 0 0
0.667599 -0.001897 0.261670 255 0 0
0.668042 -0.003755 0.262701 255 0 0
0.667331 -0.007141 0.265031 255 0 0
0.667208 -0.009882 0.266760 0 0 0
0.667597 -0.011746 0.267752 0 0 0
0.666820 -0.015292 0.269909 0 0 0
0.667257 -0.017148 0.271175 0 0 0
0.667642 -0.019081 0.272238 0 0 0
0.667652 -0.022226 0.273889 0 0 0
0.668238 -0.022967 0.274361 0 0 0
0.668898 -0.025171 0.275827 0 0 0
0.669105 -0.027281 0.276407 0 0 0
0.669772 -0.029458 0.277911 0 0 0
0.670303 -0.030182 0.278334 0 0 0
0.670248 -0.033315 0.279997 0 0 0
0.670782 -0.035439 0.281194 0 0 0
0.671297 -0.036144 0.281628 0 0 0
0.671215 -0.039276 0.283311 0 0 0
0.671557 -0.041206 0.284389 255 0 0
0.672095 -0.043339 0.285464 255 0 0
0.672567 -0.044280 0.285904 0 0 0
0.673189 -0.046781 0.287139 0 0 0
0.673565 -0.047584 0.287353 0 0 0
0.673729 -0.050766 0.289374 0 0 0
0.674098 -0.051583 0.289588 0 0 0
0.674655 -0.053657 0.290918 0 0 0
0.674906 -0.055637 0.292021 0 0 0
0.675131 -0.057559 0.293120 0 0 0
0.675567 -0.059740 0.294387 0 0 0
0.676013 -0.060445 0.294840 0 0 0
0.676596 -0.062994 0.295972 0 0 0
0.677132 -0.063728 0.296527 0 0 0
0.677564 -0.066326 0.297359 0 0 0
0.678156 -0.067063 0.298091 0 0 0
0.678591 -0.069561 0.298959 0 0 0
0.679083 -0.070327 0.299491 0 0 0
0.679558 -0.072785 0.300560 0 0 0
0.680258 -0.073809 0.301243 0 0 0
0.680943 -0.074875 0.301914 0 0 0
0.681533 -0.077230 0.302625 0 0 0
0.682368 -0.077561 0.303046 0 0 0
0.683114 -0.079858 0.303649 0 0 0
0.683956 -0.080170 0.304079 0 0 0
0.684543 -0.082613 0.304752 0 0 0
0.685153 -0.083692 0.305210 0 0 0
0.686082 -0.084822 0.305837 0 0 0
0.687357 -0.085614 0.306284 0 0 0
0.688114 -0.086234 0.306651 0 0 0
0.667157 -0.002683 0.260512 255 0 0
0.667473 -0.004772 0.261207 0 0 0
0.666769 -0.008137 0.263546 0 0 0
0.666740 -0.010720 0.265408 0 0 0
0.667050 -0.012724 0.266314 0 0 0
0.666417 -0.016037 0.268797 0 0 0
0.666801 -0.017955 0.269851 0 0 0
0.667095 -0.020056 0.270803 0 0 0
0.667238 -0.022957 0.272777 0 0 0
0.667696 -0.023810 0.272972 0 0 0
0.667871 -0.027210 0.274665 255 0 0
0.668441 -0.027947 0.275133 255 0 0
0.669043 -0.030198 0.276393 0 0 0
0.669305 -0.032271 0.277213 0 0 0
0.669687 -0.034177 0.278538 0 0 0
0.670116 -0.036097 0.279928 0 0 0
0.670270 -0.038196 0.280498 0 0 0
0.670670 -0.040128 0.281870 0 0 0
0.671148 -0.042369 0.283021 255 0 0
0.671599 -0.043325 0.283306 0 0 0
0.672187 -0.045371 0.284627 0 0 0
0.672714 -0.047692 0.285805 0 0 0
0.673135 -0.048382 0.286079 0 0 0
0.673366 -0.051545 0.288209 0 0 0
0.673743 -0.052395 0.288399 0 0 0
0.674258 -0.054436 0.289669 0 0 0
0.674395 -0.056556 0.290684 0 0 0
0.674612 -0.058471 0.291764 0 0 0
0.674876 -0.060406 0.292924 0 0 0
0.675233 -0.062720 0.293886 0 0 0
0.675715 -0.063441 0.294387 0 0 0
0.676270 -0.065909 0.295560 0 0 0
0.676818 -0.066617 0.296247 0 0 0
0.677232 -0.069132 0.297135 0 0 0
0.677839 -0.069834 0.297889 0 0 0
0.678316 -0.072327 0.299010 0 0 0
0.678800 -0.073089 0.299541 0 0 0
0.679198 -0.075536 0.300348 0 0 0
0.679900 -0.076646 0.300990 0 0 0
0.680702 -0.077897 0.301553 0 0 0
0.681498 -0.079125 0.302107 0 0 0
0.682382 -0.080438 0.302800 0 0 0
0.683095 -0.081847 0.303144 0 0 0
0.683894 -0.083147 0.303684 0 0 0
0.684725 -0.084283 0.304405 0 0 0
0.685520 -0.085630 0.304901 0 0 0
0.686106 -0.086396 0.305177 0 0 0
0.667050 -0.005606 0.260092 255 0 0
0.666322 -0.009037 0.262208 0 0 0
0.666545 -0.011224 0.263019 0 0 0
0.666509 -0.013768 0.264897 0 0 0
0.666257 -0.016667 0.266516 0 0 0
0.666630 -0.018477 0.267533 0 0 0
0.666570 -0.021159 0.269413 0 0 0
0.666867 -0.023264 0.270385 0 0 0
0.667311 -0.025002 0.271550 0 0 0
0.667456 -0.027927 0.273563 255 0 0
0.667919 -0.028868 0.273769 255 0 0
0.668465 -0.031113 0.274936 0 0 0
0.668866 -0.033015 0.276283 0 0 0
0.669152 -0.034927 0.277293 0 0 0
0.669088 -0.038130 0.278793 0 0 0
0.669618 -0.038832 0.279254 0 0 0
0.670138 -0.041044 0.280477 0 0 0
0.670671 -0.043295 0.281693 0 0 0
0.671158 -0.044104 0.282022 0 0 0
0.671680 -0.046407 0.283191 0 0 0
0.672271 -0.048459 0.284541 0 0 0
0.672682 -0.049380 0.284778 0 0 0
0.673022 -0.051799 0.285835 0 0 0
0.673553 -0.053832 0.287124 0 0 0
0.673922 -0.054675 0.287303 0 0 0
0.673885 -0.057547 0.289363 255 0 0
0.674093 -0.059373 0.290402 255 0 0
0.674312 -0.061301 0.291511 255 0 0
0.674761 -0.063530 0.292757 0 0 0
0.675141 -0.064271 0.293031 0 0 0
0.675638 -0.066478 0.294352 0 0 0
0.675941 -0.068704 0.295329 0 0 0
0.676482 -0.069426 0.296023 0 0 0
0.676694 -0.071703 0.296751 0 0 0
0.677127 -0.073814 0.298042 0 0 0
0.677751 -0.074829 0.298663 0 0 0
0.678455 -0.075888 0.299351 0 0 0
0.679042 -0.078245 0.300062 0 0 0
0.679869 -0.078566 0.300479 0 0 0
0.680471 -0.081011 0.301157 0 0 0
0.681095 -0.082082 0.301591 0 0 0
0.682012 -0.083287 0.302074 0 0 0
0.683077 -0.083809 0.302579 0 0 0
0.683637 -0.086139 0.303291 0 0 0
0.684145 -0.086595 0.303804 0 0 0
0.666252 -0.009420 0.260241 0 0 0
0.666224 -0.011884 0.262054 0 0 0
0.665952 -0.014771 0.263425 0 0 0
0.665913 -0.017361 0.265307 0 0 0
0.666287 -0.019176 0.266333 0 0 0
0.666137 -0.022017 0.268104 0 0 0
0.666522 -0.023933 0.269191 255 0 0
0.666899 -0.025905 0.270279 255 0 0
0.667097 -0.028220 0.271203 0 0 0
0.667578 -0.029958 0.272630 0 0 0
0.667860 -0.031983 0.273417 0 0 0
0.667673 -0.034841 0.275095 0 0 0
0.667962 -0.036717 0.276099 0 0 0
0.668565 -0.038896 0.277560 0 0 0
0.669067 -0.039723 0.277877 0 0 0
0.669604 -0.041977 0.279079 0 0 0
0.670137 -0.044225 0.280292 0 0 0
0.670622 -0.045031 0.280609 0 0 0
0.671315 -0.047566 0.281877 0 0 0
0.671746 -0.048501 0.282135 0 0 0
0.672325 -0.050552 0.283487 0 0 0
0.672611 -0.052522 0.284601 0 0 0
0.673102 -0.054798 0.285791 0 0 0
0.673499 -0.055444 0.286063 255 0 0
0.673363 -0.058474 0.287998 255 0 0
0.673575 -0.060277 0.289042 255 0 0
0.673795 -0.062201 0.290159 0 0 0
0.674227 -0.064370 0.291442 0 0 0
0.674667 -0.065075 0.291902 0 0 0
0.675014 -0.067381 0.292875 255 0 0
0.675309 -0.069277 0.294117 255 0 0
0.675612 -0.071507 0.295120 0 0 0
0.676090 -0.072188 0.295759 0 0 0
0.676423 -0.074402 0.296813 0 0 0
0.676782 -0.076656 0.297795 0 0 0
0.677340 -0.077732 0.298202 0 0 0
0.678208 -0.078899 0.298943 0 0 0
0.679012 -0.080234 0.299509 0 0 0
0.679812 -0.081558 0.300076 0 0 0
0.680665 -0.082684 0.300810 0 0 0
0.681461 -0.083991 0.301313 0 0 0
0.682214 -0.085405 0.301699 0 0 0
0.682946 -0.086225 0.302351 0 0 0
0.665516 -0.015702 0.262080 0 0 0
0.665837 -0.017749 0.263070 0 0 0
0.666145 -0.019801 0.264091 0 0 0
0.665988 -0.022627 0.265841 0 0 0
0.666365 -0.024526 0.266914 255 0 0
0.666745 -0.026439 0.268004 255 0 0
0.666654 -0.029001 0.269903 0 0 0
0.666609 -0.032005 0.271547 0 0 0
0.667162 -0.032643 0.272097 0 0 0
0.667144 -0.035676 0.273869 0 0 0
0.667473 -0.037545 0.274940 0 0 0
0.668018 -0.039835 0.276137 0 0 0
0.668524 -0.040681 0.276456 0 0 0
0.669072 -0.042904 0.277686 0 0 0
0.669606 -0.045153 0.278900 0 0 0
0.670092 -0.045957 0.279217 0 0 0
0.670841 -0.048490 0.280553 0 0 0
0.671313 -0.049276 0.280878 0 0 0
0.671810 -0.051526 0.282082 0 0 0
0.672092 -0.053511 0.283169 0 0 0
0.672670 -0.055567 0.284530 255 0 0
0.673032 -0.056349 0.284747 255 0 0
0.672847 -0.059382 0.286642 0 0 0
0.673055 -0.061193 0.287664 0 0 0
0.673277 -0.063124 0.288788 0 0 0
0.673535 -0.065044 0.289960 0 0 0
0.673891 -0.067346 0.290943 0 0 0
0.674324 -0.068037 0.291414 0 0 0
0.674736 -0.070193 0.292709 0 0 0
0.674977 -0.072069 0.293903 0 0 0
0.675266 -0.074290 0.294904 0 0 0
0.675725 -0.074968 0.295527 0 0 0
0.676250 -0.077370 0.296733 0 0 0
0.676924 -0.078347 0.297379 0 0 0
0.677545 -0.079454 0.297848 0 0 0
0.678162 -0.081893 0.298543 0 0 0
0.678974 -0.082206 0.298957 0 0 0
0.679563 -0.084657 0.299637 0 0 0
0.680210 -0.085765 0.300098 0 0 0
0.680743 -0.086605 0.300449 0 0 0
0.665464 -0.016138 0.260190 0 0 0
0.665851 -0.017941 0.261228 255 0 0
0.665699 -0.020754 0.262747 255 0 0
0.665650 -0.023320 0.264645 255 0 0
0.666030 -0.025209 0.265742 255 0 0
0.666315 -0.027277 0.266703 255 0 0
0.666099 -0.029984 0.268436 0 0 0
0.666043 -0.032546 0.270374 0 0 0
0.666313 -0.034441 0.271164 0 0 0
0.666588 -0.036567 0.272420 0 0 0
0.666925 -0.038507 0.273514 0 0 0
0.667471 -0.040709 0.274770 0 0 0
0.668029 -0.041527 0.275261 0 0 0
0.668501 -0.043827 0.276244 0 0 0
0.669076 -0.046082 0.277508 0 0 0
0.669561 -0.046883 0.277826 0 0 0
0.670310 -0.049416 0.279159 0 0 0
0.670781 -0.050204 0.279474 0 0 0
0.671286 -0.052438 0.280703 0 0 0
0.671714 -0.054600 0.281908 255 0 0
0.672159 -0.055534 0.282355 255 0 0
0.672637 -0.057496 0.283387 0 0 0
0.672341 -0.060350 0.285248 0 0 0
0.672653 -0.061957 0.286419 0 0 0
0.672890 -0.063899 0.287577 0 0 0
0.673105 -0.065807 0.288693 0 0 0
0.673531 -0.067997 0.289977 0 0 0
0.673862 -0.068852 0.290194 0 0 0
0.674224 -0.071084 0.291373 0 0 0
0.674403 -0.072973 0.292490 0 0 0
0.674637 -0.074849 0.293695 0 0 0
0.674935 -0.077151 0.294657 0 0 0
0.675371 -0.077827 0.295150 0 0 0
0.675910 -0.080328 0.296271 0 0 0
0.676463 -0.081375 0.296679 0 0 0
0.677332 -0.082537 0.297433 0 0 0
0.678116 -0.083772 0.298033 0 0 0
0.678991 -0.085129 0.298783 0 0 0
0.679783 -0.086360 0.299352 0 0 0
0.680353 -0.087072 0.299758 0 0 0
0.665291 -0.021624 0.261633 0 0 0
0.665580 -0.023715 0.262406 255 0 0
0.665857 -0.025785 0.263390 0 0 0
0.665775 -0.028319 0.265266 0 0 0
0.665567 -0.031013 0.267030 0 0 0
0.665827 -0.033073 0.267985 0 0 0
0.666174 -0.034914 0.269123 0 0 0
0.666063 -0.037560 0.271047 0 0 0
0.666389 -0.039447 0.272108 0 0 0
0.666767 -0.041428 0.273277 0 0 0
0.667243 -0.043751 0.274248 0 0 0
0.667795 -0.044546 0.274747 0 0 0
0.668546 -0.047015 0.276118 0 0 0
0.669031 -0.047810 0.276435 0 0 0
0.669783 -0.050346 0.277768 0 0 0
0.670251 -0.051137 0.278072 0 0 0
0.670759 -0.053365 0.279324 0 0 0
0.671077 -0.055291 0.280502 0 0 0
0.671503 -0.057607 0.281476 0 0 0
0.671938 -0.058248 0.281886 0 0 0
0.671989 -0.061495 0.283919 0 0 0
0.672322 -0.062247 0.284111 0 0 0
0.672772 -0.064474 0.285384 0 0 0
0.672987 -0.066374 0.286506 0 0 0
0.673206 -0.068296 0.287663 0 0 0
0.673508 -0.070004 0.288914 0 0 0
0.673713 -0.071969 0.290027 0 0 0
0.673893 -0.073860 0.291159 0 0 0
0.674064 -0.075742 0.292280 0 0 0
0.674473 -0.077940 0.293561 0 0 0
0.674814 -0.078612 0.293832 0 0 0
0.675429 -0.081039 0.295264 0 0 0
0.676046 -0.081979 0.295858 0 0 0
0.676663 -0.083074 0.296337 0 0 0
0.677113 -0.085705 0.297092 0 0 0
0.677713 -0.086634 0.297574 0 0 0
0.678423 -0.087333 0.298217 0 0 0
0.665619 -0.023994 0.260638 255 0 0
0.665556 -0.026455 0.262448 255 0 0
0.665337 -0.029142 0.263938 0 0 0
0.665143 -0.031850 0.265733 0 0 0
0.665500 -0.033700 0.266868 0 0 0
0.665752 -0.035746 0.267825 0 0 0
0.665524 -0.038516 0.269633 0 0 0
0.665852 -0.040383 0.270701 0 0 0
0.666206 -0.042405 0.271810 0 0 0
0.666843 -0.044446 0.273189 0 0 0
0.667303 -0.045412 0.273451 0 0 0
0.668012 -0.047954 0.274702 0 0 0
0.668497 -0.048751 0.275019 0 0 0
0.669280 -0.051241 0.276375 0 0 0
0.669803 -0.051902 0.276799 0 0 0
0.670241 -0.054294 0.277965 0 0 0
0.670519 -0.056258 0.279041 0 0 0
0.671111 -0.058289 0.280448 0 0 0
0.671468 -0.059100 0.280641 0 0 0
0.671635 -0.062251 0.282779 0 0 0
0.671973 -0.063009 0.282979 0 0 0
0.672382 -0.065258 0.284147 0 0 0
0.672597 -0.067159 0.285267 0 0 0
0.672810 -0.069054 0.286428 0 0 0
0.673008 -0.070964 0.287541 0 0 0
0.673202 -0.072860 0.288684 0 0 0
0.673384 -0.074751 0.289822 0 0 0
0.673556 -0.076624 0.290951 0 0 0
0.673959 -0.078842 0.292221 0 0 0
0.674306 -0.079506 0.292506 0 0 0
0.674741 -0.081721 0.293824 0 0 0
0.675045 -0.083946 0.294766 0 0 0
0.675601 -0.085012 0.295179 0 0 0
0.676475 -0.086185 0.295986 0 0 0
0.677170 -0.086836 0.296725 0 0 0
0.665293 -0.029600 0.262032 255 0 0
0.665100 -0.032314 0.263576 0 0 0
0.665341 -0.034237 0.264547 0 0 0
0.665223 -0.036772 0.266427 0 0 0
0.664984 -0.039466 0.268204 0 0 0
0.665313 -0.041324 0.269270 0 0 0
0.665827 -0.043573 0.270458 0 0 0
0.666304 -0.044538 0.270746 0 0 0
0.666942 -0.046626 0.272097 0 0 0
0.667595 -0.048715 0.273433 0 0 0
0.668094 -0.049511 0.273809 0 0 0
0.668879 -0.052092 0.274830 0 0 0
0.669506 -0.052585 0.274708 0 0 0
0.669726 -0.055272 0.276618 0 0 0
0.670154 -0.057418 0.277734 0 0 0
0.670560 -0.058348 0.277990 0 0 0
0.671112 -0.060359 0.279350 0 0 0
0.671273 -0.062514 0.280361 0 0 0
0.671632 -0.064239 0.281638 0 0 0
0.671979 -0.066032 0.282864 0 0 0
0.672208 -0.067886 0.284078 0 0 0
0.672305 -0.069975 0.285087 0 0 0
0.672501 -0.071858 0.286206 0 0 0
0.672686 -0.073765 0.287316 0 0 0
0.672873 -0.075644 0.288483 0 0 0
0.673048 -0.077512 0.289617 0 0 0
0.673449 -0.079736 0.290885 0 0 0
0.673792 -0.080409 0.291167 0 0 0
0.674188 -0.082586 0.292447 0 0 0
0.674576 -0.084750 0.293712 0 0 0
0.675144 -0.085643 0.294179 0 0 0
0.675847 -0.086431 0.294866 0 0 0
0.665140 -0.032538 0.261746 0 0 0
0.664905 -0.035166 0.263235 0 0 0
0.664681 -0.037747 0.265006 0 0 0
0.664560 -0.040277 0.266917 0 0 0
0.664893 -0.042134 0.267995 0 0 0
0.665445 -0.044377 0.269256 0 0 0
0.665910 -0.045335 0.269509 255 0 0
0.666570 -0.047809 0.270731 255 0 0
0.667258 -0.049075 0.271095 255 0 0
0.667941 -0.050113 0.271515 0 0 0
0.668514 -0.052902 0.273629 0 0 0
0.669125 -0.053268 0.273654 0 0 0
0.669192 -0.056203 0.275217 0 0 0
0.669674 -0.058266 0.276469 0 0 0
0.670168 -0.059005 0.276966 0 0 0
0.670621 -0.061230 0.278192 0 0 0
0.670880 -0.063140 0.279352 0 0 0
0.671239 -0.065361 0.280329 0 0 0
0.671680 -0.066272 0.280801 0 0 0
0.672028 -0.068386 0.281719 0 0 0
0.671802 -0.070956 0.283789 0 0 0
0.671999 -0.072829 0.284807 0 0 0
0.672294 -0.074459 0.286132 0 0 0
0.672372 -0.076561 0.287155 0 0 0
0.672538 -0.078415 0.288262 0 0 0
0.672922 -0.080542 0.289582 0 0 0
0.673322 -0.081196 0.290059 0 0 0
0.673616 -0.083469 0.291042 0 0 0
0.674053 -0.085705 0.292340 0 0 0
0.674392 -0.086246 0.292627 0 0 0
0.664499 -0.035899 0.262162 0 0 0
0.664135 -0.038797 0.263581 0 0 0
0.664383 -0.040825 0.264547 0 0 0
0.664747 -0.042727 0.265758 0 0 0
0.665126 -0.044758 0.266906 0 0 0
0.665627 -0.046310 0.268289 255 0 0
0.666088 -0.048750 0.269386 255 0 0
0.666828 -0.049851 0.269849 255 0 0
0.667553 -0.050953 0.270286 0 0 0
0.668003 -0.053344 0.271446 255 0 0
0.668330 -0.055116 0.272449 0 0 0
0.668653 -0.057056 0.273796 0 0 0
0.668960 -0.058989 0.274969 0 0 0
0.669198 -0.060952 0.275899 0 0 0
0.669459 -0.062889 0.277034 0 0 0
0.669910 -0.065106 0.278285 0 0 0
0.670418 -0.065828 0.278808 0 0 0
0.671054 -0.068352 0.279997 0 0 0
0.671460 -0.068948 0.280403 0 0 0
0.671300 -0.071934 0.282399 0 0 0
0.671749 -0.073809 0.283677 0 0 0
0.672026 -0.074721 0.283816 0 0 0
0.672001 -0.077399 0.286005 0 0 0
0.672165 -0.079175 0.287083 0 0 0
0.672385 -0.081011 0.288335 0 0 0
0.672559 -0.083389 0.289244 0 0 0
0.672971 -0.084027 0.289824 0 0 0
0.673684 -0.086282 0.291415 0 0 0
0.674014 -0.086810 0.291690 0 0 0
0.663745 -0.039505 0.262560 0 0 0
0.664092 -0.041371 0.263663 0 0 0
0.664317 -0.043577 0.264453 0 0 0
0.664855 -0.045783 0.265671 0 0 0
0.665291 -0.046667 0.265880 255 0 0
0.665679 -0.049608 0.268160 255 0 0
0.666326 -0.050796 0.268461 255 0 0
0.667021 -0.051903 0.268874 255 0 0
0.667548 -0.054093 0.270148 0 0 0
0.667848 -0.056007 0.271283 0 0 0
0.668128 -0.057927 0.272418 0 0 0
0.668440 -0.059815 0.273800 0 0 0
0.668645 -0.061772 0.274684 0 0 0
0.668949 -0.063691 0.275880 0 0 0
0.669428 -0.065906 0.277143 0 0 0
0.669847 -0.066647 0.277447 0 0 0
0.670564 -0.069179 0.278822 0 0 0
0.670925 -0.069782 0.279074 0 0 0
0.670955 -0.073082 0.281096 255 0 0
0.671270 -0.073807 0.281302 255 0 0
0.671793 -0.075787 0.282731 0 0 0
0.671880 -0.077929 0.283700 0 0 0
0.672055 -0.079754 0.284890 255 0 0
0.672213 -0.081495 0.285966 0 0 0
0.671949 -0.084157 0.288031 0 0 0
0.672152 -0.085482 0.288870 0 0 0
0.663929 -0.044362 0.263430 0 0 0
0.664356 -0.046746 0.264288 0 0 0
0.664865 -0.047534 0.264629 255 0 0
0.665354 -0.049991 0.265749 255 0 0
0.666052 -0.051804 0.267268 0 0 0
0.666531 -0.052811 0.267532 0 0 0
0.667013 -0.055022 0.268737 0 0 0
0.667313 -0.056952 0.269889 0 0 0
0.667589 -0.058769 0.270989 0 0 0
0.667473 -0.061851 0.272748 0 0 0
0.667922 -0.062475 0.273184 0 0 0
0.668415 -0.064623 0.274499 0 0 0
0.668899 -0.066824 0.275766 0 0 0
0.669341 -0.067612 0.276065 0 0 0
0.670138 -0.069949 0.277599 0 0 0
0.670468 -0.070703 0.277786 0 0 0
0.670611 -0.073829 0.279983 255 0 0
0.670918 -0.074548 0.280172 255 0 0
0.671302 -0.076773 0.281364 0 0 0
0.671501 -0.078628 0.282549 255 0 0
0.671681 -0.080511 0.283707 255 0 0
0.671836 -0.082270 0.284778 0 0 0
0.671678 -0.085024 0.286941 0 0 0
0.671916 -0.085554 0.287220 0 0 0
0.663975 -0.047581 0.263224 0 0 0
0.664377 -0.048509 0.263276 255 0 0
0.665063 -0.050987 0.264522 255 0 0
0.665531 -0.051926 0.264800 0 0 0
0.666160 -0.053965 0.266210 0 0 0
0.666483 -0.055940 0.267344 0 0 0
0.666785 -0.057874 0.268504 0 0 0
0.667056 -0.059701 0.269589 0 0 0
0.667089 -0.062521 0.271737 0 0 0
0.667444 -0.063312 0.271928 0 0 0
0.667892 -0.065536 0.273130 0 0 0
0.668370 -0.067712 0.274390 0 0 0
0.668990 -0.068765 0.274782 0 0 0
0.669609 -0.069994 0.275154 0 0 0
0.670132 -0.071938 0.276539 255 0 0
0.670265 -0.074079 0.277562 255 0 0
0.670573 -0.075707 0.278879 0 0 0
0.670792 -0.077660 0.280019 0 0 0
0.670986 -0.079533 0.281181 0 0 0
0.671169 -0.081411 0.282343 0 0 0
0.671316 -0.083305 0.283431 0 0 0
0.671362 -0.085221 0.284388 0 0 0
0.664152 -0.049482 0.262334 0 0 0
0.664717 -0.051748 0.263487 0 0 0
0.665145 -0.052754 0.263595 0 0 0
0.665638 -0.054941 0.264789 0 0 0
0.665956 -0.056863 0.265959 0 0 0
0.666251 -0.058802 0.267091 0 0 0
0.666541 -0.060700 0.268254 0 0 0
0.666725 -0.062804 0.269309 0 0 0
0.667093 -0.064479 0.270626 0 0 0
0.667369 -0.066450 0.271737 0 0 0
0.667841 -0.068624 0.272999 0 0 0
0.668521 -0.069685 0.273470 255 0 0
0.669192 -0.070740 0.273939 255 0 0
0.669637 -0.072917 0.275183 255 0 0
0.669867 -0.074780 0.276369 0 0 0
0.670073 -0.076674 0.277503 0 0 0
0.670280 -0.078553 0.278675 0 0 0
0.670475 -0.080428 0.279842 0 0 0
0.670665 -0.082265 0.281010 0 0 0
0.670979 -0.083911 0.282547 0 0 0
0.671139 -0.085621 0.283672 0 0 0
0.664909 -0.053748 0.262641 255 0 0
0.665100 -0.055896 0.263372 255 0 0
0.665438 -0.057843 0.264541 0 0 0
0.665833 -0.059538 0.265861 0 0 0
0.666030 -0.061641 0.266919 0 0 0
0.666312 -0.063530 0.268085 0 0 0
0.666597 -0.065513 0.269204 0 0 0
0.666965 -0.067223 0.270495 0 0 0
0.667429 -0.069387 0.271780 255 0 0
0.668049 -0.070599 0.272159 255 0 0
0.668667 -0.071647 0.272556 255 0 0
0.669122 -0.073821 0.273829 0 0 0
0.669334 -0.075710 0.274973 0 0 0
0.669562 -0.077566 0.276164 0 0 0
0.669768 -0.079448 0.277332 0 0 0
0.669964 -0.081335 0.278505 0 0 0
0.670124 -0.083095 0.279557 0 0 0
0.664725 -0.056653 0.262400 0 0 0
0.665074 -0.059035 0.263204 0 0 0
0.665460 -0.059818 0.263413 0 0 0
0.665515 -0.062641 0.265581 0 0 0
0.665781 -0.064444 0.266675 0 0 0
0.666242 -0.066668 0.267906 0 0 0
0.666631 -0.067520 0.268154 255 0 0
0.667123 -0.069683 0.269726 255 0 0
0.667657 -0.071736 0.270826 255 0 0
0.668134 -0.072555 0.271176 0 0 0
0.668607 -0.074689 0.272478 0 0 0
0.668862 -0.076528 0.273884 0 0 0
0.668987 -0.078467 0.274740 0 0 0
0.669242 -0.080364 0.275974 0 0 0
0.669440 -0.082211 0.277125 0 0 0
0.669767 -0.083686 0.278608 0 0 0
0.664761 -0.059857 0.262234 0 0 0
0.665086 -0.060628 0.262249 0 0 0
0.664973 -0.063611 0.264156 255 0 0
0.665253 -0.065369 0.265273 0 0 0
0.665776 -0.067593 0.266580 255 0 0
0.666191 -0.068228 0.266896 255 0 0
0.666298 -0.071530 0.268785 255 0 0
0.666946 -0.072391 0.269373 0 0 0
0.667660 -0.073395 0.270049 0 0 0
0.668018 -0.075521 0.270995 0 0 0
0.667889 -0.078468 0.272935 0 0 0
0.668330 -0.079040 0.273504 0 0 0
0.668736 -0.081163 0.274855 0 0 0
0.669036 -0.082735 0.276070 0 0 0
0.664877 -0.061591 0.261315 255 0 0
0.664599 -0.064335 0.263135 255 0 0
0.664855 -0.066162 0.264007 255 0 0
0.665360 -0.068372 0.265359 255 0 0
0.665714 -0.069131 0.265558 255 0 0
0.665815 -0.072365 0.267642 255 0 0
0.666235 -0.073002 0.267947 0 0 0
0.666888 -0.075512 0.269168 0 0 0
0.667350 -0.076109 0.269740 0 0 0
0.667222 -0.079064 0.271691 0 0 0
0.667353 -0.080926 0.272510 0 0 0
0.667552 -0.082690 0.273611 0 0 0
0.664836 -0.066666 0.262238 255 0 0
0.665005 -0.068724 0.262979 255 0 0
0.665364 -0.070268 0.264239 255 0 0
0.665287 -0.073302 0.266263 0 0 0
0.665668 -0.073926 0.266528 0 0 0
0.666216 -0.076128 0.267907 0 0 0
0.666364 -0.078057 0.268778 0 0 0
0.666639 -0.079851 0.270221 0 0 0
0.667010 -0.081464 0.271775 0 0 0
0.667213 -0.083187 0.272896 0 0 0
0.664748 -0.069339 0.262173 255 0 0
0.664845 -0.071279 0.262817 255 0 0
0.664756 -0.074135 0.264957 0 0 0
0.665180 -0.074728 0.265379 0 0 0
0.665645 -0.076932 0.266687 0 0 0
0.665898 -0.078818 0.267889 0 0 0
0.666045 -0.080641 0.268711 0 0 0
0.664492 -0.072006 0.261910 255 0 0
0.664026 -0.074874 0.263445 0 0 0
0.664224 -0.076680 0.264327 0 0 0
0.664496 -0.078560 0.265560 0 0 0
0.664924 -0.080634 0.266884 0 0 0
0.665458 -0.081096 0.267566 0 0 0
0.663623 -0.075504 0.262451 0 0 0
0.663874 -0.077256 0.263574 0 0 0
0.663978 -0.079376 0.264400 0 0 0
0.664412 -0.080899 0.265966 0 0 0
0.663606 -0.080011 0.263440 0 0 0
