ply
format ascii 1.0
element vertex 7982
property float x
property float y
property float z
property uchar red
property uchar green
property uchar blue
end_header
0.567052 0.340867 0.188554 0 0 0
0.569070 0.340232 0.188848 0 0 0
0.570922 0.340265 0.188756 0 0 0
0.572544 0.340384 0.188673 0 0 0
0.567285 0.337849 0.187936 0 0 0
0.569097 0.337274 0.188207 0 0 0
0.571157 0.338289 0.187790 0 0 0
0.572917 0.338476 0.187682 0 0 0
0.574908 0.338561 0.187548 0 0 0
0.576703 0.338652 0.187488 0 0 0
0.578882 0.337960 0.187821 0 0 0
0.580837 0.337332 0.188123 0 0 0
0.582922 0.338269 0.187658 0 0 0
0.584679 0.338466 0.187553 0 0 0
0.586643 0.338635 0.187462 0 0 0
0.588605 0.338798 0.187372 0 0 0
0.590414 0.338880 0.187320 0 0 0
0.592358 0.338263 0.187616 0 0 0
0.567725 0.333975 0.187724 0 0 0
0.569307 0.334115 0.187652 0 0 0
0.571289 0.334277 0.187560 0 0 0
0.573229 0.334441 0.187470 0 0 0
0.575168 0.334606 0.187381 0 0 0
0.577125 0.334770 0.187292 0 0 0
0.578903 0.334881 0.187240 0 0 0
0.581201 0.334259 0.187537 0 0 0
0.582975 0.334356 0.187482 0 0 0
0.584929 0.334518 0.187393 0 0 0
0.586894 0.334678 0.187297 0 0 0
0.588644 0.334797 0.187156 0 0 0
0.590727 0.335819 0.186726 0 0 0
0.592831 0.335166 0.186952 0 0 0
0.594416 0.335275 0.186884 0 0 0
0.596706 0.336393 0.186408 0 0 0
0.598236 0.336599 0.186296 0 0 0
0.600535 0.337630 0.185774 0 0 0
0.602120 0.337744 0.185709 0 0 0
0.604258 0.336984 0.185996 0 0 0
0.606365 0.336299 0.186316 0 0 0
0.608023 0.336329 0.186308 0 0 0
0.610261 0.335719 0.186603 0 0 0
0.611926 0.335832 0.186639 0 0 0
0.614040 0.335161 0.186980 0 0 0
0.615991 0.334416 0.187349 0 0 0
0.617942 0.333665 0.187721 0 0 0
0.619884 0.332919 0.188091 0 0 0
0.621954 0.332245 0.188424 0 0 0
0.623748 0.332328 0.188377 0 0 0
0.625570 0.332402 0.188333 0 0 0
0.627401 0.331813 0.188624 0 0 0
0.566012 0.330692 0.187152 0 0 0
0.567586 0.330833 0.187081 0 0 0
0.569552 0.331012 0.186998 0 0 0
0.571484 0.331254 0.186949 0 0 0
0.573425 0.331427 0.186864 0 0 0
0.575357 0.331593 0.186775 0 0 0
0.577308 0.331763 0.186688 0 0 0
0.579081 0.331867 0.186635 0 0 0
0.581382 0.331252 0.186935 0 0 0
0.583143 0.331351 0.186880 0 0 0
0.585115 0.331517 0.186790 0 0 0
0.586840 0.331700 0.186688 0 0 0
0.589063 0.332804 0.186211 0 0 0
0.590808 0.332919 0.186073 0 0 0
0.592769 0.333154 0.186016 0 0 0
0.594691 0.333311 0.185924 0 0 0
0.596657 0.333323 0.185751 0 0 0
0.598402 0.333486 0.185629 0 0 0
0.600642 0.334519 0.185120 0 0 0
0.602384 0.334721 0.185030 0 0 0
0.604213 0.334978 0.185062 0 0 0
0.606447 0.334298 0.185324 0 0 0
0.608117 0.334403 0.185357 0 0 0
0.610048 0.333775 0.185658 0 0 0
0.612339 0.331899 0.186480 0 0 0
0.614130 0.331218 0.186835 0 0 0
0.616093 0.330463 0.187213 0 0 0
0.618035 0.329724 0.187589 0 0 0
0.619976 0.328974 0.187962 0 0 0
0.622051 0.328293 0.188296 0 0 0
0.623677 0.328307 0.188289 0 0 0
0.625876 0.327705 0.188582 0 0 0
0.627645 0.327795 0.188536 0 0 0
0.629594 0.327959 0.188446 0 0 0
0.631286 0.328137 0.188344 0 0 0
0.633398 0.329186 0.187805 0 0 0
0.635509 0.330245 0.187270 0 0 0
0.637197 0.330430 0.187171 0 0 0
0.639162 0.330601 0.187079 0 0 0
0.640840 0.330779 0.186983 0 0 0
0.643219 0.331832 0.186448 0 0 0
0.644675 0.332023 0.186342 0 0 0
0.646724 0.333029 0.185831 0 0 0
0.566125 0.328785 0.186195 0 0 0
0.567711 0.328918 0.186123 0 0 0
0.569514 0.329029 0.186065 0 0 0
0.571850 0.328315 0.186320 0 0 0
0.573619 0.328411 0.186264 0 0 0
0.575394 0.328507 0.186210 0 0 0
0.577723 0.327883 0.186511 0 0 0
0.579309 0.327920 0.186492 0 0 0
0.581626 0.327306 0.186794 0 0 0
0.583405 0.327412 0.186740 0 0 0
0.585138 0.327600 0.186639 0 0 0
0.587391 0.328631 0.186118 0 0 0
0.588909 0.328826 0.186000 0 0 0
0.591165 0.329855 0.185479 0 0 0
0.592907 0.330048 0.185375 0 0 0
0.594653 0.330236 0.185270 0 0 0
0.596915 0.331357 0.184794 0 0 0
0.598436 0.331561 0.184682 0 0 0
0.600712 0.332594 0.184169 0 0 0
0.602305 0.332707 0.184090 0 0 0
0.604597 0.332015 0.184346 0 0 0
0.606230 0.332107 0.184364 0 0 0
0.608361 0.331350 0.184671 0 0 0
0.610154 0.330671 0.185025 0 0 0
0.612437 0.328895 0.185895 0 0 0
0.614237 0.328216 0.186258 0 0 0
0.616013 0.327524 0.186607 0 0 0
0.618424 0.325732 0.187392 0 0 0
0.619878 0.325887 0.187423 0 0 0
0.622127 0.325300 0.187726 0 0 0
0.623740 0.325316 0.187718 0 0 0
0.625937 0.324717 0.188012 0 0 0
0.627692 0.324802 0.187965 0 0 0
0.629640 0.324966 0.187876 0 0 0
0.631314 0.325149 0.187777 0 0 0
0.633415 0.326204 0.187242 0 0 0
0.635530 0.327254 0.186700 0 0 0
0.637222 0.327430 0.186597 0 0 0
0.639156 0.327588 0.186505 0 0 0
0.641090 0.327752 0.186414 0 0 0
0.642770 0.327916 0.186314 0 0 0
0.645115 0.328966 0.185783 0 0 0
0.646800 0.329128 0.185681 0 0 0
0.648766 0.329214 0.185545 0 0 0
0.650441 0.329380 0.185444 0 0 0
0.652708 0.330405 0.185016 0 0 0
0.654357 0.329821 0.185217 0 0 0
0.656517 0.330730 0.184841 0 0 0
0.658276 0.330026 0.185106 0 0 0
0.660262 0.329333 0.185422 0 0 0
0.662079 0.329434 0.185402 0 0 0
0.663886 0.329589 0.185400 0 0 0
0.665979 0.329011 0.185693 0 0 0
0.667656 0.329008 0.185695 0 0 0
0.669744 0.328423 0.185985 0 0 0
0.671425 0.328419 0.185991 0 0 0
0.673415 0.327736 0.186329 0 0 0
0.675105 0.327122 0.186632 0 0 0
0.677326 0.327945 0.186218 0 0 0
0.679162 0.327424 0.186479 0 0 0
0.680584 0.327460 0.186456 0 0 0
0.566371 0.325675 0.185549 0 0 0
0.567750 0.325746 0.185510 0 0 0
0.570122 0.325128 0.185811 0 0 0
0.571872 0.325245 0.185761 0 0 0
0.573832 0.325403 0.185673 0 0 0
0.575588 0.325511 0.185623 0 0 0
0.577914 0.324891 0.185926 0 0 0
0.579490 0.324934 0.185909 0 0 0
0.581808 0.324314 0.186211 0 0 0
0.583551 0.324409 0.186158 0 0 0
0.585509 0.324574 0.186067 0 0 0
0.587231 0.324755 0.185959 0 0 0
0.589263 0.325801 0.185428 0 0 0
0.591302 0.326850 0.184897 0 0 0
0.593052 0.327036 0.184786 0 0 0
0.594792 0.327221 0.184679 0 0 0
0.597051 0.328248 0.184157 0 0 0
0.598569 0.328448 0.184040 0 0 0
0.600854 0.329479 0.183518 0 0 0
0.602428 0.329603 0.183454 0 0 0
0.604709 0.328993 0.183753 0 0 0
0.606334 0.329025 0.183742 0 0 0
0.608467 0.328346 0.184087 0 0 0
0.610255 0.327671 0.184445 0 0 0
0.612381 0.325848 0.185252 0 0 0
0.614590 0.324118 0.185852 0 0 0
0.616112 0.324353 0.186084 0 0 0
0.618028 0.323852 0.186458 0 0 0
0.620286 0.321861 0.187232 0 0 0
0.622160 0.321269 0.187554 0 0 0
0.623806 0.321361 0.187604 0 0 0
0.626001 0.320776 0.187906 0 0 0
0.627753 0.320864 0.187861 0 0 0
0.629693 0.321028 0.187773 0 0 0
0.631355 0.321211 0.187674 0 0 0
0.633460 0.322266 0.187135 0 0 0
0.635596 0.323320 0.186589 0 0 0
0.637023 0.323514 0.186484 0 0 0
0.639391 0.324561 0.185947 0 0 0
0.641080 0.324735 0.185848 0 0 0
0.642778 0.324910 0.185746 0 0 0
0.645148 0.325949 0.185206 0 0 0
0.646587 0.326054 0.185063 0 0 0
0.648950 0.327294 0.184621 0 0 0
0.650615 0.327459 0.184523 0 0 0
0.652558 0.327551 0.184393 0 0 0
0.654475 0.327774 0.184335 0 0 0
0.656388 0.327875 0.184220 0 0 0
0.658219 0.328043 0.184223 0 0 0
0.660295 0.327451 0.184510 0 0 0
0.661954 0.327453 0.184509 0 0 0
0.663957 0.326683 0.184800 0 0 0
0.665922 0.326010 0.185129 0 0 0
0.667602 0.326009 0.185139 0 0 0
0.669571 0.325331 0.185472 0 0 0
0.671529 0.324656 0.185803 0 0 0
0.673207 0.324650 0.185811 0 0 0
0.675266 0.323984 0.186064 0 0 0
0.676933 0.324034 0.186100 0 0 0
0.678994 0.323365 0.186343 0 0 0
0.680772 0.323433 0.186297 0 0 0
0.682678 0.323591 0.186211 0 0 0
0.684586 0.323747 0.186125 0 0 0
0.686361 0.323824 0.186091 0 0 0
0.688340 0.323348 0.186412 0 0 0
0.690158 0.323429 0.186389 0 0 0
0.692071 0.323584 0.186306 0 0 0
0.693859 0.323645 0.186267 0 0 0
0.695847 0.322998 0.186514 0 0 0
0.697568 0.323026 0.186564 0 0 0
0.699195 0.322387 0.186797 0 0 0
0.564650 0.322504 0.185048 0 0 0
0.566218 0.322644 0.184979 0 0 0
0.568015 0.322755 0.184929 0 0 0
0.570189 0.322067 0.185268 0 0 0
0.572160 0.321443 0.185567 0 0 0
0.574022 0.322269 0.185154 0 0 0
0.576167 0.321713 0.185426 0 0 0
0.577747 0.321750 0.185411 0 0 0
0.580064 0.321050 0.185675 0 0 0
0.581810 0.321223 0.185657 0 0 0
0.583755 0.321313 0.185531 0 0 0
0.585678 0.321467 0.185435 0 0 0
0.587384 0.321656 0.185335 0 0 0
0.589623 0.322774 0.184863 0 0 0
0.591129 0.322971 0.184743 0 0 0
0.593408 0.324003 0.184216 0 0 0
0.594898 0.324213 0.184105 0 0 0
0.597188 0.325248 0.183577 0 0 0
0.598697 0.325449 0.183459 0 0 0
0.600822 0.326385 0.182982 0 0 0
0.602891 0.325814 0.183255 0 0 0
0.604512 0.325843 0.183246 0 0 0
0.606632 0.325153 0.183587 0 0 0
0.608567 0.324410 0.183958 0 0 0
0.610687 0.323657 0.184262 0 0 0
0.612333 0.323754 0.184313 0 0 0
0.614253 0.323356 0.184886 0 0 0
0.616490 0.321277 0.185449 0 0 0
0.618253 0.320705 0.185865 0 0 0
0.620212 0.320063 0.186318 0 0 0
0.622101 0.319302 0.186677 0 0 0
0.624024 0.318373 0.186969 0 0 0
0.626040 0.317681 0.187285 0 0 0
0.627810 0.317764 0.187249 0 0 0
0.629717 0.317922 0.187163 0 0 0
0.631631 0.318087 0.187073 0 0 0
0.633305 0.318258 0.186965 0 0 0
0.635639 0.319289 0.186437 0 0 0
0.637057 0.319484 0.186335 0 0 0
0.639187 0.320645 0.185842 0 0 0
0.641332 0.321717 0.185297 0 0 0
0.642765 0.321903 0.185186 0 0 0
0.644897 0.322968 0.184648 0 0 0
0.647023 0.324116 0.184145 0 0 0
0.648699 0.324212 0.184006 0 0 0
0.650640 0.324368 0.183909 0 0 0
0.652545 0.324529 0.183821 0 0 0
0.654465 0.324688 0.183735 0 0 0
0.656245 0.324765 0.183691 0 0 0
0.658357 0.324169 0.183983 0 0 0
0.660009 0.324175 0.183985 0 0 0
0.662122 0.323581 0.184279 0 0 0
0.663785 0.323586 0.184286 0 0 0
0.665756 0.322908 0.184618 0 0 0
0.667734 0.322134 0.184905 0 0 0
0.669390 0.322132 0.184911 0 0 0
0.671419 0.321554 0.185195 0 0 0
0.673244 0.321728 0.185214 0 0 0
0.675042 0.321884 0.185216 0 0 0
0.677071 0.321238 0.185469 0 0 0
0.678855 0.321391 0.185470 0 0 0
0.680743 0.321567 0.185396 0 0 0
0.682634 0.321728 0.185309 0 0 0
0.684560 0.321890 0.185222 0 0 0
0.686140 0.322018 0.185181 0 0 0
0.688442 0.320186 0.185833 0 0 0
0.690014 0.320313 0.185792 0 0 0
0.691935 0.320475 0.185706 0 0 0
0.693820 0.320660 0.185637 0 0 0
0.695615 0.320885 0.185675 0 0 0
0.697600 0.320163 0.185884 0 0 0
0.699375 0.320294 0.185877 0 0 0
0.701253 0.320369 0.185755 0 0 0
0.703180 0.320521 0.185659 0 0 0
0.704787 0.320681 0.185569 0 0 0
0.707261 0.321847 0.185071 0 0 0
0.708863 0.322012 0.184982 0 0 0
0.710793 0.322165 0.184885 0 0 0
0.712705 0.322238 0.184750 0 0 0
0.714311 0.322389 0.184656 0 0 0
0.716731 0.323434 0.184230 0 0 0
0.718357 0.322932 0.184485 0 0 0
0.720205 0.322985 0.184461 0 0 0
0.722022 0.323030 0.184429 0 0 0
0.723913 0.322481 0.184703 0 0 0
0.725733 0.322536 0.184674 0 0 0
0.727549 0.322582 0.184642 0 0 0
0.729438 0.321937 0.184869 0 0 0
0.731271 0.322012 0.184842 0 0 0
0.732771 0.322212 0.184814 0 0 0
0.564894 0.319514 0.184472 0 0 0
0.566248 0.319581 0.184433 0 0 0
0.568654 0.318865 0.184689 0 0 0
0.570220 0.318908 0.184673 0 0 0
0.572351 0.318344 0.184936 0 0 0
0.574218 0.319281 0.184582 0 0 0
0.576337 0.318643 0.184811 0 0 0
0.578107 0.318824 0.184805 0 0 0
0.579883 0.319003 0.184798 0 0 0
0.581967 0.318361 0.185030 0 0 0
0.584008 0.319379 0.184612 0 0 0
0.585725 0.319573 0.184509 0 0 0
0.587654 0.319718 0.184407 0 0 0
0.589601 0.319718 0.184231 0 0 0
0.591299 0.319883 0.184120 0 0 0
0.593523 0.320999 0.183649 0 0 0
0.595260 0.321177 0.183537 0 0 0
0.596986 0.321278 0.183392 0 0 0
0.599224 0.322385 0.182910 0 0 0
0.600942 0.322565 0.182810 0 0 0
0.602719 0.322664 0.182757 0 0 0
0.604972 0.321974 0.183022 0 0 0
0.606573 0.322084 0.183048 0 0 0
0.608831 0.321489 0.183354 0 0 0
0.610616 0.321598 0.183313 0 0 0
0.612210 0.321805 0.183304 0 0 0
0.614659 0.319931 0.184057 0 0 0
0.616203 0.319514 0.184472 0 0 0
0.618500 0.317534 0.185274 0 0 0
0.620222 0.316872 0.185627 0 0 0
0.622310 0.316197 0.185979 0 0 0
0.623946 0.316302 0.186039 0 0 0
0.626077 0.315712 0.186330 0 0 0
0.627834 0.315889 0.186338 0 0 0
0.629744 0.316057 0.186258 0 0 0
0.631669 0.316211 0.186161 0 0 0
0.633320 0.316303 0.186024 0 0 0
0.635611 0.317431 0.185550 0 0 0
0.637286 0.317583 0.185429 0 0 0
0.639232 0.317579 0.185248 0 0 0
0.640910 0.317726 0.185124 0 0 0
0.643012 0.318775 0.184590 0 0 0
0.645117 0.319938 0.184102 0 0 0
0.646785 0.320106 0.184000 0 0 0
0.648708 0.320270 0.183910 0 0 0
0.650606 0.320430 0.183822 0 0 0
0.652504 0.320591 0.183735 0 0 0
0.654402 0.320752 0.183647 0 0 0
0.656315 0.320912 0.183561 0 0 0
0.658086 0.320995 0.183520 0 0 0
0.660183 0.320406 0.183813 0 0 0
0.661831 0.320408 0.183817 0 0 0
0.663915 0.319822 0.184109 0 0 0
0.665694 0.319916 0.184074 0 0 0
0.667615 0.320159 0.184034 0 0 0
0.669405 0.320258 0.184018 0 0 0
0.671329 0.319572 0.184332 0 0 0
0.673280 0.318815 0.184624 0 0 0
0.674944 0.318800 0.184634 0 0 0
0.676982 0.318222 0.184921 0 0 0
0.678754 0.318296 0.184884 0 0 0
0.680653 0.318453 0.184799 0 0 0
0.682538 0.318613 0.184712 0 0 0
0.684432 0.318770 0.184628 0 0 0
0.686245 0.318852 0.184607 0 0 0
0.688215 0.318377 0.184928 0 0 0
0.689981 0.318456 0.184898 0 0 0
0.691891 0.318608 0.184813 0 0 0
0.693667 0.318666 0.184768 0 0 0
0.695667 0.317912 0.184962 0 0 0
0.697444 0.318053 0.184959 0 0 0
0.699321 0.318223 0.184883 0 0 0
0.701203 0.318388 0.184799 0 0 0
0.703083 0.318550 0.184714 0 0 0
0.704955 0.318700 0.184622 0 0 0
0.706833 0.318769 0.184490 0 0 0
0.708756 0.318921 0.184394 0 0 0
0.710356 0.319079 0.184305 0 0 0
0.712832 0.320365 0.183862 0 0 0
0.714440 0.320512 0.183771 0 0 0
0.716270 0.320486 0.183694 0 0 0
0.718142 0.319794 0.184019 0 0 0
0.719700 0.319101 0.184287 0 0 0
0.722069 0.320006 0.183923 0 0 0
0.723678 0.319498 0.184173 0 0 0
0.725498 0.319546 0.184147 0 0 0
0.727392 0.319717 0.184068 0 0 0
0.729289 0.319959 0.184025 0 0 0
0.731076 0.320025 0.184000 0 0 0
0.732951 0.319373 0.184225 0 0 0
0.734758 0.319407 0.184193 0 0 0
0.736574 0.319446 0.184168 0 0 0
0.738362 0.318799 0.184497 0 0 0
0.740195 0.318161 0.184827 0 0 0
0.741588 0.318187 0.184819 0 0 0
0.563161 0.316138 0.183724 255 0 0
0.564705 0.316371 0.183835 0 0 0
0.566677 0.316575 0.183783 0 0 0
0.568601 0.316908 0.183784 0 0 0
0.570351 0.317045 0.183757 0 0 0
0.572643 0.316406 0.184044 0 0 0
0.574395 0.316432 0.183956 0 0 0
0.576154 0.316605 0.183940 0 0 0
0.578474 0.315904 0.184206 0 0 0
0.580040 0.315930 0.184192 0 0 0
0.582142 0.315370 0.184463 0 0 0
0.584180 0.316287 0.183999 0 0 0
0.585915 0.316481 0.183888 0 0 0
0.587633 0.316670 0.183782 0 0 0
0.589849 0.317782 0.183311 0 0 0
0.591538 0.317957 0.183205 0 0 0
0.593494 0.318044 0.183069 0 0 0
0.595201 0.318219 0.182961 0 0 0
0.597424 0.319319 0.182480 0 0 0
0.599127 0.319425 0.182339 0 0 0
0.601068 0.319582 0.182243 0 0 0
0.603002 0.319752 0.182160 0 0 0
0.604759 0.319918 0.182150 0 0 0
0.606856 0.319157 0.182453 0 0 0
0.608730 0.318445 0.182718 0 0 0
0.610705 0.319458 0.182389 0 0 0
0.612625 0.318753 0.182682 0 0 0
0.614374 0.318176 0.183085 0 0 0
0.616655 0.316207 0.183885 0 0 0
0.618393 0.315623 0.184281 0 0 0
0.620315 0.314747 0.184472 0 0 0
0.622337 0.314083 0.184813 0 0 0
0.623960 0.314206 0.185002 0 0 0
0.625992 0.313527 0.185339 0 0 0
0.628024 0.312776 0.185636 0 0 0
0.629809 0.312861 0.185600 0 0 0
0.631466 0.313035 0.185508 0 0 0
0.633775 0.314240 0.185060 0 0 0
0.635452 0.314263 0.184882 0 0 0
0.637142 0.314416 0.184759 0 0 0
0.639473 0.315557 0.184282 0 0 0
0.640877 0.315750 0.184185 0 0 0
0.643218 0.316869 0.183694 0 0 0
0.644897 0.316870 0.183499 0 0 0
0.646814 0.317009 0.183395 0 0 0
0.648692 0.317186 0.183318 0 0 0
0.650588 0.317433 0.183274 0 0 0
0.652485 0.317606 0.183192 0 0 0
0.654377 0.317775 0.183106 0 0 0
0.656284 0.317934 0.183021 0 0 0
0.658056 0.318012 0.182981 0 0 0
0.660149 0.317433 0.183275 0 0 0
0.661790 0.317427 0.183280 0 0 0
0.663873 0.316842 0.183573 0 0 0
0.665632 0.316922 0.183533 0 0 0
0.667549 0.317077 0.183449 0 0 0
0.669325 0.317148 0.183414 0 0 0
0.671267 0.316492 0.183753 0 0 0
0.673211 0.315821 0.184089 0 0 0
0.674860 0.315803 0.184100 0 0 0
0.676910 0.315222 0.184383 0 0 0
0.678680 0.315192 0.184296 0 0 0
0.680561 0.315337 0.184207 0 0 0
0.682425 0.315517 0.184133 0 0 0
0.684339 0.315750 0.184085 0 0 0
0.686111 0.315743 0.184011 0 0 0
0.688073 0.315144 0.184270 0 0 0
0.689873 0.315226 0.184249 0 0 0
0.691760 0.315383 0.184166 0 0 0
0.693641 0.315551 0.184083 0 0 0
0.695524 0.315797 0.184039 0 0 0
0.697386 0.315970 0.183962 0 0 0
0.699264 0.316130 0.183876 0 0 0
0.701141 0.316297 0.183793 0 0 0
0.703019 0.316463 0.183709 0 0 0
0.704896 0.316617 0.183621 0 0 0
0.706774 0.316781 0.183536 0 0 0
0.708653 0.316943 0.183451 0 0 0
0.710507 0.317110 0.183371 0 0 0
0.712387 0.317258 0.183279 0 0 0
0.714293 0.317412 0.183191 0 0 0
0.716091 0.317480 0.183162 0 0 0
0.718010 0.316939 0.183447 0 0 0
0.719715 0.316965 0.183501 0 0 0
0.721621 0.316333 0.183746 0 0 0
0.723421 0.316385 0.183716 0 0 0
0.725226 0.316434 0.183689 0 0 0
0.727104 0.315890 0.183964 0 0 0
0.728894 0.315941 0.183934 0 0 0
0.730774 0.316096 0.183850 0 0 0
0.732647 0.316260 0.183765 0 0 0
0.734521 0.316412 0.183681 0 0 0
0.736326 0.316467 0.183658 0 0 0
0.738149 0.315787 0.183996 0 0 0
0.739533 0.315075 0.184267 0 0 0
0.563067 0.315333 0.182820 0 0 0
0.565031 0.314594 0.182905 0 0 0
0.566616 0.314610 0.182881 0 0 0
0.568793 0.313832 0.183175 0 0 0
0.570942 0.313159 0.183518 0 0 0
0.572693 0.313262 0.183473 0 0 0
0.574431 0.313356 0.183423 0 0 0
0.576735 0.312745 0.183729 0 0 0
0.578477 0.312851 0.183683 0 0 0
0.580237 0.312942 0.183637 0 0 0
0.582311 0.312307 0.183873 0 0 0
0.584352 0.313312 0.183444 0 0 0
0.586079 0.313499 0.183333 0 0 0
0.587790 0.313685 0.183225 0 0 0
0.590004 0.314693 0.182705 0 0 0
0.591699 0.314876 0.182599 0 0 0
0.593655 0.315037 0.182501 0 0 0
0.595347 0.315138 0.182359 0 0 0
0.597568 0.316240 0.181878 0 0 0
0.599264 0.316424 0.181775 0 0 0
0.601190 0.316589 0.181685 0 0 0
0.603112 0.316752 0.181598 0 0 0
0.604863 0.316853 0.181553 0 0 0
0.607097 0.316260 0.181861 0 0 0
0.608843 0.316415 0.181848 0 0 0
0.610609 0.316431 0.181770 0 0 0
0.612695 0.315653 0.182062 0 0 0
0.614615 0.314920 0.182446 0 0 0
0.616541 0.314276 0.182875 0 0 0
0.618584 0.313490 0.183062 0 0 0
0.620212 0.313726 0.183406 0 0 0
0.622254 0.313088 0.183782 0 0 0
0.624148 0.312231 0.183974 0 0 0
0.626070 0.311460 0.184338 0 0 0
0.628050 0.310669 0.184496 0 0 0
0.629794 0.310871 0.184627 0 0 0
0.631744 0.311029 0.184534 0 0 0
0.633435 0.311013 0.184204 0 0 0
0.635711 0.312249 0.183918 0 0 0
0.637119 0.312452 0.183825 0 0 0
0.639461 0.313565 0.183333 0 0 0
0.641147 0.313643 0.183173 0 0 0
0.642805 0.313726 0.183029 0 0 0
0.645146 0.314968 0.182591 0 0 0
0.646806 0.315142 0.182499 0 0 0
0.648587 0.315230 0.182452 0 0 0
0.650719 0.314539 0.182700 0 0 0
0.652332 0.314536 0.182700 0 0 0
0.654447 0.313945 0.182996 0 0 0
0.656212 0.314024 0.182957 0 0 0
0.657983 0.314094 0.182918 0 0 0
0.660064 0.313516 0.183212 0 0 0
0.661830 0.313586 0.183173 0 0 0
0.663601 0.313662 0.183136 0 0 0
0.665659 0.313084 0.183426 0 0 0
0.667432 0.313156 0.183390 0 0 0
0.669203 0.313222 0.183354 0 0 0
0.671244 0.312656 0.183644 0 0 0
0.673053 0.312742 0.183607 0 0 0
0.674545 0.312874 0.183543 0 0 0
0.678983 0.313380 0.183402 0 0 0
0.680487 0.313494 0.183330 0 0 0
0.682321 0.313551 0.183289 0 0 0
0.684071 0.312929 0.183503 0 0 0
0.686315 0.313862 0.183157 0 0 0
0.688039 0.313317 0.183399 0 0 0
0.689814 0.313380 0.183370 0 0 0
0.691704 0.313536 0.183286 0 0 0
0.693578 0.313695 0.183199 0 0 0
0.695452 0.313847 0.183109 0 0 0
0.697326 0.314004 0.183022 0 0 0
0.699213 0.314150 0.182927 0 0 0
0.701104 0.314217 0.182778 0 0 0
0.702974 0.314244 0.182510 0 0 0
0.704798 0.314506 0.182592 0 0 0
0.706708 0.314689 0.182533 0 0 0
0.708592 0.314840 0.182447 0 0 0
0.710366 0.314902 0.182412 0 0 0
0.712274 0.314250 0.182645 0 0 0
0.714002 0.314298 0.182721 0 0 0
0.715846 0.313641 0.183065 0 0 0
0.717602 0.312887 0.183452 0 0 0
0.719439 0.312133 0.183740 0 0 0
0.721194 0.312199 0.183718 0 0 0
0.723091 0.312440 0.183680 0 0 0
0.724877 0.312494 0.183653 0 0 0
0.726758 0.311849 0.183879 0 0 0
0.728539 0.311894 0.183842 0 0 0
0.730422 0.312076 0.183771 0 0 0
0.732014 0.312313 0.183720 0 0 0
0.734474 0.313255 0.183245 0 0 0
0.736012 0.312683 0.183459 0 0 0
0.737891 0.312826 0.183477 0 0 0
0.739366 0.313049 0.183458 0 0 0
0.563278 0.312105 0.181969 0 0 0
0.565270 0.311500 0.182283 0 0 0
0.566840 0.311531 0.182277 0 0 0
0.569008 0.310861 0.182624 0 0 0
0.571147 0.310194 0.182968 0 0 0
0.572890 0.310289 0.182922 0 0 0
0.574630 0.310384 0.182874 0 0 0
0.576935 0.309681 0.183133 0 0 0
0.578646 0.309773 0.183080 0 0 0
0.580588 0.309942 0.182998 0 0 0
0.582315 0.310088 0.182974 0 0 0
0.584390 0.309324 0.182992 0 0 0
0.586442 0.310375 0.182740 0 0 0
0.587947 0.310604 0.182619 0 0 0
0.590154 0.311626 0.182112 0 0 0
0.591872 0.311881 0.182038 0 0 0
0.593584 0.312003 0.181901 0 0 0
0.595791 0.313184 0.181460 0 0 0
0.597481 0.313288 0.181319 0 0 0
0.599413 0.313444 0.181223 0 0 0
0.601331 0.313603 0.181136 0 0 0
0.603065 0.313688 0.181086 0 0 0
0.605295 0.313006 0.181352 0 0 0
0.607027 0.313178 0.181342 0 0 0
0.608959 0.313340 0.181255 0 0 0
0.610868 0.313443 0.181142 0 0 0
0.612631 0.313688 0.181184 0 0 0
0.614705 0.312936 0.181487 0 0 0
0.616719 0.312140 0.181644 0 0 0
0.618348 0.312393 0.181985 0 0 0
0.620397 0.311596 0.182165 0 0 0
0.622306 0.310727 0.182348 0 0 0
0.624206 0.310010 0.182727 0 0 0
0.626230 0.309357 0.183113 0 0 0
0.627847 0.309601 0.183467 0 0 0
0.629999 0.308894 0.183595 0 0 0
0.631543 0.309001 0.183537 0 0 0
0.633782 0.310138 0.183221 0 0 0
0.635488 0.310183 0.182909 0 0 0
0.637451 0.310209 0.182589 0 0 0
0.639040 0.310286 0.182435 0 0 0
0.641375 0.311651 0.182228 0 0 0
0.643013 0.311826 0.182134 0 0 0
0.644940 0.311899 0.182001 0 0 0
0.646698 0.311963 0.181953 0 0 0
0.648820 0.311374 0.182250 0 0 0
0.650431 0.311374 0.182254 0 0 0
0.652554 0.310699 0.182514 0 0 0
0.654165 0.310775 0.182555 0 0 0
0.656265 0.310115 0.182816 0 0 0
0.658009 0.310277 0.182816 0 0 0
0.659910 0.310461 0.182739 0 0 0
0.661799 0.310621 0.182655 0 0 0
0.663556 0.310695 0.182618 0 0 0
0.665610 0.310120 0.182909 0 0 0
0.667369 0.310195 0.182874 0 0 0
0.669142 0.310265 0.182840 0 0 0
0.671181 0.309689 0.183129 0 0 0
0.672941 0.309753 0.183093 0 0 0
0.674707 0.309815 0.183058 0 0 0
0.676729 0.309244 0.183346 0 0 0
0.678483 0.309313 0.183311 0 0 0
0.680366 0.309468 0.183227 0 0 0
0.682236 0.309628 0.183141 0 0 0
0.684106 0.309794 0.183056 0 0 0
0.685971 0.309950 0.182970 0 0 0
0.687846 0.310122 0.182885 0 0 0
0.689712 0.310275 0.182798 0 0 0
0.691580 0.310432 0.182712 0 0 0
0.693464 0.310578 0.182618 0 0 0
0.695332 0.310642 0.182485 0 0 0
0.697220 0.310800 0.182393 0 0 0
0.698837 0.310968 0.182291 0 0 0
0.701034 0.312139 0.181800 0 0 0
0.703115 0.313320 0.181590 0 0 0
0.704826 0.312577 0.181587 0 0 0
0.706609 0.312628 0.181547 0 0 0
0.708509 0.312870 0.181509 0 0 0
0.710326 0.312947 0.181497 0 0 0
0.712143 0.312276 0.181814 0 0 0
0.713906 0.311425 0.182163 0 0 0
0.715663 0.310574 0.182513 0 0 0
0.717450 0.310025 0.182882 0 0 0
0.719284 0.310185 0.182920 0 0 0
0.721050 0.310249 0.182900 0 0 0
0.722941 0.309598 0.183127 0 0 0
0.724717 0.309661 0.183101 0 0 0
0.726599 0.309906 0.183062 0 0 0
0.728449 0.310081 0.182993 0 0 0
0.730261 0.310110 0.182962 0 0 0
0.731822 0.309513 0.183163 0 0 0
0.734286 0.310446 0.182690 0 0 0
0.735793 0.310558 0.182687 0 0 0
0.737640 0.309704 0.182951 0 0 0
0.738967 0.309045 0.183226 0 0 0
0.561522 0.309858 0.181036 0 0 0
0.563311 0.309204 0.181382 0 0 0
0.565508 0.308525 0.181737 0 0 0
0.567052 0.308558 0.181728 0 0 0
0.569225 0.307786 0.182027 0 0 0
0.571343 0.307104 0.182355 0 0 0
0.573078 0.307204 0.182318 0 0 0
0.574995 0.307375 0.182237 0 0 0
0.576886 0.307625 0.182196 0 0 0
0.578767 0.307805 0.182120 0 0 0
0.580647 0.307979 0.182042 0 0 0
0.582575 0.308226 0.182012 0 0 0
0.584447 0.308417 0.182054 0 0 0
0.586352 0.308455 0.181771 0 0 0
0.588095 0.308522 0.181468 0 0 0
0.590098 0.309535 0.181186 0 0 0
0.591973 0.308809 0.181162 0 0 0
0.594023 0.309930 0.180948 0 0 0
0.595725 0.310045 0.180810 0 0 0
0.597651 0.310200 0.180714 0 0 0
0.599545 0.310360 0.180626 0 0 0
0.601440 0.310520 0.180538 0 0 0
0.603360 0.310684 0.180454 0 0 0
0.605086 0.310857 0.180448 0 0 0
0.607309 0.310173 0.180699 0 0 0
0.608863 0.310292 0.180636 0 0 0
0.610983 0.311294 0.180206 0 0 0
0.612925 0.310543 0.180245 0 0 0
0.614725 0.310850 0.180459 0 0 0
0.616516 0.311149 0.180662 0 0 0
0.618546 0.310293 0.180792 0 0 0
0.620600 0.309614 0.181128 0 0 0
0.622216 0.309742 0.181321 0 0 0
0.624231 0.309074 0.181685 0 0 0
0.626134 0.308341 0.182052 0 0 0
0.628015 0.307351 0.182050 0 0 0
0.630059 0.306700 0.182370 0 0 0
0.631569 0.306776 0.182310 0 0 0
0.633876 0.307934 0.182005 0 0 0
0.635305 0.308144 0.181904 0 0 0
0.637636 0.309394 0.181649 0 0 0
0.639123 0.309484 0.181573 0 0 0
0.641305 0.308583 0.181556 0 0 0
0.643049 0.308644 0.181498 0 0 0
0.644960 0.308792 0.181411 0 0 0
0.646699 0.308875 0.181374 0 0 0
0.648765 0.308300 0.181666 0 0 0
0.650555 0.308488 0.181690 0 0 0
0.652321 0.308664 0.181698 0 0 0
0.654424 0.308015 0.181962 0 0 0
0.656033 0.308077 0.182006 0 0 0
0.658001 0.307330 0.182312 0 0 0
0.659950 0.306668 0.182651 0 0 0
0.661687 0.306732 0.182615 0 0 0
0.663589 0.306886 0.182533 0 0 0
0.665330 0.306960 0.182497 0 0 0
0.667382 0.306384 0.182788 0 0 0
0.669118 0.306451 0.182751 0 0 0
0.671001 0.306615 0.182668 0 0 0
0.672880 0.306773 0.182585 0 0 0
0.674630 0.306838 0.182548 0 0 0
0.676657 0.306163 0.182786 0 0 0
0.678379 0.306245 0.182757 0 0 0
0.680265 0.306494 0.182717 0 0 0
0.682135 0.306662 0.182636 0 0 0
0.684012 0.306816 0.182552 0 0 0
0.685782 0.306864 0.182518 0 0 0
0.687528 0.306239 0.182718 0 0 0
0.689840 0.307153 0.182236 0 0 0
0.691458 0.307331 0.182145 0 0 0
0.693075 0.307497 0.182053 0 0 0
0.695521 0.308773 0.181607 0 0 0
0.697141 0.308854 0.181474 0 0 0
0.698751 0.309010 0.181377 0 0 0
0.701190 0.310137 0.180868 0 0 0
0.702807 0.310138 0.180686 0 0 0
0.704709 0.310369 0.180635 0 0 0
0.706473 0.310525 0.180648 0 0 0
0.708422 0.309804 0.180860 0 0 0
0.710108 0.309831 0.180914 0 0 0
0.711966 0.309097 0.181219 0 0 0
0.713796 0.308459 0.181552 0 0 0
0.715294 0.308649 0.181662 0 0 0
0.717417 0.306841 0.182483 0 0 0
0.718991 0.306289 0.182788 0 0 0
0.720799 0.306327 0.182773 0 0 0
0.722579 0.306373 0.182746 0 0 0
0.724460 0.305720 0.182971 0 0 0
0.726225 0.305761 0.182935 0 0 0
0.728087 0.305914 0.182851 0 0 0
0.729939 0.306072 0.182766 0 0 0
0.731791 0.306237 0.182683 0 0 0
0.733671 0.306395 0.182595 0 0 0
0.735227 0.306546 0.182508 0 0 0
0.737776 0.307712 0.182174 0 0 0
0.738857 0.307253 0.182388 0 0 0
0.561749 0.306899 0.180492 0 0 0
0.563547 0.306134 0.180790 0 0 0
0.565700 0.305441 0.181125 0 0 0
0.567444 0.305567 0.181104 0 0 0
0.569192 0.305845 0.181156 0 0 0
0.571475 0.305260 0.181470 0 0 0
0.573178 0.305360 0.181424 0 0 0
0.575087 0.305519 0.181337 0 0 0
0.576987 0.305662 0.181241 0 0 0
0.578904 0.305729 0.181107 0 0 0
0.580626 0.305793 0.181041 0 0 0
0.582704 0.305016 0.181041 0 0 0
0.584740 0.306149 0.180842 0 0 0
0.586251 0.306385 0.180727 0 0 0
0.588422 0.307500 0.180380 0 0 0
0.590148 0.307484 0.179957 0 0 0
0.592025 0.307852 0.180184 0 0 0
0.593921 0.307916 0.179950 0 0 0
0.595835 0.308074 0.179845 0 0 0
0.597725 0.308234 0.179757 0 0 0
0.599619 0.308395 0.179670 0 0 0
0.601500 0.308570 0.179592 0 0 0
0.603407 0.308812 0.179548 0 0 0
0.605167 0.308911 0.179513 0 0 0
0.607403 0.308217 0.179759 0 0 0
0.608890 0.308321 0.179698 0 0 0
0.611191 0.309455 0.179255 0 0 0
0.612746 0.309665 0.179364 0 0 0
0.614774 0.308783 0.179458 0 0 0
0.616842 0.308011 0.179741 0 0 0
0.618461 0.308120 0.179801 0 0 0
0.620633 0.307518 0.180095 0 0 0
0.622245 0.307542 0.180115 0 0 0
0.624291 0.306855 0.180443 0 0 0
0.626302 0.306092 0.180635 0 0 0
0.627930 0.306323 0.180981 0 0 0
0.630051 0.305644 0.181147 0 0 0
0.631757 0.305823 0.181241 0 0 0
0.633720 0.305766 0.180796 0 0 0
0.635563 0.305884 0.180649 0 0 0
0.637448 0.305969 0.180510 0 0 0
0.639305 0.306129 0.180449 0 0 0
0.641193 0.306481 0.180607 0 0 0
0.643065 0.306694 0.180566 0 0 0
0.644955 0.306948 0.180530 0 0 0
0.646733 0.307050 0.180511 0 0 0
0.648696 0.306362 0.180836 0 0 0
0.650539 0.305509 0.181177 0 0 0
0.652383 0.304764 0.181572 0 0 0
0.654230 0.304019 0.181968 0 0 0
0.656196 0.303357 0.182315 0 0 0
0.657794 0.303337 0.182326 0 0 0
0.659887 0.302656 0.182571 0 0 0
0.661612 0.302720 0.182527 0 0 0
0.663489 0.302876 0.182443 0 0 0
0.665351 0.303035 0.182358 0 0 0
0.667211 0.303202 0.182273 0 0 0
0.669093 0.303366 0.182170 0 0 0
0.670953 0.303416 0.181902 0 0 0
0.672743 0.303683 0.182004 0 0 0
0.674655 0.303963 0.181994 0 0 0
0.676540 0.304219 0.181960 0 0 0
0.678260 0.304296 0.181929 0 0 0
0.680291 0.303511 0.182116 0 0 0
0.682006 0.303587 0.182085 0 0 0
0.683884 0.303836 0.182047 0 0 0
0.685801 0.304006 0.181959 0 0 0
0.687383 0.304163 0.181866 0 0 0
0.689768 0.305341 0.181393 0 0 0
0.691374 0.305505 0.181290 0 0 0
0.693294 0.305640 0.181180 0 0 0
0.694897 0.305615 0.180987 0 0 0
0.697325 0.306749 0.180481 0 0 0
0.698932 0.306911 0.180387 0 0 0
0.700563 0.307002 0.180245 0 0 0
0.703012 0.308165 0.179761 0 0 0
0.704504 0.308295 0.179751 0 0 0
0.706508 0.307562 0.179954 0 0 0
0.708190 0.307582 0.179990 0 0 0
0.710090 0.306822 0.180048 0 0 0
0.711801 0.306994 0.180311 0 0 0
0.713628 0.306335 0.180664 0 0 0
0.715142 0.305700 0.181035 0 0 0
0.717211 0.303756 0.181938 0 0 0
0.718771 0.303197 0.182232 0 0 0
0.720564 0.303264 0.182237 0 0 0
0.722434 0.303525 0.182205 0 0 0
0.724300 0.303795 0.182170 0 0 0
0.726127 0.303976 0.182101 0 0 0
0.727977 0.304133 0.182016 0 0 0
0.729825 0.304290 0.181931 0 0 0
0.731674 0.304446 0.181845 0 0 0
0.733527 0.304602 0.181760 0 0 0
0.735374 0.304733 0.181670 0 0 0
0.737191 0.304653 0.181603 0 0 0
0.738618 0.304035 0.181810 0 0 0
0.560259 0.303738 0.179928 255 0 0
0.561769 0.303898 0.179877 0 0 0
0.563542 0.304185 0.179926 0 0 0
0.565860 0.303597 0.180243 0 0 0
0.567377 0.303630 0.180231 0 0 0
0.569548 0.302854 0.180531 0 0 0
0.571677 0.302098 0.180836 0 0 0
0.573376 0.302276 0.180831 0 0 0
0.575313 0.302451 0.180747 0 0 0
0.576977 0.302643 0.180646 0 0 0
0.579166 0.303742 0.180171 0 0 0
0.580871 0.303939 0.180090 0 0 0
0.582749 0.304198 0.180176 0 0 0
0.584637 0.304260 0.179912 0 0 0
0.586342 0.304437 0.179780 0 0 0
0.588346 0.305471 0.179254 0 0 0
0.590207 0.306531 0.178964 0 0 0
0.592282 0.305759 0.178977 0 0 0
0.594008 0.305832 0.178917 0 0 0
0.595918 0.305992 0.178830 0 0 0
0.597808 0.306146 0.178740 0 0 0
0.599715 0.306304 0.178653 0 0 0
0.601448 0.306380 0.178594 0 0 0
0.603628 0.305576 0.178655 0 0 0
0.605382 0.305787 0.178801 0 0 0
0.607297 0.306054 0.178787 0 0 0
0.609170 0.306295 0.178742 0 0 0
0.611079 0.306288 0.178570 0 0 0
0.612968 0.306449 0.178487 0 0 0
0.614727 0.306714 0.178538 0 0 0
0.616919 0.306037 0.178800 0 0 0
0.618501 0.306060 0.178805 0 0 0
0.620671 0.305466 0.179103 0 0 0
0.622285 0.305580 0.179165 0 0 0
0.624506 0.304902 0.179445 0 0 0
0.626082 0.305027 0.179606 0 0 0
0.628231 0.304308 0.179741 0 0 0
0.629867 0.304425 0.179904 0 0 0
0.631762 0.303758 0.179989 0 0 0
0.633904 0.304840 0.179765 0 0 0
0.635571 0.305091 0.179718 0 0 0
0.637486 0.305269 0.179648 0 0 0
0.639233 0.305360 0.179600 0 0 0
0.641347 0.304652 0.179670 0 0 0
0.642951 0.304642 0.179663 0 0 0
0.644962 0.303872 0.179964 0 0 0
0.646944 0.303206 0.180308 0 0 0
0.648574 0.303205 0.180330 0 0 0
0.650334 0.302630 0.180644 0 0 0
0.652682 0.300937 0.181528 0 0 0
0.654046 0.300986 0.181524 0 0 0
0.656162 0.300414 0.181821 0 0 0
0.657885 0.300493 0.181788 0 0 0
0.659765 0.300746 0.181751 0 0 0
0.661608 0.300931 0.181680 0 0 0
0.663468 0.301080 0.181593 0 0 0
0.665325 0.301236 0.181507 0 0 0
0.667225 0.301382 0.181409 0 0 0
0.668835 0.301466 0.181275 0 0 0
0.671068 0.302619 0.181085 0 0 0
0.672736 0.301770 0.181114 0 0 0
0.674642 0.300981 0.181383 0 0 0
0.676409 0.301146 0.181408 0 0 0
0.678290 0.301322 0.181335 0 0 0
0.680165 0.301574 0.181297 0 0 0
0.681886 0.301660 0.181272 0 0 0
0.683923 0.300989 0.181507 0 0 0
0.685377 0.301050 0.181461 0 0 0
0.687800 0.302192 0.180962 0 0 0
0.689379 0.302267 0.180829 0 0 0
0.691309 0.302420 0.180729 0 0 0
0.692896 0.302580 0.180632 0 0 0
0.695076 0.303752 0.180129 0 0 0
0.697253 0.304781 0.179567 0 0 0
0.698904 0.304856 0.179394 0 0 0
0.700570 0.304899 0.179098 0 0 0
0.702845 0.305914 0.178814 0 0 0
0.704513 0.305199 0.178835 0 0 0
0.706306 0.305453 0.179030 0 0 0
0.708214 0.305682 0.179024 0 0 0
0.709995 0.305947 0.179226 0 0 0
0.711840 0.305179 0.179397 0 0 0
0.713360 0.304512 0.179739 0 0 0
0.715416 0.302454 0.180590 0 0 0
0.716903 0.301906 0.180992 0 0 0
0.718707 0.301252 0.181339 0 0 0
0.720400 0.301303 0.181432 0 0 0
0.722217 0.300546 0.181725 0 0 0
0.724024 0.299792 0.182013 0 0 0
0.725772 0.299827 0.181981 0 0 0
0.727625 0.299978 0.181898 0 0 0
0.729466 0.300135 0.181814 0 0 0
0.731339 0.300297 0.181727 0 0 0
0.732875 0.300448 0.181641 0 0 0
0.735404 0.301642 0.181135 0 0 0
0.736991 0.301817 0.181053 0 0 0
0.738451 0.302034 0.181027 0 0 0
0.560398 0.301913 0.179042 0 0 0
0.561706 0.301980 0.179008 0 0 0
0.563924 0.301220 0.179311 0 0 0
0.566086 0.300544 0.179661 0 0 0
0.567595 0.300571 0.179652 0 0 0
0.569950 0.299979 0.179974 0 0 0
0.571452 0.300093 0.180003 0 0 0
0.573782 0.299295 0.180224 0 0 0
0.575470 0.299378 0.180168 0 0 0
0.577390 0.299545 0.180083 0 0 0
0.579054 0.299727 0.179981 0 0 0
0.581246 0.300826 0.179504 0 0 0
0.582918 0.301007 0.179397 0 0 0
0.584851 0.301091 0.179262 0 0 0
0.586503 0.301261 0.179154 0 0 0
0.588755 0.302347 0.178639 0 0 0
0.590262 0.302358 0.178279 0 0 0
0.592422 0.303542 0.177997 0 0 0
0.594094 0.303750 0.177910 0 0 0
0.595990 0.303930 0.177830 0 0 0
0.597877 0.304182 0.177789 0 0 0
0.599770 0.304353 0.177708 0 0 0
0.601696 0.304527 0.177646 0 0 0
0.603444 0.304730 0.177788 0 0 0
0.605624 0.303932 0.177857 0 0 0
0.607200 0.304007 0.177875 0 0 0
0.609229 0.303276 0.178068 0 0 0
0.611342 0.304397 0.177690 0 0 0
0.612842 0.304514 0.177629 0 0 0
0.615084 0.303740 0.177848 0 0 0
0.616809 0.303980 0.177881 0 0 0
0.618575 0.304092 0.177865 0 0 0
0.620597 0.303314 0.178148 0 0 0
0.622617 0.302550 0.178435 0 0 0
0.624367 0.302736 0.178459 0 0 0
0.626120 0.302925 0.178482 0 0 0
0.628291 0.302331 0.178777 0 0 0
0.629903 0.302259 0.178753 0 0 0
0.631771 0.301808 0.179049 0 0 0
0.633807 0.302631 0.178657 0 0 0
0.635747 0.302006 0.178871 0 0 0
0.637497 0.302080 0.178833 0 0 0
0.639252 0.302153 0.178799 0 0 0
0.641235 0.301499 0.179147 0 0 0
0.643237 0.300828 0.179496 0 0 0
0.644825 0.300823 0.179510 0 0 0
0.646805 0.300170 0.179862 0 0 0
0.648655 0.299430 0.180262 0 0 0
0.650501 0.298695 0.180667 0 0 0
0.652323 0.297965 0.181064 0 0 0
0.654278 0.297297 0.181412 0 0 0
0.655991 0.297378 0.181381 0 0 0
0.657880 0.297531 0.181299 0 0 0
0.659615 0.297573 0.181263 0 0 0
0.661416 0.296935 0.181478 0 0 0
0.663663 0.297972 0.181050 0 0 0
0.665276 0.298151 0.180954 0 0 0
0.666893 0.298320 0.180855 0 0 0
0.669260 0.299454 0.180356 0 0 0
0.670865 0.299541 0.180228 0 0 0
0.672680 0.299693 0.180242 0 0 0
0.674541 0.299046 0.180575 0 0 0
0.676460 0.298195 0.180826 0 0 0
0.678198 0.298237 0.180786 0 0 0
0.679954 0.298275 0.180741 0 0 0
0.681901 0.297591 0.180826 0 0 0
0.683669 0.297782 0.180982 0 0 0
0.685301 0.297967 0.180909 0 0 0
0.687697 0.299002 0.180365 0 0 0
0.689275 0.299164 0.180273 0 0 0
0.691183 0.299337 0.180184 0 0 0
0.692779 0.299505 0.180080 0 0 0
0.694944 0.300560 0.179530 0 0 0
0.696878 0.301729 0.179012 0 0 0
0.698829 0.302908 0.178498 0 0 0
0.700951 0.304052 0.178139 0 0 0
0.702628 0.304056 0.177841 0 0 0
0.704437 0.304314 0.178012 0 0 0
0.706336 0.303554 0.178067 0 0 0
0.708012 0.303570 0.178109 0 0 0
0.709876 0.302726 0.178372 0 0 0
0.711590 0.302071 0.178797 0 0 0
0.713397 0.301244 0.179199 0 0 0
0.715106 0.300700 0.179685 0 0 0
0.716868 0.299957 0.180109 0 0 0
0.718559 0.299187 0.180486 0 0 0
0.720318 0.298208 0.180783 0 0 0
0.722058 0.297442 0.180916 0 0 0
0.723820 0.297696 0.181123 0 0 0
0.725683 0.297900 0.181086 0 0 0
0.727519 0.298057 0.181003 0 0 0
0.729358 0.298213 0.180919 0 0 0
0.731197 0.298370 0.180834 0 0 0
0.733026 0.298515 0.180745 0 0 0
0.734862 0.298565 0.180608 0 0 0
0.736773 0.298709 0.180510 0 0 0
0.738163 0.298838 0.180452 0 0 0
0.560455 0.298763 0.178512 0 0 0
0.562233 0.298089 0.178861 0 0 0
0.564415 0.297305 0.179166 0 0 0
0.566110 0.297418 0.179129 0 0 0
0.567821 0.297605 0.179129 0 0 0
0.570143 0.296905 0.179394 0 0 0
0.571837 0.297006 0.179348 0 0 0
0.573717 0.297273 0.179318 0 0 0
0.575589 0.297533 0.179283 0 0 0
0.577483 0.297608 0.179153 0 0 0
0.579356 0.297734 0.179032 0 0 0
0.581281 0.297699 0.178691 0 0 0
0.582930 0.297853 0.178554 0 0 0
0.585100 0.299077 0.178324 0 0 0
0.586802 0.299269 0.178222 0 0 0
0.588363 0.299315 0.178086 0 0 0
0.590672 0.301626 0.177366 0 0 0
0.592252 0.301654 0.177082 0 0 0
0.594214 0.301807 0.176969 0 0 0
0.595925 0.301889 0.176916 0 0 0
0.598171 0.301103 0.177136 0 0 0
0.599877 0.301278 0.177130 0 0 0
0.601785 0.301447 0.177050 0 0 0
0.603692 0.301615 0.176969 0 0 0
0.605405 0.301779 0.176960 0 0 0
0.607635 0.301006 0.177183 0 0 0
0.609340 0.301179 0.177182 0 0 0
0.611078 0.301266 0.177147 0 0 0
0.613089 0.300617 0.177373 0 0 0
0.615053 0.301643 0.177047 0 0 0
0.617012 0.301023 0.177283 0 0 0
0.618772 0.301110 0.177249 0 0 0
0.620539 0.301285 0.177263 0 0 0
0.622691 0.300714 0.177572 0 0 0
0.624253 0.300724 0.177572 0 0 0
0.626333 0.299949 0.177883 0 0 0
0.628097 0.299356 0.178194 0 0 0
0.629953 0.300324 0.177833 0 0 0
0.632242 0.298677 0.178560 0 0 0
0.633763 0.298780 0.178505 0 0 0
0.635521 0.298860 0.178464 0 0 0
0.637662 0.298185 0.178727 0 0 0
0.639227 0.298265 0.178773 0 0 0
0.641363 0.297711 0.179085 0 0 0
0.643127 0.297811 0.179051 0 0 0
0.644637 0.297925 0.178999 0 0 0
0.646995 0.296248 0.179897 0 0 0
0.648604 0.295578 0.180256 0 0 0
0.650448 0.294826 0.180658 0 0 0
0.652416 0.294190 0.181016 0 0 0
0.653989 0.294178 0.181035 0 0 0
0.656109 0.293615 0.181335 0 0 0
0.657527 0.293685 0.181290 0 0 0
0.659930 0.294736 0.180747 0 0 0
0.661510 0.294963 0.180684 0 0 0
0.663374 0.294940 0.180507 0 0 0
0.665270 0.295078 0.180385 0 0 0
0.666910 0.295134 0.180081 0 0 0
0.669195 0.296273 0.179761 0 0 0
0.670811 0.296446 0.179673 0 0 0
0.672578 0.296505 0.179625 0 0 0
0.674580 0.295832 0.179699 0 0 0
0.676290 0.295995 0.179736 0 0 0
0.678135 0.296285 0.179855 0 0 0
0.680037 0.296500 0.179837 0 0 0
0.681784 0.296767 0.180038 0 0 0
0.683769 0.295995 0.180078 0 0 0
0.685219 0.296042 0.180020 0 0 0
0.687631 0.297202 0.179538 0 0 0
0.689235 0.297353 0.179427 0 0 0
0.691139 0.297411 0.179282 0 0 0
0.692713 0.297562 0.179176 0 0 0
0.695141 0.298593 0.178626 0 0 0
0.696452 0.298670 0.178478 0 0 0
0.698684 0.299838 0.177953 0 0 0
0.700605 0.300899 0.177390 0 0 0
0.702726 0.301927 0.176934 0 0 0
0.704417 0.301330 0.177156 0 0 0
0.706104 0.301351 0.177216 0 0 0
0.708069 0.300735 0.177480 0 0 0
0.709516 0.300843 0.177540 0 0 0
0.711752 0.299077 0.178255 0 0 0
0.712969 0.299323 0.178348 0 0 0
0.715120 0.297527 0.179186 0 0 0
0.716620 0.296782 0.179512 0 0 0
0.718393 0.296134 0.179852 0 0 0
0.720244 0.296411 0.179971 0 0 0
0.721986 0.296602 0.180151 0 0 0
0.723802 0.295943 0.180231 0 0 0
0.725567 0.295978 0.180193 0 0 0
0.727414 0.296129 0.180111 0 0 0
0.729250 0.296285 0.180026 0 0 0
0.731086 0.296441 0.179942 0 0 0
0.732922 0.296598 0.179858 0 0 0
0.734758 0.296762 0.179777 0 0 0
0.736646 0.296924 0.179690 0 0 0
0.738048 0.297054 0.179630 0 0 0
0.559099 0.294724 0.178449 0 0 0
0.560555 0.294865 0.178391 0 0 0
0.562488 0.295148 0.178358 0 0 0
0.564392 0.295414 0.178326 0 0 0
0.566060 0.295519 0.178283 0 0 0
0.568386 0.294721 0.178504 0 0 0
0.570063 0.294995 0.178544 0 0 0
0.571971 0.295179 0.178475 0 0 0
0.573669 0.295254 0.178421 0 0 0
0.575771 0.294498 0.178600 0 0 0
0.577790 0.295598 0.178217 0 0 0
0.579258 0.295745 0.178066 0 0 0
0.581432 0.296961 0.177825 0 0 0
0.583073 0.297125 0.177696 0 0 0
0.584995 0.297173 0.177396 0 0 0
0.586923 0.297234 0.177236 0 0 0
0.588584 0.297407 0.177117 0 0 0
0.590765 0.298285 0.176548 0 0 0
0.592452 0.298461 0.176428 0 0 0
0.594334 0.298639 0.176348 0 0 0
0.596241 0.298905 0.176315 0 0 0
0.597954 0.299089 0.176315 0 0 0
0.600193 0.298292 0.176529 0 0 0
0.601879 0.298391 0.176489 0 0 0
0.603775 0.298644 0.176451 0 0 0
0.605668 0.298825 0.176374 0 0 0
0.607563 0.299075 0.176335 0 0 0
0.609260 0.299169 0.176295 0 0 0
0.611475 0.298505 0.176563 0 0 0
0.613194 0.298665 0.176559 0 0 0
0.614920 0.298672 0.176483 0 0 0
0.617120 0.298073 0.176785 0 0 0
0.618840 0.298160 0.176745 0 0 0
0.620584 0.298238 0.176709 0 0 0
0.622604 0.297584 0.177062 0 0 0
0.624645 0.296913 0.177416 0 0 0
0.626201 0.296918 0.177422 0 0 0
0.628377 0.296239 0.177690 0 0 0
0.629935 0.296318 0.177733 0 0 0
0.632090 0.295667 0.178004 0 0 0
0.633796 0.295837 0.178007 0 0 0
0.635707 0.296017 0.177935 0 0 0
0.637425 0.296188 0.177942 0 0 0
0.639413 0.295445 0.178258 0 0 0
0.641250 0.294702 0.178654 0 0 0
0.643097 0.293940 0.179056 0 0 0
0.644925 0.293201 0.179455 0 0 0
0.646903 0.292554 0.179814 0 0 0
0.648505 0.292552 0.179843 0 0 0
0.650241 0.291986 0.180159 0 0 0
0.652591 0.290289 0.181056 0 0 0
0.653925 0.290300 0.181052 0 0 0
0.655780 0.289668 0.181267 0 0 0
0.658045 0.290694 0.180828 0 0 0
0.659351 0.290778 0.180681 0 0 0
0.661491 0.291929 0.180164 0 0 0
0.663632 0.293091 0.179656 0 0 0
0.664957 0.293196 0.179521 0 0 0
0.667270 0.294416 0.179231 0 0 0
0.668918 0.294387 0.178884 0 0 0
0.670795 0.294531 0.178768 0 0 0
0.672674 0.294707 0.178708 0 0 0
0.674532 0.294970 0.178816 0 0 0
0.676233 0.295047 0.178795 0 0 0
0.678204 0.294357 0.178870 0 0 0
0.679846 0.294409 0.178926 0 0 0
0.681881 0.293659 0.179135 0 0 0
0.683587 0.293823 0.179150 0 0 0
0.685422 0.294075 0.179117 0 0 0
0.687320 0.294137 0.178978 0 0 0
0.688890 0.294194 0.178837 0 0 0
0.691333 0.295461 0.178381 0 0 0
0.692617 0.295620 0.178286 0 0 0
0.695062 0.296671 0.177736 0 0 0
0.696680 0.296814 0.177617 0 0 0
0.698291 0.296782 0.177415 0 0 0
0.700720 0.297795 0.176849 0 0 0
0.702295 0.297944 0.176754 0 0 0
0.704171 0.298131 0.176684 0 0 0
0.705937 0.298283 0.176702 0 0 0
0.707853 0.297659 0.176959 0 0 0
0.709555 0.297714 0.177047 0 0 0
0.711383 0.297160 0.177440 0 0 0
0.712885 0.296423 0.177769 0 0 0
0.715002 0.294617 0.178607 0 0 0
0.716474 0.294825 0.178736 0 0 0
0.718270 0.294193 0.179075 0 0 0
0.720073 0.293448 0.179375 0 0 0
0.721735 0.293381 0.179411 0 0 0
0.723611 0.292738 0.179646 0 0 0
0.725349 0.292777 0.179614 0 0 0
0.727192 0.292928 0.179532 0 0 0
0.729022 0.293083 0.179448 0 0 0
0.730853 0.293239 0.179363 0 0 0
0.732683 0.293394 0.179279 0 0 0
0.734514 0.293549 0.179195 0 0 0
0.736403 0.293705 0.179105 0 0 0
0.737779 0.293827 0.179044 0 0 0
0.559241 0.292929 0.177588 0 0 0
0.560509 0.292990 0.177554 0 0 0
0.562892 0.292279 0.177814 0 0 0
0.564566 0.292375 0.177768 0 0 0
0.566489 0.292555 0.177691 0 0 0
0.568164 0.292737 0.177687 0 0 0
0.570473 0.292040 0.177960 0 0 0
0.572139 0.292126 0.177911 0 0 0
0.574042 0.292295 0.177831 0 0 0
0.575918 0.292538 0.177781 0 0 0
0.577567 0.292644 0.177639 0 0 0
0.579754 0.293692 0.177139 0 0 0
0.581409 0.293716 0.176957 0 0 0
0.583333 0.293942 0.176891 0 0 0
0.584999 0.294046 0.176749 0 0 0
0.587212 0.295235 0.176305 0 0 0
0.588646 0.295357 0.176149 0 0 0
0.590847 0.296464 0.175676 0 0 0
0.592543 0.296648 0.175563 0 0 0
0.594265 0.296747 0.175512 0 0 0
0.596520 0.296041 0.175773 0 0 0
0.598218 0.296135 0.175731 0 0 0
0.600133 0.296397 0.175696 0 0 0
0.601821 0.296497 0.175658 0 0 0
0.604056 0.295794 0.175917 0 0 0
0.605750 0.295884 0.175872 0 0 0
0.607686 0.296044 0.175786 0 0 0
0.609192 0.296162 0.175729 0 0 0
0.611776 0.294594 0.176564 0 0 0
0.613274 0.294710 0.176507 0 0 0
0.615204 0.294870 0.176421 0 0 0
0.616903 0.294954 0.176380 0 0 0
0.619097 0.294272 0.176648 0 0 0
0.620633 0.294363 0.176691 0 0 0
0.622823 0.293803 0.177010 0 0 0
0.624526 0.293899 0.176974 0 0 0
0.626430 0.294077 0.176899 0 0 0
0.628138 0.294246 0.176901 0 0 0
0.630303 0.293593 0.177176 0 0 0
0.631847 0.293672 0.177219 0 0 0
0.634014 0.292994 0.177488 0 0 0
0.635558 0.292985 0.177496 0 0 0
0.637568 0.292305 0.177852 0 0 0
0.639409 0.291457 0.178197 0 0 0
0.641355 0.290808 0.178544 0 0 0
0.642958 0.290925 0.178629 0 0 0
0.644971 0.290281 0.179004 0 0 0
0.646552 0.289627 0.179360 0 0 0
0.648919 0.287940 0.180269 0 0 0
0.650236 0.287978 0.180268 0 0 0
0.652348 0.287440 0.180573 0 0 0
0.654043 0.287518 0.180545 0 0 0
0.655917 0.287760 0.180500 0 0 0
0.657470 0.287840 0.180367 0 0 0
0.659860 0.288932 0.179843 0 0 0
0.661194 0.288917 0.179633 0 0 0
0.663329 0.289926 0.179049 0 0 0
0.665454 0.291072 0.178545 0 0 0
0.666778 0.291164 0.178392 0 0 0
0.669178 0.292287 0.177887 0 0 0
0.670752 0.292455 0.177796 0 0 0
0.672608 0.292637 0.177722 0 0 0
0.674471 0.292882 0.177685 0 0 0
0.676233 0.292959 0.177671 0 0 0
0.678103 0.292201 0.177955 0 0 0
0.679970 0.291455 0.178241 0 0 0
0.681740 0.291612 0.178271 0 0 0
0.683461 0.291660 0.178233 0 0 0
0.685462 0.290880 0.178249 0 0 0
0.686936 0.290948 0.178188 0 0 0
0.689321 0.292216 0.177938 0 0 0
0.690918 0.292294 0.177804 0 0 0
0.692516 0.292442 0.177702 0 0 0
0.694973 0.293612 0.177198 0 0 0
0.696260 0.293770 0.177095 0 0 0
0.698455 0.294961 0.176592 0 0 0
0.700634 0.296009 0.176033 0 0 0
0.702232 0.296166 0.175930 0 0 0
0.704010 0.296226 0.175892 0 0 0
0.705960 0.295575 0.176136 0 0 0
0.707610 0.295612 0.176203 0 0 0
0.709445 0.294864 0.176516 0 0 0
0.711175 0.294009 0.176875 0 0 0
0.712907 0.293373 0.177336 0 0 0
0.714633 0.292734 0.177797 0 0 0
0.716352 0.291888 0.178165 0 0 0
0.718068 0.291134 0.178569 0 0 0
0.719866 0.290384 0.178865 0 0 0
0.721599 0.290423 0.178837 0 0 0
0.723449 0.290676 0.178804 0 0 0
0.725257 0.290861 0.178737 0 0 0
0.727087 0.291011 0.178651 0 0 0
0.728914 0.291165 0.178566 0 0 0
0.730742 0.291320 0.178482 0 0 0
0.732570 0.291475 0.178398 0 0 0
0.734403 0.291627 0.178311 0 0 0
0.736252 0.291822 0.178244 0 0 0
0.737662 0.292057 0.178233 0 0 0
0.559491 0.289876 0.177027 0 0 0
0.560754 0.289942 0.176999 0 0 0
0.563144 0.289346 0.177319 0 0 0
0.564609 0.289372 0.177310 0 0 0
0.566961 0.288660 0.177578 0 0 0
0.568625 0.288750 0.177528 0 0 0
0.570510 0.288917 0.177445 0 0 0
0.572373 0.289079 0.177360 0 0 0
0.574236 0.289246 0.177277 0 0 0
0.576121 0.289409 0.177188 0 0 0
0.577796 0.289598 0.177067 0 0 0
0.579760 0.290611 0.176533 0 0 0
0.581576 0.291732 0.176139 0 0 0
0.583436 0.291052 0.176289 0 0 0
0.585472 0.292141 0.175904 0 0 0
0.586919 0.292266 0.175740 0 0 0
0.589138 0.293338 0.175240 0 0 0
0.590815 0.293436 0.175096 0 0 0
0.592538 0.293513 0.175043 0 0 0
0.594782 0.292923 0.175358 0 0 0
0.596497 0.293020 0.175319 0 0 0
0.598205 0.293103 0.175276 0 0 0
0.600434 0.292513 0.175591 0 0 0
0.602150 0.292601 0.175551 0 0 0
0.603858 0.292686 0.175509 0 0 0
0.606084 0.291980 0.175766 0 0 0
0.607793 0.292059 0.175720 0 0 0
0.609507 0.292146 0.175683 0 0 0
0.611662 0.291586 0.175994 0 0 0
0.613383 0.291777 0.176015 0 0 0
0.615268 0.291947 0.175937 0 0 0
0.617154 0.292118 0.175859 0 0 0
0.618859 0.292296 0.175865 0 0 0
0.620882 0.291556 0.176182 0 0 0
0.622909 0.290890 0.176535 0 0 0
0.624437 0.290890 0.176543 0 0 0
0.626638 0.290296 0.176857 0 0 0
0.628161 0.290285 0.176860 0 0 0
0.630337 0.289592 0.177114 0 0 0
0.632027 0.289684 0.177085 0 0 0
0.633741 0.289861 0.177099 0 0 0
0.635870 0.289303 0.177412 0 0 0
0.637589 0.289405 0.177387 0 0 0
0.639365 0.289586 0.177425 0 0 0
0.641083 0.289026 0.177738 0 0 0
0.643300 0.287093 0.178645 0 0 0
0.644891 0.286441 0.179009 0 0 0
0.646743 0.285717 0.179431 0 0 0
0.648557 0.284995 0.179843 0 0 0
0.650368 0.284233 0.180246 0 0 0
0.652291 0.283481 0.180555 0 0 0
0.653993 0.283624 0.180560 0 0 0
0.655896 0.283685 0.180426 0 0 0
0.657320 0.283793 0.180334 0 0 0
0.659680 0.285984 0.179299 0 0 0
0.661413 0.287086 0.178818 0 0 0
0.663292 0.288137 0.178242 0 0 0
0.665430 0.289056 0.177618 0 0 0
0.666750 0.289239 0.177508 0 0 0
0.669136 0.290382 0.177013 0 0 0
0.670741 0.290544 0.176909 0 0 0
0.672479 0.290603 0.176864 0 0 0
0.674512 0.289839 0.177063 0 0 0
0.676236 0.289902 0.177031 0 0 0
0.678015 0.290044 0.177046 0 0 0
0.679961 0.289361 0.177117 0 0 0
0.681645 0.289432 0.177097 0 0 0
0.683525 0.289729 0.177240 0 0 0
0.685398 0.290033 0.177386 0 0 0
0.687148 0.290171 0.177304 0 0 0
0.689022 0.290204 0.177010 0 0 0
0.690880 0.290366 0.176908 0 0 0
0.692707 0.290507 0.176816 0 0 0
0.694572 0.290554 0.176672 0 0 0
0.696156 0.290708 0.176564 0 0 0
0.698606 0.291755 0.176011 0 0 0
0.699881 0.291904 0.175913 0 0 0
0.702272 0.292931 0.175475 0 0 0
0.703928 0.292319 0.175690 0 0 0
0.705579 0.292269 0.175721 0 0 0
0.707461 0.291730 0.176009 0 0 0
0.709291 0.291918 0.176054 0 0 0
0.710821 0.292141 0.176076 0 0 0
0.712932 0.290335 0.176917 0 0 0
0.714409 0.289690 0.177290 0 0 0
0.716156 0.288837 0.177666 0 0 0
0.717923 0.288180 0.177990 0 0 0
0.719675 0.288354 0.178043 0 0 0
0.721496 0.288632 0.178026 0 0 0
0.723348 0.288774 0.177933 0 0 0
0.725149 0.288843 0.177812 0 0 0
0.726975 0.289088 0.177770 0 0 0
0.728807 0.289254 0.177690 0 0 0
0.730631 0.289409 0.177606 0 0 0
0.732457 0.289564 0.177522 0 0 0
0.734334 0.289721 0.177435 0 0 0
0.735732 0.289853 0.177376 0 0 0
0.557859 0.286656 0.176552 0 0 0
0.559328 0.286789 0.176489 0 0 0
0.561042 0.286893 0.176444 0 0 0
0.563339 0.286290 0.176752 0 0 0
0.565033 0.286403 0.176724 0 0 0
0.566911 0.286663 0.176691 0 0 0
0.568758 0.286844 0.176619 0 0 0
0.570620 0.287001 0.176532 0 0 0
0.572503 0.287148 0.176422 0 0 0
0.574381 0.287186 0.176135 0 0 0
0.576219 0.287334 0.176024 0 0 0
0.577886 0.287520 0.175929 0 0 0
0.580009 0.288619 0.175631 0 0 0
0.581705 0.288728 0.175477 0 0 0
0.583586 0.288960 0.175421 0 0 0
0.585464 0.289041 0.175294 0 0 0
0.587115 0.289223 0.175189 0 0 0
0.589309 0.290312 0.174706 0 0 0
0.590976 0.290494 0.174603 0 0 0
0.592690 0.290585 0.174557 0 0 0
0.594922 0.289899 0.174827 0 0 0
0.596621 0.290080 0.174829 0 0 0
0.598341 0.290187 0.174795 0 0 0
0.600587 0.289481 0.175056 0 0 0
0.602237 0.289569 0.175015 0 0 0
0.604130 0.289838 0.174985 0 0 0
0.606000 0.290111 0.174954 0 0 0
0.607859 0.290297 0.174885 0 0 0
0.609588 0.290387 0.174859 0 0 0
0.611610 0.289722 0.175198 0 0 0
0.613647 0.288949 0.175500 0 0 0
0.615352 0.289016 0.175461 0 0 0
0.617064 0.289084 0.175424 0 0 0
0.619080 0.288418 0.175777 0 0 0
0.621131 0.287653 0.176084 0 0 0
0.622646 0.287658 0.176090 0 0 0
0.624785 0.287085 0.176399 0 0 0
0.626500 0.287287 0.176427 0 0 0
0.628380 0.287481 0.176357 0 0 0
0.630249 0.287739 0.176324 0 0 0
0.631925 0.287825 0.176296 0 0 0
0.633933 0.287049 0.176598 0 0 0
0.635913 0.286389 0.176950 0 0 0
0.637454 0.286371 0.176967 0 0 0
0.639442 0.285703 0.177327 0 0 0
0.641277 0.284981 0.177739 0 0 0
0.643127 0.284252 0.178160 0 0 0
0.644706 0.283617 0.178526 0 0 0
0.646918 0.281683 0.179444 0 0 0
0.648595 0.281246 0.179804 0 0 0
0.650365 0.281339 0.179809 0 0 0
0.652080 0.281502 0.179829 0 0 0
0.653868 0.280888 0.180049 0 0 0
0.656101 0.281896 0.179617 0 0 0
0.657417 0.281977 0.179451 0 0 0
0.659522 0.282862 0.178816 0 0 0
0.661418 0.283919 0.178217 0 0 0
0.663131 0.284902 0.177684 0 0 0
0.665510 0.287043 0.176636 0 0 0
0.666971 0.287148 0.176525 0 0 0
0.668893 0.287109 0.176173 0 0 0
0.670686 0.287234 0.176049 0 0 0
0.672536 0.287402 0.175971 0 0 0
0.674383 0.287642 0.175943 0 0 0
0.676170 0.287820 0.175904 0 0 0
0.678039 0.288115 0.176045 0 0 0
0.679903 0.288421 0.176190 0 0 0
0.681604 0.288578 0.176230 0 0 0
0.683570 0.287820 0.176263 0 0 0
0.685293 0.287952 0.176260 0 0 0
0.687168 0.288101 0.176173 0 0 0
0.689003 0.288158 0.176039 0 0 0
0.690828 0.288302 0.175949 0 0 0
0.692645 0.288483 0.175879 0 0 0
0.694534 0.288737 0.175833 0 0 0
0.696102 0.288806 0.175687 0 0 0
0.698503 0.289824 0.175135 0 0 0
0.700062 0.289976 0.175030 0 0 0
0.701911 0.290061 0.174908 0 0 0
0.703797 0.290404 0.174914 0 0 0
0.705551 0.290502 0.174925 0 0 0
0.707350 0.289834 0.175246 0 0 0
0.709201 0.289095 0.175550 0 0 0
0.710598 0.289107 0.175576 0 0 0
0.712761 0.287287 0.176429 0 0 0
0.714283 0.286736 0.176718 0 0 0
0.716014 0.286797 0.176844 0 0 0
0.717825 0.286266 0.177126 0 0 0
0.719491 0.286318 0.177221 0 0 0
0.721404 0.285691 0.177462 0 0 0
0.722836 0.285733 0.177429 0 0 0
0.725251 0.286742 0.176997 0 0 0
0.726813 0.286046 0.177155 0 0 0
0.728568 0.286064 0.177126 0 0 0
0.730377 0.286238 0.177061 0 0 0
0.732210 0.286488 0.177021 0 0 0
0.734092 0.286658 0.176939 0 0 0
0.735458 0.286778 0.176877 0 0 0
0.557979 0.284889 0.175712 0 0 0
0.559444 0.285011 0.175646 0 0 0
0.561182 0.285115 0.175611 0 0 0
0.563478 0.284516 0.175920 0 0 0
0.565133 0.284610 0.175877 0 0 0
0.567025 0.284748 0.175782 0 0 0
0.568895 0.284803 0.175645 0 0 0
0.570761 0.284949 0.175549 0 0 0
0.572412 0.285157 0.175457 0 0 0
0.574544 0.286361 0.175216 0 0 0
0.576227 0.286534 0.175104 0 0 0
0.578074 0.286595 0.174934 0 0 0
0.579941 0.286633 0.174656 0 0 0
0.581825 0.286788 0.174550 0 0 0
0.583684 0.286931 0.174456 0 0 0
0.585571 0.287083 0.174348 0 0 0
0.587404 0.287123 0.174087 0 0 0
0.589240 0.287276 0.174117 0 0 0
0.591124 0.287457 0.174061 0 0 0
0.593010 0.287732 0.174035 0 0 0
0.594707 0.287928 0.174044 0 0 0
0.596789 0.287173 0.174365 0 0 0
0.598612 0.286569 0.174688 0 0 0
0.600710 0.287575 0.174265 0 0 0
0.602154 0.287697 0.174211 0 0 0
0.604427 0.287006 0.174472 0 0 0
0.605922 0.287006 0.174471 0 0 0
0.608176 0.286408 0.174791 0 0 0
0.609672 0.286406 0.174791 0 0 0
0.611897 0.285710 0.175051 0 0 0
0.613577 0.285797 0.175008 0 0 0
0.615445 0.285972 0.174938 0 0 0
0.617138 0.286156 0.174951 0 0 0
0.619312 0.285609 0.175275 0 0 0
0.621017 0.285790 0.175290 0 0 0
0.622737 0.285894 0.175283 0 0 0
0.624719 0.285234 0.175623 0 0 0
0.626574 0.284379 0.175972 0 0 0
0.628580 0.283585 0.176269 0 0 0
0.630262 0.283649 0.176228 0 0 0
0.632118 0.283824 0.176161 0 0 0
0.633812 0.284008 0.176176 0 0 0
0.635935 0.283356 0.176448 0 0 0
0.637475 0.283456 0.176511 0 0 0
0.639474 0.282825 0.176885 0 0 0
0.641319 0.282088 0.177302 0 0 0
0.642903 0.281428 0.177668 0 0 0
0.645273 0.279771 0.178582 0 0 0
0.646401 0.279971 0.178638 0 0 0
0.648885 0.278296 0.179419 0 0 0
0.650151 0.278310 0.179415 0 0 0
0.652308 0.277622 0.179657 0 0 0
0.653700 0.277709 0.179608 0 0 0
0.655807 0.278880 0.179110 0 0 0
0.657649 0.280042 0.178588 0 0 0
0.659510 0.281096 0.178010 0 0 0
0.661357 0.282017 0.177383 0 0 0
0.663112 0.283129 0.176886 0 0 0
0.665537 0.285138 0.175747 0 0 0
0.666711 0.285286 0.175667 0 0 0
0.669090 0.286444 0.175371 0 0 0
0.670688 0.286601 0.175272 0 0 0
0.672546 0.286762 0.175186 0 0 0
0.674397 0.286908 0.175090 0 0 0
0.676124 0.286976 0.175042 0 0 0
0.678112 0.286203 0.175074 0 0 0
0.679708 0.286240 0.175117 0 0 0
0.681740 0.285608 0.175384 0 0 0
0.683335 0.285651 0.175442 0 0 0
0.685337 0.284932 0.175664 0 0 0
0.686763 0.285070 0.175658 0 0 0
0.689198 0.286240 0.175166 0 0 0
0.690757 0.286395 0.175078 0 0 0
0.692527 0.286436 0.175041 0 0 0
0.694217 0.285725 0.175206 0 0 0
0.696272 0.286862 0.174814 0 0 0
0.698430 0.287907 0.174257 0 0 0
0.700016 0.288070 0.174155 0 0 0
0.701774 0.288129 0.174120 0 0 0
0.703711 0.287471 0.174362 0 0 0
0.705347 0.287420 0.174398 0 0 0
0.707172 0.286772 0.174753 0 0 0
0.708900 0.285918 0.175114 0 0 0
0.710670 0.285279 0.175460 0 0 0
0.712401 0.285459 0.175629 0 0 0
0.714242 0.284846 0.175884 0 0 0
0.715902 0.284894 0.175981 0 0 0
0.717676 0.284230 0.176310 0 0 0
0.719417 0.283251 0.176613 0 0 0
0.721186 0.282486 0.176712 0 0 0
0.722642 0.282534 0.176658 0 0 0
0.725099 0.283722 0.176377 0 0 0
0.726644 0.283978 0.176336 0 0 0
0.728482 0.284152 0.176266 0 0 0
0.730200 0.284196 0.176243 0 0 0
0.732011 0.283526 0.176447 0 0 0
0.733837 0.283582 0.176437 0 0 0
0.735193 0.283708 0.176386 0 0 0
0.556382 0.281678 0.175253 0 0 0
0.557816 0.281810 0.175188 0 0 0
0.559745 0.281973 0.175102 0 0 0
0.561403 0.282064 0.175058 0 0 0
0.563712 0.281379 0.175336 0 0 0
0.565390 0.281551 0.175323 0 0 0
0.567064 0.281665 0.175183 0 0 0
0.569192 0.282841 0.174753 0 0 0
0.570844 0.283023 0.174644 0 0 0
0.572720 0.283066 0.174497 0 0 0
0.574593 0.283116 0.174353 0 0 0
0.576239 0.283295 0.174247 0 0 0
0.578414 0.284486 0.173815 0 0 0
0.580060 0.284586 0.173668 0 0 0
0.581912 0.284748 0.173582 0 0 0
0.583794 0.285012 0.173544 0 0 0
0.585454 0.285230 0.173453 0 0 0
0.587468 0.286246 0.173205 0 0 0
0.589517 0.285595 0.173269 0 0 0
0.591035 0.285598 0.173257 0 0 0
0.593149 0.284807 0.173567 0 0 0
0.595038 0.284070 0.173965 0 0 0
0.597108 0.283426 0.174333 0 0 0
0.598788 0.283518 0.174298 0 0 0
0.600679 0.283663 0.174215 0 0 0
0.602349 0.283740 0.174174 0 0 0
0.604557 0.283170 0.174492 0 0 0
0.606233 0.283256 0.174454 0 0 0
0.608100 0.283423 0.174373 0 0 0
0.609956 0.283596 0.174294 0 0 0
0.611807 0.283856 0.174259 0 0 0
0.613654 0.284031 0.174187 0 0 0
0.615341 0.284113 0.174148 0 0 0
0.617378 0.283352 0.174455 0 0 0
0.619384 0.282691 0.174810 0 0 0
0.621103 0.282761 0.174774 0 0 0
0.622584 0.282872 0.174721 0 0 0
0.625089 0.281199 0.175501 0 0 0
0.626589 0.281449 0.175518 0 0 0
0.628479 0.281736 0.175493 0 0 0
0.630314 0.281922 0.175426 0 0 0
0.631995 0.281992 0.175385 0 0 0
0.634185 0.281311 0.175644 0 0 0
0.635476 0.281437 0.175679 0 0 0
0.637850 0.279636 0.176548 0 0 0
0.639446 0.278884 0.176865 0 0 0
0.641425 0.278241 0.177227 0 0 0
0.642776 0.278378 0.177297 0 0 0
0.645088 0.276716 0.178198 0 0 0
0.646699 0.275964 0.178537 0 0 0
0.648598 0.275325 0.178891 0 0 0
0.650309 0.275507 0.178930 0 0 0
0.652154 0.275782 0.178907 0 0 0
0.653972 0.275927 0.178815 0 0 0
0.655554 0.275888 0.178601 0 0 0
0.657657 0.276878 0.178002 0 0 0
0.659367 0.277847 0.177463 0 0 0
0.661763 0.280093 0.176431 0 0 0
0.662893 0.279914 0.176075 0 0 0
0.665484 0.282087 0.175237 0 0 0
0.666675 0.282124 0.175090 0 0 0
0.669061 0.283116 0.174523 0 0 0
0.670622 0.283280 0.174428 0 0 0
0.672487 0.283447 0.174344 0 0 0
0.674297 0.283618 0.174271 0 0 0
0.676160 0.283887 0.174243 0 0 0
0.677876 0.284037 0.174257 0 0 0
0.679776 0.283178 0.174511 0 0 0
0.681583 0.282419 0.174658 0 0 0
0.683319 0.282592 0.174820 0 0 0
0.685112 0.282740 0.174855 0 0 0
0.686792 0.282018 0.174852 0 0 0
0.689059 0.283049 0.174602 0 0 0
0.690628 0.283216 0.174511 0 0 0
0.692491 0.283377 0.174424 0 0 0
0.694347 0.283627 0.174379 0 0 0
0.695861 0.283703 0.174255 0 0 0
0.698307 0.284863 0.173745 0 0 0
0.699864 0.285012 0.173654 0 0 0
0.701626 0.285066 0.173625 0 0 0
0.703538 0.284433 0.173879 0 0 0
0.705171 0.284475 0.173953 0 0 0
0.707083 0.283866 0.174221 0 0 0
0.708768 0.284034 0.174368 0 0 0
0.710546 0.283411 0.174717 0 0 0
0.712362 0.282662 0.175025 0 0 0
0.713983 0.282666 0.175098 0 0 0
0.715782 0.281825 0.175366 0 0 0
0.717536 0.281168 0.175688 0 0 0
0.719314 0.281388 0.175784 0 0 0
0.721131 0.281778 0.175984 0 0 0
0.722869 0.281899 0.175894 0 0 0
0.724735 0.281831 0.175531 0 0 0
0.726528 0.281993 0.175436 0 0 0
0.728362 0.282251 0.175404 0 0 0
0.730143 0.282328 0.175409 0 0 0
0.731941 0.281797 0.175675 0 0 0
0.733706 0.281849 0.175660 0 0 0
0.735080 0.281973 0.175606 0 0 0
0.556641 0.278663 0.174724 0 0 0
0.558066 0.278783 0.174658 0 0 0
0.559969 0.278945 0.174570 0 0 0
0.561851 0.279115 0.174493 0 0 0
0.563519 0.279286 0.174485 0 0 0
0.565606 0.278530 0.174493 0 0 0
0.567529 0.279627 0.174300 0 0 0
0.569217 0.279744 0.174151 0 0 0
0.570878 0.279926 0.174040 0 0 0
0.573027 0.281129 0.173618 0 0 0
0.574660 0.281329 0.173521 0 0 0
0.576553 0.281466 0.173414 0 0 0
0.578201 0.281465 0.173220 0 0 0
0.580389 0.282634 0.172777 0 0 0
0.581830 0.282749 0.172715 0 0 0
0.584125 0.282061 0.172980 0 0 0
0.585790 0.282146 0.172938 0 0 0
0.587687 0.282290 0.172854 0 0 0
0.589350 0.282376 0.172811 0 0 0
0.591614 0.281687 0.173088 0 0 0
0.593104 0.281806 0.173138 0 0 0
0.595192 0.281173 0.173512 0 0 0
0.597244 0.280529 0.173876 0 0 0
0.598915 0.280614 0.173841 0 0 0
0.600801 0.280779 0.173761 0 0 0
0.602475 0.280865 0.173724 0 0 0
0.604682 0.280284 0.174041 0 0 0
0.606339 0.280359 0.174001 0 0 0
0.608204 0.280513 0.173918 0 0 0
0.610048 0.280669 0.173833 0 0 0
0.611912 0.280822 0.173749 0 0 0
0.613582 0.280888 0.173711 0 0 0
0.615608 0.280106 0.174015 0 0 0
0.617579 0.279473 0.174368 0 0 0
0.619284 0.279672 0.174401 0 0 0
0.621160 0.279845 0.174330 0 0 0
0.622877 0.279941 0.174317 0 0 0
0.624840 0.279422 0.174724 0 0 0
0.626849 0.278644 0.175030 0 0 0
0.628345 0.278631 0.175042 0 0 0
0.630506 0.278052 0.175357 0 0 0
0.632186 0.278117 0.175323 0 0 0
0.633874 0.278182 0.175292 0 0 0
0.635853 0.277415 0.175599 0 0 0
0.637805 0.276776 0.175947 0 0 0
0.639381 0.276891 0.176051 0 0 0
0.641302 0.276223 0.176395 0 0 0
0.642901 0.275594 0.176784 0 0 0
0.645208 0.273708 0.177445 0 0 0
0.646565 0.273952 0.177700 0 0 0
0.648490 0.273321 0.178066 0 0 0
0.650420 0.272555 0.178370 0 0 0
0.652136 0.272637 0.178354 0 0 0
0.653710 0.272807 0.178248 0 0 0
0.655775 0.273960 0.177756 0 0 0
0.657616 0.275125 0.177232 0 0 0
0.659472 0.276035 0.176579 0 0 0
0.661195 0.276874 0.175968 0 0 0
0.663508 0.279223 0.175145 0 0 0
0.664844 0.278976 0.174556 0 0 0
0.666898 0.280191 0.174226 0 0 0
0.669010 0.281363 0.173737 0 0 0
0.670608 0.281519 0.173620 0 0 0
0.672462 0.281585 0.173494 0 0 0
0.674154 0.281726 0.173497 0 0 0
0.676182 0.280949 0.173694 0 0 0
0.677878 0.281013 0.173661 0 0 0
0.679776 0.281291 0.173661 0 0 0
0.681462 0.281497 0.173830 0 0 0
0.683366 0.280809 0.173918 0 0 0
0.685151 0.280882 0.173917 0 0 0
0.686930 0.281135 0.174007 0 0 0
0.688759 0.281172 0.173746 0 0 0
0.690583 0.281350 0.173656 0 0 0
0.692414 0.281609 0.173620 0 0 0
0.694248 0.281769 0.173538 0 0 0
0.696061 0.281916 0.173450 0 0 0
0.697885 0.281960 0.173313 0 0 0
0.699728 0.282101 0.173219 0 0 0
0.701570 0.282267 0.173143 0 0 0
0.703300 0.282422 0.173162 0 0 0
0.705247 0.281807 0.173423 0 0 0
0.706594 0.281899 0.173472 0 0 0
0.708772 0.279957 0.174299 0 0 0
0.710256 0.279434 0.174594 0 0 0
0.712046 0.279597 0.174650 0 0 0
0.713890 0.279778 0.174587 0 0 0
0.715662 0.279953 0.174634 0 0 0
0.717488 0.279431 0.174921 0 0 0
0.719095 0.279364 0.174956 0 0 0
0.721010 0.278720 0.175192 0 0 0
0.722410 0.278750 0.175159 0 0 0
0.724924 0.279923 0.174660 0 0 0
0.726328 0.279963 0.174631 0 0 0
0.728131 0.279207 0.174926 0 0 0
0.729890 0.278436 0.175213 0 0 0
0.731607 0.278469 0.175189 0 0 0
0.733453 0.278659 0.175128 0 0 0
0.734814 0.278878 0.175112 0 0 0
0.556758 0.276746 0.173822 0 0 0
0.558199 0.276882 0.173762 0 0 0
0.560096 0.277049 0.173677 0 0 0
0.561943 0.277208 0.173594 0 0 0
0.563821 0.277375 0.173529 0 0 0
0.565642 0.277637 0.173616 0 0 0
0.567466 0.277684 0.173361 0 0 0
0.569344 0.277836 0.173253 0 0 0
0.571175 0.277973 0.173157 0 0 0
0.573058 0.278016 0.172994 0 0 0
0.574953 0.278063 0.172690 0 0 0
0.576558 0.278224 0.172554 0 0 0
0.578686 0.279413 0.172320 0 0 0
0.580352 0.279514 0.172179 0 0 0
0.582067 0.279582 0.172118 0 0 0
0.584250 0.278897 0.172234 0 0 0
0.585946 0.279085 0.172383 0 0 0
0.587818 0.279273 0.172337 0 0 0
0.589694 0.279555 0.172313 0 0 0
0.591373 0.279757 0.172328 0 0 0
0.593447 0.279012 0.172655 0 0 0
0.595336 0.278283 0.173062 0 0 0
0.597402 0.277621 0.173427 0 0 0
0.598879 0.277625 0.173435 0 0 0
0.601114 0.277040 0.173757 0 0 0
0.602791 0.277112 0.173713 0 0 0
0.604637 0.277187 0.173590 0 0 0
0.606460 0.277436 0.173549 0 0 0
0.608310 0.277607 0.173470 0 0 0
0.610147 0.277763 0.173386 0 0 0
0.611982 0.277923 0.173302 0 0 0
0.613847 0.278104 0.173228 0 0 0
0.615553 0.278293 0.173260 0 0 0
0.617525 0.277658 0.173616 0 0 0
0.619553 0.276878 0.173924 0 0 0
0.621042 0.276865 0.173937 0 0 0
0.623066 0.276194 0.174301 0 0 0
0.625064 0.275446 0.174621 0 0 0
0.626554 0.275533 0.174677 0 0 0
0.628732 0.274846 0.174939 0 0 0
0.630367 0.274949 0.174915 0 0 0
0.632212 0.275215 0.174886 0 0 0
0.634072 0.275396 0.174817 0 0 0
0.635773 0.275584 0.174851 0 0 0
0.637845 0.275029 0.175161 0 0 0
0.639405 0.275016 0.175201 0 0 0
0.641157 0.274447 0.175531 0 0 0
0.643446 0.272444 0.176134 0 0 0
0.644816 0.272801 0.176556 0 0 0
0.646717 0.272073 0.176767 0 0 0
0.648531 0.271326 0.177165 0 0 0
0.650450 0.270675 0.177490 0 0 0
0.652178 0.270639 0.177284 0 0 0
0.653698 0.270768 0.177153 0 0 0
0.656023 0.271892 0.176840 0 0 0
0.657197 0.271934 0.176694 0 0 0
0.659588 0.274212 0.175680 0 0 0
0.661288 0.275053 0.175089 0 0 0
0.663038 0.276026 0.174518 0 0 0
0.665351 0.278266 0.173664 0 0 0
0.666844 0.278164 0.173318 0 0 0
0.668767 0.278195 0.173117 0 0 0
0.670366 0.278245 0.172827 0 0 0
0.672552 0.279490 0.172665 0 0 0
0.674313 0.278775 0.172841 0 0 0
0.676031 0.278923 0.172855 0 0 0
0.677853 0.279099 0.172788 0 0 0
0.679671 0.279266 0.172718 0 0 0
0.681415 0.279426 0.172750 0 0 0
0.683364 0.278791 0.172997 0 0 0
0.685055 0.278954 0.173017 0 0 0
0.686901 0.279111 0.172940 0 0 0
0.688739 0.279270 0.172860 0 0 0
0.690442 0.279319 0.172828 0 0 0
0.692392 0.278670 0.173072 0 0 0
0.694098 0.278721 0.173046 0 0 0
0.695932 0.278872 0.172965 0 0 0
0.697752 0.279027 0.172882 0 0 0
0.699587 0.279177 0.172800 0 0 0
0.701297 0.279218 0.172775 0 0 0
0.703211 0.278579 0.173030 0 0 0
0.704822 0.278629 0.173109 0 0 0
0.706745 0.278123 0.173423 0 0 0
0.708419 0.278211 0.173540 0 0 0
0.710173 0.277583 0.173884 0 0 0
0.711977 0.276819 0.174188 0 0 0
0.713577 0.276734 0.174225 0 0 0
0.715484 0.276063 0.174463 0 0 0
0.717078 0.276008 0.174502 0 0 0
0.718921 0.275457 0.174772 0 0 0
0.720704 0.275533 0.174770 0 0 0
0.722209 0.275686 0.174688 0 0 0
0.724603 0.276719 0.174271 0 0 0
0.726146 0.276116 0.174465 0 0 0
0.727864 0.276184 0.174466 0 0 0
0.729710 0.276560 0.174487 0 0 0
0.731503 0.276752 0.174432 0 0 0
0.733268 0.276767 0.174417 0 0 0
0.734635 0.276167 0.174627 0 0 0
0.555081 0.274585 0.172963 0 0 0
0.556497 0.274808 0.172945 0 0 0
0.558385 0.274977 0.172861 0 0 0
0.560246 0.275025 0.172722 0 0 0
0.562077 0.275162 0.172628 0 0 0
0.563925 0.275317 0.172542 0 0 0
0.565772 0.275467 0.172455 0 0 0
0.567618 0.275631 0.172372 0 0 0
0.569464 0.275789 0.172287 0 0 0
0.571331 0.275953 0.172200 0 0 0
0.572966 0.276161 0.172110 0 0 0
0.575092 0.277376 0.171888 0 0 0
0.576700 0.277547 0.171757 0 0 0
0.578586 0.277599 0.171457 0 0 0
0.580455 0.277755 0.171351 0 0 0
0.582345 0.277924 0.171292 0 0 0
0.584043 0.278114 0.171443 0 0 0
0.586238 0.277444 0.171566 0 0 0
0.587731 0.277443 0.171555 0 0 0
0.589842 0.276648 0.171868 0 0 0
0.591723 0.275913 0.172272 0 0 0
0.593810 0.275275 0.172649 0 0 0
0.595290 0.275310 0.172663 0 0 0
0.597553 0.274731 0.172992 0 0 0
0.599015 0.274750 0.173000 0 0 0
0.601279 0.274175 0.173320 0 0 0
0.602674 0.274284 0.173264 0 0 0
0.604755 0.275293 0.172842 0 0 0
0.606729 0.274647 0.173068 0 0 0
0.608391 0.274711 0.173030 0 0 0
0.610267 0.274861 0.172949 0 0 0
0.611918 0.274933 0.172912 0 0 0
0.614115 0.274355 0.173232 0 0 0
0.615594 0.274349 0.173242 0 0 0
0.617794 0.273679 0.173519 0 0 0
0.619269 0.273775 0.173573 0 0 0
0.621444 0.273113 0.173852 0 0 0
0.623127 0.273312 0.173873 0 0 0
0.624812 0.273502 0.173893 0 0 0
0.626941 0.272850 0.174167 0 0 0
0.628622 0.273025 0.174185 0 0 0
0.630273 0.273108 0.174160 0 0 0
0.632401 0.272317 0.174369 0 0 0
0.634069 0.272473 0.174377 0 0 0
0.635760 0.272550 0.174352 0 0 0
0.637885 0.271867 0.174610 0 0 0
0.639398 0.271835 0.174610 0 0 0
0.641474 0.271184 0.174752 0 0 0
0.643049 0.271515 0.175208 0 0 0
0.644933 0.270779 0.175417 0 0 0
0.646751 0.270038 0.175825 0 0 0
0.648578 0.269292 0.176234 0 0 0
0.650229 0.268589 0.176358 0 0 0
0.652363 0.269753 0.176356 0 0 0
0.653892 0.269898 0.176229 0 0 0
0.655779 0.269941 0.175938 0 0 0
0.657362 0.270123 0.175805 0 0 0
0.659300 0.270918 0.175208 0 0 0
0.661692 0.273158 0.174183 0 0 0
0.662733 0.273056 0.174010 0 0 0
0.665114 0.275172 0.172945 0 0 0
0.667147 0.276268 0.172441 0 0 0
0.668440 0.276476 0.172350 0 0 0
0.670643 0.277492 0.172080 0 0 0
0.672443 0.276760 0.172074 0 0 0
0.674176 0.276894 0.172081 0 0 0
0.675991 0.277061 0.172011 0 0 0
0.677832 0.277209 0.171929 0 0 0
0.679527 0.277261 0.171895 0 0 0
0.681531 0.276613 0.172152 0 0 0
0.683106 0.276655 0.172216 0 0 0
0.685090 0.275888 0.172421 0 0 0
0.686781 0.275932 0.172384 0 0 0
0.688603 0.276105 0.172322 0 0 0
0.690319 0.276264 0.172348 0 0 0
0.692249 0.275644 0.172608 0 0 0
0.693950 0.275799 0.172627 0 0 0
0.695789 0.275963 0.172552 0 0 0
0.697603 0.276118 0.172469 0 0 0
0.699413 0.276277 0.172386 0 0 0
0.701252 0.276452 0.172312 0 0 0
0.702967 0.276595 0.172336 0 0 0
0.704770 0.275868 0.172657 0 0 0
0.706473 0.275109 0.173074 0 0 0
0.708172 0.274349 0.173491 0 0 0
0.709952 0.273628 0.173810 0 0 0
0.711656 0.273784 0.173838 0 0 0
0.713490 0.273975 0.173771 0 0 0
0.715315 0.274238 0.173745 0 0 0
0.717039 0.274323 0.173761 0 0 0
0.718872 0.273777 0.174028 0 0 0
0.720559 0.273828 0.174015 0 0 0
0.722361 0.273963 0.173929 0 0 0
0.724167 0.274007 0.173794 0 0 0
0.726018 0.274248 0.173754 0 0 0
0.727698 0.274296 0.173741 0 0 0
0.729530 0.273548 0.173933 0 0 0
0.731157 0.273550 0.174014 0 0 0
0.733053 0.272910 0.174248 255 0 0
0.734280 0.272930 0.174247 255 0 0
0.555339 0.271672 0.172498 0 0 0
0.556782 0.271700 0.172382 0 0 0
0.558441 0.271872 0.172265 0 0 0
0.560555 0.273081 0.171852 0 0 0
0.562182 0.273276 0.171750 0 0 0
0.564046 0.273439 0.171662 0 0 0
0.565890 0.273596 0.171577 0 0 0
0.567733 0.273752 0.171492 0 0 0
0.569576 0.273909 0.171407 0 0 0
0.571422 0.274066 0.171322 0 0 0
0.573273 0.274200 0.171229 0 0 0
0.574937 0.274181 0.171140 0 0 0
0.577021 0.273526 0.171368 0 0 0
0.578998 0.274517 0.170942 0 0 0
0.580621 0.274715 0.170837 0 0 0
0.582535 0.274880 0.170748 0 0 0
0.583990 0.274996 0.170692 0 0 0
0.586639 0.273307 0.171470 0 0 0
0.588118 0.273457 0.171444 0 0 0
0.589823 0.273661 0.171464 0 0 0
0.591893 0.273030 0.171845 0 0 0
0.593763 0.272315 0.172255 0 0 0
0.595848 0.271662 0.172632 0 0 0
0.597304 0.271673 0.172642 0 0 0
0.599557 0.270961 0.172905 0 0 0
0.601194 0.271047 0.172863 0 0 0
0.603040 0.271199 0.172780 0 0 0
0.604870 0.271343 0.172693 0 0 0
0.606701 0.271508 0.172611 0 0 0
0.608506 0.271687 0.172541 0 0 0
0.610355 0.271953 0.172513 0 0 0
0.612022 0.272042 0.172483 0 0 0
0.614178 0.271367 0.172753 0 0 0
0.615854 0.271559 0.172772 0 0 0
0.617537 0.271749 0.172791 0 0 0
0.619706 0.271090 0.173070 0 0 0
0.621187 0.271183 0.173127 0 0 0
0.623356 0.270507 0.173402 0 0 0
0.624841 0.270497 0.173416 0 0 0
0.627002 0.269807 0.173676 0 0 0
0.628645 0.269863 0.173633 0 0 0
0.630508 0.270025 0.173558 0 0 0
0.632174 0.270182 0.173559 0 0 0
0.634209 0.269408 0.173614 0 0 0
0.635893 0.269591 0.173778 0 0 0
0.637760 0.269877 0.173782 0 0 0
0.639576 0.270099 0.173761 0 0 0
0.641268 0.270371 0.173971 0 0 0
0.643185 0.269501 0.174095 0 0 0
0.644968 0.268756 0.174481 0 0 0
0.646779 0.268022 0.174891 0 0 0
0.648708 0.267268 0.175064 0 0 0
0.650328 0.267436 0.175188 0 0 0
0.652148 0.267464 0.174929 0 0 0
0.653935 0.267605 0.174843 0 0 0
0.655783 0.267885 0.174938 0 0 0
0.657405 0.267957 0.174664 0 0 0
0.659382 0.269108 0.174340 0 0 0
0.661228 0.270141 0.173756 0 0 0
0.663133 0.271318 0.173179 0 0 0
0.664953 0.272058 0.172477 0 0 0
0.667071 0.273085 0.171894 0 0 0
0.668619 0.273247 0.171795 0 0 0
0.670464 0.273397 0.171706 0 0 0
0.672287 0.273568 0.171627 0 0 0
0.674102 0.273717 0.171540 0 0 0
0.675921 0.273870 0.171456 0 0 0
0.677729 0.274048 0.171392 0 0 0
0.679435 0.274210 0.171417 0 0 0
0.681397 0.273584 0.171680 0 0 0
0.683096 0.273756 0.171704 0 0 0
0.684943 0.274036 0.171681 0 0 0
0.686748 0.274224 0.171619 0 0 0
0.688446 0.274273 0.171587 0 0 0
0.690424 0.273626 0.171839 0 0 0
0.692000 0.273667 0.171911 0 0 0
0.693940 0.273024 0.172170 0 0 0
0.695627 0.273065 0.172144 0 0 0
0.697468 0.273210 0.172067 0 0 0
0.699163 0.273256 0.172046 0 0 0
0.701082 0.272718 0.172344 0 0 0
0.702677 0.272665 0.172387 0 0 0
0.704588 0.272146 0.172691 0 0 0
0.706200 0.272116 0.172741 0 0 0
0.708110 0.271598 0.173048 0 0 0
0.709701 0.271621 0.173131 0 0 0
0.711484 0.270755 0.173393 0 0 0
0.713249 0.270079 0.173686 0 0 0
0.715032 0.270042 0.173464 0 0 0
0.716737 0.270157 0.173381 0 0 0
0.718551 0.270417 0.173492 0 0 0
0.720401 0.270502 0.173257 0 0 0
0.722115 0.270723 0.173350 0 0 0
0.723964 0.270910 0.173307 0 0 0
0.725758 0.271064 0.173226 0 0 0
0.727546 0.271256 0.173172 0 0 0
0.729281 0.271507 0.173250 0 0 0
0.731077 0.270932 0.173505 0 0 0
0.732863 0.271080 0.173538 255 0 0
0.734175 0.271230 0.173503 0 0 0
0.553774 0.268647 0.172146 255 0 0
0.554961 0.268807 0.172061 0 0 0
0.557112 0.269903 0.171591 0 0 0
0.558723 0.270073 0.171475 0 0 0
0.560594 0.270125 0.171334 0 0 0
0.562444 0.270268 0.171242 0 0 0
0.564296 0.270411 0.171149 0 0 0
0.566126 0.270473 0.171022 0 0 0
0.567959 0.270709 0.170974 0 0 0
0.569822 0.270769 0.170841 0 0 0
0.571642 0.270904 0.170746 0 0 0
0.573481 0.271061 0.170662 0 0 0
0.575331 0.271233 0.170584 0 0 0
0.577153 0.271481 0.170544 0 0 0
0.578984 0.271544 0.170416 0 0 0
0.580839 0.271686 0.170323 0 0 0
0.582673 0.271860 0.170253 0 0 0
0.584356 0.272065 0.170283 0 0 0
0.586596 0.271636 0.170673 0 0 0
0.588046 0.271666 0.170681 0 0 0
0.590162 0.270892 0.171001 0 0 0
0.592047 0.270158 0.171414 0 0 0
0.593927 0.269304 0.171770 0 0 0
0.595952 0.268635 0.172117 0 0 0
0.597610 0.268757 0.172116 0 0 0
0.599460 0.269140 0.172144 0 0 0
0.601273 0.269330 0.172079 0 0 0
0.603100 0.269485 0.171995 0 0 0
0.604925 0.269641 0.171911 0 0 0
0.606769 0.269795 0.171829 0 0 0
0.608412 0.269879 0.171789 0 0 0
0.610611 0.269175 0.172048 0 0 0
0.612272 0.269257 0.172018 0 0 0
0.613939 0.269442 0.172032 0 0 0
0.616122 0.268760 0.172307 0 0 0
0.617584 0.268746 0.172317 0 0 0
0.619786 0.268039 0.172578 0 0 0
0.621248 0.268037 0.172590 0 0 0
0.623382 0.267456 0.172891 0 0 0
0.625066 0.267556 0.172880 0 0 0
0.626880 0.267846 0.172869 0 0 0
0.628677 0.268138 0.172854 0 0 0
0.630500 0.268307 0.172777 0 0 0
0.632365 0.268468 0.172722 0 0 0
0.634044 0.268651 0.172887 0 0 0
0.636069 0.267991 0.172992 0 0 0
0.637758 0.268033 0.172947 0 0 0
0.639425 0.268090 0.172911 0 0 0
0.641543 0.267427 0.173179 0 0 0
0.643074 0.267508 0.173262 0 0 0
0.645037 0.266747 0.173578 0 0 0
0.646892 0.265993 0.173756 0 0 0
0.648570 0.266293 0.174096 0 0 0
0.650380 0.266453 0.174065 0 0 0
0.652189 0.266640 0.174012 0 0 0
0.653881 0.266795 0.174031 0 0 0
0.655650 0.266088 0.174037 0 0 0
0.657772 0.267152 0.173797 0 0 0
0.659408 0.267088 0.173407 0 0 0
0.661054 0.267041 0.173009 0 0 0
0.662936 0.268066 0.172672 0 0 0
0.665027 0.270428 0.171697 0 0 0
0.667018 0.271381 0.171143 0 0 0
0.668587 0.271540 0.171025 0 0 0
0.670450 0.271680 0.170927 0 0 0
0.672244 0.271738 0.170801 0 0 0
0.674054 0.271990 0.170763 0 0 0
0.675894 0.272154 0.170688 0 0 0
0.677577 0.272206 0.170655 0 0 0
0.679580 0.271552 0.170909 0 0 0
0.681148 0.271618 0.170983 0 0 0
0.683135 0.270964 0.171249 0 0 0
0.684687 0.270902 0.171277 0 0 0
0.686662 0.270247 0.171541 0 0 0
0.688227 0.270291 0.171616 0 0 0
0.690177 0.269677 0.171884 0 0 0
0.691867 0.269832 0.171906 0 0 0
0.693694 0.270011 0.171833 0 0 0
0.695496 0.270182 0.171753 0 0 0
0.697315 0.270332 0.171673 0 0 0
0.699016 0.270381 0.171655 0 0 0
0.700931 0.269846 0.171955 0 0 0
0.702513 0.269787 0.172002 0 0 0
0.704313 0.269149 0.172362 0 0 0
0.706106 0.268524 0.172722 0 0 0
0.707797 0.268584 0.172712 0 0 0
0.709625 0.268758 0.172645 0 0 0
0.711404 0.268916 0.172703 0 0 0
0.712911 0.268473 0.172966 0 0 0
0.715238 0.269474 0.172769 0 0 0
0.716715 0.269511 0.172711 0 0 0
0.718270 0.268966 0.172750 0 0 0
0.720550 0.269809 0.172576 0 0 0
0.722099 0.269217 0.172592 0 0 0
0.723835 0.269227 0.172560 0 0 0
0.725653 0.269375 0.172485 0 0 0
0.727353 0.269407 0.172463 0 0 0
0.729112 0.268637 0.172759 0 0 0
0.730853 0.267863 0.173046 0 0 0
0.732556 0.267935 0.173044 0 0 0
0.733910 0.268165 0.173039 0 0 0
0.554035 0.265789 0.171716 0 0 0
0.555212 0.265935 0.171628 0 0 0
0.557365 0.266886 0.171095 0 0 0
0.558990 0.267075 0.170982 0 0 0
0.560845 0.267237 0.170894 0 0 0
0.562701 0.267397 0.170806 0 0 0
0.564318 0.267600 0.170699 0 0 0
0.566268 0.268583 0.170281 0 0 0
0.568165 0.267879 0.170420 0 0 0
0.570097 0.268976 0.170057 0 0 0
0.571724 0.269175 0.169953 0 0 0
0.573581 0.269337 0.169866 0 0 0
0.575416 0.269491 0.169780 0 0 0
0.577253 0.269639 0.169692 0 0 0
0.579090 0.269803 0.169611 0 0 0
0.580944 0.269961 0.169529 0 0 0
0.582590 0.270051 0.169489 0 0 0
0.584693 0.269281 0.169809 0 0 0
0.586575 0.268538 0.170219 0 0 0
0.588466 0.267672 0.170574 0 0 0
0.590490 0.267171 0.171000 0 0 0
0.592197 0.267299 0.170997 0 0 0
0.593880 0.267501 0.171031 0 0 0
0.596084 0.266949 0.171359 0 0 0
0.597511 0.266949 0.171362 0 0 0
0.599765 0.266234 0.171626 0 0 0
0.601384 0.266303 0.171587 0 0 0
0.603227 0.266455 0.171504 0 0 0
0.605069 0.266607 0.171422 0 0 0
0.606697 0.266674 0.171384 0 0 0
0.608903 0.265965 0.171642 0 0 0
0.610532 0.266069 0.171619 0 0 0
0.612184 0.266245 0.171637 0 0 0
0.614358 0.265580 0.171915 0 0 0
0.615991 0.265774 0.171931 0 0 0
0.617846 0.265961 0.171863 0 0 0
0.619678 0.266231 0.171838 0 0 0
0.621330 0.266350 0.171837 0 0 0
0.623458 0.265772 0.172139 0 0 0
0.625097 0.265838 0.172108 0 0 0
0.626756 0.265888 0.172065 0 0 0
0.628911 0.265072 0.172265 0 0 0
0.630519 0.265148 0.172235 0 0 0
0.632371 0.265410 0.172209 0 0 0
0.634029 0.265490 0.172184 0 0 0
0.636139 0.264809 0.172440 0 0 0
0.637795 0.264859 0.172401 0 0 0
0.639453 0.264930 0.172378 0 0 0
0.641509 0.264362 0.172672 0 0 0
0.643190 0.264454 0.172665 0 0 0
0.645062 0.264733 0.172669 0 0 0
0.646700 0.264946 0.172833 0 0 0
0.648665 0.264282 0.172951 0 0 0
0.650397 0.264427 0.172968 0 0 0
0.652057 0.264399 0.172899 0 0 0
0.654085 0.263728 0.173134 0 0 0
0.655789 0.263890 0.173158 0 0 0
0.657301 0.263977 0.173034 0 0 0
0.659421 0.265251 0.172574 0 0 0
0.661435 0.266345 0.172214 0 0 0
0.662779 0.266320 0.171846 0 0 0
0.665155 0.267158 0.171182 0 0 0
0.666421 0.267309 0.171062 0 0 0
0.668856 0.268490 0.170551 0 0 0
0.670073 0.268669 0.170456 0 0 0
0.672364 0.269693 0.170014 0 0 0
0.674085 0.269081 0.170234 0 0 0
0.675793 0.269116 0.170212 0 0 0
0.677498 0.269160 0.170193 0 0 0
0.679350 0.268398 0.170499 0 0 0
0.681153 0.267764 0.170848 0 0 0
0.682877 0.267953 0.170899 0 0 0
0.684722 0.268136 0.170837 0 0 0
0.686410 0.268304 0.170861 0 0 0
0.688367 0.267673 0.171128 0 0 0
0.689924 0.267709 0.171201 0 0 0
0.691864 0.266957 0.171420 0 0 0
0.693422 0.266992 0.171495 0 0 0
0.695382 0.266329 0.171742 0 0 0
0.697029 0.266398 0.171730 0 0 0
0.698853 0.266665 0.171704 0 0 0
0.700671 0.266845 0.171633 0 0 0
0.702362 0.266905 0.171623 0 0 0
0.704159 0.266292 0.171988 0 0 0
0.705954 0.265653 0.172349 0 0 0
0.707520 0.265571 0.172395 0 0 0
0.709392 0.264935 0.172648 0 0 0
0.711105 0.265061 0.172662 0 0 0
0.712917 0.265103 0.172529 0 0 0
0.714686 0.265234 0.172440 0 0 0
0.716449 0.265414 0.172377 0 0 0
0.718279 0.265674 0.172337 0 0 0
0.720071 0.265706 0.172200 0 0 0
0.721818 0.265881 0.172132 0 0 0
0.723634 0.266151 0.172107 0 0 0
0.725337 0.266189 0.172096 0 0 0
0.727133 0.265580 0.172341 0 0 0
0.728847 0.265742 0.172377 0 0 0
0.730721 0.266027 0.172353 0 0 0
0.732026 0.266188 0.172317 0 0 0
0.554302 0.262771 0.171220 0 0 0
0.555498 0.262914 0.171117 0 0 0
0.557631 0.263871 0.170596 0 0 0
0.559245 0.264053 0.170483 0 0 0
0.561073 0.264230 0.170406 0 0 0
0.562913 0.264487 0.170370 0 0 0
0.564787 0.264547 0.170232 0 0 0
0.566370 0.264703 0.170118 0 0 0
0.568498 0.265916 0.169694 0 0 0
0.570093 0.266013 0.169549 0 0 0
0.571963 0.266160 0.169453 0 0 0
0.573792 0.266315 0.169369 0 0 0
0.575623 0.266470 0.169284 0 0 0
0.577453 0.266626 0.169200 0 0 0
0.579307 0.266779 0.169117 0 0 0
0.580939 0.266852 0.169080 0 0 0
0.583010 0.266193 0.169450 0 0 0
0.585077 0.265452 0.169778 0 0 0
0.586762 0.265675 0.169802 0 0 0
0.588255 0.265939 0.169826 0 0 0
0.590692 0.264162 0.170683 0 0 0
0.592561 0.263469 0.170976 0 0 0
0.594004 0.263560 0.171033 0 0 0
0.596272 0.262872 0.171306 0 0 0
0.597870 0.262972 0.171279 0 0 0
0.599708 0.263254 0.171255 0 0 0
0.601533 0.263428 0.171179 0 0 0
0.603346 0.263582 0.171096 0 0 0
0.605160 0.263737 0.171012 0 0 0
0.606986 0.263907 0.170935 0 0 0
0.608821 0.264177 0.170909 0 0 0
0.610431 0.264283 0.170885 0 0 0
0.612652 0.263594 0.171155 0 0 0
0.614091 0.263694 0.171212 0 0 0
0.616271 0.263013 0.171488 0 0 0
0.617913 0.263073 0.171454 0 0 0
0.619558 0.263129 0.171420 0 0 0
0.621722 0.262424 0.171675 0 0 0
0.623349 0.262501 0.171638 0 0 0
0.625172 0.262654 0.171557 0 0 0
0.626991 0.262823 0.171480 0 0 0
0.628799 0.263117 0.171470 0 0 0
0.630414 0.263316 0.171497 0 0 0
0.632561 0.262505 0.171699 0 0 0
0.634201 0.262569 0.171661 0 0 0
0.636006 0.262859 0.171649 0 0 0
0.637809 0.263154 0.171640 0 0 0
0.639498 0.263247 0.171634 0 0 0
0.641552 0.262683 0.171930 0 0 0
0.643183 0.262757 0.171906 0 0 0
0.645019 0.262892 0.171824 0 0 0
0.646701 0.262947 0.171807 0 0 0
0.648645 0.262128 0.172077 0 0 0
0.650287 0.261307 0.172095 0 0 0
0.652336 0.262314 0.172007 0 0 0
0.654078 0.261700 0.172043 0 0 0
0.655752 0.261770 0.172009 0 0 0
0.657578 0.261914 0.171920 0 0 0
0.659136 0.261978 0.171753 0 0 0
0.661183 0.263086 0.171439 0 0 0
0.663028 0.264408 0.170983 0 0 0
0.665102 0.265447 0.170427 0 0 0
0.666651 0.265585 0.170300 0 0 0
0.668495 0.265495 0.170095 0 0 0
0.670300 0.265610 0.169992 0 0 0
0.672104 0.265751 0.169907 0 0 0
0.673913 0.265914 0.169825 0 0 0
0.675719 0.266068 0.169741 0 0 0
0.677506 0.266266 0.169687 0 0 0
0.679249 0.266576 0.169794 0 0 0
0.681059 0.265948 0.170149 0 0 0
0.682905 0.265072 0.170415 0 0 0
0.684448 0.265109 0.170490 0 0 0
0.686409 0.264476 0.170758 0 0 0
0.688085 0.264646 0.170784 0 0 0
0.689926 0.264828 0.170720 0 0 0
0.691610 0.264994 0.170746 0 0 0
0.693531 0.264377 0.171009 0 0 0
0.695221 0.264528 0.171041 0 0 0
0.696887 0.264603 0.171035 0 0 0
0.698826 0.263930 0.171276 0 0 0
0.700375 0.263845 0.171315 0 0 0
0.702188 0.263072 0.171626 0 0 0
0.703918 0.262459 0.171972 0 0 0
0.705646 0.262642 0.172032 0 0 0
0.707474 0.262820 0.171970 0 0 0
0.709190 0.262952 0.172004 0 0 0
0.710697 0.262400 0.172220 0 0 0
0.713080 0.263436 0.171805 0 0 0
0.714569 0.263571 0.171717 0 0 0
0.716312 0.263593 0.171693 0 0 0
0.717848 0.262990 0.171884 0 0 0
0.720237 0.264028 0.171478 0 0 0
0.721614 0.264068 0.171446 0 0 0
0.723485 0.263422 0.171673 0 0 0
0.725188 0.263456 0.171665 0 0 0
0.726900 0.263581 0.171694 0 0 0
0.728706 0.262829 0.171877 0 0 0
0.730452 0.262848 0.171845 255 0 0
0.731750 0.262968 0.171796 0 0 0
0.552519 0.259814 0.170861 0 0 0
0.554237 0.260963 0.170480 0 0 0
0.555621 0.261212 0.170352 0 0 0
0.557725 0.262166 0.169830 0 0 0
0.559385 0.262352 0.169705 0 0 0
0.561031 0.262448 0.169659 0 0 0
0.563130 0.261809 0.169888 0 0 0
0.565044 0.262790 0.169476 0 0 0
0.566644 0.262968 0.169359 0 0 0
0.568505 0.263011 0.169215 0 0 0
0.570345 0.263143 0.169121 0 0 0
0.572166 0.263308 0.169039 0 0 0
0.573993 0.263465 0.168955 0 0 0
0.575820 0.263618 0.168870 0 0 0
0.577644 0.263762 0.168785 0 0 0
0.579489 0.263926 0.168704 0 0 0
0.581122 0.264016 0.168669 0 0 0
0.583410 0.263455 0.169011 0 0 0
0.584830 0.263570 0.169066 0 0 0
0.586914 0.262813 0.169399 0 0 0
0.588799 0.262102 0.169823 0 0 0
0.590878 0.261481 0.170213 0 0 0
0.592297 0.261595 0.170272 0 0 0
0.594549 0.260926 0.170560 0 0 0
0.596179 0.261117 0.170579 0 0 0
0.597799 0.261213 0.170554 0 0 0
0.600026 0.260497 0.170814 0 0 0
0.601632 0.260564 0.170776 0 0 0
0.603465 0.260715 0.170695 0 0 0
0.605275 0.260869 0.170611 0 0 0
0.607107 0.261019 0.170530 0 0 0
0.608722 0.261082 0.170493 0 0 0
0.610942 0.260364 0.170752 0 0 0
0.612355 0.260372 0.170764 0 0 0
0.614523 0.259931 0.171138 0 0 0
0.616200 0.259911 0.171071 0 0 0
0.617973 0.260068 0.170997 0 0 0
0.619795 0.260359 0.170976 0 0 0
0.621615 0.260647 0.170955 0 0 0
0.623393 0.260823 0.170887 0 0 0
0.625200 0.260976 0.170804 0 0 0
0.627023 0.261123 0.170721 0 0 0
0.628652 0.261174 0.170678 0 0 0
0.630805 0.260374 0.170885 0 0 0
0.632411 0.260569 0.170912 0 0 0
0.634232 0.260849 0.170899 0 0 0
0.635876 0.260909 0.170863 0 0 0
0.637991 0.260110 0.171076 0 0 0
0.639461 0.260188 0.171140 0 0 0
0.641577 0.259508 0.171401 0 0 0
0.643206 0.259569 0.171366 0 0 0
0.645023 0.259717 0.171285 0 0 0
0.646798 0.259910 0.171226 0 0 0
0.648656 0.260327 0.171286 0 0 0
0.650377 0.260609 0.171409 0 0 0
0.652200 0.260668 0.171167 0 0 0
0.654026 0.260912 0.171258 0 0 0
0.655782 0.261063 0.171207 0 0 0
0.657597 0.261219 0.171128 0 0 0
0.659329 0.261357 0.171023 0 0 0
0.661192 0.261384 0.170699 0 0 0
0.662730 0.261310 0.170473 0 0 0
0.665124 0.262409 0.169934 0 0 0
0.666353 0.262461 0.169781 0 0 0
0.668724 0.263757 0.169336 0 0 0
0.670235 0.263922 0.169247 0 0 0
0.672066 0.264084 0.169162 0 0 0
0.673869 0.264236 0.169079 0 0 0
0.675714 0.264392 0.168995 0 0 0
0.677128 0.264504 0.168949 0 0 0
0.679507 0.262815 0.169752 0 0 0
0.680925 0.262940 0.169717 0 0 0
0.682648 0.263116 0.169744 0 0 0
0.684610 0.262493 0.170014 0 0 0
0.686153 0.262548 0.170095 0 0 0
0.688113 0.261898 0.170360 0 0 0
0.689644 0.261827 0.170394 0 0 0
0.691604 0.261161 0.170641 0 0 0
0.693283 0.261205 0.170616 0 0 0
0.694979 0.261218 0.170578 0 0 0
0.696828 0.260587 0.170672 0 0 0
0.698476 0.260772 0.170862 0 0 0
0.700349 0.261088 0.170886 0 0 0
0.702078 0.261276 0.170953 0 0 0
0.703800 0.260646 0.171294 0 0 0
0.705603 0.259749 0.171542 0 0 0
0.707246 0.259799 0.171537 0 0 0
0.708953 0.259947 0.171577 0 0 0
0.710860 0.259306 0.171808 0 0 0
0.712219 0.259334 0.171758 0 0 0
0.714685 0.260387 0.171222 0 0 0
0.716077 0.260531 0.171255 0 0 0
0.717651 0.259957 0.171457 0 0 0
0.719923 0.260821 0.171126 0 0 0
0.721432 0.260257 0.171334 0 0 0
0.723151 0.260395 0.171370 0 0 0
0.724948 0.260562 0.171299 0 0 0
0.726734 0.260727 0.171223 0 0 0
0.728525 0.261004 0.171195 0 0 0
0.730334 0.261206 0.171133 255 0 0
0.731640 0.261330 0.171079 0 0 0
0.551011 0.256788 0.170496 255 0 0
0.552652 0.257772 0.170079 0 0 0
0.554283 0.257883 0.169913 0 0 0
0.555919 0.258065 0.169795 0 0 0
0.558035 0.259147 0.169329 0 0 0
0.559411 0.259260 0.169260 0 0 0
0.561767 0.258541 0.169524 0 0 0
0.563363 0.258633 0.169481 0 0 0
0.565204 0.258773 0.169395 0 0 0
0.567046 0.258932 0.169308 0 0 0
0.568650 0.259128 0.169203 0 0 0
0.570578 0.260116 0.168793 0 0 0
0.572647 0.259470 0.169018 0 0 0
0.574296 0.259552 0.168973 0 0 0
0.575895 0.259757 0.168880 0 0 0
0.577869 0.260759 0.168463 0 0 0
0.579907 0.260249 0.168755 0 0 0
0.581552 0.260323 0.168721 0 0 0
0.583191 0.260417 0.168691 0 0 0
0.585269 0.259756 0.169073 0 0 0
0.587125 0.259046 0.169493 0 0 0
0.589208 0.258414 0.169880 0 0 0
0.590624 0.258427 0.169897 0 0 0
0.592894 0.257853 0.170232 0 0 0
0.594302 0.257863 0.170245 0 0 0
0.596533 0.257174 0.170525 0 0 0
0.598138 0.257363 0.170540 0 0 0
0.599979 0.257545 0.170467 0 0 0
0.601779 0.257701 0.170385 0 0 0
0.603584 0.257854 0.170302 0 0 0
0.605389 0.258007 0.170219 0 0 0
0.607189 0.258165 0.170137 0 0 0
0.609006 0.258348 0.170062 0 0 0
0.610859 0.258627 0.170037 0 0 0
0.612271 0.258775 0.170020 0 0 0
0.614596 0.256967 0.170700 0 0 0
0.616470 0.258171 0.170337 0 0 0
0.617844 0.258269 0.170278 0 0 0
0.620042 0.257427 0.170466 0 0 0
0.621655 0.257488 0.170426 0 0 0
0.623473 0.257640 0.170346 0 0 0
0.625272 0.257804 0.170268 0 0 0
0.627071 0.257959 0.170186 0 0 0
0.628882 0.258124 0.170108 0 0 0
0.630704 0.258382 0.170078 0 0 0
0.632298 0.258465 0.170056 0 0 0
0.634394 0.257774 0.170300 0 0 0
0.636056 0.257880 0.170306 0 0 0
0.637714 0.258170 0.170383 0 0 0
0.639798 0.257546 0.170666 0 0 0
0.641436 0.257725 0.170692 0 0 0
0.643224 0.257902 0.170629 0 0 0
0.645036 0.258054 0.170550 0 0 0
0.646672 0.258114 0.170519 0 0 0
0.648624 0.257309 0.170828 0 0 0
0.650254 0.256581 0.171094 0 0 0
0.652437 0.257597 0.170672 0 0 0
0.653939 0.257772 0.170578 0 0 0
0.655763 0.257930 0.170492 0 0 0
0.657552 0.258081 0.170409 0 0 0
0.659396 0.258222 0.170312 0 0 0
0.660895 0.258276 0.170170 0 0 0
0.663258 0.259510 0.169697 0 0 0
0.664479 0.259464 0.169501 0 0 0
0.666843 0.260716 0.169034 0 0 0
0.668351 0.260758 0.168887 0 0 0
0.670201 0.260897 0.168789 0 0 0
0.671996 0.261049 0.168706 0 0 0
0.673811 0.261196 0.168626 0 0 0
0.675469 0.261242 0.168608 0 0 0
0.677327 0.260631 0.168981 0 0 0
0.679192 0.260015 0.169356 0 0 0
0.680710 0.259958 0.169397 0 0 0
0.682694 0.259414 0.169710 0 0 0
0.684226 0.259370 0.169750 0 0 0
0.686196 0.258694 0.169994 0 0 0
0.687850 0.258747 0.169967 0 0 0
0.689658 0.258913 0.169894 0 0 0
0.691456 0.259188 0.169868 0 0 0
0.693188 0.259400 0.169824 0 0 0
0.695041 0.259699 0.169838 0 0 0
0.696728 0.259856 0.170017 0 0 0
0.698449 0.259116 0.170159 0 0 0
0.700308 0.258174 0.170390 0 0 0
0.701840 0.258110 0.170433 0 0 0
0.703681 0.257614 0.170736 0 0 0
0.705431 0.257910 0.170850 0 0 0
0.707084 0.257989 0.170856 0 0 0
0.708962 0.257354 0.171096 0 0 0
0.710681 0.257514 0.171129 0 0 0
0.712113 0.257707 0.171071 0 0 0
0.714477 0.258568 0.170579 0 0 0
0.716043 0.257980 0.170767 0 0 0
0.717733 0.258094 0.170798 0 0 0
0.719514 0.258152 0.170690 0 0 0
0.721229 0.258275 0.170710 0 0 0
0.723019 0.257668 0.170955 0 0 0
0.724701 0.257698 0.170943 0 0 0
0.726503 0.257836 0.170869 0 0 0
0.728179 0.257854 0.170855 0 0 0
0.730053 0.257211 0.171082 0 0 0
0.731221 0.257205 0.171079 0 0 0
0.551117 0.254964 0.169685 0 0 0
0.552744 0.255966 0.169279 0 0 0
0.554408 0.256180 0.169142 0 0 0
0.556222 0.256316 0.169043 0 0 0
0.558049 0.256354 0.168904 0 0 0
0.559892 0.256511 0.168819 0 0 0
0.561701 0.256787 0.168793 0 0 0
0.563493 0.256975 0.168725 0 0 0
0.565312 0.257132 0.168642 0 0 0
0.567129 0.257287 0.168559 0 0 0
0.568923 0.257418 0.168464 0 0 0
0.570764 0.257470 0.168328 0 0 0
0.572593 0.257730 0.168295 0 0 0
0.574409 0.257901 0.168225 0 0 0
0.576000 0.257963 0.168174 0 0 0
0.578304 0.257242 0.168446 0 0 0
0.579919 0.257339 0.168411 0 0 0
0.581543 0.257417 0.168376 0 0 0
0.583833 0.256832 0.168713 0 0 0
0.585239 0.256849 0.168728 0 0 0
0.587307 0.256213 0.169111 0 0 0
0.589366 0.255578 0.169492 0 0 0
0.590788 0.255587 0.169512 0 0 0
0.593018 0.255022 0.169843 0 0 0
0.594659 0.255117 0.169821 0 0 0
0.596282 0.255299 0.169836 0 0 0
0.598495 0.254463 0.170043 0 0 0
0.600069 0.254555 0.170016 0 0 0
0.601892 0.254829 0.169993 0 0 0
0.603705 0.254999 0.169917 0 0 0
0.605525 0.255149 0.169836 0 0 0
0.607125 0.255211 0.169801 0 0 0
0.609319 0.254495 0.170058 0 0 0
0.610924 0.254561 0.170019 0 0 0
0.612728 0.254752 0.169960 0 0 0
0.614523 0.255149 0.169987 0 0 0
0.616303 0.255219 0.169867 0 0 0
0.618134 0.255370 0.169781 0 0 0
0.619932 0.255644 0.169754 0 0 0
0.621701 0.255821 0.169687 0 0 0
0.623518 0.255956 0.169594 0 0 0
0.625322 0.255983 0.169452 0 0 0
0.627105 0.256114 0.169359 0 0 0
0.628881 0.256292 0.169291 0 0 0
0.630697 0.256554 0.169265 0 0 0
0.632372 0.256642 0.169256 0 0 0
0.634457 0.255970 0.169516 0 0 0
0.635900 0.256053 0.169582 0 0 0
0.637888 0.255165 0.169851 0 0 0
0.639782 0.254520 0.170195 0 0 0
0.641444 0.254579 0.170183 0 0 0
0.643267 0.254711 0.170102 0 0 0
0.644908 0.254745 0.170058 0 0 0
0.646893 0.254102 0.170161 0 0 0
0.648528 0.254312 0.170356 0 0 0
0.650385 0.254701 0.170406 0 0 0
0.652165 0.254639 0.170228 0 0 0
0.653953 0.254751 0.170125 0 0 0
0.655740 0.254899 0.170040 0 0 0
0.657570 0.255056 0.169927 0 0 0
0.659142 0.255129 0.169617 0 0 0
0.661388 0.256350 0.169344 0 0 0
0.662614 0.256434 0.169208 0 0 0
0.664992 0.257700 0.168746 0 0 0
0.666492 0.257742 0.168600 0 0 0
0.668336 0.257882 0.168503 0 0 0
0.670126 0.258032 0.168420 0 0 0
0.671918 0.258184 0.168337 0 0 0
0.673759 0.258338 0.168255 0 0 0
0.675143 0.258438 0.168211 0 0 0
0.677470 0.256774 0.169015 0 0 0
0.678918 0.257019 0.169048 0 0 0
0.680633 0.257110 0.169043 0 0 0
0.682578 0.256583 0.169349 0 0 0
0.684232 0.256644 0.169335 0 0 0
0.686045 0.256914 0.169311 0 0 0
0.687800 0.257094 0.169248 0 0 0
0.689585 0.257243 0.169165 0 0 0
0.691384 0.257378 0.169081 0 0 0
0.693043 0.257407 0.169049 0 0 0
0.694969 0.256639 0.169253 0 0 0
0.696518 0.256678 0.169338 0 0 0
0.698423 0.256080 0.169611 0 0 0
0.700112 0.256359 0.169699 0 0 0
0.701814 0.256469 0.169736 0 0 0
0.703572 0.255807 0.170069 0 0 0
0.705344 0.255047 0.170379 0 0 0
0.706903 0.254968 0.170432 0 0 0
0.708784 0.254320 0.170674 0 0 0
0.710437 0.254350 0.170650 0 0 0
0.712227 0.254490 0.170570 0 0 0
0.713964 0.254650 0.170502 0 0 0
0.715755 0.254931 0.170476 0 0 0
0.717530 0.255102 0.170402 0 0 0
0.719313 0.255248 0.170325 0 0 0
0.720990 0.255277 0.170312 0 0 0
0.722811 0.254630 0.170539 0 0 0
0.724476 0.254657 0.170517 0 0 0
0.726222 0.254835 0.170460 0 0 0
0.728052 0.255100 0.170424 0 0 0
0.729847 0.255303 0.170363 0 0 0
0.731116 0.255576 0.170379 0 0 0
0.551450 0.253024 0.168872 0 0 0
0.552811 0.253042 0.168763 0 0 0
0.554693 0.253183 0.168667 0 0 0
0.556502 0.253336 0.168584 0 0 0
0.558312 0.253491 0.168500 0 0 0
0.560145 0.253646 0.168419 0 0 0
0.561726 0.253736 0.168382 0 0 0
0.564048 0.253152 0.168720 0 0 0
0.565624 0.253229 0.168681 0 0 0
0.567458 0.253381 0.168599 0 0 0
0.569289 0.253535 0.168518 0 0 0
0.570890 0.253620 0.168485 0 0 0
0.572958 0.253122 0.168772 0 0 0
0.574887 0.253945 0.168297 0 0 0
0.576494 0.254142 0.168189 0 0 0
0.578109 0.254235 0.168150 0 0 0
0.580366 0.253667 0.168484 0 0 0
0.581969 0.253751 0.168451 0 0 0
0.583816 0.253919 0.168374 0 0 0
0.585427 0.254014 0.168348 0 0 0
0.587483 0.253371 0.168729 0 0 0
0.589524 0.252604 0.169056 0 0 0
0.590929 0.252717 0.169121 0 0 0
0.593170 0.252172 0.169462 0 0 0
0.594768 0.252254 0.169432 0 0 0
0.596598 0.252424 0.169359 0 0 0
0.598419 0.252712 0.169338 0 0 0
0.599995 0.252807 0.169314 0 0 0
0.602211 0.252093 0.169575 0 0 0
0.603797 0.252156 0.169539 0 0 0
0.605613 0.252306 0.169459 0 0 0
0.607420 0.252475 0.169383 0 0 0
0.609215 0.252755 0.169359 0 0 0
0.611004 0.252943 0.169297 0 0 0
0.612614 0.253007 0.169258 0 0 0
0.614791 0.252296 0.169516 0 0 0
0.616384 0.252357 0.169482 0 0 0
0.618198 0.252506 0.169402 0 0 0
0.619990 0.252657 0.169319 0 0 0
0.621809 0.252814 0.169232 0 0 0
0.623335 0.252981 0.169130 0 0 0
0.625586 0.254102 0.168638 0 0 0
0.627130 0.254270 0.168544 0 0 0
0.628774 0.254334 0.168503 0 0 0
0.630887 0.253547 0.168720 0 0 0
0.632530 0.253722 0.168741 0 0 0
0.634181 0.253896 0.168764 0 0 0
0.636300 0.253123 0.168992 0 0 0
0.637801 0.253203 0.169063 0 0 0
0.639791 0.252532 0.169176 0 0 0
0.641399 0.252748 0.169354 0 0 0
0.643240 0.253051 0.169368 0 0 0
0.645083 0.253243 0.169332 0 0 0
0.646740 0.253407 0.169506 0 0 0
0.648589 0.252652 0.169658 0 0 0
0.650247 0.251759 0.169850 0 0 0
0.652404 0.252927 0.169499 0 0 0
0.653909 0.253100 0.169407 0 0 0
0.655751 0.253263 0.169318 0 0 0
0.657255 0.253450 0.169236 0 0 0
0.659490 0.254521 0.168900 0 0 0
0.661087 0.254550 0.168567 0 0 0
0.662910 0.254563 0.168387 0 0 0
0.664681 0.254565 0.168234 0 0 0
0.666493 0.254700 0.168142 0 0 0
0.668248 0.254881 0.168078 0 0 0
0.670044 0.255158 0.168052 0 0 0
0.671841 0.255324 0.167976 0 0 0
0.673634 0.255478 0.167899 0 0 0
0.675339 0.255555 0.167907 0 0 0
0.677146 0.255051 0.168324 0 0 0
0.678848 0.254178 0.168691 0 0 0
0.680674 0.253425 0.169016 0 0 0
0.682325 0.253595 0.169049 0 0 0
0.684129 0.253764 0.168978 0 0 0
0.685906 0.253914 0.168896 0 0 0
0.687685 0.254065 0.168814 0 0 0
0.689463 0.254216 0.168732 0 0 0
0.691241 0.254367 0.168651 0 0 0
0.693045 0.254530 0.168578 0 0 0
0.694709 0.254687 0.168608 0 0 0
0.696611 0.254075 0.168875 0 0 0
0.698159 0.254111 0.168968 0 0 0
0.699934 0.253364 0.169291 0 0 0
0.701755 0.252590 0.169604 0 0 0
0.703278 0.252529 0.169653 0 0 0
0.705124 0.251995 0.169932 0 0 0
0.706830 0.252077 0.169946 0 0 0
0.708621 0.252339 0.169922 0 0 0
0.710363 0.252521 0.169860 0 0 0
0.712121 0.252702 0.169804 0 0 0
0.713791 0.252856 0.169836 0 0 0
0.715638 0.252222 0.170072 0 0 0
0.717301 0.252254 0.170060 0 0 0
0.719079 0.252398 0.169983 0 0 0
0.720854 0.252564 0.169907 0 0 0
0.722635 0.252838 0.169881 0 0 0
0.724382 0.253015 0.169824 0 0 0
0.726077 0.253014 0.169803 0 0 0
0.727592 0.252281 0.169932 0 0 0
0.729550 0.253427 0.169616 0 0 0
0.551746 0.250073 0.168428 0 0 0
0.553087 0.250186 0.168366 0 0 0
0.554950 0.250345 0.168280 0 0 0
0.556753 0.250501 0.168198 0 0 0
0.558583 0.250667 0.168118 0 0 0
0.560157 0.250746 0.168080 0 0 0
0.562482 0.250162 0.168419 0 0 0
0.564049 0.250252 0.168383 0 0 0
0.565876 0.250406 0.168302 0 0 0
0.567704 0.250557 0.168220 0 0 0
0.569279 0.250628 0.168181 0 0 0
0.571605 0.249908 0.168444 0 0 0
0.572946 0.250032 0.168385 0 0 0
0.575093 0.251136 0.167917 0 0 0
0.576688 0.251318 0.167810 0 0 0
0.578309 0.251402 0.167772 0 0 0
0.580548 0.250712 0.168050 0 0 0
0.582158 0.250905 0.168068 0 0 0
0.583780 0.250992 0.168042 0 0 0
0.586018 0.250426 0.168376 0 0 0
0.587647 0.250540 0.168357 0 0 0
0.589266 0.250742 0.168381 0 0 0
0.591307 0.249984 0.168715 0 0 0
0.593313 0.249341 0.169087 0 0 0
0.594938 0.249412 0.169062 0 0 0
0.596541 0.249472 0.169029 0 0 0
0.598765 0.248752 0.169290 0 0 0
0.600351 0.248821 0.169251 0 0 0
0.602162 0.248984 0.169172 0 0 0
0.603949 0.249139 0.169091 0 0 0
0.605741 0.249291 0.169008 0 0 0
0.607526 0.249468 0.168945 0 0 0
0.609117 0.249649 0.168967 0 0 0
0.611313 0.248953 0.169234 0 0 0
0.612906 0.249020 0.169196 0 0 0
0.614713 0.249182 0.169118 0 0 0
0.616498 0.249338 0.169037 0 0 0
0.618284 0.249490 0.168955 0 0 0
0.620071 0.249641 0.168872 0 0 0
0.621883 0.249797 0.168785 0 0 0
0.623425 0.249967 0.168669 0 0 0
0.625656 0.250944 0.168127 0 0 0
0.627176 0.251109 0.168024 0 0 0
0.629022 0.251280 0.167947 0 0 0
0.630655 0.251442 0.167955 0 0 0
0.632666 0.250679 0.168013 0 0 0
0.634320 0.250864 0.168189 0 0 0
0.636163 0.251148 0.168197 0 0 0
0.637947 0.251363 0.168177 0 0 0
0.639611 0.251647 0.168396 0 0 0
0.641455 0.250922 0.168567 0 0 0
0.643418 0.250019 0.168827 0 0 0
0.644861 0.250078 0.168898 0 0 0
0.646936 0.249427 0.169177 0 0 0
0.648568 0.249632 0.169211 0 0 0
0.650362 0.249907 0.169187 0 0 0
0.652138 0.249936 0.169051 0 0 0
0.653948 0.249933 0.168895 0 0 0
0.655704 0.250061 0.168802 0 0 0
0.657515 0.250219 0.168718 0 0 0
0.659008 0.250369 0.168621 0 0 0
0.661091 0.251543 0.168105 0 0 0
0.663145 0.252715 0.167597 0 0 0
0.664642 0.252893 0.167507 0 0 0
0.666472 0.253050 0.167426 0 0 0
0.668108 0.253092 0.167392 0 0 0
0.670096 0.252294 0.167590 0 0 0
0.671752 0.252452 0.167616 0 0 0
0.673417 0.252512 0.167606 0 0 0
0.675393 0.251984 0.167921 0 0 0
0.676917 0.251970 0.167971 0 0 0
0.678905 0.251475 0.168299 0 0 0
0.680411 0.251531 0.168387 0 0 0
0.682363 0.250883 0.168651 0 0 0
0.683994 0.250918 0.168630 0 0 0
0.685786 0.251064 0.168551 0 0 0
0.687559 0.251215 0.168470 0 0 0
0.689333 0.251366 0.168388 0 0 0
0.691106 0.251516 0.168306 0 0 0
0.692895 0.251663 0.168228 0 0 0
0.694551 0.251702 0.168212 0 0 0
0.696473 0.251033 0.168455 0 0 0
0.697986 0.250980 0.168501 0 0 0
0.699865 0.250453 0.168790 0 0 0
0.701550 0.250671 0.168875 0 0 0
0.703239 0.250887 0.168960 0 0 0
0.705112 0.250346 0.169232 0 0 0
0.706719 0.250314 0.169188 0 0 0
0.708498 0.250546 0.169151 0 0 0
0.710290 0.250701 0.169077 0 0 0
0.711934 0.250719 0.169054 0 0 0
0.713738 0.249806 0.169292 0 0 0
0.715400 0.249074 0.169443 0 0 0
0.717054 0.249220 0.169615 0 0 0
0.718874 0.249384 0.169573 0 0 0
0.720631 0.249530 0.169493 0 0 0
0.722393 0.249674 0.169410 0 0 0
0.724153 0.249813 0.169325 0 0 0
0.725889 0.250013 0.169272 0 0 0
0.727731 0.250402 0.169289 0 0 0
0.728962 0.250442 0.169204 0 0 0
0.550152 0.246124 0.168526 0 0 0
0.551790 0.247132 0.168105 0 0 0
0.553385 0.247352 0.167988 0 0 0
0.555235 0.247509 0.167903 0 0 0
0.556799 0.247585 0.167865 0 0 0
0.559114 0.247008 0.168204 0 0 0
0.560689 0.247101 0.168171 0 0 0
0.562508 0.247283 0.168094 0 0 0
0.564305 0.247441 0.168012 0 0 0
0.566101 0.247594 0.167929 0 0 0
0.567896 0.247747 0.167847 0 0 0
0.569708 0.247918 0.167772 0 0 0
0.571506 0.248198 0.167749 0 0 0
0.573257 0.248346 0.167668 0 0 0
0.575070 0.248373 0.167525 0 0 0
0.576883 0.248511 0.167433 0 0 0
0.578715 0.248679 0.167360 0 0 0
0.580299 0.248870 0.167376 0 0 0
0.582567 0.248176 0.167662 0 0 0
0.583937 0.248190 0.167676 0 0 0
0.586227 0.247615 0.168017 0 0 0
0.587584 0.247601 0.168026 0 0 0
0.589855 0.246903 0.168314 0 0 0
0.591235 0.247029 0.168378 0 0 0
0.593488 0.246335 0.168653 0 0 0
0.595069 0.246408 0.168616 0 0 0
0.596862 0.246600 0.168558 0 0 0
0.598658 0.247010 0.168594 0 0 0
0.600429 0.247205 0.168535 0 0 0
0.602216 0.247355 0.168452 0 0 0
0.604003 0.247506 0.168370 0 0 0
0.605811 0.247653 0.168289 0 0 0
0.607403 0.247718 0.168251 0 0 0
0.609584 0.246919 0.168471 0 0 0
0.611176 0.247212 0.168540 0 0 0
0.612965 0.247406 0.168485 0 0 0
0.614750 0.247556 0.168402 0 0 0
0.616535 0.247707 0.168320 0 0 0
0.618318 0.247858 0.168238 0 0 0
0.620103 0.248010 0.168155 0 0 0
0.621915 0.248165 0.168069 0 0 0
0.623429 0.248328 0.167966 0 0 0
0.625659 0.249303 0.167421 0 0 0
0.627201 0.249473 0.167305 0 0 0
0.629010 0.249629 0.167219 0 0 0
0.630851 0.249787 0.167167 0 0 0
0.632497 0.249957 0.167337 0 0 0
0.634503 0.249202 0.167399 0 0 0
0.636148 0.249339 0.167401 0 0 0
0.637790 0.249396 0.167376 0 0 0
0.639778 0.248452 0.167613 0 0 0
0.641575 0.247768 0.167789 0 0 0
0.643089 0.248079 0.168127 0 0 0
0.645210 0.247477 0.168458 0 0 0
0.646665 0.247572 0.168539 0 0 0
0.648724 0.246906 0.168811 0 0 0
0.650357 0.246956 0.168781 0 0 0
0.651841 0.247122 0.168693 0 0 0
0.654172 0.248293 0.168197 0 0 0
0.655656 0.248455 0.168105 0 0 0
0.657468 0.248611 0.168020 0 0 0
0.659257 0.248728 0.167920 0 0 0
0.660725 0.248766 0.167771 0 0 0
0.663100 0.249747 0.167183 0 0 0
0.664591 0.249884 0.167081 0 0 0
0.666394 0.250043 0.166996 0 0 0
0.668204 0.250221 0.166925 0 0 0
0.669846 0.250387 0.166952 0 0 0
0.671827 0.249754 0.167223 0 0 0
0.673325 0.249696 0.167267 0 0 0
0.675175 0.249066 0.167650 0 0 0
0.676890 0.248324 0.168088 0 0 0
0.678705 0.247704 0.168463 0 0 0
0.680345 0.247751 0.168453 0 0 0
0.682128 0.247917 0.168377 0 0 0
0.683898 0.248084 0.168298 0 0 0
0.685663 0.248219 0.168214 0 0 0
0.687460 0.248348 0.168121 0 0 0
0.689194 0.248391 0.167997 0 0 0
0.690983 0.248630 0.167950 0 0 0
0.692766 0.248658 0.167813 0 0 0
0.694489 0.248839 0.167750 0 0 0
0.696302 0.249245 0.167787 0 0 0
0.697970 0.249353 0.167818 0 0 0
0.699838 0.248811 0.168101 0 0 0
0.701343 0.248735 0.168145 0 0 0
0.703218 0.247795 0.168391 0 0 0
0.704663 0.247099 0.168456 0 0 0
0.706853 0.248059 0.168357 0 0 0
0.708409 0.247377 0.168332 0 0 0
0.710047 0.247410 0.168332 0 0 0
0.711815 0.247666 0.168477 0 0 0
0.713693 0.248003 0.168533 0 0 0
0.715327 0.248170 0.168704 0 0 0
0.717051 0.247400 0.168601 0 0 0
0.718714 0.247556 0.168760 0 0 0
0.720531 0.247736 0.168722 0 0 0
0.722257 0.247918 0.168662 0 0 0
0.724041 0.248181 0.168637 0 0 0
0.725701 0.248205 0.168618 0 0 0
0.727589 0.247411 0.168784 0 0 0
0.728719 0.247401 0.168781 0 0 0
0.550466 0.244399 0.167825 0 0 0
0.551802 0.244399 0.167711 0 0 0
0.553674 0.244534 0.167614 0 0 0
0.555489 0.244687 0.167534 0 0 0
0.557061 0.244789 0.167502 0 0 0
0.559402 0.244211 0.167846 0 0 0
0.560719 0.244213 0.167851 0 0 0
0.563048 0.243633 0.168193 0 0 0
0.564616 0.243718 0.168161 0 0 0
0.566430 0.243869 0.168081 0 0 0
0.568219 0.244021 0.167998 0 0 0
0.570008 0.244172 0.167916 0 0 0
0.571797 0.244324 0.167834 0 0 0
0.573584 0.244475 0.167751 0 0 0
0.575392 0.244610 0.167659 0 0 0
0.577198 0.244631 0.167513 0 0 0
0.578938 0.244780 0.167434 0 0 0
0.580756 0.245065 0.167416 0 0 0
0.582337 0.245163 0.167389 0 0 0
0.584597 0.244444 0.167654 0 0 0
0.586141 0.244557 0.167634 0 0 0
0.587988 0.244857 0.167623 0 0 0
0.589581 0.245068 0.167651 0 0 0
0.591790 0.244406 0.167938 0 0 0
0.593375 0.244602 0.167964 0 0 0
0.595176 0.244773 0.167902 0 0 0
0.596757 0.244835 0.167861 0 0 0
0.598982 0.243964 0.168052 0 0 0
0.600556 0.244029 0.168012 0 0 0
0.602360 0.244176 0.167932 0 0 0
0.604141 0.244327 0.167850 0 0 0
0.605921 0.244479 0.167768 0 0 0
0.607734 0.244647 0.167696 0 0 0
0.609339 0.244812 0.167702 0 0 0
0.611402 0.244044 0.167761 0 0 0
0.613028 0.244204 0.167928 0 0 0
0.614859 0.244371 0.167882 0 0 0
0.616636 0.244524 0.167803 0 0 0
0.618414 0.244676 0.167721 0 0 0
0.620193 0.244827 0.167639 0 0 0
0.621999 0.244985 0.167554 0 0 0
0.623506 0.245152 0.167457 0 0 0
0.625766 0.246271 0.166959 0 0 0
0.627288 0.246312 0.166798 0 0 0
0.629075 0.246443 0.166701 0 0 0
0.630858 0.246596 0.166619 0 0 0
0.632671 0.246762 0.166547 0 0 0
0.634265 0.246938 0.166571 0 0 0
0.636322 0.246268 0.166827 0 0 0
0.637941 0.246386 0.166842 0 0 0
0.639832 0.246825 0.166920 0 0 0
0.641242 0.247077 0.167104 0 0 0
0.643511 0.245153 0.167765 0 0 0
0.645010 0.244378 0.168086 0 0 0
0.646883 0.243736 0.168459 0 0 0
0.648532 0.243947 0.168519 0 0 0
0.650328 0.244134 0.168453 0 0 0
0.652097 0.244280 0.168371 0 0 0
0.653865 0.244398 0.168285 0 0 0
0.655665 0.244547 0.168199 0 0 0
0.657143 0.244701 0.168099 0 0 0
0.659483 0.245703 0.167526 0 0 0
0.660997 0.245854 0.167417 0 0 0
0.662504 0.245874 0.167260 0 0 0
0.664864 0.247018 0.166753 0 0 0
0.666169 0.247080 0.166726 0 0 0
0.668052 0.246450 0.167099 0 0 0
0.669896 0.245853 0.167479 0 0 0
0.671549 0.245913 0.167472 0 0 0
0.673189 0.245954 0.167459 0 0 0
0.675169 0.245440 0.167778 0 0 0
0.676661 0.245416 0.167829 0 0 0
0.678618 0.244913 0.168144 0 0 0
0.680256 0.244948 0.168132 0 0 0
0.681922 0.244948 0.168118 0 0 0
0.683559 0.244313 0.168319 0 0 0
0.685887 0.245333 0.167873 0 0 0
0.687025 0.245381 0.167727 0 0 0
0.689336 0.246534 0.167360 0 0 0
0.690644 0.245854 0.167478 0 0 0
0.692965 0.247006 0.167127 0 0 0
0.694290 0.247042 0.167087 0 0 0
0.696263 0.246234 0.167269 0 0 0
0.697800 0.246140 0.167289 0 0 0
0.699662 0.245512 0.167345 0 0 0
0.701279 0.245577 0.167357 0 0 0
0.703083 0.246007 0.167609 0 0 0
0.704810 0.246396 0.167806 0 0 0
0.706602 0.246375 0.167534 0 0 0
0.708390 0.246733 0.167699 0 0 0
0.710019 0.246788 0.167706 0 0 0
0.711854 0.246038 0.167698 0 0 0
0.713476 0.246068 0.167673 0 0 0
0.715320 0.246340 0.167686 0 0 0
0.716983 0.246497 0.167860 0 0 0
0.718757 0.245749 0.167897 0 0 0
0.720432 0.245748 0.167864 0 0 0
0.722075 0.245769 0.167852 0 0 0
0.723860 0.245119 0.168066 0 0 0
0.725566 0.245179 0.168080 0 0 0
0.727374 0.245497 0.168082 0 0 0
0.728617 0.245763 0.168098 0 0 0
0.550760 0.241252 0.167308 0 0 0
0.552081 0.241406 0.167267 0 0 0
0.553948 0.241690 0.167244 0 0 0
0.555513 0.241784 0.167215 0 0 0
0.557828 0.241215 0.167558 0 0 0
0.559410 0.241317 0.167530 0 0 0
0.560998 0.241420 0.167503 0 0 0
0.563300 0.240849 0.167843 0 0 0
0.564844 0.240922 0.167808 0 0 0
0.566655 0.241071 0.167727 0 0 0
0.568439 0.241223 0.167645 0 0 0
0.570223 0.241374 0.167563 0 0 0
0.572007 0.241525 0.167480 0 0 0
0.573817 0.241684 0.167394 0 0 0
0.575344 0.241874 0.167291 0 0 0
0.577505 0.242985 0.166819 0 0 0
0.578833 0.243092 0.166759 0 0 0
0.581126 0.242373 0.167022 0 0 0
0.582697 0.242456 0.166993 0 0 0
0.584529 0.242732 0.166975 0 0 0
0.586075 0.242822 0.166949 0 0 0
0.588330 0.241972 0.167163 0 0 0
0.589693 0.242083 0.167226 0 0 0
0.591952 0.241389 0.167503 0 0 0
0.593495 0.241495 0.167486 0 0 0
0.595297 0.241764 0.167462 0 0 0
0.597104 0.241952 0.167394 0 0 0
0.598882 0.242235 0.167372 0 0 0
0.600634 0.242412 0.167307 0 0 0
0.602416 0.242563 0.167225 0 0 0
0.604194 0.242714 0.167143 0 0 0
0.605973 0.242863 0.167061 0 0 0
0.607746 0.243018 0.166981 0 0 0
0.609580 0.243189 0.166933 0 0 0
0.611211 0.243364 0.167108 0 0 0
0.613275 0.242721 0.167224 0 0 0
0.614874 0.242764 0.167179 0 0 0
0.616671 0.242913 0.167100 0 0 0
0.618448 0.243064 0.167018 0 0 0
0.620224 0.243213 0.166936 0 0 0
0.622003 0.243365 0.166854 0 0 0
0.623788 0.243495 0.166756 0 0 0
0.625281 0.243546 0.166603 0 0 0
0.627564 0.244671 0.166099 0 0 0
0.629070 0.244822 0.165999 0 0 0
0.630875 0.244977 0.165914 0 0 0
0.632670 0.245123 0.165835 0 0 0
0.634315 0.245190 0.165823 0 0 0
0.636389 0.244642 0.166136 0 0 0
0.637814 0.244619 0.166165 0 0 0
0.639757 0.243816 0.166482 0 0 0
0.641537 0.242952 0.166862 0 0 0
0.643400 0.242368 0.167248 0 0 0
0.644939 0.242605 0.167437 0 0 0
0.646799 0.241999 0.167821 0 0 0
0.648536 0.241126 0.168193 0 0 0
0.650448 0.240371 0.168523 0 0 0
0.651758 0.240541 0.168532 0 0 0
0.654115 0.241559 0.167973 0 0 0
0.655622 0.241712 0.167864 0 0 0
0.657122 0.241745 0.167707 0 0 0
0.659455 0.242896 0.167198 0 0 0
0.660616 0.243065 0.167094 0 0 0
0.662980 0.244219 0.166577 0 0 0
0.664464 0.244235 0.166427 0 0 0
0.666153 0.244282 0.166400 0 0 0
0.668007 0.243652 0.166785 0 0 0
0.669696 0.242926 0.167219 0 0 0
0.671532 0.242307 0.167603 0 0 0
0.673177 0.242366 0.167598 0 0 0
0.674809 0.242412 0.167591 0 0 0
0.676638 0.241770 0.167966 0 0 0
0.678468 0.241040 0.168290 0 0 0
0.679780 0.241190 0.168304 0 0 0
0.682216 0.242254 0.167748 0 0 0
0.683672 0.242521 0.167700 0 0 0
0.685097 0.242593 0.167573 0 0 0
0.687511 0.243729 0.167040 0 0 0
0.689000 0.243726 0.166880 0 0 0
0.690809 0.243825 0.166766 0 0 0
0.692521 0.243847 0.166632 0 0 0
0.694320 0.243992 0.166545 0 0 0
0.696088 0.244274 0.166525 0 0 0
0.697831 0.244525 0.166522 0 0 0
0.699617 0.244886 0.166715 0 0 0
0.701238 0.244945 0.166728 0 0 0
0.702991 0.244187 0.166839 0 0 0
0.704495 0.243337 0.167041 0 0 0
0.706691 0.244311 0.166757 0 0 0
0.708257 0.243595 0.166907 0 0 0
0.709925 0.243613 0.166889 0 0 0
0.711720 0.243857 0.166863 0 0 0
0.713350 0.243894 0.166843 0 0 0
0.715127 0.243152 0.166875 0 0 0
0.716779 0.243307 0.167060 0 0 0
0.718610 0.243602 0.167078 0 0 0
0.720311 0.243813 0.167043 0 0 0
0.722024 0.243977 0.167105 0 0 0
0.723817 0.243338 0.167324 0 0 0
0.725455 0.243359 0.167313 0 0 0
0.727143 0.243352 0.167315 0 0 0
0.728414 0.242733 0.167494 0 0 0
0.549156 0.239340 0.166606 0 0 0
0.550491 0.239587 0.166607 0 0 0
0.552065 0.239718 0.166582 0 0 0
0.554442 0.238980 0.166856 0 0 0
0.555754 0.238985 0.166862 0 0 0
0.558101 0.238278 0.167153 0 0 0
0.559404 0.238396 0.167209 0 0 0
0.561742 0.237709 0.167507 0 0 0
0.563286 0.237931 0.167530 0 0 0
0.565105 0.238106 0.167460 0 0 0
0.566882 0.238258 0.167378 0 0 0
0.568658 0.238413 0.167297 0 0 0
0.570436 0.238580 0.167217 0 0 0
0.572216 0.238734 0.167135 0 0 0
0.573994 0.238885 0.167053 0 0 0
0.575774 0.239030 0.166970 0 0 0
0.577555 0.239148 0.166884 0 0 0
0.579335 0.239295 0.166802 0 0 0
0.581113 0.239462 0.166722 0 0 0
0.582889 0.239616 0.166641 0 0 0
0.584667 0.239767 0.166559 0 0 0
0.586482 0.239940 0.166488 0 0 0
0.588049 0.240151 0.166512 0 0 0
0.590276 0.239484 0.166803 0 0 0
0.591874 0.239648 0.166818 0 0 0
0.593441 0.239617 0.166743 0 0 0
0.595613 0.238874 0.166977 0 0 0
0.597217 0.238956 0.166965 0 0 0
0.599011 0.239104 0.166887 0 0 0
0.600785 0.239254 0.166805 0 0 0
0.602561 0.239405 0.166723 0 0 0
0.604309 0.239580 0.166657 0 0 0
0.606108 0.239847 0.166633 0 0 0
0.607687 0.239921 0.166608 0 0 0
0.609869 0.239221 0.166875 0 0 0
0.611441 0.239282 0.166839 0 0 0
0.613235 0.239429 0.166756 0 0 0
0.615002 0.239579 0.166673 0 0 0
0.616776 0.239728 0.166591 0 0 0
0.618517 0.239908 0.166528 0 0 0
0.620293 0.240193 0.166508 0 0 0
0.622078 0.240363 0.166434 0 0 0
0.623847 0.240514 0.166353 0 0 0
0.625648 0.240670 0.166267 0 0 0
0.627123 0.240826 0.166169 0 0 0
0.629415 0.241815 0.165597 0 0 0
0.630895 0.241971 0.165498 0 0 0
0.632717 0.242121 0.165415 0 0 0
0.634321 0.242180 0.165391 0 0 0
0.636431 0.241478 0.165649 0 0 0
0.637847 0.241463 0.165679 0 0 0
0.639901 0.240957 0.166020 0 0 0
0.641428 0.241204 0.166206 0 0 0
0.643296 0.240597 0.166592 0 0 0
0.645054 0.239741 0.166979 0 0 0
0.646793 0.239053 0.167426 0 0 0
0.648719 0.238441 0.167829 0 0 0
0.650164 0.238497 0.167916 0 0 0
0.651916 0.237733 0.168081 0 0 0
0.654090 0.238756 0.167657 0 0 0
0.655255 0.238932 0.167550 0 0 0
0.657599 0.240086 0.167033 0 0 0
0.659063 0.240115 0.166881 0 0 0
0.660918 0.240249 0.166777 0 0 0
0.662366 0.240382 0.166680 0 0 0
0.664597 0.241241 0.166187 0 0 0
0.666286 0.240772 0.166468 0 0 0
0.667785 0.240738 0.166527 0 0 0
0.669645 0.240131 0.166920 0 0 0
0.671335 0.239417 0.167361 0 0 0
0.673168 0.238774 0.167743 0 0 0
0.674766 0.238810 0.167732 0 0 0
0.676568 0.238990 0.167668 0 0 0
0.678212 0.239163 0.167709 0 0 0
0.679831 0.238572 0.167921 0 0 0
0.682058 0.239413 0.167438 0 0 0
0.683515 0.239563 0.167338 0 0 0
0.685361 0.239700 0.167235 0 0 0
0.686799 0.239720 0.167086 0 0 0
0.688910 0.240864 0.166543 0 0 0
0.690996 0.242052 0.166031 0 0 0
0.692445 0.242219 0.165944 0 0 0
0.694234 0.242378 0.165861 0 0 0
0.696006 0.242508 0.165778 0 0 0
0.697635 0.242526 0.165749 0 0 0
0.699562 0.241712 0.165932 0 0 0
0.701054 0.241651 0.165981 0 0 0
0.702911 0.241150 0.166278 0 0 0
0.704584 0.241320 0.166335 0 0 0
0.706326 0.241377 0.166224 0 0 0
0.708122 0.241635 0.166189 0 0 0
0.709812 0.241848 0.166147 0 0 0
0.711575 0.242110 0.166119 0 0 0
0.713401 0.242296 0.166088 0 0 0
0.715046 0.242435 0.166266 0 0 0
0.716815 0.241674 0.166290 0 0 0
0.718483 0.241661 0.166252 0 0 0
0.720120 0.241689 0.166243 0 0 0
0.721919 0.241038 0.166460 0 0 0
0.723588 0.241241 0.166543 0 0 0
0.725343 0.241548 0.166553 0 0 0
0.727107 0.241597 0.166595 0 0 0
0.728354 0.241139 0.166838 0 0 0
0.549408 0.236360 0.166181 0 0 0
0.550491 0.236523 0.166217 0 0 0
0.552911 0.235815 0.166499 0 0 0
0.554422 0.235935 0.166477 0 0 0
0.556262 0.236246 0.166471 0 0 0
0.557823 0.236487 0.166502 0 0 0
0.560159 0.235826 0.166806 0 0 0
0.561458 0.235945 0.166865 0 0 0
0.563777 0.235237 0.167154 0 0 0
0.565307 0.235303 0.167117 0 0 0
0.567135 0.235448 0.167039 0 0 0
0.568669 0.235513 0.167004 0 0 0
0.570965 0.234777 0.167270 0 0 0
0.572508 0.234851 0.167231 0 0 0
0.574327 0.235005 0.167147 0 0 0
0.575850 0.235189 0.167046 0 0 0
0.577982 0.236307 0.166573 0 0 0
0.579495 0.236498 0.166470 0 0 0
0.581296 0.236656 0.166384 0 0 0
0.583070 0.236806 0.166302 0 0 0
0.584869 0.236954 0.166223 0 0 0
0.586417 0.237015 0.166189 0 0 0
0.588664 0.236286 0.166451 0 0 0
0.590243 0.236378 0.166414 0 0 0
0.591787 0.236565 0.166317 0 0 0
0.593788 0.237732 0.166000 0 0 0
0.595717 0.237091 0.166209 0 0 0
0.597288 0.237158 0.166178 0 0 0
0.599083 0.237306 0.166099 0 0 0
0.600854 0.237456 0.166017 0 0 0
0.602648 0.237603 0.165937 0 0 0
0.604207 0.237672 0.165905 0 0 0
0.606364 0.236946 0.166146 0 0 0
0.607977 0.237043 0.166142 0 0 0
0.609770 0.237328 0.166127 0 0 0
0.611487 0.237535 0.166079 0 0 0
0.613257 0.237824 0.166060 0 0 0
0.615039 0.238009 0.165989 0 0 0
0.616827 0.238157 0.165910 0 0 0
0.618405 0.238216 0.165876 0 0 0
0.620554 0.237503 0.166134 0 0 0
0.622117 0.237554 0.166105 0 0 0
0.623907 0.237700 0.166026 0 0 0
0.625673 0.237850 0.165945 0 0 0
0.627469 0.238004 0.165859 0 0 0
0.628936 0.238159 0.165761 0 0 0
0.631228 0.239154 0.165188 0 0 0
0.632697 0.239325 0.165092 0 0 0
0.634511 0.239501 0.165014 0 0 0
0.636303 0.239781 0.164998 0 0 0
0.637912 0.239878 0.165013 0 0 0
0.639808 0.239213 0.165371 0 0 0
0.641557 0.238346 0.165753 0 0 0
0.643335 0.237616 0.166211 0 0 0
0.644806 0.237005 0.166602 0 0 0
0.647094 0.235227 0.167523 0 0 0
0.648467 0.235473 0.167556 0 0 0
0.650292 0.235669 0.167494 0 0 0
0.652030 0.235931 0.167462 0 0 0
0.653756 0.235971 0.167338 0 0 0
0.655536 0.236096 0.167244 0 0 0
0.657284 0.236224 0.167161 0 0 0
0.659100 0.236352 0.167061 0 0 0
0.660549 0.236375 0.166908 0 0 0
0.662874 0.237526 0.166398 0 0 0
0.664323 0.237680 0.166310 0 0 0
0.665963 0.237749 0.166296 0 0 0
0.667808 0.237112 0.166682 0 0 0
0.669495 0.236388 0.167122 0 0 0
0.671315 0.235660 0.167460 0 0 0
0.672918 0.235845 0.167501 0 0 0
0.674716 0.236026 0.167438 0 0 0
0.676312 0.236064 0.167424 0 0 0
0.678299 0.235543 0.167733 0 0 0
0.679554 0.235607 0.167710 0 0 0
0.681959 0.236624 0.167134 0 0 0
0.683463 0.236744 0.167015 0 0 0
0.684948 0.236745 0.166835 0 0 0
0.687310 0.237875 0.166320 0 0 0
0.688425 0.237907 0.166174 0 0 0
0.690867 0.239073 0.165650 0 0 0
0.692310 0.239218 0.165553 0 0 0
0.694096 0.239371 0.165468 0 0 0
0.695847 0.239521 0.165387 0 0 0
0.697611 0.239687 0.165313 0 0 0
0.699390 0.239966 0.165296 0 0 0
0.701030 0.240052 0.165322 0 0 0
0.702886 0.239372 0.165538 0 0 0
0.704493 0.239402 0.165519 0 0 0
0.706261 0.239540 0.165440 0 0 0
0.708026 0.239674 0.165360 0 0 0
0.709640 0.239713 0.165346 0 0 0
0.711468 0.239053 0.165566 0 0 0
0.713107 0.239126 0.165591 0 0 0
0.714890 0.239419 0.165580 0 0 0
0.716664 0.239705 0.165558 0 0 0
0.718383 0.239890 0.165506 0 0 0
0.720083 0.239953 0.165523 0 0 0
0.721871 0.239436 0.165805 0 0 0
0.723379 0.239330 0.165857 0 0 0
0.725195 0.238560 0.166058 0 0 0
0.726799 0.238547 0.166178 0 0 0
0.728089 0.237974 0.166401 0 0 0
0.547840 0.234423 0.165471 0 0 0
0.548901 0.234598 0.165506 0 0 0
0.551275 0.233935 0.165805 0 0 0
0.552841 0.234146 0.165832 0 0 0
0.554385 0.234256 0.165815 0 0 0
0.556510 0.233439 0.166138 0 0 0
0.558362 0.232710 0.166565 0 0 0
0.560451 0.231955 0.166909 0 0 0
0.561989 0.232161 0.166936 0 0 0
0.563802 0.232348 0.166867 0 0 0
0.565565 0.232503 0.166787 0 0 0
0.567332 0.232652 0.166706 0 0 0
0.569117 0.232823 0.166632 0 0 0
0.570884 0.233111 0.166614 0 0 0
0.572624 0.233287 0.166549 0 0 0
0.574399 0.233438 0.166467 0 0 0
0.576143 0.233558 0.166372 0 0 0
0.577926 0.233571 0.166227 0 0 0
0.579714 0.233703 0.166135 0 0 0
0.581481 0.233852 0.166053 0 0 0
0.583249 0.234002 0.165972 0 0 0
0.585015 0.234153 0.165891 0 0 0
0.586796 0.234328 0.165818 0 0 0
0.588566 0.234633 0.165802 0 0 0
0.590309 0.234812 0.165738 0 0 0
0.592056 0.234930 0.165643 0 0 0
0.593854 0.234945 0.165502 0 0 0
0.595642 0.235194 0.165465 0 0 0
0.597383 0.235366 0.165399 0 0 0
0.599154 0.235516 0.165317 0 0 0
0.600923 0.235666 0.165236 0 0 0
0.602708 0.235819 0.165159 0 0 0
0.604315 0.235916 0.165153 0 0 0
0.606465 0.235370 0.165477 0 0 0
0.608007 0.235433 0.165449 0 0 0
0.609820 0.235564 0.165367 0 0 0
0.611393 0.235611 0.165333 0 0 0
0.613374 0.234666 0.165584 0 0 0
0.615309 0.234010 0.165938 0 0 0
0.616920 0.234082 0.165934 0 0 0
0.618669 0.234263 0.165877 0 0 0
0.620437 0.234568 0.165861 0 0 0
0.622205 0.234746 0.165789 0 0 0
0.623964 0.234913 0.165710 0 0 0
0.625729 0.235062 0.165629 0 0 0
0.627486 0.235199 0.165546 0 0 0
0.629248 0.235355 0.165466 0 0 0
0.631006 0.235477 0.165382 0 0 0
0.632772 0.235633 0.165301 0 0 0
0.634533 0.235766 0.165218 0 0 0
0.636292 0.235912 0.165137 0 0 0
0.638074 0.236061 0.165059 0 0 0
0.639674 0.236134 0.165048 0 0 0
0.641567 0.235522 0.165439 0 0 0
0.643305 0.234823 0.165891 0 0 0
0.645090 0.234114 0.166373 0 0 0
0.646783 0.233400 0.166799 0 0 0
0.648600 0.232633 0.167106 0 0 0
0.650229 0.232825 0.167168 0 0 0
0.652008 0.232990 0.167101 0 0 0
0.653754 0.233141 0.167021 0 0 0
0.655502 0.233288 0.166940 0 0 0
0.657281 0.233441 0.166855 0 0 0
0.658730 0.233595 0.166756 0 0 0
0.661028 0.234737 0.166251 0 0 0
0.662497 0.234755 0.166101 0 0 0
0.664145 0.234781 0.166068 0 0 0
0.666131 0.234258 0.166389 0 0 0
0.667594 0.234248 0.166446 0 0 0
0.669602 0.233743 0.166782 0 0 0
0.671041 0.233799 0.166880 0 0 0
0.672853 0.233035 0.167210 0 0 0
0.674660 0.232281 0.167539 0 0 0
0.676258 0.232445 0.167579 0 0 0
0.678028 0.232632 0.167513 0 0 0
0.679764 0.232794 0.167435 0 0 0
0.681588 0.232882 0.167328 0 0 0
0.682887 0.232843 0.167181 0 0 0
0.685228 0.235224 0.166175 0 0 0
0.687201 0.236130 0.165616 0 0 0
0.688646 0.236270 0.165495 0 0 0
0.690454 0.236254 0.165329 0 0 0
0.692233 0.236232 0.165169 0 0 0
0.693955 0.236357 0.165078 0 0 0
0.695706 0.236507 0.164998 0 0 0
0.697453 0.236656 0.164917 0 0 0
0.699199 0.236803 0.164837 0 0 0
0.700955 0.236967 0.164763 0 0 0
0.702716 0.237242 0.164739 0 0 0
0.704404 0.237460 0.164700 0 0 0
0.706167 0.237745 0.164679 0 0 0
0.707935 0.237907 0.164611 0 0 0
0.709616 0.237953 0.164620 0 0 0
0.711422 0.237330 0.164864 0 0 0
0.712920 0.237359 0.164959 0 0 0
0.714800 0.236560 0.165143 0 0 0
0.716437 0.236557 0.165120 0 0 0
0.718060 0.236588 0.165124 0 0 0
0.719841 0.236065 0.165396 0 0 0
0.721487 0.236165 0.165437 0 0 0
0.723273 0.236473 0.165435 0 0 0
0.724940 0.236649 0.165487 0 0 0
0.726769 0.236069 0.165748 0 0 0
0.727904 0.236174 0.165807 0 0 0
0.548109 0.231621 0.165126 0 0 0
0.549163 0.231665 0.165111 0 0 0
0.551584 0.230930 0.165385 0 0 0
0.552859 0.230933 0.165387 0 0 0
0.555183 0.230384 0.165744 0 0 0
0.556513 0.230554 0.165836 0 0 0
0.558879 0.230046 0.166214 0 0 0
0.560173 0.230179 0.166280 0 0 0
0.562496 0.229306 0.166494 0 0 0
0.564024 0.229371 0.166452 0 0 0
0.565783 0.229542 0.166388 0 0 0
0.567545 0.229834 0.166372 0 0 0
0.569325 0.230005 0.166299 0 0 0
0.571086 0.230154 0.166218 0 0 0
0.572849 0.230304 0.166137 0 0 0
0.574613 0.230453 0.166056 0 0 0
0.576376 0.230603 0.165974 0 0 0
0.578139 0.230755 0.165893 0 0 0
0.579902 0.230905 0.165812 0 0 0
0.581665 0.231055 0.165731 0 0 0
0.583428 0.231204 0.165650 0 0 0
0.585217 0.231351 0.165571 0 0 0
0.586752 0.231409 0.165538 0 0 0
0.588994 0.230678 0.165802 0 0 0
0.590560 0.230749 0.165760 0 0 0
0.592118 0.230916 0.165634 0 0 0
0.594240 0.231909 0.165120 0 0 0
0.595727 0.232219 0.165076 0 0 0
0.597536 0.232398 0.164999 0 0 0
0.599297 0.232549 0.164918 0 0 0
0.601085 0.232695 0.164840 0 0 0
0.602632 0.232751 0.164809 0 0 0
0.604830 0.232031 0.165071 0 0 0
0.606353 0.232138 0.165058 0 0 0
0.608137 0.232428 0.165042 0 0 0
0.609912 0.232598 0.164969 0 0 0
0.611702 0.232772 0.164902 0 0 0
0.613311 0.232999 0.164959 0 0 0
0.615403 0.232473 0.165292 0 0 0
0.616965 0.232532 0.165271 0 0 0
0.618554 0.232582 0.165239 0 0 0
0.620692 0.231736 0.165445 0 0 0
0.622059 0.231845 0.165525 0 0 0
0.624255 0.231315 0.165869 0 0 0
0.625518 0.231399 0.165825 0 0 0
0.627670 0.232235 0.165347 0 0 0
0.629186 0.231838 0.165579 0 0 0
0.631167 0.232527 0.165189 0 0 0
0.632667 0.232129 0.165420 0 0 0
0.634814 0.232974 0.164937 0 0 0
0.636284 0.233146 0.164838 0 0 0
0.638087 0.233286 0.164755 0 0 0
0.639681 0.233355 0.164743 0 0 0
0.641590 0.232730 0.165139 0 0 0
0.643309 0.232023 0.165584 0 0 0
0.645210 0.231430 0.165991 0 0 0
0.646683 0.231533 0.166117 0 0 0
0.648524 0.230921 0.166497 0 0 0
0.650373 0.230001 0.166758 0 0 0
0.651978 0.230147 0.166780 0 0 0
0.653726 0.230197 0.166665 0 0 0
0.655453 0.230462 0.166636 0 0 0
0.657248 0.230640 0.166559 0 0 0
0.658662 0.230803 0.166468 0 0 0
0.661004 0.231798 0.165889 0 0 0
0.662464 0.231935 0.165792 0 0 0
0.664096 0.231998 0.165781 0 0 0
0.665925 0.231372 0.166163 0 0 0
0.667745 0.230748 0.166544 0 0 0
0.669355 0.230809 0.166544 0 0 0
0.670970 0.230875 0.166541 0 0 0
0.672949 0.230376 0.166870 0 0 0
0.674383 0.230437 0.166968 0 0 0
0.676332 0.229786 0.167240 0 0 0
0.677803 0.229697 0.167294 0 0 0
0.679456 0.229062 0.167494 0 0 0
0.681416 0.230104 0.167052 0 0 0
0.683164 0.231337 0.166547 0 0 0
0.685291 0.232152 0.165864 0 0 0
0.686418 0.232281 0.165738 0 0 0
0.688915 0.233304 0.165125 0 0 0
0.690000 0.233438 0.165025 0 0 0
0.692425 0.234636 0.164516 0 0 0
0.693848 0.234786 0.164428 0 0 0
0.695626 0.234943 0.164345 0 0 0
0.697371 0.235091 0.164264 0 0 0
0.699116 0.235239 0.164184 0 0 0
0.700860 0.235384 0.164102 0 0 0
0.702620 0.235512 0.164020 0 0 0
0.704239 0.235527 0.163994 0 0 0
0.706122 0.234711 0.164166 0 0 0
0.707733 0.234729 0.164140 0 0 0
0.709517 0.234883 0.164075 0 0 0
0.711131 0.235045 0.164121 0 0 0
0.712925 0.234430 0.164361 0 0 0
0.714580 0.234652 0.164453 0 0 0
0.716325 0.234972 0.164468 0 0 0
0.718018 0.235043 0.164492 0 0 0
0.719797 0.234521 0.164770 0 0 0
0.721299 0.234439 0.164838 0 0 0
0.723023 0.233660 0.165152 0 0 0
0.724710 0.233058 0.165523 0 0 0
0.726413 0.233114 0.165529 0 0 0
0.727634 0.233221 0.165479 0 0 0
0.548382 0.228649 0.164710 0 0 0
0.549644 0.228802 0.164671 0 0 0
0.551498 0.229258 0.164723 0 0 0
0.553057 0.229389 0.164733 0 0 0
0.555141 0.228735 0.165110 0 0 0
0.557019 0.227698 0.165404 0 0 0
0.559071 0.227047 0.165772 0 0 0
0.560620 0.227173 0.165784 0 0 0
0.562404 0.227610 0.165835 0 0 0
0.564175 0.227821 0.165784 0 0 0
0.565705 0.227897 0.165747 0 0 0
0.568006 0.227161 0.166016 0 0 0
0.569515 0.227222 0.165982 0 0 0
0.571301 0.227368 0.165903 0 0 0
0.573060 0.227517 0.165822 0 0 0
0.574818 0.227667 0.165741 0 0 0
0.576575 0.227816 0.165660 0 0 0
0.578333 0.227965 0.165579 0 0 0
0.580091 0.228114 0.165498 0 0 0
0.581849 0.228264 0.165417 0 0 0
0.583607 0.228413 0.165336 0 0 0
0.585363 0.228563 0.165255 0 0 0
0.587138 0.228734 0.165183 0 0 0
0.588897 0.229025 0.165166 0 0 0
0.590654 0.229208 0.165098 0 0 0
0.592151 0.229393 0.164992 0 0 0
0.594100 0.230226 0.164524 0 0 0
0.596093 0.229560 0.164715 0 0 0
0.597645 0.229610 0.164686 0 0 0
0.599429 0.229756 0.164607 0 0 0
0.601185 0.229906 0.164526 0 0 0
0.602959 0.230077 0.164453 0 0 0
0.604742 0.230362 0.164438 0 0 0
0.606262 0.230446 0.164418 0 0 0
0.608458 0.229557 0.164605 0 0 0
0.609997 0.229644 0.164591 0 0 0
0.611570 0.229833 0.164627 0 0 0
0.613728 0.229312 0.164972 0 0 0
0.615288 0.229394 0.164954 0 0 0
0.617058 0.229545 0.164877 0 0 0
0.618880 0.229720 0.164805 0 0 0
0.620204 0.229951 0.164815 0 0 0
0.622686 0.228135 0.165583 0 0 0
0.624044 0.228403 0.165622 0 0 0
0.625850 0.228583 0.165554 0 0 0
0.627598 0.228717 0.165472 0 0 0
0.629344 0.228882 0.165393 0 0 0
0.631089 0.229037 0.165314 0 0 0
0.632845 0.229195 0.165233 0 0 0
0.634621 0.229318 0.165145 0 0 0
0.636075 0.229485 0.165046 0 0 0
0.638206 0.230338 0.164558 0 0 0
0.639985 0.229883 0.164847 0 0 0
0.641416 0.229852 0.164900 0 0 0
0.643332 0.229223 0.165302 0 0 0
0.645027 0.228503 0.165743 0 0 0
0.646909 0.227885 0.166138 0 0 0
0.648519 0.227973 0.166142 0 0 0
0.650141 0.228156 0.166187 0 0 0
0.651838 0.227585 0.166413 0 0 0
0.653826 0.228447 0.166083 0 0 0
0.655565 0.227816 0.166289 0 0 0
0.657151 0.227841 0.166273 0 0 0
0.658944 0.227987 0.166191 0 0 0
0.660363 0.228136 0.166096 0 0 0
0.662578 0.228987 0.165605 0 0 0
0.664255 0.228520 0.165885 0 0 0
0.665712 0.228473 0.165944 0 0 0
0.667695 0.227955 0.166270 0 0 0
0.669122 0.227894 0.166321 0 0 0
0.671081 0.227240 0.166591 0 0 0
0.672679 0.227427 0.166636 0 0 0
0.674303 0.227509 0.166642 0 0 0
0.676233 0.227001 0.166956 0 0 0
0.677819 0.227059 0.166952 0 0 0
0.679595 0.227323 0.166922 0 0 0
0.680945 0.227377 0.166796 0 0 0
0.683398 0.228353 0.166183 0 0 0
0.684504 0.228454 0.166067 0 0 0
0.686994 0.229435 0.165445 0 0 0
0.688073 0.229449 0.165290 0 0 0
0.690179 0.230636 0.164754 0 0 0
0.692274 0.231666 0.164159 0 0 0
0.693706 0.231813 0.164058 0 0 0
0.695485 0.231961 0.163972 0 0 0
0.697218 0.232098 0.163891 0 0 0
0.698960 0.232259 0.163812 0 0 0
0.700700 0.232409 0.163732 0 0 0
0.702443 0.232551 0.163652 0 0 0
0.704192 0.232700 0.163577 0 0 0
0.705943 0.232992 0.163557 0 0 0
0.707648 0.233196 0.163504 0 0 0
0.709401 0.233339 0.163430 0 0 0
0.711078 0.233375 0.163438 0 0 0
0.712892 0.232850 0.163724 0 0 0
0.714368 0.232749 0.163774 0 0 0
0.716248 0.231922 0.163957 0 0 0
0.717740 0.231840 0.164017 0 0 0
0.719532 0.231311 0.164301 0 0 0
0.721084 0.231261 0.164408 0 0 0
0.722736 0.230645 0.164771 0 0 0
0.724392 0.229864 0.165193 0 0 0
0.726017 0.229256 0.165417 0 0 0
0.727170 0.229472 0.165676 0 0 0
0.546661 0.225744 0.164413 0 0 0
0.548347 0.226956 0.164067 0 0 0
0.549440 0.227146 0.164000 0 0 0
0.552249 0.225275 0.164724 0 0 0
0.553569 0.225430 0.164711 0 0 0
0.555418 0.225768 0.164713 0 0 0
0.556988 0.226014 0.164769 0 0 0
0.559250 0.225475 0.165119 0 0 0
0.560537 0.225478 0.165131 0 0 0
0.562649 0.224493 0.165380 0 0 0
0.564689 0.223863 0.165756 0 0 0
0.566254 0.223942 0.165745 0 0 0
0.568000 0.224122 0.165684 0 0 0
0.569748 0.224416 0.165667 0 0 0
0.571520 0.224586 0.165595 0 0 0
0.573270 0.224735 0.165514 0 0 0
0.575022 0.224884 0.165434 0 0 0
0.576775 0.225032 0.165353 0 0 0
0.578528 0.225181 0.165272 0 0 0
0.580281 0.225330 0.165191 0 0 0
0.582034 0.225479 0.165111 0 0 0
0.583786 0.225627 0.165030 0 0 0
0.585539 0.225776 0.164949 0 0 0
0.587292 0.225925 0.164868 0 0 0
0.589045 0.226072 0.164787 0 0 0
0.590798 0.226220 0.164707 0 0 0
0.592549 0.226365 0.164626 0 0 0
0.594304 0.226501 0.164543 0 0 0
0.596059 0.226664 0.164464 0 0 0
0.597808 0.226818 0.164384 0 0 0
0.599562 0.226967 0.164303 0 0 0
0.601314 0.227116 0.164222 0 0 0
0.603067 0.227264 0.164142 0 0 0
0.604818 0.227412 0.164061 0 0 0
0.606587 0.227581 0.163988 0 0 0
0.608365 0.227868 0.163973 0 0 0
0.609889 0.227950 0.163959 0 0 0
0.611880 0.226989 0.164211 0 0 0
0.613763 0.226379 0.164584 0 0 0
0.615358 0.226590 0.164646 0 0 0
0.617144 0.226759 0.164580 0 0 0
0.618902 0.226909 0.164505 0 0 0
0.620520 0.226998 0.164515 0 0 0
0.622411 0.226561 0.164964 0 0 0
0.624333 0.225772 0.165282 0 0 0
0.625877 0.225828 0.165262 0 0 0
0.627669 0.225970 0.165188 0 0 0
0.629216 0.226019 0.165168 0 0 0
0.631345 0.225501 0.165497 0 0 0
0.632572 0.225575 0.165460 0 0 0
0.634892 0.226539 0.164884 0 0 0
0.636345 0.226699 0.164791 0 0 0
0.637935 0.226738 0.164767 0 0 0
0.640003 0.226237 0.165099 0 0 0
0.641574 0.226283 0.165085 0 0 0
0.643175 0.226347 0.165080 0 0 0
0.645057 0.225725 0.165471 0 0 0
0.646916 0.224965 0.165807 0 0 0
0.648299 0.225036 0.165902 0 0 0
0.650352 0.224531 0.166241 0 0 0
0.651919 0.224599 0.166231 0 0 0
0.653667 0.224734 0.166154 0 0 0
0.655405 0.224895 0.166076 0 0 0
0.657133 0.225048 0.165997 0 0 0
0.658866 0.225196 0.165917 0 0 0
0.660592 0.225347 0.165838 0 0 0
0.662326 0.225493 0.165758 0 0 0
0.664083 0.225650 0.165684 0 0 0
0.665662 0.225704 0.165676 0 0 0
0.667622 0.225187 0.165993 0 0 0
0.669217 0.225242 0.165992 0 0 0
0.670818 0.225403 0.166039 0 0 0
0.672596 0.224644 0.166365 0 0 0
0.674392 0.223892 0.166699 0 0 0
0.675971 0.224072 0.166744 0 0 0
0.677725 0.224242 0.166678 0 0 0
0.679445 0.224385 0.166598 0 0 0
0.681235 0.224502 0.166494 0 0 0
0.682664 0.224500 0.166314 0 0 0
0.684730 0.225469 0.165711 0 0 0
0.686463 0.226700 0.165207 0 0 0
0.688559 0.227883 0.164663 0 0 0
0.689980 0.227881 0.164503 0 0 0
0.691773 0.227968 0.164399 0 0 0
0.693574 0.228085 0.164297 0 0 0
0.694984 0.228091 0.164144 0 0 0
0.697262 0.229090 0.163720 0 0 0
0.698799 0.228491 0.163917 0 0 0
0.700464 0.228508 0.163897 0 0 0
0.701878 0.228643 0.163813 0 0 0
0.704338 0.229851 0.163309 0 0 0
0.705587 0.229882 0.163290 0 0 0
0.707483 0.229215 0.163521 0 0 0
0.709091 0.229235 0.163501 0 0 0
0.710841 0.229378 0.163426 0 0 0
0.712534 0.229582 0.163375 0 0 0
0.714292 0.229897 0.163363 0 0 0
0.716065 0.230200 0.163357 0 0 0
0.717697 0.230291 0.163398 0 0 0
0.719471 0.229776 0.163681 0 0 0
0.721017 0.229729 0.163790 0 0 0
0.722743 0.229112 0.164178 0 0 0
0.724476 0.228536 0.164588 0 0 0
0.725657 0.228657 0.164829 0 0 0
0.545316 0.223826 0.163799 0 0 0
0.546554 0.224052 0.163789 0 0 0
0.548375 0.224100 0.163662 0 0 0
0.549965 0.224189 0.163643 0 0 0
0.552272 0.223802 0.164069 0 0 0
0.553518 0.223804 0.164073 0 0 0
0.555886 0.222914 0.164291 0 0 0
0.557159 0.223045 0.164357 0 0 0
0.559478 0.222371 0.164662 0 0 0
0.561025 0.222603 0.164701 0 0 0
0.562618 0.222843 0.164761 0 0 0
0.564862 0.222134 0.165029 0 0 0
0.566363 0.222233 0.165013 0 0 0
0.567902 0.222435 0.165039 0 0 0
0.570183 0.221583 0.165258 0 0 0
0.571689 0.221788 0.165283 0 0 0
0.573482 0.221958 0.165215 0 0 0
0.575224 0.222112 0.165136 0 0 0
0.576971 0.222280 0.165057 0 0 0
0.578720 0.222432 0.164977 0 0 0
0.580468 0.222580 0.164896 0 0 0
0.582215 0.222729 0.164816 0 0 0
0.583963 0.222877 0.164735 0 0 0
0.585711 0.223025 0.164655 0 0 0
0.587458 0.223174 0.164574 0 0 0
0.589206 0.223322 0.164494 0 0 0
0.590954 0.223471 0.164413 0 0 0
0.592701 0.223619 0.164333 0 0 0
0.594449 0.223768 0.164252 0 0 0
0.596196 0.223916 0.164172 0 0 0
0.597944 0.224064 0.164091 0 0 0
0.599692 0.224213 0.164011 0 0 0
0.601439 0.224361 0.163930 0 0 0
0.603187 0.224509 0.163850 0 0 0
0.604935 0.224658 0.163769 0 0 0
0.606682 0.224806 0.163689 0 0 0
0.608427 0.224953 0.163609 0 0 0
0.610212 0.225122 0.163542 0 0 0
0.611809 0.225328 0.163604 0 0 0
0.613707 0.224708 0.163983 0 0 0
0.615671 0.223729 0.164226 0 0 0
0.617203 0.223807 0.164218 0 0 0
0.618773 0.223990 0.164264 0 0 0
0.620716 0.223379 0.164666 0 0 0
0.622669 0.222781 0.165070 0 0 0
0.624024 0.222766 0.165115 0 0 0
0.626134 0.222236 0.165453 0 0 0
0.627707 0.222312 0.165443 0 0 0
0.629267 0.222360 0.165428 0 0 0
0.631355 0.221845 0.165762 0 0 0
0.632887 0.221910 0.165745 0 0 0
0.634648 0.222050 0.165669 0 0 0
0.636380 0.222177 0.165587 0 0 0
0.638111 0.222320 0.165507 0 0 0
0.639843 0.222467 0.165427 0 0 0
0.641575 0.222615 0.165347 0 0 0
0.643306 0.222766 0.165268 0 0 0
0.645076 0.222949 0.165202 0 0 0
0.646635 0.223132 0.165243 0 0 0
0.648483 0.222381 0.165578 0 0 0
0.650319 0.221628 0.165911 0 0 0
0.651904 0.221780 0.165938 0 0 0
0.653676 0.221787 0.165801 0 0 0
0.655374 0.221906 0.165710 0 0 0
0.657105 0.222055 0.165630 0 0 0
0.658851 0.222198 0.165555 0 0 0
0.660435 0.222214 0.165521 0 0 0
0.662320 0.221610 0.165627 0 0 0
0.663913 0.221738 0.165806 0 0 0
0.665661 0.221944 0.165797 0 0 0
0.667398 0.222260 0.165786 0 0 0
0.669151 0.222427 0.165720 0 0 0
0.670728 0.222466 0.165711 0 0 0
0.672668 0.221844 0.165989 0 0 0
0.674096 0.222032 0.166137 0 0 0
0.676053 0.221225 0.166341 0 0 0
0.677618 0.221253 0.166317 0 0 0
0.679347 0.221441 0.166262 0 0 0
0.680773 0.221732 0.166221 0 0 0
0.682826 0.222973 0.165729 0 0 0
0.684881 0.223931 0.165127 0 0 0
0.686311 0.223925 0.164946 0 0 0
0.688133 0.224028 0.164836 0 0 0
0.689536 0.224161 0.164737 0 0 0
0.691977 0.225183 0.164139 0 0 0
0.693036 0.225331 0.164040 0 0 0
0.695440 0.226513 0.163520 0 0 0
0.696852 0.226535 0.163375 0 0 0
0.698664 0.226807 0.163337 0 0 0
0.700357 0.226993 0.163282 0 0 0
0.702065 0.227118 0.163193 0 0 0
0.703793 0.227108 0.163044 0 0 0
0.705567 0.227249 0.162956 0 0 0
0.707310 0.227538 0.162937 0 0 0
0.709001 0.227725 0.162883 0 0 0
0.710748 0.227865 0.162808 0 0 0
0.712358 0.227873 0.162785 0 0 0
0.714166 0.227088 0.162970 0 0 0
0.715797 0.227227 0.163013 0 0 0
0.717453 0.227257 0.163023 0 0 0
0.719225 0.226649 0.163282 0 0 0
0.720746 0.226669 0.163404 0 0 0
0.722458 0.225931 0.163739 0 0 0
0.724123 0.225349 0.164101 0 0 0
0.725270 0.225483 0.164195 0 0 0
0.545591 0.221048 0.163483 0 0 0
0.546872 0.221147 0.163426 0 0 0
0.548431 0.221219 0.163389 0 0 0
0.550754 0.220508 0.163680 0 0 0
0.552249 0.220736 0.163708 0 0 0
0.554094 0.220934 0.163652 0 0 0
0.555596 0.221143 0.163676 0 0 0
0.557910 0.220318 0.163921 0 0 0
0.559174 0.220570 0.164038 0 0 0
0.561475 0.219749 0.164284 0 0 0
0.562994 0.219977 0.164318 0 0 0
0.564810 0.220279 0.164311 0 0 0
0.566288 0.220395 0.164295 0 0 0
0.568631 0.219698 0.164590 0 0 0
0.569886 0.219814 0.164657 0 0 0
0.572146 0.219125 0.164948 0 0 0
0.573688 0.219213 0.164927 0 0 0
0.575213 0.219276 0.164902 0 0 0
0.577480 0.218707 0.165250 0 0 0
0.578973 0.218769 0.165222 0 0 0
0.580741 0.218913 0.165144 0 0 0
0.582478 0.219066 0.165065 0 0 0
0.584217 0.219233 0.164986 0 0 0
0.585959 0.219384 0.164907 0 0 0
0.587698 0.219532 0.164826 0 0 0
0.589438 0.219680 0.164746 0 0 0
0.591178 0.219827 0.164666 0 0 0
0.592921 0.219972 0.164585 0 0 0
0.594658 0.220105 0.164504 0 0 0
0.596396 0.220267 0.164425 0 0 0
0.598138 0.220418 0.164345 0 0 0
0.599877 0.220566 0.164265 0 0 0
0.601620 0.220710 0.164185 0 0 0
0.603361 0.220838 0.164102 0 0 0
0.605099 0.220981 0.164022 0 0 0
0.606835 0.221134 0.163943 0 0 0
0.608579 0.221298 0.163864 0 0 0
0.610316 0.221435 0.163783 0 0 0
0.612053 0.221601 0.163705 0 0 0
0.613813 0.221790 0.163635 0 0 0
0.615576 0.222085 0.163623 0 0 0
0.617088 0.222169 0.163617 0 0 0
0.619066 0.221363 0.163948 0 0 0
0.620795 0.220651 0.164393 0 0 0
0.622727 0.220059 0.164799 0 0 0
0.624101 0.220033 0.164853 0 0 0
0.626024 0.219417 0.165252 0 0 0
0.627944 0.218776 0.165646 0 0 0
0.629490 0.218822 0.165636 0 0 0
0.631043 0.218898 0.165625 0 0 0
0.633162 0.218369 0.165954 0 0 0
0.634364 0.218438 0.165918 0 0 0
0.636682 0.219427 0.165343 0 0 0
0.638090 0.219595 0.165248 0 0 0
0.639855 0.219744 0.165163 0 0 0
0.641582 0.219871 0.165081 0 0 0
0.643307 0.220013 0.165001 0 0 0
0.645054 0.220155 0.164926 0 0 0
0.646615 0.220202 0.164912 0 0 0
0.648637 0.219568 0.165198 0 0 0
0.650048 0.219760 0.165342 0 0 0
0.651773 0.219007 0.165514 0 0 0
0.653896 0.220222 0.165183 0 0 0
0.655323 0.220386 0.165091 0 0 0
0.657077 0.220542 0.165009 0 0 0
0.658800 0.220691 0.164932 0 0 0
0.660586 0.220859 0.164899 0 0 0
0.662178 0.220992 0.165079 0 0 0
0.664059 0.220391 0.165191 0 0 0
0.665491 0.220307 0.165213 0 0 0
0.667463 0.219471 0.165408 0 0 0
0.669020 0.219640 0.165445 0 0 0
0.670804 0.219827 0.165391 0 0 0
0.672375 0.220012 0.165434 0 0 0
0.674309 0.219391 0.165709 0 0 0
0.675874 0.219558 0.165756 0 0 0
0.677590 0.219734 0.165710 0 0 0
0.679182 0.219744 0.165688 0 0 0
0.680802 0.218940 0.165815 0 0 0
0.683043 0.219964 0.165391 0 0 0
0.684103 0.220101 0.165288 0 0 0
0.686565 0.221120 0.164680 0 0 0
0.687963 0.221261 0.164585 0 0 0
0.689395 0.221406 0.164483 0 0 0
0.691811 0.222418 0.163893 0 0 0
0.692863 0.222563 0.163793 0 0 0
0.695315 0.223578 0.163191 0 0 0
0.696715 0.223699 0.163092 0 0 0
0.698471 0.223845 0.163007 0 0 0
0.700197 0.223992 0.162927 0 0 0
0.701921 0.224139 0.162848 0 0 0
0.703646 0.224287 0.162769 0 0 0
0.705370 0.224434 0.162689 0 0 0
0.707094 0.224578 0.162610 0 0 0
0.708818 0.224724 0.162530 0 0 0
0.710541 0.224871 0.162451 0 0 0
0.712294 0.225031 0.162384 0 0 0
0.713913 0.225175 0.162425 0 0 0
0.715671 0.224439 0.162631 0 0 0
0.717315 0.224600 0.162686 0 0 0
0.718967 0.224769 0.162746 0 0 0
0.720729 0.224196 0.163016 0 0 0
0.722317 0.224257 0.163180 0 0 0
0.723987 0.223618 0.163563 0 0 0
0.725138 0.222926 0.163846 0 0 0
0.545868 0.218125 0.163121 0 0 0
0.547111 0.218358 0.163117 0 0 0
0.548992 0.218564 0.163057 0 0 0
0.550487 0.218777 0.163084 0 0 0
0.552780 0.218072 0.163372 0 0 0
0.554282 0.218156 0.163345 0 0 0
0.556102 0.218343 0.163281 0 0 0
0.557603 0.218556 0.163309 0 0 0
0.559940 0.217870 0.163618 0 0 0
0.561183 0.217990 0.163683 0 0 0
0.563497 0.217291 0.163982 0 0 0
0.564753 0.217303 0.164003 0 0 0
0.567077 0.216744 0.164362 0 0 0
0.568584 0.216842 0.164340 0 0 0
0.570133 0.216918 0.164323 0 0 0
0.572164 0.216278 0.164722 0 0 0
0.574185 0.215639 0.165119 0 0 0
0.575701 0.215713 0.165101 0 0 0
0.577461 0.215878 0.165026 0 0 0
0.579193 0.216031 0.164947 0 0 0
0.580953 0.216180 0.164871 0 0 0
0.582445 0.216258 0.164846 0 0 0
0.584690 0.215696 0.165194 0 0 0
0.586178 0.215754 0.165168 0 0 0
0.587938 0.215898 0.165091 0 0 0
0.589671 0.216045 0.165011 0 0 0
0.591432 0.216200 0.164926 0 0 0
0.592897 0.216388 0.164819 0 0 0
0.594861 0.217212 0.164341 0 0 0
0.596773 0.216761 0.164632 0 0 0
0.598305 0.216809 0.164612 0 0 0
0.600095 0.216940 0.164528 0 0 0
0.601531 0.217112 0.164426 0 0 0
0.603738 0.218083 0.163858 0 0 0
0.605206 0.218257 0.163759 0 0 0
0.606775 0.218311 0.163735 0 0 0
0.608695 0.217823 0.164011 0 0 0
0.610472 0.218502 0.163624 0 0 0
0.612333 0.218047 0.163903 0 0 0
0.613896 0.218106 0.163890 0 0 0
0.615651 0.218250 0.163814 0 0 0
0.617403 0.218404 0.163739 0 0 0
0.618982 0.218490 0.163738 0 0 0
0.620645 0.217968 0.164083 0 0 0
0.623022 0.216327 0.165088 0 0 0
0.624129 0.216349 0.165120 0 0 0
0.626256 0.215852 0.165461 0 0 0
0.627817 0.215945 0.165455 0 0 0
0.629355 0.215997 0.165443 0 0 0
0.631444 0.215483 0.165778 0 0 0
0.632959 0.215547 0.165764 0 0 0
0.634696 0.215691 0.165689 0 0 0
0.636417 0.215817 0.165607 0 0 0
0.638174 0.215965 0.165523 0 0 0
0.639569 0.216127 0.165428 0 0 0
0.641878 0.217091 0.164842 0 0 0
0.643276 0.217238 0.164745 0 0 0
0.645028 0.217389 0.164661 0 0 0
0.646788 0.217554 0.164594 0 0 0
0.648337 0.217734 0.164633 0 0 0
0.650333 0.217119 0.164915 0 0 0
0.651875 0.217292 0.164952 0 0 0
0.653582 0.217298 0.164829 0 0 0
0.655334 0.217415 0.164736 0 0 0
0.657050 0.217559 0.164656 0 0 0
0.658769 0.217706 0.164577 0 0 0
0.660503 0.217854 0.164504 0 0 0
0.662069 0.217918 0.164498 0 0 0
0.664033 0.217408 0.164819 0 0 0
0.665609 0.217462 0.164820 0 0 0
0.667192 0.217623 0.164862 0 0 0
0.669122 0.216837 0.165083 0 0 0
0.670516 0.216883 0.165180 0 0 0
0.672471 0.216254 0.165462 0 0 0
0.674032 0.216443 0.165507 0 0 0
0.675775 0.216612 0.165441 0 0 0
0.677482 0.216756 0.165363 0 0 0
0.679212 0.216924 0.165293 0 0 0
0.680912 0.217195 0.165265 0 0 0
0.682585 0.217225 0.165142 0 0 0
0.684367 0.217345 0.165043 0 0 0
0.685748 0.217461 0.164942 0 0 0
0.688180 0.218472 0.164342 0 0 0
0.689222 0.218618 0.164241 0 0 0
0.691636 0.219628 0.163650 0 0 0
0.693067 0.219773 0.163547 0 0 0
0.694453 0.219912 0.163454 0 0 0
0.696908 0.220937 0.162849 0 0 0
0.698267 0.221087 0.162763 0 0 0
0.700030 0.221234 0.162679 0 0 0
0.701748 0.221360 0.162598 0 0 0
0.703466 0.221503 0.162518 0 0 0
0.705185 0.221649 0.162439 0 0 0
0.706904 0.221795 0.162360 0 0 0
0.708624 0.221941 0.162280 0 0 0
0.710343 0.222088 0.162201 0 0 0
0.712054 0.222243 0.162124 0 0 0
0.713807 0.222419 0.162058 0 0 0
0.715424 0.222570 0.162105 0 0 0
0.717210 0.221949 0.162367 0 0 0
0.718705 0.221827 0.162442 0 0 0
0.720393 0.221058 0.162766 0 0 0
0.722016 0.220451 0.163133 0 0 0
0.723646 0.220508 0.163323 0 0 0
0.724872 0.220134 0.163603 0 0 0
0.544240 0.215462 0.162911 0 0 0
0.545574 0.216334 0.162566 0 0 0
0.547699 0.215725 0.162787 0 0 0
0.549220 0.215787 0.162758 0 0 0
0.550753 0.215884 0.162736 0 0 0
0.553101 0.215320 0.163095 0 0 0
0.554320 0.215313 0.163109 0 0 0
0.556654 0.214744 0.163466 0 0 0
0.558156 0.214830 0.163441 0 0 0
0.559944 0.214999 0.163370 0 0 0
0.561455 0.215093 0.163352 0 0 0
0.563507 0.214458 0.163754 0 0 0
0.565573 0.213824 0.164159 0 0 0
0.566827 0.213853 0.164190 0 0 0
0.569138 0.213296 0.164550 0 0 0
0.570640 0.213378 0.164527 0 0 0
0.572173 0.213473 0.164511 0 0 0
0.574422 0.212924 0.164859 0 0 0
0.575895 0.212989 0.164833 0 0 0
0.577656 0.213149 0.164757 0 0 0
0.579414 0.213281 0.164679 0 0 0
0.580895 0.213354 0.164655 0 0 0
0.583145 0.212797 0.165005 0 0 0
0.584624 0.212874 0.164981 0 0 0
0.586376 0.213024 0.164905 0 0 0
0.588103 0.213173 0.164825 0 0 0
0.589831 0.213320 0.164746 0 0 0
0.591559 0.213464 0.164666 0 0 0
0.593306 0.213607 0.164590 0 0 0
0.594803 0.213664 0.164567 0 0 0
0.597036 0.213139 0.164909 0 0 0
0.598230 0.213227 0.164863 0 0 0
0.600455 0.214181 0.164298 0 0 0
0.601888 0.214338 0.164194 0 0 0
0.603644 0.214465 0.164107 0 0 0
0.605376 0.214607 0.164027 0 0 0
0.607135 0.214765 0.163942 0 0 0
0.608579 0.214965 0.163840 0 0 0
0.610589 0.215812 0.163370 0 0 0
0.612447 0.215335 0.163647 0 0 0
0.613978 0.215400 0.163631 0 0 0
0.615757 0.215541 0.163559 0 0 0
0.617272 0.215590 0.163539 0 0 0
0.619448 0.215052 0.163885 0 0 0
0.620547 0.215104 0.163919 0 0 0
0.623119 0.213639 0.164856 0 0 0
0.624199 0.213654 0.164880 0 0 0
0.626149 0.213038 0.165285 0 0 0
0.627869 0.212327 0.165745 0 0 0
0.629774 0.211706 0.166148 0 0 0
0.631283 0.211743 0.166137 0 0 0
0.633014 0.211891 0.166062 0 0 0
0.634727 0.212057 0.165985 0 0 0
0.636444 0.212200 0.165906 0 0 0
0.638186 0.212329 0.165819 0 0 0
0.639609 0.212483 0.165710 0 0 0
0.641581 0.213455 0.165117 0 0 0
0.643596 0.214468 0.164514 0 0 0
0.644995 0.214620 0.164414 0 0 0
0.646764 0.214764 0.164334 0 0 0
0.648316 0.214800 0.164325 0 0 0
0.650177 0.214000 0.164650 0 0 0
0.651672 0.213416 0.164952 0 0 0
0.653870 0.214474 0.164584 0 0 0
0.655261 0.214646 0.164492 0 0 0
0.657010 0.214799 0.164408 0 0 0
0.658747 0.214937 0.164333 0 0 0
0.660283 0.214973 0.164323 0 0 0
0.662251 0.214461 0.164644 0 0 0
0.663806 0.214526 0.164639 0 0 0
0.665530 0.214675 0.164567 0 0 0
0.667278 0.214836 0.164501 0 0 0
0.668835 0.215005 0.164540 0 0 0
0.670763 0.214243 0.164771 0 0 0
0.672170 0.214428 0.164919 0 0 0
0.674130 0.213614 0.165125 0 0 0
0.675630 0.213678 0.165125 0 0 0
0.677369 0.213971 0.165115 0 0 0
0.679087 0.214136 0.165044 0 0 0
0.680826 0.214252 0.164949 0 0 0
0.682540 0.214233 0.164800 0 0 0
0.684207 0.214402 0.164733 0 0 0
0.685609 0.214690 0.164695 0 0 0
0.688022 0.215722 0.164113 0 0 0
0.689087 0.215853 0.164001 0 0 0
0.691493 0.216855 0.163408 0 0 0
0.692881 0.216996 0.163310 0 0 0
0.694624 0.217144 0.163226 0 0 0
0.696335 0.217270 0.163145 0 0 0
0.698087 0.217414 0.163060 0 0 0
0.699466 0.217548 0.162963 0 0 0
0.701897 0.218564 0.162366 0 0 0
0.703247 0.218718 0.162280 0 0 0
0.705000 0.218871 0.162197 0 0 0
0.706715 0.219016 0.162118 0 0 0
0.708429 0.219162 0.162039 0 0 0
0.710161 0.219301 0.161965 0 0 0
0.711750 0.219323 0.161966 0 0 0
0.713544 0.218840 0.162268 0 0 0
0.715149 0.218868 0.162272 0 0 0
0.716877 0.219024 0.162200 0 0 0
0.718608 0.219196 0.162138 0 0 0
0.720277 0.219382 0.162230 0 0 0
0.721917 0.218762 0.162606 0 0 0
0.723089 0.218094 0.162900 0 0 0
0.544736 0.212643 0.162698 0 0 0
0.545966 0.212720 0.162639 0 0 0
0.547796 0.212900 0.162561 0 0 0
0.549269 0.212976 0.162531 0 0 0
0.551615 0.212405 0.162890 0 0 0
0.553105 0.212494 0.162865 0 0 0
0.554628 0.212596 0.162845 0 0 0
0.556935 0.212039 0.163200 0 0 0
0.558434 0.212101 0.163172 0 0 0
0.559940 0.212161 0.163146 0 0 0
0.562250 0.211633 0.163507 0 0 0
0.563520 0.211660 0.163542 0 0 0
0.565582 0.211022 0.163951 0 0 0
0.567642 0.210381 0.164357 0 0 0
0.568888 0.210389 0.164388 0 0 0
0.571168 0.209835 0.164744 0 0 0
0.572662 0.209914 0.164723 0 0 0
0.574436 0.210082 0.164653 0 0 0
0.575930 0.210159 0.164633 0 0 0
0.577938 0.209699 0.164919 0 0 0
0.579586 0.210367 0.164534 0 0 0
0.581585 0.209908 0.164819 0 0 0
0.583081 0.209979 0.164799 0 0 0
0.584824 0.210125 0.164723 0 0 0
0.586573 0.210248 0.164631 0 0 0
0.588316 0.210235 0.164481 0 0 0
0.589970 0.210378 0.164406 0 0 0
0.591725 0.210681 0.164399 0 0 0
0.593228 0.210754 0.164382 0 0 0
0.595436 0.210018 0.164645 0 0 0
0.596929 0.210097 0.164618 0 0 0
0.598693 0.210242 0.164533 0 0 0
0.600174 0.210390 0.164401 0 0 0
0.602293 0.211377 0.163885 0 0 0
0.603718 0.211698 0.163845 0 0 0
0.605491 0.211881 0.163771 0 0 0
0.607211 0.212028 0.163692 0 0 0
0.608931 0.212169 0.163612 0 0 0
0.610681 0.212294 0.163535 0 0 0
0.612185 0.212359 0.163517 0 0 0
0.614306 0.211827 0.163855 0 0 0
0.615827 0.211891 0.163841 0 0 0
0.617592 0.212039 0.163770 0 0 0
0.619134 0.212111 0.163766 0 0 0
0.620797 0.211605 0.164117 0 0 0
0.623207 0.209988 0.165153 0 0 0
0.624255 0.210009 0.165177 0 0 0
0.626212 0.209424 0.165584 0 0 0
0.628115 0.208814 0.165984 0 0 0
0.629611 0.208878 0.165976 0 0 0
0.631364 0.209040 0.165908 0 0 0
0.632868 0.209084 0.165894 0 0 0
0.634970 0.208558 0.166223 0 0 0
0.636141 0.208637 0.166191 0 0 0
0.638494 0.209603 0.165603 0 0 0
0.639550 0.209765 0.165495 0 0 0
0.641890 0.210748 0.164901 0 0 0
0.642974 0.210877 0.164783 0 0 0
0.645322 0.211863 0.164186 0 0 0
0.646700 0.212008 0.164091 0 0 0
0.648479 0.212179 0.164023 0 0 0
0.650076 0.212397 0.164101 0 0 0
0.651994 0.211837 0.164388 0 0 0
0.653545 0.211592 0.164250 0 0 0
0.655276 0.211670 0.164146 0 0 0
0.656945 0.211854 0.164091 0 0 0
0.658685 0.212152 0.164084 0 0 0
0.660252 0.212226 0.164088 0 0 0
0.662195 0.211728 0.164407 0 0 0
0.663741 0.211775 0.164403 0 0 0
0.665467 0.211915 0.164329 0 0 0
0.667171 0.212060 0.164251 0 0 0
0.668913 0.212220 0.164185 0 0 0
0.670465 0.212385 0.164225 0 0 0
0.672366 0.211626 0.164447 0 0 0
0.673954 0.211939 0.164554 0 0 0
0.675484 0.212022 0.164569 0 0 0
0.677439 0.211139 0.164733 0 0 0
0.679007 0.211169 0.164706 0 0 0
0.680391 0.211309 0.164623 0 0 0
0.682764 0.212710 0.164215 0 0 0
0.684007 0.212723 0.164182 0 0 0
0.685656 0.211921 0.164278 0 0 0
0.687888 0.212729 0.163782 0 0 0
0.688948 0.212871 0.163680 0 0 0
0.691353 0.214087 0.163173 0 0 0
0.692728 0.214225 0.163076 0 0 0
0.694504 0.214347 0.162975 0 0 0
0.696212 0.214327 0.162826 0 0 0
0.697923 0.214461 0.162735 0 0 0
0.699289 0.214621 0.162655 0 0 0
0.701695 0.215815 0.162142 0 0 0
0.703072 0.215953 0.162047 0 0 0
0.704816 0.216101 0.161963 0 0 0
0.706525 0.216244 0.161884 0 0 0
0.708234 0.216389 0.161805 0 0 0
0.709958 0.216527 0.161732 0 0 0
0.711560 0.216547 0.161733 0 0 0
0.713323 0.215942 0.161987 0 0 0
0.714917 0.216102 0.162036 0 0 0
0.716655 0.216262 0.161970 0 0 0
0.718375 0.216400 0.161898 0 0 0
0.719975 0.216406 0.161905 0 0 0
0.721689 0.215627 0.162246 0 0 0
0.722783 0.215043 0.162536 0 0 0
0.543469 0.208887 0.163042 0 0 0
0.544460 0.209041 0.162952 0 0 0
0.546303 0.209841 0.162482 0 0 0
0.548405 0.209372 0.162778 0 0 0
0.549885 0.209457 0.162752 0 0 0
0.551679 0.209624 0.162679 0 0 0
0.553141 0.209693 0.162651 0 0 0
0.555474 0.209125 0.163010 0 0 0
0.556931 0.209213 0.162983 0 0 0
0.558742 0.209388 0.162908 0 0 0
0.560010 0.209502 0.162865 0 0 0
0.562779 0.207988 0.163808 0 0 0
0.564064 0.208100 0.163769 0 0 0
0.565608 0.208201 0.163749 0 0 0
0.567871 0.207667 0.164104 0 0 0
0.569124 0.207696 0.164139 0 0 0
0.571405 0.207149 0.164497 0 0 0
0.572892 0.207224 0.164476 0 0 0
0.574388 0.207283 0.164454 0 0 0
0.576655 0.206722 0.164807 0 0 0
0.578111 0.206793 0.164783 0 0 0
0.579857 0.206924 0.164706 0 0 0
0.581577 0.207087 0.164628 0 0 0
0.583289 0.207238 0.164550 0 0 0
0.585036 0.207392 0.164465 0 0 0
0.586463 0.207579 0.164364 0 0 0
0.588622 0.208709 0.163890 0 0 0
0.589843 0.208800 0.163837 0 0 0
0.592086 0.208071 0.164099 0 0 0
0.593578 0.208143 0.164082 0 0 0
0.595325 0.208443 0.164075 0 0 0
0.597005 0.208621 0.164015 0 0 0
0.598757 0.208772 0.163930 0 0 0
0.600189 0.208956 0.163827 0 0 0
0.602132 0.209770 0.163361 0 0 0
0.604072 0.209101 0.163541 0 0 0
0.605578 0.209138 0.163518 0 0 0
0.607321 0.209279 0.163443 0 0 0
0.609038 0.209424 0.163363 0 0 0
0.610777 0.209568 0.163288 0 0 0
0.612294 0.209632 0.163275 0 0 0
0.614397 0.209108 0.163611 0 0 0
0.615930 0.209174 0.163602 0 0 0
0.617457 0.209231 0.163594 0 0 0
0.619395 0.208585 0.164003 0 0 0
0.621114 0.207924 0.164474 0 0 0
0.622843 0.207228 0.164950 0 0 0
0.624542 0.206528 0.165414 0 0 0
0.626461 0.205954 0.165830 0 0 0
0.627980 0.206008 0.165826 0 0 0
0.629493 0.206050 0.165817 0 0 0
0.631571 0.205539 0.166153 0 0 0
0.633085 0.205579 0.166144 0 0 0
0.634637 0.205622 0.166143 0 0 0
0.636373 0.205183 0.166414 0 0 0
0.638156 0.205998 0.165915 0 0 0
0.640199 0.206996 0.165296 0 0 0
0.641256 0.207159 0.165184 0 0 0
0.643627 0.208124 0.164577 0 0 0
0.644702 0.208251 0.164459 0 0 0
0.647024 0.209229 0.163869 0 0 0
0.648419 0.209389 0.163780 0 0 0
0.650020 0.209438 0.163773 0 0 0
0.651687 0.208985 0.164038 0 0 0
0.653813 0.210027 0.163650 0 0 0
0.655232 0.210193 0.163563 0 0 0
0.656795 0.210257 0.163541 0 0 0
0.658816 0.209544 0.163794 0 0 0
0.660178 0.209469 0.163846 0 0 0
0.662129 0.208816 0.164120 0 0 0
0.663664 0.208999 0.164164 0 0 0
0.665404 0.209164 0.164099 0 0 0
0.667102 0.209309 0.164021 0 0 0
0.668801 0.209453 0.163944 0 0 0
0.670534 0.209620 0.163879 0 0 0
0.672085 0.209808 0.163926 0 0 0
0.673992 0.209166 0.164193 0 0 0
0.675537 0.209207 0.164192 0 0 0
0.677272 0.209503 0.164183 0 0 0
0.678931 0.209694 0.164131 0 0 0
0.680604 0.209810 0.164042 0 0 0
0.682305 0.209786 0.163892 0 0 0
0.684094 0.209936 0.163802 0 0 0
0.685441 0.210234 0.163773 0 0 0
0.687781 0.211280 0.163225 0 0 0
0.689149 0.211400 0.163103 0 0 0
0.690885 0.211361 0.162942 0 0 0
0.692656 0.211480 0.162841 0 0 0
0.694021 0.211617 0.162744 0 0 0
0.696404 0.212819 0.162240 0 0 0
0.697804 0.212936 0.162136 0 0 0
0.699521 0.212894 0.161970 0 0 0
0.701203 0.212848 0.161809 0 0 0
0.702945 0.212965 0.161715 0 0 0
0.704601 0.213155 0.161665 0 0 0
0.706323 0.213454 0.161650 0 0 0
0.708041 0.213622 0.161579 0 0 0
0.709740 0.213768 0.161502 0 0 0
0.711475 0.213928 0.161436 0 0 0
0.713069 0.214072 0.161482 0 0 0
0.714808 0.213329 0.161688 0 0 0
0.716442 0.213449 0.161718 0 0 0
0.718123 0.213482 0.161609 0 0 0
0.719837 0.213787 0.161601 0 0 0
0.721583 0.213996 0.161725 0 0 0
0.722740 0.213583 0.161984 0 0 0
0.543750 0.206171 0.162790 0 0 0
0.544948 0.206265 0.162734 0 0 0
0.546777 0.206399 0.162652 0 0 0
0.548233 0.206479 0.162624 0 0 0
0.550548 0.205923 0.162982 0 0 0
0.552023 0.206004 0.162959 0 0 0
0.553778 0.206153 0.162883 0 0 0
0.555531 0.206318 0.162808 0 0 0
0.556986 0.206385 0.162781 0 0 0
0.559304 0.205823 0.163141 0 0 0
0.560547 0.205839 0.163173 0 0 0
0.562822 0.205331 0.163533 0 0 0
0.564325 0.205425 0.163517 0 0 0
0.565845 0.205496 0.163504 0 0 0
0.567871 0.204849 0.163906 0 0 0
0.569910 0.204057 0.164256 0 0 0
0.571126 0.204186 0.164337 0 0 0
0.573408 0.203508 0.164646 0 0 0
0.574872 0.203723 0.164682 0 0 0
0.576632 0.203917 0.164619 0 0 0
0.578337 0.204070 0.164542 0 0 0
0.580049 0.204216 0.164463 0 0 0
0.581761 0.204361 0.164384 0 0 0
0.583472 0.204505 0.164305 0 0 0
0.585184 0.204648 0.164226 0 0 0
0.586893 0.204788 0.164147 0 0 0
0.588605 0.204914 0.164066 0 0 0
0.590322 0.205060 0.163987 0 0 0
0.592033 0.205225 0.163910 0 0 0
0.593740 0.205374 0.163832 0 0 0
0.595452 0.205516 0.163753 0 0 0
0.597163 0.205661 0.163674 0 0 0
0.598875 0.205807 0.163595 0 0 0
0.600581 0.205948 0.163515 0 0 0
0.602328 0.206054 0.163422 0 0 0
0.604018 0.206089 0.163295 0 0 0
0.605698 0.206362 0.163270 0 0 0
0.607434 0.206535 0.163200 0 0 0
0.609143 0.206682 0.163122 0 0 0
0.610878 0.206824 0.163048 0 0 0
0.612389 0.206887 0.163035 0 0 0
0.614507 0.206365 0.163378 0 0 0
0.615797 0.206355 0.163424 0 0 0
0.618000 0.205819 0.163778 0 0 0
0.619023 0.205863 0.163798 0 0 0
0.621663 0.204375 0.164758 0 0 0
0.622445 0.204462 0.164758 0 0 0
0.624873 0.202824 0.165800 0 0 0
0.626479 0.202336 0.166143 0 0 0
0.628037 0.202381 0.166152 0 0 0
0.629544 0.202438 0.166146 0 0 0
0.631613 0.201941 0.166484 0 0 0
0.633096 0.201995 0.166473 0 0 0
0.634810 0.202125 0.166398 0 0 0
0.636535 0.202301 0.166316 0 0 0
0.637921 0.202419 0.166209 0 0 0
0.640215 0.203359 0.165620 0 0 0
0.641296 0.203526 0.165496 0 0 0
0.643326 0.204495 0.164872 0 0 0
0.644988 0.205516 0.164265 0 0 0
0.646978 0.206528 0.163660 0 0 0
0.648406 0.206680 0.163556 0 0 0
0.650006 0.206724 0.163551 0 0 0
0.651653 0.206287 0.163824 0 0 0
0.653801 0.207098 0.163349 0 0 0
0.655028 0.207144 0.163310 0 0 0
0.657056 0.206629 0.163634 0 0 0
0.658568 0.206682 0.163627 0 0 0
0.660323 0.206847 0.163568 0 0 0
0.661853 0.207016 0.163608 0 0 0
0.663808 0.206168 0.163797 0 0 0
0.665328 0.206192 0.163773 0 0 0
0.667047 0.206329 0.163699 0 0 0
0.668720 0.206513 0.163652 0 0 0
0.670260 0.206683 0.163706 0 0 0
0.672183 0.206063 0.163983 0 0 0
0.673724 0.206261 0.164033 0 0 0
0.675450 0.206430 0.163969 0 0 0
0.677141 0.206573 0.163892 0 0 0
0.678835 0.206716 0.163814 0 0 0
0.680528 0.206860 0.163736 0 0 0
0.682221 0.207006 0.163658 0 0 0
0.683910 0.207147 0.163579 0 0 0
0.685641 0.207257 0.163484 0 0 0
0.687370 0.207220 0.163326 0 0 0
0.688695 0.207326 0.163226 0 0 0
0.691098 0.208550 0.162717 0 0 0
0.692501 0.208685 0.162610 0 0 0
0.693891 0.208677 0.162451 0 0 0
0.696286 0.209860 0.161927 0 0 0
0.697291 0.210003 0.161830 0 0 0
0.699756 0.211208 0.161299 0 0 0
0.701104 0.211353 0.161216 0 0 0
0.702861 0.211515 0.161142 0 0 0
0.704426 0.211516 0.161126 0 0 0
0.706249 0.210850 0.161357 0 0 0
0.707827 0.210871 0.161357 0 0 0
0.709542 0.211007 0.161284 0 0 0
0.711238 0.211151 0.161207 0 0 0
0.712968 0.211308 0.161141 0 0 0
0.714591 0.211436 0.161193 0 0 0
0.715979 0.210756 0.161355 0 0 0
0.718224 0.211779 0.161108 0 0 0
0.719576 0.211073 0.161379 0 0 0
0.721343 0.210431 0.161771 0 0 0
0.722362 0.210423 0.161797 0 0 0
0.544052 0.203437 0.162535 0 0 0
0.545249 0.203542 0.162480 0 0 0
0.547059 0.203698 0.162402 0 0 0
0.548531 0.203799 0.162381 0 0 0
0.550847 0.203251 0.162740 0 0 0
0.552288 0.203335 0.162714 0 0 0
0.554041 0.203483 0.162638 0 0 0
0.555787 0.203627 0.162562 0 0 0
0.557263 0.203705 0.162541 0 0 0
0.559579 0.203143 0.162903 0 0 0
0.560796 0.203130 0.162930 0 0 0
0.562855 0.202298 0.163257 0 0 0
0.564836 0.201700 0.163657 0 0 0
0.566342 0.201929 0.163725 0 0 0
0.568152 0.202150 0.163679 0 0 0
0.569608 0.202368 0.163715 0 0 0
0.571861 0.201533 0.163959 0 0 0
0.573082 0.201800 0.164092 0 0 0
0.575354 0.201103 0.164385 0 0 0
0.576843 0.201036 0.164305 0 0 0
0.578548 0.201135 0.164211 0 0 0
0.580259 0.201264 0.164126 0 0 0
0.581968 0.201403 0.164046 0 0 0
0.583634 0.201583 0.163988 0 0 0
0.585338 0.201890 0.163978 0 0 0
0.587095 0.202038 0.163897 0 0 0
0.588816 0.202020 0.163748 0 0 0
0.590493 0.202126 0.163653 0 0 0
0.592164 0.202308 0.163596 0 0 0
0.593873 0.202617 0.163586 0 0 0
0.595601 0.202789 0.163517 0 0 0
0.597301 0.202933 0.163439 0 0 0
0.599036 0.203054 0.163347 0 0 0
0.600783 0.203047 0.163195 0 0 0
0.602187 0.203203 0.163085 0 0 0
0.604137 0.204397 0.162764 0 0 0
0.605997 0.203757 0.162978 0 0 0
0.607518 0.203808 0.162964 0 0 0
0.609248 0.203949 0.162889 0 0 0
0.610978 0.204088 0.162815 0 0 0
0.612489 0.204143 0.162807 0 0 0
0.614380 0.203524 0.163204 0 0 0
0.616329 0.202911 0.163619 0 0 0
0.617622 0.202888 0.163676 0 0 0
0.619564 0.202267 0.164097 0 0 0
0.621251 0.201595 0.164565 0 0 0
0.622993 0.200891 0.165054 0 0 0
0.624690 0.200236 0.165529 0 0 0
0.626590 0.199623 0.165943 0 0 0
0.627873 0.199577 0.166001 0 0 0
0.629979 0.199043 0.166349 0 0 0
0.631290 0.199009 0.166409 0 0 0
0.633073 0.198551 0.166678 0 0 0
0.634967 0.199209 0.166318 0 0 0
0.636384 0.198848 0.166516 0 0 0
0.638185 0.199689 0.166037 0 0 0
0.640196 0.200699 0.165426 0 0 0
0.641271 0.200861 0.165299 0 0 0
0.643261 0.201862 0.164696 0 0 0
0.645257 0.202797 0.164081 0 0 0
0.646659 0.202907 0.163966 0 0 0
0.648385 0.203044 0.163881 0 0 0
0.650077 0.203189 0.163802 0 0 0
0.651805 0.203324 0.163710 0 0 0
0.653501 0.203283 0.163557 255 0 0
0.655164 0.203396 0.163466 255 0 0
0.656864 0.203580 0.163398 255 0 0
0.658558 0.203736 0.163324 0 0 0
0.660208 0.203918 0.163269 0 0 0
0.661931 0.204230 0.163260 0 0 0
0.663654 0.204557 0.163257 0 0 0
0.665301 0.204744 0.163205 0 0 0
0.667018 0.204880 0.163131 0 0 0
0.668543 0.204913 0.163114 0 0 0
0.670513 0.204243 0.163374 0 0 0
0.671895 0.204298 0.163483 0 0 0
0.673784 0.203502 0.163702 0 0 0
0.675315 0.203669 0.163746 0 0 0
0.677041 0.203832 0.163682 0 0 0
0.678727 0.203976 0.163605 0 0 0
0.680415 0.204120 0.163527 0 0 0
0.682104 0.204263 0.163449 0 0 0
0.683825 0.204411 0.163366 0 0 0
0.685182 0.204550 0.163269 0 0 0
0.687545 0.205764 0.162770 0 0 0
0.688864 0.205879 0.162671 0 0 0
0.690665 0.205832 0.162491 0 0 0
0.692050 0.205788 0.162321 0 0 0
0.694375 0.207140 0.161876 0 0 0
0.695726 0.207129 0.161723 0 0 0
0.697526 0.207249 0.161616 0 0 0
0.698892 0.207363 0.161514 0 0 0
0.701220 0.208151 0.161026 0 0 0
0.702358 0.207626 0.161171 0 0 0
0.704587 0.208468 0.160869 0 0 0
0.706054 0.207890 0.161058 0 0 0
0.707598 0.207933 0.161076 0 0 0
0.709328 0.208228 0.161067 0 0 0
0.711037 0.208395 0.160997 0 0 0
0.712725 0.208541 0.160920 0 0 0
0.714449 0.208711 0.160857 0 0 0
0.716009 0.208860 0.160910 0 0 0
0.717682 0.208134 0.161256 0 0 0
0.719355 0.207534 0.161642 0 0 0
0.720985 0.207562 0.161651 0 0 0
0.722128 0.207670 0.161606 0 0 0
0.542650 0.200547 0.162366 0 0 0
0.543831 0.200667 0.162313 0 0 0
0.545640 0.200821 0.162234 0 0 0
0.547082 0.200878 0.162204 0 0 0
0.549424 0.200160 0.162505 0 0 0
0.550598 0.200304 0.162579 0 0 0
0.552941 0.199617 0.162894 0 0 0
0.554387 0.199842 0.162930 0 0 0
0.556152 0.200012 0.162865 0 0 0
0.557863 0.200163 0.162787 0 0 0
0.559570 0.200331 0.162711 0 0 0
0.561327 0.200512 0.162650 0 0 0
0.562833 0.200738 0.162717 0 0 0
0.564795 0.200144 0.163112 0 0 0
0.566823 0.199176 0.163381 0 0 0
0.568276 0.199382 0.163417 0 0 0
0.570084 0.199574 0.163366 0 0 0
0.571540 0.199777 0.163402 0 0 0
0.573621 0.198770 0.163653 0 0 0
0.575307 0.198145 0.163720 0 0 0
0.577149 0.199221 0.163611 0 0 0
0.578598 0.199469 0.163540 0 0 0
0.580323 0.199786 0.163528 0 0 0
0.582071 0.199953 0.163463 0 0 0
0.583531 0.200008 0.163431 0 0 0
0.585795 0.199071 0.163607 0 0 0
0.586977 0.199161 0.163555 0 0 0
0.589108 0.200493 0.163170 0 0 0
0.590560 0.200667 0.163075 0 0 0
0.592055 0.200729 0.163039 0 0 0
0.594268 0.199786 0.163218 0 0 0
0.595734 0.199838 0.163186 0 0 0
0.597486 0.199987 0.163106 0 0 0
0.598905 0.200157 0.163008 0 0 0
0.601070 0.201477 0.162601 0 0 0
0.602466 0.201493 0.162446 0 0 0
0.603967 0.201520 0.162406 0 0 0
0.606164 0.200790 0.162664 0 0 0
0.607645 0.200849 0.162638 0 0 0
0.609330 0.201025 0.162585 0 0 0
0.611055 0.201337 0.162581 0 0 0
0.612582 0.201442 0.162586 0 0 0
0.614509 0.200824 0.162995 0 0 0
0.616399 0.200048 0.163342 0 0 0
0.617696 0.200152 0.163451 0 0 0
0.619634 0.199557 0.163877 0 0 0
0.621345 0.198688 0.164281 0 0 0
0.622997 0.198175 0.164801 0 0 0
0.624765 0.197303 0.165243 0 0 0
0.626578 0.196726 0.165643 0 0 0
0.627924 0.196829 0.165778 0 0 0
0.630046 0.196126 0.166060 0 0 0
0.631338 0.196092 0.166113 0 0 0
0.633060 0.195616 0.166365 0 0 0
0.634986 0.196512 0.166118 0 0 0
0.636420 0.195937 0.166253 0 0 0
0.638538 0.196913 0.165831 0 0 0
0.639632 0.196918 0.165650 0 0 0
0.641920 0.198063 0.165119 0 0 0
0.643020 0.198226 0.164973 0 0 0
0.645013 0.198941 0.164284 0 0 0
0.646976 0.200162 0.163776 0 0 0
0.648330 0.200336 0.163679 0 0 0
0.650121 0.200467 0.163574 0 0 0
0.651489 0.200469 0.163420 255 0 0
0.653735 0.201826 0.162998 255 0 0
0.655136 0.201954 0.162892 255 0 0
0.656865 0.201930 0.162735 255 0 0
0.658553 0.202036 0.162648 0 0 0
0.660051 0.202084 0.162636 0 0 0
0.661995 0.201354 0.162853 0 0 0
0.663562 0.201403 0.162864 0 0 0
0.665221 0.201585 0.162820 0 0 0
0.666943 0.201885 0.162815 0 0 0
0.668496 0.201941 0.162820 0 0 0
0.670381 0.201304 0.163086 0 0 0
0.671944 0.201505 0.163150 0 0 0
0.673514 0.201706 0.163213 0 0 0
0.675384 0.201074 0.163478 0 0 0
0.676917 0.201103 0.163476 0 0 0
0.678619 0.201240 0.163404 0 0 0
0.680302 0.201383 0.163327 0 0 0
0.681986 0.201526 0.163249 0 0 0
0.683702 0.201675 0.163166 0 0 0
0.685055 0.201813 0.163067 0 0 0
0.687407 0.202791 0.162477 0 0 0
0.688837 0.202906 0.162355 0 0 0
0.690211 0.202896 0.162196 0 0 0
0.692534 0.204254 0.161751 0 0 0
0.693876 0.204240 0.161599 0 0 0
0.695640 0.204360 0.161498 0 0 0
0.697359 0.204506 0.161413 0 0 0
0.698709 0.204640 0.161317 0 0 0
0.701107 0.205684 0.160735 0 0 0
0.702500 0.205921 0.160673 0 0 0
0.704155 0.205814 0.160502 0 0 0
0.705910 0.206217 0.160533 0 0 0
0.707436 0.206299 0.160556 0 0 0
0.709243 0.205637 0.160789 0 0 0
0.710812 0.205656 0.160791 0 0 0
0.712529 0.205795 0.160727 0 0 0
0.714090 0.205817 0.160738 0 0 0
0.715772 0.205207 0.161132 0 0 0
0.717422 0.204629 0.161519 0 0 0
0.719000 0.204664 0.161535 0 0 0
0.720761 0.204816 0.161462 0 0 0
0.721882 0.204923 0.161412 0 0 0
0.542955 0.197859 0.162130 0 0 0
0.544128 0.197956 0.162075 0 0 0
0.545903 0.198109 0.161994 0 0 0
0.547669 0.198282 0.161930 0 0 0
0.549115 0.198508 0.161966 0 0 0
0.551439 0.197824 0.162277 0 0 0
0.552636 0.197965 0.162356 0 0 0
0.554923 0.197085 0.162589 0 0 0
0.556362 0.197301 0.162622 0 0 0
0.558121 0.197473 0.162557 0 0 0
0.559825 0.197619 0.162479 0 0 0
0.561557 0.197761 0.162404 0 0 0
0.563022 0.197829 0.162384 0 0 0
0.565300 0.197158 0.162695 0 0 0
0.566504 0.197428 0.162828 0 0 0
0.568763 0.196592 0.163076 0 0 0
0.570204 0.196810 0.163112 0 0 0
0.571979 0.197010 0.163061 0 0 0
0.573725 0.197340 0.163095 0 0 0
0.575342 0.197565 0.163205 0 0 0
0.577028 0.197624 0.162953 0 0 0
0.578532 0.197673 0.162883 0 0 0
0.580755 0.196954 0.163152 0 0 0
0.582215 0.197021 0.163134 0 0 0
0.583962 0.197190 0.163070 0 0 0
0.585667 0.197500 0.163061 0 0 0
0.587291 0.197641 0.162988 0 0 0
0.589013 0.197617 0.162838 0 0 0
0.590737 0.197737 0.162747 0 0 0
0.592454 0.197908 0.162679 0 0 0
0.594156 0.198218 0.162670 0 0 0
0.595813 0.198399 0.162614 0 0 0
0.597521 0.198545 0.162535 0 0 0
0.599216 0.198654 0.162434 0 0 0
0.600644 0.198687 0.162265 0 0 0
0.602626 0.199655 0.161841 0 0 0
0.604529 0.199039 0.162071 0 0 0
0.606019 0.199228 0.162117 0 0 0
0.607726 0.199402 0.162068 0 0 0
0.609216 0.199447 0.162046 0 0 0
0.611139 0.198614 0.162363 0 0 0
0.613048 0.197840 0.162711 0 0 0
0.614579 0.198084 0.162774 0 0 0
0.616109 0.198312 0.162836 0 0 0
0.617990 0.197563 0.163187 0 0 0
0.619941 0.196990 0.163612 0 0 0
0.621024 0.197163 0.163723 0 0 0
0.623496 0.195373 0.164530 0 0 0
0.624629 0.195673 0.164708 0 0 0
0.626493 0.194927 0.165045 0 0 0
0.628301 0.194172 0.165367 0 0 0
0.629870 0.194546 0.165521 0 0 0
0.631397 0.194684 0.165581 0 0 0
0.633359 0.194113 0.165866 0 0 0
0.634857 0.194042 0.165807 0 0 0
0.636596 0.194280 0.165765 0 0 0
0.637931 0.194312 0.165619 0 0 0
0.640161 0.195408 0.165099 0 0 0
0.641627 0.195368 0.164907 0 0 0
0.642915 0.195281 0.164731 0 0 0
0.645354 0.197574 0.163734 0 0 0
0.646579 0.197509 0.163578 0 0 0
0.648423 0.197595 0.163450 0 0 0
0.649791 0.197583 0.163289 255 0 0
0.652025 0.198870 0.162834 255 0 0
0.653447 0.198719 0.162605 255 0 0
0.654835 0.198809 0.162479 255 0 0
0.657123 0.200194 0.162064 255 0 0
0.658500 0.200346 0.161981 0 0 0
0.660100 0.200417 0.161996 0 0 0
0.662015 0.199920 0.162303 0 0 0
0.663532 0.199974 0.162311 0 0 0
0.665064 0.200002 0.162300 0 0 0
0.667007 0.199312 0.162543 0 0 0
0.668561 0.199372 0.162554 0 0 0
0.670109 0.199561 0.162611 0 0 0
0.672028 0.198906 0.162887 0 0 0
0.673386 0.198825 0.162955 0 0 0
0.675289 0.198335 0.163280 0 0 0
0.676813 0.198377 0.163283 0 0 0
0.678511 0.198513 0.163212 0 0 0
0.680188 0.198654 0.163134 0 0 0
0.681863 0.198796 0.163056 0 0 0
0.683617 0.198912 0.162955 0 0 0
0.684952 0.198890 0.162799 0 0 0
0.687308 0.200067 0.162275 0 0 0
0.688332 0.200200 0.162163 0 0 0
0.690698 0.201378 0.161637 0 0 0
0.692038 0.201359 0.161482 0 0 0
0.693797 0.201478 0.161381 0 0 0
0.695477 0.201620 0.161302 0 0 0
0.697194 0.201767 0.161219 0 0 0
0.698556 0.201905 0.161119 0 0 0
0.700842 0.202675 0.160646 0 0 0
0.701880 0.202077 0.160789 0 0 0
0.704409 0.204135 0.159972 0 0 0
0.705779 0.203479 0.160185 0 0 0
0.707249 0.203355 0.160276 0 0 0
0.709041 0.202880 0.160589 0 0 0
0.710617 0.202916 0.160606 0 0 0
0.712192 0.202939 0.160619 0 0 0
0.713994 0.202448 0.160936 0 0 0
0.715443 0.202367 0.161029 0 0 0
0.717185 0.201921 0.161338 0 0 0
0.718758 0.201968 0.161352 0 0 0
0.720521 0.202113 0.161279 0 0 0
0.721638 0.202211 0.161228 0 0 0
0.543261 0.195144 0.161899 0 0 0
0.544430 0.195247 0.161845 0 0 0
0.546203 0.195397 0.161764 0 0 0
0.547938 0.195540 0.161689 0 0 0
0.549391 0.195616 0.161669 0 0 0
0.551671 0.195077 0.162026 0 0 0
0.553175 0.195181 0.162021 0 0 0
0.554640 0.195401 0.162060 0 0 0
0.556900 0.194698 0.162352 0 0 0
0.558351 0.194769 0.162331 0 0 0
0.560079 0.194909 0.162256 0 0 0
0.561778 0.195054 0.162178 0 0 0
0.563531 0.195225 0.162114 0 0 0
0.564974 0.195440 0.162151 0 0 0
0.567249 0.194771 0.162463 0 0 0
0.568452 0.194903 0.162545 0 0 0
0.570729 0.193988 0.162758 0 0 0
0.572127 0.194074 0.162745 0 0 0
0.573876 0.194355 0.162726 0 0 0
0.575623 0.194358 0.162586 0 0 0
0.577263 0.194500 0.162518 0 0 0
0.578732 0.194726 0.162566 0 0 0
0.580974 0.194018 0.162845 0 0 0
0.582426 0.194078 0.162817 0 0 0
0.584102 0.194251 0.162763 0 0 0
0.585797 0.194563 0.162756 0 0 0
0.587515 0.194736 0.162688 0 0 0
0.589205 0.194881 0.162611 0 0 0
0.590898 0.195024 0.162533 0 0 0
0.592591 0.195167 0.162455 0 0 0
0.594284 0.195309 0.162377 0 0 0
0.595978 0.195452 0.162299 0 0 0
0.597671 0.195596 0.162221 0 0 0
0.599365 0.195740 0.162143 0 0 0
0.601055 0.195880 0.162064 0 0 0
0.602751 0.196006 0.161985 0 0 0
0.604449 0.196167 0.161908 0 0 0
0.606137 0.196315 0.161831 0 0 0
0.607855 0.196455 0.161757 0 0 0
0.609341 0.196521 0.161748 0 0 0
0.611480 0.196032 0.162110 0 0 0
0.612750 0.196152 0.162211 0 0 0
0.614867 0.195463 0.162506 0 0 0
0.616157 0.195422 0.162559 0 0 0
0.618079 0.194622 0.162900 0 0 0
0.619902 0.194054 0.163303 0 0 0
0.621301 0.194169 0.163468 0 0 0
0.623166 0.193585 0.163874 0 0 0
0.624979 0.192842 0.164208 0 0 0
0.626389 0.193131 0.164440 0 0 0
0.628221 0.192574 0.164855 0 0 0
0.630124 0.191544 0.165107 0 0 0
0.631374 0.191497 0.165155 0 0 0
0.633394 0.190981 0.165477 0 0 0
0.634872 0.191088 0.165516 0 0 0
0.636600 0.191384 0.165502 0 0 0
0.637983 0.191561 0.165406 0 0 0
0.640237 0.192516 0.164825 0 0 0
0.641313 0.192681 0.164695 0 0 0
0.643252 0.193889 0.164186 0 0 0
0.645208 0.194628 0.163506 0 0 0
0.646675 0.194790 0.163362 0 0 0
0.648030 0.194940 0.163262 255 0 0
0.650320 0.196080 0.162735 255 0 0
0.651381 0.196068 0.162561 255 0 0
0.653713 0.197217 0.162037 255 0 0
0.655043 0.197337 0.161932 255 0 0
0.656764 0.197314 0.161777 255 0 0
0.658505 0.197421 0.161688 0 0 0
0.660021 0.197450 0.161683 0 0 0
0.661936 0.196804 0.161951 0 0 0
0.663465 0.196986 0.162007 0 0 0
0.665032 0.197038 0.162020 0 0 0
0.666931 0.196404 0.162294 0 0 0
0.668278 0.196497 0.162415 0 0 0
0.670257 0.196008 0.162762 0 0 0
0.671772 0.196047 0.162766 0 0 0
0.673310 0.196077 0.162770 0 0 0
0.675222 0.195382 0.163008 0 0 0
0.676727 0.195409 0.162994 0 0 0
0.678366 0.195589 0.162949 0 0 0
0.680097 0.195870 0.162921 0 0 0
0.681825 0.195865 0.162774 0 0 0
0.683118 0.195978 0.162676 0 0 0
0.685445 0.197382 0.162251 0 0 0
0.686815 0.197373 0.162092 0 0 0
0.688189 0.197503 0.161982 0 0 0
0.690581 0.198500 0.161379 0 0 0
0.691924 0.198635 0.161280 0 0 0
0.693635 0.198782 0.161197 0 0 0
0.695321 0.198917 0.161118 0 0 0
0.697031 0.199039 0.161033 0 0 0
0.698367 0.199167 0.160936 0 0 0
0.700766 0.200218 0.160355 0 0 0
0.702104 0.200485 0.160311 0 0 0
0.703760 0.200468 0.160178 0 0 0
0.705518 0.200603 0.160090 0 0 0
0.707074 0.200640 0.160101 0 0 0
0.708870 0.200182 0.160418 0 0 0
0.710283 0.200076 0.160505 0 0 0
0.712092 0.199581 0.160822 0 0 0
0.713646 0.199614 0.160838 0 0 0
0.715226 0.199651 0.160864 0 0 0
0.716872 0.199075 0.161256 0 0 0
0.718533 0.198467 0.161649 0 0 0
0.720137 0.198470 0.161660 0 0 0
0.721253 0.198562 0.161616 0 0 0
0.541879 0.192279 0.161753 0 0 0
0.543033 0.192397 0.161702 0 0 0
0.544796 0.192553 0.161621 0 0 0
0.546500 0.192694 0.161542 0 0 0
0.548229 0.192836 0.161467 0 0 0
0.549676 0.192914 0.161448 0 0 0
0.551957 0.192372 0.161806 0 0 0
0.553426 0.192448 0.161791 0 0 0
0.554901 0.192516 0.161773 0 0 0
0.557197 0.191763 0.162043 0 0 0
0.558591 0.191865 0.162033 0 0 0
0.560311 0.192176 0.162028 0 0 0
0.562034 0.192351 0.161961 0 0 0
0.563752 0.192493 0.161888 0 0 0
0.565203 0.192558 0.161868 0 0 0
0.567468 0.191812 0.162138 0 0 0
0.568883 0.191934 0.162139 0 0 0
0.570637 0.192409 0.162208 0 0 0
0.572079 0.192521 0.162209 0 0 0
0.574079 0.191655 0.162342 0 0 0
0.575923 0.192840 0.162035 0 0 0
0.577122 0.192950 0.161981 0 0 0
0.579376 0.192080 0.162194 0 0 0
0.580828 0.192451 0.162296 0 0 0
0.582548 0.192656 0.162259 0 0 0
0.583997 0.192707 0.162228 0 0 0
0.586235 0.191746 0.162407 0 0 0
0.587634 0.191836 0.162398 0 0 0
0.589350 0.192146 0.162394 0 0 0
0.591063 0.192317 0.162327 0 0 0
0.592747 0.192461 0.162250 0 0 0
0.594435 0.192604 0.162172 0 0 0
0.596123 0.192747 0.162095 0 0 0
0.597812 0.192891 0.162017 0 0 0
0.599500 0.193034 0.161939 0 0 0
0.601188 0.193177 0.161861 0 0 0
0.602876 0.193321 0.161784 0 0 0
0.604564 0.193464 0.161706 0 0 0
0.606252 0.193607 0.161628 0 0 0
0.607964 0.193747 0.161555 0 0 0
0.609443 0.193809 0.161546 0 0 0
0.611559 0.193289 0.161895 0 0 0
0.612832 0.193273 0.161950 0 0 0
0.614935 0.192758 0.162298 0 0 0
0.616452 0.192843 0.162308 0 0 0
0.618005 0.193048 0.162391 0 0 0
0.619827 0.192265 0.162707 0 0 0
0.621670 0.191529 0.163050 0 0 0
0.623090 0.191767 0.163275 0 0 0
0.624656 0.191323 0.163639 0 0 0
0.626911 0.189210 0.164263 0 0 0
0.628165 0.189465 0.164471 0 0 0
0.629972 0.189968 0.164586 0 0 0
0.631454 0.190093 0.164633 0 0 0
0.633498 0.189346 0.164867 0 0 0
0.634763 0.189279 0.164888 0 0 0
0.636796 0.188477 0.164869 0 0 0
0.638024 0.188542 0.164811 0 0 0
0.640228 0.189545 0.164526 0 0 0
0.641311 0.189733 0.164424 0 0 0
0.643568 0.190905 0.163926 0 0 0
0.644996 0.191016 0.163800 0 0 0
0.646380 0.191019 0.163635 0 0 0
0.648698 0.192117 0.163083 0 0 0
0.649724 0.192127 0.162915 0 0 0
0.651697 0.193297 0.162371 255 0 0
0.653675 0.194292 0.161766 255 0 0
0.655049 0.194421 0.161656 255 0 0
0.656756 0.194567 0.161572 255 0 0
0.658426 0.194721 0.161497 255 0 0
0.660148 0.194909 0.161436 0 0 0
0.661660 0.195092 0.161486 0 0 0
0.663584 0.194437 0.161758 0 0 0
0.665147 0.194484 0.161763 0 0 0
0.666390 0.194714 0.161792 0 0 0
0.668678 0.192867 0.162588 0 0 0
0.669953 0.193150 0.162646 0 0 0
0.671681 0.193339 0.162587 0 0 0
0.673369 0.193510 0.162520 0 0 0
0.675055 0.193820 0.162511 0 0 0
0.676695 0.194000 0.162466 0 0 0
0.678230 0.193997 0.162450 0 0 0
0.679810 0.193162 0.162568 0 0 0
0.681992 0.194418 0.162247 0 0 0
0.683299 0.194537 0.162147 0 0 0
0.685005 0.194506 0.161991 0 0 0
0.686713 0.194614 0.161895 0 0 0
0.688424 0.194719 0.161799 0 0 0
0.690043 0.194706 0.161674 0 0 0
0.691702 0.194972 0.161650 0 0 0
0.693474 0.195115 0.161557 0 0 0
0.694788 0.195088 0.161401 0 0 0
0.697202 0.196298 0.160866 0 0 0
0.698142 0.196458 0.160776 0 0 0
0.700490 0.197277 0.160288 0 0 0
0.701648 0.196888 0.160476 0 0 0
0.703831 0.197513 0.160118 0 0 0
0.705274 0.197105 0.160380 0 0 0
0.706733 0.197002 0.160480 0 0 0
0.708522 0.196548 0.160797 0 0 0
0.710070 0.196588 0.160810 0 0 0
0.711786 0.196756 0.160748 0 0 0
0.713312 0.196769 0.160764 0 0 0
0.714982 0.196158 0.161161 0 0 0
0.716616 0.195585 0.161551 0 0 0
0.718173 0.195619 0.161572 0 0 0
0.719917 0.195770 0.161500 0 0 0
0.721007 0.195875 0.161451 0 0 0
0.542159 0.189343 0.161429 0 0 0
0.543366 0.189473 0.161385 0 0 0
0.545080 0.189649 0.161322 0 0 0
0.546773 0.189967 0.161317 0 0 0
0.548523 0.190141 0.161254 0 0 0
0.549961 0.190220 0.161237 0 0 0
0.552239 0.189681 0.161595 0 0 0
0.553671 0.189759 0.161578 0 0 0
0.555418 0.189929 0.161515 0 0 0
0.557136 0.190236 0.161510 0 0 0
0.558527 0.190330 0.161497 0 0 0
0.560841 0.189357 0.161680 0 0 0
0.562268 0.189419 0.161648 0 0 0
0.563987 0.189556 0.161572 0 0 0
0.565657 0.189766 0.161527 0 0 0
0.567381 0.190247 0.161595 0 0 0
0.568797 0.190362 0.161594 0 0 0
0.571038 0.189443 0.161801 0 0 0
0.572495 0.189687 0.161848 0 0 0
0.574200 0.189990 0.161839 0 0 0
0.575861 0.190002 0.161712 0 0 0
0.577635 0.190146 0.161636 0 0 0
0.579066 0.190350 0.161671 0 0 0
0.581283 0.189435 0.161875 0 0 0
0.582674 0.189526 0.161867 0 0 0
0.584412 0.189868 0.161875 0 0 0
0.586150 0.190206 0.161882 0 0 0
0.587549 0.190294 0.161875 0 0 0
0.589734 0.189381 0.162077 0 0 0
0.591171 0.189592 0.162115 0 0 0
0.592906 0.189763 0.162053 0 0 0
0.594586 0.189907 0.161976 0 0 0
0.596269 0.190050 0.161898 0 0 0
0.597952 0.190192 0.161821 0 0 0
0.599635 0.190335 0.161743 0 0 0
0.601318 0.190475 0.161666 0 0 0
0.603001 0.190617 0.161588 0 0 0
0.604684 0.190760 0.161511 0 0 0
0.606367 0.190903 0.161433 0 0 0
0.608073 0.191042 0.161360 0 0 0
0.609545 0.191094 0.161348 0 0 0
0.611689 0.190357 0.161614 0 0 0
0.612922 0.190340 0.161658 0 0 0
0.615010 0.189795 0.161982 0 0 0
0.616468 0.189904 0.162016 0 0 0
0.618215 0.190244 0.162035 0 0 0
0.619764 0.190468 0.162120 0 0 0
0.621574 0.189715 0.162451 0 0 0
0.623287 0.188769 0.162790 0 0 0
0.625063 0.188176 0.163083 0 0 0
0.626517 0.188621 0.163693 0 0 0
0.628294 0.187808 0.163847 0 0 0
0.630166 0.186862 0.163855 0 0 0
0.631531 0.186969 0.163906 0 0 0
0.633302 0.187483 0.164193 0 0 0
0.635006 0.187623 0.164184 0 0 0
0.636684 0.187970 0.164386 0 0 0
0.638207 0.188107 0.164326 0 0 0
0.639927 0.188192 0.164023 0 0 0
0.641610 0.188274 0.163877 0 0 0
0.643336 0.188079 0.163645 0 0 0
0.644712 0.188176 0.163496 0 0 0
0.646944 0.189286 0.162990 0 0 0
0.647973 0.189296 0.162827 255 0 0
0.650250 0.190642 0.162381 0 0 0
0.651639 0.190629 0.162213 0 0 0
0.653023 0.190741 0.162096 255 0 0
0.655363 0.191719 0.161492 255 0 0
0.656698 0.191857 0.161405 255 0 0
0.658217 0.191908 0.161397 255 0 0
0.660191 0.191393 0.161729 0 0 0
0.661671 0.191423 0.161725 0 0 0
0.663360 0.191590 0.161656 0 0 0
0.665046 0.191753 0.161589 0 0 0
0.666623 0.191788 0.161628 0 0 0
0.668323 0.191379 0.162074 0 0 0
0.670067 0.190614 0.162405 0 0 0
0.671575 0.190635 0.162410 0 0 0
0.673260 0.190770 0.162339 0 0 0
0.674925 0.190909 0.162263 0 0 0
0.676587 0.191050 0.162187 0 0 0
0.678275 0.191222 0.162119 0 0 0
0.679925 0.191502 0.162096 0 0 0
0.681542 0.191509 0.161974 0 0 0
0.683254 0.191618 0.161880 0 0 0
0.684915 0.191759 0.161802 0 0 0
0.686612 0.191905 0.161719 0 0 0
0.687954 0.192046 0.161620 0 0 0
0.690165 0.193086 0.161218 0 0 0
0.691694 0.192467 0.161400 0 0 0
0.692914 0.192474 0.161384 0 0 0
0.695270 0.193648 0.160875 0 0 0
0.696588 0.193619 0.160718 0 0 0
0.698333 0.193729 0.160615 0 0 0
0.700036 0.193855 0.160531 0 0 0
0.701341 0.194018 0.160445 0 0 0
0.703648 0.194878 0.159966 0 0 0
0.705101 0.194445 0.160221 0 0 0
0.706545 0.194357 0.160320 0 0 0
0.708362 0.193863 0.160646 0 0 0
0.709748 0.193756 0.160736 0 0 0
0.711531 0.193273 0.161051 0 0 0
0.713087 0.193301 0.161073 0 0 0
0.714666 0.193353 0.161098 0 0 0
0.716404 0.192902 0.161402 0 0 0
0.717932 0.192912 0.161413 0 0 0
0.719670 0.193066 0.161342 0 0 0
0.720762 0.193183 0.161293 0 0 0
0.540694 0.187606 0.160864 0 0 0
0.541843 0.187878 0.160880 0 0 0
0.543571 0.188069 0.160823 0 0 0
0.545004 0.188129 0.160787 0 0 0
0.547354 0.187150 0.160972 0 0 0
0.548799 0.187216 0.160943 0 0 0
0.550249 0.187293 0.160928 0 0 0
0.552512 0.186766 0.161277 0 0 0
0.553934 0.186863 0.161289 0 0 0
0.555642 0.187174 0.161288 0 0 0
0.557354 0.187345 0.161223 0 0 0
0.559065 0.187520 0.161157 0 0 0
0.560751 0.187837 0.161151 0 0 0
0.562398 0.188016 0.161095 0 0 0
0.564117 0.188151 0.161018 0 0 0
0.565547 0.188204 0.160986 0 0 0
0.567796 0.187282 0.161193 0 0 0
0.569271 0.187527 0.161245 0 0 0
0.570752 0.187776 0.161301 0 0 0
0.572951 0.187080 0.161592 0 0 0
0.574393 0.187140 0.161576 0 0 0
0.576102 0.187281 0.161502 0 0 0
0.577782 0.187425 0.161426 0 0 0
0.579491 0.187596 0.161359 0 0 0
0.581200 0.187907 0.161356 0 0 0
0.582595 0.187995 0.161348 0 0 0
0.584794 0.187071 0.161549 0 0 0
0.586221 0.187284 0.161590 0 0 0
0.588006 0.187484 0.161543 0 0 0
0.589439 0.187694 0.161583 0 0 0
0.591613 0.186778 0.161783 0 0 0
0.593049 0.186826 0.161755 0 0 0
0.594752 0.186962 0.161680 0 0 0
0.596431 0.187103 0.161602 0 0 0
0.598113 0.187242 0.161523 0 0 0
0.599744 0.187424 0.161470 0 0 0
0.601427 0.187744 0.161466 0 0 0
0.603129 0.187918 0.161400 0 0 0
0.604803 0.188062 0.161324 0 0 0
0.606481 0.188204 0.161246 0 0 0
0.608155 0.188348 0.161170 0 0 0
0.609856 0.188520 0.161103 0 0 0
0.611561 0.188832 0.161104 0 0 0
0.613025 0.188940 0.161137 0 0 0
0.615110 0.188399 0.161463 0 0 0
0.616338 0.188371 0.161505 0 0 0
0.618488 0.187412 0.161685 0 0 0
0.619975 0.187475 0.161677 0 0 0
0.621493 0.187703 0.161767 0 0 0
0.623512 0.187303 0.162177 0 0 0
0.624638 0.187540 0.162475 0 0 0
0.626992 0.185522 0.162794 0 0 0
0.628296 0.185910 0.163090 0 0 0
0.630082 0.186357 0.163372 0 0 0
0.631292 0.186484 0.163412 0 0 0
0.633501 0.184436 0.163479 0 0 0
0.635030 0.185417 0.163460 0 0 0
0.636773 0.184840 0.163660 0 0 0
0.638310 0.184878 0.163671 0 0 0
0.640046 0.185029 0.163556 0 0 0
0.641482 0.185107 0.163233 0 0 0
0.643601 0.186310 0.162978 0 0 0
0.644650 0.186507 0.162889 0 0 0
0.646906 0.187674 0.162404 0 0 0
0.648246 0.187815 0.162277 0 0 0
0.649946 0.187786 0.162119 0 0 0
0.651651 0.187902 0.162025 255 0 0
0.653342 0.188040 0.161941 255 0 0
0.654707 0.188160 0.161832 255 0 0
0.656829 0.188959 0.161354 255 0 0
0.658418 0.188542 0.161623 255 0 0
0.659955 0.188598 0.161634 0 0 0
0.661658 0.188738 0.161570 0 0 0
0.663166 0.188755 0.161574 0 0 0
0.664785 0.188310 0.161830 0 0 0
0.666798 0.188982 0.161485 0 0 0
0.668204 0.188484 0.161822 0 0 0
0.669987 0.187897 0.162235 0 0 0
0.671487 0.187934 0.162247 0 0 0
0.673167 0.188067 0.162177 0 0 0
0.674826 0.188207 0.162100 0 0 0
0.676481 0.188346 0.162023 0 0 0
0.678189 0.188456 0.161929 0 0 0
0.679800 0.188460 0.161807 0 0 0
0.681444 0.188741 0.161784 0 0 0
0.683128 0.188911 0.161717 0 0 0
0.684785 0.189053 0.161641 0 0 0
0.686477 0.189199 0.161558 0 0 0
0.687816 0.189338 0.161457 0 0 0
0.690037 0.190161 0.160991 0 0 0
0.691550 0.189743 0.161234 0 0 0
0.692719 0.189783 0.161235 0 0 0
0.695139 0.190777 0.160638 0 0 0
0.696460 0.190908 0.160539 0 0 0
0.698163 0.191046 0.160455 0 0 0
0.699824 0.191162 0.160377 0 0 0
0.701483 0.191295 0.160300 0 0 0
0.703164 0.191407 0.160229 0 0 0
0.704692 0.191433 0.160239 0 0 0
0.706464 0.190975 0.160548 0 0 0
0.708026 0.191012 0.160570 0 0 0
0.709578 0.191044 0.160593 0 0 0
0.711331 0.190591 0.160907 0 0 0
0.712742 0.190508 0.161006 0 0 0
0.714526 0.190022 0.161324 0 0 0
0.716050 0.190046 0.161336 0 0 0
0.717786 0.190196 0.161264 0 0 0
0.718861 0.190300 0.161216 0 0 0
0.540987 0.184906 0.160648 0 0 0
0.542120 0.184997 0.160595 0 0 0
0.543872 0.185147 0.160515 0 0 0
0.545590 0.185322 0.160449 0 0 0
0.547274 0.185642 0.160444 0 0 0
0.548946 0.185818 0.160393 0 0 0
0.550413 0.185886 0.160387 0 0 0
0.552691 0.185163 0.160668 0 0 0
0.553828 0.185307 0.160745 0 0 0
0.556156 0.184405 0.160974 0 0 0
0.557565 0.184633 0.161013 0 0 0
0.559305 0.184804 0.160951 0 0 0
0.560984 0.184944 0.160874 0 0 0
0.562667 0.185087 0.160796 0 0 0
0.564347 0.185231 0.160720 0 0 0
0.566086 0.185403 0.160658 0 0 0
0.567507 0.185626 0.160698 0 0 0
0.569741 0.184916 0.160997 0 0 0
0.570940 0.184906 0.161037 0 0 0
0.573162 0.184200 0.161334 0 0 0
0.574580 0.184424 0.161376 0 0 0
0.576314 0.184595 0.161315 0 0 0
0.577983 0.184746 0.161239 0 0 0
0.579660 0.184912 0.161164 0 0 0
0.581337 0.185058 0.161087 0 0 0
0.583069 0.185229 0.161026 0 0 0
0.584500 0.185446 0.161070 0 0 0
0.586681 0.184736 0.161361 0 0 0
0.588092 0.184777 0.161342 0 0 0
0.589822 0.184943 0.161280 0 0 0
0.591501 0.185261 0.161274 0 0 0
0.593131 0.185444 0.161221 0 0 0
0.594811 0.185585 0.161144 0 0 0
0.596482 0.185735 0.161068 0 0 0
0.598181 0.185896 0.160997 0 0 0
0.599626 0.185951 0.160973 0 0 0
0.601800 0.185202 0.161236 0 0 0
0.603222 0.185238 0.161218 0 0 0
0.604916 0.185380 0.161146 0 0 0
0.606594 0.185541 0.161070 0 0 0
0.608271 0.185662 0.160991 0 0 0
0.609934 0.185805 0.160915 0 0 0
0.611635 0.185958 0.160844 0 0 0
0.613104 0.185986 0.160833 0 0 0
0.615157 0.185301 0.161115 0 0 0
0.616631 0.185542 0.161173 0 0 0
0.618359 0.185888 0.161183 0 0 0
0.619995 0.186065 0.161137 0 0 0
0.621508 0.186094 0.161142 0 0 0
0.623357 0.185262 0.161440 0 0 0
0.625222 0.184562 0.161836 0 0 0
0.626621 0.184900 0.162241 0 0 0
0.628370 0.184032 0.162353 0 0 0
0.630145 0.183135 0.162436 0 0 0
0.631676 0.183353 0.162700 0 0 0
0.633400 0.183903 0.163009 0 0 0
0.634823 0.183941 0.162883 0 0 0
0.636889 0.183202 0.163057 0 0 0
0.638341 0.183255 0.163038 0 0 0
0.639732 0.183437 0.162963 0 0 0
0.641813 0.184634 0.162718 0 0 0
0.643257 0.184713 0.162394 0 0 0
0.644941 0.184832 0.162258 0 0 0
0.646610 0.184805 0.162109 0 0 0
0.648301 0.184914 0.162015 0 0 0
0.649997 0.185023 0.161920 0 0 0
0.651672 0.184981 0.161768 0 0 0
0.653276 0.185145 0.161702 0 0 0
0.654618 0.185476 0.161673 255 0 0
0.656776 0.186348 0.161211 255 0 0
0.658400 0.185894 0.161472 0 0 0
0.659893 0.185912 0.161475 0 0 0
0.661598 0.186040 0.161410 0 0 0
0.663131 0.186058 0.161417 0 0 0
0.664685 0.185475 0.161626 0 0 0
0.666694 0.186346 0.161336 0 0 0
0.668153 0.185794 0.161670 0 0 0
0.669942 0.184961 0.161995 0 0 0
0.671363 0.185030 0.162014 0 0 0
0.673055 0.185342 0.162012 0 0 0
0.674728 0.185509 0.161944 0 0 0
0.676458 0.185621 0.161843 0 0 0
0.677780 0.185597 0.161685 0 0 0
0.679919 0.186809 0.161353 0 0 0
0.681435 0.186033 0.161494 0 0 0
0.682961 0.186186 0.161548 0 0 0
0.684654 0.186347 0.161487 0 0 0
0.686385 0.186459 0.161385 0 0 0
0.687703 0.186432 0.161227 0 0 0
0.689892 0.187456 0.160836 0 0 0
0.691361 0.187041 0.161084 0 0 0
0.692906 0.187056 0.161100 0 0 0
0.694578 0.187166 0.161029 0 0 0
0.696280 0.187310 0.160947 0 0 0
0.697541 0.187453 0.160862 0 0 0
0.700000 0.188465 0.160239 0 0 0
0.701264 0.188589 0.160154 0 0 0
0.702969 0.188739 0.160080 0 0 0
0.704511 0.188783 0.160095 0 0 0
0.706291 0.188314 0.160405 0 0 0
0.707806 0.188332 0.160423 0 0 0
0.709364 0.188357 0.160452 0 0 0
0.711008 0.187761 0.160849 0 0 0
0.712642 0.187172 0.161244 0 0 0
0.714173 0.187202 0.161267 0 0 0
0.715835 0.187346 0.161199 0 0 0
0.717554 0.187493 0.161120 0 0 0
0.718617 0.187593 0.161072 0 0 0
0.541307 0.182228 0.160456 0 0 0
0.542431 0.182321 0.160404 0 0 0
0.544181 0.182470 0.160323 0 0 0
0.545866 0.182613 0.160246 0 0 0
0.547549 0.182753 0.160168 0 0 0
0.549229 0.182897 0.160091 0 0 0
0.550967 0.183068 0.160029 0 0 0
0.552374 0.183278 0.160064 0 0 0
0.554683 0.182618 0.160389 0 0 0
0.555841 0.182763 0.160474 0 0 0
0.558102 0.181872 0.160711 0 0 0
0.559507 0.182092 0.160749 0 0 0
0.561242 0.182266 0.160688 0 0 0
0.562917 0.182411 0.160612 0 0 0
0.564590 0.182560 0.160535 0 0 0
0.566293 0.182725 0.160464 0 0 0
0.567728 0.182799 0.160451 0 0 0
0.569971 0.182260 0.160814 0 0 0
0.571422 0.182340 0.160810 0 0 0
0.572870 0.182550 0.160853 0 0 0
0.575053 0.181668 0.161080 0 0 0
0.576495 0.181882 0.161124 0 0 0
0.577957 0.181948 0.161119 0 0 0
0.580151 0.181228 0.161411 0 0 0
0.581567 0.181450 0.161457 0 0 0
0.583292 0.181623 0.161397 0 0 0
0.584962 0.181772 0.161321 0 0 0
0.586631 0.181939 0.161246 0 0 0
0.588296 0.182089 0.161170 0 0 0
0.589966 0.182230 0.161093 0 0 0
0.591636 0.182369 0.161016 0 0 0
0.593307 0.182510 0.160939 0 0 0
0.595005 0.182647 0.160866 0 0 0
0.596422 0.182683 0.160848 0 0 0
0.598604 0.181927 0.161111 0 0 0
0.600035 0.181983 0.161087 0 0 0
0.601733 0.182140 0.161016 0 0 0
0.603374 0.182328 0.160971 0 0 0
0.604830 0.182523 0.161026 0 0 0
0.606696 0.181889 0.161249 0 0 0
0.608672 0.182911 0.160858 0 0 0
0.609826 0.182983 0.160818 0 0 0
0.611685 0.182326 0.161023 0 0 0
0.613694 0.183381 0.160641 0 0 0
0.614839 0.183610 0.160653 0 0 0
0.616958 0.182716 0.160848 0 0 0
0.618398 0.182747 0.160821 0 0 0
0.620087 0.182880 0.160748 0 0 0
0.621739 0.183094 0.160717 0 0 0
0.623272 0.183462 0.160864 0 0 0
0.625079 0.182721 0.161200 0 0 0
0.626870 0.182000 0.161541 0 0 0
0.628477 0.182373 0.161737 0 0 0
0.629973 0.182560 0.161969 0 0 0
0.631689 0.181692 0.162073 0 0 0
0.633544 0.180832 0.162347 0 0 0
0.635016 0.180949 0.162398 0 0 0
0.636718 0.181406 0.162459 0 0 0
0.638348 0.181617 0.162417 0 0 0
0.639973 0.181718 0.162327 0 0 0
0.641636 0.181697 0.162184 0 0 0
0.643327 0.181811 0.162091 0 0 0
0.644977 0.181949 0.162014 0 0 0
0.646632 0.182089 0.161938 0 0 0
0.648317 0.182235 0.161855 0 0 0
0.649654 0.182381 0.161752 0 0 0
0.651923 0.183562 0.161267 0 0 0
0.653064 0.183610 0.161233 255 0 0
0.655056 0.182898 0.161475 255 0 0
0.656535 0.182911 0.161473 255 0 0
0.658218 0.183062 0.161403 0 0 0
0.659865 0.183213 0.161328 0 0 0
0.661518 0.183355 0.161252 0 0 0
0.663221 0.183523 0.161193 0 0 0
0.664668 0.183685 0.161238 0 0 0
0.666575 0.183035 0.161515 0 0 0
0.668091 0.183114 0.161528 0 0 0
0.669791 0.183425 0.161534 0 0 0
0.671211 0.183486 0.161544 0 0 0
0.673157 0.182552 0.161702 0 0 0
0.674657 0.182574 0.161680 0 0 0
0.675979 0.182710 0.161597 0 0 0
0.678265 0.184127 0.161176 0 0 0
0.679612 0.184120 0.161035 0 0 0
0.681189 0.184275 0.161068 0 0 0
0.683005 0.183649 0.161331 0 0 0
0.684540 0.183673 0.161331 0 0 0
0.685869 0.183800 0.161238 0 0 0
0.688197 0.184960 0.160727 0 0 0
0.689366 0.184823 0.160649 0 0 0
0.691233 0.184156 0.160890 0 0 0
0.692727 0.184334 0.160946 0 0 0
0.694466 0.184461 0.160866 0 0 0
0.696116 0.184408 0.160713 0 0 0
0.697761 0.184520 0.160619 0 0 0
0.699053 0.184631 0.160531 0 0 0
0.701493 0.185862 0.160025 0 0 0
0.702604 0.185892 0.160023 0 0 0
0.704425 0.185427 0.160331 0 0 0
0.705976 0.185462 0.160354 0 0 0
0.707489 0.185478 0.160375 0 0 0
0.709266 0.185003 0.160693 0 0 0
0.710681 0.184915 0.160792 0 0 0
0.712457 0.184247 0.161030 0 0 0
0.713898 0.184302 0.161054 0 0 0
0.715641 0.184577 0.161033 0 0 0
0.717307 0.184626 0.160924 0 0 0
0.718357 0.184848 0.160920 0 0 0
0.541622 0.179595 0.160275 0 0 0
0.542741 0.179685 0.160223 0 0 0
0.544491 0.179808 0.160141 0 0 0
0.546166 0.179941 0.160063 0 0 0
0.547844 0.180084 0.159985 0 0 0
0.549523 0.180230 0.159908 0 0 0
0.551224 0.180377 0.159836 0 0 0
0.552642 0.180470 0.159822 0 0 0
0.554933 0.179932 0.160191 0 0 0
0.556375 0.180015 0.160185 0 0 0
0.557810 0.180240 0.160230 0 0 0
0.560046 0.179533 0.160525 0 0 0
0.561466 0.179598 0.160508 0 0 0
0.563196 0.179733 0.160439 0 0 0
0.564589 0.179784 0.160419 0 0 0
0.566841 0.179239 0.160783 0 0 0
0.568263 0.179316 0.160770 0 0 0
0.569958 0.179482 0.160699 0 0 0
0.571621 0.179631 0.160624 0 0 0
0.573347 0.179802 0.160563 0 0 0
0.574760 0.180016 0.160604 0 0 0
0.576915 0.179135 0.160828 0 0 0
0.578387 0.179419 0.160893 0 0 0
0.579860 0.179676 0.160957 0 0 0
0.582046 0.178957 0.161249 0 0 0
0.583443 0.178996 0.161230 0 0 0
0.585137 0.179132 0.161157 0 0 0
0.586803 0.179273 0.161080 0 0 0
0.588467 0.179414 0.161003 0 0 0
0.590132 0.179555 0.160927 0 0 0
0.591797 0.179696 0.160850 0 0 0
0.593462 0.179838 0.160773 0 0 0
0.595123 0.179981 0.160697 0 0 0
0.596814 0.180156 0.160632 0 0 0
0.598483 0.180478 0.160630 0 0 0
0.600100 0.180661 0.160578 0 0 0
0.601789 0.180800 0.160504 0 0 0
0.603225 0.180876 0.160486 0 0 0
0.605407 0.180163 0.160763 0 0 0
0.606814 0.180292 0.160782 0 0 0
0.608506 0.180109 0.160583 0 0 0
0.610135 0.180250 0.160510 0 0 0
0.611813 0.180684 0.160545 0 0 0
0.613495 0.180530 0.160353 0 0 0
0.615118 0.180671 0.160281 0 0 0
0.616809 0.181176 0.160348 0 0 0
0.618442 0.181393 0.160309 0 0 0
0.620128 0.181526 0.160236 0 0 0
0.621571 0.181566 0.160216 0 0 0
0.623682 0.180867 0.160498 0 0 0
0.624992 0.180964 0.160638 0 0 0
0.626794 0.180185 0.160969 0 0 0
0.628561 0.179407 0.161287 0 0 0
0.630110 0.179650 0.161395 0 0 0
0.631665 0.179881 0.161494 0 0 0
0.633653 0.179199 0.161759 0 0 0
0.634848 0.179158 0.161805 0 0 0
0.636879 0.178397 0.162038 0 0 0
0.638322 0.178495 0.162080 0 0 0
0.639997 0.178813 0.162083 0 0 0
0.641714 0.178954 0.162000 0 0 0
0.643376 0.178904 0.161848 0 0 0
0.644931 0.179053 0.161785 0 0 0
0.646600 0.179381 0.161780 0 0 0
0.648310 0.179562 0.161709 0 0 0
0.649596 0.179723 0.161617 0 0 0
0.651898 0.180678 0.161031 255 0 0
0.653060 0.180723 0.161003 255 0 0
0.655046 0.180232 0.161330 0 0 0
0.656490 0.180257 0.161330 0 0 0
0.658164 0.180389 0.161260 0 0 0
0.659814 0.180529 0.161184 0 0 0
0.661464 0.180669 0.161108 0 0 0
0.663133 0.180803 0.161038 0 0 0
0.664612 0.180843 0.161044 0 0 0
0.666551 0.180323 0.161352 0 0 0
0.667984 0.180235 0.161314 0 0 0
0.669625 0.180509 0.161298 0 0 0
0.671323 0.180709 0.161242 0 0 0
0.672984 0.181029 0.161236 0 0 0
0.674581 0.181224 0.161191 0 0 0
0.676194 0.181328 0.161102 0 0 0
0.677847 0.181274 0.160949 0 0 0
0.679558 0.181373 0.160861 0 0 0
0.681049 0.181388 0.160864 0 0 0
0.682917 0.180693 0.161100 0 0 0
0.684423 0.180722 0.161086 0 0 0
0.685734 0.180852 0.161003 0 0 0
0.688071 0.182077 0.160504 0 0 0
0.689418 0.182235 0.160421 0 0 0
0.690951 0.182404 0.160468 0 0 0
0.692804 0.181558 0.160647 0 0 0
0.693930 0.181562 0.160621 0 0 0
0.696311 0.183030 0.160219 0 0 0
0.697606 0.183171 0.160134 0 0 0
0.699248 0.183292 0.160044 0 0 0
0.700916 0.183231 0.159896 0 0 0
0.702483 0.183223 0.159892 0 0 0
0.704236 0.182763 0.160199 0 0 0
0.705759 0.182797 0.160224 0 0 0
0.707307 0.182832 0.160249 0 0 0
0.709064 0.182369 0.160559 0 0 0
0.710574 0.182406 0.160581 0 0 0
0.712280 0.182706 0.160587 0 0 0
0.713755 0.182746 0.160615 0 0 0
0.715176 0.182139 0.160782 0 0 0
0.717375 0.182923 0.160510 0 0 0
0.718229 0.182205 0.160595 0 0 0
0.540448 0.175849 0.160722 0 0 0
0.541609 0.175811 0.160601 0 0 0
0.543050 0.175949 0.160465 0 0 0
0.545035 0.177060 0.160007 0 0 0
0.546437 0.177263 0.159894 0 0 0
0.548166 0.177387 0.159796 0 0 0
0.549899 0.177351 0.159649 0 0 0
0.551233 0.177361 0.159607 0 0 0
0.553469 0.176863 0.159979 0 0 0
0.554905 0.177127 0.160054 0 0 0
0.556653 0.177310 0.160003 0 0 0
0.558067 0.177375 0.159988 0 0 0
0.560297 0.176665 0.160283 0 0 0
0.561691 0.176897 0.160326 0 0 0
0.563445 0.177067 0.160271 0 0 0
0.564858 0.177140 0.160260 0 0 0
0.567077 0.176612 0.160619 0 0 0
0.568490 0.176683 0.160607 0 0 0
0.570182 0.176822 0.160535 0 0 0
0.571847 0.176963 0.160458 0 0 0
0.573510 0.177105 0.160382 0 0 0
0.575254 0.177293 0.160320 0 0 0
0.576435 0.177576 0.160347 0 0 0
0.579123 0.175889 0.161259 0 0 0
0.580287 0.176000 0.161224 0 0 0
0.582003 0.176172 0.161150 0 0 0
0.583659 0.176321 0.161074 0 0 0
0.585319 0.176463 0.160997 0 0 0
0.586979 0.176604 0.160921 0 0 0
0.588638 0.176744 0.160845 0 0 0
0.590298 0.176885 0.160768 0 0 0
0.591957 0.177026 0.160692 0 0 0
0.593617 0.177167 0.160615 0 0 0
0.595276 0.177308 0.160539 0 0 0
0.596936 0.177448 0.160462 0 0 0
0.598596 0.177586 0.160386 0 0 0
0.600284 0.177720 0.160314 0 0 0
0.601696 0.177752 0.160299 0 0 0
0.603811 0.177052 0.160587 0 0 0
0.605263 0.177298 0.160633 0 0 0
0.606679 0.177496 0.160540 0 0 0
0.608833 0.178640 0.160065 0 0 0
0.609987 0.178696 0.160019 0 0 0
0.611849 0.177824 0.160140 0 0 0
0.613800 0.179052 0.159834 0 0 0
0.614945 0.179127 0.159788 0 0 0
0.617099 0.178168 0.159956 0 0 0
0.618533 0.178205 0.159932 0 0 0
0.620184 0.178383 0.159893 0 0 0
0.621650 0.178601 0.159955 0 0 0
0.623690 0.177966 0.160254 0 0 0
0.625171 0.178198 0.160323 0 0 0
0.626731 0.178437 0.160429 0 0 0
0.628482 0.177876 0.160824 0 0 0
0.630364 0.176844 0.161080 0 0 0
0.631763 0.176940 0.161099 0 0 0
0.633485 0.177417 0.161172 0 0 0
0.634960 0.177550 0.161229 0 0 0
0.636949 0.177048 0.161557 0 0 0
0.638171 0.177004 0.161612 0 0 0
0.640268 0.176042 0.161782 0 0 0
0.641374 0.176085 0.161744 0 0 0
0.643637 0.177503 0.161360 255 0 0
0.644754 0.177545 0.161323 255 0 0
0.646809 0.176593 0.161481 0 0 0
0.648248 0.176615 0.161460 0 0 0
0.649911 0.176741 0.161387 0 0 0
0.651555 0.176854 0.161308 0 0 0
0.653210 0.176990 0.161232 0 0 0
0.654799 0.177206 0.161191 0 0 0
0.656453 0.177541 0.161188 0 0 0
0.658121 0.177711 0.161122 0 0 0
0.659761 0.177852 0.161048 0 0 0
0.661406 0.177995 0.160972 0 0 0
0.663070 0.178128 0.160903 0 0 0
0.664581 0.178141 0.160910 0 0 0
0.666168 0.177514 0.161102 0 0 0
0.668101 0.178600 0.160885 0 0 0
0.669726 0.177746 0.161000 0 0 0
0.671154 0.177796 0.161014 0 0 0
0.672834 0.178109 0.161013 0 0 0
0.674499 0.178278 0.160948 0 0 0
0.676137 0.178419 0.160873 0 0 0
0.677779 0.178560 0.160797 0 0 0
0.679417 0.178699 0.160722 0 0 0
0.681079 0.178869 0.160657 0 0 0
0.682740 0.179188 0.160651 0 0 0
0.684331 0.179383 0.160607 0 0 0
0.685939 0.179487 0.160519 0 0 0
0.687585 0.179433 0.160365 0 0 0
0.689270 0.179537 0.160270 0 0 0
0.690927 0.179700 0.160203 0 0 0
0.692596 0.180024 0.160196 0 0 0
0.694143 0.180183 0.160139 0 0 0
0.695791 0.180127 0.159987 0 0 0
0.697481 0.180229 0.159891 0 0 0
0.699118 0.180365 0.159814 0 0 0
0.700778 0.180501 0.159746 0 0 0
0.702290 0.180530 0.159764 0 0 0
0.704063 0.180063 0.160082 0 0 0
0.705426 0.179968 0.160183 0 0 0
0.707204 0.179497 0.160503 0 0 0
0.708721 0.179535 0.160522 0 0 0
0.710367 0.179678 0.160456 0 0 0
0.712022 0.179807 0.160388 0 0 0
0.713575 0.179795 0.160407 0 0 0
0.714952 0.179176 0.160578 0 0 0
0.717287 0.180317 0.160195 0 0 0
0.718055 0.180556 0.160183 0 0 0
0.539104 0.173123 0.160644 0 0 0
0.539972 0.173279 0.160557 0 0 0
0.541968 0.174395 0.160104 0 0 0
0.543354 0.174531 0.159971 0 0 0
0.545073 0.174504 0.159812 0 0 0
0.546794 0.174624 0.159714 0 0 0
0.548216 0.174810 0.159593 0 0 0
0.550212 0.175903 0.159145 0 0 0
0.551407 0.176016 0.159117 0 0 0
0.553422 0.175413 0.159505 0 0 0
0.555449 0.174591 0.159843 0 0 0
0.556861 0.174657 0.159833 0 0 0
0.558611 0.174830 0.159778 0 0 0
0.560004 0.175051 0.159819 0 0 0
0.562219 0.174152 0.160048 0 0 0
0.563633 0.174376 0.160094 0 0 0
0.565103 0.174476 0.160100 0 0 0
0.567317 0.173951 0.160460 0 0 0
0.568723 0.174022 0.160449 0 0 0
0.570409 0.174161 0.160378 0 0 0
0.572071 0.174302 0.160301 0 0 0
0.573756 0.174447 0.160230 0 0 0
0.575146 0.174513 0.160219 0 0 0
0.577175 0.173899 0.160661 0 0 0
0.579088 0.173328 0.161073 0 0 0
0.580509 0.173385 0.161070 0 0 0
0.582190 0.173520 0.160999 0 0 0
0.583845 0.173660 0.160923 0 0 0
0.585500 0.173801 0.160847 0 0 0
0.587154 0.173941 0.160770 0 0 0
0.588808 0.174083 0.160694 0 0 0
0.590462 0.174227 0.160618 0 0 0
0.592117 0.174368 0.160542 0 0 0
0.593772 0.174508 0.160466 0 0 0
0.595426 0.174649 0.160389 0 0 0
0.597081 0.174788 0.160313 0 0 0
0.598735 0.174926 0.160237 0 0 0
0.600387 0.175067 0.160161 0 0 0
0.602088 0.175249 0.160103 0 0 0
0.603513 0.175488 0.160156 0 0 0
0.605652 0.174798 0.160439 0 0 0
0.606731 0.174860 0.160398 0 0 0
0.608918 0.175776 0.159826 0 0 0
0.610318 0.175941 0.159722 0 0 0
0.611964 0.176220 0.159693 0 0 0
0.613582 0.176220 0.159569 0 0 0
0.615306 0.176361 0.159487 0 0 0
0.616965 0.176684 0.159483 0 0 0
0.618591 0.176863 0.159437 0 0 0
0.620032 0.176899 0.159416 0 0 0
0.622128 0.176013 0.159634 0 0 0
0.623362 0.176272 0.159795 0 0 0
0.625433 0.175622 0.160110 0 0 0
0.626687 0.175574 0.160174 0 0 0
0.628723 0.174926 0.160477 0 0 0
0.630202 0.175307 0.160603 0 0 0
0.631627 0.175409 0.160625 0 0 0
0.633668 0.174500 0.160832 0 0 0
0.634914 0.174591 0.160944 0 0 0
0.636924 0.173957 0.161247 0 0 0
0.638385 0.174193 0.161313 0 0 0
0.640095 0.174549 0.161326 0 0 0
0.641637 0.174697 0.161263 0 0 0
0.643293 0.174646 0.161112 0 0 0
0.645002 0.174781 0.161029 0 0 0
0.646652 0.175103 0.161023 0 0 0
0.648239 0.175293 0.160978 0 0 0
0.649886 0.175434 0.160903 0 0 0
0.651528 0.175576 0.160829 0 0 0
0.653188 0.175707 0.160758 0 0 0
0.654637 0.175720 0.160739 0 0 0
0.656576 0.174826 0.160926 0 0 0
0.658021 0.175009 0.160976 0 0 0
0.659753 0.175142 0.160898 0 0 0
0.661399 0.175085 0.160745 0 0 0
0.662998 0.175185 0.160656 0 0 0
0.664608 0.175414 0.160622 0 0 0
0.666251 0.175887 0.160673 0 0 0
0.667880 0.175944 0.160572 0 0 0
0.669604 0.176225 0.160554 0 0 0
0.671000 0.176283 0.160566 0 0 0
0.672942 0.175339 0.160724 0 0 0
0.674392 0.175343 0.160705 0 0 0
0.676051 0.175473 0.160636 0 0 0
0.677630 0.175668 0.160593 0 0 0
0.679286 0.175992 0.160588 0 0 0
0.680945 0.176159 0.160523 0 0 0
0.682578 0.176296 0.160448 0 0 0
0.684214 0.176433 0.160372 0 0 0
0.685851 0.176572 0.160297 0 0 0
0.687487 0.176714 0.160222 0 0 0
0.689123 0.176855 0.160146 0 0 0
0.690759 0.176993 0.160071 0 0 0
0.692395 0.177129 0.159996 0 0 0
0.694032 0.177267 0.159920 0 0 0
0.695669 0.177409 0.159845 0 0 0
0.697304 0.177549 0.159769 0 0 0
0.698941 0.177689 0.159694 0 0 0
0.700595 0.177821 0.159627 0 0 0
0.702101 0.177848 0.159645 0 0 0
0.703867 0.177388 0.159964 0 0 0
0.705253 0.177288 0.160067 0 0 0
0.706987 0.176671 0.160335 0 0 0
0.708485 0.176841 0.160399 0 0 0
0.710158 0.177000 0.160341 0 0 0
0.711782 0.177140 0.160267 0 0 0
0.713441 0.177311 0.160201 0 0 0
0.715126 0.177591 0.160174 0 0 0
0.716108 0.177585 0.160096 0 0 0
0.539429 0.170511 0.160489 0 0 0
0.540262 0.170644 0.160405 0 0 0
0.542290 0.171518 0.159853 0 0 0
0.543725 0.171678 0.159724 0 0 0
0.545405 0.171819 0.159639 0 0 0
0.547092 0.171968 0.159555 0 0 0
0.548513 0.172146 0.159430 0 0 0
0.550506 0.173001 0.158892 0 0 0
0.551679 0.173108 0.158836 0 0 0
0.553718 0.172520 0.159257 0 0 0
0.555723 0.171930 0.159683 0 0 0
0.557132 0.172001 0.159677 0 0 0
0.558816 0.172141 0.159606 0 0 0
0.560536 0.172313 0.159547 0 0 0
0.561923 0.172536 0.159589 0 0 0
0.564151 0.171634 0.159826 0 0 0
0.565289 0.171783 0.159923 0 0 0
0.567554 0.171293 0.160309 0 0 0
0.568956 0.171367 0.160300 0 0 0
0.570638 0.171506 0.160229 0 0 0
0.572323 0.171641 0.160156 0 0 0
0.573702 0.171679 0.160138 0 0 0
0.575928 0.170957 0.160442 0 0 0
0.577083 0.171121 0.160546 0 0 0
0.579286 0.170459 0.160864 0 0 0
0.580677 0.170695 0.160913 0 0 0
0.582385 0.170869 0.160855 0 0 0
0.584031 0.171011 0.160780 0 0 0
0.585680 0.171151 0.160704 0 0 0
0.587325 0.171288 0.160627 0 0 0
0.589008 0.171399 0.160536 0 0 0
0.590677 0.171372 0.160391 0 0 0
0.592291 0.171464 0.160295 0 0 0
0.593947 0.171586 0.160212 0 0 0
0.595599 0.171720 0.160134 0 0 0
0.597195 0.171904 0.160085 0 0 0
0.598850 0.172234 0.160083 0 0 0
0.600556 0.172403 0.160024 0 0 0
0.601946 0.172434 0.160010 0 0 0
0.604113 0.171676 0.160276 0 0 0
0.605468 0.171788 0.160282 0 0 0
0.607164 0.172117 0.160278 0 0 0
0.608551 0.172280 0.160175 0 0 0
0.610713 0.173203 0.159596 0 0 0
0.612035 0.173373 0.159495 0 0 0
0.613717 0.173524 0.159412 0 0 0
0.615367 0.173665 0.159336 0 0 0
0.617016 0.173802 0.159260 0 0 0
0.618663 0.173943 0.159185 0 0 0
0.620357 0.174121 0.159127 0 0 0
0.621797 0.174347 0.159185 0 0 0
0.623656 0.173582 0.159554 0 0 0
0.625466 0.172971 0.159960 0 0 0
0.626951 0.173055 0.159984 0 0 0
0.628411 0.173274 0.160044 0 0 0
0.630429 0.172595 0.160331 0 0 0
0.631892 0.172642 0.160340 0 0 0
0.633355 0.172835 0.160397 0 0 0
0.635350 0.172019 0.160641 0 0 0
0.636598 0.172255 0.160804 0 0 0
0.638580 0.171441 0.161048 0 0 0
0.640009 0.171636 0.161099 0 0 0
0.641747 0.171768 0.161023 0 0 0
0.643335 0.171765 0.160901 0 0 0
0.644943 0.172046 0.160880 0 0 0
0.646610 0.172218 0.160816 0 0 0
0.648243 0.172357 0.160741 0 0 0
0.649879 0.172496 0.160666 0 0 0
0.651516 0.172635 0.160591 0 0 0
0.653149 0.172775 0.160516 0 0 0
0.654833 0.172942 0.160458 0 0 0
0.656281 0.173141 0.160514 0 0 0
0.658248 0.172445 0.160764 0 0 0
0.659377 0.172322 0.160681 0 0 0
0.661626 0.173723 0.160270 0 0 0
0.662943 0.173862 0.160185 0 0 0
0.664418 0.173881 0.160163 0 0 0
0.666378 0.172926 0.160320 0 0 0
0.667821 0.172940 0.160303 0 0 0
0.669475 0.173070 0.160234 0 0 0
0.671068 0.173293 0.160202 0 0 0
0.672751 0.173809 0.160268 0 0 0
0.674345 0.174032 0.160235 0 0 0
0.675998 0.174162 0.160166 0 0 0
0.677460 0.174165 0.160152 0 0 0
0.679314 0.173286 0.160335 0 0 0
0.680780 0.173462 0.160390 0 0 0
0.682456 0.173629 0.160333 0 0 0
0.684075 0.173782 0.160260 0 0 0
0.685718 0.173936 0.160184 0 0 0
0.687348 0.174050 0.160108 0 0 0
0.688976 0.174183 0.160033 0 0 0
0.690608 0.174322 0.159958 0 0 0
0.692239 0.174460 0.159883 0 0 0
0.693870 0.174599 0.159807 0 0 0
0.695501 0.174739 0.159732 0 0 0
0.697132 0.174881 0.159657 0 0 0
0.698763 0.175020 0.159582 0 0 0
0.700412 0.175150 0.159515 0 0 0
0.701912 0.175157 0.159526 0 0 0
0.703700 0.174473 0.159759 0 0 0
0.705148 0.174557 0.159802 0 0 0
0.706702 0.174884 0.159936 0 0 0
0.708404 0.174144 0.160156 0 0 0
0.709902 0.174307 0.160217 0 0 0
0.711570 0.174468 0.160159 0 0 0
0.713195 0.174607 0.160085 0 0 0
0.714891 0.174749 0.160007 0 0 0
0.715915 0.174848 0.159960 0 0 0
0.539736 0.167845 0.160349 0 0 0
0.540839 0.167941 0.160293 0 0 0
0.542294 0.168118 0.160171 0 0 0
0.544295 0.169003 0.159615 0 0 0
0.545688 0.169175 0.159496 0 0 0
0.547394 0.169325 0.159405 0 0 0
0.548776 0.169517 0.159289 0 0 0
0.550796 0.170390 0.158742 0 0 0
0.551968 0.170477 0.158687 0 0 0
0.553997 0.169875 0.159107 0 0 0
0.555997 0.169287 0.159535 0 0 0
0.557401 0.169358 0.159530 0 0 0
0.559084 0.169494 0.159459 0 0 0
0.560730 0.169642 0.159384 0 0 0
0.562448 0.169835 0.159326 0 0 0
0.563845 0.170045 0.159377 0 0 0
0.565810 0.169254 0.159739 0 0 0
0.567782 0.168657 0.160162 0 0 0
0.569187 0.168725 0.160159 0 0 0
0.570864 0.168862 0.160088 0 0 0
0.572512 0.169002 0.160013 0 0 0
0.574213 0.169184 0.159956 0 0 0
0.575604 0.169442 0.160009 0 0 0
0.577848 0.168756 0.160330 0 0 0
0.578962 0.168864 0.160420 0 0 0
0.581178 0.167907 0.160629 0 0 0
0.582564 0.167955 0.160603 0 0 0
0.584232 0.168088 0.160530 0 0 0
0.585875 0.168234 0.160457 0 0 0
0.587541 0.168398 0.160378 0 0 0
0.588942 0.168578 0.160247 0 0 0
0.591002 0.169691 0.159790 0 0 0
0.592306 0.169898 0.159712 0 0 0
0.593980 0.170240 0.159708 0 0 0
0.595676 0.170407 0.159647 0 0 0
0.597073 0.170451 0.159623 0 0 0
0.599258 0.169475 0.159802 0 0 0
0.600655 0.169498 0.159773 0 0 0
0.602290 0.169706 0.159738 0 0 0
0.603981 0.170221 0.159816 0 0 0
0.605356 0.170335 0.159828 0 0 0
0.607539 0.169352 0.159996 0 0 0
0.608637 0.169411 0.159948 0 0 0
0.610785 0.170563 0.159475 0 0 0
0.612138 0.170723 0.159364 0 0 0
0.613809 0.170868 0.159281 0 0 0
0.615454 0.171007 0.159206 0 0 0
0.617100 0.171148 0.159130 0 0 0
0.618764 0.171292 0.159060 0 0 0
0.620171 0.171350 0.159056 0 0 0
0.622288 0.170821 0.159421 0 0 0
0.623491 0.170798 0.159486 0 0 0
0.625554 0.170291 0.159847 0 0 0
0.626759 0.170246 0.159914 0 0 0
0.628818 0.169732 0.160270 0 0 0
0.630254 0.169808 0.160274 0 0 0
0.631902 0.169954 0.160207 0 0 0
0.633590 0.170120 0.160149 0 0 0
0.635021 0.170326 0.160204 0 0 0
0.637027 0.169689 0.160509 0 0 0
0.638268 0.169779 0.160624 0 0 0
0.640304 0.168871 0.160822 0 0 0
0.641414 0.168918 0.160785 0 0 0
0.643456 0.170194 0.160492 0 0 0
0.645099 0.169550 0.160690 0 0 0
0.646573 0.169572 0.160695 255 0 0
0.648226 0.169705 0.160626 0 0 0
0.649857 0.169844 0.160551 255 0 0
0.651488 0.169982 0.160476 0 0 0
0.653120 0.170120 0.160401 0 0 0
0.654773 0.170253 0.160333 0 0 0
0.656260 0.170283 0.160346 0 0 0
0.657832 0.169867 0.160602 0 0 0
0.659885 0.170872 0.160217 0 0 0
0.661200 0.170843 0.160053 0 0 0
0.662907 0.170951 0.159951 0 0 0
0.664558 0.171119 0.159886 0 0 0
0.666207 0.171447 0.159882 0 0 0
0.667780 0.171640 0.159838 0 0 0
0.669435 0.171769 0.159769 0 0 0
0.670885 0.171771 0.159753 0 0 0
0.672762 0.170891 0.159940 0 0 0
0.674218 0.171069 0.159994 0 0 0
0.675890 0.171233 0.159938 0 0 0
0.677552 0.171411 0.159882 0 0 0
0.679029 0.171618 0.159946 0 0 0
0.680858 0.170980 0.160216 0 0 0
0.682329 0.170968 0.160228 0 0 0
0.683833 0.170960 0.160250 0 0 0
0.685312 0.170531 0.160498 0 0 0
0.687539 0.171356 0.160023 0 0 0
0.688791 0.171514 0.159934 0 0 0
0.690455 0.171662 0.159853 0 0 0
0.692082 0.171800 0.159778 0 0 0
0.693703 0.171934 0.159702 0 0 0
0.695382 0.172031 0.159605 0 0 0
0.697010 0.171963 0.159450 0 0 0
0.698595 0.172064 0.159361 0 0 0
0.700228 0.172208 0.159289 0 0 0
0.701808 0.172436 0.159259 0 0 0
0.703512 0.172943 0.159329 0 0 0
0.704942 0.173032 0.159367 0 0 0
0.706751 0.172375 0.159623 0 0 0
0.708116 0.172396 0.159761 0 0 0
0.709873 0.171539 0.159948 0 0 0
0.711345 0.171524 0.159939 0 0 0
0.712987 0.171651 0.159869 0 0 0
0.714680 0.171792 0.159791 0 0 0
0.715675 0.171910 0.159756 0 0 0
0.538427 0.165048 0.160282 0 0 0
0.539490 0.165162 0.160235 0 0 0
0.541203 0.165316 0.160156 0 0 0
0.542874 0.165453 0.160072 0 0 0
0.544288 0.165608 0.159943 0 0 0
0.546260 0.166470 0.159395 0 0 0
0.547641 0.166664 0.159277 0 0 0
0.549338 0.166811 0.159186 0 0 0
0.550778 0.166973 0.159053 0 0 0
0.552526 0.167727 0.158616 0 0 0
0.554242 0.167229 0.158956 0 0 0
0.556305 0.166392 0.159302 0 0 0
0.557644 0.166508 0.159309 0 0 0
0.559353 0.166815 0.159311 0 0 0
0.560764 0.166884 0.159305 0 0 0
0.562804 0.166235 0.159520 0 0 0
0.564322 0.167071 0.159247 0 0 0
0.566019 0.166606 0.159589 0 0 0
0.568057 0.165762 0.159934 0 0 0
0.569445 0.165813 0.159914 0 0 0
0.571064 0.165987 0.159865 0 0 0
0.572741 0.166317 0.159870 0 0 0
0.574133 0.166394 0.159869 0 0 0
0.576345 0.165871 0.160236 0 0 0
0.577731 0.165962 0.160231 0 0 0
0.579424 0.166143 0.160174 0 0 0
0.581069 0.166473 0.160174 0 0 0
0.582659 0.166655 0.160124 0 0 0
0.584302 0.166792 0.160048 0 0 0
0.585976 0.166898 0.159956 0 0 0
0.587665 0.166855 0.159795 0 0 0
0.588966 0.166975 0.159676 0 0 0
0.591051 0.168082 0.159219 0 0 0
0.592197 0.168161 0.159139 0 0 0
0.594418 0.167221 0.159320 0 0 0
0.595805 0.167259 0.159295 0 0 0
0.597500 0.167405 0.159229 0 0 0
0.599098 0.167776 0.159252 0 0 0
0.600720 0.168144 0.159281 0 0 0
0.602146 0.168210 0.159269 0 0 0
0.604307 0.167215 0.159443 0 0 0
0.605670 0.167334 0.159457 0 0 0
0.607365 0.167854 0.159535 0 0 0
0.608930 0.168029 0.159480 0 0 0
0.610583 0.167989 0.159329 0 0 0
0.612262 0.168123 0.159237 0 0 0
0.613900 0.168264 0.159161 0 0 0
0.615539 0.168404 0.159086 0 0 0
0.617205 0.168536 0.159016 0 0 0
0.618603 0.168568 0.159010 0 0 0
0.620702 0.168040 0.159367 0 0 0
0.622111 0.168104 0.159370 0 0 0
0.623567 0.168186 0.159380 0 0 0
0.625628 0.167709 0.159739 0 0 0
0.626830 0.167665 0.159808 0 0 0
0.628889 0.167142 0.160164 0 0 0
0.630283 0.167173 0.160162 0 0 0
0.631942 0.167304 0.160092 0 0 0
0.633596 0.167437 0.160024 0 0 0
0.635030 0.167483 0.160029 0 0 0
0.637003 0.167002 0.160368 0 0 0
0.638460 0.167079 0.160385 0 0 0
0.640131 0.167407 0.160390 0 0 0
0.641679 0.167545 0.160332 0 0 0
0.643139 0.167405 0.160264 0 0 0
0.645131 0.166877 0.160581 0 0 0
0.646561 0.166922 0.160587 0 0 0
0.648209 0.167056 0.160519 0 0 0
0.649835 0.167197 0.160444 0 0 0
0.651462 0.167334 0.160369 0 0 0
0.653088 0.167469 0.160294 0 0 0
0.654735 0.167600 0.160226 0 0 0
0.656217 0.167617 0.160235 0 0 0
0.657797 0.166998 0.160431 0 0 0
0.659868 0.168009 0.160033 0 0 0
0.661186 0.168157 0.159927 0 0 0
0.662842 0.168302 0.159845 0 0 0
0.664468 0.168439 0.159770 0 0 0
0.666094 0.168574 0.159695 0 0 0
0.667721 0.168711 0.159620 0 0 0
0.669344 0.168848 0.159546 0 0 0
0.671016 0.169010 0.159488 0 0 0
0.672476 0.169186 0.159545 0 0 0
0.674285 0.168370 0.159760 0 0 0
0.675764 0.168541 0.159825 0 0 0
0.677249 0.168564 0.159846 0 0 0
0.679140 0.167850 0.160088 0 0 0
0.680525 0.167943 0.160114 0 0 0
0.682201 0.168269 0.160125 0 0 0
0.683732 0.168302 0.160152 0 0 0
0.685203 0.167661 0.160331 0 0 0
0.687404 0.168663 0.159908 0 0 0
0.688706 0.168614 0.159736 0 0 0
0.690313 0.168710 0.159638 0 0 0
0.691943 0.168851 0.159563 0 0 0
0.693596 0.169001 0.159485 0 0 0
0.694849 0.169135 0.159401 0 0 0
0.697204 0.170644 0.158994 0 0 0
0.698463 0.170780 0.158910 0 0 0
0.700136 0.170917 0.158837 0 0 0
0.701602 0.170902 0.158824 0 0 0
0.703445 0.169962 0.158986 0 0 0
0.704749 0.169871 0.159076 0 0 0
0.706415 0.169459 0.159396 0 0 0
0.708002 0.169692 0.159517 0 0 0
0.709683 0.170043 0.159532 0 0 0
0.711234 0.170240 0.159493 0 0 0
0.712859 0.170379 0.159421 0 0 0
0.714543 0.170520 0.159343 0 0 0
0.715571 0.170638 0.159305 0 0 0
0.538713 0.162137 0.160026 0 0 0
0.539841 0.162270 0.159988 0 0 0
0.541544 0.162408 0.159907 0 0 0
0.543212 0.162559 0.159826 0 0 0
0.544599 0.162746 0.159718 0 0 0
0.546538 0.163844 0.159267 0 0 0
0.547944 0.164033 0.159144 0 0 0
0.549641 0.164191 0.159053 0 0 0
0.551032 0.164394 0.158931 0 0 0
0.552762 0.165166 0.158488 0 0 0
0.554823 0.164747 0.158788 0 0 0
0.556247 0.164931 0.158829 0 0 0
0.557612 0.164862 0.158766 0 0 0
0.559823 0.164043 0.158994 0 0 0
0.561284 0.164131 0.159008 0 0 0
0.562892 0.164446 0.159023 0 0 0
0.564253 0.164556 0.159031 0 0 0
0.566537 0.163900 0.159352 0 0 0
0.567916 0.164301 0.159466 0 0 0
0.569583 0.164512 0.159438 0 0 0
0.570964 0.164560 0.159412 0 0 0
0.573196 0.163596 0.159625 0 0 0
0.574325 0.163734 0.159724 0 0 0
0.576532 0.163054 0.160042 0 0 0
0.577946 0.163257 0.160079 0 0 0
0.579614 0.163283 0.159969 0 0 0
0.581203 0.163562 0.159950 0 0 0
0.582878 0.163740 0.159887 0 0 0
0.584536 0.163888 0.159805 0 0 0
0.585895 0.164056 0.159691 0 0 0
0.587959 0.165166 0.159210 0 0 0
0.589297 0.165263 0.159075 0 0 0
0.591015 0.165053 0.158845 0 0 0
0.592660 0.165147 0.158747 0 0 0
0.594307 0.165479 0.158747 0 0 0
0.595858 0.165710 0.158722 0 0 0
0.597526 0.166029 0.158725 0 0 0
0.598943 0.166092 0.158713 0 0 0
0.601074 0.165368 0.158985 0 0 0
0.602510 0.165452 0.158991 0 0 0
0.604199 0.165773 0.159000 0 0 0
0.605543 0.165860 0.159006 0 0 0
0.607661 0.165116 0.159270 0 0 0
0.609098 0.165157 0.159270 0 0 0
0.610508 0.165176 0.159266 0 0 0
0.612578 0.164471 0.159556 0 0 0
0.613978 0.164685 0.159611 0 0 0
0.615665 0.164856 0.159555 0 0 0
0.617292 0.164997 0.159481 0 0 0
0.618927 0.165141 0.159406 0 0 0
0.620580 0.165313 0.159338 0 0 0
0.621970 0.165372 0.159342 0 0 0
0.623839 0.164745 0.159773 0 0 0
0.625652 0.164170 0.160192 0 0 0
0.627080 0.164218 0.160203 0 0 0
0.628731 0.164378 0.160135 0 0 0
0.630350 0.164528 0.160061 0 0 0
0.631978 0.164666 0.159987 0 0 0
0.633626 0.164798 0.159918 0 0 0
0.635059 0.164828 0.159921 0 0 0
0.637012 0.164157 0.160201 0 0 0
0.638425 0.164363 0.160258 0 0 0
0.640102 0.164530 0.160202 0 0 0
0.641744 0.164663 0.160135 0 0 0
0.643181 0.164696 0.160139 0 0 0
0.645104 0.164033 0.160416 0 0 0
0.646519 0.164234 0.160474 0 0 0
0.648239 0.164365 0.160397 0 0 0
0.649874 0.164300 0.160243 0 0 0
0.651387 0.164451 0.160185 0 0 0
0.653031 0.164791 0.160184 0 0 0
0.654671 0.164962 0.160120 0 0 0
0.656369 0.165100 0.160037 0 0 0
0.657963 0.165176 0.159940 0 0 0
0.659509 0.165127 0.159799 0 0 0
0.661179 0.165228 0.159704 0 0 0
0.662796 0.165363 0.159629 0 0 0
0.664417 0.165501 0.159555 0 0 0
0.666037 0.165639 0.159480 0 0 0
0.667663 0.165777 0.159407 0 0 0
0.669221 0.165973 0.159366 0 0 0
0.670859 0.166307 0.159364 0 0 0
0.672544 0.166515 0.159319 0 0 0
0.674003 0.166725 0.159384 0 0 0
0.675839 0.166082 0.159658 0 0 0
0.677295 0.166112 0.159674 0 0 0
0.678976 0.166424 0.159685 0 0 0
0.680360 0.166477 0.159703 0 0 0
0.682194 0.165594 0.159888 0 0 0
0.683676 0.165804 0.159957 0 0 0
0.685349 0.166118 0.159947 0 0 0
0.686560 0.166122 0.159813 0 0 0
0.688931 0.167308 0.159284 0 0 0
0.690195 0.167437 0.159194 0 0 0
0.691845 0.167586 0.159116 0 0 0
0.693471 0.167727 0.159041 0 0 0
0.695041 0.167823 0.158952 0 0 0
0.696717 0.167709 0.158774 0 0 0
0.698396 0.167596 0.158596 0 0 0
0.699898 0.167756 0.158543 0 0 0
0.701570 0.168120 0.158551 0 0 0
0.703251 0.168478 0.158567 0 0 0
0.704721 0.168556 0.158641 0 0 0
0.706311 0.167711 0.158923 0 0 0
0.707894 0.166869 0.159202 0 0 0
0.709360 0.166943 0.159277 0 0 0
0.711015 0.167262 0.159284 0 0 0
0.712654 0.167432 0.159220 0 0 0
0.714333 0.167577 0.159143 0 0 0
0.715334 0.167675 0.159097 0 0 0
0.537328 0.160507 0.159537 0 0 0
0.538388 0.160791 0.159559 0 0 0
0.540024 0.160995 0.159508 0 0 0
0.541681 0.161127 0.159428 0 0 0
0.543328 0.161268 0.159352 0 0 0
0.544922 0.161354 0.159254 0 0 0
0.546594 0.161311 0.159101 0 0 0
0.548269 0.161421 0.159011 0 0 0
0.549907 0.161557 0.158935 0 0 0
0.551540 0.161683 0.158858 0 0 0
0.553227 0.161766 0.158765 0 0 0
0.554920 0.161746 0.158605 0 0 0
0.556261 0.161900 0.158482 0 0 0
0.558036 0.163108 0.158225 0 0 0
0.559958 0.162514 0.158442 0 0 0
0.561351 0.162746 0.158500 0 0 0
0.562777 0.162835 0.158494 0 0 0
0.565111 0.162072 0.158780 0 0 0
0.566219 0.162057 0.158816 0 0 0
0.568332 0.161317 0.159090 0 0 0
0.569750 0.161568 0.159178 0 0 0
0.571508 0.161787 0.159145 0 0 0
0.572874 0.162028 0.159197 0 0 0
0.575088 0.161355 0.159520 0 0 0
0.576239 0.161490 0.159625 0 0 0
0.578169 0.160882 0.159844 0 0 0
0.579699 0.161728 0.159575 0 0 0
0.581624 0.161069 0.159775 0 0 0
0.583038 0.161120 0.159770 0 0 0
0.584720 0.161264 0.159693 0 0 0
0.586076 0.161428 0.159574 0 0 0
0.588153 0.162315 0.159002 0 0 0
0.589240 0.162503 0.158851 0 0 0
0.591331 0.163648 0.158366 0 0 0
0.592673 0.163817 0.158265 0 0 0
0.594359 0.163941 0.158182 0 0 0
0.595750 0.163983 0.158161 0 0 0
0.597916 0.163248 0.158444 0 0 0
0.599097 0.163217 0.158502 0 0 0
0.601194 0.162515 0.158800 0 0 0
0.602583 0.162740 0.158854 0 0 0
0.604295 0.162906 0.158804 0 0 0
0.605700 0.162953 0.158800 0 0 0
0.607811 0.162196 0.159059 0 0 0
0.609138 0.162292 0.159069 0 0 0
0.610855 0.162659 0.159095 0 0 0
0.612285 0.162918 0.159164 0 0 0
0.614310 0.162235 0.159450 0 0 0
0.615721 0.162276 0.159448 0 0 0
0.617371 0.162411 0.159380 0 0 0
0.619025 0.162539 0.159310 0 0 0
0.620408 0.162569 0.159308 0 0 0
0.622481 0.162054 0.159669 0 0 0
0.623692 0.162038 0.159741 0 0 0
0.625750 0.161296 0.160005 0 0 0
0.627143 0.161334 0.159991 0 0 0
0.628787 0.161463 0.159920 0 0 0
0.630409 0.161600 0.159845 0 0 0
0.632036 0.161736 0.159770 0 0 0
0.633592 0.161924 0.159726 0 0 0
0.635278 0.162293 0.159746 0 0 0
0.636721 0.162538 0.159817 0 0 0
0.638660 0.161872 0.160098 0 0 0
0.640085 0.161904 0.160102 0 0 0
0.641721 0.162037 0.160035 0 0 0
0.643392 0.162207 0.159979 0 0 0
0.644812 0.162410 0.160039 0 0 0
0.646760 0.161761 0.160312 0 0 0
0.647821 0.161821 0.160297 0 0 0
0.650126 0.163009 0.159811 0 0 0
0.651206 0.163011 0.159771 0 0 0
0.653224 0.162023 0.159924 0 0 0
0.654664 0.162053 0.159903 0 0 0
0.655956 0.162188 0.159820 0 0 0
0.658207 0.163651 0.159418 0 0 0
0.659482 0.163812 0.159333 0 0 0
0.661128 0.163967 0.159257 0 0 0
0.662745 0.164106 0.159183 0 0 0
0.664363 0.164243 0.159108 0 0 0
0.665982 0.164381 0.159034 0 0 0
0.667620 0.164508 0.158964 0 0 0
0.669049 0.164514 0.158949 0 0 0
0.671003 0.163535 0.159116 0 0 0
0.672218 0.163446 0.159186 0 0 0
0.674015 0.162988 0.159522 0 0 0
0.675543 0.163240 0.159634 0 0 0
0.677191 0.163419 0.159583 0 0 0
0.678797 0.163556 0.159511 0 0 0
0.680458 0.163720 0.159455 0 0 0
0.681911 0.163910 0.159520 0 0 0
0.683693 0.163282 0.159787 0 0 0
0.685186 0.163295 0.159793 0 0 0
0.686471 0.163413 0.159699 0 0 0
0.688791 0.164378 0.159099 0 0 0
0.690058 0.164506 0.158998 0 0 0
0.691704 0.164648 0.158916 0 0 0
0.693320 0.164786 0.158841 0 0 0
0.694971 0.164935 0.158761 0 0 0
0.696178 0.165088 0.158679 0 0 0
0.698599 0.166322 0.158166 0 0 0
0.699688 0.166303 0.158144 0 0 0
0.701499 0.165614 0.158372 0 0 0
0.702973 0.165619 0.158388 0 0 0
0.704640 0.165772 0.158343 0 0 0
0.706204 0.165977 0.158456 0 0 0
0.707862 0.165567 0.158777 0 0 0
0.709164 0.165487 0.158878 0 0 0
0.710925 0.164804 0.159120 0 0 0
0.712407 0.164804 0.159137 0 0 0
0.714102 0.164938 0.159068 0 0 0
0.715096 0.165035 0.159023 0 0 0
0.537631 0.157868 0.159396 0 0 0
0.538674 0.157952 0.159348 0 0 0
0.540381 0.158097 0.159270 0 0 0
0.542020 0.158235 0.159194 0 0 0
0.543653 0.158368 0.159118 0 0 0
0.545324 0.158475 0.159027 0 0 0
0.546991 0.158427 0.158874 0 0 0
0.548578 0.158511 0.158776 0 0 0
0.550228 0.158649 0.158699 0 0 0
0.551835 0.158841 0.158642 0 0 0
0.553187 0.159228 0.158606 0 0 0
0.555213 0.160406 0.158158 0 0 0
0.556536 0.160518 0.158029 0 0 0
0.558278 0.160527 0.157889 0 0 0
0.559674 0.160718 0.157919 0 0 0
0.561944 0.159996 0.158237 0 0 0
0.563062 0.159969 0.158284 0 0 0
0.565019 0.159571 0.158579 0 0 0
0.566594 0.160433 0.158348 0 0 0
0.568283 0.159980 0.158680 0 0 0
0.570293 0.159108 0.159024 0 0 0
0.571667 0.159133 0.159018 0 0 0
0.573078 0.159190 0.159017 0 0 0
0.575277 0.158670 0.159389 0 0 0
0.576444 0.158653 0.159448 0 0 0
0.578343 0.158031 0.159676 0 0 0
0.579915 0.158898 0.159397 0 0 0
0.581852 0.158465 0.159674 0 0 0
0.583217 0.158501 0.159666 0 0 0
0.584943 0.158606 0.159570 0 0 0
0.586303 0.158588 0.159393 0 0 0
0.588365 0.159634 0.158869 0 0 0
0.589457 0.159662 0.158665 0 0 0
0.591495 0.160748 0.158163 0 0 0
0.592852 0.160918 0.158047 0 0 0
0.594533 0.161060 0.157970 0 0 0
0.595933 0.161122 0.157969 0 0 0
0.598033 0.160624 0.158326 0 0 0
0.599478 0.160729 0.158345 0 0 0
0.600893 0.160974 0.158407 0 0 0
0.602996 0.160274 0.158703 0 0 0
0.604350 0.160309 0.158694 0 0 0
0.606037 0.160508 0.158638 0 0 0
0.607699 0.160837 0.158646 0 0 0
0.609029 0.160925 0.158655 0 0 0
0.611180 0.160145 0.158930 0 0 0
0.612339 0.160077 0.158987 0 0 0
0.614387 0.159379 0.159281 0 0 0
0.615823 0.159568 0.159321 0 0 0
0.617461 0.159588 0.159215 0 0 0
0.619065 0.159872 0.159203 0 0 0
0.620511 0.159962 0.159220 0 0 0
0.622519 0.159472 0.159568 0 0 0
0.623953 0.159560 0.159585 0 0 0
0.625606 0.159889 0.159592 0 0 0
0.627165 0.160077 0.159547 0 0 0
0.628789 0.160214 0.159474 0 0 0
0.630409 0.160352 0.159399 0 0 0
0.632042 0.160492 0.159330 0 0 0
0.633445 0.160549 0.159319 0 0 0
0.635506 0.159790 0.159586 0 0 0
0.636696 0.159718 0.159657 0 0 0
0.638678 0.159224 0.160006 0 0 0
0.640093 0.159272 0.160015 0 0 0
0.641729 0.159404 0.159948 0 0 0
0.643363 0.159534 0.159881 0 0 0
0.644786 0.159559 0.159885 0 0 0
0.646757 0.158826 0.160133 0 0 0
0.648182 0.158861 0.160116 0 0 0
0.649473 0.158966 0.160026 0 0 0
0.651764 0.160233 0.159541 0 0 0
0.653027 0.160578 0.159517 0 0 0
0.654616 0.160790 0.159471 0 0 0
0.656190 0.160884 0.159381 0 0 0
0.657813 0.160813 0.159227 0 0 0
0.659477 0.160914 0.159132 0 0 0
0.661085 0.161048 0.159056 0 0 0
0.662698 0.161185 0.158982 0 0 0
0.664311 0.161321 0.158908 0 0 0
0.665924 0.161457 0.158833 0 0 0
0.667533 0.161592 0.158760 0 0 0
0.669173 0.161763 0.158697 0 0 0
0.670823 0.162095 0.158706 0 0 0
0.672258 0.162199 0.158779 0 0 0
0.673924 0.161557 0.159139 0 0 0
0.675598 0.160588 0.159425 0 0 0
0.677031 0.160761 0.159489 0 0 0
0.678689 0.160925 0.159433 0 0 0
0.680314 0.161054 0.159368 0 0 0
0.681766 0.161079 0.159388 0 0 0
0.683568 0.160623 0.159708 0 0 0
0.685055 0.160664 0.159721 0 0 0
0.686278 0.160807 0.159643 0 0 0
0.688642 0.161797 0.159027 0 0 0
0.689910 0.161910 0.158925 0 0 0
0.691547 0.162021 0.158842 0 0 0
0.693148 0.162150 0.158766 0 0 0
0.694816 0.162244 0.158668 0 0 0
0.696457 0.162171 0.158509 0 0 0
0.697663 0.162235 0.158405 0 0 0
0.699949 0.163320 0.158034 0 0 0
0.701269 0.162968 0.158282 0 0 0
0.702781 0.162981 0.158314 0 0 0
0.704428 0.163102 0.158258 0 0 0
0.705905 0.163119 0.158283 0 0 0
0.707637 0.162666 0.158604 0 0 0
0.708988 0.162552 0.158715 0 0 0
0.710748 0.161857 0.158952 0 0 0
0.712199 0.161857 0.158951 0 0 0
0.713891 0.161988 0.158879 0 0 0
0.714855 0.162105 0.158846 0 0 0
0.537994 0.155195 0.159261 0 0 0
0.539075 0.155126 0.159148 0 0 0
0.540726 0.155195 0.159039 0 0 0
0.542312 0.155379 0.158989 0 0 0
0.543960 0.155731 0.158985 0 0 0
0.545385 0.155959 0.158875 0 0 0
0.547311 0.157053 0.158424 0 0 0
0.548688 0.157240 0.158315 0 0 0
0.550367 0.157392 0.158238 0 0 0
0.551717 0.157485 0.158218 0 0 0
0.554055 0.156690 0.158489 0 0 0
0.555127 0.156773 0.158422 0 0 0
0.556886 0.157502 0.157967 0 0 0
0.558896 0.157064 0.158262 0 0 0
0.560256 0.157112 0.158251 0 0 0
0.561945 0.157273 0.158187 0 0 0
0.563314 0.157352 0.158182 0 0 0
0.565537 0.156820 0.158556 0 0 0
0.566621 0.156810 0.158606 0 0 0
0.568917 0.156303 0.158995 0 0 0
0.570247 0.156373 0.158984 0 0 0
0.571919 0.156522 0.158921 0 0 0
0.573293 0.156616 0.158918 0 0 0
0.575501 0.156093 0.159289 0 0 0
0.576900 0.156171 0.159296 0 0 0
0.578239 0.156351 0.159335 0 0 0
0.580412 0.155433 0.159574 0 0 0
0.581808 0.155657 0.159611 0 0 0
0.583533 0.155649 0.159471 0 0 0
0.584812 0.155775 0.159353 0 0 0
0.586845 0.157131 0.158943 0 0 0
0.587886 0.157189 0.158757 0 0 0
0.589984 0.158262 0.158223 0 0 0
0.591340 0.158249 0.158044 0 0 0
0.593036 0.158361 0.157943 0 0 0
0.594684 0.158492 0.157874 0 0 0
0.596078 0.158550 0.157874 0 0 0
0.598237 0.158014 0.158246 0 0 0
0.599329 0.157960 0.158298 0 0 0
0.601530 0.157382 0.158650 0 0 0
0.602910 0.157327 0.158609 0 0 0
0.604250 0.157487 0.158655 0 0 0
0.606363 0.156824 0.158967 0 0 0
0.607743 0.157056 0.159027 0 0 0
0.609425 0.157235 0.158971 0 0 0
0.611037 0.157405 0.158900 0 0 0
0.612704 0.157587 0.158845 0 0 0
0.614117 0.157780 0.158899 0 0 0
0.615876 0.156939 0.159040 0 0 0
0.617553 0.158028 0.158832 0 0 0
0.619321 0.157190 0.158985 0 0 0
0.620527 0.157299 0.159107 0 0 0
0.622588 0.156844 0.159481 0 0 0
0.623989 0.156897 0.159487 0 0 0
0.625625 0.157025 0.159420 0 0 0
0.627239 0.157161 0.159346 0 0 0
0.628853 0.157297 0.159272 0 0 0
0.630492 0.157426 0.159203 0 0 0
0.631874 0.157438 0.159201 0 0 0
0.633858 0.156757 0.159488 0 0 0
0.635282 0.156989 0.159557 0 0 0
0.636740 0.157081 0.159586 0 0 0
0.638693 0.156606 0.159927 0 0 0
0.640101 0.156654 0.159937 0 0 0
0.641731 0.156786 0.159871 0 0 0
0.643335 0.156924 0.159797 0 0 0
0.644972 0.157098 0.159735 0 0 0
0.646595 0.157431 0.159735 0 0 0
0.648148 0.157626 0.159694 0 0 0
0.649713 0.157720 0.159605 0 0 0
0.651333 0.157648 0.159449 0 0 0
0.652991 0.157741 0.159353 0 0 0
0.654595 0.157872 0.159278 0 0 0
0.656197 0.158005 0.159203 0 0 0
0.657856 0.158105 0.159108 0 0 0
0.659470 0.158039 0.158956 0 0 0
0.661032 0.158148 0.158870 0 0 0
0.662655 0.158279 0.158789 0 0 0
0.664311 0.158415 0.158661 0 0 0
0.665824 0.158541 0.158442 0 0 0
0.667355 0.158902 0.158619 0 0 0
0.669077 0.159104 0.158607 0 0 0
0.670692 0.159231 0.158545 0 0 0
0.672140 0.159248 0.158559 0 0 0
0.673992 0.158662 0.158861 0 0 0
0.675269 0.158874 0.159041 0 0 0
0.677151 0.158027 0.159256 0 0 0
0.678576 0.158009 0.159243 0 0 0
0.680147 0.158186 0.159217 0 0 0
0.681617 0.158407 0.159305 0 0 0
0.683434 0.157993 0.159641 0 0 0
0.684878 0.158029 0.159662 0 0 0
0.686497 0.158153 0.159596 0 0 0
0.688128 0.158261 0.159514 0 0 0
0.689388 0.158364 0.159409 0 0 0
0.691807 0.159291 0.158759 0 0 0
0.693042 0.159263 0.158600 0 0 0
0.694267 0.159354 0.158493 0 0 0
0.696625 0.160894 0.158088 0 0 0
0.697834 0.160979 0.157997 0 0 0
0.699338 0.160793 0.157926 0 0 0
0.701173 0.160034 0.158136 0 0 0
0.702607 0.160041 0.158131 0 0 0
0.704249 0.160162 0.158074 0 0 0
0.705685 0.160207 0.158110 0 0 0
0.707309 0.159797 0.158420 0 0 0
0.708882 0.160063 0.158552 0 0 0
0.710550 0.160426 0.158572 0 0 0
0.712082 0.160623 0.158535 0 0 0
0.713753 0.160762 0.158461 0 0 0
0.714752 0.160879 0.158424 0 0 0
0.536677 0.152275 0.159160 0 0 0
0.537475 0.152574 0.159132 0 0 0
0.539459 0.153772 0.158702 0 0 0
0.540866 0.153968 0.158595 0 0 0
0.542232 0.154020 0.158559 0 0 0
0.544596 0.152965 0.158732 0 0 0
0.545619 0.153099 0.158689 0 0 0
0.547618 0.154213 0.158224 0 0 0
0.549035 0.154394 0.158104 0 0 0
0.550374 0.154451 0.158080 0 0 0
0.552701 0.153904 0.158467 0 0 0
0.554012 0.153978 0.158452 0 0 0
0.555659 0.154110 0.158382 0 0 0
0.557296 0.154226 0.158305 0 0 0
0.558924 0.154389 0.158231 0 0 0
0.560545 0.154535 0.158157 0 0 0
0.562193 0.154680 0.158089 0 0 0
0.563566 0.154771 0.158090 0 0 0
0.565532 0.154138 0.158521 0 0 0
0.567534 0.153258 0.158861 0 0 0
0.568830 0.153381 0.158872 0 0 0
0.570505 0.153718 0.158885 0 0 0
0.571869 0.153799 0.158887 0 0 0
0.574078 0.153276 0.159260 0 0 0
0.575439 0.153370 0.159258 0 0 0
0.577073 0.153516 0.159191 0 0 0
0.578756 0.153690 0.159136 0 0 0
0.580131 0.153910 0.159188 0 0 0
0.582001 0.153038 0.159330 0 0 0
0.583783 0.154291 0.159042 0 0 0
0.585083 0.154427 0.158921 0 0 0
0.586747 0.154371 0.158761 0 0 0
0.588452 0.154427 0.158650 0 0 0
0.590035 0.154379 0.158519 0 0 0
0.591605 0.154656 0.158502 0 0 0
0.593314 0.154804 0.158422 0 0 0
0.594891 0.154793 0.158297 0 0 0
0.596468 0.155084 0.158280 0 0 0
0.598152 0.155287 0.158226 0 0 0
0.599564 0.155351 0.158235 0 0 0
0.601327 0.154971 0.158513 0 0 0
0.602990 0.155868 0.158247 0 0 0
0.604892 0.155225 0.158475 0 0 0
0.606038 0.155316 0.158583 0 0 0
0.608148 0.154378 0.158798 0 0 0
0.609520 0.154401 0.158777 0 0 0
0.611163 0.154507 0.158700 0 0 0
0.612708 0.154690 0.158655 0 0 0
0.614367 0.155070 0.158669 0 0 0
0.615971 0.155396 0.158664 0 0 0
0.617595 0.155413 0.158559 0 0 0
0.619036 0.155596 0.158607 0 0 0
0.620838 0.154812 0.158970 0 0 0
0.622636 0.154032 0.159335 0 0 0
0.624019 0.154245 0.159398 0 0 0
0.625684 0.154417 0.159343 0 0 0
0.627288 0.154556 0.159270 0 0 0
0.628896 0.154692 0.159196 0 0 0
0.630500 0.154830 0.159123 0 0 0
0.632164 0.155001 0.159069 0 0 0
0.633560 0.155212 0.159130 0 0 0
0.635521 0.154532 0.159423 0 0 0
0.636735 0.154464 0.159499 0 0 0
0.638745 0.153719 0.159764 0 0 0
0.640129 0.153757 0.159755 0 0 0
0.641756 0.153868 0.159681 0 0 0
0.643357 0.153999 0.159606 0 0 0
0.644958 0.154133 0.159531 0 0 0
0.646561 0.154267 0.159458 0 0 0
0.648164 0.154402 0.159384 0 0 0
0.649767 0.154538 0.159310 0 0 0
0.651369 0.154677 0.159236 0 0 0
0.652969 0.154816 0.159163 0 0 0
0.654569 0.154961 0.159092 0 0 0
0.656202 0.155129 0.159020 0 0 0
0.657458 0.155274 0.158932 0 0 0
0.659742 0.156687 0.158499 0 0 0
0.661017 0.156639 0.158338 0 0 0
0.662585 0.156799 0.158267 0 0 0
0.663956 0.157163 0.158242 0 0 0
0.665752 0.158101 0.158066 0 0 0
0.667686 0.156023 0.158188 0 0 0
0.668897 0.156153 0.158360 0 0 0
0.670598 0.156308 0.158346 0 0 0
0.672244 0.156480 0.158299 0 0 0
0.673642 0.156694 0.158376 0 0 0
0.675455 0.156053 0.158631 0 0 0
0.676909 0.156341 0.158767 0 0 0
0.678508 0.156730 0.158817 0 0 0
0.679949 0.156774 0.158832 0 0 0
0.681651 0.155932 0.159160 0 0 0
0.683350 0.155087 0.159484 0 0 0
0.684759 0.155095 0.159484 0 0 0
0.686375 0.155218 0.159414 0 0 0
0.688000 0.155367 0.159338 0 0 0
0.689247 0.155500 0.159246 0 0 0
0.691232 0.156746 0.158718 0 0 0
0.693230 0.157994 0.158186 0 0 0
0.694438 0.158083 0.158078 0 0 0
0.696072 0.158013 0.157919 0 0 0
0.697728 0.158106 0.157822 0 0 0
0.699347 0.158277 0.157758 0 0 0
0.700972 0.158611 0.157755 0 0 0
0.702505 0.158811 0.157718 0 0 0
0.704115 0.158958 0.157660 0 0 0
0.705640 0.159009 0.157713 0 0 0
0.707224 0.158350 0.158062 0 0 0
0.708847 0.157290 0.158312 0 0 0
0.710281 0.157266 0.158312 0 0 0
0.711829 0.157454 0.158283 0 0 0
0.713511 0.157818 0.158278 0 0 0
0.714519 0.157959 0.158243 0 0 0
0.536615 0.150876 0.158766 0 0 0
0.538158 0.149940 0.158857 0 0 0
0.539514 0.150693 0.158602 0 0 0
0.541380 0.150134 0.158716 0 0 0
0.543090 0.151166 0.158364 0 0 0
0.544494 0.151573 0.158320 0 0 0
0.545743 0.151644 0.158296 0 0 0
0.548130 0.150578 0.158486 0 0 0
0.549464 0.150637 0.158459 0 0 0
0.551057 0.150817 0.158414 0 0 0
0.552676 0.151188 0.158422 0 0 0
0.554328 0.151376 0.158363 0 0 0
0.555945 0.151517 0.158290 0 0 0
0.557566 0.151655 0.158215 0 0 0
0.559181 0.151801 0.158141 0 0 0
0.560832 0.151966 0.158072 0 0 0
0.562154 0.152019 0.158059 0 0 0
0.564436 0.151473 0.158445 0 0 0
0.565784 0.151586 0.158447 0 0 0
0.567453 0.151926 0.158461 0 0 0
0.568744 0.152025 0.158465 0 0 0
0.570992 0.151238 0.158746 0 0 0
0.572100 0.151232 0.158803 0 0 0
0.574292 0.150716 0.159177 0 0 0
0.575650 0.150779 0.159175 0 0 0
0.577289 0.150912 0.159107 0 0 0
0.578898 0.151049 0.159034 0 0 0
0.580553 0.151227 0.158973 0 0 0
0.582117 0.151511 0.158953 0 0 0
0.583698 0.151493 0.158828 0 0 0
0.585361 0.151594 0.158736 0 0 0
0.586999 0.151743 0.158654 0 0 0
0.588312 0.151943 0.158546 0 0 0
0.590140 0.152971 0.158163 0 0 0
0.592091 0.152226 0.158339 0 0 0
0.593200 0.152121 0.158233 0 0 0
0.595001 0.153310 0.157927 0 0 0
0.596817 0.152439 0.158066 0 0 0
0.598226 0.152648 0.158127 0 0 0
0.599672 0.152731 0.158146 0 0 0
0.601722 0.152020 0.158436 0 0 0
0.603132 0.152194 0.158475 0 0 0
0.604828 0.152180 0.158340 0 0 0
0.606402 0.152313 0.158261 0 0 0
0.608028 0.152656 0.158265 0 0 0
0.609541 0.152899 0.158247 0 0 0
0.611183 0.153234 0.158256 0 0 0
0.612577 0.153303 0.158249 0 0 0
0.614697 0.152310 0.158427 0 0 0
0.616004 0.152384 0.158435 0 0 0
0.617666 0.152689 0.158441 0 0 0
0.619094 0.152765 0.158458 0 0 0
0.621130 0.152149 0.158780 0 0 0
0.622295 0.152405 0.158945 0 0 0
0.624364 0.151512 0.159173 0 0 0
0.625735 0.151519 0.159152 0 0 0
0.627357 0.151639 0.159081 0 0 0
0.628959 0.151774 0.159007 0 0 0
0.630568 0.151910 0.158934 0 0 0
0.632127 0.152101 0.158901 0 0 0
0.633541 0.152327 0.158975 0 0 0
0.635569 0.151659 0.159256 0 0 0
0.636906 0.151776 0.159286 0 0 0
0.638614 0.152250 0.159342 0 0 0
0.640132 0.152323 0.159261 0 0 0
0.641706 0.152617 0.159248 0 0 0
0.643336 0.152793 0.159186 0 0 0
0.644933 0.152929 0.159113 0 0 0
0.646533 0.153065 0.159040 0 0 0
0.648133 0.153201 0.158966 0 0 0
0.649733 0.153337 0.158892 0 0 0
0.651333 0.153473 0.158819 0 0 0
0.652928 0.153606 0.158744 0 0 0
0.654571 0.153700 0.158649 0 0 0
0.656185 0.153632 0.158496 0 0 0
0.657739 0.153699 0.158387 0 0 0
0.659004 0.153660 0.158228 0 0 0
0.661319 0.155031 0.157790 0 0 0
0.662405 0.155046 0.157767 0 0 0
0.663997 0.154417 0.157943 0 0 0
0.666193 0.155260 0.157563 0 0 0
0.667370 0.155534 0.157789 0 0 0
0.669026 0.155107 0.157938 0 0 0
0.670517 0.155105 0.157926 0 0 0
0.672147 0.155223 0.157868 0 0 0
0.673637 0.155254 0.157902 0 0 0
0.675460 0.154754 0.158212 0 0 0
0.676680 0.154660 0.158290 0 0 0
0.678551 0.153761 0.158507 0 0 0
0.679822 0.153843 0.158654 0 0 0
0.681683 0.153461 0.159019 0 0 0
0.683142 0.153692 0.159110 0 0 0
0.684676 0.153902 0.159083 0 0 0
0.686275 0.154067 0.159016 0 0 0
0.687887 0.154198 0.158941 0 0 0
0.689465 0.154259 0.158839 0 0 0
0.690657 0.154210 0.158684 0 0 0
0.693084 0.155122 0.158029 0 0 0
0.694326 0.155205 0.157925 0 0 0
0.695951 0.155341 0.157843 0 0 0
0.697547 0.155479 0.157769 0 0 0
0.699142 0.155615 0.157696 0 0 0
0.700737 0.155747 0.157622 0 0 0
0.702355 0.155869 0.157557 0 0 0
0.703793 0.155847 0.157574 0 0 0
0.705495 0.155224 0.157838 0 0 0
0.706984 0.155458 0.157924 0 0 0
0.708644 0.155843 0.157941 0 0 0
0.710184 0.156035 0.157913 0 0 0
0.711669 0.155973 0.157920 0 0 0
0.712820 0.155138 0.158048 0 0 0
0.537238 0.148171 0.158504 0 0 0
0.538210 0.148379 0.158499 0 0 0
0.539913 0.148427 0.158387 0 0 0
0.541517 0.148676 0.158352 0 0 0
0.543111 0.148652 0.158223 0 0 0
0.544769 0.148752 0.158133 0 0 0
0.546423 0.148931 0.158073 0 0 0
0.548037 0.149281 0.158079 0 0 0
0.549625 0.149454 0.158033 0 0 0
0.550964 0.149513 0.158010 0 0 0
0.553229 0.148730 0.158284 0 0 0
0.554575 0.148819 0.158276 0 0 0
0.556222 0.148941 0.158207 0 0 0
0.557862 0.149094 0.158138 0 0 0
0.559176 0.149146 0.158125 0 0 0
0.561466 0.148587 0.158511 0 0 0
0.562774 0.148638 0.158498 0 0 0
0.564417 0.148802 0.158430 0 0 0
0.566025 0.148947 0.158356 0 0 0
0.567666 0.149078 0.158288 0 0 0
0.569022 0.149144 0.158286 0 0 0
0.571221 0.148629 0.158663 0 0 0
0.572328 0.148620 0.158722 0 0 0
0.574498 0.147897 0.159031 0 0 0
0.575830 0.148140 0.159085 0 0 0
0.577504 0.148318 0.159031 0 0 0
0.579107 0.148457 0.158958 0 0 0
0.580715 0.148592 0.158884 0 0 0
0.582323 0.148726 0.158810 0 0 0
0.583931 0.148865 0.158736 0 0 0
0.585539 0.149003 0.158662 0 0 0
0.587142 0.149136 0.158587 0 0 0
0.588797 0.149224 0.158494 0 0 0
0.590402 0.149196 0.158362 0 0 0
0.591649 0.149535 0.158311 0 0 0
0.593723 0.150711 0.157825 0 0 0
0.595109 0.150702 0.157666 0 0 0
0.596537 0.150925 0.157700 0 0 0
0.598639 0.150215 0.157999 0 0 0
0.600035 0.150270 0.158010 0 0 0
0.601451 0.150471 0.158071 0 0 0
0.603222 0.149613 0.158216 0 0 0
0.605073 0.150881 0.157923 0 0 0
0.606392 0.151051 0.157823 0 0 0
0.608049 0.151170 0.157741 0 0 0
0.609414 0.151194 0.157721 0 0 0
0.611540 0.150230 0.157908 0 0 0
0.612922 0.150298 0.157903 0 0 0
0.614582 0.150625 0.157917 0 0 0
0.615879 0.150726 0.157936 0 0 0
0.617925 0.149957 0.158170 0 0 0
0.619403 0.150029 0.158209 0 0 0
0.620768 0.150239 0.158280 0 0 0
0.622771 0.149589 0.158563 0 0 0
0.624160 0.149870 0.158680 0 0 0
0.625731 0.150264 0.158722 0 0 0
0.627362 0.150439 0.158663 0 0 0
0.628959 0.150575 0.158590 0 0 0
0.630580 0.150701 0.158521 0 0 0
0.631956 0.150729 0.158505 0 0 0
0.634029 0.149772 0.158690 0 0 0
0.635427 0.149957 0.158747 0 0 0
0.636775 0.150034 0.158779 0 0 0
0.638411 0.149382 0.158946 0 0 0
0.640248 0.150465 0.158781 0 0 0
0.641949 0.149609 0.158903 0 0 0
0.643349 0.149592 0.158884 0 0 0
0.644962 0.149710 0.158814 0 0 0
0.646554 0.149846 0.158741 0 0 0
0.648147 0.149988 0.158669 0 0 0
0.649744 0.150139 0.158600 0 0 0
0.651339 0.150268 0.158525 0 0 0
0.652961 0.150430 0.158452 0 0 0
0.654208 0.150575 0.158363 0 0 0
0.656483 0.151965 0.157921 0 0 0
0.657746 0.151950 0.157769 0 0 0
0.659309 0.152022 0.157662 0 0 0
0.660879 0.152005 0.157548 0 0 0
0.662398 0.152145 0.157608 0 0 0
0.663947 0.151537 0.157809 0 0 0
0.666030 0.152568 0.157428 0 0 0
0.667143 0.152589 0.157403 0 0 0
0.669061 0.151869 0.157642 0 0 0
0.670395 0.151947 0.157669 0 0 0
0.672042 0.152284 0.157685 0 0 0
0.673508 0.152373 0.157717 0 0 0
0.675351 0.151912 0.158052 0 0 0
0.676784 0.151967 0.158087 0 0 0
0.678246 0.152177 0.158173 0 0 0
0.679903 0.151464 0.158547 0 0 0
0.681570 0.150842 0.158960 0 0 0
0.682981 0.150828 0.158992 0 0 0
0.684408 0.150826 0.159019 0 0 0
0.686246 0.150367 0.159341 0 0 0
0.687271 0.150401 0.159345 0 0 0
0.689713 0.151386 0.158718 0 0 0
0.690919 0.151505 0.158626 0 0 0
0.692121 0.151623 0.158535 0 0 0
0.694557 0.152628 0.157893 0 0 0
0.695744 0.152756 0.157807 0 0 0
0.697369 0.152867 0.157727 0 0 0
0.698958 0.152995 0.157653 0 0 0
0.700548 0.153131 0.157580 0 0 0
0.702135 0.153269 0.157508 0 0 0
0.703761 0.153452 0.157456 0 0 0
0.705226 0.153653 0.157531 0 0 0
0.706925 0.153029 0.157795 0 0 0
0.708353 0.152999 0.157813 0 0 0
0.709963 0.153121 0.157749 0 0 0
0.711645 0.153309 0.157688 0 0 0
0.712641 0.153579 0.157701 0 0 0
0.535951 0.145349 0.158471 0 0 0
0.536952 0.145459 0.158426 0 0 0
0.538628 0.145609 0.158349 0 0 0
0.540245 0.145747 0.158274 0 0 0
0.541858 0.145883 0.158200 0 0 0
0.543471 0.146023 0.158125 0 0 0
0.545084 0.146160 0.158051 0 0 0
0.546697 0.146296 0.157977 0 0 0
0.548305 0.146440 0.157903 0 0 0
0.549943 0.146608 0.157836 0 0 0
0.551302 0.146682 0.157837 0 0 0
0.553305 0.146091 0.158285 0 0 0
0.555056 0.145588 0.158631 0 0 0
0.556449 0.146148 0.158296 0 0 0
0.558486 0.145726 0.158582 0 0 0
0.559816 0.145772 0.158574 0 0 0
0.561453 0.145936 0.158505 0 0 0
0.563056 0.146083 0.158432 0 0 0
0.564664 0.146218 0.158358 0 0 0
0.566273 0.146355 0.158284 0 0 0
0.567907 0.146489 0.158216 0 0 0
0.569256 0.146557 0.158215 0 0 0
0.571426 0.146047 0.158583 0 0 0
0.572836 0.146152 0.158602 0 0 0
0.574190 0.146380 0.158659 0 0 0
0.576373 0.145385 0.158861 0 0 0
0.577704 0.145429 0.158840 0 0 0
0.579332 0.145557 0.158769 0 0 0
0.580935 0.145693 0.158695 0 0 0
0.582538 0.145829 0.158621 0 0 0
0.584140 0.145965 0.158547 0 0 0
0.585744 0.146101 0.158473 0 0 0
0.587370 0.146250 0.158395 0 0 0
0.588695 0.146434 0.158295 0 0 0
0.590486 0.147709 0.158010 0 0 0
0.592386 0.146761 0.158115 0 0 0
0.593482 0.146805 0.158061 0 0 0
0.595341 0.147770 0.157695 0 0 0
0.597109 0.147189 0.157920 0 0 0
0.598493 0.147437 0.157983 0 0 0
0.600145 0.147625 0.157932 0 0 0
0.601781 0.147803 0.157871 0 0 0
0.603376 0.148054 0.157834 0 0 0
0.604982 0.147824 0.157629 0 0 0
0.606575 0.147865 0.157515 0 0 0
0.608173 0.148004 0.157441 0 0 0
0.609799 0.148188 0.157383 0 0 0
0.611406 0.148549 0.157394 0 0 0
0.612963 0.148733 0.157346 0 0 0
0.614594 0.148829 0.157270 0 0 0
0.615996 0.148898 0.157297 0 0 0
0.617987 0.148410 0.157619 0 0 0
0.619353 0.148533 0.157683 0 0 0
0.620815 0.148738 0.157779 0 0 0
0.622834 0.148099 0.158074 0 0 0
0.623941 0.148184 0.158177 0 0 0
0.626063 0.147251 0.158386 0 0 0
0.627422 0.147272 0.158372 0 0 0
0.629043 0.147390 0.158300 0 0 0
0.630635 0.147505 0.158220 0 0 0
0.632257 0.147671 0.158159 0 0 0
0.633803 0.148065 0.158191 0 0 0
0.635371 0.148443 0.158229 0 0 0
0.636862 0.148523 0.158275 0 0 0
0.638771 0.147717 0.158475 0 0 0
0.640158 0.147599 0.158413 0 0 0
0.641770 0.147952 0.158433 0 0 0
0.643316 0.148355 0.158467 0 0 0
0.644938 0.148529 0.158408 0 0 0
0.646522 0.148663 0.158335 0 0 0
0.648163 0.148753 0.158240 0 0 0
0.649708 0.148731 0.158116 0 0 0
0.651312 0.148986 0.158081 0 0 0
0.652951 0.148973 0.157945 0 0 0
0.654494 0.149018 0.157827 0 0 0
0.655792 0.148981 0.157633 0 0 0
0.658058 0.150058 0.157103 0 0 0
0.659320 0.150197 0.157021 0 0 0
0.660723 0.150267 0.157028 0 0 0
0.662557 0.149647 0.157294 0 0 0
0.664076 0.149965 0.157429 0 0 0
0.665603 0.149825 0.157285 0 0 0
0.667242 0.150114 0.157260 0 0 0
0.668908 0.150482 0.157277 0 0 0
0.670235 0.150552 0.157311 0 0 0
0.671936 0.149706 0.157644 0 0 0
0.673639 0.149115 0.158069 0 0 0
0.675088 0.149155 0.158105 0 0 0
0.676483 0.149163 0.158137 0 0 0
0.678160 0.148539 0.158555 0 0 0
0.679805 0.147826 0.158928 0 0 0
0.681220 0.148060 0.159008 0 0 0
0.682869 0.148265 0.158966 0 0 0
0.684299 0.148295 0.158992 0 0 0
0.686100 0.147827 0.159319 0 0 0
0.687522 0.147836 0.159331 0 0 0
0.688706 0.147941 0.159254 0 0 0
0.691138 0.148920 0.158612 0 0 0
0.692299 0.149020 0.158525 0 0 0
0.694011 0.149079 0.158410 0 0 0
0.695236 0.148988 0.158244 0 0 0
0.697563 0.150220 0.157708 0 0 0
0.698735 0.150372 0.157626 0 0 0
0.700358 0.150516 0.157546 0 0 0
0.701966 0.150639 0.157482 0 0 0
0.703385 0.150615 0.157497 0 0 0
0.705162 0.149906 0.157732 0 0 0
0.706517 0.149990 0.157771 0 0 0
0.708139 0.150334 0.157779 0 0 0
0.709752 0.150509 0.157717 0 0 0
0.711397 0.150650 0.157642 0 0 0
0.712348 0.150744 0.157598 0 0 0
0.536283 0.142866 0.158401 0 0 0
0.537281 0.142947 0.158355 0 0 0
0.538958 0.143090 0.158277 0 0 0
0.540569 0.143226 0.158203 0 0 0
0.542177 0.143363 0.158129 0 0 0
0.543785 0.143499 0.158055 0 0 0
0.545394 0.143636 0.157981 0 0 0
0.547035 0.143766 0.157912 0 0 0
0.548323 0.143810 0.157899 0 0 0
0.550671 0.143245 0.158300 0 0 0
0.551651 0.143245 0.158342 0 0 0
0.553981 0.142785 0.158742 0 0 0
0.555261 0.142855 0.158732 0 0 0
0.556900 0.142972 0.158663 0 0 0
0.558507 0.143136 0.158589 0 0 0
0.560102 0.143282 0.158516 0 0 0
0.561706 0.143417 0.158443 0 0 0
0.563308 0.143553 0.158369 0 0 0
0.564911 0.143689 0.158295 0 0 0
0.566514 0.143825 0.158221 0 0 0
0.568149 0.143951 0.158153 0 0 0
0.569496 0.143988 0.158152 0 0 0
0.571660 0.143464 0.158520 0 0 0
0.572995 0.143533 0.158521 0 0 0
0.574660 0.143708 0.158468 0 0 0
0.576263 0.144053 0.158473 0 0 0
0.577801 0.144238 0.158427 0 0 0
0.579408 0.144373 0.158354 0 0 0
0.581008 0.144509 0.158280 0 0 0
0.582608 0.144645 0.158206 0 0 0
0.584209 0.144780 0.158133 0 0 0
0.585809 0.144916 0.158059 0 0 0
0.587415 0.145055 0.157985 0 0 0
0.588957 0.145136 0.157890 0 0 0
0.590621 0.145104 0.157749 0 0 0
0.592277 0.145415 0.157735 0 0 0
0.593753 0.145548 0.157671 0 0 0
0.595447 0.145512 0.157535 0 0 0
0.596838 0.145709 0.157577 0 0 0
0.598894 0.144998 0.157869 0 0 0
0.600255 0.145043 0.157869 0 0 0
0.601947 0.145145 0.157775 0 0 0
0.603242 0.145144 0.157613 0 0 0
0.605295 0.146496 0.157200 0 0 0
0.606586 0.146668 0.157105 0 0 0
0.608203 0.146815 0.157026 0 0 0
0.609837 0.146906 0.156932 0 0 0
0.611460 0.146835 0.156778 0 0 0
0.612983 0.146968 0.156710 0 0 0
0.614612 0.147282 0.156715 0 0 0
0.616057 0.147363 0.156750 0 0 0
0.618116 0.146614 0.157004 0 0 0
0.619197 0.146583 0.157059 0 0 0
0.621290 0.145870 0.157333 0 0 0
0.622524 0.145937 0.157457 0 0 0
0.624407 0.145256 0.157566 0 0 0
0.625853 0.145553 0.157830 0 0 0
0.627469 0.145763 0.157841 0 0 0
0.629011 0.145942 0.157797 0 0 0
0.630608 0.146280 0.157800 0 0 0
0.632246 0.146436 0.157742 0 0 0
0.633606 0.146447 0.157729 0 0 0
0.635603 0.145720 0.157991 0 0 0
0.637017 0.145789 0.158009 0 0 0
0.638644 0.146110 0.158014 0 0 0
0.640191 0.146301 0.157980 0 0 0
0.641562 0.146301 0.157963 0 0 0
0.643574 0.145303 0.158131 0 0 0
0.644937 0.145329 0.158119 0 0 0
0.646573 0.145487 0.158052 0 0 0
0.647833 0.145648 0.157963 0 0 0
0.649879 0.146870 0.157646 0 0 0
0.651193 0.146119 0.157678 0 0 0
0.653221 0.147039 0.157285 0 0 0
0.654506 0.147205 0.157188 0 0 0
0.655768 0.147370 0.157098 0 0 0
0.657986 0.148547 0.156611 0 0 0
0.659282 0.148704 0.156503 0 0 0
0.660777 0.148736 0.156531 0 0 0
0.662479 0.147885 0.156837 0 0 0
0.663796 0.147148 0.157067 0 0 0
0.665752 0.148280 0.156931 0 0 0
0.667285 0.147655 0.157122 0 0 0
0.668752 0.147646 0.157149 0 0 0
0.670188 0.147665 0.157186 0 0 0
0.671873 0.147081 0.157608 0 0 0
0.673513 0.146336 0.157977 0 0 0
0.674938 0.146529 0.158062 0 0 0
0.676412 0.146601 0.158108 0 0 0
0.678251 0.146184 0.158463 0 0 0
0.679497 0.146267 0.158624 0 0 0
0.681110 0.145462 0.158990 0 0 0
0.682828 0.144593 0.159331 0 0 0
0.684144 0.144663 0.159370 0 0 0
0.685768 0.145016 0.159380 0 0 0
0.687425 0.145162 0.159294 0 0 0
0.689029 0.145077 0.159134 0 0 0
0.690177 0.145128 0.159030 0 0 0
0.692579 0.146419 0.158502 0 0 0
0.693354 0.146576 0.158415 0 0 0
0.695702 0.147821 0.157868 0 0 0
0.696922 0.147730 0.157702 0 0 0
0.698596 0.147786 0.157595 0 0 0
0.700170 0.147908 0.157520 0 0 0
0.701745 0.148045 0.157448 0 0 0
0.703352 0.148219 0.157387 0 0 0
0.704979 0.148550 0.157395 0 0 0
0.706325 0.148613 0.157432 0 0 0
0.708061 0.147924 0.157663 0 0 0
0.709509 0.147919 0.157685 0 0 0
0.711172 0.148047 0.157619 0 0 0
0.712115 0.148141 0.157576 0 0 0
0.549622 0.140542 0.158356 0 0 0
0.550324 0.140566 0.158368 0 0 0
0.552394 0.139984 0.158826 0 0 0
0.554390 0.139428 0.159279 0 0 0
0.555674 0.139464 0.159275 0 0 0
0.557303 0.139594 0.159207 0 0 0
0.558900 0.139729 0.159134 0 0 0
0.560494 0.139865 0.159060 0 0 0
0.562088 0.139999 0.158987 0 0 0
0.563685 0.140124 0.158912 0 0 0
0.565335 0.140177 0.158818 0 0 0
0.566975 0.140104 0.158652 0 0 0
0.568253 0.140231 0.158521 0 0 0
0.570014 0.141251 0.158170 0 0 0
0.571899 0.140592 0.158359 0 0 0
0.573246 0.140642 0.158344 0 0 0
0.574867 0.140770 0.158275 0 0 0
0.576464 0.140903 0.158201 0 0 0
0.578059 0.141038 0.158128 0 0 0
0.579654 0.141173 0.158054 0 0 0
0.581249 0.141309 0.157981 0 0 0
0.582843 0.141444 0.157907 0 0 0
0.584438 0.141580 0.157834 0 0 0
0.586033 0.141715 0.157760 0 0 0
0.587628 0.141850 0.157687 0 0 0
0.589230 0.141985 0.157614 0 0 0
0.590760 0.142173 0.157571 0 0 0
0.592360 0.142516 0.157576 0 0 0
0.593994 0.142696 0.157517 0 0 0
0.595608 0.142833 0.157451 0 0 0
0.596960 0.142890 0.157455 0 0 0
0.599088 0.142337 0.157795 0 0 0
0.600491 0.142203 0.157709 0 0 0
0.601787 0.142319 0.157562 0 0 0
0.603818 0.143417 0.157085 0 0 0
0.605106 0.143379 0.156909 0 0 0
0.606768 0.143479 0.156807 0 0 0
0.608380 0.143626 0.156725 0 0 0
0.609702 0.143813 0.156600 0 0 0
0.611812 0.144930 0.156132 0 0 0
0.612876 0.144972 0.156079 0 0 0
0.614840 0.144217 0.156136 0 0 0
0.616284 0.144367 0.156327 0 0 0
0.617974 0.144693 0.156392 0 0 0
0.619384 0.144761 0.156427 0 0 0
0.621252 0.144175 0.156565 0 0 0
0.622663 0.144402 0.156831 0 0 0
0.624183 0.144700 0.157146 0 0 0
0.626093 0.143956 0.157215 0 0 0
0.627459 0.143983 0.157213 0 0 0
0.628845 0.144185 0.157276 0 0 0
0.630866 0.143331 0.157504 0 0 0
0.632247 0.143516 0.157566 0 0 0
0.633685 0.143591 0.157600 0 0 0
0.635630 0.143124 0.157947 0 0 0
0.637008 0.143167 0.157960 0 0 0
0.638614 0.143293 0.157896 0 0 0
0.640195 0.143432 0.157824 0 0 0
0.641813 0.143609 0.157763 0 0 0
0.643409 0.143952 0.157764 0 0 0
0.644968 0.144103 0.157704 0 0 0
0.646574 0.144028 0.157552 0 0 0
0.648077 0.144081 0.157448 0 0 0
0.649741 0.144052 0.157300 0 0 0
0.651019 0.144327 0.157251 0 0 0
0.653160 0.145557 0.156804 0 0 0
0.654455 0.145718 0.156679 0 0 0
0.656026 0.145813 0.156578 0 0 0
0.657624 0.145757 0.156431 0 0 0
0.659257 0.145854 0.156338 0 0 0
0.660883 0.146017 0.156288 0 0 0
0.662377 0.146231 0.156399 0 0 0
0.664158 0.145491 0.156630 0 0 0
0.665325 0.145259 0.156653 0 0 0
0.667218 0.144688 0.156947 0 0 0
0.668620 0.144797 0.157029 0 0 0
0.670072 0.145033 0.157134 0 0 0
0.671964 0.144655 0.157510 0 0 0
0.673206 0.144754 0.157664 0 0 0
0.675019 0.144095 0.157964 0 0 0
0.676288 0.143980 0.158067 0 0 0
0.678058 0.143336 0.158360 0 0 0
0.679330 0.143470 0.158525 0 0 0
0.681218 0.143086 0.158902 0 0 0
0.682634 0.143283 0.158998 0 0 0
0.683974 0.143353 0.159042 0 0 0
0.685819 0.142637 0.159275 0 0 0
0.686819 0.142666 0.159276 0 0 0
0.689204 0.143924 0.158770 0 0 0
0.690352 0.143975 0.158667 0 0 0
0.691956 0.143887 0.158505 0 0 0
0.693591 0.143968 0.158406 0 0 0
0.695194 0.144075 0.158325 0 0 0
0.696350 0.144201 0.158241 0 0 0
0.698785 0.145214 0.157594 0 0 0
0.699946 0.145340 0.157510 0 0 0
0.701555 0.145448 0.157430 0 0 0
0.703129 0.145574 0.157357 0 0 0
0.704722 0.145694 0.157295 0 0 0
0.706162 0.145686 0.157318 0 0 0
0.707894 0.144990 0.157546 0 0 0
0.709309 0.144993 0.157551 0 0 0
0.710887 0.145208 0.157528 0 0 0
0.711860 0.145479 0.157542 0 0 0
0.565796 0.137953 0.158686 0 0 0
0.567205 0.138908 0.158298 0 0 0
0.568495 0.139059 0.158158 0 0 0
0.570182 0.139041 0.158007 0 0 0
0.571828 0.139340 0.157997 0 0 0
0.573357 0.139480 0.157946 0 0 0
0.574950 0.139601 0.157872 0 0 0
0.576544 0.139738 0.157799 0 0 0
0.578136 0.139873 0.157726 0 0 0
0.579728 0.140008 0.157652 0 0 0
0.581321 0.140143 0.157579 0 0 0
0.582913 0.140279 0.157506 0 0 0
0.584505 0.140414 0.157432 0 0 0
0.586098 0.140549 0.157359 0 0 0
0.587691 0.140684 0.157286 0 0 0
0.589308 0.140811 0.157216 0 0 0
0.590638 0.140859 0.157201 0 0 0
0.592773 0.140081 0.157469 0 0 0
0.594121 0.140130 0.157469 0 0 0
0.595759 0.140258 0.157410 0 0 0
0.597150 0.140308 0.157422 0 0 0
0.598866 0.139930 0.157702 0 0 0
0.600766 0.140976 0.157332 0 0 0
0.601776 0.141114 0.157189 0 0 0
0.603851 0.141974 0.156620 0 0 0
0.605186 0.142158 0.156487 0 0 0
0.606795 0.142306 0.156404 0 0 0
0.608455 0.142408 0.156302 0 0 0
0.609732 0.142365 0.156128 0 0 0
0.611817 0.143387 0.155614 0 0 0
0.613230 0.143373 0.155456 0 0 0
0.614658 0.143463 0.155588 0 0 0
0.616520 0.142795 0.155489 0 0 0
0.617881 0.142829 0.155509 0 0 0
0.619524 0.143122 0.155726 0 0 0
0.621017 0.143424 0.156030 0 0 0
0.622768 0.142542 0.156155 0 0 0
0.624499 0.141679 0.156274 0 0 0
0.625905 0.141990 0.156564 0 0 0
0.627291 0.142270 0.156701 0 0 0
0.629419 0.141374 0.156936 0 0 0
0.630528 0.141479 0.157051 0 0 0
0.632423 0.140828 0.157358 0 0 0
0.633666 0.140953 0.157531 0 0 0
0.635633 0.140321 0.157854 0 0 0
0.636988 0.140541 0.157918 0 0 0
0.638683 0.140668 0.157843 0 0 0
0.640275 0.140579 0.157690 0 0 0
0.641801 0.140658 0.157597 0 0 0
0.643414 0.140806 0.157519 0 0 0
0.644655 0.140943 0.157427 0 0 0
0.646889 0.142367 0.156997 0 0 0
0.648143 0.142324 0.156836 0 0 0
0.649654 0.142490 0.156774 0 0 0
0.651250 0.142739 0.156737 0 0 0
0.652906 0.142490 0.156516 0 0 0
0.654472 0.142532 0.156404 0 0 0
0.656056 0.142667 0.156330 0 0 0
0.657638 0.142804 0.156257 0 0 0
0.659219 0.142940 0.156184 0 0 0
0.660802 0.143075 0.156114 0 0 0
0.662334 0.143307 0.156089 0 0 0
0.663990 0.143847 0.156173 0 0 0
0.665412 0.144004 0.156263 0 0 0
0.667247 0.143511 0.156582 0 0 0
0.668423 0.143456 0.156677 0 0 0
0.670167 0.142596 0.157031 0 0 0
0.671824 0.141817 0.157411 0 0 0
0.673052 0.141906 0.157570 0 0 0
0.674902 0.141497 0.157929 0 0 0
0.676376 0.141594 0.157973 0 0 0
0.677492 0.141874 0.158021 0 0 0
0.679791 0.139857 0.158869 0 0 0
0.680795 0.140039 0.158884 0 0 0
0.682444 0.140385 0.158899 0 0 0
0.683887 0.140454 0.158939 0 0 0
0.685639 0.140017 0.159259 0 0 0
0.687137 0.139992 0.159255 0 0 0
0.688351 0.139872 0.159101 0 0 0
0.690661 0.141073 0.158560 0 0 0
0.691808 0.141221 0.158475 0 0 0
0.693477 0.141317 0.158369 0 0 0
0.695049 0.141220 0.158212 0 0 0
0.696562 0.141306 0.158124 0 0 0
0.698163 0.141423 0.158045 0 0 0
0.699361 0.141527 0.157958 0 0 0
0.701744 0.142822 0.157436 0 0 0
0.702890 0.142969 0.157355 0 0 0
0.704492 0.143114 0.157277 0 0 0
0.706091 0.143289 0.157216 0 0 0
0.707689 0.143632 0.157215 0 0 0
0.709205 0.143822 0.157189 0 0 0
0.710666 0.143763 0.157201 0 0 0
0.711785 0.142908 0.157327 0 0 0
0.574146 0.136696 0.157759 0 0 0
0.575116 0.136774 0.157714 0 0 0
0.576771 0.136914 0.157638 0 0 0
0.578362 0.137049 0.157565 0 0 0
0.579949 0.137184 0.157492 0 0 0
0.581536 0.137319 0.157418 0 0 0
0.583123 0.137454 0.157345 0 0 0
0.584710 0.137588 0.157272 0 0 0
0.586297 0.137723 0.157199 0 0 0
0.587886 0.137857 0.157126 0 0 0
0.589497 0.137987 0.157061 0 0 0
0.590842 0.138045 0.157066 0 0 0
0.592974 0.137527 0.157438 0 0 0
0.594272 0.137559 0.157436 0 0 0
0.595910 0.137683 0.157377 0 0 0
0.597260 0.137730 0.157378 0 0 0
0.599389 0.136948 0.157638 0 0 0
0.600415 0.137000 0.157590 0 0 0
0.602227 0.138208 0.157073 0 0 0
0.604021 0.139158 0.156455 0 0 0
0.605320 0.139285 0.156329 0 0 0
0.607004 0.139385 0.156218 0 0 0
0.608296 0.139356 0.156048 0 0 0
0.610364 0.140602 0.155568 0 0 0
0.611375 0.140462 0.155331 0 0 0
0.613482 0.141783 0.154883 0 0 0
0.614812 0.141957 0.154834 0 0 0
0.616466 0.142151 0.154958 0 0 0
0.617795 0.142202 0.155002 0 0 0
0.619619 0.141278 0.155051 0 0 0
0.621346 0.140421 0.155171 0 0 0
0.622804 0.140766 0.155515 0 0 0
0.624272 0.141116 0.155862 0 0 0
0.625931 0.140312 0.156012 0 0 0
0.627790 0.139419 0.156306 0 0 0
0.629168 0.139711 0.156446 0 0 0
0.630567 0.140009 0.156594 0 0 0
0.632338 0.139449 0.157002 0 0 0
0.634125 0.138473 0.157326 0 0 0
0.635289 0.138728 0.157506 0 0 0
0.637312 0.137815 0.157725 0 0 0
0.638330 0.137854 0.157694 0 0 0
0.640516 0.139354 0.157312 0 0 0
0.641755 0.139503 0.157222 0 0 0
0.643367 0.139653 0.157144 0 0 0
0.644915 0.139733 0.157042 0 0 0
0.646184 0.139667 0.156863 0 0 0
0.648448 0.140779 0.156336 0 0 0
0.649502 0.140782 0.156301 0 0 0
0.651150 0.139887 0.156413 0 0 0
0.653155 0.141209 0.156114 0 0 0
0.654404 0.141372 0.156025 0 0 0
0.656007 0.141523 0.155949 0 0 0
0.657588 0.141658 0.155876 0 0 0
0.659168 0.141792 0.155804 0 0 0
0.660767 0.141913 0.155736 0 0 0
0.662147 0.141906 0.155725 0 0 0
0.664033 0.140965 0.155930 0 0 0
0.665251 0.141031 0.156068 0 0 0
0.667190 0.140328 0.156357 0 0 0
0.668369 0.140284 0.156452 0 0 0
0.670158 0.139895 0.156825 0 0 0
0.671472 0.140204 0.157081 0 0 0
0.673150 0.139467 0.157486 0 0 0
0.674798 0.138691 0.157869 0 0 0
0.675987 0.138769 0.158025 0 0 0
0.677885 0.138382 0.158407 0 0 0
0.679351 0.138644 0.158518 0 0 0
0.680635 0.138738 0.158563 0 0 0
0.682478 0.137994 0.158812 0 0 0
0.683729 0.137878 0.158917 0 0 0
0.685574 0.137182 0.159172 0 0 0
0.686568 0.137194 0.159158 0 0 0
0.688842 0.138658 0.158736 0 0 0
0.690036 0.138583 0.158576 0 0 0
0.691731 0.138681 0.158462 0 0 0
0.692866 0.138822 0.158379 0 0 0
0.695239 0.140088 0.157856 0 0 0
0.696427 0.140179 0.157767 0 0 0
0.698028 0.140326 0.157693 0 0 0
0.699538 0.140418 0.157606 0 0 0
0.701103 0.140322 0.157448 0 0 0
0.702736 0.140405 0.157348 0 0 0
0.704293 0.140531 0.157275 0 0 0
0.705849 0.140658 0.157201 0 0 0
0.707484 0.140733 0.157102 0 0 0
0.709052 0.140634 0.156951 0 0 0
0.710569 0.140862 0.156921 0 0 0
0.711592 0.141330 0.156996 0 0 0
0.590278 0.134640 0.157609 0 0 0
0.591232 0.134727 0.157565 0 0 0
0.592880 0.134902 0.157489 0 0 0
0.594453 0.135049 0.157417 0 0 0
0.596036 0.135178 0.157345 0 0 0
0.597659 0.135316 0.157287 0 0 0
0.599246 0.135659 0.157292 0 0 0
0.600695 0.135790 0.157229 0 0 0
0.602383 0.135649 0.157042 0 0 0
0.603737 0.135525 0.156837 0 0 0
0.605844 0.136606 0.156289 0 0 0
0.606815 0.136626 0.156100 0 0 0
0.608869 0.137917 0.155623 0 0 0
0.609895 0.137751 0.155373 0 0 0
0.611941 0.139031 0.154904 0 0 0
0.613274 0.138965 0.154710 0 0 0
0.615012 0.138870 0.154478 0 0 0
0.616503 0.138906 0.154229 0 0 0
0.618045 0.139096 0.154327 0 0 0
0.619725 0.139514 0.154464 0 0 0
0.621116 0.139856 0.154758 0 0 0
0.622785 0.139050 0.154909 0 0 0
0.624679 0.138172 0.155224 0 0 0
0.625880 0.138327 0.155418 0 0 0
0.627783 0.138146 0.155883 0 0 0
0.628959 0.138108 0.155987 0 0 0
0.630814 0.137021 0.156281 0 0 0
0.632510 0.136502 0.156714 0 0 0
0.633740 0.136825 0.156951 0 0 0
0.635726 0.136254 0.157295 0 0 0
0.637122 0.136495 0.157377 0 0 0
0.638585 0.136634 0.157328 0 0 0
0.640180 0.136542 0.157175 0 0 0
0.641810 0.136630 0.157080 0 0 0
0.643377 0.136759 0.157007 0 0 0
0.644977 0.136898 0.156925 0 0 0
0.646225 0.137033 0.156814 0 0 0
0.648404 0.137946 0.156223 0 0 0
0.649694 0.138124 0.156123 0 0 0
0.651261 0.138426 0.156097 0 0 0
0.652770 0.138395 0.155979 0 0 0
0.654470 0.138434 0.155859 0 0 0
0.656051 0.138338 0.155701 0 0 0
0.657568 0.138424 0.155611 0 0 0
0.659157 0.138564 0.155541 0 0 0
0.660653 0.138760 0.155505 0 0 0
0.662304 0.139145 0.155530 0 0 0
0.663728 0.139407 0.155615 0 0 0
0.665556 0.138809 0.155912 0 0 0
0.666997 0.139017 0.156012 0 0 0
0.668390 0.139114 0.156104 0 0 0
0.670026 0.138459 0.156478 0 0 0
0.671533 0.137323 0.156855 0 0 0
0.673165 0.137021 0.157355 0 0 0
0.674473 0.137123 0.157564 0 0 0
0.676109 0.136120 0.157882 0 0 0
0.677718 0.135488 0.158248 0 0 0
0.679102 0.135569 0.158343 0 0 0
0.680540 0.135767 0.158444 0 0 0
0.682377 0.135091 0.158700 0 0 0
0.683764 0.135138 0.158712 0 0 0
0.685364 0.135479 0.158723 0 0 0
0.686817 0.135635 0.158671 0 0 0
0.688384 0.135535 0.158517 0 0 0
0.689994 0.135616 0.158420 0 0 0
0.691546 0.135747 0.158347 0 0 0
0.693130 0.135885 0.158271 0 0 0
0.694307 0.135973 0.158182 0 0 0
0.696679 0.137245 0.157659 0 0 0
0.697812 0.137386 0.157576 0 0 0
0.699474 0.137477 0.157469 0 0 0
0.701037 0.137377 0.157310 0 0 0
0.702534 0.137470 0.157224 0 0 0
0.704099 0.137622 0.157158 0 0 0
0.705691 0.137788 0.157088 0 0 0
0.706861 0.137917 0.157008 0 0 0
0.709243 0.139452 0.156598 0 0 0
0.710302 0.139385 0.156591 0 0 0
0.711443 0.138564 0.156721 0 0 0
0.598312 0.132810 0.157229 0 0 0
0.599266 0.132881 0.157185 0 0 0
0.600938 0.133032 0.157101 0 0 0
0.602173 0.133222 0.156997 0 0 0
0.604245 0.134301 0.156475 0 0 0
0.605202 0.134327 0.156284 0 0 0
0.607349 0.135361 0.155716 0 0 0
0.608310 0.135372 0.155525 0 0 0
0.610449 0.136398 0.154965 0 0 0
0.611827 0.136309 0.154751 0 0 0
0.613253 0.136193 0.154491 0 0 0
0.615023 0.137379 0.154010 0 0 0
0.616562 0.138438 0.153882 0 0 0
0.618241 0.137785 0.153839 0 0 0
0.619423 0.137845 0.153927 0 0 0
0.621585 0.136898 0.154161 0 0 0
0.622747 0.137048 0.154315 0 0 0
0.624654 0.136664 0.154705 0 0 0
0.625597 0.136899 0.154871 0 0 0
0.628095 0.134915 0.155659 0 0 0
0.629196 0.135136 0.155727 0 0 0
0.630704 0.135607 0.155929 0 0 0
0.632382 0.135105 0.156365 0 0 0
0.633970 0.134179 0.156810 0 0 0
0.635765 0.133310 0.157159 0 0 0
0.637103 0.133338 0.157158 0 0 0
0.638693 0.133461 0.157091 0 0 0
0.640260 0.133596 0.157019 0 0 0
0.641826 0.133730 0.156947 0 0 0
0.643394 0.133864 0.156875 0 0 0
0.644986 0.134010 0.156798 0 0 0
0.646211 0.134148 0.156706 0 0 0
0.648391 0.135373 0.156213 0 0 0
0.649634 0.135512 0.156106 0 0 0
0.651232 0.135647 0.156024 0 0 0
0.652837 0.135793 0.155944 0 0 0
0.654017 0.135954 0.155855 0 0 0
0.656276 0.137195 0.155343 0 0 0
0.657500 0.137297 0.155249 0 0 0
0.659117 0.137425 0.155177 0 0 0
0.660485 0.137446 0.155173 0 0 0
0.662390 0.136695 0.155435 0 0 0
0.663617 0.136594 0.155533 0 0 0
0.665436 0.135939 0.155827 0 0 0
0.666825 0.136159 0.155908 0 0 0
0.668287 0.136249 0.155956 0 0 0
0.670192 0.135861 0.156334 0 0 0
0.671143 0.136054 0.156484 0 0 0
0.673427 0.134063 0.157325 0 0 0
0.674437 0.134241 0.157356 0 0 0
0.676000 0.134675 0.157549 0 0 0
0.677707 0.134109 0.157848 0 0 0
0.678877 0.134199 0.157992 0 0 0
0.680732 0.133381 0.158231 0 0 0
0.682147 0.133749 0.158364 0 0 0
0.683662 0.133977 0.158351 0 0 0
0.685216 0.134091 0.158277 0 0 0
0.686779 0.134220 0.158205 0 0 0
0.688337 0.134370 0.158138 0 0 0
0.689886 0.134512 0.158070 0 0 0
0.691436 0.134646 0.157999 0 0 0
0.693000 0.134782 0.157928 0 0 0
0.694496 0.134868 0.157841 0 0 0
0.696056 0.134766 0.157685 0 0 0
0.697712 0.134858 0.157579 0 0 0
0.698833 0.134997 0.157496 0 0 0
0.701209 0.136292 0.156971 0 0 0
0.702393 0.136390 0.156883 0 0 0
0.704030 0.136444 0.156776 0 0 0
0.705595 0.136341 0.156620 0 0 0
0.707067 0.136386 0.156517 0 0 0
0.708633 0.136294 0.156363 0 0 0
0.710344 0.136429 0.156277 0 0 0
0.711256 0.136716 0.156305 0 0 0
0.613603 0.135165 0.154106 0 0 0
0.615149 0.135775 0.153557 0 0 0
0.616573 0.135817 0.153349 0 0 0
0.617997 0.135989 0.153380 0 0 0
0.620039 0.135407 0.153704 0 0 0
0.621391 0.135606 0.153788 0 0 0
0.622762 0.135686 0.153860 0 0 0
0.624546 0.135105 0.154270 0 0 0
0.626235 0.134236 0.154778 0 0 0
0.627962 0.133885 0.155292 0 0 0
0.629015 0.133861 0.155376 0 0 0
0.630896 0.132981 0.155757 0 0 0
0.632439 0.132287 0.156269 0 0 0
0.634211 0.131769 0.156734 0 0 0
0.635589 0.132024 0.156830 0 0 0
0.637100 0.132219 0.156802 0 0 0
0.638672 0.132352 0.156732 0 0 0
0.640236 0.132484 0.156660 0 0 0
0.641800 0.132617 0.156587 0 0 0
0.643364 0.132750 0.156515 0 0 0
0.644936 0.132887 0.156443 0 0 0
0.646441 0.132966 0.156351 0 0 0
0.648021 0.132875 0.156197 0 0 0
0.649644 0.132966 0.156101 0 0 0
0.651202 0.133095 0.156027 0 0 0
0.652769 0.133228 0.155955 0 0 0
0.654363 0.133361 0.155875 0 0 0
0.655529 0.133478 0.155784 0 0 0
0.657849 0.134437 0.155148 0 0 0
0.659052 0.134567 0.155064 0 0 0
0.660471 0.134581 0.155081 0 0 0
0.662304 0.134126 0.155418 0 0 0
0.663744 0.134200 0.155464 0 0 0
0.665139 0.134375 0.155545 0 0 0
0.666769 0.133343 0.155840 0 0 0
0.668441 0.132711 0.156235 0 0 0
0.669646 0.132670 0.156377 0 0 0
0.671502 0.132216 0.156720 0 0 0
0.672928 0.132546 0.156883 0 0 0
0.674232 0.132833 0.156997 0 0 0
0.676119 0.131994 0.157235 0 0 0
0.677331 0.132186 0.157418 0 0 0
0.679206 0.131384 0.157676 0 0 0
0.680435 0.131403 0.157787 0 0 0
0.682136 0.130722 0.157813 0 0 0
0.683555 0.130745 0.157808 0 0 0
0.685058 0.130845 0.157795 0 0 0
0.686608 0.131004 0.157920 0 0 0
0.688224 0.131139 0.157902 0 0 0
0.689765 0.131267 0.157834 0 0 0
0.691316 0.131400 0.157766 0 0 0
0.692782 0.131605 0.157736 0 0 0
0.694354 0.131951 0.157735 0 0 0
0.696012 0.132076 0.157651 0 0 0
0.697467 0.132047 0.157539 0 0 0
0.699063 0.132290 0.157493 0 0 0
0.700681 0.132204 0.157342 0 0 0
0.701809 0.132258 0.157233 0 0 0
0.703853 0.133532 0.156669 0 0 0
0.705790 0.134811 0.156141 0 0 0
0.706968 0.134946 0.156052 0 0 0
0.708628 0.135042 0.155949 0 0 0
0.710133 0.135058 0.155837 0 0 0
0.711072 0.135337 0.155858 0 0 0
0.622029 0.131988 0.154293 0 0 0
0.622748 0.131971 0.154323 0 0 0
0.624615 0.131441 0.154780 0 0 0
0.626440 0.130904 0.155243 0 0 0
0.627519 0.130841 0.155332 0 0 0
0.629581 0.130381 0.155726 0 0 0
0.630702 0.130345 0.155826 0 0 0
0.632504 0.129821 0.156292 0 0 0
0.634241 0.129264 0.156729 0 0 0
0.635560 0.129259 0.156749 0 0 0
0.637151 0.129334 0.156685 0 0 0
0.638703 0.129456 0.156614 0 0 0
0.640264 0.129590 0.156542 0 0 0
0.641822 0.129722 0.156470 0 0 0
0.643381 0.129855 0.156399 0 0 0
0.644939 0.129987 0.156327 0 0 0
0.646493 0.130114 0.156254 0 0 0
0.648113 0.130202 0.156156 0 0 0
0.649689 0.130103 0.155998 0 0 0
0.651184 0.130181 0.155906 0 0 0
0.652750 0.130320 0.155835 0 0 0
0.654309 0.130458 0.155766 0 0 0
0.655866 0.130586 0.155695 0 0 0
0.657445 0.130704 0.155617 0 0 0
0.658672 0.130852 0.155529 0 0 0
0.660775 0.131902 0.155150 0 0 0
0.662254 0.131303 0.155336 0 0 0
0.663646 0.131295 0.155341 0 0 0
0.665190 0.131503 0.155333 0 0 0
0.666686 0.131951 0.155521 0 0 0
0.668485 0.131296 0.155803 0 0 0
0.669660 0.131279 0.155932 0 0 0
0.671412 0.130818 0.156264 0 0 0
0.672625 0.130917 0.156439 0 0 0
0.674593 0.130015 0.156670 0 0 0
0.675813 0.130035 0.156779 0 0 0
0.677477 0.129376 0.156878 0 0 0
0.678910 0.129634 0.157143 0 0 0
0.680539 0.129877 0.157219 0 0 0
0.682085 0.130095 0.157350 0 0 0
0.683590 0.130210 0.157339 0 0 0
0.684980 0.130271 0.157359 0 0 0
0.686584 0.129818 0.157448 0 0 0
0.688078 0.130024 0.157544 0 0 0
0.689661 0.130191 0.157497 0 0 0
0.691221 0.130310 0.157434 0 0 0
0.692594 0.130289 0.157432 0 0 0
0.694354 0.129378 0.157613 0 0 0
0.695404 0.129530 0.157638 0 0 0
0.697607 0.130586 0.157269 0 0 0
0.698625 0.129764 0.157315 0 0 0
0.700820 0.131111 0.157019 0 0 0
0.701974 0.131189 0.156909 0 0 0
0.703184 0.131098 0.156730 0 0 0
0.705645 0.131907 0.156032 0 0 0
0.706870 0.131807 0.155851 0 0 0
0.708034 0.131872 0.155733 0 0 0
0.709849 0.133458 0.155387 0 0 0
0.637721 0.126910 0.156677 0 0 0
0.638640 0.126981 0.156634 0 0 0
0.640259 0.127119 0.156560 0 0 0
0.641817 0.127252 0.156488 0 0 0
0.643371 0.127383 0.156416 0 0 0
0.644927 0.127516 0.156345 0 0 0
0.646514 0.127658 0.156265 0 0 0
0.647675 0.127824 0.156173 0 0 0
0.649905 0.129015 0.155667 0 0 0
0.651118 0.129147 0.155575 0 0 0
0.652708 0.129280 0.155497 0 0 0
0.654265 0.129370 0.155421 0 0 0
0.655815 0.129491 0.155348 0 0 0
0.657430 0.129581 0.155254 0 0 0
0.658949 0.129426 0.155076 0 0 0
0.660495 0.129311 0.154911 0 0 0
0.662129 0.129623 0.154898 0 0 0
0.663576 0.129882 0.154903 0 0 0
0.664952 0.130086 0.154971 0 0 0
0.666829 0.129232 0.155198 0 0 0
0.668248 0.129618 0.155343 0 0 0
0.669650 0.129735 0.155442 0 0 0
0.671356 0.128813 0.155721 0 0 0
0.672867 0.128021 0.155868 0 0 0
0.674296 0.128278 0.156141 0 0 0
0.675875 0.128584 0.156261 0 0 0
0.677315 0.128848 0.156530 0 0 0
0.678956 0.128222 0.156624 0 0 0
0.680366 0.128361 0.156674 0 0 0
0.681959 0.128518 0.156630 0 0 0
0.683520 0.128640 0.156575 0 0 0
0.684953 0.128657 0.156629 0 0 0
0.686524 0.127818 0.156920 0 0 0
0.688089 0.126986 0.157219 0 0 0
0.689523 0.126991 0.157272 0 0 0
0.691085 0.127107 0.157215 0 0 0
0.692588 0.127330 0.157202 0 0 0
0.694045 0.127707 0.157344 0 0 0
0.695385 0.126950 0.157489 0 0 0
0.697554 0.128013 0.157105 0 0 0
0.698796 0.128231 0.157024 0 0 0
0.700304 0.127981 0.156826 0 0 0
0.701881 0.128028 0.156705 0 0 0
0.703081 0.128200 0.156589 0 0 0
0.705038 0.129095 0.155969 0 0 0
0.707039 0.130677 0.155518 0 0 0
0.708218 0.130739 0.155405 0 0 0
0.709147 0.130659 0.155298 0 0 0
0.654809 0.126595 0.155291 0 0 0
0.655756 0.126677 0.155242 0 0 0
0.656967 0.126843 0.155149 0 0 0
0.659245 0.128019 0.154627 0 0 0
0.660449 0.128150 0.154538 0 0 0
0.662042 0.128229 0.154461 0 0 0
0.663391 0.128236 0.154461 0 0 0
0.665307 0.127556 0.154750 0 0 0
0.666496 0.127628 0.154892 0 0 0
0.668340 0.126668 0.155096 0 0 0
0.669714 0.126704 0.155109 0 0 0
0.671311 0.127137 0.155221 0 0 0
0.672691 0.127475 0.155517 0 0 0
0.674358 0.126809 0.155622 0 0 0
0.675577 0.126840 0.155737 0 0 0
0.677522 0.125947 0.155967 0 0 0
0.678662 0.126019 0.156108 0 0 0
0.680410 0.125363 0.156367 0 0 0
0.681843 0.125379 0.156414 0 0 0
0.683398 0.125500 0.156355 0 0 0
0.684987 0.125658 0.156311 0 0 0
0.686397 0.125902 0.156443 0 0 0
0.688039 0.125463 0.156738 0 0 0
0.689437 0.125540 0.156806 0 0 0
0.690943 0.125739 0.156797 0 0 0
0.692317 0.125936 0.156866 0 0 0
0.694177 0.125032 0.157049 0 0 0
0.695542 0.125198 0.157063 0 0 0
0.697079 0.125104 0.156790 0 0 0
0.698140 0.125163 0.156796 0 0 0
0.700614 0.126706 0.156426 0 0 0
0.701792 0.126630 0.156270 0 0 0
0.702919 0.126719 0.156168 0 0 0
0.705267 0.127813 0.155599 0 0 0
0.706485 0.127536 0.155339 0 0 0
0.708116 0.127556 0.155205 0 0 0
0.708983 0.127673 0.155176 0 0 0
0.662551 0.125483 0.154360 0 0 0
0.663310 0.125469 0.154400 0 0 0
0.665203 0.125060 0.154749 0 0 0
0.666568 0.125111 0.154787 0 0 0
0.668166 0.125456 0.154804 0 0 0
0.669642 0.125635 0.154778 0 0 0
0.671002 0.125621 0.154780 0 0 0
0.672913 0.124979 0.155065 0 0 0
0.674073 0.125013 0.155210 0 0 0
0.675987 0.124377 0.155508 0 0 0
0.677349 0.124285 0.155518 0 0 0
0.678630 0.124349 0.155600 0 0 0
0.680386 0.123833 0.155877 0 0 0
0.681766 0.123916 0.155941 0 0 0
0.683327 0.124048 0.155889 0 0 0
0.684809 0.124250 0.155870 0 0 0
0.686260 0.124490 0.155992 0 0 0
0.688010 0.124053 0.156303 0 0 0
0.689360 0.124089 0.156352 0 0 0
0.690734 0.124064 0.156366 0 0 0
0.692569 0.123110 0.156540 0 0 0
0.693949 0.123312 0.156602 0 0 0
0.695113 0.123546 0.156574 0 0 0
0.697243 0.124647 0.156478 0 0 0
0.698563 0.123951 0.156372 0 0 0
0.699606 0.123702 0.156269 0 0 0
0.702011 0.125144 0.155809 0 0 0
0.703192 0.125155 0.155672 0 0 0
0.704392 0.124908 0.155450 0 0 0
0.706738 0.126355 0.154974 0 0 0
0.707952 0.126481 0.154887 0 0 0
0.708879 0.126612 0.154852 0 0 0
0.677685 0.123023 0.155101 0 0 0
0.678574 0.122967 0.155146 0 0 0
0.680385 0.122538 0.155462 0 0 0
0.681679 0.122557 0.155495 0 0 0
0.683274 0.122652 0.155443 0 0 0
0.684607 0.122613 0.155453 0 0 0
0.686245 0.121741 0.155801 0 0 0
0.687888 0.120887 0.156145 0 0 0
0.689136 0.120968 0.156197 0 0 0
0.690751 0.121360 0.156224 0 0 0
0.692345 0.121767 0.156238 0 0 0
0.693782 0.121952 0.156202 0 0 0
0.695333 0.121966 0.156087 0 0 0
0.696917 0.121678 0.155865 0 0 0
0.698460 0.121927 0.155826 0 0 0
0.699895 0.122125 0.155787 0 0 0
0.701457 0.122038 0.155627 0 0 0
0.702694 0.122135 0.155485 0 0 0
0.704918 0.123395 0.155007 0 0 0
0.706055 0.123481 0.154909 0 0 0
0.707772 0.123637 0.154813 0 0 0
0.708655 0.123740 0.154770 0 0 0
0.685122 0.119852 0.155460 0 0 0
0.686253 0.119538 0.155750 0 0 0
0.687677 0.119714 0.155883 0 0 0
0.688966 0.119775 0.155938 0 0 0
0.690749 0.119090 0.156182 0 0 0
0.692085 0.119056 0.156206 0 0 0
0.693671 0.119180 0.156139 0 0 0
0.694758 0.119327 0.156058 0 0 0
0.697116 0.120549 0.155523 0 0 0
0.698330 0.120578 0.155404 0 0 0
0.699908 0.120411 0.155226 0 0 0
0.701401 0.120503 0.155134 0 0 0
0.702592 0.120681 0.155032 0 0 0
0.704705 0.121364 0.154576 0 0 0
0.706058 0.120716 0.154684 0 0 0
0.706874 0.120732 0.154763 0 0 0
0.700257 0.119133 0.154780 0 0 0
0.701249 0.119178 0.154714 0 0 0
0.702404 0.119345 0.154637 0 0 0
0.704729 0.120060 0.154204 0 0 0
0.706129 0.119606 0.154363 0 0 0
0.706834 0.119410 0.154353 0 0 0
0.707189 0.118062 0.153914 0 0 0
